comment_id,block,code_id,label,label_source
15114,I_2,E1VIOLENCE,N,sonnet
15114,I_2,E1RADICAL,N,sonnet
15114,I_2,E2ALLEGATION,I,sonnet
15114,I_2,E2DEHUMANIZATION,N,sonnet
15114,I_2,E2DEMONIZE,I,sonnet
15114,I_2,E2STEREOTYPE,N,sonnet
15114,I_2,E2COLLECTIVEPOWER,N,sonnet
15114,I_2,E2CONSPIRACY,I,sonnet
15114,I_2,E2CONTROLMEDIA,N,sonnet
15114,I_2,E2CONTROLECONOMY,N,sonnet
15114,I_2,E2CONTROLGOV,N,sonnet
15114,I_2,E2CONTROLOTHER,N,sonnet
15114,I_2,E3COLLECTIVEBLAME,N,sonnet
15283,I_2,E1VIOLENCE,N,sonnet
15283,I_2,E1RADICAL,N,sonnet
15283,I_2,E2ALLEGATION,N,sonnet
15283,I_2,E2DEHUMANIZATION,N,sonnet
15283,I_2,E2DEMONIZE,N,sonnet
15283,I_2,E2STEREOTYPE,N,sonnet
15283,I_2,E2COLLECTIVEPOWER,N,sonnet
15283,I_2,E2CONSPIRACY,N,sonnet
15283,I_2,E2CONTROLMEDIA,N,sonnet
15283,I_2,E2CONTROLECONOMY,N,sonnet
15283,I_2,E2CONTROLGOV,N,sonnet
15283,I_2,E2CONTROLOTHER,N,sonnet
15283,I_2,E3COLLECTIVEBLAME,N,sonnet
3619,I_2,E1VIOLENCE,N,sonnet
3619,I_2,E1RADICAL,N,sonnet
3619,I_2,E2ALLEGATION,N,sonnet
3619,I_2,E2DEHUMANIZATION,N,sonnet
3619,I_2,E2DEMONIZE,N,sonnet
3619,I_2,E2STEREOTYPE,N,sonnet
3619,I_2,E2COLLECTIVEPOWER,N,sonnet
3619,I_2,E2CONSPIRACY,N,sonnet
3619,I_2,E2CONTROLMEDIA,N,sonnet
3619,I_2,E2CONTROLECONOMY,N,sonnet
3619,I_2,E2CONTROLGOV,N,sonnet
3619,I_2,E2CONTROLOTHER,N,sonnet
3619,I_2,E3COLLECTIVEBLAME,N,sonnet
25348,I_2,E1VIOLENCE,N,sonnet
25348,I_2,E1RADICAL,N,sonnet
25348,I_2,E2ALLEGATION,N,sonnet
25348,I_2,E2DEHUMANIZATION,N,sonnet
25348,I_2,E2DEMONIZE,N,sonnet
25348,I_2,E2STEREOTYPE,N,sonnet
25348,I_2,E2COLLECTIVEPOWER,N,sonnet
25348,I_2,E2CONSPIRACY,N,sonnet
25348,I_2,E2CONTROLMEDIA,N,sonnet
25348,I_2,E2CONTROLECONOMY,N,sonnet
25348,I_2,E2CONTROLGOV,N,sonnet
25348,I_2,E2CONTROLOTHER,N,sonnet
25348,I_2,E3COLLECTIVEBLAME,N,sonnet
23387,I_2,E1VIOLENCE,N,sonnet
23387,I_2,E1RADICAL,N,sonnet
23387,I_2,E2ALLEGATION,N,sonnet
23387,I_2,E2DEHUMANIZATION,N,sonnet
23387,I_2,E2DEMONIZE,N,sonnet
23387,I_2,E2STEREOTYPE,N,sonnet
23387,I_2,E2COLLECTIVEPOWER,N,sonnet
23387,I_2,E2CONSPIRACY,N,sonnet
23387,I_2,E2CONTROLMEDIA,N,sonnet
23387,I_2,E2CONTROLECONOMY,N,sonnet
23387,I_2,E2CONTROLGOV,N,sonnet
23387,I_2,E2CONTROLOTHER,N,sonnet
23387,I_2,E3COLLECTIVEBLAME,N,sonnet
8350,I_2,E1VIOLENCE,N,sonnet
8350,I_2,E1RADICAL,N,sonnet
8350,I_2,E2ALLEGATION,N,sonnet
8350,I_2,E2DEHUMANIZATION,N,sonnet
8350,I_2,E2DEMONIZE,N,sonnet
8350,I_2,E2STEREOTYPE,N,sonnet
8350,I_2,E2COLLECTIVEPOWER,N,sonnet
8350,I_2,E2CONSPIRACY,N,sonnet
8350,I_2,E2CONTROLMEDIA,N,sonnet
8350,I_2,E2CONTROLECONOMY,N,sonnet
8350,I_2,E2CONTROLGOV,N,sonnet
8350,I_2,E2CONTROLOTHER,N,sonnet
8350,I_2,E3COLLECTIVEBLAME,N,sonnet
38484,I_2,E1VIOLENCE,N,sonnet
38484,I_2,E1RADICAL,N,sonnet
38484,I_2,E2ALLEGATION,N,sonnet
38484,I_2,E2DEHUMANIZATION,N,sonnet
38484,I_2,E2DEMONIZE,N,sonnet
38484,I_2,E2STEREOTYPE,N,sonnet
38484,I_2,E2COLLECTIVEPOWER,N,sonnet
38484,I_2,E2CONSPIRACY,N,sonnet
38484,I_2,E2CONTROLMEDIA,N,sonnet
38484,I_2,E2CONTROLECONOMY,N,sonnet
38484,I_2,E2CONTROLGOV,N,sonnet
38484,I_2,E2CONTROLOTHER,N,sonnet
38484,I_2,E3COLLECTIVEBLAME,N,sonnet
47844,I_2,E1VIOLENCE,N,sonnet
47844,I_2,E1RADICAL,N,sonnet
47844,I_2,E2ALLEGATION,E,sonnet
47844,I_2,E2DEHUMANIZATION,E,sonnet
47844,I_2,E2DEMONIZE,E,sonnet
47844,I_2,E2STEREOTYPE,N,sonnet
47844,I_2,E2COLLECTIVEPOWER,N,sonnet
47844,I_2,E2CONSPIRACY,N,sonnet
47844,I_2,E2CONTROLMEDIA,N,sonnet
47844,I_2,E2CONTROLECONOMY,N,sonnet
47844,I_2,E2CONTROLGOV,N,sonnet
47844,I_2,E2CONTROLOTHER,N,sonnet
47844,I_2,E3COLLECTIVEBLAME,E,sonnet
28642,I_2,E1VIOLENCE,N,sonnet
28642,I_2,E1RADICAL,N,sonnet
28642,I_2,E2ALLEGATION,N,sonnet
28642,I_2,E2DEHUMANIZATION,N,sonnet
28642,I_2,E2DEMONIZE,N,sonnet
28642,I_2,E2STEREOTYPE,N,sonnet
28642,I_2,E2COLLECTIVEPOWER,N,sonnet
28642,I_2,E2CONSPIRACY,N,sonnet
28642,I_2,E2CONTROLMEDIA,N,sonnet
28642,I_2,E2CONTROLECONOMY,N,sonnet
28642,I_2,E2CONTROLGOV,N,sonnet
28642,I_2,E2CONTROLOTHER,N,sonnet
28642,I_2,E3COLLECTIVEBLAME,N,sonnet
18609,I_2,E1VIOLENCE,N,sonnet
18609,I_2,E1RADICAL,N,sonnet
18609,I_2,E2ALLEGATION,N,sonnet
18609,I_2,E2DEHUMANIZATION,N,sonnet
18609,I_2,E2DEMONIZE,N,sonnet
18609,I_2,E2STEREOTYPE,N,sonnet
18609,I_2,E2COLLECTIVEPOWER,N,sonnet
18609,I_2,E2CONSPIRACY,N,sonnet
18609,I_2,E2CONTROLMEDIA,N,sonnet
18609,I_2,E2CONTROLECONOMY,N,sonnet
18609,I_2,E2CONTROLGOV,N,sonnet
18609,I_2,E2CONTROLOTHER,N,sonnet
18609,I_2,E3COLLECTIVEBLAME,N,sonnet
15699,I_2,E1VIOLENCE,N,sonnet
15699,I_2,E1RADICAL,N,sonnet
15699,I_2,E2ALLEGATION,N,sonnet
15699,I_2,E2DEHUMANIZATION,N,sonnet
15699,I_2,E2DEMONIZE,N,sonnet
15699,I_2,E2STEREOTYPE,N,sonnet
15699,I_2,E2COLLECTIVEPOWER,N,sonnet
15699,I_2,E2CONSPIRACY,N,sonnet
15699,I_2,E2CONTROLMEDIA,N,sonnet
15699,I_2,E2CONTROLECONOMY,N,sonnet
15699,I_2,E2CONTROLGOV,N,sonnet
15699,I_2,E2CONTROLOTHER,N,sonnet
15699,I_2,E3COLLECTIVEBLAME,N,sonnet
22303,I_2,E1VIOLENCE,N,sonnet
22303,I_2,E1RADICAL,N,sonnet
22303,I_2,E2ALLEGATION,N,sonnet
22303,I_2,E2DEHUMANIZATION,N,sonnet
22303,I_2,E2DEMONIZE,N,sonnet
22303,I_2,E2STEREOTYPE,N,sonnet
22303,I_2,E2COLLECTIVEPOWER,N,sonnet
22303,I_2,E2CONSPIRACY,N,sonnet
22303,I_2,E2CONTROLMEDIA,N,sonnet
22303,I_2,E2CONTROLECONOMY,N,sonnet
22303,I_2,E2CONTROLGOV,N,sonnet
22303,I_2,E2CONTROLOTHER,N,sonnet
22303,I_2,E3COLLECTIVEBLAME,N,sonnet
38990,I_2,E1VIOLENCE,N,sonnet
38990,I_2,E1RADICAL,N,sonnet
38990,I_2,E2ALLEGATION,N,sonnet
38990,I_2,E2DEHUMANIZATION,N,sonnet
38990,I_2,E2DEMONIZE,N,sonnet
38990,I_2,E2STEREOTYPE,N,sonnet
38990,I_2,E2COLLECTIVEPOWER,N,sonnet
38990,I_2,E2CONSPIRACY,N,sonnet
38990,I_2,E2CONTROLMEDIA,N,sonnet
38990,I_2,E2CONTROLECONOMY,N,sonnet
38990,I_2,E2CONTROLGOV,N,sonnet
38990,I_2,E2CONTROLOTHER,N,sonnet
38990,I_2,E3COLLECTIVEBLAME,N,sonnet
29667,I_2,E1VIOLENCE,N,sonnet
29667,I_2,E1RADICAL,N,sonnet
29667,I_2,E2ALLEGATION,N,sonnet
29667,I_2,E2DEHUMANIZATION,N,sonnet
29667,I_2,E2DEMONIZE,N,sonnet
29667,I_2,E2STEREOTYPE,N,sonnet
29667,I_2,E2COLLECTIVEPOWER,N,sonnet
29667,I_2,E2CONSPIRACY,N,sonnet
29667,I_2,E2CONTROLMEDIA,N,sonnet
29667,I_2,E2CONTROLECONOMY,N,sonnet
29667,I_2,E2CONTROLGOV,N,sonnet
29667,I_2,E2CONTROLOTHER,N,sonnet
29667,I_2,E3COLLECTIVEBLAME,N,sonnet
985,I_2,E1VIOLENCE,N,sonnet
985,I_2,E1RADICAL,N,sonnet
985,I_2,E2ALLEGATION,I,sonnet
985,I_2,E2DEHUMANIZATION,N,sonnet
985,I_2,E2DEMONIZE,N,sonnet
985,I_2,E2STEREOTYPE,I,sonnet
985,I_2,E2COLLECTIVEPOWER,N,sonnet
985,I_2,E2CONSPIRACY,N,sonnet
985,I_2,E2CONTROLMEDIA,N,sonnet
985,I_2,E2CONTROLECONOMY,N,sonnet
985,I_2,E2CONTROLGOV,N,sonnet
985,I_2,E2CONTROLOTHER,N,sonnet
985,I_2,E3COLLECTIVEBLAME,N,sonnet
24443,I_2,E1VIOLENCE,N,sonnet
24443,I_2,E1RADICAL,N,sonnet
24443,I_2,E2ALLEGATION,N,sonnet
24443,I_2,E2DEHUMANIZATION,N,sonnet
24443,I_2,E2DEMONIZE,N,sonnet
24443,I_2,E2STEREOTYPE,N,sonnet
24443,I_2,E2COLLECTIVEPOWER,N,sonnet
24443,I_2,E2CONSPIRACY,N,sonnet
24443,I_2,E2CONTROLMEDIA,N,sonnet
24443,I_2,E2CONTROLECONOMY,N,sonnet
24443,I_2,E2CONTROLGOV,N,sonnet
24443,I_2,E2CONTROLOTHER,N,sonnet
24443,I_2,E3COLLECTIVEBLAME,N,sonnet
8563,I_2,E1VIOLENCE,N,sonnet
8563,I_2,E1RADICAL,N,sonnet
8563,I_2,E2ALLEGATION,I,sonnet
8563,I_2,E2DEHUMANIZATION,N,sonnet
8563,I_2,E2DEMONIZE,N,sonnet
8563,I_2,E2STEREOTYPE,I,sonnet
8563,I_2,E2COLLECTIVEPOWER,N,sonnet
8563,I_2,E2CONSPIRACY,N,sonnet
8563,I_2,E2CONTROLMEDIA,N,sonnet
8563,I_2,E2CONTROLECONOMY,N,sonnet
8563,I_2,E2CONTROLGOV,N,sonnet
8563,I_2,E2CONTROLOTHER,N,sonnet
8563,I_2,E3COLLECTIVEBLAME,N,sonnet
33511,I_2,E1VIOLENCE,N,sonnet
33511,I_2,E1RADICAL,N,sonnet
33511,I_2,E2ALLEGATION,N,sonnet
33511,I_2,E2DEHUMANIZATION,N,sonnet
33511,I_2,E2DEMONIZE,N,sonnet
33511,I_2,E2STEREOTYPE,N,sonnet
33511,I_2,E2COLLECTIVEPOWER,N,sonnet
33511,I_2,E2CONSPIRACY,N,sonnet
33511,I_2,E2CONTROLMEDIA,N,sonnet
33511,I_2,E2CONTROLECONOMY,N,sonnet
33511,I_2,E2CONTROLGOV,N,sonnet
33511,I_2,E2CONTROLOTHER,N,sonnet
33511,I_2,E3COLLECTIVEBLAME,N,sonnet
9023,I_2,E1VIOLENCE,N,sonnet
9023,I_2,E1RADICAL,N,sonnet
9023,I_2,E2ALLEGATION,E,sonnet
9023,I_2,E2DEHUMANIZATION,E,sonnet
9023,I_2,E2DEMONIZE,E,sonnet
9023,I_2,E2STEREOTYPE,E,sonnet
9023,I_2,E2COLLECTIVEPOWER,N,sonnet
9023,I_2,E2CONSPIRACY,N,sonnet
9023,I_2,E2CONTROLMEDIA,N,sonnet
9023,I_2,E2CONTROLECONOMY,N,sonnet
9023,I_2,E2CONTROLGOV,N,sonnet
9023,I_2,E2CONTROLOTHER,N,sonnet
9023,I_2,E3COLLECTIVEBLAME,I,sonnet
46834,I_2,E1VIOLENCE,N,sonnet
46834,I_2,E1RADICAL,N,sonnet
46834,I_2,E2ALLEGATION,N,sonnet
46834,I_2,E2DEHUMANIZATION,N,sonnet
46834,I_2,E2DEMONIZE,N,sonnet
46834,I_2,E2STEREOTYPE,N,sonnet
46834,I_2,E2COLLECTIVEPOWER,N,sonnet
46834,I_2,E2CONSPIRACY,N,sonnet
46834,I_2,E2CONTROLMEDIA,N,sonnet
46834,I_2,E2CONTROLECONOMY,N,sonnet
46834,I_2,E2CONTROLGOV,N,sonnet
46834,I_2,E2CONTROLOTHER,N,sonnet
46834,I_2,E3COLLECTIVEBLAME,N,sonnet
16128,I_2,E1VIOLENCE,N,sonnet
16128,I_2,E1RADICAL,N,sonnet
16128,I_2,E2ALLEGATION,N,sonnet
16128,I_2,E2DEHUMANIZATION,I,sonnet
16128,I_2,E2DEMONIZE,N,sonnet
16128,I_2,E2STEREOTYPE,N,sonnet
16128,I_2,E2COLLECTIVEPOWER,N,sonnet
16128,I_2,E2CONSPIRACY,N,sonnet
16128,I_2,E2CONTROLMEDIA,N,sonnet
16128,I_2,E2CONTROLECONOMY,N,sonnet
16128,I_2,E2CONTROLGOV,N,sonnet
16128,I_2,E2CONTROLOTHER,N,sonnet
16128,I_2,E3COLLECTIVEBLAME,N,sonnet
35739,I_2,E1VIOLENCE,N,sonnet
35739,I_2,E1RADICAL,N,sonnet
35739,I_2,E2ALLEGATION,N,sonnet
35739,I_2,E2DEHUMANIZATION,N,sonnet
35739,I_2,E2DEMONIZE,N,sonnet
35739,I_2,E2STEREOTYPE,N,sonnet
35739,I_2,E2COLLECTIVEPOWER,N,sonnet
35739,I_2,E2CONSPIRACY,N,sonnet
35739,I_2,E2CONTROLMEDIA,N,sonnet
35739,I_2,E2CONTROLECONOMY,N,sonnet
35739,I_2,E2CONTROLGOV,N,sonnet
35739,I_2,E2CONTROLOTHER,N,sonnet
35739,I_2,E3COLLECTIVEBLAME,N,sonnet
45072,I_2,E1VIOLENCE,N,sonnet
45072,I_2,E1RADICAL,N,sonnet
45072,I_2,E2ALLEGATION,N,sonnet
45072,I_2,E2DEHUMANIZATION,N,sonnet
45072,I_2,E2DEMONIZE,N,sonnet
45072,I_2,E2STEREOTYPE,N,sonnet
45072,I_2,E2COLLECTIVEPOWER,N,sonnet
45072,I_2,E2CONSPIRACY,N,sonnet
45072,I_2,E2CONTROLMEDIA,N,sonnet
45072,I_2,E2CONTROLECONOMY,N,sonnet
45072,I_2,E2CONTROLGOV,N,sonnet
45072,I_2,E2CONTROLOTHER,N,sonnet
45072,I_2,E3COLLECTIVEBLAME,N,sonnet
13660,I_2,E1VIOLENCE,N,sonnet
13660,I_2,E1RADICAL,N,sonnet
13660,I_2,E2ALLEGATION,N,sonnet
13660,I_2,E2DEHUMANIZATION,N,sonnet
13660,I_2,E2DEMONIZE,N,sonnet
13660,I_2,E2STEREOTYPE,N,sonnet
13660,I_2,E2COLLECTIVEPOWER,N,sonnet
13660,I_2,E2CONSPIRACY,N,sonnet
13660,I_2,E2CONTROLMEDIA,N,sonnet
13660,I_2,E2CONTROLECONOMY,N,sonnet
13660,I_2,E2CONTROLGOV,N,sonnet
13660,I_2,E2CONTROLOTHER,N,sonnet
13660,I_2,E3COLLECTIVEBLAME,N,sonnet
13639,I_2,E1VIOLENCE,I,sonnet
13639,I_2,E1RADICAL,I,sonnet
13639,I_2,E2ALLEGATION,N,sonnet
13639,I_2,E2DEHUMANIZATION,E,sonnet
13639,I_2,E2DEMONIZE,N,sonnet
13639,I_2,E2STEREOTYPE,N,sonnet
13639,I_2,E2COLLECTIVEPOWER,N,sonnet
13639,I_2,E2CONSPIRACY,N,sonnet
13639,I_2,E2CONTROLMEDIA,N,sonnet
13639,I_2,E2CONTROLECONOMY,N,sonnet
13639,I_2,E2CONTROLGOV,N,sonnet
13639,I_2,E2CONTROLOTHER,N,sonnet
13639,I_2,E3COLLECTIVEBLAME,N,sonnet
12028,I_2,E1VIOLENCE,N,sonnet
12028,I_2,E1RADICAL,N,sonnet
12028,I_2,E2ALLEGATION,N,sonnet
12028,I_2,E2DEHUMANIZATION,N,sonnet
12028,I_2,E2DEMONIZE,N,sonnet
12028,I_2,E2STEREOTYPE,N,sonnet
12028,I_2,E2COLLECTIVEPOWER,N,sonnet
12028,I_2,E2CONSPIRACY,N,sonnet
12028,I_2,E2CONTROLMEDIA,N,sonnet
12028,I_2,E2CONTROLECONOMY,N,sonnet
12028,I_2,E2CONTROLGOV,N,sonnet
12028,I_2,E2CONTROLOTHER,N,sonnet
12028,I_2,E3COLLECTIVEBLAME,N,sonnet
11912,I_2,E1VIOLENCE,N,sonnet
11912,I_2,E1RADICAL,N,sonnet
11912,I_2,E2ALLEGATION,N,sonnet
11912,I_2,E2DEHUMANIZATION,N,sonnet
11912,I_2,E2DEMONIZE,N,sonnet
11912,I_2,E2STEREOTYPE,N,sonnet
11912,I_2,E2COLLECTIVEPOWER,N,sonnet
11912,I_2,E2CONSPIRACY,N,sonnet
11912,I_2,E2CONTROLMEDIA,N,sonnet
11912,I_2,E2CONTROLECONOMY,N,sonnet
11912,I_2,E2CONTROLGOV,N,sonnet
11912,I_2,E2CONTROLOTHER,N,sonnet
11912,I_2,E3COLLECTIVEBLAME,N,sonnet
9592,I_2,E1VIOLENCE,A,sonnet
9592,I_2,E1RADICAL,A,sonnet
9592,I_2,E2ALLEGATION,N,sonnet
9592,I_2,E2DEHUMANIZATION,N,sonnet
9592,I_2,E2DEMONIZE,N,sonnet
9592,I_2,E2STEREOTYPE,N,sonnet
9592,I_2,E2COLLECTIVEPOWER,N,sonnet
9592,I_2,E2CONSPIRACY,N,sonnet
9592,I_2,E2CONTROLMEDIA,N,sonnet
9592,I_2,E2CONTROLECONOMY,N,sonnet
9592,I_2,E2CONTROLGOV,N,sonnet
9592,I_2,E2CONTROLOTHER,N,sonnet
9592,I_2,E3COLLECTIVEBLAME,N,sonnet
43159,I_2,E1VIOLENCE,N,sonnet
43159,I_2,E1RADICAL,N,sonnet
43159,I_2,E2ALLEGATION,N,sonnet
43159,I_2,E2DEHUMANIZATION,N,sonnet
43159,I_2,E2DEMONIZE,N,sonnet
43159,I_2,E2STEREOTYPE,N,sonnet
43159,I_2,E2COLLECTIVEPOWER,N,sonnet
43159,I_2,E2CONSPIRACY,N,sonnet
43159,I_2,E2CONTROLMEDIA,N,sonnet
43159,I_2,E2CONTROLECONOMY,N,sonnet
43159,I_2,E2CONTROLGOV,N,sonnet
43159,I_2,E2CONTROLOTHER,N,sonnet
43159,I_2,E3COLLECTIVEBLAME,N,sonnet
47336,I_2,E1VIOLENCE,N,sonnet
47336,I_2,E1RADICAL,N,sonnet
47336,I_2,E2ALLEGATION,N,sonnet
47336,I_2,E2DEHUMANIZATION,N,sonnet
47336,I_2,E2DEMONIZE,N,sonnet
47336,I_2,E2STEREOTYPE,N,sonnet
47336,I_2,E2COLLECTIVEPOWER,N,sonnet
47336,I_2,E2CONSPIRACY,N,sonnet
47336,I_2,E2CONTROLMEDIA,N,sonnet
47336,I_2,E2CONTROLECONOMY,N,sonnet
47336,I_2,E2CONTROLGOV,N,sonnet
47336,I_2,E2CONTROLOTHER,N,sonnet
47336,I_2,E3COLLECTIVEBLAME,N,sonnet
39734,I_2,E1VIOLENCE,N,sonnet
39734,I_2,E1RADICAL,N,sonnet
39734,I_2,E2ALLEGATION,N,sonnet
39734,I_2,E2DEHUMANIZATION,N,sonnet
39734,I_2,E2DEMONIZE,N,sonnet
39734,I_2,E2STEREOTYPE,N,sonnet
39734,I_2,E2COLLECTIVEPOWER,N,sonnet
39734,I_2,E2CONSPIRACY,N,sonnet
39734,I_2,E2CONTROLMEDIA,N,sonnet
39734,I_2,E2CONTROLECONOMY,N,sonnet
39734,I_2,E2CONTROLGOV,N,sonnet
39734,I_2,E2CONTROLOTHER,N,sonnet
39734,I_2,E3COLLECTIVEBLAME,N,sonnet
7973,I_2,E1VIOLENCE,A,sonnet
7973,I_2,E1RADICAL,A,sonnet
7973,I_2,E2ALLEGATION,N,sonnet
7973,I_2,E2DEHUMANIZATION,N,sonnet
7973,I_2,E2DEMONIZE,N,sonnet
7973,I_2,E2STEREOTYPE,N,sonnet
7973,I_2,E2COLLECTIVEPOWER,N,sonnet
7973,I_2,E2CONSPIRACY,N,sonnet
7973,I_2,E2CONTROLMEDIA,N,sonnet
7973,I_2,E2CONTROLECONOMY,N,sonnet
7973,I_2,E2CONTROLGOV,N,sonnet
7973,I_2,E2CONTROLOTHER,N,sonnet
7973,I_2,E3COLLECTIVEBLAME,N,sonnet
4593,I_2,E1VIOLENCE,N,sonnet
4593,I_2,E1RADICAL,N,sonnet
4593,I_2,E2ALLEGATION,N,sonnet
4593,I_2,E2DEHUMANIZATION,N,sonnet
4593,I_2,E2DEMONIZE,N,sonnet
4593,I_2,E2STEREOTYPE,N,sonnet
4593,I_2,E2COLLECTIVEPOWER,N,sonnet
4593,I_2,E2CONSPIRACY,N,sonnet
4593,I_2,E2CONTROLMEDIA,N,sonnet
4593,I_2,E2CONTROLECONOMY,N,sonnet
4593,I_2,E2CONTROLGOV,N,sonnet
4593,I_2,E2CONTROLOTHER,N,sonnet
4593,I_2,E3COLLECTIVEBLAME,N,sonnet
41636,I_2,E1VIOLENCE,N,sonnet
41636,I_2,E1RADICAL,N,sonnet
41636,I_2,E2ALLEGATION,N,sonnet
41636,I_2,E2DEHUMANIZATION,N,sonnet
41636,I_2,E2DEMONIZE,N,sonnet
41636,I_2,E2STEREOTYPE,N,sonnet
41636,I_2,E2COLLECTIVEPOWER,N,sonnet
41636,I_2,E2CONSPIRACY,N,sonnet
41636,I_2,E2CONTROLMEDIA,N,sonnet
41636,I_2,E2CONTROLECONOMY,N,sonnet
41636,I_2,E2CONTROLGOV,N,sonnet
41636,I_2,E2CONTROLOTHER,N,sonnet
41636,I_2,E3COLLECTIVEBLAME,N,sonnet
12956,I_2,E1VIOLENCE,A,sonnet
12956,I_2,E1RADICAL,A,sonnet
12956,I_2,E2ALLEGATION,N,sonnet
12956,I_2,E2DEHUMANIZATION,A,sonnet
12956,I_2,E2DEMONIZE,A,sonnet
12956,I_2,E2STEREOTYPE,N,sonnet
12956,I_2,E2COLLECTIVEPOWER,N,sonnet
12956,I_2,E2CONSPIRACY,N,sonnet
12956,I_2,E2CONTROLMEDIA,N,sonnet
12956,I_2,E2CONTROLECONOMY,N,sonnet
12956,I_2,E2CONTROLGOV,N,sonnet
12956,I_2,E2CONTROLOTHER,N,sonnet
12956,I_2,E3COLLECTIVEBLAME,N,sonnet
13119,I_2,E1VIOLENCE,N,sonnet
13119,I_2,E1RADICAL,N,sonnet
13119,I_2,E2ALLEGATION,N,sonnet
13119,I_2,E2DEHUMANIZATION,N,sonnet
13119,I_2,E2DEMONIZE,N,sonnet
13119,I_2,E2STEREOTYPE,N,sonnet
13119,I_2,E2COLLECTIVEPOWER,N,sonnet
13119,I_2,E2CONSPIRACY,N,sonnet
13119,I_2,E2CONTROLMEDIA,N,sonnet
13119,I_2,E2CONTROLECONOMY,N,sonnet
13119,I_2,E2CONTROLGOV,N,sonnet
13119,I_2,E2CONTROLOTHER,N,sonnet
13119,I_2,E3COLLECTIVEBLAME,N,sonnet
30986,I_2,E1VIOLENCE,N,sonnet
30986,I_2,E1RADICAL,N,sonnet
30986,I_2,E2ALLEGATION,I,sonnet
30986,I_2,E2DEHUMANIZATION,N,sonnet
30986,I_2,E2DEMONIZE,N,sonnet
30986,I_2,E2STEREOTYPE,I,sonnet
30986,I_2,E2COLLECTIVEPOWER,N,sonnet
30986,I_2,E2CONSPIRACY,N,sonnet
30986,I_2,E2CONTROLMEDIA,N,sonnet
30986,I_2,E2CONTROLECONOMY,N,sonnet
30986,I_2,E2CONTROLGOV,N,sonnet
30986,I_2,E2CONTROLOTHER,N,sonnet
30986,I_2,E3COLLECTIVEBLAME,N,sonnet
43839,I_2,E1VIOLENCE,N,sonnet
43839,I_2,E1RADICAL,N,sonnet
43839,I_2,E2ALLEGATION,N,sonnet
43839,I_2,E2DEHUMANIZATION,I,sonnet
43839,I_2,E2DEMONIZE,N,sonnet
43839,I_2,E2STEREOTYPE,N,sonnet
43839,I_2,E2COLLECTIVEPOWER,N,sonnet
43839,I_2,E2CONSPIRACY,N,sonnet
43839,I_2,E2CONTROLMEDIA,N,sonnet
43839,I_2,E2CONTROLECONOMY,N,sonnet
43839,I_2,E2CONTROLGOV,N,sonnet
43839,I_2,E2CONTROLOTHER,N,sonnet
43839,I_2,E3COLLECTIVEBLAME,N,sonnet
2052,I_2,E1VIOLENCE,N,sonnet
2052,I_2,E1RADICAL,N,sonnet
2052,I_2,E2ALLEGATION,N,sonnet
2052,I_2,E2DEHUMANIZATION,N,sonnet
2052,I_2,E2DEMONIZE,N,sonnet
2052,I_2,E2STEREOTYPE,N,sonnet
2052,I_2,E2COLLECTIVEPOWER,N,sonnet
2052,I_2,E2CONSPIRACY,N,sonnet
2052,I_2,E2CONTROLMEDIA,N,sonnet
2052,I_2,E2CONTROLECONOMY,N,sonnet
2052,I_2,E2CONTROLGOV,N,sonnet
2052,I_2,E2CONTROLOTHER,N,sonnet
2052,I_2,E3COLLECTIVEBLAME,N,sonnet
47435,I_2,E1VIOLENCE,N,sonnet
47435,I_2,E1RADICAL,N,sonnet
47435,I_2,E2ALLEGATION,N,sonnet
47435,I_2,E2DEHUMANIZATION,N,sonnet
47435,I_2,E2DEMONIZE,N,sonnet
47435,I_2,E2STEREOTYPE,N,sonnet
47435,I_2,E2COLLECTIVEPOWER,N,sonnet
47435,I_2,E2CONSPIRACY,N,sonnet
47435,I_2,E2CONTROLMEDIA,N,sonnet
47435,I_2,E2CONTROLECONOMY,N,sonnet
47435,I_2,E2CONTROLGOV,N,sonnet
47435,I_2,E2CONTROLOTHER,N,sonnet
47435,I_2,E3COLLECTIVEBLAME,N,sonnet
20452,I_2,E1VIOLENCE,N,sonnet
20452,I_2,E1RADICAL,N,sonnet
20452,I_2,E2ALLEGATION,N,sonnet
20452,I_2,E2DEHUMANIZATION,N,sonnet
20452,I_2,E2DEMONIZE,N,sonnet
20452,I_2,E2STEREOTYPE,N,sonnet
20452,I_2,E2COLLECTIVEPOWER,N,sonnet
20452,I_2,E2CONSPIRACY,N,sonnet
20452,I_2,E2CONTROLMEDIA,N,sonnet
20452,I_2,E2CONTROLECONOMY,N,sonnet
20452,I_2,E2CONTROLGOV,N,sonnet
20452,I_2,E2CONTROLOTHER,N,sonnet
20452,I_2,E3COLLECTIVEBLAME,N,sonnet
9431,I_2,E1VIOLENCE,N,sonnet
9431,I_2,E1RADICAL,N,sonnet
9431,I_2,E2ALLEGATION,N,sonnet
9431,I_2,E2DEHUMANIZATION,N,sonnet
9431,I_2,E2DEMONIZE,N,sonnet
9431,I_2,E2STEREOTYPE,N,sonnet
9431,I_2,E2COLLECTIVEPOWER,N,sonnet
9431,I_2,E2CONSPIRACY,N,sonnet
9431,I_2,E2CONTROLMEDIA,N,sonnet
9431,I_2,E2CONTROLECONOMY,N,sonnet
9431,I_2,E2CONTROLGOV,N,sonnet
9431,I_2,E2CONTROLOTHER,N,sonnet
9431,I_2,E3COLLECTIVEBLAME,N,sonnet
40405,I_2,E1VIOLENCE,N,sonnet
40405,I_2,E1RADICAL,N,sonnet
40405,I_2,E2ALLEGATION,N,sonnet
40405,I_2,E2DEHUMANIZATION,N,sonnet
40405,I_2,E2DEMONIZE,N,sonnet
40405,I_2,E2STEREOTYPE,N,sonnet
40405,I_2,E2COLLECTIVEPOWER,N,sonnet
40405,I_2,E2CONSPIRACY,N,sonnet
40405,I_2,E2CONTROLMEDIA,N,sonnet
40405,I_2,E2CONTROLECONOMY,N,sonnet
40405,I_2,E2CONTROLGOV,N,sonnet
40405,I_2,E2CONTROLOTHER,N,sonnet
40405,I_2,E3COLLECTIVEBLAME,N,sonnet
32143,I_2,E1VIOLENCE,I,sonnet
32143,I_2,E1RADICAL,N,sonnet
32143,I_2,E2ALLEGATION,N,sonnet
32143,I_2,E2DEHUMANIZATION,N,sonnet
32143,I_2,E2DEMONIZE,N,sonnet
32143,I_2,E2STEREOTYPE,N,sonnet
32143,I_2,E2COLLECTIVEPOWER,N,sonnet
32143,I_2,E2CONSPIRACY,N,sonnet
32143,I_2,E2CONTROLMEDIA,N,sonnet
32143,I_2,E2CONTROLECONOMY,N,sonnet
32143,I_2,E2CONTROLGOV,N,sonnet
32143,I_2,E2CONTROLOTHER,N,sonnet
32143,I_2,E3COLLECTIVEBLAME,N,sonnet
40852,I_2,E1VIOLENCE,N,sonnet
40852,I_2,E1RADICAL,N,sonnet
40852,I_2,E2ALLEGATION,E,sonnet
40852,I_2,E2DEHUMANIZATION,N,sonnet
40852,I_2,E2DEMONIZE,E,sonnet
40852,I_2,E2STEREOTYPE,N,sonnet
40852,I_2,E2COLLECTIVEPOWER,E,sonnet
40852,I_2,E2CONSPIRACY,E,sonnet
40852,I_2,E2CONTROLMEDIA,N,sonnet
40852,I_2,E2CONTROLECONOMY,N,sonnet
40852,I_2,E2CONTROLGOV,I,sonnet
40852,I_2,E2CONTROLOTHER,E,sonnet
40852,I_2,E3COLLECTIVEBLAME,N,sonnet
13852,I_2,E1VIOLENCE,N,sonnet
13852,I_2,E1RADICAL,N,sonnet
13852,I_2,E2ALLEGATION,N,sonnet
13852,I_2,E2DEHUMANIZATION,N,sonnet
13852,I_2,E2DEMONIZE,N,sonnet
13852,I_2,E2STEREOTYPE,N,sonnet
13852,I_2,E2COLLECTIVEPOWER,N,sonnet
13852,I_2,E2CONSPIRACY,N,sonnet
13852,I_2,E2CONTROLMEDIA,N,sonnet
13852,I_2,E2CONTROLECONOMY,N,sonnet
13852,I_2,E2CONTROLGOV,N,sonnet
13852,I_2,E2CONTROLOTHER,N,sonnet
13852,I_2,E3COLLECTIVEBLAME,N,sonnet
9583,I_2,E1VIOLENCE,A,sonnet
9583,I_2,E1RADICAL,N,sonnet
9583,I_2,E2ALLEGATION,N,sonnet
9583,I_2,E2DEHUMANIZATION,N,sonnet
9583,I_2,E2DEMONIZE,N,sonnet
9583,I_2,E2STEREOTYPE,N,sonnet
9583,I_2,E2COLLECTIVEPOWER,N,sonnet
9583,I_2,E2CONSPIRACY,N,sonnet
9583,I_2,E2CONTROLMEDIA,N,sonnet
9583,I_2,E2CONTROLECONOMY,N,sonnet
9583,I_2,E2CONTROLGOV,N,sonnet
9583,I_2,E2CONTROLOTHER,N,sonnet
9583,I_2,E3COLLECTIVEBLAME,N,sonnet
46721,I_2,E1VIOLENCE,N,sonnet
46721,I_2,E1RADICAL,N,sonnet
46721,I_2,E2ALLEGATION,N,sonnet
46721,I_2,E2DEHUMANIZATION,N,sonnet
46721,I_2,E2DEMONIZE,N,sonnet
46721,I_2,E2STEREOTYPE,N,sonnet
46721,I_2,E2COLLECTIVEPOWER,N,sonnet
46721,I_2,E2CONSPIRACY,N,sonnet
46721,I_2,E2CONTROLMEDIA,N,sonnet
46721,I_2,E2CONTROLECONOMY,N,sonnet
46721,I_2,E2CONTROLGOV,N,sonnet
46721,I_2,E2CONTROLOTHER,N,sonnet
46721,I_2,E3COLLECTIVEBLAME,N,sonnet
43764,I_2,E1VIOLENCE,N,sonnet
43764,I_2,E1RADICAL,N,sonnet
43764,I_2,E2ALLEGATION,N,sonnet
43764,I_2,E2DEHUMANIZATION,N,sonnet
43764,I_2,E2DEMONIZE,N,sonnet
43764,I_2,E2STEREOTYPE,N,sonnet
43764,I_2,E2COLLECTIVEPOWER,N,sonnet
43764,I_2,E2CONSPIRACY,N,sonnet
43764,I_2,E2CONTROLMEDIA,N,sonnet
43764,I_2,E2CONTROLECONOMY,N,sonnet
43764,I_2,E2CONTROLGOV,N,sonnet
43764,I_2,E2CONTROLOTHER,N,sonnet
43764,I_2,E3COLLECTIVEBLAME,N,sonnet
40750,I_2,E1VIOLENCE,N,sonnet
40750,I_2,E1RADICAL,N,sonnet
40750,I_2,E2ALLEGATION,N,sonnet
40750,I_2,E2DEHUMANIZATION,N,sonnet
40750,I_2,E2DEMONIZE,N,sonnet
40750,I_2,E2STEREOTYPE,N,sonnet
40750,I_2,E2COLLECTIVEPOWER,N,sonnet
40750,I_2,E2CONSPIRACY,N,sonnet
40750,I_2,E2CONTROLMEDIA,N,sonnet
40750,I_2,E2CONTROLECONOMY,N,sonnet
40750,I_2,E2CONTROLGOV,N,sonnet
40750,I_2,E2CONTROLOTHER,N,sonnet
40750,I_2,E3COLLECTIVEBLAME,N,sonnet
34221,I_2,E1VIOLENCE,N,sonnet
34221,I_2,E1RADICAL,N,sonnet
34221,I_2,E2ALLEGATION,N,sonnet
34221,I_2,E2DEHUMANIZATION,N,sonnet
34221,I_2,E2DEMONIZE,N,sonnet
34221,I_2,E2STEREOTYPE,N,sonnet
34221,I_2,E2COLLECTIVEPOWER,N,sonnet
34221,I_2,E2CONSPIRACY,N,sonnet
34221,I_2,E2CONTROLMEDIA,N,sonnet
34221,I_2,E2CONTROLECONOMY,N,sonnet
34221,I_2,E2CONTROLGOV,N,sonnet
34221,I_2,E2CONTROLOTHER,N,sonnet
34221,I_2,E3COLLECTIVEBLAME,N,sonnet
9746,I_2,E1VIOLENCE,N,sonnet
9746,I_2,E1RADICAL,N,sonnet
9746,I_2,E2ALLEGATION,N,sonnet
9746,I_2,E2DEHUMANIZATION,N,sonnet
9746,I_2,E2DEMONIZE,N,sonnet
9746,I_2,E2STEREOTYPE,N,sonnet
9746,I_2,E2COLLECTIVEPOWER,N,sonnet
9746,I_2,E2CONSPIRACY,N,sonnet
9746,I_2,E2CONTROLMEDIA,N,sonnet
9746,I_2,E2CONTROLECONOMY,N,sonnet
9746,I_2,E2CONTROLGOV,N,sonnet
9746,I_2,E2CONTROLOTHER,N,sonnet
9746,I_2,E3COLLECTIVEBLAME,N,sonnet
32821,I_2,E1VIOLENCE,N,sonnet
32821,I_2,E1RADICAL,N,sonnet
32821,I_2,E2ALLEGATION,N,sonnet
32821,I_2,E2DEHUMANIZATION,N,sonnet
32821,I_2,E2DEMONIZE,N,sonnet
32821,I_2,E2STEREOTYPE,N,sonnet
32821,I_2,E2COLLECTIVEPOWER,N,sonnet
32821,I_2,E2CONSPIRACY,N,sonnet
32821,I_2,E2CONTROLMEDIA,N,sonnet
32821,I_2,E2CONTROLECONOMY,N,sonnet
32821,I_2,E2CONTROLGOV,N,sonnet
32821,I_2,E2CONTROLOTHER,N,sonnet
32821,I_2,E3COLLECTIVEBLAME,N,sonnet
13156,I_2,E1VIOLENCE,N,sonnet
13156,I_2,E1RADICAL,N,sonnet
13156,I_2,E2ALLEGATION,N,sonnet
13156,I_2,E2DEHUMANIZATION,N,sonnet
13156,I_2,E2DEMONIZE,N,sonnet
13156,I_2,E2STEREOTYPE,N,sonnet
13156,I_2,E2COLLECTIVEPOWER,N,sonnet
13156,I_2,E2CONSPIRACY,N,sonnet
13156,I_2,E2CONTROLMEDIA,N,sonnet
13156,I_2,E2CONTROLECONOMY,N,sonnet
13156,I_2,E2CONTROLGOV,N,sonnet
13156,I_2,E2CONTROLOTHER,N,sonnet
13156,I_2,E3COLLECTIVEBLAME,N,sonnet
16970,I_2,E1VIOLENCE,N,sonnet
16970,I_2,E1RADICAL,N,sonnet
16970,I_2,E2ALLEGATION,N,sonnet
16970,I_2,E2DEHUMANIZATION,N,sonnet
16970,I_2,E2DEMONIZE,N,sonnet
16970,I_2,E2STEREOTYPE,N,sonnet
16970,I_2,E2COLLECTIVEPOWER,N,sonnet
16970,I_2,E2CONSPIRACY,N,sonnet
16970,I_2,E2CONTROLMEDIA,N,sonnet
16970,I_2,E2CONTROLECONOMY,N,sonnet
16970,I_2,E2CONTROLGOV,N,sonnet
16970,I_2,E2CONTROLOTHER,N,sonnet
16970,I_2,E3COLLECTIVEBLAME,N,sonnet
16347,I_2,E1VIOLENCE,E,sonnet
16347,I_2,E1RADICAL,N,sonnet
16347,I_2,E2ALLEGATION,N,sonnet
16347,I_2,E2DEHUMANIZATION,E,sonnet
16347,I_2,E2DEMONIZE,N,sonnet
16347,I_2,E2STEREOTYPE,N,sonnet
16347,I_2,E2COLLECTIVEPOWER,N,sonnet
16347,I_2,E2CONSPIRACY,N,sonnet
16347,I_2,E2CONTROLMEDIA,N,sonnet
16347,I_2,E2CONTROLECONOMY,N,sonnet
16347,I_2,E2CONTROLGOV,N,sonnet
16347,I_2,E2CONTROLOTHER,N,sonnet
16347,I_2,E3COLLECTIVEBLAME,N,sonnet
11152,I_2,E1VIOLENCE,N,sonnet
11152,I_2,E1RADICAL,N,sonnet
11152,I_2,E2ALLEGATION,N,sonnet
11152,I_2,E2DEHUMANIZATION,N,sonnet
11152,I_2,E2DEMONIZE,N,sonnet
11152,I_2,E2STEREOTYPE,N,sonnet
11152,I_2,E2COLLECTIVEPOWER,N,sonnet
11152,I_2,E2CONSPIRACY,N,sonnet
11152,I_2,E2CONTROLMEDIA,N,sonnet
11152,I_2,E2CONTROLECONOMY,N,sonnet
11152,I_2,E2CONTROLGOV,N,sonnet
11152,I_2,E2CONTROLOTHER,N,sonnet
11152,I_2,E3COLLECTIVEBLAME,N,sonnet
10135,I_2,E1VIOLENCE,N,sonnet
10135,I_2,E1RADICAL,N,sonnet
10135,I_2,E2ALLEGATION,N,sonnet
10135,I_2,E2DEHUMANIZATION,N,sonnet
10135,I_2,E2DEMONIZE,N,sonnet
10135,I_2,E2STEREOTYPE,N,sonnet
10135,I_2,E2COLLECTIVEPOWER,N,sonnet
10135,I_2,E2CONSPIRACY,N,sonnet
10135,I_2,E2CONTROLMEDIA,N,sonnet
10135,I_2,E2CONTROLECONOMY,N,sonnet
10135,I_2,E2CONTROLGOV,N,sonnet
10135,I_2,E2CONTROLOTHER,N,sonnet
10135,I_2,E3COLLECTIVEBLAME,N,sonnet
234,I_2,E1VIOLENCE,N,sonnet
234,I_2,E1RADICAL,N,sonnet
234,I_2,E2ALLEGATION,N,sonnet
234,I_2,E2DEHUMANIZATION,N,sonnet
234,I_2,E2DEMONIZE,N,sonnet
234,I_2,E2STEREOTYPE,N,sonnet
234,I_2,E2COLLECTIVEPOWER,N,sonnet
234,I_2,E2CONSPIRACY,N,sonnet
234,I_2,E2CONTROLMEDIA,N,sonnet
234,I_2,E2CONTROLECONOMY,N,sonnet
234,I_2,E2CONTROLGOV,N,sonnet
234,I_2,E2CONTROLOTHER,N,sonnet
234,I_2,E3COLLECTIVEBLAME,N,sonnet
25281,I_2,E1VIOLENCE,N,sonnet
25281,I_2,E1RADICAL,N,sonnet
25281,I_2,E2ALLEGATION,N,sonnet
25281,I_2,E2DEHUMANIZATION,N,sonnet
25281,I_2,E2DEMONIZE,N,sonnet
25281,I_2,E2STEREOTYPE,N,sonnet
25281,I_2,E2COLLECTIVEPOWER,N,sonnet
25281,I_2,E2CONSPIRACY,N,sonnet
25281,I_2,E2CONTROLMEDIA,N,sonnet
25281,I_2,E2CONTROLECONOMY,N,sonnet
25281,I_2,E2CONTROLGOV,N,sonnet
25281,I_2,E2CONTROLOTHER,N,sonnet
25281,I_2,E3COLLECTIVEBLAME,N,sonnet
45603,I_2,E1VIOLENCE,N,sonnet
45603,I_2,E1RADICAL,N,sonnet
45603,I_2,E2ALLEGATION,A,sonnet
45603,I_2,E2DEHUMANIZATION,N,sonnet
45603,I_2,E2DEMONIZE,A,sonnet
45603,I_2,E2STEREOTYPE,N,sonnet
45603,I_2,E2COLLECTIVEPOWER,A,sonnet
45603,I_2,E2CONSPIRACY,A,sonnet
45603,I_2,E2CONTROLMEDIA,N,sonnet
45603,I_2,E2CONTROLECONOMY,N,sonnet
45603,I_2,E2CONTROLGOV,N,sonnet
45603,I_2,E2CONTROLOTHER,N,sonnet
45603,I_2,E3COLLECTIVEBLAME,N,sonnet
11813,I_2,E1VIOLENCE,N,sonnet
11813,I_2,E1RADICAL,N,sonnet
11813,I_2,E2ALLEGATION,N,sonnet
11813,I_2,E2DEHUMANIZATION,N,sonnet
11813,I_2,E2DEMONIZE,N,sonnet
11813,I_2,E2STEREOTYPE,N,sonnet
11813,I_2,E2COLLECTIVEPOWER,N,sonnet
11813,I_2,E2CONSPIRACY,N,sonnet
11813,I_2,E2CONTROLMEDIA,N,sonnet
11813,I_2,E2CONTROLECONOMY,N,sonnet
11813,I_2,E2CONTROLGOV,N,sonnet
11813,I_2,E2CONTROLOTHER,N,sonnet
11813,I_2,E3COLLECTIVEBLAME,N,sonnet
40313,I_2,E1VIOLENCE,N,sonnet
40313,I_2,E1RADICAL,N,sonnet
40313,I_2,E2ALLEGATION,N,sonnet
40313,I_2,E2DEHUMANIZATION,N,sonnet
40313,I_2,E2DEMONIZE,N,sonnet
40313,I_2,E2STEREOTYPE,N,sonnet
40313,I_2,E2COLLECTIVEPOWER,N,sonnet
40313,I_2,E2CONSPIRACY,N,sonnet
40313,I_2,E2CONTROLMEDIA,N,sonnet
40313,I_2,E2CONTROLECONOMY,N,sonnet
40313,I_2,E2CONTROLGOV,N,sonnet
40313,I_2,E2CONTROLOTHER,N,sonnet
40313,I_2,E3COLLECTIVEBLAME,N,sonnet
25289,I_2,E1VIOLENCE,N,sonnet
25289,I_2,E1RADICAL,N,sonnet
25289,I_2,E2ALLEGATION,N,sonnet
25289,I_2,E2DEHUMANIZATION,N,sonnet
25289,I_2,E2DEMONIZE,N,sonnet
25289,I_2,E2STEREOTYPE,N,sonnet
25289,I_2,E2COLLECTIVEPOWER,N,sonnet
25289,I_2,E2CONSPIRACY,N,sonnet
25289,I_2,E2CONTROLMEDIA,N,sonnet
25289,I_2,E2CONTROLECONOMY,N,sonnet
25289,I_2,E2CONTROLGOV,N,sonnet
25289,I_2,E2CONTROLOTHER,N,sonnet
25289,I_2,E3COLLECTIVEBLAME,N,sonnet
44553,I_2,E1VIOLENCE,N,sonnet
44553,I_2,E1RADICAL,N,sonnet
44553,I_2,E2ALLEGATION,I,sonnet
44553,I_2,E2DEHUMANIZATION,I,sonnet
44553,I_2,E2DEMONIZE,N,sonnet
44553,I_2,E2STEREOTYPE,I,sonnet
44553,I_2,E2COLLECTIVEPOWER,N,sonnet
44553,I_2,E2CONSPIRACY,N,sonnet
44553,I_2,E2CONTROLMEDIA,N,sonnet
44553,I_2,E2CONTROLECONOMY,N,sonnet
44553,I_2,E2CONTROLGOV,N,sonnet
44553,I_2,E2CONTROLOTHER,N,sonnet
44553,I_2,E3COLLECTIVEBLAME,I,sonnet
14117,I_2,E1VIOLENCE,N,sonnet
14117,I_2,E1RADICAL,N,sonnet
14117,I_2,E2ALLEGATION,N,sonnet
14117,I_2,E2DEHUMANIZATION,N,sonnet
14117,I_2,E2DEMONIZE,N,sonnet
14117,I_2,E2STEREOTYPE,N,sonnet
14117,I_2,E2COLLECTIVEPOWER,N,sonnet
14117,I_2,E2CONSPIRACY,N,sonnet
14117,I_2,E2CONTROLMEDIA,N,sonnet
14117,I_2,E2CONTROLECONOMY,N,sonnet
14117,I_2,E2CONTROLGOV,N,sonnet
14117,I_2,E2CONTROLOTHER,N,sonnet
14117,I_2,E3COLLECTIVEBLAME,N,sonnet
33571,I_2,E1VIOLENCE,N,sonnet
33571,I_2,E1RADICAL,N,sonnet
33571,I_2,E2ALLEGATION,N,sonnet
33571,I_2,E2DEHUMANIZATION,N,sonnet
33571,I_2,E2DEMONIZE,N,sonnet
33571,I_2,E2STEREOTYPE,N,sonnet
33571,I_2,E2COLLECTIVEPOWER,N,sonnet
33571,I_2,E2CONSPIRACY,N,sonnet
33571,I_2,E2CONTROLMEDIA,N,sonnet
33571,I_2,E2CONTROLECONOMY,N,sonnet
33571,I_2,E2CONTROLGOV,N,sonnet
33571,I_2,E2CONTROLOTHER,N,sonnet
33571,I_2,E3COLLECTIVEBLAME,N,sonnet
39221,I_2,E1VIOLENCE,N,sonnet
39221,I_2,E1RADICAL,N,sonnet
39221,I_2,E2ALLEGATION,N,sonnet
39221,I_2,E2DEHUMANIZATION,N,sonnet
39221,I_2,E2DEMONIZE,N,sonnet
39221,I_2,E2STEREOTYPE,N,sonnet
39221,I_2,E2COLLECTIVEPOWER,N,sonnet
39221,I_2,E2CONSPIRACY,N,sonnet
39221,I_2,E2CONTROLMEDIA,N,sonnet
39221,I_2,E2CONTROLECONOMY,N,sonnet
39221,I_2,E2CONTROLGOV,N,sonnet
39221,I_2,E2CONTROLOTHER,N,sonnet
39221,I_2,E3COLLECTIVEBLAME,N,sonnet
36873,I_2,E1VIOLENCE,N,sonnet
36873,I_2,E1RADICAL,N,sonnet
36873,I_2,E2ALLEGATION,N,sonnet
36873,I_2,E2DEHUMANIZATION,N,sonnet
36873,I_2,E2DEMONIZE,N,sonnet
36873,I_2,E2STEREOTYPE,N,sonnet
36873,I_2,E2COLLECTIVEPOWER,N,sonnet
36873,I_2,E2CONSPIRACY,N,sonnet
36873,I_2,E2CONTROLMEDIA,N,sonnet
36873,I_2,E2CONTROLECONOMY,N,sonnet
36873,I_2,E2CONTROLGOV,N,sonnet
36873,I_2,E2CONTROLOTHER,N,sonnet
36873,I_2,E3COLLECTIVEBLAME,N,sonnet
13915,I_2,E1VIOLENCE,N,sonnet
13915,I_2,E1RADICAL,N,sonnet
13915,I_2,E2ALLEGATION,N,sonnet
13915,I_2,E2DEHUMANIZATION,N,sonnet
13915,I_2,E2DEMONIZE,N,sonnet
13915,I_2,E2STEREOTYPE,N,sonnet
13915,I_2,E2COLLECTIVEPOWER,N,sonnet
13915,I_2,E2CONSPIRACY,N,sonnet
13915,I_2,E2CONTROLMEDIA,N,sonnet
13915,I_2,E2CONTROLECONOMY,N,sonnet
13915,I_2,E2CONTROLGOV,N,sonnet
13915,I_2,E2CONTROLOTHER,N,sonnet
13915,I_2,E3COLLECTIVEBLAME,N,sonnet
48389,I_2,E1VIOLENCE,N,sonnet
48389,I_2,E1RADICAL,N,sonnet
48389,I_2,E2ALLEGATION,N,sonnet
48389,I_2,E2DEHUMANIZATION,N,sonnet
48389,I_2,E2DEMONIZE,N,sonnet
48389,I_2,E2STEREOTYPE,N,sonnet
48389,I_2,E2COLLECTIVEPOWER,N,sonnet
48389,I_2,E2CONSPIRACY,N,sonnet
48389,I_2,E2CONTROLMEDIA,N,sonnet
48389,I_2,E2CONTROLECONOMY,N,sonnet
48389,I_2,E2CONTROLGOV,N,sonnet
48389,I_2,E2CONTROLOTHER,N,sonnet
48389,I_2,E3COLLECTIVEBLAME,N,sonnet
4654,I_2,E1VIOLENCE,A,sonnet
4654,I_2,E1RADICAL,A,sonnet
4654,I_2,E2ALLEGATION,N,sonnet
4654,I_2,E2DEHUMANIZATION,N,sonnet
4654,I_2,E2DEMONIZE,N,sonnet
4654,I_2,E2STEREOTYPE,N,sonnet
4654,I_2,E2COLLECTIVEPOWER,N,sonnet
4654,I_2,E2CONSPIRACY,N,sonnet
4654,I_2,E2CONTROLMEDIA,N,sonnet
4654,I_2,E2CONTROLECONOMY,N,sonnet
4654,I_2,E2CONTROLGOV,N,sonnet
4654,I_2,E2CONTROLOTHER,N,sonnet
4654,I_2,E3COLLECTIVEBLAME,N,sonnet
31095,I_2,E1VIOLENCE,N,sonnet
31095,I_2,E1RADICAL,N,sonnet
31095,I_2,E2ALLEGATION,N,sonnet
31095,I_2,E2DEHUMANIZATION,N,sonnet
31095,I_2,E2DEMONIZE,N,sonnet
31095,I_2,E2STEREOTYPE,N,sonnet
31095,I_2,E2COLLECTIVEPOWER,N,sonnet
31095,I_2,E2CONSPIRACY,N,sonnet
31095,I_2,E2CONTROLMEDIA,N,sonnet
31095,I_2,E2CONTROLECONOMY,N,sonnet
31095,I_2,E2CONTROLGOV,N,sonnet
31095,I_2,E2CONTROLOTHER,N,sonnet
31095,I_2,E3COLLECTIVEBLAME,N,sonnet
13735,I_2,E1VIOLENCE,N,sonnet
13735,I_2,E1RADICAL,N,sonnet
13735,I_2,E2ALLEGATION,N,sonnet
13735,I_2,E2DEHUMANIZATION,N,sonnet
13735,I_2,E2DEMONIZE,N,sonnet
13735,I_2,E2STEREOTYPE,N,sonnet
13735,I_2,E2COLLECTIVEPOWER,N,sonnet
13735,I_2,E2CONSPIRACY,N,sonnet
13735,I_2,E2CONTROLMEDIA,N,sonnet
13735,I_2,E2CONTROLECONOMY,N,sonnet
13735,I_2,E2CONTROLGOV,N,sonnet
13735,I_2,E2CONTROLOTHER,N,sonnet
13735,I_2,E3COLLECTIVEBLAME,N,sonnet
20453,I_2,E1VIOLENCE,N,sonnet
20453,I_2,E1RADICAL,N,sonnet
20453,I_2,E2ALLEGATION,N,sonnet
20453,I_2,E2DEHUMANIZATION,N,sonnet
20453,I_2,E2DEMONIZE,N,sonnet
20453,I_2,E2STEREOTYPE,N,sonnet
20453,I_2,E2COLLECTIVEPOWER,N,sonnet
20453,I_2,E2CONSPIRACY,N,sonnet
20453,I_2,E2CONTROLMEDIA,N,sonnet
20453,I_2,E2CONTROLECONOMY,N,sonnet
20453,I_2,E2CONTROLGOV,N,sonnet
20453,I_2,E2CONTROLOTHER,N,sonnet
20453,I_2,E3COLLECTIVEBLAME,N,sonnet
22171,I_2,E1VIOLENCE,N,sonnet
22171,I_2,E1RADICAL,N,sonnet
22171,I_2,E2ALLEGATION,N,sonnet
22171,I_2,E2DEHUMANIZATION,N,sonnet
22171,I_2,E2DEMONIZE,N,sonnet
22171,I_2,E2STEREOTYPE,N,sonnet
22171,I_2,E2COLLECTIVEPOWER,N,sonnet
22171,I_2,E2CONSPIRACY,N,sonnet
22171,I_2,E2CONTROLMEDIA,N,sonnet
22171,I_2,E2CONTROLECONOMY,N,sonnet
22171,I_2,E2CONTROLGOV,N,sonnet
22171,I_2,E2CONTROLOTHER,N,sonnet
22171,I_2,E3COLLECTIVEBLAME,N,sonnet
42992,I_2,E1VIOLENCE,N,sonnet
42992,I_2,E1RADICAL,N,sonnet
42992,I_2,E2ALLEGATION,N,sonnet
42992,I_2,E2DEHUMANIZATION,N,sonnet
42992,I_2,E2DEMONIZE,N,sonnet
42992,I_2,E2STEREOTYPE,N,sonnet
42992,I_2,E2COLLECTIVEPOWER,N,sonnet
42992,I_2,E2CONSPIRACY,N,sonnet
42992,I_2,E2CONTROLMEDIA,N,sonnet
42992,I_2,E2CONTROLECONOMY,N,sonnet
42992,I_2,E2CONTROLGOV,N,sonnet
42992,I_2,E2CONTROLOTHER,N,sonnet
42992,I_2,E3COLLECTIVEBLAME,N,sonnet
45456,I_2,E1VIOLENCE,N,sonnet
45456,I_2,E1RADICAL,N,sonnet
45456,I_2,E2ALLEGATION,N,sonnet
45456,I_2,E2DEHUMANIZATION,N,sonnet
45456,I_2,E2DEMONIZE,N,sonnet
45456,I_2,E2STEREOTYPE,N,sonnet
45456,I_2,E2COLLECTIVEPOWER,N,sonnet
45456,I_2,E2CONSPIRACY,N,sonnet
45456,I_2,E2CONTROLMEDIA,N,sonnet
45456,I_2,E2CONTROLECONOMY,N,sonnet
45456,I_2,E2CONTROLGOV,N,sonnet
45456,I_2,E2CONTROLOTHER,N,sonnet
45456,I_2,E3COLLECTIVEBLAME,N,sonnet
11314,I_2,E1VIOLENCE,N,sonnet
11314,I_2,E1RADICAL,N,sonnet
11314,I_2,E2ALLEGATION,N,sonnet
11314,I_2,E2DEHUMANIZATION,N,sonnet
11314,I_2,E2DEMONIZE,N,sonnet
11314,I_2,E2STEREOTYPE,N,sonnet
11314,I_2,E2COLLECTIVEPOWER,N,sonnet
11314,I_2,E2CONSPIRACY,N,sonnet
11314,I_2,E2CONTROLMEDIA,N,sonnet
11314,I_2,E2CONTROLECONOMY,N,sonnet
11314,I_2,E2CONTROLGOV,N,sonnet
11314,I_2,E2CONTROLOTHER,N,sonnet
11314,I_2,E3COLLECTIVEBLAME,N,sonnet
49208,I_2,E1VIOLENCE,N,sonnet
49208,I_2,E1RADICAL,N,sonnet
49208,I_2,E2ALLEGATION,N,sonnet
49208,I_2,E2DEHUMANIZATION,N,sonnet
49208,I_2,E2DEMONIZE,N,sonnet
49208,I_2,E2STEREOTYPE,N,sonnet
49208,I_2,E2COLLECTIVEPOWER,N,sonnet
49208,I_2,E2CONSPIRACY,N,sonnet
49208,I_2,E2CONTROLMEDIA,N,sonnet
49208,I_2,E2CONTROLECONOMY,N,sonnet
49208,I_2,E2CONTROLGOV,N,sonnet
49208,I_2,E2CONTROLOTHER,N,sonnet
49208,I_2,E3COLLECTIVEBLAME,N,sonnet
1938,I_2,E1VIOLENCE,N,sonnet
1938,I_2,E1RADICAL,N,sonnet
1938,I_2,E2ALLEGATION,N,sonnet
1938,I_2,E2DEHUMANIZATION,N,sonnet
1938,I_2,E2DEMONIZE,N,sonnet
1938,I_2,E2STEREOTYPE,N,sonnet
1938,I_2,E2COLLECTIVEPOWER,N,sonnet
1938,I_2,E2CONSPIRACY,N,sonnet
1938,I_2,E2CONTROLMEDIA,N,sonnet
1938,I_2,E2CONTROLECONOMY,N,sonnet
1938,I_2,E2CONTROLGOV,N,sonnet
1938,I_2,E2CONTROLOTHER,N,sonnet
1938,I_2,E3COLLECTIVEBLAME,N,sonnet
27901,I_2,E1VIOLENCE,N,sonnet
27901,I_2,E1RADICAL,N,sonnet
27901,I_2,E2ALLEGATION,N,sonnet
27901,I_2,E2DEHUMANIZATION,N,sonnet
27901,I_2,E2DEMONIZE,N,sonnet
27901,I_2,E2STEREOTYPE,N,sonnet
27901,I_2,E2COLLECTIVEPOWER,N,sonnet
27901,I_2,E2CONSPIRACY,N,sonnet
27901,I_2,E2CONTROLMEDIA,N,sonnet
27901,I_2,E2CONTROLECONOMY,N,sonnet
27901,I_2,E2CONTROLGOV,N,sonnet
27901,I_2,E2CONTROLOTHER,N,sonnet
27901,I_2,E3COLLECTIVEBLAME,N,sonnet
24793,I_2,E1VIOLENCE,N,sonnet
24793,I_2,E1RADICAL,N,sonnet
24793,I_2,E2ALLEGATION,N,sonnet
24793,I_2,E2DEHUMANIZATION,N,sonnet
24793,I_2,E2DEMONIZE,I,sonnet
24793,I_2,E2STEREOTYPE,N,sonnet
24793,I_2,E2COLLECTIVEPOWER,N,sonnet
24793,I_2,E2CONSPIRACY,N,sonnet
24793,I_2,E2CONTROLMEDIA,N,sonnet
24793,I_2,E2CONTROLECONOMY,N,sonnet
24793,I_2,E2CONTROLGOV,N,sonnet
24793,I_2,E2CONTROLOTHER,N,sonnet
24793,I_2,E3COLLECTIVEBLAME,N,sonnet
17895,I_2,E1VIOLENCE,N,sonnet
17895,I_2,E1RADICAL,N,sonnet
17895,I_2,E2ALLEGATION,N,sonnet
17895,I_2,E2DEHUMANIZATION,N,sonnet
17895,I_2,E2DEMONIZE,N,sonnet
17895,I_2,E2STEREOTYPE,N,sonnet
17895,I_2,E2COLLECTIVEPOWER,I,sonnet
17895,I_2,E2CONSPIRACY,N,sonnet
17895,I_2,E2CONTROLMEDIA,N,sonnet
17895,I_2,E2CONTROLECONOMY,N,sonnet
17895,I_2,E2CONTROLGOV,I,sonnet
17895,I_2,E2CONTROLOTHER,N,sonnet
17895,I_2,E3COLLECTIVEBLAME,N,sonnet
11514,I_2,E1VIOLENCE,N,sonnet
11514,I_2,E1RADICAL,N,sonnet
11514,I_2,E2ALLEGATION,N,sonnet
11514,I_2,E2DEHUMANIZATION,N,sonnet
11514,I_2,E2DEMONIZE,N,sonnet
11514,I_2,E2STEREOTYPE,N,sonnet
11514,I_2,E2COLLECTIVEPOWER,N,sonnet
11514,I_2,E2CONSPIRACY,N,sonnet
11514,I_2,E2CONTROLMEDIA,N,sonnet
11514,I_2,E2CONTROLECONOMY,N,sonnet
11514,I_2,E2CONTROLGOV,N,sonnet
11514,I_2,E2CONTROLOTHER,N,sonnet
11514,I_2,E3COLLECTIVEBLAME,N,sonnet
2874,I_2,E1VIOLENCE,N,sonnet
2874,I_2,E1RADICAL,N,sonnet
2874,I_2,E2ALLEGATION,N,sonnet
2874,I_2,E2DEHUMANIZATION,N,sonnet
2874,I_2,E2DEMONIZE,N,sonnet
2874,I_2,E2STEREOTYPE,N,sonnet
2874,I_2,E2COLLECTIVEPOWER,N,sonnet
2874,I_2,E2CONSPIRACY,N,sonnet
2874,I_2,E2CONTROLMEDIA,N,sonnet
2874,I_2,E2CONTROLECONOMY,N,sonnet
2874,I_2,E2CONTROLGOV,N,sonnet
2874,I_2,E2CONTROLOTHER,N,sonnet
2874,I_2,E3COLLECTIVEBLAME,N,sonnet
26846,I_2,E1VIOLENCE,N,sonnet
26846,I_2,E1RADICAL,N,sonnet
26846,I_2,E2ALLEGATION,N,sonnet
26846,I_2,E2DEHUMANIZATION,N,sonnet
26846,I_2,E2DEMONIZE,N,sonnet
26846,I_2,E2STEREOTYPE,N,sonnet
26846,I_2,E2COLLECTIVEPOWER,N,sonnet
26846,I_2,E2CONSPIRACY,N,sonnet
26846,I_2,E2CONTROLMEDIA,N,sonnet
26846,I_2,E2CONTROLECONOMY,N,sonnet
26846,I_2,E2CONTROLGOV,N,sonnet
26846,I_2,E2CONTROLOTHER,N,sonnet
26846,I_2,E3COLLECTIVEBLAME,N,sonnet
45009,I_2,E1VIOLENCE,N,sonnet
45009,I_2,E1RADICAL,N,sonnet
45009,I_2,E2ALLEGATION,I,sonnet
45009,I_2,E2DEHUMANIZATION,N,sonnet
45009,I_2,E2DEMONIZE,I,sonnet
45009,I_2,E2STEREOTYPE,I,sonnet
45009,I_2,E2COLLECTIVEPOWER,I,sonnet
45009,I_2,E2CONSPIRACY,I,sonnet
45009,I_2,E2CONTROLMEDIA,N,sonnet
45009,I_2,E2CONTROLECONOMY,N,sonnet
45009,I_2,E2CONTROLGOV,N,sonnet
45009,I_2,E2CONTROLOTHER,I,sonnet
45009,I_2,E3COLLECTIVEBLAME,N,sonnet
47217,I_2,E1VIOLENCE,I,sonnet
47217,I_2,E1RADICAL,N,sonnet
47217,I_2,E2ALLEGATION,E,sonnet
47217,I_2,E2DEHUMANIZATION,I,sonnet
47217,I_2,E2DEMONIZE,E,sonnet
47217,I_2,E2STEREOTYPE,N,sonnet
47217,I_2,E2COLLECTIVEPOWER,N,sonnet
47217,I_2,E2CONSPIRACY,N,sonnet
47217,I_2,E2CONTROLMEDIA,N,sonnet
47217,I_2,E2CONTROLECONOMY,N,sonnet
47217,I_2,E2CONTROLGOV,N,sonnet
47217,I_2,E2CONTROLOTHER,N,sonnet
47217,I_2,E3COLLECTIVEBLAME,E,sonnet
20016,I_2,E1VIOLENCE,N,sonnet
20016,I_2,E1RADICAL,N,sonnet
20016,I_2,E2ALLEGATION,N,sonnet
20016,I_2,E2DEHUMANIZATION,N,sonnet
20016,I_2,E2DEMONIZE,N,sonnet
20016,I_2,E2STEREOTYPE,N,sonnet
20016,I_2,E2COLLECTIVEPOWER,N,sonnet
20016,I_2,E2CONSPIRACY,N,sonnet
20016,I_2,E2CONTROLMEDIA,N,sonnet
20016,I_2,E2CONTROLECONOMY,N,sonnet
20016,I_2,E2CONTROLGOV,N,sonnet
20016,I_2,E2CONTROLOTHER,N,sonnet
20016,I_2,E3COLLECTIVEBLAME,N,sonnet
19452,I_2,E1VIOLENCE,N,sonnet
19452,I_2,E1RADICAL,N,sonnet
19452,I_2,E2ALLEGATION,N,sonnet
19452,I_2,E2DEHUMANIZATION,N,sonnet
19452,I_2,E2DEMONIZE,N,sonnet
19452,I_2,E2STEREOTYPE,N,sonnet
19452,I_2,E2COLLECTIVEPOWER,N,sonnet
19452,I_2,E2CONSPIRACY,N,sonnet
19452,I_2,E2CONTROLMEDIA,N,sonnet
19452,I_2,E2CONTROLECONOMY,N,sonnet
19452,I_2,E2CONTROLGOV,N,sonnet
19452,I_2,E2CONTROLOTHER,N,sonnet
19452,I_2,E3COLLECTIVEBLAME,N,sonnet
21496,I_2,E1VIOLENCE,N,sonnet
21496,I_2,E1RADICAL,N,sonnet
21496,I_2,E2ALLEGATION,N,sonnet
21496,I_2,E2DEHUMANIZATION,N,sonnet
21496,I_2,E2DEMONIZE,N,sonnet
21496,I_2,E2STEREOTYPE,N,sonnet
21496,I_2,E2COLLECTIVEPOWER,N,sonnet
21496,I_2,E2CONSPIRACY,N,sonnet
21496,I_2,E2CONTROLMEDIA,N,sonnet
21496,I_2,E2CONTROLECONOMY,N,sonnet
21496,I_2,E2CONTROLGOV,N,sonnet
21496,I_2,E2CONTROLOTHER,N,sonnet
21496,I_2,E3COLLECTIVEBLAME,N,sonnet
39456,I_2,E1VIOLENCE,N,sonnet
39456,I_2,E1RADICAL,N,sonnet
39456,I_2,E2ALLEGATION,E,sonnet
39456,I_2,E2DEHUMANIZATION,E,sonnet
39456,I_2,E2DEMONIZE,E,sonnet
39456,I_2,E2STEREOTYPE,I,sonnet
39456,I_2,E2COLLECTIVEPOWER,N,sonnet
39456,I_2,E2CONSPIRACY,I,sonnet
39456,I_2,E2CONTROLMEDIA,N,sonnet
39456,I_2,E2CONTROLECONOMY,N,sonnet
39456,I_2,E2CONTROLGOV,N,sonnet
39456,I_2,E2CONTROLOTHER,I,sonnet
39456,I_2,E3COLLECTIVEBLAME,E,sonnet
20048,I_2,E1VIOLENCE,N,sonnet
20048,I_2,E1RADICAL,N,sonnet
20048,I_2,E2ALLEGATION,N,sonnet
20048,I_2,E2DEHUMANIZATION,N,sonnet
20048,I_2,E2DEMONIZE,N,sonnet
20048,I_2,E2STEREOTYPE,N,sonnet
20048,I_2,E2COLLECTIVEPOWER,N,sonnet
20048,I_2,E2CONSPIRACY,N,sonnet
20048,I_2,E2CONTROLMEDIA,N,sonnet
20048,I_2,E2CONTROLECONOMY,N,sonnet
20048,I_2,E2CONTROLGOV,N,sonnet
20048,I_2,E2CONTROLOTHER,N,sonnet
20048,I_2,E3COLLECTIVEBLAME,N,sonnet
6269,I_2,E1VIOLENCE,N,sonnet
6269,I_2,E1RADICAL,N,sonnet
6269,I_2,E2ALLEGATION,N,sonnet
6269,I_2,E2DEHUMANIZATION,N,sonnet
6269,I_2,E2DEMONIZE,N,sonnet
6269,I_2,E2STEREOTYPE,N,sonnet
6269,I_2,E2COLLECTIVEPOWER,N,sonnet
6269,I_2,E2CONSPIRACY,N,sonnet
6269,I_2,E2CONTROLMEDIA,N,sonnet
6269,I_2,E2CONTROLECONOMY,N,sonnet
6269,I_2,E2CONTROLGOV,N,sonnet
6269,I_2,E2CONTROLOTHER,N,sonnet
6269,I_2,E3COLLECTIVEBLAME,N,sonnet
49971,I_2,E1VIOLENCE,N,sonnet
49971,I_2,E1RADICAL,N,sonnet
49971,I_2,E2ALLEGATION,I,sonnet
49971,I_2,E2DEHUMANIZATION,N,sonnet
49971,I_2,E2DEMONIZE,I,sonnet
49971,I_2,E2STEREOTYPE,N,sonnet
49971,I_2,E2COLLECTIVEPOWER,N,sonnet
49971,I_2,E2CONSPIRACY,N,sonnet
49971,I_2,E2CONTROLMEDIA,N,sonnet
49971,I_2,E2CONTROLECONOMY,N,sonnet
49971,I_2,E2CONTROLGOV,N,sonnet
49971,I_2,E2CONTROLOTHER,N,sonnet
49971,I_2,E3COLLECTIVEBLAME,I,sonnet
40788,I_2,E1VIOLENCE,N,sonnet
40788,I_2,E1RADICAL,N,sonnet
40788,I_2,E2ALLEGATION,N,sonnet
40788,I_2,E2DEHUMANIZATION,N,sonnet
40788,I_2,E2DEMONIZE,N,sonnet
40788,I_2,E2STEREOTYPE,N,sonnet
40788,I_2,E2COLLECTIVEPOWER,N,sonnet
40788,I_2,E2CONSPIRACY,N,sonnet
40788,I_2,E2CONTROLMEDIA,N,sonnet
40788,I_2,E2CONTROLECONOMY,N,sonnet
40788,I_2,E2CONTROLGOV,N,sonnet
40788,I_2,E2CONTROLOTHER,N,sonnet
40788,I_2,E3COLLECTIVEBLAME,N,sonnet
47448,I_2,E1VIOLENCE,N,sonnet
47448,I_2,E1RADICAL,N,sonnet
47448,I_2,E2ALLEGATION,N,sonnet
47448,I_2,E2DEHUMANIZATION,N,sonnet
47448,I_2,E2DEMONIZE,N,sonnet
47448,I_2,E2STEREOTYPE,N,sonnet
47448,I_2,E2COLLECTIVEPOWER,N,sonnet
47448,I_2,E2CONSPIRACY,N,sonnet
47448,I_2,E2CONTROLMEDIA,N,sonnet
47448,I_2,E2CONTROLECONOMY,N,sonnet
47448,I_2,E2CONTROLGOV,N,sonnet
47448,I_2,E2CONTROLOTHER,N,sonnet
47448,I_2,E3COLLECTIVEBLAME,N,sonnet
3522,I_2,E1VIOLENCE,N,sonnet
3522,I_2,E1RADICAL,N,sonnet
3522,I_2,E2ALLEGATION,N,sonnet
3522,I_2,E2DEHUMANIZATION,N,sonnet
3522,I_2,E2DEMONIZE,N,sonnet
3522,I_2,E2STEREOTYPE,N,sonnet
3522,I_2,E2COLLECTIVEPOWER,N,sonnet
3522,I_2,E2CONSPIRACY,N,sonnet
3522,I_2,E2CONTROLMEDIA,N,sonnet
3522,I_2,E2CONTROLECONOMY,N,sonnet
3522,I_2,E2CONTROLGOV,N,sonnet
3522,I_2,E2CONTROLOTHER,N,sonnet
3522,I_2,E3COLLECTIVEBLAME,N,sonnet
22173,I_2,E1VIOLENCE,N,sonnet
22173,I_2,E1RADICAL,N,sonnet
22173,I_2,E2ALLEGATION,N,sonnet
22173,I_2,E2DEHUMANIZATION,N,sonnet
22173,I_2,E2DEMONIZE,N,sonnet
22173,I_2,E2STEREOTYPE,N,sonnet
22173,I_2,E2COLLECTIVEPOWER,N,sonnet
22173,I_2,E2CONSPIRACY,N,sonnet
22173,I_2,E2CONTROLMEDIA,N,sonnet
22173,I_2,E2CONTROLECONOMY,N,sonnet
22173,I_2,E2CONTROLGOV,N,sonnet
22173,I_2,E2CONTROLOTHER,N,sonnet
22173,I_2,E3COLLECTIVEBLAME,N,sonnet
43804,I_2,E1VIOLENCE,I,sonnet
43804,I_2,E1RADICAL,N,sonnet
43804,I_2,E2ALLEGATION,N,sonnet
43804,I_2,E2DEHUMANIZATION,N,sonnet
43804,I_2,E2DEMONIZE,N,sonnet
43804,I_2,E2STEREOTYPE,N,sonnet
43804,I_2,E2COLLECTIVEPOWER,I,sonnet
43804,I_2,E2CONSPIRACY,N,sonnet
43804,I_2,E2CONTROLMEDIA,N,sonnet
43804,I_2,E2CONTROLECONOMY,N,sonnet
43804,I_2,E2CONTROLGOV,N,sonnet
43804,I_2,E2CONTROLOTHER,N,sonnet
43804,I_2,E3COLLECTIVEBLAME,N,sonnet
12086,I_2,E1VIOLENCE,N,sonnet
12086,I_2,E1RADICAL,N,sonnet
12086,I_2,E2ALLEGATION,N,sonnet
12086,I_2,E2DEHUMANIZATION,N,sonnet
12086,I_2,E2DEMONIZE,N,sonnet
12086,I_2,E2STEREOTYPE,N,sonnet
12086,I_2,E2COLLECTIVEPOWER,N,sonnet
12086,I_2,E2CONSPIRACY,N,sonnet
12086,I_2,E2CONTROLMEDIA,N,sonnet
12086,I_2,E2CONTROLECONOMY,N,sonnet
12086,I_2,E2CONTROLGOV,N,sonnet
12086,I_2,E2CONTROLOTHER,N,sonnet
12086,I_2,E3COLLECTIVEBLAME,N,sonnet
42708,I_2,E1VIOLENCE,N,sonnet
42708,I_2,E1RADICAL,N,sonnet
42708,I_2,E2ALLEGATION,N,sonnet
42708,I_2,E2DEHUMANIZATION,N,sonnet
42708,I_2,E2DEMONIZE,N,sonnet
42708,I_2,E2STEREOTYPE,N,sonnet
42708,I_2,E2COLLECTIVEPOWER,N,sonnet
42708,I_2,E2CONSPIRACY,N,sonnet
42708,I_2,E2CONTROLMEDIA,N,sonnet
42708,I_2,E2CONTROLECONOMY,N,sonnet
42708,I_2,E2CONTROLGOV,N,sonnet
42708,I_2,E2CONTROLOTHER,N,sonnet
42708,I_2,E3COLLECTIVEBLAME,N,sonnet
12994,I_2,E1VIOLENCE,N,sonnet
12994,I_2,E1RADICAL,N,sonnet
12994,I_2,E2ALLEGATION,N,sonnet
12994,I_2,E2DEHUMANIZATION,N,sonnet
12994,I_2,E2DEMONIZE,N,sonnet
12994,I_2,E2STEREOTYPE,N,sonnet
12994,I_2,E2COLLECTIVEPOWER,N,sonnet
12994,I_2,E2CONSPIRACY,N,sonnet
12994,I_2,E2CONTROLMEDIA,N,sonnet
12994,I_2,E2CONTROLECONOMY,N,sonnet
12994,I_2,E2CONTROLGOV,N,sonnet
12994,I_2,E2CONTROLOTHER,N,sonnet
12994,I_2,E3COLLECTIVEBLAME,N,sonnet
17164,I_2,E1VIOLENCE,I,sonnet
17164,I_2,E1RADICAL,N,sonnet
17164,I_2,E2ALLEGATION,E,sonnet
17164,I_2,E2DEHUMANIZATION,N,sonnet
17164,I_2,E2DEMONIZE,E,sonnet
17164,I_2,E2STEREOTYPE,N,sonnet
17164,I_2,E2COLLECTIVEPOWER,E,sonnet
17164,I_2,E2CONSPIRACY,E,sonnet
17164,I_2,E2CONTROLMEDIA,N,sonnet
17164,I_2,E2CONTROLECONOMY,N,sonnet
17164,I_2,E2CONTROLGOV,E,sonnet
17164,I_2,E2CONTROLOTHER,E,sonnet
17164,I_2,E3COLLECTIVEBLAME,E,sonnet
43329,I_2,E1VIOLENCE,N,sonnet
43329,I_2,E1RADICAL,N,sonnet
43329,I_2,E2ALLEGATION,E,sonnet
43329,I_2,E2DEHUMANIZATION,E,sonnet
43329,I_2,E2DEMONIZE,E,sonnet
43329,I_2,E2STEREOTYPE,E,sonnet
43329,I_2,E2COLLECTIVEPOWER,N,sonnet
43329,I_2,E2CONSPIRACY,N,sonnet
43329,I_2,E2CONTROLMEDIA,N,sonnet
43329,I_2,E2CONTROLECONOMY,N,sonnet
43329,I_2,E2CONTROLGOV,N,sonnet
43329,I_2,E2CONTROLOTHER,N,sonnet
43329,I_2,E3COLLECTIVEBLAME,N,sonnet
22169,I_2,E1VIOLENCE,N,sonnet
22169,I_2,E1RADICAL,N,sonnet
22169,I_2,E2ALLEGATION,N,sonnet
22169,I_2,E2DEHUMANIZATION,N,sonnet
22169,I_2,E2DEMONIZE,N,sonnet
22169,I_2,E2STEREOTYPE,N,sonnet
22169,I_2,E2COLLECTIVEPOWER,N,sonnet
22169,I_2,E2CONSPIRACY,N,sonnet
22169,I_2,E2CONTROLMEDIA,N,sonnet
22169,I_2,E2CONTROLECONOMY,N,sonnet
22169,I_2,E2CONTROLGOV,N,sonnet
22169,I_2,E2CONTROLOTHER,N,sonnet
22169,I_2,E3COLLECTIVEBLAME,N,sonnet
464,I_2,E1VIOLENCE,N,sonnet
464,I_2,E1RADICAL,N,sonnet
464,I_2,E2ALLEGATION,N,sonnet
464,I_2,E2DEHUMANIZATION,N,sonnet
464,I_2,E2DEMONIZE,N,sonnet
464,I_2,E2STEREOTYPE,N,sonnet
464,I_2,E2COLLECTIVEPOWER,N,sonnet
464,I_2,E2CONSPIRACY,N,sonnet
464,I_2,E2CONTROLMEDIA,N,sonnet
464,I_2,E2CONTROLECONOMY,N,sonnet
464,I_2,E2CONTROLGOV,N,sonnet
464,I_2,E2CONTROLOTHER,N,sonnet
464,I_2,E3COLLECTIVEBLAME,N,sonnet
8576,I_2,E1VIOLENCE,N,sonnet
8576,I_2,E1RADICAL,N,sonnet
8576,I_2,E2ALLEGATION,N,sonnet
8576,I_2,E2DEHUMANIZATION,N,sonnet
8576,I_2,E2DEMONIZE,N,sonnet
8576,I_2,E2STEREOTYPE,N,sonnet
8576,I_2,E2COLLECTIVEPOWER,N,sonnet
8576,I_2,E2CONSPIRACY,N,sonnet
8576,I_2,E2CONTROLMEDIA,N,sonnet
8576,I_2,E2CONTROLECONOMY,N,sonnet
8576,I_2,E2CONTROLGOV,N,sonnet
8576,I_2,E2CONTROLOTHER,N,sonnet
8576,I_2,E3COLLECTIVEBLAME,N,sonnet
5492,I_2,E1VIOLENCE,N,sonnet
5492,I_2,E1RADICAL,N,sonnet
5492,I_2,E2ALLEGATION,N,sonnet
5492,I_2,E2DEHUMANIZATION,N,sonnet
5492,I_2,E2DEMONIZE,N,sonnet
5492,I_2,E2STEREOTYPE,N,sonnet
5492,I_2,E2COLLECTIVEPOWER,N,sonnet
5492,I_2,E2CONSPIRACY,N,sonnet
5492,I_2,E2CONTROLMEDIA,N,sonnet
5492,I_2,E2CONTROLECONOMY,N,sonnet
5492,I_2,E2CONTROLGOV,N,sonnet
5492,I_2,E2CONTROLOTHER,N,sonnet
5492,I_2,E3COLLECTIVEBLAME,N,sonnet
16532,I_2,E1VIOLENCE,A,sonnet
16532,I_2,E1RADICAL,N,sonnet
16532,I_2,E2ALLEGATION,N,sonnet
16532,I_2,E2DEHUMANIZATION,N,sonnet
16532,I_2,E2DEMONIZE,N,sonnet
16532,I_2,E2STEREOTYPE,N,sonnet
16532,I_2,E2COLLECTIVEPOWER,N,sonnet
16532,I_2,E2CONSPIRACY,N,sonnet
16532,I_2,E2CONTROLMEDIA,N,sonnet
16532,I_2,E2CONTROLECONOMY,N,sonnet
16532,I_2,E2CONTROLGOV,N,sonnet
16532,I_2,E2CONTROLOTHER,N,sonnet
16532,I_2,E3COLLECTIVEBLAME,N,sonnet
48334,I_2,E1VIOLENCE,N,sonnet
48334,I_2,E1RADICAL,N,sonnet
48334,I_2,E2ALLEGATION,N,sonnet
48334,I_2,E2DEHUMANIZATION,N,sonnet
48334,I_2,E2DEMONIZE,N,sonnet
48334,I_2,E2STEREOTYPE,N,sonnet
48334,I_2,E2COLLECTIVEPOWER,N,sonnet
48334,I_2,E2CONSPIRACY,N,sonnet
48334,I_2,E2CONTROLMEDIA,N,sonnet
48334,I_2,E2CONTROLECONOMY,N,sonnet
48334,I_2,E2CONTROLGOV,N,sonnet
48334,I_2,E2CONTROLOTHER,N,sonnet
48334,I_2,E3COLLECTIVEBLAME,N,sonnet
41447,I_2,E1VIOLENCE,N,sonnet
41447,I_2,E1RADICAL,N,sonnet
41447,I_2,E2ALLEGATION,I,sonnet
41447,I_2,E2DEHUMANIZATION,N,sonnet
41447,I_2,E2DEMONIZE,I,sonnet
41447,I_2,E2STEREOTYPE,I,sonnet
41447,I_2,E2COLLECTIVEPOWER,I,sonnet
41447,I_2,E2CONSPIRACY,I,sonnet
41447,I_2,E2CONTROLMEDIA,N,sonnet
41447,I_2,E2CONTROLECONOMY,N,sonnet
41447,I_2,E2CONTROLGOV,I,sonnet
41447,I_2,E2CONTROLOTHER,N,sonnet
41447,I_2,E3COLLECTIVEBLAME,N,sonnet
45559,I_2,E1VIOLENCE,N,sonnet
45559,I_2,E1RADICAL,N,sonnet
45559,I_2,E2ALLEGATION,N,sonnet
45559,I_2,E2DEHUMANIZATION,N,sonnet
45559,I_2,E2DEMONIZE,N,sonnet
45559,I_2,E2STEREOTYPE,N,sonnet
45559,I_2,E2COLLECTIVEPOWER,N,sonnet
45559,I_2,E2CONSPIRACY,N,sonnet
45559,I_2,E2CONTROLMEDIA,N,sonnet
45559,I_2,E2CONTROLECONOMY,N,sonnet
45559,I_2,E2CONTROLGOV,N,sonnet
45559,I_2,E2CONTROLOTHER,N,sonnet
45559,I_2,E3COLLECTIVEBLAME,N,sonnet
46738,I_2,E1VIOLENCE,N,sonnet
46738,I_2,E1RADICAL,N,sonnet
46738,I_2,E2ALLEGATION,E,sonnet
46738,I_2,E2DEHUMANIZATION,E,sonnet
46738,I_2,E2DEMONIZE,N,sonnet
46738,I_2,E2STEREOTYPE,E,sonnet
46738,I_2,E2COLLECTIVEPOWER,N,sonnet
46738,I_2,E2CONSPIRACY,N,sonnet
46738,I_2,E2CONTROLMEDIA,N,sonnet
46738,I_2,E2CONTROLECONOMY,N,sonnet
46738,I_2,E2CONTROLGOV,N,sonnet
46738,I_2,E2CONTROLOTHER,N,sonnet
46738,I_2,E3COLLECTIVEBLAME,N,sonnet
16902,I_2,E1VIOLENCE,N,sonnet
16902,I_2,E1RADICAL,N,sonnet
16902,I_2,E2ALLEGATION,N,sonnet
16902,I_2,E2DEHUMANIZATION,N,sonnet
16902,I_2,E2DEMONIZE,N,sonnet
16902,I_2,E2STEREOTYPE,N,sonnet
16902,I_2,E2COLLECTIVEPOWER,N,sonnet
16902,I_2,E2CONSPIRACY,N,sonnet
16902,I_2,E2CONTROLMEDIA,N,sonnet
16902,I_2,E2CONTROLECONOMY,N,sonnet
16902,I_2,E2CONTROLGOV,N,sonnet
16902,I_2,E2CONTROLOTHER,N,sonnet
16902,I_2,E3COLLECTIVEBLAME,N,sonnet
28708,I_2,E1VIOLENCE,N,sonnet
28708,I_2,E1RADICAL,N,sonnet
28708,I_2,E2ALLEGATION,N,sonnet
28708,I_2,E2DEHUMANIZATION,N,sonnet
28708,I_2,E2DEMONIZE,N,sonnet
28708,I_2,E2STEREOTYPE,N,sonnet
28708,I_2,E2COLLECTIVEPOWER,N,sonnet
28708,I_2,E2CONSPIRACY,N,sonnet
28708,I_2,E2CONTROLMEDIA,N,sonnet
28708,I_2,E2CONTROLECONOMY,N,sonnet
28708,I_2,E2CONTROLGOV,N,sonnet
28708,I_2,E2CONTROLOTHER,N,sonnet
28708,I_2,E3COLLECTIVEBLAME,N,sonnet
16548,I_2,E1VIOLENCE,N,sonnet
16548,I_2,E1RADICAL,N,sonnet
16548,I_2,E2ALLEGATION,N,sonnet
16548,I_2,E2DEHUMANIZATION,N,sonnet
16548,I_2,E2DEMONIZE,N,sonnet
16548,I_2,E2STEREOTYPE,N,sonnet
16548,I_2,E2COLLECTIVEPOWER,N,sonnet
16548,I_2,E2CONSPIRACY,N,sonnet
16548,I_2,E2CONTROLMEDIA,N,sonnet
16548,I_2,E2CONTROLECONOMY,N,sonnet
16548,I_2,E2CONTROLGOV,N,sonnet
16548,I_2,E2CONTROLOTHER,N,sonnet
16548,I_2,E3COLLECTIVEBLAME,N,sonnet
205,I_2,E1VIOLENCE,N,sonnet
205,I_2,E1RADICAL,N,sonnet
205,I_2,E2ALLEGATION,E,sonnet
205,I_2,E2DEHUMANIZATION,N,sonnet
205,I_2,E2DEMONIZE,E,sonnet
205,I_2,E2STEREOTYPE,I,sonnet
205,I_2,E2COLLECTIVEPOWER,I,sonnet
205,I_2,E2CONSPIRACY,N,sonnet
205,I_2,E2CONTROLMEDIA,N,sonnet
205,I_2,E2CONTROLECONOMY,I,sonnet
205,I_2,E2CONTROLGOV,N,sonnet
205,I_2,E2CONTROLOTHER,N,sonnet
205,I_2,E3COLLECTIVEBLAME,E,sonnet
41723,I_2,E1VIOLENCE,E,sonnet
41723,I_2,E1RADICAL,N,sonnet
41723,I_2,E2ALLEGATION,E,sonnet
41723,I_2,E2DEHUMANIZATION,E,sonnet
41723,I_2,E2DEMONIZE,E,sonnet
41723,I_2,E2STEREOTYPE,I,sonnet
41723,I_2,E2COLLECTIVEPOWER,I,sonnet
41723,I_2,E2CONSPIRACY,I,sonnet
41723,I_2,E2CONTROLMEDIA,N,sonnet
41723,I_2,E2CONTROLECONOMY,N,sonnet
41723,I_2,E2CONTROLGOV,N,sonnet
41723,I_2,E2CONTROLOTHER,N,sonnet
41723,I_2,E3COLLECTIVEBLAME,N,sonnet
9552,I_2,E1VIOLENCE,N,sonnet
9552,I_2,E1RADICAL,N,sonnet
9552,I_2,E2ALLEGATION,N,sonnet
9552,I_2,E2DEHUMANIZATION,I,sonnet
9552,I_2,E2DEMONIZE,N,sonnet
9552,I_2,E2STEREOTYPE,N,sonnet
9552,I_2,E2COLLECTIVEPOWER,N,sonnet
9552,I_2,E2CONSPIRACY,N,sonnet
9552,I_2,E2CONTROLMEDIA,N,sonnet
9552,I_2,E2CONTROLECONOMY,N,sonnet
9552,I_2,E2CONTROLGOV,N,sonnet
9552,I_2,E2CONTROLOTHER,N,sonnet
9552,I_2,E3COLLECTIVEBLAME,N,sonnet
36452,I_2,E1VIOLENCE,N,sonnet
36452,I_2,E1RADICAL,N,sonnet
36452,I_2,E2ALLEGATION,I,sonnet
36452,I_2,E2DEHUMANIZATION,N,sonnet
36452,I_2,E2DEMONIZE,N,sonnet
36452,I_2,E2STEREOTYPE,N,sonnet
36452,I_2,E2COLLECTIVEPOWER,N,sonnet
36452,I_2,E2CONSPIRACY,N,sonnet
36452,I_2,E2CONTROLMEDIA,N,sonnet
36452,I_2,E2CONTROLECONOMY,N,sonnet
36452,I_2,E2CONTROLGOV,N,sonnet
36452,I_2,E2CONTROLOTHER,N,sonnet
36452,I_2,E3COLLECTIVEBLAME,N,sonnet
2837,I_2,E1VIOLENCE,N,sonnet
2837,I_2,E1RADICAL,N,sonnet
2837,I_2,E2ALLEGATION,N,sonnet
2837,I_2,E2DEHUMANIZATION,N,sonnet
2837,I_2,E2DEMONIZE,N,sonnet
2837,I_2,E2STEREOTYPE,N,sonnet
2837,I_2,E2COLLECTIVEPOWER,N,sonnet
2837,I_2,E2CONSPIRACY,N,sonnet
2837,I_2,E2CONTROLMEDIA,N,sonnet
2837,I_2,E2CONTROLECONOMY,N,sonnet
2837,I_2,E2CONTROLGOV,N,sonnet
2837,I_2,E2CONTROLOTHER,N,sonnet
2837,I_2,E3COLLECTIVEBLAME,N,sonnet
32818,I_2,E1VIOLENCE,N,sonnet
32818,I_2,E1RADICAL,N,sonnet
32818,I_2,E2ALLEGATION,N,sonnet
32818,I_2,E2DEHUMANIZATION,N,sonnet
32818,I_2,E2DEMONIZE,N,sonnet
32818,I_2,E2STEREOTYPE,N,sonnet
32818,I_2,E2COLLECTIVEPOWER,N,sonnet
32818,I_2,E2CONSPIRACY,N,sonnet
32818,I_2,E2CONTROLMEDIA,N,sonnet
32818,I_2,E2CONTROLECONOMY,N,sonnet
32818,I_2,E2CONTROLGOV,N,sonnet
32818,I_2,E2CONTROLOTHER,N,sonnet
32818,I_2,E3COLLECTIVEBLAME,N,sonnet
20033,I_2,E1VIOLENCE,N,sonnet
20033,I_2,E1RADICAL,N,sonnet
20033,I_2,E2ALLEGATION,N,sonnet
20033,I_2,E2DEHUMANIZATION,E,sonnet
20033,I_2,E2DEMONIZE,N,sonnet
20033,I_2,E2STEREOTYPE,N,sonnet
20033,I_2,E2COLLECTIVEPOWER,N,sonnet
20033,I_2,E2CONSPIRACY,N,sonnet
20033,I_2,E2CONTROLMEDIA,N,sonnet
20033,I_2,E2CONTROLECONOMY,N,sonnet
20033,I_2,E2CONTROLGOV,N,sonnet
20033,I_2,E2CONTROLOTHER,N,sonnet
20033,I_2,E3COLLECTIVEBLAME,N,sonnet
13683,I_2,E1VIOLENCE,N,sonnet
13683,I_2,E1RADICAL,N,sonnet
13683,I_2,E2ALLEGATION,N,sonnet
13683,I_2,E2DEHUMANIZATION,N,sonnet
13683,I_2,E2DEMONIZE,N,sonnet
13683,I_2,E2STEREOTYPE,N,sonnet
13683,I_2,E2COLLECTIVEPOWER,N,sonnet
13683,I_2,E2CONSPIRACY,N,sonnet
13683,I_2,E2CONTROLMEDIA,N,sonnet
13683,I_2,E2CONTROLECONOMY,N,sonnet
13683,I_2,E2CONTROLGOV,N,sonnet
13683,I_2,E2CONTROLOTHER,N,sonnet
13683,I_2,E3COLLECTIVEBLAME,N,sonnet
14469,I_2,E1VIOLENCE,N,sonnet
14469,I_2,E1RADICAL,N,sonnet
14469,I_2,E2ALLEGATION,N,sonnet
14469,I_2,E2DEHUMANIZATION,N,sonnet
14469,I_2,E2DEMONIZE,N,sonnet
14469,I_2,E2STEREOTYPE,N,sonnet
14469,I_2,E2COLLECTIVEPOWER,N,sonnet
14469,I_2,E2CONSPIRACY,N,sonnet
14469,I_2,E2CONTROLMEDIA,N,sonnet
14469,I_2,E2CONTROLECONOMY,N,sonnet
14469,I_2,E2CONTROLGOV,N,sonnet
14469,I_2,E2CONTROLOTHER,N,sonnet
14469,I_2,E3COLLECTIVEBLAME,N,sonnet
9528,I_2,E1VIOLENCE,N,sonnet
9528,I_2,E1RADICAL,N,sonnet
9528,I_2,E2ALLEGATION,E,sonnet
9528,I_2,E2DEHUMANIZATION,I,sonnet
9528,I_2,E2DEMONIZE,E,sonnet
9528,I_2,E2STEREOTYPE,E,sonnet
9528,I_2,E2COLLECTIVEPOWER,N,sonnet
9528,I_2,E2CONSPIRACY,N,sonnet
9528,I_2,E2CONTROLMEDIA,N,sonnet
9528,I_2,E2CONTROLECONOMY,N,sonnet
9528,I_2,E2CONTROLGOV,N,sonnet
9528,I_2,E2CONTROLOTHER,N,sonnet
9528,I_2,E3COLLECTIVEBLAME,E,sonnet
33996,I_2,E1VIOLENCE,N,sonnet
33996,I_2,E1RADICAL,N,sonnet
33996,I_2,E2ALLEGATION,E,sonnet
33996,I_2,E2DEHUMANIZATION,E,sonnet
33996,I_2,E2DEMONIZE,E,sonnet
33996,I_2,E2STEREOTYPE,E,sonnet
33996,I_2,E2COLLECTIVEPOWER,N,sonnet
33996,I_2,E2CONSPIRACY,N,sonnet
33996,I_2,E2CONTROLMEDIA,N,sonnet
33996,I_2,E2CONTROLECONOMY,N,sonnet
33996,I_2,E2CONTROLGOV,N,sonnet
33996,I_2,E2CONTROLOTHER,N,sonnet
33996,I_2,E3COLLECTIVEBLAME,N,sonnet
42365,I_2,E1VIOLENCE,N,sonnet
42365,I_2,E1RADICAL,N,sonnet
42365,I_2,E2ALLEGATION,N,sonnet
42365,I_2,E2DEHUMANIZATION,N,sonnet
42365,I_2,E2DEMONIZE,N,sonnet
42365,I_2,E2STEREOTYPE,N,sonnet
42365,I_2,E2COLLECTIVEPOWER,N,sonnet
42365,I_2,E2CONSPIRACY,N,sonnet
42365,I_2,E2CONTROLMEDIA,N,sonnet
42365,I_2,E2CONTROLECONOMY,N,sonnet
42365,I_2,E2CONTROLGOV,N,sonnet
42365,I_2,E2CONTROLOTHER,N,sonnet
42365,I_2,E3COLLECTIVEBLAME,N,sonnet
26214,I_2,E1VIOLENCE,N,sonnet
26214,I_2,E1RADICAL,N,sonnet
26214,I_2,E2ALLEGATION,N,sonnet
26214,I_2,E2DEHUMANIZATION,N,sonnet
26214,I_2,E2DEMONIZE,N,sonnet
26214,I_2,E2STEREOTYPE,N,sonnet
26214,I_2,E2COLLECTIVEPOWER,N,sonnet
26214,I_2,E2CONSPIRACY,N,sonnet
26214,I_2,E2CONTROLMEDIA,N,sonnet
26214,I_2,E2CONTROLECONOMY,N,sonnet
26214,I_2,E2CONTROLGOV,N,sonnet
26214,I_2,E2CONTROLOTHER,N,sonnet
26214,I_2,E3COLLECTIVEBLAME,N,sonnet
43754,I_2,E1VIOLENCE,N,sonnet
43754,I_2,E1RADICAL,N,sonnet
43754,I_2,E2ALLEGATION,N,sonnet
43754,I_2,E2DEHUMANIZATION,N,sonnet
43754,I_2,E2DEMONIZE,N,sonnet
43754,I_2,E2STEREOTYPE,N,sonnet
43754,I_2,E2COLLECTIVEPOWER,N,sonnet
43754,I_2,E2CONSPIRACY,N,sonnet
43754,I_2,E2CONTROLMEDIA,N,sonnet
43754,I_2,E2CONTROLECONOMY,N,sonnet
43754,I_2,E2CONTROLGOV,N,sonnet
43754,I_2,E2CONTROLOTHER,N,sonnet
43754,I_2,E3COLLECTIVEBLAME,N,sonnet
10179,I_2,E1VIOLENCE,N,sonnet
10179,I_2,E1RADICAL,N,sonnet
10179,I_2,E2ALLEGATION,N,sonnet
10179,I_2,E2DEHUMANIZATION,N,sonnet
10179,I_2,E2DEMONIZE,N,sonnet
10179,I_2,E2STEREOTYPE,N,sonnet
10179,I_2,E2COLLECTIVEPOWER,N,sonnet
10179,I_2,E2CONSPIRACY,N,sonnet
10179,I_2,E2CONTROLMEDIA,N,sonnet
10179,I_2,E2CONTROLECONOMY,N,sonnet
10179,I_2,E2CONTROLGOV,N,sonnet
10179,I_2,E2CONTROLOTHER,N,sonnet
10179,I_2,E3COLLECTIVEBLAME,N,sonnet
11025,I_2,E1VIOLENCE,N,sonnet
11025,I_2,E1RADICAL,N,sonnet
11025,I_2,E2ALLEGATION,N,sonnet
11025,I_2,E2DEHUMANIZATION,N,sonnet
11025,I_2,E2DEMONIZE,N,sonnet
11025,I_2,E2STEREOTYPE,N,sonnet
11025,I_2,E2COLLECTIVEPOWER,N,sonnet
11025,I_2,E2CONSPIRACY,N,sonnet
11025,I_2,E2CONTROLMEDIA,N,sonnet
11025,I_2,E2CONTROLECONOMY,N,sonnet
11025,I_2,E2CONTROLGOV,N,sonnet
11025,I_2,E2CONTROLOTHER,N,sonnet
11025,I_2,E3COLLECTIVEBLAME,N,sonnet
23922,I_2,E1VIOLENCE,N,sonnet
23922,I_2,E1RADICAL,N,sonnet
23922,I_2,E2ALLEGATION,N,sonnet
23922,I_2,E2DEHUMANIZATION,N,sonnet
23922,I_2,E2DEMONIZE,N,sonnet
23922,I_2,E2STEREOTYPE,N,sonnet
23922,I_2,E2COLLECTIVEPOWER,N,sonnet
23922,I_2,E2CONSPIRACY,N,sonnet
23922,I_2,E2CONTROLMEDIA,N,sonnet
23922,I_2,E2CONTROLECONOMY,N,sonnet
23922,I_2,E2CONTROLGOV,N,sonnet
23922,I_2,E2CONTROLOTHER,N,sonnet
23922,I_2,E3COLLECTIVEBLAME,N,sonnet
6767,I_2,E1VIOLENCE,N,sonnet
6767,I_2,E1RADICAL,N,sonnet
6767,I_2,E2ALLEGATION,N,sonnet
6767,I_2,E2DEHUMANIZATION,N,sonnet
6767,I_2,E2DEMONIZE,N,sonnet
6767,I_2,E2STEREOTYPE,N,sonnet
6767,I_2,E2COLLECTIVEPOWER,N,sonnet
6767,I_2,E2CONSPIRACY,N,sonnet
6767,I_2,E2CONTROLMEDIA,N,sonnet
6767,I_2,E2CONTROLECONOMY,N,sonnet
6767,I_2,E2CONTROLGOV,N,sonnet
6767,I_2,E2CONTROLOTHER,N,sonnet
6767,I_2,E3COLLECTIVEBLAME,N,sonnet
15881,I_2,E1VIOLENCE,N,sonnet
15881,I_2,E1RADICAL,N,sonnet
15881,I_2,E2ALLEGATION,N,sonnet
15881,I_2,E2DEHUMANIZATION,N,sonnet
15881,I_2,E2DEMONIZE,N,sonnet
15881,I_2,E2STEREOTYPE,N,sonnet
15881,I_2,E2COLLECTIVEPOWER,N,sonnet
15881,I_2,E2CONSPIRACY,N,sonnet
15881,I_2,E2CONTROLMEDIA,N,sonnet
15881,I_2,E2CONTROLECONOMY,N,sonnet
15881,I_2,E2CONTROLGOV,N,sonnet
15881,I_2,E2CONTROLOTHER,N,sonnet
15881,I_2,E3COLLECTIVEBLAME,N,sonnet
35642,I_2,E1VIOLENCE,A,sonnet
35642,I_2,E1RADICAL,A,sonnet
35642,I_2,E2ALLEGATION,N,sonnet
35642,I_2,E2DEHUMANIZATION,N,sonnet
35642,I_2,E2DEMONIZE,N,sonnet
35642,I_2,E2STEREOTYPE,N,sonnet
35642,I_2,E2COLLECTIVEPOWER,N,sonnet
35642,I_2,E2CONSPIRACY,N,sonnet
35642,I_2,E2CONTROLMEDIA,N,sonnet
35642,I_2,E2CONTROLECONOMY,N,sonnet
35642,I_2,E2CONTROLGOV,N,sonnet
35642,I_2,E2CONTROLOTHER,N,sonnet
35642,I_2,E3COLLECTIVEBLAME,N,sonnet
792,I_2,E1VIOLENCE,N,sonnet
792,I_2,E1RADICAL,N,sonnet
792,I_2,E2ALLEGATION,N,sonnet
792,I_2,E2DEHUMANIZATION,N,sonnet
792,I_2,E2DEMONIZE,N,sonnet
792,I_2,E2STEREOTYPE,N,sonnet
792,I_2,E2COLLECTIVEPOWER,N,sonnet
792,I_2,E2CONSPIRACY,N,sonnet
792,I_2,E2CONTROLMEDIA,N,sonnet
792,I_2,E2CONTROLECONOMY,N,sonnet
792,I_2,E2CONTROLGOV,N,sonnet
792,I_2,E2CONTROLOTHER,N,sonnet
792,I_2,E3COLLECTIVEBLAME,N,sonnet
10796,I_2,E1VIOLENCE,N,sonnet
10796,I_2,E1RADICAL,N,sonnet
10796,I_2,E2ALLEGATION,I,sonnet
10796,I_2,E2DEHUMANIZATION,N,sonnet
10796,I_2,E2DEMONIZE,N,sonnet
10796,I_2,E2STEREOTYPE,N,sonnet
10796,I_2,E2COLLECTIVEPOWER,I,sonnet
10796,I_2,E2CONSPIRACY,N,sonnet
10796,I_2,E2CONTROLMEDIA,I,sonnet
10796,I_2,E2CONTROLECONOMY,N,sonnet
10796,I_2,E2CONTROLGOV,N,sonnet
10796,I_2,E2CONTROLOTHER,I,sonnet
10796,I_2,E3COLLECTIVEBLAME,N,sonnet
49632,I_2,E1VIOLENCE,I,gpt4o
49632,I_2,E1RADICAL,I,gpt4o
49632,I_2,E2ALLEGATION,I,gpt4o
49632,I_2,E2DEHUMANIZATION,I,gpt4o
49632,I_2,E2DEMONIZE,E,gpt4o
49632,I_2,E2STEREOTYPE,N,gpt4o
49632,I_2,E2COLLECTIVEPOWER,I,gpt4o
49632,I_2,E2CONSPIRACY,I,gpt4o
49632,I_2,E2CONTROLMEDIA,N,gpt4o
49632,I_2,E2CONTROLECONOMY,N,gpt4o
49632,I_2,E2CONTROLGOV,I,gpt4o
49632,I_2,E2CONTROLOTHER,N,gpt4o
49632,I_2,E3COLLECTIVEBLAME,N,gpt4o
1987,I_2,E1VIOLENCE,N,sonnet
1987,I_2,E1RADICAL,N,sonnet
1987,I_2,E2ALLEGATION,N,sonnet
1987,I_2,E2DEHUMANIZATION,N,sonnet
1987,I_2,E2DEMONIZE,N,sonnet
1987,I_2,E2STEREOTYPE,N,sonnet
1987,I_2,E2COLLECTIVEPOWER,N,sonnet
1987,I_2,E2CONSPIRACY,N,sonnet
1987,I_2,E2CONTROLMEDIA,N,sonnet
1987,I_2,E2CONTROLECONOMY,N,sonnet
1987,I_2,E2CONTROLGOV,N,sonnet
1987,I_2,E2CONTROLOTHER,N,sonnet
1987,I_2,E3COLLECTIVEBLAME,N,sonnet
29334,I_2,E1VIOLENCE,N,sonnet
29334,I_2,E1RADICAL,N,sonnet
29334,I_2,E2ALLEGATION,N,sonnet
29334,I_2,E2DEHUMANIZATION,N,sonnet
29334,I_2,E2DEMONIZE,N,sonnet
29334,I_2,E2STEREOTYPE,N,sonnet
29334,I_2,E2COLLECTIVEPOWER,N,sonnet
29334,I_2,E2CONSPIRACY,N,sonnet
29334,I_2,E2CONTROLMEDIA,N,sonnet
29334,I_2,E2CONTROLECONOMY,N,sonnet
29334,I_2,E2CONTROLGOV,N,sonnet
29334,I_2,E2CONTROLOTHER,N,sonnet
29334,I_2,E3COLLECTIVEBLAME,N,sonnet
16706,I_2,E1VIOLENCE,N,sonnet
16706,I_2,E1RADICAL,N,sonnet
16706,I_2,E2ALLEGATION,N,sonnet
16706,I_2,E2DEHUMANIZATION,N,sonnet
16706,I_2,E2DEMONIZE,N,sonnet
16706,I_2,E2STEREOTYPE,N,sonnet
16706,I_2,E2COLLECTIVEPOWER,N,sonnet
16706,I_2,E2CONSPIRACY,N,sonnet
16706,I_2,E2CONTROLMEDIA,N,sonnet
16706,I_2,E2CONTROLECONOMY,N,sonnet
16706,I_2,E2CONTROLGOV,N,sonnet
16706,I_2,E2CONTROLOTHER,N,sonnet
16706,I_2,E3COLLECTIVEBLAME,N,sonnet
20041,I_2,E1VIOLENCE,N,sonnet
20041,I_2,E1RADICAL,N,sonnet
20041,I_2,E2ALLEGATION,N,sonnet
20041,I_2,E2DEHUMANIZATION,N,sonnet
20041,I_2,E2DEMONIZE,N,sonnet
20041,I_2,E2STEREOTYPE,N,sonnet
20041,I_2,E2COLLECTIVEPOWER,N,sonnet
20041,I_2,E2CONSPIRACY,N,sonnet
20041,I_2,E2CONTROLMEDIA,N,sonnet
20041,I_2,E2CONTROLECONOMY,N,sonnet
20041,I_2,E2CONTROLGOV,N,sonnet
20041,I_2,E2CONTROLOTHER,N,sonnet
20041,I_2,E3COLLECTIVEBLAME,N,sonnet
27558,I_2,E1VIOLENCE,N,sonnet
27558,I_2,E1RADICAL,N,sonnet
27558,I_2,E2ALLEGATION,N,sonnet
27558,I_2,E2DEHUMANIZATION,N,sonnet
27558,I_2,E2DEMONIZE,N,sonnet
27558,I_2,E2STEREOTYPE,N,sonnet
27558,I_2,E2COLLECTIVEPOWER,N,sonnet
27558,I_2,E2CONSPIRACY,N,sonnet
27558,I_2,E2CONTROLMEDIA,N,sonnet
27558,I_2,E2CONTROLECONOMY,N,sonnet
27558,I_2,E2CONTROLGOV,N,sonnet
27558,I_2,E2CONTROLOTHER,N,sonnet
27558,I_2,E3COLLECTIVEBLAME,N,sonnet
35257,I_2,E1VIOLENCE,N,sonnet
35257,I_2,E1RADICAL,N,sonnet
35257,I_2,E2ALLEGATION,N,sonnet
35257,I_2,E2DEHUMANIZATION,N,sonnet
35257,I_2,E2DEMONIZE,N,sonnet
35257,I_2,E2STEREOTYPE,N,sonnet
35257,I_2,E2COLLECTIVEPOWER,N,sonnet
35257,I_2,E2CONSPIRACY,N,sonnet
35257,I_2,E2CONTROLMEDIA,N,sonnet
35257,I_2,E2CONTROLECONOMY,N,sonnet
35257,I_2,E2CONTROLGOV,N,sonnet
35257,I_2,E2CONTROLOTHER,N,sonnet
35257,I_2,E3COLLECTIVEBLAME,N,sonnet
26439,I_2,E1VIOLENCE,A,sonnet
26439,I_2,E1RADICAL,A,sonnet
26439,I_2,E2ALLEGATION,N,sonnet
26439,I_2,E2DEHUMANIZATION,N,sonnet
26439,I_2,E2DEMONIZE,N,sonnet
26439,I_2,E2STEREOTYPE,N,sonnet
26439,I_2,E2COLLECTIVEPOWER,N,sonnet
26439,I_2,E2CONSPIRACY,N,sonnet
26439,I_2,E2CONTROLMEDIA,N,sonnet
26439,I_2,E2CONTROLECONOMY,N,sonnet
26439,I_2,E2CONTROLGOV,N,sonnet
26439,I_2,E2CONTROLOTHER,N,sonnet
26439,I_2,E3COLLECTIVEBLAME,N,sonnet
10174,I_2,E1VIOLENCE,E,sonnet
10174,I_2,E1RADICAL,N,sonnet
10174,I_2,E2ALLEGATION,N,sonnet
10174,I_2,E2DEHUMANIZATION,N,sonnet
10174,I_2,E2DEMONIZE,N,sonnet
10174,I_2,E2STEREOTYPE,N,sonnet
10174,I_2,E2COLLECTIVEPOWER,N,sonnet
10174,I_2,E2CONSPIRACY,N,sonnet
10174,I_2,E2CONTROLMEDIA,N,sonnet
10174,I_2,E2CONTROLECONOMY,N,sonnet
10174,I_2,E2CONTROLGOV,N,sonnet
10174,I_2,E2CONTROLOTHER,N,sonnet
10174,I_2,E3COLLECTIVEBLAME,N,sonnet
43024,I_2,E1VIOLENCE,N,sonnet
43024,I_2,E1RADICAL,N,sonnet
43024,I_2,E2ALLEGATION,I,sonnet
43024,I_2,E2DEHUMANIZATION,N,sonnet
43024,I_2,E2DEMONIZE,N,sonnet
43024,I_2,E2STEREOTYPE,I,sonnet
43024,I_2,E2COLLECTIVEPOWER,N,sonnet
43024,I_2,E2CONSPIRACY,N,sonnet
43024,I_2,E2CONTROLMEDIA,N,sonnet
43024,I_2,E2CONTROLECONOMY,N,sonnet
43024,I_2,E2CONTROLGOV,I,sonnet
43024,I_2,E2CONTROLOTHER,N,sonnet
43024,I_2,E3COLLECTIVEBLAME,N,sonnet
13670,I_2,E1VIOLENCE,N,sonnet
13670,I_2,E1RADICAL,N,sonnet
13670,I_2,E2ALLEGATION,N,sonnet
13670,I_2,E2DEHUMANIZATION,N,sonnet
13670,I_2,E2DEMONIZE,N,sonnet
13670,I_2,E2STEREOTYPE,N,sonnet
13670,I_2,E2COLLECTIVEPOWER,N,sonnet
13670,I_2,E2CONSPIRACY,N,sonnet
13670,I_2,E2CONTROLMEDIA,N,sonnet
13670,I_2,E2CONTROLECONOMY,N,sonnet
13670,I_2,E2CONTROLGOV,N,sonnet
13670,I_2,E2CONTROLOTHER,N,sonnet
13670,I_2,E3COLLECTIVEBLAME,N,sonnet
27587,I_2,E1VIOLENCE,N,sonnet
27587,I_2,E1RADICAL,N,sonnet
27587,I_2,E2ALLEGATION,N,sonnet
27587,I_2,E2DEHUMANIZATION,N,sonnet
27587,I_2,E2DEMONIZE,N,sonnet
27587,I_2,E2STEREOTYPE,N,sonnet
27587,I_2,E2COLLECTIVEPOWER,N,sonnet
27587,I_2,E2CONSPIRACY,N,sonnet
27587,I_2,E2CONTROLMEDIA,N,sonnet
27587,I_2,E2CONTROLECONOMY,N,sonnet
27587,I_2,E2CONTROLGOV,N,sonnet
27587,I_2,E2CONTROLOTHER,N,sonnet
27587,I_2,E3COLLECTIVEBLAME,N,sonnet
45120,I_2,E1VIOLENCE,N,sonnet
45120,I_2,E1RADICAL,N,sonnet
45120,I_2,E2ALLEGATION,N,sonnet
45120,I_2,E2DEHUMANIZATION,N,sonnet
45120,I_2,E2DEMONIZE,N,sonnet
45120,I_2,E2STEREOTYPE,N,sonnet
45120,I_2,E2COLLECTIVEPOWER,N,sonnet
45120,I_2,E2CONSPIRACY,N,sonnet
45120,I_2,E2CONTROLMEDIA,N,sonnet
45120,I_2,E2CONTROLECONOMY,N,sonnet
45120,I_2,E2CONTROLGOV,N,sonnet
45120,I_2,E2CONTROLOTHER,N,sonnet
45120,I_2,E3COLLECTIVEBLAME,N,sonnet
17969,I_2,E1VIOLENCE,N,sonnet
17969,I_2,E1RADICAL,N,sonnet
17969,I_2,E2ALLEGATION,A,sonnet
17969,I_2,E2DEHUMANIZATION,A,sonnet
17969,I_2,E2DEMONIZE,A,sonnet
17969,I_2,E2STEREOTYPE,N,sonnet
17969,I_2,E2COLLECTIVEPOWER,N,sonnet
17969,I_2,E2CONSPIRACY,N,sonnet
17969,I_2,E2CONTROLMEDIA,N,sonnet
17969,I_2,E2CONTROLECONOMY,N,sonnet
17969,I_2,E2CONTROLGOV,N,sonnet
17969,I_2,E2CONTROLOTHER,N,sonnet
17969,I_2,E3COLLECTIVEBLAME,N,sonnet
24854,I_2,E1VIOLENCE,N,sonnet
24854,I_2,E1RADICAL,N,sonnet
24854,I_2,E2ALLEGATION,N,sonnet
24854,I_2,E2DEHUMANIZATION,N,sonnet
24854,I_2,E2DEMONIZE,N,sonnet
24854,I_2,E2STEREOTYPE,N,sonnet
24854,I_2,E2COLLECTIVEPOWER,N,sonnet
24854,I_2,E2CONSPIRACY,N,sonnet
24854,I_2,E2CONTROLMEDIA,N,sonnet
24854,I_2,E2CONTROLECONOMY,N,sonnet
24854,I_2,E2CONTROLGOV,N,sonnet
24854,I_2,E2CONTROLOTHER,N,sonnet
24854,I_2,E3COLLECTIVEBLAME,N,sonnet
903,I_2,E1VIOLENCE,N,sonnet
903,I_2,E1RADICAL,N,sonnet
903,I_2,E2ALLEGATION,N,sonnet
903,I_2,E2DEHUMANIZATION,N,sonnet
903,I_2,E2DEMONIZE,N,sonnet
903,I_2,E2STEREOTYPE,N,sonnet
903,I_2,E2COLLECTIVEPOWER,N,sonnet
903,I_2,E2CONSPIRACY,N,sonnet
903,I_2,E2CONTROLMEDIA,N,sonnet
903,I_2,E2CONTROLECONOMY,N,sonnet
903,I_2,E2CONTROLGOV,N,sonnet
903,I_2,E2CONTROLOTHER,N,sonnet
903,I_2,E3COLLECTIVEBLAME,N,sonnet
5744,I_2,E1VIOLENCE,N,sonnet
5744,I_2,E1RADICAL,N,sonnet
5744,I_2,E2ALLEGATION,E,sonnet
5744,I_2,E2DEHUMANIZATION,E,sonnet
5744,I_2,E2DEMONIZE,E,sonnet
5744,I_2,E2STEREOTYPE,N,sonnet
5744,I_2,E2COLLECTIVEPOWER,N,sonnet
5744,I_2,E2CONSPIRACY,N,sonnet
5744,I_2,E2CONTROLMEDIA,N,sonnet
5744,I_2,E2CONTROLECONOMY,N,sonnet
5744,I_2,E2CONTROLGOV,N,sonnet
5744,I_2,E2CONTROLOTHER,N,sonnet
5744,I_2,E3COLLECTIVEBLAME,N,sonnet
19428,I_2,E1VIOLENCE,N,sonnet
19428,I_2,E1RADICAL,N,sonnet
19428,I_2,E2ALLEGATION,E,sonnet
19428,I_2,E2DEHUMANIZATION,E,sonnet
19428,I_2,E2DEMONIZE,E,sonnet
19428,I_2,E2STEREOTYPE,I,sonnet
19428,I_2,E2COLLECTIVEPOWER,N,sonnet
19428,I_2,E2CONSPIRACY,N,sonnet
19428,I_2,E2CONTROLMEDIA,N,sonnet
19428,I_2,E2CONTROLECONOMY,N,sonnet
19428,I_2,E2CONTROLGOV,N,sonnet
19428,I_2,E2CONTROLOTHER,I,sonnet
19428,I_2,E3COLLECTIVEBLAME,E,sonnet
45741,I_2,E1VIOLENCE,N,sonnet
45741,I_2,E1RADICAL,N,sonnet
45741,I_2,E2ALLEGATION,N,sonnet
45741,I_2,E2DEHUMANIZATION,N,sonnet
45741,I_2,E2DEMONIZE,N,sonnet
45741,I_2,E2STEREOTYPE,N,sonnet
45741,I_2,E2COLLECTIVEPOWER,N,sonnet
45741,I_2,E2CONSPIRACY,N,sonnet
45741,I_2,E2CONTROLMEDIA,N,sonnet
45741,I_2,E2CONTROLECONOMY,N,sonnet
45741,I_2,E2CONTROLGOV,N,sonnet
45741,I_2,E2CONTROLOTHER,N,sonnet
45741,I_2,E3COLLECTIVEBLAME,N,sonnet
34157,I_2,E1VIOLENCE,N,sonnet
34157,I_2,E1RADICAL,N,sonnet
34157,I_2,E2ALLEGATION,N,sonnet
34157,I_2,E2DEHUMANIZATION,N,sonnet
34157,I_2,E2DEMONIZE,N,sonnet
34157,I_2,E2STEREOTYPE,N,sonnet
34157,I_2,E2COLLECTIVEPOWER,N,sonnet
34157,I_2,E2CONSPIRACY,N,sonnet
34157,I_2,E2CONTROLMEDIA,N,sonnet
34157,I_2,E2CONTROLECONOMY,N,sonnet
34157,I_2,E2CONTROLGOV,N,sonnet
34157,I_2,E2CONTROLOTHER,N,sonnet
34157,I_2,E3COLLECTIVEBLAME,N,sonnet
42705,I_2,E1VIOLENCE,N,sonnet
42705,I_2,E1RADICAL,N,sonnet
42705,I_2,E2ALLEGATION,I,sonnet
42705,I_2,E2DEHUMANIZATION,I,sonnet
42705,I_2,E2DEMONIZE,I,sonnet
42705,I_2,E2STEREOTYPE,I,sonnet
42705,I_2,E2COLLECTIVEPOWER,I,sonnet
42705,I_2,E2CONSPIRACY,N,sonnet
42705,I_2,E2CONTROLMEDIA,N,sonnet
42705,I_2,E2CONTROLECONOMY,N,sonnet
42705,I_2,E2CONTROLGOV,I,sonnet
42705,I_2,E2CONTROLOTHER,N,sonnet
42705,I_2,E3COLLECTIVEBLAME,N,sonnet
7761,I_2,E1VIOLENCE,N,sonnet
7761,I_2,E1RADICAL,N,sonnet
7761,I_2,E2ALLEGATION,N,sonnet
7761,I_2,E2DEHUMANIZATION,N,sonnet
7761,I_2,E2DEMONIZE,N,sonnet
7761,I_2,E2STEREOTYPE,N,sonnet
7761,I_2,E2COLLECTIVEPOWER,N,sonnet
7761,I_2,E2CONSPIRACY,N,sonnet
7761,I_2,E2CONTROLMEDIA,N,sonnet
7761,I_2,E2CONTROLECONOMY,N,sonnet
7761,I_2,E2CONTROLGOV,N,sonnet
7761,I_2,E2CONTROLOTHER,N,sonnet
7761,I_2,E3COLLECTIVEBLAME,N,sonnet
6559,I_2,E1VIOLENCE,N,sonnet
6559,I_2,E1RADICAL,N,sonnet
6559,I_2,E2ALLEGATION,N,sonnet
6559,I_2,E2DEHUMANIZATION,N,sonnet
6559,I_2,E2DEMONIZE,N,sonnet
6559,I_2,E2STEREOTYPE,N,sonnet
6559,I_2,E2COLLECTIVEPOWER,N,sonnet
6559,I_2,E2CONSPIRACY,N,sonnet
6559,I_2,E2CONTROLMEDIA,N,sonnet
6559,I_2,E2CONTROLECONOMY,N,sonnet
6559,I_2,E2CONTROLGOV,N,sonnet
6559,I_2,E2CONTROLOTHER,N,sonnet
6559,I_2,E3COLLECTIVEBLAME,N,sonnet
43018,I_2,E1VIOLENCE,N,sonnet
43018,I_2,E1RADICAL,N,sonnet
43018,I_2,E2ALLEGATION,N,sonnet
43018,I_2,E2DEHUMANIZATION,N,sonnet
43018,I_2,E2DEMONIZE,N,sonnet
43018,I_2,E2STEREOTYPE,N,sonnet
43018,I_2,E2COLLECTIVEPOWER,N,sonnet
43018,I_2,E2CONSPIRACY,N,sonnet
43018,I_2,E2CONTROLMEDIA,N,sonnet
43018,I_2,E2CONTROLECONOMY,N,sonnet
43018,I_2,E2CONTROLGOV,N,sonnet
43018,I_2,E2CONTROLOTHER,N,sonnet
43018,I_2,E3COLLECTIVEBLAME,N,sonnet
30381,I_2,E1VIOLENCE,N,sonnet
30381,I_2,E1RADICAL,N,sonnet
30381,I_2,E2ALLEGATION,N,sonnet
30381,I_2,E2DEHUMANIZATION,N,sonnet
30381,I_2,E2DEMONIZE,N,sonnet
30381,I_2,E2STEREOTYPE,N,sonnet
30381,I_2,E2COLLECTIVEPOWER,N,sonnet
30381,I_2,E2CONSPIRACY,N,sonnet
30381,I_2,E2CONTROLMEDIA,N,sonnet
30381,I_2,E2CONTROLECONOMY,N,sonnet
30381,I_2,E2CONTROLGOV,N,sonnet
30381,I_2,E2CONTROLOTHER,N,sonnet
30381,I_2,E3COLLECTIVEBLAME,N,sonnet
7136,I_2,E1VIOLENCE,N,sonnet
7136,I_2,E1RADICAL,N,sonnet
7136,I_2,E2ALLEGATION,N,sonnet
7136,I_2,E2DEHUMANIZATION,N,sonnet
7136,I_2,E2DEMONIZE,N,sonnet
7136,I_2,E2STEREOTYPE,N,sonnet
7136,I_2,E2COLLECTIVEPOWER,N,sonnet
7136,I_2,E2CONSPIRACY,N,sonnet
7136,I_2,E2CONTROLMEDIA,N,sonnet
7136,I_2,E2CONTROLECONOMY,N,sonnet
7136,I_2,E2CONTROLGOV,N,sonnet
7136,I_2,E2CONTROLOTHER,N,sonnet
7136,I_2,E3COLLECTIVEBLAME,N,sonnet
43733,I_2,E1VIOLENCE,A,sonnet
43733,I_2,E1RADICAL,N,sonnet
43733,I_2,E2ALLEGATION,N,sonnet
43733,I_2,E2DEHUMANIZATION,N,sonnet
43733,I_2,E2DEMONIZE,N,sonnet
43733,I_2,E2STEREOTYPE,N,sonnet
43733,I_2,E2COLLECTIVEPOWER,N,sonnet
43733,I_2,E2CONSPIRACY,N,sonnet
43733,I_2,E2CONTROLMEDIA,N,sonnet
43733,I_2,E2CONTROLECONOMY,N,sonnet
43733,I_2,E2CONTROLGOV,N,sonnet
43733,I_2,E2CONTROLOTHER,N,sonnet
43733,I_2,E3COLLECTIVEBLAME,N,sonnet
1730,I_2,E1VIOLENCE,N,sonnet
1730,I_2,E1RADICAL,N,sonnet
1730,I_2,E2ALLEGATION,N,sonnet
1730,I_2,E2DEHUMANIZATION,N,sonnet
1730,I_2,E2DEMONIZE,N,sonnet
1730,I_2,E2STEREOTYPE,N,sonnet
1730,I_2,E2COLLECTIVEPOWER,N,sonnet
1730,I_2,E2CONSPIRACY,N,sonnet
1730,I_2,E2CONTROLMEDIA,N,sonnet
1730,I_2,E2CONTROLECONOMY,N,sonnet
1730,I_2,E2CONTROLGOV,N,sonnet
1730,I_2,E2CONTROLOTHER,N,sonnet
1730,I_2,E3COLLECTIVEBLAME,N,sonnet
4237,I_2,E1VIOLENCE,N,sonnet
4237,I_2,E1RADICAL,N,sonnet
4237,I_2,E2ALLEGATION,N,sonnet
4237,I_2,E2DEHUMANIZATION,N,sonnet
4237,I_2,E2DEMONIZE,N,sonnet
4237,I_2,E2STEREOTYPE,N,sonnet
4237,I_2,E2COLLECTIVEPOWER,N,sonnet
4237,I_2,E2CONSPIRACY,N,sonnet
4237,I_2,E2CONTROLMEDIA,N,sonnet
4237,I_2,E2CONTROLECONOMY,N,sonnet
4237,I_2,E2CONTROLGOV,N,sonnet
4237,I_2,E2CONTROLOTHER,N,sonnet
4237,I_2,E3COLLECTIVEBLAME,N,sonnet
20026,I_2,E1VIOLENCE,N,sonnet
20026,I_2,E1RADICAL,N,sonnet
20026,I_2,E2ALLEGATION,I,sonnet
20026,I_2,E2DEHUMANIZATION,I,sonnet
20026,I_2,E2DEMONIZE,I,sonnet
20026,I_2,E2STEREOTYPE,N,sonnet
20026,I_2,E2COLLECTIVEPOWER,N,sonnet
20026,I_2,E2CONSPIRACY,I,sonnet
20026,I_2,E2CONTROLMEDIA,N,sonnet
20026,I_2,E2CONTROLECONOMY,N,sonnet
20026,I_2,E2CONTROLGOV,N,sonnet
20026,I_2,E2CONTROLOTHER,N,sonnet
20026,I_2,E3COLLECTIVEBLAME,N,sonnet
29363,I_2,E1VIOLENCE,N,sonnet
29363,I_2,E1RADICAL,N,sonnet
29363,I_2,E2ALLEGATION,N,sonnet
29363,I_2,E2DEHUMANIZATION,N,sonnet
29363,I_2,E2DEMONIZE,N,sonnet
29363,I_2,E2STEREOTYPE,N,sonnet
29363,I_2,E2COLLECTIVEPOWER,N,sonnet
29363,I_2,E2CONSPIRACY,N,sonnet
29363,I_2,E2CONTROLMEDIA,N,sonnet
29363,I_2,E2CONTROLECONOMY,N,sonnet
29363,I_2,E2CONTROLGOV,N,sonnet
29363,I_2,E2CONTROLOTHER,N,sonnet
29363,I_2,E3COLLECTIVEBLAME,N,sonnet
25396,I_2,E1VIOLENCE,N,sonnet
25396,I_2,E1RADICAL,N,sonnet
25396,I_2,E2ALLEGATION,N,sonnet
25396,I_2,E2DEHUMANIZATION,N,sonnet
25396,I_2,E2DEMONIZE,N,sonnet
25396,I_2,E2STEREOTYPE,N,sonnet
25396,I_2,E2COLLECTIVEPOWER,N,sonnet
25396,I_2,E2CONSPIRACY,N,sonnet
25396,I_2,E2CONTROLMEDIA,N,sonnet
25396,I_2,E2CONTROLECONOMY,N,sonnet
25396,I_2,E2CONTROLGOV,N,sonnet
25396,I_2,E2CONTROLOTHER,N,sonnet
25396,I_2,E3COLLECTIVEBLAME,N,sonnet
7745,I_2,E1VIOLENCE,N,sonnet
7745,I_2,E1RADICAL,N,sonnet
7745,I_2,E2ALLEGATION,N,sonnet
7745,I_2,E2DEHUMANIZATION,N,sonnet
7745,I_2,E2DEMONIZE,N,sonnet
7745,I_2,E2STEREOTYPE,N,sonnet
7745,I_2,E2COLLECTIVEPOWER,N,sonnet
7745,I_2,E2CONSPIRACY,N,sonnet
7745,I_2,E2CONTROLMEDIA,N,sonnet
7745,I_2,E2CONTROLECONOMY,N,sonnet
7745,I_2,E2CONTROLGOV,N,sonnet
7745,I_2,E2CONTROLOTHER,N,sonnet
7745,I_2,E3COLLECTIVEBLAME,N,sonnet
1899,I_2,E1VIOLENCE,N,sonnet
1899,I_2,E1RADICAL,N,sonnet
1899,I_2,E2ALLEGATION,N,sonnet
1899,I_2,E2DEHUMANIZATION,N,sonnet
1899,I_2,E2DEMONIZE,N,sonnet
1899,I_2,E2STEREOTYPE,N,sonnet
1899,I_2,E2COLLECTIVEPOWER,N,sonnet
1899,I_2,E2CONSPIRACY,N,sonnet
1899,I_2,E2CONTROLMEDIA,N,sonnet
1899,I_2,E2CONTROLECONOMY,N,sonnet
1899,I_2,E2CONTROLGOV,N,sonnet
1899,I_2,E2CONTROLOTHER,N,sonnet
1899,I_2,E3COLLECTIVEBLAME,N,sonnet
49857,I_2,E1VIOLENCE,N,sonnet
49857,I_2,E1RADICAL,N,sonnet
49857,I_2,E2ALLEGATION,N,sonnet
49857,I_2,E2DEHUMANIZATION,N,sonnet
49857,I_2,E2DEMONIZE,N,sonnet
49857,I_2,E2STEREOTYPE,N,sonnet
49857,I_2,E2COLLECTIVEPOWER,N,sonnet
49857,I_2,E2CONSPIRACY,N,sonnet
49857,I_2,E2CONTROLMEDIA,N,sonnet
49857,I_2,E2CONTROLECONOMY,N,sonnet
49857,I_2,E2CONTROLGOV,N,sonnet
49857,I_2,E2CONTROLOTHER,N,sonnet
49857,I_2,E3COLLECTIVEBLAME,N,sonnet
4166,I_2,E1VIOLENCE,N,sonnet
4166,I_2,E1RADICAL,N,sonnet
4166,I_2,E2ALLEGATION,N,sonnet
4166,I_2,E2DEHUMANIZATION,N,sonnet
4166,I_2,E2DEMONIZE,N,sonnet
4166,I_2,E2STEREOTYPE,N,sonnet
4166,I_2,E2COLLECTIVEPOWER,N,sonnet
4166,I_2,E2CONSPIRACY,N,sonnet
4166,I_2,E2CONTROLMEDIA,N,sonnet
4166,I_2,E2CONTROLECONOMY,N,sonnet
4166,I_2,E2CONTROLGOV,N,sonnet
4166,I_2,E2CONTROLOTHER,N,sonnet
4166,I_2,E3COLLECTIVEBLAME,N,sonnet
14309,I_2,E1VIOLENCE,N,sonnet
14309,I_2,E1RADICAL,N,sonnet
14309,I_2,E2ALLEGATION,N,sonnet
14309,I_2,E2DEHUMANIZATION,N,sonnet
14309,I_2,E2DEMONIZE,N,sonnet
14309,I_2,E2STEREOTYPE,N,sonnet
14309,I_2,E2COLLECTIVEPOWER,N,sonnet
14309,I_2,E2CONSPIRACY,N,sonnet
14309,I_2,E2CONTROLMEDIA,N,sonnet
14309,I_2,E2CONTROLECONOMY,N,sonnet
14309,I_2,E2CONTROLGOV,N,sonnet
14309,I_2,E2CONTROLOTHER,N,sonnet
14309,I_2,E3COLLECTIVEBLAME,N,sonnet
46605,I_2,E1VIOLENCE,N,sonnet
46605,I_2,E1RADICAL,N,sonnet
46605,I_2,E2ALLEGATION,N,sonnet
46605,I_2,E2DEHUMANIZATION,N,sonnet
46605,I_2,E2DEMONIZE,N,sonnet
46605,I_2,E2STEREOTYPE,N,sonnet
46605,I_2,E2COLLECTIVEPOWER,N,sonnet
46605,I_2,E2CONSPIRACY,N,sonnet
46605,I_2,E2CONTROLMEDIA,N,sonnet
46605,I_2,E2CONTROLECONOMY,N,sonnet
46605,I_2,E2CONTROLGOV,N,sonnet
46605,I_2,E2CONTROLOTHER,N,sonnet
46605,I_2,E3COLLECTIVEBLAME,N,sonnet
34086,I_2,E1VIOLENCE,N,sonnet
34086,I_2,E1RADICAL,N,sonnet
34086,I_2,E2ALLEGATION,I,sonnet
34086,I_2,E2DEHUMANIZATION,N,sonnet
34086,I_2,E2DEMONIZE,I,sonnet
34086,I_2,E2STEREOTYPE,I,sonnet
34086,I_2,E2COLLECTIVEPOWER,N,sonnet
34086,I_2,E2CONSPIRACY,N,sonnet
34086,I_2,E2CONTROLMEDIA,N,sonnet
34086,I_2,E2CONTROLECONOMY,N,sonnet
34086,I_2,E2CONTROLGOV,I,sonnet
34086,I_2,E2CONTROLOTHER,N,sonnet
34086,I_2,E3COLLECTIVEBLAME,I,sonnet
5554,I_2,E1VIOLENCE,N,sonnet
5554,I_2,E1RADICAL,N,sonnet
5554,I_2,E2ALLEGATION,N,sonnet
5554,I_2,E2DEHUMANIZATION,N,sonnet
5554,I_2,E2DEMONIZE,N,sonnet
5554,I_2,E2STEREOTYPE,N,sonnet
5554,I_2,E2COLLECTIVEPOWER,N,sonnet
5554,I_2,E2CONSPIRACY,N,sonnet
5554,I_2,E2CONTROLMEDIA,N,sonnet
5554,I_2,E2CONTROLECONOMY,N,sonnet
5554,I_2,E2CONTROLGOV,N,sonnet
5554,I_2,E2CONTROLOTHER,N,sonnet
5554,I_2,E3COLLECTIVEBLAME,N,sonnet
31489,I_2,E1VIOLENCE,N,sonnet
31489,I_2,E1RADICAL,N,sonnet
31489,I_2,E2ALLEGATION,E,sonnet
31489,I_2,E2DEHUMANIZATION,E,sonnet
31489,I_2,E2DEMONIZE,E,sonnet
31489,I_2,E2STEREOTYPE,N,sonnet
31489,I_2,E2COLLECTIVEPOWER,N,sonnet
31489,I_2,E2CONSPIRACY,N,sonnet
31489,I_2,E2CONTROLMEDIA,N,sonnet
31489,I_2,E2CONTROLECONOMY,N,sonnet
31489,I_2,E2CONTROLGOV,N,sonnet
31489,I_2,E2CONTROLOTHER,N,sonnet
31489,I_2,E3COLLECTIVEBLAME,N,sonnet
16205,I_2,E1VIOLENCE,N,sonnet
16205,I_2,E1RADICAL,N,sonnet
16205,I_2,E2ALLEGATION,N,sonnet
16205,I_2,E2DEHUMANIZATION,N,sonnet
16205,I_2,E2DEMONIZE,N,sonnet
16205,I_2,E2STEREOTYPE,N,sonnet
16205,I_2,E2COLLECTIVEPOWER,N,sonnet
16205,I_2,E2CONSPIRACY,N,sonnet
16205,I_2,E2CONTROLMEDIA,N,sonnet
16205,I_2,E2CONTROLECONOMY,N,sonnet
16205,I_2,E2CONTROLGOV,N,sonnet
16205,I_2,E2CONTROLOTHER,N,sonnet
16205,I_2,E3COLLECTIVEBLAME,N,sonnet
48545,I_2,E1VIOLENCE,N,gpt4o
48545,I_2,E1RADICAL,N,gpt4o
48545,I_2,E2ALLEGATION,E,gpt4o
48545,I_2,E2DEHUMANIZATION,I,gpt4o
48545,I_2,E2DEMONIZE,E,gpt4o
48545,I_2,E2STEREOTYPE,N,gpt4o
48545,I_2,E2COLLECTIVEPOWER,I,gpt4o
48545,I_2,E2CONSPIRACY,I,gpt4o
48545,I_2,E2CONTROLMEDIA,N,gpt4o
48545,I_2,E2CONTROLECONOMY,N,gpt4o
48545,I_2,E2CONTROLGOV,N,gpt4o
48545,I_2,E2CONTROLOTHER,N,gpt4o
48545,I_2,E3COLLECTIVEBLAME,E,gpt4o
19796,I_2,E1VIOLENCE,N,sonnet
19796,I_2,E1RADICAL,N,sonnet
19796,I_2,E2ALLEGATION,N,sonnet
19796,I_2,E2DEHUMANIZATION,N,sonnet
19796,I_2,E2DEMONIZE,N,sonnet
19796,I_2,E2STEREOTYPE,N,sonnet
19796,I_2,E2COLLECTIVEPOWER,N,sonnet
19796,I_2,E2CONSPIRACY,N,sonnet
19796,I_2,E2CONTROLMEDIA,N,sonnet
19796,I_2,E2CONTROLECONOMY,N,sonnet
19796,I_2,E2CONTROLGOV,N,sonnet
19796,I_2,E2CONTROLOTHER,N,sonnet
19796,I_2,E3COLLECTIVEBLAME,N,sonnet
9304,I_2,E1VIOLENCE,N,sonnet
9304,I_2,E1RADICAL,N,sonnet
9304,I_2,E2ALLEGATION,N,sonnet
9304,I_2,E2DEHUMANIZATION,N,sonnet
9304,I_2,E2DEMONIZE,N,sonnet
9304,I_2,E2STEREOTYPE,N,sonnet
9304,I_2,E2COLLECTIVEPOWER,N,sonnet
9304,I_2,E2CONSPIRACY,N,sonnet
9304,I_2,E2CONTROLMEDIA,N,sonnet
9304,I_2,E2CONTROLECONOMY,N,sonnet
9304,I_2,E2CONTROLGOV,N,sonnet
9304,I_2,E2CONTROLOTHER,N,sonnet
9304,I_2,E3COLLECTIVEBLAME,N,sonnet
41396,I_2,E1VIOLENCE,N,sonnet
41396,I_2,E1RADICAL,N,sonnet
41396,I_2,E2ALLEGATION,N,sonnet
41396,I_2,E2DEHUMANIZATION,N,sonnet
41396,I_2,E2DEMONIZE,N,sonnet
41396,I_2,E2STEREOTYPE,N,sonnet
41396,I_2,E2COLLECTIVEPOWER,N,sonnet
41396,I_2,E2CONSPIRACY,N,sonnet
41396,I_2,E2CONTROLMEDIA,N,sonnet
41396,I_2,E2CONTROLECONOMY,N,sonnet
41396,I_2,E2CONTROLGOV,N,sonnet
41396,I_2,E2CONTROLOTHER,N,sonnet
41396,I_2,E3COLLECTIVEBLAME,N,sonnet
50034,I_2,E1VIOLENCE,N,sonnet
50034,I_2,E1RADICAL,N,sonnet
50034,I_2,E2ALLEGATION,N,sonnet
50034,I_2,E2DEHUMANIZATION,N,sonnet
50034,I_2,E2DEMONIZE,N,sonnet
50034,I_2,E2STEREOTYPE,N,sonnet
50034,I_2,E2COLLECTIVEPOWER,N,sonnet
50034,I_2,E2CONSPIRACY,N,sonnet
50034,I_2,E2CONTROLMEDIA,N,sonnet
50034,I_2,E2CONTROLECONOMY,N,sonnet
50034,I_2,E2CONTROLGOV,N,sonnet
50034,I_2,E2CONTROLOTHER,N,sonnet
50034,I_2,E3COLLECTIVEBLAME,N,sonnet
1567,I_2,E1VIOLENCE,N,sonnet
1567,I_2,E1RADICAL,N,sonnet
1567,I_2,E2ALLEGATION,N,sonnet
1567,I_2,E2DEHUMANIZATION,N,sonnet
1567,I_2,E2DEMONIZE,N,sonnet
1567,I_2,E2STEREOTYPE,N,sonnet
1567,I_2,E2COLLECTIVEPOWER,N,sonnet
1567,I_2,E2CONSPIRACY,N,sonnet
1567,I_2,E2CONTROLMEDIA,N,sonnet
1567,I_2,E2CONTROLECONOMY,N,sonnet
1567,I_2,E2CONTROLGOV,N,sonnet
1567,I_2,E2CONTROLOTHER,N,sonnet
1567,I_2,E3COLLECTIVEBLAME,N,sonnet
48734,I_2,E1VIOLENCE,N,sonnet
48734,I_2,E1RADICAL,N,sonnet
48734,I_2,E2ALLEGATION,N,sonnet
48734,I_2,E2DEHUMANIZATION,N,sonnet
48734,I_2,E2DEMONIZE,N,sonnet
48734,I_2,E2STEREOTYPE,N,sonnet
48734,I_2,E2COLLECTIVEPOWER,N,sonnet
48734,I_2,E2CONSPIRACY,N,sonnet
48734,I_2,E2CONTROLMEDIA,N,sonnet
48734,I_2,E2CONTROLECONOMY,N,sonnet
48734,I_2,E2CONTROLGOV,N,sonnet
48734,I_2,E2CONTROLOTHER,N,sonnet
48734,I_2,E3COLLECTIVEBLAME,N,sonnet
37781,I_2,E1VIOLENCE,N,sonnet
37781,I_2,E1RADICAL,N,sonnet
37781,I_2,E2ALLEGATION,N,sonnet
37781,I_2,E2DEHUMANIZATION,N,sonnet
37781,I_2,E2DEMONIZE,N,sonnet
37781,I_2,E2STEREOTYPE,N,sonnet
37781,I_2,E2COLLECTIVEPOWER,N,sonnet
37781,I_2,E2CONSPIRACY,N,sonnet
37781,I_2,E2CONTROLMEDIA,N,sonnet
37781,I_2,E2CONTROLECONOMY,N,sonnet
37781,I_2,E2CONTROLGOV,N,sonnet
37781,I_2,E2CONTROLOTHER,N,sonnet
37781,I_2,E3COLLECTIVEBLAME,N,sonnet
11614,I_2,E1VIOLENCE,N,sonnet
11614,I_2,E1RADICAL,N,sonnet
11614,I_2,E2ALLEGATION,N,sonnet
11614,I_2,E2DEHUMANIZATION,N,sonnet
11614,I_2,E2DEMONIZE,N,sonnet
11614,I_2,E2STEREOTYPE,N,sonnet
11614,I_2,E2COLLECTIVEPOWER,N,sonnet
11614,I_2,E2CONSPIRACY,N,sonnet
11614,I_2,E2CONTROLMEDIA,N,sonnet
11614,I_2,E2CONTROLECONOMY,N,sonnet
11614,I_2,E2CONTROLGOV,N,sonnet
11614,I_2,E2CONTROLOTHER,N,sonnet
11614,I_2,E3COLLECTIVEBLAME,N,sonnet
44117,I_2,E1VIOLENCE,N,sonnet
44117,I_2,E1RADICAL,N,sonnet
44117,I_2,E2ALLEGATION,N,sonnet
44117,I_2,E2DEHUMANIZATION,N,sonnet
44117,I_2,E2DEMONIZE,N,sonnet
44117,I_2,E2STEREOTYPE,N,sonnet
44117,I_2,E2COLLECTIVEPOWER,N,sonnet
44117,I_2,E2CONSPIRACY,N,sonnet
44117,I_2,E2CONTROLMEDIA,N,sonnet
44117,I_2,E2CONTROLECONOMY,N,sonnet
44117,I_2,E2CONTROLGOV,N,sonnet
44117,I_2,E2CONTROLOTHER,N,sonnet
44117,I_2,E3COLLECTIVEBLAME,N,sonnet
4408,I_2,E1VIOLENCE,A,sonnet
4408,I_2,E1RADICAL,N,sonnet
4408,I_2,E2ALLEGATION,N,sonnet
4408,I_2,E2DEHUMANIZATION,N,sonnet
4408,I_2,E2DEMONIZE,N,sonnet
4408,I_2,E2STEREOTYPE,N,sonnet
4408,I_2,E2COLLECTIVEPOWER,N,sonnet
4408,I_2,E2CONSPIRACY,N,sonnet
4408,I_2,E2CONTROLMEDIA,N,sonnet
4408,I_2,E2CONTROLECONOMY,N,sonnet
4408,I_2,E2CONTROLGOV,N,sonnet
4408,I_2,E2CONTROLOTHER,N,sonnet
4408,I_2,E3COLLECTIVEBLAME,N,sonnet
26795,I_2,E1VIOLENCE,N,sonnet
26795,I_2,E1RADICAL,N,sonnet
26795,I_2,E2ALLEGATION,N,sonnet
26795,I_2,E2DEHUMANIZATION,N,sonnet
26795,I_2,E2DEMONIZE,N,sonnet
26795,I_2,E2STEREOTYPE,N,sonnet
26795,I_2,E2COLLECTIVEPOWER,N,sonnet
26795,I_2,E2CONSPIRACY,N,sonnet
26795,I_2,E2CONTROLMEDIA,N,sonnet
26795,I_2,E2CONTROLECONOMY,N,sonnet
26795,I_2,E2CONTROLGOV,N,sonnet
26795,I_2,E2CONTROLOTHER,N,sonnet
26795,I_2,E3COLLECTIVEBLAME,N,sonnet
5876,I_2,E1VIOLENCE,E,gpt4o
5876,I_2,E1RADICAL,N,gpt4o
5876,I_2,E2ALLEGATION,E,gpt4o
5876,I_2,E2DEHUMANIZATION,I,gpt4o
5876,I_2,E2DEMONIZE,E,gpt4o
5876,I_2,E2STEREOTYPE,E,gpt4o
5876,I_2,E2COLLECTIVEPOWER,N,gpt4o
5876,I_2,E2CONSPIRACY,N,gpt4o
5876,I_2,E2CONTROLMEDIA,N,gpt4o
5876,I_2,E2CONTROLECONOMY,N,gpt4o
5876,I_2,E2CONTROLGOV,N,gpt4o
5876,I_2,E2CONTROLOTHER,N,gpt4o
5876,I_2,E3COLLECTIVEBLAME,E,gpt4o
46932,I_2,E1VIOLENCE,N,gpt4o
46932,I_2,E1RADICAL,N,gpt4o
46932,I_2,E2ALLEGATION,I,gpt4o
46932,I_2,E2DEHUMANIZATION,N,gpt4o
46932,I_2,E2DEMONIZE,I,gpt4o
46932,I_2,E2STEREOTYPE,I,gpt4o
46932,I_2,E2COLLECTIVEPOWER,I,gpt4o
46932,I_2,E2CONSPIRACY,I,gpt4o
46932,I_2,E2CONTROLMEDIA,N,gpt4o
46932,I_2,E2CONTROLECONOMY,I,gpt4o
46932,I_2,E2CONTROLGOV,I,gpt4o
46932,I_2,E2CONTROLOTHER,N,gpt4o
46932,I_2,E3COLLECTIVEBLAME,N,gpt4o
24055,I_2,E1VIOLENCE,N,sonnet
24055,I_2,E1RADICAL,N,sonnet
24055,I_2,E2ALLEGATION,N,sonnet
24055,I_2,E2DEHUMANIZATION,N,sonnet
24055,I_2,E2DEMONIZE,N,sonnet
24055,I_2,E2STEREOTYPE,N,sonnet
24055,I_2,E2COLLECTIVEPOWER,N,sonnet
24055,I_2,E2CONSPIRACY,N,sonnet
24055,I_2,E2CONTROLMEDIA,N,sonnet
24055,I_2,E2CONTROLECONOMY,N,sonnet
24055,I_2,E2CONTROLGOV,N,sonnet
24055,I_2,E2CONTROLOTHER,N,sonnet
24055,I_2,E3COLLECTIVEBLAME,N,sonnet
46065,I_2,E1VIOLENCE,N,sonnet
46065,I_2,E1RADICAL,N,sonnet
46065,I_2,E2ALLEGATION,N,sonnet
46065,I_2,E2DEHUMANIZATION,N,sonnet
46065,I_2,E2DEMONIZE,N,sonnet
46065,I_2,E2STEREOTYPE,N,sonnet
46065,I_2,E2COLLECTIVEPOWER,N,sonnet
46065,I_2,E2CONSPIRACY,N,sonnet
46065,I_2,E2CONTROLMEDIA,N,sonnet
46065,I_2,E2CONTROLECONOMY,N,sonnet
46065,I_2,E2CONTROLGOV,N,sonnet
46065,I_2,E2CONTROLOTHER,N,sonnet
46065,I_2,E3COLLECTIVEBLAME,N,sonnet
34189,I_2,E1VIOLENCE,N,sonnet
34189,I_2,E1RADICAL,N,sonnet
34189,I_2,E2ALLEGATION,N,sonnet
34189,I_2,E2DEHUMANIZATION,N,sonnet
34189,I_2,E2DEMONIZE,N,sonnet
34189,I_2,E2STEREOTYPE,N,sonnet
34189,I_2,E2COLLECTIVEPOWER,N,sonnet
34189,I_2,E2CONSPIRACY,N,sonnet
34189,I_2,E2CONTROLMEDIA,N,sonnet
34189,I_2,E2CONTROLECONOMY,N,sonnet
34189,I_2,E2CONTROLGOV,N,sonnet
34189,I_2,E2CONTROLOTHER,N,sonnet
34189,I_2,E3COLLECTIVEBLAME,N,sonnet
27897,I_2,E1VIOLENCE,N,sonnet
27897,I_2,E1RADICAL,N,sonnet
27897,I_2,E2ALLEGATION,N,sonnet
27897,I_2,E2DEHUMANIZATION,N,sonnet
27897,I_2,E2DEMONIZE,N,sonnet
27897,I_2,E2STEREOTYPE,N,sonnet
27897,I_2,E2COLLECTIVEPOWER,N,sonnet
27897,I_2,E2CONSPIRACY,N,sonnet
27897,I_2,E2CONTROLMEDIA,N,sonnet
27897,I_2,E2CONTROLECONOMY,N,sonnet
27897,I_2,E2CONTROLGOV,N,sonnet
27897,I_2,E2CONTROLOTHER,N,sonnet
27897,I_2,E3COLLECTIVEBLAME,N,sonnet
29100,I_2,E1VIOLENCE,N,sonnet
29100,I_2,E1RADICAL,N,sonnet
29100,I_2,E2ALLEGATION,N,sonnet
29100,I_2,E2DEHUMANIZATION,N,sonnet
29100,I_2,E2DEMONIZE,N,sonnet
29100,I_2,E2STEREOTYPE,N,sonnet
29100,I_2,E2COLLECTIVEPOWER,N,sonnet
29100,I_2,E2CONSPIRACY,N,sonnet
29100,I_2,E2CONTROLMEDIA,N,sonnet
29100,I_2,E2CONTROLECONOMY,N,sonnet
29100,I_2,E2CONTROLGOV,N,sonnet
29100,I_2,E2CONTROLOTHER,N,sonnet
29100,I_2,E3COLLECTIVEBLAME,N,sonnet
9495,I_2,E1VIOLENCE,E,sonnet
9495,I_2,E1RADICAL,N,sonnet
9495,I_2,E2ALLEGATION,N,sonnet
9495,I_2,E2DEHUMANIZATION,N,sonnet
9495,I_2,E2DEMONIZE,N,sonnet
9495,I_2,E2STEREOTYPE,N,sonnet
9495,I_2,E2COLLECTIVEPOWER,N,sonnet
9495,I_2,E2CONSPIRACY,N,sonnet
9495,I_2,E2CONTROLMEDIA,N,sonnet
9495,I_2,E2CONTROLECONOMY,N,sonnet
9495,I_2,E2CONTROLGOV,N,sonnet
9495,I_2,E2CONTROLOTHER,N,sonnet
9495,I_2,E3COLLECTIVEBLAME,N,sonnet
6073,I_2,E1VIOLENCE,N,sonnet
6073,I_2,E1RADICAL,N,sonnet
6073,I_2,E2ALLEGATION,E,sonnet
6073,I_2,E2DEHUMANIZATION,E,sonnet
6073,I_2,E2DEMONIZE,E,sonnet
6073,I_2,E2STEREOTYPE,E,sonnet
6073,I_2,E2COLLECTIVEPOWER,N,sonnet
6073,I_2,E2CONSPIRACY,N,sonnet
6073,I_2,E2CONTROLMEDIA,N,sonnet
6073,I_2,E2CONTROLECONOMY,N,sonnet
6073,I_2,E2CONTROLGOV,N,sonnet
6073,I_2,E2CONTROLOTHER,N,sonnet
6073,I_2,E3COLLECTIVEBLAME,E,sonnet
11952,I_2,E1VIOLENCE,N,sonnet
11952,I_2,E1RADICAL,N,sonnet
11952,I_2,E2ALLEGATION,N,sonnet
11952,I_2,E2DEHUMANIZATION,N,sonnet
11952,I_2,E2DEMONIZE,N,sonnet
11952,I_2,E2STEREOTYPE,N,sonnet
11952,I_2,E2COLLECTIVEPOWER,N,sonnet
11952,I_2,E2CONSPIRACY,N,sonnet
11952,I_2,E2CONTROLMEDIA,N,sonnet
11952,I_2,E2CONTROLECONOMY,N,sonnet
11952,I_2,E2CONTROLGOV,N,sonnet
11952,I_2,E2CONTROLOTHER,N,sonnet
11952,I_2,E3COLLECTIVEBLAME,N,sonnet
23963,I_2,E1VIOLENCE,N,sonnet
23963,I_2,E1RADICAL,N,sonnet
23963,I_2,E2ALLEGATION,N,sonnet
23963,I_2,E2DEHUMANIZATION,N,sonnet
23963,I_2,E2DEMONIZE,N,sonnet
23963,I_2,E2STEREOTYPE,N,sonnet
23963,I_2,E2COLLECTIVEPOWER,N,sonnet
23963,I_2,E2CONSPIRACY,N,sonnet
23963,I_2,E2CONTROLMEDIA,N,sonnet
23963,I_2,E2CONTROLECONOMY,N,sonnet
23963,I_2,E2CONTROLGOV,N,sonnet
23963,I_2,E2CONTROLOTHER,N,sonnet
23963,I_2,E3COLLECTIVEBLAME,N,sonnet
1981,I_2,E1VIOLENCE,A,sonnet
1981,I_2,E1RADICAL,A,sonnet
1981,I_2,E2ALLEGATION,A,sonnet
1981,I_2,E2DEHUMANIZATION,A,sonnet
1981,I_2,E2DEMONIZE,A,sonnet
1981,I_2,E2STEREOTYPE,A,sonnet
1981,I_2,E2COLLECTIVEPOWER,N,sonnet
1981,I_2,E2CONSPIRACY,N,sonnet
1981,I_2,E2CONTROLMEDIA,N,sonnet
1981,I_2,E2CONTROLGOV,N,sonnet
1981,I_2,E2CONTROLECONOMY,N,sonnet
1981,I_2,E2CONTROLOTHER,N,sonnet
1981,I_2,E3COLLECTIVEBLAME,A,sonnet
47266,I_2,E1VIOLENCE,N,sonnet
47266,I_2,E1RADICAL,N,sonnet
47266,I_2,E2ALLEGATION,N,sonnet
47266,I_2,E2DEHUMANIZATION,N,sonnet
47266,I_2,E2DEMONIZE,N,sonnet
47266,I_2,E2STEREOTYPE,N,sonnet
47266,I_2,E2COLLECTIVEPOWER,N,sonnet
47266,I_2,E2CONSPIRACY,N,sonnet
47266,I_2,E2CONTROLMEDIA,N,sonnet
47266,I_2,E2CONTROLECONOMY,N,sonnet
47266,I_2,E2CONTROLGOV,N,sonnet
47266,I_2,E2CONTROLOTHER,N,sonnet
47266,I_2,E3COLLECTIVEBLAME,N,sonnet
45279,I_2,E1VIOLENCE,N,sonnet
45279,I_2,E1RADICAL,N,sonnet
45279,I_2,E2ALLEGATION,N,sonnet
45279,I_2,E2DEHUMANIZATION,N,sonnet
45279,I_2,E2DEMONIZE,N,sonnet
45279,I_2,E2STEREOTYPE,N,sonnet
45279,I_2,E2COLLECTIVEPOWER,N,sonnet
45279,I_2,E2CONSPIRACY,N,sonnet
45279,I_2,E2CONTROLMEDIA,N,sonnet
45279,I_2,E2CONTROLECONOMY,N,sonnet
45279,I_2,E2CONTROLGOV,N,sonnet
45279,I_2,E2CONTROLOTHER,N,sonnet
45279,I_2,E3COLLECTIVEBLAME,N,sonnet
19623,I_2,E1VIOLENCE,E,sonnet
19623,I_2,E1RADICAL,A,sonnet
19623,I_2,E2ALLEGATION,N,sonnet
19623,I_2,E2DEHUMANIZATION,E,sonnet
19623,I_2,E2DEMONIZE,N,sonnet
19623,I_2,E2STEREOTYPE,N,sonnet
19623,I_2,E2COLLECTIVEPOWER,N,sonnet
19623,I_2,E2CONSPIRACY,N,sonnet
19623,I_2,E2CONTROLMEDIA,N,sonnet
19623,I_2,E2CONTROLECONOMY,N,sonnet
19623,I_2,E2CONTROLGOV,N,sonnet
19623,I_2,E2CONTROLOTHER,N,sonnet
19623,I_2,E3COLLECTIVEBLAME,N,sonnet
22558,I_2,E1VIOLENCE,N,sonnet
22558,I_2,E1RADICAL,N,sonnet
22558,I_2,E2ALLEGATION,N,sonnet
22558,I_2,E2DEHUMANIZATION,N,sonnet
22558,I_2,E2DEMONIZE,N,sonnet
22558,I_2,E2STEREOTYPE,N,sonnet
22558,I_2,E2COLLECTIVEPOWER,N,sonnet
22558,I_2,E2CONSPIRACY,N,sonnet
22558,I_2,E2CONTROLMEDIA,N,sonnet
22558,I_2,E2CONTROLECONOMY,N,sonnet
22558,I_2,E2CONTROLGOV,N,sonnet
22558,I_2,E2CONTROLOTHER,N,sonnet
22558,I_2,E3COLLECTIVEBLAME,N,sonnet
9896,I_2,E1VIOLENCE,N,sonnet
9896,I_2,E1RADICAL,N,sonnet
9896,I_2,E2ALLEGATION,N,sonnet
9896,I_2,E2DEHUMANIZATION,N,sonnet
9896,I_2,E2DEMONIZE,N,sonnet
9896,I_2,E2STEREOTYPE,N,sonnet
9896,I_2,E2COLLECTIVEPOWER,N,sonnet
9896,I_2,E2CONSPIRACY,N,sonnet
9896,I_2,E2CONTROLMEDIA,N,sonnet
9896,I_2,E2CONTROLECONOMY,N,sonnet
9896,I_2,E2CONTROLGOV,N,sonnet
9896,I_2,E2CONTROLOTHER,N,sonnet
9896,I_2,E3COLLECTIVEBLAME,N,sonnet
41445,I_2,E1VIOLENCE,N,sonnet
41445,I_2,E1RADICAL,N,sonnet
41445,I_2,E2ALLEGATION,N,sonnet
41445,I_2,E2DEHUMANIZATION,N,sonnet
41445,I_2,E2DEMONIZE,N,sonnet
41445,I_2,E2STEREOTYPE,N,sonnet
41445,I_2,E2COLLECTIVEPOWER,N,sonnet
41445,I_2,E2CONSPIRACY,N,sonnet
41445,I_2,E2CONTROLMEDIA,N,sonnet
41445,I_2,E2CONTROLECONOMY,N,sonnet
41445,I_2,E2CONTROLGOV,N,sonnet
41445,I_2,E2CONTROLOTHER,N,sonnet
41445,I_2,E3COLLECTIVEBLAME,N,sonnet
10005,I_2,E1VIOLENCE,N,sonnet
10005,I_2,E1RADICAL,N,sonnet
10005,I_2,E2ALLEGATION,N,sonnet
10005,I_2,E2DEHUMANIZATION,E,sonnet
10005,I_2,E2DEMONIZE,N,sonnet
10005,I_2,E2STEREOTYPE,N,sonnet
10005,I_2,E2COLLECTIVEPOWER,N,sonnet
10005,I_2,E2CONSPIRACY,N,sonnet
10005,I_2,E2CONTROLMEDIA,N,sonnet
10005,I_2,E2CONTROLECONOMY,N,sonnet
10005,I_2,E2CONTROLGOV,N,sonnet
10005,I_2,E2CONTROLOTHER,N,sonnet
10005,I_2,E3COLLECTIVEBLAME,N,sonnet
37390,I_2,E1VIOLENCE,N,sonnet
37390,I_2,E1RADICAL,N,sonnet
37390,I_2,E2ALLEGATION,N,sonnet
37390,I_2,E2DEHUMANIZATION,N,sonnet
37390,I_2,E2DEMONIZE,N,sonnet
37390,I_2,E2STEREOTYPE,N,sonnet
37390,I_2,E2COLLECTIVEPOWER,N,sonnet
37390,I_2,E2CONSPIRACY,N,sonnet
37390,I_2,E2CONTROLMEDIA,N,sonnet
37390,I_2,E2CONTROLECONOMY,N,sonnet
37390,I_2,E2CONTROLGOV,N,sonnet
37390,I_2,E2CONTROLOTHER,N,sonnet
37390,I_2,E3COLLECTIVEBLAME,N,sonnet
46685,I_2,E1VIOLENCE,N,sonnet
46685,I_2,E1RADICAL,N,sonnet
46685,I_2,E2ALLEGATION,I,sonnet
46685,I_2,E2DEHUMANIZATION,N,sonnet
46685,I_2,E2DEMONIZE,I,sonnet
46685,I_2,E2STEREOTYPE,I,sonnet
46685,I_2,E2COLLECTIVEPOWER,I,sonnet
46685,I_2,E2CONSPIRACY,N,sonnet
46685,I_2,E2CONTROLMEDIA,N,sonnet
46685,I_2,E2CONTROLECONOMY,I,sonnet
46685,I_2,E2CONTROLGOV,I,sonnet
46685,I_2,E2CONTROLOTHER,N,sonnet
46685,I_2,E3COLLECTIVEBLAME,I,sonnet
3944,I_2,E1VIOLENCE,N,sonnet
3944,I_2,E1RADICAL,N,sonnet
3944,I_2,E2ALLEGATION,N,sonnet
3944,I_2,E2DEHUMANIZATION,N,sonnet
3944,I_2,E2DEMONIZE,N,sonnet
3944,I_2,E2STEREOTYPE,N,sonnet
3944,I_2,E2COLLECTIVEPOWER,N,sonnet
3944,I_2,E2CONSPIRACY,N,sonnet
3944,I_2,E2CONTROLMEDIA,N,sonnet
3944,I_2,E2CONTROLECONOMY,N,sonnet
3944,I_2,E2CONTROLGOV,N,sonnet
3944,I_2,E2CONTROLOTHER,N,sonnet
3944,I_2,E3COLLECTIVEBLAME,N,sonnet
49692,I_2,E1VIOLENCE,N,sonnet
49692,I_2,E1RADICAL,N,sonnet
49692,I_2,E2ALLEGATION,N,sonnet
49692,I_2,E2DEHUMANIZATION,N,sonnet
49692,I_2,E2DEMONIZE,N,sonnet
49692,I_2,E2STEREOTYPE,N,sonnet
49692,I_2,E2COLLECTIVEPOWER,N,sonnet
49692,I_2,E2CONSPIRACY,N,sonnet
49692,I_2,E2CONTROLMEDIA,N,sonnet
49692,I_2,E2CONTROLECONOMY,N,sonnet
49692,I_2,E2CONTROLGOV,N,sonnet
49692,I_2,E2CONTROLOTHER,N,sonnet
49692,I_2,E3COLLECTIVEBLAME,N,sonnet
1699,I_2,E1VIOLENCE,N,sonnet
1699,I_2,E1RADICAL,N,sonnet
1699,I_2,E2ALLEGATION,N,sonnet
1699,I_2,E2DEHUMANIZATION,N,sonnet
1699,I_2,E2DEMONIZE,N,sonnet
1699,I_2,E2STEREOTYPE,N,sonnet
1699,I_2,E2COLLECTIVEPOWER,N,sonnet
1699,I_2,E2CONSPIRACY,N,sonnet
1699,I_2,E2CONTROLMEDIA,N,sonnet
1699,I_2,E2CONTROLECONOMY,N,sonnet
1699,I_2,E2CONTROLGOV,N,sonnet
1699,I_2,E2CONTROLOTHER,N,sonnet
1699,I_2,E3COLLECTIVEBLAME,N,sonnet
31823,I_2,E1VIOLENCE,N,sonnet
31823,I_2,E1RADICAL,N,sonnet
31823,I_2,E2ALLEGATION,N,sonnet
31823,I_2,E2DEHUMANIZATION,N,sonnet
31823,I_2,E2DEMONIZE,N,sonnet
31823,I_2,E2STEREOTYPE,N,sonnet
31823,I_2,E2COLLECTIVEPOWER,N,sonnet
31823,I_2,E2CONSPIRACY,N,sonnet
31823,I_2,E2CONTROLMEDIA,N,sonnet
31823,I_2,E2CONTROLECONOMY,N,sonnet
31823,I_2,E2CONTROLGOV,N,sonnet
31823,I_2,E2CONTROLOTHER,N,sonnet
31823,I_2,E3COLLECTIVEBLAME,N,sonnet
5995,I_2,E1VIOLENCE,N,sonnet
5995,I_2,E1RADICAL,N,sonnet
5995,I_2,E2ALLEGATION,N,sonnet
5995,I_2,E2DEHUMANIZATION,N,sonnet
5995,I_2,E2DEMONIZE,N,sonnet
5995,I_2,E2STEREOTYPE,N,sonnet
5995,I_2,E2COLLECTIVEPOWER,N,sonnet
5995,I_2,E2CONSPIRACY,N,sonnet
5995,I_2,E2CONTROLMEDIA,N,sonnet
5995,I_2,E2CONTROLECONOMY,N,sonnet
5995,I_2,E2CONTROLGOV,N,sonnet
5995,I_2,E2CONTROLOTHER,N,sonnet
5995,I_2,E3COLLECTIVEBLAME,N,sonnet
2012,I_2,E1VIOLENCE,N,sonnet
2012,I_2,E1RADICAL,N,sonnet
2012,I_2,E2ALLEGATION,A,sonnet
2012,I_2,E2DEHUMANIZATION,A,sonnet
2012,I_2,E2DEMONIZE,A,sonnet
2012,I_2,E2STEREOTYPE,A,sonnet
2012,I_2,E2COLLECTIVEPOWER,N,sonnet
2012,I_2,E2CONSPIRACY,N,sonnet
2012,I_2,E2CONTROLMEDIA,N,sonnet
2012,I_2,E2CONTROLECONOMY,N,sonnet
2012,I_2,E2CONTROLGOV,N,sonnet
2012,I_2,E2CONTROLOTHER,N,sonnet
2012,I_2,E3COLLECTIVEBLAME,N,sonnet
610,I_2,E1VIOLENCE,N,sonnet
610,I_2,E1RADICAL,N,sonnet
610,I_2,E2ALLEGATION,N,sonnet
610,I_2,E2DEHUMANIZATION,N,sonnet
610,I_2,E2DEMONIZE,N,sonnet
610,I_2,E2STEREOTYPE,N,sonnet
610,I_2,E2COLLECTIVEPOWER,N,sonnet
610,I_2,E2CONSPIRACY,N,sonnet
610,I_2,E2CONTROLMEDIA,N,sonnet
610,I_2,E2CONTROLECONOMY,N,sonnet
610,I_2,E2CONTROLGOV,N,sonnet
610,I_2,E2CONTROLOTHER,N,sonnet
610,I_2,E3COLLECTIVEBLAME,N,sonnet
21042,I_2,E1VIOLENCE,N,sonnet
21042,I_2,E1RADICAL,N,sonnet
21042,I_2,E2ALLEGATION,N,sonnet
21042,I_2,E2DEHUMANIZATION,N,sonnet
21042,I_2,E2DEMONIZE,N,sonnet
21042,I_2,E2STEREOTYPE,N,sonnet
21042,I_2,E2COLLECTIVEPOWER,N,sonnet
21042,I_2,E2CONSPIRACY,N,sonnet
21042,I_2,E2CONTROLMEDIA,N,sonnet
21042,I_2,E2CONTROLECONOMY,N,sonnet
21042,I_2,E2CONTROLGOV,N,sonnet
21042,I_2,E2CONTROLOTHER,N,sonnet
21042,I_2,E3COLLECTIVEBLAME,N,sonnet
17775,I_2,E1VIOLENCE,N,sonnet
17775,I_2,E1RADICAL,N,sonnet
17775,I_2,E2ALLEGATION,N,sonnet
17775,I_2,E2DEHUMANIZATION,N,sonnet
17775,I_2,E2DEMONIZE,N,sonnet
17775,I_2,E2STEREOTYPE,N,sonnet
17775,I_2,E2COLLECTIVEPOWER,N,sonnet
17775,I_2,E2CONSPIRACY,N,sonnet
17775,I_2,E2CONTROLMEDIA,N,sonnet
17775,I_2,E2CONTROLECONOMY,N,sonnet
17775,I_2,E2CONTROLGOV,N,sonnet
17775,I_2,E2CONTROLOTHER,N,sonnet
17775,I_2,E3COLLECTIVEBLAME,N,sonnet
42012,I_2,E1VIOLENCE,N,sonnet
42012,I_2,E1RADICAL,N,sonnet
42012,I_2,E2ALLEGATION,N,sonnet
42012,I_2,E2DEHUMANIZATION,N,sonnet
42012,I_2,E2DEMONIZE,N,sonnet
42012,I_2,E2STEREOTYPE,N,sonnet
42012,I_2,E2COLLECTIVEPOWER,N,sonnet
42012,I_2,E2CONSPIRACY,N,sonnet
42012,I_2,E2CONTROLMEDIA,N,sonnet
42012,I_2,E2CONTROLECONOMY,N,sonnet
42012,I_2,E2CONTROLGOV,N,sonnet
42012,I_2,E2CONTROLOTHER,N,sonnet
42012,I_2,E3COLLECTIVEBLAME,N,sonnet
8745,I_2,E1VIOLENCE,N,sonnet
8745,I_2,E1RADICAL,N,sonnet
8745,I_2,E2ALLEGATION,E,sonnet
8745,I_2,E2DEHUMANIZATION,E,sonnet
8745,I_2,E2DEMONIZE,E,sonnet
8745,I_2,E2STEREOTYPE,E,sonnet
8745,I_2,E2COLLECTIVEPOWER,N,sonnet
8745,I_2,E2CONSPIRACY,N,sonnet
8745,I_2,E2CONTROLMEDIA,N,sonnet
8745,I_2,E2CONTROLECONOMY,N,sonnet
8745,I_2,E2CONTROLGOV,N,sonnet
8745,I_2,E2CONTROLOTHER,N,sonnet
8745,I_2,E3COLLECTIVEBLAME,N,sonnet
34736,I_2,E1VIOLENCE,N,sonnet
34736,I_2,E1RADICAL,N,sonnet
34736,I_2,E2ALLEGATION,N,sonnet
34736,I_2,E2DEHUMANIZATION,N,sonnet
34736,I_2,E2DEMONIZE,N,sonnet
34736,I_2,E2STEREOTYPE,N,sonnet
34736,I_2,E2COLLECTIVEPOWER,N,sonnet
34736,I_2,E2CONSPIRACY,N,sonnet
34736,I_2,E2CONTROLMEDIA,N,sonnet
34736,I_2,E2CONTROLECONOMY,N,sonnet
34736,I_2,E2CONTROLGOV,N,sonnet
34736,I_2,E2CONTROLOTHER,N,sonnet
34736,I_2,E3COLLECTIVEBLAME,N,sonnet
31557,I_2,E1VIOLENCE,N,sonnet
31557,I_2,E1RADICAL,N,sonnet
31557,I_2,E2ALLEGATION,N,sonnet
31557,I_2,E2DEHUMANIZATION,N,sonnet
31557,I_2,E2DEMONIZE,N,sonnet
31557,I_2,E2STEREOTYPE,N,sonnet
31557,I_2,E2COLLECTIVEPOWER,N,sonnet
31557,I_2,E2CONSPIRACY,N,sonnet
31557,I_2,E2CONTROLMEDIA,N,sonnet
31557,I_2,E2CONTROLECONOMY,N,sonnet
31557,I_2,E2CONTROLGOV,N,sonnet
31557,I_2,E2CONTROLOTHER,N,sonnet
31557,I_2,E3COLLECTIVEBLAME,N,sonnet
26144,I_2,E1VIOLENCE,N,sonnet
26144,I_2,E1RADICAL,N,sonnet
26144,I_2,E2ALLEGATION,N,sonnet
26144,I_2,E2DEHUMANIZATION,N,sonnet
26144,I_2,E2DEMONIZE,N,sonnet
26144,I_2,E2STEREOTYPE,N,sonnet
26144,I_2,E2COLLECTIVEPOWER,N,sonnet
26144,I_2,E2CONSPIRACY,N,sonnet
26144,I_2,E2CONTROLMEDIA,N,sonnet
26144,I_2,E2CONTROLECONOMY,N,sonnet
26144,I_2,E2CONTROLGOV,N,sonnet
26144,I_2,E2CONTROLOTHER,N,sonnet
26144,I_2,E3COLLECTIVEBLAME,N,sonnet
23601,I_2,E1VIOLENCE,N,sonnet
23601,I_2,E1RADICAL,N,sonnet
23601,I_2,E2ALLEGATION,N,sonnet
23601,I_2,E2DEHUMANIZATION,N,sonnet
23601,I_2,E2DEMONIZE,N,sonnet
23601,I_2,E2STEREOTYPE,N,sonnet
23601,I_2,E2COLLECTIVEPOWER,N,sonnet
23601,I_2,E2CONSPIRACY,N,sonnet
23601,I_2,E2CONTROLMEDIA,N,sonnet
23601,I_2,E2CONTROLECONOMY,N,sonnet
23601,I_2,E2CONTROLGOV,N,sonnet
23601,I_2,E2CONTROLOTHER,N,sonnet
23601,I_2,E3COLLECTIVEBLAME,N,sonnet
34099,I_2,E1VIOLENCE,N,sonnet
34099,I_2,E1RADICAL,N,sonnet
34099,I_2,E2ALLEGATION,N,sonnet
34099,I_2,E2DEHUMANIZATION,N,sonnet
34099,I_2,E2DEMONIZE,N,sonnet
34099,I_2,E2STEREOTYPE,N,sonnet
34099,I_2,E2COLLECTIVEPOWER,N,sonnet
34099,I_2,E2CONSPIRACY,N,sonnet
34099,I_2,E2CONTROLMEDIA,N,sonnet
34099,I_2,E2CONTROLECONOMY,N,sonnet
34099,I_2,E2CONTROLGOV,N,sonnet
34099,I_2,E2CONTROLOTHER,N,sonnet
34099,I_2,E3COLLECTIVEBLAME,N,sonnet
8157,I_2,E1VIOLENCE,N,sonnet
8157,I_2,E1RADICAL,N,sonnet
8157,I_2,E2ALLEGATION,N,sonnet
8157,I_2,E2DEHUMANIZATION,N,sonnet
8157,I_2,E2DEMONIZE,N,sonnet
8157,I_2,E2STEREOTYPE,N,sonnet
8157,I_2,E2COLLECTIVEPOWER,N,sonnet
8157,I_2,E2CONSPIRACY,N,sonnet
8157,I_2,E2CONTROLMEDIA,N,sonnet
8157,I_2,E2CONTROLECONOMY,N,sonnet
8157,I_2,E2CONTROLGOV,N,sonnet
8157,I_2,E2CONTROLOTHER,N,sonnet
8157,I_2,E3COLLECTIVEBLAME,N,sonnet
27741,I_2,E1VIOLENCE,E,sonnet
27741,I_2,E1RADICAL,E,sonnet
27741,I_2,E2ALLEGATION,N,sonnet
27741,I_2,E2DEHUMANIZATION,N,sonnet
27741,I_2,E2DEMONIZE,N,sonnet
27741,I_2,E2STEREOTYPE,N,sonnet
27741,I_2,E2COLLECTIVEPOWER,N,sonnet
27741,I_2,E2CONSPIRACY,N,sonnet
27741,I_2,E2CONTROLMEDIA,N,sonnet
27741,I_2,E2CONTROLECONOMY,N,sonnet
27741,I_2,E2CONTROLGOV,N,sonnet
27741,I_2,E2CONTROLOTHER,N,sonnet
27741,I_2,E3COLLECTIVEBLAME,N,sonnet
42641,I_2,E1VIOLENCE,N,sonnet
42641,I_2,E1RADICAL,N,sonnet
42641,I_2,E2ALLEGATION,N,sonnet
42641,I_2,E2DEHUMANIZATION,N,sonnet
42641,I_2,E2DEMONIZE,N,sonnet
42641,I_2,E2STEREOTYPE,N,sonnet
42641,I_2,E2COLLECTIVEPOWER,N,sonnet
42641,I_2,E2CONSPIRACY,N,sonnet
42641,I_2,E2CONTROLMEDIA,N,sonnet
42641,I_2,E2CONTROLECONOMY,N,sonnet
42641,I_2,E2CONTROLGOV,N,sonnet
42641,I_2,E2CONTROLOTHER,N,sonnet
42641,I_2,E3COLLECTIVEBLAME,N,sonnet
47215,I_2,E1VIOLENCE,A,sonnet
47215,I_2,E1RADICAL,N,sonnet
47215,I_2,E2ALLEGATION,I,sonnet
47215,I_2,E2DEHUMANIZATION,N,sonnet
47215,I_2,E2DEMONIZE,I,sonnet
47215,I_2,E2STEREOTYPE,N,sonnet
47215,I_2,E2COLLECTIVEPOWER,N,sonnet
47215,I_2,E2CONSPIRACY,I,sonnet
47215,I_2,E2CONTROLMEDIA,N,sonnet
47215,I_2,E2CONTROLECONOMY,N,sonnet
47215,I_2,E2CONTROLGOV,I,sonnet
47215,I_2,E2CONTROLOTHER,N,sonnet
47215,I_2,E3COLLECTIVEBLAME,I,sonnet
6389,I_2,E1VIOLENCE,N,sonnet
6389,I_2,E1RADICAL,N,sonnet
6389,I_2,E2ALLEGATION,N,sonnet
6389,I_2,E2DEHUMANIZATION,N,sonnet
6389,I_2,E2DEMONIZE,N,sonnet
6389,I_2,E2STEREOTYPE,N,sonnet
6389,I_2,E2COLLECTIVEPOWER,N,sonnet
6389,I_2,E2CONSPIRACY,N,sonnet
6389,I_2,E2CONTROLMEDIA,N,sonnet
6389,I_2,E2CONTROLECONOMY,N,sonnet
6389,I_2,E2CONTROLGOV,N,sonnet
6389,I_2,E2CONTROLOTHER,N,sonnet
6389,I_2,E3COLLECTIVEBLAME,N,sonnet
20064,I_2,E1VIOLENCE,N,sonnet
20064,I_2,E1RADICAL,N,sonnet
20064,I_2,E2ALLEGATION,N,sonnet
20064,I_2,E2DEHUMANIZATION,N,sonnet
20064,I_2,E2DEMONIZE,N,sonnet
20064,I_2,E2STEREOTYPE,N,sonnet
20064,I_2,E2COLLECTIVEPOWER,N,sonnet
20064,I_2,E2CONSPIRACY,N,sonnet
20064,I_2,E2CONTROLMEDIA,N,sonnet
20064,I_2,E2CONTROLECONOMY,N,sonnet
20064,I_2,E2CONTROLGOV,N,sonnet
20064,I_2,E2CONTROLOTHER,N,sonnet
20064,I_2,E3COLLECTIVEBLAME,N,sonnet
47619,I_2,E1VIOLENCE,A,sonnet
47619,I_2,E1RADICAL,A,sonnet
47619,I_2,E2ALLEGATION,N,sonnet
47619,I_2,E2DEHUMANIZATION,N,sonnet
47619,I_2,E2DEMONIZE,N,sonnet
47619,I_2,E2STEREOTYPE,N,sonnet
47619,I_2,E2COLLECTIVEPOWER,N,sonnet
47619,I_2,E2CONSPIRACY,N,sonnet
47619,I_2,E2CONTROLMEDIA,N,sonnet
47619,I_2,E2CONTROLECONOMY,N,sonnet
47619,I_2,E2CONTROLGOV,N,sonnet
47619,I_2,E2CONTROLOTHER,N,sonnet
47619,I_2,E3COLLECTIVEBLAME,N,sonnet
32379,I_2,E1VIOLENCE,N,sonnet
32379,I_2,E1RADICAL,N,sonnet
32379,I_2,E2ALLEGATION,N,sonnet
32379,I_2,E2DEHUMANIZATION,N,sonnet
32379,I_2,E2DEMONIZE,N,sonnet
32379,I_2,E2STEREOTYPE,N,sonnet
32379,I_2,E2COLLECTIVEPOWER,N,sonnet
32379,I_2,E2CONSPIRACY,N,sonnet
32379,I_2,E2CONTROLMEDIA,N,sonnet
32379,I_2,E2CONTROLECONOMY,N,sonnet
32379,I_2,E2CONTROLGOV,N,sonnet
32379,I_2,E2CONTROLOTHER,N,sonnet
32379,I_2,E3COLLECTIVEBLAME,N,sonnet
32086,I_2,E1VIOLENCE,N,sonnet
32086,I_2,E1RADICAL,N,sonnet
32086,I_2,E2ALLEGATION,N,sonnet
32086,I_2,E2DEHUMANIZATION,N,sonnet
32086,I_2,E2DEMONIZE,N,sonnet
32086,I_2,E2STEREOTYPE,N,sonnet
32086,I_2,E2COLLECTIVEPOWER,N,sonnet
32086,I_2,E2CONSPIRACY,N,sonnet
32086,I_2,E2CONTROLMEDIA,N,sonnet
32086,I_2,E2CONTROLECONOMY,N,sonnet
32086,I_2,E2CONTROLGOV,N,sonnet
32086,I_2,E2CONTROLOTHER,N,sonnet
32086,I_2,E3COLLECTIVEBLAME,N,sonnet
45840,I_2,E1VIOLENCE,N,sonnet
45840,I_2,E1RADICAL,N,sonnet
45840,I_2,E2ALLEGATION,N,sonnet
45840,I_2,E2DEHUMANIZATION,N,sonnet
45840,I_2,E2DEMONIZE,N,sonnet
45840,I_2,E2STEREOTYPE,N,sonnet
45840,I_2,E2COLLECTIVEPOWER,N,sonnet
45840,I_2,E2CONSPIRACY,N,sonnet
45840,I_2,E2CONTROLMEDIA,N,sonnet
45840,I_2,E2CONTROLECONOMY,N,sonnet
45840,I_2,E2CONTROLGOV,N,sonnet
45840,I_2,E2CONTROLOTHER,N,sonnet
45840,I_2,E3COLLECTIVEBLAME,N,sonnet
48062,I_2,E1VIOLENCE,N,sonnet
48062,I_2,E1RADICAL,N,sonnet
48062,I_2,E2ALLEGATION,I,sonnet
48062,I_2,E2DEHUMANIZATION,N,sonnet
48062,I_2,E2DEMONIZE,I,sonnet
48062,I_2,E2STEREOTYPE,I,sonnet
48062,I_2,E2COLLECTIVEPOWER,N,sonnet
48062,I_2,E2CONSPIRACY,N,sonnet
48062,I_2,E2CONTROLMEDIA,N,sonnet
48062,I_2,E2CONTROLECONOMY,N,sonnet
48062,I_2,E2CONTROLGOV,N,sonnet
48062,I_2,E2CONTROLOTHER,N,sonnet
48062,I_2,E3COLLECTIVEBLAME,N,sonnet
42646,I_2,E1VIOLENCE,E,gpt4o
42646,I_2,E1RADICAL,N,gpt4o
42646,I_2,E2ALLEGATION,N,gpt4o
42646,I_2,E2DEHUMANIZATION,E,gpt4o
42646,I_2,E2DEMONIZE,E,gpt4o
42646,I_2,E2STEREOTYPE,N,gpt4o
42646,I_2,E2COLLECTIVEPOWER,N,gpt4o
42646,I_2,E2CONSPIRACY,N,gpt4o
42646,I_2,E2CONTROLMEDIA,N,gpt4o
42646,I_2,E2CONTROLECONOMY,N,gpt4o
42646,I_2,E2CONTROLGOV,N,gpt4o
42646,I_2,E2CONTROLOTHER,N,gpt4o
42646,I_2,E3COLLECTIVEBLAME,N,gpt4o
43723,I_2,E1VIOLENCE,A,sonnet
43723,I_2,E1RADICAL,N,sonnet
43723,I_2,E2ALLEGATION,N,sonnet
43723,I_2,E2DEHUMANIZATION,N,sonnet
43723,I_2,E2DEMONIZE,N,sonnet
43723,I_2,E2STEREOTYPE,N,sonnet
43723,I_2,E2COLLECTIVEPOWER,N,sonnet
43723,I_2,E2CONSPIRACY,N,sonnet
43723,I_2,E2CONTROLMEDIA,N,sonnet
43723,I_2,E2CONTROLECONOMY,N,sonnet
43723,I_2,E2CONTROLGOV,N,sonnet
43723,I_2,E2CONTROLOTHER,N,sonnet
43723,I_2,E3COLLECTIVEBLAME,N,sonnet
46952,I_2,E1VIOLENCE,N,sonnet
46952,I_2,E1RADICAL,N,sonnet
46952,I_2,E2ALLEGATION,E,sonnet
46952,I_2,E2DEHUMANIZATION,E,sonnet
46952,I_2,E2DEMONIZE,E,sonnet
46952,I_2,E2STEREOTYPE,N,sonnet
46952,I_2,E2COLLECTIVEPOWER,N,sonnet
46952,I_2,E2CONSPIRACY,N,sonnet
46952,I_2,E2CONTROLMEDIA,N,sonnet
46952,I_2,E2CONTROLECONOMY,N,sonnet
46952,I_2,E2CONTROLGOV,N,sonnet
46952,I_2,E2CONTROLOTHER,N,sonnet
46952,I_2,E3COLLECTIVEBLAME,N,sonnet
23955,I_2,E1VIOLENCE,N,sonnet
23955,I_2,E1RADICAL,N,sonnet
23955,I_2,E2ALLEGATION,N,sonnet
23955,I_2,E2DEHUMANIZATION,N,sonnet
23955,I_2,E2DEMONIZE,N,sonnet
23955,I_2,E2STEREOTYPE,N,sonnet
23955,I_2,E2COLLECTIVEPOWER,N,sonnet
23955,I_2,E2CONSPIRACY,N,sonnet
23955,I_2,E2CONTROLMEDIA,N,sonnet
23955,I_2,E2CONTROLECONOMY,N,sonnet
23955,I_2,E2CONTROLGOV,N,sonnet
23955,I_2,E2CONTROLOTHER,N,sonnet
23955,I_2,E3COLLECTIVEBLAME,N,sonnet
20732,I_2,E1VIOLENCE,I,sonnet
20732,I_2,E1RADICAL,I,sonnet
20732,I_2,E2ALLEGATION,E,sonnet
20732,I_2,E2DEHUMANIZATION,E,sonnet
20732,I_2,E2DEMONIZE,E,sonnet
20732,I_2,E2STEREOTYPE,E,sonnet
20732,I_2,E2COLLECTIVEPOWER,N,sonnet
20732,I_2,E2CONSPIRACY,N,sonnet
20732,I_2,E2CONTROLMEDIA,N,sonnet
20732,I_2,E2CONTROLECONOMY,N,sonnet
20732,I_2,E2CONTROLGOV,N,sonnet
20732,I_2,E2CONTROLOTHER,N,sonnet
20732,I_2,E3COLLECTIVEBLAME,N,sonnet
2129,I_2,E1VIOLENCE,N,sonnet
2129,I_2,E1RADICAL,N,sonnet
2129,I_2,E2ALLEGATION,E,sonnet
2129,I_2,E2DEHUMANIZATION,E,sonnet
2129,I_2,E2DEMONIZE,E,sonnet
2129,I_2,E2STEREOTYPE,N,sonnet
2129,I_2,E2COLLECTIVEPOWER,N,sonnet
2129,I_2,E2CONSPIRACY,N,sonnet
2129,I_2,E2CONTROLMEDIA,N,sonnet
2129,I_2,E2CONTROLECONOMY,N,sonnet
2129,I_2,E2CONTROLGOV,N,sonnet
2129,I_2,E2CONTROLOTHER,N,sonnet
2129,I_2,E3COLLECTIVEBLAME,N,sonnet
37159,I_2,E1VIOLENCE,N,sonnet
37159,I_2,E1RADICAL,N,sonnet
37159,I_2,E2ALLEGATION,E,sonnet
37159,I_2,E2DEHUMANIZATION,I,sonnet
37159,I_2,E2DEMONIZE,E,sonnet
37159,I_2,E2STEREOTYPE,E,sonnet
37159,I_2,E2COLLECTIVEPOWER,I,sonnet
37159,I_2,E2CONSPIRACY,I,sonnet
37159,I_2,E2CONTROLMEDIA,N,sonnet
37159,I_2,E2CONTROLECONOMY,N,sonnet
37159,I_2,E2CONTROLGOV,I,sonnet
37159,I_2,E2CONTROLOTHER,N,sonnet
37159,I_2,E3COLLECTIVEBLAME,I,sonnet
10757,I_2,E1VIOLENCE,N,sonnet
10757,I_2,E1RADICAL,N,sonnet
10757,I_2,E2ALLEGATION,N,sonnet
10757,I_2,E2DEHUMANIZATION,N,sonnet
10757,I_2,E2DEMONIZE,N,sonnet
10757,I_2,E2STEREOTYPE,N,sonnet
10757,I_2,E2COLLECTIVEPOWER,N,sonnet
10757,I_2,E2CONSPIRACY,N,sonnet
10757,I_2,E2CONTROLMEDIA,N,sonnet
10757,I_2,E2CONTROLECONOMY,N,sonnet
10757,I_2,E2CONTROLGOV,N,sonnet
10757,I_2,E2CONTROLOTHER,N,sonnet
10757,I_2,E3COLLECTIVEBLAME,N,sonnet
48722,I_2,E1VIOLENCE,E,sonnet
48722,I_2,E1RADICAL,N,sonnet
48722,I_2,E2ALLEGATION,N,sonnet
48722,I_2,E2DEHUMANIZATION,E,sonnet
48722,I_2,E2DEMONIZE,N,sonnet
48722,I_2,E2STEREOTYPE,N,sonnet
48722,I_2,E2COLLECTIVEPOWER,N,sonnet
48722,I_2,E2CONSPIRACY,N,sonnet
48722,I_2,E2CONTROLMEDIA,N,sonnet
48722,I_2,E2CONTROLECONOMY,N,sonnet
48722,I_2,E2CONTROLGOV,N,sonnet
48722,I_2,E2CONTROLOTHER,N,sonnet
48722,I_2,E3COLLECTIVEBLAME,N,sonnet
9962,I_2,E1VIOLENCE,N,sonnet
9962,I_2,E1RADICAL,N,sonnet
9962,I_2,E2ALLEGATION,N,sonnet
9962,I_2,E2DEHUMANIZATION,N,sonnet
9962,I_2,E2DEMONIZE,N,sonnet
9962,I_2,E2STEREOTYPE,N,sonnet
9962,I_2,E2COLLECTIVEPOWER,N,sonnet
9962,I_2,E2CONSPIRACY,N,sonnet
9962,I_2,E2CONTROLMEDIA,N,sonnet
9962,I_2,E2CONTROLECONOMY,N,sonnet
9962,I_2,E2CONTROLGOV,N,sonnet
9962,I_2,E2CONTROLOTHER,N,sonnet
9962,I_2,E3COLLECTIVEBLAME,N,sonnet
49662,I_2,E1VIOLENCE,A,sonnet
49662,I_2,E1RADICAL,N,sonnet
49662,I_2,E2ALLEGATION,N,sonnet
49662,I_2,E2DEHUMANIZATION,N,sonnet
49662,I_2,E2DEMONIZE,N,sonnet
49662,I_2,E2STEREOTYPE,N,sonnet
49662,I_2,E2COLLECTIVEPOWER,N,sonnet
49662,I_2,E2CONSPIRACY,N,sonnet
49662,I_2,E2CONTROLMEDIA,N,sonnet
49662,I_2,E2CONTROLECONOMY,N,sonnet
49662,I_2,E2CONTROLGOV,N,sonnet
49662,I_2,E2CONTROLOTHER,N,sonnet
49662,I_2,E3COLLECTIVEBLAME,N,sonnet
30607,I_2,E1VIOLENCE,N,sonnet
30607,I_2,E1RADICAL,N,sonnet
30607,I_2,E2ALLEGATION,N,sonnet
30607,I_2,E2DEHUMANIZATION,N,sonnet
30607,I_2,E2DEMONIZE,N,sonnet
30607,I_2,E2STEREOTYPE,N,sonnet
30607,I_2,E2COLLECTIVEPOWER,N,sonnet
30607,I_2,E2CONSPIRACY,N,sonnet
30607,I_2,E2CONTROLMEDIA,N,sonnet
30607,I_2,E2CONTROLECONOMY,N,sonnet
30607,I_2,E2CONTROLGOV,N,sonnet
30607,I_2,E2CONTROLOTHER,N,sonnet
30607,I_2,E3COLLECTIVEBLAME,N,sonnet
37441,I_2,E1VIOLENCE,N,sonnet
37441,I_2,E1RADICAL,N,sonnet
37441,I_2,E2ALLEGATION,N,sonnet
37441,I_2,E2DEHUMANIZATION,N,sonnet
37441,I_2,E2DEMONIZE,N,sonnet
37441,I_2,E2STEREOTYPE,N,sonnet
37441,I_2,E2COLLECTIVEPOWER,N,sonnet
37441,I_2,E2CONSPIRACY,N,sonnet
37441,I_2,E2CONTROLMEDIA,N,sonnet
37441,I_2,E2CONTROLECONOMY,N,sonnet
37441,I_2,E2CONTROLGOV,N,sonnet
37441,I_2,E2CONTROLOTHER,N,sonnet
37441,I_2,E3COLLECTIVEBLAME,N,sonnet
12808,I_2,E1VIOLENCE,A,sonnet
12808,I_2,E1RADICAL,A,sonnet
12808,I_2,E2ALLEGATION,N,sonnet
12808,I_2,E2DEHUMANIZATION,A,sonnet
12808,I_2,E2DEMONIZE,N,sonnet
12808,I_2,E2STEREOTYPE,N,sonnet
12808,I_2,E2COLLECTIVEPOWER,N,sonnet
12808,I_2,E2CONSPIRACY,N,sonnet
12808,I_2,E2CONTROLMEDIA,N,sonnet
12808,I_2,E2CONTROLECONOMY,N,sonnet
12808,I_2,E2CONTROLGOV,N,sonnet
12808,I_2,E2CONTROLOTHER,N,sonnet
12808,I_2,E3COLLECTIVEBLAME,N,sonnet
34838,I_2,E1VIOLENCE,N,sonnet
34838,I_2,E1RADICAL,N,sonnet
34838,I_2,E2ALLEGATION,I,sonnet
34838,I_2,E2DEHUMANIZATION,N,sonnet
34838,I_2,E2DEMONIZE,I,sonnet
34838,I_2,E2STEREOTYPE,I,sonnet
34838,I_2,E2COLLECTIVEPOWER,N,sonnet
34838,I_2,E2CONSPIRACY,N,sonnet
34838,I_2,E2CONTROLMEDIA,N,sonnet
34838,I_2,E2CONTROLECONOMY,N,sonnet
34838,I_2,E2CONTROLGOV,N,sonnet
34838,I_2,E2CONTROLOTHER,N,sonnet
34838,I_2,E3COLLECTIVEBLAME,N,sonnet
1324,I_2,E1VIOLENCE,N,sonnet
1324,I_2,E1RADICAL,N,sonnet
1324,I_2,E2ALLEGATION,N,sonnet
1324,I_2,E2DEHUMANIZATION,N,sonnet
1324,I_2,E2DEMONIZE,N,sonnet
1324,I_2,E2STEREOTYPE,N,sonnet
1324,I_2,E2COLLECTIVEPOWER,N,sonnet
1324,I_2,E2CONSPIRACY,N,sonnet
1324,I_2,E2CONTROLMEDIA,N,sonnet
1324,I_2,E2CONTROLECONOMY,N,sonnet
1324,I_2,E2CONTROLGOV,N,sonnet
1324,I_2,E2CONTROLOTHER,N,sonnet
1324,I_2,E3COLLECTIVEBLAME,N,sonnet
26782,I_2,E1VIOLENCE,N,sonnet
26782,I_2,E1RADICAL,N,sonnet
26782,I_2,E2ALLEGATION,N,sonnet
26782,I_2,E2DEHUMANIZATION,N,sonnet
26782,I_2,E2DEMONIZE,N,sonnet
26782,I_2,E2STEREOTYPE,N,sonnet
26782,I_2,E2COLLECTIVEPOWER,N,sonnet
26782,I_2,E2CONSPIRACY,N,sonnet
26782,I_2,E2CONTROLMEDIA,N,sonnet
26782,I_2,E2CONTROLECONOMY,N,sonnet
26782,I_2,E2CONTROLGOV,N,sonnet
26782,I_2,E2CONTROLOTHER,N,sonnet
26782,I_2,E3COLLECTIVEBLAME,N,sonnet
8690,I_2,E1VIOLENCE,N,sonnet
8690,I_2,E1RADICAL,N,sonnet
8690,I_2,E2ALLEGATION,N,sonnet
8690,I_2,E2DEHUMANIZATION,N,sonnet
8690,I_2,E2DEMONIZE,N,sonnet
8690,I_2,E2STEREOTYPE,N,sonnet
8690,I_2,E2COLLECTIVEPOWER,N,sonnet
8690,I_2,E2CONSPIRACY,N,sonnet
8690,I_2,E2CONTROLMEDIA,N,sonnet
8690,I_2,E2CONTROLECONOMY,N,sonnet
8690,I_2,E2CONTROLGOV,N,sonnet
8690,I_2,E2CONTROLOTHER,N,sonnet
8690,I_2,E3COLLECTIVEBLAME,N,sonnet
19599,I_2,E1VIOLENCE,N,sonnet
19599,I_2,E1RADICAL,N,sonnet
19599,I_2,E2ALLEGATION,N,sonnet
19599,I_2,E2DEHUMANIZATION,N,sonnet
19599,I_2,E2DEMONIZE,N,sonnet
19599,I_2,E2STEREOTYPE,N,sonnet
19599,I_2,E2COLLECTIVEPOWER,N,sonnet
19599,I_2,E2CONSPIRACY,N,sonnet
19599,I_2,E2CONTROLMEDIA,N,sonnet
19599,I_2,E2CONTROLECONOMY,N,sonnet
19599,I_2,E2CONTROLGOV,N,sonnet
19599,I_2,E2CONTROLOTHER,N,sonnet
19599,I_2,E3COLLECTIVEBLAME,N,sonnet
28276,I_2,E1VIOLENCE,N,sonnet
28276,I_2,E1RADICAL,N,sonnet
28276,I_2,E2ALLEGATION,N,sonnet
28276,I_2,E2DEHUMANIZATION,N,sonnet
28276,I_2,E2DEMONIZE,N,sonnet
28276,I_2,E2STEREOTYPE,N,sonnet
28276,I_2,E2COLLECTIVEPOWER,N,sonnet
28276,I_2,E2CONSPIRACY,N,sonnet
28276,I_2,E2CONTROLMEDIA,N,sonnet
28276,I_2,E2CONTROLECONOMY,N,sonnet
28276,I_2,E2CONTROLGOV,N,sonnet
28276,I_2,E2CONTROLOTHER,N,sonnet
28276,I_2,E3COLLECTIVEBLAME,N,sonnet
49569,I_2,E1VIOLENCE,N,sonnet
49569,I_2,E1RADICAL,N,sonnet
49569,I_2,E2ALLEGATION,N,sonnet
49569,I_2,E2DEHUMANIZATION,N,sonnet
49569,I_2,E2DEMONIZE,N,sonnet
49569,I_2,E2STEREOTYPE,N,sonnet
49569,I_2,E2COLLECTIVEPOWER,N,sonnet
49569,I_2,E2CONSPIRACY,N,sonnet
49569,I_2,E2CONTROLMEDIA,N,sonnet
49569,I_2,E2CONTROLECONOMY,N,sonnet
49569,I_2,E2CONTROLGOV,N,sonnet
49569,I_2,E2CONTROLOTHER,N,sonnet
49569,I_2,E3COLLECTIVEBLAME,N,sonnet
47200,I_2,E1VIOLENCE,N,sonnet
47200,I_2,E1RADICAL,N,sonnet
47200,I_2,E2ALLEGATION,N,sonnet
47200,I_2,E2DEHUMANIZATION,N,sonnet
47200,I_2,E2DEMONIZE,N,sonnet
47200,I_2,E2STEREOTYPE,N,sonnet
47200,I_2,E2COLLECTIVEPOWER,N,sonnet
47200,I_2,E2CONSPIRACY,N,sonnet
47200,I_2,E2CONTROLMEDIA,N,sonnet
47200,I_2,E2CONTROLECONOMY,N,sonnet
47200,I_2,E2CONTROLGOV,N,sonnet
47200,I_2,E2CONTROLOTHER,N,sonnet
47200,I_2,E3COLLECTIVEBLAME,N,sonnet
11332,I_2,E1VIOLENCE,N,sonnet
11332,I_2,E1RADICAL,N,sonnet
11332,I_2,E2ALLEGATION,N,sonnet
11332,I_2,E2DEHUMANIZATION,N,sonnet
11332,I_2,E2DEMONIZE,N,sonnet
11332,I_2,E2STEREOTYPE,N,sonnet
11332,I_2,E2COLLECTIVEPOWER,N,sonnet
11332,I_2,E2CONSPIRACY,N,sonnet
11332,I_2,E2CONTROLMEDIA,N,sonnet
11332,I_2,E2CONTROLECONOMY,N,sonnet
11332,I_2,E2CONTROLGOV,N,sonnet
11332,I_2,E2CONTROLOTHER,N,sonnet
11332,I_2,E3COLLECTIVEBLAME,N,sonnet
30040,I_2,E1VIOLENCE,N,sonnet
30040,I_2,E1RADICAL,N,sonnet
30040,I_2,E2ALLEGATION,N,sonnet
30040,I_2,E2DEHUMANIZATION,N,sonnet
30040,I_2,E2DEMONIZE,N,sonnet
30040,I_2,E2STEREOTYPE,N,sonnet
30040,I_2,E2COLLECTIVEPOWER,N,sonnet
30040,I_2,E2CONSPIRACY,N,sonnet
30040,I_2,E2CONTROLMEDIA,N,sonnet
30040,I_2,E2CONTROLECONOMY,N,sonnet
30040,I_2,E2CONTROLGOV,N,sonnet
30040,I_2,E2CONTROLOTHER,N,sonnet
30040,I_2,E3COLLECTIVEBLAME,N,sonnet
738,I_2,E1VIOLENCE,N,sonnet
738,I_2,E1RADICAL,N,sonnet
738,I_2,E2ALLEGATION,I,sonnet
738,I_2,E2DEHUMANIZATION,N,sonnet
738,I_2,E2DEMONIZE,N,sonnet
738,I_2,E2STEREOTYPE,I,sonnet
738,I_2,E2COLLECTIVEPOWER,N,sonnet
738,I_2,E2CONSPIRACY,N,sonnet
738,I_2,E2CONTROLMEDIA,N,sonnet
738,I_2,E2CONTROLECONOMY,I,sonnet
738,I_2,E2CONTROLGOV,N,sonnet
738,I_2,E2CONTROLOTHER,N,sonnet
738,I_2,E3COLLECTIVEBLAME,N,sonnet
2589,I_2,E1VIOLENCE,N,sonnet
2589,I_2,E1RADICAL,N,sonnet
2589,I_2,E2ALLEGATION,N,sonnet
2589,I_2,E2DEHUMANIZATION,N,sonnet
2589,I_2,E2DEMONIZE,N,sonnet
2589,I_2,E2STEREOTYPE,N,sonnet
2589,I_2,E2COLLECTIVEPOWER,N,sonnet
2589,I_2,E2CONSPIRACY,N,sonnet
2589,I_2,E2CONTROLMEDIA,N,sonnet
2589,I_2,E2CONTROLECONOMY,N,sonnet
2589,I_2,E2CONTROLGOV,N,sonnet
2589,I_2,E2CONTROLOTHER,N,sonnet
2589,I_2,E3COLLECTIVEBLAME,N,sonnet
11989,I_2,E1VIOLENCE,N,sonnet
11989,I_2,E1RADICAL,N,sonnet
11989,I_2,E2ALLEGATION,N,sonnet
11989,I_2,E2DEHUMANIZATION,N,sonnet
11989,I_2,E2DEMONIZE,N,sonnet
11989,I_2,E2STEREOTYPE,N,sonnet
11989,I_2,E2COLLECTIVEPOWER,N,sonnet
11989,I_2,E2CONSPIRACY,N,sonnet
11989,I_2,E2CONTROLMEDIA,N,sonnet
11989,I_2,E2CONTROLECONOMY,N,sonnet
11989,I_2,E2CONTROLGOV,N,sonnet
11989,I_2,E2CONTROLOTHER,N,sonnet
11989,I_2,E3COLLECTIVEBLAME,N,sonnet
22141,I_2,E1VIOLENCE,N,sonnet
22141,I_2,E1RADICAL,N,sonnet
22141,I_2,E2ALLEGATION,N,sonnet
22141,I_2,E2DEHUMANIZATION,N,sonnet
22141,I_2,E2DEMONIZE,N,sonnet
22141,I_2,E2STEREOTYPE,N,sonnet
22141,I_2,E2COLLECTIVEPOWER,N,sonnet
22141,I_2,E2CONSPIRACY,N,sonnet
22141,I_2,E2CONTROLMEDIA,N,sonnet
22141,I_2,E2CONTROLECONOMY,N,sonnet
22141,I_2,E2CONTROLGOV,N,sonnet
22141,I_2,E2CONTROLOTHER,N,sonnet
22141,I_2,E3COLLECTIVEBLAME,N,sonnet
41753,I_2,E1VIOLENCE,I,sonnet
41753,I_2,E1RADICAL,E,sonnet
41753,I_2,E2ALLEGATION,E,sonnet
41753,I_2,E2DEHUMANIZATION,N,sonnet
41753,I_2,E2DEMONIZE,I,sonnet
41753,I_2,E2STEREOTYPE,N,sonnet
41753,I_2,E2COLLECTIVEPOWER,N,sonnet
41753,I_2,E2CONSPIRACY,N,sonnet
41753,I_2,E2CONTROLMEDIA,N,sonnet
41753,I_2,E2CONTROLECONOMY,N,sonnet
41753,I_2,E2CONTROLGOV,N,sonnet
41753,I_2,E2CONTROLOTHER,N,sonnet
41753,I_2,E3COLLECTIVEBLAME,N,sonnet
10206,I_2,E1VIOLENCE,N,sonnet
10206,I_2,E1RADICAL,N,sonnet
10206,I_2,E2ALLEGATION,N,sonnet
10206,I_2,E2DEHUMANIZATION,N,sonnet
10206,I_2,E2DEMONIZE,N,sonnet
10206,I_2,E2STEREOTYPE,A,sonnet
10206,I_2,E2COLLECTIVEPOWER,N,sonnet
10206,I_2,E2CONSPIRACY,N,sonnet
10206,I_2,E2CONTROLMEDIA,N,sonnet
10206,I_2,E2CONTROLECONOMY,N,sonnet
10206,I_2,E2CONTROLGOV,N,sonnet
10206,I_2,E2CONTROLOTHER,N,sonnet
10206,I_2,E3COLLECTIVEBLAME,N,sonnet
45067,I_2,E1VIOLENCE,N,sonnet
45067,I_2,E1RADICAL,N,sonnet
45067,I_2,E2ALLEGATION,N,sonnet
45067,I_2,E2DEHUMANIZATION,N,sonnet
45067,I_2,E2DEMONIZE,N,sonnet
45067,I_2,E2STEREOTYPE,N,sonnet
45067,I_2,E2COLLECTIVEPOWER,N,sonnet
45067,I_2,E2CONSPIRACY,N,sonnet
45067,I_2,E2CONTROLMEDIA,N,sonnet
45067,I_2,E2CONTROLECONOMY,N,sonnet
45067,I_2,E2CONTROLGOV,N,sonnet
45067,I_2,E2CONTROLOTHER,N,sonnet
45067,I_2,E3COLLECTIVEBLAME,N,sonnet
34023,I_2,E1VIOLENCE,N,sonnet
34023,I_2,E1RADICAL,N,sonnet
34023,I_2,E2ALLEGATION,E,sonnet
34023,I_2,E2DEHUMANIZATION,E,sonnet
34023,I_2,E2DEMONIZE,E,sonnet
34023,I_2,E2STEREOTYPE,I,sonnet
34023,I_2,E2COLLECTIVEPOWER,N,sonnet
34023,I_2,E2CONSPIRACY,N,sonnet
34023,I_2,E2CONTROLMEDIA,N,sonnet
34023,I_2,E2CONTROLECONOMY,N,sonnet
34023,I_2,E2CONTROLGOV,N,sonnet
34023,I_2,E2CONTROLOTHER,N,sonnet
34023,I_2,E3COLLECTIVEBLAME,N,sonnet
11438,I_2,E1VIOLENCE,N,sonnet
11438,I_2,E1RADICAL,N,sonnet
11438,I_2,E2ALLEGATION,N,sonnet
11438,I_2,E2DEHUMANIZATION,N,sonnet
11438,I_2,E2DEMONIZE,N,sonnet
11438,I_2,E2STEREOTYPE,N,sonnet
11438,I_2,E2COLLECTIVEPOWER,N,sonnet
11438,I_2,E2CONSPIRACY,N,sonnet
11438,I_2,E2CONTROLMEDIA,N,sonnet
11438,I_2,E2CONTROLECONOMY,N,sonnet
11438,I_2,E2CONTROLGOV,N,sonnet
11438,I_2,E2CONTROLOTHER,N,sonnet
11438,I_2,E3COLLECTIVEBLAME,N,sonnet
8554,I_2,E1VIOLENCE,N,sonnet
8554,I_2,E1RADICAL,N,sonnet
8554,I_2,E2ALLEGATION,N,sonnet
8554,I_2,E2DEHUMANIZATION,N,sonnet
8554,I_2,E2DEMONIZE,N,sonnet
8554,I_2,E2STEREOTYPE,N,sonnet
8554,I_2,E2COLLECTIVEPOWER,N,sonnet
8554,I_2,E2CONSPIRACY,N,sonnet
8554,I_2,E2CONTROLMEDIA,N,sonnet
8554,I_2,E2CONTROLECONOMY,N,sonnet
8554,I_2,E2CONTROLGOV,N,sonnet
8554,I_2,E2CONTROLOTHER,N,sonnet
8554,I_2,E3COLLECTIVEBLAME,N,sonnet
36851,I_2,E1VIOLENCE,N,sonnet
36851,I_2,E1RADICAL,N,sonnet
36851,I_2,E2ALLEGATION,N,sonnet
36851,I_2,E2DEHUMANIZATION,N,sonnet
36851,I_2,E2DEMONIZE,N,sonnet
36851,I_2,E2STEREOTYPE,N,sonnet
36851,I_2,E2COLLECTIVEPOWER,N,sonnet
36851,I_2,E2CONSPIRACY,N,sonnet
36851,I_2,E2CONTROLMEDIA,N,sonnet
36851,I_2,E2CONTROLECONOMY,N,sonnet
36851,I_2,E2CONTROLGOV,N,sonnet
36851,I_2,E2CONTROLOTHER,N,sonnet
36851,I_2,E3COLLECTIVEBLAME,N,sonnet
12676,I_2,E1VIOLENCE,N,sonnet
12676,I_2,E1RADICAL,N,sonnet
12676,I_2,E2ALLEGATION,N,sonnet
12676,I_2,E2DEHUMANIZATION,N,sonnet
12676,I_2,E2DEMONIZE,N,sonnet
12676,I_2,E2STEREOTYPE,N,sonnet
12676,I_2,E2COLLECTIVEPOWER,N,sonnet
12676,I_2,E2CONSPIRACY,N,sonnet
12676,I_2,E2CONTROLMEDIA,N,sonnet
12676,I_2,E2CONTROLECONOMY,N,sonnet
12676,I_2,E2CONTROLGOV,N,sonnet
12676,I_2,E2CONTROLOTHER,N,sonnet
12676,I_2,E3COLLECTIVEBLAME,N,sonnet
27244,I_2,E1VIOLENCE,N,sonnet
27244,I_2,E1RADICAL,N,sonnet
27244,I_2,E2ALLEGATION,A,sonnet
27244,I_2,E2DEHUMANIZATION,A,sonnet
27244,I_2,E2DEMONIZE,A,sonnet
27244,I_2,E2STEREOTYPE,N,sonnet
27244,I_2,E2COLLECTIVEPOWER,N,sonnet
27244,I_2,E2CONSPIRACY,N,sonnet
27244,I_2,E2CONTROLMEDIA,N,sonnet
27244,I_2,E2CONTROLECONOMY,N,sonnet
27244,I_2,E2CONTROLGOV,N,sonnet
27244,I_2,E2CONTROLOTHER,N,sonnet
27244,I_2,E3COLLECTIVEBLAME,N,sonnet
20067,I_2,E1VIOLENCE,N,sonnet
20067,I_2,E1RADICAL,N,sonnet
20067,I_2,E2ALLEGATION,N,sonnet
20067,I_2,E2DEHUMANIZATION,N,sonnet
20067,I_2,E2DEMONIZE,N,sonnet
20067,I_2,E2STEREOTYPE,N,sonnet
20067,I_2,E2COLLECTIVEPOWER,N,sonnet
20067,I_2,E2CONSPIRACY,N,sonnet
20067,I_2,E2CONTROLMEDIA,N,sonnet
20067,I_2,E2CONTROLECONOMY,N,sonnet
20067,I_2,E2CONTROLGOV,N,sonnet
20067,I_2,E2CONTROLOTHER,N,sonnet
20067,I_2,E3COLLECTIVEBLAME,N,sonnet
34209,I_2,E1VIOLENCE,N,sonnet
34209,I_2,E1RADICAL,N,sonnet
34209,I_2,E2ALLEGATION,N,sonnet
34209,I_2,E2DEHUMANIZATION,N,sonnet
34209,I_2,E2DEMONIZE,N,sonnet
34209,I_2,E2STEREOTYPE,N,sonnet
34209,I_2,E2COLLECTIVEPOWER,N,sonnet
34209,I_2,E2CONSPIRACY,N,sonnet
34209,I_2,E2CONTROLMEDIA,N,sonnet
34209,I_2,E2CONTROLECONOMY,N,sonnet
34209,I_2,E2CONTROLGOV,N,sonnet
34209,I_2,E2CONTROLOTHER,N,sonnet
34209,I_2,E3COLLECTIVEBLAME,N,sonnet
13368,I_2,E1VIOLENCE,N,sonnet
13368,I_2,E1RADICAL,N,sonnet
13368,I_2,E2ALLEGATION,N,sonnet
13368,I_2,E2DEHUMANIZATION,N,sonnet
13368,I_2,E2DEMONIZE,N,sonnet
13368,I_2,E2STEREOTYPE,A,sonnet
13368,I_2,E2COLLECTIVEPOWER,N,sonnet
13368,I_2,E2CONSPIRACY,N,sonnet
13368,I_2,E2CONTROLMEDIA,N,sonnet
13368,I_2,E2CONTROLECONOMY,N,sonnet
13368,I_2,E2CONTROLGOV,N,sonnet
13368,I_2,E2CONTROLOTHER,N,sonnet
13368,I_2,E3COLLECTIVEBLAME,N,sonnet
38596,I_2,E1VIOLENCE,N,sonnet
38596,I_2,E1RADICAL,N,sonnet
38596,I_2,E2ALLEGATION,N,sonnet
38596,I_2,E2DEHUMANIZATION,N,sonnet
38596,I_2,E2DEMONIZE,N,sonnet
38596,I_2,E2STEREOTYPE,N,sonnet
38596,I_2,E2COLLECTIVEPOWER,N,sonnet
38596,I_2,E2CONSPIRACY,N,sonnet
38596,I_2,E2CONTROLMEDIA,N,sonnet
38596,I_2,E2CONTROLECONOMY,N,sonnet
38596,I_2,E2CONTROLGOV,N,sonnet
38596,I_2,E2CONTROLOTHER,N,sonnet
38596,I_2,E3COLLECTIVEBLAME,N,sonnet
27260,I_2,E1VIOLENCE,N,sonnet
27260,I_2,E1RADICAL,N,sonnet
27260,I_2,E2ALLEGATION,N,sonnet
27260,I_2,E2DEHUMANIZATION,N,sonnet
27260,I_2,E2DEMONIZE,N,sonnet
27260,I_2,E2STEREOTYPE,N,sonnet
27260,I_2,E2COLLECTIVEPOWER,N,sonnet
27260,I_2,E2CONSPIRACY,N,sonnet
27260,I_2,E2CONTROLMEDIA,N,sonnet
27260,I_2,E2CONTROLECONOMY,N,sonnet
27260,I_2,E2CONTROLGOV,N,sonnet
27260,I_2,E2CONTROLOTHER,N,sonnet
27260,I_2,E3COLLECTIVEBLAME,N,sonnet
18182,I_2,E1VIOLENCE,N,sonnet
18182,I_2,E1RADICAL,N,sonnet
18182,I_2,E2ALLEGATION,N,sonnet
18182,I_2,E2DEHUMANIZATION,N,sonnet
18182,I_2,E2DEMONIZE,N,sonnet
18182,I_2,E2STEREOTYPE,N,sonnet
18182,I_2,E2COLLECTIVEPOWER,N,sonnet
18182,I_2,E2CONSPIRACY,N,sonnet
18182,I_2,E2CONTROLMEDIA,N,sonnet
18182,I_2,E2CONTROLECONOMY,N,sonnet
18182,I_2,E2CONTROLGOV,N,sonnet
18182,I_2,E2CONTROLOTHER,N,sonnet
18182,I_2,E3COLLECTIVEBLAME,N,sonnet
43727,I_2,E1VIOLENCE,I,sonnet
43727,I_2,E1RADICAL,I,sonnet
43727,I_2,E2ALLEGATION,N,sonnet
43727,I_2,E2DEHUMANIZATION,N,sonnet
43727,I_2,E2DEMONIZE,N,sonnet
43727,I_2,E2STEREOTYPE,N,sonnet
43727,I_2,E2COLLECTIVEPOWER,N,sonnet
43727,I_2,E2CONSPIRACY,N,sonnet
43727,I_2,E2CONTROLMEDIA,N,sonnet
43727,I_2,E2CONTROLECONOMY,N,sonnet
43727,I_2,E2CONTROLGOV,N,sonnet
43727,I_2,E2CONTROLOTHER,N,sonnet
43727,I_2,E3COLLECTIVEBLAME,N,sonnet
44319,I_2,E1VIOLENCE,A,sonnet
44319,I_2,E1RADICAL,N,sonnet
44319,I_2,E2ALLEGATION,N,sonnet
44319,I_2,E2DEHUMANIZATION,N,sonnet
44319,I_2,E2DEMONIZE,N,sonnet
44319,I_2,E2STEREOTYPE,N,sonnet
44319,I_2,E2COLLECTIVEPOWER,N,sonnet
44319,I_2,E2CONSPIRACY,N,sonnet
44319,I_2,E2CONTROLMEDIA,N,sonnet
44319,I_2,E2CONTROLECONOMY,N,sonnet
44319,I_2,E2CONTROLGOV,N,sonnet
44319,I_2,E2CONTROLOTHER,N,sonnet
44319,I_2,E3COLLECTIVEBLAME,N,sonnet
25027,I_2,E1VIOLENCE,N,sonnet
25027,I_2,E1RADICAL,N,sonnet
25027,I_2,E2ALLEGATION,N,sonnet
25027,I_2,E2DEHUMANIZATION,N,sonnet
25027,I_2,E2DEMONIZE,N,sonnet
25027,I_2,E2STEREOTYPE,N,sonnet
25027,I_2,E2COLLECTIVEPOWER,N,sonnet
25027,I_2,E2CONSPIRACY,N,sonnet
25027,I_2,E2CONTROLMEDIA,N,sonnet
25027,I_2,E2CONTROLECONOMY,N,sonnet
25027,I_2,E2CONTROLGOV,N,sonnet
25027,I_2,E2CONTROLOTHER,N,sonnet
25027,I_2,E3COLLECTIVEBLAME,N,sonnet
6874,I_2,E1VIOLENCE,N,sonnet
6874,I_2,E1RADICAL,N,sonnet
6874,I_2,E2ALLEGATION,N,sonnet
6874,I_2,E2DEHUMANIZATION,N,sonnet
6874,I_2,E2DEMONIZE,N,sonnet
6874,I_2,E2STEREOTYPE,N,sonnet
6874,I_2,E2COLLECTIVEPOWER,N,sonnet
6874,I_2,E2CONSPIRACY,N,sonnet
6874,I_2,E2CONTROLMEDIA,N,sonnet
6874,I_2,E2CONTROLECONOMY,N,sonnet
6874,I_2,E2CONTROLGOV,N,sonnet
6874,I_2,E2CONTROLOTHER,N,sonnet
6874,I_2,E3COLLECTIVEBLAME,N,sonnet
5249,I_2,E1VIOLENCE,N,sonnet
5249,I_2,E1RADICAL,N,sonnet
5249,I_2,E2ALLEGATION,N,sonnet
5249,I_2,E2DEHUMANIZATION,N,sonnet
5249,I_2,E2DEMONIZE,N,sonnet
5249,I_2,E2STEREOTYPE,N,sonnet
5249,I_2,E2COLLECTIVEPOWER,N,sonnet
5249,I_2,E2CONSPIRACY,N,sonnet
5249,I_2,E2CONTROLMEDIA,N,sonnet
5249,I_2,E2CONTROLECONOMY,N,sonnet
5249,I_2,E2CONTROLGOV,N,sonnet
5249,I_2,E2CONTROLOTHER,N,sonnet
5249,I_2,E3COLLECTIVEBLAME,N,sonnet
33941,I_2,E1VIOLENCE,N,sonnet
33941,I_2,E1RADICAL,N,sonnet
33941,I_2,E2ALLEGATION,N,sonnet
33941,I_2,E2DEHUMANIZATION,N,sonnet
33941,I_2,E2DEMONIZE,N,sonnet
33941,I_2,E2STEREOTYPE,N,sonnet
33941,I_2,E2COLLECTIVEPOWER,N,sonnet
33941,I_2,E2CONSPIRACY,N,sonnet
33941,I_2,E2CONTROLMEDIA,N,sonnet
33941,I_2,E2CONTROLECONOMY,N,sonnet
33941,I_2,E2CONTROLGOV,N,sonnet
33941,I_2,E2CONTROLOTHER,N,sonnet
33941,I_2,E3COLLECTIVEBLAME,N,sonnet
8699,I_2,E1VIOLENCE,N,sonnet
8699,I_2,E1RADICAL,N,sonnet
8699,I_2,E2ALLEGATION,N,sonnet
8699,I_2,E2DEHUMANIZATION,N,sonnet
8699,I_2,E2DEMONIZE,N,sonnet
8699,I_2,E2STEREOTYPE,N,sonnet
8699,I_2,E2COLLECTIVEPOWER,N,sonnet
8699,I_2,E2CONSPIRACY,N,sonnet
8699,I_2,E2CONTROLMEDIA,N,sonnet
8699,I_2,E2CONTROLECONOMY,N,sonnet
8699,I_2,E2CONTROLGOV,N,sonnet
8699,I_2,E2CONTROLOTHER,N,sonnet
8699,I_2,E3COLLECTIVEBLAME,N,sonnet
35688,I_2,E1VIOLENCE,N,sonnet
35688,I_2,E1RADICAL,N,sonnet
35688,I_2,E2ALLEGATION,N,sonnet
35688,I_2,E2DEHUMANIZATION,N,sonnet
35688,I_2,E2DEMONIZE,N,sonnet
35688,I_2,E2STEREOTYPE,N,sonnet
35688,I_2,E2COLLECTIVEPOWER,N,sonnet
35688,I_2,E2CONSPIRACY,N,sonnet
35688,I_2,E2CONTROLMEDIA,N,sonnet
35688,I_2,E2CONTROLECONOMY,N,sonnet
35688,I_2,E2CONTROLGOV,N,sonnet
35688,I_2,E2CONTROLOTHER,N,sonnet
35688,I_2,E3COLLECTIVEBLAME,N,sonnet
5358,I_2,E1VIOLENCE,E,sonnet
5358,I_2,E1RADICAL,I,sonnet
5358,I_2,E2ALLEGATION,E,sonnet
5358,I_2,E2DEHUMANIZATION,E,sonnet
5358,I_2,E2DEMONIZE,E,sonnet
5358,I_2,E2STEREOTYPE,E,sonnet
5358,I_2,E2COLLECTIVEPOWER,N,sonnet
5358,I_2,E2CONSPIRACY,N,sonnet
5358,I_2,E2CONTROLMEDIA,N,sonnet
5358,I_2,E2CONTROLECONOMY,N,sonnet
5358,I_2,E2CONTROLGOV,N,sonnet
5358,I_2,E2CONTROLOTHER,N,sonnet
5358,I_2,E3COLLECTIVEBLAME,E,sonnet
17559,I_2,E1VIOLENCE,N,sonnet
17559,I_2,E1RADICAL,N,sonnet
17559,I_2,E2ALLEGATION,N,sonnet
17559,I_2,E2DEHUMANIZATION,N,sonnet
17559,I_2,E2DEMONIZE,N,sonnet
17559,I_2,E2STEREOTYPE,N,sonnet
17559,I_2,E2COLLECTIVEPOWER,N,sonnet
17559,I_2,E2CONSPIRACY,N,sonnet
17559,I_2,E2CONTROLMEDIA,N,sonnet
17559,I_2,E2CONTROLECONOMY,N,sonnet
17559,I_2,E2CONTROLGOV,N,sonnet
17559,I_2,E2CONTROLOTHER,N,sonnet
17559,I_2,E3COLLECTIVEBLAME,N,sonnet
13514,I_2,E1VIOLENCE,N,sonnet
13514,I_2,E1RADICAL,N,sonnet
13514,I_2,E2ALLEGATION,N,sonnet
13514,I_2,E2DEHUMANIZATION,E,sonnet
13514,I_2,E2DEMONIZE,N,sonnet
13514,I_2,E2STEREOTYPE,N,sonnet
13514,I_2,E2COLLECTIVEPOWER,N,sonnet
13514,I_2,E2CONSPIRACY,N,sonnet
13514,I_2,E2CONTROLMEDIA,N,sonnet
13514,I_2,E2CONTROLECONOMY,N,sonnet
13514,I_2,E2CONTROLGOV,N,sonnet
13514,I_2,E2CONTROLOTHER,N,sonnet
13514,I_2,E3COLLECTIVEBLAME,N,sonnet
4898,I_2,E1VIOLENCE,N,sonnet
4898,I_2,E1RADICAL,N,sonnet
4898,I_2,E2ALLEGATION,I,sonnet
4898,I_2,E2DEHUMANIZATION,N,sonnet
4898,I_2,E2DEMONIZE,I,sonnet
4898,I_2,E2STEREOTYPE,I,sonnet
4898,I_2,E2COLLECTIVEPOWER,N,sonnet
4898,I_2,E2CONSPIRACY,N,sonnet
4898,I_2,E2CONTROLMEDIA,N,sonnet
4898,I_2,E2CONTROLECONOMY,N,sonnet
4898,I_2,E2CONTROLGOV,N,sonnet
4898,I_2,E2CONTROLOTHER,N,sonnet
4898,I_2,E3COLLECTIVEBLAME,N,sonnet
46846,I_2,E1VIOLENCE,N,sonnet
46846,I_2,E1RADICAL,N,sonnet
46846,I_2,E2ALLEGATION,N,sonnet
46846,I_2,E2DEHUMANIZATION,N,sonnet
46846,I_2,E2DEMONIZE,N,sonnet
46846,I_2,E2STEREOTYPE,N,sonnet
46846,I_2,E2COLLECTIVEPOWER,N,sonnet
46846,I_2,E2CONSPIRACY,N,sonnet
46846,I_2,E2CONTROLMEDIA,N,sonnet
46846,I_2,E2CONTROLECONOMY,N,sonnet
46846,I_2,E2CONTROLGOV,N,sonnet
46846,I_2,E2CONTROLOTHER,N,sonnet
46846,I_2,E3COLLECTIVEBLAME,N,sonnet
18306,I_2,E1VIOLENCE,N,sonnet
18306,I_2,E1RADICAL,N,sonnet
18306,I_2,E2ALLEGATION,N,sonnet
18306,I_2,E2DEHUMANIZATION,N,sonnet
18306,I_2,E2DEMONIZE,N,sonnet
18306,I_2,E2STEREOTYPE,I,sonnet
18306,I_2,E2COLLECTIVEPOWER,N,sonnet
18306,I_2,E2CONSPIRACY,N,sonnet
18306,I_2,E2CONTROLMEDIA,N,sonnet
18306,I_2,E2CONTROLECONOMY,N,sonnet
18306,I_2,E2CONTROLGOV,N,sonnet
18306,I_2,E2CONTROLOTHER,N,sonnet
18306,I_2,E3COLLECTIVEBLAME,N,sonnet
28197,I_2,E1VIOLENCE,N,sonnet
28197,I_2,E1RADICAL,N,sonnet
28197,I_2,E2ALLEGATION,I,sonnet
28197,I_2,E2DEHUMANIZATION,N,sonnet
28197,I_2,E2DEMONIZE,I,sonnet
28197,I_2,E2STEREOTYPE,N,sonnet
28197,I_2,E2COLLECTIVEPOWER,I,sonnet
28197,I_2,E2CONSPIRACY,N,sonnet
28197,I_2,E2CONTROLMEDIA,N,sonnet
28197,I_2,E2CONTROLECONOMY,N,sonnet
28197,I_2,E2CONTROLGOV,N,sonnet
28197,I_2,E2CONTROLOTHER,I,sonnet
28197,I_2,E3COLLECTIVEBLAME,N,sonnet
29564,I_2,E1VIOLENCE,N,sonnet
29564,I_2,E1RADICAL,N,sonnet
29564,I_2,E2ALLEGATION,N,sonnet
29564,I_2,E2DEHUMANIZATION,N,sonnet
29564,I_2,E2DEMONIZE,N,sonnet
29564,I_2,E2STEREOTYPE,N,sonnet
29564,I_2,E2COLLECTIVEPOWER,N,sonnet
29564,I_2,E2CONSPIRACY,N,sonnet
29564,I_2,E2CONTROLMEDIA,N,sonnet
29564,I_2,E2CONTROLECONOMY,N,sonnet
29564,I_2,E2CONTROLGOV,N,sonnet
29564,I_2,E2CONTROLOTHER,N,sonnet
29564,I_2,E3COLLECTIVEBLAME,N,sonnet
26245,I_2,E1VIOLENCE,N,sonnet
26245,I_2,E1RADICAL,N,sonnet
26245,I_2,E2ALLEGATION,N,sonnet
26245,I_2,E2DEHUMANIZATION,N,sonnet
26245,I_2,E2DEMONIZE,N,sonnet
26245,I_2,E2STEREOTYPE,N,sonnet
26245,I_2,E2COLLECTIVEPOWER,N,sonnet
26245,I_2,E2CONSPIRACY,N,sonnet
26245,I_2,E2CONTROLMEDIA,N,sonnet
26245,I_2,E2CONTROLECONOMY,N,sonnet
26245,I_2,E2CONTROLGOV,N,sonnet
26245,I_2,E2CONTROLOTHER,N,sonnet
26245,I_2,E3COLLECTIVEBLAME,N,sonnet
32694,I_2,E1VIOLENCE,N,sonnet
32694,I_2,E1RADICAL,N,sonnet
32694,I_2,E2ALLEGATION,N,sonnet
32694,I_2,E2DEHUMANIZATION,N,sonnet
32694,I_2,E2DEMONIZE,A,sonnet
32694,I_2,E2STEREOTYPE,N,sonnet
32694,I_2,E2COLLECTIVEPOWER,N,sonnet
32694,I_2,E2CONSPIRACY,N,sonnet
32694,I_2,E2CONTROLMEDIA,N,sonnet
32694,I_2,E2CONTROLECONOMY,N,sonnet
32694,I_2,E2CONTROLGOV,N,sonnet
32694,I_2,E2CONTROLOTHER,N,sonnet
32694,I_2,E3COLLECTIVEBLAME,N,sonnet
8512,I_2,E1VIOLENCE,I,sonnet
8512,I_2,E1RADICAL,I,sonnet
8512,I_2,E2ALLEGATION,N,sonnet
8512,I_2,E2DEHUMANIZATION,E,sonnet
8512,I_2,E2DEMONIZE,E,sonnet
8512,I_2,E2STEREOTYPE,N,sonnet
8512,I_2,E2COLLECTIVEPOWER,N,sonnet
8512,I_2,E2CONSPIRACY,N,sonnet
8512,I_2,E2CONTROLMEDIA,N,sonnet
8512,I_2,E2CONTROLECONOMY,N,sonnet
8512,I_2,E2CONTROLGOV,N,sonnet
8512,I_2,E2CONTROLOTHER,N,sonnet
8512,I_2,E3COLLECTIVEBLAME,N,sonnet
30456,I_2,E1VIOLENCE,N,sonnet
30456,I_2,E1RADICAL,N,sonnet
30456,I_2,E2ALLEGATION,N,sonnet
30456,I_2,E2DEHUMANIZATION,N,sonnet
30456,I_2,E2DEMONIZE,N,sonnet
30456,I_2,E2STEREOTYPE,N,sonnet
30456,I_2,E2COLLECTIVEPOWER,N,sonnet
30456,I_2,E2CONSPIRACY,N,sonnet
30456,I_2,E2CONTROLMEDIA,N,sonnet
30456,I_2,E2CONTROLECONOMY,N,sonnet
30456,I_2,E2CONTROLGOV,N,sonnet
30456,I_2,E2CONTROLOTHER,N,sonnet
30456,I_2,E3COLLECTIVEBLAME,N,sonnet
14864,I_2,E1VIOLENCE,N,sonnet
14864,I_2,E1RADICAL,N,sonnet
14864,I_2,E2ALLEGATION,N,sonnet
14864,I_2,E2DEHUMANIZATION,N,sonnet
14864,I_2,E2DEMONIZE,N,sonnet
14864,I_2,E2STEREOTYPE,N,sonnet
14864,I_2,E2COLLECTIVEPOWER,N,sonnet
14864,I_2,E2CONSPIRACY,N,sonnet
14864,I_2,E2CONTROLMEDIA,N,sonnet
14864,I_2,E2CONTROLECONOMY,N,sonnet
14864,I_2,E2CONTROLGOV,N,sonnet
14864,I_2,E2CONTROLOTHER,N,sonnet
14864,I_2,E3COLLECTIVEBLAME,N,sonnet
16522,I_2,E1VIOLENCE,A,sonnet
16522,I_2,E1RADICAL,A,sonnet
16522,I_2,E2ALLEGATION,A,sonnet
16522,I_2,E2DEHUMANIZATION,A,sonnet
16522,I_2,E2DEMONIZE,A,sonnet
16522,I_2,E2STEREOTYPE,A,sonnet
16522,I_2,E2COLLECTIVEPOWER,N,sonnet
16522,I_2,E2CONSPIRACY,N,sonnet
16522,I_2,E2CONTROLMEDIA,N,sonnet
16522,I_2,E2CONTROLECONOMY,N,sonnet
16522,I_2,E2CONTROLGOV,N,sonnet
16522,I_2,E2CONTROLOTHER,N,sonnet
16522,I_2,E3COLLECTIVEBLAME,N,sonnet
34075,I_2,E1VIOLENCE,N,sonnet
34075,I_2,E1RADICAL,N,sonnet
34075,I_2,E2ALLEGATION,N,sonnet
34075,I_2,E2DEHUMANIZATION,E,sonnet
34075,I_2,E2DEMONIZE,E,sonnet
34075,I_2,E2STEREOTYPE,N,sonnet
34075,I_2,E2COLLECTIVEPOWER,N,sonnet
34075,I_2,E2CONSPIRACY,N,sonnet
34075,I_2,E2CONTROLMEDIA,N,sonnet
34075,I_2,E2CONTROLECONOMY,N,sonnet
34075,I_2,E2CONTROLGOV,N,sonnet
34075,I_2,E2CONTROLOTHER,N,sonnet
34075,I_2,E3COLLECTIVEBLAME,N,sonnet
37228,I_2,E1VIOLENCE,N,sonnet
37228,I_2,E1RADICAL,N,sonnet
37228,I_2,E2ALLEGATION,N,sonnet
37228,I_2,E2DEHUMANIZATION,N,sonnet
37228,I_2,E2DEMONIZE,N,sonnet
37228,I_2,E2STEREOTYPE,N,sonnet
37228,I_2,E2COLLECTIVEPOWER,N,sonnet
37228,I_2,E2CONSPIRACY,N,sonnet
37228,I_2,E2CONTROLMEDIA,N,sonnet
37228,I_2,E2CONTROLECONOMY,N,sonnet
37228,I_2,E2CONTROLGOV,N,sonnet
37228,I_2,E2CONTROLOTHER,N,sonnet
37228,I_2,E3COLLECTIVEBLAME,N,sonnet
38239,I_2,E1VIOLENCE,N,sonnet
38239,I_2,E1RADICAL,N,sonnet
38239,I_2,E2ALLEGATION,N,sonnet
38239,I_2,E2DEHUMANIZATION,N,sonnet
38239,I_2,E2DEMONIZE,N,sonnet
38239,I_2,E2STEREOTYPE,N,sonnet
38239,I_2,E2COLLECTIVEPOWER,N,sonnet
38239,I_2,E2CONSPIRACY,N,sonnet
38239,I_2,E2CONTROLMEDIA,N,sonnet
38239,I_2,E2CONTROLECONOMY,N,sonnet
38239,I_2,E2CONTROLGOV,N,sonnet
38239,I_2,E2CONTROLOTHER,N,sonnet
38239,I_2,E3COLLECTIVEBLAME,N,sonnet
32480,I_2,E1VIOLENCE,N,sonnet
32480,I_2,E1RADICAL,N,sonnet
32480,I_2,E2ALLEGATION,N,sonnet
32480,I_2,E2DEHUMANIZATION,N,sonnet
32480,I_2,E2DEMONIZE,N,sonnet
32480,I_2,E2STEREOTYPE,N,sonnet
32480,I_2,E2COLLECTIVEPOWER,N,sonnet
32480,I_2,E2CONSPIRACY,N,sonnet
32480,I_2,E2CONTROLMEDIA,N,sonnet
32480,I_2,E2CONTROLECONOMY,N,sonnet
32480,I_2,E2CONTROLGOV,N,sonnet
32480,I_2,E2CONTROLOTHER,N,sonnet
32480,I_2,E3COLLECTIVEBLAME,N,sonnet
36587,I_2,E1VIOLENCE,N,sonnet
36587,I_2,E1RADICAL,N,sonnet
36587,I_2,E2ALLEGATION,N,sonnet
36587,I_2,E2DEHUMANIZATION,N,sonnet
36587,I_2,E2DEMONIZE,N,sonnet
36587,I_2,E2STEREOTYPE,N,sonnet
36587,I_2,E2COLLECTIVEPOWER,N,sonnet
36587,I_2,E2CONSPIRACY,N,sonnet
36587,I_2,E2CONTROLMEDIA,N,sonnet
36587,I_2,E2CONTROLECONOMY,N,sonnet
36587,I_2,E2CONTROLGOV,N,sonnet
36587,I_2,E2CONTROLOTHER,N,sonnet
36587,I_2,E3COLLECTIVEBLAME,N,sonnet
18445,I_2,E1VIOLENCE,N,sonnet
18445,I_2,E1RADICAL,N,sonnet
18445,I_2,E2ALLEGATION,N,sonnet
18445,I_2,E2DEHUMANIZATION,N,sonnet
18445,I_2,E2DEMONIZE,N,sonnet
18445,I_2,E2STEREOTYPE,N,sonnet
18445,I_2,E2COLLECTIVEPOWER,N,sonnet
18445,I_2,E2CONSPIRACY,N,sonnet
18445,I_2,E2CONTROLMEDIA,N,sonnet
18445,I_2,E2CONTROLECONOMY,N,sonnet
18445,I_2,E2CONTROLGOV,N,sonnet
18445,I_2,E2CONTROLOTHER,N,sonnet
18445,I_2,E3COLLECTIVEBLAME,N,sonnet
40226,I_2,E1VIOLENCE,N,sonnet
40226,I_2,E1RADICAL,N,sonnet
40226,I_2,E2ALLEGATION,E,sonnet
40226,I_2,E2DEHUMANIZATION,E,sonnet
40226,I_2,E2DEMONIZE,E,sonnet
40226,I_2,E2STEREOTYPE,E,sonnet
40226,I_2,E2COLLECTIVEPOWER,N,sonnet
40226,I_2,E2CONSPIRACY,N,sonnet
40226,I_2,E2CONTROLMEDIA,N,sonnet
40226,I_2,E2CONTROLECONOMY,N,sonnet
40226,I_2,E2CONTROLGOV,N,sonnet
40226,I_2,E2CONTROLOTHER,N,sonnet
40226,I_2,E3COLLECTIVEBLAME,N,sonnet
9965,I_2,E1VIOLENCE,N,sonnet
9965,I_2,E1RADICAL,N,sonnet
9965,I_2,E2ALLEGATION,N,sonnet
9965,I_2,E2DEHUMANIZATION,I,sonnet
9965,I_2,E2DEMONIZE,N,sonnet
9965,I_2,E2STEREOTYPE,N,sonnet
9965,I_2,E2COLLECTIVEPOWER,N,sonnet
9965,I_2,E2CONSPIRACY,N,sonnet
9965,I_2,E2CONTROLMEDIA,N,sonnet
9965,I_2,E2CONTROLECONOMY,N,sonnet
9965,I_2,E2CONTROLGOV,N,sonnet
9965,I_2,E2CONTROLOTHER,N,sonnet
9965,I_2,E3COLLECTIVEBLAME,N,sonnet
18816,I_2,E1VIOLENCE,N,sonnet
18816,I_2,E1RADICAL,N,sonnet
18816,I_2,E2ALLEGATION,N,sonnet
18816,I_2,E2DEHUMANIZATION,N,sonnet
18816,I_2,E2DEMONIZE,N,sonnet
18816,I_2,E2STEREOTYPE,N,sonnet
18816,I_2,E2COLLECTIVEPOWER,N,sonnet
18816,I_2,E2CONSPIRACY,N,sonnet
18816,I_2,E2CONTROLMEDIA,N,sonnet
18816,I_2,E2CONTROLECONOMY,N,sonnet
18816,I_2,E2CONTROLGOV,N,sonnet
18816,I_2,E2CONTROLOTHER,N,sonnet
18816,I_2,E3COLLECTIVEBLAME,N,sonnet
11595,I_2,E1VIOLENCE,N,sonnet
11595,I_2,E1RADICAL,N,sonnet
11595,I_2,E2ALLEGATION,N,sonnet
11595,I_2,E2DEHUMANIZATION,N,sonnet
11595,I_2,E2DEMONIZE,N,sonnet
11595,I_2,E2STEREOTYPE,N,sonnet
11595,I_2,E2COLLECTIVEPOWER,N,sonnet
11595,I_2,E2CONSPIRACY,N,sonnet
11595,I_2,E2CONTROLMEDIA,N,sonnet
11595,I_2,E2CONTROLECONOMY,N,sonnet
11595,I_2,E2CONTROLGOV,N,sonnet
11595,I_2,E2CONTROLOTHER,N,sonnet
11595,I_2,E3COLLECTIVEBLAME,N,sonnet
17491,I_2,E1VIOLENCE,N,sonnet
17491,I_2,E1RADICAL,N,sonnet
17491,I_2,E2ALLEGATION,N,sonnet
17491,I_2,E2DEHUMANIZATION,N,sonnet
17491,I_2,E2DEMONIZE,N,sonnet
17491,I_2,E2STEREOTYPE,N,sonnet
17491,I_2,E2COLLECTIVEPOWER,N,sonnet
17491,I_2,E2CONSPIRACY,N,sonnet
17491,I_2,E2CONTROLMEDIA,N,sonnet
17491,I_2,E2CONTROLECONOMY,N,sonnet
17491,I_2,E2CONTROLGOV,N,sonnet
17491,I_2,E2CONTROLOTHER,N,sonnet
17491,I_2,E3COLLECTIVEBLAME,N,sonnet
44763,I_2,E1VIOLENCE,N,sonnet
44763,I_2,E1RADICAL,N,sonnet
44763,I_2,E2ALLEGATION,N,sonnet
44763,I_2,E2DEHUMANIZATION,N,sonnet
44763,I_2,E2DEMONIZE,N,sonnet
44763,I_2,E2STEREOTYPE,N,sonnet
44763,I_2,E2COLLECTIVEPOWER,N,sonnet
44763,I_2,E2CONSPIRACY,N,sonnet
44763,I_2,E2CONTROLMEDIA,N,sonnet
44763,I_2,E2CONTROLECONOMY,N,sonnet
44763,I_2,E2CONTROLGOV,N,sonnet
44763,I_2,E2CONTROLOTHER,N,sonnet
44763,I_2,E3COLLECTIVEBLAME,N,sonnet
38784,I_2,E1VIOLENCE,N,sonnet
38784,I_2,E1RADICAL,N,sonnet
38784,I_2,E2ALLEGATION,N,sonnet
38784,I_2,E2DEHUMANIZATION,N,sonnet
38784,I_2,E2DEMONIZE,N,sonnet
38784,I_2,E2STEREOTYPE,N,sonnet
38784,I_2,E2COLLECTIVEPOWER,N,sonnet
38784,I_2,E2CONSPIRACY,N,sonnet
38784,I_2,E2CONTROLMEDIA,N,sonnet
38784,I_2,E2CONTROLECONOMY,N,sonnet
38784,I_2,E2CONTROLGOV,N,sonnet
38784,I_2,E2CONTROLOTHER,N,sonnet
38784,I_2,E3COLLECTIVEBLAME,N,sonnet
48944,I_2,E1VIOLENCE,N,sonnet
48944,I_2,E1RADICAL,N,sonnet
48944,I_2,E2ALLEGATION,N,sonnet
48944,I_2,E2DEHUMANIZATION,E,sonnet
48944,I_2,E2DEMONIZE,E,sonnet
48944,I_2,E2STEREOTYPE,N,sonnet
48944,I_2,E2COLLECTIVEPOWER,N,sonnet
48944,I_2,E2CONSPIRACY,N,sonnet
48944,I_2,E2CONTROLMEDIA,N,sonnet
48944,I_2,E2CONTROLECONOMY,N,sonnet
48944,I_2,E2CONTROLGOV,N,sonnet
48944,I_2,E2CONTROLOTHER,N,sonnet
48944,I_2,E3COLLECTIVEBLAME,I,sonnet
34994,I_2,E1VIOLENCE,N,sonnet
34994,I_2,E1RADICAL,N,sonnet
34994,I_2,E2ALLEGATION,N,sonnet
34994,I_2,E2DEHUMANIZATION,N,sonnet
34994,I_2,E2DEMONIZE,N,sonnet
34994,I_2,E2STEREOTYPE,N,sonnet
34994,I_2,E2COLLECTIVEPOWER,N,sonnet
34994,I_2,E2CONSPIRACY,N,sonnet
34994,I_2,E2CONTROLMEDIA,N,sonnet
34994,I_2,E2CONTROLECONOMY,N,sonnet
34994,I_2,E2CONTROLGOV,N,sonnet
34994,I_2,E2CONTROLOTHER,N,sonnet
34994,I_2,E3COLLECTIVEBLAME,N,sonnet
44266,I_2,E1VIOLENCE,N,sonnet
44266,I_2,E1RADICAL,N,sonnet
44266,I_2,E2ALLEGATION,I,sonnet
44266,I_2,E2DEHUMANIZATION,N,sonnet
44266,I_2,E2DEMONIZE,I,sonnet
44266,I_2,E2STEREOTYPE,N,sonnet
44266,I_2,E2COLLECTIVEPOWER,I,sonnet
44266,I_2,E2CONSPIRACY,I,sonnet
44266,I_2,E2CONTROLMEDIA,N,sonnet
44266,I_2,E2CONTROLECONOMY,N,sonnet
44266,I_2,E2CONTROLGOV,I,sonnet
44266,I_2,E2CONTROLOTHER,N,sonnet
44266,I_2,E3COLLECTIVEBLAME,I,sonnet
40495,I_2,E1VIOLENCE,N,sonnet
40495,I_2,E1RADICAL,N,sonnet
40495,I_2,E2ALLEGATION,N,sonnet
40495,I_2,E2DEHUMANIZATION,N,sonnet
40495,I_2,E2DEMONIZE,N,sonnet
40495,I_2,E2STEREOTYPE,N,sonnet
40495,I_2,E2COLLECTIVEPOWER,N,sonnet
40495,I_2,E2CONSPIRACY,N,sonnet
40495,I_2,E2CONTROLMEDIA,N,sonnet
40495,I_2,E2CONTROLECONOMY,N,sonnet
40495,I_2,E2CONTROLGOV,N,sonnet
40495,I_2,E2CONTROLOTHER,N,sonnet
40495,I_2,E3COLLECTIVEBLAME,N,sonnet
30316,I_2,E1VIOLENCE,I,sonnet
30316,I_2,E1RADICAL,I,sonnet
30316,I_2,E2ALLEGATION,N,sonnet
30316,I_2,E2DEHUMANIZATION,I,sonnet
30316,I_2,E2DEMONIZE,N,sonnet
30316,I_2,E2STEREOTYPE,N,sonnet
30316,I_2,E2COLLECTIVEPOWER,N,sonnet
30316,I_2,E2CONSPIRACY,N,sonnet
30316,I_2,E2CONTROLMEDIA,N,sonnet
30316,I_2,E2CONTROLECONOMY,N,sonnet
30316,I_2,E2CONTROLGOV,N,sonnet
30316,I_2,E2CONTROLOTHER,N,sonnet
30316,I_2,E3COLLECTIVEBLAME,N,sonnet
5416,I_2,E1VIOLENCE,N,sonnet
5416,I_2,E1RADICAL,N,sonnet
5416,I_2,E2ALLEGATION,N,sonnet
5416,I_2,E2DEHUMANIZATION,N,sonnet
5416,I_2,E2DEMONIZE,N,sonnet
5416,I_2,E2STEREOTYPE,N,sonnet
5416,I_2,E2COLLECTIVEPOWER,N,sonnet
5416,I_2,E2CONSPIRACY,N,sonnet
5416,I_2,E2CONTROLMEDIA,N,sonnet
5416,I_2,E2CONTROLECONOMY,N,sonnet
5416,I_2,E2CONTROLGOV,N,sonnet
5416,I_2,E2CONTROLOTHER,N,sonnet
5416,I_2,E3COLLECTIVEBLAME,N,sonnet
10950,I_2,E1VIOLENCE,N,sonnet
10950,I_2,E1RADICAL,N,sonnet
10950,I_2,E2ALLEGATION,N,sonnet
10950,I_2,E2DEHUMANIZATION,I,sonnet
10950,I_2,E2DEMONIZE,N,sonnet
10950,I_2,E2STEREOTYPE,N,sonnet
10950,I_2,E2COLLECTIVEPOWER,N,sonnet
10950,I_2,E2CONSPIRACY,N,sonnet
10950,I_2,E2CONTROLMEDIA,N,sonnet
10950,I_2,E2CONTROLECONOMY,N,sonnet
10950,I_2,E2CONTROLGOV,N,sonnet
10950,I_2,E2CONTROLOTHER,N,sonnet
10950,I_2,E3COLLECTIVEBLAME,N,sonnet
14471,I_2,E1VIOLENCE,N,sonnet
14471,I_2,E1RADICAL,N,sonnet
14471,I_2,E2ALLEGATION,N,sonnet
14471,I_2,E2DEHUMANIZATION,N,sonnet
14471,I_2,E2DEMONIZE,N,sonnet
14471,I_2,E2STEREOTYPE,N,sonnet
14471,I_2,E2COLLECTIVEPOWER,N,sonnet
14471,I_2,E2CONSPIRACY,N,sonnet
14471,I_2,E2CONTROLMEDIA,N,sonnet
14471,I_2,E2CONTROLECONOMY,N,sonnet
14471,I_2,E2CONTROLGOV,N,sonnet
14471,I_2,E2CONTROLOTHER,N,sonnet
14471,I_2,E3COLLECTIVEBLAME,N,sonnet
20379,I_2,E1VIOLENCE,N,sonnet
20379,I_2,E1RADICAL,N,sonnet
20379,I_2,E2ALLEGATION,N,sonnet
20379,I_2,E2DEHUMANIZATION,N,sonnet
20379,I_2,E2DEMONIZE,N,sonnet
20379,I_2,E2STEREOTYPE,N,sonnet
20379,I_2,E2COLLECTIVEPOWER,N,sonnet
20379,I_2,E2CONSPIRACY,N,sonnet
20379,I_2,E2CONTROLMEDIA,N,sonnet
20379,I_2,E2CONTROLECONOMY,N,sonnet
20379,I_2,E2CONTROLGOV,N,sonnet
20379,I_2,E2CONTROLOTHER,N,sonnet
20379,I_2,E3COLLECTIVEBLAME,N,sonnet
12031,I_2,E1VIOLENCE,N,sonnet
12031,I_2,E1RADICAL,N,sonnet
12031,I_2,E2ALLEGATION,N,sonnet
12031,I_2,E2DEHUMANIZATION,N,sonnet
12031,I_2,E2DEMONIZE,N,sonnet
12031,I_2,E2STEREOTYPE,N,sonnet
12031,I_2,E2COLLECTIVEPOWER,N,sonnet
12031,I_2,E2CONSPIRACY,N,sonnet
12031,I_2,E2CONTROLMEDIA,N,sonnet
12031,I_2,E2CONTROLECONOMY,N,sonnet
12031,I_2,E2CONTROLGOV,N,sonnet
12031,I_2,E2CONTROLOTHER,N,sonnet
12031,I_2,E3COLLECTIVEBLAME,N,sonnet
49323,I_2,E1VIOLENCE,N,sonnet
49323,I_2,E1RADICAL,N,sonnet
49323,I_2,E2ALLEGATION,E,sonnet
49323,I_2,E2DEHUMANIZATION,E,sonnet
49323,I_2,E2DEMONIZE,E,sonnet
49323,I_2,E2STEREOTYPE,E,sonnet
49323,I_2,E2COLLECTIVEPOWER,I,sonnet
49323,I_2,E2CONSPIRACY,N,sonnet
49323,I_2,E2CONTROLMEDIA,I,sonnet
49323,I_2,E2CONTROLECONOMY,N,sonnet
49323,I_2,E2CONTROLGOV,N,sonnet
49323,I_2,E2CONTROLOTHER,N,sonnet
49323,I_2,E3COLLECTIVEBLAME,N,sonnet
40427,I_2,E1VIOLENCE,I,sonnet
40427,I_2,E1RADICAL,N,sonnet
40427,I_2,E2ALLEGATION,N,sonnet
40427,I_2,E2DEHUMANIZATION,E,sonnet
40427,I_2,E2DEMONIZE,N,sonnet
40427,I_2,E2STEREOTYPE,N,sonnet
40427,I_2,E2COLLECTIVEPOWER,N,sonnet
40427,I_2,E2CONSPIRACY,N,sonnet
40427,I_2,E2CONTROLMEDIA,N,sonnet
40427,I_2,E2CONTROLECONOMY,N,sonnet
40427,I_2,E2CONTROLGOV,N,sonnet
40427,I_2,E2CONTROLOTHER,N,sonnet
40427,I_2,E3COLLECTIVEBLAME,N,sonnet
25378,I_2,E1VIOLENCE,N,sonnet
25378,I_2,E1RADICAL,N,sonnet
25378,I_2,E2ALLEGATION,E,sonnet
25378,I_2,E2DEHUMANIZATION,N,sonnet
25378,I_2,E2DEMONIZE,I,sonnet
25378,I_2,E2STEREOTYPE,I,sonnet
25378,I_2,E2COLLECTIVEPOWER,I,sonnet
25378,I_2,E2CONSPIRACY,N,sonnet
25378,I_2,E2CONTROLMEDIA,E,sonnet
25378,I_2,E2CONTROLECONOMY,N,sonnet
25378,I_2,E2CONTROLGOV,N,sonnet
25378,I_2,E2CONTROLOTHER,N,sonnet
25378,I_2,E3COLLECTIVEBLAME,N,sonnet
11625,I_2,E1VIOLENCE,N,sonnet
11625,I_2,E1RADICAL,N,sonnet
11625,I_2,E2ALLEGATION,N,sonnet
11625,I_2,E2DEHUMANIZATION,N,sonnet
11625,I_2,E2DEMONIZE,N,sonnet
11625,I_2,E2STEREOTYPE,N,sonnet
11625,I_2,E2COLLECTIVEPOWER,N,sonnet
11625,I_2,E2CONSPIRACY,N,sonnet
11625,I_2,E2CONTROLMEDIA,N,sonnet
11625,I_2,E2CONTROLECONOMY,N,sonnet
11625,I_2,E2CONTROLGOV,N,sonnet
11625,I_2,E2CONTROLOTHER,N,sonnet
11625,I_2,E3COLLECTIVEBLAME,N,sonnet
47069,I_2,E1VIOLENCE,N,sonnet
47069,I_2,E1RADICAL,N,sonnet
47069,I_2,E2ALLEGATION,E,sonnet
47069,I_2,E2DEHUMANIZATION,N,sonnet
47069,I_2,E2DEMONIZE,E,sonnet
47069,I_2,E2STEREOTYPE,N,sonnet
47069,I_2,E2COLLECTIVEPOWER,N,sonnet
47069,I_2,E2CONSPIRACY,N,sonnet
47069,I_2,E2CONTROLMEDIA,N,sonnet
47069,I_2,E2CONTROLECONOMY,N,sonnet
47069,I_2,E2CONTROLGOV,N,sonnet
47069,I_2,E2CONTROLOTHER,N,sonnet
47069,I_2,E3COLLECTIVEBLAME,N,sonnet
20029,I_2,E1VIOLENCE,N,sonnet
20029,I_2,E1RADICAL,N,sonnet
20029,I_2,E2ALLEGATION,N,sonnet
20029,I_2,E2DEHUMANIZATION,N,sonnet
20029,I_2,E2DEMONIZE,N,sonnet
20029,I_2,E2STEREOTYPE,N,sonnet
20029,I_2,E2COLLECTIVEPOWER,N,sonnet
20029,I_2,E2CONSPIRACY,N,sonnet
20029,I_2,E2CONTROLMEDIA,N,sonnet
20029,I_2,E2CONTROLECONOMY,N,sonnet
20029,I_2,E2CONTROLGOV,N,sonnet
20029,I_2,E2CONTROLOTHER,N,sonnet
20029,I_2,E3COLLECTIVEBLAME,N,sonnet
18332,I_2,E1VIOLENCE,N,sonnet
18332,I_2,E1RADICAL,N,sonnet
18332,I_2,E2ALLEGATION,N,sonnet
18332,I_2,E2DEHUMANIZATION,N,sonnet
18332,I_2,E2DEMONIZE,N,sonnet
18332,I_2,E2STEREOTYPE,N,sonnet
18332,I_2,E2COLLECTIVEPOWER,N,sonnet
18332,I_2,E2CONSPIRACY,N,sonnet
18332,I_2,E2CONTROLMEDIA,N,sonnet
18332,I_2,E2CONTROLECONOMY,N,sonnet
18332,I_2,E2CONTROLGOV,N,sonnet
18332,I_2,E2CONTROLOTHER,N,sonnet
18332,I_2,E3COLLECTIVEBLAME,N,sonnet
32778,I_2,E1VIOLENCE,N,sonnet
32778,I_2,E1RADICAL,N,sonnet
32778,I_2,E2ALLEGATION,N,sonnet
32778,I_2,E2DEHUMANIZATION,N,sonnet
32778,I_2,E2DEMONIZE,N,sonnet
32778,I_2,E2STEREOTYPE,N,sonnet
32778,I_2,E2COLLECTIVEPOWER,N,sonnet
32778,I_2,E2CONSPIRACY,N,sonnet
32778,I_2,E2CONTROLMEDIA,N,sonnet
32778,I_2,E2CONTROLECONOMY,N,sonnet
32778,I_2,E2CONTROLGOV,I,sonnet
32778,I_2,E2CONTROLOTHER,N,sonnet
32778,I_2,E3COLLECTIVEBLAME,N,sonnet
30299,I_2,E1VIOLENCE,N,sonnet
30299,I_2,E1RADICAL,N,sonnet
30299,I_2,E2ALLEGATION,I,sonnet
30299,I_2,E2DEHUMANIZATION,N,sonnet
30299,I_2,E2DEMONIZE,I,sonnet
30299,I_2,E2STEREOTYPE,N,sonnet
30299,I_2,E2COLLECTIVEPOWER,N,sonnet
30299,I_2,E2CONSPIRACY,I,sonnet
30299,I_2,E2CONTROLMEDIA,N,sonnet
30299,I_2,E2CONTROLECONOMY,N,sonnet
30299,I_2,E2CONTROLGOV,N,sonnet
30299,I_2,E2CONTROLOTHER,N,sonnet
30299,I_2,E3COLLECTIVEBLAME,N,sonnet
13379,I_2,E1VIOLENCE,N,sonnet
13379,I_2,E1RADICAL,N,sonnet
13379,I_2,E2ALLEGATION,N,sonnet
13379,I_2,E2DEHUMANIZATION,N,sonnet
13379,I_2,E2DEMONIZE,N,sonnet
13379,I_2,E2STEREOTYPE,N,sonnet
13379,I_2,E2COLLECTIVEPOWER,N,sonnet
13379,I_2,E2CONSPIRACY,N,sonnet
13379,I_2,E2CONTROLMEDIA,N,sonnet
13379,I_2,E2CONTROLECONOMY,N,sonnet
13379,I_2,E2CONTROLGOV,N,sonnet
13379,I_2,E2CONTROLOTHER,N,sonnet
13379,I_2,E3COLLECTIVEBLAME,N,sonnet
25894,I_2,E1VIOLENCE,N,sonnet
25894,I_2,E1RADICAL,N,sonnet
25894,I_2,E2ALLEGATION,N,sonnet
25894,I_2,E2DEHUMANIZATION,N,sonnet
25894,I_2,E2DEMONIZE,N,sonnet
25894,I_2,E2STEREOTYPE,N,sonnet
25894,I_2,E2COLLECTIVEPOWER,N,sonnet
25894,I_2,E2CONSPIRACY,N,sonnet
25894,I_2,E2CONTROLMEDIA,N,sonnet
25894,I_2,E2CONTROLECONOMY,N,sonnet
25894,I_2,E2CONTROLGOV,N,sonnet
25894,I_2,E2CONTROLOTHER,N,sonnet
25894,I_2,E3COLLECTIVEBLAME,N,sonnet
8289,I_2,E1VIOLENCE,N,sonnet
8289,I_2,E1RADICAL,N,sonnet
8289,I_2,E2ALLEGATION,N,sonnet
8289,I_2,E2DEHUMANIZATION,I,sonnet
8289,I_2,E2DEMONIZE,I,sonnet
8289,I_2,E2STEREOTYPE,N,sonnet
8289,I_2,E2COLLECTIVEPOWER,N,sonnet
8289,I_2,E2CONSPIRACY,N,sonnet
8289,I_2,E2CONTROLMEDIA,N,sonnet
8289,I_2,E2CONTROLECONOMY,N,sonnet
8289,I_2,E2CONTROLGOV,N,sonnet
8289,I_2,E2CONTROLOTHER,N,sonnet
8289,I_2,E3COLLECTIVEBLAME,N,sonnet
26341,I_2,E1VIOLENCE,N,sonnet
26341,I_2,E1RADICAL,N,sonnet
26341,I_2,E2ALLEGATION,N,sonnet
26341,I_2,E2DEHUMANIZATION,N,sonnet
26341,I_2,E2DEMONIZE,N,sonnet
26341,I_2,E2STEREOTYPE,N,sonnet
26341,I_2,E2COLLECTIVEPOWER,N,sonnet
26341,I_2,E2CONSPIRACY,N,sonnet
26341,I_2,E2CONTROLMEDIA,N,sonnet
26341,I_2,E2CONTROLECONOMY,N,sonnet
26341,I_2,E2CONTROLGOV,N,sonnet
26341,I_2,E2CONTROLOTHER,N,sonnet
26341,I_2,E3COLLECTIVEBLAME,N,sonnet
38963,I_2,E1VIOLENCE,N,sonnet
38963,I_2,E1RADICAL,N,sonnet
38963,I_2,E2ALLEGATION,N,sonnet
38963,I_2,E2DEHUMANIZATION,N,sonnet
38963,I_2,E2DEMONIZE,N,sonnet
38963,I_2,E2STEREOTYPE,N,sonnet
38963,I_2,E2COLLECTIVEPOWER,N,sonnet
38963,I_2,E2CONSPIRACY,N,sonnet
38963,I_2,E2CONTROLMEDIA,N,sonnet
38963,I_2,E2CONTROLECONOMY,N,sonnet
38963,I_2,E2CONTROLGOV,N,sonnet
38963,I_2,E2CONTROLOTHER,N,sonnet
38963,I_2,E3COLLECTIVEBLAME,N,sonnet
36118,I_2,E1VIOLENCE,N,sonnet
36118,I_2,E1RADICAL,N,sonnet
36118,I_2,E2ALLEGATION,N,sonnet
36118,I_2,E2DEHUMANIZATION,N,sonnet
36118,I_2,E2DEMONIZE,N,sonnet
36118,I_2,E2STEREOTYPE,N,sonnet
36118,I_2,E2COLLECTIVEPOWER,N,sonnet
36118,I_2,E2CONSPIRACY,N,sonnet
36118,I_2,E2CONTROLMEDIA,N,sonnet
36118,I_2,E2CONTROLECONOMY,N,sonnet
36118,I_2,E2CONTROLGOV,N,sonnet
36118,I_2,E2CONTROLOTHER,N,sonnet
36118,I_2,E3COLLECTIVEBLAME,N,sonnet
44423,I_2,E1VIOLENCE,N,sonnet
44423,I_2,E1RADICAL,N,sonnet
44423,I_2,E2ALLEGATION,I,sonnet
44423,I_2,E2DEHUMANIZATION,N,sonnet
44423,I_2,E2DEMONIZE,I,sonnet
44423,I_2,E2STEREOTYPE,I,sonnet
44423,I_2,E2COLLECTIVEPOWER,N,sonnet
44423,I_2,E2CONSPIRACY,I,sonnet
44423,I_2,E2CONTROLMEDIA,N,sonnet
44423,I_2,E2CONTROLECONOMY,N,sonnet
44423,I_2,E2CONTROLGOV,N,sonnet
44423,I_2,E2CONTROLOTHER,N,sonnet
44423,I_2,E3COLLECTIVEBLAME,I,sonnet
40388,I_2,E1VIOLENCE,N,sonnet
40388,I_2,E1RADICAL,N,sonnet
40388,I_2,E2ALLEGATION,N,sonnet
40388,I_2,E2DEHUMANIZATION,N,sonnet
40388,I_2,E2DEMONIZE,N,sonnet
40388,I_2,E2STEREOTYPE,N,sonnet
40388,I_2,E2COLLECTIVEPOWER,N,sonnet
40388,I_2,E2CONSPIRACY,N,sonnet
40388,I_2,E2CONTROLMEDIA,N,sonnet
40388,I_2,E2CONTROLECONOMY,N,sonnet
40388,I_2,E2CONTROLGOV,N,sonnet
40388,I_2,E2CONTROLOTHER,N,sonnet
40388,I_2,E3COLLECTIVEBLAME,N,sonnet
46291,I_2,E1VIOLENCE,N,sonnet
46291,I_2,E1RADICAL,N,sonnet
46291,I_2,E2ALLEGATION,N,sonnet
46291,I_2,E2DEHUMANIZATION,N,sonnet
46291,I_2,E2DEMONIZE,N,sonnet
46291,I_2,E2STEREOTYPE,N,sonnet
46291,I_2,E2COLLECTIVEPOWER,N,sonnet
46291,I_2,E2CONSPIRACY,N,sonnet
46291,I_2,E2CONTROLMEDIA,N,sonnet
46291,I_2,E2CONTROLECONOMY,N,sonnet
46291,I_2,E2CONTROLGOV,N,sonnet
46291,I_2,E2CONTROLOTHER,N,sonnet
46291,I_2,E3COLLECTIVEBLAME,N,sonnet
43887,I_2,E1VIOLENCE,N,sonnet
43887,I_2,E1RADICAL,N,sonnet
43887,I_2,E2ALLEGATION,I,sonnet
43887,I_2,E2DEHUMANIZATION,I,sonnet
43887,I_2,E2DEMONIZE,I,sonnet
43887,I_2,E2STEREOTYPE,I,sonnet
43887,I_2,E2COLLECTIVEPOWER,N,sonnet
43887,I_2,E2CONSPIRACY,N,sonnet
43887,I_2,E2CONTROLMEDIA,N,sonnet
43887,I_2,E2CONTROLECONOMY,N,sonnet
43887,I_2,E2CONTROLGOV,N,sonnet
43887,I_2,E2CONTROLOTHER,N,sonnet
43887,I_2,E3COLLECTIVEBLAME,N,sonnet
40949,I_2,E1VIOLENCE,N,sonnet
40949,I_2,E1RADICAL,N,sonnet
40949,I_2,E2ALLEGATION,I,sonnet
40949,I_2,E2DEHUMANIZATION,N,sonnet
40949,I_2,E2DEMONIZE,I,sonnet
40949,I_2,E2STEREOTYPE,N,sonnet
40949,I_2,E2COLLECTIVEPOWER,I,sonnet
40949,I_2,E2CONSPIRACY,I,sonnet
40949,I_2,E2CONTROLMEDIA,N,sonnet
40949,I_2,E2CONTROLECONOMY,N,sonnet
40949,I_2,E2CONTROLGOV,I,sonnet
40949,I_2,E2CONTROLOTHER,N,sonnet
40949,I_2,E3COLLECTIVEBLAME,I,sonnet
28195,I_2,E1VIOLENCE,N,sonnet
28195,I_2,E1RADICAL,N,sonnet
28195,I_2,E2ALLEGATION,N,sonnet
28195,I_2,E2DEHUMANIZATION,N,sonnet
28195,I_2,E2DEMONIZE,N,sonnet
28195,I_2,E2STEREOTYPE,N,sonnet
28195,I_2,E2COLLECTIVEPOWER,N,sonnet
28195,I_2,E2CONSPIRACY,N,sonnet
28195,I_2,E2CONTROLMEDIA,N,sonnet
28195,I_2,E2CONTROLECONOMY,N,sonnet
28195,I_2,E2CONTROLGOV,N,sonnet
28195,I_2,E2CONTROLOTHER,N,sonnet
28195,I_2,E3COLLECTIVEBLAME,N,sonnet
10177,I_2,E1VIOLENCE,N,sonnet
10177,I_2,E1RADICAL,N,sonnet
10177,I_2,E2ALLEGATION,N,sonnet
10177,I_2,E2DEHUMANIZATION,N,sonnet
10177,I_2,E2DEMONIZE,N,sonnet
10177,I_2,E2STEREOTYPE,N,sonnet
10177,I_2,E2COLLECTIVEPOWER,N,sonnet
10177,I_2,E2CONSPIRACY,N,sonnet
10177,I_2,E2CONTROLMEDIA,N,sonnet
10177,I_2,E2CONTROLECONOMY,N,sonnet
10177,I_2,E2CONTROLGOV,N,sonnet
10177,I_2,E2CONTROLOTHER,N,sonnet
10177,I_2,E3COLLECTIVEBLAME,N,sonnet
1034,I_2,E1VIOLENCE,N,sonnet
1034,I_2,E1RADICAL,N,sonnet
1034,I_2,E2ALLEGATION,N,sonnet
1034,I_2,E2DEHUMANIZATION,N,sonnet
1034,I_2,E2DEMONIZE,N,sonnet
1034,I_2,E2STEREOTYPE,N,sonnet
1034,I_2,E2COLLECTIVEPOWER,N,sonnet
1034,I_2,E2CONSPIRACY,N,sonnet
1034,I_2,E2CONTROLMEDIA,N,sonnet
1034,I_2,E2CONTROLECONOMY,N,sonnet
1034,I_2,E2CONTROLGOV,N,sonnet
1034,I_2,E2CONTROLOTHER,N,sonnet
1034,I_2,E3COLLECTIVEBLAME,N,sonnet
18616,I_2,E1VIOLENCE,N,sonnet
18616,I_2,E1RADICAL,N,sonnet
18616,I_2,E2ALLEGATION,N,sonnet
18616,I_2,E2DEHUMANIZATION,N,sonnet
18616,I_2,E2DEMONIZE,N,sonnet
18616,I_2,E2STEREOTYPE,N,sonnet
18616,I_2,E2COLLECTIVEPOWER,N,sonnet
18616,I_2,E2CONSPIRACY,N,sonnet
18616,I_2,E2CONTROLMEDIA,N,sonnet
18616,I_2,E2CONTROLECONOMY,N,sonnet
18616,I_2,E2CONTROLGOV,N,sonnet
18616,I_2,E2CONTROLOTHER,N,sonnet
18616,I_2,E3COLLECTIVEBLAME,N,sonnet
4359,I_2,E1VIOLENCE,N,sonnet
4359,I_2,E1RADICAL,N,sonnet
4359,I_2,E2ALLEGATION,N,sonnet
4359,I_2,E2DEHUMANIZATION,N,sonnet
4359,I_2,E2DEMONIZE,N,sonnet
4359,I_2,E2STEREOTYPE,N,sonnet
4359,I_2,E2COLLECTIVEPOWER,N,sonnet
4359,I_2,E2CONSPIRACY,I,sonnet
4359,I_2,E2CONTROLMEDIA,N,sonnet
4359,I_2,E2CONTROLECONOMY,N,sonnet
4359,I_2,E2CONTROLGOV,N,sonnet
4359,I_2,E2CONTROLOTHER,N,sonnet
4359,I_2,E3COLLECTIVEBLAME,N,sonnet
18509,I_2,E1VIOLENCE,N,sonnet
18509,I_2,E1RADICAL,N,sonnet
18509,I_2,E2ALLEGATION,N,sonnet
18509,I_2,E2DEHUMANIZATION,N,sonnet
18509,I_2,E2DEMONIZE,N,sonnet
18509,I_2,E2STEREOTYPE,N,sonnet
18509,I_2,E2COLLECTIVEPOWER,N,sonnet
18509,I_2,E2CONSPIRACY,N,sonnet
18509,I_2,E2CONTROLMEDIA,N,sonnet
18509,I_2,E2CONTROLECONOMY,N,sonnet
18509,I_2,E2CONTROLGOV,N,sonnet
18509,I_2,E2CONTROLOTHER,N,sonnet
18509,I_2,E3COLLECTIVEBLAME,N,sonnet
49202,I_2,E1VIOLENCE,N,sonnet
49202,I_2,E1RADICAL,N,sonnet
49202,I_2,E2ALLEGATION,N,sonnet
49202,I_2,E2DEHUMANIZATION,E,sonnet
49202,I_2,E2DEMONIZE,N,sonnet
49202,I_2,E2STEREOTYPE,N,sonnet
49202,I_2,E2COLLECTIVEPOWER,N,sonnet
49202,I_2,E2CONSPIRACY,N,sonnet
49202,I_2,E2CONTROLMEDIA,N,sonnet
49202,I_2,E2CONTROLECONOMY,N,sonnet
49202,I_2,E2CONTROLGOV,N,sonnet
49202,I_2,E2CONTROLOTHER,N,sonnet
49202,I_2,E3COLLECTIVEBLAME,N,sonnet
40103,I_2,E1VIOLENCE,N,sonnet
40103,I_2,E1RADICAL,N,sonnet
40103,I_2,E2ALLEGATION,N,sonnet
40103,I_2,E2DEHUMANIZATION,N,sonnet
40103,I_2,E2DEMONIZE,N,sonnet
40103,I_2,E2STEREOTYPE,N,sonnet
40103,I_2,E2COLLECTIVEPOWER,N,sonnet
40103,I_2,E2CONSPIRACY,N,sonnet
40103,I_2,E2CONTROLMEDIA,N,sonnet
40103,I_2,E2CONTROLECONOMY,N,sonnet
40103,I_2,E2CONTROLGOV,N,sonnet
40103,I_2,E2CONTROLOTHER,N,sonnet
40103,I_2,E3COLLECTIVEBLAME,N,sonnet
14668,I_2,E1VIOLENCE,N,sonnet
14668,I_2,E1RADICAL,N,sonnet
14668,I_2,E2ALLEGATION,N,sonnet
14668,I_2,E2DEHUMANIZATION,N,sonnet
14668,I_2,E2DEMONIZE,N,sonnet
14668,I_2,E2STEREOTYPE,N,sonnet
14668,I_2,E2COLLECTIVEPOWER,N,sonnet
14668,I_2,E2CONSPIRACY,N,sonnet
14668,I_2,E2CONTROLMEDIA,N,sonnet
14668,I_2,E2CONTROLECONOMY,N,sonnet
14668,I_2,E2CONTROLGOV,N,sonnet
14668,I_2,E2CONTROLOTHER,N,sonnet
14668,I_2,E3COLLECTIVEBLAME,N,sonnet
18839,I_2,E1VIOLENCE,N,sonnet
18839,I_2,E1RADICAL,N,sonnet
18839,I_2,E2ALLEGATION,N,sonnet
18839,I_2,E2DEHUMANIZATION,N,sonnet
18839,I_2,E2DEMONIZE,N,sonnet
18839,I_2,E2STEREOTYPE,N,sonnet
18839,I_2,E2COLLECTIVEPOWER,N,sonnet
18839,I_2,E2CONSPIRACY,N,sonnet
18839,I_2,E2CONTROLMEDIA,N,sonnet
18839,I_2,E2CONTROLECONOMY,N,sonnet
18839,I_2,E2CONTROLGOV,N,sonnet
18839,I_2,E2CONTROLOTHER,N,sonnet
18839,I_2,E3COLLECTIVEBLAME,N,sonnet
48204,I_2,E1VIOLENCE,E,sonnet
48204,I_2,E1RADICAL,N,sonnet
48204,I_2,E2ALLEGATION,N,sonnet
48204,I_2,E2DEHUMANIZATION,E,sonnet
48204,I_2,E2DEMONIZE,N,sonnet
48204,I_2,E2STEREOTYPE,N,sonnet
48204,I_2,E2COLLECTIVEPOWER,N,sonnet
48204,I_2,E2CONSPIRACY,N,sonnet
48204,I_2,E2CONTROLMEDIA,N,sonnet
48204,I_2,E2CONTROLECONOMY,N,sonnet
48204,I_2,E2CONTROLGOV,N,sonnet
48204,I_2,E2CONTROLOTHER,N,sonnet
48204,I_2,E3COLLECTIVEBLAME,N,sonnet
48498,I_2,E1VIOLENCE,N,sonnet
48498,I_2,E1RADICAL,N,sonnet
48498,I_2,E2ALLEGATION,N,sonnet
48498,I_2,E2DEHUMANIZATION,N,sonnet
48498,I_2,E2DEMONIZE,N,sonnet
48498,I_2,E2STEREOTYPE,N,sonnet
48498,I_2,E2COLLECTIVEPOWER,N,sonnet
48498,I_2,E2CONSPIRACY,N,sonnet
48498,I_2,E2CONTROLMEDIA,N,sonnet
48498,I_2,E2CONTROLECONOMY,N,sonnet
48498,I_2,E2CONTROLGOV,N,sonnet
48498,I_2,E2CONTROLOTHER,N,sonnet
48498,I_2,E3COLLECTIVEBLAME,N,sonnet
39792,I_2,E1VIOLENCE,A,sonnet
39792,I_2,E1RADICAL,A,sonnet
39792,I_2,E2ALLEGATION,N,sonnet
39792,I_2,E2DEHUMANIZATION,N,sonnet
39792,I_2,E2DEMONIZE,N,sonnet
39792,I_2,E2STEREOTYPE,N,sonnet
39792,I_2,E2COLLECTIVEPOWER,N,sonnet
39792,I_2,E2CONSPIRACY,N,sonnet
39792,I_2,E2CONTROLMEDIA,N,sonnet
39792,I_2,E2CONTROLECONOMY,N,sonnet
39792,I_2,E2CONTROLGOV,N,sonnet
39792,I_2,E2CONTROLOTHER,N,sonnet
39792,I_2,E3COLLECTIVEBLAME,N,sonnet
11456,I_2,E1VIOLENCE,N,sonnet
11456,I_2,E1RADICAL,N,sonnet
11456,I_2,E2ALLEGATION,N,sonnet
11456,I_2,E2DEHUMANIZATION,I,sonnet
11456,I_2,E2DEMONIZE,I,sonnet
11456,I_2,E2STEREOTYPE,N,sonnet
11456,I_2,E2COLLECTIVEPOWER,N,sonnet
11456,I_2,E2CONSPIRACY,N,sonnet
11456,I_2,E2CONTROLMEDIA,N,sonnet
11456,I_2,E2CONTROLECONOMY,N,sonnet
11456,I_2,E2CONTROLGOV,N,sonnet
11456,I_2,E2CONTROLOTHER,N,sonnet
11456,I_2,E3COLLECTIVEBLAME,N,sonnet
11302,I_2,E1VIOLENCE,N,sonnet
11302,I_2,E1RADICAL,N,sonnet
11302,I_2,E2ALLEGATION,N,sonnet
11302,I_2,E2DEHUMANIZATION,N,sonnet
11302,I_2,E2DEMONIZE,N,sonnet
11302,I_2,E2STEREOTYPE,N,sonnet
11302,I_2,E2COLLECTIVEPOWER,N,sonnet
11302,I_2,E2CONSPIRACY,N,sonnet
11302,I_2,E2CONTROLMEDIA,N,sonnet
11302,I_2,E2CONTROLECONOMY,N,sonnet
11302,I_2,E2CONTROLGOV,N,sonnet
11302,I_2,E2CONTROLOTHER,N,sonnet
11302,I_2,E3COLLECTIVEBLAME,N,sonnet
11903,I_2,E1VIOLENCE,N,sonnet
11903,I_2,E1RADICAL,N,sonnet
11903,I_2,E2ALLEGATION,N,sonnet
11903,I_2,E2DEHUMANIZATION,N,sonnet
11903,I_2,E2DEMONIZE,N,sonnet
11903,I_2,E2STEREOTYPE,N,sonnet
11903,I_2,E2COLLECTIVEPOWER,N,sonnet
11903,I_2,E2CONSPIRACY,N,sonnet
11903,I_2,E2CONTROLMEDIA,N,sonnet
11903,I_2,E2CONTROLECONOMY,N,sonnet
11903,I_2,E2CONTROLGOV,N,sonnet
11903,I_2,E2CONTROLOTHER,N,sonnet
11903,I_2,E3COLLECTIVEBLAME,N,sonnet
4142,I_2,E1VIOLENCE,N,sonnet
4142,I_2,E1RADICAL,N,sonnet
4142,I_2,E2ALLEGATION,N,sonnet
4142,I_2,E2DEHUMANIZATION,N,sonnet
4142,I_2,E2DEMONIZE,N,sonnet
4142,I_2,E2STEREOTYPE,N,sonnet
4142,I_2,E2COLLECTIVEPOWER,N,sonnet
4142,I_2,E2CONSPIRACY,N,sonnet
4142,I_2,E2CONTROLMEDIA,N,sonnet
4142,I_2,E2CONTROLECONOMY,N,sonnet
4142,I_2,E2CONTROLGOV,N,sonnet
4142,I_2,E2CONTROLOTHER,N,sonnet
4142,I_2,E3COLLECTIVEBLAME,N,sonnet
22629,I_2,E1VIOLENCE,N,sonnet
22629,I_2,E1RADICAL,N,sonnet
22629,I_2,E2ALLEGATION,A,sonnet
22629,I_2,E2DEHUMANIZATION,N,sonnet
22629,I_2,E2DEMONIZE,A,sonnet
22629,I_2,E2STEREOTYPE,N,sonnet
22629,I_2,E2COLLECTIVEPOWER,A,sonnet
22629,I_2,E2CONSPIRACY,N,sonnet
22629,I_2,E2CONTROLMEDIA,N,sonnet
22629,I_2,E2CONTROLECONOMY,N,sonnet
22629,I_2,E2CONTROLGOV,A,sonnet
22629,I_2,E2CONTROLOTHER,N,sonnet
22629,I_2,E3COLLECTIVEBLAME,N,sonnet
44907,I_2,E1VIOLENCE,N,sonnet
44907,I_2,E1RADICAL,N,sonnet
44907,I_2,E2ALLEGATION,I,sonnet
44907,I_2,E2DEHUMANIZATION,N,sonnet
44907,I_2,E2DEMONIZE,I,sonnet
44907,I_2,E2STEREOTYPE,I,sonnet
44907,I_2,E2COLLECTIVEPOWER,I,sonnet
44907,I_2,E2CONSPIRACY,N,sonnet
44907,I_2,E2CONTROLMEDIA,N,sonnet
44907,I_2,E2CONTROLECONOMY,N,sonnet
44907,I_2,E2CONTROLGOV,I,sonnet
44907,I_2,E2CONTROLOTHER,N,sonnet
44907,I_2,E3COLLECTIVEBLAME,N,sonnet
23332,I_2,E1VIOLENCE,N,sonnet
23332,I_2,E1RADICAL,N,sonnet
23332,I_2,E2ALLEGATION,I,sonnet
23332,I_2,E2DEHUMANIZATION,N,sonnet
23332,I_2,E2DEMONIZE,I,sonnet
23332,I_2,E2STEREOTYPE,N,sonnet
23332,I_2,E2COLLECTIVEPOWER,N,sonnet
23332,I_2,E2CONSPIRACY,N,sonnet
23332,I_2,E2CONTROLMEDIA,N,sonnet
23332,I_2,E2CONTROLECONOMY,N,sonnet
23332,I_2,E2CONTROLGOV,N,sonnet
23332,I_2,E2CONTROLOTHER,N,sonnet
23332,I_2,E3COLLECTIVEBLAME,N,sonnet
44681,I_2,E1VIOLENCE,N,sonnet
44681,I_2,E1RADICAL,N,sonnet
44681,I_2,E2ALLEGATION,N,sonnet
44681,I_2,E2DEHUMANIZATION,N,sonnet
44681,I_2,E2DEMONIZE,N,sonnet
44681,I_2,E2STEREOTYPE,N,sonnet
44681,I_2,E2COLLECTIVEPOWER,N,sonnet
44681,I_2,E2CONSPIRACY,N,sonnet
44681,I_2,E2CONTROLMEDIA,N,sonnet
44681,I_2,E2CONTROLECONOMY,N,sonnet
44681,I_2,E2CONTROLGOV,N,sonnet
44681,I_2,E2CONTROLOTHER,N,sonnet
44681,I_2,E3COLLECTIVEBLAME,N,sonnet
11578,I_2,E1VIOLENCE,N,sonnet
11578,I_2,E1RADICAL,N,sonnet
11578,I_2,E2ALLEGATION,N,sonnet
11578,I_2,E2DEHUMANIZATION,N,sonnet
11578,I_2,E2DEMONIZE,N,sonnet
11578,I_2,E2STEREOTYPE,N,sonnet
11578,I_2,E2COLLECTIVEPOWER,N,sonnet
11578,I_2,E2CONSPIRACY,N,sonnet
11578,I_2,E2CONTROLMEDIA,N,sonnet
11578,I_2,E2CONTROLECONOMY,N,sonnet
11578,I_2,E2CONTROLGOV,N,sonnet
11578,I_2,E2CONTROLOTHER,N,sonnet
11578,I_2,E3COLLECTIVEBLAME,N,sonnet
43805,I_2,E1VIOLENCE,N,sonnet
43805,I_2,E1RADICAL,N,sonnet
43805,I_2,E2ALLEGATION,N,sonnet
43805,I_2,E2DEHUMANIZATION,N,sonnet
43805,I_2,E2DEMONIZE,N,sonnet
43805,I_2,E2STEREOTYPE,N,sonnet
43805,I_2,E2COLLECTIVEPOWER,N,sonnet
43805,I_2,E2CONSPIRACY,N,sonnet
43805,I_2,E2CONTROLMEDIA,N,sonnet
43805,I_2,E2CONTROLECONOMY,N,sonnet
43805,I_2,E2CONTROLGOV,N,sonnet
43805,I_2,E2CONTROLOTHER,N,sonnet
43805,I_2,E3COLLECTIVEBLAME,N,sonnet
30401,I_2,E1VIOLENCE,N,sonnet
30401,I_2,E1RADICAL,N,sonnet
30401,I_2,E2ALLEGATION,N,sonnet
30401,I_2,E2DEHUMANIZATION,N,sonnet
30401,I_2,E2DEMONIZE,N,sonnet
30401,I_2,E2STEREOTYPE,N,sonnet
30401,I_2,E2COLLECTIVEPOWER,N,sonnet
30401,I_2,E2CONSPIRACY,N,sonnet
30401,I_2,E2CONTROLMEDIA,N,sonnet
30401,I_2,E2CONTROLECONOMY,N,sonnet
30401,I_2,E2CONTROLGOV,N,sonnet
30401,I_2,E2CONTROLOTHER,N,sonnet
30401,I_2,E3COLLECTIVEBLAME,N,sonnet
15324,I_2,E1VIOLENCE,N,sonnet
15324,I_2,E1RADICAL,N,sonnet
15324,I_2,E2ALLEGATION,N,sonnet
15324,I_2,E2DEHUMANIZATION,N,sonnet
15324,I_2,E2DEMONIZE,N,sonnet
15324,I_2,E2STEREOTYPE,N,sonnet
15324,I_2,E2COLLECTIVEPOWER,N,sonnet
15324,I_2,E2CONSPIRACY,N,sonnet
15324,I_2,E2CONTROLMEDIA,N,sonnet
15324,I_2,E2CONTROLECONOMY,N,sonnet
15324,I_2,E2CONTROLGOV,N,sonnet
15324,I_2,E2CONTROLOTHER,N,sonnet
15324,I_2,E3COLLECTIVEBLAME,N,sonnet
41245,I_2,E1VIOLENCE,N,sonnet
41245,I_2,E1RADICAL,N,sonnet
41245,I_2,E2ALLEGATION,E,sonnet
41245,I_2,E2DEHUMANIZATION,I,sonnet
41245,I_2,E2DEMONIZE,E,sonnet
41245,I_2,E2STEREOTYPE,N,sonnet
41245,I_2,E2COLLECTIVEPOWER,E,sonnet
41245,I_2,E2CONSPIRACY,E,sonnet
41245,I_2,E2CONTROLMEDIA,N,sonnet
41245,I_2,E2CONTROLECONOMY,N,sonnet
41245,I_2,E2CONTROLGOV,N,sonnet
41245,I_2,E2CONTROLOTHER,E,sonnet
41245,I_2,E3COLLECTIVEBLAME,I,sonnet
22424,I_2,E1VIOLENCE,N,sonnet
22424,I_2,E1RADICAL,N,sonnet
22424,I_2,E2ALLEGATION,N,sonnet
22424,I_2,E2DEHUMANIZATION,N,sonnet
22424,I_2,E2DEMONIZE,N,sonnet
22424,I_2,E2STEREOTYPE,N,sonnet
22424,I_2,E2COLLECTIVEPOWER,N,sonnet
22424,I_2,E2CONSPIRACY,N,sonnet
22424,I_2,E2CONTROLMEDIA,N,sonnet
22424,I_2,E2CONTROLECONOMY,N,sonnet
22424,I_2,E2CONTROLGOV,N,sonnet
22424,I_2,E2CONTROLOTHER,N,sonnet
22424,I_2,E3COLLECTIVEBLAME,N,sonnet
25790,I_2,E1VIOLENCE,A,sonnet
25790,I_2,E1RADICAL,N,sonnet
25790,I_2,E2ALLEGATION,N,sonnet
25790,I_2,E2DEHUMANIZATION,N,sonnet
25790,I_2,E2DEMONIZE,N,sonnet
25790,I_2,E2STEREOTYPE,N,sonnet
25790,I_2,E2COLLECTIVEPOWER,N,sonnet
25790,I_2,E2CONSPIRACY,N,sonnet
25790,I_2,E2CONTROLMEDIA,N,sonnet
25790,I_2,E2CONTROLECONOMY,N,sonnet
25790,I_2,E2CONTROLGOV,N,sonnet
25790,I_2,E2CONTROLOTHER,N,sonnet
25790,I_2,E3COLLECTIVEBLAME,N,sonnet
44115,I_2,E1VIOLENCE,N,sonnet
44115,I_2,E1RADICAL,N,sonnet
44115,I_2,E2ALLEGATION,N,sonnet
44115,I_2,E2DEHUMANIZATION,N,sonnet
44115,I_2,E2DEMONIZE,N,sonnet
44115,I_2,E2STEREOTYPE,N,sonnet
44115,I_2,E2COLLECTIVEPOWER,N,sonnet
44115,I_2,E2CONSPIRACY,N,sonnet
44115,I_2,E2CONTROLMEDIA,N,sonnet
44115,I_2,E2CONTROLECONOMY,N,sonnet
44115,I_2,E2CONTROLGOV,N,sonnet
44115,I_2,E2CONTROLOTHER,N,sonnet
44115,I_2,E3COLLECTIVEBLAME,N,sonnet
46344,I_2,E1VIOLENCE,N,sonnet
46344,I_2,E1RADICAL,N,sonnet
46344,I_2,E2ALLEGATION,N,sonnet
46344,I_2,E2DEHUMANIZATION,N,sonnet
46344,I_2,E2DEMONIZE,N,sonnet
46344,I_2,E2STEREOTYPE,N,sonnet
46344,I_2,E2COLLECTIVEPOWER,N,sonnet
46344,I_2,E2CONSPIRACY,N,sonnet
46344,I_2,E2CONTROLMEDIA,N,sonnet
46344,I_2,E2CONTROLECONOMY,N,sonnet
46344,I_2,E2CONTROLGOV,N,sonnet
46344,I_2,E2CONTROLOTHER,N,sonnet
46344,I_2,E3COLLECTIVEBLAME,N,sonnet
8282,I_2,E1VIOLENCE,N,sonnet
8282,I_2,E1RADICAL,N,sonnet
8282,I_2,E2ALLEGATION,N,sonnet
8282,I_2,E2DEHUMANIZATION,N,sonnet
8282,I_2,E2DEMONIZE,N,sonnet
8282,I_2,E2STEREOTYPE,N,sonnet
8282,I_2,E2COLLECTIVEPOWER,N,sonnet
8282,I_2,E2CONSPIRACY,N,sonnet
8282,I_2,E2CONTROLMEDIA,N,sonnet
8282,I_2,E2CONTROLECONOMY,N,sonnet
8282,I_2,E2CONTROLGOV,N,sonnet
8282,I_2,E2CONTROLOTHER,N,sonnet
8282,I_2,E3COLLECTIVEBLAME,N,sonnet
4294,I_2,E1VIOLENCE,N,sonnet
4294,I_2,E1RADICAL,N,sonnet
4294,I_2,E2ALLEGATION,N,sonnet
4294,I_2,E2DEHUMANIZATION,N,sonnet
4294,I_2,E2DEMONIZE,N,sonnet
4294,I_2,E2STEREOTYPE,N,sonnet
4294,I_2,E2COLLECTIVEPOWER,N,sonnet
4294,I_2,E2CONSPIRACY,N,sonnet
4294,I_2,E2CONTROLMEDIA,N,sonnet
4294,I_2,E2CONTROLECONOMY,N,sonnet
4294,I_2,E2CONTROLGOV,N,sonnet
4294,I_2,E2CONTROLOTHER,N,sonnet
4294,I_2,E3COLLECTIVEBLAME,N,sonnet
27775,I_2,E1VIOLENCE,N,sonnet
27775,I_2,E1RADICAL,N,sonnet
27775,I_2,E2ALLEGATION,N,sonnet
27775,I_2,E2DEHUMANIZATION,N,sonnet
27775,I_2,E2DEMONIZE,N,sonnet
27775,I_2,E2STEREOTYPE,N,sonnet
27775,I_2,E2COLLECTIVEPOWER,N,sonnet
27775,I_2,E2CONSPIRACY,N,sonnet
27775,I_2,E2CONTROLMEDIA,N,sonnet
27775,I_2,E2CONTROLECONOMY,N,sonnet
27775,I_2,E2CONTROLGOV,N,sonnet
27775,I_2,E2CONTROLOTHER,N,sonnet
27775,I_2,E3COLLECTIVEBLAME,N,sonnet
47524,I_2,E1VIOLENCE,E,sonnet
47524,I_2,E1RADICAL,N,sonnet
47524,I_2,E2ALLEGATION,N,sonnet
47524,I_2,E2DEHUMANIZATION,E,sonnet
47524,I_2,E2DEMONIZE,E,sonnet
47524,I_2,E2STEREOTYPE,N,sonnet
47524,I_2,E2COLLECTIVEPOWER,N,sonnet
47524,I_2,E2CONSPIRACY,N,sonnet
47524,I_2,E2CONTROLMEDIA,N,sonnet
47524,I_2,E2CONTROLECONOMY,N,sonnet
47524,I_2,E2CONTROLGOV,N,sonnet
47524,I_2,E2CONTROLOTHER,N,sonnet
47524,I_2,E3COLLECTIVEBLAME,N,sonnet
2920,I_2,E1VIOLENCE,E,sonnet
2920,I_2,E1RADICAL,N,sonnet
2920,I_2,E2ALLEGATION,N,sonnet
2920,I_2,E2DEHUMANIZATION,E,sonnet
2920,I_2,E2DEMONIZE,E,sonnet
2920,I_2,E2STEREOTYPE,N,sonnet
2920,I_2,E2COLLECTIVEPOWER,N,sonnet
2920,I_2,E2CONSPIRACY,N,sonnet
2920,I_2,E2CONTROLMEDIA,N,sonnet
2920,I_2,E2CONTROLECONOMY,N,sonnet
2920,I_2,E2CONTROLGOV,N,sonnet
2920,I_2,E2CONTROLOTHER,N,sonnet
2920,I_2,E3COLLECTIVEBLAME,N,sonnet
42381,I_2,E1VIOLENCE,N,sonnet
42381,I_2,E1RADICAL,N,sonnet
42381,I_2,E2ALLEGATION,N,sonnet
42381,I_2,E2DEHUMANIZATION,N,sonnet
42381,I_2,E2DEMONIZE,N,sonnet
42381,I_2,E2STEREOTYPE,N,sonnet
42381,I_2,E2COLLECTIVEPOWER,A,sonnet
42381,I_2,E2CONSPIRACY,N,sonnet
42381,I_2,E2CONTROLMEDIA,N,sonnet
42381,I_2,E2CONTROLECONOMY,N,sonnet
42381,I_2,E2CONTROLGOV,A,sonnet
42381,I_2,E2CONTROLOTHER,N,sonnet
42381,I_2,E3COLLECTIVEBLAME,N,sonnet
27378,I_2,E1VIOLENCE,N,sonnet
27378,I_2,E1RADICAL,N,sonnet
27378,I_2,E2ALLEGATION,N,sonnet
27378,I_2,E2DEHUMANIZATION,N,sonnet
27378,I_2,E2DEMONIZE,N,sonnet
27378,I_2,E2STEREOTYPE,N,sonnet
27378,I_2,E2COLLECTIVEPOWER,N,sonnet
27378,I_2,E2CONSPIRACY,N,sonnet
27378,I_2,E2CONTROLMEDIA,N,sonnet
27378,I_2,E2CONTROLECONOMY,N,sonnet
27378,I_2,E2CONTROLGOV,N,sonnet
27378,I_2,E2CONTROLOTHER,N,sonnet
27378,I_2,E3COLLECTIVEBLAME,N,sonnet
14186,I_2,E1VIOLENCE,N,sonnet
14186,I_2,E1RADICAL,N,sonnet
14186,I_2,E2ALLEGATION,N,sonnet
14186,I_2,E2DEHUMANIZATION,N,sonnet
14186,I_2,E2DEMONIZE,N,sonnet
14186,I_2,E2STEREOTYPE,N,sonnet
14186,I_2,E2COLLECTIVEPOWER,N,sonnet
14186,I_2,E2CONSPIRACY,N,sonnet
14186,I_2,E2CONTROLMEDIA,N,sonnet
14186,I_2,E2CONTROLECONOMY,N,sonnet
14186,I_2,E2CONTROLGOV,N,sonnet
14186,I_2,E2CONTROLOTHER,N,sonnet
14186,I_2,E3COLLECTIVEBLAME,N,sonnet
28143,I_2,E1VIOLENCE,N,sonnet
28143,I_2,E1RADICAL,N,sonnet
28143,I_2,E2ALLEGATION,N,sonnet
28143,I_2,E2DEHUMANIZATION,N,sonnet
28143,I_2,E2DEMONIZE,N,sonnet
28143,I_2,E2STEREOTYPE,N,sonnet
28143,I_2,E2COLLECTIVEPOWER,N,sonnet
28143,I_2,E2CONSPIRACY,N,sonnet
28143,I_2,E2CONTROLMEDIA,N,sonnet
28143,I_2,E2CONTROLECONOMY,N,sonnet
28143,I_2,E2CONTROLGOV,N,sonnet
28143,I_2,E2CONTROLOTHER,N,sonnet
28143,I_2,E3COLLECTIVEBLAME,N,sonnet
19314,I_2,E1VIOLENCE,N,sonnet
19314,I_2,E1RADICAL,N,sonnet
19314,I_2,E2ALLEGATION,N,sonnet
19314,I_2,E2DEHUMANIZATION,N,sonnet
19314,I_2,E2DEMONIZE,N,sonnet
19314,I_2,E2STEREOTYPE,N,sonnet
19314,I_2,E2COLLECTIVEPOWER,N,sonnet
19314,I_2,E2CONSPIRACY,N,sonnet
19314,I_2,E2CONTROLMEDIA,N,sonnet
19314,I_2,E2CONTROLECONOMY,N,sonnet
19314,I_2,E2CONTROLGOV,N,sonnet
19314,I_2,E2CONTROLOTHER,N,sonnet
19314,I_2,E3COLLECTIVEBLAME,N,sonnet
30754,I_2,E1VIOLENCE,N,sonnet
30754,I_2,E1RADICAL,N,sonnet
30754,I_2,E2ALLEGATION,N,sonnet
30754,I_2,E2DEHUMANIZATION,N,sonnet
30754,I_2,E2DEMONIZE,N,sonnet
30754,I_2,E2STEREOTYPE,N,sonnet
30754,I_2,E2COLLECTIVEPOWER,N,sonnet
30754,I_2,E2CONSPIRACY,N,sonnet
30754,I_2,E2CONTROLMEDIA,N,sonnet
30754,I_2,E2CONTROLECONOMY,N,sonnet
30754,I_2,E2CONTROLGOV,N,sonnet
30754,I_2,E2CONTROLOTHER,N,sonnet
30754,I_2,E3COLLECTIVEBLAME,N,sonnet
49905,I_2,E1VIOLENCE,N,sonnet
49905,I_2,E1RADICAL,N,sonnet
49905,I_2,E2ALLEGATION,A,sonnet
49905,I_2,E2DEHUMANIZATION,A,sonnet
49905,I_2,E2DEMONIZE,A,sonnet
49905,I_2,E2STEREOTYPE,A,sonnet
49905,I_2,E2COLLECTIVEPOWER,A,sonnet
49905,I_2,E2CONSPIRACY,A,sonnet
49905,I_2,E2CONTROLMEDIA,N,sonnet
49905,I_2,E2CONTROLECONOMY,A,sonnet
49905,I_2,E2CONTROLGOV,N,sonnet
49905,I_2,E2CONTROLOTHER,A,sonnet
49905,I_2,E3COLLECTIVEBLAME,N,sonnet
30632,I_2,E1VIOLENCE,N,sonnet
30632,I_2,E1RADICAL,N,sonnet
30632,I_2,E2ALLEGATION,N,sonnet
30632,I_2,E2DEHUMANIZATION,N,sonnet
30632,I_2,E2DEMONIZE,N,sonnet
30632,I_2,E2STEREOTYPE,N,sonnet
30632,I_2,E2COLLECTIVEPOWER,N,sonnet
30632,I_2,E2CONSPIRACY,N,sonnet
30632,I_2,E2CONTROLMEDIA,N,sonnet
30632,I_2,E2CONTROLECONOMY,N,sonnet
30632,I_2,E2CONTROLGOV,N,sonnet
30632,I_2,E2CONTROLOTHER,N,sonnet
30632,I_2,E3COLLECTIVEBLAME,N,sonnet
1133,I_2,E1VIOLENCE,N,sonnet
1133,I_2,E1RADICAL,N,sonnet
1133,I_2,E2ALLEGATION,N,sonnet
1133,I_2,E2DEHUMANIZATION,N,sonnet
1133,I_2,E2DEMONIZE,N,sonnet
1133,I_2,E2STEREOTYPE,N,sonnet
1133,I_2,E2COLLECTIVEPOWER,N,sonnet
1133,I_2,E2CONSPIRACY,N,sonnet
1133,I_2,E2CONTROLMEDIA,N,sonnet
1133,I_2,E2CONTROLECONOMY,N,sonnet
1133,I_2,E2CONTROLGOV,N,sonnet
1133,I_2,E2CONTROLOTHER,N,sonnet
1133,I_2,E3COLLECTIVEBLAME,N,sonnet
32564,I_2,E1VIOLENCE,N,sonnet
32564,I_2,E1RADICAL,N,sonnet
32564,I_2,E2ALLEGATION,I,sonnet
32564,I_2,E2DEHUMANIZATION,N,sonnet
32564,I_2,E2DEMONIZE,I,sonnet
32564,I_2,E2STEREOTYPE,N,sonnet
32564,I_2,E2COLLECTIVEPOWER,N,sonnet
32564,I_2,E2CONSPIRACY,N,sonnet
32564,I_2,E2CONTROLMEDIA,N,sonnet
32564,I_2,E2CONTROLECONOMY,N,sonnet
32564,I_2,E2CONTROLGOV,N,sonnet
32564,I_2,E2CONTROLOTHER,N,sonnet
32564,I_2,E3COLLECTIVEBLAME,I,sonnet
45678,I_2,E1VIOLENCE,N,sonnet
45678,I_2,E1RADICAL,N,sonnet
45678,I_2,E2ALLEGATION,N,sonnet
45678,I_2,E2DEHUMANIZATION,N,sonnet
45678,I_2,E2DEMONIZE,N,sonnet
45678,I_2,E2STEREOTYPE,N,sonnet
45678,I_2,E2COLLECTIVEPOWER,N,sonnet
45678,I_2,E2CONSPIRACY,N,sonnet
45678,I_2,E2CONTROLMEDIA,N,sonnet
45678,I_2,E2CONTROLECONOMY,N,sonnet
45678,I_2,E2CONTROLGOV,N,sonnet
45678,I_2,E2CONTROLOTHER,N,sonnet
45678,I_2,E3COLLECTIVEBLAME,N,sonnet
46636,I_2,E1VIOLENCE,N,sonnet
46636,I_2,E1RADICAL,N,sonnet
46636,I_2,E2ALLEGATION,E,sonnet
46636,I_2,E2DEHUMANIZATION,E,sonnet
46636,I_2,E2DEMONIZE,E,sonnet
46636,I_2,E2STEREOTYPE,E,sonnet
46636,I_2,E2COLLECTIVEPOWER,N,sonnet
46636,I_2,E2CONSPIRACY,N,sonnet
46636,I_2,E2CONTROLMEDIA,I,sonnet
46636,I_2,E2CONTROLECONOMY,N,sonnet
46636,I_2,E2CONTROLGOV,N,sonnet
46636,I_2,E2CONTROLOTHER,N,sonnet
46636,I_2,E3COLLECTIVEBLAME,E,sonnet
10345,I_2,E1VIOLENCE,N,sonnet
10345,I_2,E1RADICAL,N,sonnet
10345,I_2,E2ALLEGATION,N,sonnet
10345,I_2,E2DEHUMANIZATION,N,sonnet
10345,I_2,E2DEMONIZE,N,sonnet
10345,I_2,E2STEREOTYPE,N,sonnet
10345,I_2,E2COLLECTIVEPOWER,N,sonnet
10345,I_2,E2CONSPIRACY,N,sonnet
10345,I_2,E2CONTROLMEDIA,N,sonnet
10345,I_2,E2CONTROLECONOMY,N,sonnet
10345,I_2,E2CONTROLGOV,N,sonnet
10345,I_2,E2CONTROLOTHER,N,sonnet
10345,I_2,E3COLLECTIVEBLAME,N,sonnet
35082,I_2,E1VIOLENCE,N,sonnet
35082,I_2,E1RADICAL,N,sonnet
35082,I_2,E2ALLEGATION,N,sonnet
35082,I_2,E2DEHUMANIZATION,N,sonnet
35082,I_2,E2DEMONIZE,N,sonnet
35082,I_2,E2STEREOTYPE,N,sonnet
35082,I_2,E2COLLECTIVEPOWER,N,sonnet
35082,I_2,E2CONSPIRACY,N,sonnet
35082,I_2,E2CONTROLMEDIA,N,sonnet
35082,I_2,E2CONTROLECONOMY,N,sonnet
35082,I_2,E2CONTROLGOV,N,sonnet
35082,I_2,E2CONTROLOTHER,N,sonnet
35082,I_2,E3COLLECTIVEBLAME,N,sonnet
29175,I_2,E1VIOLENCE,N,sonnet
29175,I_2,E1RADICAL,N,sonnet
29175,I_2,E2ALLEGATION,N,sonnet
29175,I_2,E2DEHUMANIZATION,E,sonnet
29175,I_2,E2DEMONIZE,N,sonnet
29175,I_2,E2STEREOTYPE,N,sonnet
29175,I_2,E2COLLECTIVEPOWER,N,sonnet
29175,I_2,E2CONSPIRACY,N,sonnet
29175,I_2,E2CONTROLMEDIA,N,sonnet
29175,I_2,E2CONTROLECONOMY,N,sonnet
29175,I_2,E2CONTROLGOV,N,sonnet
29175,I_2,E2CONTROLOTHER,N,sonnet
29175,I_2,E3COLLECTIVEBLAME,N,sonnet
30516,I_2,E1VIOLENCE,N,sonnet
30516,I_2,E1RADICAL,N,sonnet
30516,I_2,E2ALLEGATION,N,sonnet
30516,I_2,E2DEHUMANIZATION,N,sonnet
30516,I_2,E2DEMONIZE,N,sonnet
30516,I_2,E2STEREOTYPE,N,sonnet
30516,I_2,E2COLLECTIVEPOWER,N,sonnet
30516,I_2,E2CONSPIRACY,N,sonnet
30516,I_2,E2CONTROLMEDIA,N,sonnet
30516,I_2,E2CONTROLECONOMY,N,sonnet
30516,I_2,E2CONTROLGOV,N,sonnet
30516,I_2,E2CONTROLOTHER,N,sonnet
30516,I_2,E3COLLECTIVEBLAME,N,sonnet
2787,I_2,E1VIOLENCE,N,sonnet
2787,I_2,E1RADICAL,N,sonnet
2787,I_2,E2ALLEGATION,N,sonnet
2787,I_2,E2DEHUMANIZATION,N,sonnet
2787,I_2,E2DEMONIZE,N,sonnet
2787,I_2,E2STEREOTYPE,N,sonnet
2787,I_2,E2COLLECTIVEPOWER,N,sonnet
2787,I_2,E2CONSPIRACY,N,sonnet
2787,I_2,E2CONTROLMEDIA,N,sonnet
2787,I_2,E2CONTROLECONOMY,N,sonnet
2787,I_2,E2CONTROLGOV,N,sonnet
2787,I_2,E2CONTROLOTHER,N,sonnet
2787,I_2,E3COLLECTIVEBLAME,N,sonnet
12093,I_2,E1VIOLENCE,N,sonnet
12093,I_2,E1RADICAL,N,sonnet
12093,I_2,E2ALLEGATION,N,sonnet
12093,I_2,E2DEHUMANIZATION,N,sonnet
12093,I_2,E2DEMONIZE,N,sonnet
12093,I_2,E2STEREOTYPE,N,sonnet
12093,I_2,E2COLLECTIVEPOWER,N,sonnet
12093,I_2,E2CONSPIRACY,N,sonnet
12093,I_2,E2CONTROLMEDIA,N,sonnet
12093,I_2,E2CONTROLECONOMY,N,sonnet
12093,I_2,E2CONTROLGOV,N,sonnet
12093,I_2,E2CONTROLOTHER,N,sonnet
12093,I_2,E3COLLECTIVEBLAME,N,sonnet
14792,I_2,E1VIOLENCE,N,sonnet
14792,I_2,E1RADICAL,N,sonnet
14792,I_2,E2ALLEGATION,N,sonnet
14792,I_2,E2DEHUMANIZATION,N,sonnet
14792,I_2,E2DEMONIZE,N,sonnet
14792,I_2,E2STEREOTYPE,N,sonnet
14792,I_2,E2COLLECTIVEPOWER,N,sonnet
14792,I_2,E2CONSPIRACY,N,sonnet
14792,I_2,E2CONTROLMEDIA,N,sonnet
14792,I_2,E2CONTROLECONOMY,N,sonnet
14792,I_2,E2CONTROLGOV,N,sonnet
14792,I_2,E2CONTROLOTHER,N,sonnet
14792,I_2,E3COLLECTIVEBLAME,N,sonnet
6173,I_2,E1VIOLENCE,I,sonnet
6173,I_2,E1RADICAL,N,sonnet
6173,I_2,E2ALLEGATION,N,sonnet
6173,I_2,E2DEHUMANIZATION,N,sonnet
6173,I_2,E2DEMONIZE,N,sonnet
6173,I_2,E2STEREOTYPE,N,sonnet
6173,I_2,E2COLLECTIVEPOWER,N,sonnet
6173,I_2,E2CONSPIRACY,N,sonnet
6173,I_2,E2CONTROLMEDIA,N,sonnet
6173,I_2,E2CONTROLECONOMY,N,sonnet
6173,I_2,E2CONTROLGOV,N,sonnet
6173,I_2,E2CONTROLOTHER,N,sonnet
6173,I_2,E3COLLECTIVEBLAME,N,sonnet
45042,I_2,E1VIOLENCE,N,sonnet
45042,I_2,E1RADICAL,N,sonnet
45042,I_2,E2ALLEGATION,I,sonnet
45042,I_2,E2DEHUMANIZATION,I,sonnet
45042,I_2,E2DEMONIZE,I,sonnet
45042,I_2,E2STEREOTYPE,I,sonnet
45042,I_2,E2COLLECTIVEPOWER,N,sonnet
45042,I_2,E2CONSPIRACY,N,sonnet
45042,I_2,E2CONTROLMEDIA,N,sonnet
45042,I_2,E2CONTROLECONOMY,N,sonnet
45042,I_2,E2CONTROLGOV,N,sonnet
45042,I_2,E2CONTROLOTHER,N,sonnet
45042,I_2,E3COLLECTIVEBLAME,N,sonnet
9295,I_2,E1VIOLENCE,N,sonnet
9295,I_2,E1RADICAL,N,sonnet
9295,I_2,E2ALLEGATION,N,sonnet
9295,I_2,E2DEHUMANIZATION,N,sonnet
9295,I_2,E2DEMONIZE,N,sonnet
9295,I_2,E2STEREOTYPE,N,sonnet
9295,I_2,E2COLLECTIVEPOWER,N,sonnet
9295,I_2,E2CONSPIRACY,N,sonnet
9295,I_2,E2CONTROLMEDIA,N,sonnet
9295,I_2,E2CONTROLECONOMY,N,sonnet
9295,I_2,E2CONTROLGOV,N,sonnet
9295,I_2,E2CONTROLOTHER,N,sonnet
9295,I_2,E3COLLECTIVEBLAME,N,sonnet
35246,I_2,E1VIOLENCE,N,sonnet
35246,I_2,E1RADICAL,N,sonnet
35246,I_2,E2ALLEGATION,N,sonnet
35246,I_2,E2DEHUMANIZATION,N,sonnet
35246,I_2,E2DEMONIZE,N,sonnet
35246,I_2,E2STEREOTYPE,N,sonnet
35246,I_2,E2COLLECTIVEPOWER,N,sonnet
35246,I_2,E2CONSPIRACY,N,sonnet
35246,I_2,E2CONTROLMEDIA,N,sonnet
35246,I_2,E2CONTROLECONOMY,N,sonnet
35246,I_2,E2CONTROLGOV,N,sonnet
35246,I_2,E2CONTROLOTHER,N,sonnet
35246,I_2,E3COLLECTIVEBLAME,N,sonnet
7628,I_2,E1VIOLENCE,N,sonnet
7628,I_2,E1RADICAL,N,sonnet
7628,I_2,E2ALLEGATION,N,sonnet
7628,I_2,E2DEHUMANIZATION,N,sonnet
7628,I_2,E2DEMONIZE,N,sonnet
7628,I_2,E2STEREOTYPE,N,sonnet
7628,I_2,E2COLLECTIVEPOWER,N,sonnet
7628,I_2,E2CONSPIRACY,N,sonnet
7628,I_2,E2CONTROLMEDIA,N,sonnet
7628,I_2,E2CONTROLECONOMY,N,sonnet
7628,I_2,E2CONTROLGOV,N,sonnet
7628,I_2,E2CONTROLOTHER,N,sonnet
7628,I_2,E3COLLECTIVEBLAME,N,sonnet
46313,I_2,E1VIOLENCE,N,sonnet
46313,I_2,E1RADICAL,N,sonnet
46313,I_2,E2ALLEGATION,N,sonnet
46313,I_2,E2DEHUMANIZATION,N,sonnet
46313,I_2,E2DEMONIZE,N,sonnet
46313,I_2,E2STEREOTYPE,N,sonnet
46313,I_2,E2COLLECTIVEPOWER,N,sonnet
46313,I_2,E2CONSPIRACY,N,sonnet
46313,I_2,E2CONTROLMEDIA,N,sonnet
46313,I_2,E2CONTROLECONOMY,N,sonnet
46313,I_2,E2CONTROLGOV,N,sonnet
46313,I_2,E2CONTROLOTHER,N,sonnet
46313,I_2,E3COLLECTIVEBLAME,N,sonnet
41961,I_2,E1VIOLENCE,N,sonnet
41961,I_2,E1RADICAL,N,sonnet
41961,I_2,E2ALLEGATION,I,sonnet
41961,I_2,E2DEHUMANIZATION,N,sonnet
41961,I_2,E2DEMONIZE,I,sonnet
41961,I_2,E2STEREOTYPE,N,sonnet
41961,I_2,E2COLLECTIVEPOWER,I,sonnet
41961,I_2,E2CONSPIRACY,N,sonnet
41961,I_2,E2CONTROLMEDIA,N,sonnet
41961,I_2,E2CONTROLECONOMY,N,sonnet
41961,I_2,E2CONTROLGOV,N,sonnet
41961,I_2,E2CONTROLOTHER,I,sonnet
41961,I_2,E3COLLECTIVEBLAME,N,sonnet
7061,I_2,E1VIOLENCE,N,sonnet
7061,I_2,E1RADICAL,N,sonnet
7061,I_2,E2ALLEGATION,N,sonnet
7061,I_2,E2DEHUMANIZATION,N,sonnet
7061,I_2,E2DEMONIZE,N,sonnet
7061,I_2,E2STEREOTYPE,N,sonnet
7061,I_2,E2COLLECTIVEPOWER,N,sonnet
7061,I_2,E2CONSPIRACY,I,sonnet
7061,I_2,E2CONTROLMEDIA,N,sonnet
7061,I_2,E2CONTROLECONOMY,N,sonnet
7061,I_2,E2CONTROLGOV,N,sonnet
7061,I_2,E2CONTROLOTHER,N,sonnet
7061,I_2,E3COLLECTIVEBLAME,N,sonnet
45637,I_2,E1VIOLENCE,N,sonnet
45637,I_2,E1RADICAL,N,sonnet
45637,I_2,E2ALLEGATION,E,sonnet
45637,I_2,E2DEHUMANIZATION,E,sonnet
45637,I_2,E2DEMONIZE,E,sonnet
45637,I_2,E2STEREOTYPE,E,sonnet
45637,I_2,E2COLLECTIVEPOWER,N,sonnet
45637,I_2,E2CONSPIRACY,N,sonnet
45637,I_2,E2CONTROLMEDIA,N,sonnet
45637,I_2,E2CONTROLECONOMY,N,sonnet
45637,I_2,E2CONTROLGOV,N,sonnet
45637,I_2,E2CONTROLOTHER,N,sonnet
45637,I_2,E3COLLECTIVEBLAME,N,sonnet
9364,I_2,E1VIOLENCE,N,sonnet
9364,I_2,E1RADICAL,N,sonnet
9364,I_2,E2ALLEGATION,N,sonnet
9364,I_2,E2DEHUMANIZATION,N,sonnet
9364,I_2,E2DEMONIZE,N,sonnet
9364,I_2,E2STEREOTYPE,N,sonnet
9364,I_2,E2COLLECTIVEPOWER,N,sonnet
9364,I_2,E2CONSPIRACY,N,sonnet
9364,I_2,E2CONTROLMEDIA,N,sonnet
9364,I_2,E2CONTROLECONOMY,N,sonnet
9364,I_2,E2CONTROLGOV,N,sonnet
9364,I_2,E2CONTROLOTHER,N,sonnet
9364,I_2,E3COLLECTIVEBLAME,N,sonnet
2110,I_2,E1VIOLENCE,N,sonnet
2110,I_2,E1RADICAL,N,sonnet
2110,I_2,E2ALLEGATION,N,sonnet
2110,I_2,E2DEHUMANIZATION,N,sonnet
2110,I_2,E2DEMONIZE,N,sonnet
2110,I_2,E2STEREOTYPE,N,sonnet
2110,I_2,E2COLLECTIVEPOWER,N,sonnet
2110,I_2,E2CONSPIRACY,N,sonnet
2110,I_2,E2CONTROLMEDIA,N,sonnet
2110,I_2,E2CONTROLECONOMY,N,sonnet
2110,I_2,E2CONTROLGOV,N,sonnet
2110,I_2,E2CONTROLOTHER,N,sonnet
2110,I_2,E3COLLECTIVEBLAME,N,sonnet
49558,I_2,E1VIOLENCE,N,sonnet
49558,I_2,E1RADICAL,N,sonnet
49558,I_2,E2ALLEGATION,N,sonnet
49558,I_2,E2DEHUMANIZATION,N,sonnet
49558,I_2,E2DEMONIZE,N,sonnet
49558,I_2,E2STEREOTYPE,N,sonnet
49558,I_2,E2COLLECTIVEPOWER,N,sonnet
49558,I_2,E2CONSPIRACY,N,sonnet
49558,I_2,E2CONTROLMEDIA,N,sonnet
49558,I_2,E2CONTROLECONOMY,N,sonnet
49558,I_2,E2CONTROLGOV,N,sonnet
49558,I_2,E2CONTROLOTHER,N,sonnet
49558,I_2,E3COLLECTIVEBLAME,N,sonnet
18045,I_2,E1VIOLENCE,N,sonnet
18045,I_2,E1RADICAL,N,sonnet
18045,I_2,E2ALLEGATION,N,sonnet
18045,I_2,E2DEHUMANIZATION,N,sonnet
18045,I_2,E2DEMONIZE,N,sonnet
18045,I_2,E2STEREOTYPE,N,sonnet
18045,I_2,E2COLLECTIVEPOWER,N,sonnet
18045,I_2,E2CONSPIRACY,N,sonnet
18045,I_2,E2CONTROLMEDIA,N,sonnet
18045,I_2,E2CONTROLECONOMY,N,sonnet
18045,I_2,E2CONTROLGOV,N,sonnet
18045,I_2,E2CONTROLOTHER,N,sonnet
18045,I_2,E3COLLECTIVEBLAME,N,sonnet
20337,I_2,E1VIOLENCE,N,sonnet
20337,I_2,E1RADICAL,N,sonnet
20337,I_2,E2ALLEGATION,N,sonnet
20337,I_2,E2DEHUMANIZATION,N,sonnet
20337,I_2,E2DEMONIZE,N,sonnet
20337,I_2,E2STEREOTYPE,N,sonnet
20337,I_2,E2COLLECTIVEPOWER,N,sonnet
20337,I_2,E2CONSPIRACY,N,sonnet
20337,I_2,E2CONTROLMEDIA,N,sonnet
20337,I_2,E2CONTROLECONOMY,N,sonnet
20337,I_2,E2CONTROLGOV,N,sonnet
20337,I_2,E2CONTROLOTHER,N,sonnet
20337,I_2,E3COLLECTIVEBLAME,N,sonnet
2167,I_2,E1VIOLENCE,N,sonnet
2167,I_2,E1RADICAL,N,sonnet
2167,I_2,E2ALLEGATION,N,sonnet
2167,I_2,E2DEHUMANIZATION,N,sonnet
2167,I_2,E2DEMONIZE,N,sonnet
2167,I_2,E2STEREOTYPE,I,sonnet
2167,I_2,E2COLLECTIVEPOWER,N,sonnet
2167,I_2,E2CONSPIRACY,N,sonnet
2167,I_2,E2CONTROLMEDIA,N,sonnet
2167,I_2,E2CONTROLECONOMY,N,sonnet
2167,I_2,E2CONTROLGOV,N,sonnet
2167,I_2,E2CONTROLOTHER,N,sonnet
2167,I_2,E3COLLECTIVEBLAME,N,sonnet
2476,I_2,E1VIOLENCE,N,sonnet
2476,I_2,E1RADICAL,N,sonnet
2476,I_2,E2ALLEGATION,N,sonnet
2476,I_2,E2DEHUMANIZATION,N,sonnet
2476,I_2,E2DEMONIZE,N,sonnet
2476,I_2,E2STEREOTYPE,N,sonnet
2476,I_2,E2COLLECTIVEPOWER,N,sonnet
2476,I_2,E2CONSPIRACY,N,sonnet
2476,I_2,E2CONTROLMEDIA,N,sonnet
2476,I_2,E2CONTROLECONOMY,N,sonnet
2476,I_2,E2CONTROLGOV,I,sonnet
2476,I_2,E2CONTROLOTHER,N,sonnet
2476,I_2,E3COLLECTIVEBLAME,N,sonnet
42622,I_2,E1VIOLENCE,E,gpt4o
42622,I_2,E1RADICAL,I,gpt4o
42622,I_2,E2ALLEGATION,E,gpt4o
42622,I_2,E2DEHUMANIZATION,E,gpt4o
42622,I_2,E2DEMONIZE,E,gpt4o
42622,I_2,E2STEREOTYPE,N,gpt4o
42622,I_2,E2COLLECTIVEPOWER,I,gpt4o
42622,I_2,E2CONSPIRACY,I,gpt4o
42622,I_2,E2CONTROLMEDIA,N,gpt4o
42622,I_2,E2CONTROLECONOMY,N,gpt4o
42622,I_2,E2CONTROLGOV,N,gpt4o
42622,I_2,E2CONTROLOTHER,N,gpt4o
42622,I_2,E3COLLECTIVEBLAME,E,gpt4o
26688,I_2,E1VIOLENCE,N,sonnet
26688,I_2,E1RADICAL,N,sonnet
26688,I_2,E2ALLEGATION,E,sonnet
26688,I_2,E2DEHUMANIZATION,N,sonnet
26688,I_2,E2DEMONIZE,E,sonnet
26688,I_2,E2STEREOTYPE,E,sonnet
26688,I_2,E2COLLECTIVEPOWER,E,sonnet
26688,I_2,E2CONSPIRACY,I,sonnet
26688,I_2,E2CONTROLMEDIA,N,sonnet
26688,I_2,E2CONTROLECONOMY,N,sonnet
26688,I_2,E2CONTROLGOV,E,sonnet
26688,I_2,E2CONTROLOTHER,N,sonnet
26688,I_2,E3COLLECTIVEBLAME,E,sonnet
29771,I_2,E1VIOLENCE,N,sonnet
29771,I_2,E1RADICAL,N,sonnet
29771,I_2,E2ALLEGATION,N,sonnet
29771,I_2,E2DEHUMANIZATION,N,sonnet
29771,I_2,E2DEMONIZE,N,sonnet
29771,I_2,E2STEREOTYPE,N,sonnet
29771,I_2,E2COLLECTIVEPOWER,N,sonnet
29771,I_2,E2CONSPIRACY,N,sonnet
29771,I_2,E2CONTROLMEDIA,N,sonnet
29771,I_2,E2CONTROLECONOMY,N,sonnet
29771,I_2,E2CONTROLGOV,N,sonnet
29771,I_2,E2CONTROLOTHER,N,sonnet
29771,I_2,E3COLLECTIVEBLAME,N,sonnet
30487,I_2,E1VIOLENCE,A,sonnet
30487,I_2,E1RADICAL,N,sonnet
30487,I_2,E2ALLEGATION,N,sonnet
30487,I_2,E2DEHUMANIZATION,N,sonnet
30487,I_2,E2DEMONIZE,N,sonnet
30487,I_2,E2STEREOTYPE,N,sonnet
30487,I_2,E2COLLECTIVEPOWER,N,sonnet
30487,I_2,E2CONSPIRACY,N,sonnet
30487,I_2,E2CONTROLMEDIA,N,sonnet
30487,I_2,E2CONTROLECONOMY,N,sonnet
30487,I_2,E2CONTROLGOV,N,sonnet
30487,I_2,E2CONTROLOTHER,N,sonnet
30487,I_2,E3COLLECTIVEBLAME,N,sonnet
49655,I_2,E1VIOLENCE,N,sonnet
49655,I_2,E1RADICAL,N,sonnet
49655,I_2,E2ALLEGATION,E,sonnet
49655,I_2,E2DEHUMANIZATION,E,sonnet
49655,I_2,E2DEMONIZE,E,sonnet
49655,I_2,E2STEREOTYPE,N,sonnet
49655,I_2,E2COLLECTIVEPOWER,N,sonnet
49655,I_2,E2CONSPIRACY,N,sonnet
49655,I_2,E2CONTROLMEDIA,N,sonnet
49655,I_2,E2CONTROLECONOMY,N,sonnet
49655,I_2,E2CONTROLGOV,N,sonnet
49655,I_2,E2CONTROLOTHER,N,sonnet
49655,I_2,E3COLLECTIVEBLAME,N,sonnet
34010,I_2,E1VIOLENCE,E,sonnet
34010,I_2,E1RADICAL,N,sonnet
34010,I_2,E2ALLEGATION,N,sonnet
34010,I_2,E2DEHUMANIZATION,E,sonnet
34010,I_2,E2DEMONIZE,N,sonnet
34010,I_2,E2STEREOTYPE,N,sonnet
34010,I_2,E2COLLECTIVEPOWER,N,sonnet
34010,I_2,E2CONSPIRACY,N,sonnet
34010,I_2,E2CONTROLMEDIA,N,sonnet
34010,I_2,E2CONTROLECONOMY,N,sonnet
34010,I_2,E2CONTROLGOV,N,sonnet
34010,I_2,E2CONTROLOTHER,N,sonnet
34010,I_2,E3COLLECTIVEBLAME,N,sonnet
36829,I_2,E1VIOLENCE,N,sonnet
36829,I_2,E1RADICAL,N,sonnet
36829,I_2,E2ALLEGATION,N,sonnet
36829,I_2,E2DEHUMANIZATION,N,sonnet
36829,I_2,E2DEMONIZE,N,sonnet
36829,I_2,E2STEREOTYPE,N,sonnet
36829,I_2,E2COLLECTIVEPOWER,N,sonnet
36829,I_2,E2CONSPIRACY,N,sonnet
36829,I_2,E2CONTROLMEDIA,N,sonnet
36829,I_2,E2CONTROLECONOMY,N,sonnet
36829,I_2,E2CONTROLGOV,N,sonnet
36829,I_2,E2CONTROLOTHER,N,sonnet
36829,I_2,E3COLLECTIVEBLAME,N,sonnet
35420,I_2,E1VIOLENCE,N,sonnet
35420,I_2,E1RADICAL,N,sonnet
35420,I_2,E2ALLEGATION,N,sonnet
35420,I_2,E2DEHUMANIZATION,N,sonnet
35420,I_2,E2DEMONIZE,N,sonnet
35420,I_2,E2STEREOTYPE,N,sonnet
35420,I_2,E2COLLECTIVEPOWER,N,sonnet
35420,I_2,E2CONSPIRACY,N,sonnet
35420,I_2,E2CONTROLMEDIA,N,sonnet
35420,I_2,E2CONTROLECONOMY,N,sonnet
35420,I_2,E2CONTROLGOV,N,sonnet
35420,I_2,E2CONTROLOTHER,N,sonnet
35420,I_2,E3COLLECTIVEBLAME,N,sonnet
49581,I_2,E1VIOLENCE,N,sonnet
49581,I_2,E1RADICAL,N,sonnet
49581,I_2,E2ALLEGATION,I,sonnet
49581,I_2,E2DEHUMANIZATION,N,sonnet
49581,I_2,E2DEMONIZE,I,sonnet
49581,I_2,E2STEREOTYPE,I,sonnet
49581,I_2,E2COLLECTIVEPOWER,I,sonnet
49581,I_2,E2CONSPIRACY,I,sonnet
49581,I_2,E2CONTROLMEDIA,N,sonnet
49581,I_2,E2CONTROLECONOMY,N,sonnet
49581,I_2,E2CONTROLGOV,E,sonnet
49581,I_2,E2CONTROLOTHER,N,sonnet
49581,I_2,E3COLLECTIVEBLAME,N,sonnet
28567,I_2,E1VIOLENCE,N,sonnet
28567,I_2,E1RADICAL,N,sonnet
28567,I_2,E2ALLEGATION,N,sonnet
28567,I_2,E2DEHUMANIZATION,N,sonnet
28567,I_2,E2DEMONIZE,N,sonnet
28567,I_2,E2STEREOTYPE,N,sonnet
28567,I_2,E2COLLECTIVEPOWER,N,sonnet
28567,I_2,E2CONSPIRACY,N,sonnet
28567,I_2,E2CONTROLMEDIA,N,sonnet
28567,I_2,E2CONTROLECONOMY,N,sonnet
28567,I_2,E2CONTROLGOV,N,sonnet
28567,I_2,E2CONTROLOTHER,N,sonnet
28567,I_2,E3COLLECTIVEBLAME,N,sonnet
34063,I_2,E1VIOLENCE,N,sonnet
34063,I_2,E1RADICAL,N,sonnet
34063,I_2,E2ALLEGATION,E,sonnet
34063,I_2,E2DEHUMANIZATION,I,sonnet
34063,I_2,E2DEMONIZE,E,sonnet
34063,I_2,E2STEREOTYPE,E,sonnet
34063,I_2,E2COLLECTIVEPOWER,N,sonnet
34063,I_2,E2CONSPIRACY,N,sonnet
34063,I_2,E2CONTROLMEDIA,N,sonnet
34063,I_2,E2CONTROLECONOMY,N,sonnet
34063,I_2,E2CONTROLGOV,N,sonnet
34063,I_2,E2CONTROLOTHER,N,sonnet
34063,I_2,E3COLLECTIVEBLAME,N,sonnet
11224,I_2,E1VIOLENCE,N,sonnet
11224,I_2,E1RADICAL,N,sonnet
11224,I_2,E2ALLEGATION,N,sonnet
11224,I_2,E2DEHUMANIZATION,N,sonnet
11224,I_2,E2DEMONIZE,N,sonnet
11224,I_2,E2STEREOTYPE,N,sonnet
11224,I_2,E2COLLECTIVEPOWER,N,sonnet
11224,I_2,E2CONSPIRACY,N,sonnet
11224,I_2,E2CONTROLMEDIA,N,sonnet
11224,I_2,E2CONTROLECONOMY,N,sonnet
11224,I_2,E2CONTROLGOV,N,sonnet
11224,I_2,E2CONTROLOTHER,N,sonnet
11224,I_2,E3COLLECTIVEBLAME,N,sonnet
41554,I_2,E1VIOLENCE,N,sonnet
41554,I_2,E1RADICAL,N,sonnet
41554,I_2,E2ALLEGATION,N,sonnet
41554,I_2,E2DEHUMANIZATION,N,sonnet
41554,I_2,E2DEMONIZE,N,sonnet
41554,I_2,E2STEREOTYPE,N,sonnet
41554,I_2,E2COLLECTIVEPOWER,N,sonnet
41554,I_2,E2CONSPIRACY,N,sonnet
41554,I_2,E2CONTROLMEDIA,N,sonnet
41554,I_2,E2CONTROLECONOMY,N,sonnet
41554,I_2,E2CONTROLGOV,N,sonnet
41554,I_2,E2CONTROLOTHER,N,sonnet
41554,I_2,E3COLLECTIVEBLAME,N,sonnet
33026,I_2,E1VIOLENCE,N,sonnet
33026,I_2,E1RADICAL,N,sonnet
33026,I_2,E2ALLEGATION,N,sonnet
33026,I_2,E2DEHUMANIZATION,N,sonnet
33026,I_2,E2DEMONIZE,N,sonnet
33026,I_2,E2STEREOTYPE,N,sonnet
33026,I_2,E2COLLECTIVEPOWER,N,sonnet
33026,I_2,E2CONSPIRACY,N,sonnet
33026,I_2,E2CONTROLMEDIA,N,sonnet
33026,I_2,E2CONTROLECONOMY,N,sonnet
33026,I_2,E2CONTROLGOV,N,sonnet
33026,I_2,E2CONTROLOTHER,N,sonnet
33026,I_2,E3COLLECTIVEBLAME,N,sonnet
14248,I_2,E1VIOLENCE,N,sonnet
14248,I_2,E1RADICAL,N,sonnet
14248,I_2,E2ALLEGATION,N,sonnet
14248,I_2,E2DEHUMANIZATION,N,sonnet
14248,I_2,E2DEMONIZE,N,sonnet
14248,I_2,E2STEREOTYPE,N,sonnet
14248,I_2,E2COLLECTIVEPOWER,N,sonnet
14248,I_2,E2CONSPIRACY,N,sonnet
14248,I_2,E2CONTROLMEDIA,N,sonnet
14248,I_2,E2CONTROLECONOMY,N,sonnet
14248,I_2,E2CONTROLGOV,N,sonnet
14248,I_2,E2CONTROLOTHER,N,sonnet
14248,I_2,E3COLLECTIVEBLAME,N,sonnet
911,I_2,E1VIOLENCE,N,sonnet
911,I_2,E1RADICAL,N,sonnet
911,I_2,E2ALLEGATION,N,sonnet
911,I_2,E2DEHUMANIZATION,N,sonnet
911,I_2,E2DEMONIZE,N,sonnet
911,I_2,E2STEREOTYPE,N,sonnet
911,I_2,E2COLLECTIVEPOWER,N,sonnet
911,I_2,E2CONSPIRACY,N,sonnet
911,I_2,E2CONTROLMEDIA,N,sonnet
911,I_2,E2CONTROLECONOMY,N,sonnet
911,I_2,E2CONTROLGOV,N,sonnet
911,I_2,E2CONTROLOTHER,N,sonnet
911,I_2,E3COLLECTIVEBLAME,N,sonnet
11782,I_2,E1VIOLENCE,N,sonnet
11782,I_2,E1RADICAL,N,sonnet
11782,I_2,E2ALLEGATION,N,sonnet
11782,I_2,E2DEHUMANIZATION,N,sonnet
11782,I_2,E2DEMONIZE,N,sonnet
11782,I_2,E2STEREOTYPE,N,sonnet
11782,I_2,E2COLLECTIVEPOWER,N,sonnet
11782,I_2,E2CONSPIRACY,N,sonnet
11782,I_2,E2CONTROLMEDIA,N,sonnet
11782,I_2,E2CONTROLECONOMY,N,sonnet
11782,I_2,E2CONTROLGOV,N,sonnet
11782,I_2,E2CONTROLOTHER,N,sonnet
11782,I_2,E3COLLECTIVEBLAME,N,sonnet
43927,I_2,E1VIOLENCE,I,gpt4o
43927,I_2,E1RADICAL,N,gpt4o
43927,I_2,E2ALLEGATION,I,gpt4o
43927,I_2,E2DEHUMANIZATION,I,gpt4o
43927,I_2,E2DEMONIZE,I,gpt4o
43927,I_2,E2STEREOTYPE,I,gpt4o
43927,I_2,E2COLLECTIVEPOWER,N,gpt4o
43927,I_2,E2CONSPIRACY,N,gpt4o
43927,I_2,E2CONTROLMEDIA,N,gpt4o
43927,I_2,E2CONTROLECONOMY,N,gpt4o
43927,I_2,E2CONTROLGOV,N,gpt4o
43927,I_2,E2CONTROLOTHER,N,gpt4o
43927,I_2,E3COLLECTIVEBLAME,I,gpt4o
45921,I_2,E1VIOLENCE,N,sonnet
45921,I_2,E1RADICAL,N,sonnet
45921,I_2,E2ALLEGATION,N,sonnet
45921,I_2,E2DEHUMANIZATION,N,sonnet
45921,I_2,E2DEMONIZE,N,sonnet
45921,I_2,E2STEREOTYPE,N,sonnet
45921,I_2,E2COLLECTIVEPOWER,N,sonnet
45921,I_2,E2CONSPIRACY,N,sonnet
45921,I_2,E2CONTROLMEDIA,N,sonnet
45921,I_2,E2CONTROLECONOMY,N,sonnet
45921,I_2,E2CONTROLGOV,N,sonnet
45921,I_2,E2CONTROLOTHER,N,sonnet
45921,I_2,E3COLLECTIVEBLAME,N,sonnet
20002,I_2,E1VIOLENCE,N,sonnet
20002,I_2,E1RADICAL,N,sonnet
20002,I_2,E2ALLEGATION,N,sonnet
20002,I_2,E2DEHUMANIZATION,N,sonnet
20002,I_2,E2DEMONIZE,N,sonnet
20002,I_2,E2STEREOTYPE,N,sonnet
20002,I_2,E2COLLECTIVEPOWER,N,sonnet
20002,I_2,E2CONSPIRACY,N,sonnet
20002,I_2,E2CONTROLMEDIA,N,sonnet
20002,I_2,E2CONTROLECONOMY,N,sonnet
20002,I_2,E2CONTROLGOV,N,sonnet
20002,I_2,E2CONTROLOTHER,N,sonnet
20002,I_2,E3COLLECTIVEBLAME,N,sonnet
4583,I_2,E1VIOLENCE,N,sonnet
4583,I_2,E1RADICAL,N,sonnet
4583,I_2,E2ALLEGATION,N,sonnet
4583,I_2,E2DEHUMANIZATION,N,sonnet
4583,I_2,E2DEMONIZE,N,sonnet
4583,I_2,E2STEREOTYPE,N,sonnet
4583,I_2,E2COLLECTIVEPOWER,N,sonnet
4583,I_2,E2CONSPIRACY,N,sonnet
4583,I_2,E2CONTROLMEDIA,N,sonnet
4583,I_2,E2CONTROLECONOMY,N,sonnet
4583,I_2,E2CONTROLGOV,N,sonnet
4583,I_2,E2CONTROLOTHER,N,sonnet
4583,I_2,E3COLLECTIVEBLAME,N,sonnet
47882,I_2,E1VIOLENCE,E,sonnet
47882,I_2,E1RADICAL,N,sonnet
47882,I_2,E2ALLEGATION,N,sonnet
47882,I_2,E2DEHUMANIZATION,N,sonnet
47882,I_2,E2DEMONIZE,N,sonnet
47882,I_2,E2STEREOTYPE,N,sonnet
47882,I_2,E2COLLECTIVEPOWER,N,sonnet
47882,I_2,E2CONSPIRACY,N,sonnet
47882,I_2,E2CONTROLMEDIA,N,sonnet
47882,I_2,E2CONTROLECONOMY,N,sonnet
47882,I_2,E2CONTROLGOV,N,sonnet
47882,I_2,E2CONTROLOTHER,N,sonnet
47882,I_2,E3COLLECTIVEBLAME,N,sonnet
36501,I_2,E1VIOLENCE,N,sonnet
36501,I_2,E1RADICAL,N,sonnet
36501,I_2,E2ALLEGATION,N,sonnet
36501,I_2,E2DEHUMANIZATION,N,sonnet
36501,I_2,E2DEMONIZE,N,sonnet
36501,I_2,E2STEREOTYPE,N,sonnet
36501,I_2,E2COLLECTIVEPOWER,N,sonnet
36501,I_2,E2CONSPIRACY,N,sonnet
36501,I_2,E2CONTROLMEDIA,N,sonnet
36501,I_2,E2CONTROLECONOMY,N,sonnet
36501,I_2,E2CONTROLGOV,N,sonnet
36501,I_2,E2CONTROLOTHER,N,sonnet
36501,I_2,E3COLLECTIVEBLAME,N,sonnet
37722,I_2,E1VIOLENCE,N,sonnet
37722,I_2,E1RADICAL,N,sonnet
37722,I_2,E2ALLEGATION,N,sonnet
37722,I_2,E2DEHUMANIZATION,N,sonnet
37722,I_2,E2DEMONIZE,N,sonnet
37722,I_2,E2STEREOTYPE,N,sonnet
37722,I_2,E2COLLECTIVEPOWER,N,sonnet
37722,I_2,E2CONSPIRACY,N,sonnet
37722,I_2,E2CONTROLMEDIA,N,sonnet
37722,I_2,E2CONTROLECONOMY,N,sonnet
37722,I_2,E2CONTROLGOV,N,sonnet
37722,I_2,E2CONTROLOTHER,N,sonnet
37722,I_2,E3COLLECTIVEBLAME,N,sonnet
16975,I_2,E1VIOLENCE,N,sonnet
16975,I_2,E1RADICAL,N,sonnet
16975,I_2,E2ALLEGATION,N,sonnet
16975,I_2,E2DEHUMANIZATION,N,sonnet
16975,I_2,E2DEMONIZE,N,sonnet
16975,I_2,E2STEREOTYPE,N,sonnet
16975,I_2,E2COLLECTIVEPOWER,N,sonnet
16975,I_2,E2CONSPIRACY,N,sonnet
16975,I_2,E2CONTROLMEDIA,N,sonnet
16975,I_2,E2CONTROLECONOMY,N,sonnet
16975,I_2,E2CONTROLGOV,N,sonnet
16975,I_2,E2CONTROLOTHER,N,sonnet
16975,I_2,E3COLLECTIVEBLAME,N,sonnet
42529,I_2,E1VIOLENCE,N,sonnet
42529,I_2,E1RADICAL,N,sonnet
42529,I_2,E2ALLEGATION,N,sonnet
42529,I_2,E2DEHUMANIZATION,N,sonnet
42529,I_2,E2DEMONIZE,N,sonnet
42529,I_2,E2STEREOTYPE,N,sonnet
42529,I_2,E2COLLECTIVEPOWER,N,sonnet
42529,I_2,E2CONSPIRACY,N,sonnet
42529,I_2,E2CONTROLMEDIA,N,sonnet
42529,I_2,E2CONTROLECONOMY,N,sonnet
42529,I_2,E2CONTROLGOV,N,sonnet
42529,I_2,E2CONTROLOTHER,N,sonnet
42529,I_2,E3COLLECTIVEBLAME,N,sonnet
5214,I_2,E1VIOLENCE,N,sonnet
5214,I_2,E1RADICAL,N,sonnet
5214,I_2,E2ALLEGATION,E,sonnet
5214,I_2,E2DEHUMANIZATION,N,sonnet
5214,I_2,E2DEMONIZE,N,sonnet
5214,I_2,E2STEREOTYPE,N,sonnet
5214,I_2,E2COLLECTIVEPOWER,N,sonnet
5214,I_2,E2CONSPIRACY,N,sonnet
5214,I_2,E2CONTROLMEDIA,N,sonnet
5214,I_2,E2CONTROLECONOMY,N,sonnet
5214,I_2,E2CONTROLGOV,N,sonnet
5214,I_2,E2CONTROLOTHER,N,sonnet
5214,I_2,E3COLLECTIVEBLAME,E,sonnet
4086,I_2,E1VIOLENCE,N,sonnet
4086,I_2,E1RADICAL,N,sonnet
4086,I_2,E2ALLEGATION,N,sonnet
4086,I_2,E2DEHUMANIZATION,N,sonnet
4086,I_2,E2DEMONIZE,N,sonnet
4086,I_2,E2STEREOTYPE,N,sonnet
4086,I_2,E2COLLECTIVEPOWER,N,sonnet
4086,I_2,E2CONSPIRACY,N,sonnet
4086,I_2,E2CONTROLMEDIA,N,sonnet
4086,I_2,E2CONTROLECONOMY,N,sonnet
4086,I_2,E2CONTROLGOV,N,sonnet
4086,I_2,E2CONTROLOTHER,N,sonnet
4086,I_2,E3COLLECTIVEBLAME,N,sonnet
44955,I_2,E1VIOLENCE,N,sonnet
44955,I_2,E1RADICAL,N,sonnet
44955,I_2,E2ALLEGATION,N,sonnet
44955,I_2,E2DEHUMANIZATION,N,sonnet
44955,I_2,E2DEMONIZE,N,sonnet
44955,I_2,E2STEREOTYPE,N,sonnet
44955,I_2,E2COLLECTIVEPOWER,N,sonnet
44955,I_2,E2CONSPIRACY,N,sonnet
44955,I_2,E2CONTROLMEDIA,N,sonnet
44955,I_2,E2CONTROLECONOMY,N,sonnet
44955,I_2,E2CONTROLGOV,N,sonnet
44955,I_2,E2CONTROLOTHER,N,sonnet
44955,I_2,E3COLLECTIVEBLAME,N,sonnet
28827,I_2,E1VIOLENCE,N,sonnet
28827,I_2,E1RADICAL,N,sonnet
28827,I_2,E2ALLEGATION,N,sonnet
28827,I_2,E2DEHUMANIZATION,N,sonnet
28827,I_2,E2DEMONIZE,N,sonnet
28827,I_2,E2STEREOTYPE,N,sonnet
28827,I_2,E2COLLECTIVEPOWER,N,sonnet
28827,I_2,E2CONSPIRACY,N,sonnet
28827,I_2,E2CONTROLMEDIA,N,sonnet
28827,I_2,E2CONTROLECONOMY,N,sonnet
28827,I_2,E2CONTROLGOV,N,sonnet
28827,I_2,E2CONTROLOTHER,N,sonnet
28827,I_2,E3COLLECTIVEBLAME,N,sonnet
48907,I_2,E1VIOLENCE,N,sonnet
48907,I_2,E1RADICAL,N,sonnet
48907,I_2,E2ALLEGATION,N,sonnet
48907,I_2,E2DEHUMANIZATION,N,sonnet
48907,I_2,E2DEMONIZE,N,sonnet
48907,I_2,E2STEREOTYPE,N,sonnet
48907,I_2,E2COLLECTIVEPOWER,N,sonnet
48907,I_2,E2CONSPIRACY,N,sonnet
48907,I_2,E2CONTROLMEDIA,N,sonnet
48907,I_2,E2CONTROLECONOMY,N,sonnet
48907,I_2,E2CONTROLGOV,N,sonnet
48907,I_2,E2CONTROLOTHER,N,sonnet
48907,I_2,E3COLLECTIVEBLAME,N,sonnet
49653,I_2,E1VIOLENCE,N,sonnet
49653,I_2,E1RADICAL,N,sonnet
49653,I_2,E2ALLEGATION,E,sonnet
49653,I_2,E2DEHUMANIZATION,E,sonnet
49653,I_2,E2DEMONIZE,E,sonnet
49653,I_2,E2STEREOTYPE,E,sonnet
49653,I_2,E2COLLECTIVEPOWER,E,sonnet
49653,I_2,E2CONSPIRACY,E,sonnet
49653,I_2,E2CONTROLMEDIA,N,sonnet
49653,I_2,E2CONTROLECONOMY,N,sonnet
49653,I_2,E2CONTROLGOV,I,sonnet
49653,I_2,E2CONTROLOTHER,E,sonnet
49653,I_2,E3COLLECTIVEBLAME,E,sonnet
20094,I_2,E1VIOLENCE,N,sonnet
20094,I_2,E1RADICAL,N,sonnet
20094,I_2,E2ALLEGATION,N,sonnet
20094,I_2,E2DEHUMANIZATION,N,sonnet
20094,I_2,E2DEMONIZE,N,sonnet
20094,I_2,E2STEREOTYPE,N,sonnet
20094,I_2,E2COLLECTIVEPOWER,N,sonnet
20094,I_2,E2CONSPIRACY,N,sonnet
20094,I_2,E2CONTROLMEDIA,N,sonnet
20094,I_2,E2CONTROLECONOMY,N,sonnet
20094,I_2,E2CONTROLGOV,N,sonnet
20094,I_2,E2CONTROLOTHER,N,sonnet
20094,I_2,E3COLLECTIVEBLAME,N,sonnet
38145,I_2,E1VIOLENCE,N,sonnet
38145,I_2,E1RADICAL,N,sonnet
38145,I_2,E2ALLEGATION,N,sonnet
38145,I_2,E2DEHUMANIZATION,N,sonnet
38145,I_2,E2DEMONIZE,N,sonnet
38145,I_2,E2STEREOTYPE,N,sonnet
38145,I_2,E2COLLECTIVEPOWER,N,sonnet
38145,I_2,E2CONSPIRACY,N,sonnet
38145,I_2,E2CONTROLMEDIA,N,sonnet
38145,I_2,E2CONTROLECONOMY,N,sonnet
38145,I_2,E2CONTROLGOV,N,sonnet
38145,I_2,E2CONTROLOTHER,N,sonnet
38145,I_2,E3COLLECTIVEBLAME,N,sonnet
43985,I_2,E1VIOLENCE,N,sonnet
43985,I_2,E1RADICAL,N,sonnet
43985,I_2,E2ALLEGATION,N,sonnet
43985,I_2,E2DEHUMANIZATION,N,sonnet
43985,I_2,E2DEMONIZE,N,sonnet
43985,I_2,E2STEREOTYPE,N,sonnet
43985,I_2,E2COLLECTIVEPOWER,N,sonnet
43985,I_2,E2CONSPIRACY,N,sonnet
43985,I_2,E2CONTROLMEDIA,N,sonnet
43985,I_2,E2CONTROLECONOMY,N,sonnet
43985,I_2,E2CONTROLGOV,N,sonnet
43985,I_2,E2CONTROLOTHER,N,sonnet
43985,I_2,E3COLLECTIVEBLAME,N,sonnet
21115,I_2,E1VIOLENCE,N,sonnet
21115,I_2,E1RADICAL,N,sonnet
21115,I_2,E2ALLEGATION,N,sonnet
21115,I_2,E2DEHUMANIZATION,N,sonnet
21115,I_2,E2DEMONIZE,N,sonnet
21115,I_2,E2STEREOTYPE,N,sonnet
21115,I_2,E2COLLECTIVEPOWER,N,sonnet
21115,I_2,E2CONSPIRACY,N,sonnet
21115,I_2,E2CONTROLMEDIA,N,sonnet
21115,I_2,E2CONTROLECONOMY,N,sonnet
21115,I_2,E2CONTROLGOV,N,sonnet
21115,I_2,E2CONTROLOTHER,N,sonnet
21115,I_2,E3COLLECTIVEBLAME,N,sonnet
28704,I_2,E1VIOLENCE,N,sonnet
28704,I_2,E1RADICAL,N,sonnet
28704,I_2,E2ALLEGATION,N,sonnet
28704,I_2,E2DEHUMANIZATION,N,sonnet
28704,I_2,E2DEMONIZE,N,sonnet
28704,I_2,E2STEREOTYPE,N,sonnet
28704,I_2,E2COLLECTIVEPOWER,N,sonnet
28704,I_2,E2CONSPIRACY,N,sonnet
28704,I_2,E2CONTROLMEDIA,N,sonnet
28704,I_2,E2CONTROLECONOMY,N,sonnet
28704,I_2,E2CONTROLGOV,N,sonnet
28704,I_2,E2CONTROLOTHER,N,sonnet
28704,I_2,E3COLLECTIVEBLAME,N,sonnet
41119,I_2,E1VIOLENCE,N,sonnet
41119,I_2,E1RADICAL,N,sonnet
41119,I_2,E2ALLEGATION,E,sonnet
41119,I_2,E2DEHUMANIZATION,E,sonnet
41119,I_2,E2DEMONIZE,E,sonnet
41119,I_2,E2STEREOTYPE,E,sonnet
41119,I_2,E2COLLECTIVEPOWER,I,sonnet
41119,I_2,E2CONSPIRACY,N,sonnet
41119,I_2,E2CONTROLMEDIA,I,sonnet
41119,I_2,E2CONTROLECONOMY,N,sonnet
41119,I_2,E2CONTROLGOV,N,sonnet
41119,I_2,E2CONTROLOTHER,N,sonnet
41119,I_2,E3COLLECTIVEBLAME,E,sonnet
37529,I_2,E1VIOLENCE,N,sonnet
37529,I_2,E1RADICAL,N,sonnet
37529,I_2,E2ALLEGATION,N,sonnet
37529,I_2,E2DEHUMANIZATION,N,sonnet
37529,I_2,E2DEMONIZE,N,sonnet
37529,I_2,E2STEREOTYPE,N,sonnet
37529,I_2,E2COLLECTIVEPOWER,N,sonnet
37529,I_2,E2CONSPIRACY,N,sonnet
37529,I_2,E2CONTROLMEDIA,N,sonnet
37529,I_2,E2CONTROLECONOMY,N,sonnet
37529,I_2,E2CONTROLGOV,N,sonnet
37529,I_2,E2CONTROLOTHER,N,sonnet
37529,I_2,E3COLLECTIVEBLAME,N,sonnet
36267,I_2,E1VIOLENCE,N,sonnet
36267,I_2,E1RADICAL,N,sonnet
36267,I_2,E2ALLEGATION,N,sonnet
36267,I_2,E2DEHUMANIZATION,N,sonnet
36267,I_2,E2DEMONIZE,N,sonnet
36267,I_2,E2STEREOTYPE,N,sonnet
36267,I_2,E2COLLECTIVEPOWER,N,sonnet
36267,I_2,E2CONSPIRACY,N,sonnet
36267,I_2,E2CONTROLMEDIA,N,sonnet
36267,I_2,E2CONTROLECONOMY,N,sonnet
36267,I_2,E2CONTROLGOV,N,sonnet
36267,I_2,E2CONTROLOTHER,N,sonnet
36267,I_2,E3COLLECTIVEBLAME,N,sonnet
47301,I_2,E1VIOLENCE,I,sonnet
47301,I_2,E1RADICAL,I,sonnet
47301,I_2,E2ALLEGATION,N,sonnet
47301,I_2,E2DEHUMANIZATION,N,sonnet
47301,I_2,E2DEMONIZE,N,sonnet
47301,I_2,E2STEREOTYPE,N,sonnet
47301,I_2,E2COLLECTIVEPOWER,N,sonnet
47301,I_2,E2CONSPIRACY,N,sonnet
47301,I_2,E2CONTROLMEDIA,N,sonnet
47301,I_2,E2CONTROLECONOMY,N,sonnet
47301,I_2,E2CONTROLGOV,N,sonnet
47301,I_2,E2CONTROLOTHER,N,sonnet
47301,I_2,E3COLLECTIVEBLAME,N,sonnet
38085,I_2,E1VIOLENCE,N,sonnet
38085,I_2,E1RADICAL,N,sonnet
38085,I_2,E2ALLEGATION,A,sonnet
38085,I_2,E2DEHUMANIZATION,N,sonnet
38085,I_2,E2DEMONIZE,N,sonnet
38085,I_2,E2STEREOTYPE,N,sonnet
38085,I_2,E2COLLECTIVEPOWER,N,sonnet
38085,I_2,E2CONSPIRACY,N,sonnet
38085,I_2,E2CONTROLMEDIA,N,sonnet
38085,I_2,E2CONTROLECONOMY,N,sonnet
38085,I_2,E2CONTROLGOV,N,sonnet
38085,I_2,E2CONTROLOTHER,N,sonnet
38085,I_2,E3COLLECTIVEBLAME,N,sonnet
35813,I_2,E1VIOLENCE,N,sonnet
35813,I_2,E1RADICAL,N,sonnet
35813,I_2,E2ALLEGATION,N,sonnet
35813,I_2,E2DEHUMANIZATION,N,sonnet
35813,I_2,E2DEMONIZE,N,sonnet
35813,I_2,E2STEREOTYPE,N,sonnet
35813,I_2,E2COLLECTIVEPOWER,N,sonnet
35813,I_2,E2CONSPIRACY,N,sonnet
35813,I_2,E2CONTROLMEDIA,N,sonnet
35813,I_2,E2CONTROLECONOMY,N,sonnet
35813,I_2,E2CONTROLGOV,N,sonnet
35813,I_2,E2CONTROLOTHER,N,sonnet
35813,I_2,E3COLLECTIVEBLAME,N,sonnet
3749,I_2,E1VIOLENCE,N,sonnet
3749,I_2,E1RADICAL,N,sonnet
3749,I_2,E2ALLEGATION,I,sonnet
3749,I_2,E2DEHUMANIZATION,N,sonnet
3749,I_2,E2DEMONIZE,I,sonnet
3749,I_2,E2STEREOTYPE,N,sonnet
3749,I_2,E2COLLECTIVEPOWER,N,sonnet
3749,I_2,E2CONSPIRACY,N,sonnet
3749,I_2,E2CONTROLMEDIA,I,sonnet
3749,I_2,E2CONTROLECONOMY,N,sonnet
3749,I_2,E2CONTROLGOV,N,sonnet
3749,I_2,E2CONTROLOTHER,N,sonnet
3749,I_2,E3COLLECTIVEBLAME,N,sonnet
1542,I_2,E1VIOLENCE,N,sonnet
1542,I_2,E1RADICAL,N,sonnet
1542,I_2,E2ALLEGATION,N,sonnet
1542,I_2,E2DEHUMANIZATION,N,sonnet
1542,I_2,E2DEMONIZE,N,sonnet
1542,I_2,E2STEREOTYPE,N,sonnet
1542,I_2,E2COLLECTIVEPOWER,N,sonnet
1542,I_2,E2CONSPIRACY,N,sonnet
1542,I_2,E2CONTROLMEDIA,N,sonnet
1542,I_2,E2CONTROLECONOMY,N,sonnet
1542,I_2,E2CONTROLGOV,N,sonnet
1542,I_2,E2CONTROLOTHER,N,sonnet
1542,I_2,E3COLLECTIVEBLAME,N,sonnet
23607,I_2,E1VIOLENCE,N,sonnet
23607,I_2,E1RADICAL,N,sonnet
23607,I_2,E2ALLEGATION,N,sonnet
23607,I_2,E2DEHUMANIZATION,N,sonnet
23607,I_2,E2DEMONIZE,N,sonnet
23607,I_2,E2STEREOTYPE,N,sonnet
23607,I_2,E2COLLECTIVEPOWER,N,sonnet
23607,I_2,E2CONSPIRACY,N,sonnet
23607,I_2,E2CONTROLMEDIA,N,sonnet
23607,I_2,E2CONTROLECONOMY,N,sonnet
23607,I_2,E2CONTROLGOV,N,sonnet
23607,I_2,E2CONTROLOTHER,N,sonnet
23607,I_2,E3COLLECTIVEBLAME,N,sonnet
31570,I_2,E1VIOLENCE,N,sonnet
31570,I_2,E1RADICAL,N,sonnet
31570,I_2,E2ALLEGATION,N,sonnet
31570,I_2,E2DEHUMANIZATION,N,sonnet
31570,I_2,E2DEMONIZE,N,sonnet
31570,I_2,E2STEREOTYPE,N,sonnet
31570,I_2,E2COLLECTIVEPOWER,N,sonnet
31570,I_2,E2CONSPIRACY,N,sonnet
31570,I_2,E2CONTROLMEDIA,N,sonnet
31570,I_2,E2CONTROLECONOMY,N,sonnet
31570,I_2,E2CONTROLGOV,N,sonnet
31570,I_2,E2CONTROLOTHER,N,sonnet
31570,I_2,E3COLLECTIVEBLAME,N,sonnet
20047,I_2,E1VIOLENCE,E,sonnet
20047,I_2,E1RADICAL,N,sonnet
20047,I_2,E2ALLEGATION,N,sonnet
20047,I_2,E2DEHUMANIZATION,E,sonnet
20047,I_2,E2DEMONIZE,N,sonnet
20047,I_2,E2STEREOTYPE,N,sonnet
20047,I_2,E2COLLECTIVEPOWER,N,sonnet
20047,I_2,E2CONSPIRACY,N,sonnet
20047,I_2,E2CONTROLMEDIA,N,sonnet
20047,I_2,E2CONTROLECONOMY,N,sonnet
20047,I_2,E2CONTROLGOV,N,sonnet
20047,I_2,E2CONTROLOTHER,N,sonnet
20047,I_2,E3COLLECTIVEBLAME,N,sonnet
27429,I_2,E1VIOLENCE,A,sonnet
27429,I_2,E1RADICAL,A,sonnet
27429,I_2,E2ALLEGATION,N,sonnet
27429,I_2,E2DEHUMANIZATION,N,sonnet
27429,I_2,E2DEMONIZE,N,sonnet
27429,I_2,E2STEREOTYPE,N,sonnet
27429,I_2,E2COLLECTIVEPOWER,N,sonnet
27429,I_2,E2CONSPIRACY,N,sonnet
27429,I_2,E2CONTROLMEDIA,N,sonnet
27429,I_2,E2CONTROLECONOMY,N,sonnet
27429,I_2,E2CONTROLGOV,N,sonnet
27429,I_2,E2CONTROLOTHER,N,sonnet
27429,I_2,E3COLLECTIVEBLAME,N,sonnet
4399,I_2,E1VIOLENCE,N,sonnet
4399,I_2,E1RADICAL,N,sonnet
4399,I_2,E2ALLEGATION,N,sonnet
4399,I_2,E2DEHUMANIZATION,N,sonnet
4399,I_2,E2DEMONIZE,N,sonnet
4399,I_2,E2STEREOTYPE,N,sonnet
4399,I_2,E2COLLECTIVEPOWER,N,sonnet
4399,I_2,E2CONSPIRACY,N,sonnet
4399,I_2,E2CONTROLMEDIA,N,sonnet
4399,I_2,E2CONTROLECONOMY,N,sonnet
4399,I_2,E2CONTROLGOV,N,sonnet
4399,I_2,E2CONTROLOTHER,N,sonnet
4399,I_2,E3COLLECTIVEBLAME,N,sonnet
5450,I_2,E1VIOLENCE,N,sonnet
5450,I_2,E1RADICAL,N,sonnet
5450,I_2,E2ALLEGATION,N,sonnet
5450,I_2,E2DEHUMANIZATION,N,sonnet
5450,I_2,E2DEMONIZE,N,sonnet
5450,I_2,E2STEREOTYPE,N,sonnet
5450,I_2,E2COLLECTIVEPOWER,N,sonnet
5450,I_2,E2CONSPIRACY,N,sonnet
5450,I_2,E2CONTROLMEDIA,N,sonnet
5450,I_2,E2CONTROLECONOMY,N,sonnet
5450,I_2,E2CONTROLGOV,N,sonnet
5450,I_2,E2CONTROLOTHER,N,sonnet
5450,I_2,E3COLLECTIVEBLAME,N,sonnet
7323,I_2,E1VIOLENCE,N,sonnet
7323,I_2,E1RADICAL,N,sonnet
7323,I_2,E2ALLEGATION,N,sonnet
7323,I_2,E2DEHUMANIZATION,N,sonnet
7323,I_2,E2DEMONIZE,N,sonnet
7323,I_2,E2STEREOTYPE,N,sonnet
7323,I_2,E2COLLECTIVEPOWER,N,sonnet
7323,I_2,E2CONSPIRACY,N,sonnet
7323,I_2,E2CONTROLMEDIA,N,sonnet
7323,I_2,E2CONTROLECONOMY,N,sonnet
7323,I_2,E2CONTROLGOV,N,sonnet
7323,I_2,E2CONTROLOTHER,N,sonnet
7323,I_2,E3COLLECTIVEBLAME,N,sonnet
44336,I_2,E1VIOLENCE,A,sonnet
44336,I_2,E1RADICAL,A,sonnet
44336,I_2,E2ALLEGATION,N,sonnet
44336,I_2,E2DEHUMANIZATION,N,sonnet
44336,I_2,E2DEMONIZE,N,sonnet
44336,I_2,E2STEREOTYPE,N,sonnet
44336,I_2,E2COLLECTIVEPOWER,N,sonnet
44336,I_2,E2CONSPIRACY,N,sonnet
44336,I_2,E2CONTROLMEDIA,N,sonnet
44336,I_2,E2CONTROLECONOMY,N,sonnet
44336,I_2,E2CONTROLGOV,N,sonnet
44336,I_2,E2CONTROLOTHER,N,sonnet
44336,I_2,E3COLLECTIVEBLAME,N,sonnet
658,I_2,E1VIOLENCE,N,sonnet
658,I_2,E1RADICAL,N,sonnet
658,I_2,E2ALLEGATION,N,sonnet
658,I_2,E2DEHUMANIZATION,N,sonnet
658,I_2,E2DEMONIZE,N,sonnet
658,I_2,E2STEREOTYPE,N,sonnet
658,I_2,E2COLLECTIVEPOWER,N,sonnet
658,I_2,E2CONSPIRACY,N,sonnet
658,I_2,E2CONTROLMEDIA,N,sonnet
658,I_2,E2CONTROLECONOMY,N,sonnet
658,I_2,E2CONTROLGOV,N,sonnet
658,I_2,E2CONTROLOTHER,N,sonnet
658,I_2,E3COLLECTIVEBLAME,N,sonnet
45219,I_2,E1VIOLENCE,N,sonnet
45219,I_2,E1RADICAL,N,sonnet
45219,I_2,E2ALLEGATION,N,sonnet
45219,I_2,E2DEHUMANIZATION,N,sonnet
45219,I_2,E2DEMONIZE,N,sonnet
45219,I_2,E2STEREOTYPE,N,sonnet
45219,I_2,E2COLLECTIVEPOWER,N,sonnet
45219,I_2,E2CONSPIRACY,N,sonnet
45219,I_2,E2CONTROLMEDIA,N,sonnet
45219,I_2,E2CONTROLECONOMY,N,sonnet
45219,I_2,E2CONTROLGOV,N,sonnet
45219,I_2,E2CONTROLOTHER,N,sonnet
45219,I_2,E3COLLECTIVEBLAME,N,sonnet
41440,I_2,E1VIOLENCE,N,sonnet
41440,I_2,E1RADICAL,N,sonnet
41440,I_2,E2ALLEGATION,I,sonnet
41440,I_2,E2DEHUMANIZATION,N,sonnet
41440,I_2,E2DEMONIZE,I,sonnet
41440,I_2,E2STEREOTYPE,N,sonnet
41440,I_2,E2COLLECTIVEPOWER,I,sonnet
41440,I_2,E2CONSPIRACY,I,sonnet
41440,I_2,E2CONTROLMEDIA,N,sonnet
41440,I_2,E2CONTROLECONOMY,N,sonnet
41440,I_2,E2CONTROLGOV,N,sonnet
41440,I_2,E2CONTROLOTHER,I,sonnet
41440,I_2,E3COLLECTIVEBLAME,N,sonnet
32313,I_2,E1VIOLENCE,N,sonnet
32313,I_2,E1RADICAL,N,sonnet
32313,I_2,E2ALLEGATION,N,sonnet
32313,I_2,E2DEHUMANIZATION,N,sonnet
32313,I_2,E2DEMONIZE,N,sonnet
32313,I_2,E2STEREOTYPE,N,sonnet
32313,I_2,E2COLLECTIVEPOWER,N,sonnet
32313,I_2,E2CONSPIRACY,N,sonnet
32313,I_2,E2CONTROLMEDIA,N,sonnet
32313,I_2,E2CONTROLECONOMY,N,sonnet
32313,I_2,E2CONTROLGOV,N,sonnet
32313,I_2,E2CONTROLOTHER,N,sonnet
32313,I_2,E3COLLECTIVEBLAME,N,sonnet
36621,I_2,E1VIOLENCE,N,sonnet
36621,I_2,E1RADICAL,N,sonnet
36621,I_2,E2ALLEGATION,N,sonnet
36621,I_2,E2DEHUMANIZATION,N,sonnet
36621,I_2,E2DEMONIZE,N,sonnet
36621,I_2,E2STEREOTYPE,N,sonnet
36621,I_2,E2COLLECTIVEPOWER,N,sonnet
36621,I_2,E2CONSPIRACY,I,sonnet
36621,I_2,E2CONTROLMEDIA,N,sonnet
36621,I_2,E2CONTROLECONOMY,N,sonnet
36621,I_2,E2CONTROLGOV,N,sonnet
36621,I_2,E2CONTROLOTHER,I,sonnet
36621,I_2,E3COLLECTIVEBLAME,N,sonnet
40998,I_2,E1VIOLENCE,N,sonnet
40998,I_2,E1RADICAL,N,sonnet
40998,I_2,E2ALLEGATION,N,sonnet
40998,I_2,E2DEHUMANIZATION,N,sonnet
40998,I_2,E2DEMONIZE,N,sonnet
40998,I_2,E2STEREOTYPE,N,sonnet
40998,I_2,E2COLLECTIVEPOWER,N,sonnet
40998,I_2,E2CONSPIRACY,N,sonnet
40998,I_2,E2CONTROLMEDIA,N,sonnet
40998,I_2,E2CONTROLECONOMY,N,sonnet
40998,I_2,E2CONTROLGOV,N,sonnet
40998,I_2,E2CONTROLOTHER,N,sonnet
40998,I_2,E3COLLECTIVEBLAME,N,sonnet
41952,I_2,E1VIOLENCE,N,sonnet
41952,I_2,E1RADICAL,N,sonnet
41952,I_2,E2ALLEGATION,N,sonnet
41952,I_2,E2DEHUMANIZATION,N,sonnet
41952,I_2,E2DEMONIZE,N,sonnet
41952,I_2,E2STEREOTYPE,N,sonnet
41952,I_2,E2COLLECTIVEPOWER,N,sonnet
41952,I_2,E2CONSPIRACY,N,sonnet
41952,I_2,E2CONTROLMEDIA,N,sonnet
41952,I_2,E2CONTROLECONOMY,N,sonnet
41952,I_2,E2CONTROLGOV,N,sonnet
41952,I_2,E2CONTROLOTHER,N,sonnet
41952,I_2,E3COLLECTIVEBLAME,N,sonnet
21029,I_2,E1VIOLENCE,N,sonnet
21029,I_2,E1RADICAL,N,sonnet
21029,I_2,E2ALLEGATION,A,sonnet
21029,I_2,E2DEHUMANIZATION,A,sonnet
21029,I_2,E2DEMONIZE,A,sonnet
21029,I_2,E2STEREOTYPE,N,sonnet
21029,I_2,E2COLLECTIVEPOWER,N,sonnet
21029,I_2,E2CONSPIRACY,N,sonnet
21029,I_2,E2CONTROLMEDIA,N,sonnet
21029,I_2,E2CONTROLECONOMY,N,sonnet
21029,I_2,E2CONTROLGOV,N,sonnet
21029,I_2,E2CONTROLOTHER,N,sonnet
21029,I_2,E3COLLECTIVEBLAME,N,sonnet
10766,I_2,E1VIOLENCE,N,sonnet
10766,I_2,E1RADICAL,N,sonnet
10766,I_2,E2ALLEGATION,N,sonnet
10766,I_2,E2DEHUMANIZATION,N,sonnet
10766,I_2,E2DEMONIZE,N,sonnet
10766,I_2,E2STEREOTYPE,N,sonnet
10766,I_2,E2COLLECTIVEPOWER,N,sonnet
10766,I_2,E2CONSPIRACY,N,sonnet
10766,I_2,E2CONTROLMEDIA,N,sonnet
10766,I_2,E2CONTROLECONOMY,N,sonnet
10766,I_2,E2CONTROLGOV,N,sonnet
10766,I_2,E2CONTROLOTHER,N,sonnet
10766,I_2,E3COLLECTIVEBLAME,N,sonnet
5795,I_2,E1VIOLENCE,N,sonnet
5795,I_2,E1RADICAL,N,sonnet
5795,I_2,E2ALLEGATION,N,sonnet
5795,I_2,E2DEHUMANIZATION,N,sonnet
5795,I_2,E2DEMONIZE,N,sonnet
5795,I_2,E2STEREOTYPE,N,sonnet
5795,I_2,E2COLLECTIVEPOWER,N,sonnet
5795,I_2,E2CONSPIRACY,N,sonnet
5795,I_2,E2CONTROLMEDIA,N,sonnet
5795,I_2,E2CONTROLECONOMY,N,sonnet
5795,I_2,E2CONTROLGOV,N,sonnet
5795,I_2,E2CONTROLOTHER,N,sonnet
5795,I_2,E3COLLECTIVEBLAME,N,sonnet
41172,I_2,E1VIOLENCE,N,sonnet
41172,I_2,E1RADICAL,N,sonnet
41172,I_2,E2ALLEGATION,E,sonnet
41172,I_2,E2DEHUMANIZATION,E,sonnet
41172,I_2,E2DEMONIZE,E,sonnet
41172,I_2,E2STEREOTYPE,E,sonnet
41172,I_2,E2COLLECTIVEPOWER,N,sonnet
41172,I_2,E2CONSPIRACY,N,sonnet
41172,I_2,E2CONTROLMEDIA,N,sonnet
41172,I_2,E2CONTROLECONOMY,N,sonnet
41172,I_2,E2CONTROLGOV,N,sonnet
41172,I_2,E2CONTROLOTHER,N,sonnet
41172,I_2,E3COLLECTIVEBLAME,N,sonnet
889,I_2,E1VIOLENCE,N,sonnet
889,I_2,E1RADICAL,N,sonnet
889,I_2,E2ALLEGATION,N,sonnet
889,I_2,E2DEHUMANIZATION,N,sonnet
889,I_2,E2DEMONIZE,N,sonnet
889,I_2,E2STEREOTYPE,N,sonnet
889,I_2,E2COLLECTIVEPOWER,N,sonnet
889,I_2,E2CONSPIRACY,N,sonnet
889,I_2,E2CONTROLMEDIA,N,sonnet
889,I_2,E2CONTROLECONOMY,N,sonnet
889,I_2,E2CONTROLGOV,N,sonnet
889,I_2,E2CONTROLOTHER,N,sonnet
889,I_2,E3COLLECTIVEBLAME,N,sonnet
1689,I_2,E1VIOLENCE,N,sonnet
1689,I_2,E1RADICAL,N,sonnet
1689,I_2,E2ALLEGATION,I,sonnet
1689,I_2,E2DEHUMANIZATION,I,sonnet
1689,I_2,E2DEMONIZE,I,sonnet
1689,I_2,E2STEREOTYPE,I,sonnet
1689,I_2,E2COLLECTIVEPOWER,N,sonnet
1689,I_2,E2CONSPIRACY,N,sonnet
1689,I_2,E2CONTROLMEDIA,N,sonnet
1689,I_2,E2CONTROLECONOMY,N,sonnet
1689,I_2,E2CONTROLGOV,N,sonnet
1689,I_2,E2CONTROLOTHER,N,sonnet
1689,I_2,E3COLLECTIVEBLAME,I,sonnet
45,I_2,E1VIOLENCE,N,sonnet
45,I_2,E1RADICAL,N,sonnet
45,I_2,E2ALLEGATION,N,sonnet
45,I_2,E2DEHUMANIZATION,N,sonnet
45,I_2,E2DEMONIZE,N,sonnet
45,I_2,E2STEREOTYPE,N,sonnet
45,I_2,E2COLLECTIVEPOWER,N,sonnet
45,I_2,E2CONSPIRACY,N,sonnet
45,I_2,E2CONTROLMEDIA,N,sonnet
45,I_2,E2CONTROLECONOMY,N,sonnet
45,I_2,E2CONTROLGOV,N,sonnet
45,I_2,E2CONTROLOTHER,N,sonnet
45,I_2,E3COLLECTIVEBLAME,N,sonnet
19655,I_2,E1VIOLENCE,N,sonnet
19655,I_2,E1RADICAL,N,sonnet
19655,I_2,E2ALLEGATION,E,sonnet
19655,I_2,E2DEHUMANIZATION,N,sonnet
19655,I_2,E2DEMONIZE,E,sonnet
19655,I_2,E2STEREOTYPE,E,sonnet
19655,I_2,E2COLLECTIVEPOWER,E,sonnet
19655,I_2,E2CONSPIRACY,E,sonnet
19655,I_2,E2CONTROLMEDIA,E,sonnet
19655,I_2,E2CONTROLECONOMY,N,sonnet
19655,I_2,E2CONTROLGOV,N,sonnet
19655,I_2,E2CONTROLOTHER,N,sonnet
19655,I_2,E3COLLECTIVEBLAME,N,sonnet
12019,I_2,E1VIOLENCE,N,sonnet
12019,I_2,E1RADICAL,N,sonnet
12019,I_2,E2ALLEGATION,N,sonnet
12019,I_2,E2DEHUMANIZATION,N,sonnet
12019,I_2,E2DEMONIZE,N,sonnet
12019,I_2,E2STEREOTYPE,N,sonnet
12019,I_2,E2COLLECTIVEPOWER,N,sonnet
12019,I_2,E2CONSPIRACY,N,sonnet
12019,I_2,E2CONTROLMEDIA,N,sonnet
12019,I_2,E2CONTROLECONOMY,N,sonnet
12019,I_2,E2CONTROLGOV,N,sonnet
12019,I_2,E2CONTROLOTHER,N,sonnet
12019,I_2,E3COLLECTIVEBLAME,N,sonnet
33290,I_2,E1VIOLENCE,N,sonnet
33290,I_2,E1RADICAL,N,sonnet
33290,I_2,E2ALLEGATION,N,sonnet
33290,I_2,E2DEHUMANIZATION,N,sonnet
33290,I_2,E2DEMONIZE,N,sonnet
33290,I_2,E2STEREOTYPE,N,sonnet
33290,I_2,E2COLLECTIVEPOWER,N,sonnet
33290,I_2,E2CONSPIRACY,N,sonnet
33290,I_2,E2CONTROLMEDIA,N,sonnet
33290,I_2,E2CONTROLECONOMY,N,sonnet
33290,I_2,E2CONTROLGOV,N,sonnet
33290,I_2,E2CONTROLOTHER,N,sonnet
33290,I_2,E3COLLECTIVEBLAME,N,sonnet
49166,I_2,E1VIOLENCE,N,sonnet
49166,I_2,E1RADICAL,N,sonnet
49166,I_2,E2ALLEGATION,N,sonnet
49166,I_2,E2DEHUMANIZATION,N,sonnet
49166,I_2,E2DEMONIZE,N,sonnet
49166,I_2,E2STEREOTYPE,N,sonnet
49166,I_2,E2COLLECTIVEPOWER,N,sonnet
49166,I_2,E2CONSPIRACY,N,sonnet
49166,I_2,E2CONTROLMEDIA,N,sonnet
49166,I_2,E2CONTROLECONOMY,N,sonnet
49166,I_2,E2CONTROLGOV,N,sonnet
49166,I_2,E2CONTROLOTHER,N,sonnet
49166,I_2,E3COLLECTIVEBLAME,N,sonnet
39224,I_2,E1VIOLENCE,N,sonnet
39224,I_2,E1RADICAL,N,sonnet
39224,I_2,E2ALLEGATION,N,sonnet
39224,I_2,E2DEHUMANIZATION,N,sonnet
39224,I_2,E2DEMONIZE,N,sonnet
39224,I_2,E2STEREOTYPE,N,sonnet
39224,I_2,E2COLLECTIVEPOWER,N,sonnet
39224,I_2,E2CONSPIRACY,N,sonnet
39224,I_2,E2CONTROLMEDIA,N,sonnet
39224,I_2,E2CONTROLECONOMY,N,sonnet
39224,I_2,E2CONTROLGOV,N,sonnet
39224,I_2,E2CONTROLOTHER,N,sonnet
39224,I_2,E3COLLECTIVEBLAME,N,sonnet
41999,I_2,E1VIOLENCE,N,sonnet
41999,I_2,E1RADICAL,N,sonnet
41999,I_2,E2ALLEGATION,I,sonnet
41999,I_2,E2DEHUMANIZATION,N,sonnet
41999,I_2,E2DEMONIZE,I,sonnet
41999,I_2,E2STEREOTYPE,N,sonnet
41999,I_2,E2COLLECTIVEPOWER,I,sonnet
41999,I_2,E2CONSPIRACY,I,sonnet
41999,I_2,E2CONTROLMEDIA,N,sonnet
41999,I_2,E2CONTROLECONOMY,N,sonnet
41999,I_2,E2CONTROLGOV,I,sonnet
41999,I_2,E2CONTROLOTHER,I,sonnet
41999,I_2,E3COLLECTIVEBLAME,I,sonnet
48434,I_2,E1VIOLENCE,N,sonnet
48434,I_2,E1RADICAL,N,sonnet
48434,I_2,E2ALLEGATION,N,sonnet
48434,I_2,E2DEHUMANIZATION,N,sonnet
48434,I_2,E2DEMONIZE,N,sonnet
48434,I_2,E2STEREOTYPE,N,sonnet
48434,I_2,E2COLLECTIVEPOWER,N,sonnet
48434,I_2,E2CONSPIRACY,N,sonnet
48434,I_2,E2CONTROLMEDIA,N,sonnet
48434,I_2,E2CONTROLECONOMY,N,sonnet
48434,I_2,E2CONTROLGOV,N,sonnet
48434,I_2,E2CONTROLOTHER,N,sonnet
48434,I_2,E3COLLECTIVEBLAME,N,sonnet
25110,I_2,E1VIOLENCE,N,sonnet
25110,I_2,E1RADICAL,N,sonnet
25110,I_2,E2ALLEGATION,N,sonnet
25110,I_2,E2DEHUMANIZATION,N,sonnet
25110,I_2,E2DEMONIZE,N,sonnet
25110,I_2,E2STEREOTYPE,N,sonnet
25110,I_2,E2COLLECTIVEPOWER,N,sonnet
25110,I_2,E2CONSPIRACY,N,sonnet
25110,I_2,E2CONTROLMEDIA,N,sonnet
25110,I_2,E2CONTROLECONOMY,N,sonnet
25110,I_2,E2CONTROLGOV,N,sonnet
25110,I_2,E2CONTROLOTHER,N,sonnet
25110,I_2,E3COLLECTIVEBLAME,N,sonnet
34184,I_2,E1VIOLENCE,N,sonnet
34184,I_2,E1RADICAL,N,sonnet
34184,I_2,E2ALLEGATION,N,sonnet
34184,I_2,E2DEHUMANIZATION,N,sonnet
34184,I_2,E2DEMONIZE,N,sonnet
34184,I_2,E2STEREOTYPE,N,sonnet
34184,I_2,E2COLLECTIVEPOWER,N,sonnet
34184,I_2,E2CONSPIRACY,N,sonnet
34184,I_2,E2CONTROLMEDIA,N,sonnet
34184,I_2,E2CONTROLECONOMY,N,sonnet
34184,I_2,E2CONTROLGOV,N,sonnet
34184,I_2,E2CONTROLOTHER,N,sonnet
34184,I_2,E3COLLECTIVEBLAME,N,sonnet
20622,I_2,E1VIOLENCE,N,sonnet
20622,I_2,E1RADICAL,N,sonnet
20622,I_2,E2ALLEGATION,I,sonnet
20622,I_2,E2DEHUMANIZATION,N,sonnet
20622,I_2,E2DEMONIZE,I,sonnet
20622,I_2,E2STEREOTYPE,I,sonnet
20622,I_2,E2COLLECTIVEPOWER,I,sonnet
20622,I_2,E2CONSPIRACY,I,sonnet
20622,I_2,E2CONTROLMEDIA,N,sonnet
20622,I_2,E2CONTROLECONOMY,I,sonnet
20622,I_2,E2CONTROLGOV,N,sonnet
20622,I_2,E2CONTROLOTHER,I,sonnet
20622,I_2,E3COLLECTIVEBLAME,I,sonnet
24519,I_2,E1VIOLENCE,N,sonnet
24519,I_2,E1RADICAL,N,sonnet
24519,I_2,E2ALLEGATION,N,sonnet
24519,I_2,E2DEHUMANIZATION,N,sonnet
24519,I_2,E2DEMONIZE,N,sonnet
24519,I_2,E2STEREOTYPE,N,sonnet
24519,I_2,E2COLLECTIVEPOWER,N,sonnet
24519,I_2,E2CONSPIRACY,N,sonnet
24519,I_2,E2CONTROLMEDIA,N,sonnet
24519,I_2,E2CONTROLECONOMY,N,sonnet
24519,I_2,E2CONTROLGOV,N,sonnet
24519,I_2,E2CONTROLOTHER,N,sonnet
24519,I_2,E3COLLECTIVEBLAME,N,sonnet
17968,I_2,E1VIOLENCE,N,sonnet
17968,I_2,E1RADICAL,N,sonnet
17968,I_2,E2ALLEGATION,N,sonnet
17968,I_2,E2DEHUMANIZATION,N,sonnet
17968,I_2,E2DEMONIZE,N,sonnet
17968,I_2,E2STEREOTYPE,N,sonnet
17968,I_2,E2COLLECTIVEPOWER,N,sonnet
17968,I_2,E2CONSPIRACY,N,sonnet
17968,I_2,E2CONTROLMEDIA,N,sonnet
17968,I_2,E2CONTROLECONOMY,N,sonnet
17968,I_2,E2CONTROLGOV,N,sonnet
17968,I_2,E2CONTROLOTHER,N,sonnet
17968,I_2,E3COLLECTIVEBLAME,I,sonnet
29130,I_2,E1VIOLENCE,N,sonnet
29130,I_2,E1RADICAL,N,sonnet
29130,I_2,E2ALLEGATION,N,sonnet
29130,I_2,E2DEHUMANIZATION,N,sonnet
29130,I_2,E2DEMONIZE,N,sonnet
29130,I_2,E2STEREOTYPE,N,sonnet
29130,I_2,E2COLLECTIVEPOWER,N,sonnet
29130,I_2,E2CONSPIRACY,N,sonnet
29130,I_2,E2CONTROLMEDIA,N,sonnet
29130,I_2,E2CONTROLECONOMY,N,sonnet
29130,I_2,E2CONTROLGOV,N,sonnet
29130,I_2,E2CONTROLOTHER,N,sonnet
29130,I_2,E3COLLECTIVEBLAME,N,sonnet
23489,I_2,E1VIOLENCE,N,sonnet
23489,I_2,E1RADICAL,N,sonnet
23489,I_2,E2ALLEGATION,N,sonnet
23489,I_2,E2DEHUMANIZATION,N,sonnet
23489,I_2,E2DEMONIZE,N,sonnet
23489,I_2,E2STEREOTYPE,N,sonnet
23489,I_2,E2COLLECTIVEPOWER,N,sonnet
23489,I_2,E2CONSPIRACY,N,sonnet
23489,I_2,E2CONTROLMEDIA,N,sonnet
23489,I_2,E2CONTROLECONOMY,N,sonnet
23489,I_2,E2CONTROLGOV,N,sonnet
23489,I_2,E2CONTROLOTHER,N,sonnet
23489,I_2,E3COLLECTIVEBLAME,N,sonnet
32559,I_2,E1VIOLENCE,N,sonnet
32559,I_2,E1RADICAL,N,sonnet
32559,I_2,E2ALLEGATION,N,sonnet
32559,I_2,E2DEHUMANIZATION,N,sonnet
32559,I_2,E2DEMONIZE,N,sonnet
32559,I_2,E2STEREOTYPE,N,sonnet
32559,I_2,E2COLLECTIVEPOWER,N,sonnet
32559,I_2,E2CONSPIRACY,N,sonnet
32559,I_2,E2CONTROLMEDIA,N,sonnet
32559,I_2,E2CONTROLECONOMY,N,sonnet
32559,I_2,E2CONTROLGOV,N,sonnet
32559,I_2,E2CONTROLOTHER,N,sonnet
32559,I_2,E3COLLECTIVEBLAME,N,sonnet
42267,I_2,E1VIOLENCE,N,sonnet
42267,I_2,E1RADICAL,N,sonnet
42267,I_2,E2ALLEGATION,N,sonnet
42267,I_2,E2DEHUMANIZATION,E,sonnet
42267,I_2,E2DEMONIZE,E,sonnet
42267,I_2,E2STEREOTYPE,N,sonnet
42267,I_2,E2COLLECTIVEPOWER,N,sonnet
42267,I_2,E2CONSPIRACY,N,sonnet
42267,I_2,E2CONTROLMEDIA,N,sonnet
42267,I_2,E2CONTROLECONOMY,N,sonnet
42267,I_2,E2CONTROLGOV,N,sonnet
42267,I_2,E2CONTROLOTHER,N,sonnet
42267,I_2,E3COLLECTIVEBLAME,N,sonnet
24740,I_2,E1VIOLENCE,N,sonnet
24740,I_2,E1RADICAL,N,sonnet
24740,I_2,E2ALLEGATION,I,sonnet
24740,I_2,E2DEHUMANIZATION,N,sonnet
24740,I_2,E2DEMONIZE,I,sonnet
24740,I_2,E2STEREOTYPE,I,sonnet
24740,I_2,E2COLLECTIVEPOWER,I,sonnet
24740,I_2,E2CONSPIRACY,N,sonnet
24740,I_2,E2CONTROLMEDIA,N,sonnet
24740,I_2,E2CONTROLECONOMY,N,sonnet
24740,I_2,E2CONTROLGOV,N,sonnet
24740,I_2,E2CONTROLOTHER,N,sonnet
24740,I_2,E3COLLECTIVEBLAME,N,sonnet
11487,I_2,E1VIOLENCE,A,sonnet
11487,I_2,E1RADICAL,A,sonnet
11487,I_2,E2ALLEGATION,N,sonnet
11487,I_2,E2DEHUMANIZATION,N,sonnet
11487,I_2,E2DEMONIZE,N,sonnet
11487,I_2,E2STEREOTYPE,N,sonnet
11487,I_2,E2COLLECTIVEPOWER,N,sonnet
11487,I_2,E2CONSPIRACY,N,sonnet
11487,I_2,E2CONTROLMEDIA,N,sonnet
11487,I_2,E2CONTROLECONOMY,N,sonnet
11487,I_2,E2CONTROLGOV,N,sonnet
11487,I_2,E2CONTROLOTHER,N,sonnet
11487,I_2,E3COLLECTIVEBLAME,N,sonnet
47016,I_2,E1VIOLENCE,I,sonnet
47016,I_2,E1RADICAL,N,sonnet
47016,I_2,E2ALLEGATION,N,sonnet
47016,I_2,E2DEHUMANIZATION,I,sonnet
47016,I_2,E2DEMONIZE,N,sonnet
47016,I_2,E2STEREOTYPE,N,sonnet
47016,I_2,E2COLLECTIVEPOWER,N,sonnet
47016,I_2,E2CONSPIRACY,N,sonnet
47016,I_2,E2CONTROLMEDIA,N,sonnet
47016,I_2,E2CONTROLECONOMY,N,sonnet
47016,I_2,E2CONTROLGOV,N,sonnet
47016,I_2,E2CONTROLOTHER,N,sonnet
47016,I_2,E3COLLECTIVEBLAME,N,sonnet
5841,I_2,E1VIOLENCE,N,sonnet
5841,I_2,E1RADICAL,N,sonnet
5841,I_2,E2ALLEGATION,N,sonnet
5841,I_2,E2DEHUMANIZATION,N,sonnet
5841,I_2,E2DEMONIZE,N,sonnet
5841,I_2,E2STEREOTYPE,N,sonnet
5841,I_2,E2COLLECTIVEPOWER,N,sonnet
5841,I_2,E2CONSPIRACY,N,sonnet
5841,I_2,E2CONTROLMEDIA,N,sonnet
5841,I_2,E2CONTROLECONOMY,N,sonnet
5841,I_2,E2CONTROLGOV,N,sonnet
5841,I_2,E2CONTROLOTHER,N,sonnet
5841,I_2,E3COLLECTIVEBLAME,N,sonnet
19246,I_2,E1VIOLENCE,A,sonnet
19246,I_2,E1RADICAL,A,sonnet
19246,I_2,E2ALLEGATION,N,sonnet
19246,I_2,E2DEHUMANIZATION,N,sonnet
19246,I_2,E2DEMONIZE,N,sonnet
19246,I_2,E2STEREOTYPE,N,sonnet
19246,I_2,E2COLLECTIVEPOWER,N,sonnet
19246,I_2,E2CONSPIRACY,N,sonnet
19246,I_2,E2CONTROLMEDIA,N,sonnet
19246,I_2,E2CONTROLECONOMY,N,sonnet
19246,I_2,E2CONTROLGOV,N,sonnet
19246,I_2,E2CONTROLOTHER,N,sonnet
19246,I_2,E3COLLECTIVEBLAME,N,sonnet
16658,I_2,E1VIOLENCE,N,sonnet
16658,I_2,E1RADICAL,N,sonnet
16658,I_2,E2ALLEGATION,N,sonnet
16658,I_2,E2DEHUMANIZATION,N,sonnet
16658,I_2,E2DEMONIZE,N,sonnet
16658,I_2,E2STEREOTYPE,N,sonnet
16658,I_2,E2COLLECTIVEPOWER,N,sonnet
16658,I_2,E2CONSPIRACY,N,sonnet
16658,I_2,E2CONTROLMEDIA,N,sonnet
16658,I_2,E2CONTROLECONOMY,N,sonnet
16658,I_2,E2CONTROLGOV,N,sonnet
16658,I_2,E2CONTROLOTHER,N,sonnet
16658,I_2,E3COLLECTIVEBLAME,N,sonnet
2161,I_2,E1VIOLENCE,N,sonnet
2161,I_2,E1RADICAL,N,sonnet
2161,I_2,E2ALLEGATION,N,sonnet
2161,I_2,E2DEHUMANIZATION,N,sonnet
2161,I_2,E2DEMONIZE,N,sonnet
2161,I_2,E2STEREOTYPE,N,sonnet
2161,I_2,E2COLLECTIVEPOWER,N,sonnet
2161,I_2,E2CONSPIRACY,N,sonnet
2161,I_2,E2CONTROLMEDIA,N,sonnet
2161,I_2,E2CONTROLECONOMY,N,sonnet
2161,I_2,E2CONTROLGOV,N,sonnet
2161,I_2,E2CONTROLOTHER,N,sonnet
2161,I_2,E3COLLECTIVEBLAME,N,sonnet
20830,I_2,E1VIOLENCE,N,sonnet
20830,I_2,E1RADICAL,N,sonnet
20830,I_2,E2ALLEGATION,N,sonnet
20830,I_2,E2DEHUMANIZATION,N,sonnet
20830,I_2,E2DEMONIZE,N,sonnet
20830,I_2,E2STEREOTYPE,N,sonnet
20830,I_2,E2COLLECTIVEPOWER,N,sonnet
20830,I_2,E2CONSPIRACY,N,sonnet
20830,I_2,E2CONTROLMEDIA,N,sonnet
20830,I_2,E2CONTROLECONOMY,N,sonnet
20830,I_2,E2CONTROLGOV,N,sonnet
20830,I_2,E2CONTROLOTHER,N,sonnet
20830,I_2,E3COLLECTIVEBLAME,N,sonnet
21592,I_2,E1VIOLENCE,N,sonnet
21592,I_2,E1RADICAL,N,sonnet
21592,I_2,E2ALLEGATION,N,sonnet
21592,I_2,E2DEHUMANIZATION,I,sonnet
21592,I_2,E2DEMONIZE,N,sonnet
21592,I_2,E2STEREOTYPE,N,sonnet
21592,I_2,E2COLLECTIVEPOWER,N,sonnet
21592,I_2,E2CONSPIRACY,N,sonnet
21592,I_2,E2CONTROLMEDIA,N,sonnet
21592,I_2,E2CONTROLECONOMY,N,sonnet
21592,I_2,E2CONTROLGOV,N,sonnet
21592,I_2,E2CONTROLOTHER,N,sonnet
21592,I_2,E3COLLECTIVEBLAME,N,sonnet
48597,I_2,E1VIOLENCE,N,sonnet
48597,I_2,E1RADICAL,N,sonnet
48597,I_2,E2ALLEGATION,N,sonnet
48597,I_2,E2DEHUMANIZATION,N,sonnet
48597,I_2,E2DEMONIZE,N,sonnet
48597,I_2,E2STEREOTYPE,N,sonnet
48597,I_2,E2COLLECTIVEPOWER,N,sonnet
48597,I_2,E2CONSPIRACY,N,sonnet
48597,I_2,E2CONTROLMEDIA,N,sonnet
48597,I_2,E2CONTROLECONOMY,N,sonnet
48597,I_2,E2CONTROLGOV,N,sonnet
48597,I_2,E2CONTROLOTHER,N,sonnet
48597,I_2,E3COLLECTIVEBLAME,N,sonnet
242,I_2,E1VIOLENCE,N,sonnet
242,I_2,E1RADICAL,N,sonnet
242,I_2,E2ALLEGATION,N,sonnet
242,I_2,E2DEHUMANIZATION,N,sonnet
242,I_2,E2DEMONIZE,N,sonnet
242,I_2,E2STEREOTYPE,N,sonnet
242,I_2,E2COLLECTIVEPOWER,N,sonnet
242,I_2,E2CONSPIRACY,N,sonnet
242,I_2,E2CONTROLMEDIA,N,sonnet
242,I_2,E2CONTROLECONOMY,N,sonnet
242,I_2,E2CONTROLGOV,N,sonnet
242,I_2,E2CONTROLOTHER,N,sonnet
242,I_2,E3COLLECTIVEBLAME,N,sonnet
46031,I_2,E1VIOLENCE,E,sonnet
46031,I_2,E1RADICAL,I,sonnet
46031,I_2,E2ALLEGATION,I,sonnet
46031,I_2,E2DEHUMANIZATION,N,sonnet
46031,I_2,E2DEMONIZE,E,sonnet
46031,I_2,E2STEREOTYPE,N,sonnet
46031,I_2,E2COLLECTIVEPOWER,N,sonnet
46031,I_2,E2CONSPIRACY,N,sonnet
46031,I_2,E2CONTROLMEDIA,N,sonnet
46031,I_2,E2CONTROLECONOMY,N,sonnet
46031,I_2,E2CONTROLGOV,N,sonnet
46031,I_2,E2CONTROLOTHER,N,sonnet
46031,I_2,E3COLLECTIVEBLAME,I,sonnet
20867,I_2,E1VIOLENCE,N,sonnet
20867,I_2,E1RADICAL,N,sonnet
20867,I_2,E2ALLEGATION,N,sonnet
20867,I_2,E2DEHUMANIZATION,N,sonnet
20867,I_2,E2DEMONIZE,N,sonnet
20867,I_2,E2STEREOTYPE,N,sonnet
20867,I_2,E2COLLECTIVEPOWER,N,sonnet
20867,I_2,E2CONSPIRACY,N,sonnet
20867,I_2,E2CONTROLMEDIA,N,sonnet
20867,I_2,E2CONTROLECONOMY,N,sonnet
20867,I_2,E2CONTROLGOV,N,sonnet
20867,I_2,E2CONTROLOTHER,N,sonnet
20867,I_2,E3COLLECTIVEBLAME,N,sonnet
6951,I_2,E1VIOLENCE,N,sonnet
6951,I_2,E1RADICAL,N,sonnet
6951,I_2,E2ALLEGATION,N,sonnet
6951,I_2,E2DEHUMANIZATION,N,sonnet
6951,I_2,E2DEMONIZE,N,sonnet
6951,I_2,E2STEREOTYPE,N,sonnet
6951,I_2,E2COLLECTIVEPOWER,N,sonnet
6951,I_2,E2CONSPIRACY,N,sonnet
6951,I_2,E2CONTROLMEDIA,N,sonnet
6951,I_2,E2CONTROLECONOMY,N,sonnet
6951,I_2,E2CONTROLGOV,N,sonnet
6951,I_2,E2CONTROLOTHER,N,sonnet
6951,I_2,E3COLLECTIVEBLAME,N,sonnet
5260,I_2,E1VIOLENCE,N,sonnet
5260,I_2,E1RADICAL,N,sonnet
5260,I_2,E2ALLEGATION,N,sonnet
5260,I_2,E2DEHUMANIZATION,N,sonnet
5260,I_2,E2DEMONIZE,N,sonnet
5260,I_2,E2STEREOTYPE,N,sonnet
5260,I_2,E2COLLECTIVEPOWER,N,sonnet
5260,I_2,E2CONSPIRACY,N,sonnet
5260,I_2,E2CONTROLMEDIA,N,sonnet
5260,I_2,E2CONTROLECONOMY,N,sonnet
5260,I_2,E2CONTROLGOV,N,sonnet
5260,I_2,E2CONTROLOTHER,N,sonnet
5260,I_2,E3COLLECTIVEBLAME,N,sonnet
8261,I_2,E1VIOLENCE,N,sonnet
8261,I_2,E1RADICAL,N,sonnet
8261,I_2,E2ALLEGATION,N,sonnet
8261,I_2,E2DEHUMANIZATION,N,sonnet
8261,I_2,E2DEMONIZE,N,sonnet
8261,I_2,E2STEREOTYPE,N,sonnet
8261,I_2,E2COLLECTIVEPOWER,N,sonnet
8261,I_2,E2CONSPIRACY,N,sonnet
8261,I_2,E2CONTROLMEDIA,N,sonnet
8261,I_2,E2CONTROLECONOMY,N,sonnet
8261,I_2,E2CONTROLGOV,N,sonnet
8261,I_2,E2CONTROLOTHER,N,sonnet
8261,I_2,E3COLLECTIVEBLAME,N,sonnet
31722,I_2,E1VIOLENCE,N,sonnet
31722,I_2,E1RADICAL,N,sonnet
31722,I_2,E2ALLEGATION,N,sonnet
31722,I_2,E2DEHUMANIZATION,N,sonnet
31722,I_2,E2DEMONIZE,N,sonnet
31722,I_2,E2STEREOTYPE,N,sonnet
31722,I_2,E2COLLECTIVEPOWER,N,sonnet
31722,I_2,E2CONSPIRACY,N,sonnet
31722,I_2,E2CONTROLMEDIA,N,sonnet
31722,I_2,E2CONTROLECONOMY,N,sonnet
31722,I_2,E2CONTROLGOV,N,sonnet
31722,I_2,E2CONTROLOTHER,N,sonnet
31722,I_2,E3COLLECTIVEBLAME,N,sonnet
19167,I_2,E1VIOLENCE,E,sonnet
19167,I_2,E1RADICAL,N,sonnet
19167,I_2,E2ALLEGATION,E,sonnet
19167,I_2,E2DEHUMANIZATION,E,sonnet
19167,I_2,E2DEMONIZE,E,sonnet
19167,I_2,E2STEREOTYPE,E,sonnet
19167,I_2,E2COLLECTIVEPOWER,N,sonnet
19167,I_2,E2CONSPIRACY,N,sonnet
19167,I_2,E2CONTROLMEDIA,E,sonnet
19167,I_2,E2CONTROLECONOMY,N,sonnet
19167,I_2,E2CONTROLGOV,N,sonnet
19167,I_2,E2CONTROLOTHER,N,sonnet
19167,I_2,E3COLLECTIVEBLAME,N,sonnet
5798,I_2,E1VIOLENCE,N,sonnet
5798,I_2,E1RADICAL,N,sonnet
5798,I_2,E2ALLEGATION,N,sonnet
5798,I_2,E2DEHUMANIZATION,N,sonnet
5798,I_2,E2DEMONIZE,N,sonnet
5798,I_2,E2STEREOTYPE,N,sonnet
5798,I_2,E2COLLECTIVEPOWER,N,sonnet
5798,I_2,E2CONSPIRACY,N,sonnet
5798,I_2,E2CONTROLMEDIA,N,sonnet
5798,I_2,E2CONTROLECONOMY,N,sonnet
5798,I_2,E2CONTROLGOV,N,sonnet
5798,I_2,E2CONTROLOTHER,N,sonnet
5798,I_2,E3COLLECTIVEBLAME,N,sonnet
2512,I_2,E1VIOLENCE,N,sonnet
2512,I_2,E1RADICAL,N,sonnet
2512,I_2,E2ALLEGATION,N,sonnet
2512,I_2,E2DEHUMANIZATION,N,sonnet
2512,I_2,E2DEMONIZE,N,sonnet
2512,I_2,E2STEREOTYPE,N,sonnet
2512,I_2,E2COLLECTIVEPOWER,N,sonnet
2512,I_2,E2CONSPIRACY,N,sonnet
2512,I_2,E2CONTROLMEDIA,N,sonnet
2512,I_2,E2CONTROLECONOMY,N,sonnet
2512,I_2,E2CONTROLGOV,N,sonnet
2512,I_2,E2CONTROLOTHER,N,sonnet
2512,I_2,E3COLLECTIVEBLAME,N,sonnet
269,I_2,E1VIOLENCE,N,sonnet
269,I_2,E1RADICAL,N,sonnet
269,I_2,E2ALLEGATION,N,sonnet
269,I_2,E2DEHUMANIZATION,N,sonnet
269,I_2,E2DEMONIZE,N,sonnet
269,I_2,E2STEREOTYPE,N,sonnet
269,I_2,E2COLLECTIVEPOWER,N,sonnet
269,I_2,E2CONSPIRACY,N,sonnet
269,I_2,E2CONTROLMEDIA,N,sonnet
269,I_2,E2CONTROLECONOMY,N,sonnet
269,I_2,E2CONTROLGOV,N,sonnet
269,I_2,E2CONTROLOTHER,N,sonnet
269,I_2,E3COLLECTIVEBLAME,N,sonnet
23795,I_2,E1VIOLENCE,N,sonnet
23795,I_2,E1RADICAL,N,sonnet
23795,I_2,E2ALLEGATION,N,sonnet
23795,I_2,E2DEHUMANIZATION,N,sonnet
23795,I_2,E2DEMONIZE,N,sonnet
23795,I_2,E2STEREOTYPE,N,sonnet
23795,I_2,E2COLLECTIVEPOWER,N,sonnet
23795,I_2,E2CONSPIRACY,N,sonnet
23795,I_2,E2CONTROLMEDIA,N,sonnet
23795,I_2,E2CONTROLECONOMY,N,sonnet
23795,I_2,E2CONTROLGOV,N,sonnet
23795,I_2,E2CONTROLOTHER,N,sonnet
23795,I_2,E3COLLECTIVEBLAME,N,sonnet
40184,I_2,E1VIOLENCE,N,sonnet
40184,I_2,E1RADICAL,N,sonnet
40184,I_2,E2ALLEGATION,A,sonnet
40184,I_2,E2DEHUMANIZATION,N,sonnet
40184,I_2,E2DEMONIZE,A,sonnet
40184,I_2,E2STEREOTYPE,N,sonnet
40184,I_2,E2COLLECTIVEPOWER,N,sonnet
40184,I_2,E2CONSPIRACY,N,sonnet
40184,I_2,E2CONTROLMEDIA,N,sonnet
40184,I_2,E2CONTROLECONOMY,N,sonnet
40184,I_2,E2CONTROLGOV,N,sonnet
40184,I_2,E2CONTROLOTHER,N,sonnet
40184,I_2,E3COLLECTIVEBLAME,N,sonnet
11354,I_2,E1VIOLENCE,N,sonnet
11354,I_2,E1RADICAL,N,sonnet
11354,I_2,E2ALLEGATION,I,sonnet
11354,I_2,E2DEHUMANIZATION,N,sonnet
11354,I_2,E2DEMONIZE,I,sonnet
11354,I_2,E2STEREOTYPE,I,sonnet
11354,I_2,E2COLLECTIVEPOWER,N,sonnet
11354,I_2,E2CONSPIRACY,N,sonnet
11354,I_2,E2CONTROLMEDIA,N,sonnet
11354,I_2,E2CONTROLECONOMY,N,sonnet
11354,I_2,E2CONTROLGOV,N,sonnet
11354,I_2,E2CONTROLOTHER,N,sonnet
11354,I_2,E3COLLECTIVEBLAME,N,sonnet
21958,I_2,E1VIOLENCE,I,sonnet
21958,I_2,E1RADICAL,I,sonnet
21958,I_2,E2ALLEGATION,N,sonnet
21958,I_2,E2DEHUMANIZATION,N,sonnet
21958,I_2,E2DEMONIZE,N,sonnet
21958,I_2,E2STEREOTYPE,N,sonnet
21958,I_2,E2COLLECTIVEPOWER,N,sonnet
21958,I_2,E2CONSPIRACY,N,sonnet
21958,I_2,E2CONTROLMEDIA,N,sonnet
21958,I_2,E2CONTROLECONOMY,N,sonnet
21958,I_2,E2CONTROLGOV,N,sonnet
21958,I_2,E2CONTROLOTHER,N,sonnet
21958,I_2,E3COLLECTIVEBLAME,N,sonnet
23977,I_2,E1VIOLENCE,N,sonnet
23977,I_2,E1RADICAL,N,sonnet
23977,I_2,E2ALLEGATION,N,sonnet
23977,I_2,E2DEHUMANIZATION,N,sonnet
23977,I_2,E2DEMONIZE,N,sonnet
23977,I_2,E2STEREOTYPE,N,sonnet
23977,I_2,E2COLLECTIVEPOWER,N,sonnet
23977,I_2,E2CONSPIRACY,N,sonnet
23977,I_2,E2CONTROLMEDIA,N,sonnet
23977,I_2,E2CONTROLECONOMY,N,sonnet
23977,I_2,E2CONTROLGOV,N,sonnet
23977,I_2,E2CONTROLOTHER,N,sonnet
23977,I_2,E3COLLECTIVEBLAME,N,sonnet
47762,I_2,E1VIOLENCE,N,sonnet
47762,I_2,E1RADICAL,N,sonnet
47762,I_2,E2ALLEGATION,N,sonnet
47762,I_2,E2DEHUMANIZATION,N,sonnet
47762,I_2,E2DEMONIZE,N,sonnet
47762,I_2,E2STEREOTYPE,N,sonnet
47762,I_2,E2COLLECTIVEPOWER,N,sonnet
47762,I_2,E2CONSPIRACY,N,sonnet
47762,I_2,E2CONTROLMEDIA,N,sonnet
47762,I_2,E2CONTROLECONOMY,N,sonnet
47762,I_2,E2CONTROLGOV,N,sonnet
47762,I_2,E2CONTROLOTHER,N,sonnet
47762,I_2,E3COLLECTIVEBLAME,N,sonnet
7643,I_2,E1VIOLENCE,N,sonnet
7643,I_2,E1RADICAL,N,sonnet
7643,I_2,E2ALLEGATION,N,sonnet
7643,I_2,E2DEHUMANIZATION,N,sonnet
7643,I_2,E2DEMONIZE,N,sonnet
7643,I_2,E2STEREOTYPE,N,sonnet
7643,I_2,E2COLLECTIVEPOWER,N,sonnet
7643,I_2,E2CONSPIRACY,N,sonnet
7643,I_2,E2CONTROLMEDIA,N,sonnet
7643,I_2,E2CONTROLECONOMY,N,sonnet
7643,I_2,E2CONTROLGOV,N,sonnet
7643,I_2,E2CONTROLOTHER,N,sonnet
7643,I_2,E3COLLECTIVEBLAME,N,sonnet
31062,I_2,E1VIOLENCE,N,sonnet
31062,I_2,E1RADICAL,N,sonnet
31062,I_2,E2ALLEGATION,N,sonnet
31062,I_2,E2DEHUMANIZATION,N,sonnet
31062,I_2,E2DEMONIZE,N,sonnet
31062,I_2,E2STEREOTYPE,N,sonnet
31062,I_2,E2COLLECTIVEPOWER,N,sonnet
31062,I_2,E2CONSPIRACY,N,sonnet
31062,I_2,E2CONTROLMEDIA,N,sonnet
31062,I_2,E2CONTROLECONOMY,N,sonnet
31062,I_2,E2CONTROLGOV,N,sonnet
31062,I_2,E2CONTROLOTHER,N,sonnet
31062,I_2,E3COLLECTIVEBLAME,N,sonnet
43993,I_2,E1VIOLENCE,N,sonnet
43993,I_2,E1RADICAL,N,sonnet
43993,I_2,E2ALLEGATION,N,sonnet
43993,I_2,E2DEHUMANIZATION,N,sonnet
43993,I_2,E2DEMONIZE,N,sonnet
43993,I_2,E2STEREOTYPE,N,sonnet
43993,I_2,E2COLLECTIVEPOWER,N,sonnet
43993,I_2,E2CONSPIRACY,N,sonnet
43993,I_2,E2CONTROLMEDIA,N,sonnet
43993,I_2,E2CONTROLECONOMY,N,sonnet
43993,I_2,E2CONTROLGOV,N,sonnet
43993,I_2,E2CONTROLOTHER,N,sonnet
43993,I_2,E3COLLECTIVEBLAME,N,sonnet
15387,I_2,E1VIOLENCE,N,sonnet
15387,I_2,E1RADICAL,N,sonnet
15387,I_2,E2ALLEGATION,N,sonnet
15387,I_2,E2DEHUMANIZATION,N,sonnet
15387,I_2,E2DEMONIZE,N,sonnet
15387,I_2,E2STEREOTYPE,N,sonnet
15387,I_2,E2COLLECTIVEPOWER,N,sonnet
15387,I_2,E2CONSPIRACY,N,sonnet
15387,I_2,E2CONTROLMEDIA,N,sonnet
15387,I_2,E2CONTROLECONOMY,N,sonnet
15387,I_2,E2CONTROLGOV,N,sonnet
15387,I_2,E2CONTROLOTHER,N,sonnet
15387,I_2,E3COLLECTIVEBLAME,N,sonnet
11234,I_2,E1VIOLENCE,N,sonnet
11234,I_2,E1RADICAL,N,sonnet
11234,I_2,E2ALLEGATION,N,sonnet
11234,I_2,E2DEHUMANIZATION,N,sonnet
11234,I_2,E2DEMONIZE,N,sonnet
11234,I_2,E2STEREOTYPE,N,sonnet
11234,I_2,E2COLLECTIVEPOWER,N,sonnet
11234,I_2,E2CONSPIRACY,N,sonnet
11234,I_2,E2CONTROLMEDIA,N,sonnet
11234,I_2,E2CONTROLECONOMY,N,sonnet
11234,I_2,E2CONTROLGOV,N,sonnet
11234,I_2,E2CONTROLOTHER,N,sonnet
11234,I_2,E3COLLECTIVEBLAME,N,sonnet
8130,I_2,E1VIOLENCE,N,sonnet
8130,I_2,E1RADICAL,N,sonnet
8130,I_2,E2ALLEGATION,E,sonnet
8130,I_2,E2DEHUMANIZATION,N,sonnet
8130,I_2,E2DEMONIZE,E,sonnet
8130,I_2,E2STEREOTYPE,N,sonnet
8130,I_2,E2COLLECTIVEPOWER,E,sonnet
8130,I_2,E2CONSPIRACY,E,sonnet
8130,I_2,E2CONTROLMEDIA,N,sonnet
8130,I_2,E2CONTROLECONOMY,N,sonnet
8130,I_2,E2CONTROLGOV,N,sonnet
8130,I_2,E2CONTROLOTHER,E,sonnet
8130,I_2,E3COLLECTIVEBLAME,E,sonnet
32249,I_2,E1VIOLENCE,N,sonnet
32249,I_2,E1RADICAL,N,sonnet
32249,I_2,E2ALLEGATION,N,sonnet
32249,I_2,E2DEHUMANIZATION,N,sonnet
32249,I_2,E2DEMONIZE,N,sonnet
32249,I_2,E2STEREOTYPE,N,sonnet
32249,I_2,E2COLLECTIVEPOWER,N,sonnet
32249,I_2,E2CONSPIRACY,N,sonnet
32249,I_2,E2CONTROLMEDIA,N,sonnet
32249,I_2,E2CONTROLECONOMY,N,sonnet
32249,I_2,E2CONTROLGOV,N,sonnet
32249,I_2,E2CONTROLOTHER,N,sonnet
32249,I_2,E3COLLECTIVEBLAME,N,sonnet
596,I_2,E1VIOLENCE,N,sonnet
596,I_2,E1RADICAL,N,sonnet
596,I_2,E2ALLEGATION,N,sonnet
596,I_2,E2DEHUMANIZATION,N,sonnet
596,I_2,E2DEMONIZE,N,sonnet
596,I_2,E2STEREOTYPE,N,sonnet
596,I_2,E2COLLECTIVEPOWER,N,sonnet
596,I_2,E2CONSPIRACY,N,sonnet
596,I_2,E2CONTROLMEDIA,N,sonnet
596,I_2,E2CONTROLECONOMY,N,sonnet
596,I_2,E2CONTROLGOV,N,sonnet
596,I_2,E2CONTROLOTHER,N,sonnet
596,I_2,E3COLLECTIVEBLAME,N,sonnet
9141,I_2,E1VIOLENCE,A,sonnet
9141,I_2,E1RADICAL,A,sonnet
9141,I_2,E2ALLEGATION,N,sonnet
9141,I_2,E2DEHUMANIZATION,N,sonnet
9141,I_2,E2DEMONIZE,N,sonnet
9141,I_2,E2STEREOTYPE,N,sonnet
9141,I_2,E2COLLECTIVEPOWER,N,sonnet
9141,I_2,E2CONSPIRACY,N,sonnet
9141,I_2,E2CONTROLMEDIA,N,sonnet
9141,I_2,E2CONTROLECONOMY,N,sonnet
9141,I_2,E2CONTROLGOV,N,sonnet
9141,I_2,E2CONTROLOTHER,N,sonnet
9141,I_2,E3COLLECTIVEBLAME,N,sonnet
6058,I_2,E1VIOLENCE,N,sonnet
6058,I_2,E1RADICAL,N,sonnet
6058,I_2,E2ALLEGATION,A,sonnet
6058,I_2,E2DEHUMANIZATION,N,sonnet
6058,I_2,E2DEMONIZE,A,sonnet
6058,I_2,E2STEREOTYPE,A,sonnet
6058,I_2,E2COLLECTIVEPOWER,N,sonnet
6058,I_2,E2CONSPIRACY,N,sonnet
6058,I_2,E2CONTROLMEDIA,N,sonnet
6058,I_2,E2CONTROLECONOMY,N,sonnet
6058,I_2,E2CONTROLGOV,N,sonnet
6058,I_2,E2CONTROLOTHER,N,sonnet
6058,I_2,E3COLLECTIVEBLAME,A,sonnet
29951,I_2,E1VIOLENCE,E,sonnet
29951,I_2,E1RADICAL,N,sonnet
29951,I_2,E2ALLEGATION,N,sonnet
29951,I_2,E2DEHUMANIZATION,E,sonnet
29951,I_2,E2DEMONIZE,N,sonnet
29951,I_2,E2STEREOTYPE,N,sonnet
29951,I_2,E2COLLECTIVEPOWER,N,sonnet
29951,I_2,E2CONSPIRACY,N,sonnet
29951,I_2,E2CONTROLMEDIA,N,sonnet
29951,I_2,E2CONTROLECONOMY,N,sonnet
29951,I_2,E2CONTROLGOV,N,sonnet
29951,I_2,E2CONTROLOTHER,N,sonnet
29951,I_2,E3COLLECTIVEBLAME,I,sonnet
47578,I_2,E1VIOLENCE,N,sonnet
47578,I_2,E1RADICAL,N,sonnet
47578,I_2,E2ALLEGATION,N,sonnet
47578,I_2,E2DEHUMANIZATION,I,sonnet
47578,I_2,E2DEMONIZE,N,sonnet
47578,I_2,E2STEREOTYPE,E,sonnet
47578,I_2,E2COLLECTIVEPOWER,N,sonnet
47578,I_2,E2CONSPIRACY,N,sonnet
47578,I_2,E2CONTROLMEDIA,N,sonnet
47578,I_2,E2CONTROLECONOMY,N,sonnet
47578,I_2,E2CONTROLGOV,N,sonnet
47578,I_2,E2CONTROLOTHER,N,sonnet
47578,I_2,E3COLLECTIVEBLAME,N,sonnet
43747,I_2,E1VIOLENCE,N,sonnet
43747,I_2,E1RADICAL,N,sonnet
43747,I_2,E2ALLEGATION,N,sonnet
43747,I_2,E2DEHUMANIZATION,I,sonnet
43747,I_2,E2DEMONIZE,N,sonnet
43747,I_2,E2STEREOTYPE,N,sonnet
43747,I_2,E2COLLECTIVEPOWER,N,sonnet
43747,I_2,E2CONSPIRACY,N,sonnet
43747,I_2,E2CONTROLMEDIA,N,sonnet
43747,I_2,E2CONTROLECONOMY,N,sonnet
43747,I_2,E2CONTROLGOV,N,sonnet
43747,I_2,E2CONTROLOTHER,N,sonnet
43747,I_2,E3COLLECTIVEBLAME,N,sonnet
9223,I_2,E1VIOLENCE,N,sonnet
9223,I_2,E1RADICAL,N,sonnet
9223,I_2,E2ALLEGATION,N,sonnet
9223,I_2,E2DEHUMANIZATION,N,sonnet
9223,I_2,E2DEMONIZE,N,sonnet
9223,I_2,E2STEREOTYPE,N,sonnet
9223,I_2,E2COLLECTIVEPOWER,N,sonnet
9223,I_2,E2CONSPIRACY,N,sonnet
9223,I_2,E2CONTROLMEDIA,N,sonnet
9223,I_2,E2CONTROLECONOMY,N,sonnet
9223,I_2,E2CONTROLGOV,N,sonnet
9223,I_2,E2CONTROLOTHER,N,sonnet
9223,I_2,E3COLLECTIVEBLAME,N,sonnet
8783,I_2,E1VIOLENCE,N,sonnet
8783,I_2,E1RADICAL,N,sonnet
8783,I_2,E2ALLEGATION,N,sonnet
8783,I_2,E2DEHUMANIZATION,N,sonnet
8783,I_2,E2DEMONIZE,N,sonnet
8783,I_2,E2STEREOTYPE,N,sonnet
8783,I_2,E2COLLECTIVEPOWER,N,sonnet
8783,I_2,E2CONSPIRACY,N,sonnet
8783,I_2,E2CONTROLMEDIA,N,sonnet
8783,I_2,E2CONTROLECONOMY,N,sonnet
8783,I_2,E2CONTROLGOV,N,sonnet
8783,I_2,E2CONTROLOTHER,N,sonnet
8783,I_2,E3COLLECTIVEBLAME,N,sonnet
45809,I_2,E1VIOLENCE,I,sonnet
45809,I_2,E1RADICAL,I,sonnet
45809,I_2,E2ALLEGATION,N,sonnet
45809,I_2,E2DEHUMANIZATION,N,sonnet
45809,I_2,E2DEMONIZE,N,sonnet
45809,I_2,E2STEREOTYPE,N,sonnet
45809,I_2,E2COLLECTIVEPOWER,N,sonnet
45809,I_2,E2CONSPIRACY,N,sonnet
45809,I_2,E2CONTROLMEDIA,N,sonnet
45809,I_2,E2CONTROLECONOMY,N,sonnet
45809,I_2,E2CONTROLGOV,N,sonnet
45809,I_2,E2CONTROLOTHER,N,sonnet
45809,I_2,E3COLLECTIVEBLAME,N,sonnet
20320,I_2,E1VIOLENCE,N,sonnet
20320,I_2,E1RADICAL,N,sonnet
20320,I_2,E2ALLEGATION,E,sonnet
20320,I_2,E2DEHUMANIZATION,N,sonnet
20320,I_2,E2DEMONIZE,E,sonnet
20320,I_2,E2STEREOTYPE,I,sonnet
20320,I_2,E2COLLECTIVEPOWER,E,sonnet
20320,I_2,E2CONSPIRACY,E,sonnet
20320,I_2,E2CONTROLMEDIA,N,sonnet
20320,I_2,E2CONTROLECONOMY,E,sonnet
20320,I_2,E2CONTROLGOV,E,sonnet
20320,I_2,E2CONTROLOTHER,E,sonnet
20320,I_2,E3COLLECTIVEBLAME,N,sonnet
9549,I_2,E1VIOLENCE,N,sonnet
9549,I_2,E1RADICAL,N,sonnet
9549,I_2,E2ALLEGATION,N,sonnet
9549,I_2,E2DEHUMANIZATION,N,sonnet
9549,I_2,E2DEMONIZE,N,sonnet
9549,I_2,E2STEREOTYPE,N,sonnet
9549,I_2,E2COLLECTIVEPOWER,N,sonnet
9549,I_2,E2CONSPIRACY,N,sonnet
9549,I_2,E2CONTROLMEDIA,N,sonnet
9549,I_2,E2CONTROLECONOMY,N,sonnet
9549,I_2,E2CONTROLGOV,N,sonnet
9549,I_2,E2CONTROLOTHER,N,sonnet
9549,I_2,E3COLLECTIVEBLAME,N,sonnet
40579,I_2,E1VIOLENCE,N,sonnet
40579,I_2,E1RADICAL,N,sonnet
40579,I_2,E2ALLEGATION,N,sonnet
40579,I_2,E2DEHUMANIZATION,N,sonnet
40579,I_2,E2DEMONIZE,N,sonnet
40579,I_2,E2STEREOTYPE,N,sonnet
40579,I_2,E2COLLECTIVEPOWER,N,sonnet
40579,I_2,E2CONSPIRACY,N,sonnet
40579,I_2,E2CONTROLMEDIA,N,sonnet
40579,I_2,E2CONTROLECONOMY,N,sonnet
40579,I_2,E2CONTROLGOV,N,sonnet
40579,I_2,E2CONTROLOTHER,N,sonnet
40579,I_2,E3COLLECTIVEBLAME,N,sonnet
5443,I_2,E1VIOLENCE,N,sonnet
5443,I_2,E1RADICAL,N,sonnet
5443,I_2,E2ALLEGATION,E,sonnet
5443,I_2,E2DEHUMANIZATION,E,sonnet
5443,I_2,E2DEMONIZE,E,sonnet
5443,I_2,E2STEREOTYPE,N,sonnet
5443,I_2,E2COLLECTIVEPOWER,N,sonnet
5443,I_2,E2CONSPIRACY,N,sonnet
5443,I_2,E2CONTROLMEDIA,N,sonnet
5443,I_2,E2CONTROLECONOMY,N,sonnet
5443,I_2,E2CONTROLGOV,N,sonnet
5443,I_2,E2CONTROLOTHER,N,sonnet
5443,I_2,E3COLLECTIVEBLAME,E,sonnet
21053,I_2,E1VIOLENCE,N,sonnet
21053,I_2,E1RADICAL,N,sonnet
21053,I_2,E2ALLEGATION,N,sonnet
21053,I_2,E2DEHUMANIZATION,N,sonnet
21053,I_2,E2DEMONIZE,N,sonnet
21053,I_2,E2STEREOTYPE,N,sonnet
21053,I_2,E2COLLECTIVEPOWER,N,sonnet
21053,I_2,E2CONSPIRACY,N,sonnet
21053,I_2,E2CONTROLMEDIA,N,sonnet
21053,I_2,E2CONTROLECONOMY,N,sonnet
21053,I_2,E2CONTROLGOV,N,sonnet
21053,I_2,E2CONTROLOTHER,N,sonnet
21053,I_2,E3COLLECTIVEBLAME,N,sonnet
15021,I_2,E1VIOLENCE,N,sonnet
15021,I_2,E1RADICAL,N,sonnet
15021,I_2,E2ALLEGATION,N,sonnet
15021,I_2,E2DEHUMANIZATION,N,sonnet
15021,I_2,E2DEMONIZE,N,sonnet
15021,I_2,E2STEREOTYPE,N,sonnet
15021,I_2,E2COLLECTIVEPOWER,N,sonnet
15021,I_2,E2CONSPIRACY,N,sonnet
15021,I_2,E2CONTROLMEDIA,N,sonnet
15021,I_2,E2CONTROLECONOMY,N,sonnet
15021,I_2,E2CONTROLGOV,N,sonnet
15021,I_2,E2CONTROLOTHER,N,sonnet
15021,I_2,E3COLLECTIVEBLAME,N,sonnet
6356,I_2,E1VIOLENCE,N,sonnet
6356,I_2,E1RADICAL,N,sonnet
6356,I_2,E2ALLEGATION,N,sonnet
6356,I_2,E2DEHUMANIZATION,N,sonnet
6356,I_2,E2DEMONIZE,N,sonnet
6356,I_2,E2STEREOTYPE,N,sonnet
6356,I_2,E2COLLECTIVEPOWER,N,sonnet
6356,I_2,E2CONSPIRACY,N,sonnet
6356,I_2,E2CONTROLMEDIA,N,sonnet
6356,I_2,E2CONTROLECONOMY,N,sonnet
6356,I_2,E2CONTROLGOV,N,sonnet
6356,I_2,E2CONTROLOTHER,N,sonnet
6356,I_2,E3COLLECTIVEBLAME,N,sonnet
2714,I_2,E1VIOLENCE,N,sonnet
2714,I_2,E1RADICAL,N,sonnet
2714,I_2,E2ALLEGATION,N,sonnet
2714,I_2,E2DEHUMANIZATION,N,sonnet
2714,I_2,E2DEMONIZE,N,sonnet
2714,I_2,E2STEREOTYPE,N,sonnet
2714,I_2,E2COLLECTIVEPOWER,N,sonnet
2714,I_2,E2CONSPIRACY,N,sonnet
2714,I_2,E2CONTROLMEDIA,N,sonnet
2714,I_2,E2CONTROLECONOMY,N,sonnet
2714,I_2,E2CONTROLGOV,N,sonnet
2714,I_2,E2CONTROLOTHER,N,sonnet
2714,I_2,E3COLLECTIVEBLAME,N,sonnet
29676,I_2,E1VIOLENCE,N,sonnet
29676,I_2,E1RADICAL,N,sonnet
29676,I_2,E2ALLEGATION,N,sonnet
29676,I_2,E2DEHUMANIZATION,N,sonnet
29676,I_2,E2DEMONIZE,N,sonnet
29676,I_2,E2STEREOTYPE,N,sonnet
29676,I_2,E2COLLECTIVEPOWER,N,sonnet
29676,I_2,E2CONSPIRACY,N,sonnet
29676,I_2,E2CONTROLMEDIA,N,sonnet
29676,I_2,E2CONTROLECONOMY,N,sonnet
29676,I_2,E2CONTROLGOV,N,sonnet
29676,I_2,E2CONTROLOTHER,N,sonnet
29676,I_2,E3COLLECTIVEBLAME,N,sonnet
4788,I_2,E1VIOLENCE,A,sonnet
4788,I_2,E1RADICAL,A,sonnet
4788,I_2,E2ALLEGATION,N,sonnet
4788,I_2,E2DEHUMANIZATION,N,sonnet
4788,I_2,E2DEMONIZE,N,sonnet
4788,I_2,E2STEREOTYPE,N,sonnet
4788,I_2,E2COLLECTIVEPOWER,N,sonnet
4788,I_2,E2CONSPIRACY,N,sonnet
4788,I_2,E2CONTROLMEDIA,N,sonnet
4788,I_2,E2CONTROLECONOMY,N,sonnet
4788,I_2,E2CONTROLGOV,N,sonnet
4788,I_2,E2CONTROLOTHER,N,sonnet
4788,I_2,E3COLLECTIVEBLAME,N,sonnet
4241,I_2,E1VIOLENCE,E,sonnet
4241,I_2,E1RADICAL,I,sonnet
4241,I_2,E2ALLEGATION,N,sonnet
4241,I_2,E2DEHUMANIZATION,E,sonnet
4241,I_2,E2DEMONIZE,I,sonnet
4241,I_2,E2STEREOTYPE,N,sonnet
4241,I_2,E2COLLECTIVEPOWER,N,sonnet
4241,I_2,E2CONSPIRACY,N,sonnet
4241,I_2,E2CONTROLMEDIA,N,sonnet
4241,I_2,E2CONTROLECONOMY,N,sonnet
4241,I_2,E2CONTROLGOV,N,sonnet
4241,I_2,E2CONTROLOTHER,N,sonnet
4241,I_2,E3COLLECTIVEBLAME,N,sonnet
17725,I_2,E1VIOLENCE,N,sonnet
17725,I_2,E1RADICAL,N,sonnet
17725,I_2,E2ALLEGATION,N,sonnet
17725,I_2,E2DEHUMANIZATION,N,sonnet
17725,I_2,E2DEMONIZE,N,sonnet
17725,I_2,E2STEREOTYPE,N,sonnet
17725,I_2,E2COLLECTIVEPOWER,N,sonnet
17725,I_2,E2CONSPIRACY,N,sonnet
17725,I_2,E2CONTROLMEDIA,N,sonnet
17725,I_2,E2CONTROLECONOMY,N,sonnet
17725,I_2,E2CONTROLGOV,N,sonnet
17725,I_2,E2CONTROLOTHER,N,sonnet
17725,I_2,E3COLLECTIVEBLAME,N,sonnet
47369,I_2,E1VIOLENCE,N,sonnet
47369,I_2,E1RADICAL,N,sonnet
47369,I_2,E2ALLEGATION,N,sonnet
47369,I_2,E2DEHUMANIZATION,N,sonnet
47369,I_2,E2DEMONIZE,N,sonnet
47369,I_2,E2STEREOTYPE,N,sonnet
47369,I_2,E2COLLECTIVEPOWER,N,sonnet
47369,I_2,E2CONSPIRACY,N,sonnet
47369,I_2,E2CONTROLMEDIA,N,sonnet
47369,I_2,E2CONTROLECONOMY,N,sonnet
47369,I_2,E2CONTROLGOV,N,sonnet
47369,I_2,E2CONTROLOTHER,N,sonnet
47369,I_2,E3COLLECTIVEBLAME,N,sonnet
49186,I_2,E1VIOLENCE,N,sonnet
49186,I_2,E1RADICAL,N,sonnet
49186,I_2,E2ALLEGATION,I,sonnet
49186,I_2,E2DEHUMANIZATION,I,sonnet
49186,I_2,E2DEMONIZE,N,sonnet
49186,I_2,E2STEREOTYPE,I,sonnet
49186,I_2,E2COLLECTIVEPOWER,N,sonnet
49186,I_2,E2CONSPIRACY,N,sonnet
49186,I_2,E2CONTROLMEDIA,N,sonnet
49186,I_2,E2CONTROLECONOMY,N,sonnet
49186,I_2,E2CONTROLGOV,N,sonnet
49186,I_2,E2CONTROLOTHER,N,sonnet
49186,I_2,E3COLLECTIVEBLAME,N,sonnet
21931,I_2,E1VIOLENCE,N,sonnet
21931,I_2,E1RADICAL,N,sonnet
21931,I_2,E2ALLEGATION,N,sonnet
21931,I_2,E2DEHUMANIZATION,N,sonnet
21931,I_2,E2DEMONIZE,N,sonnet
21931,I_2,E2STEREOTYPE,N,sonnet
21931,I_2,E2COLLECTIVEPOWER,N,sonnet
21931,I_2,E2CONSPIRACY,N,sonnet
21931,I_2,E2CONTROLMEDIA,N,sonnet
21931,I_2,E2CONTROLECONOMY,N,sonnet
21931,I_2,E2CONTROLGOV,N,sonnet
21931,I_2,E2CONTROLOTHER,N,sonnet
21931,I_2,E3COLLECTIVEBLAME,N,sonnet
47660,I_2,E1VIOLENCE,N,sonnet
47660,I_2,E1RADICAL,N,sonnet
47660,I_2,E2ALLEGATION,N,sonnet
47660,I_2,E2DEHUMANIZATION,N,sonnet
47660,I_2,E2DEMONIZE,N,sonnet
47660,I_2,E2STEREOTYPE,N,sonnet
47660,I_2,E2COLLECTIVEPOWER,N,sonnet
47660,I_2,E2CONSPIRACY,N,sonnet
47660,I_2,E2CONTROLMEDIA,N,sonnet
47660,I_2,E2CONTROLECONOMY,N,sonnet
47660,I_2,E2CONTROLGOV,N,sonnet
47660,I_2,E2CONTROLOTHER,N,sonnet
47660,I_2,E3COLLECTIVEBLAME,N,sonnet
40688,I_2,E1VIOLENCE,N,sonnet
40688,I_2,E1RADICAL,N,sonnet
40688,I_2,E2ALLEGATION,E,sonnet
40688,I_2,E2DEHUMANIZATION,E,sonnet
40688,I_2,E2DEMONIZE,E,sonnet
40688,I_2,E2STEREOTYPE,E,sonnet
40688,I_2,E2COLLECTIVEPOWER,E,sonnet
40688,I_2,E2CONSPIRACY,E,sonnet
40688,I_2,E2CONTROLMEDIA,N,sonnet
40688,I_2,E2CONTROLECONOMY,I,sonnet
40688,I_2,E2CONTROLGOV,I,sonnet
40688,I_2,E2CONTROLOTHER,N,sonnet
40688,I_2,E3COLLECTIVEBLAME,E,sonnet
17669,I_2,E1VIOLENCE,N,sonnet
17669,I_2,E1RADICAL,N,sonnet
17669,I_2,E2ALLEGATION,N,sonnet
17669,I_2,E2DEHUMANIZATION,N,sonnet
17669,I_2,E2DEMONIZE,N,sonnet
17669,I_2,E2STEREOTYPE,N,sonnet
17669,I_2,E2COLLECTIVEPOWER,N,sonnet
17669,I_2,E2CONSPIRACY,N,sonnet
17669,I_2,E2CONTROLMEDIA,N,sonnet
17669,I_2,E2CONTROLECONOMY,N,sonnet
17669,I_2,E2CONTROLGOV,N,sonnet
17669,I_2,E2CONTROLOTHER,N,sonnet
17669,I_2,E3COLLECTIVEBLAME,N,sonnet
32795,I_2,E1VIOLENCE,E,sonnet
32795,I_2,E1RADICAL,E,sonnet
32795,I_2,E2ALLEGATION,N,sonnet
32795,I_2,E2DEHUMANIZATION,N,sonnet
32795,I_2,E2DEMONIZE,N,sonnet
32795,I_2,E2STEREOTYPE,N,sonnet
32795,I_2,E2COLLECTIVEPOWER,N,sonnet
32795,I_2,E2CONSPIRACY,N,sonnet
32795,I_2,E2CONTROLMEDIA,N,sonnet
32795,I_2,E2CONTROLECONOMY,N,sonnet
32795,I_2,E2CONTROLGOV,N,sonnet
32795,I_2,E2CONTROLOTHER,N,sonnet
32795,I_2,E3COLLECTIVEBLAME,N,sonnet
24687,I_2,E1VIOLENCE,N,sonnet
24687,I_2,E1RADICAL,N,sonnet
24687,I_2,E2ALLEGATION,N,sonnet
24687,I_2,E2DEHUMANIZATION,N,sonnet
24687,I_2,E2DEMONIZE,N,sonnet
24687,I_2,E2STEREOTYPE,N,sonnet
24687,I_2,E2COLLECTIVEPOWER,N,sonnet
24687,I_2,E2CONSPIRACY,N,sonnet
24687,I_2,E2CONTROLMEDIA,N,sonnet
24687,I_2,E2CONTROLECONOMY,N,sonnet
24687,I_2,E2CONTROLGOV,N,sonnet
24687,I_2,E2CONTROLOTHER,N,sonnet
24687,I_2,E3COLLECTIVEBLAME,N,sonnet
27146,I_2,E1VIOLENCE,N,sonnet
27146,I_2,E1RADICAL,N,sonnet
27146,I_2,E2ALLEGATION,N,sonnet
27146,I_2,E2DEHUMANIZATION,N,sonnet
27146,I_2,E2DEMONIZE,N,sonnet
27146,I_2,E2STEREOTYPE,N,sonnet
27146,I_2,E2COLLECTIVEPOWER,N,sonnet
27146,I_2,E2CONSPIRACY,N,sonnet
27146,I_2,E2CONTROLMEDIA,N,sonnet
27146,I_2,E2CONTROLECONOMY,N,sonnet
27146,I_2,E2CONTROLGOV,N,sonnet
27146,I_2,E2CONTROLOTHER,N,sonnet
27146,I_2,E3COLLECTIVEBLAME,N,sonnet
45473,I_2,E1VIOLENCE,N,sonnet
45473,I_2,E1RADICAL,N,sonnet
45473,I_2,E2ALLEGATION,N,sonnet
45473,I_2,E2DEHUMANIZATION,N,sonnet
45473,I_2,E2DEMONIZE,I,sonnet
45473,I_2,E2STEREOTYPE,N,sonnet
45473,I_2,E2COLLECTIVEPOWER,N,sonnet
45473,I_2,E2CONSPIRACY,N,sonnet
45473,I_2,E2CONTROLMEDIA,N,sonnet
45473,I_2,E2CONTROLECONOMY,N,sonnet
45473,I_2,E2CONTROLGOV,N,sonnet
45473,I_2,E2CONTROLOTHER,N,sonnet
45473,I_2,E3COLLECTIVEBLAME,N,sonnet
9205,I_2,E1VIOLENCE,N,sonnet
9205,I_2,E1RADICAL,N,sonnet
9205,I_2,E2ALLEGATION,E,sonnet
9205,I_2,E2DEHUMANIZATION,N,sonnet
9205,I_2,E2DEMONIZE,N,sonnet
9205,I_2,E2STEREOTYPE,N,sonnet
9205,I_2,E2COLLECTIVEPOWER,N,sonnet
9205,I_2,E2CONSPIRACY,N,sonnet
9205,I_2,E2CONTROLMEDIA,N,sonnet
9205,I_2,E2CONTROLECONOMY,N,sonnet
9205,I_2,E2CONTROLGOV,N,sonnet
9205,I_2,E2CONTROLOTHER,N,sonnet
9205,I_2,E3COLLECTIVEBLAME,N,sonnet
304,I_2,E1VIOLENCE,N,sonnet
304,I_2,E1RADICAL,N,sonnet
304,I_2,E2ALLEGATION,N,sonnet
304,I_2,E2DEHUMANIZATION,N,sonnet
304,I_2,E2DEMONIZE,N,sonnet
304,I_2,E2STEREOTYPE,N,sonnet
304,I_2,E2COLLECTIVEPOWER,N,sonnet
304,I_2,E2CONSPIRACY,N,sonnet
304,I_2,E2CONTROLMEDIA,N,sonnet
304,I_2,E2CONTROLECONOMY,N,sonnet
304,I_2,E2CONTROLGOV,N,sonnet
304,I_2,E2CONTROLOTHER,N,sonnet
304,I_2,E3COLLECTIVEBLAME,N,sonnet
9689,I_2,E1VIOLENCE,N,sonnet
9689,I_2,E1RADICAL,N,sonnet
9689,I_2,E2ALLEGATION,I,sonnet
9689,I_2,E2DEHUMANIZATION,N,sonnet
9689,I_2,E2DEMONIZE,I,sonnet
9689,I_2,E2STEREOTYPE,N,sonnet
9689,I_2,E2COLLECTIVEPOWER,N,sonnet
9689,I_2,E2CONSPIRACY,N,sonnet
9689,I_2,E2CONTROLMEDIA,N,sonnet
9689,I_2,E2CONTROLECONOMY,N,sonnet
9689,I_2,E2CONTROLGOV,N,sonnet
9689,I_2,E2CONTROLOTHER,N,sonnet
9689,I_2,E3COLLECTIVEBLAME,N,sonnet
44923,I_2,E1VIOLENCE,N,sonnet
44923,I_2,E1RADICAL,N,sonnet
44923,I_2,E2ALLEGATION,N,sonnet
44923,I_2,E2DEHUMANIZATION,N,sonnet
44923,I_2,E2DEMONIZE,N,sonnet
44923,I_2,E2STEREOTYPE,N,sonnet
44923,I_2,E2COLLECTIVEPOWER,N,sonnet
44923,I_2,E2CONSPIRACY,N,sonnet
44923,I_2,E2CONTROLMEDIA,N,sonnet
44923,I_2,E2CONTROLECONOMY,N,sonnet
44923,I_2,E2CONTROLGOV,N,sonnet
44923,I_2,E2CONTROLOTHER,N,sonnet
44923,I_2,E3COLLECTIVEBLAME,N,sonnet
12878,I_2,E1VIOLENCE,N,sonnet
12878,I_2,E1RADICAL,N,sonnet
12878,I_2,E2ALLEGATION,N,sonnet
12878,I_2,E2DEHUMANIZATION,N,sonnet
12878,I_2,E2DEMONIZE,N,sonnet
12878,I_2,E2STEREOTYPE,N,sonnet
12878,I_2,E2COLLECTIVEPOWER,N,sonnet
12878,I_2,E2CONSPIRACY,N,sonnet
12878,I_2,E2CONTROLMEDIA,N,sonnet
12878,I_2,E2CONTROLECONOMY,N,sonnet
12878,I_2,E2CONTROLGOV,N,sonnet
12878,I_2,E2CONTROLOTHER,N,sonnet
12878,I_2,E3COLLECTIVEBLAME,N,sonnet
45157,I_2,E1VIOLENCE,N,sonnet
45157,I_2,E1RADICAL,N,sonnet
45157,I_2,E2ALLEGATION,N,sonnet
45157,I_2,E2DEHUMANIZATION,N,sonnet
45157,I_2,E2DEMONIZE,N,sonnet
45157,I_2,E2STEREOTYPE,I,sonnet
45157,I_2,E2COLLECTIVEPOWER,N,sonnet
45157,I_2,E2CONSPIRACY,N,sonnet
45157,I_2,E2CONTROLMEDIA,N,sonnet
45157,I_2,E2CONTROLECONOMY,N,sonnet
45157,I_2,E2CONTROLGOV,N,sonnet
45157,I_2,E2CONTROLOTHER,N,sonnet
45157,I_2,E3COLLECTIVEBLAME,N,sonnet
48267,I_2,E1VIOLENCE,N,sonnet
48267,I_2,E1RADICAL,N,sonnet
48267,I_2,E2ALLEGATION,N,sonnet
48267,I_2,E2DEHUMANIZATION,N,sonnet
48267,I_2,E2DEMONIZE,N,sonnet
48267,I_2,E2STEREOTYPE,N,sonnet
48267,I_2,E2COLLECTIVEPOWER,N,sonnet
48267,I_2,E2CONSPIRACY,N,sonnet
48267,I_2,E2CONTROLMEDIA,N,sonnet
48267,I_2,E2CONTROLECONOMY,N,sonnet
48267,I_2,E2CONTROLGOV,N,sonnet
48267,I_2,E2CONTROLOTHER,N,sonnet
48267,I_2,E3COLLECTIVEBLAME,N,sonnet
17104,I_2,E1VIOLENCE,E,sonnet
17104,I_2,E1RADICAL,N,sonnet
17104,I_2,E2ALLEGATION,N,sonnet
17104,I_2,E2DEHUMANIZATION,I,sonnet
17104,I_2,E2DEMONIZE,N,sonnet
17104,I_2,E2STEREOTYPE,N,sonnet
17104,I_2,E2COLLECTIVEPOWER,N,sonnet
17104,I_2,E2CONSPIRACY,N,sonnet
17104,I_2,E2CONTROLMEDIA,N,sonnet
17104,I_2,E2CONTROLECONOMY,N,sonnet
17104,I_2,E2CONTROLGOV,N,sonnet
17104,I_2,E2CONTROLOTHER,N,sonnet
17104,I_2,E3COLLECTIVEBLAME,N,sonnet
3076,I_2,E1VIOLENCE,N,sonnet
3076,I_2,E1RADICAL,N,sonnet
3076,I_2,E2ALLEGATION,N,sonnet
3076,I_2,E2DEHUMANIZATION,N,sonnet
3076,I_2,E2DEMONIZE,N,sonnet
3076,I_2,E2STEREOTYPE,N,sonnet
3076,I_2,E2COLLECTIVEPOWER,N,sonnet
3076,I_2,E2CONSPIRACY,N,sonnet
3076,I_2,E2CONTROLMEDIA,N,sonnet
3076,I_2,E2CONTROLECONOMY,N,sonnet
3076,I_2,E2CONTROLGOV,N,sonnet
3076,I_2,E2CONTROLOTHER,N,sonnet
3076,I_2,E3COLLECTIVEBLAME,N,sonnet
19403,I_2,E1VIOLENCE,N,sonnet
19403,I_2,E1RADICAL,N,sonnet
19403,I_2,E2ALLEGATION,N,sonnet
19403,I_2,E2DEHUMANIZATION,N,sonnet
19403,I_2,E2DEMONIZE,N,sonnet
19403,I_2,E2STEREOTYPE,N,sonnet
19403,I_2,E2COLLECTIVEPOWER,N,sonnet
19403,I_2,E2CONSPIRACY,N,sonnet
19403,I_2,E2CONTROLMEDIA,N,sonnet
19403,I_2,E2CONTROLECONOMY,N,sonnet
19403,I_2,E2CONTROLGOV,N,sonnet
19403,I_2,E2CONTROLOTHER,N,sonnet
19403,I_2,E3COLLECTIVEBLAME,N,sonnet
48511,I_2,E1VIOLENCE,N,sonnet
48511,I_2,E1RADICAL,N,sonnet
48511,I_2,E2ALLEGATION,I,sonnet
48511,I_2,E2DEHUMANIZATION,N,sonnet
48511,I_2,E2DEMONIZE,N,sonnet
48511,I_2,E2STEREOTYPE,N,sonnet
48511,I_2,E2COLLECTIVEPOWER,N,sonnet
48511,I_2,E2CONSPIRACY,N,sonnet
48511,I_2,E2CONTROLMEDIA,N,sonnet
48511,I_2,E2CONTROLECONOMY,N,sonnet
48511,I_2,E2CONTROLGOV,N,sonnet
48511,I_2,E2CONTROLOTHER,N,sonnet
48511,I_2,E3COLLECTIVEBLAME,I,sonnet
45262,I_2,E1VIOLENCE,N,sonnet
45262,I_2,E1RADICAL,N,sonnet
45262,I_2,E2ALLEGATION,I,sonnet
45262,I_2,E2DEHUMANIZATION,I,sonnet
45262,I_2,E2DEMONIZE,N,sonnet
45262,I_2,E2STEREOTYPE,I,sonnet
45262,I_2,E2COLLECTIVEPOWER,N,sonnet
45262,I_2,E2CONSPIRACY,N,sonnet
45262,I_2,E2CONTROLMEDIA,N,sonnet
45262,I_2,E2CONTROLECONOMY,N,sonnet
45262,I_2,E2CONTROLGOV,N,sonnet
45262,I_2,E2CONTROLOTHER,N,sonnet
45262,I_2,E3COLLECTIVEBLAME,N,sonnet
47768,I_2,E1VIOLENCE,N,sonnet
47768,I_2,E1RADICAL,N,sonnet
47768,I_2,E2ALLEGATION,N,sonnet
47768,I_2,E2DEHUMANIZATION,N,sonnet
47768,I_2,E2DEMONIZE,N,sonnet
47768,I_2,E2STEREOTYPE,N,sonnet
47768,I_2,E2COLLECTIVEPOWER,N,sonnet
47768,I_2,E2CONSPIRACY,N,sonnet
47768,I_2,E2CONTROLMEDIA,N,sonnet
47768,I_2,E2CONTROLECONOMY,N,sonnet
47768,I_2,E2CONTROLGOV,N,sonnet
47768,I_2,E2CONTROLOTHER,N,sonnet
47768,I_2,E3COLLECTIVEBLAME,N,sonnet
18772,I_2,E1VIOLENCE,N,sonnet
18772,I_2,E1RADICAL,N,sonnet
18772,I_2,E2ALLEGATION,N,sonnet
18772,I_2,E2DEHUMANIZATION,N,sonnet
18772,I_2,E2DEMONIZE,N,sonnet
18772,I_2,E2STEREOTYPE,N,sonnet
18772,I_2,E2COLLECTIVEPOWER,N,sonnet
18772,I_2,E2CONSPIRACY,N,sonnet
18772,I_2,E2CONTROLMEDIA,N,sonnet
18772,I_2,E2CONTROLECONOMY,N,sonnet
18772,I_2,E2CONTROLGOV,N,sonnet
18772,I_2,E2CONTROLOTHER,N,sonnet
18772,I_2,E3COLLECTIVEBLAME,N,sonnet
6607,I_2,E1VIOLENCE,N,sonnet
6607,I_2,E1RADICAL,N,sonnet
6607,I_2,E2ALLEGATION,I,sonnet
6607,I_2,E2DEHUMANIZATION,N,sonnet
6607,I_2,E2DEMONIZE,I,sonnet
6607,I_2,E2STEREOTYPE,N,sonnet
6607,I_2,E2COLLECTIVEPOWER,I,sonnet
6607,I_2,E2CONSPIRACY,I,sonnet
6607,I_2,E2CONTROLMEDIA,N,sonnet
6607,I_2,E2CONTROLECONOMY,N,sonnet
6607,I_2,E2CONTROLGOV,N,sonnet
6607,I_2,E2CONTROLOTHER,N,sonnet
6607,I_2,E3COLLECTIVEBLAME,N,sonnet
37213,I_2,E1VIOLENCE,N,sonnet
37213,I_2,E1RADICAL,N,sonnet
37213,I_2,E2ALLEGATION,N,sonnet
37213,I_2,E2DEHUMANIZATION,N,sonnet
37213,I_2,E2DEMONIZE,N,sonnet
37213,I_2,E2STEREOTYPE,N,sonnet
37213,I_2,E2COLLECTIVEPOWER,N,sonnet
37213,I_2,E2CONSPIRACY,N,sonnet
37213,I_2,E2CONTROLMEDIA,N,sonnet
37213,I_2,E2CONTROLECONOMY,N,sonnet
37213,I_2,E2CONTROLGOV,N,sonnet
37213,I_2,E2CONTROLOTHER,N,sonnet
37213,I_2,E3COLLECTIVEBLAME,N,sonnet
13813,I_2,E1VIOLENCE,N,sonnet
13813,I_2,E1RADICAL,N,sonnet
13813,I_2,E2ALLEGATION,I,sonnet
13813,I_2,E2DEHUMANIZATION,N,sonnet
13813,I_2,E2DEMONIZE,I,sonnet
13813,I_2,E2STEREOTYPE,I,sonnet
13813,I_2,E2COLLECTIVEPOWER,I,sonnet
13813,I_2,E2CONSPIRACY,N,sonnet
13813,I_2,E2CONTROLMEDIA,N,sonnet
13813,I_2,E2CONTROLECONOMY,N,sonnet
13813,I_2,E2CONTROLGOV,I,sonnet
13813,I_2,E2CONTROLOTHER,N,sonnet
13813,I_2,E3COLLECTIVEBLAME,I,sonnet
10082,I_2,E1VIOLENCE,N,sonnet
10082,I_2,E1RADICAL,N,sonnet
10082,I_2,E2ALLEGATION,N,sonnet
10082,I_2,E2DEHUMANIZATION,N,sonnet
10082,I_2,E2DEMONIZE,N,sonnet
10082,I_2,E2STEREOTYPE,N,sonnet
10082,I_2,E2COLLECTIVEPOWER,N,sonnet
10082,I_2,E2CONSPIRACY,N,sonnet
10082,I_2,E2CONTROLMEDIA,N,sonnet
10082,I_2,E2CONTROLECONOMY,N,sonnet
10082,I_2,E2CONTROLGOV,N,sonnet
10082,I_2,E2CONTROLOTHER,N,sonnet
10082,I_2,E3COLLECTIVEBLAME,N,sonnet
11093,I_2,E1VIOLENCE,N,sonnet
11093,I_2,E1RADICAL,N,sonnet
11093,I_2,E2ALLEGATION,N,sonnet
11093,I_2,E2DEHUMANIZATION,N,sonnet
11093,I_2,E2DEMONIZE,N,sonnet
11093,I_2,E2STEREOTYPE,N,sonnet
11093,I_2,E2COLLECTIVEPOWER,N,sonnet
11093,I_2,E2CONSPIRACY,N,sonnet
11093,I_2,E2CONTROLMEDIA,N,sonnet
11093,I_2,E2CONTROLECONOMY,N,sonnet
11093,I_2,E2CONTROLGOV,N,sonnet
11093,I_2,E2CONTROLOTHER,N,sonnet
11093,I_2,E3COLLECTIVEBLAME,N,sonnet
47731,I_2,E1VIOLENCE,I,sonnet
47731,I_2,E1RADICAL,I,sonnet
47731,I_2,E2ALLEGATION,N,sonnet
47731,I_2,E2DEHUMANIZATION,N,sonnet
47731,I_2,E2DEMONIZE,N,sonnet
47731,I_2,E2STEREOTYPE,N,sonnet
47731,I_2,E2COLLECTIVEPOWER,N,sonnet
47731,I_2,E2CONSPIRACY,N,sonnet
47731,I_2,E2CONTROLMEDIA,N,sonnet
47731,I_2,E2CONTROLECONOMY,N,sonnet
47731,I_2,E2CONTROLGOV,N,sonnet
47731,I_2,E2CONTROLOTHER,N,sonnet
47731,I_2,E3COLLECTIVEBLAME,N,sonnet
17184,I_2,E1VIOLENCE,N,sonnet
17184,I_2,E1RADICAL,N,sonnet
17184,I_2,E2ALLEGATION,N,sonnet
17184,I_2,E2DEHUMANIZATION,N,sonnet
17184,I_2,E2DEMONIZE,N,sonnet
17184,I_2,E2STEREOTYPE,N,sonnet
17184,I_2,E2COLLECTIVEPOWER,N,sonnet
17184,I_2,E2CONSPIRACY,N,sonnet
17184,I_2,E2CONTROLMEDIA,N,sonnet
17184,I_2,E2CONTROLECONOMY,N,sonnet
17184,I_2,E2CONTROLGOV,N,sonnet
17184,I_2,E2CONTROLOTHER,N,sonnet
17184,I_2,E3COLLECTIVEBLAME,N,sonnet
41647,I_2,E1VIOLENCE,N,sonnet
41647,I_2,E1RADICAL,N,sonnet
41647,I_2,E2ALLEGATION,N,sonnet
41647,I_2,E2DEHUMANIZATION,N,sonnet
41647,I_2,E2DEMONIZE,N,sonnet
41647,I_2,E2STEREOTYPE,N,sonnet
41647,I_2,E2COLLECTIVEPOWER,N,sonnet
41647,I_2,E2CONSPIRACY,N,sonnet
41647,I_2,E2CONTROLMEDIA,N,sonnet
41647,I_2,E2CONTROLECONOMY,N,sonnet
41647,I_2,E2CONTROLGOV,N,sonnet
41647,I_2,E2CONTROLOTHER,N,sonnet
41647,I_2,E3COLLECTIVEBLAME,N,sonnet
9406,I_2,E1VIOLENCE,N,sonnet
9406,I_2,E1RADICAL,N,sonnet
9406,I_2,E2ALLEGATION,N,sonnet
9406,I_2,E2DEHUMANIZATION,N,sonnet
9406,I_2,E2DEMONIZE,N,sonnet
9406,I_2,E2STEREOTYPE,N,sonnet
9406,I_2,E2COLLECTIVEPOWER,N,sonnet
9406,I_2,E2CONSPIRACY,N,sonnet
9406,I_2,E2CONTROLMEDIA,N,sonnet
9406,I_2,E2CONTROLECONOMY,N,sonnet
9406,I_2,E2CONTROLGOV,N,sonnet
9406,I_2,E2CONTROLOTHER,N,sonnet
9406,I_2,E3COLLECTIVEBLAME,N,sonnet
18574,I_2,E1VIOLENCE,N,sonnet
18574,I_2,E1RADICAL,N,sonnet
18574,I_2,E2ALLEGATION,N,sonnet
18574,I_2,E2DEHUMANIZATION,N,sonnet
18574,I_2,E2DEMONIZE,N,sonnet
18574,I_2,E2STEREOTYPE,N,sonnet
18574,I_2,E2COLLECTIVEPOWER,N,sonnet
18574,I_2,E2CONSPIRACY,N,sonnet
18574,I_2,E2CONTROLMEDIA,N,sonnet
18574,I_2,E2CONTROLECONOMY,N,sonnet
18574,I_2,E2CONTROLGOV,N,sonnet
18574,I_2,E2CONTROLOTHER,N,sonnet
18574,I_2,E3COLLECTIVEBLAME,N,sonnet
40765,I_2,E1VIOLENCE,N,gpt4o
40765,I_2,E1RADICAL,N,gpt4o
40765,I_2,E2ALLEGATION,E,gpt4o
40765,I_2,E2DEHUMANIZATION,I,gpt4o
40765,I_2,E2DEMONIZE,E,gpt4o
40765,I_2,E2STEREOTYPE,E,gpt4o
40765,I_2,E2COLLECTIVEPOWER,E,gpt4o
40765,I_2,E2CONSPIRACY,E,gpt4o
40765,I_2,E2CONTROLMEDIA,E,gpt4o
40765,I_2,E2CONTROLECONOMY,E,gpt4o
40765,I_2,E2CONTROLGOV,E,gpt4o
40765,I_2,E2CONTROLOTHER,N,gpt4o
40765,I_2,E3COLLECTIVEBLAME,E,gpt4o
48550,I_2,E1VIOLENCE,N,gpt4o
48550,I_2,E1RADICAL,N,gpt4o
48550,I_2,E2ALLEGATION,I,gpt4o
48550,I_2,E2DEHUMANIZATION,N,gpt4o
48550,I_2,E2DEMONIZE,I,gpt4o
48550,I_2,E2STEREOTYPE,N,gpt4o
48550,I_2,E2COLLECTIVEPOWER,I,gpt4o
48550,I_2,E2CONSPIRACY,I,gpt4o
48550,I_2,E2CONTROLMEDIA,N,gpt4o
48550,I_2,E2CONTROLECONOMY,N,gpt4o
48550,I_2,E2CONTROLGOV,I,gpt4o
48550,I_2,E2CONTROLOTHER,N,gpt4o
48550,I_2,E3COLLECTIVEBLAME,N,gpt4o
11369,I_2,E1VIOLENCE,N,sonnet
11369,I_2,E1RADICAL,N,sonnet
11369,I_2,E2ALLEGATION,N,sonnet
11369,I_2,E2DEHUMANIZATION,N,sonnet
11369,I_2,E2DEMONIZE,N,sonnet
11369,I_2,E2STEREOTYPE,N,sonnet
11369,I_2,E2COLLECTIVEPOWER,N,sonnet
11369,I_2,E2CONSPIRACY,N,sonnet
11369,I_2,E2CONTROLMEDIA,N,sonnet
11369,I_2,E2CONTROLECONOMY,N,sonnet
11369,I_2,E2CONTROLGOV,N,sonnet
11369,I_2,E2CONTROLOTHER,N,sonnet
11369,I_2,E3COLLECTIVEBLAME,N,sonnet
42400,I_2,E1VIOLENCE,N,sonnet
42400,I_2,E1RADICAL,N,sonnet
42400,I_2,E2ALLEGATION,I,sonnet
42400,I_2,E2DEHUMANIZATION,N,sonnet
42400,I_2,E2DEMONIZE,I,sonnet
42400,I_2,E2STEREOTYPE,I,sonnet
42400,I_2,E2COLLECTIVEPOWER,N,sonnet
42400,I_2,E2CONSPIRACY,I,sonnet
42400,I_2,E2CONTROLMEDIA,N,sonnet
42400,I_2,E2CONTROLECONOMY,N,sonnet
42400,I_2,E2CONTROLGOV,I,sonnet
42400,I_2,E2CONTROLOTHER,N,sonnet
42400,I_2,E3COLLECTIVEBLAME,I,sonnet
45811,I_2,E1VIOLENCE,N,gpt4o
45811,I_2,E1RADICAL,N,gpt4o
45811,I_2,E2ALLEGATION,E,gpt4o
45811,I_2,E2DEHUMANIZATION,N,gpt4o
45811,I_2,E2DEMONIZE,E,gpt4o
45811,I_2,E2STEREOTYPE,E,gpt4o
45811,I_2,E2COLLECTIVEPOWER,E,gpt4o
45811,I_2,E2CONSPIRACY,I,gpt4o
45811,I_2,E2CONTROLMEDIA,N,gpt4o
45811,I_2,E2CONTROLECONOMY,I,gpt4o
45811,I_2,E2CONTROLGOV,I,gpt4o
45811,I_2,E2CONTROLOTHER,I,gpt4o
45811,I_2,E3COLLECTIVEBLAME,N,gpt4o
26324,I_2,E1VIOLENCE,N,sonnet
26324,I_2,E1RADICAL,N,sonnet
26324,I_2,E2ALLEGATION,N,sonnet
26324,I_2,E2DEHUMANIZATION,N,sonnet
26324,I_2,E2DEMONIZE,N,sonnet
26324,I_2,E2STEREOTYPE,N,sonnet
26324,I_2,E2COLLECTIVEPOWER,N,sonnet
26324,I_2,E2CONSPIRACY,N,sonnet
26324,I_2,E2CONTROLMEDIA,N,sonnet
26324,I_2,E2CONTROLECONOMY,N,sonnet
26324,I_2,E2CONTROLGOV,N,sonnet
26324,I_2,E2CONTROLOTHER,N,sonnet
26324,I_2,E3COLLECTIVEBLAME,N,sonnet
36322,I_2,E1VIOLENCE,N,sonnet
36322,I_2,E1RADICAL,N,sonnet
36322,I_2,E2ALLEGATION,N,sonnet
36322,I_2,E2DEHUMANIZATION,E,sonnet
36322,I_2,E2DEMONIZE,N,sonnet
36322,I_2,E2STEREOTYPE,N,sonnet
36322,I_2,E2COLLECTIVEPOWER,N,sonnet
36322,I_2,E2CONSPIRACY,N,sonnet
36322,I_2,E2CONTROLMEDIA,N,sonnet
36322,I_2,E2CONTROLECONOMY,N,sonnet
36322,I_2,E2CONTROLGOV,N,sonnet
36322,I_2,E2CONTROLOTHER,N,sonnet
36322,I_2,E3COLLECTIVEBLAME,N,sonnet
41342,I_2,E1VIOLENCE,N,gpt4o
41342,I_2,E1RADICAL,N,gpt4o
41342,I_2,E2ALLEGATION,I,gpt4o
41342,I_2,E2DEHUMANIZATION,N,gpt4o
41342,I_2,E2DEMONIZE,I,gpt4o
41342,I_2,E2STEREOTYPE,N,gpt4o
41342,I_2,E2COLLECTIVEPOWER,I,gpt4o
41342,I_2,E2CONSPIRACY,I,gpt4o
41342,I_2,E2CONTROLMEDIA,N,gpt4o
41342,I_2,E2CONTROLECONOMY,I,gpt4o
41342,I_2,E2CONTROLGOV,I,gpt4o
41342,I_2,E2CONTROLOTHER,N,gpt4o
41342,I_2,E3COLLECTIVEBLAME,I,gpt4o
45757,I_2,E1VIOLENCE,N,sonnet
45757,I_2,E1RADICAL,N,sonnet
45757,I_2,E2ALLEGATION,I,sonnet
45757,I_2,E2DEHUMANIZATION,N,sonnet
45757,I_2,E2DEMONIZE,I,sonnet
45757,I_2,E2STEREOTYPE,I,sonnet
45757,I_2,E2COLLECTIVEPOWER,N,sonnet
45757,I_2,E2CONSPIRACY,N,sonnet
45757,I_2,E2CONTROLMEDIA,I,sonnet
45757,I_2,E2CONTROLECONOMY,N,sonnet
45757,I_2,E2CONTROLGOV,N,sonnet
45757,I_2,E2CONTROLOTHER,N,sonnet
45757,I_2,E3COLLECTIVEBLAME,N,sonnet
12691,I_2,E1VIOLENCE,N,sonnet
12691,I_2,E1RADICAL,N,sonnet
12691,I_2,E2ALLEGATION,N,sonnet
12691,I_2,E2DEHUMANIZATION,N,sonnet
12691,I_2,E2DEMONIZE,N,sonnet
12691,I_2,E2STEREOTYPE,N,sonnet
12691,I_2,E2COLLECTIVEPOWER,N,sonnet
12691,I_2,E2CONSPIRACY,N,sonnet
12691,I_2,E2CONTROLMEDIA,N,sonnet
12691,I_2,E2CONTROLECONOMY,N,sonnet
12691,I_2,E2CONTROLGOV,N,sonnet
12691,I_2,E2CONTROLOTHER,N,sonnet
12691,I_2,E3COLLECTIVEBLAME,N,sonnet
10057,I_2,E1VIOLENCE,N,sonnet
10057,I_2,E1RADICAL,N,sonnet
10057,I_2,E2ALLEGATION,N,sonnet
10057,I_2,E2DEHUMANIZATION,N,sonnet
10057,I_2,E2DEMONIZE,N,sonnet
10057,I_2,E2STEREOTYPE,N,sonnet
10057,I_2,E2COLLECTIVEPOWER,N,sonnet
10057,I_2,E2CONSPIRACY,N,sonnet
10057,I_2,E2CONTROLMEDIA,N,sonnet
10057,I_2,E2CONTROLECONOMY,N,sonnet
10057,I_2,E2CONTROLGOV,N,sonnet
10057,I_2,E2CONTROLOTHER,N,sonnet
10057,I_2,E3COLLECTIVEBLAME,N,sonnet
6034,I_2,E1VIOLENCE,A,sonnet
6034,I_2,E1RADICAL,A,sonnet
6034,I_2,E2ALLEGATION,N,sonnet
6034,I_2,E2DEHUMANIZATION,N,sonnet
6034,I_2,E2DEMONIZE,N,sonnet
6034,I_2,E2STEREOTYPE,N,sonnet
6034,I_2,E2COLLECTIVEPOWER,N,sonnet
6034,I_2,E2CONSPIRACY,N,sonnet
6034,I_2,E2CONTROLMEDIA,N,sonnet
6034,I_2,E2CONTROLECONOMY,N,sonnet
6034,I_2,E2CONTROLGOV,N,sonnet
6034,I_2,E2CONTROLOTHER,N,sonnet
6034,I_2,E3COLLECTIVEBLAME,N,sonnet
24688,I_2,E1VIOLENCE,N,sonnet
24688,I_2,E1RADICAL,N,sonnet
24688,I_2,E2ALLEGATION,N,sonnet
24688,I_2,E2DEHUMANIZATION,N,sonnet
24688,I_2,E2DEMONIZE,N,sonnet
24688,I_2,E2STEREOTYPE,N,sonnet
24688,I_2,E2COLLECTIVEPOWER,N,sonnet
24688,I_2,E2CONSPIRACY,N,sonnet
24688,I_2,E2CONTROLMEDIA,N,sonnet
24688,I_2,E2CONTROLECONOMY,N,sonnet
24688,I_2,E2CONTROLGOV,N,sonnet
24688,I_2,E2CONTROLOTHER,N,sonnet
24688,I_2,E3COLLECTIVEBLAME,N,sonnet
45619,I_2,E1VIOLENCE,A,sonnet
45619,I_2,E1RADICAL,N,sonnet
45619,I_2,E2ALLEGATION,N,sonnet
45619,I_2,E2DEHUMANIZATION,I,sonnet
45619,I_2,E2DEMONIZE,I,sonnet
45619,I_2,E2STEREOTYPE,N,sonnet
45619,I_2,E2COLLECTIVEPOWER,N,sonnet
45619,I_2,E2CONSPIRACY,N,sonnet
45619,I_2,E2CONTROLMEDIA,N,sonnet
45619,I_2,E2CONTROLECONOMY,N,sonnet
45619,I_2,E2CONTROLGOV,N,sonnet
45619,I_2,E2CONTROLOTHER,N,sonnet
45619,I_2,E3COLLECTIVEBLAME,N,sonnet
34973,I_2,E1VIOLENCE,N,sonnet
34973,I_2,E1RADICAL,N,sonnet
34973,I_2,E2ALLEGATION,N,sonnet
34973,I_2,E2DEHUMANIZATION,N,sonnet
34973,I_2,E2DEMONIZE,N,sonnet
34973,I_2,E2STEREOTYPE,N,sonnet
34973,I_2,E2COLLECTIVEPOWER,N,sonnet
34973,I_2,E2CONSPIRACY,N,sonnet
34973,I_2,E2CONTROLMEDIA,N,sonnet
34973,I_2,E2CONTROLECONOMY,N,sonnet
34973,I_2,E2CONTROLGOV,N,sonnet
34973,I_2,E2CONTROLOTHER,N,sonnet
34973,I_2,E3COLLECTIVEBLAME,N,sonnet
41593,I_2,E1VIOLENCE,N,sonnet
41593,I_2,E1RADICAL,N,sonnet
41593,I_2,E2ALLEGATION,N,sonnet
41593,I_2,E2DEHUMANIZATION,N,sonnet
41593,I_2,E2DEMONIZE,N,sonnet
41593,I_2,E2STEREOTYPE,N,sonnet
41593,I_2,E2COLLECTIVEPOWER,N,sonnet
41593,I_2,E2CONSPIRACY,N,sonnet
41593,I_2,E2CONTROLMEDIA,N,sonnet
41593,I_2,E2CONTROLECONOMY,N,sonnet
41593,I_2,E2CONTROLGOV,N,sonnet
41593,I_2,E2CONTROLOTHER,N,sonnet
41593,I_2,E3COLLECTIVEBLAME,N,sonnet
20055,I_2,E1VIOLENCE,N,sonnet
20055,I_2,E1RADICAL,N,sonnet
20055,I_2,E2ALLEGATION,N,sonnet
20055,I_2,E2DEHUMANIZATION,N,sonnet
20055,I_2,E2DEMONIZE,N,sonnet
20055,I_2,E2STEREOTYPE,N,sonnet
20055,I_2,E2COLLECTIVEPOWER,N,sonnet
20055,I_2,E2CONSPIRACY,N,sonnet
20055,I_2,E2CONTROLMEDIA,N,sonnet
20055,I_2,E2CONTROLECONOMY,N,sonnet
20055,I_2,E2CONTROLGOV,N,sonnet
20055,I_2,E2CONTROLOTHER,N,sonnet
20055,I_2,E3COLLECTIVEBLAME,N,sonnet
44390,I_2,E1VIOLENCE,N,sonnet
44390,I_2,E1RADICAL,N,sonnet
44390,I_2,E2ALLEGATION,N,sonnet
44390,I_2,E2DEHUMANIZATION,N,sonnet
44390,I_2,E2DEMONIZE,N,sonnet
44390,I_2,E2STEREOTYPE,N,sonnet
44390,I_2,E2COLLECTIVEPOWER,N,sonnet
44390,I_2,E2CONSPIRACY,N,sonnet
44390,I_2,E2CONTROLMEDIA,N,sonnet
44390,I_2,E2CONTROLECONOMY,N,sonnet
44390,I_2,E2CONTROLGOV,N,sonnet
44390,I_2,E2CONTROLOTHER,N,sonnet
44390,I_2,E3COLLECTIVEBLAME,N,sonnet
25126,I_2,E1VIOLENCE,N,sonnet
25126,I_2,E1RADICAL,N,sonnet
25126,I_2,E2ALLEGATION,N,sonnet
25126,I_2,E2DEHUMANIZATION,N,sonnet
25126,I_2,E2DEMONIZE,N,sonnet
25126,I_2,E2STEREOTYPE,N,sonnet
25126,I_2,E2COLLECTIVEPOWER,N,sonnet
25126,I_2,E2CONSPIRACY,N,sonnet
25126,I_2,E2CONTROLMEDIA,N,sonnet
25126,I_2,E2CONTROLECONOMY,N,sonnet
25126,I_2,E2CONTROLGOV,N,sonnet
25126,I_2,E2CONTROLOTHER,N,sonnet
25126,I_2,E3COLLECTIVEBLAME,N,sonnet
5371,I_2,E1VIOLENCE,N,sonnet
5371,I_2,E1RADICAL,N,sonnet
5371,I_2,E2ALLEGATION,N,sonnet
5371,I_2,E2DEHUMANIZATION,N,sonnet
5371,I_2,E2DEMONIZE,N,sonnet
5371,I_2,E2STEREOTYPE,N,sonnet
5371,I_2,E2COLLECTIVEPOWER,N,sonnet
5371,I_2,E2CONSPIRACY,N,sonnet
5371,I_2,E2CONTROLMEDIA,N,sonnet
5371,I_2,E2CONTROLECONOMY,N,sonnet
5371,I_2,E2CONTROLGOV,N,sonnet
5371,I_2,E2CONTROLOTHER,N,sonnet
5371,I_2,E3COLLECTIVEBLAME,N,sonnet
13518,I_2,E1VIOLENCE,N,sonnet
13518,I_2,E1RADICAL,N,sonnet
13518,I_2,E2ALLEGATION,N,sonnet
13518,I_2,E2DEHUMANIZATION,N,sonnet
13518,I_2,E2DEMONIZE,N,sonnet
13518,I_2,E2STEREOTYPE,N,sonnet
13518,I_2,E2COLLECTIVEPOWER,N,sonnet
13518,I_2,E2CONSPIRACY,N,sonnet
13518,I_2,E2CONTROLMEDIA,N,sonnet
13518,I_2,E2CONTROLECONOMY,N,sonnet
13518,I_2,E2CONTROLGOV,N,sonnet
13518,I_2,E2CONTROLOTHER,N,sonnet
13518,I_2,E3COLLECTIVEBLAME,N,sonnet
6354,I_2,E1VIOLENCE,N,sonnet
6354,I_2,E1RADICAL,N,sonnet
6354,I_2,E2ALLEGATION,N,sonnet
6354,I_2,E2DEHUMANIZATION,N,sonnet
6354,I_2,E2DEMONIZE,N,sonnet
6354,I_2,E2STEREOTYPE,N,sonnet
6354,I_2,E2COLLECTIVEPOWER,N,sonnet
6354,I_2,E2CONSPIRACY,N,sonnet
6354,I_2,E2CONTROLMEDIA,N,sonnet
6354,I_2,E2CONTROLECONOMY,N,sonnet
6354,I_2,E2CONTROLGOV,N,sonnet
6354,I_2,E2CONTROLOTHER,N,sonnet
6354,I_2,E3COLLECTIVEBLAME,N,sonnet
12356,I_2,E1VIOLENCE,N,sonnet
12356,I_2,E1RADICAL,N,sonnet
12356,I_2,E2ALLEGATION,N,sonnet
12356,I_2,E2DEHUMANIZATION,N,sonnet
12356,I_2,E2DEMONIZE,N,sonnet
12356,I_2,E2STEREOTYPE,N,sonnet
12356,I_2,E2COLLECTIVEPOWER,N,sonnet
12356,I_2,E2CONSPIRACY,N,sonnet
12356,I_2,E2CONTROLMEDIA,N,sonnet
12356,I_2,E2CONTROLECONOMY,N,sonnet
12356,I_2,E2CONTROLGOV,N,sonnet
12356,I_2,E2CONTROLOTHER,N,sonnet
12356,I_2,E3COLLECTIVEBLAME,N,sonnet
20045,I_2,E1VIOLENCE,E,sonnet
20045,I_2,E1RADICAL,N,sonnet
20045,I_2,E2ALLEGATION,N,sonnet
20045,I_2,E2DEHUMANIZATION,E,sonnet
20045,I_2,E2DEMONIZE,N,sonnet
20045,I_2,E2STEREOTYPE,N,sonnet
20045,I_2,E2COLLECTIVEPOWER,N,sonnet
20045,I_2,E2CONSPIRACY,N,sonnet
20045,I_2,E2CONTROLMEDIA,N,sonnet
20045,I_2,E2CONTROLECONOMY,N,sonnet
20045,I_2,E2CONTROLGOV,N,sonnet
20045,I_2,E2CONTROLOTHER,N,sonnet
20045,I_2,E3COLLECTIVEBLAME,N,sonnet
24365,I_2,E1VIOLENCE,N,sonnet
24365,I_2,E1RADICAL,N,sonnet
24365,I_2,E2ALLEGATION,N,sonnet
24365,I_2,E2DEHUMANIZATION,N,sonnet
24365,I_2,E2DEMONIZE,N,sonnet
24365,I_2,E2STEREOTYPE,N,sonnet
24365,I_2,E2COLLECTIVEPOWER,N,sonnet
24365,I_2,E2CONSPIRACY,N,sonnet
24365,I_2,E2CONTROLMEDIA,N,sonnet
24365,I_2,E2CONTROLECONOMY,N,sonnet
24365,I_2,E2CONTROLGOV,N,sonnet
24365,I_2,E2CONTROLOTHER,N,sonnet
24365,I_2,E3COLLECTIVEBLAME,N,sonnet
17596,I_2,E1VIOLENCE,N,sonnet
17596,I_2,E1RADICAL,N,sonnet
17596,I_2,E2ALLEGATION,N,sonnet
17596,I_2,E2DEHUMANIZATION,N,sonnet
17596,I_2,E2DEMONIZE,N,sonnet
17596,I_2,E2STEREOTYPE,N,sonnet
17596,I_2,E2COLLECTIVEPOWER,N,sonnet
17596,I_2,E2CONSPIRACY,N,sonnet
17596,I_2,E2CONTROLMEDIA,N,sonnet
17596,I_2,E2CONTROLECONOMY,N,sonnet
17596,I_2,E2CONTROLGOV,N,sonnet
17596,I_2,E2CONTROLOTHER,N,sonnet
17596,I_2,E3COLLECTIVEBLAME,N,sonnet
20576,I_2,E1VIOLENCE,N,sonnet
20576,I_2,E1RADICAL,N,sonnet
20576,I_2,E2ALLEGATION,N,sonnet
20576,I_2,E2DEHUMANIZATION,N,sonnet
20576,I_2,E2DEMONIZE,N,sonnet
20576,I_2,E2STEREOTYPE,N,sonnet
20576,I_2,E2COLLECTIVEPOWER,N,sonnet
20576,I_2,E2CONSPIRACY,N,sonnet
20576,I_2,E2CONTROLMEDIA,N,sonnet
20576,I_2,E2CONTROLECONOMY,N,sonnet
20576,I_2,E2CONTROLGOV,N,sonnet
20576,I_2,E2CONTROLOTHER,N,sonnet
20576,I_2,E3COLLECTIVEBLAME,N,sonnet
34133,I_2,E1VIOLENCE,N,sonnet
34133,I_2,E1RADICAL,N,sonnet
34133,I_2,E2ALLEGATION,N,sonnet
34133,I_2,E2DEHUMANIZATION,N,sonnet
34133,I_2,E2DEMONIZE,N,sonnet
34133,I_2,E2STEREOTYPE,N,sonnet
34133,I_2,E2COLLECTIVEPOWER,N,sonnet
34133,I_2,E2CONSPIRACY,N,sonnet
34133,I_2,E2CONTROLMEDIA,N,sonnet
34133,I_2,E2CONTROLECONOMY,N,sonnet
34133,I_2,E2CONTROLGOV,N,sonnet
34133,I_2,E2CONTROLOTHER,N,sonnet
34133,I_2,E3COLLECTIVEBLAME,N,sonnet
21534,I_2,E1VIOLENCE,N,sonnet
21534,I_2,E1RADICAL,N,sonnet
21534,I_2,E2ALLEGATION,N,sonnet
21534,I_2,E2DEHUMANIZATION,N,sonnet
21534,I_2,E2DEMONIZE,N,sonnet
21534,I_2,E2STEREOTYPE,N,sonnet
21534,I_2,E2COLLECTIVEPOWER,N,sonnet
21534,I_2,E2CONSPIRACY,N,sonnet
21534,I_2,E2CONTROLMEDIA,N,sonnet
21534,I_2,E2CONTROLECONOMY,N,sonnet
21534,I_2,E2CONTROLGOV,N,sonnet
21534,I_2,E2CONTROLOTHER,N,sonnet
21534,I_2,E3COLLECTIVEBLAME,N,sonnet
25695,I_2,E1VIOLENCE,N,sonnet
25695,I_2,E1RADICAL,N,sonnet
25695,I_2,E2ALLEGATION,N,sonnet
25695,I_2,E2DEHUMANIZATION,N,sonnet
25695,I_2,E2DEMONIZE,N,sonnet
25695,I_2,E2STEREOTYPE,N,sonnet
25695,I_2,E2COLLECTIVEPOWER,N,sonnet
25695,I_2,E2CONSPIRACY,N,sonnet
25695,I_2,E2CONTROLMEDIA,N,sonnet
25695,I_2,E2CONTROLECONOMY,N,sonnet
25695,I_2,E2CONTROLGOV,N,sonnet
25695,I_2,E2CONTROLOTHER,N,sonnet
25695,I_2,E3COLLECTIVEBLAME,N,sonnet
39476,I_2,E1VIOLENCE,N,sonnet
39476,I_2,E1RADICAL,N,sonnet
39476,I_2,E2ALLEGATION,N,sonnet
39476,I_2,E2DEHUMANIZATION,N,sonnet
39476,I_2,E2DEMONIZE,N,sonnet
39476,I_2,E2STEREOTYPE,N,sonnet
39476,I_2,E2COLLECTIVEPOWER,N,sonnet
39476,I_2,E2CONSPIRACY,N,sonnet
39476,I_2,E2CONTROLMEDIA,N,sonnet
39476,I_2,E2CONTROLECONOMY,N,sonnet
39476,I_2,E2CONTROLGOV,N,sonnet
39476,I_2,E2CONTROLOTHER,N,sonnet
39476,I_2,E3COLLECTIVEBLAME,N,sonnet
8921,I_2,E1VIOLENCE,I,sonnet
8921,I_2,E1RADICAL,N,sonnet
8921,I_2,E2ALLEGATION,I,sonnet
8921,I_2,E2DEHUMANIZATION,I,sonnet
8921,I_2,E2DEMONIZE,N,sonnet
8921,I_2,E2STEREOTYPE,N,sonnet
8921,I_2,E2COLLECTIVEPOWER,N,sonnet
8921,I_2,E2CONSPIRACY,N,sonnet
8921,I_2,E2CONTROLMEDIA,N,sonnet
8921,I_2,E2CONTROLECONOMY,N,sonnet
8921,I_2,E2CONTROLGOV,N,sonnet
8921,I_2,E2CONTROLOTHER,N,sonnet
8921,I_2,E3COLLECTIVEBLAME,I,sonnet
40914,I_2,E1VIOLENCE,N,sonnet
40914,I_2,E1RADICAL,N,sonnet
40914,I_2,E2ALLEGATION,N,sonnet
40914,I_2,E2DEHUMANIZATION,N,sonnet
40914,I_2,E2DEMONIZE,N,sonnet
40914,I_2,E2STEREOTYPE,N,sonnet
40914,I_2,E2COLLECTIVEPOWER,N,sonnet
40914,I_2,E2CONSPIRACY,N,sonnet
40914,I_2,E2CONTROLMEDIA,N,sonnet
40914,I_2,E2CONTROLECONOMY,N,sonnet
40914,I_2,E2CONTROLGOV,N,sonnet
40914,I_2,E2CONTROLOTHER,N,sonnet
40914,I_2,E3COLLECTIVEBLAME,N,sonnet
8387,I_2,E1VIOLENCE,N,sonnet
8387,I_2,E1RADICAL,N,sonnet
8387,I_2,E2ALLEGATION,N,sonnet
8387,I_2,E2DEHUMANIZATION,N,sonnet
8387,I_2,E2DEMONIZE,N,sonnet
8387,I_2,E2STEREOTYPE,N,sonnet
8387,I_2,E2COLLECTIVEPOWER,N,sonnet
8387,I_2,E2CONSPIRACY,N,sonnet
8387,I_2,E2CONTROLMEDIA,N,sonnet
8387,I_2,E2CONTROLECONOMY,N,sonnet
8387,I_2,E2CONTROLGOV,N,sonnet
8387,I_2,E2CONTROLOTHER,N,sonnet
8387,I_2,E3COLLECTIVEBLAME,N,sonnet
41096,I_2,E1VIOLENCE,N,sonnet
41096,I_2,E1RADICAL,N,sonnet
41096,I_2,E2ALLEGATION,N,sonnet
41096,I_2,E2DEHUMANIZATION,I,sonnet
41096,I_2,E2DEMONIZE,N,sonnet
41096,I_2,E2STEREOTYPE,I,sonnet
41096,I_2,E2COLLECTIVEPOWER,N,sonnet
41096,I_2,E2CONSPIRACY,N,sonnet
41096,I_2,E2CONTROLMEDIA,N,sonnet
41096,I_2,E2CONTROLECONOMY,N,sonnet
41096,I_2,E2CONTROLGOV,N,sonnet
41096,I_2,E2CONTROLOTHER,N,sonnet
41096,I_2,E3COLLECTIVEBLAME,N,sonnet
40455,I_2,E1VIOLENCE,N,sonnet
40455,I_2,E1RADICAL,N,sonnet
40455,I_2,E2ALLEGATION,N,sonnet
40455,I_2,E2DEHUMANIZATION,N,sonnet
40455,I_2,E2DEMONIZE,N,sonnet
40455,I_2,E2STEREOTYPE,N,sonnet
40455,I_2,E2COLLECTIVEPOWER,N,sonnet
40455,I_2,E2CONSPIRACY,N,sonnet
40455,I_2,E2CONTROLMEDIA,N,sonnet
40455,I_2,E2CONTROLECONOMY,N,sonnet
40455,I_2,E2CONTROLGOV,N,sonnet
40455,I_2,E2CONTROLOTHER,N,sonnet
40455,I_2,E3COLLECTIVEBLAME,N,sonnet
36404,I_2,E1VIOLENCE,N,sonnet
36404,I_2,E1RADICAL,N,sonnet
36404,I_2,E2ALLEGATION,N,sonnet
36404,I_2,E2DEHUMANIZATION,N,sonnet
36404,I_2,E2DEMONIZE,N,sonnet
36404,I_2,E2STEREOTYPE,N,sonnet
36404,I_2,E2COLLECTIVEPOWER,N,sonnet
36404,I_2,E2CONSPIRACY,N,sonnet
36404,I_2,E2CONTROLMEDIA,N,sonnet
36404,I_2,E2CONTROLECONOMY,N,sonnet
36404,I_2,E2CONTROLGOV,N,sonnet
36404,I_2,E2CONTROLOTHER,N,sonnet
36404,I_2,E3COLLECTIVEBLAME,N,sonnet
41884,I_2,E1VIOLENCE,N,sonnet
41884,I_2,E1RADICAL,N,sonnet
41884,I_2,E2ALLEGATION,N,sonnet
41884,I_2,E2DEHUMANIZATION,N,sonnet
41884,I_2,E2DEMONIZE,N,sonnet
41884,I_2,E2STEREOTYPE,N,sonnet
41884,I_2,E2COLLECTIVEPOWER,N,sonnet
41884,I_2,E2CONSPIRACY,N,sonnet
41884,I_2,E2CONTROLMEDIA,N,sonnet
41884,I_2,E2CONTROLECONOMY,N,sonnet
41884,I_2,E2CONTROLGOV,N,sonnet
41884,I_2,E2CONTROLOTHER,N,sonnet
41884,I_2,E3COLLECTIVEBLAME,N,sonnet
27534,I_2,E1VIOLENCE,N,sonnet
27534,I_2,E1RADICAL,N,sonnet
27534,I_2,E2ALLEGATION,I,sonnet
27534,I_2,E2DEHUMANIZATION,I,sonnet
27534,I_2,E2DEMONIZE,I,sonnet
27534,I_2,E2STEREOTYPE,N,sonnet
27534,I_2,E2COLLECTIVEPOWER,I,sonnet
27534,I_2,E2CONSPIRACY,N,sonnet
27534,I_2,E2CONTROLMEDIA,N,sonnet
27534,I_2,E2CONTROLECONOMY,N,sonnet
27534,I_2,E2CONTROLGOV,N,sonnet
27534,I_2,E2CONTROLOTHER,N,sonnet
27534,I_2,E3COLLECTIVEBLAME,N,sonnet
15808,I_2,E1VIOLENCE,N,sonnet
15808,I_2,E1RADICAL,N,sonnet
15808,I_2,E2ALLEGATION,N,sonnet
15808,I_2,E2DEHUMANIZATION,N,sonnet
15808,I_2,E2DEMONIZE,N,sonnet
15808,I_2,E2STEREOTYPE,N,sonnet
15808,I_2,E2COLLECTIVEPOWER,N,sonnet
15808,I_2,E2CONSPIRACY,N,sonnet
15808,I_2,E2CONTROLMEDIA,N,sonnet
15808,I_2,E2CONTROLECONOMY,N,sonnet
15808,I_2,E2CONTROLGOV,N,sonnet
15808,I_2,E2CONTROLOTHER,N,sonnet
15808,I_2,E3COLLECTIVEBLAME,N,sonnet
40964,I_2,E1VIOLENCE,N,sonnet
40964,I_2,E1RADICAL,N,sonnet
40964,I_2,E2ALLEGATION,A,sonnet
40964,I_2,E2DEHUMANIZATION,A,sonnet
40964,I_2,E2DEMONIZE,A,sonnet
40964,I_2,E2STEREOTYPE,A,sonnet
40964,I_2,E2COLLECTIVEPOWER,N,sonnet
40964,I_2,E2CONSPIRACY,N,sonnet
40964,I_2,E2CONTROLMEDIA,N,sonnet
40964,I_2,E2CONTROLECONOMY,N,sonnet
40964,I_2,E2CONTROLGOV,N,sonnet
40964,I_2,E2CONTROLOTHER,N,sonnet
40964,I_2,E3COLLECTIVEBLAME,N,sonnet
44611,I_2,E1VIOLENCE,N,sonnet
44611,I_2,E1RADICAL,N,sonnet
44611,I_2,E2ALLEGATION,N,sonnet
44611,I_2,E2DEHUMANIZATION,N,sonnet
44611,I_2,E2DEMONIZE,N,sonnet
44611,I_2,E2STEREOTYPE,N,sonnet
44611,I_2,E2COLLECTIVEPOWER,N,sonnet
44611,I_2,E2CONSPIRACY,N,sonnet
44611,I_2,E2CONTROLMEDIA,N,sonnet
44611,I_2,E2CONTROLECONOMY,N,sonnet
44611,I_2,E2CONTROLGOV,N,sonnet
44611,I_2,E2CONTROLOTHER,N,sonnet
44611,I_2,E3COLLECTIVEBLAME,N,sonnet
1191,I_2,E1VIOLENCE,N,sonnet
1191,I_2,E1RADICAL,N,sonnet
1191,I_2,E2ALLEGATION,N,sonnet
1191,I_2,E2DEHUMANIZATION,N,sonnet
1191,I_2,E2DEMONIZE,N,sonnet
1191,I_2,E2STEREOTYPE,N,sonnet
1191,I_2,E2COLLECTIVEPOWER,N,sonnet
1191,I_2,E2CONSPIRACY,N,sonnet
1191,I_2,E2CONTROLMEDIA,N,sonnet
1191,I_2,E2CONTROLECONOMY,N,sonnet
1191,I_2,E2CONTROLGOV,N,sonnet
1191,I_2,E2CONTROLOTHER,N,sonnet
1191,I_2,E3COLLECTIVEBLAME,N,sonnet
2506,I_2,E1VIOLENCE,N,sonnet
2506,I_2,E1RADICAL,N,sonnet
2506,I_2,E2ALLEGATION,I,sonnet
2506,I_2,E2DEHUMANIZATION,N,sonnet
2506,I_2,E2DEMONIZE,I,sonnet
2506,I_2,E2STEREOTYPE,N,sonnet
2506,I_2,E2COLLECTIVEPOWER,N,sonnet
2506,I_2,E2CONSPIRACY,N,sonnet
2506,I_2,E2CONTROLMEDIA,N,sonnet
2506,I_2,E2CONTROLECONOMY,N,sonnet
2506,I_2,E2CONTROLGOV,N,sonnet
2506,I_2,E2CONTROLOTHER,N,sonnet
2506,I_2,E3COLLECTIVEBLAME,I,sonnet
4790,I_2,E1VIOLENCE,N,sonnet
4790,I_2,E1RADICAL,N,sonnet
4790,I_2,E2ALLEGATION,N,sonnet
4790,I_2,E2DEHUMANIZATION,N,sonnet
4790,I_2,E2DEMONIZE,N,sonnet
4790,I_2,E2STEREOTYPE,N,sonnet
4790,I_2,E2COLLECTIVEPOWER,N,sonnet
4790,I_2,E2CONSPIRACY,N,sonnet
4790,I_2,E2CONTROLMEDIA,N,sonnet
4790,I_2,E2CONTROLECONOMY,N,sonnet
4790,I_2,E2CONTROLGOV,N,sonnet
4790,I_2,E2CONTROLOTHER,N,sonnet
4790,I_2,E3COLLECTIVEBLAME,N,sonnet
44799,I_2,E1VIOLENCE,N,sonnet
44799,I_2,E1RADICAL,N,sonnet
44799,I_2,E2ALLEGATION,N,sonnet
44799,I_2,E2DEHUMANIZATION,N,sonnet
44799,I_2,E2DEMONIZE,N,sonnet
44799,I_2,E2STEREOTYPE,N,sonnet
44799,I_2,E2COLLECTIVEPOWER,N,sonnet
44799,I_2,E2CONSPIRACY,N,sonnet
44799,I_2,E2CONTROLMEDIA,N,sonnet
44799,I_2,E2CONTROLECONOMY,N,sonnet
44799,I_2,E2CONTROLGOV,N,sonnet
44799,I_2,E2CONTROLOTHER,N,sonnet
44799,I_2,E3COLLECTIVEBLAME,N,sonnet
46802,I_2,E1VIOLENCE,E,sonnet
46802,I_2,E1RADICAL,N,sonnet
46802,I_2,E2ALLEGATION,N,sonnet
46802,I_2,E2DEHUMANIZATION,E,sonnet
46802,I_2,E2DEMONIZE,N,sonnet
46802,I_2,E2STEREOTYPE,N,sonnet
46802,I_2,E2COLLECTIVEPOWER,N,sonnet
46802,I_2,E2CONSPIRACY,N,sonnet
46802,I_2,E2CONTROLMEDIA,N,sonnet
46802,I_2,E2CONTROLECONOMY,N,sonnet
46802,I_2,E2CONTROLGOV,N,sonnet
46802,I_2,E2CONTROLOTHER,N,sonnet
46802,I_2,E3COLLECTIVEBLAME,N,sonnet
34421,I_2,E1VIOLENCE,N,sonnet
34421,I_2,E1RADICAL,N,sonnet
34421,I_2,E2ALLEGATION,N,sonnet
34421,I_2,E2DEHUMANIZATION,N,sonnet
34421,I_2,E2DEMONIZE,N,sonnet
34421,I_2,E2STEREOTYPE,N,sonnet
34421,I_2,E2COLLECTIVEPOWER,N,sonnet
34421,I_2,E2CONSPIRACY,N,sonnet
34421,I_2,E2CONTROLMEDIA,N,sonnet
34421,I_2,E2CONTROLECONOMY,N,sonnet
34421,I_2,E2CONTROLGOV,N,sonnet
34421,I_2,E2CONTROLOTHER,N,sonnet
34421,I_2,E3COLLECTIVEBLAME,N,sonnet
42025,I_2,E1VIOLENCE,A,sonnet
42025,I_2,E1RADICAL,A,sonnet
42025,I_2,E2ALLEGATION,N,sonnet
42025,I_2,E2DEHUMANIZATION,N,sonnet
42025,I_2,E2DEMONIZE,N,sonnet
42025,I_2,E2STEREOTYPE,N,sonnet
42025,I_2,E2COLLECTIVEPOWER,N,sonnet
42025,I_2,E2CONSPIRACY,N,sonnet
42025,I_2,E2CONTROLMEDIA,N,sonnet
42025,I_2,E2CONTROLECONOMY,N,sonnet
42025,I_2,E2CONTROLGOV,N,sonnet
42025,I_2,E2CONTROLOTHER,N,sonnet
42025,I_2,E3COLLECTIVEBLAME,N,sonnet
20013,I_2,E1VIOLENCE,N,sonnet
20013,I_2,E1RADICAL,N,sonnet
20013,I_2,E2ALLEGATION,N,sonnet
20013,I_2,E2DEHUMANIZATION,N,sonnet
20013,I_2,E2DEMONIZE,N,sonnet
20013,I_2,E2STEREOTYPE,N,sonnet
20013,I_2,E2COLLECTIVEPOWER,N,sonnet
20013,I_2,E2CONSPIRACY,N,sonnet
20013,I_2,E2CONTROLMEDIA,N,sonnet
20013,I_2,E2CONTROLECONOMY,N,sonnet
20013,I_2,E2CONTROLGOV,N,sonnet
20013,I_2,E2CONTROLOTHER,N,sonnet
20013,I_2,E3COLLECTIVEBLAME,N,sonnet
4389,I_2,E1VIOLENCE,N,sonnet
4389,I_2,E1RADICAL,N,sonnet
4389,I_2,E2ALLEGATION,N,sonnet
4389,I_2,E2DEHUMANIZATION,N,sonnet
4389,I_2,E2DEMONIZE,N,sonnet
4389,I_2,E2STEREOTYPE,N,sonnet
4389,I_2,E2COLLECTIVEPOWER,N,sonnet
4389,I_2,E2CONSPIRACY,N,sonnet
4389,I_2,E2CONTROLMEDIA,N,sonnet
4389,I_2,E2CONTROLECONOMY,N,sonnet
4389,I_2,E2CONTROLGOV,N,sonnet
4389,I_2,E2CONTROLOTHER,N,sonnet
4389,I_2,E3COLLECTIVEBLAME,N,sonnet
14847,I_2,E1VIOLENCE,N,sonnet
14847,I_2,E1RADICAL,N,sonnet
14847,I_2,E2ALLEGATION,E,sonnet
14847,I_2,E2DEHUMANIZATION,I,sonnet
14847,I_2,E2DEMONIZE,E,sonnet
14847,I_2,E2STEREOTYPE,E,sonnet
14847,I_2,E2COLLECTIVEPOWER,I,sonnet
14847,I_2,E2CONSPIRACY,N,sonnet
14847,I_2,E2CONTROLMEDIA,N,sonnet
14847,I_2,E2CONTROLECONOMY,N,sonnet
14847,I_2,E2CONTROLGOV,N,sonnet
14847,I_2,E2CONTROLOTHER,N,sonnet
14847,I_2,E3COLLECTIVEBLAME,N,sonnet
44545,I_2,E1VIOLENCE,A,sonnet
44545,I_2,E1RADICAL,A,sonnet
44545,I_2,E2ALLEGATION,N,sonnet
44545,I_2,E2DEHUMANIZATION,N,sonnet
44545,I_2,E2DEMONIZE,N,sonnet
44545,I_2,E2STEREOTYPE,N,sonnet
44545,I_2,E2COLLECTIVEPOWER,N,sonnet
44545,I_2,E2CONSPIRACY,N,sonnet
44545,I_2,E2CONTROLMEDIA,N,sonnet
44545,I_2,E2CONTROLECONOMY,N,sonnet
44545,I_2,E2CONTROLGOV,N,sonnet
44545,I_2,E2CONTROLOTHER,N,sonnet
44545,I_2,E3COLLECTIVEBLAME,N,sonnet
13270,I_2,E1VIOLENCE,A,sonnet
13270,I_2,E1RADICAL,N,sonnet
13270,I_2,E2ALLEGATION,N,sonnet
13270,I_2,E2DEHUMANIZATION,N,sonnet
13270,I_2,E2DEMONIZE,N,sonnet
13270,I_2,E2STEREOTYPE,N,sonnet
13270,I_2,E2COLLECTIVEPOWER,N,sonnet
13270,I_2,E2CONSPIRACY,N,sonnet
13270,I_2,E2CONTROLMEDIA,N,sonnet
13270,I_2,E2CONTROLECONOMY,N,sonnet
13270,I_2,E2CONTROLGOV,N,sonnet
13270,I_2,E2CONTROLOTHER,N,sonnet
13270,I_2,E3COLLECTIVEBLAME,N,sonnet
36190,I_2,E1VIOLENCE,N,sonnet
36190,I_2,E1RADICAL,N,sonnet
36190,I_2,E2ALLEGATION,N,sonnet
36190,I_2,E2DEHUMANIZATION,N,sonnet
36190,I_2,E2DEMONIZE,N,sonnet
36190,I_2,E2STEREOTYPE,N,sonnet
36190,I_2,E2COLLECTIVEPOWER,N,sonnet
36190,I_2,E2CONSPIRACY,N,sonnet
36190,I_2,E2CONTROLMEDIA,N,sonnet
36190,I_2,E2CONTROLECONOMY,N,sonnet
36190,I_2,E2CONTROLGOV,N,sonnet
36190,I_2,E2CONTROLOTHER,N,sonnet
36190,I_2,E3COLLECTIVEBLAME,N,sonnet
32677,I_2,E1VIOLENCE,N,sonnet
32677,I_2,E1RADICAL,N,sonnet
32677,I_2,E2ALLEGATION,N,sonnet
32677,I_2,E2DEHUMANIZATION,N,sonnet
32677,I_2,E2DEMONIZE,N,sonnet
32677,I_2,E2STEREOTYPE,N,sonnet
32677,I_2,E2COLLECTIVEPOWER,N,sonnet
32677,I_2,E2CONSPIRACY,N,sonnet
32677,I_2,E2CONTROLMEDIA,N,sonnet
32677,I_2,E2CONTROLECONOMY,N,sonnet
32677,I_2,E2CONTROLGOV,N,sonnet
32677,I_2,E2CONTROLOTHER,N,sonnet
32677,I_2,E3COLLECTIVEBLAME,N,sonnet
8460,I_2,E1VIOLENCE,N,sonnet
8460,I_2,E1RADICAL,N,sonnet
8460,I_2,E2ALLEGATION,N,sonnet
8460,I_2,E2DEHUMANIZATION,N,sonnet
8460,I_2,E2DEMONIZE,N,sonnet
8460,I_2,E2STEREOTYPE,N,sonnet
8460,I_2,E2COLLECTIVEPOWER,N,sonnet
8460,I_2,E2CONSPIRACY,N,sonnet
8460,I_2,E2CONTROLMEDIA,N,sonnet
8460,I_2,E2CONTROLECONOMY,N,sonnet
8460,I_2,E2CONTROLGOV,N,sonnet
8460,I_2,E2CONTROLOTHER,N,sonnet
8460,I_2,E3COLLECTIVEBLAME,N,sonnet
44956,I_2,E1VIOLENCE,N,sonnet
44956,I_2,E1RADICAL,N,sonnet
44956,I_2,E2ALLEGATION,N,sonnet
44956,I_2,E2DEHUMANIZATION,N,sonnet
44956,I_2,E2DEMONIZE,N,sonnet
44956,I_2,E2STEREOTYPE,N,sonnet
44956,I_2,E2COLLECTIVEPOWER,N,sonnet
44956,I_2,E2CONSPIRACY,N,sonnet
44956,I_2,E2CONTROLMEDIA,N,sonnet
44956,I_2,E2CONTROLECONOMY,N,sonnet
44956,I_2,E2CONTROLGOV,N,sonnet
44956,I_2,E2CONTROLOTHER,N,sonnet
44956,I_2,E3COLLECTIVEBLAME,N,sonnet
46389,I_2,E1VIOLENCE,N,sonnet
46389,I_2,E1RADICAL,N,sonnet
46389,I_2,E2ALLEGATION,N,sonnet
46389,I_2,E2DEHUMANIZATION,N,sonnet
46389,I_2,E2DEMONIZE,N,sonnet
46389,I_2,E2STEREOTYPE,N,sonnet
46389,I_2,E2COLLECTIVEPOWER,N,sonnet
46389,I_2,E2CONSPIRACY,N,sonnet
46389,I_2,E2CONTROLMEDIA,N,sonnet
46389,I_2,E2CONTROLECONOMY,N,sonnet
46389,I_2,E2CONTROLGOV,N,sonnet
46389,I_2,E2CONTROLOTHER,N,sonnet
46389,I_2,E3COLLECTIVEBLAME,N,sonnet
29288,I_2,E1VIOLENCE,N,sonnet
29288,I_2,E1RADICAL,N,sonnet
29288,I_2,E2ALLEGATION,N,sonnet
29288,I_2,E2DEHUMANIZATION,N,sonnet
29288,I_2,E2DEMONIZE,N,sonnet
29288,I_2,E2STEREOTYPE,N,sonnet
29288,I_2,E2COLLECTIVEPOWER,N,sonnet
29288,I_2,E2CONSPIRACY,N,sonnet
29288,I_2,E2CONTROLMEDIA,N,sonnet
29288,I_2,E2CONTROLECONOMY,N,sonnet
29288,I_2,E2CONTROLGOV,N,sonnet
29288,I_2,E2CONTROLOTHER,N,sonnet
29288,I_2,E3COLLECTIVEBLAME,N,sonnet
42668,I_2,E1VIOLENCE,N,sonnet
42668,I_2,E1RADICAL,N,sonnet
42668,I_2,E2ALLEGATION,E,sonnet
42668,I_2,E2DEHUMANIZATION,N,sonnet
42668,I_2,E2DEMONIZE,E,sonnet
42668,I_2,E2STEREOTYPE,E,sonnet
42668,I_2,E2COLLECTIVEPOWER,N,sonnet
42668,I_2,E2CONSPIRACY,N,sonnet
42668,I_2,E2CONTROLMEDIA,I,sonnet
42668,I_2,E2CONTROLECONOMY,N,sonnet
42668,I_2,E2CONTROLGOV,N,sonnet
42668,I_2,E2CONTROLOTHER,I,sonnet
42668,I_2,E3COLLECTIVEBLAME,I,sonnet
43128,I_2,E1VIOLENCE,N,sonnet
43128,I_2,E1RADICAL,N,sonnet
43128,I_2,E2ALLEGATION,N,sonnet
43128,I_2,E2DEHUMANIZATION,N,sonnet
43128,I_2,E2DEMONIZE,N,sonnet
43128,I_2,E2STEREOTYPE,N,sonnet
43128,I_2,E2COLLECTIVEPOWER,N,sonnet
43128,I_2,E2CONSPIRACY,N,sonnet
43128,I_2,E2CONTROLMEDIA,N,sonnet
43128,I_2,E2CONTROLECONOMY,N,sonnet
43128,I_2,E2CONTROLGOV,N,sonnet
43128,I_2,E2CONTROLOTHER,N,sonnet
43128,I_2,E3COLLECTIVEBLAME,N,sonnet
41587,I_2,E1VIOLENCE,N,sonnet
41587,I_2,E1RADICAL,N,sonnet
41587,I_2,E2ALLEGATION,I,sonnet
41587,I_2,E2DEHUMANIZATION,N,sonnet
41587,I_2,E2DEMONIZE,I,sonnet
41587,I_2,E2STEREOTYPE,N,sonnet
41587,I_2,E2COLLECTIVEPOWER,N,sonnet
41587,I_2,E2CONSPIRACY,I,sonnet
41587,I_2,E2CONTROLMEDIA,A,sonnet
41587,I_2,E2CONTROLECONOMY,N,sonnet
41587,I_2,E2CONTROLGOV,N,sonnet
41587,I_2,E2CONTROLOTHER,A,sonnet
41587,I_2,E3COLLECTIVEBLAME,N,sonnet
49104,I_2,E1VIOLENCE,N,sonnet
49104,I_2,E1RADICAL,N,sonnet
49104,I_2,E2ALLEGATION,E,sonnet
49104,I_2,E2DEHUMANIZATION,E,sonnet
49104,I_2,E2DEMONIZE,E,sonnet
49104,I_2,E2STEREOTYPE,E,sonnet
49104,I_2,E2COLLECTIVEPOWER,E,sonnet
49104,I_2,E2CONSPIRACY,I,sonnet
49104,I_2,E2CONTROLMEDIA,N,sonnet
49104,I_2,E2CONTROLECONOMY,I,sonnet
49104,I_2,E2CONTROLGOV,I,sonnet
49104,I_2,E2CONTROLOTHER,I,sonnet
49104,I_2,E3COLLECTIVEBLAME,E,sonnet
30068,I_2,E1VIOLENCE,N,sonnet
30068,I_2,E1RADICAL,N,sonnet
30068,I_2,E2ALLEGATION,I,sonnet
30068,I_2,E2DEHUMANIZATION,N,sonnet
30068,I_2,E2DEMONIZE,N,sonnet
30068,I_2,E2STEREOTYPE,N,sonnet
30068,I_2,E2COLLECTIVEPOWER,N,sonnet
30068,I_2,E2CONSPIRACY,N,sonnet
30068,I_2,E2CONTROLMEDIA,N,sonnet
30068,I_2,E2CONTROLECONOMY,N,sonnet
30068,I_2,E2CONTROLGOV,N,sonnet
30068,I_2,E2CONTROLOTHER,N,sonnet
30068,I_2,E3COLLECTIVEBLAME,N,sonnet
24731,I_2,E1VIOLENCE,N,sonnet
24731,I_2,E1RADICAL,N,sonnet
24731,I_2,E2ALLEGATION,N,sonnet
24731,I_2,E2DEHUMANIZATION,N,sonnet
24731,I_2,E2DEMONIZE,N,sonnet
24731,I_2,E2STEREOTYPE,N,sonnet
24731,I_2,E2COLLECTIVEPOWER,N,sonnet
24731,I_2,E2CONSPIRACY,N,sonnet
24731,I_2,E2CONTROLMEDIA,N,sonnet
24731,I_2,E2CONTROLECONOMY,N,sonnet
24731,I_2,E2CONTROLGOV,N,sonnet
24731,I_2,E2CONTROLOTHER,N,sonnet
24731,I_2,E3COLLECTIVEBLAME,N,sonnet
1390,I_2,E1VIOLENCE,N,sonnet
1390,I_2,E1RADICAL,N,sonnet
1390,I_2,E2ALLEGATION,N,sonnet
1390,I_2,E2DEHUMANIZATION,N,sonnet
1390,I_2,E2DEMONIZE,N,sonnet
1390,I_2,E2STEREOTYPE,N,sonnet
1390,I_2,E2COLLECTIVEPOWER,N,sonnet
1390,I_2,E2CONSPIRACY,N,sonnet
1390,I_2,E2CONTROLMEDIA,N,sonnet
1390,I_2,E2CONTROLECONOMY,N,sonnet
1390,I_2,E2CONTROLGOV,N,sonnet
1390,I_2,E2CONTROLOTHER,N,sonnet
1390,I_2,E3COLLECTIVEBLAME,N,sonnet
1456,I_2,E1VIOLENCE,N,sonnet
1456,I_2,E1RADICAL,N,sonnet
1456,I_2,E2ALLEGATION,N,sonnet
1456,I_2,E2DEHUMANIZATION,N,sonnet
1456,I_2,E2DEMONIZE,N,sonnet
1456,I_2,E2STEREOTYPE,N,sonnet
1456,I_2,E2COLLECTIVEPOWER,N,sonnet
1456,I_2,E2CONSPIRACY,N,sonnet
1456,I_2,E2CONTROLMEDIA,N,sonnet
1456,I_2,E2CONTROLECONOMY,N,sonnet
1456,I_2,E2CONTROLGOV,N,sonnet
1456,I_2,E2CONTROLOTHER,N,sonnet
1456,I_2,E3COLLECTIVEBLAME,N,sonnet
46051,I_2,E1VIOLENCE,N,sonnet
46051,I_2,E1RADICAL,N,sonnet
46051,I_2,E2ALLEGATION,N,sonnet
46051,I_2,E2DEHUMANIZATION,N,sonnet
46051,I_2,E2DEMONIZE,N,sonnet
46051,I_2,E2STEREOTYPE,N,sonnet
46051,I_2,E2COLLECTIVEPOWER,N,sonnet
46051,I_2,E2CONSPIRACY,N,sonnet
46051,I_2,E2CONTROLMEDIA,N,sonnet
46051,I_2,E2CONTROLECONOMY,N,sonnet
46051,I_2,E2CONTROLGOV,N,sonnet
46051,I_2,E2CONTROLOTHER,N,sonnet
46051,I_2,E3COLLECTIVEBLAME,N,sonnet
33025,I_2,E1VIOLENCE,N,sonnet
33025,I_2,E1RADICAL,N,sonnet
33025,I_2,E2ALLEGATION,N,sonnet
33025,I_2,E2DEHUMANIZATION,N,sonnet
33025,I_2,E2DEMONIZE,N,sonnet
33025,I_2,E2STEREOTYPE,N,sonnet
33025,I_2,E2COLLECTIVEPOWER,N,sonnet
33025,I_2,E2CONSPIRACY,N,sonnet
33025,I_2,E2CONTROLMEDIA,N,sonnet
33025,I_2,E2CONTROLECONOMY,N,sonnet
33025,I_2,E2CONTROLGOV,N,sonnet
33025,I_2,E2CONTROLOTHER,N,sonnet
33025,I_2,E3COLLECTIVEBLAME,N,sonnet
10698,I_2,E1VIOLENCE,N,sonnet
10698,I_2,E1RADICAL,N,sonnet
10698,I_2,E2ALLEGATION,N,sonnet
10698,I_2,E2DEHUMANIZATION,N,sonnet
10698,I_2,E2DEMONIZE,N,sonnet
10698,I_2,E2STEREOTYPE,N,sonnet
10698,I_2,E2COLLECTIVEPOWER,N,sonnet
10698,I_2,E2CONSPIRACY,N,sonnet
10698,I_2,E2CONTROLMEDIA,N,sonnet
10698,I_2,E2CONTROLECONOMY,N,sonnet
10698,I_2,E2CONTROLGOV,N,sonnet
10698,I_2,E2CONTROLOTHER,N,sonnet
10698,I_2,E3COLLECTIVEBLAME,N,sonnet
30903,I_2,E1VIOLENCE,N,sonnet
30903,I_2,E1RADICAL,N,sonnet
30903,I_2,E2ALLEGATION,N,sonnet
30903,I_2,E2DEHUMANIZATION,N,sonnet
30903,I_2,E2DEMONIZE,N,sonnet
30903,I_2,E2STEREOTYPE,N,sonnet
30903,I_2,E2COLLECTIVEPOWER,N,sonnet
30903,I_2,E2CONSPIRACY,N,sonnet
30903,I_2,E2CONTROLMEDIA,N,sonnet
30903,I_2,E2CONTROLECONOMY,N,sonnet
30903,I_2,E2CONTROLGOV,N,sonnet
30903,I_2,E2CONTROLOTHER,N,sonnet
30903,I_2,E3COLLECTIVEBLAME,N,sonnet
49996,I_2,E1VIOLENCE,N,sonnet
49996,I_2,E1RADICAL,N,sonnet
49996,I_2,E2ALLEGATION,I,sonnet
49996,I_2,E2DEHUMANIZATION,I,sonnet
49996,I_2,E2DEMONIZE,I,sonnet
49996,I_2,E2STEREOTYPE,I,sonnet
49996,I_2,E2COLLECTIVEPOWER,N,sonnet
49996,I_2,E2CONSPIRACY,N,sonnet
49996,I_2,E2CONTROLMEDIA,N,sonnet
49996,I_2,E2CONTROLECONOMY,N,sonnet
49996,I_2,E2CONTROLGOV,N,sonnet
49996,I_2,E2CONTROLOTHER,N,sonnet
49996,I_2,E3COLLECTIVEBLAME,N,sonnet
5711,I_2,E1VIOLENCE,N,sonnet
5711,I_2,E1RADICAL,N,sonnet
5711,I_2,E2ALLEGATION,N,sonnet
5711,I_2,E2DEHUMANIZATION,N,sonnet
5711,I_2,E2DEMONIZE,N,sonnet
5711,I_2,E2STEREOTYPE,N,sonnet
5711,I_2,E2COLLECTIVEPOWER,N,sonnet
5711,I_2,E2CONSPIRACY,N,sonnet
5711,I_2,E2CONTROLMEDIA,N,sonnet
5711,I_2,E2CONTROLECONOMY,N,sonnet
5711,I_2,E2CONTROLGOV,N,sonnet
5711,I_2,E2CONTROLOTHER,N,sonnet
5711,I_2,E3COLLECTIVEBLAME,N,sonnet
37498,I_2,E1VIOLENCE,N,sonnet
37498,I_2,E1RADICAL,N,sonnet
37498,I_2,E2ALLEGATION,N,sonnet
37498,I_2,E2DEHUMANIZATION,N,sonnet
37498,I_2,E2DEMONIZE,N,sonnet
37498,I_2,E2STEREOTYPE,N,sonnet
37498,I_2,E2COLLECTIVEPOWER,N,sonnet
37498,I_2,E2CONSPIRACY,N,sonnet
37498,I_2,E2CONTROLMEDIA,N,sonnet
37498,I_2,E2CONTROLECONOMY,N,sonnet
37498,I_2,E2CONTROLGOV,N,sonnet
37498,I_2,E2CONTROLOTHER,N,sonnet
37498,I_2,E3COLLECTIVEBLAME,N,sonnet
2683,I_2,E1VIOLENCE,I,sonnet
2683,I_2,E1RADICAL,I,sonnet
2683,I_2,E2ALLEGATION,N,sonnet
2683,I_2,E2DEHUMANIZATION,N,sonnet
2683,I_2,E2DEMONIZE,N,sonnet
2683,I_2,E2STEREOTYPE,N,sonnet
2683,I_2,E2COLLECTIVEPOWER,N,sonnet
2683,I_2,E2CONSPIRACY,N,sonnet
2683,I_2,E2CONTROLMEDIA,N,sonnet
2683,I_2,E2CONTROLECONOMY,N,sonnet
2683,I_2,E2CONTROLGOV,N,sonnet
2683,I_2,E2CONTROLOTHER,N,sonnet
2683,I_2,E3COLLECTIVEBLAME,N,sonnet
4188,I_2,E1VIOLENCE,I,sonnet
4188,I_2,E1RADICAL,N,sonnet
4188,I_2,E2ALLEGATION,N,sonnet
4188,I_2,E2DEHUMANIZATION,E,sonnet
4188,I_2,E2DEMONIZE,N,sonnet
4188,I_2,E2STEREOTYPE,N,sonnet
4188,I_2,E2COLLECTIVEPOWER,N,sonnet
4188,I_2,E2CONSPIRACY,N,sonnet
4188,I_2,E2CONTROLMEDIA,N,sonnet
4188,I_2,E2CONTROLECONOMY,N,sonnet
4188,I_2,E2CONTROLGOV,N,sonnet
4188,I_2,E2CONTROLOTHER,N,sonnet
4188,I_2,E3COLLECTIVEBLAME,N,sonnet
11598,I_2,E1VIOLENCE,N,sonnet
11598,I_2,E1RADICAL,N,sonnet
11598,I_2,E2ALLEGATION,A,sonnet
11598,I_2,E2DEHUMANIZATION,N,sonnet
11598,I_2,E2DEMONIZE,N,sonnet
11598,I_2,E2STEREOTYPE,A,sonnet
11598,I_2,E2COLLECTIVEPOWER,N,sonnet
11598,I_2,E2CONSPIRACY,N,sonnet
11598,I_2,E2CONTROLMEDIA,N,sonnet
11598,I_2,E2CONTROLECONOMY,N,sonnet
11598,I_2,E2CONTROLGOV,N,sonnet
11598,I_2,E2CONTROLOTHER,N,sonnet
11598,I_2,E3COLLECTIVEBLAME,N,sonnet
8029,I_2,E1VIOLENCE,N,sonnet
8029,I_2,E1RADICAL,N,sonnet
8029,I_2,E2ALLEGATION,N,sonnet
8029,I_2,E2DEHUMANIZATION,N,sonnet
8029,I_2,E2DEMONIZE,N,sonnet
8029,I_2,E2STEREOTYPE,N,sonnet
8029,I_2,E2COLLECTIVEPOWER,N,sonnet
8029,I_2,E2CONSPIRACY,N,sonnet
8029,I_2,E2CONTROLMEDIA,N,sonnet
8029,I_2,E2CONTROLECONOMY,N,sonnet
8029,I_2,E2CONTROLGOV,N,sonnet
8029,I_2,E2CONTROLOTHER,N,sonnet
8029,I_2,E3COLLECTIVEBLAME,N,sonnet
25453,I_2,E1VIOLENCE,N,sonnet
25453,I_2,E1RADICAL,N,sonnet
25453,I_2,E2ALLEGATION,N,sonnet
25453,I_2,E2DEHUMANIZATION,N,sonnet
25453,I_2,E2DEMONIZE,N,sonnet
25453,I_2,E2STEREOTYPE,N,sonnet
25453,I_2,E2COLLECTIVEPOWER,N,sonnet
25453,I_2,E2CONSPIRACY,N,sonnet
25453,I_2,E2CONTROLMEDIA,N,sonnet
25453,I_2,E2CONTROLECONOMY,N,sonnet
25453,I_2,E2CONTROLGOV,N,sonnet
25453,I_2,E2CONTROLOTHER,N,sonnet
25453,I_2,E3COLLECTIVEBLAME,N,sonnet
28583,I_2,E1VIOLENCE,N,sonnet
28583,I_2,E1RADICAL,N,sonnet
28583,I_2,E2ALLEGATION,N,sonnet
28583,I_2,E2DEHUMANIZATION,N,sonnet
28583,I_2,E2DEMONIZE,N,sonnet
28583,I_2,E2STEREOTYPE,N,sonnet
28583,I_2,E2COLLECTIVEPOWER,N,sonnet
28583,I_2,E2CONSPIRACY,N,sonnet
28583,I_2,E2CONTROLMEDIA,N,sonnet
28583,I_2,E2CONTROLECONOMY,N,sonnet
28583,I_2,E2CONTROLGOV,N,sonnet
28583,I_2,E2CONTROLOTHER,N,sonnet
28583,I_2,E3COLLECTIVEBLAME,N,sonnet
7681,I_2,E1VIOLENCE,N,sonnet
7681,I_2,E1RADICAL,N,sonnet
7681,I_2,E2ALLEGATION,N,sonnet
7681,I_2,E2DEHUMANIZATION,N,sonnet
7681,I_2,E2DEMONIZE,N,sonnet
7681,I_2,E2STEREOTYPE,N,sonnet
7681,I_2,E2COLLECTIVEPOWER,N,sonnet
7681,I_2,E2CONSPIRACY,N,sonnet
7681,I_2,E2CONTROLMEDIA,N,sonnet
7681,I_2,E2CONTROLECONOMY,N,sonnet
7681,I_2,E2CONTROLGOV,N,sonnet
7681,I_2,E2CONTROLOTHER,N,sonnet
7681,I_2,E3COLLECTIVEBLAME,N,sonnet
4338,I_2,E1VIOLENCE,N,sonnet
4338,I_2,E1RADICAL,N,sonnet
4338,I_2,E2ALLEGATION,N,sonnet
4338,I_2,E2DEHUMANIZATION,N,sonnet
4338,I_2,E2DEMONIZE,N,sonnet
4338,I_2,E2STEREOTYPE,N,sonnet
4338,I_2,E2COLLECTIVEPOWER,N,sonnet
4338,I_2,E2CONSPIRACY,N,sonnet
4338,I_2,E2CONTROLMEDIA,N,sonnet
4338,I_2,E2CONTROLECONOMY,N,sonnet
4338,I_2,E2CONTROLGOV,N,sonnet
4338,I_2,E2CONTROLOTHER,N,sonnet
4338,I_2,E3COLLECTIVEBLAME,N,sonnet
40149,I_2,E1VIOLENCE,N,sonnet
40149,I_2,E1RADICAL,N,sonnet
40149,I_2,E2ALLEGATION,N,sonnet
40149,I_2,E2DEHUMANIZATION,N,sonnet
40149,I_2,E2DEMONIZE,N,sonnet
40149,I_2,E2STEREOTYPE,N,sonnet
40149,I_2,E2COLLECTIVEPOWER,N,sonnet
40149,I_2,E2CONSPIRACY,N,sonnet
40149,I_2,E2CONTROLMEDIA,N,sonnet
40149,I_2,E2CONTROLECONOMY,N,sonnet
40149,I_2,E2CONTROLGOV,N,sonnet
40149,I_2,E2CONTROLOTHER,N,sonnet
40149,I_2,E3COLLECTIVEBLAME,N,sonnet
9240,I_2,E1VIOLENCE,N,sonnet
9240,I_2,E1RADICAL,N,sonnet
9240,I_2,E2ALLEGATION,N,sonnet
9240,I_2,E2DEHUMANIZATION,N,sonnet
9240,I_2,E2DEMONIZE,N,sonnet
9240,I_2,E2STEREOTYPE,N,sonnet
9240,I_2,E2COLLECTIVEPOWER,N,sonnet
9240,I_2,E2CONSPIRACY,N,sonnet
9240,I_2,E2CONTROLMEDIA,N,sonnet
9240,I_2,E2CONTROLECONOMY,N,sonnet
9240,I_2,E2CONTROLGOV,N,sonnet
9240,I_2,E2CONTROLOTHER,N,sonnet
9240,I_2,E3COLLECTIVEBLAME,N,sonnet
1421,I_2,E1VIOLENCE,N,sonnet
1421,I_2,E1RADICAL,N,sonnet
1421,I_2,E2ALLEGATION,N,sonnet
1421,I_2,E2DEHUMANIZATION,N,sonnet
1421,I_2,E2DEMONIZE,N,sonnet
1421,I_2,E2STEREOTYPE,N,sonnet
1421,I_2,E2COLLECTIVEPOWER,N,sonnet
1421,I_2,E2CONSPIRACY,N,sonnet
1421,I_2,E2CONTROLMEDIA,N,sonnet
1421,I_2,E2CONTROLECONOMY,N,sonnet
1421,I_2,E2CONTROLGOV,N,sonnet
1421,I_2,E2CONTROLOTHER,N,sonnet
1421,I_2,E3COLLECTIVEBLAME,N,sonnet
28391,I_2,E1VIOLENCE,N,sonnet
28391,I_2,E1RADICAL,N,sonnet
28391,I_2,E2ALLEGATION,N,sonnet
28391,I_2,E2DEHUMANIZATION,N,sonnet
28391,I_2,E2DEMONIZE,N,sonnet
28391,I_2,E2STEREOTYPE,N,sonnet
28391,I_2,E2COLLECTIVEPOWER,N,sonnet
28391,I_2,E2CONSPIRACY,N,sonnet
28391,I_2,E2CONTROLMEDIA,N,sonnet
28391,I_2,E2CONTROLECONOMY,N,sonnet
28391,I_2,E2CONTROLGOV,N,sonnet
28391,I_2,E2CONTROLOTHER,N,sonnet
28391,I_2,E3COLLECTIVEBLAME,N,sonnet
49310,I_2,E1VIOLENCE,N,sonnet
49310,I_2,E1RADICAL,N,sonnet
49310,I_2,E2ALLEGATION,E,sonnet
49310,I_2,E2DEHUMANIZATION,I,sonnet
49310,I_2,E2DEMONIZE,E,sonnet
49310,I_2,E2STEREOTYPE,E,sonnet
49310,I_2,E2COLLECTIVEPOWER,N,sonnet
49310,I_2,E2CONSPIRACY,N,sonnet
49310,I_2,E2CONTROLMEDIA,N,sonnet
49310,I_2,E2CONTROLECONOMY,N,sonnet
49310,I_2,E2CONTROLGOV,N,sonnet
49310,I_2,E2CONTROLOTHER,N,sonnet
49310,I_2,E3COLLECTIVEBLAME,E,sonnet
44328,I_2,E1VIOLENCE,A,sonnet
44328,I_2,E1RADICAL,A,sonnet
44328,I_2,E2ALLEGATION,N,sonnet
44328,I_2,E2DEHUMANIZATION,N,sonnet
44328,I_2,E2DEMONIZE,N,sonnet
44328,I_2,E2STEREOTYPE,N,sonnet
44328,I_2,E2COLLECTIVEPOWER,N,sonnet
44328,I_2,E2CONSPIRACY,N,sonnet
44328,I_2,E2CONTROLMEDIA,N,sonnet
44328,I_2,E2CONTROLECONOMY,N,sonnet
44328,I_2,E2CONTROLGOV,N,sonnet
44328,I_2,E2CONTROLOTHER,N,sonnet
44328,I_2,E3COLLECTIVEBLAME,N,sonnet
3331,I_2,E1VIOLENCE,N,sonnet
3331,I_2,E1RADICAL,N,sonnet
3331,I_2,E2ALLEGATION,N,sonnet
3331,I_2,E2DEHUMANIZATION,N,sonnet
3331,I_2,E2DEMONIZE,N,sonnet
3331,I_2,E2STEREOTYPE,I,sonnet
3331,I_2,E2COLLECTIVEPOWER,N,sonnet
3331,I_2,E2CONSPIRACY,N,sonnet
3331,I_2,E2CONTROLMEDIA,N,sonnet
3331,I_2,E2CONTROLECONOMY,N,sonnet
3331,I_2,E2CONTROLGOV,N,sonnet
3331,I_2,E2CONTROLOTHER,N,sonnet
3331,I_2,E3COLLECTIVEBLAME,N,sonnet
5751,I_2,E1VIOLENCE,N,sonnet
5751,I_2,E1RADICAL,N,sonnet
5751,I_2,E2ALLEGATION,N,sonnet
5751,I_2,E2DEHUMANIZATION,N,sonnet
5751,I_2,E2DEMONIZE,N,sonnet
5751,I_2,E2STEREOTYPE,N,sonnet
5751,I_2,E2COLLECTIVEPOWER,N,sonnet
5751,I_2,E2CONSPIRACY,N,sonnet
5751,I_2,E2CONTROLMEDIA,N,sonnet
5751,I_2,E2CONTROLECONOMY,N,sonnet
5751,I_2,E2CONTROLGOV,N,sonnet
5751,I_2,E2CONTROLOTHER,N,sonnet
5751,I_2,E3COLLECTIVEBLAME,N,sonnet
14438,I_2,E1VIOLENCE,N,sonnet
14438,I_2,E1RADICAL,N,sonnet
14438,I_2,E2ALLEGATION,N,sonnet
14438,I_2,E2DEHUMANIZATION,N,sonnet
14438,I_2,E2DEMONIZE,N,sonnet
14438,I_2,E2STEREOTYPE,N,sonnet
14438,I_2,E2COLLECTIVEPOWER,N,sonnet
14438,I_2,E2CONSPIRACY,N,sonnet
14438,I_2,E2CONTROLMEDIA,N,sonnet
14438,I_2,E2CONTROLECONOMY,N,sonnet
14438,I_2,E2CONTROLGOV,N,sonnet
14438,I_2,E2CONTROLOTHER,N,sonnet
14438,I_2,E3COLLECTIVEBLAME,N,sonnet
36181,I_2,E1VIOLENCE,N,sonnet
36181,I_2,E1RADICAL,N,sonnet
36181,I_2,E2ALLEGATION,N,sonnet
36181,I_2,E2DEHUMANIZATION,N,sonnet
36181,I_2,E2DEMONIZE,N,sonnet
36181,I_2,E2STEREOTYPE,N,sonnet
36181,I_2,E2COLLECTIVEPOWER,N,sonnet
36181,I_2,E2CONSPIRACY,N,sonnet
36181,I_2,E2CONTROLMEDIA,N,sonnet
36181,I_2,E2CONTROLECONOMY,N,sonnet
36181,I_2,E2CONTROLGOV,N,sonnet
36181,I_2,E2CONTROLOTHER,N,sonnet
36181,I_2,E3COLLECTIVEBLAME,N,sonnet
11637,I_2,E1VIOLENCE,N,sonnet
11637,I_2,E1RADICAL,N,sonnet
11637,I_2,E2ALLEGATION,N,sonnet
11637,I_2,E2DEHUMANIZATION,N,sonnet
11637,I_2,E2DEMONIZE,N,sonnet
11637,I_2,E2STEREOTYPE,N,sonnet
11637,I_2,E2COLLECTIVEPOWER,N,sonnet
11637,I_2,E2CONSPIRACY,N,sonnet
11637,I_2,E2CONTROLMEDIA,N,sonnet
11637,I_2,E2CONTROLECONOMY,N,sonnet
11637,I_2,E2CONTROLGOV,N,sonnet
11637,I_2,E2CONTROLOTHER,N,sonnet
11637,I_2,E3COLLECTIVEBLAME,N,sonnet
11665,I_2,E1VIOLENCE,N,sonnet
11665,I_2,E1RADICAL,N,sonnet
11665,I_2,E2ALLEGATION,A,sonnet
11665,I_2,E2DEHUMANIZATION,A,sonnet
11665,I_2,E2DEMONIZE,A,sonnet
11665,I_2,E2STEREOTYPE,A,sonnet
11665,I_2,E2COLLECTIVEPOWER,N,sonnet
11665,I_2,E2CONSPIRACY,N,sonnet
11665,I_2,E2CONTROLMEDIA,N,sonnet
11665,I_2,E2CONTROLECONOMY,N,sonnet
11665,I_2,E2CONTROLGOV,N,sonnet
11665,I_2,E2CONTROLOTHER,N,sonnet
11665,I_2,E3COLLECTIVEBLAME,A,sonnet
40479,I_2,E1VIOLENCE,N,sonnet
40479,I_2,E1RADICAL,N,sonnet
40479,I_2,E2ALLEGATION,I,sonnet
40479,I_2,E2DEHUMANIZATION,I,sonnet
40479,I_2,E2DEMONIZE,I,sonnet
40479,I_2,E2STEREOTYPE,N,sonnet
40479,I_2,E2COLLECTIVEPOWER,N,sonnet
40479,I_2,E2CONSPIRACY,N,sonnet
40479,I_2,E2CONTROLMEDIA,N,sonnet
40479,I_2,E2CONTROLECONOMY,N,sonnet
40479,I_2,E2CONTROLGOV,N,sonnet
40479,I_2,E2CONTROLOTHER,N,sonnet
40479,I_2,E3COLLECTIVEBLAME,N,sonnet
788,I_2,E1VIOLENCE,N,sonnet
788,I_2,E1RADICAL,N,sonnet
788,I_2,E2ALLEGATION,N,sonnet
788,I_2,E2DEHUMANIZATION,N,sonnet
788,I_2,E2DEMONIZE,N,sonnet
788,I_2,E2STEREOTYPE,N,sonnet
788,I_2,E2COLLECTIVEPOWER,N,sonnet
788,I_2,E2CONSPIRACY,N,sonnet
788,I_2,E2CONTROLMEDIA,N,sonnet
788,I_2,E2CONTROLECONOMY,N,sonnet
788,I_2,E2CONTROLGOV,N,sonnet
788,I_2,E2CONTROLOTHER,N,sonnet
788,I_2,E3COLLECTIVEBLAME,N,sonnet
21915,I_2,E1VIOLENCE,N,sonnet
21915,I_2,E1RADICAL,N,sonnet
21915,I_2,E2ALLEGATION,N,sonnet
21915,I_2,E2DEHUMANIZATION,N,sonnet
21915,I_2,E2DEMONIZE,N,sonnet
21915,I_2,E2STEREOTYPE,N,sonnet
21915,I_2,E2COLLECTIVEPOWER,N,sonnet
21915,I_2,E2CONSPIRACY,N,sonnet
21915,I_2,E2CONTROLMEDIA,N,sonnet
21915,I_2,E2CONTROLECONOMY,N,sonnet
21915,I_2,E2CONTROLGOV,N,sonnet
21915,I_2,E2CONTROLOTHER,N,sonnet
21915,I_2,E3COLLECTIVEBLAME,N,sonnet
22849,I_2,E1VIOLENCE,N,sonnet
22849,I_2,E1RADICAL,N,sonnet
22849,I_2,E2ALLEGATION,N,sonnet
22849,I_2,E2DEHUMANIZATION,N,sonnet
22849,I_2,E2DEMONIZE,N,sonnet
22849,I_2,E2STEREOTYPE,N,sonnet
22849,I_2,E2COLLECTIVEPOWER,N,sonnet
22849,I_2,E2CONSPIRACY,N,sonnet
22849,I_2,E2CONTROLMEDIA,N,sonnet
22849,I_2,E2CONTROLECONOMY,N,sonnet
22849,I_2,E2CONTROLGOV,N,sonnet
22849,I_2,E2CONTROLOTHER,N,sonnet
22849,I_2,E3COLLECTIVEBLAME,N,sonnet
34618,I_2,E1VIOLENCE,N,sonnet
34618,I_2,E1RADICAL,N,sonnet
34618,I_2,E2ALLEGATION,A,sonnet
34618,I_2,E2DEHUMANIZATION,N,sonnet
34618,I_2,E2DEMONIZE,A,sonnet
34618,I_2,E2STEREOTYPE,A,sonnet
34618,I_2,E2COLLECTIVEPOWER,N,sonnet
34618,I_2,E2CONSPIRACY,N,sonnet
34618,I_2,E2CONTROLMEDIA,N,sonnet
34618,I_2,E2CONTROLECONOMY,N,sonnet
34618,I_2,E2CONTROLGOV,N,sonnet
34618,I_2,E2CONTROLOTHER,N,sonnet
34618,I_2,E3COLLECTIVEBLAME,N,sonnet
8233,I_2,E1VIOLENCE,N,sonnet
8233,I_2,E1RADICAL,N,sonnet
8233,I_2,E2ALLEGATION,N,sonnet
8233,I_2,E2DEHUMANIZATION,N,sonnet
8233,I_2,E2DEMONIZE,N,sonnet
8233,I_2,E2STEREOTYPE,N,sonnet
8233,I_2,E2COLLECTIVEPOWER,N,sonnet
8233,I_2,E2CONSPIRACY,N,sonnet
8233,I_2,E2CONTROLMEDIA,N,sonnet
8233,I_2,E2CONTROLECONOMY,N,sonnet
8233,I_2,E2CONTROLGOV,N,sonnet
8233,I_2,E2CONTROLOTHER,N,sonnet
8233,I_2,E3COLLECTIVEBLAME,N,sonnet
27513,I_2,E1VIOLENCE,N,sonnet
27513,I_2,E1RADICAL,N,sonnet
27513,I_2,E2ALLEGATION,N,sonnet
27513,I_2,E2DEHUMANIZATION,N,sonnet
27513,I_2,E2DEMONIZE,N,sonnet
27513,I_2,E2STEREOTYPE,N,sonnet
27513,I_2,E2COLLECTIVEPOWER,N,sonnet
27513,I_2,E2CONSPIRACY,N,sonnet
27513,I_2,E2CONTROLMEDIA,N,sonnet
27513,I_2,E2CONTROLECONOMY,N,sonnet
27513,I_2,E2CONTROLGOV,N,sonnet
27513,I_2,E2CONTROLOTHER,N,sonnet
27513,I_2,E3COLLECTIVEBLAME,N,sonnet
41393,I_2,E1VIOLENCE,N,sonnet
41393,I_2,E1RADICAL,N,sonnet
41393,I_2,E2ALLEGATION,I,sonnet
41393,I_2,E2DEHUMANIZATION,N,sonnet
41393,I_2,E2DEMONIZE,I,sonnet
41393,I_2,E2STEREOTYPE,I,sonnet
41393,I_2,E2COLLECTIVEPOWER,I,sonnet
41393,I_2,E2CONSPIRACY,I,sonnet
41393,I_2,E2CONTROLMEDIA,N,sonnet
41393,I_2,E2CONTROLECONOMY,I,sonnet
41393,I_2,E2CONTROLGOV,N,sonnet
41393,I_2,E2CONTROLOTHER,N,sonnet
41393,I_2,E3COLLECTIVEBLAME,N,sonnet
12805,I_2,E1VIOLENCE,N,sonnet
12805,I_2,E1RADICAL,N,sonnet
12805,I_2,E2ALLEGATION,N,sonnet
12805,I_2,E2DEHUMANIZATION,N,sonnet
12805,I_2,E2DEMONIZE,N,sonnet
12805,I_2,E2STEREOTYPE,N,sonnet
12805,I_2,E2COLLECTIVEPOWER,N,sonnet
12805,I_2,E2CONSPIRACY,N,sonnet
12805,I_2,E2CONTROLMEDIA,N,sonnet
12805,I_2,E2CONTROLECONOMY,N,sonnet
12805,I_2,E2CONTROLGOV,N,sonnet
12805,I_2,E2CONTROLOTHER,N,sonnet
12805,I_2,E3COLLECTIVEBLAME,N,sonnet
47654,I_2,E1VIOLENCE,N,sonnet
47654,I_2,E1RADICAL,N,sonnet
47654,I_2,E2ALLEGATION,N,sonnet
47654,I_2,E2DEHUMANIZATION,N,sonnet
47654,I_2,E2DEMONIZE,N,sonnet
47654,I_2,E2STEREOTYPE,N,sonnet
47654,I_2,E2COLLECTIVEPOWER,N,sonnet
47654,I_2,E2CONSPIRACY,N,sonnet
47654,I_2,E2CONTROLMEDIA,N,sonnet
47654,I_2,E2CONTROLECONOMY,N,sonnet
47654,I_2,E2CONTROLGOV,N,sonnet
47654,I_2,E2CONTROLOTHER,N,sonnet
47654,I_2,E3COLLECTIVEBLAME,N,sonnet
22308,I_2,E1VIOLENCE,N,sonnet
22308,I_2,E1RADICAL,N,sonnet
22308,I_2,E2ALLEGATION,N,sonnet
22308,I_2,E2DEHUMANIZATION,N,sonnet
22308,I_2,E2DEMONIZE,N,sonnet
22308,I_2,E2STEREOTYPE,N,sonnet
22308,I_2,E2COLLECTIVEPOWER,N,sonnet
22308,I_2,E2CONSPIRACY,N,sonnet
22308,I_2,E2CONTROLMEDIA,N,sonnet
22308,I_2,E2CONTROLECONOMY,N,sonnet
22308,I_2,E2CONTROLGOV,N,sonnet
22308,I_2,E2CONTROLOTHER,N,sonnet
22308,I_2,E3COLLECTIVEBLAME,N,sonnet
47651,I_2,E1VIOLENCE,N,sonnet
47651,I_2,E1RADICAL,N,sonnet
47651,I_2,E2ALLEGATION,N,sonnet
47651,I_2,E2DEHUMANIZATION,N,sonnet
47651,I_2,E2DEMONIZE,N,sonnet
47651,I_2,E2STEREOTYPE,N,sonnet
47651,I_2,E2COLLECTIVEPOWER,N,sonnet
47651,I_2,E2CONSPIRACY,N,sonnet
47651,I_2,E2CONTROLMEDIA,N,sonnet
47651,I_2,E2CONTROLECONOMY,N,sonnet
47651,I_2,E2CONTROLGOV,N,sonnet
47651,I_2,E2CONTROLOTHER,N,sonnet
47651,I_2,E3COLLECTIVEBLAME,N,sonnet
39701,I_2,E1VIOLENCE,N,sonnet
39701,I_2,E1RADICAL,N,sonnet
39701,I_2,E2ALLEGATION,N,sonnet
39701,I_2,E2DEHUMANIZATION,N,sonnet
39701,I_2,E2DEMONIZE,N,sonnet
39701,I_2,E2STEREOTYPE,N,sonnet
39701,I_2,E2COLLECTIVEPOWER,N,sonnet
39701,I_2,E2CONSPIRACY,N,sonnet
39701,I_2,E2CONTROLMEDIA,N,sonnet
39701,I_2,E2CONTROLECONOMY,N,sonnet
39701,I_2,E2CONTROLGOV,N,sonnet
39701,I_2,E2CONTROLOTHER,N,sonnet
39701,I_2,E3COLLECTIVEBLAME,N,sonnet
7293,I_2,E1VIOLENCE,N,sonnet
7293,I_2,E1RADICAL,N,sonnet
7293,I_2,E2ALLEGATION,N,sonnet
7293,I_2,E2DEHUMANIZATION,N,sonnet
7293,I_2,E2DEMONIZE,N,sonnet
7293,I_2,E2STEREOTYPE,N,sonnet
7293,I_2,E2COLLECTIVEPOWER,N,sonnet
7293,I_2,E2CONSPIRACY,N,sonnet
7293,I_2,E2CONTROLMEDIA,N,sonnet
7293,I_2,E2CONTROLECONOMY,N,sonnet
7293,I_2,E2CONTROLGOV,N,sonnet
7293,I_2,E2CONTROLOTHER,N,sonnet
7293,I_2,E3COLLECTIVEBLAME,N,sonnet
12847,I_2,E1VIOLENCE,A,sonnet
12847,I_2,E1RADICAL,N,sonnet
12847,I_2,E2ALLEGATION,N,sonnet
12847,I_2,E2DEHUMANIZATION,N,sonnet
12847,I_2,E2DEMONIZE,N,sonnet
12847,I_2,E2STEREOTYPE,N,sonnet
12847,I_2,E2COLLECTIVEPOWER,N,sonnet
12847,I_2,E2CONSPIRACY,N,sonnet
12847,I_2,E2CONTROLMEDIA,N,sonnet
12847,I_2,E2CONTROLECONOMY,N,sonnet
12847,I_2,E2CONTROLGOV,N,sonnet
12847,I_2,E2CONTROLOTHER,N,sonnet
12847,I_2,E3COLLECTIVEBLAME,N,sonnet
39849,I_2,E1VIOLENCE,N,sonnet
39849,I_2,E1RADICAL,N,sonnet
39849,I_2,E2ALLEGATION,N,sonnet
39849,I_2,E2DEHUMANIZATION,N,sonnet
39849,I_2,E2DEMONIZE,N,sonnet
39849,I_2,E2STEREOTYPE,N,sonnet
39849,I_2,E2COLLECTIVEPOWER,N,sonnet
39849,I_2,E2CONSPIRACY,N,sonnet
39849,I_2,E2CONTROLMEDIA,N,sonnet
39849,I_2,E2CONTROLECONOMY,N,sonnet
39849,I_2,E2CONTROLGOV,N,sonnet
39849,I_2,E2CONTROLOTHER,N,sonnet
39849,I_2,E3COLLECTIVEBLAME,N,sonnet
14141,I_2,E1VIOLENCE,N,sonnet
14141,I_2,E1RADICAL,N,sonnet
14141,I_2,E2ALLEGATION,N,sonnet
14141,I_2,E2DEHUMANIZATION,N,sonnet
14141,I_2,E2DEMONIZE,N,sonnet
14141,I_2,E2STEREOTYPE,N,sonnet
14141,I_2,E2COLLECTIVEPOWER,N,sonnet
14141,I_2,E2CONSPIRACY,N,sonnet
14141,I_2,E2CONTROLMEDIA,N,sonnet
14141,I_2,E2CONTROLECONOMY,N,sonnet
14141,I_2,E2CONTROLGOV,N,sonnet
14141,I_2,E2CONTROLOTHER,N,sonnet
14141,I_2,E3COLLECTIVEBLAME,N,sonnet
23907,I_2,E1VIOLENCE,N,sonnet
23907,I_2,E1RADICAL,N,sonnet
23907,I_2,E2ALLEGATION,N,sonnet
23907,I_2,E2DEHUMANIZATION,N,sonnet
23907,I_2,E2DEMONIZE,N,sonnet
23907,I_2,E2STEREOTYPE,N,sonnet
23907,I_2,E2COLLECTIVEPOWER,N,sonnet
23907,I_2,E2CONSPIRACY,N,sonnet
23907,I_2,E2CONTROLMEDIA,N,sonnet
23907,I_2,E2CONTROLECONOMY,N,sonnet
23907,I_2,E2CONTROLGOV,N,sonnet
23907,I_2,E2CONTROLOTHER,N,sonnet
23907,I_2,E3COLLECTIVEBLAME,N,sonnet
30715,I_2,E1VIOLENCE,N,sonnet
30715,I_2,E1RADICAL,N,sonnet
30715,I_2,E2ALLEGATION,E,sonnet
30715,I_2,E2DEHUMANIZATION,E,sonnet
30715,I_2,E2DEMONIZE,E,sonnet
30715,I_2,E2STEREOTYPE,E,sonnet
30715,I_2,E2COLLECTIVEPOWER,N,sonnet
30715,I_2,E2CONSPIRACY,N,sonnet
30715,I_2,E2CONTROLMEDIA,N,sonnet
30715,I_2,E2CONTROLECONOMY,N,sonnet
30715,I_2,E2CONTROLGOV,N,sonnet
30715,I_2,E2CONTROLOTHER,N,sonnet
30715,I_2,E3COLLECTIVEBLAME,E,sonnet
28633,I_2,E1VIOLENCE,N,sonnet
28633,I_2,E1RADICAL,N,sonnet
28633,I_2,E2ALLEGATION,N,sonnet
28633,I_2,E2DEHUMANIZATION,N,sonnet
28633,I_2,E2DEMONIZE,N,sonnet
28633,I_2,E2STEREOTYPE,N,sonnet
28633,I_2,E2COLLECTIVEPOWER,N,sonnet
28633,I_2,E2CONSPIRACY,N,sonnet
28633,I_2,E2CONTROLMEDIA,N,sonnet
28633,I_2,E2CONTROLECONOMY,N,sonnet
28633,I_2,E2CONTROLGOV,N,sonnet
28633,I_2,E2CONTROLOTHER,N,sonnet
28633,I_2,E3COLLECTIVEBLAME,N,sonnet
20061,I_2,E1VIOLENCE,N,sonnet
20061,I_2,E1RADICAL,N,sonnet
20061,I_2,E2ALLEGATION,N,sonnet
20061,I_2,E2DEHUMANIZATION,N,sonnet
20061,I_2,E2DEMONIZE,N,sonnet
20061,I_2,E2STEREOTYPE,N,sonnet
20061,I_2,E2COLLECTIVEPOWER,N,sonnet
20061,I_2,E2CONSPIRACY,N,sonnet
20061,I_2,E2CONTROLMEDIA,N,sonnet
20061,I_2,E2CONTROLECONOMY,N,sonnet
20061,I_2,E2CONTROLGOV,N,sonnet
20061,I_2,E2CONTROLOTHER,N,sonnet
20061,I_2,E3COLLECTIVEBLAME,N,sonnet
22648,I_2,E1VIOLENCE,N,sonnet
22648,I_2,E1RADICAL,N,sonnet
22648,I_2,E2ALLEGATION,N,sonnet
22648,I_2,E2DEHUMANIZATION,N,sonnet
22648,I_2,E2DEMONIZE,N,sonnet
22648,I_2,E2STEREOTYPE,I,sonnet
22648,I_2,E2COLLECTIVEPOWER,N,sonnet
22648,I_2,E2CONSPIRACY,N,sonnet
22648,I_2,E2CONTROLMEDIA,N,sonnet
22648,I_2,E2CONTROLECONOMY,N,sonnet
22648,I_2,E2CONTROLGOV,N,sonnet
22648,I_2,E2CONTROLOTHER,N,sonnet
22648,I_2,E3COLLECTIVEBLAME,N,sonnet
13937,I_2,E1VIOLENCE,N,sonnet
13937,I_2,E1RADICAL,N,sonnet
13937,I_2,E2ALLEGATION,N,sonnet
13937,I_2,E2DEHUMANIZATION,N,sonnet
13937,I_2,E2DEMONIZE,N,sonnet
13937,I_2,E2STEREOTYPE,N,sonnet
13937,I_2,E2COLLECTIVEPOWER,N,sonnet
13937,I_2,E2CONSPIRACY,N,sonnet
13937,I_2,E2CONTROLMEDIA,N,sonnet
13937,I_2,E2CONTROLECONOMY,N,sonnet
13937,I_2,E2CONTROLGOV,N,sonnet
13937,I_2,E2CONTROLOTHER,N,sonnet
13937,I_2,E3COLLECTIVEBLAME,N,sonnet
41959,I_2,E1VIOLENCE,N,sonnet
41959,I_2,E1RADICAL,N,sonnet
41959,I_2,E2ALLEGATION,N,sonnet
41959,I_2,E2DEHUMANIZATION,N,sonnet
41959,I_2,E2DEMONIZE,N,sonnet
41959,I_2,E2STEREOTYPE,N,sonnet
41959,I_2,E2COLLECTIVEPOWER,N,sonnet
41959,I_2,E2CONSPIRACY,N,sonnet
41959,I_2,E2CONTROLMEDIA,N,sonnet
41959,I_2,E2CONTROLECONOMY,N,sonnet
41959,I_2,E2CONTROLGOV,N,sonnet
41959,I_2,E2CONTROLOTHER,N,sonnet
41959,I_2,E3COLLECTIVEBLAME,N,sonnet
10405,I_2,E1VIOLENCE,N,sonnet
10405,I_2,E1RADICAL,N,sonnet
10405,I_2,E2ALLEGATION,E,sonnet
10405,I_2,E2DEHUMANIZATION,E,sonnet
10405,I_2,E2DEMONIZE,N,sonnet
10405,I_2,E2STEREOTYPE,N,sonnet
10405,I_2,E2COLLECTIVEPOWER,N,sonnet
10405,I_2,E2CONSPIRACY,N,sonnet
10405,I_2,E2CONTROLMEDIA,N,sonnet
10405,I_2,E2CONTROLECONOMY,N,sonnet
10405,I_2,E2CONTROLGOV,N,sonnet
10405,I_2,E2CONTROLOTHER,N,sonnet
10405,I_2,E3COLLECTIVEBLAME,N,sonnet
49482,I_2,E1VIOLENCE,N,sonnet
49482,I_2,E1RADICAL,N,sonnet
49482,I_2,E2ALLEGATION,I,sonnet
49482,I_2,E2DEHUMANIZATION,N,sonnet
49482,I_2,E2DEMONIZE,I,sonnet
49482,I_2,E2STEREOTYPE,I,sonnet
49482,I_2,E2COLLECTIVEPOWER,N,sonnet
49482,I_2,E2CONSPIRACY,N,sonnet
49482,I_2,E2CONTROLMEDIA,N,sonnet
49482,I_2,E2CONTROLECONOMY,N,sonnet
49482,I_2,E2CONTROLGOV,N,sonnet
49482,I_2,E2CONTROLOTHER,N,sonnet
49482,I_2,E3COLLECTIVEBLAME,N,sonnet
23898,I_2,E1VIOLENCE,N,sonnet
23898,I_2,E1RADICAL,N,sonnet
23898,I_2,E2ALLEGATION,E,sonnet
23898,I_2,E2DEHUMANIZATION,N,sonnet
23898,I_2,E2DEMONIZE,E,sonnet
23898,I_2,E2STEREOTYPE,E,sonnet
23898,I_2,E2COLLECTIVEPOWER,I,sonnet
23898,I_2,E2CONSPIRACY,N,sonnet
23898,I_2,E2CONTROLMEDIA,N,sonnet
23898,I_2,E2CONTROLECONOMY,N,sonnet
23898,I_2,E2CONTROLGOV,N,sonnet
23898,I_2,E2CONTROLOTHER,I,sonnet
23898,I_2,E3COLLECTIVEBLAME,E,sonnet
41849,I_2,E1VIOLENCE,N,sonnet
41849,I_2,E1RADICAL,N,sonnet
41849,I_2,E2ALLEGATION,N,sonnet
41849,I_2,E2DEHUMANIZATION,N,sonnet
41849,I_2,E2DEMONIZE,N,sonnet
41849,I_2,E2STEREOTYPE,N,sonnet
41849,I_2,E2COLLECTIVEPOWER,N,sonnet
41849,I_2,E2CONSPIRACY,N,sonnet
41849,I_2,E2CONTROLMEDIA,N,sonnet
41849,I_2,E2CONTROLECONOMY,N,sonnet
41849,I_2,E2CONTROLGOV,N,sonnet
41849,I_2,E2CONTROLOTHER,N,sonnet
41849,I_2,E3COLLECTIVEBLAME,N,sonnet
30770,I_2,E1VIOLENCE,N,sonnet
30770,I_2,E1RADICAL,N,sonnet
30770,I_2,E2ALLEGATION,I,sonnet
30770,I_2,E2DEHUMANIZATION,N,sonnet
30770,I_2,E2DEMONIZE,I,sonnet
30770,I_2,E2STEREOTYPE,N,sonnet
30770,I_2,E2COLLECTIVEPOWER,A,sonnet
30770,I_2,E2CONSPIRACY,A,sonnet
30770,I_2,E2CONTROLMEDIA,N,sonnet
30770,I_2,E2CONTROLECONOMY,N,sonnet
30770,I_2,E2CONTROLGOV,I,sonnet
30770,I_2,E2CONTROLOTHER,I,sonnet
30770,I_2,E3COLLECTIVEBLAME,N,sonnet
18005,I_2,E1VIOLENCE,N,sonnet
18005,I_2,E1RADICAL,N,sonnet
18005,I_2,E2ALLEGATION,N,sonnet
18005,I_2,E2DEHUMANIZATION,N,sonnet
18005,I_2,E2DEMONIZE,N,sonnet
18005,I_2,E2STEREOTYPE,N,sonnet
18005,I_2,E2COLLECTIVEPOWER,N,sonnet
18005,I_2,E2CONSPIRACY,N,sonnet
18005,I_2,E2CONTROLMEDIA,N,sonnet
18005,I_2,E2CONTROLECONOMY,N,sonnet
18005,I_2,E2CONTROLGOV,N,sonnet
18005,I_2,E2CONTROLOTHER,N,sonnet
18005,I_2,E3COLLECTIVEBLAME,N,sonnet
38510,I_2,E1VIOLENCE,N,sonnet
38510,I_2,E1RADICAL,N,sonnet
38510,I_2,E2ALLEGATION,N,sonnet
38510,I_2,E2DEHUMANIZATION,N,sonnet
38510,I_2,E2DEMONIZE,N,sonnet
38510,I_2,E2STEREOTYPE,N,sonnet
38510,I_2,E2COLLECTIVEPOWER,N,sonnet
38510,I_2,E2CONSPIRACY,N,sonnet
38510,I_2,E2CONTROLMEDIA,N,sonnet
38510,I_2,E2CONTROLECONOMY,N,sonnet
38510,I_2,E2CONTROLGOV,N,sonnet
38510,I_2,E2CONTROLOTHER,N,sonnet
38510,I_2,E3COLLECTIVEBLAME,N,sonnet
9160,I_2,E1VIOLENCE,N,sonnet
9160,I_2,E1RADICAL,N,sonnet
9160,I_2,E2ALLEGATION,N,sonnet
9160,I_2,E2DEHUMANIZATION,N,sonnet
9160,I_2,E2DEMONIZE,N,sonnet
9160,I_2,E2STEREOTYPE,N,sonnet
9160,I_2,E2COLLECTIVEPOWER,N,sonnet
9160,I_2,E2CONSPIRACY,N,sonnet
9160,I_2,E2CONTROLMEDIA,N,sonnet
9160,I_2,E2CONTROLECONOMY,N,sonnet
9160,I_2,E2CONTROLGOV,N,sonnet
9160,I_2,E2CONTROLOTHER,N,sonnet
9160,I_2,E3COLLECTIVEBLAME,N,sonnet
20083,I_2,E1VIOLENCE,N,sonnet
20083,I_2,E1RADICAL,N,sonnet
20083,I_2,E2ALLEGATION,N,sonnet
20083,I_2,E2DEHUMANIZATION,N,sonnet
20083,I_2,E2DEMONIZE,N,sonnet
20083,I_2,E2STEREOTYPE,N,sonnet
20083,I_2,E2COLLECTIVEPOWER,N,sonnet
20083,I_2,E2CONSPIRACY,N,sonnet
20083,I_2,E2CONTROLMEDIA,N,sonnet
20083,I_2,E2CONTROLECONOMY,N,sonnet
20083,I_2,E2CONTROLGOV,N,sonnet
20083,I_2,E2CONTROLOTHER,N,sonnet
20083,I_2,E3COLLECTIVEBLAME,N,sonnet
19342,I_2,E1VIOLENCE,N,sonnet
19342,I_2,E1RADICAL,N,sonnet
19342,I_2,E2ALLEGATION,N,sonnet
19342,I_2,E2DEHUMANIZATION,N,sonnet
19342,I_2,E2DEMONIZE,N,sonnet
19342,I_2,E2STEREOTYPE,N,sonnet
19342,I_2,E2COLLECTIVEPOWER,N,sonnet
19342,I_2,E2CONSPIRACY,N,sonnet
19342,I_2,E2CONTROLMEDIA,N,sonnet
19342,I_2,E2CONTROLECONOMY,N,sonnet
19342,I_2,E2CONTROLGOV,N,sonnet
19342,I_2,E2CONTROLOTHER,N,sonnet
19342,I_2,E3COLLECTIVEBLAME,N,sonnet
10193,I_2,E1VIOLENCE,N,sonnet
10193,I_2,E1RADICAL,N,sonnet
10193,I_2,E2ALLEGATION,N,sonnet
10193,I_2,E2DEHUMANIZATION,N,sonnet
10193,I_2,E2DEMONIZE,N,sonnet
10193,I_2,E2STEREOTYPE,N,sonnet
10193,I_2,E2COLLECTIVEPOWER,N,sonnet
10193,I_2,E2CONSPIRACY,N,sonnet
10193,I_2,E2CONTROLMEDIA,N,sonnet
10193,I_2,E2CONTROLECONOMY,N,sonnet
10193,I_2,E2CONTROLGOV,N,sonnet
10193,I_2,E2CONTROLOTHER,N,sonnet
10193,I_2,E3COLLECTIVEBLAME,N,sonnet
11840,I_2,E1VIOLENCE,E,sonnet
11840,I_2,E1RADICAL,N,sonnet
11840,I_2,E2ALLEGATION,N,sonnet
11840,I_2,E2DEHUMANIZATION,E,sonnet
11840,I_2,E2DEMONIZE,N,sonnet
11840,I_2,E2STEREOTYPE,N,sonnet
11840,I_2,E2COLLECTIVEPOWER,N,sonnet
11840,I_2,E2CONSPIRACY,N,sonnet
11840,I_2,E2CONTROLMEDIA,N,sonnet
11840,I_2,E2CONTROLECONOMY,N,sonnet
11840,I_2,E2CONTROLGOV,N,sonnet
11840,I_2,E2CONTROLOTHER,N,sonnet
11840,I_2,E3COLLECTIVEBLAME,N,sonnet
5331,I_2,E1VIOLENCE,N,sonnet
5331,I_2,E1RADICAL,N,sonnet
5331,I_2,E2ALLEGATION,N,sonnet
5331,I_2,E2DEHUMANIZATION,N,sonnet
5331,I_2,E2DEMONIZE,N,sonnet
5331,I_2,E2STEREOTYPE,N,sonnet
5331,I_2,E2COLLECTIVEPOWER,N,sonnet
5331,I_2,E2CONSPIRACY,N,sonnet
5331,I_2,E2CONTROLMEDIA,N,sonnet
5331,I_2,E2CONTROLECONOMY,N,sonnet
5331,I_2,E2CONTROLGOV,N,sonnet
5331,I_2,E2CONTROLOTHER,N,sonnet
5331,I_2,E3COLLECTIVEBLAME,N,sonnet
38058,I_2,E1VIOLENCE,N,sonnet
38058,I_2,E1RADICAL,N,sonnet
38058,I_2,E2ALLEGATION,N,sonnet
38058,I_2,E2DEHUMANIZATION,N,sonnet
38058,I_2,E2DEMONIZE,N,sonnet
38058,I_2,E2STEREOTYPE,N,sonnet
38058,I_2,E2COLLECTIVEPOWER,N,sonnet
38058,I_2,E2CONSPIRACY,N,sonnet
38058,I_2,E2CONTROLMEDIA,N,sonnet
38058,I_2,E2CONTROLECONOMY,N,sonnet
38058,I_2,E2CONTROLGOV,N,sonnet
38058,I_2,E2CONTROLOTHER,N,sonnet
38058,I_2,E3COLLECTIVEBLAME,N,sonnet
5085,I_2,E1VIOLENCE,N,sonnet
5085,I_2,E1RADICAL,N,sonnet
5085,I_2,E2ALLEGATION,N,sonnet
5085,I_2,E2DEHUMANIZATION,N,sonnet
5085,I_2,E2DEMONIZE,N,sonnet
5085,I_2,E2STEREOTYPE,N,sonnet
5085,I_2,E2COLLECTIVEPOWER,N,sonnet
5085,I_2,E2CONSPIRACY,N,sonnet
5085,I_2,E2CONTROLMEDIA,N,sonnet
5085,I_2,E2CONTROLECONOMY,N,sonnet
5085,I_2,E2CONTROLGOV,N,sonnet
5085,I_2,E2CONTROLOTHER,N,sonnet
5085,I_2,E3COLLECTIVEBLAME,N,sonnet
13562,I_2,E1VIOLENCE,N,sonnet
13562,I_2,E1RADICAL,N,sonnet
13562,I_2,E2ALLEGATION,N,sonnet
13562,I_2,E2DEHUMANIZATION,N,sonnet
13562,I_2,E2DEMONIZE,N,sonnet
13562,I_2,E2STEREOTYPE,N,sonnet
13562,I_2,E2COLLECTIVEPOWER,N,sonnet
13562,I_2,E2CONSPIRACY,N,sonnet
13562,I_2,E2CONTROLMEDIA,N,sonnet
13562,I_2,E2CONTROLECONOMY,N,sonnet
13562,I_2,E2CONTROLGOV,N,sonnet
13562,I_2,E2CONTROLOTHER,N,sonnet
13562,I_2,E3COLLECTIVEBLAME,N,sonnet
8107,I_2,E1VIOLENCE,N,sonnet
8107,I_2,E1RADICAL,N,sonnet
8107,I_2,E2ALLEGATION,N,sonnet
8107,I_2,E2DEHUMANIZATION,N,sonnet
8107,I_2,E2DEMONIZE,N,sonnet
8107,I_2,E2STEREOTYPE,N,sonnet
8107,I_2,E2COLLECTIVEPOWER,N,sonnet
8107,I_2,E2CONSPIRACY,N,sonnet
8107,I_2,E2CONTROLMEDIA,N,sonnet
8107,I_2,E2CONTROLECONOMY,N,sonnet
8107,I_2,E2CONTROLGOV,N,sonnet
8107,I_2,E2CONTROLOTHER,N,sonnet
8107,I_2,E3COLLECTIVEBLAME,N,sonnet
23854,I_2,E1VIOLENCE,N,sonnet
23854,I_2,E1RADICAL,N,sonnet
23854,I_2,E2ALLEGATION,N,sonnet
23854,I_2,E2DEHUMANIZATION,N,sonnet
23854,I_2,E2DEMONIZE,N,sonnet
23854,I_2,E2STEREOTYPE,N,sonnet
23854,I_2,E2COLLECTIVEPOWER,N,sonnet
23854,I_2,E2CONSPIRACY,N,sonnet
23854,I_2,E2CONTROLMEDIA,N,sonnet
23854,I_2,E2CONTROLECONOMY,N,sonnet
23854,I_2,E2CONTROLGOV,N,sonnet
23854,I_2,E2CONTROLOTHER,N,sonnet
23854,I_2,E3COLLECTIVEBLAME,N,sonnet
47928,I_2,E1VIOLENCE,N,sonnet
47928,I_2,E1RADICAL,N,sonnet
47928,I_2,E2ALLEGATION,N,sonnet
47928,I_2,E2DEHUMANIZATION,N,sonnet
47928,I_2,E2DEMONIZE,N,sonnet
47928,I_2,E2STEREOTYPE,N,sonnet
47928,I_2,E2COLLECTIVEPOWER,N,sonnet
47928,I_2,E2CONSPIRACY,N,sonnet
47928,I_2,E2CONTROLMEDIA,N,sonnet
47928,I_2,E2CONTROLECONOMY,N,sonnet
47928,I_2,E2CONTROLGOV,N,sonnet
47928,I_2,E2CONTROLOTHER,N,sonnet
47928,I_2,E3COLLECTIVEBLAME,N,sonnet
7687,I_2,E1VIOLENCE,N,sonnet
7687,I_2,E1RADICAL,N,sonnet
7687,I_2,E2ALLEGATION,N,sonnet
7687,I_2,E2DEHUMANIZATION,N,sonnet
7687,I_2,E2DEMONIZE,N,sonnet
7687,I_2,E2STEREOTYPE,N,sonnet
7687,I_2,E2COLLECTIVEPOWER,N,sonnet
7687,I_2,E2CONSPIRACY,N,sonnet
7687,I_2,E2CONTROLMEDIA,N,sonnet
7687,I_2,E2CONTROLECONOMY,N,sonnet
7687,I_2,E2CONTROLGOV,N,sonnet
7687,I_2,E2CONTROLOTHER,N,sonnet
7687,I_2,E3COLLECTIVEBLAME,N,sonnet
23298,I_2,E1VIOLENCE,N,sonnet
23298,I_2,E1RADICAL,N,sonnet
23298,I_2,E2ALLEGATION,N,sonnet
23298,I_2,E2DEHUMANIZATION,N,sonnet
23298,I_2,E2DEMONIZE,N,sonnet
23298,I_2,E2STEREOTYPE,N,sonnet
23298,I_2,E2COLLECTIVEPOWER,N,sonnet
23298,I_2,E2CONSPIRACY,N,sonnet
23298,I_2,E2CONTROLMEDIA,N,sonnet
23298,I_2,E2CONTROLECONOMY,N,sonnet
23298,I_2,E2CONTROLGOV,N,sonnet
23298,I_2,E2CONTROLOTHER,N,sonnet
23298,I_2,E3COLLECTIVEBLAME,N,sonnet
37566,I_2,E1VIOLENCE,N,sonnet
37566,I_2,E1RADICAL,N,sonnet
37566,I_2,E2ALLEGATION,N,sonnet
37566,I_2,E2DEHUMANIZATION,N,sonnet
37566,I_2,E2DEMONIZE,N,sonnet
37566,I_2,E2STEREOTYPE,N,sonnet
37566,I_2,E2COLLECTIVEPOWER,N,sonnet
37566,I_2,E2CONSPIRACY,N,sonnet
37566,I_2,E2CONTROLMEDIA,N,sonnet
37566,I_2,E2CONTROLECONOMY,N,sonnet
37566,I_2,E2CONTROLGOV,N,sonnet
37566,I_2,E2CONTROLOTHER,N,sonnet
37566,I_2,E3COLLECTIVEBLAME,N,sonnet
32204,I_2,E1VIOLENCE,N,sonnet
32204,I_2,E1RADICAL,N,sonnet
32204,I_2,E2ALLEGATION,N,sonnet
32204,I_2,E2DEHUMANIZATION,N,sonnet
32204,I_2,E2DEMONIZE,N,sonnet
32204,I_2,E2STEREOTYPE,N,sonnet
32204,I_2,E2COLLECTIVEPOWER,N,sonnet
32204,I_2,E2CONSPIRACY,N,sonnet
32204,I_2,E2CONTROLMEDIA,N,sonnet
32204,I_2,E2CONTROLECONOMY,N,sonnet
32204,I_2,E2CONTROLGOV,N,sonnet
32204,I_2,E2CONTROLOTHER,N,sonnet
32204,I_2,E3COLLECTIVEBLAME,N,sonnet
10245,I_2,E1VIOLENCE,N,sonnet
10245,I_2,E1RADICAL,N,sonnet
10245,I_2,E2ALLEGATION,N,sonnet
10245,I_2,E2DEHUMANIZATION,A,sonnet
10245,I_2,E2DEMONIZE,A,sonnet
10245,I_2,E2STEREOTYPE,N,sonnet
10245,I_2,E2COLLECTIVEPOWER,N,sonnet
10245,I_2,E2CONSPIRACY,N,sonnet
10245,I_2,E2CONTROLMEDIA,N,sonnet
10245,I_2,E2CONTROLECONOMY,N,sonnet
10245,I_2,E2CONTROLGOV,N,sonnet
10245,I_2,E2CONTROLOTHER,N,sonnet
10245,I_2,E3COLLECTIVEBLAME,N,sonnet
34706,I_2,E1VIOLENCE,N,sonnet
34706,I_2,E1RADICAL,N,sonnet
34706,I_2,E2ALLEGATION,N,sonnet
34706,I_2,E2DEHUMANIZATION,N,sonnet
34706,I_2,E2DEMONIZE,N,sonnet
34706,I_2,E2STEREOTYPE,N,sonnet
34706,I_2,E2COLLECTIVEPOWER,N,sonnet
34706,I_2,E2CONSPIRACY,N,sonnet
34706,I_2,E2CONTROLMEDIA,N,sonnet
34706,I_2,E2CONTROLECONOMY,N,sonnet
34706,I_2,E2CONTROLGOV,N,sonnet
34706,I_2,E2CONTROLOTHER,N,sonnet
34706,I_2,E3COLLECTIVEBLAME,N,sonnet
30044,I_2,E1VIOLENCE,N,sonnet
30044,I_2,E1RADICAL,N,sonnet
30044,I_2,E2ALLEGATION,N,sonnet
30044,I_2,E2DEHUMANIZATION,N,sonnet
30044,I_2,E2DEMONIZE,N,sonnet
30044,I_2,E2STEREOTYPE,N,sonnet
30044,I_2,E2COLLECTIVEPOWER,N,sonnet
30044,I_2,E2CONSPIRACY,N,sonnet
30044,I_2,E2CONTROLMEDIA,N,sonnet
30044,I_2,E2CONTROLECONOMY,N,sonnet
30044,I_2,E2CONTROLGOV,N,sonnet
30044,I_2,E2CONTROLOTHER,N,sonnet
30044,I_2,E3COLLECTIVEBLAME,N,sonnet
16284,I_2,E1VIOLENCE,N,sonnet
16284,I_2,E1RADICAL,N,sonnet
16284,I_2,E2ALLEGATION,N,sonnet
16284,I_2,E2DEHUMANIZATION,N,sonnet
16284,I_2,E2DEMONIZE,N,sonnet
16284,I_2,E2STEREOTYPE,N,sonnet
16284,I_2,E2COLLECTIVEPOWER,N,sonnet
16284,I_2,E2CONSPIRACY,N,sonnet
16284,I_2,E2CONTROLMEDIA,N,sonnet
16284,I_2,E2CONTROLECONOMY,N,sonnet
16284,I_2,E2CONTROLGOV,N,sonnet
16284,I_2,E2CONTROLOTHER,N,sonnet
16284,I_2,E3COLLECTIVEBLAME,N,sonnet
47793,I_2,E1VIOLENCE,N,sonnet
47793,I_2,E1RADICAL,N,sonnet
47793,I_2,E2ALLEGATION,I,sonnet
47793,I_2,E2DEHUMANIZATION,N,sonnet
47793,I_2,E2DEMONIZE,I,sonnet
47793,I_2,E2STEREOTYPE,N,sonnet
47793,I_2,E2COLLECTIVEPOWER,I,sonnet
47793,I_2,E2CONSPIRACY,I,sonnet
47793,I_2,E2CONTROLMEDIA,N,sonnet
47793,I_2,E2CONTROLECONOMY,N,sonnet
47793,I_2,E2CONTROLGOV,I,sonnet
47793,I_2,E2CONTROLOTHER,N,sonnet
47793,I_2,E3COLLECTIVEBLAME,N,sonnet
36818,I_2,E1VIOLENCE,N,sonnet
36818,I_2,E1RADICAL,N,sonnet
36818,I_2,E2ALLEGATION,N,sonnet
36818,I_2,E2DEHUMANIZATION,N,sonnet
36818,I_2,E2DEMONIZE,N,sonnet
36818,I_2,E2STEREOTYPE,N,sonnet
36818,I_2,E2COLLECTIVEPOWER,N,sonnet
36818,I_2,E2CONSPIRACY,N,sonnet
36818,I_2,E2CONTROLMEDIA,N,sonnet
36818,I_2,E2CONTROLECONOMY,N,sonnet
36818,I_2,E2CONTROLGOV,N,sonnet
36818,I_2,E2CONTROLOTHER,N,sonnet
36818,I_2,E3COLLECTIVEBLAME,N,sonnet
17386,I_2,E1VIOLENCE,A,sonnet
17386,I_2,E1RADICAL,N,sonnet
17386,I_2,E2ALLEGATION,N,sonnet
17386,I_2,E2DEHUMANIZATION,N,sonnet
17386,I_2,E2DEMONIZE,N,sonnet
17386,I_2,E2STEREOTYPE,N,sonnet
17386,I_2,E2COLLECTIVEPOWER,N,sonnet
17386,I_2,E2CONSPIRACY,N,sonnet
17386,I_2,E2CONTROLMEDIA,N,sonnet
17386,I_2,E2CONTROLECONOMY,N,sonnet
17386,I_2,E2CONTROLGOV,N,sonnet
17386,I_2,E2CONTROLOTHER,N,sonnet
17386,I_2,E3COLLECTIVEBLAME,N,sonnet
9952,I_2,E1VIOLENCE,N,sonnet
9952,I_2,E1RADICAL,N,sonnet
9952,I_2,E2ALLEGATION,N,sonnet
9952,I_2,E2DEHUMANIZATION,N,sonnet
9952,I_2,E2DEMONIZE,N,sonnet
9952,I_2,E2STEREOTYPE,N,sonnet
9952,I_2,E2COLLECTIVEPOWER,N,sonnet
9952,I_2,E2CONSPIRACY,N,sonnet
9952,I_2,E2CONTROLMEDIA,N,sonnet
9952,I_2,E2CONTROLECONOMY,N,sonnet
9952,I_2,E2CONTROLGOV,N,sonnet
9952,I_2,E2CONTROLOTHER,N,sonnet
9952,I_2,E3COLLECTIVEBLAME,N,sonnet
45242,I_2,E1VIOLENCE,N,sonnet
45242,I_2,E1RADICAL,N,sonnet
45242,I_2,E2ALLEGATION,I,sonnet
45242,I_2,E2DEHUMANIZATION,N,sonnet
45242,I_2,E2DEMONIZE,I,sonnet
45242,I_2,E2STEREOTYPE,I,sonnet
45242,I_2,E2COLLECTIVEPOWER,N,sonnet
45242,I_2,E2CONSPIRACY,N,sonnet
45242,I_2,E2CONTROLMEDIA,N,sonnet
45242,I_2,E2CONTROLECONOMY,N,sonnet
45242,I_2,E2CONTROLGOV,N,sonnet
45242,I_2,E2CONTROLOTHER,N,sonnet
45242,I_2,E3COLLECTIVEBLAME,N,sonnet
47657,I_2,E1VIOLENCE,N,sonnet
47657,I_2,E1RADICAL,N,sonnet
47657,I_2,E2ALLEGATION,E,sonnet
47657,I_2,E2DEHUMANIZATION,N,sonnet
47657,I_2,E2DEMONIZE,I,sonnet
47657,I_2,E2STEREOTYPE,I,sonnet
47657,I_2,E2COLLECTIVEPOWER,E,sonnet
47657,I_2,E2CONSPIRACY,I,sonnet
47657,I_2,E2CONTROLMEDIA,N,sonnet
47657,I_2,E2CONTROLECONOMY,I,sonnet
47657,I_2,E2CONTROLGOV,N,sonnet
47657,I_2,E2CONTROLOTHER,I,sonnet
47657,I_2,E3COLLECTIVEBLAME,N,sonnet
7680,I_2,E1VIOLENCE,N,sonnet
7680,I_2,E1RADICAL,N,sonnet
7680,I_2,E2ALLEGATION,N,sonnet
7680,I_2,E2DEHUMANIZATION,N,sonnet
7680,I_2,E2DEMONIZE,N,sonnet
7680,I_2,E2STEREOTYPE,N,sonnet
7680,I_2,E2COLLECTIVEPOWER,N,sonnet
7680,I_2,E2CONSPIRACY,N,sonnet
7680,I_2,E2CONTROLMEDIA,N,sonnet
7680,I_2,E2CONTROLECONOMY,N,sonnet
7680,I_2,E2CONTROLGOV,N,sonnet
7680,I_2,E2CONTROLOTHER,N,sonnet
7680,I_2,E3COLLECTIVEBLAME,N,sonnet
25261,I_2,E1VIOLENCE,N,sonnet
25261,I_2,E1RADICAL,N,sonnet
25261,I_2,E2ALLEGATION,N,sonnet
25261,I_2,E2DEHUMANIZATION,N,sonnet
25261,I_2,E2DEMONIZE,N,sonnet
25261,I_2,E2STEREOTYPE,N,sonnet
25261,I_2,E2COLLECTIVEPOWER,N,sonnet
25261,I_2,E2CONSPIRACY,N,sonnet
25261,I_2,E2CONTROLMEDIA,N,sonnet
25261,I_2,E2CONTROLECONOMY,N,sonnet
25261,I_2,E2CONTROLGOV,N,sonnet
25261,I_2,E2CONTROLOTHER,N,sonnet
25261,I_2,E3COLLECTIVEBLAME,N,sonnet
8395,I_2,E1VIOLENCE,I,sonnet
8395,I_2,E1RADICAL,N,sonnet
8395,I_2,E2ALLEGATION,I,sonnet
8395,I_2,E2DEHUMANIZATION,I,sonnet
8395,I_2,E2DEMONIZE,I,sonnet
8395,I_2,E2STEREOTYPE,N,sonnet
8395,I_2,E2COLLECTIVEPOWER,N,sonnet
8395,I_2,E2CONSPIRACY,N,sonnet
8395,I_2,E2CONTROLMEDIA,N,sonnet
8395,I_2,E2CONTROLECONOMY,N,sonnet
8395,I_2,E2CONTROLGOV,N,sonnet
8395,I_2,E2CONTROLOTHER,N,sonnet
8395,I_2,E3COLLECTIVEBLAME,N,sonnet
22247,I_2,E1VIOLENCE,N,sonnet
22247,I_2,E1RADICAL,N,sonnet
22247,I_2,E2ALLEGATION,N,sonnet
22247,I_2,E2DEHUMANIZATION,N,sonnet
22247,I_2,E2DEMONIZE,N,sonnet
22247,I_2,E2STEREOTYPE,N,sonnet
22247,I_2,E2COLLECTIVEPOWER,N,sonnet
22247,I_2,E2CONSPIRACY,N,sonnet
22247,I_2,E2CONTROLMEDIA,N,sonnet
22247,I_2,E2CONTROLECONOMY,N,sonnet
22247,I_2,E2CONTROLGOV,N,sonnet
22247,I_2,E2CONTROLOTHER,N,sonnet
22247,I_2,E3COLLECTIVEBLAME,N,sonnet
20707,I_2,E1VIOLENCE,N,sonnet
20707,I_2,E1RADICAL,N,sonnet
20707,I_2,E2ALLEGATION,N,sonnet
20707,I_2,E2DEHUMANIZATION,N,sonnet
20707,I_2,E2DEMONIZE,N,sonnet
20707,I_2,E2STEREOTYPE,N,sonnet
20707,I_2,E2COLLECTIVEPOWER,N,sonnet
20707,I_2,E2CONSPIRACY,N,sonnet
20707,I_2,E2CONTROLMEDIA,N,sonnet
20707,I_2,E2CONTROLECONOMY,N,sonnet
20707,I_2,E2CONTROLGOV,N,sonnet
20707,I_2,E2CONTROLOTHER,N,sonnet
20707,I_2,E3COLLECTIVEBLAME,N,sonnet
39272,I_2,E1VIOLENCE,N,sonnet
39272,I_2,E1RADICAL,N,sonnet
39272,I_2,E2ALLEGATION,N,sonnet
39272,I_2,E2DEHUMANIZATION,N,sonnet
39272,I_2,E2DEMONIZE,N,sonnet
39272,I_2,E2STEREOTYPE,N,sonnet
39272,I_2,E2COLLECTIVEPOWER,N,sonnet
39272,I_2,E2CONSPIRACY,N,sonnet
39272,I_2,E2CONTROLMEDIA,N,sonnet
39272,I_2,E2CONTROLECONOMY,N,sonnet
39272,I_2,E2CONTROLGOV,N,sonnet
39272,I_2,E2CONTROLOTHER,N,sonnet
39272,I_2,E3COLLECTIVEBLAME,N,sonnet
18327,I_2,E1VIOLENCE,N,sonnet
18327,I_2,E1RADICAL,N,sonnet
18327,I_2,E2ALLEGATION,N,sonnet
18327,I_2,E2DEHUMANIZATION,N,sonnet
18327,I_2,E2DEMONIZE,N,sonnet
18327,I_2,E2STEREOTYPE,N,sonnet
18327,I_2,E2COLLECTIVEPOWER,N,sonnet
18327,I_2,E2CONSPIRACY,N,sonnet
18327,I_2,E2CONTROLMEDIA,N,sonnet
18327,I_2,E2CONTROLECONOMY,N,sonnet
18327,I_2,E2CONTROLGOV,N,sonnet
18327,I_2,E2CONTROLOTHER,N,sonnet
18327,I_2,E3COLLECTIVEBLAME,N,sonnet
34131,I_2,E1VIOLENCE,N,sonnet
34131,I_2,E1RADICAL,N,sonnet
34131,I_2,E2ALLEGATION,E,sonnet
34131,I_2,E2DEHUMANIZATION,E,sonnet
34131,I_2,E2DEMONIZE,E,sonnet
34131,I_2,E2STEREOTYPE,E,sonnet
34131,I_2,E2COLLECTIVEPOWER,N,sonnet
34131,I_2,E2CONSPIRACY,I,sonnet
34131,I_2,E2CONTROLMEDIA,N,sonnet
34131,I_2,E2CONTROLECONOMY,N,sonnet
34131,I_2,E2CONTROLGOV,N,sonnet
34131,I_2,E2CONTROLOTHER,N,sonnet
34131,I_2,E3COLLECTIVEBLAME,E,sonnet
18740,I_2,E1VIOLENCE,E,sonnet
18740,I_2,E1RADICAL,N,sonnet
18740,I_2,E2ALLEGATION,N,sonnet
18740,I_2,E2DEHUMANIZATION,N,sonnet
18740,I_2,E2DEMONIZE,N,sonnet
18740,I_2,E2STEREOTYPE,N,sonnet
18740,I_2,E2COLLECTIVEPOWER,N,sonnet
18740,I_2,E2CONSPIRACY,N,sonnet
18740,I_2,E2CONTROLMEDIA,N,sonnet
18740,I_2,E2CONTROLECONOMY,N,sonnet
18740,I_2,E2CONTROLGOV,N,sonnet
18740,I_2,E2CONTROLOTHER,N,sonnet
18740,I_2,E3COLLECTIVEBLAME,N,sonnet
14532,I_2,E1VIOLENCE,N,sonnet
14532,I_2,E1RADICAL,N,sonnet
14532,I_2,E2ALLEGATION,N,sonnet
14532,I_2,E2DEHUMANIZATION,N,sonnet
14532,I_2,E2DEMONIZE,N,sonnet
14532,I_2,E2STEREOTYPE,N,sonnet
14532,I_2,E2COLLECTIVEPOWER,N,sonnet
14532,I_2,E2CONSPIRACY,N,sonnet
14532,I_2,E2CONTROLMEDIA,N,sonnet
14532,I_2,E2CONTROLECONOMY,N,sonnet
14532,I_2,E2CONTROLGOV,N,sonnet
14532,I_2,E2CONTROLOTHER,N,sonnet
14532,I_2,E3COLLECTIVEBLAME,N,sonnet
40797,I_2,E1VIOLENCE,N,sonnet
40797,I_2,E1RADICAL,N,sonnet
40797,I_2,E2ALLEGATION,N,sonnet
40797,I_2,E2DEHUMANIZATION,N,sonnet
40797,I_2,E2DEMONIZE,N,sonnet
40797,I_2,E2STEREOTYPE,N,sonnet
40797,I_2,E2COLLECTIVEPOWER,N,sonnet
40797,I_2,E2CONSPIRACY,N,sonnet
40797,I_2,E2CONTROLMEDIA,N,sonnet
40797,I_2,E2CONTROLECONOMY,N,sonnet
40797,I_2,E2CONTROLGOV,N,sonnet
40797,I_2,E2CONTROLOTHER,N,sonnet
40797,I_2,E3COLLECTIVEBLAME,N,sonnet
9340,I_2,E1VIOLENCE,A,sonnet
9340,I_2,E1RADICAL,A,sonnet
9340,I_2,E2ALLEGATION,N,sonnet
9340,I_2,E2DEHUMANIZATION,N,sonnet
9340,I_2,E2DEMONIZE,N,sonnet
9340,I_2,E2STEREOTYPE,N,sonnet
9340,I_2,E2COLLECTIVEPOWER,N,sonnet
9340,I_2,E2CONSPIRACY,N,sonnet
9340,I_2,E2CONTROLMEDIA,N,sonnet
9340,I_2,E2CONTROLECONOMY,N,sonnet
9340,I_2,E2CONTROLGOV,N,sonnet
9340,I_2,E2CONTROLOTHER,N,sonnet
9340,I_2,E3COLLECTIVEBLAME,N,sonnet
34142,I_2,E1VIOLENCE,N,sonnet
34142,I_2,E1RADICAL,N,sonnet
34142,I_2,E2ALLEGATION,N,sonnet
34142,I_2,E2DEHUMANIZATION,N,sonnet
34142,I_2,E2DEMONIZE,N,sonnet
34142,I_2,E2STEREOTYPE,N,sonnet
34142,I_2,E2COLLECTIVEPOWER,N,sonnet
34142,I_2,E2CONSPIRACY,N,sonnet
34142,I_2,E2CONTROLMEDIA,N,sonnet
34142,I_2,E2CONTROLECONOMY,N,sonnet
34142,I_2,E2CONTROLGOV,N,sonnet
34142,I_2,E2CONTROLOTHER,N,sonnet
34142,I_2,E3COLLECTIVEBLAME,N,sonnet
42935,I_2,E1VIOLENCE,N,sonnet
42935,I_2,E1RADICAL,N,sonnet
42935,I_2,E2ALLEGATION,N,sonnet
42935,I_2,E2DEHUMANIZATION,N,sonnet
42935,I_2,E2DEMONIZE,N,sonnet
42935,I_2,E2STEREOTYPE,N,sonnet
42935,I_2,E2COLLECTIVEPOWER,N,sonnet
42935,I_2,E2CONSPIRACY,N,sonnet
42935,I_2,E2CONTROLMEDIA,N,sonnet
42935,I_2,E2CONTROLECONOMY,N,sonnet
42935,I_2,E2CONTROLGOV,N,sonnet
42935,I_2,E2CONTROLOTHER,N,sonnet
42935,I_2,E3COLLECTIVEBLAME,N,sonnet
20803,I_2,E1VIOLENCE,N,sonnet
20803,I_2,E1RADICAL,N,sonnet
20803,I_2,E2ALLEGATION,N,sonnet
20803,I_2,E2DEHUMANIZATION,N,sonnet
20803,I_2,E2DEMONIZE,N,sonnet
20803,I_2,E2STEREOTYPE,N,sonnet
20803,I_2,E2COLLECTIVEPOWER,N,sonnet
20803,I_2,E2CONSPIRACY,N,sonnet
20803,I_2,E2CONTROLMEDIA,N,sonnet
20803,I_2,E2CONTROLECONOMY,N,sonnet
20803,I_2,E2CONTROLGOV,N,sonnet
20803,I_2,E2CONTROLOTHER,N,sonnet
20803,I_2,E3COLLECTIVEBLAME,N,sonnet
49992,I_2,E1VIOLENCE,N,sonnet
49992,I_2,E1RADICAL,N,sonnet
49992,I_2,E2ALLEGATION,N,sonnet
49992,I_2,E2DEHUMANIZATION,N,sonnet
49992,I_2,E2DEMONIZE,N,sonnet
49992,I_2,E2STEREOTYPE,N,sonnet
49992,I_2,E2COLLECTIVEPOWER,N,sonnet
49992,I_2,E2CONSPIRACY,N,sonnet
49992,I_2,E2CONTROLMEDIA,N,sonnet
49992,I_2,E2CONTROLECONOMY,N,sonnet
49992,I_2,E2CONTROLGOV,N,sonnet
49992,I_2,E2CONTROLOTHER,N,sonnet
49992,I_2,E3COLLECTIVEBLAME,N,sonnet
47998,I_2,E1VIOLENCE,N,sonnet
47998,I_2,E1RADICAL,N,sonnet
47998,I_2,E2ALLEGATION,E,sonnet
47998,I_2,E2DEHUMANIZATION,I,sonnet
47998,I_2,E2DEMONIZE,E,sonnet
47998,I_2,E2STEREOTYPE,E,sonnet
47998,I_2,E2COLLECTIVEPOWER,N,sonnet
47998,I_2,E2CONSPIRACY,N,sonnet
47998,I_2,E2CONTROLMEDIA,N,sonnet
47998,I_2,E2CONTROLECONOMY,N,sonnet
47998,I_2,E2CONTROLGOV,N,sonnet
47998,I_2,E2CONTROLOTHER,N,sonnet
47998,I_2,E3COLLECTIVEBLAME,N,sonnet
8784,I_2,E1VIOLENCE,N,sonnet
8784,I_2,E1RADICAL,N,sonnet
8784,I_2,E2ALLEGATION,N,sonnet
8784,I_2,E2DEHUMANIZATION,N,sonnet
8784,I_2,E2DEMONIZE,N,sonnet
8784,I_2,E2STEREOTYPE,N,sonnet
8784,I_2,E2COLLECTIVEPOWER,N,sonnet
8784,I_2,E2CONSPIRACY,N,sonnet
8784,I_2,E2CONTROLMEDIA,N,sonnet
8784,I_2,E2CONTROLECONOMY,N,sonnet
8784,I_2,E2CONTROLGOV,N,sonnet
8784,I_2,E2CONTROLOTHER,N,sonnet
8784,I_2,E3COLLECTIVEBLAME,N,sonnet
33809,I_2,E1VIOLENCE,N,sonnet
33809,I_2,E1RADICAL,N,sonnet
33809,I_2,E2ALLEGATION,N,sonnet
33809,I_2,E2DEHUMANIZATION,N,sonnet
33809,I_2,E2DEMONIZE,N,sonnet
33809,I_2,E2STEREOTYPE,N,sonnet
33809,I_2,E2COLLECTIVEPOWER,N,sonnet
33809,I_2,E2CONSPIRACY,N,sonnet
33809,I_2,E2CONTROLMEDIA,N,sonnet
33809,I_2,E2CONTROLECONOMY,N,sonnet
33809,I_2,E2CONTROLGOV,N,sonnet
33809,I_2,E2CONTROLOTHER,N,sonnet
33809,I_2,E3COLLECTIVEBLAME,N,sonnet
909,I_2,E1VIOLENCE,N,sonnet
909,I_2,E1RADICAL,N,sonnet
909,I_2,E2ALLEGATION,N,sonnet
909,I_2,E2DEHUMANIZATION,N,sonnet
909,I_2,E2DEMONIZE,N,sonnet
909,I_2,E2STEREOTYPE,N,sonnet
909,I_2,E2COLLECTIVEPOWER,N,sonnet
909,I_2,E2CONSPIRACY,N,sonnet
909,I_2,E2CONTROLMEDIA,N,sonnet
909,I_2,E2CONTROLECONOMY,N,sonnet
909,I_2,E2CONTROLGOV,N,sonnet
909,I_2,E2CONTROLOTHER,N,sonnet
909,I_2,E3COLLECTIVEBLAME,N,sonnet
33613,I_2,E1VIOLENCE,N,sonnet
33613,I_2,E1RADICAL,N,sonnet
33613,I_2,E2ALLEGATION,N,sonnet
33613,I_2,E2DEHUMANIZATION,N,sonnet
33613,I_2,E2DEMONIZE,N,sonnet
33613,I_2,E2STEREOTYPE,N,sonnet
33613,I_2,E2COLLECTIVEPOWER,N,sonnet
33613,I_2,E2CONSPIRACY,N,sonnet
33613,I_2,E2CONTROLMEDIA,N,sonnet
33613,I_2,E2CONTROLECONOMY,N,sonnet
33613,I_2,E2CONTROLGOV,N,sonnet
33613,I_2,E2CONTROLOTHER,N,sonnet
33613,I_2,E3COLLECTIVEBLAME,N,sonnet
2812,I_2,E1VIOLENCE,N,sonnet
2812,I_2,E1RADICAL,N,sonnet
2812,I_2,E2ALLEGATION,N,sonnet
2812,I_2,E2DEHUMANIZATION,N,sonnet
2812,I_2,E2DEMONIZE,N,sonnet
2812,I_2,E2STEREOTYPE,N,sonnet
2812,I_2,E2COLLECTIVEPOWER,N,sonnet
2812,I_2,E2CONSPIRACY,N,sonnet
2812,I_2,E2CONTROLMEDIA,N,sonnet
2812,I_2,E2CONTROLECONOMY,N,sonnet
2812,I_2,E2CONTROLGOV,N,sonnet
2812,I_2,E2CONTROLOTHER,N,sonnet
2812,I_2,E3COLLECTIVEBLAME,N,sonnet
18966,I_2,E1VIOLENCE,A,sonnet
18966,I_2,E1RADICAL,I,sonnet
18966,I_2,E2ALLEGATION,N,sonnet
18966,I_2,E2DEHUMANIZATION,N,sonnet
18966,I_2,E2DEMONIZE,N,sonnet
18966,I_2,E2STEREOTYPE,N,sonnet
18966,I_2,E2COLLECTIVEPOWER,N,sonnet
18966,I_2,E2CONSPIRACY,N,sonnet
18966,I_2,E2CONTROLMEDIA,N,sonnet
18966,I_2,E2CONTROLECONOMY,N,sonnet
18966,I_2,E2CONTROLGOV,N,sonnet
18966,I_2,E2CONTROLOTHER,N,sonnet
18966,I_2,E3COLLECTIVEBLAME,N,sonnet
9029,I_2,E1VIOLENCE,A,sonnet
9029,I_2,E1RADICAL,A,sonnet
9029,I_2,E2ALLEGATION,A,sonnet
9029,I_2,E2DEHUMANIZATION,A,sonnet
9029,I_2,E2DEMONIZE,A,sonnet
9029,I_2,E2STEREOTYPE,A,sonnet
9029,I_2,E2COLLECTIVEPOWER,N,sonnet
9029,I_2,E2CONSPIRACY,N,sonnet
9029,I_2,E2CONTROLMEDIA,N,sonnet
9029,I_2,E2CONTROLECONOMY,N,sonnet
9029,I_2,E2CONTROLGOV,N,sonnet
9029,I_2,E2CONTROLOTHER,N,sonnet
9029,I_2,E3COLLECTIVEBLAME,A,sonnet
43483,I_2,E1VIOLENCE,N,sonnet
43483,I_2,E1RADICAL,N,sonnet
43483,I_2,E2ALLEGATION,E,sonnet
43483,I_2,E2DEHUMANIZATION,E,sonnet
43483,I_2,E2DEMONIZE,E,sonnet
43483,I_2,E2STEREOTYPE,E,sonnet
43483,I_2,E2COLLECTIVEPOWER,E,sonnet
43483,I_2,E2CONSPIRACY,E,sonnet
43483,I_2,E2CONTROLMEDIA,E,sonnet
43483,I_2,E2CONTROLECONOMY,N,sonnet
43483,I_2,E2CONTROLGOV,N,sonnet
43483,I_2,E2CONTROLOTHER,E,sonnet
43483,I_2,E3COLLECTIVEBLAME,E,sonnet
4318,I_2,E1VIOLENCE,E,sonnet
4318,I_2,E1RADICAL,N,sonnet
4318,I_2,E2ALLEGATION,N,sonnet
4318,I_2,E2DEHUMANIZATION,N,sonnet
4318,I_2,E2DEMONIZE,N,sonnet
4318,I_2,E2STEREOTYPE,N,sonnet
4318,I_2,E2COLLECTIVEPOWER,N,sonnet
4318,I_2,E2CONSPIRACY,N,sonnet
4318,I_2,E2CONTROLMEDIA,N,sonnet
4318,I_2,E2CONTROLECONOMY,N,sonnet
4318,I_2,E2CONTROLGOV,N,sonnet
4318,I_2,E2CONTROLOTHER,N,sonnet
4318,I_2,E3COLLECTIVEBLAME,N,sonnet
29799,I_2,E1VIOLENCE,N,sonnet
29799,I_2,E1RADICAL,N,sonnet
29799,I_2,E2ALLEGATION,N,sonnet
29799,I_2,E2DEHUMANIZATION,I,sonnet
29799,I_2,E2DEMONIZE,I,sonnet
29799,I_2,E2STEREOTYPE,N,sonnet
29799,I_2,E2COLLECTIVEPOWER,N,sonnet
29799,I_2,E2CONSPIRACY,N,sonnet
29799,I_2,E2CONTROLMEDIA,N,sonnet
29799,I_2,E2CONTROLECONOMY,N,sonnet
29799,I_2,E2CONTROLGOV,N,sonnet
29799,I_2,E2CONTROLOTHER,N,sonnet
29799,I_2,E3COLLECTIVEBLAME,N,sonnet
21550,I_2,E1VIOLENCE,N,sonnet
21550,I_2,E1RADICAL,N,sonnet
21550,I_2,E2ALLEGATION,N,sonnet
21550,I_2,E2DEHUMANIZATION,N,sonnet
21550,I_2,E2DEMONIZE,N,sonnet
21550,I_2,E2STEREOTYPE,N,sonnet
21550,I_2,E2COLLECTIVEPOWER,N,sonnet
21550,I_2,E2CONSPIRACY,N,sonnet
21550,I_2,E2CONTROLMEDIA,N,sonnet
21550,I_2,E2CONTROLECONOMY,N,sonnet
21550,I_2,E2CONTROLGOV,N,sonnet
21550,I_2,E2CONTROLOTHER,N,sonnet
21550,I_2,E3COLLECTIVEBLAME,N,sonnet
44474,I_2,E1VIOLENCE,N,sonnet
44474,I_2,E1RADICAL,N,sonnet
44474,I_2,E2ALLEGATION,I,sonnet
44474,I_2,E2DEHUMANIZATION,I,sonnet
44474,I_2,E2DEMONIZE,I,sonnet
44474,I_2,E2STEREOTYPE,N,sonnet
44474,I_2,E2COLLECTIVEPOWER,N,sonnet
44474,I_2,E2CONSPIRACY,N,sonnet
44474,I_2,E2CONTROLMEDIA,N,sonnet
44474,I_2,E2CONTROLECONOMY,N,sonnet
44474,I_2,E2CONTROLGOV,N,sonnet
44474,I_2,E2CONTROLOTHER,N,sonnet
44474,I_2,E3COLLECTIVEBLAME,I,sonnet
2610,I_2,E1VIOLENCE,N,sonnet
2610,I_2,E1RADICAL,N,sonnet
2610,I_2,E2ALLEGATION,N,sonnet
2610,I_2,E2DEHUMANIZATION,N,sonnet
2610,I_2,E2DEMONIZE,N,sonnet
2610,I_2,E2STEREOTYPE,N,sonnet
2610,I_2,E2COLLECTIVEPOWER,N,sonnet
2610,I_2,E2CONSPIRACY,N,sonnet
2610,I_2,E2CONTROLMEDIA,N,sonnet
2610,I_2,E2CONTROLECONOMY,N,sonnet
2610,I_2,E2CONTROLGOV,N,sonnet
2610,I_2,E2CONTROLOTHER,N,sonnet
2610,I_2,E3COLLECTIVEBLAME,N,sonnet
26748,I_2,E1VIOLENCE,N,sonnet
26748,I_2,E1RADICAL,N,sonnet
26748,I_2,E2ALLEGATION,N,sonnet
26748,I_2,E2DEHUMANIZATION,N,sonnet
26748,I_2,E2DEMONIZE,N,sonnet
26748,I_2,E2STEREOTYPE,N,sonnet
26748,I_2,E2COLLECTIVEPOWER,N,sonnet
26748,I_2,E2CONSPIRACY,N,sonnet
26748,I_2,E2CONTROLMEDIA,N,sonnet
26748,I_2,E2CONTROLECONOMY,N,sonnet
26748,I_2,E2CONTROLGOV,N,sonnet
26748,I_2,E2CONTROLOTHER,N,sonnet
26748,I_2,E3COLLECTIVEBLAME,N,sonnet
9252,I_2,E1VIOLENCE,N,sonnet
9252,I_2,E1RADICAL,N,sonnet
9252,I_2,E2ALLEGATION,N,sonnet
9252,I_2,E2DEHUMANIZATION,I,sonnet
9252,I_2,E2DEMONIZE,N,sonnet
9252,I_2,E2STEREOTYPE,N,sonnet
9252,I_2,E2COLLECTIVEPOWER,N,sonnet
9252,I_2,E2CONSPIRACY,N,sonnet
9252,I_2,E2CONTROLMEDIA,N,sonnet
9252,I_2,E2CONTROLECONOMY,N,sonnet
9252,I_2,E2CONTROLGOV,N,sonnet
9252,I_2,E2CONTROLOTHER,N,sonnet
9252,I_2,E3COLLECTIVEBLAME,N,sonnet
2015,I_2,E1VIOLENCE,N,sonnet
2015,I_2,E1RADICAL,N,sonnet
2015,I_2,E2ALLEGATION,N,sonnet
2015,I_2,E2DEHUMANIZATION,N,sonnet
2015,I_2,E2DEMONIZE,N,sonnet
2015,I_2,E2STEREOTYPE,N,sonnet
2015,I_2,E2COLLECTIVEPOWER,N,sonnet
2015,I_2,E2CONSPIRACY,N,sonnet
2015,I_2,E2CONTROLMEDIA,N,sonnet
2015,I_2,E2CONTROLECONOMY,N,sonnet
2015,I_2,E2CONTROLGOV,N,sonnet
2015,I_2,E2CONTROLOTHER,N,sonnet
2015,I_2,E3COLLECTIVEBLAME,N,sonnet
49590,I_2,E1VIOLENCE,N,sonnet
49590,I_2,E1RADICAL,N,sonnet
49590,I_2,E2ALLEGATION,I,sonnet
49590,I_2,E2DEHUMANIZATION,N,sonnet
49590,I_2,E2DEMONIZE,I,sonnet
49590,I_2,E2STEREOTYPE,N,sonnet
49590,I_2,E2COLLECTIVEPOWER,I,sonnet
49590,I_2,E2CONSPIRACY,N,sonnet
49590,I_2,E2CONTROLMEDIA,N,sonnet
49590,I_2,E2CONTROLECONOMY,N,sonnet
49590,I_2,E2CONTROLGOV,I,sonnet
49590,I_2,E2CONTROLOTHER,N,sonnet
49590,I_2,E3COLLECTIVEBLAME,N,sonnet
9466,I_2,E1VIOLENCE,E,sonnet
9466,I_2,E1RADICAL,N,sonnet
9466,I_2,E2ALLEGATION,N,sonnet
9466,I_2,E2DEHUMANIZATION,E,sonnet
9466,I_2,E2DEMONIZE,N,sonnet
9466,I_2,E2STEREOTYPE,N,sonnet
9466,I_2,E2COLLECTIVEPOWER,N,sonnet
9466,I_2,E2CONSPIRACY,N,sonnet
9466,I_2,E2CONTROLMEDIA,N,sonnet
9466,I_2,E2CONTROLECONOMY,N,sonnet
9466,I_2,E2CONTROLGOV,N,sonnet
9466,I_2,E2CONTROLOTHER,N,sonnet
9466,I_2,E3COLLECTIVEBLAME,N,sonnet
45420,I_2,E1VIOLENCE,N,sonnet
45420,I_2,E1RADICAL,N,sonnet
45420,I_2,E2ALLEGATION,E,sonnet
45420,I_2,E2DEHUMANIZATION,E,sonnet
45420,I_2,E2DEMONIZE,N,sonnet
45420,I_2,E2STEREOTYPE,E,sonnet
45420,I_2,E2COLLECTIVEPOWER,N,sonnet
45420,I_2,E2CONSPIRACY,N,sonnet
45420,I_2,E2CONTROLMEDIA,N,sonnet
45420,I_2,E2CONTROLECONOMY,N,sonnet
45420,I_2,E2CONTROLGOV,N,sonnet
45420,I_2,E2CONTROLOTHER,N,sonnet
45420,I_2,E3COLLECTIVEBLAME,N,sonnet
20070,I_2,E1VIOLENCE,N,sonnet
20070,I_2,E1RADICAL,N,sonnet
20070,I_2,E2ALLEGATION,N,sonnet
20070,I_2,E2DEHUMANIZATION,N,sonnet
20070,I_2,E2DEMONIZE,N,sonnet
20070,I_2,E2STEREOTYPE,N,sonnet
20070,I_2,E2COLLECTIVEPOWER,N,sonnet
20070,I_2,E2CONSPIRACY,N,sonnet
20070,I_2,E2CONTROLMEDIA,N,sonnet
20070,I_2,E2CONTROLECONOMY,N,sonnet
20070,I_2,E2CONTROLGOV,N,sonnet
20070,I_2,E2CONTROLOTHER,N,sonnet
20070,I_2,E3COLLECTIVEBLAME,N,sonnet
32911,I_2,E1VIOLENCE,N,sonnet
32911,I_2,E1RADICAL,N,sonnet
32911,I_2,E2ALLEGATION,N,sonnet
32911,I_2,E2DEHUMANIZATION,N,sonnet
32911,I_2,E2DEMONIZE,N,sonnet
32911,I_2,E2STEREOTYPE,N,sonnet
32911,I_2,E2COLLECTIVEPOWER,N,sonnet
32911,I_2,E2CONSPIRACY,N,sonnet
32911,I_2,E2CONTROLMEDIA,N,sonnet
32911,I_2,E2CONTROLECONOMY,N,sonnet
32911,I_2,E2CONTROLGOV,N,sonnet
32911,I_2,E2CONTROLOTHER,N,sonnet
32911,I_2,E3COLLECTIVEBLAME,N,sonnet
37220,I_2,E1VIOLENCE,N,sonnet
37220,I_2,E1RADICAL,N,sonnet
37220,I_2,E2ALLEGATION,N,sonnet
37220,I_2,E2DEHUMANIZATION,N,sonnet
37220,I_2,E2DEMONIZE,N,sonnet
37220,I_2,E2STEREOTYPE,N,sonnet
37220,I_2,E2COLLECTIVEPOWER,N,sonnet
37220,I_2,E2CONSPIRACY,N,sonnet
37220,I_2,E2CONTROLMEDIA,N,sonnet
37220,I_2,E2CONTROLECONOMY,N,sonnet
37220,I_2,E2CONTROLGOV,N,sonnet
37220,I_2,E2CONTROLOTHER,N,sonnet
37220,I_2,E3COLLECTIVEBLAME,N,sonnet
44621,I_2,E1VIOLENCE,N,gpt4o
44621,I_2,E1RADICAL,N,gpt4o
44621,I_2,E2ALLEGATION,N,gpt4o
44621,I_2,E2DEHUMANIZATION,N,gpt4o
44621,I_2,E2DEMONIZE,N,gpt4o
44621,I_2,E2STEREOTYPE,N,gpt4o
44621,I_2,E2COLLECTIVEPOWER,N,gpt4o
44621,I_2,E2CONSPIRACY,N,gpt4o
44621,I_2,E2CONTROLMEDIA,I,gpt4o
44621,I_2,E2CONTROLECONOMY,N,gpt4o
44621,I_2,E2CONTROLGOV,N,gpt4o
44621,I_2,E2CONTROLOTHER,N,gpt4o
44621,I_2,E3COLLECTIVEBLAME,N,gpt4o
9971,I_2,E1VIOLENCE,A,sonnet
9971,I_2,E1RADICAL,N,sonnet
9971,I_2,E2ALLEGATION,N,sonnet
9971,I_2,E2DEHUMANIZATION,N,sonnet
9971,I_2,E2DEMONIZE,N,sonnet
9971,I_2,E2STEREOTYPE,N,sonnet
9971,I_2,E2COLLECTIVEPOWER,N,sonnet
9971,I_2,E2CONSPIRACY,N,sonnet
9971,I_2,E2CONTROLMEDIA,N,sonnet
9971,I_2,E2CONTROLECONOMY,N,sonnet
9971,I_2,E2CONTROLGOV,N,sonnet
9971,I_2,E2CONTROLOTHER,N,sonnet
9971,I_2,E3COLLECTIVEBLAME,N,sonnet
42879,I_2,E1VIOLENCE,N,sonnet
42879,I_2,E1RADICAL,N,sonnet
42879,I_2,E2ALLEGATION,N,sonnet
42879,I_2,E2DEHUMANIZATION,N,sonnet
42879,I_2,E2DEMONIZE,N,sonnet
42879,I_2,E2STEREOTYPE,N,sonnet
42879,I_2,E2COLLECTIVEPOWER,N,sonnet
42879,I_2,E2CONSPIRACY,N,sonnet
42879,I_2,E2CONTROLMEDIA,N,sonnet
42879,I_2,E2CONTROLECONOMY,N,sonnet
42879,I_2,E2CONTROLGOV,N,sonnet
42879,I_2,E2CONTROLOTHER,N,sonnet
42879,I_2,E3COLLECTIVEBLAME,N,sonnet
49377,I_2,E1VIOLENCE,N,sonnet
49377,I_2,E1RADICAL,N,sonnet
49377,I_2,E2ALLEGATION,N,sonnet
49377,I_2,E2DEHUMANIZATION,N,sonnet
49377,I_2,E2DEMONIZE,N,sonnet
49377,I_2,E2STEREOTYPE,N,sonnet
49377,I_2,E2COLLECTIVEPOWER,N,sonnet
49377,I_2,E2CONSPIRACY,N,sonnet
49377,I_2,E2CONTROLMEDIA,N,sonnet
49377,I_2,E2CONTROLECONOMY,N,sonnet
49377,I_2,E2CONTROLGOV,N,sonnet
49377,I_2,E2CONTROLOTHER,N,sonnet
49377,I_2,E3COLLECTIVEBLAME,N,sonnet
29933,I_2,E1VIOLENCE,N,sonnet
29933,I_2,E1RADICAL,N,sonnet
29933,I_2,E2ALLEGATION,N,sonnet
29933,I_2,E2DEHUMANIZATION,N,sonnet
29933,I_2,E2DEMONIZE,N,sonnet
29933,I_2,E2STEREOTYPE,N,sonnet
29933,I_2,E2COLLECTIVEPOWER,N,sonnet
29933,I_2,E2CONSPIRACY,N,sonnet
29933,I_2,E2CONTROLMEDIA,N,sonnet
29933,I_2,E2CONTROLECONOMY,N,sonnet
29933,I_2,E2CONTROLGOV,N,sonnet
29933,I_2,E2CONTROLOTHER,N,sonnet
29933,I_2,E3COLLECTIVEBLAME,N,sonnet
40441,I_2,E1VIOLENCE,N,sonnet
40441,I_2,E1RADICAL,N,sonnet
40441,I_2,E2ALLEGATION,N,sonnet
40441,I_2,E2DEHUMANIZATION,N,sonnet
40441,I_2,E2DEMONIZE,N,sonnet
40441,I_2,E2STEREOTYPE,N,sonnet
40441,I_2,E2COLLECTIVEPOWER,N,sonnet
40441,I_2,E2CONSPIRACY,N,sonnet
40441,I_2,E2CONTROLMEDIA,N,sonnet
40441,I_2,E2CONTROLECONOMY,N,sonnet
40441,I_2,E2CONTROLGOV,N,sonnet
40441,I_2,E2CONTROLOTHER,N,sonnet
40441,I_2,E3COLLECTIVEBLAME,N,sonnet
22907,I_2,E1VIOLENCE,N,sonnet
22907,I_2,E1RADICAL,I,sonnet
22907,I_2,E2ALLEGATION,N,sonnet
22907,I_2,E2DEHUMANIZATION,N,sonnet
22907,I_2,E2DEMONIZE,I,sonnet
22907,I_2,E2STEREOTYPE,N,sonnet
22907,I_2,E2COLLECTIVEPOWER,N,sonnet
22907,I_2,E2CONSPIRACY,N,sonnet
22907,I_2,E2CONTROLMEDIA,N,sonnet
22907,I_2,E2CONTROLECONOMY,N,sonnet
22907,I_2,E2CONTROLGOV,N,sonnet
22907,I_2,E2CONTROLOTHER,N,sonnet
22907,I_2,E3COLLECTIVEBLAME,I,sonnet
26543,I_2,E1VIOLENCE,I,sonnet
26543,I_2,E1RADICAL,N,sonnet
26543,I_2,E2ALLEGATION,N,sonnet
26543,I_2,E2DEHUMANIZATION,I,sonnet
26543,I_2,E2DEMONIZE,N,sonnet
26543,I_2,E2STEREOTYPE,N,sonnet
26543,I_2,E2COLLECTIVEPOWER,N,sonnet
26543,I_2,E2CONSPIRACY,N,sonnet
26543,I_2,E2CONTROLMEDIA,N,sonnet
26543,I_2,E2CONTROLECONOMY,N,sonnet
26543,I_2,E2CONTROLGOV,N,sonnet
26543,I_2,E2CONTROLOTHER,N,sonnet
26543,I_2,E3COLLECTIVEBLAME,N,sonnet
11900,I_2,E1VIOLENCE,A,sonnet
11900,I_2,E1RADICAL,N,sonnet
11900,I_2,E2ALLEGATION,N,sonnet
11900,I_2,E2DEHUMANIZATION,N,sonnet
11900,I_2,E2DEMONIZE,N,sonnet
11900,I_2,E2STEREOTYPE,N,sonnet
11900,I_2,E2COLLECTIVEPOWER,N,sonnet
11900,I_2,E2CONSPIRACY,N,sonnet
11900,I_2,E2CONTROLMEDIA,N,sonnet
11900,I_2,E2CONTROLECONOMY,N,sonnet
11900,I_2,E2CONTROLGOV,N,sonnet
11900,I_2,E2CONTROLOTHER,N,sonnet
11900,I_2,E3COLLECTIVEBLAME,N,sonnet
10477,I_2,E1VIOLENCE,N,sonnet
10477,I_2,E1RADICAL,N,sonnet
10477,I_2,E2ALLEGATION,N,sonnet
10477,I_2,E2DEHUMANIZATION,N,sonnet
10477,I_2,E2DEMONIZE,N,sonnet
10477,I_2,E2STEREOTYPE,N,sonnet
10477,I_2,E2COLLECTIVEPOWER,N,sonnet
10477,I_2,E2CONSPIRACY,N,sonnet
10477,I_2,E2CONTROLMEDIA,N,sonnet
10477,I_2,E2CONTROLECONOMY,N,sonnet
10477,I_2,E2CONTROLGOV,N,sonnet
10477,I_2,E2CONTROLOTHER,N,sonnet
10477,I_2,E3COLLECTIVEBLAME,N,sonnet
12837,I_2,E1VIOLENCE,N,sonnet
12837,I_2,E1RADICAL,N,sonnet
12837,I_2,E2ALLEGATION,N,sonnet
12837,I_2,E2DEHUMANIZATION,N,sonnet
12837,I_2,E2DEMONIZE,N,sonnet
12837,I_2,E2STEREOTYPE,N,sonnet
12837,I_2,E2COLLECTIVEPOWER,N,sonnet
12837,I_2,E2CONSPIRACY,N,sonnet
12837,I_2,E2CONTROLMEDIA,N,sonnet
12837,I_2,E2CONTROLECONOMY,N,sonnet
12837,I_2,E2CONTROLGOV,N,sonnet
12837,I_2,E2CONTROLOTHER,N,sonnet
12837,I_2,E3COLLECTIVEBLAME,N,sonnet
14718,I_2,E1VIOLENCE,N,sonnet
14718,I_2,E1RADICAL,N,sonnet
14718,I_2,E2ALLEGATION,N,sonnet
14718,I_2,E2DEHUMANIZATION,N,sonnet
14718,I_2,E2DEMONIZE,N,sonnet
14718,I_2,E2STEREOTYPE,N,sonnet
14718,I_2,E2COLLECTIVEPOWER,N,sonnet
14718,I_2,E2CONSPIRACY,N,sonnet
14718,I_2,E2CONTROLMEDIA,N,sonnet
14718,I_2,E2CONTROLECONOMY,N,sonnet
14718,I_2,E2CONTROLGOV,N,sonnet
14718,I_2,E2CONTROLOTHER,N,sonnet
14718,I_2,E3COLLECTIVEBLAME,N,sonnet
29380,I_2,E1VIOLENCE,N,sonnet
29380,I_2,E1RADICAL,N,sonnet
29380,I_2,E2ALLEGATION,N,sonnet
29380,I_2,E2DEHUMANIZATION,N,sonnet
29380,I_2,E2DEMONIZE,N,sonnet
29380,I_2,E2STEREOTYPE,N,sonnet
29380,I_2,E2COLLECTIVEPOWER,N,sonnet
29380,I_2,E2CONSPIRACY,N,sonnet
29380,I_2,E2CONTROLMEDIA,N,sonnet
29380,I_2,E2CONTROLECONOMY,N,sonnet
29380,I_2,E2CONTROLGOV,N,sonnet
29380,I_2,E2CONTROLOTHER,N,sonnet
29380,I_2,E3COLLECTIVEBLAME,N,sonnet
10575,I_2,E1VIOLENCE,N,sonnet
10575,I_2,E1RADICAL,N,sonnet
10575,I_2,E2ALLEGATION,N,sonnet
10575,I_2,E2DEHUMANIZATION,N,sonnet
10575,I_2,E2DEMONIZE,N,sonnet
10575,I_2,E2STEREOTYPE,N,sonnet
10575,I_2,E2COLLECTIVEPOWER,N,sonnet
10575,I_2,E2CONSPIRACY,N,sonnet
10575,I_2,E2CONTROLMEDIA,N,sonnet
10575,I_2,E2CONTROLECONOMY,N,sonnet
10575,I_2,E2CONTROLGOV,N,sonnet
10575,I_2,E2CONTROLOTHER,N,sonnet
10575,I_2,E3COLLECTIVEBLAME,N,sonnet
12616,I_2,E1VIOLENCE,N,sonnet
12616,I_2,E1RADICAL,N,sonnet
12616,I_2,E2ALLEGATION,N,sonnet
12616,I_2,E2DEHUMANIZATION,N,sonnet
12616,I_2,E2DEMONIZE,N,sonnet
12616,I_2,E2STEREOTYPE,N,sonnet
12616,I_2,E2COLLECTIVEPOWER,N,sonnet
12616,I_2,E2CONSPIRACY,N,sonnet
12616,I_2,E2CONTROLMEDIA,N,sonnet
12616,I_2,E2CONTROLECONOMY,N,sonnet
12616,I_2,E2CONTROLGOV,N,sonnet
12616,I_2,E2CONTROLOTHER,N,sonnet
12616,I_2,E3COLLECTIVEBLAME,N,sonnet
27243,I_2,E1VIOLENCE,N,sonnet
27243,I_2,E1RADICAL,N,sonnet
27243,I_2,E2ALLEGATION,N,sonnet
27243,I_2,E2DEHUMANIZATION,N,sonnet
27243,I_2,E2DEMONIZE,N,sonnet
27243,I_2,E2STEREOTYPE,N,sonnet
27243,I_2,E2COLLECTIVEPOWER,N,sonnet
27243,I_2,E2CONSPIRACY,N,sonnet
27243,I_2,E2CONTROLMEDIA,N,sonnet
27243,I_2,E2CONTROLECONOMY,N,sonnet
27243,I_2,E2CONTROLGOV,N,sonnet
27243,I_2,E2CONTROLOTHER,N,sonnet
27243,I_2,E3COLLECTIVEBLAME,N,sonnet
8909,I_2,E1VIOLENCE,N,sonnet
8909,I_2,E1RADICAL,N,sonnet
8909,I_2,E2ALLEGATION,N,sonnet
8909,I_2,E2DEHUMANIZATION,I,sonnet
8909,I_2,E2DEMONIZE,N,sonnet
8909,I_2,E2STEREOTYPE,I,sonnet
8909,I_2,E2COLLECTIVEPOWER,N,sonnet
8909,I_2,E2CONSPIRACY,N,sonnet
8909,I_2,E2CONTROLMEDIA,N,sonnet
8909,I_2,E2CONTROLECONOMY,N,sonnet
8909,I_2,E2CONTROLGOV,N,sonnet
8909,I_2,E2CONTROLOTHER,N,sonnet
8909,I_2,E3COLLECTIVEBLAME,N,sonnet
45616,I_2,E1VIOLENCE,N,sonnet
45616,I_2,E1RADICAL,N,sonnet
45616,I_2,E2ALLEGATION,N,sonnet
45616,I_2,E2DEHUMANIZATION,N,sonnet
45616,I_2,E2DEMONIZE,N,sonnet
45616,I_2,E2STEREOTYPE,N,sonnet
45616,I_2,E2COLLECTIVEPOWER,N,sonnet
45616,I_2,E2CONSPIRACY,N,sonnet
45616,I_2,E2CONTROLMEDIA,N,sonnet
45616,I_2,E2CONTROLECONOMY,N,sonnet
45616,I_2,E2CONTROLGOV,N,sonnet
45616,I_2,E2CONTROLOTHER,N,sonnet
45616,I_2,E3COLLECTIVEBLAME,N,sonnet
45151,I_2,E1VIOLENCE,N,sonnet
45151,I_2,E1RADICAL,N,sonnet
45151,I_2,E2ALLEGATION,N,sonnet
45151,I_2,E2DEHUMANIZATION,N,sonnet
45151,I_2,E2DEMONIZE,N,sonnet
45151,I_2,E2STEREOTYPE,N,sonnet
45151,I_2,E2COLLECTIVEPOWER,N,sonnet
45151,I_2,E2CONSPIRACY,N,sonnet
45151,I_2,E2CONTROLMEDIA,N,sonnet
45151,I_2,E2CONTROLECONOMY,N,sonnet
45151,I_2,E2CONTROLGOV,N,sonnet
45151,I_2,E2CONTROLOTHER,N,sonnet
45151,I_2,E3COLLECTIVEBLAME,N,sonnet
21101,I_2,E1VIOLENCE,N,sonnet
21101,I_2,E1RADICAL,N,sonnet
21101,I_2,E2ALLEGATION,N,sonnet
21101,I_2,E2DEHUMANIZATION,N,sonnet
21101,I_2,E2DEMONIZE,N,sonnet
21101,I_2,E2STEREOTYPE,N,sonnet
21101,I_2,E2COLLECTIVEPOWER,N,sonnet
21101,I_2,E2CONSPIRACY,N,sonnet
21101,I_2,E2CONTROLMEDIA,N,sonnet
21101,I_2,E2CONTROLECONOMY,N,sonnet
21101,I_2,E2CONTROLGOV,N,sonnet
21101,I_2,E2CONTROLOTHER,N,sonnet
21101,I_2,E3COLLECTIVEBLAME,N,sonnet
40319,I_2,E1VIOLENCE,N,sonnet
40319,I_2,E1RADICAL,N,sonnet
40319,I_2,E2ALLEGATION,N,sonnet
40319,I_2,E2DEHUMANIZATION,N,sonnet
40319,I_2,E2DEMONIZE,N,sonnet
40319,I_2,E2STEREOTYPE,N,sonnet
40319,I_2,E2COLLECTIVEPOWER,N,sonnet
40319,I_2,E2CONSPIRACY,N,sonnet
40319,I_2,E2CONTROLMEDIA,N,sonnet
40319,I_2,E2CONTROLECONOMY,N,sonnet
40319,I_2,E2CONTROLGOV,N,sonnet
40319,I_2,E2CONTROLOTHER,N,sonnet
40319,I_2,E3COLLECTIVEBLAME,N,sonnet
4558,I_2,E1VIOLENCE,N,sonnet
4558,I_2,E1RADICAL,N,sonnet
4558,I_2,E2ALLEGATION,N,sonnet
4558,I_2,E2DEHUMANIZATION,N,sonnet
4558,I_2,E2DEMONIZE,N,sonnet
4558,I_2,E2STEREOTYPE,N,sonnet
4558,I_2,E2COLLECTIVEPOWER,N,sonnet
4558,I_2,E2CONSPIRACY,N,sonnet
4558,I_2,E2CONTROLMEDIA,N,sonnet
4558,I_2,E2CONTROLECONOMY,N,sonnet
4558,I_2,E2CONTROLGOV,N,sonnet
4558,I_2,E2CONTROLOTHER,N,sonnet
4558,I_2,E3COLLECTIVEBLAME,N,sonnet
17466,I_2,E1VIOLENCE,N,sonnet
17466,I_2,E1RADICAL,N,sonnet
17466,I_2,E2ALLEGATION,N,sonnet
17466,I_2,E2DEHUMANIZATION,N,sonnet
17466,I_2,E2DEMONIZE,N,sonnet
17466,I_2,E2STEREOTYPE,N,sonnet
17466,I_2,E2COLLECTIVEPOWER,N,sonnet
17466,I_2,E2CONSPIRACY,N,sonnet
17466,I_2,E2CONTROLMEDIA,N,sonnet
17466,I_2,E2CONTROLECONOMY,N,sonnet
17466,I_2,E2CONTROLGOV,N,sonnet
17466,I_2,E2CONTROLOTHER,N,sonnet
17466,I_2,E3COLLECTIVEBLAME,N,sonnet
34321,I_2,E1VIOLENCE,N,sonnet
34321,I_2,E1RADICAL,N,sonnet
34321,I_2,E2ALLEGATION,N,sonnet
34321,I_2,E2DEHUMANIZATION,N,sonnet
34321,I_2,E2DEMONIZE,N,sonnet
34321,I_2,E2STEREOTYPE,N,sonnet
34321,I_2,E2COLLECTIVEPOWER,N,sonnet
34321,I_2,E2CONSPIRACY,N,sonnet
34321,I_2,E2CONTROLMEDIA,N,sonnet
34321,I_2,E2CONTROLECONOMY,N,sonnet
34321,I_2,E2CONTROLGOV,N,sonnet
34321,I_2,E2CONTROLOTHER,N,sonnet
34321,I_2,E3COLLECTIVEBLAME,N,sonnet
295,I_2,E1VIOLENCE,N,sonnet
295,I_2,E1RADICAL,N,sonnet
295,I_2,E2ALLEGATION,N,sonnet
295,I_2,E2DEHUMANIZATION,N,sonnet
295,I_2,E2DEMONIZE,N,sonnet
295,I_2,E2STEREOTYPE,N,sonnet
295,I_2,E2COLLECTIVEPOWER,N,sonnet
295,I_2,E2CONSPIRACY,N,sonnet
295,I_2,E2CONTROLMEDIA,N,sonnet
295,I_2,E2CONTROLECONOMY,N,sonnet
295,I_2,E2CONTROLGOV,N,sonnet
295,I_2,E2CONTROLOTHER,N,sonnet
295,I_2,E3COLLECTIVEBLAME,N,sonnet
29666,I_2,E1VIOLENCE,N,sonnet
29666,I_2,E1RADICAL,N,sonnet
29666,I_2,E2ALLEGATION,N,sonnet
29666,I_2,E2DEHUMANIZATION,N,sonnet
29666,I_2,E2DEMONIZE,N,sonnet
29666,I_2,E2STEREOTYPE,N,sonnet
29666,I_2,E2COLLECTIVEPOWER,N,sonnet
29666,I_2,E2CONSPIRACY,N,sonnet
29666,I_2,E2CONTROLMEDIA,N,sonnet
29666,I_2,E2CONTROLECONOMY,N,sonnet
29666,I_2,E2CONTROLGOV,N,sonnet
29666,I_2,E2CONTROLOTHER,N,sonnet
29666,I_2,E3COLLECTIVEBLAME,N,sonnet
22913,I_2,E1VIOLENCE,N,sonnet
22913,I_2,E1RADICAL,N,sonnet
22913,I_2,E2ALLEGATION,N,sonnet
22913,I_2,E2DEHUMANIZATION,N,sonnet
22913,I_2,E2DEMONIZE,N,sonnet
22913,I_2,E2STEREOTYPE,N,sonnet
22913,I_2,E2COLLECTIVEPOWER,N,sonnet
22913,I_2,E2CONSPIRACY,N,sonnet
22913,I_2,E2CONTROLMEDIA,N,sonnet
22913,I_2,E2CONTROLECONOMY,N,sonnet
22913,I_2,E2CONTROLGOV,N,sonnet
22913,I_2,E2CONTROLOTHER,N,sonnet
22913,I_2,E3COLLECTIVEBLAME,N,sonnet
47297,I_2,E1VIOLENCE,N,sonnet
47297,I_2,E1RADICAL,N,sonnet
47297,I_2,E2ALLEGATION,N,sonnet
47297,I_2,E2DEHUMANIZATION,N,sonnet
47297,I_2,E2DEMONIZE,I,sonnet
47297,I_2,E2STEREOTYPE,I,sonnet
47297,I_2,E2COLLECTIVEPOWER,E,sonnet
47297,I_2,E2CONSPIRACY,N,sonnet
47297,I_2,E2CONTROLMEDIA,N,sonnet
47297,I_2,E2CONTROLECONOMY,N,sonnet
47297,I_2,E2CONTROLGOV,E,sonnet
47297,I_2,E2CONTROLOTHER,N,sonnet
47297,I_2,E3COLLECTIVEBLAME,I,sonnet
43823,I_2,E1VIOLENCE,N,sonnet
43823,I_2,E1RADICAL,N,sonnet
43823,I_2,E2ALLEGATION,N,sonnet
43823,I_2,E2DEHUMANIZATION,N,sonnet
43823,I_2,E2DEMONIZE,N,sonnet
43823,I_2,E2STEREOTYPE,N,sonnet
43823,I_2,E2COLLECTIVEPOWER,N,sonnet
43823,I_2,E2CONSPIRACY,N,sonnet
43823,I_2,E2CONTROLMEDIA,N,sonnet
43823,I_2,E2CONTROLECONOMY,N,sonnet
43823,I_2,E2CONTROLGOV,N,sonnet
43823,I_2,E2CONTROLOTHER,N,sonnet
43823,I_2,E3COLLECTIVEBLAME,N,sonnet
13591,I_2,E1VIOLENCE,N,sonnet
13591,I_2,E1RADICAL,N,sonnet
13591,I_2,E2ALLEGATION,N,sonnet
13591,I_2,E2DEHUMANIZATION,N,sonnet
13591,I_2,E2DEMONIZE,N,sonnet
13591,I_2,E2STEREOTYPE,N,sonnet
13591,I_2,E2COLLECTIVEPOWER,N,sonnet
13591,I_2,E2CONSPIRACY,N,sonnet
13591,I_2,E2CONTROLMEDIA,N,sonnet
13591,I_2,E2CONTROLECONOMY,N,sonnet
13591,I_2,E2CONTROLGOV,N,sonnet
13591,I_2,E2CONTROLOTHER,N,sonnet
13591,I_2,E3COLLECTIVEBLAME,N,sonnet
995,I_2,E1VIOLENCE,N,sonnet
995,I_2,E1RADICAL,N,sonnet
995,I_2,E2ALLEGATION,N,sonnet
995,I_2,E2DEHUMANIZATION,N,sonnet
995,I_2,E2DEMONIZE,N,sonnet
995,I_2,E2STEREOTYPE,N,sonnet
995,I_2,E2COLLECTIVEPOWER,N,sonnet
995,I_2,E2CONSPIRACY,N,sonnet
995,I_2,E2CONTROLMEDIA,N,sonnet
995,I_2,E2CONTROLECONOMY,N,sonnet
995,I_2,E2CONTROLGOV,N,sonnet
995,I_2,E2CONTROLOTHER,N,sonnet
995,I_2,E3COLLECTIVEBLAME,N,sonnet
4172,I_2,E1VIOLENCE,N,sonnet
4172,I_2,E1RADICAL,N,sonnet
4172,I_2,E2ALLEGATION,N,sonnet
4172,I_2,E2DEHUMANIZATION,N,sonnet
4172,I_2,E2DEMONIZE,N,sonnet
4172,I_2,E2STEREOTYPE,N,sonnet
4172,I_2,E2COLLECTIVEPOWER,N,sonnet
4172,I_2,E2CONSPIRACY,N,sonnet
4172,I_2,E2CONTROLMEDIA,N,sonnet
4172,I_2,E2CONTROLECONOMY,N,sonnet
4172,I_2,E2CONTROLGOV,N,sonnet
4172,I_2,E2CONTROLOTHER,N,sonnet
4172,I_2,E3COLLECTIVEBLAME,N,sonnet
35136,I_2,E1VIOLENCE,N,sonnet
35136,I_2,E1RADICAL,N,sonnet
35136,I_2,E2ALLEGATION,N,sonnet
35136,I_2,E2DEHUMANIZATION,N,sonnet
35136,I_2,E2DEMONIZE,N,sonnet
35136,I_2,E2STEREOTYPE,N,sonnet
35136,I_2,E2COLLECTIVEPOWER,N,sonnet
35136,I_2,E2CONSPIRACY,N,sonnet
35136,I_2,E2CONTROLMEDIA,N,sonnet
35136,I_2,E2CONTROLECONOMY,N,sonnet
35136,I_2,E2CONTROLGOV,N,sonnet
35136,I_2,E2CONTROLOTHER,N,sonnet
35136,I_2,E3COLLECTIVEBLAME,N,sonnet
49143,I_2,E1VIOLENCE,N,sonnet
49143,I_2,E1RADICAL,N,sonnet
49143,I_2,E2ALLEGATION,I,sonnet
49143,I_2,E2DEHUMANIZATION,N,sonnet
49143,I_2,E2DEMONIZE,I,sonnet
49143,I_2,E2STEREOTYPE,N,sonnet
49143,I_2,E2COLLECTIVEPOWER,I,sonnet
49143,I_2,E2CONSPIRACY,N,sonnet
49143,I_2,E2CONTROLMEDIA,N,sonnet
49143,I_2,E2CONTROLECONOMY,N,sonnet
49143,I_2,E2CONTROLGOV,N,sonnet
49143,I_2,E2CONTROLOTHER,N,sonnet
49143,I_2,E3COLLECTIVEBLAME,N,sonnet
16524,I_2,E1VIOLENCE,I,sonnet
16524,I_2,E1RADICAL,I,sonnet
16524,I_2,E2ALLEGATION,N,sonnet
16524,I_2,E2DEHUMANIZATION,N,sonnet
16524,I_2,E2DEMONIZE,N,sonnet
16524,I_2,E2STEREOTYPE,N,sonnet
16524,I_2,E2COLLECTIVEPOWER,N,sonnet
16524,I_2,E2CONSPIRACY,N,sonnet
16524,I_2,E2CONTROLMEDIA,N,sonnet
16524,I_2,E2CONTROLECONOMY,N,sonnet
16524,I_2,E2CONTROLGOV,N,sonnet
16524,I_2,E2CONTROLOTHER,N,sonnet
16524,I_2,E3COLLECTIVEBLAME,N,sonnet
25325,I_2,E1VIOLENCE,N,sonnet
25325,I_2,E1RADICAL,N,sonnet
25325,I_2,E2ALLEGATION,N,sonnet
25325,I_2,E2DEHUMANIZATION,N,sonnet
25325,I_2,E2DEMONIZE,N,sonnet
25325,I_2,E2STEREOTYPE,N,sonnet
25325,I_2,E2COLLECTIVEPOWER,N,sonnet
25325,I_2,E2CONSPIRACY,N,sonnet
25325,I_2,E2CONTROLMEDIA,N,sonnet
25325,I_2,E2CONTROLECONOMY,N,sonnet
25325,I_2,E2CONTROLGOV,N,sonnet
25325,I_2,E2CONTROLOTHER,N,sonnet
25325,I_2,E3COLLECTIVEBLAME,N,sonnet
7813,I_2,E1VIOLENCE,N,sonnet
7813,I_2,E1RADICAL,N,sonnet
7813,I_2,E2ALLEGATION,N,sonnet
7813,I_2,E2DEHUMANIZATION,N,sonnet
7813,I_2,E2DEMONIZE,N,sonnet
7813,I_2,E2STEREOTYPE,N,sonnet
7813,I_2,E2COLLECTIVEPOWER,N,sonnet
7813,I_2,E2CONSPIRACY,N,sonnet
7813,I_2,E2CONTROLMEDIA,N,sonnet
7813,I_2,E2CONTROLECONOMY,N,sonnet
7813,I_2,E2CONTROLGOV,N,sonnet
7813,I_2,E2CONTROLOTHER,N,sonnet
7813,I_2,E3COLLECTIVEBLAME,N,sonnet
3107,I_2,E1VIOLENCE,N,sonnet
3107,I_2,E1RADICAL,N,sonnet
3107,I_2,E2ALLEGATION,N,sonnet
3107,I_2,E2DEHUMANIZATION,N,sonnet
3107,I_2,E2DEMONIZE,N,sonnet
3107,I_2,E2STEREOTYPE,N,sonnet
3107,I_2,E2COLLECTIVEPOWER,N,sonnet
3107,I_2,E2CONSPIRACY,N,sonnet
3107,I_2,E2CONTROLMEDIA,N,sonnet
3107,I_2,E2CONTROLECONOMY,N,sonnet
3107,I_2,E2CONTROLGOV,N,sonnet
3107,I_2,E2CONTROLOTHER,N,sonnet
3107,I_2,E3COLLECTIVEBLAME,N,sonnet
9146,I_2,E1VIOLENCE,A,sonnet
9146,I_2,E1RADICAL,A,sonnet
9146,I_2,E2ALLEGATION,N,sonnet
9146,I_2,E2DEHUMANIZATION,N,sonnet
9146,I_2,E2DEMONIZE,N,sonnet
9146,I_2,E2STEREOTYPE,N,sonnet
9146,I_2,E2COLLECTIVEPOWER,N,sonnet
9146,I_2,E2CONSPIRACY,N,sonnet
9146,I_2,E2CONTROLMEDIA,N,sonnet
9146,I_2,E2CONTROLECONOMY,N,sonnet
9146,I_2,E2CONTROLGOV,N,sonnet
9146,I_2,E2CONTROLOTHER,N,sonnet
9146,I_2,E3COLLECTIVEBLAME,N,sonnet
24222,I_2,E1VIOLENCE,N,sonnet
24222,I_2,E1RADICAL,N,sonnet
24222,I_2,E2ALLEGATION,N,sonnet
24222,I_2,E2DEHUMANIZATION,N,sonnet
24222,I_2,E2DEMONIZE,N,sonnet
24222,I_2,E2STEREOTYPE,N,sonnet
24222,I_2,E2COLLECTIVEPOWER,N,sonnet
24222,I_2,E2CONSPIRACY,N,sonnet
24222,I_2,E2CONTROLMEDIA,N,sonnet
24222,I_2,E2CONTROLECONOMY,N,sonnet
24222,I_2,E2CONTROLGOV,N,sonnet
24222,I_2,E2CONTROLOTHER,N,sonnet
24222,I_2,E3COLLECTIVEBLAME,N,sonnet
20708,I_2,E1VIOLENCE,N,sonnet
20708,I_2,E1RADICAL,N,sonnet
20708,I_2,E2ALLEGATION,N,sonnet
20708,I_2,E2DEHUMANIZATION,N,sonnet
20708,I_2,E2DEMONIZE,N,sonnet
20708,I_2,E2STEREOTYPE,N,sonnet
20708,I_2,E2COLLECTIVEPOWER,N,sonnet
20708,I_2,E2CONSPIRACY,N,sonnet
20708,I_2,E2CONTROLMEDIA,N,sonnet
20708,I_2,E2CONTROLECONOMY,N,sonnet
20708,I_2,E2CONTROLGOV,N,sonnet
20708,I_2,E2CONTROLOTHER,N,sonnet
20708,I_2,E3COLLECTIVEBLAME,N,sonnet
6785,I_2,E1VIOLENCE,E,sonnet
6785,I_2,E1RADICAL,E,sonnet
6785,I_2,E2ALLEGATION,N,sonnet
6785,I_2,E2DEHUMANIZATION,N,sonnet
6785,I_2,E2DEMONIZE,N,sonnet
6785,I_2,E2STEREOTYPE,N,sonnet
6785,I_2,E2COLLECTIVEPOWER,N,sonnet
6785,I_2,E2CONSPIRACY,N,sonnet
6785,I_2,E2CONTROLMEDIA,N,sonnet
6785,I_2,E2CONTROLECONOMY,N,sonnet
6785,I_2,E2CONTROLGOV,N,sonnet
6785,I_2,E2CONTROLOTHER,N,sonnet
6785,I_2,E3COLLECTIVEBLAME,N,sonnet
15420,I_2,E1VIOLENCE,N,sonnet
15420,I_2,E1RADICAL,N,sonnet
15420,I_2,E2ALLEGATION,N,sonnet
15420,I_2,E2DEHUMANIZATION,N,sonnet
15420,I_2,E2DEMONIZE,N,sonnet
15420,I_2,E2STEREOTYPE,N,sonnet
15420,I_2,E2COLLECTIVEPOWER,N,sonnet
15420,I_2,E2CONSPIRACY,N,sonnet
15420,I_2,E2CONTROLMEDIA,N,sonnet
15420,I_2,E2CONTROLECONOMY,N,sonnet
15420,I_2,E2CONTROLGOV,N,sonnet
15420,I_2,E2CONTROLOTHER,N,sonnet
15420,I_2,E3COLLECTIVEBLAME,N,sonnet
15166,I_2,E1VIOLENCE,I,sonnet
15166,I_2,E1RADICAL,N,sonnet
15166,I_2,E2ALLEGATION,N,sonnet
15166,I_2,E2DEHUMANIZATION,N,sonnet
15166,I_2,E2DEMONIZE,N,sonnet
15166,I_2,E2STEREOTYPE,N,sonnet
15166,I_2,E2COLLECTIVEPOWER,N,sonnet
15166,I_2,E2CONSPIRACY,N,sonnet
15166,I_2,E2CONTROLMEDIA,N,sonnet
15166,I_2,E2CONTROLECONOMY,N,sonnet
15166,I_2,E2CONTROLGOV,N,sonnet
15166,I_2,E2CONTROLOTHER,N,sonnet
15166,I_2,E3COLLECTIVEBLAME,N,sonnet
20219,I_2,E1VIOLENCE,N,sonnet
20219,I_2,E1RADICAL,N,sonnet
20219,I_2,E2ALLEGATION,N,sonnet
20219,I_2,E2DEHUMANIZATION,N,sonnet
20219,I_2,E2DEMONIZE,N,sonnet
20219,I_2,E2STEREOTYPE,N,sonnet
20219,I_2,E2COLLECTIVEPOWER,N,sonnet
20219,I_2,E2CONSPIRACY,N,sonnet
20219,I_2,E2CONTROLMEDIA,N,sonnet
20219,I_2,E2CONTROLECONOMY,N,sonnet
20219,I_2,E2CONTROLGOV,N,sonnet
20219,I_2,E2CONTROLOTHER,N,sonnet
20219,I_2,E3COLLECTIVEBLAME,N,sonnet
40088,I_2,E1VIOLENCE,N,sonnet
40088,I_2,E1RADICAL,N,sonnet
40088,I_2,E2ALLEGATION,A,sonnet
40088,I_2,E2DEHUMANIZATION,N,sonnet
40088,I_2,E2DEMONIZE,A,sonnet
40088,I_2,E2STEREOTYPE,N,sonnet
40088,I_2,E2COLLECTIVEPOWER,N,sonnet
40088,I_2,E2CONSPIRACY,N,sonnet
40088,I_2,E2CONTROLMEDIA,N,sonnet
40088,I_2,E2CONTROLECONOMY,N,sonnet
40088,I_2,E2CONTROLGOV,N,sonnet
40088,I_2,E2CONTROLOTHER,N,sonnet
40088,I_2,E3COLLECTIVEBLAME,N,sonnet
15770,I_2,E1VIOLENCE,N,sonnet
15770,I_2,E1RADICAL,N,sonnet
15770,I_2,E2ALLEGATION,N,sonnet
15770,I_2,E2DEHUMANIZATION,N,sonnet
15770,I_2,E2DEMONIZE,N,sonnet
15770,I_2,E2STEREOTYPE,N,sonnet
15770,I_2,E2COLLECTIVEPOWER,N,sonnet
15770,I_2,E2CONSPIRACY,N,sonnet
15770,I_2,E2CONTROLMEDIA,N,sonnet
15770,I_2,E2CONTROLECONOMY,N,sonnet
15770,I_2,E2CONTROLGOV,N,sonnet
15770,I_2,E2CONTROLOTHER,N,sonnet
15770,I_2,E3COLLECTIVEBLAME,N,sonnet
8785,I_2,E1VIOLENCE,N,sonnet
8785,I_2,E1RADICAL,N,sonnet
8785,I_2,E2ALLEGATION,E,sonnet
8785,I_2,E2DEHUMANIZATION,E,sonnet
8785,I_2,E2DEMONIZE,N,sonnet
8785,I_2,E2STEREOTYPE,E,sonnet
8785,I_2,E2COLLECTIVEPOWER,N,sonnet
8785,I_2,E2CONSPIRACY,N,sonnet
8785,I_2,E2CONTROLMEDIA,N,sonnet
8785,I_2,E2CONTROLECONOMY,N,sonnet
8785,I_2,E2CONTROLGOV,N,sonnet
8785,I_2,E2CONTROLOTHER,N,sonnet
8785,I_2,E3COLLECTIVEBLAME,N,sonnet
2105,I_2,E1VIOLENCE,N,sonnet
2105,I_2,E1RADICAL,N,sonnet
2105,I_2,E2ALLEGATION,N,sonnet
2105,I_2,E2DEHUMANIZATION,N,sonnet
2105,I_2,E2DEMONIZE,N,sonnet
2105,I_2,E2STEREOTYPE,N,sonnet
2105,I_2,E2COLLECTIVEPOWER,N,sonnet
2105,I_2,E2CONSPIRACY,N,sonnet
2105,I_2,E2CONTROLMEDIA,N,sonnet
2105,I_2,E2CONTROLECONOMY,N,sonnet
2105,I_2,E2CONTROLGOV,N,sonnet
2105,I_2,E2CONTROLOTHER,N,sonnet
2105,I_2,E3COLLECTIVEBLAME,N,sonnet
12106,I_2,E1VIOLENCE,N,sonnet
12106,I_2,E1RADICAL,N,sonnet
12106,I_2,E2ALLEGATION,N,sonnet
12106,I_2,E2DEHUMANIZATION,N,sonnet
12106,I_2,E2DEMONIZE,N,sonnet
12106,I_2,E2STEREOTYPE,N,sonnet
12106,I_2,E2COLLECTIVEPOWER,N,sonnet
12106,I_2,E2CONSPIRACY,N,sonnet
12106,I_2,E2CONTROLMEDIA,N,sonnet
12106,I_2,E2CONTROLECONOMY,N,sonnet
12106,I_2,E2CONTROLGOV,N,sonnet
12106,I_2,E2CONTROLOTHER,N,sonnet
12106,I_2,E3COLLECTIVEBLAME,N,sonnet
36456,I_2,E1VIOLENCE,N,sonnet
36456,I_2,E1RADICAL,N,sonnet
36456,I_2,E2ALLEGATION,N,sonnet
36456,I_2,E2DEHUMANIZATION,N,sonnet
36456,I_2,E2DEMONIZE,N,sonnet
36456,I_2,E2STEREOTYPE,N,sonnet
36456,I_2,E2COLLECTIVEPOWER,N,sonnet
36456,I_2,E2CONSPIRACY,N,sonnet
36456,I_2,E2CONTROLMEDIA,N,sonnet
36456,I_2,E2CONTROLECONOMY,N,sonnet
36456,I_2,E2CONTROLGOV,N,sonnet
36456,I_2,E2CONTROLOTHER,N,sonnet
36456,I_2,E3COLLECTIVEBLAME,N,sonnet
47022,I_2,E1VIOLENCE,N,sonnet
47022,I_2,E1RADICAL,N,sonnet
47022,I_2,E2ALLEGATION,N,sonnet
47022,I_2,E2DEHUMANIZATION,N,sonnet
47022,I_2,E2DEMONIZE,N,sonnet
47022,I_2,E2STEREOTYPE,N,sonnet
47022,I_2,E2COLLECTIVEPOWER,N,sonnet
47022,I_2,E2CONSPIRACY,N,sonnet
47022,I_2,E2CONTROLMEDIA,N,sonnet
47022,I_2,E2CONTROLECONOMY,N,sonnet
47022,I_2,E2CONTROLGOV,N,sonnet
47022,I_2,E2CONTROLOTHER,N,sonnet
47022,I_2,E3COLLECTIVEBLAME,N,sonnet
1453,I_2,E1VIOLENCE,N,sonnet
1453,I_2,E1RADICAL,N,sonnet
1453,I_2,E2ALLEGATION,I,sonnet
1453,I_2,E2DEHUMANIZATION,N,sonnet
1453,I_2,E2DEMONIZE,I,sonnet
1453,I_2,E2STEREOTYPE,I,sonnet
1453,I_2,E2COLLECTIVEPOWER,N,sonnet
1453,I_2,E2CONSPIRACY,N,sonnet
1453,I_2,E2CONTROLMEDIA,N,sonnet
1453,I_2,E2CONTROLECONOMY,N,sonnet
1453,I_2,E2CONTROLGOV,N,sonnet
1453,I_2,E2CONTROLOTHER,N,sonnet
1453,I_2,E3COLLECTIVEBLAME,I,sonnet
37301,I_2,E1VIOLENCE,N,sonnet
37301,I_2,E1RADICAL,N,sonnet
37301,I_2,E2ALLEGATION,N,sonnet
37301,I_2,E2DEHUMANIZATION,N,sonnet
37301,I_2,E2DEMONIZE,N,sonnet
37301,I_2,E2STEREOTYPE,N,sonnet
37301,I_2,E2COLLECTIVEPOWER,N,sonnet
37301,I_2,E2CONSPIRACY,N,sonnet
37301,I_2,E2CONTROLMEDIA,N,sonnet
37301,I_2,E2CONTROLECONOMY,N,sonnet
37301,I_2,E2CONTROLGOV,N,sonnet
37301,I_2,E2CONTROLOTHER,N,sonnet
37301,I_2,E3COLLECTIVEBLAME,N,sonnet
33919,I_2,E1VIOLENCE,N,sonnet
33919,I_2,E1RADICAL,N,sonnet
33919,I_2,E2ALLEGATION,N,sonnet
33919,I_2,E2DEHUMANIZATION,N,sonnet
33919,I_2,E2DEMONIZE,N,sonnet
33919,I_2,E2STEREOTYPE,N,sonnet
33919,I_2,E2COLLECTIVEPOWER,N,sonnet
33919,I_2,E2CONSPIRACY,N,sonnet
33919,I_2,E2CONTROLMEDIA,N,sonnet
33919,I_2,E2CONTROLECONOMY,N,sonnet
33919,I_2,E2CONTROLGOV,N,sonnet
33919,I_2,E2CONTROLOTHER,N,sonnet
33919,I_2,E3COLLECTIVEBLAME,N,sonnet
13642,I_2,E1VIOLENCE,N,sonnet
13642,I_2,E1RADICAL,N,sonnet
13642,I_2,E2ALLEGATION,N,sonnet
13642,I_2,E2DEHUMANIZATION,N,sonnet
13642,I_2,E2DEMONIZE,N,sonnet
13642,I_2,E2STEREOTYPE,N,sonnet
13642,I_2,E2COLLECTIVEPOWER,N,sonnet
13642,I_2,E2CONSPIRACY,N,sonnet
13642,I_2,E2CONTROLMEDIA,N,sonnet
13642,I_2,E2CONTROLECONOMY,N,sonnet
13642,I_2,E2CONTROLGOV,N,sonnet
13642,I_2,E2CONTROLOTHER,N,sonnet
13642,I_2,E3COLLECTIVEBLAME,N,sonnet
12743,I_2,E1VIOLENCE,N,sonnet
12743,I_2,E1RADICAL,N,sonnet
12743,I_2,E2ALLEGATION,N,sonnet
12743,I_2,E2DEHUMANIZATION,N,sonnet
12743,I_2,E2DEMONIZE,N,sonnet
12743,I_2,E2STEREOTYPE,N,sonnet
12743,I_2,E2COLLECTIVEPOWER,N,sonnet
12743,I_2,E2CONSPIRACY,N,sonnet
12743,I_2,E2CONTROLMEDIA,N,sonnet
12743,I_2,E2CONTROLECONOMY,N,sonnet
12743,I_2,E2CONTROLGOV,N,sonnet
12743,I_2,E2CONTROLOTHER,N,sonnet
12743,I_2,E3COLLECTIVEBLAME,N,sonnet
49028,I_2,E1VIOLENCE,N,sonnet
49028,I_2,E1RADICAL,N,sonnet
49028,I_2,E2ALLEGATION,I,sonnet
49028,I_2,E2DEHUMANIZATION,N,sonnet
49028,I_2,E2DEMONIZE,I,sonnet
49028,I_2,E2STEREOTYPE,N,sonnet
49028,I_2,E2COLLECTIVEPOWER,I,sonnet
49028,I_2,E2CONSPIRACY,I,sonnet
49028,I_2,E2CONTROLMEDIA,N,sonnet
49028,I_2,E2CONTROLECONOMY,N,sonnet
49028,I_2,E2CONTROLGOV,I,sonnet
49028,I_2,E2CONTROLOTHER,N,sonnet
49028,I_2,E3COLLECTIVEBLAME,N,sonnet
43549,I_2,E1VIOLENCE,N,sonnet
43549,I_2,E1RADICAL,N,sonnet
43549,I_2,E2ALLEGATION,N,sonnet
43549,I_2,E2DEHUMANIZATION,N,sonnet
43549,I_2,E2DEMONIZE,N,sonnet
43549,I_2,E2STEREOTYPE,N,sonnet
43549,I_2,E2COLLECTIVEPOWER,N,sonnet
43549,I_2,E2CONSPIRACY,N,sonnet
43549,I_2,E2CONTROLMEDIA,N,sonnet
43549,I_2,E2CONTROLECONOMY,N,sonnet
43549,I_2,E2CONTROLGOV,N,sonnet
43549,I_2,E2CONTROLOTHER,N,sonnet
43549,I_2,E3COLLECTIVEBLAME,N,sonnet
46852,I_2,E1VIOLENCE,N,sonnet
46852,I_2,E1RADICAL,N,sonnet
46852,I_2,E2ALLEGATION,E,sonnet
46852,I_2,E2DEHUMANIZATION,N,sonnet
46852,I_2,E2DEMONIZE,E,sonnet
46852,I_2,E2STEREOTYPE,E,sonnet
46852,I_2,E2COLLECTIVEPOWER,N,sonnet
46852,I_2,E2CONSPIRACY,N,sonnet
46852,I_2,E2CONTROLMEDIA,N,sonnet
46852,I_2,E2CONTROLECONOMY,N,sonnet
46852,I_2,E2CONTROLGOV,N,sonnet
46852,I_2,E2CONTROLOTHER,N,sonnet
46852,I_2,E3COLLECTIVEBLAME,E,sonnet
37243,I_2,E1VIOLENCE,N,sonnet
37243,I_2,E1RADICAL,N,sonnet
37243,I_2,E2ALLEGATION,N,sonnet
37243,I_2,E2DEHUMANIZATION,N,sonnet
37243,I_2,E2DEMONIZE,N,sonnet
37243,I_2,E2STEREOTYPE,N,sonnet
37243,I_2,E2COLLECTIVEPOWER,N,sonnet
37243,I_2,E2CONSPIRACY,N,sonnet
37243,I_2,E2CONTROLMEDIA,N,sonnet
37243,I_2,E2CONTROLECONOMY,N,sonnet
37243,I_2,E2CONTROLGOV,N,sonnet
37243,I_2,E2CONTROLOTHER,N,sonnet
37243,I_2,E3COLLECTIVEBLAME,I,sonnet
28201,I_2,E1VIOLENCE,N,sonnet
28201,I_2,E1RADICAL,N,sonnet
28201,I_2,E2ALLEGATION,N,sonnet
28201,I_2,E2DEHUMANIZATION,N,sonnet
28201,I_2,E2DEMONIZE,N,sonnet
28201,I_2,E2STEREOTYPE,N,sonnet
28201,I_2,E2COLLECTIVEPOWER,N,sonnet
28201,I_2,E2CONSPIRACY,N,sonnet
28201,I_2,E2CONTROLMEDIA,N,sonnet
28201,I_2,E2CONTROLECONOMY,N,sonnet
28201,I_2,E2CONTROLGOV,N,sonnet
28201,I_2,E2CONTROLOTHER,N,sonnet
28201,I_2,E3COLLECTIVEBLAME,N,sonnet
43059,I_2,E1VIOLENCE,N,sonnet
43059,I_2,E1RADICAL,N,sonnet
43059,I_2,E2ALLEGATION,E,sonnet
43059,I_2,E2DEHUMANIZATION,E,sonnet
43059,I_2,E2DEMONIZE,E,sonnet
43059,I_2,E2STEREOTYPE,E,sonnet
43059,I_2,E2COLLECTIVEPOWER,N,sonnet
43059,I_2,E2CONSPIRACY,N,sonnet
43059,I_2,E2CONTROLMEDIA,N,sonnet
43059,I_2,E2CONTROLECONOMY,N,sonnet
43059,I_2,E2CONTROLGOV,N,sonnet
43059,I_2,E2CONTROLOTHER,N,sonnet
43059,I_2,E3COLLECTIVEBLAME,I,sonnet
18453,I_2,E1VIOLENCE,N,sonnet
18453,I_2,E1RADICAL,N,sonnet
18453,I_2,E2ALLEGATION,N,sonnet
18453,I_2,E2DEHUMANIZATION,N,sonnet
18453,I_2,E2DEMONIZE,N,sonnet
18453,I_2,E2STEREOTYPE,N,sonnet
18453,I_2,E2COLLECTIVEPOWER,N,sonnet
18453,I_2,E2CONSPIRACY,N,sonnet
18453,I_2,E2CONTROLMEDIA,N,sonnet
18453,I_2,E2CONTROLECONOMY,N,sonnet
18453,I_2,E2CONTROLGOV,N,sonnet
18453,I_2,E2CONTROLOTHER,N,sonnet
18453,I_2,E3COLLECTIVEBLAME,N,sonnet
49845,I_2,E1VIOLENCE,N,sonnet
49845,I_2,E1RADICAL,N,sonnet
49845,I_2,E2ALLEGATION,N,sonnet
49845,I_2,E2DEHUMANIZATION,N,sonnet
49845,I_2,E2DEMONIZE,N,sonnet
49845,I_2,E2STEREOTYPE,N,sonnet
49845,I_2,E2COLLECTIVEPOWER,N,sonnet
49845,I_2,E2CONSPIRACY,N,sonnet
49845,I_2,E2CONTROLMEDIA,N,sonnet
49845,I_2,E2CONTROLECONOMY,N,sonnet
49845,I_2,E2CONTROLGOV,N,sonnet
49845,I_2,E2CONTROLOTHER,N,sonnet
49845,I_2,E3COLLECTIVEBLAME,N,sonnet
42368,I_2,E1VIOLENCE,N,gpt4o
42368,I_2,E1RADICAL,N,gpt4o
42368,I_2,E2ALLEGATION,N,gpt4o
42368,I_2,E2DEHUMANIZATION,N,gpt4o
42368,I_2,E2DEMONIZE,N,gpt4o
42368,I_2,E2STEREOTYPE,N,gpt4o
42368,I_2,E2COLLECTIVEPOWER,N,gpt4o
42368,I_2,E2CONSPIRACY,N,gpt4o
42368,I_2,E2CONTROLMEDIA,N,gpt4o
42368,I_2,E2CONTROLECONOMY,N,gpt4o
42368,I_2,E2CONTROLGOV,N,gpt4o
42368,I_2,E2CONTROLOTHER,N,gpt4o
42368,I_2,E3COLLECTIVEBLAME,N,gpt4o
4362,I_2,E1VIOLENCE,N,sonnet
4362,I_2,E1RADICAL,N,sonnet
4362,I_2,E2ALLEGATION,N,sonnet
4362,I_2,E2DEHUMANIZATION,N,sonnet
4362,I_2,E2DEMONIZE,N,sonnet
4362,I_2,E2STEREOTYPE,N,sonnet
4362,I_2,E2COLLECTIVEPOWER,N,sonnet
4362,I_2,E2CONSPIRACY,N,sonnet
4362,I_2,E2CONTROLMEDIA,N,sonnet
4362,I_2,E2CONTROLECONOMY,N,sonnet
4362,I_2,E2CONTROLGOV,N,sonnet
4362,I_2,E2CONTROLOTHER,N,sonnet
4362,I_2,E3COLLECTIVEBLAME,N,sonnet
16766,I_2,E1VIOLENCE,N,sonnet
16766,I_2,E1RADICAL,N,sonnet
16766,I_2,E2ALLEGATION,N,sonnet
16766,I_2,E2DEHUMANIZATION,N,sonnet
16766,I_2,E2DEMONIZE,N,sonnet
16766,I_2,E2STEREOTYPE,N,sonnet
16766,I_2,E2COLLECTIVEPOWER,N,sonnet
16766,I_2,E2CONSPIRACY,N,sonnet
16766,I_2,E2CONTROLMEDIA,N,sonnet
16766,I_2,E2CONTROLECONOMY,N,sonnet
16766,I_2,E2CONTROLGOV,N,sonnet
16766,I_2,E2CONTROLOTHER,N,sonnet
16766,I_2,E3COLLECTIVEBLAME,N,sonnet
5245,I_2,E1VIOLENCE,N,sonnet
5245,I_2,E1RADICAL,N,sonnet
5245,I_2,E2ALLEGATION,N,sonnet
5245,I_2,E2DEHUMANIZATION,N,sonnet
5245,I_2,E2DEMONIZE,N,sonnet
5245,I_2,E2STEREOTYPE,N,sonnet
5245,I_2,E2COLLECTIVEPOWER,N,sonnet
5245,I_2,E2CONSPIRACY,N,sonnet
5245,I_2,E2CONTROLMEDIA,N,sonnet
5245,I_2,E2CONTROLECONOMY,N,sonnet
5245,I_2,E2CONTROLGOV,N,sonnet
5245,I_2,E2CONTROLOTHER,N,sonnet
5245,I_2,E3COLLECTIVEBLAME,N,sonnet
27582,I_2,E1VIOLENCE,E,sonnet
27582,I_2,E1RADICAL,N,sonnet
27582,I_2,E2ALLEGATION,N,sonnet
27582,I_2,E2DEHUMANIZATION,N,sonnet
27582,I_2,E2DEMONIZE,N,sonnet
27582,I_2,E2STEREOTYPE,N,sonnet
27582,I_2,E2COLLECTIVEPOWER,N,sonnet
27582,I_2,E2CONSPIRACY,N,sonnet
27582,I_2,E2CONTROLMEDIA,N,sonnet
27582,I_2,E2CONTROLECONOMY,N,sonnet
27582,I_2,E2CONTROLGOV,N,sonnet
27582,I_2,E2CONTROLOTHER,N,sonnet
27582,I_2,E3COLLECTIVEBLAME,N,sonnet
4704,I_2,E1VIOLENCE,N,sonnet
4704,I_2,E1RADICAL,N,sonnet
4704,I_2,E2ALLEGATION,N,sonnet
4704,I_2,E2DEHUMANIZATION,N,sonnet
4704,I_2,E2DEMONIZE,N,sonnet
4704,I_2,E2STEREOTYPE,N,sonnet
4704,I_2,E2COLLECTIVEPOWER,N,sonnet
4704,I_2,E2CONSPIRACY,N,sonnet
4704,I_2,E2CONTROLMEDIA,N,sonnet
4704,I_2,E2CONTROLECONOMY,N,sonnet
4704,I_2,E2CONTROLGOV,N,sonnet
4704,I_2,E2CONTROLOTHER,N,sonnet
4704,I_2,E3COLLECTIVEBLAME,N,sonnet
46210,I_2,E1VIOLENCE,E,sonnet
46210,I_2,E1RADICAL,I,sonnet
46210,I_2,E2ALLEGATION,E,sonnet
46210,I_2,E2DEHUMANIZATION,E,sonnet
46210,I_2,E2DEMONIZE,E,sonnet
46210,I_2,E2STEREOTYPE,I,sonnet
46210,I_2,E2COLLECTIVEPOWER,N,sonnet
46210,I_2,E2CONSPIRACY,I,sonnet
46210,I_2,E2CONTROLMEDIA,N,sonnet
46210,I_2,E2CONTROLECONOMY,N,sonnet
46210,I_2,E2CONTROLGOV,I,sonnet
46210,I_2,E2CONTROLOTHER,N,sonnet
46210,I_2,E3COLLECTIVEBLAME,E,sonnet
2695,I_2,E1VIOLENCE,N,sonnet
2695,I_2,E1RADICAL,N,sonnet
2695,I_2,E2ALLEGATION,N,sonnet
2695,I_2,E2DEHUMANIZATION,N,sonnet
2695,I_2,E2DEMONIZE,N,sonnet
2695,I_2,E2STEREOTYPE,N,sonnet
2695,I_2,E2COLLECTIVEPOWER,N,sonnet
2695,I_2,E2CONSPIRACY,N,sonnet
2695,I_2,E2CONTROLMEDIA,N,sonnet
2695,I_2,E2CONTROLECONOMY,N,sonnet
2695,I_2,E2CONTROLGOV,N,sonnet
2695,I_2,E2CONTROLOTHER,N,sonnet
2695,I_2,E3COLLECTIVEBLAME,N,sonnet
2061,I_2,E1VIOLENCE,N,sonnet
2061,I_2,E1RADICAL,N,sonnet
2061,I_2,E2ALLEGATION,N,sonnet
2061,I_2,E2DEHUMANIZATION,N,sonnet
2061,I_2,E2DEMONIZE,N,sonnet
2061,I_2,E2STEREOTYPE,N,sonnet
2061,I_2,E2COLLECTIVEPOWER,N,sonnet
2061,I_2,E2CONSPIRACY,N,sonnet
2061,I_2,E2CONTROLMEDIA,N,sonnet
2061,I_2,E2CONTROLECONOMY,N,sonnet
2061,I_2,E2CONTROLGOV,N,sonnet
2061,I_2,E2CONTROLOTHER,N,sonnet
2061,I_2,E3COLLECTIVEBLAME,N,sonnet
19073,I_2,E1VIOLENCE,N,gpt4o
19073,I_2,E1RADICAL,N,gpt4o
19073,I_2,E2ALLEGATION,E,gpt4o
19073,I_2,E2DEHUMANIZATION,N,gpt4o
19073,I_2,E2DEMONIZE,I,gpt4o
19073,I_2,E2STEREOTYPE,E,gpt4o
19073,I_2,E2COLLECTIVEPOWER,I,gpt4o
19073,I_2,E2CONSPIRACY,I,gpt4o
19073,I_2,E2CONTROLMEDIA,N,gpt4o
19073,I_2,E2CONTROLECONOMY,I,gpt4o
19073,I_2,E2CONTROLGOV,I,gpt4o
19073,I_2,E2CONTROLOTHER,I,gpt4o
19073,I_2,E3COLLECTIVEBLAME,I,gpt4o
31355,I_2,E1VIOLENCE,N,sonnet
31355,I_2,E1RADICAL,N,sonnet
31355,I_2,E2ALLEGATION,N,sonnet
31355,I_2,E2DEHUMANIZATION,N,sonnet
31355,I_2,E2DEMONIZE,N,sonnet
31355,I_2,E2STEREOTYPE,N,sonnet
31355,I_2,E2COLLECTIVEPOWER,N,sonnet
31355,I_2,E2CONSPIRACY,N,sonnet
31355,I_2,E2CONTROLMEDIA,N,sonnet
31355,I_2,E2CONTROLECONOMY,N,sonnet
31355,I_2,E2CONTROLGOV,N,sonnet
31355,I_2,E2CONTROLOTHER,N,sonnet
31355,I_2,E3COLLECTIVEBLAME,N,sonnet
22425,I_2,E1VIOLENCE,N,sonnet
22425,I_2,E1RADICAL,N,sonnet
22425,I_2,E2ALLEGATION,N,sonnet
22425,I_2,E2DEHUMANIZATION,N,sonnet
22425,I_2,E2DEMONIZE,N,sonnet
22425,I_2,E2STEREOTYPE,N,sonnet
22425,I_2,E2COLLECTIVEPOWER,N,sonnet
22425,I_2,E2CONSPIRACY,N,sonnet
22425,I_2,E2CONTROLMEDIA,N,sonnet
22425,I_2,E2CONTROLECONOMY,N,sonnet
22425,I_2,E2CONTROLGOV,N,sonnet
22425,I_2,E2CONTROLOTHER,N,sonnet
22425,I_2,E3COLLECTIVEBLAME,N,sonnet
37994,I_2,E1VIOLENCE,N,sonnet
37994,I_2,E1RADICAL,N,sonnet
37994,I_2,E2ALLEGATION,N,sonnet
37994,I_2,E2DEHUMANIZATION,N,sonnet
37994,I_2,E2DEMONIZE,N,sonnet
37994,I_2,E2STEREOTYPE,N,sonnet
37994,I_2,E2COLLECTIVEPOWER,N,sonnet
37994,I_2,E2CONSPIRACY,N,sonnet
37994,I_2,E2CONTROLMEDIA,N,sonnet
37994,I_2,E2CONTROLECONOMY,N,sonnet
37994,I_2,E2CONTROLGOV,N,sonnet
37994,I_2,E2CONTROLOTHER,N,sonnet
37994,I_2,E3COLLECTIVEBLAME,N,sonnet
5779,I_2,E1VIOLENCE,N,sonnet
5779,I_2,E1RADICAL,N,sonnet
5779,I_2,E2ALLEGATION,N,sonnet
5779,I_2,E2DEHUMANIZATION,N,sonnet
5779,I_2,E2DEMONIZE,N,sonnet
5779,I_2,E2STEREOTYPE,N,sonnet
5779,I_2,E2COLLECTIVEPOWER,N,sonnet
5779,I_2,E2CONSPIRACY,N,sonnet
5779,I_2,E2CONTROLMEDIA,N,sonnet
5779,I_2,E2CONTROLECONOMY,N,sonnet
5779,I_2,E2CONTROLGOV,N,sonnet
5779,I_2,E2CONTROLOTHER,N,sonnet
5779,I_2,E3COLLECTIVEBLAME,N,sonnet
40464,I_2,E1VIOLENCE,N,sonnet
40464,I_2,E1RADICAL,N,sonnet
40464,I_2,E2ALLEGATION,I,sonnet
40464,I_2,E2DEHUMANIZATION,N,sonnet
40464,I_2,E2DEMONIZE,I,sonnet
40464,I_2,E2STEREOTYPE,N,sonnet
40464,I_2,E2COLLECTIVEPOWER,I,sonnet
40464,I_2,E2CONSPIRACY,I,sonnet
40464,I_2,E2CONTROLMEDIA,N,sonnet
40464,I_2,E2CONTROLECONOMY,N,sonnet
40464,I_2,E2CONTROLGOV,I,sonnet
40464,I_2,E2CONTROLOTHER,N,sonnet
40464,I_2,E3COLLECTIVEBLAME,N,sonnet
7460,I_2,E1VIOLENCE,E,sonnet
7460,I_2,E1RADICAL,I,sonnet
7460,I_2,E2ALLEGATION,N,sonnet
7460,I_2,E2DEHUMANIZATION,I,sonnet
7460,I_2,E2DEMONIZE,N,sonnet
7460,I_2,E2STEREOTYPE,N,sonnet
7460,I_2,E2COLLECTIVEPOWER,N,sonnet
7460,I_2,E2CONSPIRACY,N,sonnet
7460,I_2,E2CONTROLMEDIA,N,sonnet
7460,I_2,E2CONTROLECONOMY,N,sonnet
7460,I_2,E2CONTROLGOV,N,sonnet
7460,I_2,E2CONTROLOTHER,N,sonnet
7460,I_2,E3COLLECTIVEBLAME,N,sonnet
15992,I_2,E1VIOLENCE,N,sonnet
15992,I_2,E1RADICAL,N,sonnet
15992,I_2,E2ALLEGATION,N,sonnet
15992,I_2,E2DEHUMANIZATION,I,sonnet
15992,I_2,E2DEMONIZE,N,sonnet
15992,I_2,E2STEREOTYPE,N,sonnet
15992,I_2,E2COLLECTIVEPOWER,N,sonnet
15992,I_2,E2CONSPIRACY,N,sonnet
15992,I_2,E2CONTROLMEDIA,N,sonnet
15992,I_2,E2CONTROLECONOMY,N,sonnet
15992,I_2,E2CONTROLGOV,N,sonnet
15992,I_2,E2CONTROLOTHER,N,sonnet
15992,I_2,E3COLLECTIVEBLAME,N,sonnet
2935,I_2,E1VIOLENCE,N,sonnet
2935,I_2,E1RADICAL,N,sonnet
2935,I_2,E2ALLEGATION,A,sonnet
2935,I_2,E2DEHUMANIZATION,N,sonnet
2935,I_2,E2DEMONIZE,A,sonnet
2935,I_2,E2STEREOTYPE,A,sonnet
2935,I_2,E2COLLECTIVEPOWER,N,sonnet
2935,I_2,E2CONSPIRACY,N,sonnet
2935,I_2,E2CONTROLMEDIA,N,sonnet
2935,I_2,E2CONTROLECONOMY,N,sonnet
2935,I_2,E2CONTROLGOV,N,sonnet
2935,I_2,E2CONTROLOTHER,N,sonnet
2935,I_2,E3COLLECTIVEBLAME,N,sonnet
44949,I_2,E1VIOLENCE,N,sonnet
44949,I_2,E1RADICAL,N,sonnet
44949,I_2,E2ALLEGATION,N,sonnet
44949,I_2,E2DEHUMANIZATION,N,sonnet
44949,I_2,E2DEMONIZE,N,sonnet
44949,I_2,E2STEREOTYPE,N,sonnet
44949,I_2,E2COLLECTIVEPOWER,N,sonnet
44949,I_2,E2CONSPIRACY,N,sonnet
44949,I_2,E2CONTROLMEDIA,N,sonnet
44949,I_2,E2CONTROLECONOMY,N,sonnet
44949,I_2,E2CONTROLGOV,N,sonnet
44949,I_2,E2CONTROLOTHER,N,sonnet
44949,I_2,E3COLLECTIVEBLAME,N,sonnet
26960,I_2,E1VIOLENCE,N,sonnet
26960,I_2,E1RADICAL,N,sonnet
26960,I_2,E2ALLEGATION,N,sonnet
26960,I_2,E2DEHUMANIZATION,N,sonnet
26960,I_2,E2DEMONIZE,N,sonnet
26960,I_2,E2STEREOTYPE,N,sonnet
26960,I_2,E2COLLECTIVEPOWER,N,sonnet
26960,I_2,E2CONSPIRACY,N,sonnet
26960,I_2,E2CONTROLMEDIA,N,sonnet
26960,I_2,E2CONTROLECONOMY,N,sonnet
26960,I_2,E2CONTROLGOV,N,sonnet
26960,I_2,E2CONTROLOTHER,N,sonnet
26960,I_2,E3COLLECTIVEBLAME,N,sonnet
48931,I_2,E1VIOLENCE,N,sonnet
48931,I_2,E1RADICAL,N,sonnet
48931,I_2,E2ALLEGATION,N,sonnet
48931,I_2,E2DEHUMANIZATION,N,sonnet
48931,I_2,E2DEMONIZE,N,sonnet
48931,I_2,E2STEREOTYPE,N,sonnet
48931,I_2,E2COLLECTIVEPOWER,N,sonnet
48931,I_2,E2CONSPIRACY,N,sonnet
48931,I_2,E2CONTROLMEDIA,N,sonnet
48931,I_2,E2CONTROLECONOMY,N,sonnet
48931,I_2,E2CONTROLGOV,N,sonnet
48931,I_2,E2CONTROLOTHER,N,sonnet
48931,I_2,E3COLLECTIVEBLAME,N,sonnet
4117,I_2,E1VIOLENCE,I,sonnet
4117,I_2,E1RADICAL,N,sonnet
4117,I_2,E2ALLEGATION,N,sonnet
4117,I_2,E2DEHUMANIZATION,E,sonnet
4117,I_2,E2DEMONIZE,N,sonnet
4117,I_2,E2STEREOTYPE,N,sonnet
4117,I_2,E2COLLECTIVEPOWER,N,sonnet
4117,I_2,E2CONSPIRACY,N,sonnet
4117,I_2,E2CONTROLMEDIA,N,sonnet
4117,I_2,E2CONTROLECONOMY,N,sonnet
4117,I_2,E2CONTROLGOV,N,sonnet
4117,I_2,E2CONTROLOTHER,N,sonnet
4117,I_2,E3COLLECTIVEBLAME,N,sonnet
5071,I_2,E1VIOLENCE,N,sonnet
5071,I_2,E1RADICAL,N,sonnet
5071,I_2,E2ALLEGATION,N,sonnet
5071,I_2,E2DEHUMANIZATION,N,sonnet
5071,I_2,E2DEMONIZE,N,sonnet
5071,I_2,E2STEREOTYPE,N,sonnet
5071,I_2,E2COLLECTIVEPOWER,N,sonnet
5071,I_2,E2CONSPIRACY,N,sonnet
5071,I_2,E2CONTROLMEDIA,N,sonnet
5071,I_2,E2CONTROLECONOMY,N,sonnet
5071,I_2,E2CONTROLGOV,N,sonnet
5071,I_2,E2CONTROLOTHER,N,sonnet
5071,I_2,E3COLLECTIVEBLAME,N,sonnet
3722,I_2,E1VIOLENCE,N,sonnet
3722,I_2,E1RADICAL,N,sonnet
3722,I_2,E2ALLEGATION,N,sonnet
3722,I_2,E2DEHUMANIZATION,N,sonnet
3722,I_2,E2DEMONIZE,N,sonnet
3722,I_2,E2STEREOTYPE,N,sonnet
3722,I_2,E2COLLECTIVEPOWER,N,sonnet
3722,I_2,E2CONSPIRACY,N,sonnet
3722,I_2,E2CONTROLMEDIA,N,sonnet
3722,I_2,E2CONTROLECONOMY,N,sonnet
3722,I_2,E2CONTROLGOV,N,sonnet
3722,I_2,E2CONTROLOTHER,N,sonnet
3722,I_2,E3COLLECTIVEBLAME,N,sonnet
17933,I_2,E1VIOLENCE,N,sonnet
17933,I_2,E1RADICAL,N,sonnet
17933,I_2,E2ALLEGATION,I,sonnet
17933,I_2,E2DEHUMANIZATION,N,sonnet
17933,I_2,E2DEMONIZE,I,sonnet
17933,I_2,E2STEREOTYPE,I,sonnet
17933,I_2,E2COLLECTIVEPOWER,N,sonnet
17933,I_2,E2CONSPIRACY,I,sonnet
17933,I_2,E2CONTROLMEDIA,N,sonnet
17933,I_2,E2CONTROLECONOMY,N,sonnet
17933,I_2,E2CONTROLGOV,N,sonnet
17933,I_2,E2CONTROLOTHER,N,sonnet
17933,I_2,E3COLLECTIVEBLAME,N,sonnet
47366,I_2,E1VIOLENCE,N,sonnet
47366,I_2,E1RADICAL,N,sonnet
47366,I_2,E2ALLEGATION,E,sonnet
47366,I_2,E2DEHUMANIZATION,E,sonnet
47366,I_2,E2DEMONIZE,E,sonnet
47366,I_2,E2STEREOTYPE,E,sonnet
47366,I_2,E2COLLECTIVEPOWER,N,sonnet
47366,I_2,E2CONSPIRACY,I,sonnet
47366,I_2,E2CONTROLMEDIA,N,sonnet
47366,I_2,E2CONTROLECONOMY,N,sonnet
47366,I_2,E2CONTROLGOV,I,sonnet
47366,I_2,E2CONTROLOTHER,N,sonnet
47366,I_2,E3COLLECTIVEBLAME,E,sonnet
40520,I_2,E1VIOLENCE,N,sonnet
40520,I_2,E1RADICAL,N,sonnet
40520,I_2,E2ALLEGATION,N,sonnet
40520,I_2,E2DEHUMANIZATION,N,sonnet
40520,I_2,E2DEMONIZE,N,sonnet
40520,I_2,E2STEREOTYPE,N,sonnet
40520,I_2,E2COLLECTIVEPOWER,N,sonnet
40520,I_2,E2CONSPIRACY,N,sonnet
40520,I_2,E2CONTROLMEDIA,N,sonnet
40520,I_2,E2CONTROLECONOMY,N,sonnet
40520,I_2,E2CONTROLGOV,N,sonnet
40520,I_2,E2CONTROLOTHER,N,sonnet
40520,I_2,E3COLLECTIVEBLAME,N,sonnet
20222,I_2,E1VIOLENCE,N,sonnet
20222,I_2,E1RADICAL,N,sonnet
20222,I_2,E2ALLEGATION,N,sonnet
20222,I_2,E2DEHUMANIZATION,N,sonnet
20222,I_2,E2DEMONIZE,N,sonnet
20222,I_2,E2STEREOTYPE,N,sonnet
20222,I_2,E2COLLECTIVEPOWER,N,sonnet
20222,I_2,E2CONSPIRACY,N,sonnet
20222,I_2,E2CONTROLMEDIA,N,sonnet
20222,I_2,E2CONTROLECONOMY,N,sonnet
20222,I_2,E2CONTROLGOV,N,sonnet
20222,I_2,E2CONTROLOTHER,N,sonnet
20222,I_2,E3COLLECTIVEBLAME,N,sonnet
27045,I_2,E1VIOLENCE,N,sonnet
27045,I_2,E1RADICAL,N,sonnet
27045,I_2,E2ALLEGATION,N,sonnet
27045,I_2,E2DEHUMANIZATION,N,sonnet
27045,I_2,E2DEMONIZE,N,sonnet
27045,I_2,E2STEREOTYPE,N,sonnet
27045,I_2,E2COLLECTIVEPOWER,N,sonnet
27045,I_2,E2CONSPIRACY,N,sonnet
27045,I_2,E2CONTROLMEDIA,N,sonnet
27045,I_2,E2CONTROLECONOMY,N,sonnet
27045,I_2,E2CONTROLGOV,N,sonnet
27045,I_2,E2CONTROLOTHER,N,sonnet
27045,I_2,E3COLLECTIVEBLAME,N,sonnet
31221,I_2,E1VIOLENCE,N,sonnet
31221,I_2,E1RADICAL,N,sonnet
31221,I_2,E2ALLEGATION,N,sonnet
31221,I_2,E2DEHUMANIZATION,N,sonnet
31221,I_2,E2DEMONIZE,N,sonnet
31221,I_2,E2STEREOTYPE,N,sonnet
31221,I_2,E2COLLECTIVEPOWER,N,sonnet
31221,I_2,E2CONSPIRACY,N,sonnet
31221,I_2,E2CONTROLMEDIA,N,sonnet
31221,I_2,E2CONTROLECONOMY,N,sonnet
31221,I_2,E2CONTROLGOV,N,sonnet
31221,I_2,E2CONTROLOTHER,N,sonnet
31221,I_2,E3COLLECTIVEBLAME,N,sonnet
42503,I_2,E1VIOLENCE,N,sonnet
42503,I_2,E1RADICAL,N,sonnet
42503,I_2,E2ALLEGATION,N,sonnet
42503,I_2,E2DEHUMANIZATION,N,sonnet
42503,I_2,E2DEMONIZE,N,sonnet
42503,I_2,E2STEREOTYPE,N,sonnet
42503,I_2,E2COLLECTIVEPOWER,N,sonnet
42503,I_2,E2CONSPIRACY,N,sonnet
42503,I_2,E2CONTROLMEDIA,N,sonnet
42503,I_2,E2CONTROLECONOMY,N,sonnet
42503,I_2,E2CONTROLGOV,N,sonnet
42503,I_2,E2CONTROLOTHER,N,sonnet
42503,I_2,E3COLLECTIVEBLAME,N,sonnet
16556,I_2,E1VIOLENCE,N,sonnet
16556,I_2,E1RADICAL,N,sonnet
16556,I_2,E2ALLEGATION,N,sonnet
16556,I_2,E2DEHUMANIZATION,N,sonnet
16556,I_2,E2DEMONIZE,A,sonnet
16556,I_2,E2STEREOTYPE,N,sonnet
16556,I_2,E2COLLECTIVEPOWER,N,sonnet
16556,I_2,E2CONSPIRACY,N,sonnet
16556,I_2,E2CONTROLMEDIA,N,sonnet
16556,I_2,E2CONTROLECONOMY,N,sonnet
16556,I_2,E2CONTROLGOV,N,sonnet
16556,I_2,E2CONTROLOTHER,N,sonnet
16556,I_2,E3COLLECTIVEBLAME,N,sonnet
10769,I_2,E1VIOLENCE,N,sonnet
10769,I_2,E1RADICAL,N,sonnet
10769,I_2,E2ALLEGATION,I,sonnet
10769,I_2,E2DEHUMANIZATION,N,sonnet
10769,I_2,E2DEMONIZE,I,sonnet
10769,I_2,E2STEREOTYPE,I,sonnet
10769,I_2,E2COLLECTIVEPOWER,N,sonnet
10769,I_2,E2CONSPIRACY,N,sonnet
10769,I_2,E2CONTROLMEDIA,N,sonnet
10769,I_2,E2CONTROLECONOMY,N,sonnet
10769,I_2,E2CONTROLGOV,N,sonnet
10769,I_2,E2CONTROLOTHER,N,sonnet
10769,I_2,E3COLLECTIVEBLAME,N,sonnet
39836,I_2,E1VIOLENCE,N,sonnet
39836,I_2,E1RADICAL,N,sonnet
39836,I_2,E2ALLEGATION,I,sonnet
39836,I_2,E2DEHUMANIZATION,N,sonnet
39836,I_2,E2DEMONIZE,N,sonnet
39836,I_2,E2STEREOTYPE,N,sonnet
39836,I_2,E2COLLECTIVEPOWER,N,sonnet
39836,I_2,E2CONSPIRACY,N,sonnet
39836,I_2,E2CONTROLMEDIA,N,sonnet
39836,I_2,E2CONTROLECONOMY,N,sonnet
39836,I_2,E2CONTROLGOV,N,sonnet
39836,I_2,E2CONTROLOTHER,N,sonnet
39836,I_2,E3COLLECTIVEBLAME,N,sonnet
32628,I_2,E1VIOLENCE,N,sonnet
32628,I_2,E1RADICAL,N,sonnet
32628,I_2,E2ALLEGATION,N,sonnet
32628,I_2,E2DEHUMANIZATION,N,sonnet
32628,I_2,E2DEMONIZE,N,sonnet
32628,I_2,E2STEREOTYPE,N,sonnet
32628,I_2,E2COLLECTIVEPOWER,N,sonnet
32628,I_2,E2CONSPIRACY,N,sonnet
32628,I_2,E2CONTROLMEDIA,N,sonnet
32628,I_2,E2CONTROLECONOMY,N,sonnet
32628,I_2,E2CONTROLGOV,N,sonnet
32628,I_2,E2CONTROLOTHER,N,sonnet
32628,I_2,E3COLLECTIVEBLAME,N,sonnet
17469,I_2,E1VIOLENCE,A,sonnet
17469,I_2,E1RADICAL,A,sonnet
17469,I_2,E2ALLEGATION,N,sonnet
17469,I_2,E2DEHUMANIZATION,N,sonnet
17469,I_2,E2DEMONIZE,N,sonnet
17469,I_2,E2STEREOTYPE,N,sonnet
17469,I_2,E2COLLECTIVEPOWER,N,sonnet
17469,I_2,E2CONSPIRACY,N,sonnet
17469,I_2,E2CONTROLMEDIA,N,sonnet
17469,I_2,E2CONTROLECONOMY,N,sonnet
17469,I_2,E2CONTROLGOV,N,sonnet
17469,I_2,E2CONTROLOTHER,N,sonnet
17469,I_2,E3COLLECTIVEBLAME,N,sonnet
15820,I_2,E1VIOLENCE,N,sonnet
15820,I_2,E1RADICAL,N,sonnet
15820,I_2,E2ALLEGATION,N,sonnet
15820,I_2,E2DEHUMANIZATION,I,sonnet
15820,I_2,E2DEMONIZE,N,sonnet
15820,I_2,E2STEREOTYPE,I,sonnet
15820,I_2,E2COLLECTIVEPOWER,N,sonnet
15820,I_2,E2CONSPIRACY,N,sonnet
15820,I_2,E2CONTROLMEDIA,N,sonnet
15820,I_2,E2CONTROLECONOMY,N,sonnet
15820,I_2,E2CONTROLGOV,N,sonnet
15820,I_2,E2CONTROLOTHER,N,sonnet
15820,I_2,E3COLLECTIVEBLAME,N,sonnet
25204,I_2,E1VIOLENCE,N,sonnet
25204,I_2,E1RADICAL,N,sonnet
25204,I_2,E2ALLEGATION,N,sonnet
25204,I_2,E2DEHUMANIZATION,N,sonnet
25204,I_2,E2DEMONIZE,N,sonnet
25204,I_2,E2STEREOTYPE,N,sonnet
25204,I_2,E2COLLECTIVEPOWER,N,sonnet
25204,I_2,E2CONSPIRACY,N,sonnet
25204,I_2,E2CONTROLMEDIA,N,sonnet
25204,I_2,E2CONTROLECONOMY,N,sonnet
25204,I_2,E2CONTROLGOV,N,sonnet
25204,I_2,E2CONTROLOTHER,N,sonnet
25204,I_2,E3COLLECTIVEBLAME,N,sonnet
9309,I_2,E1VIOLENCE,N,sonnet
9309,I_2,E1RADICAL,N,sonnet
9309,I_2,E2ALLEGATION,N,sonnet
9309,I_2,E2DEHUMANIZATION,N,sonnet
9309,I_2,E2DEMONIZE,N,sonnet
9309,I_2,E2STEREOTYPE,N,sonnet
9309,I_2,E2COLLECTIVEPOWER,N,sonnet
9309,I_2,E2CONSPIRACY,N,sonnet
9309,I_2,E2CONTROLMEDIA,N,sonnet
9309,I_2,E2CONTROLECONOMY,N,sonnet
9309,I_2,E2CONTROLGOV,N,sonnet
9309,I_2,E2CONTROLOTHER,N,sonnet
9309,I_2,E3COLLECTIVEBLAME,N,sonnet
17779,I_2,E1VIOLENCE,N,sonnet
17779,I_2,E1RADICAL,N,sonnet
17779,I_2,E2ALLEGATION,N,sonnet
17779,I_2,E2DEHUMANIZATION,N,sonnet
17779,I_2,E2DEMONIZE,N,sonnet
17779,I_2,E2STEREOTYPE,A,sonnet
17779,I_2,E2COLLECTIVEPOWER,N,sonnet
17779,I_2,E2CONSPIRACY,N,sonnet
17779,I_2,E2CONTROLMEDIA,N,sonnet
17779,I_2,E2CONTROLECONOMY,N,sonnet
17779,I_2,E2CONTROLGOV,N,sonnet
17779,I_2,E2CONTROLOTHER,N,sonnet
17779,I_2,E3COLLECTIVEBLAME,N,sonnet
14586,I_2,E1VIOLENCE,N,sonnet
14586,I_2,E1RADICAL,N,sonnet
14586,I_2,E2ALLEGATION,N,sonnet
14586,I_2,E2DEHUMANIZATION,N,sonnet
14586,I_2,E2DEMONIZE,N,sonnet
14586,I_2,E2STEREOTYPE,N,sonnet
14586,I_2,E2COLLECTIVEPOWER,N,sonnet
14586,I_2,E2CONSPIRACY,N,sonnet
14586,I_2,E2CONTROLMEDIA,N,sonnet
14586,I_2,E2CONTROLECONOMY,N,sonnet
14586,I_2,E2CONTROLGOV,N,sonnet
14586,I_2,E2CONTROLOTHER,N,sonnet
14586,I_2,E3COLLECTIVEBLAME,N,sonnet
3972,I_2,E1VIOLENCE,N,sonnet
3972,I_2,E1RADICAL,N,sonnet
3972,I_2,E2ALLEGATION,N,sonnet
3972,I_2,E2DEHUMANIZATION,N,sonnet
3972,I_2,E2DEMONIZE,N,sonnet
3972,I_2,E2STEREOTYPE,N,sonnet
3972,I_2,E2COLLECTIVEPOWER,N,sonnet
3972,I_2,E2CONSPIRACY,N,sonnet
3972,I_2,E2CONTROLMEDIA,N,sonnet
3972,I_2,E2CONTROLECONOMY,N,sonnet
3972,I_2,E2CONTROLGOV,N,sonnet
3972,I_2,E2CONTROLOTHER,N,sonnet
3972,I_2,E3COLLECTIVEBLAME,N,sonnet
382,I_2,E1VIOLENCE,I,sonnet
382,I_2,E1RADICAL,N,sonnet
382,I_2,E2ALLEGATION,N,sonnet
382,I_2,E2DEHUMANIZATION,N,sonnet
382,I_2,E2DEMONIZE,N,sonnet
382,I_2,E2STEREOTYPE,N,sonnet
382,I_2,E2COLLECTIVEPOWER,N,sonnet
382,I_2,E2CONSPIRACY,N,sonnet
382,I_2,E2CONTROLMEDIA,N,sonnet
382,I_2,E2CONTROLECONOMY,N,sonnet
382,I_2,E2CONTROLGOV,N,sonnet
382,I_2,E2CONTROLOTHER,N,sonnet
382,I_2,E3COLLECTIVEBLAME,N,sonnet
8880,I_2,E1VIOLENCE,N,sonnet
8880,I_2,E1RADICAL,N,sonnet
8880,I_2,E2ALLEGATION,A,sonnet
8880,I_2,E2DEHUMANIZATION,N,sonnet
8880,I_2,E2DEMONIZE,A,sonnet
8880,I_2,E2STEREOTYPE,N,sonnet
8880,I_2,E2COLLECTIVEPOWER,N,sonnet
8880,I_2,E2CONSPIRACY,N,sonnet
8880,I_2,E2CONTROLMEDIA,N,sonnet
8880,I_2,E2CONTROLECONOMY,N,sonnet
8880,I_2,E2CONTROLGOV,N,sonnet
8880,I_2,E2CONTROLOTHER,N,sonnet
8880,I_2,E3COLLECTIVEBLAME,A,sonnet
33340,I_2,E1VIOLENCE,N,sonnet
33340,I_2,E1RADICAL,N,sonnet
33340,I_2,E2ALLEGATION,N,sonnet
33340,I_2,E2DEHUMANIZATION,N,sonnet
33340,I_2,E2DEMONIZE,N,sonnet
33340,I_2,E2STEREOTYPE,N,sonnet
33340,I_2,E2COLLECTIVEPOWER,N,sonnet
33340,I_2,E2CONSPIRACY,N,sonnet
33340,I_2,E2CONTROLMEDIA,N,sonnet
33340,I_2,E2CONTROLECONOMY,N,sonnet
33340,I_2,E2CONTROLGOV,N,sonnet
33340,I_2,E2CONTROLOTHER,N,sonnet
33340,I_2,E3COLLECTIVEBLAME,N,sonnet
20568,I_2,E1VIOLENCE,N,sonnet
20568,I_2,E1RADICAL,N,sonnet
20568,I_2,E2ALLEGATION,N,sonnet
20568,I_2,E2DEHUMANIZATION,N,sonnet
20568,I_2,E2DEMONIZE,N,sonnet
20568,I_2,E2STEREOTYPE,N,sonnet
20568,I_2,E2COLLECTIVEPOWER,N,sonnet
20568,I_2,E2CONSPIRACY,N,sonnet
20568,I_2,E2CONTROLMEDIA,N,sonnet
20568,I_2,E2CONTROLECONOMY,N,sonnet
20568,I_2,E2CONTROLGOV,N,sonnet
20568,I_2,E2CONTROLOTHER,N,sonnet
20568,I_2,E3COLLECTIVEBLAME,N,sonnet
44942,I_2,E1VIOLENCE,N,sonnet
44942,I_2,E1RADICAL,N,sonnet
44942,I_2,E2ALLEGATION,N,sonnet
44942,I_2,E2DEHUMANIZATION,N,sonnet
44942,I_2,E2DEMONIZE,N,sonnet
44942,I_2,E2STEREOTYPE,N,sonnet
44942,I_2,E2COLLECTIVEPOWER,N,sonnet
44942,I_2,E2CONSPIRACY,N,sonnet
44942,I_2,E2CONTROLMEDIA,N,sonnet
44942,I_2,E2CONTROLECONOMY,N,sonnet
44942,I_2,E2CONTROLGOV,N,sonnet
44942,I_2,E2CONTROLOTHER,N,sonnet
44942,I_2,E3COLLECTIVEBLAME,N,sonnet
19365,I_2,E1VIOLENCE,A,sonnet
19365,I_2,E1RADICAL,A,sonnet
19365,I_2,E2ALLEGATION,N,sonnet
19365,I_2,E2DEHUMANIZATION,N,sonnet
19365,I_2,E2DEMONIZE,N,sonnet
19365,I_2,E2STEREOTYPE,N,sonnet
19365,I_2,E2COLLECTIVEPOWER,N,sonnet
19365,I_2,E2CONSPIRACY,N,sonnet
19365,I_2,E2CONTROLMEDIA,N,sonnet
19365,I_2,E2CONTROLECONOMY,N,sonnet
19365,I_2,E2CONTROLGOV,N,sonnet
19365,I_2,E2CONTROLOTHER,N,sonnet
19365,I_2,E3COLLECTIVEBLAME,N,sonnet
25083,I_2,E1VIOLENCE,N,sonnet
25083,I_2,E1RADICAL,N,sonnet
25083,I_2,E2ALLEGATION,N,sonnet
25083,I_2,E2DEHUMANIZATION,E,sonnet
25083,I_2,E2DEMONIZE,N,sonnet
25083,I_2,E2STEREOTYPE,N,sonnet
25083,I_2,E2COLLECTIVEPOWER,N,sonnet
25083,I_2,E2CONSPIRACY,N,sonnet
25083,I_2,E2CONTROLMEDIA,N,sonnet
25083,I_2,E2CONTROLECONOMY,N,sonnet
25083,I_2,E2CONTROLGOV,N,sonnet
25083,I_2,E2CONTROLOTHER,N,sonnet
25083,I_2,E3COLLECTIVEBLAME,N,sonnet
17821,I_2,E1VIOLENCE,N,sonnet
17821,I_2,E1RADICAL,N,sonnet
17821,I_2,E2ALLEGATION,N,sonnet
17821,I_2,E2DEHUMANIZATION,N,sonnet
17821,I_2,E2DEMONIZE,N,sonnet
17821,I_2,E2STEREOTYPE,N,sonnet
17821,I_2,E2COLLECTIVEPOWER,N,sonnet
17821,I_2,E2CONSPIRACY,N,sonnet
17821,I_2,E2CONTROLMEDIA,N,sonnet
17821,I_2,E2CONTROLECONOMY,N,sonnet
17821,I_2,E2CONTROLGOV,N,sonnet
17821,I_2,E2CONTROLOTHER,N,sonnet
17821,I_2,E3COLLECTIVEBLAME,N,sonnet
2447,I_2,E1VIOLENCE,N,sonnet
2447,I_2,E1RADICAL,N,sonnet
2447,I_2,E2ALLEGATION,N,sonnet
2447,I_2,E2DEHUMANIZATION,N,sonnet
2447,I_2,E2DEMONIZE,N,sonnet
2447,I_2,E2STEREOTYPE,N,sonnet
2447,I_2,E2COLLECTIVEPOWER,N,sonnet
2447,I_2,E2CONSPIRACY,N,sonnet
2447,I_2,E2CONTROLMEDIA,N,sonnet
2447,I_2,E2CONTROLECONOMY,N,sonnet
2447,I_2,E2CONTROLGOV,N,sonnet
2447,I_2,E2CONTROLOTHER,N,sonnet
2447,I_2,E3COLLECTIVEBLAME,N,sonnet
49393,I_2,E1VIOLENCE,N,sonnet
49393,I_2,E1RADICAL,N,sonnet
49393,I_2,E2ALLEGATION,I,sonnet
49393,I_2,E2DEHUMANIZATION,N,sonnet
49393,I_2,E2DEMONIZE,I,sonnet
49393,I_2,E2STEREOTYPE,I,sonnet
49393,I_2,E2COLLECTIVEPOWER,I,sonnet
49393,I_2,E2CONSPIRACY,I,sonnet
49393,I_2,E2CONTROLMEDIA,N,sonnet
49393,I_2,E2CONTROLECONOMY,N,sonnet
49393,I_2,E2CONTROLGOV,I,sonnet
49393,I_2,E2CONTROLOTHER,N,sonnet
49393,I_2,E3COLLECTIVEBLAME,N,sonnet
44514,I_2,E1VIOLENCE,N,sonnet
44514,I_2,E1RADICAL,N,sonnet
44514,I_2,E2ALLEGATION,E,sonnet
44514,I_2,E2DEHUMANIZATION,N,sonnet
44514,I_2,E2DEMONIZE,E,sonnet
44514,I_2,E2STEREOTYPE,E,sonnet
44514,I_2,E2COLLECTIVEPOWER,E,sonnet
44514,I_2,E2CONSPIRACY,E,sonnet
44514,I_2,E2CONTROLMEDIA,N,sonnet
44514,I_2,E2CONTROLECONOMY,N,sonnet
44514,I_2,E2CONTROLGOV,E,sonnet
44514,I_2,E2CONTROLOTHER,N,sonnet
44514,I_2,E3COLLECTIVEBLAME,N,sonnet
26322,I_2,E1VIOLENCE,N,sonnet
26322,I_2,E1RADICAL,N,sonnet
26322,I_2,E2ALLEGATION,N,sonnet
26322,I_2,E2DEHUMANIZATION,N,sonnet
26322,I_2,E2DEMONIZE,N,sonnet
26322,I_2,E2STEREOTYPE,N,sonnet
26322,I_2,E2COLLECTIVEPOWER,N,sonnet
26322,I_2,E2CONSPIRACY,N,sonnet
26322,I_2,E2CONTROLMEDIA,N,sonnet
26322,I_2,E2CONTROLECONOMY,N,sonnet
26322,I_2,E2CONTROLGOV,N,sonnet
26322,I_2,E2CONTROLOTHER,N,sonnet
26322,I_2,E3COLLECTIVEBLAME,N,sonnet
2898,I_2,E1VIOLENCE,N,sonnet
2898,I_2,E1RADICAL,N,sonnet
2898,I_2,E2ALLEGATION,N,sonnet
2898,I_2,E2DEHUMANIZATION,N,sonnet
2898,I_2,E2DEMONIZE,N,sonnet
2898,I_2,E2STEREOTYPE,N,sonnet
2898,I_2,E2COLLECTIVEPOWER,N,sonnet
2898,I_2,E2CONSPIRACY,N,sonnet
2898,I_2,E2CONTROLMEDIA,N,sonnet
2898,I_2,E2CONTROLECONOMY,N,sonnet
2898,I_2,E2CONTROLGOV,N,sonnet
2898,I_2,E2CONTROLOTHER,N,sonnet
2898,I_2,E3COLLECTIVEBLAME,N,sonnet
11453,I_2,E1VIOLENCE,N,sonnet
11453,I_2,E1RADICAL,N,sonnet
11453,I_2,E2ALLEGATION,N,sonnet
11453,I_2,E2DEHUMANIZATION,N,sonnet
11453,I_2,E2DEMONIZE,N,sonnet
11453,I_2,E2STEREOTYPE,N,sonnet
11453,I_2,E2COLLECTIVEPOWER,N,sonnet
11453,I_2,E2CONSPIRACY,N,sonnet
11453,I_2,E2CONTROLMEDIA,N,sonnet
11453,I_2,E2CONTROLECONOMY,N,sonnet
11453,I_2,E2CONTROLGOV,N,sonnet
11453,I_2,E2CONTROLOTHER,N,sonnet
11453,I_2,E3COLLECTIVEBLAME,N,sonnet
23418,I_2,E1VIOLENCE,N,sonnet
23418,I_2,E1RADICAL,N,sonnet
23418,I_2,E2ALLEGATION,N,sonnet
23418,I_2,E2DEHUMANIZATION,N,sonnet
23418,I_2,E2DEMONIZE,N,sonnet
23418,I_2,E2STEREOTYPE,N,sonnet
23418,I_2,E2COLLECTIVEPOWER,N,sonnet
23418,I_2,E2CONSPIRACY,N,sonnet
23418,I_2,E2CONTROLMEDIA,N,sonnet
23418,I_2,E2CONTROLECONOMY,N,sonnet
23418,I_2,E2CONTROLGOV,N,sonnet
23418,I_2,E2CONTROLOTHER,N,sonnet
23418,I_2,E3COLLECTIVEBLAME,N,sonnet
28366,I_2,E1VIOLENCE,N,sonnet
28366,I_2,E1RADICAL,N,sonnet
28366,I_2,E2ALLEGATION,N,sonnet
28366,I_2,E2DEHUMANIZATION,N,sonnet
28366,I_2,E2DEMONIZE,N,sonnet
28366,I_2,E2STEREOTYPE,N,sonnet
28366,I_2,E2COLLECTIVEPOWER,N,sonnet
28366,I_2,E2CONSPIRACY,N,sonnet
28366,I_2,E2CONTROLMEDIA,N,sonnet
28366,I_2,E2CONTROLECONOMY,N,sonnet
28366,I_2,E2CONTROLGOV,N,sonnet
28366,I_2,E2CONTROLOTHER,N,sonnet
28366,I_2,E3COLLECTIVEBLAME,N,sonnet
41451,I_2,E1VIOLENCE,N,sonnet
41451,I_2,E1RADICAL,N,sonnet
41451,I_2,E2ALLEGATION,A,sonnet
41451,I_2,E2DEHUMANIZATION,N,sonnet
41451,I_2,E2DEMONIZE,A,sonnet
41451,I_2,E2STEREOTYPE,N,sonnet
41451,I_2,E2COLLECTIVEPOWER,A,sonnet
41451,I_2,E2CONSPIRACY,A,sonnet
41451,I_2,E2CONTROLMEDIA,N,sonnet
41451,I_2,E2CONTROLECONOMY,N,sonnet
41451,I_2,E2CONTROLGOV,A,sonnet
41451,I_2,E2CONTROLOTHER,N,sonnet
41451,I_2,E3COLLECTIVEBLAME,N,sonnet
6075,I_2,E1VIOLENCE,N,sonnet
6075,I_2,E1RADICAL,N,sonnet
6075,I_2,E2ALLEGATION,N,sonnet
6075,I_2,E2DEHUMANIZATION,N,sonnet
6075,I_2,E2DEMONIZE,N,sonnet
6075,I_2,E2STEREOTYPE,N,sonnet
6075,I_2,E2COLLECTIVEPOWER,N,sonnet
6075,I_2,E2CONSPIRACY,N,sonnet
6075,I_2,E2CONTROLMEDIA,N,sonnet
6075,I_2,E2CONTROLECONOMY,N,sonnet
6075,I_2,E2CONTROLGOV,N,sonnet
6075,I_2,E2CONTROLOTHER,N,sonnet
6075,I_2,E3COLLECTIVEBLAME,N,sonnet
16366,I_2,E1VIOLENCE,N,sonnet
16366,I_2,E1RADICAL,N,sonnet
16366,I_2,E2ALLEGATION,N,sonnet
16366,I_2,E2DEHUMANIZATION,N,sonnet
16366,I_2,E2DEMONIZE,N,sonnet
16366,I_2,E2STEREOTYPE,N,sonnet
16366,I_2,E2COLLECTIVEPOWER,N,sonnet
16366,I_2,E2CONSPIRACY,N,sonnet
16366,I_2,E2CONTROLMEDIA,N,sonnet
16366,I_2,E2CONTROLECONOMY,N,sonnet
16366,I_2,E2CONTROLGOV,N,sonnet
16366,I_2,E2CONTROLOTHER,N,sonnet
16366,I_2,E3COLLECTIVEBLAME,N,sonnet
7366,I_2,E1VIOLENCE,N,sonnet
7366,I_2,E1RADICAL,N,sonnet
7366,I_2,E2ALLEGATION,N,sonnet
7366,I_2,E2DEHUMANIZATION,N,sonnet
7366,I_2,E2DEMONIZE,N,sonnet
7366,I_2,E2STEREOTYPE,N,sonnet
7366,I_2,E2COLLECTIVEPOWER,N,sonnet
7366,I_2,E2CONSPIRACY,N,sonnet
7366,I_2,E2CONTROLMEDIA,N,sonnet
7366,I_2,E2CONTROLECONOMY,N,sonnet
7366,I_2,E2CONTROLGOV,N,sonnet
7366,I_2,E2CONTROLOTHER,N,sonnet
7366,I_2,E3COLLECTIVEBLAME,N,sonnet
31029,I_2,E1VIOLENCE,N,sonnet
31029,I_2,E1RADICAL,N,sonnet
31029,I_2,E2ALLEGATION,I,sonnet
31029,I_2,E2DEHUMANIZATION,N,sonnet
31029,I_2,E2DEMONIZE,I,sonnet
31029,I_2,E2STEREOTYPE,I,sonnet
31029,I_2,E2COLLECTIVEPOWER,I,sonnet
31029,I_2,E2CONSPIRACY,N,sonnet
31029,I_2,E2CONTROLMEDIA,I,sonnet
31029,I_2,E2CONTROLECONOMY,N,sonnet
31029,I_2,E2CONTROLGOV,N,sonnet
31029,I_2,E2CONTROLOTHER,I,sonnet
31029,I_2,E3COLLECTIVEBLAME,N,sonnet
11120,I_2,E1VIOLENCE,N,sonnet
11120,I_2,E1RADICAL,N,sonnet
11120,I_2,E2ALLEGATION,N,sonnet
11120,I_2,E2DEHUMANIZATION,N,sonnet
11120,I_2,E2DEMONIZE,N,sonnet
11120,I_2,E2STEREOTYPE,N,sonnet
11120,I_2,E2COLLECTIVEPOWER,N,sonnet
11120,I_2,E2CONSPIRACY,N,sonnet
11120,I_2,E2CONTROLMEDIA,N,sonnet
11120,I_2,E2CONTROLECONOMY,N,sonnet
11120,I_2,E2CONTROLGOV,N,sonnet
11120,I_2,E2CONTROLOTHER,N,sonnet
11120,I_2,E3COLLECTIVEBLAME,N,sonnet
33677,I_2,E1VIOLENCE,N,sonnet
33677,I_2,E1RADICAL,N,sonnet
33677,I_2,E2ALLEGATION,N,sonnet
33677,I_2,E2DEHUMANIZATION,N,sonnet
33677,I_2,E2DEMONIZE,N,sonnet
33677,I_2,E2STEREOTYPE,N,sonnet
33677,I_2,E2COLLECTIVEPOWER,N,sonnet
33677,I_2,E2CONSPIRACY,N,sonnet
33677,I_2,E2CONTROLMEDIA,N,sonnet
33677,I_2,E2CONTROLECONOMY,N,sonnet
33677,I_2,E2CONTROLGOV,N,sonnet
33677,I_2,E2CONTROLOTHER,N,sonnet
33677,I_2,E3COLLECTIVEBLAME,N,sonnet
9467,I_2,E1VIOLENCE,N,sonnet
9467,I_2,E1RADICAL,N,sonnet
9467,I_2,E2ALLEGATION,N,sonnet
9467,I_2,E2DEHUMANIZATION,N,sonnet
9467,I_2,E2DEMONIZE,N,sonnet
9467,I_2,E2STEREOTYPE,N,sonnet
9467,I_2,E2COLLECTIVEPOWER,N,sonnet
9467,I_2,E2CONSPIRACY,N,sonnet
9467,I_2,E2CONTROLMEDIA,N,sonnet
9467,I_2,E2CONTROLECONOMY,N,sonnet
9467,I_2,E2CONTROLGOV,N,sonnet
9467,I_2,E2CONTROLOTHER,N,sonnet
9467,I_2,E3COLLECTIVEBLAME,N,sonnet
2922,I_2,E1VIOLENCE,N,sonnet
2922,I_2,E1RADICAL,N,sonnet
2922,I_2,E2ALLEGATION,N,sonnet
2922,I_2,E2DEHUMANIZATION,N,sonnet
2922,I_2,E2DEMONIZE,N,sonnet
2922,I_2,E2STEREOTYPE,N,sonnet
2922,I_2,E2COLLECTIVEPOWER,N,sonnet
2922,I_2,E2CONSPIRACY,N,sonnet
2922,I_2,E2CONTROLMEDIA,N,sonnet
2922,I_2,E2CONTROLECONOMY,N,sonnet
2922,I_2,E2CONTROLGOV,N,sonnet
2922,I_2,E2CONTROLOTHER,N,sonnet
2922,I_2,E3COLLECTIVEBLAME,N,sonnet
5505,I_2,E1VIOLENCE,N,sonnet
5505,I_2,E1RADICAL,N,sonnet
5505,I_2,E2ALLEGATION,N,sonnet
5505,I_2,E2DEHUMANIZATION,N,sonnet
5505,I_2,E2DEMONIZE,N,sonnet
5505,I_2,E2STEREOTYPE,N,sonnet
5505,I_2,E2COLLECTIVEPOWER,N,sonnet
5505,I_2,E2CONSPIRACY,N,sonnet
5505,I_2,E2CONTROLMEDIA,N,sonnet
5505,I_2,E2CONTROLECONOMY,N,sonnet
5505,I_2,E2CONTROLGOV,N,sonnet
5505,I_2,E2CONTROLOTHER,N,sonnet
5505,I_2,E3COLLECTIVEBLAME,N,sonnet
23264,I_2,E1VIOLENCE,N,sonnet
23264,I_2,E1RADICAL,N,sonnet
23264,I_2,E2ALLEGATION,N,sonnet
23264,I_2,E2DEHUMANIZATION,N,sonnet
23264,I_2,E2DEMONIZE,N,sonnet
23264,I_2,E2STEREOTYPE,N,sonnet
23264,I_2,E2COLLECTIVEPOWER,N,sonnet
23264,I_2,E2CONSPIRACY,N,sonnet
23264,I_2,E2CONTROLMEDIA,N,sonnet
23264,I_2,E2CONTROLECONOMY,N,sonnet
23264,I_2,E2CONTROLGOV,N,sonnet
23264,I_2,E2CONTROLOTHER,N,sonnet
23264,I_2,E3COLLECTIVEBLAME,N,sonnet
3553,I_2,E1VIOLENCE,E,sonnet
3553,I_2,E1RADICAL,E,sonnet
3553,I_2,E2ALLEGATION,N,sonnet
3553,I_2,E2DEHUMANIZATION,I,sonnet
3553,I_2,E2DEMONIZE,N,sonnet
3553,I_2,E2STEREOTYPE,N,sonnet
3553,I_2,E2COLLECTIVEPOWER,N,sonnet
3553,I_2,E2CONSPIRACY,N,sonnet
3553,I_2,E2CONTROLMEDIA,N,sonnet
3553,I_2,E2CONTROLECONOMY,N,sonnet
3553,I_2,E2CONTROLGOV,N,sonnet
3553,I_2,E2CONTROLOTHER,N,sonnet
3553,I_2,E3COLLECTIVEBLAME,N,sonnet
45923,I_2,E1VIOLENCE,N,sonnet
45923,I_2,E1RADICAL,N,sonnet
45923,I_2,E2ALLEGATION,N,sonnet
45923,I_2,E2DEHUMANIZATION,N,sonnet
45923,I_2,E2DEMONIZE,N,sonnet
45923,I_2,E2STEREOTYPE,N,sonnet
45923,I_2,E2COLLECTIVEPOWER,N,sonnet
45923,I_2,E2CONSPIRACY,N,sonnet
45923,I_2,E2CONTROLMEDIA,N,sonnet
45923,I_2,E2CONTROLECONOMY,N,sonnet
45923,I_2,E2CONTROLGOV,N,sonnet
45923,I_2,E2CONTROLOTHER,N,sonnet
45923,I_2,E3COLLECTIVEBLAME,N,sonnet
12075,I_2,E1VIOLENCE,N,sonnet
12075,I_2,E1RADICAL,N,sonnet
12075,I_2,E2ALLEGATION,N,sonnet
12075,I_2,E2DEHUMANIZATION,N,sonnet
12075,I_2,E2DEMONIZE,N,sonnet
12075,I_2,E2STEREOTYPE,N,sonnet
12075,I_2,E2COLLECTIVEPOWER,N,sonnet
12075,I_2,E2CONSPIRACY,N,sonnet
12075,I_2,E2CONTROLMEDIA,N,sonnet
12075,I_2,E2CONTROLECONOMY,N,sonnet
12075,I_2,E2CONTROLGOV,N,sonnet
12075,I_2,E2CONTROLOTHER,N,sonnet
12075,I_2,E3COLLECTIVEBLAME,N,sonnet
13534,I_2,E1VIOLENCE,N,sonnet
13534,I_2,E1RADICAL,N,sonnet
13534,I_2,E2ALLEGATION,E,sonnet
13534,I_2,E2DEHUMANIZATION,N,sonnet
13534,I_2,E2DEMONIZE,E,sonnet
13534,I_2,E2STEREOTYPE,N,sonnet
13534,I_2,E2COLLECTIVEPOWER,N,sonnet
13534,I_2,E2CONSPIRACY,N,sonnet
13534,I_2,E2CONTROLMEDIA,N,sonnet
13534,I_2,E2CONTROLECONOMY,N,sonnet
13534,I_2,E2CONTROLGOV,N,sonnet
13534,I_2,E2CONTROLOTHER,N,sonnet
13534,I_2,E3COLLECTIVEBLAME,E,sonnet
4481,I_2,E1VIOLENCE,N,sonnet
4481,I_2,E1RADICAL,N,sonnet
4481,I_2,E2ALLEGATION,N,sonnet
4481,I_2,E2DEHUMANIZATION,N,sonnet
4481,I_2,E2DEMONIZE,N,sonnet
4481,I_2,E2STEREOTYPE,N,sonnet
4481,I_2,E2COLLECTIVEPOWER,N,sonnet
4481,I_2,E2CONSPIRACY,N,sonnet
4481,I_2,E2CONTROLMEDIA,N,sonnet
4481,I_2,E2CONTROLECONOMY,N,sonnet
4481,I_2,E2CONTROLGOV,N,sonnet
4481,I_2,E2CONTROLOTHER,N,sonnet
4481,I_2,E3COLLECTIVEBLAME,N,sonnet
42679,I_2,E1VIOLENCE,N,sonnet
42679,I_2,E1RADICAL,N,sonnet
42679,I_2,E2ALLEGATION,I,sonnet
42679,I_2,E2DEHUMANIZATION,N,sonnet
42679,I_2,E2DEMONIZE,I,sonnet
42679,I_2,E2STEREOTYPE,I,sonnet
42679,I_2,E2COLLECTIVEPOWER,I,sonnet
42679,I_2,E2CONSPIRACY,I,sonnet
42679,I_2,E2CONTROLMEDIA,N,sonnet
42679,I_2,E2CONTROLECONOMY,I,sonnet
42679,I_2,E2CONTROLGOV,I,sonnet
42679,I_2,E2CONTROLOTHER,N,sonnet
42679,I_2,E3COLLECTIVEBLAME,N,sonnet
36298,I_2,E1VIOLENCE,N,sonnet
36298,I_2,E1RADICAL,N,sonnet
36298,I_2,E2ALLEGATION,N,sonnet
36298,I_2,E2DEHUMANIZATION,N,sonnet
36298,I_2,E2DEMONIZE,N,sonnet
36298,I_2,E2STEREOTYPE,N,sonnet
36298,I_2,E2COLLECTIVEPOWER,N,sonnet
36298,I_2,E2CONSPIRACY,N,sonnet
36298,I_2,E2CONTROLMEDIA,N,sonnet
36298,I_2,E2CONTROLECONOMY,N,sonnet
36298,I_2,E2CONTROLGOV,N,sonnet
36298,I_2,E2CONTROLOTHER,N,sonnet
36298,I_2,E3COLLECTIVEBLAME,N,sonnet
14634,I_2,E1VIOLENCE,N,sonnet
14634,I_2,E1RADICAL,N,sonnet
14634,I_2,E2ALLEGATION,N,sonnet
14634,I_2,E2DEHUMANIZATION,N,sonnet
14634,I_2,E2DEMONIZE,N,sonnet
14634,I_2,E2STEREOTYPE,N,sonnet
14634,I_2,E2COLLECTIVEPOWER,N,sonnet
14634,I_2,E2CONSPIRACY,N,sonnet
14634,I_2,E2CONTROLMEDIA,N,sonnet
14634,I_2,E2CONTROLECONOMY,N,sonnet
14634,I_2,E2CONTROLGOV,N,sonnet
14634,I_2,E2CONTROLOTHER,N,sonnet
14634,I_2,E3COLLECTIVEBLAME,N,sonnet
36861,I_2,E1VIOLENCE,N,sonnet
36861,I_2,E1RADICAL,N,sonnet
36861,I_2,E2ALLEGATION,N,sonnet
36861,I_2,E2DEHUMANIZATION,N,sonnet
36861,I_2,E2DEMONIZE,N,sonnet
36861,I_2,E2STEREOTYPE,N,sonnet
36861,I_2,E2COLLECTIVEPOWER,N,sonnet
36861,I_2,E2CONSPIRACY,N,sonnet
36861,I_2,E2CONTROLMEDIA,N,sonnet
36861,I_2,E2CONTROLECONOMY,N,sonnet
36861,I_2,E2CONTROLGOV,N,sonnet
36861,I_2,E2CONTROLOTHER,N,sonnet
36861,I_2,E3COLLECTIVEBLAME,N,sonnet
28800,I_2,E1VIOLENCE,N,sonnet
28800,I_2,E1RADICAL,N,sonnet
28800,I_2,E2ALLEGATION,N,sonnet
28800,I_2,E2DEHUMANIZATION,N,sonnet
28800,I_2,E2DEMONIZE,N,sonnet
28800,I_2,E2STEREOTYPE,N,sonnet
28800,I_2,E2COLLECTIVEPOWER,N,sonnet
28800,I_2,E2CONSPIRACY,N,sonnet
28800,I_2,E2CONTROLMEDIA,N,sonnet
28800,I_2,E2CONTROLECONOMY,N,sonnet
28800,I_2,E2CONTROLGOV,N,sonnet
28800,I_2,E2CONTROLOTHER,N,sonnet
28800,I_2,E3COLLECTIVEBLAME,N,sonnet
20537,I_2,E1VIOLENCE,N,sonnet
20537,I_2,E1RADICAL,N,sonnet
20537,I_2,E2ALLEGATION,I,sonnet
20537,I_2,E2DEHUMANIZATION,N,sonnet
20537,I_2,E2DEMONIZE,I,sonnet
20537,I_2,E2STEREOTYPE,N,sonnet
20537,I_2,E2COLLECTIVEPOWER,I,sonnet
20537,I_2,E2CONSPIRACY,I,sonnet
20537,I_2,E2CONTROLMEDIA,N,sonnet
20537,I_2,E2CONTROLECONOMY,N,sonnet
20537,I_2,E2CONTROLGOV,I,sonnet
20537,I_2,E2CONTROLOTHER,N,sonnet
20537,I_2,E3COLLECTIVEBLAME,N,sonnet
17267,I_2,E1VIOLENCE,N,sonnet
17267,I_2,E1RADICAL,N,sonnet
17267,I_2,E2ALLEGATION,N,sonnet
17267,I_2,E2DEHUMANIZATION,N,sonnet
17267,I_2,E2DEMONIZE,N,sonnet
17267,I_2,E2STEREOTYPE,N,sonnet
17267,I_2,E2COLLECTIVEPOWER,N,sonnet
17267,I_2,E2CONSPIRACY,N,sonnet
17267,I_2,E2CONTROLMEDIA,N,sonnet
17267,I_2,E2CONTROLECONOMY,N,sonnet
17267,I_2,E2CONTROLGOV,N,sonnet
17267,I_2,E2CONTROLOTHER,N,sonnet
17267,I_2,E3COLLECTIVEBLAME,N,sonnet
45845,I_2,E1VIOLENCE,N,sonnet
45845,I_2,E1RADICAL,N,sonnet
45845,I_2,E2ALLEGATION,N,sonnet
45845,I_2,E2DEHUMANIZATION,N,sonnet
45845,I_2,E2DEMONIZE,N,sonnet
45845,I_2,E2STEREOTYPE,N,sonnet
45845,I_2,E2COLLECTIVEPOWER,N,sonnet
45845,I_2,E2CONSPIRACY,N,sonnet
45845,I_2,E2CONTROLMEDIA,N,sonnet
45845,I_2,E2CONTROLECONOMY,N,sonnet
45845,I_2,E2CONTROLGOV,N,sonnet
45845,I_2,E2CONTROLOTHER,N,sonnet
45845,I_2,E3COLLECTIVEBLAME,N,sonnet
46165,I_2,E1VIOLENCE,A,sonnet
46165,I_2,E1RADICAL,A,sonnet
46165,I_2,E2ALLEGATION,A,sonnet
46165,I_2,E2DEHUMANIZATION,N,sonnet
46165,I_2,E2DEMONIZE,A,sonnet
46165,I_2,E2STEREOTYPE,N,sonnet
46165,I_2,E2COLLECTIVEPOWER,N,sonnet
46165,I_2,E2CONSPIRACY,A,sonnet
46165,I_2,E2CONTROLMEDIA,N,sonnet
46165,I_2,E2CONTROLECONOMY,N,sonnet
46165,I_2,E2CONTROLGOV,N,sonnet
46165,I_2,E2CONTROLOTHER,N,sonnet
46165,I_2,E3COLLECTIVEBLAME,A,sonnet
43349,I_2,E1VIOLENCE,N,sonnet
43349,I_2,E1RADICAL,N,sonnet
43349,I_2,E2ALLEGATION,E,sonnet
43349,I_2,E2DEHUMANIZATION,E,sonnet
43349,I_2,E2DEMONIZE,E,sonnet
43349,I_2,E2STEREOTYPE,E,sonnet
43349,I_2,E2COLLECTIVEPOWER,N,sonnet
43349,I_2,E2CONSPIRACY,N,sonnet
43349,I_2,E2CONTROLMEDIA,N,sonnet
43349,I_2,E2CONTROLECONOMY,N,sonnet
43349,I_2,E2CONTROLGOV,N,sonnet
43349,I_2,E2CONTROLOTHER,N,sonnet
43349,I_2,E3COLLECTIVEBLAME,E,sonnet
41267,I_2,E1VIOLENCE,N,sonnet
41267,I_2,E1RADICAL,N,sonnet
41267,I_2,E2ALLEGATION,N,sonnet
41267,I_2,E2DEHUMANIZATION,N,sonnet
41267,I_2,E2DEMONIZE,N,sonnet
41267,I_2,E2STEREOTYPE,N,sonnet
41267,I_2,E2COLLECTIVEPOWER,N,sonnet
41267,I_2,E2CONSPIRACY,N,sonnet
41267,I_2,E2CONTROLMEDIA,N,sonnet
41267,I_2,E2CONTROLECONOMY,N,sonnet
41267,I_2,E2CONTROLGOV,N,sonnet
41267,I_2,E2CONTROLOTHER,N,sonnet
41267,I_2,E3COLLECTIVEBLAME,N,sonnet
31622,I_2,E1VIOLENCE,N,sonnet
31622,I_2,E1RADICAL,N,sonnet
31622,I_2,E2ALLEGATION,N,sonnet
31622,I_2,E2DEHUMANIZATION,N,sonnet
31622,I_2,E2DEMONIZE,N,sonnet
31622,I_2,E2STEREOTYPE,N,sonnet
31622,I_2,E2COLLECTIVEPOWER,N,sonnet
31622,I_2,E2CONSPIRACY,N,sonnet
31622,I_2,E2CONTROLMEDIA,N,sonnet
31622,I_2,E2CONTROLECONOMY,N,sonnet
31622,I_2,E2CONTROLGOV,N,sonnet
31622,I_2,E2CONTROLOTHER,N,sonnet
31622,I_2,E3COLLECTIVEBLAME,N,sonnet
7244,I_2,E1VIOLENCE,N,sonnet
7244,I_2,E1RADICAL,N,sonnet
7244,I_2,E2ALLEGATION,N,sonnet
7244,I_2,E2DEHUMANIZATION,N,sonnet
7244,I_2,E2DEMONIZE,N,sonnet
7244,I_2,E2STEREOTYPE,N,sonnet
7244,I_2,E2COLLECTIVEPOWER,N,sonnet
7244,I_2,E2CONSPIRACY,N,sonnet
7244,I_2,E2CONTROLMEDIA,N,sonnet
7244,I_2,E2CONTROLECONOMY,N,sonnet
7244,I_2,E2CONTROLGOV,N,sonnet
7244,I_2,E2CONTROLOTHER,N,sonnet
7244,I_2,E3COLLECTIVEBLAME,N,sonnet
10940,I_2,E1VIOLENCE,N,sonnet
10940,I_2,E1RADICAL,N,sonnet
10940,I_2,E2ALLEGATION,N,sonnet
10940,I_2,E2DEHUMANIZATION,N,sonnet
10940,I_2,E2DEMONIZE,N,sonnet
10940,I_2,E2STEREOTYPE,N,sonnet
10940,I_2,E2COLLECTIVEPOWER,N,sonnet
10940,I_2,E2CONSPIRACY,N,sonnet
10940,I_2,E2CONTROLMEDIA,N,sonnet
10940,I_2,E2CONTROLECONOMY,N,sonnet
10940,I_2,E2CONTROLGOV,N,sonnet
10940,I_2,E2CONTROLOTHER,N,sonnet
10940,I_2,E3COLLECTIVEBLAME,N,sonnet
2936,I_2,E1VIOLENCE,N,sonnet
2936,I_2,E1RADICAL,N,sonnet
2936,I_2,E2ALLEGATION,N,sonnet
2936,I_2,E2DEHUMANIZATION,N,sonnet
2936,I_2,E2DEMONIZE,N,sonnet
2936,I_2,E2STEREOTYPE,N,sonnet
2936,I_2,E2COLLECTIVEPOWER,N,sonnet
2936,I_2,E2CONSPIRACY,N,sonnet
2936,I_2,E2CONTROLMEDIA,N,sonnet
2936,I_2,E2CONTROLECONOMY,N,sonnet
2936,I_2,E2CONTROLGOV,N,sonnet
2936,I_2,E2CONTROLOTHER,N,sonnet
2936,I_2,E3COLLECTIVEBLAME,N,sonnet
18557,I_2,E1VIOLENCE,N,sonnet
18557,I_2,E1RADICAL,N,sonnet
18557,I_2,E2ALLEGATION,N,sonnet
18557,I_2,E2DEHUMANIZATION,N,sonnet
18557,I_2,E2DEMONIZE,N,sonnet
18557,I_2,E2STEREOTYPE,N,sonnet
18557,I_2,E2COLLECTIVEPOWER,N,sonnet
18557,I_2,E2CONSPIRACY,N,sonnet
18557,I_2,E2CONTROLMEDIA,N,sonnet
18557,I_2,E2CONTROLECONOMY,N,sonnet
18557,I_2,E2CONTROLGOV,N,sonnet
18557,I_2,E2CONTROLOTHER,N,sonnet
18557,I_2,E3COLLECTIVEBLAME,N,sonnet
19662,I_2,E1VIOLENCE,N,sonnet
19662,I_2,E1RADICAL,N,sonnet
19662,I_2,E2ALLEGATION,N,sonnet
19662,I_2,E2DEHUMANIZATION,N,sonnet
19662,I_2,E2DEMONIZE,N,sonnet
19662,I_2,E2STEREOTYPE,N,sonnet
19662,I_2,E2COLLECTIVEPOWER,N,sonnet
19662,I_2,E2CONSPIRACY,N,sonnet
19662,I_2,E2CONTROLMEDIA,N,sonnet
19662,I_2,E2CONTROLECONOMY,N,sonnet
19662,I_2,E2CONTROLGOV,N,sonnet
19662,I_2,E2CONTROLOTHER,N,sonnet
19662,I_2,E3COLLECTIVEBLAME,N,sonnet
43925,I_2,E1VIOLENCE,N,sonnet
43925,I_2,E1RADICAL,N,sonnet
43925,I_2,E2ALLEGATION,N,sonnet
43925,I_2,E2DEHUMANIZATION,N,sonnet
43925,I_2,E2DEMONIZE,N,sonnet
43925,I_2,E2STEREOTYPE,N,sonnet
43925,I_2,E2COLLECTIVEPOWER,N,sonnet
43925,I_2,E2CONSPIRACY,N,sonnet
43925,I_2,E2CONTROLMEDIA,N,sonnet
43925,I_2,E2CONTROLECONOMY,N,sonnet
43925,I_2,E2CONTROLGOV,N,sonnet
43925,I_2,E2CONTROLOTHER,N,sonnet
43925,I_2,E3COLLECTIVEBLAME,N,sonnet
481,I_2,E1VIOLENCE,N,sonnet
481,I_2,E1RADICAL,N,sonnet
481,I_2,E2ALLEGATION,N,sonnet
481,I_2,E2DEHUMANIZATION,N,sonnet
481,I_2,E2DEMONIZE,N,sonnet
481,I_2,E2STEREOTYPE,N,sonnet
481,I_2,E2COLLECTIVEPOWER,N,sonnet
481,I_2,E2CONSPIRACY,N,sonnet
481,I_2,E2CONTROLMEDIA,N,sonnet
481,I_2,E2CONTROLECONOMY,N,sonnet
481,I_2,E2CONTROLGOV,N,sonnet
481,I_2,E2CONTROLOTHER,N,sonnet
481,I_2,E3COLLECTIVEBLAME,N,sonnet
40439,I_2,E1VIOLENCE,N,sonnet
40439,I_2,E1RADICAL,N,sonnet
40439,I_2,E2ALLEGATION,I,sonnet
40439,I_2,E2DEHUMANIZATION,I,sonnet
40439,I_2,E2DEMONIZE,I,sonnet
40439,I_2,E2STEREOTYPE,I,sonnet
40439,I_2,E2COLLECTIVEPOWER,I,sonnet
40439,I_2,E2CONSPIRACY,N,sonnet
40439,I_2,E2CONTROLMEDIA,N,sonnet
40439,I_2,E2CONTROLECONOMY,N,sonnet
40439,I_2,E2CONTROLGOV,N,sonnet
40439,I_2,E2CONTROLOTHER,I,sonnet
40439,I_2,E3COLLECTIVEBLAME,N,sonnet
42268,I_2,E1VIOLENCE,N,gpt4o
42268,I_2,E1RADICAL,N,gpt4o
42268,I_2,E2ALLEGATION,E,gpt4o
42268,I_2,E2DEHUMANIZATION,N,gpt4o
42268,I_2,E2DEMONIZE,E,gpt4o
42268,I_2,E2STEREOTYPE,E,gpt4o
42268,I_2,E2COLLECTIVEPOWER,E,gpt4o
42268,I_2,E2CONSPIRACY,E,gpt4o
42268,I_2,E2CONTROLMEDIA,N,gpt4o
42268,I_2,E2CONTROLECONOMY,E,gpt4o
42268,I_2,E2CONTROLGOV,E,gpt4o
42268,I_2,E2CONTROLOTHER,E,gpt4o
42268,I_2,E3COLLECTIVEBLAME,E,gpt4o
44905,I_2,E1VIOLENCE,A,sonnet
44905,I_2,E1RADICAL,N,sonnet
44905,I_2,E2ALLEGATION,N,sonnet
44905,I_2,E2DEHUMANIZATION,N,sonnet
44905,I_2,E2DEMONIZE,N,sonnet
44905,I_2,E2STEREOTYPE,N,sonnet
44905,I_2,E2COLLECTIVEPOWER,N,sonnet
44905,I_2,E2CONSPIRACY,N,sonnet
44905,I_2,E2CONTROLMEDIA,N,sonnet
44905,I_2,E2CONTROLECONOMY,N,sonnet
44905,I_2,E2CONTROLGOV,N,sonnet
44905,I_2,E2CONTROLOTHER,N,sonnet
44905,I_2,E3COLLECTIVEBLAME,N,sonnet
7080,I_2,E1VIOLENCE,N,sonnet
7080,I_2,E1RADICAL,N,sonnet
7080,I_2,E2ALLEGATION,N,sonnet
7080,I_2,E2DEHUMANIZATION,N,sonnet
7080,I_2,E2DEMONIZE,N,sonnet
7080,I_2,E2STEREOTYPE,N,sonnet
7080,I_2,E2COLLECTIVEPOWER,N,sonnet
7080,I_2,E2CONSPIRACY,N,sonnet
7080,I_2,E2CONTROLMEDIA,N,sonnet
7080,I_2,E2CONTROLECONOMY,N,sonnet
7080,I_2,E2CONTROLGOV,N,sonnet
7080,I_2,E2CONTROLOTHER,N,sonnet
7080,I_2,E3COLLECTIVEBLAME,N,sonnet
2553,I_2,E1VIOLENCE,N,sonnet
2553,I_2,E1RADICAL,N,sonnet
2553,I_2,E2ALLEGATION,I,sonnet
2553,I_2,E2DEHUMANIZATION,N,sonnet
2553,I_2,E2DEMONIZE,I,sonnet
2553,I_2,E2STEREOTYPE,I,sonnet
2553,I_2,E2COLLECTIVEPOWER,N,sonnet
2553,I_2,E2CONSPIRACY,N,sonnet
2553,I_2,E2CONTROLMEDIA,N,sonnet
2553,I_2,E2CONTROLECONOMY,N,sonnet
2553,I_2,E2CONTROLGOV,N,sonnet
2553,I_2,E2CONTROLOTHER,N,sonnet
2553,I_2,E3COLLECTIVEBLAME,N,sonnet
23182,I_2,E1VIOLENCE,A,sonnet
23182,I_2,E1RADICAL,A,sonnet
23182,I_2,E2ALLEGATION,N,sonnet
23182,I_2,E2DEHUMANIZATION,A,sonnet
23182,I_2,E2DEMONIZE,A,sonnet
23182,I_2,E2STEREOTYPE,N,sonnet
23182,I_2,E2COLLECTIVEPOWER,N,sonnet
23182,I_2,E2CONSPIRACY,N,sonnet
23182,I_2,E2CONTROLMEDIA,N,sonnet
23182,I_2,E2CONTROLECONOMY,N,sonnet
23182,I_2,E2CONTROLGOV,N,sonnet
23182,I_2,E2CONTROLOTHER,N,sonnet
23182,I_2,E3COLLECTIVEBLAME,N,sonnet
44747,I_2,E1VIOLENCE,E,sonnet
44747,I_2,E1RADICAL,N,sonnet
44747,I_2,E2ALLEGATION,N,sonnet
44747,I_2,E2DEHUMANIZATION,E,sonnet
44747,I_2,E2DEMONIZE,N,sonnet
44747,I_2,E2STEREOTYPE,N,sonnet
44747,I_2,E2COLLECTIVEPOWER,N,sonnet
44747,I_2,E2CONSPIRACY,N,sonnet
44747,I_2,E2CONTROLMEDIA,N,sonnet
44747,I_2,E2CONTROLECONOMY,N,sonnet
44747,I_2,E2CONTROLGOV,N,sonnet
44747,I_2,E2CONTROLOTHER,N,sonnet
44747,I_2,E3COLLECTIVEBLAME,N,sonnet
40733,I_2,E1VIOLENCE,N,sonnet
40733,I_2,E1RADICAL,N,sonnet
40733,I_2,E2ALLEGATION,E,sonnet
40733,I_2,E2DEHUMANIZATION,E,sonnet
40733,I_2,E2DEMONIZE,E,sonnet
40733,I_2,E2STEREOTYPE,I,sonnet
40733,I_2,E2COLLECTIVEPOWER,I,sonnet
40733,I_2,E2CONSPIRACY,I,sonnet
40733,I_2,E2CONTROLMEDIA,N,sonnet
40733,I_2,E2CONTROLECONOMY,N,sonnet
40733,I_2,E2CONTROLGOV,N,sonnet
40733,I_2,E2CONTROLOTHER,N,sonnet
40733,I_2,E3COLLECTIVEBLAME,I,sonnet
47605,I_2,E1VIOLENCE,N,sonnet
47605,I_2,E1RADICAL,N,sonnet
47605,I_2,E2ALLEGATION,N,sonnet
47605,I_2,E2DEHUMANIZATION,N,sonnet
47605,I_2,E2DEMONIZE,N,sonnet
47605,I_2,E2STEREOTYPE,N,sonnet
47605,I_2,E2COLLECTIVEPOWER,N,sonnet
47605,I_2,E2CONSPIRACY,N,sonnet
47605,I_2,E2CONTROLMEDIA,N,sonnet
47605,I_2,E2CONTROLECONOMY,N,sonnet
47605,I_2,E2CONTROLGOV,N,sonnet
47605,I_2,E2CONTROLOTHER,N,sonnet
47605,I_2,E3COLLECTIVEBLAME,N,sonnet
10399,I_2,E1VIOLENCE,N,sonnet
10399,I_2,E1RADICAL,N,sonnet
10399,I_2,E2ALLEGATION,N,sonnet
10399,I_2,E2DEHUMANIZATION,N,sonnet
10399,I_2,E2DEMONIZE,N,sonnet
10399,I_2,E2STEREOTYPE,N,sonnet
10399,I_2,E2COLLECTIVEPOWER,N,sonnet
10399,I_2,E2CONSPIRACY,N,sonnet
10399,I_2,E2CONTROLMEDIA,N,sonnet
10399,I_2,E2CONTROLECONOMY,N,sonnet
10399,I_2,E2CONTROLGOV,N,sonnet
10399,I_2,E2CONTROLOTHER,N,sonnet
10399,I_2,E3COLLECTIVEBLAME,N,sonnet
4292,I_2,E1VIOLENCE,N,sonnet
4292,I_2,E1RADICAL,N,sonnet
4292,I_2,E2ALLEGATION,N,sonnet
4292,I_2,E2DEHUMANIZATION,N,sonnet
4292,I_2,E2DEMONIZE,N,sonnet
4292,I_2,E2STEREOTYPE,N,sonnet
4292,I_2,E2COLLECTIVEPOWER,N,sonnet
4292,I_2,E2CONSPIRACY,N,sonnet
4292,I_2,E2CONTROLMEDIA,N,sonnet
4292,I_2,E2CONTROLECONOMY,N,sonnet
4292,I_2,E2CONTROLGOV,N,sonnet
4292,I_2,E2CONTROLOTHER,N,sonnet
4292,I_2,E3COLLECTIVEBLAME,N,sonnet
43066,I_2,E1VIOLENCE,N,sonnet
43066,I_2,E1RADICAL,N,sonnet
43066,I_2,E2ALLEGATION,E,sonnet
43066,I_2,E2DEHUMANIZATION,N,sonnet
43066,I_2,E2DEMONIZE,E,sonnet
43066,I_2,E2STEREOTYPE,N,sonnet
43066,I_2,E2COLLECTIVEPOWER,N,sonnet
43066,I_2,E2CONSPIRACY,N,sonnet
43066,I_2,E2CONTROLMEDIA,N,sonnet
43066,I_2,E2CONTROLECONOMY,N,sonnet
43066,I_2,E2CONTROLGOV,N,sonnet
43066,I_2,E2CONTROLOTHER,N,sonnet
43066,I_2,E3COLLECTIVEBLAME,E,sonnet
44883,I_2,E1VIOLENCE,N,sonnet
44883,I_2,E1RADICAL,N,sonnet
44883,I_2,E2ALLEGATION,N,sonnet
44883,I_2,E2DEHUMANIZATION,N,sonnet
44883,I_2,E2DEMONIZE,N,sonnet
44883,I_2,E2STEREOTYPE,N,sonnet
44883,I_2,E2COLLECTIVEPOWER,N,sonnet
44883,I_2,E2CONSPIRACY,N,sonnet
44883,I_2,E2CONTROLMEDIA,N,sonnet
44883,I_2,E2CONTROLECONOMY,N,sonnet
44883,I_2,E2CONTROLGOV,N,sonnet
44883,I_2,E2CONTROLOTHER,N,sonnet
44883,I_2,E3COLLECTIVEBLAME,N,sonnet
15126,I_2,E1VIOLENCE,N,sonnet
15126,I_2,E1RADICAL,N,sonnet
15126,I_2,E2ALLEGATION,N,sonnet
15126,I_2,E2DEHUMANIZATION,N,sonnet
15126,I_2,E2DEMONIZE,N,sonnet
15126,I_2,E2STEREOTYPE,N,sonnet
15126,I_2,E2COLLECTIVEPOWER,I,sonnet
15126,I_2,E2CONSPIRACY,N,sonnet
15126,I_2,E2CONTROLMEDIA,N,sonnet
15126,I_2,E2CONTROLECONOMY,N,sonnet
15126,I_2,E2CONTROLGOV,N,sonnet
15126,I_2,E2CONTROLOTHER,I,sonnet
15126,I_2,E3COLLECTIVEBLAME,N,sonnet
22812,I_2,E1VIOLENCE,N,sonnet
22812,I_2,E1RADICAL,N,sonnet
22812,I_2,E2ALLEGATION,N,sonnet
22812,I_2,E2DEHUMANIZATION,N,sonnet
22812,I_2,E2DEMONIZE,N,sonnet
22812,I_2,E2STEREOTYPE,N,sonnet
22812,I_2,E2COLLECTIVEPOWER,N,sonnet
22812,I_2,E2CONSPIRACY,N,sonnet
22812,I_2,E2CONTROLMEDIA,N,sonnet
22812,I_2,E2CONTROLECONOMY,N,sonnet
22812,I_2,E2CONTROLGOV,N,sonnet
22812,I_2,E2CONTROLOTHER,N,sonnet
22812,I_2,E3COLLECTIVEBLAME,N,sonnet
5369,I_2,E1VIOLENCE,N,sonnet
5369,I_2,E1RADICAL,N,sonnet
5369,I_2,E2ALLEGATION,N,sonnet
5369,I_2,E2DEHUMANIZATION,N,sonnet
5369,I_2,E2DEMONIZE,N,sonnet
5369,I_2,E2STEREOTYPE,N,sonnet
5369,I_2,E2COLLECTIVEPOWER,N,sonnet
5369,I_2,E2CONSPIRACY,N,sonnet
5369,I_2,E2CONTROLMEDIA,N,sonnet
5369,I_2,E2CONTROLECONOMY,N,sonnet
5369,I_2,E2CONTROLGOV,N,sonnet
5369,I_2,E2CONTROLOTHER,N,sonnet
5369,I_2,E3COLLECTIVEBLAME,N,sonnet
29184,I_2,E1VIOLENCE,N,sonnet
29184,I_2,E1RADICAL,N,sonnet
29184,I_2,E2ALLEGATION,I,sonnet
29184,I_2,E2DEHUMANIZATION,N,sonnet
29184,I_2,E2DEMONIZE,I,sonnet
29184,I_2,E2STEREOTYPE,N,sonnet
29184,I_2,E2COLLECTIVEPOWER,N,sonnet
29184,I_2,E2CONSPIRACY,N,sonnet
29184,I_2,E2CONTROLMEDIA,N,sonnet
29184,I_2,E2CONTROLECONOMY,N,sonnet
29184,I_2,E2CONTROLGOV,N,sonnet
29184,I_2,E2CONTROLOTHER,N,sonnet
29184,I_2,E3COLLECTIVEBLAME,N,sonnet
16071,I_2,E1VIOLENCE,N,sonnet
16071,I_2,E1RADICAL,N,sonnet
16071,I_2,E2ALLEGATION,N,sonnet
16071,I_2,E2DEHUMANIZATION,N,sonnet
16071,I_2,E2DEMONIZE,N,sonnet
16071,I_2,E2STEREOTYPE,N,sonnet
16071,I_2,E2COLLECTIVEPOWER,N,sonnet
16071,I_2,E2CONSPIRACY,N,sonnet
16071,I_2,E2CONTROLMEDIA,N,sonnet
16071,I_2,E2CONTROLECONOMY,N,sonnet
16071,I_2,E2CONTROLGOV,N,sonnet
16071,I_2,E2CONTROLOTHER,N,sonnet
16071,I_2,E3COLLECTIVEBLAME,N,sonnet
19473,I_2,E1VIOLENCE,N,sonnet
19473,I_2,E1RADICAL,N,sonnet
19473,I_2,E2ALLEGATION,N,sonnet
19473,I_2,E2DEHUMANIZATION,N,sonnet
19473,I_2,E2DEMONIZE,N,sonnet
19473,I_2,E2STEREOTYPE,N,sonnet
19473,I_2,E2COLLECTIVEPOWER,N,sonnet
19473,I_2,E2CONSPIRACY,N,sonnet
19473,I_2,E2CONTROLMEDIA,N,sonnet
19473,I_2,E2CONTROLECONOMY,N,sonnet
19473,I_2,E2CONTROLGOV,N,sonnet
19473,I_2,E2CONTROLOTHER,N,sonnet
19473,I_2,E3COLLECTIVEBLAME,N,sonnet
1610,I_2,E1VIOLENCE,N,sonnet
1610,I_2,E1RADICAL,N,sonnet
1610,I_2,E2ALLEGATION,N,sonnet
1610,I_2,E2DEHUMANIZATION,N,sonnet
1610,I_2,E2DEMONIZE,N,sonnet
1610,I_2,E2STEREOTYPE,N,sonnet
1610,I_2,E2COLLECTIVEPOWER,N,sonnet
1610,I_2,E2CONSPIRACY,N,sonnet
1610,I_2,E2CONTROLMEDIA,N,sonnet
1610,I_2,E2CONTROLECONOMY,N,sonnet
1610,I_2,E2CONTROLGOV,N,sonnet
1610,I_2,E2CONTROLOTHER,N,sonnet
1610,I_2,E3COLLECTIVEBLAME,N,sonnet
14605,I_2,E1VIOLENCE,E,sonnet
14605,I_2,E1RADICAL,N,sonnet
14605,I_2,E2ALLEGATION,N,sonnet
14605,I_2,E2DEHUMANIZATION,E,sonnet
14605,I_2,E2DEMONIZE,N,sonnet
14605,I_2,E2STEREOTYPE,N,sonnet
14605,I_2,E2COLLECTIVEPOWER,N,sonnet
14605,I_2,E2CONSPIRACY,N,sonnet
14605,I_2,E2CONTROLMEDIA,N,sonnet
14605,I_2,E2CONTROLECONOMY,N,sonnet
14605,I_2,E2CONTROLGOV,N,sonnet
14605,I_2,E2CONTROLOTHER,N,sonnet
14605,I_2,E3COLLECTIVEBLAME,N,sonnet
45285,I_2,E1VIOLENCE,N,sonnet
45285,I_2,E1RADICAL,N,sonnet
45285,I_2,E2ALLEGATION,N,sonnet
45285,I_2,E2DEHUMANIZATION,N,sonnet
45285,I_2,E2DEMONIZE,N,sonnet
45285,I_2,E2STEREOTYPE,N,sonnet
45285,I_2,E2COLLECTIVEPOWER,N,sonnet
45285,I_2,E2CONSPIRACY,N,sonnet
45285,I_2,E2CONTROLMEDIA,N,sonnet
45285,I_2,E2CONTROLECONOMY,N,sonnet
45285,I_2,E2CONTROLGOV,N,sonnet
45285,I_2,E2CONTROLOTHER,N,sonnet
45285,I_2,E3COLLECTIVEBLAME,N,sonnet
44572,I_2,E1VIOLENCE,N,sonnet
44572,I_2,E1RADICAL,N,sonnet
44572,I_2,E2ALLEGATION,N,sonnet
44572,I_2,E2DEHUMANIZATION,N,sonnet
44572,I_2,E2DEMONIZE,N,sonnet
44572,I_2,E2STEREOTYPE,N,sonnet
44572,I_2,E2COLLECTIVEPOWER,N,sonnet
44572,I_2,E2CONSPIRACY,N,sonnet
44572,I_2,E2CONTROLMEDIA,N,sonnet
44572,I_2,E2CONTROLECONOMY,N,sonnet
44572,I_2,E2CONTROLGOV,N,sonnet
44572,I_2,E2CONTROLOTHER,N,sonnet
44572,I_2,E3COLLECTIVEBLAME,N,sonnet
45787,I_2,E1VIOLENCE,N,sonnet
45787,I_2,E1RADICAL,N,sonnet
45787,I_2,E2ALLEGATION,N,sonnet
45787,I_2,E2DEHUMANIZATION,N,sonnet
45787,I_2,E2DEMONIZE,N,sonnet
45787,I_2,E2STEREOTYPE,N,sonnet
45787,I_2,E2COLLECTIVEPOWER,N,sonnet
45787,I_2,E2CONSPIRACY,N,sonnet
45787,I_2,E2CONTROLMEDIA,N,sonnet
45787,I_2,E2CONTROLECONOMY,N,sonnet
45787,I_2,E2CONTROLGOV,N,sonnet
45787,I_2,E2CONTROLOTHER,N,sonnet
45787,I_2,E3COLLECTIVEBLAME,N,sonnet
43005,I_2,E1VIOLENCE,N,sonnet
43005,I_2,E1RADICAL,N,sonnet
43005,I_2,E2ALLEGATION,E,sonnet
43005,I_2,E2DEHUMANIZATION,N,sonnet
43005,I_2,E2DEMONIZE,E,sonnet
43005,I_2,E2STEREOTYPE,I,sonnet
43005,I_2,E2COLLECTIVEPOWER,E,sonnet
43005,I_2,E2CONSPIRACY,E,sonnet
43005,I_2,E2CONTROLMEDIA,N,sonnet
43005,I_2,E2CONTROLECONOMY,I,sonnet
43005,I_2,E2CONTROLGOV,E,sonnet
43005,I_2,E2CONTROLOTHER,E,sonnet
43005,I_2,E3COLLECTIVEBLAME,N,sonnet
13029,I_2,E1VIOLENCE,E,sonnet
13029,I_2,E1RADICAL,N,sonnet
13029,I_2,E2ALLEGATION,N,sonnet
13029,I_2,E2DEHUMANIZATION,E,sonnet
13029,I_2,E2DEMONIZE,E,sonnet
13029,I_2,E2STEREOTYPE,N,sonnet
13029,I_2,E2COLLECTIVEPOWER,N,sonnet
13029,I_2,E2CONSPIRACY,N,sonnet
13029,I_2,E2CONTROLMEDIA,N,sonnet
13029,I_2,E2CONTROLECONOMY,N,sonnet
13029,I_2,E2CONTROLGOV,N,sonnet
13029,I_2,E2CONTROLOTHER,N,sonnet
13029,I_2,E3COLLECTIVEBLAME,N,sonnet
48088,I_2,E1VIOLENCE,N,sonnet
48088,I_2,E1RADICAL,N,sonnet
48088,I_2,E2ALLEGATION,E,sonnet
48088,I_2,E2DEHUMANIZATION,N,sonnet
48088,I_2,E2DEMONIZE,E,sonnet
48088,I_2,E2STEREOTYPE,N,sonnet
48088,I_2,E2COLLECTIVEPOWER,N,sonnet
48088,I_2,E2CONSPIRACY,N,sonnet
48088,I_2,E2CONTROLMEDIA,N,sonnet
48088,I_2,E2CONTROLECONOMY,N,sonnet
48088,I_2,E2CONTROLGOV,N,sonnet
48088,I_2,E2CONTROLOTHER,N,sonnet
48088,I_2,E3COLLECTIVEBLAME,E,sonnet
22971,I_2,E1VIOLENCE,N,sonnet
22971,I_2,E1RADICAL,N,sonnet
22971,I_2,E2ALLEGATION,N,sonnet
22971,I_2,E2DEHUMANIZATION,N,sonnet
22971,I_2,E2DEMONIZE,N,sonnet
22971,I_2,E2STEREOTYPE,N,sonnet
22971,I_2,E2COLLECTIVEPOWER,N,sonnet
22971,I_2,E2CONSPIRACY,N,sonnet
22971,I_2,E2CONTROLMEDIA,N,sonnet
22971,I_2,E2CONTROLECONOMY,N,sonnet
22971,I_2,E2CONTROLGOV,N,sonnet
22971,I_2,E2CONTROLOTHER,N,sonnet
22971,I_2,E3COLLECTIVEBLAME,N,sonnet
28707,I_2,E1VIOLENCE,N,sonnet
28707,I_2,E1RADICAL,N,sonnet
28707,I_2,E2ALLEGATION,N,sonnet
28707,I_2,E2DEHUMANIZATION,N,sonnet
28707,I_2,E2DEMONIZE,N,sonnet
28707,I_2,E2STEREOTYPE,N,sonnet
28707,I_2,E2COLLECTIVEPOWER,N,sonnet
28707,I_2,E2CONSPIRACY,N,sonnet
28707,I_2,E2CONTROLMEDIA,N,sonnet
28707,I_2,E2CONTROLECONOMY,N,sonnet
28707,I_2,E2CONTROLGOV,N,sonnet
28707,I_2,E2CONTROLOTHER,N,sonnet
28707,I_2,E3COLLECTIVEBLAME,N,sonnet
43226,I_2,E1VIOLENCE,N,sonnet
43226,I_2,E1RADICAL,N,sonnet
43226,I_2,E2ALLEGATION,E,sonnet
43226,I_2,E2DEHUMANIZATION,I,sonnet
43226,I_2,E2DEMONIZE,E,sonnet
43226,I_2,E2STEREOTYPE,E,sonnet
43226,I_2,E2COLLECTIVEPOWER,I,sonnet
43226,I_2,E2CONSPIRACY,N,sonnet
43226,I_2,E2CONTROLMEDIA,N,sonnet
43226,I_2,E2CONTROLECONOMY,N,sonnet
43226,I_2,E2CONTROLGOV,N,sonnet
43226,I_2,E2CONTROLOTHER,N,sonnet
43226,I_2,E3COLLECTIVEBLAME,E,sonnet
33238,I_2,E1VIOLENCE,N,sonnet
33238,I_2,E1RADICAL,N,sonnet
33238,I_2,E2ALLEGATION,N,sonnet
33238,I_2,E2DEHUMANIZATION,N,sonnet
33238,I_2,E2DEMONIZE,N,sonnet
33238,I_2,E2STEREOTYPE,N,sonnet
33238,I_2,E2COLLECTIVEPOWER,N,sonnet
33238,I_2,E2CONSPIRACY,N,sonnet
33238,I_2,E2CONTROLMEDIA,N,sonnet
33238,I_2,E2CONTROLECONOMY,N,sonnet
33238,I_2,E2CONTROLGOV,N,sonnet
33238,I_2,E2CONTROLOTHER,N,sonnet
33238,I_2,E3COLLECTIVEBLAME,N,sonnet
37015,I_2,E1VIOLENCE,N,sonnet
37015,I_2,E1RADICAL,N,sonnet
37015,I_2,E2ALLEGATION,N,sonnet
37015,I_2,E2DEHUMANIZATION,N,sonnet
37015,I_2,E2DEMONIZE,N,sonnet
37015,I_2,E2STEREOTYPE,N,sonnet
37015,I_2,E2COLLECTIVEPOWER,N,sonnet
37015,I_2,E2CONSPIRACY,N,sonnet
37015,I_2,E2CONTROLMEDIA,N,sonnet
37015,I_2,E2CONTROLECONOMY,N,sonnet
37015,I_2,E2CONTROLGOV,N,sonnet
37015,I_2,E2CONTROLOTHER,N,sonnet
37015,I_2,E3COLLECTIVEBLAME,N,sonnet
3244,I_2,E1VIOLENCE,N,sonnet
3244,I_2,E1RADICAL,N,sonnet
3244,I_2,E2ALLEGATION,N,sonnet
3244,I_2,E2DEHUMANIZATION,N,sonnet
3244,I_2,E2DEMONIZE,N,sonnet
3244,I_2,E2STEREOTYPE,N,sonnet
3244,I_2,E2COLLECTIVEPOWER,N,sonnet
3244,I_2,E2CONSPIRACY,N,sonnet
3244,I_2,E2CONTROLMEDIA,N,sonnet
3244,I_2,E2CONTROLECONOMY,N,sonnet
3244,I_2,E2CONTROLGOV,N,sonnet
3244,I_2,E2CONTROLOTHER,N,sonnet
3244,I_2,E3COLLECTIVEBLAME,N,sonnet
321,I_2,E1VIOLENCE,N,sonnet
321,I_2,E1RADICAL,N,sonnet
321,I_2,E2ALLEGATION,N,sonnet
321,I_2,E2DEHUMANIZATION,N,sonnet
321,I_2,E2DEMONIZE,N,sonnet
321,I_2,E2STEREOTYPE,N,sonnet
321,I_2,E2COLLECTIVEPOWER,N,sonnet
321,I_2,E2CONSPIRACY,N,sonnet
321,I_2,E2CONTROLMEDIA,N,sonnet
321,I_2,E2CONTROLECONOMY,N,sonnet
321,I_2,E2CONTROLGOV,N,sonnet
321,I_2,E2CONTROLOTHER,N,sonnet
321,I_2,E3COLLECTIVEBLAME,N,sonnet
42145,I_2,E1VIOLENCE,N,sonnet
42145,I_2,E1RADICAL,N,sonnet
42145,I_2,E2ALLEGATION,N,sonnet
42145,I_2,E2DEHUMANIZATION,N,sonnet
42145,I_2,E2DEMONIZE,N,sonnet
42145,I_2,E2STEREOTYPE,N,sonnet
42145,I_2,E2COLLECTIVEPOWER,N,sonnet
42145,I_2,E2CONSPIRACY,N,sonnet
42145,I_2,E2CONTROLMEDIA,N,sonnet
42145,I_2,E2CONTROLECONOMY,N,sonnet
42145,I_2,E2CONTROLGOV,N,sonnet
42145,I_2,E2CONTROLOTHER,N,sonnet
42145,I_2,E3COLLECTIVEBLAME,N,sonnet
3953,I_2,E1VIOLENCE,N,sonnet
3953,I_2,E1RADICAL,N,sonnet
3953,I_2,E2ALLEGATION,N,sonnet
3953,I_2,E2DEHUMANIZATION,N,sonnet
3953,I_2,E2DEMONIZE,N,sonnet
3953,I_2,E2STEREOTYPE,N,sonnet
3953,I_2,E2COLLECTIVEPOWER,N,sonnet
3953,I_2,E2CONSPIRACY,N,sonnet
3953,I_2,E2CONTROLMEDIA,N,sonnet
3953,I_2,E2CONTROLECONOMY,N,sonnet
3953,I_2,E2CONTROLGOV,N,sonnet
3953,I_2,E2CONTROLOTHER,N,sonnet
3953,I_2,E3COLLECTIVEBLAME,N,sonnet
24559,I_2,E1VIOLENCE,N,sonnet
24559,I_2,E1RADICAL,N,sonnet
24559,I_2,E2ALLEGATION,N,sonnet
24559,I_2,E2DEHUMANIZATION,N,sonnet
24559,I_2,E2DEMONIZE,N,sonnet
24559,I_2,E2STEREOTYPE,N,sonnet
24559,I_2,E2COLLECTIVEPOWER,N,sonnet
24559,I_2,E2CONSPIRACY,N,sonnet
24559,I_2,E2CONTROLMEDIA,N,sonnet
24559,I_2,E2CONTROLECONOMY,N,sonnet
24559,I_2,E2CONTROLGOV,N,sonnet
24559,I_2,E2CONTROLOTHER,N,sonnet
24559,I_2,E3COLLECTIVEBLAME,N,sonnet
7723,I_2,E1VIOLENCE,N,sonnet
7723,I_2,E1RADICAL,N,sonnet
7723,I_2,E2ALLEGATION,N,sonnet
7723,I_2,E2DEHUMANIZATION,N,sonnet
7723,I_2,E2DEMONIZE,N,sonnet
7723,I_2,E2STEREOTYPE,N,sonnet
7723,I_2,E2COLLECTIVEPOWER,N,sonnet
7723,I_2,E2CONSPIRACY,N,sonnet
7723,I_2,E2CONTROLMEDIA,N,sonnet
7723,I_2,E2CONTROLECONOMY,N,sonnet
7723,I_2,E2CONTROLGOV,N,sonnet
7723,I_2,E2CONTROLOTHER,N,sonnet
7723,I_2,E3COLLECTIVEBLAME,N,sonnet
14836,I_2,E1VIOLENCE,I,sonnet
14836,I_2,E1RADICAL,N,sonnet
14836,I_2,E2ALLEGATION,I,sonnet
14836,I_2,E2DEHUMANIZATION,I,sonnet
14836,I_2,E2DEMONIZE,I,sonnet
14836,I_2,E2STEREOTYPE,I,sonnet
14836,I_2,E2COLLECTIVEPOWER,I,sonnet
14836,I_2,E2CONSPIRACY,I,sonnet
14836,I_2,E2CONTROLMEDIA,N,sonnet
14836,I_2,E2CONTROLECONOMY,N,sonnet
14836,I_2,E2CONTROLGOV,N,sonnet
14836,I_2,E2CONTROLOTHER,I,sonnet
14836,I_2,E3COLLECTIVEBLAME,N,sonnet
44588,I_2,E1VIOLENCE,N,sonnet
44588,I_2,E1RADICAL,N,sonnet
44588,I_2,E2ALLEGATION,E,sonnet
44588,I_2,E2DEHUMANIZATION,N,sonnet
44588,I_2,E2DEMONIZE,I,sonnet
44588,I_2,E2STEREOTYPE,I,sonnet
44588,I_2,E2COLLECTIVEPOWER,N,sonnet
44588,I_2,E2CONSPIRACY,N,sonnet
44588,I_2,E2CONTROLMEDIA,I,sonnet
44588,I_2,E2CONTROLECONOMY,N,sonnet
44588,I_2,E2CONTROLGOV,N,sonnet
44588,I_2,E2CONTROLOTHER,N,sonnet
44588,I_2,E3COLLECTIVEBLAME,N,sonnet
17989,I_2,E1VIOLENCE,N,sonnet
17989,I_2,E1RADICAL,N,sonnet
17989,I_2,E2ALLEGATION,N,sonnet
17989,I_2,E2DEHUMANIZATION,N,sonnet
17989,I_2,E2DEMONIZE,N,sonnet
17989,I_2,E2STEREOTYPE,N,sonnet
17989,I_2,E2COLLECTIVEPOWER,N,sonnet
17989,I_2,E2CONSPIRACY,N,sonnet
17989,I_2,E2CONTROLMEDIA,N,sonnet
17989,I_2,E2CONTROLECONOMY,N,sonnet
17989,I_2,E2CONTROLGOV,N,sonnet
17989,I_2,E2CONTROLOTHER,N,sonnet
17989,I_2,E3COLLECTIVEBLAME,N,sonnet
2624,I_2,E1VIOLENCE,N,sonnet
2624,I_2,E1RADICAL,N,sonnet
2624,I_2,E2ALLEGATION,I,sonnet
2624,I_2,E2DEHUMANIZATION,N,sonnet
2624,I_2,E2DEMONIZE,I,sonnet
2624,I_2,E2STEREOTYPE,I,sonnet
2624,I_2,E2COLLECTIVEPOWER,I,sonnet
2624,I_2,E2CONSPIRACY,I,sonnet
2624,I_2,E2CONTROLMEDIA,N,sonnet
2624,I_2,E2CONTROLECONOMY,N,sonnet
2624,I_2,E2CONTROLGOV,N,sonnet
2624,I_2,E2CONTROLOTHER,I,sonnet
2624,I_2,E3COLLECTIVEBLAME,N,sonnet
14314,I_2,E1VIOLENCE,I,sonnet
14314,I_2,E1RADICAL,N,sonnet
14314,I_2,E2ALLEGATION,N,sonnet
14314,I_2,E2DEHUMANIZATION,N,sonnet
14314,I_2,E2DEMONIZE,N,sonnet
14314,I_2,E2STEREOTYPE,N,sonnet
14314,I_2,E2COLLECTIVEPOWER,N,sonnet
14314,I_2,E2CONSPIRACY,N,sonnet
14314,I_2,E2CONTROLMEDIA,N,sonnet
14314,I_2,E2CONTROLECONOMY,N,sonnet
14314,I_2,E2CONTROLGOV,N,sonnet
14314,I_2,E2CONTROLOTHER,N,sonnet
14314,I_2,E3COLLECTIVEBLAME,N,sonnet
21201,I_2,E1VIOLENCE,N,sonnet
21201,I_2,E1RADICAL,N,sonnet
21201,I_2,E2ALLEGATION,N,sonnet
21201,I_2,E2DEHUMANIZATION,N,sonnet
21201,I_2,E2DEMONIZE,N,sonnet
21201,I_2,E2STEREOTYPE,N,sonnet
21201,I_2,E2COLLECTIVEPOWER,N,sonnet
21201,I_2,E2CONSPIRACY,N,sonnet
21201,I_2,E2CONTROLMEDIA,N,sonnet
21201,I_2,E2CONTROLECONOMY,N,sonnet
21201,I_2,E2CONTROLGOV,N,sonnet
21201,I_2,E2CONTROLOTHER,N,sonnet
21201,I_2,E3COLLECTIVEBLAME,N,sonnet
37556,I_2,E1VIOLENCE,N,sonnet
37556,I_2,E1RADICAL,N,sonnet
37556,I_2,E2ALLEGATION,N,sonnet
37556,I_2,E2DEHUMANIZATION,N,sonnet
37556,I_2,E2DEMONIZE,N,sonnet
37556,I_2,E2STEREOTYPE,N,sonnet
37556,I_2,E2COLLECTIVEPOWER,N,sonnet
37556,I_2,E2CONSPIRACY,N,sonnet
37556,I_2,E2CONTROLMEDIA,N,sonnet
37556,I_2,E2CONTROLECONOMY,N,sonnet
37556,I_2,E2CONTROLGOV,N,sonnet
37556,I_2,E2CONTROLOTHER,N,sonnet
37556,I_2,E3COLLECTIVEBLAME,N,sonnet
28857,I_2,E1VIOLENCE,A,sonnet
28857,I_2,E1RADICAL,N,sonnet
28857,I_2,E2ALLEGATION,A,sonnet
28857,I_2,E2DEHUMANIZATION,N,sonnet
28857,I_2,E2DEMONIZE,A,sonnet
28857,I_2,E2STEREOTYPE,N,sonnet
28857,I_2,E2COLLECTIVEPOWER,N,sonnet
28857,I_2,E2CONSPIRACY,N,sonnet
28857,I_2,E2CONTROLMEDIA,N,sonnet
28857,I_2,E2CONTROLECONOMY,N,sonnet
28857,I_2,E2CONTROLGOV,N,sonnet
28857,I_2,E2CONTROLOTHER,N,sonnet
28857,I_2,E3COLLECTIVEBLAME,A,sonnet
47005,I_2,E1VIOLENCE,N,sonnet
47005,I_2,E1RADICAL,N,sonnet
47005,I_2,E2ALLEGATION,N,sonnet
47005,I_2,E2DEHUMANIZATION,N,sonnet
47005,I_2,E2DEMONIZE,N,sonnet
47005,I_2,E2STEREOTYPE,N,sonnet
47005,I_2,E2COLLECTIVEPOWER,N,sonnet
47005,I_2,E2CONSPIRACY,N,sonnet
47005,I_2,E2CONTROLMEDIA,N,sonnet
47005,I_2,E2CONTROLECONOMY,N,sonnet
47005,I_2,E2CONTROLGOV,N,sonnet
47005,I_2,E2CONTROLOTHER,N,sonnet
47005,I_2,E3COLLECTIVEBLAME,N,sonnet
27197,I_2,E1VIOLENCE,N,sonnet
27197,I_2,E1RADICAL,N,sonnet
27197,I_2,E2ALLEGATION,N,sonnet
27197,I_2,E2DEHUMANIZATION,N,sonnet
27197,I_2,E2DEMONIZE,N,sonnet
27197,I_2,E2STEREOTYPE,N,sonnet
27197,I_2,E2COLLECTIVEPOWER,N,sonnet
27197,I_2,E2CONSPIRACY,N,sonnet
27197,I_2,E2CONTROLMEDIA,N,sonnet
27197,I_2,E2CONTROLECONOMY,N,sonnet
27197,I_2,E2CONTROLGOV,N,sonnet
27197,I_2,E2CONTROLOTHER,N,sonnet
27197,I_2,E3COLLECTIVEBLAME,N,sonnet
37934,I_2,E1VIOLENCE,I,sonnet
37934,I_2,E1RADICAL,N,sonnet
37934,I_2,E2ALLEGATION,N,sonnet
37934,I_2,E2DEHUMANIZATION,N,sonnet
37934,I_2,E2DEMONIZE,N,sonnet
37934,I_2,E2STEREOTYPE,I,sonnet
37934,I_2,E2COLLECTIVEPOWER,I,sonnet
37934,I_2,E2CONSPIRACY,I,sonnet
37934,I_2,E2CONTROLMEDIA,N,sonnet
37934,I_2,E2CONTROLECONOMY,N,sonnet
37934,I_2,E2CONTROLGOV,I,sonnet
37934,I_2,E2CONTROLOTHER,N,sonnet
37934,I_2,E3COLLECTIVEBLAME,N,sonnet
30126,I_2,E1VIOLENCE,N,sonnet
30126,I_2,E1RADICAL,N,sonnet
30126,I_2,E2ALLEGATION,N,sonnet
30126,I_2,E2DEHUMANIZATION,N,sonnet
30126,I_2,E2DEMONIZE,N,sonnet
30126,I_2,E2STEREOTYPE,N,sonnet
30126,I_2,E2COLLECTIVEPOWER,N,sonnet
30126,I_2,E2CONSPIRACY,N,sonnet
30126,I_2,E2CONTROLMEDIA,N,sonnet
30126,I_2,E2CONTROLECONOMY,N,sonnet
30126,I_2,E2CONTROLGOV,N,sonnet
30126,I_2,E2CONTROLOTHER,N,sonnet
30126,I_2,E3COLLECTIVEBLAME,N,sonnet
43138,I_2,E1VIOLENCE,N,sonnet
43138,I_2,E1RADICAL,N,sonnet
43138,I_2,E2ALLEGATION,E,sonnet
43138,I_2,E2DEHUMANIZATION,E,sonnet
43138,I_2,E2DEMONIZE,E,sonnet
43138,I_2,E2STEREOTYPE,E,sonnet
43138,I_2,E2COLLECTIVEPOWER,N,sonnet
43138,I_2,E2CONSPIRACY,N,sonnet
43138,I_2,E2CONTROLMEDIA,N,sonnet
43138,I_2,E2CONTROLECONOMY,N,sonnet
43138,I_2,E2CONTROLGOV,N,sonnet
43138,I_2,E2CONTROLOTHER,N,sonnet
43138,I_2,E3COLLECTIVEBLAME,E,sonnet
23944,I_2,E1VIOLENCE,N,sonnet
23944,I_2,E1RADICAL,N,sonnet
23944,I_2,E2ALLEGATION,I,sonnet
23944,I_2,E2DEHUMANIZATION,N,sonnet
23944,I_2,E2DEMONIZE,I,sonnet
23944,I_2,E2STEREOTYPE,N,sonnet
23944,I_2,E2COLLECTIVEPOWER,N,sonnet
23944,I_2,E2CONSPIRACY,N,sonnet
23944,I_2,E2CONTROLMEDIA,N,sonnet
23944,I_2,E2CONTROLECONOMY,N,sonnet
23944,I_2,E2CONTROLGOV,N,sonnet
23944,I_2,E2CONTROLOTHER,N,sonnet
23944,I_2,E3COLLECTIVEBLAME,N,sonnet
26790,I_2,E1VIOLENCE,I,sonnet
26790,I_2,E1RADICAL,I,sonnet
26790,I_2,E2ALLEGATION,N,sonnet
26790,I_2,E2DEHUMANIZATION,N,sonnet
26790,I_2,E2DEMONIZE,N,sonnet
26790,I_2,E2STEREOTYPE,N,sonnet
26790,I_2,E2COLLECTIVEPOWER,I,sonnet
26790,I_2,E2CONSPIRACY,N,sonnet
26790,I_2,E2CONTROLMEDIA,N,sonnet
26790,I_2,E2CONTROLECONOMY,I,sonnet
26790,I_2,E2CONTROLGOV,N,sonnet
26790,I_2,E2CONTROLOTHER,N,sonnet
26790,I_2,E3COLLECTIVEBLAME,N,sonnet
37352,I_2,E1VIOLENCE,N,sonnet
37352,I_2,E1RADICAL,N,sonnet
37352,I_2,E2ALLEGATION,N,sonnet
37352,I_2,E2DEHUMANIZATION,N,sonnet
37352,I_2,E2DEMONIZE,N,sonnet
37352,I_2,E2STEREOTYPE,N,sonnet
37352,I_2,E2COLLECTIVEPOWER,N,sonnet
37352,I_2,E2CONSPIRACY,N,sonnet
37352,I_2,E2CONTROLMEDIA,N,sonnet
37352,I_2,E2CONTROLECONOMY,N,sonnet
37352,I_2,E2CONTROLGOV,N,sonnet
37352,I_2,E2CONTROLOTHER,N,sonnet
37352,I_2,E3COLLECTIVEBLAME,N,sonnet
24778,I_2,E1VIOLENCE,N,sonnet
24778,I_2,E1RADICAL,N,sonnet
24778,I_2,E2ALLEGATION,N,sonnet
24778,I_2,E2DEHUMANIZATION,N,sonnet
24778,I_2,E2DEMONIZE,N,sonnet
24778,I_2,E2STEREOTYPE,N,sonnet
24778,I_2,E2COLLECTIVEPOWER,N,sonnet
24778,I_2,E2CONSPIRACY,N,sonnet
24778,I_2,E2CONTROLMEDIA,N,sonnet
24778,I_2,E2CONTROLECONOMY,N,sonnet
24778,I_2,E2CONTROLGOV,N,sonnet
24778,I_2,E2CONTROLOTHER,N,sonnet
24778,I_2,E3COLLECTIVEBLAME,N,sonnet
48803,I_2,E1VIOLENCE,I,sonnet
48803,I_2,E1RADICAL,N,sonnet
48803,I_2,E2ALLEGATION,I,sonnet
48803,I_2,E2DEHUMANIZATION,N,sonnet
48803,I_2,E2DEMONIZE,I,sonnet
48803,I_2,E2STEREOTYPE,N,sonnet
48803,I_2,E2COLLECTIVEPOWER,N,sonnet
48803,I_2,E2CONSPIRACY,N,sonnet
48803,I_2,E2CONTROLMEDIA,N,sonnet
48803,I_2,E2CONTROLECONOMY,N,sonnet
48803,I_2,E2CONTROLGOV,N,sonnet
48803,I_2,E2CONTROLOTHER,N,sonnet
48803,I_2,E3COLLECTIVEBLAME,N,sonnet
10660,I_2,E1VIOLENCE,E,sonnet
10660,I_2,E1RADICAL,N,sonnet
10660,I_2,E2ALLEGATION,N,sonnet
10660,I_2,E2DEHUMANIZATION,N,sonnet
10660,I_2,E2DEMONIZE,N,sonnet
10660,I_2,E2STEREOTYPE,N,sonnet
10660,I_2,E2COLLECTIVEPOWER,N,sonnet
10660,I_2,E2CONSPIRACY,N,sonnet
10660,I_2,E2CONTROLMEDIA,N,sonnet
10660,I_2,E2CONTROLECONOMY,N,sonnet
10660,I_2,E2CONTROLGOV,N,sonnet
10660,I_2,E2CONTROLOTHER,N,sonnet
10660,I_2,E3COLLECTIVEBLAME,N,sonnet
48310,I_2,E1VIOLENCE,N,sonnet
48310,I_2,E1RADICAL,N,sonnet
48310,I_2,E2ALLEGATION,N,sonnet
48310,I_2,E2DEHUMANIZATION,N,sonnet
48310,I_2,E2DEMONIZE,N,sonnet
48310,I_2,E2STEREOTYPE,N,sonnet
48310,I_2,E2COLLECTIVEPOWER,N,sonnet
48310,I_2,E2CONSPIRACY,N,sonnet
48310,I_2,E2CONTROLMEDIA,N,sonnet
48310,I_2,E2CONTROLECONOMY,N,sonnet
48310,I_2,E2CONTROLGOV,N,sonnet
48310,I_2,E2CONTROLOTHER,N,sonnet
48310,I_2,E3COLLECTIVEBLAME,N,sonnet
40521,I_2,E1VIOLENCE,N,sonnet
40521,I_2,E1RADICAL,N,sonnet
40521,I_2,E2ALLEGATION,N,sonnet
40521,I_2,E2DEHUMANIZATION,N,sonnet
40521,I_2,E2DEMONIZE,N,sonnet
40521,I_2,E2STEREOTYPE,I,sonnet
40521,I_2,E2COLLECTIVEPOWER,N,sonnet
40521,I_2,E2CONSPIRACY,N,sonnet
40521,I_2,E2CONTROLMEDIA,N,sonnet
40521,I_2,E2CONTROLECONOMY,N,sonnet
40521,I_2,E2CONTROLGOV,N,sonnet
40521,I_2,E2CONTROLOTHER,N,sonnet
40521,I_2,E3COLLECTIVEBLAME,N,sonnet
19854,I_2,E1VIOLENCE,I,sonnet
19854,I_2,E1RADICAL,E,sonnet
19854,I_2,E2ALLEGATION,N,sonnet
19854,I_2,E2DEHUMANIZATION,I,sonnet
19854,I_2,E2DEMONIZE,N,sonnet
19854,I_2,E2STEREOTYPE,I,sonnet
19854,I_2,E2COLLECTIVEPOWER,N,sonnet
19854,I_2,E2CONSPIRACY,N,sonnet
19854,I_2,E2CONTROLMEDIA,N,sonnet
19854,I_2,E2CONTROLECONOMY,N,sonnet
19854,I_2,E2CONTROLGOV,N,sonnet
19854,I_2,E2CONTROLOTHER,N,sonnet
19854,I_2,E3COLLECTIVEBLAME,N,sonnet
30827,I_2,E1VIOLENCE,N,sonnet
30827,I_2,E1RADICAL,N,sonnet
30827,I_2,E2ALLEGATION,N,sonnet
30827,I_2,E2DEHUMANIZATION,N,sonnet
30827,I_2,E2DEMONIZE,N,sonnet
30827,I_2,E2STEREOTYPE,N,sonnet
30827,I_2,E2COLLECTIVEPOWER,N,sonnet
30827,I_2,E2CONSPIRACY,N,sonnet
30827,I_2,E2CONTROLMEDIA,N,sonnet
30827,I_2,E2CONTROLECONOMY,N,sonnet
30827,I_2,E2CONTROLGOV,N,sonnet
30827,I_2,E2CONTROLOTHER,N,sonnet
30827,I_2,E3COLLECTIVEBLAME,N,sonnet
27576,I_2,E1VIOLENCE,N,sonnet
27576,I_2,E1RADICAL,N,sonnet
27576,I_2,E2ALLEGATION,N,sonnet
27576,I_2,E2DEHUMANIZATION,N,sonnet
27576,I_2,E2DEMONIZE,N,sonnet
27576,I_2,E2STEREOTYPE,N,sonnet
27576,I_2,E2COLLECTIVEPOWER,N,sonnet
27576,I_2,E2CONSPIRACY,N,sonnet
27576,I_2,E2CONTROLMEDIA,N,sonnet
27576,I_2,E2CONTROLECONOMY,N,sonnet
27576,I_2,E2CONTROLGOV,N,sonnet
27576,I_2,E2CONTROLOTHER,N,sonnet
27576,I_2,E3COLLECTIVEBLAME,N,sonnet
48295,I_2,E1VIOLENCE,N,sonnet
48295,I_2,E1RADICAL,N,sonnet
48295,I_2,E2ALLEGATION,N,sonnet
48295,I_2,E2DEHUMANIZATION,N,sonnet
48295,I_2,E2DEMONIZE,N,sonnet
48295,I_2,E2STEREOTYPE,N,sonnet
48295,I_2,E2COLLECTIVEPOWER,N,sonnet
48295,I_2,E2CONSPIRACY,N,sonnet
48295,I_2,E2CONTROLMEDIA,N,sonnet
48295,I_2,E2CONTROLECONOMY,N,sonnet
48295,I_2,E2CONTROLGOV,N,sonnet
48295,I_2,E2CONTROLOTHER,N,sonnet
48295,I_2,E3COLLECTIVEBLAME,N,sonnet
34276,I_2,E1VIOLENCE,N,sonnet
34276,I_2,E1RADICAL,N,sonnet
34276,I_2,E2ALLEGATION,N,sonnet
34276,I_2,E2DEHUMANIZATION,N,sonnet
34276,I_2,E2DEMONIZE,N,sonnet
34276,I_2,E2STEREOTYPE,N,sonnet
34276,I_2,E2COLLECTIVEPOWER,N,sonnet
34276,I_2,E2CONSPIRACY,N,sonnet
34276,I_2,E2CONTROLMEDIA,N,sonnet
34276,I_2,E2CONTROLECONOMY,N,sonnet
34276,I_2,E2CONTROLGOV,N,sonnet
34276,I_2,E2CONTROLOTHER,N,sonnet
34276,I_2,E3COLLECTIVEBLAME,N,sonnet
47178,I_2,E1VIOLENCE,N,sonnet
47178,I_2,E1RADICAL,N,sonnet
47178,I_2,E2ALLEGATION,N,sonnet
47178,I_2,E2DEHUMANIZATION,N,sonnet
47178,I_2,E2DEMONIZE,N,sonnet
47178,I_2,E2STEREOTYPE,N,sonnet
47178,I_2,E2COLLECTIVEPOWER,N,sonnet
47178,I_2,E2CONSPIRACY,N,sonnet
47178,I_2,E2CONTROLMEDIA,N,sonnet
47178,I_2,E2CONTROLECONOMY,N,sonnet
47178,I_2,E2CONTROLGOV,N,sonnet
47178,I_2,E2CONTROLOTHER,N,sonnet
47178,I_2,E3COLLECTIVEBLAME,N,sonnet
20051,I_2,E1VIOLENCE,N,sonnet
20051,I_2,E1RADICAL,N,sonnet
20051,I_2,E2ALLEGATION,N,sonnet
20051,I_2,E2DEHUMANIZATION,N,sonnet
20051,I_2,E2DEMONIZE,N,sonnet
20051,I_2,E2STEREOTYPE,N,sonnet
20051,I_2,E2COLLECTIVEPOWER,N,sonnet
20051,I_2,E2CONSPIRACY,N,sonnet
20051,I_2,E2CONTROLMEDIA,N,sonnet
20051,I_2,E2CONTROLECONOMY,N,sonnet
20051,I_2,E2CONTROLGOV,N,sonnet
20051,I_2,E2CONTROLOTHER,N,sonnet
20051,I_2,E3COLLECTIVEBLAME,N,sonnet
14144,I_2,E1VIOLENCE,N,sonnet
14144,I_2,E1RADICAL,N,sonnet
14144,I_2,E2ALLEGATION,N,sonnet
14144,I_2,E2DEHUMANIZATION,N,sonnet
14144,I_2,E2DEMONIZE,N,sonnet
14144,I_2,E2STEREOTYPE,N,sonnet
14144,I_2,E2COLLECTIVEPOWER,N,sonnet
14144,I_2,E2CONSPIRACY,N,sonnet
14144,I_2,E2CONTROLMEDIA,N,sonnet
14144,I_2,E2CONTROLECONOMY,N,sonnet
14144,I_2,E2CONTROLGOV,N,sonnet
14144,I_2,E2CONTROLOTHER,N,sonnet
14144,I_2,E3COLLECTIVEBLAME,N,sonnet
30344,I_2,E1VIOLENCE,I,sonnet
30344,I_2,E1RADICAL,N,sonnet
30344,I_2,E2ALLEGATION,N,sonnet
30344,I_2,E2DEHUMANIZATION,N,sonnet
30344,I_2,E2DEMONIZE,N,sonnet
30344,I_2,E2STEREOTYPE,N,sonnet
30344,I_2,E2COLLECTIVEPOWER,N,sonnet
30344,I_2,E2CONSPIRACY,N,sonnet
30344,I_2,E2CONTROLMEDIA,N,sonnet
30344,I_2,E2CONTROLECONOMY,N,sonnet
30344,I_2,E2CONTROLGOV,N,sonnet
30344,I_2,E2CONTROLOTHER,N,sonnet
30344,I_2,E3COLLECTIVEBLAME,N,sonnet
41889,I_2,E1VIOLENCE,N,sonnet
41889,I_2,E1RADICAL,N,sonnet
41889,I_2,E2ALLEGATION,N,sonnet
41889,I_2,E2DEHUMANIZATION,N,sonnet
41889,I_2,E2DEMONIZE,N,sonnet
41889,I_2,E2STEREOTYPE,N,sonnet
41889,I_2,E2COLLECTIVEPOWER,N,sonnet
41889,I_2,E2CONSPIRACY,N,sonnet
41889,I_2,E2CONTROLMEDIA,N,sonnet
41889,I_2,E2CONTROLECONOMY,N,sonnet
41889,I_2,E2CONTROLGOV,N,sonnet
41889,I_2,E2CONTROLOTHER,N,sonnet
41889,I_2,E3COLLECTIVEBLAME,N,sonnet
8897,I_2,E1VIOLENCE,N,sonnet
8897,I_2,E1RADICAL,N,sonnet
8897,I_2,E2ALLEGATION,N,sonnet
8897,I_2,E2DEHUMANIZATION,I,sonnet
8897,I_2,E2DEMONIZE,N,sonnet
8897,I_2,E2STEREOTYPE,N,sonnet
8897,I_2,E2COLLECTIVEPOWER,N,sonnet
8897,I_2,E2CONSPIRACY,N,sonnet
8897,I_2,E2CONTROLMEDIA,N,sonnet
8897,I_2,E2CONTROLECONOMY,N,sonnet
8897,I_2,E2CONTROLGOV,N,sonnet
8897,I_2,E2CONTROLOTHER,N,sonnet
8897,I_2,E3COLLECTIVEBLAME,N,sonnet
10768,I_2,E1VIOLENCE,N,sonnet
10768,I_2,E1RADICAL,N,sonnet
10768,I_2,E2ALLEGATION,N,sonnet
10768,I_2,E2DEHUMANIZATION,N,sonnet
10768,I_2,E2DEMONIZE,N,sonnet
10768,I_2,E2STEREOTYPE,N,sonnet
10768,I_2,E2COLLECTIVEPOWER,N,sonnet
10768,I_2,E2CONSPIRACY,N,sonnet
10768,I_2,E2CONTROLMEDIA,N,sonnet
10768,I_2,E2CONTROLECONOMY,N,sonnet
10768,I_2,E2CONTROLGOV,N,sonnet
10768,I_2,E2CONTROLOTHER,N,sonnet
10768,I_2,E3COLLECTIVEBLAME,N,sonnet
49490,I_2,E1VIOLENCE,N,sonnet
49490,I_2,E1RADICAL,N,sonnet
49490,I_2,E2ALLEGATION,N,sonnet
49490,I_2,E2DEHUMANIZATION,N,sonnet
49490,I_2,E2DEMONIZE,N,sonnet
49490,I_2,E2STEREOTYPE,N,sonnet
49490,I_2,E2COLLECTIVEPOWER,N,sonnet
49490,I_2,E2CONSPIRACY,N,sonnet
49490,I_2,E2CONTROLMEDIA,N,sonnet
49490,I_2,E2CONTROLECONOMY,N,sonnet
49490,I_2,E2CONTROLGOV,N,sonnet
49490,I_2,E2CONTROLOTHER,N,sonnet
49490,I_2,E3COLLECTIVEBLAME,N,sonnet
1063,I_2,E1VIOLENCE,N,sonnet
1063,I_2,E1RADICAL,N,sonnet
1063,I_2,E2ALLEGATION,N,sonnet
1063,I_2,E2DEHUMANIZATION,N,sonnet
1063,I_2,E2DEMONIZE,N,sonnet
1063,I_2,E2STEREOTYPE,N,sonnet
1063,I_2,E2COLLECTIVEPOWER,N,sonnet
1063,I_2,E2CONSPIRACY,N,sonnet
1063,I_2,E2CONTROLMEDIA,N,sonnet
1063,I_2,E2CONTROLECONOMY,N,sonnet
1063,I_2,E2CONTROLGOV,N,sonnet
1063,I_2,E2CONTROLOTHER,N,sonnet
1063,I_2,E3COLLECTIVEBLAME,N,sonnet
7085,I_2,E1VIOLENCE,N,sonnet
7085,I_2,E1RADICAL,N,sonnet
7085,I_2,E2ALLEGATION,N,sonnet
7085,I_2,E2DEHUMANIZATION,N,sonnet
7085,I_2,E2DEMONIZE,N,sonnet
7085,I_2,E2STEREOTYPE,N,sonnet
7085,I_2,E2COLLECTIVEPOWER,N,sonnet
7085,I_2,E2CONSPIRACY,N,sonnet
7085,I_2,E2CONTROLMEDIA,N,sonnet
7085,I_2,E2CONTROLECONOMY,N,sonnet
7085,I_2,E2CONTROLGOV,N,sonnet
7085,I_2,E2CONTROLOTHER,N,sonnet
7085,I_2,E3COLLECTIVEBLAME,N,sonnet
28379,I_2,E1VIOLENCE,A,sonnet
28379,I_2,E1RADICAL,A,sonnet
28379,I_2,E2ALLEGATION,N,sonnet
28379,I_2,E2DEHUMANIZATION,N,sonnet
28379,I_2,E2DEMONIZE,N,sonnet
28379,I_2,E2STEREOTYPE,N,sonnet
28379,I_2,E2COLLECTIVEPOWER,N,sonnet
28379,I_2,E2CONSPIRACY,N,sonnet
28379,I_2,E2CONTROLMEDIA,N,sonnet
28379,I_2,E2CONTROLECONOMY,N,sonnet
28379,I_2,E2CONTROLGOV,N,sonnet
28379,I_2,E2CONTROLOTHER,N,sonnet
28379,I_2,E3COLLECTIVEBLAME,N,sonnet
16812,I_2,E1VIOLENCE,N,sonnet
16812,I_2,E1RADICAL,N,sonnet
16812,I_2,E2ALLEGATION,E,sonnet
16812,I_2,E2DEHUMANIZATION,E,sonnet
16812,I_2,E2DEMONIZE,E,sonnet
16812,I_2,E2STEREOTYPE,E,sonnet
16812,I_2,E2COLLECTIVEPOWER,N,sonnet
16812,I_2,E2CONSPIRACY,N,sonnet
16812,I_2,E2CONTROLMEDIA,N,sonnet
16812,I_2,E2CONTROLECONOMY,N,sonnet
16812,I_2,E2CONTROLGOV,N,sonnet
16812,I_2,E2CONTROLOTHER,N,sonnet
16812,I_2,E3COLLECTIVEBLAME,E,sonnet
48548,I_2,E1VIOLENCE,N,sonnet
48548,I_2,E1RADICAL,N,sonnet
48548,I_2,E2ALLEGATION,N,sonnet
48548,I_2,E2DEHUMANIZATION,N,sonnet
48548,I_2,E2DEMONIZE,N,sonnet
48548,I_2,E2STEREOTYPE,N,sonnet
48548,I_2,E2COLLECTIVEPOWER,N,sonnet
48548,I_2,E2CONSPIRACY,N,sonnet
48548,I_2,E2CONTROLMEDIA,N,sonnet
48548,I_2,E2CONTROLECONOMY,N,sonnet
48548,I_2,E2CONTROLGOV,N,sonnet
48548,I_2,E2CONTROLOTHER,N,sonnet
48548,I_2,E3COLLECTIVEBLAME,N,sonnet
32861,I_2,E1VIOLENCE,N,sonnet
32861,I_2,E1RADICAL,N,sonnet
32861,I_2,E2ALLEGATION,N,sonnet
32861,I_2,E2DEHUMANIZATION,N,sonnet
32861,I_2,E2DEMONIZE,N,sonnet
32861,I_2,E2STEREOTYPE,N,sonnet
32861,I_2,E2COLLECTIVEPOWER,N,sonnet
32861,I_2,E2CONSPIRACY,N,sonnet
32861,I_2,E2CONTROLMEDIA,N,sonnet
32861,I_2,E2CONTROLECONOMY,N,sonnet
32861,I_2,E2CONTROLGOV,N,sonnet
32861,I_2,E2CONTROLOTHER,N,sonnet
32861,I_2,E3COLLECTIVEBLAME,N,sonnet
15691,I_2,E1VIOLENCE,A,sonnet
15691,I_2,E1RADICAL,A,sonnet
15691,I_2,E2ALLEGATION,N,sonnet
15691,I_2,E2DEHUMANIZATION,N,sonnet
15691,I_2,E2DEMONIZE,N,sonnet
15691,I_2,E2STEREOTYPE,N,sonnet
15691,I_2,E2COLLECTIVEPOWER,N,sonnet
15691,I_2,E2CONSPIRACY,N,sonnet
15691,I_2,E2CONTROLMEDIA,N,sonnet
15691,I_2,E2CONTROLECONOMY,N,sonnet
15691,I_2,E2CONTROLGOV,N,sonnet
15691,I_2,E2CONTROLOTHER,N,sonnet
15691,I_2,E3COLLECTIVEBLAME,N,sonnet
28983,I_2,E1VIOLENCE,N,sonnet
28983,I_2,E1RADICAL,N,sonnet
28983,I_2,E2ALLEGATION,N,sonnet
28983,I_2,E2DEHUMANIZATION,N,sonnet
28983,I_2,E2DEMONIZE,N,sonnet
28983,I_2,E2STEREOTYPE,N,sonnet
28983,I_2,E2COLLECTIVEPOWER,N,sonnet
28983,I_2,E2CONSPIRACY,N,sonnet
28983,I_2,E2CONTROLMEDIA,N,sonnet
28983,I_2,E2CONTROLECONOMY,N,sonnet
28983,I_2,E2CONTROLGOV,N,sonnet
28983,I_2,E2CONTROLOTHER,N,sonnet
28983,I_2,E3COLLECTIVEBLAME,N,sonnet
43141,I_2,E1VIOLENCE,N,sonnet
43141,I_2,E1RADICAL,N,sonnet
43141,I_2,E2ALLEGATION,N,sonnet
43141,I_2,E2DEHUMANIZATION,N,sonnet
43141,I_2,E2DEMONIZE,N,sonnet
43141,I_2,E2STEREOTYPE,N,sonnet
43141,I_2,E2COLLECTIVEPOWER,N,sonnet
43141,I_2,E2CONSPIRACY,N,sonnet
43141,I_2,E2CONTROLMEDIA,N,sonnet
43141,I_2,E2CONTROLECONOMY,N,sonnet
43141,I_2,E2CONTROLGOV,N,sonnet
43141,I_2,E2CONTROLOTHER,N,sonnet
43141,I_2,E3COLLECTIVEBLAME,N,sonnet
27773,I_2,E1VIOLENCE,N,sonnet
27773,I_2,E1RADICAL,N,sonnet
27773,I_2,E2ALLEGATION,N,sonnet
27773,I_2,E2DEHUMANIZATION,N,sonnet
27773,I_2,E2DEMONIZE,N,sonnet
27773,I_2,E2STEREOTYPE,N,sonnet
27773,I_2,E2COLLECTIVEPOWER,N,sonnet
27773,I_2,E2CONSPIRACY,N,sonnet
27773,I_2,E2CONTROLMEDIA,N,sonnet
27773,I_2,E2CONTROLECONOMY,N,sonnet
27773,I_2,E2CONTROLGOV,N,sonnet
27773,I_2,E2CONTROLOTHER,N,sonnet
27773,I_2,E3COLLECTIVEBLAME,N,sonnet
29788,I_2,E1VIOLENCE,N,sonnet
29788,I_2,E1RADICAL,N,sonnet
29788,I_2,E2ALLEGATION,N,sonnet
29788,I_2,E2DEHUMANIZATION,N,sonnet
29788,I_2,E2DEMONIZE,N,sonnet
29788,I_2,E2STEREOTYPE,N,sonnet
29788,I_2,E2COLLECTIVEPOWER,N,sonnet
29788,I_2,E2CONSPIRACY,N,sonnet
29788,I_2,E2CONTROLMEDIA,N,sonnet
29788,I_2,E2CONTROLECONOMY,N,sonnet
29788,I_2,E2CONTROLGOV,N,sonnet
29788,I_2,E2CONTROLOTHER,N,sonnet
29788,I_2,E3COLLECTIVEBLAME,N,sonnet
10146,I_2,E1VIOLENCE,N,sonnet
10146,I_2,E1RADICAL,N,sonnet
10146,I_2,E2ALLEGATION,N,sonnet
10146,I_2,E2DEHUMANIZATION,N,sonnet
10146,I_2,E2DEMONIZE,N,sonnet
10146,I_2,E2STEREOTYPE,N,sonnet
10146,I_2,E2COLLECTIVEPOWER,N,sonnet
10146,I_2,E2CONSPIRACY,N,sonnet
10146,I_2,E2CONTROLMEDIA,N,sonnet
10146,I_2,E2CONTROLECONOMY,N,sonnet
10146,I_2,E2CONTROLGOV,N,sonnet
10146,I_2,E2CONTROLOTHER,N,sonnet
10146,I_2,E3COLLECTIVEBLAME,N,sonnet
10729,I_2,E1VIOLENCE,N,sonnet
10729,I_2,E1RADICAL,N,sonnet
10729,I_2,E2ALLEGATION,N,sonnet
10729,I_2,E2DEHUMANIZATION,N,sonnet
10729,I_2,E2DEMONIZE,N,sonnet
10729,I_2,E2STEREOTYPE,N,sonnet
10729,I_2,E2COLLECTIVEPOWER,N,sonnet
10729,I_2,E2CONSPIRACY,N,sonnet
10729,I_2,E2CONTROLMEDIA,N,sonnet
10729,I_2,E2CONTROLECONOMY,N,sonnet
10729,I_2,E2CONTROLGOV,N,sonnet
10729,I_2,E2CONTROLOTHER,N,sonnet
10729,I_2,E3COLLECTIVEBLAME,N,sonnet
44583,I_2,E1VIOLENCE,N,sonnet
44583,I_2,E1RADICAL,N,sonnet
44583,I_2,E2ALLEGATION,N,sonnet
44583,I_2,E2DEHUMANIZATION,N,sonnet
44583,I_2,E2DEMONIZE,N,sonnet
44583,I_2,E2STEREOTYPE,N,sonnet
44583,I_2,E2COLLECTIVEPOWER,N,sonnet
44583,I_2,E2CONSPIRACY,N,sonnet
44583,I_2,E2CONTROLMEDIA,N,sonnet
44583,I_2,E2CONTROLECONOMY,N,sonnet
44583,I_2,E2CONTROLGOV,N,sonnet
44583,I_2,E2CONTROLOTHER,N,sonnet
44583,I_2,E3COLLECTIVEBLAME,N,sonnet
23296,I_2,E1VIOLENCE,N,sonnet
23296,I_2,E1RADICAL,N,sonnet
23296,I_2,E2ALLEGATION,N,sonnet
23296,I_2,E2DEHUMANIZATION,N,sonnet
23296,I_2,E2DEMONIZE,N,sonnet
23296,I_2,E2STEREOTYPE,N,sonnet
23296,I_2,E2COLLECTIVEPOWER,N,sonnet
23296,I_2,E2CONSPIRACY,N,sonnet
23296,I_2,E2CONTROLMEDIA,N,sonnet
23296,I_2,E2CONTROLECONOMY,N,sonnet
23296,I_2,E2CONTROLGOV,N,sonnet
23296,I_2,E2CONTROLOTHER,N,sonnet
23296,I_2,E3COLLECTIVEBLAME,N,sonnet
29453,I_2,E1VIOLENCE,N,sonnet
29453,I_2,E1RADICAL,N,sonnet
29453,I_2,E2ALLEGATION,N,sonnet
29453,I_2,E2DEHUMANIZATION,N,sonnet
29453,I_2,E2DEMONIZE,N,sonnet
29453,I_2,E2STEREOTYPE,N,sonnet
29453,I_2,E2COLLECTIVEPOWER,N,sonnet
29453,I_2,E2CONSPIRACY,N,sonnet
29453,I_2,E2CONTROLMEDIA,N,sonnet
29453,I_2,E2CONTROLECONOMY,N,sonnet
29453,I_2,E2CONTROLGOV,N,sonnet
29453,I_2,E2CONTROLOTHER,N,sonnet
29453,I_2,E3COLLECTIVEBLAME,N,sonnet
9874,I_2,E1VIOLENCE,N,sonnet
9874,I_2,E1RADICAL,N,sonnet
9874,I_2,E2ALLEGATION,N,sonnet
9874,I_2,E2DEHUMANIZATION,N,sonnet
9874,I_2,E2DEMONIZE,N,sonnet
9874,I_2,E2STEREOTYPE,N,sonnet
9874,I_2,E2COLLECTIVEPOWER,N,sonnet
9874,I_2,E2CONSPIRACY,N,sonnet
9874,I_2,E2CONTROLMEDIA,N,sonnet
9874,I_2,E2CONTROLECONOMY,N,sonnet
9874,I_2,E2CONTROLGOV,N,sonnet
9874,I_2,E2CONTROLOTHER,N,sonnet
9874,I_2,E3COLLECTIVEBLAME,N,sonnet
10690,I_2,E1VIOLENCE,N,sonnet
10690,I_2,E1RADICAL,N,sonnet
10690,I_2,E2ALLEGATION,I,sonnet
10690,I_2,E2DEHUMANIZATION,N,sonnet
10690,I_2,E2DEMONIZE,N,sonnet
10690,I_2,E2STEREOTYPE,I,sonnet
10690,I_2,E2COLLECTIVEPOWER,N,sonnet
10690,I_2,E2CONSPIRACY,N,sonnet
10690,I_2,E2CONTROLMEDIA,N,sonnet
10690,I_2,E2CONTROLECONOMY,N,sonnet
10690,I_2,E2CONTROLGOV,N,sonnet
10690,I_2,E2CONTROLOTHER,N,sonnet
10690,I_2,E3COLLECTIVEBLAME,N,sonnet
42572,I_2,E1VIOLENCE,N,sonnet
42572,I_2,E1RADICAL,N,sonnet
42572,I_2,E2ALLEGATION,N,sonnet
42572,I_2,E2DEHUMANIZATION,N,sonnet
42572,I_2,E2DEMONIZE,N,sonnet
42572,I_2,E2STEREOTYPE,N,sonnet
42572,I_2,E2COLLECTIVEPOWER,N,sonnet
42572,I_2,E2CONSPIRACY,N,sonnet
42572,I_2,E2CONTROLMEDIA,N,sonnet
42572,I_2,E2CONTROLECONOMY,N,sonnet
42572,I_2,E2CONTROLGOV,N,sonnet
42572,I_2,E2CONTROLOTHER,N,sonnet
42572,I_2,E3COLLECTIVEBLAME,N,sonnet
10381,I_2,E1VIOLENCE,N,sonnet
10381,I_2,E1RADICAL,N,sonnet
10381,I_2,E2ALLEGATION,N,sonnet
10381,I_2,E2DEHUMANIZATION,N,sonnet
10381,I_2,E2DEMONIZE,N,sonnet
10381,I_2,E2STEREOTYPE,N,sonnet
10381,I_2,E2COLLECTIVEPOWER,N,sonnet
10381,I_2,E2CONSPIRACY,N,sonnet
10381,I_2,E2CONTROLMEDIA,N,sonnet
10381,I_2,E2CONTROLECONOMY,N,sonnet
10381,I_2,E2CONTROLGOV,N,sonnet
10381,I_2,E2CONTROLOTHER,N,sonnet
10381,I_2,E3COLLECTIVEBLAME,N,sonnet
42167,I_2,E1VIOLENCE,N,sonnet
42167,I_2,E1RADICAL,N,sonnet
42167,I_2,E2ALLEGATION,E,sonnet
42167,I_2,E2DEHUMANIZATION,E,sonnet
42167,I_2,E2DEMONIZE,E,sonnet
42167,I_2,E2STEREOTYPE,E,sonnet
42167,I_2,E2COLLECTIVEPOWER,N,sonnet
42167,I_2,E2CONSPIRACY,N,sonnet
42167,I_2,E2CONTROLMEDIA,N,sonnet
42167,I_2,E2CONTROLECONOMY,N,sonnet
42167,I_2,E2CONTROLGOV,N,sonnet
42167,I_2,E2CONTROLOTHER,N,sonnet
42167,I_2,E3COLLECTIVEBLAME,N,sonnet
46809,I_2,E1VIOLENCE,N,sonnet
46809,I_2,E1RADICAL,N,sonnet
46809,I_2,E2ALLEGATION,E,sonnet
46809,I_2,E2DEHUMANIZATION,E,sonnet
46809,I_2,E2DEMONIZE,E,sonnet
46809,I_2,E2STEREOTYPE,I,sonnet
46809,I_2,E2COLLECTIVEPOWER,E,sonnet
46809,I_2,E2CONSPIRACY,I,sonnet
46809,I_2,E2CONTROLMEDIA,N,sonnet
46809,I_2,E2CONTROLECONOMY,N,sonnet
46809,I_2,E2CONTROLGOV,E,sonnet
46809,I_2,E2CONTROLOTHER,N,sonnet
46809,I_2,E3COLLECTIVEBLAME,N,sonnet
20477,I_2,E1VIOLENCE,I,sonnet
20477,I_2,E1RADICAL,I,sonnet
20477,I_2,E2ALLEGATION,N,sonnet
20477,I_2,E2DEHUMANIZATION,N,sonnet
20477,I_2,E2DEMONIZE,I,sonnet
20477,I_2,E2STEREOTYPE,N,sonnet
20477,I_2,E2COLLECTIVEPOWER,N,sonnet
20477,I_2,E2CONSPIRACY,N,sonnet
20477,I_2,E2CONTROLMEDIA,N,sonnet
20477,I_2,E2CONTROLECONOMY,N,sonnet
20477,I_2,E2CONTROLGOV,N,sonnet
20477,I_2,E2CONTROLOTHER,N,sonnet
20477,I_2,E3COLLECTIVEBLAME,N,sonnet
6896,I_2,E1VIOLENCE,N,sonnet
6896,I_2,E1RADICAL,N,sonnet
6896,I_2,E2ALLEGATION,N,sonnet
6896,I_2,E2DEHUMANIZATION,N,sonnet
6896,I_2,E2DEMONIZE,N,sonnet
6896,I_2,E2STEREOTYPE,N,sonnet
6896,I_2,E2COLLECTIVEPOWER,N,sonnet
6896,I_2,E2CONSPIRACY,N,sonnet
6896,I_2,E2CONTROLMEDIA,N,sonnet
6896,I_2,E2CONTROLECONOMY,N,sonnet
6896,I_2,E2CONTROLGOV,N,sonnet
6896,I_2,E2CONTROLOTHER,N,sonnet
6896,I_2,E3COLLECTIVEBLAME,N,sonnet
17926,I_2,E1VIOLENCE,N,sonnet
17926,I_2,E1RADICAL,N,sonnet
17926,I_2,E2ALLEGATION,N,sonnet
17926,I_2,E2DEHUMANIZATION,N,sonnet
17926,I_2,E2DEMONIZE,N,sonnet
17926,I_2,E2STEREOTYPE,N,sonnet
17926,I_2,E2COLLECTIVEPOWER,N,sonnet
17926,I_2,E2CONSPIRACY,N,sonnet
17926,I_2,E2CONTROLMEDIA,N,sonnet
17926,I_2,E2CONTROLECONOMY,N,sonnet
17926,I_2,E2CONTROLGOV,N,sonnet
17926,I_2,E2CONTROLOTHER,N,sonnet
17926,I_2,E3COLLECTIVEBLAME,N,sonnet
31888,I_2,E1VIOLENCE,N,sonnet
31888,I_2,E1RADICAL,N,sonnet
31888,I_2,E2ALLEGATION,N,sonnet
31888,I_2,E2DEHUMANIZATION,N,sonnet
31888,I_2,E2DEMONIZE,N,sonnet
31888,I_2,E2STEREOTYPE,N,sonnet
31888,I_2,E2COLLECTIVEPOWER,N,sonnet
31888,I_2,E2CONSPIRACY,N,sonnet
31888,I_2,E2CONTROLMEDIA,N,sonnet
31888,I_2,E2CONTROLECONOMY,N,sonnet
31888,I_2,E2CONTROLGOV,N,sonnet
31888,I_2,E2CONTROLOTHER,N,sonnet
31888,I_2,E3COLLECTIVEBLAME,N,sonnet
20004,I_2,E1VIOLENCE,N,sonnet
20004,I_2,E1RADICAL,N,sonnet
20004,I_2,E2ALLEGATION,N,sonnet
20004,I_2,E2DEHUMANIZATION,N,sonnet
20004,I_2,E2DEMONIZE,N,sonnet
20004,I_2,E2STEREOTYPE,N,sonnet
20004,I_2,E2COLLECTIVEPOWER,N,sonnet
20004,I_2,E2CONSPIRACY,N,sonnet
20004,I_2,E2CONTROLMEDIA,N,sonnet
20004,I_2,E2CONTROLECONOMY,N,sonnet
20004,I_2,E2CONTROLGOV,N,sonnet
20004,I_2,E2CONTROLOTHER,N,sonnet
20004,I_2,E3COLLECTIVEBLAME,N,sonnet
25151,I_2,E1VIOLENCE,N,sonnet
25151,I_2,E1RADICAL,N,sonnet
25151,I_2,E2ALLEGATION,N,sonnet
25151,I_2,E2DEHUMANIZATION,N,sonnet
25151,I_2,E2DEMONIZE,N,sonnet
25151,I_2,E2STEREOTYPE,N,sonnet
25151,I_2,E2COLLECTIVEPOWER,N,sonnet
25151,I_2,E2CONSPIRACY,N,sonnet
25151,I_2,E2CONTROLMEDIA,N,sonnet
25151,I_2,E2CONTROLECONOMY,N,sonnet
25151,I_2,E2CONTROLGOV,N,sonnet
25151,I_2,E2CONTROLOTHER,N,sonnet
25151,I_2,E3COLLECTIVEBLAME,N,sonnet
24355,I_2,E1VIOLENCE,E,sonnet
24355,I_2,E1RADICAL,E,sonnet
24355,I_2,E2ALLEGATION,N,sonnet
24355,I_2,E2DEHUMANIZATION,N,sonnet
24355,I_2,E2DEMONIZE,N,sonnet
24355,I_2,E2STEREOTYPE,N,sonnet
24355,I_2,E2COLLECTIVEPOWER,N,sonnet
24355,I_2,E2CONSPIRACY,N,sonnet
24355,I_2,E2CONTROLMEDIA,N,sonnet
24355,I_2,E2CONTROLECONOMY,N,sonnet
24355,I_2,E2CONTROLGOV,N,sonnet
24355,I_2,E2CONTROLOTHER,N,sonnet
24355,I_2,E3COLLECTIVEBLAME,N,sonnet
31274,I_2,E1VIOLENCE,N,sonnet
31274,I_2,E1RADICAL,N,sonnet
31274,I_2,E2ALLEGATION,N,sonnet
31274,I_2,E2DEHUMANIZATION,N,sonnet
31274,I_2,E2DEMONIZE,N,sonnet
31274,I_2,E2STEREOTYPE,N,sonnet
31274,I_2,E2COLLECTIVEPOWER,N,sonnet
31274,I_2,E2CONSPIRACY,N,sonnet
31274,I_2,E2CONTROLMEDIA,N,sonnet
31274,I_2,E2CONTROLECONOMY,N,sonnet
31274,I_2,E2CONTROLGOV,N,sonnet
31274,I_2,E2CONTROLOTHER,N,sonnet
31274,I_2,E3COLLECTIVEBLAME,N,sonnet
48567,I_2,E1VIOLENCE,N,sonnet
48567,I_2,E1RADICAL,N,sonnet
48567,I_2,E2ALLEGATION,N,sonnet
48567,I_2,E2DEHUMANIZATION,N,sonnet
48567,I_2,E2DEMONIZE,N,sonnet
48567,I_2,E2STEREOTYPE,N,sonnet
48567,I_2,E2COLLECTIVEPOWER,N,sonnet
48567,I_2,E2CONSPIRACY,N,sonnet
48567,I_2,E2CONTROLMEDIA,N,sonnet
48567,I_2,E2CONTROLECONOMY,N,sonnet
48567,I_2,E2CONTROLGOV,N,sonnet
48567,I_2,E2CONTROLOTHER,N,sonnet
48567,I_2,E3COLLECTIVEBLAME,N,sonnet
47951,I_2,E1VIOLENCE,N,sonnet
47951,I_2,E1RADICAL,N,sonnet
47951,I_2,E2ALLEGATION,E,sonnet
47951,I_2,E2DEHUMANIZATION,I,sonnet
47951,I_2,E2DEMONIZE,I,sonnet
47951,I_2,E2STEREOTYPE,N,sonnet
47951,I_2,E2COLLECTIVEPOWER,I,sonnet
47951,I_2,E2CONSPIRACY,N,sonnet
47951,I_2,E2CONTROLMEDIA,I,sonnet
47951,I_2,E2CONTROLECONOMY,N,sonnet
47951,I_2,E2CONTROLGOV,N,sonnet
47951,I_2,E2CONTROLOTHER,N,sonnet
47951,I_2,E3COLLECTIVEBLAME,N,sonnet
29327,I_2,E1VIOLENCE,N,sonnet
29327,I_2,E1RADICAL,N,sonnet
29327,I_2,E2ALLEGATION,N,sonnet
29327,I_2,E2DEHUMANIZATION,N,sonnet
29327,I_2,E2DEMONIZE,N,sonnet
29327,I_2,E2STEREOTYPE,N,sonnet
29327,I_2,E2COLLECTIVEPOWER,N,sonnet
29327,I_2,E2CONSPIRACY,N,sonnet
29327,I_2,E2CONTROLMEDIA,N,sonnet
29327,I_2,E2CONTROLECONOMY,N,sonnet
29327,I_2,E2CONTROLGOV,N,sonnet
29327,I_2,E2CONTROLOTHER,N,sonnet
29327,I_2,E3COLLECTIVEBLAME,N,sonnet
25203,I_2,E1VIOLENCE,N,gpt4o
25203,I_2,E1RADICAL,N,gpt4o
25203,I_2,E2ALLEGATION,E,gpt4o
25203,I_2,E2DEHUMANIZATION,E,gpt4o
25203,I_2,E2DEMONIZE,E,gpt4o
25203,I_2,E2STEREOTYPE,I,gpt4o
25203,I_2,E2COLLECTIVEPOWER,N,gpt4o
25203,I_2,E2CONSPIRACY,N,gpt4o
25203,I_2,E2CONTROLMEDIA,N,gpt4o
25203,I_2,E2CONTROLECONOMY,N,gpt4o
25203,I_2,E2CONTROLGOV,N,gpt4o
25203,I_2,E2CONTROLOTHER,N,gpt4o
25203,I_2,E3COLLECTIVEBLAME,E,gpt4o
2964,I_2,E1VIOLENCE,N,sonnet
2964,I_2,E1RADICAL,N,sonnet
2964,I_2,E2ALLEGATION,N,sonnet
2964,I_2,E2DEHUMANIZATION,N,sonnet
2964,I_2,E2DEMONIZE,N,sonnet
2964,I_2,E2STEREOTYPE,N,sonnet
2964,I_2,E2COLLECTIVEPOWER,N,sonnet
2964,I_2,E2CONSPIRACY,N,sonnet
2964,I_2,E2CONTROLMEDIA,N,sonnet
2964,I_2,E2CONTROLECONOMY,N,sonnet
2964,I_2,E2CONTROLGOV,N,sonnet
2964,I_2,E2CONTROLOTHER,N,sonnet
2964,I_2,E3COLLECTIVEBLAME,N,sonnet
20737,I_2,E1VIOLENCE,N,sonnet
20737,I_2,E1RADICAL,N,sonnet
20737,I_2,E2ALLEGATION,N,sonnet
20737,I_2,E2DEHUMANIZATION,N,sonnet
20737,I_2,E2DEMONIZE,N,sonnet
20737,I_2,E2STEREOTYPE,N,sonnet
20737,I_2,E2COLLECTIVEPOWER,N,sonnet
20737,I_2,E2CONSPIRACY,N,sonnet
20737,I_2,E2CONTROLMEDIA,N,sonnet
20737,I_2,E2CONTROLECONOMY,N,sonnet
20737,I_2,E2CONTROLGOV,N,sonnet
20737,I_2,E2CONTROLOTHER,N,sonnet
20737,I_2,E3COLLECTIVEBLAME,N,sonnet
8950,I_2,E1VIOLENCE,N,sonnet
8950,I_2,E1RADICAL,N,sonnet
8950,I_2,E2ALLEGATION,N,sonnet
8950,I_2,E2DEHUMANIZATION,N,sonnet
8950,I_2,E2DEMONIZE,N,sonnet
8950,I_2,E2STEREOTYPE,N,sonnet
8950,I_2,E2COLLECTIVEPOWER,N,sonnet
8950,I_2,E2CONSPIRACY,N,sonnet
8950,I_2,E2CONTROLMEDIA,N,sonnet
8950,I_2,E2CONTROLECONOMY,N,sonnet
8950,I_2,E2CONTROLGOV,N,sonnet
8950,I_2,E2CONTROLOTHER,N,sonnet
8950,I_2,E3COLLECTIVEBLAME,N,sonnet
29881,I_2,E1VIOLENCE,N,sonnet
29881,I_2,E1RADICAL,N,sonnet
29881,I_2,E2ALLEGATION,N,sonnet
29881,I_2,E2DEHUMANIZATION,N,sonnet
29881,I_2,E2DEMONIZE,N,sonnet
29881,I_2,E2STEREOTYPE,N,sonnet
29881,I_2,E2COLLECTIVEPOWER,N,sonnet
29881,I_2,E2CONSPIRACY,N,sonnet
29881,I_2,E2CONTROLMEDIA,N,sonnet
29881,I_2,E2CONTROLECONOMY,N,sonnet
29881,I_2,E2CONTROLGOV,N,sonnet
29881,I_2,E2CONTROLOTHER,N,sonnet
29881,I_2,E3COLLECTIVEBLAME,N,sonnet
46987,I_2,E1VIOLENCE,A,sonnet
46987,I_2,E1RADICAL,N,sonnet
46987,I_2,E2ALLEGATION,N,sonnet
46987,I_2,E2DEHUMANIZATION,N,sonnet
46987,I_2,E2DEMONIZE,N,sonnet
46987,I_2,E2STEREOTYPE,N,sonnet
46987,I_2,E2COLLECTIVEPOWER,N,sonnet
46987,I_2,E2CONSPIRACY,N,sonnet
46987,I_2,E2CONTROLMEDIA,N,sonnet
46987,I_2,E2CONTROLECONOMY,N,sonnet
46987,I_2,E2CONTROLGOV,N,sonnet
46987,I_2,E2CONTROLOTHER,N,sonnet
46987,I_2,E3COLLECTIVEBLAME,N,sonnet
9758,I_2,E1VIOLENCE,N,sonnet
9758,I_2,E1RADICAL,N,sonnet
9758,I_2,E2ALLEGATION,N,sonnet
9758,I_2,E2DEHUMANIZATION,N,sonnet
9758,I_2,E2DEMONIZE,N,sonnet
9758,I_2,E2STEREOTYPE,N,sonnet
9758,I_2,E2COLLECTIVEPOWER,N,sonnet
9758,I_2,E2CONSPIRACY,N,sonnet
9758,I_2,E2CONTROLMEDIA,N,sonnet
9758,I_2,E2CONTROLECONOMY,N,sonnet
9758,I_2,E2CONTROLGOV,N,sonnet
9758,I_2,E2CONTROLOTHER,N,sonnet
9758,I_2,E3COLLECTIVEBLAME,N,sonnet
3539,I_2,E1VIOLENCE,N,sonnet
3539,I_2,E1RADICAL,N,sonnet
3539,I_2,E2ALLEGATION,N,sonnet
3539,I_2,E2DEHUMANIZATION,N,sonnet
3539,I_2,E2DEMONIZE,N,sonnet
3539,I_2,E2STEREOTYPE,N,sonnet
3539,I_2,E2COLLECTIVEPOWER,N,sonnet
3539,I_2,E2CONSPIRACY,N,sonnet
3539,I_2,E2CONTROLMEDIA,N,sonnet
3539,I_2,E2CONTROLECONOMY,N,sonnet
3539,I_2,E2CONTROLGOV,N,sonnet
3539,I_2,E2CONTROLOTHER,N,sonnet
3539,I_2,E3COLLECTIVEBLAME,N,sonnet
46775,I_2,E1VIOLENCE,N,sonnet
46775,I_2,E1RADICAL,N,sonnet
46775,I_2,E2ALLEGATION,I,sonnet
46775,I_2,E2DEHUMANIZATION,N,sonnet
46775,I_2,E2DEMONIZE,I,sonnet
46775,I_2,E2STEREOTYPE,N,sonnet
46775,I_2,E2COLLECTIVEPOWER,N,sonnet
46775,I_2,E2CONSPIRACY,N,sonnet
46775,I_2,E2CONTROLMEDIA,N,sonnet
46775,I_2,E2CONTROLECONOMY,N,sonnet
46775,I_2,E2CONTROLGOV,N,sonnet
46775,I_2,E2CONTROLOTHER,N,sonnet
46775,I_2,E3COLLECTIVEBLAME,N,sonnet
17783,I_2,E1VIOLENCE,N,sonnet
17783,I_2,E1RADICAL,N,sonnet
17783,I_2,E2ALLEGATION,N,sonnet
17783,I_2,E2DEHUMANIZATION,N,sonnet
17783,I_2,E2DEMONIZE,N,sonnet
17783,I_2,E2STEREOTYPE,N,sonnet
17783,I_2,E2COLLECTIVEPOWER,N,sonnet
17783,I_2,E2CONSPIRACY,N,sonnet
17783,I_2,E2CONTROLMEDIA,N,sonnet
17783,I_2,E2CONTROLECONOMY,N,sonnet
17783,I_2,E2CONTROLGOV,N,sonnet
17783,I_2,E2CONTROLOTHER,N,sonnet
17783,I_2,E3COLLECTIVEBLAME,N,sonnet
249,I_2,E1VIOLENCE,N,sonnet
249,I_2,E1RADICAL,N,sonnet
249,I_2,E2ALLEGATION,N,sonnet
249,I_2,E2DEHUMANIZATION,N,sonnet
249,I_2,E2DEMONIZE,N,sonnet
249,I_2,E2STEREOTYPE,N,sonnet
249,I_2,E2COLLECTIVEPOWER,N,sonnet
249,I_2,E2CONSPIRACY,N,sonnet
249,I_2,E2CONTROLMEDIA,N,sonnet
249,I_2,E2CONTROLECONOMY,N,sonnet
249,I_2,E2CONTROLGOV,N,sonnet
249,I_2,E2CONTROLOTHER,N,sonnet
249,I_2,E3COLLECTIVEBLAME,N,sonnet
2822,I_2,E1VIOLENCE,I,sonnet
2822,I_2,E1RADICAL,I,sonnet
2822,I_2,E2ALLEGATION,I,sonnet
2822,I_2,E2DEHUMANIZATION,I,sonnet
2822,I_2,E2DEMONIZE,I,sonnet
2822,I_2,E2STEREOTYPE,I,sonnet
2822,I_2,E2COLLECTIVEPOWER,N,sonnet
2822,I_2,E2CONSPIRACY,N,sonnet
2822,I_2,E2CONTROLMEDIA,N,sonnet
2822,I_2,E2CONTROLECONOMY,N,sonnet
2822,I_2,E2CONTROLGOV,N,sonnet
2822,I_2,E2CONTROLOTHER,N,sonnet
2822,I_2,E3COLLECTIVEBLAME,E,sonnet
8203,I_2,E1VIOLENCE,N,sonnet
8203,I_2,E1RADICAL,N,sonnet
8203,I_2,E2ALLEGATION,N,sonnet
8203,I_2,E2DEHUMANIZATION,N,sonnet
8203,I_2,E2DEMONIZE,N,sonnet
8203,I_2,E2STEREOTYPE,N,sonnet
8203,I_2,E2COLLECTIVEPOWER,N,sonnet
8203,I_2,E2CONSPIRACY,N,sonnet
8203,I_2,E2CONTROLMEDIA,N,sonnet
8203,I_2,E2CONTROLECONOMY,N,sonnet
8203,I_2,E2CONTROLGOV,N,sonnet
8203,I_2,E2CONTROLOTHER,N,sonnet
8203,I_2,E3COLLECTIVEBLAME,N,sonnet
4811,I_2,E1VIOLENCE,A,sonnet
4811,I_2,E1RADICAL,A,sonnet
4811,I_2,E2ALLEGATION,N,sonnet
4811,I_2,E2DEHUMANIZATION,N,sonnet
4811,I_2,E2DEMONIZE,N,sonnet
4811,I_2,E2STEREOTYPE,N,sonnet
4811,I_2,E2COLLECTIVEPOWER,N,sonnet
4811,I_2,E2CONSPIRACY,N,sonnet
4811,I_2,E2CONTROLMEDIA,N,sonnet
4811,I_2,E2CONTROLECONOMY,N,sonnet
4811,I_2,E2CONTROLGOV,N,sonnet
4811,I_2,E2CONTROLOTHER,N,sonnet
4811,I_2,E3COLLECTIVEBLAME,N,sonnet
17712,I_2,E1VIOLENCE,N,sonnet
17712,I_2,E1RADICAL,N,sonnet
17712,I_2,E2ALLEGATION,N,sonnet
17712,I_2,E2DEHUMANIZATION,N,sonnet
17712,I_2,E2DEMONIZE,N,sonnet
17712,I_2,E2STEREOTYPE,N,sonnet
17712,I_2,E2COLLECTIVEPOWER,N,sonnet
17712,I_2,E2CONSPIRACY,N,sonnet
17712,I_2,E2CONTROLMEDIA,N,sonnet
17712,I_2,E2CONTROLECONOMY,N,sonnet
17712,I_2,E2CONTROLGOV,N,sonnet
17712,I_2,E2CONTROLOTHER,N,sonnet
17712,I_2,E3COLLECTIVEBLAME,N,sonnet
47818,I_2,E1VIOLENCE,N,sonnet
47818,I_2,E1RADICAL,N,sonnet
47818,I_2,E2ALLEGATION,I,sonnet
47818,I_2,E2DEHUMANIZATION,N,sonnet
47818,I_2,E2DEMONIZE,I,sonnet
47818,I_2,E2STEREOTYPE,N,sonnet
47818,I_2,E2COLLECTIVEPOWER,I,sonnet
47818,I_2,E2CONSPIRACY,I,sonnet
47818,I_2,E2CONTROLMEDIA,N,sonnet
47818,I_2,E2CONTROLECONOMY,N,sonnet
47818,I_2,E2CONTROLGOV,I,sonnet
47818,I_2,E2CONTROLOTHER,N,sonnet
47818,I_2,E3COLLECTIVEBLAME,N,sonnet
20019,I_2,E1VIOLENCE,N,gpt4o
20019,I_2,E1RADICAL,N,gpt4o
20019,I_2,E2ALLEGATION,E,gpt4o
20019,I_2,E2DEHUMANIZATION,E,gpt4o
20019,I_2,E2DEMONIZE,E,gpt4o
20019,I_2,E2STEREOTYPE,E,gpt4o
20019,I_2,E2COLLECTIVEPOWER,N,gpt4o
20019,I_2,E2CONSPIRACY,N,gpt4o
20019,I_2,E2CONTROLMEDIA,N,gpt4o
20019,I_2,E2CONTROLECONOMY,N,gpt4o
20019,I_2,E2CONTROLGOV,N,gpt4o
20019,I_2,E2CONTROLOTHER,N,gpt4o
20019,I_2,E3COLLECTIVEBLAME,E,gpt4o
31397,I_2,E1VIOLENCE,N,sonnet
31397,I_2,E1RADICAL,N,sonnet
31397,I_2,E2ALLEGATION,N,sonnet
31397,I_2,E2DEHUMANIZATION,N,sonnet
31397,I_2,E2DEMONIZE,N,sonnet
31397,I_2,E2STEREOTYPE,N,sonnet
31397,I_2,E2COLLECTIVEPOWER,N,sonnet
31397,I_2,E2CONSPIRACY,N,sonnet
31397,I_2,E2CONTROLMEDIA,N,sonnet
31397,I_2,E2CONTROLECONOMY,N,sonnet
31397,I_2,E2CONTROLGOV,N,sonnet
31397,I_2,E2CONTROLOTHER,N,sonnet
31397,I_2,E3COLLECTIVEBLAME,N,sonnet
14831,I_2,E1VIOLENCE,N,sonnet
14831,I_2,E1RADICAL,N,sonnet
14831,I_2,E2ALLEGATION,N,sonnet
14831,I_2,E2DEHUMANIZATION,N,sonnet
14831,I_2,E2DEMONIZE,N,sonnet
14831,I_2,E2STEREOTYPE,N,sonnet
14831,I_2,E2COLLECTIVEPOWER,N,sonnet
14831,I_2,E2CONSPIRACY,N,sonnet
14831,I_2,E2CONTROLMEDIA,N,sonnet
14831,I_2,E2CONTROLECONOMY,N,sonnet
14831,I_2,E2CONTROLGOV,N,sonnet
14831,I_2,E2CONTROLOTHER,N,sonnet
14831,I_2,E3COLLECTIVEBLAME,N,sonnet
27122,I_2,E1VIOLENCE,N,sonnet
27122,I_2,E1RADICAL,N,sonnet
27122,I_2,E2ALLEGATION,N,sonnet
27122,I_2,E2DEHUMANIZATION,N,sonnet
27122,I_2,E2DEMONIZE,N,sonnet
27122,I_2,E2STEREOTYPE,N,sonnet
27122,I_2,E2COLLECTIVEPOWER,N,sonnet
27122,I_2,E2CONSPIRACY,N,sonnet
27122,I_2,E2CONTROLMEDIA,N,sonnet
27122,I_2,E2CONTROLECONOMY,N,sonnet
27122,I_2,E2CONTROLGOV,N,sonnet
27122,I_2,E2CONTROLOTHER,N,sonnet
27122,I_2,E3COLLECTIVEBLAME,N,sonnet
17541,I_2,E1VIOLENCE,N,sonnet
17541,I_2,E1RADICAL,N,sonnet
17541,I_2,E2ALLEGATION,N,sonnet
17541,I_2,E2DEHUMANIZATION,N,sonnet
17541,I_2,E2DEMONIZE,N,sonnet
17541,I_2,E2STEREOTYPE,N,sonnet
17541,I_2,E2COLLECTIVEPOWER,N,sonnet
17541,I_2,E2CONSPIRACY,N,sonnet
17541,I_2,E2CONTROLMEDIA,N,sonnet
17541,I_2,E2CONTROLECONOMY,N,sonnet
17541,I_2,E2CONTROLGOV,N,sonnet
17541,I_2,E2CONTROLOTHER,N,sonnet
17541,I_2,E3COLLECTIVEBLAME,N,sonnet
29484,I_2,E1VIOLENCE,N,sonnet
29484,I_2,E1RADICAL,N,sonnet
29484,I_2,E2ALLEGATION,N,sonnet
29484,I_2,E2DEHUMANIZATION,N,sonnet
29484,I_2,E2DEMONIZE,N,sonnet
29484,I_2,E2STEREOTYPE,N,sonnet
29484,I_2,E2COLLECTIVEPOWER,N,sonnet
29484,I_2,E2CONSPIRACY,N,sonnet
29484,I_2,E2CONTROLMEDIA,N,sonnet
29484,I_2,E2CONTROLECONOMY,N,sonnet
29484,I_2,E2CONTROLGOV,N,sonnet
29484,I_2,E2CONTROLOTHER,N,sonnet
29484,I_2,E3COLLECTIVEBLAME,N,sonnet
10880,I_2,E1VIOLENCE,N,sonnet
10880,I_2,E1RADICAL,N,sonnet
10880,I_2,E2ALLEGATION,N,sonnet
10880,I_2,E2DEHUMANIZATION,N,sonnet
10880,I_2,E2DEMONIZE,N,sonnet
10880,I_2,E2STEREOTYPE,N,sonnet
10880,I_2,E2COLLECTIVEPOWER,N,sonnet
10880,I_2,E2CONSPIRACY,N,sonnet
10880,I_2,E2CONTROLMEDIA,N,sonnet
10880,I_2,E2CONTROLECONOMY,N,sonnet
10880,I_2,E2CONTROLGOV,N,sonnet
10880,I_2,E2CONTROLOTHER,N,sonnet
10880,I_2,E3COLLECTIVEBLAME,N,sonnet
24313,I_2,E1VIOLENCE,N,sonnet
24313,I_2,E1RADICAL,N,sonnet
24313,I_2,E2ALLEGATION,N,sonnet
24313,I_2,E2DEHUMANIZATION,N,sonnet
24313,I_2,E2DEMONIZE,N,sonnet
24313,I_2,E2STEREOTYPE,N,sonnet
24313,I_2,E2COLLECTIVEPOWER,N,sonnet
24313,I_2,E2CONSPIRACY,N,sonnet
24313,I_2,E2CONTROLMEDIA,N,sonnet
24313,I_2,E2CONTROLECONOMY,N,sonnet
24313,I_2,E2CONTROLGOV,N,sonnet
24313,I_2,E2CONTROLOTHER,N,sonnet
24313,I_2,E3COLLECTIVEBLAME,N,sonnet
18940,I_2,E1VIOLENCE,N,sonnet
18940,I_2,E1RADICAL,N,sonnet
18940,I_2,E2ALLEGATION,N,sonnet
18940,I_2,E2DEHUMANIZATION,N,sonnet
18940,I_2,E2DEMONIZE,N,sonnet
18940,I_2,E2STEREOTYPE,N,sonnet
18940,I_2,E2COLLECTIVEPOWER,N,sonnet
18940,I_2,E2CONSPIRACY,N,sonnet
18940,I_2,E2CONTROLMEDIA,N,sonnet
18940,I_2,E2CONTROLECONOMY,N,sonnet
18940,I_2,E2CONTROLGOV,N,sonnet
18940,I_2,E2CONTROLOTHER,N,sonnet
18940,I_2,E3COLLECTIVEBLAME,N,sonnet
36849,I_2,E1VIOLENCE,N,sonnet
36849,I_2,E1RADICAL,N,sonnet
36849,I_2,E2ALLEGATION,N,sonnet
36849,I_2,E2DEHUMANIZATION,N,sonnet
36849,I_2,E2DEMONIZE,N,sonnet
36849,I_2,E2STEREOTYPE,N,sonnet
36849,I_2,E2COLLECTIVEPOWER,N,sonnet
36849,I_2,E2CONSPIRACY,N,sonnet
36849,I_2,E2CONTROLMEDIA,N,sonnet
36849,I_2,E2CONTROLECONOMY,N,sonnet
36849,I_2,E2CONTROLGOV,N,sonnet
36849,I_2,E2CONTROLOTHER,N,sonnet
36849,I_2,E3COLLECTIVEBLAME,N,sonnet
6506,I_2,E1VIOLENCE,N,sonnet
6506,I_2,E1RADICAL,N,sonnet
6506,I_2,E2ALLEGATION,N,sonnet
6506,I_2,E2DEHUMANIZATION,N,sonnet
6506,I_2,E2DEMONIZE,N,sonnet
6506,I_2,E2STEREOTYPE,N,sonnet
6506,I_2,E2COLLECTIVEPOWER,N,sonnet
6506,I_2,E2CONSPIRACY,N,sonnet
6506,I_2,E2CONTROLMEDIA,N,sonnet
6506,I_2,E2CONTROLECONOMY,N,sonnet
6506,I_2,E2CONTROLGOV,N,sonnet
6506,I_2,E2CONTROLOTHER,N,sonnet
6506,I_2,E3COLLECTIVEBLAME,N,sonnet
47711,I_2,E1VIOLENCE,N,sonnet
47711,I_2,E1RADICAL,N,sonnet
47711,I_2,E2ALLEGATION,E,sonnet
47711,I_2,E2DEHUMANIZATION,E,sonnet
47711,I_2,E2DEMONIZE,E,sonnet
47711,I_2,E2STEREOTYPE,E,sonnet
47711,I_2,E2COLLECTIVEPOWER,N,sonnet
47711,I_2,E2CONSPIRACY,N,sonnet
47711,I_2,E2CONTROLMEDIA,N,sonnet
47711,I_2,E2CONTROLECONOMY,N,sonnet
47711,I_2,E2CONTROLGOV,N,sonnet
47711,I_2,E2CONTROLOTHER,N,sonnet
47711,I_2,E3COLLECTIVEBLAME,E,sonnet
46392,I_2,E1VIOLENCE,N,sonnet
46392,I_2,E1RADICAL,N,sonnet
46392,I_2,E2ALLEGATION,N,sonnet
46392,I_2,E2DEHUMANIZATION,N,sonnet
46392,I_2,E2DEMONIZE,N,sonnet
46392,I_2,E2STEREOTYPE,N,sonnet
46392,I_2,E2COLLECTIVEPOWER,N,sonnet
46392,I_2,E2CONSPIRACY,N,sonnet
46392,I_2,E2CONTROLMEDIA,N,sonnet
46392,I_2,E2CONTROLECONOMY,N,sonnet
46392,I_2,E2CONTROLGOV,N,sonnet
46392,I_2,E2CONTROLOTHER,N,sonnet
46392,I_2,E3COLLECTIVEBLAME,N,sonnet
23943,I_2,E1VIOLENCE,N,sonnet
23943,I_2,E1RADICAL,N,sonnet
23943,I_2,E2ALLEGATION,N,sonnet
23943,I_2,E2DEHUMANIZATION,E,sonnet
23943,I_2,E2DEMONIZE,N,sonnet
23943,I_2,E2STEREOTYPE,N,sonnet
23943,I_2,E2COLLECTIVEPOWER,N,sonnet
23943,I_2,E2CONSPIRACY,N,sonnet
23943,I_2,E2CONTROLMEDIA,N,sonnet
23943,I_2,E2CONTROLECONOMY,N,sonnet
23943,I_2,E2CONTROLGOV,N,sonnet
23943,I_2,E2CONTROLOTHER,N,sonnet
23943,I_2,E3COLLECTIVEBLAME,N,sonnet
46094,I_2,E1VIOLENCE,N,sonnet
46094,I_2,E1RADICAL,N,sonnet
46094,I_2,E2ALLEGATION,N,sonnet
46094,I_2,E2DEHUMANIZATION,N,sonnet
46094,I_2,E2DEMONIZE,N,sonnet
46094,I_2,E2STEREOTYPE,N,sonnet
46094,I_2,E2COLLECTIVEPOWER,N,sonnet
46094,I_2,E2CONSPIRACY,N,sonnet
46094,I_2,E2CONTROLMEDIA,N,sonnet
46094,I_2,E2CONTROLECONOMY,N,sonnet
46094,I_2,E2CONTROLGOV,N,sonnet
46094,I_2,E2CONTROLOTHER,N,sonnet
46094,I_2,E3COLLECTIVEBLAME,N,sonnet
7703,I_2,E1VIOLENCE,N,sonnet
7703,I_2,E1RADICAL,N,sonnet
7703,I_2,E2ALLEGATION,N,sonnet
7703,I_2,E2DEHUMANIZATION,N,sonnet
7703,I_2,E2DEMONIZE,N,sonnet
7703,I_2,E2STEREOTYPE,N,sonnet
7703,I_2,E2COLLECTIVEPOWER,N,sonnet
7703,I_2,E2CONSPIRACY,N,sonnet
7703,I_2,E2CONTROLMEDIA,N,sonnet
7703,I_2,E2CONTROLECONOMY,N,sonnet
7703,I_2,E2CONTROLGOV,N,sonnet
7703,I_2,E2CONTROLOTHER,N,sonnet
7703,I_2,E3COLLECTIVEBLAME,N,sonnet
6827,I_2,E1VIOLENCE,A,sonnet
6827,I_2,E1RADICAL,A,sonnet
6827,I_2,E2ALLEGATION,N,sonnet
6827,I_2,E2DEHUMANIZATION,N,sonnet
6827,I_2,E2DEMONIZE,N,sonnet
6827,I_2,E2STEREOTYPE,N,sonnet
6827,I_2,E2COLLECTIVEPOWER,N,sonnet
6827,I_2,E2CONSPIRACY,N,sonnet
6827,I_2,E2CONTROLMEDIA,N,sonnet
6827,I_2,E2CONTROLECONOMY,N,sonnet
6827,I_2,E2CONTROLGOV,N,sonnet
6827,I_2,E2CONTROLOTHER,N,sonnet
6827,I_2,E3COLLECTIVEBLAME,N,sonnet
9659,I_2,E1VIOLENCE,N,sonnet
9659,I_2,E1RADICAL,N,sonnet
9659,I_2,E2ALLEGATION,I,sonnet
9659,I_2,E2DEHUMANIZATION,N,sonnet
9659,I_2,E2DEMONIZE,I,sonnet
9659,I_2,E2STEREOTYPE,I,sonnet
9659,I_2,E2COLLECTIVEPOWER,N,sonnet
9659,I_2,E2CONSPIRACY,N,sonnet
9659,I_2,E2CONTROLMEDIA,N,sonnet
9659,I_2,E2CONTROLECONOMY,N,sonnet
9659,I_2,E2CONTROLGOV,N,sonnet
9659,I_2,E2CONTROLOTHER,N,sonnet
9659,I_2,E3COLLECTIVEBLAME,N,sonnet
10827,I_2,E1VIOLENCE,N,sonnet
10827,I_2,E1RADICAL,N,sonnet
10827,I_2,E2ALLEGATION,N,sonnet
10827,I_2,E2DEHUMANIZATION,N,sonnet
10827,I_2,E2DEMONIZE,N,sonnet
10827,I_2,E2STEREOTYPE,N,sonnet
10827,I_2,E2COLLECTIVEPOWER,N,sonnet
10827,I_2,E2CONSPIRACY,N,sonnet
10827,I_2,E2CONTROLMEDIA,N,sonnet
10827,I_2,E2CONTROLECONOMY,N,sonnet
10827,I_2,E2CONTROLGOV,N,sonnet
10827,I_2,E2CONTROLOTHER,N,sonnet
10827,I_2,E3COLLECTIVEBLAME,N,sonnet
49271,I_2,E1VIOLENCE,N,sonnet
49271,I_2,E1RADICAL,N,sonnet
49271,I_2,E2ALLEGATION,N,sonnet
49271,I_2,E2DEHUMANIZATION,N,sonnet
49271,I_2,E2DEMONIZE,N,sonnet
49271,I_2,E2STEREOTYPE,N,sonnet
49271,I_2,E2COLLECTIVEPOWER,N,sonnet
49271,I_2,E2CONSPIRACY,N,sonnet
49271,I_2,E2CONTROLMEDIA,N,sonnet
49271,I_2,E2CONTROLECONOMY,N,sonnet
49271,I_2,E2CONTROLGOV,N,sonnet
49271,I_2,E2CONTROLOTHER,N,sonnet
49271,I_2,E3COLLECTIVEBLAME,N,sonnet
12858,I_2,E1VIOLENCE,N,sonnet
12858,I_2,E1RADICAL,N,sonnet
12858,I_2,E2ALLEGATION,N,sonnet
12858,I_2,E2DEHUMANIZATION,N,sonnet
12858,I_2,E2DEMONIZE,N,sonnet
12858,I_2,E2STEREOTYPE,N,sonnet
12858,I_2,E2COLLECTIVEPOWER,N,sonnet
12858,I_2,E2CONSPIRACY,N,sonnet
12858,I_2,E2CONTROLMEDIA,N,sonnet
12858,I_2,E2CONTROLECONOMY,N,sonnet
12858,I_2,E2CONTROLGOV,N,sonnet
12858,I_2,E2CONTROLOTHER,N,sonnet
12858,I_2,E3COLLECTIVEBLAME,N,sonnet
30079,I_2,E1VIOLENCE,N,sonnet
30079,I_2,E1RADICAL,N,sonnet
30079,I_2,E2ALLEGATION,N,sonnet
30079,I_2,E2DEHUMANIZATION,N,sonnet
30079,I_2,E2DEMONIZE,N,sonnet
30079,I_2,E2STEREOTYPE,N,sonnet
30079,I_2,E2COLLECTIVEPOWER,N,sonnet
30079,I_2,E2CONSPIRACY,N,sonnet
30079,I_2,E2CONTROLMEDIA,N,sonnet
30079,I_2,E2CONTROLECONOMY,N,sonnet
30079,I_2,E2CONTROLGOV,N,sonnet
30079,I_2,E2CONTROLOTHER,N,sonnet
30079,I_2,E3COLLECTIVEBLAME,N,sonnet
13432,I_2,E1VIOLENCE,N,sonnet
13432,I_2,E1RADICAL,N,sonnet
13432,I_2,E2ALLEGATION,N,sonnet
13432,I_2,E2DEHUMANIZATION,N,sonnet
13432,I_2,E2DEMONIZE,N,sonnet
13432,I_2,E2STEREOTYPE,N,sonnet
13432,I_2,E2COLLECTIVEPOWER,N,sonnet
13432,I_2,E2CONSPIRACY,N,sonnet
13432,I_2,E2CONTROLMEDIA,N,sonnet
13432,I_2,E2CONTROLECONOMY,N,sonnet
13432,I_2,E2CONTROLGOV,N,sonnet
13432,I_2,E2CONTROLOTHER,N,sonnet
13432,I_2,E3COLLECTIVEBLAME,N,sonnet
40152,I_2,E1VIOLENCE,N,sonnet
40152,I_2,E1RADICAL,N,sonnet
40152,I_2,E2ALLEGATION,E,sonnet
40152,I_2,E2DEHUMANIZATION,E,sonnet
40152,I_2,E2DEMONIZE,E,sonnet
40152,I_2,E2STEREOTYPE,N,sonnet
40152,I_2,E2COLLECTIVEPOWER,N,sonnet
40152,I_2,E2CONSPIRACY,N,sonnet
40152,I_2,E2CONTROLMEDIA,N,sonnet
40152,I_2,E2CONTROLECONOMY,N,sonnet
40152,I_2,E2CONTROLGOV,N,sonnet
40152,I_2,E2CONTROLOTHER,N,sonnet
40152,I_2,E3COLLECTIVEBLAME,N,sonnet
42226,I_2,E1VIOLENCE,I,sonnet
42226,I_2,E1RADICAL,I,sonnet
42226,I_2,E2ALLEGATION,N,sonnet
42226,I_2,E2DEHUMANIZATION,N,sonnet
42226,I_2,E2DEMONIZE,I,sonnet
42226,I_2,E2STEREOTYPE,N,sonnet
42226,I_2,E2COLLECTIVEPOWER,N,sonnet
42226,I_2,E2CONSPIRACY,N,sonnet
42226,I_2,E2CONTROLMEDIA,N,sonnet
42226,I_2,E2CONTROLECONOMY,N,sonnet
42226,I_2,E2CONTROLGOV,N,sonnet
42226,I_2,E2CONTROLOTHER,N,sonnet
42226,I_2,E3COLLECTIVEBLAME,I,sonnet
5318,I_2,E1VIOLENCE,N,sonnet
5318,I_2,E1RADICAL,N,sonnet
5318,I_2,E2ALLEGATION,N,sonnet
5318,I_2,E2DEHUMANIZATION,N,sonnet
5318,I_2,E2DEMONIZE,N,sonnet
5318,I_2,E2STEREOTYPE,N,sonnet
5318,I_2,E2COLLECTIVEPOWER,N,sonnet
5318,I_2,E2CONSPIRACY,N,sonnet
5318,I_2,E2CONTROLMEDIA,N,sonnet
5318,I_2,E2CONTROLECONOMY,N,sonnet
5318,I_2,E2CONTROLGOV,N,sonnet
5318,I_2,E2CONTROLOTHER,N,sonnet
5318,I_2,E3COLLECTIVEBLAME,N,sonnet
44149,I_2,E1VIOLENCE,N,sonnet
44149,I_2,E1RADICAL,N,sonnet
44149,I_2,E2ALLEGATION,N,sonnet
44149,I_2,E2DEHUMANIZATION,N,sonnet
44149,I_2,E2DEMONIZE,N,sonnet
44149,I_2,E2STEREOTYPE,N,sonnet
44149,I_2,E2COLLECTIVEPOWER,N,sonnet
44149,I_2,E2CONSPIRACY,N,sonnet
44149,I_2,E2CONTROLMEDIA,N,sonnet
44149,I_2,E2CONTROLECONOMY,N,sonnet
44149,I_2,E2CONTROLGOV,N,sonnet
44149,I_2,E2CONTROLOTHER,N,sonnet
44149,I_2,E3COLLECTIVEBLAME,N,sonnet
6752,I_2,E1VIOLENCE,A,sonnet
6752,I_2,E1RADICAL,A,sonnet
6752,I_2,E2ALLEGATION,N,sonnet
6752,I_2,E2DEHUMANIZATION,N,sonnet
6752,I_2,E2DEMONIZE,N,sonnet
6752,I_2,E2STEREOTYPE,N,sonnet
6752,I_2,E2COLLECTIVEPOWER,N,sonnet
6752,I_2,E2CONSPIRACY,N,sonnet
6752,I_2,E2CONTROLMEDIA,N,sonnet
6752,I_2,E2CONTROLECONOMY,N,sonnet
6752,I_2,E2CONTROLGOV,N,sonnet
6752,I_2,E2CONTROLOTHER,N,sonnet
6752,I_2,E3COLLECTIVEBLAME,N,sonnet
35885,I_2,E1VIOLENCE,N,sonnet
35885,I_2,E1RADICAL,N,sonnet
35885,I_2,E2ALLEGATION,N,sonnet
35885,I_2,E2DEHUMANIZATION,N,sonnet
35885,I_2,E2DEMONIZE,N,sonnet
35885,I_2,E2STEREOTYPE,N,sonnet
35885,I_2,E2COLLECTIVEPOWER,N,sonnet
35885,I_2,E2CONSPIRACY,N,sonnet
35885,I_2,E2CONTROLMEDIA,N,sonnet
35885,I_2,E2CONTROLECONOMY,N,sonnet
35885,I_2,E2CONTROLGOV,N,sonnet
35885,I_2,E2CONTROLOTHER,N,sonnet
35885,I_2,E3COLLECTIVEBLAME,N,sonnet
1647,I_2,E1VIOLENCE,E,sonnet
1647,I_2,E1RADICAL,N,sonnet
1647,I_2,E2ALLEGATION,N,sonnet
1647,I_2,E2DEHUMANIZATION,E,sonnet
1647,I_2,E2DEMONIZE,E,sonnet
1647,I_2,E2STEREOTYPE,N,sonnet
1647,I_2,E2COLLECTIVEPOWER,N,sonnet
1647,I_2,E2CONSPIRACY,N,sonnet
1647,I_2,E2CONTROLMEDIA,N,sonnet
1647,I_2,E2CONTROLECONOMY,N,sonnet
1647,I_2,E2CONTROLGOV,N,sonnet
1647,I_2,E2CONTROLOTHER,N,sonnet
1647,I_2,E3COLLECTIVEBLAME,N,sonnet
18734,I_2,E1VIOLENCE,N,sonnet
18734,I_2,E1RADICAL,N,sonnet
18734,I_2,E2ALLEGATION,N,sonnet
18734,I_2,E2DEHUMANIZATION,N,sonnet
18734,I_2,E2DEMONIZE,N,sonnet
18734,I_2,E2STEREOTYPE,N,sonnet
18734,I_2,E2COLLECTIVEPOWER,N,sonnet
18734,I_2,E2CONSPIRACY,N,sonnet
18734,I_2,E2CONTROLMEDIA,N,sonnet
18734,I_2,E2CONTROLECONOMY,N,sonnet
18734,I_2,E2CONTROLGOV,N,sonnet
18734,I_2,E2CONTROLOTHER,N,sonnet
18734,I_2,E3COLLECTIVEBLAME,N,sonnet
44607,I_2,E1VIOLENCE,N,sonnet
44607,I_2,E1RADICAL,N,sonnet
44607,I_2,E2ALLEGATION,I,sonnet
44607,I_2,E2DEHUMANIZATION,N,sonnet
44607,I_2,E2DEMONIZE,I,sonnet
44607,I_2,E2STEREOTYPE,I,sonnet
44607,I_2,E2COLLECTIVEPOWER,I,sonnet
44607,I_2,E2CONSPIRACY,N,sonnet
44607,I_2,E2CONTROLMEDIA,E,sonnet
44607,I_2,E2CONTROLECONOMY,N,sonnet
44607,I_2,E2CONTROLGOV,N,sonnet
44607,I_2,E2CONTROLOTHER,N,sonnet
44607,I_2,E3COLLECTIVEBLAME,N,sonnet
44564,I_2,E1VIOLENCE,N,sonnet
44564,I_2,E1RADICAL,N,sonnet
44564,I_2,E2ALLEGATION,A,sonnet
44564,I_2,E2DEHUMANIZATION,N,sonnet
44564,I_2,E2DEMONIZE,A,sonnet
44564,I_2,E2STEREOTYPE,N,sonnet
44564,I_2,E2COLLECTIVEPOWER,N,sonnet
44564,I_2,E2CONSPIRACY,N,sonnet
44564,I_2,E2CONTROLMEDIA,N,sonnet
44564,I_2,E2CONTROLECONOMY,N,sonnet
44564,I_2,E2CONTROLGOV,N,sonnet
44564,I_2,E2CONTROLOTHER,N,sonnet
44564,I_2,E3COLLECTIVEBLAME,A,sonnet
16044,I_2,E1VIOLENCE,N,sonnet
16044,I_2,E1RADICAL,N,sonnet
16044,I_2,E2ALLEGATION,N,sonnet
16044,I_2,E2DEHUMANIZATION,N,sonnet
16044,I_2,E2DEMONIZE,N,sonnet
16044,I_2,E2STEREOTYPE,N,sonnet
16044,I_2,E2COLLECTIVEPOWER,N,sonnet
16044,I_2,E2CONSPIRACY,N,sonnet
16044,I_2,E2CONTROLMEDIA,N,sonnet
16044,I_2,E2CONTROLECONOMY,N,sonnet
16044,I_2,E2CONTROLGOV,N,sonnet
16044,I_2,E2CONTROLOTHER,N,sonnet
16044,I_2,E3COLLECTIVEBLAME,N,sonnet
49502,I_2,E1VIOLENCE,N,sonnet
49502,I_2,E1RADICAL,N,sonnet
49502,I_2,E2ALLEGATION,N,sonnet
49502,I_2,E2DEHUMANIZATION,N,sonnet
49502,I_2,E2DEMONIZE,N,sonnet
49502,I_2,E2STEREOTYPE,N,sonnet
49502,I_2,E2COLLECTIVEPOWER,N,sonnet
49502,I_2,E2CONSPIRACY,N,sonnet
49502,I_2,E2CONTROLMEDIA,N,sonnet
49502,I_2,E2CONTROLECONOMY,N,sonnet
49502,I_2,E2CONTROLGOV,N,sonnet
49502,I_2,E2CONTROLOTHER,N,sonnet
49502,I_2,E3COLLECTIVEBLAME,N,sonnet
18722,I_2,E1VIOLENCE,N,sonnet
18722,I_2,E1RADICAL,N,sonnet
18722,I_2,E2ALLEGATION,N,sonnet
18722,I_2,E2DEHUMANIZATION,N,sonnet
18722,I_2,E2DEMONIZE,N,sonnet
18722,I_2,E2STEREOTYPE,N,sonnet
18722,I_2,E2COLLECTIVEPOWER,N,sonnet
18722,I_2,E2CONSPIRACY,N,sonnet
18722,I_2,E2CONTROLMEDIA,N,sonnet
18722,I_2,E2CONTROLECONOMY,N,sonnet
18722,I_2,E2CONTROLGOV,N,sonnet
18722,I_2,E2CONTROLOTHER,N,sonnet
18722,I_2,E3COLLECTIVEBLAME,N,sonnet
28471,I_2,E1VIOLENCE,N,sonnet
28471,I_2,E1RADICAL,N,sonnet
28471,I_2,E2ALLEGATION,N,sonnet
28471,I_2,E2DEHUMANIZATION,N,sonnet
28471,I_2,E2DEMONIZE,N,sonnet
28471,I_2,E2STEREOTYPE,N,sonnet
28471,I_2,E2COLLECTIVEPOWER,N,sonnet
28471,I_2,E2CONSPIRACY,N,sonnet
28471,I_2,E2CONTROLMEDIA,N,sonnet
28471,I_2,E2CONTROLECONOMY,N,sonnet
28471,I_2,E2CONTROLGOV,N,sonnet
28471,I_2,E2CONTROLOTHER,N,sonnet
28471,I_2,E3COLLECTIVEBLAME,N,sonnet
32172,I_2,E1VIOLENCE,N,sonnet
32172,I_2,E1RADICAL,N,sonnet
32172,I_2,E2ALLEGATION,N,sonnet
32172,I_2,E2DEHUMANIZATION,N,sonnet
32172,I_2,E2DEMONIZE,N,sonnet
32172,I_2,E2STEREOTYPE,N,sonnet
32172,I_2,E2COLLECTIVEPOWER,N,sonnet
32172,I_2,E2CONSPIRACY,N,sonnet
32172,I_2,E2CONTROLMEDIA,N,sonnet
32172,I_2,E2CONTROLECONOMY,N,sonnet
32172,I_2,E2CONTROLGOV,N,sonnet
32172,I_2,E2CONTROLOTHER,N,sonnet
32172,I_2,E3COLLECTIVEBLAME,N,sonnet
27281,I_2,E1VIOLENCE,N,sonnet
27281,I_2,E1RADICAL,N,sonnet
27281,I_2,E2ALLEGATION,N,sonnet
27281,I_2,E2DEHUMANIZATION,N,sonnet
27281,I_2,E2DEMONIZE,N,sonnet
27281,I_2,E2STEREOTYPE,N,sonnet
27281,I_2,E2COLLECTIVEPOWER,N,sonnet
27281,I_2,E2CONSPIRACY,N,sonnet
27281,I_2,E2CONTROLMEDIA,N,sonnet
27281,I_2,E2CONTROLECONOMY,N,sonnet
27281,I_2,E2CONTROLGOV,N,sonnet
27281,I_2,E2CONTROLOTHER,N,sonnet
27281,I_2,E3COLLECTIVEBLAME,N,sonnet
44599,I_2,E1VIOLENCE,I,sonnet
44599,I_2,E1RADICAL,N,sonnet
44599,I_2,E2ALLEGATION,E,sonnet
44599,I_2,E2DEHUMANIZATION,I,sonnet
44599,I_2,E2DEMONIZE,E,sonnet
44599,I_2,E2STEREOTYPE,E,sonnet
44599,I_2,E2COLLECTIVEPOWER,N,sonnet
44599,I_2,E2CONSPIRACY,N,sonnet
44599,I_2,E2CONTROLMEDIA,N,sonnet
44599,I_2,E2CONTROLECONOMY,N,sonnet
44599,I_2,E2CONTROLGOV,N,sonnet
44599,I_2,E2CONTROLOTHER,N,sonnet
44599,I_2,E3COLLECTIVEBLAME,E,sonnet
47211,I_2,E1VIOLENCE,N,sonnet
47211,I_2,E1RADICAL,N,sonnet
47211,I_2,E2ALLEGATION,N,sonnet
47211,I_2,E2DEHUMANIZATION,N,sonnet
47211,I_2,E2DEMONIZE,N,sonnet
47211,I_2,E2STEREOTYPE,N,sonnet
47211,I_2,E2COLLECTIVEPOWER,N,sonnet
47211,I_2,E2CONSPIRACY,N,sonnet
47211,I_2,E2CONTROLMEDIA,N,sonnet
47211,I_2,E2CONTROLECONOMY,N,sonnet
47211,I_2,E2CONTROLGOV,N,sonnet
47211,I_2,E2CONTROLOTHER,N,sonnet
47211,I_2,E3COLLECTIVEBLAME,N,sonnet
48572,I_2,E1VIOLENCE,N,sonnet
48572,I_2,E1RADICAL,N,sonnet
48572,I_2,E2ALLEGATION,I,sonnet
48572,I_2,E2DEHUMANIZATION,I,sonnet
48572,I_2,E2DEMONIZE,I,sonnet
48572,I_2,E2STEREOTYPE,N,sonnet
48572,I_2,E2COLLECTIVEPOWER,N,sonnet
48572,I_2,E2CONSPIRACY,N,sonnet
48572,I_2,E2CONTROLMEDIA,N,sonnet
48572,I_2,E2CONTROLECONOMY,N,sonnet
48572,I_2,E2CONTROLGOV,N,sonnet
48572,I_2,E2CONTROLOTHER,N,sonnet
48572,I_2,E3COLLECTIVEBLAME,N,sonnet
21018,I_2,E1VIOLENCE,N,sonnet
21018,I_2,E1RADICAL,N,sonnet
21018,I_2,E2ALLEGATION,N,sonnet
21018,I_2,E2DEHUMANIZATION,N,sonnet
21018,I_2,E2DEMONIZE,N,sonnet
21018,I_2,E2STEREOTYPE,N,sonnet
21018,I_2,E2COLLECTIVEPOWER,N,sonnet
21018,I_2,E2CONSPIRACY,N,sonnet
21018,I_2,E2CONTROLMEDIA,N,sonnet
21018,I_2,E2CONTROLECONOMY,N,sonnet
21018,I_2,E2CONTROLGOV,N,sonnet
21018,I_2,E2CONTROLOTHER,N,sonnet
21018,I_2,E3COLLECTIVEBLAME,N,sonnet
30721,I_2,E1VIOLENCE,I,sonnet
30721,I_2,E1RADICAL,N,sonnet
30721,I_2,E2ALLEGATION,E,sonnet
30721,I_2,E2DEHUMANIZATION,E,sonnet
30721,I_2,E2DEMONIZE,E,sonnet
30721,I_2,E2STEREOTYPE,E,sonnet
30721,I_2,E2COLLECTIVEPOWER,E,sonnet
30721,I_2,E2CONSPIRACY,N,sonnet
30721,I_2,E2CONTROLMEDIA,N,sonnet
30721,I_2,E2CONTROLECONOMY,I,sonnet
30721,I_2,E2CONTROLGOV,N,sonnet
30721,I_2,E2CONTROLOTHER,N,sonnet
30721,I_2,E3COLLECTIVEBLAME,N,sonnet
7988,I_2,E1VIOLENCE,I,sonnet
7988,I_2,E1RADICAL,N,sonnet
7988,I_2,E2ALLEGATION,N,sonnet
7988,I_2,E2DEHUMANIZATION,N,sonnet
7988,I_2,E2DEMONIZE,N,sonnet
7988,I_2,E2STEREOTYPE,N,sonnet
7988,I_2,E2COLLECTIVEPOWER,N,sonnet
7988,I_2,E2CONSPIRACY,N,sonnet
7988,I_2,E2CONTROLMEDIA,N,sonnet
7988,I_2,E2CONTROLECONOMY,N,sonnet
7988,I_2,E2CONTROLGOV,N,sonnet
7988,I_2,E2CONTROLOTHER,N,sonnet
7988,I_2,E3COLLECTIVEBLAME,N,sonnet
49357,I_2,E1VIOLENCE,I,sonnet
49357,I_2,E1RADICAL,I,sonnet
49357,I_2,E2ALLEGATION,N,sonnet
49357,I_2,E2DEHUMANIZATION,N,sonnet
49357,I_2,E2DEMONIZE,I,sonnet
49357,I_2,E2STEREOTYPE,N,sonnet
49357,I_2,E2COLLECTIVEPOWER,N,sonnet
49357,I_2,E2CONSPIRACY,N,sonnet
49357,I_2,E2CONTROLMEDIA,N,sonnet
49357,I_2,E2CONTROLECONOMY,N,sonnet
49357,I_2,E2CONTROLGOV,N,sonnet
49357,I_2,E2CONTROLOTHER,N,sonnet
49357,I_2,E3COLLECTIVEBLAME,I,sonnet
48510,I_2,E1VIOLENCE,N,sonnet
48510,I_2,E1RADICAL,N,sonnet
48510,I_2,E2ALLEGATION,N,sonnet
48510,I_2,E2DEHUMANIZATION,N,sonnet
48510,I_2,E2DEMONIZE,N,sonnet
48510,I_2,E2STEREOTYPE,N,sonnet
48510,I_2,E2COLLECTIVEPOWER,N,sonnet
48510,I_2,E2CONSPIRACY,N,sonnet
48510,I_2,E2CONTROLMEDIA,N,sonnet
48510,I_2,E2CONTROLECONOMY,N,sonnet
48510,I_2,E2CONTROLGOV,N,sonnet
48510,I_2,E2CONTROLOTHER,N,sonnet
48510,I_2,E3COLLECTIVEBLAME,N,sonnet
18838,I_2,E1VIOLENCE,N,sonnet
18838,I_2,E1RADICAL,N,sonnet
18838,I_2,E2ALLEGATION,N,sonnet
18838,I_2,E2DEHUMANIZATION,N,sonnet
18838,I_2,E2DEMONIZE,N,sonnet
18838,I_2,E2STEREOTYPE,N,sonnet
18838,I_2,E2COLLECTIVEPOWER,N,sonnet
18838,I_2,E2CONSPIRACY,N,sonnet
18838,I_2,E2CONTROLMEDIA,N,sonnet
18838,I_2,E2CONTROLECONOMY,N,sonnet
18838,I_2,E2CONTROLGOV,N,sonnet
18838,I_2,E2CONTROLOTHER,N,sonnet
18838,I_2,E3COLLECTIVEBLAME,N,sonnet
2485,I_2,E1VIOLENCE,N,sonnet
2485,I_2,E1RADICAL,N,sonnet
2485,I_2,E2ALLEGATION,N,sonnet
2485,I_2,E2DEHUMANIZATION,N,sonnet
2485,I_2,E2DEMONIZE,N,sonnet
2485,I_2,E2STEREOTYPE,N,sonnet
2485,I_2,E2COLLECTIVEPOWER,N,sonnet
2485,I_2,E2CONSPIRACY,N,sonnet
2485,I_2,E2CONTROLMEDIA,N,sonnet
2485,I_2,E2CONTROLECONOMY,N,sonnet
2485,I_2,E2CONTROLGOV,N,sonnet
2485,I_2,E2CONTROLOTHER,N,sonnet
2485,I_2,E3COLLECTIVEBLAME,N,sonnet
3225,I_2,E1VIOLENCE,N,sonnet
3225,I_2,E1RADICAL,N,sonnet
3225,I_2,E2ALLEGATION,N,sonnet
3225,I_2,E2DEHUMANIZATION,N,sonnet
3225,I_2,E2DEMONIZE,N,sonnet
3225,I_2,E2STEREOTYPE,I,sonnet
3225,I_2,E2COLLECTIVEPOWER,I,sonnet
3225,I_2,E2CONSPIRACY,N,sonnet
3225,I_2,E2CONTROLMEDIA,N,sonnet
3225,I_2,E2CONTROLECONOMY,N,sonnet
3225,I_2,E2CONTROLGOV,N,sonnet
3225,I_2,E2CONTROLOTHER,N,sonnet
3225,I_2,E3COLLECTIVEBLAME,N,sonnet
36407,I_2,E1VIOLENCE,N,sonnet
36407,I_2,E1RADICAL,N,sonnet
36407,I_2,E2ALLEGATION,N,sonnet
36407,I_2,E2DEHUMANIZATION,N,sonnet
36407,I_2,E2DEMONIZE,N,sonnet
36407,I_2,E2STEREOTYPE,N,sonnet
36407,I_2,E2COLLECTIVEPOWER,N,sonnet
36407,I_2,E2CONSPIRACY,N,sonnet
36407,I_2,E2CONTROLMEDIA,N,sonnet
36407,I_2,E2CONTROLECONOMY,N,sonnet
36407,I_2,E2CONTROLGOV,N,sonnet
36407,I_2,E2CONTROLOTHER,N,sonnet
36407,I_2,E3COLLECTIVEBLAME,N,sonnet
45707,I_2,E1VIOLENCE,N,sonnet
45707,I_2,E1RADICAL,N,sonnet
45707,I_2,E2ALLEGATION,E,sonnet
45707,I_2,E2DEHUMANIZATION,E,sonnet
45707,I_2,E2DEMONIZE,E,sonnet
45707,I_2,E2STEREOTYPE,E,sonnet
45707,I_2,E2COLLECTIVEPOWER,N,sonnet
45707,I_2,E2CONSPIRACY,N,sonnet
45707,I_2,E2CONTROLMEDIA,N,sonnet
45707,I_2,E2CONTROLECONOMY,N,sonnet
45707,I_2,E2CONTROLGOV,N,sonnet
45707,I_2,E2CONTROLOTHER,N,sonnet
45707,I_2,E3COLLECTIVEBLAME,N,sonnet
2432,I_2,E1VIOLENCE,E,sonnet
2432,I_2,E1RADICAL,N,sonnet
2432,I_2,E2ALLEGATION,N,sonnet
2432,I_2,E2DEHUMANIZATION,I,sonnet
2432,I_2,E2DEMONIZE,N,sonnet
2432,I_2,E2STEREOTYPE,N,sonnet
2432,I_2,E2COLLECTIVEPOWER,N,sonnet
2432,I_2,E2CONSPIRACY,N,sonnet
2432,I_2,E2CONTROLMEDIA,N,sonnet
2432,I_2,E2CONTROLECONOMY,N,sonnet
2432,I_2,E2CONTROLGOV,N,sonnet
2432,I_2,E2CONTROLOTHER,N,sonnet
2432,I_2,E3COLLECTIVEBLAME,N,sonnet
7343,I_2,E1VIOLENCE,N,sonnet
7343,I_2,E1RADICAL,N,sonnet
7343,I_2,E2ALLEGATION,N,sonnet
7343,I_2,E2DEHUMANIZATION,N,sonnet
7343,I_2,E2DEMONIZE,N,sonnet
7343,I_2,E2STEREOTYPE,N,sonnet
7343,I_2,E2COLLECTIVEPOWER,N,sonnet
7343,I_2,E2CONSPIRACY,N,sonnet
7343,I_2,E2CONTROLMEDIA,N,sonnet
7343,I_2,E2CONTROLECONOMY,N,sonnet
7343,I_2,E2CONTROLGOV,N,sonnet
7343,I_2,E2CONTROLOTHER,N,sonnet
7343,I_2,E3COLLECTIVEBLAME,N,sonnet
30140,I_2,E1VIOLENCE,N,sonnet
30140,I_2,E1RADICAL,N,sonnet
30140,I_2,E2ALLEGATION,N,sonnet
30140,I_2,E2DEHUMANIZATION,N,sonnet
30140,I_2,E2DEMONIZE,N,sonnet
30140,I_2,E2STEREOTYPE,A,sonnet
30140,I_2,E2COLLECTIVEPOWER,N,sonnet
30140,I_2,E2CONSPIRACY,N,sonnet
30140,I_2,E2CONTROLMEDIA,N,sonnet
30140,I_2,E2CONTROLECONOMY,N,sonnet
30140,I_2,E2CONTROLGOV,N,sonnet
30140,I_2,E2CONTROLOTHER,N,sonnet
30140,I_2,E3COLLECTIVEBLAME,N,sonnet
12245,I_2,E1VIOLENCE,N,sonnet
12245,I_2,E1RADICAL,N,sonnet
12245,I_2,E2ALLEGATION,N,sonnet
12245,I_2,E2DEHUMANIZATION,N,sonnet
12245,I_2,E2DEMONIZE,N,sonnet
12245,I_2,E2STEREOTYPE,N,sonnet
12245,I_2,E2COLLECTIVEPOWER,N,sonnet
12245,I_2,E2CONSPIRACY,N,sonnet
12245,I_2,E2CONTROLMEDIA,N,sonnet
12245,I_2,E2CONTROLECONOMY,N,sonnet
12245,I_2,E2CONTROLGOV,N,sonnet
12245,I_2,E2CONTROLOTHER,N,sonnet
12245,I_2,E3COLLECTIVEBLAME,N,sonnet
49529,I_2,E1VIOLENCE,N,sonnet
49529,I_2,E1RADICAL,N,sonnet
49529,I_2,E2ALLEGATION,I,sonnet
49529,I_2,E2DEHUMANIZATION,N,sonnet
49529,I_2,E2DEMONIZE,I,sonnet
49529,I_2,E2STEREOTYPE,I,sonnet
49529,I_2,E2COLLECTIVEPOWER,N,sonnet
49529,I_2,E2CONSPIRACY,N,sonnet
49529,I_2,E2CONTROLMEDIA,N,sonnet
49529,I_2,E2CONTROLECONOMY,N,sonnet
49529,I_2,E2CONTROLGOV,N,sonnet
49529,I_2,E2CONTROLOTHER,N,sonnet
49529,I_2,E3COLLECTIVEBLAME,I,sonnet
4274,I_2,E1VIOLENCE,N,sonnet
4274,I_2,E1RADICAL,N,sonnet
4274,I_2,E2ALLEGATION,N,sonnet
4274,I_2,E2DEHUMANIZATION,N,sonnet
4274,I_2,E2DEMONIZE,N,sonnet
4274,I_2,E2STEREOTYPE,N,sonnet
4274,I_2,E2COLLECTIVEPOWER,N,sonnet
4274,I_2,E2CONSPIRACY,N,sonnet
4274,I_2,E2CONTROLMEDIA,N,sonnet
4274,I_2,E2CONTROLECONOMY,N,sonnet
4274,I_2,E2CONTROLGOV,N,sonnet
4274,I_2,E2CONTROLOTHER,N,sonnet
4274,I_2,E3COLLECTIVEBLAME,N,sonnet
46559,I_2,E1VIOLENCE,N,sonnet
46559,I_2,E1RADICAL,N,sonnet
46559,I_2,E2ALLEGATION,N,sonnet
46559,I_2,E2DEHUMANIZATION,N,sonnet
46559,I_2,E2DEMONIZE,N,sonnet
46559,I_2,E2STEREOTYPE,N,sonnet
46559,I_2,E2COLLECTIVEPOWER,N,sonnet
46559,I_2,E2CONSPIRACY,N,sonnet
46559,I_2,E2CONTROLMEDIA,N,sonnet
46559,I_2,E2CONTROLECONOMY,N,sonnet
46559,I_2,E2CONTROLGOV,N,sonnet
46559,I_2,E2CONTROLOTHER,N,sonnet
46559,I_2,E3COLLECTIVEBLAME,N,sonnet
36276,I_2,E1VIOLENCE,N,sonnet
36276,I_2,E1RADICAL,N,sonnet
36276,I_2,E2ALLEGATION,N,sonnet
36276,I_2,E2DEHUMANIZATION,N,sonnet
36276,I_2,E2DEMONIZE,N,sonnet
36276,I_2,E2STEREOTYPE,N,sonnet
36276,I_2,E2COLLECTIVEPOWER,N,sonnet
36276,I_2,E2CONSPIRACY,N,sonnet
36276,I_2,E2CONTROLMEDIA,N,sonnet
36276,I_2,E2CONTROLECONOMY,N,sonnet
36276,I_2,E2CONTROLGOV,N,sonnet
36276,I_2,E2CONTROLOTHER,N,sonnet
36276,I_2,E3COLLECTIVEBLAME,N,sonnet
39970,I_2,E1VIOLENCE,N,sonnet
39970,I_2,E1RADICAL,N,sonnet
39970,I_2,E2ALLEGATION,N,sonnet
39970,I_2,E2DEHUMANIZATION,N,sonnet
39970,I_2,E2DEMONIZE,N,sonnet
39970,I_2,E2STEREOTYPE,N,sonnet
39970,I_2,E2COLLECTIVEPOWER,N,sonnet
39970,I_2,E2CONSPIRACY,N,sonnet
39970,I_2,E2CONTROLMEDIA,N,sonnet
39970,I_2,E2CONTROLECONOMY,N,sonnet
39970,I_2,E2CONTROLGOV,N,sonnet
39970,I_2,E2CONTROLOTHER,N,sonnet
39970,I_2,E3COLLECTIVEBLAME,N,sonnet
7168,I_2,E1VIOLENCE,N,sonnet
7168,I_2,E1RADICAL,N,sonnet
7168,I_2,E2ALLEGATION,N,sonnet
7168,I_2,E2DEHUMANIZATION,N,sonnet
7168,I_2,E2DEMONIZE,N,sonnet
7168,I_2,E2STEREOTYPE,N,sonnet
7168,I_2,E2COLLECTIVEPOWER,N,sonnet
7168,I_2,E2CONSPIRACY,N,sonnet
7168,I_2,E2CONTROLMEDIA,N,sonnet
7168,I_2,E2CONTROLECONOMY,N,sonnet
7168,I_2,E2CONTROLGOV,N,sonnet
7168,I_2,E2CONTROLOTHER,N,sonnet
7168,I_2,E3COLLECTIVEBLAME,N,sonnet
38068,I_2,E1VIOLENCE,N,sonnet
38068,I_2,E1RADICAL,N,sonnet
38068,I_2,E2ALLEGATION,N,sonnet
38068,I_2,E2DEHUMANIZATION,I,sonnet
38068,I_2,E2DEMONIZE,I,sonnet
38068,I_2,E2STEREOTYPE,N,sonnet
38068,I_2,E2COLLECTIVEPOWER,N,sonnet
38068,I_2,E2CONSPIRACY,N,sonnet
38068,I_2,E2CONTROLMEDIA,N,sonnet
38068,I_2,E2CONTROLECONOMY,N,sonnet
38068,I_2,E2CONTROLGOV,N,sonnet
38068,I_2,E2CONTROLOTHER,N,sonnet
38068,I_2,E3COLLECTIVEBLAME,N,sonnet
35164,I_2,E1VIOLENCE,N,sonnet
35164,I_2,E1RADICAL,N,sonnet
35164,I_2,E2ALLEGATION,N,sonnet
35164,I_2,E2DEHUMANIZATION,N,sonnet
35164,I_2,E2DEMONIZE,N,sonnet
35164,I_2,E2STEREOTYPE,N,sonnet
35164,I_2,E2COLLECTIVEPOWER,N,sonnet
35164,I_2,E2CONSPIRACY,N,sonnet
35164,I_2,E2CONTROLMEDIA,N,sonnet
35164,I_2,E2CONTROLECONOMY,N,sonnet
35164,I_2,E2CONTROLGOV,N,sonnet
35164,I_2,E2CONTROLOTHER,N,sonnet
35164,I_2,E3COLLECTIVEBLAME,N,sonnet
48598,I_2,E1VIOLENCE,N,sonnet
48598,I_2,E1RADICAL,N,sonnet
48598,I_2,E2ALLEGATION,N,sonnet
48598,I_2,E2DEHUMANIZATION,N,sonnet
48598,I_2,E2DEMONIZE,N,sonnet
48598,I_2,E2STEREOTYPE,N,sonnet
48598,I_2,E2COLLECTIVEPOWER,N,sonnet
48598,I_2,E2CONSPIRACY,N,sonnet
48598,I_2,E2CONTROLMEDIA,N,sonnet
48598,I_2,E2CONTROLECONOMY,N,sonnet
48598,I_2,E2CONTROLGOV,N,sonnet
48598,I_2,E2CONTROLOTHER,N,sonnet
48598,I_2,E3COLLECTIVEBLAME,N,sonnet
18123,I_2,E1VIOLENCE,N,sonnet
18123,I_2,E1RADICAL,N,sonnet
18123,I_2,E2ALLEGATION,N,sonnet
18123,I_2,E2DEHUMANIZATION,N,sonnet
18123,I_2,E2DEMONIZE,N,sonnet
18123,I_2,E2STEREOTYPE,N,sonnet
18123,I_2,E2COLLECTIVEPOWER,N,sonnet
18123,I_2,E2CONSPIRACY,N,sonnet
18123,I_2,E2CONTROLMEDIA,N,sonnet
18123,I_2,E2CONTROLECONOMY,N,sonnet
18123,I_2,E2CONTROLGOV,N,sonnet
18123,I_2,E2CONTROLOTHER,N,sonnet
18123,I_2,E3COLLECTIVEBLAME,N,sonnet
37875,I_2,E1VIOLENCE,N,sonnet
37875,I_2,E1RADICAL,N,sonnet
37875,I_2,E2ALLEGATION,N,sonnet
37875,I_2,E2DEHUMANIZATION,N,sonnet
37875,I_2,E2DEMONIZE,N,sonnet
37875,I_2,E2STEREOTYPE,N,sonnet
37875,I_2,E2COLLECTIVEPOWER,N,sonnet
37875,I_2,E2CONSPIRACY,N,sonnet
37875,I_2,E2CONTROLMEDIA,N,sonnet
37875,I_2,E2CONTROLECONOMY,N,sonnet
37875,I_2,E2CONTROLGOV,N,sonnet
37875,I_2,E2CONTROLOTHER,N,sonnet
37875,I_2,E3COLLECTIVEBLAME,N,sonnet
9251,I_2,E1VIOLENCE,N,sonnet
9251,I_2,E1RADICAL,N,sonnet
9251,I_2,E2ALLEGATION,N,sonnet
9251,I_2,E2DEHUMANIZATION,N,sonnet
9251,I_2,E2DEMONIZE,N,sonnet
9251,I_2,E2STEREOTYPE,N,sonnet
9251,I_2,E2COLLECTIVEPOWER,N,sonnet
9251,I_2,E2CONSPIRACY,N,sonnet
9251,I_2,E2CONTROLMEDIA,N,sonnet
9251,I_2,E2CONTROLECONOMY,N,sonnet
9251,I_2,E2CONTROLGOV,N,sonnet
9251,I_2,E2CONTROLOTHER,N,sonnet
9251,I_2,E3COLLECTIVEBLAME,N,sonnet
28147,I_2,E1VIOLENCE,N,sonnet
28147,I_2,E1RADICAL,N,sonnet
28147,I_2,E2ALLEGATION,I,sonnet
28147,I_2,E2DEHUMANIZATION,N,sonnet
28147,I_2,E2DEMONIZE,N,sonnet
28147,I_2,E2STEREOTYPE,N,sonnet
28147,I_2,E2COLLECTIVEPOWER,N,sonnet
28147,I_2,E2CONSPIRACY,N,sonnet
28147,I_2,E2CONTROLMEDIA,N,sonnet
28147,I_2,E2CONTROLECONOMY,N,sonnet
28147,I_2,E2CONTROLGOV,N,sonnet
28147,I_2,E2CONTROLOTHER,N,sonnet
28147,I_2,E3COLLECTIVEBLAME,N,sonnet
22540,I_2,E1VIOLENCE,N,sonnet
22540,I_2,E1RADICAL,N,sonnet
22540,I_2,E2ALLEGATION,N,sonnet
22540,I_2,E2DEHUMANIZATION,N,sonnet
22540,I_2,E2DEMONIZE,N,sonnet
22540,I_2,E2STEREOTYPE,N,sonnet
22540,I_2,E2COLLECTIVEPOWER,N,sonnet
22540,I_2,E2CONSPIRACY,N,sonnet
22540,I_2,E2CONTROLMEDIA,N,sonnet
22540,I_2,E2CONTROLECONOMY,N,sonnet
22540,I_2,E2CONTROLGOV,N,sonnet
22540,I_2,E2CONTROLOTHER,N,sonnet
22540,I_2,E3COLLECTIVEBLAME,N,sonnet
10925,I_2,E1VIOLENCE,N,sonnet
10925,I_2,E1RADICAL,N,sonnet
10925,I_2,E2ALLEGATION,N,sonnet
10925,I_2,E2DEHUMANIZATION,N,sonnet
10925,I_2,E2DEMONIZE,N,sonnet
10925,I_2,E2STEREOTYPE,N,sonnet
10925,I_2,E2COLLECTIVEPOWER,N,sonnet
10925,I_2,E2CONSPIRACY,N,sonnet
10925,I_2,E2CONTROLMEDIA,N,sonnet
10925,I_2,E2CONTROLECONOMY,N,sonnet
10925,I_2,E2CONTROLGOV,N,sonnet
10925,I_2,E2CONTROLOTHER,N,sonnet
10925,I_2,E3COLLECTIVEBLAME,N,sonnet
20017,I_2,E1VIOLENCE,N,sonnet
20017,I_2,E1RADICAL,N,sonnet
20017,I_2,E2ALLEGATION,N,sonnet
20017,I_2,E2DEHUMANIZATION,N,sonnet
20017,I_2,E2DEMONIZE,N,sonnet
20017,I_2,E2STEREOTYPE,N,sonnet
20017,I_2,E2COLLECTIVEPOWER,N,sonnet
20017,I_2,E2CONSPIRACY,N,sonnet
20017,I_2,E2CONTROLMEDIA,N,sonnet
20017,I_2,E2CONTROLECONOMY,N,sonnet
20017,I_2,E2CONTROLGOV,N,sonnet
20017,I_2,E2CONTROLOTHER,N,sonnet
20017,I_2,E3COLLECTIVEBLAME,N,sonnet
41775,I_2,E1VIOLENCE,N,sonnet
41775,I_2,E1RADICAL,N,sonnet
41775,I_2,E2ALLEGATION,N,sonnet
41775,I_2,E2DEHUMANIZATION,N,sonnet
41775,I_2,E2DEMONIZE,N,sonnet
41775,I_2,E2STEREOTYPE,N,sonnet
41775,I_2,E2COLLECTIVEPOWER,N,sonnet
41775,I_2,E2CONSPIRACY,N,sonnet
41775,I_2,E2CONTROLMEDIA,N,sonnet
41775,I_2,E2CONTROLECONOMY,N,sonnet
41775,I_2,E2CONTROLGOV,N,sonnet
41775,I_2,E2CONTROLOTHER,N,sonnet
41775,I_2,E3COLLECTIVEBLAME,N,sonnet
18300,I_2,E1VIOLENCE,N,sonnet
18300,I_2,E1RADICAL,N,sonnet
18300,I_2,E2ALLEGATION,N,sonnet
18300,I_2,E2DEHUMANIZATION,N,sonnet
18300,I_2,E2DEMONIZE,N,sonnet
18300,I_2,E2STEREOTYPE,N,sonnet
18300,I_2,E2COLLECTIVEPOWER,N,sonnet
18300,I_2,E2CONSPIRACY,N,sonnet
18300,I_2,E2CONTROLMEDIA,N,sonnet
18300,I_2,E2CONTROLECONOMY,N,sonnet
18300,I_2,E2CONTROLGOV,N,sonnet
18300,I_2,E2CONTROLOTHER,N,sonnet
18300,I_2,E3COLLECTIVEBLAME,N,sonnet
49519,I_2,E1VIOLENCE,N,sonnet
49519,I_2,E1RADICAL,N,sonnet
49519,I_2,E2ALLEGATION,A,sonnet
49519,I_2,E2DEHUMANIZATION,N,sonnet
49519,I_2,E2DEMONIZE,A,sonnet
49519,I_2,E2STEREOTYPE,A,sonnet
49519,I_2,E2COLLECTIVEPOWER,N,sonnet
49519,I_2,E2CONSPIRACY,N,sonnet
49519,I_2,E2CONTROLMEDIA,N,sonnet
49519,I_2,E2CONTROLECONOMY,N,sonnet
49519,I_2,E2CONTROLGOV,N,sonnet
49519,I_2,E2CONTROLOTHER,N,sonnet
49519,I_2,E3COLLECTIVEBLAME,N,sonnet
36633,I_2,E1VIOLENCE,N,sonnet
36633,I_2,E1RADICAL,N,sonnet
36633,I_2,E2ALLEGATION,N,sonnet
36633,I_2,E2DEHUMANIZATION,N,sonnet
36633,I_2,E2DEMONIZE,N,sonnet
36633,I_2,E2STEREOTYPE,N,sonnet
36633,I_2,E2COLLECTIVEPOWER,N,sonnet
36633,I_2,E2CONSPIRACY,N,sonnet
36633,I_2,E2CONTROLMEDIA,N,sonnet
36633,I_2,E2CONTROLECONOMY,N,sonnet
36633,I_2,E2CONTROLGOV,N,sonnet
36633,I_2,E2CONTROLOTHER,N,sonnet
36633,I_2,E3COLLECTIVEBLAME,N,sonnet
40729,I_2,E1VIOLENCE,N,sonnet
40729,I_2,E1RADICAL,N,sonnet
40729,I_2,E2ALLEGATION,N,sonnet
40729,I_2,E2DEHUMANIZATION,E,sonnet
40729,I_2,E2DEMONIZE,N,sonnet
40729,I_2,E2STEREOTYPE,E,sonnet
40729,I_2,E2COLLECTIVEPOWER,N,sonnet
40729,I_2,E2CONSPIRACY,N,sonnet
40729,I_2,E2CONTROLMEDIA,I,sonnet
40729,I_2,E2CONTROLECONOMY,N,sonnet
40729,I_2,E2CONTROLGOV,N,sonnet
40729,I_2,E2CONTROLOTHER,N,sonnet
40729,I_2,E3COLLECTIVEBLAME,N,sonnet
43275,I_2,E1VIOLENCE,N,sonnet
43275,I_2,E1RADICAL,N,sonnet
43275,I_2,E2ALLEGATION,I,sonnet
43275,I_2,E2DEHUMANIZATION,N,sonnet
43275,I_2,E2DEMONIZE,I,sonnet
43275,I_2,E2STEREOTYPE,N,sonnet
43275,I_2,E2COLLECTIVEPOWER,N,sonnet
43275,I_2,E2CONSPIRACY,N,sonnet
43275,I_2,E2CONTROLMEDIA,N,sonnet
43275,I_2,E2CONTROLECONOMY,N,sonnet
43275,I_2,E2CONTROLGOV,N,sonnet
43275,I_2,E2CONTROLOTHER,N,sonnet
43275,I_2,E3COLLECTIVEBLAME,I,sonnet
3899,I_2,E1VIOLENCE,N,sonnet
3899,I_2,E1RADICAL,N,sonnet
3899,I_2,E2ALLEGATION,N,sonnet
3899,I_2,E2DEHUMANIZATION,N,sonnet
3899,I_2,E2DEMONIZE,N,sonnet
3899,I_2,E2STEREOTYPE,N,sonnet
3899,I_2,E2COLLECTIVEPOWER,N,sonnet
3899,I_2,E2CONSPIRACY,N,sonnet
3899,I_2,E2CONTROLMEDIA,N,sonnet
3899,I_2,E2CONTROLECONOMY,N,sonnet
3899,I_2,E2CONTROLGOV,N,sonnet
3899,I_2,E2CONTROLOTHER,N,sonnet
3899,I_2,E3COLLECTIVEBLAME,N,sonnet
10331,I_2,E1VIOLENCE,N,sonnet
10331,I_2,E1RADICAL,N,sonnet
10331,I_2,E2ALLEGATION,N,sonnet
10331,I_2,E2DEHUMANIZATION,N,sonnet
10331,I_2,E2DEMONIZE,N,sonnet
10331,I_2,E2STEREOTYPE,N,sonnet
10331,I_2,E2COLLECTIVEPOWER,N,sonnet
10331,I_2,E2CONSPIRACY,N,sonnet
10331,I_2,E2CONTROLMEDIA,N,sonnet
10331,I_2,E2CONTROLECONOMY,N,sonnet
10331,I_2,E2CONTROLGOV,N,sonnet
10331,I_2,E2CONTROLOTHER,N,sonnet
10331,I_2,E3COLLECTIVEBLAME,N,sonnet
16663,I_2,E1VIOLENCE,N,sonnet
16663,I_2,E1RADICAL,N,sonnet
16663,I_2,E2ALLEGATION,N,sonnet
16663,I_2,E2DEHUMANIZATION,N,sonnet
16663,I_2,E2DEMONIZE,N,sonnet
16663,I_2,E2STEREOTYPE,N,sonnet
16663,I_2,E2COLLECTIVEPOWER,N,sonnet
16663,I_2,E2CONSPIRACY,N,sonnet
16663,I_2,E2CONTROLMEDIA,N,sonnet
16663,I_2,E2CONTROLECONOMY,N,sonnet
16663,I_2,E2CONTROLGOV,N,sonnet
16663,I_2,E2CONTROLOTHER,N,sonnet
16663,I_2,E3COLLECTIVEBLAME,N,sonnet
45955,I_2,E1VIOLENCE,N,sonnet
45955,I_2,E1RADICAL,N,sonnet
45955,I_2,E2ALLEGATION,N,sonnet
45955,I_2,E2DEHUMANIZATION,N,sonnet
45955,I_2,E2DEMONIZE,N,sonnet
45955,I_2,E2STEREOTYPE,N,sonnet
45955,I_2,E2COLLECTIVEPOWER,N,sonnet
45955,I_2,E2CONSPIRACY,N,sonnet
45955,I_2,E2CONTROLMEDIA,N,sonnet
45955,I_2,E2CONTROLECONOMY,N,sonnet
45955,I_2,E2CONTROLGOV,N,sonnet
45955,I_2,E2CONTROLOTHER,N,sonnet
45955,I_2,E3COLLECTIVEBLAME,N,sonnet
9230,I_2,E1VIOLENCE,N,sonnet
9230,I_2,E1RADICAL,N,sonnet
9230,I_2,E2ALLEGATION,N,sonnet
9230,I_2,E2DEHUMANIZATION,N,sonnet
9230,I_2,E2DEMONIZE,N,sonnet
9230,I_2,E2STEREOTYPE,N,sonnet
9230,I_2,E2COLLECTIVEPOWER,N,sonnet
9230,I_2,E2CONSPIRACY,N,sonnet
9230,I_2,E2CONTROLMEDIA,N,sonnet
9230,I_2,E2CONTROLECONOMY,N,sonnet
9230,I_2,E2CONTROLGOV,N,sonnet
9230,I_2,E2CONTROLOTHER,N,sonnet
9230,I_2,E3COLLECTIVEBLAME,N,sonnet
22861,I_2,E1VIOLENCE,N,sonnet
22861,I_2,E1RADICAL,N,sonnet
22861,I_2,E2ALLEGATION,N,sonnet
22861,I_2,E2DEHUMANIZATION,N,sonnet
22861,I_2,E2DEMONIZE,N,sonnet
22861,I_2,E2STEREOTYPE,N,sonnet
22861,I_2,E2COLLECTIVEPOWER,N,sonnet
22861,I_2,E2CONSPIRACY,N,sonnet
22861,I_2,E2CONTROLMEDIA,N,sonnet
22861,I_2,E2CONTROLECONOMY,N,sonnet
22861,I_2,E2CONTROLGOV,N,sonnet
22861,I_2,E2CONTROLOTHER,N,sonnet
22861,I_2,E3COLLECTIVEBLAME,N,sonnet
25108,I_2,E1VIOLENCE,N,sonnet
25108,I_2,E1RADICAL,N,sonnet
25108,I_2,E2ALLEGATION,N,sonnet
25108,I_2,E2DEHUMANIZATION,N,sonnet
25108,I_2,E2DEMONIZE,N,sonnet
25108,I_2,E2STEREOTYPE,N,sonnet
25108,I_2,E2COLLECTIVEPOWER,N,sonnet
25108,I_2,E2CONSPIRACY,N,sonnet
25108,I_2,E2CONTROLMEDIA,N,sonnet
25108,I_2,E2CONTROLECONOMY,N,sonnet
25108,I_2,E2CONTROLGOV,N,sonnet
25108,I_2,E2CONTROLOTHER,N,sonnet
25108,I_2,E3COLLECTIVEBLAME,N,sonnet
27078,I_2,E1VIOLENCE,N,sonnet
27078,I_2,E1RADICAL,N,sonnet
27078,I_2,E2ALLEGATION,N,sonnet
27078,I_2,E2DEHUMANIZATION,N,sonnet
27078,I_2,E2DEMONIZE,N,sonnet
27078,I_2,E2STEREOTYPE,N,sonnet
27078,I_2,E2COLLECTIVEPOWER,N,sonnet
27078,I_2,E2CONSPIRACY,N,sonnet
27078,I_2,E2CONTROLMEDIA,N,sonnet
27078,I_2,E2CONTROLECONOMY,N,sonnet
27078,I_2,E2CONTROLGOV,N,sonnet
27078,I_2,E2CONTROLOTHER,N,sonnet
27078,I_2,E3COLLECTIVEBLAME,N,sonnet
33434,I_2,E1VIOLENCE,N,sonnet
33434,I_2,E1RADICAL,N,sonnet
33434,I_2,E2ALLEGATION,N,sonnet
33434,I_2,E2DEHUMANIZATION,N,sonnet
33434,I_2,E2DEMONIZE,N,sonnet
33434,I_2,E2STEREOTYPE,N,sonnet
33434,I_2,E2COLLECTIVEPOWER,N,sonnet
33434,I_2,E2CONSPIRACY,N,sonnet
33434,I_2,E2CONTROLMEDIA,N,sonnet
33434,I_2,E2CONTROLECONOMY,N,sonnet
33434,I_2,E2CONTROLGOV,N,sonnet
33434,I_2,E2CONTROLOTHER,N,sonnet
33434,I_2,E3COLLECTIVEBLAME,N,sonnet
8229,I_2,E1VIOLENCE,N,sonnet
8229,I_2,E1RADICAL,N,sonnet
8229,I_2,E2ALLEGATION,N,sonnet
8229,I_2,E2DEHUMANIZATION,N,sonnet
8229,I_2,E2DEMONIZE,N,sonnet
8229,I_2,E2STEREOTYPE,N,sonnet
8229,I_2,E2COLLECTIVEPOWER,N,sonnet
8229,I_2,E2CONSPIRACY,N,sonnet
8229,I_2,E2CONTROLMEDIA,N,sonnet
8229,I_2,E2CONTROLECONOMY,N,sonnet
8229,I_2,E2CONTROLGOV,N,sonnet
8229,I_2,E2CONTROLOTHER,N,sonnet
8229,I_2,E3COLLECTIVEBLAME,N,sonnet
18257,I_2,E1VIOLENCE,N,sonnet
18257,I_2,E1RADICAL,N,sonnet
18257,I_2,E2ALLEGATION,N,sonnet
18257,I_2,E2DEHUMANIZATION,N,sonnet
18257,I_2,E2DEMONIZE,N,sonnet
18257,I_2,E2STEREOTYPE,N,sonnet
18257,I_2,E2COLLECTIVEPOWER,N,sonnet
18257,I_2,E2CONSPIRACY,N,sonnet
18257,I_2,E2CONTROLMEDIA,N,sonnet
18257,I_2,E2CONTROLECONOMY,N,sonnet
18257,I_2,E2CONTROLGOV,N,sonnet
18257,I_2,E2CONTROLOTHER,N,sonnet
18257,I_2,E3COLLECTIVEBLAME,N,sonnet
39638,I_2,E1VIOLENCE,N,sonnet
39638,I_2,E1RADICAL,N,sonnet
39638,I_2,E2ALLEGATION,N,sonnet
39638,I_2,E2DEHUMANIZATION,N,sonnet
39638,I_2,E2DEMONIZE,N,sonnet
39638,I_2,E2STEREOTYPE,N,sonnet
39638,I_2,E2COLLECTIVEPOWER,N,sonnet
39638,I_2,E2CONSPIRACY,N,sonnet
39638,I_2,E2CONTROLMEDIA,N,sonnet
39638,I_2,E2CONTROLECONOMY,N,sonnet
39638,I_2,E2CONTROLGOV,N,sonnet
39638,I_2,E2CONTROLOTHER,N,sonnet
39638,I_2,E3COLLECTIVEBLAME,N,sonnet
48585,I_2,E1VIOLENCE,N,sonnet
48585,I_2,E1RADICAL,N,sonnet
48585,I_2,E2ALLEGATION,E,sonnet
48585,I_2,E2DEHUMANIZATION,E,sonnet
48585,I_2,E2DEMONIZE,E,sonnet
48585,I_2,E2STEREOTYPE,E,sonnet
48585,I_2,E2COLLECTIVEPOWER,N,sonnet
48585,I_2,E2CONSPIRACY,N,sonnet
48585,I_2,E2CONTROLMEDIA,N,sonnet
48585,I_2,E2CONTROLECONOMY,N,sonnet
48585,I_2,E2CONTROLGOV,N,sonnet
48585,I_2,E2CONTROLOTHER,N,sonnet
48585,I_2,E3COLLECTIVEBLAME,N,sonnet
19533,I_2,E1VIOLENCE,A,sonnet
19533,I_2,E1RADICAL,A,sonnet
19533,I_2,E2ALLEGATION,N,sonnet
19533,I_2,E2DEHUMANIZATION,N,sonnet
19533,I_2,E2DEMONIZE,N,sonnet
19533,I_2,E2STEREOTYPE,N,sonnet
19533,I_2,E2COLLECTIVEPOWER,N,sonnet
19533,I_2,E2CONSPIRACY,N,sonnet
19533,I_2,E2CONTROLMEDIA,N,sonnet
19533,I_2,E2CONTROLECONOMY,N,sonnet
19533,I_2,E2CONTROLGOV,N,sonnet
19533,I_2,E2CONTROLOTHER,N,sonnet
19533,I_2,E3COLLECTIVEBLAME,N,sonnet
27662,I_2,E1VIOLENCE,N,sonnet
27662,I_2,E1RADICAL,N,sonnet
27662,I_2,E2ALLEGATION,N,sonnet
27662,I_2,E2DEHUMANIZATION,N,sonnet
27662,I_2,E2DEMONIZE,N,sonnet
27662,I_2,E2STEREOTYPE,N,sonnet
27662,I_2,E2COLLECTIVEPOWER,N,sonnet
27662,I_2,E2CONSPIRACY,N,sonnet
27662,I_2,E2CONTROLMEDIA,N,sonnet
27662,I_2,E2CONTROLECONOMY,N,sonnet
27662,I_2,E2CONTROLGOV,N,sonnet
27662,I_2,E2CONTROLOTHER,N,sonnet
27662,I_2,E3COLLECTIVEBLAME,N,sonnet
41878,I_2,E1VIOLENCE,N,sonnet
41878,I_2,E1RADICAL,N,sonnet
41878,I_2,E2ALLEGATION,N,sonnet
41878,I_2,E2DEHUMANIZATION,N,sonnet
41878,I_2,E2DEMONIZE,N,sonnet
41878,I_2,E2STEREOTYPE,N,sonnet
41878,I_2,E2COLLECTIVEPOWER,N,sonnet
41878,I_2,E2CONSPIRACY,N,sonnet
41878,I_2,E2CONTROLMEDIA,N,sonnet
41878,I_2,E2CONTROLECONOMY,N,sonnet
41878,I_2,E2CONTROLGOV,N,sonnet
41878,I_2,E2CONTROLOTHER,N,sonnet
41878,I_2,E3COLLECTIVEBLAME,N,sonnet
22873,I_2,E1VIOLENCE,N,sonnet
22873,I_2,E1RADICAL,N,sonnet
22873,I_2,E2ALLEGATION,N,sonnet
22873,I_2,E2DEHUMANIZATION,N,sonnet
22873,I_2,E2DEMONIZE,N,sonnet
22873,I_2,E2STEREOTYPE,N,sonnet
22873,I_2,E2COLLECTIVEPOWER,N,sonnet
22873,I_2,E2CONSPIRACY,N,sonnet
22873,I_2,E2CONTROLMEDIA,N,sonnet
22873,I_2,E2CONTROLECONOMY,N,sonnet
22873,I_2,E2CONTROLGOV,N,sonnet
22873,I_2,E2CONTROLOTHER,N,sonnet
22873,I_2,E3COLLECTIVEBLAME,N,sonnet
20018,I_2,E1VIOLENCE,N,sonnet
20018,I_2,E1RADICAL,N,sonnet
20018,I_2,E2ALLEGATION,N,sonnet
20018,I_2,E2DEHUMANIZATION,N,sonnet
20018,I_2,E2DEMONIZE,N,sonnet
20018,I_2,E2STEREOTYPE,N,sonnet
20018,I_2,E2COLLECTIVEPOWER,N,sonnet
20018,I_2,E2CONSPIRACY,N,sonnet
20018,I_2,E2CONTROLMEDIA,N,sonnet
20018,I_2,E2CONTROLECONOMY,N,sonnet
20018,I_2,E2CONTROLGOV,N,sonnet
20018,I_2,E2CONTROLOTHER,N,sonnet
20018,I_2,E3COLLECTIVEBLAME,N,sonnet
28430,I_2,E1VIOLENCE,N,sonnet
28430,I_2,E1RADICAL,N,sonnet
28430,I_2,E2ALLEGATION,N,sonnet
28430,I_2,E2DEHUMANIZATION,N,sonnet
28430,I_2,E2DEMONIZE,N,sonnet
28430,I_2,E2STEREOTYPE,N,sonnet
28430,I_2,E2COLLECTIVEPOWER,N,sonnet
28430,I_2,E2CONSPIRACY,N,sonnet
28430,I_2,E2CONTROLMEDIA,N,sonnet
28430,I_2,E2CONTROLECONOMY,N,sonnet
28430,I_2,E2CONTROLGOV,N,sonnet
28430,I_2,E2CONTROLOTHER,N,sonnet
28430,I_2,E3COLLECTIVEBLAME,N,sonnet
1086,I_2,E1VIOLENCE,N,sonnet
1086,I_2,E1RADICAL,N,sonnet
1086,I_2,E2ALLEGATION,N,sonnet
1086,I_2,E2DEHUMANIZATION,N,sonnet
1086,I_2,E2DEMONIZE,N,sonnet
1086,I_2,E2STEREOTYPE,N,sonnet
1086,I_2,E2COLLECTIVEPOWER,N,sonnet
1086,I_2,E2CONSPIRACY,N,sonnet
1086,I_2,E2CONTROLMEDIA,N,sonnet
1086,I_2,E2CONTROLECONOMY,N,sonnet
1086,I_2,E2CONTROLGOV,N,sonnet
1086,I_2,E2CONTROLOTHER,N,sonnet
1086,I_2,E3COLLECTIVEBLAME,N,sonnet
13484,I_2,E1VIOLENCE,N,sonnet
13484,I_2,E1RADICAL,N,sonnet
13484,I_2,E2ALLEGATION,I,sonnet
13484,I_2,E2DEHUMANIZATION,I,sonnet
13484,I_2,E2DEMONIZE,N,sonnet
13484,I_2,E2STEREOTYPE,I,sonnet
13484,I_2,E2COLLECTIVEPOWER,N,sonnet
13484,I_2,E2CONSPIRACY,N,sonnet
13484,I_2,E2CONTROLMEDIA,N,sonnet
13484,I_2,E2CONTROLECONOMY,N,sonnet
13484,I_2,E2CONTROLGOV,N,sonnet
13484,I_2,E2CONTROLOTHER,N,sonnet
13484,I_2,E3COLLECTIVEBLAME,N,sonnet
23278,I_2,E1VIOLENCE,N,sonnet
23278,I_2,E1RADICAL,N,sonnet
23278,I_2,E2ALLEGATION,N,sonnet
23278,I_2,E2DEHUMANIZATION,N,sonnet
23278,I_2,E2DEMONIZE,N,sonnet
23278,I_2,E2STEREOTYPE,N,sonnet
23278,I_2,E2COLLECTIVEPOWER,N,sonnet
23278,I_2,E2CONSPIRACY,N,sonnet
23278,I_2,E2CONTROLMEDIA,N,sonnet
23278,I_2,E2CONTROLECONOMY,N,sonnet
23278,I_2,E2CONTROLGOV,N,sonnet
23278,I_2,E2CONTROLOTHER,N,sonnet
23278,I_2,E3COLLECTIVEBLAME,N,sonnet
26974,I_2,E1VIOLENCE,N,sonnet
26974,I_2,E1RADICAL,N,sonnet
26974,I_2,E2ALLEGATION,N,sonnet
26974,I_2,E2DEHUMANIZATION,N,sonnet
26974,I_2,E2DEMONIZE,N,sonnet
26974,I_2,E2STEREOTYPE,N,sonnet
26974,I_2,E2COLLECTIVEPOWER,N,sonnet
26974,I_2,E2CONSPIRACY,N,sonnet
26974,I_2,E2CONTROLMEDIA,N,sonnet
26974,I_2,E2CONTROLECONOMY,N,sonnet
26974,I_2,E2CONTROLGOV,N,sonnet
26974,I_2,E2CONTROLOTHER,N,sonnet
26974,I_2,E3COLLECTIVEBLAME,N,sonnet
3417,I_2,E1VIOLENCE,N,sonnet
3417,I_2,E1RADICAL,N,sonnet
3417,I_2,E2ALLEGATION,N,sonnet
3417,I_2,E2DEHUMANIZATION,N,sonnet
3417,I_2,E2DEMONIZE,N,sonnet
3417,I_2,E2STEREOTYPE,N,sonnet
3417,I_2,E2COLLECTIVEPOWER,N,sonnet
3417,I_2,E2CONSPIRACY,N,sonnet
3417,I_2,E2CONTROLMEDIA,N,sonnet
3417,I_2,E2CONTROLECONOMY,N,sonnet
3417,I_2,E2CONTROLGOV,N,sonnet
3417,I_2,E2CONTROLOTHER,N,sonnet
3417,I_2,E3COLLECTIVEBLAME,N,sonnet
15273,I_2,E1VIOLENCE,N,sonnet
15273,I_2,E1RADICAL,N,sonnet
15273,I_2,E2ALLEGATION,N,sonnet
15273,I_2,E2DEHUMANIZATION,N,sonnet
15273,I_2,E2DEMONIZE,N,sonnet
15273,I_2,E2STEREOTYPE,N,sonnet
15273,I_2,E2COLLECTIVEPOWER,N,sonnet
15273,I_2,E2CONSPIRACY,N,sonnet
15273,I_2,E2CONTROLMEDIA,N,sonnet
15273,I_2,E2CONTROLECONOMY,N,sonnet
15273,I_2,E2CONTROLGOV,N,sonnet
15273,I_2,E2CONTROLOTHER,N,sonnet
15273,I_2,E3COLLECTIVEBLAME,N,sonnet
43721,I_2,E1VIOLENCE,N,sonnet
43721,I_2,E1RADICAL,N,sonnet
43721,I_2,E2ALLEGATION,N,sonnet
43721,I_2,E2DEHUMANIZATION,N,sonnet
43721,I_2,E2DEMONIZE,N,sonnet
43721,I_2,E2STEREOTYPE,N,sonnet
43721,I_2,E2COLLECTIVEPOWER,N,sonnet
43721,I_2,E2CONSPIRACY,N,sonnet
43721,I_2,E2CONTROLMEDIA,N,sonnet
43721,I_2,E2CONTROLECONOMY,N,sonnet
43721,I_2,E2CONTROLGOV,N,sonnet
43721,I_2,E2CONTROLOTHER,N,sonnet
43721,I_2,E3COLLECTIVEBLAME,N,sonnet
26861,I_2,E1VIOLENCE,N,sonnet
26861,I_2,E1RADICAL,N,sonnet
26861,I_2,E2ALLEGATION,N,sonnet
26861,I_2,E2DEHUMANIZATION,N,sonnet
26861,I_2,E2DEMONIZE,N,sonnet
26861,I_2,E2STEREOTYPE,N,sonnet
26861,I_2,E2COLLECTIVEPOWER,N,sonnet
26861,I_2,E2CONSPIRACY,N,sonnet
26861,I_2,E2CONTROLMEDIA,N,sonnet
26861,I_2,E2CONTROLECONOMY,N,sonnet
26861,I_2,E2CONTROLGOV,N,sonnet
26861,I_2,E2CONTROLOTHER,N,sonnet
26861,I_2,E3COLLECTIVEBLAME,N,sonnet
40049,I_2,E1VIOLENCE,N,sonnet
40049,I_2,E1RADICAL,N,sonnet
40049,I_2,E2ALLEGATION,N,sonnet
40049,I_2,E2DEHUMANIZATION,N,sonnet
40049,I_2,E2DEMONIZE,N,sonnet
40049,I_2,E2STEREOTYPE,N,sonnet
40049,I_2,E2COLLECTIVEPOWER,N,sonnet
40049,I_2,E2CONSPIRACY,N,sonnet
40049,I_2,E2CONTROLMEDIA,N,sonnet
40049,I_2,E2CONTROLECONOMY,N,sonnet
40049,I_2,E2CONTROLGOV,N,sonnet
40049,I_2,E2CONTROLOTHER,N,sonnet
40049,I_2,E3COLLECTIVEBLAME,N,sonnet
5990,I_2,E1VIOLENCE,N,sonnet
5990,I_2,E1RADICAL,N,sonnet
5990,I_2,E2ALLEGATION,N,sonnet
5990,I_2,E2DEHUMANIZATION,N,sonnet
5990,I_2,E2DEMONIZE,N,sonnet
5990,I_2,E2STEREOTYPE,N,sonnet
5990,I_2,E2COLLECTIVEPOWER,N,sonnet
5990,I_2,E2CONSPIRACY,N,sonnet
5990,I_2,E2CONTROLMEDIA,N,sonnet
5990,I_2,E2CONTROLECONOMY,N,sonnet
5990,I_2,E2CONTROLGOV,N,sonnet
5990,I_2,E2CONTROLOTHER,N,sonnet
5990,I_2,E3COLLECTIVEBLAME,N,sonnet
47767,I_2,E1VIOLENCE,N,sonnet
47767,I_2,E1RADICAL,N,sonnet
47767,I_2,E2ALLEGATION,N,sonnet
47767,I_2,E2DEHUMANIZATION,N,sonnet
47767,I_2,E2DEMONIZE,N,sonnet
47767,I_2,E2STEREOTYPE,N,sonnet
47767,I_2,E2COLLECTIVEPOWER,N,sonnet
47767,I_2,E2CONSPIRACY,N,sonnet
47767,I_2,E2CONTROLMEDIA,N,sonnet
47767,I_2,E2CONTROLECONOMY,N,sonnet
47767,I_2,E2CONTROLGOV,N,sonnet
47767,I_2,E2CONTROLOTHER,N,sonnet
47767,I_2,E3COLLECTIVEBLAME,N,sonnet
10813,I_2,E1VIOLENCE,N,sonnet
10813,I_2,E1RADICAL,N,sonnet
10813,I_2,E2ALLEGATION,N,sonnet
10813,I_2,E2DEHUMANIZATION,N,sonnet
10813,I_2,E2DEMONIZE,N,sonnet
10813,I_2,E2STEREOTYPE,N,sonnet
10813,I_2,E2COLLECTIVEPOWER,N,sonnet
10813,I_2,E2CONSPIRACY,N,sonnet
10813,I_2,E2CONTROLMEDIA,N,sonnet
10813,I_2,E2CONTROLECONOMY,N,sonnet
10813,I_2,E2CONTROLGOV,N,sonnet
10813,I_2,E2CONTROLOTHER,N,sonnet
10813,I_2,E3COLLECTIVEBLAME,N,sonnet
44630,I_2,E1VIOLENCE,I,gpt4o
44630,I_2,E1RADICAL,I,gpt4o
44630,I_2,E2ALLEGATION,E,gpt4o
44630,I_2,E2DEHUMANIZATION,E,gpt4o
44630,I_2,E2DEMONIZE,E,gpt4o
44630,I_2,E2STEREOTYPE,N,gpt4o
44630,I_2,E2COLLECTIVEPOWER,I,gpt4o
44630,I_2,E2CONSPIRACY,I,gpt4o
44630,I_2,E2CONTROLMEDIA,N,gpt4o
44630,I_2,E2CONTROLECONOMY,N,gpt4o
44630,I_2,E2CONTROLGOV,N,gpt4o
44630,I_2,E2CONTROLOTHER,N,gpt4o
44630,I_2,E3COLLECTIVEBLAME,I,gpt4o
32693,I_2,E1VIOLENCE,N,sonnet
32693,I_2,E1RADICAL,N,sonnet
32693,I_2,E2ALLEGATION,N,sonnet
32693,I_2,E2DEHUMANIZATION,N,sonnet
32693,I_2,E2DEMONIZE,N,sonnet
32693,I_2,E2STEREOTYPE,N,sonnet
32693,I_2,E2COLLECTIVEPOWER,N,sonnet
32693,I_2,E2CONSPIRACY,N,sonnet
32693,I_2,E2CONTROLMEDIA,N,sonnet
32693,I_2,E2CONTROLECONOMY,N,sonnet
32693,I_2,E2CONTROLGOV,N,sonnet
32693,I_2,E2CONTROLOTHER,N,sonnet
32693,I_2,E3COLLECTIVEBLAME,N,sonnet
20228,I_2,E1VIOLENCE,N,sonnet
20228,I_2,E1RADICAL,N,sonnet
20228,I_2,E2ALLEGATION,N,sonnet
20228,I_2,E2DEHUMANIZATION,N,sonnet
20228,I_2,E2DEMONIZE,N,sonnet
20228,I_2,E2STEREOTYPE,N,sonnet
20228,I_2,E2COLLECTIVEPOWER,N,sonnet
20228,I_2,E2CONSPIRACY,N,sonnet
20228,I_2,E2CONTROLMEDIA,N,sonnet
20228,I_2,E2CONTROLECONOMY,N,sonnet
20228,I_2,E2CONTROLGOV,N,sonnet
20228,I_2,E2CONTROLOTHER,N,sonnet
20228,I_2,E3COLLECTIVEBLAME,N,sonnet
28575,I_2,E1VIOLENCE,N,sonnet
28575,I_2,E1RADICAL,N,sonnet
28575,I_2,E2ALLEGATION,N,sonnet
28575,I_2,E2DEHUMANIZATION,N,sonnet
28575,I_2,E2DEMONIZE,N,sonnet
28575,I_2,E2STEREOTYPE,N,sonnet
28575,I_2,E2COLLECTIVEPOWER,N,sonnet
28575,I_2,E2CONSPIRACY,N,sonnet
28575,I_2,E2CONTROLMEDIA,N,sonnet
28575,I_2,E2CONTROLECONOMY,N,sonnet
28575,I_2,E2CONTROLGOV,N,sonnet
28575,I_2,E2CONTROLOTHER,N,sonnet
28575,I_2,E3COLLECTIVEBLAME,N,sonnet
15659,I_2,E1VIOLENCE,N,sonnet
15659,I_2,E1RADICAL,N,sonnet
15659,I_2,E2ALLEGATION,N,sonnet
15659,I_2,E2DEHUMANIZATION,N,sonnet
15659,I_2,E2DEMONIZE,N,sonnet
15659,I_2,E2STEREOTYPE,N,sonnet
15659,I_2,E2COLLECTIVEPOWER,N,sonnet
15659,I_2,E2CONSPIRACY,N,sonnet
15659,I_2,E2CONTROLMEDIA,N,sonnet
15659,I_2,E2CONTROLECONOMY,N,sonnet
15659,I_2,E2CONTROLGOV,N,sonnet
15659,I_2,E2CONTROLOTHER,N,sonnet
15659,I_2,E3COLLECTIVEBLAME,N,sonnet
16502,I_2,E1VIOLENCE,E,sonnet
16502,I_2,E1RADICAL,N,sonnet
16502,I_2,E2ALLEGATION,N,sonnet
16502,I_2,E2DEHUMANIZATION,E,sonnet
16502,I_2,E2DEMONIZE,N,sonnet
16502,I_2,E2STEREOTYPE,N,sonnet
16502,I_2,E2COLLECTIVEPOWER,N,sonnet
16502,I_2,E2CONSPIRACY,N,sonnet
16502,I_2,E2CONTROLMEDIA,N,sonnet
16502,I_2,E2CONTROLECONOMY,N,sonnet
16502,I_2,E2CONTROLGOV,N,sonnet
16502,I_2,E2CONTROLOTHER,N,sonnet
16502,I_2,E3COLLECTIVEBLAME,N,sonnet
3055,I_2,E1VIOLENCE,N,sonnet
3055,I_2,E1RADICAL,N,sonnet
3055,I_2,E2ALLEGATION,N,sonnet
3055,I_2,E2DEHUMANIZATION,N,sonnet
3055,I_2,E2DEMONIZE,N,sonnet
3055,I_2,E2STEREOTYPE,N,sonnet
3055,I_2,E2COLLECTIVEPOWER,N,sonnet
3055,I_2,E2CONSPIRACY,N,sonnet
3055,I_2,E2CONTROLMEDIA,N,sonnet
3055,I_2,E2CONTROLECONOMY,N,sonnet
3055,I_2,E2CONTROLGOV,N,sonnet
3055,I_2,E2CONTROLOTHER,N,sonnet
3055,I_2,E3COLLECTIVEBLAME,N,sonnet
4476,I_2,E1VIOLENCE,N,sonnet
4476,I_2,E1RADICAL,N,sonnet
4476,I_2,E2ALLEGATION,N,sonnet
4476,I_2,E2DEHUMANIZATION,N,sonnet
4476,I_2,E2DEMONIZE,N,sonnet
4476,I_2,E2STEREOTYPE,N,sonnet
4476,I_2,E2COLLECTIVEPOWER,N,sonnet
4476,I_2,E2CONSPIRACY,N,sonnet
4476,I_2,E2CONTROLMEDIA,N,sonnet
4476,I_2,E2CONTROLECONOMY,N,sonnet
4476,I_2,E2CONTROLGOV,N,sonnet
4476,I_2,E2CONTROLOTHER,N,sonnet
4476,I_2,E3COLLECTIVEBLAME,N,sonnet
9021,I_2,E1VIOLENCE,N,sonnet
9021,I_2,E1RADICAL,N,sonnet
9021,I_2,E2ALLEGATION,N,sonnet
9021,I_2,E2DEHUMANIZATION,N,sonnet
9021,I_2,E2DEMONIZE,N,sonnet
9021,I_2,E2STEREOTYPE,N,sonnet
9021,I_2,E2COLLECTIVEPOWER,N,sonnet
9021,I_2,E2CONSPIRACY,N,sonnet
9021,I_2,E2CONTROLMEDIA,N,sonnet
9021,I_2,E2CONTROLECONOMY,N,sonnet
9021,I_2,E2CONTROLGOV,N,sonnet
9021,I_2,E2CONTROLOTHER,N,sonnet
9021,I_2,E3COLLECTIVEBLAME,N,sonnet
37676,I_2,E1VIOLENCE,N,sonnet
37676,I_2,E1RADICAL,N,sonnet
37676,I_2,E2ALLEGATION,N,sonnet
37676,I_2,E2DEHUMANIZATION,N,sonnet
37676,I_2,E2DEMONIZE,N,sonnet
37676,I_2,E2STEREOTYPE,N,sonnet
37676,I_2,E2COLLECTIVEPOWER,N,sonnet
37676,I_2,E2CONSPIRACY,N,sonnet
37676,I_2,E2CONTROLMEDIA,N,sonnet
37676,I_2,E2CONTROLECONOMY,N,sonnet
37676,I_2,E2CONTROLGOV,N,sonnet
37676,I_2,E2CONTROLOTHER,N,sonnet
37676,I_2,E3COLLECTIVEBLAME,N,sonnet
26971,I_2,E1VIOLENCE,N,sonnet
26971,I_2,E1RADICAL,N,sonnet
26971,I_2,E2ALLEGATION,N,sonnet
26971,I_2,E2DEHUMANIZATION,N,sonnet
26971,I_2,E2DEMONIZE,N,sonnet
26971,I_2,E2STEREOTYPE,N,sonnet
26971,I_2,E2COLLECTIVEPOWER,N,sonnet
26971,I_2,E2CONSPIRACY,N,sonnet
26971,I_2,E2CONTROLMEDIA,N,sonnet
26971,I_2,E2CONTROLECONOMY,N,sonnet
26971,I_2,E2CONTROLGOV,N,sonnet
26971,I_2,E2CONTROLOTHER,N,sonnet
26971,I_2,E3COLLECTIVEBLAME,N,sonnet
38404,I_2,E1VIOLENCE,N,sonnet
38404,I_2,E1RADICAL,N,sonnet
38404,I_2,E2ALLEGATION,E,sonnet
38404,I_2,E2DEHUMANIZATION,I,sonnet
38404,I_2,E2DEMONIZE,E,sonnet
38404,I_2,E2STEREOTYPE,I,sonnet
38404,I_2,E2COLLECTIVEPOWER,E,sonnet
38404,I_2,E2CONSPIRACY,I,sonnet
38404,I_2,E2CONTROLMEDIA,N,sonnet
38404,I_2,E2CONTROLECONOMY,N,sonnet
38404,I_2,E2CONTROLGOV,N,sonnet
38404,I_2,E2CONTROLOTHER,N,sonnet
38404,I_2,E3COLLECTIVEBLAME,N,sonnet
44408,I_2,E1VIOLENCE,N,gpt4o
44408,I_2,E1RADICAL,N,gpt4o
44408,I_2,E2ALLEGATION,E,gpt4o
44408,I_2,E2DEHUMANIZATION,E,gpt4o
44408,I_2,E2DEMONIZE,E,gpt4o
44408,I_2,E2STEREOTYPE,E,gpt4o
44408,I_2,E2COLLECTIVEPOWER,N,gpt4o
44408,I_2,E2CONSPIRACY,I,gpt4o
44408,I_2,E2CONTROLMEDIA,N,gpt4o
44408,I_2,E2CONTROLECONOMY,N,gpt4o
44408,I_2,E2CONTROLGOV,I,gpt4o
44408,I_2,E2CONTROLOTHER,N,gpt4o
44408,I_2,E3COLLECTIVEBLAME,E,gpt4o
3915,I_2,E1VIOLENCE,N,sonnet
3915,I_2,E1RADICAL,N,sonnet
3915,I_2,E2ALLEGATION,N,sonnet
3915,I_2,E2DEHUMANIZATION,N,sonnet
3915,I_2,E2DEMONIZE,N,sonnet
3915,I_2,E2STEREOTYPE,N,sonnet
3915,I_2,E2COLLECTIVEPOWER,N,sonnet
3915,I_2,E2CONSPIRACY,N,sonnet
3915,I_2,E2CONTROLMEDIA,N,sonnet
3915,I_2,E2CONTROLECONOMY,N,sonnet
3915,I_2,E2CONTROLGOV,N,sonnet
3915,I_2,E2CONTROLOTHER,N,sonnet
3915,I_2,E3COLLECTIVEBLAME,N,sonnet
20833,I_2,E1VIOLENCE,N,sonnet
20833,I_2,E1RADICAL,N,sonnet
20833,I_2,E2ALLEGATION,N,sonnet
20833,I_2,E2DEHUMANIZATION,N,sonnet
20833,I_2,E2DEMONIZE,N,sonnet
20833,I_2,E2STEREOTYPE,N,sonnet
20833,I_2,E2COLLECTIVEPOWER,N,sonnet
20833,I_2,E2CONSPIRACY,N,sonnet
20833,I_2,E2CONTROLMEDIA,N,sonnet
20833,I_2,E2CONTROLECONOMY,N,sonnet
20833,I_2,E2CONTROLGOV,N,sonnet
20833,I_2,E2CONTROLOTHER,N,sonnet
20833,I_2,E3COLLECTIVEBLAME,N,sonnet
17852,I_2,E1VIOLENCE,N,sonnet
17852,I_2,E1RADICAL,N,sonnet
17852,I_2,E2ALLEGATION,N,sonnet
17852,I_2,E2DEHUMANIZATION,N,sonnet
17852,I_2,E2DEMONIZE,N,sonnet
17852,I_2,E2STEREOTYPE,N,sonnet
17852,I_2,E2COLLECTIVEPOWER,N,sonnet
17852,I_2,E2CONSPIRACY,N,sonnet
17852,I_2,E2CONTROLMEDIA,N,sonnet
17852,I_2,E2CONTROLECONOMY,N,sonnet
17852,I_2,E2CONTROLGOV,N,sonnet
17852,I_2,E2CONTROLOTHER,N,sonnet
17852,I_2,E3COLLECTIVEBLAME,N,sonnet
10836,I_2,E1VIOLENCE,N,sonnet
10836,I_2,E1RADICAL,N,sonnet
10836,I_2,E2ALLEGATION,N,sonnet
10836,I_2,E2DEHUMANIZATION,N,sonnet
10836,I_2,E2DEMONIZE,N,sonnet
10836,I_2,E2STEREOTYPE,N,sonnet
10836,I_2,E2COLLECTIVEPOWER,N,sonnet
10836,I_2,E2CONSPIRACY,N,sonnet
10836,I_2,E2CONTROLMEDIA,N,sonnet
10836,I_2,E2CONTROLECONOMY,N,sonnet
10836,I_2,E2CONTROLGOV,N,sonnet
10836,I_2,E2CONTROLOTHER,N,sonnet
10836,I_2,E3COLLECTIVEBLAME,N,sonnet
46256,I_2,E1VIOLENCE,E,sonnet
46256,I_2,E1RADICAL,N,sonnet
46256,I_2,E2ALLEGATION,E,sonnet
46256,I_2,E2DEHUMANIZATION,E,sonnet
46256,I_2,E2DEMONIZE,E,sonnet
46256,I_2,E2STEREOTYPE,E,sonnet
46256,I_2,E2COLLECTIVEPOWER,E,sonnet
46256,I_2,E2CONSPIRACY,E,sonnet
46256,I_2,E2CONTROLMEDIA,N,sonnet
46256,I_2,E2CONTROLECONOMY,N,sonnet
46256,I_2,E2CONTROLGOV,N,sonnet
46256,I_2,E2CONTROLOTHER,E,sonnet
46256,I_2,E3COLLECTIVEBLAME,E,sonnet
5094,I_2,E1VIOLENCE,N,sonnet
5094,I_2,E1RADICAL,N,sonnet
5094,I_2,E2ALLEGATION,E,sonnet
5094,I_2,E2DEHUMANIZATION,N,sonnet
5094,I_2,E2DEMONIZE,E,sonnet
5094,I_2,E2STEREOTYPE,N,sonnet
5094,I_2,E2COLLECTIVEPOWER,I,sonnet
5094,I_2,E2CONSPIRACY,N,sonnet
5094,I_2,E2CONTROLMEDIA,N,sonnet
5094,I_2,E2CONTROLECONOMY,N,sonnet
5094,I_2,E2CONTROLGOV,N,sonnet
5094,I_2,E2CONTROLOTHER,N,sonnet
5094,I_2,E3COLLECTIVEBLAME,E,sonnet
41297,I_2,E1VIOLENCE,N,sonnet
41297,I_2,E1RADICAL,N,sonnet
41297,I_2,E2ALLEGATION,E,sonnet
41297,I_2,E2DEHUMANIZATION,I,sonnet
41297,I_2,E2DEMONIZE,E,sonnet
41297,I_2,E2STEREOTYPE,E,sonnet
41297,I_2,E2COLLECTIVEPOWER,N,sonnet
41297,I_2,E2CONSPIRACY,N,sonnet
41297,I_2,E2CONTROLMEDIA,N,sonnet
41297,I_2,E2CONTROLECONOMY,N,sonnet
41297,I_2,E2CONTROLGOV,N,sonnet
41297,I_2,E2CONTROLOTHER,N,sonnet
41297,I_2,E3COLLECTIVEBLAME,E,sonnet
19557,I_2,E1VIOLENCE,A,sonnet
19557,I_2,E1RADICAL,N,sonnet
19557,I_2,E2ALLEGATION,N,sonnet
19557,I_2,E2DEHUMANIZATION,N,sonnet
19557,I_2,E2DEMONIZE,N,sonnet
19557,I_2,E2STEREOTYPE,N,sonnet
19557,I_2,E2COLLECTIVEPOWER,N,sonnet
19557,I_2,E2CONSPIRACY,N,sonnet
19557,I_2,E2CONTROLMEDIA,N,sonnet
19557,I_2,E2CONTROLECONOMY,N,sonnet
19557,I_2,E2CONTROLGOV,N,sonnet
19557,I_2,E2CONTROLOTHER,N,sonnet
19557,I_2,E3COLLECTIVEBLAME,N,sonnet
41888,I_2,E1VIOLENCE,N,sonnet
41888,I_2,E1RADICAL,N,sonnet
41888,I_2,E2ALLEGATION,N,sonnet
41888,I_2,E2DEHUMANIZATION,N,sonnet
41888,I_2,E2DEMONIZE,N,sonnet
41888,I_2,E2STEREOTYPE,N,sonnet
41888,I_2,E2COLLECTIVEPOWER,N,sonnet
41888,I_2,E2CONSPIRACY,N,sonnet
41888,I_2,E2CONTROLMEDIA,N,sonnet
41888,I_2,E2CONTROLECONOMY,N,sonnet
41888,I_2,E2CONTROLGOV,N,sonnet
41888,I_2,E2CONTROLOTHER,N,sonnet
41888,I_2,E3COLLECTIVEBLAME,N,sonnet
6819,I_2,E1VIOLENCE,N,sonnet
6819,I_2,E1RADICAL,N,sonnet
6819,I_2,E2ALLEGATION,A,sonnet
6819,I_2,E2DEHUMANIZATION,N,sonnet
6819,I_2,E2DEMONIZE,N,sonnet
6819,I_2,E2STEREOTYPE,I,sonnet
6819,I_2,E2COLLECTIVEPOWER,N,sonnet
6819,I_2,E2CONSPIRACY,N,sonnet
6819,I_2,E2CONTROLMEDIA,N,sonnet
6819,I_2,E2CONTROLECONOMY,N,sonnet
6819,I_2,E2CONTROLGOV,N,sonnet
6819,I_2,E2CONTROLOTHER,N,sonnet
6819,I_2,E3COLLECTIVEBLAME,N,sonnet
31815,I_2,E1VIOLENCE,N,sonnet
31815,I_2,E1RADICAL,N,sonnet
31815,I_2,E2ALLEGATION,N,sonnet
31815,I_2,E2DEHUMANIZATION,N,sonnet
31815,I_2,E2DEMONIZE,N,sonnet
31815,I_2,E2STEREOTYPE,N,sonnet
31815,I_2,E2COLLECTIVEPOWER,N,sonnet
31815,I_2,E2CONSPIRACY,N,sonnet
31815,I_2,E2CONTROLMEDIA,N,sonnet
31815,I_2,E2CONTROLECONOMY,N,sonnet
31815,I_2,E2CONTROLGOV,N,sonnet
31815,I_2,E2CONTROLOTHER,N,sonnet
31815,I_2,E3COLLECTIVEBLAME,N,sonnet
20193,I_2,E1VIOLENCE,N,sonnet
20193,I_2,E1RADICAL,N,sonnet
20193,I_2,E2ALLEGATION,N,sonnet
20193,I_2,E2DEHUMANIZATION,N,sonnet
20193,I_2,E2DEMONIZE,N,sonnet
20193,I_2,E2STEREOTYPE,N,sonnet
20193,I_2,E2COLLECTIVEPOWER,N,sonnet
20193,I_2,E2CONSPIRACY,N,sonnet
20193,I_2,E2CONTROLMEDIA,N,sonnet
20193,I_2,E2CONTROLECONOMY,N,sonnet
20193,I_2,E2CONTROLGOV,N,sonnet
20193,I_2,E2CONTROLOTHER,N,sonnet
20193,I_2,E3COLLECTIVEBLAME,N,sonnet
41896,I_2,E1VIOLENCE,N,sonnet
41896,I_2,E1RADICAL,N,sonnet
41896,I_2,E2ALLEGATION,N,sonnet
41896,I_2,E2DEHUMANIZATION,N,sonnet
41896,I_2,E2DEMONIZE,N,sonnet
41896,I_2,E2STEREOTYPE,N,sonnet
41896,I_2,E2COLLECTIVEPOWER,N,sonnet
41896,I_2,E2CONSPIRACY,N,sonnet
41896,I_2,E2CONTROLMEDIA,N,sonnet
41896,I_2,E2CONTROLECONOMY,N,sonnet
41896,I_2,E2CONTROLGOV,N,sonnet
41896,I_2,E2CONTROLOTHER,N,sonnet
41896,I_2,E3COLLECTIVEBLAME,N,sonnet
39919,I_2,E1VIOLENCE,N,sonnet
39919,I_2,E1RADICAL,N,sonnet
39919,I_2,E2ALLEGATION,N,sonnet
39919,I_2,E2DEHUMANIZATION,N,sonnet
39919,I_2,E2DEMONIZE,N,sonnet
39919,I_2,E2STEREOTYPE,N,sonnet
39919,I_2,E2COLLECTIVEPOWER,N,sonnet
39919,I_2,E2CONSPIRACY,N,sonnet
39919,I_2,E2CONTROLMEDIA,N,sonnet
39919,I_2,E2CONTROLECONOMY,N,sonnet
39919,I_2,E2CONTROLGOV,N,sonnet
39919,I_2,E2CONTROLOTHER,N,sonnet
39919,I_2,E3COLLECTIVEBLAME,N,sonnet
12712,I_2,E1VIOLENCE,N,sonnet
12712,I_2,E1RADICAL,N,sonnet
12712,I_2,E2ALLEGATION,N,sonnet
12712,I_2,E2DEHUMANIZATION,N,sonnet
12712,I_2,E2DEMONIZE,N,sonnet
12712,I_2,E2STEREOTYPE,N,sonnet
12712,I_2,E2COLLECTIVEPOWER,N,sonnet
12712,I_2,E2CONSPIRACY,N,sonnet
12712,I_2,E2CONTROLMEDIA,N,sonnet
12712,I_2,E2CONTROLECONOMY,N,sonnet
12712,I_2,E2CONTROLGOV,N,sonnet
12712,I_2,E2CONTROLOTHER,N,sonnet
12712,I_2,E3COLLECTIVEBLAME,N,sonnet
5534,I_2,E1VIOLENCE,N,sonnet
5534,I_2,E1RADICAL,N,sonnet
5534,I_2,E2ALLEGATION,N,sonnet
5534,I_2,E2DEHUMANIZATION,N,sonnet
5534,I_2,E2DEMONIZE,N,sonnet
5534,I_2,E2STEREOTYPE,N,sonnet
5534,I_2,E2COLLECTIVEPOWER,N,sonnet
5534,I_2,E2CONSPIRACY,N,sonnet
5534,I_2,E2CONTROLMEDIA,N,sonnet
5534,I_2,E2CONTROLECONOMY,N,sonnet
5534,I_2,E2CONTROLGOV,N,sonnet
5534,I_2,E2CONTROLOTHER,N,sonnet
5534,I_2,E3COLLECTIVEBLAME,N,sonnet
326,I_2,E1VIOLENCE,N,sonnet
326,I_2,E1RADICAL,N,sonnet
326,I_2,E2ALLEGATION,N,sonnet
326,I_2,E2DEHUMANIZATION,N,sonnet
326,I_2,E2DEMONIZE,N,sonnet
326,I_2,E2STEREOTYPE,N,sonnet
326,I_2,E2COLLECTIVEPOWER,N,sonnet
326,I_2,E2CONSPIRACY,N,sonnet
326,I_2,E2CONTROLMEDIA,N,sonnet
326,I_2,E2CONTROLECONOMY,N,sonnet
326,I_2,E2CONTROLGOV,N,sonnet
326,I_2,E2CONTROLOTHER,N,sonnet
326,I_2,E3COLLECTIVEBLAME,N,sonnet
18502,I_2,E1VIOLENCE,N,sonnet
18502,I_2,E1RADICAL,N,sonnet
18502,I_2,E2ALLEGATION,N,sonnet
18502,I_2,E2DEHUMANIZATION,N,sonnet
18502,I_2,E2DEMONIZE,N,sonnet
18502,I_2,E2STEREOTYPE,N,sonnet
18502,I_2,E2COLLECTIVEPOWER,N,sonnet
18502,I_2,E2CONSPIRACY,N,sonnet
18502,I_2,E2CONTROLMEDIA,N,sonnet
18502,I_2,E2CONTROLECONOMY,N,sonnet
18502,I_2,E2CONTROLGOV,N,sonnet
18502,I_2,E2CONTROLOTHER,N,sonnet
18502,I_2,E3COLLECTIVEBLAME,N,sonnet
6452,I_2,E1VIOLENCE,N,sonnet
6452,I_2,E1RADICAL,N,sonnet
6452,I_2,E2ALLEGATION,N,sonnet
6452,I_2,E2DEHUMANIZATION,N,sonnet
6452,I_2,E2DEMONIZE,N,sonnet
6452,I_2,E2STEREOTYPE,N,sonnet
6452,I_2,E2COLLECTIVEPOWER,N,sonnet
6452,I_2,E2CONSPIRACY,N,sonnet
6452,I_2,E2CONTROLMEDIA,N,sonnet
6452,I_2,E2CONTROLECONOMY,N,sonnet
6452,I_2,E2CONTROLGOV,N,sonnet
6452,I_2,E2CONTROLOTHER,N,sonnet
6452,I_2,E3COLLECTIVEBLAME,N,sonnet
29247,I_2,E1VIOLENCE,N,sonnet
29247,I_2,E1RADICAL,N,sonnet
29247,I_2,E2ALLEGATION,N,sonnet
29247,I_2,E2DEHUMANIZATION,E,sonnet
29247,I_2,E2DEMONIZE,E,sonnet
29247,I_2,E2STEREOTYPE,N,sonnet
29247,I_2,E2COLLECTIVEPOWER,N,sonnet
29247,I_2,E2CONSPIRACY,N,sonnet
29247,I_2,E2CONTROLMEDIA,N,sonnet
29247,I_2,E2CONTROLECONOMY,N,sonnet
29247,I_2,E2CONTROLGOV,N,sonnet
29247,I_2,E2CONTROLOTHER,N,sonnet
29247,I_2,E3COLLECTIVEBLAME,N,sonnet
8310,I_2,E1VIOLENCE,E,sonnet
8310,I_2,E1RADICAL,N,sonnet
8310,I_2,E2ALLEGATION,N,sonnet
8310,I_2,E2DEHUMANIZATION,E,sonnet
8310,I_2,E2DEMONIZE,N,sonnet
8310,I_2,E2STEREOTYPE,N,sonnet
8310,I_2,E2COLLECTIVEPOWER,N,sonnet
8310,I_2,E2CONSPIRACY,N,sonnet
8310,I_2,E2CONTROLMEDIA,N,sonnet
8310,I_2,E2CONTROLECONOMY,N,sonnet
8310,I_2,E2CONTROLGOV,N,sonnet
8310,I_2,E2CONTROLOTHER,N,sonnet
8310,I_2,E3COLLECTIVEBLAME,N,sonnet
26949,I_2,E1VIOLENCE,N,sonnet
26949,I_2,E1RADICAL,N,sonnet
26949,I_2,E2ALLEGATION,N,sonnet
26949,I_2,E2DEHUMANIZATION,N,sonnet
26949,I_2,E2DEMONIZE,N,sonnet
26949,I_2,E2STEREOTYPE,N,sonnet
26949,I_2,E2COLLECTIVEPOWER,N,sonnet
26949,I_2,E2CONSPIRACY,N,sonnet
26949,I_2,E2CONTROLMEDIA,N,sonnet
26949,I_2,E2CONTROLECONOMY,N,sonnet
26949,I_2,E2CONTROLGOV,N,sonnet
26949,I_2,E2CONTROLOTHER,N,sonnet
26949,I_2,E3COLLECTIVEBLAME,N,sonnet
41,I_2,E1VIOLENCE,N,sonnet
41,I_2,E1RADICAL,N,sonnet
41,I_2,E2ALLEGATION,N,sonnet
41,I_2,E2DEHUMANIZATION,N,sonnet
41,I_2,E2DEMONIZE,N,sonnet
41,I_2,E2STEREOTYPE,N,sonnet
41,I_2,E2COLLECTIVEPOWER,N,sonnet
41,I_2,E2CONSPIRACY,N,sonnet
41,I_2,E2CONTROLMEDIA,N,sonnet
41,I_2,E2CONTROLECONOMY,N,sonnet
41,I_2,E2CONTROLGOV,N,sonnet
41,I_2,E2CONTROLOTHER,N,sonnet
41,I_2,E3COLLECTIVEBLAME,N,sonnet
28037,I_2,E1VIOLENCE,N,sonnet
28037,I_2,E1RADICAL,N,sonnet
28037,I_2,E2ALLEGATION,N,sonnet
28037,I_2,E2DEHUMANIZATION,N,sonnet
28037,I_2,E2DEMONIZE,N,sonnet
28037,I_2,E2STEREOTYPE,N,sonnet
28037,I_2,E2COLLECTIVEPOWER,N,sonnet
28037,I_2,E2CONSPIRACY,N,sonnet
28037,I_2,E2CONTROLMEDIA,N,sonnet
28037,I_2,E2CONTROLECONOMY,N,sonnet
28037,I_2,E2CONTROLGOV,N,sonnet
28037,I_2,E2CONTROLOTHER,N,sonnet
28037,I_2,E3COLLECTIVEBLAME,N,sonnet
3224,I_2,E1VIOLENCE,I,sonnet
3224,I_2,E1RADICAL,I,sonnet
3224,I_2,E2ALLEGATION,N,sonnet
3224,I_2,E2DEHUMANIZATION,E,sonnet
3224,I_2,E2DEMONIZE,E,sonnet
3224,I_2,E2STEREOTYPE,N,sonnet
3224,I_2,E2COLLECTIVEPOWER,N,sonnet
3224,I_2,E2CONSPIRACY,N,sonnet
3224,I_2,E2CONTROLMEDIA,N,sonnet
3224,I_2,E2CONTROLECONOMY,N,sonnet
3224,I_2,E2CONTROLGOV,N,sonnet
3224,I_2,E2CONTROLOTHER,N,sonnet
3224,I_2,E3COLLECTIVEBLAME,N,sonnet
7229,I_2,E1VIOLENCE,I,sonnet
7229,I_2,E1RADICAL,N,sonnet
7229,I_2,E2ALLEGATION,N,sonnet
7229,I_2,E2DEHUMANIZATION,N,sonnet
7229,I_2,E2DEMONIZE,N,sonnet
7229,I_2,E2STEREOTYPE,N,sonnet
7229,I_2,E2COLLECTIVEPOWER,N,sonnet
7229,I_2,E2CONSPIRACY,N,sonnet
7229,I_2,E2CONTROLMEDIA,N,sonnet
7229,I_2,E2CONTROLECONOMY,N,sonnet
7229,I_2,E2CONTROLGOV,N,sonnet
7229,I_2,E2CONTROLOTHER,N,sonnet
7229,I_2,E3COLLECTIVEBLAME,N,sonnet
3464,I_2,E1VIOLENCE,N,sonnet
3464,I_2,E1RADICAL,N,sonnet
3464,I_2,E2ALLEGATION,N,sonnet
3464,I_2,E2DEHUMANIZATION,N,sonnet
3464,I_2,E2DEMONIZE,N,sonnet
3464,I_2,E2STEREOTYPE,N,sonnet
3464,I_2,E2COLLECTIVEPOWER,N,sonnet
3464,I_2,E2CONSPIRACY,N,sonnet
3464,I_2,E2CONTROLMEDIA,N,sonnet
3464,I_2,E2CONTROLECONOMY,N,sonnet
3464,I_2,E2CONTROLGOV,N,sonnet
3464,I_2,E2CONTROLOTHER,N,sonnet
3464,I_2,E3COLLECTIVEBLAME,N,sonnet
19492,I_2,E1VIOLENCE,N,sonnet
19492,I_2,E1RADICAL,N,sonnet
19492,I_2,E2ALLEGATION,N,sonnet
19492,I_2,E2DEHUMANIZATION,N,sonnet
19492,I_2,E2DEMONIZE,N,sonnet
19492,I_2,E2STEREOTYPE,N,sonnet
19492,I_2,E2COLLECTIVEPOWER,N,sonnet
19492,I_2,E2CONSPIRACY,N,sonnet
19492,I_2,E2CONTROLMEDIA,N,sonnet
19492,I_2,E2CONTROLECONOMY,N,sonnet
19492,I_2,E2CONTROLGOV,N,sonnet
19492,I_2,E2CONTROLOTHER,N,sonnet
19492,I_2,E3COLLECTIVEBLAME,N,sonnet
48475,I_2,E1VIOLENCE,N,sonnet
48475,I_2,E1RADICAL,N,sonnet
48475,I_2,E2ALLEGATION,A,sonnet
48475,I_2,E2DEHUMANIZATION,N,sonnet
48475,I_2,E2DEMONIZE,N,sonnet
48475,I_2,E2STEREOTYPE,N,sonnet
48475,I_2,E2COLLECTIVEPOWER,N,sonnet
48475,I_2,E2CONSPIRACY,N,sonnet
48475,I_2,E2CONTROLMEDIA,N,sonnet
48475,I_2,E2CONTROLECONOMY,A,sonnet
48475,I_2,E2CONTROLGOV,N,sonnet
48475,I_2,E2CONTROLOTHER,N,sonnet
48475,I_2,E3COLLECTIVEBLAME,N,sonnet
48426,I_2,E1VIOLENCE,N,sonnet
48426,I_2,E1RADICAL,N,sonnet
48426,I_2,E2ALLEGATION,N,sonnet
48426,I_2,E2DEHUMANIZATION,N,sonnet
48426,I_2,E2DEMONIZE,N,sonnet
48426,I_2,E2STEREOTYPE,N,sonnet
48426,I_2,E2COLLECTIVEPOWER,N,sonnet
48426,I_2,E2CONSPIRACY,N,sonnet
48426,I_2,E2CONTROLMEDIA,N,sonnet
48426,I_2,E2CONTROLECONOMY,N,sonnet
48426,I_2,E2CONTROLGOV,N,sonnet
48426,I_2,E2CONTROLOTHER,N,sonnet
48426,I_2,E3COLLECTIVEBLAME,N,sonnet
34601,I_2,E1VIOLENCE,E,sonnet
34601,I_2,E1RADICAL,N,sonnet
34601,I_2,E2ALLEGATION,N,sonnet
34601,I_2,E2DEHUMANIZATION,E,sonnet
34601,I_2,E2DEMONIZE,N,sonnet
34601,I_2,E2STEREOTYPE,N,sonnet
34601,I_2,E2COLLECTIVEPOWER,N,sonnet
34601,I_2,E2CONSPIRACY,N,sonnet
34601,I_2,E2CONTROLMEDIA,N,sonnet
34601,I_2,E2CONTROLECONOMY,N,sonnet
34601,I_2,E2CONTROLGOV,N,sonnet
34601,I_2,E2CONTROLOTHER,N,sonnet
34601,I_2,E3COLLECTIVEBLAME,N,sonnet
9822,I_2,E1VIOLENCE,N,sonnet
9822,I_2,E1RADICAL,N,sonnet
9822,I_2,E2ALLEGATION,N,sonnet
9822,I_2,E2DEHUMANIZATION,N,sonnet
9822,I_2,E2DEMONIZE,E,sonnet
9822,I_2,E2STEREOTYPE,N,sonnet
9822,I_2,E2COLLECTIVEPOWER,N,sonnet
9822,I_2,E2CONSPIRACY,N,sonnet
9822,I_2,E2CONTROLMEDIA,N,sonnet
9822,I_2,E2CONTROLECONOMY,N,sonnet
9822,I_2,E2CONTROLGOV,N,sonnet
9822,I_2,E2CONTROLOTHER,N,sonnet
9822,I_2,E3COLLECTIVEBLAME,N,sonnet
41776,I_2,E1VIOLENCE,N,sonnet
41776,I_2,E1RADICAL,N,sonnet
41776,I_2,E2ALLEGATION,N,sonnet
41776,I_2,E2DEHUMANIZATION,N,sonnet
41776,I_2,E2DEMONIZE,N,sonnet
41776,I_2,E2STEREOTYPE,N,sonnet
41776,I_2,E2COLLECTIVEPOWER,N,sonnet
41776,I_2,E2CONSPIRACY,N,sonnet
41776,I_2,E2CONTROLMEDIA,N,sonnet
41776,I_2,E2CONTROLECONOMY,N,sonnet
41776,I_2,E2CONTROLGOV,N,sonnet
41776,I_2,E2CONTROLOTHER,N,sonnet
41776,I_2,E3COLLECTIVEBLAME,N,sonnet
41212,I_2,E1VIOLENCE,E,sonnet
41212,I_2,E1RADICAL,E,sonnet
41212,I_2,E2ALLEGATION,N,sonnet
41212,I_2,E2DEHUMANIZATION,I,sonnet
41212,I_2,E2DEMONIZE,N,sonnet
41212,I_2,E2STEREOTYPE,N,sonnet
41212,I_2,E2COLLECTIVEPOWER,N,sonnet
41212,I_2,E2CONSPIRACY,N,sonnet
41212,I_2,E2CONTROLMEDIA,N,sonnet
41212,I_2,E2CONTROLECONOMY,N,sonnet
41212,I_2,E2CONTROLGOV,N,sonnet
41212,I_2,E2CONTROLOTHER,N,sonnet
41212,I_2,E3COLLECTIVEBLAME,N,sonnet
7878,I_2,E1VIOLENCE,N,sonnet
7878,I_2,E1RADICAL,N,sonnet
7878,I_2,E2ALLEGATION,N,sonnet
7878,I_2,E2DEHUMANIZATION,N,sonnet
7878,I_2,E2DEMONIZE,N,sonnet
7878,I_2,E2STEREOTYPE,N,sonnet
7878,I_2,E2COLLECTIVEPOWER,N,sonnet
7878,I_2,E2CONSPIRACY,N,sonnet
7878,I_2,E2CONTROLMEDIA,N,sonnet
7878,I_2,E2CONTROLECONOMY,N,sonnet
7878,I_2,E2CONTROLGOV,N,sonnet
7878,I_2,E2CONTROLOTHER,N,sonnet
7878,I_2,E3COLLECTIVEBLAME,N,sonnet
6163,I_2,E1VIOLENCE,I,gpt4o
6163,I_2,E1RADICAL,I,gpt4o
6163,I_2,E2ALLEGATION,I,gpt4o
6163,I_2,E2DEHUMANIZATION,I,gpt4o
6163,I_2,E2DEMONIZE,I,gpt4o
6163,I_2,E2STEREOTYPE,N,gpt4o
6163,I_2,E2COLLECTIVEPOWER,N,gpt4o
6163,I_2,E2CONSPIRACY,N,gpt4o
6163,I_2,E2CONTROLMEDIA,N,gpt4o
6163,I_2,E2CONTROLECONOMY,N,gpt4o
6163,I_2,E2CONTROLGOV,N,gpt4o
6163,I_2,E2CONTROLOTHER,N,gpt4o
6163,I_2,E3COLLECTIVEBLAME,N,gpt4o
7885,I_2,E1VIOLENCE,N,sonnet
7885,I_2,E1RADICAL,N,sonnet
7885,I_2,E2ALLEGATION,N,sonnet
7885,I_2,E2DEHUMANIZATION,N,sonnet
7885,I_2,E2DEMONIZE,N,sonnet
7885,I_2,E2STEREOTYPE,N,sonnet
7885,I_2,E2COLLECTIVEPOWER,N,sonnet
7885,I_2,E2CONSPIRACY,N,sonnet
7885,I_2,E2CONTROLMEDIA,N,sonnet
7885,I_2,E2CONTROLECONOMY,N,sonnet
7885,I_2,E2CONTROLGOV,N,sonnet
7885,I_2,E2CONTROLOTHER,N,sonnet
7885,I_2,E3COLLECTIVEBLAME,N,sonnet
7525,I_2,E1VIOLENCE,N,sonnet
7525,I_2,E1RADICAL,N,sonnet
7525,I_2,E2ALLEGATION,N,sonnet
7525,I_2,E2DEHUMANIZATION,N,sonnet
7525,I_2,E2DEMONIZE,N,sonnet
7525,I_2,E2STEREOTYPE,N,sonnet
7525,I_2,E2COLLECTIVEPOWER,N,sonnet
7525,I_2,E2CONSPIRACY,N,sonnet
7525,I_2,E2CONTROLMEDIA,N,sonnet
7525,I_2,E2CONTROLECONOMY,N,sonnet
7525,I_2,E2CONTROLGOV,N,sonnet
7525,I_2,E2CONTROLOTHER,N,sonnet
7525,I_2,E3COLLECTIVEBLAME,N,sonnet
40269,I_2,E1VIOLENCE,N,gpt4o
40269,I_2,E1RADICAL,N,gpt4o
40269,I_2,E2ALLEGATION,E,gpt4o
40269,I_2,E2DEHUMANIZATION,E,gpt4o
40269,I_2,E2DEMONIZE,E,gpt4o
40269,I_2,E2STEREOTYPE,E,gpt4o
40269,I_2,E2COLLECTIVEPOWER,N,gpt4o
40269,I_2,E2CONSPIRACY,I,gpt4o
40269,I_2,E2CONTROLMEDIA,N,gpt4o
40269,I_2,E2CONTROLECONOMY,N,gpt4o
40269,I_2,E2CONTROLGOV,N,gpt4o
40269,I_2,E2CONTROLOTHER,N,gpt4o
40269,I_2,E3COLLECTIVEBLAME,E,gpt4o
43197,I_2,E1VIOLENCE,N,sonnet
43197,I_2,E1RADICAL,N,sonnet
43197,I_2,E2ALLEGATION,N,sonnet
43197,I_2,E2DEHUMANIZATION,N,sonnet
43197,I_2,E2DEMONIZE,N,sonnet
43197,I_2,E2STEREOTYPE,N,sonnet
43197,I_2,E2COLLECTIVEPOWER,N,sonnet
43197,I_2,E2CONSPIRACY,N,sonnet
43197,I_2,E2CONTROLMEDIA,N,sonnet
43197,I_2,E2CONTROLECONOMY,N,sonnet
43197,I_2,E2CONTROLGOV,N,sonnet
43197,I_2,E2CONTROLOTHER,N,sonnet
43197,I_2,E3COLLECTIVEBLAME,N,sonnet
39821,I_2,E1VIOLENCE,N,sonnet
39821,I_2,E1RADICAL,N,sonnet
39821,I_2,E2ALLEGATION,N,sonnet
39821,I_2,E2DEHUMANIZATION,N,sonnet
39821,I_2,E2DEMONIZE,N,sonnet
39821,I_2,E2STEREOTYPE,N,sonnet
39821,I_2,E2COLLECTIVEPOWER,N,sonnet
39821,I_2,E2CONSPIRACY,N,sonnet
39821,I_2,E2CONTROLMEDIA,N,sonnet
39821,I_2,E2CONTROLECONOMY,N,sonnet
39821,I_2,E2CONTROLGOV,N,sonnet
39821,I_2,E2CONTROLOTHER,N,sonnet
39821,I_2,E3COLLECTIVEBLAME,N,sonnet
48561,I_2,E1VIOLENCE,N,sonnet
48561,I_2,E1RADICAL,N,sonnet
48561,I_2,E2ALLEGATION,N,sonnet
48561,I_2,E2DEHUMANIZATION,N,sonnet
48561,I_2,E2DEMONIZE,N,sonnet
48561,I_2,E2STEREOTYPE,N,sonnet
48561,I_2,E2COLLECTIVEPOWER,N,sonnet
48561,I_2,E2CONSPIRACY,N,sonnet
48561,I_2,E2CONTROLMEDIA,N,sonnet
48561,I_2,E2CONTROLECONOMY,N,sonnet
48561,I_2,E2CONTROLGOV,N,sonnet
48561,I_2,E2CONTROLOTHER,N,sonnet
48561,I_2,E3COLLECTIVEBLAME,N,sonnet
45188,I_2,E1VIOLENCE,N,sonnet
45188,I_2,E1RADICAL,N,sonnet
45188,I_2,E2ALLEGATION,N,sonnet
45188,I_2,E2DEHUMANIZATION,N,sonnet
45188,I_2,E2DEMONIZE,N,sonnet
45188,I_2,E2STEREOTYPE,N,sonnet
45188,I_2,E2COLLECTIVEPOWER,N,sonnet
45188,I_2,E2CONSPIRACY,N,sonnet
45188,I_2,E2CONTROLMEDIA,N,sonnet
45188,I_2,E2CONTROLECONOMY,N,sonnet
45188,I_2,E2CONTROLGOV,N,sonnet
45188,I_2,E2CONTROLOTHER,N,sonnet
45188,I_2,E3COLLECTIVEBLAME,N,sonnet
14651,I_2,E1VIOLENCE,N,sonnet
14651,I_2,E1RADICAL,N,sonnet
14651,I_2,E2ALLEGATION,N,sonnet
14651,I_2,E2DEHUMANIZATION,N,sonnet
14651,I_2,E2DEMONIZE,N,sonnet
14651,I_2,E2STEREOTYPE,N,sonnet
14651,I_2,E2COLLECTIVEPOWER,N,sonnet
14651,I_2,E2CONSPIRACY,N,sonnet
14651,I_2,E2CONTROLMEDIA,N,sonnet
14651,I_2,E2CONTROLECONOMY,N,sonnet
14651,I_2,E2CONTROLGOV,N,sonnet
14651,I_2,E2CONTROLOTHER,N,sonnet
14651,I_2,E3COLLECTIVEBLAME,N,sonnet
45890,I_2,E1VIOLENCE,I,sonnet
45890,I_2,E1RADICAL,N,sonnet
45890,I_2,E2ALLEGATION,N,sonnet
45890,I_2,E2DEHUMANIZATION,N,sonnet
45890,I_2,E2DEMONIZE,I,sonnet
45890,I_2,E2STEREOTYPE,N,sonnet
45890,I_2,E2COLLECTIVEPOWER,N,sonnet
45890,I_2,E2CONSPIRACY,N,sonnet
45890,I_2,E2CONTROLMEDIA,N,sonnet
45890,I_2,E2CONTROLECONOMY,N,sonnet
45890,I_2,E2CONTROLGOV,N,sonnet
45890,I_2,E2CONTROLOTHER,N,sonnet
45890,I_2,E3COLLECTIVEBLAME,N,sonnet
44859,I_2,E1VIOLENCE,E,sonnet
44859,I_2,E1RADICAL,N,sonnet
44859,I_2,E2ALLEGATION,E,sonnet
44859,I_2,E2DEHUMANIZATION,E,sonnet
44859,I_2,E2DEMONIZE,E,sonnet
44859,I_2,E2STEREOTYPE,I,sonnet
44859,I_2,E2COLLECTIVEPOWER,N,sonnet
44859,I_2,E2CONSPIRACY,N,sonnet
44859,I_2,E2CONTROLMEDIA,N,sonnet
44859,I_2,E2CONTROLECONOMY,N,sonnet
44859,I_2,E2CONTROLGOV,N,sonnet
44859,I_2,E2CONTROLOTHER,N,sonnet
44859,I_2,E3COLLECTIVEBLAME,I,sonnet
9521,I_2,E1VIOLENCE,N,sonnet
9521,I_2,E1RADICAL,N,sonnet
9521,I_2,E2ALLEGATION,N,sonnet
9521,I_2,E2DEHUMANIZATION,N,sonnet
9521,I_2,E2DEMONIZE,N,sonnet
9521,I_2,E2STEREOTYPE,I,sonnet
9521,I_2,E2COLLECTIVEPOWER,N,sonnet
9521,I_2,E2CONSPIRACY,N,sonnet
9521,I_2,E2CONTROLMEDIA,N,sonnet
9521,I_2,E2CONTROLECONOMY,N,sonnet
9521,I_2,E2CONTROLGOV,N,sonnet
9521,I_2,E2CONTROLOTHER,N,sonnet
9521,I_2,E3COLLECTIVEBLAME,N,sonnet
12248,I_2,E1VIOLENCE,N,sonnet
12248,I_2,E1RADICAL,N,sonnet
12248,I_2,E2ALLEGATION,N,sonnet
12248,I_2,E2DEHUMANIZATION,N,sonnet
12248,I_2,E2DEMONIZE,N,sonnet
12248,I_2,E2STEREOTYPE,N,sonnet
12248,I_2,E2COLLECTIVEPOWER,N,sonnet
12248,I_2,E2CONSPIRACY,N,sonnet
12248,I_2,E2CONTROLMEDIA,N,sonnet
12248,I_2,E2CONTROLECONOMY,N,sonnet
12248,I_2,E2CONTROLGOV,N,sonnet
12248,I_2,E2CONTROLOTHER,N,sonnet
12248,I_2,E3COLLECTIVEBLAME,N,sonnet
34920,I_2,E1VIOLENCE,N,sonnet
34920,I_2,E1RADICAL,N,sonnet
34920,I_2,E2ALLEGATION,N,sonnet
34920,I_2,E2DEHUMANIZATION,I,sonnet
34920,I_2,E2DEMONIZE,N,sonnet
34920,I_2,E2STEREOTYPE,N,sonnet
34920,I_2,E2COLLECTIVEPOWER,N,sonnet
34920,I_2,E2CONSPIRACY,N,sonnet
34920,I_2,E2CONTROLMEDIA,N,sonnet
34920,I_2,E2CONTROLECONOMY,N,sonnet
34920,I_2,E2CONTROLGOV,N,sonnet
34920,I_2,E2CONTROLOTHER,N,sonnet
34920,I_2,E3COLLECTIVEBLAME,N,sonnet
44430,I_2,E1VIOLENCE,N,sonnet
44430,I_2,E1RADICAL,N,sonnet
44430,I_2,E2ALLEGATION,N,sonnet
44430,I_2,E2DEHUMANIZATION,N,sonnet
44430,I_2,E2DEMONIZE,N,sonnet
44430,I_2,E2STEREOTYPE,N,sonnet
44430,I_2,E2COLLECTIVEPOWER,N,sonnet
44430,I_2,E2CONSPIRACY,N,sonnet
44430,I_2,E2CONTROLMEDIA,N,sonnet
44430,I_2,E2CONTROLECONOMY,N,sonnet
44430,I_2,E2CONTROLGOV,N,sonnet
44430,I_2,E2CONTROLOTHER,N,sonnet
44430,I_2,E3COLLECTIVEBLAME,N,sonnet
27215,I_2,E1VIOLENCE,N,sonnet
27215,I_2,E1RADICAL,N,sonnet
27215,I_2,E2ALLEGATION,N,sonnet
27215,I_2,E2DEHUMANIZATION,N,sonnet
27215,I_2,E2DEMONIZE,N,sonnet
27215,I_2,E2STEREOTYPE,N,sonnet
27215,I_2,E2COLLECTIVEPOWER,N,sonnet
27215,I_2,E2CONSPIRACY,N,sonnet
27215,I_2,E2CONTROLMEDIA,N,sonnet
27215,I_2,E2CONTROLECONOMY,N,sonnet
27215,I_2,E2CONTROLGOV,N,sonnet
27215,I_2,E2CONTROLOTHER,N,sonnet
27215,I_2,E3COLLECTIVEBLAME,N,sonnet
45694,I_2,E1VIOLENCE,N,sonnet
45694,I_2,E1RADICAL,N,sonnet
45694,I_2,E2ALLEGATION,N,sonnet
45694,I_2,E2DEHUMANIZATION,N,sonnet
45694,I_2,E2DEMONIZE,N,sonnet
45694,I_2,E2STEREOTYPE,N,sonnet
45694,I_2,E2COLLECTIVEPOWER,I,sonnet
45694,I_2,E2CONSPIRACY,N,sonnet
45694,I_2,E2CONTROLMEDIA,N,sonnet
45694,I_2,E2CONTROLECONOMY,N,sonnet
45694,I_2,E2CONTROLGOV,N,sonnet
45694,I_2,E2CONTROLOTHER,I,sonnet
45694,I_2,E3COLLECTIVEBLAME,N,sonnet
37408,I_2,E1VIOLENCE,N,sonnet
37408,I_2,E1RADICAL,N,sonnet
37408,I_2,E2ALLEGATION,N,sonnet
37408,I_2,E2DEHUMANIZATION,N,sonnet
37408,I_2,E2DEMONIZE,N,sonnet
37408,I_2,E2STEREOTYPE,N,sonnet
37408,I_2,E2COLLECTIVEPOWER,N,sonnet
37408,I_2,E2CONSPIRACY,N,sonnet
37408,I_2,E2CONTROLMEDIA,N,sonnet
37408,I_2,E2CONTROLECONOMY,N,sonnet
37408,I_2,E2CONTROLGOV,N,sonnet
37408,I_2,E2CONTROLOTHER,N,sonnet
37408,I_2,E3COLLECTIVEBLAME,N,sonnet
26103,I_2,E1VIOLENCE,N,sonnet
26103,I_2,E1RADICAL,N,sonnet
26103,I_2,E2ALLEGATION,N,sonnet
26103,I_2,E2DEHUMANIZATION,N,sonnet
26103,I_2,E2DEMONIZE,N,sonnet
26103,I_2,E2STEREOTYPE,N,sonnet
26103,I_2,E2COLLECTIVEPOWER,N,sonnet
26103,I_2,E2CONSPIRACY,N,sonnet
26103,I_2,E2CONTROLMEDIA,N,sonnet
26103,I_2,E2CONTROLECONOMY,N,sonnet
26103,I_2,E2CONTROLGOV,N,sonnet
26103,I_2,E2CONTROLOTHER,N,sonnet
26103,I_2,E3COLLECTIVEBLAME,N,sonnet
16772,I_2,E1VIOLENCE,A,sonnet
16772,I_2,E1RADICAL,A,sonnet
16772,I_2,E2ALLEGATION,N,sonnet
16772,I_2,E2DEHUMANIZATION,N,sonnet
16772,I_2,E2DEMONIZE,N,sonnet
16772,I_2,E2STEREOTYPE,N,sonnet
16772,I_2,E2COLLECTIVEPOWER,N,sonnet
16772,I_2,E2CONSPIRACY,N,sonnet
16772,I_2,E2CONTROLMEDIA,N,sonnet
16772,I_2,E2CONTROLECONOMY,N,sonnet
16772,I_2,E2CONTROLGOV,N,sonnet
16772,I_2,E2CONTROLOTHER,N,sonnet
16772,I_2,E3COLLECTIVEBLAME,A,sonnet
17090,I_2,E1VIOLENCE,N,sonnet
17090,I_2,E1RADICAL,N,sonnet
17090,I_2,E2ALLEGATION,N,sonnet
17090,I_2,E2DEHUMANIZATION,N,sonnet
17090,I_2,E2DEMONIZE,N,sonnet
17090,I_2,E2STEREOTYPE,N,sonnet
17090,I_2,E2COLLECTIVEPOWER,N,sonnet
17090,I_2,E2CONSPIRACY,N,sonnet
17090,I_2,E2CONTROLMEDIA,N,sonnet
17090,I_2,E2CONTROLECONOMY,N,sonnet
17090,I_2,E2CONTROLGOV,N,sonnet
17090,I_2,E2CONTROLOTHER,N,sonnet
17090,I_2,E3COLLECTIVEBLAME,N,sonnet
42450,I_2,E1VIOLENCE,N,sonnet
42450,I_2,E1RADICAL,N,sonnet
42450,I_2,E2ALLEGATION,N,sonnet
42450,I_2,E2DEHUMANIZATION,E,sonnet
42450,I_2,E2DEMONIZE,N,sonnet
42450,I_2,E2STEREOTYPE,N,sonnet
42450,I_2,E2COLLECTIVEPOWER,N,sonnet
42450,I_2,E2CONSPIRACY,N,sonnet
42450,I_2,E2CONTROLMEDIA,N,sonnet
42450,I_2,E2CONTROLECONOMY,N,sonnet
42450,I_2,E2CONTROLGOV,N,sonnet
42450,I_2,E2CONTROLOTHER,N,sonnet
42450,I_2,E3COLLECTIVEBLAME,N,sonnet
2166,I_2,E1VIOLENCE,I,sonnet
2166,I_2,E1RADICAL,N,sonnet
2166,I_2,E2ALLEGATION,E,sonnet
2166,I_2,E2DEHUMANIZATION,E,sonnet
2166,I_2,E2DEMONIZE,E,sonnet
2166,I_2,E2STEREOTYPE,E,sonnet
2166,I_2,E2COLLECTIVEPOWER,N,sonnet
2166,I_2,E2CONSPIRACY,N,sonnet
2166,I_2,E2CONTROLMEDIA,N,sonnet
2166,I_2,E2CONTROLECONOMY,I,sonnet
2166,I_2,E2CONTROLGOV,N,sonnet
2166,I_2,E2CONTROLOTHER,N,sonnet
2166,I_2,E3COLLECTIVEBLAME,E,sonnet
25549,I_2,E1VIOLENCE,N,sonnet
25549,I_2,E1RADICAL,N,sonnet
25549,I_2,E2ALLEGATION,N,sonnet
25549,I_2,E2DEHUMANIZATION,N,sonnet
25549,I_2,E2DEMONIZE,N,sonnet
25549,I_2,E2STEREOTYPE,N,sonnet
25549,I_2,E2COLLECTIVEPOWER,N,sonnet
25549,I_2,E2CONSPIRACY,N,sonnet
25549,I_2,E2CONTROLMEDIA,N,sonnet
25549,I_2,E2CONTROLECONOMY,N,sonnet
25549,I_2,E2CONTROLGOV,N,sonnet
25549,I_2,E2CONTROLOTHER,N,sonnet
25549,I_2,E3COLLECTIVEBLAME,N,sonnet
31827,I_2,E1VIOLENCE,N,sonnet
31827,I_2,E1RADICAL,N,sonnet
31827,I_2,E2ALLEGATION,I,sonnet
31827,I_2,E2DEHUMANIZATION,N,sonnet
31827,I_2,E2DEMONIZE,I,sonnet
31827,I_2,E2STEREOTYPE,N,sonnet
31827,I_2,E2COLLECTIVEPOWER,N,sonnet
31827,I_2,E2CONSPIRACY,N,sonnet
31827,I_2,E2CONTROLMEDIA,N,sonnet
31827,I_2,E2CONTROLECONOMY,N,sonnet
31827,I_2,E2CONTROLGOV,N,sonnet
31827,I_2,E2CONTROLOTHER,N,sonnet
31827,I_2,E3COLLECTIVEBLAME,N,sonnet
3374,I_2,E1VIOLENCE,N,sonnet
3374,I_2,E1RADICAL,I,sonnet
3374,I_2,E2ALLEGATION,N,sonnet
3374,I_2,E2DEHUMANIZATION,E,sonnet
3374,I_2,E2DEMONIZE,E,sonnet
3374,I_2,E2STEREOTYPE,N,sonnet
3374,I_2,E2COLLECTIVEPOWER,N,sonnet
3374,I_2,E2CONSPIRACY,N,sonnet
3374,I_2,E2CONTROLMEDIA,N,sonnet
3374,I_2,E2CONTROLECONOMY,N,sonnet
3374,I_2,E2CONTROLGOV,N,sonnet
3374,I_2,E2CONTROLOTHER,N,sonnet
3374,I_2,E3COLLECTIVEBLAME,N,sonnet
34831,I_2,E1VIOLENCE,N,sonnet
34831,I_2,E1RADICAL,N,sonnet
34831,I_2,E2ALLEGATION,N,sonnet
34831,I_2,E2DEHUMANIZATION,N,sonnet
34831,I_2,E2DEMONIZE,N,sonnet
34831,I_2,E2STEREOTYPE,N,sonnet
34831,I_2,E2COLLECTIVEPOWER,N,sonnet
34831,I_2,E2CONSPIRACY,N,sonnet
34831,I_2,E2CONTROLMEDIA,N,sonnet
34831,I_2,E2CONTROLECONOMY,N,sonnet
34831,I_2,E2CONTROLGOV,N,sonnet
34831,I_2,E2CONTROLOTHER,N,sonnet
34831,I_2,E3COLLECTIVEBLAME,N,sonnet
7395,I_2,E1VIOLENCE,E,sonnet
7395,I_2,E1RADICAL,A,sonnet
7395,I_2,E2ALLEGATION,N,sonnet
7395,I_2,E2DEHUMANIZATION,I,sonnet
7395,I_2,E2DEMONIZE,N,sonnet
7395,I_2,E2STEREOTYPE,N,sonnet
7395,I_2,E2COLLECTIVEPOWER,N,sonnet
7395,I_2,E2CONSPIRACY,N,sonnet
7395,I_2,E2CONTROLMEDIA,N,sonnet
7395,I_2,E2CONTROLECONOMY,N,sonnet
7395,I_2,E2CONTROLGOV,N,sonnet
7395,I_2,E2CONTROLOTHER,N,sonnet
7395,I_2,E3COLLECTIVEBLAME,N,sonnet
42539,I_2,E1VIOLENCE,A,sonnet
42539,I_2,E1RADICAL,A,sonnet
42539,I_2,E2ALLEGATION,I,sonnet
42539,I_2,E2DEHUMANIZATION,N,sonnet
42539,I_2,E2DEMONIZE,I,sonnet
42539,I_2,E2STEREOTYPE,I,sonnet
42539,I_2,E2COLLECTIVEPOWER,N,sonnet
42539,I_2,E2CONSPIRACY,N,sonnet
42539,I_2,E2CONTROLMEDIA,N,sonnet
42539,I_2,E2CONTROLECONOMY,N,sonnet
42539,I_2,E2CONTROLGOV,N,sonnet
42539,I_2,E2CONTROLOTHER,N,sonnet
42539,I_2,E3COLLECTIVEBLAME,N,sonnet
1774,I_2,E1VIOLENCE,N,sonnet
1774,I_2,E1RADICAL,N,sonnet
1774,I_2,E2ALLEGATION,I,sonnet
1774,I_2,E2DEHUMANIZATION,N,sonnet
1774,I_2,E2DEMONIZE,I,sonnet
1774,I_2,E2STEREOTYPE,I,sonnet
1774,I_2,E2COLLECTIVEPOWER,N,sonnet
1774,I_2,E2CONSPIRACY,N,sonnet
1774,I_2,E2CONTROLMEDIA,N,sonnet
1774,I_2,E2CONTROLECONOMY,N,sonnet
1774,I_2,E2CONTROLGOV,N,sonnet
1774,I_2,E2CONTROLOTHER,N,sonnet
1774,I_2,E3COLLECTIVEBLAME,N,sonnet
36612,I_2,E1VIOLENCE,N,sonnet
36612,I_2,E1RADICAL,N,sonnet
36612,I_2,E2ALLEGATION,N,sonnet
36612,I_2,E2DEHUMANIZATION,N,sonnet
36612,I_2,E2DEMONIZE,N,sonnet
36612,I_2,E2STEREOTYPE,N,sonnet
36612,I_2,E2COLLECTIVEPOWER,N,sonnet
36612,I_2,E2CONSPIRACY,N,sonnet
36612,I_2,E2CONTROLMEDIA,N,sonnet
36612,I_2,E2CONTROLECONOMY,N,sonnet
36612,I_2,E2CONTROLGOV,N,sonnet
36612,I_2,E2CONTROLOTHER,N,sonnet
36612,I_2,E3COLLECTIVEBLAME,N,sonnet
8113,I_2,E1VIOLENCE,I,sonnet
8113,I_2,E1RADICAL,I,sonnet
8113,I_2,E2ALLEGATION,N,sonnet
8113,I_2,E2DEHUMANIZATION,I,sonnet
8113,I_2,E2DEMONIZE,N,sonnet
8113,I_2,E2STEREOTYPE,N,sonnet
8113,I_2,E2COLLECTIVEPOWER,N,sonnet
8113,I_2,E2CONSPIRACY,N,sonnet
8113,I_2,E2CONTROLMEDIA,N,sonnet
8113,I_2,E2CONTROLECONOMY,N,sonnet
8113,I_2,E2CONTROLGOV,N,sonnet
8113,I_2,E2CONTROLOTHER,N,sonnet
8113,I_2,E3COLLECTIVEBLAME,N,sonnet
47419,I_2,E1VIOLENCE,N,sonnet
47419,I_2,E1RADICAL,N,sonnet
47419,I_2,E2ALLEGATION,N,sonnet
47419,I_2,E2DEHUMANIZATION,N,sonnet
47419,I_2,E2DEMONIZE,I,sonnet
47419,I_2,E2STEREOTYPE,N,sonnet
47419,I_2,E2COLLECTIVEPOWER,N,sonnet
47419,I_2,E2CONSPIRACY,N,sonnet
47419,I_2,E2CONTROLMEDIA,N,sonnet
47419,I_2,E2CONTROLECONOMY,N,sonnet
47419,I_2,E2CONTROLGOV,N,sonnet
47419,I_2,E2CONTROLOTHER,N,sonnet
47419,I_2,E3COLLECTIVEBLAME,N,sonnet
10158,I_2,E1VIOLENCE,N,sonnet
10158,I_2,E1RADICAL,N,sonnet
10158,I_2,E2ALLEGATION,N,sonnet
10158,I_2,E2DEHUMANIZATION,N,sonnet
10158,I_2,E2DEMONIZE,N,sonnet
10158,I_2,E2STEREOTYPE,N,sonnet
10158,I_2,E2COLLECTIVEPOWER,N,sonnet
10158,I_2,E2CONSPIRACY,N,sonnet
10158,I_2,E2CONTROLMEDIA,N,sonnet
10158,I_2,E2CONTROLECONOMY,N,sonnet
10158,I_2,E2CONTROLGOV,N,sonnet
10158,I_2,E2CONTROLOTHER,N,sonnet
10158,I_2,E3COLLECTIVEBLAME,N,sonnet
20102,I_2,E1VIOLENCE,N,sonnet
20102,I_2,E1RADICAL,N,sonnet
20102,I_2,E2ALLEGATION,N,sonnet
20102,I_2,E2DEHUMANIZATION,N,sonnet
20102,I_2,E2DEMONIZE,N,sonnet
20102,I_2,E2STEREOTYPE,N,sonnet
20102,I_2,E2COLLECTIVEPOWER,N,sonnet
20102,I_2,E2CONSPIRACY,N,sonnet
20102,I_2,E2CONTROLMEDIA,N,sonnet
20102,I_2,E2CONTROLECONOMY,N,sonnet
20102,I_2,E2CONTROLGOV,N,sonnet
20102,I_2,E2CONTROLOTHER,N,sonnet
20102,I_2,E3COLLECTIVEBLAME,N,sonnet
36551,I_2,E1VIOLENCE,N,sonnet
36551,I_2,E1RADICAL,N,sonnet
36551,I_2,E2ALLEGATION,N,sonnet
36551,I_2,E2DEHUMANIZATION,N,sonnet
36551,I_2,E2DEMONIZE,N,sonnet
36551,I_2,E2STEREOTYPE,N,sonnet
36551,I_2,E2COLLECTIVEPOWER,N,sonnet
36551,I_2,E2CONSPIRACY,N,sonnet
36551,I_2,E2CONTROLMEDIA,N,sonnet
36551,I_2,E2CONTROLECONOMY,N,sonnet
36551,I_2,E2CONTROLGOV,N,sonnet
36551,I_2,E2CONTROLOTHER,N,sonnet
36551,I_2,E3COLLECTIVEBLAME,N,sonnet
46955,I_2,E1VIOLENCE,N,sonnet
46955,I_2,E1RADICAL,N,sonnet
46955,I_2,E2ALLEGATION,E,sonnet
46955,I_2,E2DEHUMANIZATION,E,sonnet
46955,I_2,E2DEMONIZE,E,sonnet
46955,I_2,E2STEREOTYPE,E,sonnet
46955,I_2,E2COLLECTIVEPOWER,N,sonnet
46955,I_2,E2CONSPIRACY,N,sonnet
46955,I_2,E2CONTROLMEDIA,N,sonnet
46955,I_2,E2CONTROLECONOMY,N,sonnet
46955,I_2,E2CONTROLGOV,N,sonnet
46955,I_2,E2CONTROLOTHER,N,sonnet
46955,I_2,E3COLLECTIVEBLAME,N,sonnet
48195,I_2,E1VIOLENCE,N,sonnet
48195,I_2,E1RADICAL,N,sonnet
48195,I_2,E2ALLEGATION,N,sonnet
48195,I_2,E2DEHUMANIZATION,N,sonnet
48195,I_2,E2DEMONIZE,N,sonnet
48195,I_2,E2STEREOTYPE,N,sonnet
48195,I_2,E2COLLECTIVEPOWER,N,sonnet
48195,I_2,E2CONSPIRACY,N,sonnet
48195,I_2,E2CONTROLMEDIA,N,sonnet
48195,I_2,E2CONTROLECONOMY,N,sonnet
48195,I_2,E2CONTROLGOV,N,sonnet
48195,I_2,E2CONTROLOTHER,N,sonnet
48195,I_2,E3COLLECTIVEBLAME,N,sonnet
24667,I_2,E1VIOLENCE,N,sonnet
24667,I_2,E1RADICAL,N,sonnet
24667,I_2,E2ALLEGATION,N,sonnet
24667,I_2,E2DEHUMANIZATION,N,sonnet
24667,I_2,E2DEMONIZE,N,sonnet
24667,I_2,E2STEREOTYPE,N,sonnet
24667,I_2,E2COLLECTIVEPOWER,N,sonnet
24667,I_2,E2CONSPIRACY,N,sonnet
24667,I_2,E2CONTROLMEDIA,N,sonnet
24667,I_2,E2CONTROLECONOMY,N,sonnet
24667,I_2,E2CONTROLGOV,N,sonnet
24667,I_2,E2CONTROLOTHER,N,sonnet
24667,I_2,E3COLLECTIVEBLAME,N,sonnet
37796,I_2,E1VIOLENCE,N,sonnet
37796,I_2,E1RADICAL,N,sonnet
37796,I_2,E2ALLEGATION,N,sonnet
37796,I_2,E2DEHUMANIZATION,N,sonnet
37796,I_2,E2DEMONIZE,N,sonnet
37796,I_2,E2STEREOTYPE,N,sonnet
37796,I_2,E2COLLECTIVEPOWER,N,sonnet
37796,I_2,E2CONSPIRACY,N,sonnet
37796,I_2,E2CONTROLMEDIA,N,sonnet
37796,I_2,E2CONTROLECONOMY,N,sonnet
37796,I_2,E2CONTROLGOV,N,sonnet
37796,I_2,E2CONTROLOTHER,N,sonnet
37796,I_2,E3COLLECTIVEBLAME,N,sonnet
40617,I_2,E1VIOLENCE,N,sonnet
40617,I_2,E1RADICAL,N,sonnet
40617,I_2,E2ALLEGATION,E,sonnet
40617,I_2,E2DEHUMANIZATION,E,sonnet
40617,I_2,E2DEMONIZE,E,sonnet
40617,I_2,E2STEREOTYPE,E,sonnet
40617,I_2,E2COLLECTIVEPOWER,E,sonnet
40617,I_2,E2CONSPIRACY,E,sonnet
40617,I_2,E2CONTROLMEDIA,N,sonnet
40617,I_2,E2CONTROLECONOMY,N,sonnet
40617,I_2,E2CONTROLGOV,N,sonnet
40617,I_2,E2CONTROLOTHER,E,sonnet
40617,I_2,E3COLLECTIVEBLAME,E,sonnet
47462,I_2,E1VIOLENCE,N,sonnet
47462,I_2,E1RADICAL,N,sonnet
47462,I_2,E2ALLEGATION,N,sonnet
47462,I_2,E2DEHUMANIZATION,N,sonnet
47462,I_2,E2DEMONIZE,N,sonnet
47462,I_2,E2STEREOTYPE,N,sonnet
47462,I_2,E2COLLECTIVEPOWER,N,sonnet
47462,I_2,E2CONSPIRACY,N,sonnet
47462,I_2,E2CONTROLMEDIA,N,sonnet
47462,I_2,E2CONTROLECONOMY,N,sonnet
47462,I_2,E2CONTROLGOV,N,sonnet
47462,I_2,E2CONTROLOTHER,N,sonnet
47462,I_2,E3COLLECTIVEBLAME,N,sonnet
17286,I_2,E1VIOLENCE,N,sonnet
17286,I_2,E1RADICAL,N,sonnet
17286,I_2,E2ALLEGATION,N,sonnet
17286,I_2,E2DEHUMANIZATION,N,sonnet
17286,I_2,E2DEMONIZE,N,sonnet
17286,I_2,E2STEREOTYPE,N,sonnet
17286,I_2,E2COLLECTIVEPOWER,N,sonnet
17286,I_2,E2CONSPIRACY,N,sonnet
17286,I_2,E2CONTROLMEDIA,N,sonnet
17286,I_2,E2CONTROLECONOMY,N,sonnet
17286,I_2,E2CONTROLGOV,N,sonnet
17286,I_2,E2CONTROLOTHER,N,sonnet
17286,I_2,E3COLLECTIVEBLAME,N,sonnet
9508,I_2,E1VIOLENCE,N,sonnet
9508,I_2,E1RADICAL,N,sonnet
9508,I_2,E2ALLEGATION,N,sonnet
9508,I_2,E2DEHUMANIZATION,N,sonnet
9508,I_2,E2DEMONIZE,N,sonnet
9508,I_2,E2STEREOTYPE,N,sonnet
9508,I_2,E2COLLECTIVEPOWER,N,sonnet
9508,I_2,E2CONSPIRACY,N,sonnet
9508,I_2,E2CONTROLMEDIA,N,sonnet
9508,I_2,E2CONTROLECONOMY,N,sonnet
9508,I_2,E2CONTROLGOV,N,sonnet
9508,I_2,E2CONTROLOTHER,N,sonnet
9508,I_2,E3COLLECTIVEBLAME,N,sonnet
48436,I_2,E1VIOLENCE,E,sonnet
48436,I_2,E1RADICAL,N,sonnet
48436,I_2,E2ALLEGATION,N,sonnet
48436,I_2,E2DEHUMANIZATION,E,sonnet
48436,I_2,E2DEMONIZE,N,sonnet
48436,I_2,E2STEREOTYPE,N,sonnet
48436,I_2,E2COLLECTIVEPOWER,N,sonnet
48436,I_2,E2CONSPIRACY,N,sonnet
48436,I_2,E2CONTROLMEDIA,N,sonnet
48436,I_2,E2CONTROLECONOMY,N,sonnet
48436,I_2,E2CONTROLGOV,N,sonnet
48436,I_2,E2CONTROLOTHER,N,sonnet
48436,I_2,E3COLLECTIVEBLAME,N,sonnet
2173,I_2,E1VIOLENCE,E,sonnet
2173,I_2,E1RADICAL,N,sonnet
2173,I_2,E2ALLEGATION,N,sonnet
2173,I_2,E2DEHUMANIZATION,E,sonnet
2173,I_2,E2DEMONIZE,N,sonnet
2173,I_2,E2STEREOTYPE,N,sonnet
2173,I_2,E2COLLECTIVEPOWER,N,sonnet
2173,I_2,E2CONSPIRACY,N,sonnet
2173,I_2,E2CONTROLMEDIA,N,sonnet
2173,I_2,E2CONTROLECONOMY,N,sonnet
2173,I_2,E2CONTROLGOV,N,sonnet
2173,I_2,E2CONTROLOTHER,N,sonnet
2173,I_2,E3COLLECTIVEBLAME,N,sonnet
10843,I_2,E1VIOLENCE,E,sonnet
10843,I_2,E1RADICAL,N,sonnet
10843,I_2,E2ALLEGATION,N,sonnet
10843,I_2,E2DEHUMANIZATION,E,sonnet
10843,I_2,E2DEMONIZE,N,sonnet
10843,I_2,E2STEREOTYPE,N,sonnet
10843,I_2,E2COLLECTIVEPOWER,N,sonnet
10843,I_2,E2CONSPIRACY,N,sonnet
10843,I_2,E2CONTROLMEDIA,N,sonnet
10843,I_2,E2CONTROLECONOMY,N,sonnet
10843,I_2,E2CONTROLGOV,N,sonnet
10843,I_2,E2CONTROLOTHER,N,sonnet
10843,I_2,E3COLLECTIVEBLAME,N,sonnet
34950,I_2,E1VIOLENCE,N,sonnet
34950,I_2,E1RADICAL,N,sonnet
34950,I_2,E2ALLEGATION,N,sonnet
34950,I_2,E2DEHUMANIZATION,N,sonnet
34950,I_2,E2DEMONIZE,N,sonnet
34950,I_2,E2STEREOTYPE,N,sonnet
34950,I_2,E2COLLECTIVEPOWER,N,sonnet
34950,I_2,E2CONSPIRACY,N,sonnet
34950,I_2,E2CONTROLMEDIA,N,sonnet
34950,I_2,E2CONTROLECONOMY,N,sonnet
34950,I_2,E2CONTROLGOV,N,sonnet
34950,I_2,E2CONTROLOTHER,N,sonnet
34950,I_2,E3COLLECTIVEBLAME,N,sonnet
27200,I_2,E1VIOLENCE,N,sonnet
27200,I_2,E1RADICAL,N,sonnet
27200,I_2,E2ALLEGATION,N,sonnet
27200,I_2,E2DEHUMANIZATION,N,sonnet
27200,I_2,E2DEMONIZE,N,sonnet
27200,I_2,E2STEREOTYPE,N,sonnet
27200,I_2,E2COLLECTIVEPOWER,N,sonnet
27200,I_2,E2CONSPIRACY,N,sonnet
27200,I_2,E2CONTROLMEDIA,N,sonnet
27200,I_2,E2CONTROLECONOMY,N,sonnet
27200,I_2,E2CONTROLGOV,N,sonnet
27200,I_2,E2CONTROLOTHER,N,sonnet
27200,I_2,E3COLLECTIVEBLAME,N,sonnet
45166,I_2,E1VIOLENCE,E,sonnet
45166,I_2,E1RADICAL,N,sonnet
45166,I_2,E2ALLEGATION,N,sonnet
45166,I_2,E2DEHUMANIZATION,E,sonnet
45166,I_2,E2DEMONIZE,N,sonnet
45166,I_2,E2STEREOTYPE,I,sonnet
45166,I_2,E2COLLECTIVEPOWER,N,sonnet
45166,I_2,E2CONSPIRACY,N,sonnet
45166,I_2,E2CONTROLMEDIA,N,sonnet
45166,I_2,E2CONTROLECONOMY,N,sonnet
45166,I_2,E2CONTROLGOV,N,sonnet
45166,I_2,E2CONTROLOTHER,N,sonnet
45166,I_2,E3COLLECTIVEBLAME,N,sonnet
3154,I_2,E1VIOLENCE,N,sonnet
3154,I_2,E1RADICAL,N,sonnet
3154,I_2,E2ALLEGATION,E,sonnet
3154,I_2,E2DEHUMANIZATION,N,sonnet
3154,I_2,E2DEMONIZE,N,sonnet
3154,I_2,E2STEREOTYPE,E,sonnet
3154,I_2,E2COLLECTIVEPOWER,E,sonnet
3154,I_2,E2CONSPIRACY,N,sonnet
3154,I_2,E2CONTROLMEDIA,N,sonnet
3154,I_2,E2CONTROLECONOMY,E,sonnet
3154,I_2,E2CONTROLGOV,N,sonnet
3154,I_2,E2CONTROLOTHER,N,sonnet
3154,I_2,E3COLLECTIVEBLAME,N,sonnet
6358,I_2,E1VIOLENCE,N,sonnet
6358,I_2,E1RADICAL,N,sonnet
6358,I_2,E2ALLEGATION,I,sonnet
6358,I_2,E2DEHUMANIZATION,N,sonnet
6358,I_2,E2DEMONIZE,I,sonnet
6358,I_2,E2STEREOTYPE,N,sonnet
6358,I_2,E2COLLECTIVEPOWER,I,sonnet
6358,I_2,E2CONSPIRACY,I,sonnet
6358,I_2,E2CONTROLMEDIA,N,sonnet
6358,I_2,E2CONTROLECONOMY,N,sonnet
6358,I_2,E2CONTROLGOV,N,sonnet
6358,I_2,E2CONTROLOTHER,I,sonnet
6358,I_2,E3COLLECTIVEBLAME,N,sonnet
16033,I_2,E1VIOLENCE,N,sonnet
16033,I_2,E1RADICAL,N,sonnet
16033,I_2,E2ALLEGATION,N,sonnet
16033,I_2,E2DEHUMANIZATION,N,sonnet
16033,I_2,E2DEMONIZE,N,sonnet
16033,I_2,E2STEREOTYPE,N,sonnet
16033,I_2,E2COLLECTIVEPOWER,N,sonnet
16033,I_2,E2CONSPIRACY,N,sonnet
16033,I_2,E2CONTROLMEDIA,N,sonnet
16033,I_2,E2CONTROLECONOMY,N,sonnet
16033,I_2,E2CONTROLGOV,N,sonnet
16033,I_2,E2CONTROLOTHER,N,sonnet
16033,I_2,E3COLLECTIVEBLAME,N,sonnet
29865,I_2,E1VIOLENCE,N,sonnet
29865,I_2,E1RADICAL,N,sonnet
29865,I_2,E2ALLEGATION,I,sonnet
29865,I_2,E2DEHUMANIZATION,N,sonnet
29865,I_2,E2DEMONIZE,I,sonnet
29865,I_2,E2STEREOTYPE,I,sonnet
29865,I_2,E2COLLECTIVEPOWER,N,sonnet
29865,I_2,E2CONSPIRACY,N,sonnet
29865,I_2,E2CONTROLMEDIA,N,sonnet
29865,I_2,E2CONTROLECONOMY,N,sonnet
29865,I_2,E2CONTROLGOV,N,sonnet
29865,I_2,E2CONTROLOTHER,N,sonnet
29865,I_2,E3COLLECTIVEBLAME,I,sonnet
19368,I_2,E1VIOLENCE,N,sonnet
19368,I_2,E1RADICAL,N,sonnet
19368,I_2,E2ALLEGATION,N,sonnet
19368,I_2,E2DEHUMANIZATION,N,sonnet
19368,I_2,E2DEMONIZE,N,sonnet
19368,I_2,E2STEREOTYPE,N,sonnet
19368,I_2,E2COLLECTIVEPOWER,N,sonnet
19368,I_2,E2CONSPIRACY,N,sonnet
19368,I_2,E2CONTROLMEDIA,N,sonnet
19368,I_2,E2CONTROLECONOMY,N,sonnet
19368,I_2,E2CONTROLGOV,N,sonnet
19368,I_2,E2CONTROLOTHER,N,sonnet
19368,I_2,E3COLLECTIVEBLAME,N,sonnet
42926,I_2,E1VIOLENCE,N,sonnet
42926,I_2,E1RADICAL,N,sonnet
42926,I_2,E2ALLEGATION,N,sonnet
42926,I_2,E2DEHUMANIZATION,N,sonnet
42926,I_2,E2DEMONIZE,N,sonnet
42926,I_2,E2STEREOTYPE,N,sonnet
42926,I_2,E2COLLECTIVEPOWER,N,sonnet
42926,I_2,E2CONSPIRACY,N,sonnet
42926,I_2,E2CONTROLMEDIA,N,sonnet
42926,I_2,E2CONTROLECONOMY,N,sonnet
42926,I_2,E2CONTROLGOV,N,sonnet
42926,I_2,E2CONTROLOTHER,N,sonnet
42926,I_2,E3COLLECTIVEBLAME,N,sonnet
33776,I_2,E1VIOLENCE,N,sonnet
33776,I_2,E1RADICAL,N,sonnet
33776,I_2,E2ALLEGATION,N,sonnet
33776,I_2,E2DEHUMANIZATION,N,sonnet
33776,I_2,E2DEMONIZE,N,sonnet
33776,I_2,E2STEREOTYPE,N,sonnet
33776,I_2,E2COLLECTIVEPOWER,N,sonnet
33776,I_2,E2CONSPIRACY,N,sonnet
33776,I_2,E2CONTROLMEDIA,N,sonnet
33776,I_2,E2CONTROLECONOMY,N,sonnet
33776,I_2,E2CONTROLGOV,N,sonnet
33776,I_2,E2CONTROLOTHER,N,sonnet
33776,I_2,E3COLLECTIVEBLAME,N,sonnet
44862,I_2,E1VIOLENCE,N,sonnet
44862,I_2,E1RADICAL,N,sonnet
44862,I_2,E2ALLEGATION,N,sonnet
44862,I_2,E2DEHUMANIZATION,N,sonnet
44862,I_2,E2DEMONIZE,N,sonnet
44862,I_2,E2STEREOTYPE,N,sonnet
44862,I_2,E2COLLECTIVEPOWER,N,sonnet
44862,I_2,E2CONSPIRACY,N,sonnet
44862,I_2,E2CONTROLMEDIA,N,sonnet
44862,I_2,E2CONTROLECONOMY,N,sonnet
44862,I_2,E2CONTROLGOV,N,sonnet
44862,I_2,E2CONTROLOTHER,N,sonnet
44862,I_2,E3COLLECTIVEBLAME,N,sonnet
8025,I_2,E1VIOLENCE,N,sonnet
8025,I_2,E1RADICAL,N,sonnet
8025,I_2,E2ALLEGATION,N,sonnet
8025,I_2,E2DEHUMANIZATION,N,sonnet
8025,I_2,E2DEMONIZE,N,sonnet
8025,I_2,E2STEREOTYPE,N,sonnet
8025,I_2,E2COLLECTIVEPOWER,N,sonnet
8025,I_2,E2CONSPIRACY,N,sonnet
8025,I_2,E2CONTROLMEDIA,N,sonnet
8025,I_2,E2CONTROLECONOMY,N,sonnet
8025,I_2,E2CONTROLGOV,N,sonnet
8025,I_2,E2CONTROLOTHER,N,sonnet
8025,I_2,E3COLLECTIVEBLAME,N,sonnet
33124,I_2,E1VIOLENCE,N,sonnet
33124,I_2,E1RADICAL,N,sonnet
33124,I_2,E2ALLEGATION,N,sonnet
33124,I_2,E2DEHUMANIZATION,N,sonnet
33124,I_2,E2DEMONIZE,N,sonnet
33124,I_2,E2STEREOTYPE,N,sonnet
33124,I_2,E2COLLECTIVEPOWER,N,sonnet
33124,I_2,E2CONSPIRACY,N,sonnet
33124,I_2,E2CONTROLMEDIA,N,sonnet
33124,I_2,E2CONTROLECONOMY,N,sonnet
33124,I_2,E2CONTROLGOV,N,sonnet
33124,I_2,E2CONTROLOTHER,N,sonnet
33124,I_2,E3COLLECTIVEBLAME,N,sonnet
47049,I_2,E1VIOLENCE,N,sonnet
47049,I_2,E1RADICAL,N,sonnet
47049,I_2,E2ALLEGATION,N,sonnet
47049,I_2,E2DEHUMANIZATION,N,sonnet
47049,I_2,E2DEMONIZE,N,sonnet
47049,I_2,E2STEREOTYPE,N,sonnet
47049,I_2,E2COLLECTIVEPOWER,N,sonnet
47049,I_2,E2CONSPIRACY,N,sonnet
47049,I_2,E2CONTROLMEDIA,N,sonnet
47049,I_2,E2CONTROLECONOMY,N,sonnet
47049,I_2,E2CONTROLGOV,N,sonnet
47049,I_2,E2CONTROLOTHER,N,sonnet
47049,I_2,E3COLLECTIVEBLAME,N,sonnet
49051,I_2,E1VIOLENCE,N,sonnet
49051,I_2,E1RADICAL,N,sonnet
49051,I_2,E2ALLEGATION,I,sonnet
49051,I_2,E2DEHUMANIZATION,N,sonnet
49051,I_2,E2DEMONIZE,I,sonnet
49051,I_2,E2STEREOTYPE,I,sonnet
49051,I_2,E2COLLECTIVEPOWER,I,sonnet
49051,I_2,E2CONSPIRACY,N,sonnet
49051,I_2,E2CONTROLMEDIA,N,sonnet
49051,I_2,E2CONTROLECONOMY,I,sonnet
49051,I_2,E2CONTROLGOV,N,sonnet
49051,I_2,E2CONTROLOTHER,N,sonnet
49051,I_2,E3COLLECTIVEBLAME,I,sonnet
43696,I_2,E1VIOLENCE,N,sonnet
43696,I_2,E1RADICAL,N,sonnet
43696,I_2,E2ALLEGATION,I,sonnet
43696,I_2,E2DEHUMANIZATION,N,sonnet
43696,I_2,E2DEMONIZE,I,sonnet
43696,I_2,E2STEREOTYPE,N,sonnet
43696,I_2,E2COLLECTIVEPOWER,N,sonnet
43696,I_2,E2CONSPIRACY,N,sonnet
43696,I_2,E2CONTROLMEDIA,N,sonnet
43696,I_2,E2CONTROLECONOMY,N,sonnet
43696,I_2,E2CONTROLGOV,N,sonnet
43696,I_2,E2CONTROLOTHER,N,sonnet
43696,I_2,E3COLLECTIVEBLAME,I,sonnet
33666,I_2,E1VIOLENCE,N,sonnet
33666,I_2,E1RADICAL,N,sonnet
33666,I_2,E2ALLEGATION,N,sonnet
33666,I_2,E2DEHUMANIZATION,N,sonnet
33666,I_2,E2DEMONIZE,N,sonnet
33666,I_2,E2STEREOTYPE,N,sonnet
33666,I_2,E2COLLECTIVEPOWER,N,sonnet
33666,I_2,E2CONSPIRACY,N,sonnet
33666,I_2,E2CONTROLMEDIA,N,sonnet
33666,I_2,E2CONTROLECONOMY,N,sonnet
33666,I_2,E2CONTROLGOV,N,sonnet
33666,I_2,E2CONTROLOTHER,N,sonnet
33666,I_2,E3COLLECTIVEBLAME,N,sonnet
47283,I_2,E1VIOLENCE,N,sonnet
47283,I_2,E1RADICAL,N,sonnet
47283,I_2,E2ALLEGATION,N,sonnet
47283,I_2,E2DEHUMANIZATION,N,sonnet
47283,I_2,E2DEMONIZE,N,sonnet
47283,I_2,E2STEREOTYPE,N,sonnet
47283,I_2,E2COLLECTIVEPOWER,N,sonnet
47283,I_2,E2CONSPIRACY,N,sonnet
47283,I_2,E2CONTROLMEDIA,N,sonnet
47283,I_2,E2CONTROLECONOMY,N,sonnet
47283,I_2,E2CONTROLGOV,N,sonnet
47283,I_2,E2CONTROLOTHER,N,sonnet
47283,I_2,E3COLLECTIVEBLAME,N,sonnet
33962,I_2,E1VIOLENCE,N,sonnet
33962,I_2,E1RADICAL,N,sonnet
33962,I_2,E2ALLEGATION,N,sonnet
33962,I_2,E2DEHUMANIZATION,N,sonnet
33962,I_2,E2DEMONIZE,N,sonnet
33962,I_2,E2STEREOTYPE,A,sonnet
33962,I_2,E2COLLECTIVEPOWER,N,sonnet
33962,I_2,E2CONSPIRACY,N,sonnet
33962,I_2,E2CONTROLMEDIA,N,sonnet
33962,I_2,E2CONTROLECONOMY,N,sonnet
33962,I_2,E2CONTROLGOV,N,sonnet
33962,I_2,E2CONTROLOTHER,N,sonnet
33962,I_2,E3COLLECTIVEBLAME,N,sonnet
1675,I_2,E1VIOLENCE,N,sonnet
1675,I_2,E1RADICAL,N,sonnet
1675,I_2,E2ALLEGATION,I,sonnet
1675,I_2,E2DEHUMANIZATION,I,sonnet
1675,I_2,E2DEMONIZE,I,sonnet
1675,I_2,E2STEREOTYPE,N,sonnet
1675,I_2,E2COLLECTIVEPOWER,N,sonnet
1675,I_2,E2CONSPIRACY,N,sonnet
1675,I_2,E2CONTROLMEDIA,N,sonnet
1675,I_2,E2CONTROLECONOMY,N,sonnet
1675,I_2,E2CONTROLGOV,N,sonnet
1675,I_2,E2CONTROLOTHER,N,sonnet
1675,I_2,E3COLLECTIVEBLAME,N,sonnet
15540,I_2,E1VIOLENCE,N,sonnet
15540,I_2,E1RADICAL,N,sonnet
15540,I_2,E2ALLEGATION,N,sonnet
15540,I_2,E2DEHUMANIZATION,N,sonnet
15540,I_2,E2DEMONIZE,N,sonnet
15540,I_2,E2STEREOTYPE,N,sonnet
15540,I_2,E2COLLECTIVEPOWER,N,sonnet
15540,I_2,E2CONSPIRACY,N,sonnet
15540,I_2,E2CONTROLMEDIA,N,sonnet
15540,I_2,E2CONTROLECONOMY,N,sonnet
15540,I_2,E2CONTROLGOV,N,sonnet
15540,I_2,E2CONTROLOTHER,N,sonnet
15540,I_2,E3COLLECTIVEBLAME,N,sonnet
41804,I_2,E1VIOLENCE,N,sonnet
41804,I_2,E1RADICAL,N,sonnet
41804,I_2,E2ALLEGATION,N,sonnet
41804,I_2,E2DEHUMANIZATION,N,sonnet
41804,I_2,E2DEMONIZE,N,sonnet
41804,I_2,E2STEREOTYPE,N,sonnet
41804,I_2,E2COLLECTIVEPOWER,N,sonnet
41804,I_2,E2CONSPIRACY,N,sonnet
41804,I_2,E2CONTROLMEDIA,N,sonnet
41804,I_2,E2CONTROLECONOMY,N,sonnet
41804,I_2,E2CONTROLGOV,N,sonnet
41804,I_2,E2CONTROLOTHER,N,sonnet
41804,I_2,E3COLLECTIVEBLAME,N,sonnet
43101,I_2,E1VIOLENCE,N,sonnet
43101,I_2,E1RADICAL,N,sonnet
43101,I_2,E2ALLEGATION,E,sonnet
43101,I_2,E2DEHUMANIZATION,E,sonnet
43101,I_2,E2DEMONIZE,E,sonnet
43101,I_2,E2STEREOTYPE,E,sonnet
43101,I_2,E2COLLECTIVEPOWER,N,sonnet
43101,I_2,E2CONSPIRACY,N,sonnet
43101,I_2,E2CONTROLMEDIA,N,sonnet
43101,I_2,E2CONTROLECONOMY,N,sonnet
43101,I_2,E2CONTROLGOV,N,sonnet
43101,I_2,E2CONTROLOTHER,N,sonnet
43101,I_2,E3COLLECTIVEBLAME,N,sonnet
45215,I_2,E1VIOLENCE,N,gpt4o
45215,I_2,E1RADICAL,N,gpt4o
45215,I_2,E2ALLEGATION,I,gpt4o
45215,I_2,E2DEHUMANIZATION,N,gpt4o
45215,I_2,E2DEMONIZE,N,gpt4o
45215,I_2,E2STEREOTYPE,N,gpt4o
45215,I_2,E2COLLECTIVEPOWER,N,gpt4o
45215,I_2,E2CONSPIRACY,I,gpt4o
45215,I_2,E2CONTROLMEDIA,N,gpt4o
45215,I_2,E2CONTROLECONOMY,N,gpt4o
45215,I_2,E2CONTROLGOV,N,gpt4o
45215,I_2,E2CONTROLOTHER,N,gpt4o
45215,I_2,E3COLLECTIVEBLAME,N,gpt4o
19154,I_2,E1VIOLENCE,N,sonnet
19154,I_2,E1RADICAL,N,sonnet
19154,I_2,E2ALLEGATION,I,sonnet
19154,I_2,E2DEHUMANIZATION,N,sonnet
19154,I_2,E2DEMONIZE,I,sonnet
19154,I_2,E2STEREOTYPE,I,sonnet
19154,I_2,E2COLLECTIVEPOWER,I,sonnet
19154,I_2,E2CONSPIRACY,N,sonnet
19154,I_2,E2CONTROLMEDIA,N,sonnet
19154,I_2,E2CONTROLECONOMY,N,sonnet
19154,I_2,E2CONTROLGOV,N,sonnet
19154,I_2,E2CONTROLOTHER,N,sonnet
19154,I_2,E3COLLECTIVEBLAME,N,sonnet
15624,I_2,E1VIOLENCE,N,sonnet
15624,I_2,E1RADICAL,N,sonnet
15624,I_2,E2ALLEGATION,N,sonnet
15624,I_2,E2DEHUMANIZATION,N,sonnet
15624,I_2,E2DEMONIZE,N,sonnet
15624,I_2,E2STEREOTYPE,N,sonnet
15624,I_2,E2COLLECTIVEPOWER,N,sonnet
15624,I_2,E2CONSPIRACY,N,sonnet
15624,I_2,E2CONTROLMEDIA,N,sonnet
15624,I_2,E2CONTROLECONOMY,N,sonnet
15624,I_2,E2CONTROLGOV,N,sonnet
15624,I_2,E2CONTROLOTHER,N,sonnet
15624,I_2,E3COLLECTIVEBLAME,N,sonnet
48542,I_2,E1VIOLENCE,N,sonnet
48542,I_2,E1RADICAL,N,sonnet
48542,I_2,E2ALLEGATION,N,sonnet
48542,I_2,E2DEHUMANIZATION,N,sonnet
48542,I_2,E2DEMONIZE,I,sonnet
48542,I_2,E2STEREOTYPE,N,sonnet
48542,I_2,E2COLLECTIVEPOWER,I,sonnet
48542,I_2,E2CONSPIRACY,I,sonnet
48542,I_2,E2CONTROLMEDIA,N,sonnet
48542,I_2,E2CONTROLECONOMY,N,sonnet
48542,I_2,E2CONTROLGOV,I,sonnet
48542,I_2,E2CONTROLOTHER,N,sonnet
48542,I_2,E3COLLECTIVEBLAME,N,sonnet
41534,I_2,E1VIOLENCE,N,sonnet
41534,I_2,E1RADICAL,N,sonnet
41534,I_2,E2ALLEGATION,N,sonnet
41534,I_2,E2DEHUMANIZATION,N,sonnet
41534,I_2,E2DEMONIZE,N,sonnet
41534,I_2,E2STEREOTYPE,N,sonnet
41534,I_2,E2COLLECTIVEPOWER,N,sonnet
41534,I_2,E2CONSPIRACY,N,sonnet
41534,I_2,E2CONTROLMEDIA,N,sonnet
41534,I_2,E2CONTROLECONOMY,N,sonnet
41534,I_2,E2CONTROLGOV,N,sonnet
41534,I_2,E2CONTROLOTHER,N,sonnet
41534,I_2,E3COLLECTIVEBLAME,N,sonnet
23613,I_2,E1VIOLENCE,N,sonnet
23613,I_2,E1RADICAL,N,sonnet
23613,I_2,E2ALLEGATION,N,sonnet
23613,I_2,E2DEHUMANIZATION,N,sonnet
23613,I_2,E2DEMONIZE,N,sonnet
23613,I_2,E2STEREOTYPE,N,sonnet
23613,I_2,E2COLLECTIVEPOWER,N,sonnet
23613,I_2,E2CONSPIRACY,N,sonnet
23613,I_2,E2CONTROLMEDIA,N,sonnet
23613,I_2,E2CONTROLECONOMY,N,sonnet
23613,I_2,E2CONTROLGOV,N,sonnet
23613,I_2,E2CONTROLOTHER,N,sonnet
23613,I_2,E3COLLECTIVEBLAME,N,sonnet
10526,I_2,E1VIOLENCE,A,sonnet
10526,I_2,E1RADICAL,A,sonnet
10526,I_2,E2ALLEGATION,N,sonnet
10526,I_2,E2DEHUMANIZATION,N,sonnet
10526,I_2,E2DEMONIZE,N,sonnet
10526,I_2,E2STEREOTYPE,N,sonnet
10526,I_2,E2COLLECTIVEPOWER,N,sonnet
10526,I_2,E2CONSPIRACY,N,sonnet
10526,I_2,E2CONTROLMEDIA,N,sonnet
10526,I_2,E2CONTROLECONOMY,N,sonnet
10526,I_2,E2CONTROLGOV,N,sonnet
10526,I_2,E2CONTROLOTHER,N,sonnet
10526,I_2,E3COLLECTIVEBLAME,N,sonnet
5056,I_2,E1VIOLENCE,N,sonnet
5056,I_2,E1RADICAL,N,sonnet
5056,I_2,E2ALLEGATION,N,sonnet
5056,I_2,E2DEHUMANIZATION,N,sonnet
5056,I_2,E2DEMONIZE,N,sonnet
5056,I_2,E2STEREOTYPE,N,sonnet
5056,I_2,E2COLLECTIVEPOWER,N,sonnet
5056,I_2,E2CONSPIRACY,N,sonnet
5056,I_2,E2CONTROLMEDIA,N,sonnet
5056,I_2,E2CONTROLECONOMY,N,sonnet
5056,I_2,E2CONTROLGOV,N,sonnet
5056,I_2,E2CONTROLOTHER,N,sonnet
5056,I_2,E3COLLECTIVEBLAME,N,sonnet
15837,I_2,E1VIOLENCE,N,sonnet
15837,I_2,E1RADICAL,N,sonnet
15837,I_2,E2ALLEGATION,N,sonnet
15837,I_2,E2DEHUMANIZATION,N,sonnet
15837,I_2,E2DEMONIZE,N,sonnet
15837,I_2,E2STEREOTYPE,N,sonnet
15837,I_2,E2COLLECTIVEPOWER,N,sonnet
15837,I_2,E2CONSPIRACY,N,sonnet
15837,I_2,E2CONTROLMEDIA,N,sonnet
15837,I_2,E2CONTROLECONOMY,N,sonnet
15837,I_2,E2CONTROLGOV,N,sonnet
15837,I_2,E2CONTROLOTHER,N,sonnet
15837,I_2,E3COLLECTIVEBLAME,N,sonnet
9481,I_2,E1VIOLENCE,N,sonnet
9481,I_2,E1RADICAL,N,sonnet
9481,I_2,E2ALLEGATION,N,sonnet
9481,I_2,E2DEHUMANIZATION,N,sonnet
9481,I_2,E2DEMONIZE,N,sonnet
9481,I_2,E2STEREOTYPE,N,sonnet
9481,I_2,E2COLLECTIVEPOWER,N,sonnet
9481,I_2,E2CONSPIRACY,N,sonnet
9481,I_2,E2CONTROLMEDIA,N,sonnet
9481,I_2,E2CONTROLECONOMY,N,sonnet
9481,I_2,E2CONTROLGOV,N,sonnet
9481,I_2,E2CONTROLOTHER,N,sonnet
9481,I_2,E3COLLECTIVEBLAME,N,sonnet
9404,I_2,E1VIOLENCE,N,gpt4o
9404,I_2,E1RADICAL,N,gpt4o
9404,I_2,E2ALLEGATION,I,gpt4o
9404,I_2,E2DEHUMANIZATION,N,gpt4o
9404,I_2,E2DEMONIZE,N,gpt4o
9404,I_2,E2STEREOTYPE,I,gpt4o
9404,I_2,E2COLLECTIVEPOWER,N,gpt4o
9404,I_2,E2CONSPIRACY,N,gpt4o
9404,I_2,E2CONTROLMEDIA,N,gpt4o
9404,I_2,E2CONTROLECONOMY,N,gpt4o
9404,I_2,E2CONTROLGOV,N,gpt4o
9404,I_2,E2CONTROLOTHER,N,gpt4o
9404,I_2,E3COLLECTIVEBLAME,N,gpt4o
24200,I_2,E1VIOLENCE,N,sonnet
24200,I_2,E1RADICAL,N,sonnet
24200,I_2,E2ALLEGATION,N,sonnet
24200,I_2,E2DEHUMANIZATION,N,sonnet
24200,I_2,E2DEMONIZE,N,sonnet
24200,I_2,E2STEREOTYPE,N,sonnet
24200,I_2,E2COLLECTIVEPOWER,N,sonnet
24200,I_2,E2CONSPIRACY,N,sonnet
24200,I_2,E2CONTROLMEDIA,N,sonnet
24200,I_2,E2CONTROLECONOMY,N,sonnet
24200,I_2,E2CONTROLGOV,N,sonnet
24200,I_2,E2CONTROLOTHER,N,sonnet
24200,I_2,E3COLLECTIVEBLAME,N,sonnet
26375,I_2,E1VIOLENCE,N,sonnet
26375,I_2,E1RADICAL,N,sonnet
26375,I_2,E2ALLEGATION,N,sonnet
26375,I_2,E2DEHUMANIZATION,N,sonnet
26375,I_2,E2DEMONIZE,N,sonnet
26375,I_2,E2STEREOTYPE,N,sonnet
26375,I_2,E2COLLECTIVEPOWER,N,sonnet
26375,I_2,E2CONSPIRACY,N,sonnet
26375,I_2,E2CONTROLMEDIA,N,sonnet
26375,I_2,E2CONTROLECONOMY,N,sonnet
26375,I_2,E2CONTROLGOV,N,sonnet
26375,I_2,E2CONTROLOTHER,N,sonnet
26375,I_2,E3COLLECTIVEBLAME,N,sonnet
3405,I_2,E1VIOLENCE,N,sonnet
3405,I_2,E1RADICAL,N,sonnet
3405,I_2,E2ALLEGATION,N,sonnet
3405,I_2,E2DEHUMANIZATION,N,sonnet
3405,I_2,E2DEMONIZE,N,sonnet
3405,I_2,E2STEREOTYPE,N,sonnet
3405,I_2,E2COLLECTIVEPOWER,N,sonnet
3405,I_2,E2CONSPIRACY,N,sonnet
3405,I_2,E2CONTROLMEDIA,N,sonnet
3405,I_2,E2CONTROLECONOMY,N,sonnet
3405,I_2,E2CONTROLGOV,N,sonnet
3405,I_2,E2CONTROLOTHER,N,sonnet
3405,I_2,E3COLLECTIVEBLAME,N,sonnet
463,I_2,E1VIOLENCE,I,sonnet
463,I_2,E1RADICAL,N,sonnet
463,I_2,E2ALLEGATION,N,sonnet
463,I_2,E2DEHUMANIZATION,E,sonnet
463,I_2,E2DEMONIZE,N,sonnet
463,I_2,E2STEREOTYPE,I,sonnet
463,I_2,E2COLLECTIVEPOWER,N,sonnet
463,I_2,E2CONSPIRACY,N,sonnet
463,I_2,E2CONTROLMEDIA,N,sonnet
463,I_2,E2CONTROLECONOMY,N,sonnet
463,I_2,E2CONTROLGOV,N,sonnet
463,I_2,E2CONTROLOTHER,N,sonnet
463,I_2,E3COLLECTIVEBLAME,N,sonnet
12924,I_2,E1VIOLENCE,N,sonnet
12924,I_2,E1RADICAL,N,sonnet
12924,I_2,E2ALLEGATION,N,sonnet
12924,I_2,E2DEHUMANIZATION,N,sonnet
12924,I_2,E2DEMONIZE,N,sonnet
12924,I_2,E2STEREOTYPE,N,sonnet
12924,I_2,E2COLLECTIVEPOWER,N,sonnet
12924,I_2,E2CONSPIRACY,N,sonnet
12924,I_2,E2CONTROLMEDIA,N,sonnet
12924,I_2,E2CONTROLECONOMY,N,sonnet
12924,I_2,E2CONTROLGOV,N,sonnet
12924,I_2,E2CONTROLOTHER,N,sonnet
12924,I_2,E3COLLECTIVEBLAME,N,sonnet
14861,I_2,E1VIOLENCE,N,sonnet
14861,I_2,E1RADICAL,N,sonnet
14861,I_2,E2ALLEGATION,N,sonnet
14861,I_2,E2DEHUMANIZATION,N,sonnet
14861,I_2,E2DEMONIZE,N,sonnet
14861,I_2,E2STEREOTYPE,N,sonnet
14861,I_2,E2COLLECTIVEPOWER,N,sonnet
14861,I_2,E2CONSPIRACY,N,sonnet
14861,I_2,E2CONTROLMEDIA,N,sonnet
14861,I_2,E2CONTROLECONOMY,N,sonnet
14861,I_2,E2CONTROLGOV,N,sonnet
14861,I_2,E2CONTROLOTHER,N,sonnet
14861,I_2,E3COLLECTIVEBLAME,N,sonnet
22642,I_2,E1VIOLENCE,E,sonnet
22642,I_2,E1RADICAL,N,sonnet
22642,I_2,E2ALLEGATION,E,sonnet
22642,I_2,E2DEHUMANIZATION,E,sonnet
22642,I_2,E2DEMONIZE,I,sonnet
22642,I_2,E2STEREOTYPE,N,sonnet
22642,I_2,E2COLLECTIVEPOWER,N,sonnet
22642,I_2,E2CONSPIRACY,N,sonnet
22642,I_2,E2CONTROLMEDIA,N,sonnet
22642,I_2,E2CONTROLECONOMY,N,sonnet
22642,I_2,E2CONTROLGOV,N,sonnet
22642,I_2,E2CONTROLOTHER,N,sonnet
22642,I_2,E3COLLECTIVEBLAME,E,sonnet
45752,I_2,E1VIOLENCE,N,sonnet
45752,I_2,E1RADICAL,N,sonnet
45752,I_2,E2ALLEGATION,N,sonnet
45752,I_2,E2DEHUMANIZATION,N,sonnet
45752,I_2,E2DEMONIZE,N,sonnet
45752,I_2,E2STEREOTYPE,N,sonnet
45752,I_2,E2COLLECTIVEPOWER,N,sonnet
45752,I_2,E2CONSPIRACY,N,sonnet
45752,I_2,E2CONTROLMEDIA,N,sonnet
45752,I_2,E2CONTROLECONOMY,N,sonnet
45752,I_2,E2CONTROLGOV,N,sonnet
45752,I_2,E2CONTROLOTHER,N,sonnet
45752,I_2,E3COLLECTIVEBLAME,N,sonnet
7992,I_2,E1VIOLENCE,N,sonnet
7992,I_2,E1RADICAL,N,sonnet
7992,I_2,E2ALLEGATION,I,sonnet
7992,I_2,E2DEHUMANIZATION,N,sonnet
7992,I_2,E2DEMONIZE,I,sonnet
7992,I_2,E2STEREOTYPE,N,sonnet
7992,I_2,E2COLLECTIVEPOWER,N,sonnet
7992,I_2,E2CONSPIRACY,N,sonnet
7992,I_2,E2CONTROLMEDIA,N,sonnet
7992,I_2,E2CONTROLECONOMY,N,sonnet
7992,I_2,E2CONTROLGOV,N,sonnet
7992,I_2,E2CONTROLOTHER,I,sonnet
7992,I_2,E3COLLECTIVEBLAME,N,sonnet
21585,I_2,E1VIOLENCE,N,sonnet
21585,I_2,E1RADICAL,N,sonnet
21585,I_2,E2ALLEGATION,N,sonnet
21585,I_2,E2DEHUMANIZATION,N,sonnet
21585,I_2,E2DEMONIZE,N,sonnet
21585,I_2,E2STEREOTYPE,N,sonnet
21585,I_2,E2COLLECTIVEPOWER,N,sonnet
21585,I_2,E2CONSPIRACY,N,sonnet
21585,I_2,E2CONTROLMEDIA,N,sonnet
21585,I_2,E2CONTROLECONOMY,N,sonnet
21585,I_2,E2CONTROLGOV,N,sonnet
21585,I_2,E2CONTROLOTHER,N,sonnet
21585,I_2,E3COLLECTIVEBLAME,N,sonnet
46865,I_2,E1VIOLENCE,N,gpt4o
46865,I_2,E1RADICAL,N,gpt4o
46865,I_2,E2ALLEGATION,N,gpt4o
46865,I_2,E2DEHUMANIZATION,N,gpt4o
46865,I_2,E2DEMONIZE,N,gpt4o
46865,I_2,E2STEREOTYPE,N,gpt4o
46865,I_2,E2COLLECTIVEPOWER,N,gpt4o
46865,I_2,E2CONSPIRACY,N,gpt4o
46865,I_2,E2CONTROLMEDIA,N,gpt4o
46865,I_2,E2CONTROLECONOMY,N,gpt4o
46865,I_2,E2CONTROLGOV,N,gpt4o
46865,I_2,E2CONTROLOTHER,N,gpt4o
46865,I_2,E3COLLECTIVEBLAME,N,gpt4o
29557,I_2,E1VIOLENCE,N,sonnet
29557,I_2,E1RADICAL,N,sonnet
29557,I_2,E2ALLEGATION,N,sonnet
29557,I_2,E2DEHUMANIZATION,N,sonnet
29557,I_2,E2DEMONIZE,N,sonnet
29557,I_2,E2STEREOTYPE,N,sonnet
29557,I_2,E2COLLECTIVEPOWER,N,sonnet
29557,I_2,E2CONSPIRACY,N,sonnet
29557,I_2,E2CONTROLMEDIA,N,sonnet
29557,I_2,E2CONTROLECONOMY,N,sonnet
29557,I_2,E2CONTROLGOV,N,sonnet
29557,I_2,E2CONTROLOTHER,N,sonnet
29557,I_2,E3COLLECTIVEBLAME,N,sonnet
27950,I_2,E1VIOLENCE,N,sonnet
27950,I_2,E1RADICAL,N,sonnet
27950,I_2,E2ALLEGATION,N,sonnet
27950,I_2,E2DEHUMANIZATION,N,sonnet
27950,I_2,E2DEMONIZE,N,sonnet
27950,I_2,E2STEREOTYPE,N,sonnet
27950,I_2,E2COLLECTIVEPOWER,N,sonnet
27950,I_2,E2CONSPIRACY,N,sonnet
27950,I_2,E2CONTROLMEDIA,N,sonnet
27950,I_2,E2CONTROLECONOMY,N,sonnet
27950,I_2,E2CONTROLGOV,N,sonnet
27950,I_2,E2CONTROLOTHER,N,sonnet
27950,I_2,E3COLLECTIVEBLAME,N,sonnet
47614,I_2,E1VIOLENCE,N,sonnet
47614,I_2,E1RADICAL,N,sonnet
47614,I_2,E2ALLEGATION,N,sonnet
47614,I_2,E2DEHUMANIZATION,N,sonnet
47614,I_2,E2DEMONIZE,N,sonnet
47614,I_2,E2STEREOTYPE,N,sonnet
47614,I_2,E2COLLECTIVEPOWER,N,sonnet
47614,I_2,E2CONSPIRACY,N,sonnet
47614,I_2,E2CONTROLMEDIA,N,sonnet
47614,I_2,E2CONTROLECONOMY,N,sonnet
47614,I_2,E2CONTROLGOV,N,sonnet
47614,I_2,E2CONTROLOTHER,N,sonnet
47614,I_2,E3COLLECTIVEBLAME,N,sonnet
46641,I_2,E1VIOLENCE,N,sonnet
46641,I_2,E1RADICAL,N,sonnet
46641,I_2,E2ALLEGATION,N,sonnet
46641,I_2,E2DEHUMANIZATION,N,sonnet
46641,I_2,E2DEMONIZE,N,sonnet
46641,I_2,E2STEREOTYPE,N,sonnet
46641,I_2,E2COLLECTIVEPOWER,N,sonnet
46641,I_2,E2CONSPIRACY,N,sonnet
46641,I_2,E2CONTROLMEDIA,N,sonnet
46641,I_2,E2CONTROLECONOMY,N,sonnet
46641,I_2,E2CONTROLGOV,N,sonnet
46641,I_2,E2CONTROLOTHER,N,sonnet
46641,I_2,E3COLLECTIVEBLAME,N,sonnet
1715,I_2,E1VIOLENCE,N,sonnet
1715,I_2,E1RADICAL,N,sonnet
1715,I_2,E2ALLEGATION,N,sonnet
1715,I_2,E2DEHUMANIZATION,N,sonnet
1715,I_2,E2DEMONIZE,N,sonnet
1715,I_2,E2STEREOTYPE,N,sonnet
1715,I_2,E2COLLECTIVEPOWER,N,sonnet
1715,I_2,E2CONSPIRACY,N,sonnet
1715,I_2,E2CONTROLMEDIA,N,sonnet
1715,I_2,E2CONTROLECONOMY,N,sonnet
1715,I_2,E2CONTROLGOV,N,sonnet
1715,I_2,E2CONTROLOTHER,N,sonnet
1715,I_2,E3COLLECTIVEBLAME,N,sonnet
39973,I_2,E1VIOLENCE,E,sonnet
39973,I_2,E1RADICAL,E,sonnet
39973,I_2,E2ALLEGATION,N,sonnet
39973,I_2,E2DEHUMANIZATION,N,sonnet
39973,I_2,E2DEMONIZE,N,sonnet
39973,I_2,E2STEREOTYPE,N,sonnet
39973,I_2,E2COLLECTIVEPOWER,N,sonnet
39973,I_2,E2CONSPIRACY,N,sonnet
39973,I_2,E2CONTROLMEDIA,N,sonnet
39973,I_2,E2CONTROLECONOMY,N,sonnet
39973,I_2,E2CONTROLGOV,N,sonnet
39973,I_2,E2CONTROLOTHER,N,sonnet
39973,I_2,E3COLLECTIVEBLAME,N,sonnet
42264,I_2,E1VIOLENCE,N,sonnet
42264,I_2,E1RADICAL,N,sonnet
42264,I_2,E2ALLEGATION,N,sonnet
42264,I_2,E2DEHUMANIZATION,A,sonnet
42264,I_2,E2DEMONIZE,A,sonnet
42264,I_2,E2STEREOTYPE,N,sonnet
42264,I_2,E2COLLECTIVEPOWER,N,sonnet
42264,I_2,E2CONSPIRACY,N,sonnet
42264,I_2,E2CONTROLMEDIA,N,sonnet
42264,I_2,E2CONTROLECONOMY,N,sonnet
42264,I_2,E2CONTROLGOV,N,sonnet
42264,I_2,E2CONTROLOTHER,N,sonnet
42264,I_2,E3COLLECTIVEBLAME,N,sonnet
13437,I_2,E1VIOLENCE,N,sonnet
13437,I_2,E1RADICAL,N,sonnet
13437,I_2,E2ALLEGATION,N,sonnet
13437,I_2,E2DEHUMANIZATION,N,sonnet
13437,I_2,E2DEMONIZE,N,sonnet
13437,I_2,E2STEREOTYPE,N,sonnet
13437,I_2,E2COLLECTIVEPOWER,N,sonnet
13437,I_2,E2CONSPIRACY,N,sonnet
13437,I_2,E2CONTROLMEDIA,N,sonnet
13437,I_2,E2CONTROLECONOMY,N,sonnet
13437,I_2,E2CONTROLGOV,N,sonnet
13437,I_2,E2CONTROLOTHER,N,sonnet
13437,I_2,E3COLLECTIVEBLAME,N,sonnet
19323,I_2,E1VIOLENCE,N,sonnet
19323,I_2,E1RADICAL,N,sonnet
19323,I_2,E2ALLEGATION,N,sonnet
19323,I_2,E2DEHUMANIZATION,E,sonnet
19323,I_2,E2DEMONIZE,N,sonnet
19323,I_2,E2STEREOTYPE,I,sonnet
19323,I_2,E2COLLECTIVEPOWER,N,sonnet
19323,I_2,E2CONSPIRACY,N,sonnet
19323,I_2,E2CONTROLMEDIA,N,sonnet
19323,I_2,E2CONTROLECONOMY,N,sonnet
19323,I_2,E2CONTROLGOV,N,sonnet
19323,I_2,E2CONTROLOTHER,N,sonnet
19323,I_2,E3COLLECTIVEBLAME,N,sonnet
46063,I_2,E1VIOLENCE,E,sonnet
46063,I_2,E1RADICAL,I,sonnet
46063,I_2,E2ALLEGATION,N,sonnet
46063,I_2,E2DEHUMANIZATION,I,sonnet
46063,I_2,E2DEMONIZE,I,sonnet
46063,I_2,E2STEREOTYPE,N,sonnet
46063,I_2,E2COLLECTIVEPOWER,N,sonnet
46063,I_2,E2CONSPIRACY,N,sonnet
46063,I_2,E2CONTROLMEDIA,N,sonnet
46063,I_2,E2CONTROLECONOMY,N,sonnet
46063,I_2,E2CONTROLGOV,I,sonnet
46063,I_2,E2CONTROLOTHER,N,sonnet
46063,I_2,E3COLLECTIVEBLAME,N,sonnet
19266,I_2,E1VIOLENCE,N,sonnet
19266,I_2,E1RADICAL,N,sonnet
19266,I_2,E2ALLEGATION,N,sonnet
19266,I_2,E2DEHUMANIZATION,N,sonnet
19266,I_2,E2DEMONIZE,N,sonnet
19266,I_2,E2STEREOTYPE,N,sonnet
19266,I_2,E2COLLECTIVEPOWER,N,sonnet
19266,I_2,E2CONSPIRACY,N,sonnet
19266,I_2,E2CONTROLMEDIA,N,sonnet
19266,I_2,E2CONTROLECONOMY,N,sonnet
19266,I_2,E2CONTROLGOV,N,sonnet
19266,I_2,E2CONTROLOTHER,N,sonnet
19266,I_2,E3COLLECTIVEBLAME,N,sonnet
2721,I_2,E1VIOLENCE,N,sonnet
2721,I_2,E1RADICAL,N,sonnet
2721,I_2,E2ALLEGATION,N,sonnet
2721,I_2,E2DEHUMANIZATION,N,sonnet
2721,I_2,E2DEMONIZE,N,sonnet
2721,I_2,E2STEREOTYPE,N,sonnet
2721,I_2,E2COLLECTIVEPOWER,N,sonnet
2721,I_2,E2CONSPIRACY,N,sonnet
2721,I_2,E2CONTROLMEDIA,N,sonnet
2721,I_2,E2CONTROLECONOMY,N,sonnet
2721,I_2,E2CONTROLGOV,N,sonnet
2721,I_2,E2CONTROLOTHER,N,sonnet
2721,I_2,E3COLLECTIVEBLAME,N,sonnet
28168,I_2,E1VIOLENCE,I,sonnet
28168,I_2,E1RADICAL,I,sonnet
28168,I_2,E2ALLEGATION,N,sonnet
28168,I_2,E2DEHUMANIZATION,N,sonnet
28168,I_2,E2DEMONIZE,N,sonnet
28168,I_2,E2STEREOTYPE,N,sonnet
28168,I_2,E2COLLECTIVEPOWER,I,sonnet
28168,I_2,E2CONSPIRACY,I,sonnet
28168,I_2,E2CONTROLMEDIA,N,sonnet
28168,I_2,E2CONTROLECONOMY,N,sonnet
28168,I_2,E2CONTROLGOV,I,sonnet
28168,I_2,E2CONTROLOTHER,N,sonnet
28168,I_2,E3COLLECTIVEBLAME,N,sonnet
5954,I_2,E1VIOLENCE,N,sonnet
5954,I_2,E1RADICAL,N,sonnet
5954,I_2,E2ALLEGATION,N,sonnet
5954,I_2,E2DEHUMANIZATION,N,sonnet
5954,I_2,E2DEMONIZE,N,sonnet
5954,I_2,E2STEREOTYPE,N,sonnet
5954,I_2,E2COLLECTIVEPOWER,N,sonnet
5954,I_2,E2CONSPIRACY,N,sonnet
5954,I_2,E2CONTROLMEDIA,N,sonnet
5954,I_2,E2CONTROLECONOMY,N,sonnet
5954,I_2,E2CONTROLGOV,N,sonnet
5954,I_2,E2CONTROLOTHER,N,sonnet
5954,I_2,E3COLLECTIVEBLAME,N,sonnet
8069,I_2,E1VIOLENCE,N,sonnet
8069,I_2,E1RADICAL,N,sonnet
8069,I_2,E2ALLEGATION,E,sonnet
8069,I_2,E2DEHUMANIZATION,E,sonnet
8069,I_2,E2DEMONIZE,E,sonnet
8069,I_2,E2STEREOTYPE,E,sonnet
8069,I_2,E2COLLECTIVEPOWER,N,sonnet
8069,I_2,E2CONSPIRACY,N,sonnet
8069,I_2,E2CONTROLMEDIA,N,sonnet
8069,I_2,E2CONTROLECONOMY,N,sonnet
8069,I_2,E2CONTROLGOV,N,sonnet
8069,I_2,E2CONTROLOTHER,N,sonnet
8069,I_2,E3COLLECTIVEBLAME,E,sonnet
44367,I_2,E1VIOLENCE,N,sonnet
44367,I_2,E1RADICAL,N,sonnet
44367,I_2,E2ALLEGATION,N,sonnet
44367,I_2,E2DEHUMANIZATION,N,sonnet
44367,I_2,E2DEMONIZE,N,sonnet
44367,I_2,E2STEREOTYPE,N,sonnet
44367,I_2,E2COLLECTIVEPOWER,N,sonnet
44367,I_2,E2CONSPIRACY,N,sonnet
44367,I_2,E2CONTROLMEDIA,N,sonnet
44367,I_2,E2CONTROLECONOMY,N,sonnet
44367,I_2,E2CONTROLGOV,N,sonnet
44367,I_2,E2CONTROLOTHER,N,sonnet
44367,I_2,E3COLLECTIVEBLAME,N,sonnet
14602,I_2,E1VIOLENCE,I,sonnet
14602,I_2,E1RADICAL,I,sonnet
14602,I_2,E2ALLEGATION,N,sonnet
14602,I_2,E2DEHUMANIZATION,N,sonnet
14602,I_2,E2DEMONIZE,N,sonnet
14602,I_2,E2STEREOTYPE,N,sonnet
14602,I_2,E2COLLECTIVEPOWER,N,sonnet
14602,I_2,E2CONSPIRACY,N,sonnet
14602,I_2,E2CONTROLMEDIA,N,sonnet
14602,I_2,E2CONTROLECONOMY,N,sonnet
14602,I_2,E2CONTROLGOV,N,sonnet
14602,I_2,E2CONTROLOTHER,N,sonnet
14602,I_2,E3COLLECTIVEBLAME,N,sonnet
47113,I_2,E1VIOLENCE,N,sonnet
47113,I_2,E1RADICAL,N,sonnet
47113,I_2,E2ALLEGATION,A,sonnet
47113,I_2,E2DEHUMANIZATION,A,sonnet
47113,I_2,E2DEMONIZE,A,sonnet
47113,I_2,E2STEREOTYPE,A,sonnet
47113,I_2,E2COLLECTIVEPOWER,N,sonnet
47113,I_2,E2CONSPIRACY,N,sonnet
47113,I_2,E2CONTROLMEDIA,N,sonnet
47113,I_2,E2CONTROLECONOMY,N,sonnet
47113,I_2,E2CONTROLGOV,N,sonnet
47113,I_2,E2CONTROLOTHER,N,sonnet
47113,I_2,E3COLLECTIVEBLAME,A,sonnet
24489,I_2,E1VIOLENCE,N,sonnet
24489,I_2,E1RADICAL,N,sonnet
24489,I_2,E2ALLEGATION,I,sonnet
24489,I_2,E2DEHUMANIZATION,N,sonnet
24489,I_2,E2DEMONIZE,I,sonnet
24489,I_2,E2STEREOTYPE,N,sonnet
24489,I_2,E2COLLECTIVEPOWER,N,sonnet
24489,I_2,E2CONSPIRACY,N,sonnet
24489,I_2,E2CONTROLMEDIA,N,sonnet
24489,I_2,E2CONTROLECONOMY,N,sonnet
24489,I_2,E2CONTROLGOV,N,sonnet
24489,I_2,E2CONTROLOTHER,N,sonnet
24489,I_2,E3COLLECTIVEBLAME,N,sonnet
6273,I_2,E1VIOLENCE,N,sonnet
6273,I_2,E1RADICAL,N,sonnet
6273,I_2,E2ALLEGATION,N,sonnet
6273,I_2,E2DEHUMANIZATION,N,sonnet
6273,I_2,E2DEMONIZE,N,sonnet
6273,I_2,E2STEREOTYPE,I,sonnet
6273,I_2,E2COLLECTIVEPOWER,N,sonnet
6273,I_2,E2CONSPIRACY,N,sonnet
6273,I_2,E2CONTROLMEDIA,N,sonnet
6273,I_2,E2CONTROLECONOMY,N,sonnet
6273,I_2,E2CONTROLGOV,N,sonnet
6273,I_2,E2CONTROLOTHER,N,sonnet
6273,I_2,E3COLLECTIVEBLAME,N,sonnet
2208,I_2,E1VIOLENCE,N,sonnet
2208,I_2,E1RADICAL,N,sonnet
2208,I_2,E2ALLEGATION,N,sonnet
2208,I_2,E2DEHUMANIZATION,N,sonnet
2208,I_2,E2DEMONIZE,N,sonnet
2208,I_2,E2STEREOTYPE,N,sonnet
2208,I_2,E2COLLECTIVEPOWER,N,sonnet
2208,I_2,E2CONSPIRACY,N,sonnet
2208,I_2,E2CONTROLMEDIA,N,sonnet
2208,I_2,E2CONTROLECONOMY,N,sonnet
2208,I_2,E2CONTROLGOV,N,sonnet
2208,I_2,E2CONTROLOTHER,N,sonnet
2208,I_2,E3COLLECTIVEBLAME,N,sonnet
33958,I_2,E1VIOLENCE,E,sonnet
33958,I_2,E1RADICAL,N,sonnet
33958,I_2,E2ALLEGATION,N,sonnet
33958,I_2,E2DEHUMANIZATION,N,sonnet
33958,I_2,E2DEMONIZE,N,sonnet
33958,I_2,E2STEREOTYPE,N,sonnet
33958,I_2,E2COLLECTIVEPOWER,N,sonnet
33958,I_2,E2CONSPIRACY,N,sonnet
33958,I_2,E2CONTROLMEDIA,N,sonnet
33958,I_2,E2CONTROLECONOMY,N,sonnet
33958,I_2,E2CONTROLGOV,N,sonnet
33958,I_2,E2CONTROLOTHER,N,sonnet
33958,I_2,E3COLLECTIVEBLAME,N,sonnet
3232,I_2,E1VIOLENCE,N,sonnet
3232,I_2,E1RADICAL,N,sonnet
3232,I_2,E2ALLEGATION,E,sonnet
3232,I_2,E2DEHUMANIZATION,E,sonnet
3232,I_2,E2DEMONIZE,E,sonnet
3232,I_2,E2STEREOTYPE,E,sonnet
3232,I_2,E2COLLECTIVEPOWER,N,sonnet
3232,I_2,E2CONSPIRACY,N,sonnet
3232,I_2,E2CONTROLMEDIA,N,sonnet
3232,I_2,E2CONTROLECONOMY,N,sonnet
3232,I_2,E2CONTROLGOV,N,sonnet
3232,I_2,E2CONTROLOTHER,N,sonnet
3232,I_2,E3COLLECTIVEBLAME,N,sonnet
981,I_2,E1VIOLENCE,N,sonnet
981,I_2,E1RADICAL,N,sonnet
981,I_2,E2ALLEGATION,N,sonnet
981,I_2,E2DEHUMANIZATION,N,sonnet
981,I_2,E2DEMONIZE,N,sonnet
981,I_2,E2STEREOTYPE,N,sonnet
981,I_2,E2COLLECTIVEPOWER,N,sonnet
981,I_2,E2CONSPIRACY,N,sonnet
981,I_2,E2CONTROLMEDIA,N,sonnet
981,I_2,E2CONTROLECONOMY,N,sonnet
981,I_2,E2CONTROLGOV,N,sonnet
981,I_2,E2CONTROLOTHER,N,sonnet
981,I_2,E3COLLECTIVEBLAME,N,sonnet
3569,I_2,E1VIOLENCE,N,sonnet
3569,I_2,E1RADICAL,N,sonnet
3569,I_2,E2ALLEGATION,A,sonnet
3569,I_2,E2DEHUMANIZATION,A,sonnet
3569,I_2,E2DEMONIZE,A,sonnet
3569,I_2,E2STEREOTYPE,A,sonnet
3569,I_2,E2COLLECTIVEPOWER,N,sonnet
3569,I_2,E2CONSPIRACY,N,sonnet
3569,I_2,E2CONTROLMEDIA,N,sonnet
3569,I_2,E2CONTROLECONOMY,N,sonnet
3569,I_2,E2CONTROLGOV,N,sonnet
3569,I_2,E2CONTROLOTHER,N,sonnet
3569,I_2,E3COLLECTIVEBLAME,N,sonnet
35808,I_2,E1VIOLENCE,N,sonnet
35808,I_2,E1RADICAL,N,sonnet
35808,I_2,E2ALLEGATION,I,sonnet
35808,I_2,E2DEHUMANIZATION,N,sonnet
35808,I_2,E2DEMONIZE,I,sonnet
35808,I_2,E2STEREOTYPE,I,sonnet
35808,I_2,E2COLLECTIVEPOWER,N,sonnet
35808,I_2,E2CONSPIRACY,N,sonnet
35808,I_2,E2CONTROLMEDIA,N,sonnet
35808,I_2,E2CONTROLECONOMY,N,sonnet
35808,I_2,E2CONTROLGOV,N,sonnet
35808,I_2,E2CONTROLOTHER,N,sonnet
35808,I_2,E3COLLECTIVEBLAME,I,sonnet
42415,I_2,E1VIOLENCE,N,sonnet
42415,I_2,E1RADICAL,N,sonnet
42415,I_2,E2ALLEGATION,I,sonnet
42415,I_2,E2DEHUMANIZATION,N,sonnet
42415,I_2,E2DEMONIZE,I,sonnet
42415,I_2,E2STEREOTYPE,I,sonnet
42415,I_2,E2COLLECTIVEPOWER,I,sonnet
42415,I_2,E2CONSPIRACY,I,sonnet
42415,I_2,E2CONTROLMEDIA,N,sonnet
42415,I_2,E2CONTROLECONOMY,N,sonnet
42415,I_2,E2CONTROLGOV,N,sonnet
42415,I_2,E2CONTROLOTHER,I,sonnet
42415,I_2,E3COLLECTIVEBLAME,I,sonnet
16274,I_2,E1VIOLENCE,A,sonnet
16274,I_2,E1RADICAL,N,sonnet
16274,I_2,E2ALLEGATION,N,sonnet
16274,I_2,E2DEHUMANIZATION,I,sonnet
16274,I_2,E2DEMONIZE,N,sonnet
16274,I_2,E2STEREOTYPE,N,sonnet
16274,I_2,E2COLLECTIVEPOWER,N,sonnet
16274,I_2,E2CONSPIRACY,N,sonnet
16274,I_2,E2CONTROLMEDIA,N,sonnet
16274,I_2,E2CONTROLECONOMY,N,sonnet
16274,I_2,E2CONTROLGOV,N,sonnet
16274,I_2,E2CONTROLOTHER,N,sonnet
16274,I_2,E3COLLECTIVEBLAME,N,sonnet
39748,I_2,E1VIOLENCE,N,sonnet
39748,I_2,E1RADICAL,N,sonnet
39748,I_2,E2ALLEGATION,N,sonnet
39748,I_2,E2DEHUMANIZATION,N,sonnet
39748,I_2,E2DEMONIZE,N,sonnet
39748,I_2,E2STEREOTYPE,N,sonnet
39748,I_2,E2COLLECTIVEPOWER,N,sonnet
39748,I_2,E2CONSPIRACY,N,sonnet
39748,I_2,E2CONTROLMEDIA,N,sonnet
39748,I_2,E2CONTROLECONOMY,N,sonnet
39748,I_2,E2CONTROLGOV,N,sonnet
39748,I_2,E2CONTROLOTHER,N,sonnet
39748,I_2,E3COLLECTIVEBLAME,N,sonnet
16868,I_2,E1VIOLENCE,N,sonnet
16868,I_2,E1RADICAL,N,sonnet
16868,I_2,E2ALLEGATION,E,sonnet
16868,I_2,E2DEHUMANIZATION,N,sonnet
16868,I_2,E2DEMONIZE,I,sonnet
16868,I_2,E2STEREOTYPE,E,sonnet
16868,I_2,E2COLLECTIVEPOWER,N,sonnet
16868,I_2,E2CONSPIRACY,N,sonnet
16868,I_2,E2CONTROLMEDIA,N,sonnet
16868,I_2,E2CONTROLECONOMY,N,sonnet
16868,I_2,E2CONTROLGOV,N,sonnet
16868,I_2,E2CONTROLOTHER,N,sonnet
16868,I_2,E3COLLECTIVEBLAME,N,sonnet
30122,I_2,E1VIOLENCE,N,sonnet
30122,I_2,E1RADICAL,N,sonnet
30122,I_2,E2ALLEGATION,N,sonnet
30122,I_2,E2DEHUMANIZATION,N,sonnet
30122,I_2,E2DEMONIZE,N,sonnet
30122,I_2,E2STEREOTYPE,N,sonnet
30122,I_2,E2COLLECTIVEPOWER,N,sonnet
30122,I_2,E2CONSPIRACY,N,sonnet
30122,I_2,E2CONTROLMEDIA,N,sonnet
30122,I_2,E2CONTROLECONOMY,N,sonnet
30122,I_2,E2CONTROLGOV,N,sonnet
30122,I_2,E2CONTROLOTHER,N,sonnet
30122,I_2,E3COLLECTIVEBLAME,N,sonnet
48327,I_2,E1VIOLENCE,N,sonnet
48327,I_2,E1RADICAL,N,sonnet
48327,I_2,E2ALLEGATION,N,sonnet
48327,I_2,E2DEHUMANIZATION,N,sonnet
48327,I_2,E2DEMONIZE,N,sonnet
48327,I_2,E2STEREOTYPE,N,sonnet
48327,I_2,E2COLLECTIVEPOWER,N,sonnet
48327,I_2,E2CONSPIRACY,N,sonnet
48327,I_2,E2CONTROLMEDIA,N,sonnet
48327,I_2,E2CONTROLECONOMY,N,sonnet
48327,I_2,E2CONTROLGOV,N,sonnet
48327,I_2,E2CONTROLOTHER,N,sonnet
48327,I_2,E3COLLECTIVEBLAME,N,sonnet
20043,I_2,E1VIOLENCE,N,sonnet
20043,I_2,E1RADICAL,N,sonnet
20043,I_2,E2ALLEGATION,N,sonnet
20043,I_2,E2DEHUMANIZATION,N,sonnet
20043,I_2,E2DEMONIZE,N,sonnet
20043,I_2,E2STEREOTYPE,N,sonnet
20043,I_2,E2COLLECTIVEPOWER,N,sonnet
20043,I_2,E2CONSPIRACY,N,sonnet
20043,I_2,E2CONTROLMEDIA,N,sonnet
20043,I_2,E2CONTROLECONOMY,N,sonnet
20043,I_2,E2CONTROLGOV,N,sonnet
20043,I_2,E2CONTROLOTHER,N,sonnet
20043,I_2,E3COLLECTIVEBLAME,N,sonnet
37355,I_2,E1VIOLENCE,N,sonnet
37355,I_2,E1RADICAL,N,sonnet
37355,I_2,E2ALLEGATION,N,sonnet
37355,I_2,E2DEHUMANIZATION,N,sonnet
37355,I_2,E2DEMONIZE,N,sonnet
37355,I_2,E2STEREOTYPE,N,sonnet
37355,I_2,E2COLLECTIVEPOWER,N,sonnet
37355,I_2,E2CONSPIRACY,N,sonnet
37355,I_2,E2CONTROLMEDIA,N,sonnet
37355,I_2,E2CONTROLECONOMY,N,sonnet
37355,I_2,E2CONTROLGOV,N,sonnet
37355,I_2,E2CONTROLOTHER,N,sonnet
37355,I_2,E3COLLECTIVEBLAME,N,sonnet
21885,I_2,E1VIOLENCE,N,sonnet
21885,I_2,E1RADICAL,N,sonnet
21885,I_2,E2ALLEGATION,N,sonnet
21885,I_2,E2DEHUMANIZATION,N,sonnet
21885,I_2,E2DEMONIZE,N,sonnet
21885,I_2,E2STEREOTYPE,N,sonnet
21885,I_2,E2COLLECTIVEPOWER,N,sonnet
21885,I_2,E2CONSPIRACY,N,sonnet
21885,I_2,E2CONTROLMEDIA,N,sonnet
21885,I_2,E2CONTROLECONOMY,N,sonnet
21885,I_2,E2CONTROLGOV,N,sonnet
21885,I_2,E2CONTROLOTHER,N,sonnet
21885,I_2,E3COLLECTIVEBLAME,N,sonnet
35072,I_2,E1VIOLENCE,N,sonnet
35072,I_2,E1RADICAL,N,sonnet
35072,I_2,E2ALLEGATION,I,sonnet
35072,I_2,E2DEHUMANIZATION,N,sonnet
35072,I_2,E2DEMONIZE,N,sonnet
35072,I_2,E2STEREOTYPE,I,sonnet
35072,I_2,E2COLLECTIVEPOWER,N,sonnet
35072,I_2,E2CONSPIRACY,N,sonnet
35072,I_2,E2CONTROLMEDIA,N,sonnet
35072,I_2,E2CONTROLECONOMY,N,sonnet
35072,I_2,E2CONTROLGOV,N,sonnet
35072,I_2,E2CONTROLOTHER,N,sonnet
35072,I_2,E3COLLECTIVEBLAME,N,sonnet
32150,I_2,E1VIOLENCE,N,sonnet
32150,I_2,E1RADICAL,N,sonnet
32150,I_2,E2ALLEGATION,N,sonnet
32150,I_2,E2DEHUMANIZATION,N,sonnet
32150,I_2,E2DEMONIZE,N,sonnet
32150,I_2,E2STEREOTYPE,N,sonnet
32150,I_2,E2COLLECTIVEPOWER,N,sonnet
32150,I_2,E2CONSPIRACY,N,sonnet
32150,I_2,E2CONTROLMEDIA,N,sonnet
32150,I_2,E2CONTROLECONOMY,N,sonnet
32150,I_2,E2CONTROLGOV,N,sonnet
32150,I_2,E2CONTROLOTHER,N,sonnet
32150,I_2,E3COLLECTIVEBLAME,N,sonnet
32679,I_2,E1VIOLENCE,N,sonnet
32679,I_2,E1RADICAL,N,sonnet
32679,I_2,E2ALLEGATION,N,sonnet
32679,I_2,E2DEHUMANIZATION,N,sonnet
32679,I_2,E2DEMONIZE,N,sonnet
32679,I_2,E2STEREOTYPE,N,sonnet
32679,I_2,E2COLLECTIVEPOWER,N,sonnet
32679,I_2,E2CONSPIRACY,N,sonnet
32679,I_2,E2CONTROLMEDIA,N,sonnet
32679,I_2,E2CONTROLECONOMY,N,sonnet
32679,I_2,E2CONTROLGOV,N,sonnet
32679,I_2,E2CONTROLOTHER,N,sonnet
32679,I_2,E3COLLECTIVEBLAME,N,sonnet
23079,I_2,E1VIOLENCE,N,sonnet
23079,I_2,E1RADICAL,N,sonnet
23079,I_2,E2ALLEGATION,N,sonnet
23079,I_2,E2DEHUMANIZATION,N,sonnet
23079,I_2,E2DEMONIZE,N,sonnet
23079,I_2,E2STEREOTYPE,N,sonnet
23079,I_2,E2COLLECTIVEPOWER,N,sonnet
23079,I_2,E2CONSPIRACY,N,sonnet
23079,I_2,E2CONTROLMEDIA,N,sonnet
23079,I_2,E2CONTROLECONOMY,N,sonnet
23079,I_2,E2CONTROLGOV,N,sonnet
23079,I_2,E2CONTROLOTHER,N,sonnet
23079,I_2,E3COLLECTIVEBLAME,N,sonnet
26593,I_2,E1VIOLENCE,N,sonnet
26593,I_2,E1RADICAL,N,sonnet
26593,I_2,E2ALLEGATION,N,sonnet
26593,I_2,E2DEHUMANIZATION,N,sonnet
26593,I_2,E2DEMONIZE,N,sonnet
26593,I_2,E2STEREOTYPE,N,sonnet
26593,I_2,E2COLLECTIVEPOWER,N,sonnet
26593,I_2,E2CONSPIRACY,N,sonnet
26593,I_2,E2CONTROLMEDIA,N,sonnet
26593,I_2,E2CONTROLECONOMY,N,sonnet
26593,I_2,E2CONTROLGOV,N,sonnet
26593,I_2,E2CONTROLOTHER,N,sonnet
26593,I_2,E3COLLECTIVEBLAME,N,sonnet
45734,I_2,E1VIOLENCE,N,sonnet
45734,I_2,E1RADICAL,N,sonnet
45734,I_2,E2ALLEGATION,N,sonnet
45734,I_2,E2DEHUMANIZATION,N,sonnet
45734,I_2,E2DEMONIZE,N,sonnet
45734,I_2,E2STEREOTYPE,N,sonnet
45734,I_2,E2COLLECTIVEPOWER,N,sonnet
45734,I_2,E2CONSPIRACY,N,sonnet
45734,I_2,E2CONTROLMEDIA,N,sonnet
45734,I_2,E2CONTROLECONOMY,N,sonnet
45734,I_2,E2CONTROLGOV,N,sonnet
45734,I_2,E2CONTROLOTHER,N,sonnet
45734,I_2,E3COLLECTIVEBLAME,N,sonnet
19770,I_2,E1VIOLENCE,N,sonnet
19770,I_2,E1RADICAL,N,sonnet
19770,I_2,E2ALLEGATION,N,sonnet
19770,I_2,E2DEHUMANIZATION,N,sonnet
19770,I_2,E2DEMONIZE,N,sonnet
19770,I_2,E2STEREOTYPE,N,sonnet
19770,I_2,E2COLLECTIVEPOWER,N,sonnet
19770,I_2,E2CONSPIRACY,N,sonnet
19770,I_2,E2CONTROLMEDIA,N,sonnet
19770,I_2,E2CONTROLECONOMY,N,sonnet
19770,I_2,E2CONTROLGOV,N,sonnet
19770,I_2,E2CONTROLOTHER,N,sonnet
19770,I_2,E3COLLECTIVEBLAME,N,sonnet
17677,I_2,E1VIOLENCE,N,sonnet
17677,I_2,E1RADICAL,N,sonnet
17677,I_2,E2ALLEGATION,N,sonnet
17677,I_2,E2DEHUMANIZATION,N,sonnet
17677,I_2,E2DEMONIZE,N,sonnet
17677,I_2,E2STEREOTYPE,N,sonnet
17677,I_2,E2COLLECTIVEPOWER,N,sonnet
17677,I_2,E2CONSPIRACY,N,sonnet
17677,I_2,E2CONTROLMEDIA,N,sonnet
17677,I_2,E2CONTROLECONOMY,N,sonnet
17677,I_2,E2CONTROLGOV,N,sonnet
17677,I_2,E2CONTROLOTHER,N,sonnet
17677,I_2,E3COLLECTIVEBLAME,N,sonnet
42205,I_2,E1VIOLENCE,A,sonnet
42205,I_2,E1RADICAL,A,sonnet
42205,I_2,E2ALLEGATION,E,sonnet
42205,I_2,E2DEHUMANIZATION,N,sonnet
42205,I_2,E2DEMONIZE,E,sonnet
42205,I_2,E2STEREOTYPE,N,sonnet
42205,I_2,E2COLLECTIVEPOWER,N,sonnet
42205,I_2,E2CONSPIRACY,I,sonnet
42205,I_2,E2CONTROLMEDIA,N,sonnet
42205,I_2,E2CONTROLECONOMY,N,sonnet
42205,I_2,E2CONTROLGOV,N,sonnet
42205,I_2,E2CONTROLOTHER,N,sonnet
42205,I_2,E3COLLECTIVEBLAME,I,sonnet
28542,I_2,E1VIOLENCE,N,sonnet
28542,I_2,E1RADICAL,N,sonnet
28542,I_2,E2ALLEGATION,N,sonnet
28542,I_2,E2DEHUMANIZATION,N,sonnet
28542,I_2,E2DEMONIZE,N,sonnet
28542,I_2,E2STEREOTYPE,N,sonnet
28542,I_2,E2COLLECTIVEPOWER,N,sonnet
28542,I_2,E2CONSPIRACY,N,sonnet
28542,I_2,E2CONTROLMEDIA,N,sonnet
28542,I_2,E2CONTROLECONOMY,N,sonnet
28542,I_2,E2CONTROLGOV,N,sonnet
28542,I_2,E2CONTROLOTHER,N,sonnet
28542,I_2,E3COLLECTIVEBLAME,N,sonnet
45718,I_2,E1VIOLENCE,N,sonnet
45718,I_2,E1RADICAL,N,sonnet
45718,I_2,E2ALLEGATION,N,sonnet
45718,I_2,E2DEHUMANIZATION,N,sonnet
45718,I_2,E2DEMONIZE,N,sonnet
45718,I_2,E2STEREOTYPE,N,sonnet
45718,I_2,E2COLLECTIVEPOWER,N,sonnet
45718,I_2,E2CONSPIRACY,N,sonnet
45718,I_2,E2CONTROLMEDIA,N,sonnet
45718,I_2,E2CONTROLECONOMY,N,sonnet
45718,I_2,E2CONTROLGOV,N,sonnet
45718,I_2,E2CONTROLOTHER,N,sonnet
45718,I_2,E3COLLECTIVEBLAME,N,sonnet
3792,I_2,E1VIOLENCE,N,sonnet
3792,I_2,E1RADICAL,N,sonnet
3792,I_2,E2ALLEGATION,N,sonnet
3792,I_2,E2DEHUMANIZATION,N,sonnet
3792,I_2,E2DEMONIZE,N,sonnet
3792,I_2,E2STEREOTYPE,N,sonnet
3792,I_2,E2COLLECTIVEPOWER,N,sonnet
3792,I_2,E2CONSPIRACY,N,sonnet
3792,I_2,E2CONTROLMEDIA,N,sonnet
3792,I_2,E2CONTROLECONOMY,N,sonnet
3792,I_2,E2CONTROLGOV,N,sonnet
3792,I_2,E2CONTROLOTHER,N,sonnet
3792,I_2,E3COLLECTIVEBLAME,N,sonnet
41883,I_2,E1VIOLENCE,N,sonnet
41883,I_2,E1RADICAL,N,sonnet
41883,I_2,E2ALLEGATION,N,sonnet
41883,I_2,E2DEHUMANIZATION,N,sonnet
41883,I_2,E2DEMONIZE,N,sonnet
41883,I_2,E2STEREOTYPE,N,sonnet
41883,I_2,E2COLLECTIVEPOWER,N,sonnet
41883,I_2,E2CONSPIRACY,N,sonnet
41883,I_2,E2CONTROLMEDIA,N,sonnet
41883,I_2,E2CONTROLECONOMY,N,sonnet
41883,I_2,E2CONTROLGOV,N,sonnet
41883,I_2,E2CONTROLOTHER,N,sonnet
41883,I_2,E3COLLECTIVEBLAME,N,sonnet
42099,I_2,E1VIOLENCE,N,sonnet
42099,I_2,E1RADICAL,N,sonnet
42099,I_2,E2ALLEGATION,E,sonnet
42099,I_2,E2DEHUMANIZATION,N,sonnet
42099,I_2,E2DEMONIZE,E,sonnet
42099,I_2,E2STEREOTYPE,N,sonnet
42099,I_2,E2COLLECTIVEPOWER,I,sonnet
42099,I_2,E2CONSPIRACY,I,sonnet
42099,I_2,E2CONTROLMEDIA,N,sonnet
42099,I_2,E2CONTROLECONOMY,N,sonnet
42099,I_2,E2CONTROLGOV,N,sonnet
42099,I_2,E2CONTROLOTHER,N,sonnet
42099,I_2,E3COLLECTIVEBLAME,N,sonnet
31580,I_2,E1VIOLENCE,N,sonnet
31580,I_2,E1RADICAL,N,sonnet
31580,I_2,E2ALLEGATION,N,sonnet
31580,I_2,E2DEHUMANIZATION,N,sonnet
31580,I_2,E2DEMONIZE,N,sonnet
31580,I_2,E2STEREOTYPE,N,sonnet
31580,I_2,E2COLLECTIVEPOWER,N,sonnet
31580,I_2,E2CONSPIRACY,N,sonnet
31580,I_2,E2CONTROLMEDIA,N,sonnet
31580,I_2,E2CONTROLECONOMY,N,sonnet
31580,I_2,E2CONTROLGOV,N,sonnet
31580,I_2,E2CONTROLOTHER,N,sonnet
31580,I_2,E3COLLECTIVEBLAME,N,sonnet
20594,I_2,E1VIOLENCE,N,sonnet
20594,I_2,E1RADICAL,N,sonnet
20594,I_2,E2ALLEGATION,I,sonnet
20594,I_2,E2DEHUMANIZATION,N,sonnet
20594,I_2,E2DEMONIZE,I,sonnet
20594,I_2,E2STEREOTYPE,I,sonnet
20594,I_2,E2COLLECTIVEPOWER,N,sonnet
20594,I_2,E2CONSPIRACY,N,sonnet
20594,I_2,E2CONTROLMEDIA,N,sonnet
20594,I_2,E2CONTROLECONOMY,N,sonnet
20594,I_2,E2CONTROLGOV,N,sonnet
20594,I_2,E2CONTROLOTHER,N,sonnet
20594,I_2,E3COLLECTIVEBLAME,I,sonnet
12071,I_2,E1VIOLENCE,N,sonnet
12071,I_2,E1RADICAL,N,sonnet
12071,I_2,E2ALLEGATION,N,sonnet
12071,I_2,E2DEHUMANIZATION,N,sonnet
12071,I_2,E2DEMONIZE,N,sonnet
12071,I_2,E2STEREOTYPE,N,sonnet
12071,I_2,E2COLLECTIVEPOWER,N,sonnet
12071,I_2,E2CONSPIRACY,N,sonnet
12071,I_2,E2CONTROLMEDIA,N,sonnet
12071,I_2,E2CONTROLECONOMY,N,sonnet
12071,I_2,E2CONTROLGOV,N,sonnet
12071,I_2,E2CONTROLOTHER,N,sonnet
12071,I_2,E3COLLECTIVEBLAME,N,sonnet
5140,I_2,E1VIOLENCE,I,sonnet
5140,I_2,E1RADICAL,N,sonnet
5140,I_2,E2ALLEGATION,N,sonnet
5140,I_2,E2DEHUMANIZATION,N,sonnet
5140,I_2,E2DEMONIZE,N,sonnet
5140,I_2,E2STEREOTYPE,N,sonnet
5140,I_2,E2COLLECTIVEPOWER,N,sonnet
5140,I_2,E2CONSPIRACY,N,sonnet
5140,I_2,E2CONTROLMEDIA,N,sonnet
5140,I_2,E2CONTROLECONOMY,N,sonnet
5140,I_2,E2CONTROLGOV,N,sonnet
5140,I_2,E2CONTROLOTHER,N,sonnet
5140,I_2,E3COLLECTIVEBLAME,N,sonnet
45387,I_2,E1VIOLENCE,A,sonnet
45387,I_2,E1RADICAL,N,sonnet
45387,I_2,E2ALLEGATION,N,sonnet
45387,I_2,E2DEHUMANIZATION,N,sonnet
45387,I_2,E2DEMONIZE,N,sonnet
45387,I_2,E2STEREOTYPE,N,sonnet
45387,I_2,E2COLLECTIVEPOWER,E,sonnet
45387,I_2,E2CONSPIRACY,N,sonnet
45387,I_2,E2CONTROLMEDIA,N,sonnet
45387,I_2,E2CONTROLECONOMY,N,sonnet
45387,I_2,E2CONTROLGOV,I,sonnet
45387,I_2,E2CONTROLOTHER,N,sonnet
45387,I_2,E3COLLECTIVEBLAME,N,sonnet
27027,I_2,E1VIOLENCE,N,sonnet
27027,I_2,E1RADICAL,N,sonnet
27027,I_2,E2ALLEGATION,N,sonnet
27027,I_2,E2DEHUMANIZATION,N,sonnet
27027,I_2,E2DEMONIZE,N,sonnet
27027,I_2,E2STEREOTYPE,N,sonnet
27027,I_2,E2COLLECTIVEPOWER,N,sonnet
27027,I_2,E2CONSPIRACY,N,sonnet
27027,I_2,E2CONTROLMEDIA,N,sonnet
27027,I_2,E2CONTROLECONOMY,N,sonnet
27027,I_2,E2CONTROLGOV,N,sonnet
27027,I_2,E2CONTROLOTHER,N,sonnet
27027,I_2,E3COLLECTIVEBLAME,N,sonnet
28714,I_2,E1VIOLENCE,N,sonnet
28714,I_2,E1RADICAL,N,sonnet
28714,I_2,E2ALLEGATION,N,sonnet
28714,I_2,E2DEHUMANIZATION,N,sonnet
28714,I_2,E2DEMONIZE,N,sonnet
28714,I_2,E2STEREOTYPE,N,sonnet
28714,I_2,E2COLLECTIVEPOWER,N,sonnet
28714,I_2,E2CONSPIRACY,N,sonnet
28714,I_2,E2CONTROLMEDIA,N,sonnet
28714,I_2,E2CONTROLECONOMY,N,sonnet
28714,I_2,E2CONTROLGOV,N,sonnet
28714,I_2,E2CONTROLOTHER,N,sonnet
28714,I_2,E3COLLECTIVEBLAME,N,sonnet
4601,I_2,E1VIOLENCE,N,sonnet
4601,I_2,E1RADICAL,N,sonnet
4601,I_2,E2ALLEGATION,N,sonnet
4601,I_2,E2DEHUMANIZATION,N,sonnet
4601,I_2,E2DEMONIZE,N,sonnet
4601,I_2,E2STEREOTYPE,N,sonnet
4601,I_2,E2COLLECTIVEPOWER,N,sonnet
4601,I_2,E2CONSPIRACY,N,sonnet
4601,I_2,E2CONTROLMEDIA,N,sonnet
4601,I_2,E2CONTROLECONOMY,N,sonnet
4601,I_2,E2CONTROLGOV,N,sonnet
4601,I_2,E2CONTROLOTHER,N,sonnet
4601,I_2,E3COLLECTIVEBLAME,N,sonnet
37120,I_2,E1VIOLENCE,N,sonnet
37120,I_2,E1RADICAL,N,sonnet
37120,I_2,E2ALLEGATION,N,sonnet
37120,I_2,E2DEHUMANIZATION,N,sonnet
37120,I_2,E2DEMONIZE,N,sonnet
37120,I_2,E2STEREOTYPE,N,sonnet
37120,I_2,E2COLLECTIVEPOWER,N,sonnet
37120,I_2,E2CONSPIRACY,N,sonnet
37120,I_2,E2CONTROLMEDIA,N,sonnet
37120,I_2,E2CONTROLECONOMY,N,sonnet
37120,I_2,E2CONTROLGOV,N,sonnet
37120,I_2,E2CONTROLOTHER,N,sonnet
37120,I_2,E3COLLECTIVEBLAME,N,sonnet
16811,I_2,E1VIOLENCE,N,sonnet
16811,I_2,E1RADICAL,N,sonnet
16811,I_2,E2ALLEGATION,N,sonnet
16811,I_2,E2DEHUMANIZATION,N,sonnet
16811,I_2,E2DEMONIZE,N,sonnet
16811,I_2,E2STEREOTYPE,N,sonnet
16811,I_2,E2COLLECTIVEPOWER,N,sonnet
16811,I_2,E2CONSPIRACY,N,sonnet
16811,I_2,E2CONTROLMEDIA,N,sonnet
16811,I_2,E2CONTROLECONOMY,N,sonnet
16811,I_2,E2CONTROLGOV,N,sonnet
16811,I_2,E2CONTROLOTHER,N,sonnet
16811,I_2,E3COLLECTIVEBLAME,N,sonnet
10116,I_2,E1VIOLENCE,E,sonnet
10116,I_2,E1RADICAL,E,sonnet
10116,I_2,E2ALLEGATION,N,sonnet
10116,I_2,E2DEHUMANIZATION,I,sonnet
10116,I_2,E2DEMONIZE,I,sonnet
10116,I_2,E2STEREOTYPE,N,sonnet
10116,I_2,E2COLLECTIVEPOWER,N,sonnet
10116,I_2,E2CONSPIRACY,N,sonnet
10116,I_2,E2CONTROLMEDIA,N,sonnet
10116,I_2,E2CONTROLECONOMY,N,sonnet
10116,I_2,E2CONTROLGOV,N,sonnet
10116,I_2,E2CONTROLOTHER,N,sonnet
10116,I_2,E3COLLECTIVEBLAME,N,sonnet
20872,I_2,E1VIOLENCE,N,sonnet
20872,I_2,E1RADICAL,N,sonnet
20872,I_2,E2ALLEGATION,N,sonnet
20872,I_2,E2DEHUMANIZATION,N,sonnet
20872,I_2,E2DEMONIZE,N,sonnet
20872,I_2,E2STEREOTYPE,N,sonnet
20872,I_2,E2COLLECTIVEPOWER,N,sonnet
20872,I_2,E2CONSPIRACY,N,sonnet
20872,I_2,E2CONTROLMEDIA,N,sonnet
20872,I_2,E2CONTROLECONOMY,N,sonnet
20872,I_2,E2CONTROLGOV,N,sonnet
20872,I_2,E2CONTROLOTHER,N,sonnet
20872,I_2,E3COLLECTIVEBLAME,N,sonnet
5823,I_2,E1VIOLENCE,N,sonnet
5823,I_2,E1RADICAL,N,sonnet
5823,I_2,E2ALLEGATION,N,sonnet
5823,I_2,E2DEHUMANIZATION,N,sonnet
5823,I_2,E2DEMONIZE,N,sonnet
5823,I_2,E2STEREOTYPE,N,sonnet
5823,I_2,E2COLLECTIVEPOWER,N,sonnet
5823,I_2,E2CONSPIRACY,N,sonnet
5823,I_2,E2CONTROLMEDIA,N,sonnet
5823,I_2,E2CONTROLECONOMY,N,sonnet
5823,I_2,E2CONTROLGOV,N,sonnet
5823,I_2,E2CONTROLOTHER,N,sonnet
5823,I_2,E3COLLECTIVEBLAME,N,sonnet
48634,I_2,E1VIOLENCE,N,sonnet
48634,I_2,E1RADICAL,N,sonnet
48634,I_2,E2ALLEGATION,N,sonnet
48634,I_2,E2DEHUMANIZATION,N,sonnet
48634,I_2,E2DEMONIZE,N,sonnet
48634,I_2,E2STEREOTYPE,N,sonnet
48634,I_2,E2COLLECTIVEPOWER,N,sonnet
48634,I_2,E2CONSPIRACY,N,sonnet
48634,I_2,E2CONTROLMEDIA,N,sonnet
48634,I_2,E2CONTROLECONOMY,N,sonnet
48634,I_2,E2CONTROLGOV,N,sonnet
48634,I_2,E2CONTROLOTHER,N,sonnet
48634,I_2,E3COLLECTIVEBLAME,N,sonnet
45158,I_2,E1VIOLENCE,N,sonnet
45158,I_2,E1RADICAL,N,sonnet
45158,I_2,E2ALLEGATION,E,sonnet
45158,I_2,E2DEHUMANIZATION,N,sonnet
45158,I_2,E2DEMONIZE,E,sonnet
45158,I_2,E2STEREOTYPE,E,sonnet
45158,I_2,E2COLLECTIVEPOWER,E,sonnet
45158,I_2,E2CONSPIRACY,N,sonnet
45158,I_2,E2CONTROLMEDIA,N,sonnet
45158,I_2,E2CONTROLECONOMY,E,sonnet
45158,I_2,E2CONTROLGOV,N,sonnet
45158,I_2,E2CONTROLOTHER,E,sonnet
45158,I_2,E3COLLECTIVEBLAME,N,sonnet
32636,I_2,E1VIOLENCE,N,sonnet
32636,I_2,E1RADICAL,N,sonnet
32636,I_2,E2ALLEGATION,N,sonnet
32636,I_2,E2DEHUMANIZATION,I,sonnet
32636,I_2,E2DEMONIZE,I,sonnet
32636,I_2,E2STEREOTYPE,I,sonnet
32636,I_2,E2COLLECTIVEPOWER,N,sonnet
32636,I_2,E2CONSPIRACY,N,sonnet
32636,I_2,E2CONTROLMEDIA,N,sonnet
32636,I_2,E2CONTROLECONOMY,N,sonnet
32636,I_2,E2CONTROLGOV,N,sonnet
32636,I_2,E2CONTROLOTHER,N,sonnet
32636,I_2,E3COLLECTIVEBLAME,N,sonnet
31519,I_2,E1VIOLENCE,N,gpt4o
31519,I_2,E1RADICAL,N,gpt4o
31519,I_2,E2ALLEGATION,N,gpt4o
31519,I_2,E2DEHUMANIZATION,N,gpt4o
31519,I_2,E2DEMONIZE,N,gpt4o
31519,I_2,E2STEREOTYPE,N,gpt4o
31519,I_2,E2COLLECTIVEPOWER,N,gpt4o
31519,I_2,E2CONSPIRACY,N,gpt4o
31519,I_2,E2CONTROLMEDIA,N,gpt4o
31519,I_2,E2CONTROLECONOMY,N,gpt4o
31519,I_2,E2CONTROLGOV,N,gpt4o
31519,I_2,E2CONTROLOTHER,N,gpt4o
31519,I_2,E3COLLECTIVEBLAME,N,gpt4o
40991,I_2,E1VIOLENCE,N,sonnet
40991,I_2,E1RADICAL,N,sonnet
40991,I_2,E2ALLEGATION,N,sonnet
40991,I_2,E2DEHUMANIZATION,N,sonnet
40991,I_2,E2DEMONIZE,N,sonnet
40991,I_2,E2STEREOTYPE,N,sonnet
40991,I_2,E2COLLECTIVEPOWER,N,sonnet
40991,I_2,E2CONSPIRACY,N,sonnet
40991,I_2,E2CONTROLMEDIA,N,sonnet
40991,I_2,E2CONTROLECONOMY,N,sonnet
40991,I_2,E2CONTROLGOV,N,sonnet
40991,I_2,E2CONTROLOTHER,N,sonnet
40991,I_2,E3COLLECTIVEBLAME,N,sonnet
4382,I_2,E1VIOLENCE,N,sonnet
4382,I_2,E1RADICAL,N,sonnet
4382,I_2,E2ALLEGATION,I,sonnet
4382,I_2,E2DEHUMANIZATION,N,sonnet
4382,I_2,E2DEMONIZE,N,sonnet
4382,I_2,E2STEREOTYPE,N,sonnet
4382,I_2,E2COLLECTIVEPOWER,N,sonnet
4382,I_2,E2CONSPIRACY,N,sonnet
4382,I_2,E2CONTROLMEDIA,N,sonnet
4382,I_2,E2CONTROLECONOMY,N,sonnet
4382,I_2,E2CONTROLGOV,N,sonnet
4382,I_2,E2CONTROLOTHER,N,sonnet
4382,I_2,E3COLLECTIVEBLAME,N,sonnet
20050,I_2,E1VIOLENCE,N,sonnet
20050,I_2,E1RADICAL,N,sonnet
20050,I_2,E2ALLEGATION,N,sonnet
20050,I_2,E2DEHUMANIZATION,N,sonnet
20050,I_2,E2DEMONIZE,N,sonnet
20050,I_2,E2STEREOTYPE,N,sonnet
20050,I_2,E2COLLECTIVEPOWER,N,sonnet
20050,I_2,E2CONSPIRACY,N,sonnet
20050,I_2,E2CONTROLMEDIA,N,sonnet
20050,I_2,E2CONTROLECONOMY,N,sonnet
20050,I_2,E2CONTROLGOV,N,sonnet
20050,I_2,E2CONTROLOTHER,N,sonnet
20050,I_2,E3COLLECTIVEBLAME,N,sonnet
42302,I_2,E1VIOLENCE,N,sonnet
42302,I_2,E1RADICAL,N,sonnet
42302,I_2,E2ALLEGATION,N,sonnet
42302,I_2,E2DEHUMANIZATION,N,sonnet
42302,I_2,E2DEMONIZE,N,sonnet
42302,I_2,E2STEREOTYPE,N,sonnet
42302,I_2,E2COLLECTIVEPOWER,N,sonnet
42302,I_2,E2CONSPIRACY,N,sonnet
42302,I_2,E2CONTROLMEDIA,N,sonnet
42302,I_2,E2CONTROLECONOMY,N,sonnet
42302,I_2,E2CONTROLGOV,N,sonnet
42302,I_2,E2CONTROLOTHER,N,sonnet
42302,I_2,E3COLLECTIVEBLAME,N,sonnet
16196,I_2,E1VIOLENCE,N,sonnet
16196,I_2,E1RADICAL,N,sonnet
16196,I_2,E2ALLEGATION,N,sonnet
16196,I_2,E2DEHUMANIZATION,N,sonnet
16196,I_2,E2DEMONIZE,N,sonnet
16196,I_2,E2STEREOTYPE,N,sonnet
16196,I_2,E2COLLECTIVEPOWER,N,sonnet
16196,I_2,E2CONSPIRACY,N,sonnet
16196,I_2,E2CONTROLMEDIA,N,sonnet
16196,I_2,E2CONTROLECONOMY,N,sonnet
16196,I_2,E2CONTROLGOV,N,sonnet
16196,I_2,E2CONTROLOTHER,N,sonnet
16196,I_2,E3COLLECTIVEBLAME,N,sonnet
2975,I_2,E1VIOLENCE,E,sonnet
2975,I_2,E1RADICAL,N,sonnet
2975,I_2,E2ALLEGATION,N,sonnet
2975,I_2,E2DEHUMANIZATION,N,sonnet
2975,I_2,E2DEMONIZE,N,sonnet
2975,I_2,E2STEREOTYPE,N,sonnet
2975,I_2,E2COLLECTIVEPOWER,N,sonnet
2975,I_2,E2CONSPIRACY,N,sonnet
2975,I_2,E2CONTROLMEDIA,N,sonnet
2975,I_2,E2CONTROLECONOMY,N,sonnet
2975,I_2,E2CONTROLGOV,N,sonnet
2975,I_2,E2CONTROLOTHER,N,sonnet
2975,I_2,E3COLLECTIVEBLAME,N,sonnet
34749,I_2,E1VIOLENCE,N,sonnet
34749,I_2,E1RADICAL,I,sonnet
34749,I_2,E2ALLEGATION,I,sonnet
34749,I_2,E2DEHUMANIZATION,N,sonnet
34749,I_2,E2DEMONIZE,N,sonnet
34749,I_2,E2STEREOTYPE,I,sonnet
34749,I_2,E2COLLECTIVEPOWER,N,sonnet
34749,I_2,E2CONSPIRACY,N,sonnet
34749,I_2,E2CONTROLMEDIA,N,sonnet
34749,I_2,E2CONTROLECONOMY,N,sonnet
34749,I_2,E2CONTROLGOV,N,sonnet
34749,I_2,E2CONTROLOTHER,N,sonnet
34749,I_2,E3COLLECTIVEBLAME,N,sonnet
11727,I_2,E1VIOLENCE,N,sonnet
11727,I_2,E1RADICAL,N,sonnet
11727,I_2,E2ALLEGATION,N,sonnet
11727,I_2,E2DEHUMANIZATION,N,sonnet
11727,I_2,E2DEMONIZE,N,sonnet
11727,I_2,E2STEREOTYPE,N,sonnet
11727,I_2,E2COLLECTIVEPOWER,N,sonnet
11727,I_2,E2CONSPIRACY,N,sonnet
11727,I_2,E2CONTROLMEDIA,N,sonnet
11727,I_2,E2CONTROLECONOMY,N,sonnet
11727,I_2,E2CONTROLGOV,N,sonnet
11727,I_2,E2CONTROLOTHER,N,sonnet
11727,I_2,E3COLLECTIVEBLAME,N,sonnet
32926,I_2,E1VIOLENCE,E,sonnet
32926,I_2,E1RADICAL,N,sonnet
32926,I_2,E2ALLEGATION,N,sonnet
32926,I_2,E2DEHUMANIZATION,E,sonnet
32926,I_2,E2DEMONIZE,E,sonnet
32926,I_2,E2STEREOTYPE,N,sonnet
32926,I_2,E2COLLECTIVEPOWER,N,sonnet
32926,I_2,E2CONSPIRACY,N,sonnet
32926,I_2,E2CONTROLMEDIA,N,sonnet
32926,I_2,E2CONTROLECONOMY,N,sonnet
32926,I_2,E2CONTROLGOV,N,sonnet
32926,I_2,E2CONTROLOTHER,N,sonnet
32926,I_2,E3COLLECTIVEBLAME,N,sonnet
10400,I_2,E1VIOLENCE,I,sonnet
10400,I_2,E1RADICAL,N,sonnet
10400,I_2,E2ALLEGATION,N,sonnet
10400,I_2,E2DEHUMANIZATION,I,sonnet
10400,I_2,E2DEMONIZE,I,sonnet
10400,I_2,E2STEREOTYPE,N,sonnet
10400,I_2,E2COLLECTIVEPOWER,N,sonnet
10400,I_2,E2CONSPIRACY,N,sonnet
10400,I_2,E2CONTROLMEDIA,N,sonnet
10400,I_2,E2CONTROLECONOMY,N,sonnet
10400,I_2,E2CONTROLGOV,N,sonnet
10400,I_2,E2CONTROLOTHER,N,sonnet
10400,I_2,E3COLLECTIVEBLAME,N,sonnet
32663,I_2,E1VIOLENCE,N,sonnet
32663,I_2,E1RADICAL,N,sonnet
32663,I_2,E2ALLEGATION,N,sonnet
32663,I_2,E2DEHUMANIZATION,N,sonnet
32663,I_2,E2DEMONIZE,N,sonnet
32663,I_2,E2STEREOTYPE,N,sonnet
32663,I_2,E2COLLECTIVEPOWER,N,sonnet
32663,I_2,E2CONSPIRACY,N,sonnet
32663,I_2,E2CONTROLMEDIA,N,sonnet
32663,I_2,E2CONTROLECONOMY,N,sonnet
32663,I_2,E2CONTROLGOV,N,sonnet
32663,I_2,E2CONTROLOTHER,N,sonnet
32663,I_2,E3COLLECTIVEBLAME,N,sonnet
33565,I_2,E1VIOLENCE,N,sonnet
33565,I_2,E1RADICAL,N,sonnet
33565,I_2,E2ALLEGATION,N,sonnet
33565,I_2,E2DEHUMANIZATION,N,sonnet
33565,I_2,E2DEMONIZE,N,sonnet
33565,I_2,E2STEREOTYPE,N,sonnet
33565,I_2,E2COLLECTIVEPOWER,N,sonnet
33565,I_2,E2CONSPIRACY,N,sonnet
33565,I_2,E2CONTROLMEDIA,N,sonnet
33565,I_2,E2CONTROLECONOMY,N,sonnet
33565,I_2,E2CONTROLGOV,N,sonnet
33565,I_2,E2CONTROLOTHER,N,sonnet
33565,I_2,E3COLLECTIVEBLAME,N,sonnet
38123,I_2,E1VIOLENCE,N,sonnet
38123,I_2,E1RADICAL,N,sonnet
38123,I_2,E2ALLEGATION,N,sonnet
38123,I_2,E2DEHUMANIZATION,N,sonnet
38123,I_2,E2DEMONIZE,N,sonnet
38123,I_2,E2STEREOTYPE,N,sonnet
38123,I_2,E2COLLECTIVEPOWER,N,sonnet
38123,I_2,E2CONSPIRACY,N,sonnet
38123,I_2,E2CONTROLMEDIA,N,sonnet
38123,I_2,E2CONTROLECONOMY,N,sonnet
38123,I_2,E2CONTROLGOV,N,sonnet
38123,I_2,E2CONTROLOTHER,N,sonnet
38123,I_2,E3COLLECTIVEBLAME,N,sonnet
5727,I_2,E1VIOLENCE,N,sonnet
5727,I_2,E1RADICAL,N,sonnet
5727,I_2,E2ALLEGATION,A,sonnet
5727,I_2,E2DEHUMANIZATION,N,sonnet
5727,I_2,E2DEMONIZE,N,sonnet
5727,I_2,E2STEREOTYPE,A,sonnet
5727,I_2,E2COLLECTIVEPOWER,N,sonnet
5727,I_2,E2CONSPIRACY,N,sonnet
5727,I_2,E2CONTROLMEDIA,N,sonnet
5727,I_2,E2CONTROLECONOMY,N,sonnet
5727,I_2,E2CONTROLGOV,N,sonnet
5727,I_2,E2CONTROLOTHER,N,sonnet
5727,I_2,E3COLLECTIVEBLAME,N,sonnet
11584,I_2,E1VIOLENCE,N,sonnet
11584,I_2,E1RADICAL,N,sonnet
11584,I_2,E2ALLEGATION,N,sonnet
11584,I_2,E2DEHUMANIZATION,N,sonnet
11584,I_2,E2DEMONIZE,N,sonnet
11584,I_2,E2STEREOTYPE,N,sonnet
11584,I_2,E2COLLECTIVEPOWER,N,sonnet
11584,I_2,E2CONSPIRACY,N,sonnet
11584,I_2,E2CONTROLMEDIA,N,sonnet
11584,I_2,E2CONTROLECONOMY,N,sonnet
11584,I_2,E2CONTROLGOV,N,sonnet
11584,I_2,E2CONTROLOTHER,N,sonnet
11584,I_2,E3COLLECTIVEBLAME,N,sonnet
8712,I_2,E1VIOLENCE,E,sonnet
8712,I_2,E1RADICAL,N,sonnet
8712,I_2,E2ALLEGATION,N,sonnet
8712,I_2,E2DEHUMANIZATION,E,sonnet
8712,I_2,E2DEMONIZE,N,sonnet
8712,I_2,E2STEREOTYPE,N,sonnet
8712,I_2,E2COLLECTIVEPOWER,N,sonnet
8712,I_2,E2CONSPIRACY,N,sonnet
8712,I_2,E2CONTROLMEDIA,N,sonnet
8712,I_2,E2CONTROLECONOMY,N,sonnet
8712,I_2,E2CONTROLGOV,N,sonnet
8712,I_2,E2CONTROLOTHER,N,sonnet
8712,I_2,E3COLLECTIVEBLAME,N,sonnet
45230,I_2,E1VIOLENCE,N,sonnet
45230,I_2,E1RADICAL,N,sonnet
45230,I_2,E2ALLEGATION,N,sonnet
45230,I_2,E2DEHUMANIZATION,N,sonnet
45230,I_2,E2DEMONIZE,N,sonnet
45230,I_2,E2STEREOTYPE,N,sonnet
45230,I_2,E2COLLECTIVEPOWER,N,sonnet
45230,I_2,E2CONSPIRACY,N,sonnet
45230,I_2,E2CONTROLMEDIA,N,sonnet
45230,I_2,E2CONTROLECONOMY,N,sonnet
45230,I_2,E2CONTROLGOV,N,sonnet
45230,I_2,E2CONTROLOTHER,N,sonnet
45230,I_2,E3COLLECTIVEBLAME,N,sonnet
43029,I_2,E1VIOLENCE,N,sonnet
43029,I_2,E1RADICAL,N,sonnet
43029,I_2,E2ALLEGATION,E,sonnet
43029,I_2,E2DEHUMANIZATION,N,sonnet
43029,I_2,E2DEMONIZE,E,sonnet
43029,I_2,E2STEREOTYPE,I,sonnet
43029,I_2,E2COLLECTIVEPOWER,E,sonnet
43029,I_2,E2CONSPIRACY,E,sonnet
43029,I_2,E2CONTROLMEDIA,N,sonnet
43029,I_2,E2CONTROLECONOMY,N,sonnet
43029,I_2,E2CONTROLGOV,E,sonnet
43029,I_2,E2CONTROLOTHER,I,sonnet
43029,I_2,E3COLLECTIVEBLAME,N,sonnet
24597,I_2,E1VIOLENCE,N,sonnet
24597,I_2,E1RADICAL,N,sonnet
24597,I_2,E2ALLEGATION,N,sonnet
24597,I_2,E2DEHUMANIZATION,N,sonnet
24597,I_2,E2DEMONIZE,N,sonnet
24597,I_2,E2STEREOTYPE,N,sonnet
24597,I_2,E2COLLECTIVEPOWER,N,sonnet
24597,I_2,E2CONSPIRACY,N,sonnet
24597,I_2,E2CONTROLMEDIA,N,sonnet
24597,I_2,E2CONTROLECONOMY,N,sonnet
24597,I_2,E2CONTROLGOV,N,sonnet
24597,I_2,E2CONTROLOTHER,N,sonnet
24597,I_2,E3COLLECTIVEBLAME,N,sonnet
24893,I_2,E1VIOLENCE,N,sonnet
24893,I_2,E1RADICAL,N,sonnet
24893,I_2,E2ALLEGATION,N,sonnet
24893,I_2,E2DEHUMANIZATION,N,sonnet
24893,I_2,E2DEMONIZE,N,sonnet
24893,I_2,E2STEREOTYPE,N,sonnet
24893,I_2,E2COLLECTIVEPOWER,N,sonnet
24893,I_2,E2CONSPIRACY,N,sonnet
24893,I_2,E2CONTROLMEDIA,N,sonnet
24893,I_2,E2CONTROLECONOMY,N,sonnet
24893,I_2,E2CONTROLGOV,N,sonnet
24893,I_2,E2CONTROLOTHER,N,sonnet
24893,I_2,E3COLLECTIVEBLAME,N,sonnet
2754,I_2,E1VIOLENCE,N,sonnet
2754,I_2,E1RADICAL,N,sonnet
2754,I_2,E2ALLEGATION,N,sonnet
2754,I_2,E2DEHUMANIZATION,N,sonnet
2754,I_2,E2DEMONIZE,N,sonnet
2754,I_2,E2STEREOTYPE,N,sonnet
2754,I_2,E2COLLECTIVEPOWER,N,sonnet
2754,I_2,E2CONSPIRACY,N,sonnet
2754,I_2,E2CONTROLMEDIA,N,sonnet
2754,I_2,E2CONTROLECONOMY,N,sonnet
2754,I_2,E2CONTROLGOV,N,sonnet
2754,I_2,E2CONTROLOTHER,N,sonnet
2754,I_2,E3COLLECTIVEBLAME,N,sonnet
10407,I_2,E1VIOLENCE,N,sonnet
10407,I_2,E1RADICAL,N,sonnet
10407,I_2,E2ALLEGATION,A,sonnet
10407,I_2,E2DEHUMANIZATION,N,sonnet
10407,I_2,E2DEMONIZE,A,sonnet
10407,I_2,E2STEREOTYPE,A,sonnet
10407,I_2,E2COLLECTIVEPOWER,N,sonnet
10407,I_2,E2CONSPIRACY,N,sonnet
10407,I_2,E2CONTROLMEDIA,N,sonnet
10407,I_2,E2CONTROLECONOMY,N,sonnet
10407,I_2,E2CONTROLGOV,N,sonnet
10407,I_2,E2CONTROLOTHER,N,sonnet
10407,I_2,E3COLLECTIVEBLAME,A,sonnet
42897,I_2,E1VIOLENCE,N,sonnet
42897,I_2,E1RADICAL,N,sonnet
42897,I_2,E2ALLEGATION,N,sonnet
42897,I_2,E2DEHUMANIZATION,N,sonnet
42897,I_2,E2DEMONIZE,N,sonnet
42897,I_2,E2STEREOTYPE,N,sonnet
42897,I_2,E2COLLECTIVEPOWER,N,sonnet
42897,I_2,E2CONSPIRACY,N,sonnet
42897,I_2,E2CONTROLMEDIA,N,sonnet
42897,I_2,E2CONTROLECONOMY,N,sonnet
42897,I_2,E2CONTROLGOV,N,sonnet
42897,I_2,E2CONTROLOTHER,N,sonnet
42897,I_2,E3COLLECTIVEBLAME,N,sonnet
36477,I_2,E1VIOLENCE,N,sonnet
36477,I_2,E1RADICAL,N,sonnet
36477,I_2,E2ALLEGATION,N,sonnet
36477,I_2,E2DEHUMANIZATION,N,sonnet
36477,I_2,E2DEMONIZE,N,sonnet
36477,I_2,E2STEREOTYPE,N,sonnet
36477,I_2,E2COLLECTIVEPOWER,N,sonnet
36477,I_2,E2CONSPIRACY,N,sonnet
36477,I_2,E2CONTROLMEDIA,N,sonnet
36477,I_2,E2CONTROLECONOMY,N,sonnet
36477,I_2,E2CONTROLGOV,N,sonnet
36477,I_2,E2CONTROLOTHER,N,sonnet
36477,I_2,E3COLLECTIVEBLAME,N,sonnet
2135,I_2,E1VIOLENCE,N,sonnet
2135,I_2,E1RADICAL,N,sonnet
2135,I_2,E2ALLEGATION,N,sonnet
2135,I_2,E2DEHUMANIZATION,N,sonnet
2135,I_2,E2DEMONIZE,N,sonnet
2135,I_2,E2STEREOTYPE,N,sonnet
2135,I_2,E2COLLECTIVEPOWER,N,sonnet
2135,I_2,E2CONSPIRACY,N,sonnet
2135,I_2,E2CONTROLMEDIA,N,sonnet
2135,I_2,E2CONTROLECONOMY,N,sonnet
2135,I_2,E2CONTROLGOV,N,sonnet
2135,I_2,E2CONTROLOTHER,N,sonnet
2135,I_2,E3COLLECTIVEBLAME,N,sonnet
27673,I_2,E1VIOLENCE,N,sonnet
27673,I_2,E1RADICAL,N,sonnet
27673,I_2,E2ALLEGATION,N,sonnet
27673,I_2,E2DEHUMANIZATION,N,sonnet
27673,I_2,E2DEMONIZE,N,sonnet
27673,I_2,E2STEREOTYPE,N,sonnet
27673,I_2,E2COLLECTIVEPOWER,N,sonnet
27673,I_2,E2CONSPIRACY,N,sonnet
27673,I_2,E2CONTROLMEDIA,N,sonnet
27673,I_2,E2CONTROLECONOMY,N,sonnet
27673,I_2,E2CONTROLGOV,N,sonnet
27673,I_2,E2CONTROLOTHER,N,sonnet
27673,I_2,E3COLLECTIVEBLAME,N,sonnet
6828,I_2,E1VIOLENCE,N,sonnet
6828,I_2,E1RADICAL,N,sonnet
6828,I_2,E2ALLEGATION,N,sonnet
6828,I_2,E2DEHUMANIZATION,N,sonnet
6828,I_2,E2DEMONIZE,N,sonnet
6828,I_2,E2STEREOTYPE,N,sonnet
6828,I_2,E2COLLECTIVEPOWER,N,sonnet
6828,I_2,E2CONSPIRACY,N,sonnet
6828,I_2,E2CONTROLMEDIA,N,sonnet
6828,I_2,E2CONTROLECONOMY,N,sonnet
6828,I_2,E2CONTROLGOV,N,sonnet
6828,I_2,E2CONTROLOTHER,N,sonnet
6828,I_2,E3COLLECTIVEBLAME,N,sonnet
13036,I_2,E1VIOLENCE,N,sonnet
13036,I_2,E1RADICAL,N,sonnet
13036,I_2,E2ALLEGATION,N,sonnet
13036,I_2,E2DEHUMANIZATION,N,sonnet
13036,I_2,E2DEMONIZE,N,sonnet
13036,I_2,E2STEREOTYPE,N,sonnet
13036,I_2,E2COLLECTIVEPOWER,N,sonnet
13036,I_2,E2CONSPIRACY,N,sonnet
13036,I_2,E2CONTROLMEDIA,N,sonnet
13036,I_2,E2CONTROLECONOMY,N,sonnet
13036,I_2,E2CONTROLGOV,N,sonnet
13036,I_2,E2CONTROLOTHER,N,sonnet
13036,I_2,E3COLLECTIVEBLAME,N,sonnet
18730,I_2,E1VIOLENCE,N,sonnet
18730,I_2,E1RADICAL,N,sonnet
18730,I_2,E2ALLEGATION,E,sonnet
18730,I_2,E2DEHUMANIZATION,E,sonnet
18730,I_2,E2DEMONIZE,E,sonnet
18730,I_2,E2STEREOTYPE,E,sonnet
18730,I_2,E2COLLECTIVEPOWER,N,sonnet
18730,I_2,E2CONSPIRACY,N,sonnet
18730,I_2,E2CONTROLMEDIA,N,sonnet
18730,I_2,E2CONTROLECONOMY,N,sonnet
18730,I_2,E2CONTROLGOV,N,sonnet
18730,I_2,E2CONTROLOTHER,N,sonnet
18730,I_2,E3COLLECTIVEBLAME,E,sonnet
14581,I_2,E1VIOLENCE,N,sonnet
14581,I_2,E1RADICAL,N,sonnet
14581,I_2,E2ALLEGATION,N,sonnet
14581,I_2,E2DEHUMANIZATION,N,sonnet
14581,I_2,E2DEMONIZE,N,sonnet
14581,I_2,E2STEREOTYPE,N,sonnet
14581,I_2,E2COLLECTIVEPOWER,N,sonnet
14581,I_2,E2CONSPIRACY,N,sonnet
14581,I_2,E2CONTROLMEDIA,N,sonnet
14581,I_2,E2CONTROLECONOMY,N,sonnet
14581,I_2,E2CONTROLGOV,N,sonnet
14581,I_2,E2CONTROLOTHER,N,sonnet
14581,I_2,E3COLLECTIVEBLAME,N,sonnet
16035,I_2,E1VIOLENCE,I,sonnet
16035,I_2,E1RADICAL,N,sonnet
16035,I_2,E2ALLEGATION,E,sonnet
16035,I_2,E2DEHUMANIZATION,E,sonnet
16035,I_2,E2DEMONIZE,E,sonnet
16035,I_2,E2STEREOTYPE,E,sonnet
16035,I_2,E2COLLECTIVEPOWER,N,sonnet
16035,I_2,E2CONSPIRACY,N,sonnet
16035,I_2,E2CONTROLMEDIA,N,sonnet
16035,I_2,E2CONTROLECONOMY,N,sonnet
16035,I_2,E2CONTROLGOV,N,sonnet
16035,I_2,E2CONTROLOTHER,N,sonnet
16035,I_2,E3COLLECTIVEBLAME,E,sonnet
692,I_2,E1VIOLENCE,N,sonnet
692,I_2,E1RADICAL,N,sonnet
692,I_2,E2ALLEGATION,E,sonnet
692,I_2,E2DEHUMANIZATION,E,sonnet
692,I_2,E2DEMONIZE,E,sonnet
692,I_2,E2STEREOTYPE,N,sonnet
692,I_2,E2COLLECTIVEPOWER,N,sonnet
692,I_2,E2CONSPIRACY,N,sonnet
692,I_2,E2CONTROLMEDIA,N,sonnet
692,I_2,E2CONTROLECONOMY,N,sonnet
692,I_2,E2CONTROLGOV,N,sonnet
692,I_2,E2CONTROLOTHER,N,sonnet
692,I_2,E3COLLECTIVEBLAME,I,sonnet
42741,I_2,E1VIOLENCE,N,sonnet
42741,I_2,E1RADICAL,N,sonnet
42741,I_2,E2ALLEGATION,N,sonnet
42741,I_2,E2DEHUMANIZATION,N,sonnet
42741,I_2,E2DEMONIZE,N,sonnet
42741,I_2,E2STEREOTYPE,N,sonnet
42741,I_2,E2COLLECTIVEPOWER,N,sonnet
42741,I_2,E2CONSPIRACY,N,sonnet
42741,I_2,E2CONTROLMEDIA,N,sonnet
42741,I_2,E2CONTROLECONOMY,N,sonnet
42741,I_2,E2CONTROLGOV,N,sonnet
42741,I_2,E2CONTROLOTHER,N,sonnet
42741,I_2,E3COLLECTIVEBLAME,N,sonnet
28528,I_2,E1VIOLENCE,N,sonnet
28528,I_2,E1RADICAL,N,sonnet
28528,I_2,E2ALLEGATION,I,sonnet
28528,I_2,E2DEHUMANIZATION,N,sonnet
28528,I_2,E2DEMONIZE,I,sonnet
28528,I_2,E2STEREOTYPE,N,sonnet
28528,I_2,E2COLLECTIVEPOWER,N,sonnet
28528,I_2,E2CONSPIRACY,N,sonnet
28528,I_2,E2CONTROLMEDIA,N,sonnet
28528,I_2,E2CONTROLECONOMY,N,sonnet
28528,I_2,E2CONTROLGOV,N,sonnet
28528,I_2,E2CONTROLOTHER,N,sonnet
28528,I_2,E3COLLECTIVEBLAME,N,sonnet
12020,I_2,E1VIOLENCE,N,sonnet
12020,I_2,E1RADICAL,N,sonnet
12020,I_2,E2ALLEGATION,N,sonnet
12020,I_2,E2DEHUMANIZATION,N,sonnet
12020,I_2,E2DEMONIZE,N,sonnet
12020,I_2,E2STEREOTYPE,N,sonnet
12020,I_2,E2COLLECTIVEPOWER,N,sonnet
12020,I_2,E2CONSPIRACY,N,sonnet
12020,I_2,E2CONTROLMEDIA,N,sonnet
12020,I_2,E2CONTROLECONOMY,N,sonnet
12020,I_2,E2CONTROLGOV,N,sonnet
12020,I_2,E2CONTROLOTHER,N,sonnet
12020,I_2,E3COLLECTIVEBLAME,N,sonnet
36264,I_2,E1VIOLENCE,N,sonnet
36264,I_2,E1RADICAL,N,sonnet
36264,I_2,E2ALLEGATION,N,sonnet
36264,I_2,E2DEHUMANIZATION,N,sonnet
36264,I_2,E2DEMONIZE,N,sonnet
36264,I_2,E2STEREOTYPE,N,sonnet
36264,I_2,E2COLLECTIVEPOWER,N,sonnet
36264,I_2,E2CONSPIRACY,N,sonnet
36264,I_2,E2CONTROLMEDIA,N,sonnet
36264,I_2,E2CONTROLECONOMY,N,sonnet
36264,I_2,E2CONTROLGOV,N,sonnet
36264,I_2,E2CONTROLOTHER,N,sonnet
36264,I_2,E3COLLECTIVEBLAME,N,sonnet
30879,I_2,E1VIOLENCE,N,sonnet
30879,I_2,E1RADICAL,N,sonnet
30879,I_2,E2ALLEGATION,N,sonnet
30879,I_2,E2DEHUMANIZATION,N,sonnet
30879,I_2,E2DEMONIZE,N,sonnet
30879,I_2,E2STEREOTYPE,N,sonnet
30879,I_2,E2COLLECTIVEPOWER,N,sonnet
30879,I_2,E2CONSPIRACY,N,sonnet
30879,I_2,E2CONTROLMEDIA,N,sonnet
30879,I_2,E2CONTROLECONOMY,N,sonnet
30879,I_2,E2CONTROLGOV,N,sonnet
30879,I_2,E2CONTROLOTHER,N,sonnet
30879,I_2,E3COLLECTIVEBLAME,N,sonnet
40100,I_2,E1VIOLENCE,N,sonnet
40100,I_2,E1RADICAL,N,sonnet
40100,I_2,E2ALLEGATION,N,sonnet
40100,I_2,E2DEHUMANIZATION,N,sonnet
40100,I_2,E2DEMONIZE,N,sonnet
40100,I_2,E2STEREOTYPE,N,sonnet
40100,I_2,E2COLLECTIVEPOWER,N,sonnet
40100,I_2,E2CONSPIRACY,N,sonnet
40100,I_2,E2CONTROLMEDIA,N,sonnet
40100,I_2,E2CONTROLECONOMY,N,sonnet
40100,I_2,E2CONTROLGOV,N,sonnet
40100,I_2,E2CONTROLOTHER,N,sonnet
40100,I_2,E3COLLECTIVEBLAME,N,sonnet
42504,I_2,E1VIOLENCE,N,sonnet
42504,I_2,E1RADICAL,N,sonnet
42504,I_2,E2ALLEGATION,I,sonnet
42504,I_2,E2DEHUMANIZATION,N,sonnet
42504,I_2,E2DEMONIZE,I,sonnet
42504,I_2,E2STEREOTYPE,N,sonnet
42504,I_2,E2COLLECTIVEPOWER,I,sonnet
42504,I_2,E2CONSPIRACY,N,sonnet
42504,I_2,E2CONTROLMEDIA,I,sonnet
42504,I_2,E2CONTROLECONOMY,N,sonnet
42504,I_2,E2CONTROLGOV,N,sonnet
42504,I_2,E2CONTROLOTHER,N,sonnet
42504,I_2,E3COLLECTIVEBLAME,N,sonnet
31179,I_2,E1VIOLENCE,N,sonnet
31179,I_2,E1RADICAL,N,sonnet
31179,I_2,E2ALLEGATION,N,sonnet
31179,I_2,E2DEHUMANIZATION,N,sonnet
31179,I_2,E2DEMONIZE,N,sonnet
31179,I_2,E2STEREOTYPE,N,sonnet
31179,I_2,E2COLLECTIVEPOWER,N,sonnet
31179,I_2,E2CONSPIRACY,N,sonnet
31179,I_2,E2CONTROLMEDIA,N,sonnet
31179,I_2,E2CONTROLECONOMY,N,sonnet
31179,I_2,E2CONTROLGOV,N,sonnet
31179,I_2,E2CONTROLOTHER,N,sonnet
31179,I_2,E3COLLECTIVEBLAME,N,sonnet
20020,I_2,E1VIOLENCE,A,sonnet
20020,I_2,E1RADICAL,N,sonnet
20020,I_2,E2ALLEGATION,N,sonnet
20020,I_2,E2DEHUMANIZATION,A,sonnet
20020,I_2,E2DEMONIZE,A,sonnet
20020,I_2,E2STEREOTYPE,N,sonnet
20020,I_2,E2COLLECTIVEPOWER,N,sonnet
20020,I_2,E2CONSPIRACY,N,sonnet
20020,I_2,E2CONTROLMEDIA,N,sonnet
20020,I_2,E2CONTROLECONOMY,N,sonnet
20020,I_2,E2CONTROLGOV,N,sonnet
20020,I_2,E2CONTROLOTHER,N,sonnet
20020,I_2,E3COLLECTIVEBLAME,N,sonnet
30156,I_2,E1VIOLENCE,N,sonnet
30156,I_2,E1RADICAL,N,sonnet
30156,I_2,E2ALLEGATION,N,sonnet
30156,I_2,E2DEHUMANIZATION,N,sonnet
30156,I_2,E2DEMONIZE,N,sonnet
30156,I_2,E2STEREOTYPE,N,sonnet
30156,I_2,E2COLLECTIVEPOWER,N,sonnet
30156,I_2,E2CONSPIRACY,N,sonnet
30156,I_2,E2CONTROLMEDIA,N,sonnet
30156,I_2,E2CONTROLECONOMY,N,sonnet
30156,I_2,E2CONTROLGOV,N,sonnet
30156,I_2,E2CONTROLOTHER,N,sonnet
30156,I_2,E3COLLECTIVEBLAME,N,sonnet
27315,I_2,E1VIOLENCE,N,sonnet
27315,I_2,E1RADICAL,N,sonnet
27315,I_2,E2ALLEGATION,N,sonnet
27315,I_2,E2DEHUMANIZATION,N,sonnet
27315,I_2,E2DEMONIZE,N,sonnet
27315,I_2,E2STEREOTYPE,N,sonnet
27315,I_2,E2COLLECTIVEPOWER,N,sonnet
27315,I_2,E2CONSPIRACY,N,sonnet
27315,I_2,E2CONTROLMEDIA,N,sonnet
27315,I_2,E2CONTROLECONOMY,N,sonnet
27315,I_2,E2CONTROLGOV,N,sonnet
27315,I_2,E2CONTROLOTHER,N,sonnet
27315,I_2,E3COLLECTIVEBLAME,N,sonnet
16607,I_2,E1VIOLENCE,N,sonnet
16607,I_2,E1RADICAL,N,sonnet
16607,I_2,E2ALLEGATION,N,sonnet
16607,I_2,E2DEHUMANIZATION,N,sonnet
16607,I_2,E2DEMONIZE,N,sonnet
16607,I_2,E2STEREOTYPE,N,sonnet
16607,I_2,E2COLLECTIVEPOWER,N,sonnet
16607,I_2,E2CONSPIRACY,N,sonnet
16607,I_2,E2CONTROLMEDIA,N,sonnet
16607,I_2,E2CONTROLECONOMY,N,sonnet
16607,I_2,E2CONTROLGOV,N,sonnet
16607,I_2,E2CONTROLOTHER,N,sonnet
16607,I_2,E3COLLECTIVEBLAME,N,sonnet
3041,I_2,E1VIOLENCE,N,sonnet
3041,I_2,E1RADICAL,N,sonnet
3041,I_2,E2ALLEGATION,N,sonnet
3041,I_2,E2DEHUMANIZATION,N,sonnet
3041,I_2,E2DEMONIZE,N,sonnet
3041,I_2,E2STEREOTYPE,N,sonnet
3041,I_2,E2COLLECTIVEPOWER,N,sonnet
3041,I_2,E2CONSPIRACY,N,sonnet
3041,I_2,E2CONTROLMEDIA,N,sonnet
3041,I_2,E2CONTROLECONOMY,N,sonnet
3041,I_2,E2CONTROLGOV,N,sonnet
3041,I_2,E2CONTROLOTHER,N,sonnet
3041,I_2,E3COLLECTIVEBLAME,N,sonnet
9181,I_2,E1VIOLENCE,N,sonnet
9181,I_2,E1RADICAL,N,sonnet
9181,I_2,E2ALLEGATION,N,sonnet
9181,I_2,E2DEHUMANIZATION,N,sonnet
9181,I_2,E2DEMONIZE,N,sonnet
9181,I_2,E2STEREOTYPE,N,sonnet
9181,I_2,E2COLLECTIVEPOWER,N,sonnet
9181,I_2,E2CONSPIRACY,N,sonnet
9181,I_2,E2CONTROLMEDIA,N,sonnet
9181,I_2,E2CONTROLECONOMY,N,sonnet
9181,I_2,E2CONTROLGOV,N,sonnet
9181,I_2,E2CONTROLOTHER,N,sonnet
9181,I_2,E3COLLECTIVEBLAME,N,sonnet
41032,I_2,E1VIOLENCE,I,sonnet
41032,I_2,E1RADICAL,I,sonnet
41032,I_2,E2ALLEGATION,N,sonnet
41032,I_2,E2DEHUMANIZATION,E,sonnet
41032,I_2,E2DEMONIZE,E,sonnet
41032,I_2,E2STEREOTYPE,N,sonnet
41032,I_2,E2COLLECTIVEPOWER,N,sonnet
41032,I_2,E2CONSPIRACY,N,sonnet
41032,I_2,E2CONTROLMEDIA,N,sonnet
41032,I_2,E2CONTROLECONOMY,N,sonnet
41032,I_2,E2CONTROLGOV,N,sonnet
41032,I_2,E2CONTROLOTHER,N,sonnet
41032,I_2,E3COLLECTIVEBLAME,N,sonnet
36458,I_2,E1VIOLENCE,N,sonnet
36458,I_2,E1RADICAL,N,sonnet
36458,I_2,E2ALLEGATION,N,sonnet
36458,I_2,E2DEHUMANIZATION,N,sonnet
36458,I_2,E2DEMONIZE,N,sonnet
36458,I_2,E2STEREOTYPE,A,sonnet
36458,I_2,E2COLLECTIVEPOWER,N,sonnet
36458,I_2,E2CONSPIRACY,N,sonnet
36458,I_2,E2CONTROLMEDIA,N,sonnet
36458,I_2,E2CONTROLECONOMY,N,sonnet
36458,I_2,E2CONTROLGOV,N,sonnet
36458,I_2,E2CONTROLOTHER,N,sonnet
36458,I_2,E3COLLECTIVEBLAME,N,sonnet
15531,I_2,E1VIOLENCE,N,sonnet
15531,I_2,E1RADICAL,N,sonnet
15531,I_2,E2ALLEGATION,N,sonnet
15531,I_2,E2DEHUMANIZATION,N,sonnet
15531,I_2,E2DEMONIZE,N,sonnet
15531,I_2,E2STEREOTYPE,N,sonnet
15531,I_2,E2COLLECTIVEPOWER,N,sonnet
15531,I_2,E2CONSPIRACY,N,sonnet
15531,I_2,E2CONTROLMEDIA,N,sonnet
15531,I_2,E2CONTROLECONOMY,N,sonnet
15531,I_2,E2CONTROLGOV,N,sonnet
15531,I_2,E2CONTROLOTHER,N,sonnet
15531,I_2,E3COLLECTIVEBLAME,N,sonnet
1594,I_2,E1VIOLENCE,N,sonnet
1594,I_2,E1RADICAL,N,sonnet
1594,I_2,E2ALLEGATION,N,sonnet
1594,I_2,E2DEHUMANIZATION,N,sonnet
1594,I_2,E2DEMONIZE,N,sonnet
1594,I_2,E2STEREOTYPE,N,sonnet
1594,I_2,E2COLLECTIVEPOWER,N,sonnet
1594,I_2,E2CONSPIRACY,N,sonnet
1594,I_2,E2CONTROLMEDIA,N,sonnet
1594,I_2,E2CONTROLECONOMY,N,sonnet
1594,I_2,E2CONTROLGOV,N,sonnet
1594,I_2,E2CONTROLOTHER,N,sonnet
1594,I_2,E3COLLECTIVEBLAME,N,sonnet
25845,I_2,E1VIOLENCE,N,sonnet
25845,I_2,E1RADICAL,N,sonnet
25845,I_2,E2ALLEGATION,N,sonnet
25845,I_2,E2DEHUMANIZATION,N,sonnet
25845,I_2,E2DEMONIZE,N,sonnet
25845,I_2,E2STEREOTYPE,N,sonnet
25845,I_2,E2COLLECTIVEPOWER,N,sonnet
25845,I_2,E2CONSPIRACY,N,sonnet
25845,I_2,E2CONTROLMEDIA,N,sonnet
25845,I_2,E2CONTROLECONOMY,N,sonnet
25845,I_2,E2CONTROLGOV,N,sonnet
25845,I_2,E2CONTROLOTHER,N,sonnet
25845,I_2,E3COLLECTIVEBLAME,N,sonnet
24040,I_2,E1VIOLENCE,N,sonnet
24040,I_2,E1RADICAL,N,sonnet
24040,I_2,E2ALLEGATION,N,sonnet
24040,I_2,E2DEHUMANIZATION,N,sonnet
24040,I_2,E2DEMONIZE,N,sonnet
24040,I_2,E2STEREOTYPE,N,sonnet
24040,I_2,E2COLLECTIVEPOWER,N,sonnet
24040,I_2,E2CONSPIRACY,N,sonnet
24040,I_2,E2CONTROLMEDIA,N,sonnet
24040,I_2,E2CONTROLECONOMY,N,sonnet
24040,I_2,E2CONTROLGOV,N,sonnet
24040,I_2,E2CONTROLOTHER,N,sonnet
24040,I_2,E3COLLECTIVEBLAME,N,sonnet
6635,I_2,E1VIOLENCE,N,sonnet
6635,I_2,E1RADICAL,N,sonnet
6635,I_2,E2ALLEGATION,N,sonnet
6635,I_2,E2DEHUMANIZATION,N,sonnet
6635,I_2,E2DEMONIZE,N,sonnet
6635,I_2,E2STEREOTYPE,N,sonnet
6635,I_2,E2COLLECTIVEPOWER,N,sonnet
6635,I_2,E2CONSPIRACY,N,sonnet
6635,I_2,E2CONTROLMEDIA,N,sonnet
6635,I_2,E2CONTROLECONOMY,N,sonnet
6635,I_2,E2CONTROLGOV,N,sonnet
6635,I_2,E2CONTROLOTHER,N,sonnet
6635,I_2,E3COLLECTIVEBLAME,N,sonnet
38407,I_2,E1VIOLENCE,N,sonnet
38407,I_2,E1RADICAL,N,sonnet
38407,I_2,E2ALLEGATION,N,sonnet
38407,I_2,E2DEHUMANIZATION,N,sonnet
38407,I_2,E2DEMONIZE,N,sonnet
38407,I_2,E2STEREOTYPE,N,sonnet
38407,I_2,E2COLLECTIVEPOWER,N,sonnet
38407,I_2,E2CONSPIRACY,N,sonnet
38407,I_2,E2CONTROLMEDIA,N,sonnet
38407,I_2,E2CONTROLECONOMY,N,sonnet
38407,I_2,E2CONTROLGOV,N,sonnet
38407,I_2,E2CONTROLOTHER,N,sonnet
38407,I_2,E3COLLECTIVEBLAME,N,sonnet
3204,I_2,E1VIOLENCE,N,sonnet
3204,I_2,E1RADICAL,N,sonnet
3204,I_2,E2ALLEGATION,N,sonnet
3204,I_2,E2DEHUMANIZATION,N,sonnet
3204,I_2,E2DEMONIZE,N,sonnet
3204,I_2,E2STEREOTYPE,N,sonnet
3204,I_2,E2COLLECTIVEPOWER,N,sonnet
3204,I_2,E2CONSPIRACY,N,sonnet
3204,I_2,E2CONTROLMEDIA,N,sonnet
3204,I_2,E2CONTROLECONOMY,N,sonnet
3204,I_2,E2CONTROLGOV,N,sonnet
3204,I_2,E2CONTROLOTHER,N,sonnet
3204,I_2,E3COLLECTIVEBLAME,N,sonnet
29054,I_2,E1VIOLENCE,E,sonnet
29054,I_2,E1RADICAL,A,sonnet
29054,I_2,E2ALLEGATION,N,sonnet
29054,I_2,E2DEHUMANIZATION,E,sonnet
29054,I_2,E2DEMONIZE,N,sonnet
29054,I_2,E2STEREOTYPE,N,sonnet
29054,I_2,E2COLLECTIVEPOWER,N,sonnet
29054,I_2,E2CONSPIRACY,N,sonnet
29054,I_2,E2CONTROLMEDIA,N,sonnet
29054,I_2,E2CONTROLECONOMY,N,sonnet
29054,I_2,E2CONTROLGOV,N,sonnet
29054,I_2,E2CONTROLOTHER,N,sonnet
29054,I_2,E3COLLECTIVEBLAME,N,sonnet
31447,I_2,E1VIOLENCE,N,sonnet
31447,I_2,E1RADICAL,N,sonnet
31447,I_2,E2ALLEGATION,N,sonnet
31447,I_2,E2DEHUMANIZATION,N,sonnet
31447,I_2,E2DEMONIZE,N,sonnet
31447,I_2,E2STEREOTYPE,N,sonnet
31447,I_2,E2COLLECTIVEPOWER,N,sonnet
31447,I_2,E2CONSPIRACY,N,sonnet
31447,I_2,E2CONTROLMEDIA,N,sonnet
31447,I_2,E2CONTROLECONOMY,N,sonnet
31447,I_2,E2CONTROLGOV,N,sonnet
31447,I_2,E2CONTROLOTHER,N,sonnet
31447,I_2,E3COLLECTIVEBLAME,N,sonnet
11064,I_2,E1VIOLENCE,I,sonnet
11064,I_2,E1RADICAL,N,sonnet
11064,I_2,E2ALLEGATION,N,sonnet
11064,I_2,E2DEHUMANIZATION,I,sonnet
11064,I_2,E2DEMONIZE,N,sonnet
11064,I_2,E2STEREOTYPE,N,sonnet
11064,I_2,E2COLLECTIVEPOWER,N,sonnet
11064,I_2,E2CONSPIRACY,N,sonnet
11064,I_2,E2CONTROLMEDIA,N,sonnet
11064,I_2,E2CONTROLECONOMY,N,sonnet
11064,I_2,E2CONTROLGOV,N,sonnet
11064,I_2,E2CONTROLOTHER,N,sonnet
11064,I_2,E3COLLECTIVEBLAME,N,sonnet
6378,I_2,E1VIOLENCE,N,sonnet
6378,I_2,E1RADICAL,N,sonnet
6378,I_2,E2ALLEGATION,N,sonnet
6378,I_2,E2DEHUMANIZATION,N,sonnet
6378,I_2,E2DEMONIZE,N,sonnet
6378,I_2,E2STEREOTYPE,N,sonnet
6378,I_2,E2COLLECTIVEPOWER,N,sonnet
6378,I_2,E2CONSPIRACY,N,sonnet
6378,I_2,E2CONTROLMEDIA,N,sonnet
6378,I_2,E2CONTROLECONOMY,N,sonnet
6378,I_2,E2CONTROLGOV,N,sonnet
6378,I_2,E2CONTROLOTHER,N,sonnet
6378,I_2,E3COLLECTIVEBLAME,N,sonnet
43550,I_2,E1VIOLENCE,N,sonnet
43550,I_2,E1RADICAL,N,sonnet
43550,I_2,E2ALLEGATION,N,sonnet
43550,I_2,E2DEHUMANIZATION,N,sonnet
43550,I_2,E2DEMONIZE,N,sonnet
43550,I_2,E2STEREOTYPE,N,sonnet
43550,I_2,E2COLLECTIVEPOWER,N,sonnet
43550,I_2,E2CONSPIRACY,N,sonnet
43550,I_2,E2CONTROLMEDIA,N,sonnet
43550,I_2,E2CONTROLECONOMY,N,sonnet
43550,I_2,E2CONTROLGOV,N,sonnet
43550,I_2,E2CONTROLOTHER,N,sonnet
43550,I_2,E3COLLECTIVEBLAME,N,sonnet
3425,I_2,E1VIOLENCE,N,sonnet
3425,I_2,E1RADICAL,N,sonnet
3425,I_2,E2ALLEGATION,N,sonnet
3425,I_2,E2DEHUMANIZATION,N,sonnet
3425,I_2,E2DEMONIZE,N,sonnet
3425,I_2,E2STEREOTYPE,N,sonnet
3425,I_2,E2COLLECTIVEPOWER,N,sonnet
3425,I_2,E2CONSPIRACY,A,sonnet
3425,I_2,E2CONTROLMEDIA,N,sonnet
3425,I_2,E2CONTROLECONOMY,N,sonnet
3425,I_2,E2CONTROLGOV,N,sonnet
3425,I_2,E2CONTROLOTHER,N,sonnet
3425,I_2,E3COLLECTIVEBLAME,N,sonnet
40663,I_2,E1VIOLENCE,N,sonnet
40663,I_2,E1RADICAL,N,sonnet
40663,I_2,E2ALLEGATION,N,sonnet
40663,I_2,E2DEHUMANIZATION,N,sonnet
40663,I_2,E2DEMONIZE,N,sonnet
40663,I_2,E2STEREOTYPE,N,sonnet
40663,I_2,E2COLLECTIVEPOWER,N,sonnet
40663,I_2,E2CONSPIRACY,N,sonnet
40663,I_2,E2CONTROLMEDIA,N,sonnet
40663,I_2,E2CONTROLECONOMY,N,sonnet
40663,I_2,E2CONTROLGOV,N,sonnet
40663,I_2,E2CONTROLOTHER,N,sonnet
40663,I_2,E3COLLECTIVEBLAME,N,sonnet
1561,I_2,E1VIOLENCE,N,sonnet
1561,I_2,E1RADICAL,N,sonnet
1561,I_2,E2ALLEGATION,N,sonnet
1561,I_2,E2DEHUMANIZATION,N,sonnet
1561,I_2,E2DEMONIZE,N,sonnet
1561,I_2,E2STEREOTYPE,N,sonnet
1561,I_2,E2COLLECTIVEPOWER,N,sonnet
1561,I_2,E2CONSPIRACY,N,sonnet
1561,I_2,E2CONTROLMEDIA,N,sonnet
1561,I_2,E2CONTROLECONOMY,N,sonnet
1561,I_2,E2CONTROLGOV,N,sonnet
1561,I_2,E2CONTROLOTHER,N,sonnet
1561,I_2,E3COLLECTIVEBLAME,N,sonnet
19723,I_2,E1VIOLENCE,N,sonnet
19723,I_2,E1RADICAL,N,sonnet
19723,I_2,E2ALLEGATION,N,sonnet
19723,I_2,E2DEHUMANIZATION,N,sonnet
19723,I_2,E2DEMONIZE,N,sonnet
19723,I_2,E2STEREOTYPE,N,sonnet
19723,I_2,E2COLLECTIVEPOWER,N,sonnet
19723,I_2,E2CONSPIRACY,N,sonnet
19723,I_2,E2CONTROLMEDIA,N,sonnet
19723,I_2,E2CONTROLECONOMY,N,sonnet
19723,I_2,E2CONTROLGOV,N,sonnet
19723,I_2,E2CONTROLOTHER,N,sonnet
19723,I_2,E3COLLECTIVEBLAME,N,sonnet
15447,I_2,E1VIOLENCE,N,sonnet
15447,I_2,E1RADICAL,N,sonnet
15447,I_2,E2ALLEGATION,N,sonnet
15447,I_2,E2DEHUMANIZATION,N,sonnet
15447,I_2,E2DEMONIZE,N,sonnet
15447,I_2,E2STEREOTYPE,N,sonnet
15447,I_2,E2COLLECTIVEPOWER,N,sonnet
15447,I_2,E2CONSPIRACY,N,sonnet
15447,I_2,E2CONTROLMEDIA,N,sonnet
15447,I_2,E2CONTROLECONOMY,N,sonnet
15447,I_2,E2CONTROLGOV,N,sonnet
15447,I_2,E2CONTROLOTHER,N,sonnet
15447,I_2,E3COLLECTIVEBLAME,N,sonnet
14626,I_2,E1VIOLENCE,E,sonnet
14626,I_2,E1RADICAL,E,sonnet
14626,I_2,E2ALLEGATION,N,sonnet
14626,I_2,E2DEHUMANIZATION,I,sonnet
14626,I_2,E2DEMONIZE,N,sonnet
14626,I_2,E2STEREOTYPE,N,sonnet
14626,I_2,E2COLLECTIVEPOWER,N,sonnet
14626,I_2,E2CONSPIRACY,N,sonnet
14626,I_2,E2CONTROLMEDIA,N,sonnet
14626,I_2,E2CONTROLECONOMY,N,sonnet
14626,I_2,E2CONTROLGOV,N,sonnet
14626,I_2,E2CONTROLOTHER,N,sonnet
14626,I_2,E3COLLECTIVEBLAME,N,sonnet
47017,I_2,E1VIOLENCE,E,sonnet
47017,I_2,E1RADICAL,N,sonnet
47017,I_2,E2ALLEGATION,N,sonnet
47017,I_2,E2DEHUMANIZATION,I,sonnet
47017,I_2,E2DEMONIZE,N,sonnet
47017,I_2,E2STEREOTYPE,N,sonnet
47017,I_2,E2COLLECTIVEPOWER,N,sonnet
47017,I_2,E2CONSPIRACY,N,sonnet
47017,I_2,E2CONTROLMEDIA,N,sonnet
47017,I_2,E2CONTROLECONOMY,N,sonnet
47017,I_2,E2CONTROLGOV,N,sonnet
47017,I_2,E2CONTROLOTHER,N,sonnet
47017,I_2,E3COLLECTIVEBLAME,N,sonnet
26649,I_2,E1VIOLENCE,N,sonnet
26649,I_2,E1RADICAL,N,sonnet
26649,I_2,E2ALLEGATION,N,sonnet
26649,I_2,E2DEHUMANIZATION,N,sonnet
26649,I_2,E2DEMONIZE,N,sonnet
26649,I_2,E2STEREOTYPE,N,sonnet
26649,I_2,E2COLLECTIVEPOWER,N,sonnet
26649,I_2,E2CONSPIRACY,N,sonnet
26649,I_2,E2CONTROLMEDIA,N,sonnet
26649,I_2,E2CONTROLECONOMY,N,sonnet
26649,I_2,E2CONTROLGOV,N,sonnet
26649,I_2,E2CONTROLOTHER,N,sonnet
26649,I_2,E3COLLECTIVEBLAME,N,sonnet
23306,I_2,E1VIOLENCE,N,sonnet
23306,I_2,E1RADICAL,N,sonnet
23306,I_2,E2ALLEGATION,E,sonnet
23306,I_2,E2DEHUMANIZATION,N,sonnet
23306,I_2,E2DEMONIZE,I,sonnet
23306,I_2,E2STEREOTYPE,N,sonnet
23306,I_2,E2COLLECTIVEPOWER,E,sonnet
23306,I_2,E2CONSPIRACY,E,sonnet
23306,I_2,E2CONTROLMEDIA,N,sonnet
23306,I_2,E2CONTROLECONOMY,N,sonnet
23306,I_2,E2CONTROLGOV,E,sonnet
23306,I_2,E2CONTROLOTHER,I,sonnet
23306,I_2,E3COLLECTIVEBLAME,N,sonnet
49731,I_2,E1VIOLENCE,N,sonnet
49731,I_2,E1RADICAL,N,sonnet
49731,I_2,E2ALLEGATION,A,sonnet
49731,I_2,E2DEHUMANIZATION,N,sonnet
49731,I_2,E2DEMONIZE,A,sonnet
49731,I_2,E2STEREOTYPE,N,sonnet
49731,I_2,E2COLLECTIVEPOWER,N,sonnet
49731,I_2,E2CONSPIRACY,A,sonnet
49731,I_2,E2CONTROLMEDIA,N,sonnet
49731,I_2,E2CONTROLECONOMY,N,sonnet
49731,I_2,E2CONTROLGOV,N,sonnet
49731,I_2,E2CONTROLOTHER,N,sonnet
49731,I_2,E3COLLECTIVEBLAME,N,sonnet
14635,I_2,E1VIOLENCE,N,sonnet
14635,I_2,E1RADICAL,N,sonnet
14635,I_2,E2ALLEGATION,N,sonnet
14635,I_2,E2DEHUMANIZATION,N,sonnet
14635,I_2,E2DEMONIZE,N,sonnet
14635,I_2,E2STEREOTYPE,N,sonnet
14635,I_2,E2COLLECTIVEPOWER,N,sonnet
14635,I_2,E2CONSPIRACY,N,sonnet
14635,I_2,E2CONTROLMEDIA,N,sonnet
14635,I_2,E2CONTROLECONOMY,N,sonnet
14635,I_2,E2CONTROLGOV,N,sonnet
14635,I_2,E2CONTROLOTHER,N,sonnet
14635,I_2,E3COLLECTIVEBLAME,N,sonnet
31049,I_2,E1VIOLENCE,N,sonnet
31049,I_2,E1RADICAL,N,sonnet
31049,I_2,E2ALLEGATION,I,sonnet
31049,I_2,E2DEHUMANIZATION,N,sonnet
31049,I_2,E2DEMONIZE,I,sonnet
31049,I_2,E2STEREOTYPE,I,sonnet
31049,I_2,E2COLLECTIVEPOWER,I,sonnet
31049,I_2,E2CONSPIRACY,I,sonnet
31049,I_2,E2CONTROLMEDIA,N,sonnet
31049,I_2,E2CONTROLECONOMY,N,sonnet
31049,I_2,E2CONTROLGOV,I,sonnet
31049,I_2,E2CONTROLOTHER,N,sonnet
31049,I_2,E3COLLECTIVEBLAME,I,sonnet
17218,I_2,E1VIOLENCE,N,sonnet
17218,I_2,E1RADICAL,N,sonnet
17218,I_2,E2ALLEGATION,A,sonnet
17218,I_2,E2DEHUMANIZATION,A,sonnet
17218,I_2,E2DEMONIZE,A,sonnet
17218,I_2,E2STEREOTYPE,A,sonnet
17218,I_2,E2COLLECTIVEPOWER,N,sonnet
17218,I_2,E2CONSPIRACY,N,sonnet
17218,I_2,E2CONTROLMEDIA,N,sonnet
17218,I_2,E2CONTROLECONOMY,N,sonnet
17218,I_2,E2CONTROLGOV,N,sonnet
17218,I_2,E2CONTROLOTHER,N,sonnet
17218,I_2,E3COLLECTIVEBLAME,N,sonnet
109,I_2,E1VIOLENCE,N,sonnet
109,I_2,E1RADICAL,N,sonnet
109,I_2,E2ALLEGATION,N,sonnet
109,I_2,E2DEHUMANIZATION,N,sonnet
109,I_2,E2DEMONIZE,N,sonnet
109,I_2,E2STEREOTYPE,N,sonnet
109,I_2,E2COLLECTIVEPOWER,N,sonnet
109,I_2,E2CONSPIRACY,N,sonnet
109,I_2,E2CONTROLMEDIA,N,sonnet
109,I_2,E2CONTROLECONOMY,N,sonnet
109,I_2,E2CONTROLGOV,N,sonnet
109,I_2,E2CONTROLOTHER,N,sonnet
109,I_2,E3COLLECTIVEBLAME,N,sonnet
42123,I_2,E1VIOLENCE,N,sonnet
42123,I_2,E1RADICAL,N,sonnet
42123,I_2,E2ALLEGATION,I,sonnet
42123,I_2,E2DEHUMANIZATION,N,sonnet
42123,I_2,E2DEMONIZE,I,sonnet
42123,I_2,E2STEREOTYPE,I,sonnet
42123,I_2,E2COLLECTIVEPOWER,N,sonnet
42123,I_2,E2CONSPIRACY,N,sonnet
42123,I_2,E2CONTROLMEDIA,N,sonnet
42123,I_2,E2CONTROLECONOMY,N,sonnet
42123,I_2,E2CONTROLGOV,N,sonnet
42123,I_2,E2CONTROLOTHER,I,sonnet
42123,I_2,E3COLLECTIVEBLAME,N,sonnet
20800,I_2,E1VIOLENCE,N,sonnet
20800,I_2,E1RADICAL,N,sonnet
20800,I_2,E2ALLEGATION,N,sonnet
20800,I_2,E2DEHUMANIZATION,N,sonnet
20800,I_2,E2DEMONIZE,N,sonnet
20800,I_2,E2STEREOTYPE,N,sonnet
20800,I_2,E2COLLECTIVEPOWER,N,sonnet
20800,I_2,E2CONSPIRACY,N,sonnet
20800,I_2,E2CONTROLMEDIA,N,sonnet
20800,I_2,E2CONTROLECONOMY,N,sonnet
20800,I_2,E2CONTROLGOV,N,sonnet
20800,I_2,E2CONTROLOTHER,N,sonnet
20800,I_2,E3COLLECTIVEBLAME,N,sonnet
20426,I_2,E1VIOLENCE,N,sonnet
20426,I_2,E1RADICAL,N,sonnet
20426,I_2,E2ALLEGATION,N,sonnet
20426,I_2,E2DEHUMANIZATION,N,sonnet
20426,I_2,E2DEMONIZE,N,sonnet
20426,I_2,E2STEREOTYPE,N,sonnet
20426,I_2,E2COLLECTIVEPOWER,N,sonnet
20426,I_2,E2CONSPIRACY,N,sonnet
20426,I_2,E2CONTROLMEDIA,N,sonnet
20426,I_2,E2CONTROLECONOMY,N,sonnet
20426,I_2,E2CONTROLGOV,N,sonnet
20426,I_2,E2CONTROLOTHER,N,sonnet
20426,I_2,E3COLLECTIVEBLAME,N,sonnet
47305,I_2,E1VIOLENCE,A,sonnet
47305,I_2,E1RADICAL,A,sonnet
47305,I_2,E2ALLEGATION,N,sonnet
47305,I_2,E2DEHUMANIZATION,N,sonnet
47305,I_2,E2DEMONIZE,N,sonnet
47305,I_2,E2STEREOTYPE,N,sonnet
47305,I_2,E2COLLECTIVEPOWER,N,sonnet
47305,I_2,E2CONSPIRACY,N,sonnet
47305,I_2,E2CONTROLMEDIA,N,sonnet
47305,I_2,E2CONTROLECONOMY,N,sonnet
47305,I_2,E2CONTROLGOV,N,sonnet
47305,I_2,E2CONTROLOTHER,N,sonnet
47305,I_2,E3COLLECTIVEBLAME,N,sonnet
29897,I_2,E1VIOLENCE,N,sonnet
29897,I_2,E1RADICAL,N,sonnet
29897,I_2,E2ALLEGATION,N,sonnet
29897,I_2,E2DEHUMANIZATION,N,sonnet
29897,I_2,E2DEMONIZE,N,sonnet
29897,I_2,E2STEREOTYPE,N,sonnet
29897,I_2,E2COLLECTIVEPOWER,N,sonnet
29897,I_2,E2CONSPIRACY,N,sonnet
29897,I_2,E2CONTROLMEDIA,N,sonnet
29897,I_2,E2CONTROLECONOMY,N,sonnet
29897,I_2,E2CONTROLGOV,N,sonnet
29897,I_2,E2CONTROLOTHER,N,sonnet
29897,I_2,E3COLLECTIVEBLAME,N,sonnet
45458,I_2,E1VIOLENCE,N,sonnet
45458,I_2,E1RADICAL,N,sonnet
45458,I_2,E2ALLEGATION,N,sonnet
45458,I_2,E2DEHUMANIZATION,N,sonnet
45458,I_2,E2DEMONIZE,N,sonnet
45458,I_2,E2STEREOTYPE,N,sonnet
45458,I_2,E2COLLECTIVEPOWER,N,sonnet
45458,I_2,E2CONSPIRACY,N,sonnet
45458,I_2,E2CONTROLMEDIA,N,sonnet
45458,I_2,E2CONTROLECONOMY,N,sonnet
45458,I_2,E2CONTROLGOV,N,sonnet
45458,I_2,E2CONTROLOTHER,N,sonnet
45458,I_2,E3COLLECTIVEBLAME,N,sonnet
31574,I_2,E1VIOLENCE,N,sonnet
31574,I_2,E1RADICAL,N,sonnet
31574,I_2,E2ALLEGATION,N,sonnet
31574,I_2,E2DEHUMANIZATION,N,sonnet
31574,I_2,E2DEMONIZE,N,sonnet
31574,I_2,E2STEREOTYPE,N,sonnet
31574,I_2,E2COLLECTIVEPOWER,N,sonnet
31574,I_2,E2CONSPIRACY,N,sonnet
31574,I_2,E2CONTROLMEDIA,N,sonnet
31574,I_2,E2CONTROLECONOMY,N,sonnet
31574,I_2,E2CONTROLGOV,N,sonnet
31574,I_2,E2CONTROLOTHER,N,sonnet
31574,I_2,E3COLLECTIVEBLAME,N,sonnet
28722,I_2,E1VIOLENCE,N,sonnet
28722,I_2,E1RADICAL,N,sonnet
28722,I_2,E2ALLEGATION,N,sonnet
28722,I_2,E2DEHUMANIZATION,N,sonnet
28722,I_2,E2DEMONIZE,N,sonnet
28722,I_2,E2STEREOTYPE,N,sonnet
28722,I_2,E2COLLECTIVEPOWER,N,sonnet
28722,I_2,E2CONSPIRACY,N,sonnet
28722,I_2,E2CONTROLMEDIA,N,sonnet
28722,I_2,E2CONTROLECONOMY,N,sonnet
28722,I_2,E2CONTROLGOV,N,sonnet
28722,I_2,E2CONTROLOTHER,N,sonnet
28722,I_2,E3COLLECTIVEBLAME,N,sonnet
6751,I_2,E1VIOLENCE,N,sonnet
6751,I_2,E1RADICAL,N,sonnet
6751,I_2,E2ALLEGATION,N,sonnet
6751,I_2,E2DEHUMANIZATION,N,sonnet
6751,I_2,E2DEMONIZE,N,sonnet
6751,I_2,E2STEREOTYPE,A,sonnet
6751,I_2,E2COLLECTIVEPOWER,N,sonnet
6751,I_2,E2CONSPIRACY,N,sonnet
6751,I_2,E2CONTROLMEDIA,N,sonnet
6751,I_2,E2CONTROLECONOMY,N,sonnet
6751,I_2,E2CONTROLGOV,N,sonnet
6751,I_2,E2CONTROLOTHER,N,sonnet
6751,I_2,E3COLLECTIVEBLAME,N,sonnet
47636,I_2,E1VIOLENCE,N,sonnet
47636,I_2,E1RADICAL,N,sonnet
47636,I_2,E2ALLEGATION,E,sonnet
47636,I_2,E2DEHUMANIZATION,E,sonnet
47636,I_2,E2DEMONIZE,E,sonnet
47636,I_2,E2STEREOTYPE,E,sonnet
47636,I_2,E2COLLECTIVEPOWER,N,sonnet
47636,I_2,E2CONSPIRACY,I,sonnet
47636,I_2,E2CONTROLMEDIA,N,sonnet
47636,I_2,E2CONTROLECONOMY,N,sonnet
47636,I_2,E2CONTROLGOV,N,sonnet
47636,I_2,E2CONTROLOTHER,N,sonnet
47636,I_2,E3COLLECTIVEBLAME,E,sonnet
39175,I_2,E1VIOLENCE,N,sonnet
39175,I_2,E1RADICAL,N,sonnet
39175,I_2,E2ALLEGATION,I,sonnet
39175,I_2,E2DEHUMANIZATION,N,sonnet
39175,I_2,E2DEMONIZE,I,sonnet
39175,I_2,E2STEREOTYPE,N,sonnet
39175,I_2,E2COLLECTIVEPOWER,I,sonnet
39175,I_2,E2CONSPIRACY,I,sonnet
39175,I_2,E2CONTROLMEDIA,N,sonnet
39175,I_2,E2CONTROLECONOMY,N,sonnet
39175,I_2,E2CONTROLGOV,I,sonnet
39175,I_2,E2CONTROLOTHER,N,sonnet
39175,I_2,E3COLLECTIVEBLAME,N,sonnet
28410,I_2,E1VIOLENCE,N,sonnet
28410,I_2,E1RADICAL,N,sonnet
28410,I_2,E2ALLEGATION,N,sonnet
28410,I_2,E2DEHUMANIZATION,N,sonnet
28410,I_2,E2DEMONIZE,N,sonnet
28410,I_2,E2STEREOTYPE,N,sonnet
28410,I_2,E2COLLECTIVEPOWER,N,sonnet
28410,I_2,E2CONSPIRACY,N,sonnet
28410,I_2,E2CONTROLMEDIA,N,sonnet
28410,I_2,E2CONTROLECONOMY,N,sonnet
28410,I_2,E2CONTROLGOV,N,sonnet
28410,I_2,E2CONTROLOTHER,N,sonnet
28410,I_2,E3COLLECTIVEBLAME,N,sonnet
7806,I_2,E1VIOLENCE,A,sonnet
7806,I_2,E1RADICAL,N,sonnet
7806,I_2,E2ALLEGATION,N,sonnet
7806,I_2,E2DEHUMANIZATION,N,sonnet
7806,I_2,E2DEMONIZE,N,sonnet
7806,I_2,E2STEREOTYPE,N,sonnet
7806,I_2,E2COLLECTIVEPOWER,N,sonnet
7806,I_2,E2CONSPIRACY,N,sonnet
7806,I_2,E2CONTROLMEDIA,N,sonnet
7806,I_2,E2CONTROLECONOMY,N,sonnet
7806,I_2,E2CONTROLGOV,N,sonnet
7806,I_2,E2CONTROLOTHER,N,sonnet
7806,I_2,E3COLLECTIVEBLAME,N,sonnet
15810,I_2,E1VIOLENCE,N,sonnet
15810,I_2,E1RADICAL,N,sonnet
15810,I_2,E2ALLEGATION,N,sonnet
15810,I_2,E2DEHUMANIZATION,N,sonnet
15810,I_2,E2DEMONIZE,N,sonnet
15810,I_2,E2STEREOTYPE,N,sonnet
15810,I_2,E2COLLECTIVEPOWER,N,sonnet
15810,I_2,E2CONSPIRACY,N,sonnet
15810,I_2,E2CONTROLMEDIA,N,sonnet
15810,I_2,E2CONTROLECONOMY,N,sonnet
15810,I_2,E2CONTROLGOV,N,sonnet
15810,I_2,E2CONTROLOTHER,N,sonnet
15810,I_2,E3COLLECTIVEBLAME,N,sonnet
41909,I_2,E1VIOLENCE,N,sonnet
41909,I_2,E1RADICAL,N,sonnet
41909,I_2,E2ALLEGATION,N,sonnet
41909,I_2,E2DEHUMANIZATION,N,sonnet
41909,I_2,E2DEMONIZE,N,sonnet
41909,I_2,E2STEREOTYPE,N,sonnet
41909,I_2,E2COLLECTIVEPOWER,N,sonnet
41909,I_2,E2CONSPIRACY,N,sonnet
41909,I_2,E2CONTROLMEDIA,N,sonnet
41909,I_2,E2CONTROLECONOMY,N,sonnet
41909,I_2,E2CONTROLGOV,N,sonnet
41909,I_2,E2CONTROLOTHER,N,sonnet
41909,I_2,E3COLLECTIVEBLAME,N,sonnet
49245,I_2,E1VIOLENCE,E,sonnet
49245,I_2,E1RADICAL,N,sonnet
49245,I_2,E2ALLEGATION,E,sonnet
49245,I_2,E2DEHUMANIZATION,E,sonnet
49245,I_2,E2DEMONIZE,E,sonnet
49245,I_2,E2STEREOTYPE,E,sonnet
49245,I_2,E2COLLECTIVEPOWER,E,sonnet
49245,I_2,E2CONSPIRACY,I,sonnet
49245,I_2,E2CONTROLMEDIA,N,sonnet
49245,I_2,E2CONTROLECONOMY,N,sonnet
49245,I_2,E2CONTROLGOV,N,sonnet
49245,I_2,E2CONTROLOTHER,E,sonnet
49245,I_2,E3COLLECTIVEBLAME,E,sonnet
40905,I_2,E1VIOLENCE,N,sonnet
40905,I_2,E1RADICAL,N,sonnet
40905,I_2,E2ALLEGATION,N,sonnet
40905,I_2,E2DEHUMANIZATION,N,sonnet
40905,I_2,E2DEMONIZE,N,sonnet
40905,I_2,E2STEREOTYPE,N,sonnet
40905,I_2,E2COLLECTIVEPOWER,N,sonnet
40905,I_2,E2CONSPIRACY,N,sonnet
40905,I_2,E2CONTROLMEDIA,N,sonnet
40905,I_2,E2CONTROLECONOMY,N,sonnet
40905,I_2,E2CONTROLGOV,N,sonnet
40905,I_2,E2CONTROLOTHER,N,sonnet
40905,I_2,E3COLLECTIVEBLAME,N,sonnet
17484,I_2,E1VIOLENCE,I,sonnet
17484,I_2,E1RADICAL,N,sonnet
17484,I_2,E2ALLEGATION,I,sonnet
17484,I_2,E2DEHUMANIZATION,I,sonnet
17484,I_2,E2DEMONIZE,I,sonnet
17484,I_2,E2STEREOTYPE,I,sonnet
17484,I_2,E2COLLECTIVEPOWER,I,sonnet
17484,I_2,E2CONSPIRACY,I,sonnet
17484,I_2,E2CONTROLMEDIA,N,sonnet
17484,I_2,E2CONTROLECONOMY,N,sonnet
17484,I_2,E2CONTROLGOV,I,sonnet
17484,I_2,E2CONTROLOTHER,I,sonnet
17484,I_2,E3COLLECTIVEBLAME,N,sonnet
22387,I_2,E1VIOLENCE,N,sonnet
22387,I_2,E1RADICAL,N,sonnet
22387,I_2,E2ALLEGATION,I,sonnet
22387,I_2,E2DEHUMANIZATION,I,sonnet
22387,I_2,E2DEMONIZE,I,sonnet
22387,I_2,E2STEREOTYPE,I,sonnet
22387,I_2,E2COLLECTIVEPOWER,I,sonnet
22387,I_2,E2CONSPIRACY,I,sonnet
22387,I_2,E2CONTROLMEDIA,N,sonnet
22387,I_2,E2CONTROLECONOMY,N,sonnet
22387,I_2,E2CONTROLGOV,N,sonnet
22387,I_2,E2CONTROLOTHER,I,sonnet
22387,I_2,E3COLLECTIVEBLAME,I,sonnet
43709,I_2,E1VIOLENCE,N,sonnet
43709,I_2,E1RADICAL,N,sonnet
43709,I_2,E2ALLEGATION,N,sonnet
43709,I_2,E2DEHUMANIZATION,N,sonnet
43709,I_2,E2DEMONIZE,N,sonnet
43709,I_2,E2STEREOTYPE,N,sonnet
43709,I_2,E2COLLECTIVEPOWER,N,sonnet
43709,I_2,E2CONSPIRACY,N,sonnet
43709,I_2,E2CONTROLMEDIA,N,sonnet
43709,I_2,E2CONTROLECONOMY,N,sonnet
43709,I_2,E2CONTROLGOV,N,sonnet
43709,I_2,E2CONTROLOTHER,N,sonnet
43709,I_2,E3COLLECTIVEBLAME,N,sonnet
45566,I_2,E1VIOLENCE,N,sonnet
45566,I_2,E1RADICAL,N,sonnet
45566,I_2,E2ALLEGATION,N,sonnet
45566,I_2,E2DEHUMANIZATION,N,sonnet
45566,I_2,E2DEMONIZE,N,sonnet
45566,I_2,E2STEREOTYPE,N,sonnet
45566,I_2,E2COLLECTIVEPOWER,N,sonnet
45566,I_2,E2CONSPIRACY,N,sonnet
45566,I_2,E2CONTROLMEDIA,N,sonnet
45566,I_2,E2CONTROLECONOMY,N,sonnet
45566,I_2,E2CONTROLGOV,N,sonnet
45566,I_2,E2CONTROLOTHER,N,sonnet
45566,I_2,E3COLLECTIVEBLAME,N,sonnet
3368,I_2,E1VIOLENCE,N,sonnet
3368,I_2,E1RADICAL,N,sonnet
3368,I_2,E2ALLEGATION,N,sonnet
3368,I_2,E2DEHUMANIZATION,N,sonnet
3368,I_2,E2DEMONIZE,N,sonnet
3368,I_2,E2STEREOTYPE,N,sonnet
3368,I_2,E2COLLECTIVEPOWER,N,sonnet
3368,I_2,E2CONSPIRACY,N,sonnet
3368,I_2,E2CONTROLMEDIA,N,sonnet
3368,I_2,E2CONTROLECONOMY,N,sonnet
3368,I_2,E2CONTROLGOV,N,sonnet
3368,I_2,E2CONTROLOTHER,N,sonnet
3368,I_2,E3COLLECTIVEBLAME,N,sonnet
15986,I_2,E1VIOLENCE,N,sonnet
15986,I_2,E1RADICAL,N,sonnet
15986,I_2,E2ALLEGATION,N,sonnet
15986,I_2,E2DEHUMANIZATION,N,sonnet
15986,I_2,E2DEMONIZE,N,sonnet
15986,I_2,E2STEREOTYPE,N,sonnet
15986,I_2,E2COLLECTIVEPOWER,N,sonnet
15986,I_2,E2CONSPIRACY,N,sonnet
15986,I_2,E2CONTROLMEDIA,N,sonnet
15986,I_2,E2CONTROLECONOMY,N,sonnet
15986,I_2,E2CONTROLGOV,N,sonnet
15986,I_2,E2CONTROLOTHER,N,sonnet
15986,I_2,E3COLLECTIVEBLAME,N,sonnet
49970,I_2,E1VIOLENCE,N,sonnet
49970,I_2,E1RADICAL,N,sonnet
49970,I_2,E2ALLEGATION,I,sonnet
49970,I_2,E2DEHUMANIZATION,N,sonnet
49970,I_2,E2DEMONIZE,I,sonnet
49970,I_2,E2STEREOTYPE,N,sonnet
49970,I_2,E2COLLECTIVEPOWER,I,sonnet
49970,I_2,E2CONSPIRACY,I,sonnet
49970,I_2,E2CONTROLMEDIA,N,sonnet
49970,I_2,E2CONTROLECONOMY,N,sonnet
49970,I_2,E2CONTROLGOV,N,sonnet
49970,I_2,E2CONTROLOTHER,N,sonnet
49970,I_2,E3COLLECTIVEBLAME,N,sonnet
1876,I_2,E1VIOLENCE,N,sonnet
1876,I_2,E1RADICAL,A,sonnet
1876,I_2,E2ALLEGATION,N,sonnet
1876,I_2,E2DEHUMANIZATION,N,sonnet
1876,I_2,E2DEMONIZE,N,sonnet
1876,I_2,E2STEREOTYPE,N,sonnet
1876,I_2,E2COLLECTIVEPOWER,N,sonnet
1876,I_2,E2CONSPIRACY,N,sonnet
1876,I_2,E2CONTROLMEDIA,N,sonnet
1876,I_2,E2CONTROLECONOMY,N,sonnet
1876,I_2,E2CONTROLGOV,N,sonnet
1876,I_2,E2CONTROLOTHER,N,sonnet
1876,I_2,E3COLLECTIVEBLAME,A,sonnet
6836,I_2,E1VIOLENCE,N,sonnet
6836,I_2,E1RADICAL,N,sonnet
6836,I_2,E2ALLEGATION,A,sonnet
6836,I_2,E2DEHUMANIZATION,N,sonnet
6836,I_2,E2DEMONIZE,N,sonnet
6836,I_2,E2STEREOTYPE,I,sonnet
6836,I_2,E2COLLECTIVEPOWER,N,sonnet
6836,I_2,E2CONSPIRACY,N,sonnet
6836,I_2,E2CONTROLMEDIA,N,sonnet
6836,I_2,E2CONTROLECONOMY,N,sonnet
6836,I_2,E2CONTROLGOV,N,sonnet
6836,I_2,E2CONTROLOTHER,N,sonnet
6836,I_2,E3COLLECTIVEBLAME,N,sonnet
49858,I_2,E1VIOLENCE,N,sonnet
49858,I_2,E1RADICAL,N,sonnet
49858,I_2,E2ALLEGATION,I,sonnet
49858,I_2,E2DEHUMANIZATION,N,sonnet
49858,I_2,E2DEMONIZE,I,sonnet
49858,I_2,E2STEREOTYPE,N,sonnet
49858,I_2,E2COLLECTIVEPOWER,N,sonnet
49858,I_2,E2CONSPIRACY,N,sonnet
49858,I_2,E2CONTROLMEDIA,N,sonnet
49858,I_2,E2CONTROLECONOMY,N,sonnet
49858,I_2,E2CONTROLGOV,N,sonnet
49858,I_2,E2CONTROLOTHER,N,sonnet
49858,I_2,E3COLLECTIVEBLAME,N,sonnet
4768,I_2,E1VIOLENCE,A,sonnet
4768,I_2,E1RADICAL,N,sonnet
4768,I_2,E2ALLEGATION,N,sonnet
4768,I_2,E2DEHUMANIZATION,N,sonnet
4768,I_2,E2DEMONIZE,N,sonnet
4768,I_2,E2STEREOTYPE,N,sonnet
4768,I_2,E2COLLECTIVEPOWER,N,sonnet
4768,I_2,E2CONSPIRACY,N,sonnet
4768,I_2,E2CONTROLMEDIA,N,sonnet
4768,I_2,E2CONTROLECONOMY,N,sonnet
4768,I_2,E2CONTROLGOV,N,sonnet
4768,I_2,E2CONTROLOTHER,N,sonnet
4768,I_2,E3COLLECTIVEBLAME,N,sonnet
44584,I_2,E1VIOLENCE,N,sonnet
44584,I_2,E1RADICAL,N,sonnet
44584,I_2,E2ALLEGATION,E,sonnet
44584,I_2,E2DEHUMANIZATION,E,sonnet
44584,I_2,E2DEMONIZE,E,sonnet
44584,I_2,E2STEREOTYPE,E,sonnet
44584,I_2,E2COLLECTIVEPOWER,E,sonnet
44584,I_2,E2CONSPIRACY,E,sonnet
44584,I_2,E2CONTROLMEDIA,E,sonnet
44584,I_2,E2CONTROLECONOMY,E,sonnet
44584,I_2,E2CONTROLGOV,E,sonnet
44584,I_2,E2CONTROLOTHER,E,sonnet
44584,I_2,E3COLLECTIVEBLAME,E,sonnet
49260,I_2,E1VIOLENCE,N,sonnet
49260,I_2,E1RADICAL,N,sonnet
49260,I_2,E2ALLEGATION,N,sonnet
49260,I_2,E2DEHUMANIZATION,N,sonnet
49260,I_2,E2DEMONIZE,I,sonnet
49260,I_2,E2STEREOTYPE,I,sonnet
49260,I_2,E2COLLECTIVEPOWER,I,sonnet
49260,I_2,E2CONSPIRACY,N,sonnet
49260,I_2,E2CONTROLMEDIA,N,sonnet
49260,I_2,E2CONTROLECONOMY,N,sonnet
49260,I_2,E2CONTROLGOV,N,sonnet
49260,I_2,E2CONTROLOTHER,N,sonnet
49260,I_2,E3COLLECTIVEBLAME,N,sonnet
47665,I_2,E1VIOLENCE,N,sonnet
47665,I_2,E1RADICAL,N,sonnet
47665,I_2,E2ALLEGATION,N,sonnet
47665,I_2,E2DEHUMANIZATION,I,sonnet
47665,I_2,E2DEMONIZE,N,sonnet
47665,I_2,E2STEREOTYPE,N,sonnet
47665,I_2,E2COLLECTIVEPOWER,N,sonnet
47665,I_2,E2CONSPIRACY,N,sonnet
47665,I_2,E2CONTROLMEDIA,N,sonnet
47665,I_2,E2CONTROLECONOMY,N,sonnet
47665,I_2,E2CONTROLGOV,N,sonnet
47665,I_2,E2CONTROLOTHER,N,sonnet
47665,I_2,E3COLLECTIVEBLAME,N,sonnet
12227,I_2,E1VIOLENCE,N,sonnet
12227,I_2,E1RADICAL,N,sonnet
12227,I_2,E2ALLEGATION,N,sonnet
12227,I_2,E2DEHUMANIZATION,E,sonnet
12227,I_2,E2DEMONIZE,N,sonnet
12227,I_2,E2STEREOTYPE,E,sonnet
12227,I_2,E2COLLECTIVEPOWER,N,sonnet
12227,I_2,E2CONSPIRACY,N,sonnet
12227,I_2,E2CONTROLMEDIA,N,sonnet
12227,I_2,E2CONTROLECONOMY,N,sonnet
12227,I_2,E2CONTROLGOV,N,sonnet
12227,I_2,E2CONTROLOTHER,N,sonnet
12227,I_2,E3COLLECTIVEBLAME,N,sonnet
4331,I_2,E1VIOLENCE,N,sonnet
4331,I_2,E1RADICAL,N,sonnet
4331,I_2,E2ALLEGATION,N,sonnet
4331,I_2,E2DEHUMANIZATION,N,sonnet
4331,I_2,E2DEMONIZE,N,sonnet
4331,I_2,E2STEREOTYPE,N,sonnet
4331,I_2,E2COLLECTIVEPOWER,N,sonnet
4331,I_2,E2CONSPIRACY,N,sonnet
4331,I_2,E2CONTROLMEDIA,N,sonnet
4331,I_2,E2CONTROLECONOMY,N,sonnet
4331,I_2,E2CONTROLGOV,N,sonnet
4331,I_2,E2CONTROLOTHER,N,sonnet
4331,I_2,E3COLLECTIVEBLAME,N,sonnet
6646,I_2,E1VIOLENCE,N,sonnet
6646,I_2,E1RADICAL,N,sonnet
6646,I_2,E2ALLEGATION,N,sonnet
6646,I_2,E2DEHUMANIZATION,N,sonnet
6646,I_2,E2DEMONIZE,N,sonnet
6646,I_2,E2STEREOTYPE,N,sonnet
6646,I_2,E2COLLECTIVEPOWER,N,sonnet
6646,I_2,E2CONSPIRACY,N,sonnet
6646,I_2,E2CONTROLMEDIA,N,sonnet
6646,I_2,E2CONTROLECONOMY,N,sonnet
6646,I_2,E2CONTROLGOV,N,sonnet
6646,I_2,E2CONTROLOTHER,N,sonnet
6646,I_2,E3COLLECTIVEBLAME,N,sonnet
3700,I_2,E1VIOLENCE,N,sonnet
3700,I_2,E1RADICAL,N,sonnet
3700,I_2,E2ALLEGATION,N,sonnet
3700,I_2,E2DEHUMANIZATION,N,sonnet
3700,I_2,E2DEMONIZE,N,sonnet
3700,I_2,E2STEREOTYPE,N,sonnet
3700,I_2,E2COLLECTIVEPOWER,I,sonnet
3700,I_2,E2CONSPIRACY,N,sonnet
3700,I_2,E2CONTROLMEDIA,N,sonnet
3700,I_2,E2CONTROLECONOMY,N,sonnet
3700,I_2,E2CONTROLGOV,N,sonnet
3700,I_2,E2CONTROLOTHER,I,sonnet
3700,I_2,E3COLLECTIVEBLAME,N,sonnet
14140,I_2,E1VIOLENCE,N,sonnet
14140,I_2,E1RADICAL,N,sonnet
14140,I_2,E2ALLEGATION,N,sonnet
14140,I_2,E2DEHUMANIZATION,N,sonnet
14140,I_2,E2DEMONIZE,N,sonnet
14140,I_2,E2STEREOTYPE,N,sonnet
14140,I_2,E2COLLECTIVEPOWER,N,sonnet
14140,I_2,E2CONSPIRACY,N,sonnet
14140,I_2,E2CONTROLMEDIA,N,sonnet
14140,I_2,E2CONTROLECONOMY,N,sonnet
14140,I_2,E2CONTROLGOV,N,sonnet
14140,I_2,E2CONTROLOTHER,N,sonnet
14140,I_2,E3COLLECTIVEBLAME,N,sonnet
14961,I_2,E1VIOLENCE,N,sonnet
14961,I_2,E1RADICAL,N,sonnet
14961,I_2,E2ALLEGATION,N,sonnet
14961,I_2,E2DEHUMANIZATION,N,sonnet
14961,I_2,E2DEMONIZE,N,sonnet
14961,I_2,E2STEREOTYPE,N,sonnet
14961,I_2,E2COLLECTIVEPOWER,N,sonnet
14961,I_2,E2CONSPIRACY,N,sonnet
14961,I_2,E2CONTROLMEDIA,N,sonnet
14961,I_2,E2CONTROLECONOMY,N,sonnet
14961,I_2,E2CONTROLGOV,N,sonnet
14961,I_2,E2CONTROLOTHER,N,sonnet
14961,I_2,E3COLLECTIVEBLAME,N,sonnet
15805,I_2,E1VIOLENCE,N,sonnet
15805,I_2,E1RADICAL,N,sonnet
15805,I_2,E2ALLEGATION,N,sonnet
15805,I_2,E2DEHUMANIZATION,N,sonnet
15805,I_2,E2DEMONIZE,N,sonnet
15805,I_2,E2STEREOTYPE,N,sonnet
15805,I_2,E2COLLECTIVEPOWER,N,sonnet
15805,I_2,E2CONSPIRACY,N,sonnet
15805,I_2,E2CONTROLMEDIA,N,sonnet
15805,I_2,E2CONTROLECONOMY,N,sonnet
15805,I_2,E2CONTROLGOV,N,sonnet
15805,I_2,E2CONTROLOTHER,N,sonnet
15805,I_2,E3COLLECTIVEBLAME,N,sonnet
5154,I_2,E1VIOLENCE,N,sonnet
5154,I_2,E1RADICAL,N,sonnet
5154,I_2,E2ALLEGATION,N,sonnet
5154,I_2,E2DEHUMANIZATION,N,sonnet
5154,I_2,E2DEMONIZE,N,sonnet
5154,I_2,E2STEREOTYPE,N,sonnet
5154,I_2,E2COLLECTIVEPOWER,N,sonnet
5154,I_2,E2CONSPIRACY,N,sonnet
5154,I_2,E2CONTROLMEDIA,N,sonnet
5154,I_2,E2CONTROLECONOMY,N,sonnet
5154,I_2,E2CONTROLGOV,N,sonnet
5154,I_2,E2CONTROLOTHER,N,sonnet
5154,I_2,E3COLLECTIVEBLAME,N,sonnet
10021,I_2,E1VIOLENCE,N,sonnet
10021,I_2,E1RADICAL,N,sonnet
10021,I_2,E2ALLEGATION,I,sonnet
10021,I_2,E2DEHUMANIZATION,N,sonnet
10021,I_2,E2DEMONIZE,I,sonnet
10021,I_2,E2STEREOTYPE,I,sonnet
10021,I_2,E2COLLECTIVEPOWER,I,sonnet
10021,I_2,E2CONSPIRACY,I,sonnet
10021,I_2,E2CONTROLMEDIA,N,sonnet
10021,I_2,E2CONTROLECONOMY,I,sonnet
10021,I_2,E2CONTROLGOV,I,sonnet
10021,I_2,E2CONTROLOTHER,N,sonnet
10021,I_2,E3COLLECTIVEBLAME,N,sonnet
47942,I_2,E1VIOLENCE,N,sonnet
47942,I_2,E1RADICAL,N,sonnet
47942,I_2,E2ALLEGATION,I,sonnet
47942,I_2,E2DEHUMANIZATION,I,sonnet
47942,I_2,E2DEMONIZE,I,sonnet
47942,I_2,E2STEREOTYPE,I,sonnet
47942,I_2,E2COLLECTIVEPOWER,I,sonnet
47942,I_2,E2CONSPIRACY,I,sonnet
47942,I_2,E2CONTROLMEDIA,N,sonnet
47942,I_2,E2CONTROLECONOMY,N,sonnet
47942,I_2,E2CONTROLGOV,N,sonnet
47942,I_2,E2CONTROLOTHER,I,sonnet
47942,I_2,E3COLLECTIVEBLAME,N,sonnet
13766,I_2,E1VIOLENCE,N,sonnet
13766,I_2,E1RADICAL,N,sonnet
13766,I_2,E2ALLEGATION,N,sonnet
13766,I_2,E2DEHUMANIZATION,N,sonnet
13766,I_2,E2DEMONIZE,N,sonnet
13766,I_2,E2STEREOTYPE,N,sonnet
13766,I_2,E2COLLECTIVEPOWER,N,sonnet
13766,I_2,E2CONSPIRACY,N,sonnet
13766,I_2,E2CONTROLMEDIA,N,sonnet
13766,I_2,E2CONTROLECONOMY,N,sonnet
13766,I_2,E2CONTROLGOV,N,sonnet
13766,I_2,E2CONTROLOTHER,N,sonnet
13766,I_2,E3COLLECTIVEBLAME,N,sonnet
23689,I_2,E1VIOLENCE,N,sonnet
23689,I_2,E1RADICAL,N,sonnet
23689,I_2,E2ALLEGATION,N,sonnet
23689,I_2,E2DEHUMANIZATION,N,sonnet
23689,I_2,E2DEMONIZE,N,sonnet
23689,I_2,E2STEREOTYPE,N,sonnet
23689,I_2,E2COLLECTIVEPOWER,N,sonnet
23689,I_2,E2CONSPIRACY,N,sonnet
23689,I_2,E2CONTROLMEDIA,N,sonnet
23689,I_2,E2CONTROLECONOMY,N,sonnet
23689,I_2,E2CONTROLGOV,N,sonnet
23689,I_2,E2CONTROLOTHER,N,sonnet
23689,I_2,E3COLLECTIVEBLAME,N,sonnet
44243,I_2,E1VIOLENCE,N,sonnet
44243,I_2,E1RADICAL,N,sonnet
44243,I_2,E2ALLEGATION,N,sonnet
44243,I_2,E2DEHUMANIZATION,N,sonnet
44243,I_2,E2DEMONIZE,N,sonnet
44243,I_2,E2STEREOTYPE,N,sonnet
44243,I_2,E2COLLECTIVEPOWER,N,sonnet
44243,I_2,E2CONSPIRACY,N,sonnet
44243,I_2,E2CONTROLMEDIA,N,sonnet
44243,I_2,E2CONTROLECONOMY,N,sonnet
44243,I_2,E2CONTROLGOV,N,sonnet
44243,I_2,E2CONTROLOTHER,N,sonnet
44243,I_2,E3COLLECTIVEBLAME,N,sonnet
27940,I_2,E1VIOLENCE,N,sonnet
27940,I_2,E1RADICAL,N,sonnet
27940,I_2,E2ALLEGATION,I,sonnet
27940,I_2,E2DEHUMANIZATION,N,sonnet
27940,I_2,E2DEMONIZE,N,sonnet
27940,I_2,E2STEREOTYPE,I,sonnet
27940,I_2,E2COLLECTIVEPOWER,N,sonnet
27940,I_2,E2CONSPIRACY,N,sonnet
27940,I_2,E2CONTROLMEDIA,N,sonnet
27940,I_2,E2CONTROLECONOMY,N,sonnet
27940,I_2,E2CONTROLGOV,N,sonnet
27940,I_2,E2CONTROLOTHER,N,sonnet
27940,I_2,E3COLLECTIVEBLAME,A,sonnet
13708,I_2,E1VIOLENCE,N,sonnet
13708,I_2,E1RADICAL,N,sonnet
13708,I_2,E2ALLEGATION,N,sonnet
13708,I_2,E2DEHUMANIZATION,N,sonnet
13708,I_2,E2DEMONIZE,N,sonnet
13708,I_2,E2STEREOTYPE,N,sonnet
13708,I_2,E2COLLECTIVEPOWER,N,sonnet
13708,I_2,E2CONSPIRACY,N,sonnet
13708,I_2,E2CONTROLMEDIA,N,sonnet
13708,I_2,E2CONTROLECONOMY,N,sonnet
13708,I_2,E2CONTROLGOV,N,sonnet
13708,I_2,E2CONTROLOTHER,N,sonnet
13708,I_2,E3COLLECTIVEBLAME,N,sonnet
14236,I_2,E1VIOLENCE,N,sonnet
14236,I_2,E1RADICAL,N,sonnet
14236,I_2,E2ALLEGATION,N,sonnet
14236,I_2,E2DEHUMANIZATION,N,sonnet
14236,I_2,E2DEMONIZE,N,sonnet
14236,I_2,E2STEREOTYPE,N,sonnet
14236,I_2,E2COLLECTIVEPOWER,N,sonnet
14236,I_2,E2CONSPIRACY,N,sonnet
14236,I_2,E2CONTROLMEDIA,N,sonnet
14236,I_2,E2CONTROLECONOMY,N,sonnet
14236,I_2,E2CONTROLGOV,N,sonnet
14236,I_2,E2CONTROLOTHER,N,sonnet
14236,I_2,E3COLLECTIVEBLAME,N,sonnet
12559,I_2,E1VIOLENCE,N,sonnet
12559,I_2,E1RADICAL,N,sonnet
12559,I_2,E2ALLEGATION,N,sonnet
12559,I_2,E2DEHUMANIZATION,E,sonnet
12559,I_2,E2DEMONIZE,N,sonnet
12559,I_2,E2STEREOTYPE,N,sonnet
12559,I_2,E2COLLECTIVEPOWER,N,sonnet
12559,I_2,E2CONSPIRACY,N,sonnet
12559,I_2,E2CONTROLMEDIA,N,sonnet
12559,I_2,E2CONTROLECONOMY,N,sonnet
12559,I_2,E2CONTROLGOV,N,sonnet
12559,I_2,E2CONTROLOTHER,N,sonnet
12559,I_2,E3COLLECTIVEBLAME,N,sonnet
40212,I_2,E1VIOLENCE,A,sonnet
40212,I_2,E1RADICAL,N,sonnet
40212,I_2,E2ALLEGATION,N,sonnet
40212,I_2,E2DEHUMANIZATION,N,sonnet
40212,I_2,E2DEMONIZE,I,sonnet
40212,I_2,E2STEREOTYPE,N,sonnet
40212,I_2,E2COLLECTIVEPOWER,I,sonnet
40212,I_2,E2CONSPIRACY,I,sonnet
40212,I_2,E2CONTROLMEDIA,N,sonnet
40212,I_2,E2CONTROLECONOMY,N,sonnet
40212,I_2,E2CONTROLGOV,I,sonnet
40212,I_2,E2CONTROLOTHER,N,sonnet
40212,I_2,E3COLLECTIVEBLAME,N,sonnet
4244,I_2,E1VIOLENCE,N,sonnet
4244,I_2,E1RADICAL,N,sonnet
4244,I_2,E2ALLEGATION,I,sonnet
4244,I_2,E2DEHUMANIZATION,N,sonnet
4244,I_2,E2DEMONIZE,N,sonnet
4244,I_2,E2STEREOTYPE,N,sonnet
4244,I_2,E2COLLECTIVEPOWER,N,sonnet
4244,I_2,E2CONSPIRACY,N,sonnet
4244,I_2,E2CONTROLMEDIA,N,sonnet
4244,I_2,E2CONTROLECONOMY,N,sonnet
4244,I_2,E2CONTROLGOV,N,sonnet
4244,I_2,E2CONTROLOTHER,N,sonnet
4244,I_2,E3COLLECTIVEBLAME,I,sonnet
34192,I_2,E1VIOLENCE,N,sonnet
34192,I_2,E1RADICAL,N,sonnet
34192,I_2,E2ALLEGATION,N,sonnet
34192,I_2,E2DEHUMANIZATION,N,sonnet
34192,I_2,E2DEMONIZE,N,sonnet
34192,I_2,E2STEREOTYPE,N,sonnet
34192,I_2,E2COLLECTIVEPOWER,N,sonnet
34192,I_2,E2CONSPIRACY,N,sonnet
34192,I_2,E2CONTROLMEDIA,N,sonnet
34192,I_2,E2CONTROLECONOMY,N,sonnet
34192,I_2,E2CONTROLGOV,N,sonnet
34192,I_2,E2CONTROLOTHER,N,sonnet
34192,I_2,E3COLLECTIVEBLAME,N,sonnet
10710,I_2,E1VIOLENCE,N,sonnet
10710,I_2,E1RADICAL,N,sonnet
10710,I_2,E2ALLEGATION,N,sonnet
10710,I_2,E2DEHUMANIZATION,N,sonnet
10710,I_2,E2DEMONIZE,N,sonnet
10710,I_2,E2STEREOTYPE,N,sonnet
10710,I_2,E2COLLECTIVEPOWER,N,sonnet
10710,I_2,E2CONSPIRACY,N,sonnet
10710,I_2,E2CONTROLMEDIA,N,sonnet
10710,I_2,E2CONTROLECONOMY,N,sonnet
10710,I_2,E2CONTROLGOV,N,sonnet
10710,I_2,E2CONTROLOTHER,N,sonnet
10710,I_2,E3COLLECTIVEBLAME,N,sonnet
27154,I_2,E1VIOLENCE,N,sonnet
27154,I_2,E1RADICAL,N,sonnet
27154,I_2,E2ALLEGATION,N,sonnet
27154,I_2,E2DEHUMANIZATION,N,sonnet
27154,I_2,E2DEMONIZE,N,sonnet
27154,I_2,E2STEREOTYPE,N,sonnet
27154,I_2,E2COLLECTIVEPOWER,N,sonnet
27154,I_2,E2CONSPIRACY,N,sonnet
27154,I_2,E2CONTROLMEDIA,N,sonnet
27154,I_2,E2CONTROLECONOMY,N,sonnet
27154,I_2,E2CONTROLGOV,N,sonnet
27154,I_2,E2CONTROLOTHER,N,sonnet
27154,I_2,E3COLLECTIVEBLAME,N,sonnet
32948,I_2,E1VIOLENCE,N,sonnet
32948,I_2,E1RADICAL,N,sonnet
32948,I_2,E2ALLEGATION,N,sonnet
32948,I_2,E2DEHUMANIZATION,N,sonnet
32948,I_2,E2DEMONIZE,N,sonnet
32948,I_2,E2STEREOTYPE,N,sonnet
32948,I_2,E2COLLECTIVEPOWER,N,sonnet
32948,I_2,E2CONSPIRACY,N,sonnet
32948,I_2,E2CONTROLMEDIA,N,sonnet
32948,I_2,E2CONTROLECONOMY,N,sonnet
32948,I_2,E2CONTROLGOV,N,sonnet
32948,I_2,E2CONTROLOTHER,N,sonnet
32948,I_2,E3COLLECTIVEBLAME,N,sonnet
27751,I_2,E1VIOLENCE,N,sonnet
27751,I_2,E1RADICAL,N,sonnet
27751,I_2,E2ALLEGATION,N,sonnet
27751,I_2,E2DEHUMANIZATION,N,sonnet
27751,I_2,E2DEMONIZE,N,sonnet
27751,I_2,E2STEREOTYPE,N,sonnet
27751,I_2,E2COLLECTIVEPOWER,N,sonnet
27751,I_2,E2CONSPIRACY,N,sonnet
27751,I_2,E2CONTROLMEDIA,N,sonnet
27751,I_2,E2CONTROLECONOMY,N,sonnet
27751,I_2,E2CONTROLGOV,N,sonnet
27751,I_2,E2CONTROLOTHER,N,sonnet
27751,I_2,E3COLLECTIVEBLAME,N,sonnet
47254,I_2,E1VIOLENCE,N,sonnet
47254,I_2,E1RADICAL,N,sonnet
47254,I_2,E2ALLEGATION,N,sonnet
47254,I_2,E2DEHUMANIZATION,N,sonnet
47254,I_2,E2DEMONIZE,I,sonnet
47254,I_2,E2STEREOTYPE,N,sonnet
47254,I_2,E2COLLECTIVEPOWER,N,sonnet
47254,I_2,E2CONSPIRACY,N,sonnet
47254,I_2,E2CONTROLMEDIA,N,sonnet
47254,I_2,E2CONTROLECONOMY,N,sonnet
47254,I_2,E2CONTROLGOV,N,sonnet
47254,I_2,E2CONTROLOTHER,N,sonnet
47254,I_2,E3COLLECTIVEBLAME,N,sonnet
638,I_2,E1VIOLENCE,N,sonnet
638,I_2,E1RADICAL,N,sonnet
638,I_2,E2ALLEGATION,N,sonnet
638,I_2,E2DEHUMANIZATION,N,sonnet
638,I_2,E2DEMONIZE,N,sonnet
638,I_2,E2STEREOTYPE,N,sonnet
638,I_2,E2COLLECTIVEPOWER,N,sonnet
638,I_2,E2CONSPIRACY,N,sonnet
638,I_2,E2CONTROLMEDIA,N,sonnet
638,I_2,E2CONTROLECONOMY,N,sonnet
638,I_2,E2CONTROLGOV,N,sonnet
638,I_2,E2CONTROLOTHER,N,sonnet
638,I_2,E3COLLECTIVEBLAME,N,sonnet
42422,I_2,E1VIOLENCE,N,sonnet
42422,I_2,E1RADICAL,N,sonnet
42422,I_2,E2ALLEGATION,N,sonnet
42422,I_2,E2DEHUMANIZATION,N,sonnet
42422,I_2,E2DEMONIZE,N,sonnet
42422,I_2,E2STEREOTYPE,N,sonnet
42422,I_2,E2COLLECTIVEPOWER,N,sonnet
42422,I_2,E2CONSPIRACY,N,sonnet
42422,I_2,E2CONTROLMEDIA,N,sonnet
42422,I_2,E2CONTROLECONOMY,N,sonnet
42422,I_2,E2CONTROLGOV,N,sonnet
42422,I_2,E2CONTROLOTHER,N,sonnet
42422,I_2,E3COLLECTIVEBLAME,N,sonnet
38861,I_2,E1VIOLENCE,N,sonnet
38861,I_2,E1RADICAL,N,sonnet
38861,I_2,E2ALLEGATION,N,sonnet
38861,I_2,E2DEHUMANIZATION,N,sonnet
38861,I_2,E2DEMONIZE,N,sonnet
38861,I_2,E2STEREOTYPE,N,sonnet
38861,I_2,E2COLLECTIVEPOWER,N,sonnet
38861,I_2,E2CONSPIRACY,N,sonnet
38861,I_2,E2CONTROLMEDIA,N,sonnet
38861,I_2,E2CONTROLECONOMY,N,sonnet
38861,I_2,E2CONTROLGOV,N,sonnet
38861,I_2,E2CONTROLOTHER,N,sonnet
38861,I_2,E3COLLECTIVEBLAME,N,sonnet
17045,I_2,E1VIOLENCE,N,sonnet
17045,I_2,E1RADICAL,N,sonnet
17045,I_2,E2ALLEGATION,I,sonnet
17045,I_2,E2DEHUMANIZATION,N,sonnet
17045,I_2,E2DEMONIZE,I,sonnet
17045,I_2,E2STEREOTYPE,N,sonnet
17045,I_2,E2COLLECTIVEPOWER,I,sonnet
17045,I_2,E2CONSPIRACY,N,sonnet
17045,I_2,E2CONTROLMEDIA,N,sonnet
17045,I_2,E2CONTROLECONOMY,N,sonnet
17045,I_2,E2CONTROLGOV,N,sonnet
17045,I_2,E2CONTROLOTHER,N,sonnet
17045,I_2,E3COLLECTIVEBLAME,N,sonnet
34747,I_2,E1VIOLENCE,N,sonnet
34747,I_2,E1RADICAL,N,sonnet
34747,I_2,E2ALLEGATION,N,sonnet
34747,I_2,E2DEHUMANIZATION,N,sonnet
34747,I_2,E2DEMONIZE,N,sonnet
34747,I_2,E2STEREOTYPE,N,sonnet
34747,I_2,E2COLLECTIVEPOWER,N,sonnet
34747,I_2,E2CONSPIRACY,N,sonnet
34747,I_2,E2CONTROLMEDIA,N,sonnet
34747,I_2,E2CONTROLECONOMY,N,sonnet
34747,I_2,E2CONTROLGOV,N,sonnet
34747,I_2,E2CONTROLOTHER,N,sonnet
34747,I_2,E3COLLECTIVEBLAME,N,sonnet
13027,I_2,E1VIOLENCE,N,sonnet
13027,I_2,E1RADICAL,N,sonnet
13027,I_2,E2ALLEGATION,N,sonnet
13027,I_2,E2DEHUMANIZATION,N,sonnet
13027,I_2,E2DEMONIZE,N,sonnet
13027,I_2,E2STEREOTYPE,N,sonnet
13027,I_2,E2COLLECTIVEPOWER,N,sonnet
13027,I_2,E2CONSPIRACY,N,sonnet
13027,I_2,E2CONTROLMEDIA,N,sonnet
13027,I_2,E2CONTROLECONOMY,N,sonnet
13027,I_2,E2CONTROLGOV,N,sonnet
13027,I_2,E2CONTROLOTHER,N,sonnet
13027,I_2,E3COLLECTIVEBLAME,N,sonnet
42035,I_2,E1VIOLENCE,A,sonnet
42035,I_2,E1RADICAL,A,sonnet
42035,I_2,E2ALLEGATION,N,sonnet
42035,I_2,E2DEHUMANIZATION,A,sonnet
42035,I_2,E2DEMONIZE,A,sonnet
42035,I_2,E2STEREOTYPE,N,sonnet
42035,I_2,E2COLLECTIVEPOWER,N,sonnet
42035,I_2,E2CONSPIRACY,N,sonnet
42035,I_2,E2CONTROLMEDIA,N,sonnet
42035,I_2,E2CONTROLECONOMY,N,sonnet
42035,I_2,E2CONTROLGOV,N,sonnet
42035,I_2,E2CONTROLOTHER,N,sonnet
42035,I_2,E3COLLECTIVEBLAME,N,sonnet
12357,I_2,E1VIOLENCE,N,sonnet
12357,I_2,E1RADICAL,N,sonnet
12357,I_2,E2ALLEGATION,N,sonnet
12357,I_2,E2DEHUMANIZATION,N,sonnet
12357,I_2,E2DEMONIZE,N,sonnet
12357,I_2,E2STEREOTYPE,N,sonnet
12357,I_2,E2COLLECTIVEPOWER,N,sonnet
12357,I_2,E2CONSPIRACY,N,sonnet
12357,I_2,E2CONTROLMEDIA,N,sonnet
12357,I_2,E2CONTROLECONOMY,N,sonnet
12357,I_2,E2CONTROLGOV,N,sonnet
12357,I_2,E2CONTROLOTHER,N,sonnet
12357,I_2,E3COLLECTIVEBLAME,N,sonnet
47333,I_2,E1VIOLENCE,N,sonnet
47333,I_2,E1RADICAL,N,sonnet
47333,I_2,E2ALLEGATION,N,sonnet
47333,I_2,E2DEHUMANIZATION,N,sonnet
47333,I_2,E2DEMONIZE,N,sonnet
47333,I_2,E2STEREOTYPE,N,sonnet
47333,I_2,E2COLLECTIVEPOWER,N,sonnet
47333,I_2,E2CONSPIRACY,N,sonnet
47333,I_2,E2CONTROLMEDIA,N,sonnet
47333,I_2,E2CONTROLECONOMY,N,sonnet
47333,I_2,E2CONTROLGOV,N,sonnet
47333,I_2,E2CONTROLOTHER,N,sonnet
47333,I_2,E3COLLECTIVEBLAME,N,sonnet
19499,I_2,E1VIOLENCE,N,sonnet
19499,I_2,E1RADICAL,N,sonnet
19499,I_2,E2ALLEGATION,N,sonnet
19499,I_2,E2DEHUMANIZATION,N,sonnet
19499,I_2,E2DEMONIZE,N,sonnet
19499,I_2,E2STEREOTYPE,N,sonnet
19499,I_2,E2COLLECTIVEPOWER,N,sonnet
19499,I_2,E2CONSPIRACY,N,sonnet
19499,I_2,E2CONTROLMEDIA,N,sonnet
19499,I_2,E2CONTROLECONOMY,N,sonnet
19499,I_2,E2CONTROLGOV,N,sonnet
19499,I_2,E2CONTROLOTHER,N,sonnet
19499,I_2,E3COLLECTIVEBLAME,N,sonnet
42312,I_2,E1VIOLENCE,N,sonnet
42312,I_2,E1RADICAL,N,sonnet
42312,I_2,E2ALLEGATION,N,sonnet
42312,I_2,E2DEHUMANIZATION,N,sonnet
42312,I_2,E2DEMONIZE,N,sonnet
42312,I_2,E2STEREOTYPE,N,sonnet
42312,I_2,E2COLLECTIVEPOWER,N,sonnet
42312,I_2,E2CONSPIRACY,N,sonnet
42312,I_2,E2CONTROLMEDIA,N,sonnet
42312,I_2,E2CONTROLECONOMY,N,sonnet
42312,I_2,E2CONTROLGOV,N,sonnet
42312,I_2,E2CONTROLOTHER,N,sonnet
42312,I_2,E3COLLECTIVEBLAME,N,sonnet
6232,I_2,E1VIOLENCE,N,sonnet
6232,I_2,E1RADICAL,N,sonnet
6232,I_2,E2ALLEGATION,N,sonnet
6232,I_2,E2DEHUMANIZATION,N,sonnet
6232,I_2,E2DEMONIZE,N,sonnet
6232,I_2,E2STEREOTYPE,N,sonnet
6232,I_2,E2COLLECTIVEPOWER,N,sonnet
6232,I_2,E2CONSPIRACY,N,sonnet
6232,I_2,E2CONTROLMEDIA,N,sonnet
6232,I_2,E2CONTROLECONOMY,N,sonnet
6232,I_2,E2CONTROLGOV,N,sonnet
6232,I_2,E2CONTROLOTHER,N,sonnet
6232,I_2,E3COLLECTIVEBLAME,N,sonnet
35258,I_2,E1VIOLENCE,N,sonnet
35258,I_2,E1RADICAL,N,sonnet
35258,I_2,E2ALLEGATION,N,sonnet
35258,I_2,E2DEHUMANIZATION,I,sonnet
35258,I_2,E2DEMONIZE,I,sonnet
35258,I_2,E2STEREOTYPE,N,sonnet
35258,I_2,E2COLLECTIVEPOWER,N,sonnet
35258,I_2,E2CONSPIRACY,N,sonnet
35258,I_2,E2CONTROLMEDIA,N,sonnet
35258,I_2,E2CONTROLECONOMY,N,sonnet
35258,I_2,E2CONTROLGOV,N,sonnet
35258,I_2,E2CONTROLOTHER,N,sonnet
35258,I_2,E3COLLECTIVEBLAME,N,sonnet
33645,I_2,E1VIOLENCE,N,sonnet
33645,I_2,E1RADICAL,N,sonnet
33645,I_2,E2ALLEGATION,N,sonnet
33645,I_2,E2DEHUMANIZATION,N,sonnet
33645,I_2,E2DEMONIZE,N,sonnet
33645,I_2,E2STEREOTYPE,N,sonnet
33645,I_2,E2COLLECTIVEPOWER,N,sonnet
33645,I_2,E2CONSPIRACY,N,sonnet
33645,I_2,E2CONTROLMEDIA,N,sonnet
33645,I_2,E2CONTROLECONOMY,N,sonnet
33645,I_2,E2CONTROLGOV,N,sonnet
33645,I_2,E2CONTROLOTHER,N,sonnet
33645,I_2,E3COLLECTIVEBLAME,N,sonnet
35874,I_2,E1VIOLENCE,N,sonnet
35874,I_2,E1RADICAL,N,sonnet
35874,I_2,E2ALLEGATION,N,sonnet
35874,I_2,E2DEHUMANIZATION,N,sonnet
35874,I_2,E2DEMONIZE,N,sonnet
35874,I_2,E2STEREOTYPE,N,sonnet
35874,I_2,E2COLLECTIVEPOWER,N,sonnet
35874,I_2,E2CONSPIRACY,N,sonnet
35874,I_2,E2CONTROLMEDIA,N,sonnet
35874,I_2,E2CONTROLECONOMY,N,sonnet
35874,I_2,E2CONTROLGOV,N,sonnet
35874,I_2,E2CONTROLOTHER,N,sonnet
35874,I_2,E3COLLECTIVEBLAME,N,sonnet
28375,I_2,E1VIOLENCE,N,sonnet
28375,I_2,E1RADICAL,N,sonnet
28375,I_2,E2ALLEGATION,N,sonnet
28375,I_2,E2DEHUMANIZATION,N,sonnet
28375,I_2,E2DEMONIZE,N,sonnet
28375,I_2,E2STEREOTYPE,N,sonnet
28375,I_2,E2COLLECTIVEPOWER,N,sonnet
28375,I_2,E2CONSPIRACY,N,sonnet
28375,I_2,E2CONTROLMEDIA,N,sonnet
28375,I_2,E2CONTROLECONOMY,N,sonnet
28375,I_2,E2CONTROLGOV,N,sonnet
28375,I_2,E2CONTROLOTHER,N,sonnet
28375,I_2,E3COLLECTIVEBLAME,N,sonnet
13381,I_2,E1VIOLENCE,N,sonnet
13381,I_2,E1RADICAL,N,sonnet
13381,I_2,E2ALLEGATION,N,sonnet
13381,I_2,E2DEHUMANIZATION,N,sonnet
13381,I_2,E2DEMONIZE,N,sonnet
13381,I_2,E2STEREOTYPE,A,sonnet
13381,I_2,E2COLLECTIVEPOWER,N,sonnet
13381,I_2,E2CONSPIRACY,N,sonnet
13381,I_2,E2CONTROLMEDIA,N,sonnet
13381,I_2,E2CONTROLECONOMY,N,sonnet
13381,I_2,E2CONTROLGOV,N,sonnet
13381,I_2,E2CONTROLOTHER,N,sonnet
13381,I_2,E3COLLECTIVEBLAME,N,sonnet
27584,I_2,E1VIOLENCE,N,sonnet
27584,I_2,E1RADICAL,N,sonnet
27584,I_2,E2ALLEGATION,N,sonnet
27584,I_2,E2DEHUMANIZATION,N,sonnet
27584,I_2,E2DEMONIZE,N,sonnet
27584,I_2,E2STEREOTYPE,N,sonnet
27584,I_2,E2COLLECTIVEPOWER,N,sonnet
27584,I_2,E2CONSPIRACY,N,sonnet
27584,I_2,E2CONTROLMEDIA,N,sonnet
27584,I_2,E2CONTROLECONOMY,N,sonnet
27584,I_2,E2CONTROLGOV,N,sonnet
27584,I_2,E2CONTROLOTHER,N,sonnet
27584,I_2,E3COLLECTIVEBLAME,N,sonnet
46874,I_2,E1VIOLENCE,N,sonnet
46874,I_2,E1RADICAL,N,sonnet
46874,I_2,E2ALLEGATION,E,sonnet
46874,I_2,E2DEHUMANIZATION,N,sonnet
46874,I_2,E2DEMONIZE,E,sonnet
46874,I_2,E2STEREOTYPE,E,sonnet
46874,I_2,E2COLLECTIVEPOWER,N,sonnet
46874,I_2,E2CONSPIRACY,N,sonnet
46874,I_2,E2CONTROLMEDIA,N,sonnet
46874,I_2,E2CONTROLECONOMY,N,sonnet
46874,I_2,E2CONTROLGOV,N,sonnet
46874,I_2,E2CONTROLOTHER,N,sonnet
46874,I_2,E3COLLECTIVEBLAME,E,sonnet
3677,I_2,E1VIOLENCE,N,sonnet
3677,I_2,E1RADICAL,N,sonnet
3677,I_2,E2ALLEGATION,N,sonnet
3677,I_2,E2DEHUMANIZATION,N,sonnet
3677,I_2,E2DEMONIZE,N,sonnet
3677,I_2,E2STEREOTYPE,N,sonnet
3677,I_2,E2COLLECTIVEPOWER,N,sonnet
3677,I_2,E2CONSPIRACY,N,sonnet
3677,I_2,E2CONTROLMEDIA,N,sonnet
3677,I_2,E2CONTROLECONOMY,N,sonnet
3677,I_2,E2CONTROLGOV,N,sonnet
3677,I_2,E2CONTROLOTHER,N,sonnet
3677,I_2,E3COLLECTIVEBLAME,N,sonnet
11140,I_2,E1VIOLENCE,N,sonnet
11140,I_2,E1RADICAL,N,sonnet
11140,I_2,E2ALLEGATION,I,sonnet
11140,I_2,E2DEHUMANIZATION,N,sonnet
11140,I_2,E2DEMONIZE,I,sonnet
11140,I_2,E2STEREOTYPE,N,sonnet
11140,I_2,E2COLLECTIVEPOWER,I,sonnet
11140,I_2,E2CONSPIRACY,I,sonnet
11140,I_2,E2CONTROLMEDIA,N,sonnet
11140,I_2,E2CONTROLECONOMY,N,sonnet
11140,I_2,E2CONTROLGOV,I,sonnet
11140,I_2,E2CONTROLOTHER,N,sonnet
11140,I_2,E3COLLECTIVEBLAME,N,sonnet
26241,I_2,E1VIOLENCE,N,sonnet
26241,I_2,E1RADICAL,N,sonnet
26241,I_2,E2ALLEGATION,N,sonnet
26241,I_2,E2DEHUMANIZATION,N,sonnet
26241,I_2,E2DEMONIZE,N,sonnet
26241,I_2,E2STEREOTYPE,N,sonnet
26241,I_2,E2COLLECTIVEPOWER,N,sonnet
26241,I_2,E2CONSPIRACY,N,sonnet
26241,I_2,E2CONTROLMEDIA,N,sonnet
26241,I_2,E2CONTROLECONOMY,N,sonnet
26241,I_2,E2CONTROLGOV,N,sonnet
26241,I_2,E2CONTROLOTHER,N,sonnet
26241,I_2,E3COLLECTIVEBLAME,N,sonnet
5687,I_2,E1VIOLENCE,N,sonnet
5687,I_2,E1RADICAL,N,sonnet
5687,I_2,E2ALLEGATION,N,sonnet
5687,I_2,E2DEHUMANIZATION,N,sonnet
5687,I_2,E2DEMONIZE,N,sonnet
5687,I_2,E2STEREOTYPE,N,sonnet
5687,I_2,E2COLLECTIVEPOWER,N,sonnet
5687,I_2,E2CONSPIRACY,N,sonnet
5687,I_2,E2CONTROLMEDIA,N,sonnet
5687,I_2,E2CONTROLECONOMY,N,sonnet
5687,I_2,E2CONTROLGOV,N,sonnet
5687,I_2,E2CONTROLOTHER,N,sonnet
5687,I_2,E3COLLECTIVEBLAME,N,sonnet
21377,I_2,E1VIOLENCE,N,sonnet
21377,I_2,E1RADICAL,N,sonnet
21377,I_2,E2ALLEGATION,N,sonnet
21377,I_2,E2DEHUMANIZATION,N,sonnet
21377,I_2,E2DEMONIZE,N,sonnet
21377,I_2,E2STEREOTYPE,N,sonnet
21377,I_2,E2COLLECTIVEPOWER,N,sonnet
21377,I_2,E2CONSPIRACY,N,sonnet
21377,I_2,E2CONTROLMEDIA,N,sonnet
21377,I_2,E2CONTROLECONOMY,N,sonnet
21377,I_2,E2CONTROLGOV,N,sonnet
21377,I_2,E2CONTROLOTHER,N,sonnet
21377,I_2,E3COLLECTIVEBLAME,N,sonnet
31701,I_2,E1VIOLENCE,N,sonnet
31701,I_2,E1RADICAL,N,sonnet
31701,I_2,E2ALLEGATION,N,sonnet
31701,I_2,E2DEHUMANIZATION,N,sonnet
31701,I_2,E2DEMONIZE,N,sonnet
31701,I_2,E2STEREOTYPE,N,sonnet
31701,I_2,E2COLLECTIVEPOWER,N,sonnet
31701,I_2,E2CONSPIRACY,N,sonnet
31701,I_2,E2CONTROLMEDIA,N,sonnet
31701,I_2,E2CONTROLECONOMY,N,sonnet
31701,I_2,E2CONTROLGOV,N,sonnet
31701,I_2,E2CONTROLOTHER,N,sonnet
31701,I_2,E3COLLECTIVEBLAME,N,sonnet
20682,I_2,E1VIOLENCE,I,sonnet
20682,I_2,E1RADICAL,N,sonnet
20682,I_2,E2ALLEGATION,N,sonnet
20682,I_2,E2DEHUMANIZATION,N,sonnet
20682,I_2,E2DEMONIZE,N,sonnet
20682,I_2,E2STEREOTYPE,N,sonnet
20682,I_2,E2COLLECTIVEPOWER,N,sonnet
20682,I_2,E2CONSPIRACY,N,sonnet
20682,I_2,E2CONTROLMEDIA,N,sonnet
20682,I_2,E2CONTROLECONOMY,N,sonnet
20682,I_2,E2CONTROLGOV,N,sonnet
20682,I_2,E2CONTROLOTHER,N,sonnet
20682,I_2,E3COLLECTIVEBLAME,N,sonnet
17315,I_2,E1VIOLENCE,N,sonnet
17315,I_2,E1RADICAL,N,sonnet
17315,I_2,E2ALLEGATION,N,sonnet
17315,I_2,E2DEHUMANIZATION,N,sonnet
17315,I_2,E2DEMONIZE,N,sonnet
17315,I_2,E2STEREOTYPE,N,sonnet
17315,I_2,E2COLLECTIVEPOWER,N,sonnet
17315,I_2,E2CONSPIRACY,N,sonnet
17315,I_2,E2CONTROLMEDIA,N,sonnet
17315,I_2,E2CONTROLECONOMY,N,sonnet
17315,I_2,E2CONTROLGOV,N,sonnet
17315,I_2,E2CONTROLOTHER,N,sonnet
17315,I_2,E3COLLECTIVEBLAME,N,sonnet
24986,I_2,E1VIOLENCE,N,sonnet
24986,I_2,E1RADICAL,N,sonnet
24986,I_2,E2ALLEGATION,N,sonnet
24986,I_2,E2DEHUMANIZATION,N,sonnet
24986,I_2,E2DEMONIZE,N,sonnet
24986,I_2,E2STEREOTYPE,N,sonnet
24986,I_2,E2COLLECTIVEPOWER,N,sonnet
24986,I_2,E2CONSPIRACY,N,sonnet
24986,I_2,E2CONTROLMEDIA,N,sonnet
24986,I_2,E2CONTROLECONOMY,N,sonnet
24986,I_2,E2CONTROLGOV,N,sonnet
24986,I_2,E2CONTROLOTHER,N,sonnet
24986,I_2,E3COLLECTIVEBLAME,N,sonnet
29070,I_2,E1VIOLENCE,N,sonnet
29070,I_2,E1RADICAL,N,sonnet
29070,I_2,E2ALLEGATION,N,sonnet
29070,I_2,E2DEHUMANIZATION,N,sonnet
29070,I_2,E2DEMONIZE,N,sonnet
29070,I_2,E2STEREOTYPE,N,sonnet
29070,I_2,E2COLLECTIVEPOWER,N,sonnet
29070,I_2,E2CONSPIRACY,N,sonnet
29070,I_2,E2CONTROLMEDIA,N,sonnet
29070,I_2,E2CONTROLECONOMY,N,sonnet
29070,I_2,E2CONTROLGOV,N,sonnet
29070,I_2,E2CONTROLOTHER,N,sonnet
29070,I_2,E3COLLECTIVEBLAME,N,sonnet
20068,I_2,E1VIOLENCE,E,sonnet
20068,I_2,E1RADICAL,E,sonnet
20068,I_2,E2ALLEGATION,N,sonnet
20068,I_2,E2DEHUMANIZATION,N,sonnet
20068,I_2,E2DEMONIZE,N,sonnet
20068,I_2,E2STEREOTYPE,N,sonnet
20068,I_2,E2COLLECTIVEPOWER,N,sonnet
20068,I_2,E2CONSPIRACY,N,sonnet
20068,I_2,E2CONTROLMEDIA,N,sonnet
20068,I_2,E2CONTROLECONOMY,N,sonnet
20068,I_2,E2CONTROLGOV,N,sonnet
20068,I_2,E2CONTROLOTHER,N,sonnet
20068,I_2,E3COLLECTIVEBLAME,N,sonnet
11352,I_2,E1VIOLENCE,N,sonnet
11352,I_2,E1RADICAL,N,sonnet
11352,I_2,E2ALLEGATION,N,sonnet
11352,I_2,E2DEHUMANIZATION,N,sonnet
11352,I_2,E2DEMONIZE,N,sonnet
11352,I_2,E2STEREOTYPE,N,sonnet
11352,I_2,E2COLLECTIVEPOWER,N,sonnet
11352,I_2,E2CONSPIRACY,N,sonnet
11352,I_2,E2CONTROLMEDIA,N,sonnet
11352,I_2,E2CONTROLECONOMY,N,sonnet
11352,I_2,E2CONTROLGOV,N,sonnet
11352,I_2,E2CONTROLOTHER,N,sonnet
11352,I_2,E3COLLECTIVEBLAME,N,sonnet
45023,I_2,E1VIOLENCE,N,sonnet
45023,I_2,E1RADICAL,N,sonnet
45023,I_2,E2ALLEGATION,I,sonnet
45023,I_2,E2DEHUMANIZATION,N,sonnet
45023,I_2,E2DEMONIZE,I,sonnet
45023,I_2,E2STEREOTYPE,I,sonnet
45023,I_2,E2COLLECTIVEPOWER,N,sonnet
45023,I_2,E2CONSPIRACY,N,sonnet
45023,I_2,E2CONTROLMEDIA,N,sonnet
45023,I_2,E2CONTROLECONOMY,N,sonnet
45023,I_2,E2CONTROLGOV,N,sonnet
45023,I_2,E2CONTROLOTHER,N,sonnet
45023,I_2,E3COLLECTIVEBLAME,N,sonnet
14347,I_2,E1VIOLENCE,N,sonnet
14347,I_2,E1RADICAL,N,sonnet
14347,I_2,E2ALLEGATION,N,sonnet
14347,I_2,E2DEHUMANIZATION,N,sonnet
14347,I_2,E2DEMONIZE,N,sonnet
14347,I_2,E2STEREOTYPE,N,sonnet
14347,I_2,E2COLLECTIVEPOWER,N,sonnet
14347,I_2,E2CONSPIRACY,N,sonnet
14347,I_2,E2CONTROLMEDIA,N,sonnet
14347,I_2,E2CONTROLECONOMY,N,sonnet
14347,I_2,E2CONTROLGOV,N,sonnet
14347,I_2,E2CONTROLOTHER,N,sonnet
14347,I_2,E3COLLECTIVEBLAME,N,sonnet
39465,I_2,E1VIOLENCE,I,sonnet
39465,I_2,E1RADICAL,I,sonnet
39465,I_2,E2ALLEGATION,E,sonnet
39465,I_2,E2DEHUMANIZATION,N,sonnet
39465,I_2,E2DEMONIZE,I,sonnet
39465,I_2,E2STEREOTYPE,E,sonnet
39465,I_2,E2COLLECTIVEPOWER,N,sonnet
39465,I_2,E2CONSPIRACY,N,sonnet
39465,I_2,E2CONTROLMEDIA,N,sonnet
39465,I_2,E2CONTROLECONOMY,N,sonnet
39465,I_2,E2CONTROLGOV,N,sonnet
39465,I_2,E2CONTROLOTHER,N,sonnet
39465,I_2,E3COLLECTIVEBLAME,N,sonnet
24735,I_2,E1VIOLENCE,N,sonnet
24735,I_2,E1RADICAL,N,sonnet
24735,I_2,E2ALLEGATION,N,sonnet
24735,I_2,E2DEHUMANIZATION,N,sonnet
24735,I_2,E2DEMONIZE,N,sonnet
24735,I_2,E2STEREOTYPE,N,sonnet
24735,I_2,E2COLLECTIVEPOWER,N,sonnet
24735,I_2,E2CONSPIRACY,N,sonnet
24735,I_2,E2CONTROLMEDIA,N,sonnet
24735,I_2,E2CONTROLECONOMY,N,sonnet
24735,I_2,E2CONTROLGOV,N,sonnet
24735,I_2,E2CONTROLOTHER,N,sonnet
24735,I_2,E3COLLECTIVEBLAME,N,sonnet
9615,I_2,E1VIOLENCE,N,sonnet
9615,I_2,E1RADICAL,N,sonnet
9615,I_2,E2ALLEGATION,N,sonnet
9615,I_2,E2DEHUMANIZATION,N,sonnet
9615,I_2,E2DEMONIZE,N,sonnet
9615,I_2,E2STEREOTYPE,N,sonnet
9615,I_2,E2COLLECTIVEPOWER,N,sonnet
9615,I_2,E2CONSPIRACY,N,sonnet
9615,I_2,E2CONTROLMEDIA,N,sonnet
9615,I_2,E2CONTROLECONOMY,N,sonnet
9615,I_2,E2CONTROLGOV,N,sonnet
9615,I_2,E2CONTROLOTHER,N,sonnet
9615,I_2,E3COLLECTIVEBLAME,N,sonnet
47821,I_2,E1VIOLENCE,N,gpt4o
47821,I_2,E1RADICAL,N,gpt4o
47821,I_2,E2ALLEGATION,E,gpt4o
47821,I_2,E2DEHUMANIZATION,E,gpt4o
47821,I_2,E2DEMONIZE,E,gpt4o
47821,I_2,E2STEREOTYPE,E,gpt4o
47821,I_2,E2COLLECTIVEPOWER,E,gpt4o
47821,I_2,E2CONSPIRACY,E,gpt4o
47821,I_2,E2CONTROLMEDIA,E,gpt4o
47821,I_2,E2CONTROLECONOMY,N,gpt4o
47821,I_2,E2CONTROLGOV,I,gpt4o
47821,I_2,E2CONTROLOTHER,E,gpt4o
47821,I_2,E3COLLECTIVEBLAME,E,gpt4o
2065,I_2,E1VIOLENCE,N,sonnet
2065,I_2,E1RADICAL,N,sonnet
2065,I_2,E2ALLEGATION,N,sonnet
2065,I_2,E2DEHUMANIZATION,N,sonnet
2065,I_2,E2DEMONIZE,N,sonnet
2065,I_2,E2STEREOTYPE,N,sonnet
2065,I_2,E2COLLECTIVEPOWER,N,sonnet
2065,I_2,E2CONSPIRACY,N,sonnet
2065,I_2,E2CONTROLMEDIA,N,sonnet
2065,I_2,E2CONTROLECONOMY,N,sonnet
2065,I_2,E2CONTROLGOV,N,sonnet
2065,I_2,E2CONTROLOTHER,N,sonnet
2065,I_2,E3COLLECTIVEBLAME,N,sonnet
40689,I_2,E1VIOLENCE,I,sonnet
40689,I_2,E1RADICAL,N,sonnet
40689,I_2,E2ALLEGATION,N,sonnet
40689,I_2,E2DEHUMANIZATION,N,sonnet
40689,I_2,E2DEMONIZE,N,sonnet
40689,I_2,E2STEREOTYPE,N,sonnet
40689,I_2,E2COLLECTIVEPOWER,N,sonnet
40689,I_2,E2CONSPIRACY,N,sonnet
40689,I_2,E2CONTROLMEDIA,N,sonnet
40689,I_2,E2CONTROLECONOMY,N,sonnet
40689,I_2,E2CONTROLGOV,N,sonnet
40689,I_2,E2CONTROLOTHER,N,sonnet
40689,I_2,E3COLLECTIVEBLAME,I,sonnet
4666,I_2,E1VIOLENCE,N,sonnet
4666,I_2,E1RADICAL,N,sonnet
4666,I_2,E2ALLEGATION,N,sonnet
4666,I_2,E2DEHUMANIZATION,N,sonnet
4666,I_2,E2DEMONIZE,N,sonnet
4666,I_2,E2STEREOTYPE,N,sonnet
4666,I_2,E2COLLECTIVEPOWER,N,sonnet
4666,I_2,E2CONSPIRACY,N,sonnet
4666,I_2,E2CONTROLMEDIA,N,sonnet
4666,I_2,E2CONTROLECONOMY,N,sonnet
4666,I_2,E2CONTROLGOV,N,sonnet
4666,I_2,E2CONTROLOTHER,N,sonnet
4666,I_2,E3COLLECTIVEBLAME,N,sonnet
16764,I_2,E1VIOLENCE,N,sonnet
16764,I_2,E1RADICAL,N,sonnet
16764,I_2,E2ALLEGATION,E,sonnet
16764,I_2,E2DEHUMANIZATION,I,sonnet
16764,I_2,E2DEMONIZE,E,sonnet
16764,I_2,E2STEREOTYPE,E,sonnet
16764,I_2,E2COLLECTIVEPOWER,N,sonnet
16764,I_2,E2CONSPIRACY,I,sonnet
16764,I_2,E2CONTROLMEDIA,N,sonnet
16764,I_2,E2CONTROLECONOMY,N,sonnet
16764,I_2,E2CONTROLGOV,N,sonnet
16764,I_2,E2CONTROLOTHER,I,sonnet
16764,I_2,E3COLLECTIVEBLAME,N,sonnet
11441,I_2,E1VIOLENCE,N,sonnet
11441,I_2,E1RADICAL,N,sonnet
11441,I_2,E2ALLEGATION,E,sonnet
11441,I_2,E2DEHUMANIZATION,E,sonnet
11441,I_2,E2DEMONIZE,E,sonnet
11441,I_2,E2STEREOTYPE,N,sonnet
11441,I_2,E2COLLECTIVEPOWER,N,sonnet
11441,I_2,E2CONSPIRACY,N,sonnet
11441,I_2,E2CONTROLMEDIA,N,sonnet
11441,I_2,E2CONTROLECONOMY,N,sonnet
11441,I_2,E2CONTROLGOV,N,sonnet
11441,I_2,E2CONTROLOTHER,N,sonnet
11441,I_2,E3COLLECTIVEBLAME,N,sonnet
24348,I_2,E1VIOLENCE,N,sonnet
24348,I_2,E1RADICAL,N,sonnet
24348,I_2,E2ALLEGATION,N,sonnet
24348,I_2,E2DEHUMANIZATION,N,sonnet
24348,I_2,E2DEMONIZE,N,sonnet
24348,I_2,E2STEREOTYPE,N,sonnet
24348,I_2,E2COLLECTIVEPOWER,N,sonnet
24348,I_2,E2CONSPIRACY,N,sonnet
24348,I_2,E2CONTROLMEDIA,N,sonnet
24348,I_2,E2CONTROLECONOMY,N,sonnet
24348,I_2,E2CONTROLGOV,N,sonnet
24348,I_2,E2CONTROLOTHER,N,sonnet
24348,I_2,E3COLLECTIVEBLAME,N,sonnet
24338,I_2,E1VIOLENCE,N,sonnet
24338,I_2,E1RADICAL,N,sonnet
24338,I_2,E2ALLEGATION,N,sonnet
24338,I_2,E2DEHUMANIZATION,N,sonnet
24338,I_2,E2DEMONIZE,N,sonnet
24338,I_2,E2STEREOTYPE,N,sonnet
24338,I_2,E2COLLECTIVEPOWER,N,sonnet
24338,I_2,E2CONSPIRACY,N,sonnet
24338,I_2,E2CONTROLMEDIA,N,sonnet
24338,I_2,E2CONTROLECONOMY,N,sonnet
24338,I_2,E2CONTROLGOV,N,sonnet
24338,I_2,E2CONTROLOTHER,N,sonnet
24338,I_2,E3COLLECTIVEBLAME,N,sonnet
44295,I_2,E1VIOLENCE,N,sonnet
44295,I_2,E1RADICAL,N,sonnet
44295,I_2,E2ALLEGATION,N,sonnet
44295,I_2,E2DEHUMANIZATION,E,sonnet
44295,I_2,E2DEMONIZE,N,sonnet
44295,I_2,E2STEREOTYPE,N,sonnet
44295,I_2,E2COLLECTIVEPOWER,N,sonnet
44295,I_2,E2CONSPIRACY,N,sonnet
44295,I_2,E2CONTROLMEDIA,N,sonnet
44295,I_2,E2CONTROLECONOMY,N,sonnet
44295,I_2,E2CONTROLGOV,N,sonnet
44295,I_2,E2CONTROLOTHER,N,sonnet
44295,I_2,E3COLLECTIVEBLAME,N,sonnet
44559,I_2,E1VIOLENCE,N,sonnet
44559,I_2,E1RADICAL,N,sonnet
44559,I_2,E2ALLEGATION,N,sonnet
44559,I_2,E2DEHUMANIZATION,N,sonnet
44559,I_2,E2DEMONIZE,N,sonnet
44559,I_2,E2STEREOTYPE,N,sonnet
44559,I_2,E2COLLECTIVEPOWER,N,sonnet
44559,I_2,E2CONSPIRACY,N,sonnet
44559,I_2,E2CONTROLMEDIA,N,sonnet
44559,I_2,E2CONTROLECONOMY,N,sonnet
44559,I_2,E2CONTROLGOV,N,sonnet
44559,I_2,E2CONTROLOTHER,N,sonnet
44559,I_2,E3COLLECTIVEBLAME,N,sonnet
11442,I_2,E1VIOLENCE,N,sonnet
11442,I_2,E1RADICAL,N,sonnet
11442,I_2,E2ALLEGATION,N,sonnet
11442,I_2,E2DEHUMANIZATION,N,sonnet
11442,I_2,E2DEMONIZE,N,sonnet
11442,I_2,E2STEREOTYPE,N,sonnet
11442,I_2,E2COLLECTIVEPOWER,N,sonnet
11442,I_2,E2CONSPIRACY,N,sonnet
11442,I_2,E2CONTROLMEDIA,N,sonnet
11442,I_2,E2CONTROLECONOMY,N,sonnet
11442,I_2,E2CONTROLGOV,N,sonnet
11442,I_2,E2CONTROLOTHER,N,sonnet
11442,I_2,E3COLLECTIVEBLAME,N,sonnet
30175,I_2,E1VIOLENCE,A,sonnet
30175,I_2,E1RADICAL,A,sonnet
30175,I_2,E2ALLEGATION,A,sonnet
30175,I_2,E2DEHUMANIZATION,A,sonnet
30175,I_2,E2DEMONIZE,A,sonnet
30175,I_2,E2STEREOTYPE,A,sonnet
30175,I_2,E2COLLECTIVEPOWER,N,sonnet
30175,I_2,E2CONSPIRACY,N,sonnet
30175,I_2,E2CONTROLMEDIA,N,sonnet
30175,I_2,E2CONTROLECONOMY,N,sonnet
30175,I_2,E2CONTROLGOV,N,sonnet
30175,I_2,E2CONTROLOTHER,N,sonnet
30175,I_2,E3COLLECTIVEBLAME,A,sonnet
47084,I_2,E1VIOLENCE,I,sonnet
47084,I_2,E1RADICAL,N,sonnet
47084,I_2,E2ALLEGATION,N,sonnet
47084,I_2,E2DEHUMANIZATION,E,sonnet
47084,I_2,E2DEMONIZE,E,sonnet
47084,I_2,E2STEREOTYPE,N,sonnet
47084,I_2,E2COLLECTIVEPOWER,N,sonnet
47084,I_2,E2CONSPIRACY,N,sonnet
47084,I_2,E2CONTROLMEDIA,N,sonnet
47084,I_2,E2CONTROLECONOMY,N,sonnet
47084,I_2,E2CONTROLGOV,N,sonnet
47084,I_2,E2CONTROLOTHER,N,sonnet
47084,I_2,E3COLLECTIVEBLAME,I,sonnet
41383,I_2,E1VIOLENCE,N,sonnet
41383,I_2,E1RADICAL,N,sonnet
41383,I_2,E2ALLEGATION,N,sonnet
41383,I_2,E2DEHUMANIZATION,N,sonnet
41383,I_2,E2DEMONIZE,N,sonnet
41383,I_2,E2STEREOTYPE,N,sonnet
41383,I_2,E2COLLECTIVEPOWER,N,sonnet
41383,I_2,E2CONSPIRACY,N,sonnet
41383,I_2,E2CONTROLMEDIA,N,sonnet
41383,I_2,E2CONTROLECONOMY,N,sonnet
41383,I_2,E2CONTROLGOV,N,sonnet
41383,I_2,E2CONTROLOTHER,N,sonnet
41383,I_2,E3COLLECTIVEBLAME,N,sonnet
20987,I_2,E1VIOLENCE,N,sonnet
20987,I_2,E1RADICAL,N,sonnet
20987,I_2,E2ALLEGATION,N,sonnet
20987,I_2,E2DEHUMANIZATION,N,sonnet
20987,I_2,E2DEMONIZE,N,sonnet
20987,I_2,E2STEREOTYPE,N,sonnet
20987,I_2,E2COLLECTIVEPOWER,N,sonnet
20987,I_2,E2CONSPIRACY,N,sonnet
20987,I_2,E2CONTROLMEDIA,N,sonnet
20987,I_2,E2CONTROLECONOMY,N,sonnet
20987,I_2,E2CONTROLGOV,N,sonnet
20987,I_2,E2CONTROLOTHER,N,sonnet
20987,I_2,E3COLLECTIVEBLAME,N,sonnet
7615,I_2,E1VIOLENCE,N,sonnet
7615,I_2,E1RADICAL,N,sonnet
7615,I_2,E2ALLEGATION,N,sonnet
7615,I_2,E2DEHUMANIZATION,N,sonnet
7615,I_2,E2DEMONIZE,N,sonnet
7615,I_2,E2STEREOTYPE,N,sonnet
7615,I_2,E2COLLECTIVEPOWER,N,sonnet
7615,I_2,E2CONSPIRACY,N,sonnet
7615,I_2,E2CONTROLMEDIA,N,sonnet
7615,I_2,E2CONTROLECONOMY,N,sonnet
7615,I_2,E2CONTROLGOV,N,sonnet
7615,I_2,E2CONTROLOTHER,N,sonnet
7615,I_2,E3COLLECTIVEBLAME,N,sonnet
36058,I_2,E1VIOLENCE,N,sonnet
36058,I_2,E1RADICAL,N,sonnet
36058,I_2,E2ALLEGATION,N,sonnet
36058,I_2,E2DEHUMANIZATION,N,sonnet
36058,I_2,E2DEMONIZE,N,sonnet
36058,I_2,E2STEREOTYPE,N,sonnet
36058,I_2,E2COLLECTIVEPOWER,N,sonnet
36058,I_2,E2CONSPIRACY,N,sonnet
36058,I_2,E2CONTROLMEDIA,N,sonnet
36058,I_2,E2CONTROLECONOMY,N,sonnet
36058,I_2,E2CONTROLGOV,N,sonnet
36058,I_2,E2CONTROLOTHER,N,sonnet
36058,I_2,E3COLLECTIVEBLAME,N,sonnet
47447,I_2,E1VIOLENCE,N,sonnet
47447,I_2,E1RADICAL,N,sonnet
47447,I_2,E2ALLEGATION,I,sonnet
47447,I_2,E2DEHUMANIZATION,N,sonnet
47447,I_2,E2DEMONIZE,I,sonnet
47447,I_2,E2STEREOTYPE,N,sonnet
47447,I_2,E2COLLECTIVEPOWER,I,sonnet
47447,I_2,E2CONSPIRACY,I,sonnet
47447,I_2,E2CONTROLMEDIA,N,sonnet
47447,I_2,E2CONTROLECONOMY,N,sonnet
47447,I_2,E2CONTROLGOV,I,sonnet
47447,I_2,E2CONTROLOTHER,N,sonnet
47447,I_2,E3COLLECTIVEBLAME,N,sonnet
3484,I_2,E1VIOLENCE,I,sonnet
3484,I_2,E1RADICAL,N,sonnet
3484,I_2,E2ALLEGATION,N,sonnet
3484,I_2,E2DEHUMANIZATION,N,sonnet
3484,I_2,E2DEMONIZE,N,sonnet
3484,I_2,E2STEREOTYPE,N,sonnet
3484,I_2,E2COLLECTIVEPOWER,N,sonnet
3484,I_2,E2CONSPIRACY,N,sonnet
3484,I_2,E2CONTROLMEDIA,N,sonnet
3484,I_2,E2CONTROLECONOMY,N,sonnet
3484,I_2,E2CONTROLGOV,N,sonnet
3484,I_2,E2CONTROLOTHER,N,sonnet
3484,I_2,E3COLLECTIVEBLAME,N,sonnet
36814,I_2,E1VIOLENCE,N,sonnet
36814,I_2,E1RADICAL,N,sonnet
36814,I_2,E2ALLEGATION,N,sonnet
36814,I_2,E2DEHUMANIZATION,N,sonnet
36814,I_2,E2DEMONIZE,N,sonnet
36814,I_2,E2STEREOTYPE,N,sonnet
36814,I_2,E2COLLECTIVEPOWER,N,sonnet
36814,I_2,E2CONSPIRACY,N,sonnet
36814,I_2,E2CONTROLMEDIA,N,sonnet
36814,I_2,E2CONTROLECONOMY,N,sonnet
36814,I_2,E2CONTROLGOV,N,sonnet
36814,I_2,E2CONTROLOTHER,N,sonnet
36814,I_2,E3COLLECTIVEBLAME,N,sonnet
6936,I_2,E1VIOLENCE,N,sonnet
6936,I_2,E1RADICAL,N,sonnet
6936,I_2,E2ALLEGATION,N,sonnet
6936,I_2,E2DEHUMANIZATION,N,sonnet
6936,I_2,E2DEMONIZE,N,sonnet
6936,I_2,E2STEREOTYPE,N,sonnet
6936,I_2,E2COLLECTIVEPOWER,N,sonnet
6936,I_2,E2CONSPIRACY,N,sonnet
6936,I_2,E2CONTROLMEDIA,N,sonnet
6936,I_2,E2CONTROLECONOMY,N,sonnet
6936,I_2,E2CONTROLGOV,N,sonnet
6936,I_2,E2CONTROLOTHER,N,sonnet
6936,I_2,E3COLLECTIVEBLAME,N,sonnet
40413,I_2,E1VIOLENCE,N,sonnet
40413,I_2,E1RADICAL,N,sonnet
40413,I_2,E2ALLEGATION,N,sonnet
40413,I_2,E2DEHUMANIZATION,N,sonnet
40413,I_2,E2DEMONIZE,N,sonnet
40413,I_2,E2STEREOTYPE,N,sonnet
40413,I_2,E2COLLECTIVEPOWER,N,sonnet
40413,I_2,E2CONSPIRACY,N,sonnet
40413,I_2,E2CONTROLMEDIA,N,sonnet
40413,I_2,E2CONTROLECONOMY,N,sonnet
40413,I_2,E2CONTROLGOV,N,sonnet
40413,I_2,E2CONTROLOTHER,N,sonnet
40413,I_2,E3COLLECTIVEBLAME,N,sonnet
5807,I_2,E1VIOLENCE,N,sonnet
5807,I_2,E1RADICAL,N,sonnet
5807,I_2,E2ALLEGATION,E,sonnet
5807,I_2,E2DEHUMANIZATION,N,sonnet
5807,I_2,E2DEMONIZE,I,sonnet
5807,I_2,E2STEREOTYPE,I,sonnet
5807,I_2,E2COLLECTIVEPOWER,E,sonnet
5807,I_2,E2CONSPIRACY,I,sonnet
5807,I_2,E2CONTROLMEDIA,N,sonnet
5807,I_2,E2CONTROLECONOMY,N,sonnet
5807,I_2,E2CONTROLGOV,N,sonnet
5807,I_2,E2CONTROLOTHER,N,sonnet
5807,I_2,E3COLLECTIVEBLAME,N,sonnet
40500,I_2,E1VIOLENCE,N,sonnet
40500,I_2,E1RADICAL,N,sonnet
40500,I_2,E2ALLEGATION,N,sonnet
40500,I_2,E2DEHUMANIZATION,N,sonnet
40500,I_2,E2DEMONIZE,N,sonnet
40500,I_2,E2STEREOTYPE,N,sonnet
40500,I_2,E2COLLECTIVEPOWER,N,sonnet
40500,I_2,E2CONSPIRACY,N,sonnet
40500,I_2,E2CONTROLMEDIA,N,sonnet
40500,I_2,E2CONTROLECONOMY,N,sonnet
40500,I_2,E2CONTROLGOV,N,sonnet
40500,I_2,E2CONTROLOTHER,N,sonnet
40500,I_2,E3COLLECTIVEBLAME,N,sonnet
9095,I_2,E1VIOLENCE,N,sonnet
9095,I_2,E1RADICAL,N,sonnet
9095,I_2,E2ALLEGATION,N,sonnet
9095,I_2,E2DEHUMANIZATION,N,sonnet
9095,I_2,E2DEMONIZE,N,sonnet
9095,I_2,E2STEREOTYPE,N,sonnet
9095,I_2,E2COLLECTIVEPOWER,N,sonnet
9095,I_2,E2CONSPIRACY,N,sonnet
9095,I_2,E2CONTROLMEDIA,N,sonnet
9095,I_2,E2CONTROLECONOMY,N,sonnet
9095,I_2,E2CONTROLGOV,N,sonnet
9095,I_2,E2CONTROLOTHER,N,sonnet
9095,I_2,E3COLLECTIVEBLAME,N,sonnet
30656,I_2,E1VIOLENCE,N,sonnet
30656,I_2,E1RADICAL,N,sonnet
30656,I_2,E2ALLEGATION,N,sonnet
30656,I_2,E2DEHUMANIZATION,N,sonnet
30656,I_2,E2DEMONIZE,N,sonnet
30656,I_2,E2STEREOTYPE,N,sonnet
30656,I_2,E2COLLECTIVEPOWER,N,sonnet
30656,I_2,E2CONSPIRACY,N,sonnet
30656,I_2,E2CONTROLMEDIA,N,sonnet
30656,I_2,E2CONTROLECONOMY,N,sonnet
30656,I_2,E2CONTROLGOV,N,sonnet
30656,I_2,E2CONTROLOTHER,N,sonnet
30656,I_2,E3COLLECTIVEBLAME,N,sonnet
39214,I_2,E1VIOLENCE,N,sonnet
39214,I_2,E1RADICAL,N,sonnet
39214,I_2,E2ALLEGATION,N,sonnet
39214,I_2,E2DEHUMANIZATION,N,sonnet
39214,I_2,E2DEMONIZE,N,sonnet
39214,I_2,E2STEREOTYPE,N,sonnet
39214,I_2,E2COLLECTIVEPOWER,N,sonnet
39214,I_2,E2CONSPIRACY,N,sonnet
39214,I_2,E2CONTROLMEDIA,N,sonnet
39214,I_2,E2CONTROLECONOMY,N,sonnet
39214,I_2,E2CONTROLGOV,N,sonnet
39214,I_2,E2CONTROLOTHER,N,sonnet
39214,I_2,E3COLLECTIVEBLAME,N,sonnet
15452,I_2,E1VIOLENCE,N,sonnet
15452,I_2,E1RADICAL,N,sonnet
15452,I_2,E2ALLEGATION,I,sonnet
15452,I_2,E2DEHUMANIZATION,I,sonnet
15452,I_2,E2DEMONIZE,N,sonnet
15452,I_2,E2STEREOTYPE,N,sonnet
15452,I_2,E2COLLECTIVEPOWER,I,sonnet
15452,I_2,E2CONSPIRACY,I,sonnet
15452,I_2,E2CONTROLMEDIA,N,sonnet
15452,I_2,E2CONTROLECONOMY,N,sonnet
15452,I_2,E2CONTROLGOV,N,sonnet
15452,I_2,E2CONTROLOTHER,N,sonnet
15452,I_2,E3COLLECTIVEBLAME,N,sonnet
41494,I_2,E1VIOLENCE,I,sonnet
41494,I_2,E1RADICAL,I,sonnet
41494,I_2,E2ALLEGATION,I,sonnet
41494,I_2,E2DEHUMANIZATION,I,sonnet
41494,I_2,E2DEMONIZE,I,sonnet
41494,I_2,E2STEREOTYPE,I,sonnet
41494,I_2,E2COLLECTIVEPOWER,I,sonnet
41494,I_2,E2CONSPIRACY,I,sonnet
41494,I_2,E2CONTROLMEDIA,N,sonnet
41494,I_2,E2CONTROLECONOMY,N,sonnet
41494,I_2,E2CONTROLGOV,N,sonnet
41494,I_2,E2CONTROLOTHER,I,sonnet
41494,I_2,E3COLLECTIVEBLAME,N,sonnet
40947,I_2,E1VIOLENCE,N,sonnet
40947,I_2,E1RADICAL,N,sonnet
40947,I_2,E2ALLEGATION,E,sonnet
40947,I_2,E2DEHUMANIZATION,E,sonnet
40947,I_2,E2DEMONIZE,E,sonnet
40947,I_2,E2STEREOTYPE,I,sonnet
40947,I_2,E2COLLECTIVEPOWER,I,sonnet
40947,I_2,E2CONSPIRACY,I,sonnet
40947,I_2,E2CONTROLMEDIA,N,sonnet
40947,I_2,E2CONTROLECONOMY,N,sonnet
40947,I_2,E2CONTROLGOV,N,sonnet
40947,I_2,E2CONTROLOTHER,N,sonnet
40947,I_2,E3COLLECTIVEBLAME,N,sonnet
13979,I_2,E1VIOLENCE,N,sonnet
13979,I_2,E1RADICAL,N,sonnet
13979,I_2,E2ALLEGATION,N,sonnet
13979,I_2,E2DEHUMANIZATION,N,sonnet
13979,I_2,E2DEMONIZE,N,sonnet
13979,I_2,E2STEREOTYPE,N,sonnet
13979,I_2,E2COLLECTIVEPOWER,N,sonnet
13979,I_2,E2CONSPIRACY,N,sonnet
13979,I_2,E2CONTROLMEDIA,N,sonnet
13979,I_2,E2CONTROLECONOMY,N,sonnet
13979,I_2,E2CONTROLGOV,N,sonnet
13979,I_2,E2CONTROLOTHER,N,sonnet
13979,I_2,E3COLLECTIVEBLAME,N,sonnet
1450,I_2,E1VIOLENCE,N,sonnet
1450,I_2,E1RADICAL,N,sonnet
1450,I_2,E2ALLEGATION,N,sonnet
1450,I_2,E2DEHUMANIZATION,N,sonnet
1450,I_2,E2DEMONIZE,N,sonnet
1450,I_2,E2STEREOTYPE,N,sonnet
1450,I_2,E2COLLECTIVEPOWER,N,sonnet
1450,I_2,E2CONSPIRACY,N,sonnet
1450,I_2,E2CONTROLMEDIA,N,sonnet
1450,I_2,E2CONTROLECONOMY,N,sonnet
1450,I_2,E2CONTROLGOV,N,sonnet
1450,I_2,E2CONTROLOTHER,N,sonnet
1450,I_2,E3COLLECTIVEBLAME,N,sonnet
40695,I_2,E1VIOLENCE,N,sonnet
40695,I_2,E1RADICAL,N,sonnet
40695,I_2,E2ALLEGATION,N,sonnet
40695,I_2,E2DEHUMANIZATION,N,sonnet
40695,I_2,E2DEMONIZE,N,sonnet
40695,I_2,E2STEREOTYPE,N,sonnet
40695,I_2,E2COLLECTIVEPOWER,N,sonnet
40695,I_2,E2CONSPIRACY,N,sonnet
40695,I_2,E2CONTROLMEDIA,N,sonnet
40695,I_2,E2CONTROLECONOMY,N,sonnet
40695,I_2,E2CONTROLGOV,N,sonnet
40695,I_2,E2CONTROLOTHER,N,sonnet
40695,I_2,E3COLLECTIVEBLAME,N,sonnet
3839,I_2,E1VIOLENCE,A,sonnet
3839,I_2,E1RADICAL,N,sonnet
3839,I_2,E2ALLEGATION,N,sonnet
3839,I_2,E2DEHUMANIZATION,N,sonnet
3839,I_2,E2DEMONIZE,N,sonnet
3839,I_2,E2STEREOTYPE,N,sonnet
3839,I_2,E2COLLECTIVEPOWER,N,sonnet
3839,I_2,E2CONSPIRACY,N,sonnet
3839,I_2,E2CONTROLMEDIA,N,sonnet
3839,I_2,E2CONTROLECONOMY,N,sonnet
3839,I_2,E2CONTROLGOV,N,sonnet
3839,I_2,E2CONTROLOTHER,N,sonnet
3839,I_2,E3COLLECTIVEBLAME,N,sonnet
45274,I_2,E1VIOLENCE,N,sonnet
45274,I_2,E1RADICAL,N,sonnet
45274,I_2,E2ALLEGATION,N,sonnet
45274,I_2,E2DEHUMANIZATION,N,sonnet
45274,I_2,E2DEMONIZE,N,sonnet
45274,I_2,E2STEREOTYPE,I,sonnet
45274,I_2,E2COLLECTIVEPOWER,N,sonnet
45274,I_2,E2CONSPIRACY,N,sonnet
45274,I_2,E2CONTROLMEDIA,N,sonnet
45274,I_2,E2CONTROLECONOMY,N,sonnet
45274,I_2,E2CONTROLGOV,N,sonnet
45274,I_2,E2CONTROLOTHER,N,sonnet
45274,I_2,E3COLLECTIVEBLAME,I,sonnet
45371,I_2,E1VIOLENCE,N,sonnet
45371,I_2,E1RADICAL,N,sonnet
45371,I_2,E2ALLEGATION,E,sonnet
45371,I_2,E2DEHUMANIZATION,N,sonnet
45371,I_2,E2DEMONIZE,E,sonnet
45371,I_2,E2STEREOTYPE,E,sonnet
45371,I_2,E2COLLECTIVEPOWER,N,sonnet
45371,I_2,E2CONSPIRACY,N,sonnet
45371,I_2,E2CONTROLMEDIA,N,sonnet
45371,I_2,E2CONTROLECONOMY,N,sonnet
45371,I_2,E2CONTROLGOV,N,sonnet
45371,I_2,E2CONTROLOTHER,N,sonnet
45371,I_2,E3COLLECTIVEBLAME,N,sonnet
18866,I_2,E1VIOLENCE,N,sonnet
18866,I_2,E1RADICAL,N,sonnet
18866,I_2,E2ALLEGATION,N,sonnet
18866,I_2,E2DEHUMANIZATION,N,sonnet
18866,I_2,E2DEMONIZE,N,sonnet
18866,I_2,E2STEREOTYPE,N,sonnet
18866,I_2,E2COLLECTIVEPOWER,N,sonnet
18866,I_2,E2CONSPIRACY,N,sonnet
18866,I_2,E2CONTROLMEDIA,N,sonnet
18866,I_2,E2CONTROLECONOMY,N,sonnet
18866,I_2,E2CONTROLGOV,N,sonnet
18866,I_2,E2CONTROLOTHER,N,sonnet
18866,I_2,E3COLLECTIVEBLAME,N,sonnet
1591,I_2,E1VIOLENCE,N,sonnet
1591,I_2,E1RADICAL,N,sonnet
1591,I_2,E2ALLEGATION,N,sonnet
1591,I_2,E2DEHUMANIZATION,N,sonnet
1591,I_2,E2DEMONIZE,N,sonnet
1591,I_2,E2STEREOTYPE,N,sonnet
1591,I_2,E2COLLECTIVEPOWER,N,sonnet
1591,I_2,E2CONSPIRACY,N,sonnet
1591,I_2,E2CONTROLMEDIA,N,sonnet
1591,I_2,E2CONTROLECONOMY,N,sonnet
1591,I_2,E2CONTROLGOV,N,sonnet
1591,I_2,E2CONTROLOTHER,N,sonnet
1591,I_2,E3COLLECTIVEBLAME,N,sonnet
9917,I_2,E1VIOLENCE,E,sonnet
9917,I_2,E1RADICAL,A,sonnet
9917,I_2,E2ALLEGATION,N,sonnet
9917,I_2,E2DEHUMANIZATION,E,sonnet
9917,I_2,E2DEMONIZE,E,sonnet
9917,I_2,E2STEREOTYPE,N,sonnet
9917,I_2,E2COLLECTIVEPOWER,N,sonnet
9917,I_2,E2CONSPIRACY,N,sonnet
9917,I_2,E2CONTROLMEDIA,N,sonnet
9917,I_2,E2CONTROLECONOMY,N,sonnet
9917,I_2,E2CONTROLGOV,N,sonnet
9917,I_2,E2CONTROLOTHER,N,sonnet
9917,I_2,E3COLLECTIVEBLAME,N,sonnet
31537,I_2,E1VIOLENCE,N,sonnet
31537,I_2,E1RADICAL,N,sonnet
31537,I_2,E2ALLEGATION,N,sonnet
31537,I_2,E2DEHUMANIZATION,N,sonnet
31537,I_2,E2DEMONIZE,N,sonnet
31537,I_2,E2STEREOTYPE,N,sonnet
31537,I_2,E2COLLECTIVEPOWER,N,sonnet
31537,I_2,E2CONSPIRACY,N,sonnet
31537,I_2,E2CONTROLMEDIA,N,sonnet
31537,I_2,E2CONTROLECONOMY,N,sonnet
31537,I_2,E2CONTROLGOV,N,sonnet
31537,I_2,E2CONTROLOTHER,N,sonnet
31537,I_2,E3COLLECTIVEBLAME,N,sonnet
5261,I_2,E1VIOLENCE,N,sonnet
5261,I_2,E1RADICAL,N,sonnet
5261,I_2,E2ALLEGATION,N,sonnet
5261,I_2,E2DEHUMANIZATION,N,sonnet
5261,I_2,E2DEMONIZE,N,sonnet
5261,I_2,E2STEREOTYPE,N,sonnet
5261,I_2,E2COLLECTIVEPOWER,N,sonnet
5261,I_2,E2CONSPIRACY,N,sonnet
5261,I_2,E2CONTROLMEDIA,N,sonnet
5261,I_2,E2CONTROLECONOMY,N,sonnet
5261,I_2,E2CONTROLGOV,N,sonnet
5261,I_2,E2CONTROLOTHER,N,sonnet
5261,I_2,E3COLLECTIVEBLAME,N,sonnet
4031,I_2,E1VIOLENCE,N,sonnet
4031,I_2,E1RADICAL,N,sonnet
4031,I_2,E2ALLEGATION,E,sonnet
4031,I_2,E2DEHUMANIZATION,N,sonnet
4031,I_2,E2DEMONIZE,E,sonnet
4031,I_2,E2STEREOTYPE,N,sonnet
4031,I_2,E2COLLECTIVEPOWER,N,sonnet
4031,I_2,E2CONSPIRACY,N,sonnet
4031,I_2,E2CONTROLMEDIA,N,sonnet
4031,I_2,E2CONTROLECONOMY,N,sonnet
4031,I_2,E2CONTROLGOV,N,sonnet
4031,I_2,E2CONTROLOTHER,N,sonnet
4031,I_2,E3COLLECTIVEBLAME,E,sonnet
16733,I_2,E1VIOLENCE,A,sonnet
16733,I_2,E1RADICAL,A,sonnet
16733,I_2,E2ALLEGATION,N,sonnet
16733,I_2,E2DEHUMANIZATION,N,sonnet
16733,I_2,E2DEMONIZE,N,sonnet
16733,I_2,E2STEREOTYPE,N,sonnet
16733,I_2,E2COLLECTIVEPOWER,N,sonnet
16733,I_2,E2CONSPIRACY,N,sonnet
16733,I_2,E2CONTROLMEDIA,N,sonnet
16733,I_2,E2CONTROLECONOMY,N,sonnet
16733,I_2,E2CONTROLGOV,I,sonnet
16733,I_2,E2CONTROLOTHER,N,sonnet
16733,I_2,E3COLLECTIVEBLAME,N,sonnet
723,I_2,E1VIOLENCE,A,sonnet
723,I_2,E1RADICAL,N,sonnet
723,I_2,E2ALLEGATION,N,sonnet
723,I_2,E2DEHUMANIZATION,N,sonnet
723,I_2,E2DEMONIZE,N,sonnet
723,I_2,E2STEREOTYPE,N,sonnet
723,I_2,E2COLLECTIVEPOWER,N,sonnet
723,I_2,E2CONSPIRACY,N,sonnet
723,I_2,E2CONTROLMEDIA,N,sonnet
723,I_2,E2CONTROLECONOMY,N,sonnet
723,I_2,E2CONTROLGOV,N,sonnet
723,I_2,E2CONTROLOTHER,N,sonnet
723,I_2,E3COLLECTIVEBLAME,N,sonnet
49332,I_2,E1VIOLENCE,N,sonnet
49332,I_2,E1RADICAL,N,sonnet
49332,I_2,E2ALLEGATION,N,sonnet
49332,I_2,E2DEHUMANIZATION,N,sonnet
49332,I_2,E2DEMONIZE,N,sonnet
49332,I_2,E2STEREOTYPE,N,sonnet
49332,I_2,E2COLLECTIVEPOWER,N,sonnet
49332,I_2,E2CONSPIRACY,N,sonnet
49332,I_2,E2CONTROLMEDIA,N,sonnet
49332,I_2,E2CONTROLECONOMY,N,sonnet
49332,I_2,E2CONTROLGOV,N,sonnet
49332,I_2,E2CONTROLOTHER,N,sonnet
49332,I_2,E3COLLECTIVEBLAME,N,sonnet
10247,I_2,E1VIOLENCE,N,sonnet
10247,I_2,E1RADICAL,N,sonnet
10247,I_2,E2ALLEGATION,I,sonnet
10247,I_2,E2DEHUMANIZATION,N,sonnet
10247,I_2,E2DEMONIZE,I,sonnet
10247,I_2,E2STEREOTYPE,I,sonnet
10247,I_2,E2COLLECTIVEPOWER,N,sonnet
10247,I_2,E2CONSPIRACY,N,sonnet
10247,I_2,E2CONTROLMEDIA,N,sonnet
10247,I_2,E2CONTROLECONOMY,N,sonnet
10247,I_2,E2CONTROLGOV,N,sonnet
10247,I_2,E2CONTROLOTHER,I,sonnet
10247,I_2,E3COLLECTIVEBLAME,I,sonnet
46434,I_2,E1VIOLENCE,N,gpt4o
46434,I_2,E1RADICAL,N,gpt4o
46434,I_2,E2ALLEGATION,I,gpt4o
46434,I_2,E2DEHUMANIZATION,N,gpt4o
46434,I_2,E2DEMONIZE,I,gpt4o
46434,I_2,E2STEREOTYPE,I,gpt4o
46434,I_2,E2COLLECTIVEPOWER,I,gpt4o
46434,I_2,E2CONSPIRACY,I,gpt4o
46434,I_2,E2CONTROLMEDIA,I,gpt4o
46434,I_2,E2CONTROLECONOMY,N,gpt4o
46434,I_2,E2CONTROLGOV,N,gpt4o
46434,I_2,E2CONTROLOTHER,N,gpt4o
46434,I_2,E3COLLECTIVEBLAME,N,gpt4o
20011,I_2,E1VIOLENCE,E,sonnet
20011,I_2,E1RADICAL,N,sonnet
20011,I_2,E2ALLEGATION,N,sonnet
20011,I_2,E2DEHUMANIZATION,E,sonnet
20011,I_2,E2DEMONIZE,N,sonnet
20011,I_2,E2STEREOTYPE,N,sonnet
20011,I_2,E2COLLECTIVEPOWER,N,sonnet
20011,I_2,E2CONSPIRACY,N,sonnet
20011,I_2,E2CONTROLMEDIA,N,sonnet
20011,I_2,E2CONTROLECONOMY,N,sonnet
20011,I_2,E2CONTROLGOV,N,sonnet
20011,I_2,E2CONTROLOTHER,N,sonnet
20011,I_2,E3COLLECTIVEBLAME,N,sonnet
14323,I_2,E1VIOLENCE,N,gpt4o
14323,I_2,E1RADICAL,N,gpt4o
14323,I_2,E2ALLEGATION,E,gpt4o
14323,I_2,E2DEHUMANIZATION,N,gpt4o
14323,I_2,E2DEMONIZE,E,gpt4o
14323,I_2,E2STEREOTYPE,I,gpt4o
14323,I_2,E2COLLECTIVEPOWER,E,gpt4o
14323,I_2,E2CONSPIRACY,E,gpt4o
14323,I_2,E2CONTROLMEDIA,N,gpt4o
14323,I_2,E2CONTROLECONOMY,I,gpt4o
14323,I_2,E2CONTROLGOV,I,gpt4o
14323,I_2,E2CONTROLOTHER,I,gpt4o
14323,I_2,E3COLLECTIVEBLAME,I,gpt4o
7672,I_2,E1VIOLENCE,N,sonnet
7672,I_2,E1RADICAL,N,sonnet
7672,I_2,E2ALLEGATION,N,sonnet
7672,I_2,E2DEHUMANIZATION,N,sonnet
7672,I_2,E2DEMONIZE,N,sonnet
7672,I_2,E2STEREOTYPE,N,sonnet
7672,I_2,E2COLLECTIVEPOWER,N,sonnet
7672,I_2,E2CONSPIRACY,N,sonnet
7672,I_2,E2CONTROLMEDIA,N,sonnet
7672,I_2,E2CONTROLECONOMY,N,sonnet
7672,I_2,E2CONTROLGOV,N,sonnet
7672,I_2,E2CONTROLOTHER,N,sonnet
7672,I_2,E3COLLECTIVEBLAME,N,sonnet
42911,I_2,E1VIOLENCE,N,sonnet
42911,I_2,E1RADICAL,N,sonnet
42911,I_2,E2ALLEGATION,I,sonnet
42911,I_2,E2DEHUMANIZATION,I,sonnet
42911,I_2,E2DEMONIZE,I,sonnet
42911,I_2,E2STEREOTYPE,I,sonnet
42911,I_2,E2COLLECTIVEPOWER,N,sonnet
42911,I_2,E2CONSPIRACY,N,sonnet
42911,I_2,E2CONTROLMEDIA,N,sonnet
42911,I_2,E2CONTROLECONOMY,N,sonnet
42911,I_2,E2CONTROLGOV,N,sonnet
42911,I_2,E2CONTROLOTHER,N,sonnet
42911,I_2,E3COLLECTIVEBLAME,N,sonnet
48806,I_2,E1VIOLENCE,N,sonnet
48806,I_2,E1RADICAL,N,sonnet
48806,I_2,E2ALLEGATION,N,sonnet
48806,I_2,E2DEHUMANIZATION,N,sonnet
48806,I_2,E2DEMONIZE,N,sonnet
48806,I_2,E2STEREOTYPE,N,sonnet
48806,I_2,E2COLLECTIVEPOWER,N,sonnet
48806,I_2,E2CONSPIRACY,N,sonnet
48806,I_2,E2CONTROLMEDIA,N,sonnet
48806,I_2,E2CONTROLECONOMY,N,sonnet
48806,I_2,E2CONTROLGOV,N,sonnet
48806,I_2,E2CONTROLOTHER,N,sonnet
48806,I_2,E3COLLECTIVEBLAME,N,sonnet
25919,I_2,E1VIOLENCE,N,sonnet
25919,I_2,E1RADICAL,N,sonnet
25919,I_2,E2ALLEGATION,N,sonnet
25919,I_2,E2DEHUMANIZATION,N,sonnet
25919,I_2,E2DEMONIZE,N,sonnet
25919,I_2,E2STEREOTYPE,N,sonnet
25919,I_2,E2COLLECTIVEPOWER,N,sonnet
25919,I_2,E2CONSPIRACY,N,sonnet
25919,I_2,E2CONTROLMEDIA,N,sonnet
25919,I_2,E2CONTROLECONOMY,N,sonnet
25919,I_2,E2CONTROLGOV,N,sonnet
25919,I_2,E2CONTROLOTHER,N,sonnet
25919,I_2,E3COLLECTIVEBLAME,N,sonnet
48530,I_2,E1VIOLENCE,N,sonnet
48530,I_2,E1RADICAL,N,sonnet
48530,I_2,E2ALLEGATION,N,sonnet
48530,I_2,E2DEHUMANIZATION,N,sonnet
48530,I_2,E2DEMONIZE,N,sonnet
48530,I_2,E2STEREOTYPE,N,sonnet
48530,I_2,E2COLLECTIVEPOWER,N,sonnet
48530,I_2,E2CONSPIRACY,N,sonnet
48530,I_2,E2CONTROLMEDIA,N,sonnet
48530,I_2,E2CONTROLECONOMY,N,sonnet
48530,I_2,E2CONTROLGOV,N,sonnet
48530,I_2,E2CONTROLOTHER,N,sonnet
48530,I_2,E3COLLECTIVEBLAME,N,sonnet
41155,I_2,E1VIOLENCE,E,sonnet
41155,I_2,E1RADICAL,N,sonnet
41155,I_2,E2ALLEGATION,N,sonnet
41155,I_2,E2DEHUMANIZATION,E,sonnet
41155,I_2,E2DEMONIZE,E,sonnet
41155,I_2,E2STEREOTYPE,N,sonnet
41155,I_2,E2COLLECTIVEPOWER,N,sonnet
41155,I_2,E2CONSPIRACY,N,sonnet
41155,I_2,E2CONTROLMEDIA,N,sonnet
41155,I_2,E2CONTROLECONOMY,N,sonnet
41155,I_2,E2CONTROLGOV,N,sonnet
41155,I_2,E2CONTROLOTHER,N,sonnet
41155,I_2,E3COLLECTIVEBLAME,N,sonnet
10670,I_2,E1VIOLENCE,N,sonnet
10670,I_2,E1RADICAL,N,sonnet
10670,I_2,E2ALLEGATION,N,sonnet
10670,I_2,E2DEHUMANIZATION,N,sonnet
10670,I_2,E2DEMONIZE,N,sonnet
10670,I_2,E2STEREOTYPE,N,sonnet
10670,I_2,E2COLLECTIVEPOWER,N,sonnet
10670,I_2,E2CONSPIRACY,N,sonnet
10670,I_2,E2CONTROLMEDIA,N,sonnet
10670,I_2,E2CONTROLECONOMY,N,sonnet
10670,I_2,E2CONTROLGOV,N,sonnet
10670,I_2,E2CONTROLOTHER,N,sonnet
10670,I_2,E3COLLECTIVEBLAME,N,sonnet
48650,I_2,E1VIOLENCE,N,sonnet
48650,I_2,E1RADICAL,N,sonnet
48650,I_2,E2ALLEGATION,A,sonnet
48650,I_2,E2DEHUMANIZATION,N,sonnet
48650,I_2,E2DEMONIZE,A,sonnet
48650,I_2,E2STEREOTYPE,N,sonnet
48650,I_2,E2COLLECTIVEPOWER,N,sonnet
48650,I_2,E2CONSPIRACY,N,sonnet
48650,I_2,E2CONTROLMEDIA,N,sonnet
48650,I_2,E2CONTROLECONOMY,N,sonnet
48650,I_2,E2CONTROLGOV,N,sonnet
48650,I_2,E2CONTROLOTHER,N,sonnet
48650,I_2,E3COLLECTIVEBLAME,N,sonnet
40840,I_2,E1VIOLENCE,E,sonnet
40840,I_2,E1RADICAL,N,sonnet
40840,I_2,E2ALLEGATION,I,sonnet
40840,I_2,E2DEHUMANIZATION,I,sonnet
40840,I_2,E2DEMONIZE,E,sonnet
40840,I_2,E2STEREOTYPE,N,sonnet
40840,I_2,E2COLLECTIVEPOWER,N,sonnet
40840,I_2,E2CONSPIRACY,N,sonnet
40840,I_2,E2CONTROLMEDIA,N,sonnet
40840,I_2,E2CONTROLECONOMY,N,sonnet
40840,I_2,E2CONTROLGOV,N,sonnet
40840,I_2,E2CONTROLOTHER,N,sonnet
40840,I_2,E3COLLECTIVEBLAME,I,sonnet
5834,I_2,E1VIOLENCE,N,sonnet
5834,I_2,E1RADICAL,N,sonnet
5834,I_2,E2ALLEGATION,N,sonnet
5834,I_2,E2DEHUMANIZATION,N,sonnet
5834,I_2,E2DEMONIZE,N,sonnet
5834,I_2,E2STEREOTYPE,N,sonnet
5834,I_2,E2COLLECTIVEPOWER,N,sonnet
5834,I_2,E2CONSPIRACY,N,sonnet
5834,I_2,E2CONTROLMEDIA,N,sonnet
5834,I_2,E2CONTROLECONOMY,N,sonnet
5834,I_2,E2CONTROLGOV,N,sonnet
5834,I_2,E2CONTROLOTHER,N,sonnet
5834,I_2,E3COLLECTIVEBLAME,N,sonnet
43828,I_2,E1VIOLENCE,N,sonnet
43828,I_2,E1RADICAL,N,sonnet
43828,I_2,E2ALLEGATION,N,sonnet
43828,I_2,E2DEHUMANIZATION,N,sonnet
43828,I_2,E2DEMONIZE,N,sonnet
43828,I_2,E2STEREOTYPE,N,sonnet
43828,I_2,E2COLLECTIVEPOWER,N,sonnet
43828,I_2,E2CONSPIRACY,N,sonnet
43828,I_2,E2CONTROLMEDIA,N,sonnet
43828,I_2,E2CONTROLECONOMY,N,sonnet
43828,I_2,E2CONTROLGOV,N,sonnet
43828,I_2,E2CONTROLOTHER,N,sonnet
43828,I_2,E3COLLECTIVEBLAME,N,sonnet
17294,I_2,E1VIOLENCE,N,sonnet
17294,I_2,E1RADICAL,N,sonnet
17294,I_2,E2ALLEGATION,N,sonnet
17294,I_2,E2DEHUMANIZATION,N,sonnet
17294,I_2,E2DEMONIZE,N,sonnet
17294,I_2,E2STEREOTYPE,N,sonnet
17294,I_2,E2COLLECTIVEPOWER,N,sonnet
17294,I_2,E2CONSPIRACY,N,sonnet
17294,I_2,E2CONTROLMEDIA,N,sonnet
17294,I_2,E2CONTROLECONOMY,N,sonnet
17294,I_2,E2CONTROLGOV,N,sonnet
17294,I_2,E2CONTROLOTHER,N,sonnet
17294,I_2,E3COLLECTIVEBLAME,N,sonnet
4467,I_2,E1VIOLENCE,N,sonnet
4467,I_2,E1RADICAL,N,sonnet
4467,I_2,E2ALLEGATION,N,sonnet
4467,I_2,E2DEHUMANIZATION,N,sonnet
4467,I_2,E2DEMONIZE,N,sonnet
4467,I_2,E2STEREOTYPE,N,sonnet
4467,I_2,E2COLLECTIVEPOWER,N,sonnet
4467,I_2,E2CONSPIRACY,N,sonnet
4467,I_2,E2CONTROLMEDIA,N,sonnet
4467,I_2,E2CONTROLECONOMY,N,sonnet
4467,I_2,E2CONTROLGOV,N,sonnet
4467,I_2,E2CONTROLOTHER,N,sonnet
4467,I_2,E3COLLECTIVEBLAME,N,sonnet
7158,I_2,E1VIOLENCE,N,sonnet
7158,I_2,E1RADICAL,N,sonnet
7158,I_2,E2ALLEGATION,N,sonnet
7158,I_2,E2DEHUMANIZATION,N,sonnet
7158,I_2,E2DEMONIZE,N,sonnet
7158,I_2,E2STEREOTYPE,N,sonnet
7158,I_2,E2COLLECTIVEPOWER,N,sonnet
7158,I_2,E2CONSPIRACY,N,sonnet
7158,I_2,E2CONTROLMEDIA,N,sonnet
7158,I_2,E2CONTROLECONOMY,N,sonnet
7158,I_2,E2CONTROLGOV,N,sonnet
7158,I_2,E2CONTROLOTHER,N,sonnet
7158,I_2,E3COLLECTIVEBLAME,N,sonnet
17078,I_2,E1VIOLENCE,N,sonnet
17078,I_2,E1RADICAL,N,sonnet
17078,I_2,E2ALLEGATION,N,sonnet
17078,I_2,E2DEHUMANIZATION,N,sonnet
17078,I_2,E2DEMONIZE,N,sonnet
17078,I_2,E2STEREOTYPE,N,sonnet
17078,I_2,E2COLLECTIVEPOWER,N,sonnet
17078,I_2,E2CONSPIRACY,N,sonnet
17078,I_2,E2CONTROLMEDIA,N,sonnet
17078,I_2,E2CONTROLECONOMY,N,sonnet
17078,I_2,E2CONTROLGOV,N,sonnet
17078,I_2,E2CONTROLOTHER,N,sonnet
17078,I_2,E3COLLECTIVEBLAME,N,sonnet
14498,I_2,E1VIOLENCE,N,sonnet
14498,I_2,E1RADICAL,N,sonnet
14498,I_2,E2ALLEGATION,N,sonnet
14498,I_2,E2DEHUMANIZATION,N,sonnet
14498,I_2,E2DEMONIZE,N,sonnet
14498,I_2,E2STEREOTYPE,N,sonnet
14498,I_2,E2COLLECTIVEPOWER,N,sonnet
14498,I_2,E2CONSPIRACY,N,sonnet
14498,I_2,E2CONTROLMEDIA,N,sonnet
14498,I_2,E2CONTROLECONOMY,N,sonnet
14498,I_2,E2CONTROLGOV,N,sonnet
14498,I_2,E2CONTROLOTHER,N,sonnet
14498,I_2,E3COLLECTIVEBLAME,N,sonnet
30714,I_2,E1VIOLENCE,N,sonnet
30714,I_2,E1RADICAL,N,sonnet
30714,I_2,E2ALLEGATION,N,sonnet
30714,I_2,E2DEHUMANIZATION,N,sonnet
30714,I_2,E2DEMONIZE,N,sonnet
30714,I_2,E2STEREOTYPE,N,sonnet
30714,I_2,E2COLLECTIVEPOWER,N,sonnet
30714,I_2,E2CONSPIRACY,N,sonnet
30714,I_2,E2CONTROLMEDIA,N,sonnet
30714,I_2,E2CONTROLECONOMY,N,sonnet
30714,I_2,E2CONTROLGOV,N,sonnet
30714,I_2,E2CONTROLOTHER,N,sonnet
30714,I_2,E3COLLECTIVEBLAME,N,sonnet
43209,I_2,E1VIOLENCE,I,gpt4o
43209,I_2,E1RADICAL,I,gpt4o
43209,I_2,E2ALLEGATION,E,gpt4o
43209,I_2,E2DEHUMANIZATION,E,gpt4o
43209,I_2,E2DEMONIZE,E,gpt4o
43209,I_2,E2STEREOTYPE,E,gpt4o
43209,I_2,E2COLLECTIVEPOWER,E,gpt4o
43209,I_2,E2CONSPIRACY,E,gpt4o
43209,I_2,E2CONTROLMEDIA,N,gpt4o
43209,I_2,E2CONTROLECONOMY,N,gpt4o
43209,I_2,E2CONTROLGOV,I,gpt4o
43209,I_2,E2CONTROLOTHER,I,gpt4o
43209,I_2,E3COLLECTIVEBLAME,E,gpt4o
20243,I_2,E1VIOLENCE,N,sonnet
20243,I_2,E1RADICAL,N,sonnet
20243,I_2,E2ALLEGATION,N,sonnet
20243,I_2,E2DEHUMANIZATION,N,sonnet
20243,I_2,E2DEMONIZE,N,sonnet
20243,I_2,E2STEREOTYPE,N,sonnet
20243,I_2,E2COLLECTIVEPOWER,N,sonnet
20243,I_2,E2CONSPIRACY,N,sonnet
20243,I_2,E2CONTROLMEDIA,N,sonnet
20243,I_2,E2CONTROLECONOMY,N,sonnet
20243,I_2,E2CONTROLGOV,N,sonnet
20243,I_2,E2CONTROLOTHER,N,sonnet
20243,I_2,E3COLLECTIVEBLAME,N,sonnet
44808,I_2,E1VIOLENCE,N,sonnet
44808,I_2,E1RADICAL,N,sonnet
44808,I_2,E2ALLEGATION,N,sonnet
44808,I_2,E2DEHUMANIZATION,N,sonnet
44808,I_2,E2DEMONIZE,N,sonnet
44808,I_2,E2STEREOTYPE,N,sonnet
44808,I_2,E2COLLECTIVEPOWER,N,sonnet
44808,I_2,E2CONSPIRACY,N,sonnet
44808,I_2,E2CONTROLMEDIA,N,sonnet
44808,I_2,E2CONTROLECONOMY,N,sonnet
44808,I_2,E2CONTROLGOV,N,sonnet
44808,I_2,E2CONTROLOTHER,N,sonnet
44808,I_2,E3COLLECTIVEBLAME,N,sonnet
40120,I_2,E1VIOLENCE,N,sonnet
40120,I_2,E1RADICAL,N,sonnet
40120,I_2,E2ALLEGATION,N,sonnet
40120,I_2,E2DEHUMANIZATION,N,sonnet
40120,I_2,E2DEMONIZE,N,sonnet
40120,I_2,E2STEREOTYPE,N,sonnet
40120,I_2,E2COLLECTIVEPOWER,N,sonnet
40120,I_2,E2CONSPIRACY,N,sonnet
40120,I_2,E2CONTROLMEDIA,N,sonnet
40120,I_2,E2CONTROLECONOMY,N,sonnet
40120,I_2,E2CONTROLGOV,N,sonnet
40120,I_2,E2CONTROLOTHER,N,sonnet
40120,I_2,E3COLLECTIVEBLAME,N,sonnet
30599,I_2,E1VIOLENCE,N,sonnet
30599,I_2,E1RADICAL,N,sonnet
30599,I_2,E2ALLEGATION,N,sonnet
30599,I_2,E2DEHUMANIZATION,N,sonnet
30599,I_2,E2DEMONIZE,N,sonnet
30599,I_2,E2STEREOTYPE,N,sonnet
30599,I_2,E2COLLECTIVEPOWER,N,sonnet
30599,I_2,E2CONSPIRACY,N,sonnet
30599,I_2,E2CONTROLMEDIA,N,sonnet
30599,I_2,E2CONTROLECONOMY,N,sonnet
30599,I_2,E2CONTROLGOV,N,sonnet
30599,I_2,E2CONTROLOTHER,N,sonnet
30599,I_2,E3COLLECTIVEBLAME,N,sonnet
28389,I_2,E1VIOLENCE,N,sonnet
28389,I_2,E1RADICAL,N,sonnet
28389,I_2,E2ALLEGATION,N,sonnet
28389,I_2,E2DEHUMANIZATION,N,sonnet
28389,I_2,E2DEMONIZE,N,sonnet
28389,I_2,E2STEREOTYPE,N,sonnet
28389,I_2,E2COLLECTIVEPOWER,N,sonnet
28389,I_2,E2CONSPIRACY,N,sonnet
28389,I_2,E2CONTROLMEDIA,N,sonnet
28389,I_2,E2CONTROLECONOMY,N,sonnet
28389,I_2,E2CONTROLGOV,N,sonnet
28389,I_2,E2CONTROLOTHER,N,sonnet
28389,I_2,E3COLLECTIVEBLAME,N,sonnet
45922,I_2,E1VIOLENCE,N,sonnet
45922,I_2,E1RADICAL,N,sonnet
45922,I_2,E2ALLEGATION,N,sonnet
45922,I_2,E2DEHUMANIZATION,N,sonnet
45922,I_2,E2DEMONIZE,N,sonnet
45922,I_2,E2STEREOTYPE,N,sonnet
45922,I_2,E2COLLECTIVEPOWER,N,sonnet
45922,I_2,E2CONSPIRACY,N,sonnet
45922,I_2,E2CONTROLMEDIA,N,sonnet
45922,I_2,E2CONTROLECONOMY,N,sonnet
45922,I_2,E2CONTROLGOV,N,sonnet
45922,I_2,E2CONTROLOTHER,N,sonnet
45922,I_2,E3COLLECTIVEBLAME,N,sonnet
20389,I_2,E1VIOLENCE,N,sonnet
20389,I_2,E1RADICAL,N,sonnet
20389,I_2,E2ALLEGATION,N,sonnet
20389,I_2,E2DEHUMANIZATION,N,sonnet
20389,I_2,E2DEMONIZE,N,sonnet
20389,I_2,E2STEREOTYPE,N,sonnet
20389,I_2,E2COLLECTIVEPOWER,N,sonnet
20389,I_2,E2CONSPIRACY,N,sonnet
20389,I_2,E2CONTROLMEDIA,N,sonnet
20389,I_2,E2CONTROLECONOMY,N,sonnet
20389,I_2,E2CONTROLGOV,N,sonnet
20389,I_2,E2CONTROLOTHER,N,sonnet
20389,I_2,E3COLLECTIVEBLAME,N,sonnet
43889,I_2,E1VIOLENCE,A,sonnet
43889,I_2,E1RADICAL,A,sonnet
43889,I_2,E2ALLEGATION,N,sonnet
43889,I_2,E2DEHUMANIZATION,N,sonnet
43889,I_2,E2DEMONIZE,N,sonnet
43889,I_2,E2STEREOTYPE,N,sonnet
43889,I_2,E2COLLECTIVEPOWER,N,sonnet
43889,I_2,E2CONSPIRACY,N,sonnet
43889,I_2,E2CONTROLMEDIA,N,sonnet
43889,I_2,E2CONTROLECONOMY,N,sonnet
43889,I_2,E2CONTROLGOV,N,sonnet
43889,I_2,E2CONTROLOTHER,N,sonnet
43889,I_2,E3COLLECTIVEBLAME,N,sonnet
16610,I_2,E1VIOLENCE,N,sonnet
16610,I_2,E1RADICAL,N,sonnet
16610,I_2,E2ALLEGATION,N,sonnet
16610,I_2,E2DEHUMANIZATION,N,sonnet
16610,I_2,E2DEMONIZE,N,sonnet
16610,I_2,E2STEREOTYPE,N,sonnet
16610,I_2,E2COLLECTIVEPOWER,N,sonnet
16610,I_2,E2CONSPIRACY,N,sonnet
16610,I_2,E2CONTROLMEDIA,N,sonnet
16610,I_2,E2CONTROLECONOMY,N,sonnet
16610,I_2,E2CONTROLGOV,N,sonnet
16610,I_2,E2CONTROLOTHER,N,sonnet
16610,I_2,E3COLLECTIVEBLAME,N,sonnet
10313,I_2,E1VIOLENCE,E,sonnet
10313,I_2,E1RADICAL,N,sonnet
10313,I_2,E2ALLEGATION,N,sonnet
10313,I_2,E2DEHUMANIZATION,E,sonnet
10313,I_2,E2DEMONIZE,N,sonnet
10313,I_2,E2STEREOTYPE,N,sonnet
10313,I_2,E2COLLECTIVEPOWER,N,sonnet
10313,I_2,E2CONSPIRACY,N,sonnet
10313,I_2,E2CONTROLMEDIA,N,sonnet
10313,I_2,E2CONTROLECONOMY,N,sonnet
10313,I_2,E2CONTROLGOV,N,sonnet
10313,I_2,E2CONTROLOTHER,N,sonnet
10313,I_2,E3COLLECTIVEBLAME,N,sonnet
49568,I_2,E1VIOLENCE,N,sonnet
49568,I_2,E1RADICAL,N,sonnet
49568,I_2,E2ALLEGATION,N,sonnet
49568,I_2,E2DEHUMANIZATION,I,sonnet
49568,I_2,E2DEMONIZE,N,sonnet
49568,I_2,E2STEREOTYPE,N,sonnet
49568,I_2,E2COLLECTIVEPOWER,N,sonnet
49568,I_2,E2CONSPIRACY,N,sonnet
49568,I_2,E2CONTROLMEDIA,N,sonnet
49568,I_2,E2CONTROLECONOMY,N,sonnet
49568,I_2,E2CONTROLGOV,N,sonnet
49568,I_2,E2CONTROLOTHER,N,sonnet
49568,I_2,E3COLLECTIVEBLAME,N,sonnet
4477,I_2,E1VIOLENCE,N,sonnet
4477,I_2,E1RADICAL,N,sonnet
4477,I_2,E2ALLEGATION,N,sonnet
4477,I_2,E2DEHUMANIZATION,N,sonnet
4477,I_2,E2DEMONIZE,N,sonnet
4477,I_2,E2STEREOTYPE,N,sonnet
4477,I_2,E2COLLECTIVEPOWER,N,sonnet
4477,I_2,E2CONSPIRACY,N,sonnet
4477,I_2,E2CONTROLMEDIA,N,sonnet
4477,I_2,E2CONTROLECONOMY,N,sonnet
4477,I_2,E2CONTROLGOV,N,sonnet
4477,I_2,E2CONTROLOTHER,N,sonnet
4477,I_2,E3COLLECTIVEBLAME,N,sonnet
44653,I_2,E1VIOLENCE,N,sonnet
44653,I_2,E1RADICAL,N,sonnet
44653,I_2,E2ALLEGATION,I,sonnet
44653,I_2,E2DEHUMANIZATION,N,sonnet
44653,I_2,E2DEMONIZE,I,sonnet
44653,I_2,E2STEREOTYPE,N,sonnet
44653,I_2,E2COLLECTIVEPOWER,I,sonnet
44653,I_2,E2CONSPIRACY,I,sonnet
44653,I_2,E2CONTROLMEDIA,N,sonnet
44653,I_2,E2CONTROLECONOMY,N,sonnet
44653,I_2,E2CONTROLGOV,I,sonnet
44653,I_2,E2CONTROLOTHER,N,sonnet
44653,I_2,E3COLLECTIVEBLAME,N,sonnet
6447,I_2,E1VIOLENCE,A,sonnet
6447,I_2,E1RADICAL,N,sonnet
6447,I_2,E2ALLEGATION,N,sonnet
6447,I_2,E2DEHUMANIZATION,N,sonnet
6447,I_2,E2DEMONIZE,N,sonnet
6447,I_2,E2STEREOTYPE,N,sonnet
6447,I_2,E2COLLECTIVEPOWER,N,sonnet
6447,I_2,E2CONSPIRACY,N,sonnet
6447,I_2,E2CONTROLMEDIA,N,sonnet
6447,I_2,E2CONTROLECONOMY,N,sonnet
6447,I_2,E2CONTROLGOV,N,sonnet
6447,I_2,E2CONTROLOTHER,N,sonnet
6447,I_2,E3COLLECTIVEBLAME,N,sonnet
32448,I_2,E1VIOLENCE,N,sonnet
32448,I_2,E1RADICAL,N,sonnet
32448,I_2,E2ALLEGATION,A,sonnet
32448,I_2,E2DEHUMANIZATION,N,sonnet
32448,I_2,E2DEMONIZE,A,sonnet
32448,I_2,E2STEREOTYPE,N,sonnet
32448,I_2,E2COLLECTIVEPOWER,N,sonnet
32448,I_2,E2CONSPIRACY,N,sonnet
32448,I_2,E2CONTROLMEDIA,N,sonnet
32448,I_2,E2CONTROLECONOMY,N,sonnet
32448,I_2,E2CONTROLGOV,N,sonnet
32448,I_2,E2CONTROLOTHER,N,sonnet
32448,I_2,E3COLLECTIVEBLAME,N,sonnet
10735,I_2,E1VIOLENCE,N,sonnet
10735,I_2,E1RADICAL,N,sonnet
10735,I_2,E2ALLEGATION,N,sonnet
10735,I_2,E2DEHUMANIZATION,N,sonnet
10735,I_2,E2DEMONIZE,N,sonnet
10735,I_2,E2STEREOTYPE,N,sonnet
10735,I_2,E2COLLECTIVEPOWER,N,sonnet
10735,I_2,E2CONSPIRACY,N,sonnet
10735,I_2,E2CONTROLMEDIA,N,sonnet
10735,I_2,E2CONTROLECONOMY,N,sonnet
10735,I_2,E2CONTROLGOV,N,sonnet
10735,I_2,E2CONTROLOTHER,N,sonnet
10735,I_2,E3COLLECTIVEBLAME,N,sonnet
23429,I_2,E1VIOLENCE,N,sonnet
23429,I_2,E1RADICAL,N,sonnet
23429,I_2,E2ALLEGATION,I,sonnet
23429,I_2,E2DEHUMANIZATION,I,sonnet
23429,I_2,E2DEMONIZE,I,sonnet
23429,I_2,E2STEREOTYPE,I,sonnet
23429,I_2,E2COLLECTIVEPOWER,N,sonnet
23429,I_2,E2CONSPIRACY,N,sonnet
23429,I_2,E2CONTROLMEDIA,N,sonnet
23429,I_2,E2CONTROLECONOMY,N,sonnet
23429,I_2,E2CONTROLGOV,N,sonnet
23429,I_2,E2CONTROLOTHER,N,sonnet
23429,I_2,E3COLLECTIVEBLAME,N,sonnet
48161,I_2,E1VIOLENCE,N,sonnet
48161,I_2,E1RADICAL,N,sonnet
48161,I_2,E2ALLEGATION,E,sonnet
48161,I_2,E2DEHUMANIZATION,N,sonnet
48161,I_2,E2DEMONIZE,E,sonnet
48161,I_2,E2STEREOTYPE,N,sonnet
48161,I_2,E2COLLECTIVEPOWER,N,sonnet
48161,I_2,E2CONSPIRACY,N,sonnet
48161,I_2,E2CONTROLMEDIA,N,sonnet
48161,I_2,E2CONTROLECONOMY,N,sonnet
48161,I_2,E2CONTROLGOV,N,sonnet
48161,I_2,E2CONTROLOTHER,N,sonnet
48161,I_2,E3COLLECTIVEBLAME,E,sonnet
49978,I_2,E1VIOLENCE,N,sonnet
49978,I_2,E1RADICAL,N,sonnet
49978,I_2,E2ALLEGATION,N,sonnet
49978,I_2,E2DEHUMANIZATION,N,sonnet
49978,I_2,E2DEMONIZE,N,sonnet
49978,I_2,E2STEREOTYPE,N,sonnet
49978,I_2,E2COLLECTIVEPOWER,N,sonnet
49978,I_2,E2CONSPIRACY,N,sonnet
49978,I_2,E2CONTROLMEDIA,N,sonnet
49978,I_2,E2CONTROLECONOMY,N,sonnet
49978,I_2,E2CONTROLGOV,N,sonnet
49978,I_2,E2CONTROLOTHER,N,sonnet
49978,I_2,E3COLLECTIVEBLAME,N,sonnet
26944,I_2,E1VIOLENCE,I,sonnet
26944,I_2,E1RADICAL,N,sonnet
26944,I_2,E2ALLEGATION,I,sonnet
26944,I_2,E2DEHUMANIZATION,N,sonnet
26944,I_2,E2DEMONIZE,I,sonnet
26944,I_2,E2STEREOTYPE,N,sonnet
26944,I_2,E2COLLECTIVEPOWER,I,sonnet
26944,I_2,E2CONSPIRACY,I,sonnet
26944,I_2,E2CONTROLMEDIA,N,sonnet
26944,I_2,E2CONTROLECONOMY,N,sonnet
26944,I_2,E2CONTROLGOV,N,sonnet
26944,I_2,E2CONTROLOTHER,I,sonnet
26944,I_2,E3COLLECTIVEBLAME,N,sonnet
7311,I_2,E1VIOLENCE,N,sonnet
7311,I_2,E1RADICAL,N,sonnet
7311,I_2,E2ALLEGATION,N,sonnet
7311,I_2,E2DEHUMANIZATION,N,sonnet
7311,I_2,E2DEMONIZE,N,sonnet
7311,I_2,E2STEREOTYPE,N,sonnet
7311,I_2,E2COLLECTIVEPOWER,N,sonnet
7311,I_2,E2CONSPIRACY,N,sonnet
7311,I_2,E2CONTROLMEDIA,N,sonnet
7311,I_2,E2CONTROLECONOMY,N,sonnet
7311,I_2,E2CONTROLGOV,N,sonnet
7311,I_2,E2CONTROLOTHER,N,sonnet
7311,I_2,E3COLLECTIVEBLAME,N,sonnet
5948,I_2,E1VIOLENCE,N,sonnet
5948,I_2,E1RADICAL,N,sonnet
5948,I_2,E2ALLEGATION,N,sonnet
5948,I_2,E2DEHUMANIZATION,N,sonnet
5948,I_2,E2DEMONIZE,N,sonnet
5948,I_2,E2STEREOTYPE,N,sonnet
5948,I_2,E2COLLECTIVEPOWER,N,sonnet
5948,I_2,E2CONSPIRACY,N,sonnet
5948,I_2,E2CONTROLMEDIA,N,sonnet
5948,I_2,E2CONTROLECONOMY,N,sonnet
5948,I_2,E2CONTROLGOV,N,sonnet
5948,I_2,E2CONTROLOTHER,N,sonnet
5948,I_2,E3COLLECTIVEBLAME,N,sonnet
8612,I_2,E1VIOLENCE,N,sonnet
8612,I_2,E1RADICAL,N,sonnet
8612,I_2,E2ALLEGATION,N,sonnet
8612,I_2,E2DEHUMANIZATION,N,sonnet
8612,I_2,E2DEMONIZE,N,sonnet
8612,I_2,E2STEREOTYPE,N,sonnet
8612,I_2,E2COLLECTIVEPOWER,N,sonnet
8612,I_2,E2CONSPIRACY,N,sonnet
8612,I_2,E2CONTROLMEDIA,N,sonnet
8612,I_2,E2CONTROLECONOMY,N,sonnet
8612,I_2,E2CONTROLGOV,N,sonnet
8612,I_2,E2CONTROLOTHER,N,sonnet
8612,I_2,E3COLLECTIVEBLAME,N,sonnet
19775,I_2,E1VIOLENCE,N,sonnet
19775,I_2,E1RADICAL,N,sonnet
19775,I_2,E2ALLEGATION,N,sonnet
19775,I_2,E2DEHUMANIZATION,N,sonnet
19775,I_2,E2DEMONIZE,N,sonnet
19775,I_2,E2STEREOTYPE,N,sonnet
19775,I_2,E2COLLECTIVEPOWER,N,sonnet
19775,I_2,E2CONSPIRACY,N,sonnet
19775,I_2,E2CONTROLMEDIA,N,sonnet
19775,I_2,E2CONTROLECONOMY,N,sonnet
19775,I_2,E2CONTROLGOV,N,sonnet
19775,I_2,E2CONTROLOTHER,N,sonnet
19775,I_2,E3COLLECTIVEBLAME,N,sonnet
38507,I_2,E1VIOLENCE,N,sonnet
38507,I_2,E1RADICAL,N,sonnet
38507,I_2,E2ALLEGATION,N,sonnet
38507,I_2,E2DEHUMANIZATION,N,sonnet
38507,I_2,E2DEMONIZE,N,sonnet
38507,I_2,E2STEREOTYPE,N,sonnet
38507,I_2,E2COLLECTIVEPOWER,N,sonnet
38507,I_2,E2CONSPIRACY,N,sonnet
38507,I_2,E2CONTROLMEDIA,I,sonnet
38507,I_2,E2CONTROLECONOMY,N,sonnet
38507,I_2,E2CONTROLGOV,N,sonnet
38507,I_2,E2CONTROLOTHER,N,sonnet
38507,I_2,E3COLLECTIVEBLAME,N,sonnet
32751,I_2,E1VIOLENCE,E,sonnet
32751,I_2,E1RADICAL,N,sonnet
32751,I_2,E2ALLEGATION,N,sonnet
32751,I_2,E2DEHUMANIZATION,I,sonnet
32751,I_2,E2DEMONIZE,I,sonnet
32751,I_2,E2STEREOTYPE,N,sonnet
32751,I_2,E2COLLECTIVEPOWER,N,sonnet
32751,I_2,E2CONSPIRACY,N,sonnet
32751,I_2,E2CONTROLMEDIA,N,sonnet
32751,I_2,E2CONTROLECONOMY,N,sonnet
32751,I_2,E2CONTROLGOV,N,sonnet
32751,I_2,E2CONTROLOTHER,N,sonnet
32751,I_2,E3COLLECTIVEBLAME,N,sonnet
40679,I_2,E1VIOLENCE,N,sonnet
40679,I_2,E1RADICAL,N,sonnet
40679,I_2,E2ALLEGATION,N,sonnet
40679,I_2,E2DEHUMANIZATION,N,sonnet
40679,I_2,E2DEMONIZE,N,sonnet
40679,I_2,E2STEREOTYPE,N,sonnet
40679,I_2,E2COLLECTIVEPOWER,N,sonnet
40679,I_2,E2CONSPIRACY,N,sonnet
40679,I_2,E2CONTROLMEDIA,N,sonnet
40679,I_2,E2CONTROLECONOMY,N,sonnet
40679,I_2,E2CONTROLGOV,N,sonnet
40679,I_2,E2CONTROLOTHER,N,sonnet
40679,I_2,E3COLLECTIVEBLAME,N,sonnet
45949,I_2,E1VIOLENCE,N,sonnet
45949,I_2,E1RADICAL,N,sonnet
45949,I_2,E2ALLEGATION,E,sonnet
45949,I_2,E2DEHUMANIZATION,N,sonnet
45949,I_2,E2DEMONIZE,I,sonnet
45949,I_2,E2STEREOTYPE,E,sonnet
45949,I_2,E2COLLECTIVEPOWER,N,sonnet
45949,I_2,E2CONSPIRACY,N,sonnet
45949,I_2,E2CONTROLMEDIA,N,sonnet
45949,I_2,E2CONTROLECONOMY,I,sonnet
45949,I_2,E2CONTROLGOV,N,sonnet
45949,I_2,E2CONTROLOTHER,N,sonnet
45949,I_2,E3COLLECTIVEBLAME,I,sonnet
43431,I_2,E1VIOLENCE,N,sonnet
43431,I_2,E1RADICAL,N,sonnet
43431,I_2,E2ALLEGATION,I,sonnet
43431,I_2,E2DEHUMANIZATION,N,sonnet
43431,I_2,E2DEMONIZE,I,sonnet
43431,I_2,E2STEREOTYPE,N,sonnet
43431,I_2,E2COLLECTIVEPOWER,I,sonnet
43431,I_2,E2CONSPIRACY,I,sonnet
43431,I_2,E2CONTROLMEDIA,N,sonnet
43431,I_2,E2CONTROLECONOMY,N,sonnet
43431,I_2,E2CONTROLGOV,I,sonnet
43431,I_2,E2CONTROLOTHER,N,sonnet
43431,I_2,E3COLLECTIVEBLAME,N,sonnet
8311,I_2,E1VIOLENCE,N,sonnet
8311,I_2,E1RADICAL,N,sonnet
8311,I_2,E2ALLEGATION,N,sonnet
8311,I_2,E2DEHUMANIZATION,N,sonnet
8311,I_2,E2DEMONIZE,N,sonnet
8311,I_2,E2STEREOTYPE,N,sonnet
8311,I_2,E2COLLECTIVEPOWER,N,sonnet
8311,I_2,E2CONSPIRACY,N,sonnet
8311,I_2,E2CONTROLMEDIA,N,sonnet
8311,I_2,E2CONTROLECONOMY,N,sonnet
8311,I_2,E2CONTROLGOV,N,sonnet
8311,I_2,E2CONTROLOTHER,N,sonnet
8311,I_2,E3COLLECTIVEBLAME,N,sonnet
31160,I_2,E1VIOLENCE,N,sonnet
31160,I_2,E1RADICAL,N,sonnet
31160,I_2,E2ALLEGATION,N,sonnet
31160,I_2,E2DEHUMANIZATION,N,sonnet
31160,I_2,E2DEMONIZE,N,sonnet
31160,I_2,E2STEREOTYPE,N,sonnet
31160,I_2,E2COLLECTIVEPOWER,N,sonnet
31160,I_2,E2CONSPIRACY,N,sonnet
31160,I_2,E2CONTROLMEDIA,N,sonnet
31160,I_2,E2CONTROLECONOMY,N,sonnet
31160,I_2,E2CONTROLGOV,N,sonnet
31160,I_2,E2CONTROLOTHER,N,sonnet
31160,I_2,E3COLLECTIVEBLAME,N,sonnet
38057,I_2,E1VIOLENCE,N,sonnet
38057,I_2,E1RADICAL,N,sonnet
38057,I_2,E2ALLEGATION,N,sonnet
38057,I_2,E2DEHUMANIZATION,N,sonnet
38057,I_2,E2DEMONIZE,N,sonnet
38057,I_2,E2STEREOTYPE,N,sonnet
38057,I_2,E2COLLECTIVEPOWER,N,sonnet
38057,I_2,E2CONSPIRACY,N,sonnet
38057,I_2,E2CONTROLMEDIA,N,sonnet
38057,I_2,E2CONTROLECONOMY,N,sonnet
38057,I_2,E2CONTROLGOV,N,sonnet
38057,I_2,E2CONTROLOTHER,N,sonnet
38057,I_2,E3COLLECTIVEBLAME,N,sonnet
808,I_2,E1VIOLENCE,N,sonnet
808,I_2,E1RADICAL,N,sonnet
808,I_2,E2ALLEGATION,N,sonnet
808,I_2,E2DEHUMANIZATION,N,sonnet
808,I_2,E2DEMONIZE,N,sonnet
808,I_2,E2STEREOTYPE,N,sonnet
808,I_2,E2COLLECTIVEPOWER,N,sonnet
808,I_2,E2CONSPIRACY,N,sonnet
808,I_2,E2CONTROLMEDIA,N,sonnet
808,I_2,E2CONTROLECONOMY,N,sonnet
808,I_2,E2CONTROLGOV,N,sonnet
808,I_2,E2CONTROLOTHER,N,sonnet
808,I_2,E3COLLECTIVEBLAME,N,sonnet
32753,I_2,E1VIOLENCE,N,sonnet
32753,I_2,E1RADICAL,N,sonnet
32753,I_2,E2ALLEGATION,N,sonnet
32753,I_2,E2DEHUMANIZATION,N,sonnet
32753,I_2,E2DEMONIZE,N,sonnet
32753,I_2,E2STEREOTYPE,N,sonnet
32753,I_2,E2COLLECTIVEPOWER,N,sonnet
32753,I_2,E2CONSPIRACY,N,sonnet
32753,I_2,E2CONTROLMEDIA,N,sonnet
32753,I_2,E2CONTROLECONOMY,N,sonnet
32753,I_2,E2CONTROLGOV,N,sonnet
32753,I_2,E2CONTROLOTHER,N,sonnet
32753,I_2,E3COLLECTIVEBLAME,N,sonnet
10370,I_2,E1VIOLENCE,N,sonnet
10370,I_2,E1RADICAL,N,sonnet
10370,I_2,E2ALLEGATION,E,sonnet
10370,I_2,E2DEHUMANIZATION,E,sonnet
10370,I_2,E2DEMONIZE,E,sonnet
10370,I_2,E2STEREOTYPE,E,sonnet
10370,I_2,E2COLLECTIVEPOWER,N,sonnet
10370,I_2,E2CONSPIRACY,N,sonnet
10370,I_2,E2CONTROLMEDIA,N,sonnet
10370,I_2,E2CONTROLECONOMY,N,sonnet
10370,I_2,E2CONTROLGOV,N,sonnet
10370,I_2,E2CONTROLOTHER,N,sonnet
10370,I_2,E3COLLECTIVEBLAME,E,sonnet
2565,I_2,E1VIOLENCE,N,sonnet
2565,I_2,E1RADICAL,N,sonnet
2565,I_2,E2ALLEGATION,N,sonnet
2565,I_2,E2DEHUMANIZATION,N,sonnet
2565,I_2,E2DEMONIZE,N,sonnet
2565,I_2,E2STEREOTYPE,N,sonnet
2565,I_2,E2COLLECTIVEPOWER,I,sonnet
2565,I_2,E2CONSPIRACY,N,sonnet
2565,I_2,E2CONTROLMEDIA,N,sonnet
2565,I_2,E2CONTROLECONOMY,N,sonnet
2565,I_2,E2CONTROLGOV,N,sonnet
2565,I_2,E2CONTROLOTHER,I,sonnet
2565,I_2,E3COLLECTIVEBLAME,N,sonnet
34163,I_2,E1VIOLENCE,N,sonnet
34163,I_2,E1RADICAL,N,sonnet
34163,I_2,E2ALLEGATION,N,sonnet
34163,I_2,E2DEHUMANIZATION,N,sonnet
34163,I_2,E2DEMONIZE,N,sonnet
34163,I_2,E2STEREOTYPE,N,sonnet
34163,I_2,E2COLLECTIVEPOWER,N,sonnet
34163,I_2,E2CONSPIRACY,N,sonnet
34163,I_2,E2CONTROLMEDIA,N,sonnet
34163,I_2,E2CONTROLECONOMY,N,sonnet
34163,I_2,E2CONTROLGOV,N,sonnet
34163,I_2,E2CONTROLOTHER,N,sonnet
34163,I_2,E3COLLECTIVEBLAME,N,sonnet
8221,I_2,E1VIOLENCE,A,sonnet
8221,I_2,E1RADICAL,A,sonnet
8221,I_2,E2ALLEGATION,N,sonnet
8221,I_2,E2DEHUMANIZATION,N,sonnet
8221,I_2,E2DEMONIZE,N,sonnet
8221,I_2,E2STEREOTYPE,N,sonnet
8221,I_2,E2COLLECTIVEPOWER,N,sonnet
8221,I_2,E2CONSPIRACY,N,sonnet
8221,I_2,E2CONTROLMEDIA,N,sonnet
8221,I_2,E2CONTROLECONOMY,N,sonnet
8221,I_2,E2CONTROLGOV,N,sonnet
8221,I_2,E2CONTROLOTHER,N,sonnet
8221,I_2,E3COLLECTIVEBLAME,N,sonnet
24720,I_2,E1VIOLENCE,N,sonnet
24720,I_2,E1RADICAL,N,sonnet
24720,I_2,E2ALLEGATION,N,sonnet
24720,I_2,E2DEHUMANIZATION,N,sonnet
24720,I_2,E2DEMONIZE,N,sonnet
24720,I_2,E2STEREOTYPE,N,sonnet
24720,I_2,E2COLLECTIVEPOWER,N,sonnet
24720,I_2,E2CONSPIRACY,N,sonnet
24720,I_2,E2CONTROLMEDIA,N,sonnet
24720,I_2,E2CONTROLECONOMY,N,sonnet
24720,I_2,E2CONTROLGOV,N,sonnet
24720,I_2,E2CONTROLOTHER,N,sonnet
24720,I_2,E3COLLECTIVEBLAME,N,sonnet
47406,I_2,E1VIOLENCE,N,sonnet
47406,I_2,E1RADICAL,N,sonnet
47406,I_2,E2ALLEGATION,N,sonnet
47406,I_2,E2DEHUMANIZATION,N,sonnet
47406,I_2,E2DEMONIZE,N,sonnet
47406,I_2,E2STEREOTYPE,N,sonnet
47406,I_2,E2COLLECTIVEPOWER,N,sonnet
47406,I_2,E2CONSPIRACY,N,sonnet
47406,I_2,E2CONTROLMEDIA,N,sonnet
47406,I_2,E2CONTROLECONOMY,N,sonnet
47406,I_2,E2CONTROLGOV,N,sonnet
47406,I_2,E2CONTROLOTHER,N,sonnet
47406,I_2,E3COLLECTIVEBLAME,N,sonnet
29254,I_2,E1VIOLENCE,N,sonnet
29254,I_2,E1RADICAL,N,sonnet
29254,I_2,E2ALLEGATION,N,sonnet
29254,I_2,E2DEHUMANIZATION,N,sonnet
29254,I_2,E2DEMONIZE,N,sonnet
29254,I_2,E2STEREOTYPE,N,sonnet
29254,I_2,E2COLLECTIVEPOWER,N,sonnet
29254,I_2,E2CONSPIRACY,N,sonnet
29254,I_2,E2CONTROLMEDIA,N,sonnet
29254,I_2,E2CONTROLECONOMY,N,sonnet
29254,I_2,E2CONTROLGOV,N,sonnet
29254,I_2,E2CONTROLOTHER,N,sonnet
29254,I_2,E3COLLECTIVEBLAME,N,sonnet
20192,I_2,E1VIOLENCE,N,sonnet
20192,I_2,E1RADICAL,N,sonnet
20192,I_2,E2ALLEGATION,N,sonnet
20192,I_2,E2DEHUMANIZATION,N,sonnet
20192,I_2,E2DEMONIZE,N,sonnet
20192,I_2,E2STEREOTYPE,N,sonnet
20192,I_2,E2COLLECTIVEPOWER,N,sonnet
20192,I_2,E2CONSPIRACY,N,sonnet
20192,I_2,E2CONTROLMEDIA,N,sonnet
20192,I_2,E2CONTROLECONOMY,N,sonnet
20192,I_2,E2CONTROLGOV,N,sonnet
20192,I_2,E2CONTROLOTHER,N,sonnet
20192,I_2,E3COLLECTIVEBLAME,N,sonnet
46201,I_2,E1VIOLENCE,N,sonnet
46201,I_2,E1RADICAL,N,sonnet
46201,I_2,E2ALLEGATION,E,sonnet
46201,I_2,E2DEHUMANIZATION,I,sonnet
46201,I_2,E2DEMONIZE,E,sonnet
46201,I_2,E2STEREOTYPE,E,sonnet
46201,I_2,E2COLLECTIVEPOWER,N,sonnet
46201,I_2,E2CONSPIRACY,N,sonnet
46201,I_2,E2CONTROLMEDIA,N,sonnet
46201,I_2,E2CONTROLECONOMY,N,sonnet
46201,I_2,E2CONTROLGOV,N,sonnet
46201,I_2,E2CONTROLOTHER,N,sonnet
46201,I_2,E3COLLECTIVEBLAME,E,sonnet
7291,I_2,E1VIOLENCE,N,sonnet
7291,I_2,E1RADICAL,N,sonnet
7291,I_2,E2ALLEGATION,N,sonnet
7291,I_2,E2DEHUMANIZATION,N,sonnet
7291,I_2,E2DEMONIZE,N,sonnet
7291,I_2,E2STEREOTYPE,N,sonnet
7291,I_2,E2COLLECTIVEPOWER,N,sonnet
7291,I_2,E2CONSPIRACY,N,sonnet
7291,I_2,E2CONTROLMEDIA,N,sonnet
7291,I_2,E2CONTROLECONOMY,N,sonnet
7291,I_2,E2CONTROLGOV,N,sonnet
7291,I_2,E2CONTROLOTHER,N,sonnet
7291,I_2,E3COLLECTIVEBLAME,N,sonnet
13572,I_2,E1VIOLENCE,N,sonnet
13572,I_2,E1RADICAL,N,sonnet
13572,I_2,E2ALLEGATION,N,sonnet
13572,I_2,E2DEHUMANIZATION,N,sonnet
13572,I_2,E2DEMONIZE,N,sonnet
13572,I_2,E2STEREOTYPE,N,sonnet
13572,I_2,E2COLLECTIVEPOWER,N,sonnet
13572,I_2,E2CONSPIRACY,N,sonnet
13572,I_2,E2CONTROLMEDIA,N,sonnet
13572,I_2,E2CONTROLECONOMY,N,sonnet
13572,I_2,E2CONTROLGOV,N,sonnet
13572,I_2,E2CONTROLOTHER,N,sonnet
13572,I_2,E3COLLECTIVEBLAME,N,sonnet
17260,I_2,E1VIOLENCE,N,sonnet
17260,I_2,E1RADICAL,N,sonnet
17260,I_2,E2ALLEGATION,N,sonnet
17260,I_2,E2DEHUMANIZATION,N,sonnet
17260,I_2,E2DEMONIZE,N,sonnet
17260,I_2,E2STEREOTYPE,N,sonnet
17260,I_2,E2COLLECTIVEPOWER,N,sonnet
17260,I_2,E2CONSPIRACY,N,sonnet
17260,I_2,E2CONTROLMEDIA,N,sonnet
17260,I_2,E2CONTROLECONOMY,N,sonnet
17260,I_2,E2CONTROLGOV,N,sonnet
17260,I_2,E2CONTROLOTHER,N,sonnet
17260,I_2,E3COLLECTIVEBLAME,N,sonnet
7160,I_2,E1VIOLENCE,N,sonnet
7160,I_2,E1RADICAL,N,sonnet
7160,I_2,E2ALLEGATION,N,sonnet
7160,I_2,E2DEHUMANIZATION,N,sonnet
7160,I_2,E2DEMONIZE,N,sonnet
7160,I_2,E2STEREOTYPE,N,sonnet
7160,I_2,E2COLLECTIVEPOWER,N,sonnet
7160,I_2,E2CONSPIRACY,N,sonnet
7160,I_2,E2CONTROLMEDIA,N,sonnet
7160,I_2,E2CONTROLECONOMY,N,sonnet
7160,I_2,E2CONTROLGOV,N,sonnet
7160,I_2,E2CONTROLOTHER,N,sonnet
7160,I_2,E3COLLECTIVEBLAME,N,sonnet
29562,I_2,E1VIOLENCE,N,sonnet
29562,I_2,E1RADICAL,N,sonnet
29562,I_2,E2ALLEGATION,I,sonnet
29562,I_2,E2DEHUMANIZATION,N,sonnet
29562,I_2,E2DEMONIZE,I,sonnet
29562,I_2,E2STEREOTYPE,I,sonnet
29562,I_2,E2COLLECTIVEPOWER,N,sonnet
29562,I_2,E2CONSPIRACY,N,sonnet
29562,I_2,E2CONTROLMEDIA,N,sonnet
29562,I_2,E2CONTROLECONOMY,N,sonnet
29562,I_2,E2CONTROLGOV,N,sonnet
29562,I_2,E2CONTROLOTHER,N,sonnet
29562,I_2,E3COLLECTIVEBLAME,I,sonnet
33352,I_2,E1VIOLENCE,N,sonnet
33352,I_2,E1RADICAL,N,sonnet
33352,I_2,E2ALLEGATION,N,sonnet
33352,I_2,E2DEHUMANIZATION,N,sonnet
33352,I_2,E2DEMONIZE,N,sonnet
33352,I_2,E2STEREOTYPE,N,sonnet
33352,I_2,E2COLLECTIVEPOWER,N,sonnet
33352,I_2,E2CONSPIRACY,N,sonnet
33352,I_2,E2CONTROLMEDIA,N,sonnet
33352,I_2,E2CONTROLECONOMY,N,sonnet
33352,I_2,E2CONTROLGOV,N,sonnet
33352,I_2,E2CONTROLOTHER,N,sonnet
33352,I_2,E3COLLECTIVEBLAME,N,sonnet
26160,I_2,E1VIOLENCE,N,sonnet
26160,I_2,E1RADICAL,N,sonnet
26160,I_2,E2ALLEGATION,N,sonnet
26160,I_2,E2DEHUMANIZATION,N,sonnet
26160,I_2,E2DEMONIZE,N,sonnet
26160,I_2,E2STEREOTYPE,I,sonnet
26160,I_2,E2COLLECTIVEPOWER,I,sonnet
26160,I_2,E2CONSPIRACY,I,sonnet
26160,I_2,E2CONTROLMEDIA,N,sonnet
26160,I_2,E2CONTROLECONOMY,N,sonnet
26160,I_2,E2CONTROLGOV,N,sonnet
26160,I_2,E2CONTROLOTHER,N,sonnet
26160,I_2,E3COLLECTIVEBLAME,N,sonnet
12122,I_2,E1VIOLENCE,N,sonnet
12122,I_2,E1RADICAL,N,sonnet
12122,I_2,E2ALLEGATION,N,sonnet
12122,I_2,E2DEHUMANIZATION,N,sonnet
12122,I_2,E2DEMONIZE,N,sonnet
12122,I_2,E2STEREOTYPE,N,sonnet
12122,I_2,E2COLLECTIVEPOWER,N,sonnet
12122,I_2,E2CONSPIRACY,N,sonnet
12122,I_2,E2CONTROLMEDIA,N,sonnet
12122,I_2,E2CONTROLECONOMY,N,sonnet
12122,I_2,E2CONTROLGOV,N,sonnet
12122,I_2,E2CONTROLOTHER,N,sonnet
12122,I_2,E3COLLECTIVEBLAME,N,sonnet
6427,I_2,E1VIOLENCE,N,sonnet
6427,I_2,E1RADICAL,N,sonnet
6427,I_2,E2ALLEGATION,I,sonnet
6427,I_2,E2DEHUMANIZATION,N,sonnet
6427,I_2,E2DEMONIZE,I,sonnet
6427,I_2,E2STEREOTYPE,I,sonnet
6427,I_2,E2COLLECTIVEPOWER,I,sonnet
6427,I_2,E2CONSPIRACY,I,sonnet
6427,I_2,E2CONTROLMEDIA,N,sonnet
6427,I_2,E2CONTROLECONOMY,N,sonnet
6427,I_2,E2CONTROLGOV,N,sonnet
6427,I_2,E2CONTROLOTHER,N,sonnet
6427,I_2,E3COLLECTIVEBLAME,N,sonnet
30046,I_2,E1VIOLENCE,N,sonnet
30046,I_2,E1RADICAL,N,sonnet
30046,I_2,E2ALLEGATION,N,sonnet
30046,I_2,E2DEHUMANIZATION,N,sonnet
30046,I_2,E2DEMONIZE,N,sonnet
30046,I_2,E2STEREOTYPE,N,sonnet
30046,I_2,E2COLLECTIVEPOWER,N,sonnet
30046,I_2,E2CONSPIRACY,N,sonnet
30046,I_2,E2CONTROLMEDIA,N,sonnet
30046,I_2,E2CONTROLECONOMY,N,sonnet
30046,I_2,E2CONTROLGOV,N,sonnet
30046,I_2,E2CONTROLOTHER,N,sonnet
30046,I_2,E3COLLECTIVEBLAME,N,sonnet
27527,I_2,E1VIOLENCE,N,sonnet
27527,I_2,E1RADICAL,N,sonnet
27527,I_2,E2ALLEGATION,N,sonnet
27527,I_2,E2DEHUMANIZATION,N,sonnet
27527,I_2,E2DEMONIZE,N,sonnet
27527,I_2,E2STEREOTYPE,N,sonnet
27527,I_2,E2COLLECTIVEPOWER,N,sonnet
27527,I_2,E2CONSPIRACY,N,sonnet
27527,I_2,E2CONTROLMEDIA,N,sonnet
27527,I_2,E2CONTROLECONOMY,N,sonnet
27527,I_2,E2CONTROLGOV,N,sonnet
27527,I_2,E2CONTROLOTHER,N,sonnet
27527,I_2,E3COLLECTIVEBLAME,N,sonnet
33587,I_2,E1VIOLENCE,N,sonnet
33587,I_2,E1RADICAL,N,sonnet
33587,I_2,E2ALLEGATION,I,sonnet
33587,I_2,E2DEHUMANIZATION,N,sonnet
33587,I_2,E2DEMONIZE,N,sonnet
33587,I_2,E2STEREOTYPE,N,sonnet
33587,I_2,E2COLLECTIVEPOWER,I,sonnet
33587,I_2,E2CONSPIRACY,N,sonnet
33587,I_2,E2CONTROLMEDIA,N,sonnet
33587,I_2,E2CONTROLECONOMY,N,sonnet
33587,I_2,E2CONTROLGOV,N,sonnet
33587,I_2,E2CONTROLOTHER,I,sonnet
33587,I_2,E3COLLECTIVEBLAME,N,sonnet
38527,I_2,E1VIOLENCE,N,sonnet
38527,I_2,E1RADICAL,N,sonnet
38527,I_2,E2ALLEGATION,N,sonnet
38527,I_2,E2DEHUMANIZATION,N,sonnet
38527,I_2,E2DEMONIZE,N,sonnet
38527,I_2,E2STEREOTYPE,N,sonnet
38527,I_2,E2COLLECTIVEPOWER,N,sonnet
38527,I_2,E2CONSPIRACY,N,sonnet
38527,I_2,E2CONTROLMEDIA,N,sonnet
38527,I_2,E2CONTROLECONOMY,N,sonnet
38527,I_2,E2CONTROLGOV,N,sonnet
38527,I_2,E2CONTROLOTHER,N,sonnet
38527,I_2,E3COLLECTIVEBLAME,N,sonnet
20023,I_2,E1VIOLENCE,N,sonnet
20023,I_2,E1RADICAL,N,sonnet
20023,I_2,E2ALLEGATION,N,sonnet
20023,I_2,E2DEHUMANIZATION,N,sonnet
20023,I_2,E2DEMONIZE,N,sonnet
20023,I_2,E2STEREOTYPE,N,sonnet
20023,I_2,E2COLLECTIVEPOWER,N,sonnet
20023,I_2,E2CONSPIRACY,N,sonnet
20023,I_2,E2CONTROLMEDIA,N,sonnet
20023,I_2,E2CONTROLECONOMY,N,sonnet
20023,I_2,E2CONTROLGOV,N,sonnet
20023,I_2,E2CONTROLOTHER,N,sonnet
20023,I_2,E3COLLECTIVEBLAME,N,sonnet
24689,I_2,E1VIOLENCE,N,sonnet
24689,I_2,E1RADICAL,N,sonnet
24689,I_2,E2ALLEGATION,N,sonnet
24689,I_2,E2DEHUMANIZATION,N,sonnet
24689,I_2,E2DEMONIZE,N,sonnet
24689,I_2,E2STEREOTYPE,N,sonnet
24689,I_2,E2COLLECTIVEPOWER,N,sonnet
24689,I_2,E2CONSPIRACY,N,sonnet
24689,I_2,E2CONTROLMEDIA,N,sonnet
24689,I_2,E2CONTROLECONOMY,N,sonnet
24689,I_2,E2CONTROLGOV,N,sonnet
24689,I_2,E2CONTROLOTHER,N,sonnet
24689,I_2,E3COLLECTIVEBLAME,N,sonnet
35282,I_2,E1VIOLENCE,N,sonnet
35282,I_2,E1RADICAL,N,sonnet
35282,I_2,E2ALLEGATION,N,sonnet
35282,I_2,E2DEHUMANIZATION,N,sonnet
35282,I_2,E2DEMONIZE,N,sonnet
35282,I_2,E2STEREOTYPE,N,sonnet
35282,I_2,E2COLLECTIVEPOWER,N,sonnet
35282,I_2,E2CONSPIRACY,N,sonnet
35282,I_2,E2CONTROLMEDIA,N,sonnet
35282,I_2,E2CONTROLECONOMY,N,sonnet
35282,I_2,E2CONTROLGOV,N,sonnet
35282,I_2,E2CONTROLOTHER,N,sonnet
35282,I_2,E3COLLECTIVEBLAME,N,sonnet
10195,I_2,E1VIOLENCE,N,sonnet
10195,I_2,E1RADICAL,N,sonnet
10195,I_2,E2ALLEGATION,N,sonnet
10195,I_2,E2DEHUMANIZATION,N,sonnet
10195,I_2,E2DEMONIZE,I,sonnet
10195,I_2,E2STEREOTYPE,I,sonnet
10195,I_2,E2COLLECTIVEPOWER,N,sonnet
10195,I_2,E2CONSPIRACY,N,sonnet
10195,I_2,E2CONTROLMEDIA,N,sonnet
10195,I_2,E2CONTROLECONOMY,N,sonnet
10195,I_2,E2CONTROLGOV,N,sonnet
10195,I_2,E2CONTROLOTHER,N,sonnet
10195,I_2,E3COLLECTIVEBLAME,N,sonnet
21039,I_2,E1VIOLENCE,N,sonnet
21039,I_2,E1RADICAL,N,sonnet
21039,I_2,E2ALLEGATION,N,sonnet
21039,I_2,E2DEHUMANIZATION,N,sonnet
21039,I_2,E2DEMONIZE,N,sonnet
21039,I_2,E2STEREOTYPE,N,sonnet
21039,I_2,E2COLLECTIVEPOWER,N,sonnet
21039,I_2,E2CONSPIRACY,N,sonnet
21039,I_2,E2CONTROLMEDIA,N,sonnet
21039,I_2,E2CONTROLECONOMY,N,sonnet
21039,I_2,E2CONTROLGOV,N,sonnet
21039,I_2,E2CONTROLOTHER,N,sonnet
21039,I_2,E3COLLECTIVEBLAME,N,sonnet
13273,I_2,E1VIOLENCE,N,sonnet
13273,I_2,E1RADICAL,N,sonnet
13273,I_2,E2ALLEGATION,N,sonnet
13273,I_2,E2DEHUMANIZATION,N,sonnet
13273,I_2,E2DEMONIZE,N,sonnet
13273,I_2,E2STEREOTYPE,N,sonnet
13273,I_2,E2COLLECTIVEPOWER,N,sonnet
13273,I_2,E2CONSPIRACY,N,sonnet
13273,I_2,E2CONTROLMEDIA,N,sonnet
13273,I_2,E2CONTROLECONOMY,N,sonnet
13273,I_2,E2CONTROLGOV,N,sonnet
13273,I_2,E2CONTROLOTHER,N,sonnet
13273,I_2,E3COLLECTIVEBLAME,N,sonnet
29888,I_2,E1VIOLENCE,N,sonnet
29888,I_2,E1RADICAL,N,sonnet
29888,I_2,E2ALLEGATION,N,sonnet
29888,I_2,E2DEHUMANIZATION,N,sonnet
29888,I_2,E2DEMONIZE,N,sonnet
29888,I_2,E2STEREOTYPE,N,sonnet
29888,I_2,E2COLLECTIVEPOWER,N,sonnet
29888,I_2,E2CONSPIRACY,N,sonnet
29888,I_2,E2CONTROLMEDIA,N,sonnet
29888,I_2,E2CONTROLECONOMY,N,sonnet
29888,I_2,E2CONTROLGOV,N,sonnet
29888,I_2,E2CONTROLOTHER,N,sonnet
29888,I_2,E3COLLECTIVEBLAME,N,sonnet
39870,I_2,E1VIOLENCE,N,sonnet
39870,I_2,E1RADICAL,N,sonnet
39870,I_2,E2ALLEGATION,I,sonnet
39870,I_2,E2DEHUMANIZATION,N,sonnet
39870,I_2,E2DEMONIZE,N,sonnet
39870,I_2,E2STEREOTYPE,I,sonnet
39870,I_2,E2COLLECTIVEPOWER,N,sonnet
39870,I_2,E2CONSPIRACY,N,sonnet
39870,I_2,E2CONTROLMEDIA,N,sonnet
39870,I_2,E2CONTROLECONOMY,N,sonnet
39870,I_2,E2CONTROLGOV,N,sonnet
39870,I_2,E2CONTROLOTHER,N,sonnet
39870,I_2,E3COLLECTIVEBLAME,I,sonnet
45945,I_2,E1VIOLENCE,N,sonnet
45945,I_2,E1RADICAL,N,sonnet
45945,I_2,E2ALLEGATION,N,sonnet
45945,I_2,E2DEHUMANIZATION,N,sonnet
45945,I_2,E2DEMONIZE,N,sonnet
45945,I_2,E2STEREOTYPE,N,sonnet
45945,I_2,E2COLLECTIVEPOWER,N,sonnet
45945,I_2,E2CONSPIRACY,N,sonnet
45945,I_2,E2CONTROLMEDIA,N,sonnet
45945,I_2,E2CONTROLECONOMY,N,sonnet
45945,I_2,E2CONTROLGOV,N,sonnet
45945,I_2,E2CONTROLOTHER,N,sonnet
45945,I_2,E3COLLECTIVEBLAME,N,sonnet
48616,I_2,E1VIOLENCE,N,sonnet
48616,I_2,E1RADICAL,N,sonnet
48616,I_2,E2ALLEGATION,I,sonnet
48616,I_2,E2DEHUMANIZATION,N,sonnet
48616,I_2,E2DEMONIZE,N,sonnet
48616,I_2,E2STEREOTYPE,I,sonnet
48616,I_2,E2COLLECTIVEPOWER,I,sonnet
48616,I_2,E2CONSPIRACY,N,sonnet
48616,I_2,E2CONTROLMEDIA,N,sonnet
48616,I_2,E2CONTROLECONOMY,N,sonnet
48616,I_2,E2CONTROLGOV,N,sonnet
48616,I_2,E2CONTROLOTHER,I,sonnet
48616,I_2,E3COLLECTIVEBLAME,N,sonnet
46621,I_2,E1VIOLENCE,N,sonnet
46621,I_2,E1RADICAL,N,sonnet
46621,I_2,E2ALLEGATION,N,sonnet
46621,I_2,E2DEHUMANIZATION,N,sonnet
46621,I_2,E2DEMONIZE,N,sonnet
46621,I_2,E2STEREOTYPE,N,sonnet
46621,I_2,E2COLLECTIVEPOWER,N,sonnet
46621,I_2,E2CONSPIRACY,N,sonnet
46621,I_2,E2CONTROLMEDIA,N,sonnet
46621,I_2,E2CONTROLECONOMY,N,sonnet
46621,I_2,E2CONTROLGOV,N,sonnet
46621,I_2,E2CONTROLOTHER,N,sonnet
46621,I_2,E3COLLECTIVEBLAME,N,sonnet
16322,I_2,E1VIOLENCE,N,sonnet
16322,I_2,E1RADICAL,N,sonnet
16322,I_2,E2ALLEGATION,N,sonnet
16322,I_2,E2DEHUMANIZATION,N,sonnet
16322,I_2,E2DEMONIZE,N,sonnet
16322,I_2,E2STEREOTYPE,N,sonnet
16322,I_2,E2COLLECTIVEPOWER,N,sonnet
16322,I_2,E2CONSPIRACY,N,sonnet
16322,I_2,E2CONTROLMEDIA,N,sonnet
16322,I_2,E2CONTROLECONOMY,N,sonnet
16322,I_2,E2CONTROLGOV,N,sonnet
16322,I_2,E2CONTROLOTHER,N,sonnet
16322,I_2,E3COLLECTIVEBLAME,N,sonnet
29651,I_2,E1VIOLENCE,N,sonnet
29651,I_2,E1RADICAL,N,sonnet
29651,I_2,E2ALLEGATION,N,sonnet
29651,I_2,E2DEHUMANIZATION,N,sonnet
29651,I_2,E2DEMONIZE,N,sonnet
29651,I_2,E2STEREOTYPE,N,sonnet
29651,I_2,E2COLLECTIVEPOWER,N,sonnet
29651,I_2,E2CONSPIRACY,N,sonnet
29651,I_2,E2CONTROLMEDIA,N,sonnet
29651,I_2,E2CONTROLECONOMY,N,sonnet
29651,I_2,E2CONTROLGOV,N,sonnet
29651,I_2,E2CONTROLOTHER,N,sonnet
29651,I_2,E3COLLECTIVEBLAME,N,sonnet
45003,I_2,E1VIOLENCE,N,sonnet
45003,I_2,E1RADICAL,N,sonnet
45003,I_2,E2ALLEGATION,E,sonnet
45003,I_2,E2DEHUMANIZATION,N,sonnet
45003,I_2,E2DEMONIZE,N,sonnet
45003,I_2,E2STEREOTYPE,E,sonnet
45003,I_2,E2COLLECTIVEPOWER,N,sonnet
45003,I_2,E2CONSPIRACY,N,sonnet
45003,I_2,E2CONTROLMEDIA,N,sonnet
45003,I_2,E2CONTROLECONOMY,N,sonnet
45003,I_2,E2CONTROLGOV,N,sonnet
45003,I_2,E2CONTROLOTHER,N,sonnet
45003,I_2,E3COLLECTIVEBLAME,E,sonnet
29472,I_2,E1VIOLENCE,N,sonnet
29472,I_2,E1RADICAL,N,sonnet
29472,I_2,E2ALLEGATION,N,sonnet
29472,I_2,E2DEHUMANIZATION,N,sonnet
29472,I_2,E2DEMONIZE,N,sonnet
29472,I_2,E2STEREOTYPE,N,sonnet
29472,I_2,E2COLLECTIVEPOWER,N,sonnet
29472,I_2,E2CONSPIRACY,N,sonnet
29472,I_2,E2CONTROLMEDIA,N,sonnet
29472,I_2,E2CONTROLECONOMY,N,sonnet
29472,I_2,E2CONTROLGOV,N,sonnet
29472,I_2,E2CONTROLOTHER,N,sonnet
29472,I_2,E3COLLECTIVEBLAME,A,sonnet
1285,I_2,E1VIOLENCE,N,sonnet
1285,I_2,E1RADICAL,N,sonnet
1285,I_2,E2ALLEGATION,N,sonnet
1285,I_2,E2DEHUMANIZATION,N,sonnet
1285,I_2,E2DEMONIZE,A,sonnet
1285,I_2,E2STEREOTYPE,N,sonnet
1285,I_2,E2COLLECTIVEPOWER,N,sonnet
1285,I_2,E2CONSPIRACY,N,sonnet
1285,I_2,E2CONTROLMEDIA,N,sonnet
1285,I_2,E2CONTROLECONOMY,N,sonnet
1285,I_2,E2CONTROLGOV,N,sonnet
1285,I_2,E2CONTROLOTHER,N,sonnet
1285,I_2,E3COLLECTIVEBLAME,N,sonnet
15845,I_2,E1VIOLENCE,I,sonnet
15845,I_2,E1RADICAL,N,sonnet
15845,I_2,E2ALLEGATION,E,sonnet
15845,I_2,E2DEHUMANIZATION,I,sonnet
15845,I_2,E2DEMONIZE,I,sonnet
15845,I_2,E2STEREOTYPE,E,sonnet
15845,I_2,E2COLLECTIVEPOWER,N,sonnet
15845,I_2,E2CONSPIRACY,I,sonnet
15845,I_2,E2CONTROLMEDIA,N,sonnet
15845,I_2,E2CONTROLECONOMY,N,sonnet
15845,I_2,E2CONTROLGOV,N,sonnet
15845,I_2,E2CONTROLOTHER,N,sonnet
15845,I_2,E3COLLECTIVEBLAME,I,sonnet
46958,I_2,E1VIOLENCE,N,sonnet
46958,I_2,E1RADICAL,N,sonnet
46958,I_2,E2ALLEGATION,N,sonnet
46958,I_2,E2DEHUMANIZATION,N,sonnet
46958,I_2,E2DEMONIZE,N,sonnet
46958,I_2,E2STEREOTYPE,N,sonnet
46958,I_2,E2COLLECTIVEPOWER,N,sonnet
46958,I_2,E2CONSPIRACY,N,sonnet
46958,I_2,E2CONTROLMEDIA,N,sonnet
46958,I_2,E2CONTROLECONOMY,N,sonnet
46958,I_2,E2CONTROLGOV,N,sonnet
46958,I_2,E2CONTROLOTHER,N,sonnet
46958,I_2,E3COLLECTIVEBLAME,N,sonnet
47247,I_2,E1VIOLENCE,A,sonnet
47247,I_2,E1RADICAL,N,sonnet
47247,I_2,E2ALLEGATION,N,sonnet
47247,I_2,E2DEHUMANIZATION,I,sonnet
47247,I_2,E2DEMONIZE,N,sonnet
47247,I_2,E2STEREOTYPE,N,sonnet
47247,I_2,E2COLLECTIVEPOWER,N,sonnet
47247,I_2,E2CONSPIRACY,N,sonnet
47247,I_2,E2CONTROLMEDIA,N,sonnet
47247,I_2,E2CONTROLECONOMY,N,sonnet
47247,I_2,E2CONTROLGOV,N,sonnet
47247,I_2,E2CONTROLOTHER,N,sonnet
47247,I_2,E3COLLECTIVEBLAME,N,sonnet
4933,I_2,E1VIOLENCE,N,sonnet
4933,I_2,E1RADICAL,N,sonnet
4933,I_2,E2ALLEGATION,N,sonnet
4933,I_2,E2DEHUMANIZATION,N,sonnet
4933,I_2,E2DEMONIZE,N,sonnet
4933,I_2,E2STEREOTYPE,N,sonnet
4933,I_2,E2COLLECTIVEPOWER,N,sonnet
4933,I_2,E2CONSPIRACY,N,sonnet
4933,I_2,E2CONTROLMEDIA,N,sonnet
4933,I_2,E2CONTROLECONOMY,N,sonnet
4933,I_2,E2CONTROLGOV,N,sonnet
4933,I_2,E2CONTROLOTHER,N,sonnet
4933,I_2,E3COLLECTIVEBLAME,N,sonnet
40089,I_2,E1VIOLENCE,N,sonnet
40089,I_2,E1RADICAL,N,sonnet
40089,I_2,E2ALLEGATION,N,sonnet
40089,I_2,E2DEHUMANIZATION,N,sonnet
40089,I_2,E2DEMONIZE,N,sonnet
40089,I_2,E2STEREOTYPE,N,sonnet
40089,I_2,E2COLLECTIVEPOWER,N,sonnet
40089,I_2,E2CONSPIRACY,N,sonnet
40089,I_2,E2CONTROLMEDIA,N,sonnet
40089,I_2,E2CONTROLECONOMY,N,sonnet
40089,I_2,E2CONTROLGOV,N,sonnet
40089,I_2,E2CONTROLOTHER,N,sonnet
40089,I_2,E3COLLECTIVEBLAME,N,sonnet
20058,I_2,E1VIOLENCE,N,sonnet
20058,I_2,E1RADICAL,N,sonnet
20058,I_2,E2ALLEGATION,N,sonnet
20058,I_2,E2DEHUMANIZATION,N,sonnet
20058,I_2,E2DEMONIZE,N,sonnet
20058,I_2,E2STEREOTYPE,N,sonnet
20058,I_2,E2COLLECTIVEPOWER,N,sonnet
20058,I_2,E2CONSPIRACY,N,sonnet
20058,I_2,E2CONTROLMEDIA,N,sonnet
20058,I_2,E2CONTROLECONOMY,N,sonnet
20058,I_2,E2CONTROLGOV,N,sonnet
20058,I_2,E2CONTROLOTHER,N,sonnet
20058,I_2,E3COLLECTIVEBLAME,N,sonnet
27953,I_2,E1VIOLENCE,N,gpt4o
27953,I_2,E1RADICAL,N,gpt4o
27953,I_2,E2ALLEGATION,N,gpt4o
27953,I_2,E2DEHUMANIZATION,N,gpt4o
27953,I_2,E2DEMONIZE,N,gpt4o
27953,I_2,E2STEREOTYPE,N,gpt4o
27953,I_2,E2COLLECTIVEPOWER,N,gpt4o
27953,I_2,E2CONSPIRACY,N,gpt4o
27953,I_2,E2CONTROLMEDIA,N,gpt4o
27953,I_2,E2CONTROLECONOMY,N,gpt4o
27953,I_2,E2CONTROLGOV,N,gpt4o
27953,I_2,E2CONTROLOTHER,N,gpt4o
27953,I_2,E3COLLECTIVEBLAME,N,gpt4o
24869,I_2,E1VIOLENCE,N,sonnet
24869,I_2,E1RADICAL,N,sonnet
24869,I_2,E2ALLEGATION,N,sonnet
24869,I_2,E2DEHUMANIZATION,N,sonnet
24869,I_2,E2DEMONIZE,N,sonnet
24869,I_2,E2STEREOTYPE,N,sonnet
24869,I_2,E2COLLECTIVEPOWER,N,sonnet
24869,I_2,E2CONSPIRACY,N,sonnet
24869,I_2,E2CONTROLMEDIA,N,sonnet
24869,I_2,E2CONTROLECONOMY,N,sonnet
24869,I_2,E2CONTROLGOV,N,sonnet
24869,I_2,E2CONTROLOTHER,N,sonnet
24869,I_2,E3COLLECTIVEBLAME,N,sonnet
42128,I_2,E1VIOLENCE,N,sonnet
42128,I_2,E1RADICAL,N,sonnet
42128,I_2,E2ALLEGATION,N,sonnet
42128,I_2,E2DEHUMANIZATION,I,sonnet
42128,I_2,E2DEMONIZE,N,sonnet
42128,I_2,E2STEREOTYPE,N,sonnet
42128,I_2,E2COLLECTIVEPOWER,N,sonnet
42128,I_2,E2CONSPIRACY,N,sonnet
42128,I_2,E2CONTROLMEDIA,N,sonnet
42128,I_2,E2CONTROLECONOMY,N,sonnet
42128,I_2,E2CONTROLGOV,N,sonnet
42128,I_2,E2CONTROLOTHER,N,sonnet
42128,I_2,E3COLLECTIVEBLAME,N,sonnet
27507,I_2,E1VIOLENCE,N,sonnet
27507,I_2,E1RADICAL,N,sonnet
27507,I_2,E2ALLEGATION,N,sonnet
27507,I_2,E2DEHUMANIZATION,N,sonnet
27507,I_2,E2DEMONIZE,N,sonnet
27507,I_2,E2STEREOTYPE,N,sonnet
27507,I_2,E2COLLECTIVEPOWER,N,sonnet
27507,I_2,E2CONSPIRACY,N,sonnet
27507,I_2,E2CONTROLMEDIA,N,sonnet
27507,I_2,E2CONTROLECONOMY,N,sonnet
27507,I_2,E2CONTROLGOV,N,sonnet
27507,I_2,E2CONTROLOTHER,N,sonnet
27507,I_2,E3COLLECTIVEBLAME,I,sonnet
18661,I_2,E1VIOLENCE,N,sonnet
18661,I_2,E1RADICAL,N,sonnet
18661,I_2,E2ALLEGATION,N,sonnet
18661,I_2,E2DEHUMANIZATION,N,sonnet
18661,I_2,E2DEMONIZE,N,sonnet
18661,I_2,E2STEREOTYPE,N,sonnet
18661,I_2,E2COLLECTIVEPOWER,N,sonnet
18661,I_2,E2CONSPIRACY,N,sonnet
18661,I_2,E2CONTROLMEDIA,N,sonnet
18661,I_2,E2CONTROLECONOMY,N,sonnet
18661,I_2,E2CONTROLGOV,N,sonnet
18661,I_2,E2CONTROLOTHER,N,sonnet
18661,I_2,E3COLLECTIVEBLAME,N,sonnet
12203,I_2,E1VIOLENCE,N,sonnet
12203,I_2,E1RADICAL,N,sonnet
12203,I_2,E2ALLEGATION,N,sonnet
12203,I_2,E2DEHUMANIZATION,N,sonnet
12203,I_2,E2DEMONIZE,N,sonnet
12203,I_2,E2STEREOTYPE,N,sonnet
12203,I_2,E2COLLECTIVEPOWER,N,sonnet
12203,I_2,E2CONSPIRACY,N,sonnet
12203,I_2,E2CONTROLMEDIA,N,sonnet
12203,I_2,E2CONTROLECONOMY,N,sonnet
12203,I_2,E2CONTROLGOV,N,sonnet
12203,I_2,E2CONTROLOTHER,N,sonnet
12203,I_2,E3COLLECTIVEBLAME,N,sonnet
48574,I_2,E1VIOLENCE,N,sonnet
48574,I_2,E1RADICAL,N,sonnet
48574,I_2,E2ALLEGATION,A,sonnet
48574,I_2,E2DEHUMANIZATION,A,sonnet
48574,I_2,E2DEMONIZE,A,sonnet
48574,I_2,E2STEREOTYPE,A,sonnet
48574,I_2,E2COLLECTIVEPOWER,N,sonnet
48574,I_2,E2CONSPIRACY,N,sonnet
48574,I_2,E2CONTROLMEDIA,N,sonnet
48574,I_2,E2CONTROLECONOMY,N,sonnet
48574,I_2,E2CONTROLGOV,N,sonnet
48574,I_2,E2CONTROLOTHER,N,sonnet
48574,I_2,E3COLLECTIVEBLAME,A,sonnet
14935,I_2,E1VIOLENCE,N,sonnet
14935,I_2,E1RADICAL,N,sonnet
14935,I_2,E2ALLEGATION,N,sonnet
14935,I_2,E2DEHUMANIZATION,N,sonnet
14935,I_2,E2DEMONIZE,N,sonnet
14935,I_2,E2STEREOTYPE,N,sonnet
14935,I_2,E2COLLECTIVEPOWER,N,sonnet
14935,I_2,E2CONSPIRACY,N,sonnet
14935,I_2,E2CONTROLMEDIA,N,sonnet
14935,I_2,E2CONTROLECONOMY,N,sonnet
14935,I_2,E2CONTROLGOV,N,sonnet
14935,I_2,E2CONTROLOTHER,N,sonnet
14935,I_2,E3COLLECTIVEBLAME,N,sonnet
29838,I_2,E1VIOLENCE,N,sonnet
29838,I_2,E1RADICAL,N,sonnet
29838,I_2,E2ALLEGATION,N,sonnet
29838,I_2,E2DEHUMANIZATION,N,sonnet
29838,I_2,E2DEMONIZE,N,sonnet
29838,I_2,E2STEREOTYPE,N,sonnet
29838,I_2,E2COLLECTIVEPOWER,N,sonnet
29838,I_2,E2CONSPIRACY,N,sonnet
29838,I_2,E2CONTROLMEDIA,N,sonnet
29838,I_2,E2CONTROLECONOMY,N,sonnet
29838,I_2,E2CONTROLGOV,N,sonnet
29838,I_2,E2CONTROLOTHER,N,sonnet
29838,I_2,E3COLLECTIVEBLAME,N,sonnet
32438,I_2,E1VIOLENCE,N,sonnet
32438,I_2,E1RADICAL,N,sonnet
32438,I_2,E2ALLEGATION,N,sonnet
32438,I_2,E2DEHUMANIZATION,N,sonnet
32438,I_2,E2DEMONIZE,N,sonnet
32438,I_2,E2STEREOTYPE,N,sonnet
32438,I_2,E2COLLECTIVEPOWER,N,sonnet
32438,I_2,E2CONSPIRACY,N,sonnet
32438,I_2,E2CONTROLMEDIA,N,sonnet
32438,I_2,E2CONTROLECONOMY,N,sonnet
32438,I_2,E2CONTROLGOV,N,sonnet
32438,I_2,E2CONTROLOTHER,N,sonnet
32438,I_2,E3COLLECTIVEBLAME,N,sonnet
8840,I_2,E1VIOLENCE,N,sonnet
8840,I_2,E1RADICAL,N,sonnet
8840,I_2,E2ALLEGATION,N,sonnet
8840,I_2,E2DEHUMANIZATION,N,sonnet
8840,I_2,E2DEMONIZE,N,sonnet
8840,I_2,E2STEREOTYPE,N,sonnet
8840,I_2,E2COLLECTIVEPOWER,N,sonnet
8840,I_2,E2CONSPIRACY,N,sonnet
8840,I_2,E2CONTROLMEDIA,N,sonnet
8840,I_2,E2CONTROLECONOMY,N,sonnet
8840,I_2,E2CONTROLGOV,N,sonnet
8840,I_2,E2CONTROLOTHER,N,sonnet
8840,I_2,E3COLLECTIVEBLAME,N,sonnet
12532,I_2,E1VIOLENCE,N,sonnet
12532,I_2,E1RADICAL,N,sonnet
12532,I_2,E2ALLEGATION,N,sonnet
12532,I_2,E2DEHUMANIZATION,N,sonnet
12532,I_2,E2DEMONIZE,N,sonnet
12532,I_2,E2STEREOTYPE,N,sonnet
12532,I_2,E2COLLECTIVEPOWER,N,sonnet
12532,I_2,E2CONSPIRACY,N,sonnet
12532,I_2,E2CONTROLMEDIA,N,sonnet
12532,I_2,E2CONTROLECONOMY,N,sonnet
12532,I_2,E2CONTROLGOV,N,sonnet
12532,I_2,E2CONTROLOTHER,N,sonnet
12532,I_2,E3COLLECTIVEBLAME,N,sonnet
20062,I_2,E1VIOLENCE,N,sonnet
20062,I_2,E1RADICAL,N,sonnet
20062,I_2,E2ALLEGATION,N,sonnet
20062,I_2,E2DEHUMANIZATION,N,sonnet
20062,I_2,E2DEMONIZE,N,sonnet
20062,I_2,E2STEREOTYPE,N,sonnet
20062,I_2,E2COLLECTIVEPOWER,N,sonnet
20062,I_2,E2CONSPIRACY,N,sonnet
20062,I_2,E2CONTROLMEDIA,N,sonnet
20062,I_2,E2CONTROLECONOMY,N,sonnet
20062,I_2,E2CONTROLGOV,N,sonnet
20062,I_2,E2CONTROLOTHER,N,sonnet
20062,I_2,E3COLLECTIVEBLAME,N,sonnet
44762,I_2,E1VIOLENCE,I,sonnet
44762,I_2,E1RADICAL,N,sonnet
44762,I_2,E2ALLEGATION,N,sonnet
44762,I_2,E2DEHUMANIZATION,I,sonnet
44762,I_2,E2DEMONIZE,N,sonnet
44762,I_2,E2STEREOTYPE,N,sonnet
44762,I_2,E2COLLECTIVEPOWER,N,sonnet
44762,I_2,E2CONSPIRACY,N,sonnet
44762,I_2,E2CONTROLMEDIA,N,sonnet
44762,I_2,E2CONTROLECONOMY,N,sonnet
44762,I_2,E2CONTROLGOV,N,sonnet
44762,I_2,E2CONTROLOTHER,N,sonnet
44762,I_2,E3COLLECTIVEBLAME,N,sonnet
12621,I_2,E1VIOLENCE,N,sonnet
12621,I_2,E1RADICAL,N,sonnet
12621,I_2,E2ALLEGATION,N,sonnet
12621,I_2,E2DEHUMANIZATION,N,sonnet
12621,I_2,E2DEMONIZE,N,sonnet
12621,I_2,E2STEREOTYPE,N,sonnet
12621,I_2,E2COLLECTIVEPOWER,N,sonnet
12621,I_2,E2CONSPIRACY,N,sonnet
12621,I_2,E2CONTROLMEDIA,N,sonnet
12621,I_2,E2CONTROLECONOMY,N,sonnet
12621,I_2,E2CONTROLGOV,N,sonnet
12621,I_2,E2CONTROLOTHER,N,sonnet
12621,I_2,E3COLLECTIVEBLAME,N,sonnet
6716,I_2,E1VIOLENCE,N,sonnet
6716,I_2,E1RADICAL,N,sonnet
6716,I_2,E2ALLEGATION,I,sonnet
6716,I_2,E2DEHUMANIZATION,I,sonnet
6716,I_2,E2DEMONIZE,I,sonnet
6716,I_2,E2STEREOTYPE,I,sonnet
6716,I_2,E2COLLECTIVEPOWER,I,sonnet
6716,I_2,E2CONSPIRACY,N,sonnet
6716,I_2,E2CONTROLMEDIA,I,sonnet
6716,I_2,E2CONTROLECONOMY,N,sonnet
6716,I_2,E2CONTROLGOV,N,sonnet
6716,I_2,E2CONTROLOTHER,N,sonnet
6716,I_2,E3COLLECTIVEBLAME,N,sonnet
7201,I_2,E1VIOLENCE,N,sonnet
7201,I_2,E1RADICAL,N,sonnet
7201,I_2,E2ALLEGATION,N,sonnet
7201,I_2,E2DEHUMANIZATION,N,sonnet
7201,I_2,E2DEMONIZE,N,sonnet
7201,I_2,E2STEREOTYPE,N,sonnet
7201,I_2,E2COLLECTIVEPOWER,N,sonnet
7201,I_2,E2CONSPIRACY,N,sonnet
7201,I_2,E2CONTROLMEDIA,N,sonnet
7201,I_2,E2CONTROLECONOMY,N,sonnet
7201,I_2,E2CONTROLGOV,N,sonnet
7201,I_2,E2CONTROLOTHER,N,sonnet
7201,I_2,E3COLLECTIVEBLAME,N,sonnet
37170,I_2,E1VIOLENCE,N,sonnet
37170,I_2,E1RADICAL,N,sonnet
37170,I_2,E2ALLEGATION,N,sonnet
37170,I_2,E2DEHUMANIZATION,N,sonnet
37170,I_2,E2DEMONIZE,N,sonnet
37170,I_2,E2STEREOTYPE,N,sonnet
37170,I_2,E2COLLECTIVEPOWER,N,sonnet
37170,I_2,E2CONSPIRACY,N,sonnet
37170,I_2,E2CONTROLMEDIA,N,sonnet
37170,I_2,E2CONTROLECONOMY,N,sonnet
37170,I_2,E2CONTROLGOV,N,sonnet
37170,I_2,E2CONTROLOTHER,N,sonnet
37170,I_2,E3COLLECTIVEBLAME,N,sonnet
43772,I_2,E1VIOLENCE,N,sonnet
43772,I_2,E1RADICAL,N,sonnet
43772,I_2,E2ALLEGATION,I,sonnet
43772,I_2,E2DEHUMANIZATION,I,sonnet
43772,I_2,E2DEMONIZE,I,sonnet
43772,I_2,E2STEREOTYPE,I,sonnet
43772,I_2,E2COLLECTIVEPOWER,N,sonnet
43772,I_2,E2CONSPIRACY,N,sonnet
43772,I_2,E2CONTROLMEDIA,N,sonnet
43772,I_2,E2CONTROLECONOMY,N,sonnet
43772,I_2,E2CONTROLGOV,N,sonnet
43772,I_2,E2CONTROLOTHER,N,sonnet
43772,I_2,E3COLLECTIVEBLAME,N,sonnet
15049,I_2,E1VIOLENCE,N,sonnet
15049,I_2,E1RADICAL,N,sonnet
15049,I_2,E2ALLEGATION,E,sonnet
15049,I_2,E2DEHUMANIZATION,E,sonnet
15049,I_2,E2DEMONIZE,E,sonnet
15049,I_2,E2STEREOTYPE,E,sonnet
15049,I_2,E2COLLECTIVEPOWER,I,sonnet
15049,I_2,E2CONSPIRACY,N,sonnet
15049,I_2,E2CONTROLMEDIA,N,sonnet
15049,I_2,E2CONTROLECONOMY,I,sonnet
15049,I_2,E2CONTROLGOV,N,sonnet
15049,I_2,E2CONTROLOTHER,E,sonnet
15049,I_2,E3COLLECTIVEBLAME,E,sonnet
21753,I_2,E1VIOLENCE,N,sonnet
21753,I_2,E1RADICAL,N,sonnet
21753,I_2,E2ALLEGATION,N,sonnet
21753,I_2,E2DEHUMANIZATION,N,sonnet
21753,I_2,E2DEMONIZE,N,sonnet
21753,I_2,E2STEREOTYPE,N,sonnet
21753,I_2,E2COLLECTIVEPOWER,N,sonnet
21753,I_2,E2CONSPIRACY,N,sonnet
21753,I_2,E2CONTROLMEDIA,N,sonnet
21753,I_2,E2CONTROLECONOMY,N,sonnet
21753,I_2,E2CONTROLGOV,N,sonnet
21753,I_2,E2CONTROLOTHER,N,sonnet
21753,I_2,E3COLLECTIVEBLAME,N,sonnet
12255,I_2,E1VIOLENCE,N,sonnet
12255,I_2,E1RADICAL,N,sonnet
12255,I_2,E2ALLEGATION,N,sonnet
12255,I_2,E2DEHUMANIZATION,N,sonnet
12255,I_2,E2DEMONIZE,N,sonnet
12255,I_2,E2STEREOTYPE,N,sonnet
12255,I_2,E2COLLECTIVEPOWER,N,sonnet
12255,I_2,E2CONSPIRACY,N,sonnet
12255,I_2,E2CONTROLMEDIA,N,sonnet
12255,I_2,E2CONTROLECONOMY,N,sonnet
12255,I_2,E2CONTROLGOV,N,sonnet
12255,I_2,E2CONTROLOTHER,N,sonnet
12255,I_2,E3COLLECTIVEBLAME,N,sonnet
48050,I_2,E1VIOLENCE,N,sonnet
48050,I_2,E1RADICAL,N,sonnet
48050,I_2,E2ALLEGATION,N,sonnet
48050,I_2,E2DEHUMANIZATION,N,sonnet
48050,I_2,E2DEMONIZE,N,sonnet
48050,I_2,E2STEREOTYPE,N,sonnet
48050,I_2,E2COLLECTIVEPOWER,N,sonnet
48050,I_2,E2CONSPIRACY,N,sonnet
48050,I_2,E2CONTROLMEDIA,N,sonnet
48050,I_2,E2CONTROLECONOMY,N,sonnet
48050,I_2,E2CONTROLGOV,N,sonnet
48050,I_2,E2CONTROLOTHER,N,sonnet
48050,I_2,E3COLLECTIVEBLAME,N,sonnet
4936,I_2,E1VIOLENCE,N,sonnet
4936,I_2,E1RADICAL,N,sonnet
4936,I_2,E2ALLEGATION,N,sonnet
4936,I_2,E2DEHUMANIZATION,N,sonnet
4936,I_2,E2DEMONIZE,N,sonnet
4936,I_2,E2STEREOTYPE,N,sonnet
4936,I_2,E2COLLECTIVEPOWER,N,sonnet
4936,I_2,E2CONSPIRACY,N,sonnet
4936,I_2,E2CONTROLMEDIA,N,sonnet
4936,I_2,E2CONTROLECONOMY,N,sonnet
4936,I_2,E2CONTROLGOV,N,sonnet
4936,I_2,E2CONTROLOTHER,N,sonnet
4936,I_2,E3COLLECTIVEBLAME,N,sonnet
11339,I_2,E1VIOLENCE,N,sonnet
11339,I_2,E1RADICAL,N,sonnet
11339,I_2,E2ALLEGATION,N,sonnet
11339,I_2,E2DEHUMANIZATION,N,sonnet
11339,I_2,E2DEMONIZE,N,sonnet
11339,I_2,E2STEREOTYPE,N,sonnet
11339,I_2,E2COLLECTIVEPOWER,N,sonnet
11339,I_2,E2CONSPIRACY,N,sonnet
11339,I_2,E2CONTROLMEDIA,N,sonnet
11339,I_2,E2CONTROLECONOMY,N,sonnet
11339,I_2,E2CONTROLGOV,N,sonnet
11339,I_2,E2CONTROLOTHER,N,sonnet
11339,I_2,E3COLLECTIVEBLAME,N,sonnet
14524,I_2,E1VIOLENCE,N,sonnet
14524,I_2,E1RADICAL,N,sonnet
14524,I_2,E2ALLEGATION,N,sonnet
14524,I_2,E2DEHUMANIZATION,N,sonnet
14524,I_2,E2DEMONIZE,N,sonnet
14524,I_2,E2STEREOTYPE,N,sonnet
14524,I_2,E2COLLECTIVEPOWER,N,sonnet
14524,I_2,E2CONSPIRACY,N,sonnet
14524,I_2,E2CONTROLMEDIA,N,sonnet
14524,I_2,E2CONTROLECONOMY,N,sonnet
14524,I_2,E2CONTROLGOV,N,sonnet
14524,I_2,E2CONTROLOTHER,N,sonnet
14524,I_2,E3COLLECTIVEBLAME,N,sonnet
43598,I_2,E1VIOLENCE,N,sonnet
43598,I_2,E1RADICAL,N,sonnet
43598,I_2,E2ALLEGATION,N,sonnet
43598,I_2,E2DEHUMANIZATION,N,sonnet
43598,I_2,E2DEMONIZE,N,sonnet
43598,I_2,E2STEREOTYPE,N,sonnet
43598,I_2,E2COLLECTIVEPOWER,N,sonnet
43598,I_2,E2CONSPIRACY,N,sonnet
43598,I_2,E2CONTROLMEDIA,N,sonnet
43598,I_2,E2CONTROLECONOMY,N,sonnet
43598,I_2,E2CONTROLGOV,N,sonnet
43598,I_2,E2CONTROLOTHER,N,sonnet
43598,I_2,E3COLLECTIVEBLAME,N,sonnet
48642,I_2,E1VIOLENCE,N,sonnet
48642,I_2,E1RADICAL,N,sonnet
48642,I_2,E2ALLEGATION,N,sonnet
48642,I_2,E2DEHUMANIZATION,N,sonnet
48642,I_2,E2DEMONIZE,N,sonnet
48642,I_2,E2STEREOTYPE,N,sonnet
48642,I_2,E2COLLECTIVEPOWER,N,sonnet
48642,I_2,E2CONSPIRACY,N,sonnet
48642,I_2,E2CONTROLMEDIA,N,sonnet
48642,I_2,E2CONTROLECONOMY,N,sonnet
48642,I_2,E2CONTROLGOV,N,sonnet
48642,I_2,E2CONTROLOTHER,N,sonnet
48642,I_2,E3COLLECTIVEBLAME,N,sonnet
7535,I_2,E1VIOLENCE,N,sonnet
7535,I_2,E1RADICAL,N,sonnet
7535,I_2,E2ALLEGATION,I,sonnet
7535,I_2,E2DEHUMANIZATION,N,sonnet
7535,I_2,E2DEMONIZE,I,sonnet
7535,I_2,E2STEREOTYPE,I,sonnet
7535,I_2,E2COLLECTIVEPOWER,I,sonnet
7535,I_2,E2CONSPIRACY,I,sonnet
7535,I_2,E2CONTROLMEDIA,N,sonnet
7535,I_2,E2CONTROLECONOMY,N,sonnet
7535,I_2,E2CONTROLGOV,N,sonnet
7535,I_2,E2CONTROLOTHER,A,sonnet
7535,I_2,E3COLLECTIVEBLAME,I,sonnet
11173,I_2,E1VIOLENCE,E,sonnet
11173,I_2,E1RADICAL,N,sonnet
11173,I_2,E2ALLEGATION,N,sonnet
11173,I_2,E2DEHUMANIZATION,E,sonnet
11173,I_2,E2DEMONIZE,N,sonnet
11173,I_2,E2STEREOTYPE,N,sonnet
11173,I_2,E2COLLECTIVEPOWER,N,sonnet
11173,I_2,E2CONSPIRACY,N,sonnet
11173,I_2,E2CONTROLMEDIA,N,sonnet
11173,I_2,E2CONTROLECONOMY,N,sonnet
11173,I_2,E2CONTROLGOV,N,sonnet
11173,I_2,E2CONTROLOTHER,N,sonnet
11173,I_2,E3COLLECTIVEBLAME,N,sonnet
26715,I_2,E1VIOLENCE,N,sonnet
26715,I_2,E1RADICAL,N,sonnet
26715,I_2,E2ALLEGATION,N,sonnet
26715,I_2,E2DEHUMANIZATION,N,sonnet
26715,I_2,E2DEMONIZE,N,sonnet
26715,I_2,E2STEREOTYPE,N,sonnet
26715,I_2,E2COLLECTIVEPOWER,N,sonnet
26715,I_2,E2CONSPIRACY,N,sonnet
26715,I_2,E2CONTROLMEDIA,N,sonnet
26715,I_2,E2CONTROLECONOMY,N,sonnet
26715,I_2,E2CONTROLGOV,N,sonnet
26715,I_2,E2CONTROLOTHER,N,sonnet
26715,I_2,E3COLLECTIVEBLAME,N,sonnet
22927,I_2,E1VIOLENCE,I,sonnet
22927,I_2,E1RADICAL,I,sonnet
22927,I_2,E2ALLEGATION,N,sonnet
22927,I_2,E2DEHUMANIZATION,I,sonnet
22927,I_2,E2DEMONIZE,I,sonnet
22927,I_2,E2STEREOTYPE,N,sonnet
22927,I_2,E2COLLECTIVEPOWER,N,sonnet
22927,I_2,E2CONSPIRACY,N,sonnet
22927,I_2,E2CONTROLMEDIA,N,sonnet
22927,I_2,E2CONTROLECONOMY,N,sonnet
22927,I_2,E2CONTROLGOV,N,sonnet
22927,I_2,E2CONTROLOTHER,N,sonnet
22927,I_2,E3COLLECTIVEBLAME,N,sonnet
32060,I_2,E1VIOLENCE,N,sonnet
32060,I_2,E1RADICAL,N,sonnet
32060,I_2,E2ALLEGATION,N,sonnet
32060,I_2,E2DEHUMANIZATION,N,sonnet
32060,I_2,E2DEMONIZE,N,sonnet
32060,I_2,E2STEREOTYPE,N,sonnet
32060,I_2,E2COLLECTIVEPOWER,N,sonnet
32060,I_2,E2CONSPIRACY,N,sonnet
32060,I_2,E2CONTROLMEDIA,N,sonnet
32060,I_2,E2CONTROLECONOMY,N,sonnet
32060,I_2,E2CONTROLGOV,N,sonnet
32060,I_2,E2CONTROLOTHER,N,sonnet
32060,I_2,E3COLLECTIVEBLAME,N,sonnet
11736,I_2,E1VIOLENCE,N,sonnet
11736,I_2,E1RADICAL,N,sonnet
11736,I_2,E2ALLEGATION,N,sonnet
11736,I_2,E2DEHUMANIZATION,E,sonnet
11736,I_2,E2DEMONIZE,N,sonnet
11736,I_2,E2STEREOTYPE,N,sonnet
11736,I_2,E2COLLECTIVEPOWER,N,sonnet
11736,I_2,E2CONSPIRACY,N,sonnet
11736,I_2,E2CONTROLMEDIA,N,sonnet
11736,I_2,E2CONTROLECONOMY,N,sonnet
11736,I_2,E2CONTROLGOV,N,sonnet
11736,I_2,E2CONTROLOTHER,N,sonnet
11736,I_2,E3COLLECTIVEBLAME,N,sonnet
25438,I_2,E1VIOLENCE,I,sonnet
25438,I_2,E1RADICAL,I,sonnet
25438,I_2,E2ALLEGATION,N,sonnet
25438,I_2,E2DEHUMANIZATION,N,sonnet
25438,I_2,E2DEMONIZE,N,sonnet
25438,I_2,E2STEREOTYPE,N,sonnet
25438,I_2,E2COLLECTIVEPOWER,N,sonnet
25438,I_2,E2CONSPIRACY,N,sonnet
25438,I_2,E2CONTROLMEDIA,N,sonnet
25438,I_2,E2CONTROLECONOMY,N,sonnet
25438,I_2,E2CONTROLGOV,N,sonnet
25438,I_2,E2CONTROLOTHER,N,sonnet
25438,I_2,E3COLLECTIVEBLAME,N,sonnet
36326,I_2,E1VIOLENCE,N,sonnet
36326,I_2,E1RADICAL,N,sonnet
36326,I_2,E2ALLEGATION,N,sonnet
36326,I_2,E2DEHUMANIZATION,N,sonnet
36326,I_2,E2DEMONIZE,N,sonnet
36326,I_2,E2STEREOTYPE,N,sonnet
36326,I_2,E2COLLECTIVEPOWER,N,sonnet
36326,I_2,E2CONSPIRACY,N,sonnet
36326,I_2,E2CONTROLMEDIA,N,sonnet
36326,I_2,E2CONTROLECONOMY,N,sonnet
36326,I_2,E2CONTROLGOV,N,sonnet
36326,I_2,E2CONTROLOTHER,N,sonnet
36326,I_2,E3COLLECTIVEBLAME,N,sonnet
1071,I_2,E1VIOLENCE,N,sonnet
1071,I_2,E1RADICAL,N,sonnet
1071,I_2,E2ALLEGATION,N,sonnet
1071,I_2,E2DEHUMANIZATION,N,sonnet
1071,I_2,E2DEMONIZE,N,sonnet
1071,I_2,E2STEREOTYPE,A,sonnet
1071,I_2,E2COLLECTIVEPOWER,N,sonnet
1071,I_2,E2CONSPIRACY,N,sonnet
1071,I_2,E2CONTROLMEDIA,N,sonnet
1071,I_2,E2CONTROLECONOMY,N,sonnet
1071,I_2,E2CONTROLGOV,N,sonnet
1071,I_2,E2CONTROLOTHER,N,sonnet
1071,I_2,E3COLLECTIVEBLAME,N,sonnet
8427,I_2,E1VIOLENCE,N,sonnet
8427,I_2,E1RADICAL,N,sonnet
8427,I_2,E2ALLEGATION,E,sonnet
8427,I_2,E2DEHUMANIZATION,N,sonnet
8427,I_2,E2DEMONIZE,I,sonnet
8427,I_2,E2STEREOTYPE,E,sonnet
8427,I_2,E2COLLECTIVEPOWER,I,sonnet
8427,I_2,E2CONSPIRACY,N,sonnet
8427,I_2,E2CONTROLMEDIA,N,sonnet
8427,I_2,E2CONTROLECONOMY,N,sonnet
8427,I_2,E2CONTROLGOV,I,sonnet
8427,I_2,E2CONTROLOTHER,N,sonnet
8427,I_2,E3COLLECTIVEBLAME,E,sonnet
43791,I_2,E1VIOLENCE,N,sonnet
43791,I_2,E1RADICAL,N,sonnet
43791,I_2,E2ALLEGATION,I,sonnet
43791,I_2,E2DEHUMANIZATION,I,sonnet
43791,I_2,E2DEMONIZE,I,sonnet
43791,I_2,E2STEREOTYPE,I,sonnet
43791,I_2,E2COLLECTIVEPOWER,N,sonnet
43791,I_2,E2CONSPIRACY,N,sonnet
43791,I_2,E2CONTROLMEDIA,N,sonnet
43791,I_2,E2CONTROLECONOMY,N,sonnet
43791,I_2,E2CONTROLGOV,N,sonnet
43791,I_2,E2CONTROLOTHER,N,sonnet
43791,I_2,E3COLLECTIVEBLAME,N,sonnet
1495,I_2,E1VIOLENCE,N,sonnet
1495,I_2,E1RADICAL,N,sonnet
1495,I_2,E2ALLEGATION,N,sonnet
1495,I_2,E2DEHUMANIZATION,N,sonnet
1495,I_2,E2DEMONIZE,N,sonnet
1495,I_2,E2STEREOTYPE,N,sonnet
1495,I_2,E2COLLECTIVEPOWER,N,sonnet
1495,I_2,E2CONSPIRACY,N,sonnet
1495,I_2,E2CONTROLMEDIA,N,sonnet
1495,I_2,E2CONTROLECONOMY,N,sonnet
1495,I_2,E2CONTROLGOV,N,sonnet
1495,I_2,E2CONTROLOTHER,N,sonnet
1495,I_2,E3COLLECTIVEBLAME,N,sonnet
48794,I_2,E1VIOLENCE,E,sonnet
48794,I_2,E1RADICAL,N,sonnet
48794,I_2,E2ALLEGATION,E,sonnet
48794,I_2,E2DEHUMANIZATION,E,sonnet
48794,I_2,E2DEMONIZE,E,sonnet
48794,I_2,E2STEREOTYPE,E,sonnet
48794,I_2,E2COLLECTIVEPOWER,N,sonnet
48794,I_2,E2CONSPIRACY,N,sonnet
48794,I_2,E2CONTROLMEDIA,N,sonnet
48794,I_2,E2CONTROLECONOMY,N,sonnet
48794,I_2,E2CONTROLGOV,N,sonnet
48794,I_2,E2CONTROLOTHER,N,sonnet
48794,I_2,E3COLLECTIVEBLAME,N,sonnet
22701,I_2,E1VIOLENCE,N,sonnet
22701,I_2,E1RADICAL,N,sonnet
22701,I_2,E2ALLEGATION,N,sonnet
22701,I_2,E2DEHUMANIZATION,N,sonnet
22701,I_2,E2DEMONIZE,N,sonnet
22701,I_2,E2STEREOTYPE,N,sonnet
22701,I_2,E2COLLECTIVEPOWER,N,sonnet
22701,I_2,E2CONSPIRACY,N,sonnet
22701,I_2,E2CONTROLMEDIA,N,sonnet
22701,I_2,E2CONTROLECONOMY,N,sonnet
22701,I_2,E2CONTROLGOV,N,sonnet
22701,I_2,E2CONTROLOTHER,N,sonnet
22701,I_2,E3COLLECTIVEBLAME,N,sonnet
9767,I_2,E1VIOLENCE,N,sonnet
9767,I_2,E1RADICAL,N,sonnet
9767,I_2,E2ALLEGATION,N,sonnet
9767,I_2,E2DEHUMANIZATION,N,sonnet
9767,I_2,E2DEMONIZE,N,sonnet
9767,I_2,E2STEREOTYPE,N,sonnet
9767,I_2,E2COLLECTIVEPOWER,N,sonnet
9767,I_2,E2CONSPIRACY,N,sonnet
9767,I_2,E2CONTROLMEDIA,N,sonnet
9767,I_2,E2CONTROLECONOMY,N,sonnet
9767,I_2,E2CONTROLGOV,N,sonnet
9767,I_2,E2CONTROLOTHER,N,sonnet
9767,I_2,E3COLLECTIVEBLAME,N,sonnet
5975,I_2,E1VIOLENCE,N,sonnet
5975,I_2,E1RADICAL,N,sonnet
5975,I_2,E2ALLEGATION,N,sonnet
5975,I_2,E2DEHUMANIZATION,N,sonnet
5975,I_2,E2DEMONIZE,N,sonnet
5975,I_2,E2STEREOTYPE,N,sonnet
5975,I_2,E2COLLECTIVEPOWER,N,sonnet
5975,I_2,E2CONSPIRACY,N,sonnet
5975,I_2,E2CONTROLMEDIA,N,sonnet
5975,I_2,E2CONTROLECONOMY,N,sonnet
5975,I_2,E2CONTROLGOV,N,sonnet
5975,I_2,E2CONTROLOTHER,N,sonnet
5975,I_2,E3COLLECTIVEBLAME,N,sonnet
12264,I_2,E1VIOLENCE,N,sonnet
12264,I_2,E1RADICAL,N,sonnet
12264,I_2,E2ALLEGATION,N,sonnet
12264,I_2,E2DEHUMANIZATION,N,sonnet
12264,I_2,E2DEMONIZE,N,sonnet
12264,I_2,E2STEREOTYPE,N,sonnet
12264,I_2,E2COLLECTIVEPOWER,N,sonnet
12264,I_2,E2CONSPIRACY,N,sonnet
12264,I_2,E2CONTROLMEDIA,N,sonnet
12264,I_2,E2CONTROLECONOMY,N,sonnet
12264,I_2,E2CONTROLGOV,N,sonnet
12264,I_2,E2CONTROLOTHER,N,sonnet
12264,I_2,E3COLLECTIVEBLAME,N,sonnet
603,I_2,E1VIOLENCE,N,sonnet
603,I_2,E1RADICAL,N,sonnet
603,I_2,E2ALLEGATION,N,sonnet
603,I_2,E2DEHUMANIZATION,N,sonnet
603,I_2,E2DEMONIZE,N,sonnet
603,I_2,E2STEREOTYPE,N,sonnet
603,I_2,E2COLLECTIVEPOWER,N,sonnet
603,I_2,E2CONSPIRACY,N,sonnet
603,I_2,E2CONTROLMEDIA,N,sonnet
603,I_2,E2CONTROLECONOMY,N,sonnet
603,I_2,E2CONTROLGOV,N,sonnet
603,I_2,E2CONTROLOTHER,N,sonnet
603,I_2,E3COLLECTIVEBLAME,N,sonnet
34479,I_2,E1VIOLENCE,N,sonnet
34479,I_2,E1RADICAL,N,sonnet
34479,I_2,E2ALLEGATION,N,sonnet
34479,I_2,E2DEHUMANIZATION,N,sonnet
34479,I_2,E2DEMONIZE,N,sonnet
34479,I_2,E2STEREOTYPE,N,sonnet
34479,I_2,E2COLLECTIVEPOWER,N,sonnet
34479,I_2,E2CONSPIRACY,N,sonnet
34479,I_2,E2CONTROLMEDIA,N,sonnet
34479,I_2,E2CONTROLECONOMY,N,sonnet
34479,I_2,E2CONTROLGOV,N,sonnet
34479,I_2,E2CONTROLOTHER,N,sonnet
34479,I_2,E3COLLECTIVEBLAME,N,sonnet
36710,I_2,E1VIOLENCE,N,sonnet
36710,I_2,E1RADICAL,N,sonnet
36710,I_2,E2ALLEGATION,N,sonnet
36710,I_2,E2DEHUMANIZATION,N,sonnet
36710,I_2,E2DEMONIZE,N,sonnet
36710,I_2,E2STEREOTYPE,N,sonnet
36710,I_2,E2COLLECTIVEPOWER,N,sonnet
36710,I_2,E2CONSPIRACY,N,sonnet
36710,I_2,E2CONTROLMEDIA,N,sonnet
36710,I_2,E2CONTROLECONOMY,N,sonnet
36710,I_2,E2CONTROLGOV,N,sonnet
36710,I_2,E2CONTROLOTHER,N,sonnet
36710,I_2,E3COLLECTIVEBLAME,N,sonnet
24774,I_2,E1VIOLENCE,N,sonnet
24774,I_2,E1RADICAL,N,sonnet
24774,I_2,E2ALLEGATION,N,sonnet
24774,I_2,E2DEHUMANIZATION,N,sonnet
24774,I_2,E2DEMONIZE,N,sonnet
24774,I_2,E2STEREOTYPE,N,sonnet
24774,I_2,E2COLLECTIVEPOWER,N,sonnet
24774,I_2,E2CONSPIRACY,N,sonnet
24774,I_2,E2CONTROLMEDIA,N,sonnet
24774,I_2,E2CONTROLECONOMY,N,sonnet
24774,I_2,E2CONTROLGOV,N,sonnet
24774,I_2,E2CONTROLOTHER,N,sonnet
24774,I_2,E3COLLECTIVEBLAME,N,sonnet
42757,I_2,E1VIOLENCE,N,sonnet
42757,I_2,E1RADICAL,N,sonnet
42757,I_2,E2ALLEGATION,N,sonnet
42757,I_2,E2DEHUMANIZATION,N,sonnet
42757,I_2,E2DEMONIZE,N,sonnet
42757,I_2,E2STEREOTYPE,N,sonnet
42757,I_2,E2COLLECTIVEPOWER,N,sonnet
42757,I_2,E2CONSPIRACY,N,sonnet
42757,I_2,E2CONTROLMEDIA,N,sonnet
42757,I_2,E2CONTROLECONOMY,N,sonnet
42757,I_2,E2CONTROLGOV,N,sonnet
42757,I_2,E2CONTROLOTHER,N,sonnet
42757,I_2,E3COLLECTIVEBLAME,N,sonnet
12599,I_2,E1VIOLENCE,N,sonnet
12599,I_2,E1RADICAL,N,sonnet
12599,I_2,E2ALLEGATION,N,sonnet
12599,I_2,E2DEHUMANIZATION,N,sonnet
12599,I_2,E2DEMONIZE,N,sonnet
12599,I_2,E2STEREOTYPE,N,sonnet
12599,I_2,E2COLLECTIVEPOWER,N,sonnet
12599,I_2,E2CONSPIRACY,N,sonnet
12599,I_2,E2CONTROLMEDIA,N,sonnet
12599,I_2,E2CONTROLECONOMY,N,sonnet
12599,I_2,E2CONTROLGOV,N,sonnet
12599,I_2,E2CONTROLOTHER,N,sonnet
12599,I_2,E3COLLECTIVEBLAME,N,sonnet
2461,I_2,E1VIOLENCE,N,sonnet
2461,I_2,E1RADICAL,N,sonnet
2461,I_2,E2ALLEGATION,I,sonnet
2461,I_2,E2DEHUMANIZATION,N,sonnet
2461,I_2,E2DEMONIZE,I,sonnet
2461,I_2,E2STEREOTYPE,I,sonnet
2461,I_2,E2COLLECTIVEPOWER,I,sonnet
2461,I_2,E2CONSPIRACY,I,sonnet
2461,I_2,E2CONTROLMEDIA,N,sonnet
2461,I_2,E2CONTROLECONOMY,N,sonnet
2461,I_2,E2CONTROLGOV,N,sonnet
2461,I_2,E2CONTROLOTHER,I,sonnet
2461,I_2,E3COLLECTIVEBLAME,N,sonnet
49717,I_2,E1VIOLENCE,N,sonnet
49717,I_2,E1RADICAL,N,sonnet
49717,I_2,E2ALLEGATION,E,sonnet
49717,I_2,E2DEHUMANIZATION,N,sonnet
49717,I_2,E2DEMONIZE,E,sonnet
49717,I_2,E2STEREOTYPE,E,sonnet
49717,I_2,E2COLLECTIVEPOWER,E,sonnet
49717,I_2,E2CONSPIRACY,I,sonnet
49717,I_2,E2CONTROLMEDIA,N,sonnet
49717,I_2,E2CONTROLECONOMY,I,sonnet
49717,I_2,E2CONTROLGOV,I,sonnet
49717,I_2,E2CONTROLOTHER,N,sonnet
49717,I_2,E3COLLECTIVEBLAME,E,sonnet
40961,I_2,E1VIOLENCE,A,sonnet
40961,I_2,E1RADICAL,N,sonnet
40961,I_2,E2ALLEGATION,I,sonnet
40961,I_2,E2DEHUMANIZATION,N,sonnet
40961,I_2,E2DEMONIZE,I,sonnet
40961,I_2,E2STEREOTYPE,I,sonnet
40961,I_2,E2COLLECTIVEPOWER,N,sonnet
40961,I_2,E2CONSPIRACY,N,sonnet
40961,I_2,E2CONTROLMEDIA,N,sonnet
40961,I_2,E2CONTROLECONOMY,N,sonnet
40961,I_2,E2CONTROLGOV,N,sonnet
40961,I_2,E2CONTROLOTHER,N,sonnet
40961,I_2,E3COLLECTIVEBLAME,N,sonnet
37821,I_2,E1VIOLENCE,N,sonnet
37821,I_2,E1RADICAL,N,sonnet
37821,I_2,E2ALLEGATION,E,sonnet
37821,I_2,E2DEHUMANIZATION,N,sonnet
37821,I_2,E2DEMONIZE,E,sonnet
37821,I_2,E2STEREOTYPE,N,sonnet
37821,I_2,E2COLLECTIVEPOWER,N,sonnet
37821,I_2,E2CONSPIRACY,N,sonnet
37821,I_2,E2CONTROLMEDIA,N,sonnet
37821,I_2,E2CONTROLECONOMY,N,sonnet
37821,I_2,E2CONTROLGOV,N,sonnet
37821,I_2,E2CONTROLOTHER,N,sonnet
37821,I_2,E3COLLECTIVEBLAME,E,sonnet
22015,I_2,E1VIOLENCE,N,sonnet
22015,I_2,E1RADICAL,N,sonnet
22015,I_2,E2ALLEGATION,N,sonnet
22015,I_2,E2DEHUMANIZATION,N,sonnet
22015,I_2,E2DEMONIZE,N,sonnet
22015,I_2,E2STEREOTYPE,N,sonnet
22015,I_2,E2COLLECTIVEPOWER,N,sonnet
22015,I_2,E2CONSPIRACY,N,sonnet
22015,I_2,E2CONTROLMEDIA,N,sonnet
22015,I_2,E2CONTROLECONOMY,N,sonnet
22015,I_2,E2CONTROLGOV,N,sonnet
22015,I_2,E2CONTROLOTHER,N,sonnet
22015,I_2,E3COLLECTIVEBLAME,N,sonnet
31555,I_2,E1VIOLENCE,N,sonnet
31555,I_2,E1RADICAL,N,sonnet
31555,I_2,E2ALLEGATION,N,sonnet
31555,I_2,E2DEHUMANIZATION,N,sonnet
31555,I_2,E2DEMONIZE,N,sonnet
31555,I_2,E2STEREOTYPE,N,sonnet
31555,I_2,E2COLLECTIVEPOWER,N,sonnet
31555,I_2,E2CONSPIRACY,N,sonnet
31555,I_2,E2CONTROLMEDIA,N,sonnet
31555,I_2,E2CONTROLECONOMY,N,sonnet
31555,I_2,E2CONTROLGOV,N,sonnet
31555,I_2,E2CONTROLOTHER,N,sonnet
31555,I_2,E3COLLECTIVEBLAME,N,sonnet
31793,I_2,E1VIOLENCE,N,sonnet
31793,I_2,E1RADICAL,N,sonnet
31793,I_2,E2ALLEGATION,N,sonnet
31793,I_2,E2DEHUMANIZATION,N,sonnet
31793,I_2,E2DEMONIZE,N,sonnet
31793,I_2,E2STEREOTYPE,N,sonnet
31793,I_2,E2COLLECTIVEPOWER,N,sonnet
31793,I_2,E2CONSPIRACY,N,sonnet
31793,I_2,E2CONTROLMEDIA,N,sonnet
31793,I_2,E2CONTROLECONOMY,N,sonnet
31793,I_2,E2CONTROLGOV,N,sonnet
31793,I_2,E2CONTROLOTHER,N,sonnet
31793,I_2,E3COLLECTIVEBLAME,N,sonnet
6983,I_2,E1VIOLENCE,N,sonnet
6983,I_2,E1RADICAL,N,sonnet
6983,I_2,E2ALLEGATION,N,sonnet
6983,I_2,E2DEHUMANIZATION,N,sonnet
6983,I_2,E2DEMONIZE,N,sonnet
6983,I_2,E2STEREOTYPE,N,sonnet
6983,I_2,E2COLLECTIVEPOWER,N,sonnet
6983,I_2,E2CONSPIRACY,N,sonnet
6983,I_2,E2CONTROLMEDIA,N,sonnet
6983,I_2,E2CONTROLECONOMY,N,sonnet
6983,I_2,E2CONTROLGOV,N,sonnet
6983,I_2,E2CONTROLOTHER,N,sonnet
6983,I_2,E3COLLECTIVEBLAME,N,sonnet
35317,I_2,E1VIOLENCE,N,sonnet
35317,I_2,E1RADICAL,N,sonnet
35317,I_2,E2ALLEGATION,N,sonnet
35317,I_2,E2DEHUMANIZATION,N,sonnet
35317,I_2,E2DEMONIZE,E,sonnet
35317,I_2,E2STEREOTYPE,N,sonnet
35317,I_2,E2COLLECTIVEPOWER,N,sonnet
35317,I_2,E2CONSPIRACY,N,sonnet
35317,I_2,E2CONTROLMEDIA,N,sonnet
35317,I_2,E2CONTROLECONOMY,N,sonnet
35317,I_2,E2CONTROLGOV,N,sonnet
35317,I_2,E2CONTROLOTHER,N,sonnet
35317,I_2,E3COLLECTIVEBLAME,N,sonnet
17954,I_2,E1VIOLENCE,N,sonnet
17954,I_2,E1RADICAL,N,sonnet
17954,I_2,E2ALLEGATION,N,sonnet
17954,I_2,E2DEHUMANIZATION,N,sonnet
17954,I_2,E2DEMONIZE,N,sonnet
17954,I_2,E2STEREOTYPE,N,sonnet
17954,I_2,E2COLLECTIVEPOWER,N,sonnet
17954,I_2,E2CONSPIRACY,N,sonnet
17954,I_2,E2CONTROLMEDIA,N,sonnet
17954,I_2,E2CONTROLECONOMY,N,sonnet
17954,I_2,E2CONTROLGOV,N,sonnet
17954,I_2,E2CONTROLOTHER,N,sonnet
17954,I_2,E3COLLECTIVEBLAME,N,sonnet
6113,I_2,E1VIOLENCE,N,sonnet
6113,I_2,E1RADICAL,N,sonnet
6113,I_2,E2ALLEGATION,N,sonnet
6113,I_2,E2DEHUMANIZATION,N,sonnet
6113,I_2,E2DEMONIZE,N,sonnet
6113,I_2,E2STEREOTYPE,N,sonnet
6113,I_2,E2COLLECTIVEPOWER,N,sonnet
6113,I_2,E2CONSPIRACY,N,sonnet
6113,I_2,E2CONTROLMEDIA,N,sonnet
6113,I_2,E2CONTROLECONOMY,N,sonnet
6113,I_2,E2CONTROLGOV,N,sonnet
6113,I_2,E2CONTROLOTHER,N,sonnet
6113,I_2,E3COLLECTIVEBLAME,N,sonnet
15399,I_2,E1VIOLENCE,N,sonnet
15399,I_2,E1RADICAL,N,sonnet
15399,I_2,E2ALLEGATION,N,sonnet
15399,I_2,E2DEHUMANIZATION,N,sonnet
15399,I_2,E2DEMONIZE,N,sonnet
15399,I_2,E2STEREOTYPE,N,sonnet
15399,I_2,E2COLLECTIVEPOWER,N,sonnet
15399,I_2,E2CONSPIRACY,N,sonnet
15399,I_2,E2CONTROLMEDIA,N,sonnet
15399,I_2,E2CONTROLECONOMY,N,sonnet
15399,I_2,E2CONTROLGOV,N,sonnet
15399,I_2,E2CONTROLOTHER,N,sonnet
15399,I_2,E3COLLECTIVEBLAME,N,sonnet
21672,I_2,E1VIOLENCE,A,sonnet
21672,I_2,E1RADICAL,A,sonnet
21672,I_2,E2ALLEGATION,N,sonnet
21672,I_2,E2DEHUMANIZATION,A,sonnet
21672,I_2,E2DEMONIZE,A,sonnet
21672,I_2,E2STEREOTYPE,N,sonnet
21672,I_2,E2COLLECTIVEPOWER,N,sonnet
21672,I_2,E2CONSPIRACY,N,sonnet
21672,I_2,E2CONTROLMEDIA,N,sonnet
21672,I_2,E2CONTROLECONOMY,N,sonnet
21672,I_2,E2CONTROLGOV,N,sonnet
21672,I_2,E2CONTROLOTHER,N,sonnet
21672,I_2,E3COLLECTIVEBLAME,N,sonnet
17513,I_2,E1VIOLENCE,N,sonnet
17513,I_2,E1RADICAL,N,sonnet
17513,I_2,E2ALLEGATION,N,sonnet
17513,I_2,E2DEHUMANIZATION,N,sonnet
17513,I_2,E2DEMONIZE,N,sonnet
17513,I_2,E2STEREOTYPE,N,sonnet
17513,I_2,E2COLLECTIVEPOWER,N,sonnet
17513,I_2,E2CONSPIRACY,N,sonnet
17513,I_2,E2CONTROLMEDIA,N,sonnet
17513,I_2,E2CONTROLECONOMY,N,sonnet
17513,I_2,E2CONTROLGOV,N,sonnet
17513,I_2,E2CONTROLOTHER,N,sonnet
17513,I_2,E3COLLECTIVEBLAME,N,sonnet
12030,I_2,E1VIOLENCE,N,sonnet
12030,I_2,E1RADICAL,N,sonnet
12030,I_2,E2ALLEGATION,N,sonnet
12030,I_2,E2DEHUMANIZATION,N,sonnet
12030,I_2,E2DEMONIZE,N,sonnet
12030,I_2,E2STEREOTYPE,N,sonnet
12030,I_2,E2COLLECTIVEPOWER,N,sonnet
12030,I_2,E2CONSPIRACY,N,sonnet
12030,I_2,E2CONTROLMEDIA,N,sonnet
12030,I_2,E2CONTROLECONOMY,N,sonnet
12030,I_2,E2CONTROLGOV,N,sonnet
12030,I_2,E2CONTROLOTHER,N,sonnet
12030,I_2,E3COLLECTIVEBLAME,N,sonnet
17946,I_2,E1VIOLENCE,N,sonnet
17946,I_2,E1RADICAL,N,sonnet
17946,I_2,E2ALLEGATION,N,sonnet
17946,I_2,E2DEHUMANIZATION,E,sonnet
17946,I_2,E2DEMONIZE,N,sonnet
17946,I_2,E2STEREOTYPE,N,sonnet
17946,I_2,E2COLLECTIVEPOWER,N,sonnet
17946,I_2,E2CONSPIRACY,N,sonnet
17946,I_2,E2CONTROLMEDIA,N,sonnet
17946,I_2,E2CONTROLECONOMY,N,sonnet
17946,I_2,E2CONTROLGOV,N,sonnet
17946,I_2,E2CONTROLOTHER,N,sonnet
17946,I_2,E3COLLECTIVEBLAME,N,sonnet
4640,I_2,E1VIOLENCE,A,sonnet
4640,I_2,E1RADICAL,A,sonnet
4640,I_2,E2ALLEGATION,N,sonnet
4640,I_2,E2DEHUMANIZATION,I,sonnet
4640,I_2,E2DEMONIZE,N,sonnet
4640,I_2,E2STEREOTYPE,N,sonnet
4640,I_2,E2COLLECTIVEPOWER,N,sonnet
4640,I_2,E2CONSPIRACY,N,sonnet
4640,I_2,E2CONTROLMEDIA,N,sonnet
4640,I_2,E2CONTROLECONOMY,N,sonnet
4640,I_2,E2CONTROLGOV,N,sonnet
4640,I_2,E2CONTROLOTHER,N,sonnet
4640,I_2,E3COLLECTIVEBLAME,N,sonnet
29494,I_2,E1VIOLENCE,N,sonnet
29494,I_2,E1RADICAL,N,sonnet
29494,I_2,E2ALLEGATION,N,sonnet
29494,I_2,E2DEHUMANIZATION,N,sonnet
29494,I_2,E2DEMONIZE,N,sonnet
29494,I_2,E2STEREOTYPE,N,sonnet
29494,I_2,E2COLLECTIVEPOWER,N,sonnet
29494,I_2,E2CONSPIRACY,N,sonnet
29494,I_2,E2CONTROLMEDIA,N,sonnet
29494,I_2,E2CONTROLECONOMY,N,sonnet
29494,I_2,E2CONTROLGOV,N,sonnet
29494,I_2,E2CONTROLOTHER,N,sonnet
29494,I_2,E3COLLECTIVEBLAME,N,sonnet
26867,I_2,E1VIOLENCE,N,sonnet
26867,I_2,E1RADICAL,N,sonnet
26867,I_2,E2ALLEGATION,N,sonnet
26867,I_2,E2DEHUMANIZATION,N,sonnet
26867,I_2,E2DEMONIZE,N,sonnet
26867,I_2,E2STEREOTYPE,N,sonnet
26867,I_2,E2COLLECTIVEPOWER,N,sonnet
26867,I_2,E2CONSPIRACY,N,sonnet
26867,I_2,E2CONTROLMEDIA,N,sonnet
26867,I_2,E2CONTROLECONOMY,N,sonnet
26867,I_2,E2CONTROLGOV,N,sonnet
26867,I_2,E2CONTROLOTHER,N,sonnet
26867,I_2,E3COLLECTIVEBLAME,N,sonnet
16273,I_2,E1VIOLENCE,N,sonnet
16273,I_2,E1RADICAL,N,sonnet
16273,I_2,E2ALLEGATION,N,sonnet
16273,I_2,E2DEHUMANIZATION,N,sonnet
16273,I_2,E2DEMONIZE,N,sonnet
16273,I_2,E2STEREOTYPE,N,sonnet
16273,I_2,E2COLLECTIVEPOWER,N,sonnet
16273,I_2,E2CONSPIRACY,N,sonnet
16273,I_2,E2CONTROLMEDIA,N,sonnet
16273,I_2,E2CONTROLECONOMY,N,sonnet
16273,I_2,E2CONTROLGOV,N,sonnet
16273,I_2,E2CONTROLOTHER,N,sonnet
16273,I_2,E3COLLECTIVEBLAME,N,sonnet
22415,I_2,E1VIOLENCE,N,sonnet
22415,I_2,E1RADICAL,N,sonnet
22415,I_2,E2ALLEGATION,E,sonnet
22415,I_2,E2DEHUMANIZATION,N,sonnet
22415,I_2,E2DEMONIZE,E,sonnet
22415,I_2,E2STEREOTYPE,N,sonnet
22415,I_2,E2COLLECTIVEPOWER,N,sonnet
22415,I_2,E2CONSPIRACY,N,sonnet
22415,I_2,E2CONTROLMEDIA,N,sonnet
22415,I_2,E2CONTROLECONOMY,N,sonnet
22415,I_2,E2CONTROLGOV,N,sonnet
22415,I_2,E2CONTROLOTHER,N,sonnet
22415,I_2,E3COLLECTIVEBLAME,E,sonnet
11252,I_2,E1VIOLENCE,N,sonnet
11252,I_2,E1RADICAL,N,sonnet
11252,I_2,E2ALLEGATION,N,sonnet
11252,I_2,E2DEHUMANIZATION,N,sonnet
11252,I_2,E2DEMONIZE,N,sonnet
11252,I_2,E2STEREOTYPE,N,sonnet
11252,I_2,E2COLLECTIVEPOWER,N,sonnet
11252,I_2,E2CONSPIRACY,N,sonnet
11252,I_2,E2CONTROLMEDIA,N,sonnet
11252,I_2,E2CONTROLECONOMY,N,sonnet
11252,I_2,E2CONTROLGOV,N,sonnet
11252,I_2,E2CONTROLOTHER,N,sonnet
11252,I_2,E3COLLECTIVEBLAME,N,sonnet
34323,I_2,E1VIOLENCE,N,sonnet
34323,I_2,E1RADICAL,N,sonnet
34323,I_2,E2ALLEGATION,N,sonnet
34323,I_2,E2DEHUMANIZATION,N,sonnet
34323,I_2,E2DEMONIZE,N,sonnet
34323,I_2,E2STEREOTYPE,N,sonnet
34323,I_2,E2COLLECTIVEPOWER,N,sonnet
34323,I_2,E2CONSPIRACY,N,sonnet
34323,I_2,E2CONTROLMEDIA,N,sonnet
34323,I_2,E2CONTROLECONOMY,N,sonnet
34323,I_2,E2CONTROLGOV,N,sonnet
34323,I_2,E2CONTROLOTHER,N,sonnet
34323,I_2,E3COLLECTIVEBLAME,N,sonnet
31024,I_2,E1VIOLENCE,N,sonnet
31024,I_2,E1RADICAL,N,sonnet
31024,I_2,E2ALLEGATION,N,sonnet
31024,I_2,E2DEHUMANIZATION,N,sonnet
31024,I_2,E2DEMONIZE,N,sonnet
31024,I_2,E2STEREOTYPE,N,sonnet
31024,I_2,E2COLLECTIVEPOWER,N,sonnet
31024,I_2,E2CONSPIRACY,N,sonnet
31024,I_2,E2CONTROLMEDIA,N,sonnet
31024,I_2,E2CONTROLECONOMY,N,sonnet
31024,I_2,E2CONTROLGOV,N,sonnet
31024,I_2,E2CONTROLOTHER,N,sonnet
31024,I_2,E3COLLECTIVEBLAME,N,sonnet
49450,I_2,E1VIOLENCE,N,sonnet
49450,I_2,E1RADICAL,N,sonnet
49450,I_2,E2ALLEGATION,N,sonnet
49450,I_2,E2DEHUMANIZATION,N,sonnet
49450,I_2,E2DEMONIZE,N,sonnet
49450,I_2,E2STEREOTYPE,N,sonnet
49450,I_2,E2COLLECTIVEPOWER,N,sonnet
49450,I_2,E2CONSPIRACY,N,sonnet
49450,I_2,E2CONTROLMEDIA,N,sonnet
49450,I_2,E2CONTROLECONOMY,N,sonnet
49450,I_2,E2CONTROLGOV,N,sonnet
49450,I_2,E2CONTROLOTHER,N,sonnet
49450,I_2,E3COLLECTIVEBLAME,N,sonnet
30101,I_2,E1VIOLENCE,N,sonnet
30101,I_2,E1RADICAL,N,sonnet
30101,I_2,E2ALLEGATION,N,sonnet
30101,I_2,E2DEHUMANIZATION,N,sonnet
30101,I_2,E2DEMONIZE,N,sonnet
30101,I_2,E2STEREOTYPE,N,sonnet
30101,I_2,E2COLLECTIVEPOWER,N,sonnet
30101,I_2,E2CONSPIRACY,N,sonnet
30101,I_2,E2CONTROLMEDIA,N,sonnet
30101,I_2,E2CONTROLECONOMY,N,sonnet
30101,I_2,E2CONTROLGOV,N,sonnet
30101,I_2,E2CONTROLOTHER,N,sonnet
30101,I_2,E3COLLECTIVEBLAME,N,sonnet
3954,I_2,E1VIOLENCE,N,sonnet
3954,I_2,E1RADICAL,N,sonnet
3954,I_2,E2ALLEGATION,N,sonnet
3954,I_2,E2DEHUMANIZATION,N,sonnet
3954,I_2,E2DEMONIZE,N,sonnet
3954,I_2,E2STEREOTYPE,N,sonnet
3954,I_2,E2COLLECTIVEPOWER,N,sonnet
3954,I_2,E2CONSPIRACY,N,sonnet
3954,I_2,E2CONTROLMEDIA,N,sonnet
3954,I_2,E2CONTROLECONOMY,N,sonnet
3954,I_2,E2CONTROLGOV,N,sonnet
3954,I_2,E2CONTROLOTHER,N,sonnet
3954,I_2,E3COLLECTIVEBLAME,N,sonnet
23144,I_2,E1VIOLENCE,N,gpt4o
23144,I_2,E1RADICAL,N,gpt4o
23144,I_2,E2ALLEGATION,I,gpt4o
23144,I_2,E2DEHUMANIZATION,N,gpt4o
23144,I_2,E2DEMONIZE,N,gpt4o
23144,I_2,E2STEREOTYPE,N,gpt4o
23144,I_2,E2COLLECTIVEPOWER,N,gpt4o
23144,I_2,E2CONSPIRACY,I,gpt4o
23144,I_2,E2CONTROLMEDIA,N,gpt4o
23144,I_2,E2CONTROLECONOMY,N,gpt4o
23144,I_2,E2CONTROLGOV,N,gpt4o
23144,I_2,E2CONTROLOTHER,N,gpt4o
23144,I_2,E3COLLECTIVEBLAME,N,gpt4o
2776,I_2,E1VIOLENCE,N,sonnet
2776,I_2,E1RADICAL,N,sonnet
2776,I_2,E2ALLEGATION,N,sonnet
2776,I_2,E2DEHUMANIZATION,N,sonnet
2776,I_2,E2DEMONIZE,N,sonnet
2776,I_2,E2STEREOTYPE,N,sonnet
2776,I_2,E2COLLECTIVEPOWER,N,sonnet
2776,I_2,E2CONSPIRACY,N,sonnet
2776,I_2,E2CONTROLMEDIA,N,sonnet
2776,I_2,E2CONTROLECONOMY,N,sonnet
2776,I_2,E2CONTROLGOV,N,sonnet
2776,I_2,E2CONTROLOTHER,N,sonnet
2776,I_2,E3COLLECTIVEBLAME,N,sonnet
12995,I_2,E1VIOLENCE,N,sonnet
12995,I_2,E1RADICAL,N,sonnet
12995,I_2,E2ALLEGATION,I,sonnet
12995,I_2,E2DEHUMANIZATION,N,sonnet
12995,I_2,E2DEMONIZE,I,sonnet
12995,I_2,E2STEREOTYPE,I,sonnet
12995,I_2,E2COLLECTIVEPOWER,I,sonnet
12995,I_2,E2CONSPIRACY,I,sonnet
12995,I_2,E2CONTROLMEDIA,N,sonnet
12995,I_2,E2CONTROLECONOMY,N,sonnet
12995,I_2,E2CONTROLGOV,N,sonnet
12995,I_2,E2CONTROLOTHER,I,sonnet
12995,I_2,E3COLLECTIVEBLAME,N,sonnet
11258,I_2,E1VIOLENCE,N,sonnet
11258,I_2,E1RADICAL,N,sonnet
11258,I_2,E2ALLEGATION,E,sonnet
11258,I_2,E2DEHUMANIZATION,E,sonnet
11258,I_2,E2DEMONIZE,E,sonnet
11258,I_2,E2STEREOTYPE,N,sonnet
11258,I_2,E2COLLECTIVEPOWER,N,sonnet
11258,I_2,E2CONSPIRACY,N,sonnet
11258,I_2,E2CONTROLMEDIA,N,sonnet
11258,I_2,E2CONTROLECONOMY,N,sonnet
11258,I_2,E2CONTROLGOV,N,sonnet
11258,I_2,E2CONTROLOTHER,N,sonnet
11258,I_2,E3COLLECTIVEBLAME,N,sonnet
46036,I_2,E1VIOLENCE,N,sonnet
46036,I_2,E1RADICAL,N,sonnet
46036,I_2,E2ALLEGATION,N,sonnet
46036,I_2,E2DEHUMANIZATION,N,sonnet
46036,I_2,E2DEMONIZE,N,sonnet
46036,I_2,E2STEREOTYPE,N,sonnet
46036,I_2,E2COLLECTIVEPOWER,N,sonnet
46036,I_2,E2CONSPIRACY,N,sonnet
46036,I_2,E2CONTROLMEDIA,N,sonnet
46036,I_2,E2CONTROLECONOMY,N,sonnet
46036,I_2,E2CONTROLGOV,N,sonnet
46036,I_2,E2CONTROLOTHER,N,sonnet
46036,I_2,E3COLLECTIVEBLAME,N,sonnet
13933,I_2,E1VIOLENCE,A,sonnet
13933,I_2,E1RADICAL,A,sonnet
13933,I_2,E2ALLEGATION,N,sonnet
13933,I_2,E2DEHUMANIZATION,N,sonnet
13933,I_2,E2DEMONIZE,N,sonnet
13933,I_2,E2STEREOTYPE,N,sonnet
13933,I_2,E2COLLECTIVEPOWER,N,sonnet
13933,I_2,E2CONSPIRACY,N,sonnet
13933,I_2,E2CONTROLMEDIA,N,sonnet
13933,I_2,E2CONTROLECONOMY,N,sonnet
13933,I_2,E2CONTROLGOV,N,sonnet
13933,I_2,E2CONTROLOTHER,N,sonnet
13933,I_2,E3COLLECTIVEBLAME,N,sonnet
30402,I_2,E1VIOLENCE,N,sonnet
30402,I_2,E1RADICAL,N,sonnet
30402,I_2,E2ALLEGATION,N,sonnet
30402,I_2,E2DEHUMANIZATION,N,sonnet
30402,I_2,E2DEMONIZE,N,sonnet
30402,I_2,E2STEREOTYPE,N,sonnet
30402,I_2,E2COLLECTIVEPOWER,N,sonnet
30402,I_2,E2CONSPIRACY,N,sonnet
30402,I_2,E2CONTROLMEDIA,N,sonnet
30402,I_2,E2CONTROLECONOMY,N,sonnet
30402,I_2,E2CONTROLGOV,N,sonnet
30402,I_2,E2CONTROLOTHER,N,sonnet
30402,I_2,E3COLLECTIVEBLAME,N,sonnet
46737,I_2,E1VIOLENCE,N,sonnet
46737,I_2,E1RADICAL,N,sonnet
46737,I_2,E2ALLEGATION,N,sonnet
46737,I_2,E2DEHUMANIZATION,N,sonnet
46737,I_2,E2DEMONIZE,N,sonnet
46737,I_2,E2STEREOTYPE,N,sonnet
46737,I_2,E2COLLECTIVEPOWER,N,sonnet
46737,I_2,E2CONSPIRACY,N,sonnet
46737,I_2,E2CONTROLMEDIA,N,sonnet
46737,I_2,E2CONTROLECONOMY,N,sonnet
46737,I_2,E2CONTROLGOV,N,sonnet
46737,I_2,E2CONTROLOTHER,N,sonnet
46737,I_2,E3COLLECTIVEBLAME,N,sonnet
44358,I_2,E1VIOLENCE,N,sonnet
44358,I_2,E1RADICAL,N,sonnet
44358,I_2,E2ALLEGATION,N,sonnet
44358,I_2,E2DEHUMANIZATION,N,sonnet
44358,I_2,E2DEMONIZE,N,sonnet
44358,I_2,E2STEREOTYPE,N,sonnet
44358,I_2,E2COLLECTIVEPOWER,N,sonnet
44358,I_2,E2CONSPIRACY,N,sonnet
44358,I_2,E2CONTROLMEDIA,N,sonnet
44358,I_2,E2CONTROLECONOMY,N,sonnet
44358,I_2,E2CONTROLGOV,N,sonnet
44358,I_2,E2CONTROLOTHER,N,sonnet
44358,I_2,E3COLLECTIVEBLAME,N,sonnet
31512,I_2,E1VIOLENCE,N,sonnet
31512,I_2,E1RADICAL,N,sonnet
31512,I_2,E2ALLEGATION,N,sonnet
31512,I_2,E2DEHUMANIZATION,N,sonnet
31512,I_2,E2DEMONIZE,A,sonnet
31512,I_2,E2STEREOTYPE,N,sonnet
31512,I_2,E2COLLECTIVEPOWER,N,sonnet
31512,I_2,E2CONSPIRACY,N,sonnet
31512,I_2,E2CONTROLMEDIA,N,sonnet
31512,I_2,E2CONTROLECONOMY,N,sonnet
31512,I_2,E2CONTROLGOV,N,sonnet
31512,I_2,E2CONTROLOTHER,N,sonnet
31512,I_2,E3COLLECTIVEBLAME,N,sonnet
20090,I_2,E1VIOLENCE,N,sonnet
20090,I_2,E1RADICAL,N,sonnet
20090,I_2,E2ALLEGATION,N,sonnet
20090,I_2,E2DEHUMANIZATION,N,sonnet
20090,I_2,E2DEMONIZE,N,sonnet
20090,I_2,E2STEREOTYPE,N,sonnet
20090,I_2,E2COLLECTIVEPOWER,N,sonnet
20090,I_2,E2CONSPIRACY,N,sonnet
20090,I_2,E2CONTROLMEDIA,N,sonnet
20090,I_2,E2CONTROLECONOMY,N,sonnet
20090,I_2,E2CONTROLGOV,N,sonnet
20090,I_2,E2CONTROLOTHER,N,sonnet
20090,I_2,E3COLLECTIVEBLAME,N,sonnet
7603,I_2,E1VIOLENCE,N,sonnet
7603,I_2,E1RADICAL,N,sonnet
7603,I_2,E2ALLEGATION,N,sonnet
7603,I_2,E2DEHUMANIZATION,I,sonnet
7603,I_2,E2DEMONIZE,N,sonnet
7603,I_2,E2STEREOTYPE,I,sonnet
7603,I_2,E2COLLECTIVEPOWER,N,sonnet
7603,I_2,E2CONSPIRACY,N,sonnet
7603,I_2,E2CONTROLMEDIA,N,sonnet
7603,I_2,E2CONTROLECONOMY,N,sonnet
7603,I_2,E2CONTROLGOV,N,sonnet
7603,I_2,E2CONTROLOTHER,N,sonnet
7603,I_2,E3COLLECTIVEBLAME,N,sonnet
31907,I_2,E1VIOLENCE,N,sonnet
31907,I_2,E1RADICAL,N,sonnet
31907,I_2,E2ALLEGATION,N,sonnet
31907,I_2,E2DEHUMANIZATION,N,sonnet
31907,I_2,E2DEMONIZE,N,sonnet
31907,I_2,E2STEREOTYPE,N,sonnet
31907,I_2,E2COLLECTIVEPOWER,N,sonnet
31907,I_2,E2CONSPIRACY,N,sonnet
31907,I_2,E2CONTROLMEDIA,N,sonnet
31907,I_2,E2CONTROLECONOMY,N,sonnet
31907,I_2,E2CONTROLGOV,N,sonnet
31907,I_2,E2CONTROLOTHER,N,sonnet
31907,I_2,E3COLLECTIVEBLAME,N,sonnet
11419,I_2,E1VIOLENCE,N,sonnet
11419,I_2,E1RADICAL,N,sonnet
11419,I_2,E2ALLEGATION,N,sonnet
11419,I_2,E2DEHUMANIZATION,N,sonnet
11419,I_2,E2DEMONIZE,N,sonnet
11419,I_2,E2STEREOTYPE,N,sonnet
11419,I_2,E2COLLECTIVEPOWER,N,sonnet
11419,I_2,E2CONSPIRACY,N,sonnet
11419,I_2,E2CONTROLMEDIA,N,sonnet
11419,I_2,E2CONTROLECONOMY,N,sonnet
11419,I_2,E2CONTROLGOV,N,sonnet
11419,I_2,E2CONTROLOTHER,N,sonnet
11419,I_2,E3COLLECTIVEBLAME,N,sonnet
22343,I_2,E1VIOLENCE,N,sonnet
22343,I_2,E1RADICAL,N,sonnet
22343,I_2,E2ALLEGATION,N,sonnet
22343,I_2,E2DEHUMANIZATION,N,sonnet
22343,I_2,E2DEMONIZE,N,sonnet
22343,I_2,E2STEREOTYPE,N,sonnet
22343,I_2,E2COLLECTIVEPOWER,N,sonnet
22343,I_2,E2CONSPIRACY,N,sonnet
22343,I_2,E2CONTROLMEDIA,N,sonnet
22343,I_2,E2CONTROLECONOMY,N,sonnet
22343,I_2,E2CONTROLGOV,N,sonnet
22343,I_2,E2CONTROLOTHER,N,sonnet
22343,I_2,E3COLLECTIVEBLAME,N,sonnet
40323,I_2,E1VIOLENCE,N,sonnet
40323,I_2,E1RADICAL,N,sonnet
40323,I_2,E2ALLEGATION,E,sonnet
40323,I_2,E2DEHUMANIZATION,E,sonnet
40323,I_2,E2DEMONIZE,E,sonnet
40323,I_2,E2STEREOTYPE,E,sonnet
40323,I_2,E2COLLECTIVEPOWER,E,sonnet
40323,I_2,E2CONSPIRACY,E,sonnet
40323,I_2,E2CONTROLMEDIA,N,sonnet
40323,I_2,E2CONTROLECONOMY,N,sonnet
40323,I_2,E2CONTROLGOV,E,sonnet
40323,I_2,E2CONTROLOTHER,E,sonnet
40323,I_2,E3COLLECTIVEBLAME,E,sonnet
6044,I_2,E1VIOLENCE,N,sonnet
6044,I_2,E1RADICAL,N,sonnet
6044,I_2,E2ALLEGATION,A,sonnet
6044,I_2,E2DEHUMANIZATION,A,sonnet
6044,I_2,E2DEMONIZE,A,sonnet
6044,I_2,E2STEREOTYPE,A,sonnet
6044,I_2,E2COLLECTIVEPOWER,N,sonnet
6044,I_2,E2CONSPIRACY,N,sonnet
6044,I_2,E2CONTROLMEDIA,N,sonnet
6044,I_2,E2CONTROLECONOMY,N,sonnet
6044,I_2,E2CONTROLGOV,N,sonnet
6044,I_2,E2CONTROLOTHER,N,sonnet
6044,I_2,E3COLLECTIVEBLAME,N,sonnet
30035,I_2,E1VIOLENCE,N,sonnet
30035,I_2,E1RADICAL,N,sonnet
30035,I_2,E2ALLEGATION,N,sonnet
30035,I_2,E2DEHUMANIZATION,N,sonnet
30035,I_2,E2DEMONIZE,N,sonnet
30035,I_2,E2STEREOTYPE,N,sonnet
30035,I_2,E2COLLECTIVEPOWER,N,sonnet
30035,I_2,E2CONSPIRACY,N,sonnet
30035,I_2,E2CONTROLMEDIA,N,sonnet
30035,I_2,E2CONTROLECONOMY,N,sonnet
30035,I_2,E2CONTROLGOV,N,sonnet
30035,I_2,E2CONTROLOTHER,N,sonnet
30035,I_2,E3COLLECTIVEBLAME,N,sonnet
21152,I_2,E1VIOLENCE,N,sonnet
21152,I_2,E1RADICAL,N,sonnet
21152,I_2,E2ALLEGATION,N,sonnet
21152,I_2,E2DEHUMANIZATION,N,sonnet
21152,I_2,E2DEMONIZE,N,sonnet
21152,I_2,E2STEREOTYPE,N,sonnet
21152,I_2,E2COLLECTIVEPOWER,N,sonnet
21152,I_2,E2CONSPIRACY,N,sonnet
21152,I_2,E2CONTROLMEDIA,N,sonnet
21152,I_2,E2CONTROLECONOMY,N,sonnet
21152,I_2,E2CONTROLGOV,N,sonnet
21152,I_2,E2CONTROLOTHER,N,sonnet
21152,I_2,E3COLLECTIVEBLAME,N,sonnet
28047,I_2,E1VIOLENCE,N,sonnet
28047,I_2,E1RADICAL,N,sonnet
28047,I_2,E2ALLEGATION,N,sonnet
28047,I_2,E2DEHUMANIZATION,N,sonnet
28047,I_2,E2DEMONIZE,N,sonnet
28047,I_2,E2STEREOTYPE,N,sonnet
28047,I_2,E2COLLECTIVEPOWER,N,sonnet
28047,I_2,E2CONSPIRACY,N,sonnet
28047,I_2,E2CONTROLMEDIA,N,sonnet
28047,I_2,E2CONTROLECONOMY,N,sonnet
28047,I_2,E2CONTROLGOV,N,sonnet
28047,I_2,E2CONTROLOTHER,N,sonnet
28047,I_2,E3COLLECTIVEBLAME,N,sonnet
23994,I_2,E1VIOLENCE,N,sonnet
23994,I_2,E1RADICAL,N,sonnet
23994,I_2,E2ALLEGATION,N,sonnet
23994,I_2,E2DEHUMANIZATION,N,sonnet
23994,I_2,E2DEMONIZE,N,sonnet
23994,I_2,E2STEREOTYPE,N,sonnet
23994,I_2,E2COLLECTIVEPOWER,N,sonnet
23994,I_2,E2CONSPIRACY,N,sonnet
23994,I_2,E2CONTROLMEDIA,N,sonnet
23994,I_2,E2CONTROLECONOMY,N,sonnet
23994,I_2,E2CONTROLGOV,N,sonnet
23994,I_2,E2CONTROLOTHER,N,sonnet
23994,I_2,E3COLLECTIVEBLAME,N,sonnet
29681,I_2,E1VIOLENCE,N,sonnet
29681,I_2,E1RADICAL,N,sonnet
29681,I_2,E2ALLEGATION,N,sonnet
29681,I_2,E2DEHUMANIZATION,N,sonnet
29681,I_2,E2DEMONIZE,N,sonnet
29681,I_2,E2STEREOTYPE,N,sonnet
29681,I_2,E2COLLECTIVEPOWER,N,sonnet
29681,I_2,E2CONSPIRACY,N,sonnet
29681,I_2,E2CONTROLMEDIA,N,sonnet
29681,I_2,E2CONTROLECONOMY,N,sonnet
29681,I_2,E2CONTROLGOV,N,sonnet
29681,I_2,E2CONTROLOTHER,N,sonnet
29681,I_2,E3COLLECTIVEBLAME,N,sonnet
38127,I_2,E1VIOLENCE,N,sonnet
38127,I_2,E1RADICAL,N,sonnet
38127,I_2,E2ALLEGATION,N,sonnet
38127,I_2,E2DEHUMANIZATION,N,sonnet
38127,I_2,E2DEMONIZE,N,sonnet
38127,I_2,E2STEREOTYPE,N,sonnet
38127,I_2,E2COLLECTIVEPOWER,N,sonnet
38127,I_2,E2CONSPIRACY,N,sonnet
38127,I_2,E2CONTROLMEDIA,N,sonnet
38127,I_2,E2CONTROLECONOMY,N,sonnet
38127,I_2,E2CONTROLGOV,N,sonnet
38127,I_2,E2CONTROLOTHER,N,sonnet
38127,I_2,E3COLLECTIVEBLAME,N,sonnet
44670,I_2,E1VIOLENCE,N,gpt4o
44670,I_2,E1RADICAL,N,gpt4o
44670,I_2,E2ALLEGATION,E,gpt4o
44670,I_2,E2DEHUMANIZATION,N,gpt4o
44670,I_2,E2DEMONIZE,E,gpt4o
44670,I_2,E2STEREOTYPE,N,gpt4o
44670,I_2,E2COLLECTIVEPOWER,I,gpt4o
44670,I_2,E2CONSPIRACY,I,gpt4o
44670,I_2,E2CONTROLMEDIA,N,gpt4o
44670,I_2,E2CONTROLECONOMY,N,gpt4o
44670,I_2,E2CONTROLGOV,I,gpt4o
44670,I_2,E2CONTROLOTHER,N,gpt4o
44670,I_2,E3COLLECTIVEBLAME,E,gpt4o
39362,I_2,E1VIOLENCE,N,sonnet
39362,I_2,E1RADICAL,N,sonnet
39362,I_2,E2ALLEGATION,N,sonnet
39362,I_2,E2DEHUMANIZATION,N,sonnet
39362,I_2,E2DEMONIZE,N,sonnet
39362,I_2,E2STEREOTYPE,N,sonnet
39362,I_2,E2COLLECTIVEPOWER,N,sonnet
39362,I_2,E2CONSPIRACY,N,sonnet
39362,I_2,E2CONTROLMEDIA,N,sonnet
39362,I_2,E2CONTROLECONOMY,N,sonnet
39362,I_2,E2CONTROLGOV,N,sonnet
39362,I_2,E2CONTROLOTHER,N,sonnet
39362,I_2,E3COLLECTIVEBLAME,N,sonnet
14936,I_2,E1VIOLENCE,N,sonnet
14936,I_2,E1RADICAL,N,sonnet
14936,I_2,E2ALLEGATION,N,sonnet
14936,I_2,E2DEHUMANIZATION,N,sonnet
14936,I_2,E2DEMONIZE,N,sonnet
14936,I_2,E2STEREOTYPE,N,sonnet
14936,I_2,E2COLLECTIVEPOWER,N,sonnet
14936,I_2,E2CONSPIRACY,N,sonnet
14936,I_2,E2CONTROLMEDIA,N,sonnet
14936,I_2,E2CONTROLECONOMY,N,sonnet
14936,I_2,E2CONTROLGOV,N,sonnet
14936,I_2,E2CONTROLOTHER,N,sonnet
14936,I_2,E3COLLECTIVEBLAME,N,sonnet
23602,I_2,E1VIOLENCE,N,sonnet
23602,I_2,E1RADICAL,N,sonnet
23602,I_2,E2ALLEGATION,N,sonnet
23602,I_2,E2DEHUMANIZATION,N,sonnet
23602,I_2,E2DEMONIZE,N,sonnet
23602,I_2,E2STEREOTYPE,N,sonnet
23602,I_2,E2COLLECTIVEPOWER,N,sonnet
23602,I_2,E2CONSPIRACY,N,sonnet
23602,I_2,E2CONTROLMEDIA,N,sonnet
23602,I_2,E2CONTROLECONOMY,N,sonnet
23602,I_2,E2CONTROLGOV,N,sonnet
23602,I_2,E2CONTROLOTHER,N,sonnet
23602,I_2,E3COLLECTIVEBLAME,N,sonnet
7958,I_2,E1VIOLENCE,N,sonnet
7958,I_2,E1RADICAL,N,sonnet
7958,I_2,E2ALLEGATION,N,sonnet
7958,I_2,E2DEHUMANIZATION,N,sonnet
7958,I_2,E2DEMONIZE,N,sonnet
7958,I_2,E2STEREOTYPE,N,sonnet
7958,I_2,E2COLLECTIVEPOWER,N,sonnet
7958,I_2,E2CONSPIRACY,N,sonnet
7958,I_2,E2CONTROLMEDIA,N,sonnet
7958,I_2,E2CONTROLECONOMY,N,sonnet
7958,I_2,E2CONTROLGOV,N,sonnet
7958,I_2,E2CONTROLOTHER,N,sonnet
7958,I_2,E3COLLECTIVEBLAME,N,sonnet
37571,I_2,E1VIOLENCE,N,sonnet
37571,I_2,E1RADICAL,N,sonnet
37571,I_2,E2ALLEGATION,N,sonnet
37571,I_2,E2DEHUMANIZATION,N,sonnet
37571,I_2,E2DEMONIZE,N,sonnet
37571,I_2,E2STEREOTYPE,N,sonnet
37571,I_2,E2COLLECTIVEPOWER,N,sonnet
37571,I_2,E2CONSPIRACY,N,sonnet
37571,I_2,E2CONTROLMEDIA,N,sonnet
37571,I_2,E2CONTROLECONOMY,N,sonnet
37571,I_2,E2CONTROLGOV,N,sonnet
37571,I_2,E2CONTROLOTHER,N,sonnet
37571,I_2,E3COLLECTIVEBLAME,N,sonnet
48322,I_2,E1VIOLENCE,N,sonnet
48322,I_2,E1RADICAL,N,sonnet
48322,I_2,E2ALLEGATION,N,sonnet
48322,I_2,E2DEHUMANIZATION,N,sonnet
48322,I_2,E2DEMONIZE,N,sonnet
48322,I_2,E2STEREOTYPE,N,sonnet
48322,I_2,E2COLLECTIVEPOWER,N,sonnet
48322,I_2,E2CONSPIRACY,N,sonnet
48322,I_2,E2CONTROLMEDIA,N,sonnet
48322,I_2,E2CONTROLECONOMY,N,sonnet
48322,I_2,E2CONTROLGOV,N,sonnet
48322,I_2,E2CONTROLOTHER,N,sonnet
48322,I_2,E3COLLECTIVEBLAME,N,sonnet
14911,I_2,E1VIOLENCE,N,sonnet
14911,I_2,E1RADICAL,N,sonnet
14911,I_2,E2ALLEGATION,N,sonnet
14911,I_2,E2DEHUMANIZATION,N,sonnet
14911,I_2,E2DEMONIZE,N,sonnet
14911,I_2,E2STEREOTYPE,N,sonnet
14911,I_2,E2COLLECTIVEPOWER,N,sonnet
14911,I_2,E2CONSPIRACY,N,sonnet
14911,I_2,E2CONTROLMEDIA,N,sonnet
14911,I_2,E2CONTROLECONOMY,N,sonnet
14911,I_2,E2CONTROLGOV,N,sonnet
14911,I_2,E2CONTROLOTHER,N,sonnet
14911,I_2,E3COLLECTIVEBLAME,N,sonnet
38780,I_2,E1VIOLENCE,N,sonnet
38780,I_2,E1RADICAL,N,sonnet
38780,I_2,E2ALLEGATION,N,sonnet
38780,I_2,E2DEHUMANIZATION,N,sonnet
38780,I_2,E2DEMONIZE,N,sonnet
38780,I_2,E2STEREOTYPE,N,sonnet
38780,I_2,E2COLLECTIVEPOWER,N,sonnet
38780,I_2,E2CONSPIRACY,N,sonnet
38780,I_2,E2CONTROLMEDIA,N,sonnet
38780,I_2,E2CONTROLECONOMY,N,sonnet
38780,I_2,E2CONTROLGOV,N,sonnet
38780,I_2,E2CONTROLOTHER,N,sonnet
38780,I_2,E3COLLECTIVEBLAME,N,sonnet
14488,I_2,E1VIOLENCE,N,sonnet
14488,I_2,E1RADICAL,N,sonnet
14488,I_2,E2ALLEGATION,N,sonnet
14488,I_2,E2DEHUMANIZATION,N,sonnet
14488,I_2,E2DEMONIZE,N,sonnet
14488,I_2,E2STEREOTYPE,N,sonnet
14488,I_2,E2COLLECTIVEPOWER,N,sonnet
14488,I_2,E2CONSPIRACY,N,sonnet
14488,I_2,E2CONTROLMEDIA,N,sonnet
14488,I_2,E2CONTROLECONOMY,N,sonnet
14488,I_2,E2CONTROLGOV,N,sonnet
14488,I_2,E2CONTROLOTHER,N,sonnet
14488,I_2,E3COLLECTIVEBLAME,N,sonnet
45775,I_2,E1VIOLENCE,N,sonnet
45775,I_2,E1RADICAL,N,sonnet
45775,I_2,E2ALLEGATION,N,sonnet
45775,I_2,E2DEHUMANIZATION,N,sonnet
45775,I_2,E2DEMONIZE,N,sonnet
45775,I_2,E2STEREOTYPE,N,sonnet
45775,I_2,E2COLLECTIVEPOWER,N,sonnet
45775,I_2,E2CONSPIRACY,N,sonnet
45775,I_2,E2CONTROLMEDIA,N,sonnet
45775,I_2,E2CONTROLECONOMY,N,sonnet
45775,I_2,E2CONTROLGOV,N,sonnet
45775,I_2,E2CONTROLOTHER,N,sonnet
45775,I_2,E3COLLECTIVEBLAME,N,sonnet
43183,I_2,E1VIOLENCE,N,sonnet
43183,I_2,E1RADICAL,N,sonnet
43183,I_2,E2ALLEGATION,N,sonnet
43183,I_2,E2DEHUMANIZATION,N,sonnet
43183,I_2,E2DEMONIZE,N,sonnet
43183,I_2,E2STEREOTYPE,N,sonnet
43183,I_2,E2COLLECTIVEPOWER,N,sonnet
43183,I_2,E2CONSPIRACY,N,sonnet
43183,I_2,E2CONTROLMEDIA,N,sonnet
43183,I_2,E2CONTROLECONOMY,N,sonnet
43183,I_2,E2CONTROLGOV,N,sonnet
43183,I_2,E2CONTROLOTHER,N,sonnet
43183,I_2,E3COLLECTIVEBLAME,N,sonnet
49849,I_2,E1VIOLENCE,N,sonnet
49849,I_2,E1RADICAL,N,sonnet
49849,I_2,E2ALLEGATION,N,sonnet
49849,I_2,E2DEHUMANIZATION,N,sonnet
49849,I_2,E2DEMONIZE,N,sonnet
49849,I_2,E2STEREOTYPE,N,sonnet
49849,I_2,E2COLLECTIVEPOWER,N,sonnet
49849,I_2,E2CONSPIRACY,N,sonnet
49849,I_2,E2CONTROLMEDIA,N,sonnet
49849,I_2,E2CONTROLECONOMY,N,sonnet
49849,I_2,E2CONTROLGOV,N,sonnet
49849,I_2,E2CONTROLOTHER,N,sonnet
49849,I_2,E3COLLECTIVEBLAME,N,sonnet
47901,I_2,E1VIOLENCE,N,sonnet
47901,I_2,E1RADICAL,N,sonnet
47901,I_2,E2ALLEGATION,N,sonnet
47901,I_2,E2DEHUMANIZATION,N,sonnet
47901,I_2,E2DEMONIZE,N,sonnet
47901,I_2,E2STEREOTYPE,N,sonnet
47901,I_2,E2COLLECTIVEPOWER,N,sonnet
47901,I_2,E2CONSPIRACY,N,sonnet
47901,I_2,E2CONTROLMEDIA,N,sonnet
47901,I_2,E2CONTROLECONOMY,N,sonnet
47901,I_2,E2CONTROLGOV,N,sonnet
47901,I_2,E2CONTROLOTHER,N,sonnet
47901,I_2,E3COLLECTIVEBLAME,N,sonnet
41103,I_2,E1VIOLENCE,N,sonnet
41103,I_2,E1RADICAL,N,sonnet
41103,I_2,E2ALLEGATION,N,sonnet
41103,I_2,E2DEHUMANIZATION,N,sonnet
41103,I_2,E2DEMONIZE,N,sonnet
41103,I_2,E2STEREOTYPE,N,sonnet
41103,I_2,E2COLLECTIVEPOWER,N,sonnet
41103,I_2,E2CONSPIRACY,N,sonnet
41103,I_2,E2CONTROLMEDIA,N,sonnet
41103,I_2,E2CONTROLECONOMY,N,sonnet
41103,I_2,E2CONTROLGOV,N,sonnet
41103,I_2,E2CONTROLOTHER,N,sonnet
41103,I_2,E3COLLECTIVEBLAME,N,sonnet
26630,I_2,E1VIOLENCE,N,sonnet
26630,I_2,E1RADICAL,N,sonnet
26630,I_2,E2ALLEGATION,N,sonnet
26630,I_2,E2DEHUMANIZATION,N,sonnet
26630,I_2,E2DEMONIZE,N,sonnet
26630,I_2,E2STEREOTYPE,N,sonnet
26630,I_2,E2COLLECTIVEPOWER,N,sonnet
26630,I_2,E2CONSPIRACY,N,sonnet
26630,I_2,E2CONTROLMEDIA,N,sonnet
26630,I_2,E2CONTROLECONOMY,N,sonnet
26630,I_2,E2CONTROLGOV,N,sonnet
26630,I_2,E2CONTROLOTHER,N,sonnet
26630,I_2,E3COLLECTIVEBLAME,N,sonnet
7961,I_2,E1VIOLENCE,N,sonnet
7961,I_2,E1RADICAL,N,sonnet
7961,I_2,E2ALLEGATION,N,sonnet
7961,I_2,E2DEHUMANIZATION,N,sonnet
7961,I_2,E2DEMONIZE,N,sonnet
7961,I_2,E2STEREOTYPE,N,sonnet
7961,I_2,E2COLLECTIVEPOWER,N,sonnet
7961,I_2,E2CONSPIRACY,N,sonnet
7961,I_2,E2CONTROLMEDIA,N,sonnet
7961,I_2,E2CONTROLECONOMY,N,sonnet
7961,I_2,E2CONTROLGOV,N,sonnet
7961,I_2,E2CONTROLOTHER,N,sonnet
7961,I_2,E3COLLECTIVEBLAME,N,sonnet
2009,I_2,E1VIOLENCE,N,sonnet
2009,I_2,E1RADICAL,N,sonnet
2009,I_2,E2ALLEGATION,N,sonnet
2009,I_2,E2DEHUMANIZATION,N,sonnet
2009,I_2,E2DEMONIZE,N,sonnet
2009,I_2,E2STEREOTYPE,I,sonnet
2009,I_2,E2COLLECTIVEPOWER,N,sonnet
2009,I_2,E2CONSPIRACY,N,sonnet
2009,I_2,E2CONTROLMEDIA,N,sonnet
2009,I_2,E2CONTROLECONOMY,N,sonnet
2009,I_2,E2CONTROLGOV,N,sonnet
2009,I_2,E2CONTROLOTHER,N,sonnet
2009,I_2,E3COLLECTIVEBLAME,N,sonnet
32785,I_2,E1VIOLENCE,I,sonnet
32785,I_2,E1RADICAL,N,sonnet
32785,I_2,E2ALLEGATION,N,sonnet
32785,I_2,E2DEHUMANIZATION,N,sonnet
32785,I_2,E2DEMONIZE,N,sonnet
32785,I_2,E2STEREOTYPE,N,sonnet
32785,I_2,E2COLLECTIVEPOWER,N,sonnet
32785,I_2,E2CONSPIRACY,N,sonnet
32785,I_2,E2CONTROLMEDIA,N,sonnet
32785,I_2,E2CONTROLECONOMY,N,sonnet
32785,I_2,E2CONTROLGOV,N,sonnet
32785,I_2,E2CONTROLOTHER,N,sonnet
32785,I_2,E3COLLECTIVEBLAME,N,sonnet
28283,I_2,E1VIOLENCE,N,sonnet
28283,I_2,E1RADICAL,N,sonnet
28283,I_2,E2ALLEGATION,N,sonnet
28283,I_2,E2DEHUMANIZATION,N,sonnet
28283,I_2,E2DEMONIZE,N,sonnet
28283,I_2,E2STEREOTYPE,N,sonnet
28283,I_2,E2COLLECTIVEPOWER,N,sonnet
28283,I_2,E2CONSPIRACY,N,sonnet
28283,I_2,E2CONTROLMEDIA,N,sonnet
28283,I_2,E2CONTROLECONOMY,N,sonnet
28283,I_2,E2CONTROLGOV,N,sonnet
28283,I_2,E2CONTROLOTHER,N,sonnet
28283,I_2,E3COLLECTIVEBLAME,N,sonnet
42108,I_2,E1VIOLENCE,I,sonnet
42108,I_2,E1RADICAL,N,sonnet
42108,I_2,E2ALLEGATION,E,sonnet
42108,I_2,E2DEHUMANIZATION,I,sonnet
42108,I_2,E2DEMONIZE,E,sonnet
42108,I_2,E2STEREOTYPE,E,sonnet
42108,I_2,E2COLLECTIVEPOWER,N,sonnet
42108,I_2,E2CONSPIRACY,N,sonnet
42108,I_2,E2CONTROLMEDIA,N,sonnet
42108,I_2,E2CONTROLECONOMY,N,sonnet
42108,I_2,E2CONTROLGOV,I,sonnet
42108,I_2,E2CONTROLOTHER,N,sonnet
42108,I_2,E3COLLECTIVEBLAME,E,sonnet
18752,I_2,E1VIOLENCE,N,sonnet
18752,I_2,E1RADICAL,N,sonnet
18752,I_2,E2ALLEGATION,N,sonnet
18752,I_2,E2DEHUMANIZATION,N,sonnet
18752,I_2,E2DEMONIZE,N,sonnet
18752,I_2,E2STEREOTYPE,N,sonnet
18752,I_2,E2COLLECTIVEPOWER,N,sonnet
18752,I_2,E2CONSPIRACY,N,sonnet
18752,I_2,E2CONTROLMEDIA,N,sonnet
18752,I_2,E2CONTROLECONOMY,N,sonnet
18752,I_2,E2CONTROLGOV,N,sonnet
18752,I_2,E2CONTROLOTHER,N,sonnet
18752,I_2,E3COLLECTIVEBLAME,N,sonnet
46898,I_2,E1VIOLENCE,N,sonnet
46898,I_2,E1RADICAL,N,sonnet
46898,I_2,E2ALLEGATION,N,sonnet
46898,I_2,E2DEHUMANIZATION,N,sonnet
46898,I_2,E2DEMONIZE,N,sonnet
46898,I_2,E2STEREOTYPE,N,sonnet
46898,I_2,E2COLLECTIVEPOWER,N,sonnet
46898,I_2,E2CONSPIRACY,N,sonnet
46898,I_2,E2CONTROLMEDIA,N,sonnet
46898,I_2,E2CONTROLECONOMY,N,sonnet
46898,I_2,E2CONTROLGOV,N,sonnet
46898,I_2,E2CONTROLOTHER,N,sonnet
46898,I_2,E3COLLECTIVEBLAME,N,sonnet
19107,I_2,E1VIOLENCE,N,sonnet
19107,I_2,E1RADICAL,N,sonnet
19107,I_2,E2ALLEGATION,N,sonnet
19107,I_2,E2DEHUMANIZATION,N,sonnet
19107,I_2,E2DEMONIZE,N,sonnet
19107,I_2,E2STEREOTYPE,N,sonnet
19107,I_2,E2COLLECTIVEPOWER,N,sonnet
19107,I_2,E2CONSPIRACY,N,sonnet
19107,I_2,E2CONTROLMEDIA,N,sonnet
19107,I_2,E2CONTROLECONOMY,N,sonnet
19107,I_2,E2CONTROLGOV,N,sonnet
19107,I_2,E2CONTROLOTHER,N,sonnet
19107,I_2,E3COLLECTIVEBLAME,N,sonnet
34095,I_2,E1VIOLENCE,N,sonnet
34095,I_2,E1RADICAL,N,sonnet
34095,I_2,E2ALLEGATION,N,sonnet
34095,I_2,E2DEHUMANIZATION,N,sonnet
34095,I_2,E2DEMONIZE,N,sonnet
34095,I_2,E2STEREOTYPE,N,sonnet
34095,I_2,E2COLLECTIVEPOWER,N,sonnet
34095,I_2,E2CONSPIRACY,N,sonnet
34095,I_2,E2CONTROLMEDIA,N,sonnet
34095,I_2,E2CONTROLECONOMY,N,sonnet
34095,I_2,E2CONTROLGOV,N,sonnet
34095,I_2,E2CONTROLOTHER,N,sonnet
34095,I_2,E3COLLECTIVEBLAME,N,sonnet
34874,I_2,E1VIOLENCE,N,sonnet
34874,I_2,E1RADICAL,N,sonnet
34874,I_2,E2ALLEGATION,E,sonnet
34874,I_2,E2DEHUMANIZATION,N,sonnet
34874,I_2,E2DEMONIZE,E,sonnet
34874,I_2,E2STEREOTYPE,E,sonnet
34874,I_2,E2COLLECTIVEPOWER,E,sonnet
34874,I_2,E2CONSPIRACY,E,sonnet
34874,I_2,E2CONTROLMEDIA,N,sonnet
34874,I_2,E2CONTROLECONOMY,N,sonnet
34874,I_2,E2CONTROLGOV,N,sonnet
34874,I_2,E2CONTROLOTHER,E,sonnet
34874,I_2,E3COLLECTIVEBLAME,E,sonnet
8963,I_2,E1VIOLENCE,N,sonnet
8963,I_2,E1RADICAL,N,sonnet
8963,I_2,E2ALLEGATION,N,sonnet
8963,I_2,E2DEHUMANIZATION,N,sonnet
8963,I_2,E2DEMONIZE,N,sonnet
8963,I_2,E2STEREOTYPE,N,sonnet
8963,I_2,E2COLLECTIVEPOWER,N,sonnet
8963,I_2,E2CONSPIRACY,N,sonnet
8963,I_2,E2CONTROLMEDIA,N,sonnet
8963,I_2,E2CONTROLECONOMY,N,sonnet
8963,I_2,E2CONTROLGOV,N,sonnet
8963,I_2,E2CONTROLOTHER,N,sonnet
8963,I_2,E3COLLECTIVEBLAME,N,sonnet
23664,I_2,E1VIOLENCE,A,sonnet
23664,I_2,E1RADICAL,A,sonnet
23664,I_2,E2ALLEGATION,N,sonnet
23664,I_2,E2DEHUMANIZATION,N,sonnet
23664,I_2,E2DEMONIZE,N,sonnet
23664,I_2,E2STEREOTYPE,N,sonnet
23664,I_2,E2COLLECTIVEPOWER,N,sonnet
23664,I_2,E2CONSPIRACY,N,sonnet
23664,I_2,E2CONTROLMEDIA,N,sonnet
23664,I_2,E2CONTROLECONOMY,N,sonnet
23664,I_2,E2CONTROLGOV,N,sonnet
23664,I_2,E2CONTROLOTHER,N,sonnet
23664,I_2,E3COLLECTIVEBLAME,N,sonnet
33322,I_2,E1VIOLENCE,N,sonnet
33322,I_2,E1RADICAL,N,sonnet
33322,I_2,E2ALLEGATION,N,sonnet
33322,I_2,E2DEHUMANIZATION,N,sonnet
33322,I_2,E2DEMONIZE,N,sonnet
33322,I_2,E2STEREOTYPE,N,sonnet
33322,I_2,E2COLLECTIVEPOWER,N,sonnet
33322,I_2,E2CONSPIRACY,N,sonnet
33322,I_2,E2CONTROLMEDIA,N,sonnet
33322,I_2,E2CONTROLECONOMY,N,sonnet
33322,I_2,E2CONTROLGOV,N,sonnet
33322,I_2,E2CONTROLOTHER,N,sonnet
33322,I_2,E3COLLECTIVEBLAME,N,sonnet
47706,I_2,E1VIOLENCE,N,sonnet
47706,I_2,E1RADICAL,N,sonnet
47706,I_2,E2ALLEGATION,I,sonnet
47706,I_2,E2DEHUMANIZATION,N,sonnet
47706,I_2,E2DEMONIZE,I,sonnet
47706,I_2,E2STEREOTYPE,N,sonnet
47706,I_2,E2COLLECTIVEPOWER,I,sonnet
47706,I_2,E2CONSPIRACY,N,sonnet
47706,I_2,E2CONTROLMEDIA,N,sonnet
47706,I_2,E2CONTROLECONOMY,N,sonnet
47706,I_2,E2CONTROLGOV,I,sonnet
47706,I_2,E2CONTROLOTHER,N,sonnet
47706,I_2,E3COLLECTIVEBLAME,N,sonnet
13917,I_2,E1VIOLENCE,N,sonnet
13917,I_2,E1RADICAL,N,sonnet
13917,I_2,E2ALLEGATION,E,sonnet
13917,I_2,E2DEHUMANIZATION,N,sonnet
13917,I_2,E2DEMONIZE,I,sonnet
13917,I_2,E2STEREOTYPE,N,sonnet
13917,I_2,E2COLLECTIVEPOWER,N,sonnet
13917,I_2,E2CONSPIRACY,N,sonnet
13917,I_2,E2CONTROLMEDIA,N,sonnet
13917,I_2,E2CONTROLECONOMY,N,sonnet
13917,I_2,E2CONTROLGOV,N,sonnet
13917,I_2,E2CONTROLOTHER,N,sonnet
13917,I_2,E3COLLECTIVEBLAME,E,sonnet
47823,I_2,E1VIOLENCE,N,sonnet
47823,I_2,E1RADICAL,N,sonnet
47823,I_2,E2ALLEGATION,N,sonnet
47823,I_2,E2DEHUMANIZATION,N,sonnet
47823,I_2,E2DEMONIZE,N,sonnet
47823,I_2,E2STEREOTYPE,N,sonnet
47823,I_2,E2COLLECTIVEPOWER,N,sonnet
47823,I_2,E2CONSPIRACY,N,sonnet
47823,I_2,E2CONTROLMEDIA,N,sonnet
47823,I_2,E2CONTROLECONOMY,N,sonnet
47823,I_2,E2CONTROLGOV,N,sonnet
47823,I_2,E2CONTROLOTHER,N,sonnet
47823,I_2,E3COLLECTIVEBLAME,N,sonnet
4440,I_2,E1VIOLENCE,N,sonnet
4440,I_2,E1RADICAL,N,sonnet
4440,I_2,E2ALLEGATION,I,sonnet
4440,I_2,E2DEHUMANIZATION,N,sonnet
4440,I_2,E2DEMONIZE,N,sonnet
4440,I_2,E2STEREOTYPE,N,sonnet
4440,I_2,E2COLLECTIVEPOWER,N,sonnet
4440,I_2,E2CONSPIRACY,N,sonnet
4440,I_2,E2CONTROLMEDIA,N,sonnet
4440,I_2,E2CONTROLECONOMY,N,sonnet
4440,I_2,E2CONTROLGOV,N,sonnet
4440,I_2,E2CONTROLOTHER,N,sonnet
4440,I_2,E3COLLECTIVEBLAME,N,sonnet
5872,I_2,E1VIOLENCE,A,sonnet
5872,I_2,E1RADICAL,A,sonnet
5872,I_2,E2ALLEGATION,N,sonnet
5872,I_2,E2DEHUMANIZATION,N,sonnet
5872,I_2,E2DEMONIZE,N,sonnet
5872,I_2,E2STEREOTYPE,N,sonnet
5872,I_2,E2COLLECTIVEPOWER,N,sonnet
5872,I_2,E2CONSPIRACY,N,sonnet
5872,I_2,E2CONTROLMEDIA,N,sonnet
5872,I_2,E2CONTROLECONOMY,N,sonnet
5872,I_2,E2CONTROLGOV,N,sonnet
5872,I_2,E2CONTROLOTHER,N,sonnet
5872,I_2,E3COLLECTIVEBLAME,N,sonnet
13490,I_2,E1VIOLENCE,N,sonnet
13490,I_2,E1RADICAL,N,sonnet
13490,I_2,E2ALLEGATION,N,sonnet
13490,I_2,E2DEHUMANIZATION,N,sonnet
13490,I_2,E2DEMONIZE,N,sonnet
13490,I_2,E2STEREOTYPE,N,sonnet
13490,I_2,E2COLLECTIVEPOWER,N,sonnet
13490,I_2,E2CONSPIRACY,N,sonnet
13490,I_2,E2CONTROLMEDIA,N,sonnet
13490,I_2,E2CONTROLECONOMY,N,sonnet
13490,I_2,E2CONTROLGOV,N,sonnet
13490,I_2,E2CONTROLOTHER,N,sonnet
13490,I_2,E3COLLECTIVEBLAME,N,sonnet
49984,I_2,E1VIOLENCE,N,sonnet
49984,I_2,E1RADICAL,N,sonnet
49984,I_2,E2ALLEGATION,N,sonnet
49984,I_2,E2DEHUMANIZATION,N,sonnet
49984,I_2,E2DEMONIZE,N,sonnet
49984,I_2,E2STEREOTYPE,I,sonnet
49984,I_2,E2COLLECTIVEPOWER,N,sonnet
49984,I_2,E2CONSPIRACY,N,sonnet
49984,I_2,E2CONTROLMEDIA,N,sonnet
49984,I_2,E2CONTROLECONOMY,N,sonnet
49984,I_2,E2CONTROLGOV,N,sonnet
49984,I_2,E2CONTROLOTHER,N,sonnet
49984,I_2,E3COLLECTIVEBLAME,N,sonnet
2149,I_2,E1VIOLENCE,N,sonnet
2149,I_2,E1RADICAL,N,sonnet
2149,I_2,E2ALLEGATION,N,sonnet
2149,I_2,E2DEHUMANIZATION,N,sonnet
2149,I_2,E2DEMONIZE,N,sonnet
2149,I_2,E2STEREOTYPE,N,sonnet
2149,I_2,E2COLLECTIVEPOWER,N,sonnet
2149,I_2,E2CONSPIRACY,N,sonnet
2149,I_2,E2CONTROLMEDIA,N,sonnet
2149,I_2,E2CONTROLECONOMY,N,sonnet
2149,I_2,E2CONTROLGOV,N,sonnet
2149,I_2,E2CONTROLOTHER,N,sonnet
2149,I_2,E3COLLECTIVEBLAME,N,sonnet
40876,I_2,E1VIOLENCE,N,sonnet
40876,I_2,E1RADICAL,N,sonnet
40876,I_2,E2ALLEGATION,N,sonnet
40876,I_2,E2DEHUMANIZATION,N,sonnet
40876,I_2,E2DEMONIZE,N,sonnet
40876,I_2,E2STEREOTYPE,N,sonnet
40876,I_2,E2COLLECTIVEPOWER,N,sonnet
40876,I_2,E2CONSPIRACY,N,sonnet
40876,I_2,E2CONTROLMEDIA,N,sonnet
40876,I_2,E2CONTROLECONOMY,N,sonnet
40876,I_2,E2CONTROLGOV,N,sonnet
40876,I_2,E2CONTROLOTHER,N,sonnet
40876,I_2,E3COLLECTIVEBLAME,N,sonnet
31074,I_2,E1VIOLENCE,N,sonnet
31074,I_2,E1RADICAL,N,sonnet
31074,I_2,E2ALLEGATION,A,sonnet
31074,I_2,E2DEHUMANIZATION,N,sonnet
31074,I_2,E2DEMONIZE,N,sonnet
31074,I_2,E2STEREOTYPE,A,sonnet
31074,I_2,E2COLLECTIVEPOWER,N,sonnet
31074,I_2,E2CONSPIRACY,N,sonnet
31074,I_2,E2CONTROLMEDIA,N,sonnet
31074,I_2,E2CONTROLECONOMY,N,sonnet
31074,I_2,E2CONTROLGOV,A,sonnet
31074,I_2,E2CONTROLOTHER,N,sonnet
31074,I_2,E3COLLECTIVEBLAME,N,sonnet
6761,I_2,E1VIOLENCE,I,sonnet
6761,I_2,E1RADICAL,N,sonnet
6761,I_2,E2ALLEGATION,N,sonnet
6761,I_2,E2DEHUMANIZATION,I,sonnet
6761,I_2,E2DEMONIZE,I,sonnet
6761,I_2,E2STEREOTYPE,N,sonnet
6761,I_2,E2COLLECTIVEPOWER,N,sonnet
6761,I_2,E2CONSPIRACY,N,sonnet
6761,I_2,E2CONTROLMEDIA,N,sonnet
6761,I_2,E2CONTROLECONOMY,N,sonnet
6761,I_2,E2CONTROLGOV,N,sonnet
6761,I_2,E2CONTROLOTHER,N,sonnet
6761,I_2,E3COLLECTIVEBLAME,N,sonnet
18622,I_2,E1VIOLENCE,N,sonnet
18622,I_2,E1RADICAL,N,sonnet
18622,I_2,E2ALLEGATION,E,sonnet
18622,I_2,E2DEHUMANIZATION,N,sonnet
18622,I_2,E2DEMONIZE,N,sonnet
18622,I_2,E2STEREOTYPE,E,sonnet
18622,I_2,E2COLLECTIVEPOWER,I,sonnet
18622,I_2,E2CONSPIRACY,N,sonnet
18622,I_2,E2CONTROLMEDIA,N,sonnet
18622,I_2,E2CONTROLECONOMY,N,sonnet
18622,I_2,E2CONTROLGOV,N,sonnet
18622,I_2,E2CONTROLOTHER,I,sonnet
18622,I_2,E3COLLECTIVEBLAME,N,sonnet
38937,I_2,E1VIOLENCE,N,sonnet
38937,I_2,E1RADICAL,N,sonnet
38937,I_2,E2ALLEGATION,N,sonnet
38937,I_2,E2DEHUMANIZATION,N,sonnet
38937,I_2,E2DEMONIZE,N,sonnet
38937,I_2,E2STEREOTYPE,N,sonnet
38937,I_2,E2COLLECTIVEPOWER,N,sonnet
38937,I_2,E2CONSPIRACY,N,sonnet
38937,I_2,E2CONTROLMEDIA,N,sonnet
38937,I_2,E2CONTROLECONOMY,N,sonnet
38937,I_2,E2CONTROLGOV,N,sonnet
38937,I_2,E2CONTROLOTHER,N,sonnet
38937,I_2,E3COLLECTIVEBLAME,N,sonnet
34491,I_2,E1VIOLENCE,N,sonnet
34491,I_2,E1RADICAL,N,sonnet
34491,I_2,E2ALLEGATION,N,sonnet
34491,I_2,E2DEHUMANIZATION,N,sonnet
34491,I_2,E2DEMONIZE,N,sonnet
34491,I_2,E2STEREOTYPE,N,sonnet
34491,I_2,E2COLLECTIVEPOWER,N,sonnet
34491,I_2,E2CONSPIRACY,N,sonnet
34491,I_2,E2CONTROLMEDIA,N,sonnet
34491,I_2,E2CONTROLECONOMY,N,sonnet
34491,I_2,E2CONTROLGOV,N,sonnet
34491,I_2,E2CONTROLOTHER,N,sonnet
34491,I_2,E3COLLECTIVEBLAME,N,sonnet
14852,I_2,E1VIOLENCE,N,sonnet
14852,I_2,E1RADICAL,N,sonnet
14852,I_2,E2ALLEGATION,N,sonnet
14852,I_2,E2DEHUMANIZATION,N,sonnet
14852,I_2,E2DEMONIZE,N,sonnet
14852,I_2,E2STEREOTYPE,N,sonnet
14852,I_2,E2COLLECTIVEPOWER,N,sonnet
14852,I_2,E2CONSPIRACY,N,sonnet
14852,I_2,E2CONTROLMEDIA,N,sonnet
14852,I_2,E2CONTROLECONOMY,N,sonnet
14852,I_2,E2CONTROLGOV,N,sonnet
14852,I_2,E2CONTROLOTHER,N,sonnet
14852,I_2,E3COLLECTIVEBLAME,N,sonnet
32578,I_2,E1VIOLENCE,N,sonnet
32578,I_2,E1RADICAL,N,sonnet
32578,I_2,E2ALLEGATION,N,sonnet
32578,I_2,E2DEHUMANIZATION,N,sonnet
32578,I_2,E2DEMONIZE,N,sonnet
32578,I_2,E2STEREOTYPE,N,sonnet
32578,I_2,E2COLLECTIVEPOWER,N,sonnet
32578,I_2,E2CONSPIRACY,N,sonnet
32578,I_2,E2CONTROLMEDIA,N,sonnet
32578,I_2,E2CONTROLECONOMY,N,sonnet
32578,I_2,E2CONTROLGOV,N,sonnet
32578,I_2,E2CONTROLOTHER,N,sonnet
32578,I_2,E3COLLECTIVEBLAME,N,sonnet
42920,I_2,E1VIOLENCE,N,sonnet
42920,I_2,E1RADICAL,N,sonnet
42920,I_2,E2ALLEGATION,E,sonnet
42920,I_2,E2DEHUMANIZATION,N,sonnet
42920,I_2,E2DEMONIZE,E,sonnet
42920,I_2,E2STEREOTYPE,E,sonnet
42920,I_2,E2COLLECTIVEPOWER,E,sonnet
42920,I_2,E2CONSPIRACY,I,sonnet
42920,I_2,E2CONTROLMEDIA,E,sonnet
42920,I_2,E2CONTROLECONOMY,I,sonnet
42920,I_2,E2CONTROLGOV,E,sonnet
42920,I_2,E2CONTROLOTHER,N,sonnet
42920,I_2,E3COLLECTIVEBLAME,E,sonnet
41229,I_2,E1VIOLENCE,N,sonnet
41229,I_2,E1RADICAL,N,sonnet
41229,I_2,E2ALLEGATION,N,sonnet
41229,I_2,E2DEHUMANIZATION,I,sonnet
41229,I_2,E2DEMONIZE,I,sonnet
41229,I_2,E2STEREOTYPE,I,sonnet
41229,I_2,E2COLLECTIVEPOWER,I,sonnet
41229,I_2,E2CONSPIRACY,N,sonnet
41229,I_2,E2CONTROLMEDIA,N,sonnet
41229,I_2,E2CONTROLECONOMY,N,sonnet
41229,I_2,E2CONTROLGOV,N,sonnet
41229,I_2,E2CONTROLOTHER,N,sonnet
41229,I_2,E3COLLECTIVEBLAME,N,sonnet
3263,I_2,E1VIOLENCE,N,sonnet
3263,I_2,E1RADICAL,N,sonnet
3263,I_2,E2ALLEGATION,N,sonnet
3263,I_2,E2DEHUMANIZATION,N,sonnet
3263,I_2,E2DEMONIZE,N,sonnet
3263,I_2,E2STEREOTYPE,N,sonnet
3263,I_2,E2COLLECTIVEPOWER,N,sonnet
3263,I_2,E2CONSPIRACY,N,sonnet
3263,I_2,E2CONTROLMEDIA,N,sonnet
3263,I_2,E2CONTROLECONOMY,N,sonnet
3263,I_2,E2CONTROLGOV,N,sonnet
3263,I_2,E2CONTROLOTHER,N,sonnet
3263,I_2,E3COLLECTIVEBLAME,N,sonnet
4393,I_2,E1VIOLENCE,N,sonnet
4393,I_2,E1RADICAL,N,sonnet
4393,I_2,E2ALLEGATION,N,sonnet
4393,I_2,E2DEHUMANIZATION,E,sonnet
4393,I_2,E2DEMONIZE,N,sonnet
4393,I_2,E2STEREOTYPE,N,sonnet
4393,I_2,E2COLLECTIVEPOWER,N,sonnet
4393,I_2,E2CONSPIRACY,N,sonnet
4393,I_2,E2CONTROLMEDIA,N,sonnet
4393,I_2,E2CONTROLECONOMY,N,sonnet
4393,I_2,E2CONTROLGOV,N,sonnet
4393,I_2,E2CONTROLOTHER,N,sonnet
4393,I_2,E3COLLECTIVEBLAME,N,sonnet
42919,I_2,E1VIOLENCE,N,sonnet
42919,I_2,E1RADICAL,N,sonnet
42919,I_2,E2ALLEGATION,N,sonnet
42919,I_2,E2DEHUMANIZATION,N,sonnet
42919,I_2,E2DEMONIZE,N,sonnet
42919,I_2,E2STEREOTYPE,N,sonnet
42919,I_2,E2COLLECTIVEPOWER,N,sonnet
42919,I_2,E2CONSPIRACY,N,sonnet
42919,I_2,E2CONTROLMEDIA,N,sonnet
42919,I_2,E2CONTROLECONOMY,N,sonnet
42919,I_2,E2CONTROLGOV,N,sonnet
42919,I_2,E2CONTROLOTHER,N,sonnet
42919,I_2,E3COLLECTIVEBLAME,A,sonnet
28351,I_2,E1VIOLENCE,A,sonnet
28351,I_2,E1RADICAL,A,sonnet
28351,I_2,E2ALLEGATION,N,sonnet
28351,I_2,E2DEHUMANIZATION,N,sonnet
28351,I_2,E2DEMONIZE,N,sonnet
28351,I_2,E2STEREOTYPE,N,sonnet
28351,I_2,E2COLLECTIVEPOWER,N,sonnet
28351,I_2,E2CONSPIRACY,N,sonnet
28351,I_2,E2CONTROLMEDIA,N,sonnet
28351,I_2,E2CONTROLECONOMY,N,sonnet
28351,I_2,E2CONTROLGOV,N,sonnet
28351,I_2,E2CONTROLOTHER,N,sonnet
28351,I_2,E3COLLECTIVEBLAME,N,sonnet
10234,I_2,E1VIOLENCE,I,gpt4o
10234,I_2,E1RADICAL,A,gpt4o
10234,I_2,E2ALLEGATION,A,gpt4o
10234,I_2,E2DEHUMANIZATION,A,gpt4o
10234,I_2,E2DEMONIZE,A,gpt4o
10234,I_2,E2STEREOTYPE,A,gpt4o
10234,I_2,E2COLLECTIVEPOWER,A,gpt4o
10234,I_2,E2CONSPIRACY,A,gpt4o
10234,I_2,E2CONTROLMEDIA,A,gpt4o
10234,I_2,E2CONTROLECONOMY,A,gpt4o
10234,I_2,E2CONTROLGOV,A,gpt4o
10234,I_2,E2CONTROLOTHER,A,gpt4o
10234,I_2,E3COLLECTIVEBLAME,A,gpt4o
49854,I_2,E1VIOLENCE,N,gpt4o
49854,I_2,E1RADICAL,N,gpt4o
49854,I_2,E2ALLEGATION,I,gpt4o
49854,I_2,E2DEHUMANIZATION,I,gpt4o
49854,I_2,E2DEMONIZE,I,gpt4o
49854,I_2,E2STEREOTYPE,I,gpt4o
49854,I_2,E2COLLECTIVEPOWER,A,gpt4o
49854,I_2,E2CONSPIRACY,I,gpt4o
49854,I_2,E2CONTROLMEDIA,A,gpt4o
49854,I_2,E2CONTROLECONOMY,A,gpt4o
49854,I_2,E2CONTROLGOV,A,gpt4o
49854,I_2,E2CONTROLOTHER,A,gpt4o
49854,I_2,E3COLLECTIVEBLAME,A,gpt4o
20057,I_2,E1VIOLENCE,E,gpt4o
20057,I_2,E1RADICAL,A,gpt4o
20057,I_2,E2ALLEGATION,E,gpt4o
20057,I_2,E2DEHUMANIZATION,E,gpt4o
20057,I_2,E2DEMONIZE,E,gpt4o
20057,I_2,E2STEREOTYPE,E,gpt4o
20057,I_2,E2COLLECTIVEPOWER,E,gpt4o
20057,I_2,E2CONSPIRACY,A,gpt4o
20057,I_2,E2CONTROLMEDIA,A,gpt4o
20057,I_2,E2CONTROLECONOMY,A,gpt4o
20057,I_2,E2CONTROLGOV,A,gpt4o
20057,I_2,E2CONTROLOTHER,A,gpt4o
20057,I_2,E3COLLECTIVEBLAME,E,gpt4o
44509,I_2,E1VIOLENCE,I,gpt4o
44509,I_2,E1RADICAL,I,gpt4o
44509,I_2,E2ALLEGATION,I,gpt4o
44509,I_2,E2DEHUMANIZATION,I,gpt4o
44509,I_2,E2DEMONIZE,I,gpt4o
44509,I_2,E2STEREOTYPE,I,gpt4o
44509,I_2,E2COLLECTIVEPOWER,N,gpt4o
44509,I_2,E2CONSPIRACY,N,gpt4o
44509,I_2,E2CONTROLMEDIA,N,gpt4o
44509,I_2,E2CONTROLECONOMY,N,gpt4o
44509,I_2,E2CONTROLGOV,N,gpt4o
44509,I_2,E2CONTROLOTHER,N,gpt4o
44509,I_2,E3COLLECTIVEBLAME,I,gpt4o
43060,I_2,E1VIOLENCE,N,gpt4o
43060,I_2,E1RADICAL,N,gpt4o
43060,I_2,E2ALLEGATION,A,gpt4o
43060,I_2,E2DEHUMANIZATION,A,gpt4o
43060,I_2,E2DEMONIZE,A,gpt4o
43060,I_2,E2STEREOTYPE,A,gpt4o
43060,I_2,E2COLLECTIVEPOWER,N,gpt4o
43060,I_2,E2CONSPIRACY,N,gpt4o
43060,I_2,E2CONTROLMEDIA,N,gpt4o
43060,I_2,E2CONTROLECONOMY,N,gpt4o
43060,I_2,E2CONTROLGOV,N,gpt4o
43060,I_2,E2CONTROLOTHER,N,gpt4o
43060,I_2,E3COLLECTIVEBLAME,A,gpt4o
46717,I_2,E1VIOLENCE,N,gpt4o
46717,I_2,E1RADICAL,N,gpt4o
46717,I_2,E2ALLEGATION,I,gpt4o
46717,I_2,E2DEHUMANIZATION,I,gpt4o
46717,I_2,E2DEMONIZE,I,gpt4o
46717,I_2,E2STEREOTYPE,I,gpt4o
46717,I_2,E2COLLECTIVEPOWER,I,gpt4o
46717,I_2,E2CONSPIRACY,I,gpt4o
46717,I_2,E2CONTROLMEDIA,N,gpt4o
46717,I_2,E2CONTROLECONOMY,N,gpt4o
46717,I_2,E2CONTROLGOV,N,gpt4o
46717,I_2,E2CONTROLOTHER,N,gpt4o
46717,I_2,E3COLLECTIVEBLAME,I,gpt4o
40294,I_2,E1VIOLENCE,A,gpt4o
40294,I_2,E1RADICAL,A,gpt4o
40294,I_2,E2ALLEGATION,A,gpt4o
40294,I_2,E2DEHUMANIZATION,A,gpt4o
40294,I_2,E2DEMONIZE,A,gpt4o
40294,I_2,E2STEREOTYPE,A,gpt4o
40294,I_2,E2COLLECTIVEPOWER,A,gpt4o
40294,I_2,E2CONSPIRACY,A,gpt4o
40294,I_2,E2CONTROLMEDIA,A,gpt4o
40294,I_2,E2CONTROLECONOMY,A,gpt4o
40294,I_2,E2CONTROLGOV,A,gpt4o
40294,I_2,E2CONTROLOTHER,A,gpt4o
40294,I_2,E3COLLECTIVEBLAME,A,gpt4o
12767,I_2,E1VIOLENCE,E,gpt4o
12767,I_2,E1RADICAL,N,gpt4o
12767,I_2,E2ALLEGATION,E,gpt4o
12767,I_2,E2DEHUMANIZATION,E,gpt4o
12767,I_2,E2DEMONIZE,E,gpt4o
12767,I_2,E2STEREOTYPE,E,gpt4o
12767,I_2,E2COLLECTIVEPOWER,N,gpt4o
12767,I_2,E2CONSPIRACY,N,gpt4o
12767,I_2,E2CONTROLMEDIA,N,gpt4o
12767,I_2,E2CONTROLECONOMY,N,gpt4o
12767,I_2,E2CONTROLGOV,N,gpt4o
12767,I_2,E2CONTROLOTHER,N,gpt4o
12767,I_2,E3COLLECTIVEBLAME,N,gpt4o
46857,I_2,E1VIOLENCE,A,gpt4o
46857,I_2,E1RADICAL,A,gpt4o
46857,I_2,E2ALLEGATION,I,gpt4o
46857,I_2,E2DEHUMANIZATION,A,gpt4o
46857,I_2,E2DEMONIZE,I,gpt4o
46857,I_2,E2STEREOTYPE,I,gpt4o
46857,I_2,E2COLLECTIVEPOWER,A,gpt4o
46857,I_2,E2CONSPIRACY,A,gpt4o
46857,I_2,E2CONTROLMEDIA,A,gpt4o
46857,I_2,E2CONTROLECONOMY,A,gpt4o
46857,I_2,E2CONTROLGOV,A,gpt4o
46857,I_2,E2CONTROLOTHER,A,gpt4o
46857,I_2,E3COLLECTIVEBLAME,A,gpt4o
48122,I_2,E1VIOLENCE,N,gpt4o
48122,I_2,E1RADICAL,N,gpt4o
48122,I_2,E2ALLEGATION,E,gpt4o
48122,I_2,E2DEHUMANIZATION,N,gpt4o
48122,I_2,E2DEMONIZE,E,gpt4o
48122,I_2,E2STEREOTYPE,N,gpt4o
48122,I_2,E2COLLECTIVEPOWER,E,gpt4o
48122,I_2,E2CONSPIRACY,E,gpt4o
48122,I_2,E2CONTROLMEDIA,N,gpt4o
48122,I_2,E2CONTROLECONOMY,N,gpt4o
48122,I_2,E2CONTROLGOV,E,gpt4o
48122,I_2,E2CONTROLOTHER,N,gpt4o
48122,I_2,E3COLLECTIVEBLAME,N,gpt4o
44695,I_2,E1VIOLENCE,I,gpt4o
44695,I_2,E1RADICAL,A,gpt4o
44695,I_2,E2ALLEGATION,A,gpt4o
44695,I_2,E2DEHUMANIZATION,A,gpt4o
44695,I_2,E2DEMONIZE,A,gpt4o
44695,I_2,E2STEREOTYPE,A,gpt4o
44695,I_2,E2COLLECTIVEPOWER,A,gpt4o
44695,I_2,E2CONSPIRACY,A,gpt4o
44695,I_2,E2CONTROLMEDIA,A,gpt4o
44695,I_2,E2CONTROLECONOMY,A,gpt4o
44695,I_2,E2CONTROLGOV,A,gpt4o
44695,I_2,E2CONTROLOTHER,A,gpt4o
44695,I_2,E3COLLECTIVEBLAME,A,gpt4o
46254,I_2,E1VIOLENCE,A,gpt4o
46254,I_2,E1RADICAL,N,gpt4o
46254,I_2,E2ALLEGATION,A,gpt4o
46254,I_2,E2DEHUMANIZATION,A,gpt4o
46254,I_2,E2DEMONIZE,A,gpt4o
46254,I_2,E2STEREOTYPE,A,gpt4o
46254,I_2,E2COLLECTIVEPOWER,N,gpt4o
46254,I_2,E2CONSPIRACY,N,gpt4o
46254,I_2,E2CONTROLMEDIA,N,gpt4o
46254,I_2,E2CONTROLECONOMY,N,gpt4o
46254,I_2,E2CONTROLGOV,N,gpt4o
46254,I_2,E2CONTROLOTHER,N,gpt4o
46254,I_2,E3COLLECTIVEBLAME,A,gpt4o
10680,I_2,E1VIOLENCE,I,gpt4o
10680,I_2,E1RADICAL,I,gpt4o
10680,I_2,E2ALLEGATION,I,gpt4o
10680,I_2,E2DEHUMANIZATION,I,gpt4o
10680,I_2,E2DEMONIZE,I,gpt4o
10680,I_2,E2STEREOTYPE,I,gpt4o
10680,I_2,E2COLLECTIVEPOWER,I,gpt4o
10680,I_2,E2CONSPIRACY,I,gpt4o
10680,I_2,E2CONTROLMEDIA,I,gpt4o
10680,I_2,E2CONTROLECONOMY,I,gpt4o
10680,I_2,E2CONTROLGOV,I,gpt4o
10680,I_2,E2CONTROLOTHER,I,gpt4o
10680,I_2,E3COLLECTIVEBLAME,I,gpt4o
49652,I_2,E1VIOLENCE,I,gpt4o
49652,I_2,E1RADICAL,I,gpt4o
49652,I_2,E2ALLEGATION,I,gpt4o
49652,I_2,E2DEHUMANIZATION,I,gpt4o
49652,I_2,E2DEMONIZE,I,gpt4o
49652,I_2,E2STEREOTYPE,I,gpt4o
49652,I_2,E2COLLECTIVEPOWER,I,gpt4o
49652,I_2,E2CONSPIRACY,I,gpt4o
49652,I_2,E2CONTROLMEDIA,N,gpt4o
49652,I_2,E2CONTROLECONOMY,N,gpt4o
49652,I_2,E2CONTROLGOV,I,gpt4o
49652,I_2,E2CONTROLOTHER,I,gpt4o
49652,I_2,E3COLLECTIVEBLAME,I,gpt4o
5683,I_2,E1VIOLENCE,N,gpt4o
5683,I_2,E1RADICAL,N,gpt4o
5683,I_2,E2ALLEGATION,A,gpt4o
5683,I_2,E2DEHUMANIZATION,A,gpt4o
5683,I_2,E2DEMONIZE,A,gpt4o
5683,I_2,E2STEREOTYPE,A,gpt4o
5683,I_2,E2COLLECTIVEPOWER,A,gpt4o
5683,I_2,E2CONSPIRACY,A,gpt4o
5683,I_2,E2CONTROLMEDIA,N,gpt4o
5683,I_2,E2CONTROLECONOMY,N,gpt4o
5683,I_2,E2CONTROLGOV,N,gpt4o
5683,I_2,E2CONTROLOTHER,N,gpt4o
5683,I_2,E3COLLECTIVEBLAME,A,gpt4o
38168,I_2,E1VIOLENCE,N,gpt4o
38168,I_2,E1RADICAL,N,gpt4o
38168,I_2,E2ALLEGATION,A,gpt4o
38168,I_2,E2DEHUMANIZATION,A,gpt4o
38168,I_2,E2DEMONIZE,A,gpt4o
38168,I_2,E2STEREOTYPE,A,gpt4o
38168,I_2,E2COLLECTIVEPOWER,A,gpt4o
38168,I_2,E2CONSPIRACY,A,gpt4o
38168,I_2,E2CONTROLMEDIA,A,gpt4o
38168,I_2,E2CONTROLECONOMY,A,gpt4o
38168,I_2,E2CONTROLGOV,A,gpt4o
38168,I_2,E2CONTROLOTHER,A,gpt4o
38168,I_2,E3COLLECTIVEBLAME,A,gpt4o
44612,I_2,E1VIOLENCE,A,gpt4o
44612,I_2,E1RADICAL,A,gpt4o
44612,I_2,E2ALLEGATION,A,gpt4o
44612,I_2,E2DEHUMANIZATION,A,gpt4o
44612,I_2,E2DEMONIZE,A,gpt4o
44612,I_2,E2STEREOTYPE,A,gpt4o
44612,I_2,E2COLLECTIVEPOWER,A,gpt4o
44612,I_2,E2CONSPIRACY,A,gpt4o
44612,I_2,E2CONTROLMEDIA,A,gpt4o
44612,I_2,E2CONTROLECONOMY,A,gpt4o
44612,I_2,E2CONTROLGOV,A,gpt4o
44612,I_2,E2CONTROLOTHER,A,gpt4o
44612,I_2,E3COLLECTIVEBLAME,A,gpt4o
11720,I_2,E1VIOLENCE,N,gpt4o
11720,I_2,E1RADICAL,N,gpt4o
11720,I_2,E2ALLEGATION,N,gpt4o
11720,I_2,E2DEHUMANIZATION,N,gpt4o
11720,I_2,E2DEMONIZE,N,gpt4o
11720,I_2,E2STEREOTYPE,N,gpt4o
11720,I_2,E2COLLECTIVEPOWER,N,gpt4o
11720,I_2,E2CONSPIRACY,N,gpt4o
11720,I_2,E2CONTROLMEDIA,N,gpt4o
11720,I_2,E2CONTROLECONOMY,N,gpt4o
11720,I_2,E2CONTROLGOV,N,gpt4o
11720,I_2,E2CONTROLOTHER,N,gpt4o
11720,I_2,E3COLLECTIVEBLAME,N,gpt4o
47986,I_2,E1VIOLENCE,E,gpt4o
47986,I_2,E1RADICAL,E,gpt4o
47986,I_2,E2ALLEGATION,E,gpt4o
47986,I_2,E2DEHUMANIZATION,E,gpt4o
47986,I_2,E2DEMONIZE,E,gpt4o
47986,I_2,E2STEREOTYPE,E,gpt4o
47986,I_2,E2COLLECTIVEPOWER,A,gpt4o
47986,I_2,E2CONSPIRACY,A,gpt4o
47986,I_2,E2CONTROLMEDIA,N,gpt4o
47986,I_2,E2CONTROLECONOMY,N,gpt4o
47986,I_2,E2CONTROLGOV,N,gpt4o
47986,I_2,E2CONTROLOTHER,N,gpt4o
47986,I_2,E3COLLECTIVEBLAME,E,gpt4o
8453,I_2,E1VIOLENCE,N,gpt4o
8453,I_2,E1RADICAL,N,gpt4o
8453,I_2,E2ALLEGATION,E,gpt4o
8453,I_2,E2DEHUMANIZATION,E,gpt4o
8453,I_2,E2DEMONIZE,E,gpt4o
8453,I_2,E2STEREOTYPE,E,gpt4o
8453,I_2,E2COLLECTIVEPOWER,N,gpt4o
8453,I_2,E2CONSPIRACY,N,gpt4o
8453,I_2,E2CONTROLMEDIA,N,gpt4o
8453,I_2,E2CONTROLECONOMY,N,gpt4o
8453,I_2,E2CONTROLGOV,N,gpt4o
8453,I_2,E2CONTROLOTHER,N,gpt4o
8453,I_2,E3COLLECTIVEBLAME,N,gpt4o
45164,I_2,E1VIOLENCE,I,gpt4o
45164,I_2,E1RADICAL,I,gpt4o
45164,I_2,E2ALLEGATION,I,gpt4o
45164,I_2,E2DEHUMANIZATION,N,gpt4o
45164,I_2,E2DEMONIZE,I,gpt4o
45164,I_2,E2STEREOTYPE,N,gpt4o
45164,I_2,E2COLLECTIVEPOWER,I,gpt4o
45164,I_2,E2CONSPIRACY,I,gpt4o
45164,I_2,E2CONTROLMEDIA,N,gpt4o
45164,I_2,E2CONTROLECONOMY,N,gpt4o
45164,I_2,E2CONTROLGOV,I,gpt4o
45164,I_2,E2CONTROLOTHER,N,gpt4o
45164,I_2,E3COLLECTIVEBLAME,N,gpt4o
40140,I_2,E1VIOLENCE,A,gpt4o
40140,I_2,E1RADICAL,A,gpt4o
40140,I_2,E2ALLEGATION,A,gpt4o
40140,I_2,E2DEHUMANIZATION,A,gpt4o
40140,I_2,E2DEMONIZE,A,gpt4o
40140,I_2,E2STEREOTYPE,A,gpt4o
40140,I_2,E2COLLECTIVEPOWER,A,gpt4o
40140,I_2,E2CONSPIRACY,A,gpt4o
40140,I_2,E2CONTROLMEDIA,A,gpt4o
40140,I_2,E2CONTROLECONOMY,A,gpt4o
40140,I_2,E2CONTROLGOV,A,gpt4o
40140,I_2,E2CONTROLOTHER,A,gpt4o
40140,I_2,E3COLLECTIVEBLAME,A,gpt4o
29747,I_2,E1VIOLENCE,A,gpt4o
29747,I_2,E1RADICAL,A,gpt4o
29747,I_2,E2ALLEGATION,I,gpt4o
29747,I_2,E2DEHUMANIZATION,A,gpt4o
29747,I_2,E2DEMONIZE,I,gpt4o
29747,I_2,E2STEREOTYPE,A,gpt4o
29747,I_2,E2COLLECTIVEPOWER,A,gpt4o
29747,I_2,E2CONSPIRACY,I,gpt4o
29747,I_2,E2CONTROLMEDIA,A,gpt4o
29747,I_2,E2CONTROLECONOMY,A,gpt4o
29747,I_2,E2CONTROLGOV,A,gpt4o
29747,I_2,E2CONTROLOTHER,A,gpt4o
29747,I_2,E3COLLECTIVEBLAME,A,gpt4o
1075,I_2,E1VIOLENCE,A,gpt4o
1075,I_2,E1RADICAL,A,gpt4o
1075,I_2,E2ALLEGATION,I,gpt4o
1075,I_2,E2DEHUMANIZATION,A,gpt4o
1075,I_2,E2DEMONIZE,A,gpt4o
1075,I_2,E2STEREOTYPE,I,gpt4o
1075,I_2,E2COLLECTIVEPOWER,A,gpt4o
1075,I_2,E2CONSPIRACY,I,gpt4o
1075,I_2,E2CONTROLMEDIA,A,gpt4o
1075,I_2,E2CONTROLECONOMY,A,gpt4o
1075,I_2,E2CONTROLGOV,A,gpt4o
1075,I_2,E2CONTROLOTHER,A,gpt4o
1075,I_2,E3COLLECTIVEBLAME,A,gpt4o
20267,I_2,E1VIOLENCE,N,gpt4o
20267,I_2,E1RADICAL,N,gpt4o
20267,I_2,E2ALLEGATION,E,gpt4o
20267,I_2,E2DEHUMANIZATION,E,gpt4o
20267,I_2,E2DEMONIZE,E,gpt4o
20267,I_2,E2STEREOTYPE,E,gpt4o
20267,I_2,E2COLLECTIVEPOWER,N,gpt4o
20267,I_2,E2CONSPIRACY,N,gpt4o
20267,I_2,E2CONTROLMEDIA,N,gpt4o
20267,I_2,E2CONTROLECONOMY,N,gpt4o
20267,I_2,E2CONTROLGOV,N,gpt4o
20267,I_2,E2CONTROLOTHER,N,gpt4o
20267,I_2,E3COLLECTIVEBLAME,E,gpt4o
42361,I_2,E1VIOLENCE,N,gpt4o
42361,I_2,E1RADICAL,N,gpt4o
42361,I_2,E2ALLEGATION,A,gpt4o
42361,I_2,E2DEHUMANIZATION,I,gpt4o
42361,I_2,E2DEMONIZE,I,gpt4o
42361,I_2,E2STEREOTYPE,A,gpt4o
42361,I_2,E2COLLECTIVEPOWER,A,gpt4o
42361,I_2,E2CONSPIRACY,A,gpt4o
42361,I_2,E2CONTROLMEDIA,N,gpt4o
42361,I_2,E2CONTROLECONOMY,I,gpt4o
42361,I_2,E2CONTROLGOV,N,gpt4o
42361,I_2,E2CONTROLOTHER,N,gpt4o
42361,I_2,E3COLLECTIVEBLAME,A,gpt4o
40697,I_2,E1VIOLENCE,N,gpt4o
40697,I_2,E1RADICAL,N,gpt4o
40697,I_2,E2ALLEGATION,I,gpt4o
40697,I_2,E2DEHUMANIZATION,A,gpt4o
40697,I_2,E2DEMONIZE,I,gpt4o
40697,I_2,E2STEREOTYPE,A,gpt4o
40697,I_2,E2COLLECTIVEPOWER,A,gpt4o
40697,I_2,E2CONSPIRACY,I,gpt4o
40697,I_2,E2CONTROLMEDIA,A,gpt4o
40697,I_2,E2CONTROLECONOMY,A,gpt4o
40697,I_2,E2CONTROLGOV,A,gpt4o
40697,I_2,E2CONTROLOTHER,A,gpt4o
40697,I_2,E3COLLECTIVEBLAME,A,gpt4o
49472,I_2,E1VIOLENCE,I,gpt4o
49472,I_2,E1RADICAL,N,gpt4o
49472,I_2,E2ALLEGATION,E,gpt4o
49472,I_2,E2DEHUMANIZATION,E,gpt4o
49472,I_2,E2DEMONIZE,E,gpt4o
49472,I_2,E2STEREOTYPE,E,gpt4o
49472,I_2,E2COLLECTIVEPOWER,E,gpt4o
49472,I_2,E2CONSPIRACY,E,gpt4o
49472,I_2,E2CONTROLMEDIA,E,gpt4o
49472,I_2,E2CONTROLECONOMY,N,gpt4o
49472,I_2,E2CONTROLGOV,N,gpt4o
49472,I_2,E2CONTROLOTHER,E,gpt4o
49472,I_2,E3COLLECTIVEBLAME,E,gpt4o
43628,I_2,E1VIOLENCE,E,gpt4o
43628,I_2,E1RADICAL,E,gpt4o
43628,I_2,E2ALLEGATION,E,gpt4o
43628,I_2,E2DEHUMANIZATION,E,gpt4o
43628,I_2,E2DEMONIZE,E,gpt4o
43628,I_2,E2STEREOTYPE,E,gpt4o
43628,I_2,E2COLLECTIVEPOWER,E,gpt4o
43628,I_2,E2CONSPIRACY,A,gpt4o
43628,I_2,E2CONTROLMEDIA,A,gpt4o
43628,I_2,E2CONTROLECONOMY,A,gpt4o
43628,I_2,E2CONTROLGOV,A,gpt4o
43628,I_2,E2CONTROLOTHER,A,gpt4o
43628,I_2,E3COLLECTIVEBLAME,E,gpt4o
2147,I_2,E1VIOLENCE,N,gpt4o
2147,I_2,E1RADICAL,N,gpt4o
2147,I_2,E2ALLEGATION,N,gpt4o
2147,I_2,E2DEHUMANIZATION,N,gpt4o
2147,I_2,E2DEMONIZE,N,gpt4o
2147,I_2,E2STEREOTYPE,N,gpt4o
2147,I_2,E2COLLECTIVEPOWER,N,gpt4o
2147,I_2,E2CONSPIRACY,N,gpt4o
2147,I_2,E2CONTROLMEDIA,N,gpt4o
2147,I_2,E2CONTROLECONOMY,N,gpt4o
2147,I_2,E2CONTROLGOV,N,gpt4o
2147,I_2,E2CONTROLOTHER,N,gpt4o
2147,I_2,E3COLLECTIVEBLAME,N,gpt4o
1120,I_2,E1VIOLENCE,N,gpt4o
1120,I_2,E1RADICAL,N,gpt4o
1120,I_2,E2ALLEGATION,N,gpt4o
1120,I_2,E2DEHUMANIZATION,N,gpt4o
1120,I_2,E2DEMONIZE,N,gpt4o
1120,I_2,E2STEREOTYPE,N,gpt4o
1120,I_2,E2COLLECTIVEPOWER,N,gpt4o
1120,I_2,E2CONSPIRACY,N,gpt4o
1120,I_2,E2CONTROLMEDIA,N,gpt4o
1120,I_2,E2CONTROLECONOMY,N,gpt4o
1120,I_2,E2CONTROLGOV,N,gpt4o
1120,I_2,E2CONTROLOTHER,N,gpt4o
1120,I_2,E3COLLECTIVEBLAME,N,gpt4o
48952,I_2,E1VIOLENCE,I,gpt4o
48952,I_2,E1RADICAL,I,gpt4o
48952,I_2,E2ALLEGATION,I,gpt4o
48952,I_2,E2DEHUMANIZATION,I,gpt4o
48952,I_2,E2DEMONIZE,I,gpt4o
48952,I_2,E2STEREOTYPE,I,gpt4o
48952,I_2,E2COLLECTIVEPOWER,A,gpt4o
48952,I_2,E2CONSPIRACY,A,gpt4o
48952,I_2,E2CONTROLMEDIA,A,gpt4o
48952,I_2,E2CONTROLECONOMY,A,gpt4o
48952,I_2,E2CONTROLGOV,A,gpt4o
48952,I_2,E2CONTROLOTHER,A,gpt4o
48952,I_2,E3COLLECTIVEBLAME,I,gpt4o
40551,I_2,E1VIOLENCE,I,gpt4o
40551,I_2,E1RADICAL,I,gpt4o
40551,I_2,E2ALLEGATION,E,gpt4o
40551,I_2,E2DEHUMANIZATION,I,gpt4o
40551,I_2,E2DEMONIZE,E,gpt4o
40551,I_2,E2STEREOTYPE,E,gpt4o
40551,I_2,E2COLLECTIVEPOWER,A,gpt4o
40551,I_2,E2CONSPIRACY,A,gpt4o
40551,I_2,E2CONTROLMEDIA,N,gpt4o
40551,I_2,E2CONTROLECONOMY,N,gpt4o
40551,I_2,E2CONTROLGOV,A,gpt4o
40551,I_2,E2CONTROLOTHER,A,gpt4o
40551,I_2,E3COLLECTIVEBLAME,E,gpt4o
27144,I_2,E1VIOLENCE,E,gpt4o
27144,I_2,E1RADICAL,N,gpt4o
27144,I_2,E2ALLEGATION,N,gpt4o
27144,I_2,E2DEHUMANIZATION,N,gpt4o
27144,I_2,E2DEMONIZE,N,gpt4o
27144,I_2,E2STEREOTYPE,N,gpt4o
27144,I_2,E2COLLECTIVEPOWER,N,gpt4o
27144,I_2,E2CONSPIRACY,N,gpt4o
27144,I_2,E2CONTROLMEDIA,N,gpt4o
27144,I_2,E2CONTROLECONOMY,N,gpt4o
27144,I_2,E2CONTROLGOV,N,gpt4o
27144,I_2,E2CONTROLOTHER,N,gpt4o
27144,I_2,E3COLLECTIVEBLAME,N,gpt4o
