comment_id,block,code_id,label
27773,J_1,A1ESSENTIAL,N
27773,J_1,A2EVIL,N
27773,J_1,A2CONSPIRACY,N
27773,J_1,A2HIDDENPOWER,N
27773,J_1,A2COLLECTIVEAGENDA,N
27773,J_1,A2CONTROLGOV,N
27773,J_1,A2CONTROLBANKS,N
27773,J_1,A2CONTROLMEDIA,N
27773,J_1,A2LOYALTY,N
27773,J_1,A2DISEASE,N
27773,J_1,A3WEALTH,N
27773,J_1,A3STINGY,N
27773,J_1,A3UNPATRIOTIC,N
27773,J_1,A3CARICATURE,N
27773,J_1,A3VIOLENCE,N
27773,J_1,A3SYNAGOGUE,N
27773,J_1,A3SWASTIKA,N
27773,J_1,A3DISCRIMINATION,N
29494,J_1,A1ESSENTIAL,N
29494,J_1,A2EVIL,N
29494,J_1,A2CONSPIRACY,N
29494,J_1,A2HIDDENPOWER,N
29494,J_1,A2COLLECTIVEAGENDA,N
29494,J_1,A2CONTROLGOV,N
29494,J_1,A2CONTROLBANKS,N
29494,J_1,A2CONTROLMEDIA,N
29494,J_1,A2LOYALTY,N
29494,J_1,A2DISEASE,N
29494,J_1,A3WEALTH,N
29494,J_1,A3STINGY,N
29494,J_1,A3UNPATRIOTIC,N
29494,J_1,A3CARICATURE,N
29494,J_1,A3VIOLENCE,N
29494,J_1,A3SYNAGOGUE,N
29494,J_1,A3SWASTIKA,N
29494,J_1,A3DISCRIMINATION,N
15820,J_1,A1ESSENTIAL,N
15820,J_1,A2EVIL,N
15820,J_1,A2CONSPIRACY,N
15820,J_1,A2HIDDENPOWER,N
15820,J_1,A2COLLECTIVEAGENDA,N
15820,J_1,A2CONTROLGOV,N
15820,J_1,A2CONTROLBANKS,N
15820,J_1,A2CONTROLMEDIA,N
15820,J_1,A2LOYALTY,N
15820,J_1,A2DISEASE,N
15820,J_1,A3WEALTH,N
15820,J_1,A3STINGY,N
15820,J_1,A3UNPATRIOTIC,N
15820,J_1,A3CARICATURE,N
15820,J_1,A3VIOLENCE,N
15820,J_1,A3SYNAGOGUE,N
15820,J_1,A3SWASTIKA,N
15820,J_1,A3DISCRIMINATION,N
43550,J_1,A1ESSENTIAL,N
43550,J_1,A2EVIL,N
43550,J_1,A2CONSPIRACY,N
43550,J_1,A2HIDDENPOWER,N
43550,J_1,A2COLLECTIVEAGENDA,N
43550,J_1,A2CONTROLGOV,N
43550,J_1,A2CONTROLBANKS,N
43550,J_1,A2CONTROLMEDIA,N
43550,J_1,A2LOYALTY,N
43550,J_1,A2DISEASE,N
43550,J_1,A3WEALTH,N
43550,J_1,A3STINGY,N
43550,J_1,A3UNPATRIOTIC,N
43550,J_1,A3CARICATURE,N
43550,J_1,A3VIOLENCE,N
43550,J_1,A3SYNAGOGUE,N
43550,J_1,A3SWASTIKA,N
43550,J_1,A3DISCRIMINATION,N
35164,J_1,A1ESSENTIAL,N
35164,J_1,A2EVIL,N
35164,J_1,A2CONSPIRACY,N
35164,J_1,A2HIDDENPOWER,N
35164,J_1,A2COLLECTIVEAGENDA,N
35164,J_1,A2CONTROLGOV,N
35164,J_1,A2CONTROLBANKS,N
35164,J_1,A2CONTROLMEDIA,N
35164,J_1,A2LOYALTY,N
35164,J_1,A2DISEASE,N
35164,J_1,A3WEALTH,N
35164,J_1,A3STINGY,N
35164,J_1,A3UNPATRIOTIC,N
35164,J_1,A3CARICATURE,N
35164,J_1,A3VIOLENCE,N
35164,J_1,A3SYNAGOGUE,N
35164,J_1,A3SWASTIKA,N
35164,J_1,A3DISCRIMINATION,N
34142,J_1,A1ESSENTIAL,N
34142,J_1,A2EVIL,N
34142,J_1,A2CONSPIRACY,N
34142,J_1,A2HIDDENPOWER,N
34142,J_1,A2COLLECTIVEAGENDA,N
34142,J_1,A2CONTROLGOV,N
34142,J_1,A2CONTROLBANKS,N
34142,J_1,A2CONTROLMEDIA,N
34142,J_1,A2LOYALTY,N
34142,J_1,A2DISEASE,N
34142,J_1,A3WEALTH,N
34142,J_1,A3STINGY,N
34142,J_1,A3UNPATRIOTIC,N
34142,J_1,A3CARICATURE,N
34142,J_1,A3VIOLENCE,N
34142,J_1,A3SYNAGOGUE,N
34142,J_1,A3SWASTIKA,N
34142,J_1,A3DISCRIMINATION,N
34950,J_1,A1ESSENTIAL,N
34950,J_1,A2EVIL,N
34950,J_1,A2CONSPIRACY,N
34950,J_1,A2HIDDENPOWER,N
34950,J_1,A2COLLECTIVEAGENDA,N
34950,J_1,A2CONTROLGOV,N
34950,J_1,A2CONTROLBANKS,N
34950,J_1,A2CONTROLMEDIA,N
34950,J_1,A2LOYALTY,N
34950,J_1,A2DISEASE,N
34950,J_1,A3WEALTH,N
34950,J_1,A3STINGY,N
34950,J_1,A3UNPATRIOTIC,N
34950,J_1,A3CARICATURE,N
34950,J_1,A3VIOLENCE,N
34950,J_1,A3SYNAGOGUE,N
34950,J_1,A3SWASTIKA,N
34950,J_1,A3DISCRIMINATION,N
20830,J_1,A1ESSENTIAL,N
20830,J_1,A2EVIL,N
20830,J_1,A2CONSPIRACY,N
20830,J_1,A2HIDDENPOWER,N
20830,J_1,A2COLLECTIVEAGENDA,N
20830,J_1,A2CONTROLGOV,N
20830,J_1,A2CONTROLBANKS,N
20830,J_1,A2CONTROLMEDIA,N
20830,J_1,A2LOYALTY,N
20830,J_1,A2DISEASE,N
20830,J_1,A3WEALTH,N
20830,J_1,A3STINGY,N
20830,J_1,A3UNPATRIOTIC,N
20830,J_1,A3CARICATURE,N
20830,J_1,A3VIOLENCE,N
20830,J_1,A3SYNAGOGUE,N
20830,J_1,A3SWASTIKA,N
20830,J_1,A3DISCRIMINATION,N
4933,J_1,A1ESSENTIAL,N
4933,J_1,A2EVIL,N
4933,J_1,A2CONSPIRACY,N
4933,J_1,A2HIDDENPOWER,N
4933,J_1,A2COLLECTIVEAGENDA,N
4933,J_1,A2CONTROLGOV,N
4933,J_1,A2CONTROLBANKS,N
4933,J_1,A2CONTROLMEDIA,N
4933,J_1,A2LOYALTY,N
4933,J_1,A2DISEASE,N
4933,J_1,A3WEALTH,N
4933,J_1,A3STINGY,N
4933,J_1,A3UNPATRIOTIC,N
4933,J_1,A3CARICATURE,N
4933,J_1,A3VIOLENCE,N
4933,J_1,A3SYNAGOGUE,N
4933,J_1,A3SWASTIKA,N
4933,J_1,A3DISCRIMINATION,N
10698,J_1,A1ESSENTIAL,N
10698,J_1,A2EVIL,N
10698,J_1,A2CONSPIRACY,N
10698,J_1,A2HIDDENPOWER,N
10698,J_1,A2COLLECTIVEAGENDA,N
10698,J_1,A2CONTROLGOV,N
10698,J_1,A2CONTROLBANKS,N
10698,J_1,A2CONTROLMEDIA,N
10698,J_1,A2LOYALTY,N
10698,J_1,A2DISEASE,N
10698,J_1,A3WEALTH,N
10698,J_1,A3STINGY,N
10698,J_1,A3UNPATRIOTIC,N
10698,J_1,A3CARICATURE,N
10698,J_1,A3VIOLENCE,N
10698,J_1,A3SYNAGOGUE,N
10698,J_1,A3SWASTIKA,N
10698,J_1,A3DISCRIMINATION,N
42572,J_1,A1ESSENTIAL,N
42572,J_1,A2EVIL,N
42572,J_1,A2CONSPIRACY,N
42572,J_1,A2HIDDENPOWER,N
42572,J_1,A2COLLECTIVEAGENDA,N
42572,J_1,A2CONTROLGOV,N
42572,J_1,A2CONTROLBANKS,N
42572,J_1,A2CONTROLMEDIA,N
42572,J_1,A2LOYALTY,N
42572,J_1,A2DISEASE,N
42572,J_1,A3WEALTH,N
42572,J_1,A3STINGY,N
42572,J_1,A3UNPATRIOTIC,N
42572,J_1,A3CARICATURE,N
42572,J_1,A3VIOLENCE,N
42572,J_1,A3SYNAGOGUE,N
42572,J_1,A3SWASTIKA,N
42572,J_1,A3DISCRIMINATION,N
13437,J_1,A1ESSENTIAL,N
13437,J_1,A2EVIL,N
13437,J_1,A2CONSPIRACY,N
13437,J_1,A2HIDDENPOWER,N
13437,J_1,A2COLLECTIVEAGENDA,N
13437,J_1,A2CONTROLGOV,N
13437,J_1,A2CONTROLBANKS,N
13437,J_1,A2CONTROLMEDIA,N
13437,J_1,A2LOYALTY,N
13437,J_1,A2DISEASE,N
13437,J_1,A3WEALTH,N
13437,J_1,A3STINGY,N
13437,J_1,A3UNPATRIOTIC,N
13437,J_1,A3CARICATURE,N
13437,J_1,A3VIOLENCE,N
13437,J_1,A3SYNAGOGUE,N
13437,J_1,A3SWASTIKA,N
13437,J_1,A3DISCRIMINATION,N
41883,J_1,A1ESSENTIAL,N
41883,J_1,A2EVIL,N
41883,J_1,A2CONSPIRACY,N
41883,J_1,A2HIDDENPOWER,N
41883,J_1,A2COLLECTIVEAGENDA,N
41883,J_1,A2CONTROLGOV,N
41883,J_1,A2CONTROLBANKS,N
41883,J_1,A2CONTROLMEDIA,N
41883,J_1,A2LOYALTY,N
41883,J_1,A2DISEASE,N
41883,J_1,A3WEALTH,N
41883,J_1,A3STINGY,N
41883,J_1,A3UNPATRIOTIC,N
41883,J_1,A3CARICATURE,N
41883,J_1,A3VIOLENCE,N
41883,J_1,A3SYNAGOGUE,N
41883,J_1,A3SWASTIKA,N
41883,J_1,A3DISCRIMINATION,N
49653,J_1,A1ESSENTIAL,E
49653,J_1,A2EVIL,I
49653,J_1,A2CONSPIRACY,E
49653,J_1,A2HIDDENPOWER,E
49653,J_1,A2COLLECTIVEAGENDA,E
49653,J_1,A2CONTROLGOV,I
49653,J_1,A2CONTROLBANKS,N
49653,J_1,A2CONTROLMEDIA,N
49653,J_1,A2LOYALTY,N
49653,J_1,A2DISEASE,N
49653,J_1,A3WEALTH,N
49653,J_1,A3STINGY,N
49653,J_1,A3UNPATRIOTIC,N
49653,J_1,A3CARICATURE,N
49653,J_1,A3VIOLENCE,N
49653,J_1,A3SYNAGOGUE,N
49653,J_1,A3SWASTIKA,N
49653,J_1,A3DISCRIMINATION,N
39821,J_1,A1ESSENTIAL,N
39821,J_1,A2EVIL,N
39821,J_1,A2CONSPIRACY,N
39821,J_1,A2HIDDENPOWER,N
39821,J_1,A2COLLECTIVEAGENDA,N
39821,J_1,A2CONTROLGOV,N
39821,J_1,A2CONTROLBANKS,N
39821,J_1,A2CONTROLMEDIA,N
39821,J_1,A2LOYALTY,N
39821,J_1,A2DISEASE,N
39821,J_1,A3WEALTH,N
39821,J_1,A3STINGY,N
39821,J_1,A3UNPATRIOTIC,N
39821,J_1,A3CARICATURE,N
39821,J_1,A3VIOLENCE,N
39821,J_1,A3SYNAGOGUE,N
39821,J_1,A3SWASTIKA,N
39821,J_1,A3DISCRIMINATION,N
8113,J_1,A1ESSENTIAL,N
8113,J_1,A2EVIL,N
8113,J_1,A2CONSPIRACY,N
8113,J_1,A2HIDDENPOWER,N
8113,J_1,A2COLLECTIVEAGENDA,N
8113,J_1,A2CONTROLGOV,N
8113,J_1,A2CONTROLBANKS,N
8113,J_1,A2CONTROLMEDIA,N
8113,J_1,A2LOYALTY,N
8113,J_1,A2DISEASE,N
8113,J_1,A3WEALTH,N
8113,J_1,A3STINGY,N
8113,J_1,A3UNPATRIOTIC,N
8113,J_1,A3CARICATURE,N
8113,J_1,A3VIOLENCE,N
8113,J_1,A3SYNAGOGUE,N
8113,J_1,A3SWASTIKA,N
8113,J_1,A3DISCRIMINATION,N
25453,J_1,A1ESSENTIAL,N
25453,J_1,A2EVIL,N
25453,J_1,A2CONSPIRACY,N
25453,J_1,A2HIDDENPOWER,N
25453,J_1,A2COLLECTIVEAGENDA,N
25453,J_1,A2CONTROLGOV,N
25453,J_1,A2CONTROLBANKS,N
25453,J_1,A2CONTROLMEDIA,N
25453,J_1,A2LOYALTY,N
25453,J_1,A2DISEASE,N
25453,J_1,A3WEALTH,N
25453,J_1,A3STINGY,N
25453,J_1,A3UNPATRIOTIC,N
25453,J_1,A3CARICATURE,N
25453,J_1,A3VIOLENCE,N
25453,J_1,A3SYNAGOGUE,N
25453,J_1,A3SWASTIKA,N
25453,J_1,A3DISCRIMINATION,N
5260,J_1,A1ESSENTIAL,N
5260,J_1,A2EVIL,N
5260,J_1,A2CONSPIRACY,N
5260,J_1,A2HIDDENPOWER,N
5260,J_1,A2COLLECTIVEAGENDA,N
5260,J_1,A2CONTROLGOV,N
5260,J_1,A2CONTROLBANKS,N
5260,J_1,A2CONTROLMEDIA,N
5260,J_1,A2LOYALTY,N
5260,J_1,A2DISEASE,N
5260,J_1,A3WEALTH,N
5260,J_1,A3STINGY,N
5260,J_1,A3UNPATRIOTIC,N
5260,J_1,A3CARICATURE,N
5260,J_1,A3VIOLENCE,N
5260,J_1,A3SYNAGOGUE,N
5260,J_1,A3SWASTIKA,N
5260,J_1,A3DISCRIMINATION,N
10735,J_1,A1ESSENTIAL,N
10735,J_1,A2EVIL,N
10735,J_1,A2CONSPIRACY,N
10735,J_1,A2HIDDENPOWER,N
10735,J_1,A2COLLECTIVEAGENDA,N
10735,J_1,A2CONTROLGOV,N
10735,J_1,A2CONTROLBANKS,N
10735,J_1,A2CONTROLMEDIA,N
10735,J_1,A2LOYALTY,N
10735,J_1,A2DISEASE,N
10735,J_1,A3WEALTH,N
10735,J_1,A3STINGY,N
10735,J_1,A3UNPATRIOTIC,N
10735,J_1,A3CARICATURE,N
10735,J_1,A3VIOLENCE,N
10735,J_1,A3SYNAGOGUE,N
10735,J_1,A3SWASTIKA,N
10735,J_1,A3DISCRIMINATION,N
12805,J_1,A1ESSENTIAL,N
12805,J_1,A2EVIL,N
12805,J_1,A2CONSPIRACY,N
12805,J_1,A2HIDDENPOWER,N
12805,J_1,A2COLLECTIVEAGENDA,N
12805,J_1,A2CONTROLGOV,N
12805,J_1,A2CONTROLBANKS,N
12805,J_1,A2CONTROLMEDIA,N
12805,J_1,A2LOYALTY,N
12805,J_1,A2DISEASE,N
12805,J_1,A3WEALTH,N
12805,J_1,A3STINGY,N
12805,J_1,A3UNPATRIOTIC,N
12805,J_1,A3CARICATURE,N
12805,J_1,A3VIOLENCE,N
12805,J_1,A3SYNAGOGUE,N
12805,J_1,A3SWASTIKA,N
12805,J_1,A3DISCRIMINATION,N
12245,J_1,A1ESSENTIAL,N
12245,J_1,A2EVIL,N
12245,J_1,A2CONSPIRACY,N
12245,J_1,A2HIDDENPOWER,N
12245,J_1,A2COLLECTIVEAGENDA,N
12245,J_1,A2CONTROLGOV,N
12245,J_1,A2CONTROLBANKS,N
12245,J_1,A2CONTROLMEDIA,N
12245,J_1,A2LOYALTY,N
12245,J_1,A2DISEASE,N
12245,J_1,A3WEALTH,N
12245,J_1,A3STINGY,N
12245,J_1,A3UNPATRIOTIC,N
12245,J_1,A3CARICATURE,N
12245,J_1,A3VIOLENCE,N
12245,J_1,A3SYNAGOGUE,N
12245,J_1,A3SWASTIKA,N
12245,J_1,A3DISCRIMINATION,N
8576,J_1,A1ESSENTIAL,N
8576,J_1,A2EVIL,N
8576,J_1,A2CONSPIRACY,N
8576,J_1,A2HIDDENPOWER,N
8576,J_1,A2COLLECTIVEAGENDA,N
8576,J_1,A2CONTROLGOV,N
8576,J_1,A2CONTROLBANKS,N
8576,J_1,A2CONTROLMEDIA,N
8576,J_1,A2LOYALTY,N
8576,J_1,A2DISEASE,N
8576,J_1,A3WEALTH,N
8576,J_1,A3STINGY,N
8576,J_1,A3UNPATRIOTIC,N
8576,J_1,A3CARICATURE,N
8576,J_1,A3VIOLENCE,N
8576,J_1,A3SYNAGOGUE,N
8576,J_1,A3SWASTIKA,N
8576,J_1,A3DISCRIMINATION,N
23607,J_1,A1ESSENTIAL,N
23607,J_1,A2EVIL,N
23607,J_1,A2CONSPIRACY,N
23607,J_1,A2HIDDENPOWER,N
23607,J_1,A2COLLECTIVEAGENDA,N
23607,J_1,A2CONTROLGOV,N
23607,J_1,A2CONTROLBANKS,N
23607,J_1,A2CONTROLMEDIA,N
23607,J_1,A2LOYALTY,N
23607,J_1,A2DISEASE,N
23607,J_1,A3WEALTH,N
23607,J_1,A3STINGY,N
23607,J_1,A3UNPATRIOTIC,N
23607,J_1,A3CARICATURE,N
23607,J_1,A3VIOLENCE,N
23607,J_1,A3SYNAGOGUE,N
23607,J_1,A3SWASTIKA,N
23607,J_1,A3DISCRIMINATION,N
45921,J_1,A1ESSENTIAL,N
45921,J_1,A2EVIL,N
45921,J_1,A2CONSPIRACY,N
45921,J_1,A2HIDDENPOWER,N
45921,J_1,A2COLLECTIVEAGENDA,N
45921,J_1,A2CONTROLGOV,N
45921,J_1,A2CONTROLBANKS,N
45921,J_1,A2CONTROLMEDIA,N
45921,J_1,A2LOYALTY,N
45921,J_1,A2DISEASE,N
45921,J_1,A3WEALTH,N
45921,J_1,A3STINGY,N
45921,J_1,A3UNPATRIOTIC,N
45921,J_1,A3CARICATURE,N
45921,J_1,A3VIOLENCE,N
45921,J_1,A3SYNAGOGUE,N
45921,J_1,A3SWASTIKA,N
45921,J_1,A3DISCRIMINATION,N
7687,J_1,A1ESSENTIAL,N
7687,J_1,A2EVIL,N
7687,J_1,A2CONSPIRACY,N
7687,J_1,A2HIDDENPOWER,N
7687,J_1,A2COLLECTIVEAGENDA,N
7687,J_1,A2CONTROLGOV,N
7687,J_1,A2CONTROLBANKS,N
7687,J_1,A2CONTROLMEDIA,N
7687,J_1,A2LOYALTY,N
7687,J_1,A2DISEASE,N
7687,J_1,A3WEALTH,N
7687,J_1,A3STINGY,N
7687,J_1,A3UNPATRIOTIC,N
7687,J_1,A3CARICATURE,N
7687,J_1,A3VIOLENCE,N
7687,J_1,A3SYNAGOGUE,N
7687,J_1,A3SWASTIKA,N
7687,J_1,A3DISCRIMINATION,N
46898,J_1,A1ESSENTIAL,N
46898,J_1,A2EVIL,N
46898,J_1,A2CONSPIRACY,N
46898,J_1,A2HIDDENPOWER,N
46898,J_1,A2COLLECTIVEAGENDA,N
46898,J_1,A2CONTROLGOV,N
46898,J_1,A2CONTROLBANKS,N
46898,J_1,A2CONTROLMEDIA,N
46898,J_1,A2LOYALTY,N
46898,J_1,A2DISEASE,N
46898,J_1,A3WEALTH,N
46898,J_1,A3STINGY,N
46898,J_1,A3UNPATRIOTIC,N
46898,J_1,A3CARICATURE,N
46898,J_1,A3VIOLENCE,N
46898,J_1,A3SYNAGOGUE,N
46898,J_1,A3SWASTIKA,N
46898,J_1,A3DISCRIMINATION,N
1450,J_1,A1ESSENTIAL,N
1450,J_1,A2EVIL,N
1450,J_1,A2CONSPIRACY,N
1450,J_1,A2HIDDENPOWER,N
1450,J_1,A2COLLECTIVEAGENDA,N
1450,J_1,A2CONTROLGOV,N
1450,J_1,A2CONTROLBANKS,N
1450,J_1,A2CONTROLMEDIA,N
1450,J_1,A2LOYALTY,N
1450,J_1,A2DISEASE,N
1450,J_1,A3WEALTH,N
1450,J_1,A3STINGY,N
1450,J_1,A3UNPATRIOTIC,N
1450,J_1,A3CARICATURE,N
1450,J_1,A3VIOLENCE,N
1450,J_1,A3SYNAGOGUE,N
1450,J_1,A3SWASTIKA,N
1450,J_1,A3DISCRIMINATION,N
23296,J_1,A1ESSENTIAL,N
23296,J_1,A2EVIL,N
23296,J_1,A2CONSPIRACY,N
23296,J_1,A2HIDDENPOWER,N
23296,J_1,A2COLLECTIVEAGENDA,N
23296,J_1,A2CONTROLGOV,N
23296,J_1,A2CONTROLBANKS,N
23296,J_1,A2CONTROLMEDIA,N
23296,J_1,A2LOYALTY,N
23296,J_1,A2DISEASE,N
23296,J_1,A3WEALTH,N
23296,J_1,A3STINGY,N
23296,J_1,A3UNPATRIOTIC,N
23296,J_1,A3CARICATURE,N
23296,J_1,A3VIOLENCE,N
23296,J_1,A3SYNAGOGUE,N
23296,J_1,A3SWASTIKA,N
23296,J_1,A3DISCRIMINATION,N
48122,J_1,A1ESSENTIAL,N
48122,J_1,A2EVIL,I
48122,J_1,A2CONSPIRACY,I
48122,J_1,A2HIDDENPOWER,I
48122,J_1,A2COLLECTIVEAGENDA,I
48122,J_1,A2CONTROLGOV,I
48122,J_1,A2CONTROLBANKS,N
48122,J_1,A2CONTROLMEDIA,N
48122,J_1,A2LOYALTY,N
48122,J_1,A2DISEASE,N
48122,J_1,A3WEALTH,N
48122,J_1,A3STINGY,N
48122,J_1,A3UNPATRIOTIC,N
48122,J_1,A3CARICATURE,N
48122,J_1,A3VIOLENCE,N
48122,J_1,A3SYNAGOGUE,N
48122,J_1,A3SWASTIKA,N
48122,J_1,A3DISCRIMINATION,N
48498,J_1,A1ESSENTIAL,N
48498,J_1,A2EVIL,N
48498,J_1,A2CONSPIRACY,N
48498,J_1,A2HIDDENPOWER,N
48498,J_1,A2COLLECTIVEAGENDA,N
48498,J_1,A2CONTROLGOV,N
48498,J_1,A2CONTROLBANKS,N
48498,J_1,A2CONTROLMEDIA,N
48498,J_1,A2LOYALTY,N
48498,J_1,A2DISEASE,N
48498,J_1,A3WEALTH,N
48498,J_1,A3STINGY,N
48498,J_1,A3UNPATRIOTIC,N
48498,J_1,A3CARICATURE,N
48498,J_1,A3VIOLENCE,N
48498,J_1,A3SYNAGOGUE,N
48498,J_1,A3SWASTIKA,N
48498,J_1,A3DISCRIMINATION,N
19323,J_1,A1ESSENTIAL,E
19323,J_1,A2EVIL,N
19323,J_1,A2CONSPIRACY,N
19323,J_1,A2HIDDENPOWER,N
19323,J_1,A2COLLECTIVEAGENDA,N
19323,J_1,A2CONTROLGOV,N
19323,J_1,A2CONTROLBANKS,N
19323,J_1,A2CONTROLMEDIA,N
19323,J_1,A2LOYALTY,N
19323,J_1,A2DISEASE,N
19323,J_1,A3WEALTH,N
19323,J_1,A3STINGY,N
19323,J_1,A3UNPATRIOTIC,N
19323,J_1,A3CARICATURE,N
19323,J_1,A3VIOLENCE,N
19323,J_1,A3SYNAGOGUE,N
19323,J_1,A3SWASTIKA,N
19323,J_1,A3DISCRIMINATION,N
3792,J_1,A1ESSENTIAL,N
3792,J_1,A2EVIL,N
3792,J_1,A2CONSPIRACY,N
3792,J_1,A2HIDDENPOWER,N
3792,J_1,A2COLLECTIVEAGENDA,N
3792,J_1,A2CONTROLGOV,N
3792,J_1,A2CONTROLBANKS,N
3792,J_1,A2CONTROLMEDIA,N
3792,J_1,A2LOYALTY,N
3792,J_1,A2DISEASE,N
3792,J_1,A3WEALTH,N
3792,J_1,A3STINGY,N
3792,J_1,A3UNPATRIOTIC,N
3792,J_1,A3CARICATURE,N
3792,J_1,A3VIOLENCE,N
3792,J_1,A3SYNAGOGUE,N
3792,J_1,A3SWASTIKA,N
3792,J_1,A3DISCRIMINATION,N
31024,J_1,A1ESSENTIAL,N
31024,J_1,A2EVIL,N
31024,J_1,A2CONSPIRACY,N
31024,J_1,A2HIDDENPOWER,N
31024,J_1,A2COLLECTIVEAGENDA,N
31024,J_1,A2CONTROLGOV,N
31024,J_1,A2CONTROLBANKS,N
31024,J_1,A2CONTROLMEDIA,N
31024,J_1,A2LOYALTY,N
31024,J_1,A2DISEASE,N
31024,J_1,A3WEALTH,N
31024,J_1,A3STINGY,N
31024,J_1,A3UNPATRIOTIC,N
31024,J_1,A3CARICATURE,N
31024,J_1,A3VIOLENCE,N
31024,J_1,A3SYNAGOGUE,N
31024,J_1,A3SWASTIKA,N
31024,J_1,A3DISCRIMINATION,N
24222,J_1,A1ESSENTIAL,N
24222,J_1,A2EVIL,N
24222,J_1,A2CONSPIRACY,N
24222,J_1,A2HIDDENPOWER,N
24222,J_1,A2COLLECTIVEAGENDA,N
24222,J_1,A2CONTROLGOV,N
24222,J_1,A2CONTROLBANKS,N
24222,J_1,A2CONTROLMEDIA,N
24222,J_1,A2LOYALTY,N
24222,J_1,A2DISEASE,N
24222,J_1,A3WEALTH,N
24222,J_1,A3STINGY,N
24222,J_1,A3UNPATRIOTIC,N
24222,J_1,A3CARICATURE,N
24222,J_1,A3VIOLENCE,N
24222,J_1,A3SYNAGOGUE,N
24222,J_1,A3SWASTIKA,N
24222,J_1,A3DISCRIMINATION,N
45456,J_1,A1ESSENTIAL,N
45456,J_1,A2EVIL,N
45456,J_1,A2CONSPIRACY,N
45456,J_1,A2HIDDENPOWER,N
45456,J_1,A2COLLECTIVEAGENDA,N
45456,J_1,A2CONTROLGOV,N
45456,J_1,A2CONTROLBANKS,N
45456,J_1,A2CONTROLMEDIA,N
45456,J_1,A2LOYALTY,N
45456,J_1,A2DISEASE,N
45456,J_1,A3WEALTH,N
45456,J_1,A3STINGY,N
45456,J_1,A3UNPATRIOTIC,N
45456,J_1,A3CARICATURE,N
45456,J_1,A3VIOLENCE,N
45456,J_1,A3SYNAGOGUE,N
45456,J_1,A3SWASTIKA,N
45456,J_1,A3DISCRIMINATION,N
5094,J_1,A1ESSENTIAL,I
5094,J_1,A2EVIL,I
5094,J_1,A2CONSPIRACY,N
5094,J_1,A2HIDDENPOWER,N
5094,J_1,A2COLLECTIVEAGENDA,E
5094,J_1,A2CONTROLGOV,N
5094,J_1,A2CONTROLBANKS,N
5094,J_1,A2CONTROLMEDIA,N
5094,J_1,A2LOYALTY,N
5094,J_1,A2DISEASE,N
5094,J_1,A3WEALTH,N
5094,J_1,A3STINGY,N
5094,J_1,A3UNPATRIOTIC,N
5094,J_1,A3CARICATURE,N
5094,J_1,A3VIOLENCE,N
5094,J_1,A3SYNAGOGUE,N
5094,J_1,A3SWASTIKA,N
5094,J_1,A3DISCRIMINATION,N
34618,J_1,A1ESSENTIAL,N
34618,J_1,A2EVIL,N
34618,J_1,A2CONSPIRACY,N
34618,J_1,A2HIDDENPOWER,N
34618,J_1,A2COLLECTIVEAGENDA,N
34618,J_1,A2CONTROLGOV,N
34618,J_1,A2CONTROLBANKS,N
34618,J_1,A2CONTROLMEDIA,N
34618,J_1,A2LOYALTY,N
34618,J_1,A2DISEASE,N
34618,J_1,A3WEALTH,N
34618,J_1,A3STINGY,N
34618,J_1,A3UNPATRIOTIC,N
34618,J_1,A3CARICATURE,N
34618,J_1,A3VIOLENCE,N
34618,J_1,A3SYNAGOGUE,N
34618,J_1,A3SWASTIKA,N
34618,J_1,A3DISCRIMINATION,N
28983,J_1,A1ESSENTIAL,N
28983,J_1,A2EVIL,N
28983,J_1,A2CONSPIRACY,N
28983,J_1,A2HIDDENPOWER,N
28983,J_1,A2COLLECTIVEAGENDA,N
28983,J_1,A2CONTROLGOV,N
28983,J_1,A2CONTROLBANKS,N
28983,J_1,A2CONTROLMEDIA,N
28983,J_1,A2LOYALTY,N
28983,J_1,A2DISEASE,N
28983,J_1,A3WEALTH,N
28983,J_1,A3STINGY,N
28983,J_1,A3UNPATRIOTIC,N
28983,J_1,A3CARICATURE,N
28983,J_1,A3VIOLENCE,N
28983,J_1,A3SYNAGOGUE,N
28983,J_1,A3SWASTIKA,N
28983,J_1,A3DISCRIMINATION,N
2461,J_1,A1ESSENTIAL,N
2461,J_1,A2EVIL,N
2461,J_1,A2CONSPIRACY,I
2461,J_1,A2HIDDENPOWER,I
2461,J_1,A2COLLECTIVEAGENDA,I
2461,J_1,A2CONTROLGOV,N
2461,J_1,A2CONTROLBANKS,N
2461,J_1,A2CONTROLMEDIA,N
2461,J_1,A2LOYALTY,N
2461,J_1,A2DISEASE,N
2461,J_1,A3WEALTH,N
2461,J_1,A3STINGY,N
2461,J_1,A3UNPATRIOTIC,N
2461,J_1,A3CARICATURE,N
2461,J_1,A3VIOLENCE,N
2461,J_1,A3SYNAGOGUE,N
2461,J_1,A3SWASTIKA,N
2461,J_1,A3DISCRIMINATION,N
28276,J_1,A1ESSENTIAL,N
28276,J_1,A2EVIL,N
28276,J_1,A2CONSPIRACY,N
28276,J_1,A2HIDDENPOWER,N
28276,J_1,A2COLLECTIVEAGENDA,N
28276,J_1,A2CONTROLGOV,N
28276,J_1,A2CONTROLBANKS,N
28276,J_1,A2CONTROLMEDIA,N
28276,J_1,A2LOYALTY,N
28276,J_1,A2DISEASE,N
28276,J_1,A3WEALTH,N
28276,J_1,A3STINGY,N
28276,J_1,A3UNPATRIOTIC,N
28276,J_1,A3CARICATURE,N
28276,J_1,A3VIOLENCE,N
28276,J_1,A3SYNAGOGUE,N
28276,J_1,A3SWASTIKA,N
28276,J_1,A3DISCRIMINATION,N
8203,J_1,A1ESSENTIAL,N
8203,J_1,A2EVIL,N
8203,J_1,A2CONSPIRACY,I
8203,J_1,A2HIDDENPOWER,N
8203,J_1,A2COLLECTIVEAGENDA,N
8203,J_1,A2CONTROLGOV,N
8203,J_1,A2CONTROLBANKS,N
8203,J_1,A2CONTROLMEDIA,N
8203,J_1,A2LOYALTY,N
8203,J_1,A2DISEASE,N
8203,J_1,A3WEALTH,N
8203,J_1,A3STINGY,N
8203,J_1,A3UNPATRIOTIC,N
8203,J_1,A3CARICATURE,N
8203,J_1,A3VIOLENCE,N
8203,J_1,A3SYNAGOGUE,N
8203,J_1,A3SWASTIKA,N
8203,J_1,A3DISCRIMINATION,N
14936,J_1,A1ESSENTIAL,N
14936,J_1,A2EVIL,N
14936,J_1,A2CONSPIRACY,N
14936,J_1,A2HIDDENPOWER,N
14936,J_1,A2COLLECTIVEAGENDA,N
14936,J_1,A2CONTROLGOV,N
14936,J_1,A2CONTROLBANKS,N
14936,J_1,A2CONTROLMEDIA,N
14936,J_1,A2LOYALTY,N
14936,J_1,A2DISEASE,N
14936,J_1,A3WEALTH,N
14936,J_1,A3STINGY,N
14936,J_1,A3UNPATRIOTIC,N
14936,J_1,A3CARICATURE,N
14936,J_1,A3VIOLENCE,N
14936,J_1,A3SYNAGOGUE,N
14936,J_1,A3SWASTIKA,N
14936,J_1,A3DISCRIMINATION,N
38168,J_1,A1ESSENTIAL,N
38168,J_1,A2EVIL,I
38168,J_1,A2CONSPIRACY,I
38168,J_1,A2HIDDENPOWER,I
38168,J_1,A2COLLECTIVEAGENDA,N
38168,J_1,A2CONTROLGOV,N
38168,J_1,A2CONTROLBANKS,N
38168,J_1,A2CONTROLMEDIA,N
38168,J_1,A2LOYALTY,N
38168,J_1,A2DISEASE,N
38168,J_1,A3WEALTH,N
38168,J_1,A3STINGY,N
38168,J_1,A3UNPATRIOTIC,N
38168,J_1,A3CARICATURE,N
38168,J_1,A3VIOLENCE,N
38168,J_1,A3SYNAGOGUE,N
38168,J_1,A3SWASTIKA,N
38168,J_1,A3DISCRIMINATION,N
49028,J_1,A1ESSENTIAL,A
49028,J_1,A2EVIL,I
49028,J_1,A2CONSPIRACY,I
49028,J_1,A2HIDDENPOWER,I
49028,J_1,A2COLLECTIVEAGENDA,I
49028,J_1,A2CONTROLGOV,I
49028,J_1,A2CONTROLBANKS,N
49028,J_1,A2CONTROLMEDIA,N
49028,J_1,A2LOYALTY,N
49028,J_1,A2DISEASE,N
49028,J_1,A3WEALTH,N
49028,J_1,A3STINGY,N
49028,J_1,A3UNPATRIOTIC,N
49028,J_1,A3CARICATURE,N
49028,J_1,A3VIOLENCE,N
49028,J_1,A3SYNAGOGUE,N
49028,J_1,A3SWASTIKA,N
49028,J_1,A3DISCRIMINATION,N
13490,J_1,A1ESSENTIAL,N
13490,J_1,A2EVIL,N
13490,J_1,A2CONSPIRACY,N
13490,J_1,A2HIDDENPOWER,N
13490,J_1,A2COLLECTIVEAGENDA,N
13490,J_1,A2CONTROLGOV,N
13490,J_1,A2CONTROLBANKS,N
13490,J_1,A2CONTROLMEDIA,N
13490,J_1,A2LOYALTY,N
13490,J_1,A2DISEASE,N
13490,J_1,A3WEALTH,N
13490,J_1,A3STINGY,N
13490,J_1,A3UNPATRIOTIC,N
13490,J_1,A3CARICATURE,N
13490,J_1,A3VIOLENCE,N
13490,J_1,A3SYNAGOGUE,N
13490,J_1,A3SWASTIKA,N
13490,J_1,A3DISCRIMINATION,N
911,J_1,A1ESSENTIAL,N
911,J_1,A2EVIL,N
911,J_1,A2CONSPIRACY,N
911,J_1,A2HIDDENPOWER,N
911,J_1,A2COLLECTIVEAGENDA,N
911,J_1,A2CONTROLGOV,N
911,J_1,A2CONTROLBANKS,N
911,J_1,A2CONTROLMEDIA,N
911,J_1,A2LOYALTY,N
911,J_1,A2DISEASE,N
911,J_1,A3WEALTH,N
911,J_1,A3STINGY,N
911,J_1,A3UNPATRIOTIC,N
911,J_1,A3CARICATURE,N
911,J_1,A3VIOLENCE,N
911,J_1,A3SYNAGOGUE,N
911,J_1,A3SWASTIKA,N
911,J_1,A3DISCRIMINATION,N
35739,J_1,A1ESSENTIAL,N
35739,J_1,A2EVIL,N
35739,J_1,A2CONSPIRACY,N
35739,J_1,A2HIDDENPOWER,N
35739,J_1,A2COLLECTIVEAGENDA,N
35739,J_1,A2CONTROLGOV,N
35739,J_1,A2CONTROLBANKS,N
35739,J_1,A2CONTROLMEDIA,N
35739,J_1,A2LOYALTY,N
35739,J_1,A2DISEASE,N
35739,J_1,A3WEALTH,N
35739,J_1,A3STINGY,N
35739,J_1,A3UNPATRIOTIC,N
35739,J_1,A3CARICATURE,N
35739,J_1,A3VIOLENCE,N
35739,J_1,A3SYNAGOGUE,N
35739,J_1,A3SWASTIKA,N
35739,J_1,A3DISCRIMINATION,N
30656,J_1,A1ESSENTIAL,N
30656,J_1,A2EVIL,N
30656,J_1,A2CONSPIRACY,N
30656,J_1,A2HIDDENPOWER,N
30656,J_1,A2COLLECTIVEAGENDA,N
30656,J_1,A2CONTROLGOV,N
30656,J_1,A2CONTROLBANKS,N
30656,J_1,A2CONTROLMEDIA,N
30656,J_1,A2LOYALTY,N
30656,J_1,A2DISEASE,N
30656,J_1,A3WEALTH,N
30656,J_1,A3STINGY,N
30656,J_1,A3UNPATRIOTIC,N
30656,J_1,A3CARICATURE,N
30656,J_1,A3VIOLENCE,N
30656,J_1,A3SYNAGOGUE,N
30656,J_1,A3SWASTIKA,N
30656,J_1,A3DISCRIMINATION,N
49590,J_1,A1ESSENTIAL,N
49590,J_1,A2EVIL,N
49590,J_1,A2CONSPIRACY,N
49590,J_1,A2HIDDENPOWER,I
49590,J_1,A2COLLECTIVEAGENDA,N
49590,J_1,A2CONTROLGOV,I
49590,J_1,A2CONTROLBANKS,N
49590,J_1,A2CONTROLMEDIA,N
49590,J_1,A2LOYALTY,N
49590,J_1,A2DISEASE,N
49590,J_1,A3WEALTH,N
49590,J_1,A3STINGY,N
49590,J_1,A3UNPATRIOTIC,N
49590,J_1,A3CARICATURE,N
49590,J_1,A3VIOLENCE,N
49590,J_1,A3SYNAGOGUE,N
49590,J_1,A3SWASTIKA,N
49590,J_1,A3DISCRIMINATION,N
29562,J_1,A1ESSENTIAL,A
29562,J_1,A2EVIL,A
29562,J_1,A2CONSPIRACY,N
29562,J_1,A2HIDDENPOWER,N
29562,J_1,A2COLLECTIVEAGENDA,A
29562,J_1,A2CONTROLGOV,N
29562,J_1,A2CONTROLBANKS,N
29562,J_1,A2CONTROLMEDIA,N
29562,J_1,A2LOYALTY,N
29562,J_1,A2DISEASE,N
29562,J_1,A3WEALTH,N
29562,J_1,A3STINGY,N
29562,J_1,A3UNPATRIOTIC,N
29562,J_1,A3CARICATURE,N
29562,J_1,A3VIOLENCE,N
29562,J_1,A3SYNAGOGUE,N
29562,J_1,A3SWASTIKA,N
29562,J_1,A3DISCRIMINATION,N
603,J_1,A1ESSENTIAL,N
603,J_1,A2EVIL,N
603,J_1,A2CONSPIRACY,N
603,J_1,A2HIDDENPOWER,N
603,J_1,A2COLLECTIVEAGENDA,N
603,J_1,A2CONTROLGOV,N
603,J_1,A2CONTROLBANKS,N
603,J_1,A2CONTROLMEDIA,N
603,J_1,A2LOYALTY,N
603,J_1,A2DISEASE,N
603,J_1,A3WEALTH,N
603,J_1,A3STINGY,N
603,J_1,A3UNPATRIOTIC,N
603,J_1,A3CARICATURE,N
603,J_1,A3VIOLENCE,N
603,J_1,A3SYNAGOGUE,N
603,J_1,A3SWASTIKA,N
603,J_1,A3DISCRIMINATION,N
18327,J_1,A1ESSENTIAL,N
18327,J_1,A2EVIL,N
18327,J_1,A2CONSPIRACY,N
18327,J_1,A2HIDDENPOWER,N
18327,J_1,A2COLLECTIVEAGENDA,N
18327,J_1,A2CONTROLGOV,N
18327,J_1,A2CONTROLBANKS,N
18327,J_1,A2CONTROLMEDIA,N
18327,J_1,A2LOYALTY,N
18327,J_1,A2DISEASE,N
18327,J_1,A3WEALTH,N
18327,J_1,A3STINGY,N
18327,J_1,A3UNPATRIOTIC,N
18327,J_1,A3CARICATURE,N
18327,J_1,A3VIOLENCE,N
18327,J_1,A3SYNAGOGUE,N
18327,J_1,A3SWASTIKA,N
18327,J_1,A3DISCRIMINATION,N
30175,J_1,A1ESSENTIAL,A
30175,J_1,A2EVIL,A
30175,J_1,A2CONSPIRACY,N
30175,J_1,A2HIDDENPOWER,N
30175,J_1,A2COLLECTIVEAGENDA,N
30175,J_1,A2CONTROLGOV,N
30175,J_1,A2CONTROLBANKS,N
30175,J_1,A2CONTROLMEDIA,N
30175,J_1,A2LOYALTY,N
30175,J_1,A2DISEASE,N
30175,J_1,A3WEALTH,N
30175,J_1,A3STINGY,N
30175,J_1,A3UNPATRIOTIC,N
30175,J_1,A3CARICATURE,N
30175,J_1,A3VIOLENCE,N
30175,J_1,A3SYNAGOGUE,N
30175,J_1,A3SWASTIKA,N
30175,J_1,A3DISCRIMINATION,N
36267,J_1,A1ESSENTIAL,N
36267,J_1,A2EVIL,N
36267,J_1,A2CONSPIRACY,N
36267,J_1,A2HIDDENPOWER,N
36267,J_1,A2COLLECTIVEAGENDA,N
36267,J_1,A2CONTROLGOV,N
36267,J_1,A2CONTROLBANKS,N
36267,J_1,A2CONTROLMEDIA,N
36267,J_1,A2LOYALTY,N
36267,J_1,A2DISEASE,N
36267,J_1,A3WEALTH,N
36267,J_1,A3STINGY,N
36267,J_1,A3UNPATRIOTIC,N
36267,J_1,A3CARICATURE,N
36267,J_1,A3VIOLENCE,N
36267,J_1,A3SYNAGOGUE,N
36267,J_1,A3SWASTIKA,N
36267,J_1,A3DISCRIMINATION,N
40905,J_1,A1ESSENTIAL,N
40905,J_1,A2EVIL,N
40905,J_1,A2CONSPIRACY,N
40905,J_1,A2HIDDENPOWER,N
40905,J_1,A2COLLECTIVEAGENDA,N
40905,J_1,A2CONTROLGOV,N
40905,J_1,A2CONTROLBANKS,N
40905,J_1,A2CONTROLMEDIA,N
40905,J_1,A2LOYALTY,N
40905,J_1,A2DISEASE,N
40905,J_1,A3WEALTH,N
40905,J_1,A3STINGY,N
40905,J_1,A3UNPATRIOTIC,N
40905,J_1,A3CARICATURE,N
40905,J_1,A3VIOLENCE,N
40905,J_1,A3SYNAGOGUE,N
40905,J_1,A3SWASTIKA,N
40905,J_1,A3DISCRIMINATION,N
25151,J_1,A1ESSENTIAL,N
25151,J_1,A2EVIL,N
25151,J_1,A2CONSPIRACY,N
25151,J_1,A2HIDDENPOWER,N
25151,J_1,A2COLLECTIVEAGENDA,N
25151,J_1,A2CONTROLGOV,N
25151,J_1,A2CONTROLBANKS,N
25151,J_1,A2CONTROLMEDIA,N
25151,J_1,A2LOYALTY,N
25151,J_1,A2DISEASE,N
25151,J_1,A3WEALTH,N
25151,J_1,A3STINGY,N
25151,J_1,A3UNPATRIOTIC,N
25151,J_1,A3CARICATURE,N
25151,J_1,A3VIOLENCE,N
25151,J_1,A3SYNAGOGUE,N
25151,J_1,A3SWASTIKA,N
25151,J_1,A3DISCRIMINATION,N
45845,J_1,A1ESSENTIAL,N
45845,J_1,A2EVIL,N
45845,J_1,A2CONSPIRACY,N
45845,J_1,A2HIDDENPOWER,N
45845,J_1,A2COLLECTIVEAGENDA,N
45845,J_1,A2CONTROLGOV,N
45845,J_1,A2CONTROLBANKS,N
45845,J_1,A2CONTROLMEDIA,N
45845,J_1,A2LOYALTY,N
45845,J_1,A2DISEASE,N
45845,J_1,A3WEALTH,N
45845,J_1,A3STINGY,N
45845,J_1,A3UNPATRIOTIC,N
45845,J_1,A3CARICATURE,N
45845,J_1,A3VIOLENCE,N
45845,J_1,A3SYNAGOGUE,N
45845,J_1,A3SWASTIKA,N
45845,J_1,A3DISCRIMINATION,N
11224,J_1,A1ESSENTIAL,N
11224,J_1,A2EVIL,N
11224,J_1,A2CONSPIRACY,N
11224,J_1,A2HIDDENPOWER,N
11224,J_1,A2COLLECTIVEAGENDA,N
11224,J_1,A2CONTROLGOV,N
11224,J_1,A2CONTROLBANKS,N
11224,J_1,A2CONTROLMEDIA,N
11224,J_1,A2LOYALTY,N
11224,J_1,A2DISEASE,N
11224,J_1,A3WEALTH,A
11224,J_1,A3STINGY,N
11224,J_1,A3UNPATRIOTIC,N
11224,J_1,A3CARICATURE,N
11224,J_1,A3VIOLENCE,N
11224,J_1,A3SYNAGOGUE,N
11224,J_1,A3SWASTIKA,N
11224,J_1,A3DISCRIMINATION,N
47113,J_1,A1ESSENTIAL,A
47113,J_1,A2EVIL,N
47113,J_1,A2CONSPIRACY,N
47113,J_1,A2HIDDENPOWER,N
47113,J_1,A2COLLECTIVEAGENDA,N
47113,J_1,A2CONTROLGOV,N
47113,J_1,A2CONTROLBANKS,N
47113,J_1,A2CONTROLMEDIA,N
47113,J_1,A2LOYALTY,N
47113,J_1,A2DISEASE,N
47113,J_1,A3WEALTH,N
47113,J_1,A3STINGY,N
47113,J_1,A3UNPATRIOTIC,N
47113,J_1,A3CARICATURE,N
47113,J_1,A3VIOLENCE,N
47113,J_1,A3SYNAGOGUE,N
47113,J_1,A3SWASTIKA,N
47113,J_1,A3DISCRIMINATION,N
32564,J_1,A1ESSENTIAL,N
32564,J_1,A2EVIL,N
32564,J_1,A2CONSPIRACY,N
32564,J_1,A2HIDDENPOWER,N
32564,J_1,A2COLLECTIVEAGENDA,N
32564,J_1,A2CONTROLGOV,N
32564,J_1,A2CONTROLBANKS,N
32564,J_1,A2CONTROLMEDIA,N
32564,J_1,A2LOYALTY,N
32564,J_1,A2DISEASE,N
32564,J_1,A3WEALTH,N
32564,J_1,A3STINGY,N
32564,J_1,A3UNPATRIOTIC,N
32564,J_1,A3CARICATURE,N
32564,J_1,A3VIOLENCE,N
32564,J_1,A3SYNAGOGUE,N
32564,J_1,A3SWASTIKA,N
32564,J_1,A3DISCRIMINATION,N
28391,J_1,A1ESSENTIAL,N
28391,J_1,A2EVIL,N
28391,J_1,A2CONSPIRACY,N
28391,J_1,A2HIDDENPOWER,N
28391,J_1,A2COLLECTIVEAGENDA,N
28391,J_1,A2CONTROLGOV,N
28391,J_1,A2CONTROLBANKS,N
28391,J_1,A2CONTROLMEDIA,N
28391,J_1,A2LOYALTY,N
28391,J_1,A2DISEASE,N
28391,J_1,A3WEALTH,N
28391,J_1,A3STINGY,N
28391,J_1,A3UNPATRIOTIC,N
28391,J_1,A3CARICATURE,N
28391,J_1,A3VIOLENCE,N
28391,J_1,A3SYNAGOGUE,N
28391,J_1,A3SWASTIKA,N
28391,J_1,A3DISCRIMINATION,N
43754,J_1,A1ESSENTIAL,N
43754,J_1,A2EVIL,N
43754,J_1,A2CONSPIRACY,N
43754,J_1,A2HIDDENPOWER,N
43754,J_1,A2COLLECTIVEAGENDA,N
43754,J_1,A2CONTROLGOV,N
43754,J_1,A2CONTROLBANKS,N
43754,J_1,A2CONTROLMEDIA,N
43754,J_1,A2LOYALTY,N
43754,J_1,A2DISEASE,N
43754,J_1,A3WEALTH,N
43754,J_1,A3STINGY,N
43754,J_1,A3UNPATRIOTIC,N
43754,J_1,A3CARICATURE,N
43754,J_1,A3VIOLENCE,N
43754,J_1,A3SYNAGOGUE,N
43754,J_1,A3SWASTIKA,N
43754,J_1,A3DISCRIMINATION,N
29888,J_1,A1ESSENTIAL,N
29888,J_1,A2EVIL,N
29888,J_1,A2CONSPIRACY,N
29888,J_1,A2HIDDENPOWER,N
29888,J_1,A2COLLECTIVEAGENDA,N
29888,J_1,A2CONTROLGOV,N
29888,J_1,A2CONTROLBANKS,N
29888,J_1,A2CONTROLMEDIA,N
29888,J_1,A2LOYALTY,N
29888,J_1,A2DISEASE,N
29888,J_1,A3WEALTH,N
29888,J_1,A3STINGY,N
29888,J_1,A3UNPATRIOTIC,N
29888,J_1,A3CARICATURE,N
29888,J_1,A3VIOLENCE,N
29888,J_1,A3SYNAGOGUE,N
29888,J_1,A3SWASTIKA,N
29888,J_1,A3DISCRIMINATION,N
20029,J_1,A1ESSENTIAL,N
20029,J_1,A2EVIL,N
20029,J_1,A2CONSPIRACY,N
20029,J_1,A2HIDDENPOWER,N
20029,J_1,A2COLLECTIVEAGENDA,N
20029,J_1,A2CONTROLGOV,N
20029,J_1,A2CONTROLBANKS,N
20029,J_1,A2CONTROLMEDIA,N
20029,J_1,A2LOYALTY,N
20029,J_1,A2DISEASE,N
20029,J_1,A3WEALTH,N
20029,J_1,A3STINGY,N
20029,J_1,A3UNPATRIOTIC,N
20029,J_1,A3CARICATURE,N
20029,J_1,A3VIOLENCE,N
20029,J_1,A3SYNAGOGUE,N
20029,J_1,A3SWASTIKA,N
20029,J_1,A3DISCRIMINATION,N
46313,J_1,A1ESSENTIAL,N
46313,J_1,A2EVIL,N
46313,J_1,A2CONSPIRACY,N
46313,J_1,A2HIDDENPOWER,N
46313,J_1,A2COLLECTIVEAGENDA,N
46313,J_1,A2CONTROLGOV,N
46313,J_1,A2CONTROLBANKS,N
46313,J_1,A2CONTROLMEDIA,N
46313,J_1,A2LOYALTY,N
46313,J_1,A2DISEASE,N
46313,J_1,A3WEALTH,N
46313,J_1,A3STINGY,N
46313,J_1,A3UNPATRIOTIC,N
46313,J_1,A3CARICATURE,N
46313,J_1,A3VIOLENCE,N
46313,J_1,A3SYNAGOGUE,N
46313,J_1,A3SWASTIKA,N
46313,J_1,A3DISCRIMINATION,N
28379,J_1,A1ESSENTIAL,N
28379,J_1,A2EVIL,N
28379,J_1,A2CONSPIRACY,N
28379,J_1,A2HIDDENPOWER,N
28379,J_1,A2COLLECTIVEAGENDA,N
28379,J_1,A2CONTROLGOV,N
28379,J_1,A2CONTROLBANKS,N
28379,J_1,A2CONTROLMEDIA,N
28379,J_1,A2LOYALTY,N
28379,J_1,A2DISEASE,N
28379,J_1,A3WEALTH,N
28379,J_1,A3STINGY,N
28379,J_1,A3UNPATRIOTIC,N
28379,J_1,A3CARICATURE,N
28379,J_1,A3VIOLENCE,A
28379,J_1,A3SYNAGOGUE,N
28379,J_1,A3SWASTIKA,N
28379,J_1,A3DISCRIMINATION,N
46344,J_1,A1ESSENTIAL,N
46344,J_1,A2EVIL,N
46344,J_1,A2CONSPIRACY,N
46344,J_1,A2HIDDENPOWER,N
46344,J_1,A2COLLECTIVEAGENDA,N
46344,J_1,A2CONTROLGOV,N
46344,J_1,A2CONTROLBANKS,N
46344,J_1,A2CONTROLMEDIA,N
46344,J_1,A2LOYALTY,N
46344,J_1,A2DISEASE,N
46344,J_1,A3WEALTH,N
46344,J_1,A3STINGY,N
46344,J_1,A3UNPATRIOTIC,N
46344,J_1,A3CARICATURE,N
46344,J_1,A3VIOLENCE,N
46344,J_1,A3SYNAGOGUE,N
46344,J_1,A3SWASTIKA,N
46344,J_1,A3DISCRIMINATION,N
3425,J_1,A1ESSENTIAL,N
3425,J_1,A2EVIL,A
3425,J_1,A2CONSPIRACY,A
3425,J_1,A2HIDDENPOWER,N
3425,J_1,A2COLLECTIVEAGENDA,N
3425,J_1,A2CONTROLGOV,N
3425,J_1,A2CONTROLBANKS,N
3425,J_1,A2CONTROLMEDIA,N
3425,J_1,A2LOYALTY,N
3425,J_1,A2DISEASE,N
3425,J_1,A3WEALTH,N
3425,J_1,A3STINGY,N
3425,J_1,A3UNPATRIOTIC,N
3425,J_1,A3CARICATURE,N
3425,J_1,A3VIOLENCE,N
3425,J_1,A3SYNAGOGUE,N
3425,J_1,A3SWASTIKA,N
3425,J_1,A3DISCRIMINATION,N
17926,J_1,A1ESSENTIAL,N
17926,J_1,A2EVIL,N
17926,J_1,A2CONSPIRACY,N
17926,J_1,A2HIDDENPOWER,N
17926,J_1,A2COLLECTIVEAGENDA,N
17926,J_1,A2CONTROLGOV,N
17926,J_1,A2CONTROLBANKS,N
17926,J_1,A2CONTROLMEDIA,N
17926,J_1,A2LOYALTY,N
17926,J_1,A2DISEASE,N
17926,J_1,A3WEALTH,N
17926,J_1,A3STINGY,N
17926,J_1,A3UNPATRIOTIC,N
17926,J_1,A3CARICATURE,N
17926,J_1,A3VIOLENCE,N
17926,J_1,A3SYNAGOGUE,N
17926,J_1,A3SWASTIKA,N
17926,J_1,A3DISCRIMINATION,N
3041,J_1,A1ESSENTIAL,N
3041,J_1,A2EVIL,N
3041,J_1,A2CONSPIRACY,N
3041,J_1,A2HIDDENPOWER,N
3041,J_1,A2COLLECTIVEAGENDA,N
3041,J_1,A2CONTROLGOV,N
3041,J_1,A2CONTROLBANKS,N
3041,J_1,A2CONTROLMEDIA,N
3041,J_1,A2LOYALTY,N
3041,J_1,A2DISEASE,N
3041,J_1,A3WEALTH,N
3041,J_1,A3STINGY,N
3041,J_1,A3UNPATRIOTIC,N
3041,J_1,A3CARICATURE,N
3041,J_1,A3VIOLENCE,N
3041,J_1,A3SYNAGOGUE,N
3041,J_1,A3SWASTIKA,N
3041,J_1,A3DISCRIMINATION,N
48907,J_1,A1ESSENTIAL,N
48907,J_1,A2EVIL,N
48907,J_1,A2CONSPIRACY,N
48907,J_1,A2HIDDENPOWER,N
48907,J_1,A2COLLECTIVEAGENDA,N
48907,J_1,A2CONTROLGOV,N
48907,J_1,A2CONTROLBANKS,N
48907,J_1,A2CONTROLMEDIA,N
48907,J_1,A2LOYALTY,N
48907,J_1,A2DISEASE,N
48907,J_1,A3WEALTH,N
48907,J_1,A3STINGY,N
48907,J_1,A3UNPATRIOTIC,N
48907,J_1,A3CARICATURE,N
48907,J_1,A3VIOLENCE,N
48907,J_1,A3SYNAGOGUE,N
48907,J_1,A3SWASTIKA,N
48907,J_1,A3DISCRIMINATION,N
31793,J_1,A1ESSENTIAL,N
31793,J_1,A2EVIL,N
31793,J_1,A2CONSPIRACY,N
31793,J_1,A2HIDDENPOWER,N
31793,J_1,A2COLLECTIVEAGENDA,N
31793,J_1,A2CONTROLGOV,N
31793,J_1,A2CONTROLBANKS,N
31793,J_1,A2CONTROLMEDIA,N
31793,J_1,A2LOYALTY,N
31793,J_1,A2DISEASE,N
31793,J_1,A3WEALTH,N
31793,J_1,A3STINGY,N
31793,J_1,A3UNPATRIOTIC,N
31793,J_1,A3CARICATURE,N
31793,J_1,A3VIOLENCE,N
31793,J_1,A3SYNAGOGUE,N
31793,J_1,A3SWASTIKA,N
31793,J_1,A3DISCRIMINATION,N
2012,J_1,A1ESSENTIAL,A
2012,J_1,A2EVIL,A
2012,J_1,A2CONSPIRACY,N
2012,J_1,A2HIDDENPOWER,N
2012,J_1,A2COLLECTIVEAGENDA,N
2012,J_1,A2CONTROLGOV,N
2012,J_1,A2CONTROLBANKS,N
2012,J_1,A2CONTROLMEDIA,N
2012,J_1,A2LOYALTY,N
2012,J_1,A2DISEASE,N
2012,J_1,A3WEALTH,N
2012,J_1,A3STINGY,N
2012,J_1,A3UNPATRIOTIC,N
2012,J_1,A3CARICATURE,N
2012,J_1,A3VIOLENCE,N
2012,J_1,A3SYNAGOGUE,N
2012,J_1,A3SWASTIKA,N
2012,J_1,A3DISCRIMINATION,N
39701,J_1,A1ESSENTIAL,N
39701,J_1,A2EVIL,N
39701,J_1,A2CONSPIRACY,N
39701,J_1,A2HIDDENPOWER,N
39701,J_1,A2COLLECTIVEAGENDA,N
39701,J_1,A2CONTROLGOV,N
39701,J_1,A2CONTROLBANKS,N
39701,J_1,A2CONTROLMEDIA,N
39701,J_1,A2LOYALTY,N
39701,J_1,A2DISEASE,N
39701,J_1,A3WEALTH,N
39701,J_1,A3STINGY,N
39701,J_1,A3UNPATRIOTIC,N
39701,J_1,A3CARICATURE,N
39701,J_1,A3VIOLENCE,N
39701,J_1,A3SYNAGOGUE,N
39701,J_1,A3SWASTIKA,N
39701,J_1,A3DISCRIMINATION,N
28430,J_1,A1ESSENTIAL,N
28430,J_1,A2EVIL,N
28430,J_1,A2CONSPIRACY,N
28430,J_1,A2HIDDENPOWER,N
28430,J_1,A2COLLECTIVEAGENDA,N
28430,J_1,A2CONTROLGOV,N
28430,J_1,A2CONTROLBANKS,N
28430,J_1,A2CONTROLMEDIA,N
28430,J_1,A2LOYALTY,N
28430,J_1,A2DISEASE,N
28430,J_1,A3WEALTH,N
28430,J_1,A3STINGY,N
28430,J_1,A3UNPATRIOTIC,N
28430,J_1,A3CARICATURE,N
28430,J_1,A3VIOLENCE,N
28430,J_1,A3SYNAGOGUE,N
28430,J_1,A3SWASTIKA,N
28430,J_1,A3DISCRIMINATION,N
3944,J_1,A1ESSENTIAL,N
3944,J_1,A2EVIL,N
3944,J_1,A2CONSPIRACY,N
3944,J_1,A2HIDDENPOWER,N
3944,J_1,A2COLLECTIVEAGENDA,N
3944,J_1,A2CONTROLGOV,N
3944,J_1,A2CONTROLBANKS,N
3944,J_1,A2CONTROLMEDIA,N
3944,J_1,A2LOYALTY,N
3944,J_1,A2DISEASE,N
3944,J_1,A3WEALTH,N
3944,J_1,A3STINGY,N
3944,J_1,A3UNPATRIOTIC,N
3944,J_1,A3CARICATURE,N
3944,J_1,A3VIOLENCE,N
3944,J_1,A3SYNAGOGUE,N
3944,J_1,A3SWASTIKA,N
3944,J_1,A3DISCRIMINATION,N
15420,J_1,A1ESSENTIAL,N
15420,J_1,A2EVIL,N
15420,J_1,A2CONSPIRACY,N
15420,J_1,A2HIDDENPOWER,N
15420,J_1,A2COLLECTIVEAGENDA,N
15420,J_1,A2CONTROLGOV,N
15420,J_1,A2CONTROLBANKS,N
15420,J_1,A2CONTROLMEDIA,N
15420,J_1,A2LOYALTY,N
15420,J_1,A2DISEASE,N
15420,J_1,A3WEALTH,N
15420,J_1,A3STINGY,N
15420,J_1,A3UNPATRIOTIC,N
15420,J_1,A3CARICATURE,N
15420,J_1,A3VIOLENCE,N
15420,J_1,A3SYNAGOGUE,N
15420,J_1,A3SWASTIKA,N
15420,J_1,A3DISCRIMINATION,N
9592,J_1,A1ESSENTIAL,N
9592,J_1,A2EVIL,N
9592,J_1,A2CONSPIRACY,N
9592,J_1,A2HIDDENPOWER,N
9592,J_1,A2COLLECTIVEAGENDA,N
9592,J_1,A2CONTROLGOV,N
9592,J_1,A2CONTROLBANKS,N
9592,J_1,A2CONTROLMEDIA,N
9592,J_1,A2LOYALTY,N
9592,J_1,A2DISEASE,N
9592,J_1,A3WEALTH,N
9592,J_1,A3STINGY,N
9592,J_1,A3UNPATRIOTIC,N
9592,J_1,A3CARICATURE,N
9592,J_1,A3VIOLENCE,A
9592,J_1,A3SYNAGOGUE,N
9592,J_1,A3SWASTIKA,N
9592,J_1,A3DISCRIMINATION,N
43209,J_1,A1ESSENTIAL,E
43209,J_1,A2EVIL,E
43209,J_1,A2CONSPIRACY,E
43209,J_1,A2HIDDENPOWER,E
43209,J_1,A2COLLECTIVEAGENDA,E
43209,J_1,A2CONTROLGOV,I
43209,J_1,A2CONTROLBANKS,N
43209,J_1,A2CONTROLMEDIA,N
43209,J_1,A2LOYALTY,I
43209,J_1,A2DISEASE,N
43209,J_1,A3WEALTH,N
43209,J_1,A3STINGY,N
43209,J_1,A3UNPATRIOTIC,N
43209,J_1,A3CARICATURE,N
43209,J_1,A3VIOLENCE,I
43209,J_1,A3SYNAGOGUE,N
43209,J_1,A3SWASTIKA,N
43209,J_1,A3DISCRIMINATION,N
30046,J_1,A1ESSENTIAL,N
30046,J_1,A2EVIL,N
30046,J_1,A2CONSPIRACY,N
30046,J_1,A2HIDDENPOWER,N
30046,J_1,A2COLLECTIVEAGENDA,N
30046,J_1,A2CONTROLGOV,N
30046,J_1,A2CONTROLBANKS,N
30046,J_1,A2CONTROLMEDIA,N
30046,J_1,A2LOYALTY,N
30046,J_1,A2DISEASE,N
30046,J_1,A3WEALTH,N
30046,J_1,A3STINGY,N
30046,J_1,A3UNPATRIOTIC,N
30046,J_1,A3CARICATURE,N
30046,J_1,A3VIOLENCE,N
30046,J_1,A3SYNAGOGUE,N
30046,J_1,A3SWASTIKA,N
30046,J_1,A3DISCRIMINATION,N
44319,J_1,A1ESSENTIAL,N
44319,J_1,A2EVIL,N
44319,J_1,A2CONSPIRACY,N
44319,J_1,A2HIDDENPOWER,N
44319,J_1,A2COLLECTIVEAGENDA,N
44319,J_1,A2CONTROLGOV,N
44319,J_1,A2CONTROLBANKS,N
44319,J_1,A2CONTROLMEDIA,N
44319,J_1,A2LOYALTY,N
44319,J_1,A2DISEASE,N
44319,J_1,A3WEALTH,N
44319,J_1,A3STINGY,N
44319,J_1,A3UNPATRIOTIC,N
44319,J_1,A3CARICATURE,N
44319,J_1,A3VIOLENCE,N
44319,J_1,A3SYNAGOGUE,N
44319,J_1,A3SWASTIKA,N
44319,J_1,A3DISCRIMINATION,N
22169,J_1,A1ESSENTIAL,N
22169,J_1,A2EVIL,N
22169,J_1,A2CONSPIRACY,N
22169,J_1,A2HIDDENPOWER,N
22169,J_1,A2COLLECTIVEAGENDA,N
22169,J_1,A2CONTROLGOV,N
22169,J_1,A2CONTROLBANKS,N
22169,J_1,A2CONTROLMEDIA,N
22169,J_1,A2LOYALTY,N
22169,J_1,A2DISEASE,N
22169,J_1,A3WEALTH,N
22169,J_1,A3STINGY,N
22169,J_1,A3UNPATRIOTIC,N
22169,J_1,A3CARICATURE,N
22169,J_1,A3VIOLENCE,N
22169,J_1,A3SYNAGOGUE,N
22169,J_1,A3SWASTIKA,N
22169,J_1,A3DISCRIMINATION,N
20452,J_1,A1ESSENTIAL,N
20452,J_1,A2EVIL,N
20452,J_1,A2CONSPIRACY,N
20452,J_1,A2HIDDENPOWER,N
20452,J_1,A2COLLECTIVEAGENDA,N
20452,J_1,A2CONTROLGOV,N
20452,J_1,A2CONTROLBANKS,N
20452,J_1,A2CONTROLMEDIA,N
20452,J_1,A2LOYALTY,N
20452,J_1,A2DISEASE,N
20452,J_1,A3WEALTH,N
20452,J_1,A3STINGY,N
20452,J_1,A3UNPATRIOTIC,N
20452,J_1,A3CARICATURE,N
20452,J_1,A3VIOLENCE,N
20452,J_1,A3SYNAGOGUE,N
20452,J_1,A3SWASTIKA,N
20452,J_1,A3DISCRIMINATION,N
16772,J_1,A1ESSENTIAL,N
16772,J_1,A2EVIL,N
16772,J_1,A2CONSPIRACY,N
16772,J_1,A2HIDDENPOWER,N
16772,J_1,A2COLLECTIVEAGENDA,N
16772,J_1,A2CONTROLGOV,N
16772,J_1,A2CONTROLBANKS,N
16772,J_1,A2CONTROLMEDIA,N
16772,J_1,A2LOYALTY,N
16772,J_1,A2DISEASE,N
16772,J_1,A3WEALTH,N
16772,J_1,A3STINGY,N
16772,J_1,A3UNPATRIOTIC,N
16772,J_1,A3CARICATURE,N
16772,J_1,A3VIOLENCE,N
16772,J_1,A3SYNAGOGUE,N
16772,J_1,A3SWASTIKA,N
16772,J_1,A3DISCRIMINATION,N
41593,J_1,A1ESSENTIAL,N
41593,J_1,A2EVIL,N
41593,J_1,A2CONSPIRACY,N
41593,J_1,A2HIDDENPOWER,N
41593,J_1,A2COLLECTIVEAGENDA,N
41593,J_1,A2CONTROLGOV,N
41593,J_1,A2CONTROLBANKS,N
41593,J_1,A2CONTROLMEDIA,N
41593,J_1,A2LOYALTY,N
41593,J_1,A2DISEASE,N
41593,J_1,A3WEALTH,N
41593,J_1,A3STINGY,N
41593,J_1,A3UNPATRIOTIC,N
41593,J_1,A3CARICATURE,N
41593,J_1,A3VIOLENCE,N
41593,J_1,A3SYNAGOGUE,N
41593,J_1,A3SWASTIKA,N
41593,J_1,A3DISCRIMINATION,N
16556,J_1,A1ESSENTIAL,N
16556,J_1,A2EVIL,N
16556,J_1,A2CONSPIRACY,N
16556,J_1,A2HIDDENPOWER,N
16556,J_1,A2COLLECTIVEAGENDA,N
16556,J_1,A2CONTROLGOV,N
16556,J_1,A2CONTROLBANKS,N
16556,J_1,A2CONTROLMEDIA,N
16556,J_1,A2LOYALTY,N
16556,J_1,A2DISEASE,N
16556,J_1,A3WEALTH,N
16556,J_1,A3STINGY,N
16556,J_1,A3UNPATRIOTIC,N
16556,J_1,A3CARICATURE,N
16556,J_1,A3VIOLENCE,N
16556,J_1,A3SYNAGOGUE,N
16556,J_1,A3SWASTIKA,N
16556,J_1,A3DISCRIMINATION,N
6389,J_1,A1ESSENTIAL,N
6389,J_1,A2EVIL,N
6389,J_1,A2CONSPIRACY,N
6389,J_1,A2HIDDENPOWER,N
6389,J_1,A2COLLECTIVEAGENDA,N
6389,J_1,A2CONTROLGOV,N
6389,J_1,A2CONTROLBANKS,N
6389,J_1,A2CONTROLMEDIA,N
6389,J_1,A2LOYALTY,N
6389,J_1,A2DISEASE,N
6389,J_1,A3WEALTH,N
6389,J_1,A3STINGY,N
6389,J_1,A3UNPATRIOTIC,N
6389,J_1,A3CARICATURE,N
6389,J_1,A3VIOLENCE,N
6389,J_1,A3SYNAGOGUE,N
6389,J_1,A3SWASTIKA,N
6389,J_1,A3DISCRIMINATION,N
9552,J_1,A1ESSENTIAL,I
9552,J_1,A2EVIL,I
9552,J_1,A2CONSPIRACY,N
9552,J_1,A2HIDDENPOWER,N
9552,J_1,A2COLLECTIVEAGENDA,N
9552,J_1,A2CONTROLGOV,N
9552,J_1,A2CONTROLBANKS,N
9552,J_1,A2CONTROLMEDIA,N
9552,J_1,A2LOYALTY,N
9552,J_1,A2DISEASE,N
9552,J_1,A3WEALTH,N
9552,J_1,A3STINGY,N
9552,J_1,A3UNPATRIOTIC,N
9552,J_1,A3CARICATURE,N
9552,J_1,A3VIOLENCE,N
9552,J_1,A3SYNAGOGUE,N
9552,J_1,A3SWASTIKA,N
9552,J_1,A3DISCRIMINATION,N
41554,J_1,A1ESSENTIAL,N
41554,J_1,A2EVIL,N
41554,J_1,A2CONSPIRACY,N
41554,J_1,A2HIDDENPOWER,N
41554,J_1,A2COLLECTIVEAGENDA,N
41554,J_1,A2CONTROLGOV,N
41554,J_1,A2CONTROLBANKS,N
41554,J_1,A2CONTROLMEDIA,N
41554,J_1,A2LOYALTY,N
41554,J_1,A2DISEASE,N
41554,J_1,A3WEALTH,N
41554,J_1,A3STINGY,N
41554,J_1,A3UNPATRIOTIC,N
41554,J_1,A3CARICATURE,N
41554,J_1,A3VIOLENCE,N
41554,J_1,A3SYNAGOGUE,N
41554,J_1,A3SWASTIKA,N
41554,J_1,A3DISCRIMINATION,N
5140,J_1,A1ESSENTIAL,A
5140,J_1,A2EVIL,N
5140,J_1,A2CONSPIRACY,N
5140,J_1,A2HIDDENPOWER,N
5140,J_1,A2COLLECTIVEAGENDA,N
5140,J_1,A2CONTROLGOV,N
5140,J_1,A2CONTROLBANKS,N
5140,J_1,A2CONTROLMEDIA,N
5140,J_1,A2LOYALTY,N
5140,J_1,A2DISEASE,N
5140,J_1,A3WEALTH,N
5140,J_1,A3STINGY,N
5140,J_1,A3UNPATRIOTIC,N
5140,J_1,A3CARICATURE,N
5140,J_1,A3VIOLENCE,I
5140,J_1,A3SYNAGOGUE,N
5140,J_1,A3SWASTIKA,N
5140,J_1,A3DISCRIMINATION,N
17969,J_1,A1ESSENTIAL,A
17969,J_1,A2EVIL,A
17969,J_1,A2CONSPIRACY,N
17969,J_1,A2HIDDENPOWER,N
17969,J_1,A2COLLECTIVEAGENDA,N
17969,J_1,A2CONTROLGOV,N
17969,J_1,A2CONTROLBANKS,N
17969,J_1,A2CONTROLMEDIA,N
17969,J_1,A2LOYALTY,N
17969,J_1,A2DISEASE,N
17969,J_1,A3WEALTH,N
17969,J_1,A3STINGY,N
17969,J_1,A3UNPATRIOTIC,N
17969,J_1,A3CARICATURE,N
17969,J_1,A3VIOLENCE,N
17969,J_1,A3SYNAGOGUE,N
17969,J_1,A3SWASTIKA,N
17969,J_1,A3DISCRIMINATION,N
44681,J_1,A1ESSENTIAL,N
44681,J_1,A2EVIL,N
44681,J_1,A2CONSPIRACY,N
44681,J_1,A2HIDDENPOWER,N
44681,J_1,A2COLLECTIVEAGENDA,N
44681,J_1,A2CONTROLGOV,N
44681,J_1,A2CONTROLBANKS,N
44681,J_1,A2CONTROLMEDIA,N
44681,J_1,A2LOYALTY,N
44681,J_1,A2DISEASE,N
44681,J_1,A3WEALTH,N
44681,J_1,A3STINGY,N
44681,J_1,A3UNPATRIOTIC,N
44681,J_1,A3CARICATURE,N
44681,J_1,A3VIOLENCE,N
44681,J_1,A3SYNAGOGUE,N
44681,J_1,A3SWASTIKA,N
44681,J_1,A3DISCRIMINATION,N
23854,J_1,A1ESSENTIAL,N
23854,J_1,A2EVIL,N
23854,J_1,A2CONSPIRACY,N
23854,J_1,A2HIDDENPOWER,N
23854,J_1,A2COLLECTIVEAGENDA,N
23854,J_1,A2CONTROLGOV,N
23854,J_1,A2CONTROLBANKS,N
23854,J_1,A2CONTROLMEDIA,N
23854,J_1,A2LOYALTY,N
23854,J_1,A2DISEASE,N
23854,J_1,A3WEALTH,N
23854,J_1,A3STINGY,N
23854,J_1,A3UNPATRIOTIC,N
23854,J_1,A3CARICATURE,N
23854,J_1,A3VIOLENCE,N
23854,J_1,A3SYNAGOGUE,N
23854,J_1,A3SWASTIKA,N
23854,J_1,A3DISCRIMINATION,N
10158,J_1,A1ESSENTIAL,N
10158,J_1,A2EVIL,N
10158,J_1,A2CONSPIRACY,N
10158,J_1,A2HIDDENPOWER,N
10158,J_1,A2COLLECTIVEAGENDA,N
10158,J_1,A2CONTROLGOV,N
10158,J_1,A2CONTROLBANKS,N
10158,J_1,A2CONTROLMEDIA,N
10158,J_1,A2LOYALTY,N
10158,J_1,A2DISEASE,N
10158,J_1,A3WEALTH,N
10158,J_1,A3STINGY,N
10158,J_1,A3UNPATRIOTIC,N
10158,J_1,A3CARICATURE,N
10158,J_1,A3VIOLENCE,N
10158,J_1,A3SYNAGOGUE,N
10158,J_1,A3SWASTIKA,N
10158,J_1,A3DISCRIMINATION,N
37498,J_1,A1ESSENTIAL,N
37498,J_1,A2EVIL,N
37498,J_1,A2CONSPIRACY,N
37498,J_1,A2HIDDENPOWER,N
37498,J_1,A2COLLECTIVEAGENDA,N
37498,J_1,A2CONTROLGOV,N
37498,J_1,A2CONTROLBANKS,N
37498,J_1,A2CONTROLMEDIA,N
37498,J_1,A2LOYALTY,N
37498,J_1,A2DISEASE,N
37498,J_1,A3WEALTH,N
37498,J_1,A3STINGY,N
37498,J_1,A3UNPATRIOTIC,N
37498,J_1,A3CARICATURE,N
37498,J_1,A3VIOLENCE,N
37498,J_1,A3SYNAGOGUE,N
37498,J_1,A3SWASTIKA,N
37498,J_1,A3DISCRIMINATION,N
12031,J_1,A1ESSENTIAL,N
12031,J_1,A2EVIL,N
12031,J_1,A2CONSPIRACY,N
12031,J_1,A2HIDDENPOWER,N
12031,J_1,A2COLLECTIVEAGENDA,N
12031,J_1,A2CONTROLGOV,N
12031,J_1,A2CONTROLBANKS,N
12031,J_1,A2CONTROLMEDIA,N
12031,J_1,A2LOYALTY,N
12031,J_1,A2DISEASE,N
12031,J_1,A3WEALTH,N
12031,J_1,A3STINGY,N
12031,J_1,A3UNPATRIOTIC,N
12031,J_1,A3CARICATURE,N
12031,J_1,A3VIOLENCE,N
12031,J_1,A3SYNAGOGUE,N
12031,J_1,A3SWASTIKA,N
12031,J_1,A3DISCRIMINATION,N
4389,J_1,A1ESSENTIAL,N
4389,J_1,A2EVIL,N
4389,J_1,A2CONSPIRACY,N
4389,J_1,A2HIDDENPOWER,N
4389,J_1,A2COLLECTIVEAGENDA,N
4389,J_1,A2CONTROLGOV,N
4389,J_1,A2CONTROLBANKS,N
4389,J_1,A2CONTROLMEDIA,N
4389,J_1,A2LOYALTY,N
4389,J_1,A2DISEASE,N
4389,J_1,A3WEALTH,N
4389,J_1,A3STINGY,N
4389,J_1,A3UNPATRIOTIC,N
4389,J_1,A3CARICATURE,N
4389,J_1,A3VIOLENCE,N
4389,J_1,A3SYNAGOGUE,N
4389,J_1,A3SWASTIKA,N
4389,J_1,A3DISCRIMINATION,N
47084,J_1,A1ESSENTIAL,E
47084,J_1,A2EVIL,E
47084,J_1,A2CONSPIRACY,N
47084,J_1,A2HIDDENPOWER,N
47084,J_1,A2COLLECTIVEAGENDA,N
47084,J_1,A2CONTROLGOV,N
47084,J_1,A2CONTROLBANKS,N
47084,J_1,A2CONTROLMEDIA,N
47084,J_1,A2LOYALTY,N
47084,J_1,A2DISEASE,N
47084,J_1,A3WEALTH,N
47084,J_1,A3STINGY,N
47084,J_1,A3UNPATRIOTIC,N
47084,J_1,A3CARICATURE,N
47084,J_1,A3VIOLENCE,N
47084,J_1,A3SYNAGOGUE,N
47084,J_1,A3SWASTIKA,N
47084,J_1,A3DISCRIMINATION,N
24667,J_1,A1ESSENTIAL,N
24667,J_1,A2EVIL,N
24667,J_1,A2CONSPIRACY,N
24667,J_1,A2HIDDENPOWER,N
24667,J_1,A2COLLECTIVEAGENDA,N
24667,J_1,A2CONTROLGOV,N
24667,J_1,A2CONTROLBANKS,N
24667,J_1,A2CONTROLMEDIA,N
24667,J_1,A2LOYALTY,N
24667,J_1,A2DISEASE,N
24667,J_1,A3WEALTH,N
24667,J_1,A3STINGY,N
24667,J_1,A3UNPATRIOTIC,N
24667,J_1,A3CARICATURE,N
24667,J_1,A3VIOLENCE,N
24667,J_1,A3SYNAGOGUE,N
24667,J_1,A3SWASTIKA,N
24667,J_1,A3DISCRIMINATION,N
8897,J_1,A1ESSENTIAL,N
8897,J_1,A2EVIL,N
8897,J_1,A2CONSPIRACY,N
8897,J_1,A2HIDDENPOWER,N
8897,J_1,A2COLLECTIVEAGENDA,N
8897,J_1,A2CONTROLGOV,N
8897,J_1,A2CONTROLBANKS,N
8897,J_1,A2CONTROLMEDIA,N
8897,J_1,A2LOYALTY,N
8897,J_1,A2DISEASE,N
8897,J_1,A3WEALTH,N
8897,J_1,A3STINGY,N
8897,J_1,A3UNPATRIOTIC,N
8897,J_1,A3CARICATURE,N
8897,J_1,A3VIOLENCE,N
8897,J_1,A3SYNAGOGUE,N
8897,J_1,A3SWASTIKA,N
8897,J_1,A3DISCRIMINATION,N
40464,J_1,A1ESSENTIAL,N
40464,J_1,A2EVIL,A
40464,J_1,A2CONSPIRACY,I
40464,J_1,A2HIDDENPOWER,I
40464,J_1,A2COLLECTIVEAGENDA,I
40464,J_1,A2CONTROLGOV,A
40464,J_1,A2CONTROLBANKS,N
40464,J_1,A2CONTROLMEDIA,N
40464,J_1,A2LOYALTY,N
40464,J_1,A2DISEASE,N
40464,J_1,A3WEALTH,N
40464,J_1,A3STINGY,N
40464,J_1,A3UNPATRIOTIC,N
40464,J_1,A3CARICATURE,N
40464,J_1,A3VIOLENCE,N
40464,J_1,A3SYNAGOGUE,N
40464,J_1,A3SWASTIKA,N
40464,J_1,A3DISCRIMINATION,N
10925,J_1,A1ESSENTIAL,N
10925,J_1,A2EVIL,N
10925,J_1,A2CONSPIRACY,N
10925,J_1,A2HIDDENPOWER,N
10925,J_1,A2COLLECTIVEAGENDA,N
10925,J_1,A2CONTROLGOV,N
10925,J_1,A2CONTROLBANKS,N
10925,J_1,A2CONTROLMEDIA,N
10925,J_1,A2LOYALTY,N
10925,J_1,A2DISEASE,N
10925,J_1,A3WEALTH,N
10925,J_1,A3STINGY,N
10925,J_1,A3UNPATRIOTIC,N
10925,J_1,A3CARICATURE,N
10925,J_1,A3VIOLENCE,N
10925,J_1,A3SYNAGOGUE,N
10925,J_1,A3SWASTIKA,N
10925,J_1,A3DISCRIMINATION,N
40914,J_1,A1ESSENTIAL,N
40914,J_1,A2EVIL,N
40914,J_1,A2CONSPIRACY,N
40914,J_1,A2HIDDENPOWER,N
40914,J_1,A2COLLECTIVEAGENDA,N
40914,J_1,A2CONTROLGOV,N
40914,J_1,A2CONTROLBANKS,N
40914,J_1,A2CONTROLMEDIA,N
40914,J_1,A2LOYALTY,N
40914,J_1,A2DISEASE,N
40914,J_1,A3WEALTH,N
40914,J_1,A3STINGY,N
40914,J_1,A3UNPATRIOTIC,N
40914,J_1,A3CARICATURE,N
40914,J_1,A3VIOLENCE,N
40914,J_1,A3SYNAGOGUE,N
40914,J_1,A3SWASTIKA,N
40914,J_1,A3DISCRIMINATION,N
24040,J_1,A1ESSENTIAL,N
24040,J_1,A2EVIL,N
24040,J_1,A2CONSPIRACY,N
24040,J_1,A2HIDDENPOWER,N
24040,J_1,A2COLLECTIVEAGENDA,N
24040,J_1,A2CONTROLGOV,N
24040,J_1,A2CONTROLBANKS,N
24040,J_1,A2CONTROLMEDIA,N
24040,J_1,A2LOYALTY,N
24040,J_1,A2DISEASE,N
24040,J_1,A3WEALTH,N
24040,J_1,A3STINGY,N
24040,J_1,A3UNPATRIOTIC,N
24040,J_1,A3CARICATURE,N
24040,J_1,A3VIOLENCE,N
24040,J_1,A3SYNAGOGUE,N
24040,J_1,A3SWASTIKA,N
24040,J_1,A3DISCRIMINATION,N
44955,J_1,A1ESSENTIAL,N
44955,J_1,A2EVIL,N
44955,J_1,A2CONSPIRACY,N
44955,J_1,A2HIDDENPOWER,N
44955,J_1,A2COLLECTIVEAGENDA,N
44955,J_1,A2CONTROLGOV,N
44955,J_1,A2CONTROLBANKS,N
44955,J_1,A2CONTROLMEDIA,N
44955,J_1,A2LOYALTY,N
44955,J_1,A2DISEASE,N
44955,J_1,A3WEALTH,N
44955,J_1,A3STINGY,N
44955,J_1,A3UNPATRIOTIC,N
44955,J_1,A3CARICATURE,N
44955,J_1,A3VIOLENCE,N
44955,J_1,A3SYNAGOGUE,N
44955,J_1,A3SWASTIKA,N
44955,J_1,A3DISCRIMINATION,N
38937,J_1,A1ESSENTIAL,N
38937,J_1,A2EVIL,N
38937,J_1,A2CONSPIRACY,N
38937,J_1,A2HIDDENPOWER,N
38937,J_1,A2COLLECTIVEAGENDA,N
38937,J_1,A2CONTROLGOV,N
38937,J_1,A2CONTROLBANKS,N
38937,J_1,A2CONTROLMEDIA,N
38937,J_1,A2LOYALTY,N
38937,J_1,A2DISEASE,N
38937,J_1,A3WEALTH,N
38937,J_1,A3STINGY,N
38937,J_1,A3UNPATRIOTIC,N
38937,J_1,A3CARICATURE,N
38937,J_1,A3VIOLENCE,N
38937,J_1,A3SYNAGOGUE,N
38937,J_1,A3SWASTIKA,N
38937,J_1,A3DISCRIMINATION,N
15049,J_1,A1ESSENTIAL,E
15049,J_1,A2EVIL,E
15049,J_1,A2CONSPIRACY,N
15049,J_1,A2HIDDENPOWER,N
15049,J_1,A2COLLECTIVEAGENDA,I
15049,J_1,A2CONTROLGOV,N
15049,J_1,A2CONTROLBANKS,I
15049,J_1,A2CONTROLMEDIA,N
15049,J_1,A2LOYALTY,N
15049,J_1,A2DISEASE,N
15049,J_1,A3WEALTH,N
15049,J_1,A3STINGY,N
15049,J_1,A3UNPATRIOTIC,N
15049,J_1,A3CARICATURE,N
15049,J_1,A3VIOLENCE,N
15049,J_1,A3SYNAGOGUE,N
15049,J_1,A3SWASTIKA,N
15049,J_1,A3DISCRIMINATION,N
13368,J_1,A1ESSENTIAL,N
13368,J_1,A2EVIL,N
13368,J_1,A2CONSPIRACY,N
13368,J_1,A2HIDDENPOWER,N
13368,J_1,A2COLLECTIVEAGENDA,N
13368,J_1,A2CONTROLGOV,N
13368,J_1,A2CONTROLBANKS,N
13368,J_1,A2CONTROLMEDIA,N
13368,J_1,A2LOYALTY,N
13368,J_1,A2DISEASE,N
13368,J_1,A3WEALTH,N
13368,J_1,A3STINGY,N
13368,J_1,A3UNPATRIOTIC,N
13368,J_1,A3CARICATURE,N
13368,J_1,A3VIOLENCE,N
13368,J_1,A3SYNAGOGUE,N
13368,J_1,A3SWASTIKA,N
13368,J_1,A3DISCRIMINATION,N
1647,J_1,A1ESSENTIAL,E
1647,J_1,A2EVIL,N
1647,J_1,A2CONSPIRACY,N
1647,J_1,A2HIDDENPOWER,N
1647,J_1,A2COLLECTIVEAGENDA,N
1647,J_1,A2CONTROLGOV,N
1647,J_1,A2CONTROLBANKS,N
1647,J_1,A2CONTROLMEDIA,N
1647,J_1,A2LOYALTY,N
1647,J_1,A2DISEASE,N
1647,J_1,A3WEALTH,N
1647,J_1,A3STINGY,N
1647,J_1,A3UNPATRIOTIC,N
1647,J_1,A3CARICATURE,N
1647,J_1,A3VIOLENCE,N
1647,J_1,A3SYNAGOGUE,N
1647,J_1,A3SWASTIKA,N
1647,J_1,A3DISCRIMINATION,N
49984,J_1,A1ESSENTIAL,E
49984,J_1,A2EVIL,N
49984,J_1,A2CONSPIRACY,N
49984,J_1,A2HIDDENPOWER,N
49984,J_1,A2COLLECTIVEAGENDA,N
49984,J_1,A2CONTROLGOV,N
49984,J_1,A2CONTROLBANKS,N
49984,J_1,A2CONTROLMEDIA,N
49984,J_1,A2LOYALTY,N
49984,J_1,A2DISEASE,N
49984,J_1,A3WEALTH,N
49984,J_1,A3STINGY,N
49984,J_1,A3UNPATRIOTIC,N
49984,J_1,A3CARICATURE,N
49984,J_1,A3VIOLENCE,N
49984,J_1,A3SYNAGOGUE,N
49984,J_1,A3SWASTIKA,N
49984,J_1,A3DISCRIMINATION,N
20055,J_1,A1ESSENTIAL,N
20055,J_1,A2EVIL,N
20055,J_1,A2CONSPIRACY,N
20055,J_1,A2HIDDENPOWER,N
20055,J_1,A2COLLECTIVEAGENDA,N
20055,J_1,A2CONTROLGOV,N
20055,J_1,A2CONTROLBANKS,N
20055,J_1,A2CONTROLMEDIA,N
20055,J_1,A2LOYALTY,N
20055,J_1,A2DISEASE,N
20055,J_1,A3WEALTH,N
20055,J_1,A3STINGY,N
20055,J_1,A3UNPATRIOTIC,N
20055,J_1,A3CARICATURE,N
20055,J_1,A3VIOLENCE,N
20055,J_1,A3SYNAGOGUE,N
20055,J_1,A3SWASTIKA,N
20055,J_1,A3DISCRIMINATION,N
23489,J_1,A1ESSENTIAL,N
23489,J_1,A2EVIL,N
23489,J_1,A2CONSPIRACY,N
23489,J_1,A2HIDDENPOWER,N
23489,J_1,A2COLLECTIVEAGENDA,N
23489,J_1,A2CONTROLGOV,N
23489,J_1,A2CONTROLBANKS,N
23489,J_1,A2CONTROLMEDIA,N
23489,J_1,A2LOYALTY,N
23489,J_1,A2DISEASE,N
23489,J_1,A3WEALTH,N
23489,J_1,A3STINGY,N
23489,J_1,A3UNPATRIOTIC,N
23489,J_1,A3CARICATURE,N
23489,J_1,A3VIOLENCE,N
23489,J_1,A3SYNAGOGUE,N
23489,J_1,A3SWASTIKA,N
23489,J_1,A3DISCRIMINATION,N
38123,J_1,A1ESSENTIAL,N
38123,J_1,A2EVIL,N
38123,J_1,A2CONSPIRACY,N
38123,J_1,A2HIDDENPOWER,N
38123,J_1,A2COLLECTIVEAGENDA,N
38123,J_1,A2CONTROLGOV,N
38123,J_1,A2CONTROLBANKS,N
38123,J_1,A2CONTROLMEDIA,N
38123,J_1,A2LOYALTY,N
38123,J_1,A2DISEASE,N
38123,J_1,A3WEALTH,N
38123,J_1,A3STINGY,N
38123,J_1,A3UNPATRIOTIC,N
38123,J_1,A3CARICATURE,N
38123,J_1,A3VIOLENCE,N
38123,J_1,A3SYNAGOGUE,N
38123,J_1,A3SWASTIKA,N
38123,J_1,A3DISCRIMINATION,N
5371,J_1,A1ESSENTIAL,N
5371,J_1,A2EVIL,N
5371,J_1,A2CONSPIRACY,N
5371,J_1,A2HIDDENPOWER,N
5371,J_1,A2COLLECTIVEAGENDA,N
5371,J_1,A2CONTROLGOV,N
5371,J_1,A2CONTROLBANKS,N
5371,J_1,A2CONTROLMEDIA,N
5371,J_1,A2LOYALTY,N
5371,J_1,A2DISEASE,N
5371,J_1,A3WEALTH,N
5371,J_1,A3STINGY,N
5371,J_1,A3UNPATRIOTIC,N
5371,J_1,A3CARICATURE,N
5371,J_1,A3VIOLENCE,N
5371,J_1,A3SYNAGOGUE,N
5371,J_1,A3SWASTIKA,N
5371,J_1,A3DISCRIMINATION,N
32060,J_1,A1ESSENTIAL,N
32060,J_1,A2EVIL,N
32060,J_1,A2CONSPIRACY,N
32060,J_1,A2HIDDENPOWER,N
32060,J_1,A2COLLECTIVEAGENDA,N
32060,J_1,A2CONTROLGOV,N
32060,J_1,A2CONTROLBANKS,N
32060,J_1,A2CONTROLMEDIA,N
32060,J_1,A2LOYALTY,N
32060,J_1,A2DISEASE,N
32060,J_1,A3WEALTH,N
32060,J_1,A3STINGY,N
32060,J_1,A3UNPATRIOTIC,N
32060,J_1,A3CARICATURE,N
32060,J_1,A3VIOLENCE,N
32060,J_1,A3SYNAGOGUE,N
32060,J_1,A3SWASTIKA,N
32060,J_1,A3DISCRIMINATION,N
14248,J_1,A1ESSENTIAL,N
14248,J_1,A2EVIL,N
14248,J_1,A2CONSPIRACY,N
14248,J_1,A2HIDDENPOWER,N
14248,J_1,A2COLLECTIVEAGENDA,N
14248,J_1,A2CONTROLGOV,N
14248,J_1,A2CONTROLBANKS,N
14248,J_1,A2CONTROLMEDIA,N
14248,J_1,A2LOYALTY,N
14248,J_1,A2DISEASE,N
14248,J_1,A3WEALTH,N
14248,J_1,A3STINGY,N
14248,J_1,A3UNPATRIOTIC,N
14248,J_1,A3CARICATURE,N
14248,J_1,A3VIOLENCE,N
14248,J_1,A3SYNAGOGUE,N
14248,J_1,A3SWASTIKA,N
14248,J_1,A3DISCRIMINATION,N
1495,J_1,A1ESSENTIAL,N
1495,J_1,A2EVIL,N
1495,J_1,A2CONSPIRACY,N
1495,J_1,A2HIDDENPOWER,N
1495,J_1,A2COLLECTIVEAGENDA,N
1495,J_1,A2CONTROLGOV,N
1495,J_1,A2CONTROLBANKS,N
1495,J_1,A2CONTROLMEDIA,N
1495,J_1,A2LOYALTY,N
1495,J_1,A2DISEASE,N
1495,J_1,A3WEALTH,N
1495,J_1,A3STINGY,N
1495,J_1,A3UNPATRIOTIC,N
1495,J_1,A3CARICATURE,N
1495,J_1,A3VIOLENCE,N
1495,J_1,A3SYNAGOGUE,N
1495,J_1,A3SWASTIKA,N
1495,J_1,A3DISCRIMINATION,N
20594,J_1,A1ESSENTIAL,I
20594,J_1,A2EVIL,I
20594,J_1,A2CONSPIRACY,N
20594,J_1,A2HIDDENPOWER,N
20594,J_1,A2COLLECTIVEAGENDA,I
20594,J_1,A2CONTROLGOV,N
20594,J_1,A2CONTROLBANKS,N
20594,J_1,A2CONTROLMEDIA,N
20594,J_1,A2LOYALTY,N
20594,J_1,A2DISEASE,N
20594,J_1,A3WEALTH,N
20594,J_1,A3STINGY,N
20594,J_1,A3UNPATRIOTIC,N
20594,J_1,A3CARICATURE,N
20594,J_1,A3VIOLENCE,N
20594,J_1,A3SYNAGOGUE,N
20594,J_1,A3SWASTIKA,N
20594,J_1,A3DISCRIMINATION,N
6354,J_1,A1ESSENTIAL,N
6354,J_1,A2EVIL,N
6354,J_1,A2CONSPIRACY,N
6354,J_1,A2HIDDENPOWER,N
6354,J_1,A2COLLECTIVEAGENDA,N
6354,J_1,A2CONTROLGOV,N
6354,J_1,A2CONTROLBANKS,N
6354,J_1,A2CONTROLMEDIA,N
6354,J_1,A2LOYALTY,N
6354,J_1,A2DISEASE,N
6354,J_1,A3WEALTH,N
6354,J_1,A3STINGY,N
6354,J_1,A3UNPATRIOTIC,N
6354,J_1,A3CARICATURE,N
6354,J_1,A3VIOLENCE,N
6354,J_1,A3SYNAGOGUE,N
6354,J_1,A3SWASTIKA,N
6354,J_1,A3DISCRIMINATION,N
43549,J_1,A1ESSENTIAL,N
43549,J_1,A2EVIL,N
43549,J_1,A2CONSPIRACY,N
43549,J_1,A2HIDDENPOWER,N
43549,J_1,A2COLLECTIVEAGENDA,N
43549,J_1,A2CONTROLGOV,N
43549,J_1,A2CONTROLBANKS,N
43549,J_1,A2CONTROLMEDIA,N
43549,J_1,A2LOYALTY,N
43549,J_1,A2DISEASE,N
43549,J_1,A3WEALTH,N
43549,J_1,A3STINGY,N
43549,J_1,A3UNPATRIOTIC,N
43549,J_1,A3CARICATURE,N
43549,J_1,A3VIOLENCE,N
43549,J_1,A3SYNAGOGUE,N
43549,J_1,A3SWASTIKA,N
43549,J_1,A3DISCRIMINATION,N
3522,J_1,A1ESSENTIAL,A
3522,J_1,A2EVIL,N
3522,J_1,A2CONSPIRACY,N
3522,J_1,A2HIDDENPOWER,N
3522,J_1,A2COLLECTIVEAGENDA,N
3522,J_1,A2CONTROLGOV,N
3522,J_1,A2CONTROLBANKS,N
3522,J_1,A2CONTROLMEDIA,N
3522,J_1,A2LOYALTY,N
3522,J_1,A2DISEASE,N
3522,J_1,A3WEALTH,N
3522,J_1,A3STINGY,N
3522,J_1,A3UNPATRIOTIC,N
3522,J_1,A3CARICATURE,N
3522,J_1,A3VIOLENCE,N
3522,J_1,A3SYNAGOGUE,N
3522,J_1,A3SWASTIKA,N
3522,J_1,A3DISCRIMINATION,N
16764,J_1,A1ESSENTIAL,E
16764,J_1,A2EVIL,I
16764,J_1,A2CONSPIRACY,I
16764,J_1,A2HIDDENPOWER,I
16764,J_1,A2COLLECTIVEAGENDA,I
16764,J_1,A2CONTROLGOV,N
16764,J_1,A2CONTROLBANKS,N
16764,J_1,A2CONTROLMEDIA,N
16764,J_1,A2LOYALTY,I
16764,J_1,A2DISEASE,N
16764,J_1,A3WEALTH,N
16764,J_1,A3STINGY,N
16764,J_1,A3UNPATRIOTIC,N
16764,J_1,A3CARICATURE,E
16764,J_1,A3VIOLENCE,N
16764,J_1,A3SYNAGOGUE,N
16764,J_1,A3SWASTIKA,N
16764,J_1,A3DISCRIMINATION,N
9252,J_1,A1ESSENTIAL,I
9252,J_1,A2EVIL,N
9252,J_1,A2CONSPIRACY,N
9252,J_1,A2HIDDENPOWER,N
9252,J_1,A2COLLECTIVEAGENDA,N
9252,J_1,A2CONTROLGOV,N
9252,J_1,A2CONTROLBANKS,N
9252,J_1,A2CONTROLMEDIA,N
9252,J_1,A2LOYALTY,N
9252,J_1,A2DISEASE,N
9252,J_1,A3WEALTH,N
9252,J_1,A3STINGY,N
9252,J_1,A3UNPATRIOTIC,N
9252,J_1,A3CARICATURE,N
9252,J_1,A3VIOLENCE,N
9252,J_1,A3SYNAGOGUE,N
9252,J_1,A3SWASTIKA,N
9252,J_1,A3DISCRIMINATION,N
23613,J_1,A1ESSENTIAL,N
23613,J_1,A2EVIL,N
23613,J_1,A2CONSPIRACY,N
23613,J_1,A2HIDDENPOWER,N
23613,J_1,A2COLLECTIVEAGENDA,N
23613,J_1,A2CONTROLGOV,N
23613,J_1,A2CONTROLBANKS,N
23613,J_1,A2CONTROLMEDIA,N
23613,J_1,A2LOYALTY,N
23613,J_1,A2DISEASE,N
23613,J_1,A3WEALTH,N
23613,J_1,A3STINGY,N
23613,J_1,A3UNPATRIOTIC,N
23613,J_1,A3CARICATURE,N
23613,J_1,A3VIOLENCE,N
23613,J_1,A3SYNAGOGUE,N
23613,J_1,A3SWASTIKA,N
23613,J_1,A3DISCRIMINATION,N
13683,J_1,A1ESSENTIAL,N
13683,J_1,A2EVIL,N
13683,J_1,A2CONSPIRACY,N
13683,J_1,A2HIDDENPOWER,N
13683,J_1,A2COLLECTIVEAGENDA,N
13683,J_1,A2CONTROLGOV,N
13683,J_1,A2CONTROLBANKS,N
13683,J_1,A2CONTROLMEDIA,N
13683,J_1,A2LOYALTY,N
13683,J_1,A2DISEASE,N
13683,J_1,A3WEALTH,N
13683,J_1,A3STINGY,N
13683,J_1,A3UNPATRIOTIC,N
13683,J_1,A3CARICATURE,N
13683,J_1,A3VIOLENCE,N
13683,J_1,A3SYNAGOGUE,N
13683,J_1,A3SWASTIKA,N
13683,J_1,A3DISCRIMINATION,N
7745,J_1,A1ESSENTIAL,N
7745,J_1,A2EVIL,N
7745,J_1,A2CONSPIRACY,N
7745,J_1,A2HIDDENPOWER,N
7745,J_1,A2COLLECTIVEAGENDA,N
7745,J_1,A2CONTROLGOV,N
7745,J_1,A2CONTROLBANKS,N
7745,J_1,A2CONTROLMEDIA,N
7745,J_1,A2LOYALTY,N
7745,J_1,A2DISEASE,N
7745,J_1,A3WEALTH,N
7745,J_1,A3STINGY,N
7745,J_1,A3UNPATRIOTIC,N
7745,J_1,A3CARICATURE,N
7745,J_1,A3VIOLENCE,N
7745,J_1,A3SYNAGOGUE,N
7745,J_1,A3SWASTIKA,N
7745,J_1,A3DISCRIMINATION,N
27200,J_1,A1ESSENTIAL,N
27200,J_1,A2EVIL,N
27200,J_1,A2CONSPIRACY,N
27200,J_1,A2HIDDENPOWER,N
27200,J_1,A2COLLECTIVEAGENDA,N
27200,J_1,A2CONTROLGOV,N
27200,J_1,A2CONTROLBANKS,N
27200,J_1,A2CONTROLMEDIA,N
27200,J_1,A2LOYALTY,N
27200,J_1,A2DISEASE,N
27200,J_1,A3WEALTH,N
27200,J_1,A3STINGY,N
27200,J_1,A3UNPATRIOTIC,N
27200,J_1,A3CARICATURE,N
27200,J_1,A3VIOLENCE,N
27200,J_1,A3SYNAGOGUE,N
27200,J_1,A3SWASTIKA,N
27200,J_1,A3DISCRIMINATION,N
2936,J_1,A1ESSENTIAL,N
2936,J_1,A2EVIL,N
2936,J_1,A2CONSPIRACY,N
2936,J_1,A2HIDDENPOWER,N
2936,J_1,A2COLLECTIVEAGENDA,N
2936,J_1,A2CONTROLGOV,N
2936,J_1,A2CONTROLBANKS,N
2936,J_1,A2CONTROLMEDIA,N
2936,J_1,A2LOYALTY,N
2936,J_1,A2DISEASE,N
2936,J_1,A3WEALTH,N
2936,J_1,A3STINGY,N
2936,J_1,A3UNPATRIOTIC,N
2936,J_1,A3CARICATURE,N
2936,J_1,A3VIOLENCE,N
2936,J_1,A3SYNAGOGUE,N
2936,J_1,A3SWASTIKA,N
2936,J_1,A3DISCRIMINATION,N
48574,J_1,A1ESSENTIAL,A
48574,J_1,A2EVIL,A
48574,J_1,A2CONSPIRACY,N
48574,J_1,A2HIDDENPOWER,N
48574,J_1,A2COLLECTIVEAGENDA,A
48574,J_1,A2CONTROLGOV,N
48574,J_1,A2CONTROLBANKS,N
48574,J_1,A2CONTROLMEDIA,N
48574,J_1,A2LOYALTY,N
48574,J_1,A2DISEASE,N
48574,J_1,A3WEALTH,N
48574,J_1,A3STINGY,N
48574,J_1,A3UNPATRIOTIC,N
48574,J_1,A3CARICATURE,N
48574,J_1,A3VIOLENCE,A
48574,J_1,A3SYNAGOGUE,N
48574,J_1,A3SWASTIKA,N
48574,J_1,A3DISCRIMINATION,N
5154,J_1,A1ESSENTIAL,N
5154,J_1,A2EVIL,N
5154,J_1,A2CONSPIRACY,N
5154,J_1,A2HIDDENPOWER,N
5154,J_1,A2COLLECTIVEAGENDA,N
5154,J_1,A2CONTROLGOV,N
5154,J_1,A2CONTROLBANKS,N
5154,J_1,A2CONTROLMEDIA,N
5154,J_1,A2LOYALTY,N
5154,J_1,A2DISEASE,N
5154,J_1,A3WEALTH,N
5154,J_1,A3STINGY,N
5154,J_1,A3UNPATRIOTIC,N
5154,J_1,A3CARICATURE,N
5154,J_1,A3VIOLENCE,N
5154,J_1,A3SYNAGOGUE,N
5154,J_1,A3SWASTIKA,N
5154,J_1,A3DISCRIMINATION,N
27260,J_1,A1ESSENTIAL,N
27260,J_1,A2EVIL,N
27260,J_1,A2CONSPIRACY,N
27260,J_1,A2HIDDENPOWER,N
27260,J_1,A2COLLECTIVEAGENDA,N
27260,J_1,A2CONTROLGOV,N
27260,J_1,A2CONTROLBANKS,N
27260,J_1,A2CONTROLMEDIA,N
27260,J_1,A2LOYALTY,N
27260,J_1,A2DISEASE,N
27260,J_1,A3WEALTH,N
27260,J_1,A3STINGY,N
27260,J_1,A3UNPATRIOTIC,N
27260,J_1,A3CARICATURE,N
27260,J_1,A3VIOLENCE,N
27260,J_1,A3SYNAGOGUE,N
27260,J_1,A3SWASTIKA,N
27260,J_1,A3DISCRIMINATION,N
14314,J_1,A1ESSENTIAL,N
14314,J_1,A2EVIL,N
14314,J_1,A2CONSPIRACY,N
14314,J_1,A2HIDDENPOWER,N
14314,J_1,A2COLLECTIVEAGENDA,N
14314,J_1,A2CONTROLGOV,N
14314,J_1,A2CONTROLBANKS,N
14314,J_1,A2CONTROLMEDIA,N
14314,J_1,A2LOYALTY,N
14314,J_1,A2DISEASE,N
14314,J_1,A3WEALTH,N
14314,J_1,A3STINGY,N
14314,J_1,A3UNPATRIOTIC,N
14314,J_1,A3CARICATURE,N
14314,J_1,A3VIOLENCE,A
14314,J_1,A3SYNAGOGUE,N
14314,J_1,A3SWASTIKA,N
14314,J_1,A3DISCRIMINATION,N
49632,J_1,A1ESSENTIAL,N
49632,J_1,A2EVIL,E
49632,J_1,A2CONSPIRACY,N
49632,J_1,A2HIDDENPOWER,N
49632,J_1,A2COLLECTIVEAGENDA,N
49632,J_1,A2CONTROLGOV,N
49632,J_1,A2CONTROLBANKS,N
49632,J_1,A2CONTROLMEDIA,N
49632,J_1,A2LOYALTY,N
49632,J_1,A2DISEASE,N
49632,J_1,A3WEALTH,N
49632,J_1,A3STINGY,N
49632,J_1,A3UNPATRIOTIC,N
49632,J_1,A3CARICATURE,N
49632,J_1,A3VIOLENCE,I
49632,J_1,A3SYNAGOGUE,N
49632,J_1,A3SWASTIKA,N
49632,J_1,A3DISCRIMINATION,N
30770,J_1,A1ESSENTIAL,N
30770,J_1,A2EVIL,A
30770,J_1,A2CONSPIRACY,A
30770,J_1,A2HIDDENPOWER,A
30770,J_1,A2COLLECTIVEAGENDA,A
30770,J_1,A2CONTROLGOV,A
30770,J_1,A2CONTROLBANKS,N
30770,J_1,A2CONTROLMEDIA,N
30770,J_1,A2LOYALTY,A
30770,J_1,A2DISEASE,N
30770,J_1,A3WEALTH,N
30770,J_1,A3STINGY,N
30770,J_1,A3UNPATRIOTIC,N
30770,J_1,A3CARICATURE,N
30770,J_1,A3VIOLENCE,N
30770,J_1,A3SYNAGOGUE,N
30770,J_1,A3SWASTIKA,N
30770,J_1,A3DISCRIMINATION,N
47767,J_1,A1ESSENTIAL,N
47767,J_1,A2EVIL,N
47767,J_1,A2CONSPIRACY,N
47767,J_1,A2HIDDENPOWER,N
47767,J_1,A2COLLECTIVEAGENDA,N
47767,J_1,A2CONTROLGOV,N
47767,J_1,A2CONTROLBANKS,N
47767,J_1,A2CONTROLMEDIA,N
47767,J_1,A2LOYALTY,N
47767,J_1,A2DISEASE,N
47767,J_1,A3WEALTH,N
47767,J_1,A3STINGY,N
47767,J_1,A3UNPATRIOTIC,N
47767,J_1,A3CARICATURE,N
47767,J_1,A3VIOLENCE,N
47767,J_1,A3SYNAGOGUE,N
47767,J_1,A3SWASTIKA,N
47767,J_1,A3DISCRIMINATION,N
23994,J_1,A1ESSENTIAL,N
23994,J_1,A2EVIL,N
23994,J_1,A2CONSPIRACY,N
23994,J_1,A2HIDDENPOWER,N
23994,J_1,A2COLLECTIVEAGENDA,N
23994,J_1,A2CONTROLGOV,N
23994,J_1,A2CONTROLBANKS,N
23994,J_1,A2CONTROLMEDIA,N
23994,J_1,A2LOYALTY,N
23994,J_1,A2DISEASE,N
23994,J_1,A3WEALTH,N
23994,J_1,A3STINGY,N
23994,J_1,A3UNPATRIOTIC,N
23994,J_1,A3CARICATURE,N
23994,J_1,A3VIOLENCE,N
23994,J_1,A3SYNAGOGUE,N
23994,J_1,A3SWASTIKA,N
23994,J_1,A3DISCRIMINATION,N
10477,J_1,A1ESSENTIAL,N
10477,J_1,A2EVIL,N
10477,J_1,A2CONSPIRACY,N
10477,J_1,A2HIDDENPOWER,N
10477,J_1,A2COLLECTIVEAGENDA,N
10477,J_1,A2CONTROLGOV,N
10477,J_1,A2CONTROLBANKS,N
10477,J_1,A2CONTROLMEDIA,N
10477,J_1,A2LOYALTY,N
10477,J_1,A2DISEASE,N
10477,J_1,A3WEALTH,N
10477,J_1,A3STINGY,N
10477,J_1,A3UNPATRIOTIC,N
10477,J_1,A3CARICATURE,N
10477,J_1,A3VIOLENCE,N
10477,J_1,A3SYNAGOGUE,N
10477,J_1,A3SWASTIKA,N
10477,J_1,A3DISCRIMINATION,N
21534,J_1,A1ESSENTIAL,N
21534,J_1,A2EVIL,N
21534,J_1,A2CONSPIRACY,N
21534,J_1,A2HIDDENPOWER,N
21534,J_1,A2COLLECTIVEAGENDA,N
21534,J_1,A2CONTROLGOV,N
21534,J_1,A2CONTROLBANKS,N
21534,J_1,A2CONTROLMEDIA,N
21534,J_1,A2LOYALTY,N
21534,J_1,A2DISEASE,N
21534,J_1,A3WEALTH,N
21534,J_1,A3STINGY,N
21534,J_1,A3UNPATRIOTIC,N
21534,J_1,A3CARICATURE,N
21534,J_1,A3VIOLENCE,I
21534,J_1,A3SYNAGOGUE,N
21534,J_1,A3SWASTIKA,N
21534,J_1,A3DISCRIMINATION,N
29788,J_1,A1ESSENTIAL,N
29788,J_1,A2EVIL,N
29788,J_1,A2CONSPIRACY,N
29788,J_1,A2HIDDENPOWER,N
29788,J_1,A2COLLECTIVEAGENDA,N
29788,J_1,A2CONTROLGOV,N
29788,J_1,A2CONTROLBANKS,N
29788,J_1,A2CONTROLMEDIA,N
29788,J_1,A2LOYALTY,N
29788,J_1,A2DISEASE,N
29788,J_1,A3WEALTH,N
29788,J_1,A3STINGY,N
29788,J_1,A3UNPATRIOTIC,N
29788,J_1,A3CARICATURE,N
29788,J_1,A3VIOLENCE,N
29788,J_1,A3SYNAGOGUE,N
29788,J_1,A3SWASTIKA,N
29788,J_1,A3DISCRIMINATION,N
42415,J_1,A1ESSENTIAL,I
42415,J_1,A2EVIL,I
42415,J_1,A2CONSPIRACY,I
42415,J_1,A2HIDDENPOWER,I
42415,J_1,A2COLLECTIVEAGENDA,I
42415,J_1,A2CONTROLGOV,I
42415,J_1,A2CONTROLBANKS,N
42415,J_1,A2CONTROLMEDIA,N
42415,J_1,A2LOYALTY,I
42415,J_1,A2DISEASE,N
42415,J_1,A3WEALTH,N
42415,J_1,A3STINGY,N
42415,J_1,A3UNPATRIOTIC,N
42415,J_1,A3CARICATURE,N
42415,J_1,A3VIOLENCE,N
42415,J_1,A3SYNAGOGUE,N
42415,J_1,A3SWASTIKA,N
42415,J_1,A3DISCRIMINATION,N
15283,J_1,A1ESSENTIAL,N
15283,J_1,A2EVIL,N
15283,J_1,A2CONSPIRACY,N
15283,J_1,A2HIDDENPOWER,N
15283,J_1,A2COLLECTIVEAGENDA,N
15283,J_1,A2CONTROLGOV,N
15283,J_1,A2CONTROLBANKS,N
15283,J_1,A2CONTROLMEDIA,N
15283,J_1,A2LOYALTY,N
15283,J_1,A2DISEASE,N
15283,J_1,A3WEALTH,N
15283,J_1,A3STINGY,N
15283,J_1,A3UNPATRIOTIC,N
15283,J_1,A3CARICATURE,N
15283,J_1,A3VIOLENCE,N
15283,J_1,A3SYNAGOGUE,N
15283,J_1,A3SWASTIKA,N
15283,J_1,A3DISCRIMINATION,N
11912,J_1,A1ESSENTIAL,N
11912,J_1,A2EVIL,N
11912,J_1,A2CONSPIRACY,I
11912,J_1,A2HIDDENPOWER,N
11912,J_1,A2COLLECTIVEAGENDA,I
11912,J_1,A2CONTROLGOV,N
11912,J_1,A2CONTROLBANKS,N
11912,J_1,A2CONTROLMEDIA,N
11912,J_1,A2LOYALTY,N
11912,J_1,A2DISEASE,N
11912,J_1,A3WEALTH,N
11912,J_1,A3STINGY,N
11912,J_1,A3UNPATRIOTIC,N
11912,J_1,A3CARICATURE,N
11912,J_1,A3VIOLENCE,N
11912,J_1,A3SYNAGOGUE,N
11912,J_1,A3SWASTIKA,N
11912,J_1,A3DISCRIMINATION,N
24338,J_1,A1ESSENTIAL,N
24338,J_1,A2EVIL,N
24338,J_1,A2CONSPIRACY,N
24338,J_1,A2HIDDENPOWER,N
24338,J_1,A2COLLECTIVEAGENDA,N
24338,J_1,A2CONTROLGOV,N
24338,J_1,A2CONTROLBANKS,N
24338,J_1,A2CONTROLMEDIA,N
24338,J_1,A2LOYALTY,N
24338,J_1,A2DISEASE,N
24338,J_1,A3WEALTH,N
24338,J_1,A3STINGY,N
24338,J_1,A3UNPATRIOTIC,N
24338,J_1,A3CARICATURE,N
24338,J_1,A3VIOLENCE,N
24338,J_1,A3SYNAGOGUE,N
24338,J_1,A3SWASTIKA,N
24338,J_1,A3DISCRIMINATION,N
11441,J_1,A1ESSENTIAL,N
11441,J_1,A2EVIL,I
11441,J_1,A2CONSPIRACY,N
11441,J_1,A2HIDDENPOWER,N
11441,J_1,A2COLLECTIVEAGENDA,N
11441,J_1,A2CONTROLGOV,N
11441,J_1,A2CONTROLBANKS,N
11441,J_1,A2CONTROLMEDIA,N
11441,J_1,A2LOYALTY,N
11441,J_1,A2DISEASE,N
11441,J_1,A3WEALTH,N
11441,J_1,A3STINGY,N
11441,J_1,A3UNPATRIOTIC,N
11441,J_1,A3CARICATURE,N
11441,J_1,A3VIOLENCE,N
11441,J_1,A3SYNAGOGUE,N
11441,J_1,A3SWASTIKA,N
11441,J_1,A3DISCRIMINATION,N
2167,J_1,A1ESSENTIAL,I
2167,J_1,A2EVIL,N
2167,J_1,A2CONSPIRACY,N
2167,J_1,A2HIDDENPOWER,N
2167,J_1,A2COLLECTIVEAGENDA,N
2167,J_1,A2CONTROLGOV,N
2167,J_1,A2CONTROLBANKS,N
2167,J_1,A2CONTROLMEDIA,N
2167,J_1,A2LOYALTY,N
2167,J_1,A2DISEASE,N
2167,J_1,A3WEALTH,N
2167,J_1,A3STINGY,N
2167,J_1,A3UNPATRIOTIC,N
2167,J_1,A3CARICATURE,N
2167,J_1,A3VIOLENCE,N
2167,J_1,A3SYNAGOGUE,N
2167,J_1,A3SWASTIKA,N
2167,J_1,A3DISCRIMINATION,N
889,J_1,A1ESSENTIAL,N
889,J_1,A2EVIL,N
889,J_1,A2CONSPIRACY,N
889,J_1,A2HIDDENPOWER,N
889,J_1,A2COLLECTIVEAGENDA,N
889,J_1,A2CONTROLGOV,N
889,J_1,A2CONTROLBANKS,N
889,J_1,A2CONTROLMEDIA,N
889,J_1,A2LOYALTY,N
889,J_1,A2DISEASE,N
889,J_1,A3WEALTH,N
889,J_1,A3STINGY,N
889,J_1,A3UNPATRIOTIC,N
889,J_1,A3CARICATURE,N
889,J_1,A3VIOLENCE,N
889,J_1,A3SYNAGOGUE,N
889,J_1,A3SWASTIKA,N
889,J_1,A3DISCRIMINATION,N
8712,J_1,A1ESSENTIAL,E
8712,J_1,A2EVIL,E
8712,J_1,A2CONSPIRACY,N
8712,J_1,A2HIDDENPOWER,N
8712,J_1,A2COLLECTIVEAGENDA,N
8712,J_1,A2CONTROLGOV,N
8712,J_1,A2CONTROLBANKS,N
8712,J_1,A2CONTROLMEDIA,N
8712,J_1,A2LOYALTY,N
8712,J_1,A2DISEASE,N
8712,J_1,A3WEALTH,N
8712,J_1,A3STINGY,N
8712,J_1,A3UNPATRIOTIC,N
8712,J_1,A3CARICATURE,N
8712,J_1,A3VIOLENCE,E
8712,J_1,A3SYNAGOGUE,N
8712,J_1,A3SWASTIKA,N
8712,J_1,A3DISCRIMINATION,N
27673,J_1,A1ESSENTIAL,N
27673,J_1,A2EVIL,N
27673,J_1,A2CONSPIRACY,N
27673,J_1,A2HIDDENPOWER,N
27673,J_1,A2COLLECTIVEAGENDA,N
27673,J_1,A2CONTROLGOV,N
27673,J_1,A2CONTROLBANKS,N
27673,J_1,A2CONTROLMEDIA,N
27673,J_1,A2LOYALTY,N
27673,J_1,A2DISEASE,N
27673,J_1,A3WEALTH,N
27673,J_1,A3STINGY,N
27673,J_1,A3UNPATRIOTIC,N
27673,J_1,A3CARICATURE,N
27673,J_1,A3VIOLENCE,N
27673,J_1,A3SYNAGOGUE,N
27673,J_1,A3SWASTIKA,N
27673,J_1,A3DISCRIMINATION,N
27243,J_1,A1ESSENTIAL,N
27243,J_1,A2EVIL,N
27243,J_1,A2CONSPIRACY,N
27243,J_1,A2HIDDENPOWER,N
27243,J_1,A2COLLECTIVEAGENDA,N
27243,J_1,A2CONTROLGOV,N
27243,J_1,A2CONTROLBANKS,N
27243,J_1,A2CONTROLMEDIA,N
27243,J_1,A2LOYALTY,N
27243,J_1,A2DISEASE,N
27243,J_1,A3WEALTH,N
27243,J_1,A3STINGY,N
27243,J_1,A3UNPATRIOTIC,N
27243,J_1,A3CARICATURE,N
27243,J_1,A3VIOLENCE,N
27243,J_1,A3SYNAGOGUE,N
27243,J_1,A3SWASTIKA,N
27243,J_1,A3DISCRIMINATION,N
31574,J_1,A1ESSENTIAL,N
31574,J_1,A2EVIL,N
31574,J_1,A2CONSPIRACY,N
31574,J_1,A2HIDDENPOWER,N
31574,J_1,A2COLLECTIVEAGENDA,N
31574,J_1,A2CONTROLGOV,N
31574,J_1,A2CONTROLBANKS,N
31574,J_1,A2CONTROLMEDIA,N
31574,J_1,A2LOYALTY,N
31574,J_1,A2DISEASE,N
31574,J_1,A3WEALTH,N
31574,J_1,A3STINGY,N
31574,J_1,A3UNPATRIOTIC,N
31574,J_1,A3CARICATURE,N
31574,J_1,A3VIOLENCE,N
31574,J_1,A3SYNAGOGUE,N
31574,J_1,A3SWASTIKA,N
31574,J_1,A3DISCRIMINATION,N
41647,J_1,A1ESSENTIAL,A
41647,J_1,A2EVIL,N
41647,J_1,A2CONSPIRACY,N
41647,J_1,A2HIDDENPOWER,N
41647,J_1,A2COLLECTIVEAGENDA,N
41647,J_1,A2CONTROLGOV,N
41647,J_1,A2CONTROLBANKS,N
41647,J_1,A2CONTROLMEDIA,N
41647,J_1,A2LOYALTY,N
41647,J_1,A2DISEASE,N
41647,J_1,A3WEALTH,N
41647,J_1,A3STINGY,N
41647,J_1,A3UNPATRIOTIC,N
41647,J_1,A3CARICATURE,N
41647,J_1,A3VIOLENCE,N
41647,J_1,A3SYNAGOGUE,N
41647,J_1,A3SWASTIKA,N
41647,J_1,A3DISCRIMINATION,N
43887,J_1,A1ESSENTIAL,A
43887,J_1,A2EVIL,I
43887,J_1,A2CONSPIRACY,N
43887,J_1,A2HIDDENPOWER,N
43887,J_1,A2COLLECTIVEAGENDA,N
43887,J_1,A2CONTROLGOV,N
43887,J_1,A2CONTROLBANKS,N
43887,J_1,A2CONTROLMEDIA,N
43887,J_1,A2LOYALTY,N
43887,J_1,A2DISEASE,N
43887,J_1,A3WEALTH,N
43887,J_1,A3STINGY,N
43887,J_1,A3UNPATRIOTIC,N
43887,J_1,A3CARICATURE,N
43887,J_1,A3VIOLENCE,N
43887,J_1,A3SYNAGOGUE,N
43887,J_1,A3SWASTIKA,N
43887,J_1,A3DISCRIMINATION,N
6983,J_1,A1ESSENTIAL,N
6983,J_1,A2EVIL,N
6983,J_1,A2CONSPIRACY,N
6983,J_1,A2HIDDENPOWER,N
6983,J_1,A2COLLECTIVEAGENDA,N
6983,J_1,A2CONTROLGOV,N
6983,J_1,A2CONTROLBANKS,N
6983,J_1,A2CONTROLMEDIA,N
6983,J_1,A2LOYALTY,N
6983,J_1,A2DISEASE,N
6983,J_1,A3WEALTH,N
6983,J_1,A3STINGY,N
6983,J_1,A3UNPATRIOTIC,N
6983,J_1,A3CARICATURE,N
6983,J_1,A3VIOLENCE,N
6983,J_1,A3SYNAGOGUE,N
6983,J_1,A3SWASTIKA,N
6983,J_1,A3DISCRIMINATION,N
6073,J_1,A1ESSENTIAL,E
6073,J_1,A2EVIL,E
6073,J_1,A2CONSPIRACY,N
6073,J_1,A2HIDDENPOWER,N
6073,J_1,A2COLLECTIVEAGENDA,N
6073,J_1,A2CONTROLGOV,N
6073,J_1,A2CONTROLBANKS,N
6073,J_1,A2CONTROLMEDIA,N
6073,J_1,A2LOYALTY,N
6073,J_1,A2DISEASE,N
6073,J_1,A3WEALTH,N
6073,J_1,A3STINGY,N
6073,J_1,A3UNPATRIOTIC,N
6073,J_1,A3CARICATURE,N
6073,J_1,A3VIOLENCE,N
6073,J_1,A3SYNAGOGUE,N
6073,J_1,A3SWASTIKA,N
6073,J_1,A3DISCRIMINATION,N
45188,J_1,A1ESSENTIAL,N
45188,J_1,A2EVIL,N
45188,J_1,A2CONSPIRACY,N
45188,J_1,A2HIDDENPOWER,N
45188,J_1,A2COLLECTIVEAGENDA,N
45188,J_1,A2CONTROLGOV,N
45188,J_1,A2CONTROLBANKS,N
45188,J_1,A2CONTROLMEDIA,N
45188,J_1,A2LOYALTY,N
45188,J_1,A2DISEASE,N
45188,J_1,A3WEALTH,N
45188,J_1,A3STINGY,N
45188,J_1,A3UNPATRIOTIC,N
45188,J_1,A3CARICATURE,N
45188,J_1,A3VIOLENCE,N
45188,J_1,A3SYNAGOGUE,N
45188,J_1,A3SWASTIKA,N
45188,J_1,A3DISCRIMINATION,N
8261,J_1,A1ESSENTIAL,N
8261,J_1,A2EVIL,N
8261,J_1,A2CONSPIRACY,N
8261,J_1,A2HIDDENPOWER,N
8261,J_1,A2COLLECTIVEAGENDA,N
8261,J_1,A2CONTROLGOV,N
8261,J_1,A2CONTROLBANKS,N
8261,J_1,A2CONTROLMEDIA,N
8261,J_1,A2LOYALTY,N
8261,J_1,A2DISEASE,N
8261,J_1,A3WEALTH,N
8261,J_1,A3STINGY,N
8261,J_1,A3UNPATRIOTIC,N
8261,J_1,A3CARICATURE,N
8261,J_1,A3VIOLENCE,N
8261,J_1,A3SYNAGOGUE,N
8261,J_1,A3SWASTIKA,N
8261,J_1,A3DISCRIMINATION,N
45637,J_1,A1ESSENTIAL,I
45637,J_1,A2EVIL,I
45637,J_1,A2CONSPIRACY,N
45637,J_1,A2HIDDENPOWER,N
45637,J_1,A2COLLECTIVEAGENDA,N
45637,J_1,A2CONTROLGOV,N
45637,J_1,A2CONTROLBANKS,N
45637,J_1,A2CONTROLMEDIA,N
45637,J_1,A2LOYALTY,N
45637,J_1,A2DISEASE,N
45637,J_1,A3WEALTH,N
45637,J_1,A3STINGY,N
45637,J_1,A3UNPATRIOTIC,N
45637,J_1,A3CARICATURE,N
45637,J_1,A3VIOLENCE,N
45637,J_1,A3SYNAGOGUE,N
45637,J_1,A3SWASTIKA,N
45637,J_1,A3DISCRIMINATION,N
42911,J_1,A1ESSENTIAL,I
42911,J_1,A2EVIL,A
42911,J_1,A2CONSPIRACY,N
42911,J_1,A2HIDDENPOWER,N
42911,J_1,A2COLLECTIVEAGENDA,N
42911,J_1,A2CONTROLGOV,N
42911,J_1,A2CONTROLBANKS,N
42911,J_1,A2CONTROLMEDIA,N
42911,J_1,A2LOYALTY,N
42911,J_1,A2DISEASE,N
42911,J_1,A3WEALTH,N
42911,J_1,A3STINGY,N
42911,J_1,A3UNPATRIOTIC,N
42911,J_1,A3CARICATURE,N
42911,J_1,A3VIOLENCE,N
42911,J_1,A3SYNAGOGUE,N
42911,J_1,A3SWASTIKA,N
42911,J_1,A3DISCRIMINATION,N
13670,J_1,A1ESSENTIAL,N
13670,J_1,A2EVIL,N
13670,J_1,A2CONSPIRACY,N
13670,J_1,A2HIDDENPOWER,N
13670,J_1,A2COLLECTIVEAGENDA,N
13670,J_1,A2CONTROLGOV,N
13670,J_1,A2CONTROLBANKS,N
13670,J_1,A2CONTROLMEDIA,N
13670,J_1,A2LOYALTY,N
13670,J_1,A2DISEASE,I
13670,J_1,A3WEALTH,N
13670,J_1,A3STINGY,N
13670,J_1,A3UNPATRIOTIC,N
13670,J_1,A3CARICATURE,N
13670,J_1,A3VIOLENCE,N
13670,J_1,A3SYNAGOGUE,N
13670,J_1,A3SWASTIKA,N
13670,J_1,A3DISCRIMINATION,N
7460,J_1,A1ESSENTIAL,N
7460,J_1,A2EVIL,N
7460,J_1,A2CONSPIRACY,N
7460,J_1,A2HIDDENPOWER,N
7460,J_1,A2COLLECTIVEAGENDA,N
7460,J_1,A2CONTROLGOV,N
7460,J_1,A2CONTROLBANKS,N
7460,J_1,A2CONTROLMEDIA,N
7460,J_1,A2LOYALTY,N
7460,J_1,A2DISEASE,N
7460,J_1,A3WEALTH,N
7460,J_1,A3STINGY,N
7460,J_1,A3UNPATRIOTIC,N
7460,J_1,A3CARICATURE,N
7460,J_1,A3VIOLENCE,E
7460,J_1,A3SYNAGOGUE,N
7460,J_1,A3SWASTIKA,N
7460,J_1,A3DISCRIMINATION,N
47369,J_1,A1ESSENTIAL,N
47369,J_1,A2EVIL,N
47369,J_1,A2CONSPIRACY,N
47369,J_1,A2HIDDENPOWER,N
47369,J_1,A2COLLECTIVEAGENDA,N
47369,J_1,A2CONTROLGOV,N
47369,J_1,A2CONTROLBANKS,N
47369,J_1,A2CONTROLMEDIA,N
47369,J_1,A2LOYALTY,N
47369,J_1,A2DISEASE,N
47369,J_1,A3WEALTH,N
47369,J_1,A3STINGY,N
47369,J_1,A3UNPATRIOTIC,N
47369,J_1,A3CARICATURE,N
47369,J_1,A3VIOLENCE,N
47369,J_1,A3SYNAGOGUE,N
47369,J_1,A3SWASTIKA,N
47369,J_1,A3DISCRIMINATION,N
39970,J_1,A1ESSENTIAL,N
39970,J_1,A2EVIL,N
39970,J_1,A2CONSPIRACY,N
39970,J_1,A2HIDDENPOWER,N
39970,J_1,A2COLLECTIVEAGENDA,N
39970,J_1,A2CONTROLGOV,N
39970,J_1,A2CONTROLBANKS,N
39970,J_1,A2CONTROLMEDIA,N
39970,J_1,A2LOYALTY,N
39970,J_1,A2DISEASE,N
39970,J_1,A3WEALTH,N
39970,J_1,A3STINGY,N
39970,J_1,A3UNPATRIOTIC,N
39970,J_1,A3CARICATURE,N
39970,J_1,A3VIOLENCE,N
39970,J_1,A3SYNAGOGUE,N
39970,J_1,A3SWASTIKA,N
39970,J_1,A3DISCRIMINATION,N
34221,J_1,A1ESSENTIAL,N
34221,J_1,A2EVIL,N
34221,J_1,A2CONSPIRACY,N
34221,J_1,A2HIDDENPOWER,N
34221,J_1,A2COLLECTIVEAGENDA,N
34221,J_1,A2CONTROLGOV,N
34221,J_1,A2CONTROLBANKS,N
34221,J_1,A2CONTROLMEDIA,N
34221,J_1,A2LOYALTY,N
34221,J_1,A2DISEASE,N
34221,J_1,A3WEALTH,N
34221,J_1,A3STINGY,N
34221,J_1,A3UNPATRIOTIC,N
34221,J_1,A3CARICATURE,N
34221,J_1,A3VIOLENCE,N
34221,J_1,A3SYNAGOGUE,N
34221,J_1,A3SWASTIKA,N
34221,J_1,A3DISCRIMINATION,N
17260,J_1,A1ESSENTIAL,N
17260,J_1,A2EVIL,N
17260,J_1,A2CONSPIRACY,N
17260,J_1,A2HIDDENPOWER,N
17260,J_1,A2COLLECTIVEAGENDA,N
17260,J_1,A2CONTROLGOV,N
17260,J_1,A2CONTROLBANKS,N
17260,J_1,A2CONTROLMEDIA,N
17260,J_1,A2LOYALTY,N
17260,J_1,A2DISEASE,N
17260,J_1,A3WEALTH,N
17260,J_1,A3STINGY,N
17260,J_1,A3UNPATRIOTIC,N
17260,J_1,A3CARICATURE,N
17260,J_1,A3VIOLENCE,N
17260,J_1,A3SYNAGOGUE,N
17260,J_1,A3SWASTIKA,N
17260,J_1,A3DISCRIMINATION,N
26245,J_1,A1ESSENTIAL,N
26245,J_1,A2EVIL,N
26245,J_1,A2CONSPIRACY,N
26245,J_1,A2HIDDENPOWER,N
26245,J_1,A2COLLECTIVEAGENDA,N
26245,J_1,A2CONTROLGOV,N
26245,J_1,A2CONTROLBANKS,N
26245,J_1,A2CONTROLMEDIA,N
26245,J_1,A2LOYALTY,N
26245,J_1,A2DISEASE,N
26245,J_1,A3WEALTH,N
26245,J_1,A3STINGY,N
26245,J_1,A3UNPATRIOTIC,N
26245,J_1,A3CARICATURE,N
26245,J_1,A3VIOLENCE,N
26245,J_1,A3SYNAGOGUE,N
26245,J_1,A3SWASTIKA,N
26245,J_1,A3DISCRIMINATION,N
48572,J_1,A1ESSENTIAL,A
48572,J_1,A2EVIL,A
48572,J_1,A2CONSPIRACY,N
48572,J_1,A2HIDDENPOWER,N
48572,J_1,A2COLLECTIVEAGENDA,N
48572,J_1,A2CONTROLGOV,N
48572,J_1,A2CONTROLBANKS,N
48572,J_1,A2CONTROLMEDIA,N
48572,J_1,A2LOYALTY,N
48572,J_1,A2DISEASE,N
48572,J_1,A3WEALTH,N
48572,J_1,A3STINGY,N
48572,J_1,A3UNPATRIOTIC,N
48572,J_1,A3CARICATURE,N
48572,J_1,A3VIOLENCE,N
48572,J_1,A3SYNAGOGUE,N
48572,J_1,A3SWASTIKA,N
48572,J_1,A3DISCRIMINATION,N
39870,J_1,A1ESSENTIAL,N
39870,J_1,A2EVIL,N
39870,J_1,A2CONSPIRACY,N
39870,J_1,A2HIDDENPOWER,N
39870,J_1,A2COLLECTIVEAGENDA,I
39870,J_1,A2CONTROLGOV,N
39870,J_1,A2CONTROLBANKS,N
39870,J_1,A2CONTROLMEDIA,N
39870,J_1,A2LOYALTY,N
39870,J_1,A2DISEASE,N
39870,J_1,A3WEALTH,N
39870,J_1,A3STINGY,N
39870,J_1,A3UNPATRIOTIC,N
39870,J_1,A3CARICATURE,N
39870,J_1,A3VIOLENCE,N
39870,J_1,A3SYNAGOGUE,N
39870,J_1,A3SWASTIKA,N
39870,J_1,A3DISCRIMINATION,N
39638,J_1,A1ESSENTIAL,N
39638,J_1,A2EVIL,N
39638,J_1,A2CONSPIRACY,N
39638,J_1,A2HIDDENPOWER,N
39638,J_1,A2COLLECTIVEAGENDA,N
39638,J_1,A2CONTROLGOV,N
39638,J_1,A2CONTROLBANKS,N
39638,J_1,A2CONTROLMEDIA,N
39638,J_1,A2LOYALTY,N
39638,J_1,A2DISEASE,N
39638,J_1,A3WEALTH,N
39638,J_1,A3STINGY,N
39638,J_1,A3UNPATRIOTIC,N
39638,J_1,A3CARICATURE,N
39638,J_1,A3VIOLENCE,N
39638,J_1,A3SYNAGOGUE,N
39638,J_1,A3SWASTIKA,N
39638,J_1,A3DISCRIMINATION,N
23922,J_1,A1ESSENTIAL,N
23922,J_1,A2EVIL,N
23922,J_1,A2CONSPIRACY,N
23922,J_1,A2HIDDENPOWER,N
23922,J_1,A2COLLECTIVEAGENDA,N
23922,J_1,A2CONTROLGOV,N
23922,J_1,A2CONTROLBANKS,N
23922,J_1,A2CONTROLMEDIA,N
23922,J_1,A2LOYALTY,N
23922,J_1,A2DISEASE,N
23922,J_1,A3WEALTH,N
23922,J_1,A3STINGY,N
23922,J_1,A3UNPATRIOTIC,N
23922,J_1,A3CARICATURE,N
23922,J_1,A3VIOLENCE,N
23922,J_1,A3SYNAGOGUE,N
23922,J_1,A3SWASTIKA,N
23922,J_1,A3DISCRIMINATION,N
11258,J_1,A1ESSENTIAL,E
11258,J_1,A2EVIL,N
11258,J_1,A2CONSPIRACY,N
11258,J_1,A2HIDDENPOWER,N
11258,J_1,A2COLLECTIVEAGENDA,E
11258,J_1,A2CONTROLGOV,N
11258,J_1,A2CONTROLBANKS,N
11258,J_1,A2CONTROLMEDIA,N
11258,J_1,A2LOYALTY,E
11258,J_1,A2DISEASE,N
11258,J_1,A3WEALTH,N
11258,J_1,A3STINGY,N
11258,J_1,A3UNPATRIOTIC,E
11258,J_1,A3CARICATURE,N
11258,J_1,A3VIOLENCE,N
11258,J_1,A3SYNAGOGUE,N
11258,J_1,A3SWASTIKA,N
11258,J_1,A3DISCRIMINATION,N
20090,J_1,A1ESSENTIAL,N
20090,J_1,A2EVIL,N
20090,J_1,A2CONSPIRACY,N
20090,J_1,A2HIDDENPOWER,N
20090,J_1,A2COLLECTIVEAGENDA,N
20090,J_1,A2CONTROLGOV,N
20090,J_1,A2CONTROLBANKS,N
20090,J_1,A2CONTROLMEDIA,N
20090,J_1,A2LOYALTY,N
20090,J_1,A2DISEASE,N
20090,J_1,A3WEALTH,N
20090,J_1,A3STINGY,N
20090,J_1,A3UNPATRIOTIC,N
20090,J_1,A3CARICATURE,N
20090,J_1,A3VIOLENCE,N
20090,J_1,A3SYNAGOGUE,N
20090,J_1,A3SWASTIKA,N
20090,J_1,A3DISCRIMINATION,N
48931,J_1,A1ESSENTIAL,N
48931,J_1,A2EVIL,N
48931,J_1,A2CONSPIRACY,N
48931,J_1,A2HIDDENPOWER,N
48931,J_1,A2COLLECTIVEAGENDA,N
48931,J_1,A2CONTROLGOV,N
48931,J_1,A2CONTROLBANKS,N
48931,J_1,A2CONTROLMEDIA,N
48931,J_1,A2LOYALTY,N
48931,J_1,A2DISEASE,N
48931,J_1,A3WEALTH,N
48931,J_1,A3STINGY,N
48931,J_1,A3UNPATRIOTIC,N
48931,J_1,A3CARICATURE,N
48931,J_1,A3VIOLENCE,N
48931,J_1,A3SYNAGOGUE,N
48931,J_1,A3SWASTIKA,N
48931,J_1,A3DISCRIMINATION,N
10331,J_1,A1ESSENTIAL,N
10331,J_1,A2EVIL,N
10331,J_1,A2CONSPIRACY,N
10331,J_1,A2HIDDENPOWER,N
10331,J_1,A2COLLECTIVEAGENDA,N
10331,J_1,A2CONTROLGOV,N
10331,J_1,A2CONTROLBANKS,N
10331,J_1,A2CONTROLMEDIA,N
10331,J_1,A2LOYALTY,N
10331,J_1,A2DISEASE,N
10331,J_1,A3WEALTH,N
10331,J_1,A3STINGY,N
10331,J_1,A3UNPATRIOTIC,N
10331,J_1,A3CARICATURE,N
10331,J_1,A3VIOLENCE,N
10331,J_1,A3SYNAGOGUE,N
10331,J_1,A3SWASTIKA,N
10331,J_1,A3DISCRIMINATION,N
29484,J_1,A1ESSENTIAL,N
29484,J_1,A2EVIL,N
29484,J_1,A2CONSPIRACY,N
29484,J_1,A2HIDDENPOWER,N
29484,J_1,A2COLLECTIVEAGENDA,N
29484,J_1,A2CONTROLGOV,N
29484,J_1,A2CONTROLBANKS,N
29484,J_1,A2CONTROLMEDIA,N
29484,J_1,A2LOYALTY,N
29484,J_1,A2DISEASE,N
29484,J_1,A3WEALTH,N
29484,J_1,A3STINGY,N
29484,J_1,A3UNPATRIOTIC,N
29484,J_1,A3CARICATURE,N
29484,J_1,A3VIOLENCE,N
29484,J_1,A3SYNAGOGUE,N
29484,J_1,A3SWASTIKA,N
29484,J_1,A3DISCRIMINATION,N
5245,J_1,A1ESSENTIAL,N
5245,J_1,A2EVIL,N
5245,J_1,A2CONSPIRACY,N
5245,J_1,A2HIDDENPOWER,N
5245,J_1,A2COLLECTIVEAGENDA,N
5245,J_1,A2CONTROLGOV,N
5245,J_1,A2CONTROLBANKS,N
5245,J_1,A2CONTROLMEDIA,N
5245,J_1,A2LOYALTY,N
5245,J_1,A2DISEASE,N
5245,J_1,A3WEALTH,N
5245,J_1,A3STINGY,N
5245,J_1,A3UNPATRIOTIC,N
5245,J_1,A3CARICATURE,N
5245,J_1,A3VIOLENCE,N
5245,J_1,A3SYNAGOGUE,N
5245,J_1,A3SWASTIKA,N
5245,J_1,A3DISCRIMINATION,N
48510,J_1,A1ESSENTIAL,N
48510,J_1,A2EVIL,N
48510,J_1,A2CONSPIRACY,N
48510,J_1,A2HIDDENPOWER,N
48510,J_1,A2COLLECTIVEAGENDA,N
48510,J_1,A2CONTROLGOV,N
48510,J_1,A2CONTROLBANKS,N
48510,J_1,A2CONTROLMEDIA,N
48510,J_1,A2LOYALTY,N
48510,J_1,A2DISEASE,N
48510,J_1,A3WEALTH,N
48510,J_1,A3STINGY,N
48510,J_1,A3UNPATRIOTIC,N
48510,J_1,A3CARICATURE,N
48510,J_1,A3VIOLENCE,N
48510,J_1,A3SYNAGOGUE,N
48510,J_1,A3SWASTIKA,N
48510,J_1,A3DISCRIMINATION,N
49857,J_1,A1ESSENTIAL,N
49857,J_1,A2EVIL,N
49857,J_1,A2CONSPIRACY,N
49857,J_1,A2HIDDENPOWER,N
49857,J_1,A2COLLECTIVEAGENDA,N
49857,J_1,A2CONTROLGOV,N
49857,J_1,A2CONTROLBANKS,N
49857,J_1,A2CONTROLMEDIA,N
49857,J_1,A2LOYALTY,N
49857,J_1,A2DISEASE,N
49857,J_1,A3WEALTH,N
49857,J_1,A3STINGY,N
49857,J_1,A3UNPATRIOTIC,N
49857,J_1,A3CARICATURE,N
49857,J_1,A3VIOLENCE,N
49857,J_1,A3SYNAGOGUE,N
49857,J_1,A3SWASTIKA,N
49857,J_1,A3DISCRIMINATION,N
48161,J_1,A1ESSENTIAL,N
48161,J_1,A2EVIL,I
48161,J_1,A2CONSPIRACY,N
48161,J_1,A2HIDDENPOWER,N
48161,J_1,A2COLLECTIVEAGENDA,N
48161,J_1,A2CONTROLGOV,N
48161,J_1,A2CONTROLBANKS,N
48161,J_1,A2CONTROLMEDIA,N
48161,J_1,A2LOYALTY,N
48161,J_1,A2DISEASE,N
48161,J_1,A3WEALTH,N
48161,J_1,A3STINGY,N
48161,J_1,A3UNPATRIOTIC,N
48161,J_1,A3CARICATURE,N
48161,J_1,A3VIOLENCE,N
48161,J_1,A3SYNAGOGUE,N
48161,J_1,A3SWASTIKA,N
48161,J_1,A3DISCRIMINATION,N
16274,J_1,A1ESSENTIAL,I
16274,J_1,A2EVIL,N
16274,J_1,A2CONSPIRACY,N
16274,J_1,A2HIDDENPOWER,N
16274,J_1,A2COLLECTIVEAGENDA,N
16274,J_1,A2CONTROLGOV,N
16274,J_1,A2CONTROLBANKS,N
16274,J_1,A2CONTROLMEDIA,N
16274,J_1,A2LOYALTY,N
16274,J_1,A2DISEASE,N
16274,J_1,A3WEALTH,N
16274,J_1,A3STINGY,N
16274,J_1,A3UNPATRIOTIC,N
16274,J_1,A3CARICATURE,N
16274,J_1,A3VIOLENCE,N
16274,J_1,A3SYNAGOGUE,N
16274,J_1,A3SWASTIKA,N
16274,J_1,A3DISCRIMINATION,N
44584,J_1,A1ESSENTIAL,E
44584,J_1,A2EVIL,E
44584,J_1,A2CONSPIRACY,E
44584,J_1,A2HIDDENPOWER,E
44584,J_1,A2COLLECTIVEAGENDA,E
44584,J_1,A2CONTROLGOV,E
44584,J_1,A2CONTROLBANKS,E
44584,J_1,A2CONTROLMEDIA,E
44584,J_1,A2LOYALTY,E
44584,J_1,A2DISEASE,N
44584,J_1,A3WEALTH,E
44584,J_1,A3STINGY,N
44584,J_1,A3UNPATRIOTIC,N
44584,J_1,A3CARICATURE,N
44584,J_1,A3VIOLENCE,N
44584,J_1,A3SYNAGOGUE,N
44584,J_1,A3SWASTIKA,N
44584,J_1,A3DISCRIMINATION,N
304,J_1,A1ESSENTIAL,N
304,J_1,A2EVIL,N
304,J_1,A2CONSPIRACY,N
304,J_1,A2HIDDENPOWER,N
304,J_1,A2COLLECTIVEAGENDA,N
304,J_1,A2CONTROLGOV,N
304,J_1,A2CONTROLBANKS,N
304,J_1,A2CONTROLMEDIA,N
304,J_1,A2LOYALTY,N
304,J_1,A2DISEASE,N
304,J_1,A3WEALTH,N
304,J_1,A3STINGY,N
304,J_1,A3UNPATRIOTIC,N
304,J_1,A3CARICATURE,N
304,J_1,A3VIOLENCE,N
304,J_1,A3SYNAGOGUE,N
304,J_1,A3SWASTIKA,N
304,J_1,A3DISCRIMINATION,N
44859,J_1,A1ESSENTIAL,E
44859,J_1,A2EVIL,E
44859,J_1,A2CONSPIRACY,N
44859,J_1,A2HIDDENPOWER,N
44859,J_1,A2COLLECTIVEAGENDA,N
44859,J_1,A2CONTROLGOV,N
44859,J_1,A2CONTROLBANKS,N
44859,J_1,A2CONTROLMEDIA,N
44859,J_1,A2LOYALTY,N
44859,J_1,A2DISEASE,N
44859,J_1,A3WEALTH,N
44859,J_1,A3STINGY,N
44859,J_1,A3UNPATRIOTIC,N
44859,J_1,A3CARICATURE,N
44859,J_1,A3VIOLENCE,N
44859,J_1,A3SYNAGOGUE,N
44859,J_1,A3SWASTIKA,N
44859,J_1,A3DISCRIMINATION,N
49450,J_1,A1ESSENTIAL,N
49450,J_1,A2EVIL,N
49450,J_1,A2CONSPIRACY,N
49450,J_1,A2HIDDENPOWER,N
49450,J_1,A2COLLECTIVEAGENDA,N
49450,J_1,A2CONTROLGOV,N
49450,J_1,A2CONTROLBANKS,N
49450,J_1,A2CONTROLMEDIA,N
49450,J_1,A2LOYALTY,N
49450,J_1,A2DISEASE,N
49450,J_1,A3WEALTH,N
49450,J_1,A3STINGY,N
49450,J_1,A3UNPATRIOTIC,N
49450,J_1,A3CARICATURE,N
49450,J_1,A3VIOLENCE,N
49450,J_1,A3SYNAGOGUE,N
49450,J_1,A3SWASTIKA,N
49450,J_1,A3DISCRIMINATION,N
738,J_1,A1ESSENTIAL,A
738,J_1,A2EVIL,N
738,J_1,A2CONSPIRACY,N
738,J_1,A2HIDDENPOWER,N
738,J_1,A2COLLECTIVEAGENDA,I
738,J_1,A2CONTROLGOV,N
738,J_1,A2CONTROLBANKS,N
738,J_1,A2CONTROLMEDIA,N
738,J_1,A2LOYALTY,N
738,J_1,A2DISEASE,N
738,J_1,A3WEALTH,I
738,J_1,A3STINGY,N
738,J_1,A3UNPATRIOTIC,N
738,J_1,A3CARICATURE,N
738,J_1,A3VIOLENCE,N
738,J_1,A3SYNAGOGUE,N
738,J_1,A3SWASTIKA,N
738,J_1,A3DISCRIMINATION,N
45707,J_1,A1ESSENTIAL,E
45707,J_1,A2EVIL,I
45707,J_1,A2CONSPIRACY,N
45707,J_1,A2HIDDENPOWER,N
45707,J_1,A2COLLECTIVEAGENDA,N
45707,J_1,A2CONTROLGOV,N
45707,J_1,A2CONTROLBANKS,N
45707,J_1,A2CONTROLMEDIA,N
45707,J_1,A2LOYALTY,N
45707,J_1,A2DISEASE,N
45707,J_1,A3WEALTH,I
45707,J_1,A3STINGY,I
45707,J_1,A3UNPATRIOTIC,N
45707,J_1,A3CARICATURE,N
45707,J_1,A3VIOLENCE,N
45707,J_1,A3SYNAGOGUE,N
45707,J_1,A3SWASTIKA,N
45707,J_1,A3DISCRIMINATION,N
9767,J_1,A1ESSENTIAL,N
9767,J_1,A2EVIL,N
9767,J_1,A2CONSPIRACY,N
9767,J_1,A2HIDDENPOWER,N
9767,J_1,A2COLLECTIVEAGENDA,N
9767,J_1,A2CONTROLGOV,N
9767,J_1,A2CONTROLBANKS,N
9767,J_1,A2CONTROLMEDIA,N
9767,J_1,A2LOYALTY,N
9767,J_1,A2DISEASE,N
9767,J_1,A3WEALTH,N
9767,J_1,A3STINGY,I
9767,J_1,A3UNPATRIOTIC,N
9767,J_1,A3CARICATURE,N
9767,J_1,A3VIOLENCE,N
9767,J_1,A3SYNAGOGUE,N
9767,J_1,A3SWASTIKA,N
9767,J_1,A3DISCRIMINATION,N
11625,J_1,A1ESSENTIAL,N
11625,J_1,A2EVIL,N
11625,J_1,A2CONSPIRACY,N
11625,J_1,A2HIDDENPOWER,N
11625,J_1,A2COLLECTIVEAGENDA,N
11625,J_1,A2CONTROLGOV,N
11625,J_1,A2CONTROLBANKS,N
11625,J_1,A2CONTROLMEDIA,N
11625,J_1,A2LOYALTY,N
11625,J_1,A2DISEASE,N
11625,J_1,A3WEALTH,N
11625,J_1,A3STINGY,N
11625,J_1,A3UNPATRIOTIC,N
11625,J_1,A3CARICATURE,N
11625,J_1,A3VIOLENCE,N
11625,J_1,A3SYNAGOGUE,N
11625,J_1,A3SWASTIKA,N
11625,J_1,A3DISCRIMINATION,N
19599,J_1,A1ESSENTIAL,N
19599,J_1,A2EVIL,N
19599,J_1,A2CONSPIRACY,N
19599,J_1,A2HIDDENPOWER,N
19599,J_1,A2COLLECTIVEAGENDA,N
19599,J_1,A2CONTROLGOV,N
19599,J_1,A2CONTROLBANKS,N
19599,J_1,A2CONTROLMEDIA,N
19599,J_1,A2LOYALTY,N
19599,J_1,A2DISEASE,N
19599,J_1,A3WEALTH,N
19599,J_1,A3STINGY,N
19599,J_1,A3UNPATRIOTIC,N
19599,J_1,A3CARICATURE,N
19599,J_1,A3VIOLENCE,N
19599,J_1,A3SYNAGOGUE,N
19599,J_1,A3SWASTIKA,N
19599,J_1,A3DISCRIMINATION,N
5751,J_1,A1ESSENTIAL,N
5751,J_1,A2EVIL,N
5751,J_1,A2CONSPIRACY,N
5751,J_1,A2HIDDENPOWER,N
5751,J_1,A2COLLECTIVEAGENDA,N
5751,J_1,A2CONTROLGOV,N
5751,J_1,A2CONTROLBANKS,N
5751,J_1,A2CONTROLMEDIA,N
5751,J_1,A2LOYALTY,N
5751,J_1,A2DISEASE,N
5751,J_1,A3WEALTH,N
5751,J_1,A3STINGY,N
5751,J_1,A3UNPATRIOTIC,N
5751,J_1,A3CARICATURE,N
5751,J_1,A3VIOLENCE,N
5751,J_1,A3SYNAGOGUE,N
5751,J_1,A3SWASTIKA,N
5751,J_1,A3DISCRIMINATION,N
39362,J_1,A1ESSENTIAL,N
39362,J_1,A2EVIL,N
39362,J_1,A2CONSPIRACY,N
39362,J_1,A2HIDDENPOWER,N
39362,J_1,A2COLLECTIVEAGENDA,N
39362,J_1,A2CONTROLGOV,N
39362,J_1,A2CONTROLBANKS,N
39362,J_1,A2CONTROLMEDIA,N
39362,J_1,A2LOYALTY,N
39362,J_1,A2DISEASE,N
39362,J_1,A3WEALTH,N
39362,J_1,A3STINGY,N
39362,J_1,A3UNPATRIOTIC,N
39362,J_1,A3CARICATURE,N
39362,J_1,A3VIOLENCE,N
39362,J_1,A3SYNAGOGUE,N
39362,J_1,A3SWASTIKA,N
39362,J_1,A3DISCRIMINATION,N
11173,J_1,A1ESSENTIAL,E
11173,J_1,A2EVIL,I
11173,J_1,A2CONSPIRACY,N
11173,J_1,A2HIDDENPOWER,N
11173,J_1,A2COLLECTIVEAGENDA,N
11173,J_1,A2CONTROLGOV,N
11173,J_1,A2CONTROLBANKS,N
11173,J_1,A2CONTROLMEDIA,N
11173,J_1,A2LOYALTY,N
11173,J_1,A2DISEASE,N
11173,J_1,A3WEALTH,N
11173,J_1,A3STINGY,N
11173,J_1,A3UNPATRIOTIC,N
11173,J_1,A3CARICATURE,N
11173,J_1,A3VIOLENCE,E
11173,J_1,A3SYNAGOGUE,N
11173,J_1,A3SWASTIKA,N
11173,J_1,A3DISCRIMINATION,N
42935,J_1,A1ESSENTIAL,N
42935,J_1,A2EVIL,N
42935,J_1,A2CONSPIRACY,N
42935,J_1,A2HIDDENPOWER,N
42935,J_1,A2COLLECTIVEAGENDA,N
42935,J_1,A2CONTROLGOV,N
42935,J_1,A2CONTROLBANKS,N
42935,J_1,A2CONTROLMEDIA,N
42935,J_1,A2LOYALTY,N
42935,J_1,A2DISEASE,N
42935,J_1,A3WEALTH,N
42935,J_1,A3STINGY,N
42935,J_1,A3UNPATRIOTIC,N
42935,J_1,A3CARICATURE,N
42935,J_1,A3VIOLENCE,N
42935,J_1,A3SYNAGOGUE,N
42935,J_1,A3SWASTIKA,N
42935,J_1,A3DISCRIMINATION,N
3076,J_1,A1ESSENTIAL,N
3076,J_1,A2EVIL,N
3076,J_1,A2CONSPIRACY,N
3076,J_1,A2HIDDENPOWER,N
3076,J_1,A2COLLECTIVEAGENDA,N
3076,J_1,A2CONTROLGOV,N
3076,J_1,A2CONTROLBANKS,N
3076,J_1,A2CONTROLMEDIA,N
3076,J_1,A2LOYALTY,N
3076,J_1,A2DISEASE,N
3076,J_1,A3WEALTH,N
3076,J_1,A3STINGY,N
3076,J_1,A3UNPATRIOTIC,N
3076,J_1,A3CARICATURE,N
3076,J_1,A3VIOLENCE,N
3076,J_1,A3SYNAGOGUE,N
3076,J_1,A3SWASTIKA,N
3076,J_1,A3DISCRIMINATION,N
48794,J_1,A1ESSENTIAL,E
48794,J_1,A2EVIL,E
48794,J_1,A2CONSPIRACY,N
48794,J_1,A2HIDDENPOWER,N
48794,J_1,A2COLLECTIVEAGENDA,N
48794,J_1,A2CONTROLGOV,N
48794,J_1,A2CONTROLBANKS,N
48794,J_1,A2CONTROLMEDIA,N
48794,J_1,A2LOYALTY,N
48794,J_1,A2DISEASE,N
48794,J_1,A3WEALTH,N
48794,J_1,A3STINGY,N
48794,J_1,A3UNPATRIOTIC,N
48794,J_1,A3CARICATURE,N
48794,J_1,A3VIOLENCE,E
48794,J_1,A3SYNAGOGUE,N
48794,J_1,A3SWASTIKA,N
48794,J_1,A3DISCRIMINATION,N
20267,J_1,A1ESSENTIAL,A
20267,J_1,A2EVIL,I
20267,J_1,A2CONSPIRACY,I
20267,J_1,A2HIDDENPOWER,N
20267,J_1,A2COLLECTIVEAGENDA,I
20267,J_1,A2CONTROLGOV,N
20267,J_1,A2CONTROLBANKS,N
20267,J_1,A2CONTROLMEDIA,N
20267,J_1,A2LOYALTY,N
20267,J_1,A2DISEASE,N
20267,J_1,A3WEALTH,N
20267,J_1,A3STINGY,N
20267,J_1,A3UNPATRIOTIC,N
20267,J_1,A3CARICATURE,N
20267,J_1,A3VIOLENCE,N
20267,J_1,A3SYNAGOGUE,N
20267,J_1,A3SWASTIKA,N
20267,J_1,A3DISCRIMINATION,N
35688,J_1,A1ESSENTIAL,N
35688,J_1,A2EVIL,N
35688,J_1,A2CONSPIRACY,N
35688,J_1,A2HIDDENPOWER,N
35688,J_1,A2COLLECTIVEAGENDA,N
35688,J_1,A2CONTROLGOV,N
35688,J_1,A2CONTROLBANKS,N
35688,J_1,A2CONTROLMEDIA,N
35688,J_1,A2LOYALTY,N
35688,J_1,A2DISEASE,N
35688,J_1,A3WEALTH,N
35688,J_1,A3STINGY,N
35688,J_1,A3UNPATRIOTIC,N
35688,J_1,A3CARICATURE,N
35688,J_1,A3VIOLENCE,N
35688,J_1,A3SYNAGOGUE,N
35688,J_1,A3SWASTIKA,N
35688,J_1,A3DISCRIMINATION,N
4142,J_1,A1ESSENTIAL,N
4142,J_1,A2EVIL,N
4142,J_1,A2CONSPIRACY,N
4142,J_1,A2HIDDENPOWER,N
4142,J_1,A2COLLECTIVEAGENDA,N
4142,J_1,A2CONTROLGOV,N
4142,J_1,A2CONTROLBANKS,N
4142,J_1,A2CONTROLMEDIA,N
4142,J_1,A2LOYALTY,N
4142,J_1,A2DISEASE,N
4142,J_1,A3WEALTH,N
4142,J_1,A3STINGY,N
4142,J_1,A3UNPATRIOTIC,N
4142,J_1,A3CARICATURE,N
4142,J_1,A3VIOLENCE,N
4142,J_1,A3SYNAGOGUE,N
4142,J_1,A3SWASTIKA,N
4142,J_1,A3DISCRIMINATION,N
6447,J_1,A1ESSENTIAL,N
6447,J_1,A2EVIL,A
6447,J_1,A2CONSPIRACY,N
6447,J_1,A2HIDDENPOWER,N
6447,J_1,A2COLLECTIVEAGENDA,N
6447,J_1,A2CONTROLGOV,N
6447,J_1,A2CONTROLBANKS,N
6447,J_1,A2CONTROLMEDIA,N
6447,J_1,A2LOYALTY,N
6447,J_1,A2DISEASE,N
6447,J_1,A3WEALTH,N
6447,J_1,A3STINGY,N
6447,J_1,A3UNPATRIOTIC,N
6447,J_1,A3CARICATURE,N
6447,J_1,A3VIOLENCE,A
6447,J_1,A3SYNAGOGUE,N
6447,J_1,A3SWASTIKA,N
6447,J_1,A3DISCRIMINATION,N
32693,J_1,A1ESSENTIAL,N
32693,J_1,A2EVIL,N
32693,J_1,A2CONSPIRACY,N
32693,J_1,A2HIDDENPOWER,N
32693,J_1,A2COLLECTIVEAGENDA,N
32693,J_1,A2CONTROLGOV,N
32693,J_1,A2CONTROLBANKS,N
32693,J_1,A2CONTROLMEDIA,N
32693,J_1,A2LOYALTY,N
32693,J_1,A2DISEASE,N
32693,J_1,A3WEALTH,N
32693,J_1,A3STINGY,N
32693,J_1,A3UNPATRIOTIC,N
32693,J_1,A3CARICATURE,N
32693,J_1,A3VIOLENCE,N
32693,J_1,A3SYNAGOGUE,N
32693,J_1,A3SWASTIKA,N
32693,J_1,A3DISCRIMINATION,N
36851,J_1,A1ESSENTIAL,N
36851,J_1,A2EVIL,N
36851,J_1,A2CONSPIRACY,N
36851,J_1,A2HIDDENPOWER,N
36851,J_1,A2COLLECTIVEAGENDA,N
36851,J_1,A2CONTROLGOV,N
36851,J_1,A2CONTROLBANKS,N
36851,J_1,A2CONTROLMEDIA,N
36851,J_1,A2LOYALTY,N
36851,J_1,A2DISEASE,N
36851,J_1,A3WEALTH,N
36851,J_1,A3STINGY,N
36851,J_1,A3UNPATRIOTIC,N
36851,J_1,A3CARICATURE,N
36851,J_1,A3VIOLENCE,N
36851,J_1,A3SYNAGOGUE,N
36851,J_1,A3SWASTIKA,N
36851,J_1,A3DISCRIMINATION,N
20833,J_1,A1ESSENTIAL,N
20833,J_1,A2EVIL,N
20833,J_1,A2CONSPIRACY,N
20833,J_1,A2HIDDENPOWER,N
20833,J_1,A2COLLECTIVEAGENDA,N
20833,J_1,A2CONTROLGOV,N
20833,J_1,A2CONTROLBANKS,N
20833,J_1,A2CONTROLMEDIA,N
20833,J_1,A2LOYALTY,N
20833,J_1,A2DISEASE,N
20833,J_1,A3WEALTH,N
20833,J_1,A3STINGY,N
20833,J_1,A3UNPATRIOTIC,N
20833,J_1,A3CARICATURE,N
20833,J_1,A3VIOLENCE,N
20833,J_1,A3SYNAGOGUE,N
20833,J_1,A3SWASTIKA,N
20833,J_1,A3DISCRIMINATION,N
9521,J_1,A1ESSENTIAL,N
9521,J_1,A2EVIL,N
9521,J_1,A2CONSPIRACY,N
9521,J_1,A2HIDDENPOWER,N
9521,J_1,A2COLLECTIVEAGENDA,N
9521,J_1,A2CONTROLGOV,N
9521,J_1,A2CONTROLBANKS,N
9521,J_1,A2CONTROLMEDIA,N
9521,J_1,A2LOYALTY,N
9521,J_1,A2DISEASE,N
9521,J_1,A3WEALTH,N
9521,J_1,A3STINGY,N
9521,J_1,A3UNPATRIOTIC,N
9521,J_1,A3CARICATURE,N
9521,J_1,A3VIOLENCE,N
9521,J_1,A3SYNAGOGUE,N
9521,J_1,A3SWASTIKA,N
9521,J_1,A3DISCRIMINATION,N
9965,J_1,A1ESSENTIAL,N
9965,J_1,A2EVIL,N
9965,J_1,A2CONSPIRACY,N
9965,J_1,A2HIDDENPOWER,N
9965,J_1,A2COLLECTIVEAGENDA,N
9965,J_1,A2CONTROLGOV,N
9965,J_1,A2CONTROLBANKS,N
9965,J_1,A2CONTROLMEDIA,N
9965,J_1,A2LOYALTY,N
9965,J_1,A2DISEASE,N
9965,J_1,A3WEALTH,N
9965,J_1,A3STINGY,N
9965,J_1,A3UNPATRIOTIC,N
9965,J_1,A3CARICATURE,N
9965,J_1,A3VIOLENCE,N
9965,J_1,A3SYNAGOGUE,N
9965,J_1,A3SWASTIKA,N
9965,J_1,A3DISCRIMINATION,N
41245,J_1,A1ESSENTIAL,A
41245,J_1,A2EVIL,I
41245,J_1,A2CONSPIRACY,I
41245,J_1,A2HIDDENPOWER,I
41245,J_1,A2COLLECTIVEAGENDA,I
41245,J_1,A2CONTROLGOV,N
41245,J_1,A2CONTROLBANKS,N
41245,J_1,A2CONTROLMEDIA,N
41245,J_1,A2LOYALTY,N
41245,J_1,A2DISEASE,N
41245,J_1,A3WEALTH,N
41245,J_1,A3STINGY,N
41245,J_1,A3UNPATRIOTIC,N
41245,J_1,A3CARICATURE,N
41245,J_1,A3VIOLENCE,N
41245,J_1,A3SYNAGOGUE,N
41245,J_1,A3SWASTIKA,N
41245,J_1,A3DISCRIMINATION,N
24597,J_1,A1ESSENTIAL,N
24597,J_1,A2EVIL,N
24597,J_1,A2CONSPIRACY,N
24597,J_1,A2HIDDENPOWER,N
24597,J_1,A2COLLECTIVEAGENDA,N
24597,J_1,A2CONTROLGOV,N
24597,J_1,A2CONTROLBANKS,N
24597,J_1,A2CONTROLMEDIA,N
24597,J_1,A2LOYALTY,N
24597,J_1,A2DISEASE,N
24597,J_1,A3WEALTH,N
24597,J_1,A3STINGY,N
24597,J_1,A3UNPATRIOTIC,N
24597,J_1,A3CARICATURE,N
24597,J_1,A3VIOLENCE,N
24597,J_1,A3SYNAGOGUE,N
24597,J_1,A3SWASTIKA,N
24597,J_1,A3DISCRIMINATION,N
17775,J_1,A1ESSENTIAL,N
17775,J_1,A2EVIL,N
17775,J_1,A2CONSPIRACY,N
17775,J_1,A2HIDDENPOWER,N
17775,J_1,A2COLLECTIVEAGENDA,N
17775,J_1,A2CONTROLGOV,N
17775,J_1,A2CONTROLBANKS,N
17775,J_1,A2CONTROLMEDIA,N
17775,J_1,A2LOYALTY,N
17775,J_1,A2DISEASE,N
17775,J_1,A3WEALTH,N
17775,J_1,A3STINGY,N
17775,J_1,A3UNPATRIOTIC,N
17775,J_1,A3CARICATURE,N
17775,J_1,A3VIOLENCE,N
17775,J_1,A3SYNAGOGUE,N
17775,J_1,A3SWASTIKA,N
17775,J_1,A3DISCRIMINATION,N
47017,J_1,A1ESSENTIAL,N
47017,J_1,A2EVIL,N
47017,J_1,A2CONSPIRACY,N
47017,J_1,A2HIDDENPOWER,N
47017,J_1,A2COLLECTIVEAGENDA,N
47017,J_1,A2CONTROLGOV,N
47017,J_1,A2CONTROLBANKS,N
47017,J_1,A2CONTROLMEDIA,N
47017,J_1,A2LOYALTY,N
47017,J_1,A2DISEASE,N
47017,J_1,A3WEALTH,N
47017,J_1,A3STINGY,N
47017,J_1,A3UNPATRIOTIC,N
47017,J_1,A3CARICATURE,N
47017,J_1,A3VIOLENCE,N
47017,J_1,A3SYNAGOGUE,N
47017,J_1,A3SWASTIKA,N
47017,J_1,A3DISCRIMINATION,N
464,J_1,A1ESSENTIAL,N
464,J_1,A2EVIL,N
464,J_1,A2CONSPIRACY,N
464,J_1,A2HIDDENPOWER,N
464,J_1,A2COLLECTIVEAGENDA,N
464,J_1,A2CONTROLGOV,N
464,J_1,A2CONTROLBANKS,N
464,J_1,A2CONTROLMEDIA,N
464,J_1,A2LOYALTY,N
464,J_1,A2DISEASE,N
464,J_1,A3WEALTH,N
464,J_1,A3STINGY,N
464,J_1,A3UNPATRIOTIC,N
464,J_1,A3CARICATURE,N
464,J_1,A3VIOLENCE,N
464,J_1,A3SYNAGOGUE,N
464,J_1,A3SWASTIKA,N
464,J_1,A3DISCRIMINATION,N
5683,J_1,A1ESSENTIAL,N
5683,J_1,A2EVIL,N
5683,J_1,A2CONSPIRACY,N
5683,J_1,A2HIDDENPOWER,N
5683,J_1,A2COLLECTIVEAGENDA,N
5683,J_1,A2CONTROLGOV,N
5683,J_1,A2CONTROLBANKS,N
5683,J_1,A2CONTROLMEDIA,N
5683,J_1,A2LOYALTY,N
5683,J_1,A2DISEASE,N
5683,J_1,A3WEALTH,N
5683,J_1,A3STINGY,N
5683,J_1,A3UNPATRIOTIC,N
5683,J_1,A3CARICATURE,N
5683,J_1,A3VIOLENCE,N
5683,J_1,A3SYNAGOGUE,N
5683,J_1,A3SWASTIKA,N
5683,J_1,A3DISCRIMINATION,N
43839,J_1,A1ESSENTIAL,N
43839,J_1,A2EVIL,N
43839,J_1,A2CONSPIRACY,N
43839,J_1,A2HIDDENPOWER,N
43839,J_1,A2COLLECTIVEAGENDA,N
43839,J_1,A2CONTROLGOV,N
43839,J_1,A2CONTROLBANKS,N
43839,J_1,A2CONTROLMEDIA,N
43839,J_1,A2LOYALTY,N
43839,J_1,A2DISEASE,N
43839,J_1,A3WEALTH,N
43839,J_1,A3STINGY,N
43839,J_1,A3UNPATRIOTIC,N
43839,J_1,A3CARICATURE,N
43839,J_1,A3VIOLENCE,N
43839,J_1,A3SYNAGOGUE,N
43839,J_1,A3SWASTIKA,N
43839,J_1,A3DISCRIMINATION,N
29951,J_1,A1ESSENTIAL,A
29951,J_1,A2EVIL,N
29951,J_1,A2CONSPIRACY,N
29951,J_1,A2HIDDENPOWER,N
29951,J_1,A2COLLECTIVEAGENDA,N
29951,J_1,A2CONTROLGOV,N
29951,J_1,A2CONTROLBANKS,N
29951,J_1,A2CONTROLMEDIA,N
29951,J_1,A2LOYALTY,N
29951,J_1,A2DISEASE,N
29951,J_1,A3WEALTH,N
29951,J_1,A3STINGY,N
29951,J_1,A3UNPATRIOTIC,N
29951,J_1,A3CARICATURE,N
29951,J_1,A3VIOLENCE,E
29951,J_1,A3SYNAGOGUE,N
29951,J_1,A3SWASTIKA,N
29951,J_1,A3DISCRIMINATION,N
808,J_1,A1ESSENTIAL,N
808,J_1,A2EVIL,N
808,J_1,A2CONSPIRACY,N
808,J_1,A2HIDDENPOWER,N
808,J_1,A2COLLECTIVEAGENDA,N
808,J_1,A2CONTROLGOV,N
808,J_1,A2CONTROLBANKS,N
808,J_1,A2CONTROLMEDIA,N
808,J_1,A2LOYALTY,N
808,J_1,A2DISEASE,N
808,J_1,A3WEALTH,N
808,J_1,A3STINGY,N
808,J_1,A3UNPATRIOTIC,N
808,J_1,A3CARICATURE,N
808,J_1,A3VIOLENCE,N
808,J_1,A3SYNAGOGUE,N
808,J_1,A3SWASTIKA,N
808,J_1,A3DISCRIMINATION,N
15810,J_1,A1ESSENTIAL,N
15810,J_1,A2EVIL,N
15810,J_1,A2CONSPIRACY,N
15810,J_1,A2HIDDENPOWER,N
15810,J_1,A2COLLECTIVEAGENDA,N
15810,J_1,A2CONTROLGOV,N
15810,J_1,A2CONTROLBANKS,N
15810,J_1,A2CONTROLMEDIA,N
15810,J_1,A2LOYALTY,N
15810,J_1,A2DISEASE,N
15810,J_1,A3WEALTH,N
15810,J_1,A3STINGY,N
15810,J_1,A3UNPATRIOTIC,N
15810,J_1,A3CARICATURE,N
15810,J_1,A3VIOLENCE,N
15810,J_1,A3SYNAGOGUE,N
15810,J_1,A3SWASTIKA,N
15810,J_1,A3DISCRIMINATION,N
43889,J_1,A1ESSENTIAL,N
43889,J_1,A2EVIL,N
43889,J_1,A2CONSPIRACY,N
43889,J_1,A2HIDDENPOWER,N
43889,J_1,A2COLLECTIVEAGENDA,N
43889,J_1,A2CONTROLGOV,N
43889,J_1,A2CONTROLBANKS,N
43889,J_1,A2CONTROLMEDIA,N
43889,J_1,A2LOYALTY,N
43889,J_1,A2DISEASE,N
43889,J_1,A3WEALTH,N
43889,J_1,A3STINGY,N
43889,J_1,A3UNPATRIOTIC,N
43889,J_1,A3CARICATURE,N
43889,J_1,A3VIOLENCE,N
43889,J_1,A3SYNAGOGUE,N
43889,J_1,A3SWASTIKA,N
43889,J_1,A3DISCRIMINATION,N
7343,J_1,A1ESSENTIAL,N
7343,J_1,A2EVIL,N
7343,J_1,A2CONSPIRACY,N
7343,J_1,A2HIDDENPOWER,N
7343,J_1,A2COLLECTIVEAGENDA,N
7343,J_1,A2CONTROLGOV,N
7343,J_1,A2CONTROLBANKS,N
7343,J_1,A2CONTROLMEDIA,N
7343,J_1,A2LOYALTY,N
7343,J_1,A2DISEASE,N
7343,J_1,A3WEALTH,N
7343,J_1,A3STINGY,N
7343,J_1,A3UNPATRIOTIC,N
7343,J_1,A3CARICATURE,N
7343,J_1,A3VIOLENCE,N
7343,J_1,A3SYNAGOGUE,N
7343,J_1,A3SWASTIKA,N
7343,J_1,A3DISCRIMINATION,N
788,J_1,A1ESSENTIAL,N
788,J_1,A2EVIL,N
788,J_1,A2CONSPIRACY,N
788,J_1,A2HIDDENPOWER,N
788,J_1,A2COLLECTIVEAGENDA,N
788,J_1,A2CONTROLGOV,N
788,J_1,A2CONTROLBANKS,N
788,J_1,A2CONTROLMEDIA,N
788,J_1,A2LOYALTY,N
788,J_1,A2DISEASE,N
788,J_1,A3WEALTH,N
788,J_1,A3STINGY,N
788,J_1,A3UNPATRIOTIC,N
788,J_1,A3CARICATURE,N
788,J_1,A3VIOLENCE,N
788,J_1,A3SYNAGOGUE,N
788,J_1,A3SWASTIKA,N
788,J_1,A3DISCRIMINATION,N
19770,J_1,A1ESSENTIAL,N
19770,J_1,A2EVIL,N
19770,J_1,A2CONSPIRACY,N
19770,J_1,A2HIDDENPOWER,N
19770,J_1,A2COLLECTIVEAGENDA,N
19770,J_1,A2CONTROLGOV,N
19770,J_1,A2CONTROLBANKS,N
19770,J_1,A2CONTROLMEDIA,N
19770,J_1,A2LOYALTY,N
19770,J_1,A2DISEASE,N
19770,J_1,A3WEALTH,N
19770,J_1,A3STINGY,N
19770,J_1,A3UNPATRIOTIC,N
19770,J_1,A3CARICATURE,N
19770,J_1,A3VIOLENCE,N
19770,J_1,A3SYNAGOGUE,N
19770,J_1,A3SWASTIKA,N
19770,J_1,A3DISCRIMINATION,N
269,J_1,A1ESSENTIAL,N
269,J_1,A2EVIL,N
269,J_1,A2CONSPIRACY,N
269,J_1,A2HIDDENPOWER,N
269,J_1,A2COLLECTIVEAGENDA,N
269,J_1,A2CONTROLGOV,N
269,J_1,A2CONTROLBANKS,N
269,J_1,A2CONTROLMEDIA,N
269,J_1,A2LOYALTY,N
269,J_1,A2DISEASE,N
269,J_1,A3WEALTH,N
269,J_1,A3STINGY,N
269,J_1,A3UNPATRIOTIC,N
269,J_1,A3CARICATURE,N
269,J_1,A3VIOLENCE,N
269,J_1,A3SYNAGOGUE,N
269,J_1,A3SWASTIKA,N
269,J_1,A3DISCRIMINATION,N
43772,J_1,A1ESSENTIAL,I
43772,J_1,A2EVIL,N
43772,J_1,A2CONSPIRACY,N
43772,J_1,A2HIDDENPOWER,N
43772,J_1,A2COLLECTIVEAGENDA,I
43772,J_1,A2CONTROLGOV,N
43772,J_1,A2CONTROLBANKS,N
43772,J_1,A2CONTROLMEDIA,I
43772,J_1,A2LOYALTY,N
43772,J_1,A2DISEASE,N
43772,J_1,A3WEALTH,N
43772,J_1,A3STINGY,I
43772,J_1,A3UNPATRIOTIC,N
43772,J_1,A3CARICATURE,I
43772,J_1,A3VIOLENCE,N
43772,J_1,A3SYNAGOGUE,N
43772,J_1,A3SWASTIKA,N
43772,J_1,A3DISCRIMINATION,N
17104,J_1,A1ESSENTIAL,N
17104,J_1,A2EVIL,N
17104,J_1,A2CONSPIRACY,N
17104,J_1,A2HIDDENPOWER,N
17104,J_1,A2COLLECTIVEAGENDA,N
17104,J_1,A2CONTROLGOV,N
17104,J_1,A2CONTROLBANKS,N
17104,J_1,A2CONTROLMEDIA,N
17104,J_1,A2LOYALTY,N
17104,J_1,A2DISEASE,N
17104,J_1,A3WEALTH,N
17104,J_1,A3STINGY,N
17104,J_1,A3UNPATRIOTIC,N
17104,J_1,A3CARICATURE,N
17104,J_1,A3VIOLENCE,E
17104,J_1,A3SYNAGOGUE,N
17104,J_1,A3SWASTIKA,N
17104,J_1,A3DISCRIMINATION,N
4666,J_1,A1ESSENTIAL,N
4666,J_1,A2EVIL,N
4666,J_1,A2CONSPIRACY,N
4666,J_1,A2HIDDENPOWER,N
4666,J_1,A2COLLECTIVEAGENDA,N
4666,J_1,A2CONTROLGOV,N
4666,J_1,A2CONTROLBANKS,N
4666,J_1,A2CONTROLMEDIA,N
4666,J_1,A2LOYALTY,N
4666,J_1,A2DISEASE,N
4666,J_1,A3WEALTH,N
4666,J_1,A3STINGY,N
4666,J_1,A3UNPATRIOTIC,N
4666,J_1,A3CARICATURE,N
4666,J_1,A3VIOLENCE,N
4666,J_1,A3SYNAGOGUE,N
4666,J_1,A3SWASTIKA,N
4666,J_1,A3DISCRIMINATION,N
33666,J_1,A1ESSENTIAL,N
33666,J_1,A2EVIL,N
33666,J_1,A2CONSPIRACY,N
33666,J_1,A2HIDDENPOWER,N
33666,J_1,A2COLLECTIVEAGENDA,N
33666,J_1,A2CONTROLGOV,N
33666,J_1,A2CONTROLBANKS,N
33666,J_1,A2CONTROLMEDIA,N
33666,J_1,A2LOYALTY,N
33666,J_1,A2DISEASE,N
33666,J_1,A3WEALTH,N
33666,J_1,A3STINGY,N
33666,J_1,A3UNPATRIOTIC,N
33666,J_1,A3CARICATURE,N
33666,J_1,A3VIOLENCE,N
33666,J_1,A3SYNAGOGUE,N
33666,J_1,A3SWASTIKA,N
33666,J_1,A3DISCRIMINATION,N
6751,J_1,A1ESSENTIAL,N
6751,J_1,A2EVIL,N
6751,J_1,A2CONSPIRACY,N
6751,J_1,A2HIDDENPOWER,N
6751,J_1,A2COLLECTIVEAGENDA,N
6751,J_1,A2CONTROLGOV,N
6751,J_1,A2CONTROLBANKS,N
6751,J_1,A2CONTROLMEDIA,N
6751,J_1,A2LOYALTY,N
6751,J_1,A2DISEASE,N
6751,J_1,A3WEALTH,N
6751,J_1,A3STINGY,N
6751,J_1,A3UNPATRIOTIC,N
6751,J_1,A3CARICATURE,N
6751,J_1,A3VIOLENCE,N
6751,J_1,A3SYNAGOGUE,N
6751,J_1,A3SWASTIKA,N
6751,J_1,A3DISCRIMINATION,N
47301,J_1,A1ESSENTIAL,N
47301,J_1,A2EVIL,N
47301,J_1,A2CONSPIRACY,N
47301,J_1,A2HIDDENPOWER,N
47301,J_1,A2COLLECTIVEAGENDA,N
47301,J_1,A2CONTROLGOV,N
47301,J_1,A2CONTROLBANKS,N
47301,J_1,A2CONTROLMEDIA,N
47301,J_1,A2LOYALTY,N
47301,J_1,A2DISEASE,N
47301,J_1,A3WEALTH,N
47301,J_1,A3STINGY,N
47301,J_1,A3UNPATRIOTIC,N
47301,J_1,A3CARICATURE,N
47301,J_1,A3VIOLENCE,N
47301,J_1,A3SYNAGOGUE,N
47301,J_1,A3SWASTIKA,N
47301,J_1,A3DISCRIMINATION,N
7615,J_1,A1ESSENTIAL,N
7615,J_1,A2EVIL,N
7615,J_1,A2CONSPIRACY,N
7615,J_1,A2HIDDENPOWER,N
7615,J_1,A2COLLECTIVEAGENDA,N
7615,J_1,A2CONTROLGOV,N
7615,J_1,A2CONTROLBANKS,N
7615,J_1,A2CONTROLMEDIA,N
7615,J_1,A2LOYALTY,N
7615,J_1,A2DISEASE,N
7615,J_1,A3WEALTH,N
7615,J_1,A3STINGY,N
7615,J_1,A3UNPATRIOTIC,N
7615,J_1,A3CARICATURE,N
7615,J_1,A3VIOLENCE,N
7615,J_1,A3SYNAGOGUE,N
7615,J_1,A3SWASTIKA,N
7615,J_1,A3DISCRIMINATION,N
47435,J_1,A1ESSENTIAL,N
47435,J_1,A2EVIL,N
47435,J_1,A2CONSPIRACY,N
47435,J_1,A2HIDDENPOWER,N
47435,J_1,A2COLLECTIVEAGENDA,N
47435,J_1,A2CONTROLGOV,N
47435,J_1,A2CONTROLBANKS,N
47435,J_1,A2CONTROLMEDIA,N
47435,J_1,A2LOYALTY,N
47435,J_1,A2DISEASE,N
47435,J_1,A3WEALTH,N
47435,J_1,A3STINGY,N
47435,J_1,A3UNPATRIOTIC,N
47435,J_1,A3CARICATURE,N
47435,J_1,A3VIOLENCE,N
47435,J_1,A3SYNAGOGUE,N
47435,J_1,A3SWASTIKA,N
47435,J_1,A3DISCRIMINATION,N
43024,J_1,A1ESSENTIAL,I
43024,J_1,A2EVIL,N
43024,J_1,A2CONSPIRACY,N
43024,J_1,A2HIDDENPOWER,I
43024,J_1,A2COLLECTIVEAGENDA,N
43024,J_1,A2CONTROLGOV,N
43024,J_1,A2CONTROLBANKS,N
43024,J_1,A2CONTROLMEDIA,N
43024,J_1,A2LOYALTY,N
43024,J_1,A2DISEASE,N
43024,J_1,A3WEALTH,N
43024,J_1,A3STINGY,N
43024,J_1,A3UNPATRIOTIC,N
43024,J_1,A3CARICATURE,N
43024,J_1,A3VIOLENCE,N
43024,J_1,A3SYNAGOGUE,N
43024,J_1,A3SWASTIKA,N
43024,J_1,A3DISCRIMINATION,N
9295,J_1,A1ESSENTIAL,N
9295,J_1,A2EVIL,N
9295,J_1,A2CONSPIRACY,N
9295,J_1,A2HIDDENPOWER,N
9295,J_1,A2COLLECTIVEAGENDA,N
9295,J_1,A2CONTROLGOV,N
9295,J_1,A2CONTROLBANKS,N
9295,J_1,A2CONTROLMEDIA,N
9295,J_1,A2LOYALTY,N
9295,J_1,A2DISEASE,N
9295,J_1,A3WEALTH,N
9295,J_1,A3STINGY,N
9295,J_1,A3UNPATRIOTIC,N
9295,J_1,A3CARICATURE,N
9295,J_1,A3VIOLENCE,N
9295,J_1,A3SYNAGOGUE,N
9295,J_1,A3SWASTIKA,N
9295,J_1,A3DISCRIMINATION,N
46031,J_1,A1ESSENTIAL,I
46031,J_1,A2EVIL,I
46031,J_1,A2CONSPIRACY,N
46031,J_1,A2HIDDENPOWER,N
46031,J_1,A2COLLECTIVEAGENDA,I
46031,J_1,A2CONTROLGOV,N
46031,J_1,A2CONTROLBANKS,N
46031,J_1,A2CONTROLMEDIA,N
46031,J_1,A2LOYALTY,N
46031,J_1,A2DISEASE,N
46031,J_1,A3WEALTH,N
46031,J_1,A3STINGY,N
46031,J_1,A3UNPATRIOTIC,N
46031,J_1,A3CARICATURE,N
46031,J_1,A3VIOLENCE,I
46031,J_1,A3SYNAGOGUE,N
46031,J_1,A3SWASTIKA,N
46031,J_1,A3DISCRIMINATION,N
34157,J_1,A1ESSENTIAL,N
34157,J_1,A2EVIL,N
34157,J_1,A2CONSPIRACY,N
34157,J_1,A2HIDDENPOWER,N
34157,J_1,A2COLLECTIVEAGENDA,N
34157,J_1,A2CONTROLGOV,N
34157,J_1,A2CONTROLBANKS,N
34157,J_1,A2CONTROLMEDIA,N
34157,J_1,A2LOYALTY,N
34157,J_1,A2DISEASE,N
34157,J_1,A3WEALTH,N
34157,J_1,A3STINGY,N
34157,J_1,A3UNPATRIOTIC,N
34157,J_1,A3CARICATURE,N
34157,J_1,A3VIOLENCE,N
34157,J_1,A3SYNAGOGUE,N
34157,J_1,A3SWASTIKA,N
34157,J_1,A3DISCRIMINATION,N
14140,J_1,A1ESSENTIAL,N
14140,J_1,A2EVIL,N
14140,J_1,A2CONSPIRACY,N
14140,J_1,A2HIDDENPOWER,N
14140,J_1,A2COLLECTIVEAGENDA,N
14140,J_1,A2CONTROLGOV,N
14140,J_1,A2CONTROLBANKS,N
14140,J_1,A2CONTROLMEDIA,N
14140,J_1,A2LOYALTY,N
14140,J_1,A2DISEASE,N
14140,J_1,A3WEALTH,N
14140,J_1,A3STINGY,N
14140,J_1,A3UNPATRIOTIC,N
14140,J_1,A3CARICATURE,N
14140,J_1,A3VIOLENCE,N
14140,J_1,A3SYNAGOGUE,N
14140,J_1,A3SWASTIKA,N
14140,J_1,A3DISCRIMINATION,N
46559,J_1,A1ESSENTIAL,N
46559,J_1,A2EVIL,N
46559,J_1,A2CONSPIRACY,N
46559,J_1,A2HIDDENPOWER,N
46559,J_1,A2COLLECTIVEAGENDA,N
46559,J_1,A2CONTROLGOV,N
46559,J_1,A2CONTROLBANKS,N
46559,J_1,A2CONTROLMEDIA,N
46559,J_1,A2LOYALTY,N
46559,J_1,A2DISEASE,N
46559,J_1,A3WEALTH,N
46559,J_1,A3STINGY,N
46559,J_1,A3UNPATRIOTIC,N
46559,J_1,A3CARICATURE,N
46559,J_1,A3VIOLENCE,N
46559,J_1,A3SYNAGOGUE,N
46559,J_1,A3SWASTIKA,N
46559,J_1,A3DISCRIMINATION,N
1594,J_1,A1ESSENTIAL,N
1594,J_1,A2EVIL,N
1594,J_1,A2CONSPIRACY,N
1594,J_1,A2HIDDENPOWER,N
1594,J_1,A2COLLECTIVEAGENDA,N
1594,J_1,A2CONTROLGOV,N
1594,J_1,A2CONTROLBANKS,N
1594,J_1,A2CONTROLMEDIA,N
1594,J_1,A2LOYALTY,N
1594,J_1,A2DISEASE,N
1594,J_1,A3WEALTH,N
1594,J_1,A3STINGY,N
1594,J_1,A3UNPATRIOTIC,N
1594,J_1,A3CARICATURE,N
1594,J_1,A3VIOLENCE,N
1594,J_1,A3SYNAGOGUE,N
1594,J_1,A3SWASTIKA,N
1594,J_1,A3DISCRIMINATION,N
23689,J_1,A1ESSENTIAL,N
23689,J_1,A2EVIL,N
23689,J_1,A2CONSPIRACY,N
23689,J_1,A2HIDDENPOWER,N
23689,J_1,A2COLLECTIVEAGENDA,N
23689,J_1,A2CONTROLGOV,N
23689,J_1,A2CONTROLBANKS,N
23689,J_1,A2CONTROLMEDIA,N
23689,J_1,A2LOYALTY,N
23689,J_1,A2DISEASE,N
23689,J_1,A3WEALTH,N
23689,J_1,A3STINGY,N
23689,J_1,A3UNPATRIOTIC,N
23689,J_1,A3CARICATURE,N
23689,J_1,A3VIOLENCE,N
23689,J_1,A3SYNAGOGUE,N
23689,J_1,A3SWASTIKA,N
23689,J_1,A3DISCRIMINATION,N
25396,J_1,A1ESSENTIAL,N
25396,J_1,A2EVIL,N
25396,J_1,A2CONSPIRACY,N
25396,J_1,A2HIDDENPOWER,N
25396,J_1,A2COLLECTIVEAGENDA,N
25396,J_1,A2CONTROLGOV,N
25396,J_1,A2CONTROLBANKS,N
25396,J_1,A2CONTROLMEDIA,N
25396,J_1,A2LOYALTY,N
25396,J_1,A2DISEASE,N
25396,J_1,A3WEALTH,N
25396,J_1,A3STINGY,N
25396,J_1,A3UNPATRIOTIC,N
25396,J_1,A3CARICATURE,N
25396,J_1,A3VIOLENCE,N
25396,J_1,A3SYNAGOGUE,N
25396,J_1,A3SWASTIKA,N
25396,J_1,A3DISCRIMINATION,N
8069,J_1,A1ESSENTIAL,E
8069,J_1,A2EVIL,I
8069,J_1,A2CONSPIRACY,N
8069,J_1,A2HIDDENPOWER,N
8069,J_1,A2COLLECTIVEAGENDA,I
8069,J_1,A2CONTROLGOV,N
8069,J_1,A2CONTROLBANKS,N
8069,J_1,A2CONTROLMEDIA,N
8069,J_1,A2LOYALTY,N
8069,J_1,A2DISEASE,N
8069,J_1,A3WEALTH,N
8069,J_1,A3STINGY,N
8069,J_1,A3UNPATRIOTIC,N
8069,J_1,A3CARICATURE,N
8069,J_1,A3VIOLENCE,N
8069,J_1,A3SYNAGOGUE,N
8069,J_1,A3SWASTIKA,N
8069,J_1,A3DISCRIMINATION,N
2624,J_1,A1ESSENTIAL,A
2624,J_1,A2EVIL,N
2624,J_1,A2CONSPIRACY,I
2624,J_1,A2HIDDENPOWER,I
2624,J_1,A2COLLECTIVEAGENDA,A
2624,J_1,A2CONTROLGOV,N
2624,J_1,A2CONTROLBANKS,N
2624,J_1,A2CONTROLMEDIA,N
2624,J_1,A2LOYALTY,N
2624,J_1,A2DISEASE,N
2624,J_1,A3WEALTH,N
2624,J_1,A3STINGY,N
2624,J_1,A3UNPATRIOTIC,N
2624,J_1,A3CARICATURE,N
2624,J_1,A3VIOLENCE,N
2624,J_1,A3SYNAGOGUE,N
2624,J_1,A3SWASTIKA,N
2624,J_1,A3DISCRIMINATION,N
41393,J_1,A1ESSENTIAL,I
41393,J_1,A2EVIL,I
41393,J_1,A2CONSPIRACY,I
41393,J_1,A2HIDDENPOWER,I
41393,J_1,A2COLLECTIVEAGENDA,I
41393,J_1,A2CONTROLGOV,I
41393,J_1,A2CONTROLBANKS,E
41393,J_1,A2CONTROLMEDIA,N
41393,J_1,A2LOYALTY,N
41393,J_1,A2DISEASE,N
41393,J_1,A3WEALTH,N
41393,J_1,A3STINGY,N
41393,J_1,A3UNPATRIOTIC,N
41393,J_1,A3CARICATURE,N
41393,J_1,A3VIOLENCE,N
41393,J_1,A3SYNAGOGUE,N
41393,J_1,A3SWASTIKA,N
41393,J_1,A3DISCRIMINATION,N
46065,J_1,A1ESSENTIAL,N
46065,J_1,A2EVIL,N
46065,J_1,A2CONSPIRACY,N
46065,J_1,A2HIDDENPOWER,N
46065,J_1,A2COLLECTIVEAGENDA,N
46065,J_1,A2CONTROLGOV,N
46065,J_1,A2CONTROLBANKS,N
46065,J_1,A2CONTROLMEDIA,N
46065,J_1,A2LOYALTY,N
46065,J_1,A2DISEASE,N
46065,J_1,A3WEALTH,N
46065,J_1,A3STINGY,N
46065,J_1,A3UNPATRIOTIC,N
46065,J_1,A3CARICATURE,N
46065,J_1,A3VIOLENCE,N
46065,J_1,A3SYNAGOGUE,N
46065,J_1,A3SWASTIKA,N
46065,J_1,A3DISCRIMINATION,N
12093,J_1,A1ESSENTIAL,N
12093,J_1,A2EVIL,N
12093,J_1,A2CONSPIRACY,N
12093,J_1,A2HIDDENPOWER,N
12093,J_1,A2COLLECTIVEAGENDA,N
12093,J_1,A2CONTROLGOV,N
12093,J_1,A2CONTROLBANKS,N
12093,J_1,A2CONTROLMEDIA,N
12093,J_1,A2LOYALTY,N
12093,J_1,A2DISEASE,N
12093,J_1,A3WEALTH,N
12093,J_1,A3STINGY,N
12093,J_1,A3UNPATRIOTIC,N
12093,J_1,A3CARICATURE,N
12093,J_1,A3VIOLENCE,N
12093,J_1,A3SYNAGOGUE,N
12093,J_1,A3SWASTIKA,N
12093,J_1,A3DISCRIMINATION,N
20058,J_1,A1ESSENTIAL,N
20058,J_1,A2EVIL,N
20058,J_1,A2CONSPIRACY,N
20058,J_1,A2HIDDENPOWER,N
20058,J_1,A2COLLECTIVEAGENDA,N
20058,J_1,A2CONTROLGOV,N
20058,J_1,A2CONTROLBANKS,N
20058,J_1,A2CONTROLMEDIA,N
20058,J_1,A2LOYALTY,N
20058,J_1,A2DISEASE,N
20058,J_1,A3WEALTH,N
20058,J_1,A3STINGY,N
20058,J_1,A3UNPATRIOTIC,N
20058,J_1,A3CARICATURE,N
20058,J_1,A3VIOLENCE,N
20058,J_1,A3SYNAGOGUE,N
20058,J_1,A3SWASTIKA,N
20058,J_1,A3DISCRIMINATION,N
40729,J_1,A1ESSENTIAL,E
40729,J_1,A2EVIL,N
40729,J_1,A2CONSPIRACY,N
40729,J_1,A2HIDDENPOWER,N
40729,J_1,A2COLLECTIVEAGENDA,N
40729,J_1,A2CONTROLGOV,N
40729,J_1,A2CONTROLBANKS,N
40729,J_1,A2CONTROLMEDIA,N
40729,J_1,A2LOYALTY,N
40729,J_1,A2DISEASE,N
40729,J_1,A3WEALTH,N
40729,J_1,A3STINGY,N
40729,J_1,A3UNPATRIOTIC,N
40729,J_1,A3CARICATURE,E
40729,J_1,A3VIOLENCE,N
40729,J_1,A3SYNAGOGUE,N
40729,J_1,A3SWASTIKA,N
40729,J_1,A3DISCRIMINATION,N
15166,J_1,A1ESSENTIAL,N
15166,J_1,A2EVIL,N
15166,J_1,A2CONSPIRACY,N
15166,J_1,A2HIDDENPOWER,N
15166,J_1,A2COLLECTIVEAGENDA,N
15166,J_1,A2CONTROLGOV,N
15166,J_1,A2CONTROLBANKS,N
15166,J_1,A2CONTROLMEDIA,N
15166,J_1,A2LOYALTY,N
15166,J_1,A2DISEASE,N
15166,J_1,A3WEALTH,N
15166,J_1,A3STINGY,N
15166,J_1,A3UNPATRIOTIC,N
15166,J_1,A3CARICATURE,N
15166,J_1,A3VIOLENCE,I
15166,J_1,A3SYNAGOGUE,N
15166,J_1,A3SWASTIKA,N
15166,J_1,A3DISCRIMINATION,N
20002,J_1,A1ESSENTIAL,I
20002,J_1,A2EVIL,N
20002,J_1,A2CONSPIRACY,N
20002,J_1,A2HIDDENPOWER,N
20002,J_1,A2COLLECTIVEAGENDA,N
20002,J_1,A2CONTROLGOV,N
20002,J_1,A2CONTROLBANKS,N
20002,J_1,A2CONTROLMEDIA,N
20002,J_1,A2LOYALTY,N
20002,J_1,A2DISEASE,N
20002,J_1,A3WEALTH,N
20002,J_1,A3STINGY,N
20002,J_1,A3UNPATRIOTIC,N
20002,J_1,A3CARICATURE,N
20002,J_1,A3VIOLENCE,N
20002,J_1,A3SYNAGOGUE,N
20002,J_1,A3SWASTIKA,N
20002,J_1,A3DISCRIMINATION,N
43066,J_1,A1ESSENTIAL,I
43066,J_1,A2EVIL,E
43066,J_1,A2CONSPIRACY,N
43066,J_1,A2HIDDENPOWER,N
43066,J_1,A2COLLECTIVEAGENDA,N
43066,J_1,A2CONTROLGOV,N
43066,J_1,A2CONTROLBANKS,N
43066,J_1,A2CONTROLMEDIA,N
43066,J_1,A2LOYALTY,N
43066,J_1,A2DISEASE,N
43066,J_1,A3WEALTH,N
43066,J_1,A3STINGY,N
43066,J_1,A3UNPATRIOTIC,N
43066,J_1,A3CARICATURE,N
43066,J_1,A3VIOLENCE,N
43066,J_1,A3SYNAGOGUE,N
43066,J_1,A3SWASTIKA,N
43066,J_1,A3DISCRIMINATION,N
18740,J_1,A1ESSENTIAL,E
18740,J_1,A2EVIL,E
18740,J_1,A2CONSPIRACY,N
18740,J_1,A2HIDDENPOWER,N
18740,J_1,A2COLLECTIVEAGENDA,N
18740,J_1,A2CONTROLGOV,N
18740,J_1,A2CONTROLBANKS,N
18740,J_1,A2CONTROLMEDIA,N
18740,J_1,A2LOYALTY,N
18740,J_1,A2DISEASE,N
18740,J_1,A3WEALTH,N
18740,J_1,A3STINGY,N
18740,J_1,A3UNPATRIOTIC,N
18740,J_1,A3CARICATURE,N
18740,J_1,A3VIOLENCE,E
18740,J_1,A3SYNAGOGUE,N
18740,J_1,A3SWASTIKA,N
18740,J_1,A3DISCRIMINATION,N
11252,J_1,A1ESSENTIAL,N
11252,J_1,A2EVIL,N
11252,J_1,A2CONSPIRACY,N
11252,J_1,A2HIDDENPOWER,N
11252,J_1,A2COLLECTIVEAGENDA,N
11252,J_1,A2CONTROLGOV,N
11252,J_1,A2CONTROLBANKS,N
11252,J_1,A2CONTROLMEDIA,N
11252,J_1,A2LOYALTY,N
11252,J_1,A2DISEASE,N
11252,J_1,A3WEALTH,N
11252,J_1,A3STINGY,N
11252,J_1,A3UNPATRIOTIC,N
11252,J_1,A3CARICATURE,N
11252,J_1,A3VIOLENCE,N
11252,J_1,A3SYNAGOGUE,N
11252,J_1,A3SWASTIKA,N
11252,J_1,A3DISCRIMINATION,N
47821,J_1,A1ESSENTIAL,E
47821,J_1,A2EVIL,E
47821,J_1,A2CONSPIRACY,I
47821,J_1,A2HIDDENPOWER,E
47821,J_1,A2COLLECTIVEAGENDA,I
47821,J_1,A2CONTROLGOV,I
47821,J_1,A2CONTROLBANKS,N
47821,J_1,A2CONTROLMEDIA,E
47821,J_1,A2LOYALTY,N
47821,J_1,A2DISEASE,N
47821,J_1,A3WEALTH,N
47821,J_1,A3STINGY,N
47821,J_1,A3UNPATRIOTIC,N
47821,J_1,A3CARICATURE,N
47821,J_1,A3VIOLENCE,N
47821,J_1,A3SYNAGOGUE,N
47821,J_1,A3SWASTIKA,N
47821,J_1,A3DISCRIMINATION,N
23298,J_1,A1ESSENTIAL,N
23298,J_1,A2EVIL,N
23298,J_1,A2CONSPIRACY,N
23298,J_1,A2HIDDENPOWER,N
23298,J_1,A2COLLECTIVEAGENDA,N
23298,J_1,A2CONTROLGOV,N
23298,J_1,A2CONTROLBANKS,N
23298,J_1,A2CONTROLMEDIA,N
23298,J_1,A2LOYALTY,N
23298,J_1,A2DISEASE,N
23298,J_1,A3WEALTH,N
23298,J_1,A3STINGY,N
23298,J_1,A3UNPATRIOTIC,N
23298,J_1,A3CARICATURE,N
23298,J_1,A3VIOLENCE,N
23298,J_1,A3SYNAGOGUE,N
23298,J_1,A3SWASTIKA,N
23298,J_1,A3DISCRIMINATION,N
7158,J_1,A1ESSENTIAL,N
7158,J_1,A2EVIL,N
7158,J_1,A2CONSPIRACY,N
7158,J_1,A2HIDDENPOWER,N
7158,J_1,A2COLLECTIVEAGENDA,N
7158,J_1,A2CONTROLGOV,N
7158,J_1,A2CONTROLBANKS,N
7158,J_1,A2CONTROLMEDIA,N
7158,J_1,A2LOYALTY,N
7158,J_1,A2DISEASE,N
7158,J_1,A3WEALTH,N
7158,J_1,A3STINGY,N
7158,J_1,A3UNPATRIOTIC,N
7158,J_1,A3CARICATURE,N
7158,J_1,A3VIOLENCE,N
7158,J_1,A3SYNAGOGUE,N
7158,J_1,A3SWASTIKA,N
7158,J_1,A3DISCRIMINATION,N
45811,J_1,A1ESSENTIAL,I
45811,J_1,A2EVIL,N
45811,J_1,A2CONSPIRACY,I
45811,J_1,A2HIDDENPOWER,I
45811,J_1,A2COLLECTIVEAGENDA,I
45811,J_1,A2CONTROLGOV,N
45811,J_1,A2CONTROLBANKS,N
45811,J_1,A2CONTROLMEDIA,N
45811,J_1,A2LOYALTY,N
45811,J_1,A2DISEASE,N
45811,J_1,A3WEALTH,I
45811,J_1,A3STINGY,I
45811,J_1,A3UNPATRIOTIC,N
45811,J_1,A3CARICATURE,N
45811,J_1,A3VIOLENCE,N
45811,J_1,A3SYNAGOGUE,N
45811,J_1,A3SWASTIKA,N
45811,J_1,A3DISCRIMINATION,N
16205,J_1,A1ESSENTIAL,N
16205,J_1,A2EVIL,N
16205,J_1,A2CONSPIRACY,N
16205,J_1,A2HIDDENPOWER,N
16205,J_1,A2COLLECTIVEAGENDA,N
16205,J_1,A2CONTROLGOV,N
16205,J_1,A2CONTROLBANKS,N
16205,J_1,A2CONTROLMEDIA,N
16205,J_1,A2LOYALTY,N
16205,J_1,A2DISEASE,N
16205,J_1,A3WEALTH,N
16205,J_1,A3STINGY,N
16205,J_1,A3UNPATRIOTIC,N
16205,J_1,A3CARICATURE,N
16205,J_1,A3VIOLENCE,N
16205,J_1,A3SYNAGOGUE,N
16205,J_1,A3SWASTIKA,N
16205,J_1,A3DISCRIMINATION,N
37566,J_1,A1ESSENTIAL,N
37566,J_1,A2EVIL,N
37566,J_1,A2CONSPIRACY,N
37566,J_1,A2HIDDENPOWER,N
37566,J_1,A2COLLECTIVEAGENDA,N
37566,J_1,A2CONTROLGOV,N
37566,J_1,A2CONTROLBANKS,N
37566,J_1,A2CONTROLMEDIA,N
37566,J_1,A2LOYALTY,N
37566,J_1,A2DISEASE,N
37566,J_1,A3WEALTH,N
37566,J_1,A3STINGY,N
37566,J_1,A3UNPATRIOTIC,N
37566,J_1,A3CARICATURE,N
37566,J_1,A3VIOLENCE,N
37566,J_1,A3SYNAGOGUE,N
37566,J_1,A3SWASTIKA,N
37566,J_1,A3DISCRIMINATION,N
45042,J_1,A1ESSENTIAL,A
45042,J_1,A2EVIL,A
45042,J_1,A2CONSPIRACY,N
45042,J_1,A2HIDDENPOWER,N
45042,J_1,A2COLLECTIVEAGENDA,N
45042,J_1,A2CONTROLGOV,N
45042,J_1,A2CONTROLBANKS,N
45042,J_1,A2CONTROLMEDIA,N
45042,J_1,A2LOYALTY,N
45042,J_1,A2DISEASE,N
45042,J_1,A3WEALTH,N
45042,J_1,A3STINGY,N
45042,J_1,A3UNPATRIOTIC,N
45042,J_1,A3CARICATURE,N
45042,J_1,A3VIOLENCE,N
45042,J_1,A3SYNAGOGUE,N
45042,J_1,A3SWASTIKA,N
45042,J_1,A3DISCRIMINATION,N
4338,J_1,A1ESSENTIAL,N
4338,J_1,A2EVIL,N
4338,J_1,A2CONSPIRACY,N
4338,J_1,A2HIDDENPOWER,N
4338,J_1,A2COLLECTIVEAGENDA,N
4338,J_1,A2CONTROLGOV,N
4338,J_1,A2CONTROLBANKS,N
4338,J_1,A2CONTROLMEDIA,N
4338,J_1,A2LOYALTY,N
4338,J_1,A2DISEASE,N
4338,J_1,A3WEALTH,N
4338,J_1,A3STINGY,N
4338,J_1,A3UNPATRIOTIC,N
4338,J_1,A3CARICATURE,N
4338,J_1,A3VIOLENCE,N
4338,J_1,A3SYNAGOGUE,N
4338,J_1,A3SWASTIKA,N
4338,J_1,A3DISCRIMINATION,N
9230,J_1,A1ESSENTIAL,N
9230,J_1,A2EVIL,N
9230,J_1,A2CONSPIRACY,N
9230,J_1,A2HIDDENPOWER,N
9230,J_1,A2COLLECTIVEAGENDA,N
9230,J_1,A2CONTROLGOV,N
9230,J_1,A2CONTROLBANKS,N
9230,J_1,A2CONTROLMEDIA,N
9230,J_1,A2LOYALTY,N
9230,J_1,A2DISEASE,N
9230,J_1,A3WEALTH,N
9230,J_1,A3STINGY,N
9230,J_1,A3UNPATRIOTIC,N
9230,J_1,A3CARICATURE,N
9230,J_1,A3VIOLENCE,N
9230,J_1,A3SYNAGOGUE,N
9230,J_1,A3SWASTIKA,N
9230,J_1,A3DISCRIMINATION,N
9406,J_1,A1ESSENTIAL,N
9406,J_1,A2EVIL,N
9406,J_1,A2CONSPIRACY,N
9406,J_1,A2HIDDENPOWER,N
9406,J_1,A2COLLECTIVEAGENDA,N
9406,J_1,A2CONTROLGOV,N
9406,J_1,A2CONTROLBANKS,N
9406,J_1,A2CONTROLMEDIA,N
9406,J_1,A2LOYALTY,N
9406,J_1,A2DISEASE,N
9406,J_1,A3WEALTH,N
9406,J_1,A3STINGY,N
9406,J_1,A3UNPATRIOTIC,N
9406,J_1,A3CARICATURE,N
9406,J_1,A3VIOLENCE,N
9406,J_1,A3SYNAGOGUE,N
9406,J_1,A3SWASTIKA,N
9406,J_1,A3DISCRIMINATION,N
11900,J_1,A1ESSENTIAL,N
11900,J_1,A2EVIL,N
11900,J_1,A2CONSPIRACY,N
11900,J_1,A2HIDDENPOWER,N
11900,J_1,A2COLLECTIVEAGENDA,N
11900,J_1,A2CONTROLGOV,N
11900,J_1,A2CONTROLBANKS,N
11900,J_1,A2CONTROLMEDIA,N
11900,J_1,A2LOYALTY,N
11900,J_1,A2DISEASE,N
11900,J_1,A3WEALTH,N
11900,J_1,A3STINGY,N
11900,J_1,A3UNPATRIOTIC,N
11900,J_1,A3CARICATURE,N
11900,J_1,A3VIOLENCE,N
11900,J_1,A3SYNAGOGUE,N
11900,J_1,A3SWASTIKA,N
11900,J_1,A3DISCRIMINATION,N
27751,J_1,A1ESSENTIAL,N
27751,J_1,A2EVIL,N
27751,J_1,A2CONSPIRACY,N
27751,J_1,A2HIDDENPOWER,N
27751,J_1,A2COLLECTIVEAGENDA,N
27751,J_1,A2CONTROLGOV,N
27751,J_1,A2CONTROLBANKS,N
27751,J_1,A2CONTROLMEDIA,N
27751,J_1,A2LOYALTY,N
27751,J_1,A2DISEASE,N
27751,J_1,A3WEALTH,N
27751,J_1,A3STINGY,N
27751,J_1,A3UNPATRIOTIC,N
27751,J_1,A3CARICATURE,N
27751,J_1,A3VIOLENCE,N
27751,J_1,A3SYNAGOGUE,N
27751,J_1,A3SWASTIKA,N
27751,J_1,A3DISCRIMINATION,N
45949,J_1,A1ESSENTIAL,I
45949,J_1,A2EVIL,N
45949,J_1,A2CONSPIRACY,N
45949,J_1,A2HIDDENPOWER,N
45949,J_1,A2COLLECTIVEAGENDA,N
45949,J_1,A2CONTROLGOV,N
45949,J_1,A2CONTROLBANKS,N
45949,J_1,A2CONTROLMEDIA,N
45949,J_1,A2LOYALTY,N
45949,J_1,A2DISEASE,N
45949,J_1,A3WEALTH,N
45949,J_1,A3STINGY,I
45949,J_1,A3UNPATRIOTIC,N
45949,J_1,A3CARICATURE,N
45949,J_1,A3VIOLENCE,N
45949,J_1,A3SYNAGOGUE,N
45949,J_1,A3SWASTIKA,N
45949,J_1,A3DISCRIMINATION,N
20070,J_1,A1ESSENTIAL,N
20070,J_1,A2EVIL,N
20070,J_1,A2CONSPIRACY,N
20070,J_1,A2HIDDENPOWER,N
20070,J_1,A2COLLECTIVEAGENDA,N
20070,J_1,A2CONTROLGOV,N
20070,J_1,A2CONTROLBANKS,N
20070,J_1,A2CONTROLMEDIA,N
20070,J_1,A2LOYALTY,N
20070,J_1,A2DISEASE,N
20070,J_1,A3WEALTH,N
20070,J_1,A3STINGY,N
20070,J_1,A3UNPATRIOTIC,N
20070,J_1,A3CARICATURE,N
20070,J_1,A3VIOLENCE,N
20070,J_1,A3SYNAGOGUE,N
20070,J_1,A3SWASTIKA,N
20070,J_1,A3DISCRIMINATION,N
1987,J_1,A1ESSENTIAL,N
1987,J_1,A2EVIL,N
1987,J_1,A2CONSPIRACY,N
1987,J_1,A2HIDDENPOWER,N
1987,J_1,A2COLLECTIVEAGENDA,N
1987,J_1,A2CONTROLGOV,N
1987,J_1,A2CONTROLBANKS,N
1987,J_1,A2CONTROLMEDIA,N
1987,J_1,A2LOYALTY,N
1987,J_1,A2DISEASE,N
1987,J_1,A3WEALTH,N
1987,J_1,A3STINGY,N
1987,J_1,A3UNPATRIOTIC,N
1987,J_1,A3CARICATURE,N
1987,J_1,A3VIOLENCE,N
1987,J_1,A3SYNAGOGUE,N
1987,J_1,A3SWASTIKA,N
1987,J_1,A3DISCRIMINATION,N
38510,J_1,A1ESSENTIAL,N
38510,J_1,A2EVIL,N
38510,J_1,A2CONSPIRACY,N
38510,J_1,A2HIDDENPOWER,N
38510,J_1,A2COLLECTIVEAGENDA,N
38510,J_1,A2CONTROLGOV,N
38510,J_1,A2CONTROLBANKS,N
38510,J_1,A2CONTROLMEDIA,N
38510,J_1,A2LOYALTY,N
38510,J_1,A2DISEASE,N
38510,J_1,A3WEALTH,N
38510,J_1,A3STINGY,N
38510,J_1,A3UNPATRIOTIC,N
38510,J_1,A3CARICATURE,N
38510,J_1,A3VIOLENCE,N
38510,J_1,A3SYNAGOGUE,N
38510,J_1,A3SWASTIKA,N
38510,J_1,A3DISCRIMINATION,N
45741,J_1,A1ESSENTIAL,N
45741,J_1,A2EVIL,N
45741,J_1,A2CONSPIRACY,N
45741,J_1,A2HIDDENPOWER,N
45741,J_1,A2COLLECTIVEAGENDA,N
45741,J_1,A2CONTROLGOV,N
45741,J_1,A2CONTROLBANKS,N
45741,J_1,A2CONTROLMEDIA,N
45741,J_1,A2LOYALTY,N
45741,J_1,A2DISEASE,N
45741,J_1,A3WEALTH,N
45741,J_1,A3STINGY,N
45741,J_1,A3UNPATRIOTIC,N
45741,J_1,A3CARICATURE,N
45741,J_1,A3VIOLENCE,N
45741,J_1,A3SYNAGOGUE,N
45741,J_1,A3SWASTIKA,N
45741,J_1,A3DISCRIMINATION,N
3619,J_1,A1ESSENTIAL,N
3619,J_1,A2EVIL,N
3619,J_1,A2CONSPIRACY,N
3619,J_1,A2HIDDENPOWER,N
3619,J_1,A2COLLECTIVEAGENDA,N
3619,J_1,A2CONTROLGOV,N
3619,J_1,A2CONTROLBANKS,N
3619,J_1,A2CONTROLMEDIA,N
3619,J_1,A2LOYALTY,N
3619,J_1,A2DISEASE,N
3619,J_1,A3WEALTH,N
3619,J_1,A3STINGY,N
3619,J_1,A3UNPATRIOTIC,N
3619,J_1,A3CARICATURE,N
3619,J_1,A3VIOLENCE,N
3619,J_1,A3SYNAGOGUE,N
3619,J_1,A3SWASTIKA,N
3619,J_1,A3DISCRIMINATION,N
38527,J_1,A1ESSENTIAL,N
38527,J_1,A2EVIL,N
38527,J_1,A2CONSPIRACY,N
38527,J_1,A2HIDDENPOWER,N
38527,J_1,A2COLLECTIVEAGENDA,N
38527,J_1,A2CONTROLGOV,N
38527,J_1,A2CONTROLBANKS,N
38527,J_1,A2CONTROLMEDIA,N
38527,J_1,A2LOYALTY,N
38527,J_1,A2DISEASE,N
38527,J_1,A3WEALTH,N
38527,J_1,A3STINGY,N
38527,J_1,A3UNPATRIOTIC,N
38527,J_1,A3CARICATURE,N
38527,J_1,A3VIOLENCE,N
38527,J_1,A3SYNAGOGUE,N
38527,J_1,A3SWASTIKA,N
38527,J_1,A3DISCRIMINATION,N
23387,J_1,A1ESSENTIAL,N
23387,J_1,A2EVIL,N
23387,J_1,A2CONSPIRACY,N
23387,J_1,A2HIDDENPOWER,N
23387,J_1,A2COLLECTIVEAGENDA,N
23387,J_1,A2CONTROLGOV,N
23387,J_1,A2CONTROLBANKS,N
23387,J_1,A2CONTROLMEDIA,N
23387,J_1,A2LOYALTY,N
23387,J_1,A2DISEASE,N
23387,J_1,A3WEALTH,N
23387,J_1,A3STINGY,N
23387,J_1,A3UNPATRIOTIC,N
23387,J_1,A3CARICATURE,N
23387,J_1,A3VIOLENCE,N
23387,J_1,A3SYNAGOGUE,N
23387,J_1,A3SWASTIKA,N
23387,J_1,A3DISCRIMINATION,N
23944,J_1,A1ESSENTIAL,N
23944,J_1,A2EVIL,I
23944,J_1,A2CONSPIRACY,N
23944,J_1,A2HIDDENPOWER,N
23944,J_1,A2COLLECTIVEAGENDA,N
23944,J_1,A2CONTROLGOV,N
23944,J_1,A2CONTROLBANKS,N
23944,J_1,A2CONTROLMEDIA,N
23944,J_1,A2LOYALTY,N
23944,J_1,A2DISEASE,N
23944,J_1,A3WEALTH,N
23944,J_1,A3STINGY,N
23944,J_1,A3UNPATRIOTIC,N
23944,J_1,A3CARICATURE,N
23944,J_1,A3VIOLENCE,N
23944,J_1,A3SYNAGOGUE,N
23944,J_1,A3SWASTIKA,N
23944,J_1,A3DISCRIMINATION,N
23602,J_1,A1ESSENTIAL,N
23602,J_1,A2EVIL,N
23602,J_1,A2CONSPIRACY,N
23602,J_1,A2HIDDENPOWER,N
23602,J_1,A2COLLECTIVEAGENDA,N
23602,J_1,A2CONTROLGOV,N
23602,J_1,A2CONTROLBANKS,N
23602,J_1,A2CONTROLMEDIA,N
23602,J_1,A2LOYALTY,N
23602,J_1,A2DISEASE,N
23602,J_1,A3WEALTH,N
23602,J_1,A3STINGY,N
23602,J_1,A3UNPATRIOTIC,N
23602,J_1,A3CARICATURE,N
23602,J_1,A3VIOLENCE,N
23602,J_1,A3SYNAGOGUE,N
23602,J_1,A3SWASTIKA,N
23602,J_1,A3DISCRIMINATION,N
42741,J_1,A1ESSENTIAL,N
42741,J_1,A2EVIL,N
42741,J_1,A2CONSPIRACY,N
42741,J_1,A2HIDDENPOWER,N
42741,J_1,A2COLLECTIVEAGENDA,N
42741,J_1,A2CONTROLGOV,N
42741,J_1,A2CONTROLBANKS,N
42741,J_1,A2CONTROLMEDIA,N
42741,J_1,A2LOYALTY,N
42741,J_1,A2DISEASE,N
42741,J_1,A3WEALTH,N
42741,J_1,A3STINGY,N
42741,J_1,A3UNPATRIOTIC,N
42741,J_1,A3CARICATURE,N
42741,J_1,A3VIOLENCE,N
42741,J_1,A3SYNAGOGUE,N
42741,J_1,A3SWASTIKA,N
42741,J_1,A3DISCRIMINATION,N
17954,J_1,A1ESSENTIAL,N
17954,J_1,A2EVIL,N
17954,J_1,A2CONSPIRACY,N
17954,J_1,A2HIDDENPOWER,N
17954,J_1,A2COLLECTIVEAGENDA,N
17954,J_1,A2CONTROLGOV,N
17954,J_1,A2CONTROLBANKS,N
17954,J_1,A2CONTROLMEDIA,N
17954,J_1,A2LOYALTY,N
17954,J_1,A2DISEASE,N
17954,J_1,A3WEALTH,N
17954,J_1,A3STINGY,N
17954,J_1,A3UNPATRIOTIC,N
17954,J_1,A3CARICATURE,N
17954,J_1,A3VIOLENCE,N
17954,J_1,A3SYNAGOGUE,N
17954,J_1,A3SWASTIKA,N
17954,J_1,A3DISCRIMINATION,N
15399,J_1,A1ESSENTIAL,N
15399,J_1,A2EVIL,N
15399,J_1,A2CONSPIRACY,N
15399,J_1,A2HIDDENPOWER,N
15399,J_1,A2COLLECTIVEAGENDA,N
15399,J_1,A2CONTROLGOV,N
15399,J_1,A2CONTROLBANKS,N
15399,J_1,A2CONTROLMEDIA,N
15399,J_1,A2LOYALTY,N
15399,J_1,A2DISEASE,N
15399,J_1,A3WEALTH,N
15399,J_1,A3STINGY,N
15399,J_1,A3UNPATRIOTIC,N
15399,J_1,A3CARICATURE,N
15399,J_1,A3VIOLENCE,N
15399,J_1,A3SYNAGOGUE,N
15399,J_1,A3SWASTIKA,N
15399,J_1,A3DISCRIMINATION,N
5443,J_1,A1ESSENTIAL,N
5443,J_1,A2EVIL,N
5443,J_1,A2CONSPIRACY,N
5443,J_1,A2HIDDENPOWER,N
5443,J_1,A2COLLECTIVEAGENDA,N
5443,J_1,A2CONTROLGOV,N
5443,J_1,A2CONTROLBANKS,N
5443,J_1,A2CONTROLMEDIA,N
5443,J_1,A2LOYALTY,N
5443,J_1,A2DISEASE,N
5443,J_1,A3WEALTH,N
5443,J_1,A3STINGY,N
5443,J_1,A3UNPATRIOTIC,N
5443,J_1,A3CARICATURE,N
5443,J_1,A3VIOLENCE,N
5443,J_1,A3SYNAGOGUE,N
5443,J_1,A3SWASTIKA,N
5443,J_1,A3DISCRIMINATION,N
18752,J_1,A1ESSENTIAL,N
18752,J_1,A2EVIL,N
18752,J_1,A2CONSPIRACY,N
18752,J_1,A2HIDDENPOWER,N
18752,J_1,A2COLLECTIVEAGENDA,N
18752,J_1,A2CONTROLGOV,N
18752,J_1,A2CONTROLBANKS,N
18752,J_1,A2CONTROLMEDIA,N
18752,J_1,A2LOYALTY,N
18752,J_1,A2DISEASE,N
18752,J_1,A3WEALTH,N
18752,J_1,A3STINGY,N
18752,J_1,A3UNPATRIOTIC,N
18752,J_1,A3CARICATURE,N
18752,J_1,A3VIOLENCE,N
18752,J_1,A3SYNAGOGUE,N
18752,J_1,A3SWASTIKA,N
18752,J_1,A3DISCRIMINATION,N
9141,J_1,A1ESSENTIAL,N
9141,J_1,A2EVIL,N
9141,J_1,A2CONSPIRACY,N
9141,J_1,A2HIDDENPOWER,N
9141,J_1,A2COLLECTIVEAGENDA,N
9141,J_1,A2CONTROLGOV,N
9141,J_1,A2CONTROLBANKS,N
9141,J_1,A2CONTROLMEDIA,N
9141,J_1,A2LOYALTY,N
9141,J_1,A2DISEASE,N
9141,J_1,A3WEALTH,N
9141,J_1,A3STINGY,N
9141,J_1,A3UNPATRIOTIC,N
9141,J_1,A3CARICATURE,N
9141,J_1,A3VIOLENCE,N
9141,J_1,A3SYNAGOGUE,N
9141,J_1,A3SWASTIKA,N
9141,J_1,A3DISCRIMINATION,N
44799,J_1,A1ESSENTIAL,N
44799,J_1,A2EVIL,N
44799,J_1,A2CONSPIRACY,N
44799,J_1,A2HIDDENPOWER,N
44799,J_1,A2COLLECTIVEAGENDA,N
44799,J_1,A2CONTROLGOV,N
44799,J_1,A2CONTROLBANKS,N
44799,J_1,A2CONTROLMEDIA,N
44799,J_1,A2LOYALTY,N
44799,J_1,A2DISEASE,N
44799,J_1,A3WEALTH,N
44799,J_1,A3STINGY,N
44799,J_1,A3UNPATRIOTIC,N
44799,J_1,A3CARICATURE,N
44799,J_1,A3VIOLENCE,N
44799,J_1,A3SYNAGOGUE,N
44799,J_1,A3SWASTIKA,N
44799,J_1,A3DISCRIMINATION,N
41636,J_1,A1ESSENTIAL,N
41636,J_1,A2EVIL,N
41636,J_1,A2CONSPIRACY,N
41636,J_1,A2HIDDENPOWER,N
41636,J_1,A2COLLECTIVEAGENDA,N
41636,J_1,A2CONTROLGOV,N
41636,J_1,A2CONTROLBANKS,N
41636,J_1,A2CONTROLMEDIA,N
41636,J_1,A2LOYALTY,N
41636,J_1,A2DISEASE,N
41636,J_1,A3WEALTH,N
41636,J_1,A3STINGY,N
41636,J_1,A3UNPATRIOTIC,N
41636,J_1,A3CARICATURE,N
41636,J_1,A3VIOLENCE,N
41636,J_1,A3SYNAGOGUE,N
41636,J_1,A3SWASTIKA,N
41636,J_1,A3DISCRIMINATION,N
45003,J_1,A1ESSENTIAL,N
45003,J_1,A2EVIL,N
45003,J_1,A2CONSPIRACY,N
45003,J_1,A2HIDDENPOWER,N
45003,J_1,A2COLLECTIVEAGENDA,N
45003,J_1,A2CONTROLGOV,N
45003,J_1,A2CONTROLBANKS,N
45003,J_1,A2CONTROLMEDIA,N
45003,J_1,A2LOYALTY,N
45003,J_1,A2DISEASE,N
45003,J_1,A3WEALTH,N
45003,J_1,A3STINGY,N
45003,J_1,A3UNPATRIOTIC,N
45003,J_1,A3CARICATURE,N
45003,J_1,A3VIOLENCE,N
45003,J_1,A3SYNAGOGUE,N
45003,J_1,A3SWASTIKA,N
45003,J_1,A3DISCRIMINATION,N
46201,J_1,A1ESSENTIAL,I
46201,J_1,A2EVIL,I
46201,J_1,A2CONSPIRACY,N
46201,J_1,A2HIDDENPOWER,N
46201,J_1,A2COLLECTIVEAGENDA,I
46201,J_1,A2CONTROLGOV,N
46201,J_1,A2CONTROLBANKS,N
46201,J_1,A2CONTROLMEDIA,N
46201,J_1,A2LOYALTY,N
46201,J_1,A2DISEASE,N
46201,J_1,A3WEALTH,N
46201,J_1,A3STINGY,N
46201,J_1,A3UNPATRIOTIC,N
46201,J_1,A3CARICATURE,N
46201,J_1,A3VIOLENCE,N
46201,J_1,A3SYNAGOGUE,N
46201,J_1,A3SWASTIKA,N
46201,J_1,A3DISCRIMINATION,N
16902,J_1,A1ESSENTIAL,N
16902,J_1,A2EVIL,N
16902,J_1,A2CONSPIRACY,N
16902,J_1,A2HIDDENPOWER,N
16902,J_1,A2COLLECTIVEAGENDA,N
16902,J_1,A2CONTROLGOV,N
16902,J_1,A2CONTROLBANKS,N
16902,J_1,A2CONTROLMEDIA,N
16902,J_1,A2LOYALTY,N
16902,J_1,A2DISEASE,N
16902,J_1,A3WEALTH,N
16902,J_1,A3STINGY,N
16902,J_1,A3UNPATRIOTIC,N
16902,J_1,A3CARICATURE,N
16902,J_1,A3VIOLENCE,N
16902,J_1,A3SYNAGOGUE,N
16902,J_1,A3SWASTIKA,N
16902,J_1,A3DISCRIMINATION,N
1191,J_1,A1ESSENTIAL,N
1191,J_1,A2EVIL,N
1191,J_1,A2CONSPIRACY,N
1191,J_1,A2HIDDENPOWER,N
1191,J_1,A2COLLECTIVEAGENDA,N
1191,J_1,A2CONTROLGOV,N
1191,J_1,A2CONTROLBANKS,N
1191,J_1,A2CONTROLMEDIA,N
1191,J_1,A2LOYALTY,N
1191,J_1,A2DISEASE,N
1191,J_1,A3WEALTH,N
1191,J_1,A3STINGY,N
1191,J_1,A3UNPATRIOTIC,N
1191,J_1,A3CARICATURE,N
1191,J_1,A3VIOLENCE,N
1191,J_1,A3SYNAGOGUE,N
1191,J_1,A3SWASTIKA,N
1191,J_1,A3DISCRIMINATION,N
15770,J_1,A1ESSENTIAL,N
15770,J_1,A2EVIL,N
15770,J_1,A2CONSPIRACY,N
15770,J_1,A2HIDDENPOWER,N
15770,J_1,A2COLLECTIVEAGENDA,N
15770,J_1,A2CONTROLGOV,N
15770,J_1,A2CONTROLBANKS,N
15770,J_1,A2CONTROLMEDIA,N
15770,J_1,A2LOYALTY,N
15770,J_1,A2DISEASE,N
15770,J_1,A3WEALTH,N
15770,J_1,A3STINGY,N
15770,J_1,A3UNPATRIOTIC,N
15770,J_1,A3CARICATURE,N
15770,J_1,A3VIOLENCE,N
15770,J_1,A3SYNAGOGUE,N
15770,J_1,A3SWASTIKA,N
15770,J_1,A3DISCRIMINATION,N
14634,J_1,A1ESSENTIAL,N
14634,J_1,A2EVIL,N
14634,J_1,A2CONSPIRACY,N
14634,J_1,A2HIDDENPOWER,N
14634,J_1,A2COLLECTIVEAGENDA,N
14634,J_1,A2CONTROLGOV,N
14634,J_1,A2CONTROLBANKS,N
14634,J_1,A2CONTROLMEDIA,N
14634,J_1,A2LOYALTY,N
14634,J_1,A2DISEASE,N
14634,J_1,A3WEALTH,N
14634,J_1,A3STINGY,N
14634,J_1,A3UNPATRIOTIC,N
14634,J_1,A3CARICATURE,N
14634,J_1,A3VIOLENCE,N
14634,J_1,A3SYNAGOGUE,N
14634,J_1,A3SWASTIKA,N
14634,J_1,A3DISCRIMINATION,N
20320,J_1,A1ESSENTIAL,I
20320,J_1,A2EVIL,I
20320,J_1,A2CONSPIRACY,E
20320,J_1,A2HIDDENPOWER,I
20320,J_1,A2COLLECTIVEAGENDA,E
20320,J_1,A2CONTROLGOV,I
20320,J_1,A2CONTROLBANKS,E
20320,J_1,A2CONTROLMEDIA,N
20320,J_1,A2LOYALTY,I
20320,J_1,A2DISEASE,N
20320,J_1,A3WEALTH,I
20320,J_1,A3STINGY,N
20320,J_1,A3UNPATRIOTIC,N
20320,J_1,A3CARICATURE,N
20320,J_1,A3VIOLENCE,N
20320,J_1,A3SYNAGOGUE,N
20320,J_1,A3SWASTIKA,N
20320,J_1,A3DISCRIMINATION,N
8282,J_1,A1ESSENTIAL,N
8282,J_1,A2EVIL,N
8282,J_1,A2CONSPIRACY,N
8282,J_1,A2HIDDENPOWER,N
8282,J_1,A2COLLECTIVEAGENDA,N
8282,J_1,A2CONTROLGOV,N
8282,J_1,A2CONTROLBANKS,N
8282,J_1,A2CONTROLMEDIA,N
8282,J_1,A2LOYALTY,N
8282,J_1,A2DISEASE,N
8282,J_1,A3WEALTH,N
8282,J_1,A3STINGY,N
8282,J_1,A3UNPATRIOTIC,N
8282,J_1,A3CARICATURE,N
8282,J_1,A3VIOLENCE,N
8282,J_1,A3SYNAGOGUE,N
8282,J_1,A3SWASTIKA,N
8282,J_1,A3DISCRIMINATION,N
2061,J_1,A1ESSENTIAL,N
2061,J_1,A2EVIL,N
2061,J_1,A2CONSPIRACY,N
2061,J_1,A2HIDDENPOWER,N
2061,J_1,A2COLLECTIVEAGENDA,N
2061,J_1,A2CONTROLGOV,N
2061,J_1,A2CONTROLBANKS,N
2061,J_1,A2CONTROLMEDIA,N
2061,J_1,A2LOYALTY,N
2061,J_1,A2DISEASE,N
2061,J_1,A3WEALTH,N
2061,J_1,A3STINGY,N
2061,J_1,A3UNPATRIOTIC,N
2061,J_1,A3CARICATURE,N
2061,J_1,A3VIOLENCE,N
2061,J_1,A3SYNAGOGUE,N
2061,J_1,A3SWASTIKA,N
2061,J_1,A3DISCRIMINATION,N
234,J_1,A1ESSENTIAL,N
234,J_1,A2EVIL,N
234,J_1,A2CONSPIRACY,N
234,J_1,A2HIDDENPOWER,N
234,J_1,A2COLLECTIVEAGENDA,N
234,J_1,A2CONTROLGOV,N
234,J_1,A2CONTROLBANKS,N
234,J_1,A2CONTROLMEDIA,N
234,J_1,A2LOYALTY,N
234,J_1,A2DISEASE,N
234,J_1,A3WEALTH,N
234,J_1,A3STINGY,N
234,J_1,A3UNPATRIOTIC,N
234,J_1,A3CARICATURE,N
234,J_1,A3VIOLENCE,N
234,J_1,A3SYNAGOGUE,N
234,J_1,A3SWASTIKA,N
234,J_1,A3DISCRIMINATION,N
30986,J_1,A1ESSENTIAL,I
30986,J_1,A2EVIL,N
30986,J_1,A2CONSPIRACY,N
30986,J_1,A2HIDDENPOWER,N
30986,J_1,A2COLLECTIVEAGENDA,N
30986,J_1,A2CONTROLGOV,N
30986,J_1,A2CONTROLBANKS,N
30986,J_1,A2CONTROLMEDIA,N
30986,J_1,A2LOYALTY,N
30986,J_1,A2DISEASE,N
30986,J_1,A3WEALTH,N
30986,J_1,A3STINGY,N
30986,J_1,A3UNPATRIOTIC,N
30986,J_1,A3CARICATURE,N
30986,J_1,A3VIOLENCE,N
30986,J_1,A3SYNAGOGUE,N
30986,J_1,A3SWASTIKA,N
30986,J_1,A3DISCRIMINATION,N
47844,J_1,A1ESSENTIAL,I
47844,J_1,A2EVIL,I
47844,J_1,A2CONSPIRACY,N
47844,J_1,A2HIDDENPOWER,N
47844,J_1,A2COLLECTIVEAGENDA,N
47844,J_1,A2CONTROLGOV,N
47844,J_1,A2CONTROLBANKS,N
47844,J_1,A2CONTROLMEDIA,N
47844,J_1,A2LOYALTY,N
47844,J_1,A2DISEASE,N
47844,J_1,A3WEALTH,N
47844,J_1,A3STINGY,N
47844,J_1,A3UNPATRIOTIC,N
47844,J_1,A3CARICATURE,N
47844,J_1,A3VIOLENCE,N
47844,J_1,A3SYNAGOGUE,N
47844,J_1,A3SWASTIKA,N
47844,J_1,A3DISCRIMINATION,N
49104,J_1,A1ESSENTIAL,E
49104,J_1,A2EVIL,E
49104,J_1,A2CONSPIRACY,I
49104,J_1,A2HIDDENPOWER,I
49104,J_1,A2COLLECTIVEAGENDA,E
49104,J_1,A2CONTROLGOV,N
49104,J_1,A2CONTROLBANKS,I
49104,J_1,A2CONTROLMEDIA,N
49104,J_1,A2LOYALTY,I
49104,J_1,A2DISEASE,N
49104,J_1,A3WEALTH,N
49104,J_1,A3STINGY,N
49104,J_1,A3UNPATRIOTIC,E
49104,J_1,A3CARICATURE,N
49104,J_1,A3VIOLENCE,N
49104,J_1,A3SYNAGOGUE,N
49104,J_1,A3SWASTIKA,N
49104,J_1,A3DISCRIMINATION,N
40455,J_1,A1ESSENTIAL,N
40455,J_1,A2EVIL,I
40455,J_1,A2CONSPIRACY,N
40455,J_1,A2HIDDENPOWER,N
40455,J_1,A2COLLECTIVEAGENDA,N
40455,J_1,A2CONTROLGOV,N
40455,J_1,A2CONTROLBANKS,N
40455,J_1,A2CONTROLMEDIA,N
40455,J_1,A2LOYALTY,N
40455,J_1,A2DISEASE,N
40455,J_1,A3WEALTH,N
40455,J_1,A3STINGY,N
40455,J_1,A3UNPATRIOTIC,N
40455,J_1,A3CARICATURE,N
40455,J_1,A3VIOLENCE,N
40455,J_1,A3SYNAGOGUE,N
40455,J_1,A3SWASTIKA,N
40455,J_1,A3DISCRIMINATION,N
34075,J_1,A1ESSENTIAL,A
34075,J_1,A2EVIL,E
34075,J_1,A2CONSPIRACY,N
34075,J_1,A2HIDDENPOWER,N
34075,J_1,A2COLLECTIVEAGENDA,N
34075,J_1,A2CONTROLGOV,N
34075,J_1,A2CONTROLBANKS,N
34075,J_1,A2CONTROLMEDIA,N
34075,J_1,A2LOYALTY,N
34075,J_1,A2DISEASE,N
34075,J_1,A3WEALTH,N
34075,J_1,A3STINGY,N
34075,J_1,A3UNPATRIOTIC,N
34075,J_1,A3CARICATURE,N
34075,J_1,A3VIOLENCE,N
34075,J_1,A3SYNAGOGUE,N
34075,J_1,A3SWASTIKA,N
34075,J_1,A3DISCRIMINATION,N
49652,J_1,A1ESSENTIAL,I
49652,J_1,A2EVIL,I
49652,J_1,A2CONSPIRACY,I
49652,J_1,A2HIDDENPOWER,I
49652,J_1,A2COLLECTIVEAGENDA,I
49652,J_1,A2CONTROLGOV,I
49652,J_1,A2CONTROLBANKS,N
49652,J_1,A2CONTROLMEDIA,N
49652,J_1,A2LOYALTY,I
49652,J_1,A2DISEASE,N
49652,J_1,A3WEALTH,N
49652,J_1,A3STINGY,N
49652,J_1,A3UNPATRIOTIC,I
49652,J_1,A3CARICATURE,N
49652,J_1,A3VIOLENCE,N
49652,J_1,A3SYNAGOGUE,N
49652,J_1,A3SWASTIKA,N
49652,J_1,A3DISCRIMINATION,N
27378,J_1,A1ESSENTIAL,N
27378,J_1,A2EVIL,N
27378,J_1,A2CONSPIRACY,N
27378,J_1,A2HIDDENPOWER,N
27378,J_1,A2COLLECTIVEAGENDA,N
27378,J_1,A2CONTROLGOV,N
27378,J_1,A2CONTROLBANKS,N
27378,J_1,A2CONTROLMEDIA,N
27378,J_1,A2LOYALTY,N
27378,J_1,A2DISEASE,N
27378,J_1,A3WEALTH,N
27378,J_1,A3STINGY,N
27378,J_1,A3UNPATRIOTIC,N
27378,J_1,A3CARICATURE,N
27378,J_1,A3VIOLENCE,N
27378,J_1,A3SYNAGOGUE,N
27378,J_1,A3SWASTIKA,N
27378,J_1,A3DISCRIMINATION,N
16658,J_1,A1ESSENTIAL,N
16658,J_1,A2EVIL,N
16658,J_1,A2CONSPIRACY,N
16658,J_1,A2HIDDENPOWER,N
16658,J_1,A2COLLECTIVEAGENDA,N
16658,J_1,A2CONTROLGOV,N
16658,J_1,A2CONTROLBANKS,N
16658,J_1,A2CONTROLMEDIA,N
16658,J_1,A2LOYALTY,N
16658,J_1,A2DISEASE,N
16658,J_1,A3WEALTH,N
16658,J_1,A3STINGY,N
16658,J_1,A3UNPATRIOTIC,N
16658,J_1,A3CARICATURE,N
16658,J_1,A3VIOLENCE,N
16658,J_1,A3SYNAGOGUE,N
16658,J_1,A3SWASTIKA,N
16658,J_1,A3DISCRIMINATION,N
31221,J_1,A1ESSENTIAL,N
31221,J_1,A2EVIL,N
31221,J_1,A2CONSPIRACY,N
31221,J_1,A2HIDDENPOWER,N
31221,J_1,A2COLLECTIVEAGENDA,N
31221,J_1,A2CONTROLGOV,N
31221,J_1,A2CONTROLBANKS,N
31221,J_1,A2CONTROLMEDIA,N
31221,J_1,A2LOYALTY,N
31221,J_1,A2DISEASE,N
31221,J_1,A3WEALTH,N
31221,J_1,A3STINGY,N
31221,J_1,A3UNPATRIOTIC,N
31221,J_1,A3CARICATURE,N
31221,J_1,A3VIOLENCE,N
31221,J_1,A3SYNAGOGUE,N
31221,J_1,A3SWASTIKA,N
31221,J_1,A3DISCRIMINATION,N
36587,J_1,A1ESSENTIAL,A
36587,J_1,A2EVIL,N
36587,J_1,A2CONSPIRACY,N
36587,J_1,A2HIDDENPOWER,N
36587,J_1,A2COLLECTIVEAGENDA,N
36587,J_1,A2CONTROLGOV,N
36587,J_1,A2CONTROLBANKS,N
36587,J_1,A2CONTROLMEDIA,N
36587,J_1,A2LOYALTY,N
36587,J_1,A2DISEASE,N
36587,J_1,A3WEALTH,N
36587,J_1,A3STINGY,N
36587,J_1,A3UNPATRIOTIC,N
36587,J_1,A3CARICATURE,N
36587,J_1,A3VIOLENCE,N
36587,J_1,A3SYNAGOGUE,N
36587,J_1,A3SWASTIKA,N
36587,J_1,A3DISCRIMINATION,N
41297,J_1,A1ESSENTIAL,E
41297,J_1,A2EVIL,I
41297,J_1,A2CONSPIRACY,N
41297,J_1,A2HIDDENPOWER,N
41297,J_1,A2COLLECTIVEAGENDA,I
41297,J_1,A2CONTROLGOV,N
41297,J_1,A2CONTROLBANKS,N
41297,J_1,A2CONTROLMEDIA,N
41297,J_1,A2LOYALTY,N
41297,J_1,A2DISEASE,N
41297,J_1,A3WEALTH,N
41297,J_1,A3STINGY,N
41297,J_1,A3UNPATRIOTIC,N
41297,J_1,A3CARICATURE,N
41297,J_1,A3VIOLENCE,N
41297,J_1,A3SYNAGOGUE,N
41297,J_1,A3SWASTIKA,N
41297,J_1,A3DISCRIMINATION,N
7366,J_1,A1ESSENTIAL,N
7366,J_1,A2EVIL,N
7366,J_1,A2CONSPIRACY,N
7366,J_1,A2HIDDENPOWER,N
7366,J_1,A2COLLECTIVEAGENDA,N
7366,J_1,A2CONTROLGOV,N
7366,J_1,A2CONTROLBANKS,N
7366,J_1,A2CONTROLMEDIA,N
7366,J_1,A2LOYALTY,N
7366,J_1,A2DISEASE,N
7366,J_1,A3WEALTH,N
7366,J_1,A3STINGY,N
7366,J_1,A3UNPATRIOTIC,N
7366,J_1,A3CARICATURE,N
7366,J_1,A3VIOLENCE,N
7366,J_1,A3SYNAGOGUE,N
7366,J_1,A3SWASTIKA,N
7366,J_1,A3DISCRIMINATION,N
1034,J_1,A1ESSENTIAL,N
1034,J_1,A2EVIL,N
1034,J_1,A2CONSPIRACY,N
1034,J_1,A2HIDDENPOWER,N
1034,J_1,A2COLLECTIVEAGENDA,N
1034,J_1,A2CONTROLGOV,N
1034,J_1,A2CONTROLBANKS,N
1034,J_1,A2CONTROLMEDIA,N
1034,J_1,A2LOYALTY,N
1034,J_1,A2DISEASE,N
1034,J_1,A3WEALTH,N
1034,J_1,A3STINGY,N
1034,J_1,A3UNPATRIOTIC,N
1034,J_1,A3CARICATURE,N
1034,J_1,A3VIOLENCE,N
1034,J_1,A3SYNAGOGUE,N
1034,J_1,A3SWASTIKA,N
1034,J_1,A3DISCRIMINATION,N
20537,J_1,A1ESSENTIAL,N
20537,J_1,A2EVIL,N
20537,J_1,A2CONSPIRACY,I
20537,J_1,A2HIDDENPOWER,N
20537,J_1,A2COLLECTIVEAGENDA,I
20537,J_1,A2CONTROLGOV,I
20537,J_1,A2CONTROLBANKS,N
20537,J_1,A2CONTROLMEDIA,N
20537,J_1,A2LOYALTY,N
20537,J_1,A2DISEASE,N
20537,J_1,A3WEALTH,N
20537,J_1,A3STINGY,N
20537,J_1,A3UNPATRIOTIC,N
20537,J_1,A3CARICATURE,N
20537,J_1,A3VIOLENCE,N
20537,J_1,A3SYNAGOGUE,N
20537,J_1,A3SWASTIKA,N
20537,J_1,A3DISCRIMINATION,N
16610,J_1,A1ESSENTIAL,N
16610,J_1,A2EVIL,N
16610,J_1,A2CONSPIRACY,N
16610,J_1,A2HIDDENPOWER,N
16610,J_1,A2COLLECTIVEAGENDA,N
16610,J_1,A2CONTROLGOV,N
16610,J_1,A2CONTROLBANKS,N
16610,J_1,A2CONTROLMEDIA,N
16610,J_1,A2LOYALTY,N
16610,J_1,A2DISEASE,N
16610,J_1,A3WEALTH,N
16610,J_1,A3STINGY,N
16610,J_1,A3UNPATRIOTIC,N
16610,J_1,A3CARICATURE,N
16610,J_1,A3VIOLENCE,N
16610,J_1,A3SYNAGOGUE,N
16610,J_1,A3SWASTIKA,N
16610,J_1,A3DISCRIMINATION,N
25203,J_1,A1ESSENTIAL,I
25203,J_1,A2EVIL,I
25203,J_1,A2CONSPIRACY,I
25203,J_1,A2HIDDENPOWER,N
25203,J_1,A2COLLECTIVEAGENDA,I
25203,J_1,A2CONTROLGOV,N
25203,J_1,A2CONTROLBANKS,N
25203,J_1,A2CONTROLMEDIA,N
25203,J_1,A2LOYALTY,N
25203,J_1,A2DISEASE,N
25203,J_1,A3WEALTH,N
25203,J_1,A3STINGY,N
25203,J_1,A3UNPATRIOTIC,N
25203,J_1,A3CARICATURE,N
25203,J_1,A3VIOLENCE,N
25203,J_1,A3SYNAGOGUE,N
25203,J_1,A3SWASTIKA,N
25203,J_1,A3DISCRIMINATION,N
8612,J_1,A1ESSENTIAL,A
8612,J_1,A2EVIL,N
8612,J_1,A2CONSPIRACY,N
8612,J_1,A2HIDDENPOWER,N
8612,J_1,A2COLLECTIVEAGENDA,N
8612,J_1,A2CONTROLGOV,N
8612,J_1,A2CONTROLBANKS,N
8612,J_1,A2CONTROLMEDIA,N
8612,J_1,A2LOYALTY,N
8612,J_1,A2DISEASE,N
8612,J_1,A3WEALTH,N
8612,J_1,A3STINGY,N
8612,J_1,A3UNPATRIOTIC,N
8612,J_1,A3CARICATURE,N
8612,J_1,A3VIOLENCE,N
8612,J_1,A3SYNAGOGUE,N
8612,J_1,A3SWASTIKA,N
8612,J_1,A3DISCRIMINATION,N
28471,J_1,A1ESSENTIAL,N
28471,J_1,A2EVIL,N
28471,J_1,A2CONSPIRACY,N
28471,J_1,A2HIDDENPOWER,N
28471,J_1,A2COLLECTIVEAGENDA,N
28471,J_1,A2CONTROLGOV,N
28471,J_1,A2CONTROLBANKS,N
28471,J_1,A2CONTROLMEDIA,N
28471,J_1,A2LOYALTY,N
28471,J_1,A2DISEASE,N
28471,J_1,A3WEALTH,N
28471,J_1,A3STINGY,N
28471,J_1,A3UNPATRIOTIC,N
28471,J_1,A3CARICATURE,N
28471,J_1,A3VIOLENCE,N
28471,J_1,A3SYNAGOGUE,N
28471,J_1,A3SWASTIKA,N
28471,J_1,A3DISCRIMINATION,N
49858,J_1,A1ESSENTIAL,N
49858,J_1,A2EVIL,I
49858,J_1,A2CONSPIRACY,N
49858,J_1,A2HIDDENPOWER,N
49858,J_1,A2COLLECTIVEAGENDA,N
49858,J_1,A2CONTROLGOV,N
49858,J_1,A2CONTROLBANKS,N
49858,J_1,A2CONTROLMEDIA,N
49858,J_1,A2LOYALTY,N
49858,J_1,A2DISEASE,N
49858,J_1,A3WEALTH,N
49858,J_1,A3STINGY,N
49858,J_1,A3UNPATRIOTIC,N
49858,J_1,A3CARICATURE,N
49858,J_1,A3VIOLENCE,N
49858,J_1,A3SYNAGOGUE,N
49858,J_1,A3SWASTIKA,N
49858,J_1,A3DISCRIMINATION,N
4166,J_1,A1ESSENTIAL,N
4166,J_1,A2EVIL,N
4166,J_1,A2CONSPIRACY,N
4166,J_1,A2HIDDENPOWER,N
4166,J_1,A2COLLECTIVEAGENDA,N
4166,J_1,A2CONTROLGOV,N
4166,J_1,A2CONTROLBANKS,N
4166,J_1,A2CONTROLMEDIA,N
4166,J_1,A2LOYALTY,N
4166,J_1,A2DISEASE,N
4166,J_1,A3WEALTH,N
4166,J_1,A3STINGY,N
4166,J_1,A3UNPATRIOTIC,N
4166,J_1,A3CARICATURE,N
4166,J_1,A3VIOLENCE,N
4166,J_1,A3SYNAGOGUE,N
4166,J_1,A3SWASTIKA,N
4166,J_1,A3DISCRIMINATION,N
24854,J_1,A1ESSENTIAL,N
24854,J_1,A2EVIL,N
24854,J_1,A2CONSPIRACY,N
24854,J_1,A2HIDDENPOWER,N
24854,J_1,A2COLLECTIVEAGENDA,N
24854,J_1,A2CONTROLGOV,N
24854,J_1,A2CONTROLBANKS,N
24854,J_1,A2CONTROLMEDIA,N
24854,J_1,A2LOYALTY,N
24854,J_1,A2DISEASE,N
24854,J_1,A3WEALTH,N
24854,J_1,A3STINGY,N
24854,J_1,A3UNPATRIOTIC,N
24854,J_1,A3CARICATURE,N
24854,J_1,A3VIOLENCE,N
24854,J_1,A3SYNAGOGUE,N
24854,J_1,A3SWASTIKA,N
24854,J_1,A3DISCRIMINATION,N
29667,J_1,A1ESSENTIAL,N
29667,J_1,A2EVIL,N
29667,J_1,A2CONSPIRACY,N
29667,J_1,A2HIDDENPOWER,N
29667,J_1,A2COLLECTIVEAGENDA,N
29667,J_1,A2CONTROLGOV,N
29667,J_1,A2CONTROLBANKS,N
29667,J_1,A2CONTROLMEDIA,N
29667,J_1,A2LOYALTY,N
29667,J_1,A2DISEASE,N
29667,J_1,A3WEALTH,N
29667,J_1,A3STINGY,N
29667,J_1,A3UNPATRIOTIC,N
29667,J_1,A3CARICATURE,N
29667,J_1,A3VIOLENCE,N
29667,J_1,A3SYNAGOGUE,N
29667,J_1,A3SWASTIKA,N
29667,J_1,A3DISCRIMINATION,N
8909,J_1,A1ESSENTIAL,N
8909,J_1,A2EVIL,N
8909,J_1,A2CONSPIRACY,N
8909,J_1,A2HIDDENPOWER,N
8909,J_1,A2COLLECTIVEAGENDA,N
8909,J_1,A2CONTROLGOV,N
8909,J_1,A2CONTROLBANKS,N
8909,J_1,A2CONTROLMEDIA,N
8909,J_1,A2LOYALTY,N
8909,J_1,A2DISEASE,N
8909,J_1,A3WEALTH,N
8909,J_1,A3STINGY,N
8909,J_1,A3UNPATRIOTIC,N
8909,J_1,A3CARICATURE,N
8909,J_1,A3VIOLENCE,N
8909,J_1,A3SYNAGOGUE,N
8909,J_1,A3SWASTIKA,N
8909,J_1,A3DISCRIMINATION,N
26782,J_1,A1ESSENTIAL,N
26782,J_1,A2EVIL,N
26782,J_1,A2CONSPIRACY,N
26782,J_1,A2HIDDENPOWER,N
26782,J_1,A2COLLECTIVEAGENDA,N
26782,J_1,A2CONTROLGOV,N
26782,J_1,A2CONTROLBANKS,N
26782,J_1,A2CONTROLMEDIA,N
26782,J_1,A2LOYALTY,N
26782,J_1,A2DISEASE,N
26782,J_1,A3WEALTH,N
26782,J_1,A3STINGY,N
26782,J_1,A3UNPATRIOTIC,N
26782,J_1,A3CARICATURE,N
26782,J_1,A3VIOLENCE,N
26782,J_1,A3SYNAGOGUE,N
26782,J_1,A3SWASTIKA,N
26782,J_1,A3DISCRIMINATION,N
9917,J_1,A1ESSENTIAL,E
9917,J_1,A2EVIL,E
9917,J_1,A2CONSPIRACY,N
9917,J_1,A2HIDDENPOWER,N
9917,J_1,A2COLLECTIVEAGENDA,N
9917,J_1,A2CONTROLGOV,N
9917,J_1,A2CONTROLBANKS,N
9917,J_1,A2CONTROLMEDIA,N
9917,J_1,A2LOYALTY,N
9917,J_1,A2DISEASE,N
9917,J_1,A3WEALTH,N
9917,J_1,A3STINGY,N
9917,J_1,A3UNPATRIOTIC,N
9917,J_1,A3CARICATURE,N
9917,J_1,A3VIOLENCE,E
9917,J_1,A3SYNAGOGUE,N
9917,J_1,A3SWASTIKA,N
9917,J_1,A3DISCRIMINATION,N
44559,J_1,A1ESSENTIAL,N
44559,J_1,A2EVIL,N
44559,J_1,A2CONSPIRACY,N
44559,J_1,A2HIDDENPOWER,N
44559,J_1,A2COLLECTIVEAGENDA,N
44559,J_1,A2CONTROLGOV,N
44559,J_1,A2CONTROLBANKS,N
44559,J_1,A2CONTROLMEDIA,N
44559,J_1,A2LOYALTY,N
44559,J_1,A2DISEASE,N
44559,J_1,A3WEALTH,N
44559,J_1,A3STINGY,N
44559,J_1,A3UNPATRIOTIC,N
44559,J_1,A3CARICATURE,N
44559,J_1,A3VIOLENCE,N
44559,J_1,A3SYNAGOGUE,N
44559,J_1,A3SWASTIKA,N
44559,J_1,A3DISCRIMINATION,N
9481,J_1,A1ESSENTIAL,N
9481,J_1,A2EVIL,N
9481,J_1,A2CONSPIRACY,N
9481,J_1,A2HIDDENPOWER,N
9481,J_1,A2COLLECTIVEAGENDA,N
9481,J_1,A2CONTROLGOV,N
9481,J_1,A2CONTROLBANKS,N
9481,J_1,A2CONTROLMEDIA,N
9481,J_1,A2LOYALTY,N
9481,J_1,A2DISEASE,N
9481,J_1,A3WEALTH,N
9481,J_1,A3STINGY,N
9481,J_1,A3UNPATRIOTIC,N
9481,J_1,A3CARICATURE,N
9481,J_1,A3VIOLENCE,N
9481,J_1,A3SYNAGOGUE,N
9481,J_1,A3SWASTIKA,N
9481,J_1,A3DISCRIMINATION,N
16975,J_1,A1ESSENTIAL,N
16975,J_1,A2EVIL,N
16975,J_1,A2CONSPIRACY,N
16975,J_1,A2HIDDENPOWER,N
16975,J_1,A2COLLECTIVEAGENDA,N
16975,J_1,A2CONTROLGOV,N
16975,J_1,A2CONTROLBANKS,N
16975,J_1,A2CONTROLMEDIA,N
16975,J_1,A2LOYALTY,N
16975,J_1,A2DISEASE,N
16975,J_1,A3WEALTH,N
16975,J_1,A3STINGY,N
16975,J_1,A3UNPATRIOTIC,N
16975,J_1,A3CARICATURE,N
16975,J_1,A3VIOLENCE,N
16975,J_1,A3SYNAGOGUE,N
16975,J_1,A3SWASTIKA,N
16975,J_1,A3DISCRIMINATION,N
33587,J_1,A1ESSENTIAL,N
33587,J_1,A2EVIL,N
33587,J_1,A2CONSPIRACY,N
33587,J_1,A2HIDDENPOWER,N
33587,J_1,A2COLLECTIVEAGENDA,N
33587,J_1,A2CONTROLGOV,N
33587,J_1,A2CONTROLBANKS,N
33587,J_1,A2CONTROLMEDIA,N
33587,J_1,A2LOYALTY,N
33587,J_1,A2DISEASE,N
33587,J_1,A3WEALTH,N
33587,J_1,A3STINGY,N
33587,J_1,A3UNPATRIOTIC,N
33587,J_1,A3CARICATURE,N
33587,J_1,A3VIOLENCE,N
33587,J_1,A3SYNAGOGUE,N
33587,J_1,A3SWASTIKA,N
33587,J_1,A3DISCRIMINATION,N
6559,J_1,A1ESSENTIAL,N
6559,J_1,A2EVIL,N
6559,J_1,A2CONSPIRACY,N
6559,J_1,A2HIDDENPOWER,N
6559,J_1,A2COLLECTIVEAGENDA,N
6559,J_1,A2CONTROLGOV,N
6559,J_1,A2CONTROLBANKS,N
6559,J_1,A2CONTROLMEDIA,N
6559,J_1,A2LOYALTY,N
6559,J_1,A2DISEASE,N
6559,J_1,A3WEALTH,N
6559,J_1,A3STINGY,N
6559,J_1,A3UNPATRIOTIC,N
6559,J_1,A3CARICATURE,N
6559,J_1,A3VIOLENCE,N
6559,J_1,A3SYNAGOGUE,N
6559,J_1,A3SWASTIKA,N
6559,J_1,A3DISCRIMINATION,N
16766,J_1,A1ESSENTIAL,N
16766,J_1,A2EVIL,N
16766,J_1,A2CONSPIRACY,N
16766,J_1,A2HIDDENPOWER,N
16766,J_1,A2COLLECTIVEAGENDA,N
16766,J_1,A2CONTROLGOV,N
16766,J_1,A2CONTROLBANKS,N
16766,J_1,A2CONTROLMEDIA,N
16766,J_1,A2LOYALTY,N
16766,J_1,A2DISEASE,N
16766,J_1,A3WEALTH,N
16766,J_1,A3STINGY,N
16766,J_1,A3UNPATRIOTIC,N
16766,J_1,A3CARICATURE,N
16766,J_1,A3VIOLENCE,N
16766,J_1,A3SYNAGOGUE,N
16766,J_1,A3SWASTIKA,N
16766,J_1,A3DISCRIMINATION,N
33290,J_1,A1ESSENTIAL,N
33290,J_1,A2EVIL,N
33290,J_1,A2CONSPIRACY,N
33290,J_1,A2HIDDENPOWER,N
33290,J_1,A2COLLECTIVEAGENDA,N
33290,J_1,A2CONTROLGOV,N
33290,J_1,A2CONTROLBANKS,N
33290,J_1,A2CONTROLMEDIA,N
33290,J_1,A2LOYALTY,N
33290,J_1,A2DISEASE,N
33290,J_1,A3WEALTH,N
33290,J_1,A3STINGY,N
33290,J_1,A3UNPATRIOTIC,N
33290,J_1,A3CARICATURE,N
33290,J_1,A3VIOLENCE,N
33290,J_1,A3SYNAGOGUE,N
33290,J_1,A3SWASTIKA,N
33290,J_1,A3DISCRIMINATION,N
33613,J_1,A1ESSENTIAL,N
33613,J_1,A2EVIL,N
33613,J_1,A2CONSPIRACY,N
33613,J_1,A2HIDDENPOWER,N
33613,J_1,A2COLLECTIVEAGENDA,N
33613,J_1,A2CONTROLGOV,N
33613,J_1,A2CONTROLBANKS,N
33613,J_1,A2CONTROLMEDIA,N
33613,J_1,A2LOYALTY,N
33613,J_1,A2DISEASE,N
33613,J_1,A3WEALTH,N
33613,J_1,A3STINGY,N
33613,J_1,A3UNPATRIOTIC,N
33613,J_1,A3CARICATURE,N
33613,J_1,A3VIOLENCE,N
33613,J_1,A3SYNAGOGUE,N
33613,J_1,A3SWASTIKA,N
33613,J_1,A3DISCRIMINATION,N
11120,J_1,A1ESSENTIAL,N
11120,J_1,A2EVIL,N
11120,J_1,A2CONSPIRACY,N
11120,J_1,A2HIDDENPOWER,N
11120,J_1,A2COLLECTIVEAGENDA,N
11120,J_1,A2CONTROLGOV,N
11120,J_1,A2CONTROLBANKS,N
11120,J_1,A2CONTROLMEDIA,N
11120,J_1,A2LOYALTY,N
11120,J_1,A2DISEASE,N
11120,J_1,A3WEALTH,N
11120,J_1,A3STINGY,N
11120,J_1,A3UNPATRIOTIC,N
11120,J_1,A3CARICATURE,N
11120,J_1,A3VIOLENCE,N
11120,J_1,A3SYNAGOGUE,N
11120,J_1,A3SWASTIKA,N
11120,J_1,A3DISCRIMINATION,N
49323,J_1,A1ESSENTIAL,E
49323,J_1,A2EVIL,I
49323,J_1,A2CONSPIRACY,N
49323,J_1,A2HIDDENPOWER,N
49323,J_1,A2COLLECTIVEAGENDA,N
49323,J_1,A2CONTROLGOV,N
49323,J_1,A2CONTROLBANKS,N
49323,J_1,A2CONTROLMEDIA,I
49323,J_1,A2LOYALTY,N
49323,J_1,A2DISEASE,N
49323,J_1,A3WEALTH,N
49323,J_1,A3STINGY,N
49323,J_1,A3UNPATRIOTIC,N
49323,J_1,A3CARICATURE,N
49323,J_1,A3VIOLENCE,N
49323,J_1,A3SYNAGOGUE,N
49323,J_1,A3SWASTIKA,N
49323,J_1,A3DISCRIMINATION,N
36501,J_1,A1ESSENTIAL,N
36501,J_1,A2EVIL,N
36501,J_1,A2CONSPIRACY,N
36501,J_1,A2HIDDENPOWER,N
36501,J_1,A2COLLECTIVEAGENDA,N
36501,J_1,A2CONTROLGOV,N
36501,J_1,A2CONTROLBANKS,N
36501,J_1,A2CONTROLMEDIA,N
36501,J_1,A2LOYALTY,N
36501,J_1,A2DISEASE,N
36501,J_1,A3WEALTH,N
36501,J_1,A3STINGY,N
36501,J_1,A3UNPATRIOTIC,N
36501,J_1,A3CARICATURE,N
36501,J_1,A3VIOLENCE,N
36501,J_1,A3SYNAGOGUE,N
36501,J_1,A3SWASTIKA,N
36501,J_1,A3DISCRIMINATION,N
40184,J_1,A1ESSENTIAL,A
40184,J_1,A2EVIL,A
40184,J_1,A2CONSPIRACY,N
40184,J_1,A2HIDDENPOWER,N
40184,J_1,A2COLLECTIVEAGENDA,N
40184,J_1,A2CONTROLGOV,N
40184,J_1,A2CONTROLBANKS,N
40184,J_1,A2CONTROLMEDIA,N
40184,J_1,A2LOYALTY,N
40184,J_1,A2DISEASE,N
40184,J_1,A3WEALTH,N
40184,J_1,A3STINGY,N
40184,J_1,A3UNPATRIOTIC,N
40184,J_1,A3CARICATURE,N
40184,J_1,A3VIOLENCE,N
40184,J_1,A3SYNAGOGUE,N
40184,J_1,A3SWASTIKA,N
40184,J_1,A3DISCRIMINATION,N
17491,J_1,A1ESSENTIAL,N
17491,J_1,A2EVIL,N
17491,J_1,A2CONSPIRACY,N
17491,J_1,A2HIDDENPOWER,N
17491,J_1,A2COLLECTIVEAGENDA,N
17491,J_1,A2CONTROLGOV,N
17491,J_1,A2CONTROLBANKS,N
17491,J_1,A2CONTROLMEDIA,N
17491,J_1,A2LOYALTY,N
17491,J_1,A2DISEASE,N
17491,J_1,A3WEALTH,N
17491,J_1,A3STINGY,N
17491,J_1,A3UNPATRIOTIC,N
17491,J_1,A3CARICATURE,N
17491,J_1,A3VIOLENCE,N
17491,J_1,A3SYNAGOGUE,N
17491,J_1,A3SWASTIKA,N
17491,J_1,A3DISCRIMINATION,N
26974,J_1,A1ESSENTIAL,N
26974,J_1,A2EVIL,N
26974,J_1,A2CONSPIRACY,N
26974,J_1,A2HIDDENPOWER,N
26974,J_1,A2COLLECTIVEAGENDA,N
26974,J_1,A2CONTROLGOV,N
26974,J_1,A2CONTROLBANKS,N
26974,J_1,A2CONTROLMEDIA,N
26974,J_1,A2LOYALTY,N
26974,J_1,A2DISEASE,N
26974,J_1,A3WEALTH,N
26974,J_1,A3STINGY,N
26974,J_1,A3UNPATRIOTIC,N
26974,J_1,A3CARICATURE,N
26974,J_1,A3VIOLENCE,N
26974,J_1,A3SYNAGOGUE,N
26974,J_1,A3SWASTIKA,N
26974,J_1,A3DISCRIMINATION,N
14605,J_1,A1ESSENTIAL,A
14605,J_1,A2EVIL,N
14605,J_1,A2CONSPIRACY,N
14605,J_1,A2HIDDENPOWER,N
14605,J_1,A2COLLECTIVEAGENDA,N
14605,J_1,A2CONTROLGOV,N
14605,J_1,A2CONTROLBANKS,N
14605,J_1,A2CONTROLMEDIA,N
14605,J_1,A2LOYALTY,N
14605,J_1,A2DISEASE,N
14605,J_1,A3WEALTH,N
14605,J_1,A3STINGY,N
14605,J_1,A3UNPATRIOTIC,N
14605,J_1,A3CARICATURE,N
14605,J_1,A3VIOLENCE,E
14605,J_1,A3SYNAGOGUE,N
14605,J_1,A3SWASTIKA,N
14605,J_1,A3DISCRIMINATION,N
26630,J_1,A1ESSENTIAL,N
26630,J_1,A2EVIL,N
26630,J_1,A2CONSPIRACY,N
26630,J_1,A2HIDDENPOWER,N
26630,J_1,A2COLLECTIVEAGENDA,N
26630,J_1,A2CONTROLGOV,N
26630,J_1,A2CONTROLBANKS,N
26630,J_1,A2CONTROLMEDIA,N
26630,J_1,A2LOYALTY,N
26630,J_1,A2DISEASE,N
26630,J_1,A3WEALTH,N
26630,J_1,A3STINGY,N
26630,J_1,A3UNPATRIOTIC,N
26630,J_1,A3CARICATURE,N
26630,J_1,A3VIOLENCE,N
26630,J_1,A3SYNAGOGUE,N
26630,J_1,A3SWASTIKA,N
26630,J_1,A3DISCRIMINATION,N
4237,J_1,A1ESSENTIAL,N
4237,J_1,A2EVIL,N
4237,J_1,A2CONSPIRACY,N
4237,J_1,A2HIDDENPOWER,N
4237,J_1,A2COLLECTIVEAGENDA,N
4237,J_1,A2CONTROLGOV,N
4237,J_1,A2CONTROLBANKS,N
4237,J_1,A2CONTROLMEDIA,N
4237,J_1,A2LOYALTY,N
4237,J_1,A2DISEASE,N
4237,J_1,A3WEALTH,N
4237,J_1,A3STINGY,N
4237,J_1,A3UNPATRIOTIC,N
4237,J_1,A3CARICATURE,N
4237,J_1,A3VIOLENCE,N
4237,J_1,A3SYNAGOGUE,N
4237,J_1,A3SWASTIKA,N
4237,J_1,A3DISCRIMINATION,N
46717,J_1,A1ESSENTIAL,I
46717,J_1,A2EVIL,I
46717,J_1,A2CONSPIRACY,I
46717,J_1,A2HIDDENPOWER,I
46717,J_1,A2COLLECTIVEAGENDA,I
46717,J_1,A2CONTROLGOV,I
46717,J_1,A2CONTROLBANKS,N
46717,J_1,A2CONTROLMEDIA,N
46717,J_1,A2LOYALTY,N
46717,J_1,A2DISEASE,N
46717,J_1,A3WEALTH,N
46717,J_1,A3STINGY,N
46717,J_1,A3UNPATRIOTIC,I
46717,J_1,A3CARICATURE,N
46717,J_1,A3VIOLENCE,N
46717,J_1,A3SYNAGOGUE,N
46717,J_1,A3SWASTIKA,N
46717,J_1,A3DISCRIMINATION,N
29254,J_1,A1ESSENTIAL,N
29254,J_1,A2EVIL,N
29254,J_1,A2CONSPIRACY,N
29254,J_1,A2HIDDENPOWER,N
29254,J_1,A2COLLECTIVEAGENDA,N
29254,J_1,A2CONTROLGOV,N
29254,J_1,A2CONTROLBANKS,N
29254,J_1,A2CONTROLMEDIA,N
29254,J_1,A2LOYALTY,N
29254,J_1,A2DISEASE,N
29254,J_1,A3WEALTH,N
29254,J_1,A3STINGY,N
29254,J_1,A3UNPATRIOTIC,N
29254,J_1,A3CARICATURE,N
29254,J_1,A3VIOLENCE,N
29254,J_1,A3SYNAGOGUE,N
29254,J_1,A3SWASTIKA,N
29254,J_1,A3DISCRIMINATION,N
34323,J_1,A1ESSENTIAL,N
34323,J_1,A2EVIL,N
34323,J_1,A2CONSPIRACY,N
34323,J_1,A2HIDDENPOWER,N
34323,J_1,A2COLLECTIVEAGENDA,N
34323,J_1,A2CONTROLGOV,N
34323,J_1,A2CONTROLBANKS,N
34323,J_1,A2CONTROLMEDIA,N
34323,J_1,A2LOYALTY,N
34323,J_1,A2DISEASE,N
34323,J_1,A3WEALTH,N
34323,J_1,A3STINGY,N
34323,J_1,A3UNPATRIOTIC,N
34323,J_1,A3CARICATURE,N
34323,J_1,A3VIOLENCE,N
34323,J_1,A3SYNAGOGUE,N
34323,J_1,A3SWASTIKA,N
34323,J_1,A3DISCRIMINATION,N
32911,J_1,A1ESSENTIAL,N
32911,J_1,A2EVIL,N
32911,J_1,A2CONSPIRACY,N
32911,J_1,A2HIDDENPOWER,N
32911,J_1,A2COLLECTIVEAGENDA,N
32911,J_1,A2CONTROLGOV,N
32911,J_1,A2CONTROLBANKS,N
32911,J_1,A2CONTROLMEDIA,N
32911,J_1,A2LOYALTY,N
32911,J_1,A2DISEASE,N
32911,J_1,A3WEALTH,N
32911,J_1,A3STINGY,N
32911,J_1,A3UNPATRIOTIC,N
32911,J_1,A3CARICATURE,N
32911,J_1,A3VIOLENCE,N
32911,J_1,A3SYNAGOGUE,N
32911,J_1,A3SWASTIKA,N
32911,J_1,A3DISCRIMINATION,N
14586,J_1,A1ESSENTIAL,N
14586,J_1,A2EVIL,N
14586,J_1,A2CONSPIRACY,N
14586,J_1,A2HIDDENPOWER,N
14586,J_1,A2COLLECTIVEAGENDA,N
14586,J_1,A2CONTROLGOV,N
14586,J_1,A2CONTROLBANKS,N
14586,J_1,A2CONTROLMEDIA,N
14586,J_1,A2LOYALTY,N
14586,J_1,A2DISEASE,N
14586,J_1,A3WEALTH,N
14586,J_1,A3STINGY,N
14586,J_1,A3UNPATRIOTIC,N
14586,J_1,A3CARICATURE,N
14586,J_1,A3VIOLENCE,N
14586,J_1,A3SYNAGOGUE,N
14586,J_1,A3SWASTIKA,N
14586,J_1,A3DISCRIMINATION,N
17596,J_1,A1ESSENTIAL,N
17596,J_1,A2EVIL,N
17596,J_1,A2CONSPIRACY,N
17596,J_1,A2HIDDENPOWER,N
17596,J_1,A2COLLECTIVEAGENDA,N
17596,J_1,A2CONTROLGOV,N
17596,J_1,A2CONTROLBANKS,N
17596,J_1,A2CONTROLMEDIA,N
17596,J_1,A2LOYALTY,N
17596,J_1,A2DISEASE,N
17596,J_1,A3WEALTH,N
17596,J_1,A3STINGY,N
17596,J_1,A3UNPATRIOTIC,N
17596,J_1,A3CARICATURE,N
17596,J_1,A3VIOLENCE,N
17596,J_1,A3SYNAGOGUE,N
17596,J_1,A3SWASTIKA,N
17596,J_1,A3DISCRIMINATION,N
36456,J_1,A1ESSENTIAL,N
36456,J_1,A2EVIL,N
36456,J_1,A2CONSPIRACY,N
36456,J_1,A2HIDDENPOWER,N
36456,J_1,A2COLLECTIVEAGENDA,N
36456,J_1,A2CONTROLGOV,N
36456,J_1,A2CONTROLBANKS,N
36456,J_1,A2CONTROLMEDIA,N
36456,J_1,A2LOYALTY,N
36456,J_1,A2DISEASE,N
36456,J_1,A3WEALTH,N
36456,J_1,A3STINGY,N
36456,J_1,A3UNPATRIOTIC,N
36456,J_1,A3CARICATURE,N
36456,J_1,A3VIOLENCE,N
36456,J_1,A3SYNAGOGUE,N
36456,J_1,A3SWASTIKA,N
36456,J_1,A3DISCRIMINATION,N
27122,J_1,A1ESSENTIAL,N
27122,J_1,A2EVIL,N
27122,J_1,A2CONSPIRACY,N
27122,J_1,A2HIDDENPOWER,N
27122,J_1,A2COLLECTIVEAGENDA,N
27122,J_1,A2CONTROLGOV,N
27122,J_1,A2CONTROLBANKS,N
27122,J_1,A2CONTROLMEDIA,N
27122,J_1,A2LOYALTY,N
27122,J_1,A2DISEASE,N
27122,J_1,A3WEALTH,N
27122,J_1,A3STINGY,N
27122,J_1,A3UNPATRIOTIC,N
27122,J_1,A3CARICATURE,N
27122,J_1,A3VIOLENCE,N
27122,J_1,A3SYNAGOGUE,N
27122,J_1,A3SWASTIKA,N
27122,J_1,A3DISCRIMINATION,N
14718,J_1,A1ESSENTIAL,N
14718,J_1,A2EVIL,N
14718,J_1,A2CONSPIRACY,N
14718,J_1,A2HIDDENPOWER,N
14718,J_1,A2COLLECTIVEAGENDA,N
14718,J_1,A2CONTROLGOV,N
14718,J_1,A2CONTROLBANKS,N
14718,J_1,A2CONTROLMEDIA,N
14718,J_1,A2LOYALTY,N
14718,J_1,A2DISEASE,N
14718,J_1,A3WEALTH,N
14718,J_1,A3STINGY,N
14718,J_1,A3UNPATRIOTIC,N
14718,J_1,A3CARICATURE,N
14718,J_1,A3VIOLENCE,N
14718,J_1,A3SYNAGOGUE,N
14718,J_1,A3SWASTIKA,N
14718,J_1,A3DISCRIMINATION,N
1689,J_1,A1ESSENTIAL,I
1689,J_1,A2EVIL,I
1689,J_1,A2CONSPIRACY,N
1689,J_1,A2HIDDENPOWER,N
1689,J_1,A2COLLECTIVEAGENDA,I
1689,J_1,A2CONTROLGOV,N
1689,J_1,A2CONTROLBANKS,N
1689,J_1,A2CONTROLMEDIA,N
1689,J_1,A2LOYALTY,N
1689,J_1,A2DISEASE,N
1689,J_1,A3WEALTH,N
1689,J_1,A3STINGY,N
1689,J_1,A3UNPATRIOTIC,N
1689,J_1,A3CARICATURE,N
1689,J_1,A3VIOLENCE,N
1689,J_1,A3SYNAGOGUE,N
1689,J_1,A3SWASTIKA,N
1689,J_1,A3DISCRIMINATION,N
22425,J_1,A1ESSENTIAL,N
22425,J_1,A2EVIL,N
22425,J_1,A2CONSPIRACY,N
22425,J_1,A2HIDDENPOWER,N
22425,J_1,A2COLLECTIVEAGENDA,N
22425,J_1,A2CONTROLGOV,N
22425,J_1,A2CONTROLBANKS,N
22425,J_1,A2CONTROLMEDIA,N
22425,J_1,A2LOYALTY,N
22425,J_1,A2DISEASE,N
22425,J_1,A3WEALTH,N
22425,J_1,A3STINGY,N
22425,J_1,A3UNPATRIOTIC,N
22425,J_1,A3CARICATURE,N
22425,J_1,A3VIOLENCE,N
22425,J_1,A3SYNAGOGUE,N
22425,J_1,A3SWASTIKA,N
22425,J_1,A3DISCRIMINATION,N
23943,J_1,A1ESSENTIAL,E
23943,J_1,A2EVIL,I
23943,J_1,A2CONSPIRACY,N
23943,J_1,A2HIDDENPOWER,N
23943,J_1,A2COLLECTIVEAGENDA,N
23943,J_1,A2CONTROLGOV,N
23943,J_1,A2CONTROLBANKS,N
23943,J_1,A2CONTROLMEDIA,N
23943,J_1,A2LOYALTY,N
23943,J_1,A2DISEASE,N
23943,J_1,A3WEALTH,E
23943,J_1,A3STINGY,N
23943,J_1,A3UNPATRIOTIC,N
23943,J_1,A3CARICATURE,N
23943,J_1,A3VIOLENCE,N
23943,J_1,A3SYNAGOGUE,N
23943,J_1,A3SWASTIKA,N
23943,J_1,A3DISCRIMINATION,N
50034,J_1,A1ESSENTIAL,N
50034,J_1,A2EVIL,N
50034,J_1,A2CONSPIRACY,N
50034,J_1,A2HIDDENPOWER,N
50034,J_1,A2COLLECTIVEAGENDA,N
50034,J_1,A2CONTROLGOV,N
50034,J_1,A2CONTROLBANKS,N
50034,J_1,A2CONTROLMEDIA,N
50034,J_1,A2LOYALTY,N
50034,J_1,A2DISEASE,N
50034,J_1,A3WEALTH,N
50034,J_1,A3STINGY,N
50034,J_1,A3UNPATRIOTIC,N
50034,J_1,A3CARICATURE,N
50034,J_1,A3VIOLENCE,N
50034,J_1,A3SYNAGOGUE,N
50034,J_1,A3SWASTIKA,N
50034,J_1,A3DISCRIMINATION,N
48650,J_1,A1ESSENTIAL,N
48650,J_1,A2EVIL,N
48650,J_1,A2CONSPIRACY,N
48650,J_1,A2HIDDENPOWER,N
48650,J_1,A2COLLECTIVEAGENDA,I
48650,J_1,A2CONTROLGOV,N
48650,J_1,A2CONTROLBANKS,N
48650,J_1,A2CONTROLMEDIA,I
48650,J_1,A2LOYALTY,N
48650,J_1,A2DISEASE,N
48650,J_1,A3WEALTH,N
48650,J_1,A3STINGY,N
48650,J_1,A3UNPATRIOTIC,N
48650,J_1,A3CARICATURE,N
48650,J_1,A3VIOLENCE,N
48650,J_1,A3SYNAGOGUE,N
48650,J_1,A3SWASTIKA,N
48650,J_1,A3DISCRIMINATION,N
32778,J_1,A1ESSENTIAL,N
32778,J_1,A2EVIL,N
32778,J_1,A2CONSPIRACY,N
32778,J_1,A2HIDDENPOWER,N
32778,J_1,A2COLLECTIVEAGENDA,I
32778,J_1,A2CONTROLGOV,N
32778,J_1,A2CONTROLBANKS,N
32778,J_1,A2CONTROLMEDIA,N
32778,J_1,A2LOYALTY,I
32778,J_1,A2DISEASE,N
32778,J_1,A3WEALTH,N
32778,J_1,A3STINGY,N
32778,J_1,A3UNPATRIOTIC,I
32778,J_1,A3CARICATURE,N
32778,J_1,A3VIOLENCE,N
32778,J_1,A3SYNAGOGUE,N
32778,J_1,A3SWASTIKA,N
32778,J_1,A3DISCRIMINATION,N
40788,J_1,A1ESSENTIAL,N
40788,J_1,A2EVIL,N
40788,J_1,A2CONSPIRACY,N
40788,J_1,A2HIDDENPOWER,N
40788,J_1,A2COLLECTIVEAGENDA,N
40788,J_1,A2CONTROLGOV,N
40788,J_1,A2CONTROLBANKS,N
40788,J_1,A2CONTROLMEDIA,N
40788,J_1,A2LOYALTY,N
40788,J_1,A2DISEASE,N
40788,J_1,A3WEALTH,N
40788,J_1,A3STINGY,N
40788,J_1,A3UNPATRIOTIC,N
40788,J_1,A3CARICATURE,N
40788,J_1,A3VIOLENCE,N
40788,J_1,A3SYNAGOGUE,N
40788,J_1,A3SWASTIKA,N
40788,J_1,A3DISCRIMINATION,N
43128,J_1,A1ESSENTIAL,N
43128,J_1,A2EVIL,N
43128,J_1,A2CONSPIRACY,N
43128,J_1,A2HIDDENPOWER,N
43128,J_1,A2COLLECTIVEAGENDA,N
43128,J_1,A2CONTROLGOV,N
43128,J_1,A2CONTROLBANKS,N
43128,J_1,A2CONTROLMEDIA,N
43128,J_1,A2LOYALTY,N
43128,J_1,A2DISEASE,N
43128,J_1,A3WEALTH,N
43128,J_1,A3STINGY,N
43128,J_1,A3UNPATRIOTIC,N
43128,J_1,A3CARICATURE,N
43128,J_1,A3VIOLENCE,N
43128,J_1,A3SYNAGOGUE,N
43128,J_1,A3SWASTIKA,N
43128,J_1,A3DISCRIMINATION,N
7603,J_1,A1ESSENTIAL,N
7603,J_1,A2EVIL,N
7603,J_1,A2CONSPIRACY,N
7603,J_1,A2HIDDENPOWER,N
7603,J_1,A2COLLECTIVEAGENDA,N
7603,J_1,A2CONTROLGOV,N
7603,J_1,A2CONTROLBANKS,N
7603,J_1,A2CONTROLMEDIA,N
7603,J_1,A2LOYALTY,N
7603,J_1,A2DISEASE,N
7603,J_1,A3WEALTH,N
7603,J_1,A3STINGY,N
7603,J_1,A3UNPATRIOTIC,N
7603,J_1,A3CARICATURE,N
7603,J_1,A3VIOLENCE,N
7603,J_1,A3SYNAGOGUE,N
7603,J_1,A3SWASTIKA,N
7603,J_1,A3DISCRIMINATION,N
8512,J_1,A1ESSENTIAL,E
8512,J_1,A2EVIL,E
8512,J_1,A2CONSPIRACY,N
8512,J_1,A2HIDDENPOWER,N
8512,J_1,A2COLLECTIVEAGENDA,N
8512,J_1,A2CONTROLGOV,N
8512,J_1,A2CONTROLBANKS,N
8512,J_1,A2CONTROLMEDIA,N
8512,J_1,A2LOYALTY,N
8512,J_1,A2DISEASE,N
8512,J_1,A3WEALTH,N
8512,J_1,A3STINGY,N
8512,J_1,A3UNPATRIOTIC,N
8512,J_1,A3CARICATURE,N
8512,J_1,A3VIOLENCE,N
8512,J_1,A3SYNAGOGUE,N
8512,J_1,A3SWASTIKA,N
8512,J_1,A3DISCRIMINATION,N
48322,J_1,A1ESSENTIAL,N
48322,J_1,A2EVIL,N
48322,J_1,A2CONSPIRACY,N
48322,J_1,A2HIDDENPOWER,N
48322,J_1,A2COLLECTIVEAGENDA,N
48322,J_1,A2CONTROLGOV,N
48322,J_1,A2CONTROLBANKS,N
48322,J_1,A2CONTROLMEDIA,N
48322,J_1,A2LOYALTY,N
48322,J_1,A2DISEASE,N
48322,J_1,A3WEALTH,N
48322,J_1,A3STINGY,N
48322,J_1,A3UNPATRIOTIC,N
48322,J_1,A3CARICATURE,N
48322,J_1,A3VIOLENCE,N
48322,J_1,A3SYNAGOGUE,N
48322,J_1,A3SWASTIKA,N
48322,J_1,A3DISCRIMINATION,N
37556,J_1,A1ESSENTIAL,N
37556,J_1,A2EVIL,N
37556,J_1,A2CONSPIRACY,N
37556,J_1,A2HIDDENPOWER,N
37556,J_1,A2COLLECTIVEAGENDA,N
37556,J_1,A2CONTROLGOV,N
37556,J_1,A2CONTROLBANKS,N
37556,J_1,A2CONTROLMEDIA,N
37556,J_1,A2LOYALTY,N
37556,J_1,A2DISEASE,N
37556,J_1,A3WEALTH,N
37556,J_1,A3STINGY,N
37556,J_1,A3UNPATRIOTIC,N
37556,J_1,A3CARICATURE,N
37556,J_1,A3VIOLENCE,N
37556,J_1,A3SYNAGOGUE,N
37556,J_1,A3SWASTIKA,N
37556,J_1,A3DISCRIMINATION,N
26160,J_1,A1ESSENTIAL,A
26160,J_1,A2EVIL,N
26160,J_1,A2CONSPIRACY,I
26160,J_1,A2HIDDENPOWER,N
26160,J_1,A2COLLECTIVEAGENDA,I
26160,J_1,A2CONTROLGOV,N
26160,J_1,A2CONTROLBANKS,N
26160,J_1,A2CONTROLMEDIA,N
26160,J_1,A2LOYALTY,N
26160,J_1,A2DISEASE,N
26160,J_1,A3WEALTH,N
26160,J_1,A3STINGY,N
26160,J_1,A3UNPATRIOTIC,N
26160,J_1,A3CARICATURE,N
26160,J_1,A3VIOLENCE,N
26160,J_1,A3SYNAGOGUE,N
26160,J_1,A3SWASTIKA,N
26160,J_1,A3DISCRIMINATION,N
46737,J_1,A1ESSENTIAL,N
46737,J_1,A2EVIL,N
46737,J_1,A2CONSPIRACY,N
46737,J_1,A2HIDDENPOWER,N
46737,J_1,A2COLLECTIVEAGENDA,N
46737,J_1,A2CONTROLGOV,N
46737,J_1,A2CONTROLBANKS,N
46737,J_1,A2CONTROLMEDIA,N
46737,J_1,A2LOYALTY,N
46737,J_1,A2DISEASE,N
46737,J_1,A3WEALTH,N
46737,J_1,A3STINGY,N
46737,J_1,A3UNPATRIOTIC,N
46737,J_1,A3CARICATURE,N
46737,J_1,A3VIOLENCE,N
46737,J_1,A3SYNAGOGUE,N
46737,J_1,A3SWASTIKA,N
46737,J_1,A3DISCRIMINATION,N
3539,J_1,A1ESSENTIAL,N
3539,J_1,A2EVIL,N
3539,J_1,A2CONSPIRACY,N
3539,J_1,A2HIDDENPOWER,N
3539,J_1,A2COLLECTIVEAGENDA,N
3539,J_1,A2CONTROLGOV,N
3539,J_1,A2CONTROLBANKS,N
3539,J_1,A2CONTROLMEDIA,N
3539,J_1,A2LOYALTY,N
3539,J_1,A2DISEASE,N
3539,J_1,A3WEALTH,N
3539,J_1,A3STINGY,N
3539,J_1,A3UNPATRIOTIC,N
3539,J_1,A3CARICATURE,N
3539,J_1,A3VIOLENCE,N
3539,J_1,A3SYNAGOGUE,N
3539,J_1,A3SWASTIKA,N
3539,J_1,A3DISCRIMINATION,N
44266,J_1,A1ESSENTIAL,N
44266,J_1,A2EVIL,N
44266,J_1,A2CONSPIRACY,I
44266,J_1,A2HIDDENPOWER,N
44266,J_1,A2COLLECTIVEAGENDA,I
44266,J_1,A2CONTROLGOV,I
44266,J_1,A2CONTROLBANKS,N
44266,J_1,A2CONTROLMEDIA,N
44266,J_1,A2LOYALTY,I
44266,J_1,A2DISEASE,N
44266,J_1,A3WEALTH,N
44266,J_1,A3STINGY,N
44266,J_1,A3UNPATRIOTIC,N
44266,J_1,A3CARICATURE,N
44266,J_1,A3VIOLENCE,N
44266,J_1,A3SYNAGOGUE,N
44266,J_1,A3SWASTIKA,N
44266,J_1,A3DISCRIMINATION,N
28633,J_1,A1ESSENTIAL,N
28633,J_1,A2EVIL,N
28633,J_1,A2CONSPIRACY,N
28633,J_1,A2HIDDENPOWER,N
28633,J_1,A2COLLECTIVEAGENDA,N
28633,J_1,A2CONTROLGOV,N
28633,J_1,A2CONTROLBANKS,N
28633,J_1,A2CONTROLMEDIA,N
28633,J_1,A2LOYALTY,N
28633,J_1,A2DISEASE,N
28633,J_1,A3WEALTH,N
28633,J_1,A3STINGY,N
28633,J_1,A3UNPATRIOTIC,N
28633,J_1,A3CARICATURE,N
28633,J_1,A3VIOLENCE,N
28633,J_1,A3SYNAGOGUE,N
28633,J_1,A3SWASTIKA,N
28633,J_1,A3DISCRIMINATION,N
1456,J_1,A1ESSENTIAL,N
1456,J_1,A2EVIL,N
1456,J_1,A2CONSPIRACY,N
1456,J_1,A2HIDDENPOWER,N
1456,J_1,A2COLLECTIVEAGENDA,N
1456,J_1,A2CONTROLGOV,N
1456,J_1,A2CONTROLBANKS,N
1456,J_1,A2CONTROLMEDIA,N
1456,J_1,A2LOYALTY,N
1456,J_1,A2DISEASE,N
1456,J_1,A3WEALTH,N
1456,J_1,A3STINGY,N
1456,J_1,A3UNPATRIOTIC,N
1456,J_1,A3CARICATURE,N
1456,J_1,A3VIOLENCE,N
1456,J_1,A3SYNAGOGUE,N
1456,J_1,A3SWASTIKA,N
1456,J_1,A3DISCRIMINATION,N
7229,J_1,A1ESSENTIAL,I
7229,J_1,A2EVIL,I
7229,J_1,A2CONSPIRACY,N
7229,J_1,A2HIDDENPOWER,N
7229,J_1,A2COLLECTIVEAGENDA,I
7229,J_1,A2CONTROLGOV,N
7229,J_1,A2CONTROLBANKS,N
7229,J_1,A2CONTROLMEDIA,N
7229,J_1,A2LOYALTY,N
7229,J_1,A2DISEASE,N
7229,J_1,A3WEALTH,N
7229,J_1,A3STINGY,N
7229,J_1,A3UNPATRIOTIC,N
7229,J_1,A3CARICATURE,N
7229,J_1,A3VIOLENCE,I
7229,J_1,A3SYNAGOGUE,N
7229,J_1,A3SWASTIKA,N
7229,J_1,A3DISCRIMINATION,N
45,J_1,A1ESSENTIAL,N
45,J_1,A2EVIL,N
45,J_1,A2CONSPIRACY,N
45,J_1,A2HIDDENPOWER,N
45,J_1,A2COLLECTIVEAGENDA,N
45,J_1,A2CONTROLGOV,N
45,J_1,A2CONTROLBANKS,N
45,J_1,A2CONTROLMEDIA,N
45,J_1,A2LOYALTY,N
45,J_1,A2DISEASE,N
45,J_1,A3WEALTH,N
45,J_1,A3STINGY,N
45,J_1,A3UNPATRIOTIC,N
45,J_1,A3CARICATURE,N
45,J_1,A3VIOLENCE,N
45,J_1,A3SYNAGOGUE,N
45,J_1,A3SWASTIKA,N
45,J_1,A3DISCRIMINATION,N
23144,J_1,A1ESSENTIAL,N
23144,J_1,A2EVIL,N
23144,J_1,A2CONSPIRACY,I
23144,J_1,A2HIDDENPOWER,N
23144,J_1,A2COLLECTIVEAGENDA,N
23144,J_1,A2CONTROLGOV,N
23144,J_1,A2CONTROLBANKS,N
23144,J_1,A2CONTROLMEDIA,N
23144,J_1,A2LOYALTY,N
23144,J_1,A2DISEASE,N
23144,J_1,A3WEALTH,N
23144,J_1,A3STINGY,N
23144,J_1,A3UNPATRIOTIC,N
23144,J_1,A3CARICATURE,N
23144,J_1,A3VIOLENCE,N
23144,J_1,A3SYNAGOGUE,N
23144,J_1,A3SWASTIKA,N
23144,J_1,A3DISCRIMINATION,N
1938,J_1,A1ESSENTIAL,N
1938,J_1,A2EVIL,N
1938,J_1,A2CONSPIRACY,N
1938,J_1,A2HIDDENPOWER,N
1938,J_1,A2COLLECTIVEAGENDA,N
1938,J_1,A2CONTROLGOV,N
1938,J_1,A2CONTROLBANKS,N
1938,J_1,A2CONTROLMEDIA,N
1938,J_1,A2LOYALTY,N
1938,J_1,A2DISEASE,N
1938,J_1,A3WEALTH,N
1938,J_1,A3STINGY,N
1938,J_1,A3UNPATRIOTIC,N
1938,J_1,A3CARICATURE,N
1938,J_1,A3VIOLENCE,N
1938,J_1,A3SYNAGOGUE,N
1938,J_1,A3SWASTIKA,N
1938,J_1,A3DISCRIMINATION,N
36452,J_1,A1ESSENTIAL,N
36452,J_1,A2EVIL,N
36452,J_1,A2CONSPIRACY,N
36452,J_1,A2HIDDENPOWER,N
36452,J_1,A2COLLECTIVEAGENDA,N
36452,J_1,A2CONTROLGOV,N
36452,J_1,A2CONTROLBANKS,N
36452,J_1,A2CONTROLMEDIA,N
36452,J_1,A2LOYALTY,N
36452,J_1,A2DISEASE,N
36452,J_1,A3WEALTH,N
36452,J_1,A3STINGY,N
36452,J_1,A3UNPATRIOTIC,I
36452,J_1,A3CARICATURE,N
36452,J_1,A3VIOLENCE,N
36452,J_1,A3SYNAGOGUE,N
36452,J_1,A3SWASTIKA,N
36452,J_1,A3DISCRIMINATION,N
47215,J_1,A1ESSENTIAL,N
47215,J_1,A2EVIL,N
47215,J_1,A2CONSPIRACY,I
47215,J_1,A2HIDDENPOWER,N
47215,J_1,A2COLLECTIVEAGENDA,I
47215,J_1,A2CONTROLGOV,I
47215,J_1,A2CONTROLBANKS,N
47215,J_1,A2CONTROLMEDIA,N
47215,J_1,A2LOYALTY,N
47215,J_1,A2DISEASE,N
47215,J_1,A3WEALTH,N
47215,J_1,A3STINGY,N
47215,J_1,A3UNPATRIOTIC,N
47215,J_1,A3CARICATURE,N
47215,J_1,A3VIOLENCE,N
47215,J_1,A3SYNAGOGUE,N
47215,J_1,A3SWASTIKA,N
47215,J_1,A3DISCRIMINATION,N
4898,J_1,A1ESSENTIAL,E
4898,J_1,A2EVIL,N
4898,J_1,A2CONSPIRACY,N
4898,J_1,A2HIDDENPOWER,N
4898,J_1,A2COLLECTIVEAGENDA,N
4898,J_1,A2CONTROLGOV,N
4898,J_1,A2CONTROLBANKS,N
4898,J_1,A2CONTROLMEDIA,N
4898,J_1,A2LOYALTY,N
4898,J_1,A2DISEASE,N
4898,J_1,A3WEALTH,N
4898,J_1,A3STINGY,N
4898,J_1,A3UNPATRIOTIC,N
4898,J_1,A3CARICATURE,N
4898,J_1,A3VIOLENCE,N
4898,J_1,A3SYNAGOGUE,N
4898,J_1,A3SWASTIKA,N
4898,J_1,A3DISCRIMINATION,N
14141,J_1,A1ESSENTIAL,N
14141,J_1,A2EVIL,N
14141,J_1,A2CONSPIRACY,N
14141,J_1,A2HIDDENPOWER,N
14141,J_1,A2COLLECTIVEAGENDA,N
14141,J_1,A2CONTROLGOV,N
14141,J_1,A2CONTROLBANKS,N
14141,J_1,A2CONTROLMEDIA,N
14141,J_1,A2LOYALTY,N
14141,J_1,A2DISEASE,N
14141,J_1,A3WEALTH,N
14141,J_1,A3STINGY,N
14141,J_1,A3UNPATRIOTIC,N
14141,J_1,A3CARICATURE,N
14141,J_1,A3VIOLENCE,N
14141,J_1,A3SYNAGOGUE,N
14141,J_1,A3SWASTIKA,N
14141,J_1,A3DISCRIMINATION,N
43723,J_1,A1ESSENTIAL,N
43723,J_1,A2EVIL,N
43723,J_1,A2CONSPIRACY,N
43723,J_1,A2HIDDENPOWER,N
43723,J_1,A2COLLECTIVEAGENDA,N
43723,J_1,A2CONTROLGOV,N
43723,J_1,A2CONTROLBANKS,N
43723,J_1,A2CONTROLMEDIA,N
43723,J_1,A2LOYALTY,N
43723,J_1,A2DISEASE,N
43723,J_1,A3WEALTH,N
43723,J_1,A3STINGY,N
43723,J_1,A3UNPATRIOTIC,N
43723,J_1,A3CARICATURE,N
43723,J_1,A3VIOLENCE,N
43723,J_1,A3SYNAGOGUE,N
43723,J_1,A3SWASTIKA,N
43723,J_1,A3DISCRIMINATION,N
20243,J_1,A1ESSENTIAL,N
20243,J_1,A2EVIL,N
20243,J_1,A2CONSPIRACY,N
20243,J_1,A2HIDDENPOWER,N
20243,J_1,A2COLLECTIVEAGENDA,N
20243,J_1,A2CONTROLGOV,N
20243,J_1,A2CONTROLBANKS,N
20243,J_1,A2CONTROLMEDIA,N
20243,J_1,A2LOYALTY,N
20243,J_1,A2DISEASE,N
20243,J_1,A3WEALTH,N
20243,J_1,A3STINGY,N
20243,J_1,A3UNPATRIOTIC,N
20243,J_1,A3CARICATURE,N
20243,J_1,A3VIOLENCE,N
20243,J_1,A3SYNAGOGUE,N
20243,J_1,A3SWASTIKA,N
20243,J_1,A3DISCRIMINATION,N
43925,J_1,A1ESSENTIAL,N
43925,J_1,A2EVIL,N
43925,J_1,A2CONSPIRACY,N
43925,J_1,A2HIDDENPOWER,N
43925,J_1,A2COLLECTIVEAGENDA,N
43925,J_1,A2CONTROLGOV,N
43925,J_1,A2CONTROLBANKS,N
43925,J_1,A2CONTROLMEDIA,N
43925,J_1,A2LOYALTY,N
43925,J_1,A2DISEASE,N
43925,J_1,A3WEALTH,N
43925,J_1,A3STINGY,N
43925,J_1,A3UNPATRIOTIC,N
43925,J_1,A3CARICATURE,N
43925,J_1,A3VIOLENCE,N
43925,J_1,A3SYNAGOGUE,N
43925,J_1,A3SWASTIKA,N
43925,J_1,A3DISCRIMINATION,N
18123,J_1,A1ESSENTIAL,N
18123,J_1,A2EVIL,N
18123,J_1,A2CONSPIRACY,N
18123,J_1,A2HIDDENPOWER,N
18123,J_1,A2COLLECTIVEAGENDA,N
18123,J_1,A2CONTROLGOV,N
18123,J_1,A2CONTROLBANKS,N
18123,J_1,A2CONTROLMEDIA,N
18123,J_1,A2LOYALTY,N
18123,J_1,A2DISEASE,N
18123,J_1,A3WEALTH,N
18123,J_1,A3STINGY,N
18123,J_1,A3UNPATRIOTIC,N
18123,J_1,A3CARICATURE,N
18123,J_1,A3VIOLENCE,N
18123,J_1,A3SYNAGOGUE,N
18123,J_1,A3SWASTIKA,N
18123,J_1,A3DISCRIMINATION,N
7961,J_1,A1ESSENTIAL,N
7961,J_1,A2EVIL,N
7961,J_1,A2CONSPIRACY,N
7961,J_1,A2HIDDENPOWER,N
7961,J_1,A2COLLECTIVEAGENDA,N
7961,J_1,A2CONTROLGOV,N
7961,J_1,A2CONTROLBANKS,N
7961,J_1,A2CONTROLMEDIA,N
7961,J_1,A2LOYALTY,N
7961,J_1,A2DISEASE,N
7961,J_1,A3WEALTH,N
7961,J_1,A3STINGY,N
7961,J_1,A3UNPATRIOTIC,N
7961,J_1,A3CARICATURE,N
7961,J_1,A3VIOLENCE,N
7961,J_1,A3SYNAGOGUE,N
7961,J_1,A3SWASTIKA,N
7961,J_1,A3DISCRIMINATION,N
10670,J_1,A1ESSENTIAL,N
10670,J_1,A2EVIL,N
10670,J_1,A2CONSPIRACY,N
10670,J_1,A2HIDDENPOWER,N
10670,J_1,A2COLLECTIVEAGENDA,N
10670,J_1,A2CONTROLGOV,N
10670,J_1,A2CONTROLBANKS,N
10670,J_1,A2CONTROLMEDIA,N
10670,J_1,A2LOYALTY,N
10670,J_1,A2DISEASE,N
10670,J_1,A3WEALTH,N
10670,J_1,A3STINGY,N
10670,J_1,A3UNPATRIOTIC,N
10670,J_1,A3CARICATURE,N
10670,J_1,A3VIOLENCE,N
10670,J_1,A3SYNAGOGUE,N
10670,J_1,A3SWASTIKA,N
10670,J_1,A3DISCRIMINATION,N
18306,J_1,A1ESSENTIAL,N
18306,J_1,A2EVIL,N
18306,J_1,A2CONSPIRACY,N
18306,J_1,A2HIDDENPOWER,N
18306,J_1,A2COLLECTIVEAGENDA,N
18306,J_1,A2CONTROLGOV,N
18306,J_1,A2CONTROLBANKS,N
18306,J_1,A2CONTROLMEDIA,N
18306,J_1,A2LOYALTY,N
18306,J_1,A2DISEASE,N
18306,J_1,A3WEALTH,N
18306,J_1,A3STINGY,N
18306,J_1,A3UNPATRIOTIC,N
18306,J_1,A3CARICATURE,N
18306,J_1,A3VIOLENCE,N
18306,J_1,A3SYNAGOGUE,N
18306,J_1,A3SWASTIKA,N
18306,J_1,A3DISCRIMINATION,N
45787,J_1,A1ESSENTIAL,N
45787,J_1,A2EVIL,N
45787,J_1,A2CONSPIRACY,N
45787,J_1,A2HIDDENPOWER,N
45787,J_1,A2COLLECTIVEAGENDA,N
45787,J_1,A2CONTROLGOV,N
45787,J_1,A2CONTROLBANKS,N
45787,J_1,A2CONTROLMEDIA,N
45787,J_1,A2LOYALTY,N
45787,J_1,A2DISEASE,N
45787,J_1,A3WEALTH,N
45787,J_1,A3STINGY,N
45787,J_1,A3UNPATRIOTIC,N
45787,J_1,A3CARICATURE,N
45787,J_1,A3VIOLENCE,N
45787,J_1,A3SYNAGOGUE,N
45787,J_1,A3SWASTIKA,N
45787,J_1,A3DISCRIMINATION,N
38057,J_1,A1ESSENTIAL,N
38057,J_1,A2EVIL,N
38057,J_1,A2CONSPIRACY,N
38057,J_1,A2HIDDENPOWER,N
38057,J_1,A2COLLECTIVEAGENDA,N
38057,J_1,A2CONTROLGOV,N
38057,J_1,A2CONTROLBANKS,N
38057,J_1,A2CONTROLMEDIA,N
38057,J_1,A2LOYALTY,N
38057,J_1,A2DISEASE,N
38057,J_1,A3WEALTH,N
38057,J_1,A3STINGY,N
38057,J_1,A3UNPATRIOTIC,N
38057,J_1,A3CARICATURE,N
38057,J_1,A3VIOLENCE,N
38057,J_1,A3SYNAGOGUE,N
38057,J_1,A3SWASTIKA,N
38057,J_1,A3DISCRIMINATION,N
17821,J_1,A1ESSENTIAL,N
17821,J_1,A2EVIL,N
17821,J_1,A2CONSPIRACY,N
17821,J_1,A2HIDDENPOWER,N
17821,J_1,A2COLLECTIVEAGENDA,N
17821,J_1,A2CONTROLGOV,N
17821,J_1,A2CONTROLBANKS,N
17821,J_1,A2CONTROLMEDIA,N
17821,J_1,A2LOYALTY,N
17821,J_1,A2DISEASE,N
17821,J_1,A3WEALTH,N
17821,J_1,A3STINGY,N
17821,J_1,A3UNPATRIOTIC,N
17821,J_1,A3CARICATURE,N
17821,J_1,A3VIOLENCE,N
17821,J_1,A3SYNAGOGUE,N
17821,J_1,A3SWASTIKA,N
17821,J_1,A3DISCRIMINATION,N
49208,J_1,A1ESSENTIAL,N
49208,J_1,A2EVIL,N
49208,J_1,A2CONSPIRACY,N
49208,J_1,A2HIDDENPOWER,N
49208,J_1,A2COLLECTIVEAGENDA,N
49208,J_1,A2CONTROLGOV,N
49208,J_1,A2CONTROLBANKS,N
49208,J_1,A2CONTROLMEDIA,N
49208,J_1,A2LOYALTY,N
49208,J_1,A2DISEASE,N
49208,J_1,A3WEALTH,N
49208,J_1,A3STINGY,N
49208,J_1,A3UNPATRIOTIC,N
49208,J_1,A3CARICATURE,N
49208,J_1,A3VIOLENCE,N
49208,J_1,A3SYNAGOGUE,N
49208,J_1,A3SWASTIKA,N
49208,J_1,A3DISCRIMINATION,N
41103,J_1,A1ESSENTIAL,N
41103,J_1,A2EVIL,N
41103,J_1,A2CONSPIRACY,N
41103,J_1,A2HIDDENPOWER,N
41103,J_1,A2COLLECTIVEAGENDA,N
41103,J_1,A2CONTROLGOV,N
41103,J_1,A2CONTROLBANKS,N
41103,J_1,A2CONTROLMEDIA,N
41103,J_1,A2LOYALTY,N
41103,J_1,A2DISEASE,N
41103,J_1,A3WEALTH,N
41103,J_1,A3STINGY,N
41103,J_1,A3UNPATRIOTIC,N
41103,J_1,A3CARICATURE,N
41103,J_1,A3VIOLENCE,N
41103,J_1,A3SYNAGOGUE,N
41103,J_1,A3SWASTIKA,N
41103,J_1,A3DISCRIMINATION,N
48616,J_1,A1ESSENTIAL,E
48616,J_1,A2EVIL,N
48616,J_1,A2CONSPIRACY,N
48616,J_1,A2HIDDENPOWER,N
48616,J_1,A2COLLECTIVEAGENDA,N
48616,J_1,A2CONTROLGOV,N
48616,J_1,A2CONTROLBANKS,N
48616,J_1,A2CONTROLMEDIA,N
48616,J_1,A2LOYALTY,N
48616,J_1,A2DISEASE,N
48616,J_1,A3WEALTH,N
48616,J_1,A3STINGY,N
48616,J_1,A3UNPATRIOTIC,N
48616,J_1,A3CARICATURE,N
48616,J_1,A3VIOLENCE,N
48616,J_1,A3SYNAGOGUE,N
48616,J_1,A3SWASTIKA,N
48616,J_1,A3DISCRIMINATION,N
33352,J_1,A1ESSENTIAL,N
33352,J_1,A2EVIL,N
33352,J_1,A2CONSPIRACY,N
33352,J_1,A2HIDDENPOWER,N
33352,J_1,A2COLLECTIVEAGENDA,N
33352,J_1,A2CONTROLGOV,N
33352,J_1,A2CONTROLBANKS,N
33352,J_1,A2CONTROLMEDIA,N
33352,J_1,A2LOYALTY,N
33352,J_1,A2DISEASE,N
33352,J_1,A3WEALTH,N
33352,J_1,A3STINGY,N
33352,J_1,A3UNPATRIOTIC,N
33352,J_1,A3CARICATURE,N
33352,J_1,A3VIOLENCE,N
33352,J_1,A3SYNAGOGUE,N
33352,J_1,A3SWASTIKA,N
33352,J_1,A3DISCRIMINATION,N
33958,J_1,A1ESSENTIAL,N
33958,J_1,A2EVIL,N
33958,J_1,A2CONSPIRACY,N
33958,J_1,A2HIDDENPOWER,N
33958,J_1,A2COLLECTIVEAGENDA,N
33958,J_1,A2CONTROLGOV,N
33958,J_1,A2CONTROLBANKS,N
33958,J_1,A2CONTROLMEDIA,N
33958,J_1,A2LOYALTY,N
33958,J_1,A2DISEASE,N
33958,J_1,A3WEALTH,N
33958,J_1,A3STINGY,N
33958,J_1,A3UNPATRIOTIC,N
33958,J_1,A3CARICATURE,N
33958,J_1,A3VIOLENCE,E
33958,J_1,A3SYNAGOGUE,N
33958,J_1,A3SWASTIKA,N
33958,J_1,A3DISCRIMINATION,N
11302,J_1,A1ESSENTIAL,N
11302,J_1,A2EVIL,N
11302,J_1,A2CONSPIRACY,N
11302,J_1,A2HIDDENPOWER,N
11302,J_1,A2COLLECTIVEAGENDA,N
11302,J_1,A2CONTROLGOV,N
11302,J_1,A2CONTROLBANKS,N
11302,J_1,A2CONTROLMEDIA,N
11302,J_1,A2LOYALTY,N
11302,J_1,A2DISEASE,N
11302,J_1,A3WEALTH,N
11302,J_1,A3STINGY,N
11302,J_1,A3UNPATRIOTIC,N
11302,J_1,A3CARICATURE,N
11302,J_1,A3VIOLENCE,N
11302,J_1,A3SYNAGOGUE,N
11302,J_1,A3SWASTIKA,N
11302,J_1,A3DISCRIMINATION,N
47447,J_1,A1ESSENTIAL,A
47447,J_1,A2EVIL,I
47447,J_1,A2CONSPIRACY,I
47447,J_1,A2HIDDENPOWER,I
47447,J_1,A2COLLECTIVEAGENDA,I
47447,J_1,A2CONTROLGOV,I
47447,J_1,A2CONTROLBANKS,N
47447,J_1,A2CONTROLMEDIA,N
47447,J_1,A2LOYALTY,I
47447,J_1,A2DISEASE,N
47447,J_1,A3WEALTH,N
47447,J_1,A3STINGY,N
47447,J_1,A3UNPATRIOTIC,N
47447,J_1,A3CARICATURE,N
47447,J_1,A3VIOLENCE,N
47447,J_1,A3SYNAGOGUE,N
47447,J_1,A3SWASTIKA,N
47447,J_1,A3DISCRIMINATION,N
44514,J_1,A1ESSENTIAL,I
44514,J_1,A2EVIL,I
44514,J_1,A2CONSPIRACY,E
44514,J_1,A2HIDDENPOWER,E
44514,J_1,A2COLLECTIVEAGENDA,E
44514,J_1,A2CONTROLGOV,E
44514,J_1,A2CONTROLBANKS,N
44514,J_1,A2CONTROLMEDIA,N
44514,J_1,A2LOYALTY,I
44514,J_1,A2DISEASE,N
44514,J_1,A3WEALTH,N
44514,J_1,A3STINGY,N
44514,J_1,A3UNPATRIOTIC,N
44514,J_1,A3CARICATURE,N
44514,J_1,A3VIOLENCE,N
44514,J_1,A3SYNAGOGUE,N
44514,J_1,A3SWASTIKA,N
44514,J_1,A3DISCRIMINATION,N
20872,J_1,A1ESSENTIAL,N
20872,J_1,A2EVIL,N
20872,J_1,A2CONSPIRACY,N
20872,J_1,A2HIDDENPOWER,N
20872,J_1,A2COLLECTIVEAGENDA,N
20872,J_1,A2CONTROLGOV,N
20872,J_1,A2CONTROLBANKS,N
20872,J_1,A2CONTROLMEDIA,N
20872,J_1,A2LOYALTY,N
20872,J_1,A2DISEASE,N
20872,J_1,A3WEALTH,N
20872,J_1,A3STINGY,N
20872,J_1,A3UNPATRIOTIC,N
20872,J_1,A3CARICATURE,N
20872,J_1,A3VIOLENCE,N
20872,J_1,A3SYNAGOGUE,N
20872,J_1,A3SWASTIKA,N
20872,J_1,A3DISCRIMINATION,N
39849,J_1,A1ESSENTIAL,N
39849,J_1,A2EVIL,N
39849,J_1,A2CONSPIRACY,N
39849,J_1,A2HIDDENPOWER,N
39849,J_1,A2COLLECTIVEAGENDA,N
39849,J_1,A2CONTROLGOV,N
39849,J_1,A2CONTROLBANKS,N
39849,J_1,A2CONTROLMEDIA,N
39849,J_1,A2LOYALTY,N
39849,J_1,A2DISEASE,N
39849,J_1,A3WEALTH,N
39849,J_1,A3STINGY,N
39849,J_1,A3UNPATRIOTIC,N
39849,J_1,A3CARICATURE,N
39849,J_1,A3VIOLENCE,N
39849,J_1,A3SYNAGOGUE,N
39849,J_1,A3SWASTIKA,N
39849,J_1,A3DISCRIMINATION,N
27027,J_1,A1ESSENTIAL,N
27027,J_1,A2EVIL,N
27027,J_1,A2CONSPIRACY,N
27027,J_1,A2HIDDENPOWER,N
27027,J_1,A2COLLECTIVEAGENDA,N
27027,J_1,A2CONTROLGOV,N
27027,J_1,A2CONTROLBANKS,N
27027,J_1,A2CONTROLMEDIA,N
27027,J_1,A2LOYALTY,N
27027,J_1,A2DISEASE,N
27027,J_1,A3WEALTH,N
27027,J_1,A3STINGY,N
27027,J_1,A3UNPATRIOTIC,N
27027,J_1,A3CARICATURE,N
27027,J_1,A3VIOLENCE,N
27027,J_1,A3SYNAGOGUE,N
27027,J_1,A3SWASTIKA,N
27027,J_1,A3DISCRIMINATION,N
3553,J_1,A1ESSENTIAL,N
3553,J_1,A2EVIL,N
3553,J_1,A2CONSPIRACY,N
3553,J_1,A2HIDDENPOWER,N
3553,J_1,A2COLLECTIVEAGENDA,N
3553,J_1,A2CONTROLGOV,N
3553,J_1,A2CONTROLBANKS,N
3553,J_1,A2CONTROLMEDIA,N
3553,J_1,A2LOYALTY,N
3553,J_1,A2DISEASE,N
3553,J_1,A3WEALTH,N
3553,J_1,A3STINGY,N
3553,J_1,A3UNPATRIOTIC,N
3553,J_1,A3CARICATURE,N
3553,J_1,A3VIOLENCE,N
3553,J_1,A3SYNAGOGUE,N
3553,J_1,A3SWASTIKA,N
3553,J_1,A3DISCRIMINATION,N
40152,J_1,A1ESSENTIAL,E
40152,J_1,A2EVIL,E
40152,J_1,A2CONSPIRACY,N
40152,J_1,A2HIDDENPOWER,N
40152,J_1,A2COLLECTIVEAGENDA,N
40152,J_1,A2CONTROLGOV,N
40152,J_1,A2CONTROLBANKS,N
40152,J_1,A2CONTROLMEDIA,N
40152,J_1,A2LOYALTY,N
40152,J_1,A2DISEASE,N
40152,J_1,A3WEALTH,N
40152,J_1,A3STINGY,N
40152,J_1,A3UNPATRIOTIC,N
40152,J_1,A3CARICATURE,N
40152,J_1,A3VIOLENCE,N
40152,J_1,A3SYNAGOGUE,N
40152,J_1,A3SWASTIKA,N
40152,J_1,A3DISCRIMINATION,N
41155,J_1,A1ESSENTIAL,A
41155,J_1,A2EVIL,N
41155,J_1,A2CONSPIRACY,N
41155,J_1,A2HIDDENPOWER,N
41155,J_1,A2COLLECTIVEAGENDA,N
41155,J_1,A2CONTROLGOV,N
41155,J_1,A2CONTROLBANKS,N
41155,J_1,A2CONTROLMEDIA,N
41155,J_1,A2LOYALTY,N
41155,J_1,A2DISEASE,N
41155,J_1,A3WEALTH,N
41155,J_1,A3STINGY,N
41155,J_1,A3UNPATRIOTIC,N
41155,J_1,A3CARICATURE,N
41155,J_1,A3VIOLENCE,A
41155,J_1,A3SYNAGOGUE,N
41155,J_1,A3SWASTIKA,N
41155,J_1,A3DISCRIMINATION,N
15986,J_1,A1ESSENTIAL,N
15986,J_1,A2EVIL,N
15986,J_1,A2CONSPIRACY,N
15986,J_1,A2HIDDENPOWER,N
15986,J_1,A2COLLECTIVEAGENDA,N
15986,J_1,A2CONTROLGOV,N
15986,J_1,A2CONTROLBANKS,N
15986,J_1,A2CONTROLMEDIA,N
15986,J_1,A2LOYALTY,N
15986,J_1,A2DISEASE,N
15986,J_1,A3WEALTH,N
15986,J_1,A3STINGY,N
15986,J_1,A3UNPATRIOTIC,N
15986,J_1,A3CARICATURE,N
15986,J_1,A3VIOLENCE,N
15986,J_1,A3SYNAGOGUE,N
15986,J_1,A3SWASTIKA,N
15986,J_1,A3DISCRIMINATION,N
13979,J_1,A1ESSENTIAL,N
13979,J_1,A2EVIL,N
13979,J_1,A2CONSPIRACY,N
13979,J_1,A2HIDDENPOWER,N
13979,J_1,A2COLLECTIVEAGENDA,N
13979,J_1,A2CONTROLGOV,N
13979,J_1,A2CONTROLBANKS,N
13979,J_1,A2CONTROLMEDIA,N
13979,J_1,A2LOYALTY,N
13979,J_1,A2DISEASE,N
13979,J_1,A3WEALTH,N
13979,J_1,A3STINGY,N
13979,J_1,A3UNPATRIOTIC,N
13979,J_1,A3CARICATURE,N
13979,J_1,A3VIOLENCE,N
13979,J_1,A3SYNAGOGUE,N
13979,J_1,A3SWASTIKA,N
13979,J_1,A3DISCRIMINATION,N
33434,J_1,A1ESSENTIAL,N
33434,J_1,A2EVIL,N
33434,J_1,A2CONSPIRACY,N
33434,J_1,A2HIDDENPOWER,N
33434,J_1,A2COLLECTIVEAGENDA,N
33434,J_1,A2CONTROLGOV,N
33434,J_1,A2CONTROLBANKS,N
33434,J_1,A2CONTROLMEDIA,N
33434,J_1,A2LOYALTY,N
33434,J_1,A2DISEASE,N
33434,J_1,A3WEALTH,N
33434,J_1,A3STINGY,N
33434,J_1,A3UNPATRIOTIC,N
33434,J_1,A3CARICATURE,N
33434,J_1,A3VIOLENCE,N
33434,J_1,A3SYNAGOGUE,N
33434,J_1,A3SWASTIKA,N
33434,J_1,A3DISCRIMINATION,N
10206,J_1,A1ESSENTIAL,A
10206,J_1,A2EVIL,N
10206,J_1,A2CONSPIRACY,N
10206,J_1,A2HIDDENPOWER,N
10206,J_1,A2COLLECTIVEAGENDA,N
10206,J_1,A2CONTROLGOV,N
10206,J_1,A2CONTROLBANKS,N
10206,J_1,A2CONTROLMEDIA,N
10206,J_1,A2LOYALTY,N
10206,J_1,A2DISEASE,N
10206,J_1,A3WEALTH,N
10206,J_1,A3STINGY,N
10206,J_1,A3UNPATRIOTIC,N
10206,J_1,A3CARICATURE,N
10206,J_1,A3VIOLENCE,N
10206,J_1,A3SYNAGOGUE,N
10206,J_1,A3SWASTIKA,N
10206,J_1,A3DISCRIMINATION,N
40964,J_1,A1ESSENTIAL,A
40964,J_1,A2EVIL,A
40964,J_1,A2CONSPIRACY,A
40964,J_1,A2HIDDENPOWER,A
40964,J_1,A2COLLECTIVEAGENDA,A
40964,J_1,A2CONTROLGOV,N
40964,J_1,A2CONTROLBANKS,N
40964,J_1,A2CONTROLMEDIA,N
40964,J_1,A2LOYALTY,N
40964,J_1,A2DISEASE,N
40964,J_1,A3WEALTH,N
40964,J_1,A3STINGY,N
40964,J_1,A3UNPATRIOTIC,N
40964,J_1,A3CARICATURE,N
40964,J_1,A3VIOLENCE,N
40964,J_1,A3SYNAGOGUE,N
40964,J_1,A3SWASTIKA,N
40964,J_1,A3DISCRIMINATION,N
47818,J_1,A1ESSENTIAL,N
47818,J_1,A2EVIL,N
47818,J_1,A2CONSPIRACY,I
47818,J_1,A2HIDDENPOWER,I
47818,J_1,A2COLLECTIVEAGENDA,N
47818,J_1,A2CONTROLGOV,I
47818,J_1,A2CONTROLBANKS,N
47818,J_1,A2CONTROLMEDIA,N
47818,J_1,A2LOYALTY,N
47818,J_1,A2DISEASE,N
47818,J_1,A3WEALTH,N
47818,J_1,A3STINGY,N
47818,J_1,A3UNPATRIOTIC,N
47818,J_1,A3CARICATURE,N
47818,J_1,A3VIOLENCE,N
47818,J_1,A3SYNAGOGUE,N
47818,J_1,A3SWASTIKA,N
47818,J_1,A3DISCRIMINATION,N
10057,J_1,A1ESSENTIAL,N
10057,J_1,A2EVIL,N
10057,J_1,A2CONSPIRACY,N
10057,J_1,A2HIDDENPOWER,N
10057,J_1,A2COLLECTIVEAGENDA,N
10057,J_1,A2CONTROLGOV,N
10057,J_1,A2CONTROLBANKS,N
10057,J_1,A2CONTROLMEDIA,N
10057,J_1,A2LOYALTY,N
10057,J_1,A2DISEASE,N
10057,J_1,A3WEALTH,N
10057,J_1,A3STINGY,N
10057,J_1,A3UNPATRIOTIC,N
10057,J_1,A3CARICATURE,N
10057,J_1,A3VIOLENCE,N
10057,J_1,A3SYNAGOGUE,N
10057,J_1,A3SWASTIKA,N
10057,J_1,A3DISCRIMINATION,N
7680,J_1,A1ESSENTIAL,N
7680,J_1,A2EVIL,N
7680,J_1,A2CONSPIRACY,N
7680,J_1,A2HIDDENPOWER,N
7680,J_1,A2COLLECTIVEAGENDA,N
7680,J_1,A2CONTROLGOV,N
7680,J_1,A2CONTROLBANKS,N
7680,J_1,A2CONTROLMEDIA,N
7680,J_1,A2LOYALTY,N
7680,J_1,A2DISEASE,N
7680,J_1,A3WEALTH,N
7680,J_1,A3STINGY,N
7680,J_1,A3UNPATRIOTIC,N
7680,J_1,A3CARICATURE,N
7680,J_1,A3VIOLENCE,N
7680,J_1,A3SYNAGOGUE,N
7680,J_1,A3SWASTIKA,N
7680,J_1,A3DISCRIMINATION,N
40439,J_1,A1ESSENTIAL,E
40439,J_1,A2EVIL,N
40439,J_1,A2CONSPIRACY,N
40439,J_1,A2HIDDENPOWER,N
40439,J_1,A2COLLECTIVEAGENDA,I
40439,J_1,A2CONTROLGOV,N
40439,J_1,A2CONTROLBANKS,N
40439,J_1,A2CONTROLMEDIA,N
40439,J_1,A2LOYALTY,N
40439,J_1,A2DISEASE,N
40439,J_1,A3WEALTH,N
40439,J_1,A3STINGY,N
40439,J_1,A3UNPATRIOTIC,N
40439,J_1,A3CARICATURE,N
40439,J_1,A3VIOLENCE,N
40439,J_1,A3SYNAGOGUE,N
40439,J_1,A3SWASTIKA,N
40439,J_1,A3DISCRIMINATION,N
29100,J_1,A1ESSENTIAL,N
29100,J_1,A2EVIL,N
29100,J_1,A2CONSPIRACY,N
29100,J_1,A2HIDDENPOWER,N
29100,J_1,A2COLLECTIVEAGENDA,N
29100,J_1,A2CONTROLGOV,N
29100,J_1,A2CONTROLBANKS,N
29100,J_1,A2CONTROLMEDIA,N
29100,J_1,A2LOYALTY,N
29100,J_1,A2DISEASE,N
29100,J_1,A3WEALTH,N
29100,J_1,A3STINGY,N
29100,J_1,A3UNPATRIOTIC,N
29100,J_1,A3CARICATURE,N
29100,J_1,A3VIOLENCE,N
29100,J_1,A3SYNAGOGUE,N
29100,J_1,A3SWASTIKA,N
29100,J_1,A3DISCRIMINATION,N
41229,J_1,A1ESSENTIAL,I
41229,J_1,A2EVIL,I
41229,J_1,A2CONSPIRACY,N
41229,J_1,A2HIDDENPOWER,N
41229,J_1,A2COLLECTIVEAGENDA,N
41229,J_1,A2CONTROLGOV,N
41229,J_1,A2CONTROLBANKS,N
41229,J_1,A2CONTROLMEDIA,N
41229,J_1,A2LOYALTY,N
41229,J_1,A2DISEASE,N
41229,J_1,A3WEALTH,N
41229,J_1,A3STINGY,N
41229,J_1,A3UNPATRIOTIC,N
41229,J_1,A3CARICATURE,N
41229,J_1,A3VIOLENCE,N
41229,J_1,A3SYNAGOGUE,N
41229,J_1,A3SWASTIKA,N
41229,J_1,A3DISCRIMINATION,N
49731,J_1,A1ESSENTIAL,N
49731,J_1,A2EVIL,N
49731,J_1,A2CONSPIRACY,I
49731,J_1,A2HIDDENPOWER,N
49731,J_1,A2COLLECTIVEAGENDA,N
49731,J_1,A2CONTROLGOV,N
49731,J_1,A2CONTROLBANKS,N
49731,J_1,A2CONTROLMEDIA,N
49731,J_1,A2LOYALTY,N
49731,J_1,A2DISEASE,N
49731,J_1,A3WEALTH,N
49731,J_1,A3STINGY,N
49731,J_1,A3UNPATRIOTIC,N
49731,J_1,A3CARICATURE,N
49731,J_1,A3VIOLENCE,N
49731,J_1,A3SYNAGOGUE,N
49731,J_1,A3SWASTIKA,N
49731,J_1,A3DISCRIMINATION,N
10526,J_1,A1ESSENTIAL,N
10526,J_1,A2EVIL,N
10526,J_1,A2CONSPIRACY,N
10526,J_1,A2HIDDENPOWER,N
10526,J_1,A2COLLECTIVEAGENDA,N
10526,J_1,A2CONTROLGOV,N
10526,J_1,A2CONTROLBANKS,N
10526,J_1,A2CONTROLMEDIA,N
10526,J_1,A2LOYALTY,N
10526,J_1,A2DISEASE,N
10526,J_1,A3WEALTH,N
10526,J_1,A3STINGY,N
10526,J_1,A3UNPATRIOTIC,N
10526,J_1,A3CARICATURE,N
10526,J_1,A3VIOLENCE,N
10526,J_1,A3SYNAGOGUE,N
10526,J_1,A3SWASTIKA,N
10526,J_1,A3DISCRIMINATION,N
12956,J_1,A1ESSENTIAL,N
12956,J_1,A2EVIL,N
12956,J_1,A2CONSPIRACY,N
12956,J_1,A2HIDDENPOWER,N
12956,J_1,A2COLLECTIVEAGENDA,N
12956,J_1,A2CONTROLGOV,N
12956,J_1,A2CONTROLBANKS,N
12956,J_1,A2CONTROLMEDIA,N
12956,J_1,A2LOYALTY,N
12956,J_1,A2DISEASE,N
12956,J_1,A3WEALTH,N
12956,J_1,A3STINGY,N
12956,J_1,A3UNPATRIOTIC,N
12956,J_1,A3CARICATURE,N
12956,J_1,A3VIOLENCE,N
12956,J_1,A3SYNAGOGUE,N
12956,J_1,A3SWASTIKA,N
12956,J_1,A3DISCRIMINATION,N
30140,J_1,A1ESSENTIAL,N
30140,J_1,A2EVIL,N
30140,J_1,A2CONSPIRACY,N
30140,J_1,A2HIDDENPOWER,N
30140,J_1,A2COLLECTIVEAGENDA,N
30140,J_1,A2CONTROLGOV,N
30140,J_1,A2CONTROLBANKS,N
30140,J_1,A2CONTROLMEDIA,N
30140,J_1,A2LOYALTY,N
30140,J_1,A2DISEASE,N
30140,J_1,A3WEALTH,N
30140,J_1,A3STINGY,N
30140,J_1,A3UNPATRIOTIC,N
30140,J_1,A3CARICATURE,N
30140,J_1,A3VIOLENCE,N
30140,J_1,A3SYNAGOGUE,N
30140,J_1,A3SWASTIKA,N
30140,J_1,A3DISCRIMINATION,N
46809,J_1,A1ESSENTIAL,I
46809,J_1,A2EVIL,I
46809,J_1,A2CONSPIRACY,I
46809,J_1,A2HIDDENPOWER,I
46809,J_1,A2COLLECTIVEAGENDA,I
46809,J_1,A2CONTROLGOV,I
46809,J_1,A2CONTROLBANKS,N
46809,J_1,A2CONTROLMEDIA,N
46809,J_1,A2LOYALTY,I
46809,J_1,A2DISEASE,N
46809,J_1,A3WEALTH,N
46809,J_1,A3STINGY,N
46809,J_1,A3UNPATRIOTIC,N
46809,J_1,A3CARICATURE,N
46809,J_1,A3VIOLENCE,N
46809,J_1,A3SYNAGOGUE,N
46809,J_1,A3SWASTIKA,N
46809,J_1,A3DISCRIMINATION,N
26341,J_1,A1ESSENTIAL,N
26341,J_1,A2EVIL,N
26341,J_1,A2CONSPIRACY,I
26341,J_1,A2HIDDENPOWER,N
26341,J_1,A2COLLECTIVEAGENDA,N
26341,J_1,A2CONTROLGOV,N
26341,J_1,A2CONTROLBANKS,N
26341,J_1,A2CONTROLMEDIA,N
26341,J_1,A2LOYALTY,N
26341,J_1,A2DISEASE,N
26341,J_1,A3WEALTH,N
26341,J_1,A3STINGY,N
26341,J_1,A3UNPATRIOTIC,N
26341,J_1,A3CARICATURE,N
26341,J_1,A3VIOLENCE,N
26341,J_1,A3SYNAGOGUE,N
26341,J_1,A3SWASTIKA,N
26341,J_1,A3DISCRIMINATION,N
12356,J_1,A1ESSENTIAL,N
12356,J_1,A2EVIL,N
12356,J_1,A2CONSPIRACY,N
12356,J_1,A2HIDDENPOWER,N
12356,J_1,A2COLLECTIVEAGENDA,N
12356,J_1,A2CONTROLGOV,N
12356,J_1,A2CONTROLBANKS,N
12356,J_1,A2CONTROLMEDIA,N
12356,J_1,A2LOYALTY,N
12356,J_1,A2DISEASE,N
12356,J_1,A3WEALTH,N
12356,J_1,A3STINGY,N
12356,J_1,A3UNPATRIOTIC,N
12356,J_1,A3CARICATURE,N
12356,J_1,A3VIOLENCE,N
12356,J_1,A3SYNAGOGUE,N
12356,J_1,A3SWASTIKA,N
12356,J_1,A3DISCRIMINATION,N
38780,J_1,A1ESSENTIAL,N
38780,J_1,A2EVIL,N
38780,J_1,A2CONSPIRACY,N
38780,J_1,A2HIDDENPOWER,N
38780,J_1,A2COLLECTIVEAGENDA,N
38780,J_1,A2CONTROLGOV,N
38780,J_1,A2CONTROLBANKS,N
38780,J_1,A2CONTROLMEDIA,N
38780,J_1,A2LOYALTY,N
38780,J_1,A2DISEASE,N
38780,J_1,A3WEALTH,N
38780,J_1,A3STINGY,N
38780,J_1,A3UNPATRIOTIC,N
38780,J_1,A3CARICATURE,N
38780,J_1,A3VIOLENCE,N
38780,J_1,A3SYNAGOGUE,N
38780,J_1,A3SWASTIKA,N
38780,J_1,A3DISCRIMINATION,N
23332,J_1,A1ESSENTIAL,N
23332,J_1,A2EVIL,I
23332,J_1,A2CONSPIRACY,N
23332,J_1,A2HIDDENPOWER,N
23332,J_1,A2COLLECTIVEAGENDA,N
23332,J_1,A2CONTROLGOV,N
23332,J_1,A2CONTROLBANKS,N
23332,J_1,A2CONTROLMEDIA,N
23332,J_1,A2LOYALTY,N
23332,J_1,A2DISEASE,N
23332,J_1,A3WEALTH,N
23332,J_1,A3STINGY,N
23332,J_1,A3UNPATRIOTIC,N
23332,J_1,A3CARICATURE,N
23332,J_1,A3VIOLENCE,N
23332,J_1,A3SYNAGOGUE,N
23332,J_1,A3SWASTIKA,N
23332,J_1,A3DISCRIMINATION,N
9146,J_1,A1ESSENTIAL,N
9146,J_1,A2EVIL,N
9146,J_1,A2CONSPIRACY,N
9146,J_1,A2HIDDENPOWER,N
9146,J_1,A2COLLECTIVEAGENDA,N
9146,J_1,A2CONTROLGOV,N
9146,J_1,A2CONTROLBANKS,N
9146,J_1,A2CONTROLMEDIA,N
9146,J_1,A2LOYALTY,N
9146,J_1,A2DISEASE,N
9146,J_1,A3WEALTH,N
9146,J_1,A3STINGY,N
9146,J_1,A3UNPATRIOTIC,N
9146,J_1,A3CARICATURE,N
9146,J_1,A3VIOLENCE,N
9146,J_1,A3SYNAGOGUE,N
9146,J_1,A3SWASTIKA,N
9146,J_1,A3DISCRIMINATION,N
43598,J_1,A1ESSENTIAL,N
43598,J_1,A2EVIL,N
43598,J_1,A2CONSPIRACY,N
43598,J_1,A2HIDDENPOWER,N
43598,J_1,A2COLLECTIVEAGENDA,N
43598,J_1,A2CONTROLGOV,N
43598,J_1,A2CONTROLBANKS,N
43598,J_1,A2CONTROLMEDIA,N
43598,J_1,A2LOYALTY,N
43598,J_1,A2DISEASE,N
43598,J_1,A3WEALTH,N
43598,J_1,A3STINGY,N
43598,J_1,A3UNPATRIOTIC,N
43598,J_1,A3CARICATURE,N
43598,J_1,A3VIOLENCE,N
43598,J_1,A3SYNAGOGUE,N
43598,J_1,A3SWASTIKA,N
43598,J_1,A3DISCRIMINATION,N
31160,J_1,A1ESSENTIAL,N
31160,J_1,A2EVIL,N
31160,J_1,A2CONSPIRACY,N
31160,J_1,A2HIDDENPOWER,N
31160,J_1,A2COLLECTIVEAGENDA,N
31160,J_1,A2CONTROLGOV,N
31160,J_1,A2CONTROLBANKS,N
31160,J_1,A2CONTROLMEDIA,N
31160,J_1,A2LOYALTY,N
31160,J_1,A2DISEASE,N
31160,J_1,A3WEALTH,N
31160,J_1,A3STINGY,N
31160,J_1,A3UNPATRIOTIC,N
31160,J_1,A3CARICATURE,N
31160,J_1,A3VIOLENCE,N
31160,J_1,A3SYNAGOGUE,N
31160,J_1,A3SWASTIKA,N
31160,J_1,A3DISCRIMINATION,N
40949,J_1,A1ESSENTIAL,N
40949,J_1,A2EVIL,I
40949,J_1,A2CONSPIRACY,I
40949,J_1,A2HIDDENPOWER,I
40949,J_1,A2COLLECTIVEAGENDA,I
40949,J_1,A2CONTROLGOV,N
40949,J_1,A2CONTROLBANKS,N
40949,J_1,A2CONTROLMEDIA,N
40949,J_1,A2LOYALTY,N
40949,J_1,A2DISEASE,N
40949,J_1,A3WEALTH,N
40949,J_1,A3STINGY,N
40949,J_1,A3UNPATRIOTIC,N
40949,J_1,A3CARICATURE,N
40949,J_1,A3VIOLENCE,N
40949,J_1,A3SYNAGOGUE,N
40949,J_1,A3SWASTIKA,N
40949,J_1,A3DISCRIMINATION,N
2874,J_1,A1ESSENTIAL,N
2874,J_1,A2EVIL,N
2874,J_1,A2CONSPIRACY,N
2874,J_1,A2HIDDENPOWER,N
2874,J_1,A2COLLECTIVEAGENDA,N
2874,J_1,A2CONTROLGOV,N
2874,J_1,A2CONTROLBANKS,N
2874,J_1,A2CONTROLMEDIA,N
2874,J_1,A2LOYALTY,N
2874,J_1,A2DISEASE,N
2874,J_1,A3WEALTH,N
2874,J_1,A3STINGY,N
2874,J_1,A3UNPATRIOTIC,N
2874,J_1,A3CARICATURE,N
2874,J_1,A3VIOLENCE,N
2874,J_1,A3SYNAGOGUE,N
2874,J_1,A3SWASTIKA,N
2874,J_1,A3DISCRIMINATION,N
3154,J_1,A1ESSENTIAL,E
3154,J_1,A2EVIL,N
3154,J_1,A2CONSPIRACY,I
3154,J_1,A2HIDDENPOWER,I
3154,J_1,A2COLLECTIVEAGENDA,N
3154,J_1,A2CONTROLGOV,N
3154,J_1,A2CONTROLBANKS,E
3154,J_1,A2CONTROLMEDIA,N
3154,J_1,A2LOYALTY,N
3154,J_1,A2DISEASE,N
3154,J_1,A3WEALTH,I
3154,J_1,A3STINGY,N
3154,J_1,A3UNPATRIOTIC,N
3154,J_1,A3CARICATURE,N
3154,J_1,A3VIOLENCE,N
3154,J_1,A3SYNAGOGUE,N
3154,J_1,A3SWASTIKA,N
3154,J_1,A3DISCRIMINATION,N
14792,J_1,A1ESSENTIAL,N
14792,J_1,A2EVIL,N
14792,J_1,A2CONSPIRACY,N
14792,J_1,A2HIDDENPOWER,N
14792,J_1,A2COLLECTIVEAGENDA,N
14792,J_1,A2CONTROLGOV,N
14792,J_1,A2CONTROLBANKS,N
14792,J_1,A2CONTROLMEDIA,N
14792,J_1,A2LOYALTY,N
14792,J_1,A2DISEASE,N
14792,J_1,A3WEALTH,N
14792,J_1,A3STINGY,N
14792,J_1,A3UNPATRIOTIC,N
14792,J_1,A3CARICATURE,N
14792,J_1,A3VIOLENCE,N
14792,J_1,A3SYNAGOGUE,N
14792,J_1,A3SWASTIKA,N
14792,J_1,A3DISCRIMINATION,N
21101,J_1,A1ESSENTIAL,N
21101,J_1,A2EVIL,N
21101,J_1,A2CONSPIRACY,N
21101,J_1,A2HIDDENPOWER,N
21101,J_1,A2COLLECTIVEAGENDA,N
21101,J_1,A2CONTROLGOV,N
21101,J_1,A2CONTROLBANKS,N
21101,J_1,A2CONTROLMEDIA,N
21101,J_1,A2LOYALTY,N
21101,J_1,A2DISEASE,N
21101,J_1,A3WEALTH,N
21101,J_1,A3STINGY,N
21101,J_1,A3UNPATRIOTIC,N
21101,J_1,A3CARICATURE,N
21101,J_1,A3VIOLENCE,N
21101,J_1,A3SYNAGOGUE,N
21101,J_1,A3SWASTIKA,N
21101,J_1,A3DISCRIMINATION,N
17559,J_1,A1ESSENTIAL,N
17559,J_1,A2EVIL,N
17559,J_1,A2CONSPIRACY,N
17559,J_1,A2HIDDENPOWER,N
17559,J_1,A2COLLECTIVEAGENDA,N
17559,J_1,A2CONTROLGOV,N
17559,J_1,A2CONTROLBANKS,N
17559,J_1,A2CONTROLMEDIA,N
17559,J_1,A2LOYALTY,N
17559,J_1,A2DISEASE,N
17559,J_1,A3WEALTH,N
17559,J_1,A3STINGY,N
17559,J_1,A3UNPATRIOTIC,N
17559,J_1,A3CARICATURE,N
17559,J_1,A3VIOLENCE,N
17559,J_1,A3SYNAGOGUE,N
17559,J_1,A3SWASTIKA,N
17559,J_1,A3DISCRIMINATION,N
1324,J_1,A1ESSENTIAL,N
1324,J_1,A2EVIL,N
1324,J_1,A2CONSPIRACY,N
1324,J_1,A2HIDDENPOWER,N
1324,J_1,A2COLLECTIVEAGENDA,N
1324,J_1,A2CONTROLGOV,N
1324,J_1,A2CONTROLBANKS,N
1324,J_1,A2CONTROLMEDIA,N
1324,J_1,A2LOYALTY,N
1324,J_1,A2DISEASE,N
1324,J_1,A3WEALTH,N
1324,J_1,A3STINGY,N
1324,J_1,A3UNPATRIOTIC,N
1324,J_1,A3CARICATURE,N
1324,J_1,A3VIOLENCE,N
1324,J_1,A3SYNAGOGUE,N
1324,J_1,A3SWASTIKA,N
1324,J_1,A3DISCRIMINATION,N
30903,J_1,A1ESSENTIAL,N
30903,J_1,A2EVIL,N
30903,J_1,A2CONSPIRACY,N
30903,J_1,A2HIDDENPOWER,N
30903,J_1,A2COLLECTIVEAGENDA,N
30903,J_1,A2CONTROLGOV,N
30903,J_1,A2CONTROLBANKS,N
30903,J_1,A2CONTROLMEDIA,N
30903,J_1,A2LOYALTY,N
30903,J_1,A2DISEASE,N
30903,J_1,A3WEALTH,N
30903,J_1,A3STINGY,N
30903,J_1,A3UNPATRIOTIC,N
30903,J_1,A3CARICATURE,N
30903,J_1,A3VIOLENCE,N
30903,J_1,A3SYNAGOGUE,N
30903,J_1,A3SWASTIKA,N
30903,J_1,A3DISCRIMINATION,N
20803,J_1,A1ESSENTIAL,N
20803,J_1,A2EVIL,N
20803,J_1,A2CONSPIRACY,N
20803,J_1,A2HIDDENPOWER,N
20803,J_1,A2COLLECTIVEAGENDA,N
20803,J_1,A2CONTROLGOV,N
20803,J_1,A2CONTROLBANKS,N
20803,J_1,A2CONTROLMEDIA,N
20803,J_1,A2LOYALTY,N
20803,J_1,A2DISEASE,N
20803,J_1,A3WEALTH,N
20803,J_1,A3STINGY,N
20803,J_1,A3UNPATRIOTIC,N
20803,J_1,A3CARICATURE,N
20803,J_1,A3VIOLENCE,N
20803,J_1,A3SYNAGOGUE,N
20803,J_1,A3SWASTIKA,N
20803,J_1,A3DISCRIMINATION,N
12808,J_1,A1ESSENTIAL,N
12808,J_1,A2EVIL,N
12808,J_1,A2CONSPIRACY,N
12808,J_1,A2HIDDENPOWER,N
12808,J_1,A2COLLECTIVEAGENDA,N
12808,J_1,A2CONTROLGOV,N
12808,J_1,A2CONTROLBANKS,N
12808,J_1,A2CONTROLMEDIA,N
12808,J_1,A2LOYALTY,N
12808,J_1,A2DISEASE,N
12808,J_1,A3WEALTH,N
12808,J_1,A3STINGY,N
12808,J_1,A3UNPATRIOTIC,N
12808,J_1,A3CARICATURE,N
12808,J_1,A3VIOLENCE,N
12808,J_1,A3SYNAGOGUE,N
12808,J_1,A3SWASTIKA,N
12808,J_1,A3DISCRIMINATION,N
19499,J_1,A1ESSENTIAL,N
19499,J_1,A2EVIL,N
19499,J_1,A2CONSPIRACY,N
19499,J_1,A2HIDDENPOWER,N
19499,J_1,A2COLLECTIVEAGENDA,N
19499,J_1,A2CONTROLGOV,N
19499,J_1,A2CONTROLBANKS,N
19499,J_1,A2CONTROLMEDIA,N
19499,J_1,A2LOYALTY,N
19499,J_1,A2DISEASE,N
19499,J_1,A3WEALTH,N
19499,J_1,A3STINGY,N
19499,J_1,A3UNPATRIOTIC,N
19499,J_1,A3CARICATURE,N
19499,J_1,A3VIOLENCE,N
19499,J_1,A3SYNAGOGUE,N
19499,J_1,A3SWASTIKA,N
19499,J_1,A3DISCRIMINATION,N
30156,J_1,A1ESSENTIAL,N
30156,J_1,A2EVIL,N
30156,J_1,A2CONSPIRACY,N
30156,J_1,A2HIDDENPOWER,N
30156,J_1,A2COLLECTIVEAGENDA,N
30156,J_1,A2CONTROLGOV,N
30156,J_1,A2CONTROLBANKS,N
30156,J_1,A2CONTROLMEDIA,N
30156,J_1,A2LOYALTY,N
30156,J_1,A2DISEASE,N
30156,J_1,A3WEALTH,N
30156,J_1,A3STINGY,N
30156,J_1,A3UNPATRIOTIC,N
30156,J_1,A3CARICATURE,N
30156,J_1,A3VIOLENCE,N
30156,J_1,A3SYNAGOGUE,N
30156,J_1,A3SWASTIKA,N
30156,J_1,A3DISCRIMINATION,N
32249,J_1,A1ESSENTIAL,N
32249,J_1,A2EVIL,N
32249,J_1,A2CONSPIRACY,N
32249,J_1,A2HIDDENPOWER,N
32249,J_1,A2COLLECTIVEAGENDA,N
32249,J_1,A2CONTROLGOV,N
32249,J_1,A2CONTROLBANKS,N
32249,J_1,A2CONTROLMEDIA,N
32249,J_1,A2LOYALTY,N
32249,J_1,A2DISEASE,N
32249,J_1,A3WEALTH,N
32249,J_1,A3STINGY,N
32249,J_1,A3UNPATRIOTIC,N
32249,J_1,A3CARICATURE,N
32249,J_1,A3VIOLENCE,N
32249,J_1,A3SYNAGOGUE,N
32249,J_1,A3SWASTIKA,N
32249,J_1,A3DISCRIMINATION,N
27315,J_1,A1ESSENTIAL,N
27315,J_1,A2EVIL,N
27315,J_1,A2CONSPIRACY,N
27315,J_1,A2HIDDENPOWER,N
27315,J_1,A2COLLECTIVEAGENDA,N
27315,J_1,A2CONTROLGOV,N
27315,J_1,A2CONTROLBANKS,N
27315,J_1,A2CONTROLMEDIA,N
27315,J_1,A2LOYALTY,N
27315,J_1,A2DISEASE,N
27315,J_1,A3WEALTH,N
27315,J_1,A3STINGY,N
27315,J_1,A3UNPATRIOTIC,N
27315,J_1,A3CARICATURE,N
27315,J_1,A3VIOLENCE,N
27315,J_1,A3SYNAGOGUE,N
27315,J_1,A3SWASTIKA,N
27315,J_1,A3DISCRIMINATION,N
27534,J_1,A1ESSENTIAL,N
27534,J_1,A2EVIL,E
27534,J_1,A2CONSPIRACY,N
27534,J_1,A2HIDDENPOWER,N
27534,J_1,A2COLLECTIVEAGENDA,N
27534,J_1,A2CONTROLGOV,N
27534,J_1,A2CONTROLBANKS,N
27534,J_1,A2CONTROLMEDIA,N
27534,J_1,A2LOYALTY,N
27534,J_1,A2DISEASE,N
27534,J_1,A3WEALTH,N
27534,J_1,A3STINGY,N
27534,J_1,A3UNPATRIOTIC,N
27534,J_1,A3CARICATURE,N
27534,J_1,A3VIOLENCE,N
27534,J_1,A3SYNAGOGUE,N
27534,J_1,A3SWASTIKA,N
27534,J_1,A3DISCRIMINATION,N
47406,J_1,A1ESSENTIAL,N
47406,J_1,A2EVIL,N
47406,J_1,A2CONSPIRACY,N
47406,J_1,A2HIDDENPOWER,N
47406,J_1,A2COLLECTIVEAGENDA,N
47406,J_1,A2CONTROLGOV,N
47406,J_1,A2CONTROLBANKS,N
47406,J_1,A2CONTROLMEDIA,N
47406,J_1,A2LOYALTY,N
47406,J_1,A2DISEASE,N
47406,J_1,A3WEALTH,N
47406,J_1,A3STINGY,N
47406,J_1,A3UNPATRIOTIC,N
47406,J_1,A3CARICATURE,N
47406,J_1,A3VIOLENCE,N
47406,J_1,A3SYNAGOGUE,N
47406,J_1,A3SWASTIKA,N
47406,J_1,A3DISCRIMINATION,N
2975,J_1,A1ESSENTIAL,N
2975,J_1,A2EVIL,N
2975,J_1,A2CONSPIRACY,N
2975,J_1,A2HIDDENPOWER,N
2975,J_1,A2COLLECTIVEAGENDA,N
2975,J_1,A2CONTROLGOV,N
2975,J_1,A2CONTROLBANKS,N
2975,J_1,A2CONTROLMEDIA,N
2975,J_1,A2LOYALTY,N
2975,J_1,A2DISEASE,N
2975,J_1,A3WEALTH,N
2975,J_1,A3STINGY,N
2975,J_1,A3UNPATRIOTIC,N
2975,J_1,A3CARICATURE,N
2975,J_1,A3VIOLENCE,A
2975,J_1,A3SYNAGOGUE,N
2975,J_1,A3SWASTIKA,N
2975,J_1,A3DISCRIMINATION,N
15992,J_1,A1ESSENTIAL,I
15992,J_1,A2EVIL,N
15992,J_1,A2CONSPIRACY,N
15992,J_1,A2HIDDENPOWER,N
15992,J_1,A2COLLECTIVEAGENDA,N
15992,J_1,A2CONTROLGOV,N
15992,J_1,A2CONTROLBANKS,N
15992,J_1,A2CONTROLMEDIA,N
15992,J_1,A2LOYALTY,N
15992,J_1,A2DISEASE,N
15992,J_1,A3WEALTH,N
15992,J_1,A3STINGY,N
15992,J_1,A3UNPATRIOTIC,N
15992,J_1,A3CARICATURE,N
15992,J_1,A3VIOLENCE,N
15992,J_1,A3SYNAGOGUE,N
15992,J_1,A3SWASTIKA,N
15992,J_1,A3DISCRIMINATION,I
11369,J_1,A1ESSENTIAL,N
11369,J_1,A2EVIL,N
11369,J_1,A2CONSPIRACY,N
11369,J_1,A2HIDDENPOWER,N
11369,J_1,A2COLLECTIVEAGENDA,N
11369,J_1,A2CONTROLGOV,N
11369,J_1,A2CONTROLBANKS,N
11369,J_1,A2CONTROLMEDIA,N
11369,J_1,A2LOYALTY,N
11369,J_1,A2DISEASE,N
11369,J_1,A3WEALTH,N
11369,J_1,A3STINGY,N
11369,J_1,A3UNPATRIOTIC,N
11369,J_1,A3CARICATURE,N
11369,J_1,A3VIOLENCE,N
11369,J_1,A3SYNAGOGUE,N
11369,J_1,A3SWASTIKA,N
11369,J_1,A3DISCRIMINATION,N
42012,J_1,A1ESSENTIAL,N
42012,J_1,A2EVIL,N
42012,J_1,A2CONSPIRACY,N
42012,J_1,A2HIDDENPOWER,N
42012,J_1,A2COLLECTIVEAGENDA,N
42012,J_1,A2CONTROLGOV,N
42012,J_1,A2CONTROLBANKS,N
42012,J_1,A2CONTROLMEDIA,N
42012,J_1,A2LOYALTY,N
42012,J_1,A2DISEASE,N
42012,J_1,A3WEALTH,N
42012,J_1,A3STINGY,N
42012,J_1,A3UNPATRIOTIC,N
42012,J_1,A3CARICATURE,N
42012,J_1,A3VIOLENCE,N
42012,J_1,A3SYNAGOGUE,N
42012,J_1,A3SWASTIKA,N
42012,J_1,A3DISCRIMINATION,N
32753,J_1,A1ESSENTIAL,N
32753,J_1,A2EVIL,N
32753,J_1,A2CONSPIRACY,N
32753,J_1,A2HIDDENPOWER,N
32753,J_1,A2COLLECTIVEAGENDA,N
32753,J_1,A2CONTROLGOV,N
32753,J_1,A2CONTROLBANKS,N
32753,J_1,A2CONTROLMEDIA,N
32753,J_1,A2LOYALTY,N
32753,J_1,A2DISEASE,N
32753,J_1,A3WEALTH,N
32753,J_1,A3STINGY,N
32753,J_1,A3UNPATRIOTIC,N
32753,J_1,A3CARICATURE,N
32753,J_1,A3VIOLENCE,N
32753,J_1,A3SYNAGOGUE,N
32753,J_1,A3SWASTIKA,N
32753,J_1,A3DISCRIMINATION,N
4292,J_1,A1ESSENTIAL,N
4292,J_1,A2EVIL,N
4292,J_1,A2CONSPIRACY,N
4292,J_1,A2HIDDENPOWER,N
4292,J_1,A2COLLECTIVEAGENDA,N
4292,J_1,A2CONTROLGOV,N
4292,J_1,A2CONTROLBANKS,N
4292,J_1,A2CONTROLMEDIA,N
4292,J_1,A2LOYALTY,N
4292,J_1,A2DISEASE,N
4292,J_1,A3WEALTH,N
4292,J_1,A3STINGY,N
4292,J_1,A3UNPATRIOTIC,N
4292,J_1,A3CARICATURE,N
4292,J_1,A3VIOLENCE,N
4292,J_1,A3SYNAGOGUE,N
4292,J_1,A3SWASTIKA,N
4292,J_1,A3DISCRIMINATION,N
45473,J_1,A1ESSENTIAL,N
45473,J_1,A2EVIL,I
45473,J_1,A2CONSPIRACY,N
45473,J_1,A2HIDDENPOWER,N
45473,J_1,A2COLLECTIVEAGENDA,N
45473,J_1,A2CONTROLGOV,N
45473,J_1,A2CONTROLBANKS,N
45473,J_1,A2CONTROLMEDIA,N
45473,J_1,A2LOYALTY,N
45473,J_1,A2DISEASE,N
45473,J_1,A3WEALTH,N
45473,J_1,A3STINGY,N
45473,J_1,A3UNPATRIOTIC,N
45473,J_1,A3CARICATURE,N
45473,J_1,A3VIOLENCE,N
45473,J_1,A3SYNAGOGUE,N
45473,J_1,A3SWASTIKA,N
45473,J_1,A3DISCRIMINATION,N
24559,J_1,A1ESSENTIAL,N
24559,J_1,A2EVIL,N
24559,J_1,A2CONSPIRACY,N
24559,J_1,A2HIDDENPOWER,N
24559,J_1,A2COLLECTIVEAGENDA,N
24559,J_1,A2CONTROLGOV,N
24559,J_1,A2CONTROLBANKS,N
24559,J_1,A2CONTROLMEDIA,N
24559,J_1,A2LOYALTY,N
24559,J_1,A2DISEASE,N
24559,J_1,A3WEALTH,N
24559,J_1,A3STINGY,N
24559,J_1,A3UNPATRIOTIC,N
24559,J_1,A3CARICATURE,N
24559,J_1,A3VIOLENCE,N
24559,J_1,A3SYNAGOGUE,N
24559,J_1,A3SWASTIKA,N
24559,J_1,A3DISCRIMINATION,N
13572,J_1,A1ESSENTIAL,N
13572,J_1,A2EVIL,N
13572,J_1,A2CONSPIRACY,N
13572,J_1,A2HIDDENPOWER,N
13572,J_1,A2COLLECTIVEAGENDA,N
13572,J_1,A2CONTROLGOV,N
13572,J_1,A2CONTROLBANKS,N
13572,J_1,A2CONTROLMEDIA,N
13572,J_1,A2LOYALTY,N
13572,J_1,A2DISEASE,N
13572,J_1,A3WEALTH,N
13572,J_1,A3STINGY,N
13572,J_1,A3UNPATRIOTIC,N
13572,J_1,A3CARICATURE,N
13572,J_1,A3VIOLENCE,N
13572,J_1,A3SYNAGOGUE,N
13572,J_1,A3SWASTIKA,N
13572,J_1,A3DISCRIMINATION,N
14438,J_1,A1ESSENTIAL,N
14438,J_1,A2EVIL,N
14438,J_1,A2CONSPIRACY,N
14438,J_1,A2HIDDENPOWER,N
14438,J_1,A2COLLECTIVEAGENDA,N
14438,J_1,A2CONTROLGOV,N
14438,J_1,A2CONTROLBANKS,N
14438,J_1,A2CONTROLMEDIA,N
14438,J_1,A2LOYALTY,N
14438,J_1,A2DISEASE,N
14438,J_1,A3WEALTH,N
14438,J_1,A3STINGY,N
14438,J_1,A3UNPATRIOTIC,N
14438,J_1,A3CARICATURE,N
14438,J_1,A3VIOLENCE,N
14438,J_1,A3SYNAGOGUE,N
14438,J_1,A3SWASTIKA,N
14438,J_1,A3DISCRIMINATION,N
1715,J_1,A1ESSENTIAL,N
1715,J_1,A2EVIL,N
1715,J_1,A2CONSPIRACY,N
1715,J_1,A2HIDDENPOWER,N
1715,J_1,A2COLLECTIVEAGENDA,N
1715,J_1,A2CONTROLGOV,N
1715,J_1,A2CONTROLBANKS,N
1715,J_1,A2CONTROLMEDIA,N
1715,J_1,A2LOYALTY,N
1715,J_1,A2DISEASE,N
1715,J_1,A3WEALTH,N
1715,J_1,A3STINGY,N
1715,J_1,A3UNPATRIOTIC,N
1715,J_1,A3CARICATURE,N
1715,J_1,A3VIOLENCE,N
1715,J_1,A3SYNAGOGUE,N
1715,J_1,A3SWASTIKA,N
1715,J_1,A3DISCRIMINATION,N
11614,J_1,A1ESSENTIAL,N
11614,J_1,A2EVIL,N
11614,J_1,A2CONSPIRACY,N
11614,J_1,A2HIDDENPOWER,N
11614,J_1,A2COLLECTIVEAGENDA,N
11614,J_1,A2CONTROLGOV,N
11614,J_1,A2CONTROLBANKS,N
11614,J_1,A2CONTROLMEDIA,N
11614,J_1,A2LOYALTY,N
11614,J_1,A2DISEASE,N
11614,J_1,A3WEALTH,N
11614,J_1,A3STINGY,N
11614,J_1,A3UNPATRIOTIC,N
11614,J_1,A3CARICATURE,N
11614,J_1,A3VIOLENCE,N
11614,J_1,A3SYNAGOGUE,N
11614,J_1,A3SWASTIKA,N
11614,J_1,A3DISCRIMINATION,N
44408,J_1,A1ESSENTIAL,E
44408,J_1,A2EVIL,E
44408,J_1,A2CONSPIRACY,I
44408,J_1,A2HIDDENPOWER,I
44408,J_1,A2COLLECTIVEAGENDA,E
44408,J_1,A2CONTROLGOV,I
44408,J_1,A2CONTROLBANKS,N
44408,J_1,A2CONTROLMEDIA,N
44408,J_1,A2LOYALTY,E
44408,J_1,A2DISEASE,N
44408,J_1,A3WEALTH,N
44408,J_1,A3STINGY,N
44408,J_1,A3UNPATRIOTIC,N
44408,J_1,A3CARICATURE,N
44408,J_1,A3VIOLENCE,N
44408,J_1,A3SYNAGOGUE,N
44408,J_1,A3SWASTIKA,N
44408,J_1,A3DISCRIMINATION,N
9467,J_1,A1ESSENTIAL,N
9467,J_1,A2EVIL,N
9467,J_1,A2CONSPIRACY,N
9467,J_1,A2HIDDENPOWER,N
9467,J_1,A2COLLECTIVEAGENDA,N
9467,J_1,A2CONTROLGOV,N
9467,J_1,A2CONTROLBANKS,N
9467,J_1,A2CONTROLMEDIA,N
9467,J_1,A2LOYALTY,N
9467,J_1,A2DISEASE,N
9467,J_1,A3WEALTH,N
9467,J_1,A3STINGY,N
9467,J_1,A3UNPATRIOTIC,N
9467,J_1,A3CARICATURE,N
9467,J_1,A3VIOLENCE,N
9467,J_1,A3SYNAGOGUE,N
9467,J_1,A3SWASTIKA,N
9467,J_1,A3DISCRIMINATION,N
40323,J_1,A1ESSENTIAL,I
40323,J_1,A2EVIL,E
40323,J_1,A2CONSPIRACY,E
40323,J_1,A2HIDDENPOWER,E
40323,J_1,A2COLLECTIVEAGENDA,E
40323,J_1,A2CONTROLGOV,E
40323,J_1,A2CONTROLBANKS,N
40323,J_1,A2CONTROLMEDIA,N
40323,J_1,A2LOYALTY,E
40323,J_1,A2DISEASE,N
40323,J_1,A3WEALTH,N
40323,J_1,A3STINGY,N
40323,J_1,A3UNPATRIOTIC,N
40323,J_1,A3CARICATURE,N
40323,J_1,A3VIOLENCE,N
40323,J_1,A3SYNAGOGUE,N
40323,J_1,A3SWASTIKA,N
40323,J_1,A3DISCRIMINATION,N
48434,J_1,A1ESSENTIAL,N
48434,J_1,A2EVIL,N
48434,J_1,A2CONSPIRACY,N
48434,J_1,A2HIDDENPOWER,N
48434,J_1,A2COLLECTIVEAGENDA,N
48434,J_1,A2CONTROLGOV,N
48434,J_1,A2CONTROLBANKS,N
48434,J_1,A2CONTROLMEDIA,N
48434,J_1,A2LOYALTY,N
48434,J_1,A2DISEASE,N
48434,J_1,A3WEALTH,N
48434,J_1,A3STINGY,N
48434,J_1,A3UNPATRIOTIC,N
48434,J_1,A3CARICATURE,N
48434,J_1,A3VIOLENCE,N
48434,J_1,A3SYNAGOGUE,N
48434,J_1,A3SWASTIKA,N
48434,J_1,A3DISCRIMINATION,N
19403,J_1,A1ESSENTIAL,N
19403,J_1,A2EVIL,N
19403,J_1,A2CONSPIRACY,N
19403,J_1,A2HIDDENPOWER,N
19403,J_1,A2COLLECTIVEAGENDA,N
19403,J_1,A2CONTROLGOV,N
19403,J_1,A2CONTROLBANKS,N
19403,J_1,A2CONTROLMEDIA,N
19403,J_1,A2LOYALTY,N
19403,J_1,A2DISEASE,N
19403,J_1,A3WEALTH,N
19403,J_1,A3STINGY,N
19403,J_1,A3UNPATRIOTIC,N
19403,J_1,A3CARICATURE,N
19403,J_1,A3VIOLENCE,N
19403,J_1,A3SYNAGOGUE,N
19403,J_1,A3SWASTIKA,N
19403,J_1,A3DISCRIMINATION,N
10400,J_1,A1ESSENTIAL,A
10400,J_1,A2EVIL,I
10400,J_1,A2CONSPIRACY,N
10400,J_1,A2HIDDENPOWER,N
10400,J_1,A2COLLECTIVEAGENDA,N
10400,J_1,A2CONTROLGOV,N
10400,J_1,A2CONTROLBANKS,N
10400,J_1,A2CONTROLMEDIA,N
10400,J_1,A2LOYALTY,N
10400,J_1,A2DISEASE,N
10400,J_1,A3WEALTH,N
10400,J_1,A3STINGY,N
10400,J_1,A3UNPATRIOTIC,N
10400,J_1,A3CARICATURE,N
10400,J_1,A3VIOLENCE,I
10400,J_1,A3SYNAGOGUE,N
10400,J_1,A3SWASTIKA,N
10400,J_1,A3DISCRIMINATION,N
48204,J_1,A1ESSENTIAL,I
48204,J_1,A2EVIL,I
48204,J_1,A2CONSPIRACY,N
48204,J_1,A2HIDDENPOWER,N
48204,J_1,A2COLLECTIVEAGENDA,N
48204,J_1,A2CONTROLGOV,N
48204,J_1,A2CONTROLBANKS,N
48204,J_1,A2CONTROLMEDIA,N
48204,J_1,A2LOYALTY,N
48204,J_1,A2DISEASE,N
48204,J_1,A3WEALTH,N
48204,J_1,A3STINGY,N
48204,J_1,A3UNPATRIOTIC,N
48204,J_1,A3CARICATURE,N
48204,J_1,A3VIOLENCE,E
48204,J_1,A3SYNAGOGUE,N
48204,J_1,A3SWASTIKA,N
48204,J_1,A3DISCRIMINATION,N
41753,J_1,A1ESSENTIAL,I
41753,J_1,A2EVIL,I
41753,J_1,A2CONSPIRACY,N
41753,J_1,A2HIDDENPOWER,N
41753,J_1,A2COLLECTIVEAGENDA,N
41753,J_1,A2CONTROLGOV,N
41753,J_1,A2CONTROLBANKS,N
41753,J_1,A2CONTROLMEDIA,N
41753,J_1,A2LOYALTY,N
41753,J_1,A2DISEASE,N
41753,J_1,A3WEALTH,N
41753,J_1,A3STINGY,N
41753,J_1,A3UNPATRIOTIC,N
41753,J_1,A3CARICATURE,N
41753,J_1,A3VIOLENCE,N
41753,J_1,A3SYNAGOGUE,N
41753,J_1,A3SWASTIKA,N
41753,J_1,A3DISCRIMINATION,N
43349,J_1,A1ESSENTIAL,E
43349,J_1,A2EVIL,E
43349,J_1,A2CONSPIRACY,N
43349,J_1,A2HIDDENPOWER,N
43349,J_1,A2COLLECTIVEAGENDA,N
43349,J_1,A2CONTROLGOV,N
43349,J_1,A2CONTROLBANKS,N
43349,J_1,A2CONTROLMEDIA,N
43349,J_1,A2LOYALTY,N
43349,J_1,A2DISEASE,N
43349,J_1,A3WEALTH,N
43349,J_1,A3STINGY,N
43349,J_1,A3UNPATRIOTIC,N
43349,J_1,A3CARICATURE,N
43349,J_1,A3VIOLENCE,N
43349,J_1,A3SYNAGOGUE,N
43349,J_1,A3SWASTIKA,N
43349,J_1,A3DISCRIMINATION,N
40765,J_1,A1ESSENTIAL,I
40765,J_1,A2EVIL,I
40765,J_1,A2CONSPIRACY,I
40765,J_1,A2HIDDENPOWER,I
40765,J_1,A2COLLECTIVEAGENDA,E
40765,J_1,A2CONTROLGOV,E
40765,J_1,A2CONTROLBANKS,E
40765,J_1,A2CONTROLMEDIA,E
40765,J_1,A2LOYALTY,I
40765,J_1,A2DISEASE,N
40765,J_1,A3WEALTH,N
40765,J_1,A3STINGY,N
40765,J_1,A3UNPATRIOTIC,N
40765,J_1,A3CARICATURE,N
40765,J_1,A3VIOLENCE,N
40765,J_1,A3SYNAGOGUE,N
40765,J_1,A3SWASTIKA,N
40765,J_1,A3DISCRIMINATION,N
15540,J_1,A1ESSENTIAL,N
15540,J_1,A2EVIL,N
15540,J_1,A2CONSPIRACY,N
15540,J_1,A2HIDDENPOWER,N
15540,J_1,A2COLLECTIVEAGENDA,N
15540,J_1,A2CONTROLGOV,N
15540,J_1,A2CONTROLBANKS,N
15540,J_1,A2CONTROLMEDIA,N
15540,J_1,A2LOYALTY,N
15540,J_1,A2DISEASE,N
15540,J_1,A3WEALTH,N
15540,J_1,A3STINGY,N
15540,J_1,A3UNPATRIOTIC,N
15540,J_1,A3CARICATURE,N
15540,J_1,A3VIOLENCE,N
15540,J_1,A3SYNAGOGUE,N
15540,J_1,A3SWASTIKA,N
15540,J_1,A3DISCRIMINATION,N
12858,J_1,A1ESSENTIAL,N
12858,J_1,A2EVIL,N
12858,J_1,A2CONSPIRACY,N
12858,J_1,A2HIDDENPOWER,N
12858,J_1,A2COLLECTIVEAGENDA,N
12858,J_1,A2CONTROLGOV,N
12858,J_1,A2CONTROLBANKS,N
12858,J_1,A2CONTROLMEDIA,N
12858,J_1,A2LOYALTY,N
12858,J_1,A2DISEASE,N
12858,J_1,A3WEALTH,N
12858,J_1,A3STINGY,N
12858,J_1,A3UNPATRIOTIC,N
12858,J_1,A3CARICATURE,N
12858,J_1,A3VIOLENCE,N
12858,J_1,A3SYNAGOGUE,N
12858,J_1,A3SWASTIKA,N
12858,J_1,A3DISCRIMINATION,N
36829,J_1,A1ESSENTIAL,N
36829,J_1,A2EVIL,N
36829,J_1,A2CONSPIRACY,N
36829,J_1,A2HIDDENPOWER,N
36829,J_1,A2COLLECTIVEAGENDA,N
36829,J_1,A2CONTROLGOV,N
36829,J_1,A2CONTROLBANKS,N
36829,J_1,A2CONTROLMEDIA,N
36829,J_1,A2LOYALTY,N
36829,J_1,A2DISEASE,N
36829,J_1,A3WEALTH,N
36829,J_1,A3STINGY,N
36829,J_1,A3UNPATRIOTIC,N
36829,J_1,A3CARICATURE,N
36829,J_1,A3VIOLENCE,N
36829,J_1,A3SYNAGOGUE,N
36829,J_1,A3SWASTIKA,N
36829,J_1,A3DISCRIMINATION,N
39973,J_1,A1ESSENTIAL,N
39973,J_1,A2EVIL,N
39973,J_1,A2CONSPIRACY,N
39973,J_1,A2HIDDENPOWER,N
39973,J_1,A2COLLECTIVEAGENDA,N
39973,J_1,A2CONTROLGOV,N
39973,J_1,A2CONTROLBANKS,N
39973,J_1,A2CONTROLMEDIA,N
39973,J_1,A2LOYALTY,N
39973,J_1,A2DISEASE,N
39973,J_1,A3WEALTH,N
39973,J_1,A3STINGY,N
39973,J_1,A3UNPATRIOTIC,N
39973,J_1,A3CARICATURE,N
39973,J_1,A3VIOLENCE,N
39973,J_1,A3SYNAGOGUE,N
39973,J_1,A3SWASTIKA,N
39973,J_1,A3DISCRIMINATION,N
5261,J_1,A1ESSENTIAL,N
5261,J_1,A2EVIL,N
5261,J_1,A2CONSPIRACY,N
5261,J_1,A2HIDDENPOWER,N
5261,J_1,A2COLLECTIVEAGENDA,N
5261,J_1,A2CONTROLGOV,N
5261,J_1,A2CONTROLBANKS,N
5261,J_1,A2CONTROLMEDIA,N
5261,J_1,A2LOYALTY,N
5261,J_1,A2DISEASE,N
5261,J_1,A3WEALTH,N
5261,J_1,A3STINGY,N
5261,J_1,A3UNPATRIOTIC,N
5261,J_1,A3CARICATURE,N
5261,J_1,A3VIOLENCE,N
5261,J_1,A3SYNAGOGUE,N
5261,J_1,A3SWASTIKA,N
5261,J_1,A3DISCRIMINATION,N
4601,J_1,A1ESSENTIAL,N
4601,J_1,A2EVIL,N
4601,J_1,A2CONSPIRACY,N
4601,J_1,A2HIDDENPOWER,N
4601,J_1,A2COLLECTIVEAGENDA,N
4601,J_1,A2CONTROLGOV,N
4601,J_1,A2CONTROLBANKS,N
4601,J_1,A2CONTROLMEDIA,N
4601,J_1,A2LOYALTY,N
4601,J_1,A2DISEASE,N
4601,J_1,A3WEALTH,N
4601,J_1,A3STINGY,N
4601,J_1,A3UNPATRIOTIC,N
4601,J_1,A3CARICATURE,N
4601,J_1,A3VIOLENCE,N
4601,J_1,A3SYNAGOGUE,N
4601,J_1,A3SWASTIKA,N
4601,J_1,A3DISCRIMINATION,N
4640,J_1,A1ESSENTIAL,A
4640,J_1,A2EVIL,A
4640,J_1,A2CONSPIRACY,N
4640,J_1,A2HIDDENPOWER,N
4640,J_1,A2COLLECTIVEAGENDA,N
4640,J_1,A2CONTROLGOV,N
4640,J_1,A2CONTROLBANKS,N
4640,J_1,A2CONTROLMEDIA,N
4640,J_1,A2LOYALTY,N
4640,J_1,A2DISEASE,N
4640,J_1,A3WEALTH,N
4640,J_1,A3STINGY,N
4640,J_1,A3UNPATRIOTIC,N
4640,J_1,A3CARICATURE,N
4640,J_1,A3VIOLENCE,I
4640,J_1,A3SYNAGOGUE,N
4640,J_1,A3SWASTIKA,N
4640,J_1,A3DISCRIMINATION,N
38407,J_1,A1ESSENTIAL,N
38407,J_1,A2EVIL,N
38407,J_1,A2CONSPIRACY,N
38407,J_1,A2HIDDENPOWER,N
38407,J_1,A2COLLECTIVEAGENDA,N
38407,J_1,A2CONTROLGOV,N
38407,J_1,A2CONTROLBANKS,N
38407,J_1,A2CONTROLMEDIA,N
38407,J_1,A2LOYALTY,N
38407,J_1,A2DISEASE,N
38407,J_1,A3WEALTH,N
38407,J_1,A3STINGY,N
38407,J_1,A3UNPATRIOTIC,N
38407,J_1,A3CARICATURE,N
38407,J_1,A3VIOLENCE,N
38407,J_1,A3SYNAGOGUE,N
38407,J_1,A3SWASTIKA,N
38407,J_1,A3DISCRIMINATION,N
33571,J_1,A1ESSENTIAL,N
33571,J_1,A2EVIL,N
33571,J_1,A2CONSPIRACY,N
33571,J_1,A2HIDDENPOWER,N
33571,J_1,A2COLLECTIVEAGENDA,N
33571,J_1,A2CONTROLGOV,N
33571,J_1,A2CONTROLBANKS,N
33571,J_1,A2CONTROLMEDIA,N
33571,J_1,A2LOYALTY,N
33571,J_1,A2DISEASE,N
33571,J_1,A3WEALTH,N
33571,J_1,A3STINGY,N
33571,J_1,A3UNPATRIOTIC,N
33571,J_1,A3CARICATURE,N
33571,J_1,A3VIOLENCE,N
33571,J_1,A3SYNAGOGUE,N
33571,J_1,A3SWASTIKA,N
33571,J_1,A3DISCRIMINATION,N
5214,J_1,A1ESSENTIAL,N
5214,J_1,A2EVIL,N
5214,J_1,A2CONSPIRACY,N
5214,J_1,A2HIDDENPOWER,N
5214,J_1,A2COLLECTIVEAGENDA,N
5214,J_1,A2CONTROLGOV,N
5214,J_1,A2CONTROLBANKS,N
5214,J_1,A2CONTROLMEDIA,N
5214,J_1,A2LOYALTY,N
5214,J_1,A2DISEASE,N
5214,J_1,A3WEALTH,N
5214,J_1,A3STINGY,N
5214,J_1,A3UNPATRIOTIC,N
5214,J_1,A3CARICATURE,N
5214,J_1,A3VIOLENCE,N
5214,J_1,A3SYNAGOGUE,N
5214,J_1,A3SWASTIKA,N
5214,J_1,A3DISCRIMINATION,N
8690,J_1,A1ESSENTIAL,N
8690,J_1,A2EVIL,N
8690,J_1,A2CONSPIRACY,N
8690,J_1,A2HIDDENPOWER,N
8690,J_1,A2COLLECTIVEAGENDA,N
8690,J_1,A2CONTROLGOV,N
8690,J_1,A2CONTROLBANKS,N
8690,J_1,A2CONTROLMEDIA,N
8690,J_1,A2LOYALTY,N
8690,J_1,A2DISEASE,N
8690,J_1,A3WEALTH,N
8690,J_1,A3STINGY,N
8690,J_1,A3UNPATRIOTIC,N
8690,J_1,A3CARICATURE,N
8690,J_1,A3VIOLENCE,N
8690,J_1,A3SYNAGOGUE,N
8690,J_1,A3SWASTIKA,N
8690,J_1,A3DISCRIMINATION,N
43159,J_1,A1ESSENTIAL,N
43159,J_1,A2EVIL,N
43159,J_1,A2CONSPIRACY,N
43159,J_1,A2HIDDENPOWER,N
43159,J_1,A2COLLECTIVEAGENDA,N
43159,J_1,A2CONTROLGOV,N
43159,J_1,A2CONTROLBANKS,N
43159,J_1,A2CONTROLMEDIA,N
43159,J_1,A2LOYALTY,N
43159,J_1,A2DISEASE,N
43159,J_1,A3WEALTH,N
43159,J_1,A3STINGY,N
43159,J_1,A3UNPATRIOTIC,N
43159,J_1,A3CARICATURE,N
43159,J_1,A3VIOLENCE,N
43159,J_1,A3SYNAGOGUE,N
43159,J_1,A3SWASTIKA,N
43159,J_1,A3DISCRIMINATION,N
40100,J_1,A1ESSENTIAL,N
40100,J_1,A2EVIL,N
40100,J_1,A2CONSPIRACY,N
40100,J_1,A2HIDDENPOWER,N
40100,J_1,A2COLLECTIVEAGENDA,N
40100,J_1,A2CONTROLGOV,N
40100,J_1,A2CONTROLBANKS,N
40100,J_1,A2CONTROLMEDIA,N
40100,J_1,A2LOYALTY,N
40100,J_1,A2DISEASE,N
40100,J_1,A3WEALTH,N
40100,J_1,A3STINGY,N
40100,J_1,A3UNPATRIOTIC,N
40100,J_1,A3CARICATURE,N
40100,J_1,A3VIOLENCE,N
40100,J_1,A3SYNAGOGUE,N
40100,J_1,A3SWASTIKA,N
40100,J_1,A3DISCRIMINATION,N
16812,J_1,A1ESSENTIAL,E
16812,J_1,A2EVIL,I
16812,J_1,A2CONSPIRACY,N
16812,J_1,A2HIDDENPOWER,N
16812,J_1,A2COLLECTIVEAGENDA,N
16812,J_1,A2CONTROLGOV,N
16812,J_1,A2CONTROLBANKS,N
16812,J_1,A2CONTROLMEDIA,N
16812,J_1,A2LOYALTY,N
16812,J_1,A2DISEASE,N
16812,J_1,A3WEALTH,N
16812,J_1,A3STINGY,N
16812,J_1,A3UNPATRIOTIC,N
16812,J_1,A3CARICATURE,N
16812,J_1,A3VIOLENCE,N
16812,J_1,A3SYNAGOGUE,N
16812,J_1,A3SWASTIKA,N
16812,J_1,A3DISCRIMINATION,N
20228,J_1,A1ESSENTIAL,N
20228,J_1,A2EVIL,N
20228,J_1,A2CONSPIRACY,N
20228,J_1,A2HIDDENPOWER,N
20228,J_1,A2COLLECTIVEAGENDA,N
20228,J_1,A2CONTROLGOV,N
20228,J_1,A2CONTROLBANKS,N
20228,J_1,A2CONTROLMEDIA,N
20228,J_1,A2LOYALTY,N
20228,J_1,A2DISEASE,N
20228,J_1,A3WEALTH,N
20228,J_1,A3STINGY,N
20228,J_1,A3UNPATRIOTIC,N
20228,J_1,A3CARICATURE,N
20228,J_1,A3VIOLENCE,N
20228,J_1,A3SYNAGOGUE,N
20228,J_1,A3SWASTIKA,N
20228,J_1,A3DISCRIMINATION,N
42705,J_1,A1ESSENTIAL,I
42705,J_1,A2EVIL,N
42705,J_1,A2CONSPIRACY,N
42705,J_1,A2HIDDENPOWER,I
42705,J_1,A2COLLECTIVEAGENDA,I
42705,J_1,A2CONTROLGOV,I
42705,J_1,A2CONTROLBANKS,N
42705,J_1,A2CONTROLMEDIA,N
42705,J_1,A2LOYALTY,I
42705,J_1,A2DISEASE,N
42705,J_1,A3WEALTH,N
42705,J_1,A3STINGY,N
42705,J_1,A3UNPATRIOTIC,N
42705,J_1,A3CARICATURE,N
42705,J_1,A3VIOLENCE,N
42705,J_1,A3SYNAGOGUE,N
42705,J_1,A3SWASTIKA,N
42705,J_1,A3DISCRIMINATION,N
26867,J_1,A1ESSENTIAL,N
26867,J_1,A2EVIL,N
26867,J_1,A2CONSPIRACY,N
26867,J_1,A2HIDDENPOWER,N
26867,J_1,A2COLLECTIVEAGENDA,N
26867,J_1,A2CONTROLGOV,N
26867,J_1,A2CONTROLBANKS,N
26867,J_1,A2CONTROLMEDIA,N
26867,J_1,A2LOYALTY,N
26867,J_1,A2DISEASE,N
26867,J_1,A3WEALTH,N
26867,J_1,A3STINGY,N
26867,J_1,A3UNPATRIOTIC,N
26867,J_1,A3CARICATURE,N
26867,J_1,A3VIOLENCE,N
26867,J_1,A3SYNAGOGUE,N
26867,J_1,A3SWASTIKA,N
26867,J_1,A3DISCRIMINATION,N
24740,J_1,A1ESSENTIAL,N
24740,J_1,A2EVIL,A
24740,J_1,A2CONSPIRACY,N
24740,J_1,A2HIDDENPOWER,N
24740,J_1,A2COLLECTIVEAGENDA,N
24740,J_1,A2CONTROLGOV,N
24740,J_1,A2CONTROLBANKS,N
24740,J_1,A2CONTROLMEDIA,N
24740,J_1,A2LOYALTY,N
24740,J_1,A2DISEASE,N
24740,J_1,A3WEALTH,N
24740,J_1,A3STINGY,N
24740,J_1,A3UNPATRIOTIC,N
24740,J_1,A3CARICATURE,N
24740,J_1,A3VIOLENCE,N
24740,J_1,A3SYNAGOGUE,N
24740,J_1,A3SWASTIKA,N
24740,J_1,A3DISCRIMINATION,N
2173,J_1,A1ESSENTIAL,I
2173,J_1,A2EVIL,E
2173,J_1,A2CONSPIRACY,N
2173,J_1,A2HIDDENPOWER,N
2173,J_1,A2COLLECTIVEAGENDA,N
2173,J_1,A2CONTROLGOV,N
2173,J_1,A2CONTROLBANKS,N
2173,J_1,A2CONTROLMEDIA,N
2173,J_1,A2LOYALTY,N
2173,J_1,A2DISEASE,N
2173,J_1,A3WEALTH,N
2173,J_1,A3STINGY,N
2173,J_1,A3UNPATRIOTIC,N
2173,J_1,A3CARICATURE,N
2173,J_1,A3VIOLENCE,E
2173,J_1,A3SYNAGOGUE,N
2173,J_1,A3SWASTIKA,N
2173,J_1,A3DISCRIMINATION,N
28366,J_1,A1ESSENTIAL,N
28366,J_1,A2EVIL,N
28366,J_1,A2CONSPIRACY,N
28366,J_1,A2HIDDENPOWER,N
28366,J_1,A2COLLECTIVEAGENDA,N
28366,J_1,A2CONTROLGOV,N
28366,J_1,A2CONTROLBANKS,N
28366,J_1,A2CONTROLMEDIA,N
28366,J_1,A2LOYALTY,N
28366,J_1,A2DISEASE,N
28366,J_1,A3WEALTH,N
28366,J_1,A3STINGY,N
28366,J_1,A3UNPATRIOTIC,N
28366,J_1,A3CARICATURE,N
28366,J_1,A3VIOLENCE,N
28366,J_1,A3SYNAGOGUE,N
28366,J_1,A3SWASTIKA,N
28366,J_1,A3DISCRIMINATION,N
2837,J_1,A1ESSENTIAL,N
2837,J_1,A2EVIL,N
2837,J_1,A2CONSPIRACY,N
2837,J_1,A2HIDDENPOWER,N
2837,J_1,A2COLLECTIVEAGENDA,N
2837,J_1,A2CONTROLGOV,N
2837,J_1,A2CONTROLBANKS,N
2837,J_1,A2CONTROLMEDIA,N
2837,J_1,A2LOYALTY,N
2837,J_1,A2DISEASE,N
2837,J_1,A3WEALTH,N
2837,J_1,A3STINGY,N
2837,J_1,A3UNPATRIOTIC,N
2837,J_1,A3CARICATURE,N
2837,J_1,A3VIOLENCE,N
2837,J_1,A3SYNAGOGUE,N
2837,J_1,A3SWASTIKA,N
2837,J_1,A3DISCRIMINATION,N
5948,J_1,A1ESSENTIAL,N
5948,J_1,A2EVIL,N
5948,J_1,A2CONSPIRACY,N
5948,J_1,A2HIDDENPOWER,N
5948,J_1,A2COLLECTIVEAGENDA,N
5948,J_1,A2CONTROLGOV,N
5948,J_1,A2CONTROLBANKS,N
5948,J_1,A2CONTROLMEDIA,N
5948,J_1,A2LOYALTY,N
5948,J_1,A2DISEASE,N
5948,J_1,A3WEALTH,N
5948,J_1,A3STINGY,N
5948,J_1,A3UNPATRIOTIC,N
5948,J_1,A3CARICATURE,N
5948,J_1,A3VIOLENCE,N
5948,J_1,A3SYNAGOGUE,N
5948,J_1,A3SWASTIKA,N
5948,J_1,A3DISCRIMINATION,N
48088,J_1,A1ESSENTIAL,N
48088,J_1,A2EVIL,I
48088,J_1,A2CONSPIRACY,N
48088,J_1,A2HIDDENPOWER,N
48088,J_1,A2COLLECTIVEAGENDA,N
48088,J_1,A2CONTROLGOV,N
48088,J_1,A2CONTROLBANKS,N
48088,J_1,A2CONTROLMEDIA,N
48088,J_1,A2LOYALTY,N
48088,J_1,A2DISEASE,N
48088,J_1,A3WEALTH,N
48088,J_1,A3STINGY,N
48088,J_1,A3UNPATRIOTIC,N
48088,J_1,A3CARICATURE,N
48088,J_1,A3VIOLENCE,N
48088,J_1,A3SYNAGOGUE,N
48088,J_1,A3SWASTIKA,N
48088,J_1,A3DISCRIMINATION,N
29334,J_1,A1ESSENTIAL,N
29334,J_1,A2EVIL,N
29334,J_1,A2CONSPIRACY,N
29334,J_1,A2HIDDENPOWER,N
29334,J_1,A2COLLECTIVEAGENDA,N
29334,J_1,A2CONTROLGOV,N
29334,J_1,A2CONTROLBANKS,N
29334,J_1,A2CONTROLMEDIA,N
29334,J_1,A2LOYALTY,N
29334,J_1,A2DISEASE,N
29334,J_1,A3WEALTH,N
29334,J_1,A3STINGY,N
29334,J_1,A3UNPATRIOTIC,N
29334,J_1,A3CARICATURE,N
29334,J_1,A3VIOLENCE,N
29334,J_1,A3SYNAGOGUE,N
29334,J_1,A3SWASTIKA,N
29334,J_1,A3DISCRIMINATION,N
16706,J_1,A1ESSENTIAL,N
16706,J_1,A2EVIL,N
16706,J_1,A2CONSPIRACY,N
16706,J_1,A2HIDDENPOWER,N
16706,J_1,A2COLLECTIVEAGENDA,N
16706,J_1,A2CONTROLGOV,N
16706,J_1,A2CONTROLBANKS,N
16706,J_1,A2CONTROLMEDIA,N
16706,J_1,A2LOYALTY,N
16706,J_1,A2DISEASE,N
16706,J_1,A3WEALTH,N
16706,J_1,A3STINGY,N
16706,J_1,A3UNPATRIOTIC,N
16706,J_1,A3CARICATURE,N
16706,J_1,A3VIOLENCE,N
16706,J_1,A3SYNAGOGUE,N
16706,J_1,A3SWASTIKA,N
16706,J_1,A3DISCRIMINATION,N
38239,J_1,A1ESSENTIAL,N
38239,J_1,A2EVIL,N
38239,J_1,A2CONSPIRACY,N
38239,J_1,A2HIDDENPOWER,N
38239,J_1,A2COLLECTIVEAGENDA,N
38239,J_1,A2CONTROLGOV,N
38239,J_1,A2CONTROLBANKS,N
38239,J_1,A2CONTROLMEDIA,N
38239,J_1,A2LOYALTY,N
38239,J_1,A2DISEASE,N
38239,J_1,A3WEALTH,N
38239,J_1,A3STINGY,N
38239,J_1,A3UNPATRIOTIC,N
38239,J_1,A3CARICATURE,N
38239,J_1,A3VIOLENCE,N
38239,J_1,A3SYNAGOGUE,N
38239,J_1,A3SWASTIKA,N
38239,J_1,A3DISCRIMINATION,N
19452,J_1,A1ESSENTIAL,N
19452,J_1,A2EVIL,N
19452,J_1,A2CONSPIRACY,N
19452,J_1,A2HIDDENPOWER,N
19452,J_1,A2COLLECTIVEAGENDA,N
19452,J_1,A2CONTROLGOV,N
19452,J_1,A2CONTROLBANKS,N
19452,J_1,A2CONTROLMEDIA,N
19452,J_1,A2LOYALTY,N
19452,J_1,A2DISEASE,N
19452,J_1,A3WEALTH,N
19452,J_1,A3STINGY,N
19452,J_1,A3UNPATRIOTIC,N
19452,J_1,A3CARICATURE,N
19452,J_1,A3VIOLENCE,N
19452,J_1,A3SYNAGOGUE,N
19452,J_1,A3SWASTIKA,N
19452,J_1,A3DISCRIMINATION,N
37796,J_1,A1ESSENTIAL,N
37796,J_1,A2EVIL,N
37796,J_1,A2CONSPIRACY,N
37796,J_1,A2HIDDENPOWER,N
37796,J_1,A2COLLECTIVEAGENDA,N
37796,J_1,A2CONTROLGOV,N
37796,J_1,A2CONTROLBANKS,N
37796,J_1,A2CONTROLMEDIA,N
37796,J_1,A2LOYALTY,N
37796,J_1,A2DISEASE,N
37796,J_1,A3WEALTH,N
37796,J_1,A3STINGY,N
37796,J_1,A3UNPATRIOTIC,N
37796,J_1,A3CARICATURE,N
37796,J_1,A3VIOLENCE,N
37796,J_1,A3SYNAGOGUE,N
37796,J_1,A3SWASTIKA,N
37796,J_1,A3DISCRIMINATION,N
2721,J_1,A1ESSENTIAL,N
2721,J_1,A2EVIL,N
2721,J_1,A2CONSPIRACY,N
2721,J_1,A2HIDDENPOWER,N
2721,J_1,A2COLLECTIVEAGENDA,N
2721,J_1,A2CONTROLGOV,N
2721,J_1,A2CONTROLBANKS,N
2721,J_1,A2CONTROLMEDIA,N
2721,J_1,A2LOYALTY,N
2721,J_1,A2DISEASE,N
2721,J_1,A3WEALTH,N
2721,J_1,A3STINGY,N
2721,J_1,A3UNPATRIOTIC,N
2721,J_1,A3CARICATURE,N
2721,J_1,A3VIOLENCE,N
2721,J_1,A3SYNAGOGUE,N
2721,J_1,A3SWASTIKA,N
2721,J_1,A3DISCRIMINATION,N
2812,J_1,A1ESSENTIAL,N
2812,J_1,A2EVIL,N
2812,J_1,A2CONSPIRACY,N
2812,J_1,A2HIDDENPOWER,N
2812,J_1,A2COLLECTIVEAGENDA,N
2812,J_1,A2CONTROLGOV,N
2812,J_1,A2CONTROLBANKS,N
2812,J_1,A2CONTROLMEDIA,N
2812,J_1,A2LOYALTY,N
2812,J_1,A2DISEASE,N
2812,J_1,A3WEALTH,N
2812,J_1,A3STINGY,N
2812,J_1,A3UNPATRIOTIC,N
2812,J_1,A3CARICATURE,N
2812,J_1,A3VIOLENCE,N
2812,J_1,A3SYNAGOGUE,N
2812,J_1,A3SWASTIKA,N
2812,J_1,A3DISCRIMINATION,N
24793,J_1,A1ESSENTIAL,N
24793,J_1,A2EVIL,N
24793,J_1,A2CONSPIRACY,N
24793,J_1,A2HIDDENPOWER,N
24793,J_1,A2COLLECTIVEAGENDA,N
24793,J_1,A2CONTROLGOV,N
24793,J_1,A2CONTROLBANKS,N
24793,J_1,A2CONTROLMEDIA,N
24793,J_1,A2LOYALTY,N
24793,J_1,A2DISEASE,N
24793,J_1,A3WEALTH,N
24793,J_1,A3STINGY,N
24793,J_1,A3UNPATRIOTIC,N
24793,J_1,A3CARICATURE,N
24793,J_1,A3VIOLENCE,N
24793,J_1,A3SYNAGOGUE,N
24793,J_1,A3SWASTIKA,N
24793,J_1,A3DISCRIMINATION,N
6767,J_1,A1ESSENTIAL,N
6767,J_1,A2EVIL,N
6767,J_1,A2CONSPIRACY,N
6767,J_1,A2HIDDENPOWER,N
6767,J_1,A2COLLECTIVEAGENDA,N
6767,J_1,A2CONTROLGOV,N
6767,J_1,A2CONTROLBANKS,N
6767,J_1,A2CONTROLMEDIA,N
6767,J_1,A2LOYALTY,N
6767,J_1,A2DISEASE,N
6767,J_1,A3WEALTH,N
6767,J_1,A3STINGY,N
6767,J_1,A3UNPATRIOTIC,N
6767,J_1,A3CARICATURE,N
6767,J_1,A3VIOLENCE,N
6767,J_1,A3SYNAGOGUE,N
6767,J_1,A3SWASTIKA,N
6767,J_1,A3DISCRIMINATION,N
49849,J_1,A1ESSENTIAL,N
49849,J_1,A2EVIL,N
49849,J_1,A2CONSPIRACY,N
49849,J_1,A2HIDDENPOWER,N
49849,J_1,A2COLLECTIVEAGENDA,N
49849,J_1,A2CONTROLGOV,N
49849,J_1,A2CONTROLBANKS,N
49849,J_1,A2CONTROLMEDIA,N
49849,J_1,A2LOYALTY,N
49849,J_1,A2DISEASE,N
49849,J_1,A3WEALTH,N
49849,J_1,A3STINGY,N
49849,J_1,A3UNPATRIOTIC,N
49849,J_1,A3CARICATURE,N
49849,J_1,A3VIOLENCE,N
49849,J_1,A3SYNAGOGUE,N
49849,J_1,A3SWASTIKA,N
49849,J_1,A3DISCRIMINATION,N
2147,J_1,A1ESSENTIAL,A
2147,J_1,A2EVIL,A
2147,J_1,A2CONSPIRACY,N
2147,J_1,A2HIDDENPOWER,N
2147,J_1,A2COLLECTIVEAGENDA,A
2147,J_1,A2CONTROLGOV,N
2147,J_1,A2CONTROLBANKS,N
2147,J_1,A2CONTROLMEDIA,N
2147,J_1,A2LOYALTY,N
2147,J_1,A2DISEASE,N
2147,J_1,A3WEALTH,N
2147,J_1,A3STINGY,N
2147,J_1,A3UNPATRIOTIC,N
2147,J_1,A3CARICATURE,N
2147,J_1,A3VIOLENCE,N
2147,J_1,A3SYNAGOGUE,N
2147,J_1,A3SWASTIKA,N
2147,J_1,A3DISCRIMINATION,N
29130,J_1,A1ESSENTIAL,N
29130,J_1,A2EVIL,N
29130,J_1,A2CONSPIRACY,N
29130,J_1,A2HIDDENPOWER,N
29130,J_1,A2COLLECTIVEAGENDA,N
29130,J_1,A2CONTROLGOV,N
29130,J_1,A2CONTROLBANKS,N
29130,J_1,A2CONTROLMEDIA,N
29130,J_1,A2LOYALTY,N
29130,J_1,A2DISEASE,N
29130,J_1,A3WEALTH,N
29130,J_1,A3STINGY,N
29130,J_1,A3UNPATRIOTIC,N
29130,J_1,A3CARICATURE,N
29130,J_1,A3VIOLENCE,N
29130,J_1,A3SYNAGOGUE,N
29130,J_1,A3SWASTIKA,N
29130,J_1,A3DISCRIMINATION,N
18509,J_1,A1ESSENTIAL,N
18509,J_1,A2EVIL,N
18509,J_1,A2CONSPIRACY,N
18509,J_1,A2HIDDENPOWER,N
18509,J_1,A2COLLECTIVEAGENDA,N
18509,J_1,A2CONTROLGOV,N
18509,J_1,A2CONTROLBANKS,N
18509,J_1,A2CONTROLMEDIA,N
18509,J_1,A2LOYALTY,N
18509,J_1,A2DISEASE,N
18509,J_1,A3WEALTH,N
18509,J_1,A3STINGY,N
18509,J_1,A3UNPATRIOTIC,N
18509,J_1,A3CARICATURE,N
18509,J_1,A3VIOLENCE,N
18509,J_1,A3SYNAGOGUE,N
18509,J_1,A3SWASTIKA,N
18509,J_1,A3DISCRIMINATION,N
47178,J_1,A1ESSENTIAL,I
47178,J_1,A2EVIL,N
47178,J_1,A2CONSPIRACY,N
47178,J_1,A2HIDDENPOWER,N
47178,J_1,A2COLLECTIVEAGENDA,N
47178,J_1,A2CONTROLGOV,N
47178,J_1,A2CONTROLBANKS,N
47178,J_1,A2CONTROLMEDIA,N
47178,J_1,A2LOYALTY,N
47178,J_1,A2DISEASE,N
47178,J_1,A3WEALTH,I
47178,J_1,A3STINGY,N
47178,J_1,A3UNPATRIOTIC,N
47178,J_1,A3CARICATURE,N
47178,J_1,A3VIOLENCE,N
47178,J_1,A3SYNAGOGUE,N
47178,J_1,A3SWASTIKA,N
47178,J_1,A3DISCRIMINATION,N
3232,J_1,A1ESSENTIAL,E
3232,J_1,A2EVIL,E
3232,J_1,A2CONSPIRACY,N
3232,J_1,A2HIDDENPOWER,N
3232,J_1,A2COLLECTIVEAGENDA,N
3232,J_1,A2CONTROLGOV,N
3232,J_1,A2CONTROLBANKS,N
3232,J_1,A2CONTROLMEDIA,N
3232,J_1,A2LOYALTY,N
3232,J_1,A2DISEASE,N
3232,J_1,A3WEALTH,N
3232,J_1,A3STINGY,N
3232,J_1,A3UNPATRIOTIC,N
3232,J_1,A3CARICATURE,N
3232,J_1,A3VIOLENCE,N
3232,J_1,A3SYNAGOGUE,N
3232,J_1,A3SWASTIKA,N
3232,J_1,A3DISCRIMINATION,N
39175,J_1,A1ESSENTIAL,A
39175,J_1,A2EVIL,A
39175,J_1,A2CONSPIRACY,I
39175,J_1,A2HIDDENPOWER,I
39175,J_1,A2COLLECTIVEAGENDA,I
39175,J_1,A2CONTROLGOV,A
39175,J_1,A2CONTROLBANKS,N
39175,J_1,A2CONTROLMEDIA,N
39175,J_1,A2LOYALTY,A
39175,J_1,A2DISEASE,N
39175,J_1,A3WEALTH,N
39175,J_1,A3STINGY,N
39175,J_1,A3UNPATRIOTIC,N
39175,J_1,A3CARICATURE,N
39175,J_1,A3VIOLENCE,N
39175,J_1,A3SYNAGOGUE,N
39175,J_1,A3SWASTIKA,N
39175,J_1,A3DISCRIMINATION,N
40149,J_1,A1ESSENTIAL,N
40149,J_1,A2EVIL,N
40149,J_1,A2CONSPIRACY,N
40149,J_1,A2HIDDENPOWER,N
40149,J_1,A2COLLECTIVEAGENDA,N
40149,J_1,A2CONTROLGOV,N
40149,J_1,A2CONTROLBANKS,N
40149,J_1,A2CONTROLMEDIA,N
40149,J_1,A2LOYALTY,N
40149,J_1,A2DISEASE,N
40149,J_1,A3WEALTH,N
40149,J_1,A3STINGY,N
40149,J_1,A3UNPATRIOTIC,N
40149,J_1,A3CARICATURE,N
40149,J_1,A3VIOLENCE,N
40149,J_1,A3SYNAGOGUE,N
40149,J_1,A3SWASTIKA,N
40149,J_1,A3DISCRIMINATION,N
33919,J_1,A1ESSENTIAL,N
33919,J_1,A2EVIL,N
33919,J_1,A2CONSPIRACY,N
33919,J_1,A2HIDDENPOWER,N
33919,J_1,A2COLLECTIVEAGENDA,N
33919,J_1,A2CONTROLGOV,N
33919,J_1,A2CONTROLBANKS,N
33919,J_1,A2CONTROLMEDIA,N
33919,J_1,A2LOYALTY,N
33919,J_1,A2DISEASE,N
33919,J_1,A3WEALTH,N
33919,J_1,A3STINGY,N
33919,J_1,A3UNPATRIOTIC,N
33919,J_1,A3CARICATURE,N
33919,J_1,A3VIOLENCE,N
33919,J_1,A3SYNAGOGUE,N
33919,J_1,A3SWASTIKA,N
33919,J_1,A3DISCRIMINATION,N
22558,J_1,A1ESSENTIAL,N
22558,J_1,A2EVIL,N
22558,J_1,A2CONSPIRACY,N
22558,J_1,A2HIDDENPOWER,N
22558,J_1,A2COLLECTIVEAGENDA,N
22558,J_1,A2CONTROLGOV,N
22558,J_1,A2CONTROLBANKS,N
22558,J_1,A2CONTROLMEDIA,N
22558,J_1,A2LOYALTY,N
22558,J_1,A2DISEASE,N
22558,J_1,A3WEALTH,N
22558,J_1,A3STINGY,N
22558,J_1,A3UNPATRIOTIC,N
22558,J_1,A3CARICATURE,N
22558,J_1,A3VIOLENCE,N
22558,J_1,A3SYNAGOGUE,N
22558,J_1,A3SWASTIKA,N
22558,J_1,A3DISCRIMINATION,N
3700,J_1,A1ESSENTIAL,N
3700,J_1,A2EVIL,N
3700,J_1,A2CONSPIRACY,N
3700,J_1,A2HIDDENPOWER,I
3700,J_1,A2COLLECTIVEAGENDA,N
3700,J_1,A2CONTROLGOV,N
3700,J_1,A2CONTROLBANKS,N
3700,J_1,A2CONTROLMEDIA,N
3700,J_1,A2LOYALTY,N
3700,J_1,A2DISEASE,N
3700,J_1,A3WEALTH,N
3700,J_1,A3STINGY,N
3700,J_1,A3UNPATRIOTIC,N
3700,J_1,A3CARICATURE,N
3700,J_1,A3VIOLENCE,N
3700,J_1,A3SYNAGOGUE,N
3700,J_1,A3SWASTIKA,N
3700,J_1,A3DISCRIMINATION,N
21585,J_1,A1ESSENTIAL,N
21585,J_1,A2EVIL,N
21585,J_1,A2CONSPIRACY,N
21585,J_1,A2HIDDENPOWER,N
21585,J_1,A2COLLECTIVEAGENDA,N
21585,J_1,A2CONTROLGOV,N
21585,J_1,A2CONTROLBANKS,N
21585,J_1,A2CONTROLMEDIA,N
21585,J_1,A2LOYALTY,N
21585,J_1,A2DISEASE,N
21585,J_1,A3WEALTH,N
21585,J_1,A3STINGY,N
21585,J_1,A3UNPATRIOTIC,N
21585,J_1,A3CARICATURE,N
21585,J_1,A3VIOLENCE,N
21585,J_1,A3SYNAGOGUE,N
21585,J_1,A3SWASTIKA,N
21585,J_1,A3DISCRIMINATION,N
4811,J_1,A1ESSENTIAL,N
4811,J_1,A2EVIL,N
4811,J_1,A2CONSPIRACY,N
4811,J_1,A2HIDDENPOWER,N
4811,J_1,A2COLLECTIVEAGENDA,N
4811,J_1,A2CONTROLGOV,N
4811,J_1,A2CONTROLBANKS,N
4811,J_1,A2CONTROLMEDIA,N
4811,J_1,A2LOYALTY,N
4811,J_1,A2DISEASE,N
4811,J_1,A3WEALTH,N
4811,J_1,A3STINGY,N
4811,J_1,A3UNPATRIOTIC,N
4811,J_1,A3CARICATURE,N
4811,J_1,A3VIOLENCE,N
4811,J_1,A3SYNAGOGUE,N
4811,J_1,A3SWASTIKA,N
4811,J_1,A3DISCRIMINATION,N
42539,J_1,A1ESSENTIAL,I
42539,J_1,A2EVIL,I
42539,J_1,A2CONSPIRACY,N
42539,J_1,A2HIDDENPOWER,N
42539,J_1,A2COLLECTIVEAGENDA,N
42539,J_1,A2CONTROLGOV,N
42539,J_1,A2CONTROLBANKS,N
42539,J_1,A2CONTROLMEDIA,N
42539,J_1,A2LOYALTY,N
42539,J_1,A2DISEASE,N
42539,J_1,A3WEALTH,N
42539,J_1,A3STINGY,N
42539,J_1,A3UNPATRIOTIC,N
42539,J_1,A3CARICATURE,N
42539,J_1,A3VIOLENCE,N
42539,J_1,A3SYNAGOGUE,N
42539,J_1,A3SWASTIKA,N
42539,J_1,A3DISCRIMINATION,N
22387,J_1,A1ESSENTIAL,I
22387,J_1,A2EVIL,N
22387,J_1,A2CONSPIRACY,I
22387,J_1,A2HIDDENPOWER,N
22387,J_1,A2COLLECTIVEAGENDA,I
22387,J_1,A2CONTROLGOV,N
22387,J_1,A2CONTROLBANKS,N
22387,J_1,A2CONTROLMEDIA,N
22387,J_1,A2LOYALTY,N
22387,J_1,A2DISEASE,N
22387,J_1,A3WEALTH,N
22387,J_1,A3STINGY,N
22387,J_1,A3UNPATRIOTIC,N
22387,J_1,A3CARICATURE,N
22387,J_1,A3VIOLENCE,N
22387,J_1,A3SYNAGOGUE,N
22387,J_1,A3SWASTIKA,N
22387,J_1,A3DISCRIMINATION,N
24720,J_1,A1ESSENTIAL,N
24720,J_1,A2EVIL,N
24720,J_1,A2CONSPIRACY,N
24720,J_1,A2HIDDENPOWER,N
24720,J_1,A2COLLECTIVEAGENDA,N
24720,J_1,A2CONTROLGOV,N
24720,J_1,A2CONTROLBANKS,N
24720,J_1,A2CONTROLMEDIA,N
24720,J_1,A2LOYALTY,N
24720,J_1,A2DISEASE,N
24720,J_1,A3WEALTH,N
24720,J_1,A3STINGY,N
24720,J_1,A3UNPATRIOTIC,N
24720,J_1,A3CARICATURE,N
24720,J_1,A3VIOLENCE,N
24720,J_1,A3SYNAGOGUE,N
24720,J_1,A3SWASTIKA,N
24720,J_1,A3DISCRIMINATION,N
44390,J_1,A1ESSENTIAL,N
44390,J_1,A2EVIL,N
44390,J_1,A2CONSPIRACY,N
44390,J_1,A2HIDDENPOWER,N
44390,J_1,A2COLLECTIVEAGENDA,N
44390,J_1,A2CONTROLGOV,N
44390,J_1,A2CONTROLBANKS,N
44390,J_1,A2CONTROLMEDIA,N
44390,J_1,A2LOYALTY,N
44390,J_1,A2DISEASE,N
44390,J_1,A3WEALTH,N
44390,J_1,A3STINGY,N
44390,J_1,A3UNPATRIOTIC,N
44390,J_1,A3CARICATURE,N
44390,J_1,A3VIOLENCE,N
44390,J_1,A3SYNAGOGUE,N
44390,J_1,A3SWASTIKA,N
44390,J_1,A3DISCRIMINATION,N
31179,J_1,A1ESSENTIAL,N
31179,J_1,A2EVIL,N
31179,J_1,A2CONSPIRACY,N
31179,J_1,A2HIDDENPOWER,N
31179,J_1,A2COLLECTIVEAGENDA,N
31179,J_1,A2CONTROLGOV,N
31179,J_1,A2CONTROLBANKS,N
31179,J_1,A2CONTROLMEDIA,N
31179,J_1,A2LOYALTY,N
31179,J_1,A2DISEASE,N
31179,J_1,A3WEALTH,N
31179,J_1,A3STINGY,N
31179,J_1,A3UNPATRIOTIC,N
31179,J_1,A3CARICATURE,N
31179,J_1,A3VIOLENCE,N
31179,J_1,A3SYNAGOGUE,N
31179,J_1,A3SWASTIKA,N
31179,J_1,A3DISCRIMINATION,N
17669,J_1,A1ESSENTIAL,N
17669,J_1,A2EVIL,N
17669,J_1,A2CONSPIRACY,N
17669,J_1,A2HIDDENPOWER,N
17669,J_1,A2COLLECTIVEAGENDA,N
17669,J_1,A2CONTROLGOV,N
17669,J_1,A2CONTROLBANKS,N
17669,J_1,A2CONTROLMEDIA,N
17669,J_1,A2LOYALTY,N
17669,J_1,A2DISEASE,N
17669,J_1,A3WEALTH,N
17669,J_1,A3STINGY,N
17669,J_1,A3UNPATRIOTIC,N
17669,J_1,A3CARICATURE,N
17669,J_1,A3VIOLENCE,N
17669,J_1,A3SYNAGOGUE,N
17669,J_1,A3SWASTIKA,N
17669,J_1,A3DISCRIMINATION,N
34601,J_1,A1ESSENTIAL,A
34601,J_1,A2EVIL,A
34601,J_1,A2CONSPIRACY,N
34601,J_1,A2HIDDENPOWER,N
34601,J_1,A2COLLECTIVEAGENDA,N
34601,J_1,A2CONTROLGOV,N
34601,J_1,A2CONTROLBANKS,N
34601,J_1,A2CONTROLMEDIA,N
34601,J_1,A2LOYALTY,N
34601,J_1,A2DISEASE,N
34601,J_1,A3WEALTH,N
34601,J_1,A3STINGY,N
34601,J_1,A3UNPATRIOTIC,N
34601,J_1,A3CARICATURE,N
34601,J_1,A3VIOLENCE,A
34601,J_1,A3SYNAGOGUE,N
34601,J_1,A3SWASTIKA,N
34601,J_1,A3DISCRIMINATION,N
10405,J_1,A1ESSENTIAL,I
10405,J_1,A2EVIL,I
10405,J_1,A2CONSPIRACY,N
10405,J_1,A2HIDDENPOWER,N
10405,J_1,A2COLLECTIVEAGENDA,N
10405,J_1,A2CONTROLGOV,N
10405,J_1,A2CONTROLBANKS,N
10405,J_1,A2CONTROLMEDIA,N
10405,J_1,A2LOYALTY,N
10405,J_1,A2DISEASE,N
10405,J_1,A3WEALTH,N
10405,J_1,A3STINGY,N
10405,J_1,A3UNPATRIOTIC,N
10405,J_1,A3CARICATURE,N
10405,J_1,A3VIOLENCE,N
10405,J_1,A3SYNAGOGUE,N
10405,J_1,A3SWASTIKA,N
10405,J_1,A3DISCRIMINATION,N
26322,J_1,A1ESSENTIAL,N
26322,J_1,A2EVIL,N
26322,J_1,A2CONSPIRACY,N
26322,J_1,A2HIDDENPOWER,N
26322,J_1,A2COLLECTIVEAGENDA,N
26322,J_1,A2CONTROLGOV,N
26322,J_1,A2CONTROLBANKS,N
26322,J_1,A2CONTROLMEDIA,N
26322,J_1,A2LOYALTY,N
26322,J_1,A2DISEASE,N
26322,J_1,A3WEALTH,N
26322,J_1,A3STINGY,N
26322,J_1,A3UNPATRIOTIC,N
26322,J_1,A3CARICATURE,N
26322,J_1,A3VIOLENCE,N
26322,J_1,A3SYNAGOGUE,N
26322,J_1,A3SWASTIKA,N
26322,J_1,A3DISCRIMINATION,N
8784,J_1,A1ESSENTIAL,N
8784,J_1,A2EVIL,N
8784,J_1,A2CONSPIRACY,N
8784,J_1,A2HIDDENPOWER,N
8784,J_1,A2COLLECTIVEAGENDA,N
8784,J_1,A2CONTROLGOV,N
8784,J_1,A2CONTROLBANKS,N
8784,J_1,A2CONTROLMEDIA,N
8784,J_1,A2LOYALTY,N
8784,J_1,A2DISEASE,N
8784,J_1,A3WEALTH,N
8784,J_1,A3STINGY,N
8784,J_1,A3UNPATRIOTIC,N
8784,J_1,A3CARICATURE,N
8784,J_1,A3VIOLENCE,N
8784,J_1,A3SYNAGOGUE,N
8784,J_1,A3SWASTIKA,N
8784,J_1,A3DISCRIMINATION,N
36633,J_1,A1ESSENTIAL,N
36633,J_1,A2EVIL,N
36633,J_1,A2CONSPIRACY,N
36633,J_1,A2HIDDENPOWER,N
36633,J_1,A2COLLECTIVEAGENDA,N
36633,J_1,A2CONTROLGOV,N
36633,J_1,A2CONTROLBANKS,N
36633,J_1,A2CONTROLMEDIA,N
36633,J_1,A2LOYALTY,N
36633,J_1,A2DISEASE,N
36633,J_1,A3WEALTH,N
36633,J_1,A3STINGY,N
36633,J_1,A3UNPATRIOTIC,N
36633,J_1,A3CARICATURE,N
36633,J_1,A3VIOLENCE,N
36633,J_1,A3SYNAGOGUE,N
36633,J_1,A3SWASTIKA,N
36633,J_1,A3DISCRIMINATION,N
27587,J_1,A1ESSENTIAL,N
27587,J_1,A2EVIL,N
27587,J_1,A2CONSPIRACY,N
27587,J_1,A2HIDDENPOWER,N
27587,J_1,A2COLLECTIVEAGENDA,N
27587,J_1,A2CONTROLGOV,N
27587,J_1,A2CONTROLBANKS,N
27587,J_1,A2CONTROLMEDIA,N
27587,J_1,A2LOYALTY,N
27587,J_1,A2DISEASE,N
27587,J_1,A3WEALTH,N
27587,J_1,A3STINGY,N
27587,J_1,A3UNPATRIOTIC,N
27587,J_1,A3CARICATURE,N
27587,J_1,A3VIOLENCE,N
27587,J_1,A3SYNAGOGUE,N
27587,J_1,A3SWASTIKA,N
27587,J_1,A3DISCRIMINATION,N
8289,J_1,A1ESSENTIAL,A
8289,J_1,A2EVIL,A
8289,J_1,A2CONSPIRACY,N
8289,J_1,A2HIDDENPOWER,N
8289,J_1,A2COLLECTIVEAGENDA,N
8289,J_1,A2CONTROLGOV,N
8289,J_1,A2CONTROLBANKS,N
8289,J_1,A2CONTROLMEDIA,N
8289,J_1,A2LOYALTY,N
8289,J_1,A2DISEASE,N
8289,J_1,A3WEALTH,N
8289,J_1,A3STINGY,N
8289,J_1,A3UNPATRIOTIC,N
8289,J_1,A3CARICATURE,N
8289,J_1,A3VIOLENCE,N
8289,J_1,A3SYNAGOGUE,N
8289,J_1,A3SWASTIKA,N
8289,J_1,A3DISCRIMINATION,N
249,J_1,A1ESSENTIAL,N
249,J_1,A2EVIL,N
249,J_1,A2CONSPIRACY,N
249,J_1,A2HIDDENPOWER,N
249,J_1,A2COLLECTIVEAGENDA,N
249,J_1,A2CONTROLGOV,N
249,J_1,A2CONTROLBANKS,N
249,J_1,A2CONTROLMEDIA,N
249,J_1,A2LOYALTY,N
249,J_1,A2DISEASE,N
249,J_1,A3WEALTH,N
249,J_1,A3STINGY,N
249,J_1,A3UNPATRIOTIC,N
249,J_1,A3CARICATURE,N
249,J_1,A3VIOLENCE,N
249,J_1,A3SYNAGOGUE,N
249,J_1,A3SWASTIKA,N
249,J_1,A3DISCRIMINATION,N
8563,J_1,A1ESSENTIAL,I
8563,J_1,A2EVIL,N
8563,J_1,A2CONSPIRACY,N
8563,J_1,A2HIDDENPOWER,N
8563,J_1,A2COLLECTIVEAGENDA,N
8563,J_1,A2CONTROLGOV,N
8563,J_1,A2CONTROLBANKS,N
8563,J_1,A2CONTROLMEDIA,N
8563,J_1,A2LOYALTY,N
8563,J_1,A2DISEASE,N
8563,J_1,A3WEALTH,N
8563,J_1,A3STINGY,N
8563,J_1,A3UNPATRIOTIC,I
8563,J_1,A3CARICATURE,N
8563,J_1,A3VIOLENCE,N
8563,J_1,A3SYNAGOGUE,N
8563,J_1,A3SWASTIKA,N
8563,J_1,A3DISCRIMINATION,N
47462,J_1,A1ESSENTIAL,N
47462,J_1,A2EVIL,N
47462,J_1,A2CONSPIRACY,I
47462,J_1,A2HIDDENPOWER,N
47462,J_1,A2COLLECTIVEAGENDA,N
47462,J_1,A2CONTROLGOV,N
47462,J_1,A2CONTROLBANKS,N
47462,J_1,A2CONTROLMEDIA,I
47462,J_1,A2LOYALTY,N
47462,J_1,A2DISEASE,N
47462,J_1,A3WEALTH,N
47462,J_1,A3STINGY,N
47462,J_1,A3UNPATRIOTIC,N
47462,J_1,A3CARICATURE,N
47462,J_1,A3VIOLENCE,N
47462,J_1,A3SYNAGOGUE,N
47462,J_1,A3SWASTIKA,N
47462,J_1,A3DISCRIMINATION,N
11487,J_1,A1ESSENTIAL,N
11487,J_1,A2EVIL,N
11487,J_1,A2CONSPIRACY,N
11487,J_1,A2HIDDENPOWER,N
11487,J_1,A2COLLECTIVEAGENDA,N
11487,J_1,A2CONTROLGOV,N
11487,J_1,A2CONTROLBANKS,N
11487,J_1,A2CONTROLMEDIA,N
11487,J_1,A2LOYALTY,N
11487,J_1,A2DISEASE,N
11487,J_1,A3WEALTH,N
11487,J_1,A3STINGY,N
11487,J_1,A3UNPATRIOTIC,N
11487,J_1,A3CARICATURE,N
11487,J_1,A3VIOLENCE,N
11487,J_1,A3SYNAGOGUE,N
11487,J_1,A3SWASTIKA,N
11487,J_1,A3DISCRIMINATION,N
31029,J_1,A1ESSENTIAL,N
31029,J_1,A2EVIL,N
31029,J_1,A2CONSPIRACY,I
31029,J_1,A2HIDDENPOWER,N
31029,J_1,A2COLLECTIVEAGENDA,I
31029,J_1,A2CONTROLGOV,N
31029,J_1,A2CONTROLBANKS,N
31029,J_1,A2CONTROLMEDIA,I
31029,J_1,A2LOYALTY,N
31029,J_1,A2DISEASE,N
31029,J_1,A3WEALTH,N
31029,J_1,A3STINGY,N
31029,J_1,A3UNPATRIOTIC,N
31029,J_1,A3CARICATURE,N
31029,J_1,A3VIOLENCE,N
31029,J_1,A3SYNAGOGUE,N
31029,J_1,A3SWASTIKA,N
31029,J_1,A3DISCRIMINATION,N
43764,J_1,A1ESSENTIAL,N
43764,J_1,A2EVIL,N
43764,J_1,A2CONSPIRACY,N
43764,J_1,A2HIDDENPOWER,N
43764,J_1,A2COLLECTIVEAGENDA,N
43764,J_1,A2CONTROLGOV,N
43764,J_1,A2CONTROLBANKS,N
43764,J_1,A2CONTROLMEDIA,N
43764,J_1,A2LOYALTY,N
43764,J_1,A2DISEASE,N
43764,J_1,A3WEALTH,N
43764,J_1,A3STINGY,N
43764,J_1,A3UNPATRIOTIC,N
43764,J_1,A3CARICATURE,N
43764,J_1,A3VIOLENCE,N
43764,J_1,A3SYNAGOGUE,N
43764,J_1,A3SWASTIKA,N
43764,J_1,A3DISCRIMINATION,N
43828,J_1,A1ESSENTIAL,N
43828,J_1,A2EVIL,N
43828,J_1,A2CONSPIRACY,N
43828,J_1,A2HIDDENPOWER,N
43828,J_1,A2COLLECTIVEAGENDA,N
43828,J_1,A2CONTROLGOV,N
43828,J_1,A2CONTROLBANKS,N
43828,J_1,A2CONTROLMEDIA,N
43828,J_1,A2LOYALTY,I
43828,J_1,A2DISEASE,N
43828,J_1,A3WEALTH,N
43828,J_1,A3STINGY,N
43828,J_1,A3UNPATRIOTIC,I
43828,J_1,A3CARICATURE,N
43828,J_1,A3VIOLENCE,N
43828,J_1,A3SYNAGOGUE,N
43828,J_1,A3SWASTIKA,N
43828,J_1,A3DISCRIMINATION,N
22308,J_1,A1ESSENTIAL,N
22308,J_1,A2EVIL,N
22308,J_1,A2CONSPIRACY,N
22308,J_1,A2HIDDENPOWER,N
22308,J_1,A2COLLECTIVEAGENDA,N
22308,J_1,A2CONTROLGOV,N
22308,J_1,A2CONTROLBANKS,N
22308,J_1,A2CONTROLMEDIA,N
22308,J_1,A2LOYALTY,N
22308,J_1,A2DISEASE,N
22308,J_1,A3WEALTH,N
22308,J_1,A3STINGY,N
22308,J_1,A3UNPATRIOTIC,N
22308,J_1,A3CARICATURE,N
22308,J_1,A3VIOLENCE,N
22308,J_1,A3SYNAGOGUE,N
22308,J_1,A3SWASTIKA,N
22308,J_1,A3DISCRIMINATION,N
27582,J_1,A1ESSENTIAL,N
27582,J_1,A2EVIL,N
27582,J_1,A2CONSPIRACY,N
27582,J_1,A2HIDDENPOWER,N
27582,J_1,A2COLLECTIVEAGENDA,N
27582,J_1,A2CONTROLGOV,N
27582,J_1,A2CONTROLBANKS,N
27582,J_1,A2CONTROLMEDIA,N
27582,J_1,A2LOYALTY,N
27582,J_1,A2DISEASE,N
27582,J_1,A3WEALTH,N
27582,J_1,A3STINGY,N
27582,J_1,A3UNPATRIOTIC,N
27582,J_1,A3CARICATURE,N
27582,J_1,A3VIOLENCE,E
27582,J_1,A3SYNAGOGUE,N
27582,J_1,A3SWASTIKA,N
27582,J_1,A3DISCRIMINATION,N
38507,J_1,A1ESSENTIAL,N
38507,J_1,A2EVIL,I
38507,J_1,A2CONSPIRACY,N
38507,J_1,A2HIDDENPOWER,N
38507,J_1,A2COLLECTIVEAGENDA,N
38507,J_1,A2CONTROLGOV,N
38507,J_1,A2CONTROLBANKS,N
38507,J_1,A2CONTROLMEDIA,I
38507,J_1,A2LOYALTY,N
38507,J_1,A2DISEASE,N
38507,J_1,A3WEALTH,N
38507,J_1,A3STINGY,N
38507,J_1,A3UNPATRIOTIC,N
38507,J_1,A3CARICATURE,N
38507,J_1,A3VIOLENCE,N
38507,J_1,A3SYNAGOGUE,N
38507,J_1,A3SWASTIKA,N
38507,J_1,A3DISCRIMINATION,N
38484,J_1,A1ESSENTIAL,N
38484,J_1,A2EVIL,N
38484,J_1,A2CONSPIRACY,N
38484,J_1,A2HIDDENPOWER,N
38484,J_1,A2COLLECTIVEAGENDA,N
38484,J_1,A2CONTROLGOV,N
38484,J_1,A2CONTROLBANKS,N
38484,J_1,A2CONTROLMEDIA,N
38484,J_1,A2LOYALTY,N
38484,J_1,A2DISEASE,N
38484,J_1,A3WEALTH,N
38484,J_1,A3STINGY,N
38484,J_1,A3UNPATRIOTIC,N
38484,J_1,A3CARICATURE,N
38484,J_1,A3VIOLENCE,N
38484,J_1,A3SYNAGOGUE,N
38484,J_1,A3SWASTIKA,N
38484,J_1,A3DISCRIMINATION,N
3464,J_1,A1ESSENTIAL,N
3464,J_1,A2EVIL,N
3464,J_1,A2CONSPIRACY,N
3464,J_1,A2HIDDENPOWER,N
3464,J_1,A2COLLECTIVEAGENDA,N
3464,J_1,A2CONTROLGOV,N
3464,J_1,A2CONTROLBANKS,N
3464,J_1,A2CONTROLMEDIA,N
3464,J_1,A2LOYALTY,N
3464,J_1,A2DISEASE,N
3464,J_1,A3WEALTH,N
3464,J_1,A3STINGY,N
3464,J_1,A3UNPATRIOTIC,N
3464,J_1,A3CARICATURE,N
3464,J_1,A3VIOLENCE,N
3464,J_1,A3SYNAGOGUE,N
3464,J_1,A3SWASTIKA,N
3464,J_1,A3DISCRIMINATION,N
24313,J_1,A1ESSENTIAL,N
24313,J_1,A2EVIL,N
24313,J_1,A2CONSPIRACY,N
24313,J_1,A2HIDDENPOWER,N
24313,J_1,A2COLLECTIVEAGENDA,N
24313,J_1,A2CONTROLGOV,N
24313,J_1,A2CONTROLBANKS,N
24313,J_1,A2CONTROLMEDIA,N
24313,J_1,A2LOYALTY,N
24313,J_1,A2DISEASE,N
24313,J_1,A3WEALTH,N
24313,J_1,A3STINGY,N
24313,J_1,A3UNPATRIOTIC,N
24313,J_1,A3CARICATURE,N
24313,J_1,A3VIOLENCE,N
24313,J_1,A3SYNAGOGUE,N
24313,J_1,A3SWASTIKA,N
24313,J_1,A3DISCRIMINATION,N
25378,J_1,A1ESSENTIAL,N
25378,J_1,A2EVIL,N
25378,J_1,A2CONSPIRACY,I
25378,J_1,A2HIDDENPOWER,I
25378,J_1,A2COLLECTIVEAGENDA,N
25378,J_1,A2CONTROLGOV,N
25378,J_1,A2CONTROLBANKS,N
25378,J_1,A2CONTROLMEDIA,I
25378,J_1,A2LOYALTY,N
25378,J_1,A2DISEASE,N
25378,J_1,A3WEALTH,N
25378,J_1,A3STINGY,N
25378,J_1,A3UNPATRIOTIC,N
25378,J_1,A3CARICATURE,N
25378,J_1,A3VIOLENCE,N
25378,J_1,A3SYNAGOGUE,N
25378,J_1,A3SWASTIKA,N
25378,J_1,A3DISCRIMINATION,N
34189,J_1,A1ESSENTIAL,N
34189,J_1,A2EVIL,N
34189,J_1,A2CONSPIRACY,N
34189,J_1,A2HIDDENPOWER,N
34189,J_1,A2COLLECTIVEAGENDA,N
34189,J_1,A2CONTROLGOV,N
34189,J_1,A2CONTROLBANKS,N
34189,J_1,A2CONTROLMEDIA,N
34189,J_1,A2LOYALTY,N
34189,J_1,A2DISEASE,N
34189,J_1,A3WEALTH,N
34189,J_1,A3STINGY,N
34189,J_1,A3UNPATRIOTIC,N
34189,J_1,A3CARICATURE,N
34189,J_1,A3VIOLENCE,N
34189,J_1,A3SYNAGOGUE,N
34189,J_1,A3SWASTIKA,N
34189,J_1,A3DISCRIMINATION,N
48803,J_1,A1ESSENTIAL,A
48803,J_1,A2EVIL,I
48803,J_1,A2CONSPIRACY,N
48803,J_1,A2HIDDENPOWER,N
48803,J_1,A2COLLECTIVEAGENDA,N
48803,J_1,A2CONTROLGOV,N
48803,J_1,A2CONTROLBANKS,N
48803,J_1,A2CONTROLMEDIA,N
48803,J_1,A2LOYALTY,N
48803,J_1,A2DISEASE,N
48803,J_1,A3WEALTH,N
48803,J_1,A3STINGY,N
48803,J_1,A3UNPATRIOTIC,N
48803,J_1,A3CARICATURE,N
48803,J_1,A3VIOLENCE,E
48803,J_1,A3SYNAGOGUE,N
48803,J_1,A3SWASTIKA,N
48803,J_1,A3DISCRIMINATION,N
2589,J_1,A1ESSENTIAL,N
2589,J_1,A2EVIL,N
2589,J_1,A2CONSPIRACY,N
2589,J_1,A2HIDDENPOWER,N
2589,J_1,A2COLLECTIVEAGENDA,N
2589,J_1,A2CONTROLGOV,N
2589,J_1,A2CONTROLBANKS,N
2589,J_1,A2CONTROLMEDIA,N
2589,J_1,A2LOYALTY,N
2589,J_1,A2DISEASE,N
2589,J_1,A3WEALTH,N
2589,J_1,A3STINGY,N
2589,J_1,A3UNPATRIOTIC,N
2589,J_1,A3CARICATURE,N
2589,J_1,A3VIOLENCE,N
2589,J_1,A3SYNAGOGUE,N
2589,J_1,A3SWASTIKA,N
2589,J_1,A3DISCRIMINATION,N
46641,J_1,A1ESSENTIAL,N
46641,J_1,A2EVIL,N
46641,J_1,A2CONSPIRACY,N
46641,J_1,A2HIDDENPOWER,N
46641,J_1,A2COLLECTIVEAGENDA,N
46641,J_1,A2CONTROLGOV,N
46641,J_1,A2CONTROLBANKS,N
46641,J_1,A2CONTROLMEDIA,N
46641,J_1,A2LOYALTY,N
46641,J_1,A2DISEASE,N
46641,J_1,A3WEALTH,N
46641,J_1,A3STINGY,N
46641,J_1,A3UNPATRIOTIC,N
46641,J_1,A3CARICATURE,N
46641,J_1,A3VIOLENCE,N
46641,J_1,A3SYNAGOGUE,N
46641,J_1,A3SWASTIKA,N
46641,J_1,A3DISCRIMINATION,N
2695,J_1,A1ESSENTIAL,N
2695,J_1,A2EVIL,N
2695,J_1,A2CONSPIRACY,N
2695,J_1,A2HIDDENPOWER,N
2695,J_1,A2COLLECTIVEAGENDA,N
2695,J_1,A2CONTROLGOV,N
2695,J_1,A2CONTROLBANKS,N
2695,J_1,A2CONTROLMEDIA,N
2695,J_1,A2LOYALTY,N
2695,J_1,A2DISEASE,N
2695,J_1,A3WEALTH,N
2695,J_1,A3STINGY,N
2695,J_1,A3UNPATRIOTIC,N
2695,J_1,A3CARICATURE,N
2695,J_1,A3VIOLENCE,N
2695,J_1,A3SYNAGOGUE,N
2695,J_1,A3SWASTIKA,N
2695,J_1,A3DISCRIMINATION,N
6819,J_1,A1ESSENTIAL,A
6819,J_1,A2EVIL,N
6819,J_1,A2CONSPIRACY,N
6819,J_1,A2HIDDENPOWER,N
6819,J_1,A2COLLECTIVEAGENDA,N
6819,J_1,A2CONTROLGOV,N
6819,J_1,A2CONTROLBANKS,N
6819,J_1,A2CONTROLMEDIA,N
6819,J_1,A2LOYALTY,N
6819,J_1,A2DISEASE,N
6819,J_1,A3WEALTH,N
6819,J_1,A3STINGY,N
6819,J_1,A3UNPATRIOTIC,N
6819,J_1,A3CARICATURE,N
6819,J_1,A3VIOLENCE,N
6819,J_1,A3SYNAGOGUE,N
6819,J_1,A3SWASTIKA,N
6819,J_1,A3DISCRIMINATION,N
27244,J_1,A1ESSENTIAL,A
27244,J_1,A2EVIL,A
27244,J_1,A2CONSPIRACY,N
27244,J_1,A2HIDDENPOWER,N
27244,J_1,A2COLLECTIVEAGENDA,N
27244,J_1,A2CONTROLGOV,N
27244,J_1,A2CONTROLBANKS,N
27244,J_1,A2CONTROLMEDIA,N
27244,J_1,A2LOYALTY,N
27244,J_1,A2DISEASE,N
27244,J_1,A3WEALTH,N
27244,J_1,A3STINGY,N
27244,J_1,A3UNPATRIOTIC,N
27244,J_1,A3CARICATURE,N
27244,J_1,A3VIOLENCE,N
27244,J_1,A3SYNAGOGUE,N
27244,J_1,A3SWASTIKA,N
27244,J_1,A3DISCRIMINATION,N
3225,J_1,A1ESSENTIAL,I
3225,J_1,A2EVIL,N
3225,J_1,A2CONSPIRACY,N
3225,J_1,A2HIDDENPOWER,N
3225,J_1,A2COLLECTIVEAGENDA,N
3225,J_1,A2CONTROLGOV,N
3225,J_1,A2CONTROLBANKS,N
3225,J_1,A2CONTROLMEDIA,N
3225,J_1,A2LOYALTY,N
3225,J_1,A2DISEASE,N
3225,J_1,A3WEALTH,N
3225,J_1,A3STINGY,N
3225,J_1,A3UNPATRIOTIC,N
3225,J_1,A3CARICATURE,N
3225,J_1,A3VIOLENCE,N
3225,J_1,A3SYNAGOGUE,N
3225,J_1,A3SWASTIKA,N
3225,J_1,A3DISCRIMINATION,N
9466,J_1,A1ESSENTIAL,E
9466,J_1,A2EVIL,N
9466,J_1,A2CONSPIRACY,N
9466,J_1,A2HIDDENPOWER,N
9466,J_1,A2COLLECTIVEAGENDA,N
9466,J_1,A2CONTROLGOV,N
9466,J_1,A2CONTROLBANKS,N
9466,J_1,A2CONTROLMEDIA,N
9466,J_1,A2LOYALTY,N
9466,J_1,A2DISEASE,N
9466,J_1,A3WEALTH,N
9466,J_1,A3STINGY,N
9466,J_1,A3UNPATRIOTIC,N
9466,J_1,A3CARICATURE,N
9466,J_1,A3VIOLENCE,E
9466,J_1,A3SYNAGOGUE,N
9466,J_1,A3SWASTIKA,N
9466,J_1,A3DISCRIMINATION,E
44430,J_1,A1ESSENTIAL,N
44430,J_1,A2EVIL,N
44430,J_1,A2CONSPIRACY,N
44430,J_1,A2HIDDENPOWER,N
44430,J_1,A2COLLECTIVEAGENDA,N
44430,J_1,A2CONTROLGOV,N
44430,J_1,A2CONTROLBANKS,N
44430,J_1,A2CONTROLMEDIA,N
44430,J_1,A2LOYALTY,N
44430,J_1,A2DISEASE,N
44430,J_1,A3WEALTH,N
44430,J_1,A3STINGY,N
44430,J_1,A3UNPATRIOTIC,N
44430,J_1,A3CARICATURE,N
44430,J_1,A3VIOLENCE,N
44430,J_1,A3SYNAGOGUE,N
44430,J_1,A3SWASTIKA,N
44430,J_1,A3DISCRIMINATION,N
12621,J_1,A1ESSENTIAL,I
12621,J_1,A2EVIL,I
12621,J_1,A2CONSPIRACY,I
12621,J_1,A2HIDDENPOWER,N
12621,J_1,A2COLLECTIVEAGENDA,I
12621,J_1,A2CONTROLGOV,N
12621,J_1,A2CONTROLBANKS,N
12621,J_1,A2CONTROLMEDIA,N
12621,J_1,A2LOYALTY,N
12621,J_1,A2DISEASE,N
12621,J_1,A3WEALTH,N
12621,J_1,A3STINGY,N
12621,J_1,A3UNPATRIOTIC,I
12621,J_1,A3CARICATURE,N
12621,J_1,A3VIOLENCE,N
12621,J_1,A3SYNAGOGUE,N
12621,J_1,A3SWASTIKA,N
12621,J_1,A3DISCRIMINATION,N
42268,J_1,A1ESSENTIAL,I
42268,J_1,A2EVIL,I
42268,J_1,A2CONSPIRACY,I
42268,J_1,A2HIDDENPOWER,E
42268,J_1,A2COLLECTIVEAGENDA,E
42268,J_1,A2CONTROLGOV,E
42268,J_1,A2CONTROLBANKS,I
42268,J_1,A2CONTROLMEDIA,N
42268,J_1,A2LOYALTY,I
42268,J_1,A2DISEASE,N
42268,J_1,A3WEALTH,I
42268,J_1,A3STINGY,N
42268,J_1,A3UNPATRIOTIC,N
42268,J_1,A3CARICATURE,N
42268,J_1,A3VIOLENCE,N
42268,J_1,A3SYNAGOGUE,N
42268,J_1,A3SWASTIKA,N
42268,J_1,A3DISCRIMINATION,N
14581,J_1,A1ESSENTIAL,N
14581,J_1,A2EVIL,N
14581,J_1,A2CONSPIRACY,N
14581,J_1,A2HIDDENPOWER,N
14581,J_1,A2COLLECTIVEAGENDA,N
14581,J_1,A2CONTROLGOV,N
14581,J_1,A2CONTROLBANKS,N
14581,J_1,A2CONTROLMEDIA,N
14581,J_1,A2LOYALTY,N
14581,J_1,A2DISEASE,N
14581,J_1,A3WEALTH,N
14581,J_1,A3STINGY,N
14581,J_1,A3UNPATRIOTIC,N
14581,J_1,A3CARICATURE,N
14581,J_1,A3VIOLENCE,N
14581,J_1,A3SYNAGOGUE,N
14581,J_1,A3SWASTIKA,N
14581,J_1,A3DISCRIMINATION,N
16196,J_1,A1ESSENTIAL,N
16196,J_1,A2EVIL,N
16196,J_1,A2CONSPIRACY,N
16196,J_1,A2HIDDENPOWER,N
16196,J_1,A2COLLECTIVEAGENDA,N
16196,J_1,A2CONTROLGOV,N
16196,J_1,A2CONTROLBANKS,N
16196,J_1,A2CONTROLMEDIA,N
16196,J_1,A2LOYALTY,N
16196,J_1,A2DISEASE,N
16196,J_1,A3WEALTH,N
16196,J_1,A3STINGY,N
16196,J_1,A3UNPATRIOTIC,N
16196,J_1,A3CARICATURE,N
16196,J_1,A3VIOLENCE,N
16196,J_1,A3SYNAGOGUE,N
16196,J_1,A3SWASTIKA,N
16196,J_1,A3DISCRIMINATION,N
45559,J_1,A1ESSENTIAL,N
45559,J_1,A2EVIL,N
45559,J_1,A2CONSPIRACY,I
45559,J_1,A2HIDDENPOWER,N
45559,J_1,A2COLLECTIVEAGENDA,N
45559,J_1,A2CONTROLGOV,N
45559,J_1,A2CONTROLBANKS,N
45559,J_1,A2CONTROLMEDIA,N
45559,J_1,A2LOYALTY,N
45559,J_1,A2DISEASE,N
45559,J_1,A3WEALTH,N
45559,J_1,A3STINGY,N
45559,J_1,A3UNPATRIOTIC,N
45559,J_1,A3CARICATURE,N
45559,J_1,A3VIOLENCE,N
45559,J_1,A3SYNAGOGUE,N
45559,J_1,A3SWASTIKA,N
45559,J_1,A3DISCRIMINATION,N
47211,J_1,A1ESSENTIAL,N
47211,J_1,A2EVIL,N
47211,J_1,A2CONSPIRACY,N
47211,J_1,A2HIDDENPOWER,N
47211,J_1,A2COLLECTIVEAGENDA,N
47211,J_1,A2CONTROLGOV,N
47211,J_1,A2CONTROLBANKS,N
47211,J_1,A2CONTROLMEDIA,N
47211,J_1,A2LOYALTY,N
47211,J_1,A2DISEASE,N
47211,J_1,A3WEALTH,N
47211,J_1,A3STINGY,N
47211,J_1,A3UNPATRIOTIC,N
47211,J_1,A3CARICATURE,N
47211,J_1,A3VIOLENCE,N
47211,J_1,A3SYNAGOGUE,N
47211,J_1,A3SWASTIKA,N
47211,J_1,A3DISCRIMINATION,N
47217,J_1,A1ESSENTIAL,E
47217,J_1,A2EVIL,E
47217,J_1,A2CONSPIRACY,N
47217,J_1,A2HIDDENPOWER,N
47217,J_1,A2COLLECTIVEAGENDA,I
47217,J_1,A2CONTROLGOV,N
47217,J_1,A2CONTROLBANKS,N
47217,J_1,A2CONTROLMEDIA,N
47217,J_1,A2LOYALTY,N
47217,J_1,A2DISEASE,N
47217,J_1,A3WEALTH,N
47217,J_1,A3STINGY,N
47217,J_1,A3UNPATRIOTIC,N
47217,J_1,A3CARICATURE,N
47217,J_1,A3VIOLENCE,I
47217,J_1,A3SYNAGOGUE,N
47217,J_1,A3SWASTIKA,N
47217,J_1,A3DISCRIMINATION,N
20018,J_1,A1ESSENTIAL,N
20018,J_1,A2EVIL,N
20018,J_1,A2CONSPIRACY,N
20018,J_1,A2HIDDENPOWER,N
20018,J_1,A2COLLECTIVEAGENDA,N
20018,J_1,A2CONTROLGOV,N
20018,J_1,A2CONTROLBANKS,N
20018,J_1,A2CONTROLMEDIA,N
20018,J_1,A2LOYALTY,N
20018,J_1,A2DISEASE,N
20018,J_1,A3WEALTH,N
20018,J_1,A3STINGY,N
20018,J_1,A3UNPATRIOTIC,N
20018,J_1,A3CARICATURE,N
20018,J_1,A3VIOLENCE,N
20018,J_1,A3SYNAGOGUE,N
20018,J_1,A3SWASTIKA,N
20018,J_1,A3DISCRIMINATION,N
27775,J_1,A1ESSENTIAL,N
27775,J_1,A2EVIL,N
27775,J_1,A2CONSPIRACY,N
27775,J_1,A2HIDDENPOWER,N
27775,J_1,A2COLLECTIVEAGENDA,N
27775,J_1,A2CONTROLGOV,N
27775,J_1,A2CONTROLBANKS,N
27775,J_1,A2CONTROLMEDIA,N
27775,J_1,A2LOYALTY,N
27775,J_1,A2DISEASE,N
27775,J_1,A3WEALTH,N
27775,J_1,A3STINGY,N
27775,J_1,A3UNPATRIOTIC,N
27775,J_1,A3CARICATURE,N
27775,J_1,A3VIOLENCE,A
27775,J_1,A3SYNAGOGUE,N
27775,J_1,A3SWASTIKA,N
27775,J_1,A3DISCRIMINATION,N
6752,J_1,A1ESSENTIAL,N
6752,J_1,A2EVIL,N
6752,J_1,A2CONSPIRACY,N
6752,J_1,A2HIDDENPOWER,N
6752,J_1,A2COLLECTIVEAGENDA,N
6752,J_1,A2CONTROLGOV,N
6752,J_1,A2CONTROLBANKS,N
6752,J_1,A2CONTROLMEDIA,N
6752,J_1,A2LOYALTY,N
6752,J_1,A2DISEASE,N
6752,J_1,A3WEALTH,N
6752,J_1,A3STINGY,N
6752,J_1,A3UNPATRIOTIC,N
6752,J_1,A3CARICATURE,N
6752,J_1,A3VIOLENCE,N
6752,J_1,A3SYNAGOGUE,N
6752,J_1,A3SWASTIKA,N
6752,J_1,A3DISCRIMINATION,N
33809,J_1,A1ESSENTIAL,N
33809,J_1,A2EVIL,N
33809,J_1,A2CONSPIRACY,N
33809,J_1,A2HIDDENPOWER,N
33809,J_1,A2COLLECTIVEAGENDA,N
33809,J_1,A2CONTROLGOV,N
33809,J_1,A2CONTROLBANKS,N
33809,J_1,A2CONTROLMEDIA,N
33809,J_1,A2LOYALTY,N
33809,J_1,A2DISEASE,N
33809,J_1,A3WEALTH,N
33809,J_1,A3STINGY,N
33809,J_1,A3UNPATRIOTIC,N
33809,J_1,A3CARICATURE,N
33809,J_1,A3VIOLENCE,N
33809,J_1,A3SYNAGOGUE,N
33809,J_1,A3SWASTIKA,N
33809,J_1,A3DISCRIMINATION,N
23907,J_1,A1ESSENTIAL,N
23907,J_1,A2EVIL,N
23907,J_1,A2CONSPIRACY,N
23907,J_1,A2HIDDENPOWER,N
23907,J_1,A2COLLECTIVEAGENDA,N
23907,J_1,A2CONTROLGOV,N
23907,J_1,A2CONTROLBANKS,N
23907,J_1,A2CONTROLMEDIA,N
23907,J_1,A2LOYALTY,N
23907,J_1,A2DISEASE,N
23907,J_1,A3WEALTH,N
23907,J_1,A3STINGY,N
23907,J_1,A3UNPATRIOTIC,N
23907,J_1,A3CARICATURE,N
23907,J_1,A3VIOLENCE,N
23907,J_1,A3SYNAGOGUE,N
23907,J_1,A3SWASTIKA,N
23907,J_1,A3DISCRIMINATION,N
35136,J_1,A1ESSENTIAL,N
35136,J_1,A2EVIL,N
35136,J_1,A2CONSPIRACY,N
35136,J_1,A2HIDDENPOWER,N
35136,J_1,A2COLLECTIVEAGENDA,N
35136,J_1,A2CONTROLGOV,N
35136,J_1,A2CONTROLBANKS,N
35136,J_1,A2CONTROLMEDIA,N
35136,J_1,A2LOYALTY,N
35136,J_1,A2DISEASE,N
35136,J_1,A3WEALTH,N
35136,J_1,A3STINGY,N
35136,J_1,A3UNPATRIOTIC,N
35136,J_1,A3CARICATURE,N
35136,J_1,A3VIOLENCE,N
35136,J_1,A3SYNAGOGUE,N
35136,J_1,A3SWASTIKA,N
35136,J_1,A3DISCRIMINATION,N
10247,J_1,A1ESSENTIAL,I
10247,J_1,A2EVIL,I
10247,J_1,A2CONSPIRACY,N
10247,J_1,A2HIDDENPOWER,N
10247,J_1,A2COLLECTIVEAGENDA,I
10247,J_1,A2CONTROLGOV,N
10247,J_1,A2CONTROLBANKS,N
10247,J_1,A2CONTROLMEDIA,N
10247,J_1,A2LOYALTY,N
10247,J_1,A2DISEASE,N
10247,J_1,A3WEALTH,N
10247,J_1,A3STINGY,N
10247,J_1,A3UNPATRIOTIC,N
10247,J_1,A3CARICATURE,N
10247,J_1,A3VIOLENCE,N
10247,J_1,A3SYNAGOGUE,N
10247,J_1,A3SWASTIKA,N
10247,J_1,A3DISCRIMINATION,N
2822,J_1,A1ESSENTIAL,I
2822,J_1,A2EVIL,I
2822,J_1,A2CONSPIRACY,N
2822,J_1,A2HIDDENPOWER,N
2822,J_1,A2COLLECTIVEAGENDA,N
2822,J_1,A2CONTROLGOV,N
2822,J_1,A2CONTROLBANKS,N
2822,J_1,A2CONTROLMEDIA,N
2822,J_1,A2LOYALTY,N
2822,J_1,A2DISEASE,N
2822,J_1,A3WEALTH,N
2822,J_1,A3STINGY,N
2822,J_1,A3UNPATRIOTIC,N
2822,J_1,A3CARICATURE,N
2822,J_1,A3VIOLENCE,N
2822,J_1,A3SYNAGOGUE,N
2822,J_1,A3SWASTIKA,N
2822,J_1,A3DISCRIMINATION,N
4477,J_1,A1ESSENTIAL,N
4477,J_1,A2EVIL,N
4477,J_1,A2CONSPIRACY,N
4477,J_1,A2HIDDENPOWER,N
4477,J_1,A2COLLECTIVEAGENDA,N
4477,J_1,A2CONTROLGOV,N
4477,J_1,A2CONTROLBANKS,N
4477,J_1,A2CONTROLMEDIA,N
4477,J_1,A2LOYALTY,N
4477,J_1,A2DISEASE,N
4477,J_1,A3WEALTH,N
4477,J_1,A3STINGY,N
4477,J_1,A3UNPATRIOTIC,N
4477,J_1,A3CARICATURE,N
4477,J_1,A3VIOLENCE,N
4477,J_1,A3SYNAGOGUE,N
4477,J_1,A3SWASTIKA,N
4477,J_1,A3DISCRIMINATION,N
9223,J_1,A1ESSENTIAL,N
9223,J_1,A2EVIL,N
9223,J_1,A2CONSPIRACY,N
9223,J_1,A2HIDDENPOWER,N
9223,J_1,A2COLLECTIVEAGENDA,N
9223,J_1,A2CONTROLGOV,N
9223,J_1,A2CONTROLBANKS,N
9223,J_1,A2CONTROLMEDIA,N
9223,J_1,A2LOYALTY,N
9223,J_1,A2DISEASE,N
9223,J_1,A3WEALTH,N
9223,J_1,A3STINGY,N
9223,J_1,A3UNPATRIOTIC,N
9223,J_1,A3CARICATURE,N
9223,J_1,A3VIOLENCE,N
9223,J_1,A3SYNAGOGUE,N
9223,J_1,A3SWASTIKA,N
9223,J_1,A3DISCRIMINATION,N
14323,J_1,A1ESSENTIAL,I
14323,J_1,A2EVIL,I
14323,J_1,A2CONSPIRACY,I
14323,J_1,A2HIDDENPOWER,I
14323,J_1,A2COLLECTIVEAGENDA,I
14323,J_1,A2CONTROLGOV,I
14323,J_1,A2CONTROLBANKS,N
14323,J_1,A2CONTROLMEDIA,N
14323,J_1,A2LOYALTY,I
14323,J_1,A2DISEASE,N
14323,J_1,A3WEALTH,N
14323,J_1,A3STINGY,N
14323,J_1,A3UNPATRIOTIC,N
14323,J_1,A3CARICATURE,N
14323,J_1,A3VIOLENCE,N
14323,J_1,A3SYNAGOGUE,N
14323,J_1,A3SWASTIKA,N
14323,J_1,A3DISCRIMINATION,N
39465,J_1,A1ESSENTIAL,A
39465,J_1,A2EVIL,A
39465,J_1,A2CONSPIRACY,A
39465,J_1,A2HIDDENPOWER,N
39465,J_1,A2COLLECTIVEAGENDA,A
39465,J_1,A2CONTROLGOV,N
39465,J_1,A2CONTROLBANKS,N
39465,J_1,A2CONTROLMEDIA,N
39465,J_1,A2LOYALTY,N
39465,J_1,A2DISEASE,N
39465,J_1,A3WEALTH,N
39465,J_1,A3STINGY,N
39465,J_1,A3UNPATRIOTIC,N
39465,J_1,A3CARICATURE,N
39465,J_1,A3VIOLENCE,N
39465,J_1,A3SYNAGOGUE,N
39465,J_1,A3SWASTIKA,N
39465,J_1,A3DISCRIMINATION,N
7806,J_1,A1ESSENTIAL,N
7806,J_1,A2EVIL,N
7806,J_1,A2CONSPIRACY,N
7806,J_1,A2HIDDENPOWER,N
7806,J_1,A2COLLECTIVEAGENDA,N
7806,J_1,A2CONTROLGOV,N
7806,J_1,A2CONTROLBANKS,N
7806,J_1,A2CONTROLMEDIA,N
7806,J_1,A2LOYALTY,N
7806,J_1,A2DISEASE,N
7806,J_1,A3WEALTH,N
7806,J_1,A3STINGY,N
7806,J_1,A3UNPATRIOTIC,N
7806,J_1,A3CARICATURE,N
7806,J_1,A3VIOLENCE,N
7806,J_1,A3SYNAGOGUE,N
7806,J_1,A3SWASTIKA,N
7806,J_1,A3DISCRIMINATION,N
8427,J_1,A1ESSENTIAL,I
8427,J_1,A2EVIL,I
8427,J_1,A2CONSPIRACY,I
8427,J_1,A2HIDDENPOWER,N
8427,J_1,A2COLLECTIVEAGENDA,I
8427,J_1,A2CONTROLGOV,N
8427,J_1,A2CONTROLBANKS,N
8427,J_1,A2CONTROLMEDIA,N
8427,J_1,A2LOYALTY,I
8427,J_1,A2DISEASE,N
8427,J_1,A3WEALTH,N
8427,J_1,A3STINGY,N
8427,J_1,A3UNPATRIOTIC,I
8427,J_1,A3CARICATURE,N
8427,J_1,A3VIOLENCE,N
8427,J_1,A3SYNAGOGUE,N
8427,J_1,A3SWASTIKA,N
8427,J_1,A3DISCRIMINATION,N
7061,J_1,A1ESSENTIAL,N
7061,J_1,A2EVIL,N
7061,J_1,A2CONSPIRACY,I
7061,J_1,A2HIDDENPOWER,A
7061,J_1,A2COLLECTIVEAGENDA,N
7061,J_1,A2CONTROLGOV,N
7061,J_1,A2CONTROLBANKS,N
7061,J_1,A2CONTROLMEDIA,N
7061,J_1,A2LOYALTY,N
7061,J_1,A2DISEASE,N
7061,J_1,A3WEALTH,N
7061,J_1,A3STINGY,N
7061,J_1,A3UNPATRIOTIC,N
7061,J_1,A3CARICATURE,N
7061,J_1,A3VIOLENCE,N
7061,J_1,A3SYNAGOGUE,N
7061,J_1,A3SWASTIKA,N
7061,J_1,A3DISCRIMINATION,N
46721,J_1,A1ESSENTIAL,N
46721,J_1,A2EVIL,N
46721,J_1,A2CONSPIRACY,N
46721,J_1,A2HIDDENPOWER,N
46721,J_1,A2COLLECTIVEAGENDA,N
46721,J_1,A2CONTROLGOV,N
46721,J_1,A2CONTROLBANKS,N
46721,J_1,A2CONTROLMEDIA,N
46721,J_1,A2LOYALTY,N
46721,J_1,A2DISEASE,N
46721,J_1,A3WEALTH,N
46721,J_1,A3STINGY,N
46721,J_1,A3UNPATRIOTIC,N
46721,J_1,A3CARICATURE,N
46721,J_1,A3VIOLENCE,N
46721,J_1,A3SYNAGOGUE,N
46721,J_1,A3SWASTIKA,N
46721,J_1,A3DISCRIMINATION,N
27078,J_1,A1ESSENTIAL,N
27078,J_1,A2EVIL,N
27078,J_1,A2CONSPIRACY,N
27078,J_1,A2HIDDENPOWER,N
27078,J_1,A2COLLECTIVEAGENDA,N
27078,J_1,A2CONTROLGOV,N
27078,J_1,A2CONTROLBANKS,N
27078,J_1,A2CONTROLMEDIA,N
27078,J_1,A2LOYALTY,N
27078,J_1,A2DISEASE,N
27078,J_1,A3WEALTH,N
27078,J_1,A3STINGY,N
27078,J_1,A3UNPATRIOTIC,N
27078,J_1,A3CARICATURE,N
27078,J_1,A3VIOLENCE,N
27078,J_1,A3SYNAGOGUE,N
27078,J_1,A3SWASTIKA,N
27078,J_1,A3DISCRIMINATION,N
36849,J_1,A1ESSENTIAL,N
36849,J_1,A2EVIL,N
36849,J_1,A2CONSPIRACY,N
36849,J_1,A2HIDDENPOWER,N
36849,J_1,A2COLLECTIVEAGENDA,N
36849,J_1,A2CONTROLGOV,N
36849,J_1,A2CONTROLBANKS,N
36849,J_1,A2CONTROLMEDIA,N
36849,J_1,A2LOYALTY,N
36849,J_1,A2DISEASE,N
36849,J_1,A3WEALTH,N
36849,J_1,A3STINGY,N
36849,J_1,A3UNPATRIOTIC,N
36849,J_1,A3CARICATURE,N
36849,J_1,A3VIOLENCE,N
36849,J_1,A3SYNAGOGUE,N
36849,J_1,A3SWASTIKA,N
36849,J_1,A3DISCRIMINATION,N
37571,J_1,A1ESSENTIAL,N
37571,J_1,A2EVIL,N
37571,J_1,A2CONSPIRACY,N
37571,J_1,A2HIDDENPOWER,N
37571,J_1,A2COLLECTIVEAGENDA,N
37571,J_1,A2CONTROLGOV,N
37571,J_1,A2CONTROLBANKS,N
37571,J_1,A2CONTROLMEDIA,N
37571,J_1,A2LOYALTY,N
37571,J_1,A2DISEASE,N
37571,J_1,A3WEALTH,N
37571,J_1,A3STINGY,N
37571,J_1,A3UNPATRIOTIC,N
37571,J_1,A3CARICATURE,N
37571,J_1,A3VIOLENCE,N
37571,J_1,A3SYNAGOGUE,N
37571,J_1,A3SWASTIKA,N
37571,J_1,A3DISCRIMINATION,N
42641,J_1,A1ESSENTIAL,N
42641,J_1,A2EVIL,N
42641,J_1,A2CONSPIRACY,N
42641,J_1,A2HIDDENPOWER,N
42641,J_1,A2COLLECTIVEAGENDA,N
42641,J_1,A2CONTROLGOV,N
42641,J_1,A2CONTROLBANKS,N
42641,J_1,A2CONTROLMEDIA,N
42641,J_1,A2LOYALTY,N
42641,J_1,A2DISEASE,N
42641,J_1,A3WEALTH,N
42641,J_1,A3STINGY,N
42641,J_1,A3UNPATRIOTIC,N
42641,J_1,A3CARICATURE,N
42641,J_1,A3VIOLENCE,N
42641,J_1,A3SYNAGOGUE,N
42641,J_1,A3SWASTIKA,N
42641,J_1,A3DISCRIMINATION,N
30401,J_1,A1ESSENTIAL,N
30401,J_1,A2EVIL,N
30401,J_1,A2CONSPIRACY,N
30401,J_1,A2HIDDENPOWER,N
30401,J_1,A2COLLECTIVEAGENDA,N
30401,J_1,A2CONTROLGOV,N
30401,J_1,A2CONTROLBANKS,N
30401,J_1,A2CONTROLMEDIA,N
30401,J_1,A2LOYALTY,N
30401,J_1,A2DISEASE,N
30401,J_1,A3WEALTH,N
30401,J_1,A3STINGY,N
30401,J_1,A3UNPATRIOTIC,N
30401,J_1,A3CARICATURE,N
30401,J_1,A3VIOLENCE,N
30401,J_1,A3SYNAGOGUE,N
30401,J_1,A3SWASTIKA,N
30401,J_1,A3DISCRIMINATION,N
45166,J_1,A1ESSENTIAL,E
45166,J_1,A2EVIL,N
45166,J_1,A2CONSPIRACY,N
45166,J_1,A2HIDDENPOWER,N
45166,J_1,A2COLLECTIVEAGENDA,N
45166,J_1,A2CONTROLGOV,N
45166,J_1,A2CONTROLBANKS,N
45166,J_1,A2CONTROLMEDIA,N
45166,J_1,A2LOYALTY,N
45166,J_1,A2DISEASE,N
45166,J_1,A3WEALTH,N
45166,J_1,A3STINGY,N
45166,J_1,A3UNPATRIOTIC,N
45166,J_1,A3CARICATURE,N
45166,J_1,A3VIOLENCE,E
45166,J_1,A3SYNAGOGUE,N
45166,J_1,A3SWASTIKA,N
45166,J_1,A3DISCRIMINATION,N
4359,J_1,A1ESSENTIAL,N
4359,J_1,A2EVIL,N
4359,J_1,A2CONSPIRACY,I
4359,J_1,A2HIDDENPOWER,N
4359,J_1,A2COLLECTIVEAGENDA,N
4359,J_1,A2CONTROLGOV,N
4359,J_1,A2CONTROLBANKS,N
4359,J_1,A2CONTROLMEDIA,N
4359,J_1,A2LOYALTY,N
4359,J_1,A2DISEASE,N
4359,J_1,A3WEALTH,N
4359,J_1,A3STINGY,N
4359,J_1,A3UNPATRIOTIC,N
4359,J_1,A3CARICATURE,N
4359,J_1,A3VIOLENCE,N
4359,J_1,A3SYNAGOGUE,N
4359,J_1,A3SWASTIKA,N
4359,J_1,A3DISCRIMINATION,N
3224,J_1,A1ESSENTIAL,E
3224,J_1,A2EVIL,E
3224,J_1,A2CONSPIRACY,N
3224,J_1,A2HIDDENPOWER,N
3224,J_1,A2COLLECTIVEAGENDA,N
3224,J_1,A2CONTROLGOV,N
3224,J_1,A2CONTROLBANKS,N
3224,J_1,A2CONTROLMEDIA,N
3224,J_1,A2LOYALTY,N
3224,J_1,A2DISEASE,N
3224,J_1,A3WEALTH,N
3224,J_1,A3STINGY,N
3224,J_1,A3UNPATRIOTIC,N
3224,J_1,A3CARICATURE,N
3224,J_1,A3VIOLENCE,N
3224,J_1,A3SYNAGOGUE,N
3224,J_1,A3SWASTIKA,N
3224,J_1,A3DISCRIMINATION,N
40500,J_1,A1ESSENTIAL,N
40500,J_1,A2EVIL,N
40500,J_1,A2CONSPIRACY,I
40500,J_1,A2HIDDENPOWER,N
40500,J_1,A2COLLECTIVEAGENDA,N
40500,J_1,A2CONTROLGOV,N
40500,J_1,A2CONTROLBANKS,N
40500,J_1,A2CONTROLMEDIA,N
40500,J_1,A2LOYALTY,N
40500,J_1,A2DISEASE,N
40500,J_1,A3WEALTH,N
40500,J_1,A3STINGY,N
40500,J_1,A3UNPATRIOTIC,N
40500,J_1,A3CARICATURE,N
40500,J_1,A3VIOLENCE,N
40500,J_1,A3SYNAGOGUE,N
40500,J_1,A3SWASTIKA,N
40500,J_1,A3DISCRIMINATION,N
39792,J_1,A1ESSENTIAL,N
39792,J_1,A2EVIL,N
39792,J_1,A2CONSPIRACY,N
39792,J_1,A2HIDDENPOWER,N
39792,J_1,A2COLLECTIVEAGENDA,N
39792,J_1,A2CONTROLGOV,N
39792,J_1,A2CONTROLBANKS,N
39792,J_1,A2CONTROLMEDIA,N
39792,J_1,A2LOYALTY,N
39792,J_1,A2DISEASE,N
39792,J_1,A3WEALTH,N
39792,J_1,A3STINGY,N
39792,J_1,A3UNPATRIOTIC,N
39792,J_1,A3CARICATURE,N
39792,J_1,A3VIOLENCE,N
39792,J_1,A3SYNAGOGUE,N
39792,J_1,A3SWASTIKA,N
39792,J_1,A3DISCRIMINATION,N
24200,J_1,A1ESSENTIAL,N
24200,J_1,A2EVIL,N
24200,J_1,A2CONSPIRACY,N
24200,J_1,A2HIDDENPOWER,N
24200,J_1,A2COLLECTIVEAGENDA,N
24200,J_1,A2CONTROLGOV,N
24200,J_1,A2CONTROLBANKS,N
24200,J_1,A2CONTROLMEDIA,N
24200,J_1,A2LOYALTY,N
24200,J_1,A2DISEASE,N
24200,J_1,A3WEALTH,N
24200,J_1,A3STINGY,N
24200,J_1,A3UNPATRIOTIC,N
24200,J_1,A3CARICATURE,N
24200,J_1,A3VIOLENCE,N
24200,J_1,A3SYNAGOGUE,N
24200,J_1,A3SWASTIKA,N
24200,J_1,A3DISCRIMINATION,N
42622,J_1,A1ESSENTIAL,I
42622,J_1,A2EVIL,I
42622,J_1,A2CONSPIRACY,I
42622,J_1,A2HIDDENPOWER,N
42622,J_1,A2COLLECTIVEAGENDA,I
42622,J_1,A2CONTROLGOV,N
42622,J_1,A2CONTROLBANKS,N
42622,J_1,A2CONTROLMEDIA,N
42622,J_1,A2LOYALTY,N
42622,J_1,A2DISEASE,I
42622,J_1,A3WEALTH,N
42622,J_1,A3STINGY,N
42622,J_1,A3UNPATRIOTIC,N
42622,J_1,A3CARICATURE,N
42622,J_1,A3VIOLENCE,I
42622,J_1,A3SYNAGOGUE,N
42622,J_1,A3SWASTIKA,N
42622,J_1,A3DISCRIMINATION,N
11665,J_1,A1ESSENTIAL,A
11665,J_1,A2EVIL,A
11665,J_1,A2CONSPIRACY,N
11665,J_1,A2HIDDENPOWER,N
11665,J_1,A2COLLECTIVEAGENDA,N
11665,J_1,A2CONTROLGOV,N
11665,J_1,A2CONTROLBANKS,N
11665,J_1,A2CONTROLMEDIA,N
11665,J_1,A2LOYALTY,N
11665,J_1,A2DISEASE,N
11665,J_1,A3WEALTH,N
11665,J_1,A3STINGY,N
11665,J_1,A3UNPATRIOTIC,N
11665,J_1,A3CARICATURE,N
11665,J_1,A3VIOLENCE,N
11665,J_1,A3SYNAGOGUE,N
11665,J_1,A3SWASTIKA,N
11665,J_1,A3DISCRIMINATION,N
34209,J_1,A1ESSENTIAL,N
34209,J_1,A2EVIL,N
34209,J_1,A2CONSPIRACY,N
34209,J_1,A2HIDDENPOWER,N
34209,J_1,A2COLLECTIVEAGENDA,N
34209,J_1,A2CONTROLGOV,N
34209,J_1,A2CONTROLBANKS,N
34209,J_1,A2CONTROLMEDIA,N
34209,J_1,A2LOYALTY,N
34209,J_1,A2DISEASE,N
34209,J_1,A3WEALTH,N
34209,J_1,A3STINGY,N
34209,J_1,A3UNPATRIOTIC,N
34209,J_1,A3CARICATURE,N
34209,J_1,A3VIOLENCE,N
34209,J_1,A3SYNAGOGUE,N
34209,J_1,A3SWASTIKA,N
34209,J_1,A3DISCRIMINATION,N
48389,J_1,A1ESSENTIAL,N
48389,J_1,A2EVIL,N
48389,J_1,A2CONSPIRACY,N
48389,J_1,A2HIDDENPOWER,N
48389,J_1,A2COLLECTIVEAGENDA,N
48389,J_1,A2CONTROLGOV,N
48389,J_1,A2CONTROLBANKS,N
48389,J_1,A2CONTROLMEDIA,N
48389,J_1,A2LOYALTY,N
48389,J_1,A2DISEASE,N
48389,J_1,A3WEALTH,N
48389,J_1,A3STINGY,N
48389,J_1,A3UNPATRIOTIC,N
48389,J_1,A3CARICATURE,N
48389,J_1,A3VIOLENCE,N
48389,J_1,A3SYNAGOGUE,N
48389,J_1,A3SWASTIKA,N
48389,J_1,A3DISCRIMINATION,N
46958,J_1,A1ESSENTIAL,N
46958,J_1,A2EVIL,N
46958,J_1,A2CONSPIRACY,N
46958,J_1,A2HIDDENPOWER,N
46958,J_1,A2COLLECTIVEAGENDA,N
46958,J_1,A2CONTROLGOV,N
46958,J_1,A2CONTROLBANKS,N
46958,J_1,A2CONTROLMEDIA,N
46958,J_1,A2LOYALTY,N
46958,J_1,A2DISEASE,N
46958,J_1,A3WEALTH,N
46958,J_1,A3STINGY,N
46958,J_1,A3UNPATRIOTIC,N
46958,J_1,A3CARICATURE,N
46958,J_1,A3VIOLENCE,N
46958,J_1,A3SYNAGOGUE,N
46958,J_1,A3SWASTIKA,N
46958,J_1,A3DISCRIMINATION,N
5834,J_1,A1ESSENTIAL,N
5834,J_1,A2EVIL,N
5834,J_1,A2CONSPIRACY,N
5834,J_1,A2HIDDENPOWER,N
5834,J_1,A2COLLECTIVEAGENDA,N
5834,J_1,A2CONTROLGOV,N
5834,J_1,A2CONTROLBANKS,N
5834,J_1,A2CONTROLMEDIA,N
5834,J_1,A2LOYALTY,N
5834,J_1,A2DISEASE,N
5834,J_1,A3WEALTH,N
5834,J_1,A3STINGY,N
5834,J_1,A3UNPATRIOTIC,N
5834,J_1,A3CARICATURE,N
5834,J_1,A3VIOLENCE,N
5834,J_1,A3SYNAGOGUE,N
5834,J_1,A3SWASTIKA,N
5834,J_1,A3DISCRIMINATION,N
45566,J_1,A1ESSENTIAL,N
45566,J_1,A2EVIL,N
45566,J_1,A2CONSPIRACY,N
45566,J_1,A2HIDDENPOWER,N
45566,J_1,A2COLLECTIVEAGENDA,N
45566,J_1,A2CONTROLGOV,N
45566,J_1,A2CONTROLBANKS,N
45566,J_1,A2CONTROLMEDIA,N
45566,J_1,A2LOYALTY,N
45566,J_1,A2DISEASE,N
45566,J_1,A3WEALTH,N
45566,J_1,A3STINGY,N
45566,J_1,A3UNPATRIOTIC,N
45566,J_1,A3CARICATURE,N
45566,J_1,A3VIOLENCE,N
45566,J_1,A3SYNAGOGUE,N
45566,J_1,A3SWASTIKA,N
45566,J_1,A3DISCRIMINATION,N
6075,J_1,A1ESSENTIAL,N
6075,J_1,A2EVIL,N
6075,J_1,A2CONSPIRACY,N
6075,J_1,A2HIDDENPOWER,N
6075,J_1,A2COLLECTIVEAGENDA,N
6075,J_1,A2CONTROLGOV,N
6075,J_1,A2CONTROLBANKS,N
6075,J_1,A2CONTROLMEDIA,N
6075,J_1,A2LOYALTY,N
6075,J_1,A2DISEASE,N
6075,J_1,A3WEALTH,N
6075,J_1,A3STINGY,N
6075,J_1,A3UNPATRIOTIC,N
6075,J_1,A3CARICATURE,N
6075,J_1,A3VIOLENCE,N
6075,J_1,A3SYNAGOGUE,N
6075,J_1,A3SWASTIKA,N
6075,J_1,A3DISCRIMINATION,N
32628,J_1,A1ESSENTIAL,N
32628,J_1,A2EVIL,N
32628,J_1,A2CONSPIRACY,N
32628,J_1,A2HIDDENPOWER,N
32628,J_1,A2COLLECTIVEAGENDA,N
32628,J_1,A2CONTROLGOV,N
32628,J_1,A2CONTROLBANKS,N
32628,J_1,A2CONTROLMEDIA,N
32628,J_1,A2LOYALTY,N
32628,J_1,A2DISEASE,N
32628,J_1,A3WEALTH,N
32628,J_1,A3STINGY,N
32628,J_1,A3UNPATRIOTIC,N
32628,J_1,A3CARICATURE,N
32628,J_1,A3VIOLENCE,N
32628,J_1,A3SYNAGOGUE,N
32628,J_1,A3SWASTIKA,N
32628,J_1,A3DISCRIMINATION,N
42897,J_1,A1ESSENTIAL,N
42897,J_1,A2EVIL,N
42897,J_1,A2CONSPIRACY,N
42897,J_1,A2HIDDENPOWER,N
42897,J_1,A2COLLECTIVEAGENDA,N
42897,J_1,A2CONTROLGOV,N
42897,J_1,A2CONTROLBANKS,N
42897,J_1,A2CONTROLMEDIA,N
42897,J_1,A2LOYALTY,N
42897,J_1,A2DISEASE,N
42897,J_1,A3WEALTH,N
42897,J_1,A3STINGY,N
42897,J_1,A3UNPATRIOTIC,N
42897,J_1,A3CARICATURE,N
42897,J_1,A3VIOLENCE,N
42897,J_1,A3SYNAGOGUE,N
42897,J_1,A3SWASTIKA,N
42897,J_1,A3DISCRIMINATION,N
25695,J_1,A1ESSENTIAL,N
25695,J_1,A2EVIL,N
25695,J_1,A2CONSPIRACY,N
25695,J_1,A2HIDDENPOWER,N
25695,J_1,A2COLLECTIVEAGENDA,N
25695,J_1,A2CONTROLGOV,N
25695,J_1,A2CONTROLBANKS,N
25695,J_1,A2CONTROLMEDIA,N
25695,J_1,A2LOYALTY,N
25695,J_1,A2DISEASE,N
25695,J_1,A3WEALTH,N
25695,J_1,A3STINGY,N
25695,J_1,A3UNPATRIOTIC,N
25695,J_1,A3CARICATURE,N
25695,J_1,A3VIOLENCE,N
25695,J_1,A3SYNAGOGUE,N
25695,J_1,A3SWASTIKA,N
25695,J_1,A3DISCRIMINATION,N
37390,J_1,A1ESSENTIAL,N
37390,J_1,A2EVIL,N
37390,J_1,A2CONSPIRACY,N
37390,J_1,A2HIDDENPOWER,N
37390,J_1,A2COLLECTIVEAGENDA,N
37390,J_1,A2CONTROLGOV,N
37390,J_1,A2CONTROLBANKS,N
37390,J_1,A2CONTROLMEDIA,N
37390,J_1,A2LOYALTY,N
37390,J_1,A2DISEASE,N
37390,J_1,A3WEALTH,N
37390,J_1,A3STINGY,N
37390,J_1,A3UNPATRIOTIC,N
37390,J_1,A3CARICATURE,N
37390,J_1,A3VIOLENCE,N
37390,J_1,A3SYNAGOGUE,N
37390,J_1,A3SWASTIKA,N
37390,J_1,A3DISCRIMINATION,N
10940,J_1,A1ESSENTIAL,N
10940,J_1,A2EVIL,N
10940,J_1,A2CONSPIRACY,N
10940,J_1,A2HIDDENPOWER,N
10940,J_1,A2COLLECTIVEAGENDA,N
10940,J_1,A2CONTROLGOV,N
10940,J_1,A2CONTROLBANKS,N
10940,J_1,A2CONTROLMEDIA,N
10940,J_1,A2LOYALTY,N
10940,J_1,A2DISEASE,N
10940,J_1,A3WEALTH,N
10940,J_1,A3STINGY,N
10940,J_1,A3UNPATRIOTIC,N
10940,J_1,A3CARICATURE,N
10940,J_1,A3VIOLENCE,N
10940,J_1,A3SYNAGOGUE,N
10940,J_1,A3SWASTIKA,N
10940,J_1,A3DISCRIMINATION,N
15624,J_1,A1ESSENTIAL,N
15624,J_1,A2EVIL,N
15624,J_1,A2CONSPIRACY,N
15624,J_1,A2HIDDENPOWER,N
15624,J_1,A2COLLECTIVEAGENDA,N
15624,J_1,A2CONTROLGOV,N
15624,J_1,A2CONTROLBANKS,N
15624,J_1,A2CONTROLMEDIA,N
15624,J_1,A2LOYALTY,N
15624,J_1,A2DISEASE,N
15624,J_1,A3WEALTH,N
15624,J_1,A3STINGY,N
15624,J_1,A3UNPATRIOTIC,N
15624,J_1,A3CARICATURE,N
15624,J_1,A3VIOLENCE,N
15624,J_1,A3SYNAGOGUE,N
15624,J_1,A3SWASTIKA,N
15624,J_1,A3DISCRIMINATION,N
3839,J_1,A1ESSENTIAL,A
3839,J_1,A2EVIL,N
3839,J_1,A2CONSPIRACY,N
3839,J_1,A2HIDDENPOWER,N
3839,J_1,A2COLLECTIVEAGENDA,N
3839,J_1,A2CONTROLGOV,N
3839,J_1,A2CONTROLBANKS,N
3839,J_1,A2CONTROLMEDIA,N
3839,J_1,A2LOYALTY,N
3839,J_1,A2DISEASE,N
3839,J_1,A3WEALTH,N
3839,J_1,A3STINGY,N
3839,J_1,A3UNPATRIOTIC,N
3839,J_1,A3CARICATURE,N
3839,J_1,A3VIOLENCE,A
3839,J_1,A3SYNAGOGUE,N
3839,J_1,A3SWASTIKA,N
3839,J_1,A3DISCRIMINATION,N
35420,J_1,A1ESSENTIAL,N
35420,J_1,A2EVIL,N
35420,J_1,A2CONSPIRACY,N
35420,J_1,A2HIDDENPOWER,N
35420,J_1,A2COLLECTIVEAGENDA,N
35420,J_1,A2CONTROLGOV,N
35420,J_1,A2CONTROLBANKS,N
35420,J_1,A2CONTROLMEDIA,N
35420,J_1,A2LOYALTY,N
35420,J_1,A2DISEASE,N
35420,J_1,A3WEALTH,N
35420,J_1,A3STINGY,N
35420,J_1,A3UNPATRIOTIC,N
35420,J_1,A3CARICATURE,N
35420,J_1,A3VIOLENCE,N
35420,J_1,A3SYNAGOGUE,N
35420,J_1,A3SWASTIKA,N
35420,J_1,A3DISCRIMINATION,N
11339,J_1,A1ESSENTIAL,N
11339,J_1,A2EVIL,N
11339,J_1,A2CONSPIRACY,N
11339,J_1,A2HIDDENPOWER,N
11339,J_1,A2COLLECTIVEAGENDA,N
11339,J_1,A2CONTROLGOV,N
11339,J_1,A2CONTROLBANKS,N
11339,J_1,A2CONTROLMEDIA,N
11339,J_1,A2LOYALTY,N
11339,J_1,A2DISEASE,N
11339,J_1,A3WEALTH,N
11339,J_1,A3STINGY,N
11339,J_1,A3UNPATRIOTIC,N
11339,J_1,A3CARICATURE,N
11339,J_1,A3VIOLENCE,N
11339,J_1,A3SYNAGOGUE,N
11339,J_1,A3SWASTIKA,N
11339,J_1,A3DISCRIMINATION,N
24055,J_1,A1ESSENTIAL,N
24055,J_1,A2EVIL,N
24055,J_1,A2CONSPIRACY,N
24055,J_1,A2HIDDENPOWER,N
24055,J_1,A2COLLECTIVEAGENDA,N
24055,J_1,A2CONTROLGOV,N
24055,J_1,A2CONTROLBANKS,N
24055,J_1,A2CONTROLMEDIA,N
24055,J_1,A2LOYALTY,N
24055,J_1,A2DISEASE,N
24055,J_1,A3WEALTH,N
24055,J_1,A3STINGY,N
24055,J_1,A3UNPATRIOTIC,N
24055,J_1,A3CARICATURE,N
24055,J_1,A3VIOLENCE,N
24055,J_1,A3SYNAGOGUE,N
24055,J_1,A3SWASTIKA,N
24055,J_1,A3DISCRIMINATION,N
7085,J_1,A1ESSENTIAL,N
7085,J_1,A2EVIL,N
7085,J_1,A2CONSPIRACY,N
7085,J_1,A2HIDDENPOWER,N
7085,J_1,A2COLLECTIVEAGENDA,N
7085,J_1,A2CONTROLGOV,N
7085,J_1,A2CONTROLBANKS,N
7085,J_1,A2CONTROLMEDIA,N
7085,J_1,A2LOYALTY,N
7085,J_1,A2DISEASE,N
7085,J_1,A3WEALTH,N
7085,J_1,A3STINGY,N
7085,J_1,A3UNPATRIOTIC,N
7085,J_1,A3CARICATURE,N
7085,J_1,A3VIOLENCE,N
7085,J_1,A3SYNAGOGUE,N
7085,J_1,A3SWASTIKA,N
7085,J_1,A3DISCRIMINATION,N
31907,J_1,A1ESSENTIAL,N
31907,J_1,A2EVIL,N
31907,J_1,A2CONSPIRACY,N
31907,J_1,A2HIDDENPOWER,N
31907,J_1,A2COLLECTIVEAGENDA,N
31907,J_1,A2CONTROLGOV,N
31907,J_1,A2CONTROLBANKS,N
31907,J_1,A2CONTROLMEDIA,N
31907,J_1,A2LOYALTY,N
31907,J_1,A2DISEASE,N
31907,J_1,A3WEALTH,N
31907,J_1,A3STINGY,N
31907,J_1,A3UNPATRIOTIC,N
31907,J_1,A3CARICATURE,N
31907,J_1,A3VIOLENCE,N
31907,J_1,A3SYNAGOGUE,N
31907,J_1,A3SWASTIKA,N
31907,J_1,A3DISCRIMINATION,N
9758,J_1,A1ESSENTIAL,N
9758,J_1,A2EVIL,N
9758,J_1,A2CONSPIRACY,N
9758,J_1,A2HIDDENPOWER,N
9758,J_1,A2COLLECTIVEAGENDA,N
9758,J_1,A2CONTROLGOV,N
9758,J_1,A2CONTROLBANKS,N
9758,J_1,A2CONTROLMEDIA,N
9758,J_1,A2LOYALTY,N
9758,J_1,A2DISEASE,N
9758,J_1,A3WEALTH,N
9758,J_1,A3STINGY,N
9758,J_1,A3UNPATRIOTIC,N
9758,J_1,A3CARICATURE,N
9758,J_1,A3VIOLENCE,N
9758,J_1,A3SYNAGOGUE,N
9758,J_1,A3SWASTIKA,N
9758,J_1,A3DISCRIMINATION,N
11782,J_1,A1ESSENTIAL,N
11782,J_1,A2EVIL,N
11782,J_1,A2CONSPIRACY,N
11782,J_1,A2HIDDENPOWER,N
11782,J_1,A2COLLECTIVEAGENDA,N
11782,J_1,A2CONTROLGOV,N
11782,J_1,A2CONTROLBANKS,N
11782,J_1,A2CONTROLMEDIA,N
11782,J_1,A2LOYALTY,N
11782,J_1,A2DISEASE,N
11782,J_1,A3WEALTH,N
11782,J_1,A3STINGY,N
11782,J_1,A3UNPATRIOTIC,N
11782,J_1,A3CARICATURE,N
11782,J_1,A3VIOLENCE,N
11782,J_1,A3SYNAGOGUE,N
11782,J_1,A3SWASTIKA,N
11782,J_1,A3DISCRIMINATION,N
11727,J_1,A1ESSENTIAL,N
11727,J_1,A2EVIL,N
11727,J_1,A2CONSPIRACY,N
11727,J_1,A2HIDDENPOWER,N
11727,J_1,A2COLLECTIVEAGENDA,N
11727,J_1,A2CONTROLGOV,N
11727,J_1,A2CONTROLBANKS,N
11727,J_1,A2CONTROLMEDIA,N
11727,J_1,A2LOYALTY,N
11727,J_1,A2DISEASE,N
11727,J_1,A3WEALTH,N
11727,J_1,A3STINGY,N
11727,J_1,A3UNPATRIOTIC,N
11727,J_1,A3CARICATURE,N
11727,J_1,A3VIOLENCE,N
11727,J_1,A3SYNAGOGUE,N
11727,J_1,A3SWASTIKA,N
11727,J_1,A3DISCRIMINATION,N
42503,J_1,A1ESSENTIAL,N
42503,J_1,A2EVIL,N
42503,J_1,A2CONSPIRACY,N
42503,J_1,A2HIDDENPOWER,N
42503,J_1,A2COLLECTIVEAGENDA,N
42503,J_1,A2CONTROLGOV,N
42503,J_1,A2CONTROLBANKS,N
42503,J_1,A2CONTROLMEDIA,N
42503,J_1,A2LOYALTY,N
42503,J_1,A2DISEASE,N
42503,J_1,A3WEALTH,N
42503,J_1,A3STINGY,N
42503,J_1,A3UNPATRIOTIC,N
42503,J_1,A3CARICATURE,N
42503,J_1,A3VIOLENCE,N
42503,J_1,A3SYNAGOGUE,N
42503,J_1,A3SWASTIKA,N
42503,J_1,A3DISCRIMINATION,N
10174,J_1,A1ESSENTIAL,N
10174,J_1,A2EVIL,N
10174,J_1,A2CONSPIRACY,N
10174,J_1,A2HIDDENPOWER,N
10174,J_1,A2COLLECTIVEAGENDA,N
10174,J_1,A2CONTROLGOV,N
10174,J_1,A2CONTROLBANKS,N
10174,J_1,A2CONTROLMEDIA,N
10174,J_1,A2LOYALTY,N
10174,J_1,A2DISEASE,N
10174,J_1,A3WEALTH,N
10174,J_1,A3STINGY,N
10174,J_1,A3UNPATRIOTIC,N
10174,J_1,A3CARICATURE,N
10174,J_1,A3VIOLENCE,N
10174,J_1,A3SYNAGOGUE,N
10174,J_1,A3SWASTIKA,N
10174,J_1,A3DISCRIMINATION,N
42920,J_1,A1ESSENTIAL,E
42920,J_1,A2EVIL,N
42920,J_1,A2CONSPIRACY,I
42920,J_1,A2HIDDENPOWER,I
42920,J_1,A2COLLECTIVEAGENDA,E
42920,J_1,A2CONTROLGOV,E
42920,J_1,A2CONTROLBANKS,E
42920,J_1,A2CONTROLMEDIA,E
42920,J_1,A2LOYALTY,N
42920,J_1,A2DISEASE,N
42920,J_1,A3WEALTH,N
42920,J_1,A3STINGY,N
42920,J_1,A3UNPATRIOTIC,N
42920,J_1,A3CARICATURE,N
42920,J_1,A3VIOLENCE,N
42920,J_1,A3SYNAGOGUE,N
42920,J_1,A3SWASTIKA,N
42920,J_1,A3DISCRIMINATION,N
5416,J_1,A1ESSENTIAL,A
5416,J_1,A2EVIL,N
5416,J_1,A2CONSPIRACY,N
5416,J_1,A2HIDDENPOWER,N
5416,J_1,A2COLLECTIVEAGENDA,N
5416,J_1,A2CONTROLGOV,N
5416,J_1,A2CONTROLBANKS,N
5416,J_1,A2CONTROLMEDIA,N
5416,J_1,A2LOYALTY,N
5416,J_1,A2DISEASE,N
5416,J_1,A3WEALTH,N
5416,J_1,A3STINGY,N
5416,J_1,A3UNPATRIOTIC,N
5416,J_1,A3CARICATURE,N
5416,J_1,A3VIOLENCE,N
5416,J_1,A3SYNAGOGUE,N
5416,J_1,A3SWASTIKA,N
5416,J_1,A3DISCRIMINATION,N
25549,J_1,A1ESSENTIAL,N
25549,J_1,A2EVIL,N
25549,J_1,A2CONSPIRACY,N
25549,J_1,A2HIDDENPOWER,N
25549,J_1,A2COLLECTIVEAGENDA,N
25549,J_1,A2CONTROLGOV,N
25549,J_1,A2CONTROLBANKS,N
25549,J_1,A2CONTROLMEDIA,N
25549,J_1,A2LOYALTY,N
25549,J_1,A2DISEASE,N
25549,J_1,A3WEALTH,N
25549,J_1,A3STINGY,N
25549,J_1,A3UNPATRIOTIC,N
25549,J_1,A3CARICATURE,N
25549,J_1,A3VIOLENCE,N
25549,J_1,A3SYNAGOGUE,N
25549,J_1,A3SWASTIKA,N
25549,J_1,A3DISCRIMINATION,N
7535,J_1,A1ESSENTIAL,N
7535,J_1,A2EVIL,I
7535,J_1,A2CONSPIRACY,E
7535,J_1,A2HIDDENPOWER,I
7535,J_1,A2COLLECTIVEAGENDA,I
7535,J_1,A2CONTROLGOV,N
7535,J_1,A2CONTROLBANKS,N
7535,J_1,A2CONTROLMEDIA,N
7535,J_1,A2LOYALTY,N
7535,J_1,A2DISEASE,N
7535,J_1,A3WEALTH,N
7535,J_1,A3STINGY,N
7535,J_1,A3UNPATRIOTIC,N
7535,J_1,A3CARICATURE,N
7535,J_1,A3VIOLENCE,N
7535,J_1,A3SYNAGOGUE,N
7535,J_1,A3SWASTIKA,N
7535,J_1,A3DISCRIMINATION,N
49971,J_1,A1ESSENTIAL,N
49971,J_1,A2EVIL,I
49971,J_1,A2CONSPIRACY,N
49971,J_1,A2HIDDENPOWER,N
49971,J_1,A2COLLECTIVEAGENDA,N
49971,J_1,A2CONTROLGOV,N
49971,J_1,A2CONTROLBANKS,N
49971,J_1,A2CONTROLMEDIA,N
49971,J_1,A2LOYALTY,N
49971,J_1,A2DISEASE,N
49971,J_1,A3WEALTH,N
49971,J_1,A3STINGY,N
49971,J_1,A3UNPATRIOTIC,N
49971,J_1,A3CARICATURE,N
49971,J_1,A3VIOLENCE,N
49971,J_1,A3SYNAGOGUE,N
49971,J_1,A3SWASTIKA,N
49971,J_1,A3DISCRIMINATION,N
40120,J_1,A1ESSENTIAL,N
40120,J_1,A2EVIL,N
40120,J_1,A2CONSPIRACY,N
40120,J_1,A2HIDDENPOWER,N
40120,J_1,A2COLLECTIVEAGENDA,N
40120,J_1,A2CONTROLGOV,N
40120,J_1,A2CONTROLBANKS,N
40120,J_1,A2CONTROLMEDIA,N
40120,J_1,A2LOYALTY,N
40120,J_1,A2DISEASE,N
40120,J_1,A3WEALTH,N
40120,J_1,A3STINGY,N
40120,J_1,A3UNPATRIOTIC,N
40120,J_1,A3CARICATURE,N
40120,J_1,A3VIOLENCE,N
40120,J_1,A3SYNAGOGUE,N
40120,J_1,A3SWASTIKA,N
40120,J_1,A3DISCRIMINATION,N
12106,J_1,A1ESSENTIAL,N
12106,J_1,A2EVIL,N
12106,J_1,A2CONSPIRACY,N
12106,J_1,A2HIDDENPOWER,N
12106,J_1,A2COLLECTIVEAGENDA,N
12106,J_1,A2CONTROLGOV,N
12106,J_1,A2CONTROLBANKS,N
12106,J_1,A2CONTROLMEDIA,N
12106,J_1,A2LOYALTY,N
12106,J_1,A2DISEASE,N
12106,J_1,A3WEALTH,N
12106,J_1,A3STINGY,N
12106,J_1,A3UNPATRIOTIC,N
12106,J_1,A3CARICATURE,N
12106,J_1,A3VIOLENCE,N
12106,J_1,A3SYNAGOGUE,N
12106,J_1,A3SWASTIKA,N
12106,J_1,A3DISCRIMINATION,N
13273,J_1,A1ESSENTIAL,A
13273,J_1,A2EVIL,N
13273,J_1,A2CONSPIRACY,N
13273,J_1,A2HIDDENPOWER,N
13273,J_1,A2COLLECTIVEAGENDA,N
13273,J_1,A2CONTROLGOV,N
13273,J_1,A2CONTROLBANKS,N
13273,J_1,A2CONTROLMEDIA,N
13273,J_1,A2LOYALTY,N
13273,J_1,A2DISEASE,N
13273,J_1,A3WEALTH,N
13273,J_1,A3STINGY,N
13273,J_1,A3UNPATRIOTIC,N
13273,J_1,A3CARICATURE,N
13273,J_1,A3VIOLENCE,N
13273,J_1,A3SYNAGOGUE,N
13273,J_1,A3SWASTIKA,N
13273,J_1,A3DISCRIMINATION,N
3677,J_1,A1ESSENTIAL,N
3677,J_1,A2EVIL,N
3677,J_1,A2CONSPIRACY,N
3677,J_1,A2HIDDENPOWER,N
3677,J_1,A2COLLECTIVEAGENDA,N
3677,J_1,A2CONTROLGOV,N
3677,J_1,A2CONTROLBANKS,N
3677,J_1,A2CONTROLMEDIA,N
3677,J_1,A2LOYALTY,N
3677,J_1,A2DISEASE,N
3677,J_1,A3WEALTH,N
3677,J_1,A3STINGY,N
3677,J_1,A3UNPATRIOTIC,N
3677,J_1,A3CARICATURE,N
3677,J_1,A3VIOLENCE,N
3677,J_1,A3SYNAGOGUE,N
3677,J_1,A3SWASTIKA,N
3677,J_1,A3DISCRIMINATION,N
18866,J_1,A1ESSENTIAL,N
18866,J_1,A2EVIL,N
18866,J_1,A2CONSPIRACY,N
18866,J_1,A2HIDDENPOWER,N
18866,J_1,A2COLLECTIVEAGENDA,N
18866,J_1,A2CONTROLGOV,N
18866,J_1,A2CONTROLBANKS,N
18866,J_1,A2CONTROLMEDIA,N
18866,J_1,A2LOYALTY,N
18866,J_1,A2DISEASE,N
18866,J_1,A3WEALTH,N
18866,J_1,A3STINGY,N
18866,J_1,A3UNPATRIOTIC,N
18866,J_1,A3CARICATURE,N
18866,J_1,A3VIOLENCE,N
18866,J_1,A3SYNAGOGUE,N
18866,J_1,A3SWASTIKA,N
18866,J_1,A3DISCRIMINATION,N
34163,J_1,A1ESSENTIAL,N
34163,J_1,A2EVIL,N
34163,J_1,A2CONSPIRACY,N
34163,J_1,A2HIDDENPOWER,N
34163,J_1,A2COLLECTIVEAGENDA,N
34163,J_1,A2CONTROLGOV,N
34163,J_1,A2CONTROLBANKS,N
34163,J_1,A2CONTROLMEDIA,N
34163,J_1,A2LOYALTY,N
34163,J_1,A2DISEASE,N
34163,J_1,A3WEALTH,N
34163,J_1,A3STINGY,N
34163,J_1,A3UNPATRIOTIC,N
34163,J_1,A3CARICATURE,N
34163,J_1,A3VIOLENCE,N
34163,J_1,A3SYNAGOGUE,N
34163,J_1,A3SWASTIKA,N
34163,J_1,A3DISCRIMINATION,N
30714,J_1,A1ESSENTIAL,N
30714,J_1,A2EVIL,N
30714,J_1,A2CONSPIRACY,N
30714,J_1,A2HIDDENPOWER,N
30714,J_1,A2COLLECTIVEAGENDA,N
30714,J_1,A2CONTROLGOV,N
30714,J_1,A2CONTROLBANKS,N
30714,J_1,A2CONTROLMEDIA,N
30714,J_1,A2LOYALTY,N
30714,J_1,A2DISEASE,N
30714,J_1,A3WEALTH,N
30714,J_1,A3STINGY,N
30714,J_1,A3UNPATRIOTIC,N
30714,J_1,A3CARICATURE,N
30714,J_1,A3VIOLENCE,N
30714,J_1,A3SYNAGOGUE,N
30714,J_1,A3SWASTIKA,N
30714,J_1,A3DISCRIMINATION,N
31447,J_1,A1ESSENTIAL,N
31447,J_1,A2EVIL,N
31447,J_1,A2CONSPIRACY,N
31447,J_1,A2HIDDENPOWER,N
31447,J_1,A2COLLECTIVEAGENDA,N
31447,J_1,A2CONTROLGOV,N
31447,J_1,A2CONTROLBANKS,N
31447,J_1,A2CONTROLMEDIA,N
31447,J_1,A2LOYALTY,N
31447,J_1,A2DISEASE,N
31447,J_1,A3WEALTH,N
31447,J_1,A3STINGY,N
31447,J_1,A3UNPATRIOTIC,N
31447,J_1,A3CARICATURE,N
31447,J_1,A3VIOLENCE,N
31447,J_1,A3SYNAGOGUE,N
31447,J_1,A3SWASTIKA,N
31447,J_1,A3DISCRIMINATION,N
11456,J_1,A1ESSENTIAL,N
11456,J_1,A2EVIL,N
11456,J_1,A2CONSPIRACY,N
11456,J_1,A2HIDDENPOWER,N
11456,J_1,A2COLLECTIVEAGENDA,N
11456,J_1,A2CONTROLGOV,N
11456,J_1,A2CONTROLBANKS,N
11456,J_1,A2CONTROLMEDIA,N
11456,J_1,A2LOYALTY,N
11456,J_1,A2DISEASE,N
11456,J_1,A3WEALTH,N
11456,J_1,A3STINGY,N
11456,J_1,A3UNPATRIOTIC,N
11456,J_1,A3CARICATURE,N
11456,J_1,A3VIOLENCE,N
11456,J_1,A3SYNAGOGUE,N
11456,J_1,A3SWASTIKA,N
11456,J_1,A3DISCRIMINATION,N
24986,J_1,A1ESSENTIAL,N
24986,J_1,A2EVIL,N
24986,J_1,A2CONSPIRACY,N
24986,J_1,A2HIDDENPOWER,N
24986,J_1,A2COLLECTIVEAGENDA,N
24986,J_1,A2CONTROLGOV,N
24986,J_1,A2CONTROLBANKS,N
24986,J_1,A2CONTROLMEDIA,N
24986,J_1,A2LOYALTY,N
24986,J_1,A2DISEASE,N
24986,J_1,A3WEALTH,N
24986,J_1,A3STINGY,N
24986,J_1,A3UNPATRIOTIC,N
24986,J_1,A3CARICATURE,N
24986,J_1,A3VIOLENCE,N
24986,J_1,A3SYNAGOGUE,N
24986,J_1,A3SWASTIKA,N
24986,J_1,A3DISCRIMINATION,N
41849,J_1,A1ESSENTIAL,N
41849,J_1,A2EVIL,N
41849,J_1,A2CONSPIRACY,N
41849,J_1,A2HIDDENPOWER,N
41849,J_1,A2COLLECTIVEAGENDA,N
41849,J_1,A2CONTROLGOV,N
41849,J_1,A2CONTROLBANKS,N
41849,J_1,A2CONTROLMEDIA,N
41849,J_1,A2LOYALTY,N
41849,J_1,A2DISEASE,N
41849,J_1,A3WEALTH,N
41849,J_1,A3STINGY,N
41849,J_1,A3UNPATRIOTIC,N
41849,J_1,A3CARICATURE,N
41849,J_1,A3VIOLENCE,N
41849,J_1,A3SYNAGOGUE,N
41849,J_1,A3SWASTIKA,N
41849,J_1,A3DISCRIMINATION,N
16663,J_1,A1ESSENTIAL,N
16663,J_1,A2EVIL,N
16663,J_1,A2CONSPIRACY,N
16663,J_1,A2HIDDENPOWER,N
16663,J_1,A2COLLECTIVEAGENDA,N
16663,J_1,A2CONTROLGOV,N
16663,J_1,A2CONTROLBANKS,N
16663,J_1,A2CONTROLMEDIA,N
16663,J_1,A2LOYALTY,N
16663,J_1,A2DISEASE,N
16663,J_1,A3WEALTH,N
16663,J_1,A3STINGY,N
16663,J_1,A3UNPATRIOTIC,N
16663,J_1,A3CARICATURE,N
16663,J_1,A3VIOLENCE,N
16663,J_1,A3SYNAGOGUE,N
16663,J_1,A3SWASTIKA,N
16663,J_1,A3DISCRIMINATION,N
49996,J_1,A1ESSENTIAL,I
49996,J_1,A2EVIL,I
49996,J_1,A2CONSPIRACY,N
49996,J_1,A2HIDDENPOWER,N
49996,J_1,A2COLLECTIVEAGENDA,N
49996,J_1,A2CONTROLGOV,N
49996,J_1,A2CONTROLBANKS,N
49996,J_1,A2CONTROLMEDIA,N
49996,J_1,A2LOYALTY,N
49996,J_1,A2DISEASE,N
49996,J_1,A3WEALTH,N
49996,J_1,A3STINGY,N
49996,J_1,A3UNPATRIOTIC,N
49996,J_1,A3CARICATURE,N
49996,J_1,A3VIOLENCE,N
49996,J_1,A3SYNAGOGUE,N
49996,J_1,A3SWASTIKA,N
49996,J_1,A3DISCRIMINATION,N
16607,J_1,A1ESSENTIAL,N
16607,J_1,A2EVIL,N
16607,J_1,A2CONSPIRACY,N
16607,J_1,A2HIDDENPOWER,N
16607,J_1,A2COLLECTIVEAGENDA,N
16607,J_1,A2CONTROLGOV,N
16607,J_1,A2CONTROLBANKS,N
16607,J_1,A2CONTROLMEDIA,N
16607,J_1,A2LOYALTY,N
16607,J_1,A2DISEASE,N
16607,J_1,A3WEALTH,N
16607,J_1,A3STINGY,N
16607,J_1,A3UNPATRIOTIC,N
16607,J_1,A3CARICATURE,N
16607,J_1,A3VIOLENCE,N
16607,J_1,A3SYNAGOGUE,N
16607,J_1,A3SWASTIKA,N
16607,J_1,A3DISCRIMINATION,N
9971,J_1,A1ESSENTIAL,N
9971,J_1,A2EVIL,N
9971,J_1,A2CONSPIRACY,N
9971,J_1,A2HIDDENPOWER,N
9971,J_1,A2COLLECTIVEAGENDA,N
9971,J_1,A2CONTROLGOV,N
9971,J_1,A2CONTROLBANKS,N
9971,J_1,A2CONTROLMEDIA,N
9971,J_1,A2LOYALTY,N
9971,J_1,A2DISEASE,N
9971,J_1,A3WEALTH,N
9971,J_1,A3STINGY,N
9971,J_1,A3UNPATRIOTIC,N
9971,J_1,A3CARICATURE,N
9971,J_1,A3VIOLENCE,N
9971,J_1,A3SYNAGOGUE,N
9971,J_1,A3SWASTIKA,N
9971,J_1,A3DISCRIMINATION,N
10381,J_1,A1ESSENTIAL,N
10381,J_1,A2EVIL,N
10381,J_1,A2CONSPIRACY,N
10381,J_1,A2HIDDENPOWER,N
10381,J_1,A2COLLECTIVEAGENDA,N
10381,J_1,A2CONTROLGOV,N
10381,J_1,A2CONTROLBANKS,N
10381,J_1,A2CONTROLMEDIA,N
10381,J_1,A2LOYALTY,N
10381,J_1,A2DISEASE,N
10381,J_1,A3WEALTH,N
10381,J_1,A3STINGY,N
10381,J_1,A3UNPATRIOTIC,N
10381,J_1,A3CARICATURE,N
10381,J_1,A3VIOLENCE,N
10381,J_1,A3SYNAGOGUE,N
10381,J_1,A3SWASTIKA,N
10381,J_1,A3DISCRIMINATION,N
8921,J_1,A1ESSENTIAL,N
8921,J_1,A2EVIL,N
8921,J_1,A2CONSPIRACY,N
8921,J_1,A2HIDDENPOWER,N
8921,J_1,A2COLLECTIVEAGENDA,N
8921,J_1,A2CONTROLGOV,N
8921,J_1,A2CONTROLBANKS,N
8921,J_1,A2CONTROLMEDIA,N
8921,J_1,A2LOYALTY,N
8921,J_1,A2DISEASE,N
8921,J_1,A3WEALTH,N
8921,J_1,A3STINGY,N
8921,J_1,A3UNPATRIOTIC,N
8921,J_1,A3CARICATURE,N
8921,J_1,A3VIOLENCE,E
8921,J_1,A3SYNAGOGUE,N
8921,J_1,A3SWASTIKA,N
8921,J_1,A3DISCRIMINATION,N
12837,J_1,A1ESSENTIAL,N
12837,J_1,A2EVIL,N
12837,J_1,A2CONSPIRACY,N
12837,J_1,A2HIDDENPOWER,N
12837,J_1,A2COLLECTIVEAGENDA,N
12837,J_1,A2CONTROLGOV,N
12837,J_1,A2CONTROLBANKS,N
12837,J_1,A2CONTROLMEDIA,N
12837,J_1,A2LOYALTY,N
12837,J_1,A2DISEASE,N
12837,J_1,A3WEALTH,N
12837,J_1,A3STINGY,N
12837,J_1,A3UNPATRIOTIC,N
12837,J_1,A3CARICATURE,N
12837,J_1,A3VIOLENCE,N
12837,J_1,A3SYNAGOGUE,N
12837,J_1,A3SWASTIKA,N
12837,J_1,A3DISCRIMINATION,N
19365,J_1,A1ESSENTIAL,N
19365,J_1,A2EVIL,N
19365,J_1,A2CONSPIRACY,N
19365,J_1,A2HIDDENPOWER,N
19365,J_1,A2COLLECTIVEAGENDA,N
19365,J_1,A2CONTROLGOV,N
19365,J_1,A2CONTROLBANKS,N
19365,J_1,A2CONTROLMEDIA,N
19365,J_1,A2LOYALTY,N
19365,J_1,A2DISEASE,N
19365,J_1,A3WEALTH,N
19365,J_1,A3STINGY,N
19365,J_1,A3UNPATRIOTIC,N
19365,J_1,A3CARICATURE,N
19365,J_1,A3VIOLENCE,N
19365,J_1,A3SYNAGOGUE,N
19365,J_1,A3SWASTIKA,N
19365,J_1,A3DISCRIMINATION,N
30456,J_1,A1ESSENTIAL,N
30456,J_1,A2EVIL,N
30456,J_1,A2CONSPIRACY,N
30456,J_1,A2HIDDENPOWER,N
30456,J_1,A2COLLECTIVEAGENDA,N
30456,J_1,A2CONTROLGOV,N
30456,J_1,A2CONTROLBANKS,N
30456,J_1,A2CONTROLMEDIA,N
30456,J_1,A2LOYALTY,N
30456,J_1,A2DISEASE,N
30456,J_1,A3WEALTH,N
30456,J_1,A3STINGY,N
30456,J_1,A3UNPATRIOTIC,N
30456,J_1,A3CARICATURE,N
30456,J_1,A3VIOLENCE,N
30456,J_1,A3SYNAGOGUE,N
30456,J_1,A3SWASTIKA,N
30456,J_1,A3DISCRIMINATION,N
20043,J_1,A1ESSENTIAL,N
20043,J_1,A2EVIL,N
20043,J_1,A2CONSPIRACY,N
20043,J_1,A2HIDDENPOWER,N
20043,J_1,A2COLLECTIVEAGENDA,N
20043,J_1,A2CONTROLGOV,N
20043,J_1,A2CONTROLBANKS,N
20043,J_1,A2CONTROLMEDIA,N
20043,J_1,A2LOYALTY,N
20043,J_1,A2DISEASE,N
20043,J_1,A3WEALTH,N
20043,J_1,A3STINGY,N
20043,J_1,A3UNPATRIOTIC,N
20043,J_1,A3CARICATURE,N
20043,J_1,A3VIOLENCE,N
20043,J_1,A3SYNAGOGUE,N
20043,J_1,A3SWASTIKA,N
20043,J_1,A3DISCRIMINATION,N
14524,J_1,A1ESSENTIAL,N
14524,J_1,A2EVIL,N
14524,J_1,A2CONSPIRACY,N
14524,J_1,A2HIDDENPOWER,N
14524,J_1,A2COLLECTIVEAGENDA,N
14524,J_1,A2CONTROLGOV,N
14524,J_1,A2CONTROLBANKS,N
14524,J_1,A2CONTROLMEDIA,N
14524,J_1,A2LOYALTY,N
14524,J_1,A2DISEASE,N
14524,J_1,A3WEALTH,N
14524,J_1,A3STINGY,N
14524,J_1,A3UNPATRIOTIC,N
14524,J_1,A3CARICATURE,N
14524,J_1,A3VIOLENCE,N
14524,J_1,A3SYNAGOGUE,N
14524,J_1,A3SWASTIKA,N
14524,J_1,A3DISCRIMINATION,N
43696,J_1,A1ESSENTIAL,I
43696,J_1,A2EVIL,I
43696,J_1,A2CONSPIRACY,N
43696,J_1,A2HIDDENPOWER,N
43696,J_1,A2COLLECTIVEAGENDA,N
43696,J_1,A2CONTROLGOV,N
43696,J_1,A2CONTROLBANKS,N
43696,J_1,A2CONTROLMEDIA,N
43696,J_1,A2LOYALTY,N
43696,J_1,A2DISEASE,N
43696,J_1,A3WEALTH,N
43696,J_1,A3STINGY,N
43696,J_1,A3UNPATRIOTIC,N
43696,J_1,A3CARICATURE,N
43696,J_1,A3VIOLENCE,N
43696,J_1,A3SYNAGOGUE,N
43696,J_1,A3SWASTIKA,N
43696,J_1,A3DISCRIMINATION,N
16128,J_1,A1ESSENTIAL,I
16128,J_1,A2EVIL,N
16128,J_1,A2CONSPIRACY,N
16128,J_1,A2HIDDENPOWER,N
16128,J_1,A2COLLECTIVEAGENDA,N
16128,J_1,A2CONTROLGOV,N
16128,J_1,A2CONTROLBANKS,N
16128,J_1,A2CONTROLMEDIA,N
16128,J_1,A2LOYALTY,N
16128,J_1,A2DISEASE,N
16128,J_1,A3WEALTH,N
16128,J_1,A3STINGY,N
16128,J_1,A3UNPATRIOTIC,N
16128,J_1,A3CARICATURE,N
16128,J_1,A3VIOLENCE,N
16128,J_1,A3SYNAGOGUE,N
16128,J_1,A3SWASTIKA,N
16128,J_1,A3DISCRIMINATION,N
43727,J_1,A1ESSENTIAL,N
43727,J_1,A2EVIL,N
43727,J_1,A2CONSPIRACY,N
43727,J_1,A2HIDDENPOWER,N
43727,J_1,A2COLLECTIVEAGENDA,N
43727,J_1,A2CONTROLGOV,N
43727,J_1,A2CONTROLBANKS,N
43727,J_1,A2CONTROLMEDIA,N
43727,J_1,A2LOYALTY,N
43727,J_1,A2DISEASE,N
43727,J_1,A3WEALTH,N
43727,J_1,A3STINGY,N
43727,J_1,A3UNPATRIOTIC,N
43727,J_1,A3CARICATURE,N
43727,J_1,A3VIOLENCE,N
43727,J_1,A3SYNAGOGUE,N
43727,J_1,A3SWASTIKA,N
43727,J_1,A3DISCRIMINATION,N
17484,J_1,A1ESSENTIAL,I
17484,J_1,A2EVIL,I
17484,J_1,A2CONSPIRACY,I
17484,J_1,A2HIDDENPOWER,I
17484,J_1,A2COLLECTIVEAGENDA,I
17484,J_1,A2CONTROLGOV,I
17484,J_1,A2CONTROLBANKS,N
17484,J_1,A2CONTROLMEDIA,N
17484,J_1,A2LOYALTY,I
17484,J_1,A2DISEASE,N
17484,J_1,A3WEALTH,N
17484,J_1,A3STINGY,N
17484,J_1,A3UNPATRIOTIC,N
17484,J_1,A3CARICATURE,N
17484,J_1,A3VIOLENCE,E
17484,J_1,A3SYNAGOGUE,N
17484,J_1,A3SWASTIKA,N
17484,J_1,A3DISCRIMINATION,N
27146,J_1,A1ESSENTIAL,N
27146,J_1,A2EVIL,N
27146,J_1,A2CONSPIRACY,N
27146,J_1,A2HIDDENPOWER,N
27146,J_1,A2COLLECTIVEAGENDA,N
27146,J_1,A2CONTROLGOV,N
27146,J_1,A2CONTROLBANKS,N
27146,J_1,A2CONTROLMEDIA,N
27146,J_1,A2LOYALTY,N
27146,J_1,A2DISEASE,N
27146,J_1,A3WEALTH,N
27146,J_1,A3STINGY,N
27146,J_1,A3UNPATRIOTIC,N
27146,J_1,A3CARICATURE,N
27146,J_1,A3VIOLENCE,N
27146,J_1,A3SYNAGOGUE,N
27146,J_1,A3SWASTIKA,N
27146,J_1,A3DISCRIMINATION,N
44949,J_1,A1ESSENTIAL,N
44949,J_1,A2EVIL,N
44949,J_1,A2CONSPIRACY,N
44949,J_1,A2HIDDENPOWER,N
44949,J_1,A2COLLECTIVEAGENDA,N
44949,J_1,A2CONTROLGOV,N
44949,J_1,A2CONTROLBANKS,N
44949,J_1,A2CONTROLMEDIA,N
44949,J_1,A2LOYALTY,N
44949,J_1,A2DISEASE,N
44949,J_1,A3WEALTH,N
44949,J_1,A3STINGY,N
44949,J_1,A3UNPATRIOTIC,N
44949,J_1,A3CARICATURE,N
44949,J_1,A3VIOLENCE,N
44949,J_1,A3SYNAGOGUE,N
44949,J_1,A3SWASTIKA,N
44949,J_1,A3DISCRIMINATION,N
47731,J_1,A1ESSENTIAL,N
47731,J_1,A2EVIL,N
47731,J_1,A2CONSPIRACY,N
47731,J_1,A2HIDDENPOWER,N
47731,J_1,A2COLLECTIVEAGENDA,N
47731,J_1,A2CONTROLGOV,N
47731,J_1,A2CONTROLBANKS,N
47731,J_1,A2CONTROLMEDIA,N
47731,J_1,A2LOYALTY,N
47731,J_1,A2DISEASE,N
47731,J_1,A3WEALTH,N
47731,J_1,A3STINGY,N
47731,J_1,A3UNPATRIOTIC,N
47731,J_1,A3CARICATURE,N
47731,J_1,A3VIOLENCE,N
47731,J_1,A3SYNAGOGUE,N
47731,J_1,A3SWASTIKA,N
47731,J_1,A3DISCRIMINATION,N
5807,J_1,A1ESSENTIAL,I
5807,J_1,A2EVIL,N
5807,J_1,A2CONSPIRACY,N
5807,J_1,A2HIDDENPOWER,I
5807,J_1,A2COLLECTIVEAGENDA,I
5807,J_1,A2CONTROLGOV,N
5807,J_1,A2CONTROLBANKS,N
5807,J_1,A2CONTROLMEDIA,N
5807,J_1,A2LOYALTY,I
5807,J_1,A2DISEASE,N
5807,J_1,A3WEALTH,N
5807,J_1,A3STINGY,N
5807,J_1,A3UNPATRIOTIC,N
5807,J_1,A3CARICATURE,N
5807,J_1,A3VIOLENCE,N
5807,J_1,A3SYNAGOGUE,N
5807,J_1,A3SWASTIKA,N
5807,J_1,A3DISCRIMINATION,N
39836,J_1,A1ESSENTIAL,N
39836,J_1,A2EVIL,A
39836,J_1,A2CONSPIRACY,N
39836,J_1,A2HIDDENPOWER,N
39836,J_1,A2COLLECTIVEAGENDA,N
39836,J_1,A2CONTROLGOV,N
39836,J_1,A2CONTROLBANKS,N
39836,J_1,A2CONTROLMEDIA,N
39836,J_1,A2LOYALTY,N
39836,J_1,A2DISEASE,N
39836,J_1,A3WEALTH,N
39836,J_1,A3STINGY,N
39836,J_1,A3UNPATRIOTIC,N
39836,J_1,A3CARICATURE,N
39836,J_1,A3VIOLENCE,N
39836,J_1,A3SYNAGOGUE,N
39836,J_1,A3SWASTIKA,N
39836,J_1,A3DISCRIMINATION,N
13514,J_1,A1ESSENTIAL,N
13514,J_1,A2EVIL,N
13514,J_1,A2CONSPIRACY,N
13514,J_1,A2HIDDENPOWER,N
13514,J_1,A2COLLECTIVEAGENDA,N
13514,J_1,A2CONTROLGOV,N
13514,J_1,A2CONTROLBANKS,N
13514,J_1,A2CONTROLMEDIA,N
13514,J_1,A2LOYALTY,N
13514,J_1,A2DISEASE,N
13514,J_1,A3WEALTH,N
13514,J_1,A3STINGY,N
13514,J_1,A3UNPATRIOTIC,N
13514,J_1,A3CARICATURE,N
13514,J_1,A3VIOLENCE,N
13514,J_1,A3SYNAGOGUE,N
13514,J_1,A3SWASTIKA,N
13514,J_1,A3DISCRIMINATION,N
40521,J_1,A1ESSENTIAL,I
40521,J_1,A2EVIL,N
40521,J_1,A2CONSPIRACY,N
40521,J_1,A2HIDDENPOWER,N
40521,J_1,A2COLLECTIVEAGENDA,I
40521,J_1,A2CONTROLGOV,N
40521,J_1,A2CONTROLBANKS,N
40521,J_1,A2CONTROLMEDIA,N
40521,J_1,A2LOYALTY,N
40521,J_1,A2DISEASE,N
40521,J_1,A3WEALTH,N
40521,J_1,A3STINGY,N
40521,J_1,A3UNPATRIOTIC,I
40521,J_1,A3CARICATURE,N
40521,J_1,A3VIOLENCE,N
40521,J_1,A3SYNAGOGUE,N
40521,J_1,A3SWASTIKA,N
40521,J_1,A3DISCRIMINATION,N
13381,J_1,A1ESSENTIAL,A
13381,J_1,A2EVIL,N
13381,J_1,A2CONSPIRACY,N
13381,J_1,A2HIDDENPOWER,N
13381,J_1,A2COLLECTIVEAGENDA,N
13381,J_1,A2CONTROLGOV,N
13381,J_1,A2CONTROLBANKS,N
13381,J_1,A2CONTROLMEDIA,N
13381,J_1,A2LOYALTY,N
13381,J_1,A2DISEASE,N
13381,J_1,A3WEALTH,N
13381,J_1,A3STINGY,N
13381,J_1,A3UNPATRIOTIC,N
13381,J_1,A3CARICATURE,N
13381,J_1,A3VIOLENCE,N
13381,J_1,A3SYNAGOGUE,N
13381,J_1,A3SWASTIKA,N
13381,J_1,A3DISCRIMINATION,N
903,J_1,A1ESSENTIAL,N
903,J_1,A2EVIL,N
903,J_1,A2CONSPIRACY,N
903,J_1,A2HIDDENPOWER,N
903,J_1,A2COLLECTIVEAGENDA,N
903,J_1,A2CONTROLGOV,N
903,J_1,A2CONTROLBANKS,N
903,J_1,A2CONTROLMEDIA,N
903,J_1,A2LOYALTY,N
903,J_1,A2DISEASE,N
903,J_1,A3WEALTH,N
903,J_1,A3STINGY,N
903,J_1,A3UNPATRIOTIC,N
903,J_1,A3CARICATURE,N
903,J_1,A3VIOLENCE,N
903,J_1,A3SYNAGOGUE,N
903,J_1,A3SWASTIKA,N
903,J_1,A3DISCRIMINATION,N
49377,J_1,A1ESSENTIAL,N
49377,J_1,A2EVIL,N
49377,J_1,A2CONSPIRACY,N
49377,J_1,A2HIDDENPOWER,N
49377,J_1,A2COLLECTIVEAGENDA,N
49377,J_1,A2CONTROLGOV,N
49377,J_1,A2CONTROLBANKS,N
49377,J_1,A2CONTROLMEDIA,N
49377,J_1,A2LOYALTY,N
49377,J_1,A2DISEASE,N
49377,J_1,A3WEALTH,N
49377,J_1,A3STINGY,N
49377,J_1,A3UNPATRIOTIC,N
49377,J_1,A3CARICATURE,N
49377,J_1,A3VIOLENCE,N
49377,J_1,A3SYNAGOGUE,N
49377,J_1,A3SWASTIKA,N
49377,J_1,A3DISCRIMINATION,N
47657,J_1,A1ESSENTIAL,I
47657,J_1,A2EVIL,N
47657,J_1,A2CONSPIRACY,I
47657,J_1,A2HIDDENPOWER,I
47657,J_1,A2COLLECTIVEAGENDA,I
47657,J_1,A2CONTROLGOV,N
47657,J_1,A2CONTROLBANKS,N
47657,J_1,A2CONTROLMEDIA,N
47657,J_1,A2LOYALTY,N
47657,J_1,A2DISEASE,N
47657,J_1,A3WEALTH,N
47657,J_1,A3STINGY,N
47657,J_1,A3UNPATRIOTIC,N
47657,J_1,A3CARICATURE,N
47657,J_1,A3VIOLENCE,N
47657,J_1,A3SYNAGOGUE,N
47657,J_1,A3SWASTIKA,N
47657,J_1,A3DISCRIMINATION,N
49992,J_1,A1ESSENTIAL,N
49992,J_1,A2EVIL,N
49992,J_1,A2CONSPIRACY,N
49992,J_1,A2HIDDENPOWER,N
49992,J_1,A2COLLECTIVEAGENDA,N
49992,J_1,A2CONTROLGOV,N
49992,J_1,A2CONTROLBANKS,N
49992,J_1,A2CONTROLMEDIA,N
49992,J_1,A2LOYALTY,N
49992,J_1,A2DISEASE,N
49992,J_1,A3WEALTH,N
49992,J_1,A3STINGY,N
49992,J_1,A3UNPATRIOTIC,N
49992,J_1,A3CARICATURE,N
49992,J_1,A3VIOLENCE,N
49992,J_1,A3SYNAGOGUE,N
49992,J_1,A3SWASTIKA,N
49992,J_1,A3DISCRIMINATION,N
32679,J_1,A1ESSENTIAL,N
32679,J_1,A2EVIL,N
32679,J_1,A2CONSPIRACY,N
32679,J_1,A2HIDDENPOWER,N
32679,J_1,A2COLLECTIVEAGENDA,N
32679,J_1,A2CONTROLGOV,N
32679,J_1,A2CONTROLBANKS,N
32679,J_1,A2CONTROLMEDIA,N
32679,J_1,A2LOYALTY,N
32679,J_1,A2DISEASE,N
32679,J_1,A3WEALTH,N
32679,J_1,A3STINGY,N
32679,J_1,A3UNPATRIOTIC,N
32679,J_1,A3CARICATURE,N
32679,J_1,A3VIOLENCE,N
32679,J_1,A3SYNAGOGUE,N
32679,J_1,A3SWASTIKA,N
32679,J_1,A3DISCRIMINATION,N
48806,J_1,A1ESSENTIAL,N
48806,J_1,A2EVIL,N
48806,J_1,A2CONSPIRACY,N
48806,J_1,A2HIDDENPOWER,N
48806,J_1,A2COLLECTIVEAGENDA,N
48806,J_1,A2CONTROLGOV,N
48806,J_1,A2CONTROLBANKS,N
48806,J_1,A2CONTROLMEDIA,N
48806,J_1,A2LOYALTY,N
48806,J_1,A2DISEASE,N
48806,J_1,A3WEALTH,N
48806,J_1,A3STINGY,N
48806,J_1,A3UNPATRIOTIC,N
48806,J_1,A3CARICATURE,N
48806,J_1,A3VIOLENCE,N
48806,J_1,A3SYNAGOGUE,N
48806,J_1,A3SWASTIKA,N
48806,J_1,A3DISCRIMINATION,N
49245,J_1,A1ESSENTIAL,E
49245,J_1,A2EVIL,E
49245,J_1,A2CONSPIRACY,I
49245,J_1,A2HIDDENPOWER,N
49245,J_1,A2COLLECTIVEAGENDA,E
49245,J_1,A2CONTROLGOV,N
49245,J_1,A2CONTROLBANKS,N
49245,J_1,A2CONTROLMEDIA,N
49245,J_1,A2LOYALTY,E
49245,J_1,A2DISEASE,N
49245,J_1,A3WEALTH,N
49245,J_1,A3STINGY,N
49245,J_1,A3UNPATRIOTIC,E
49245,J_1,A3CARICATURE,N
49245,J_1,A3VIOLENCE,E
49245,J_1,A3SYNAGOGUE,N
49245,J_1,A3SWASTIKA,N
49245,J_1,A3DISCRIMINATION,N
48267,J_1,A1ESSENTIAL,N
48267,J_1,A2EVIL,N
48267,J_1,A2CONSPIRACY,N
48267,J_1,A2HIDDENPOWER,N
48267,J_1,A2COLLECTIVEAGENDA,N
48267,J_1,A2CONTROLGOV,N
48267,J_1,A2CONTROLBANKS,N
48267,J_1,A2CONTROLMEDIA,N
48267,J_1,A2LOYALTY,N
48267,J_1,A2DISEASE,N
48267,J_1,A3WEALTH,N
48267,J_1,A3STINGY,N
48267,J_1,A3UNPATRIOTIC,N
48267,J_1,A3CARICATURE,N
48267,J_1,A3VIOLENCE,N
48267,J_1,A3SYNAGOGUE,N
48267,J_1,A3SWASTIKA,N
48267,J_1,A3DISCRIMINATION,N
1390,J_1,A1ESSENTIAL,N
1390,J_1,A2EVIL,N
1390,J_1,A2CONSPIRACY,N
1390,J_1,A2HIDDENPOWER,N
1390,J_1,A2COLLECTIVEAGENDA,N
1390,J_1,A2CONTROLGOV,N
1390,J_1,A2CONTROLBANKS,N
1390,J_1,A2CONTROLMEDIA,N
1390,J_1,A2LOYALTY,N
1390,J_1,A2DISEASE,N
1390,J_1,A3WEALTH,N
1390,J_1,A3STINGY,N
1390,J_1,A3UNPATRIOTIC,N
1390,J_1,A3CARICATURE,N
1390,J_1,A3VIOLENCE,N
1390,J_1,A3SYNAGOGUE,N
1390,J_1,A3SWASTIKA,N
1390,J_1,A3DISCRIMINATION,N
24443,J_1,A1ESSENTIAL,N
24443,J_1,A2EVIL,N
24443,J_1,A2CONSPIRACY,N
24443,J_1,A2HIDDENPOWER,N
24443,J_1,A2COLLECTIVEAGENDA,N
24443,J_1,A2CONTROLGOV,N
24443,J_1,A2CONTROLBANKS,N
24443,J_1,A2CONTROLMEDIA,N
24443,J_1,A2LOYALTY,N
24443,J_1,A2DISEASE,N
24443,J_1,A3WEALTH,N
24443,J_1,A3STINGY,N
24443,J_1,A3UNPATRIOTIC,N
24443,J_1,A3CARICATURE,N
24443,J_1,A3VIOLENCE,N
24443,J_1,A3SYNAGOGUE,N
24443,J_1,A3SWASTIKA,N
24443,J_1,A3DISCRIMINATION,N
28283,J_1,A1ESSENTIAL,N
28283,J_1,A2EVIL,N
28283,J_1,A2CONSPIRACY,N
28283,J_1,A2HIDDENPOWER,N
28283,J_1,A2COLLECTIVEAGENDA,N
28283,J_1,A2CONTROLGOV,N
28283,J_1,A2CONTROLBANKS,N
28283,J_1,A2CONTROLMEDIA,N
28283,J_1,A2LOYALTY,N
28283,J_1,A2DISEASE,N
28283,J_1,A3WEALTH,N
28283,J_1,A3STINGY,N
28283,J_1,A3UNPATRIOTIC,N
28283,J_1,A3CARICATURE,N
28283,J_1,A3VIOLENCE,N
28283,J_1,A3SYNAGOGUE,N
28283,J_1,A3SWASTIKA,N
28283,J_1,A3DISCRIMINATION,N
19266,J_1,A1ESSENTIAL,N
19266,J_1,A2EVIL,N
19266,J_1,A2CONSPIRACY,N
19266,J_1,A2HIDDENPOWER,N
19266,J_1,A2COLLECTIVEAGENDA,N
19266,J_1,A2CONTROLGOV,N
19266,J_1,A2CONTROLBANKS,N
19266,J_1,A2CONTROLMEDIA,N
19266,J_1,A2LOYALTY,N
19266,J_1,A2DISEASE,N
19266,J_1,A3WEALTH,N
19266,J_1,A3STINGY,N
19266,J_1,A3UNPATRIOTIC,N
19266,J_1,A3CARICATURE,N
19266,J_1,A3VIOLENCE,N
19266,J_1,A3SYNAGOGUE,N
19266,J_1,A3SWASTIKA,N
19266,J_1,A3DISCRIMINATION,N
31815,J_1,A1ESSENTIAL,N
31815,J_1,A2EVIL,N
31815,J_1,A2CONSPIRACY,N
31815,J_1,A2HIDDENPOWER,N
31815,J_1,A2COLLECTIVEAGENDA,N
31815,J_1,A2CONTROLGOV,N
31815,J_1,A2CONTROLBANKS,N
31815,J_1,A2CONTROLMEDIA,N
31815,J_1,A2LOYALTY,N
31815,J_1,A2DISEASE,N
31815,J_1,A3WEALTH,N
31815,J_1,A3STINGY,N
31815,J_1,A3UNPATRIOTIC,N
31815,J_1,A3CARICATURE,N
31815,J_1,A3VIOLENCE,N
31815,J_1,A3SYNAGOGUE,N
31815,J_1,A3SWASTIKA,N
31815,J_1,A3DISCRIMINATION,N
7080,J_1,A1ESSENTIAL,I
7080,J_1,A2EVIL,N
7080,J_1,A2CONSPIRACY,N
7080,J_1,A2HIDDENPOWER,N
7080,J_1,A2COLLECTIVEAGENDA,N
7080,J_1,A2CONTROLGOV,N
7080,J_1,A2CONTROLBANKS,N
7080,J_1,A2CONTROLMEDIA,N
7080,J_1,A2LOYALTY,N
7080,J_1,A2DISEASE,N
7080,J_1,A3WEALTH,N
7080,J_1,A3STINGY,N
7080,J_1,A3UNPATRIOTIC,N
7080,J_1,A3CARICATURE,N
7080,J_1,A3VIOLENCE,N
7080,J_1,A3SYNAGOGUE,N
7080,J_1,A3SWASTIKA,N
7080,J_1,A3DISCRIMINATION,N
44564,J_1,A1ESSENTIAL,A
44564,J_1,A2EVIL,A
44564,J_1,A2CONSPIRACY,N
44564,J_1,A2HIDDENPOWER,N
44564,J_1,A2COLLECTIVEAGENDA,N
44564,J_1,A2CONTROLGOV,N
44564,J_1,A2CONTROLBANKS,N
44564,J_1,A2CONTROLMEDIA,N
44564,J_1,A2LOYALTY,N
44564,J_1,A2DISEASE,N
44564,J_1,A3WEALTH,N
44564,J_1,A3STINGY,N
44564,J_1,A3UNPATRIOTIC,N
44564,J_1,A3CARICATURE,N
44564,J_1,A3VIOLENCE,N
44564,J_1,A3SYNAGOGUE,N
44564,J_1,A3SWASTIKA,N
44564,J_1,A3DISCRIMINATION,N
22171,J_1,A1ESSENTIAL,N
22171,J_1,A2EVIL,N
22171,J_1,A2CONSPIRACY,N
22171,J_1,A2HIDDENPOWER,N
22171,J_1,A2COLLECTIVEAGENDA,N
22171,J_1,A2CONTROLGOV,N
22171,J_1,A2CONTROLBANKS,N
22171,J_1,A2CONTROLMEDIA,N
22171,J_1,A2LOYALTY,N
22171,J_1,A2DISEASE,N
22171,J_1,A3WEALTH,N
22171,J_1,A3STINGY,N
22171,J_1,A3UNPATRIOTIC,N
22171,J_1,A3CARICATURE,N
22171,J_1,A3VIOLENCE,N
22171,J_1,A3SYNAGOGUE,N
22171,J_1,A3SWASTIKA,N
22171,J_1,A3DISCRIMINATION,N
7973,J_1,A1ESSENTIAL,N
7973,J_1,A2EVIL,N
7973,J_1,A2CONSPIRACY,N
7973,J_1,A2HIDDENPOWER,N
7973,J_1,A2COLLECTIVEAGENDA,N
7973,J_1,A2CONTROLGOV,N
7973,J_1,A2CONTROLBANKS,N
7973,J_1,A2CONTROLMEDIA,N
7973,J_1,A2LOYALTY,N
7973,J_1,A2DISEASE,N
7973,J_1,A3WEALTH,N
7973,J_1,A3STINGY,N
7973,J_1,A3UNPATRIOTIC,N
7973,J_1,A3CARICATURE,N
7973,J_1,A3VIOLENCE,N
7973,J_1,A3SYNAGOGUE,N
7973,J_1,A3SWASTIKA,N
7973,J_1,A3DISCRIMINATION,N
28037,J_1,A1ESSENTIAL,N
28037,J_1,A2EVIL,N
28037,J_1,A2CONSPIRACY,N
28037,J_1,A2HIDDENPOWER,N
28037,J_1,A2COLLECTIVEAGENDA,N
28037,J_1,A2CONTROLGOV,N
28037,J_1,A2CONTROLBANKS,N
28037,J_1,A2CONTROLMEDIA,N
28037,J_1,A2LOYALTY,N
28037,J_1,A2DISEASE,N
28037,J_1,A3WEALTH,N
28037,J_1,A3STINGY,N
28037,J_1,A3UNPATRIOTIC,N
28037,J_1,A3CARICATURE,N
28037,J_1,A3VIOLENCE,N
28037,J_1,A3SYNAGOGUE,N
28037,J_1,A3SWASTIKA,N
28037,J_1,A3DISCRIMINATION,N
44653,J_1,A1ESSENTIAL,N
44653,J_1,A2EVIL,N
44653,J_1,A2CONSPIRACY,I
44653,J_1,A2HIDDENPOWER,I
44653,J_1,A2COLLECTIVEAGENDA,I
44653,J_1,A2CONTROLGOV,I
44653,J_1,A2CONTROLBANKS,N
44653,J_1,A2CONTROLMEDIA,N
44653,J_1,A2LOYALTY,I
44653,J_1,A2DISEASE,N
44653,J_1,A3WEALTH,N
44653,J_1,A3STINGY,N
44653,J_1,A3UNPATRIOTIC,I
44653,J_1,A3CARICATURE,N
44653,J_1,A3VIOLENCE,N
44653,J_1,A3SYNAGOGUE,N
44653,J_1,A3SWASTIKA,N
44653,J_1,A3DISCRIMINATION,N
29865,J_1,A1ESSENTIAL,I
29865,J_1,A2EVIL,N
29865,J_1,A2CONSPIRACY,N
29865,J_1,A2HIDDENPOWER,N
29865,J_1,A2COLLECTIVEAGENDA,I
29865,J_1,A2CONTROLGOV,N
29865,J_1,A2CONTROLBANKS,N
29865,J_1,A2CONTROLMEDIA,N
29865,J_1,A2LOYALTY,N
29865,J_1,A2DISEASE,N
29865,J_1,A3WEALTH,N
29865,J_1,A3STINGY,N
29865,J_1,A3UNPATRIOTIC,I
29865,J_1,A3CARICATURE,N
29865,J_1,A3VIOLENCE,N
29865,J_1,A3SYNAGOGUE,N
29865,J_1,A3SWASTIKA,N
29865,J_1,A3DISCRIMINATION,N
42992,J_1,A1ESSENTIAL,N
42992,J_1,A2EVIL,N
42992,J_1,A2CONSPIRACY,N
42992,J_1,A2HIDDENPOWER,N
42992,J_1,A2COLLECTIVEAGENDA,N
42992,J_1,A2CONTROLGOV,N
42992,J_1,A2CONTROLBANKS,N
42992,J_1,A2CONTROLMEDIA,N
42992,J_1,A2LOYALTY,N
42992,J_1,A2DISEASE,N
42992,J_1,A3WEALTH,N
42992,J_1,A3STINGY,N
42992,J_1,A3UNPATRIOTIC,N
42992,J_1,A3CARICATURE,N
42992,J_1,A3VIOLENCE,N
42992,J_1,A3SYNAGOGUE,N
42992,J_1,A3SWASTIKA,N
42992,J_1,A3DISCRIMINATION,N
20682,J_1,A1ESSENTIAL,N
20682,J_1,A2EVIL,N
20682,J_1,A2CONSPIRACY,N
20682,J_1,A2HIDDENPOWER,N
20682,J_1,A2COLLECTIVEAGENDA,N
20682,J_1,A2CONTROLGOV,N
20682,J_1,A2CONTROLBANKS,N
20682,J_1,A2CONTROLMEDIA,N
20682,J_1,A2LOYALTY,N
20682,J_1,A2DISEASE,N
20682,J_1,A3WEALTH,N
20682,J_1,A3STINGY,N
20682,J_1,A3UNPATRIOTIC,N
20682,J_1,A3CARICATURE,N
20682,J_1,A3VIOLENCE,N
20682,J_1,A3SYNAGOGUE,N
20682,J_1,A3SWASTIKA,N
20682,J_1,A3DISCRIMINATION,N
2922,J_1,A1ESSENTIAL,N
2922,J_1,A2EVIL,N
2922,J_1,A2CONSPIRACY,N
2922,J_1,A2HIDDENPOWER,N
2922,J_1,A2COLLECTIVEAGENDA,N
2922,J_1,A2CONTROLGOV,N
2922,J_1,A2CONTROLBANKS,N
2922,J_1,A2CONTROLMEDIA,N
2922,J_1,A2LOYALTY,N
2922,J_1,A2DISEASE,N
2922,J_1,A3WEALTH,N
2922,J_1,A3STINGY,N
2922,J_1,A3UNPATRIOTIC,N
2922,J_1,A3CARICATURE,N
2922,J_1,A3VIOLENCE,N
2922,J_1,A3SYNAGOGUE,N
2922,J_1,A3SWASTIKA,N
2922,J_1,A3DISCRIMINATION,N
41534,J_1,A1ESSENTIAL,N
41534,J_1,A2EVIL,N
41534,J_1,A2CONSPIRACY,N
41534,J_1,A2HIDDENPOWER,N
41534,J_1,A2COLLECTIVEAGENDA,N
41534,J_1,A2CONTROLGOV,N
41534,J_1,A2CONTROLBANKS,N
41534,J_1,A2CONTROLMEDIA,N
41534,J_1,A2LOYALTY,N
41534,J_1,A2DISEASE,N
41534,J_1,A3WEALTH,N
41534,J_1,A3STINGY,N
41534,J_1,A3UNPATRIOTIC,N
41534,J_1,A3CARICATURE,N
41534,J_1,A3VIOLENCE,N
41534,J_1,A3SYNAGOGUE,N
41534,J_1,A3SWASTIKA,N
41534,J_1,A3DISCRIMINATION,N
45734,J_1,A1ESSENTIAL,N
45734,J_1,A2EVIL,N
45734,J_1,A2CONSPIRACY,N
45734,J_1,A2HIDDENPOWER,N
45734,J_1,A2COLLECTIVEAGENDA,N
45734,J_1,A2CONTROLGOV,N
45734,J_1,A2CONTROLBANKS,N
45734,J_1,A2CONTROLMEDIA,N
45734,J_1,A2LOYALTY,N
45734,J_1,A2DISEASE,N
45734,J_1,A3WEALTH,N
45734,J_1,A3STINGY,N
45734,J_1,A3UNPATRIOTIC,N
45734,J_1,A3CARICATURE,N
45734,J_1,A3VIOLENCE,N
45734,J_1,A3SYNAGOGUE,N
45734,J_1,A3SWASTIKA,N
45734,J_1,A3DISCRIMINATION,N
47901,J_1,A1ESSENTIAL,N
47901,J_1,A2EVIL,N
47901,J_1,A2CONSPIRACY,N
47901,J_1,A2HIDDENPOWER,N
47901,J_1,A2COLLECTIVEAGENDA,N
47901,J_1,A2CONTROLGOV,N
47901,J_1,A2CONTROLBANKS,N
47901,J_1,A2CONTROLMEDIA,N
47901,J_1,A2LOYALTY,N
47901,J_1,A2DISEASE,N
47901,J_1,A3WEALTH,N
47901,J_1,A3STINGY,N
47901,J_1,A3UNPATRIOTIC,N
47901,J_1,A3CARICATURE,N
47901,J_1,A3VIOLENCE,N
47901,J_1,A3SYNAGOGUE,N
47901,J_1,A3SWASTIKA,N
47901,J_1,A3DISCRIMINATION,N
4558,J_1,A1ESSENTIAL,N
4558,J_1,A2EVIL,N
4558,J_1,A2CONSPIRACY,N
4558,J_1,A2HIDDENPOWER,N
4558,J_1,A2COLLECTIVEAGENDA,N
4558,J_1,A2CONTROLGOV,N
4558,J_1,A2CONTROLBANKS,N
4558,J_1,A2CONTROLMEDIA,N
4558,J_1,A2LOYALTY,N
4558,J_1,A2DISEASE,N
4558,J_1,A3WEALTH,N
4558,J_1,A3STINGY,N
4558,J_1,A3UNPATRIOTIC,N
4558,J_1,A3CARICATURE,N
4558,J_1,A3VIOLENCE,N
4558,J_1,A3SYNAGOGUE,N
4558,J_1,A3SWASTIKA,N
4558,J_1,A3DISCRIMINATION,N
47614,J_1,A1ESSENTIAL,N
47614,J_1,A2EVIL,N
47614,J_1,A2CONSPIRACY,N
47614,J_1,A2HIDDENPOWER,N
47614,J_1,A2COLLECTIVEAGENDA,N
47614,J_1,A2CONTROLGOV,N
47614,J_1,A2CONTROLBANKS,N
47614,J_1,A2CONTROLMEDIA,N
47614,J_1,A2LOYALTY,N
47614,J_1,A2DISEASE,N
47614,J_1,A3WEALTH,N
47614,J_1,A3STINGY,N
47614,J_1,A3UNPATRIOTIC,N
47614,J_1,A3CARICATURE,N
47614,J_1,A3VIOLENCE,N
47614,J_1,A3SYNAGOGUE,N
47614,J_1,A3SWASTIKA,N
47614,J_1,A3DISCRIMINATION,N
3405,J_1,A1ESSENTIAL,N
3405,J_1,A2EVIL,N
3405,J_1,A2CONSPIRACY,N
3405,J_1,A2HIDDENPOWER,N
3405,J_1,A2COLLECTIVEAGENDA,N
3405,J_1,A2CONTROLGOV,N
3405,J_1,A2CONTROLBANKS,N
3405,J_1,A2CONTROLMEDIA,N
3405,J_1,A2LOYALTY,N
3405,J_1,A2DISEASE,N
3405,J_1,A3WEALTH,N
3405,J_1,A3STINGY,N
3405,J_1,A3UNPATRIOTIC,N
3405,J_1,A3CARICATURE,N
3405,J_1,A3VIOLENCE,N
3405,J_1,A3SYNAGOGUE,N
3405,J_1,A3SWASTIKA,N
3405,J_1,A3DISCRIMINATION,N
28575,J_1,A1ESSENTIAL,N
28575,J_1,A2EVIL,N
28575,J_1,A2CONSPIRACY,N
28575,J_1,A2HIDDENPOWER,N
28575,J_1,A2COLLECTIVEAGENDA,N
28575,J_1,A2CONTROLGOV,N
28575,J_1,A2CONTROLBANKS,N
28575,J_1,A2CONTROLMEDIA,N
28575,J_1,A2LOYALTY,N
28575,J_1,A2DISEASE,N
28575,J_1,A3WEALTH,N
28575,J_1,A3STINGY,N
28575,J_1,A3UNPATRIOTIC,N
28575,J_1,A3CARICATURE,N
28575,J_1,A3VIOLENCE,N
28575,J_1,A3SYNAGOGUE,N
28575,J_1,A3SWASTIKA,N
28575,J_1,A3DISCRIMINATION,N
24348,J_1,A1ESSENTIAL,N
24348,J_1,A2EVIL,N
24348,J_1,A2CONSPIRACY,N
24348,J_1,A2HIDDENPOWER,N
24348,J_1,A2COLLECTIVEAGENDA,N
24348,J_1,A2CONTROLGOV,N
24348,J_1,A2CONTROLBANKS,N
24348,J_1,A2CONTROLMEDIA,N
24348,J_1,A2LOYALTY,N
24348,J_1,A2DISEASE,N
24348,J_1,A3WEALTH,N
24348,J_1,A3STINGY,N
24348,J_1,A3UNPATRIOTIC,N
24348,J_1,A3CARICATURE,N
24348,J_1,A3VIOLENCE,N
24348,J_1,A3SYNAGOGUE,N
24348,J_1,A3SWASTIKA,N
24348,J_1,A3DISCRIMINATION,N
41884,J_1,A1ESSENTIAL,N
41884,J_1,A2EVIL,N
41884,J_1,A2CONSPIRACY,N
41884,J_1,A2HIDDENPOWER,N
41884,J_1,A2COLLECTIVEAGENDA,N
41884,J_1,A2CONTROLGOV,N
41884,J_1,A2CONTROLBANKS,N
41884,J_1,A2CONTROLMEDIA,N
41884,J_1,A2LOYALTY,N
41884,J_1,A2DISEASE,N
41884,J_1,A3WEALTH,N
41884,J_1,A3STINGY,N
41884,J_1,A3UNPATRIOTIC,N
41884,J_1,A3CARICATURE,N
41884,J_1,A3VIOLENCE,N
41884,J_1,A3SYNAGOGUE,N
41884,J_1,A3SWASTIKA,N
41884,J_1,A3DISCRIMINATION,N
45809,J_1,A1ESSENTIAL,N
45809,J_1,A2EVIL,N
45809,J_1,A2CONSPIRACY,N
45809,J_1,A2HIDDENPOWER,N
45809,J_1,A2COLLECTIVEAGENDA,N
45809,J_1,A2CONTROLGOV,N
45809,J_1,A2CONTROLBANKS,N
45809,J_1,A2CONTROLMEDIA,N
45809,J_1,A2LOYALTY,N
45809,J_1,A2DISEASE,N
45809,J_1,A3WEALTH,N
45809,J_1,A3STINGY,N
45809,J_1,A3UNPATRIOTIC,N
45809,J_1,A3CARICATURE,N
45809,J_1,A3VIOLENCE,E
45809,J_1,A3SYNAGOGUE,I
45809,J_1,A3SWASTIKA,N
45809,J_1,A3DISCRIMINATION,N
40313,J_1,A1ESSENTIAL,N
40313,J_1,A2EVIL,N
40313,J_1,A2CONSPIRACY,N
40313,J_1,A2HIDDENPOWER,N
40313,J_1,A2COLLECTIVEAGENDA,N
40313,J_1,A2CONTROLGOV,N
40313,J_1,A2CONTROLBANKS,N
40313,J_1,A2CONTROLMEDIA,N
40313,J_1,A2LOYALTY,N
40313,J_1,A2DISEASE,N
40313,J_1,A3WEALTH,N
40313,J_1,A3STINGY,N
40313,J_1,A3UNPATRIOTIC,N
40313,J_1,A3CARICATURE,N
40313,J_1,A3VIOLENCE,N
40313,J_1,A3SYNAGOGUE,N
40313,J_1,A3SWASTIKA,N
40313,J_1,A3DISCRIMINATION,N
24731,J_1,A1ESSENTIAL,N
24731,J_1,A2EVIL,N
24731,J_1,A2CONSPIRACY,N
24731,J_1,A2HIDDENPOWER,N
24731,J_1,A2COLLECTIVEAGENDA,N
24731,J_1,A2CONTROLGOV,N
24731,J_1,A2CONTROLBANKS,N
24731,J_1,A2CONTROLMEDIA,N
24731,J_1,A2LOYALTY,N
24731,J_1,A2DISEASE,N
24731,J_1,A3WEALTH,N
24731,J_1,A3STINGY,N
24731,J_1,A3UNPATRIOTIC,N
24731,J_1,A3CARICATURE,N
24731,J_1,A3VIOLENCE,N
24731,J_1,A3SYNAGOGUE,N
24731,J_1,A3SWASTIKA,N
24731,J_1,A3DISCRIMINATION,N
49558,J_1,A1ESSENTIAL,N
49558,J_1,A2EVIL,N
49558,J_1,A2CONSPIRACY,N
49558,J_1,A2HIDDENPOWER,N
49558,J_1,A2COLLECTIVEAGENDA,N
49558,J_1,A2CONTROLGOV,N
49558,J_1,A2CONTROLBANKS,N
49558,J_1,A2CONTROLMEDIA,N
49558,J_1,A2LOYALTY,N
49558,J_1,A2DISEASE,N
49558,J_1,A3WEALTH,N
49558,J_1,A3STINGY,N
49558,J_1,A3UNPATRIOTIC,N
49558,J_1,A3CARICATURE,N
49558,J_1,A3VIOLENCE,N
49558,J_1,A3SYNAGOGUE,N
49558,J_1,A3SWASTIKA,N
49558,J_1,A3DISCRIMINATION,N
42145,J_1,A1ESSENTIAL,N
42145,J_1,A2EVIL,N
42145,J_1,A2CONSPIRACY,N
42145,J_1,A2HIDDENPOWER,N
42145,J_1,A2COLLECTIVEAGENDA,N
42145,J_1,A2CONTROLGOV,N
42145,J_1,A2CONTROLBANKS,N
42145,J_1,A2CONTROLMEDIA,N
42145,J_1,A2LOYALTY,N
42145,J_1,A2DISEASE,N
42145,J_1,A3WEALTH,N
42145,J_1,A3STINGY,N
42145,J_1,A3UNPATRIOTIC,N
42145,J_1,A3CARICATURE,N
42145,J_1,A3VIOLENCE,N
42145,J_1,A3SYNAGOGUE,N
42145,J_1,A3SWASTIKA,N
42145,J_1,A3DISCRIMINATION,N
13027,J_1,A1ESSENTIAL,N
13027,J_1,A2EVIL,N
13027,J_1,A2CONSPIRACY,N
13027,J_1,A2HIDDENPOWER,N
13027,J_1,A2COLLECTIVEAGENDA,N
13027,J_1,A2CONTROLGOV,N
13027,J_1,A2CONTROLBANKS,N
13027,J_1,A2CONTROLMEDIA,N
13027,J_1,A2LOYALTY,N
13027,J_1,A2DISEASE,N
13027,J_1,A3WEALTH,N
13027,J_1,A3STINGY,N
13027,J_1,A3UNPATRIOTIC,N
13027,J_1,A3CARICATURE,N
13027,J_1,A3VIOLENCE,N
13027,J_1,A3SYNAGOGUE,N
13027,J_1,A3SWASTIKA,N
13027,J_1,A3DISCRIMINATION,N
46775,J_1,A1ESSENTIAL,N
46775,J_1,A2EVIL,N
46775,J_1,A2CONSPIRACY,N
46775,J_1,A2HIDDENPOWER,N
46775,J_1,A2COLLECTIVEAGENDA,N
46775,J_1,A2CONTROLGOV,N
46775,J_1,A2CONTROLBANKS,N
46775,J_1,A2CONTROLMEDIA,N
46775,J_1,A2LOYALTY,N
46775,J_1,A2DISEASE,N
46775,J_1,A3WEALTH,N
46775,J_1,A3STINGY,N
46775,J_1,A3UNPATRIOTIC,N
46775,J_1,A3CARICATURE,N
46775,J_1,A3VIOLENCE,N
46775,J_1,A3SYNAGOGUE,N
46775,J_1,A3SWASTIKA,N
46775,J_1,A3DISCRIMINATION,N
16524,J_1,A1ESSENTIAL,N
16524,J_1,A2EVIL,N
16524,J_1,A2CONSPIRACY,N
16524,J_1,A2HIDDENPOWER,N
16524,J_1,A2COLLECTIVEAGENDA,N
16524,J_1,A2CONTROLGOV,N
16524,J_1,A2CONTROLBANKS,N
16524,J_1,A2CONTROLMEDIA,N
16524,J_1,A2LOYALTY,N
16524,J_1,A2DISEASE,N
16524,J_1,A3WEALTH,N
16524,J_1,A3STINGY,N
16524,J_1,A3UNPATRIOTIC,N
16524,J_1,A3CARICATURE,N
16524,J_1,A3VIOLENCE,N
16524,J_1,A3SYNAGOGUE,N
16524,J_1,A3SWASTIKA,N
16524,J_1,A3DISCRIMINATION,N
34747,J_1,A1ESSENTIAL,N
34747,J_1,A2EVIL,N
34747,J_1,A2CONSPIRACY,N
34747,J_1,A2HIDDENPOWER,N
34747,J_1,A2COLLECTIVEAGENDA,N
34747,J_1,A2CONTROLGOV,N
34747,J_1,A2CONTROLBANKS,N
34747,J_1,A2CONTROLMEDIA,N
34747,J_1,A2LOYALTY,N
34747,J_1,A2DISEASE,N
34747,J_1,A3WEALTH,N
34747,J_1,A3STINGY,N
34747,J_1,A3UNPATRIOTIC,N
34747,J_1,A3CARICATURE,N
34747,J_1,A3VIOLENCE,N
34747,J_1,A3SYNAGOGUE,N
34747,J_1,A3SWASTIKA,N
34747,J_1,A3DISCRIMINATION,N
5450,J_1,A1ESSENTIAL,N
5450,J_1,A2EVIL,N
5450,J_1,A2CONSPIRACY,N
5450,J_1,A2HIDDENPOWER,N
5450,J_1,A2COLLECTIVEAGENDA,N
5450,J_1,A2CONTROLGOV,N
5450,J_1,A2CONTROLBANKS,N
5450,J_1,A2CONTROLMEDIA,N
5450,J_1,A2LOYALTY,N
5450,J_1,A2DISEASE,N
5450,J_1,A3WEALTH,N
5450,J_1,A3STINGY,N
5450,J_1,A3UNPATRIOTIC,N
5450,J_1,A3CARICATURE,N
5450,J_1,A3VIOLENCE,N
5450,J_1,A3SYNAGOGUE,N
5450,J_1,A3SWASTIKA,N
5450,J_1,A3DISCRIMINATION,N
3204,J_1,A1ESSENTIAL,N
3204,J_1,A2EVIL,N
3204,J_1,A2CONSPIRACY,N
3204,J_1,A2HIDDENPOWER,N
3204,J_1,A2COLLECTIVEAGENDA,N
3204,J_1,A2CONTROLGOV,N
3204,J_1,A2CONTROLBANKS,N
3204,J_1,A2CONTROLMEDIA,N
3204,J_1,A2LOYALTY,N
3204,J_1,A2DISEASE,N
3204,J_1,A3WEALTH,N
3204,J_1,A3STINGY,N
3204,J_1,A3UNPATRIOTIC,N
3204,J_1,A3CARICATURE,N
3204,J_1,A3VIOLENCE,N
3204,J_1,A3SYNAGOGUE,N
3204,J_1,A3SWASTIKA,N
3204,J_1,A3DISCRIMINATION,N
18730,J_1,A1ESSENTIAL,E
18730,J_1,A2EVIL,E
18730,J_1,A2CONSPIRACY,N
18730,J_1,A2HIDDENPOWER,N
18730,J_1,A2COLLECTIVEAGENDA,N
18730,J_1,A2CONTROLGOV,N
18730,J_1,A2CONTROLBANKS,N
18730,J_1,A2CONTROLMEDIA,N
18730,J_1,A2LOYALTY,N
18730,J_1,A2DISEASE,N
18730,J_1,A3WEALTH,N
18730,J_1,A3STINGY,N
18730,J_1,A3UNPATRIOTIC,N
18730,J_1,A3CARICATURE,I
18730,J_1,A3VIOLENCE,N
18730,J_1,A3SYNAGOGUE,N
18730,J_1,A3SWASTIKA,N
18730,J_1,A3DISCRIMINATION,N
40405,J_1,A1ESSENTIAL,N
40405,J_1,A2EVIL,N
40405,J_1,A2CONSPIRACY,N
40405,J_1,A2HIDDENPOWER,N
40405,J_1,A2COLLECTIVEAGENDA,N
40405,J_1,A2CONTROLGOV,N
40405,J_1,A2CONTROLBANKS,N
40405,J_1,A2CONTROLMEDIA,N
40405,J_1,A2LOYALTY,N
40405,J_1,A2DISEASE,N
40405,J_1,A3WEALTH,N
40405,J_1,A3STINGY,N
40405,J_1,A3UNPATRIOTIC,N
40405,J_1,A3CARICATURE,N
40405,J_1,A3VIOLENCE,N
40405,J_1,A3SYNAGOGUE,N
40405,J_1,A3SWASTIKA,N
40405,J_1,A3DISCRIMINATION,N
22415,J_1,A1ESSENTIAL,E
22415,J_1,A2EVIL,E
22415,J_1,A2CONSPIRACY,N
22415,J_1,A2HIDDENPOWER,N
22415,J_1,A2COLLECTIVEAGENDA,N
22415,J_1,A2CONTROLGOV,N
22415,J_1,A2CONTROLBANKS,N
22415,J_1,A2CONTROLMEDIA,N
22415,J_1,A2LOYALTY,N
22415,J_1,A2DISEASE,N
22415,J_1,A3WEALTH,N
22415,J_1,A3STINGY,N
22415,J_1,A3UNPATRIOTIC,N
22415,J_1,A3CARICATURE,N
22415,J_1,A3VIOLENCE,N
22415,J_1,A3SYNAGOGUE,N
22415,J_1,A3SWASTIKA,N
22415,J_1,A3DISCRIMINATION,N
723,J_1,A1ESSENTIAL,N
723,J_1,A2EVIL,N
723,J_1,A2CONSPIRACY,N
723,J_1,A2HIDDENPOWER,N
723,J_1,A2COLLECTIVEAGENDA,N
723,J_1,A2CONTROLGOV,N
723,J_1,A2CONTROLBANKS,N
723,J_1,A2CONTROLMEDIA,N
723,J_1,A2LOYALTY,N
723,J_1,A2DISEASE,N
723,J_1,A3WEALTH,N
723,J_1,A3STINGY,N
723,J_1,A3UNPATRIOTIC,N
723,J_1,A3CARICATURE,N
723,J_1,A3VIOLENCE,N
723,J_1,A3SYNAGOGUE,N
723,J_1,A3SWASTIKA,N
723,J_1,A3DISCRIMINATION,N
11140,J_1,A1ESSENTIAL,N
11140,J_1,A2EVIL,I
11140,J_1,A2CONSPIRACY,I
11140,J_1,A2HIDDENPOWER,I
11140,J_1,A2COLLECTIVEAGENDA,I
11140,J_1,A2CONTROLGOV,I
11140,J_1,A2CONTROLBANKS,N
11140,J_1,A2CONTROLMEDIA,N
11140,J_1,A2LOYALTY,N
11140,J_1,A2DISEASE,N
11140,J_1,A3WEALTH,N
11140,J_1,A3STINGY,N
11140,J_1,A3UNPATRIOTIC,N
11140,J_1,A3CARICATURE,N
11140,J_1,A3VIOLENCE,N
11140,J_1,A3SYNAGOGUE,N
11140,J_1,A3SWASTIKA,N
11140,J_1,A3DISCRIMINATION,N
28197,J_1,A1ESSENTIAL,N
28197,J_1,A2EVIL,N
28197,J_1,A2CONSPIRACY,I
28197,J_1,A2HIDDENPOWER,I
28197,J_1,A2COLLECTIVEAGENDA,N
28197,J_1,A2CONTROLGOV,N
28197,J_1,A2CONTROLBANKS,N
28197,J_1,A2CONTROLMEDIA,I
28197,J_1,A2LOYALTY,N
28197,J_1,A2DISEASE,N
28197,J_1,A3WEALTH,N
28197,J_1,A3STINGY,N
28197,J_1,A3UNPATRIOTIC,N
28197,J_1,A3CARICATURE,N
28197,J_1,A3VIOLENCE,N
28197,J_1,A3SYNAGOGUE,N
28197,J_1,A3SWASTIKA,N
28197,J_1,A3DISCRIMINATION,N
41776,J_1,A1ESSENTIAL,N
41776,J_1,A2EVIL,N
41776,J_1,A2CONSPIRACY,N
41776,J_1,A2HIDDENPOWER,N
41776,J_1,A2COLLECTIVEAGENDA,N
41776,J_1,A2CONTROLGOV,N
41776,J_1,A2CONTROLBANKS,N
41776,J_1,A2CONTROLMEDIA,N
41776,J_1,A2LOYALTY,N
41776,J_1,A2DISEASE,N
41776,J_1,A3WEALTH,N
41776,J_1,A3STINGY,N
41776,J_1,A3UNPATRIOTIC,N
41776,J_1,A3CARICATURE,N
41776,J_1,A3VIOLENCE,N
41776,J_1,A3SYNAGOGUE,N
41776,J_1,A3SWASTIKA,N
41776,J_1,A3DISCRIMINATION,N
4593,J_1,A1ESSENTIAL,N
4593,J_1,A2EVIL,N
4593,J_1,A2CONSPIRACY,N
4593,J_1,A2HIDDENPOWER,N
4593,J_1,A2COLLECTIVEAGENDA,N
4593,J_1,A2CONTROLGOV,N
4593,J_1,A2CONTROLBANKS,N
4593,J_1,A2CONTROLMEDIA,N
4593,J_1,A2LOYALTY,N
4593,J_1,A2DISEASE,N
4593,J_1,A3WEALTH,N
4593,J_1,A3STINGY,N
4593,J_1,A3UNPATRIOTIC,N
4593,J_1,A3CARICATURE,N
4593,J_1,A3VIOLENCE,N
4593,J_1,A3SYNAGOGUE,N
4593,J_1,A3SWASTIKA,N
4593,J_1,A3DISCRIMINATION,N
7681,J_1,A1ESSENTIAL,N
7681,J_1,A2EVIL,N
7681,J_1,A2CONSPIRACY,N
7681,J_1,A2HIDDENPOWER,N
7681,J_1,A2COLLECTIVEAGENDA,N
7681,J_1,A2CONTROLGOV,N
7681,J_1,A2CONTROLBANKS,N
7681,J_1,A2CONTROLMEDIA,N
7681,J_1,A2LOYALTY,N
7681,J_1,A2DISEASE,N
7681,J_1,A3WEALTH,N
7681,J_1,A3STINGY,N
7681,J_1,A3UNPATRIOTIC,N
7681,J_1,A3CARICATURE,N
7681,J_1,A3VIOLENCE,N
7681,J_1,A3SYNAGOGUE,N
7681,J_1,A3SWASTIKA,N
7681,J_1,A3DISCRIMINATION,N
48944,J_1,A1ESSENTIAL,E
48944,J_1,A2EVIL,E
48944,J_1,A2CONSPIRACY,N
48944,J_1,A2HIDDENPOWER,N
48944,J_1,A2COLLECTIVEAGENDA,N
48944,J_1,A2CONTROLGOV,N
48944,J_1,A2CONTROLBANKS,N
48944,J_1,A2CONTROLMEDIA,N
48944,J_1,A2LOYALTY,N
48944,J_1,A2DISEASE,N
48944,J_1,A3WEALTH,N
48944,J_1,A3STINGY,N
48944,J_1,A3UNPATRIOTIC,N
48944,J_1,A3CARICATURE,N
48944,J_1,A3VIOLENCE,N
48944,J_1,A3SYNAGOGUE,N
48944,J_1,A3SWASTIKA,N
48944,J_1,A3DISCRIMINATION,N
2105,J_1,A1ESSENTIAL,N
2105,J_1,A2EVIL,N
2105,J_1,A2CONSPIRACY,N
2105,J_1,A2HIDDENPOWER,N
2105,J_1,A2COLLECTIVEAGENDA,N
2105,J_1,A2CONTROLGOV,N
2105,J_1,A2CONTROLBANKS,N
2105,J_1,A2CONTROLMEDIA,N
2105,J_1,A2LOYALTY,N
2105,J_1,A2DISEASE,N
2105,J_1,A3WEALTH,N
2105,J_1,A3STINGY,N
2105,J_1,A3UNPATRIOTIC,N
2105,J_1,A3CARICATURE,N
2105,J_1,A3VIOLENCE,N
2105,J_1,A3SYNAGOGUE,N
2105,J_1,A3SWASTIKA,N
2105,J_1,A3DISCRIMINATION,N
48642,J_1,A1ESSENTIAL,N
48642,J_1,A2EVIL,N
48642,J_1,A2CONSPIRACY,N
48642,J_1,A2HIDDENPOWER,N
48642,J_1,A2COLLECTIVEAGENDA,N
48642,J_1,A2CONTROLGOV,N
48642,J_1,A2CONTROLBANKS,N
48642,J_1,A2CONTROLMEDIA,N
48642,J_1,A2LOYALTY,N
48642,J_1,A2DISEASE,N
48642,J_1,A3WEALTH,N
48642,J_1,A3STINGY,N
48642,J_1,A3UNPATRIOTIC,N
48642,J_1,A3CARICATURE,N
48642,J_1,A3VIOLENCE,N
48642,J_1,A3SYNAGOGUE,N
48642,J_1,A3SWASTIKA,N
48642,J_1,A3DISCRIMINATION,N
11584,J_1,A1ESSENTIAL,N
11584,J_1,A2EVIL,N
11584,J_1,A2CONSPIRACY,N
11584,J_1,A2HIDDENPOWER,N
11584,J_1,A2COLLECTIVEAGENDA,N
11584,J_1,A2CONTROLGOV,N
11584,J_1,A2CONTROLBANKS,N
11584,J_1,A2CONTROLMEDIA,N
11584,J_1,A2LOYALTY,N
11584,J_1,A2DISEASE,N
11584,J_1,A3WEALTH,N
11584,J_1,A3STINGY,N
11584,J_1,A3UNPATRIOTIC,N
11584,J_1,A3CARICATURE,N
11584,J_1,A3VIOLENCE,N
11584,J_1,A3SYNAGOGUE,N
11584,J_1,A3SWASTIKA,N
11584,J_1,A3DISCRIMINATION,N
32578,J_1,A1ESSENTIAL,N
32578,J_1,A2EVIL,N
32578,J_1,A2CONSPIRACY,N
32578,J_1,A2HIDDENPOWER,N
32578,J_1,A2COLLECTIVEAGENDA,N
32578,J_1,A2CONTROLGOV,N
32578,J_1,A2CONTROLBANKS,N
32578,J_1,A2CONTROLMEDIA,N
32578,J_1,A2LOYALTY,N
32578,J_1,A2DISEASE,N
32578,J_1,A3WEALTH,N
32578,J_1,A3STINGY,N
32578,J_1,A3UNPATRIOTIC,N
32578,J_1,A3CARICATURE,N
32578,J_1,A3VIOLENCE,N
32578,J_1,A3SYNAGOGUE,N
32578,J_1,A3SWASTIKA,N
32578,J_1,A3DISCRIMINATION,N
2898,J_1,A1ESSENTIAL,N
2898,J_1,A2EVIL,N
2898,J_1,A2CONSPIRACY,N
2898,J_1,A2HIDDENPOWER,N
2898,J_1,A2COLLECTIVEAGENDA,N
2898,J_1,A2CONTROLGOV,N
2898,J_1,A2CONTROLBANKS,N
2898,J_1,A2CONTROLMEDIA,N
2898,J_1,A2LOYALTY,N
2898,J_1,A2DISEASE,N
2898,J_1,A3WEALTH,N
2898,J_1,A3STINGY,N
2898,J_1,A3UNPATRIOTIC,N
2898,J_1,A3CARICATURE,N
2898,J_1,A3VIOLENCE,N
2898,J_1,A3SYNAGOGUE,N
2898,J_1,A3SWASTIKA,N
2898,J_1,A3DISCRIMINATION,N
13660,J_1,A1ESSENTIAL,N
13660,J_1,A2EVIL,N
13660,J_1,A2CONSPIRACY,N
13660,J_1,A2HIDDENPOWER,N
13660,J_1,A2COLLECTIVEAGENDA,N
13660,J_1,A2CONTROLGOV,N
13660,J_1,A2CONTROLBANKS,N
13660,J_1,A2CONTROLMEDIA,N
13660,J_1,A2LOYALTY,N
13660,J_1,A2DISEASE,N
13660,J_1,A3WEALTH,N
13660,J_1,A3STINGY,N
13660,J_1,A3UNPATRIOTIC,N
13660,J_1,A3CARICATURE,N
13660,J_1,A3VIOLENCE,N
13660,J_1,A3SYNAGOGUE,N
13660,J_1,A3SWASTIKA,N
13660,J_1,A3DISCRIMINATION,N
47524,J_1,A1ESSENTIAL,E
47524,J_1,A2EVIL,E
47524,J_1,A2CONSPIRACY,N
47524,J_1,A2HIDDENPOWER,N
47524,J_1,A2COLLECTIVEAGENDA,N
47524,J_1,A2CONTROLGOV,N
47524,J_1,A2CONTROLBANKS,N
47524,J_1,A2CONTROLMEDIA,N
47524,J_1,A2LOYALTY,N
47524,J_1,A2DISEASE,N
47524,J_1,A3WEALTH,N
47524,J_1,A3STINGY,N
47524,J_1,A3UNPATRIOTIC,N
47524,J_1,A3CARICATURE,N
47524,J_1,A3VIOLENCE,E
47524,J_1,A3SYNAGOGUE,N
47524,J_1,A3SWASTIKA,N
47524,J_1,A3DISCRIMINATION,N
49482,J_1,A1ESSENTIAL,I
49482,J_1,A2EVIL,N
49482,J_1,A2CONSPIRACY,N
49482,J_1,A2HIDDENPOWER,N
49482,J_1,A2COLLECTIVEAGENDA,N
49482,J_1,A2CONTROLGOV,N
49482,J_1,A2CONTROLBANKS,N
49482,J_1,A2CONTROLMEDIA,N
49482,J_1,A2LOYALTY,N
49482,J_1,A2DISEASE,N
49482,J_1,A3WEALTH,N
49482,J_1,A3STINGY,N
49482,J_1,A3UNPATRIOTIC,N
49482,J_1,A3CARICATURE,N
49482,J_1,A3VIOLENCE,N
49482,J_1,A3SYNAGOGUE,N
49482,J_1,A3SWASTIKA,N
49482,J_1,A3DISCRIMINATION,N
3331,J_1,A1ESSENTIAL,E
3331,J_1,A2EVIL,N
3331,J_1,A2CONSPIRACY,N
3331,J_1,A2HIDDENPOWER,N
3331,J_1,A2COLLECTIVEAGENDA,N
3331,J_1,A2CONTROLGOV,N
3331,J_1,A2CONTROLBANKS,N
3331,J_1,A2CONTROLMEDIA,N
3331,J_1,A2LOYALTY,N
3331,J_1,A2DISEASE,N
3331,J_1,A3WEALTH,I
3331,J_1,A3STINGY,N
3331,J_1,A3UNPATRIOTIC,N
3331,J_1,A3CARICATURE,N
3331,J_1,A3VIOLENCE,N
3331,J_1,A3SYNAGOGUE,N
3331,J_1,A3SWASTIKA,N
3331,J_1,A3DISCRIMINATION,N
32636,J_1,A1ESSENTIAL,I
32636,J_1,A2EVIL,I
32636,J_1,A2CONSPIRACY,N
32636,J_1,A2HIDDENPOWER,N
32636,J_1,A2COLLECTIVEAGENDA,N
32636,J_1,A2CONTROLGOV,N
32636,J_1,A2CONTROLBANKS,N
32636,J_1,A2CONTROLMEDIA,N
32636,J_1,A2LOYALTY,N
32636,J_1,A2DISEASE,N
32636,J_1,A3WEALTH,N
32636,J_1,A3STINGY,N
32636,J_1,A3UNPATRIOTIC,N
32636,J_1,A3CARICATURE,N
32636,J_1,A3VIOLENCE,N
32636,J_1,A3SYNAGOGUE,N
32636,J_1,A3SWASTIKA,N
32636,J_1,A3DISCRIMINATION,N
16071,J_1,A1ESSENTIAL,N
16071,J_1,A2EVIL,N
16071,J_1,A2CONSPIRACY,N
16071,J_1,A2HIDDENPOWER,N
16071,J_1,A2COLLECTIVEAGENDA,N
16071,J_1,A2CONTROLGOV,N
16071,J_1,A2CONTROLBANKS,N
16071,J_1,A2CONTROLMEDIA,N
16071,J_1,A2LOYALTY,N
16071,J_1,A2DISEASE,N
16071,J_1,A3WEALTH,N
16071,J_1,A3STINGY,N
16071,J_1,A3UNPATRIOTIC,N
16071,J_1,A3CARICATURE,N
16071,J_1,A3VIOLENCE,N
16071,J_1,A3SYNAGOGUE,N
16071,J_1,A3SWASTIKA,N
16071,J_1,A3DISCRIMINATION,N
43329,J_1,A1ESSENTIAL,E
43329,J_1,A2EVIL,E
43329,J_1,A2CONSPIRACY,N
43329,J_1,A2HIDDENPOWER,N
43329,J_1,A2COLLECTIVEAGENDA,N
43329,J_1,A2CONTROLGOV,N
43329,J_1,A2CONTROLBANKS,N
43329,J_1,A2CONTROLMEDIA,N
43329,J_1,A2LOYALTY,N
43329,J_1,A2DISEASE,N
43329,J_1,A3WEALTH,N
43329,J_1,A3STINGY,N
43329,J_1,A3UNPATRIOTIC,N
43329,J_1,A3CARICATURE,N
43329,J_1,A3VIOLENCE,N
43329,J_1,A3SYNAGOGUE,N
43329,J_1,A3SWASTIKA,N
43329,J_1,A3DISCRIMINATION,N
13518,J_1,A1ESSENTIAL,N
13518,J_1,A2EVIL,N
13518,J_1,A2CONSPIRACY,N
13518,J_1,A2HIDDENPOWER,N
13518,J_1,A2COLLECTIVEAGENDA,N
13518,J_1,A2CONTROLGOV,N
13518,J_1,A2CONTROLBANKS,N
13518,J_1,A2CONTROLMEDIA,N
13518,J_1,A2LOYALTY,N
13518,J_1,A2DISEASE,N
13518,J_1,A3WEALTH,N
13518,J_1,A3STINGY,N
13518,J_1,A3UNPATRIOTIC,N
13518,J_1,A3CARICATURE,N
13518,J_1,A3VIOLENCE,N
13518,J_1,A3SYNAGOGUE,N
13518,J_1,A3SWASTIKA,N
13518,J_1,A3DISCRIMINATION,N
10399,J_1,A1ESSENTIAL,N
10399,J_1,A2EVIL,N
10399,J_1,A2CONSPIRACY,N
10399,J_1,A2HIDDENPOWER,N
10399,J_1,A2COLLECTIVEAGENDA,N
10399,J_1,A2CONTROLGOV,N
10399,J_1,A2CONTROLBANKS,N
10399,J_1,A2CONTROLMEDIA,N
10399,J_1,A2LOYALTY,N
10399,J_1,A2DISEASE,N
10399,J_1,A3WEALTH,N
10399,J_1,A3STINGY,N
10399,J_1,A3UNPATRIOTIC,N
10399,J_1,A3CARICATURE,N
10399,J_1,A3VIOLENCE,N
10399,J_1,A3SYNAGOGUE,N
10399,J_1,A3SWASTIKA,N
10399,J_1,A3DISCRIMINATION,N
13534,J_1,A1ESSENTIAL,I
13534,J_1,A2EVIL,I
13534,J_1,A2CONSPIRACY,N
13534,J_1,A2HIDDENPOWER,N
13534,J_1,A2COLLECTIVEAGENDA,N
13534,J_1,A2CONTROLGOV,N
13534,J_1,A2CONTROLBANKS,N
13534,J_1,A2CONTROLMEDIA,N
13534,J_1,A2LOYALTY,N
13534,J_1,A2DISEASE,N
13534,J_1,A3WEALTH,N
13534,J_1,A3STINGY,N
13534,J_1,A3UNPATRIOTIC,N
13534,J_1,A3CARICATURE,N
13534,J_1,A3VIOLENCE,N
13534,J_1,A3SYNAGOGUE,N
13534,J_1,A3SWASTIKA,N
13534,J_1,A3DISCRIMINATION,N
32694,J_1,A1ESSENTIAL,N
32694,J_1,A2EVIL,N
32694,J_1,A2CONSPIRACY,N
32694,J_1,A2HIDDENPOWER,N
32694,J_1,A2COLLECTIVEAGENDA,N
32694,J_1,A2CONTROLGOV,N
32694,J_1,A2CONTROLBANKS,N
32694,J_1,A2CONTROLMEDIA,N
32694,J_1,A2LOYALTY,N
32694,J_1,A2DISEASE,N
32694,J_1,A3WEALTH,N
32694,J_1,A3STINGY,N
32694,J_1,A3UNPATRIOTIC,N
32694,J_1,A3CARICATURE,N
32694,J_1,A3VIOLENCE,N
32694,J_1,A3SYNAGOGUE,N
32694,J_1,A3SWASTIKA,N
32694,J_1,A3DISCRIMINATION,N
18661,J_1,A1ESSENTIAL,N
18661,J_1,A2EVIL,N
18661,J_1,A2CONSPIRACY,N
18661,J_1,A2HIDDENPOWER,N
18661,J_1,A2COLLECTIVEAGENDA,N
18661,J_1,A2CONTROLGOV,N
18661,J_1,A2CONTROLBANKS,N
18661,J_1,A2CONTROLMEDIA,N
18661,J_1,A2LOYALTY,N
18661,J_1,A2DISEASE,N
18661,J_1,A3WEALTH,N
18661,J_1,A3STINGY,N
18661,J_1,A3UNPATRIOTIC,N
18661,J_1,A3CARICATURE,N
18661,J_1,A3VIOLENCE,N
18661,J_1,A3SYNAGOGUE,N
18661,J_1,A3SWASTIKA,N
18661,J_1,A3DISCRIMINATION,N
47665,J_1,A1ESSENTIAL,A
47665,J_1,A2EVIL,N
47665,J_1,A2CONSPIRACY,N
47665,J_1,A2HIDDENPOWER,N
47665,J_1,A2COLLECTIVEAGENDA,N
47665,J_1,A2CONTROLGOV,N
47665,J_1,A2CONTROLBANKS,N
47665,J_1,A2CONTROLMEDIA,N
47665,J_1,A2LOYALTY,I
47665,J_1,A2DISEASE,N
47665,J_1,A3WEALTH,N
47665,J_1,A3STINGY,N
47665,J_1,A3UNPATRIOTIC,I
47665,J_1,A3CARICATURE,N
47665,J_1,A3VIOLENCE,N
47665,J_1,A3SYNAGOGUE,N
47665,J_1,A3SWASTIKA,N
47665,J_1,A3DISCRIMINATION,N
2935,J_1,A1ESSENTIAL,N
2935,J_1,A2EVIL,N
2935,J_1,A2CONSPIRACY,A
2935,J_1,A2HIDDENPOWER,N
2935,J_1,A2COLLECTIVEAGENDA,A
2935,J_1,A2CONTROLGOV,N
2935,J_1,A2CONTROLBANKS,N
2935,J_1,A2CONTROLMEDIA,N
2935,J_1,A2LOYALTY,N
2935,J_1,A2DISEASE,N
2935,J_1,A3WEALTH,N
2935,J_1,A3STINGY,N
2935,J_1,A3UNPATRIOTIC,N
2935,J_1,A3CARICATURE,N
2935,J_1,A3VIOLENCE,N
2935,J_1,A3SYNAGOGUE,N
2935,J_1,A3SWASTIKA,N
2935,J_1,A3DISCRIMINATION,N
23977,J_1,A1ESSENTIAL,N
23977,J_1,A2EVIL,N
23977,J_1,A2CONSPIRACY,N
23977,J_1,A2HIDDENPOWER,N
23977,J_1,A2COLLECTIVEAGENDA,N
23977,J_1,A2CONTROLGOV,N
23977,J_1,A2CONTROLBANKS,N
23977,J_1,A2CONTROLMEDIA,N
23977,J_1,A2LOYALTY,N
23977,J_1,A2DISEASE,N
23977,J_1,A3WEALTH,N
23977,J_1,A3STINGY,N
23977,J_1,A3UNPATRIOTIC,N
23977,J_1,A3CARICATURE,N
23977,J_1,A3VIOLENCE,N
23977,J_1,A3SYNAGOGUE,N
23977,J_1,A3SWASTIKA,N
23977,J_1,A3DISCRIMINATION,N
32818,J_1,A1ESSENTIAL,N
32818,J_1,A2EVIL,N
32818,J_1,A2CONSPIRACY,N
32818,J_1,A2HIDDENPOWER,N
32818,J_1,A2COLLECTIVEAGENDA,N
32818,J_1,A2CONTROLGOV,N
32818,J_1,A2CONTROLBANKS,N
32818,J_1,A2CONTROLMEDIA,N
32818,J_1,A2LOYALTY,N
32818,J_1,A2DISEASE,N
32818,J_1,A3WEALTH,N
32818,J_1,A3STINGY,N
32818,J_1,A3UNPATRIOTIC,N
32818,J_1,A3CARICATURE,N
32818,J_1,A3VIOLENCE,N
32818,J_1,A3SYNAGOGUE,N
32818,J_1,A3SWASTIKA,N
32818,J_1,A3DISCRIMINATION,N
38058,J_1,A1ESSENTIAL,N
38058,J_1,A2EVIL,N
38058,J_1,A2CONSPIRACY,N
38058,J_1,A2HIDDENPOWER,N
38058,J_1,A2COLLECTIVEAGENDA,N
38058,J_1,A2CONTROLGOV,N
38058,J_1,A2CONTROLBANKS,N
38058,J_1,A2CONTROLMEDIA,N
38058,J_1,A2LOYALTY,N
38058,J_1,A2DISEASE,N
38058,J_1,A3WEALTH,N
38058,J_1,A3STINGY,N
38058,J_1,A3UNPATRIOTIC,N
38058,J_1,A3CARICATURE,N
38058,J_1,A3VIOLENCE,N
38058,J_1,A3SYNAGOGUE,N
38058,J_1,A3SWASTIKA,N
38058,J_1,A3DISCRIMINATION,N
14144,J_1,A1ESSENTIAL,N
14144,J_1,A2EVIL,N
14144,J_1,A2CONSPIRACY,N
14144,J_1,A2HIDDENPOWER,N
14144,J_1,A2COLLECTIVEAGENDA,N
14144,J_1,A2CONTROLGOV,N
14144,J_1,A2CONTROLBANKS,N
14144,J_1,A2CONTROLMEDIA,N
14144,J_1,A2LOYALTY,N
14144,J_1,A2DISEASE,N
14144,J_1,A3WEALTH,N
14144,J_1,A3STINGY,N
14144,J_1,A3UNPATRIOTIC,N
14144,J_1,A3CARICATURE,N
14144,J_1,A3VIOLENCE,N
14144,J_1,A3SYNAGOGUE,N
14144,J_1,A3SWASTIKA,N
14144,J_1,A3DISCRIMINATION,N
17469,J_1,A1ESSENTIAL,N
17469,J_1,A2EVIL,N
17469,J_1,A2CONSPIRACY,N
17469,J_1,A2HIDDENPOWER,N
17469,J_1,A2COLLECTIVEAGENDA,N
17469,J_1,A2CONTROLGOV,N
17469,J_1,A2CONTROLBANKS,N
17469,J_1,A2CONTROLMEDIA,N
17469,J_1,A2LOYALTY,N
17469,J_1,A2DISEASE,N
17469,J_1,A3WEALTH,N
17469,J_1,A3STINGY,N
17469,J_1,A3UNPATRIOTIC,N
17469,J_1,A3CARICATURE,N
17469,J_1,A3VIOLENCE,N
17469,J_1,A3SYNAGOGUE,N
17469,J_1,A3SWASTIKA,N
17469,J_1,A3DISCRIMINATION,N
38963,J_1,A1ESSENTIAL,A
38963,J_1,A2EVIL,N
38963,J_1,A2CONSPIRACY,N
38963,J_1,A2HIDDENPOWER,N
38963,J_1,A2COLLECTIVEAGENDA,N
38963,J_1,A2CONTROLGOV,N
38963,J_1,A2CONTROLBANKS,N
38963,J_1,A2CONTROLMEDIA,N
38963,J_1,A2LOYALTY,N
38963,J_1,A2DISEASE,N
38963,J_1,A3WEALTH,N
38963,J_1,A3STINGY,N
38963,J_1,A3UNPATRIOTIC,N
38963,J_1,A3CARICATURE,N
38963,J_1,A3VIOLENCE,N
38963,J_1,A3SYNAGOGUE,N
38963,J_1,A3SWASTIKA,N
38963,J_1,A3DISCRIMINATION,N
44243,J_1,A1ESSENTIAL,A
44243,J_1,A2EVIL,A
44243,J_1,A2CONSPIRACY,A
44243,J_1,A2HIDDENPOWER,A
44243,J_1,A2COLLECTIVEAGENDA,A
44243,J_1,A2CONTROLGOV,N
44243,J_1,A2CONTROLBANKS,N
44243,J_1,A2CONTROLMEDIA,N
44243,J_1,A2LOYALTY,N
44243,J_1,A2DISEASE,N
44243,J_1,A3WEALTH,N
44243,J_1,A3STINGY,N
44243,J_1,A3UNPATRIOTIC,N
44243,J_1,A3CARICATURE,N
44243,J_1,A3VIOLENCE,N
44243,J_1,A3SYNAGOGUE,N
44243,J_1,A3SWASTIKA,N
44243,J_1,A3DISCRIMINATION,N
41775,J_1,A1ESSENTIAL,N
41775,J_1,A2EVIL,N
41775,J_1,A2CONSPIRACY,N
41775,J_1,A2HIDDENPOWER,N
41775,J_1,A2COLLECTIVEAGENDA,N
41775,J_1,A2CONTROLGOV,N
41775,J_1,A2CONTROLBANKS,N
41775,J_1,A2CONTROLMEDIA,N
41775,J_1,A2LOYALTY,N
41775,J_1,A2DISEASE,N
41775,J_1,A3WEALTH,N
41775,J_1,A3STINGY,N
41775,J_1,A3UNPATRIOTIC,N
41775,J_1,A3CARICATURE,N
41775,J_1,A3VIOLENCE,N
41775,J_1,A3SYNAGOGUE,N
41775,J_1,A3SWASTIKA,N
41775,J_1,A3DISCRIMINATION,N
12691,J_1,A1ESSENTIAL,N
12691,J_1,A2EVIL,N
12691,J_1,A2CONSPIRACY,N
12691,J_1,A2HIDDENPOWER,N
12691,J_1,A2COLLECTIVEAGENDA,N
12691,J_1,A2CONTROLGOV,N
12691,J_1,A2CONTROLBANKS,N
12691,J_1,A2CONTROLMEDIA,N
12691,J_1,A2LOYALTY,N
12691,J_1,A2DISEASE,N
12691,J_1,A3WEALTH,N
12691,J_1,A3STINGY,N
12691,J_1,A3UNPATRIOTIC,N
12691,J_1,A3CARICATURE,N
12691,J_1,A3VIOLENCE,N
12691,J_1,A3SYNAGOGUE,N
12691,J_1,A3SWASTIKA,N
12691,J_1,A3DISCRIMINATION,N
14602,J_1,A1ESSENTIAL,N
14602,J_1,A2EVIL,N
14602,J_1,A2CONSPIRACY,N
14602,J_1,A2HIDDENPOWER,N
14602,J_1,A2COLLECTIVEAGENDA,N
14602,J_1,A2CONTROLGOV,N
14602,J_1,A2CONTROLBANKS,N
14602,J_1,A2CONTROLMEDIA,N
14602,J_1,A2LOYALTY,N
14602,J_1,A2DISEASE,N
14602,J_1,A3WEALTH,N
14602,J_1,A3STINGY,N
14602,J_1,A3UNPATRIOTIC,N
14602,J_1,A3CARICATURE,N
14602,J_1,A3VIOLENCE,I
14602,J_1,A3SYNAGOGUE,N
14602,J_1,A3SWASTIKA,N
14602,J_1,A3DISCRIMINATION,N
43483,J_1,A1ESSENTIAL,E
43483,J_1,A2EVIL,E
43483,J_1,A2CONSPIRACY,E
43483,J_1,A2HIDDENPOWER,E
43483,J_1,A2COLLECTIVEAGENDA,E
43483,J_1,A2CONTROLGOV,N
43483,J_1,A2CONTROLBANKS,N
43483,J_1,A2CONTROLMEDIA,E
43483,J_1,A2LOYALTY,N
43483,J_1,A2DISEASE,N
43483,J_1,A3WEALTH,N
43483,J_1,A3STINGY,N
43483,J_1,A3UNPATRIOTIC,N
43483,J_1,A3CARICATURE,N
43483,J_1,A3VIOLENCE,N
43483,J_1,A3SYNAGOGUE,N
43483,J_1,A3SWASTIKA,N
43483,J_1,A3DISCRIMINATION,N
7136,J_1,A1ESSENTIAL,A
7136,J_1,A2EVIL,N
7136,J_1,A2CONSPIRACY,N
7136,J_1,A2HIDDENPOWER,N
7136,J_1,A2COLLECTIVEAGENDA,N
7136,J_1,A2CONTROLGOV,N
7136,J_1,A2CONTROLBANKS,N
7136,J_1,A2CONTROLMEDIA,N
7136,J_1,A2LOYALTY,N
7136,J_1,A2DISEASE,N
7136,J_1,A3WEALTH,N
7136,J_1,A3STINGY,N
7136,J_1,A3UNPATRIOTIC,N
7136,J_1,A3CARICATURE,N
7136,J_1,A3VIOLENCE,N
7136,J_1,A3SYNAGOGUE,N
7136,J_1,A3SWASTIKA,N
7136,J_1,A3DISCRIMINATION,N
14347,J_1,A1ESSENTIAL,N
14347,J_1,A2EVIL,N
14347,J_1,A2CONSPIRACY,N
14347,J_1,A2HIDDENPOWER,N
14347,J_1,A2COLLECTIVEAGENDA,N
14347,J_1,A2CONTROLGOV,N
14347,J_1,A2CONTROLBANKS,N
14347,J_1,A2CONTROLMEDIA,N
14347,J_1,A2LOYALTY,N
14347,J_1,A2DISEASE,N
14347,J_1,A3WEALTH,N
14347,J_1,A3STINGY,N
14347,J_1,A3UNPATRIOTIC,N
14347,J_1,A3CARICATURE,N
14347,J_1,A3VIOLENCE,N
14347,J_1,A3SYNAGOGUE,N
14347,J_1,A3SWASTIKA,N
14347,J_1,A3DISCRIMINATION,N
38145,J_1,A1ESSENTIAL,N
38145,J_1,A2EVIL,N
38145,J_1,A2CONSPIRACY,N
38145,J_1,A2HIDDENPOWER,N
38145,J_1,A2COLLECTIVEAGENDA,N
38145,J_1,A2CONTROLGOV,N
38145,J_1,A2CONTROLBANKS,N
38145,J_1,A2CONTROLMEDIA,N
38145,J_1,A2LOYALTY,N
38145,J_1,A2DISEASE,N
38145,J_1,A3WEALTH,N
38145,J_1,A3STINGY,N
38145,J_1,A3UNPATRIOTIC,N
38145,J_1,A3CARICATURE,N
38145,J_1,A3VIOLENCE,N
38145,J_1,A3SYNAGOGUE,N
38145,J_1,A3SWASTIKA,N
38145,J_1,A3DISCRIMINATION,N
8221,J_1,A1ESSENTIAL,N
8221,J_1,A2EVIL,N
8221,J_1,A2CONSPIRACY,N
8221,J_1,A2HIDDENPOWER,N
8221,J_1,A2COLLECTIVEAGENDA,N
8221,J_1,A2CONTROLGOV,N
8221,J_1,A2CONTROLBANKS,N
8221,J_1,A2CONTROLMEDIA,N
8221,J_1,A2LOYALTY,N
8221,J_1,A2DISEASE,N
8221,J_1,A3WEALTH,N
8221,J_1,A3STINGY,N
8221,J_1,A3UNPATRIOTIC,N
8221,J_1,A3CARICATURE,N
8221,J_1,A3VIOLENCE,N
8221,J_1,A3SYNAGOGUE,N
8221,J_1,A3SWASTIKA,N
8221,J_1,A3DISCRIMINATION,N
9095,J_1,A1ESSENTIAL,N
9095,J_1,A2EVIL,N
9095,J_1,A2CONSPIRACY,N
9095,J_1,A2HIDDENPOWER,N
9095,J_1,A2COLLECTIVEAGENDA,N
9095,J_1,A2CONTROLGOV,N
9095,J_1,A2CONTROLBANKS,N
9095,J_1,A2CONTROLMEDIA,N
9095,J_1,A2LOYALTY,N
9095,J_1,A2DISEASE,N
9095,J_1,A3WEALTH,N
9095,J_1,A3STINGY,N
9095,J_1,A3UNPATRIOTIC,N
9095,J_1,A3CARICATURE,N
9095,J_1,A3VIOLENCE,N
9095,J_1,A3SYNAGOGUE,N
9095,J_1,A3SWASTIKA,N
9095,J_1,A3DISCRIMINATION,N
20064,J_1,A1ESSENTIAL,N
20064,J_1,A2EVIL,N
20064,J_1,A2CONSPIRACY,N
20064,J_1,A2HIDDENPOWER,N
20064,J_1,A2COLLECTIVEAGENDA,N
20064,J_1,A2CONTROLGOV,N
20064,J_1,A2CONTROLBANKS,N
20064,J_1,A2CONTROLMEDIA,N
20064,J_1,A2LOYALTY,N
20064,J_1,A2DISEASE,N
20064,J_1,A3WEALTH,N
20064,J_1,A3STINGY,N
20064,J_1,A3UNPATRIOTIC,N
20064,J_1,A3CARICATURE,N
20064,J_1,A3VIOLENCE,N
20064,J_1,A3SYNAGOGUE,N
20064,J_1,A3SWASTIKA,N
20064,J_1,A3DISCRIMINATION,N
11152,J_1,A1ESSENTIAL,N
11152,J_1,A2EVIL,N
11152,J_1,A2CONSPIRACY,N
11152,J_1,A2HIDDENPOWER,N
11152,J_1,A2COLLECTIVEAGENDA,N
11152,J_1,A2CONTROLGOV,N
11152,J_1,A2CONTROLBANKS,N
11152,J_1,A2CONTROLMEDIA,N
11152,J_1,A2LOYALTY,N
11152,J_1,A2DISEASE,N
11152,J_1,A3WEALTH,N
11152,J_1,A3STINGY,N
11152,J_1,A3UNPATRIOTIC,N
11152,J_1,A3CARICATURE,N
11152,J_1,A3VIOLENCE,N
11152,J_1,A3SYNAGOGUE,N
11152,J_1,A3SWASTIKA,N
11152,J_1,A3DISCRIMINATION,N
42264,J_1,A1ESSENTIAL,A
42264,J_1,A2EVIL,A
42264,J_1,A2CONSPIRACY,N
42264,J_1,A2HIDDENPOWER,N
42264,J_1,A2COLLECTIVEAGENDA,A
42264,J_1,A2CONTROLGOV,N
42264,J_1,A2CONTROLBANKS,N
42264,J_1,A2CONTROLMEDIA,N
42264,J_1,A2LOYALTY,A
42264,J_1,A2DISEASE,N
42264,J_1,A3WEALTH,N
42264,J_1,A3STINGY,N
42264,J_1,A3UNPATRIOTIC,N
42264,J_1,A3CARICATURE,N
42264,J_1,A3VIOLENCE,N
42264,J_1,A3SYNAGOGUE,N
42264,J_1,A3SWASTIKA,N
42264,J_1,A3DISCRIMINATION,N
42450,J_1,A1ESSENTIAL,E
42450,J_1,A2EVIL,N
42450,J_1,A2CONSPIRACY,N
42450,J_1,A2HIDDENPOWER,N
42450,J_1,A2COLLECTIVEAGENDA,N
42450,J_1,A2CONTROLGOV,N
42450,J_1,A2CONTROLBANKS,N
42450,J_1,A2CONTROLMEDIA,N
42450,J_1,A2LOYALTY,N
42450,J_1,A2DISEASE,N
42450,J_1,A3WEALTH,N
42450,J_1,A3STINGY,N
42450,J_1,A3UNPATRIOTIC,N
42450,J_1,A3CARICATURE,N
42450,J_1,A3VIOLENCE,N
42450,J_1,A3SYNAGOGUE,N
42450,J_1,A3SWASTIKA,N
42450,J_1,A3DISCRIMINATION,N
27940,J_1,A1ESSENTIAL,E
27940,J_1,A2EVIL,N
27940,J_1,A2CONSPIRACY,N
27940,J_1,A2HIDDENPOWER,N
27940,J_1,A2COLLECTIVEAGENDA,N
27940,J_1,A2CONTROLGOV,N
27940,J_1,A2CONTROLBANKS,N
27940,J_1,A2CONTROLMEDIA,N
27940,J_1,A2LOYALTY,N
27940,J_1,A2DISEASE,N
27940,J_1,A3WEALTH,N
27940,J_1,A3STINGY,N
27940,J_1,A3UNPATRIOTIC,N
27940,J_1,A3CARICATURE,N
27940,J_1,A3VIOLENCE,N
27940,J_1,A3SYNAGOGUE,N
27940,J_1,A3SWASTIKA,N
27940,J_1,A3DISCRIMINATION,N
9896,J_1,A1ESSENTIAL,N
9896,J_1,A2EVIL,N
9896,J_1,A2CONSPIRACY,N
9896,J_1,A2HIDDENPOWER,N
9896,J_1,A2COLLECTIVEAGENDA,N
9896,J_1,A2CONTROLGOV,N
9896,J_1,A2CONTROLBANKS,N
9896,J_1,A2CONTROLMEDIA,N
9896,J_1,A2LOYALTY,N
9896,J_1,A2DISEASE,N
9896,J_1,A3WEALTH,N
9896,J_1,A3STINGY,N
9896,J_1,A3UNPATRIOTIC,N
9896,J_1,A3CARICATURE,N
9896,J_1,A3VIOLENCE,N
9896,J_1,A3SYNAGOGUE,N
9896,J_1,A3SWASTIKA,N
9896,J_1,A3DISCRIMINATION,N
44583,J_1,A1ESSENTIAL,I
44583,J_1,A2EVIL,N
44583,J_1,A2CONSPIRACY,N
44583,J_1,A2HIDDENPOWER,N
44583,J_1,A2COLLECTIVEAGENDA,N
44583,J_1,A2CONTROLGOV,N
44583,J_1,A2CONTROLBANKS,N
44583,J_1,A2CONTROLMEDIA,N
44583,J_1,A2LOYALTY,N
44583,J_1,A2DISEASE,N
44583,J_1,A3WEALTH,N
44583,J_1,A3STINGY,N
44583,J_1,A3UNPATRIOTIC,N
44583,J_1,A3CARICATURE,N
44583,J_1,A3VIOLENCE,N
44583,J_1,A3SYNAGOGUE,N
44583,J_1,A3SWASTIKA,N
44583,J_1,A3DISCRIMINATION,N
23079,J_1,A1ESSENTIAL,N
23079,J_1,A2EVIL,N
23079,J_1,A2CONSPIRACY,N
23079,J_1,A2HIDDENPOWER,N
23079,J_1,A2COLLECTIVEAGENDA,N
23079,J_1,A2CONTROLGOV,N
23079,J_1,A2CONTROLBANKS,N
23079,J_1,A2CONTROLMEDIA,N
23079,J_1,A2LOYALTY,N
23079,J_1,A2DISEASE,N
23079,J_1,A3WEALTH,N
23079,J_1,A3STINGY,N
23079,J_1,A3UNPATRIOTIC,N
23079,J_1,A3CARICATURE,N
23079,J_1,A3VIOLENCE,N
23079,J_1,A3SYNAGOGUE,N
23079,J_1,A3SWASTIKA,N
23079,J_1,A3DISCRIMINATION,N
14532,J_1,A1ESSENTIAL,N
14532,J_1,A2EVIL,N
14532,J_1,A2CONSPIRACY,N
14532,J_1,A2HIDDENPOWER,N
14532,J_1,A2COLLECTIVEAGENDA,N
14532,J_1,A2CONTROLGOV,N
14532,J_1,A2CONTROLBANKS,N
14532,J_1,A2CONTROLMEDIA,N
14532,J_1,A2LOYALTY,N
14532,J_1,A2DISEASE,N
14532,J_1,A3WEALTH,N
14532,J_1,A3STINGY,N
14532,J_1,A3UNPATRIOTIC,N
14532,J_1,A3CARICATURE,N
14532,J_1,A3VIOLENCE,N
14532,J_1,A3SYNAGOGUE,N
14532,J_1,A3SWASTIKA,N
14532,J_1,A3DISCRIMINATION,N
40226,J_1,A1ESSENTIAL,E
40226,J_1,A2EVIL,I
40226,J_1,A2CONSPIRACY,N
40226,J_1,A2HIDDENPOWER,N
40226,J_1,A2COLLECTIVEAGENDA,N
40226,J_1,A2CONTROLGOV,N
40226,J_1,A2CONTROLBANKS,N
40226,J_1,A2CONTROLMEDIA,N
40226,J_1,A2LOYALTY,I
40226,J_1,A2DISEASE,N
40226,J_1,A3WEALTH,N
40226,J_1,A3STINGY,N
40226,J_1,A3UNPATRIOTIC,N
40226,J_1,A3CARICATURE,E
40226,J_1,A3VIOLENCE,N
40226,J_1,A3SYNAGOGUE,N
40226,J_1,A3SWASTIKA,N
40226,J_1,A3DISCRIMINATION,N
7525,J_1,A1ESSENTIAL,N
7525,J_1,A2EVIL,N
7525,J_1,A2CONSPIRACY,N
7525,J_1,A2HIDDENPOWER,N
7525,J_1,A2COLLECTIVEAGENDA,N
7525,J_1,A2CONTROLGOV,N
7525,J_1,A2CONTROLBANKS,N
7525,J_1,A2CONTROLMEDIA,N
7525,J_1,A2LOYALTY,N
7525,J_1,A2DISEASE,N
7525,J_1,A3WEALTH,N
7525,J_1,A3STINGY,N
7525,J_1,A3UNPATRIOTIC,N
7525,J_1,A3CARICATURE,N
7525,J_1,A3VIOLENCE,N
7525,J_1,A3SYNAGOGUE,N
7525,J_1,A3SWASTIKA,N
7525,J_1,A3DISCRIMINATION,N
12227,J_1,A1ESSENTIAL,E
12227,J_1,A2EVIL,I
12227,J_1,A2CONSPIRACY,N
12227,J_1,A2HIDDENPOWER,N
12227,J_1,A2COLLECTIVEAGENDA,N
12227,J_1,A2CONTROLGOV,N
12227,J_1,A2CONTROLBANKS,N
12227,J_1,A2CONTROLMEDIA,N
12227,J_1,A2LOYALTY,N
12227,J_1,A2DISEASE,N
12227,J_1,A3WEALTH,N
12227,J_1,A3STINGY,N
12227,J_1,A3UNPATRIOTIC,N
12227,J_1,A3CARICATURE,E
12227,J_1,A3VIOLENCE,N
12227,J_1,A3SYNAGOGUE,N
12227,J_1,A3SWASTIKA,N
12227,J_1,A3DISCRIMINATION,N
29881,J_1,A1ESSENTIAL,N
29881,J_1,A2EVIL,N
29881,J_1,A2CONSPIRACY,N
29881,J_1,A2HIDDENPOWER,N
29881,J_1,A2COLLECTIVEAGENDA,N
29881,J_1,A2CONTROLGOV,N
29881,J_1,A2CONTROLBANKS,N
29881,J_1,A2CONTROLMEDIA,N
29881,J_1,A2LOYALTY,N
29881,J_1,A2DISEASE,N
29881,J_1,A3WEALTH,N
29881,J_1,A3STINGY,N
29881,J_1,A3UNPATRIOTIC,N
29881,J_1,A3CARICATURE,N
29881,J_1,A3VIOLENCE,N
29881,J_1,A3SYNAGOGUE,N
29881,J_1,A3SWASTIKA,N
29881,J_1,A3DISCRIMINATION,N
12019,J_1,A1ESSENTIAL,N
12019,J_1,A2EVIL,N
12019,J_1,A2CONSPIRACY,N
12019,J_1,A2HIDDENPOWER,N
12019,J_1,A2COLLECTIVEAGENDA,N
12019,J_1,A2CONTROLGOV,N
12019,J_1,A2CONTROLBANKS,N
12019,J_1,A2CONTROLMEDIA,N
12019,J_1,A2LOYALTY,N
12019,J_1,A2DISEASE,N
12019,J_1,A3WEALTH,N
12019,J_1,A3STINGY,N
12019,J_1,A3UNPATRIOTIC,N
12019,J_1,A3CARICATURE,N
12019,J_1,A3VIOLENCE,N
12019,J_1,A3SYNAGOGUE,N
12019,J_1,A3SWASTIKA,N
12019,J_1,A3DISCRIMINATION,N
33677,J_1,A1ESSENTIAL,N
33677,J_1,A2EVIL,N
33677,J_1,A2CONSPIRACY,N
33677,J_1,A2HIDDENPOWER,N
33677,J_1,A2COLLECTIVEAGENDA,N
33677,J_1,A2CONTROLGOV,N
33677,J_1,A2CONTROLBANKS,N
33677,J_1,A2CONTROLMEDIA,N
33677,J_1,A2LOYALTY,N
33677,J_1,A2DISEASE,N
33677,J_1,A3WEALTH,N
33677,J_1,A3STINGY,N
33677,J_1,A3UNPATRIOTIC,N
33677,J_1,A3CARICATURE,N
33677,J_1,A3VIOLENCE,N
33677,J_1,A3SYNAGOGUE,N
33677,J_1,A3SWASTIKA,N
33677,J_1,A3DISCRIMINATION,N
6635,J_1,A1ESSENTIAL,N
6635,J_1,A2EVIL,N
6635,J_1,A2CONSPIRACY,N
6635,J_1,A2HIDDENPOWER,N
6635,J_1,A2COLLECTIVEAGENDA,N
6635,J_1,A2CONTROLGOV,N
6635,J_1,A2CONTROLBANKS,N
6635,J_1,A2CONTROLMEDIA,N
6635,J_1,A2LOYALTY,N
6635,J_1,A2DISEASE,N
6635,J_1,A3WEALTH,N
6635,J_1,A3STINGY,N
6635,J_1,A3UNPATRIOTIC,N
6635,J_1,A3CARICATURE,N
6635,J_1,A3VIOLENCE,N
6635,J_1,A3SYNAGOGUE,N
6635,J_1,A3SWASTIKA,N
6635,J_1,A3DISCRIMINATION,N
2787,J_1,A1ESSENTIAL,N
2787,J_1,A2EVIL,N
2787,J_1,A2CONSPIRACY,N
2787,J_1,A2HIDDENPOWER,N
2787,J_1,A2COLLECTIVEAGENDA,N
2787,J_1,A2CONTROLGOV,N
2787,J_1,A2CONTROLBANKS,N
2787,J_1,A2CONTROLMEDIA,N
2787,J_1,A2LOYALTY,N
2787,J_1,A2DISEASE,N
2787,J_1,A3WEALTH,N
2787,J_1,A3STINGY,N
2787,J_1,A3UNPATRIOTIC,N
2787,J_1,A3CARICATURE,N
2787,J_1,A3VIOLENCE,N
2787,J_1,A3SYNAGOGUE,N
2787,J_1,A3SWASTIKA,N
2787,J_1,A3DISCRIMINATION,N
27897,J_1,A1ESSENTIAL,N
27897,J_1,A2EVIL,N
27897,J_1,A2CONSPIRACY,N
27897,J_1,A2HIDDENPOWER,N
27897,J_1,A2COLLECTIVEAGENDA,N
27897,J_1,A2CONTROLGOV,N
27897,J_1,A2CONTROLBANKS,N
27897,J_1,A2CONTROLMEDIA,N
27897,J_1,A2LOYALTY,N
27897,J_1,A2DISEASE,N
27897,J_1,A3WEALTH,N
27897,J_1,A3STINGY,N
27897,J_1,A3UNPATRIOTIC,N
27897,J_1,A3CARICATURE,N
27897,J_1,A3VIOLENCE,N
27897,J_1,A3SYNAGOGUE,N
27897,J_1,A3SWASTIKA,N
27897,J_1,A3DISCRIMINATION,N
30035,J_1,A1ESSENTIAL,N
30035,J_1,A2EVIL,N
30035,J_1,A2CONSPIRACY,N
30035,J_1,A2HIDDENPOWER,N
30035,J_1,A2COLLECTIVEAGENDA,N
30035,J_1,A2CONTROLGOV,N
30035,J_1,A2CONTROLBANKS,N
30035,J_1,A2CONTROLMEDIA,N
30035,J_1,A2LOYALTY,N
30035,J_1,A2DISEASE,N
30035,J_1,A3WEALTH,N
30035,J_1,A3STINGY,N
30035,J_1,A3UNPATRIOTIC,N
30035,J_1,A3CARICATURE,N
30035,J_1,A3VIOLENCE,N
30035,J_1,A3SYNAGOGUE,N
30035,J_1,A3SWASTIKA,N
30035,J_1,A3DISCRIMINATION,N
45151,J_1,A1ESSENTIAL,N
45151,J_1,A2EVIL,N
45151,J_1,A2CONSPIRACY,N
45151,J_1,A2HIDDENPOWER,N
45151,J_1,A2COLLECTIVEAGENDA,N
45151,J_1,A2CONTROLGOV,N
45151,J_1,A2CONTROLBANKS,N
45151,J_1,A2CONTROLMEDIA,N
45151,J_1,A2LOYALTY,N
45151,J_1,A2DISEASE,N
45151,J_1,A3WEALTH,N
45151,J_1,A3STINGY,N
45151,J_1,A3UNPATRIOTIC,N
45151,J_1,A3CARICATURE,N
45151,J_1,A3VIOLENCE,N
45151,J_1,A3SYNAGOGUE,N
45151,J_1,A3SWASTIKA,N
45151,J_1,A3DISCRIMINATION,N
20004,J_1,A1ESSENTIAL,N
20004,J_1,A2EVIL,N
20004,J_1,A2CONSPIRACY,N
20004,J_1,A2HIDDENPOWER,N
20004,J_1,A2COLLECTIVEAGENDA,N
20004,J_1,A2CONTROLGOV,N
20004,J_1,A2CONTROLBANKS,N
20004,J_1,A2CONTROLMEDIA,N
20004,J_1,A2LOYALTY,N
20004,J_1,A2DISEASE,N
20004,J_1,A3WEALTH,N
20004,J_1,A3STINGY,N
20004,J_1,A3UNPATRIOTIC,N
20004,J_1,A3CARICATURE,N
20004,J_1,A3VIOLENCE,N
20004,J_1,A3SYNAGOGUE,N
20004,J_1,A3SWASTIKA,N
20004,J_1,A3DISCRIMINATION,N
34706,J_1,A1ESSENTIAL,N
34706,J_1,A2EVIL,N
34706,J_1,A2CONSPIRACY,N
34706,J_1,A2HIDDENPOWER,N
34706,J_1,A2COLLECTIVEAGENDA,N
34706,J_1,A2CONTROLGOV,N
34706,J_1,A2CONTROLBANKS,N
34706,J_1,A2CONTROLMEDIA,N
34706,J_1,A2LOYALTY,N
34706,J_1,A2DISEASE,N
34706,J_1,A3WEALTH,N
34706,J_1,A3STINGY,N
34706,J_1,A3UNPATRIOTIC,N
34706,J_1,A3CARICATURE,N
34706,J_1,A3VIOLENCE,N
34706,J_1,A3SYNAGOGUE,N
34706,J_1,A3SWASTIKA,N
34706,J_1,A3DISCRIMINATION,N
30827,J_1,A1ESSENTIAL,N
30827,J_1,A2EVIL,N
30827,J_1,A2CONSPIRACY,N
30827,J_1,A2HIDDENPOWER,N
30827,J_1,A2COLLECTIVEAGENDA,N
30827,J_1,A2CONTROLGOV,N
30827,J_1,A2CONTROLBANKS,N
30827,J_1,A2CONTROLMEDIA,N
30827,J_1,A2LOYALTY,N
30827,J_1,A2DISEASE,N
30827,J_1,A3WEALTH,N
30827,J_1,A3STINGY,N
30827,J_1,A3UNPATRIOTIC,N
30827,J_1,A3CARICATURE,N
30827,J_1,A3VIOLENCE,N
30827,J_1,A3SYNAGOGUE,N
30827,J_1,A3SWASTIKA,N
30827,J_1,A3DISCRIMINATION,N
11438,J_1,A1ESSENTIAL,N
11438,J_1,A2EVIL,N
11438,J_1,A2CONSPIRACY,N
11438,J_1,A2HIDDENPOWER,N
11438,J_1,A2COLLECTIVEAGENDA,N
11438,J_1,A2CONTROLGOV,N
11438,J_1,A2CONTROLBANKS,N
11438,J_1,A2CONTROLMEDIA,N
11438,J_1,A2LOYALTY,N
11438,J_1,A2DISEASE,N
11438,J_1,A3WEALTH,N
11438,J_1,A3STINGY,N
11438,J_1,A3UNPATRIOTIC,N
11438,J_1,A3CARICATURE,N
11438,J_1,A3VIOLENCE,N
11438,J_1,A3SYNAGOGUE,N
11438,J_1,A3SWASTIKA,N
11438,J_1,A3DISCRIMINATION,N
14635,J_1,A1ESSENTIAL,N
14635,J_1,A2EVIL,N
14635,J_1,A2CONSPIRACY,N
14635,J_1,A2HIDDENPOWER,N
14635,J_1,A2COLLECTIVEAGENDA,N
14635,J_1,A2CONTROLGOV,N
14635,J_1,A2CONTROLBANKS,N
14635,J_1,A2CONTROLMEDIA,N
14635,J_1,A2LOYALTY,N
14635,J_1,A2DISEASE,N
14635,J_1,A3WEALTH,N
14635,J_1,A3STINGY,N
14635,J_1,A3UNPATRIOTIC,N
14635,J_1,A3CARICATURE,N
14635,J_1,A3VIOLENCE,N
14635,J_1,A3SYNAGOGUE,N
14635,J_1,A3SWASTIKA,N
14635,J_1,A3DISCRIMINATION,N
40479,J_1,A1ESSENTIAL,A
40479,J_1,A2EVIL,I
40479,J_1,A2CONSPIRACY,N
40479,J_1,A2HIDDENPOWER,N
40479,J_1,A2COLLECTIVEAGENDA,N
40479,J_1,A2CONTROLGOV,N
40479,J_1,A2CONTROLBANKS,N
40479,J_1,A2CONTROLMEDIA,N
40479,J_1,A2LOYALTY,N
40479,J_1,A2DISEASE,N
40479,J_1,A3WEALTH,N
40479,J_1,A3STINGY,N
40479,J_1,A3UNPATRIOTIC,N
40479,J_1,A3CARICATURE,N
40479,J_1,A3VIOLENCE,N
40479,J_1,A3SYNAGOGUE,N
40479,J_1,A3SWASTIKA,N
40479,J_1,A3DISCRIMINATION,N
21042,J_1,A1ESSENTIAL,N
21042,J_1,A2EVIL,N
21042,J_1,A2CONSPIRACY,N
21042,J_1,A2HIDDENPOWER,N
21042,J_1,A2COLLECTIVEAGENDA,N
21042,J_1,A2CONTROLGOV,N
21042,J_1,A2CONTROLBANKS,N
21042,J_1,A2CONTROLMEDIA,N
21042,J_1,A2LOYALTY,N
21042,J_1,A2DISEASE,N
21042,J_1,A3WEALTH,N
21042,J_1,A3STINGY,N
21042,J_1,A3UNPATRIOTIC,N
21042,J_1,A3CARICATURE,N
21042,J_1,A3VIOLENCE,N
21042,J_1,A3SYNAGOGUE,N
21042,J_1,A3SWASTIKA,N
21042,J_1,A3DISCRIMINATION,N
5990,J_1,A1ESSENTIAL,N
5990,J_1,A2EVIL,N
5990,J_1,A2CONSPIRACY,N
5990,J_1,A2HIDDENPOWER,N
5990,J_1,A2COLLECTIVEAGENDA,N
5990,J_1,A2CONTROLGOV,N
5990,J_1,A2CONTROLBANKS,N
5990,J_1,A2CONTROLMEDIA,N
5990,J_1,A2LOYALTY,N
5990,J_1,A2DISEASE,N
5990,J_1,A3WEALTH,N
5990,J_1,A3STINGY,N
5990,J_1,A3UNPATRIOTIC,N
5990,J_1,A3CARICATURE,N
5990,J_1,A3VIOLENCE,N
5990,J_1,A3SYNAGOGUE,N
5990,J_1,A3SWASTIKA,N
5990,J_1,A3DISCRIMINATION,N
25083,J_1,A1ESSENTIAL,N
25083,J_1,A2EVIL,N
25083,J_1,A2CONSPIRACY,N
25083,J_1,A2HIDDENPOWER,N
25083,J_1,A2COLLECTIVEAGENDA,N
25083,J_1,A2CONTROLGOV,N
25083,J_1,A2CONTROLBANKS,N
25083,J_1,A2CONTROLMEDIA,N
25083,J_1,A2LOYALTY,N
25083,J_1,A2DISEASE,N
25083,J_1,A3WEALTH,N
25083,J_1,A3STINGY,N
25083,J_1,A3UNPATRIOTIC,N
25083,J_1,A3CARICATURE,N
25083,J_1,A3VIOLENCE,N
25083,J_1,A3SYNAGOGUE,N
25083,J_1,A3SWASTIKA,N
25083,J_1,A3DISCRIMINATION,E
4031,J_1,A1ESSENTIAL,E
4031,J_1,A2EVIL,I
4031,J_1,A2CONSPIRACY,E
4031,J_1,A2HIDDENPOWER,N
4031,J_1,A2COLLECTIVEAGENDA,N
4031,J_1,A2CONTROLGOV,N
4031,J_1,A2CONTROLBANKS,N
4031,J_1,A2CONTROLMEDIA,N
4031,J_1,A2LOYALTY,N
4031,J_1,A2DISEASE,E
4031,J_1,A3WEALTH,N
4031,J_1,A3STINGY,N
4031,J_1,A3UNPATRIOTIC,N
4031,J_1,A3CARICATURE,N
4031,J_1,A3VIOLENCE,N
4031,J_1,A3SYNAGOGUE,N
4031,J_1,A3SWASTIKA,N
4031,J_1,A3DISCRIMINATION,N
42381,J_1,A1ESSENTIAL,A
42381,J_1,A2EVIL,N
42381,J_1,A2CONSPIRACY,N
42381,J_1,A2HIDDENPOWER,N
42381,J_1,A2COLLECTIVEAGENDA,A
42381,J_1,A2CONTROLGOV,N
42381,J_1,A2CONTROLBANKS,N
42381,J_1,A2CONTROLMEDIA,N
42381,J_1,A2LOYALTY,A
42381,J_1,A2DISEASE,N
42381,J_1,A3WEALTH,N
42381,J_1,A3STINGY,N
42381,J_1,A3UNPATRIOTIC,A
42381,J_1,A3CARICATURE,N
42381,J_1,A3VIOLENCE,N
42381,J_1,A3SYNAGOGUE,N
42381,J_1,A3SWASTIKA,N
42381,J_1,A3DISCRIMINATION,N
42422,J_1,A1ESSENTIAL,N
42422,J_1,A2EVIL,N
42422,J_1,A2CONSPIRACY,N
42422,J_1,A2HIDDENPOWER,N
42422,J_1,A2COLLECTIVEAGENDA,N
42422,J_1,A2CONTROLGOV,N
42422,J_1,A2CONTROLBANKS,N
42422,J_1,A2CONTROLMEDIA,N
42422,J_1,A2LOYALTY,N
42422,J_1,A2DISEASE,N
42422,J_1,A3WEALTH,N
42422,J_1,A3STINGY,N
42422,J_1,A3UNPATRIOTIC,N
42422,J_1,A3CARICATURE,N
42422,J_1,A3VIOLENCE,N
42422,J_1,A3SYNAGOGUE,N
42422,J_1,A3SWASTIKA,N
42422,J_1,A3DISCRIMINATION,N
6506,J_1,A1ESSENTIAL,N
6506,J_1,A2EVIL,N
6506,J_1,A2CONSPIRACY,N
6506,J_1,A2HIDDENPOWER,N
6506,J_1,A2COLLECTIVEAGENDA,N
6506,J_1,A2CONTROLGOV,N
6506,J_1,A2CONTROLBANKS,N
6506,J_1,A2CONTROLMEDIA,N
6506,J_1,A2LOYALTY,N
6506,J_1,A2DISEASE,N
6506,J_1,A3WEALTH,N
6506,J_1,A3STINGY,N
6506,J_1,A3UNPATRIOTIC,N
6506,J_1,A3CARICATURE,N
6506,J_1,A3VIOLENCE,N
6506,J_1,A3SYNAGOGUE,N
6506,J_1,A3SWASTIKA,N
6506,J_1,A3DISCRIMINATION,N
47823,J_1,A1ESSENTIAL,N
47823,J_1,A2EVIL,N
47823,J_1,A2CONSPIRACY,N
47823,J_1,A2HIDDENPOWER,N
47823,J_1,A2COLLECTIVEAGENDA,N
47823,J_1,A2CONTROLGOV,N
47823,J_1,A2CONTROLBANKS,N
47823,J_1,A2CONTROLMEDIA,N
47823,J_1,A2LOYALTY,N
47823,J_1,A2DISEASE,N
47823,J_1,A3WEALTH,N
47823,J_1,A3STINGY,N
47823,J_1,A3UNPATRIOTIC,N
47823,J_1,A3CARICATURE,N
47823,J_1,A3VIOLENCE,N
47823,J_1,A3SYNAGOGUE,N
47823,J_1,A3SWASTIKA,N
47823,J_1,A3DISCRIMINATION,N
45922,J_1,A1ESSENTIAL,N
45922,J_1,A2EVIL,N
45922,J_1,A2CONSPIRACY,N
45922,J_1,A2HIDDENPOWER,N
45922,J_1,A2COLLECTIVEAGENDA,N
45922,J_1,A2CONTROLGOV,N
45922,J_1,A2CONTROLBANKS,N
45922,J_1,A2CONTROLMEDIA,N
45922,J_1,A2LOYALTY,N
45922,J_1,A2DISEASE,N
45922,J_1,A3WEALTH,N
45922,J_1,A3STINGY,N
45922,J_1,A3UNPATRIOTIC,N
45922,J_1,A3CARICATURE,N
45922,J_1,A3VIOLENCE,N
45922,J_1,A3SYNAGOGUE,N
45922,J_1,A3SWASTIKA,N
45922,J_1,A3DISCRIMINATION,N
27513,J_1,A1ESSENTIAL,N
27513,J_1,A2EVIL,N
27513,J_1,A2CONSPIRACY,I
27513,J_1,A2HIDDENPOWER,N
27513,J_1,A2COLLECTIVEAGENDA,N
27513,J_1,A2CONTROLGOV,N
27513,J_1,A2CONTROLBANKS,N
27513,J_1,A2CONTROLMEDIA,N
27513,J_1,A2LOYALTY,N
27513,J_1,A2DISEASE,N
27513,J_1,A3WEALTH,N
27513,J_1,A3STINGY,N
27513,J_1,A3UNPATRIOTIC,N
27513,J_1,A3CARICATURE,N
27513,J_1,A3VIOLENCE,N
27513,J_1,A3SYNAGOGUE,N
27513,J_1,A3SWASTIKA,N
27513,J_1,A3DISCRIMINATION,N
20708,J_1,A1ESSENTIAL,N
20708,J_1,A2EVIL,N
20708,J_1,A2CONSPIRACY,N
20708,J_1,A2HIDDENPOWER,N
20708,J_1,A2COLLECTIVEAGENDA,N
20708,J_1,A2CONTROLGOV,N
20708,J_1,A2CONTROLBANKS,N
20708,J_1,A2CONTROLMEDIA,N
20708,J_1,A2LOYALTY,N
20708,J_1,A2DISEASE,N
20708,J_1,A3WEALTH,N
20708,J_1,A3STINGY,N
20708,J_1,A3UNPATRIOTIC,N
20708,J_1,A3CARICATURE,N
20708,J_1,A3VIOLENCE,N
20708,J_1,A3SYNAGOGUE,N
20708,J_1,A3SWASTIKA,N
20708,J_1,A3DISCRIMINATION,N
5534,J_1,A1ESSENTIAL,N
5534,J_1,A2EVIL,N
5534,J_1,A2CONSPIRACY,N
5534,J_1,A2HIDDENPOWER,N
5534,J_1,A2COLLECTIVEAGENDA,N
5534,J_1,A2CONTROLGOV,N
5534,J_1,A2CONTROLBANKS,N
5534,J_1,A2CONTROLMEDIA,N
5534,J_1,A2LOYALTY,N
5534,J_1,A2DISEASE,N
5534,J_1,A3WEALTH,N
5534,J_1,A3STINGY,N
5534,J_1,A3UNPATRIOTIC,N
5534,J_1,A3CARICATURE,N
5534,J_1,A3VIOLENCE,N
5534,J_1,A3SYNAGOGUE,N
5534,J_1,A3SWASTIKA,N
5534,J_1,A3DISCRIMINATION,N
22540,J_1,A1ESSENTIAL,N
22540,J_1,A2EVIL,N
22540,J_1,A2CONSPIRACY,N
22540,J_1,A2HIDDENPOWER,N
22540,J_1,A2COLLECTIVEAGENDA,N
22540,J_1,A2CONTROLGOV,N
22540,J_1,A2CONTROLBANKS,N
22540,J_1,A2CONTROLMEDIA,N
22540,J_1,A2LOYALTY,N
22540,J_1,A2DISEASE,N
22540,J_1,A3WEALTH,N
22540,J_1,A3STINGY,N
22540,J_1,A3UNPATRIOTIC,N
22540,J_1,A3CARICATURE,N
22540,J_1,A3VIOLENCE,N
22540,J_1,A3SYNAGOGUE,N
22540,J_1,A3SWASTIKA,N
22540,J_1,A3DISCRIMINATION,N
6761,J_1,A1ESSENTIAL,I
6761,J_1,A2EVIL,I
6761,J_1,A2CONSPIRACY,N
6761,J_1,A2HIDDENPOWER,N
6761,J_1,A2COLLECTIVEAGENDA,N
6761,J_1,A2CONTROLGOV,N
6761,J_1,A2CONTROLBANKS,N
6761,J_1,A2CONTROLMEDIA,N
6761,J_1,A2LOYALTY,N
6761,J_1,A2DISEASE,N
6761,J_1,A3WEALTH,N
6761,J_1,A3STINGY,N
6761,J_1,A3UNPATRIOTIC,N
6761,J_1,A3CARICATURE,N
6761,J_1,A3VIOLENCE,I
6761,J_1,A3SYNAGOGUE,N
6761,J_1,A3SWASTIKA,N
6761,J_1,A3DISCRIMINATION,N
28707,J_1,A1ESSENTIAL,N
28707,J_1,A2EVIL,N
28707,J_1,A2CONSPIRACY,N
28707,J_1,A2HIDDENPOWER,N
28707,J_1,A2COLLECTIVEAGENDA,N
28707,J_1,A2CONTROLGOV,N
28707,J_1,A2CONTROLBANKS,N
28707,J_1,A2CONTROLMEDIA,N
28707,J_1,A2LOYALTY,N
28707,J_1,A2DISEASE,N
28707,J_1,A3WEALTH,N
28707,J_1,A3STINGY,N
28707,J_1,A3UNPATRIOTIC,N
28707,J_1,A3CARICATURE,N
28707,J_1,A3VIOLENCE,N
28707,J_1,A3SYNAGOGUE,N
28707,J_1,A3SWASTIKA,N
28707,J_1,A3DISCRIMINATION,N
29054,J_1,A1ESSENTIAL,N
29054,J_1,A2EVIL,N
29054,J_1,A2CONSPIRACY,N
29054,J_1,A2HIDDENPOWER,N
29054,J_1,A2COLLECTIVEAGENDA,N
29054,J_1,A2CONTROLGOV,N
29054,J_1,A2CONTROLBANKS,N
29054,J_1,A2CONTROLMEDIA,N
29054,J_1,A2LOYALTY,N
29054,J_1,A2DISEASE,N
29054,J_1,A3WEALTH,N
29054,J_1,A3STINGY,N
29054,J_1,A3UNPATRIOTIC,N
29054,J_1,A3CARICATURE,N
29054,J_1,A3VIOLENCE,N
29054,J_1,A3SYNAGOGUE,N
29054,J_1,A3SWASTIKA,N
29054,J_1,A3DISCRIMINATION,N
26375,J_1,A1ESSENTIAL,N
26375,J_1,A2EVIL,N
26375,J_1,A2CONSPIRACY,N
26375,J_1,A2HIDDENPOWER,N
26375,J_1,A2COLLECTIVEAGENDA,N
26375,J_1,A2CONTROLGOV,N
26375,J_1,A2CONTROLBANKS,N
26375,J_1,A2CONTROLMEDIA,N
26375,J_1,A2LOYALTY,N
26375,J_1,A2DISEASE,N
26375,J_1,A3WEALTH,N
26375,J_1,A3STINGY,N
26375,J_1,A3UNPATRIOTIC,N
26375,J_1,A3CARICATURE,N
26375,J_1,A3VIOLENCE,N
26375,J_1,A3SYNAGOGUE,N
26375,J_1,A3SWASTIKA,N
26375,J_1,A3DISCRIMINATION,N
3055,J_1,A1ESSENTIAL,N
3055,J_1,A2EVIL,N
3055,J_1,A2CONSPIRACY,N
3055,J_1,A2HIDDENPOWER,N
3055,J_1,A2COLLECTIVEAGENDA,N
3055,J_1,A2CONTROLGOV,N
3055,J_1,A2CONTROLBANKS,N
3055,J_1,A2CONTROLMEDIA,N
3055,J_1,A2LOYALTY,N
3055,J_1,A2DISEASE,N
3055,J_1,A3WEALTH,N
3055,J_1,A3STINGY,N
3055,J_1,A3UNPATRIOTIC,N
3055,J_1,A3CARICATURE,N
3055,J_1,A3VIOLENCE,N
3055,J_1,A3SYNAGOGUE,N
3055,J_1,A3SWASTIKA,N
3055,J_1,A3DISCRIMINATION,N
49655,J_1,A1ESSENTIAL,E
49655,J_1,A2EVIL,N
49655,J_1,A2CONSPIRACY,N
49655,J_1,A2HIDDENPOWER,N
49655,J_1,A2COLLECTIVEAGENDA,N
49655,J_1,A2CONTROLGOV,N
49655,J_1,A2CONTROLBANKS,N
49655,J_1,A2CONTROLMEDIA,N
49655,J_1,A2LOYALTY,N
49655,J_1,A2DISEASE,N
49655,J_1,A3WEALTH,N
49655,J_1,A3STINGY,N
49655,J_1,A3UNPATRIOTIC,N
49655,J_1,A3CARICATURE,N
49655,J_1,A3VIOLENCE,N
49655,J_1,A3SYNAGOGUE,N
49655,J_1,A3SWASTIKA,N
49655,J_1,A3DISCRIMINATION,N
26324,J_1,A1ESSENTIAL,N
26324,J_1,A2EVIL,N
26324,J_1,A2CONSPIRACY,N
26324,J_1,A2HIDDENPOWER,N
26324,J_1,A2COLLECTIVEAGENDA,N
26324,J_1,A2CONTROLGOV,N
26324,J_1,A2CONTROLBANKS,N
26324,J_1,A2CONTROLMEDIA,N
26324,J_1,A2LOYALTY,N
26324,J_1,A2DISEASE,N
26324,J_1,A3WEALTH,N
26324,J_1,A3STINGY,N
26324,J_1,A3UNPATRIOTIC,N
26324,J_1,A3CARICATURE,N
26324,J_1,A3VIOLENCE,N
26324,J_1,A3SYNAGOGUE,N
26324,J_1,A3SWASTIKA,N
26324,J_1,A3DISCRIMINATION,N
44883,J_1,A1ESSENTIAL,N
44883,J_1,A2EVIL,N
44883,J_1,A2CONSPIRACY,N
44883,J_1,A2HIDDENPOWER,N
44883,J_1,A2COLLECTIVEAGENDA,N
44883,J_1,A2CONTROLGOV,N
44883,J_1,A2CONTROLBANKS,N
44883,J_1,A2CONTROLMEDIA,N
44883,J_1,A2LOYALTY,N
44883,J_1,A2DISEASE,N
44883,J_1,A3WEALTH,N
44883,J_1,A3STINGY,N
44883,J_1,A3UNPATRIOTIC,N
44883,J_1,A3CARICATURE,N
44883,J_1,A3VIOLENCE,N
44883,J_1,A3SYNAGOGUE,N
44883,J_1,A3SWASTIKA,N
44883,J_1,A3DISCRIMINATION,N
14864,J_1,A1ESSENTIAL,N
14864,J_1,A2EVIL,N
14864,J_1,A2CONSPIRACY,N
14864,J_1,A2HIDDENPOWER,N
14864,J_1,A2COLLECTIVEAGENDA,N
14864,J_1,A2CONTROLGOV,N
14864,J_1,A2CONTROLBANKS,N
14864,J_1,A2CONTROLMEDIA,N
14864,J_1,A2LOYALTY,N
14864,J_1,A2DISEASE,N
14864,J_1,A3WEALTH,N
14864,J_1,A3STINGY,N
14864,J_1,A3UNPATRIOTIC,N
14864,J_1,A3CARICATURE,N
14864,J_1,A3VIOLENCE,N
14864,J_1,A3SYNAGOGUE,N
14864,J_1,A3SWASTIKA,N
14864,J_1,A3DISCRIMINATION,N
10146,J_1,A1ESSENTIAL,N
10146,J_1,A2EVIL,N
10146,J_1,A2CONSPIRACY,N
10146,J_1,A2HIDDENPOWER,N
10146,J_1,A2COLLECTIVEAGENDA,N
10146,J_1,A2CONTROLGOV,N
10146,J_1,A2CONTROLBANKS,N
10146,J_1,A2CONTROLMEDIA,N
10146,J_1,A2LOYALTY,N
10146,J_1,A2DISEASE,N
10146,J_1,A3WEALTH,N
10146,J_1,A3STINGY,N
10146,J_1,A3UNPATRIOTIC,N
10146,J_1,A3CARICATURE,N
10146,J_1,A3VIOLENCE,N
10146,J_1,A3SYNAGOGUE,N
10146,J_1,A3SWASTIKA,N
10146,J_1,A3DISCRIMINATION,N
41451,J_1,A1ESSENTIAL,A
41451,J_1,A2EVIL,A
41451,J_1,A2CONSPIRACY,A
41451,J_1,A2HIDDENPOWER,A
41451,J_1,A2COLLECTIVEAGENDA,A
41451,J_1,A2CONTROLGOV,A
41451,J_1,A2CONTROLBANKS,N
41451,J_1,A2CONTROLMEDIA,A
41451,J_1,A2LOYALTY,A
41451,J_1,A2DISEASE,N
41451,J_1,A3WEALTH,N
41451,J_1,A3STINGY,N
41451,J_1,A3UNPATRIOTIC,N
41451,J_1,A3CARICATURE,N
41451,J_1,A3VIOLENCE,N
41451,J_1,A3SYNAGOGUE,N
41451,J_1,A3SWASTIKA,N
41451,J_1,A3DISCRIMINATION,N
7761,J_1,A1ESSENTIAL,N
7761,J_1,A2EVIL,N
7761,J_1,A2CONSPIRACY,N
7761,J_1,A2HIDDENPOWER,N
7761,J_1,A2COLLECTIVEAGENDA,N
7761,J_1,A2CONTROLGOV,N
7761,J_1,A2CONTROLBANKS,N
7761,J_1,A2CONTROLMEDIA,N
7761,J_1,A2LOYALTY,N
7761,J_1,A2DISEASE,N
7761,J_1,A3WEALTH,N
7761,J_1,A3STINGY,N
7761,J_1,A3UNPATRIOTIC,N
7761,J_1,A3CARICATURE,N
7761,J_1,A3VIOLENCE,N
7761,J_1,A3SYNAGOGUE,N
7761,J_1,A3SWASTIKA,N
7761,J_1,A3DISCRIMINATION,N
40551,J_1,A1ESSENTIAL,I
40551,J_1,A2EVIL,I
40551,J_1,A2CONSPIRACY,I
40551,J_1,A2HIDDENPOWER,I
40551,J_1,A2COLLECTIVEAGENDA,I
40551,J_1,A2CONTROLGOV,I
40551,J_1,A2CONTROLBANKS,N
40551,J_1,A2CONTROLMEDIA,N
40551,J_1,A2LOYALTY,I
40551,J_1,A2DISEASE,I
40551,J_1,A3WEALTH,N
40551,J_1,A3STINGY,N
40551,J_1,A3UNPATRIOTIC,I
40551,J_1,A3CARICATURE,N
40551,J_1,A3VIOLENCE,I
40551,J_1,A3SYNAGOGUE,N
40551,J_1,A3SWASTIKA,N
40551,J_1,A3DISCRIMINATION,N
16733,J_1,A1ESSENTIAL,N
16733,J_1,A2EVIL,N
16733,J_1,A2CONSPIRACY,A
16733,J_1,A2HIDDENPOWER,N
16733,J_1,A2COLLECTIVEAGENDA,N
16733,J_1,A2CONTROLGOV,N
16733,J_1,A2CONTROLBANKS,N
16733,J_1,A2CONTROLMEDIA,N
16733,J_1,A2LOYALTY,N
16733,J_1,A2DISEASE,N
16733,J_1,A3WEALTH,N
16733,J_1,A3STINGY,N
16733,J_1,A3UNPATRIOTIC,N
16733,J_1,A3CARICATURE,N
16733,J_1,A3VIOLENCE,N
16733,J_1,A3SYNAGOGUE,N
16733,J_1,A3SWASTIKA,N
16733,J_1,A3DISCRIMINATION,N
25126,J_1,A1ESSENTIAL,N
25126,J_1,A2EVIL,N
25126,J_1,A2CONSPIRACY,N
25126,J_1,A2HIDDENPOWER,N
25126,J_1,A2COLLECTIVEAGENDA,N
25126,J_1,A2CONTROLGOV,N
25126,J_1,A2CONTROLBANKS,N
25126,J_1,A2CONTROLMEDIA,N
25126,J_1,A2LOYALTY,N
25126,J_1,A2DISEASE,N
25126,J_1,A3WEALTH,N
25126,J_1,A3STINGY,N
25126,J_1,A3UNPATRIOTIC,N
25126,J_1,A3CARICATURE,N
25126,J_1,A3VIOLENCE,N
25126,J_1,A3SYNAGOGUE,N
25126,J_1,A3SWASTIKA,N
25126,J_1,A3DISCRIMINATION,N
27576,J_1,A1ESSENTIAL,N
27576,J_1,A2EVIL,N
27576,J_1,A2CONSPIRACY,N
27576,J_1,A2HIDDENPOWER,N
27576,J_1,A2COLLECTIVEAGENDA,N
27576,J_1,A2CONTROLGOV,N
27576,J_1,A2CONTROLBANKS,N
27576,J_1,A2CONTROLMEDIA,N
27576,J_1,A2LOYALTY,N
27576,J_1,A2DISEASE,N
27576,J_1,A3WEALTH,N
27576,J_1,A3STINGY,N
27576,J_1,A3UNPATRIOTIC,N
27576,J_1,A3CARICATURE,N
27576,J_1,A3VIOLENCE,N
27576,J_1,A3SYNAGOGUE,N
27576,J_1,A3SWASTIKA,N
27576,J_1,A3DISCRIMINATION,N
27950,J_1,A1ESSENTIAL,N
27950,J_1,A2EVIL,N
27950,J_1,A2CONSPIRACY,N
27950,J_1,A2HIDDENPOWER,N
27950,J_1,A2COLLECTIVEAGENDA,N
27950,J_1,A2CONTROLGOV,N
27950,J_1,A2CONTROLBANKS,N
27950,J_1,A2CONTROLMEDIA,N
27950,J_1,A2LOYALTY,N
27950,J_1,A2DISEASE,N
27950,J_1,A3WEALTH,N
27950,J_1,A3STINGY,N
27950,J_1,A3UNPATRIOTIC,N
27950,J_1,A3CARICATURE,N
27950,J_1,A3VIOLENCE,N
27950,J_1,A3SYNAGOGUE,N
27950,J_1,A3SWASTIKA,N
27950,J_1,A3DISCRIMINATION,N
36861,J_1,A1ESSENTIAL,N
36861,J_1,A2EVIL,N
36861,J_1,A2CONSPIRACY,N
36861,J_1,A2HIDDENPOWER,N
36861,J_1,A2COLLECTIVEAGENDA,N
36861,J_1,A2CONTROLGOV,N
36861,J_1,A2CONTROLBANKS,N
36861,J_1,A2CONTROLMEDIA,N
36861,J_1,A2LOYALTY,N
36861,J_1,A2DISEASE,N
36861,J_1,A3WEALTH,N
36861,J_1,A3STINGY,N
36861,J_1,A3UNPATRIOTIC,N
36861,J_1,A3CARICATURE,N
36861,J_1,A3VIOLENCE,N
36861,J_1,A3SYNAGOGUE,N
36861,J_1,A3SWASTIKA,N
36861,J_1,A3DISCRIMINATION,N
4331,J_1,A1ESSENTIAL,N
4331,J_1,A2EVIL,N
4331,J_1,A2CONSPIRACY,N
4331,J_1,A2HIDDENPOWER,N
4331,J_1,A2COLLECTIVEAGENDA,N
4331,J_1,A2CONTROLGOV,N
4331,J_1,A2CONTROLBANKS,N
4331,J_1,A2CONTROLMEDIA,N
4331,J_1,A2LOYALTY,N
4331,J_1,A2DISEASE,N
4331,J_1,A3WEALTH,N
4331,J_1,A3STINGY,N
4331,J_1,A3UNPATRIOTIC,N
4331,J_1,A3CARICATURE,N
4331,J_1,A3VIOLENCE,N
4331,J_1,A3SYNAGOGUE,N
4331,J_1,A3SWASTIKA,N
4331,J_1,A3DISCRIMINATION,N
24519,J_1,A1ESSENTIAL,N
24519,J_1,A2EVIL,N
24519,J_1,A2CONSPIRACY,N
24519,J_1,A2HIDDENPOWER,N
24519,J_1,A2COLLECTIVEAGENDA,N
24519,J_1,A2CONTROLGOV,N
24519,J_1,A2CONTROLBANKS,N
24519,J_1,A2CONTROLMEDIA,N
24519,J_1,A2LOYALTY,N
24519,J_1,A2DISEASE,N
24519,J_1,A3WEALTH,N
24519,J_1,A3STINGY,N
24519,J_1,A3UNPATRIOTIC,N
24519,J_1,A3CARICATURE,N
24519,J_1,A3VIOLENCE,N
24519,J_1,A3SYNAGOGUE,N
24519,J_1,A3SWASTIKA,N
24519,J_1,A3DISCRIMINATION,N
19775,J_1,A1ESSENTIAL,N
19775,J_1,A2EVIL,N
19775,J_1,A2CONSPIRACY,N
19775,J_1,A2HIDDENPOWER,N
19775,J_1,A2COLLECTIVEAGENDA,N
19775,J_1,A2CONTROLGOV,N
19775,J_1,A2CONTROLBANKS,N
19775,J_1,A2CONTROLMEDIA,N
19775,J_1,A2LOYALTY,N
19775,J_1,A2DISEASE,N
19775,J_1,A3WEALTH,N
19775,J_1,A3STINGY,N
19775,J_1,A3UNPATRIOTIC,N
19775,J_1,A3CARICATURE,N
19775,J_1,A3VIOLENCE,N
19775,J_1,A3SYNAGOGUE,N
19775,J_1,A3SWASTIKA,N
19775,J_1,A3DISCRIMINATION,N
48634,J_1,A1ESSENTIAL,N
48634,J_1,A2EVIL,N
48634,J_1,A2CONSPIRACY,N
48634,J_1,A2HIDDENPOWER,N
48634,J_1,A2COLLECTIVEAGENDA,N
48634,J_1,A2CONTROLGOV,N
48634,J_1,A2CONTROLBANKS,N
48634,J_1,A2CONTROLMEDIA,N
48634,J_1,A2LOYALTY,N
48634,J_1,A2DISEASE,N
48634,J_1,A3WEALTH,N
48634,J_1,A3STINGY,N
48634,J_1,A3UNPATRIOTIC,N
48634,J_1,A3CARICATURE,N
48634,J_1,A3VIOLENCE,N
48634,J_1,A3SYNAGOGUE,N
48634,J_1,A3SWASTIKA,N
48634,J_1,A3DISCRIMINATION,N
5798,J_1,A1ESSENTIAL,N
5798,J_1,A2EVIL,N
5798,J_1,A2CONSPIRACY,N
5798,J_1,A2HIDDENPOWER,N
5798,J_1,A2COLLECTIVEAGENDA,N
5798,J_1,A2CONTROLGOV,N
5798,J_1,A2CONTROLBANKS,N
5798,J_1,A2CONTROLMEDIA,N
5798,J_1,A2LOYALTY,N
5798,J_1,A2DISEASE,N
5798,J_1,A3WEALTH,N
5798,J_1,A3STINGY,N
5798,J_1,A3UNPATRIOTIC,N
5798,J_1,A3CARICATURE,N
5798,J_1,A3VIOLENCE,N
5798,J_1,A3SYNAGOGUE,N
5798,J_1,A3SWASTIKA,N
5798,J_1,A3DISCRIMINATION,N
18005,J_1,A1ESSENTIAL,N
18005,J_1,A2EVIL,N
18005,J_1,A2CONSPIRACY,N
18005,J_1,A2HIDDENPOWER,N
18005,J_1,A2COLLECTIVEAGENDA,N
18005,J_1,A2CONTROLGOV,N
18005,J_1,A2CONTROLBANKS,N
18005,J_1,A2CONTROLMEDIA,N
18005,J_1,A2LOYALTY,N
18005,J_1,A2DISEASE,N
18005,J_1,A3WEALTH,N
18005,J_1,A3STINGY,N
18005,J_1,A3UNPATRIOTIC,N
18005,J_1,A3CARICATURE,N
18005,J_1,A3VIOLENCE,N
18005,J_1,A3SYNAGOGUE,N
18005,J_1,A3SWASTIKA,N
18005,J_1,A3DISCRIMINATION,N
109,J_1,A1ESSENTIAL,N
109,J_1,A2EVIL,N
109,J_1,A2CONSPIRACY,N
109,J_1,A2HIDDENPOWER,N
109,J_1,A2COLLECTIVEAGENDA,N
109,J_1,A2CONTROLGOV,N
109,J_1,A2CONTROLBANKS,N
109,J_1,A2CONTROLMEDIA,N
109,J_1,A2LOYALTY,N
109,J_1,A2DISEASE,N
109,J_1,A3WEALTH,N
109,J_1,A3STINGY,N
109,J_1,A3UNPATRIOTIC,N
109,J_1,A3CARICATURE,N
109,J_1,A3VIOLENCE,N
109,J_1,A3SYNAGOGUE,N
109,J_1,A3SWASTIKA,N
109,J_1,A3DISCRIMINATION,N
42668,J_1,A1ESSENTIAL,I
42668,J_1,A2EVIL,I
42668,J_1,A2CONSPIRACY,N
42668,J_1,A2HIDDENPOWER,N
42668,J_1,A2COLLECTIVEAGENDA,I
42668,J_1,A2CONTROLGOV,N
42668,J_1,A2CONTROLBANKS,N
42668,J_1,A2CONTROLMEDIA,I
42668,J_1,A2LOYALTY,N
42668,J_1,A2DISEASE,N
42668,J_1,A3WEALTH,N
42668,J_1,A3STINGY,N
42668,J_1,A3UNPATRIOTIC,N
42668,J_1,A3CARICATURE,N
42668,J_1,A3VIOLENCE,N
42668,J_1,A3SYNAGOGUE,N
42668,J_1,A3SWASTIKA,N
42668,J_1,A3DISCRIMINATION,N
13933,J_1,A1ESSENTIAL,A
13933,J_1,A2EVIL,A
13933,J_1,A2CONSPIRACY,A
13933,J_1,A2HIDDENPOWER,A
13933,J_1,A2COLLECTIVEAGENDA,A
13933,J_1,A2CONTROLGOV,A
13933,J_1,A2CONTROLBANKS,A
13933,J_1,A2CONTROLMEDIA,A
13933,J_1,A2LOYALTY,A
13933,J_1,A2DISEASE,A
13933,J_1,A3WEALTH,A
13933,J_1,A3STINGY,A
13933,J_1,A3UNPATRIOTIC,A
13933,J_1,A3CARICATURE,A
13933,J_1,A3VIOLENCE,A
13933,J_1,A3SYNAGOGUE,A
13933,J_1,A3SWASTIKA,A
13933,J_1,A3DISCRIMINATION,A
32821,J_1,A1ESSENTIAL,N
32821,J_1,A2EVIL,N
32821,J_1,A2CONSPIRACY,N
32821,J_1,A2HIDDENPOWER,N
32821,J_1,A2COLLECTIVEAGENDA,N
32821,J_1,A2CONTROLGOV,N
32821,J_1,A2CONTROLBANKS,N
32821,J_1,A2CONTROLMEDIA,N
32821,J_1,A2LOYALTY,N
32821,J_1,A2DISEASE,N
32821,J_1,A3WEALTH,N
32821,J_1,A3STINGY,N
32821,J_1,A3UNPATRIOTIC,N
32821,J_1,A3CARICATURE,N
32821,J_1,A3VIOLENCE,N
32821,J_1,A3SYNAGOGUE,N
32821,J_1,A3SWASTIKA,N
32821,J_1,A3DISCRIMINATION,N
40733,J_1,A1ESSENTIAL,I
40733,J_1,A2EVIL,E
40733,J_1,A2CONSPIRACY,I
40733,J_1,A2HIDDENPOWER,I
40733,J_1,A2COLLECTIVEAGENDA,I
40733,J_1,A2CONTROLGOV,N
40733,J_1,A2CONTROLBANKS,N
40733,J_1,A2CONTROLMEDIA,N
40733,J_1,A2LOYALTY,N
40733,J_1,A2DISEASE,N
40733,J_1,A3WEALTH,N
40733,J_1,A3STINGY,N
40733,J_1,A3UNPATRIOTIC,N
40733,J_1,A3CARICATURE,N
40733,J_1,A3VIOLENCE,N
40733,J_1,A3SYNAGOGUE,N
40733,J_1,A3SWASTIKA,N
40733,J_1,A3DISCRIMINATION,N
27527,J_1,A1ESSENTIAL,N
27527,J_1,A2EVIL,N
27527,J_1,A2CONSPIRACY,N
27527,J_1,A2HIDDENPOWER,N
27527,J_1,A2COLLECTIVEAGENDA,N
27527,J_1,A2CONTROLGOV,N
27527,J_1,A2CONTROLBANKS,N
27527,J_1,A2CONTROLMEDIA,N
27527,J_1,A2LOYALTY,N
27527,J_1,A2DISEASE,N
27527,J_1,A3WEALTH,N
27527,J_1,A3STINGY,N
27527,J_1,A3UNPATRIOTIC,N
27527,J_1,A3CARICATURE,N
27527,J_1,A3VIOLENCE,N
27527,J_1,A3SYNAGOGUE,N
27527,J_1,A3SWASTIKA,N
27527,J_1,A3DISCRIMINATION,N
34736,J_1,A1ESSENTIAL,N
34736,J_1,A2EVIL,N
34736,J_1,A2CONSPIRACY,N
34736,J_1,A2HIDDENPOWER,N
34736,J_1,A2COLLECTIVEAGENDA,N
34736,J_1,A2CONTROLGOV,N
34736,J_1,A2CONTROLBANKS,N
34736,J_1,A2CONTROLMEDIA,N
34736,J_1,A2LOYALTY,N
34736,J_1,A2DISEASE,N
34736,J_1,A3WEALTH,N
34736,J_1,A3STINGY,N
34736,J_1,A3UNPATRIOTIC,N
34736,J_1,A3CARICATURE,N
34736,J_1,A3VIOLENCE,N
34736,J_1,A3SYNAGOGUE,N
34736,J_1,A3SWASTIKA,N
34736,J_1,A3DISCRIMINATION,N
19246,J_1,A1ESSENTIAL,N
19246,J_1,A2EVIL,N
19246,J_1,A2CONSPIRACY,N
19246,J_1,A2HIDDENPOWER,N
19246,J_1,A2COLLECTIVEAGENDA,N
19246,J_1,A2CONTROLGOV,N
19246,J_1,A2CONTROLBANKS,N
19246,J_1,A2CONTROLMEDIA,N
19246,J_1,A2LOYALTY,N
19246,J_1,A2DISEASE,N
19246,J_1,A3WEALTH,N
19246,J_1,A3STINGY,N
19246,J_1,A3UNPATRIOTIC,N
19246,J_1,A3CARICATURE,N
19246,J_1,A3VIOLENCE,N
19246,J_1,A3SYNAGOGUE,N
19246,J_1,A3SWASTIKA,N
19246,J_1,A3DISCRIMINATION,N
2476,J_1,A1ESSENTIAL,N
2476,J_1,A2EVIL,N
2476,J_1,A2CONSPIRACY,N
2476,J_1,A2HIDDENPOWER,N
2476,J_1,A2COLLECTIVEAGENDA,N
2476,J_1,A2CONTROLGOV,I
2476,J_1,A2CONTROLBANKS,N
2476,J_1,A2CONTROLMEDIA,N
2476,J_1,A2LOYALTY,N
2476,J_1,A2DISEASE,N
2476,J_1,A3WEALTH,N
2476,J_1,A3STINGY,N
2476,J_1,A3UNPATRIOTIC,N
2476,J_1,A3CARICATURE,N
2476,J_1,A3VIOLENCE,N
2476,J_1,A3SYNAGOGUE,N
2476,J_1,A3SWASTIKA,N
2476,J_1,A3DISCRIMINATION,N
40689,J_1,A1ESSENTIAL,N
40689,J_1,A2EVIL,N
40689,J_1,A2CONSPIRACY,N
40689,J_1,A2HIDDENPOWER,N
40689,J_1,A2COLLECTIVEAGENDA,N
40689,J_1,A2CONTROLGOV,N
40689,J_1,A2CONTROLBANKS,N
40689,J_1,A2CONTROLMEDIA,N
40689,J_1,A2LOYALTY,N
40689,J_1,A2DISEASE,N
40689,J_1,A3WEALTH,I
40689,J_1,A3STINGY,N
40689,J_1,A3UNPATRIOTIC,N
40689,J_1,A3CARICATURE,N
40689,J_1,A3VIOLENCE,N
40689,J_1,A3SYNAGOGUE,N
40689,J_1,A3SWASTIKA,N
40689,J_1,A3DISCRIMINATION,N
985,J_1,A1ESSENTIAL,I
985,J_1,A2EVIL,N
985,J_1,A2CONSPIRACY,N
985,J_1,A2HIDDENPOWER,N
985,J_1,A2COLLECTIVEAGENDA,N
985,J_1,A2CONTROLGOV,N
985,J_1,A2CONTROLBANKS,N
985,J_1,A2CONTROLMEDIA,N
985,J_1,A2LOYALTY,N
985,J_1,A2DISEASE,N
985,J_1,A3WEALTH,N
985,J_1,A3STINGY,N
985,J_1,A3UNPATRIOTIC,N
985,J_1,A3CARICATURE,N
985,J_1,A3VIOLENCE,N
985,J_1,A3SYNAGOGUE,N
985,J_1,A3SWASTIKA,N
985,J_1,A3DISCRIMINATION,N
13813,J_1,A1ESSENTIAL,I
13813,J_1,A2EVIL,N
13813,J_1,A2CONSPIRACY,N
13813,J_1,A2HIDDENPOWER,N
13813,J_1,A2COLLECTIVEAGENDA,I
13813,J_1,A2CONTROLGOV,N
13813,J_1,A2CONTROLBANKS,N
13813,J_1,A2CONTROLMEDIA,N
13813,J_1,A2LOYALTY,I
13813,J_1,A2DISEASE,N
13813,J_1,A3WEALTH,N
13813,J_1,A3STINGY,N
13813,J_1,A3UNPATRIOTIC,I
13813,J_1,A3CARICATURE,N
13813,J_1,A3VIOLENCE,N
13813,J_1,A3SYNAGOGUE,N
13813,J_1,A3SWASTIKA,N
13813,J_1,A3DISCRIMINATION,N
36276,J_1,A1ESSENTIAL,N
36276,J_1,A2EVIL,N
36276,J_1,A2CONSPIRACY,N
36276,J_1,A2HIDDENPOWER,N
36276,J_1,A2COLLECTIVEAGENDA,N
36276,J_1,A2CONTROLGOV,N
36276,J_1,A2CONTROLBANKS,N
36276,J_1,A2CONTROLMEDIA,N
36276,J_1,A2LOYALTY,N
36276,J_1,A2DISEASE,N
36276,J_1,A3WEALTH,N
36276,J_1,A3STINGY,N
36276,J_1,A3UNPATRIOTIC,N
36276,J_1,A3CARICATURE,N
36276,J_1,A3VIOLENCE,N
36276,J_1,A3SYNAGOGUE,N
36276,J_1,A3SWASTIKA,N
36276,J_1,A3DISCRIMINATION,N
13432,J_1,A1ESSENTIAL,N
13432,J_1,A2EVIL,N
13432,J_1,A2CONSPIRACY,N
13432,J_1,A2HIDDENPOWER,N
13432,J_1,A2COLLECTIVEAGENDA,N
13432,J_1,A2CONTROLGOV,N
13432,J_1,A2CONTROLBANKS,N
13432,J_1,A2CONTROLMEDIA,N
13432,J_1,A2LOYALTY,N
13432,J_1,A2DISEASE,N
13432,J_1,A3WEALTH,N
13432,J_1,A3STINGY,N
13432,J_1,A3UNPATRIOTIC,N
13432,J_1,A3CARICATURE,N
13432,J_1,A3VIOLENCE,N
13432,J_1,A3SYNAGOGUE,N
13432,J_1,A3SWASTIKA,N
13432,J_1,A3DISCRIMINATION,N
20017,J_1,A1ESSENTIAL,A
20017,J_1,A2EVIL,N
20017,J_1,A2CONSPIRACY,N
20017,J_1,A2HIDDENPOWER,N
20017,J_1,A2COLLECTIVEAGENDA,N
20017,J_1,A2CONTROLGOV,N
20017,J_1,A2CONTROLBANKS,N
20017,J_1,A2CONTROLMEDIA,N
20017,J_1,A2LOYALTY,N
20017,J_1,A2DISEASE,N
20017,J_1,A3WEALTH,N
20017,J_1,A3STINGY,N
20017,J_1,A3UNPATRIOTIC,N
20017,J_1,A3CARICATURE,N
20017,J_1,A3VIOLENCE,N
20017,J_1,A3SYNAGOGUE,N
20017,J_1,A3SWASTIKA,N
20017,J_1,A3DISCRIMINATION,N
29666,J_1,A1ESSENTIAL,N
29666,J_1,A2EVIL,N
29666,J_1,A2CONSPIRACY,N
29666,J_1,A2HIDDENPOWER,N
29666,J_1,A2COLLECTIVEAGENDA,N
29666,J_1,A2CONTROLGOV,N
29666,J_1,A2CONTROLBANKS,N
29666,J_1,A2CONTROLMEDIA,N
29666,J_1,A2LOYALTY,N
29666,J_1,A2DISEASE,N
29666,J_1,A3WEALTH,N
29666,J_1,A3STINGY,N
29666,J_1,A3UNPATRIOTIC,N
29666,J_1,A3CARICATURE,N
29666,J_1,A3VIOLENCE,N
29666,J_1,A3SYNAGOGUE,N
29666,J_1,A3SWASTIKA,N
29666,J_1,A3DISCRIMINATION,N
24774,J_1,A1ESSENTIAL,N
24774,J_1,A2EVIL,N
24774,J_1,A2CONSPIRACY,N
24774,J_1,A2HIDDENPOWER,N
24774,J_1,A2COLLECTIVEAGENDA,N
24774,J_1,A2CONTROLGOV,N
24774,J_1,A2CONTROLBANKS,N
24774,J_1,A2CONTROLMEDIA,N
24774,J_1,A2LOYALTY,N
24774,J_1,A2DISEASE,N
24774,J_1,A3WEALTH,N
24774,J_1,A3STINGY,N
24774,J_1,A3UNPATRIOTIC,N
24774,J_1,A3CARICATURE,N
24774,J_1,A3VIOLENCE,N
24774,J_1,A3SYNAGOGUE,N
24774,J_1,A3SWASTIKA,N
24774,J_1,A3DISCRIMINATION,N
19473,J_1,A1ESSENTIAL,N
19473,J_1,A2EVIL,N
19473,J_1,A2CONSPIRACY,N
19473,J_1,A2HIDDENPOWER,N
19473,J_1,A2COLLECTIVEAGENDA,N
19473,J_1,A2CONTROLGOV,N
19473,J_1,A2CONTROLBANKS,N
19473,J_1,A2CONTROLMEDIA,N
19473,J_1,A2LOYALTY,N
19473,J_1,A2DISEASE,N
19473,J_1,A3WEALTH,N
19473,J_1,A3STINGY,N
19473,J_1,A3UNPATRIOTIC,N
19473,J_1,A3CARICATURE,N
19473,J_1,A3VIOLENCE,N
19473,J_1,A3SYNAGOGUE,N
19473,J_1,A3SWASTIKA,N
19473,J_1,A3DISCRIMINATION,N
15845,J_1,A1ESSENTIAL,I
15845,J_1,A2EVIL,I
15845,J_1,A2CONSPIRACY,I
15845,J_1,A2HIDDENPOWER,I
15845,J_1,A2COLLECTIVEAGENDA,I
15845,J_1,A2CONTROLGOV,N
15845,J_1,A2CONTROLBANKS,N
15845,J_1,A2CONTROLMEDIA,N
15845,J_1,A2LOYALTY,N
15845,J_1,A2DISEASE,N
15845,J_1,A3WEALTH,N
15845,J_1,A3STINGY,N
15845,J_1,A3UNPATRIOTIC,N
15845,J_1,A3CARICATURE,N
15845,J_1,A3VIOLENCE,N
15845,J_1,A3SYNAGOGUE,N
15845,J_1,A3SWASTIKA,N
15845,J_1,A3DISCRIMINATION,N
49502,J_1,A1ESSENTIAL,N
49502,J_1,A2EVIL,N
49502,J_1,A2CONSPIRACY,N
49502,J_1,A2HIDDENPOWER,N
49502,J_1,A2COLLECTIVEAGENDA,N
49502,J_1,A2CONTROLGOV,N
49502,J_1,A2CONTROLBANKS,N
49502,J_1,A2CONTROLMEDIA,N
49502,J_1,A2LOYALTY,N
49502,J_1,A2DISEASE,N
49502,J_1,A3WEALTH,N
49502,J_1,A3STINGY,N
49502,J_1,A3UNPATRIOTIC,N
49502,J_1,A3CARICATURE,N
49502,J_1,A3VIOLENCE,N
49502,J_1,A3SYNAGOGUE,N
49502,J_1,A3SWASTIKA,N
49502,J_1,A3DISCRIMINATION,N
10813,J_1,A1ESSENTIAL,N
10813,J_1,A2EVIL,N
10813,J_1,A2CONSPIRACY,N
10813,J_1,A2HIDDENPOWER,N
10813,J_1,A2COLLECTIVEAGENDA,N
10813,J_1,A2CONTROLGOV,N
10813,J_1,A2CONTROLBANKS,N
10813,J_1,A2CONTROLMEDIA,N
10813,J_1,A2LOYALTY,N
10813,J_1,A2DISEASE,N
10813,J_1,A3WEALTH,N
10813,J_1,A3STINGY,N
10813,J_1,A3UNPATRIOTIC,N
10813,J_1,A3CARICATURE,N
10813,J_1,A3VIOLENCE,N
10813,J_1,A3SYNAGOGUE,N
10813,J_1,A3SWASTIKA,N
10813,J_1,A3DISCRIMINATION,N
5331,J_1,A1ESSENTIAL,N
5331,J_1,A2EVIL,N
5331,J_1,A2CONSPIRACY,N
5331,J_1,A2HIDDENPOWER,N
5331,J_1,A2COLLECTIVEAGENDA,N
5331,J_1,A2CONTROLGOV,N
5331,J_1,A2CONTROLBANKS,N
5331,J_1,A2CONTROLMEDIA,N
5331,J_1,A2LOYALTY,N
5331,J_1,A2DISEASE,N
5331,J_1,A3WEALTH,N
5331,J_1,A3STINGY,N
5331,J_1,A3UNPATRIOTIC,N
5331,J_1,A3CARICATURE,N
5331,J_1,A3VIOLENCE,N
5331,J_1,A3SYNAGOGUE,N
5331,J_1,A3SWASTIKA,N
5331,J_1,A3DISCRIMINATION,N
25281,J_1,A1ESSENTIAL,N
25281,J_1,A2EVIL,N
25281,J_1,A2CONSPIRACY,N
25281,J_1,A2HIDDENPOWER,N
25281,J_1,A2COLLECTIVEAGENDA,N
25281,J_1,A2CONTROLGOV,N
25281,J_1,A2CONTROLBANKS,N
25281,J_1,A2CONTROLMEDIA,N
25281,J_1,A2LOYALTY,N
25281,J_1,A2DISEASE,N
25281,J_1,A3WEALTH,N
25281,J_1,A3STINGY,N
25281,J_1,A3UNPATRIOTIC,N
25281,J_1,A3CARICATURE,N
25281,J_1,A3VIOLENCE,N
25281,J_1,A3SYNAGOGUE,N
25281,J_1,A3SWASTIKA,N
25281,J_1,A3DISCRIMINATION,N
46685,J_1,A1ESSENTIAL,I
46685,J_1,A2EVIL,I
46685,J_1,A2CONSPIRACY,N
46685,J_1,A2HIDDENPOWER,N
46685,J_1,A2COLLECTIVEAGENDA,I
46685,J_1,A2CONTROLGOV,N
46685,J_1,A2CONTROLBANKS,I
46685,J_1,A2CONTROLMEDIA,N
46685,J_1,A2LOYALTY,N
46685,J_1,A2DISEASE,N
46685,J_1,A3WEALTH,I
46685,J_1,A3STINGY,N
46685,J_1,A3UNPATRIOTIC,N
46685,J_1,A3CARICATURE,N
46685,J_1,A3VIOLENCE,N
46685,J_1,A3SYNAGOGUE,N
46685,J_1,A3SWASTIKA,N
46685,J_1,A3DISCRIMINATION,N
6163,J_1,A1ESSENTIAL,I
6163,J_1,A2EVIL,I
6163,J_1,A2CONSPIRACY,N
6163,J_1,A2HIDDENPOWER,N
6163,J_1,A2COLLECTIVEAGENDA,N
6163,J_1,A2CONTROLGOV,N
6163,J_1,A2CONTROLBANKS,N
6163,J_1,A2CONTROLMEDIA,N
6163,J_1,A2LOYALTY,N
6163,J_1,A2DISEASE,N
6163,J_1,A3WEALTH,N
6163,J_1,A3STINGY,N
6163,J_1,A3UNPATRIOTIC,N
6163,J_1,A3CARICATURE,N
6163,J_1,A3VIOLENCE,E
6163,J_1,A3SYNAGOGUE,N
6163,J_1,A3SWASTIKA,N
6163,J_1,A3DISCRIMINATION,N
37243,J_1,A1ESSENTIAL,N
37243,J_1,A2EVIL,N
37243,J_1,A2CONSPIRACY,N
37243,J_1,A2HIDDENPOWER,N
37243,J_1,A2COLLECTIVEAGENDA,N
37243,J_1,A2CONTROLGOV,N
37243,J_1,A2CONTROLBANKS,N
37243,J_1,A2CONTROLMEDIA,I
37243,J_1,A2LOYALTY,N
37243,J_1,A2DISEASE,N
37243,J_1,A3WEALTH,N
37243,J_1,A3STINGY,N
37243,J_1,A3UNPATRIOTIC,N
37243,J_1,A3CARICATURE,N
37243,J_1,A3VIOLENCE,N
37243,J_1,A3SYNAGOGUE,N
37243,J_1,A3SWASTIKA,N
37243,J_1,A3DISCRIMINATION,N
48567,J_1,A1ESSENTIAL,N
48567,J_1,A2EVIL,N
48567,J_1,A2CONSPIRACY,N
48567,J_1,A2HIDDENPOWER,N
48567,J_1,A2COLLECTIVEAGENDA,N
48567,J_1,A2CONTROLGOV,N
48567,J_1,A2CONTROLBANKS,N
48567,J_1,A2CONTROLMEDIA,N
48567,J_1,A2LOYALTY,N
48567,J_1,A2DISEASE,N
48567,J_1,A3WEALTH,N
48567,J_1,A3STINGY,N
48567,J_1,A3UNPATRIOTIC,N
48567,J_1,A3CARICATURE,N
48567,J_1,A3VIOLENCE,N
48567,J_1,A3SYNAGOGUE,N
48567,J_1,A3SWASTIKA,N
48567,J_1,A3DISCRIMINATION,N
8785,J_1,A1ESSENTIAL,E
8785,J_1,A2EVIL,N
8785,J_1,A2CONSPIRACY,N
8785,J_1,A2HIDDENPOWER,N
8785,J_1,A2COLLECTIVEAGENDA,N
8785,J_1,A2CONTROLGOV,N
8785,J_1,A2CONTROLBANKS,N
8785,J_1,A2CONTROLMEDIA,N
8785,J_1,A2LOYALTY,N
8785,J_1,A2DISEASE,N
8785,J_1,A3WEALTH,N
8785,J_1,A3STINGY,N
8785,J_1,A3UNPATRIOTIC,N
8785,J_1,A3CARICATURE,N
8785,J_1,A3VIOLENCE,N
8785,J_1,A3SYNAGOGUE,N
8785,J_1,A3SWASTIKA,N
8785,J_1,A3DISCRIMINATION,N
29472,J_1,A1ESSENTIAL,N
29472,J_1,A2EVIL,N
29472,J_1,A2CONSPIRACY,N
29472,J_1,A2HIDDENPOWER,N
29472,J_1,A2COLLECTIVEAGENDA,N
29472,J_1,A2CONTROLGOV,N
29472,J_1,A2CONTROLBANKS,N
29472,J_1,A2CONTROLMEDIA,N
29472,J_1,A2LOYALTY,N
29472,J_1,A2DISEASE,N
29472,J_1,A3WEALTH,N
29472,J_1,A3STINGY,N
29472,J_1,A3UNPATRIOTIC,N
29472,J_1,A3CARICATURE,N
29472,J_1,A3VIOLENCE,N
29472,J_1,A3SYNAGOGUE,N
29472,J_1,A3SWASTIKA,N
29472,J_1,A3DISCRIMINATION,N
16322,J_1,A1ESSENTIAL,N
16322,J_1,A2EVIL,N
16322,J_1,A2CONSPIRACY,N
16322,J_1,A2HIDDENPOWER,N
16322,J_1,A2COLLECTIVEAGENDA,N
16322,J_1,A2CONTROLGOV,N
16322,J_1,A2CONTROLBANKS,N
16322,J_1,A2CONTROLMEDIA,N
16322,J_1,A2LOYALTY,N
16322,J_1,A2DISEASE,N
16322,J_1,A3WEALTH,N
16322,J_1,A3STINGY,N
16322,J_1,A3UNPATRIOTIC,N
16322,J_1,A3CARICATURE,N
16322,J_1,A3VIOLENCE,N
16322,J_1,A3SYNAGOGUE,N
16322,J_1,A3SWASTIKA,N
16322,J_1,A3DISCRIMINATION,N
27045,J_1,A1ESSENTIAL,N
27045,J_1,A2EVIL,N
27045,J_1,A2CONSPIRACY,N
27045,J_1,A2HIDDENPOWER,N
27045,J_1,A2COLLECTIVEAGENDA,N
27045,J_1,A2CONTROLGOV,N
27045,J_1,A2CONTROLBANKS,N
27045,J_1,A2CONTROLMEDIA,N
27045,J_1,A2LOYALTY,N
27045,J_1,A2DISEASE,N
27045,J_1,A3WEALTH,N
27045,J_1,A3STINGY,N
27045,J_1,A3UNPATRIOTIC,N
27045,J_1,A3CARICATURE,N
27045,J_1,A3VIOLENCE,N
27045,J_1,A3SYNAGOGUE,N
27045,J_1,A3SWASTIKA,N
27045,J_1,A3DISCRIMINATION,N
33941,J_1,A1ESSENTIAL,N
33941,J_1,A2EVIL,N
33941,J_1,A2CONSPIRACY,N
33941,J_1,A2HIDDENPOWER,N
33941,J_1,A2COLLECTIVEAGENDA,N
33941,J_1,A2CONTROLGOV,N
33941,J_1,A2CONTROLBANKS,N
33941,J_1,A2CONTROLMEDIA,N
33941,J_1,A2LOYALTY,N
33941,J_1,A2DISEASE,N
33941,J_1,A3WEALTH,N
33941,J_1,A3STINGY,N
33941,J_1,A3UNPATRIOTIC,N
33941,J_1,A3CARICATURE,N
33941,J_1,A3VIOLENCE,N
33941,J_1,A3SYNAGOGUE,N
33941,J_1,A3SWASTIKA,N
33941,J_1,A3DISCRIMINATION,N
23418,J_1,A1ESSENTIAL,N
23418,J_1,A2EVIL,N
23418,J_1,A2CONSPIRACY,N
23418,J_1,A2HIDDENPOWER,N
23418,J_1,A2COLLECTIVEAGENDA,N
23418,J_1,A2CONTROLGOV,N
23418,J_1,A2CONTROLBANKS,N
23418,J_1,A2CONTROLMEDIA,N
23418,J_1,A2LOYALTY,N
23418,J_1,A2DISEASE,N
23418,J_1,A3WEALTH,N
23418,J_1,A3STINGY,N
23418,J_1,A3UNPATRIOTIC,N
23418,J_1,A3CARICATURE,N
23418,J_1,A3VIOLENCE,N
23418,J_1,A3SYNAGOGUE,N
23418,J_1,A3SWASTIKA,N
23418,J_1,A3DISCRIMINATION,N
11352,J_1,A1ESSENTIAL,N
11352,J_1,A2EVIL,N
11352,J_1,A2CONSPIRACY,N
11352,J_1,A2HIDDENPOWER,N
11352,J_1,A2COLLECTIVEAGENDA,N
11352,J_1,A2CONTROLGOV,N
11352,J_1,A2CONTROLBANKS,N
11352,J_1,A2CONTROLMEDIA,N
11352,J_1,A2LOYALTY,N
11352,J_1,A2DISEASE,N
11352,J_1,A3WEALTH,N
11352,J_1,A3STINGY,N
11352,J_1,A3UNPATRIOTIC,N
11352,J_1,A3CARICATURE,N
11352,J_1,A3VIOLENCE,N
11352,J_1,A3SYNAGOGUE,N
11352,J_1,A3SWASTIKA,N
11352,J_1,A3DISCRIMINATION,N
22648,J_1,A1ESSENTIAL,N
22648,J_1,A2EVIL,N
22648,J_1,A2CONSPIRACY,N
22648,J_1,A2HIDDENPOWER,N
22648,J_1,A2COLLECTIVEAGENDA,N
22648,J_1,A2CONTROLGOV,N
22648,J_1,A2CONTROLBANKS,N
22648,J_1,A2CONTROLMEDIA,N
22648,J_1,A2LOYALTY,N
22648,J_1,A2DISEASE,N
22648,J_1,A3WEALTH,N
22648,J_1,A3STINGY,N
22648,J_1,A3UNPATRIOTIC,N
22648,J_1,A3CARICATURE,N
22648,J_1,A3VIOLENCE,N
22648,J_1,A3SYNAGOGUE,N
22648,J_1,A3SWASTIKA,N
22648,J_1,A3DISCRIMINATION,N
12994,J_1,A1ESSENTIAL,N
12994,J_1,A2EVIL,N
12994,J_1,A2CONSPIRACY,N
12994,J_1,A2HIDDENPOWER,N
12994,J_1,A2COLLECTIVEAGENDA,N
12994,J_1,A2CONTROLGOV,N
12994,J_1,A2CONTROLBANKS,N
12994,J_1,A2CONTROLMEDIA,N
12994,J_1,A2LOYALTY,N
12994,J_1,A2DISEASE,N
12994,J_1,A3WEALTH,N
12994,J_1,A3STINGY,N
12994,J_1,A3UNPATRIOTIC,N
12994,J_1,A3CARICATURE,N
12994,J_1,A3VIOLENCE,N
12994,J_1,A3SYNAGOGUE,N
12994,J_1,A3SWASTIKA,N
12994,J_1,A3DISCRIMINATION,N
6232,J_1,A1ESSENTIAL,N
6232,J_1,A2EVIL,N
6232,J_1,A2CONSPIRACY,N
6232,J_1,A2HIDDENPOWER,N
6232,J_1,A2COLLECTIVEAGENDA,N
6232,J_1,A2CONTROLGOV,N
6232,J_1,A2CONTROLBANKS,N
6232,J_1,A2CONTROLMEDIA,N
6232,J_1,A2LOYALTY,N
6232,J_1,A2DISEASE,N
6232,J_1,A3WEALTH,N
6232,J_1,A3STINGY,N
6232,J_1,A3UNPATRIOTIC,N
6232,J_1,A3CARICATURE,N
6232,J_1,A3VIOLENCE,N
6232,J_1,A3SYNAGOGUE,N
6232,J_1,A3SWASTIKA,N
6232,J_1,A3DISCRIMINATION,N
43985,J_1,A1ESSENTIAL,N
43985,J_1,A2EVIL,N
43985,J_1,A2CONSPIRACY,N
43985,J_1,A2HIDDENPOWER,N
43985,J_1,A2COLLECTIVEAGENDA,N
43985,J_1,A2CONTROLGOV,N
43985,J_1,A2CONTROLBANKS,N
43985,J_1,A2CONTROLMEDIA,N
43985,J_1,A2LOYALTY,N
43985,J_1,A2DISEASE,N
43985,J_1,A3WEALTH,N
43985,J_1,A3STINGY,N
43985,J_1,A3UNPATRIOTIC,N
43985,J_1,A3CARICATURE,N
43985,J_1,A3VIOLENCE,N
43985,J_1,A3SYNAGOGUE,N
43985,J_1,A3SWASTIKA,N
43985,J_1,A3DISCRIMINATION,N
792,J_1,A1ESSENTIAL,N
792,J_1,A2EVIL,N
792,J_1,A2CONSPIRACY,N
792,J_1,A2HIDDENPOWER,N
792,J_1,A2COLLECTIVEAGENDA,N
792,J_1,A2CONTROLGOV,N
792,J_1,A2CONTROLBANKS,N
792,J_1,A2CONTROLMEDIA,N
792,J_1,A2LOYALTY,N
792,J_1,A2DISEASE,N
792,J_1,A3WEALTH,N
792,J_1,A3STINGY,N
792,J_1,A3UNPATRIOTIC,N
792,J_1,A3CARICATURE,N
792,J_1,A3VIOLENCE,N
792,J_1,A3SYNAGOGUE,N
792,J_1,A3SWASTIKA,N
792,J_1,A3DISCRIMINATION,N
13915,J_1,A1ESSENTIAL,N
13915,J_1,A2EVIL,N
13915,J_1,A2CONSPIRACY,N
13915,J_1,A2HIDDENPOWER,N
13915,J_1,A2COLLECTIVEAGENDA,N
13915,J_1,A2CONTROLGOV,N
13915,J_1,A2CONTROLBANKS,N
13915,J_1,A2CONTROLMEDIA,N
13915,J_1,A2LOYALTY,N
13915,J_1,A2DISEASE,N
13915,J_1,A3WEALTH,N
13915,J_1,A3STINGY,N
13915,J_1,A3UNPATRIOTIC,N
13915,J_1,A3CARICATURE,N
13915,J_1,A3VIOLENCE,N
13915,J_1,A3SYNAGOGUE,N
13915,J_1,A3SWASTIKA,N
13915,J_1,A3DISCRIMINATION,N
8310,J_1,A1ESSENTIAL,I
8310,J_1,A2EVIL,I
8310,J_1,A2CONSPIRACY,N
8310,J_1,A2HIDDENPOWER,N
8310,J_1,A2COLLECTIVEAGENDA,N
8310,J_1,A2CONTROLGOV,N
8310,J_1,A2CONTROLBANKS,N
8310,J_1,A2CONTROLMEDIA,N
8310,J_1,A2LOYALTY,N
8310,J_1,A2DISEASE,N
8310,J_1,A3WEALTH,N
8310,J_1,A3STINGY,N
8310,J_1,A3UNPATRIOTIC,N
8310,J_1,A3CARICATURE,N
8310,J_1,A3VIOLENCE,E
8310,J_1,A3SYNAGOGUE,N
8310,J_1,A3SWASTIKA,N
8310,J_1,A3DISCRIMINATION,N
12030,J_1,A1ESSENTIAL,N
12030,J_1,A2EVIL,N
12030,J_1,A2CONSPIRACY,N
12030,J_1,A2HIDDENPOWER,N
12030,J_1,A2COLLECTIVEAGENDA,N
12030,J_1,A2CONTROLGOV,N
12030,J_1,A2CONTROLBANKS,N
12030,J_1,A2CONTROLMEDIA,N
12030,J_1,A2LOYALTY,N
12030,J_1,A2DISEASE,N
12030,J_1,A3WEALTH,N
12030,J_1,A3STINGY,N
12030,J_1,A3UNPATRIOTIC,N
12030,J_1,A3CARICATURE,N
12030,J_1,A3VIOLENCE,N
12030,J_1,A3SYNAGOGUE,N
12030,J_1,A3SWASTIKA,N
12030,J_1,A3DISCRIMINATION,N
34421,J_1,A1ESSENTIAL,N
34421,J_1,A2EVIL,N
34421,J_1,A2CONSPIRACY,N
34421,J_1,A2HIDDENPOWER,N
34421,J_1,A2COLLECTIVEAGENDA,N
34421,J_1,A2CONTROLGOV,N
34421,J_1,A2CONTROLBANKS,N
34421,J_1,A2CONTROLMEDIA,N
34421,J_1,A2LOYALTY,N
34421,J_1,A2DISEASE,N
34421,J_1,A3WEALTH,N
34421,J_1,A3STINGY,N
34421,J_1,A3UNPATRIOTIC,N
34421,J_1,A3CARICATURE,N
34421,J_1,A3VIOLENCE,N
34421,J_1,A3SYNAGOGUE,N
34421,J_1,A3SWASTIKA,N
34421,J_1,A3DISCRIMINATION,N
28857,J_1,A1ESSENTIAL,N
28857,J_1,A2EVIL,A
28857,J_1,A2CONSPIRACY,N
28857,J_1,A2HIDDENPOWER,N
28857,J_1,A2COLLECTIVEAGENDA,N
28857,J_1,A2CONTROLGOV,N
28857,J_1,A2CONTROLBANKS,N
28857,J_1,A2CONTROLMEDIA,N
28857,J_1,A2LOYALTY,N
28857,J_1,A2DISEASE,N
28857,J_1,A3WEALTH,N
28857,J_1,A3STINGY,N
28857,J_1,A3UNPATRIOTIC,N
28857,J_1,A3CARICATURE,N
28857,J_1,A3VIOLENCE,N
28857,J_1,A3SYNAGOGUE,N
28857,J_1,A3SWASTIKA,N
28857,J_1,A3DISCRIMINATION,N
17294,J_1,A1ESSENTIAL,N
17294,J_1,A2EVIL,N
17294,J_1,A2CONSPIRACY,N
17294,J_1,A2HIDDENPOWER,N
17294,J_1,A2COLLECTIVEAGENDA,N
17294,J_1,A2CONTROLGOV,N
17294,J_1,A2CONTROLBANKS,N
17294,J_1,A2CONTROLMEDIA,N
17294,J_1,A2LOYALTY,N
17294,J_1,A2DISEASE,N
17294,J_1,A3WEALTH,N
17294,J_1,A3STINGY,N
17294,J_1,A3UNPATRIOTIC,N
17294,J_1,A3CARICATURE,N
17294,J_1,A3VIOLENCE,N
17294,J_1,A3SYNAGOGUE,N
17294,J_1,A3SWASTIKA,N
17294,J_1,A3DISCRIMINATION,N
18300,J_1,A1ESSENTIAL,N
18300,J_1,A2EVIL,N
18300,J_1,A2CONSPIRACY,N
18300,J_1,A2HIDDENPOWER,N
18300,J_1,A2COLLECTIVEAGENDA,N
18300,J_1,A2CONTROLGOV,N
18300,J_1,A2CONTROLBANKS,N
18300,J_1,A2CONTROLMEDIA,N
18300,J_1,A2LOYALTY,N
18300,J_1,A2DISEASE,N
18300,J_1,A3WEALTH,N
18300,J_1,A3STINGY,N
18300,J_1,A3UNPATRIOTIC,N
18300,J_1,A3CARICATURE,N
18300,J_1,A3VIOLENCE,N
18300,J_1,A3SYNAGOGUE,N
18300,J_1,A3SWASTIKA,N
18300,J_1,A3DISCRIMINATION,N
21029,J_1,A1ESSENTIAL,A
21029,J_1,A2EVIL,A
21029,J_1,A2CONSPIRACY,A
21029,J_1,A2HIDDENPOWER,A
21029,J_1,A2COLLECTIVEAGENDA,A
21029,J_1,A2CONTROLGOV,A
21029,J_1,A2CONTROLBANKS,A
21029,J_1,A2CONTROLMEDIA,A
21029,J_1,A2LOYALTY,A
21029,J_1,A2DISEASE,A
21029,J_1,A3WEALTH,A
21029,J_1,A3STINGY,A
21029,J_1,A3UNPATRIOTIC,A
21029,J_1,A3CARICATURE,A
21029,J_1,A3VIOLENCE,A
21029,J_1,A3SYNAGOGUE,A
21029,J_1,A3SWASTIKA,A
21029,J_1,A3DISCRIMINATION,A
10843,J_1,A1ESSENTIAL,N
10843,J_1,A2EVIL,N
10843,J_1,A2CONSPIRACY,N
10843,J_1,A2HIDDENPOWER,N
10843,J_1,A2COLLECTIVEAGENDA,N
10843,J_1,A2CONTROLGOV,N
10843,J_1,A2CONTROLBANKS,N
10843,J_1,A2CONTROLMEDIA,N
10843,J_1,A2LOYALTY,N
10843,J_1,A2DISEASE,N
10843,J_1,A3WEALTH,N
10843,J_1,A3STINGY,N
10843,J_1,A3UNPATRIOTIC,N
10843,J_1,A3CARICATURE,N
10843,J_1,A3VIOLENCE,E
10843,J_1,A3SYNAGOGUE,N
10843,J_1,A3SWASTIKA,N
10843,J_1,A3DISCRIMINATION,N
22971,J_1,A1ESSENTIAL,N
22971,J_1,A2EVIL,N
22971,J_1,A2CONSPIRACY,N
22971,J_1,A2HIDDENPOWER,N
22971,J_1,A2COLLECTIVEAGENDA,N
22971,J_1,A2CONTROLGOV,N
22971,J_1,A2CONTROLBANKS,N
22971,J_1,A2CONTROLMEDIA,N
22971,J_1,A2LOYALTY,N
22971,J_1,A2DISEASE,N
22971,J_1,A3WEALTH,N
22971,J_1,A3STINGY,N
22971,J_1,A3UNPATRIOTIC,N
22971,J_1,A3CARICATURE,N
22971,J_1,A3VIOLENCE,N
22971,J_1,A3SYNAGOGUE,N
22971,J_1,A3SWASTIKA,N
22971,J_1,A3DISCRIMINATION,N
33776,J_1,A1ESSENTIAL,N
33776,J_1,A2EVIL,N
33776,J_1,A2CONSPIRACY,N
33776,J_1,A2HIDDENPOWER,N
33776,J_1,A2COLLECTIVEAGENDA,N
33776,J_1,A2CONTROLGOV,N
33776,J_1,A2CONTROLBANKS,N
33776,J_1,A2CONTROLMEDIA,N
33776,J_1,A2LOYALTY,N
33776,J_1,A2DISEASE,N
33776,J_1,A3WEALTH,N
33776,J_1,A3STINGY,N
33776,J_1,A3UNPATRIOTIC,N
33776,J_1,A3CARICATURE,N
33776,J_1,A3VIOLENCE,N
33776,J_1,A3SYNAGOGUE,N
33776,J_1,A3SWASTIKA,N
33776,J_1,A3DISCRIMINATION,N
12122,J_1,A1ESSENTIAL,A
12122,J_1,A2EVIL,N
12122,J_1,A2CONSPIRACY,N
12122,J_1,A2HIDDENPOWER,N
12122,J_1,A2COLLECTIVEAGENDA,N
12122,J_1,A2CONTROLGOV,N
12122,J_1,A2CONTROLBANKS,N
12122,J_1,A2CONTROLMEDIA,N
12122,J_1,A2LOYALTY,N
12122,J_1,A2DISEASE,N
12122,J_1,A3WEALTH,N
12122,J_1,A3STINGY,N
12122,J_1,A3UNPATRIOTIC,N
12122,J_1,A3CARICATURE,N
12122,J_1,A3VIOLENCE,N
12122,J_1,A3SYNAGOGUE,N
12122,J_1,A3SWASTIKA,N
12122,J_1,A3DISCRIMINATION,N
41,J_1,A1ESSENTIAL,N
41,J_1,A2EVIL,N
41,J_1,A2CONSPIRACY,N
41,J_1,A2HIDDENPOWER,N
41,J_1,A2COLLECTIVEAGENDA,N
41,J_1,A2CONTROLGOV,N
41,J_1,A2CONTROLBANKS,N
41,J_1,A2CONTROLMEDIA,N
41,J_1,A2LOYALTY,N
41,J_1,A2DISEASE,N
41,J_1,A3WEALTH,N
41,J_1,A3STINGY,N
41,J_1,A3UNPATRIOTIC,N
41,J_1,A3CARICATURE,N
41,J_1,A3VIOLENCE,N
41,J_1,A3SYNAGOGUE,N
41,J_1,A3SWASTIKA,N
41,J_1,A3DISCRIMINATION,N
9528,J_1,A1ESSENTIAL,I
9528,J_1,A2EVIL,E
9528,J_1,A2CONSPIRACY,I
9528,J_1,A2HIDDENPOWER,N
9528,J_1,A2COLLECTIVEAGENDA,N
9528,J_1,A2CONTROLGOV,N
9528,J_1,A2CONTROLBANKS,N
9528,J_1,A2CONTROLMEDIA,N
9528,J_1,A2LOYALTY,N
9528,J_1,A2DISEASE,N
9528,J_1,A3WEALTH,N
9528,J_1,A3STINGY,N
9528,J_1,A3UNPATRIOTIC,N
9528,J_1,A3CARICATURE,N
9528,J_1,A3VIOLENCE,N
9528,J_1,A3SYNAGOGUE,N
9528,J_1,A3SWASTIKA,N
9528,J_1,A3DISCRIMINATION,N
30632,J_1,A1ESSENTIAL,N
30632,J_1,A2EVIL,N
30632,J_1,A2CONSPIRACY,N
30632,J_1,A2HIDDENPOWER,N
30632,J_1,A2COLLECTIVEAGENDA,N
30632,J_1,A2CONTROLGOV,N
30632,J_1,A2CONTROLBANKS,N
30632,J_1,A2CONTROLMEDIA,N
30632,J_1,A2LOYALTY,N
30632,J_1,A2DISEASE,N
30632,J_1,A3WEALTH,N
30632,J_1,A3STINGY,N
30632,J_1,A3UNPATRIOTIC,N
30632,J_1,A3CARICATURE,N
30632,J_1,A3VIOLENCE,N
30632,J_1,A3SYNAGOGUE,N
30632,J_1,A3SWASTIKA,N
30632,J_1,A3DISCRIMINATION,N
40103,J_1,A1ESSENTIAL,N
40103,J_1,A2EVIL,N
40103,J_1,A2CONSPIRACY,N
40103,J_1,A2HIDDENPOWER,N
40103,J_1,A2COLLECTIVEAGENDA,N
40103,J_1,A2CONTROLGOV,N
40103,J_1,A2CONTROLBANKS,N
40103,J_1,A2CONTROLMEDIA,N
40103,J_1,A2LOYALTY,N
40103,J_1,A2DISEASE,N
40103,J_1,A3WEALTH,N
40103,J_1,A3STINGY,N
40103,J_1,A3UNPATRIOTIC,N
40103,J_1,A3CARICATURE,N
40103,J_1,A3VIOLENCE,N
40103,J_1,A3SYNAGOGUE,N
40103,J_1,A3SWASTIKA,N
40103,J_1,A3DISCRIMINATION,N
28168,J_1,A1ESSENTIAL,N
28168,J_1,A2EVIL,N
28168,J_1,A2CONSPIRACY,I
28168,J_1,A2HIDDENPOWER,I
28168,J_1,A2COLLECTIVEAGENDA,N
28168,J_1,A2CONTROLGOV,I
28168,J_1,A2CONTROLBANKS,N
28168,J_1,A2CONTROLMEDIA,N
28168,J_1,A2LOYALTY,N
28168,J_1,A2DISEASE,N
28168,J_1,A3WEALTH,N
28168,J_1,A3STINGY,N
28168,J_1,A3UNPATRIOTIC,N
28168,J_1,A3CARICATURE,N
28168,J_1,A3VIOLENCE,N
28168,J_1,A3SYNAGOGUE,N
28168,J_1,A3SWASTIKA,N
28168,J_1,A3DISCRIMINATION,N
45603,J_1,A1ESSENTIAL,N
45603,J_1,A2EVIL,N
45603,J_1,A2CONSPIRACY,N
45603,J_1,A2HIDDENPOWER,N
45603,J_1,A2COLLECTIVEAGENDA,N
45603,J_1,A2CONTROLGOV,N
45603,J_1,A2CONTROLBANKS,N
45603,J_1,A2CONTROLMEDIA,N
45603,J_1,A2LOYALTY,N
45603,J_1,A2DISEASE,N
45603,J_1,A3WEALTH,N
45603,J_1,A3STINGY,N
45603,J_1,A3UNPATRIOTIC,N
45603,J_1,A3CARICATURE,N
45603,J_1,A3VIOLENCE,N
45603,J_1,A3SYNAGOGUE,N
45603,J_1,A3SWASTIKA,N
45603,J_1,A3DISCRIMINATION,N
42757,J_1,A1ESSENTIAL,N
42757,J_1,A2EVIL,N
42757,J_1,A2CONSPIRACY,N
42757,J_1,A2HIDDENPOWER,N
42757,J_1,A2COLLECTIVEAGENDA,N
42757,J_1,A2CONTROLGOV,N
42757,J_1,A2CONTROLBANKS,N
42757,J_1,A2CONTROLMEDIA,N
42757,J_1,A2LOYALTY,N
42757,J_1,A2DISEASE,N
42757,J_1,A3WEALTH,N
42757,J_1,A3STINGY,N
42757,J_1,A3UNPATRIOTIC,N
42757,J_1,A3CARICATURE,N
42757,J_1,A3VIOLENCE,N
42757,J_1,A3SYNAGOGUE,N
42757,J_1,A3SWASTIKA,N
42757,J_1,A3DISCRIMINATION,N
8783,J_1,A1ESSENTIAL,N
8783,J_1,A2EVIL,N
8783,J_1,A2CONSPIRACY,N
8783,J_1,A2HIDDENPOWER,N
8783,J_1,A2COLLECTIVEAGENDA,N
8783,J_1,A2CONTROLGOV,N
8783,J_1,A2CONTROLBANKS,N
8783,J_1,A2CONTROLMEDIA,N
8783,J_1,A2LOYALTY,N
8783,J_1,A2DISEASE,N
8783,J_1,A3WEALTH,N
8783,J_1,A3STINGY,N
8783,J_1,A3UNPATRIOTIC,N
8783,J_1,A3CARICATURE,N
8783,J_1,A3VIOLENCE,N
8783,J_1,A3SYNAGOGUE,N
8783,J_1,A3SWASTIKA,N
8783,J_1,A3DISCRIMINATION,N
20193,J_1,A1ESSENTIAL,N
20193,J_1,A2EVIL,N
20193,J_1,A2CONSPIRACY,N
20193,J_1,A2HIDDENPOWER,N
20193,J_1,A2COLLECTIVEAGENDA,N
20193,J_1,A2CONTROLGOV,N
20193,J_1,A2CONTROLBANKS,N
20193,J_1,A2CONTROLMEDIA,N
20193,J_1,A2LOYALTY,N
20193,J_1,A2DISEASE,N
20193,J_1,A3WEALTH,N
20193,J_1,A3STINGY,N
20193,J_1,A3UNPATRIOTIC,N
20193,J_1,A3CARICATURE,N
20193,J_1,A3VIOLENCE,N
20193,J_1,A3SYNAGOGUE,N
20193,J_1,A3SWASTIKA,N
20193,J_1,A3DISCRIMINATION,N
21496,J_1,A1ESSENTIAL,N
21496,J_1,A2EVIL,N
21496,J_1,A2CONSPIRACY,N
21496,J_1,A2HIDDENPOWER,N
21496,J_1,A2COLLECTIVEAGENDA,N
21496,J_1,A2CONTROLGOV,N
21496,J_1,A2CONTROLBANKS,N
21496,J_1,A2CONTROLMEDIA,N
21496,J_1,A2LOYALTY,N
21496,J_1,A2DISEASE,N
21496,J_1,A3WEALTH,N
21496,J_1,A3STINGY,N
21496,J_1,A3UNPATRIOTIC,N
21496,J_1,A3CARICATURE,N
21496,J_1,A3VIOLENCE,N
21496,J_1,A3SYNAGOGUE,N
21496,J_1,A3SWASTIKA,N
21496,J_1,A3DISCRIMINATION,N
42400,J_1,A1ESSENTIAL,A
42400,J_1,A2EVIL,N
42400,J_1,A2CONSPIRACY,I
42400,J_1,A2HIDDENPOWER,I
42400,J_1,A2COLLECTIVEAGENDA,I
42400,J_1,A2CONTROLGOV,I
42400,J_1,A2CONTROLBANKS,N
42400,J_1,A2CONTROLMEDIA,N
42400,J_1,A2LOYALTY,N
42400,J_1,A2DISEASE,N
42400,J_1,A3WEALTH,N
42400,J_1,A3STINGY,N
42400,J_1,A3UNPATRIOTIC,N
42400,J_1,A3CARICATURE,N
42400,J_1,A3VIOLENCE,N
42400,J_1,A3SYNAGOGUE,N
42400,J_1,A3SWASTIKA,N
42400,J_1,A3DISCRIMINATION,N
20062,J_1,A1ESSENTIAL,N
20062,J_1,A2EVIL,N
20062,J_1,A2CONSPIRACY,N
20062,J_1,A2HIDDENPOWER,N
20062,J_1,A2COLLECTIVEAGENDA,N
20062,J_1,A2CONTROLGOV,N
20062,J_1,A2CONTROLBANKS,N
20062,J_1,A2CONTROLMEDIA,N
20062,J_1,A2LOYALTY,N
20062,J_1,A2DISEASE,N
20062,J_1,A3WEALTH,N
20062,J_1,A3STINGY,N
20062,J_1,A3UNPATRIOTIC,N
20062,J_1,A3CARICATURE,N
20062,J_1,A3VIOLENCE,N
20062,J_1,A3SYNAGOGUE,N
20062,J_1,A3SWASTIKA,N
20062,J_1,A3DISCRIMINATION,N
24893,J_1,A1ESSENTIAL,N
24893,J_1,A2EVIL,N
24893,J_1,A2CONSPIRACY,N
24893,J_1,A2HIDDENPOWER,N
24893,J_1,A2COLLECTIVEAGENDA,N
24893,J_1,A2CONTROLGOV,N
24893,J_1,A2CONTROLBANKS,N
24893,J_1,A2CONTROLMEDIA,N
24893,J_1,A2LOYALTY,N
24893,J_1,A2DISEASE,N
24893,J_1,A3WEALTH,N
24893,J_1,A3STINGY,N
24893,J_1,A3UNPATRIOTIC,N
24893,J_1,A3CARICATURE,N
24893,J_1,A3VIOLENCE,N
24893,J_1,A3SYNAGOGUE,N
24893,J_1,A3SWASTIKA,N
24893,J_1,A3DISCRIMINATION,N
8880,J_1,A1ESSENTIAL,N
8880,J_1,A2EVIL,N
8880,J_1,A2CONSPIRACY,N
8880,J_1,A2HIDDENPOWER,N
8880,J_1,A2COLLECTIVEAGENDA,N
8880,J_1,A2CONTROLGOV,N
8880,J_1,A2CONTROLBANKS,N
8880,J_1,A2CONTROLMEDIA,N
8880,J_1,A2LOYALTY,N
8880,J_1,A2DISEASE,N
8880,J_1,A3WEALTH,N
8880,J_1,A3STINGY,N
8880,J_1,A3UNPATRIOTIC,N
8880,J_1,A3CARICATURE,N
8880,J_1,A3VIOLENCE,N
8880,J_1,A3SYNAGOGUE,N
8880,J_1,A3SWASTIKA,N
8880,J_1,A3DISCRIMINATION,N
4188,J_1,A1ESSENTIAL,N
4188,J_1,A2EVIL,N
4188,J_1,A2CONSPIRACY,N
4188,J_1,A2HIDDENPOWER,N
4188,J_1,A2COLLECTIVEAGENDA,N
4188,J_1,A2CONTROLGOV,N
4188,J_1,A2CONTROLBANKS,N
4188,J_1,A2CONTROLMEDIA,N
4188,J_1,A2LOYALTY,N
4188,J_1,A2DISEASE,N
4188,J_1,A3WEALTH,N
4188,J_1,A3STINGY,N
4188,J_1,A3UNPATRIOTIC,N
4188,J_1,A3CARICATURE,N
4188,J_1,A3VIOLENCE,I
4188,J_1,A3SYNAGOGUE,N
4188,J_1,A3SWASTIKA,N
4188,J_1,A3DISCRIMINATION,N
2009,J_1,A1ESSENTIAL,N
2009,J_1,A2EVIL,N
2009,J_1,A2CONSPIRACY,N
2009,J_1,A2HIDDENPOWER,N
2009,J_1,A2COLLECTIVEAGENDA,N
2009,J_1,A2CONTROLGOV,N
2009,J_1,A2CONTROLBANKS,N
2009,J_1,A2CONTROLMEDIA,N
2009,J_1,A2LOYALTY,N
2009,J_1,A2DISEASE,N
2009,J_1,A3WEALTH,N
2009,J_1,A3STINGY,N
2009,J_1,A3UNPATRIOTIC,N
2009,J_1,A3CARICATURE,N
2009,J_1,A3VIOLENCE,N
2009,J_1,A3SYNAGOGUE,N
2009,J_1,A3SWASTIKA,N
2009,J_1,A3DISCRIMINATION,N
35317,J_1,A1ESSENTIAL,E
35317,J_1,A2EVIL,I
35317,J_1,A2CONSPIRACY,N
35317,J_1,A2HIDDENPOWER,N
35317,J_1,A2COLLECTIVEAGENDA,N
35317,J_1,A2CONTROLGOV,N
35317,J_1,A2CONTROLBANKS,N
35317,J_1,A2CONTROLMEDIA,N
35317,J_1,A2LOYALTY,N
35317,J_1,A2DISEASE,N
35317,J_1,A3WEALTH,N
35317,J_1,A3STINGY,N
35317,J_1,A3UNPATRIOTIC,N
35317,J_1,A3CARICATURE,N
35317,J_1,A3VIOLENCE,N
35317,J_1,A3SYNAGOGUE,N
35317,J_1,A3SWASTIKA,N
35317,J_1,A3DISCRIMINATION,E
49905,J_1,A1ESSENTIAL,N
49905,J_1,A2EVIL,A
49905,J_1,A2CONSPIRACY,A
49905,J_1,A2HIDDENPOWER,A
49905,J_1,A2COLLECTIVEAGENDA,A
49905,J_1,A2CONTROLGOV,N
49905,J_1,A2CONTROLBANKS,N
49905,J_1,A2CONTROLMEDIA,N
49905,J_1,A2LOYALTY,N
49905,J_1,A2DISEASE,N
49905,J_1,A3WEALTH,N
49905,J_1,A3STINGY,N
49905,J_1,A3UNPATRIOTIC,N
49905,J_1,A3CARICATURE,N
49905,J_1,A3VIOLENCE,N
49905,J_1,A3SYNAGOGUE,N
49905,J_1,A3SWASTIKA,N
49905,J_1,A3DISCRIMINATION,N
6058,J_1,A1ESSENTIAL,A
6058,J_1,A2EVIL,A
6058,J_1,A2CONSPIRACY,N
6058,J_1,A2HIDDENPOWER,N
6058,J_1,A2COLLECTIVEAGENDA,A
6058,J_1,A2CONTROLGOV,N
6058,J_1,A2CONTROLBANKS,N
6058,J_1,A2CONTROLMEDIA,N
6058,J_1,A2LOYALTY,N
6058,J_1,A2DISEASE,N
6058,J_1,A3WEALTH,N
6058,J_1,A3STINGY,N
6058,J_1,A3UNPATRIOTIC,N
6058,J_1,A3CARICATURE,N
6058,J_1,A3VIOLENCE,N
6058,J_1,A3SYNAGOGUE,N
6058,J_1,A3SWASTIKA,N
6058,J_1,A3DISCRIMINATION,N
34099,J_1,A1ESSENTIAL,N
34099,J_1,A2EVIL,N
34099,J_1,A2CONSPIRACY,N
34099,J_1,A2HIDDENPOWER,N
34099,J_1,A2COLLECTIVEAGENDA,N
34099,J_1,A2CONTROLGOV,N
34099,J_1,A2CONTROLBANKS,N
34099,J_1,A2CONTROLMEDIA,N
34099,J_1,A2LOYALTY,N
34099,J_1,A2DISEASE,N
34099,J_1,A3WEALTH,N
34099,J_1,A3STINGY,N
34099,J_1,A3UNPATRIOTIC,N
34099,J_1,A3CARICATURE,N
34099,J_1,A3VIOLENCE,N
34099,J_1,A3SYNAGOGUE,N
34099,J_1,A3SWASTIKA,N
34099,J_1,A3DISCRIMINATION,N
31580,J_1,A1ESSENTIAL,N
31580,J_1,A2EVIL,N
31580,J_1,A2CONSPIRACY,N
31580,J_1,A2HIDDENPOWER,N
31580,J_1,A2COLLECTIVEAGENDA,N
31580,J_1,A2CONTROLGOV,N
31580,J_1,A2CONTROLBANKS,N
31580,J_1,A2CONTROLMEDIA,N
31580,J_1,A2LOYALTY,N
31580,J_1,A2DISEASE,N
31580,J_1,A3WEALTH,N
31580,J_1,A3STINGY,N
31580,J_1,A3UNPATRIOTIC,N
31580,J_1,A3CARICATURE,N
31580,J_1,A3VIOLENCE,N
31580,J_1,A3SYNAGOGUE,N
31580,J_1,A3SWASTIKA,N
31580,J_1,A3DISCRIMINATION,N
13036,J_1,A1ESSENTIAL,N
13036,J_1,A2EVIL,N
13036,J_1,A2CONSPIRACY,N
13036,J_1,A2HIDDENPOWER,N
13036,J_1,A2COLLECTIVEAGENDA,N
13036,J_1,A2CONTROLGOV,N
13036,J_1,A2CONTROLBANKS,N
13036,J_1,A2CONTROLMEDIA,N
13036,J_1,A2LOYALTY,N
13036,J_1,A2DISEASE,N
13036,J_1,A3WEALTH,N
13036,J_1,A3STINGY,N
13036,J_1,A3UNPATRIOTIC,N
13036,J_1,A3CARICATURE,N
13036,J_1,A3VIOLENCE,N
13036,J_1,A3SYNAGOGUE,N
13036,J_1,A3SWASTIKA,N
13036,J_1,A3DISCRIMINATION,N
14861,J_1,A1ESSENTIAL,N
14861,J_1,A2EVIL,N
14861,J_1,A2CONSPIRACY,N
14861,J_1,A2HIDDENPOWER,N
14861,J_1,A2COLLECTIVEAGENDA,N
14861,J_1,A2CONTROLGOV,N
14861,J_1,A2CONTROLBANKS,N
14861,J_1,A2CONTROLMEDIA,N
14861,J_1,A2LOYALTY,N
14861,J_1,A2DISEASE,N
14861,J_1,A3WEALTH,N
14861,J_1,A3STINGY,N
14861,J_1,A3UNPATRIOTIC,N
14861,J_1,A3CARICATURE,N
14861,J_1,A3VIOLENCE,N
14861,J_1,A3SYNAGOGUE,N
14861,J_1,A3SWASTIKA,N
14861,J_1,A3DISCRIMINATION,N
25325,J_1,A1ESSENTIAL,N
25325,J_1,A2EVIL,N
25325,J_1,A2CONSPIRACY,N
25325,J_1,A2HIDDENPOWER,N
25325,J_1,A2COLLECTIVEAGENDA,N
25325,J_1,A2CONTROLGOV,N
25325,J_1,A2CONTROLBANKS,N
25325,J_1,A2CONTROLMEDIA,N
25325,J_1,A2LOYALTY,N
25325,J_1,A2DISEASE,N
25325,J_1,A3WEALTH,N
25325,J_1,A3STINGY,N
25325,J_1,A3UNPATRIOTIC,N
25325,J_1,A3CARICATURE,N
25325,J_1,A3VIOLENCE,N
25325,J_1,A3SYNAGOGUE,N
25325,J_1,A3SWASTIKA,N
25325,J_1,A3DISCRIMINATION,N
4117,J_1,A1ESSENTIAL,E
4117,J_1,A2EVIL,N
4117,J_1,A2CONSPIRACY,N
4117,J_1,A2HIDDENPOWER,N
4117,J_1,A2COLLECTIVEAGENDA,N
4117,J_1,A2CONTROLGOV,N
4117,J_1,A2CONTROLBANKS,N
4117,J_1,A2CONTROLMEDIA,N
4117,J_1,A2LOYALTY,N
4117,J_1,A2DISEASE,N
4117,J_1,A3WEALTH,N
4117,J_1,A3STINGY,N
4117,J_1,A3UNPATRIOTIC,N
4117,J_1,A3CARICATURE,N
4117,J_1,A3VIOLENCE,I
4117,J_1,A3SYNAGOGUE,N
4117,J_1,A3SWASTIKA,N
4117,J_1,A3DISCRIMINATION,N
10116,J_1,A1ESSENTIAL,N
10116,J_1,A2EVIL,I
10116,J_1,A2CONSPIRACY,N
10116,J_1,A2HIDDENPOWER,N
10116,J_1,A2COLLECTIVEAGENDA,N
10116,J_1,A2CONTROLGOV,N
10116,J_1,A2CONTROLBANKS,N
10116,J_1,A2CONTROLMEDIA,N
10116,J_1,A2LOYALTY,N
10116,J_1,A2DISEASE,N
10116,J_1,A3WEALTH,N
10116,J_1,A3STINGY,N
10116,J_1,A3UNPATRIOTIC,N
10116,J_1,A3CARICATURE,N
10116,J_1,A3VIOLENCE,E
10116,J_1,A3SYNAGOGUE,N
10116,J_1,A3SWASTIKA,N
10116,J_1,A3DISCRIMINATION,N
10021,J_1,A1ESSENTIAL,N
10021,J_1,A2EVIL,N
10021,J_1,A2CONSPIRACY,I
10021,J_1,A2HIDDENPOWER,I
10021,J_1,A2COLLECTIVEAGENDA,I
10021,J_1,A2CONTROLGOV,I
10021,J_1,A2CONTROLBANKS,N
10021,J_1,A2CONTROLMEDIA,N
10021,J_1,A2LOYALTY,I
10021,J_1,A2DISEASE,N
10021,J_1,A3WEALTH,N
10021,J_1,A3STINGY,N
10021,J_1,A3UNPATRIOTIC,N
10021,J_1,A3CARICATURE,N
10021,J_1,A3VIOLENCE,N
10021,J_1,A3SYNAGOGUE,N
10021,J_1,A3SWASTIKA,N
10021,J_1,A3DISCRIMINATION,N
48598,J_1,A1ESSENTIAL,N
48598,J_1,A2EVIL,N
48598,J_1,A2CONSPIRACY,N
48598,J_1,A2HIDDENPOWER,N
48598,J_1,A2COLLECTIVEAGENDA,N
48598,J_1,A2CONTROLGOV,N
48598,J_1,A2CONTROLBANKS,N
48598,J_1,A2CONTROLMEDIA,N
48598,J_1,A2LOYALTY,N
48598,J_1,A2DISEASE,N
48598,J_1,A3WEALTH,N
48598,J_1,A3STINGY,N
48598,J_1,A3UNPATRIOTIC,N
48598,J_1,A3CARICATURE,N
48598,J_1,A3VIOLENCE,N
48598,J_1,A3SYNAGOGUE,N
48598,J_1,A3SWASTIKA,N
48598,J_1,A3DISCRIMINATION,N
16532,J_1,A1ESSENTIAL,N
16532,J_1,A2EVIL,N
16532,J_1,A2CONSPIRACY,N
16532,J_1,A2HIDDENPOWER,N
16532,J_1,A2COLLECTIVEAGENDA,N
16532,J_1,A2CONTROLGOV,N
16532,J_1,A2CONTROLBANKS,N
16532,J_1,A2CONTROLMEDIA,N
16532,J_1,A2LOYALTY,N
16532,J_1,A2DISEASE,N
16532,J_1,A3WEALTH,N
16532,J_1,A3STINGY,N
16532,J_1,A3UNPATRIOTIC,N
16532,J_1,A3CARICATURE,N
16532,J_1,A3VIOLENCE,A
16532,J_1,A3SYNAGOGUE,N
16532,J_1,A3SWASTIKA,N
16532,J_1,A3DISCRIMINATION,N
25790,J_1,A1ESSENTIAL,N
25790,J_1,A2EVIL,N
25790,J_1,A2CONSPIRACY,N
25790,J_1,A2HIDDENPOWER,N
25790,J_1,A2COLLECTIVEAGENDA,N
25790,J_1,A2CONTROLGOV,N
25790,J_1,A2CONTROLBANKS,N
25790,J_1,A2CONTROLMEDIA,N
25790,J_1,A2LOYALTY,N
25790,J_1,A2DISEASE,N
25790,J_1,A3WEALTH,N
25790,J_1,A3STINGY,N
25790,J_1,A3UNPATRIOTIC,N
25790,J_1,A3CARICATURE,N
25790,J_1,A3VIOLENCE,N
25790,J_1,A3SYNAGOGUE,N
25790,J_1,A3SWASTIKA,N
25790,J_1,A3DISCRIMINATION,N
43993,J_1,A1ESSENTIAL,N
43993,J_1,A2EVIL,N
43993,J_1,A2CONSPIRACY,N
43993,J_1,A2HIDDENPOWER,N
43993,J_1,A2COLLECTIVEAGENDA,N
43993,J_1,A2CONTROLGOV,N
43993,J_1,A2CONTROLBANKS,N
43993,J_1,A2CONTROLMEDIA,N
43993,J_1,A2LOYALTY,N
43993,J_1,A2DISEASE,N
43993,J_1,A3WEALTH,N
43993,J_1,A3STINGY,N
43993,J_1,A3UNPATRIOTIC,N
43993,J_1,A3CARICATURE,N
43993,J_1,A3VIOLENCE,N
43993,J_1,A3SYNAGOGUE,N
43993,J_1,A3SWASTIKA,N
43993,J_1,A3DISCRIMINATION,N
7291,J_1,A1ESSENTIAL,N
7291,J_1,A2EVIL,N
7291,J_1,A2CONSPIRACY,N
7291,J_1,A2HIDDENPOWER,N
7291,J_1,A2COLLECTIVEAGENDA,N
7291,J_1,A2CONTROLGOV,N
7291,J_1,A2CONTROLBANKS,N
7291,J_1,A2CONTROLMEDIA,N
7291,J_1,A2LOYALTY,N
7291,J_1,A2DISEASE,N
7291,J_1,A3WEALTH,N
7291,J_1,A3STINGY,N
7291,J_1,A3UNPATRIOTIC,N
7291,J_1,A3CARICATURE,N
7291,J_1,A3VIOLENCE,N
7291,J_1,A3SYNAGOGUE,N
7291,J_1,A3SWASTIKA,N
7291,J_1,A3DISCRIMINATION,N
16502,J_1,A1ESSENTIAL,E
16502,J_1,A2EVIL,N
16502,J_1,A2CONSPIRACY,N
16502,J_1,A2HIDDENPOWER,N
16502,J_1,A2COLLECTIVEAGENDA,N
16502,J_1,A2CONTROLGOV,N
16502,J_1,A2CONTROLBANKS,N
16502,J_1,A2CONTROLMEDIA,N
16502,J_1,A2LOYALTY,N
16502,J_1,A2DISEASE,N
16502,J_1,A3WEALTH,N
16502,J_1,A3STINGY,N
16502,J_1,A3UNPATRIOTIC,N
16502,J_1,A3CARICATURE,N
16502,J_1,A3VIOLENCE,E
16502,J_1,A3SYNAGOGUE,N
16502,J_1,A3SWASTIKA,N
16502,J_1,A3DISCRIMINATION,N
16273,J_1,A1ESSENTIAL,N
16273,J_1,A2EVIL,N
16273,J_1,A2CONSPIRACY,N
16273,J_1,A2HIDDENPOWER,N
16273,J_1,A2COLLECTIVEAGENDA,N
16273,J_1,A2CONTROLGOV,N
16273,J_1,A2CONTROLBANKS,N
16273,J_1,A2CONTROLMEDIA,N
16273,J_1,A2LOYALTY,N
16273,J_1,A2DISEASE,N
16273,J_1,A3WEALTH,N
16273,J_1,A3STINGY,N
16273,J_1,A3UNPATRIOTIC,N
16273,J_1,A3CARICATURE,N
16273,J_1,A3VIOLENCE,N
16273,J_1,A3SYNAGOGUE,N
16273,J_1,A3SWASTIKA,N
16273,J_1,A3DISCRIMINATION,N
42926,J_1,A1ESSENTIAL,N
42926,J_1,A2EVIL,N
42926,J_1,A2CONSPIRACY,N
42926,J_1,A2HIDDENPOWER,N
42926,J_1,A2COLLECTIVEAGENDA,N
42926,J_1,A2CONTROLGOV,N
42926,J_1,A2CONTROLBANKS,N
42926,J_1,A2CONTROLMEDIA,N
42926,J_1,A2LOYALTY,N
42926,J_1,A2DISEASE,N
42926,J_1,A3WEALTH,N
42926,J_1,A3STINGY,N
42926,J_1,A3UNPATRIOTIC,N
42926,J_1,A3CARICATURE,N
42926,J_1,A3VIOLENCE,N
42926,J_1,A3SYNAGOGUE,N
42926,J_1,A3SWASTIKA,N
42926,J_1,A3DISCRIMINATION,N
24688,J_1,A1ESSENTIAL,N
24688,J_1,A2EVIL,N
24688,J_1,A2CONSPIRACY,N
24688,J_1,A2HIDDENPOWER,N
24688,J_1,A2COLLECTIVEAGENDA,N
24688,J_1,A2CONTROLGOV,N
24688,J_1,A2CONTROLBANKS,N
24688,J_1,A2CONTROLMEDIA,N
24688,J_1,A2LOYALTY,N
24688,J_1,A2DISEASE,N
24688,J_1,A3WEALTH,N
24688,J_1,A3STINGY,N
24688,J_1,A3UNPATRIOTIC,N
24688,J_1,A3CARICATURE,N
24688,J_1,A3VIOLENCE,N
24688,J_1,A3SYNAGOGUE,N
24688,J_1,A3SWASTIKA,N
24688,J_1,A3DISCRIMINATION,N
4788,J_1,A1ESSENTIAL,A
4788,J_1,A2EVIL,A
4788,J_1,A2CONSPIRACY,N
4788,J_1,A2HIDDENPOWER,N
4788,J_1,A2COLLECTIVEAGENDA,N
4788,J_1,A2CONTROLGOV,N
4788,J_1,A2CONTROLBANKS,N
4788,J_1,A2CONTROLMEDIA,N
4788,J_1,A2LOYALTY,N
4788,J_1,A2DISEASE,N
4788,J_1,A3WEALTH,N
4788,J_1,A3STINGY,N
4788,J_1,A3UNPATRIOTIC,N
4788,J_1,A3CARICATURE,N
4788,J_1,A3VIOLENCE,A
4788,J_1,A3SYNAGOGUE,N
4788,J_1,A3SWASTIKA,N
4788,J_1,A3DISCRIMINATION,N
44117,J_1,A1ESSENTIAL,N
44117,J_1,A2EVIL,N
44117,J_1,A2CONSPIRACY,N
44117,J_1,A2HIDDENPOWER,N
44117,J_1,A2COLLECTIVEAGENDA,N
44117,J_1,A2CONTROLGOV,N
44117,J_1,A2CONTROLBANKS,N
44117,J_1,A2CONTROLMEDIA,N
44117,J_1,A2LOYALTY,N
44117,J_1,A2DISEASE,N
44117,J_1,A3WEALTH,N
44117,J_1,A3STINGY,N
44117,J_1,A3UNPATRIOTIC,N
44117,J_1,A3CARICATURE,N
44117,J_1,A3VIOLENCE,N
44117,J_1,A3SYNAGOGUE,N
44117,J_1,A3SWASTIKA,N
44117,J_1,A3DISCRIMINATION,N
13708,J_1,A1ESSENTIAL,N
13708,J_1,A2EVIL,N
13708,J_1,A2CONSPIRACY,N
13708,J_1,A2HIDDENPOWER,N
13708,J_1,A2COLLECTIVEAGENDA,N
13708,J_1,A2CONTROLGOV,N
13708,J_1,A2CONTROLBANKS,N
13708,J_1,A2CONTROLMEDIA,N
13708,J_1,A2LOYALTY,N
13708,J_1,A2DISEASE,N
13708,J_1,A3WEALTH,N
13708,J_1,A3STINGY,N
13708,J_1,A3UNPATRIOTIC,N
13708,J_1,A3CARICATURE,N
13708,J_1,A3VIOLENCE,N
13708,J_1,A3SYNAGOGUE,N
13708,J_1,A3SWASTIKA,N
13708,J_1,A3DISCRIMINATION,N
9160,J_1,A1ESSENTIAL,N
9160,J_1,A2EVIL,N
9160,J_1,A2CONSPIRACY,N
9160,J_1,A2HIDDENPOWER,N
9160,J_1,A2COLLECTIVEAGENDA,N
9160,J_1,A2CONTROLGOV,N
9160,J_1,A2CONTROLBANKS,N
9160,J_1,A2CONTROLMEDIA,N
9160,J_1,A2LOYALTY,N
9160,J_1,A2DISEASE,N
9160,J_1,A3WEALTH,N
9160,J_1,A3STINGY,N
9160,J_1,A3UNPATRIOTIC,N
9160,J_1,A3CARICATURE,N
9160,J_1,A3VIOLENCE,N
9160,J_1,A3SYNAGOGUE,N
9160,J_1,A3SWASTIKA,N
9160,J_1,A3DISCRIMINATION,N
31519,J_1,A1ESSENTIAL,I
31519,J_1,A2EVIL,N
31519,J_1,A2CONSPIRACY,N
31519,J_1,A2HIDDENPOWER,N
31519,J_1,A2COLLECTIVEAGENDA,N
31519,J_1,A2CONTROLGOV,N
31519,J_1,A2CONTROLBANKS,N
31519,J_1,A2CONTROLMEDIA,N
31519,J_1,A2LOYALTY,N
31519,J_1,A2DISEASE,N
31519,J_1,A3WEALTH,N
31519,J_1,A3STINGY,N
31519,J_1,A3UNPATRIOTIC,N
31519,J_1,A3CARICATURE,N
31519,J_1,A3VIOLENCE,N
31519,J_1,A3SYNAGOGUE,N
31519,J_1,A3SWASTIKA,N
31519,J_1,A3DISCRIMINATION,N
17315,J_1,A1ESSENTIAL,N
17315,J_1,A2EVIL,N
17315,J_1,A2CONSPIRACY,N
17315,J_1,A2HIDDENPOWER,N
17315,J_1,A2COLLECTIVEAGENDA,N
17315,J_1,A2CONTROLGOV,N
17315,J_1,A2CONTROLBANKS,N
17315,J_1,A2CONTROLMEDIA,N
17315,J_1,A2LOYALTY,N
17315,J_1,A2DISEASE,N
17315,J_1,A3WEALTH,N
17315,J_1,A3STINGY,N
17315,J_1,A3UNPATRIOTIC,N
17315,J_1,A3CARICATURE,N
17315,J_1,A3VIOLENCE,N
17315,J_1,A3SYNAGOGUE,N
17315,J_1,A3SWASTIKA,N
17315,J_1,A3DISCRIMINATION,N
40212,J_1,A1ESSENTIAL,N
40212,J_1,A2EVIL,A
40212,J_1,A2CONSPIRACY,N
40212,J_1,A2HIDDENPOWER,N
40212,J_1,A2COLLECTIVEAGENDA,I
40212,J_1,A2CONTROLGOV,I
40212,J_1,A2CONTROLBANKS,N
40212,J_1,A2CONTROLMEDIA,N
40212,J_1,A2LOYALTY,N
40212,J_1,A2DISEASE,N
40212,J_1,A3WEALTH,N
40212,J_1,A3STINGY,N
40212,J_1,A3UNPATRIOTIC,N
40212,J_1,A3CARICATURE,N
40212,J_1,A3VIOLENCE,N
40212,J_1,A3SYNAGOGUE,N
40212,J_1,A3SWASTIKA,N
40212,J_1,A3DISCRIMINATION,N
1071,J_1,A1ESSENTIAL,N
1071,J_1,A2EVIL,N
1071,J_1,A2CONSPIRACY,N
1071,J_1,A2HIDDENPOWER,N
1071,J_1,A2COLLECTIVEAGENDA,N
1071,J_1,A2CONTROLGOV,N
1071,J_1,A2CONTROLBANKS,N
1071,J_1,A2CONTROLMEDIA,N
1071,J_1,A2LOYALTY,N
1071,J_1,A2DISEASE,N
1071,J_1,A3WEALTH,A
1071,J_1,A3STINGY,N
1071,J_1,A3UNPATRIOTIC,N
1071,J_1,A3CARICATURE,N
1071,J_1,A3VIOLENCE,N
1071,J_1,A3SYNAGOGUE,N
1071,J_1,A3SWASTIKA,N
1071,J_1,A3DISCRIMINATION,N
22913,J_1,A1ESSENTIAL,N
22913,J_1,A2EVIL,N
22913,J_1,A2CONSPIRACY,N
22913,J_1,A2HIDDENPOWER,N
22913,J_1,A2COLLECTIVEAGENDA,N
22913,J_1,A2CONTROLGOV,N
22913,J_1,A2CONTROLBANKS,N
22913,J_1,A2CONTROLMEDIA,N
22913,J_1,A2LOYALTY,N
22913,J_1,A2DISEASE,N
22913,J_1,A3WEALTH,N
22913,J_1,A3STINGY,N
22913,J_1,A3UNPATRIOTIC,N
22913,J_1,A3CARICATURE,N
22913,J_1,A3VIOLENCE,N
22913,J_1,A3SYNAGOGUE,N
22913,J_1,A3SWASTIKA,N
22913,J_1,A3DISCRIMINATION,N
242,J_1,A1ESSENTIAL,N
242,J_1,A2EVIL,N
242,J_1,A2CONSPIRACY,N
242,J_1,A2HIDDENPOWER,N
242,J_1,A2COLLECTIVEAGENDA,N
242,J_1,A2CONTROLGOV,N
242,J_1,A2CONTROLBANKS,N
242,J_1,A2CONTROLMEDIA,N
242,J_1,A2LOYALTY,N
242,J_1,A2DISEASE,N
242,J_1,A3WEALTH,N
242,J_1,A3STINGY,N
242,J_1,A3UNPATRIOTIC,N
242,J_1,A3CARICATURE,N
242,J_1,A3VIOLENCE,N
242,J_1,A3SYNAGOGUE,N
242,J_1,A3SWASTIKA,N
242,J_1,A3DISCRIMINATION,N
35258,J_1,A1ESSENTIAL,N
35258,J_1,A2EVIL,N
35258,J_1,A2CONSPIRACY,N
35258,J_1,A2HIDDENPOWER,N
35258,J_1,A2COLLECTIVEAGENDA,N
35258,J_1,A2CONTROLGOV,N
35258,J_1,A2CONTROLBANKS,N
35258,J_1,A2CONTROLMEDIA,N
35258,J_1,A2LOYALTY,N
35258,J_1,A2DISEASE,N
35258,J_1,A3WEALTH,N
35258,J_1,A3STINGY,N
35258,J_1,A3UNPATRIOTIC,N
35258,J_1,A3CARICATURE,N
35258,J_1,A3VIOLENCE,N
35258,J_1,A3SYNAGOGUE,N
35258,J_1,A3SWASTIKA,N
35258,J_1,A3DISCRIMINATION,N
44328,J_1,A1ESSENTIAL,A
44328,J_1,A2EVIL,N
44328,J_1,A2CONSPIRACY,N
44328,J_1,A2HIDDENPOWER,N
44328,J_1,A2COLLECTIVEAGENDA,N
44328,J_1,A2CONTROLGOV,N
44328,J_1,A2CONTROLBANKS,N
44328,J_1,A2CONTROLMEDIA,N
44328,J_1,A2LOYALTY,N
44328,J_1,A2DISEASE,N
44328,J_1,A3WEALTH,N
44328,J_1,A3STINGY,N
44328,J_1,A3UNPATRIOTIC,N
44328,J_1,A3CARICATURE,N
44328,J_1,A3VIOLENCE,N
44328,J_1,A3SYNAGOGUE,N
44328,J_1,A3SWASTIKA,N
44328,J_1,A3DISCRIMINATION,N
47336,J_1,A1ESSENTIAL,N
47336,J_1,A2EVIL,N
47336,J_1,A2CONSPIRACY,N
47336,J_1,A2HIDDENPOWER,N
47336,J_1,A2COLLECTIVEAGENDA,N
47336,J_1,A2CONTROLGOV,N
47336,J_1,A2CONTROLBANKS,N
47336,J_1,A2CONTROLMEDIA,N
47336,J_1,A2LOYALTY,N
47336,J_1,A2DISEASE,N
47336,J_1,A3WEALTH,N
47336,J_1,A3STINGY,N
47336,J_1,A3UNPATRIOTIC,N
47336,J_1,A3CARICATURE,N
47336,J_1,A3VIOLENCE,N
47336,J_1,A3SYNAGOGUE,N
47336,J_1,A3SWASTIKA,N
47336,J_1,A3DISCRIMINATION,N
45619,J_1,A1ESSENTIAL,N
45619,J_1,A2EVIL,N
45619,J_1,A2CONSPIRACY,N
45619,J_1,A2HIDDENPOWER,N
45619,J_1,A2COLLECTIVEAGENDA,N
45619,J_1,A2CONTROLGOV,N
45619,J_1,A2CONTROLBANKS,N
45619,J_1,A2CONTROLMEDIA,N
45619,J_1,A2LOYALTY,N
45619,J_1,A2DISEASE,N
45619,J_1,A3WEALTH,N
45619,J_1,A3STINGY,N
45619,J_1,A3UNPATRIOTIC,N
45619,J_1,A3CARICATURE,N
45619,J_1,A3VIOLENCE,N
45619,J_1,A3SYNAGOGUE,N
45619,J_1,A3SWASTIKA,N
45619,J_1,A3DISCRIMINATION,N
40495,J_1,A1ESSENTIAL,N
40495,J_1,A2EVIL,N
40495,J_1,A2CONSPIRACY,N
40495,J_1,A2HIDDENPOWER,N
40495,J_1,A2COLLECTIVEAGENDA,N
40495,J_1,A2CONTROLGOV,N
40495,J_1,A2CONTROLBANKS,N
40495,J_1,A2CONTROLMEDIA,N
40495,J_1,A2LOYALTY,N
40495,J_1,A2DISEASE,N
40495,J_1,A3WEALTH,N
40495,J_1,A3STINGY,N
40495,J_1,A3UNPATRIOTIC,N
40495,J_1,A3CARICATURE,N
40495,J_1,A3VIOLENCE,N
40495,J_1,A3SYNAGOGUE,N
40495,J_1,A3SWASTIKA,N
40495,J_1,A3DISCRIMINATION,N
28351,J_1,A1ESSENTIAL,N
28351,J_1,A2EVIL,N
28351,J_1,A2CONSPIRACY,N
28351,J_1,A2HIDDENPOWER,N
28351,J_1,A2COLLECTIVEAGENDA,N
28351,J_1,A2CONTROLGOV,N
28351,J_1,A2CONTROLBANKS,N
28351,J_1,A2CONTROLMEDIA,N
28351,J_1,A2LOYALTY,N
28351,J_1,A2DISEASE,N
28351,J_1,A3WEALTH,N
28351,J_1,A3STINGY,N
28351,J_1,A3UNPATRIOTIC,N
28351,J_1,A3CARICATURE,N
28351,J_1,A3VIOLENCE,A
28351,J_1,A3SYNAGOGUE,N
28351,J_1,A3SWASTIKA,N
28351,J_1,A3DISCRIMINATION,N
47706,J_1,A1ESSENTIAL,N
47706,J_1,A2EVIL,N
47706,J_1,A2CONSPIRACY,N
47706,J_1,A2HIDDENPOWER,I
47706,J_1,A2COLLECTIVEAGENDA,N
47706,J_1,A2CONTROLGOV,I
47706,J_1,A2CONTROLBANKS,N
47706,J_1,A2CONTROLMEDIA,N
47706,J_1,A2LOYALTY,I
47706,J_1,A2DISEASE,N
47706,J_1,A3WEALTH,N
47706,J_1,A3STINGY,N
47706,J_1,A3UNPATRIOTIC,N
47706,J_1,A3CARICATURE,N
47706,J_1,A3VIOLENCE,N
47706,J_1,A3SYNAGOGUE,N
47706,J_1,A3SWASTIKA,N
47706,J_1,A3DISCRIMINATION,N
27197,J_1,A1ESSENTIAL,N
27197,J_1,A2EVIL,N
27197,J_1,A2CONSPIRACY,N
27197,J_1,A2HIDDENPOWER,N
27197,J_1,A2COLLECTIVEAGENDA,N
27197,J_1,A2CONTROLGOV,N
27197,J_1,A2CONTROLBANKS,N
27197,J_1,A2CONTROLMEDIA,N
27197,J_1,A2LOYALTY,N
27197,J_1,A2DISEASE,N
27197,J_1,A3WEALTH,N
27197,J_1,A3STINGY,N
27197,J_1,A3UNPATRIOTIC,N
27197,J_1,A3CARICATURE,N
27197,J_1,A3VIOLENCE,N
27197,J_1,A3SYNAGOGUE,N
27197,J_1,A3SWASTIKA,N
27197,J_1,A3DISCRIMINATION,N
41119,J_1,A1ESSENTIAL,E
41119,J_1,A2EVIL,I
41119,J_1,A2CONSPIRACY,N
41119,J_1,A2HIDDENPOWER,N
41119,J_1,A2COLLECTIVEAGENDA,I
41119,J_1,A2CONTROLGOV,N
41119,J_1,A2CONTROLBANKS,N
41119,J_1,A2CONTROLMEDIA,I
41119,J_1,A2LOYALTY,N
41119,J_1,A2DISEASE,N
41119,J_1,A3WEALTH,N
41119,J_1,A3STINGY,N
41119,J_1,A3UNPATRIOTIC,N
41119,J_1,A3CARICATURE,N
41119,J_1,A3VIOLENCE,N
41119,J_1,A3SYNAGOGUE,N
41119,J_1,A3SWASTIKA,N
41119,J_1,A3DISCRIMINATION,N
42646,J_1,A1ESSENTIAL,E
42646,J_1,A2EVIL,E
42646,J_1,A2CONSPIRACY,N
42646,J_1,A2HIDDENPOWER,N
42646,J_1,A2COLLECTIVEAGENDA,N
42646,J_1,A2CONTROLGOV,N
42646,J_1,A2CONTROLBANKS,N
42646,J_1,A2CONTROLMEDIA,N
42646,J_1,A2LOYALTY,N
42646,J_1,A2DISEASE,N
42646,J_1,A3WEALTH,N
42646,J_1,A3STINGY,N
42646,J_1,A3UNPATRIOTIC,N
42646,J_1,A3CARICATURE,N
42646,J_1,A3VIOLENCE,E
42646,J_1,A3SYNAGOGUE,N
42646,J_1,A3SWASTIKA,N
42646,J_1,A3DISCRIMINATION,N
45215,J_1,A1ESSENTIAL,N
45215,J_1,A2EVIL,N
45215,J_1,A2CONSPIRACY,I
45215,J_1,A2HIDDENPOWER,N
45215,J_1,A2COLLECTIVEAGENDA,N
45215,J_1,A2CONTROLGOV,N
45215,J_1,A2CONTROLBANKS,N
45215,J_1,A2CONTROLMEDIA,N
45215,J_1,A2LOYALTY,N
45215,J_1,A2DISEASE,N
45215,J_1,A3WEALTH,N
45215,J_1,A3STINGY,N
45215,J_1,A3UNPATRIOTIC,N
45215,J_1,A3CARICATURE,N
45215,J_1,A3VIOLENCE,N
45215,J_1,A3SYNAGOGUE,N
45215,J_1,A3SWASTIKA,N
45215,J_1,A3DISCRIMINATION,N
37676,J_1,A1ESSENTIAL,N
37676,J_1,A2EVIL,N
37676,J_1,A2CONSPIRACY,N
37676,J_1,A2HIDDENPOWER,N
37676,J_1,A2COLLECTIVEAGENDA,N
37676,J_1,A2CONTROLGOV,N
37676,J_1,A2CONTROLBANKS,N
37676,J_1,A2CONTROLMEDIA,N
37676,J_1,A2LOYALTY,N
37676,J_1,A2DISEASE,N
37676,J_1,A3WEALTH,N
37676,J_1,A3STINGY,N
37676,J_1,A3UNPATRIOTIC,N
37676,J_1,A3CARICATURE,N
37676,J_1,A3VIOLENCE,N
37676,J_1,A3SYNAGOGUE,N
37676,J_1,A3SWASTIKA,N
37676,J_1,A3DISCRIMINATION,N
5071,J_1,A1ESSENTIAL,N
5071,J_1,A2EVIL,N
5071,J_1,A2CONSPIRACY,N
5071,J_1,A2HIDDENPOWER,N
5071,J_1,A2COLLECTIVEAGENDA,N
5071,J_1,A2CONTROLGOV,N
5071,J_1,A2CONTROLBANKS,N
5071,J_1,A2CONTROLMEDIA,N
5071,J_1,A2LOYALTY,N
5071,J_1,A2DISEASE,N
5071,J_1,A3WEALTH,N
5071,J_1,A3STINGY,N
5071,J_1,A3UNPATRIOTIC,N
5071,J_1,A3CARICATURE,N
5071,J_1,A3VIOLENCE,N
5071,J_1,A3SYNAGOGUE,N
5071,J_1,A3SWASTIKA,N
5071,J_1,A3DISCRIMINATION,N
43804,J_1,A1ESSENTIAL,N
43804,J_1,A2EVIL,N
43804,J_1,A2CONSPIRACY,N
43804,J_1,A2HIDDENPOWER,N
43804,J_1,A2COLLECTIVEAGENDA,I
43804,J_1,A2CONTROLGOV,N
43804,J_1,A2CONTROLBANKS,N
43804,J_1,A2CONTROLMEDIA,N
43804,J_1,A2LOYALTY,N
43804,J_1,A2DISEASE,N
43804,J_1,A3WEALTH,N
43804,J_1,A3STINGY,N
43804,J_1,A3UNPATRIOTIC,N
43804,J_1,A3CARICATURE,N
43804,J_1,A3VIOLENCE,N
43804,J_1,A3SYNAGOGUE,N
43804,J_1,A3SWASTIKA,N
43804,J_1,A3DISCRIMINATION,N
26241,J_1,A1ESSENTIAL,N
26241,J_1,A2EVIL,N
26241,J_1,A2CONSPIRACY,N
26241,J_1,A2HIDDENPOWER,N
26241,J_1,A2COLLECTIVEAGENDA,N
26241,J_1,A2CONTROLGOV,N
26241,J_1,A2CONTROLBANKS,N
26241,J_1,A2CONTROLMEDIA,N
26241,J_1,A2LOYALTY,N
26241,J_1,A2DISEASE,N
26241,J_1,A3WEALTH,N
26241,J_1,A3STINGY,N
26241,J_1,A3UNPATRIOTIC,N
26241,J_1,A3CARICATURE,N
26241,J_1,A3VIOLENCE,N
26241,J_1,A3SYNAGOGUE,N
26241,J_1,A3SWASTIKA,N
26241,J_1,A3DISCRIMINATION,N
1774,J_1,A1ESSENTIAL,E
1774,J_1,A2EVIL,N
1774,J_1,A2CONSPIRACY,N
1774,J_1,A2HIDDENPOWER,N
1774,J_1,A2COLLECTIVEAGENDA,I
1774,J_1,A2CONTROLGOV,N
1774,J_1,A2CONTROLBANKS,N
1774,J_1,A2CONTROLMEDIA,N
1774,J_1,A2LOYALTY,N
1774,J_1,A2DISEASE,N
1774,J_1,A3WEALTH,I
1774,J_1,A3STINGY,N
1774,J_1,A3UNPATRIOTIC,N
1774,J_1,A3CARICATURE,N
1774,J_1,A3VIOLENCE,N
1774,J_1,A3SYNAGOGUE,N
1774,J_1,A3SWASTIKA,N
1774,J_1,A3DISCRIMINATION,N
6273,J_1,A1ESSENTIAL,N
6273,J_1,A2EVIL,N
6273,J_1,A2CONSPIRACY,N
6273,J_1,A2HIDDENPOWER,N
6273,J_1,A2COLLECTIVEAGENDA,N
6273,J_1,A2CONTROLGOV,N
6273,J_1,A2CONTROLBANKS,N
6273,J_1,A2CONTROLMEDIA,N
6273,J_1,A2LOYALTY,N
6273,J_1,A2DISEASE,N
6273,J_1,A3WEALTH,N
6273,J_1,A3STINGY,N
6273,J_1,A3UNPATRIOTIC,N
6273,J_1,A3CARICATURE,N
6273,J_1,A3VIOLENCE,N
6273,J_1,A3SYNAGOGUE,N
6273,J_1,A3SWASTIKA,N
6273,J_1,A3DISCRIMINATION,N
6951,J_1,A1ESSENTIAL,N
6951,J_1,A2EVIL,N
6951,J_1,A2CONSPIRACY,N
6951,J_1,A2HIDDENPOWER,N
6951,J_1,A2COLLECTIVEAGENDA,N
6951,J_1,A2CONTROLGOV,N
6951,J_1,A2CONTROLBANKS,N
6951,J_1,A2CONTROLMEDIA,N
6951,J_1,A2LOYALTY,N
6951,J_1,A2DISEASE,N
6951,J_1,A3WEALTH,N
6951,J_1,A3STINGY,N
6951,J_1,A3UNPATRIOTIC,N
6951,J_1,A3CARICATURE,N
6951,J_1,A3VIOLENCE,N
6951,J_1,A3SYNAGOGUE,N
6951,J_1,A3SWASTIKA,N
6951,J_1,A3DISCRIMINATION,N
11093,J_1,A1ESSENTIAL,N
11093,J_1,A2EVIL,N
11093,J_1,A2CONSPIRACY,N
11093,J_1,A2HIDDENPOWER,N
11093,J_1,A2COLLECTIVEAGENDA,N
11093,J_1,A2CONTROLGOV,N
11093,J_1,A2CONTROLBANKS,N
11093,J_1,A2CONTROLMEDIA,N
11093,J_1,A2LOYALTY,N
11093,J_1,A2DISEASE,N
11093,J_1,A3WEALTH,N
11093,J_1,A3STINGY,N
11093,J_1,A3UNPATRIOTIC,N
11093,J_1,A3CARICATURE,N
11093,J_1,A3VIOLENCE,N
11093,J_1,A3SYNAGOGUE,N
11093,J_1,A3SWASTIKA,N
11093,J_1,A3DISCRIMINATION,N
22424,J_1,A1ESSENTIAL,N
22424,J_1,A2EVIL,N
22424,J_1,A2CONSPIRACY,N
22424,J_1,A2HIDDENPOWER,N
22424,J_1,A2COLLECTIVEAGENDA,N
22424,J_1,A2CONTROLGOV,N
22424,J_1,A2CONTROLBANKS,N
22424,J_1,A2CONTROLMEDIA,N
22424,J_1,A2LOYALTY,N
22424,J_1,A2DISEASE,N
22424,J_1,A3WEALTH,N
22424,J_1,A3STINGY,N
22424,J_1,A3UNPATRIOTIC,N
22424,J_1,A3CARICATURE,N
22424,J_1,A3VIOLENCE,N
22424,J_1,A3SYNAGOGUE,N
22424,J_1,A3SWASTIKA,N
22424,J_1,A3DISCRIMINATION,N
28800,J_1,A1ESSENTIAL,N
28800,J_1,A2EVIL,N
28800,J_1,A2CONSPIRACY,N
28800,J_1,A2HIDDENPOWER,N
28800,J_1,A2COLLECTIVEAGENDA,N
28800,J_1,A2CONTROLGOV,N
28800,J_1,A2CONTROLBANKS,N
28800,J_1,A2CONTROLMEDIA,N
28800,J_1,A2LOYALTY,N
28800,J_1,A2DISEASE,N
28800,J_1,A3WEALTH,N
28800,J_1,A3STINGY,N
28800,J_1,A3UNPATRIOTIC,N
28800,J_1,A3CARICATURE,N
28800,J_1,A3VIOLENCE,N
28800,J_1,A3SYNAGOGUE,N
28800,J_1,A3SWASTIKA,N
28800,J_1,A3DISCRIMINATION,N
36264,J_1,A1ESSENTIAL,N
36264,J_1,A2EVIL,N
36264,J_1,A2CONSPIRACY,N
36264,J_1,A2HIDDENPOWER,N
36264,J_1,A2COLLECTIVEAGENDA,N
36264,J_1,A2CONTROLGOV,N
36264,J_1,A2CONTROLBANKS,N
36264,J_1,A2CONTROLMEDIA,N
36264,J_1,A2LOYALTY,N
36264,J_1,A2DISEASE,N
36264,J_1,A3WEALTH,N
36264,J_1,A3STINGY,N
36264,J_1,A3UNPATRIOTIC,N
36264,J_1,A3CARICATURE,N
36264,J_1,A3VIOLENCE,N
36264,J_1,A3SYNAGOGUE,N
36264,J_1,A3SWASTIKA,N
36264,J_1,A3DISCRIMINATION,N
8130,J_1,A1ESSENTIAL,I
8130,J_1,A2EVIL,I
8130,J_1,A2CONSPIRACY,I
8130,J_1,A2HIDDENPOWER,I
8130,J_1,A2COLLECTIVEAGENDA,I
8130,J_1,A2CONTROLGOV,N
8130,J_1,A2CONTROLBANKS,N
8130,J_1,A2CONTROLMEDIA,N
8130,J_1,A2LOYALTY,N
8130,J_1,A2DISEASE,N
8130,J_1,A3WEALTH,N
8130,J_1,A3STINGY,N
8130,J_1,A3UNPATRIOTIC,N
8130,J_1,A3CARICATURE,N
8130,J_1,A3VIOLENCE,N
8130,J_1,A3SYNAGOGUE,N
8130,J_1,A3SWASTIKA,N
8130,J_1,A3DISCRIMINATION,N
6356,J_1,A1ESSENTIAL,N
6356,J_1,A2EVIL,N
6356,J_1,A2CONSPIRACY,N
6356,J_1,A2HIDDENPOWER,N
6356,J_1,A2COLLECTIVEAGENDA,N
6356,J_1,A2CONTROLGOV,N
6356,J_1,A2CONTROLBANKS,N
6356,J_1,A2CONTROLMEDIA,N
6356,J_1,A2LOYALTY,N
6356,J_1,A2DISEASE,N
6356,J_1,A3WEALTH,N
6356,J_1,A3STINGY,N
6356,J_1,A3UNPATRIOTIC,N
6356,J_1,A3CARICATURE,N
6356,J_1,A3VIOLENCE,N
6356,J_1,A3SYNAGOGUE,N
6356,J_1,A3SWASTIKA,N
6356,J_1,A3DISCRIMINATION,N
10177,J_1,A1ESSENTIAL,N
10177,J_1,A2EVIL,N
10177,J_1,A2CONSPIRACY,N
10177,J_1,A2HIDDENPOWER,N
10177,J_1,A2COLLECTIVEAGENDA,N
10177,J_1,A2CONTROLGOV,N
10177,J_1,A2CONTROLBANKS,N
10177,J_1,A2CONTROLMEDIA,N
10177,J_1,A2LOYALTY,N
10177,J_1,A2DISEASE,N
10177,J_1,A3WEALTH,N
10177,J_1,A3STINGY,N
10177,J_1,A3UNPATRIOTIC,N
10177,J_1,A3CARICATURE,N
10177,J_1,A3VIOLENCE,N
10177,J_1,A3SYNAGOGUE,N
10177,J_1,A3SWASTIKA,N
10177,J_1,A3DISCRIMINATION,N
16868,J_1,A1ESSENTIAL,E
16868,J_1,A2EVIL,N
16868,J_1,A2CONSPIRACY,N
16868,J_1,A2HIDDENPOWER,N
16868,J_1,A2COLLECTIVEAGENDA,N
16868,J_1,A2CONTROLGOV,N
16868,J_1,A2CONTROLBANKS,N
16868,J_1,A2CONTROLMEDIA,N
16868,J_1,A2LOYALTY,N
16868,J_1,A2DISEASE,N
16868,J_1,A3WEALTH,N
16868,J_1,A3STINGY,N
16868,J_1,A3UNPATRIOTIC,N
16868,J_1,A3CARICATURE,N
16868,J_1,A3VIOLENCE,N
16868,J_1,A3SYNAGOGUE,N
16868,J_1,A3SWASTIKA,N
16868,J_1,A3DISCRIMINATION,N
17513,J_1,A1ESSENTIAL,N
17513,J_1,A2EVIL,N
17513,J_1,A2CONSPIRACY,N
17513,J_1,A2HIDDENPOWER,N
17513,J_1,A2COLLECTIVEAGENDA,N
17513,J_1,A2CONTROLGOV,N
17513,J_1,A2CONTROLBANKS,N
17513,J_1,A2CONTROLMEDIA,N
17513,J_1,A2LOYALTY,N
17513,J_1,A2DISEASE,N
17513,J_1,A3WEALTH,N
17513,J_1,A3STINGY,N
17513,J_1,A3UNPATRIOTIC,N
17513,J_1,A3CARICATURE,N
17513,J_1,A3VIOLENCE,N
17513,J_1,A3SYNAGOGUE,N
17513,J_1,A3SWASTIKA,N
17513,J_1,A3DISCRIMINATION,N
7628,J_1,A1ESSENTIAL,N
7628,J_1,A2EVIL,N
7628,J_1,A2CONSPIRACY,N
7628,J_1,A2HIDDENPOWER,N
7628,J_1,A2COLLECTIVEAGENDA,N
7628,J_1,A2CONTROLGOV,N
7628,J_1,A2CONTROLBANKS,N
7628,J_1,A2CONTROLMEDIA,N
7628,J_1,A2LOYALTY,N
7628,J_1,A2DISEASE,N
7628,J_1,A3WEALTH,N
7628,J_1,A3STINGY,N
7628,J_1,A3UNPATRIOTIC,N
7628,J_1,A3CARICATURE,N
7628,J_1,A3VIOLENCE,N
7628,J_1,A3SYNAGOGUE,N
7628,J_1,A3SWASTIKA,N
7628,J_1,A3DISCRIMINATION,N
9304,J_1,A1ESSENTIAL,N
9304,J_1,A2EVIL,N
9304,J_1,A2CONSPIRACY,N
9304,J_1,A2HIDDENPOWER,N
9304,J_1,A2COLLECTIVEAGENDA,N
9304,J_1,A2CONTROLGOV,N
9304,J_1,A2CONTROLBANKS,N
9304,J_1,A2CONTROLMEDIA,N
9304,J_1,A2LOYALTY,N
9304,J_1,A2DISEASE,N
9304,J_1,A3WEALTH,N
9304,J_1,A3STINGY,N
9304,J_1,A3UNPATRIOTIC,N
9304,J_1,A3CARICATURE,N
9304,J_1,A3VIOLENCE,N
9304,J_1,A3SYNAGOGUE,N
9304,J_1,A3SWASTIKA,N
9304,J_1,A3DISCRIMINATION,N
6452,J_1,A1ESSENTIAL,N
6452,J_1,A2EVIL,N
6452,J_1,A2CONSPIRACY,N
6452,J_1,A2HIDDENPOWER,N
6452,J_1,A2COLLECTIVEAGENDA,N
6452,J_1,A2CONTROLGOV,N
6452,J_1,A2CONTROLBANKS,N
6452,J_1,A2CONTROLMEDIA,N
6452,J_1,A2LOYALTY,N
6452,J_1,A2DISEASE,N
6452,J_1,A3WEALTH,N
6452,J_1,A3STINGY,N
6452,J_1,A3UNPATRIOTIC,N
6452,J_1,A3CARICATURE,N
6452,J_1,A3VIOLENCE,N
6452,J_1,A3SYNAGOGUE,N
6452,J_1,A3SWASTIKA,N
6452,J_1,A3DISCRIMINATION,N
2776,J_1,A1ESSENTIAL,N
2776,J_1,A2EVIL,N
2776,J_1,A2CONSPIRACY,N
2776,J_1,A2HIDDENPOWER,N
2776,J_1,A2COLLECTIVEAGENDA,N
2776,J_1,A2CONTROLGOV,N
2776,J_1,A2CONTROLBANKS,N
2776,J_1,A2CONTROLMEDIA,N
2776,J_1,A2LOYALTY,N
2776,J_1,A2DISEASE,N
2776,J_1,A3WEALTH,N
2776,J_1,A3STINGY,N
2776,J_1,A3UNPATRIOTIC,N
2776,J_1,A3CARICATURE,N
2776,J_1,A3VIOLENCE,N
2776,J_1,A3SYNAGOGUE,N
2776,J_1,A3SWASTIKA,N
2776,J_1,A3DISCRIMINATION,N
26214,J_1,A1ESSENTIAL,N
26214,J_1,A2EVIL,N
26214,J_1,A2CONSPIRACY,N
26214,J_1,A2HIDDENPOWER,N
26214,J_1,A2COLLECTIVEAGENDA,N
26214,J_1,A2CONTROLGOV,N
26214,J_1,A2CONTROLBANKS,N
26214,J_1,A2CONTROLMEDIA,N
26214,J_1,A2LOYALTY,N
26214,J_1,A2DISEASE,N
26214,J_1,A3WEALTH,N
26214,J_1,A3STINGY,N
26214,J_1,A3UNPATRIOTIC,N
26214,J_1,A3CARICATURE,N
26214,J_1,A3VIOLENCE,N
26214,J_1,A3SYNAGOGUE,N
26214,J_1,A3SWASTIKA,N
26214,J_1,A3DISCRIMINATION,N
41888,J_1,A1ESSENTIAL,N
41888,J_1,A2EVIL,N
41888,J_1,A2CONSPIRACY,N
41888,J_1,A2HIDDENPOWER,N
41888,J_1,A2COLLECTIVEAGENDA,N
41888,J_1,A2CONTROLGOV,N
41888,J_1,A2CONTROLBANKS,N
41888,J_1,A2CONTROLMEDIA,N
41888,J_1,A2LOYALTY,N
41888,J_1,A2DISEASE,N
41888,J_1,A3WEALTH,N
41888,J_1,A3STINGY,N
41888,J_1,A3UNPATRIOTIC,N
41888,J_1,A3CARICATURE,N
41888,J_1,A3VIOLENCE,N
41888,J_1,A3SYNAGOGUE,N
41888,J_1,A3SWASTIKA,N
41888,J_1,A3DISCRIMINATION,N
47578,J_1,A1ESSENTIAL,E
47578,J_1,A2EVIL,N
47578,J_1,A2CONSPIRACY,N
47578,J_1,A2HIDDENPOWER,N
47578,J_1,A2COLLECTIVEAGENDA,N
47578,J_1,A2CONTROLGOV,N
47578,J_1,A2CONTROLBANKS,N
47578,J_1,A2CONTROLMEDIA,N
47578,J_1,A2LOYALTY,N
47578,J_1,A2DISEASE,N
47578,J_1,A3WEALTH,N
47578,J_1,A3STINGY,N
47578,J_1,A3UNPATRIOTIC,N
47578,J_1,A3CARICATURE,I
47578,J_1,A3VIOLENCE,N
47578,J_1,A3SYNAGOGUE,N
47578,J_1,A3SWASTIKA,N
47578,J_1,A3DISCRIMINATION,N
48722,J_1,A1ESSENTIAL,N
48722,J_1,A2EVIL,N
48722,J_1,A2CONSPIRACY,N
48722,J_1,A2HIDDENPOWER,N
48722,J_1,A2COLLECTIVEAGENDA,N
48722,J_1,A2CONTROLGOV,N
48722,J_1,A2CONTROLBANKS,N
48722,J_1,A2CONTROLMEDIA,N
48722,J_1,A2LOYALTY,N
48722,J_1,A2DISEASE,N
48722,J_1,A3WEALTH,N
48722,J_1,A3STINGY,N
48722,J_1,A3UNPATRIOTIC,N
48722,J_1,A3CARICATURE,N
48722,J_1,A3VIOLENCE,E
48722,J_1,A3SYNAGOGUE,N
48722,J_1,A3SWASTIKA,N
48722,J_1,A3DISCRIMINATION,N
49051,J_1,A1ESSENTIAL,E
49051,J_1,A2EVIL,N
49051,J_1,A2CONSPIRACY,N
49051,J_1,A2HIDDENPOWER,N
49051,J_1,A2COLLECTIVEAGENDA,I
49051,J_1,A2CONTROLGOV,N
49051,J_1,A2CONTROLBANKS,N
49051,J_1,A2CONTROLMEDIA,N
49051,J_1,A2LOYALTY,I
49051,J_1,A2DISEASE,N
49051,J_1,A3WEALTH,I
49051,J_1,A3STINGY,N
49051,J_1,A3UNPATRIOTIC,I
49051,J_1,A3CARICATURE,I
49051,J_1,A3VIOLENCE,N
49051,J_1,A3SYNAGOGUE,N
49051,J_1,A3SWASTIKA,N
49051,J_1,A3DISCRIMINATION,N
17783,J_1,A1ESSENTIAL,A
17783,J_1,A2EVIL,N
17783,J_1,A2CONSPIRACY,N
17783,J_1,A2HIDDENPOWER,N
17783,J_1,A2COLLECTIVEAGENDA,N
17783,J_1,A2CONTROLGOV,N
17783,J_1,A2CONTROLBANKS,N
17783,J_1,A2CONTROLMEDIA,N
17783,J_1,A2LOYALTY,N
17783,J_1,A2DISEASE,N
17783,J_1,A3WEALTH,N
17783,J_1,A3STINGY,N
17783,J_1,A3UNPATRIOTIC,N
17783,J_1,A3CARICATURE,N
17783,J_1,A3VIOLENCE,N
17783,J_1,A3SYNAGOGUE,N
17783,J_1,A3SWASTIKA,N
17783,J_1,A3DISCRIMINATION,N
20050,J_1,A1ESSENTIAL,N
20050,J_1,A2EVIL,N
20050,J_1,A2CONSPIRACY,N
20050,J_1,A2HIDDENPOWER,N
20050,J_1,A2COLLECTIVEAGENDA,N
20050,J_1,A2CONTROLGOV,N
20050,J_1,A2CONTROLBANKS,N
20050,J_1,A2CONTROLMEDIA,N
20050,J_1,A2LOYALTY,N
20050,J_1,A2DISEASE,N
20050,J_1,A3WEALTH,N
20050,J_1,A3STINGY,N
20050,J_1,A3UNPATRIOTIC,N
20050,J_1,A3CARICATURE,N
20050,J_1,A3VIOLENCE,N
20050,J_1,A3SYNAGOGUE,N
20050,J_1,A3SWASTIKA,N
20050,J_1,A3DISCRIMINATION,N
48475,J_1,A1ESSENTIAL,N
48475,J_1,A2EVIL,N
48475,J_1,A2CONSPIRACY,N
48475,J_1,A2HIDDENPOWER,N
48475,J_1,A2COLLECTIVEAGENDA,N
48475,J_1,A2CONTROLGOV,N
48475,J_1,A2CONTROLBANKS,N
48475,J_1,A2CONTROLMEDIA,N
48475,J_1,A2LOYALTY,N
48475,J_1,A2DISEASE,N
48475,J_1,A3WEALTH,N
48475,J_1,A3STINGY,N
48475,J_1,A3UNPATRIOTIC,N
48475,J_1,A3CARICATURE,N
48475,J_1,A3VIOLENCE,N
48475,J_1,A3SYNAGOGUE,N
48475,J_1,A3SWASTIKA,N
48475,J_1,A3DISCRIMINATION,N
42123,J_1,A1ESSENTIAL,N
42123,J_1,A2EVIL,N
42123,J_1,A2CONSPIRACY,N
42123,J_1,A2HIDDENPOWER,N
42123,J_1,A2COLLECTIVEAGENDA,N
42123,J_1,A2CONTROLGOV,N
42123,J_1,A2CONTROLBANKS,N
42123,J_1,A2CONTROLMEDIA,I
42123,J_1,A2LOYALTY,N
42123,J_1,A2DISEASE,N
42123,J_1,A3WEALTH,N
42123,J_1,A3STINGY,N
42123,J_1,A3UNPATRIOTIC,N
42123,J_1,A3CARICATURE,N
42123,J_1,A3VIOLENCE,N
42123,J_1,A3SYNAGOGUE,N
42123,J_1,A3SWASTIKA,N
42123,J_1,A3DISCRIMINATION,N
29933,J_1,A1ESSENTIAL,N
29933,J_1,A2EVIL,N
29933,J_1,A2CONSPIRACY,I
29933,J_1,A2HIDDENPOWER,I
29933,J_1,A2COLLECTIVEAGENDA,N
29933,J_1,A2CONTROLGOV,N
29933,J_1,A2CONTROLBANKS,N
29933,J_1,A2CONTROLMEDIA,N
29933,J_1,A2LOYALTY,N
29933,J_1,A2DISEASE,N
29933,J_1,A3WEALTH,N
29933,J_1,A3STINGY,N
29933,J_1,A3UNPATRIOTIC,N
29933,J_1,A3CARICATURE,N
29933,J_1,A3VIOLENCE,N
29933,J_1,A3SYNAGOGUE,N
29933,J_1,A3SWASTIKA,N
29933,J_1,A3DISCRIMINATION,N
22015,J_1,A1ESSENTIAL,N
22015,J_1,A2EVIL,N
22015,J_1,A2CONSPIRACY,N
22015,J_1,A2HIDDENPOWER,N
22015,J_1,A2COLLECTIVEAGENDA,N
22015,J_1,A2CONTROLGOV,N
22015,J_1,A2CONTROLBANKS,N
22015,J_1,A2CONTROLMEDIA,N
22015,J_1,A2LOYALTY,N
22015,J_1,A2DISEASE,N
22015,J_1,A3WEALTH,N
22015,J_1,A3STINGY,N
22015,J_1,A3UNPATRIOTIC,N
22015,J_1,A3CARICATURE,N
22015,J_1,A3VIOLENCE,N
22015,J_1,A3SYNAGOGUE,N
22015,J_1,A3SWASTIKA,N
22015,J_1,A3DISCRIMINATION,N
15881,J_1,A1ESSENTIAL,N
15881,J_1,A2EVIL,N
15881,J_1,A2CONSPIRACY,N
15881,J_1,A2HIDDENPOWER,N
15881,J_1,A2COLLECTIVEAGENDA,N
15881,J_1,A2CONTROLGOV,N
15881,J_1,A2CONTROLBANKS,N
15881,J_1,A2CONTROLMEDIA,N
15881,J_1,A2LOYALTY,N
15881,J_1,A2DISEASE,N
15881,J_1,A3WEALTH,N
15881,J_1,A3STINGY,N
15881,J_1,A3UNPATRIOTIC,N
15881,J_1,A3CARICATURE,N
15881,J_1,A3VIOLENCE,N
15881,J_1,A3SYNAGOGUE,N
15881,J_1,A3SWASTIKA,N
15881,J_1,A3DISCRIMINATION,N
20061,J_1,A1ESSENTIAL,N
20061,J_1,A2EVIL,N
20061,J_1,A2CONSPIRACY,N
20061,J_1,A2HIDDENPOWER,N
20061,J_1,A2COLLECTIVEAGENDA,N
20061,J_1,A2CONTROLGOV,N
20061,J_1,A2CONTROLBANKS,N
20061,J_1,A2CONTROLMEDIA,N
20061,J_1,A2LOYALTY,N
20061,J_1,A2DISEASE,N
20061,J_1,A3WEALTH,N
20061,J_1,A3STINGY,N
20061,J_1,A3UNPATRIOTIC,N
20061,J_1,A3CARICATURE,N
20061,J_1,A3VIOLENCE,N
20061,J_1,A3SYNAGOGUE,N
20061,J_1,A3SWASTIKA,N
20061,J_1,A3DISCRIMINATION,N
33124,J_1,A1ESSENTIAL,N
33124,J_1,A2EVIL,N
33124,J_1,A2CONSPIRACY,N
33124,J_1,A2HIDDENPOWER,N
33124,J_1,A2COLLECTIVEAGENDA,N
33124,J_1,A2CONTROLGOV,N
33124,J_1,A2CONTROLBANKS,N
33124,J_1,A2CONTROLMEDIA,N
33124,J_1,A2LOYALTY,N
33124,J_1,A2DISEASE,N
33124,J_1,A3WEALTH,N
33124,J_1,A3STINGY,N
33124,J_1,A3UNPATRIOTIC,N
33124,J_1,A3CARICATURE,N
33124,J_1,A3VIOLENCE,N
33124,J_1,A3SYNAGOGUE,N
33124,J_1,A3SWASTIKA,N
33124,J_1,A3DISCRIMINATION,N
28704,J_1,A1ESSENTIAL,N
28704,J_1,A2EVIL,N
28704,J_1,A2CONSPIRACY,N
28704,J_1,A2HIDDENPOWER,N
28704,J_1,A2COLLECTIVEAGENDA,N
28704,J_1,A2CONTROLGOV,N
28704,J_1,A2CONTROLBANKS,N
28704,J_1,A2CONTROLMEDIA,N
28704,J_1,A2LOYALTY,N
28704,J_1,A2DISEASE,N
28704,J_1,A3WEALTH,N
28704,J_1,A3STINGY,N
28704,J_1,A3UNPATRIOTIC,N
28704,J_1,A3CARICATURE,N
28704,J_1,A3VIOLENCE,N
28704,J_1,A3SYNAGOGUE,N
28704,J_1,A3SWASTIKA,N
28704,J_1,A3DISCRIMINATION,N
17386,J_1,A1ESSENTIAL,A
17386,J_1,A2EVIL,N
17386,J_1,A2CONSPIRACY,N
17386,J_1,A2HIDDENPOWER,N
17386,J_1,A2COLLECTIVEAGENDA,N
17386,J_1,A2CONTROLGOV,N
17386,J_1,A2CONTROLBANKS,N
17386,J_1,A2CONTROLMEDIA,N
17386,J_1,A2LOYALTY,N
17386,J_1,A2DISEASE,N
17386,J_1,A3WEALTH,N
17386,J_1,A3STINGY,N
17386,J_1,A3UNPATRIOTIC,N
17386,J_1,A3CARICATURE,N
17386,J_1,A3VIOLENCE,N
17386,J_1,A3SYNAGOGUE,N
17386,J_1,A3SWASTIKA,N
17386,J_1,A3DISCRIMINATION,N
20019,J_1,A1ESSENTIAL,E
20019,J_1,A2EVIL,E
20019,J_1,A2CONSPIRACY,N
20019,J_1,A2HIDDENPOWER,N
20019,J_1,A2COLLECTIVEAGENDA,I
20019,J_1,A2CONTROLGOV,N
20019,J_1,A2CONTROLBANKS,N
20019,J_1,A2CONTROLMEDIA,N
20019,J_1,A2LOYALTY,E
20019,J_1,A2DISEASE,N
20019,J_1,A3WEALTH,N
20019,J_1,A3STINGY,N
20019,J_1,A3UNPATRIOTIC,E
20019,J_1,A3CARICATURE,N
20019,J_1,A3VIOLENCE,N
20019,J_1,A3SYNAGOGUE,N
20019,J_1,A3SWASTIKA,N
20019,J_1,A3DISCRIMINATION,N
10234,J_1,A1ESSENTIAL,A
10234,J_1,A2EVIL,A
10234,J_1,A2CONSPIRACY,A
10234,J_1,A2HIDDENPOWER,A
10234,J_1,A2COLLECTIVEAGENDA,A
10234,J_1,A2CONTROLGOV,A
10234,J_1,A2CONTROLBANKS,N
10234,J_1,A2CONTROLMEDIA,A
10234,J_1,A2LOYALTY,N
10234,J_1,A2DISEASE,N
10234,J_1,A3WEALTH,N
10234,J_1,A3STINGY,N
10234,J_1,A3UNPATRIOTIC,N
10234,J_1,A3CARICATURE,N
10234,J_1,A3VIOLENCE,N
10234,J_1,A3SYNAGOGUE,N
10234,J_1,A3SWASTIKA,N
10234,J_1,A3DISCRIMINATION,N
46165,J_1,A1ESSENTIAL,N
46165,J_1,A2EVIL,A
46165,J_1,A2CONSPIRACY,A
46165,J_1,A2HIDDENPOWER,N
46165,J_1,A2COLLECTIVEAGENDA,N
46165,J_1,A2CONTROLGOV,N
46165,J_1,A2CONTROLBANKS,N
46165,J_1,A2CONTROLMEDIA,N
46165,J_1,A2LOYALTY,N
46165,J_1,A2DISEASE,N
46165,J_1,A3WEALTH,N
46165,J_1,A3STINGY,N
46165,J_1,A3UNPATRIOTIC,N
46165,J_1,A3CARICATURE,N
46165,J_1,A3VIOLENCE,N
46165,J_1,A3SYNAGOGUE,N
46165,J_1,A3SWASTIKA,N
46165,J_1,A3DISCRIMINATION,N
26960,J_1,A1ESSENTIAL,N
26960,J_1,A2EVIL,N
26960,J_1,A2CONSPIRACY,N
26960,J_1,A2HIDDENPOWER,N
26960,J_1,A2COLLECTIVEAGENDA,N
26960,J_1,A2CONTROLGOV,N
26960,J_1,A2CONTROLBANKS,N
26960,J_1,A2CONTROLMEDIA,N
26960,J_1,A2LOYALTY,N
26960,J_1,A2DISEASE,N
26960,J_1,A3WEALTH,N
26960,J_1,A3STINGY,N
26960,J_1,A3UNPATRIOTIC,N
26960,J_1,A3CARICATURE,N
26960,J_1,A3VIOLENCE,N
26960,J_1,A3SYNAGOGUE,N
26960,J_1,A3SWASTIKA,N
26960,J_1,A3DISCRIMINATION,N
1675,J_1,A1ESSENTIAL,E
1675,J_1,A2EVIL,I
1675,J_1,A2CONSPIRACY,N
1675,J_1,A2HIDDENPOWER,N
1675,J_1,A2COLLECTIVEAGENDA,N
1675,J_1,A2CONTROLGOV,N
1675,J_1,A2CONTROLBANKS,N
1675,J_1,A2CONTROLMEDIA,N
1675,J_1,A2LOYALTY,N
1675,J_1,A2DISEASE,N
1675,J_1,A3WEALTH,N
1675,J_1,A3STINGY,N
1675,J_1,A3UNPATRIOTIC,N
1675,J_1,A3CARICATURE,N
1675,J_1,A3VIOLENCE,N
1675,J_1,A3SYNAGOGUE,N
1675,J_1,A3SWASTIKA,N
1675,J_1,A3DISCRIMINATION,N
1063,J_1,A1ESSENTIAL,N
1063,J_1,A2EVIL,N
1063,J_1,A2CONSPIRACY,N
1063,J_1,A2HIDDENPOWER,N
1063,J_1,A2COLLECTIVEAGENDA,N
1063,J_1,A2CONTROLGOV,N
1063,J_1,A2CONTROLBANKS,N
1063,J_1,A2CONTROLMEDIA,N
1063,J_1,A2LOYALTY,N
1063,J_1,A2DISEASE,N
1063,J_1,A3WEALTH,N
1063,J_1,A3STINGY,N
1063,J_1,A3UNPATRIOTIC,N
1063,J_1,A3CARICATURE,N
1063,J_1,A3VIOLENCE,N
1063,J_1,A3SYNAGOGUE,N
1063,J_1,A3SWASTIKA,N
1063,J_1,A3DISCRIMINATION,N
1876,J_1,A1ESSENTIAL,A
1876,J_1,A2EVIL,A
1876,J_1,A2CONSPIRACY,N
1876,J_1,A2HIDDENPOWER,N
1876,J_1,A2COLLECTIVEAGENDA,N
1876,J_1,A2CONTROLGOV,N
1876,J_1,A2CONTROLBANKS,N
1876,J_1,A2CONTROLMEDIA,N
1876,J_1,A2LOYALTY,N
1876,J_1,A2DISEASE,N
1876,J_1,A3WEALTH,N
1876,J_1,A3STINGY,N
1876,J_1,A3UNPATRIOTIC,N
1876,J_1,A3CARICATURE,N
1876,J_1,A3VIOLENCE,N
1876,J_1,A3SYNAGOGUE,N
1876,J_1,A3SWASTIKA,N
1876,J_1,A3DISCRIMINATION,N
10407,J_1,A1ESSENTIAL,A
10407,J_1,A2EVIL,A
10407,J_1,A2CONSPIRACY,I
10407,J_1,A2HIDDENPOWER,N
10407,J_1,A2COLLECTIVEAGENDA,A
10407,J_1,A2CONTROLGOV,N
10407,J_1,A2CONTROLBANKS,N
10407,J_1,A2CONTROLMEDIA,N
10407,J_1,A2LOYALTY,N
10407,J_1,A2DISEASE,N
10407,J_1,A3WEALTH,N
10407,J_1,A3STINGY,N
10407,J_1,A3UNPATRIOTIC,N
10407,J_1,A3CARICATURE,N
10407,J_1,A3VIOLENCE,N
10407,J_1,A3SYNAGOGUE,N
10407,J_1,A3SWASTIKA,N
10407,J_1,A3DISCRIMINATION,N
205,J_1,A1ESSENTIAL,I
205,J_1,A2EVIL,N
205,J_1,A2CONSPIRACY,I
205,J_1,A2HIDDENPOWER,N
205,J_1,A2COLLECTIVEAGENDA,I
205,J_1,A2CONTROLGOV,N
205,J_1,A2CONTROLBANKS,N
205,J_1,A2CONTROLMEDIA,N
205,J_1,A2LOYALTY,N
205,J_1,A2DISEASE,N
205,J_1,A3WEALTH,I
205,J_1,A3STINGY,N
205,J_1,A3UNPATRIOTIC,N
205,J_1,A3CARICATURE,N
205,J_1,A3VIOLENCE,N
205,J_1,A3SYNAGOGUE,N
205,J_1,A3SWASTIKA,N
205,J_1,A3DISCRIMINATION,N
20867,J_1,A1ESSENTIAL,N
20867,J_1,A2EVIL,N
20867,J_1,A2CONSPIRACY,N
20867,J_1,A2HIDDENPOWER,N
20867,J_1,A2COLLECTIVEAGENDA,N
20867,J_1,A2CONTROLGOV,N
20867,J_1,A2CONTROLBANKS,N
20867,J_1,A2CONTROLMEDIA,N
20867,J_1,A2LOYALTY,N
20867,J_1,A2DISEASE,N
20867,J_1,A3WEALTH,N
20867,J_1,A3STINGY,N
20867,J_1,A3UNPATRIOTIC,N
20867,J_1,A3CARICATURE,N
20867,J_1,A3VIOLENCE,N
20867,J_1,A3SYNAGOGUE,N
20867,J_1,A3SWASTIKA,N
20867,J_1,A3DISCRIMINATION,N
5872,J_1,A1ESSENTIAL,N
5872,J_1,A2EVIL,N
5872,J_1,A2CONSPIRACY,N
5872,J_1,A2HIDDENPOWER,N
5872,J_1,A2COLLECTIVEAGENDA,N
5872,J_1,A2CONTROLGOV,N
5872,J_1,A2CONTROLBANKS,N
5872,J_1,A2CONTROLMEDIA,N
5872,J_1,A2LOYALTY,N
5872,J_1,A2DISEASE,N
5872,J_1,A3WEALTH,N
5872,J_1,A3STINGY,N
5872,J_1,A3UNPATRIOTIC,N
5872,J_1,A3CARICATURE,N
5872,J_1,A3VIOLENCE,N
5872,J_1,A3SYNAGOGUE,N
5872,J_1,A3SWASTIKA,N
5872,J_1,A3DISCRIMINATION,N
40961,J_1,A1ESSENTIAL,I
40961,J_1,A2EVIL,N
40961,J_1,A2CONSPIRACY,N
40961,J_1,A2HIDDENPOWER,N
40961,J_1,A2COLLECTIVEAGENDA,N
40961,J_1,A2CONTROLGOV,N
40961,J_1,A2CONTROLBANKS,N
40961,J_1,A2CONTROLMEDIA,N
40961,J_1,A2LOYALTY,N
40961,J_1,A2DISEASE,N
40961,J_1,A3WEALTH,N
40961,J_1,A3STINGY,N
40961,J_1,A3UNPATRIOTIC,N
40961,J_1,A3CARICATURE,N
40961,J_1,A3VIOLENCE,N
40961,J_1,A3SYNAGOGUE,N
40961,J_1,A3SWASTIKA,N
40961,J_1,A3DISCRIMINATION,I
49854,J_1,A1ESSENTIAL,N
49854,J_1,A2EVIL,I
49854,J_1,A2CONSPIRACY,I
49854,J_1,A2HIDDENPOWER,I
49854,J_1,A2COLLECTIVEAGENDA,I
49854,J_1,A2CONTROLGOV,N
49854,J_1,A2CONTROLBANKS,N
49854,J_1,A2CONTROLMEDIA,N
49854,J_1,A2LOYALTY,N
49854,J_1,A2DISEASE,N
49854,J_1,A3WEALTH,I
49854,J_1,A3STINGY,N
49854,J_1,A3UNPATRIOTIC,I
49854,J_1,A3CARICATURE,N
49854,J_1,A3VIOLENCE,N
49854,J_1,A3SYNAGOGUE,N
49854,J_1,A3SWASTIKA,N
49854,J_1,A3DISCRIMINATION,N
47636,J_1,A1ESSENTIAL,E
47636,J_1,A2EVIL,E
47636,J_1,A2CONSPIRACY,I
47636,J_1,A2HIDDENPOWER,I
47636,J_1,A2COLLECTIVEAGENDA,E
47636,J_1,A2CONTROLGOV,N
47636,J_1,A2CONTROLBANKS,N
47636,J_1,A2CONTROLMEDIA,N
47636,J_1,A2LOYALTY,I
47636,J_1,A2DISEASE,N
47636,J_1,A3WEALTH,N
47636,J_1,A3STINGY,N
47636,J_1,A3UNPATRIOTIC,E
47636,J_1,A3CARICATURE,N
47636,J_1,A3VIOLENCE,N
47636,J_1,A3SYNAGOGUE,N
47636,J_1,A3SWASTIKA,N
47636,J_1,A3DISCRIMINATION,N
27429,J_1,A1ESSENTIAL,N
27429,J_1,A2EVIL,N
27429,J_1,A2CONSPIRACY,N
27429,J_1,A2HIDDENPOWER,N
27429,J_1,A2COLLECTIVEAGENDA,N
27429,J_1,A2CONTROLGOV,N
27429,J_1,A2CONTROLBANKS,N
27429,J_1,A2CONTROLMEDIA,N
27429,J_1,A2LOYALTY,N
27429,J_1,A2DISEASE,N
27429,J_1,A3WEALTH,N
27429,J_1,A3STINGY,N
27429,J_1,A3UNPATRIOTIC,N
27429,J_1,A3CARICATURE,N
27429,J_1,A3VIOLENCE,N
27429,J_1,A3SYNAGOGUE,N
27429,J_1,A3SWASTIKA,N
27429,J_1,A3DISCRIMINATION,N
28143,J_1,A1ESSENTIAL,N
28143,J_1,A2EVIL,N
28143,J_1,A2CONSPIRACY,N
28143,J_1,A2HIDDENPOWER,N
28143,J_1,A2COLLECTIVEAGENDA,N
28143,J_1,A2CONTROLGOV,N
28143,J_1,A2CONTROLBANKS,N
28143,J_1,A2CONTROLMEDIA,N
28143,J_1,A2LOYALTY,N
28143,J_1,A2DISEASE,N
28143,J_1,A3WEALTH,N
28143,J_1,A3STINGY,N
28143,J_1,A3UNPATRIOTIC,N
28143,J_1,A3CARICATURE,N
28143,J_1,A3VIOLENCE,N
28143,J_1,A3SYNAGOGUE,N
28143,J_1,A3SWASTIKA,N
28143,J_1,A3DISCRIMINATION,N
43709,J_1,A1ESSENTIAL,N
43709,J_1,A2EVIL,N
43709,J_1,A2CONSPIRACY,N
43709,J_1,A2HIDDENPOWER,N
43709,J_1,A2COLLECTIVEAGENDA,N
43709,J_1,A2CONTROLGOV,N
43709,J_1,A2CONTROLBANKS,N
43709,J_1,A2CONTROLMEDIA,N
43709,J_1,A2LOYALTY,N
43709,J_1,A2DISEASE,N
43709,J_1,A3WEALTH,N
43709,J_1,A3STINGY,N
43709,J_1,A3UNPATRIOTIC,N
43709,J_1,A3CARICATURE,N
43709,J_1,A3VIOLENCE,N
43709,J_1,A3SYNAGOGUE,N
43709,J_1,A3SWASTIKA,N
43709,J_1,A3DISCRIMINATION,N
19368,J_1,A1ESSENTIAL,N
19368,J_1,A2EVIL,N
19368,J_1,A2CONSPIRACY,N
19368,J_1,A2HIDDENPOWER,N
19368,J_1,A2COLLECTIVEAGENDA,N
19368,J_1,A2CONTROLGOV,N
19368,J_1,A2CONTROLBANKS,N
19368,J_1,A2CONTROLMEDIA,N
19368,J_1,A2LOYALTY,N
19368,J_1,A2DISEASE,N
19368,J_1,A3WEALTH,N
19368,J_1,A3STINGY,N
19368,J_1,A3UNPATRIOTIC,N
19368,J_1,A3CARICATURE,N
19368,J_1,A3VIOLENCE,N
19368,J_1,A3SYNAGOGUE,N
19368,J_1,A3SWASTIKA,N
19368,J_1,A3DISCRIMINATION,N
19107,J_1,A1ESSENTIAL,N
19107,J_1,A2EVIL,N
19107,J_1,A2CONSPIRACY,N
19107,J_1,A2HIDDENPOWER,N
19107,J_1,A2COLLECTIVEAGENDA,N
19107,J_1,A2CONTROLGOV,N
19107,J_1,A2CONTROLBANKS,N
19107,J_1,A2CONTROLMEDIA,N
19107,J_1,A2LOYALTY,N
19107,J_1,A2DISEASE,N
19107,J_1,A3WEALTH,N
19107,J_1,A3STINGY,N
19107,J_1,A3UNPATRIOTIC,N
19107,J_1,A3CARICATURE,N
19107,J_1,A3VIOLENCE,N
19107,J_1,A3SYNAGOGUE,N
19107,J_1,A3SWASTIKA,N
19107,J_1,A3DISCRIMINATION,N
17090,J_1,A1ESSENTIAL,N
17090,J_1,A2EVIL,N
17090,J_1,A2CONSPIRACY,N
17090,J_1,A2HIDDENPOWER,N
17090,J_1,A2COLLECTIVEAGENDA,N
17090,J_1,A2CONTROLGOV,N
17090,J_1,A2CONTROLBANKS,N
17090,J_1,A2CONTROLMEDIA,N
17090,J_1,A2LOYALTY,N
17090,J_1,A2DISEASE,N
17090,J_1,A3WEALTH,N
17090,J_1,A3STINGY,N
17090,J_1,A3UNPATRIOTIC,N
17090,J_1,A3CARICATURE,N
17090,J_1,A3VIOLENCE,N
17090,J_1,A3SYNAGOGUE,N
17090,J_1,A3SWASTIKA,N
17090,J_1,A3DISCRIMINATION,N
9583,J_1,A1ESSENTIAL,N
9583,J_1,A2EVIL,N
9583,J_1,A2CONSPIRACY,N
9583,J_1,A2HIDDENPOWER,N
9583,J_1,A2COLLECTIVEAGENDA,N
9583,J_1,A2CONTROLGOV,N
9583,J_1,A2CONTROLBANKS,N
9583,J_1,A2CONTROLMEDIA,N
9583,J_1,A2LOYALTY,N
9583,J_1,A2DISEASE,N
9583,J_1,A3WEALTH,N
9583,J_1,A3STINGY,N
9583,J_1,A3UNPATRIOTIC,N
9583,J_1,A3CARICATURE,N
9583,J_1,A3VIOLENCE,N
9583,J_1,A3SYNAGOGUE,N
9583,J_1,A3SWASTIKA,N
9583,J_1,A3DISCRIMINATION,N
31722,J_1,A1ESSENTIAL,N
31722,J_1,A2EVIL,N
31722,J_1,A2CONSPIRACY,N
31722,J_1,A2HIDDENPOWER,N
31722,J_1,A2COLLECTIVEAGENDA,N
31722,J_1,A2CONTROLGOV,N
31722,J_1,A2CONTROLBANKS,N
31722,J_1,A2CONTROLMEDIA,N
31722,J_1,A2LOYALTY,N
31722,J_1,A2DISEASE,N
31722,J_1,A3WEALTH,N
31722,J_1,A3STINGY,N
31722,J_1,A3UNPATRIOTIC,N
31722,J_1,A3CARICATURE,N
31722,J_1,A3VIOLENCE,N
31722,J_1,A3SYNAGOGUE,N
31722,J_1,A3SWASTIKA,N
31722,J_1,A3DISCRIMINATION,N
48426,J_1,A1ESSENTIAL,N
48426,J_1,A2EVIL,N
48426,J_1,A2CONSPIRACY,N
48426,J_1,A2HIDDENPOWER,N
48426,J_1,A2COLLECTIVEAGENDA,N
48426,J_1,A2CONTROLGOV,N
48426,J_1,A2CONTROLBANKS,N
48426,J_1,A2CONTROLMEDIA,N
48426,J_1,A2LOYALTY,N
48426,J_1,A2DISEASE,N
48426,J_1,A3WEALTH,N
48426,J_1,A3STINGY,N
48426,J_1,A3UNPATRIOTIC,N
48426,J_1,A3CARICATURE,N
48426,J_1,A3VIOLENCE,N
48426,J_1,A3SYNAGOGUE,N
48426,J_1,A3SWASTIKA,N
48426,J_1,A3DISCRIMINATION,N
49393,J_1,A1ESSENTIAL,N
49393,J_1,A2EVIL,N
49393,J_1,A2CONSPIRACY,I
49393,J_1,A2HIDDENPOWER,I
49393,J_1,A2COLLECTIVEAGENDA,I
49393,J_1,A2CONTROLGOV,I
49393,J_1,A2CONTROLBANKS,N
49393,J_1,A2CONTROLMEDIA,N
49393,J_1,A2LOYALTY,N
49393,J_1,A2DISEASE,N
49393,J_1,A3WEALTH,N
49393,J_1,A3STINGY,N
49393,J_1,A3UNPATRIOTIC,N
49393,J_1,A3CARICATURE,N
49393,J_1,A3VIOLENCE,N
49393,J_1,A3SYNAGOGUE,N
49393,J_1,A3SWASTIKA,N
49393,J_1,A3DISCRIMINATION,N
15691,J_1,A1ESSENTIAL,N
15691,J_1,A2EVIL,N
15691,J_1,A2CONSPIRACY,N
15691,J_1,A2HIDDENPOWER,N
15691,J_1,A2COLLECTIVEAGENDA,N
15691,J_1,A2CONTROLGOV,N
15691,J_1,A2CONTROLBANKS,N
15691,J_1,A2CONTROLMEDIA,N
15691,J_1,A2LOYALTY,N
15691,J_1,A2DISEASE,N
15691,J_1,A3WEALTH,N
15691,J_1,A3STINGY,N
15691,J_1,A3UNPATRIOTIC,N
15691,J_1,A3CARICATURE,N
15691,J_1,A3VIOLENCE,N
15691,J_1,A3SYNAGOGUE,N
15691,J_1,A3SWASTIKA,N
15691,J_1,A3DISCRIMINATION,N
3954,J_1,A1ESSENTIAL,N
3954,J_1,A2EVIL,N
3954,J_1,A2CONSPIRACY,N
3954,J_1,A2HIDDENPOWER,N
3954,J_1,A2COLLECTIVEAGENDA,N
3954,J_1,A2CONTROLGOV,N
3954,J_1,A2CONTROLBANKS,N
3954,J_1,A2CONTROLMEDIA,N
3954,J_1,A2LOYALTY,N
3954,J_1,A2DISEASE,N
3954,J_1,A3WEALTH,N
3954,J_1,A3STINGY,N
3954,J_1,A3UNPATRIOTIC,N
3954,J_1,A3CARICATURE,N
3954,J_1,A3VIOLENCE,N
3954,J_1,A3SYNAGOGUE,N
3954,J_1,A3SWASTIKA,N
3954,J_1,A3DISCRIMINATION,N
31074,J_1,A1ESSENTIAL,N
31074,J_1,A2EVIL,N
31074,J_1,A2CONSPIRACY,N
31074,J_1,A2HIDDENPOWER,N
31074,J_1,A2COLLECTIVEAGENDA,N
31074,J_1,A2CONTROLGOV,A
31074,J_1,A2CONTROLBANKS,N
31074,J_1,A2CONTROLMEDIA,N
31074,J_1,A2LOYALTY,N
31074,J_1,A2DISEASE,N
31074,J_1,A3WEALTH,N
31074,J_1,A3STINGY,N
31074,J_1,A3UNPATRIOTIC,N
31074,J_1,A3CARICATURE,N
31074,J_1,A3VIOLENCE,N
31074,J_1,A3SYNAGOGUE,N
31074,J_1,A3SWASTIKA,N
31074,J_1,A3DISCRIMINATION,N
48334,J_1,A1ESSENTIAL,N
48334,J_1,A2EVIL,N
48334,J_1,A2CONSPIRACY,N
48334,J_1,A2HIDDENPOWER,N
48334,J_1,A2COLLECTIVEAGENDA,N
48334,J_1,A2CONTROLGOV,N
48334,J_1,A2CONTROLBANKS,N
48334,J_1,A2CONTROLMEDIA,N
48334,J_1,A2LOYALTY,N
48334,J_1,A2DISEASE,N
48334,J_1,A3WEALTH,N
48334,J_1,A3STINGY,N
48334,J_1,A3UNPATRIOTIC,N
48334,J_1,A3CARICATURE,N
48334,J_1,A3VIOLENCE,N
48334,J_1,A3SYNAGOGUE,N
48334,J_1,A3SWASTIKA,N
48334,J_1,A3DISCRIMINATION,N
11354,J_1,A1ESSENTIAL,I
11354,J_1,A2EVIL,I
11354,J_1,A2CONSPIRACY,N
11354,J_1,A2HIDDENPOWER,N
11354,J_1,A2COLLECTIVEAGENDA,N
11354,J_1,A2CONTROLGOV,N
11354,J_1,A2CONTROLBANKS,N
11354,J_1,A2CONTROLMEDIA,N
11354,J_1,A2LOYALTY,N
11354,J_1,A2DISEASE,N
11354,J_1,A3WEALTH,N
11354,J_1,A3STINGY,I
11354,J_1,A3UNPATRIOTIC,N
11354,J_1,A3CARICATURE,N
11354,J_1,A3VIOLENCE,N
11354,J_1,A3SYNAGOGUE,N
11354,J_1,A3SWASTIKA,N
11354,J_1,A3DISCRIMINATION,N
1285,J_1,A1ESSENTIAL,N
1285,J_1,A2EVIL,N
1285,J_1,A2CONSPIRACY,N
1285,J_1,A2HIDDENPOWER,N
1285,J_1,A2COLLECTIVEAGENDA,N
1285,J_1,A2CONTROLGOV,N
1285,J_1,A2CONTROLBANKS,N
1285,J_1,A2CONTROLMEDIA,N
1285,J_1,A2LOYALTY,N
1285,J_1,A2DISEASE,N
1285,J_1,A3WEALTH,N
1285,J_1,A3STINGY,N
1285,J_1,A3UNPATRIOTIC,N
1285,J_1,A3CARICATURE,N
1285,J_1,A3VIOLENCE,N
1285,J_1,A3SYNAGOGUE,N
1285,J_1,A3SWASTIKA,N
1285,J_1,A3DISCRIMINATION,N
8395,J_1,A1ESSENTIAL,N
8395,J_1,A2EVIL,N
8395,J_1,A2CONSPIRACY,N
8395,J_1,A2HIDDENPOWER,N
8395,J_1,A2COLLECTIVEAGENDA,N
8395,J_1,A2CONTROLGOV,N
8395,J_1,A2CONTROLBANKS,N
8395,J_1,A2CONTROLMEDIA,N
8395,J_1,A2LOYALTY,N
8395,J_1,A2DISEASE,N
8395,J_1,A3WEALTH,N
8395,J_1,A3STINGY,N
8395,J_1,A3UNPATRIOTIC,N
8395,J_1,A3CARICATURE,N
8395,J_1,A3VIOLENCE,E
8395,J_1,A3SYNAGOGUE,N
8395,J_1,A3SWASTIKA,N
8395,J_1,A3DISCRIMINATION,N
34479,J_1,A1ESSENTIAL,N
34479,J_1,A2EVIL,N
34479,J_1,A2CONSPIRACY,N
34479,J_1,A2HIDDENPOWER,N
34479,J_1,A2COLLECTIVEAGENDA,N
34479,J_1,A2CONTROLGOV,N
34479,J_1,A2CONTROLBANKS,N
34479,J_1,A2CONTROLMEDIA,N
34479,J_1,A2LOYALTY,N
34479,J_1,A2DISEASE,N
34479,J_1,A3WEALTH,N
34479,J_1,A3STINGY,N
34479,J_1,A3UNPATRIOTIC,N
34479,J_1,A3CARICATURE,N
34479,J_1,A3VIOLENCE,N
34479,J_1,A3SYNAGOGUE,N
34479,J_1,A3SWASTIKA,N
34479,J_1,A3DISCRIMINATION,N
45694,J_1,A1ESSENTIAL,N
45694,J_1,A2EVIL,N
45694,J_1,A2CONSPIRACY,N
45694,J_1,A2HIDDENPOWER,I
45694,J_1,A2COLLECTIVEAGENDA,N
45694,J_1,A2CONTROLGOV,N
45694,J_1,A2CONTROLBANKS,N
45694,J_1,A2CONTROLMEDIA,N
45694,J_1,A2LOYALTY,N
45694,J_1,A2DISEASE,N
45694,J_1,A3WEALTH,N
45694,J_1,A3STINGY,N
45694,J_1,A3UNPATRIOTIC,N
45694,J_1,A3CARICATURE,N
45694,J_1,A3VIOLENCE,N
45694,J_1,A3SYNAGOGUE,N
45694,J_1,A3SWASTIKA,N
45694,J_1,A3DISCRIMINATION,N
25289,J_1,A1ESSENTIAL,N
25289,J_1,A2EVIL,N
25289,J_1,A2CONSPIRACY,N
25289,J_1,A2HIDDENPOWER,N
25289,J_1,A2COLLECTIVEAGENDA,N
25289,J_1,A2CONTROLGOV,N
25289,J_1,A2CONTROLBANKS,N
25289,J_1,A2CONTROLMEDIA,N
25289,J_1,A2LOYALTY,N
25289,J_1,A2DISEASE,N
25289,J_1,A3WEALTH,N
25289,J_1,A3STINGY,N
25289,J_1,A3UNPATRIOTIC,N
25289,J_1,A3CARICATURE,N
25289,J_1,A3VIOLENCE,N
25289,J_1,A3SYNAGOGUE,N
25289,J_1,A3SWASTIKA,N
25289,J_1,A3DISCRIMINATION,N
3417,J_1,A1ESSENTIAL,N
3417,J_1,A2EVIL,N
3417,J_1,A2CONSPIRACY,N
3417,J_1,A2HIDDENPOWER,N
3417,J_1,A2COLLECTIVEAGENDA,N
3417,J_1,A2CONTROLGOV,N
3417,J_1,A2CONTROLBANKS,N
3417,J_1,A2CONTROLMEDIA,N
3417,J_1,A2LOYALTY,N
3417,J_1,A2DISEASE,N
3417,J_1,A3WEALTH,N
3417,J_1,A3STINGY,N
3417,J_1,A3UNPATRIOTIC,N
3417,J_1,A3CARICATURE,N
3417,J_1,A3VIOLENCE,N
3417,J_1,A3SYNAGOGUE,N
3417,J_1,A3SWASTIKA,N
3417,J_1,A3DISCRIMINATION,N
28583,J_1,A1ESSENTIAL,N
28583,J_1,A2EVIL,N
28583,J_1,A2CONSPIRACY,N
28583,J_1,A2HIDDENPOWER,N
28583,J_1,A2COLLECTIVEAGENDA,N
28583,J_1,A2CONTROLGOV,N
28583,J_1,A2CONTROLBANKS,N
28583,J_1,A2CONTROLMEDIA,N
28583,J_1,A2LOYALTY,N
28583,J_1,A2DISEASE,N
28583,J_1,A3WEALTH,N
28583,J_1,A3STINGY,N
28583,J_1,A3UNPATRIOTIC,N
28583,J_1,A3CARICATURE,N
28583,J_1,A3VIOLENCE,N
28583,J_1,A3SYNAGOGUE,N
28583,J_1,A3SWASTIKA,A
28583,J_1,A3DISCRIMINATION,N
21018,J_1,A1ESSENTIAL,N
21018,J_1,A2EVIL,N
21018,J_1,A2CONSPIRACY,N
21018,J_1,A2HIDDENPOWER,N
21018,J_1,A2COLLECTIVEAGENDA,N
21018,J_1,A2CONTROLGOV,N
21018,J_1,A2CONTROLBANKS,N
21018,J_1,A2CONTROLMEDIA,N
21018,J_1,A2LOYALTY,N
21018,J_1,A2DISEASE,N
21018,J_1,A3WEALTH,N
21018,J_1,A3STINGY,N
21018,J_1,A3UNPATRIOTIC,N
21018,J_1,A3CARICATURE,N
21018,J_1,A3VIOLENCE,N
21018,J_1,A3SYNAGOGUE,N
21018,J_1,A3SWASTIKA,N
21018,J_1,A3DISCRIMINATION,N
10082,J_1,A1ESSENTIAL,N
10082,J_1,A2EVIL,N
10082,J_1,A2CONSPIRACY,N
10082,J_1,A2HIDDENPOWER,N
10082,J_1,A2COLLECTIVEAGENDA,N
10082,J_1,A2CONTROLGOV,N
10082,J_1,A2CONTROLBANKS,N
10082,J_1,A2CONTROLMEDIA,N
10082,J_1,A2LOYALTY,N
10082,J_1,A2DISEASE,N
10082,J_1,A3WEALTH,N
10082,J_1,A3STINGY,N
10082,J_1,A3UNPATRIOTIC,N
10082,J_1,A3CARICATURE,N
10082,J_1,A3VIOLENCE,N
10082,J_1,A3SYNAGOGUE,N
10082,J_1,A3SWASTIKA,N
10082,J_1,A3DISCRIMINATION,N
21152,J_1,A1ESSENTIAL,N
21152,J_1,A2EVIL,N
21152,J_1,A2CONSPIRACY,N
21152,J_1,A2HIDDENPOWER,N
21152,J_1,A2COLLECTIVEAGENDA,N
21152,J_1,A2CONTROLGOV,N
21152,J_1,A2CONTROLBANKS,N
21152,J_1,A2CONTROLMEDIA,N
21152,J_1,A2LOYALTY,N
21152,J_1,A2DISEASE,N
21152,J_1,A3WEALTH,N
21152,J_1,A3STINGY,N
21152,J_1,A3UNPATRIOTIC,N
21152,J_1,A3CARICATURE,N
21152,J_1,A3VIOLENCE,N
21152,J_1,A3SYNAGOGUE,N
21152,J_1,A3SWASTIKA,N
21152,J_1,A3DISCRIMINATION,N
3972,J_1,A1ESSENTIAL,N
3972,J_1,A2EVIL,N
3972,J_1,A2CONSPIRACY,N
3972,J_1,A2HIDDENPOWER,N
3972,J_1,A2COLLECTIVEAGENDA,N
3972,J_1,A2CONTROLGOV,N
3972,J_1,A2CONTROLBANKS,N
3972,J_1,A2CONTROLMEDIA,N
3972,J_1,A2LOYALTY,N
3972,J_1,A2DISEASE,N
3972,J_1,A3WEALTH,N
3972,J_1,A3STINGY,N
3972,J_1,A3UNPATRIOTIC,N
3972,J_1,A3CARICATURE,N
3972,J_1,A3VIOLENCE,N
3972,J_1,A3SYNAGOGUE,N
3972,J_1,A3SWASTIKA,N
3972,J_1,A3DISCRIMINATION,N
32926,J_1,A1ESSENTIAL,A
32926,J_1,A2EVIL,A
32926,J_1,A2CONSPIRACY,A
32926,J_1,A2HIDDENPOWER,A
32926,J_1,A2COLLECTIVEAGENDA,A
32926,J_1,A2CONTROLGOV,A
32926,J_1,A2CONTROLBANKS,N
32926,J_1,A2CONTROLMEDIA,N
32926,J_1,A2LOYALTY,A
32926,J_1,A2DISEASE,N
32926,J_1,A3WEALTH,N
32926,J_1,A3STINGY,N
32926,J_1,A3UNPATRIOTIC,N
32926,J_1,A3CARICATURE,N
32926,J_1,A3VIOLENCE,I
32926,J_1,A3SYNAGOGUE,N
32926,J_1,A3SWASTIKA,N
32926,J_1,A3DISCRIMINATION,N
14117,J_1,A1ESSENTIAL,N
14117,J_1,A2EVIL,N
14117,J_1,A2CONSPIRACY,N
14117,J_1,A2HIDDENPOWER,N
14117,J_1,A2COLLECTIVEAGENDA,N
14117,J_1,A2CONTROLGOV,N
14117,J_1,A2CONTROLBANKS,N
14117,J_1,A2CONTROLMEDIA,N
14117,J_1,A2LOYALTY,N
14117,J_1,A2DISEASE,N
14117,J_1,A3WEALTH,N
14117,J_1,A3STINGY,N
14117,J_1,A3UNPATRIOTIC,N
14117,J_1,A3CARICATURE,N
14117,J_1,A3VIOLENCE,N
14117,J_1,A3SYNAGOGUE,N
14117,J_1,A3SWASTIKA,N
14117,J_1,A3DISCRIMINATION,N
29327,J_1,A1ESSENTIAL,N
29327,J_1,A2EVIL,N
29327,J_1,A2CONSPIRACY,N
29327,J_1,A2HIDDENPOWER,N
29327,J_1,A2COLLECTIVEAGENDA,N
29327,J_1,A2CONTROLGOV,N
29327,J_1,A2CONTROLBANKS,N
29327,J_1,A2CONTROLMEDIA,N
29327,J_1,A2LOYALTY,N
29327,J_1,A2DISEASE,N
29327,J_1,A3WEALTH,N
29327,J_1,A3STINGY,N
29327,J_1,A3UNPATRIOTIC,N
29327,J_1,A3CARICATURE,N
29327,J_1,A3VIOLENCE,N
29327,J_1,A3SYNAGOGUE,N
29327,J_1,A3SWASTIKA,N
29327,J_1,A3DISCRIMINATION,N
30754,J_1,A1ESSENTIAL,N
30754,J_1,A2EVIL,N
30754,J_1,A2CONSPIRACY,N
30754,J_1,A2HIDDENPOWER,N
30754,J_1,A2COLLECTIVEAGENDA,N
30754,J_1,A2CONTROLGOV,N
30754,J_1,A2CONTROLBANKS,N
30754,J_1,A2CONTROLMEDIA,N
30754,J_1,A2LOYALTY,N
30754,J_1,A2DISEASE,N
30754,J_1,A3WEALTH,N
30754,J_1,A3STINGY,N
30754,J_1,A3UNPATRIOTIC,N
30754,J_1,A3CARICATURE,N
30754,J_1,A3VIOLENCE,N
30754,J_1,A3SYNAGOGUE,N
30754,J_1,A3SWASTIKA,N
30754,J_1,A3DISCRIMINATION,N
11903,J_1,A1ESSENTIAL,N
11903,J_1,A2EVIL,N
11903,J_1,A2CONSPIRACY,N
11903,J_1,A2HIDDENPOWER,N
11903,J_1,A2COLLECTIVEAGENDA,N
11903,J_1,A2CONTROLGOV,N
11903,J_1,A2CONTROLBANKS,N
11903,J_1,A2CONTROLMEDIA,N
11903,J_1,A2LOYALTY,N
11903,J_1,A2DISEASE,N
11903,J_1,A3WEALTH,N
11903,J_1,A3STINGY,N
11903,J_1,A3UNPATRIOTIC,N
11903,J_1,A3CARICATURE,N
11903,J_1,A3VIOLENCE,N
11903,J_1,A3SYNAGOGUE,N
11903,J_1,A3SWASTIKA,N
11903,J_1,A3DISCRIMINATION,N
11064,J_1,A1ESSENTIAL,N
11064,J_1,A2EVIL,N
11064,J_1,A2CONSPIRACY,N
11064,J_1,A2HIDDENPOWER,N
11064,J_1,A2COLLECTIVEAGENDA,N
11064,J_1,A2CONTROLGOV,N
11064,J_1,A2CONTROLBANKS,N
11064,J_1,A2CONTROLMEDIA,N
11064,J_1,A2LOYALTY,N
11064,J_1,A2DISEASE,N
11064,J_1,A3WEALTH,N
11064,J_1,A3STINGY,N
11064,J_1,A3UNPATRIOTIC,N
11064,J_1,A3CARICATURE,N
11064,J_1,A3VIOLENCE,A
11064,J_1,A3SYNAGOGUE,N
11064,J_1,A3SWASTIKA,N
11064,J_1,A3DISCRIMINATION,N
14668,J_1,A1ESSENTIAL,N
14668,J_1,A2EVIL,N
14668,J_1,A2CONSPIRACY,N
14668,J_1,A2HIDDENPOWER,N
14668,J_1,A2COLLECTIVEAGENDA,N
14668,J_1,A2CONTROLGOV,N
14668,J_1,A2CONTROLBANKS,N
14668,J_1,A2CONTROLMEDIA,N
14668,J_1,A2LOYALTY,N
14668,J_1,A2DISEASE,N
14668,J_1,A3WEALTH,N
14668,J_1,A3STINGY,N
14668,J_1,A3UNPATRIOTIC,N
14668,J_1,A3CARICATURE,N
14668,J_1,A3VIOLENCE,N
14668,J_1,A3SYNAGOGUE,N
14668,J_1,A3SWASTIKA,N
14668,J_1,A3DISCRIMINATION,N
23182,J_1,A1ESSENTIAL,A
23182,J_1,A2EVIL,A
23182,J_1,A2CONSPIRACY,N
23182,J_1,A2HIDDENPOWER,N
23182,J_1,A2COLLECTIVEAGENDA,N
23182,J_1,A2CONTROLGOV,N
23182,J_1,A2CONTROLBANKS,N
23182,J_1,A2CONTROLMEDIA,N
23182,J_1,A2LOYALTY,N
23182,J_1,A2DISEASE,N
23182,J_1,A3WEALTH,N
23182,J_1,A3STINGY,N
23182,J_1,A3UNPATRIOTIC,N
23182,J_1,A3CARICATURE,N
23182,J_1,A3VIOLENCE,N
23182,J_1,A3SYNAGOGUE,N
23182,J_1,A3SWASTIKA,N
23182,J_1,A3DISCRIMINATION,N
26439,J_1,A1ESSENTIAL,N
26439,J_1,A2EVIL,N
26439,J_1,A2CONSPIRACY,N
26439,J_1,A2HIDDENPOWER,N
26439,J_1,A2COLLECTIVEAGENDA,N
26439,J_1,A2CONTROLGOV,N
26439,J_1,A2CONTROLBANKS,N
26439,J_1,A2CONTROLMEDIA,N
26439,J_1,A2LOYALTY,N
26439,J_1,A2DISEASE,N
26439,J_1,A3WEALTH,N
26439,J_1,A3STINGY,N
26439,J_1,A3UNPATRIOTIC,N
26439,J_1,A3CARICATURE,N
26439,J_1,A3VIOLENCE,A
26439,J_1,A3SYNAGOGUE,N
26439,J_1,A3SWASTIKA,N
26439,J_1,A3DISCRIMINATION,N
45158,J_1,A1ESSENTIAL,I
45158,J_1,A2EVIL,I
45158,J_1,A2CONSPIRACY,I
45158,J_1,A2HIDDENPOWER,I
45158,J_1,A2COLLECTIVEAGENDA,I
45158,J_1,A2CONTROLGOV,N
45158,J_1,A2CONTROLBANKS,N
45158,J_1,A2CONTROLMEDIA,N
45158,J_1,A2LOYALTY,N
45158,J_1,A2DISEASE,N
45158,J_1,A3WEALTH,I
45158,J_1,A3STINGY,I
45158,J_1,A3UNPATRIOTIC,N
45158,J_1,A3CARICATURE,I
45158,J_1,A3VIOLENCE,N
45158,J_1,A3SYNAGOGUE,N
45158,J_1,A3SWASTIKA,N
45158,J_1,A3DISCRIMINATION,N
12616,J_1,A1ESSENTIAL,N
12616,J_1,A2EVIL,N
12616,J_1,A2CONSPIRACY,N
12616,J_1,A2HIDDENPOWER,N
12616,J_1,A2COLLECTIVEAGENDA,N
12616,J_1,A2CONTROLGOV,N
12616,J_1,A2CONTROLBANKS,N
12616,J_1,A2CONTROLMEDIA,N
12616,J_1,A2LOYALTY,N
12616,J_1,A2DISEASE,N
12616,J_1,A3WEALTH,N
12616,J_1,A3STINGY,N
12616,J_1,A3UNPATRIOTIC,N
12616,J_1,A3CARICATURE,N
12616,J_1,A3VIOLENCE,N
12616,J_1,A3SYNAGOGUE,N
12616,J_1,A3SWASTIKA,N
12616,J_1,A3DISCRIMINATION,N
4936,J_1,A1ESSENTIAL,N
4936,J_1,A2EVIL,N
4936,J_1,A2CONSPIRACY,N
4936,J_1,A2HIDDENPOWER,N
4936,J_1,A2COLLECTIVEAGENDA,N
4936,J_1,A2CONTROLGOV,N
4936,J_1,A2CONTROLBANKS,N
4936,J_1,A2CONTROLMEDIA,N
4936,J_1,A2LOYALTY,N
4936,J_1,A2DISEASE,N
4936,J_1,A3WEALTH,N
4936,J_1,A3STINGY,N
4936,J_1,A3UNPATRIOTIC,N
4936,J_1,A3CARICATURE,N
4936,J_1,A3VIOLENCE,N
4936,J_1,A3SYNAGOGUE,N
4936,J_1,A3SWASTIKA,N
4936,J_1,A3DISCRIMINATION,N
4476,J_1,A1ESSENTIAL,N
4476,J_1,A2EVIL,N
4476,J_1,A2CONSPIRACY,N
4476,J_1,A2HIDDENPOWER,N
4476,J_1,A2COLLECTIVEAGENDA,N
4476,J_1,A2CONTROLGOV,N
4476,J_1,A2CONTROLBANKS,N
4476,J_1,A2CONTROLMEDIA,N
4476,J_1,A2LOYALTY,N
4476,J_1,A2DISEASE,N
4476,J_1,A3WEALTH,N
4476,J_1,A3STINGY,N
4476,J_1,A3UNPATRIOTIC,N
4476,J_1,A3CARICATURE,N
4476,J_1,A3VIOLENCE,N
4476,J_1,A3SYNAGOGUE,N
4476,J_1,A3SWASTIKA,N
4476,J_1,A3DISCRIMINATION,N
10005,J_1,A1ESSENTIAL,A
10005,J_1,A2EVIL,N
10005,J_1,A2CONSPIRACY,N
10005,J_1,A2HIDDENPOWER,N
10005,J_1,A2COLLECTIVEAGENDA,N
10005,J_1,A2CONTROLGOV,N
10005,J_1,A2CONTROLBANKS,N
10005,J_1,A2CONTROLMEDIA,N
10005,J_1,A2LOYALTY,N
10005,J_1,A2DISEASE,N
10005,J_1,A3WEALTH,N
10005,J_1,A3STINGY,N
10005,J_1,A3UNPATRIOTIC,N
10005,J_1,A3CARICATURE,N
10005,J_1,A3VIOLENCE,N
10005,J_1,A3SYNAGOGUE,N
10005,J_1,A3SWASTIKA,N
10005,J_1,A3DISCRIMINATION,N
11578,J_1,A1ESSENTIAL,N
11578,J_1,A2EVIL,A
11578,J_1,A2CONSPIRACY,N
11578,J_1,A2HIDDENPOWER,N
11578,J_1,A2COLLECTIVEAGENDA,N
11578,J_1,A2CONTROLGOV,N
11578,J_1,A2CONTROLBANKS,N
11578,J_1,A2CONTROLMEDIA,N
11578,J_1,A2LOYALTY,N
11578,J_1,A2DISEASE,N
11578,J_1,A3WEALTH,N
11578,J_1,A3STINGY,N
11578,J_1,A3UNPATRIOTIC,N
11578,J_1,A3CARICATURE,N
11578,J_1,A3VIOLENCE,N
11578,J_1,A3SYNAGOGUE,N
11578,J_1,A3SWASTIKA,N
11578,J_1,A3DISCRIMINATION,N
40427,J_1,A1ESSENTIAL,N
40427,J_1,A2EVIL,I
40427,J_1,A2CONSPIRACY,N
40427,J_1,A2HIDDENPOWER,N
40427,J_1,A2COLLECTIVEAGENDA,N
40427,J_1,A2CONTROLGOV,N
40427,J_1,A2CONTROLBANKS,N
40427,J_1,A2CONTROLMEDIA,N
40427,J_1,A2LOYALTY,N
40427,J_1,A2DISEASE,N
40427,J_1,A3WEALTH,N
40427,J_1,A3STINGY,N
40427,J_1,A3UNPATRIOTIC,N
40427,J_1,A3CARICATURE,N
40427,J_1,A3VIOLENCE,N
40427,J_1,A3SYNAGOGUE,N
40427,J_1,A3SWASTIKA,N
40427,J_1,A3DISCRIMINATION,N
30721,J_1,A1ESSENTIAL,E
30721,J_1,A2EVIL,E
30721,J_1,A2CONSPIRACY,N
30721,J_1,A2HIDDENPOWER,I
30721,J_1,A2COLLECTIVEAGENDA,I
30721,J_1,A2CONTROLGOV,N
30721,J_1,A2CONTROLBANKS,N
30721,J_1,A2CONTROLMEDIA,N
30721,J_1,A2LOYALTY,N
30721,J_1,A2DISEASE,N
30721,J_1,A3WEALTH,I
30721,J_1,A3STINGY,N
30721,J_1,A3UNPATRIOTIC,N
30721,J_1,A3CARICATURE,N
30721,J_1,A3VIOLENCE,N
30721,J_1,A3SYNAGOGUE,N
30721,J_1,A3SWASTIKA,N
30721,J_1,A3DISCRIMINATION,N
47768,J_1,A1ESSENTIAL,N
47768,J_1,A2EVIL,N
47768,J_1,A2CONSPIRACY,N
47768,J_1,A2HIDDENPOWER,N
47768,J_1,A2COLLECTIVEAGENDA,N
47768,J_1,A2CONTROLGOV,N
47768,J_1,A2CONTROLBANKS,N
47768,J_1,A2CONTROLMEDIA,N
47768,J_1,A2LOYALTY,N
47768,J_1,A2DISEASE,N
47768,J_1,A3WEALTH,N
47768,J_1,A3STINGY,N
47768,J_1,A3UNPATRIOTIC,N
47768,J_1,A3CARICATURE,N
47768,J_1,A3VIOLENCE,N
47768,J_1,A3SYNAGOGUE,N
47768,J_1,A3SWASTIKA,N
47768,J_1,A3DISCRIMINATION,N
40679,J_1,A1ESSENTIAL,N
40679,J_1,A2EVIL,N
40679,J_1,A2CONSPIRACY,N
40679,J_1,A2HIDDENPOWER,N
40679,J_1,A2COLLECTIVEAGENDA,N
40679,J_1,A2CONTROLGOV,N
40679,J_1,A2CONTROLBANKS,N
40679,J_1,A2CONTROLMEDIA,N
40679,J_1,A2LOYALTY,N
40679,J_1,A2DISEASE,N
40679,J_1,A3WEALTH,N
40679,J_1,A3STINGY,N
40679,J_1,A3UNPATRIOTIC,N
40679,J_1,A3CARICATURE,N
40679,J_1,A3VIOLENCE,N
40679,J_1,A3SYNAGOGUE,N
40679,J_1,A3SWASTIKA,N
40679,J_1,A3DISCRIMINATION,N
36404,J_1,A1ESSENTIAL,N
36404,J_1,A2EVIL,N
36404,J_1,A2CONSPIRACY,N
36404,J_1,A2HIDDENPOWER,N
36404,J_1,A2COLLECTIVEAGENDA,N
36404,J_1,A2CONTROLGOV,N
36404,J_1,A2CONTROLBANKS,N
36404,J_1,A2CONTROLMEDIA,N
36404,J_1,A2LOYALTY,N
36404,J_1,A2DISEASE,N
36404,J_1,A3WEALTH,N
36404,J_1,A3STINGY,N
36404,J_1,A3UNPATRIOTIC,N
36404,J_1,A3CARICATURE,N
36404,J_1,A3VIOLENCE,N
36404,J_1,A3SYNAGOGUE,N
36404,J_1,A3SWASTIKA,N
36404,J_1,A3DISCRIMINATION,N
39476,J_1,A1ESSENTIAL,N
39476,J_1,A2EVIL,N
39476,J_1,A2CONSPIRACY,N
39476,J_1,A2HIDDENPOWER,N
39476,J_1,A2COLLECTIVEAGENDA,N
39476,J_1,A2CONTROLGOV,N
39476,J_1,A2CONTROLBANKS,N
39476,J_1,A2CONTROLMEDIA,N
39476,J_1,A2LOYALTY,N
39476,J_1,A2DISEASE,N
39476,J_1,A3WEALTH,N
39476,J_1,A3STINGY,N
39476,J_1,A3UNPATRIOTIC,N
39476,J_1,A3CARICATURE,N
39476,J_1,A3VIOLENCE,N
39476,J_1,A3SYNAGOGUE,N
39476,J_1,A3SWASTIKA,N
39476,J_1,A3DISCRIMINATION,N
48548,J_1,A1ESSENTIAL,N
48548,J_1,A2EVIL,N
48548,J_1,A2CONSPIRACY,N
48548,J_1,A2HIDDENPOWER,N
48548,J_1,A2COLLECTIVEAGENDA,N
48548,J_1,A2CONTROLGOV,N
48548,J_1,A2CONTROLBANKS,N
48548,J_1,A2CONTROLMEDIA,N
48548,J_1,A2LOYALTY,N
48548,J_1,A2DISEASE,N
48548,J_1,A3WEALTH,N
48548,J_1,A3STINGY,N
48548,J_1,A3UNPATRIOTIC,N
48548,J_1,A3CARICATURE,N
48548,J_1,A3VIOLENCE,N
48548,J_1,A3SYNAGOGUE,N
48548,J_1,A3SWASTIKA,N
48548,J_1,A3DISCRIMINATION,N
36458,J_1,A1ESSENTIAL,N
36458,J_1,A2EVIL,N
36458,J_1,A2CONSPIRACY,N
36458,J_1,A2HIDDENPOWER,N
36458,J_1,A2COLLECTIVEAGENDA,N
36458,J_1,A2CONTROLGOV,N
36458,J_1,A2CONTROLBANKS,N
36458,J_1,A2CONTROLMEDIA,N
36458,J_1,A2LOYALTY,N
36458,J_1,A2DISEASE,N
36458,J_1,A3WEALTH,N
36458,J_1,A3STINGY,N
36458,J_1,A3UNPATRIOTIC,N
36458,J_1,A3CARICATURE,N
36458,J_1,A3VIOLENCE,N
36458,J_1,A3SYNAGOGUE,N
36458,J_1,A3SWASTIKA,N
36458,J_1,A3DISCRIMINATION,N
46834,J_1,A1ESSENTIAL,N
46834,J_1,A2EVIL,N
46834,J_1,A2CONSPIRACY,N
46834,J_1,A2HIDDENPOWER,N
46834,J_1,A2COLLECTIVEAGENDA,N
46834,J_1,A2CONTROLGOV,N
46834,J_1,A2CONTROLBANKS,N
46834,J_1,A2CONTROLMEDIA,N
46834,J_1,A2LOYALTY,N
46834,J_1,A2DISEASE,N
46834,J_1,A3WEALTH,N
46834,J_1,A3STINGY,N
46834,J_1,A3UNPATRIOTIC,N
46834,J_1,A3CARICATURE,N
46834,J_1,A3VIOLENCE,N
46834,J_1,A3SYNAGOGUE,N
46834,J_1,A3SWASTIKA,N
46834,J_1,A3DISCRIMINATION,N
46256,J_1,A1ESSENTIAL,E
46256,J_1,A2EVIL,E
46256,J_1,A2CONSPIRACY,E
46256,J_1,A2HIDDENPOWER,E
46256,J_1,A2COLLECTIVEAGENDA,E
46256,J_1,A2CONTROLGOV,I
46256,J_1,A2CONTROLBANKS,N
46256,J_1,A2CONTROLMEDIA,N
46256,J_1,A2LOYALTY,I
46256,J_1,A2DISEASE,N
46256,J_1,A3WEALTH,N
46256,J_1,A3STINGY,N
46256,J_1,A3UNPATRIOTIC,N
46256,J_1,A3CARICATURE,N
46256,J_1,A3VIOLENCE,E
46256,J_1,A3SYNAGOGUE,N
46256,J_1,A3SWASTIKA,N
46256,J_1,A3DISCRIMINATION,N
49310,J_1,A1ESSENTIAL,E
49310,J_1,A2EVIL,E
49310,J_1,A2CONSPIRACY,I
49310,J_1,A2HIDDENPOWER,N
49310,J_1,A2COLLECTIVEAGENDA,E
49310,J_1,A2CONTROLGOV,N
49310,J_1,A2CONTROLBANKS,N
49310,J_1,A2CONTROLMEDIA,N
49310,J_1,A2LOYALTY,I
49310,J_1,A2DISEASE,N
49310,J_1,A3WEALTH,N
49310,J_1,A3STINGY,N
49310,J_1,A3UNPATRIOTIC,N
49310,J_1,A3CARICATURE,N
49310,J_1,A3VIOLENCE,N
49310,J_1,A3SYNAGOGUE,N
49310,J_1,A3SWASTIKA,N
49310,J_1,A3DISCRIMINATION,N
22642,J_1,A1ESSENTIAL,A
22642,J_1,A2EVIL,A
22642,J_1,A2CONSPIRACY,N
22642,J_1,A2HIDDENPOWER,N
22642,J_1,A2COLLECTIVEAGENDA,N
22642,J_1,A2CONTROLGOV,N
22642,J_1,A2CONTROLBANKS,N
22642,J_1,A2CONTROLMEDIA,N
22642,J_1,A2LOYALTY,N
22642,J_1,A2DISEASE,N
22642,J_1,A3WEALTH,N
22642,J_1,A3STINGY,N
22642,J_1,A3UNPATRIOTIC,N
22642,J_1,A3CARICATURE,N
22642,J_1,A3VIOLENCE,E
22642,J_1,A3SYNAGOGUE,N
22642,J_1,A3SWASTIKA,N
22642,J_1,A3DISCRIMINATION,N
24735,J_1,A1ESSENTIAL,N
24735,J_1,A2EVIL,N
24735,J_1,A2CONSPIRACY,N
24735,J_1,A2HIDDENPOWER,N
24735,J_1,A2COLLECTIVEAGENDA,N
24735,J_1,A2CONTROLGOV,N
24735,J_1,A2CONTROLBANKS,N
24735,J_1,A2CONTROLMEDIA,N
24735,J_1,A2LOYALTY,N
24735,J_1,A2DISEASE,N
24735,J_1,A3WEALTH,N
24735,J_1,A3STINGY,N
24735,J_1,A3UNPATRIOTIC,N
24735,J_1,A3CARICATURE,N
24735,J_1,A3VIOLENCE,N
24735,J_1,A3SYNAGOGUE,N
24735,J_1,A3SWASTIKA,N
24735,J_1,A3DISCRIMINATION,N
26715,J_1,A1ESSENTIAL,N
26715,J_1,A2EVIL,N
26715,J_1,A2CONSPIRACY,N
26715,J_1,A2HIDDENPOWER,N
26715,J_1,A2COLLECTIVEAGENDA,N
26715,J_1,A2CONTROLGOV,N
26715,J_1,A2CONTROLBANKS,N
26715,J_1,A2CONTROLMEDIA,N
26715,J_1,A2LOYALTY,N
26715,J_1,A2DISEASE,N
26715,J_1,A3WEALTH,N
26715,J_1,A3STINGY,N
26715,J_1,A3UNPATRIOTIC,I
26715,J_1,A3CARICATURE,N
26715,J_1,A3VIOLENCE,N
26715,J_1,A3SYNAGOGUE,N
26715,J_1,A3SWASTIKA,N
26715,J_1,A3DISCRIMINATION,N
23664,J_1,A1ESSENTIAL,N
23664,J_1,A2EVIL,N
23664,J_1,A2CONSPIRACY,N
23664,J_1,A2HIDDENPOWER,N
23664,J_1,A2COLLECTIVEAGENDA,N
23664,J_1,A2CONTROLGOV,N
23664,J_1,A2CONTROLBANKS,N
23664,J_1,A2CONTROLMEDIA,N
23664,J_1,A2LOYALTY,N
23664,J_1,A2DISEASE,N
23664,J_1,A3WEALTH,N
23664,J_1,A3STINGY,N
23664,J_1,A3UNPATRIOTIC,N
23664,J_1,A3CARICATURE,N
23664,J_1,A3VIOLENCE,N
23664,J_1,A3SYNAGOGUE,N
23664,J_1,A3SWASTIKA,N
23664,J_1,A3DISCRIMINATION,N
29771,J_1,A1ESSENTIAL,N
29771,J_1,A2EVIL,N
29771,J_1,A2CONSPIRACY,N
29771,J_1,A2HIDDENPOWER,N
29771,J_1,A2COLLECTIVEAGENDA,N
29771,J_1,A2CONTROLGOV,N
29771,J_1,A2CONTROLBANKS,N
29771,J_1,A2CONTROLMEDIA,N
29771,J_1,A2LOYALTY,N
29771,J_1,A2DISEASE,N
29771,J_1,A3WEALTH,N
29771,J_1,A3STINGY,N
29771,J_1,A3UNPATRIOTIC,N
29771,J_1,A3CARICATURE,N
29771,J_1,A3VIOLENCE,N
29771,J_1,A3SYNAGOGUE,N
29771,J_1,A3SWASTIKA,N
29771,J_1,A3DISCRIMINATION,N
15531,J_1,A1ESSENTIAL,N
15531,J_1,A2EVIL,N
15531,J_1,A2CONSPIRACY,N
15531,J_1,A2HIDDENPOWER,N
15531,J_1,A2COLLECTIVEAGENDA,N
15531,J_1,A2CONTROLGOV,N
15531,J_1,A2CONTROLBANKS,N
15531,J_1,A2CONTROLMEDIA,N
15531,J_1,A2LOYALTY,N
15531,J_1,A2DISEASE,N
15531,J_1,A3WEALTH,N
15531,J_1,A3STINGY,N
15531,J_1,A3UNPATRIOTIC,N
15531,J_1,A3CARICATURE,N
15531,J_1,A3VIOLENCE,N
15531,J_1,A3SYNAGOGUE,N
15531,J_1,A3SWASTIKA,N
15531,J_1,A3DISCRIMINATION,N
18966,J_1,A1ESSENTIAL,I
18966,J_1,A2EVIL,N
18966,J_1,A2CONSPIRACY,N
18966,J_1,A2HIDDENPOWER,N
18966,J_1,A2COLLECTIVEAGENDA,N
18966,J_1,A2CONTROLGOV,N
18966,J_1,A2CONTROLBANKS,N
18966,J_1,A2CONTROLMEDIA,N
18966,J_1,A2LOYALTY,N
18966,J_1,A2DISEASE,N
18966,J_1,A3WEALTH,N
18966,J_1,A3STINGY,N
18966,J_1,A3UNPATRIOTIC,N
18966,J_1,A3CARICATURE,N
18966,J_1,A3VIOLENCE,N
18966,J_1,A3SYNAGOGUE,N
18966,J_1,A3SWASTIKA,N
18966,J_1,A3DISCRIMINATION,N
37934,J_1,A1ESSENTIAL,N
37934,J_1,A2EVIL,N
37934,J_1,A2CONSPIRACY,I
37934,J_1,A2HIDDENPOWER,N
37934,J_1,A2COLLECTIVEAGENDA,I
37934,J_1,A2CONTROLGOV,I
37934,J_1,A2CONTROLBANKS,N
37934,J_1,A2CONTROLMEDIA,N
37934,J_1,A2LOYALTY,N
37934,J_1,A2DISEASE,N
37934,J_1,A3WEALTH,N
37934,J_1,A3STINGY,N
37934,J_1,A3UNPATRIOTIC,N
37934,J_1,A3CARICATURE,N
37934,J_1,A3VIOLENCE,N
37934,J_1,A3SYNAGOGUE,N
37934,J_1,A3SWASTIKA,N
37934,J_1,A3DISCRIMINATION,N
6785,J_1,A1ESSENTIAL,N
6785,J_1,A2EVIL,I
6785,J_1,A2CONSPIRACY,N
6785,J_1,A2HIDDENPOWER,N
6785,J_1,A2COLLECTIVEAGENDA,N
6785,J_1,A2CONTROLGOV,N
6785,J_1,A2CONTROLBANKS,N
6785,J_1,A2CONTROLMEDIA,N
6785,J_1,A2LOYALTY,N
6785,J_1,A2DISEASE,N
6785,J_1,A3WEALTH,N
6785,J_1,A3STINGY,N
6785,J_1,A3UNPATRIOTIC,N
6785,J_1,A3CARICATURE,N
6785,J_1,A3VIOLENCE,E
6785,J_1,A3SYNAGOGUE,N
6785,J_1,A3SWASTIKA,N
6785,J_1,A3DISCRIMINATION,N
3484,J_1,A1ESSENTIAL,N
3484,J_1,A2EVIL,N
3484,J_1,A2CONSPIRACY,N
3484,J_1,A2HIDDENPOWER,N
3484,J_1,A2COLLECTIVEAGENDA,N
3484,J_1,A2CONTROLGOV,N
3484,J_1,A2CONTROLBANKS,N
3484,J_1,A2CONTROLMEDIA,N
3484,J_1,A2LOYALTY,N
3484,J_1,A2DISEASE,N
3484,J_1,A3WEALTH,N
3484,J_1,A3STINGY,N
3484,J_1,A3UNPATRIOTIC,N
3484,J_1,A3CARICATURE,N
3484,J_1,A3VIOLENCE,N
3484,J_1,A3SYNAGOGUE,N
3484,J_1,A3SWASTIKA,N
3484,J_1,A3DISCRIMINATION,N
18722,J_1,A1ESSENTIAL,N
18722,J_1,A2EVIL,N
18722,J_1,A2CONSPIRACY,N
18722,J_1,A2HIDDENPOWER,N
18722,J_1,A2COLLECTIVEAGENDA,N
18722,J_1,A2CONTROLGOV,N
18722,J_1,A2CONTROLBANKS,N
18722,J_1,A2CONTROLMEDIA,N
18722,J_1,A2LOYALTY,N
18722,J_1,A2DISEASE,N
18722,J_1,A3WEALTH,N
18722,J_1,A3STINGY,N
18722,J_1,A3UNPATRIOTIC,N
18722,J_1,A3CARICATURE,N
18722,J_1,A3VIOLENCE,N
18722,J_1,A3SYNAGOGUE,N
18722,J_1,A3SWASTIKA,N
18722,J_1,A3DISCRIMINATION,N
4704,J_1,A1ESSENTIAL,N
4704,J_1,A2EVIL,N
4704,J_1,A2CONSPIRACY,N
4704,J_1,A2HIDDENPOWER,N
4704,J_1,A2COLLECTIVEAGENDA,N
4704,J_1,A2CONTROLGOV,N
4704,J_1,A2CONTROLBANKS,N
4704,J_1,A2CONTROLMEDIA,N
4704,J_1,A2LOYALTY,N
4704,J_1,A2DISEASE,N
4704,J_1,A3WEALTH,N
4704,J_1,A3STINGY,N
4704,J_1,A3UNPATRIOTIC,N
4704,J_1,A3CARICATURE,N
4704,J_1,A3VIOLENCE,N
4704,J_1,A3SYNAGOGUE,N
4704,J_1,A3SWASTIKA,N
4704,J_1,A3DISCRIMINATION,N
15021,J_1,A1ESSENTIAL,N
15021,J_1,A2EVIL,N
15021,J_1,A2CONSPIRACY,N
15021,J_1,A2HIDDENPOWER,N
15021,J_1,A2COLLECTIVEAGENDA,N
15021,J_1,A2CONTROLGOV,N
15021,J_1,A2CONTROLBANKS,N
15021,J_1,A2CONTROLMEDIA,N
15021,J_1,A2LOYALTY,N
15021,J_1,A2DISEASE,N
15021,J_1,A3WEALTH,N
15021,J_1,A3STINGY,N
15021,J_1,A3UNPATRIOTIC,N
15021,J_1,A3CARICATURE,N
15021,J_1,A3VIOLENCE,N
15021,J_1,A3SYNAGOGUE,N
15021,J_1,A3SWASTIKA,N
15021,J_1,A3DISCRIMINATION,N
29380,J_1,A1ESSENTIAL,N
29380,J_1,A2EVIL,N
29380,J_1,A2CONSPIRACY,N
29380,J_1,A2HIDDENPOWER,N
29380,J_1,A2COLLECTIVEAGENDA,N
29380,J_1,A2CONTROLGOV,N
29380,J_1,A2CONTROLBANKS,N
29380,J_1,A2CONTROLMEDIA,N
29380,J_1,A2LOYALTY,N
29380,J_1,A2DISEASE,N
29380,J_1,A3WEALTH,N
29380,J_1,A3STINGY,N
29380,J_1,A3UNPATRIOTIC,N
29380,J_1,A3CARICATURE,N
29380,J_1,A3VIOLENCE,N
29380,J_1,A3SYNAGOGUE,N
29380,J_1,A3SWASTIKA,N
29380,J_1,A3DISCRIMINATION,N
45890,J_1,A1ESSENTIAL,A
45890,J_1,A2EVIL,I
45890,J_1,A2CONSPIRACY,A
45890,J_1,A2HIDDENPOWER,I
45890,J_1,A2COLLECTIVEAGENDA,A
45890,J_1,A2CONTROLGOV,N
45890,J_1,A2CONTROLBANKS,N
45890,J_1,A2CONTROLMEDIA,N
45890,J_1,A2LOYALTY,N
45890,J_1,A2DISEASE,N
45890,J_1,A3WEALTH,N
45890,J_1,A3STINGY,N
45890,J_1,A3UNPATRIOTIC,N
45890,J_1,A3CARICATURE,N
45890,J_1,A3VIOLENCE,N
45890,J_1,A3SYNAGOGUE,N
45890,J_1,A3SWASTIKA,N
45890,J_1,A3DISCRIMINATION,N
23264,J_1,A1ESSENTIAL,N
23264,J_1,A2EVIL,N
23264,J_1,A2CONSPIRACY,N
23264,J_1,A2HIDDENPOWER,N
23264,J_1,A2COLLECTIVEAGENDA,N
23264,J_1,A2CONTROLGOV,N
23264,J_1,A2CONTROLBANKS,N
23264,J_1,A2CONTROLMEDIA,N
23264,J_1,A2LOYALTY,N
23264,J_1,A2DISEASE,N
23264,J_1,A3WEALTH,N
23264,J_1,A3STINGY,N
23264,J_1,A3UNPATRIOTIC,N
23264,J_1,A3CARICATURE,N
23264,J_1,A3VIOLENCE,E
23264,J_1,A3SYNAGOGUE,N
23264,J_1,A3SWASTIKA,N
23264,J_1,A3DISCRIMINATION,N
7293,J_1,A1ESSENTIAL,N
7293,J_1,A2EVIL,N
7293,J_1,A2CONSPIRACY,N
7293,J_1,A2HIDDENPOWER,N
7293,J_1,A2COLLECTIVEAGENDA,N
7293,J_1,A2CONTROLGOV,N
7293,J_1,A2CONTROLBANKS,N
7293,J_1,A2CONTROLMEDIA,N
7293,J_1,A2LOYALTY,N
7293,J_1,A2DISEASE,N
7293,J_1,A3WEALTH,N
7293,J_1,A3STINGY,N
7293,J_1,A3UNPATRIOTIC,N
7293,J_1,A3CARICATURE,N
7293,J_1,A3VIOLENCE,N
7293,J_1,A3SYNAGOGUE,N
7293,J_1,A3SWASTIKA,N
7293,J_1,A3DISCRIMINATION,N
10195,J_1,A1ESSENTIAL,I
10195,J_1,A2EVIL,I
10195,J_1,A2CONSPIRACY,I
10195,J_1,A2HIDDENPOWER,N
10195,J_1,A2COLLECTIVEAGENDA,N
10195,J_1,A2CONTROLGOV,N
10195,J_1,A2CONTROLBANKS,N
10195,J_1,A2CONTROLMEDIA,N
10195,J_1,A2LOYALTY,N
10195,J_1,A2DISEASE,N
10195,J_1,A3WEALTH,N
10195,J_1,A3STINGY,N
10195,J_1,A3UNPATRIOTIC,N
10195,J_1,A3CARICATURE,N
10195,J_1,A3VIOLENCE,N
10195,J_1,A3SYNAGOGUE,N
10195,J_1,A3SWASTIKA,N
10195,J_1,A3DISCRIMINATION,N
10766,J_1,A1ESSENTIAL,N
10766,J_1,A2EVIL,N
10766,J_1,A2CONSPIRACY,N
10766,J_1,A2HIDDENPOWER,N
10766,J_1,A2COLLECTIVEAGENDA,N
10766,J_1,A2CONTROLGOV,N
10766,J_1,A2CONTROLBANKS,N
10766,J_1,A2CONTROLMEDIA,N
10766,J_1,A2LOYALTY,N
10766,J_1,A2DISEASE,N
10766,J_1,A3WEALTH,N
10766,J_1,A3STINGY,N
10766,J_1,A3UNPATRIOTIC,N
10766,J_1,A3CARICATURE,N
10766,J_1,A3VIOLENCE,N
10766,J_1,A3SYNAGOGUE,N
10766,J_1,A3SWASTIKA,N
10766,J_1,A3DISCRIMINATION,N
13917,J_1,A1ESSENTIAL,N
13917,J_1,A2EVIL,N
13917,J_1,A2CONSPIRACY,N
13917,J_1,A2HIDDENPOWER,N
13917,J_1,A2COLLECTIVEAGENDA,N
13917,J_1,A2CONTROLGOV,N
13917,J_1,A2CONTROLBANKS,N
13917,J_1,A2CONTROLMEDIA,N
13917,J_1,A2LOYALTY,N
13917,J_1,A2DISEASE,N
13917,J_1,A3WEALTH,N
13917,J_1,A3STINGY,N
13917,J_1,A3UNPATRIOTIC,N
13917,J_1,A3CARICATURE,N
13917,J_1,A3VIOLENCE,N
13917,J_1,A3SYNAGOGUE,N
13917,J_1,A3SWASTIKA,N
13917,J_1,A3DISCRIMINATION,N
45120,J_1,A1ESSENTIAL,N
45120,J_1,A2EVIL,N
45120,J_1,A2CONSPIRACY,N
45120,J_1,A2HIDDENPOWER,N
45120,J_1,A2COLLECTIVEAGENDA,N
45120,J_1,A2CONTROLGOV,N
45120,J_1,A2CONTROLBANKS,N
45120,J_1,A2CONTROLMEDIA,N
45120,J_1,A2LOYALTY,N
45120,J_1,A2DISEASE,N
45120,J_1,A3WEALTH,N
45120,J_1,A3STINGY,N
45120,J_1,A3UNPATRIOTIC,N
45120,J_1,A3CARICATURE,N
45120,J_1,A3VIOLENCE,N
45120,J_1,A3SYNAGOGUE,N
45120,J_1,A3SWASTIKA,N
45120,J_1,A3DISCRIMINATION,N
20067,J_1,A1ESSENTIAL,N
20067,J_1,A2EVIL,N
20067,J_1,A2CONSPIRACY,N
20067,J_1,A2HIDDENPOWER,N
20067,J_1,A2COLLECTIVEAGENDA,N
20067,J_1,A2CONTROLGOV,N
20067,J_1,A2CONTROLBANKS,N
20067,J_1,A2CONTROLMEDIA,N
20067,J_1,A2LOYALTY,N
20067,J_1,A2DISEASE,N
20067,J_1,A3WEALTH,N
20067,J_1,A3STINGY,N
20067,J_1,A3UNPATRIOTIC,N
20067,J_1,A3CARICATURE,N
20067,J_1,A3VIOLENCE,N
20067,J_1,A3SYNAGOGUE,N
20067,J_1,A3SWASTIKA,N
20067,J_1,A3DISCRIMINATION,N
30516,J_1,A1ESSENTIAL,N
30516,J_1,A2EVIL,N
30516,J_1,A2CONSPIRACY,N
30516,J_1,A2HIDDENPOWER,N
30516,J_1,A2COLLECTIVEAGENDA,N
30516,J_1,A2CONTROLGOV,N
30516,J_1,A2CONTROLBANKS,N
30516,J_1,A2CONTROLMEDIA,N
30516,J_1,A2LOYALTY,N
30516,J_1,A2DISEASE,N
30516,J_1,A3WEALTH,N
30516,J_1,A3STINGY,N
30516,J_1,A3UNPATRIOTIC,N
30516,J_1,A3CARICATURE,N
30516,J_1,A3VIOLENCE,N
30516,J_1,A3SYNAGOGUE,N
30516,J_1,A3SWASTIKA,N
30516,J_1,A3DISCRIMINATION,N
35813,J_1,A1ESSENTIAL,N
35813,J_1,A2EVIL,N
35813,J_1,A2CONSPIRACY,N
35813,J_1,A2HIDDENPOWER,N
35813,J_1,A2COLLECTIVEAGENDA,N
35813,J_1,A2CONTROLGOV,N
35813,J_1,A2CONTROLBANKS,N
35813,J_1,A2CONTROLMEDIA,N
35813,J_1,A2LOYALTY,N
35813,J_1,A2DISEASE,N
35813,J_1,A3WEALTH,N
35813,J_1,A3STINGY,N
35813,J_1,A3UNPATRIOTIC,N
35813,J_1,A3CARICATURE,N
35813,J_1,A3VIOLENCE,N
35813,J_1,A3SYNAGOGUE,N
35813,J_1,A3SWASTIKA,N
35813,J_1,A3DISCRIMINATION,N
32448,J_1,A1ESSENTIAL,N
32448,J_1,A2EVIL,N
32448,J_1,A2CONSPIRACY,N
32448,J_1,A2HIDDENPOWER,N
32448,J_1,A2COLLECTIVEAGENDA,N
32448,J_1,A2CONTROLGOV,N
32448,J_1,A2CONTROLBANKS,N
32448,J_1,A2CONTROLMEDIA,N
32448,J_1,A2LOYALTY,N
32448,J_1,A2DISEASE,N
32448,J_1,A3WEALTH,N
32448,J_1,A3STINGY,N
32448,J_1,A3UNPATRIOTIC,N
32448,J_1,A3CARICATURE,N
32448,J_1,A3VIOLENCE,N
32448,J_1,A3SYNAGOGUE,N
32448,J_1,A3SWASTIKA,N
32448,J_1,A3DISCRIMINATION,N
45230,J_1,A1ESSENTIAL,N
45230,J_1,A2EVIL,N
45230,J_1,A2CONSPIRACY,N
45230,J_1,A2HIDDENPOWER,N
45230,J_1,A2COLLECTIVEAGENDA,N
45230,J_1,A2CONTROLGOV,N
45230,J_1,A2CONTROLBANKS,N
45230,J_1,A2CONTROLMEDIA,N
45230,J_1,A2LOYALTY,N
45230,J_1,A2DISEASE,N
45230,J_1,A3WEALTH,N
45230,J_1,A3STINGY,N
45230,J_1,A3UNPATRIOTIC,N
45230,J_1,A3CARICATURE,N
45230,J_1,A3VIOLENCE,N
45230,J_1,A3SYNAGOGUE,N
45230,J_1,A3SWASTIKA,N
45230,J_1,A3DISCRIMINATION,N
48585,J_1,A1ESSENTIAL,E
48585,J_1,A2EVIL,E
48585,J_1,A2CONSPIRACY,N
48585,J_1,A2HIDDENPOWER,N
48585,J_1,A2COLLECTIVEAGENDA,N
48585,J_1,A2CONTROLGOV,N
48585,J_1,A2CONTROLBANKS,N
48585,J_1,A2CONTROLMEDIA,N
48585,J_1,A2LOYALTY,N
48585,J_1,A2DISEASE,N
48585,J_1,A3WEALTH,N
48585,J_1,A3STINGY,N
48585,J_1,A3UNPATRIOTIC,N
48585,J_1,A3CARICATURE,N
48585,J_1,A3VIOLENCE,N
48585,J_1,A3SYNAGOGUE,N
48585,J_1,A3SWASTIKA,N
48585,J_1,A3DISCRIMINATION,N
13562,J_1,A1ESSENTIAL,N
13562,J_1,A2EVIL,N
13562,J_1,A2CONSPIRACY,N
13562,J_1,A2HIDDENPOWER,N
13562,J_1,A2COLLECTIVEAGENDA,N
13562,J_1,A2CONTROLGOV,N
13562,J_1,A2CONTROLBANKS,N
13562,J_1,A2CONTROLMEDIA,N
13562,J_1,A2LOYALTY,N
13562,J_1,A2DISEASE,N
13562,J_1,A3WEALTH,N
13562,J_1,A3STINGY,N
13562,J_1,A3UNPATRIOTIC,N
13562,J_1,A3CARICATURE,N
13562,J_1,A3VIOLENCE,N
13562,J_1,A3SYNAGOGUE,N
13562,J_1,A3SWASTIKA,N
13562,J_1,A3DISCRIMINATION,N
21053,J_1,A1ESSENTIAL,N
21053,J_1,A2EVIL,N
21053,J_1,A2CONSPIRACY,N
21053,J_1,A2HIDDENPOWER,N
21053,J_1,A2COLLECTIVEAGENDA,N
21053,J_1,A2CONTROLGOV,N
21053,J_1,A2CONTROLBANKS,N
21053,J_1,A2CONTROLMEDIA,N
21053,J_1,A2LOYALTY,N
21053,J_1,A2DISEASE,N
21053,J_1,A3WEALTH,N
21053,J_1,A3STINGY,N
21053,J_1,A3UNPATRIOTIC,I
21053,J_1,A3CARICATURE,N
21053,J_1,A3VIOLENCE,N
21053,J_1,A3SYNAGOGUE,N
21053,J_1,A3SWASTIKA,N
21053,J_1,A3DISCRIMINATION,N
44367,J_1,A1ESSENTIAL,N
44367,J_1,A2EVIL,N
44367,J_1,A2CONSPIRACY,N
44367,J_1,A2HIDDENPOWER,N
44367,J_1,A2COLLECTIVEAGENDA,N
44367,J_1,A2CONTROLGOV,N
44367,J_1,A2CONTROLBANKS,N
44367,J_1,A2CONTROLMEDIA,N
44367,J_1,A2LOYALTY,N
44367,J_1,A2DISEASE,N
44367,J_1,A3WEALTH,N
44367,J_1,A3STINGY,N
44367,J_1,A3UNPATRIOTIC,N
44367,J_1,A3CARICATURE,N
44367,J_1,A3VIOLENCE,N
44367,J_1,A3SYNAGOGUE,N
44367,J_1,A3SWASTIKA,N
44367,J_1,A3DISCRIMINATION,N
2714,J_1,A1ESSENTIAL,N
2714,J_1,A2EVIL,N
2714,J_1,A2CONSPIRACY,N
2714,J_1,A2HIDDENPOWER,N
2714,J_1,A2COLLECTIVEAGENDA,N
2714,J_1,A2CONTROLGOV,N
2714,J_1,A2CONTROLBANKS,N
2714,J_1,A2CONTROLMEDIA,N
2714,J_1,A2LOYALTY,N
2714,J_1,A2DISEASE,N
2714,J_1,A3WEALTH,N
2714,J_1,A3STINGY,N
2714,J_1,A3UNPATRIOTIC,N
2714,J_1,A3CARICATURE,N
2714,J_1,A3VIOLENCE,N
2714,J_1,A3SYNAGOGUE,N
2714,J_1,A3SWASTIKA,N
2714,J_1,A3DISCRIMINATION,N
43431,J_1,A1ESSENTIAL,A
43431,J_1,A2EVIL,A
43431,J_1,A2CONSPIRACY,I
43431,J_1,A2HIDDENPOWER,I
43431,J_1,A2COLLECTIVEAGENDA,I
43431,J_1,A2CONTROLGOV,I
43431,J_1,A2CONTROLBANKS,N
43431,J_1,A2CONTROLMEDIA,N
43431,J_1,A2LOYALTY,A
43431,J_1,A2DISEASE,N
43431,J_1,A3WEALTH,N
43431,J_1,A3STINGY,N
43431,J_1,A3UNPATRIOTIC,N
43431,J_1,A3CARICATURE,N
43431,J_1,A3VIOLENCE,N
43431,J_1,A3SYNAGOGUE,N
43431,J_1,A3SWASTIKA,N
43431,J_1,A3DISCRIMINATION,N
15114,J_1,A1ESSENTIAL,N
15114,J_1,A2EVIL,N
15114,J_1,A2CONSPIRACY,N
15114,J_1,A2HIDDENPOWER,N
15114,J_1,A2COLLECTIVEAGENDA,N
15114,J_1,A2CONTROLGOV,N
15114,J_1,A2CONTROLBANKS,N
15114,J_1,A2CONTROLMEDIA,N
15114,J_1,A2LOYALTY,N
15114,J_1,A2DISEASE,N
15114,J_1,A3WEALTH,N
15114,J_1,A3STINGY,N
15114,J_1,A3UNPATRIOTIC,N
15114,J_1,A3CARICATURE,N
15114,J_1,A3VIOLENCE,N
15114,J_1,A3SYNAGOGUE,N
15114,J_1,A3SWASTIKA,N
15114,J_1,A3DISCRIMINATION,N
29681,J_1,A1ESSENTIAL,N
29681,J_1,A2EVIL,N
29681,J_1,A2CONSPIRACY,N
29681,J_1,A2HIDDENPOWER,N
29681,J_1,A2COLLECTIVEAGENDA,N
29681,J_1,A2CONTROLGOV,N
29681,J_1,A2CONTROLBANKS,N
29681,J_1,A2CONTROLMEDIA,N
29681,J_1,A2LOYALTY,N
29681,J_1,A2DISEASE,N
29681,J_1,A3WEALTH,N
29681,J_1,A3STINGY,N
29681,J_1,A3UNPATRIOTIC,N
29681,J_1,A3CARICATURE,N
29681,J_1,A3VIOLENCE,N
29681,J_1,A3SYNAGOGUE,N
29681,J_1,A3SWASTIKA,N
29681,J_1,A3DISCRIMINATION,N
44862,J_1,A1ESSENTIAL,N
44862,J_1,A2EVIL,N
44862,J_1,A2CONSPIRACY,N
44862,J_1,A2HIDDENPOWER,N
44862,J_1,A2COLLECTIVEAGENDA,N
44862,J_1,A2CONTROLGOV,N
44862,J_1,A2CONTROLBANKS,N
44862,J_1,A2CONTROLMEDIA,N
44862,J_1,A2LOYALTY,N
44862,J_1,A2DISEASE,N
44862,J_1,A3WEALTH,N
44862,J_1,A3STINGY,N
44862,J_1,A3UNPATRIOTIC,N
44862,J_1,A3CARICATURE,N
44862,J_1,A3VIOLENCE,N
44862,J_1,A3SYNAGOGUE,N
44862,J_1,A3SWASTIKA,N
44862,J_1,A3DISCRIMINATION,N
45067,J_1,A1ESSENTIAL,N
45067,J_1,A2EVIL,N
45067,J_1,A2CONSPIRACY,N
45067,J_1,A2HIDDENPOWER,N
45067,J_1,A2COLLECTIVEAGENDA,N
45067,J_1,A2CONTROLGOV,N
45067,J_1,A2CONTROLBANKS,N
45067,J_1,A2CONTROLMEDIA,N
45067,J_1,A2LOYALTY,N
45067,J_1,A2DISEASE,N
45067,J_1,A3WEALTH,N
45067,J_1,A3STINGY,N
45067,J_1,A3UNPATRIOTIC,N
45067,J_1,A3CARICATURE,N
45067,J_1,A3VIOLENCE,N
45067,J_1,A3SYNAGOGUE,N
45067,J_1,A3SWASTIKA,N
45067,J_1,A3DISCRIMINATION,N
10660,J_1,A1ESSENTIAL,E
10660,J_1,A2EVIL,N
10660,J_1,A2CONSPIRACY,N
10660,J_1,A2HIDDENPOWER,N
10660,J_1,A2COLLECTIVEAGENDA,N
10660,J_1,A2CONTROLGOV,N
10660,J_1,A2CONTROLBANKS,N
10660,J_1,A2CONTROLMEDIA,N
10660,J_1,A2LOYALTY,N
10660,J_1,A2DISEASE,N
10660,J_1,A3WEALTH,N
10660,J_1,A3STINGY,N
10660,J_1,A3UNPATRIOTIC,N
10660,J_1,A3CARICATURE,N
10660,J_1,A3VIOLENCE,N
10660,J_1,A3SYNAGOGUE,N
10660,J_1,A3SWASTIKA,N
10660,J_1,A3DISCRIMINATION,N
17946,J_1,A1ESSENTIAL,E
17946,J_1,A2EVIL,I
17946,J_1,A2CONSPIRACY,N
17946,J_1,A2HIDDENPOWER,N
17946,J_1,A2COLLECTIVEAGENDA,N
17946,J_1,A2CONTROLGOV,N
17946,J_1,A2CONTROLBANKS,N
17946,J_1,A2CONTROLMEDIA,N
17946,J_1,A2LOYALTY,N
17946,J_1,A2DISEASE,N
17946,J_1,A3WEALTH,N
17946,J_1,A3STINGY,N
17946,J_1,A3UNPATRIOTIC,N
17946,J_1,A3CARICATURE,N
17946,J_1,A3VIOLENCE,N
17946,J_1,A3SYNAGOGUE,N
17946,J_1,A3SWASTIKA,N
17946,J_1,A3DISCRIMINATION,N
32379,J_1,A1ESSENTIAL,N
32379,J_1,A2EVIL,N
32379,J_1,A2CONSPIRACY,N
32379,J_1,A2HIDDENPOWER,N
32379,J_1,A2COLLECTIVEAGENDA,N
32379,J_1,A2CONTROLGOV,N
32379,J_1,A2CONTROLBANKS,N
32379,J_1,A2CONTROLMEDIA,N
32379,J_1,A2LOYALTY,N
32379,J_1,A2DISEASE,N
32379,J_1,A3WEALTH,N
32379,J_1,A3STINGY,N
32379,J_1,A3UNPATRIOTIC,N
32379,J_1,A3CARICATURE,N
32379,J_1,A3VIOLENCE,N
32379,J_1,A3SYNAGOGUE,N
32379,J_1,A3SWASTIKA,N
32379,J_1,A3DISCRIMINATION,N
47419,J_1,A1ESSENTIAL,N
47419,J_1,A2EVIL,N
47419,J_1,A2CONSPIRACY,N
47419,J_1,A2HIDDENPOWER,N
47419,J_1,A2COLLECTIVEAGENDA,N
47419,J_1,A2CONTROLGOV,N
47419,J_1,A2CONTROLBANKS,N
47419,J_1,A2CONTROLMEDIA,N
47419,J_1,A2LOYALTY,N
47419,J_1,A2DISEASE,N
47419,J_1,A3WEALTH,N
47419,J_1,A3STINGY,N
47419,J_1,A3UNPATRIOTIC,N
47419,J_1,A3CARICATURE,N
47419,J_1,A3VIOLENCE,N
47419,J_1,A3SYNAGOGUE,N
47419,J_1,A3SWASTIKA,N
47419,J_1,A3DISCRIMINATION,N
981,J_1,A1ESSENTIAL,N
981,J_1,A2EVIL,N
981,J_1,A2CONSPIRACY,N
981,J_1,A2HIDDENPOWER,N
981,J_1,A2COLLECTIVEAGENDA,N
981,J_1,A2CONTROLGOV,N
981,J_1,A2CONTROLBANKS,N
981,J_1,A2CONTROLMEDIA,N
981,J_1,A2LOYALTY,N
981,J_1,A2DISEASE,N
981,J_1,A3WEALTH,N
981,J_1,A3STINGY,N
981,J_1,A3UNPATRIOTIC,N
981,J_1,A3CARICATURE,N
981,J_1,A3VIOLENCE,N
981,J_1,A3SYNAGOGUE,N
981,J_1,A3SWASTIKA,N
981,J_1,A3DISCRIMINATION,N
37301,J_1,A1ESSENTIAL,N
37301,J_1,A2EVIL,N
37301,J_1,A2CONSPIRACY,N
37301,J_1,A2HIDDENPOWER,N
37301,J_1,A2COLLECTIVEAGENDA,N
37301,J_1,A2CONTROLGOV,N
37301,J_1,A2CONTROLBANKS,N
37301,J_1,A2CONTROLMEDIA,N
37301,J_1,A2LOYALTY,N
37301,J_1,A2DISEASE,N
37301,J_1,A3WEALTH,N
37301,J_1,A3STINGY,N
37301,J_1,A3UNPATRIOTIC,N
37301,J_1,A3CARICATURE,N
37301,J_1,A3VIOLENCE,N
37301,J_1,A3SYNAGOGUE,N
37301,J_1,A3SWASTIKA,N
37301,J_1,A3DISCRIMINATION,N
47297,J_1,A1ESSENTIAL,I
47297,J_1,A2EVIL,N
47297,J_1,A2CONSPIRACY,N
47297,J_1,A2HIDDENPOWER,N
47297,J_1,A2COLLECTIVEAGENDA,I
47297,J_1,A2CONTROLGOV,E
47297,J_1,A2CONTROLBANKS,N
47297,J_1,A2CONTROLMEDIA,N
47297,J_1,A2LOYALTY,N
47297,J_1,A2DISEASE,N
47297,J_1,A3WEALTH,N
47297,J_1,A3STINGY,N
47297,J_1,A3UNPATRIOTIC,N
47297,J_1,A3CARICATURE,N
47297,J_1,A3VIOLENCE,N
47297,J_1,A3SYNAGOGUE,N
47297,J_1,A3SWASTIKA,N
47297,J_1,A3DISCRIMINATION,N
3263,J_1,A1ESSENTIAL,N
3263,J_1,A2EVIL,N
3263,J_1,A2CONSPIRACY,N
3263,J_1,A2HIDDENPOWER,N
3263,J_1,A2COLLECTIVEAGENDA,N
3263,J_1,A2CONTROLGOV,N
3263,J_1,A2CONTROLBANKS,N
3263,J_1,A2CONTROLMEDIA,N
3263,J_1,A2LOYALTY,N
3263,J_1,A2DISEASE,N
3263,J_1,A3WEALTH,N
3263,J_1,A3STINGY,N
3263,J_1,A3UNPATRIOTIC,N
3263,J_1,A3CARICATURE,N
3263,J_1,A3VIOLENCE,N
3263,J_1,A3SYNAGOGUE,N
3263,J_1,A3SWASTIKA,N
3263,J_1,A3DISCRIMINATION,N
5841,J_1,A1ESSENTIAL,N
5841,J_1,A2EVIL,N
5841,J_1,A2CONSPIRACY,N
5841,J_1,A2HIDDENPOWER,N
5841,J_1,A2COLLECTIVEAGENDA,N
5841,J_1,A2CONTROLGOV,N
5841,J_1,A2CONTROLBANKS,N
5841,J_1,A2CONTROLMEDIA,N
5841,J_1,A2LOYALTY,N
5841,J_1,A2DISEASE,N
5841,J_1,A3WEALTH,N
5841,J_1,A3STINGY,N
5841,J_1,A3UNPATRIOTIC,N
5841,J_1,A3CARICATURE,N
5841,J_1,A3VIOLENCE,N
5841,J_1,A3SYNAGOGUE,N
5841,J_1,A3SWASTIKA,N
5841,J_1,A3DISCRIMINATION,N
46063,J_1,A1ESSENTIAL,N
46063,J_1,A2EVIL,I
46063,J_1,A2CONSPIRACY,N
46063,J_1,A2HIDDENPOWER,I
46063,J_1,A2COLLECTIVEAGENDA,N
46063,J_1,A2CONTROLGOV,N
46063,J_1,A2CONTROLBANKS,N
46063,J_1,A2CONTROLMEDIA,N
46063,J_1,A2LOYALTY,N
46063,J_1,A2DISEASE,N
46063,J_1,A3WEALTH,N
46063,J_1,A3STINGY,N
46063,J_1,A3UNPATRIOTIC,N
46063,J_1,A3CARICATURE,N
46063,J_1,A3VIOLENCE,E
46063,J_1,A3SYNAGOGUE,N
46063,J_1,A3SWASTIKA,N
46063,J_1,A3DISCRIMINATION,N
31095,J_1,A1ESSENTIAL,N
31095,J_1,A2EVIL,N
31095,J_1,A2CONSPIRACY,N
31095,J_1,A2HIDDENPOWER,N
31095,J_1,A2COLLECTIVEAGENDA,N
31095,J_1,A2CONTROLGOV,N
31095,J_1,A2CONTROLBANKS,N
31095,J_1,A2CONTROLMEDIA,N
31095,J_1,A2LOYALTY,N
31095,J_1,A2DISEASE,N
31095,J_1,A3WEALTH,N
31095,J_1,A3STINGY,N
31095,J_1,A3UNPATRIOTIC,N
31095,J_1,A3CARICATURE,N
31095,J_1,A3VIOLENCE,N
31095,J_1,A3SYNAGOGUE,N
31095,J_1,A3SWASTIKA,N
31095,J_1,A3DISCRIMINATION,N
12357,J_1,A1ESSENTIAL,N
12357,J_1,A2EVIL,N
12357,J_1,A2CONSPIRACY,N
12357,J_1,A2HIDDENPOWER,N
12357,J_1,A2COLLECTIVEAGENDA,N
12357,J_1,A2CONTROLGOV,N
12357,J_1,A2CONTROLBANKS,N
12357,J_1,A2CONTROLMEDIA,N
12357,J_1,A2LOYALTY,N
12357,J_1,A2DISEASE,N
12357,J_1,A3WEALTH,N
12357,J_1,A3STINGY,N
12357,J_1,A3UNPATRIOTIC,N
12357,J_1,A3CARICATURE,N
12357,J_1,A3VIOLENCE,N
12357,J_1,A3SYNAGOGUE,N
12357,J_1,A3SWASTIKA,N
12357,J_1,A3DISCRIMINATION,N
36407,J_1,A1ESSENTIAL,N
36407,J_1,A2EVIL,N
36407,J_1,A2CONSPIRACY,N
36407,J_1,A2HIDDENPOWER,N
36407,J_1,A2COLLECTIVEAGENDA,N
36407,J_1,A2CONTROLGOV,N
36407,J_1,A2CONTROLBANKS,N
36407,J_1,A2CONTROLMEDIA,N
36407,J_1,A2LOYALTY,N
36407,J_1,A2DISEASE,N
36407,J_1,A3WEALTH,N
36407,J_1,A3STINGY,N
36407,J_1,A3UNPATRIOTIC,N
36407,J_1,A3CARICATURE,N
36407,J_1,A3VIOLENCE,N
36407,J_1,A3SYNAGOGUE,N
36407,J_1,A3SWASTIKA,N
36407,J_1,A3DISCRIMINATION,N
1086,J_1,A1ESSENTIAL,N
1086,J_1,A2EVIL,N
1086,J_1,A2CONSPIRACY,N
1086,J_1,A2HIDDENPOWER,N
1086,J_1,A2COLLECTIVEAGENDA,N
1086,J_1,A2CONTROLGOV,N
1086,J_1,A2CONTROLBANKS,N
1086,J_1,A2CONTROLMEDIA,N
1086,J_1,A2LOYALTY,N
1086,J_1,A2DISEASE,N
1086,J_1,A3WEALTH,N
1086,J_1,A3STINGY,N
1086,J_1,A3UNPATRIOTIC,N
1086,J_1,A3CARICATURE,N
1086,J_1,A3VIOLENCE,N
1086,J_1,A3SYNAGOGUE,N
1086,J_1,A3SWASTIKA,N
1086,J_1,A3DISCRIMINATION,N
17677,J_1,A1ESSENTIAL,N
17677,J_1,A2EVIL,N
17677,J_1,A2CONSPIRACY,N
17677,J_1,A2HIDDENPOWER,N
17677,J_1,A2COLLECTIVEAGENDA,N
17677,J_1,A2CONTROLGOV,N
17677,J_1,A2CONTROLBANKS,N
17677,J_1,A2CONTROLMEDIA,N
17677,J_1,A2LOYALTY,N
17677,J_1,A2DISEASE,N
17677,J_1,A3WEALTH,N
17677,J_1,A3STINGY,N
17677,J_1,A3UNPATRIOTIC,N
17677,J_1,A3CARICATURE,N
17677,J_1,A3VIOLENCE,N
17677,J_1,A3SYNAGOGUE,N
17677,J_1,A3SWASTIKA,N
17677,J_1,A3DISCRIMINATION,N
37781,J_1,A1ESSENTIAL,N
37781,J_1,A2EVIL,N
37781,J_1,A2CONSPIRACY,N
37781,J_1,A2HIDDENPOWER,N
37781,J_1,A2COLLECTIVEAGENDA,N
37781,J_1,A2CONTROLGOV,N
37781,J_1,A2CONTROLBANKS,N
37781,J_1,A2CONTROLMEDIA,N
37781,J_1,A2LOYALTY,N
37781,J_1,A2DISEASE,N
37781,J_1,A3WEALTH,N
37781,J_1,A3STINGY,N
37781,J_1,A3UNPATRIOTIC,N
37781,J_1,A3CARICATURE,N
37781,J_1,A3VIOLENCE,N
37781,J_1,A3SYNAGOGUE,N
37781,J_1,A3SWASTIKA,N
37781,J_1,A3DISCRIMINATION,N
41999,J_1,A1ESSENTIAL,N
41999,J_1,A2EVIL,I
41999,J_1,A2CONSPIRACY,I
41999,J_1,A2HIDDENPOWER,I
41999,J_1,A2COLLECTIVEAGENDA,I
41999,J_1,A2CONTROLGOV,I
41999,J_1,A2CONTROLBANKS,N
41999,J_1,A2CONTROLMEDIA,N
41999,J_1,A2LOYALTY,I
41999,J_1,A2DISEASE,N
41999,J_1,A3WEALTH,N
41999,J_1,A3STINGY,N
41999,J_1,A3UNPATRIOTIC,N
41999,J_1,A3CARICATURE,N
41999,J_1,A3VIOLENCE,N
41999,J_1,A3SYNAGOGUE,N
41999,J_1,A3SWASTIKA,N
41999,J_1,A3DISCRIMINATION,N
40520,J_1,A1ESSENTIAL,N
40520,J_1,A2EVIL,N
40520,J_1,A2CONSPIRACY,N
40520,J_1,A2HIDDENPOWER,N
40520,J_1,A2COLLECTIVEAGENDA,N
40520,J_1,A2CONTROLGOV,N
40520,J_1,A2CONTROLBANKS,N
40520,J_1,A2CONTROLMEDIA,N
40520,J_1,A2LOYALTY,N
40520,J_1,A2DISEASE,N
40520,J_1,A3WEALTH,N
40520,J_1,A3STINGY,N
40520,J_1,A3UNPATRIOTIC,N
40520,J_1,A3CARICATURE,N
40520,J_1,A3VIOLENCE,N
40520,J_1,A3SYNAGOGUE,N
40520,J_1,A3SWASTIKA,N
40520,J_1,A3DISCRIMINATION,N
37821,J_1,A1ESSENTIAL,I
37821,J_1,A2EVIL,I
37821,J_1,A2CONSPIRACY,N
37821,J_1,A2HIDDENPOWER,N
37821,J_1,A2COLLECTIVEAGENDA,N
37821,J_1,A2CONTROLGOV,N
37821,J_1,A2CONTROLBANKS,N
37821,J_1,A2CONTROLMEDIA,I
37821,J_1,A2LOYALTY,N
37821,J_1,A2DISEASE,N
37821,J_1,A3WEALTH,N
37821,J_1,A3STINGY,N
37821,J_1,A3UNPATRIOTIC,N
37821,J_1,A3CARICATURE,N
37821,J_1,A3VIOLENCE,N
37821,J_1,A3SYNAGOGUE,N
37821,J_1,A3SWASTIKA,N
37821,J_1,A3DISCRIMINATION,N
17184,J_1,A1ESSENTIAL,N
17184,J_1,A2EVIL,N
17184,J_1,A2CONSPIRACY,N
17184,J_1,A2HIDDENPOWER,N
17184,J_1,A2COLLECTIVEAGENDA,N
17184,J_1,A2CONTROLGOV,N
17184,J_1,A2CONTROLBANKS,N
17184,J_1,A2CONTROLMEDIA,N
17184,J_1,A2LOYALTY,N
17184,J_1,A2DISEASE,N
17184,J_1,A3WEALTH,N
17184,J_1,A3STINGY,N
17184,J_1,A3UNPATRIOTIC,N
17184,J_1,A3CARICATURE,N
17184,J_1,A3VIOLENCE,N
17184,J_1,A3SYNAGOGUE,N
17184,J_1,A3SWASTIKA,N
17184,J_1,A3DISCRIMINATION,N
46621,J_1,A1ESSENTIAL,N
46621,J_1,A2EVIL,N
46621,J_1,A2CONSPIRACY,N
46621,J_1,A2HIDDENPOWER,N
46621,J_1,A2COLLECTIVEAGENDA,N
46621,J_1,A2CONTROLGOV,N
46621,J_1,A2CONTROLBANKS,N
46621,J_1,A2CONTROLMEDIA,N
46621,J_1,A2LOYALTY,N
46621,J_1,A2DISEASE,N
46621,J_1,A3WEALTH,N
46621,J_1,A3STINGY,N
46621,J_1,A3UNPATRIOTIC,N
46621,J_1,A3CARICATURE,N
46621,J_1,A3VIOLENCE,N
46621,J_1,A3SYNAGOGUE,N
46621,J_1,A3SWASTIKA,N
46621,J_1,A3DISCRIMINATION,N
20379,J_1,A1ESSENTIAL,N
20379,J_1,A2EVIL,N
20379,J_1,A2CONSPIRACY,N
20379,J_1,A2HIDDENPOWER,N
20379,J_1,A2COLLECTIVEAGENDA,N
20379,J_1,A2CONTROLGOV,N
20379,J_1,A2CONTROLBANKS,N
20379,J_1,A2CONTROLMEDIA,N
20379,J_1,A2LOYALTY,N
20379,J_1,A2DISEASE,N
20379,J_1,A3WEALTH,N
20379,J_1,A3STINGY,N
20379,J_1,A3UNPATRIOTIC,N
20379,J_1,A3CARICATURE,N
20379,J_1,A3VIOLENCE,N
20379,J_1,A3SYNAGOGUE,N
20379,J_1,A3SWASTIKA,N
20379,J_1,A3DISCRIMINATION,N
22141,J_1,A1ESSENTIAL,N
22141,J_1,A2EVIL,N
22141,J_1,A2CONSPIRACY,N
22141,J_1,A2HIDDENPOWER,N
22141,J_1,A2COLLECTIVEAGENDA,N
22141,J_1,A2CONTROLGOV,N
22141,J_1,A2CONTROLBANKS,N
22141,J_1,A2CONTROLMEDIA,N
22141,J_1,A2LOYALTY,N
22141,J_1,A2DISEASE,N
22141,J_1,A3WEALTH,N
22141,J_1,A3STINGY,N
22141,J_1,A3UNPATRIOTIC,N
22141,J_1,A3CARICATURE,N
22141,J_1,A3VIOLENCE,N
22141,J_1,A3SYNAGOGUE,N
22141,J_1,A3SWASTIKA,N
22141,J_1,A3DISCRIMINATION,N
46738,J_1,A1ESSENTIAL,E
46738,J_1,A2EVIL,N
46738,J_1,A2CONSPIRACY,N
46738,J_1,A2HIDDENPOWER,N
46738,J_1,A2COLLECTIVEAGENDA,N
46738,J_1,A2CONTROLGOV,N
46738,J_1,A2CONTROLBANKS,N
46738,J_1,A2CONTROLMEDIA,N
46738,J_1,A2LOYALTY,N
46738,J_1,A2DISEASE,N
46738,J_1,A3WEALTH,N
46738,J_1,A3STINGY,N
46738,J_1,A3UNPATRIOTIC,N
46738,J_1,A3CARICATURE,N
46738,J_1,A3VIOLENCE,N
46738,J_1,A3SYNAGOGUE,N
46738,J_1,A3SWASTIKA,N
46738,J_1,A3DISCRIMINATION,N
13639,J_1,A1ESSENTIAL,N
13639,J_1,A2EVIL,N
13639,J_1,A2CONSPIRACY,N
13639,J_1,A2HIDDENPOWER,N
13639,J_1,A2COLLECTIVEAGENDA,N
13639,J_1,A2CONTROLGOV,N
13639,J_1,A2CONTROLBANKS,N
13639,J_1,A2CONTROLMEDIA,N
13639,J_1,A2LOYALTY,N
13639,J_1,A2DISEASE,N
13639,J_1,A3WEALTH,N
13639,J_1,A3STINGY,N
13639,J_1,A3UNPATRIOTIC,N
13639,J_1,A3CARICATURE,N
13639,J_1,A3VIOLENCE,I
13639,J_1,A3SYNAGOGUE,N
13639,J_1,A3SWASTIKA,N
13639,J_1,A3DISCRIMINATION,E
31274,J_1,A1ESSENTIAL,N
31274,J_1,A2EVIL,N
31274,J_1,A2CONSPIRACY,N
31274,J_1,A2HIDDENPOWER,N
31274,J_1,A2COLLECTIVEAGENDA,N
31274,J_1,A2CONTROLGOV,N
31274,J_1,A2CONTROLBANKS,N
31274,J_1,A2CONTROLMEDIA,N
31274,J_1,A2LOYALTY,N
31274,J_1,A2DISEASE,N
31274,J_1,A3WEALTH,N
31274,J_1,A3STINGY,N
31274,J_1,A3UNPATRIOTIC,N
31274,J_1,A3CARICATURE,N
31274,J_1,A3VIOLENCE,N
31274,J_1,A3SYNAGOGUE,N
31274,J_1,A3SWASTIKA,N
31274,J_1,A3DISCRIMINATION,N
36818,J_1,A1ESSENTIAL,N
36818,J_1,A2EVIL,N
36818,J_1,A2CONSPIRACY,N
36818,J_1,A2HIDDENPOWER,N
36818,J_1,A2COLLECTIVEAGENDA,N
36818,J_1,A2CONTROLGOV,N
36818,J_1,A2CONTROLBANKS,N
36818,J_1,A2CONTROLMEDIA,N
36818,J_1,A2LOYALTY,N
36818,J_1,A2DISEASE,N
36818,J_1,A3WEALTH,N
36818,J_1,A3STINGY,N
36818,J_1,A3UNPATRIOTIC,N
36818,J_1,A3CARICATURE,N
36818,J_1,A3VIOLENCE,N
36818,J_1,A3SYNAGOGUE,N
36818,J_1,A3SWASTIKA,N
36818,J_1,A3DISCRIMINATION,N
25438,J_1,A1ESSENTIAL,N
25438,J_1,A2EVIL,N
25438,J_1,A2CONSPIRACY,N
25438,J_1,A2HIDDENPOWER,N
25438,J_1,A2COLLECTIVEAGENDA,N
25438,J_1,A2CONTROLGOV,N
25438,J_1,A2CONTROLBANKS,N
25438,J_1,A2CONTROLMEDIA,N
25438,J_1,A2LOYALTY,N
25438,J_1,A2DISEASE,N
25438,J_1,A3WEALTH,N
25438,J_1,A3STINGY,N
25438,J_1,A3UNPATRIOTIC,N
25438,J_1,A3CARICATURE,N
25438,J_1,A3VIOLENCE,N
25438,J_1,A3SYNAGOGUE,N
25438,J_1,A3SWASTIKA,N
25438,J_1,A3DISCRIMINATION,N
7311,J_1,A1ESSENTIAL,N
7311,J_1,A2EVIL,N
7311,J_1,A2CONSPIRACY,N
7311,J_1,A2HIDDENPOWER,N
7311,J_1,A2COLLECTIVEAGENDA,N
7311,J_1,A2CONTROLGOV,N
7311,J_1,A2CONTROLBANKS,N
7311,J_1,A2CONTROLMEDIA,N
7311,J_1,A2LOYALTY,N
7311,J_1,A2DISEASE,N
7311,J_1,A3WEALTH,N
7311,J_1,A3STINGY,N
7311,J_1,A3UNPATRIOTIC,N
7311,J_1,A3CARICATURE,N
7311,J_1,A3VIOLENCE,N
7311,J_1,A3SYNAGOGUE,N
7311,J_1,A3SWASTIKA,N
7311,J_1,A3DISCRIMINATION,N
47366,J_1,A1ESSENTIAL,N
47366,J_1,A2EVIL,E
47366,J_1,A2CONSPIRACY,E
47366,J_1,A2HIDDENPOWER,E
47366,J_1,A2COLLECTIVEAGENDA,N
47366,J_1,A2CONTROLGOV,I
47366,J_1,A2CONTROLBANKS,N
47366,J_1,A2CONTROLMEDIA,N
47366,J_1,A2LOYALTY,N
47366,J_1,A2DISEASE,N
47366,J_1,A3WEALTH,N
47366,J_1,A3STINGY,N
47366,J_1,A3UNPATRIOTIC,N
47366,J_1,A3CARICATURE,N
47366,J_1,A3VIOLENCE,N
47366,J_1,A3SYNAGOGUE,N
47366,J_1,A3SWASTIKA,N
47366,J_1,A3DISCRIMINATION,N
2683,J_1,A1ESSENTIAL,N
2683,J_1,A2EVIL,N
2683,J_1,A2CONSPIRACY,N
2683,J_1,A2HIDDENPOWER,N
2683,J_1,A2COLLECTIVEAGENDA,N
2683,J_1,A2CONTROLGOV,N
2683,J_1,A2CONTROLBANKS,N
2683,J_1,A2CONTROLMEDIA,N
2683,J_1,A2LOYALTY,N
2683,J_1,A2DISEASE,N
2683,J_1,A3WEALTH,N
2683,J_1,A3STINGY,N
2683,J_1,A3UNPATRIOTIC,N
2683,J_1,A3CARICATURE,N
2683,J_1,A3VIOLENCE,N
2683,J_1,A3SYNAGOGUE,N
2683,J_1,A3SWASTIKA,N
2683,J_1,A3DISCRIMINATION,N
18332,J_1,A1ESSENTIAL,N
18332,J_1,A2EVIL,N
18332,J_1,A2CONSPIRACY,N
18332,J_1,A2HIDDENPOWER,N
18332,J_1,A2COLLECTIVEAGENDA,N
18332,J_1,A2CONTROLGOV,N
18332,J_1,A2CONTROLBANKS,N
18332,J_1,A2CONTROLMEDIA,N
18332,J_1,A2LOYALTY,N
18332,J_1,A2DISEASE,N
18332,J_1,A3WEALTH,N
18332,J_1,A3STINGY,N
18332,J_1,A3UNPATRIOTIC,N
18332,J_1,A3CARICATURE,N
18332,J_1,A3VIOLENCE,N
18332,J_1,A3SYNAGOGUE,N
18332,J_1,A3SWASTIKA,N
18332,J_1,A3DISCRIMINATION,N
12924,J_1,A1ESSENTIAL,N
12924,J_1,A2EVIL,N
12924,J_1,A2CONSPIRACY,N
12924,J_1,A2HIDDENPOWER,N
12924,J_1,A2COLLECTIVEAGENDA,N
12924,J_1,A2CONTROLGOV,N
12924,J_1,A2CONTROLBANKS,N
12924,J_1,A2CONTROLMEDIA,N
12924,J_1,A2LOYALTY,N
12924,J_1,A2DISEASE,N
12924,J_1,A3WEALTH,N
12924,J_1,A3STINGY,N
12924,J_1,A3UNPATRIOTIC,N
12924,J_1,A3CARICATURE,N
12924,J_1,A3VIOLENCE,N
12924,J_1,A3SYNAGOGUE,N
12924,J_1,A3SWASTIKA,N
12924,J_1,A3DISCRIMINATION,N
9746,J_1,A1ESSENTIAL,N
9746,J_1,A2EVIL,N
9746,J_1,A2CONSPIRACY,N
9746,J_1,A2HIDDENPOWER,N
9746,J_1,A2COLLECTIVEAGENDA,N
9746,J_1,A2CONTROLGOV,N
9746,J_1,A2CONTROLBANKS,N
9746,J_1,A2CONTROLMEDIA,N
9746,J_1,A2LOYALTY,N
9746,J_1,A2DISEASE,N
9746,J_1,A3WEALTH,N
9746,J_1,A3STINGY,N
9746,J_1,A3UNPATRIOTIC,N
9746,J_1,A3CARICATURE,N
9746,J_1,A3VIOLENCE,N
9746,J_1,A3SYNAGOGUE,N
9746,J_1,A3SWASTIKA,N
9746,J_1,A3DISCRIMINATION,N
45775,J_1,A1ESSENTIAL,N
45775,J_1,A2EVIL,N
45775,J_1,A2CONSPIRACY,N
45775,J_1,A2HIDDENPOWER,N
45775,J_1,A2COLLECTIVEAGENDA,N
45775,J_1,A2CONTROLGOV,N
45775,J_1,A2CONTROLBANKS,N
45775,J_1,A2CONTROLMEDIA,N
45775,J_1,A2LOYALTY,N
45775,J_1,A2DISEASE,N
45775,J_1,A3WEALTH,N
45775,J_1,A3STINGY,N
45775,J_1,A3UNPATRIOTIC,N
45775,J_1,A3CARICATURE,N
45775,J_1,A3VIOLENCE,N
45775,J_1,A3SYNAGOGUE,N
45775,J_1,A3SWASTIKA,N
45775,J_1,A3DISCRIMINATION,N
14961,J_1,A1ESSENTIAL,N
14961,J_1,A2EVIL,N
14961,J_1,A2CONSPIRACY,N
14961,J_1,A2HIDDENPOWER,N
14961,J_1,A2COLLECTIVEAGENDA,N
14961,J_1,A2CONTROLGOV,N
14961,J_1,A2CONTROLBANKS,N
14961,J_1,A2CONTROLMEDIA,N
14961,J_1,A2LOYALTY,N
14961,J_1,A2DISEASE,N
14961,J_1,A3WEALTH,N
14961,J_1,A3STINGY,N
14961,J_1,A3UNPATRIOTIC,N
14961,J_1,A3CARICATURE,N
14961,J_1,A3VIOLENCE,N
14961,J_1,A3SYNAGOGUE,N
14961,J_1,A3SWASTIKA,N
14961,J_1,A3DISCRIMINATION,N
36322,J_1,A1ESSENTIAL,E
36322,J_1,A2EVIL,N
36322,J_1,A2CONSPIRACY,N
36322,J_1,A2HIDDENPOWER,N
36322,J_1,A2COLLECTIVEAGENDA,N
36322,J_1,A2CONTROLGOV,N
36322,J_1,A2CONTROLBANKS,N
36322,J_1,A2CONTROLMEDIA,N
36322,J_1,A2LOYALTY,N
36322,J_1,A2DISEASE,N
36322,J_1,A3WEALTH,N
36322,J_1,A3STINGY,N
36322,J_1,A3UNPATRIOTIC,N
36322,J_1,A3CARICATURE,N
36322,J_1,A3VIOLENCE,N
36322,J_1,A3SYNAGOGUE,N
36322,J_1,A3SWASTIKA,N
36322,J_1,A3DISCRIMINATION,N
4244,J_1,A1ESSENTIAL,N
4244,J_1,A2EVIL,N
4244,J_1,A2CONSPIRACY,N
4244,J_1,A2HIDDENPOWER,N
4244,J_1,A2COLLECTIVEAGENDA,N
4244,J_1,A2CONTROLGOV,N
4244,J_1,A2CONTROLBANKS,N
4244,J_1,A2CONTROLMEDIA,N
4244,J_1,A2LOYALTY,N
4244,J_1,A2DISEASE,N
4244,J_1,A3WEALTH,N
4244,J_1,A3STINGY,N
4244,J_1,A3UNPATRIOTIC,N
4244,J_1,A3CARICATURE,N
4244,J_1,A3VIOLENCE,N
4244,J_1,A3SYNAGOGUE,N
4244,J_1,A3SWASTIKA,N
4244,J_1,A3DISCRIMINATION,N
8745,J_1,A1ESSENTIAL,E
8745,J_1,A2EVIL,I
8745,J_1,A2CONSPIRACY,N
8745,J_1,A2HIDDENPOWER,N
8745,J_1,A2COLLECTIVEAGENDA,N
8745,J_1,A2CONTROLGOV,N
8745,J_1,A2CONTROLBANKS,N
8745,J_1,A2CONTROLMEDIA,N
8745,J_1,A2LOYALTY,N
8745,J_1,A2DISEASE,N
8745,J_1,A3WEALTH,N
8745,J_1,A3STINGY,N
8745,J_1,A3UNPATRIOTIC,N
8745,J_1,A3CARICATURE,N
8745,J_1,A3VIOLENCE,N
8745,J_1,A3SYNAGOGUE,N
8745,J_1,A3SWASTIKA,N
8745,J_1,A3DISCRIMINATION,N
34063,J_1,A1ESSENTIAL,N
34063,J_1,A2EVIL,I
34063,J_1,A2CONSPIRACY,N
34063,J_1,A2HIDDENPOWER,N
34063,J_1,A2COLLECTIVEAGENDA,N
34063,J_1,A2CONTROLGOV,N
34063,J_1,A2CONTROLBANKS,N
34063,J_1,A2CONTROLMEDIA,N
34063,J_1,A2LOYALTY,N
34063,J_1,A2DISEASE,N
34063,J_1,A3WEALTH,N
34063,J_1,A3STINGY,N
34063,J_1,A3UNPATRIOTIC,N
34063,J_1,A3CARICATURE,N
34063,J_1,A3VIOLENCE,N
34063,J_1,A3SYNAGOGUE,N
34063,J_1,A3SWASTIKA,N
34063,J_1,A3DISCRIMINATION,N
7672,J_1,A1ESSENTIAL,N
7672,J_1,A2EVIL,N
7672,J_1,A2CONSPIRACY,N
7672,J_1,A2HIDDENPOWER,N
7672,J_1,A2COLLECTIVEAGENDA,N
7672,J_1,A2CONTROLGOV,N
7672,J_1,A2CONTROLBANKS,N
7672,J_1,A2CONTROLMEDIA,N
7672,J_1,A2LOYALTY,N
7672,J_1,A2DISEASE,N
7672,J_1,A3WEALTH,N
7672,J_1,A3STINGY,N
7672,J_1,A3UNPATRIOTIC,N
7672,J_1,A3CARICATURE,N
7672,J_1,A3VIOLENCE,N
7672,J_1,A3SYNAGOGUE,N
7672,J_1,A3SWASTIKA,N
7672,J_1,A3DISCRIMINATION,N
10345,J_1,A1ESSENTIAL,N
10345,J_1,A2EVIL,N
10345,J_1,A2CONSPIRACY,N
10345,J_1,A2HIDDENPOWER,N
10345,J_1,A2COLLECTIVEAGENDA,N
10345,J_1,A2CONTROLGOV,N
10345,J_1,A2CONTROLBANKS,N
10345,J_1,A2CONTROLMEDIA,N
10345,J_1,A2LOYALTY,N
10345,J_1,A2DISEASE,N
10345,J_1,A3WEALTH,N
10345,J_1,A3STINGY,N
10345,J_1,A3UNPATRIOTIC,N
10345,J_1,A3CARICATURE,N
10345,J_1,A3VIOLENCE,N
10345,J_1,A3SYNAGOGUE,N
10345,J_1,A3SWASTIKA,N
10345,J_1,A3DISCRIMINATION,N
13852,J_1,A1ESSENTIAL,N
13852,J_1,A2EVIL,N
13852,J_1,A2CONSPIRACY,N
13852,J_1,A2HIDDENPOWER,N
13852,J_1,A2COLLECTIVEAGENDA,N
13852,J_1,A2CONTROLGOV,N
13852,J_1,A2CONTROLBANKS,N
13852,J_1,A2CONTROLMEDIA,N
13852,J_1,A2LOYALTY,N
13852,J_1,A2DISEASE,N
13852,J_1,A3WEALTH,N
13852,J_1,A3STINGY,N
13852,J_1,A3UNPATRIOTIC,N
13852,J_1,A3CARICATURE,N
13852,J_1,A3VIOLENCE,N
13852,J_1,A3SYNAGOGUE,N
13852,J_1,A3SWASTIKA,N
13852,J_1,A3DISCRIMINATION,N
31049,J_1,A1ESSENTIAL,A
31049,J_1,A2EVIL,A
31049,J_1,A2CONSPIRACY,I
31049,J_1,A2HIDDENPOWER,I
31049,J_1,A2COLLECTIVEAGENDA,I
31049,J_1,A2CONTROLGOV,I
31049,J_1,A2CONTROLBANKS,N
31049,J_1,A2CONTROLMEDIA,N
31049,J_1,A2LOYALTY,I
31049,J_1,A2DISEASE,N
31049,J_1,A3WEALTH,N
31049,J_1,A3STINGY,N
31049,J_1,A3UNPATRIOTIC,N
31049,J_1,A3CARICATURE,N
31049,J_1,A3VIOLENCE,N
31049,J_1,A3SYNAGOGUE,N
31049,J_1,A3SWASTIKA,N
31049,J_1,A3DISCRIMINATION,N
7643,J_1,A1ESSENTIAL,N
7643,J_1,A2EVIL,N
7643,J_1,A2CONSPIRACY,N
7643,J_1,A2HIDDENPOWER,N
7643,J_1,A2COLLECTIVEAGENDA,N
7643,J_1,A2CONTROLGOV,N
7643,J_1,A2CONTROLBANKS,N
7643,J_1,A2CONTROLMEDIA,N
7643,J_1,A2LOYALTY,N
7643,J_1,A2DISEASE,N
7643,J_1,A3WEALTH,N
7643,J_1,A3STINGY,N
7643,J_1,A3UNPATRIOTIC,N
7643,J_1,A3CARICATURE,N
7643,J_1,A3VIOLENCE,N
7643,J_1,A3SYNAGOGUE,N
7643,J_1,A3SWASTIKA,N
7643,J_1,A3DISCRIMINATION,N
24689,J_1,A1ESSENTIAL,N
24689,J_1,A2EVIL,N
24689,J_1,A2CONSPIRACY,N
24689,J_1,A2HIDDENPOWER,N
24689,J_1,A2COLLECTIVEAGENDA,N
24689,J_1,A2CONTROLGOV,N
24689,J_1,A2CONTROLBANKS,N
24689,J_1,A2CONTROLMEDIA,N
24689,J_1,A2LOYALTY,N
24689,J_1,A2DISEASE,N
24689,J_1,A3WEALTH,N
24689,J_1,A3STINGY,N
24689,J_1,A3UNPATRIOTIC,N
24689,J_1,A3CARICATURE,N
24689,J_1,A3VIOLENCE,N
24689,J_1,A3SYNAGOGUE,N
24689,J_1,A3SWASTIKA,N
24689,J_1,A3DISCRIMINATION,N
5995,J_1,A1ESSENTIAL,N
5995,J_1,A2EVIL,N
5995,J_1,A2CONSPIRACY,N
5995,J_1,A2HIDDENPOWER,N
5995,J_1,A2COLLECTIVEAGENDA,N
5995,J_1,A2CONTROLGOV,N
5995,J_1,A2CONTROLBANKS,N
5995,J_1,A2CONTROLMEDIA,N
5995,J_1,A2LOYALTY,N
5995,J_1,A2DISEASE,N
5995,J_1,A3WEALTH,N
5995,J_1,A3STINGY,N
5995,J_1,A3UNPATRIOTIC,N
5995,J_1,A3CARICATURE,N
5995,J_1,A3VIOLENCE,N
5995,J_1,A3SYNAGOGUE,N
5995,J_1,A3SWASTIKA,N
5995,J_1,A3DISCRIMINATION,N
47928,J_1,A1ESSENTIAL,N
47928,J_1,A2EVIL,N
47928,J_1,A2CONSPIRACY,N
47928,J_1,A2HIDDENPOWER,N
47928,J_1,A2COLLECTIVEAGENDA,N
47928,J_1,A2CONTROLGOV,N
47928,J_1,A2CONTROLBANKS,N
47928,J_1,A2CONTROLMEDIA,N
47928,J_1,A2LOYALTY,N
47928,J_1,A2DISEASE,N
47928,J_1,A3WEALTH,N
47928,J_1,A3STINGY,N
47928,J_1,A3UNPATRIOTIC,N
47928,J_1,A3CARICATURE,N
47928,J_1,A3VIOLENCE,N
47928,J_1,A3SYNAGOGUE,N
47928,J_1,A3SWASTIKA,N
47928,J_1,A3DISCRIMINATION,N
12248,J_1,A1ESSENTIAL,N
12248,J_1,A2EVIL,N
12248,J_1,A2CONSPIRACY,N
12248,J_1,A2HIDDENPOWER,N
12248,J_1,A2COLLECTIVEAGENDA,N
12248,J_1,A2CONTROLGOV,N
12248,J_1,A2CONTROLBANKS,N
12248,J_1,A2CONTROLMEDIA,N
12248,J_1,A2LOYALTY,N
12248,J_1,A2DISEASE,N
12248,J_1,A3WEALTH,N
12248,J_1,A3STINGY,N
12248,J_1,A3UNPATRIOTIC,N
12248,J_1,A3CARICATURE,N
12248,J_1,A3VIOLENCE,N
12248,J_1,A3SYNAGOGUE,N
12248,J_1,A3SWASTIKA,N
12248,J_1,A3DISCRIMINATION,N
4382,J_1,A1ESSENTIAL,N
4382,J_1,A2EVIL,N
4382,J_1,A2CONSPIRACY,N
4382,J_1,A2HIDDENPOWER,N
4382,J_1,A2COLLECTIVEAGENDA,N
4382,J_1,A2CONTROLGOV,N
4382,J_1,A2CONTROLBANKS,N
4382,J_1,A2CONTROLMEDIA,N
4382,J_1,A2LOYALTY,N
4382,J_1,A2DISEASE,N
4382,J_1,A3WEALTH,N
4382,J_1,A3STINGY,N
4382,J_1,A3UNPATRIOTIC,N
4382,J_1,A3CARICATURE,N
4382,J_1,A3VIOLENCE,N
4382,J_1,A3SYNAGOGUE,N
4382,J_1,A3SWASTIKA,N
4382,J_1,A3DISCRIMINATION,N
44358,J_1,A1ESSENTIAL,N
44358,J_1,A2EVIL,N
44358,J_1,A2CONSPIRACY,N
44358,J_1,A2HIDDENPOWER,N
44358,J_1,A2COLLECTIVEAGENDA,N
44358,J_1,A2CONTROLGOV,N
44358,J_1,A2CONTROLBANKS,N
44358,J_1,A2CONTROLMEDIA,N
44358,J_1,A2LOYALTY,N
44358,J_1,A2DISEASE,N
44358,J_1,A3WEALTH,N
44358,J_1,A3STINGY,N
44358,J_1,A3UNPATRIOTIC,N
44358,J_1,A3CARICATURE,N
44358,J_1,A3VIOLENCE,N
44358,J_1,A3SYNAGOGUE,N
44358,J_1,A3SWASTIKA,N
44358,J_1,A3DISCRIMINATION,N
20707,J_1,A1ESSENTIAL,N
20707,J_1,A2EVIL,N
20707,J_1,A2CONSPIRACY,N
20707,J_1,A2HIDDENPOWER,N
20707,J_1,A2COLLECTIVEAGENDA,N
20707,J_1,A2CONTROLGOV,N
20707,J_1,A2CONTROLBANKS,N
20707,J_1,A2CONTROLMEDIA,N
20707,J_1,A2LOYALTY,N
20707,J_1,A2DISEASE,N
20707,J_1,A3WEALTH,N
20707,J_1,A3STINGY,N
20707,J_1,A3UNPATRIOTIC,N
20707,J_1,A3CARICATURE,N
20707,J_1,A3VIOLENCE,N
20707,J_1,A3SYNAGOGUE,N
20707,J_1,A3SWASTIKA,N
20707,J_1,A3DISCRIMINATION,N
5975,J_1,A1ESSENTIAL,N
5975,J_1,A2EVIL,N
5975,J_1,A2CONSPIRACY,N
5975,J_1,A2HIDDENPOWER,N
5975,J_1,A2COLLECTIVEAGENDA,N
5975,J_1,A2CONTROLGOV,N
5975,J_1,A2CONTROLBANKS,N
5975,J_1,A2CONTROLMEDIA,N
5975,J_1,A2LOYALTY,N
5975,J_1,A2DISEASE,N
5975,J_1,A3WEALTH,N
5975,J_1,A3STINGY,N
5975,J_1,A3UNPATRIOTIC,N
5975,J_1,A3CARICATURE,N
5975,J_1,A3VIOLENCE,N
5975,J_1,A3SYNAGOGUE,N
5975,J_1,A3SWASTIKA,N
5975,J_1,A3DISCRIMINATION,N
10880,J_1,A1ESSENTIAL,N
10880,J_1,A2EVIL,N
10880,J_1,A2CONSPIRACY,N
10880,J_1,A2HIDDENPOWER,N
10880,J_1,A2COLLECTIVEAGENDA,N
10880,J_1,A2CONTROLGOV,N
10880,J_1,A2CONTROLBANKS,N
10880,J_1,A2CONTROLMEDIA,N
10880,J_1,A2LOYALTY,N
10880,J_1,A2DISEASE,N
10880,J_1,A3WEALTH,N
10880,J_1,A3STINGY,N
10880,J_1,A3UNPATRIOTIC,N
10880,J_1,A3CARICATURE,N
10880,J_1,A3VIOLENCE,N
10880,J_1,A3SYNAGOGUE,N
10880,J_1,A3SWASTIKA,N
10880,J_1,A3DISCRIMINATION,N
36190,J_1,A1ESSENTIAL,N
36190,J_1,A2EVIL,N
36190,J_1,A2CONSPIRACY,N
36190,J_1,A2HIDDENPOWER,N
36190,J_1,A2COLLECTIVEAGENDA,N
36190,J_1,A2CONTROLGOV,N
36190,J_1,A2CONTROLBANKS,N
36190,J_1,A2CONTROLMEDIA,N
36190,J_1,A2LOYALTY,N
36190,J_1,A2DISEASE,N
36190,J_1,A3WEALTH,N
36190,J_1,A3STINGY,N
36190,J_1,A3UNPATRIOTIC,N
36190,J_1,A3CARICATURE,N
36190,J_1,A3VIOLENCE,N
36190,J_1,A3SYNAGOGUE,N
36190,J_1,A3SWASTIKA,N
36190,J_1,A3DISCRIMINATION,N
43141,J_1,A1ESSENTIAL,N
43141,J_1,A2EVIL,N
43141,J_1,A2CONSPIRACY,N
43141,J_1,A2HIDDENPOWER,N
43141,J_1,A2COLLECTIVEAGENDA,N
43141,J_1,A2CONTROLGOV,N
43141,J_1,A2CONTROLBANKS,N
43141,J_1,A2CONTROLMEDIA,N
43141,J_1,A2LOYALTY,N
43141,J_1,A2DISEASE,N
43141,J_1,A3WEALTH,N
43141,J_1,A3STINGY,N
43141,J_1,A3UNPATRIOTIC,N
43141,J_1,A3CARICATURE,N
43141,J_1,A3VIOLENCE,N
43141,J_1,A3SYNAGOGUE,N
43141,J_1,A3SWASTIKA,N
43141,J_1,A3DISCRIMINATION,N
10179,J_1,A1ESSENTIAL,N
10179,J_1,A2EVIL,N
10179,J_1,A2CONSPIRACY,N
10179,J_1,A2HIDDENPOWER,N
10179,J_1,A2COLLECTIVEAGENDA,N
10179,J_1,A2CONTROLGOV,N
10179,J_1,A2CONTROLBANKS,N
10179,J_1,A2CONTROLMEDIA,N
10179,J_1,A2LOYALTY,N
10179,J_1,A2DISEASE,N
10179,J_1,A3WEALTH,N
10179,J_1,A3STINGY,N
10179,J_1,A3UNPATRIOTIC,N
10179,J_1,A3CARICATURE,N
10179,J_1,A3VIOLENCE,N
10179,J_1,A3SYNAGOGUE,N
10179,J_1,A3SWASTIKA,N
10179,J_1,A3DISCRIMINATION,N
8554,J_1,A1ESSENTIAL,N
8554,J_1,A2EVIL,N
8554,J_1,A2CONSPIRACY,N
8554,J_1,A2HIDDENPOWER,N
8554,J_1,A2COLLECTIVEAGENDA,N
8554,J_1,A2CONTROLGOV,N
8554,J_1,A2CONTROLBANKS,N
8554,J_1,A2CONTROLMEDIA,N
8554,J_1,A2LOYALTY,N
8554,J_1,A2DISEASE,N
8554,J_1,A3WEALTH,N
8554,J_1,A3STINGY,N
8554,J_1,A3UNPATRIOTIC,N
8554,J_1,A3CARICATURE,N
8554,J_1,A3VIOLENCE,N
8554,J_1,A3SYNAGOGUE,N
8554,J_1,A3SWASTIKA,N
8554,J_1,A3DISCRIMINATION,N
37994,J_1,A1ESSENTIAL,N
37994,J_1,A2EVIL,N
37994,J_1,A2CONSPIRACY,N
37994,J_1,A2HIDDENPOWER,N
37994,J_1,A2COLLECTIVEAGENDA,N
37994,J_1,A2CONTROLGOV,N
37994,J_1,A2CONTROLBANKS,N
37994,J_1,A2CONTROLMEDIA,N
37994,J_1,A2LOYALTY,N
37994,J_1,A2DISEASE,N
37994,J_1,A3WEALTH,N
37994,J_1,A3STINGY,N
37994,J_1,A3UNPATRIOTIC,N
37994,J_1,A3CARICATURE,N
37994,J_1,A3VIOLENCE,N
37994,J_1,A3SYNAGOGUE,N
37994,J_1,A3SWASTIKA,N
37994,J_1,A3DISCRIMINATION,N
43005,J_1,A1ESSENTIAL,I
43005,J_1,A2EVIL,I
43005,J_1,A2CONSPIRACY,I
43005,J_1,A2HIDDENPOWER,I
43005,J_1,A2COLLECTIVEAGENDA,I
43005,J_1,A2CONTROLGOV,I
43005,J_1,A2CONTROLBANKS,N
43005,J_1,A2CONTROLMEDIA,N
43005,J_1,A2LOYALTY,I
43005,J_1,A2DISEASE,N
43005,J_1,A3WEALTH,N
43005,J_1,A3STINGY,N
43005,J_1,A3UNPATRIOTIC,N
43005,J_1,A3CARICATURE,N
43005,J_1,A3VIOLENCE,N
43005,J_1,A3SYNAGOGUE,N
43005,J_1,A3SWASTIKA,N
43005,J_1,A3DISCRIMINATION,N
40876,J_1,A1ESSENTIAL,N
40876,J_1,A2EVIL,N
40876,J_1,A2CONSPIRACY,N
40876,J_1,A2HIDDENPOWER,N
40876,J_1,A2COLLECTIVEAGENDA,N
40876,J_1,A2CONTROLGOV,N
40876,J_1,A2CONTROLBANKS,N
40876,J_1,A2CONTROLMEDIA,N
40876,J_1,A2LOYALTY,N
40876,J_1,A2DISEASE,N
40876,J_1,A3WEALTH,N
40876,J_1,A3STINGY,N
40876,J_1,A3UNPATRIOTIC,N
40876,J_1,A3CARICATURE,N
40876,J_1,A3VIOLENCE,N
40876,J_1,A3SYNAGOGUE,N
40876,J_1,A3SWASTIKA,N
40876,J_1,A3DISCRIMINATION,N
4467,J_1,A1ESSENTIAL,N
4467,J_1,A2EVIL,N
4467,J_1,A2CONSPIRACY,N
4467,J_1,A2HIDDENPOWER,N
4467,J_1,A2COLLECTIVEAGENDA,N
4467,J_1,A2CONTROLGOV,N
4467,J_1,A2CONTROLBANKS,N
4467,J_1,A2CONTROLMEDIA,N
4467,J_1,A2LOYALTY,N
4467,J_1,A2DISEASE,N
4467,J_1,A3WEALTH,N
4467,J_1,A3STINGY,N
4467,J_1,A3UNPATRIOTIC,N
4467,J_1,A3CARICATURE,N
4467,J_1,A3VIOLENCE,N
4467,J_1,A3SYNAGOGUE,N
4467,J_1,A3SWASTIKA,N
4467,J_1,A3DISCRIMINATION,N
8350,J_1,A1ESSENTIAL,N
8350,J_1,A2EVIL,N
8350,J_1,A2CONSPIRACY,N
8350,J_1,A2HIDDENPOWER,N
8350,J_1,A2COLLECTIVEAGENDA,N
8350,J_1,A2CONTROLGOV,N
8350,J_1,A2CONTROLBANKS,N
8350,J_1,A2CONTROLMEDIA,N
8350,J_1,A2LOYALTY,N
8350,J_1,A2DISEASE,N
8350,J_1,A3WEALTH,N
8350,J_1,A3STINGY,N
8350,J_1,A3UNPATRIOTIC,N
8350,J_1,A3CARICATURE,N
8350,J_1,A3VIOLENCE,N
8350,J_1,A3SYNAGOGUE,N
8350,J_1,A3SWASTIKA,N
8350,J_1,A3DISCRIMINATION,N
20222,J_1,A1ESSENTIAL,N
20222,J_1,A2EVIL,N
20222,J_1,A2CONSPIRACY,N
20222,J_1,A2HIDDENPOWER,N
20222,J_1,A2COLLECTIVEAGENDA,N
20222,J_1,A2CONTROLGOV,N
20222,J_1,A2CONTROLBANKS,N
20222,J_1,A2CONTROLMEDIA,N
20222,J_1,A2LOYALTY,N
20222,J_1,A2DISEASE,N
20222,J_1,A3WEALTH,N
20222,J_1,A3STINGY,N
20222,J_1,A3UNPATRIOTIC,N
20222,J_1,A3CARICATURE,N
20222,J_1,A3VIOLENCE,N
20222,J_1,A3SYNAGOGUE,N
20222,J_1,A3SWASTIKA,N
20222,J_1,A3DISCRIMINATION,N
44607,J_1,A1ESSENTIAL,I
44607,J_1,A2EVIL,N
44607,J_1,A2CONSPIRACY,I
44607,J_1,A2HIDDENPOWER,I
44607,J_1,A2COLLECTIVEAGENDA,I
44607,J_1,A2CONTROLGOV,N
44607,J_1,A2CONTROLBANKS,N
44607,J_1,A2CONTROLMEDIA,E
44607,J_1,A2LOYALTY,N
44607,J_1,A2DISEASE,N
44607,J_1,A3WEALTH,N
44607,J_1,A3STINGY,N
44607,J_1,A3UNPATRIOTIC,N
44607,J_1,A3CARICATURE,N
44607,J_1,A3VIOLENCE,N
44607,J_1,A3SYNAGOGUE,N
44607,J_1,A3SWASTIKA,N
44607,J_1,A3DISCRIMINATION,N
2920,J_1,A1ESSENTIAL,N
2920,J_1,A2EVIL,I
2920,J_1,A2CONSPIRACY,N
2920,J_1,A2HIDDENPOWER,N
2920,J_1,A2COLLECTIVEAGENDA,N
2920,J_1,A2CONTROLGOV,N
2920,J_1,A2CONTROLBANKS,N
2920,J_1,A2CONTROLMEDIA,N
2920,J_1,A2LOYALTY,N
2920,J_1,A2DISEASE,N
2920,J_1,A3WEALTH,N
2920,J_1,A3STINGY,N
2920,J_1,A3UNPATRIOTIC,N
2920,J_1,A3CARICATURE,N
2920,J_1,A3VIOLENCE,I
2920,J_1,A3SYNAGOGUE,N
2920,J_1,A3SWASTIKA,N
2920,J_1,A3DISCRIMINATION,N
35257,J_1,A1ESSENTIAL,N
35257,J_1,A2EVIL,N
35257,J_1,A2CONSPIRACY,N
35257,J_1,A2HIDDENPOWER,N
35257,J_1,A2COLLECTIVEAGENDA,N
35257,J_1,A2CONTROLGOV,N
35257,J_1,A2CONTROLBANKS,N
35257,J_1,A2CONTROLMEDIA,N
35257,J_1,A2LOYALTY,N
35257,J_1,A2DISEASE,N
35257,J_1,A3WEALTH,N
35257,J_1,A3STINGY,N
35257,J_1,A3UNPATRIOTIC,N
35257,J_1,A3CARICATURE,N
35257,J_1,A3VIOLENCE,N
35257,J_1,A3SYNAGOGUE,N
35257,J_1,A3SWASTIKA,N
35257,J_1,A3DISCRIMINATION,N
6716,J_1,A1ESSENTIAL,I
6716,J_1,A2EVIL,N
6716,J_1,A2CONSPIRACY,I
6716,J_1,A2HIDDENPOWER,I
6716,J_1,A2COLLECTIVEAGENDA,N
6716,J_1,A2CONTROLGOV,N
6716,J_1,A2CONTROLBANKS,N
6716,J_1,A2CONTROLMEDIA,I
6716,J_1,A2LOYALTY,N
6716,J_1,A2DISEASE,N
6716,J_1,A3WEALTH,N
6716,J_1,A3STINGY,N
6716,J_1,A3UNPATRIOTIC,N
6716,J_1,A3CARICATURE,N
6716,J_1,A3VIOLENCE,N
6716,J_1,A3SYNAGOGUE,N
6716,J_1,A3SWASTIKA,N
6716,J_1,A3DISCRIMINATION,N
12599,J_1,A1ESSENTIAL,N
12599,J_1,A2EVIL,N
12599,J_1,A2CONSPIRACY,N
12599,J_1,A2HIDDENPOWER,N
12599,J_1,A2COLLECTIVEAGENDA,N
12599,J_1,A2CONTROLGOV,N
12599,J_1,A2CONTROLBANKS,N
12599,J_1,A2CONTROLMEDIA,N
12599,J_1,A2LOYALTY,N
12599,J_1,A2DISEASE,N
12599,J_1,A3WEALTH,N
12599,J_1,A3STINGY,N
12599,J_1,A3UNPATRIOTIC,N
12599,J_1,A3CARICATURE,N
12599,J_1,A3VIOLENCE,N
12599,J_1,A3SYNAGOGUE,N
12599,J_1,A3SWASTIKA,N
12599,J_1,A3DISCRIMINATION,N
42205,J_1,A1ESSENTIAL,I
42205,J_1,A2EVIL,I
42205,J_1,A2CONSPIRACY,I
42205,J_1,A2HIDDENPOWER,I
42205,J_1,A2COLLECTIVEAGENDA,I
42205,J_1,A2CONTROLGOV,N
42205,J_1,A2CONTROLBANKS,N
42205,J_1,A2CONTROLMEDIA,N
42205,J_1,A2LOYALTY,N
42205,J_1,A2DISEASE,N
42205,J_1,A3WEALTH,N
42205,J_1,A3STINGY,N
42205,J_1,A3UNPATRIOTIC,N
42205,J_1,A3CARICATURE,N
42205,J_1,A3VIOLENCE,N
42205,J_1,A3SYNAGOGUE,N
42205,J_1,A3SWASTIKA,N
42205,J_1,A3DISCRIMINATION,N
7885,J_1,A1ESSENTIAL,N
7885,J_1,A2EVIL,N
7885,J_1,A2CONSPIRACY,N
7885,J_1,A2HIDDENPOWER,N
7885,J_1,A2COLLECTIVEAGENDA,N
7885,J_1,A2CONTROLGOV,N
7885,J_1,A2CONTROLBANKS,N
7885,J_1,A2CONTROLMEDIA,N
7885,J_1,A2LOYALTY,N
7885,J_1,A2DISEASE,N
7885,J_1,A3WEALTH,N
7885,J_1,A3STINGY,N
7885,J_1,A3UNPATRIOTIC,N
7885,J_1,A3CARICATURE,N
7885,J_1,A3VIOLENCE,N
7885,J_1,A3SYNAGOGUE,N
7885,J_1,A3SWASTIKA,N
7885,J_1,A3DISCRIMINATION,N
47333,J_1,A1ESSENTIAL,N
47333,J_1,A2EVIL,N
47333,J_1,A2CONSPIRACY,N
47333,J_1,A2HIDDENPOWER,N
47333,J_1,A2COLLECTIVEAGENDA,N
47333,J_1,A2CONTROLGOV,N
47333,J_1,A2CONTROLBANKS,N
47333,J_1,A2CONTROLMEDIA,N
47333,J_1,A2LOYALTY,N
47333,J_1,A2DISEASE,N
47333,J_1,A3WEALTH,N
47333,J_1,A3STINGY,N
47333,J_1,A3UNPATRIOTIC,N
47333,J_1,A3CARICATURE,N
47333,J_1,A3VIOLENCE,N
47333,J_1,A3SYNAGOGUE,N
47333,J_1,A3SWASTIKA,N
47333,J_1,A3DISCRIMINATION,N
7160,J_1,A1ESSENTIAL,N
7160,J_1,A2EVIL,N
7160,J_1,A2CONSPIRACY,N
7160,J_1,A2HIDDENPOWER,N
7160,J_1,A2COLLECTIVEAGENDA,N
7160,J_1,A2CONTROLGOV,N
7160,J_1,A2CONTROLBANKS,N
7160,J_1,A2CONTROLMEDIA,N
7160,J_1,A2LOYALTY,N
7160,J_1,A2DISEASE,N
7160,J_1,A3WEALTH,N
7160,J_1,A3STINGY,N
7160,J_1,A3UNPATRIOTIC,N
7160,J_1,A3CARICATURE,N
7160,J_1,A3VIOLENCE,N
7160,J_1,A3SYNAGOGUE,N
7160,J_1,A3SWASTIKA,N
7160,J_1,A3DISCRIMINATION,N
1567,J_1,A1ESSENTIAL,N
1567,J_1,A2EVIL,N
1567,J_1,A2CONSPIRACY,N
1567,J_1,A2HIDDENPOWER,N
1567,J_1,A2COLLECTIVEAGENDA,N
1567,J_1,A2CONTROLGOV,N
1567,J_1,A2CONTROLBANKS,N
1567,J_1,A2CONTROLMEDIA,N
1567,J_1,A2LOYALTY,N
1567,J_1,A2DISEASE,N
1567,J_1,A3WEALTH,N
1567,J_1,A3STINGY,N
1567,J_1,A3UNPATRIOTIC,N
1567,J_1,A3CARICATURE,N
1567,J_1,A3VIOLENCE,N
1567,J_1,A3SYNAGOGUE,N
1567,J_1,A3SWASTIKA,N
1567,J_1,A3DISCRIMINATION,N
14236,J_1,A1ESSENTIAL,A
14236,J_1,A2EVIL,N
14236,J_1,A2CONSPIRACY,N
14236,J_1,A2HIDDENPOWER,N
14236,J_1,A2COLLECTIVEAGENDA,N
14236,J_1,A2CONTROLGOV,N
14236,J_1,A2CONTROLBANKS,N
14236,J_1,A2CONTROLMEDIA,N
14236,J_1,A2LOYALTY,N
14236,J_1,A2DISEASE,N
14236,J_1,A3WEALTH,N
14236,J_1,A3STINGY,N
14236,J_1,A3UNPATRIOTIC,N
14236,J_1,A3CARICATURE,N
14236,J_1,A3VIOLENCE,N
14236,J_1,A3SYNAGOGUE,N
14236,J_1,A3SWASTIKA,N
14236,J_1,A3DISCRIMINATION,N
34321,J_1,A1ESSENTIAL,N
34321,J_1,A2EVIL,N
34321,J_1,A2CONSPIRACY,N
34321,J_1,A2HIDDENPOWER,N
34321,J_1,A2COLLECTIVEAGENDA,N
34321,J_1,A2CONTROLGOV,N
34321,J_1,A2CONTROLBANKS,N
34321,J_1,A2CONTROLMEDIA,N
34321,J_1,A2LOYALTY,N
34321,J_1,A2DISEASE,N
34321,J_1,A3WEALTH,N
34321,J_1,A3STINGY,N
34321,J_1,A3UNPATRIOTIC,N
34321,J_1,A3CARICATURE,N
34321,J_1,A3VIOLENCE,N
34321,J_1,A3SYNAGOGUE,N
34321,J_1,A3SWASTIKA,N
34321,J_1,A3DISCRIMINATION,N
9549,J_1,A1ESSENTIAL,N
9549,J_1,A2EVIL,N
9549,J_1,A2CONSPIRACY,N
9549,J_1,A2HIDDENPOWER,N
9549,J_1,A2COLLECTIVEAGENDA,N
9549,J_1,A2CONTROLGOV,N
9549,J_1,A2CONTROLBANKS,N
9549,J_1,A2CONTROLMEDIA,N
9549,J_1,A2LOYALTY,N
9549,J_1,A2DISEASE,N
9549,J_1,A3WEALTH,N
9549,J_1,A3STINGY,N
9549,J_1,A3UNPATRIOTIC,N
9549,J_1,A3CARICATURE,N
9549,J_1,A3VIOLENCE,N
9549,J_1,A3SYNAGOGUE,N
9549,J_1,A3SWASTIKA,N
9549,J_1,A3DISCRIMINATION,N
32150,J_1,A1ESSENTIAL,N
32150,J_1,A2EVIL,N
32150,J_1,A2CONSPIRACY,N
32150,J_1,A2HIDDENPOWER,N
32150,J_1,A2COLLECTIVEAGENDA,N
32150,J_1,A2CONTROLGOV,N
32150,J_1,A2CONTROLBANKS,N
32150,J_1,A2CONTROLMEDIA,N
32150,J_1,A2LOYALTY,N
32150,J_1,A2DISEASE,N
32150,J_1,A3WEALTH,N
32150,J_1,A3STINGY,N
32150,J_1,A3UNPATRIOTIC,N
32150,J_1,A3CARICATURE,N
32150,J_1,A3VIOLENCE,N
32150,J_1,A3SYNAGOGUE,N
32150,J_1,A3SWASTIKA,N
32150,J_1,A3DISCRIMINATION,N
17852,J_1,A1ESSENTIAL,N
17852,J_1,A2EVIL,N
17852,J_1,A2CONSPIRACY,N
17852,J_1,A2HIDDENPOWER,N
17852,J_1,A2COLLECTIVEAGENDA,N
17852,J_1,A2CONTROLGOV,N
17852,J_1,A2CONTROLBANKS,N
17852,J_1,A2CONTROLMEDIA,N
17852,J_1,A2LOYALTY,N
17852,J_1,A2DISEASE,N
17852,J_1,A3WEALTH,N
17852,J_1,A3STINGY,N
17852,J_1,A3UNPATRIOTIC,N
17852,J_1,A3CARICATURE,N
17852,J_1,A3VIOLENCE,N
17852,J_1,A3SYNAGOGUE,N
17852,J_1,A3SWASTIKA,N
17852,J_1,A3DISCRIMINATION,N
41383,J_1,A1ESSENTIAL,N
41383,J_1,A2EVIL,N
41383,J_1,A2CONSPIRACY,N
41383,J_1,A2HIDDENPOWER,N
41383,J_1,A2COLLECTIVEAGENDA,N
41383,J_1,A2CONTROLGOV,N
41383,J_1,A2CONTROLBANKS,N
41383,J_1,A2CONTROLMEDIA,N
41383,J_1,A2LOYALTY,N
41383,J_1,A2DISEASE,N
41383,J_1,A3WEALTH,N
41383,J_1,A3STINGY,N
41383,J_1,A3UNPATRIOTIC,N
41383,J_1,A3CARICATURE,N
41383,J_1,A3VIOLENCE,N
41383,J_1,A3SYNAGOGUE,N
41383,J_1,A3SWASTIKA,N
41383,J_1,A3DISCRIMINATION,N
43733,J_1,A1ESSENTIAL,N
43733,J_1,A2EVIL,A
43733,J_1,A2CONSPIRACY,A
43733,J_1,A2HIDDENPOWER,A
43733,J_1,A2COLLECTIVEAGENDA,A
43733,J_1,A2CONTROLGOV,N
43733,J_1,A2CONTROLBANKS,N
43733,J_1,A2CONTROLMEDIA,N
43733,J_1,A2LOYALTY,N
43733,J_1,A2DISEASE,N
43733,J_1,A3WEALTH,A
43733,J_1,A3STINGY,N
43733,J_1,A3UNPATRIOTIC,N
43733,J_1,A3CARICATURE,N
43733,J_1,A3VIOLENCE,N
43733,J_1,A3SYNAGOGUE,N
43733,J_1,A3SWASTIKA,N
43733,J_1,A3DISCRIMINATION,N
29564,J_1,A1ESSENTIAL,N
29564,J_1,A2EVIL,N
29564,J_1,A2CONSPIRACY,N
29564,J_1,A2HIDDENPOWER,N
29564,J_1,A2COLLECTIVEAGENDA,N
29564,J_1,A2CONTROLGOV,N
29564,J_1,A2CONTROLBANKS,N
29564,J_1,A2CONTROLMEDIA,N
29564,J_1,A2LOYALTY,N
29564,J_1,A2DISEASE,N
29564,J_1,A3WEALTH,N
29564,J_1,A3STINGY,N
29564,J_1,A3UNPATRIOTIC,N
29564,J_1,A3CARICATURE,N
29564,J_1,A3VIOLENCE,N
29564,J_1,A3SYNAGOGUE,N
29564,J_1,A3SWASTIKA,N
29564,J_1,A3DISCRIMINATION,N
31062,J_1,A1ESSENTIAL,N
31062,J_1,A2EVIL,N
31062,J_1,A2CONSPIRACY,N
31062,J_1,A2HIDDENPOWER,N
31062,J_1,A2COLLECTIVEAGENDA,N
31062,J_1,A2CONTROLGOV,N
31062,J_1,A2CONTROLBANKS,N
31062,J_1,A2CONTROLMEDIA,N
31062,J_1,A2LOYALTY,N
31062,J_1,A2DISEASE,N
31062,J_1,A3WEALTH,N
31062,J_1,A3STINGY,N
31062,J_1,A3UNPATRIOTIC,N
31062,J_1,A3CARICATURE,N
31062,J_1,A3VIOLENCE,N
31062,J_1,A3SYNAGOGUE,N
31062,J_1,A3SWASTIKA,N
31062,J_1,A3DISCRIMINATION,N
5554,J_1,A1ESSENTIAL,N
5554,J_1,A2EVIL,N
5554,J_1,A2CONSPIRACY,N
5554,J_1,A2HIDDENPOWER,N
5554,J_1,A2COLLECTIVEAGENDA,N
5554,J_1,A2CONTROLGOV,N
5554,J_1,A2CONTROLBANKS,N
5554,J_1,A2CONTROLMEDIA,N
5554,J_1,A2LOYALTY,N
5554,J_1,A2DISEASE,N
5554,J_1,A3WEALTH,N
5554,J_1,A3STINGY,N
5554,J_1,A3UNPATRIOTIC,N
5554,J_1,A3CARICATURE,N
5554,J_1,A3VIOLENCE,N
5554,J_1,A3SYNAGOGUE,N
5554,J_1,A3SWASTIKA,N
5554,J_1,A3DISCRIMINATION,N
33565,J_1,A1ESSENTIAL,N
33565,J_1,A2EVIL,N
33565,J_1,A2CONSPIRACY,N
33565,J_1,A2HIDDENPOWER,N
33565,J_1,A2COLLECTIVEAGENDA,N
33565,J_1,A2CONTROLGOV,N
33565,J_1,A2CONTROLBANKS,N
33565,J_1,A2CONTROLMEDIA,N
33565,J_1,A2LOYALTY,N
33565,J_1,A2DISEASE,N
33565,J_1,A3WEALTH,N
33565,J_1,A3STINGY,N
33565,J_1,A3UNPATRIOTIC,N
33565,J_1,A3CARICATURE,N
33565,J_1,A3VIOLENCE,N
33565,J_1,A3SYNAGOGUE,N
33565,J_1,A3SWASTIKA,N
33565,J_1,A3DISCRIMINATION,N
18609,J_1,A1ESSENTIAL,N
18609,J_1,A2EVIL,N
18609,J_1,A2CONSPIRACY,N
18609,J_1,A2HIDDENPOWER,N
18609,J_1,A2COLLECTIVEAGENDA,N
18609,J_1,A2CONTROLGOV,N
18609,J_1,A2CONTROLBANKS,N
18609,J_1,A2CONTROLMEDIA,N
18609,J_1,A2LOYALTY,N
18609,J_1,A2DISEASE,N
18609,J_1,A3WEALTH,N
18609,J_1,A3STINGY,N
18609,J_1,A3UNPATRIOTIC,N
18609,J_1,A3CARICATURE,N
18609,J_1,A3VIOLENCE,N
18609,J_1,A3SYNAGOGUE,N
18609,J_1,A3SWASTIKA,N
18609,J_1,A3DISCRIMINATION,N
2161,J_1,A1ESSENTIAL,N
2161,J_1,A2EVIL,N
2161,J_1,A2CONSPIRACY,N
2161,J_1,A2HIDDENPOWER,N
2161,J_1,A2COLLECTIVEAGENDA,N
2161,J_1,A2CONTROLGOV,N
2161,J_1,A2CONTROLBANKS,N
2161,J_1,A2CONTROLMEDIA,N
2161,J_1,A2LOYALTY,N
2161,J_1,A2DISEASE,N
2161,J_1,A3WEALTH,N
2161,J_1,A3STINGY,N
2161,J_1,A3UNPATRIOTIC,N
2161,J_1,A3CARICATURE,N
2161,J_1,A3VIOLENCE,N
2161,J_1,A3SYNAGOGUE,N
2161,J_1,A3SWASTIKA,N
2161,J_1,A3DISCRIMINATION,N
21550,J_1,A1ESSENTIAL,N
21550,J_1,A2EVIL,N
21550,J_1,A2CONSPIRACY,N
21550,J_1,A2HIDDENPOWER,N
21550,J_1,A2COLLECTIVEAGENDA,N
21550,J_1,A2CONTROLGOV,N
21550,J_1,A2CONTROLBANKS,N
21550,J_1,A2CONTROLMEDIA,N
21550,J_1,A2LOYALTY,N
21550,J_1,A2DISEASE,N
21550,J_1,A3WEALTH,N
21550,J_1,A3STINGY,N
21550,J_1,A3UNPATRIOTIC,N
21550,J_1,A3CARICATURE,N
21550,J_1,A3VIOLENCE,N
21550,J_1,A3SYNAGOGUE,N
21550,J_1,A3SWASTIKA,N
21550,J_1,A3DISCRIMINATION,N
45157,J_1,A1ESSENTIAL,N
45157,J_1,A2EVIL,N
45157,J_1,A2CONSPIRACY,N
45157,J_1,A2HIDDENPOWER,N
45157,J_1,A2COLLECTIVEAGENDA,N
45157,J_1,A2CONTROLGOV,N
45157,J_1,A2CONTROLBANKS,N
45157,J_1,A2CONTROLMEDIA,N
45157,J_1,A2LOYALTY,N
45157,J_1,A2DISEASE,N
45157,J_1,A3WEALTH,I
45157,J_1,A3STINGY,N
45157,J_1,A3UNPATRIOTIC,N
45157,J_1,A3CARICATURE,N
45157,J_1,A3VIOLENCE,N
45157,J_1,A3SYNAGOGUE,N
45157,J_1,A3SWASTIKA,N
45157,J_1,A3DISCRIMINATION,N
41172,J_1,A1ESSENTIAL,E
41172,J_1,A2EVIL,I
41172,J_1,A2CONSPIRACY,N
41172,J_1,A2HIDDENPOWER,N
41172,J_1,A2COLLECTIVEAGENDA,N
41172,J_1,A2CONTROLGOV,N
41172,J_1,A2CONTROLBANKS,N
41172,J_1,A2CONTROLMEDIA,N
41172,J_1,A2LOYALTY,N
41172,J_1,A2DISEASE,N
41172,J_1,A3WEALTH,N
41172,J_1,A3STINGY,N
41172,J_1,A3UNPATRIOTIC,N
41172,J_1,A3CARICATURE,N
41172,J_1,A3VIOLENCE,N
41172,J_1,A3SYNAGOGUE,N
41172,J_1,A3SWASTIKA,N
41172,J_1,A3DISCRIMINATION,N
30402,J_1,A1ESSENTIAL,N
30402,J_1,A2EVIL,N
30402,J_1,A2CONSPIRACY,N
30402,J_1,A2HIDDENPOWER,N
30402,J_1,A2COLLECTIVEAGENDA,N
30402,J_1,A2CONTROLGOV,N
30402,J_1,A2CONTROLBANKS,N
30402,J_1,A2CONTROLMEDIA,N
30402,J_1,A2LOYALTY,N
30402,J_1,A2DISEASE,N
30402,J_1,A3WEALTH,N
30402,J_1,A3STINGY,N
30402,J_1,A3UNPATRIOTIC,N
30402,J_1,A3CARICATURE,N
30402,J_1,A3VIOLENCE,N
30402,J_1,A3SYNAGOGUE,N
30402,J_1,A3SWASTIKA,N
30402,J_1,A3DISCRIMINATION,N
20453,J_1,A1ESSENTIAL,N
20453,J_1,A2EVIL,N
20453,J_1,A2CONSPIRACY,N
20453,J_1,A2HIDDENPOWER,N
20453,J_1,A2COLLECTIVEAGENDA,N
20453,J_1,A2CONTROLGOV,N
20453,J_1,A2CONTROLBANKS,N
20453,J_1,A2CONTROLMEDIA,N
20453,J_1,A2LOYALTY,N
20453,J_1,A2DISEASE,N
20453,J_1,A3WEALTH,N
20453,J_1,A3STINGY,N
20453,J_1,A3UNPATRIOTIC,N
20453,J_1,A3CARICATURE,N
20453,J_1,A3VIOLENCE,N
20453,J_1,A3SYNAGOGUE,N
20453,J_1,A3SWASTIKA,N
20453,J_1,A3DISCRIMINATION,N
23955,J_1,A1ESSENTIAL,A
23955,J_1,A2EVIL,I
23955,J_1,A2CONSPIRACY,N
23955,J_1,A2HIDDENPOWER,N
23955,J_1,A2COLLECTIVEAGENDA,N
23955,J_1,A2CONTROLGOV,N
23955,J_1,A2CONTROLBANKS,N
23955,J_1,A2CONTROLMEDIA,N
23955,J_1,A2LOYALTY,N
23955,J_1,A2DISEASE,N
23955,J_1,A3WEALTH,N
23955,J_1,A3STINGY,N
23955,J_1,A3UNPATRIOTIC,N
23955,J_1,A3CARICATURE,N
23955,J_1,A3VIOLENCE,N
23955,J_1,A3SYNAGOGUE,N
23955,J_1,A3SWASTIKA,N
23955,J_1,A3DISCRIMINATION,N
23601,J_1,A1ESSENTIAL,N
23601,J_1,A2EVIL,N
23601,J_1,A2CONSPIRACY,N
23601,J_1,A2HIDDENPOWER,N
23601,J_1,A2COLLECTIVEAGENDA,N
23601,J_1,A2CONTROLGOV,N
23601,J_1,A2CONTROLBANKS,N
23601,J_1,A2CONTROLMEDIA,N
23601,J_1,A2LOYALTY,N
23601,J_1,A2DISEASE,N
23601,J_1,A3WEALTH,N
23601,J_1,A3STINGY,N
23601,J_1,A3UNPATRIOTIC,N
23601,J_1,A3CARICATURE,N
23601,J_1,A3VIOLENCE,N
23601,J_1,A3SYNAGOGUE,N
23601,J_1,A3SWASTIKA,N
23601,J_1,A3DISCRIMINATION,N
33962,J_1,A1ESSENTIAL,N
33962,J_1,A2EVIL,N
33962,J_1,A2CONSPIRACY,N
33962,J_1,A2HIDDENPOWER,N
33962,J_1,A2COLLECTIVEAGENDA,N
33962,J_1,A2CONTROLGOV,N
33962,J_1,A2CONTROLBANKS,N
33962,J_1,A2CONTROLMEDIA,N
33962,J_1,A2LOYALTY,N
33962,J_1,A2DISEASE,N
33962,J_1,A3WEALTH,N
33962,J_1,A3STINGY,N
33962,J_1,A3UNPATRIOTIC,N
33962,J_1,A3CARICATURE,N
33962,J_1,A3VIOLENCE,N
33962,J_1,A3SYNAGOGUE,N
33962,J_1,A3SWASTIKA,N
33962,J_1,A3DISCRIMINATION,N
9874,J_1,A1ESSENTIAL,N
9874,J_1,A2EVIL,N
9874,J_1,A2CONSPIRACY,N
9874,J_1,A2HIDDENPOWER,N
9874,J_1,A2COLLECTIVEAGENDA,N
9874,J_1,A2CONTROLGOV,N
9874,J_1,A2CONTROLBANKS,N
9874,J_1,A2CONTROLMEDIA,N
9874,J_1,A2LOYALTY,N
9874,J_1,A2DISEASE,N
9874,J_1,A3WEALTH,N
9874,J_1,A3STINGY,N
9874,J_1,A3UNPATRIOTIC,N
9874,J_1,A3CARICATURE,N
9874,J_1,A3VIOLENCE,N
9874,J_1,A3SYNAGOGUE,N
9874,J_1,A3SWASTIKA,N
9874,J_1,A3DISCRIMINATION,N
23278,J_1,A1ESSENTIAL,N
23278,J_1,A2EVIL,N
23278,J_1,A2CONSPIRACY,N
23278,J_1,A2HIDDENPOWER,N
23278,J_1,A2COLLECTIVEAGENDA,N
23278,J_1,A2CONTROLGOV,N
23278,J_1,A2CONTROLBANKS,N
23278,J_1,A2CONTROLMEDIA,N
23278,J_1,A2LOYALTY,N
23278,J_1,A2DISEASE,N
23278,J_1,A3WEALTH,N
23278,J_1,A3STINGY,N
23278,J_1,A3UNPATRIOTIC,N
23278,J_1,A3CARICATURE,N
23278,J_1,A3VIOLENCE,N
23278,J_1,A3SYNAGOGUE,N
23278,J_1,A3SWASTIKA,N
23278,J_1,A3DISCRIMINATION,N
46852,J_1,A1ESSENTIAL,E
46852,J_1,A2EVIL,E
46852,J_1,A2CONSPIRACY,N
46852,J_1,A2HIDDENPOWER,N
46852,J_1,A2COLLECTIVEAGENDA,N
46852,J_1,A2CONTROLGOV,N
46852,J_1,A2CONTROLBANKS,N
46852,J_1,A2CONTROLMEDIA,N
46852,J_1,A2LOYALTY,N
46852,J_1,A2DISEASE,N
46852,J_1,A3WEALTH,I
46852,J_1,A3STINGY,N
46852,J_1,A3UNPATRIOTIC,N
46852,J_1,A3CARICATURE,N
46852,J_1,A3VIOLENCE,N
46852,J_1,A3SYNAGOGUE,N
46852,J_1,A3SWASTIKA,N
46852,J_1,A3DISCRIMINATION,N
40140,J_1,A1ESSENTIAL,I
40140,J_1,A2EVIL,N
40140,J_1,A2CONSPIRACY,N
40140,J_1,A2HIDDENPOWER,N
40140,J_1,A2COLLECTIVEAGENDA,N
40140,J_1,A2CONTROLGOV,N
40140,J_1,A2CONTROLBANKS,N
40140,J_1,A2CONTROLMEDIA,N
40140,J_1,A2LOYALTY,N
40140,J_1,A2DISEASE,N
40140,J_1,A3WEALTH,N
40140,J_1,A3STINGY,N
40140,J_1,A3UNPATRIOTIC,N
40140,J_1,A3CARICATURE,N
40140,J_1,A3VIOLENCE,N
40140,J_1,A3SYNAGOGUE,N
40140,J_1,A3SWASTIKA,N
40140,J_1,A3DISCRIMINATION,N
43628,J_1,A1ESSENTIAL,E
43628,J_1,A2EVIL,E
43628,J_1,A2CONSPIRACY,I
43628,J_1,A2HIDDENPOWER,I
43628,J_1,A2COLLECTIVEAGENDA,E
43628,J_1,A2CONTROLGOV,I
43628,J_1,A2CONTROLBANKS,N
43628,J_1,A2CONTROLMEDIA,N
43628,J_1,A2LOYALTY,E
43628,J_1,A2DISEASE,N
43628,J_1,A3WEALTH,N
43628,J_1,A3STINGY,N
43628,J_1,A3UNPATRIOTIC,N
43628,J_1,A3CARICATURE,N
43628,J_1,A3VIOLENCE,E
43628,J_1,A3SYNAGOGUE,I
43628,J_1,A3SWASTIKA,N
43628,J_1,A3DISCRIMINATION,N
13735,J_1,A1ESSENTIAL,N
13735,J_1,A2EVIL,N
13735,J_1,A2CONSPIRACY,N
13735,J_1,A2HIDDENPOWER,N
13735,J_1,A2COLLECTIVEAGENDA,N
13735,J_1,A2CONTROLGOV,N
13735,J_1,A2CONTROLBANKS,N
13735,J_1,A2CONTROLMEDIA,N
13735,J_1,A2LOYALTY,N
13735,J_1,A2DISEASE,N
13735,J_1,A3WEALTH,N
13735,J_1,A3STINGY,N
13735,J_1,A3UNPATRIOTIC,N
13735,J_1,A3CARICATURE,N
13735,J_1,A3VIOLENCE,N
13735,J_1,A3SYNAGOGUE,N
13735,J_1,A3SWASTIKA,N
13735,J_1,A3DISCRIMINATION,N
44611,J_1,A1ESSENTIAL,N
44611,J_1,A2EVIL,N
44611,J_1,A2CONSPIRACY,N
44611,J_1,A2HIDDENPOWER,N
44611,J_1,A2COLLECTIVEAGENDA,N
44611,J_1,A2CONTROLGOV,N
44611,J_1,A2CONTROLBANKS,N
44611,J_1,A2CONTROLMEDIA,N
44611,J_1,A2LOYALTY,N
44611,J_1,A2DISEASE,N
44611,J_1,A3WEALTH,N
44611,J_1,A3STINGY,N
44611,J_1,A3UNPATRIOTIC,N
44611,J_1,A3CARICATURE,N
44611,J_1,A3VIOLENCE,N
44611,J_1,A3SYNAGOGUE,N
44611,J_1,A3SWASTIKA,N
44611,J_1,A3DISCRIMINATION,N
4274,J_1,A1ESSENTIAL,N
4274,J_1,A2EVIL,N
4274,J_1,A2CONSPIRACY,N
4274,J_1,A2HIDDENPOWER,N
4274,J_1,A2COLLECTIVEAGENDA,N
4274,J_1,A2CONTROLGOV,N
4274,J_1,A2CONTROLBANKS,N
4274,J_1,A2CONTROLMEDIA,N
4274,J_1,A2LOYALTY,N
4274,J_1,A2DISEASE,N
4274,J_1,A3WEALTH,N
4274,J_1,A3STINGY,N
4274,J_1,A3UNPATRIOTIC,N
4274,J_1,A3CARICATURE,N
4274,J_1,A3VIOLENCE,N
4274,J_1,A3SYNAGOGUE,N
4274,J_1,A3SWASTIKA,N
4274,J_1,A3DISCRIMINATION,N
2129,J_1,A1ESSENTIAL,E
2129,J_1,A2EVIL,E
2129,J_1,A2CONSPIRACY,N
2129,J_1,A2HIDDENPOWER,N
2129,J_1,A2COLLECTIVEAGENDA,N
2129,J_1,A2CONTROLGOV,N
2129,J_1,A2CONTROLBANKS,N
2129,J_1,A2CONTROLMEDIA,N
2129,J_1,A2LOYALTY,N
2129,J_1,A2DISEASE,N
2129,J_1,A3WEALTH,N
2129,J_1,A3STINGY,N
2129,J_1,A3UNPATRIOTIC,N
2129,J_1,A3CARICATURE,N
2129,J_1,A3VIOLENCE,N
2129,J_1,A3SYNAGOGUE,N
2129,J_1,A3SWASTIKA,N
2129,J_1,A3DISCRIMINATION,N
2432,J_1,A1ESSENTIAL,N
2432,J_1,A2EVIL,N
2432,J_1,A2CONSPIRACY,N
2432,J_1,A2HIDDENPOWER,N
2432,J_1,A2COLLECTIVEAGENDA,N
2432,J_1,A2CONTROLGOV,N
2432,J_1,A2CONTROLBANKS,N
2432,J_1,A2CONTROLMEDIA,N
2432,J_1,A2LOYALTY,N
2432,J_1,A2DISEASE,N
2432,J_1,A3WEALTH,N
2432,J_1,A3STINGY,N
2432,J_1,A3UNPATRIOTIC,N
2432,J_1,A3CARICATURE,N
2432,J_1,A3VIOLENCE,E
2432,J_1,A3SYNAGOGUE,N
2432,J_1,A3SWASTIKA,N
2432,J_1,A3DISCRIMINATION,N
33511,J_1,A1ESSENTIAL,N
33511,J_1,A2EVIL,N
33511,J_1,A2CONSPIRACY,N
33511,J_1,A2HIDDENPOWER,N
33511,J_1,A2COLLECTIVEAGENDA,N
33511,J_1,A2CONTROLGOV,N
33511,J_1,A2CONTROLBANKS,N
33511,J_1,A2CONTROLMEDIA,N
33511,J_1,A2LOYALTY,N
33511,J_1,A2DISEASE,N
33511,J_1,A3WEALTH,N
33511,J_1,A3STINGY,N
33511,J_1,A3UNPATRIOTIC,N
33511,J_1,A3CARICATURE,N
33511,J_1,A3VIOLENCE,N
33511,J_1,A3SYNAGOGUE,N
33511,J_1,A3SWASTIKA,N
33511,J_1,A3DISCRIMINATION,N
7878,J_1,A1ESSENTIAL,N
7878,J_1,A2EVIL,N
7878,J_1,A2CONSPIRACY,N
7878,J_1,A2HIDDENPOWER,N
7878,J_1,A2COLLECTIVEAGENDA,N
7878,J_1,A2CONTROLGOV,N
7878,J_1,A2CONTROLBANKS,N
7878,J_1,A2CONTROLMEDIA,N
7878,J_1,A2LOYALTY,N
7878,J_1,A2DISEASE,N
7878,J_1,A3WEALTH,N
7878,J_1,A3STINGY,N
7878,J_1,A3UNPATRIOTIC,N
7878,J_1,A3CARICATURE,N
7878,J_1,A3VIOLENCE,N
7878,J_1,A3SYNAGOGUE,N
7878,J_1,A3SWASTIKA,N
7878,J_1,A3DISCRIMINATION,N
14488,J_1,A1ESSENTIAL,N
14488,J_1,A2EVIL,N
14488,J_1,A2CONSPIRACY,N
14488,J_1,A2HIDDENPOWER,N
14488,J_1,A2COLLECTIVEAGENDA,N
14488,J_1,A2CONTROLGOV,N
14488,J_1,A2CONTROLBANKS,N
14488,J_1,A2CONTROLMEDIA,N
14488,J_1,A2LOYALTY,N
14488,J_1,A2DISEASE,N
14488,J_1,A3WEALTH,N
14488,J_1,A3STINGY,N
14488,J_1,A3UNPATRIOTIC,N
14488,J_1,A3CARICATURE,N
14488,J_1,A3VIOLENCE,N
14488,J_1,A3SYNAGOGUE,N
14488,J_1,A3SWASTIKA,N
14488,J_1,A3DISCRIMINATION,N
26649,J_1,A1ESSENTIAL,N
26649,J_1,A2EVIL,N
26649,J_1,A2CONSPIRACY,N
26649,J_1,A2HIDDENPOWER,N
26649,J_1,A2COLLECTIVEAGENDA,N
26649,J_1,A2CONTROLGOV,N
26649,J_1,A2CONTROLBANKS,N
26649,J_1,A2CONTROLMEDIA,N
26649,J_1,A2LOYALTY,N
26649,J_1,A2DISEASE,N
26649,J_1,A3WEALTH,N
26649,J_1,A3STINGY,N
26649,J_1,A3UNPATRIOTIC,N
26649,J_1,A3CARICATURE,N
26649,J_1,A3VIOLENCE,N
26649,J_1,A3SYNAGOGUE,N
26649,J_1,A3SWASTIKA,N
26649,J_1,A3DISCRIMINATION,N
47305,J_1,A1ESSENTIAL,N
47305,J_1,A2EVIL,N
47305,J_1,A2CONSPIRACY,N
47305,J_1,A2HIDDENPOWER,N
47305,J_1,A2COLLECTIVEAGENDA,N
47305,J_1,A2CONTROLGOV,N
47305,J_1,A2CONTROLBANKS,N
47305,J_1,A2CONTROLMEDIA,N
47305,J_1,A2LOYALTY,N
47305,J_1,A2DISEASE,N
47305,J_1,A3WEALTH,N
47305,J_1,A3STINGY,N
47305,J_1,A3UNPATRIOTIC,N
47305,J_1,A3CARICATURE,N
47305,J_1,A3VIOLENCE,N
47305,J_1,A3SYNAGOGUE,N
47305,J_1,A3SWASTIKA,N
47305,J_1,A3DISCRIMINATION,N
49970,J_1,A1ESSENTIAL,N
49970,J_1,A2EVIL,N
49970,J_1,A2CONSPIRACY,A
49970,J_1,A2HIDDENPOWER,N
49970,J_1,A2COLLECTIVEAGENDA,I
49970,J_1,A2CONTROLGOV,N
49970,J_1,A2CONTROLBANKS,N
49970,J_1,A2CONTROLMEDIA,N
49970,J_1,A2LOYALTY,N
49970,J_1,A2DISEASE,N
49970,J_1,A3WEALTH,N
49970,J_1,A3STINGY,N
49970,J_1,A3UNPATRIOTIC,N
49970,J_1,A3CARICATURE,N
49970,J_1,A3VIOLENCE,N
49970,J_1,A3SYNAGOGUE,N
49970,J_1,A3SWASTIKA,N
49970,J_1,A3DISCRIMINATION,N
18045,J_1,A1ESSENTIAL,N
18045,J_1,A2EVIL,N
18045,J_1,A2CONSPIRACY,N
18045,J_1,A2HIDDENPOWER,N
18045,J_1,A2COLLECTIVEAGENDA,N
18045,J_1,A2CONTROLGOV,N
18045,J_1,A2CONTROLBANKS,N
18045,J_1,A2CONTROLMEDIA,N
18045,J_1,A2LOYALTY,N
18045,J_1,A2DISEASE,N
18045,J_1,A3WEALTH,N
18045,J_1,A3STINGY,N
18045,J_1,A3UNPATRIOTIC,N
18045,J_1,A3CARICATURE,N
18045,J_1,A3VIOLENCE,N
18045,J_1,A3SYNAGOGUE,N
18045,J_1,A3SWASTIKA,N
18045,J_1,A3DISCRIMINATION,N
12264,J_1,A1ESSENTIAL,N
12264,J_1,A2EVIL,N
12264,J_1,A2CONSPIRACY,N
12264,J_1,A2HIDDENPOWER,N
12264,J_1,A2COLLECTIVEAGENDA,N
12264,J_1,A2CONTROLGOV,N
12264,J_1,A2CONTROLBANKS,N
12264,J_1,A2CONTROLMEDIA,N
12264,J_1,A2LOYALTY,N
12264,J_1,A2DISEASE,N
12264,J_1,A3WEALTH,N
12264,J_1,A3STINGY,N
12264,J_1,A3UNPATRIOTIC,N
12264,J_1,A3CARICATURE,N
12264,J_1,A3VIOLENCE,N
12264,J_1,A3SYNAGOGUE,N
12264,J_1,A3SWASTIKA,N
12264,J_1,A3DISCRIMINATION,N
37875,J_1,A1ESSENTIAL,N
37875,J_1,A2EVIL,N
37875,J_1,A2CONSPIRACY,N
37875,J_1,A2HIDDENPOWER,N
37875,J_1,A2COLLECTIVEAGENDA,N
37875,J_1,A2CONTROLGOV,N
37875,J_1,A2CONTROLBANKS,N
37875,J_1,A2CONTROLMEDIA,N
37875,J_1,A2LOYALTY,N
37875,J_1,A2DISEASE,N
37875,J_1,A3WEALTH,N
37875,J_1,A3STINGY,N
37875,J_1,A3UNPATRIOTIC,N
37875,J_1,A3CARICATURE,N
37875,J_1,A3VIOLENCE,N
37875,J_1,A3SYNAGOGUE,N
37875,J_1,A3SWASTIKA,N
37875,J_1,A3DISCRIMINATION,N
30316,J_1,A1ESSENTIAL,N
30316,J_1,A2EVIL,N
30316,J_1,A2CONSPIRACY,N
30316,J_1,A2HIDDENPOWER,N
30316,J_1,A2COLLECTIVEAGENDA,N
30316,J_1,A2CONTROLGOV,N
30316,J_1,A2CONTROLBANKS,N
30316,J_1,A2CONTROLMEDIA,N
30316,J_1,A2LOYALTY,N
30316,J_1,A2DISEASE,N
30316,J_1,A3WEALTH,N
30316,J_1,A3STINGY,N
30316,J_1,A3UNPATRIOTIC,N
30316,J_1,A3CARICATURE,N
30316,J_1,A3VIOLENCE,N
30316,J_1,A3SYNAGOGUE,N
30316,J_1,A3SWASTIKA,N
30316,J_1,A3DISCRIMINATION,N
34920,J_1,A1ESSENTIAL,A
34920,J_1,A2EVIL,N
34920,J_1,A2CONSPIRACY,N
34920,J_1,A2HIDDENPOWER,N
34920,J_1,A2COLLECTIVEAGENDA,N
34920,J_1,A2CONTROLGOV,N
34920,J_1,A2CONTROLBANKS,N
34920,J_1,A2CONTROLMEDIA,N
34920,J_1,A2LOYALTY,N
34920,J_1,A2DISEASE,N
34920,J_1,A3WEALTH,N
34920,J_1,A3STINGY,N
34920,J_1,A3UNPATRIOTIC,N
34920,J_1,A3CARICATURE,N
34920,J_1,A3VIOLENCE,N
34920,J_1,A3SYNAGOGUE,N
34920,J_1,A3SWASTIKA,N
34920,J_1,A3DISCRIMINATION,N
42529,J_1,A1ESSENTIAL,N
42529,J_1,A2EVIL,N
42529,J_1,A2CONSPIRACY,N
42529,J_1,A2HIDDENPOWER,N
42529,J_1,A2COLLECTIVEAGENDA,N
42529,J_1,A2CONTROLGOV,N
42529,J_1,A2CONTROLBANKS,N
42529,J_1,A2CONTROLMEDIA,N
42529,J_1,A2LOYALTY,N
42529,J_1,A2DISEASE,N
42529,J_1,A3WEALTH,N
42529,J_1,A3STINGY,N
42529,J_1,A3UNPATRIOTIC,N
42529,J_1,A3CARICATURE,N
42529,J_1,A3VIOLENCE,N
42529,J_1,A3SYNAGOGUE,N
42529,J_1,A3SWASTIKA,N
42529,J_1,A3DISCRIMINATION,N
5318,J_1,A1ESSENTIAL,N
5318,J_1,A2EVIL,N
5318,J_1,A2CONSPIRACY,N
5318,J_1,A2HIDDENPOWER,N
5318,J_1,A2COLLECTIVEAGENDA,N
5318,J_1,A2CONTROLGOV,N
5318,J_1,A2CONTROLBANKS,N
5318,J_1,A2CONTROLMEDIA,N
5318,J_1,A2LOYALTY,N
5318,J_1,A2DISEASE,N
5318,J_1,A3WEALTH,N
5318,J_1,A3STINGY,N
5318,J_1,A3UNPATRIOTIC,N
5318,J_1,A3CARICATURE,N
5318,J_1,A3VIOLENCE,N
5318,J_1,A3SYNAGOGUE,N
5318,J_1,A3SWASTIKA,N
5318,J_1,A3DISCRIMINATION,N
48542,J_1,A1ESSENTIAL,A
48542,J_1,A2EVIL,A
48542,J_1,A2CONSPIRACY,I
48542,J_1,A2HIDDENPOWER,I
48542,J_1,A2COLLECTIVEAGENDA,I
48542,J_1,A2CONTROLGOV,I
48542,J_1,A2CONTROLBANKS,N
48542,J_1,A2CONTROLMEDIA,N
48542,J_1,A2LOYALTY,N
48542,J_1,A2DISEASE,N
48542,J_1,A3WEALTH,N
48542,J_1,A3STINGY,N
48542,J_1,A3UNPATRIOTIC,N
48542,J_1,A3CARICATURE,N
48542,J_1,A3VIOLENCE,N
48542,J_1,A3SYNAGOGUE,N
48542,J_1,A3SWASTIKA,N
48542,J_1,A3DISCRIMINATION,N
14911,J_1,A1ESSENTIAL,N
14911,J_1,A2EVIL,N
14911,J_1,A2CONSPIRACY,N
14911,J_1,A2HIDDENPOWER,N
14911,J_1,A2COLLECTIVEAGENDA,N
14911,J_1,A2CONTROLGOV,N
14911,J_1,A2CONTROLBANKS,N
14911,J_1,A2CONTROLMEDIA,N
14911,J_1,A2LOYALTY,N
14911,J_1,A2DISEASE,N
14911,J_1,A3WEALTH,N
14911,J_1,A3STINGY,N
14911,J_1,A3UNPATRIOTIC,N
14911,J_1,A3CARICATURE,N
14911,J_1,A3VIOLENCE,N
14911,J_1,A3SYNAGOGUE,N
14911,J_1,A3SWASTIKA,N
14911,J_1,A3DISCRIMINATION,N
44907,J_1,A1ESSENTIAL,N
44907,J_1,A2EVIL,N
44907,J_1,A2CONSPIRACY,N
44907,J_1,A2HIDDENPOWER,I
44907,J_1,A2COLLECTIVEAGENDA,N
44907,J_1,A2CONTROLGOV,N
44907,J_1,A2CONTROLBANKS,N
44907,J_1,A2CONTROLMEDIA,N
44907,J_1,A2LOYALTY,N
44907,J_1,A2DISEASE,N
44907,J_1,A3WEALTH,N
44907,J_1,A3STINGY,N
44907,J_1,A3UNPATRIOTIC,N
44907,J_1,A3CARICATURE,N
44907,J_1,A3VIOLENCE,N
44907,J_1,A3SYNAGOGUE,N
44907,J_1,A3SWASTIKA,N
44907,J_1,A3DISCRIMINATION,N
12028,J_1,A1ESSENTIAL,N
12028,J_1,A2EVIL,N
12028,J_1,A2CONSPIRACY,N
12028,J_1,A2HIDDENPOWER,N
12028,J_1,A2COLLECTIVEAGENDA,N
12028,J_1,A2CONTROLGOV,N
12028,J_1,A2CONTROLBANKS,N
12028,J_1,A2CONTROLMEDIA,N
12028,J_1,A2LOYALTY,N
12028,J_1,A2DISEASE,N
12028,J_1,A3WEALTH,N
12028,J_1,A3STINGY,N
12028,J_1,A3UNPATRIOTIC,N
12028,J_1,A3CARICATURE,N
12028,J_1,A3VIOLENCE,N
12028,J_1,A3SYNAGOGUE,N
12028,J_1,A3SWASTIKA,N
12028,J_1,A3DISCRIMINATION,N
33238,J_1,A1ESSENTIAL,N
33238,J_1,A2EVIL,N
33238,J_1,A2CONSPIRACY,N
33238,J_1,A2HIDDENPOWER,N
33238,J_1,A2COLLECTIVEAGENDA,N
33238,J_1,A2CONTROLGOV,N
33238,J_1,A2CONTROLBANKS,N
33238,J_1,A2CONTROLMEDIA,N
33238,J_1,A2LOYALTY,N
33238,J_1,A2DISEASE,N
33238,J_1,A3WEALTH,N
33238,J_1,A3STINGY,N
33238,J_1,A3UNPATRIOTIC,N
33238,J_1,A3CARICATURE,N
33238,J_1,A3VIOLENCE,N
33238,J_1,A3SYNAGOGUE,N
33238,J_1,A3SWASTIKA,N
33238,J_1,A3DISCRIMINATION,N
44621,J_1,A1ESSENTIAL,N
44621,J_1,A2EVIL,N
44621,J_1,A2CONSPIRACY,I
44621,J_1,A2HIDDENPOWER,N
44621,J_1,A2COLLECTIVEAGENDA,N
44621,J_1,A2CONTROLGOV,N
44621,J_1,A2CONTROLBANKS,N
44621,J_1,A2CONTROLMEDIA,I
44621,J_1,A2LOYALTY,N
44621,J_1,A2DISEASE,N
44621,J_1,A3WEALTH,N
44621,J_1,A3STINGY,N
44621,J_1,A3UNPATRIOTIC,N
44621,J_1,A3CARICATURE,N
44621,J_1,A3VIOLENCE,N
44621,J_1,A3SYNAGOGUE,N
44621,J_1,A3SWASTIKA,N
44621,J_1,A3DISCRIMINATION,N
6358,J_1,A1ESSENTIAL,N
6358,J_1,A2EVIL,I
6358,J_1,A2CONSPIRACY,I
6358,J_1,A2HIDDENPOWER,N
6358,J_1,A2COLLECTIVEAGENDA,I
6358,J_1,A2CONTROLGOV,N
6358,J_1,A2CONTROLBANKS,N
6358,J_1,A2CONTROLMEDIA,N
6358,J_1,A2LOYALTY,N
6358,J_1,A2DISEASE,N
6358,J_1,A3WEALTH,N
6358,J_1,A3STINGY,N
6358,J_1,A3UNPATRIOTIC,N
6358,J_1,A3CARICATURE,N
6358,J_1,A3VIOLENCE,N
6358,J_1,A3SYNAGOGUE,N
6358,J_1,A3SWASTIKA,N
6358,J_1,A3DISCRIMINATION,N
30344,J_1,A1ESSENTIAL,N
30344,J_1,A2EVIL,I
30344,J_1,A2CONSPIRACY,N
30344,J_1,A2HIDDENPOWER,I
30344,J_1,A2COLLECTIVEAGENDA,N
30344,J_1,A2CONTROLGOV,N
30344,J_1,A2CONTROLBANKS,N
30344,J_1,A2CONTROLMEDIA,N
30344,J_1,A2LOYALTY,N
30344,J_1,A2DISEASE,N
30344,J_1,A3WEALTH,N
30344,J_1,A3STINGY,N
30344,J_1,A3UNPATRIOTIC,N
30344,J_1,A3CARICATURE,N
30344,J_1,A3VIOLENCE,I
30344,J_1,A3SYNAGOGUE,N
30344,J_1,A3SWASTIKA,N
30344,J_1,A3DISCRIMINATION,N
19623,J_1,A1ESSENTIAL,I
19623,J_1,A2EVIL,I
19623,J_1,A2CONSPIRACY,N
19623,J_1,A2HIDDENPOWER,N
19623,J_1,A2COLLECTIVEAGENDA,N
19623,J_1,A2CONTROLGOV,N
19623,J_1,A2CONTROLBANKS,N
19623,J_1,A2CONTROLMEDIA,N
19623,J_1,A2LOYALTY,N
19623,J_1,A2DISEASE,N
19623,J_1,A3WEALTH,N
19623,J_1,A3STINGY,N
19623,J_1,A3UNPATRIOTIC,N
19623,J_1,A3CARICATURE,N
19623,J_1,A3VIOLENCE,E
19623,J_1,A3SYNAGOGUE,N
19623,J_1,A3SWASTIKA,N
19623,J_1,A3DISCRIMINATION,N
28528,J_1,A1ESSENTIAL,A
28528,J_1,A2EVIL,N
28528,J_1,A2CONSPIRACY,N
28528,J_1,A2HIDDENPOWER,N
28528,J_1,A2COLLECTIVEAGENDA,N
28528,J_1,A2CONTROLGOV,N
28528,J_1,A2CONTROLBANKS,N
28528,J_1,A2CONTROLMEDIA,N
28528,J_1,A2LOYALTY,N
28528,J_1,A2DISEASE,N
28528,J_1,A3WEALTH,N
28528,J_1,A3STINGY,N
28528,J_1,A3UNPATRIOTIC,N
28528,J_1,A3CARICATURE,N
28528,J_1,A3VIOLENCE,N
28528,J_1,A3SYNAGOGUE,N
28528,J_1,A3SWASTIKA,N
28528,J_1,A3DISCRIMINATION,N
17712,J_1,A1ESSENTIAL,N
17712,J_1,A2EVIL,N
17712,J_1,A2CONSPIRACY,N
17712,J_1,A2HIDDENPOWER,N
17712,J_1,A2COLLECTIVEAGENDA,N
17712,J_1,A2CONTROLGOV,N
17712,J_1,A2CONTROLBANKS,N
17712,J_1,A2CONTROLMEDIA,N
17712,J_1,A2LOYALTY,N
17712,J_1,A2DISEASE,N
17712,J_1,A3WEALTH,N
17712,J_1,A3STINGY,N
17712,J_1,A3UNPATRIOTIC,N
17712,J_1,A3CARICATURE,N
17712,J_1,A3VIOLENCE,N
17712,J_1,A3SYNAGOGUE,N
17712,J_1,A3SWASTIKA,N
17712,J_1,A3DISCRIMINATION,N
5727,J_1,A1ESSENTIAL,A
5727,J_1,A2EVIL,A
5727,J_1,A2CONSPIRACY,N
5727,J_1,A2HIDDENPOWER,N
5727,J_1,A2COLLECTIVEAGENDA,N
5727,J_1,A2CONTROLGOV,N
5727,J_1,A2CONTROLBANKS,N
5727,J_1,A2CONTROLMEDIA,N
5727,J_1,A2LOYALTY,N
5727,J_1,A2DISEASE,N
5727,J_1,A3WEALTH,N
5727,J_1,A3STINGY,N
5727,J_1,A3UNPATRIOTIC,N
5727,J_1,A3CARICATURE,N
5727,J_1,A3VIOLENCE,N
5727,J_1,A3SYNAGOGUE,N
5727,J_1,A3SWASTIKA,N
5727,J_1,A3DISCRIMINATION,N
47069,J_1,A1ESSENTIAL,N
47069,J_1,A2EVIL,I
47069,J_1,A2CONSPIRACY,N
47069,J_1,A2HIDDENPOWER,N
47069,J_1,A2COLLECTIVEAGENDA,N
47069,J_1,A2CONTROLGOV,N
47069,J_1,A2CONTROLBANKS,N
47069,J_1,A2CONTROLMEDIA,N
47069,J_1,A2LOYALTY,N
47069,J_1,A2DISEASE,N
47069,J_1,A3WEALTH,N
47069,J_1,A3STINGY,N
47069,J_1,A3UNPATRIOTIC,N
47069,J_1,A3CARICATURE,N
47069,J_1,A3VIOLENCE,N
47069,J_1,A3SYNAGOGUE,N
47069,J_1,A3SWASTIKA,N
47069,J_1,A3DISCRIMINATION,N
29184,J_1,A1ESSENTIAL,N
29184,J_1,A2EVIL,N
29184,J_1,A2CONSPIRACY,N
29184,J_1,A2HIDDENPOWER,N
29184,J_1,A2COLLECTIVEAGENDA,I
29184,J_1,A2CONTROLGOV,N
29184,J_1,A2CONTROLBANKS,N
29184,J_1,A2CONTROLMEDIA,N
29184,J_1,A2LOYALTY,N
29184,J_1,A2DISEASE,N
29184,J_1,A3WEALTH,N
29184,J_1,A3STINGY,N
29184,J_1,A3UNPATRIOTIC,N
29184,J_1,A3CARICATURE,N
29184,J_1,A3VIOLENCE,N
29184,J_1,A3SYNAGOGUE,N
29184,J_1,A3SWASTIKA,N
29184,J_1,A3DISCRIMINATION,N
19428,J_1,A1ESSENTIAL,N
19428,J_1,A2EVIL,I
19428,J_1,A2CONSPIRACY,I
19428,J_1,A2HIDDENPOWER,N
19428,J_1,A2COLLECTIVEAGENDA,I
19428,J_1,A2CONTROLGOV,N
19428,J_1,A2CONTROLBANKS,N
19428,J_1,A2CONTROLMEDIA,N
19428,J_1,A2LOYALTY,N
19428,J_1,A2DISEASE,N
19428,J_1,A3WEALTH,N
19428,J_1,A3STINGY,N
19428,J_1,A3UNPATRIOTIC,N
19428,J_1,A3CARICATURE,N
19428,J_1,A3VIOLENCE,N
19428,J_1,A3SYNAGOGUE,N
19428,J_1,A3SWASTIKA,N
19428,J_1,A3DISCRIMINATION,N
41723,J_1,A1ESSENTIAL,I
41723,J_1,A2EVIL,I
41723,J_1,A2CONSPIRACY,I
41723,J_1,A2HIDDENPOWER,N
41723,J_1,A2COLLECTIVEAGENDA,I
41723,J_1,A2CONTROLGOV,N
41723,J_1,A2CONTROLBANKS,N
41723,J_1,A2CONTROLMEDIA,N
41723,J_1,A2LOYALTY,N
41723,J_1,A2DISEASE,N
41723,J_1,A3WEALTH,N
41723,J_1,A3STINGY,N
41723,J_1,A3UNPATRIOTIC,N
41723,J_1,A3CARICATURE,N
41723,J_1,A3VIOLENCE,N
41723,J_1,A3SYNAGOGUE,N
41723,J_1,A3SWASTIKA,N
41723,J_1,A3DISCRIMINATION,N
7958,J_1,A1ESSENTIAL,N
7958,J_1,A2EVIL,N
7958,J_1,A2CONSPIRACY,N
7958,J_1,A2HIDDENPOWER,N
7958,J_1,A2COLLECTIVEAGENDA,N
7958,J_1,A2CONTROLGOV,N
7958,J_1,A2CONTROLBANKS,N
7958,J_1,A2CONTROLMEDIA,N
7958,J_1,A2LOYALTY,N
7958,J_1,A2DISEASE,N
7958,J_1,A3WEALTH,N
7958,J_1,A3STINGY,N
7958,J_1,A3UNPATRIOTIC,N
7958,J_1,A3CARICATURE,N
7958,J_1,A3VIOLENCE,N
7958,J_1,A3SYNAGOGUE,N
7958,J_1,A3SWASTIKA,N
7958,J_1,A3DISCRIMINATION,N
20020,J_1,A1ESSENTIAL,A
20020,J_1,A2EVIL,N
20020,J_1,A2CONSPIRACY,N
20020,J_1,A2HIDDENPOWER,N
20020,J_1,A2COLLECTIVEAGENDA,N
20020,J_1,A2CONTROLGOV,N
20020,J_1,A2CONTROLBANKS,N
20020,J_1,A2CONTROLMEDIA,N
20020,J_1,A2LOYALTY,N
20020,J_1,A2DISEASE,N
20020,J_1,A3WEALTH,N
20020,J_1,A3STINGY,N
20020,J_1,A3UNPATRIOTIC,N
20020,J_1,A3CARICATURE,N
20020,J_1,A3VIOLENCE,N
20020,J_1,A3SYNAGOGUE,N
20020,J_1,A3SWASTIKA,N
20020,J_1,A3DISCRIMINATION,N
41447,J_1,A1ESSENTIAL,I
41447,J_1,A2EVIL,I
41447,J_1,A2CONSPIRACY,I
41447,J_1,A2HIDDENPOWER,I
41447,J_1,A2COLLECTIVEAGENDA,I
41447,J_1,A2CONTROLGOV,I
41447,J_1,A2CONTROLBANKS,N
41447,J_1,A2CONTROLMEDIA,N
41447,J_1,A2LOYALTY,N
41447,J_1,A2DISEASE,N
41447,J_1,A3WEALTH,N
41447,J_1,A3STINGY,N
41447,J_1,A3UNPATRIOTIC,N
41447,J_1,A3CARICATURE,N
41447,J_1,A3VIOLENCE,N
41447,J_1,A3SYNAGOGUE,N
41447,J_1,A3SWASTIKA,N
41447,J_1,A3DISCRIMINATION,N
14831,J_1,A1ESSENTIAL,N
14831,J_1,A2EVIL,N
14831,J_1,A2CONSPIRACY,N
14831,J_1,A2HIDDENPOWER,N
14831,J_1,A2COLLECTIVEAGENDA,N
14831,J_1,A2CONTROLGOV,N
14831,J_1,A2CONTROLBANKS,N
14831,J_1,A2CONTROLMEDIA,N
14831,J_1,A2LOYALTY,N
14831,J_1,A2DISEASE,N
14831,J_1,A3WEALTH,N
14831,J_1,A3STINGY,N
14831,J_1,A3UNPATRIOTIC,N
14831,J_1,A3CARICATURE,N
14831,J_1,A3VIOLENCE,N
14831,J_1,A3SYNAGOGUE,N
14831,J_1,A3SWASTIKA,N
14831,J_1,A3DISCRIMINATION,N
46987,J_1,A1ESSENTIAL,N
46987,J_1,A2EVIL,N
46987,J_1,A2CONSPIRACY,N
46987,J_1,A2HIDDENPOWER,N
46987,J_1,A2COLLECTIVEAGENDA,N
46987,J_1,A2CONTROLGOV,N
46987,J_1,A2CONTROLBANKS,N
46987,J_1,A2CONTROLMEDIA,N
46987,J_1,A2LOYALTY,N
46987,J_1,A2DISEASE,N
46987,J_1,A3WEALTH,N
46987,J_1,A3STINGY,N
46987,J_1,A3UNPATRIOTIC,N
46987,J_1,A3CARICATURE,N
46987,J_1,A3VIOLENCE,N
46987,J_1,A3SYNAGOGUE,N
46987,J_1,A3SWASTIKA,N
46987,J_1,A3DISCRIMINATION,N
3107,J_1,A1ESSENTIAL,A
3107,J_1,A2EVIL,N
3107,J_1,A2CONSPIRACY,N
3107,J_1,A2HIDDENPOWER,N
3107,J_1,A2COLLECTIVEAGENDA,N
3107,J_1,A2CONTROLGOV,N
3107,J_1,A2CONTROLBANKS,N
3107,J_1,A2CONTROLMEDIA,N
3107,J_1,A2LOYALTY,N
3107,J_1,A2DISEASE,N
3107,J_1,A3WEALTH,N
3107,J_1,A3STINGY,N
3107,J_1,A3UNPATRIOTIC,N
3107,J_1,A3CARICATURE,N
3107,J_1,A3VIOLENCE,N
3107,J_1,A3SYNAGOGUE,N
3107,J_1,A3SWASTIKA,N
3107,J_1,A3DISCRIMINATION,N
12995,J_1,A1ESSENTIAL,N
12995,J_1,A2EVIL,I
12995,J_1,A2CONSPIRACY,I
12995,J_1,A2HIDDENPOWER,I
12995,J_1,A2COLLECTIVEAGENDA,I
12995,J_1,A2CONTROLGOV,N
12995,J_1,A2CONTROLBANKS,N
12995,J_1,A2CONTROLMEDIA,N
12995,J_1,A2LOYALTY,N
12995,J_1,A2DISEASE,N
12995,J_1,A3WEALTH,N
12995,J_1,A3STINGY,N
12995,J_1,A3UNPATRIOTIC,N
12995,J_1,A3CARICATURE,N
12995,J_1,A3VIOLENCE,N
12995,J_1,A3SYNAGOGUE,N
12995,J_1,A3SWASTIKA,N
12995,J_1,A3DISCRIMINATION,N
9495,J_1,A1ESSENTIAL,I
9495,J_1,A2EVIL,I
9495,J_1,A2CONSPIRACY,N
9495,J_1,A2HIDDENPOWER,N
9495,J_1,A2COLLECTIVEAGENDA,N
9495,J_1,A2CONTROLGOV,N
9495,J_1,A2CONTROLBANKS,N
9495,J_1,A2CONTROLMEDIA,N
9495,J_1,A2LOYALTY,N
9495,J_1,A2DISEASE,N
9495,J_1,A3WEALTH,N
9495,J_1,A3STINGY,N
9495,J_1,A3UNPATRIOTIC,N
9495,J_1,A3CARICATURE,N
9495,J_1,A3VIOLENCE,E
9495,J_1,A3SYNAGOGUE,N
9495,J_1,A3SWASTIKA,N
9495,J_1,A3DISCRIMINATION,N
47711,J_1,A1ESSENTIAL,E
47711,J_1,A2EVIL,I
47711,J_1,A2CONSPIRACY,N
47711,J_1,A2HIDDENPOWER,N
47711,J_1,A2COLLECTIVEAGENDA,N
47711,J_1,A2CONTROLGOV,N
47711,J_1,A2CONTROLBANKS,N
47711,J_1,A2CONTROLMEDIA,N
47711,J_1,A2LOYALTY,N
47711,J_1,A2DISEASE,N
47711,J_1,A3WEALTH,N
47711,J_1,A3STINGY,N
47711,J_1,A3UNPATRIOTIC,N
47711,J_1,A3CARICATURE,N
47711,J_1,A3VIOLENCE,N
47711,J_1,A3SYNAGOGUE,N
47711,J_1,A3SWASTIKA,N
47711,J_1,A3DISCRIMINATION,N
15808,J_1,A1ESSENTIAL,N
15808,J_1,A2EVIL,N
15808,J_1,A2CONSPIRACY,N
15808,J_1,A2HIDDENPOWER,N
15808,J_1,A2COLLECTIVEAGENDA,N
15808,J_1,A2CONTROLGOV,N
15808,J_1,A2CONTROLBANKS,N
15808,J_1,A2CONTROLMEDIA,N
15808,J_1,A2LOYALTY,N
15808,J_1,A2DISEASE,N
15808,J_1,A3WEALTH,N
15808,J_1,A3STINGY,N
15808,J_1,A3UNPATRIOTIC,N
15808,J_1,A3CARICATURE,N
15808,J_1,A3VIOLENCE,N
15808,J_1,A3SYNAGOGUE,N
15808,J_1,A3SWASTIKA,N
15808,J_1,A3DISCRIMINATION,N
34831,J_1,A1ESSENTIAL,N
34831,J_1,A2EVIL,N
34831,J_1,A2CONSPIRACY,N
34831,J_1,A2HIDDENPOWER,N
34831,J_1,A2COLLECTIVEAGENDA,N
34831,J_1,A2CONTROLGOV,N
34831,J_1,A2CONTROLBANKS,N
34831,J_1,A2CONTROLMEDIA,N
34831,J_1,A2LOYALTY,N
34831,J_1,A2DISEASE,N
34831,J_1,A3WEALTH,N
34831,J_1,A3STINGY,N
34831,J_1,A3UNPATRIOTIC,N
34831,J_1,A3CARICATURE,N
34831,J_1,A3VIOLENCE,N
34831,J_1,A3SYNAGOGUE,N
34831,J_1,A3SWASTIKA,N
34831,J_1,A3DISCRIMINATION,N
6896,J_1,A1ESSENTIAL,N
6896,J_1,A2EVIL,N
6896,J_1,A2CONSPIRACY,N
6896,J_1,A2HIDDENPOWER,N
6896,J_1,A2COLLECTIVEAGENDA,N
6896,J_1,A2CONTROLGOV,N
6896,J_1,A2CONTROLBANKS,N
6896,J_1,A2CONTROLMEDIA,N
6896,J_1,A2LOYALTY,N
6896,J_1,A2DISEASE,N
6896,J_1,A3WEALTH,N
6896,J_1,A3STINGY,N
6896,J_1,A3UNPATRIOTIC,N
6896,J_1,A3CARICATURE,N
6896,J_1,A3VIOLENCE,N
6896,J_1,A3SYNAGOGUE,N
6896,J_1,A3SWASTIKA,N
6896,J_1,A3DISCRIMINATION,N
2015,J_1,A1ESSENTIAL,N
2015,J_1,A2EVIL,N
2015,J_1,A2CONSPIRACY,N
2015,J_1,A2HIDDENPOWER,N
2015,J_1,A2COLLECTIVEAGENDA,N
2015,J_1,A2CONTROLGOV,N
2015,J_1,A2CONTROLBANKS,N
2015,J_1,A2CONTROLMEDIA,N
2015,J_1,A2LOYALTY,N
2015,J_1,A2DISEASE,N
2015,J_1,A3WEALTH,N
2015,J_1,A3STINGY,N
2015,J_1,A3UNPATRIOTIC,N
2015,J_1,A3CARICATURE,N
2015,J_1,A3VIOLENCE,N
2015,J_1,A3SYNAGOGUE,N
2015,J_1,A3SWASTIKA,N
2015,J_1,A3DISCRIMINATION,N
46955,J_1,A1ESSENTIAL,E
46955,J_1,A2EVIL,N
46955,J_1,A2CONSPIRACY,N
46955,J_1,A2HIDDENPOWER,N
46955,J_1,A2COLLECTIVEAGENDA,N
46955,J_1,A2CONTROLGOV,N
46955,J_1,A2CONTROLBANKS,N
46955,J_1,A2CONTROLMEDIA,N
46955,J_1,A2LOYALTY,N
46955,J_1,A2DISEASE,N
46955,J_1,A3WEALTH,N
46955,J_1,A3STINGY,N
46955,J_1,A3UNPATRIOTIC,N
46955,J_1,A3CARICATURE,N
46955,J_1,A3VIOLENCE,N
46955,J_1,A3SYNAGOGUE,N
46955,J_1,A3SWASTIKA,N
46955,J_1,A3DISCRIMINATION,N
21201,J_1,A1ESSENTIAL,N
21201,J_1,A2EVIL,N
21201,J_1,A2CONSPIRACY,N
21201,J_1,A2HIDDENPOWER,N
21201,J_1,A2COLLECTIVEAGENDA,N
21201,J_1,A2CONTROLGOV,N
21201,J_1,A2CONTROLBANKS,N
21201,J_1,A2CONTROLMEDIA,N
21201,J_1,A2LOYALTY,N
21201,J_1,A2DISEASE,N
21201,J_1,A3WEALTH,N
21201,J_1,A3STINGY,N
21201,J_1,A3UNPATRIOTIC,N
21201,J_1,A3CARICATURE,N
21201,J_1,A3VIOLENCE,N
21201,J_1,A3SYNAGOGUE,N
21201,J_1,A3SWASTIKA,N
21201,J_1,A3DISCRIMINATION,N
26790,J_1,A1ESSENTIAL,N
26790,J_1,A2EVIL,N
26790,J_1,A2CONSPIRACY,N
26790,J_1,A2HIDDENPOWER,N
26790,J_1,A2COLLECTIVEAGENDA,N
26790,J_1,A2CONTROLGOV,N
26790,J_1,A2CONTROLBANKS,N
26790,J_1,A2CONTROLMEDIA,N
26790,J_1,A2LOYALTY,N
26790,J_1,A2DISEASE,N
26790,J_1,A3WEALTH,I
26790,J_1,A3STINGY,N
26790,J_1,A3UNPATRIOTIC,N
26790,J_1,A3CARICATURE,N
26790,J_1,A3VIOLENCE,E
26790,J_1,A3SYNAGOGUE,N
26790,J_1,A3SWASTIKA,N
26790,J_1,A3DISCRIMINATION,N
41440,J_1,A1ESSENTIAL,N
41440,J_1,A2EVIL,A
41440,J_1,A2CONSPIRACY,A
41440,J_1,A2HIDDENPOWER,A
41440,J_1,A2COLLECTIVEAGENDA,A
41440,J_1,A2CONTROLGOV,N
41440,J_1,A2CONTROLBANKS,N
41440,J_1,A2CONTROLMEDIA,N
41440,J_1,A2LOYALTY,N
41440,J_1,A2DISEASE,N
41440,J_1,A3WEALTH,N
41440,J_1,A3STINGY,N
41440,J_1,A3UNPATRIOTIC,N
41440,J_1,A3CARICATURE,N
41440,J_1,A3VIOLENCE,N
41440,J_1,A3SYNAGOGUE,N
41440,J_1,A3SWASTIKA,N
41440,J_1,A3DISCRIMINATION,N
10313,J_1,A1ESSENTIAL,E
10313,J_1,A2EVIL,N
10313,J_1,A2CONSPIRACY,N
10313,J_1,A2HIDDENPOWER,N
10313,J_1,A2COLLECTIVEAGENDA,N
10313,J_1,A2CONTROLGOV,N
10313,J_1,A2CONTROLBANKS,N
10313,J_1,A2CONTROLMEDIA,N
10313,J_1,A2LOYALTY,N
10313,J_1,A2DISEASE,N
10313,J_1,A3WEALTH,N
10313,J_1,A3STINGY,N
10313,J_1,A3UNPATRIOTIC,N
10313,J_1,A3CARICATURE,N
10313,J_1,A3VIOLENCE,E
10313,J_1,A3SYNAGOGUE,N
10313,J_1,A3SWASTIKA,N
10313,J_1,A3DISCRIMINATION,N
48550,J_1,A1ESSENTIAL,N
48550,J_1,A2EVIL,A
48550,J_1,A2CONSPIRACY,I
48550,J_1,A2HIDDENPOWER,I
48550,J_1,A2COLLECTIVEAGENDA,I
48550,J_1,A2CONTROLGOV,I
48550,J_1,A2CONTROLBANKS,N
48550,J_1,A2CONTROLMEDIA,N
48550,J_1,A2LOYALTY,N
48550,J_1,A2DISEASE,N
48550,J_1,A3WEALTH,N
48550,J_1,A3STINGY,N
48550,J_1,A3UNPATRIOTIC,N
48550,J_1,A3CARICATURE,N
48550,J_1,A3VIOLENCE,N
48550,J_1,A3SYNAGOGUE,N
48550,J_1,A3SWASTIKA,N
48550,J_1,A3DISCRIMINATION,N
47266,J_1,A1ESSENTIAL,N
47266,J_1,A2EVIL,N
47266,J_1,A2CONSPIRACY,N
47266,J_1,A2HIDDENPOWER,N
47266,J_1,A2COLLECTIVEAGENDA,N
47266,J_1,A2CONTROLGOV,N
47266,J_1,A2CONTROLBANKS,N
47266,J_1,A2CONTROLMEDIA,N
47266,J_1,A2LOYALTY,N
47266,J_1,A2DISEASE,N
47266,J_1,A3WEALTH,N
47266,J_1,A3STINGY,N
47266,J_1,A3UNPATRIOTIC,N
47266,J_1,A3CARICATURE,N
47266,J_1,A3VIOLENCE,N
47266,J_1,A3SYNAGOGUE,N
47266,J_1,A3SWASTIKA,N
47266,J_1,A3DISCRIMINATION,N
34749,J_1,A1ESSENTIAL,E
34749,J_1,A2EVIL,I
34749,J_1,A2CONSPIRACY,N
34749,J_1,A2HIDDENPOWER,N
34749,J_1,A2COLLECTIVEAGENDA,N
34749,J_1,A2CONTROLGOV,N
34749,J_1,A2CONTROLBANKS,N
34749,J_1,A2CONTROLMEDIA,N
34749,J_1,A2LOYALTY,N
34749,J_1,A2DISEASE,N
34749,J_1,A3WEALTH,N
34749,J_1,A3STINGY,N
34749,J_1,A3UNPATRIOTIC,N
34749,J_1,A3CARICATURE,N
34749,J_1,A3VIOLENCE,N
34749,J_1,A3SYNAGOGUE,N
34749,J_1,A3SWASTIKA,N
34749,J_1,A3DISCRIMINATION,N
42128,J_1,A1ESSENTIAL,N
42128,J_1,A2EVIL,N
42128,J_1,A2CONSPIRACY,N
42128,J_1,A2HIDDENPOWER,N
42128,J_1,A2COLLECTIVEAGENDA,N
42128,J_1,A2CONTROLGOV,N
42128,J_1,A2CONTROLBANKS,N
42128,J_1,A2CONTROLMEDIA,N
42128,J_1,A2LOYALTY,N
42128,J_1,A2DISEASE,N
42128,J_1,A3WEALTH,N
42128,J_1,A3STINGY,N
42128,J_1,A3UNPATRIOTIC,N
42128,J_1,A3CARICATURE,N
42128,J_1,A3VIOLENCE,E
42128,J_1,A3SYNAGOGUE,N
42128,J_1,A3SWASTIKA,N
42128,J_1,A3DISCRIMINATION,N
9822,J_1,A1ESSENTIAL,E
9822,J_1,A2EVIL,A
9822,J_1,A2CONSPIRACY,N
9822,J_1,A2HIDDENPOWER,N
9822,J_1,A2COLLECTIVEAGENDA,N
9822,J_1,A2CONTROLGOV,N
9822,J_1,A2CONTROLBANKS,N
9822,J_1,A2CONTROLMEDIA,N
9822,J_1,A2LOYALTY,N
9822,J_1,A2DISEASE,N
9822,J_1,A3WEALTH,N
9822,J_1,A3STINGY,N
9822,J_1,A3UNPATRIOTIC,N
9822,J_1,A3CARICATURE,N
9822,J_1,A3VIOLENCE,N
9822,J_1,A3SYNAGOGUE,N
9822,J_1,A3SWASTIKA,N
9822,J_1,A3DISCRIMINATION,N
40688,J_1,A1ESSENTIAL,E
40688,J_1,A2EVIL,E
40688,J_1,A2CONSPIRACY,E
40688,J_1,A2HIDDENPOWER,E
40688,J_1,A2COLLECTIVEAGENDA,E
40688,J_1,A2CONTROLGOV,E
40688,J_1,A2CONTROLBANKS,N
40688,J_1,A2CONTROLMEDIA,N
40688,J_1,A2LOYALTY,I
40688,J_1,A2DISEASE,N
40688,J_1,A3WEALTH,N
40688,J_1,A3STINGY,N
40688,J_1,A3UNPATRIOTIC,N
40688,J_1,A3CARICATURE,N
40688,J_1,A3VIOLENCE,N
40688,J_1,A3SYNAGOGUE,N
40688,J_1,A3SWASTIKA,N
40688,J_1,A3DISCRIMINATION,N
20026,J_1,A1ESSENTIAL,E
20026,J_1,A2EVIL,E
20026,J_1,A2CONSPIRACY,N
20026,J_1,A2HIDDENPOWER,N
20026,J_1,A2COLLECTIVEAGENDA,N
20026,J_1,A2CONTROLGOV,N
20026,J_1,A2CONTROLBANKS,N
20026,J_1,A2CONTROLMEDIA,N
20026,J_1,A2LOYALTY,N
20026,J_1,A2DISEASE,N
20026,J_1,A3WEALTH,N
20026,J_1,A3STINGY,N
20026,J_1,A3UNPATRIOTIC,N
20026,J_1,A3CARICATURE,N
20026,J_1,A3VIOLENCE,N
20026,J_1,A3SYNAGOGUE,N
20026,J_1,A3SWASTIKA,N
20026,J_1,A3DISCRIMINATION,N
27741,J_1,A1ESSENTIAL,N
27741,J_1,A2EVIL,N
27741,J_1,A2CONSPIRACY,N
27741,J_1,A2HIDDENPOWER,N
27741,J_1,A2COLLECTIVEAGENDA,N
27741,J_1,A2CONTROLGOV,N
27741,J_1,A2CONTROLBANKS,N
27741,J_1,A2CONTROLMEDIA,N
27741,J_1,A2LOYALTY,N
27741,J_1,A2DISEASE,N
27741,J_1,A3WEALTH,N
27741,J_1,A3STINGY,N
27741,J_1,A3UNPATRIOTIC,N
27741,J_1,A3CARICATURE,N
27741,J_1,A3VIOLENCE,E
27741,J_1,A3SYNAGOGUE,N
27741,J_1,A3SWASTIKA,N
27741,J_1,A3DISCRIMINATION,N
29799,J_1,A1ESSENTIAL,A
29799,J_1,A2EVIL,N
29799,J_1,A2CONSPIRACY,N
29799,J_1,A2HIDDENPOWER,N
29799,J_1,A2COLLECTIVEAGENDA,N
29799,J_1,A2CONTROLGOV,N
29799,J_1,A2CONTROLBANKS,N
29799,J_1,A2CONTROLMEDIA,N
29799,J_1,A2LOYALTY,N
29799,J_1,A2DISEASE,N
29799,J_1,A3WEALTH,N
29799,J_1,A3STINGY,N
29799,J_1,A3UNPATRIOTIC,N
29799,J_1,A3CARICATURE,N
29799,J_1,A3VIOLENCE,N
29799,J_1,A3SYNAGOGUE,N
29799,J_1,A3SWASTIKA,N
29799,J_1,A3DISCRIMINATION,N
37015,J_1,A1ESSENTIAL,N
37015,J_1,A2EVIL,N
37015,J_1,A2CONSPIRACY,N
37015,J_1,A2HIDDENPOWER,N
37015,J_1,A2COLLECTIVEAGENDA,N
37015,J_1,A2CONTROLGOV,N
37015,J_1,A2CONTROLBANKS,N
37015,J_1,A2CONTROLMEDIA,N
37015,J_1,A2LOYALTY,N
37015,J_1,A2DISEASE,N
37015,J_1,A3WEALTH,N
37015,J_1,A3STINGY,N
37015,J_1,A3UNPATRIOTIC,N
37015,J_1,A3CARICATURE,N
37015,J_1,A3VIOLENCE,N
37015,J_1,A3SYNAGOGUE,N
37015,J_1,A3SWASTIKA,N
37015,J_1,A3DISCRIMINATION,N
37408,J_1,A1ESSENTIAL,N
37408,J_1,A2EVIL,N
37408,J_1,A2CONSPIRACY,N
37408,J_1,A2HIDDENPOWER,N
37408,J_1,A2COLLECTIVEAGENDA,N
37408,J_1,A2CONTROLGOV,N
37408,J_1,A2CONTROLBANKS,N
37408,J_1,A2CONTROLMEDIA,N
37408,J_1,A2LOYALTY,N
37408,J_1,A2DISEASE,N
37408,J_1,A3WEALTH,N
37408,J_1,A3STINGY,N
37408,J_1,A3UNPATRIOTIC,N
37408,J_1,A3CARICATURE,N
37408,J_1,A3VIOLENCE,N
37408,J_1,A3SYNAGOGUE,N
37408,J_1,A3SWASTIKA,N
37408,J_1,A3DISCRIMINATION,N
47998,J_1,A1ESSENTIAL,E
47998,J_1,A2EVIL,N
47998,J_1,A2CONSPIRACY,N
47998,J_1,A2HIDDENPOWER,N
47998,J_1,A2COLLECTIVEAGENDA,N
47998,J_1,A2CONTROLGOV,N
47998,J_1,A2CONTROLBANKS,N
47998,J_1,A2CONTROLMEDIA,N
47998,J_1,A2LOYALTY,N
47998,J_1,A2DISEASE,N
47998,J_1,A3WEALTH,N
47998,J_1,A3STINGY,N
47998,J_1,A3UNPATRIOTIC,N
47998,J_1,A3CARICATURE,N
47998,J_1,A3VIOLENCE,N
47998,J_1,A3SYNAGOGUE,N
47998,J_1,A3SWASTIKA,N
47998,J_1,A3DISCRIMINATION,N
37220,J_1,A1ESSENTIAL,N
37220,J_1,A2EVIL,N
37220,J_1,A2CONSPIRACY,N
37220,J_1,A2HIDDENPOWER,N
37220,J_1,A2COLLECTIVEAGENDA,N
37220,J_1,A2CONTROLGOV,N
37220,J_1,A2CONTROLBANKS,N
37220,J_1,A2CONTROLMEDIA,N
37220,J_1,A2LOYALTY,N
37220,J_1,A2DISEASE,N
37220,J_1,A3WEALTH,N
37220,J_1,A3STINGY,N
37220,J_1,A3UNPATRIOTIC,N
37220,J_1,A3CARICATURE,N
37220,J_1,A3VIOLENCE,N
37220,J_1,A3SYNAGOGUE,N
37220,J_1,A3SWASTIKA,N
37220,J_1,A3DISCRIMINATION,N
24355,J_1,A1ESSENTIAL,N
24355,J_1,A2EVIL,N
24355,J_1,A2CONSPIRACY,N
24355,J_1,A2HIDDENPOWER,N
24355,J_1,A2COLLECTIVEAGENDA,N
24355,J_1,A2CONTROLGOV,N
24355,J_1,A2CONTROLBANKS,N
24355,J_1,A2CONTROLMEDIA,N
24355,J_1,A2LOYALTY,N
24355,J_1,A2DISEASE,N
24355,J_1,A3WEALTH,N
24355,J_1,A3STINGY,N
24355,J_1,A3UNPATRIOTIC,N
24355,J_1,A3CARICATURE,N
24355,J_1,A3VIOLENCE,N
24355,J_1,A3SYNAGOGUE,N
24355,J_1,A3SWASTIKA,N
24355,J_1,A3DISCRIMINATION,N
37159,J_1,A1ESSENTIAL,I
37159,J_1,A2EVIL,I
37159,J_1,A2CONSPIRACY,I
37159,J_1,A2HIDDENPOWER,I
37159,J_1,A2COLLECTIVEAGENDA,I
37159,J_1,A2CONTROLGOV,I
37159,J_1,A2CONTROLBANKS,N
37159,J_1,A2CONTROLMEDIA,N
37159,J_1,A2LOYALTY,I
37159,J_1,A2DISEASE,N
37159,J_1,A3WEALTH,N
37159,J_1,A3STINGY,N
37159,J_1,A3UNPATRIOTIC,N
37159,J_1,A3CARICATURE,N
37159,J_1,A3VIOLENCE,N
37159,J_1,A3SYNAGOGUE,N
37159,J_1,A3SWASTIKA,N
37159,J_1,A3DISCRIMINATION,N
31622,J_1,A1ESSENTIAL,N
31622,J_1,A2EVIL,N
31622,J_1,A2CONSPIRACY,N
31622,J_1,A2HIDDENPOWER,N
31622,J_1,A2COLLECTIVEAGENDA,N
31622,J_1,A2CONTROLGOV,N
31622,J_1,A2CONTROLBANKS,N
31622,J_1,A2CONTROLMEDIA,N
31622,J_1,A2LOYALTY,N
31622,J_1,A2DISEASE,N
31622,J_1,A3WEALTH,N
31622,J_1,A3STINGY,N
31622,J_1,A3UNPATRIOTIC,N
31622,J_1,A3CARICATURE,N
31622,J_1,A3VIOLENCE,N
31622,J_1,A3SYNAGOGUE,N
31622,J_1,A3SWASTIKA,N
31622,J_1,A3DISCRIMINATION,N
49662,J_1,A1ESSENTIAL,N
49662,J_1,A2EVIL,N
49662,J_1,A2CONSPIRACY,N
49662,J_1,A2HIDDENPOWER,N
49662,J_1,A2COLLECTIVEAGENDA,N
49662,J_1,A2CONTROLGOV,N
49662,J_1,A2CONTROLBANKS,N
49662,J_1,A2CONTROLMEDIA,N
49662,J_1,A2LOYALTY,N
49662,J_1,A2DISEASE,N
49662,J_1,A3WEALTH,N
49662,J_1,A3STINGY,N
49662,J_1,A3UNPATRIOTIC,N
49662,J_1,A3CARICATURE,N
49662,J_1,A3VIOLENCE,A
49662,J_1,A3SYNAGOGUE,N
49662,J_1,A3SWASTIKA,N
49662,J_1,A3DISCRIMINATION,N
49186,J_1,A1ESSENTIAL,I
49186,J_1,A2EVIL,N
49186,J_1,A2CONSPIRACY,N
49186,J_1,A2HIDDENPOWER,N
49186,J_1,A2COLLECTIVEAGENDA,N
49186,J_1,A2CONTROLGOV,N
49186,J_1,A2CONTROLBANKS,N
49186,J_1,A2CONTROLMEDIA,N
49186,J_1,A2LOYALTY,N
49186,J_1,A2DISEASE,N
49186,J_1,A3WEALTH,N
49186,J_1,A3STINGY,N
49186,J_1,A3UNPATRIOTIC,N
49186,J_1,A3CARICATURE,N
49186,J_1,A3VIOLENCE,N
49186,J_1,A3SYNAGOGUE,N
49186,J_1,A3SWASTIKA,N
49186,J_1,A3DISCRIMINATION,N
16970,J_1,A1ESSENTIAL,N
16970,J_1,A2EVIL,N
16970,J_1,A2CONSPIRACY,N
16970,J_1,A2HIDDENPOWER,N
16970,J_1,A2COLLECTIVEAGENDA,N
16970,J_1,A2CONTROLGOV,N
16970,J_1,A2CONTROLBANKS,N
16970,J_1,A2CONTROLMEDIA,N
16970,J_1,A2LOYALTY,N
16970,J_1,A2DISEASE,N
16970,J_1,A3WEALTH,N
16970,J_1,A3STINGY,N
16970,J_1,A3UNPATRIOTIC,N
16970,J_1,A3CARICATURE,N
16970,J_1,A3VIOLENCE,N
16970,J_1,A3SYNAGOGUE,N
16970,J_1,A3SWASTIKA,N
16970,J_1,A3DISCRIMINATION,N
13591,J_1,A1ESSENTIAL,N
13591,J_1,A2EVIL,N
13591,J_1,A2CONSPIRACY,N
13591,J_1,A2HIDDENPOWER,N
13591,J_1,A2COLLECTIVEAGENDA,N
13591,J_1,A2CONTROLGOV,N
13591,J_1,A2CONTROLBANKS,N
13591,J_1,A2CONTROLMEDIA,N
13591,J_1,A2LOYALTY,N
13591,J_1,A2DISEASE,N
13591,J_1,A3WEALTH,N
13591,J_1,A3STINGY,N
13591,J_1,A3UNPATRIOTIC,N
13591,J_1,A3CARICATURE,N
13591,J_1,A3VIOLENCE,N
13591,J_1,A3SYNAGOGUE,N
13591,J_1,A3SWASTIKA,N
13591,J_1,A3DISCRIMINATION,N
44545,J_1,A1ESSENTIAL,N
44545,J_1,A2EVIL,N
44545,J_1,A2CONSPIRACY,N
44545,J_1,A2HIDDENPOWER,N
44545,J_1,A2COLLECTIVEAGENDA,N
44545,J_1,A2CONTROLGOV,N
44545,J_1,A2CONTROLBANKS,N
44545,J_1,A2CONTROLMEDIA,N
44545,J_1,A2LOYALTY,N
44545,J_1,A2DISEASE,N
44545,J_1,A3WEALTH,N
44545,J_1,A3STINGY,N
44545,J_1,A3UNPATRIOTIC,N
44545,J_1,A3CARICATURE,N
44545,J_1,A3VIOLENCE,N
44545,J_1,A3SYNAGOGUE,A
44545,J_1,A3SWASTIKA,N
44545,J_1,A3DISCRIMINATION,N
39224,J_1,A1ESSENTIAL,N
39224,J_1,A2EVIL,N
39224,J_1,A2CONSPIRACY,N
39224,J_1,A2HIDDENPOWER,N
39224,J_1,A2COLLECTIVEAGENDA,N
39224,J_1,A2CONTROLGOV,N
39224,J_1,A2CONTROLBANKS,N
39224,J_1,A2CONTROLMEDIA,N
39224,J_1,A2LOYALTY,N
39224,J_1,A2DISEASE,N
39224,J_1,A3WEALTH,N
39224,J_1,A3STINGY,N
39224,J_1,A3UNPATRIOTIC,N
39224,J_1,A3CARICATURE,N
39224,J_1,A3VIOLENCE,N
39224,J_1,A3SYNAGOGUE,N
39224,J_1,A3SWASTIKA,N
39224,J_1,A3DISCRIMINATION,N
30879,J_1,A1ESSENTIAL,N
30879,J_1,A2EVIL,N
30879,J_1,A2CONSPIRACY,N
30879,J_1,A2HIDDENPOWER,N
30879,J_1,A2COLLECTIVEAGENDA,N
30879,J_1,A2CONTROLGOV,N
30879,J_1,A2CONTROLBANKS,N
30879,J_1,A2CONTROLMEDIA,N
30879,J_1,A2LOYALTY,N
30879,J_1,A2DISEASE,N
30879,J_1,A3WEALTH,N
30879,J_1,A3STINGY,N
30879,J_1,A3UNPATRIOTIC,N
30879,J_1,A3CARICATURE,N
30879,J_1,A3VIOLENCE,N
30879,J_1,A3SYNAGOGUE,N
30879,J_1,A3SWASTIKA,N
30879,J_1,A3DISCRIMINATION,N
32751,J_1,A1ESSENTIAL,N
32751,J_1,A2EVIL,N
32751,J_1,A2CONSPIRACY,N
32751,J_1,A2HIDDENPOWER,N
32751,J_1,A2COLLECTIVEAGENDA,N
32751,J_1,A2CONTROLGOV,N
32751,J_1,A2CONTROLBANKS,N
32751,J_1,A2CONTROLMEDIA,N
32751,J_1,A2LOYALTY,N
32751,J_1,A2DISEASE,N
32751,J_1,A3WEALTH,N
32751,J_1,A3STINGY,N
32751,J_1,A3UNPATRIOTIC,N
32751,J_1,A3CARICATURE,N
32751,J_1,A3VIOLENCE,I
32751,J_1,A3SYNAGOGUE,N
32751,J_1,A3SWASTIKA,N
32751,J_1,A3DISCRIMINATION,N
8157,J_1,A1ESSENTIAL,N
8157,J_1,A2EVIL,N
8157,J_1,A2CONSPIRACY,N
8157,J_1,A2HIDDENPOWER,N
8157,J_1,A2COLLECTIVEAGENDA,N
8157,J_1,A2CONTROLGOV,N
8157,J_1,A2CONTROLBANKS,N
8157,J_1,A2CONTROLMEDIA,N
8157,J_1,A2LOYALTY,N
8157,J_1,A2DISEASE,N
8157,J_1,A3WEALTH,N
8157,J_1,A3STINGY,N
8157,J_1,A3UNPATRIOTIC,N
8157,J_1,A3CARICATURE,N
8157,J_1,A3VIOLENCE,N
8157,J_1,A3SYNAGOGUE,N
8157,J_1,A3SWASTIKA,N
8157,J_1,A3DISCRIMINATION,N
7723,J_1,A1ESSENTIAL,N
7723,J_1,A2EVIL,N
7723,J_1,A2CONSPIRACY,N
7723,J_1,A2HIDDENPOWER,N
7723,J_1,A2COLLECTIVEAGENDA,N
7723,J_1,A2CONTROLGOV,N
7723,J_1,A2CONTROLBANKS,N
7723,J_1,A2CONTROLMEDIA,N
7723,J_1,A2LOYALTY,N
7723,J_1,A2DISEASE,N
7723,J_1,A3WEALTH,N
7723,J_1,A3STINGY,N
7723,J_1,A3UNPATRIOTIC,N
7723,J_1,A3CARICATURE,N
7723,J_1,A3VIOLENCE,N
7723,J_1,A3SYNAGOGUE,N
7723,J_1,A3SWASTIKA,N
7723,J_1,A3DISCRIMINATION,N
7992,J_1,A1ESSENTIAL,I
7992,J_1,A2EVIL,N
7992,J_1,A2CONSPIRACY,N
7992,J_1,A2HIDDENPOWER,N
7992,J_1,A2COLLECTIVEAGENDA,N
7992,J_1,A2CONTROLGOV,N
7992,J_1,A2CONTROLBANKS,N
7992,J_1,A2CONTROLMEDIA,N
7992,J_1,A2LOYALTY,N
7992,J_1,A2DISEASE,N
7992,J_1,A3WEALTH,N
7992,J_1,A3STINGY,N
7992,J_1,A3UNPATRIOTIC,N
7992,J_1,A3CARICATURE,N
7992,J_1,A3VIOLENCE,N
7992,J_1,A3SYNAGOGUE,N
7992,J_1,A3SWASTIKA,N
7992,J_1,A3DISCRIMINATION,N
9689,J_1,A1ESSENTIAL,N
9689,J_1,A2EVIL,I
9689,J_1,A2CONSPIRACY,N
9689,J_1,A2HIDDENPOWER,N
9689,J_1,A2COLLECTIVEAGENDA,N
9689,J_1,A2CONTROLGOV,N
9689,J_1,A2CONTROLBANKS,N
9689,J_1,A2CONTROLMEDIA,N
9689,J_1,A2LOYALTY,N
9689,J_1,A2DISEASE,N
9689,J_1,A3WEALTH,N
9689,J_1,A3STINGY,N
9689,J_1,A3UNPATRIOTIC,N
9689,J_1,A3CARICATURE,N
9689,J_1,A3VIOLENCE,N
9689,J_1,A3SYNAGOGUE,N
9689,J_1,A3SWASTIKA,N
9689,J_1,A3DISCRIMINATION,N
43101,J_1,A1ESSENTIAL,E
43101,J_1,A2EVIL,N
43101,J_1,A2CONSPIRACY,N
43101,J_1,A2HIDDENPOWER,N
43101,J_1,A2COLLECTIVEAGENDA,N
43101,J_1,A2CONTROLGOV,N
43101,J_1,A2CONTROLBANKS,N
43101,J_1,A2CONTROLMEDIA,N
43101,J_1,A2LOYALTY,N
43101,J_1,A2DISEASE,N
43101,J_1,A3WEALTH,N
43101,J_1,A3STINGY,E
43101,J_1,A3UNPATRIOTIC,N
43101,J_1,A3CARICATURE,I
43101,J_1,A3VIOLENCE,N
43101,J_1,A3SYNAGOGUE,N
43101,J_1,A3SWASTIKA,N
43101,J_1,A3DISCRIMINATION,N
6646,J_1,A1ESSENTIAL,N
6646,J_1,A2EVIL,N
6646,J_1,A2CONSPIRACY,N
6646,J_1,A2HIDDENPOWER,N
6646,J_1,A2COLLECTIVEAGENDA,N
6646,J_1,A2CONTROLGOV,N
6646,J_1,A2CONTROLBANKS,N
6646,J_1,A2CONTROLMEDIA,N
6646,J_1,A2LOYALTY,N
6646,J_1,A2DISEASE,N
6646,J_1,A3WEALTH,N
6646,J_1,A3STINGY,N
6646,J_1,A3UNPATRIOTIC,N
6646,J_1,A3CARICATURE,N
6646,J_1,A3VIOLENCE,N
6646,J_1,A3SYNAGOGUE,N
6646,J_1,A3SWASTIKA,N
6646,J_1,A3DISCRIMINATION,N
10575,J_1,A1ESSENTIAL,N
10575,J_1,A2EVIL,N
10575,J_1,A2CONSPIRACY,N
10575,J_1,A2HIDDENPOWER,N
10575,J_1,A2COLLECTIVEAGENDA,N
10575,J_1,A2CONTROLGOV,N
10575,J_1,A2CONTROLBANKS,N
10575,J_1,A2CONTROLMEDIA,N
10575,J_1,A2LOYALTY,N
10575,J_1,A2DISEASE,N
10575,J_1,A3WEALTH,N
10575,J_1,A3STINGY,N
10575,J_1,A3UNPATRIOTIC,N
10575,J_1,A3CARICATURE,N
10575,J_1,A3VIOLENCE,N
10575,J_1,A3SYNAGOGUE,N
10575,J_1,A3SWASTIKA,N
10575,J_1,A3DISCRIMINATION,N
20051,J_1,A1ESSENTIAL,N
20051,J_1,A2EVIL,N
20051,J_1,A2CONSPIRACY,N
20051,J_1,A2HIDDENPOWER,N
20051,J_1,A2COLLECTIVEAGENDA,N
20051,J_1,A2CONTROLGOV,N
20051,J_1,A2CONTROLBANKS,N
20051,J_1,A2CONTROLMEDIA,N
20051,J_1,A2LOYALTY,N
20051,J_1,A2DISEASE,N
20051,J_1,A3WEALTH,N
20051,J_1,A3STINGY,N
20051,J_1,A3UNPATRIOTIC,N
20051,J_1,A3CARICATURE,N
20051,J_1,A3VIOLENCE,N
20051,J_1,A3SYNAGOGUE,N
20051,J_1,A3SWASTIKA,N
20051,J_1,A3DISCRIMINATION,N
47793,J_1,A1ESSENTIAL,N
47793,J_1,A2EVIL,N
47793,J_1,A2CONSPIRACY,I
47793,J_1,A2HIDDENPOWER,I
47793,J_1,A2COLLECTIVEAGENDA,I
47793,J_1,A2CONTROLGOV,I
47793,J_1,A2CONTROLBANKS,N
47793,J_1,A2CONTROLMEDIA,N
47793,J_1,A2LOYALTY,I
47793,J_1,A2DISEASE,N
47793,J_1,A3WEALTH,N
47793,J_1,A3STINGY,N
47793,J_1,A3UNPATRIOTIC,N
47793,J_1,A3CARICATURE,N
47793,J_1,A3VIOLENCE,N
47793,J_1,A3SYNAGOGUE,N
47793,J_1,A3SWASTIKA,N
47793,J_1,A3DISCRIMINATION,N
31537,J_1,A1ESSENTIAL,N
31537,J_1,A2EVIL,N
31537,J_1,A2CONSPIRACY,N
31537,J_1,A2HIDDENPOWER,N
31537,J_1,A2COLLECTIVEAGENDA,N
31537,J_1,A2CONTROLGOV,N
31537,J_1,A2CONTROLBANKS,N
31537,J_1,A2CONTROLMEDIA,N
31537,J_1,A2LOYALTY,N
31537,J_1,A2DISEASE,N
31537,J_1,A3WEALTH,N
31537,J_1,A3STINGY,N
31537,J_1,A3UNPATRIOTIC,N
31537,J_1,A3CARICATURE,N
31537,J_1,A3VIOLENCE,N
31537,J_1,A3SYNAGOGUE,N
31537,J_1,A3SWASTIKA,N
31537,J_1,A3DISCRIMINATION,N
20047,J_1,A1ESSENTIAL,E
20047,J_1,A2EVIL,I
20047,J_1,A2CONSPIRACY,N
20047,J_1,A2HIDDENPOWER,N
20047,J_1,A2COLLECTIVEAGENDA,N
20047,J_1,A2CONTROLGOV,N
20047,J_1,A2CONTROLBANKS,N
20047,J_1,A2CONTROLMEDIA,N
20047,J_1,A2LOYALTY,N
20047,J_1,A2DISEASE,N
20047,J_1,A3WEALTH,N
20047,J_1,A3STINGY,N
20047,J_1,A3UNPATRIOTIC,N
20047,J_1,A3CARICATURE,N
20047,J_1,A3VIOLENCE,N
20047,J_1,A3SYNAGOGUE,N
20047,J_1,A3SWASTIKA,N
20047,J_1,A3DISCRIMINATION,N
12712,J_1,A1ESSENTIAL,N
12712,J_1,A2EVIL,N
12712,J_1,A2CONSPIRACY,N
12712,J_1,A2HIDDENPOWER,N
12712,J_1,A2COLLECTIVEAGENDA,N
12712,J_1,A2CONTROLGOV,N
12712,J_1,A2CONTROLBANKS,N
12712,J_1,A2CONTROLMEDIA,N
12712,J_1,A2LOYALTY,N
12712,J_1,A2DISEASE,N
12712,J_1,A3WEALTH,N
12712,J_1,A3STINGY,N
12712,J_1,A3UNPATRIOTIC,N
12712,J_1,A3CARICATURE,N
12712,J_1,A3VIOLENCE,N
12712,J_1,A3SYNAGOGUE,N
12712,J_1,A3SWASTIKA,N
12712,J_1,A3DISCRIMINATION,N
638,J_1,A1ESSENTIAL,N
638,J_1,A2EVIL,N
638,J_1,A2CONSPIRACY,N
638,J_1,A2HIDDENPOWER,N
638,J_1,A2COLLECTIVEAGENDA,N
638,J_1,A2CONTROLGOV,N
638,J_1,A2CONTROLBANKS,N
638,J_1,A2CONTROLMEDIA,N
638,J_1,A2LOYALTY,N
638,J_1,A2DISEASE,N
638,J_1,A3WEALTH,N
638,J_1,A3STINGY,N
638,J_1,A3UNPATRIOTIC,N
638,J_1,A3CARICATURE,N
638,J_1,A3VIOLENCE,N
638,J_1,A3SYNAGOGUE,N
638,J_1,A3SWASTIKA,N
638,J_1,A3DISCRIMINATION,N
43275,J_1,A1ESSENTIAL,N
43275,J_1,A2EVIL,I
43275,J_1,A2CONSPIRACY,N
43275,J_1,A2HIDDENPOWER,N
43275,J_1,A2COLLECTIVEAGENDA,N
43275,J_1,A2CONTROLGOV,N
43275,J_1,A2CONTROLBANKS,N
43275,J_1,A2CONTROLMEDIA,N
43275,J_1,A2LOYALTY,N
43275,J_1,A2DISEASE,N
43275,J_1,A3WEALTH,N
43275,J_1,A3STINGY,N
43275,J_1,A3UNPATRIOTIC,N
43275,J_1,A3CARICATURE,N
43275,J_1,A3VIOLENCE,N
43275,J_1,A3SYNAGOGUE,N
43275,J_1,A3SWASTIKA,N
43275,J_1,A3DISCRIMINATION,N
41494,J_1,A1ESSENTIAL,I
41494,J_1,A2EVIL,N
41494,J_1,A2CONSPIRACY,I
41494,J_1,A2HIDDENPOWER,I
41494,J_1,A2COLLECTIVEAGENDA,I
41494,J_1,A2CONTROLGOV,N
41494,J_1,A2CONTROLBANKS,N
41494,J_1,A2CONTROLMEDIA,N
41494,J_1,A2LOYALTY,N
41494,J_1,A2DISEASE,N
41494,J_1,A3WEALTH,N
41494,J_1,A3STINGY,N
41494,J_1,A3UNPATRIOTIC,N
41494,J_1,A3CARICATURE,N
41494,J_1,A3VIOLENCE,N
41494,J_1,A3SYNAGOGUE,N
41494,J_1,A3SWASTIKA,N
41494,J_1,A3DISCRIMINATION,N
24778,J_1,A1ESSENTIAL,N
24778,J_1,A2EVIL,N
24778,J_1,A2CONSPIRACY,N
24778,J_1,A2HIDDENPOWER,N
24778,J_1,A2COLLECTIVEAGENDA,N
24778,J_1,A2CONTROLGOV,N
24778,J_1,A2CONTROLBANKS,N
24778,J_1,A2CONTROLMEDIA,N
24778,J_1,A2LOYALTY,N
24778,J_1,A2DISEASE,N
24778,J_1,A3WEALTH,N
24778,J_1,A3STINGY,N
24778,J_1,A3UNPATRIOTIC,N
24778,J_1,A3CARICATURE,N
24778,J_1,A3VIOLENCE,N
24778,J_1,A3SYNAGOGUE,N
24778,J_1,A3SWASTIKA,N
24778,J_1,A3DISCRIMINATION,N
22629,J_1,A1ESSENTIAL,N
22629,J_1,A2EVIL,N
22629,J_1,A2CONSPIRACY,I
22629,J_1,A2HIDDENPOWER,N
22629,J_1,A2COLLECTIVEAGENDA,N
22629,J_1,A2CONTROLGOV,I
22629,J_1,A2CONTROLBANKS,N
22629,J_1,A2CONTROLMEDIA,N
22629,J_1,A2LOYALTY,I
22629,J_1,A2DISEASE,N
22629,J_1,A3WEALTH,N
22629,J_1,A3STINGY,N
22629,J_1,A3UNPATRIOTIC,N
22629,J_1,A3CARICATURE,N
22629,J_1,A3VIOLENCE,N
22629,J_1,A3SYNAGOGUE,N
22629,J_1,A3SWASTIKA,N
22629,J_1,A3DISCRIMINATION,N
49143,J_1,A1ESSENTIAL,I
49143,J_1,A2EVIL,I
49143,J_1,A2CONSPIRACY,I
49143,J_1,A2HIDDENPOWER,I
49143,J_1,A2COLLECTIVEAGENDA,I
49143,J_1,A2CONTROLGOV,N
49143,J_1,A2CONTROLBANKS,N
49143,J_1,A2CONTROLMEDIA,N
49143,J_1,A2LOYALTY,N
49143,J_1,A2DISEASE,N
49143,J_1,A3WEALTH,N
49143,J_1,A3STINGY,N
49143,J_1,A3UNPATRIOTIC,N
49143,J_1,A3CARICATURE,N
49143,J_1,A3VIOLENCE,N
49143,J_1,A3SYNAGOGUE,N
49143,J_1,A3SWASTIKA,N
49143,J_1,A3DISCRIMINATION,N
4583,J_1,A1ESSENTIAL,N
4583,J_1,A2EVIL,N
4583,J_1,A2CONSPIRACY,N
4583,J_1,A2HIDDENPOWER,N
4583,J_1,A2COLLECTIVEAGENDA,N
4583,J_1,A2CONTROLGOV,N
4583,J_1,A2CONTROLBANKS,N
4583,J_1,A2CONTROLMEDIA,N
4583,J_1,A2LOYALTY,N
4583,J_1,A2DISEASE,N
4583,J_1,A3WEALTH,N
4583,J_1,A3STINGY,N
4583,J_1,A3UNPATRIOTIC,N
4583,J_1,A3CARICATURE,N
4583,J_1,A3VIOLENCE,N
4583,J_1,A3SYNAGOGUE,N
4583,J_1,A3SWASTIKA,N
4583,J_1,A3DISCRIMINATION,N
5876,J_1,A1ESSENTIAL,I
5876,J_1,A2EVIL,N
5876,J_1,A2CONSPIRACY,N
5876,J_1,A2HIDDENPOWER,N
5876,J_1,A2COLLECTIVEAGENDA,N
5876,J_1,A2CONTROLGOV,N
5876,J_1,A2CONTROLBANKS,N
5876,J_1,A2CONTROLMEDIA,N
5876,J_1,A2LOYALTY,I
5876,J_1,A2DISEASE,N
5876,J_1,A3WEALTH,N
5876,J_1,A3STINGY,N
5876,J_1,A3UNPATRIOTIC,N
5876,J_1,A3CARICATURE,N
5876,J_1,A3VIOLENCE,N
5876,J_1,A3SYNAGOGUE,N
5876,J_1,A3SWASTIKA,N
5876,J_1,A3DISCRIMINATION,N
33645,J_1,A1ESSENTIAL,N
33645,J_1,A2EVIL,N
33645,J_1,A2CONSPIRACY,N
33645,J_1,A2HIDDENPOWER,N
33645,J_1,A2COLLECTIVEAGENDA,N
33645,J_1,A2CONTROLGOV,N
33645,J_1,A2CONTROLBANKS,N
33645,J_1,A2CONTROLMEDIA,N
33645,J_1,A2LOYALTY,N
33645,J_1,A2DISEASE,N
33645,J_1,A3WEALTH,N
33645,J_1,A3STINGY,N
33645,J_1,A3UNPATRIOTIC,N
33645,J_1,A3CARICATURE,N
33645,J_1,A3VIOLENCE,N
33645,J_1,A3SYNAGOGUE,N
33645,J_1,A3SWASTIKA,N
33645,J_1,A3DISCRIMINATION,N
15324,J_1,A1ESSENTIAL,N
15324,J_1,A2EVIL,N
15324,J_1,A2CONSPIRACY,N
15324,J_1,A2HIDDENPOWER,N
15324,J_1,A2COLLECTIVEAGENDA,N
15324,J_1,A2CONTROLGOV,N
15324,J_1,A2CONTROLBANKS,N
15324,J_1,A2CONTROLMEDIA,N
15324,J_1,A2LOYALTY,N
15324,J_1,A2DISEASE,N
15324,J_1,A3WEALTH,N
15324,J_1,A3STINGY,N
15324,J_1,A3UNPATRIOTIC,N
15324,J_1,A3CARICATURE,N
15324,J_1,A3VIOLENCE,N
15324,J_1,A3SYNAGOGUE,N
15324,J_1,A3SWASTIKA,N
15324,J_1,A3DISCRIMINATION,N
46932,J_1,A1ESSENTIAL,N
46932,J_1,A2EVIL,N
46932,J_1,A2CONSPIRACY,I
46932,J_1,A2HIDDENPOWER,I
46932,J_1,A2COLLECTIVEAGENDA,N
46932,J_1,A2CONTROLGOV,N
46932,J_1,A2CONTROLBANKS,I
46932,J_1,A2CONTROLMEDIA,N
46932,J_1,A2LOYALTY,N
46932,J_1,A2DISEASE,N
46932,J_1,A3WEALTH,N
46932,J_1,A3STINGY,N
46932,J_1,A3UNPATRIOTIC,N
46932,J_1,A3CARICATURE,N
46932,J_1,A3VIOLENCE,N
46932,J_1,A3SYNAGOGUE,N
46932,J_1,A3SWASTIKA,N
46932,J_1,A3DISCRIMINATION,N
8840,J_1,A1ESSENTIAL,N
8840,J_1,A2EVIL,N
8840,J_1,A2CONSPIRACY,N
8840,J_1,A2HIDDENPOWER,N
8840,J_1,A2COLLECTIVEAGENDA,N
8840,J_1,A2CONTROLGOV,N
8840,J_1,A2CONTROLBANKS,N
8840,J_1,A2CONTROLMEDIA,N
8840,J_1,A2LOYALTY,N
8840,J_1,A2DISEASE,N
8840,J_1,A3WEALTH,N
8840,J_1,A3STINGY,N
8840,J_1,A3UNPATRIOTIC,N
8840,J_1,A3CARICATURE,N
8840,J_1,A3VIOLENCE,N
8840,J_1,A3SYNAGOGUE,N
8840,J_1,A3SWASTIKA,N
8840,J_1,A3DISCRIMINATION,N
44905,J_1,A1ESSENTIAL,N
44905,J_1,A2EVIL,N
44905,J_1,A2CONSPIRACY,N
44905,J_1,A2HIDDENPOWER,N
44905,J_1,A2COLLECTIVEAGENDA,N
44905,J_1,A2CONTROLGOV,N
44905,J_1,A2CONTROLBANKS,N
44905,J_1,A2CONTROLMEDIA,N
44905,J_1,A2LOYALTY,N
44905,J_1,A2DISEASE,N
44905,J_1,A3WEALTH,I
44905,J_1,A3STINGY,N
44905,J_1,A3UNPATRIOTIC,N
44905,J_1,A3CARICATURE,N
44905,J_1,A3VIOLENCE,N
44905,J_1,A3SYNAGOGUE,N
44905,J_1,A3SWASTIKA,N
44905,J_1,A3DISCRIMINATION,N
45242,J_1,A1ESSENTIAL,A
45242,J_1,A2EVIL,N
45242,J_1,A2CONSPIRACY,N
45242,J_1,A2HIDDENPOWER,N
45242,J_1,A2COLLECTIVEAGENDA,I
45242,J_1,A2CONTROLGOV,N
45242,J_1,A2CONTROLBANKS,N
45242,J_1,A2CONTROLMEDIA,N
45242,J_1,A2LOYALTY,N
45242,J_1,A2DISEASE,N
45242,J_1,A3WEALTH,N
45242,J_1,A3STINGY,N
45242,J_1,A3UNPATRIOTIC,N
45242,J_1,A3CARICATURE,N
45242,J_1,A3VIOLENCE,N
45242,J_1,A3SYNAGOGUE,N
45242,J_1,A3SWASTIKA,N
45242,J_1,A3DISCRIMINATION,N
9340,J_1,A1ESSENTIAL,N
9340,J_1,A2EVIL,N
9340,J_1,A2CONSPIRACY,N
9340,J_1,A2HIDDENPOWER,N
9340,J_1,A2COLLECTIVEAGENDA,N
9340,J_1,A2CONTROLGOV,N
9340,J_1,A2CONTROLBANKS,N
9340,J_1,A2CONTROLMEDIA,N
9340,J_1,A2LOYALTY,N
9340,J_1,A2DISEASE,N
9340,J_1,A3WEALTH,N
9340,J_1,A3STINGY,N
9340,J_1,A3UNPATRIOTIC,N
9340,J_1,A3CARICATURE,N
9340,J_1,A3VIOLENCE,A
9340,J_1,A3SYNAGOGUE,N
9340,J_1,A3SWASTIKA,N
9340,J_1,A3DISCRIMINATION,N
326,J_1,A1ESSENTIAL,N
326,J_1,A2EVIL,N
326,J_1,A2CONSPIRACY,N
326,J_1,A2HIDDENPOWER,N
326,J_1,A2COLLECTIVEAGENDA,N
326,J_1,A2CONTROLGOV,N
326,J_1,A2CONTROLBANKS,N
326,J_1,A2CONTROLMEDIA,N
326,J_1,A2LOYALTY,N
326,J_1,A2DISEASE,N
326,J_1,A3WEALTH,N
326,J_1,A3STINGY,N
326,J_1,A3UNPATRIOTIC,N
326,J_1,A3CARICATURE,N
326,J_1,A3VIOLENCE,N
326,J_1,A3SYNAGOGUE,N
326,J_1,A3SWASTIKA,N
326,J_1,A3DISCRIMINATION,N
10950,J_1,A1ESSENTIAL,N
10950,J_1,A2EVIL,I
10950,J_1,A2CONSPIRACY,N
10950,J_1,A2HIDDENPOWER,N
10950,J_1,A2COLLECTIVEAGENDA,N
10950,J_1,A2CONTROLGOV,N
10950,J_1,A2CONTROLBANKS,N
10950,J_1,A2CONTROLMEDIA,N
10950,J_1,A2LOYALTY,N
10950,J_1,A2DISEASE,I
10950,J_1,A3WEALTH,N
10950,J_1,A3STINGY,N
10950,J_1,A3UNPATRIOTIC,N
10950,J_1,A3CARICATURE,N
10950,J_1,A3VIOLENCE,N
10950,J_1,A3SYNAGOGUE,N
10950,J_1,A3SWASTIKA,N
10950,J_1,A3DISCRIMINATION,N
21039,J_1,A1ESSENTIAL,N
21039,J_1,A2EVIL,N
21039,J_1,A2CONSPIRACY,N
21039,J_1,A2HIDDENPOWER,N
21039,J_1,A2COLLECTIVEAGENDA,N
21039,J_1,A2CONTROLGOV,N
21039,J_1,A2CONTROLBANKS,N
21039,J_1,A2CONTROLMEDIA,N
21039,J_1,A2LOYALTY,N
21039,J_1,A2DISEASE,N
21039,J_1,A3WEALTH,N
21039,J_1,A3STINGY,N
21039,J_1,A3UNPATRIOTIC,N
21039,J_1,A3CARICATURE,N
21039,J_1,A3VIOLENCE,N
21039,J_1,A3SYNAGOGUE,N
21039,J_1,A3SWASTIKA,N
21039,J_1,A3DISCRIMINATION,N
8453,J_1,A1ESSENTIAL,N
8453,J_1,A2EVIL,N
8453,J_1,A2CONSPIRACY,N
8453,J_1,A2HIDDENPOWER,N
8453,J_1,A2COLLECTIVEAGENDA,N
8453,J_1,A2CONTROLGOV,N
8453,J_1,A2CONTROLBANKS,N
8453,J_1,A2CONTROLMEDIA,N
8453,J_1,A2LOYALTY,N
8453,J_1,A2DISEASE,N
8453,J_1,A3WEALTH,N
8453,J_1,A3STINGY,N
8453,J_1,A3UNPATRIOTIC,N
8453,J_1,A3CARICATURE,I
8453,J_1,A3VIOLENCE,N
8453,J_1,A3SYNAGOGUE,N
8453,J_1,A3SWASTIKA,N
8453,J_1,A3DISCRIMINATION,N
32143,J_1,A1ESSENTIAL,N
32143,J_1,A2EVIL,N
32143,J_1,A2CONSPIRACY,N
32143,J_1,A2HIDDENPOWER,N
32143,J_1,A2COLLECTIVEAGENDA,N
32143,J_1,A2CONTROLGOV,N
32143,J_1,A2CONTROLBANKS,N
32143,J_1,A2CONTROLMEDIA,N
32143,J_1,A2LOYALTY,N
32143,J_1,A2DISEASE,N
32143,J_1,A3WEALTH,N
32143,J_1,A3STINGY,N
32143,J_1,A3UNPATRIOTIC,N
32143,J_1,A3CARICATURE,N
32143,J_1,A3VIOLENCE,I
32143,J_1,A3SYNAGOGUE,N
32143,J_1,A3SWASTIKA,N
32143,J_1,A3DISCRIMINATION,N
17541,J_1,A1ESSENTIAL,N
17541,J_1,A2EVIL,N
17541,J_1,A2CONSPIRACY,N
17541,J_1,A2HIDDENPOWER,N
17541,J_1,A2COLLECTIVEAGENDA,N
17541,J_1,A2CONTROLGOV,N
17541,J_1,A2CONTROLBANKS,N
17541,J_1,A2CONTROLMEDIA,N
17541,J_1,A2LOYALTY,N
17541,J_1,A2DISEASE,N
17541,J_1,A3WEALTH,N
17541,J_1,A3STINGY,N
17541,J_1,A3UNPATRIOTIC,N
17541,J_1,A3CARICATURE,N
17541,J_1,A3VIOLENCE,N
17541,J_1,A3SYNAGOGUE,N
17541,J_1,A3SWASTIKA,N
17541,J_1,A3DISCRIMINATION,N
25845,J_1,A1ESSENTIAL,N
25845,J_1,A2EVIL,N
25845,J_1,A2CONSPIRACY,N
25845,J_1,A2HIDDENPOWER,N
25845,J_1,A2COLLECTIVEAGENDA,N
25845,J_1,A2CONTROLGOV,N
25845,J_1,A2CONTROLBANKS,N
25845,J_1,A2CONTROLMEDIA,N
25845,J_1,A2LOYALTY,N
25845,J_1,A2DISEASE,N
25845,J_1,A3WEALTH,N
25845,J_1,A3STINGY,N
25845,J_1,A3UNPATRIOTIC,N
25845,J_1,A3CARICATURE,N
25845,J_1,A3VIOLENCE,N
25845,J_1,A3SYNAGOGUE,N
25845,J_1,A3SWASTIKA,N
25845,J_1,A3DISCRIMINATION,N
15387,J_1,A1ESSENTIAL,N
15387,J_1,A2EVIL,N
15387,J_1,A2CONSPIRACY,N
15387,J_1,A2HIDDENPOWER,N
15387,J_1,A2COLLECTIVEAGENDA,N
15387,J_1,A2CONTROLGOV,N
15387,J_1,A2CONTROLBANKS,N
15387,J_1,A2CONTROLMEDIA,N
15387,J_1,A2LOYALTY,N
15387,J_1,A2DISEASE,N
15387,J_1,A3WEALTH,N
15387,J_1,A3STINGY,N
15387,J_1,A3UNPATRIOTIC,N
15387,J_1,A3CARICATURE,N
15387,J_1,A3VIOLENCE,N
15387,J_1,A3SYNAGOGUE,N
15387,J_1,A3SWASTIKA,N
15387,J_1,A3DISCRIMINATION,N
5687,J_1,A1ESSENTIAL,N
5687,J_1,A2EVIL,N
5687,J_1,A2CONSPIRACY,N
5687,J_1,A2HIDDENPOWER,N
5687,J_1,A2COLLECTIVEAGENDA,N
5687,J_1,A2CONTROLGOV,N
5687,J_1,A2CONTROLBANKS,N
5687,J_1,A2CONTROLMEDIA,N
5687,J_1,A2LOYALTY,N
5687,J_1,A2DISEASE,N
5687,J_1,A3WEALTH,N
5687,J_1,A3STINGY,N
5687,J_1,A3UNPATRIOTIC,N
5687,J_1,A3CARICATURE,N
5687,J_1,A3VIOLENCE,N
5687,J_1,A3SYNAGOGUE,N
5687,J_1,A3SWASTIKA,N
5687,J_1,A3DISCRIMINATION,N
10827,J_1,A1ESSENTIAL,N
10827,J_1,A2EVIL,N
10827,J_1,A2CONSPIRACY,N
10827,J_1,A2HIDDENPOWER,N
10827,J_1,A2COLLECTIVEAGENDA,N
10827,J_1,A2CONTROLGOV,N
10827,J_1,A2CONTROLBANKS,N
10827,J_1,A2CONTROLMEDIA,N
10827,J_1,A2LOYALTY,N
10827,J_1,A2DISEASE,N
10827,J_1,A3WEALTH,N
10827,J_1,A3STINGY,N
10827,J_1,A3UNPATRIOTIC,N
10827,J_1,A3CARICATURE,N
10827,J_1,A3VIOLENCE,N
10827,J_1,A3SYNAGOGUE,N
10827,J_1,A3SWASTIKA,N
10827,J_1,A3DISCRIMINATION,N
11840,J_1,A1ESSENTIAL,N
11840,J_1,A2EVIL,N
11840,J_1,A2CONSPIRACY,N
11840,J_1,A2HIDDENPOWER,N
11840,J_1,A2COLLECTIVEAGENDA,N
11840,J_1,A2CONTROLGOV,N
11840,J_1,A2CONTROLBANKS,N
11840,J_1,A2CONTROLMEDIA,N
11840,J_1,A2LOYALTY,N
11840,J_1,A2DISEASE,N
11840,J_1,A3WEALTH,N
11840,J_1,A3STINGY,N
11840,J_1,A3UNPATRIOTIC,N
11840,J_1,A3CARICATURE,N
11840,J_1,A3VIOLENCE,E
11840,J_1,A3SYNAGOGUE,N
11840,J_1,A3SWASTIKA,N
11840,J_1,A3DISCRIMINATION,N
47247,J_1,A1ESSENTIAL,N
47247,J_1,A2EVIL,N
47247,J_1,A2CONSPIRACY,N
47247,J_1,A2HIDDENPOWER,N
47247,J_1,A2COLLECTIVEAGENDA,N
47247,J_1,A2CONTROLGOV,N
47247,J_1,A2CONTROLBANKS,N
47247,J_1,A2CONTROLMEDIA,N
47247,J_1,A2LOYALTY,N
47247,J_1,A2DISEASE,N
47247,J_1,A3WEALTH,N
47247,J_1,A3STINGY,N
47247,J_1,A3UNPATRIOTIC,N
47247,J_1,A3CARICATURE,N
47247,J_1,A3VIOLENCE,N
47247,J_1,A3SYNAGOGUE,N
47247,J_1,A3SWASTIKA,N
47247,J_1,A3DISCRIMINATION,N
47049,J_1,A1ESSENTIAL,N
47049,J_1,A2EVIL,N
47049,J_1,A2CONSPIRACY,N
47049,J_1,A2HIDDENPOWER,N
47049,J_1,A2COLLECTIVEAGENDA,N
47049,J_1,A2CONTROLGOV,N
47049,J_1,A2CONTROLBANKS,N
47049,J_1,A2CONTROLMEDIA,N
47049,J_1,A2LOYALTY,N
47049,J_1,A2DISEASE,N
47049,J_1,A3WEALTH,N
47049,J_1,A3STINGY,N
47049,J_1,A3UNPATRIOTIC,N
47049,J_1,A3CARICATURE,N
47049,J_1,A3VIOLENCE,N
47049,J_1,A3SYNAGOGUE,N
47049,J_1,A3SWASTIKA,N
47049,J_1,A3DISCRIMINATION,N
22701,J_1,A1ESSENTIAL,N
22701,J_1,A2EVIL,N
22701,J_1,A2CONSPIRACY,N
22701,J_1,A2HIDDENPOWER,N
22701,J_1,A2COLLECTIVEAGENDA,N
22701,J_1,A2CONTROLGOV,N
22701,J_1,A2CONTROLBANKS,N
22701,J_1,A2CONTROLMEDIA,N
22701,J_1,A2LOYALTY,N
22701,J_1,A2DISEASE,N
22701,J_1,A3WEALTH,N
22701,J_1,A3STINGY,N
22701,J_1,A3UNPATRIOTIC,N
22701,J_1,A3CARICATURE,N
22701,J_1,A3VIOLENCE,N
22701,J_1,A3SYNAGOGUE,N
22701,J_1,A3SWASTIKA,N
22701,J_1,A3DISCRIMINATION,N
29070,J_1,A1ESSENTIAL,N
29070,J_1,A2EVIL,N
29070,J_1,A2CONSPIRACY,N
29070,J_1,A2HIDDENPOWER,N
29070,J_1,A2COLLECTIVEAGENDA,N
29070,J_1,A2CONTROLGOV,N
29070,J_1,A2CONTROLBANKS,N
29070,J_1,A2CONTROLMEDIA,N
29070,J_1,A2LOYALTY,N
29070,J_1,A2DISEASE,N
29070,J_1,A3WEALTH,N
29070,J_1,A3STINGY,N
29070,J_1,A3UNPATRIOTIC,N
29070,J_1,A3CARICATURE,N
29070,J_1,A3VIOLENCE,N
29070,J_1,A3SYNAGOGUE,N
29070,J_1,A3SWASTIKA,N
29070,J_1,A3DISCRIMINATION,N
23429,J_1,A1ESSENTIAL,A
23429,J_1,A2EVIL,N
23429,J_1,A2CONSPIRACY,N
23429,J_1,A2HIDDENPOWER,N
23429,J_1,A2COLLECTIVEAGENDA,N
23429,J_1,A2CONTROLGOV,N
23429,J_1,A2CONTROLBANKS,N
23429,J_1,A2CONTROLMEDIA,N
23429,J_1,A2LOYALTY,N
23429,J_1,A2DISEASE,N
23429,J_1,A3WEALTH,N
23429,J_1,A3STINGY,N
23429,J_1,A3UNPATRIOTIC,N
23429,J_1,A3CARICATURE,N
23429,J_1,A3VIOLENCE,N
23429,J_1,A3SYNAGOGUE,N
23429,J_1,A3SWASTIKA,N
23429,J_1,A3DISCRIMINATION,N
4086,J_1,A1ESSENTIAL,N
4086,J_1,A2EVIL,N
4086,J_1,A2CONSPIRACY,N
4086,J_1,A2HIDDENPOWER,N
4086,J_1,A2COLLECTIVEAGENDA,N
4086,J_1,A2CONTROLGOV,N
4086,J_1,A2CONTROLBANKS,N
4086,J_1,A2CONTROLMEDIA,N
4086,J_1,A2LOYALTY,N
4086,J_1,A2DISEASE,N
4086,J_1,A3WEALTH,N
4086,J_1,A3STINGY,N
4086,J_1,A3UNPATRIOTIC,N
4086,J_1,A3CARICATURE,N
4086,J_1,A3VIOLENCE,N
4086,J_1,A3SYNAGOGUE,N
4086,J_1,A3SWASTIKA,N
4086,J_1,A3DISCRIMINATION,N
26944,J_1,A1ESSENTIAL,A
26944,J_1,A2EVIL,I
26944,J_1,A2CONSPIRACY,I
26944,J_1,A2HIDDENPOWER,N
26944,J_1,A2COLLECTIVEAGENDA,N
26944,J_1,A2CONTROLGOV,N
26944,J_1,A2CONTROLBANKS,N
26944,J_1,A2CONTROLMEDIA,N
26944,J_1,A2LOYALTY,N
26944,J_1,A2DISEASE,N
26944,J_1,A3WEALTH,N
26944,J_1,A3STINGY,N
26944,J_1,A3UNPATRIOTIC,N
26944,J_1,A3CARICATURE,N
26944,J_1,A3VIOLENCE,I
26944,J_1,A3SYNAGOGUE,N
26944,J_1,A3SWASTIKA,N
26944,J_1,A3DISCRIMINATION,N
43029,J_1,A1ESSENTIAL,I
43029,J_1,A2EVIL,I
43029,J_1,A2CONSPIRACY,I
43029,J_1,A2HIDDENPOWER,I
43029,J_1,A2COLLECTIVEAGENDA,I
43029,J_1,A2CONTROLGOV,I
43029,J_1,A2CONTROLBANKS,N
43029,J_1,A2CONTROLMEDIA,N
43029,J_1,A2LOYALTY,I
43029,J_1,A2DISEASE,N
43029,J_1,A3WEALTH,N
43029,J_1,A3STINGY,N
43029,J_1,A3UNPATRIOTIC,N
43029,J_1,A3CARICATURE,N
43029,J_1,A3VIOLENCE,N
43029,J_1,A3SYNAGOGUE,N
43029,J_1,A3SWASTIKA,N
43029,J_1,A3DISCRIMINATION,N
19854,J_1,A1ESSENTIAL,I
19854,J_1,A2EVIL,I
19854,J_1,A2CONSPIRACY,N
19854,J_1,A2HIDDENPOWER,N
19854,J_1,A2COLLECTIVEAGENDA,N
19854,J_1,A2CONTROLGOV,N
19854,J_1,A2CONTROLBANKS,N
19854,J_1,A2CONTROLMEDIA,N
19854,J_1,A2LOYALTY,N
19854,J_1,A2DISEASE,N
19854,J_1,A3WEALTH,N
19854,J_1,A3STINGY,N
19854,J_1,A3UNPATRIOTIC,N
19854,J_1,A3CARICATURE,N
19854,J_1,A3VIOLENCE,N
19854,J_1,A3SYNAGOGUE,N
19854,J_1,A3SWASTIKA,N
19854,J_1,A3DISCRIMINATION,N
20337,J_1,A1ESSENTIAL,N
20337,J_1,A2EVIL,I
20337,J_1,A2CONSPIRACY,N
20337,J_1,A2HIDDENPOWER,N
20337,J_1,A2COLLECTIVEAGENDA,N
20337,J_1,A2CONTROLGOV,N
20337,J_1,A2CONTROLBANKS,N
20337,J_1,A2CONTROLMEDIA,N
20337,J_1,A2LOYALTY,N
20337,J_1,A2DISEASE,N
20337,J_1,A3WEALTH,N
20337,J_1,A3STINGY,N
20337,J_1,A3UNPATRIOTIC,N
20337,J_1,A3CARICATURE,N
20337,J_1,A3VIOLENCE,N
20337,J_1,A3SYNAGOGUE,N
20337,J_1,A3SWASTIKA,N
20337,J_1,A3DISCRIMINATION,N
43197,J_1,A1ESSENTIAL,N
43197,J_1,A2EVIL,N
43197,J_1,A2CONSPIRACY,N
43197,J_1,A2HIDDENPOWER,N
43197,J_1,A2COLLECTIVEAGENDA,N
43197,J_1,A2CONTROLGOV,N
43197,J_1,A2CONTROLBANKS,N
43197,J_1,A2CONTROLMEDIA,N
43197,J_1,A2LOYALTY,N
43197,J_1,A2DISEASE,N
43197,J_1,A3WEALTH,N
43197,J_1,A3STINGY,N
43197,J_1,A3UNPATRIOTIC,N
43197,J_1,A3CARICATURE,N
43197,J_1,A3VIOLENCE,N
43197,J_1,A3SYNAGOGUE,N
43197,J_1,A3SWASTIKA,N
43197,J_1,A3DISCRIMINATION,N
49519,J_1,A1ESSENTIAL,A
49519,J_1,A2EVIL,N
49519,J_1,A2CONSPIRACY,A
49519,J_1,A2HIDDENPOWER,A
49519,J_1,A2COLLECTIVEAGENDA,A
49519,J_1,A2CONTROLGOV,N
49519,J_1,A2CONTROLBANKS,N
49519,J_1,A2CONTROLMEDIA,N
49519,J_1,A2LOYALTY,N
49519,J_1,A2DISEASE,N
49519,J_1,A3WEALTH,N
49519,J_1,A3STINGY,N
49519,J_1,A3UNPATRIOTIC,N
49519,J_1,A3CARICATURE,N
49519,J_1,A3VIOLENCE,N
49519,J_1,A3SYNAGOGUE,N
49519,J_1,A3SWASTIKA,N
49519,J_1,A3DISCRIMINATION,N
32438,J_1,A1ESSENTIAL,N
32438,J_1,A2EVIL,N
32438,J_1,A2CONSPIRACY,N
32438,J_1,A2HIDDENPOWER,N
32438,J_1,A2COLLECTIVEAGENDA,N
32438,J_1,A2CONTROLGOV,N
32438,J_1,A2CONTROLBANKS,N
32438,J_1,A2CONTROLMEDIA,N
32438,J_1,A2LOYALTY,N
32438,J_1,A2DISEASE,N
32438,J_1,A3WEALTH,N
32438,J_1,A3STINGY,N
32438,J_1,A3UNPATRIOTIC,N
32438,J_1,A3CARICATURE,N
32438,J_1,A3VIOLENCE,N
32438,J_1,A3SYNAGOGUE,N
32438,J_1,A3SWASTIKA,N
32438,J_1,A3DISCRIMINATION,N
32677,J_1,A1ESSENTIAL,N
32677,J_1,A2EVIL,N
32677,J_1,A2CONSPIRACY,N
32677,J_1,A2HIDDENPOWER,N
32677,J_1,A2COLLECTIVEAGENDA,N
32677,J_1,A2CONTROLGOV,N
32677,J_1,A2CONTROLBANKS,N
32677,J_1,A2CONTROLMEDIA,N
32677,J_1,A2LOYALTY,N
32677,J_1,A2DISEASE,N
32677,J_1,A3WEALTH,N
32677,J_1,A3STINGY,N
32677,J_1,A3UNPATRIOTIC,N
32677,J_1,A3CARICATURE,N
32677,J_1,A3VIOLENCE,N
32677,J_1,A3SYNAGOGUE,N
32677,J_1,A3SWASTIKA,N
32677,J_1,A3DISCRIMINATION,N
28708,J_1,A1ESSENTIAL,N
28708,J_1,A2EVIL,N
28708,J_1,A2CONSPIRACY,N
28708,J_1,A2HIDDENPOWER,N
28708,J_1,A2COLLECTIVEAGENDA,N
28708,J_1,A2CONTROLGOV,N
28708,J_1,A2CONTROLBANKS,N
28708,J_1,A2CONTROLMEDIA,N
28708,J_1,A2LOYALTY,N
28708,J_1,A2DISEASE,N
28708,J_1,A3WEALTH,N
28708,J_1,A3STINGY,N
28708,J_1,A3UNPATRIOTIC,N
28708,J_1,A3CARICATURE,N
28708,J_1,A3VIOLENCE,N
28708,J_1,A3SYNAGOGUE,N
28708,J_1,A3SWASTIKA,N
28708,J_1,A3DISCRIMINATION,N
39456,J_1,A1ESSENTIAL,E
39456,J_1,A2EVIL,I
39456,J_1,A2CONSPIRACY,I
39456,J_1,A2HIDDENPOWER,I
39456,J_1,A2COLLECTIVEAGENDA,I
39456,J_1,A2CONTROLGOV,N
39456,J_1,A2CONTROLBANKS,N
39456,J_1,A2CONTROLMEDIA,N
39456,J_1,A2LOYALTY,I
39456,J_1,A2DISEASE,N
39456,J_1,A3WEALTH,N
39456,J_1,A3STINGY,N
39456,J_1,A3UNPATRIOTIC,N
39456,J_1,A3CARICATURE,N
39456,J_1,A3VIOLENCE,N
39456,J_1,A3SYNAGOGUE,N
39456,J_1,A3SWASTIKA,N
39456,J_1,A3DISCRIMINATION,N
25261,J_1,A1ESSENTIAL,N
25261,J_1,A2EVIL,N
25261,J_1,A2CONSPIRACY,N
25261,J_1,A2HIDDENPOWER,N
25261,J_1,A2COLLECTIVEAGENDA,N
25261,J_1,A2CONTROLGOV,N
25261,J_1,A2CONTROLBANKS,N
25261,J_1,A2CONTROLMEDIA,N
25261,J_1,A2LOYALTY,N
25261,J_1,A2DISEASE,N
25261,J_1,A3WEALTH,N
25261,J_1,A3STINGY,N
25261,J_1,A3UNPATRIOTIC,N
25261,J_1,A3CARICATURE,N
25261,J_1,A3VIOLENCE,N
25261,J_1,A3SYNAGOGUE,N
25261,J_1,A3SWASTIKA,N
25261,J_1,A3DISCRIMINATION,N
14836,J_1,A1ESSENTIAL,I
14836,J_1,A2EVIL,N
14836,J_1,A2CONSPIRACY,I
14836,J_1,A2HIDDENPOWER,I
14836,J_1,A2COLLECTIVEAGENDA,N
14836,J_1,A2CONTROLGOV,N
14836,J_1,A2CONTROLBANKS,N
14836,J_1,A2CONTROLMEDIA,N
14836,J_1,A2LOYALTY,N
14836,J_1,A2DISEASE,N
14836,J_1,A3WEALTH,N
14836,J_1,A3STINGY,N
14836,J_1,A3UNPATRIOTIC,N
14836,J_1,A3CARICATURE,N
14836,J_1,A3VIOLENCE,N
14836,J_1,A3SYNAGOGUE,N
14836,J_1,A3SWASTIKA,N
14836,J_1,A3DISCRIMINATION,N
36551,J_1,A1ESSENTIAL,N
36551,J_1,A2EVIL,N
36551,J_1,A2CONSPIRACY,N
36551,J_1,A2HIDDENPOWER,N
36551,J_1,A2COLLECTIVEAGENDA,N
36551,J_1,A2CONTROLGOV,N
36551,J_1,A2CONTROLBANKS,N
36551,J_1,A2CONTROLMEDIA,N
36551,J_1,A2LOYALTY,N
36551,J_1,A2DISEASE,N
36551,J_1,A3WEALTH,N
36551,J_1,A3STINGY,N
36551,J_1,A3UNPATRIOTIC,N
36551,J_1,A3CARICATURE,N
36551,J_1,A3VIOLENCE,N
36551,J_1,A3SYNAGOGUE,N
36551,J_1,A3SWASTIKA,N
36551,J_1,A3DISCRIMINATION,N
29288,J_1,A1ESSENTIAL,N
29288,J_1,A2EVIL,N
29288,J_1,A2CONSPIRACY,N
29288,J_1,A2HIDDENPOWER,N
29288,J_1,A2COLLECTIVEAGENDA,N
29288,J_1,A2CONTROLGOV,N
29288,J_1,A2CONTROLBANKS,N
29288,J_1,A2CONTROLMEDIA,N
29288,J_1,A2LOYALTY,N
29288,J_1,A2DISEASE,N
29288,J_1,A3WEALTH,N
29288,J_1,A3STINGY,N
29288,J_1,A3UNPATRIOTIC,N
29288,J_1,A3CARICATURE,N
29288,J_1,A3VIOLENCE,N
29288,J_1,A3SYNAGOGUE,N
29288,J_1,A3SWASTIKA,N
29288,J_1,A3DISCRIMINATION,N
31557,J_1,A1ESSENTIAL,N
31557,J_1,A2EVIL,N
31557,J_1,A2CONSPIRACY,N
31557,J_1,A2HIDDENPOWER,N
31557,J_1,A2COLLECTIVEAGENDA,N
31557,J_1,A2CONTROLGOV,N
31557,J_1,A2CONTROLBANKS,N
31557,J_1,A2CONTROLMEDIA,N
31557,J_1,A2LOYALTY,N
31557,J_1,A2DISEASE,N
31557,J_1,A3WEALTH,N
31557,J_1,A3STINGY,N
31557,J_1,A3UNPATRIOTIC,N
31557,J_1,A3CARICATURE,N
31557,J_1,A3VIOLENCE,N
31557,J_1,A3SYNAGOGUE,N
31557,J_1,A3SWASTIKA,N
31557,J_1,A3DISCRIMINATION,N
34994,J_1,A1ESSENTIAL,N
34994,J_1,A2EVIL,N
34994,J_1,A2CONSPIRACY,N
34994,J_1,A2HIDDENPOWER,N
34994,J_1,A2COLLECTIVEAGENDA,N
34994,J_1,A2CONTROLGOV,N
34994,J_1,A2CONTROLBANKS,N
34994,J_1,A2CONTROLMEDIA,N
34994,J_1,A2LOYALTY,N
34994,J_1,A2DISEASE,N
34994,J_1,A3WEALTH,N
34994,J_1,A3STINGY,N
34994,J_1,A3UNPATRIOTIC,N
34994,J_1,A3CARICATURE,N
34994,J_1,A3VIOLENCE,N
34994,J_1,A3SYNAGOGUE,N
34994,J_1,A3SWASTIKA,N
34994,J_1,A3DISCRIMINATION,N
45371,J_1,A1ESSENTIAL,E
45371,J_1,A2EVIL,N
45371,J_1,A2CONSPIRACY,N
45371,J_1,A2HIDDENPOWER,N
45371,J_1,A2COLLECTIVEAGENDA,N
45371,J_1,A2CONTROLGOV,N
45371,J_1,A2CONTROLBANKS,N
45371,J_1,A2CONTROLMEDIA,N
45371,J_1,A2LOYALTY,N
45371,J_1,A2DISEASE,N
45371,J_1,A3WEALTH,I
45371,J_1,A3STINGY,E
45371,J_1,A3UNPATRIOTIC,N
45371,J_1,A3CARICATURE,N
45371,J_1,A3VIOLENCE,N
45371,J_1,A3SYNAGOGUE,N
45371,J_1,A3SWASTIKA,N
45371,J_1,A3DISCRIMINATION,N
49332,J_1,A1ESSENTIAL,N
49332,J_1,A2EVIL,N
49332,J_1,A2CONSPIRACY,N
49332,J_1,A2HIDDENPOWER,N
49332,J_1,A2COLLECTIVEAGENDA,N
49332,J_1,A2CONTROLGOV,N
49332,J_1,A2CONTROLBANKS,N
49332,J_1,A2CONTROLMEDIA,N
49332,J_1,A2LOYALTY,N
49332,J_1,A2DISEASE,N
49332,J_1,A3WEALTH,N
49332,J_1,A3STINGY,N
49332,J_1,A3UNPATRIOTIC,N
49332,J_1,A3CARICATURE,N
49332,J_1,A3VIOLENCE,N
49332,J_1,A3SYNAGOGUE,N
49332,J_1,A3SWASTIKA,N
49332,J_1,A3DISCRIMINATION,N
49271,J_1,A1ESSENTIAL,N
49271,J_1,A2EVIL,N
49271,J_1,A2CONSPIRACY,N
49271,J_1,A2HIDDENPOWER,N
49271,J_1,A2COLLECTIVEAGENDA,N
49271,J_1,A2CONTROLGOV,N
49271,J_1,A2CONTROLBANKS,N
49271,J_1,A2CONTROLMEDIA,N
49271,J_1,A2LOYALTY,N
49271,J_1,A2DISEASE,N
49271,J_1,A3WEALTH,N
49271,J_1,A3STINGY,N
49271,J_1,A3UNPATRIOTIC,N
49271,J_1,A3CARICATURE,N
49271,J_1,A3VIOLENCE,N
49271,J_1,A3SYNAGOGUE,N
49271,J_1,A3SWASTIKA,N
49271,J_1,A3DISCRIMINATION,N
13156,J_1,A1ESSENTIAL,N
13156,J_1,A2EVIL,N
13156,J_1,A2CONSPIRACY,N
13156,J_1,A2HIDDENPOWER,N
13156,J_1,A2COLLECTIVEAGENDA,N
13156,J_1,A2CONTROLGOV,N
13156,J_1,A2CONTROLBANKS,N
13156,J_1,A2CONTROLMEDIA,N
13156,J_1,A2LOYALTY,N
13156,J_1,A2DISEASE,N
13156,J_1,A3WEALTH,N
13156,J_1,A3STINGY,N
13156,J_1,A3UNPATRIOTIC,N
13156,J_1,A3CARICATURE,N
13156,J_1,A3VIOLENCE,N
13156,J_1,A3SYNAGOGUE,N
13156,J_1,A3SWASTIKA,N
13156,J_1,A3DISCRIMINATION,N
40947,J_1,A1ESSENTIAL,I
40947,J_1,A2EVIL,E
40947,J_1,A2CONSPIRACY,I
40947,J_1,A2HIDDENPOWER,I
40947,J_1,A2COLLECTIVEAGENDA,N
40947,J_1,A2CONTROLGOV,N
40947,J_1,A2CONTROLBANKS,N
40947,J_1,A2CONTROLMEDIA,N
40947,J_1,A2LOYALTY,N
40947,J_1,A2DISEASE,N
40947,J_1,A3WEALTH,N
40947,J_1,A3STINGY,N
40947,J_1,A3UNPATRIOTIC,N
40947,J_1,A3CARICATURE,N
40947,J_1,A3VIOLENCE,N
40947,J_1,A3SYNAGOGUE,N
40947,J_1,A3SWASTIKA,N
40947,J_1,A3DISCRIMINATION,N
13270,J_1,A1ESSENTIAL,N
13270,J_1,A2EVIL,N
13270,J_1,A2CONSPIRACY,N
13270,J_1,A2HIDDENPOWER,N
13270,J_1,A2COLLECTIVEAGENDA,N
13270,J_1,A2CONTROLGOV,N
13270,J_1,A2CONTROLBANKS,N
13270,J_1,A2CONTROLMEDIA,N
13270,J_1,A2LOYALTY,N
13270,J_1,A2DISEASE,N
13270,J_1,A3WEALTH,N
13270,J_1,A3STINGY,N
13270,J_1,A3UNPATRIOTIC,N
13270,J_1,A3CARICATURE,N
13270,J_1,A3VIOLENCE,N
13270,J_1,A3SYNAGOGUE,N
13270,J_1,A3SWASTIKA,N
13270,J_1,A3DISCRIMINATION,N
20048,J_1,A1ESSENTIAL,N
20048,J_1,A2EVIL,N
20048,J_1,A2CONSPIRACY,N
20048,J_1,A2HIDDENPOWER,N
20048,J_1,A2COLLECTIVEAGENDA,N
20048,J_1,A2CONTROLGOV,N
20048,J_1,A2CONTROLBANKS,N
20048,J_1,A2CONTROLMEDIA,N
20048,J_1,A2LOYALTY,N
20048,J_1,A2DISEASE,N
20048,J_1,A3WEALTH,N
20048,J_1,A3STINGY,N
20048,J_1,A3UNPATRIOTIC,N
20048,J_1,A3CARICATURE,N
20048,J_1,A3VIOLENCE,N
20048,J_1,A3SYNAGOGUE,N
20048,J_1,A3SWASTIKA,N
20048,J_1,A3DISCRIMINATION,N
6827,J_1,A1ESSENTIAL,N
6827,J_1,A2EVIL,N
6827,J_1,A2CONSPIRACY,N
6827,J_1,A2HIDDENPOWER,N
6827,J_1,A2COLLECTIVEAGENDA,N
6827,J_1,A2CONTROLGOV,N
6827,J_1,A2CONTROLBANKS,N
6827,J_1,A2CONTROLMEDIA,N
6827,J_1,A2LOYALTY,N
6827,J_1,A2DISEASE,N
6827,J_1,A3WEALTH,N
6827,J_1,A3STINGY,N
6827,J_1,A3UNPATRIOTIC,N
6827,J_1,A3CARICATURE,N
6827,J_1,A3VIOLENCE,N
6827,J_1,A3SYNAGOGUE,N
6827,J_1,A3SWASTIKA,N
6827,J_1,A3DISCRIMINATION,N
36118,J_1,A1ESSENTIAL,N
36118,J_1,A2EVIL,N
36118,J_1,A2CONSPIRACY,N
36118,J_1,A2HIDDENPOWER,N
36118,J_1,A2COLLECTIVEAGENDA,N
36118,J_1,A2CONTROLGOV,N
36118,J_1,A2CONTROLBANKS,N
36118,J_1,A2CONTROLMEDIA,N
36118,J_1,A2LOYALTY,N
36118,J_1,A2DISEASE,N
36118,J_1,A3WEALTH,N
36118,J_1,A3STINGY,N
36118,J_1,A3UNPATRIOTIC,N
36118,J_1,A3CARICATURE,N
36118,J_1,A3VIOLENCE,N
36118,J_1,A3SYNAGOGUE,N
36118,J_1,A3SWASTIKA,N
36118,J_1,A3DISCRIMINATION,N
19796,J_1,A1ESSENTIAL,N
19796,J_1,A2EVIL,N
19796,J_1,A2CONSPIRACY,N
19796,J_1,A2HIDDENPOWER,N
19796,J_1,A2COLLECTIVEAGENDA,N
19796,J_1,A2CONTROLGOV,N
19796,J_1,A2CONTROLBANKS,N
19796,J_1,A2CONTROLMEDIA,N
19796,J_1,A2LOYALTY,N
19796,J_1,A2DISEASE,N
19796,J_1,A3WEALTH,N
19796,J_1,A3STINGY,N
19796,J_1,A3UNPATRIOTIC,N
19796,J_1,A3CARICATURE,N
19796,J_1,A3VIOLENCE,N
19796,J_1,A3SYNAGOGUE,N
19796,J_1,A3SWASTIKA,N
19796,J_1,A3DISCRIMINATION,N
36326,J_1,A1ESSENTIAL,N
36326,J_1,A2EVIL,N
36326,J_1,A2CONSPIRACY,N
36326,J_1,A2HIDDENPOWER,N
36326,J_1,A2COLLECTIVEAGENDA,N
36326,J_1,A2CONTROLGOV,N
36326,J_1,A2CONTROLBANKS,N
36326,J_1,A2CONTROLMEDIA,N
36326,J_1,A2LOYALTY,N
36326,J_1,A2DISEASE,N
36326,J_1,A3WEALTH,N
36326,J_1,A3STINGY,N
36326,J_1,A3UNPATRIOTIC,N
36326,J_1,A3CARICATURE,N
36326,J_1,A3VIOLENCE,N
36326,J_1,A3SYNAGOGUE,N
36326,J_1,A3SWASTIKA,N
36326,J_1,A3DISCRIMINATION,N
36058,J_1,A1ESSENTIAL,N
36058,J_1,A2EVIL,N
36058,J_1,A2CONSPIRACY,N
36058,J_1,A2HIDDENPOWER,N
36058,J_1,A2COLLECTIVEAGENDA,N
36058,J_1,A2CONTROLGOV,N
36058,J_1,A2CONTROLBANKS,N
36058,J_1,A2CONTROLMEDIA,N
36058,J_1,A2LOYALTY,N
36058,J_1,A2DISEASE,N
36058,J_1,A3WEALTH,N
36058,J_1,A3STINGY,N
36058,J_1,A3UNPATRIOTIC,N
36058,J_1,A3CARICATURE,N
36058,J_1,A3VIOLENCE,N
36058,J_1,A3SYNAGOGUE,N
36058,J_1,A3SWASTIKA,N
36058,J_1,A3DISCRIMINATION,N
28195,J_1,A1ESSENTIAL,N
28195,J_1,A2EVIL,N
28195,J_1,A2CONSPIRACY,N
28195,J_1,A2HIDDENPOWER,N
28195,J_1,A2COLLECTIVEAGENDA,N
28195,J_1,A2CONTROLGOV,N
28195,J_1,A2CONTROLBANKS,N
28195,J_1,A2CONTROLMEDIA,N
28195,J_1,A2LOYALTY,N
28195,J_1,A2DISEASE,N
28195,J_1,A3WEALTH,N
28195,J_1,A3STINGY,N
28195,J_1,A3UNPATRIOTIC,N
28195,J_1,A3CARICATURE,N
28195,J_1,A3VIOLENCE,N
28195,J_1,A3SYNAGOGUE,N
28195,J_1,A3SWASTIKA,N
28195,J_1,A3DISCRIMINATION,N
39221,J_1,A1ESSENTIAL,N
39221,J_1,A2EVIL,N
39221,J_1,A2CONSPIRACY,N
39221,J_1,A2HIDDENPOWER,N
39221,J_1,A2COLLECTIVEAGENDA,N
39221,J_1,A2CONTROLGOV,N
39221,J_1,A2CONTROLBANKS,N
39221,J_1,A2CONTROLMEDIA,N
39221,J_1,A2LOYALTY,N
39221,J_1,A2DISEASE,N
39221,J_1,A3WEALTH,N
39221,J_1,A3STINGY,N
39221,J_1,A3UNPATRIOTIC,N
39221,J_1,A3CARICATURE,N
39221,J_1,A3VIOLENCE,N
39221,J_1,A3SYNAGOGUE,N
39221,J_1,A3SWASTIKA,N
39221,J_1,A3DISCRIMINATION,N
12559,J_1,A1ESSENTIAL,E
12559,J_1,A2EVIL,N
12559,J_1,A2CONSPIRACY,N
12559,J_1,A2HIDDENPOWER,N
12559,J_1,A2COLLECTIVEAGENDA,N
12559,J_1,A2CONTROLGOV,N
12559,J_1,A2CONTROLBANKS,N
12559,J_1,A2CONTROLMEDIA,N
12559,J_1,A2LOYALTY,N
12559,J_1,A2DISEASE,N
12559,J_1,A3WEALTH,N
12559,J_1,A3STINGY,N
12559,J_1,A3UNPATRIOTIC,N
12559,J_1,A3CARICATURE,N
12559,J_1,A3VIOLENCE,N
12559,J_1,A3SYNAGOGUE,N
12559,J_1,A3SWASTIKA,N
12559,J_1,A3DISCRIMINATION,N
46392,J_1,A1ESSENTIAL,N
46392,J_1,A2EVIL,N
46392,J_1,A2CONSPIRACY,N
46392,J_1,A2HIDDENPOWER,N
46392,J_1,A2COLLECTIVEAGENDA,N
46392,J_1,A2CONTROLGOV,N
46392,J_1,A2CONTROLBANKS,N
46392,J_1,A2CONTROLMEDIA,N
46392,J_1,A2LOYALTY,N
46392,J_1,A2DISEASE,N
46392,J_1,A3WEALTH,N
46392,J_1,A3STINGY,N
46392,J_1,A3UNPATRIOTIC,N
46392,J_1,A3CARICATURE,N
46392,J_1,A3VIOLENCE,N
46392,J_1,A3SYNAGOGUE,N
46392,J_1,A3SWASTIKA,N
46392,J_1,A3DISCRIMINATION,N
12676,J_1,A1ESSENTIAL,N
12676,J_1,A2EVIL,N
12676,J_1,A2CONSPIRACY,N
12676,J_1,A2HIDDENPOWER,N
12676,J_1,A2COLLECTIVEAGENDA,N
12676,J_1,A2CONTROLGOV,N
12676,J_1,A2CONTROLBANKS,N
12676,J_1,A2CONTROLMEDIA,N
12676,J_1,A2LOYALTY,N
12676,J_1,A2DISEASE,N
12676,J_1,A3WEALTH,N
12676,J_1,A3STINGY,N
12676,J_1,A3UNPATRIOTIC,N
12676,J_1,A3CARICATURE,N
12676,J_1,A3VIOLENCE,N
12676,J_1,A3SYNAGOGUE,N
12676,J_1,A3SWASTIKA,N
12676,J_1,A3DISCRIMINATION,N
5954,J_1,A1ESSENTIAL,N
5954,J_1,A2EVIL,N
5954,J_1,A2CONSPIRACY,N
5954,J_1,A2HIDDENPOWER,N
5954,J_1,A2COLLECTIVEAGENDA,N
5954,J_1,A2CONTROLGOV,N
5954,J_1,A2CONTROLBANKS,N
5954,J_1,A2CONTROLMEDIA,N
5954,J_1,A2LOYALTY,N
5954,J_1,A2DISEASE,N
5954,J_1,A3WEALTH,N
5954,J_1,A3STINGY,N
5954,J_1,A3UNPATRIOTIC,N
5954,J_1,A3CARICATURE,N
5954,J_1,A3VIOLENCE,N
5954,J_1,A3SYNAGOGUE,N
5954,J_1,A3SWASTIKA,N
5954,J_1,A3DISCRIMINATION,N
26144,J_1,A1ESSENTIAL,N
26144,J_1,A2EVIL,N
26144,J_1,A2CONSPIRACY,N
26144,J_1,A2HIDDENPOWER,N
26144,J_1,A2COLLECTIVEAGENDA,N
26144,J_1,A2CONTROLGOV,N
26144,J_1,A2CONTROLBANKS,N
26144,J_1,A2CONTROLMEDIA,N
26144,J_1,A2LOYALTY,N
26144,J_1,A2DISEASE,N
26144,J_1,A3WEALTH,N
26144,J_1,A3STINGY,N
26144,J_1,A3UNPATRIOTIC,N
26144,J_1,A3CARICATURE,N
26144,J_1,A3VIOLENCE,N
26144,J_1,A3SYNAGOGUE,N
26144,J_1,A3SWASTIKA,N
26144,J_1,A3DISCRIMINATION,N
21377,J_1,A1ESSENTIAL,N
21377,J_1,A2EVIL,N
21377,J_1,A2CONSPIRACY,N
21377,J_1,A2HIDDENPOWER,N
21377,J_1,A2COLLECTIVEAGENDA,N
21377,J_1,A2CONTROLGOV,N
21377,J_1,A2CONTROLBANKS,N
21377,J_1,A2CONTROLMEDIA,N
21377,J_1,A2LOYALTY,N
21377,J_1,A2DISEASE,N
21377,J_1,A3WEALTH,N
21377,J_1,A3STINGY,N
21377,J_1,A3UNPATRIOTIC,N
21377,J_1,A3CARICATURE,N
21377,J_1,A3VIOLENCE,N
21377,J_1,A3SYNAGOGUE,N
21377,J_1,A3SWASTIKA,N
21377,J_1,A3DISCRIMINATION,N
44670,J_1,A1ESSENTIAL,I
44670,J_1,A2EVIL,I
44670,J_1,A2CONSPIRACY,I
44670,J_1,A2HIDDENPOWER,I
44670,J_1,A2COLLECTIVEAGENDA,I
44670,J_1,A2CONTROLGOV,I
44670,J_1,A2CONTROLBANKS,N
44670,J_1,A2CONTROLMEDIA,N
44670,J_1,A2LOYALTY,I
44670,J_1,A2DISEASE,N
44670,J_1,A3WEALTH,N
44670,J_1,A3STINGY,N
44670,J_1,A3UNPATRIOTIC,I
44670,J_1,A3CARICATURE,N
44670,J_1,A3VIOLENCE,N
44670,J_1,A3SYNAGOGUE,N
44670,J_1,A3SWASTIKA,N
44670,J_1,A3DISCRIMINATION,N
1610,J_1,A1ESSENTIAL,N
1610,J_1,A2EVIL,N
1610,J_1,A2CONSPIRACY,N
1610,J_1,A2HIDDENPOWER,N
1610,J_1,A2COLLECTIVEAGENDA,N
1610,J_1,A2CONTROLGOV,N
1610,J_1,A2CONTROLBANKS,N
1610,J_1,A2CONTROLMEDIA,N
1610,J_1,A2LOYALTY,N
1610,J_1,A2DISEASE,N
1610,J_1,A3WEALTH,N
1610,J_1,A3STINGY,N
1610,J_1,A3UNPATRIOTIC,N
1610,J_1,A3CARICATURE,N
1610,J_1,A3VIOLENCE,N
1610,J_1,A3SYNAGOGUE,N
1610,J_1,A3SWASTIKA,N
1610,J_1,A3DISCRIMINATION,N
46952,J_1,A1ESSENTIAL,E
46952,J_1,A2EVIL,E
46952,J_1,A2CONSPIRACY,N
46952,J_1,A2HIDDENPOWER,N
46952,J_1,A2COLLECTIVEAGENDA,N
46952,J_1,A2CONTROLGOV,N
46952,J_1,A2CONTROLBANKS,N
46952,J_1,A2CONTROLMEDIA,N
46952,J_1,A2LOYALTY,N
46952,J_1,A2DISEASE,N
46952,J_1,A3WEALTH,N
46952,J_1,A3STINGY,N
46952,J_1,A3UNPATRIOTIC,N
46952,J_1,A3CARICATURE,N
46952,J_1,A3VIOLENCE,N
46952,J_1,A3SYNAGOGUE,N
46952,J_1,A3SWASTIKA,N
46952,J_1,A3DISCRIMINATION,N
41878,J_1,A1ESSENTIAL,N
41878,J_1,A2EVIL,N
41878,J_1,A2CONSPIRACY,N
41878,J_1,A2HIDDENPOWER,N
41878,J_1,A2COLLECTIVEAGENDA,N
41878,J_1,A2CONTROLGOV,N
41878,J_1,A2CONTROLBANKS,N
41878,J_1,A2CONTROLMEDIA,N
41878,J_1,A2LOYALTY,N
41878,J_1,A2DISEASE,N
41878,J_1,A3WEALTH,N
41878,J_1,A3STINGY,N
41878,J_1,A3UNPATRIOTIC,N
41878,J_1,A3CARICATURE,N
41878,J_1,A3VIOLENCE,N
41878,J_1,A3SYNAGOGUE,N
41878,J_1,A3SWASTIKA,N
41878,J_1,A3DISCRIMINATION,N
19342,J_1,A1ESSENTIAL,N
19342,J_1,A2EVIL,N
19342,J_1,A2CONSPIRACY,N
19342,J_1,A2HIDDENPOWER,N
19342,J_1,A2COLLECTIVEAGENDA,N
19342,J_1,A2CONTROLGOV,N
19342,J_1,A2CONTROLBANKS,N
19342,J_1,A2CONTROLMEDIA,N
19342,J_1,A2LOYALTY,N
19342,J_1,A2DISEASE,N
19342,J_1,A3WEALTH,N
19342,J_1,A3STINGY,N
19342,J_1,A3UNPATRIOTIC,N
19342,J_1,A3CARICATURE,N
19342,J_1,A3VIOLENCE,N
19342,J_1,A3SYNAGOGUE,N
19342,J_1,A3SWASTIKA,N
19342,J_1,A3DISCRIMINATION,N
13379,J_1,A1ESSENTIAL,N
13379,J_1,A2EVIL,N
13379,J_1,A2CONSPIRACY,N
13379,J_1,A2HIDDENPOWER,N
13379,J_1,A2COLLECTIVEAGENDA,N
13379,J_1,A2CONTROLGOV,N
13379,J_1,A2CONTROLBANKS,N
13379,J_1,A2CONTROLMEDIA,N
13379,J_1,A2LOYALTY,N
13379,J_1,A2DISEASE,N
13379,J_1,A3WEALTH,N
13379,J_1,A3STINGY,N
13379,J_1,A3UNPATRIOTIC,N
13379,J_1,A3CARICATURE,N
13379,J_1,A3VIOLENCE,N
13379,J_1,A3SYNAGOGUE,N
13379,J_1,A3SWASTIKA,N
13379,J_1,A3DISCRIMINATION,N
10836,J_1,A1ESSENTIAL,N
10836,J_1,A2EVIL,N
10836,J_1,A2CONSPIRACY,N
10836,J_1,A2HIDDENPOWER,N
10836,J_1,A2COLLECTIVEAGENDA,N
10836,J_1,A2CONTROLGOV,N
10836,J_1,A2CONTROLBANKS,N
10836,J_1,A2CONTROLMEDIA,N
10836,J_1,A2LOYALTY,N
10836,J_1,A2DISEASE,N
10836,J_1,A3WEALTH,N
10836,J_1,A3STINGY,N
10836,J_1,A3UNPATRIOTIC,N
10836,J_1,A3CARICATURE,N
10836,J_1,A3VIOLENCE,N
10836,J_1,A3SYNAGOGUE,N
10836,J_1,A3SWASTIKA,N
10836,J_1,A3DISCRIMINATION,N
49845,J_1,A1ESSENTIAL,N
49845,J_1,A2EVIL,N
49845,J_1,A2CONSPIRACY,N
49845,J_1,A2HIDDENPOWER,N
49845,J_1,A2COLLECTIVEAGENDA,N
49845,J_1,A2CONTROLGOV,N
49845,J_1,A2CONTROLBANKS,N
49845,J_1,A2CONTROLMEDIA,N
49845,J_1,A2LOYALTY,N
49845,J_1,A2DISEASE,N
49845,J_1,A3WEALTH,N
49845,J_1,A3STINGY,N
49845,J_1,A3UNPATRIOTIC,N
49845,J_1,A3CARICATURE,N
49845,J_1,A3VIOLENCE,N
49845,J_1,A3SYNAGOGUE,N
49845,J_1,A3SWASTIKA,N
49845,J_1,A3DISCRIMINATION,N
4362,J_1,A1ESSENTIAL,N
4362,J_1,A2EVIL,N
4362,J_1,A2CONSPIRACY,N
4362,J_1,A2HIDDENPOWER,N
4362,J_1,A2COLLECTIVEAGENDA,N
4362,J_1,A2CONTROLGOV,N
4362,J_1,A2CONTROLBANKS,N
4362,J_1,A2CONTROLMEDIA,N
4362,J_1,A2LOYALTY,N
4362,J_1,A2DISEASE,N
4362,J_1,A3WEALTH,N
4362,J_1,A3STINGY,N
4362,J_1,A3UNPATRIOTIC,N
4362,J_1,A3CARICATURE,N
4362,J_1,A3VIOLENCE,N
4362,J_1,A3SYNAGOGUE,N
4362,J_1,A3SWASTIKA,N
4362,J_1,A3DISCRIMINATION,N
45752,J_1,A1ESSENTIAL,N
45752,J_1,A2EVIL,N
45752,J_1,A2CONSPIRACY,N
45752,J_1,A2HIDDENPOWER,N
45752,J_1,A2COLLECTIVEAGENDA,N
45752,J_1,A2CONTROLGOV,N
45752,J_1,A2CONTROLBANKS,N
45752,J_1,A2CONTROLMEDIA,N
45752,J_1,A2LOYALTY,N
45752,J_1,A2DISEASE,N
45752,J_1,A3WEALTH,N
45752,J_1,A3STINGY,N
45752,J_1,A3UNPATRIOTIC,N
45752,J_1,A3CARICATURE,N
45752,J_1,A3VIOLENCE,N
45752,J_1,A3SYNAGOGUE,N
45752,J_1,A3SWASTIKA,N
45752,J_1,A3DISCRIMINATION,N
1561,J_1,A1ESSENTIAL,N
1561,J_1,A2EVIL,N
1561,J_1,A2CONSPIRACY,N
1561,J_1,A2HIDDENPOWER,N
1561,J_1,A2COLLECTIVEAGENDA,N
1561,J_1,A2CONTROLGOV,N
1561,J_1,A2CONTROLBANKS,N
1561,J_1,A2CONTROLMEDIA,N
1561,J_1,A2LOYALTY,N
1561,J_1,A2DISEASE,N
1561,J_1,A3WEALTH,N
1561,J_1,A3STINGY,N
1561,J_1,A3UNPATRIOTIC,N
1561,J_1,A3CARICATURE,N
1561,J_1,A3VIOLENCE,N
1561,J_1,A3SYNAGOGUE,N
1561,J_1,A3SWASTIKA,N
1561,J_1,A3DISCRIMINATION,N
11332,J_1,A1ESSENTIAL,N
11332,J_1,A2EVIL,N
11332,J_1,A2CONSPIRACY,N
11332,J_1,A2HIDDENPOWER,N
11332,J_1,A2COLLECTIVEAGENDA,N
11332,J_1,A2CONTROLGOV,N
11332,J_1,A2CONTROLBANKS,N
11332,J_1,A2CONTROLMEDIA,N
11332,J_1,A2LOYALTY,N
11332,J_1,A2DISEASE,N
11332,J_1,A3WEALTH,N
11332,J_1,A3STINGY,N
11332,J_1,A3UNPATRIOTIC,N
11332,J_1,A3CARICATURE,N
11332,J_1,A3VIOLENCE,N
11332,J_1,A3SYNAGOGUE,N
11332,J_1,A3SWASTIKA,N
11332,J_1,A3DISCRIMINATION,N
11813,J_1,A1ESSENTIAL,N
11813,J_1,A2EVIL,N
11813,J_1,A2CONSPIRACY,N
11813,J_1,A2HIDDENPOWER,N
11813,J_1,A2COLLECTIVEAGENDA,N
11813,J_1,A2CONTROLGOV,N
11813,J_1,A2CONTROLBANKS,N
11813,J_1,A2CONTROLMEDIA,N
11813,J_1,A2LOYALTY,N
11813,J_1,A2DISEASE,N
11813,J_1,A3WEALTH,N
11813,J_1,A3STINGY,N
11813,J_1,A3UNPATRIOTIC,N
11813,J_1,A3CARICATURE,N
11813,J_1,A3VIOLENCE,N
11813,J_1,A3SYNAGOGUE,N
11813,J_1,A3SWASTIKA,N
11813,J_1,A3DISCRIMINATION,N
39734,J_1,A1ESSENTIAL,N
39734,J_1,A2EVIL,N
39734,J_1,A2CONSPIRACY,N
39734,J_1,A2HIDDENPOWER,N
39734,J_1,A2COLLECTIVEAGENDA,N
39734,J_1,A2CONTROLGOV,N
39734,J_1,A2CONTROLBANKS,N
39734,J_1,A2CONTROLMEDIA,N
39734,J_1,A2LOYALTY,N
39734,J_1,A2DISEASE,N
39734,J_1,A3WEALTH,N
39734,J_1,A3STINGY,N
39734,J_1,A3UNPATRIOTIC,N
39734,J_1,A3CARICATURE,N
39734,J_1,A3VIOLENCE,N
39734,J_1,A3SYNAGOGUE,N
39734,J_1,A3SWASTIKA,N
39734,J_1,A3DISCRIMINATION,N
41267,J_1,A1ESSENTIAL,N
41267,J_1,A2EVIL,N
41267,J_1,A2CONSPIRACY,N
41267,J_1,A2HIDDENPOWER,N
41267,J_1,A2COLLECTIVEAGENDA,N
41267,J_1,A2CONTROLGOV,N
41267,J_1,A2CONTROLBANKS,N
41267,J_1,A2CONTROLMEDIA,N
41267,J_1,A2LOYALTY,N
41267,J_1,A2DISEASE,N
41267,J_1,A3WEALTH,N
41267,J_1,A3STINGY,N
41267,J_1,A3UNPATRIOTIC,N
41267,J_1,A3CARICATURE,N
41267,J_1,A3VIOLENCE,N
41267,J_1,A3SYNAGOGUE,N
41267,J_1,A3SWASTIKA,N
41267,J_1,A3DISCRIMINATION,N
2964,J_1,A1ESSENTIAL,N
2964,J_1,A2EVIL,N
2964,J_1,A2CONSPIRACY,N
2964,J_1,A2HIDDENPOWER,N
2964,J_1,A2COLLECTIVEAGENDA,N
2964,J_1,A2CONTROLGOV,N
2964,J_1,A2CONTROLBANKS,N
2964,J_1,A2CONTROLMEDIA,N
2964,J_1,A2LOYALTY,N
2964,J_1,A2DISEASE,N
2964,J_1,A3WEALTH,N
2964,J_1,A3STINGY,N
2964,J_1,A3UNPATRIOTIC,N
2964,J_1,A3CARICATURE,N
2964,J_1,A3VIOLENCE,N
2964,J_1,A3SYNAGOGUE,N
2964,J_1,A3SWASTIKA,N
2964,J_1,A3DISCRIMINATION,N
41396,J_1,A1ESSENTIAL,N
41396,J_1,A2EVIL,N
41396,J_1,A2CONSPIRACY,N
41396,J_1,A2HIDDENPOWER,N
41396,J_1,A2COLLECTIVEAGENDA,N
41396,J_1,A2CONTROLGOV,N
41396,J_1,A2CONTROLBANKS,N
41396,J_1,A2CONTROLMEDIA,N
41396,J_1,A2LOYALTY,N
41396,J_1,A2DISEASE,N
41396,J_1,A3WEALTH,N
41396,J_1,A3STINGY,N
41396,J_1,A3UNPATRIOTIC,N
41396,J_1,A3CARICATURE,N
41396,J_1,A3VIOLENCE,N
41396,J_1,A3SYNAGOGUE,N
41396,J_1,A3SWASTIKA,N
41396,J_1,A3DISCRIMINATION,N
7813,J_1,A1ESSENTIAL,N
7813,J_1,A2EVIL,N
7813,J_1,A2CONSPIRACY,N
7813,J_1,A2HIDDENPOWER,N
7813,J_1,A2COLLECTIVEAGENDA,N
7813,J_1,A2CONTROLGOV,N
7813,J_1,A2CONTROLBANKS,N
7813,J_1,A2CONTROLMEDIA,N
7813,J_1,A2LOYALTY,N
7813,J_1,A2DISEASE,N
7813,J_1,A3WEALTH,N
7813,J_1,A3STINGY,N
7813,J_1,A3UNPATRIOTIC,N
7813,J_1,A3CARICATURE,N
7813,J_1,A3VIOLENCE,N
7813,J_1,A3SYNAGOGUE,N
7813,J_1,A3SWASTIKA,N
7813,J_1,A3DISCRIMINATION,N
16033,J_1,A1ESSENTIAL,N
16033,J_1,A2EVIL,N
16033,J_1,A2CONSPIRACY,N
16033,J_1,A2HIDDENPOWER,N
16033,J_1,A2COLLECTIVEAGENDA,N
16033,J_1,A2CONTROLGOV,N
16033,J_1,A2CONTROLBANKS,N
16033,J_1,A2CONTROLMEDIA,N
16033,J_1,A2LOYALTY,N
16033,J_1,A2DISEASE,N
16033,J_1,A3WEALTH,N
16033,J_1,A3STINGY,N
16033,J_1,A3UNPATRIOTIC,N
16033,J_1,A3CARICATURE,N
16033,J_1,A3VIOLENCE,N
16033,J_1,A3SYNAGOGUE,N
16033,J_1,A3SWASTIKA,N
16033,J_1,A3DISCRIMINATION,N
37529,J_1,A1ESSENTIAL,N
37529,J_1,A2EVIL,N
37529,J_1,A2CONSPIRACY,N
37529,J_1,A2HIDDENPOWER,N
37529,J_1,A2COLLECTIVEAGENDA,N
37529,J_1,A2CONTROLGOV,N
37529,J_1,A2CONTROLBANKS,N
37529,J_1,A2CONTROLMEDIA,N
37529,J_1,A2LOYALTY,N
37529,J_1,A2DISEASE,N
37529,J_1,A3WEALTH,N
37529,J_1,A3STINGY,N
37529,J_1,A3UNPATRIOTIC,N
37529,J_1,A3CARICATURE,N
37529,J_1,A3VIOLENCE,N
37529,J_1,A3SYNAGOGUE,N
37529,J_1,A3SWASTIKA,N
37529,J_1,A3DISCRIMINATION,N
42035,J_1,A1ESSENTIAL,N
42035,J_1,A2EVIL,N
42035,J_1,A2CONSPIRACY,N
42035,J_1,A2HIDDENPOWER,N
42035,J_1,A2COLLECTIVEAGENDA,N
42035,J_1,A2CONTROLGOV,N
42035,J_1,A2CONTROLBANKS,N
42035,J_1,A2CONTROLMEDIA,N
42035,J_1,A2LOYALTY,N
42035,J_1,A2DISEASE,N
42035,J_1,A3WEALTH,N
42035,J_1,A3STINGY,N
42035,J_1,A3UNPATRIOTIC,N
42035,J_1,A3CARICATURE,N
42035,J_1,A3VIOLENCE,N
42035,J_1,A3SYNAGOGUE,N
42035,J_1,A3SWASTIKA,N
42035,J_1,A3DISCRIMINATION,N
5823,J_1,A1ESSENTIAL,N
5823,J_1,A2EVIL,N
5823,J_1,A2CONSPIRACY,N
5823,J_1,A2HIDDENPOWER,N
5823,J_1,A2COLLECTIVEAGENDA,N
5823,J_1,A2CONTROLGOV,N
5823,J_1,A2CONTROLBANKS,N
5823,J_1,A2CONTROLMEDIA,N
5823,J_1,A2LOYALTY,N
5823,J_1,A2DISEASE,N
5823,J_1,A3WEALTH,N
5823,J_1,A3STINGY,N
5823,J_1,A3UNPATRIOTIC,N
5823,J_1,A3CARICATURE,N
5823,J_1,A3VIOLENCE,N
5823,J_1,A3SYNAGOGUE,N
5823,J_1,A3SWASTIKA,N
5823,J_1,A3DISCRIMINATION,N
31512,J_1,A1ESSENTIAL,N
31512,J_1,A2EVIL,N
31512,J_1,A2CONSPIRACY,N
31512,J_1,A2HIDDENPOWER,N
31512,J_1,A2COLLECTIVEAGENDA,N
31512,J_1,A2CONTROLGOV,N
31512,J_1,A2CONTROLBANKS,N
31512,J_1,A2CONTROLMEDIA,N
31512,J_1,A2LOYALTY,N
31512,J_1,A2DISEASE,N
31512,J_1,A3WEALTH,N
31512,J_1,A3STINGY,N
31512,J_1,A3UNPATRIOTIC,N
31512,J_1,A3CARICATURE,N
31512,J_1,A3VIOLENCE,N
31512,J_1,A3SYNAGOGUE,N
31512,J_1,A3SWASTIKA,N
31512,J_1,A3DISCRIMINATION,N
26971,J_1,A1ESSENTIAL,N
26971,J_1,A2EVIL,N
26971,J_1,A2CONSPIRACY,N
26971,J_1,A2HIDDENPOWER,N
26971,J_1,A2COLLECTIVEAGENDA,N
26971,J_1,A2CONTROLGOV,N
26971,J_1,A2CONTROLBANKS,N
26971,J_1,A2CONTROLMEDIA,N
26971,J_1,A2LOYALTY,N
26971,J_1,A2DISEASE,N
26971,J_1,A3WEALTH,N
26971,J_1,A3STINGY,N
26971,J_1,A3UNPATRIOTIC,N
26971,J_1,A3CARICATURE,N
26971,J_1,A3VIOLENCE,N
26971,J_1,A3SYNAGOGUE,N
26971,J_1,A3SWASTIKA,N
26971,J_1,A3DISCRIMINATION,N
39748,J_1,A1ESSENTIAL,N
39748,J_1,A2EVIL,N
39748,J_1,A2CONSPIRACY,N
39748,J_1,A2HIDDENPOWER,N
39748,J_1,A2COLLECTIVEAGENDA,N
39748,J_1,A2CONTROLGOV,N
39748,J_1,A2CONTROLBANKS,N
39748,J_1,A2CONTROLMEDIA,N
39748,J_1,A2LOYALTY,N
39748,J_1,A2DISEASE,N
39748,J_1,A3WEALTH,N
39748,J_1,A3STINGY,N
39748,J_1,A3UNPATRIOTIC,N
39748,J_1,A3CARICATURE,N
39748,J_1,A3VIOLENCE,N
39748,J_1,A3SYNAGOGUE,N
39748,J_1,A3SWASTIKA,N
39748,J_1,A3DISCRIMINATION,N
30607,J_1,A1ESSENTIAL,N
30607,J_1,A2EVIL,N
30607,J_1,A2CONSPIRACY,N
30607,J_1,A2HIDDENPOWER,N
30607,J_1,A2COLLECTIVEAGENDA,N
30607,J_1,A2CONTROLGOV,N
30607,J_1,A2CONTROLBANKS,N
30607,J_1,A2CONTROLMEDIA,N
30607,J_1,A2LOYALTY,N
30607,J_1,A2DISEASE,N
30607,J_1,A3WEALTH,N
30607,J_1,A3STINGY,N
30607,J_1,A3UNPATRIOTIC,N
30607,J_1,A3CARICATURE,N
30607,J_1,A3VIOLENCE,N
30607,J_1,A3SYNAGOGUE,N
30607,J_1,A3SWASTIKA,N
30607,J_1,A3DISCRIMINATION,N
3569,J_1,A1ESSENTIAL,A
3569,J_1,A2EVIL,A
3569,J_1,A2CONSPIRACY,N
3569,J_1,A2HIDDENPOWER,N
3569,J_1,A2COLLECTIVEAGENDA,N
3569,J_1,A2CONTROLGOV,N
3569,J_1,A2CONTROLBANKS,N
3569,J_1,A2CONTROLMEDIA,N
3569,J_1,A2LOYALTY,N
3569,J_1,A2DISEASE,N
3569,J_1,A3WEALTH,N
3569,J_1,A3STINGY,N
3569,J_1,A3UNPATRIOTIC,N
3569,J_1,A3CARICATURE,N
3569,J_1,A3VIOLENCE,N
3569,J_1,A3SYNAGOGUE,N
3569,J_1,A3SWASTIKA,N
3569,J_1,A3DISCRIMINATION,N
32204,J_1,A1ESSENTIAL,N
32204,J_1,A2EVIL,N
32204,J_1,A2CONSPIRACY,N
32204,J_1,A2HIDDENPOWER,N
32204,J_1,A2COLLECTIVEAGENDA,N
32204,J_1,A2CONTROLGOV,N
32204,J_1,A2CONTROLBANKS,N
32204,J_1,A2CONTROLMEDIA,N
32204,J_1,A2LOYALTY,N
32204,J_1,A2DISEASE,N
32204,J_1,A3WEALTH,N
32204,J_1,A3STINGY,N
32204,J_1,A3UNPATRIOTIC,N
32204,J_1,A3CARICATURE,N
32204,J_1,A3VIOLENCE,N
32204,J_1,A3SYNAGOGUE,N
32204,J_1,A3SWASTIKA,N
32204,J_1,A3DISCRIMINATION,N
9659,J_1,A1ESSENTIAL,I
9659,J_1,A2EVIL,N
9659,J_1,A2CONSPIRACY,N
9659,J_1,A2HIDDENPOWER,N
9659,J_1,A2COLLECTIVEAGENDA,N
9659,J_1,A2CONTROLGOV,N
9659,J_1,A2CONTROLBANKS,N
9659,J_1,A2CONTROLMEDIA,N
9659,J_1,A2LOYALTY,N
9659,J_1,A2DISEASE,N
9659,J_1,A3WEALTH,I
9659,J_1,A3STINGY,N
9659,J_1,A3UNPATRIOTIC,N
9659,J_1,A3CARICATURE,N
9659,J_1,A3VIOLENCE,N
9659,J_1,A3SYNAGOGUE,N
9659,J_1,A3SWASTIKA,N
9659,J_1,A3DISCRIMINATION,N
1899,J_1,A1ESSENTIAL,N
1899,J_1,A2EVIL,N
1899,J_1,A2CONSPIRACY,N
1899,J_1,A2HIDDENPOWER,N
1899,J_1,A2COLLECTIVEAGENDA,N
1899,J_1,A2CONTROLGOV,N
1899,J_1,A2CONTROLBANKS,N
1899,J_1,A2CONTROLMEDIA,N
1899,J_1,A2LOYALTY,N
1899,J_1,A2DISEASE,N
1899,J_1,A3WEALTH,N
1899,J_1,A3STINGY,N
1899,J_1,A3UNPATRIOTIC,N
1899,J_1,A3CARICATURE,N
1899,J_1,A3VIOLENCE,N
1899,J_1,A3SYNAGOGUE,N
1899,J_1,A3SWASTIKA,N
1899,J_1,A3DISCRIMINATION,N
8963,J_1,A1ESSENTIAL,N
8963,J_1,A2EVIL,N
8963,J_1,A2CONSPIRACY,N
8963,J_1,A2HIDDENPOWER,N
8963,J_1,A2COLLECTIVEAGENDA,N
8963,J_1,A2CONTROLGOV,N
8963,J_1,A2CONTROLBANKS,N
8963,J_1,A2CONTROLMEDIA,N
8963,J_1,A2LOYALTY,N
8963,J_1,A2DISEASE,N
8963,J_1,A3WEALTH,N
8963,J_1,A3STINGY,N
8963,J_1,A3UNPATRIOTIC,N
8963,J_1,A3CARICATURE,N
8963,J_1,A3VIOLENCE,N
8963,J_1,A3SYNAGOGUE,N
8963,J_1,A3SWASTIKA,N
8963,J_1,A3DISCRIMINATION,N
44942,J_1,A1ESSENTIAL,N
44942,J_1,A2EVIL,N
44942,J_1,A2CONSPIRACY,N
44942,J_1,A2HIDDENPOWER,N
44942,J_1,A2COLLECTIVEAGENDA,N
44942,J_1,A2CONTROLGOV,N
44942,J_1,A2CONTROLBANKS,N
44942,J_1,A2CONTROLMEDIA,N
44942,J_1,A2LOYALTY,N
44942,J_1,A2DISEASE,N
44942,J_1,A3WEALTH,N
44942,J_1,A3STINGY,N
44942,J_1,A3UNPATRIOTIC,N
44942,J_1,A3CARICATURE,N
44942,J_1,A3VIOLENCE,N
44942,J_1,A3SYNAGOGUE,N
44942,J_1,A3SWASTIKA,N
44942,J_1,A3DISCRIMINATION,N
29651,J_1,A1ESSENTIAL,N
29651,J_1,A2EVIL,N
29651,J_1,A2CONSPIRACY,N
29651,J_1,A2HIDDENPOWER,N
29651,J_1,A2COLLECTIVEAGENDA,N
29651,J_1,A2CONTROLGOV,N
29651,J_1,A2CONTROLBANKS,N
29651,J_1,A2CONTROLMEDIA,N
29651,J_1,A2LOYALTY,N
29651,J_1,A2DISEASE,N
29651,J_1,A3WEALTH,N
29651,J_1,A3STINGY,N
29651,J_1,A3UNPATRIOTIC,N
29651,J_1,A3CARICATURE,N
29651,J_1,A3VIOLENCE,N
29651,J_1,A3SYNAGOGUE,N
29651,J_1,A3SWASTIKA,N
29651,J_1,A3DISCRIMINATION,N
14186,J_1,A1ESSENTIAL,N
14186,J_1,A2EVIL,N
14186,J_1,A2CONSPIRACY,N
14186,J_1,A2HIDDENPOWER,N
14186,J_1,A2COLLECTIVEAGENDA,N
14186,J_1,A2CONTROLGOV,N
14186,J_1,A2CONTROLBANKS,N
14186,J_1,A2CONTROLMEDIA,N
14186,J_1,A2LOYALTY,N
14186,J_1,A2DISEASE,N
14186,J_1,A3WEALTH,N
14186,J_1,A3STINGY,N
14186,J_1,A3UNPATRIOTIC,N
14186,J_1,A3CARICATURE,N
14186,J_1,A3VIOLENCE,N
14186,J_1,A3SYNAGOGUE,N
14186,J_1,A3SWASTIKA,N
14186,J_1,A3DISCRIMINATION,N
14852,J_1,A1ESSENTIAL,N
14852,J_1,A2EVIL,N
14852,J_1,A2CONSPIRACY,N
14852,J_1,A2HIDDENPOWER,N
14852,J_1,A2COLLECTIVEAGENDA,N
14852,J_1,A2CONTROLGOV,N
14852,J_1,A2CONTROLBANKS,N
14852,J_1,A2CONTROLMEDIA,N
14852,J_1,A2LOYALTY,N
14852,J_1,A2DISEASE,N
14852,J_1,A3WEALTH,N
14852,J_1,A3STINGY,N
14852,J_1,A3UNPATRIOTIC,N
14852,J_1,A3CARICATURE,N
14852,J_1,A3VIOLENCE,N
14852,J_1,A3SYNAGOGUE,N
14852,J_1,A3SWASTIKA,N
14852,J_1,A3DISCRIMINATION,N
2149,J_1,A1ESSENTIAL,N
2149,J_1,A2EVIL,N
2149,J_1,A2CONSPIRACY,N
2149,J_1,A2HIDDENPOWER,N
2149,J_1,A2COLLECTIVEAGENDA,N
2149,J_1,A2CONTROLGOV,N
2149,J_1,A2CONTROLBANKS,N
2149,J_1,A2CONTROLMEDIA,N
2149,J_1,A2LOYALTY,N
2149,J_1,A2DISEASE,N
2149,J_1,A3WEALTH,N
2149,J_1,A3STINGY,N
2149,J_1,A3UNPATRIOTIC,N
2149,J_1,A3CARICATURE,N
2149,J_1,A3VIOLENCE,N
2149,J_1,A3SYNAGOGUE,N
2149,J_1,A3SWASTIKA,N
2149,J_1,A3DISCRIMINATION,N
39214,J_1,A1ESSENTIAL,N
39214,J_1,A2EVIL,N
39214,J_1,A2CONSPIRACY,N
39214,J_1,A2HIDDENPOWER,N
39214,J_1,A2COLLECTIVEAGENDA,N
39214,J_1,A2CONTROLGOV,N
39214,J_1,A2CONTROLBANKS,N
39214,J_1,A2CONTROLMEDIA,N
39214,J_1,A2LOYALTY,N
39214,J_1,A2DISEASE,N
39214,J_1,A3WEALTH,N
39214,J_1,A3STINGY,N
39214,J_1,A3UNPATRIOTIC,N
39214,J_1,A3CARICATURE,N
39214,J_1,A3VIOLENCE,N
39214,J_1,A3SYNAGOGUE,N
39214,J_1,A3SWASTIKA,N
39214,J_1,A3DISCRIMINATION,N
41959,J_1,A1ESSENTIAL,N
41959,J_1,A2EVIL,N
41959,J_1,A2CONSPIRACY,N
41959,J_1,A2HIDDENPOWER,N
41959,J_1,A2COLLECTIVEAGENDA,N
41959,J_1,A2CONTROLGOV,N
41959,J_1,A2CONTROLBANKS,N
41959,J_1,A2CONTROLMEDIA,N
41959,J_1,A2LOYALTY,N
41959,J_1,A2DISEASE,N
41959,J_1,A3WEALTH,N
41959,J_1,A3STINGY,N
41959,J_1,A3UNPATRIOTIC,N
41959,J_1,A3CARICATURE,N
41959,J_1,A3VIOLENCE,N
41959,J_1,A3SYNAGOGUE,N
41959,J_1,A3SWASTIKA,N
41959,J_1,A3DISCRIMINATION,N
42708,J_1,A1ESSENTIAL,N
42708,J_1,A2EVIL,N
42708,J_1,A2CONSPIRACY,N
42708,J_1,A2HIDDENPOWER,N
42708,J_1,A2COLLECTIVEAGENDA,N
42708,J_1,A2CONTROLGOV,N
42708,J_1,A2CONTROLBANKS,N
42708,J_1,A2CONTROLMEDIA,N
42708,J_1,A2LOYALTY,N
42708,J_1,A2DISEASE,N
42708,J_1,A3WEALTH,N
42708,J_1,A3STINGY,N
42708,J_1,A3UNPATRIOTIC,N
42708,J_1,A3CARICATURE,N
42708,J_1,A3VIOLENCE,N
42708,J_1,A3SYNAGOGUE,N
42708,J_1,A3SWASTIKA,N
42708,J_1,A3DISCRIMINATION,N
26861,J_1,A1ESSENTIAL,N
26861,J_1,A2EVIL,N
26861,J_1,A2CONSPIRACY,N
26861,J_1,A2HIDDENPOWER,N
26861,J_1,A2COLLECTIVEAGENDA,N
26861,J_1,A2CONTROLGOV,N
26861,J_1,A2CONTROLBANKS,N
26861,J_1,A2CONTROLMEDIA,N
26861,J_1,A2LOYALTY,N
26861,J_1,A2DISEASE,N
26861,J_1,A3WEALTH,N
26861,J_1,A3STINGY,N
26861,J_1,A3UNPATRIOTIC,N
26861,J_1,A3CARICATURE,N
26861,J_1,A3VIOLENCE,N
26861,J_1,A3SYNAGOGUE,N
26861,J_1,A3SWASTIKA,N
26861,J_1,A3DISCRIMINATION,N
27584,J_1,A1ESSENTIAL,N
27584,J_1,A2EVIL,N
27584,J_1,A2CONSPIRACY,N
27584,J_1,A2HIDDENPOWER,N
27584,J_1,A2COLLECTIVEAGENDA,N
27584,J_1,A2CONTROLGOV,N
27584,J_1,A2CONTROLBANKS,N
27584,J_1,A2CONTROLMEDIA,N
27584,J_1,A2LOYALTY,N
27584,J_1,A2DISEASE,N
27584,J_1,A3WEALTH,N
27584,J_1,A3STINGY,N
27584,J_1,A3UNPATRIOTIC,N
27584,J_1,A3CARICATURE,N
27584,J_1,A3VIOLENCE,N
27584,J_1,A3SYNAGOGUE,N
27584,J_1,A3SWASTIKA,N
27584,J_1,A3DISCRIMINATION,N
40319,J_1,A1ESSENTIAL,N
40319,J_1,A2EVIL,N
40319,J_1,A2CONSPIRACY,N
40319,J_1,A2HIDDENPOWER,N
40319,J_1,A2COLLECTIVEAGENDA,N
40319,J_1,A2CONTROLGOV,N
40319,J_1,A2CONTROLBANKS,N
40319,J_1,A2CONTROLMEDIA,N
40319,J_1,A2LOYALTY,N
40319,J_1,A2DISEASE,N
40319,J_1,A3WEALTH,N
40319,J_1,A3STINGY,N
40319,J_1,A3UNPATRIOTIC,N
40319,J_1,A3CARICATURE,N
40319,J_1,A3VIOLENCE,N
40319,J_1,A3SYNAGOGUE,N
40319,J_1,A3SWASTIKA,N
40319,J_1,A3DISCRIMINATION,N
36710,J_1,A1ESSENTIAL,N
36710,J_1,A2EVIL,N
36710,J_1,A2CONSPIRACY,N
36710,J_1,A2HIDDENPOWER,N
36710,J_1,A2COLLECTIVEAGENDA,N
36710,J_1,A2CONTROLGOV,N
36710,J_1,A2CONTROLBANKS,N
36710,J_1,A2CONTROLMEDIA,N
36710,J_1,A2LOYALTY,N
36710,J_1,A2DISEASE,N
36710,J_1,A3WEALTH,N
36710,J_1,A3STINGY,N
36710,J_1,A3UNPATRIOTIC,N
36710,J_1,A3CARICATURE,N
36710,J_1,A3VIOLENCE,N
36710,J_1,A3SYNAGOGUE,N
36710,J_1,A3SWASTIKA,N
36710,J_1,A3DISCRIMINATION,N
2754,J_1,A1ESSENTIAL,N
2754,J_1,A2EVIL,N
2754,J_1,A2CONSPIRACY,N
2754,J_1,A2HIDDENPOWER,N
2754,J_1,A2COLLECTIVEAGENDA,N
2754,J_1,A2CONTROLGOV,N
2754,J_1,A2CONTROLBANKS,N
2754,J_1,A2CONTROLMEDIA,N
2754,J_1,A2LOYALTY,N
2754,J_1,A2DISEASE,N
2754,J_1,A3WEALTH,N
2754,J_1,A3STINGY,N
2754,J_1,A3UNPATRIOTIC,N
2754,J_1,A3CARICATURE,N
2754,J_1,A3VIOLENCE,N
2754,J_1,A3SYNAGOGUE,N
2754,J_1,A3SWASTIKA,N
2754,J_1,A3DISCRIMINATION,N
44956,J_1,A1ESSENTIAL,N
44956,J_1,A2EVIL,N
44956,J_1,A2CONSPIRACY,N
44956,J_1,A2HIDDENPOWER,N
44956,J_1,A2COLLECTIVEAGENDA,N
44956,J_1,A2CONTROLGOV,N
44956,J_1,A2CONTROLBANKS,N
44956,J_1,A2CONTROLMEDIA,N
44956,J_1,A2LOYALTY,N
44956,J_1,A2DISEASE,N
44956,J_1,A3WEALTH,N
44956,J_1,A3STINGY,N
44956,J_1,A3UNPATRIOTIC,N
44956,J_1,A3CARICATURE,N
44956,J_1,A3VIOLENCE,N
44956,J_1,A3SYNAGOGUE,N
44956,J_1,A3SWASTIKA,N
44956,J_1,A3DISCRIMINATION,N
40269,J_1,A1ESSENTIAL,I
40269,J_1,A2EVIL,I
40269,J_1,A2CONSPIRACY,I
40269,J_1,A2HIDDENPOWER,N
40269,J_1,A2COLLECTIVEAGENDA,I
40269,J_1,A2CONTROLGOV,N
40269,J_1,A2CONTROLBANKS,N
40269,J_1,A2CONTROLMEDIA,N
40269,J_1,A2LOYALTY,N
40269,J_1,A2DISEASE,N
40269,J_1,A3WEALTH,N
40269,J_1,A3STINGY,N
40269,J_1,A3UNPATRIOTIC,N
40269,J_1,A3CARICATURE,N
40269,J_1,A3VIOLENCE,N
40269,J_1,A3SYNAGOGUE,N
40269,J_1,A3SWASTIKA,N
40269,J_1,A3DISCRIMINATION,N
22873,J_1,A1ESSENTIAL,N
22873,J_1,A2EVIL,N
22873,J_1,A2CONSPIRACY,N
22873,J_1,A2HIDDENPOWER,N
22873,J_1,A2COLLECTIVEAGENDA,N
22873,J_1,A2CONTROLGOV,N
22873,J_1,A2CONTROLBANKS,N
22873,J_1,A2CONTROLMEDIA,N
22873,J_1,A2LOYALTY,N
22873,J_1,A2DISEASE,N
22873,J_1,A3WEALTH,N
22873,J_1,A3STINGY,N
22873,J_1,A3UNPATRIOTIC,N
22873,J_1,A3CARICATURE,N
22873,J_1,A3VIOLENCE,N
22873,J_1,A3SYNAGOGUE,N
22873,J_1,A3SWASTIKA,N
22873,J_1,A3DISCRIMINATION,N
17045,J_1,A1ESSENTIAL,A
17045,J_1,A2EVIL,N
17045,J_1,A2CONSPIRACY,I
17045,J_1,A2HIDDENPOWER,I
17045,J_1,A2COLLECTIVEAGENDA,I
17045,J_1,A2CONTROLGOV,N
17045,J_1,A2CONTROLBANKS,N
17045,J_1,A2CONTROLMEDIA,N
17045,J_1,A2LOYALTY,N
17045,J_1,A2DISEASE,N
17045,J_1,A3WEALTH,N
17045,J_1,A3STINGY,N
17045,J_1,A3UNPATRIOTIC,N
17045,J_1,A3CARICATURE,N
17045,J_1,A3VIOLENCE,N
17045,J_1,A3SYNAGOGUE,N
17045,J_1,A3SWASTIKA,N
17045,J_1,A3DISCRIMINATION,N
17968,J_1,A1ESSENTIAL,N
17968,J_1,A2EVIL,N
17968,J_1,A2CONSPIRACY,N
17968,J_1,A2HIDDENPOWER,N
17968,J_1,A2COLLECTIVEAGENDA,N
17968,J_1,A2CONTROLGOV,N
17968,J_1,A2CONTROLBANKS,N
17968,J_1,A2CONTROLMEDIA,N
17968,J_1,A2LOYALTY,N
17968,J_1,A2DISEASE,N
17968,J_1,A3WEALTH,N
17968,J_1,A3STINGY,N
17968,J_1,A3UNPATRIOTIC,N
17968,J_1,A3CARICATURE,N
17968,J_1,A3VIOLENCE,N
17968,J_1,A3SYNAGOGUE,N
17968,J_1,A3SWASTIKA,N
17968,J_1,A3DISCRIMINATION,N
20068,J_1,A1ESSENTIAL,E
20068,J_1,A2EVIL,N
20068,J_1,A2CONSPIRACY,N
20068,J_1,A2HIDDENPOWER,N
20068,J_1,A2COLLECTIVEAGENDA,N
20068,J_1,A2CONTROLGOV,N
20068,J_1,A2CONTROLBANKS,N
20068,J_1,A2CONTROLMEDIA,N
20068,J_1,A2LOYALTY,N
20068,J_1,A2DISEASE,N
20068,J_1,A3WEALTH,N
20068,J_1,A3STINGY,N
20068,J_1,A3UNPATRIOTIC,N
20068,J_1,A3CARICATURE,N
20068,J_1,A3VIOLENCE,N
20068,J_1,A3SYNAGOGUE,N
20068,J_1,A3SWASTIKA,N
20068,J_1,A3DISCRIMINATION,N
44762,J_1,A1ESSENTIAL,E
44762,J_1,A2EVIL,N
44762,J_1,A2CONSPIRACY,N
44762,J_1,A2HIDDENPOWER,N
44762,J_1,A2COLLECTIVEAGENDA,N
44762,J_1,A2CONTROLGOV,N
44762,J_1,A2CONTROLBANKS,N
44762,J_1,A2CONTROLMEDIA,N
44762,J_1,A2LOYALTY,N
44762,J_1,A2DISEASE,N
44762,J_1,A3WEALTH,N
44762,J_1,A3STINGY,N
44762,J_1,A3UNPATRIOTIC,N
44762,J_1,A3CARICATURE,N
44762,J_1,A3VIOLENCE,I
44762,J_1,A3SYNAGOGUE,N
44762,J_1,A3SWASTIKA,N
44762,J_1,A3DISCRIMINATION,N
45678,J_1,A1ESSENTIAL,N
45678,J_1,A2EVIL,N
45678,J_1,A2CONSPIRACY,N
45678,J_1,A2HIDDENPOWER,N
45678,J_1,A2COLLECTIVEAGENDA,N
45678,J_1,A2CONTROLGOV,N
45678,J_1,A2CONTROLBANKS,N
45678,J_1,A2CONTROLMEDIA,N
45678,J_1,A2LOYALTY,N
45678,J_1,A2DISEASE,N
45678,J_1,A3WEALTH,N
45678,J_1,A3STINGY,N
45678,J_1,A3UNPATRIOTIC,N
45678,J_1,A3CARICATURE,N
45678,J_1,A3VIOLENCE,N
45678,J_1,A3SYNAGOGUE,N
45678,J_1,A3SWASTIKA,N
45678,J_1,A3DISCRIMINATION,N
40998,J_1,A1ESSENTIAL,N
40998,J_1,A2EVIL,N
40998,J_1,A2CONSPIRACY,N
40998,J_1,A2HIDDENPOWER,N
40998,J_1,A2COLLECTIVEAGENDA,N
40998,J_1,A2CONTROLGOV,N
40998,J_1,A2CONTROLBANKS,N
40998,J_1,A2CONTROLMEDIA,N
40998,J_1,A2LOYALTY,N
40998,J_1,A2DISEASE,N
40998,J_1,A3WEALTH,N
40998,J_1,A3STINGY,N
40998,J_1,A3UNPATRIOTIC,N
40998,J_1,A3CARICATURE,N
40998,J_1,A3VIOLENCE,N
40998,J_1,A3SYNAGOGUE,N
40998,J_1,A3SWASTIKA,N
40998,J_1,A3DISCRIMINATION,N
17218,J_1,A1ESSENTIAL,A
17218,J_1,A2EVIL,N
17218,J_1,A2CONSPIRACY,N
17218,J_1,A2HIDDENPOWER,N
17218,J_1,A2COLLECTIVEAGENDA,N
17218,J_1,A2CONTROLGOV,N
17218,J_1,A2CONTROLBANKS,N
17218,J_1,A2CONTROLMEDIA,N
17218,J_1,A2LOYALTY,N
17218,J_1,A2DISEASE,N
17218,J_1,A3WEALTH,N
17218,J_1,A3STINGY,N
17218,J_1,A3UNPATRIOTIC,N
17218,J_1,A3CARICATURE,N
17218,J_1,A3VIOLENCE,N
17218,J_1,A3SYNAGOGUE,N
17218,J_1,A3SWASTIKA,N
17218,J_1,A3DISCRIMINATION,N
35282,J_1,A1ESSENTIAL,N
35282,J_1,A2EVIL,N
35282,J_1,A2CONSPIRACY,N
35282,J_1,A2HIDDENPOWER,N
35282,J_1,A2COLLECTIVEAGENDA,N
35282,J_1,A2CONTROLGOV,N
35282,J_1,A2CONTROLBANKS,N
35282,J_1,A2CONTROLMEDIA,N
35282,J_1,A2LOYALTY,N
35282,J_1,A2DISEASE,N
35282,J_1,A3WEALTH,N
35282,J_1,A3STINGY,N
35282,J_1,A3UNPATRIOTIC,N
35282,J_1,A3CARICATURE,N
35282,J_1,A3VIOLENCE,N
35282,J_1,A3SYNAGOGUE,N
35282,J_1,A3SWASTIKA,N
35282,J_1,A3DISCRIMINATION,N
45023,J_1,A1ESSENTIAL,A
45023,J_1,A2EVIL,N
45023,J_1,A2CONSPIRACY,N
45023,J_1,A2HIDDENPOWER,N
45023,J_1,A2COLLECTIVEAGENDA,N
45023,J_1,A2CONTROLGOV,N
45023,J_1,A2CONTROLBANKS,N
45023,J_1,A2CONTROLMEDIA,N
45023,J_1,A2LOYALTY,N
45023,J_1,A2DISEASE,N
45023,J_1,A3WEALTH,N
45023,J_1,A3STINGY,N
45023,J_1,A3UNPATRIOTIC,N
45023,J_1,A3CARICATURE,N
45023,J_1,A3VIOLENCE,N
45023,J_1,A3SYNAGOGUE,N
45023,J_1,A3SWASTIKA,N
45023,J_1,A3DISCRIMINATION,N
32785,J_1,A1ESSENTIAL,N
32785,J_1,A2EVIL,N
32785,J_1,A2CONSPIRACY,N
32785,J_1,A2HIDDENPOWER,N
32785,J_1,A2COLLECTIVEAGENDA,N
32785,J_1,A2CONTROLGOV,N
32785,J_1,A2CONTROLBANKS,N
32785,J_1,A2CONTROLMEDIA,N
32785,J_1,A2LOYALTY,N
32785,J_1,A2DISEASE,N
32785,J_1,A3WEALTH,N
32785,J_1,A3STINGY,N
32785,J_1,A3UNPATRIOTIC,N
32785,J_1,A3CARICATURE,N
32785,J_1,A3VIOLENCE,N
32785,J_1,A3SYNAGOGUE,N
32785,J_1,A3SWASTIKA,N
32785,J_1,A3DISCRIMINATION,N
32795,J_1,A1ESSENTIAL,N
32795,J_1,A2EVIL,N
32795,J_1,A2CONSPIRACY,N
32795,J_1,A2HIDDENPOWER,N
32795,J_1,A2COLLECTIVEAGENDA,N
32795,J_1,A2CONTROLGOV,N
32795,J_1,A2CONTROLBANKS,N
32795,J_1,A2CONTROLMEDIA,N
32795,J_1,A2LOYALTY,N
32795,J_1,A2DISEASE,N
32795,J_1,A3WEALTH,N
32795,J_1,A3STINGY,N
32795,J_1,A3UNPATRIOTIC,N
32795,J_1,A3CARICATURE,N
32795,J_1,A3VIOLENCE,N
32795,J_1,A3SYNAGOGUE,N
32795,J_1,A3SWASTIKA,N
32795,J_1,A3DISCRIMINATION,N
18445,J_1,A1ESSENTIAL,N
18445,J_1,A2EVIL,N
18445,J_1,A2CONSPIRACY,N
18445,J_1,A2HIDDENPOWER,N
18445,J_1,A2COLLECTIVEAGENDA,N
18445,J_1,A2CONTROLGOV,N
18445,J_1,A2CONTROLBANKS,N
18445,J_1,A2CONTROLMEDIA,N
18445,J_1,A2LOYALTY,N
18445,J_1,A2DISEASE,N
18445,J_1,A3WEALTH,N
18445,J_1,A3STINGY,N
18445,J_1,A3UNPATRIOTIC,N
18445,J_1,A3CARICATURE,N
18445,J_1,A3VIOLENCE,N
18445,J_1,A3SYNAGOGUE,N
18445,J_1,A3SWASTIKA,N
18445,J_1,A3DISCRIMINATION,N
36612,J_1,A1ESSENTIAL,N
36612,J_1,A2EVIL,N
36612,J_1,A2CONSPIRACY,N
36612,J_1,A2HIDDENPOWER,N
36612,J_1,A2COLLECTIVEAGENDA,N
36612,J_1,A2CONTROLGOV,N
36612,J_1,A2CONTROLBANKS,N
36612,J_1,A2CONTROLMEDIA,N
36612,J_1,A2LOYALTY,N
36612,J_1,A2DISEASE,N
36612,J_1,A3WEALTH,N
36612,J_1,A3STINGY,N
36612,J_1,A3UNPATRIOTIC,N
36612,J_1,A3CARICATURE,N
36612,J_1,A3VIOLENCE,N
36612,J_1,A3SYNAGOGUE,N
36612,J_1,A3SWASTIKA,N
36612,J_1,A3DISCRIMINATION,I
14469,J_1,A1ESSENTIAL,N
14469,J_1,A2EVIL,N
14469,J_1,A2CONSPIRACY,N
14469,J_1,A2HIDDENPOWER,N
14469,J_1,A2COLLECTIVEAGENDA,N
14469,J_1,A2CONTROLGOV,N
14469,J_1,A2CONTROLBANKS,N
14469,J_1,A2CONTROLMEDIA,N
14469,J_1,A2LOYALTY,N
14469,J_1,A2DISEASE,N
14469,J_1,A3WEALTH,N
14469,J_1,A3STINGY,N
14469,J_1,A3UNPATRIOTIC,N
14469,J_1,A3CARICATURE,N
14469,J_1,A3VIOLENCE,N
14469,J_1,A3SYNAGOGUE,N
14469,J_1,A3SWASTIKA,N
14469,J_1,A3DISCRIMINATION,N
21115,J_1,A1ESSENTIAL,N
21115,J_1,A2EVIL,N
21115,J_1,A2CONSPIRACY,N
21115,J_1,A2HIDDENPOWER,N
21115,J_1,A2COLLECTIVEAGENDA,N
21115,J_1,A2CONTROLGOV,N
21115,J_1,A2CONTROLBANKS,N
21115,J_1,A2CONTROLMEDIA,N
21115,J_1,A2LOYALTY,N
21115,J_1,A2DISEASE,N
21115,J_1,A3WEALTH,N
21115,J_1,A3STINGY,N
21115,J_1,A3UNPATRIOTIC,N
21115,J_1,A3CARICATURE,N
21115,J_1,A3VIOLENCE,N
21115,J_1,A3SYNAGOGUE,N
21115,J_1,A3SWASTIKA,N
21115,J_1,A3DISCRIMINATION,N
16044,J_1,A1ESSENTIAL,N
16044,J_1,A2EVIL,N
16044,J_1,A2CONSPIRACY,N
16044,J_1,A2HIDDENPOWER,N
16044,J_1,A2COLLECTIVEAGENDA,N
16044,J_1,A2CONTROLGOV,N
16044,J_1,A2CONTROLBANKS,N
16044,J_1,A2CONTROLMEDIA,N
16044,J_1,A2LOYALTY,N
16044,J_1,A2DISEASE,N
16044,J_1,A3WEALTH,N
16044,J_1,A3STINGY,N
16044,J_1,A3UNPATRIOTIC,N
16044,J_1,A3CARICATURE,N
16044,J_1,A3VIOLENCE,N
16044,J_1,A3SYNAGOGUE,N
16044,J_1,A3SWASTIKA,N
16044,J_1,A3DISCRIMINATION,N
6378,J_1,A1ESSENTIAL,N
6378,J_1,A2EVIL,N
6378,J_1,A2CONSPIRACY,N
6378,J_1,A2HIDDENPOWER,N
6378,J_1,A2COLLECTIVEAGENDA,N
6378,J_1,A2CONTROLGOV,N
6378,J_1,A2CONTROLBANKS,N
6378,J_1,A2CONTROLMEDIA,N
6378,J_1,A2LOYALTY,N
6378,J_1,A2DISEASE,N
6378,J_1,A3WEALTH,N
6378,J_1,A3STINGY,N
6378,J_1,A3UNPATRIOTIC,N
6378,J_1,A3CARICATURE,N
6378,J_1,A3VIOLENCE,N
6378,J_1,A3SYNAGOGUE,N
6378,J_1,A3SWASTIKA,N
6378,J_1,A3DISCRIMINATION,N
43018,J_1,A1ESSENTIAL,A
43018,J_1,A2EVIL,N
43018,J_1,A2CONSPIRACY,N
43018,J_1,A2HIDDENPOWER,N
43018,J_1,A2COLLECTIVEAGENDA,N
43018,J_1,A2CONTROLGOV,N
43018,J_1,A2CONTROLBANKS,N
43018,J_1,A2CONTROLMEDIA,N
43018,J_1,A2LOYALTY,N
43018,J_1,A2DISEASE,N
43018,J_1,A3WEALTH,N
43018,J_1,A3STINGY,N
43018,J_1,A3UNPATRIOTIC,N
43018,J_1,A3CARICATURE,N
43018,J_1,A3VIOLENCE,N
43018,J_1,A3SYNAGOGUE,N
43018,J_1,A3SWASTIKA,N
43018,J_1,A3DISCRIMINATION,N
5492,J_1,A1ESSENTIAL,N
5492,J_1,A2EVIL,N
5492,J_1,A2CONSPIRACY,N
5492,J_1,A2HIDDENPOWER,N
5492,J_1,A2COLLECTIVEAGENDA,N
5492,J_1,A2CONTROLGOV,N
5492,J_1,A2CONTROLBANKS,N
5492,J_1,A2CONTROLMEDIA,N
5492,J_1,A2LOYALTY,N
5492,J_1,A2DISEASE,N
5492,J_1,A3WEALTH,N
5492,J_1,A3STINGY,N
5492,J_1,A3UNPATRIOTIC,N
5492,J_1,A3CARICATURE,N
5492,J_1,A3VIOLENCE,N
5492,J_1,A3SYNAGOGUE,N
5492,J_1,A3SWASTIKA,N
5492,J_1,A3DISCRIMINATION,N
28722,J_1,A1ESSENTIAL,N
28722,J_1,A2EVIL,N
28722,J_1,A2CONSPIRACY,N
28722,J_1,A2HIDDENPOWER,N
28722,J_1,A2COLLECTIVEAGENDA,N
28722,J_1,A2CONTROLGOV,N
28722,J_1,A2CONTROLBANKS,N
28722,J_1,A2CONTROLMEDIA,N
28722,J_1,A2LOYALTY,N
28722,J_1,A2DISEASE,N
28722,J_1,A3WEALTH,N
28722,J_1,A3STINGY,N
28722,J_1,A3UNPATRIOTIC,N
28722,J_1,A3CARICATURE,N
28722,J_1,A3VIOLENCE,N
28722,J_1,A3SYNAGOGUE,N
28722,J_1,A3SWASTIKA,N
28722,J_1,A3DISCRIMINATION,N
22173,J_1,A1ESSENTIAL,N
22173,J_1,A2EVIL,N
22173,J_1,A2CONSPIRACY,N
22173,J_1,A2HIDDENPOWER,N
22173,J_1,A2COLLECTIVEAGENDA,N
22173,J_1,A2CONTROLGOV,N
22173,J_1,A2CONTROLBANKS,N
22173,J_1,A2CONTROLMEDIA,N
22173,J_1,A2LOYALTY,N
22173,J_1,A2DISEASE,N
22173,J_1,A3WEALTH,N
22173,J_1,A3STINGY,N
22173,J_1,A3UNPATRIOTIC,N
22173,J_1,A3CARICATURE,N
22173,J_1,A3VIOLENCE,N
22173,J_1,A3SYNAGOGUE,N
22173,J_1,A3SWASTIKA,N
22173,J_1,A3DISCRIMINATION,N
7395,J_1,A1ESSENTIAL,N
7395,J_1,A2EVIL,N
7395,J_1,A2CONSPIRACY,N
7395,J_1,A2HIDDENPOWER,N
7395,J_1,A2COLLECTIVEAGENDA,N
7395,J_1,A2CONTROLGOV,N
7395,J_1,A2CONTROLBANKS,N
7395,J_1,A2CONTROLMEDIA,N
7395,J_1,A2LOYALTY,N
7395,J_1,A2DISEASE,N
7395,J_1,A3WEALTH,N
7395,J_1,A3STINGY,N
7395,J_1,A3UNPATRIOTIC,N
7395,J_1,A3CARICATURE,N
7395,J_1,A3VIOLENCE,E
7395,J_1,A3SYNAGOGUE,N
7395,J_1,A3SWASTIKA,N
7395,J_1,A3DISCRIMINATION,N
47619,J_1,A1ESSENTIAL,N
47619,J_1,A2EVIL,A
47619,J_1,A2CONSPIRACY,N
47619,J_1,A2HIDDENPOWER,N
47619,J_1,A2COLLECTIVEAGENDA,N
47619,J_1,A2CONTROLGOV,N
47619,J_1,A2CONTROLBANKS,N
47619,J_1,A2CONTROLMEDIA,N
47619,J_1,A2LOYALTY,N
47619,J_1,A2DISEASE,N
47619,J_1,A3WEALTH,N
47619,J_1,A3STINGY,N
47619,J_1,A3UNPATRIOTIC,N
47619,J_1,A3CARICATURE,N
47619,J_1,A3VIOLENCE,N
47619,J_1,A3SYNAGOGUE,N
47619,J_1,A3SWASTIKA,N
47619,J_1,A3DISCRIMINATION,N
7988,J_1,A1ESSENTIAL,A
7988,J_1,A2EVIL,A
7988,J_1,A2CONSPIRACY,N
7988,J_1,A2HIDDENPOWER,N
7988,J_1,A2COLLECTIVEAGENDA,N
7988,J_1,A2CONTROLGOV,N
7988,J_1,A2CONTROLBANKS,N
7988,J_1,A2CONTROLMEDIA,N
7988,J_1,A2LOYALTY,N
7988,J_1,A2DISEASE,N
7988,J_1,A3WEALTH,N
7988,J_1,A3STINGY,N
7988,J_1,A3UNPATRIOTIC,N
7988,J_1,A3CARICATURE,N
7988,J_1,A3VIOLENCE,I
7988,J_1,A3SYNAGOGUE,N
7988,J_1,A3SWASTIKA,N
7988,J_1,A3DISCRIMINATION,N
6113,J_1,A1ESSENTIAL,N
6113,J_1,A2EVIL,N
6113,J_1,A2CONSPIRACY,N
6113,J_1,A2HIDDENPOWER,N
6113,J_1,A2COLLECTIVEAGENDA,N
6113,J_1,A2CONTROLGOV,N
6113,J_1,A2CONTROLBANKS,N
6113,J_1,A2CONTROLMEDIA,N
6113,J_1,A2LOYALTY,N
6113,J_1,A2DISEASE,N
6113,J_1,A3WEALTH,N
6113,J_1,A3STINGY,N
6113,J_1,A3UNPATRIOTIC,N
6113,J_1,A3CARICATURE,N
6113,J_1,A3VIOLENCE,N
6113,J_1,A3SYNAGOGUE,N
6113,J_1,A3SWASTIKA,N
6113,J_1,A3DISCRIMINATION,N
49357,J_1,A1ESSENTIAL,A
49357,J_1,A2EVIL,I
49357,J_1,A2CONSPIRACY,N
49357,J_1,A2HIDDENPOWER,N
49357,J_1,A2COLLECTIVEAGENDA,N
49357,J_1,A2CONTROLGOV,N
49357,J_1,A2CONTROLBANKS,N
49357,J_1,A2CONTROLMEDIA,N
49357,J_1,A2LOYALTY,N
49357,J_1,A2DISEASE,N
49357,J_1,A3WEALTH,N
49357,J_1,A3STINGY,N
49357,J_1,A3UNPATRIOTIC,N
49357,J_1,A3CARICATURE,N
49357,J_1,A3VIOLENCE,I
49357,J_1,A3SYNAGOGUE,N
49357,J_1,A3SWASTIKA,N
49357,J_1,A3DISCRIMINATION,N
19662,J_1,A1ESSENTIAL,N
19662,J_1,A2EVIL,N
19662,J_1,A2CONSPIRACY,N
19662,J_1,A2HIDDENPOWER,N
19662,J_1,A2COLLECTIVEAGENDA,N
19662,J_1,A2CONTROLGOV,N
19662,J_1,A2CONTROLBANKS,N
19662,J_1,A2CONTROLMEDIA,N
19662,J_1,A2LOYALTY,N
19662,J_1,A2DISEASE,N
19662,J_1,A3WEALTH,N
19662,J_1,A3STINGY,N
19662,J_1,A3UNPATRIOTIC,N
19662,J_1,A3CARICATURE,N
19662,J_1,A3VIOLENCE,N
19662,J_1,A3SYNAGOGUE,N
19662,J_1,A3SWASTIKA,N
19662,J_1,A3DISCRIMINATION,N
41342,J_1,A1ESSENTIAL,N
41342,J_1,A2EVIL,N
41342,J_1,A2CONSPIRACY,I
41342,J_1,A2HIDDENPOWER,I
41342,J_1,A2COLLECTIVEAGENDA,I
41342,J_1,A2CONTROLGOV,I
41342,J_1,A2CONTROLBANKS,N
41342,J_1,A2CONTROLMEDIA,N
41342,J_1,A2LOYALTY,I
41342,J_1,A2DISEASE,N
41342,J_1,A3WEALTH,N
41342,J_1,A3STINGY,N
41342,J_1,A3UNPATRIOTIC,N
41342,J_1,A3CARICATURE,N
41342,J_1,A3VIOLENCE,N
41342,J_1,A3SYNAGOGUE,N
41342,J_1,A3SWASTIKA,N
41342,J_1,A3DISCRIMINATION,N
1453,J_1,A1ESSENTIAL,N
1453,J_1,A2EVIL,I
1453,J_1,A2CONSPIRACY,N
1453,J_1,A2HIDDENPOWER,N
1453,J_1,A2COLLECTIVEAGENDA,N
1453,J_1,A2CONTROLGOV,N
1453,J_1,A2CONTROLBANKS,N
1453,J_1,A2CONTROLMEDIA,N
1453,J_1,A2LOYALTY,N
1453,J_1,A2DISEASE,N
1453,J_1,A3WEALTH,N
1453,J_1,A3STINGY,N
1453,J_1,A3UNPATRIOTIC,N
1453,J_1,A3CARICATURE,N
1453,J_1,A3VIOLENCE,N
1453,J_1,A3SYNAGOGUE,N
1453,J_1,A3SWASTIKA,N
1453,J_1,A3DISCRIMINATION,N
19314,J_1,A1ESSENTIAL,N
19314,J_1,A2EVIL,N
19314,J_1,A2CONSPIRACY,N
19314,J_1,A2HIDDENPOWER,N
19314,J_1,A2COLLECTIVEAGENDA,N
19314,J_1,A2CONTROLGOV,N
19314,J_1,A2CONTROLBANKS,N
19314,J_1,A2CONTROLMEDIA,N
19314,J_1,A2LOYALTY,N
19314,J_1,A2DISEASE,N
19314,J_1,A3WEALTH,N
19314,J_1,A3STINGY,N
19314,J_1,A3UNPATRIOTIC,N
19314,J_1,A3CARICATURE,N
19314,J_1,A3VIOLENCE,N
19314,J_1,A3SYNAGOGUE,N
19314,J_1,A3SWASTIKA,N
19314,J_1,A3DISCRIMINATION,N
25348,J_1,A1ESSENTIAL,N
25348,J_1,A2EVIL,N
25348,J_1,A2CONSPIRACY,N
25348,J_1,A2HIDDENPOWER,N
25348,J_1,A2COLLECTIVEAGENDA,N
25348,J_1,A2CONTROLGOV,N
25348,J_1,A2CONTROLBANKS,N
25348,J_1,A2CONTROLMEDIA,N
25348,J_1,A2LOYALTY,N
25348,J_1,A2DISEASE,N
25348,J_1,A3WEALTH,N
25348,J_1,A3STINGY,N
25348,J_1,A3UNPATRIOTIC,N
25348,J_1,A3CARICATURE,N
25348,J_1,A3VIOLENCE,N
25348,J_1,A3SYNAGOGUE,N
25348,J_1,A3SWASTIKA,N
25348,J_1,A3DISCRIMINATION,N
49692,J_1,A1ESSENTIAL,N
49692,J_1,A2EVIL,N
49692,J_1,A2CONSPIRACY,N
49692,J_1,A2HIDDENPOWER,N
49692,J_1,A2COLLECTIVEAGENDA,N
49692,J_1,A2CONTROLGOV,N
49692,J_1,A2CONTROLBANKS,N
49692,J_1,A2CONTROLMEDIA,N
49692,J_1,A2LOYALTY,N
49692,J_1,A2DISEASE,N
49692,J_1,A3WEALTH,N
49692,J_1,A3STINGY,N
49692,J_1,A3UNPATRIOTIC,N
49692,J_1,A3CARICATURE,N
49692,J_1,A3VIOLENCE,N
49692,J_1,A3SYNAGOGUE,N
49692,J_1,A3SWASTIKA,N
49692,J_1,A3DISCRIMINATION,N
44423,J_1,A1ESSENTIAL,I
44423,J_1,A2EVIL,A
44423,J_1,A2CONSPIRACY,I
44423,J_1,A2HIDDENPOWER,I
44423,J_1,A2COLLECTIVEAGENDA,I
44423,J_1,A2CONTROLGOV,N
44423,J_1,A2CONTROLBANKS,N
44423,J_1,A2CONTROLMEDIA,N
44423,J_1,A2LOYALTY,N
44423,J_1,A2DISEASE,N
44423,J_1,A3WEALTH,N
44423,J_1,A3STINGY,N
44423,J_1,A3UNPATRIOTIC,N
44423,J_1,A3CARICATURE,N
44423,J_1,A3VIOLENCE,N
44423,J_1,A3SYNAGOGUE,N
44423,J_1,A3SWASTIKA,N
44423,J_1,A3DISCRIMINATION,N
13766,J_1,A1ESSENTIAL,N
13766,J_1,A2EVIL,N
13766,J_1,A2CONSPIRACY,N
13766,J_1,A2HIDDENPOWER,N
13766,J_1,A2COLLECTIVEAGENDA,N
13766,J_1,A2CONTROLGOV,N
13766,J_1,A2CONTROLBANKS,N
13766,J_1,A2CONTROLMEDIA,N
13766,J_1,A2LOYALTY,N
13766,J_1,A2DISEASE,N
13766,J_1,A3WEALTH,N
13766,J_1,A3STINGY,N
13766,J_1,A3UNPATRIOTIC,N
13766,J_1,A3CARICATURE,N
13766,J_1,A3VIOLENCE,N
13766,J_1,A3SYNAGOGUE,N
13766,J_1,A3SWASTIKA,N
13766,J_1,A3DISCRIMINATION,N
34874,J_1,A1ESSENTIAL,E
34874,J_1,A2EVIL,E
34874,J_1,A2CONSPIRACY,I
34874,J_1,A2HIDDENPOWER,I
34874,J_1,A2COLLECTIVEAGENDA,E
34874,J_1,A2CONTROLGOV,N
34874,J_1,A2CONTROLBANKS,N
34874,J_1,A2CONTROLMEDIA,N
34874,J_1,A2LOYALTY,I
34874,J_1,A2DISEASE,N
34874,J_1,A3WEALTH,N
34874,J_1,A3STINGY,N
34874,J_1,A3UNPATRIOTIC,E
34874,J_1,A3CARICATURE,N
34874,J_1,A3VIOLENCE,N
34874,J_1,A3SYNAGOGUE,N
34874,J_1,A3SWASTIKA,N
34874,J_1,A3DISCRIMINATION,N
13484,J_1,A1ESSENTIAL,E
13484,J_1,A2EVIL,N
13484,J_1,A2CONSPIRACY,N
13484,J_1,A2HIDDENPOWER,N
13484,J_1,A2COLLECTIVEAGENDA,N
13484,J_1,A2CONTROLGOV,N
13484,J_1,A2CONTROLBANKS,N
13484,J_1,A2CONTROLMEDIA,N
13484,J_1,A2LOYALTY,N
13484,J_1,A2DISEASE,N
13484,J_1,A3WEALTH,N
13484,J_1,A3STINGY,N
13484,J_1,A3UNPATRIOTIC,N
13484,J_1,A3CARICATURE,N
13484,J_1,A3VIOLENCE,N
13484,J_1,A3SYNAGOGUE,N
13484,J_1,A3SWASTIKA,N
13484,J_1,A3DISCRIMINATION,N
49581,J_1,A1ESSENTIAL,N
49581,J_1,A2EVIL,N
49581,J_1,A2CONSPIRACY,I
49581,J_1,A2HIDDENPOWER,I
49581,J_1,A2COLLECTIVEAGENDA,I
49581,J_1,A2CONTROLGOV,I
49581,J_1,A2CONTROLBANKS,N
49581,J_1,A2CONTROLMEDIA,N
49581,J_1,A2LOYALTY,N
49581,J_1,A2DISEASE,N
49581,J_1,A3WEALTH,N
49581,J_1,A3STINGY,N
49581,J_1,A3UNPATRIOTIC,N
49581,J_1,A3CARICATURE,N
49581,J_1,A3VIOLENCE,N
49581,J_1,A3SYNAGOGUE,N
49581,J_1,A3SWASTIKA,N
49581,J_1,A3DISCRIMINATION,N
18557,J_1,A1ESSENTIAL,N
18557,J_1,A2EVIL,N
18557,J_1,A2CONSPIRACY,N
18557,J_1,A2HIDDENPOWER,N
18557,J_1,A2COLLECTIVEAGENDA,N
18557,J_1,A2CONTROLGOV,N
18557,J_1,A2CONTROLBANKS,N
18557,J_1,A2CONTROLMEDIA,N
18557,J_1,A2LOYALTY,N
18557,J_1,A2DISEASE,N
18557,J_1,A3WEALTH,N
18557,J_1,A3STINGY,N
18557,J_1,A3UNPATRIOTIC,N
18557,J_1,A3CARICATURE,N
18557,J_1,A3VIOLENCE,N
18557,J_1,A3SYNAGOGUE,N
18557,J_1,A3SWASTIKA,N
18557,J_1,A3DISCRIMINATION,N
31570,J_1,A1ESSENTIAL,N
31570,J_1,A2EVIL,N
31570,J_1,A2CONSPIRACY,N
31570,J_1,A2HIDDENPOWER,N
31570,J_1,A2COLLECTIVEAGENDA,N
31570,J_1,A2CONTROLGOV,N
31570,J_1,A2CONTROLBANKS,N
31570,J_1,A2CONTROLMEDIA,N
31570,J_1,A2LOYALTY,N
31570,J_1,A2DISEASE,N
31570,J_1,A3WEALTH,N
31570,J_1,A3STINGY,N
31570,J_1,A3UNPATRIOTIC,N
31570,J_1,A3CARICATURE,N
31570,J_1,A3VIOLENCE,N
31570,J_1,A3SYNAGOGUE,N
31570,J_1,A3SWASTIKA,N
31570,J_1,A3DISCRIMINATION,N
24687,J_1,A1ESSENTIAL,N
24687,J_1,A2EVIL,N
24687,J_1,A2CONSPIRACY,N
24687,J_1,A2HIDDENPOWER,N
24687,J_1,A2COLLECTIVEAGENDA,N
24687,J_1,A2CONTROLGOV,N
24687,J_1,A2CONTROLBANKS,N
24687,J_1,A2CONTROLMEDIA,N
24687,J_1,A2LOYALTY,N
24687,J_1,A2DISEASE,N
24687,J_1,A3WEALTH,N
24687,J_1,A3STINGY,N
24687,J_1,A3UNPATRIOTIC,N
24687,J_1,A3CARICATURE,N
24687,J_1,A3VIOLENCE,N
24687,J_1,A3SYNAGOGUE,N
24687,J_1,A3SWASTIKA,N
24687,J_1,A3DISCRIMINATION,N
49202,J_1,A1ESSENTIAL,E
49202,J_1,A2EVIL,N
49202,J_1,A2CONSPIRACY,N
49202,J_1,A2HIDDENPOWER,N
49202,J_1,A2COLLECTIVEAGENDA,N
49202,J_1,A2CONTROLGOV,N
49202,J_1,A2CONTROLBANKS,N
49202,J_1,A2CONTROLMEDIA,N
49202,J_1,A2LOYALTY,N
49202,J_1,A2DISEASE,N
49202,J_1,A3WEALTH,N
49202,J_1,A3STINGY,N
49202,J_1,A3UNPATRIOTIC,N
49202,J_1,A3CARICATURE,N
49202,J_1,A3VIOLENCE,N
49202,J_1,A3SYNAGOGUE,N
49202,J_1,A3SWASTIKA,N
49202,J_1,A3DISCRIMINATION,N
40750,J_1,A1ESSENTIAL,N
40750,J_1,A2EVIL,N
40750,J_1,A2CONSPIRACY,N
40750,J_1,A2HIDDENPOWER,N
40750,J_1,A2COLLECTIVEAGENDA,N
40750,J_1,A2CONTROLGOV,N
40750,J_1,A2CONTROLBANKS,N
40750,J_1,A2CONTROLMEDIA,N
40750,J_1,A2LOYALTY,N
40750,J_1,A2DISEASE,N
40750,J_1,A3WEALTH,N
40750,J_1,A3STINGY,N
40750,J_1,A3UNPATRIOTIC,N
40750,J_1,A3CARICATURE,N
40750,J_1,A3VIOLENCE,N
40750,J_1,A3SYNAGOGUE,N
40750,J_1,A3SWASTIKA,N
40750,J_1,A3DISCRIMINATION,N
5369,J_1,A1ESSENTIAL,N
5369,J_1,A2EVIL,N
5369,J_1,A2CONSPIRACY,N
5369,J_1,A2HIDDENPOWER,N
5369,J_1,A2COLLECTIVEAGENDA,N
5369,J_1,A2CONTROLGOV,N
5369,J_1,A2CONTROLBANKS,N
5369,J_1,A2CONTROLMEDIA,N
5369,J_1,A2LOYALTY,N
5369,J_1,A2DISEASE,N
5369,J_1,A3WEALTH,N
5369,J_1,A3STINGY,N
5369,J_1,A3UNPATRIOTIC,N
5369,J_1,A3CARICATURE,N
5369,J_1,A3VIOLENCE,N
5369,J_1,A3SYNAGOGUE,N
5369,J_1,A3SWASTIKA,N
5369,J_1,A3DISCRIMINATION,N
44474,J_1,A1ESSENTIAL,I
44474,J_1,A2EVIL,E
44474,J_1,A2CONSPIRACY,N
44474,J_1,A2HIDDENPOWER,N
44474,J_1,A2COLLECTIVEAGENDA,I
44474,J_1,A2CONTROLGOV,N
44474,J_1,A2CONTROLBANKS,N
44474,J_1,A2CONTROLMEDIA,N
44474,J_1,A2LOYALTY,N
44474,J_1,A2DISEASE,N
44474,J_1,A3WEALTH,N
44474,J_1,A3STINGY,N
44474,J_1,A3UNPATRIOTIC,N
44474,J_1,A3CARICATURE,N
44474,J_1,A3VIOLENCE,N
44474,J_1,A3SYNAGOGUE,N
44474,J_1,A3SWASTIKA,N
44474,J_1,A3DISCRIMINATION,N
26543,J_1,A1ESSENTIAL,N
26543,J_1,A2EVIL,N
26543,J_1,A2CONSPIRACY,N
26543,J_1,A2HIDDENPOWER,N
26543,J_1,A2COLLECTIVEAGENDA,N
26543,J_1,A2CONTROLGOV,N
26543,J_1,A2CONTROLBANKS,N
26543,J_1,A2CONTROLMEDIA,N
26543,J_1,A2LOYALTY,N
26543,J_1,A2DISEASE,N
26543,J_1,A3WEALTH,N
26543,J_1,A3STINGY,N
26543,J_1,A3UNPATRIOTIC,N
26543,J_1,A3CARICATURE,N
26543,J_1,A3VIOLENCE,N
26543,J_1,A3SYNAGOGUE,E
26543,J_1,A3SWASTIKA,N
26543,J_1,A3DISCRIMINATION,N
20219,J_1,A1ESSENTIAL,N
20219,J_1,A2EVIL,N
20219,J_1,A2CONSPIRACY,N
20219,J_1,A2HIDDENPOWER,N
20219,J_1,A2COLLECTIVEAGENDA,N
20219,J_1,A2CONTROLGOV,N
20219,J_1,A2CONTROLBANKS,N
20219,J_1,A2CONTROLMEDIA,N
20219,J_1,A2LOYALTY,N
20219,J_1,A2DISEASE,N
20219,J_1,A3WEALTH,N
20219,J_1,A3STINGY,N
20219,J_1,A3UNPATRIOTIC,N
20219,J_1,A3CARICATURE,N
20219,J_1,A3VIOLENCE,N
20219,J_1,A3SYNAGOGUE,N
20219,J_1,A3SWASTIKA,N
20219,J_1,A3DISCRIMINATION,N
16366,J_1,A1ESSENTIAL,N
16366,J_1,A2EVIL,N
16366,J_1,A2CONSPIRACY,N
16366,J_1,A2HIDDENPOWER,N
16366,J_1,A2COLLECTIVEAGENDA,N
16366,J_1,A2CONTROLGOV,N
16366,J_1,A2CONTROLBANKS,N
16366,J_1,A2CONTROLMEDIA,N
16366,J_1,A2LOYALTY,N
16366,J_1,A2DISEASE,N
16366,J_1,A3WEALTH,N
16366,J_1,A3STINGY,N
16366,J_1,A3UNPATRIOTIC,N
16366,J_1,A3CARICATURE,N
16366,J_1,A3VIOLENCE,N
16366,J_1,A3SYNAGOGUE,N
16366,J_1,A3SWASTIKA,N
16366,J_1,A3DISCRIMINATION,N
35082,J_1,A1ESSENTIAL,N
35082,J_1,A2EVIL,N
35082,J_1,A2CONSPIRACY,N
35082,J_1,A2HIDDENPOWER,N
35082,J_1,A2COLLECTIVEAGENDA,N
35082,J_1,A2CONTROLGOV,N
35082,J_1,A2CONTROLBANKS,N
35082,J_1,A2CONTROLMEDIA,N
35082,J_1,A2LOYALTY,N
35082,J_1,A2DISEASE,N
35082,J_1,A3WEALTH,N
35082,J_1,A3STINGY,N
35082,J_1,A3UNPATRIOTIC,N
35082,J_1,A3CARICATURE,N
35082,J_1,A3VIOLENCE,N
35082,J_1,A3SYNAGOGUE,N
35082,J_1,A3SWASTIKA,N
35082,J_1,A3DISCRIMINATION,N
48597,J_1,A1ESSENTIAL,N
48597,J_1,A2EVIL,N
48597,J_1,A2CONSPIRACY,N
48597,J_1,A2HIDDENPOWER,N
48597,J_1,A2COLLECTIVEAGENDA,N
48597,J_1,A2CONTROLGOV,N
48597,J_1,A2CONTROLBANKS,N
48597,J_1,A2CONTROLMEDIA,N
48597,J_1,A2LOYALTY,N
48597,J_1,A2DISEASE,N
48597,J_1,A3WEALTH,N
48597,J_1,A3STINGY,N
48597,J_1,A3UNPATRIOTIC,N
48597,J_1,A3CARICATURE,N
48597,J_1,A3VIOLENCE,N
48597,J_1,A3SYNAGOGUE,N
48597,J_1,A3SWASTIKA,N
48597,J_1,A3DISCRIMINATION,N
44599,J_1,A1ESSENTIAL,I
44599,J_1,A2EVIL,I
44599,J_1,A2CONSPIRACY,N
44599,J_1,A2HIDDENPOWER,N
44599,J_1,A2COLLECTIVEAGENDA,N
44599,J_1,A2CONTROLGOV,N
44599,J_1,A2CONTROLBANKS,N
44599,J_1,A2CONTROLMEDIA,N
44599,J_1,A2LOYALTY,N
44599,J_1,A2DISEASE,N
44599,J_1,A3WEALTH,N
44599,J_1,A3STINGY,N
44599,J_1,A3UNPATRIOTIC,N
44599,J_1,A3CARICATURE,N
44599,J_1,A3VIOLENCE,E
44599,J_1,A3SYNAGOGUE,N
44599,J_1,A3SWASTIKA,N
44599,J_1,A3DISCRIMINATION,N
41587,J_1,A1ESSENTIAL,I
41587,J_1,A2EVIL,I
41587,J_1,A2CONSPIRACY,I
41587,J_1,A2HIDDENPOWER,N
41587,J_1,A2COLLECTIVEAGENDA,N
41587,J_1,A2CONTROLGOV,N
41587,J_1,A2CONTROLBANKS,N
41587,J_1,A2CONTROLMEDIA,I
41587,J_1,A2LOYALTY,N
41587,J_1,A2DISEASE,N
41587,J_1,A3WEALTH,N
41587,J_1,A3STINGY,N
41587,J_1,A3UNPATRIOTIC,N
41587,J_1,A3CARICATURE,N
41587,J_1,A3VIOLENCE,N
41587,J_1,A3SYNAGOGUE,N
41587,J_1,A3SWASTIKA,N
41587,J_1,A3DISCRIMINATION,N
5505,J_1,A1ESSENTIAL,N
5505,J_1,A2EVIL,N
5505,J_1,A2CONSPIRACY,N
5505,J_1,A2HIDDENPOWER,N
5505,J_1,A2COLLECTIVEAGENDA,N
5505,J_1,A2CONTROLGOV,N
5505,J_1,A2CONTROLBANKS,N
5505,J_1,A2CONTROLMEDIA,N
5505,J_1,A2LOYALTY,N
5505,J_1,A2DISEASE,N
5505,J_1,A3WEALTH,N
5505,J_1,A3STINGY,N
5505,J_1,A3UNPATRIOTIC,N
5505,J_1,A3CARICATURE,N
5505,J_1,A3VIOLENCE,N
5505,J_1,A3SYNAGOGUE,N
5505,J_1,A3SWASTIKA,N
5505,J_1,A3DISCRIMINATION,N
24365,J_1,A1ESSENTIAL,N
24365,J_1,A2EVIL,N
24365,J_1,A2CONSPIRACY,N
24365,J_1,A2HIDDENPOWER,N
24365,J_1,A2COLLECTIVEAGENDA,N
24365,J_1,A2CONTROLGOV,N
24365,J_1,A2CONTROLBANKS,N
24365,J_1,A2CONTROLMEDIA,N
24365,J_1,A2LOYALTY,N
24365,J_1,A2DISEASE,N
24365,J_1,A3WEALTH,N
24365,J_1,A3STINGY,N
24365,J_1,A3UNPATRIOTIC,N
24365,J_1,A3CARICATURE,N
24365,J_1,A3VIOLENCE,N
24365,J_1,A3SYNAGOGUE,N
24365,J_1,A3SWASTIKA,N
24365,J_1,A3DISCRIMINATION,N
8229,J_1,A1ESSENTIAL,N
8229,J_1,A2EVIL,N
8229,J_1,A2CONSPIRACY,N
8229,J_1,A2HIDDENPOWER,N
8229,J_1,A2COLLECTIVEAGENDA,N
8229,J_1,A2CONTROLGOV,N
8229,J_1,A2CONTROLBANKS,N
8229,J_1,A2CONTROLMEDIA,N
8229,J_1,A2LOYALTY,N
8229,J_1,A2DISEASE,N
8229,J_1,A3WEALTH,N
8229,J_1,A3STINGY,N
8229,J_1,A3UNPATRIOTIC,N
8229,J_1,A3CARICATURE,N
8229,J_1,A3VIOLENCE,N
8229,J_1,A3SYNAGOGUE,N
8229,J_1,A3SWASTIKA,N
8229,J_1,A3DISCRIMINATION,N
8387,J_1,A1ESSENTIAL,N
8387,J_1,A2EVIL,N
8387,J_1,A2CONSPIRACY,N
8387,J_1,A2HIDDENPOWER,N
8387,J_1,A2COLLECTIVEAGENDA,N
8387,J_1,A2CONTROLGOV,N
8387,J_1,A2CONTROLBANKS,N
8387,J_1,A2CONTROLMEDIA,N
8387,J_1,A2LOYALTY,N
8387,J_1,A2DISEASE,N
8387,J_1,A3WEALTH,N
8387,J_1,A3STINGY,N
8387,J_1,A3UNPATRIOTIC,N
8387,J_1,A3CARICATURE,N
8387,J_1,A3VIOLENCE,N
8387,J_1,A3SYNAGOGUE,N
8387,J_1,A3SWASTIKA,N
8387,J_1,A3DISCRIMINATION,N
19492,J_1,A1ESSENTIAL,N
19492,J_1,A2EVIL,N
19492,J_1,A2CONSPIRACY,N
19492,J_1,A2HIDDENPOWER,N
19492,J_1,A2COLLECTIVEAGENDA,N
19492,J_1,A2CONTROLGOV,N
19492,J_1,A2CONTROLBANKS,N
19492,J_1,A2CONTROLMEDIA,N
19492,J_1,A2LOYALTY,N
19492,J_1,A2DISEASE,N
19492,J_1,A3WEALTH,N
19492,J_1,A3STINGY,N
19492,J_1,A3UNPATRIOTIC,N
19492,J_1,A3CARICATURE,N
19492,J_1,A3VIOLENCE,N
19492,J_1,A3SYNAGOGUE,N
19492,J_1,A3SWASTIKA,N
19492,J_1,A3DISCRIMINATION,N
47022,J_1,A1ESSENTIAL,N
47022,J_1,A2EVIL,N
47022,J_1,A2CONSPIRACY,N
47022,J_1,A2HIDDENPOWER,N
47022,J_1,A2COLLECTIVEAGENDA,N
47022,J_1,A2CONTROLGOV,N
47022,J_1,A2CONTROLBANKS,N
47022,J_1,A2CONTROLMEDIA,N
47022,J_1,A2LOYALTY,N
47022,J_1,A2DISEASE,N
47022,J_1,A3WEALTH,N
47022,J_1,A3STINGY,N
47022,J_1,A3UNPATRIOTIC,N
47022,J_1,A3CARICATURE,N
47022,J_1,A3VIOLENCE,N
47022,J_1,A3SYNAGOGUE,N
47022,J_1,A3SWASTIKA,N
47022,J_1,A3DISCRIMINATION,N
16811,J_1,A1ESSENTIAL,N
16811,J_1,A2EVIL,N
16811,J_1,A2CONSPIRACY,N
16811,J_1,A2HIDDENPOWER,N
16811,J_1,A2COLLECTIVEAGENDA,N
16811,J_1,A2CONTROLGOV,N
16811,J_1,A2CONTROLBANKS,N
16811,J_1,A2CONTROLMEDIA,N
16811,J_1,A2LOYALTY,N
16811,J_1,A2DISEASE,N
16811,J_1,A3WEALTH,N
16811,J_1,A3STINGY,N
16811,J_1,A3UNPATRIOTIC,N
16811,J_1,A3CARICATURE,N
16811,J_1,A3VIOLENCE,N
16811,J_1,A3SYNAGOGUE,N
16811,J_1,A3SWASTIKA,N
16811,J_1,A3DISCRIMINATION,N
19167,J_1,A1ESSENTIAL,E
19167,J_1,A2EVIL,E
19167,J_1,A2CONSPIRACY,N
19167,J_1,A2HIDDENPOWER,N
19167,J_1,A2COLLECTIVEAGENDA,I
19167,J_1,A2CONTROLGOV,N
19167,J_1,A2CONTROLBANKS,N
19167,J_1,A2CONTROLMEDIA,E
19167,J_1,A2LOYALTY,N
19167,J_1,A2DISEASE,N
19167,J_1,A3WEALTH,N
19167,J_1,A3STINGY,N
19167,J_1,A3UNPATRIOTIC,N
19167,J_1,A3CARICATURE,N
19167,J_1,A3VIOLENCE,N
19167,J_1,A3SYNAGOGUE,N
19167,J_1,A3SWASTIKA,N
19167,J_1,A3DISCRIMINATION,N
18502,J_1,A1ESSENTIAL,N
18502,J_1,A2EVIL,N
18502,J_1,A2CONSPIRACY,N
18502,J_1,A2HIDDENPOWER,N
18502,J_1,A2COLLECTIVEAGENDA,N
18502,J_1,A2CONTROLGOV,N
18502,J_1,A2CONTROLBANKS,N
18502,J_1,A2CONTROLMEDIA,N
18502,J_1,A2LOYALTY,N
18502,J_1,A2DISEASE,N
18502,J_1,A3WEALTH,N
18502,J_1,A3STINGY,N
18502,J_1,A3UNPATRIOTIC,N
18502,J_1,A3CARICATURE,N
18502,J_1,A3VIOLENCE,N
18502,J_1,A3SYNAGOGUE,N
18502,J_1,A3SWASTIKA,N
18502,J_1,A3DISCRIMINATION,N
481,J_1,A1ESSENTIAL,N
481,J_1,A2EVIL,N
481,J_1,A2CONSPIRACY,N
481,J_1,A2HIDDENPOWER,N
481,J_1,A2COLLECTIVEAGENDA,N
481,J_1,A2CONTROLGOV,N
481,J_1,A2CONTROLBANKS,N
481,J_1,A2CONTROLMEDIA,N
481,J_1,A2LOYALTY,N
481,J_1,A2DISEASE,N
481,J_1,A3WEALTH,N
481,J_1,A3STINGY,N
481,J_1,A3UNPATRIOTIC,N
481,J_1,A3CARICATURE,N
481,J_1,A3VIOLENCE,N
481,J_1,A3SYNAGOGUE,N
481,J_1,A3SWASTIKA,N
481,J_1,A3DISCRIMINATION,N
31701,J_1,A1ESSENTIAL,N
31701,J_1,A2EVIL,N
31701,J_1,A2CONSPIRACY,N
31701,J_1,A2HIDDENPOWER,N
31701,J_1,A2COLLECTIVEAGENDA,N
31701,J_1,A2CONTROLGOV,N
31701,J_1,A2CONTROLBANKS,N
31701,J_1,A2CONTROLMEDIA,N
31701,J_1,A2LOYALTY,N
31701,J_1,A2DISEASE,N
31701,J_1,A3WEALTH,N
31701,J_1,A3STINGY,N
31701,J_1,A3UNPATRIOTIC,N
31701,J_1,A3CARICATURE,N
31701,J_1,A3VIOLENCE,N
31701,J_1,A3SYNAGOGUE,N
31701,J_1,A3SWASTIKA,N
31701,J_1,A3DISCRIMINATION,N
28714,J_1,A1ESSENTIAL,N
28714,J_1,A2EVIL,N
28714,J_1,A2CONSPIRACY,N
28714,J_1,A2HIDDENPOWER,N
28714,J_1,A2COLLECTIVEAGENDA,N
28714,J_1,A2CONTROLGOV,N
28714,J_1,A2CONTROLBANKS,N
28714,J_1,A2CONTROLMEDIA,N
28714,J_1,A2LOYALTY,N
28714,J_1,A2DISEASE,N
28714,J_1,A3WEALTH,N
28714,J_1,A3STINGY,N
28714,J_1,A3UNPATRIOTIC,N
28714,J_1,A3CARICATURE,N
28714,J_1,A3VIOLENCE,N
28714,J_1,A3SYNAGOGUE,N
28714,J_1,A3SWASTIKA,N
28714,J_1,A3DISCRIMINATION,N
21915,J_1,A1ESSENTIAL,N
21915,J_1,A2EVIL,N
21915,J_1,A2CONSPIRACY,N
21915,J_1,A2HIDDENPOWER,N
21915,J_1,A2COLLECTIVEAGENDA,N
21915,J_1,A2CONTROLGOV,N
21915,J_1,A2CONTROLBANKS,N
21915,J_1,A2CONTROLMEDIA,N
21915,J_1,A2LOYALTY,N
21915,J_1,A2DISEASE,N
21915,J_1,A3WEALTH,N
21915,J_1,A3STINGY,N
21915,J_1,A3UNPATRIOTIC,N
21915,J_1,A3CARICATURE,N
21915,J_1,A3VIOLENCE,N
21915,J_1,A3SYNAGOGUE,N
21915,J_1,A3SWASTIKA,N
21915,J_1,A3DISCRIMINATION,N
9952,J_1,A1ESSENTIAL,N
9952,J_1,A2EVIL,N
9952,J_1,A2CONSPIRACY,N
9952,J_1,A2HIDDENPOWER,N
9952,J_1,A2COLLECTIVEAGENDA,N
9952,J_1,A2CONTROLGOV,N
9952,J_1,A2CONTROLBANKS,N
9952,J_1,A2CONTROLMEDIA,N
9952,J_1,A2LOYALTY,N
9952,J_1,A2DISEASE,N
9952,J_1,A3WEALTH,N
9952,J_1,A3STINGY,N
9952,J_1,A3UNPATRIOTIC,N
9952,J_1,A3CARICATURE,N
9952,J_1,A3VIOLENCE,N
9952,J_1,A3SYNAGOGUE,N
9952,J_1,A3SWASTIKA,N
9952,J_1,A3DISCRIMINATION,N
12532,J_1,A1ESSENTIAL,N
12532,J_1,A2EVIL,N
12532,J_1,A2CONSPIRACY,N
12532,J_1,A2HIDDENPOWER,N
12532,J_1,A2COLLECTIVEAGENDA,N
12532,J_1,A2CONTROLGOV,N
12532,J_1,A2CONTROLBANKS,N
12532,J_1,A2CONTROLMEDIA,N
12532,J_1,A2LOYALTY,N
12532,J_1,A2DISEASE,N
12532,J_1,A3WEALTH,N
12532,J_1,A3STINGY,N
12532,J_1,A3UNPATRIOTIC,N
12532,J_1,A3CARICATURE,N
12532,J_1,A3VIOLENCE,N
12532,J_1,A3SYNAGOGUE,N
12532,J_1,A3SWASTIKA,N
12532,J_1,A3DISCRIMINATION,N
23963,J_1,A1ESSENTIAL,N
23963,J_1,A2EVIL,N
23963,J_1,A2CONSPIRACY,N
23963,J_1,A2HIDDENPOWER,N
23963,J_1,A2COLLECTIVEAGENDA,N
23963,J_1,A2CONTROLGOV,N
23963,J_1,A2CONTROLBANKS,N
23963,J_1,A2CONTROLMEDIA,N
23963,J_1,A2LOYALTY,N
23963,J_1,A2DISEASE,N
23963,J_1,A3WEALTH,N
23963,J_1,A3STINGY,N
23963,J_1,A3UNPATRIOTIC,N
23963,J_1,A3CARICATURE,N
23963,J_1,A3VIOLENCE,N
23963,J_1,A3SYNAGOGUE,N
23963,J_1,A3SWASTIKA,N
23963,J_1,A3DISCRIMINATION,N
9023,J_1,A1ESSENTIAL,E
9023,J_1,A2EVIL,I
9023,J_1,A2CONSPIRACY,N
9023,J_1,A2HIDDENPOWER,N
9023,J_1,A2COLLECTIVEAGENDA,N
9023,J_1,A2CONTROLGOV,N
9023,J_1,A2CONTROLBANKS,N
9023,J_1,A2CONTROLMEDIA,N
9023,J_1,A2LOYALTY,N
9023,J_1,A2DISEASE,N
9023,J_1,A3WEALTH,N
9023,J_1,A3STINGY,N
9023,J_1,A3UNPATRIOTIC,N
9023,J_1,A3CARICATURE,N
9023,J_1,A3VIOLENCE,I
9023,J_1,A3SYNAGOGUE,N
9023,J_1,A3SWASTIKA,N
9023,J_1,A3DISCRIMINATION,N
30079,J_1,A1ESSENTIAL,N
30079,J_1,A2EVIL,N
30079,J_1,A2CONSPIRACY,N
30079,J_1,A2HIDDENPOWER,N
30079,J_1,A2COLLECTIVEAGENDA,N
30079,J_1,A2CONTROLGOV,N
30079,J_1,A2CONTROLBANKS,N
30079,J_1,A2CONTROLMEDIA,N
30079,J_1,A2LOYALTY,N
30079,J_1,A2DISEASE,N
30079,J_1,A3WEALTH,N
30079,J_1,A3STINGY,N
30079,J_1,A3UNPATRIOTIC,N
30079,J_1,A3CARICATURE,N
30079,J_1,A3VIOLENCE,N
30079,J_1,A3SYNAGOGUE,N
30079,J_1,A3SWASTIKA,N
30079,J_1,A3DISCRIMINATION,N
26688,J_1,A1ESSENTIAL,I
26688,J_1,A2EVIL,I
26688,J_1,A2CONSPIRACY,I
26688,J_1,A2HIDDENPOWER,I
26688,J_1,A2COLLECTIVEAGENDA,E
26688,J_1,A2CONTROLGOV,I
26688,J_1,A2CONTROLBANKS,N
26688,J_1,A2CONTROLMEDIA,N
26688,J_1,A2LOYALTY,I
26688,J_1,A2DISEASE,N
26688,J_1,A3WEALTH,N
26688,J_1,A3STINGY,N
26688,J_1,A3UNPATRIOTIC,N
26688,J_1,A3CARICATURE,N
26688,J_1,A3VIOLENCE,N
26688,J_1,A3SYNAGOGUE,N
26688,J_1,A3SWASTIKA,N
26688,J_1,A3DISCRIMINATION,N
48545,J_1,A1ESSENTIAL,I
48545,J_1,A2EVIL,I
48545,J_1,A2CONSPIRACY,I
48545,J_1,A2HIDDENPOWER,I
48545,J_1,A2COLLECTIVEAGENDA,I
48545,J_1,A2CONTROLGOV,N
48545,J_1,A2CONTROLBANKS,N
48545,J_1,A2CONTROLMEDIA,N
48545,J_1,A2LOYALTY,I
48545,J_1,A2DISEASE,N
48545,J_1,A3WEALTH,N
48545,J_1,A3STINGY,N
48545,J_1,A3UNPATRIOTIC,N
48545,J_1,A3CARICATURE,N
48545,J_1,A3VIOLENCE,N
48545,J_1,A3SYNAGOGUE,N
48545,J_1,A3SWASTIKA,N
48545,J_1,A3DISCRIMINATION,N
5085,J_1,A1ESSENTIAL,N
5085,J_1,A2EVIL,N
5085,J_1,A2CONSPIRACY,N
5085,J_1,A2HIDDENPOWER,N
5085,J_1,A2COLLECTIVEAGENDA,N
5085,J_1,A2CONTROLGOV,N
5085,J_1,A2CONTROLBANKS,N
5085,J_1,A2CONTROLMEDIA,N
5085,J_1,A2LOYALTY,N
5085,J_1,A2DISEASE,N
5085,J_1,A3WEALTH,N
5085,J_1,A3STINGY,N
5085,J_1,A3UNPATRIOTIC,N
5085,J_1,A3CARICATURE,N
5085,J_1,A3VIOLENCE,N
5085,J_1,A3SYNAGOGUE,N
5085,J_1,A3SWASTIKA,N
5085,J_1,A3DISCRIMINATION,N
33025,J_1,A1ESSENTIAL,N
33025,J_1,A2EVIL,N
33025,J_1,A2CONSPIRACY,N
33025,J_1,A2HIDDENPOWER,N
33025,J_1,A2COLLECTIVEAGENDA,N
33025,J_1,A2CONTROLGOV,N
33025,J_1,A2CONTROLBANKS,N
33025,J_1,A2CONTROLMEDIA,N
33025,J_1,A2LOYALTY,N
33025,J_1,A2DISEASE,N
33025,J_1,A3WEALTH,N
33025,J_1,A3STINGY,N
33025,J_1,A3UNPATRIOTIC,N
33025,J_1,A3CARICATURE,N
33025,J_1,A3VIOLENCE,A
33025,J_1,A3SYNAGOGUE,N
33025,J_1,A3SWASTIKA,N
33025,J_1,A3DISCRIMINATION,N
3374,J_1,A1ESSENTIAL,E
3374,J_1,A2EVIL,E
3374,J_1,A2CONSPIRACY,N
3374,J_1,A2HIDDENPOWER,N
3374,J_1,A2COLLECTIVEAGENDA,N
3374,J_1,A2CONTROLGOV,N
3374,J_1,A2CONTROLBANKS,N
3374,J_1,A2CONTROLMEDIA,N
3374,J_1,A2LOYALTY,N
3374,J_1,A2DISEASE,N
3374,J_1,A3WEALTH,N
3374,J_1,A3STINGY,N
3374,J_1,A3UNPATRIOTIC,N
3374,J_1,A3CARICATURE,N
3374,J_1,A3VIOLENCE,N
3374,J_1,A3SYNAGOGUE,N
3374,J_1,A3SWASTIKA,N
3374,J_1,A3DISCRIMINATION,N
20477,J_1,A1ESSENTIAL,N
20477,J_1,A2EVIL,N
20477,J_1,A2CONSPIRACY,N
20477,J_1,A2HIDDENPOWER,N
20477,J_1,A2COLLECTIVEAGENDA,N
20477,J_1,A2CONTROLGOV,N
20477,J_1,A2CONTROLBANKS,N
20477,J_1,A2CONTROLMEDIA,N
20477,J_1,A2LOYALTY,N
20477,J_1,A2DISEASE,N
20477,J_1,A3WEALTH,N
20477,J_1,A3STINGY,N
20477,J_1,A3UNPATRIOTIC,N
20477,J_1,A3CARICATURE,N
20477,J_1,A3VIOLENCE,I
20477,J_1,A3SYNAGOGUE,N
20477,J_1,A3SWASTIKA,N
20477,J_1,A3DISCRIMINATION,N
45718,J_1,A1ESSENTIAL,N
45718,J_1,A2EVIL,N
45718,J_1,A2CONSPIRACY,N
45718,J_1,A2HIDDENPOWER,N
45718,J_1,A2COLLECTIVEAGENDA,N
45718,J_1,A2CONTROLGOV,N
45718,J_1,A2CONTROLBANKS,N
45718,J_1,A2CONTROLMEDIA,N
45718,J_1,A2LOYALTY,N
45718,J_1,A2DISEASE,N
45718,J_1,A3WEALTH,N
45718,J_1,A3STINGY,N
45718,J_1,A3UNPATRIOTIC,N
45718,J_1,A3CARICATURE,N
45718,J_1,A3VIOLENCE,N
45718,J_1,A3SYNAGOGUE,N
45718,J_1,A3SWASTIKA,N
45718,J_1,A3DISCRIMINATION,N
44630,J_1,A1ESSENTIAL,I
44630,J_1,A2EVIL,I
44630,J_1,A2CONSPIRACY,I
44630,J_1,A2HIDDENPOWER,N
44630,J_1,A2COLLECTIVEAGENDA,I
44630,J_1,A2CONTROLGOV,N
44630,J_1,A2CONTROLBANKS,N
44630,J_1,A2CONTROLMEDIA,N
44630,J_1,A2LOYALTY,N
44630,J_1,A2DISEASE,I
44630,J_1,A3WEALTH,N
44630,J_1,A3STINGY,N
44630,J_1,A3UNPATRIOTIC,N
44630,J_1,A3CARICATURE,N
44630,J_1,A3VIOLENCE,I
44630,J_1,A3SYNAGOGUE,N
44630,J_1,A3SWASTIKA,N
44630,J_1,A3DISCRIMINATION,N
2553,J_1,A1ESSENTIAL,I
2553,J_1,A2EVIL,I
2553,J_1,A2CONSPIRACY,N
2553,J_1,A2HIDDENPOWER,N
2553,J_1,A2COLLECTIVEAGENDA,N
2553,J_1,A2CONTROLGOV,N
2553,J_1,A2CONTROLBANKS,N
2553,J_1,A2CONTROLMEDIA,N
2553,J_1,A2LOYALTY,N
2553,J_1,A2DISEASE,N
2553,J_1,A3WEALTH,N
2553,J_1,A3STINGY,N
2553,J_1,A3UNPATRIOTIC,N
2553,J_1,A3CARICATURE,N
2553,J_1,A3VIOLENCE,N
2553,J_1,A3SYNAGOGUE,N
2553,J_1,A3SWASTIKA,N
2553,J_1,A3DISCRIMINATION,N
35072,J_1,A1ESSENTIAL,N
35072,J_1,A2EVIL,N
35072,J_1,A2CONSPIRACY,N
35072,J_1,A2HIDDENPOWER,N
35072,J_1,A2COLLECTIVEAGENDA,N
35072,J_1,A2CONTROLGOV,N
35072,J_1,A2CONTROLBANKS,N
35072,J_1,A2CONTROLMEDIA,N
35072,J_1,A2LOYALTY,N
35072,J_1,A2DISEASE,N
35072,J_1,A3WEALTH,N
35072,J_1,A3STINGY,N
35072,J_1,A3UNPATRIOTIC,N
35072,J_1,A3CARICATURE,N
35072,J_1,A3VIOLENCE,N
35072,J_1,A3SYNAGOGUE,N
35072,J_1,A3SWASTIKA,N
35072,J_1,A3DISCRIMINATION,N
2485,J_1,A1ESSENTIAL,N
2485,J_1,A2EVIL,N
2485,J_1,A2CONSPIRACY,N
2485,J_1,A2HIDDENPOWER,N
2485,J_1,A2COLLECTIVEAGENDA,N
2485,J_1,A2CONTROLGOV,N
2485,J_1,A2CONTROLBANKS,N
2485,J_1,A2CONTROLMEDIA,N
2485,J_1,A2LOYALTY,N
2485,J_1,A2DISEASE,N
2485,J_1,A3WEALTH,N
2485,J_1,A3STINGY,N
2485,J_1,A3UNPATRIOTIC,N
2485,J_1,A3CARICATURE,N
2485,J_1,A3VIOLENCE,N
2485,J_1,A3SYNAGOGUE,N
2485,J_1,A3SWASTIKA,N
2485,J_1,A3DISCRIMINATION,N
44115,J_1,A1ESSENTIAL,N
44115,J_1,A2EVIL,N
44115,J_1,A2CONSPIRACY,N
44115,J_1,A2HIDDENPOWER,N
44115,J_1,A2COLLECTIVEAGENDA,N
44115,J_1,A2CONTROLGOV,N
44115,J_1,A2CONTROLBANKS,N
44115,J_1,A2CONTROLMEDIA,N
44115,J_1,A2LOYALTY,N
44115,J_1,A2DISEASE,N
44115,J_1,A3WEALTH,N
44115,J_1,A3STINGY,N
44115,J_1,A3UNPATRIOTIC,N
44115,J_1,A3CARICATURE,N
44115,J_1,A3VIOLENCE,N
44115,J_1,A3SYNAGOGUE,N
44115,J_1,A3SWASTIKA,N
44115,J_1,A3DISCRIMINATION,N
42099,J_1,A1ESSENTIAL,E
42099,J_1,A2EVIL,E
42099,J_1,A2CONSPIRACY,I
42099,J_1,A2HIDDENPOWER,I
42099,J_1,A2COLLECTIVEAGENDA,I
42099,J_1,A2CONTROLGOV,N
42099,J_1,A2CONTROLBANKS,N
42099,J_1,A2CONTROLMEDIA,N
42099,J_1,A2LOYALTY,N
42099,J_1,A2DISEASE,N
42099,J_1,A3WEALTH,N
42099,J_1,A3STINGY,N
42099,J_1,A3UNPATRIOTIC,N
42099,J_1,A3CARICATURE,N
42099,J_1,A3VIOLENCE,N
42099,J_1,A3SYNAGOGUE,N
42099,J_1,A3SWASTIKA,N
42099,J_1,A3DISCRIMINATION,N
35874,J_1,A1ESSENTIAL,N
35874,J_1,A2EVIL,N
35874,J_1,A2CONSPIRACY,N
35874,J_1,A2HIDDENPOWER,N
35874,J_1,A2COLLECTIVEAGENDA,N
35874,J_1,A2CONTROLGOV,N
35874,J_1,A2CONTROLBANKS,N
35874,J_1,A2CONTROLMEDIA,N
35874,J_1,A2LOYALTY,N
35874,J_1,A2DISEASE,N
35874,J_1,A3WEALTH,N
35874,J_1,A3STINGY,N
35874,J_1,A3UNPATRIOTIC,N
35874,J_1,A3CARICATURE,N
35874,J_1,A3VIOLENCE,N
35874,J_1,A3SYNAGOGUE,N
35874,J_1,A3SWASTIKA,N
35874,J_1,A3DISCRIMINATION,N
44612,J_1,A1ESSENTIAL,N
44612,J_1,A2EVIL,A
44612,J_1,A2CONSPIRACY,N
44612,J_1,A2HIDDENPOWER,N
44612,J_1,A2COLLECTIVEAGENDA,N
44612,J_1,A2CONTROLGOV,N
44612,J_1,A2CONTROLBANKS,N
44612,J_1,A2CONTROLMEDIA,N
44612,J_1,A2LOYALTY,N
44612,J_1,A2DISEASE,N
44612,J_1,A3WEALTH,N
44612,J_1,A3STINGY,N
44612,J_1,A3UNPATRIOTIC,N
44612,J_1,A3CARICATURE,N
44612,J_1,A3VIOLENCE,N
44612,J_1,A3SYNAGOGUE,N
44612,J_1,A3SWASTIKA,N
44612,J_1,A3DISCRIMINATION,N
11736,J_1,A1ESSENTIAL,E
11736,J_1,A2EVIL,N
11736,J_1,A2CONSPIRACY,N
11736,J_1,A2HIDDENPOWER,N
11736,J_1,A2COLLECTIVEAGENDA,N
11736,J_1,A2CONTROLGOV,N
11736,J_1,A2CONTROLBANKS,N
11736,J_1,A2CONTROLMEDIA,N
11736,J_1,A2LOYALTY,N
11736,J_1,A2DISEASE,N
11736,J_1,A3WEALTH,N
11736,J_1,A3STINGY,N
11736,J_1,A3UNPATRIOTIC,N
11736,J_1,A3CARICATURE,N
11736,J_1,A3VIOLENCE,N
11736,J_1,A3SYNAGOGUE,N
11736,J_1,A3SWASTIKA,N
11736,J_1,A3DISCRIMINATION,N
46802,J_1,A1ESSENTIAL,E
46802,J_1,A2EVIL,I
46802,J_1,A2CONSPIRACY,N
46802,J_1,A2HIDDENPOWER,N
46802,J_1,A2COLLECTIVEAGENDA,N
46802,J_1,A2CONTROLGOV,N
46802,J_1,A2CONTROLBANKS,N
46802,J_1,A2CONTROLMEDIA,N
46802,J_1,A2LOYALTY,N
46802,J_1,A2DISEASE,N
46802,J_1,A3WEALTH,I
46802,J_1,A3STINGY,N
46802,J_1,A3UNPATRIOTIC,N
46802,J_1,A3CARICATURE,N
46802,J_1,A3VIOLENCE,E
46802,J_1,A3SYNAGOGUE,N
46802,J_1,A3SWASTIKA,N
46802,J_1,A3DISCRIMINATION,N
20987,J_1,A1ESSENTIAL,N
20987,J_1,A2EVIL,N
20987,J_1,A2CONSPIRACY,N
20987,J_1,A2HIDDENPOWER,N
20987,J_1,A2COLLECTIVEAGENDA,N
20987,J_1,A2CONTROLGOV,N
20987,J_1,A2CONTROLBANKS,N
20987,J_1,A2CONTROLMEDIA,N
20987,J_1,A2LOYALTY,N
20987,J_1,A2DISEASE,N
20987,J_1,A3WEALTH,N
20987,J_1,A3STINGY,N
20987,J_1,A3UNPATRIOTIC,N
20987,J_1,A3CARICATURE,N
20987,J_1,A3VIOLENCE,N
20987,J_1,A3SYNAGOGUE,N
20987,J_1,A3SWASTIKA,N
20987,J_1,A3DISCRIMINATION,N
45420,J_1,A1ESSENTIAL,E
45420,J_1,A2EVIL,N
45420,J_1,A2CONSPIRACY,N
45420,J_1,A2HIDDENPOWER,N
45420,J_1,A2COLLECTIVEAGENDA,N
45420,J_1,A2CONTROLGOV,N
45420,J_1,A2CONTROLBANKS,N
45420,J_1,A2CONTROLMEDIA,N
45420,J_1,A2LOYALTY,N
45420,J_1,A2DISEASE,N
45420,J_1,A3WEALTH,N
45420,J_1,A3STINGY,N
45420,J_1,A3UNPATRIOTIC,N
45420,J_1,A3CARICATURE,N
45420,J_1,A3VIOLENCE,N
45420,J_1,A3SYNAGOGUE,N
45420,J_1,A3SWASTIKA,N
45420,J_1,A3DISCRIMINATION,N
1542,J_1,A1ESSENTIAL,N
1542,J_1,A2EVIL,N
1542,J_1,A2CONSPIRACY,N
1542,J_1,A2HIDDENPOWER,N
1542,J_1,A2COLLECTIVEAGENDA,N
1542,J_1,A2CONTROLGOV,N
1542,J_1,A2CONTROLBANKS,N
1542,J_1,A2CONTROLMEDIA,N
1542,J_1,A2LOYALTY,N
1542,J_1,A2DISEASE,N
1542,J_1,A3WEALTH,N
1542,J_1,A3STINGY,N
1542,J_1,A3UNPATRIOTIC,N
1542,J_1,A3CARICATURE,N
1542,J_1,A3VIOLENCE,N
1542,J_1,A3SYNAGOGUE,N
1542,J_1,A3SWASTIKA,N
1542,J_1,A3DISCRIMINATION,N
47762,J_1,A1ESSENTIAL,N
47762,J_1,A2EVIL,N
47762,J_1,A2CONSPIRACY,N
47762,J_1,A2HIDDENPOWER,N
47762,J_1,A2COLLECTIVEAGENDA,N
47762,J_1,A2CONTROLGOV,N
47762,J_1,A2CONTROLBANKS,N
47762,J_1,A2CONTROLMEDIA,N
47762,J_1,A2LOYALTY,N
47762,J_1,A2DISEASE,N
47762,J_1,A3WEALTH,N
47762,J_1,A3STINGY,N
47762,J_1,A3UNPATRIOTIC,N
47762,J_1,A3CARICATURE,N
47762,J_1,A3VIOLENCE,N
47762,J_1,A3SYNAGOGUE,N
47762,J_1,A3SWASTIKA,N
47762,J_1,A3DISCRIMINATION,N
45279,J_1,A1ESSENTIAL,N
45279,J_1,A2EVIL,N
45279,J_1,A2CONSPIRACY,N
45279,J_1,A2HIDDENPOWER,N
45279,J_1,A2COLLECTIVEAGENDA,N
45279,J_1,A2CONTROLGOV,N
45279,J_1,A2CONTROLBANKS,N
45279,J_1,A2CONTROLMEDIA,N
45279,J_1,A2LOYALTY,N
45279,J_1,A2DISEASE,N
45279,J_1,A3WEALTH,N
45279,J_1,A3STINGY,N
45279,J_1,A3UNPATRIOTIC,N
45279,J_1,A3CARICATURE,N
45279,J_1,A3VIOLENCE,N
45279,J_1,A3SYNAGOGUE,N
45279,J_1,A3SWASTIKA,N
45279,J_1,A3DISCRIMINATION,N
12075,J_1,A1ESSENTIAL,N
12075,J_1,A2EVIL,N
12075,J_1,A2CONSPIRACY,N
12075,J_1,A2HIDDENPOWER,N
12075,J_1,A2COLLECTIVEAGENDA,N
12075,J_1,A2CONTROLGOV,N
12075,J_1,A2CONTROLBANKS,N
12075,J_1,A2CONTROLMEDIA,N
12075,J_1,A2LOYALTY,N
12075,J_1,A2DISEASE,N
12075,J_1,A3WEALTH,N
12075,J_1,A3STINGY,N
12075,J_1,A3UNPATRIOTIC,N
12075,J_1,A3CARICATURE,N
12075,J_1,A3VIOLENCE,N
12075,J_1,A3SYNAGOGUE,N
12075,J_1,A3SWASTIKA,N
12075,J_1,A3DISCRIMINATION,N
30487,J_1,A1ESSENTIAL,N
30487,J_1,A2EVIL,N
30487,J_1,A2CONSPIRACY,N
30487,J_1,A2HIDDENPOWER,N
30487,J_1,A2COLLECTIVEAGENDA,N
30487,J_1,A2CONTROLGOV,N
30487,J_1,A2CONTROLBANKS,N
30487,J_1,A2CONTROLMEDIA,N
30487,J_1,A2LOYALTY,N
30487,J_1,A2DISEASE,N
30487,J_1,A3WEALTH,N
30487,J_1,A3STINGY,N
30487,J_1,A3UNPATRIOTIC,N
30487,J_1,A3CARICATURE,N
30487,J_1,A3VIOLENCE,A
30487,J_1,A3SYNAGOGUE,N
30487,J_1,A3SWASTIKA,N
30487,J_1,A3DISCRIMINATION,N
46210,J_1,A1ESSENTIAL,I
46210,J_1,A2EVIL,I
46210,J_1,A2CONSPIRACY,I
46210,J_1,A2HIDDENPOWER,N
46210,J_1,A2COLLECTIVEAGENDA,I
46210,J_1,A2CONTROLGOV,N
46210,J_1,A2CONTROLBANKS,N
46210,J_1,A2CONTROLMEDIA,N
46210,J_1,A2LOYALTY,I
46210,J_1,A2DISEASE,N
46210,J_1,A3WEALTH,N
46210,J_1,A3STINGY,N
46210,J_1,A3UNPATRIOTIC,N
46210,J_1,A3CARICATURE,N
46210,J_1,A3VIOLENCE,I
46210,J_1,A3SYNAGOGUE,N
46210,J_1,A3SWASTIKA,N
46210,J_1,A3DISCRIMINATION,N
14626,J_1,A1ESSENTIAL,N
14626,J_1,A2EVIL,N
14626,J_1,A2CONSPIRACY,N
14626,J_1,A2HIDDENPOWER,N
14626,J_1,A2COLLECTIVEAGENDA,N
14626,J_1,A2CONTROLGOV,N
14626,J_1,A2CONTROLBANKS,N
14626,J_1,A2CONTROLMEDIA,N
14626,J_1,A2LOYALTY,N
14626,J_1,A2DISEASE,N
14626,J_1,A3WEALTH,N
14626,J_1,A3STINGY,N
14626,J_1,A3UNPATRIOTIC,N
14626,J_1,A3CARICATURE,N
14626,J_1,A3VIOLENCE,E
14626,J_1,A3SYNAGOGUE,N
14626,J_1,A3SWASTIKA,N
14626,J_1,A3DISCRIMINATION,N
21672,J_1,A1ESSENTIAL,A
21672,J_1,A2EVIL,A
21672,J_1,A2CONSPIRACY,N
21672,J_1,A2HIDDENPOWER,N
21672,J_1,A2COLLECTIVEAGENDA,N
21672,J_1,A2CONTROLGOV,N
21672,J_1,A2CONTROLBANKS,N
21672,J_1,A2CONTROLMEDIA,N
21672,J_1,A2LOYALTY,N
21672,J_1,A2DISEASE,N
21672,J_1,A3WEALTH,N
21672,J_1,A3STINGY,N
21672,J_1,A3UNPATRIOTIC,N
21672,J_1,A3CARICATURE,N
21672,J_1,A3VIOLENCE,A
21672,J_1,A3SYNAGOGUE,N
21672,J_1,A3SWASTIKA,N
21672,J_1,A3DISCRIMINATION,N
22849,J_1,A1ESSENTIAL,N
22849,J_1,A2EVIL,N
22849,J_1,A2CONSPIRACY,N
22849,J_1,A2HIDDENPOWER,N
22849,J_1,A2COLLECTIVEAGENDA,N
22849,J_1,A2CONTROLGOV,N
22849,J_1,A2CONTROLBANKS,N
22849,J_1,A2CONTROLMEDIA,N
22849,J_1,A2LOYALTY,N
22849,J_1,A2DISEASE,N
22849,J_1,A3WEALTH,N
22849,J_1,A3STINGY,N
22849,J_1,A3UNPATRIOTIC,N
22849,J_1,A3CARICATURE,N
22849,J_1,A3VIOLENCE,N
22849,J_1,A3SYNAGOGUE,N
22849,J_1,A3SWASTIKA,N
22849,J_1,A3DISCRIMINATION,N
36181,J_1,A1ESSENTIAL,N
36181,J_1,A2EVIL,N
36181,J_1,A2CONSPIRACY,N
36181,J_1,A2HIDDENPOWER,N
36181,J_1,A2COLLECTIVEAGENDA,N
36181,J_1,A2CONTROLGOV,N
36181,J_1,A2CONTROLBANKS,N
36181,J_1,A2CONTROLMEDIA,N
36181,J_1,A2LOYALTY,N
36181,J_1,A2DISEASE,N
36181,J_1,A3WEALTH,N
36181,J_1,A3STINGY,N
36181,J_1,A3UNPATRIOTIC,N
36181,J_1,A3CARICATURE,N
36181,J_1,A3VIOLENCE,N
36181,J_1,A3SYNAGOGUE,N
36181,J_1,A3SWASTIKA,N
36181,J_1,A3DISCRIMINATION,N
28047,J_1,A1ESSENTIAL,N
28047,J_1,A2EVIL,N
28047,J_1,A2CONSPIRACY,N
28047,J_1,A2HIDDENPOWER,N
28047,J_1,A2COLLECTIVEAGENDA,N
28047,J_1,A2CONTROLGOV,N
28047,J_1,A2CONTROLBANKS,N
28047,J_1,A2CONTROLMEDIA,N
28047,J_1,A2LOYALTY,N
28047,J_1,A2DISEASE,N
28047,J_1,A3WEALTH,N
28047,J_1,A3STINGY,N
28047,J_1,A3UNPATRIOTIC,N
28047,J_1,A3CARICATURE,N
28047,J_1,A3VIOLENCE,N
28047,J_1,A3SYNAGOGUE,N
28047,J_1,A3SWASTIKA,N
28047,J_1,A3DISCRIMINATION,N
44336,J_1,A1ESSENTIAL,N
44336,J_1,A2EVIL,N
44336,J_1,A2CONSPIRACY,N
44336,J_1,A2HIDDENPOWER,N
44336,J_1,A2COLLECTIVEAGENDA,N
44336,J_1,A2CONTROLGOV,N
44336,J_1,A2CONTROLBANKS,N
44336,J_1,A2CONTROLMEDIA,N
44336,J_1,A2LOYALTY,N
44336,J_1,A2DISEASE,N
44336,J_1,A3WEALTH,N
44336,J_1,A3STINGY,N
44336,J_1,A3UNPATRIOTIC,N
44336,J_1,A3CARICATURE,N
44336,J_1,A3VIOLENCE,N
44336,J_1,A3SYNAGOGUE,N
44336,J_1,A3SWASTIKA,N
44336,J_1,A3DISCRIMINATION,N
20083,J_1,A1ESSENTIAL,N
20083,J_1,A2EVIL,N
20083,J_1,A2CONSPIRACY,N
20083,J_1,A2HIDDENPOWER,N
20083,J_1,A2COLLECTIVEAGENDA,N
20083,J_1,A2CONTROLGOV,N
20083,J_1,A2CONTROLBANKS,N
20083,J_1,A2CONTROLMEDIA,N
20083,J_1,A2LOYALTY,N
20083,J_1,A2DISEASE,N
20083,J_1,A3WEALTH,N
20083,J_1,A3STINGY,N
20083,J_1,A3UNPATRIOTIC,N
20083,J_1,A3CARICATURE,N
20083,J_1,A3VIOLENCE,N
20083,J_1,A3SYNAGOGUE,N
20083,J_1,A3SWASTIKA,N
20083,J_1,A3DISCRIMINATION,N
45840,J_1,A1ESSENTIAL,N
45840,J_1,A2EVIL,N
45840,J_1,A2CONSPIRACY,N
45840,J_1,A2HIDDENPOWER,N
45840,J_1,A2COLLECTIVEAGENDA,N
45840,J_1,A2CONTROLGOV,N
45840,J_1,A2CONTROLBANKS,N
45840,J_1,A2CONTROLMEDIA,N
45840,J_1,A2LOYALTY,N
45840,J_1,A2DISEASE,N
45840,J_1,A3WEALTH,N
45840,J_1,A3STINGY,N
45840,J_1,A3UNPATRIOTIC,N
45840,J_1,A3CARICATURE,N
45840,J_1,A3VIOLENCE,N
45840,J_1,A3SYNAGOGUE,N
45840,J_1,A3SWASTIKA,N
45840,J_1,A3DISCRIMINATION,N
29363,J_1,A1ESSENTIAL,N
29363,J_1,A2EVIL,N
29363,J_1,A2CONSPIRACY,N
29363,J_1,A2HIDDENPOWER,N
29363,J_1,A2COLLECTIVEAGENDA,N
29363,J_1,A2CONTROLGOV,N
29363,J_1,A2CONTROLBANKS,N
29363,J_1,A2CONTROLMEDIA,N
29363,J_1,A2LOYALTY,N
29363,J_1,A2DISEASE,N
29363,J_1,A3WEALTH,N
29363,J_1,A3STINGY,N
29363,J_1,A3UNPATRIOTIC,N
29363,J_1,A3CARICATURE,N
29363,J_1,A3VIOLENCE,N
29363,J_1,A3SYNAGOGUE,N
29363,J_1,A3SWASTIKA,N
29363,J_1,A3DISCRIMINATION,N
28542,J_1,A1ESSENTIAL,N
28542,J_1,A2EVIL,N
28542,J_1,A2CONSPIRACY,N
28542,J_1,A2HIDDENPOWER,N
28542,J_1,A2COLLECTIVEAGENDA,N
28542,J_1,A2CONTROLGOV,N
28542,J_1,A2CONTROLBANKS,N
28542,J_1,A2CONTROLMEDIA,N
28542,J_1,A2LOYALTY,N
28542,J_1,A2DISEASE,N
28542,J_1,A3WEALTH,N
28542,J_1,A3STINGY,N
28542,J_1,A3UNPATRIOTIC,N
28542,J_1,A3CARICATURE,N
28542,J_1,A3VIOLENCE,N
28542,J_1,A3SYNAGOGUE,N
28542,J_1,A3SWASTIKA,N
28542,J_1,A3DISCRIMINATION,N
40413,J_1,A1ESSENTIAL,N
40413,J_1,A2EVIL,N
40413,J_1,A2CONSPIRACY,N
40413,J_1,A2HIDDENPOWER,N
40413,J_1,A2COLLECTIVEAGENDA,N
40413,J_1,A2CONTROLGOV,N
40413,J_1,A2CONTROLBANKS,N
40413,J_1,A2CONTROLMEDIA,N
40413,J_1,A2LOYALTY,N
40413,J_1,A2DISEASE,N
40413,J_1,A3WEALTH,N
40413,J_1,A3STINGY,N
40413,J_1,A3UNPATRIOTIC,N
40413,J_1,A3CARICATURE,N
40413,J_1,A3VIOLENCE,N
40413,J_1,A3SYNAGOGUE,N
40413,J_1,A3SWASTIKA,N
40413,J_1,A3DISCRIMINATION,N
27215,J_1,A1ESSENTIAL,N
27215,J_1,A2EVIL,N
27215,J_1,A2CONSPIRACY,N
27215,J_1,A2HIDDENPOWER,N
27215,J_1,A2COLLECTIVEAGENDA,N
27215,J_1,A2CONTROLGOV,N
27215,J_1,A2CONTROLBANKS,N
27215,J_1,A2CONTROLMEDIA,N
27215,J_1,A2LOYALTY,N
27215,J_1,A2DISEASE,N
27215,J_1,A3WEALTH,N
27215,J_1,A3STINGY,N
27215,J_1,A3UNPATRIOTIC,N
27215,J_1,A3CARICATURE,N
27215,J_1,A3VIOLENCE,N
27215,J_1,A3SYNAGOGUE,N
27215,J_1,A3SWASTIKA,N
27215,J_1,A3DISCRIMINATION,N
34491,J_1,A1ESSENTIAL,N
34491,J_1,A2EVIL,N
34491,J_1,A2CONSPIRACY,N
34491,J_1,A2HIDDENPOWER,N
34491,J_1,A2COLLECTIVEAGENDA,N
34491,J_1,A2CONTROLGOV,N
34491,J_1,A2CONTROLBANKS,N
34491,J_1,A2CONTROLMEDIA,N
34491,J_1,A2LOYALTY,N
34491,J_1,A2DISEASE,N
34491,J_1,A3WEALTH,N
34491,J_1,A3STINGY,N
34491,J_1,A3UNPATRIOTIC,N
34491,J_1,A3CARICATURE,N
34491,J_1,A3VIOLENCE,N
34491,J_1,A3SYNAGOGUE,N
34491,J_1,A3SWASTIKA,N
34491,J_1,A3DISCRIMINATION,N
45274,J_1,A1ESSENTIAL,N
45274,J_1,A2EVIL,N
45274,J_1,A2CONSPIRACY,N
45274,J_1,A2HIDDENPOWER,N
45274,J_1,A2COLLECTIVEAGENDA,N
45274,J_1,A2CONTROLGOV,N
45274,J_1,A2CONTROLBANKS,N
45274,J_1,A2CONTROLMEDIA,N
45274,J_1,A2LOYALTY,I
45274,J_1,A2DISEASE,N
45274,J_1,A3WEALTH,N
45274,J_1,A3STINGY,N
45274,J_1,A3UNPATRIOTIC,I
45274,J_1,A3CARICATURE,N
45274,J_1,A3VIOLENCE,N
45274,J_1,A3SYNAGOGUE,N
45274,J_1,A3SWASTIKA,N
45274,J_1,A3DISCRIMINATION,N
12878,J_1,A1ESSENTIAL,N
12878,J_1,A2EVIL,N
12878,J_1,A2CONSPIRACY,N
12878,J_1,A2HIDDENPOWER,N
12878,J_1,A2COLLECTIVEAGENDA,N
12878,J_1,A2CONTROLGOV,N
12878,J_1,A2CONTROLBANKS,N
12878,J_1,A2CONTROLMEDIA,N
12878,J_1,A2LOYALTY,N
12878,J_1,A2DISEASE,N
12878,J_1,A3WEALTH,N
12878,J_1,A3STINGY,N
12878,J_1,A3UNPATRIOTIC,N
12878,J_1,A3CARICATURE,N
12878,J_1,A3VIOLENCE,N
12878,J_1,A3SYNAGOGUE,N
12878,J_1,A3SWASTIKA,N
12878,J_1,A3DISCRIMINATION,N
41896,J_1,A1ESSENTIAL,N
41896,J_1,A2EVIL,N
41896,J_1,A2CONSPIRACY,N
41896,J_1,A2HIDDENPOWER,N
41896,J_1,A2COLLECTIVEAGENDA,N
41896,J_1,A2CONTROLGOV,N
41896,J_1,A2CONTROLBANKS,N
41896,J_1,A2CONTROLMEDIA,N
41896,J_1,A2LOYALTY,N
41896,J_1,A2DISEASE,N
41896,J_1,A3WEALTH,N
41896,J_1,A3STINGY,N
41896,J_1,A3UNPATRIOTIC,N
41896,J_1,A3CARICATURE,N
41896,J_1,A3VIOLENCE,N
41896,J_1,A3SYNAGOGUE,N
41896,J_1,A3SWASTIKA,N
41896,J_1,A3DISCRIMINATION,N
45072,J_1,A1ESSENTIAL,N
45072,J_1,A2EVIL,N
45072,J_1,A2CONSPIRACY,N
45072,J_1,A2HIDDENPOWER,N
45072,J_1,A2COLLECTIVEAGENDA,N
45072,J_1,A2CONTROLGOV,N
45072,J_1,A2CONTROLBANKS,N
45072,J_1,A2CONTROLMEDIA,N
45072,J_1,A2LOYALTY,N
45072,J_1,A2DISEASE,N
45072,J_1,A3WEALTH,N
45072,J_1,A3STINGY,N
45072,J_1,A3UNPATRIOTIC,N
45072,J_1,A3CARICATURE,N
45072,J_1,A3VIOLENCE,N
45072,J_1,A3SYNAGOGUE,N
45072,J_1,A3SWASTIKA,N
45072,J_1,A3DISCRIMINATION,N
49166,J_1,A1ESSENTIAL,N
49166,J_1,A2EVIL,N
49166,J_1,A2CONSPIRACY,N
49166,J_1,A2HIDDENPOWER,N
49166,J_1,A2COLLECTIVEAGENDA,N
49166,J_1,A2CONTROLGOV,N
49166,J_1,A2CONTROLBANKS,N
49166,J_1,A2CONTROLMEDIA,N
49166,J_1,A2LOYALTY,N
49166,J_1,A2DISEASE,N
49166,J_1,A3WEALTH,N
49166,J_1,A3STINGY,N
49166,J_1,A3UNPATRIOTIC,N
49166,J_1,A3CARICATURE,N
49166,J_1,A3VIOLENCE,N
49166,J_1,A3SYNAGOGUE,N
49166,J_1,A3SWASTIKA,N
49166,J_1,A3DISCRIMINATION,N
20094,J_1,A1ESSENTIAL,N
20094,J_1,A2EVIL,N
20094,J_1,A2CONSPIRACY,N
20094,J_1,A2HIDDENPOWER,N
20094,J_1,A2COLLECTIVEAGENDA,N
20094,J_1,A2CONTROLGOV,N
20094,J_1,A2CONTROLBANKS,N
20094,J_1,A2CONTROLMEDIA,N
20094,J_1,A2LOYALTY,N
20094,J_1,A2DISEASE,N
20094,J_1,A3WEALTH,N
20094,J_1,A3STINGY,N
20094,J_1,A3UNPATRIOTIC,N
20094,J_1,A3CARICATURE,N
20094,J_1,A3VIOLENCE,N
20094,J_1,A3SYNAGOGUE,N
20094,J_1,A3SWASTIKA,N
20094,J_1,A3DISCRIMINATION,N
39272,J_1,A1ESSENTIAL,N
39272,J_1,A2EVIL,N
39272,J_1,A2CONSPIRACY,N
39272,J_1,A2HIDDENPOWER,N
39272,J_1,A2COLLECTIVEAGENDA,N
39272,J_1,A2CONTROLGOV,N
39272,J_1,A2CONTROLBANKS,N
39272,J_1,A2CONTROLMEDIA,N
39272,J_1,A2LOYALTY,N
39272,J_1,A2DISEASE,N
39272,J_1,A3WEALTH,N
39272,J_1,A3STINGY,N
39272,J_1,A3UNPATRIOTIC,N
39272,J_1,A3CARICATURE,N
39272,J_1,A3VIOLENCE,N
39272,J_1,A3SYNAGOGUE,N
39272,J_1,A3SWASTIKA,N
39272,J_1,A3DISCRIMINATION,N
43059,J_1,A1ESSENTIAL,E
43059,J_1,A2EVIL,E
43059,J_1,A2CONSPIRACY,N
43059,J_1,A2HIDDENPOWER,N
43059,J_1,A2COLLECTIVEAGENDA,N
43059,J_1,A2CONTROLGOV,N
43059,J_1,A2CONTROLBANKS,N
43059,J_1,A2CONTROLMEDIA,N
43059,J_1,A2LOYALTY,N
43059,J_1,A2DISEASE,N
43059,J_1,A3WEALTH,N
43059,J_1,A3STINGY,N
43059,J_1,A3UNPATRIOTIC,N
43059,J_1,A3CARICATURE,N
43059,J_1,A3VIOLENCE,N
43059,J_1,A3SYNAGOGUE,N
43059,J_1,A3SWASTIKA,N
43059,J_1,A3DISCRIMINATION,N
35642,J_1,A1ESSENTIAL,A
35642,J_1,A2EVIL,A
35642,J_1,A2CONSPIRACY,N
35642,J_1,A2HIDDENPOWER,N
35642,J_1,A2COLLECTIVEAGENDA,N
35642,J_1,A2CONTROLGOV,N
35642,J_1,A2CONTROLBANKS,N
35642,J_1,A2CONTROLMEDIA,N
35642,J_1,A2LOYALTY,N
35642,J_1,A2DISEASE,N
35642,J_1,A3WEALTH,N
35642,J_1,A3STINGY,N
35642,J_1,A3UNPATRIOTIC,N
35642,J_1,A3CARICATURE,N
35642,J_1,A3VIOLENCE,A
35642,J_1,A3SYNAGOGUE,N
35642,J_1,A3SWASTIKA,N
35642,J_1,A3DISCRIMINATION,N
45923,J_1,A1ESSENTIAL,N
45923,J_1,A2EVIL,N
45923,J_1,A2CONSPIRACY,N
45923,J_1,A2HIDDENPOWER,N
45923,J_1,A2COLLECTIVEAGENDA,N
45923,J_1,A2CONTROLGOV,N
45923,J_1,A2CONTROLBANKS,N
45923,J_1,A2CONTROLMEDIA,N
45923,J_1,A2LOYALTY,N
45923,J_1,A2DISEASE,N
45923,J_1,A3WEALTH,N
45923,J_1,A3STINGY,N
45923,J_1,A3UNPATRIOTIC,N
45923,J_1,A3CARICATURE,N
45923,J_1,A3VIOLENCE,N
45923,J_1,A3SYNAGOGUE,N
45923,J_1,A3SWASTIKA,N
45923,J_1,A3DISCRIMINATION,N
46094,J_1,A1ESSENTIAL,N
46094,J_1,A2EVIL,N
46094,J_1,A2CONSPIRACY,N
46094,J_1,A2HIDDENPOWER,N
46094,J_1,A2COLLECTIVEAGENDA,N
46094,J_1,A2CONTROLGOV,N
46094,J_1,A2CONTROLBANKS,N
46094,J_1,A2CONTROLMEDIA,N
46094,J_1,A2LOYALTY,N
46094,J_1,A2DISEASE,N
46094,J_1,A3WEALTH,N
46094,J_1,A3STINGY,N
46094,J_1,A3UNPATRIOTIC,N
46094,J_1,A3CARICATURE,N
46094,J_1,A3VIOLENCE,N
46094,J_1,A3SYNAGOGUE,N
46094,J_1,A3SWASTIKA,N
46094,J_1,A3DISCRIMINATION,N
21958,J_1,A1ESSENTIAL,N
21958,J_1,A2EVIL,N
21958,J_1,A2CONSPIRACY,N
21958,J_1,A2HIDDENPOWER,N
21958,J_1,A2COLLECTIVEAGENDA,N
21958,J_1,A2CONTROLGOV,N
21958,J_1,A2CONTROLBANKS,N
21958,J_1,A2CONTROLMEDIA,N
21958,J_1,A2LOYALTY,N
21958,J_1,A2DISEASE,N
21958,J_1,A3WEALTH,N
21958,J_1,A3STINGY,N
21958,J_1,A3UNPATRIOTIC,N
21958,J_1,A3CARICATURE,N
21958,J_1,A3VIOLENCE,N
21958,J_1,A3SYNAGOGUE,N
21958,J_1,A3SWASTIKA,N
21958,J_1,A3DISCRIMINATION,N
46051,J_1,A1ESSENTIAL,N
46051,J_1,A2EVIL,N
46051,J_1,A2CONSPIRACY,N
46051,J_1,A2HIDDENPOWER,N
46051,J_1,A2COLLECTIVEAGENDA,N
46051,J_1,A2CONTROLGOV,N
46051,J_1,A2CONTROLBANKS,N
46051,J_1,A2CONTROLMEDIA,N
46051,J_1,A2LOYALTY,N
46051,J_1,A2DISEASE,N
46051,J_1,A3WEALTH,N
46051,J_1,A3STINGY,N
46051,J_1,A3UNPATRIOTIC,N
46051,J_1,A3CARICATURE,N
46051,J_1,A3VIOLENCE,N
46051,J_1,A3SYNAGOGUE,N
46051,J_1,A3SWASTIKA,N
46051,J_1,A3DISCRIMINATION,N
20011,J_1,A1ESSENTIAL,E
20011,J_1,A2EVIL,E
20011,J_1,A2CONSPIRACY,N
20011,J_1,A2HIDDENPOWER,N
20011,J_1,A2COLLECTIVEAGENDA,N
20011,J_1,A2CONTROLGOV,N
20011,J_1,A2CONTROLBANKS,N
20011,J_1,A2CONTROLMEDIA,N
20011,J_1,A2LOYALTY,N
20011,J_1,A2DISEASE,N
20011,J_1,A3WEALTH,N
20011,J_1,A3STINGY,N
20011,J_1,A3UNPATRIOTIC,N
20011,J_1,A3CARICATURE,N
20011,J_1,A3VIOLENCE,E
20011,J_1,A3SYNAGOGUE,N
20011,J_1,A3SWASTIKA,N
20011,J_1,A3DISCRIMINATION,N
20737,J_1,A1ESSENTIAL,N
20737,J_1,A2EVIL,N
20737,J_1,A2CONSPIRACY,N
20737,J_1,A2HIDDENPOWER,N
20737,J_1,A2COLLECTIVEAGENDA,N
20737,J_1,A2CONTROLGOV,N
20737,J_1,A2CONTROLBANKS,N
20737,J_1,A2CONTROLMEDIA,N
20737,J_1,A2LOYALTY,N
20737,J_1,A2DISEASE,N
20737,J_1,A3WEALTH,N
20737,J_1,A3STINGY,N
20737,J_1,A3UNPATRIOTIC,N
20737,J_1,A3CARICATURE,N
20737,J_1,A3VIOLENCE,N
20737,J_1,A3SYNAGOGUE,N
20737,J_1,A3SWASTIKA,N
20737,J_1,A3DISCRIMINATION,N
28389,J_1,A1ESSENTIAL,N
28389,J_1,A2EVIL,N
28389,J_1,A2CONSPIRACY,N
28389,J_1,A2HIDDENPOWER,N
28389,J_1,A2COLLECTIVEAGENDA,N
28389,J_1,A2CONTROLGOV,N
28389,J_1,A2CONTROLBANKS,N
28389,J_1,A2CONTROLMEDIA,N
28389,J_1,A2LOYALTY,N
28389,J_1,A2DISEASE,N
28389,J_1,A3WEALTH,N
28389,J_1,A3STINGY,N
28389,J_1,A3UNPATRIOTIC,N
28389,J_1,A3CARICATURE,N
28389,J_1,A3VIOLENCE,N
28389,J_1,A3SYNAGOGUE,N
28389,J_1,A3SWASTIKA,N
28389,J_1,A3DISCRIMINATION,N
46036,J_1,A1ESSENTIAL,N
46036,J_1,A2EVIL,N
46036,J_1,A2CONSPIRACY,N
46036,J_1,A2HIDDENPOWER,N
46036,J_1,A2COLLECTIVEAGENDA,N
46036,J_1,A2CONTROLGOV,N
46036,J_1,A2CONTROLBANKS,N
46036,J_1,A2CONTROLMEDIA,N
46036,J_1,A2LOYALTY,N
46036,J_1,A2DISEASE,N
46036,J_1,A3WEALTH,N
46036,J_1,A3STINGY,N
46036,J_1,A3UNPATRIOTIC,N
46036,J_1,A3CARICATURE,N
46036,J_1,A3VIOLENCE,N
46036,J_1,A3SYNAGOGUE,N
46036,J_1,A3SWASTIKA,N
46036,J_1,A3DISCRIMINATION,N
43747,J_1,A1ESSENTIAL,A
43747,J_1,A2EVIL,N
43747,J_1,A2CONSPIRACY,N
43747,J_1,A2HIDDENPOWER,N
43747,J_1,A2COLLECTIVEAGENDA,N
43747,J_1,A2CONTROLGOV,N
43747,J_1,A2CONTROLBANKS,N
43747,J_1,A2CONTROLMEDIA,N
43747,J_1,A2LOYALTY,N
43747,J_1,A2DISEASE,N
43747,J_1,A3WEALTH,N
43747,J_1,A3STINGY,N
43747,J_1,A3UNPATRIOTIC,N
43747,J_1,A3CARICATURE,N
43747,J_1,A3VIOLENCE,N
43747,J_1,A3SYNAGOGUE,N
43747,J_1,A3SWASTIKA,N
43747,J_1,A3DISCRIMINATION,N
5249,J_1,A1ESSENTIAL,N
5249,J_1,A2EVIL,N
5249,J_1,A2CONSPIRACY,N
5249,J_1,A2HIDDENPOWER,N
5249,J_1,A2COLLECTIVEAGENDA,N
5249,J_1,A2CONTROLGOV,N
5249,J_1,A2CONTROLBANKS,N
5249,J_1,A2CONTROLMEDIA,N
5249,J_1,A2LOYALTY,N
5249,J_1,A2DISEASE,N
5249,J_1,A3WEALTH,N
5249,J_1,A3STINGY,N
5249,J_1,A3UNPATRIOTIC,N
5249,J_1,A3CARICATURE,N
5249,J_1,A3VIOLENCE,N
5249,J_1,A3SYNAGOGUE,N
5249,J_1,A3SWASTIKA,N
5249,J_1,A3DISCRIMINATION,N
2610,J_1,A1ESSENTIAL,N
2610,J_1,A2EVIL,N
2610,J_1,A2CONSPIRACY,N
2610,J_1,A2HIDDENPOWER,N
2610,J_1,A2COLLECTIVEAGENDA,N
2610,J_1,A2CONTROLGOV,N
2610,J_1,A2CONTROLBANKS,N
2610,J_1,A2CONTROLMEDIA,N
2610,J_1,A2LOYALTY,N
2610,J_1,A2DISEASE,N
2610,J_1,A3WEALTH,N
2610,J_1,A3STINGY,N
2610,J_1,A3UNPATRIOTIC,N
2610,J_1,A3CARICATURE,N
2610,J_1,A3VIOLENCE,N
2610,J_1,A3SYNAGOGUE,N
2610,J_1,A3SWASTIKA,N
2610,J_1,A3DISCRIMINATION,N
45945,J_1,A1ESSENTIAL,N
45945,J_1,A2EVIL,N
45945,J_1,A2CONSPIRACY,N
45945,J_1,A2HIDDENPOWER,N
45945,J_1,A2COLLECTIVEAGENDA,N
45945,J_1,A2CONTROLGOV,N
45945,J_1,A2CONTROLBANKS,N
45945,J_1,A2CONTROLMEDIA,N
45945,J_1,A2LOYALTY,N
45945,J_1,A2DISEASE,N
45945,J_1,A3WEALTH,N
45945,J_1,A3STINGY,N
45945,J_1,A3UNPATRIOTIC,N
45945,J_1,A3CARICATURE,N
45945,J_1,A3VIOLENCE,N
45945,J_1,A3SYNAGOGUE,N
45945,J_1,A3SWASTIKA,N
45945,J_1,A3DISCRIMINATION,N
20045,J_1,A1ESSENTIAL,N
20045,J_1,A2EVIL,N
20045,J_1,A2CONSPIRACY,N
20045,J_1,A2HIDDENPOWER,N
20045,J_1,A2COLLECTIVEAGENDA,N
20045,J_1,A2CONTROLGOV,N
20045,J_1,A2CONTROLBANKS,N
20045,J_1,A2CONTROLMEDIA,N
20045,J_1,A2LOYALTY,N
20045,J_1,A2DISEASE,N
20045,J_1,A3WEALTH,N
20045,J_1,A3STINGY,N
20045,J_1,A3UNPATRIOTIC,N
20045,J_1,A3CARICATURE,N
20045,J_1,A3VIOLENCE,E
20045,J_1,A3SYNAGOGUE,N
20045,J_1,A3SWASTIKA,N
20045,J_1,A3DISCRIMINATION,N
32480,J_1,A1ESSENTIAL,N
32480,J_1,A2EVIL,N
32480,J_1,A2CONSPIRACY,N
32480,J_1,A2HIDDENPOWER,N
32480,J_1,A2COLLECTIVEAGENDA,N
32480,J_1,A2CONTROLGOV,N
32480,J_1,A2CONTROLBANKS,N
32480,J_1,A2CONTROLMEDIA,N
32480,J_1,A2LOYALTY,N
32480,J_1,A2DISEASE,N
32480,J_1,A3WEALTH,N
32480,J_1,A3STINGY,N
32480,J_1,A3UNPATRIOTIC,N
32480,J_1,A3CARICATURE,N
32480,J_1,A3VIOLENCE,N
32480,J_1,A3SYNAGOGUE,N
32480,J_1,A3SWASTIKA,N
32480,J_1,A3DISCRIMINATION,N
6427,J_1,A1ESSENTIAL,N
6427,J_1,A2EVIL,N
6427,J_1,A2CONSPIRACY,I
6427,J_1,A2HIDDENPOWER,I
6427,J_1,A2COLLECTIVEAGENDA,N
6427,J_1,A2CONTROLGOV,N
6427,J_1,A2CONTROLBANKS,N
6427,J_1,A2CONTROLMEDIA,N
6427,J_1,A2LOYALTY,N
6427,J_1,A2DISEASE,N
6427,J_1,A3WEALTH,N
6427,J_1,A3STINGY,N
6427,J_1,A3UNPATRIOTIC,N
6427,J_1,A3CARICATURE,N
6427,J_1,A3VIOLENCE,N
6427,J_1,A3SYNAGOGUE,N
6427,J_1,A3SWASTIKA,N
6427,J_1,A3DISCRIMINATION,N
19723,J_1,A1ESSENTIAL,N
19723,J_1,A2EVIL,N
19723,J_1,A2CONSPIRACY,N
19723,J_1,A2HIDDENPOWER,N
19723,J_1,A2COLLECTIVEAGENDA,N
19723,J_1,A2CONTROLGOV,N
19723,J_1,A2CONTROLBANKS,N
19723,J_1,A2CONTROLMEDIA,N
19723,J_1,A2LOYALTY,N
19723,J_1,A2DISEASE,N
19723,J_1,A3WEALTH,N
19723,J_1,A3STINGY,N
19723,J_1,A3UNPATRIOTIC,N
19723,J_1,A3CARICATURE,N
19723,J_1,A3VIOLENCE,N
19723,J_1,A3SYNAGOGUE,N
19723,J_1,A3SWASTIKA,N
19723,J_1,A3DISCRIMINATION,N
18816,J_1,A1ESSENTIAL,N
18816,J_1,A2EVIL,N
18816,J_1,A2CONSPIRACY,N
18816,J_1,A2HIDDENPOWER,N
18816,J_1,A2COLLECTIVEAGENDA,N
18816,J_1,A2CONTROLGOV,N
18816,J_1,A2CONTROLBANKS,N
18816,J_1,A2CONTROLMEDIA,N
18816,J_1,A2LOYALTY,N
18816,J_1,A2DISEASE,N
18816,J_1,A3WEALTH,N
18816,J_1,A3STINGY,N
18816,J_1,A3UNPATRIOTIC,N
18816,J_1,A3CARICATURE,N
18816,J_1,A3VIOLENCE,N
18816,J_1,A3SYNAGOGUE,N
18816,J_1,A3SWASTIKA,N
18816,J_1,A3DISCRIMINATION,N
6828,J_1,A1ESSENTIAL,N
6828,J_1,A2EVIL,N
6828,J_1,A2CONSPIRACY,N
6828,J_1,A2HIDDENPOWER,N
6828,J_1,A2COLLECTIVEAGENDA,N
6828,J_1,A2CONTROLGOV,N
6828,J_1,A2CONTROLBANKS,N
6828,J_1,A2CONTROLMEDIA,N
6828,J_1,A2LOYALTY,N
6828,J_1,A2DISEASE,N
6828,J_1,A3WEALTH,N
6828,J_1,A3STINGY,N
6828,J_1,A3UNPATRIOTIC,N
6828,J_1,A3CARICATURE,N
6828,J_1,A3VIOLENCE,N
6828,J_1,A3SYNAGOGUE,N
6828,J_1,A3SWASTIKA,N
6828,J_1,A3DISCRIMINATION,N
40695,J_1,A1ESSENTIAL,N
40695,J_1,A2EVIL,N
40695,J_1,A2CONSPIRACY,N
40695,J_1,A2HIDDENPOWER,N
40695,J_1,A2COLLECTIVEAGENDA,N
40695,J_1,A2CONTROLGOV,N
40695,J_1,A2CONTROLBANKS,N
40695,J_1,A2CONTROLMEDIA,N
40695,J_1,A2LOYALTY,N
40695,J_1,A2DISEASE,N
40695,J_1,A3WEALTH,N
40695,J_1,A3STINGY,N
40695,J_1,A3UNPATRIOTIC,N
40695,J_1,A3CARICATURE,N
40695,J_1,A3VIOLENCE,N
40695,J_1,A3SYNAGOGUE,N
40695,J_1,A3SWASTIKA,N
40695,J_1,A3DISCRIMINATION,N
26949,J_1,A1ESSENTIAL,N
26949,J_1,A2EVIL,N
26949,J_1,A2CONSPIRACY,N
26949,J_1,A2HIDDENPOWER,N
26949,J_1,A2COLLECTIVEAGENDA,N
26949,J_1,A2CONTROLGOV,N
26949,J_1,A2CONTROLBANKS,N
26949,J_1,A2CONTROLMEDIA,N
26949,J_1,A2LOYALTY,N
26949,J_1,A2DISEASE,N
26949,J_1,A3WEALTH,N
26949,J_1,A3STINGY,N
26949,J_1,A3UNPATRIOTIC,N
26949,J_1,A3CARICATURE,N
26949,J_1,A3VIOLENCE,N
26949,J_1,A3SYNAGOGUE,N
26949,J_1,A3SWASTIKA,N
26949,J_1,A3DISCRIMINATION,N
22861,J_1,A1ESSENTIAL,N
22861,J_1,A2EVIL,N
22861,J_1,A2CONSPIRACY,N
22861,J_1,A2HIDDENPOWER,N
22861,J_1,A2COLLECTIVEAGENDA,N
22861,J_1,A2CONTROLGOV,N
22861,J_1,A2CONTROLBANKS,N
22861,J_1,A2CONTROLMEDIA,N
22861,J_1,A2LOYALTY,N
22861,J_1,A2DISEASE,N
22861,J_1,A3WEALTH,N
22861,J_1,A3STINGY,N
22861,J_1,A3UNPATRIOTIC,N
22861,J_1,A3CARICATURE,N
22861,J_1,A3VIOLENCE,N
22861,J_1,A3SYNAGOGUE,N
22861,J_1,A3SWASTIKA,N
22861,J_1,A3DISCRIMINATION,N
47942,J_1,A1ESSENTIAL,A
47942,J_1,A2EVIL,I
47942,J_1,A2CONSPIRACY,I
47942,J_1,A2HIDDENPOWER,I
47942,J_1,A2COLLECTIVEAGENDA,I
47942,J_1,A2CONTROLGOV,I
47942,J_1,A2CONTROLBANKS,N
47942,J_1,A2CONTROLMEDIA,N
47942,J_1,A2LOYALTY,N
47942,J_1,A2DISEASE,N
47942,J_1,A3WEALTH,N
47942,J_1,A3STINGY,N
47942,J_1,A3UNPATRIOTIC,N
47942,J_1,A3CARICATURE,N
47942,J_1,A3VIOLENCE,N
47942,J_1,A3SYNAGOGUE,N
47942,J_1,A3SWASTIKA,N
47942,J_1,A3DISCRIMINATION,N
20102,J_1,A1ESSENTIAL,N
20102,J_1,A2EVIL,N
20102,J_1,A2CONSPIRACY,N
20102,J_1,A2HIDDENPOWER,N
20102,J_1,A2COLLECTIVEAGENDA,N
20102,J_1,A2CONTROLGOV,N
20102,J_1,A2CONTROLBANKS,N
20102,J_1,A2CONTROLMEDIA,N
20102,J_1,A2LOYALTY,N
20102,J_1,A2DISEASE,N
20102,J_1,A3WEALTH,N
20102,J_1,A3STINGY,N
20102,J_1,A3UNPATRIOTIC,N
20102,J_1,A3CARICATURE,N
20102,J_1,A3VIOLENCE,N
20102,J_1,A3SYNAGOGUE,N
20102,J_1,A3SWASTIKA,N
20102,J_1,A3DISCRIMINATION,N
6607,J_1,A1ESSENTIAL,N
6607,J_1,A2EVIL,I
6607,J_1,A2CONSPIRACY,E
6607,J_1,A2HIDDENPOWER,I
6607,J_1,A2COLLECTIVEAGENDA,I
6607,J_1,A2CONTROLGOV,N
6607,J_1,A2CONTROLBANKS,N
6607,J_1,A2CONTROLMEDIA,N
6607,J_1,A2LOYALTY,N
6607,J_1,A2DISEASE,N
6607,J_1,A3WEALTH,N
6607,J_1,A3STINGY,N
6607,J_1,A3UNPATRIOTIC,N
6607,J_1,A3CARICATURE,N
6607,J_1,A3VIOLENCE,N
6607,J_1,A3SYNAGOGUE,N
6607,J_1,A3SWASTIKA,N
6607,J_1,A3DISCRIMINATION,N
44149,J_1,A1ESSENTIAL,N
44149,J_1,A2EVIL,N
44149,J_1,A2CONSPIRACY,N
44149,J_1,A2HIDDENPOWER,N
44149,J_1,A2COLLECTIVEAGENDA,N
44149,J_1,A2CONTROLGOV,N
44149,J_1,A2CONTROLBANKS,N
44149,J_1,A2CONTROLMEDIA,N
44149,J_1,A2LOYALTY,N
44149,J_1,A2DISEASE,N
44149,J_1,A3WEALTH,N
44149,J_1,A3STINGY,N
44149,J_1,A3UNPATRIOTIC,N
44149,J_1,A3CARICATURE,N
44149,J_1,A3VIOLENCE,N
44149,J_1,A3SYNAGOGUE,N
44149,J_1,A3SWASTIKA,N
44149,J_1,A3DISCRIMINATION,N
3915,J_1,A1ESSENTIAL,N
3915,J_1,A2EVIL,N
3915,J_1,A2CONSPIRACY,N
3915,J_1,A2HIDDENPOWER,N
3915,J_1,A2COLLECTIVEAGENDA,N
3915,J_1,A2CONTROLGOV,N
3915,J_1,A2CONTROLBANKS,N
3915,J_1,A2CONTROLMEDIA,N
3915,J_1,A2LOYALTY,N
3915,J_1,A2DISEASE,N
3915,J_1,A3WEALTH,N
3915,J_1,A3STINGY,N
3915,J_1,A3UNPATRIOTIC,N
3915,J_1,A3CARICATURE,N
3915,J_1,A3VIOLENCE,N
3915,J_1,A3SYNAGOGUE,N
3915,J_1,A3SWASTIKA,N
3915,J_1,A3DISCRIMINATION,N
22343,J_1,A1ESSENTIAL,N
22343,J_1,A2EVIL,N
22343,J_1,A2CONSPIRACY,N
22343,J_1,A2HIDDENPOWER,N
22343,J_1,A2COLLECTIVEAGENDA,N
22343,J_1,A2CONTROLGOV,N
22343,J_1,A2CONTROLBANKS,N
22343,J_1,A2CONTROLMEDIA,N
22343,J_1,A2LOYALTY,N
22343,J_1,A2DISEASE,N
22343,J_1,A3WEALTH,N
22343,J_1,A3STINGY,N
22343,J_1,A3UNPATRIOTIC,N
22343,J_1,A3CARICATURE,N
22343,J_1,A3VIOLENCE,N
22343,J_1,A3SYNAGOGUE,N
22343,J_1,A3SWASTIKA,N
22343,J_1,A3DISCRIMINATION,N
28642,J_1,A1ESSENTIAL,N
28642,J_1,A2EVIL,N
28642,J_1,A2CONSPIRACY,N
28642,J_1,A2HIDDENPOWER,N
28642,J_1,A2COLLECTIVEAGENDA,N
28642,J_1,A2CONTROLGOV,N
28642,J_1,A2CONTROLBANKS,N
28642,J_1,A2CONTROLMEDIA,N
28642,J_1,A2LOYALTY,N
28642,J_1,A2DISEASE,N
28642,J_1,A3WEALTH,N
28642,J_1,A3STINGY,N
28642,J_1,A3UNPATRIOTIC,N
28642,J_1,A3CARICATURE,N
28642,J_1,A3VIOLENCE,N
28642,J_1,A3SYNAGOGUE,N
28642,J_1,A3SWASTIKA,N
28642,J_1,A3DISCRIMINATION,N
23306,J_1,A1ESSENTIAL,N
23306,J_1,A2EVIL,I
23306,J_1,A2CONSPIRACY,I
23306,J_1,A2HIDDENPOWER,I
23306,J_1,A2COLLECTIVEAGENDA,I
23306,J_1,A2CONTROLGOV,I
23306,J_1,A2CONTROLBANKS,N
23306,J_1,A2CONTROLMEDIA,N
23306,J_1,A2LOYALTY,N
23306,J_1,A2DISEASE,N
23306,J_1,A3WEALTH,N
23306,J_1,A3STINGY,N
23306,J_1,A3UNPATRIOTIC,N
23306,J_1,A3CARICATURE,N
23306,J_1,A3VIOLENCE,N
23306,J_1,A3SYNAGOGUE,N
23306,J_1,A3SWASTIKA,N
23306,J_1,A3DISCRIMINATION,N
31823,J_1,A1ESSENTIAL,N
31823,J_1,A2EVIL,N
31823,J_1,A2CONSPIRACY,N
31823,J_1,A2HIDDENPOWER,N
31823,J_1,A2COLLECTIVEAGENDA,N
31823,J_1,A2CONTROLGOV,N
31823,J_1,A2CONTROLBANKS,N
31823,J_1,A2CONTROLMEDIA,N
31823,J_1,A2LOYALTY,N
31823,J_1,A2DISEASE,N
31823,J_1,A3WEALTH,N
31823,J_1,A3STINGY,N
31823,J_1,A3UNPATRIOTIC,N
31823,J_1,A3CARICATURE,N
31823,J_1,A3VIOLENCE,N
31823,J_1,A3SYNAGOGUE,N
31823,J_1,A3SWASTIKA,N
31823,J_1,A3DISCRIMINATION,N
9029,J_1,A1ESSENTIAL,A
9029,J_1,A2EVIL,A
9029,J_1,A2CONSPIRACY,N
9029,J_1,A2HIDDENPOWER,N
9029,J_1,A2COLLECTIVEAGENDA,A
9029,J_1,A2CONTROLGOV,N
9029,J_1,A2CONTROLBANKS,N
9029,J_1,A2CONTROLMEDIA,N
9029,J_1,A2LOYALTY,N
9029,J_1,A2DISEASE,N
9029,J_1,A3WEALTH,N
9029,J_1,A3STINGY,N
9029,J_1,A3UNPATRIOTIC,A
9029,J_1,A3CARICATURE,N
9029,J_1,A3VIOLENCE,N
9029,J_1,A3SYNAGOGUE,N
9029,J_1,A3SWASTIKA,N
9029,J_1,A3DISCRIMINATION,N
2052,J_1,A1ESSENTIAL,N
2052,J_1,A2EVIL,N
2052,J_1,A2CONSPIRACY,N
2052,J_1,A2HIDDENPOWER,N
2052,J_1,A2COLLECTIVEAGENDA,N
2052,J_1,A2CONTROLGOV,N
2052,J_1,A2CONTROLBANKS,N
2052,J_1,A2CONTROLMEDIA,N
2052,J_1,A2LOYALTY,N
2052,J_1,A2DISEASE,N
2052,J_1,A3WEALTH,N
2052,J_1,A3STINGY,N
2052,J_1,A3UNPATRIOTIC,N
2052,J_1,A3CARICATURE,N
2052,J_1,A3VIOLENCE,N
2052,J_1,A3SYNAGOGUE,N
2052,J_1,A3SWASTIKA,N
2052,J_1,A3DISCRIMINATION,N
32172,J_1,A1ESSENTIAL,I
32172,J_1,A2EVIL,N
32172,J_1,A2CONSPIRACY,N
32172,J_1,A2HIDDENPOWER,N
32172,J_1,A2COLLECTIVEAGENDA,N
32172,J_1,A2CONTROLGOV,N
32172,J_1,A2CONTROLBANKS,N
32172,J_1,A2CONTROLMEDIA,N
32172,J_1,A2LOYALTY,N
32172,J_1,A2DISEASE,N
32172,J_1,A3WEALTH,N
32172,J_1,A3STINGY,N
32172,J_1,A3UNPATRIOTIC,N
32172,J_1,A3CARICATURE,N
32172,J_1,A3VIOLENCE,N
32172,J_1,A3SYNAGOGUE,N
32172,J_1,A3SWASTIKA,N
32172,J_1,A3DISCRIMINATION,N
48050,J_1,A1ESSENTIAL,N
48050,J_1,A2EVIL,N
48050,J_1,A2CONSPIRACY,N
48050,J_1,A2HIDDENPOWER,N
48050,J_1,A2COLLECTIVEAGENDA,N
48050,J_1,A2CONTROLGOV,N
48050,J_1,A2CONTROLBANKS,N
48050,J_1,A2CONTROLMEDIA,N
48050,J_1,A2LOYALTY,N
48050,J_1,A2DISEASE,N
48050,J_1,A3WEALTH,N
48050,J_1,A3STINGY,N
48050,J_1,A3UNPATRIOTIC,N
48050,J_1,A3CARICATURE,N
48050,J_1,A3VIOLENCE,N
48050,J_1,A3SYNAGOGUE,N
48050,J_1,A3SWASTIKA,N
48050,J_1,A3DISCRIMINATION,N
22812,J_1,A1ESSENTIAL,N
22812,J_1,A2EVIL,N
22812,J_1,A2CONSPIRACY,N
22812,J_1,A2HIDDENPOWER,N
22812,J_1,A2COLLECTIVEAGENDA,N
22812,J_1,A2CONTROLGOV,N
22812,J_1,A2CONTROLBANKS,N
22812,J_1,A2CONTROLMEDIA,N
22812,J_1,A2LOYALTY,N
22812,J_1,A2DISEASE,N
22812,J_1,A3WEALTH,N
22812,J_1,A3STINGY,N
22812,J_1,A3UNPATRIOTIC,N
22812,J_1,A3CARICATURE,N
22812,J_1,A3VIOLENCE,N
22812,J_1,A3SYNAGOGUE,N
22812,J_1,A3SWASTIKA,N
22812,J_1,A3DISCRIMINATION,N
44808,J_1,A1ESSENTIAL,N
44808,J_1,A2EVIL,N
44808,J_1,A2CONSPIRACY,N
44808,J_1,A2HIDDENPOWER,N
44808,J_1,A2COLLECTIVEAGENDA,N
44808,J_1,A2CONTROLGOV,N
44808,J_1,A2CONTROLBANKS,N
44808,J_1,A2CONTROLMEDIA,N
44808,J_1,A2LOYALTY,N
44808,J_1,A2DISEASE,N
44808,J_1,A3WEALTH,N
44808,J_1,A3STINGY,N
44808,J_1,A3UNPATRIOTIC,N
44808,J_1,A3CARICATURE,N
44808,J_1,A3VIOLENCE,N
44808,J_1,A3SYNAGOGUE,N
44808,J_1,A3SWASTIKA,N
44808,J_1,A3DISCRIMINATION,N
1591,J_1,A1ESSENTIAL,N
1591,J_1,A2EVIL,N
1591,J_1,A2CONSPIRACY,N
1591,J_1,A2HIDDENPOWER,N
1591,J_1,A2COLLECTIVEAGENDA,N
1591,J_1,A2CONTROLGOV,N
1591,J_1,A2CONTROLBANKS,N
1591,J_1,A2CONTROLMEDIA,N
1591,J_1,A2LOYALTY,N
1591,J_1,A2DISEASE,N
1591,J_1,A3WEALTH,N
1591,J_1,A3STINGY,N
1591,J_1,A3UNPATRIOTIC,N
1591,J_1,A3CARICATURE,N
1591,J_1,A3VIOLENCE,N
1591,J_1,A3SYNAGOGUE,N
1591,J_1,A3SWASTIKA,N
1591,J_1,A3DISCRIMINATION,N
995,J_1,A1ESSENTIAL,N
995,J_1,A2EVIL,N
995,J_1,A2CONSPIRACY,N
995,J_1,A2HIDDENPOWER,N
995,J_1,A2COLLECTIVEAGENDA,N
995,J_1,A2CONTROLGOV,N
995,J_1,A2CONTROLBANKS,N
995,J_1,A2CONTROLMEDIA,N
995,J_1,A2LOYALTY,N
995,J_1,A2DISEASE,N
995,J_1,A3WEALTH,N
995,J_1,A3STINGY,N
995,J_1,A3UNPATRIOTIC,N
995,J_1,A3CARICATURE,N
995,J_1,A3VIOLENCE,N
995,J_1,A3SYNAGOGUE,N
995,J_1,A3SWASTIKA,N
995,J_1,A3DISCRIMINATION,N
17078,J_1,A1ESSENTIAL,N
17078,J_1,A2EVIL,N
17078,J_1,A2CONSPIRACY,N
17078,J_1,A2HIDDENPOWER,N
17078,J_1,A2COLLECTIVEAGENDA,N
17078,J_1,A2CONTROLGOV,N
17078,J_1,A2CONTROLBANKS,N
17078,J_1,A2CONTROLMEDIA,N
17078,J_1,A2LOYALTY,N
17078,J_1,A2DISEASE,N
17078,J_1,A3WEALTH,N
17078,J_1,A3STINGY,N
17078,J_1,A3UNPATRIOTIC,N
17078,J_1,A3CARICATURE,N
17078,J_1,A3VIOLENCE,N
17078,J_1,A3SYNAGOGUE,N
17078,J_1,A3SWASTIKA,N
17078,J_1,A3DISCRIMINATION,N
4393,J_1,A1ESSENTIAL,E
4393,J_1,A2EVIL,N
4393,J_1,A2CONSPIRACY,N
4393,J_1,A2HIDDENPOWER,N
4393,J_1,A2COLLECTIVEAGENDA,N
4393,J_1,A2CONTROLGOV,N
4393,J_1,A2CONTROLBANKS,N
4393,J_1,A2CONTROLMEDIA,N
4393,J_1,A2LOYALTY,N
4393,J_1,A2DISEASE,N
4393,J_1,A3WEALTH,N
4393,J_1,A3STINGY,N
4393,J_1,A3UNPATRIOTIC,N
4393,J_1,A3CARICATURE,N
4393,J_1,A3VIOLENCE,N
4393,J_1,A3SYNAGOGUE,N
4393,J_1,A3SWASTIKA,N
4393,J_1,A3DISCRIMINATION,N
47448,J_1,A1ESSENTIAL,N
47448,J_1,A2EVIL,N
47448,J_1,A2CONSPIRACY,N
47448,J_1,A2HIDDENPOWER,N
47448,J_1,A2COLLECTIVEAGENDA,N
47448,J_1,A2CONTROLGOV,N
47448,J_1,A2CONTROLBANKS,N
47448,J_1,A2CONTROLMEDIA,N
47448,J_1,A2LOYALTY,N
47448,J_1,A2DISEASE,N
47448,J_1,A3WEALTH,N
47448,J_1,A3STINGY,N
47448,J_1,A3UNPATRIOTIC,N
47448,J_1,A3CARICATURE,N
47448,J_1,A3VIOLENCE,N
47448,J_1,A3SYNAGOGUE,N
47448,J_1,A3SWASTIKA,N
47448,J_1,A3DISCRIMINATION,N
15126,J_1,A1ESSENTIAL,E
15126,J_1,A2EVIL,E
15126,J_1,A2CONSPIRACY,N
15126,J_1,A2HIDDENPOWER,N
15126,J_1,A2COLLECTIVEAGENDA,N
15126,J_1,A2CONTROLGOV,N
15126,J_1,A2CONTROLBANKS,N
15126,J_1,A2CONTROLMEDIA,N
15126,J_1,A2LOYALTY,N
15126,J_1,A2DISEASE,N
15126,J_1,A3WEALTH,N
15126,J_1,A3STINGY,N
15126,J_1,A3UNPATRIOTIC,N
15126,J_1,A3CARICATURE,N
15126,J_1,A3VIOLENCE,N
15126,J_1,A3SYNAGOGUE,N
15126,J_1,A3SWASTIKA,N
15126,J_1,A3DISCRIMINATION,N
18734,J_1,A1ESSENTIAL,N
18734,J_1,A2EVIL,N
18734,J_1,A2CONSPIRACY,N
18734,J_1,A2HIDDENPOWER,N
18734,J_1,A2COLLECTIVEAGENDA,N
18734,J_1,A2CONTROLGOV,N
18734,J_1,A2CONTROLBANKS,N
18734,J_1,A2CONTROLMEDIA,N
18734,J_1,A2LOYALTY,N
18734,J_1,A2DISEASE,N
18734,J_1,A3WEALTH,N
18734,J_1,A3STINGY,N
18734,J_1,A3UNPATRIOTIC,N
18734,J_1,A3CARICATURE,N
18734,J_1,A3VIOLENCE,N
18734,J_1,A3SYNAGOGUE,N
18734,J_1,A3SWASTIKA,N
18734,J_1,A3DISCRIMINATION,N
15273,J_1,A1ESSENTIAL,N
15273,J_1,A2EVIL,N
15273,J_1,A2CONSPIRACY,N
15273,J_1,A2HIDDENPOWER,N
15273,J_1,A2COLLECTIVEAGENDA,N
15273,J_1,A2CONTROLGOV,N
15273,J_1,A2CONTROLBANKS,N
15273,J_1,A2CONTROLMEDIA,N
15273,J_1,A2LOYALTY,N
15273,J_1,A2DISEASE,N
15273,J_1,A3WEALTH,N
15273,J_1,A3STINGY,N
15273,J_1,A3UNPATRIOTIC,N
15273,J_1,A3CARICATURE,N
15273,J_1,A3VIOLENCE,N
15273,J_1,A3SYNAGOGUE,N
15273,J_1,A3SWASTIKA,N
15273,J_1,A3DISCRIMINATION,N
33026,J_1,A1ESSENTIAL,N
33026,J_1,A2EVIL,N
33026,J_1,A2CONSPIRACY,N
33026,J_1,A2HIDDENPOWER,N
33026,J_1,A2COLLECTIVEAGENDA,N
33026,J_1,A2CONTROLGOV,N
33026,J_1,A2CONTROLBANKS,N
33026,J_1,A2CONTROLMEDIA,N
33026,J_1,A2LOYALTY,N
33026,J_1,A2DISEASE,N
33026,J_1,A3WEALTH,N
33026,J_1,A3STINGY,N
33026,J_1,A3UNPATRIOTIC,N
33026,J_1,A3CARICATURE,N
33026,J_1,A3VIOLENCE,N
33026,J_1,A3SYNAGOGUE,N
33026,J_1,A3SWASTIKA,N
33026,J_1,A3DISCRIMINATION,N
40441,J_1,A1ESSENTIAL,N
40441,J_1,A2EVIL,N
40441,J_1,A2CONSPIRACY,N
40441,J_1,A2HIDDENPOWER,N
40441,J_1,A2COLLECTIVEAGENDA,N
40441,J_1,A2CONTROLGOV,N
40441,J_1,A2CONTROLBANKS,N
40441,J_1,A2CONTROLMEDIA,N
40441,J_1,A2LOYALTY,N
40441,J_1,A2DISEASE,N
40441,J_1,A3WEALTH,N
40441,J_1,A3STINGY,N
40441,J_1,A3UNPATRIOTIC,N
40441,J_1,A3CARICATURE,N
40441,J_1,A3VIOLENCE,N
40441,J_1,A3SYNAGOGUE,N
40441,J_1,A3SWASTIKA,N
40441,J_1,A3DISCRIMINATION,N
48295,J_1,A1ESSENTIAL,N
48295,J_1,A2EVIL,N
48295,J_1,A2CONSPIRACY,N
48295,J_1,A2HIDDENPOWER,N
48295,J_1,A2COLLECTIVEAGENDA,N
48295,J_1,A2CONTROLGOV,N
48295,J_1,A2CONTROLBANKS,N
48295,J_1,A2CONTROLMEDIA,N
48295,J_1,A2LOYALTY,N
48295,J_1,A2DISEASE,N
48295,J_1,A3WEALTH,N
48295,J_1,A3STINGY,N
48295,J_1,A3UNPATRIOTIC,N
48295,J_1,A3CARICATURE,N
48295,J_1,A3VIOLENCE,N
48295,J_1,A3SYNAGOGUE,N
48295,J_1,A3SWASTIKA,N
48295,J_1,A3DISCRIMINATION,N
8029,J_1,A1ESSENTIAL,N
8029,J_1,A2EVIL,N
8029,J_1,A2CONSPIRACY,N
8029,J_1,A2HIDDENPOWER,N
8029,J_1,A2COLLECTIVEAGENDA,N
8029,J_1,A2CONTROLGOV,N
8029,J_1,A2CONTROLBANKS,N
8029,J_1,A2CONTROLMEDIA,N
8029,J_1,A2LOYALTY,N
8029,J_1,A2DISEASE,N
8029,J_1,A3WEALTH,N
8029,J_1,A3STINGY,N
8029,J_1,A3UNPATRIOTIC,N
8029,J_1,A3CARICATURE,N
8029,J_1,A3VIOLENCE,N
8029,J_1,A3SYNAGOGUE,N
8029,J_1,A3SWASTIKA,N
8029,J_1,A3DISCRIMINATION,N
32559,J_1,A1ESSENTIAL,N
32559,J_1,A2EVIL,N
32559,J_1,A2CONSPIRACY,N
32559,J_1,A2HIDDENPOWER,N
32559,J_1,A2COLLECTIVEAGENDA,N
32559,J_1,A2CONTROLGOV,N
32559,J_1,A2CONTROLBANKS,N
32559,J_1,A2CONTROLMEDIA,N
32559,J_1,A2LOYALTY,N
32559,J_1,A2DISEASE,N
32559,J_1,A3WEALTH,N
32559,J_1,A3STINGY,N
32559,J_1,A3UNPATRIOTIC,N
32559,J_1,A3CARICATURE,N
32559,J_1,A3VIOLENCE,N
32559,J_1,A3SYNAGOGUE,N
32559,J_1,A3SWASTIKA,N
32559,J_1,A3DISCRIMINATION,N
19533,J_1,A1ESSENTIAL,N
19533,J_1,A2EVIL,N
19533,J_1,A2CONSPIRACY,N
19533,J_1,A2HIDDENPOWER,N
19533,J_1,A2COLLECTIVEAGENDA,N
19533,J_1,A2CONTROLGOV,N
19533,J_1,A2CONTROLBANKS,N
19533,J_1,A2CONTROLMEDIA,N
19533,J_1,A2LOYALTY,N
19533,J_1,A2DISEASE,N
19533,J_1,A3WEALTH,N
19533,J_1,A3STINGY,N
19533,J_1,A3UNPATRIOTIC,N
19533,J_1,A3CARICATURE,N
19533,J_1,A3VIOLENCE,N
19533,J_1,A3SYNAGOGUE,N
19533,J_1,A3SWASTIKA,N
19533,J_1,A3DISCRIMINATION,N
14498,J_1,A1ESSENTIAL,N
14498,J_1,A2EVIL,N
14498,J_1,A2CONSPIRACY,N
14498,J_1,A2HIDDENPOWER,N
14498,J_1,A2COLLECTIVEAGENDA,N
14498,J_1,A2CONTROLGOV,N
14498,J_1,A2CONTROLBANKS,N
14498,J_1,A2CONTROLMEDIA,N
14498,J_1,A2LOYALTY,N
14498,J_1,A2DISEASE,N
14498,J_1,A3WEALTH,N
14498,J_1,A3STINGY,N
14498,J_1,A3UNPATRIOTIC,N
14498,J_1,A3CARICATURE,N
14498,J_1,A3VIOLENCE,N
14498,J_1,A3SYNAGOGUE,N
14498,J_1,A3SWASTIKA,N
14498,J_1,A3DISCRIMINATION,N
37170,J_1,A1ESSENTIAL,N
37170,J_1,A2EVIL,N
37170,J_1,A2CONSPIRACY,N
37170,J_1,A2HIDDENPOWER,N
37170,J_1,A2COLLECTIVEAGENDA,N
37170,J_1,A2CONTROLGOV,N
37170,J_1,A2CONTROLBANKS,N
37170,J_1,A2CONTROLMEDIA,N
37170,J_1,A2LOYALTY,N
37170,J_1,A2DISEASE,N
37170,J_1,A3WEALTH,N
37170,J_1,A3STINGY,N
37170,J_1,A3UNPATRIOTIC,N
37170,J_1,A3CARICATURE,N
37170,J_1,A3VIOLENCE,N
37170,J_1,A3SYNAGOGUE,N
37170,J_1,A3SWASTIKA,N
37170,J_1,A3DISCRIMINATION,N
34133,J_1,A1ESSENTIAL,N
34133,J_1,A2EVIL,N
34133,J_1,A2CONSPIRACY,N
34133,J_1,A2HIDDENPOWER,N
34133,J_1,A2COLLECTIVEAGENDA,N
34133,J_1,A2CONTROLGOV,N
34133,J_1,A2CONTROLBANKS,N
34133,J_1,A2CONTROLMEDIA,N
34133,J_1,A2LOYALTY,N
34133,J_1,A2DISEASE,N
34133,J_1,A3WEALTH,N
34133,J_1,A3STINGY,N
34133,J_1,A3UNPATRIOTIC,N
34133,J_1,A3CARICATURE,N
34133,J_1,A3VIOLENCE,N
34133,J_1,A3SYNAGOGUE,N
34133,J_1,A3SWASTIKA,N
34133,J_1,A3DISCRIMINATION,N
45616,J_1,A1ESSENTIAL,N
45616,J_1,A2EVIL,N
45616,J_1,A2CONSPIRACY,N
45616,J_1,A2HIDDENPOWER,N
45616,J_1,A2COLLECTIVEAGENDA,N
45616,J_1,A2CONTROLGOV,N
45616,J_1,A2CONTROLBANKS,N
45616,J_1,A2CONTROLMEDIA,N
45616,J_1,A2LOYALTY,N
45616,J_1,A2DISEASE,N
45616,J_1,A3WEALTH,N
45616,J_1,A3STINGY,N
45616,J_1,A3UNPATRIOTIC,N
45616,J_1,A3CARICATURE,N
45616,J_1,A3VIOLENCE,N
45616,J_1,A3SYNAGOGUE,N
45616,J_1,A3SWASTIKA,N
45616,J_1,A3DISCRIMINATION,N
23795,J_1,A1ESSENTIAL,N
23795,J_1,A2EVIL,N
23795,J_1,A2CONSPIRACY,N
23795,J_1,A2HIDDENPOWER,N
23795,J_1,A2COLLECTIVEAGENDA,N
23795,J_1,A2CONTROLGOV,N
23795,J_1,A2CONTROLBANKS,N
23795,J_1,A2CONTROLMEDIA,N
23795,J_1,A2LOYALTY,N
23795,J_1,A2DISEASE,N
23795,J_1,A3WEALTH,N
23795,J_1,A3STINGY,N
23795,J_1,A3UNPATRIOTIC,N
23795,J_1,A3CARICATURE,N
23795,J_1,A3VIOLENCE,N
23795,J_1,A3SYNAGOGUE,N
23795,J_1,A3SWASTIKA,N
23795,J_1,A3DISCRIMINATION,N
20016,J_1,A1ESSENTIAL,N
20016,J_1,A2EVIL,N
20016,J_1,A2CONSPIRACY,N
20016,J_1,A2HIDDENPOWER,N
20016,J_1,A2COLLECTIVEAGENDA,N
20016,J_1,A2CONTROLGOV,N
20016,J_1,A2CONTROLBANKS,N
20016,J_1,A2CONTROLMEDIA,N
20016,J_1,A2LOYALTY,N
20016,J_1,A2DISEASE,N
20016,J_1,A3WEALTH,N
20016,J_1,A3STINGY,N
20016,J_1,A3UNPATRIOTIC,N
20016,J_1,A3CARICATURE,N
20016,J_1,A3VIOLENCE,N
20016,J_1,A3SYNAGOGUE,N
20016,J_1,A3SWASTIKA,N
20016,J_1,A3DISCRIMINATION,N
43226,J_1,A1ESSENTIAL,E
43226,J_1,A2EVIL,N
43226,J_1,A2CONSPIRACY,N
43226,J_1,A2HIDDENPOWER,N
43226,J_1,A2COLLECTIVEAGENDA,N
43226,J_1,A2CONTROLGOV,N
43226,J_1,A2CONTROLBANKS,N
43226,J_1,A2CONTROLMEDIA,N
43226,J_1,A2LOYALTY,N
43226,J_1,A2DISEASE,N
43226,J_1,A3WEALTH,N
43226,J_1,A3STINGY,N
43226,J_1,A3UNPATRIOTIC,N
43226,J_1,A3CARICATURE,N
43226,J_1,A3VIOLENCE,N
43226,J_1,A3SYNAGOGUE,N
43226,J_1,A3SWASTIKA,N
43226,J_1,A3DISCRIMINATION,N
31355,J_1,A1ESSENTIAL,N
31355,J_1,A2EVIL,N
31355,J_1,A2CONSPIRACY,N
31355,J_1,A2HIDDENPOWER,N
31355,J_1,A2COLLECTIVEAGENDA,N
31355,J_1,A2CONTROLGOV,N
31355,J_1,A2CONTROLBANKS,N
31355,J_1,A2CONTROLMEDIA,N
31355,J_1,A2LOYALTY,N
31355,J_1,A2DISEASE,N
31355,J_1,A3WEALTH,N
31355,J_1,A3STINGY,N
31355,J_1,A3UNPATRIOTIC,N
31355,J_1,A3CARICATURE,N
31355,J_1,A3VIOLENCE,N
31355,J_1,A3SYNAGOGUE,N
31355,J_1,A3SWASTIKA,N
31355,J_1,A3DISCRIMINATION,N
321,J_1,A1ESSENTIAL,N
321,J_1,A2EVIL,N
321,J_1,A2CONSPIRACY,N
321,J_1,A2HIDDENPOWER,N
321,J_1,A2COLLECTIVEAGENDA,N
321,J_1,A2CONTROLGOV,N
321,J_1,A2CONTROLBANKS,N
321,J_1,A2CONTROLMEDIA,N
321,J_1,A2LOYALTY,N
321,J_1,A2DISEASE,N
321,J_1,A3WEALTH,N
321,J_1,A3STINGY,N
321,J_1,A3UNPATRIOTIC,N
321,J_1,A3CARICATURE,N
321,J_1,A3VIOLENCE,N
321,J_1,A3SYNAGOGUE,N
321,J_1,A3SWASTIKA,N
321,J_1,A3DISCRIMINATION,N
37213,J_1,A1ESSENTIAL,N
37213,J_1,A2EVIL,N
37213,J_1,A2CONSPIRACY,N
37213,J_1,A2HIDDENPOWER,N
37213,J_1,A2COLLECTIVEAGENDA,N
37213,J_1,A2CONTROLGOV,N
37213,J_1,A2CONTROLBANKS,N
37213,J_1,A2CONTROLMEDIA,N
37213,J_1,A2LOYALTY,N
37213,J_1,A2DISEASE,N
37213,J_1,A3WEALTH,N
37213,J_1,A3STINGY,N
37213,J_1,A3UNPATRIOTIC,N
37213,J_1,A3CARICATURE,N
37213,J_1,A3VIOLENCE,N
37213,J_1,A3SYNAGOGUE,N
37213,J_1,A3SWASTIKA,N
37213,J_1,A3DISCRIMINATION,N
9431,J_1,A1ESSENTIAL,N
9431,J_1,A2EVIL,N
9431,J_1,A2CONSPIRACY,N
9431,J_1,A2HIDDENPOWER,N
9431,J_1,A2COLLECTIVEAGENDA,N
9431,J_1,A2CONTROLGOV,N
9431,J_1,A2CONTROLBANKS,N
9431,J_1,A2CONTROLMEDIA,N
9431,J_1,A2LOYALTY,N
9431,J_1,A2DISEASE,N
9431,J_1,A3WEALTH,N
9431,J_1,A3STINGY,N
9431,J_1,A3UNPATRIOTIC,N
9431,J_1,A3CARICATURE,N
9431,J_1,A3VIOLENCE,N
9431,J_1,A3SYNAGOGUE,N
9431,J_1,A3SWASTIKA,N
9431,J_1,A3DISCRIMINATION,N
40840,J_1,A1ESSENTIAL,N
40840,J_1,A2EVIL,I
40840,J_1,A2CONSPIRACY,N
40840,J_1,A2HIDDENPOWER,N
40840,J_1,A2COLLECTIVEAGENDA,N
40840,J_1,A2CONTROLGOV,N
40840,J_1,A2CONTROLBANKS,N
40840,J_1,A2CONTROLMEDIA,N
40840,J_1,A2LOYALTY,N
40840,J_1,A2DISEASE,N
40840,J_1,A3WEALTH,N
40840,J_1,A3STINGY,N
40840,J_1,A3UNPATRIOTIC,N
40840,J_1,A3CARICATURE,N
40840,J_1,A3VIOLENCE,E
40840,J_1,A3SYNAGOGUE,N
40840,J_1,A3SWASTIKA,N
40840,J_1,A3DISCRIMINATION,N
40797,J_1,A1ESSENTIAL,N
40797,J_1,A2EVIL,N
40797,J_1,A2CONSPIRACY,N
40797,J_1,A2HIDDENPOWER,N
40797,J_1,A2COLLECTIVEAGENDA,N
40797,J_1,A2CONTROLGOV,N
40797,J_1,A2CONTROLBANKS,N
40797,J_1,A2CONTROLMEDIA,N
40797,J_1,A2LOYALTY,N
40797,J_1,A2DISEASE,N
40797,J_1,A3WEALTH,N
40797,J_1,A3STINGY,N
40797,J_1,A3UNPATRIOTIC,N
40797,J_1,A3CARICATURE,N
40797,J_1,A3VIOLENCE,N
40797,J_1,A3SYNAGOGUE,N
40797,J_1,A3SWASTIKA,N
40797,J_1,A3DISCRIMINATION,N
38085,J_1,A1ESSENTIAL,N
38085,J_1,A2EVIL,N
38085,J_1,A2CONSPIRACY,N
38085,J_1,A2HIDDENPOWER,N
38085,J_1,A2COLLECTIVEAGENDA,N
38085,J_1,A2CONTROLGOV,N
38085,J_1,A2CONTROLBANKS,N
38085,J_1,A2CONTROLMEDIA,N
38085,J_1,A2LOYALTY,N
38085,J_1,A2DISEASE,N
38085,J_1,A3WEALTH,N
38085,J_1,A3STINGY,N
38085,J_1,A3UNPATRIOTIC,N
38085,J_1,A3CARICATURE,N
38085,J_1,A3VIOLENCE,N
38085,J_1,A3SYNAGOGUE,N
38085,J_1,A3SWASTIKA,N
38085,J_1,A3DISCRIMINATION,N
26846,J_1,A1ESSENTIAL,N
26846,J_1,A2EVIL,N
26846,J_1,A2CONSPIRACY,N
26846,J_1,A2HIDDENPOWER,N
26846,J_1,A2COLLECTIVEAGENDA,N
26846,J_1,A2CONTROLGOV,N
26846,J_1,A2CONTROLBANKS,N
26846,J_1,A2CONTROLMEDIA,N
26846,J_1,A2LOYALTY,N
26846,J_1,A2DISEASE,N
26846,J_1,A3WEALTH,N
26846,J_1,A3STINGY,N
26846,J_1,A3UNPATRIOTIC,N
26846,J_1,A3CARICATURE,N
26846,J_1,A3VIOLENCE,N
26846,J_1,A3SYNAGOGUE,N
26846,J_1,A3SWASTIKA,N
26846,J_1,A3DISCRIMINATION,N
43823,J_1,A1ESSENTIAL,A
43823,J_1,A2EVIL,A
43823,J_1,A2CONSPIRACY,N
43823,J_1,A2HIDDENPOWER,N
43823,J_1,A2COLLECTIVEAGENDA,N
43823,J_1,A2CONTROLGOV,N
43823,J_1,A2CONTROLBANKS,N
43823,J_1,A2CONTROLMEDIA,N
43823,J_1,A2LOYALTY,N
43823,J_1,A2DISEASE,N
43823,J_1,A3WEALTH,N
43823,J_1,A3STINGY,N
43823,J_1,A3UNPATRIOTIC,N
43823,J_1,A3CARICATURE,N
43823,J_1,A3VIOLENCE,N
43823,J_1,A3SYNAGOGUE,N
43823,J_1,A3SWASTIKA,N
43823,J_1,A3DISCRIMINATION,N
2447,J_1,A1ESSENTIAL,N
2447,J_1,A2EVIL,N
2447,J_1,A2CONSPIRACY,N
2447,J_1,A2HIDDENPOWER,N
2447,J_1,A2COLLECTIVEAGENDA,N
2447,J_1,A2CONTROLGOV,N
2447,J_1,A2CONTROLBANKS,N
2447,J_1,A2CONTROLMEDIA,N
2447,J_1,A2LOYALTY,N
2447,J_1,A2DISEASE,N
2447,J_1,A3WEALTH,N
2447,J_1,A3STINGY,N
2447,J_1,A3UNPATRIOTIC,N
2447,J_1,A3CARICATURE,N
2447,J_1,A3VIOLENCE,N
2447,J_1,A3SYNAGOGUE,N
2447,J_1,A3SWASTIKA,N
2447,J_1,A3DISCRIMINATION,N
36477,J_1,A1ESSENTIAL,N
36477,J_1,A2EVIL,N
36477,J_1,A2CONSPIRACY,N
36477,J_1,A2HIDDENPOWER,N
36477,J_1,A2COLLECTIVEAGENDA,N
36477,J_1,A2CONTROLGOV,N
36477,J_1,A2CONTROLBANKS,N
36477,J_1,A2CONTROLMEDIA,N
36477,J_1,A2LOYALTY,N
36477,J_1,A2DISEASE,N
36477,J_1,A3WEALTH,N
36477,J_1,A3STINGY,N
36477,J_1,A3UNPATRIOTIC,N
36477,J_1,A3CARICATURE,N
36477,J_1,A3VIOLENCE,N
36477,J_1,A3SYNAGOGUE,N
36477,J_1,A3SWASTIKA,N
36477,J_1,A3DISCRIMINATION,N
47882,J_1,A1ESSENTIAL,N
47882,J_1,A2EVIL,N
47882,J_1,A2CONSPIRACY,N
47882,J_1,A2HIDDENPOWER,N
47882,J_1,A2COLLECTIVEAGENDA,N
47882,J_1,A2CONTROLGOV,N
47882,J_1,A2CONTROLBANKS,N
47882,J_1,A2CONTROLMEDIA,N
47882,J_1,A2LOYALTY,N
47882,J_1,A2DISEASE,N
47882,J_1,A3WEALTH,N
47882,J_1,A3STINGY,N
47882,J_1,A3UNPATRIOTIC,N
47882,J_1,A3CARICATURE,N
47882,J_1,A3VIOLENCE,N
47882,J_1,A3SYNAGOGUE,N
47882,J_1,A3SWASTIKA,N
47882,J_1,A3DISCRIMINATION,N
41032,J_1,A1ESSENTIAL,E
41032,J_1,A2EVIL,E
41032,J_1,A2CONSPIRACY,N
41032,J_1,A2HIDDENPOWER,N
41032,J_1,A2COLLECTIVEAGENDA,N
41032,J_1,A2CONTROLGOV,N
41032,J_1,A2CONTROLBANKS,N
41032,J_1,A2CONTROLMEDIA,N
41032,J_1,A2LOYALTY,N
41032,J_1,A2DISEASE,N
41032,J_1,A3WEALTH,N
41032,J_1,A3STINGY,N
41032,J_1,A3UNPATRIOTIC,N
41032,J_1,A3CARICATURE,N
41032,J_1,A3VIOLENCE,N
41032,J_1,A3SYNAGOGUE,N
41032,J_1,A3SWASTIKA,N
41032,J_1,A3DISCRIMINATION,N
12071,J_1,A1ESSENTIAL,N
12071,J_1,A2EVIL,N
12071,J_1,A2CONSPIRACY,N
12071,J_1,A2HIDDENPOWER,N
12071,J_1,A2COLLECTIVEAGENDA,N
12071,J_1,A2CONTROLGOV,N
12071,J_1,A2CONTROLBANKS,N
12071,J_1,A2CONTROLMEDIA,N
12071,J_1,A2LOYALTY,N
12071,J_1,A2DISEASE,N
12071,J_1,A3WEALTH,N
12071,J_1,A3STINGY,N
12071,J_1,A3UNPATRIOTIC,N
12071,J_1,A3CARICATURE,N
12071,J_1,A3VIOLENCE,N
12071,J_1,A3SYNAGOGUE,N
12071,J_1,A3SWASTIKA,N
12071,J_1,A3DISCRIMINATION,N
14935,J_1,A1ESSENTIAL,N
14935,J_1,A2EVIL,N
14935,J_1,A2CONSPIRACY,N
14935,J_1,A2HIDDENPOWER,N
14935,J_1,A2COLLECTIVEAGENDA,N
14935,J_1,A2CONTROLGOV,N
14935,J_1,A2CONTROLBANKS,N
14935,J_1,A2CONTROLMEDIA,N
14935,J_1,A2LOYALTY,N
14935,J_1,A2DISEASE,N
14935,J_1,A3WEALTH,N
14935,J_1,A3STINGY,N
14935,J_1,A3UNPATRIOTIC,N
14935,J_1,A3CARICATURE,N
14935,J_1,A3VIOLENCE,N
14935,J_1,A3SYNAGOGUE,N
14935,J_1,A3SWASTIKA,N
14935,J_1,A3DISCRIMINATION,N
47200,J_1,A1ESSENTIAL,N
47200,J_1,A2EVIL,N
47200,J_1,A2CONSPIRACY,N
47200,J_1,A2HIDDENPOWER,N
47200,J_1,A2COLLECTIVEAGENDA,N
47200,J_1,A2CONTROLGOV,N
47200,J_1,A2CONTROLBANKS,N
47200,J_1,A2CONTROLMEDIA,N
47200,J_1,A2LOYALTY,N
47200,J_1,A2DISEASE,N
47200,J_1,A3WEALTH,N
47200,J_1,A3STINGY,N
47200,J_1,A3UNPATRIOTIC,N
47200,J_1,A3CARICATURE,N
47200,J_1,A3VIOLENCE,N
47200,J_1,A3SYNAGOGUE,N
47200,J_1,A3SWASTIKA,N
47200,J_1,A3DISCRIMINATION,N
9309,J_1,A1ESSENTIAL,N
9309,J_1,A2EVIL,N
9309,J_1,A2CONSPIRACY,N
9309,J_1,A2HIDDENPOWER,N
9309,J_1,A2COLLECTIVEAGENDA,N
9309,J_1,A2CONTROLGOV,N
9309,J_1,A2CONTROLBANKS,N
9309,J_1,A2CONTROLMEDIA,N
9309,J_1,A2LOYALTY,N
9309,J_1,A2DISEASE,N
9309,J_1,A3WEALTH,N
9309,J_1,A3STINGY,N
9309,J_1,A3UNPATRIOTIC,N
9309,J_1,A3CARICATURE,N
9309,J_1,A3VIOLENCE,N
9309,J_1,A3SYNAGOGUE,N
9309,J_1,A3SWASTIKA,N
9309,J_1,A3DISCRIMINATION,N
32861,J_1,A1ESSENTIAL,N
32861,J_1,A2EVIL,N
32861,J_1,A2CONSPIRACY,N
32861,J_1,A2HIDDENPOWER,N
32861,J_1,A2COLLECTIVEAGENDA,N
32861,J_1,A2CONTROLGOV,N
32861,J_1,A2CONTROLBANKS,N
32861,J_1,A2CONTROLMEDIA,N
32861,J_1,A2LOYALTY,N
32861,J_1,A2DISEASE,N
32861,J_1,A3WEALTH,N
32861,J_1,A3STINGY,N
32861,J_1,A3UNPATRIOTIC,N
32861,J_1,A3CARICATURE,N
32861,J_1,A3VIOLENCE,N
32861,J_1,A3SYNAGOGUE,N
32861,J_1,A3SWASTIKA,N
32861,J_1,A3DISCRIMINATION,N
17286,J_1,A1ESSENTIAL,N
17286,J_1,A2EVIL,N
17286,J_1,A2CONSPIRACY,N
17286,J_1,A2HIDDENPOWER,N
17286,J_1,A2COLLECTIVEAGENDA,N
17286,J_1,A2CONTROLGOV,N
17286,J_1,A2CONTROLBANKS,N
17286,J_1,A2CONTROLMEDIA,N
17286,J_1,A2LOYALTY,N
17286,J_1,A2DISEASE,N
17286,J_1,A3WEALTH,N
17286,J_1,A3STINGY,N
17286,J_1,A3UNPATRIOTIC,N
17286,J_1,A3CARICATURE,N
17286,J_1,A3VIOLENCE,N
17286,J_1,A3SYNAGOGUE,N
17286,J_1,A3SWASTIKA,N
17286,J_1,A3DISCRIMINATION,N
48195,J_1,A1ESSENTIAL,N
48195,J_1,A2EVIL,N
48195,J_1,A2CONSPIRACY,N
48195,J_1,A2HIDDENPOWER,N
48195,J_1,A2COLLECTIVEAGENDA,N
48195,J_1,A2CONTROLGOV,N
48195,J_1,A2CONTROLBANKS,N
48195,J_1,A2CONTROLMEDIA,N
48195,J_1,A2LOYALTY,N
48195,J_1,A2DISEASE,N
48195,J_1,A3WEALTH,N
48195,J_1,A3STINGY,N
48195,J_1,A3UNPATRIOTIC,N
48195,J_1,A3CARICATURE,N
48195,J_1,A3VIOLENCE,N
48195,J_1,A3SYNAGOGUE,N
48195,J_1,A3SWASTIKA,N
48195,J_1,A3DISCRIMINATION,N
382,J_1,A1ESSENTIAL,N
382,J_1,A2EVIL,N
382,J_1,A2CONSPIRACY,N
382,J_1,A2HIDDENPOWER,N
382,J_1,A2COLLECTIVEAGENDA,N
382,J_1,A2CONTROLGOV,N
382,J_1,A2CONTROLBANKS,N
382,J_1,A2CONTROLMEDIA,N
382,J_1,A2LOYALTY,N
382,J_1,A2DISEASE,N
382,J_1,A3WEALTH,N
382,J_1,A3STINGY,N
382,J_1,A3UNPATRIOTIC,N
382,J_1,A3CARICATURE,N
382,J_1,A3VIOLENCE,N
382,J_1,A3SYNAGOGUE,N
382,J_1,A3SWASTIKA,N
382,J_1,A3DISCRIMINATION,N
37722,J_1,A1ESSENTIAL,N
37722,J_1,A2EVIL,N
37722,J_1,A2CONSPIRACY,N
37722,J_1,A2HIDDENPOWER,N
37722,J_1,A2COLLECTIVEAGENDA,N
37722,J_1,A2CONTROLGOV,N
37722,J_1,A2CONTROLBANKS,N
37722,J_1,A2CONTROLMEDIA,N
37722,J_1,A2LOYALTY,N
37722,J_1,A2DISEASE,N
37722,J_1,A3WEALTH,N
37722,J_1,A3STINGY,N
37722,J_1,A3UNPATRIOTIC,N
37722,J_1,A3CARICATURE,N
37722,J_1,A3VIOLENCE,N
37722,J_1,A3SYNAGOGUE,N
37722,J_1,A3SWASTIKA,N
37722,J_1,A3DISCRIMINATION,N
37352,J_1,A1ESSENTIAL,N
37352,J_1,A2EVIL,N
37352,J_1,A2CONSPIRACY,N
37352,J_1,A2HIDDENPOWER,N
37352,J_1,A2COLLECTIVEAGENDA,N
37352,J_1,A2CONTROLGOV,N
37352,J_1,A2CONTROLBANKS,N
37352,J_1,A2CONTROLMEDIA,N
37352,J_1,A2LOYALTY,N
37352,J_1,A2DISEASE,N
37352,J_1,A3WEALTH,N
37352,J_1,A3STINGY,N
37352,J_1,A3UNPATRIOTIC,N
37352,J_1,A3CARICATURE,N
37352,J_1,A3VIOLENCE,N
37352,J_1,A3SYNAGOGUE,N
37352,J_1,A3SWASTIKA,N
37352,J_1,A3DISCRIMINATION,N
4440,J_1,A1ESSENTIAL,N
4440,J_1,A2EVIL,N
4440,J_1,A2CONSPIRACY,N
4440,J_1,A2HIDDENPOWER,N
4440,J_1,A2COLLECTIVEAGENDA,N
4440,J_1,A2CONTROLGOV,N
4440,J_1,A2CONTROLBANKS,N
4440,J_1,A2CONTROLMEDIA,N
4440,J_1,A2LOYALTY,N
4440,J_1,A2DISEASE,N
4440,J_1,A3WEALTH,N
4440,J_1,A3STINGY,N
4440,J_1,A3UNPATRIOTIC,N
4440,J_1,A3CARICATURE,N
4440,J_1,A3VIOLENCE,N
4440,J_1,A3SYNAGOGUE,N
4440,J_1,A3SWASTIKA,N
4440,J_1,A3DISCRIMINATION,N
20041,J_1,A1ESSENTIAL,N
20041,J_1,A2EVIL,N
20041,J_1,A2CONSPIRACY,N
20041,J_1,A2HIDDENPOWER,N
20041,J_1,A2COLLECTIVEAGENDA,N
20041,J_1,A2CONTROLGOV,N
20041,J_1,A2CONTROLBANKS,N
20041,J_1,A2CONTROLMEDIA,N
20041,J_1,A2LOYALTY,N
20041,J_1,A2DISEASE,N
20041,J_1,A3WEALTH,N
20041,J_1,A3STINGY,N
20041,J_1,A3UNPATRIOTIC,N
20041,J_1,A3CARICATURE,N
20041,J_1,A3VIOLENCE,N
20041,J_1,A3SYNAGOGUE,N
20041,J_1,A3SWASTIKA,N
20041,J_1,A3DISCRIMINATION,N
43927,J_1,A1ESSENTIAL,N
43927,J_1,A2EVIL,N
43927,J_1,A2CONSPIRACY,N
43927,J_1,A2HIDDENPOWER,N
43927,J_1,A2COLLECTIVEAGENDA,N
43927,J_1,A2CONTROLGOV,N
43927,J_1,A2CONTROLBANKS,N
43927,J_1,A2CONTROLMEDIA,N
43927,J_1,A2LOYALTY,N
43927,J_1,A2DISEASE,N
43927,J_1,A3WEALTH,N
43927,J_1,A3STINGY,N
43927,J_1,A3UNPATRIOTIC,N
43927,J_1,A3CARICATURE,N
43927,J_1,A3VIOLENCE,I
43927,J_1,A3SYNAGOGUE,E
43927,J_1,A3SWASTIKA,N
43927,J_1,A3DISCRIMINATION,N
41445,J_1,A1ESSENTIAL,N
41445,J_1,A2EVIL,N
41445,J_1,A2CONSPIRACY,N
41445,J_1,A2HIDDENPOWER,N
41445,J_1,A2COLLECTIVEAGENDA,N
41445,J_1,A2CONTROLGOV,N
41445,J_1,A2CONTROLBANKS,N
41445,J_1,A2CONTROLMEDIA,N
41445,J_1,A2LOYALTY,N
41445,J_1,A2DISEASE,N
41445,J_1,A3WEALTH,N
41445,J_1,A3STINGY,N
41445,J_1,A3UNPATRIOTIC,N
41445,J_1,A3CARICATURE,N
41445,J_1,A3VIOLENCE,N
41445,J_1,A3SYNAGOGUE,N
41445,J_1,A3SWASTIKA,N
41445,J_1,A3DISCRIMINATION,N
8699,J_1,A1ESSENTIAL,N
8699,J_1,A2EVIL,N
8699,J_1,A2CONSPIRACY,N
8699,J_1,A2HIDDENPOWER,N
8699,J_1,A2COLLECTIVEAGENDA,N
8699,J_1,A2CONTROLGOV,N
8699,J_1,A2CONTROLBANKS,N
8699,J_1,A2CONTROLMEDIA,N
8699,J_1,A2LOYALTY,N
8699,J_1,A2DISEASE,N
8699,J_1,A3WEALTH,N
8699,J_1,A3STINGY,N
8699,J_1,A3UNPATRIOTIC,N
8699,J_1,A3CARICATURE,N
8699,J_1,A3VIOLENCE,N
8699,J_1,A3SYNAGOGUE,N
8699,J_1,A3SWASTIKA,N
8699,J_1,A3DISCRIMINATION,N
47605,J_1,A1ESSENTIAL,N
47605,J_1,A2EVIL,N
47605,J_1,A2CONSPIRACY,N
47605,J_1,A2HIDDENPOWER,N
47605,J_1,A2COLLECTIVEAGENDA,N
47605,J_1,A2CONTROLGOV,N
47605,J_1,A2CONTROLBANKS,N
47605,J_1,A2CONTROLMEDIA,N
47605,J_1,A2LOYALTY,N
47605,J_1,A2DISEASE,N
47605,J_1,A3WEALTH,N
47605,J_1,A3STINGY,N
47605,J_1,A3UNPATRIOTIC,N
47605,J_1,A3CARICATURE,N
47605,J_1,A3VIOLENCE,N
47605,J_1,A3SYNAGOGUE,N
47605,J_1,A3SWASTIKA,N
47605,J_1,A3DISCRIMINATION,N
2065,J_1,A1ESSENTIAL,N
2065,J_1,A2EVIL,N
2065,J_1,A2CONSPIRACY,N
2065,J_1,A2HIDDENPOWER,N
2065,J_1,A2COLLECTIVEAGENDA,N
2065,J_1,A2CONTROLGOV,N
2065,J_1,A2CONTROLBANKS,N
2065,J_1,A2CONTROLMEDIA,N
2065,J_1,A2LOYALTY,N
2065,J_1,A2DISEASE,N
2065,J_1,A3WEALTH,N
2065,J_1,A3STINGY,N
2065,J_1,A3UNPATRIOTIC,N
2065,J_1,A3CARICATURE,N
2065,J_1,A3VIOLENCE,N
2065,J_1,A3SYNAGOGUE,N
2065,J_1,A3SWASTIKA,N
2065,J_1,A3DISCRIMINATION,N
40852,J_1,A1ESSENTIAL,I
40852,J_1,A2EVIL,I
40852,J_1,A2CONSPIRACY,I
40852,J_1,A2HIDDENPOWER,I
40852,J_1,A2COLLECTIVEAGENDA,I
40852,J_1,A2CONTROLGOV,I
40852,J_1,A2CONTROLBANKS,N
40852,J_1,A2CONTROLMEDIA,N
40852,J_1,A2LOYALTY,N
40852,J_1,A2DISEASE,N
40852,J_1,A3WEALTH,N
40852,J_1,A3STINGY,N
40852,J_1,A3UNPATRIOTIC,N
40852,J_1,A3CARICATURE,N
40852,J_1,A3VIOLENCE,N
40852,J_1,A3SYNAGOGUE,N
40852,J_1,A3SWASTIKA,N
40852,J_1,A3DISCRIMINATION,N
9364,J_1,A1ESSENTIAL,N
9364,J_1,A2EVIL,N
9364,J_1,A2CONSPIRACY,N
9364,J_1,A2HIDDENPOWER,N
9364,J_1,A2COLLECTIVEAGENDA,N
9364,J_1,A2CONTROLGOV,N
9364,J_1,A2CONTROLBANKS,N
9364,J_1,A2CONTROLMEDIA,N
9364,J_1,A2LOYALTY,N
9364,J_1,A2DISEASE,N
9364,J_1,A3WEALTH,N
9364,J_1,A3STINGY,N
9364,J_1,A3UNPATRIOTIC,N
9364,J_1,A3CARICATURE,N
9364,J_1,A3VIOLENCE,N
9364,J_1,A3SYNAGOGUE,N
9364,J_1,A3SWASTIKA,N
9364,J_1,A3DISCRIMINATION,N
16347,J_1,A1ESSENTIAL,N
16347,J_1,A2EVIL,N
16347,J_1,A2CONSPIRACY,N
16347,J_1,A2HIDDENPOWER,N
16347,J_1,A2COLLECTIVEAGENDA,N
16347,J_1,A2CONTROLGOV,N
16347,J_1,A2CONTROLBANKS,N
16347,J_1,A2CONTROLMEDIA,N
16347,J_1,A2LOYALTY,N
16347,J_1,A2DISEASE,N
16347,J_1,A3WEALTH,N
16347,J_1,A3STINGY,N
16347,J_1,A3UNPATRIOTIC,N
16347,J_1,A3CARICATURE,N
16347,J_1,A3VIOLENCE,E
16347,J_1,A3SYNAGOGUE,N
16347,J_1,A3SWASTIKA,N
16347,J_1,A3DISCRIMINATION,N
909,J_1,A1ESSENTIAL,N
909,J_1,A2EVIL,N
909,J_1,A2CONSPIRACY,N
909,J_1,A2HIDDENPOWER,N
909,J_1,A2COLLECTIVEAGENDA,N
909,J_1,A2CONTROLGOV,N
909,J_1,A2CONTROLBANKS,N
909,J_1,A2CONTROLMEDIA,N
909,J_1,A2LOYALTY,N
909,J_1,A2DISEASE,N
909,J_1,A3WEALTH,N
909,J_1,A3STINGY,N
909,J_1,A3UNPATRIOTIC,N
909,J_1,A3CARICATURE,N
909,J_1,A3VIOLENCE,N
909,J_1,A3SYNAGOGUE,N
909,J_1,A3SWASTIKA,N
909,J_1,A3DISCRIMINATION,N
12020,J_1,A1ESSENTIAL,N
12020,J_1,A2EVIL,N
12020,J_1,A2CONSPIRACY,N
12020,J_1,A2HIDDENPOWER,N
12020,J_1,A2COLLECTIVEAGENDA,N
12020,J_1,A2CONTROLGOV,N
12020,J_1,A2CONTROLBANKS,N
12020,J_1,A2CONTROLMEDIA,N
12020,J_1,A2LOYALTY,N
12020,J_1,A2DISEASE,N
12020,J_1,A3WEALTH,N
12020,J_1,A3STINGY,N
12020,J_1,A3UNPATRIOTIC,N
12020,J_1,A3CARICATURE,N
12020,J_1,A3VIOLENCE,N
12020,J_1,A3SYNAGOGUE,N
12020,J_1,A3SWASTIKA,N
12020,J_1,A3DISCRIMINATION,N
12255,J_1,A1ESSENTIAL,N
12255,J_1,A2EVIL,N
12255,J_1,A2CONSPIRACY,N
12255,J_1,A2HIDDENPOWER,N
12255,J_1,A2COLLECTIVEAGENDA,N
12255,J_1,A2CONTROLGOV,N
12255,J_1,A2CONTROLBANKS,N
12255,J_1,A2CONTROLMEDIA,N
12255,J_1,A2LOYALTY,N
12255,J_1,A2DISEASE,N
12255,J_1,A3WEALTH,N
12255,J_1,A3STINGY,N
12255,J_1,A3UNPATRIOTIC,N
12255,J_1,A3CARICATURE,N
12255,J_1,A3VIOLENCE,N
12255,J_1,A3SYNAGOGUE,N
12255,J_1,A3SWASTIKA,N
12255,J_1,A3DISCRIMINATION,N
30715,J_1,A1ESSENTIAL,E
30715,J_1,A2EVIL,E
30715,J_1,A2CONSPIRACY,N
30715,J_1,A2HIDDENPOWER,N
30715,J_1,A2COLLECTIVEAGENDA,N
30715,J_1,A2CONTROLGOV,N
30715,J_1,A2CONTROLBANKS,N
30715,J_1,A2CONTROLMEDIA,N
30715,J_1,A2LOYALTY,N
30715,J_1,A2DISEASE,N
30715,J_1,A3WEALTH,N
30715,J_1,A3STINGY,N
30715,J_1,A3UNPATRIOTIC,N
30715,J_1,A3CARICATURE,N
30715,J_1,A3VIOLENCE,N
30715,J_1,A3SYNAGOGUE,N
30715,J_1,A3SWASTIKA,N
30715,J_1,A3DISCRIMINATION,N
3244,J_1,A1ESSENTIAL,N
3244,J_1,A2EVIL,N
3244,J_1,A2CONSPIRACY,N
3244,J_1,A2HIDDENPOWER,N
3244,J_1,A2COLLECTIVEAGENDA,N
3244,J_1,A2CONTROLGOV,N
3244,J_1,A2CONTROLBANKS,N
3244,J_1,A2CONTROLMEDIA,N
3244,J_1,A2LOYALTY,N
3244,J_1,A2DISEASE,N
3244,J_1,A3WEALTH,N
3244,J_1,A3STINGY,N
3244,J_1,A3UNPATRIOTIC,N
3244,J_1,A3CARICATURE,N
3244,J_1,A3VIOLENCE,N
3244,J_1,A3SYNAGOGUE,N
3244,J_1,A3SWASTIKA,N
3244,J_1,A3DISCRIMINATION,N
33996,J_1,A1ESSENTIAL,E
33996,J_1,A2EVIL,I
33996,J_1,A2CONSPIRACY,N
33996,J_1,A2HIDDENPOWER,N
33996,J_1,A2COLLECTIVEAGENDA,I
33996,J_1,A2CONTROLGOV,N
33996,J_1,A2CONTROLBANKS,N
33996,J_1,A2CONTROLMEDIA,N
33996,J_1,A2LOYALTY,N
33996,J_1,A2DISEASE,N
33996,J_1,A3WEALTH,N
33996,J_1,A3STINGY,N
33996,J_1,A3UNPATRIOTIC,N
33996,J_1,A3CARICATURE,I
33996,J_1,A3VIOLENCE,N
33996,J_1,A3SYNAGOGUE,N
33996,J_1,A3SWASTIKA,N
33996,J_1,A3DISCRIMINATION,N
20426,J_1,A1ESSENTIAL,N
20426,J_1,A2EVIL,N
20426,J_1,A2CONSPIRACY,N
20426,J_1,A2HIDDENPOWER,N
20426,J_1,A2COLLECTIVEAGENDA,N
20426,J_1,A2CONTROLGOV,N
20426,J_1,A2CONTROLBANKS,N
20426,J_1,A2CONTROLMEDIA,N
20426,J_1,A2LOYALTY,N
20426,J_1,A2DISEASE,N
20426,J_1,A3WEALTH,N
20426,J_1,A3STINGY,N
20426,J_1,A3UNPATRIOTIC,N
20426,J_1,A3CARICATURE,N
20426,J_1,A3VIOLENCE,N
20426,J_1,A3SYNAGOGUE,N
20426,J_1,A3SWASTIKA,N
20426,J_1,A3DISCRIMINATION,N
27558,J_1,A1ESSENTIAL,N
27558,J_1,A2EVIL,N
27558,J_1,A2CONSPIRACY,N
27558,J_1,A2HIDDENPOWER,N
27558,J_1,A2COLLECTIVEAGENDA,N
27558,J_1,A2CONTROLGOV,N
27558,J_1,A2CONTROLBANKS,N
27558,J_1,A2CONTROLMEDIA,N
27558,J_1,A2LOYALTY,N
27558,J_1,A2DISEASE,N
27558,J_1,A3WEALTH,N
27558,J_1,A3STINGY,N
27558,J_1,A3UNPATRIOTIC,N
27558,J_1,A3CARICATURE,N
27558,J_1,A3VIOLENCE,N
27558,J_1,A3SYNAGOGUE,N
27558,J_1,A3SWASTIKA,N
27558,J_1,A3DISCRIMINATION,N
19154,J_1,A1ESSENTIAL,N
19154,J_1,A2EVIL,N
19154,J_1,A2CONSPIRACY,I
19154,J_1,A2HIDDENPOWER,N
19154,J_1,A2COLLECTIVEAGENDA,I
19154,J_1,A2CONTROLGOV,N
19154,J_1,A2CONTROLBANKS,N
19154,J_1,A2CONTROLMEDIA,N
19154,J_1,A2LOYALTY,N
19154,J_1,A2DISEASE,N
19154,J_1,A3WEALTH,N
19154,J_1,A3STINGY,N
19154,J_1,A3UNPATRIOTIC,N
19154,J_1,A3CARICATURE,I
19154,J_1,A3VIOLENCE,N
19154,J_1,A3SYNAGOGUE,N
19154,J_1,A3SWASTIKA,N
19154,J_1,A3DISCRIMINATION,N
31555,J_1,A1ESSENTIAL,I
31555,J_1,A2EVIL,I
31555,J_1,A2CONSPIRACY,N
31555,J_1,A2HIDDENPOWER,N
31555,J_1,A2COLLECTIVEAGENDA,I
31555,J_1,A2CONTROLGOV,N
31555,J_1,A2CONTROLBANKS,N
31555,J_1,A2CONTROLMEDIA,N
31555,J_1,A2LOYALTY,N
31555,J_1,A2DISEASE,N
31555,J_1,A3WEALTH,N
31555,J_1,A3STINGY,N
31555,J_1,A3UNPATRIOTIC,N
31555,J_1,A3CARICATURE,N
31555,J_1,A3VIOLENCE,N
31555,J_1,A3SYNAGOGUE,N
31555,J_1,A3SWASTIKA,N
31555,J_1,A3DISCRIMINATION,N
15659,J_1,A1ESSENTIAL,N
15659,J_1,A2EVIL,N
15659,J_1,A2CONSPIRACY,N
15659,J_1,A2HIDDENPOWER,N
15659,J_1,A2COLLECTIVEAGENDA,N
15659,J_1,A2CONTROLGOV,N
15659,J_1,A2CONTROLBANKS,N
15659,J_1,A2CONTROLMEDIA,N
15659,J_1,A2LOYALTY,N
15659,J_1,A2DISEASE,N
15659,J_1,A3WEALTH,N
15659,J_1,A3STINGY,N
15659,J_1,A3UNPATRIOTIC,N
15659,J_1,A3CARICATURE,N
15659,J_1,A3VIOLENCE,N
15659,J_1,A3SYNAGOGUE,N
15659,J_1,A3SWASTIKA,N
15659,J_1,A3DISCRIMINATION,N
29897,J_1,A1ESSENTIAL,N
29897,J_1,A2EVIL,N
29897,J_1,A2CONSPIRACY,N
29897,J_1,A2HIDDENPOWER,N
29897,J_1,A2COLLECTIVEAGENDA,N
29897,J_1,A2CONTROLGOV,N
29897,J_1,A2CONTROLBANKS,N
29897,J_1,A2CONTROLMEDIA,N
29897,J_1,A2LOYALTY,N
29897,J_1,A2DISEASE,N
29897,J_1,A3WEALTH,N
29897,J_1,A3STINGY,N
29897,J_1,A3UNPATRIOTIC,N
29897,J_1,A3CARICATURE,N
29897,J_1,A3VIOLENCE,N
29897,J_1,A3SYNAGOGUE,N
29897,J_1,A3SWASTIKA,N
29897,J_1,A3DISCRIMINATION,N
4172,J_1,A1ESSENTIAL,N
4172,J_1,A2EVIL,N
4172,J_1,A2CONSPIRACY,N
4172,J_1,A2HIDDENPOWER,N
4172,J_1,A2COLLECTIVEAGENDA,N
4172,J_1,A2CONTROLGOV,N
4172,J_1,A2CONTROLBANKS,N
4172,J_1,A2CONTROLMEDIA,N
4172,J_1,A2LOYALTY,N
4172,J_1,A2DISEASE,N
4172,J_1,A3WEALTH,N
4172,J_1,A3STINGY,N
4172,J_1,A3UNPATRIOTIC,N
4172,J_1,A3CARICATURE,N
4172,J_1,A3VIOLENCE,N
4172,J_1,A3SYNAGOGUE,N
4172,J_1,A3SWASTIKA,N
4172,J_1,A3DISCRIMINATION,N
46874,J_1,A1ESSENTIAL,E
46874,J_1,A2EVIL,E
46874,J_1,A2CONSPIRACY,N
46874,J_1,A2HIDDENPOWER,N
46874,J_1,A2COLLECTIVEAGENDA,N
46874,J_1,A2CONTROLGOV,N
46874,J_1,A2CONTROLBANKS,N
46874,J_1,A2CONTROLMEDIA,N
46874,J_1,A2LOYALTY,N
46874,J_1,A2DISEASE,N
46874,J_1,A3WEALTH,N
46874,J_1,A3STINGY,N
46874,J_1,A3UNPATRIOTIC,N
46874,J_1,A3CARICATURE,N
46874,J_1,A3VIOLENCE,N
46874,J_1,A3SYNAGOGUE,N
46874,J_1,A3SWASTIKA,N
46874,J_1,A3DISCRIMINATION,N
18940,J_1,A1ESSENTIAL,N
18940,J_1,A2EVIL,N
18940,J_1,A2CONSPIRACY,N
18940,J_1,A2HIDDENPOWER,N
18940,J_1,A2COLLECTIVEAGENDA,N
18940,J_1,A2CONTROLGOV,N
18940,J_1,A2CONTROLBANKS,N
18940,J_1,A2CONTROLMEDIA,N
18940,J_1,A2LOYALTY,N
18940,J_1,A2DISEASE,N
18940,J_1,A3WEALTH,N
18940,J_1,A3STINGY,N
18940,J_1,A3UNPATRIOTIC,N
18940,J_1,A3CARICATURE,N
18940,J_1,A3VIOLENCE,N
18940,J_1,A3SYNAGOGUE,N
18940,J_1,A3SWASTIKA,N
18940,J_1,A3DISCRIMINATION,N
37355,J_1,A1ESSENTIAL,N
37355,J_1,A2EVIL,N
37355,J_1,A2CONSPIRACY,N
37355,J_1,A2HIDDENPOWER,N
37355,J_1,A2COLLECTIVEAGENDA,N
37355,J_1,A2CONTROLGOV,N
37355,J_1,A2CONTROLBANKS,N
37355,J_1,A2CONTROLMEDIA,N
37355,J_1,A2LOYALTY,N
37355,J_1,A2DISEASE,N
37355,J_1,A3WEALTH,N
37355,J_1,A3STINGY,N
37355,J_1,A3UNPATRIOTIC,N
37355,J_1,A3CARICATURE,N
37355,J_1,A3VIOLENCE,N
37355,J_1,A3SYNAGOGUE,N
37355,J_1,A3SWASTIKA,N
37355,J_1,A3DISCRIMINATION,N
17779,J_1,A1ESSENTIAL,N
17779,J_1,A2EVIL,N
17779,J_1,A2CONSPIRACY,N
17779,J_1,A2HIDDENPOWER,N
17779,J_1,A2COLLECTIVEAGENDA,N
17779,J_1,A2CONTROLGOV,N
17779,J_1,A2CONTROLBANKS,N
17779,J_1,A2CONTROLMEDIA,N
17779,J_1,A2LOYALTY,N
17779,J_1,A2DISEASE,N
17779,J_1,A3WEALTH,N
17779,J_1,A3STINGY,N
17779,J_1,A3UNPATRIOTIC,N
17779,J_1,A3CARICATURE,N
17779,J_1,A3VIOLENCE,N
17779,J_1,A3SYNAGOGUE,N
17779,J_1,A3SWASTIKA,N
17779,J_1,A3DISCRIMINATION,N
47654,J_1,A1ESSENTIAL,A
47654,J_1,A2EVIL,A
47654,J_1,A2CONSPIRACY,N
47654,J_1,A2HIDDENPOWER,N
47654,J_1,A2COLLECTIVEAGENDA,N
47654,J_1,A2CONTROLGOV,N
47654,J_1,A2CONTROLBANKS,N
47654,J_1,A2CONTROLMEDIA,N
47654,J_1,A2LOYALTY,N
47654,J_1,A2DISEASE,N
47654,J_1,A3WEALTH,N
47654,J_1,A3STINGY,N
47654,J_1,A3UNPATRIOTIC,N
47654,J_1,A3CARICATURE,N
47654,J_1,A3VIOLENCE,N
47654,J_1,A3SYNAGOGUE,N
47654,J_1,A3SWASTIKA,N
47654,J_1,A3DISCRIMINATION,N
15837,J_1,A1ESSENTIAL,N
15837,J_1,A2EVIL,N
15837,J_1,A2CONSPIRACY,N
15837,J_1,A2HIDDENPOWER,N
15837,J_1,A2COLLECTIVEAGENDA,N
15837,J_1,A2CONTROLGOV,N
15837,J_1,A2CONTROLBANKS,N
15837,J_1,A2CONTROLMEDIA,N
15837,J_1,A2LOYALTY,N
15837,J_1,A2DISEASE,N
15837,J_1,A3WEALTH,N
15837,J_1,A3STINGY,N
15837,J_1,A3UNPATRIOTIC,N
15837,J_1,A3CARICATURE,N
15837,J_1,A3VIOLENCE,N
15837,J_1,A3SYNAGOGUE,N
15837,J_1,A3SWASTIKA,N
15837,J_1,A3DISCRIMINATION,N
45285,J_1,A1ESSENTIAL,N
45285,J_1,A2EVIL,N
45285,J_1,A2CONSPIRACY,N
45285,J_1,A2HIDDENPOWER,N
45285,J_1,A2COLLECTIVEAGENDA,N
45285,J_1,A2CONTROLGOV,N
45285,J_1,A2CONTROLBANKS,N
45285,J_1,A2CONTROLMEDIA,N
45285,J_1,A2LOYALTY,N
45285,J_1,A2DISEASE,N
45285,J_1,A3WEALTH,N
45285,J_1,A3STINGY,N
45285,J_1,A3UNPATRIOTIC,N
45285,J_1,A3CARICATURE,N
45285,J_1,A3VIOLENCE,N
45285,J_1,A3SYNAGOGUE,N
45285,J_1,A3SWASTIKA,N
45285,J_1,A3DISCRIMINATION,N
8233,J_1,A1ESSENTIAL,N
8233,J_1,A2EVIL,N
8233,J_1,A2CONSPIRACY,N
8233,J_1,A2HIDDENPOWER,N
8233,J_1,A2COLLECTIVEAGENDA,N
8233,J_1,A2CONTROLGOV,N
8233,J_1,A2CONTROLBANKS,N
8233,J_1,A2CONTROLMEDIA,N
8233,J_1,A2LOYALTY,N
8233,J_1,A2DISEASE,N
8233,J_1,A3WEALTH,N
8233,J_1,A3STINGY,N
8233,J_1,A3UNPATRIOTIC,N
8233,J_1,A3CARICATURE,N
8233,J_1,A3VIOLENCE,N
8233,J_1,A3SYNAGOGUE,N
8233,J_1,A3SWASTIKA,N
8233,J_1,A3DISCRIMINATION,N
10370,J_1,A1ESSENTIAL,E
10370,J_1,A2EVIL,I
10370,J_1,A2CONSPIRACY,N
10370,J_1,A2HIDDENPOWER,N
10370,J_1,A2COLLECTIVEAGENDA,I
10370,J_1,A2CONTROLGOV,N
10370,J_1,A2CONTROLBANKS,N
10370,J_1,A2CONTROLMEDIA,N
10370,J_1,A2LOYALTY,I
10370,J_1,A2DISEASE,I
10370,J_1,A3WEALTH,N
10370,J_1,A3STINGY,N
10370,J_1,A3UNPATRIOTIC,I
10370,J_1,A3CARICATURE,N
10370,J_1,A3VIOLENCE,N
10370,J_1,A3SYNAGOGUE,N
10370,J_1,A3SWASTIKA,N
10370,J_1,A3DISCRIMINATION,N
596,J_1,A1ESSENTIAL,N
596,J_1,A2EVIL,N
596,J_1,A2CONSPIRACY,N
596,J_1,A2HIDDENPOWER,N
596,J_1,A2COLLECTIVEAGENDA,N
596,J_1,A2CONTROLGOV,N
596,J_1,A2CONTROLBANKS,N
596,J_1,A2CONTROLMEDIA,N
596,J_1,A2LOYALTY,N
596,J_1,A2DISEASE,N
596,J_1,A3WEALTH,N
596,J_1,A3STINGY,N
596,J_1,A3UNPATRIOTIC,N
596,J_1,A3CARICATURE,N
596,J_1,A3VIOLENCE,N
596,J_1,A3SYNAGOGUE,N
596,J_1,A3SWASTIKA,N
596,J_1,A3DISCRIMINATION,N
49717,J_1,A1ESSENTIAL,I
49717,J_1,A2EVIL,I
49717,J_1,A2CONSPIRACY,I
49717,J_1,A2HIDDENPOWER,I
49717,J_1,A2COLLECTIVEAGENDA,I
49717,J_1,A2CONTROLGOV,I
49717,J_1,A2CONTROLBANKS,N
49717,J_1,A2CONTROLMEDIA,N
49717,J_1,A2LOYALTY,I
49717,J_1,A2DISEASE,N
49717,J_1,A3WEALTH,I
49717,J_1,A3STINGY,N
49717,J_1,A3UNPATRIOTIC,N
49717,J_1,A3CARICATURE,N
49717,J_1,A3VIOLENCE,N
49717,J_1,A3SYNAGOGUE,N
49717,J_1,A3SWASTIKA,N
49717,J_1,A3DISCRIMINATION,N
29247,J_1,A1ESSENTIAL,E
29247,J_1,A2EVIL,I
29247,J_1,A2CONSPIRACY,N
29247,J_1,A2HIDDENPOWER,N
29247,J_1,A2COLLECTIVEAGENDA,N
29247,J_1,A2CONTROLGOV,N
29247,J_1,A2CONTROLBANKS,N
29247,J_1,A2CONTROLMEDIA,N
29247,J_1,A2LOYALTY,N
29247,J_1,A2DISEASE,N
29247,J_1,A3WEALTH,N
29247,J_1,A3STINGY,N
29247,J_1,A3UNPATRIOTIC,N
29247,J_1,A3CARICATURE,N
29247,J_1,A3VIOLENCE,N
29247,J_1,A3SYNAGOGUE,N
29247,J_1,A3SWASTIKA,N
29247,J_1,A3DISCRIMINATION,N
17267,J_1,A1ESSENTIAL,N
17267,J_1,A2EVIL,N
17267,J_1,A2CONSPIRACY,N
17267,J_1,A2HIDDENPOWER,N
17267,J_1,A2COLLECTIVEAGENDA,N
17267,J_1,A2CONTROLGOV,N
17267,J_1,A2CONTROLBANKS,N
17267,J_1,A2CONTROLMEDIA,N
17267,J_1,A2LOYALTY,N
17267,J_1,A2DISEASE,N
17267,J_1,A3WEALTH,N
17267,J_1,A3STINGY,N
17267,J_1,A3UNPATRIOTIC,N
17267,J_1,A3CARICATURE,N
17267,J_1,A3VIOLENCE,N
17267,J_1,A3SYNAGOGUE,N
17267,J_1,A3SWASTIKA,N
17267,J_1,A3DISCRIMINATION,N
47016,J_1,A1ESSENTIAL,N
47016,J_1,A2EVIL,N
47016,J_1,A2CONSPIRACY,N
47016,J_1,A2HIDDENPOWER,N
47016,J_1,A2COLLECTIVEAGENDA,N
47016,J_1,A2CONTROLGOV,N
47016,J_1,A2CONTROLBANKS,N
47016,J_1,A2CONTROLMEDIA,N
47016,J_1,A2LOYALTY,N
47016,J_1,A2DISEASE,N
47016,J_1,A3WEALTH,N
47016,J_1,A3STINGY,N
47016,J_1,A3UNPATRIOTIC,N
47016,J_1,A3CARICATURE,N
47016,J_1,A3VIOLENCE,N
47016,J_1,A3SYNAGOGUE,N
47016,J_1,A3SWASTIKA,N
47016,J_1,A3DISCRIMINATION,N
7703,J_1,A1ESSENTIAL,N
7703,J_1,A2EVIL,N
7703,J_1,A2CONSPIRACY,N
7703,J_1,A2HIDDENPOWER,N
7703,J_1,A2COLLECTIVEAGENDA,N
7703,J_1,A2CONTROLGOV,N
7703,J_1,A2CONTROLBANKS,N
7703,J_1,A2CONTROLMEDIA,N
7703,J_1,A2LOYALTY,N
7703,J_1,A2DISEASE,N
7703,J_1,A3WEALTH,N
7703,J_1,A3STINGY,N
7703,J_1,A3UNPATRIOTIC,N
7703,J_1,A3CARICATURE,N
7703,J_1,A3VIOLENCE,N
7703,J_1,A3SYNAGOGUE,N
7703,J_1,A3SWASTIKA,N
7703,J_1,A3DISCRIMINATION,N
18839,J_1,A1ESSENTIAL,N
18839,J_1,A2EVIL,N
18839,J_1,A2CONSPIRACY,N
18839,J_1,A2HIDDENPOWER,N
18839,J_1,A2COLLECTIVEAGENDA,N
18839,J_1,A2CONTROLGOV,N
18839,J_1,A2CONTROLBANKS,N
18839,J_1,A2CONTROLMEDIA,N
18839,J_1,A2LOYALTY,N
18839,J_1,A2DISEASE,N
18839,J_1,A3WEALTH,N
18839,J_1,A3STINGY,N
18839,J_1,A3UNPATRIOTIC,N
18839,J_1,A3CARICATURE,N
18839,J_1,A3VIOLENCE,N
18839,J_1,A3SYNAGOGUE,N
18839,J_1,A3SWASTIKA,N
18839,J_1,A3DISCRIMINATION,N
35885,J_1,A1ESSENTIAL,N
35885,J_1,A2EVIL,N
35885,J_1,A2CONSPIRACY,N
35885,J_1,A2HIDDENPOWER,N
35885,J_1,A2COLLECTIVEAGENDA,N
35885,J_1,A2CONTROLGOV,N
35885,J_1,A2CONTROLBANKS,N
35885,J_1,A2CONTROLMEDIA,N
35885,J_1,A2LOYALTY,N
35885,J_1,A2DISEASE,N
35885,J_1,A3WEALTH,N
35885,J_1,A3STINGY,N
35885,J_1,A3UNPATRIOTIC,N
35885,J_1,A3CARICATURE,N
35885,J_1,A3VIOLENCE,N
35885,J_1,A3SYNAGOGUE,N
35885,J_1,A3SWASTIKA,N
35885,J_1,A3DISCRIMINATION,N
20568,J_1,A1ESSENTIAL,N
20568,J_1,A2EVIL,N
20568,J_1,A2CONSPIRACY,N
20568,J_1,A2HIDDENPOWER,N
20568,J_1,A2COLLECTIVEAGENDA,N
20568,J_1,A2CONTROLGOV,N
20568,J_1,A2CONTROLBANKS,N
20568,J_1,A2CONTROLMEDIA,N
20568,J_1,A2LOYALTY,N
20568,J_1,A2DISEASE,N
20568,J_1,A3WEALTH,N
20568,J_1,A3STINGY,N
20568,J_1,A3UNPATRIOTIC,N
20568,J_1,A3CARICATURE,N
20568,J_1,A3VIOLENCE,N
20568,J_1,A3SYNAGOGUE,N
20568,J_1,A3SWASTIKA,N
20568,J_1,A3DISCRIMINATION,N
45009,J_1,A1ESSENTIAL,I
45009,J_1,A2EVIL,N
45009,J_1,A2CONSPIRACY,I
45009,J_1,A2HIDDENPOWER,I
45009,J_1,A2COLLECTIVEAGENDA,N
45009,J_1,A2CONTROLGOV,N
45009,J_1,A2CONTROLBANKS,N
45009,J_1,A2CONTROLMEDIA,N
45009,J_1,A2LOYALTY,N
45009,J_1,A2DISEASE,N
45009,J_1,A3WEALTH,I
45009,J_1,A3STINGY,N
45009,J_1,A3UNPATRIOTIC,N
45009,J_1,A3CARICATURE,N
45009,J_1,A3VIOLENCE,N
45009,J_1,A3SYNAGOGUE,N
45009,J_1,A3SWASTIKA,N
45009,J_1,A3DISCRIMINATION,N
44295,J_1,A1ESSENTIAL,I
44295,J_1,A2EVIL,N
44295,J_1,A2CONSPIRACY,N
44295,J_1,A2HIDDENPOWER,N
44295,J_1,A2COLLECTIVEAGENDA,N
44295,J_1,A2CONTROLGOV,N
44295,J_1,A2CONTROLBANKS,N
44295,J_1,A2CONTROLMEDIA,N
44295,J_1,A2LOYALTY,N
44295,J_1,A2DISEASE,N
44295,J_1,A3WEALTH,N
44295,J_1,A3STINGY,N
44295,J_1,A3UNPATRIOTIC,N
44295,J_1,A3CARICATURE,I
44295,J_1,A3VIOLENCE,N
44295,J_1,A3SYNAGOGUE,N
44295,J_1,A3SWASTIKA,N
44295,J_1,A3DISCRIMINATION,N
46605,J_1,A1ESSENTIAL,N
46605,J_1,A2EVIL,N
46605,J_1,A2CONSPIRACY,N
46605,J_1,A2HIDDENPOWER,N
46605,J_1,A2COLLECTIVEAGENDA,N
46605,J_1,A2CONTROLGOV,N
46605,J_1,A2CONTROLBANKS,N
46605,J_1,A2CONTROLMEDIA,N
46605,J_1,A2LOYALTY,N
46605,J_1,A2DISEASE,N
46605,J_1,A3WEALTH,N
46605,J_1,A3STINGY,N
46605,J_1,A3UNPATRIOTIC,N
46605,J_1,A3CARICATURE,N
46605,J_1,A3VIOLENCE,N
46605,J_1,A3SYNAGOGUE,N
46605,J_1,A3SWASTIKA,N
46605,J_1,A3DISCRIMINATION,N
42267,J_1,A1ESSENTIAL,E
42267,J_1,A2EVIL,I
42267,J_1,A2CONSPIRACY,N
42267,J_1,A2HIDDENPOWER,N
42267,J_1,A2COLLECTIVEAGENDA,N
42267,J_1,A2CONTROLGOV,N
42267,J_1,A2CONTROLBANKS,N
42267,J_1,A2CONTROLMEDIA,I
42267,J_1,A2LOYALTY,N
42267,J_1,A2DISEASE,N
42267,J_1,A3WEALTH,N
42267,J_1,A3STINGY,N
42267,J_1,A3UNPATRIOTIC,N
42267,J_1,A3CARICATURE,N
42267,J_1,A3VIOLENCE,N
42267,J_1,A3SYNAGOGUE,N
42267,J_1,A3SWASTIKA,N
42267,J_1,A3DISCRIMINATION,N
4241,J_1,A1ESSENTIAL,E
4241,J_1,A2EVIL,E
4241,J_1,A2CONSPIRACY,N
4241,J_1,A2HIDDENPOWER,N
4241,J_1,A2COLLECTIVEAGENDA,N
4241,J_1,A2CONTROLGOV,N
4241,J_1,A2CONTROLBANKS,N
4241,J_1,A2CONTROLMEDIA,N
4241,J_1,A2LOYALTY,N
4241,J_1,A2DISEASE,N
4241,J_1,A3WEALTH,N
4241,J_1,A3STINGY,N
4241,J_1,A3UNPATRIOTIC,N
4241,J_1,A3CARICATURE,N
4241,J_1,A3VIOLENCE,E
4241,J_1,A3SYNAGOGUE,N
4241,J_1,A3SWASTIKA,N
4241,J_1,A3DISCRIMINATION,N
20389,J_1,A1ESSENTIAL,N
20389,J_1,A2EVIL,N
20389,J_1,A2CONSPIRACY,N
20389,J_1,A2HIDDENPOWER,N
20389,J_1,A2COLLECTIVEAGENDA,N
20389,J_1,A2CONTROLGOV,N
20389,J_1,A2CONTROLBANKS,N
20389,J_1,A2CONTROLMEDIA,N
20389,J_1,A2LOYALTY,N
20389,J_1,A2DISEASE,N
20389,J_1,A3WEALTH,N
20389,J_1,A3STINGY,N
20389,J_1,A3UNPATRIOTIC,N
20389,J_1,A3CARICATURE,N
20389,J_1,A3VIOLENCE,N
20389,J_1,A3SYNAGOGUE,N
20389,J_1,A3SWASTIKA,N
20389,J_1,A3DISCRIMINATION,N
6836,J_1,A1ESSENTIAL,A
6836,J_1,A2EVIL,N
6836,J_1,A2CONSPIRACY,N
6836,J_1,A2HIDDENPOWER,N
6836,J_1,A2COLLECTIVEAGENDA,N
6836,J_1,A2CONTROLGOV,N
6836,J_1,A2CONTROLBANKS,N
6836,J_1,A2CONTROLMEDIA,N
6836,J_1,A2LOYALTY,N
6836,J_1,A2DISEASE,N
6836,J_1,A3WEALTH,N
6836,J_1,A3STINGY,N
6836,J_1,A3UNPATRIOTIC,N
6836,J_1,A3CARICATURE,N
6836,J_1,A3VIOLENCE,N
6836,J_1,A3SYNAGOGUE,N
6836,J_1,A3SWASTIKA,N
6836,J_1,A3DISCRIMINATION,N
4768,J_1,A1ESSENTIAL,N
4768,J_1,A2EVIL,N
4768,J_1,A2CONSPIRACY,N
4768,J_1,A2HIDDENPOWER,N
4768,J_1,A2COLLECTIVEAGENDA,N
4768,J_1,A2CONTROLGOV,N
4768,J_1,A2CONTROLBANKS,N
4768,J_1,A2CONTROLMEDIA,N
4768,J_1,A2LOYALTY,N
4768,J_1,A2DISEASE,N
4768,J_1,A3WEALTH,N
4768,J_1,A3STINGY,N
4768,J_1,A3UNPATRIOTIC,N
4768,J_1,A3CARICATURE,N
4768,J_1,A3VIOLENCE,N
4768,J_1,A3SYNAGOGUE,N
4768,J_1,A3SWASTIKA,N
4768,J_1,A3DISCRIMINATION,N
33340,J_1,A1ESSENTIAL,N
33340,J_1,A2EVIL,N
33340,J_1,A2CONSPIRACY,N
33340,J_1,A2HIDDENPOWER,N
33340,J_1,A2COLLECTIVEAGENDA,N
33340,J_1,A2CONTROLGOV,N
33340,J_1,A2CONTROLBANKS,N
33340,J_1,A2CONTROLMEDIA,N
33340,J_1,A2LOYALTY,N
33340,J_1,A2DISEASE,N
33340,J_1,A3WEALTH,N
33340,J_1,A3STINGY,N
33340,J_1,A3UNPATRIOTIC,N
33340,J_1,A3CARICATURE,N
33340,J_1,A3VIOLENCE,N
33340,J_1,A3SYNAGOGUE,N
33340,J_1,A3SWASTIKA,N
33340,J_1,A3DISCRIMINATION,N
3899,J_1,A1ESSENTIAL,N
3899,J_1,A2EVIL,N
3899,J_1,A2CONSPIRACY,N
3899,J_1,A2HIDDENPOWER,N
3899,J_1,A2COLLECTIVEAGENDA,N
3899,J_1,A2CONTROLGOV,N
3899,J_1,A2CONTROLBANKS,N
3899,J_1,A2CONTROLMEDIA,N
3899,J_1,A2LOYALTY,N
3899,J_1,A2DISEASE,N
3899,J_1,A3WEALTH,N
3899,J_1,A3STINGY,N
3899,J_1,A3UNPATRIOTIC,N
3899,J_1,A3CARICATURE,N
3899,J_1,A3VIOLENCE,N
3899,J_1,A3SYNAGOGUE,N
3899,J_1,A3SWASTIKA,N
3899,J_1,A3DISCRIMINATION,N
30381,J_1,A1ESSENTIAL,N
30381,J_1,A2EVIL,N
30381,J_1,A2CONSPIRACY,N
30381,J_1,A2HIDDENPOWER,N
30381,J_1,A2COLLECTIVEAGENDA,N
30381,J_1,A2CONTROLGOV,N
30381,J_1,A2CONTROLBANKS,N
30381,J_1,A2CONTROLMEDIA,N
30381,J_1,A2LOYALTY,N
30381,J_1,A2DISEASE,N
30381,J_1,A3WEALTH,N
30381,J_1,A3STINGY,N
30381,J_1,A3UNPATRIOTIC,N
30381,J_1,A3CARICATURE,N
30381,J_1,A3VIOLENCE,N
30381,J_1,A3SYNAGOGUE,N
30381,J_1,A3SWASTIKA,N
30381,J_1,A3DISCRIMINATION,N
44588,J_1,A1ESSENTIAL,A
44588,J_1,A2EVIL,N
44588,J_1,A2CONSPIRACY,I
44588,J_1,A2HIDDENPOWER,N
44588,J_1,A2COLLECTIVEAGENDA,N
44588,J_1,A2CONTROLGOV,N
44588,J_1,A2CONTROLBANKS,N
44588,J_1,A2CONTROLMEDIA,I
44588,J_1,A2LOYALTY,N
44588,J_1,A2DISEASE,N
44588,J_1,A3WEALTH,N
44588,J_1,A3STINGY,N
44588,J_1,A3UNPATRIOTIC,N
44588,J_1,A3CARICATURE,N
44588,J_1,A3VIOLENCE,N
44588,J_1,A3SYNAGOGUE,N
44588,J_1,A3SWASTIKA,N
44588,J_1,A3DISCRIMINATION,N
32086,J_1,A1ESSENTIAL,N
32086,J_1,A2EVIL,N
32086,J_1,A2CONSPIRACY,N
32086,J_1,A2HIDDENPOWER,N
32086,J_1,A2COLLECTIVEAGENDA,N
32086,J_1,A2CONTROLGOV,N
32086,J_1,A2CONTROLBANKS,N
32086,J_1,A2CONTROLMEDIA,N
32086,J_1,A2LOYALTY,N
32086,J_1,A2DISEASE,N
32086,J_1,A3WEALTH,N
32086,J_1,A3STINGY,N
32086,J_1,A3UNPATRIOTIC,N
32086,J_1,A3CARICATURE,N
32086,J_1,A3VIOLENCE,N
32086,J_1,A3SYNAGOGUE,N
32086,J_1,A3SWASTIKA,N
32086,J_1,A3DISCRIMINATION,N
4399,J_1,A1ESSENTIAL,N
4399,J_1,A2EVIL,N
4399,J_1,A2CONSPIRACY,N
4399,J_1,A2HIDDENPOWER,N
4399,J_1,A2COLLECTIVEAGENDA,N
4399,J_1,A2CONTROLGOV,N
4399,J_1,A2CONTROLBANKS,N
4399,J_1,A2CONTROLMEDIA,N
4399,J_1,A2LOYALTY,N
4399,J_1,A2DISEASE,N
4399,J_1,A3WEALTH,N
4399,J_1,A3STINGY,N
4399,J_1,A3UNPATRIOTIC,N
4399,J_1,A3CARICATURE,N
4399,J_1,A3VIOLENCE,N
4399,J_1,A3SYNAGOGUE,N
4399,J_1,A3SWASTIKA,N
4399,J_1,A3DISCRIMINATION,N
4318,J_1,A1ESSENTIAL,A
4318,J_1,A2EVIL,N
4318,J_1,A2CONSPIRACY,N
4318,J_1,A2HIDDENPOWER,N
4318,J_1,A2COLLECTIVEAGENDA,N
4318,J_1,A2CONTROLGOV,N
4318,J_1,A2CONTROLBANKS,N
4318,J_1,A2CONTROLMEDIA,N
4318,J_1,A2LOYALTY,N
4318,J_1,A2DISEASE,N
4318,J_1,A3WEALTH,N
4318,J_1,A3STINGY,N
4318,J_1,A3UNPATRIOTIC,N
4318,J_1,A3CARICATURE,N
4318,J_1,A3VIOLENCE,A
4318,J_1,A3SYNAGOGUE,N
4318,J_1,A3SWASTIKA,N
4318,J_1,A3DISCRIMINATION,N
37228,J_1,A1ESSENTIAL,N
37228,J_1,A2EVIL,N
37228,J_1,A2CONSPIRACY,N
37228,J_1,A2HIDDENPOWER,N
37228,J_1,A2COLLECTIVEAGENDA,N
37228,J_1,A2CONTROLGOV,N
37228,J_1,A2CONTROLBANKS,N
37228,J_1,A2CONTROLMEDIA,N
37228,J_1,A2LOYALTY,N
37228,J_1,A2DISEASE,N
37228,J_1,A3WEALTH,N
37228,J_1,A3STINGY,N
37228,J_1,A3UNPATRIOTIC,N
37228,J_1,A3CARICATURE,N
37228,J_1,A3VIOLENCE,N
37228,J_1,A3SYNAGOGUE,N
37228,J_1,A3SWASTIKA,N
37228,J_1,A3DISCRIMINATION,N
42167,J_1,A1ESSENTIAL,E
42167,J_1,A2EVIL,E
42167,J_1,A2CONSPIRACY,N
42167,J_1,A2HIDDENPOWER,N
42167,J_1,A2COLLECTIVEAGENDA,N
42167,J_1,A2CONTROLGOV,N
42167,J_1,A2CONTROLBANKS,N
42167,J_1,A2CONTROLMEDIA,N
42167,J_1,A2LOYALTY,N
42167,J_1,A2DISEASE,N
42167,J_1,A3WEALTH,N
42167,J_1,A3STINGY,N
42167,J_1,A3UNPATRIOTIC,N
42167,J_1,A3CARICATURE,N
42167,J_1,A3VIOLENCE,N
42167,J_1,A3SYNAGOGUE,N
42167,J_1,A3SWASTIKA,N
42167,J_1,A3DISCRIMINATION,N
21931,J_1,A1ESSENTIAL,N
21931,J_1,A2EVIL,N
21931,J_1,A2CONSPIRACY,N
21931,J_1,A2HIDDENPOWER,N
21931,J_1,A2COLLECTIVEAGENDA,N
21931,J_1,A2CONTROLGOV,N
21931,J_1,A2CONTROLBANKS,N
21931,J_1,A2CONTROLMEDIA,N
21931,J_1,A2LOYALTY,N
21931,J_1,A2DISEASE,N
21931,J_1,A3WEALTH,N
21931,J_1,A3STINGY,N
21931,J_1,A3UNPATRIOTIC,N
21931,J_1,A3CARICATURE,N
21931,J_1,A3VIOLENCE,N
21931,J_1,A3SYNAGOGUE,N
21931,J_1,A3SWASTIKA,N
21931,J_1,A3DISCRIMINATION,N
9962,J_1,A1ESSENTIAL,N
9962,J_1,A2EVIL,A
9962,J_1,A2CONSPIRACY,N
9962,J_1,A2HIDDENPOWER,N
9962,J_1,A2COLLECTIVEAGENDA,N
9962,J_1,A2CONTROLGOV,N
9962,J_1,A2CONTROLBANKS,N
9962,J_1,A2CONTROLMEDIA,N
9962,J_1,A2LOYALTY,N
9962,J_1,A2DISEASE,N
9962,J_1,A3WEALTH,N
9962,J_1,A3STINGY,N
9962,J_1,A3UNPATRIOTIC,N
9962,J_1,A3CARICATURE,N
9962,J_1,A3VIOLENCE,N
9962,J_1,A3SYNAGOGUE,N
9962,J_1,A3SWASTIKA,N
9962,J_1,A3DISCRIMINATION,N
23898,J_1,A1ESSENTIAL,E
23898,J_1,A2EVIL,N
23898,J_1,A2CONSPIRACY,I
23898,J_1,A2HIDDENPOWER,I
23898,J_1,A2COLLECTIVEAGENDA,E
23898,J_1,A2CONTROLGOV,N
23898,J_1,A2CONTROLBANKS,N
23898,J_1,A2CONTROLMEDIA,N
23898,J_1,A2LOYALTY,N
23898,J_1,A2DISEASE,N
23898,J_1,A3WEALTH,N
23898,J_1,A3STINGY,N
23898,J_1,A3UNPATRIOTIC,N
23898,J_1,A3CARICATURE,N
23898,J_1,A3VIOLENCE,N
23898,J_1,A3SYNAGOGUE,N
23898,J_1,A3SWASTIKA,N
23898,J_1,A3DISCRIMINATION,N
21753,J_1,A1ESSENTIAL,N
21753,J_1,A2EVIL,N
21753,J_1,A2CONSPIRACY,N
21753,J_1,A2HIDDENPOWER,N
21753,J_1,A2COLLECTIVEAGENDA,N
21753,J_1,A2CONTROLGOV,N
21753,J_1,A2CONTROLBANKS,N
21753,J_1,A2CONTROLMEDIA,N
21753,J_1,A2LOYALTY,N
21753,J_1,A2DISEASE,N
21753,J_1,A3WEALTH,N
21753,J_1,A3STINGY,N
21753,J_1,A3UNPATRIOTIC,N
21753,J_1,A3CARICATURE,N
21753,J_1,A3VIOLENCE,N
21753,J_1,A3SYNAGOGUE,N
21753,J_1,A3SWASTIKA,N
21753,J_1,A3DISCRIMINATION,N
6044,J_1,A1ESSENTIAL,N
6044,J_1,A2EVIL,N
6044,J_1,A2CONSPIRACY,N
6044,J_1,A2HIDDENPOWER,N
6044,J_1,A2COLLECTIVEAGENDA,N
6044,J_1,A2CONTROLGOV,N
6044,J_1,A2CONTROLBANKS,N
6044,J_1,A2CONTROLMEDIA,N
6044,J_1,A2LOYALTY,N
6044,J_1,A2DISEASE,N
6044,J_1,A3WEALTH,N
6044,J_1,A3STINGY,N
6044,J_1,A3UNPATRIOTIC,N
6044,J_1,A3CARICATURE,N
6044,J_1,A3VIOLENCE,N
6044,J_1,A3SYNAGOGUE,N
6044,J_1,A3SWASTIKA,N
6044,J_1,A3DISCRIMINATION,N
43791,J_1,A1ESSENTIAL,N
43791,J_1,A2EVIL,I
43791,J_1,A2CONSPIRACY,N
43791,J_1,A2HIDDENPOWER,N
43791,J_1,A2COLLECTIVEAGENDA,N
43791,J_1,A2CONTROLGOV,N
43791,J_1,A2CONTROLBANKS,N
43791,J_1,A2CONTROLMEDIA,N
43791,J_1,A2LOYALTY,N
43791,J_1,A2DISEASE,N
43791,J_1,A3WEALTH,N
43791,J_1,A3STINGY,N
43791,J_1,A3UNPATRIOTIC,N
43791,J_1,A3CARICATURE,N
43791,J_1,A3VIOLENCE,N
43791,J_1,A3SYNAGOGUE,N
43791,J_1,A3SWASTIKA,N
43791,J_1,A3DISCRIMINATION,N
26795,J_1,A1ESSENTIAL,N
26795,J_1,A2EVIL,N
26795,J_1,A2CONSPIRACY,N
26795,J_1,A2HIDDENPOWER,N
26795,J_1,A2COLLECTIVEAGENDA,N
26795,J_1,A2CONTROLGOV,N
26795,J_1,A2CONTROLBANKS,N
26795,J_1,A2CONTROLMEDIA,N
26795,J_1,A2LOYALTY,N
26795,J_1,A2DISEASE,N
26795,J_1,A3WEALTH,N
26795,J_1,A3STINGY,N
26795,J_1,A3UNPATRIOTIC,N
26795,J_1,A3CARICATURE,N
26795,J_1,A3VIOLENCE,N
26795,J_1,A3SYNAGOGUE,N
26795,J_1,A3SWASTIKA,N
26795,J_1,A3DISCRIMINATION,N
42302,J_1,A1ESSENTIAL,N
42302,J_1,A2EVIL,N
42302,J_1,A2CONSPIRACY,N
42302,J_1,A2HIDDENPOWER,N
42302,J_1,A2COLLECTIVEAGENDA,N
42302,J_1,A2CONTROLGOV,N
42302,J_1,A2CONTROLBANKS,N
42302,J_1,A2CONTROLMEDIA,N
42302,J_1,A2LOYALTY,N
42302,J_1,A2DISEASE,N
42302,J_1,A3WEALTH,N
42302,J_1,A3STINGY,N
42302,J_1,A3UNPATRIOTIC,N
42302,J_1,A3CARICATURE,N
42302,J_1,A3VIOLENCE,N
42302,J_1,A3SYNAGOGUE,N
42302,J_1,A3SWASTIKA,N
42302,J_1,A3DISCRIMINATION,N
48561,J_1,A1ESSENTIAL,N
48561,J_1,A2EVIL,N
48561,J_1,A2CONSPIRACY,N
48561,J_1,A2HIDDENPOWER,N
48561,J_1,A2COLLECTIVEAGENDA,N
48561,J_1,A2CONTROLGOV,N
48561,J_1,A2CONTROLBANKS,N
48561,J_1,A2CONTROLMEDIA,N
48561,J_1,A2LOYALTY,N
48561,J_1,A2DISEASE,N
48561,J_1,A3WEALTH,N
48561,J_1,A3STINGY,N
48561,J_1,A3UNPATRIOTIC,N
48561,J_1,A3CARICATURE,N
48561,J_1,A3VIOLENCE,N
48561,J_1,A3SYNAGOGUE,N
48561,J_1,A3SWASTIKA,N
48561,J_1,A3DISCRIMINATION,N
13642,J_1,A1ESSENTIAL,N
13642,J_1,A2EVIL,N
13642,J_1,A2CONSPIRACY,N
13642,J_1,A2HIDDENPOWER,N
13642,J_1,A2COLLECTIVEAGENDA,N
13642,J_1,A2CONTROLGOV,N
13642,J_1,A2CONTROLBANKS,N
13642,J_1,A2CONTROLMEDIA,N
13642,J_1,A2LOYALTY,N
13642,J_1,A2DISEASE,N
13642,J_1,A3WEALTH,N
13642,J_1,A3STINGY,N
13642,J_1,A3UNPATRIOTIC,N
13642,J_1,A3CARICATURE,N
13642,J_1,A3VIOLENCE,N
13642,J_1,A3SYNAGOGUE,N
13642,J_1,A3SWASTIKA,N
13642,J_1,A3DISCRIMINATION,N
28827,J_1,A1ESSENTIAL,N
28827,J_1,A2EVIL,N
28827,J_1,A2CONSPIRACY,N
28827,J_1,A2HIDDENPOWER,N
28827,J_1,A2COLLECTIVEAGENDA,N
28827,J_1,A2CONTROLGOV,N
28827,J_1,A2CONTROLBANKS,N
28827,J_1,A2CONTROLMEDIA,N
28827,J_1,A2LOYALTY,N
28827,J_1,A2DISEASE,N
28827,J_1,A3WEALTH,N
28827,J_1,A3STINGY,N
28827,J_1,A3UNPATRIOTIC,N
28827,J_1,A3CARICATURE,N
28827,J_1,A3VIOLENCE,N
28827,J_1,A3SYNAGOGUE,N
28827,J_1,A3SWASTIKA,N
28827,J_1,A3DISCRIMINATION,N
49568,J_1,A1ESSENTIAL,N
49568,J_1,A2EVIL,N
49568,J_1,A2CONSPIRACY,N
49568,J_1,A2HIDDENPOWER,N
49568,J_1,A2COLLECTIVEAGENDA,N
49568,J_1,A2CONTROLGOV,N
49568,J_1,A2CONTROLBANKS,N
49568,J_1,A2CONTROLMEDIA,N
49568,J_1,A2LOYALTY,N
49568,J_1,A2DISEASE,N
49568,J_1,A3WEALTH,N
49568,J_1,A3STINGY,N
49568,J_1,A3UNPATRIOTIC,N
49568,J_1,A3CARICATURE,N
49568,J_1,A3VIOLENCE,N
49568,J_1,A3SYNAGOGUE,N
49568,J_1,A3SWASTIKA,N
49568,J_1,A3DISCRIMINATION,N
15805,J_1,A1ESSENTIAL,N
15805,J_1,A2EVIL,N
15805,J_1,A2CONSPIRACY,N
15805,J_1,A2HIDDENPOWER,N
15805,J_1,A2COLLECTIVEAGENDA,N
15805,J_1,A2CONTROLGOV,N
15805,J_1,A2CONTROLBANKS,N
15805,J_1,A2CONTROLMEDIA,N
15805,J_1,A2LOYALTY,N
15805,J_1,A2DISEASE,N
15805,J_1,A3WEALTH,N
15805,J_1,A3STINGY,N
15805,J_1,A3UNPATRIOTIC,N
15805,J_1,A3CARICATURE,N
15805,J_1,A3VIOLENCE,N
15805,J_1,A3SYNAGOGUE,N
15805,J_1,A3SWASTIKA,N
15805,J_1,A3DISCRIMINATION,N
6269,J_1,A1ESSENTIAL,N
6269,J_1,A2EVIL,N
6269,J_1,A2CONSPIRACY,N
6269,J_1,A2HIDDENPOWER,N
6269,J_1,A2COLLECTIVEAGENDA,N
6269,J_1,A2CONTROLGOV,N
6269,J_1,A2CONTROLBANKS,N
6269,J_1,A2CONTROLMEDIA,N
6269,J_1,A2LOYALTY,N
6269,J_1,A2DISEASE,N
6269,J_1,A3WEALTH,N
6269,J_1,A3STINGY,N
6269,J_1,A3UNPATRIOTIC,N
6269,J_1,A3CARICATURE,N
6269,J_1,A3VIOLENCE,N
6269,J_1,A3SYNAGOGUE,N
6269,J_1,A3SWASTIKA,N
6269,J_1,A3DISCRIMINATION,N
5358,J_1,A1ESSENTIAL,E
5358,J_1,A2EVIL,I
5358,J_1,A2CONSPIRACY,N
5358,J_1,A2HIDDENPOWER,N
5358,J_1,A2COLLECTIVEAGENDA,I
5358,J_1,A2CONTROLGOV,N
5358,J_1,A2CONTROLBANKS,N
5358,J_1,A2CONTROLMEDIA,N
5358,J_1,A2LOYALTY,N
5358,J_1,A2DISEASE,N
5358,J_1,A3WEALTH,N
5358,J_1,A3STINGY,N
5358,J_1,A3UNPATRIOTIC,N
5358,J_1,A3CARICATURE,N
5358,J_1,A3VIOLENCE,E
5358,J_1,A3SYNAGOGUE,N
5358,J_1,A3SWASTIKA,N
5358,J_1,A3DISCRIMINATION,N
41952,J_1,A1ESSENTIAL,N
41952,J_1,A2EVIL,N
41952,J_1,A2CONSPIRACY,N
41952,J_1,A2HIDDENPOWER,N
41952,J_1,A2COLLECTIVEAGENDA,N
41952,J_1,A2CONTROLGOV,N
41952,J_1,A2CONTROLBANKS,N
41952,J_1,A2CONTROLMEDIA,N
41952,J_1,A2LOYALTY,N
41952,J_1,A2DISEASE,N
41952,J_1,A3WEALTH,N
41952,J_1,A3STINGY,N
41952,J_1,A3UNPATRIOTIC,N
41952,J_1,A3CARICATURE,N
41952,J_1,A3VIOLENCE,N
41952,J_1,A3SYNAGOGUE,N
41952,J_1,A3SWASTIKA,N
41952,J_1,A3DISCRIMINATION,N
40991,J_1,A1ESSENTIAL,N
40991,J_1,A2EVIL,N
40991,J_1,A2CONSPIRACY,N
40991,J_1,A2HIDDENPOWER,N
40991,J_1,A2COLLECTIVEAGENDA,N
40991,J_1,A2CONTROLGOV,N
40991,J_1,A2CONTROLBANKS,N
40991,J_1,A2CONTROLMEDIA,N
40991,J_1,A2LOYALTY,N
40991,J_1,A2DISEASE,N
40991,J_1,A3WEALTH,N
40991,J_1,A3STINGY,N
40991,J_1,A3UNPATRIOTIC,N
40991,J_1,A3CARICATURE,N
40991,J_1,A3VIOLENCE,N
40991,J_1,A3SYNAGOGUE,N
40991,J_1,A3SWASTIKA,N
40991,J_1,A3DISCRIMINATION,N
9404,J_1,A1ESSENTIAL,N
9404,J_1,A2EVIL,N
9404,J_1,A2CONSPIRACY,N
9404,J_1,A2HIDDENPOWER,N
9404,J_1,A2COLLECTIVEAGENDA,N
9404,J_1,A2CONTROLGOV,N
9404,J_1,A2CONTROLBANKS,N
9404,J_1,A2CONTROLMEDIA,N
9404,J_1,A2LOYALTY,N
9404,J_1,A2DISEASE,N
9404,J_1,A3WEALTH,N
9404,J_1,A3STINGY,N
9404,J_1,A3UNPATRIOTIC,N
9404,J_1,A3CARICATURE,N
9404,J_1,A3VIOLENCE,N
9404,J_1,A3SYNAGOGUE,N
9404,J_1,A3SWASTIKA,N
9404,J_1,A3DISCRIMINATION,N
36814,J_1,A1ESSENTIAL,N
36814,J_1,A2EVIL,N
36814,J_1,A2CONSPIRACY,N
36814,J_1,A2HIDDENPOWER,N
36814,J_1,A2COLLECTIVEAGENDA,N
36814,J_1,A2CONTROLGOV,N
36814,J_1,A2CONTROLBANKS,N
36814,J_1,A2CONTROLMEDIA,N
36814,J_1,A2LOYALTY,N
36814,J_1,A2DISEASE,N
36814,J_1,A3WEALTH,N
36814,J_1,A3STINGY,N
36814,J_1,A3UNPATRIOTIC,N
36814,J_1,A3CARICATURE,N
36814,J_1,A3VIOLENCE,N
36814,J_1,A3SYNAGOGUE,N
36814,J_1,A3SWASTIKA,N
36814,J_1,A3DISCRIMINATION,N
14651,J_1,A1ESSENTIAL,N
14651,J_1,A2EVIL,N
14651,J_1,A2CONSPIRACY,N
14651,J_1,A2HIDDENPOWER,N
14651,J_1,A2COLLECTIVEAGENDA,N
14651,J_1,A2CONTROLGOV,N
14651,J_1,A2CONTROLBANKS,N
14651,J_1,A2CONTROLMEDIA,N
14651,J_1,A2LOYALTY,N
14651,J_1,A2DISEASE,N
14651,J_1,A3WEALTH,N
14651,J_1,A3STINGY,N
14651,J_1,A3UNPATRIOTIC,N
14651,J_1,A3CARICATURE,N
14651,J_1,A3VIOLENCE,N
14651,J_1,A3SYNAGOGUE,N
14651,J_1,A3SWASTIKA,N
14651,J_1,A3DISCRIMINATION,N
10769,J_1,A1ESSENTIAL,N
10769,J_1,A2EVIL,I
10769,J_1,A2CONSPIRACY,N
10769,J_1,A2HIDDENPOWER,N
10769,J_1,A2COLLECTIVEAGENDA,N
10769,J_1,A2CONTROLGOV,N
10769,J_1,A2CONTROLBANKS,N
10769,J_1,A2CONTROLMEDIA,N
10769,J_1,A2LOYALTY,N
10769,J_1,A2DISEASE,N
10769,J_1,A3WEALTH,N
10769,J_1,A3STINGY,N
10769,J_1,A3UNPATRIOTIC,N
10769,J_1,A3CARICATURE,N
10769,J_1,A3VIOLENCE,N
10769,J_1,A3SYNAGOGUE,N
10769,J_1,A3SWASTIKA,N
10769,J_1,A3DISCRIMINATION,N
40049,J_1,A1ESSENTIAL,N
40049,J_1,A2EVIL,N
40049,J_1,A2CONSPIRACY,N
40049,J_1,A2HIDDENPOWER,N
40049,J_1,A2COLLECTIVEAGENDA,N
40049,J_1,A2CONTROLGOV,N
40049,J_1,A2CONTROLBANKS,N
40049,J_1,A2CONTROLMEDIA,N
40049,J_1,A2LOYALTY,N
40049,J_1,A2DISEASE,N
40049,J_1,A3WEALTH,N
40049,J_1,A3STINGY,N
40049,J_1,A3UNPATRIOTIC,N
40049,J_1,A3CARICATURE,N
40049,J_1,A3VIOLENCE,N
40049,J_1,A3SYNAGOGUE,N
40049,J_1,A3SWASTIKA,N
40049,J_1,A3DISCRIMINATION,N
45219,J_1,A1ESSENTIAL,N
45219,J_1,A2EVIL,N
45219,J_1,A2CONSPIRACY,N
45219,J_1,A2HIDDENPOWER,N
45219,J_1,A2COLLECTIVEAGENDA,N
45219,J_1,A2CONTROLGOV,N
45219,J_1,A2CONTROLBANKS,N
45219,J_1,A2CONTROLMEDIA,N
45219,J_1,A2LOYALTY,N
45219,J_1,A2DISEASE,N
45219,J_1,A3WEALTH,N
45219,J_1,A3STINGY,N
45219,J_1,A3UNPATRIOTIC,N
45219,J_1,A3CARICATURE,N
45219,J_1,A3VIOLENCE,N
45219,J_1,A3SYNAGOGUE,N
45219,J_1,A3SWASTIKA,N
45219,J_1,A3DISCRIMINATION,N
15699,J_1,A1ESSENTIAL,N
15699,J_1,A2EVIL,N
15699,J_1,A2CONSPIRACY,N
15699,J_1,A2HIDDENPOWER,N
15699,J_1,A2COLLECTIVEAGENDA,N
15699,J_1,A2CONTROLGOV,N
15699,J_1,A2CONTROLBANKS,N
15699,J_1,A2CONTROLMEDIA,N
15699,J_1,A2LOYALTY,N
15699,J_1,A2DISEASE,N
15699,J_1,A3WEALTH,N
15699,J_1,A3STINGY,N
15699,J_1,A3UNPATRIOTIC,N
15699,J_1,A3CARICATURE,N
15699,J_1,A3VIOLENCE,N
15699,J_1,A3SYNAGOGUE,N
15699,J_1,A3SWASTIKA,N
15699,J_1,A3DISCRIMINATION,N
17989,J_1,A1ESSENTIAL,E
17989,J_1,A2EVIL,N
17989,J_1,A2CONSPIRACY,N
17989,J_1,A2HIDDENPOWER,N
17989,J_1,A2COLLECTIVEAGENDA,N
17989,J_1,A2CONTROLGOV,N
17989,J_1,A2CONTROLBANKS,N
17989,J_1,A2CONTROLMEDIA,N
17989,J_1,A2LOYALTY,N
17989,J_1,A2DISEASE,N
17989,J_1,A3WEALTH,N
17989,J_1,A3STINGY,N
17989,J_1,A3UNPATRIOTIC,N
17989,J_1,A3CARICATURE,N
17989,J_1,A3VIOLENCE,N
17989,J_1,A3SYNAGOGUE,N
17989,J_1,A3SWASTIKA,N
17989,J_1,A3DISCRIMINATION,N
44553,J_1,A1ESSENTIAL,N
44553,J_1,A2EVIL,N
44553,J_1,A2CONSPIRACY,N
44553,J_1,A2HIDDENPOWER,N
44553,J_1,A2COLLECTIVEAGENDA,I
44553,J_1,A2CONTROLGOV,N
44553,J_1,A2CONTROLBANKS,N
44553,J_1,A2CONTROLMEDIA,N
44553,J_1,A2LOYALTY,N
44553,J_1,A2DISEASE,N
44553,J_1,A3WEALTH,N
44553,J_1,A3STINGY,N
44553,J_1,A3UNPATRIOTIC,N
44553,J_1,A3CARICATURE,N
44553,J_1,A3VIOLENCE,N
44553,J_1,A3SYNAGOGUE,N
44553,J_1,A3SWASTIKA,N
44553,J_1,A3DISCRIMINATION,N
9508,J_1,A1ESSENTIAL,N
9508,J_1,A2EVIL,N
9508,J_1,A2CONSPIRACY,N
9508,J_1,A2HIDDENPOWER,N
9508,J_1,A2COLLECTIVEAGENDA,N
9508,J_1,A2CONTROLGOV,N
9508,J_1,A2CONTROLBANKS,N
9508,J_1,A2CONTROLMEDIA,N
9508,J_1,A2LOYALTY,N
9508,J_1,A2DISEASE,N
9508,J_1,A3WEALTH,N
9508,J_1,A3STINGY,N
9508,J_1,A3UNPATRIOTIC,N
9508,J_1,A3CARICATURE,N
9508,J_1,A3VIOLENCE,N
9508,J_1,A3SYNAGOGUE,N
9508,J_1,A3SWASTIKA,N
9508,J_1,A3DISCRIMINATION,N
36621,J_1,A1ESSENTIAL,N
36621,J_1,A2EVIL,N
36621,J_1,A2CONSPIRACY,N
36621,J_1,A2HIDDENPOWER,N
36621,J_1,A2COLLECTIVEAGENDA,N
36621,J_1,A2CONTROLGOV,N
36621,J_1,A2CONTROLBANKS,N
36621,J_1,A2CONTROLMEDIA,N
36621,J_1,A2LOYALTY,N
36621,J_1,A2DISEASE,N
36621,J_1,A3WEALTH,N
36621,J_1,A3STINGY,N
36621,J_1,A3UNPATRIOTIC,N
36621,J_1,A3CARICATURE,N
36621,J_1,A3VIOLENCE,N
36621,J_1,A3SYNAGOGUE,N
36621,J_1,A3SWASTIKA,N
36621,J_1,A3DISCRIMINATION,N
22247,J_1,A1ESSENTIAL,N
22247,J_1,A2EVIL,N
22247,J_1,A2CONSPIRACY,N
22247,J_1,A2HIDDENPOWER,N
22247,J_1,A2COLLECTIVEAGENDA,N
22247,J_1,A2CONTROLGOV,N
22247,J_1,A2CONTROLBANKS,N
22247,J_1,A2CONTROLMEDIA,N
22247,J_1,A2LOYALTY,N
22247,J_1,A2DISEASE,N
22247,J_1,A3WEALTH,N
22247,J_1,A3STINGY,N
22247,J_1,A3UNPATRIOTIC,N
22247,J_1,A3CARICATURE,N
22247,J_1,A3VIOLENCE,N
22247,J_1,A3SYNAGOGUE,N
22247,J_1,A3SWASTIKA,N
22247,J_1,A3DISCRIMINATION,N
43721,J_1,A1ESSENTIAL,N
43721,J_1,A2EVIL,N
43721,J_1,A2CONSPIRACY,N
43721,J_1,A2HIDDENPOWER,N
43721,J_1,A2COLLECTIVEAGENDA,N
43721,J_1,A2CONTROLGOV,N
43721,J_1,A2CONTROLBANKS,N
43721,J_1,A2CONTROLMEDIA,N
43721,J_1,A2LOYALTY,N
43721,J_1,A2DISEASE,N
43721,J_1,A3WEALTH,N
43721,J_1,A3STINGY,N
43721,J_1,A3UNPATRIOTIC,N
43721,J_1,A3CARICATURE,N
43721,J_1,A3VIOLENCE,N
43721,J_1,A3SYNAGOGUE,N
43721,J_1,A3SWASTIKA,N
43721,J_1,A3DISCRIMINATION,N
38861,J_1,A1ESSENTIAL,N
38861,J_1,A2EVIL,N
38861,J_1,A2CONSPIRACY,N
38861,J_1,A2HIDDENPOWER,N
38861,J_1,A2COLLECTIVEAGENDA,N
38861,J_1,A2CONTROLGOV,N
38861,J_1,A2CONTROLBANKS,N
38861,J_1,A2CONTROLMEDIA,N
38861,J_1,A2LOYALTY,N
38861,J_1,A2DISEASE,N
38861,J_1,A3WEALTH,N
38861,J_1,A3STINGY,N
38861,J_1,A3UNPATRIOTIC,N
38861,J_1,A3CARICATURE,N
38861,J_1,A3VIOLENCE,N
38861,J_1,A3SYNAGOGUE,N
38861,J_1,A3SWASTIKA,N
38861,J_1,A3DISCRIMINATION,N
46636,J_1,A1ESSENTIAL,E
46636,J_1,A2EVIL,E
46636,J_1,A2CONSPIRACY,N
46636,J_1,A2HIDDENPOWER,N
46636,J_1,A2COLLECTIVEAGENDA,N
46636,J_1,A2CONTROLGOV,N
46636,J_1,A2CONTROLBANKS,N
46636,J_1,A2CONTROLMEDIA,E
46636,J_1,A2LOYALTY,N
46636,J_1,A2DISEASE,N
46636,J_1,A3WEALTH,N
46636,J_1,A3STINGY,N
46636,J_1,A3UNPATRIOTIC,N
46636,J_1,A3CARICATURE,N
46636,J_1,A3VIOLENCE,N
46636,J_1,A3SYNAGOGUE,N
46636,J_1,A3SWASTIKA,N
46636,J_1,A3DISCRIMINATION,N
29838,J_1,A1ESSENTIAL,N
29838,J_1,A2EVIL,N
29838,J_1,A2CONSPIRACY,N
29838,J_1,A2HIDDENPOWER,N
29838,J_1,A2COLLECTIVEAGENDA,N
29838,J_1,A2CONTROLGOV,N
29838,J_1,A2CONTROLBANKS,N
29838,J_1,A2CONTROLMEDIA,N
29838,J_1,A2LOYALTY,N
29838,J_1,A2DISEASE,N
29838,J_1,A3WEALTH,N
29838,J_1,A3STINGY,N
29838,J_1,A3UNPATRIOTIC,N
29838,J_1,A3CARICATURE,N
29838,J_1,A3VIOLENCE,N
29838,J_1,A3SYNAGOGUE,N
29838,J_1,A3SWASTIKA,N
29838,J_1,A3DISCRIMINATION,N
41961,J_1,A1ESSENTIAL,I
41961,J_1,A2EVIL,I
41961,J_1,A2CONSPIRACY,N
41961,J_1,A2HIDDENPOWER,N
41961,J_1,A2COLLECTIVEAGENDA,I
41961,J_1,A2CONTROLGOV,N
41961,J_1,A2CONTROLBANKS,N
41961,J_1,A2CONTROLMEDIA,N
41961,J_1,A2LOYALTY,N
41961,J_1,A2DISEASE,N
41961,J_1,A3WEALTH,N
41961,J_1,A3STINGY,N
41961,J_1,A3UNPATRIOTIC,N
41961,J_1,A3CARICATURE,N
41961,J_1,A3VIOLENCE,N
41961,J_1,A3SYNAGOGUE,N
41961,J_1,A3SWASTIKA,N
41961,J_1,A3DISCRIMINATION,N
6034,J_1,A1ESSENTIAL,N
6034,J_1,A2EVIL,N
6034,J_1,A2CONSPIRACY,N
6034,J_1,A2HIDDENPOWER,N
6034,J_1,A2COLLECTIVEAGENDA,N
6034,J_1,A2CONTROLGOV,N
6034,J_1,A2CONTROLBANKS,N
6034,J_1,A2CONTROLMEDIA,N
6034,J_1,A2LOYALTY,N
6034,J_1,A2DISEASE,N
6034,J_1,A3WEALTH,N
6034,J_1,A3STINGY,N
6034,J_1,A3UNPATRIOTIC,N
6034,J_1,A3CARICATURE,N
6034,J_1,A3VIOLENCE,N
6034,J_1,A3SYNAGOGUE,N
6034,J_1,A3SWASTIKA,N
6034,J_1,A3DISCRIMINATION,N
31489,J_1,A1ESSENTIAL,E
31489,J_1,A2EVIL,E
31489,J_1,A2CONSPIRACY,N
31489,J_1,A2HIDDENPOWER,N
31489,J_1,A2COLLECTIVEAGENDA,N
31489,J_1,A2CONTROLGOV,N
31489,J_1,A2CONTROLBANKS,N
31489,J_1,A2CONTROLMEDIA,N
31489,J_1,A2LOYALTY,N
31489,J_1,A2DISEASE,N
31489,J_1,A3WEALTH,N
31489,J_1,A3STINGY,N
31489,J_1,A3UNPATRIOTIC,N
31489,J_1,A3CARICATURE,N
31489,J_1,A3VIOLENCE,N
31489,J_1,A3SYNAGOGUE,N
31489,J_1,A3SWASTIKA,N
31489,J_1,A3DISCRIMINATION,N
2208,J_1,A1ESSENTIAL,N
2208,J_1,A2EVIL,N
2208,J_1,A2CONSPIRACY,N
2208,J_1,A2HIDDENPOWER,N
2208,J_1,A2COLLECTIVEAGENDA,N
2208,J_1,A2CONTROLGOV,N
2208,J_1,A2CONTROLBANKS,N
2208,J_1,A2CONTROLMEDIA,N
2208,J_1,A2LOYALTY,N
2208,J_1,A2DISEASE,N
2208,J_1,A3WEALTH,N
2208,J_1,A3STINGY,N
2208,J_1,A3UNPATRIOTIC,N
2208,J_1,A3CARICATURE,N
2208,J_1,A3VIOLENCE,N
2208,J_1,A3SYNAGOGUE,N
2208,J_1,A3SWASTIKA,N
2208,J_1,A3DISCRIMINATION,N
38596,J_1,A1ESSENTIAL,N
38596,J_1,A2EVIL,N
38596,J_1,A2CONSPIRACY,N
38596,J_1,A2HIDDENPOWER,N
38596,J_1,A2COLLECTIVEAGENDA,N
38596,J_1,A2CONTROLGOV,N
38596,J_1,A2CONTROLBANKS,N
38596,J_1,A2CONTROLMEDIA,N
38596,J_1,A2LOYALTY,N
38596,J_1,A2DISEASE,N
38596,J_1,A3WEALTH,N
38596,J_1,A3STINGY,N
38596,J_1,A3UNPATRIOTIC,N
38596,J_1,A3CARICATURE,N
38596,J_1,A3VIOLENCE,N
38596,J_1,A3SYNAGOGUE,N
38596,J_1,A3SWASTIKA,N
38596,J_1,A3DISCRIMINATION,N
18838,J_1,A1ESSENTIAL,N
18838,J_1,A2EVIL,N
18838,J_1,A2CONSPIRACY,N
18838,J_1,A2HIDDENPOWER,N
18838,J_1,A2COLLECTIVEAGENDA,N
18838,J_1,A2CONTROLGOV,N
18838,J_1,A2CONTROLBANKS,N
18838,J_1,A2CONTROLMEDIA,N
18838,J_1,A2LOYALTY,N
18838,J_1,A2DISEASE,N
18838,J_1,A3WEALTH,N
18838,J_1,A3STINGY,N
18838,J_1,A3UNPATRIOTIC,N
18838,J_1,A3CARICATURE,N
18838,J_1,A3VIOLENCE,N
18838,J_1,A3SYNAGOGUE,N
18838,J_1,A3SWASTIKA,N
18838,J_1,A3DISCRIMINATION,N
4408,J_1,A1ESSENTIAL,A
4408,J_1,A2EVIL,A
4408,J_1,A2CONSPIRACY,N
4408,J_1,A2HIDDENPOWER,N
4408,J_1,A2COLLECTIVEAGENDA,N
4408,J_1,A2CONTROLGOV,N
4408,J_1,A2CONTROLBANKS,N
4408,J_1,A2CONTROLMEDIA,N
4408,J_1,A2LOYALTY,N
4408,J_1,A2DISEASE,N
4408,J_1,A3WEALTH,N
4408,J_1,A3STINGY,N
4408,J_1,A3UNPATRIOTIC,N
4408,J_1,A3CARICATURE,N
4408,J_1,A3VIOLENCE,A
4408,J_1,A3SYNAGOGUE,N
4408,J_1,A3SWASTIKA,N
4408,J_1,A3DISCRIMINATION,N
40663,J_1,A1ESSENTIAL,N
40663,J_1,A2EVIL,N
40663,J_1,A2CONSPIRACY,A
40663,J_1,A2HIDDENPOWER,N
40663,J_1,A2COLLECTIVEAGENDA,N
40663,J_1,A2CONTROLGOV,N
40663,J_1,A2CONTROLBANKS,N
40663,J_1,A2CONTROLMEDIA,N
40663,J_1,A2LOYALTY,N
40663,J_1,A2DISEASE,N
40663,J_1,A3WEALTH,N
40663,J_1,A3STINGY,N
40663,J_1,A3UNPATRIOTIC,N
40663,J_1,A3CARICATURE,N
40663,J_1,A3VIOLENCE,N
40663,J_1,A3SYNAGOGUE,N
40663,J_1,A3SWASTIKA,N
40663,J_1,A3DISCRIMINATION,N
49529,J_1,A1ESSENTIAL,A
49529,J_1,A2EVIL,A
49529,J_1,A2CONSPIRACY,A
49529,J_1,A2HIDDENPOWER,A
49529,J_1,A2COLLECTIVEAGENDA,A
49529,J_1,A2CONTROLGOV,A
49529,J_1,A2CONTROLBANKS,N
49529,J_1,A2CONTROLMEDIA,N
49529,J_1,A2LOYALTY,N
49529,J_1,A2DISEASE,N
49529,J_1,A3WEALTH,N
49529,J_1,A3STINGY,N
49529,J_1,A3UNPATRIOTIC,N
49529,J_1,A3CARICATURE,N
49529,J_1,A3VIOLENCE,N
49529,J_1,A3SYNAGOGUE,N
49529,J_1,A3SWASTIKA,N
49529,J_1,A3DISCRIMINATION,N
9615,J_1,A1ESSENTIAL,N
9615,J_1,A2EVIL,N
9615,J_1,A2CONSPIRACY,N
9615,J_1,A2HIDDENPOWER,N
9615,J_1,A2COLLECTIVEAGENDA,N
9615,J_1,A2CONTROLGOV,N
9615,J_1,A2CONTROLBANKS,N
9615,J_1,A2CONTROLMEDIA,N
9615,J_1,A2LOYALTY,N
9615,J_1,A2DISEASE,N
9615,J_1,A3WEALTH,N
9615,J_1,A3STINGY,N
9615,J_1,A3UNPATRIOTIC,N
9615,J_1,A3CARICATURE,N
9615,J_1,A3VIOLENCE,N
9615,J_1,A3SYNAGOGUE,N
9615,J_1,A3SWASTIKA,N
9615,J_1,A3DISCRIMINATION,N
8460,J_1,A1ESSENTIAL,N
8460,J_1,A2EVIL,N
8460,J_1,A2CONSPIRACY,N
8460,J_1,A2HIDDENPOWER,N
8460,J_1,A2COLLECTIVEAGENDA,N
8460,J_1,A2CONTROLGOV,N
8460,J_1,A2CONTROLBANKS,N
8460,J_1,A2CONTROLMEDIA,N
8460,J_1,A2LOYALTY,N
8460,J_1,A2DISEASE,N
8460,J_1,A3WEALTH,N
8460,J_1,A3STINGY,N
8460,J_1,A3UNPATRIOTIC,N
8460,J_1,A3CARICATURE,N
8460,J_1,A3VIOLENCE,N
8460,J_1,A3SYNAGOGUE,N
8460,J_1,A3SWASTIKA,N
8460,J_1,A3DISCRIMINATION,N
463,J_1,A1ESSENTIAL,N
463,J_1,A2EVIL,N
463,J_1,A2CONSPIRACY,N
463,J_1,A2HIDDENPOWER,N
463,J_1,A2COLLECTIVEAGENDA,N
463,J_1,A2CONTROLGOV,N
463,J_1,A2CONTROLBANKS,N
463,J_1,A2CONTROLMEDIA,N
463,J_1,A2LOYALTY,N
463,J_1,A2DISEASE,N
463,J_1,A3WEALTH,N
463,J_1,A3STINGY,N
463,J_1,A3UNPATRIOTIC,N
463,J_1,A3CARICATURE,E
463,J_1,A3VIOLENCE,I
463,J_1,A3SYNAGOGUE,N
463,J_1,A3SWASTIKA,N
463,J_1,A3DISCRIMINATION,N
39919,J_1,A1ESSENTIAL,N
39919,J_1,A2EVIL,N
39919,J_1,A2CONSPIRACY,N
39919,J_1,A2HIDDENPOWER,N
39919,J_1,A2COLLECTIVEAGENDA,N
39919,J_1,A2CONTROLGOV,N
39919,J_1,A2CONTROLBANKS,N
39919,J_1,A2CONTROLMEDIA,N
39919,J_1,A2LOYALTY,N
39919,J_1,A2DISEASE,N
39919,J_1,A3WEALTH,N
39919,J_1,A3STINGY,N
39919,J_1,A3UNPATRIOTIC,N
39919,J_1,A3CARICATURE,N
39919,J_1,A3VIOLENCE,N
39919,J_1,A3SYNAGOGUE,N
39919,J_1,A3SWASTIKA,N
39919,J_1,A3DISCRIMINATION,N
27154,J_1,A1ESSENTIAL,N
27154,J_1,A2EVIL,N
27154,J_1,A2CONSPIRACY,N
27154,J_1,A2HIDDENPOWER,N
27154,J_1,A2COLLECTIVEAGENDA,N
27154,J_1,A2CONTROLGOV,N
27154,J_1,A2CONTROLBANKS,N
27154,J_1,A2CONTROLMEDIA,N
27154,J_1,A2LOYALTY,N
27154,J_1,A2DISEASE,N
27154,J_1,A3WEALTH,N
27154,J_1,A3STINGY,N
27154,J_1,A3UNPATRIOTIC,N
27154,J_1,A3CARICATURE,N
27154,J_1,A3VIOLENCE,N
27154,J_1,A3SYNAGOGUE,N
27154,J_1,A3SWASTIKA,N
27154,J_1,A3DISCRIMINATION,N
8311,J_1,A1ESSENTIAL,N
8311,J_1,A2EVIL,N
8311,J_1,A2CONSPIRACY,N
8311,J_1,A2HIDDENPOWER,N
8311,J_1,A2COLLECTIVEAGENDA,N
8311,J_1,A2CONTROLGOV,N
8311,J_1,A2CONTROLBANKS,N
8311,J_1,A2CONTROLMEDIA,N
8311,J_1,A2LOYALTY,N
8311,J_1,A2DISEASE,N
8311,J_1,A3WEALTH,N
8311,J_1,A3STINGY,N
8311,J_1,A3UNPATRIOTIC,N
8311,J_1,A3CARICATURE,N
8311,J_1,A3VIOLENCE,N
8311,J_1,A3SYNAGOGUE,N
8311,J_1,A3SWASTIKA,N
8311,J_1,A3DISCRIMINATION,N
38784,J_1,A1ESSENTIAL,N
38784,J_1,A2EVIL,N
38784,J_1,A2CONSPIRACY,N
38784,J_1,A2HIDDENPOWER,N
38784,J_1,A2COLLECTIVEAGENDA,N
38784,J_1,A2CONTROLGOV,N
38784,J_1,A2CONTROLBANKS,N
38784,J_1,A2CONTROLMEDIA,N
38784,J_1,A2LOYALTY,N
38784,J_1,A2DISEASE,N
38784,J_1,A3WEALTH,N
38784,J_1,A3STINGY,N
38784,J_1,A3UNPATRIOTIC,N
38784,J_1,A3CARICATURE,N
38784,J_1,A3VIOLENCE,N
38784,J_1,A3SYNAGOGUE,N
38784,J_1,A3SWASTIKA,N
38784,J_1,A3DISCRIMINATION,N
6173,J_1,A1ESSENTIAL,N
6173,J_1,A2EVIL,N
6173,J_1,A2CONSPIRACY,N
6173,J_1,A2HIDDENPOWER,N
6173,J_1,A2COLLECTIVEAGENDA,N
6173,J_1,A2CONTROLGOV,N
6173,J_1,A2CONTROLBANKS,N
6173,J_1,A2CONTROLMEDIA,N
6173,J_1,A2LOYALTY,N
6173,J_1,A2DISEASE,N
6173,J_1,A3WEALTH,N
6173,J_1,A3STINGY,N
6173,J_1,A3UNPATRIOTIC,N
6173,J_1,A3CARICATURE,N
6173,J_1,A3VIOLENCE,N
6173,J_1,A3SYNAGOGUE,N
6173,J_1,A3SWASTIKA,N
6173,J_1,A3DISCRIMINATION,N
22907,J_1,A1ESSENTIAL,N
22907,J_1,A2EVIL,I
22907,J_1,A2CONSPIRACY,N
22907,J_1,A2HIDDENPOWER,N
22907,J_1,A2COLLECTIVEAGENDA,N
22907,J_1,A2CONTROLGOV,N
22907,J_1,A2CONTROLBANKS,N
22907,J_1,A2CONTROLMEDIA,N
22907,J_1,A2LOYALTY,N
22907,J_1,A2DISEASE,N
22907,J_1,A3WEALTH,N
22907,J_1,A3STINGY,N
22907,J_1,A3UNPATRIOTIC,N
22907,J_1,A3CARICATURE,N
22907,J_1,A3VIOLENCE,N
22907,J_1,A3SYNAGOGUE,N
22907,J_1,A3SWASTIKA,N
22907,J_1,A3DISCRIMINATION,N
10729,J_1,A1ESSENTIAL,N
10729,J_1,A2EVIL,N
10729,J_1,A2CONSPIRACY,N
10729,J_1,A2HIDDENPOWER,N
10729,J_1,A2COLLECTIVEAGENDA,N
10729,J_1,A2CONTROLGOV,N
10729,J_1,A2CONTROLBANKS,N
10729,J_1,A2CONTROLMEDIA,N
10729,J_1,A2LOYALTY,N
10729,J_1,A2DISEASE,N
10729,J_1,A3WEALTH,N
10729,J_1,A3STINGY,N
10729,J_1,A3UNPATRIOTIC,N
10729,J_1,A3CARICATURE,N
10729,J_1,A3VIOLENCE,N
10729,J_1,A3SYNAGOGUE,N
10729,J_1,A3SWASTIKA,N
10729,J_1,A3DISCRIMINATION,N
48734,J_1,A1ESSENTIAL,N
48734,J_1,A2EVIL,N
48734,J_1,A2CONSPIRACY,N
48734,J_1,A2HIDDENPOWER,N
48734,J_1,A2COLLECTIVEAGENDA,N
48734,J_1,A2CONTROLGOV,N
48734,J_1,A2CONTROLBANKS,N
48734,J_1,A2CONTROLMEDIA,N
48734,J_1,A2LOYALTY,N
48734,J_1,A2DISEASE,N
48734,J_1,A3WEALTH,N
48734,J_1,A3STINGY,N
48734,J_1,A3UNPATRIOTIC,N
48734,J_1,A3CARICATURE,N
48734,J_1,A3VIOLENCE,N
48734,J_1,A3SYNAGOGUE,N
48734,J_1,A3SWASTIKA,N
48734,J_1,A3DISCRIMINATION,N
44747,J_1,A1ESSENTIAL,N
44747,J_1,A2EVIL,I
44747,J_1,A2CONSPIRACY,N
44747,J_1,A2HIDDENPOWER,N
44747,J_1,A2COLLECTIVEAGENDA,N
44747,J_1,A2CONTROLGOV,N
44747,J_1,A2CONTROLBANKS,N
44747,J_1,A2CONTROLMEDIA,N
44747,J_1,A2LOYALTY,N
44747,J_1,A2DISEASE,N
44747,J_1,A3WEALTH,N
44747,J_1,A3STINGY,N
44747,J_1,A3UNPATRIOTIC,N
44747,J_1,A3CARICATURE,N
44747,J_1,A3VIOLENCE,E
44747,J_1,A3SYNAGOGUE,N
44747,J_1,A3SWASTIKA,N
44747,J_1,A3DISCRIMINATION,N
45955,J_1,A1ESSENTIAL,N
45955,J_1,A2EVIL,N
45955,J_1,A2CONSPIRACY,N
45955,J_1,A2HIDDENPOWER,N
45955,J_1,A2COLLECTIVEAGENDA,N
45955,J_1,A2CONTROLGOV,N
45955,J_1,A2CONTROLBANKS,N
45955,J_1,A2CONTROLMEDIA,N
45955,J_1,A2LOYALTY,N
45955,J_1,A2DISEASE,N
45955,J_1,A3WEALTH,N
45955,J_1,A3STINGY,N
45955,J_1,A3UNPATRIOTIC,N
45955,J_1,A3CARICATURE,N
45955,J_1,A3VIOLENCE,N
45955,J_1,A3SYNAGOGUE,N
45955,J_1,A3SWASTIKA,N
45955,J_1,A3DISCRIMINATION,N
11637,J_1,A1ESSENTIAL,N
11637,J_1,A2EVIL,N
11637,J_1,A2CONSPIRACY,N
11637,J_1,A2HIDDENPOWER,N
11637,J_1,A2COLLECTIVEAGENDA,N
11637,J_1,A2CONTROLGOV,N
11637,J_1,A2CONTROLBANKS,N
11637,J_1,A2CONTROLMEDIA,N
11637,J_1,A2LOYALTY,N
11637,J_1,A2DISEASE,N
11637,J_1,A3WEALTH,N
11637,J_1,A3STINGY,N
11637,J_1,A3UNPATRIOTIC,N
11637,J_1,A3CARICATURE,N
11637,J_1,A3VIOLENCE,N
11637,J_1,A3SYNAGOGUE,N
11637,J_1,A3SWASTIKA,N
11637,J_1,A3DISCRIMINATION,N
19557,J_1,A1ESSENTIAL,A
19557,J_1,A2EVIL,A
19557,J_1,A2CONSPIRACY,N
19557,J_1,A2HIDDENPOWER,N
19557,J_1,A2COLLECTIVEAGENDA,N
19557,J_1,A2CONTROLGOV,N
19557,J_1,A2CONTROLBANKS,N
19557,J_1,A2CONTROLMEDIA,N
19557,J_1,A2LOYALTY,N
19557,J_1,A2DISEASE,N
19557,J_1,A3WEALTH,N
19557,J_1,A3STINGY,N
19557,J_1,A3UNPATRIOTIC,N
19557,J_1,A3CARICATURE,N
19557,J_1,A3VIOLENCE,A
19557,J_1,A3SYNAGOGUE,N
19557,J_1,A3SWASTIKA,N
19557,J_1,A3DISCRIMINATION,N
48327,J_1,A1ESSENTIAL,N
48327,J_1,A2EVIL,N
48327,J_1,A2CONSPIRACY,N
48327,J_1,A2HIDDENPOWER,N
48327,J_1,A2COLLECTIVEAGENDA,N
48327,J_1,A2CONTROLGOV,N
48327,J_1,A2CONTROLBANKS,N
48327,J_1,A2CONTROLMEDIA,N
48327,J_1,A2LOYALTY,N
48327,J_1,A2DISEASE,N
48327,J_1,A3WEALTH,N
48327,J_1,A3STINGY,N
48327,J_1,A3UNPATRIOTIC,N
48327,J_1,A3CARICATURE,N
48327,J_1,A3VIOLENCE,N
48327,J_1,A3SYNAGOGUE,N
48327,J_1,A3SWASTIKA,N
48327,J_1,A3DISCRIMINATION,N
28147,J_1,A1ESSENTIAL,I
28147,J_1,A2EVIL,N
28147,J_1,A2CONSPIRACY,N
28147,J_1,A2HIDDENPOWER,N
28147,J_1,A2COLLECTIVEAGENDA,N
28147,J_1,A2CONTROLGOV,N
28147,J_1,A2CONTROLBANKS,N
28147,J_1,A2CONTROLMEDIA,N
28147,J_1,A2LOYALTY,N
28147,J_1,A2DISEASE,N
28147,J_1,A3WEALTH,N
28147,J_1,A3STINGY,N
28147,J_1,A3UNPATRIOTIC,N
28147,J_1,A3CARICATURE,N
28147,J_1,A3VIOLENCE,N
28147,J_1,A3SYNAGOGUE,N
28147,J_1,A3SWASTIKA,N
28147,J_1,A3DISCRIMINATION,N
32948,J_1,A1ESSENTIAL,N
32948,J_1,A2EVIL,N
32948,J_1,A2CONSPIRACY,N
32948,J_1,A2HIDDENPOWER,N
32948,J_1,A2COLLECTIVEAGENDA,N
32948,J_1,A2CONTROLGOV,N
32948,J_1,A2CONTROLBANKS,N
32948,J_1,A2CONTROLMEDIA,N
32948,J_1,A2LOYALTY,N
32948,J_1,A2DISEASE,N
32948,J_1,A3WEALTH,N
32948,J_1,A3STINGY,N
32948,J_1,A3UNPATRIOTIC,N
32948,J_1,A3CARICATURE,N
32948,J_1,A3VIOLENCE,N
32948,J_1,A3SYNAGOGUE,N
32948,J_1,A3SWASTIKA,N
32948,J_1,A3DISCRIMINATION,N
16284,J_1,A1ESSENTIAL,N
16284,J_1,A2EVIL,N
16284,J_1,A2CONSPIRACY,N
16284,J_1,A2HIDDENPOWER,N
16284,J_1,A2COLLECTIVEAGENDA,N
16284,J_1,A2CONTROLGOV,N
16284,J_1,A2CONTROLBANKS,N
16284,J_1,A2CONTROLMEDIA,N
16284,J_1,A2LOYALTY,N
16284,J_1,A2DISEASE,N
16284,J_1,A3WEALTH,N
16284,J_1,A3STINGY,N
16284,J_1,A3UNPATRIOTIC,N
16284,J_1,A3CARICATURE,N
16284,J_1,A3VIOLENCE,N
16284,J_1,A3SYNAGOGUE,N
16284,J_1,A3SWASTIKA,N
16284,J_1,A3DISCRIMINATION,N
25204,J_1,A1ESSENTIAL,N
25204,J_1,A2EVIL,N
25204,J_1,A2CONSPIRACY,N
25204,J_1,A2HIDDENPOWER,N
25204,J_1,A2COLLECTIVEAGENDA,N
25204,J_1,A2CONTROLGOV,N
25204,J_1,A2CONTROLBANKS,N
25204,J_1,A2CONTROLMEDIA,N
25204,J_1,A2LOYALTY,N
25204,J_1,A2DISEASE,N
25204,J_1,A3WEALTH,N
25204,J_1,A3STINGY,N
25204,J_1,A3UNPATRIOTIC,N
25204,J_1,A3CARICATURE,N
25204,J_1,A3VIOLENCE,N
25204,J_1,A3SYNAGOGUE,N
25204,J_1,A3SWASTIKA,N
25204,J_1,A3DISCRIMINATION,N
10757,J_1,A1ESSENTIAL,N
10757,J_1,A2EVIL,N
10757,J_1,A2CONSPIRACY,N
10757,J_1,A2HIDDENPOWER,N
10757,J_1,A2COLLECTIVEAGENDA,N
10757,J_1,A2CONTROLGOV,N
10757,J_1,A2CONTROLBANKS,N
10757,J_1,A2CONTROLMEDIA,N
10757,J_1,A2LOYALTY,N
10757,J_1,A2DISEASE,N
10757,J_1,A3WEALTH,N
10757,J_1,A3STINGY,N
10757,J_1,A3UNPATRIOTIC,N
10757,J_1,A3CARICATURE,N
10757,J_1,A3VIOLENCE,N
10757,J_1,A3SYNAGOGUE,N
10757,J_1,A3SWASTIKA,N
10757,J_1,A3DISCRIMINATION,N
11314,J_1,A1ESSENTIAL,N
11314,J_1,A2EVIL,N
11314,J_1,A2CONSPIRACY,N
11314,J_1,A2HIDDENPOWER,N
11314,J_1,A2COLLECTIVEAGENDA,N
11314,J_1,A2CONTROLGOV,N
11314,J_1,A2CONTROLBANKS,N
11314,J_1,A2CONTROLMEDIA,N
11314,J_1,A2LOYALTY,N
11314,J_1,A2DISEASE,N
11314,J_1,A3WEALTH,N
11314,J_1,A3STINGY,N
11314,J_1,A3UNPATRIOTIC,N
11314,J_1,A3CARICATURE,N
11314,J_1,A3VIOLENCE,N
11314,J_1,A3SYNAGOGUE,N
11314,J_1,A3SWASTIKA,N
11314,J_1,A3DISCRIMINATION,N
7201,J_1,A1ESSENTIAL,N
7201,J_1,A2EVIL,N
7201,J_1,A2CONSPIRACY,N
7201,J_1,A2HIDDENPOWER,N
7201,J_1,A2COLLECTIVEAGENDA,N
7201,J_1,A2CONTROLGOV,N
7201,J_1,A2CONTROLBANKS,N
7201,J_1,A2CONTROLMEDIA,N
7201,J_1,A2LOYALTY,N
7201,J_1,A2DISEASE,N
7201,J_1,A3WEALTH,N
7201,J_1,A3STINGY,N
7201,J_1,A3UNPATRIOTIC,N
7201,J_1,A3CARICATURE,N
7201,J_1,A3VIOLENCE,N
7201,J_1,A3SYNAGOGUE,N
7201,J_1,A3SWASTIKA,N
7201,J_1,A3DISCRIMINATION,N
26103,J_1,A1ESSENTIAL,N
26103,J_1,A2EVIL,N
26103,J_1,A2CONSPIRACY,N
26103,J_1,A2HIDDENPOWER,N
26103,J_1,A2COLLECTIVEAGENDA,N
26103,J_1,A2CONTROLGOV,N
26103,J_1,A2CONTROLBANKS,N
26103,J_1,A2CONTROLMEDIA,N
26103,J_1,A2LOYALTY,N
26103,J_1,A2DISEASE,N
26103,J_1,A3WEALTH,N
26103,J_1,A3STINGY,N
26103,J_1,A3UNPATRIOTIC,N
26103,J_1,A3CARICATURE,N
26103,J_1,A3VIOLENCE,N
26103,J_1,A3SYNAGOGUE,N
26103,J_1,A3SWASTIKA,N
26103,J_1,A3DISCRIMINATION,N
34838,J_1,A1ESSENTIAL,E
34838,J_1,A2EVIL,N
34838,J_1,A2CONSPIRACY,N
34838,J_1,A2HIDDENPOWER,N
34838,J_1,A2COLLECTIVEAGENDA,N
34838,J_1,A2CONTROLGOV,N
34838,J_1,A2CONTROLBANKS,N
34838,J_1,A2CONTROLMEDIA,N
34838,J_1,A2LOYALTY,N
34838,J_1,A2DISEASE,N
34838,J_1,A3WEALTH,N
34838,J_1,A3STINGY,N
34838,J_1,A3UNPATRIOTIC,N
34838,J_1,A3CARICATURE,N
34838,J_1,A3VIOLENCE,N
34838,J_1,A3SYNAGOGUE,N
34838,J_1,A3SWASTIKA,N
34838,J_1,A3DISCRIMINATION,N
4654,J_1,A1ESSENTIAL,N
4654,J_1,A2EVIL,A
4654,J_1,A2CONSPIRACY,N
4654,J_1,A2HIDDENPOWER,N
4654,J_1,A2COLLECTIVEAGENDA,N
4654,J_1,A2CONTROLGOV,N
4654,J_1,A2CONTROLBANKS,N
4654,J_1,A2CONTROLMEDIA,N
4654,J_1,A2LOYALTY,N
4654,J_1,A2DISEASE,N
4654,J_1,A3WEALTH,N
4654,J_1,A3STINGY,N
4654,J_1,A3UNPATRIOTIC,N
4654,J_1,A3CARICATURE,N
4654,J_1,A3VIOLENCE,N
4654,J_1,A3SYNAGOGUE,N
4654,J_1,A3SWASTIKA,N
4654,J_1,A3DISCRIMINATION,N
295,J_1,A1ESSENTIAL,N
295,J_1,A2EVIL,N
295,J_1,A2CONSPIRACY,N
295,J_1,A2HIDDENPOWER,N
295,J_1,A2COLLECTIVEAGENDA,N
295,J_1,A2CONTROLGOV,N
295,J_1,A2CONTROLBANKS,N
295,J_1,A2CONTROLMEDIA,N
295,J_1,A2LOYALTY,N
295,J_1,A2DISEASE,N
295,J_1,A3WEALTH,N
295,J_1,A3STINGY,N
295,J_1,A3UNPATRIOTIC,N
295,J_1,A3CARICATURE,N
295,J_1,A3VIOLENCE,N
295,J_1,A3SYNAGOGUE,N
295,J_1,A3SWASTIKA,N
295,J_1,A3DISCRIMINATION,N
47951,J_1,A1ESSENTIAL,E
47951,J_1,A2EVIL,N
47951,J_1,A2CONSPIRACY,N
47951,J_1,A2HIDDENPOWER,N
47951,J_1,A2COLLECTIVEAGENDA,N
47951,J_1,A2CONTROLGOV,N
47951,J_1,A2CONTROLBANKS,N
47951,J_1,A2CONTROLMEDIA,N
47951,J_1,A2LOYALTY,N
47951,J_1,A2DISEASE,N
47951,J_1,A3WEALTH,N
47951,J_1,A3STINGY,N
47951,J_1,A3UNPATRIOTIC,N
47951,J_1,A3CARICATURE,N
47951,J_1,A3VIOLENCE,N
47951,J_1,A3SYNAGOGUE,N
47951,J_1,A3SWASTIKA,N
47951,J_1,A3DISCRIMINATION,E
2110,J_1,A1ESSENTIAL,N
2110,J_1,A2EVIL,N
2110,J_1,A2CONSPIRACY,N
2110,J_1,A2HIDDENPOWER,N
2110,J_1,A2COLLECTIVEAGENDA,N
2110,J_1,A2CONTROLGOV,N
2110,J_1,A2CONTROLBANKS,N
2110,J_1,A2CONTROLMEDIA,N
2110,J_1,A2LOYALTY,N
2110,J_1,A2DISEASE,N
2110,J_1,A3WEALTH,N
2110,J_1,A3STINGY,N
2110,J_1,A3UNPATRIOTIC,N
2110,J_1,A3CARICATURE,N
2110,J_1,A3VIOLENCE,N
2110,J_1,A3SYNAGOGUE,N
2110,J_1,A3SWASTIKA,N
2110,J_1,A3DISCRIMINATION,N
20622,J_1,A1ESSENTIAL,A
20622,J_1,A2EVIL,I
20622,J_1,A2CONSPIRACY,I
20622,J_1,A2HIDDENPOWER,N
20622,J_1,A2COLLECTIVEAGENDA,I
20622,J_1,A2CONTROLGOV,N
20622,J_1,A2CONTROLBANKS,N
20622,J_1,A2CONTROLMEDIA,N
20622,J_1,A2LOYALTY,I
20622,J_1,A2DISEASE,N
20622,J_1,A3WEALTH,N
20622,J_1,A3STINGY,N
20622,J_1,A3UNPATRIOTIC,N
20622,J_1,A3CARICATURE,N
20622,J_1,A3VIOLENCE,N
20622,J_1,A3SYNAGOGUE,N
20622,J_1,A3SWASTIKA,N
20622,J_1,A3DISCRIMINATION,N
30044,J_1,A1ESSENTIAL,N
30044,J_1,A2EVIL,N
30044,J_1,A2CONSPIRACY,N
30044,J_1,A2HIDDENPOWER,N
30044,J_1,A2COLLECTIVEAGENDA,N
30044,J_1,A2CONTROLGOV,N
30044,J_1,A2CONTROLBANKS,N
30044,J_1,A2CONTROLMEDIA,N
30044,J_1,A2LOYALTY,N
30044,J_1,A2DISEASE,N
30044,J_1,A3WEALTH,N
30044,J_1,A3STINGY,N
30044,J_1,A3UNPATRIOTIC,N
30044,J_1,A3CARICATURE,N
30044,J_1,A3VIOLENCE,N
30044,J_1,A3SYNAGOGUE,N
30044,J_1,A3SWASTIKA,N
30044,J_1,A3DISCRIMINATION,N
32663,J_1,A1ESSENTIAL,N
32663,J_1,A2EVIL,N
32663,J_1,A2CONSPIRACY,N
32663,J_1,A2HIDDENPOWER,N
32663,J_1,A2COLLECTIVEAGENDA,N
32663,J_1,A2CONTROLGOV,N
32663,J_1,A2CONTROLBANKS,N
32663,J_1,A2CONTROLMEDIA,N
32663,J_1,A2LOYALTY,N
32663,J_1,A2DISEASE,N
32663,J_1,A3WEALTH,N
32663,J_1,A3STINGY,N
32663,J_1,A3UNPATRIOTIC,N
32663,J_1,A3CARICATURE,N
32663,J_1,A3VIOLENCE,N
32663,J_1,A3SYNAGOGUE,N
32663,J_1,A3SWASTIKA,N
32663,J_1,A3DISCRIMINATION,N
41212,J_1,A1ESSENTIAL,N
41212,J_1,A2EVIL,N
41212,J_1,A2CONSPIRACY,N
41212,J_1,A2HIDDENPOWER,N
41212,J_1,A2COLLECTIVEAGENDA,N
41212,J_1,A2CONTROLGOV,N
41212,J_1,A2CONTROLBANKS,N
41212,J_1,A2CONTROLMEDIA,N
41212,J_1,A2LOYALTY,N
41212,J_1,A2DISEASE,N
41212,J_1,A3WEALTH,N
41212,J_1,A3STINGY,N
41212,J_1,A3UNPATRIOTIC,N
41212,J_1,A3CARICATURE,N
41212,J_1,A3VIOLENCE,E
41212,J_1,A3SYNAGOGUE,N
41212,J_1,A3SWASTIKA,N
41212,J_1,A3DISCRIMINATION,N
20800,J_1,A1ESSENTIAL,N
20800,J_1,A2EVIL,N
20800,J_1,A2CONSPIRACY,N
20800,J_1,A2HIDDENPOWER,N
20800,J_1,A2COLLECTIVEAGENDA,N
20800,J_1,A2CONTROLGOV,N
20800,J_1,A2CONTROLBANKS,N
20800,J_1,A2CONTROLMEDIA,N
20800,J_1,A2LOYALTY,N
20800,J_1,A2DISEASE,N
20800,J_1,A3WEALTH,N
20800,J_1,A3STINGY,N
20800,J_1,A3UNPATRIOTIC,N
20800,J_1,A3CARICATURE,N
20800,J_1,A3VIOLENCE,N
20800,J_1,A3SYNAGOGUE,N
20800,J_1,A3SWASTIKA,N
20800,J_1,A3DISCRIMINATION,N
4790,J_1,A1ESSENTIAL,N
4790,J_1,A2EVIL,N
4790,J_1,A2CONSPIRACY,N
4790,J_1,A2HIDDENPOWER,N
4790,J_1,A2COLLECTIVEAGENDA,N
4790,J_1,A2CONTROLGOV,N
4790,J_1,A2CONTROLBANKS,N
4790,J_1,A2CONTROLMEDIA,N
4790,J_1,A2LOYALTY,N
4790,J_1,A2DISEASE,N
4790,J_1,A3WEALTH,N
4790,J_1,A3STINGY,N
4790,J_1,A3UNPATRIOTIC,N
4790,J_1,A3CARICATURE,N
4790,J_1,A3VIOLENCE,N
4790,J_1,A3SYNAGOGUE,N
4790,J_1,A3SWASTIKA,N
4790,J_1,A3DISCRIMINATION,N
36873,J_1,A1ESSENTIAL,N
36873,J_1,A2EVIL,N
36873,J_1,A2CONSPIRACY,N
36873,J_1,A2HIDDENPOWER,N
36873,J_1,A2COLLECTIVEAGENDA,N
36873,J_1,A2CONTROLGOV,N
36873,J_1,A2CONTROLBANKS,N
36873,J_1,A2CONTROLMEDIA,N
36873,J_1,A2LOYALTY,N
36873,J_1,A2DISEASE,N
36873,J_1,A3WEALTH,N
36873,J_1,A3STINGY,N
36873,J_1,A3UNPATRIOTIC,N
36873,J_1,A3CARICATURE,N
36873,J_1,A3VIOLENCE,N
36873,J_1,A3SYNAGOGUE,N
36873,J_1,A3SWASTIKA,N
36873,J_1,A3DISCRIMINATION,N
46291,J_1,A1ESSENTIAL,N
46291,J_1,A2EVIL,N
46291,J_1,A2CONSPIRACY,N
46291,J_1,A2HIDDENPOWER,N
46291,J_1,A2COLLECTIVEAGENDA,N
46291,J_1,A2CONTROLGOV,N
46291,J_1,A2CONTROLBANKS,N
46291,J_1,A2CONTROLMEDIA,N
46291,J_1,A2LOYALTY,N
46291,J_1,A2DISEASE,N
46291,J_1,A3WEALTH,N
46291,J_1,A3STINGY,N
46291,J_1,A3UNPATRIOTIC,N
46291,J_1,A3CARICATURE,N
46291,J_1,A3VIOLENCE,N
46291,J_1,A3SYNAGOGUE,N
46291,J_1,A3SWASTIKA,N
46291,J_1,A3DISCRIMINATION,N
11025,J_1,A1ESSENTIAL,N
11025,J_1,A2EVIL,N
11025,J_1,A2CONSPIRACY,N
11025,J_1,A2HIDDENPOWER,N
11025,J_1,A2COLLECTIVEAGENDA,N
11025,J_1,A2CONTROLGOV,N
11025,J_1,A2CONTROLBANKS,N
11025,J_1,A2CONTROLMEDIA,N
11025,J_1,A2LOYALTY,N
11025,J_1,A2DISEASE,N
11025,J_1,A3WEALTH,N
11025,J_1,A3STINGY,N
11025,J_1,A3UNPATRIOTIC,N
11025,J_1,A3CARICATURE,N
11025,J_1,A3VIOLENCE,N
11025,J_1,A3SYNAGOGUE,N
11025,J_1,A3SWASTIKA,N
11025,J_1,A3DISCRIMINATION,N
9251,J_1,A1ESSENTIAL,N
9251,J_1,A2EVIL,N
9251,J_1,A2CONSPIRACY,N
9251,J_1,A2HIDDENPOWER,N
9251,J_1,A2COLLECTIVEAGENDA,N
9251,J_1,A2CONTROLGOV,N
9251,J_1,A2CONTROLBANKS,N
9251,J_1,A2CONTROLMEDIA,N
9251,J_1,A2LOYALTY,N
9251,J_1,A2DISEASE,N
9251,J_1,A3WEALTH,N
9251,J_1,A3STINGY,N
9251,J_1,A3UNPATRIOTIC,N
9251,J_1,A3CARICATURE,N
9251,J_1,A3VIOLENCE,N
9251,J_1,A3SYNAGOGUE,N
9251,J_1,A3SWASTIKA,N
9251,J_1,A3DISCRIMINATION,N
11234,J_1,A1ESSENTIAL,N
11234,J_1,A2EVIL,N
11234,J_1,A2CONSPIRACY,N
11234,J_1,A2HIDDENPOWER,N
11234,J_1,A2COLLECTIVEAGENDA,N
11234,J_1,A2CONTROLGOV,N
11234,J_1,A2CONTROLBANKS,N
11234,J_1,A2CONTROLMEDIA,N
11234,J_1,A2LOYALTY,N
11234,J_1,A2DISEASE,N
11234,J_1,A3WEALTH,N
11234,J_1,A3STINGY,N
11234,J_1,A3UNPATRIOTIC,N
11234,J_1,A3CARICATURE,N
11234,J_1,A3VIOLENCE,N
11234,J_1,A3SYNAGOGUE,N
11234,J_1,A3SWASTIKA,N
11234,J_1,A3DISCRIMINATION,N
24869,J_1,A1ESSENTIAL,N
24869,J_1,A2EVIL,N
24869,J_1,A2CONSPIRACY,N
24869,J_1,A2HIDDENPOWER,N
24869,J_1,A2COLLECTIVEAGENDA,N
24869,J_1,A2CONTROLGOV,N
24869,J_1,A2CONTROLBANKS,N
24869,J_1,A2CONTROLMEDIA,N
24869,J_1,A2LOYALTY,N
24869,J_1,A2DISEASE,N
24869,J_1,A3WEALTH,N
24869,J_1,A3STINGY,N
24869,J_1,A3UNPATRIOTIC,N
24869,J_1,A3CARICATURE,N
24869,J_1,A3VIOLENCE,N
24869,J_1,A3SYNAGOGUE,N
24869,J_1,A3SWASTIKA,N
24869,J_1,A3DISCRIMINATION,N
21592,J_1,A1ESSENTIAL,N
21592,J_1,A2EVIL,N
21592,J_1,A2CONSPIRACY,N
21592,J_1,A2HIDDENPOWER,N
21592,J_1,A2COLLECTIVEAGENDA,N
21592,J_1,A2CONTROLGOV,N
21592,J_1,A2CONTROLBANKS,N
21592,J_1,A2CONTROLMEDIA,N
21592,J_1,A2LOYALTY,N
21592,J_1,A2DISEASE,N
21592,J_1,A3WEALTH,N
21592,J_1,A3STINGY,N
21592,J_1,A3UNPATRIOTIC,N
21592,J_1,A3CARICATURE,N
21592,J_1,A3VIOLENCE,N
21592,J_1,A3SYNAGOGUE,N
21592,J_1,A3SWASTIKA,N
21592,J_1,A3DISCRIMINATION,N
28375,J_1,A1ESSENTIAL,N
28375,J_1,A2EVIL,N
28375,J_1,A2CONSPIRACY,N
28375,J_1,A2HIDDENPOWER,N
28375,J_1,A2COLLECTIVEAGENDA,N
28375,J_1,A2CONTROLGOV,N
28375,J_1,A2CONTROLBANKS,N
28375,J_1,A2CONTROLMEDIA,N
28375,J_1,A2LOYALTY,N
28375,J_1,A2DISEASE,N
28375,J_1,A3WEALTH,N
28375,J_1,A3STINGY,N
28375,J_1,A3UNPATRIOTIC,N
28375,J_1,A3CARICATURE,N
28375,J_1,A3VIOLENCE,N
28375,J_1,A3SYNAGOGUE,N
28375,J_1,A3SWASTIKA,N
28375,J_1,A3DISCRIMINATION,N
40617,J_1,A1ESSENTIAL,E
40617,J_1,A2EVIL,E
40617,J_1,A2CONSPIRACY,E
40617,J_1,A2HIDDENPOWER,I
40617,J_1,A2COLLECTIVEAGENDA,E
40617,J_1,A2CONTROLGOV,N
40617,J_1,A2CONTROLBANKS,N
40617,J_1,A2CONTROLMEDIA,N
40617,J_1,A2LOYALTY,I
40617,J_1,A2DISEASE,N
40617,J_1,A3WEALTH,N
40617,J_1,A3STINGY,N
40617,J_1,A3UNPATRIOTIC,E
40617,J_1,A3CARICATURE,N
40617,J_1,A3VIOLENCE,N
40617,J_1,A3SYNAGOGUE,N
40617,J_1,A3SWASTIKA,N
40617,J_1,A3DISCRIMINATION,N
33322,J_1,A1ESSENTIAL,N
33322,J_1,A2EVIL,N
33322,J_1,A2CONSPIRACY,N
33322,J_1,A2HIDDENPOWER,N
33322,J_1,A2COLLECTIVEAGENDA,N
33322,J_1,A2CONTROLGOV,N
33322,J_1,A2CONTROLBANKS,N
33322,J_1,A2CONTROLMEDIA,N
33322,J_1,A2LOYALTY,N
33322,J_1,A2DISEASE,N
33322,J_1,A3WEALTH,N
33322,J_1,A3STINGY,N
33322,J_1,A3UNPATRIOTIC,N
33322,J_1,A3CARICATURE,N
33322,J_1,A3VIOLENCE,N
33322,J_1,A3SYNAGOGUE,N
33322,J_1,A3SWASTIKA,N
33322,J_1,A3DISCRIMINATION,N
27281,J_1,A1ESSENTIAL,N
27281,J_1,A2EVIL,N
27281,J_1,A2CONSPIRACY,N
27281,J_1,A2HIDDENPOWER,N
27281,J_1,A2COLLECTIVEAGENDA,N
27281,J_1,A2CONTROLGOV,N
27281,J_1,A2CONTROLBANKS,N
27281,J_1,A2CONTROLMEDIA,N
27281,J_1,A2LOYALTY,N
27281,J_1,A2DISEASE,N
27281,J_1,A3WEALTH,N
27281,J_1,A3STINGY,N
27281,J_1,A3UNPATRIOTIC,N
27281,J_1,A3CARICATURE,N
27281,J_1,A3VIOLENCE,N
27281,J_1,A3SYNAGOGUE,N
27281,J_1,A3SWASTIKA,N
27281,J_1,A3DISCRIMINATION,N
42879,J_1,A1ESSENTIAL,N
42879,J_1,A2EVIL,N
42879,J_1,A2CONSPIRACY,N
42879,J_1,A2HIDDENPOWER,N
42879,J_1,A2COLLECTIVEAGENDA,N
42879,J_1,A2CONTROLGOV,N
42879,J_1,A2CONTROLBANKS,N
42879,J_1,A2CONTROLMEDIA,N
42879,J_1,A2LOYALTY,N
42879,J_1,A2DISEASE,N
42879,J_1,A3WEALTH,N
42879,J_1,A3STINGY,N
42879,J_1,A3UNPATRIOTIC,N
42879,J_1,A3CARICATURE,N
42879,J_1,A3VIOLENCE,N
42879,J_1,A3SYNAGOGUE,N
42879,J_1,A3SWASTIKA,N
42879,J_1,A3DISCRIMINATION,N
34192,J_1,A1ESSENTIAL,N
34192,J_1,A2EVIL,N
34192,J_1,A2CONSPIRACY,N
34192,J_1,A2HIDDENPOWER,N
34192,J_1,A2COLLECTIVEAGENDA,N
34192,J_1,A2CONTROLGOV,N
34192,J_1,A2CONTROLBANKS,N
34192,J_1,A2CONTROLMEDIA,N
34192,J_1,A2LOYALTY,N
34192,J_1,A2DISEASE,N
34192,J_1,A3WEALTH,N
34192,J_1,A3STINGY,N
34192,J_1,A3UNPATRIOTIC,N
34192,J_1,A3CARICATURE,N
34192,J_1,A3VIOLENCE,N
34192,J_1,A3SYNAGOGUE,N
34192,J_1,A3SWASTIKA,N
34192,J_1,A3DISCRIMINATION,N
44572,J_1,A1ESSENTIAL,N
44572,J_1,A2EVIL,N
44572,J_1,A2CONSPIRACY,N
44572,J_1,A2HIDDENPOWER,N
44572,J_1,A2COLLECTIVEAGENDA,N
44572,J_1,A2CONTROLGOV,N
44572,J_1,A2CONTROLBANKS,N
44572,J_1,A2CONTROLMEDIA,N
44572,J_1,A2LOYALTY,N
44572,J_1,A2DISEASE,N
44572,J_1,A3WEALTH,N
44572,J_1,A3STINGY,N
44572,J_1,A3UNPATRIOTIC,N
44572,J_1,A3CARICATURE,N
44572,J_1,A3VIOLENCE,N
44572,J_1,A3SYNAGOGUE,N
44572,J_1,A3SWASTIKA,N
44572,J_1,A3DISCRIMINATION,N
20576,J_1,A1ESSENTIAL,N
20576,J_1,A2EVIL,N
20576,J_1,A2CONSPIRACY,N
20576,J_1,A2HIDDENPOWER,N
20576,J_1,A2COLLECTIVEAGENDA,N
20576,J_1,A2CONTROLGOV,N
20576,J_1,A2CONTROLBANKS,N
20576,J_1,A2CONTROLMEDIA,N
20576,J_1,A2LOYALTY,N
20576,J_1,A2DISEASE,N
20576,J_1,A3WEALTH,N
20576,J_1,A3STINGY,N
20576,J_1,A3UNPATRIOTIC,N
20576,J_1,A3CARICATURE,N
20576,J_1,A3VIOLENCE,N
20576,J_1,A3SYNAGOGUE,N
20576,J_1,A3SWASTIKA,N
20576,J_1,A3DISCRIMINATION,N
1699,J_1,A1ESSENTIAL,N
1699,J_1,A2EVIL,N
1699,J_1,A2CONSPIRACY,N
1699,J_1,A2HIDDENPOWER,N
1699,J_1,A2COLLECTIVEAGENDA,N
1699,J_1,A2CONTROLGOV,N
1699,J_1,A2CONTROLBANKS,N
1699,J_1,A2CONTROLMEDIA,N
1699,J_1,A2LOYALTY,N
1699,J_1,A2DISEASE,N
1699,J_1,A3WEALTH,N
1699,J_1,A3STINGY,N
1699,J_1,A3UNPATRIOTIC,N
1699,J_1,A3CARICATURE,N
1699,J_1,A3VIOLENCE,N
1699,J_1,A3SYNAGOGUE,N
1699,J_1,A3SWASTIKA,N
1699,J_1,A3DISCRIMINATION,N
25110,J_1,A1ESSENTIAL,N
25110,J_1,A2EVIL,N
25110,J_1,A2CONSPIRACY,N
25110,J_1,A2HIDDENPOWER,N
25110,J_1,A2COLLECTIVEAGENDA,N
25110,J_1,A2CONTROLGOV,N
25110,J_1,A2CONTROLBANKS,N
25110,J_1,A2CONTROLMEDIA,N
25110,J_1,A2LOYALTY,N
25110,J_1,A2DISEASE,N
25110,J_1,A3WEALTH,N
25110,J_1,A3STINGY,N
25110,J_1,A3UNPATRIOTIC,N
25110,J_1,A3CARICATURE,N
25110,J_1,A3VIOLENCE,N
25110,J_1,A3SYNAGOGUE,N
25110,J_1,A3SWASTIKA,N
25110,J_1,A3DISCRIMINATION,N
9240,J_1,A1ESSENTIAL,N
9240,J_1,A2EVIL,N
9240,J_1,A2CONSPIRACY,N
9240,J_1,A2HIDDENPOWER,N
9240,J_1,A2COLLECTIVEAGENDA,N
9240,J_1,A2CONTROLGOV,N
9240,J_1,A2CONTROLBANKS,N
9240,J_1,A2CONTROLMEDIA,N
9240,J_1,A2LOYALTY,N
9240,J_1,A2DISEASE,N
9240,J_1,A3WEALTH,N
9240,J_1,A3STINGY,N
9240,J_1,A3UNPATRIOTIC,N
9240,J_1,A3CARICATURE,N
9240,J_1,A3VIOLENCE,N
9240,J_1,A3SYNAGOGUE,N
9240,J_1,A3SWASTIKA,N
9240,J_1,A3DISCRIMINATION,N
3722,J_1,A1ESSENTIAL,N
3722,J_1,A2EVIL,N
3722,J_1,A2CONSPIRACY,N
3722,J_1,A2HIDDENPOWER,N
3722,J_1,A2COLLECTIVEAGENDA,N
3722,J_1,A2CONTROLGOV,N
3722,J_1,A2CONTROLBANKS,N
3722,J_1,A2CONTROLMEDIA,N
3722,J_1,A2LOYALTY,N
3722,J_1,A2DISEASE,N
3722,J_1,A3WEALTH,N
3722,J_1,A3STINGY,N
3722,J_1,A3UNPATRIOTIC,N
3722,J_1,A3CARICATURE,N
3722,J_1,A3VIOLENCE,N
3722,J_1,A3SYNAGOGUE,N
3722,J_1,A3SWASTIKA,N
3722,J_1,A3DISCRIMINATION,N
2512,J_1,A1ESSENTIAL,N
2512,J_1,A2EVIL,N
2512,J_1,A2CONSPIRACY,N
2512,J_1,A2HIDDENPOWER,N
2512,J_1,A2COLLECTIVEAGENDA,N
2512,J_1,A2CONTROLGOV,N
2512,J_1,A2CONTROLBANKS,N
2512,J_1,A2CONTROLMEDIA,N
2512,J_1,A2LOYALTY,N
2512,J_1,A2DISEASE,N
2512,J_1,A3WEALTH,N
2512,J_1,A3STINGY,N
2512,J_1,A3UNPATRIOTIC,N
2512,J_1,A3CARICATURE,N
2512,J_1,A3VIOLENCE,N
2512,J_1,A3SYNAGOGUE,N
2512,J_1,A3SWASTIKA,N
2512,J_1,A3DISCRIMINATION,N
48511,J_1,A1ESSENTIAL,N
48511,J_1,A2EVIL,N
48511,J_1,A2CONSPIRACY,I
48511,J_1,A2HIDDENPOWER,N
48511,J_1,A2COLLECTIVEAGENDA,N
48511,J_1,A2CONTROLGOV,N
48511,J_1,A2CONTROLBANKS,N
48511,J_1,A2CONTROLMEDIA,N
48511,J_1,A2LOYALTY,N
48511,J_1,A2DISEASE,N
48511,J_1,A3WEALTH,N
48511,J_1,A3STINGY,N
48511,J_1,A3UNPATRIOTIC,N
48511,J_1,A3CARICATURE,N
48511,J_1,A3VIOLENCE,N
48511,J_1,A3SYNAGOGUE,N
48511,J_1,A3SWASTIKA,N
48511,J_1,A3DISCRIMINATION,N
27144,J_1,A1ESSENTIAL,N
27144,J_1,A2EVIL,N
27144,J_1,A2CONSPIRACY,N
27144,J_1,A2HIDDENPOWER,N
27144,J_1,A2COLLECTIVEAGENDA,N
27144,J_1,A2CONTROLGOV,N
27144,J_1,A2CONTROLBANKS,N
27144,J_1,A2CONTROLMEDIA,N
27144,J_1,A2LOYALTY,N
27144,J_1,A2DISEASE,N
27144,J_1,A3WEALTH,N
27144,J_1,A3STINGY,N
27144,J_1,A3UNPATRIOTIC,N
27144,J_1,A3CARICATURE,N
27144,J_1,A3VIOLENCE,N
27144,J_1,A3SYNAGOGUE,N
27144,J_1,A3SWASTIKA,N
27144,J_1,A3DISCRIMINATION,N
19073,J_1,A1ESSENTIAL,E
19073,J_1,A2EVIL,N
19073,J_1,A2CONSPIRACY,E
19073,J_1,A2HIDDENPOWER,E
19073,J_1,A2COLLECTIVEAGENDA,E
19073,J_1,A2CONTROLGOV,I
19073,J_1,A2CONTROLBANKS,N
19073,J_1,A2CONTROLMEDIA,N
19073,J_1,A2LOYALTY,I
19073,J_1,A2DISEASE,N
19073,J_1,A3WEALTH,I
19073,J_1,A3STINGY,N
19073,J_1,A3UNPATRIOTIC,N
19073,J_1,A3CARICATURE,N
19073,J_1,A3VIOLENCE,N
19073,J_1,A3SYNAGOGUE,N
19073,J_1,A3SWASTIKA,N
19073,J_1,A3DISCRIMINATION,N
15447,J_1,A1ESSENTIAL,N
15447,J_1,A2EVIL,N
15447,J_1,A2CONSPIRACY,N
15447,J_1,A2HIDDENPOWER,N
15447,J_1,A2COLLECTIVEAGENDA,N
15447,J_1,A2CONTROLGOV,N
15447,J_1,A2CONTROLBANKS,N
15447,J_1,A2CONTROLMEDIA,N
15447,J_1,A2LOYALTY,N
15447,J_1,A2DISEASE,N
15447,J_1,A3WEALTH,N
15447,J_1,A3STINGY,N
15447,J_1,A3UNPATRIOTIC,N
15447,J_1,A3CARICATURE,N
15447,J_1,A3VIOLENCE,N
15447,J_1,A3SYNAGOGUE,N
15447,J_1,A3SWASTIKA,N
15447,J_1,A3DISCRIMINATION,N
30068,J_1,A1ESSENTIAL,A
30068,J_1,A2EVIL,N
30068,J_1,A2CONSPIRACY,N
30068,J_1,A2HIDDENPOWER,N
30068,J_1,A2COLLECTIVEAGENDA,N
30068,J_1,A2CONTROLGOV,N
30068,J_1,A2CONTROLBANKS,N
30068,J_1,A2CONTROLMEDIA,N
30068,J_1,A2LOYALTY,N
30068,J_1,A2DISEASE,N
30068,J_1,A3WEALTH,N
30068,J_1,A3STINGY,N
30068,J_1,A3UNPATRIOTIC,N
30068,J_1,A3CARICATURE,N
30068,J_1,A3VIOLENCE,N
30068,J_1,A3SYNAGOGUE,N
30068,J_1,A3SWASTIKA,N
30068,J_1,A3DISCRIMINATION,N
28567,J_1,A1ESSENTIAL,N
28567,J_1,A2EVIL,N
28567,J_1,A2CONSPIRACY,N
28567,J_1,A2HIDDENPOWER,N
28567,J_1,A2COLLECTIVEAGENDA,N
28567,J_1,A2CONTROLGOV,N
28567,J_1,A2CONTROLBANKS,N
28567,J_1,A2CONTROLMEDIA,N
28567,J_1,A2LOYALTY,N
28567,J_1,A2DISEASE,N
28567,J_1,A3WEALTH,N
28567,J_1,A3STINGY,N
28567,J_1,A3UNPATRIOTIC,N
28567,J_1,A3CARICATURE,N
28567,J_1,A3VIOLENCE,N
28567,J_1,A3SYNAGOGUE,N
28567,J_1,A3SWASTIKA,N
28567,J_1,A3DISCRIMINATION,N
26593,J_1,A1ESSENTIAL,N
26593,J_1,A2EVIL,N
26593,J_1,A2CONSPIRACY,N
26593,J_1,A2HIDDENPOWER,N
26593,J_1,A2COLLECTIVEAGENDA,N
26593,J_1,A2CONTROLGOV,N
26593,J_1,A2CONTROLBANKS,N
26593,J_1,A2CONTROLMEDIA,N
26593,J_1,A2LOYALTY,N
26593,J_1,A2DISEASE,N
26593,J_1,A3WEALTH,N
26593,J_1,A3STINGY,N
26593,J_1,A3UNPATRIOTIC,N
26593,J_1,A3CARICATURE,N
26593,J_1,A3VIOLENCE,N
26593,J_1,A3SYNAGOGUE,N
26593,J_1,A3SWASTIKA,N
26593,J_1,A3DISCRIMINATION,N
45458,J_1,A1ESSENTIAL,N
45458,J_1,A2EVIL,A
45458,J_1,A2CONSPIRACY,N
45458,J_1,A2HIDDENPOWER,N
45458,J_1,A2COLLECTIVEAGENDA,N
45458,J_1,A2CONTROLGOV,N
45458,J_1,A2CONTROLBANKS,N
45458,J_1,A2CONTROLMEDIA,N
45458,J_1,A2LOYALTY,N
45458,J_1,A2DISEASE,N
45458,J_1,A3WEALTH,N
45458,J_1,A3STINGY,N
45458,J_1,A3UNPATRIOTIC,N
45458,J_1,A3CARICATURE,N
45458,J_1,A3VIOLENCE,N
45458,J_1,A3SYNAGOGUE,N
45458,J_1,A3SWASTIKA,N
45458,J_1,A3DISCRIMINATION,N
38404,J_1,A1ESSENTIAL,I
38404,J_1,A2EVIL,I
38404,J_1,A2CONSPIRACY,I
38404,J_1,A2HIDDENPOWER,I
38404,J_1,A2COLLECTIVEAGENDA,I
38404,J_1,A2CONTROLGOV,N
38404,J_1,A2CONTROLBANKS,N
38404,J_1,A2CONTROLMEDIA,N
38404,J_1,A2LOYALTY,N
38404,J_1,A2DISEASE,N
38404,J_1,A3WEALTH,I
38404,J_1,A3STINGY,N
38404,J_1,A3UNPATRIOTIC,N
38404,J_1,A3CARICATURE,N
38404,J_1,A3VIOLENCE,N
38404,J_1,A3SYNAGOGUE,N
38404,J_1,A3SWASTIKA,N
38404,J_1,A3DISCRIMINATION,N
6936,J_1,A1ESSENTIAL,N
6936,J_1,A2EVIL,N
6936,J_1,A2CONSPIRACY,N
6936,J_1,A2HIDDENPOWER,N
6936,J_1,A2COLLECTIVEAGENDA,N
6936,J_1,A2CONTROLGOV,N
6936,J_1,A2CONTROLBANKS,N
6936,J_1,A2CONTROLMEDIA,N
6936,J_1,A2LOYALTY,N
6936,J_1,A2DISEASE,N
6936,J_1,A3WEALTH,N
6936,J_1,A3STINGY,N
6936,J_1,A3UNPATRIOTIC,N
6936,J_1,A3CARICATURE,N
6936,J_1,A3VIOLENCE,N
6936,J_1,A3SYNAGOGUE,N
6936,J_1,A3SWASTIKA,N
6936,J_1,A3DISCRIMINATION,N
41889,J_1,A1ESSENTIAL,A
41889,J_1,A2EVIL,N
41889,J_1,A2CONSPIRACY,N
41889,J_1,A2HIDDENPOWER,N
41889,J_1,A2COLLECTIVEAGENDA,N
41889,J_1,A2CONTROLGOV,N
41889,J_1,A2CONTROLBANKS,N
41889,J_1,A2CONTROLMEDIA,N
41889,J_1,A2LOYALTY,N
41889,J_1,A2DISEASE,N
41889,J_1,A3WEALTH,N
41889,J_1,A3STINGY,N
41889,J_1,A3UNPATRIOTIC,N
41889,J_1,A3CARICATURE,N
41889,J_1,A3VIOLENCE,N
41889,J_1,A3SYNAGOGUE,N
41889,J_1,A3SWASTIKA,N
41889,J_1,A3DISCRIMINATION,N
8025,J_1,A1ESSENTIAL,N
8025,J_1,A2EVIL,N
8025,J_1,A2CONSPIRACY,N
8025,J_1,A2HIDDENPOWER,N
8025,J_1,A2COLLECTIVEAGENDA,N
8025,J_1,A2CONTROLGOV,N
8025,J_1,A2CONTROLBANKS,N
8025,J_1,A2CONTROLMEDIA,N
8025,J_1,A2LOYALTY,N
8025,J_1,A2DISEASE,N
8025,J_1,A3WEALTH,N
8025,J_1,A3STINGY,N
8025,J_1,A3UNPATRIOTIC,N
8025,J_1,A3CARICATURE,N
8025,J_1,A3VIOLENCE,N
8025,J_1,A3SYNAGOGUE,N
8025,J_1,A3SWASTIKA,N
8025,J_1,A3DISCRIMINATION,N
27901,J_1,A1ESSENTIAL,N
27901,J_1,A2EVIL,N
27901,J_1,A2CONSPIRACY,N
27901,J_1,A2HIDDENPOWER,N
27901,J_1,A2COLLECTIVEAGENDA,N
27901,J_1,A2CONTROLGOV,N
27901,J_1,A2CONTROLBANKS,N
27901,J_1,A2CONTROLMEDIA,N
27901,J_1,A2LOYALTY,N
27901,J_1,A2DISEASE,N
27901,J_1,A3WEALTH,N
27901,J_1,A3STINGY,N
27901,J_1,A3UNPATRIOTIC,N
27901,J_1,A3CARICATURE,N
27901,J_1,A3VIOLENCE,N
27901,J_1,A3SYNAGOGUE,N
27901,J_1,A3SWASTIKA,N
27901,J_1,A3DISCRIMINATION,N
31827,J_1,A1ESSENTIAL,N
31827,J_1,A2EVIL,N
31827,J_1,A2CONSPIRACY,N
31827,J_1,A2HIDDENPOWER,N
31827,J_1,A2COLLECTIVEAGENDA,N
31827,J_1,A2CONTROLGOV,N
31827,J_1,A2CONTROLBANKS,N
31827,J_1,A2CONTROLMEDIA,N
31827,J_1,A2LOYALTY,N
31827,J_1,A2DISEASE,N
31827,J_1,A3WEALTH,N
31827,J_1,A3STINGY,N
31827,J_1,A3UNPATRIOTIC,N
31827,J_1,A3CARICATURE,N
31827,J_1,A3VIOLENCE,N
31827,J_1,A3SYNAGOGUE,N
31827,J_1,A3SWASTIKA,N
31827,J_1,A3DISCRIMINATION,N
10710,J_1,A1ESSENTIAL,N
10710,J_1,A2EVIL,N
10710,J_1,A2CONSPIRACY,N
10710,J_1,A2HIDDENPOWER,N
10710,J_1,A2COLLECTIVEAGENDA,N
10710,J_1,A2CONTROLGOV,N
10710,J_1,A2CONTROLBANKS,N
10710,J_1,A2CONTROLMEDIA,N
10710,J_1,A2LOYALTY,N
10710,J_1,A2DISEASE,N
10710,J_1,A3WEALTH,N
10710,J_1,A3STINGY,N
10710,J_1,A3UNPATRIOTIC,N
10710,J_1,A3CARICATURE,N
10710,J_1,A3VIOLENCE,N
10710,J_1,A3SYNAGOGUE,N
10710,J_1,A3SWASTIKA,N
10710,J_1,A3DISCRIMINATION,N
20732,J_1,A1ESSENTIAL,I
20732,J_1,A2EVIL,I
20732,J_1,A2CONSPIRACY,N
20732,J_1,A2HIDDENPOWER,N
20732,J_1,A2COLLECTIVEAGENDA,I
20732,J_1,A2CONTROLGOV,N
20732,J_1,A2CONTROLBANKS,N
20732,J_1,A2CONTROLMEDIA,N
20732,J_1,A2LOYALTY,N
20732,J_1,A2DISEASE,N
20732,J_1,A3WEALTH,N
20732,J_1,A3STINGY,N
20732,J_1,A3UNPATRIOTIC,N
20732,J_1,A3CARICATURE,N
20732,J_1,A3VIOLENCE,N
20732,J_1,A3SYNAGOGUE,N
20732,J_1,A3SWASTIKA,N
20732,J_1,A3DISCRIMINATION,N
30299,J_1,A1ESSENTIAL,A
30299,J_1,A2EVIL,E
30299,J_1,A2CONSPIRACY,I
30299,J_1,A2HIDDENPOWER,N
30299,J_1,A2COLLECTIVEAGENDA,I
30299,J_1,A2CONTROLGOV,N
30299,J_1,A2CONTROLBANKS,N
30299,J_1,A2CONTROLMEDIA,N
30299,J_1,A2LOYALTY,N
30299,J_1,A2DISEASE,N
30299,J_1,A3WEALTH,N
30299,J_1,A3STINGY,N
30299,J_1,A3UNPATRIOTIC,N
30299,J_1,A3CARICATURE,N
30299,J_1,A3VIOLENCE,N
30299,J_1,A3SYNAGOGUE,N
30299,J_1,A3SWASTIKA,N
30299,J_1,A3DISCRIMINATION,N
14309,J_1,A1ESSENTIAL,N
14309,J_1,A2EVIL,N
14309,J_1,A2CONSPIRACY,N
14309,J_1,A2HIDDENPOWER,N
14309,J_1,A2COLLECTIVEAGENDA,N
14309,J_1,A2CONTROLGOV,N
14309,J_1,A2CONTROLBANKS,N
14309,J_1,A2CONTROLMEDIA,N
14309,J_1,A2LOYALTY,N
14309,J_1,A2DISEASE,N
14309,J_1,A3WEALTH,N
14309,J_1,A3STINGY,N
14309,J_1,A3UNPATRIOTIC,N
14309,J_1,A3CARICATURE,N
14309,J_1,A3VIOLENCE,N
14309,J_1,A3SYNAGOGUE,N
14309,J_1,A3SWASTIKA,N
14309,J_1,A3DISCRIMINATION,N
20192,J_1,A1ESSENTIAL,N
20192,J_1,A2EVIL,N
20192,J_1,A2CONSPIRACY,N
20192,J_1,A2HIDDENPOWER,N
20192,J_1,A2COLLECTIVEAGENDA,N
20192,J_1,A2CONTROLGOV,N
20192,J_1,A2CONTROLBANKS,N
20192,J_1,A2CONTROLMEDIA,N
20192,J_1,A2LOYALTY,N
20192,J_1,A2DISEASE,N
20192,J_1,A3WEALTH,N
20192,J_1,A3STINGY,N
20192,J_1,A3UNPATRIOTIC,N
20192,J_1,A3CARICATURE,N
20192,J_1,A3VIOLENCE,N
20192,J_1,A3SYNAGOGUE,N
20192,J_1,A3SWASTIKA,N
20192,J_1,A3DISCRIMINATION,N
16522,J_1,A1ESSENTIAL,A
16522,J_1,A2EVIL,A
16522,J_1,A2CONSPIRACY,N
16522,J_1,A2HIDDENPOWER,N
16522,J_1,A2COLLECTIVEAGENDA,A
16522,J_1,A2CONTROLGOV,N
16522,J_1,A2CONTROLBANKS,N
16522,J_1,A2CONTROLMEDIA,N
16522,J_1,A2LOYALTY,N
16522,J_1,A2DISEASE,N
16522,J_1,A3WEALTH,N
16522,J_1,A3STINGY,N
16522,J_1,A3UNPATRIOTIC,N
16522,J_1,A3CARICATURE,N
16522,J_1,A3VIOLENCE,A
16522,J_1,A3SYNAGOGUE,N
16522,J_1,A3SWASTIKA,N
16522,J_1,A3DISCRIMINATION,N
7244,J_1,A1ESSENTIAL,N
7244,J_1,A2EVIL,N
7244,J_1,A2CONSPIRACY,N
7244,J_1,A2HIDDENPOWER,N
7244,J_1,A2COLLECTIVEAGENDA,N
7244,J_1,A2CONTROLGOV,N
7244,J_1,A2CONTROLBANKS,N
7244,J_1,A2CONTROLMEDIA,N
7244,J_1,A2LOYALTY,N
7244,J_1,A2DISEASE,N
7244,J_1,A3WEALTH,N
7244,J_1,A3STINGY,N
7244,J_1,A3UNPATRIOTIC,N
7244,J_1,A3CARICATURE,N
7244,J_1,A3VIOLENCE,N
7244,J_1,A3SYNAGOGUE,N
7244,J_1,A3SWASTIKA,N
7244,J_1,A3DISCRIMINATION,N
49490,J_1,A1ESSENTIAL,N
49490,J_1,A2EVIL,N
49490,J_1,A2CONSPIRACY,N
49490,J_1,A2HIDDENPOWER,N
49490,J_1,A2COLLECTIVEAGENDA,N
49490,J_1,A2CONTROLGOV,N
49490,J_1,A2CONTROLBANKS,N
49490,J_1,A2CONTROLMEDIA,N
49490,J_1,A2LOYALTY,N
49490,J_1,A2DISEASE,N
49490,J_1,A3WEALTH,N
49490,J_1,A3STINGY,N
49490,J_1,A3UNPATRIOTIC,N
49490,J_1,A3CARICATURE,N
49490,J_1,A3VIOLENCE,N
49490,J_1,A3SYNAGOGUE,N
49490,J_1,A3SWASTIKA,N
49490,J_1,A3DISCRIMINATION,N
18182,J_1,A1ESSENTIAL,N
18182,J_1,A2EVIL,N
18182,J_1,A2CONSPIRACY,N
18182,J_1,A2HIDDENPOWER,N
18182,J_1,A2COLLECTIVEAGENDA,N
18182,J_1,A2CONTROLGOV,N
18182,J_1,A2CONTROLBANKS,N
18182,J_1,A2CONTROLMEDIA,N
18182,J_1,A2LOYALTY,N
18182,J_1,A2DISEASE,N
18182,J_1,A3WEALTH,N
18182,J_1,A3STINGY,N
18182,J_1,A3UNPATRIOTIC,N
18182,J_1,A3CARICATURE,N
18182,J_1,A3VIOLENCE,N
18182,J_1,A3SYNAGOGUE,N
18182,J_1,A3SWASTIKA,N
18182,J_1,A3DISCRIMINATION,N
34095,J_1,A1ESSENTIAL,N
34095,J_1,A2EVIL,N
34095,J_1,A2CONSPIRACY,N
34095,J_1,A2HIDDENPOWER,N
34095,J_1,A2COLLECTIVEAGENDA,N
34095,J_1,A2CONTROLGOV,N
34095,J_1,A2CONTROLBANKS,N
34095,J_1,A2CONTROLMEDIA,N
34095,J_1,A2LOYALTY,N
34095,J_1,A2DISEASE,N
34095,J_1,A3WEALTH,N
34095,J_1,A3STINGY,N
34095,J_1,A3UNPATRIOTIC,N
34095,J_1,A3CARICATURE,N
34095,J_1,A3VIOLENCE,N
34095,J_1,A3SYNAGOGUE,N
34095,J_1,A3SWASTIKA,N
34095,J_1,A3DISCRIMINATION,N
41096,J_1,A1ESSENTIAL,A
41096,J_1,A2EVIL,N
41096,J_1,A2CONSPIRACY,N
41096,J_1,A2HIDDENPOWER,N
41096,J_1,A2COLLECTIVEAGENDA,N
41096,J_1,A2CONTROLGOV,N
41096,J_1,A2CONTROLBANKS,N
41096,J_1,A2CONTROLMEDIA,N
41096,J_1,A2LOYALTY,N
41096,J_1,A2DISEASE,N
41096,J_1,A3WEALTH,N
41096,J_1,A3STINGY,N
41096,J_1,A3UNPATRIOTIC,N
41096,J_1,A3CARICATURE,I
41096,J_1,A3VIOLENCE,N
41096,J_1,A3SYNAGOGUE,N
41096,J_1,A3SWASTIKA,N
41096,J_1,A3DISCRIMINATION,N
1730,J_1,A1ESSENTIAL,N
1730,J_1,A2EVIL,N
1730,J_1,A2CONSPIRACY,N
1730,J_1,A2HIDDENPOWER,N
1730,J_1,A2COLLECTIVEAGENDA,N
1730,J_1,A2CONTROLGOV,N
1730,J_1,A2CONTROLBANKS,N
1730,J_1,A2CONTROLMEDIA,N
1730,J_1,A2LOYALTY,N
1730,J_1,A2DISEASE,N
1730,J_1,A3WEALTH,N
1730,J_1,A3STINGY,N
1730,J_1,A3UNPATRIOTIC,N
1730,J_1,A3CARICATURE,N
1730,J_1,A3VIOLENCE,N
1730,J_1,A3SYNAGOGUE,N
1730,J_1,A3SWASTIKA,N
1730,J_1,A3DISCRIMINATION,N
25919,J_1,A1ESSENTIAL,N
25919,J_1,A2EVIL,N
25919,J_1,A2CONSPIRACY,N
25919,J_1,A2HIDDENPOWER,N
25919,J_1,A2COLLECTIVEAGENDA,N
25919,J_1,A2CONTROLGOV,N
25919,J_1,A2CONTROLBANKS,N
25919,J_1,A2CONTROLMEDIA,N
25919,J_1,A2LOYALTY,N
25919,J_1,A2DISEASE,N
25919,J_1,A3WEALTH,N
25919,J_1,A3STINGY,N
25919,J_1,A3UNPATRIOTIC,N
25919,J_1,A3CARICATURE,N
25919,J_1,A3VIOLENCE,N
25919,J_1,A3SYNAGOGUE,N
25919,J_1,A3SWASTIKA,N
25919,J_1,A3DISCRIMINATION,N
1981,J_1,A1ESSENTIAL,A
1981,J_1,A2EVIL,A
1981,J_1,A2CONSPIRACY,N
1981,J_1,A2HIDDENPOWER,N
1981,J_1,A2COLLECTIVEAGENDA,N
1981,J_1,A2CONTROLGOV,N
1981,J_1,A2CONTROLBANKS,N
1981,J_1,A2CONTROLMEDIA,N
1981,J_1,A2LOYALTY,N
1981,J_1,A2DISEASE,N
1981,J_1,A3WEALTH,N
1981,J_1,A3STINGY,N
1981,J_1,A3UNPATRIOTIC,N
1981,J_1,A3CARICATURE,N
1981,J_1,A3VIOLENCE,N
1981,J_1,A3SYNAGOGUE,N
1981,J_1,A3SWASTIKA,N
1981,J_1,A3DISCRIMINATION,N
43183,J_1,A1ESSENTIAL,N
43183,J_1,A2EVIL,N
43183,J_1,A2CONSPIRACY,N
43183,J_1,A2HIDDENPOWER,N
43183,J_1,A2COLLECTIVEAGENDA,N
43183,J_1,A2CONTROLGOV,N
43183,J_1,A2CONTROLBANKS,N
43183,J_1,A2CONTROLMEDIA,N
43183,J_1,A2LOYALTY,N
43183,J_1,A2DISEASE,N
43183,J_1,A3WEALTH,N
43183,J_1,A3STINGY,N
43183,J_1,A3UNPATRIOTIC,N
43183,J_1,A3CARICATURE,N
43183,J_1,A3VIOLENCE,N
43183,J_1,A3SYNAGOGUE,N
43183,J_1,A3SWASTIKA,N
43183,J_1,A3DISCRIMINATION,N
3749,J_1,A1ESSENTIAL,I
3749,J_1,A2EVIL,N
3749,J_1,A2CONSPIRACY,N
3749,J_1,A2HIDDENPOWER,N
3749,J_1,A2COLLECTIVEAGENDA,N
3749,J_1,A2CONTROLGOV,N
3749,J_1,A2CONTROLBANKS,N
3749,J_1,A2CONTROLMEDIA,I
3749,J_1,A2LOYALTY,N
3749,J_1,A2DISEASE,N
3749,J_1,A3WEALTH,N
3749,J_1,A3STINGY,N
3749,J_1,A3UNPATRIOTIC,N
3749,J_1,A3CARICATURE,N
3749,J_1,A3VIOLENCE,N
3749,J_1,A3SYNAGOGUE,N
3749,J_1,A3SWASTIKA,N
3749,J_1,A3DISCRIMINATION,N
43138,J_1,A1ESSENTIAL,E
43138,J_1,A2EVIL,E
43138,J_1,A2CONSPIRACY,N
43138,J_1,A2HIDDENPOWER,N
43138,J_1,A2COLLECTIVEAGENDA,N
43138,J_1,A2CONTROLGOV,N
43138,J_1,A2CONTROLBANKS,N
43138,J_1,A2CONTROLMEDIA,N
43138,J_1,A2LOYALTY,N
43138,J_1,A2DISEASE,N
43138,J_1,A3WEALTH,N
43138,J_1,A3STINGY,N
43138,J_1,A3UNPATRIOTIC,N
43138,J_1,A3CARICATURE,N
43138,J_1,A3VIOLENCE,N
43138,J_1,A3SYNAGOGUE,N
43138,J_1,A3SWASTIKA,N
43138,J_1,A3DISCRIMINATION,N
12203,J_1,A1ESSENTIAL,N
12203,J_1,A2EVIL,N
12203,J_1,A2CONSPIRACY,N
12203,J_1,A2HIDDENPOWER,N
12203,J_1,A2COLLECTIVEAGENDA,N
12203,J_1,A2CONTROLGOV,N
12203,J_1,A2CONTROLBANKS,N
12203,J_1,A2CONTROLMEDIA,N
12203,J_1,A2LOYALTY,N
12203,J_1,A2DISEASE,N
12203,J_1,A3WEALTH,N
12203,J_1,A3STINGY,N
12203,J_1,A3UNPATRIOTIC,N
12203,J_1,A3CARICATURE,N
12203,J_1,A3VIOLENCE,N
12203,J_1,A3SYNAGOGUE,N
12203,J_1,A3SWASTIKA,N
12203,J_1,A3DISCRIMINATION,N
16035,J_1,A1ESSENTIAL,E
16035,J_1,A2EVIL,E
16035,J_1,A2CONSPIRACY,I
16035,J_1,A2HIDDENPOWER,N
16035,J_1,A2COLLECTIVEAGENDA,E
16035,J_1,A2CONTROLGOV,N
16035,J_1,A2CONTROLBANKS,N
16035,J_1,A2CONTROLMEDIA,N
16035,J_1,A2LOYALTY,N
16035,J_1,A2DISEASE,N
16035,J_1,A3WEALTH,N
16035,J_1,A3STINGY,N
16035,J_1,A3UNPATRIOTIC,N
16035,J_1,A3CARICATURE,N
16035,J_1,A3VIOLENCE,N
16035,J_1,A3SYNAGOGUE,N
16035,J_1,A3SWASTIKA,N
16035,J_1,A3DISCRIMINATION,N
25108,J_1,A1ESSENTIAL,N
25108,J_1,A2EVIL,N
25108,J_1,A2CONSPIRACY,N
25108,J_1,A2HIDDENPOWER,N
25108,J_1,A2COLLECTIVEAGENDA,N
25108,J_1,A2CONTROLGOV,N
25108,J_1,A2CONTROLBANKS,N
25108,J_1,A2CONTROLMEDIA,N
25108,J_1,A2LOYALTY,N
25108,J_1,A2DISEASE,N
25108,J_1,A3WEALTH,N
25108,J_1,A3STINGY,N
25108,J_1,A3UNPATRIOTIC,N
25108,J_1,A3CARICATURE,N
25108,J_1,A3VIOLENCE,N
25108,J_1,A3SYNAGOGUE,N
25108,J_1,A3SWASTIKA,N
25108,J_1,A3DISCRIMINATION,N
30599,J_1,A1ESSENTIAL,N
30599,J_1,A2EVIL,N
30599,J_1,A2CONSPIRACY,N
30599,J_1,A2HIDDENPOWER,N
30599,J_1,A2COLLECTIVEAGENDA,N
30599,J_1,A2CONTROLGOV,N
30599,J_1,A2CONTROLBANKS,N
30599,J_1,A2CONTROLMEDIA,N
30599,J_1,A2LOYALTY,N
30599,J_1,A2DISEASE,N
30599,J_1,A3WEALTH,N
30599,J_1,A3STINGY,N
30599,J_1,A3UNPATRIOTIC,N
30599,J_1,A3CARICATURE,N
30599,J_1,A3VIOLENCE,N
30599,J_1,A3SYNAGOGUE,N
30599,J_1,A3SWASTIKA,N
30599,J_1,A3DISCRIMINATION,N
34010,J_1,A1ESSENTIAL,E
34010,J_1,A2EVIL,E
34010,J_1,A2CONSPIRACY,N
34010,J_1,A2HIDDENPOWER,N
34010,J_1,A2COLLECTIVEAGENDA,I
34010,J_1,A2CONTROLGOV,N
34010,J_1,A2CONTROLBANKS,N
34010,J_1,A2CONTROLMEDIA,N
34010,J_1,A2LOYALTY,N
34010,J_1,A2DISEASE,N
34010,J_1,A3WEALTH,N
34010,J_1,A3STINGY,N
34010,J_1,A3UNPATRIOTIC,N
34010,J_1,A3CARICATURE,N
34010,J_1,A3VIOLENCE,E
34010,J_1,A3SYNAGOGUE,N
34010,J_1,A3SWASTIKA,N
34010,J_1,A3DISCRIMINATION,N
10135,J_1,A1ESSENTIAL,N
10135,J_1,A2EVIL,N
10135,J_1,A2CONSPIRACY,N
10135,J_1,A2HIDDENPOWER,N
10135,J_1,A2COLLECTIVEAGENDA,N
10135,J_1,A2CONTROLGOV,N
10135,J_1,A2CONTROLBANKS,N
10135,J_1,A2CONTROLMEDIA,N
10135,J_1,A2LOYALTY,N
10135,J_1,A2DISEASE,N
10135,J_1,A3WEALTH,N
10135,J_1,A3STINGY,N
10135,J_1,A3UNPATRIOTIC,N
10135,J_1,A3CARICATURE,N
10135,J_1,A3VIOLENCE,N
10135,J_1,A3SYNAGOGUE,N
10135,J_1,A3SWASTIKA,N
10135,J_1,A3DISCRIMINATION,N
5056,J_1,A1ESSENTIAL,N
5056,J_1,A2EVIL,N
5056,J_1,A2CONSPIRACY,N
5056,J_1,A2HIDDENPOWER,N
5056,J_1,A2COLLECTIVEAGENDA,N
5056,J_1,A2CONTROLGOV,N
5056,J_1,A2CONTROLBANKS,N
5056,J_1,A2CONTROLMEDIA,N
5056,J_1,A2LOYALTY,N
5056,J_1,A2DISEASE,N
5056,J_1,A3WEALTH,N
5056,J_1,A3STINGY,N
5056,J_1,A3UNPATRIOTIC,N
5056,J_1,A3CARICATURE,N
5056,J_1,A3VIOLENCE,N
5056,J_1,A3SYNAGOGUE,N
5056,J_1,A3SWASTIKA,N
5056,J_1,A3DISCRIMINATION,N
2135,J_1,A1ESSENTIAL,N
2135,J_1,A2EVIL,N
2135,J_1,A2CONSPIRACY,N
2135,J_1,A2HIDDENPOWER,N
2135,J_1,A2COLLECTIVEAGENDA,N
2135,J_1,A2CONTROLGOV,N
2135,J_1,A2CONTROLBANKS,N
2135,J_1,A2CONTROLMEDIA,N
2135,J_1,A2LOYALTY,A
2135,J_1,A2DISEASE,N
2135,J_1,A3WEALTH,N
2135,J_1,A3STINGY,N
2135,J_1,A3UNPATRIOTIC,N
2135,J_1,A3CARICATURE,N
2135,J_1,A3VIOLENCE,N
2135,J_1,A3SYNAGOGUE,N
2135,J_1,A3SWASTIKA,N
2135,J_1,A3DISCRIMINATION,N
31888,J_1,A1ESSENTIAL,N
31888,J_1,A2EVIL,N
31888,J_1,A2CONSPIRACY,N
31888,J_1,A2HIDDENPOWER,N
31888,J_1,A2COLLECTIVEAGENDA,N
31888,J_1,A2CONTROLGOV,N
31888,J_1,A2CONTROLBANKS,N
31888,J_1,A2CONTROLMEDIA,N
31888,J_1,A2LOYALTY,N
31888,J_1,A2DISEASE,N
31888,J_1,A3WEALTH,N
31888,J_1,A3STINGY,N
31888,J_1,A3UNPATRIOTIC,N
31888,J_1,A3CARICATURE,N
31888,J_1,A3VIOLENCE,N
31888,J_1,A3SYNAGOGUE,N
31888,J_1,A3SWASTIKA,N
31888,J_1,A3DISCRIMINATION,N
34023,J_1,A1ESSENTIAL,E
34023,J_1,A2EVIL,E
34023,J_1,A2CONSPIRACY,N
34023,J_1,A2HIDDENPOWER,N
34023,J_1,A2COLLECTIVEAGENDA,N
34023,J_1,A2CONTROLGOV,N
34023,J_1,A2CONTROLBANKS,N
34023,J_1,A2CONTROLMEDIA,N
34023,J_1,A2LOYALTY,N
34023,J_1,A2DISEASE,N
34023,J_1,A3WEALTH,N
34023,J_1,A3STINGY,N
34023,J_1,A3UNPATRIOTIC,N
34023,J_1,A3CARICATURE,N
34023,J_1,A3VIOLENCE,N
34023,J_1,A3SYNAGOGUE,N
34023,J_1,A3SWASTIKA,N
34023,J_1,A3DISCRIMINATION,N
2166,J_1,A1ESSENTIAL,I
2166,J_1,A2EVIL,I
2166,J_1,A2CONSPIRACY,N
2166,J_1,A2HIDDENPOWER,N
2166,J_1,A2COLLECTIVEAGENDA,N
2166,J_1,A2CONTROLGOV,N
2166,J_1,A2CONTROLBANKS,N
2166,J_1,A2CONTROLMEDIA,N
2166,J_1,A2LOYALTY,N
2166,J_1,A2DISEASE,N
2166,J_1,A3WEALTH,I
2166,J_1,A3STINGY,I
2166,J_1,A3UNPATRIOTIC,N
2166,J_1,A3CARICATURE,N
2166,J_1,A3VIOLENCE,N
2166,J_1,A3SYNAGOGUE,N
2166,J_1,A3SWASTIKA,N
2166,J_1,A3DISCRIMINATION,N
658,J_1,A1ESSENTIAL,N
658,J_1,A2EVIL,N
658,J_1,A2CONSPIRACY,N
658,J_1,A2HIDDENPOWER,N
658,J_1,A2COLLECTIVEAGENDA,N
658,J_1,A2CONTROLGOV,N
658,J_1,A2CONTROLBANKS,N
658,J_1,A2CONTROLMEDIA,N
658,J_1,A2LOYALTY,N
658,J_1,A2DISEASE,N
658,J_1,A3WEALTH,N
658,J_1,A3STINGY,N
658,J_1,A3UNPATRIOTIC,N
658,J_1,A3CARICATURE,N
658,J_1,A3VIOLENCE,N
658,J_1,A3SYNAGOGUE,N
658,J_1,A3SWASTIKA,N
658,J_1,A3DISCRIMINATION,N
9021,J_1,A1ESSENTIAL,N
9021,J_1,A2EVIL,N
9021,J_1,A2CONSPIRACY,N
9021,J_1,A2HIDDENPOWER,N
9021,J_1,A2COLLECTIVEAGENDA,N
9021,J_1,A2CONTROLGOV,N
9021,J_1,A2CONTROLBANKS,N
9021,J_1,A2CONTROLMEDIA,N
9021,J_1,A2LOYALTY,N
9021,J_1,A2DISEASE,N
9021,J_1,A3WEALTH,N
9021,J_1,A3STINGY,N
9021,J_1,A3UNPATRIOTIC,N
9021,J_1,A3CARICATURE,N
9021,J_1,A3VIOLENCE,N
9021,J_1,A3SYNAGOGUE,N
9021,J_1,A3SWASTIKA,N
9021,J_1,A3DISCRIMINATION,N
9181,J_1,A1ESSENTIAL,N
9181,J_1,A2EVIL,N
9181,J_1,A2CONSPIRACY,N
9181,J_1,A2HIDDENPOWER,N
9181,J_1,A2COLLECTIVEAGENDA,N
9181,J_1,A2CONTROLGOV,N
9181,J_1,A2CONTROLBANKS,N
9181,J_1,A2CONTROLMEDIA,N
9181,J_1,A2LOYALTY,N
9181,J_1,A2DISEASE,N
9181,J_1,A3WEALTH,N
9181,J_1,A3STINGY,N
9181,J_1,A3UNPATRIOTIC,N
9181,J_1,A3CARICATURE,N
9181,J_1,A3VIOLENCE,N
9181,J_1,A3SYNAGOGUE,N
9181,J_1,A3SWASTIKA,N
9181,J_1,A3DISCRIMINATION,N
26748,J_1,A1ESSENTIAL,N
26748,J_1,A2EVIL,N
26748,J_1,A2CONSPIRACY,N
26748,J_1,A2HIDDENPOWER,N
26748,J_1,A2COLLECTIVEAGENDA,N
26748,J_1,A2CONTROLGOV,N
26748,J_1,A2CONTROLBANKS,N
26748,J_1,A2CONTROLMEDIA,N
26748,J_1,A2LOYALTY,N
26748,J_1,A2DISEASE,N
26748,J_1,A3WEALTH,N
26748,J_1,A3STINGY,N
26748,J_1,A3UNPATRIOTIC,N
26748,J_1,A3CARICATURE,N
26748,J_1,A3VIOLENCE,N
26748,J_1,A3SYNAGOGUE,N
26748,J_1,A3SWASTIKA,N
26748,J_1,A3DISCRIMINATION,N
6874,J_1,A1ESSENTIAL,N
6874,J_1,A2EVIL,N
6874,J_1,A2CONSPIRACY,N
6874,J_1,A2HIDDENPOWER,N
6874,J_1,A2COLLECTIVEAGENDA,N
6874,J_1,A2CONTROLGOV,N
6874,J_1,A2CONTROLBANKS,N
6874,J_1,A2CONTROLMEDIA,N
6874,J_1,A2LOYALTY,N
6874,J_1,A2DISEASE,N
6874,J_1,A3WEALTH,N
6874,J_1,A3STINGY,N
6874,J_1,A3UNPATRIOTIC,N
6874,J_1,A3CARICATURE,N
6874,J_1,A3VIOLENCE,N
6874,J_1,A3SYNAGOGUE,N
6874,J_1,A3SWASTIKA,N
6874,J_1,A3DISCRIMINATION,N
31397,J_1,A1ESSENTIAL,N
31397,J_1,A2EVIL,N
31397,J_1,A2CONSPIRACY,N
31397,J_1,A2HIDDENPOWER,N
31397,J_1,A2COLLECTIVEAGENDA,N
31397,J_1,A2CONTROLGOV,N
31397,J_1,A2CONTROLBANKS,N
31397,J_1,A2CONTROLMEDIA,N
31397,J_1,A2LOYALTY,N
31397,J_1,A2DISEASE,N
31397,J_1,A3WEALTH,N
31397,J_1,A3STINGY,N
31397,J_1,A3UNPATRIOTIC,N
31397,J_1,A3CARICATURE,N
31397,J_1,A3VIOLENCE,N
31397,J_1,A3SYNAGOGUE,N
31397,J_1,A3SWASTIKA,N
31397,J_1,A3DISCRIMINATION,N
41909,J_1,A1ESSENTIAL,N
41909,J_1,A2EVIL,N
41909,J_1,A2CONSPIRACY,N
41909,J_1,A2HIDDENPOWER,N
41909,J_1,A2COLLECTIVEAGENDA,N
41909,J_1,A2CONTROLGOV,N
41909,J_1,A2CONTROLBANKS,N
41909,J_1,A2CONTROLMEDIA,N
41909,J_1,A2LOYALTY,N
41909,J_1,A2DISEASE,N
41909,J_1,A3WEALTH,N
41909,J_1,A3STINGY,N
41909,J_1,A3UNPATRIOTIC,N
41909,J_1,A3CARICATURE,N
41909,J_1,A3VIOLENCE,N
41909,J_1,A3SYNAGOGUE,N
41909,J_1,A3SWASTIKA,N
41909,J_1,A3DISCRIMINATION,N
11419,J_1,A1ESSENTIAL,N
11419,J_1,A2EVIL,N
11419,J_1,A2CONSPIRACY,N
11419,J_1,A2HIDDENPOWER,N
11419,J_1,A2COLLECTIVEAGENDA,N
11419,J_1,A2CONTROLGOV,N
11419,J_1,A2CONTROLBANKS,N
11419,J_1,A2CONTROLMEDIA,N
11419,J_1,A2LOYALTY,N
11419,J_1,A2DISEASE,N
11419,J_1,A3WEALTH,N
11419,J_1,A3STINGY,N
11419,J_1,A3UNPATRIOTIC,N
11419,J_1,A3CARICATURE,N
11419,J_1,A3VIOLENCE,N
11419,J_1,A3SYNAGOGUE,N
11419,J_1,A3SWASTIKA,N
11419,J_1,A3DISCRIMINATION,N
13119,J_1,A1ESSENTIAL,I
13119,J_1,A2EVIL,N
13119,J_1,A2CONSPIRACY,N
13119,J_1,A2HIDDENPOWER,N
13119,J_1,A2COLLECTIVEAGENDA,N
13119,J_1,A2CONTROLGOV,N
13119,J_1,A2CONTROLBANKS,N
13119,J_1,A2CONTROLMEDIA,N
13119,J_1,A2LOYALTY,N
13119,J_1,A2DISEASE,N
13119,J_1,A3WEALTH,N
13119,J_1,A3STINGY,N
13119,J_1,A3UNPATRIOTIC,N
13119,J_1,A3CARICATURE,N
13119,J_1,A3VIOLENCE,I
13119,J_1,A3SYNAGOGUE,N
13119,J_1,A3SWASTIKA,N
13119,J_1,A3DISCRIMINATION,N
17725,J_1,A1ESSENTIAL,N
17725,J_1,A2EVIL,N
17725,J_1,A2CONSPIRACY,N
17725,J_1,A2HIDDENPOWER,N
17725,J_1,A2COLLECTIVEAGENDA,N
17725,J_1,A2CONTROLGOV,N
17725,J_1,A2CONTROLBANKS,N
17725,J_1,A2CONTROLMEDIA,N
17725,J_1,A2LOYALTY,N
17725,J_1,A2DISEASE,N
17725,J_1,A3WEALTH,N
17725,J_1,A3STINGY,N
17725,J_1,A3UNPATRIOTIC,N
17725,J_1,A3CARICATURE,N
17725,J_1,A3VIOLENCE,N
17725,J_1,A3SYNAGOGUE,N
17725,J_1,A3SWASTIKA,N
17725,J_1,A3DISCRIMINATION,N
34973,J_1,A1ESSENTIAL,N
34973,J_1,A2EVIL,N
34973,J_1,A2CONSPIRACY,N
34973,J_1,A2HIDDENPOWER,N
34973,J_1,A2COLLECTIVEAGENDA,N
34973,J_1,A2CONTROLGOV,N
34973,J_1,A2CONTROLBANKS,N
34973,J_1,A2CONTROLMEDIA,N
34973,J_1,A2LOYALTY,N
34973,J_1,A2DISEASE,N
34973,J_1,A3WEALTH,N
34973,J_1,A3STINGY,N
34973,J_1,A3UNPATRIOTIC,N
34973,J_1,A3CARICATURE,N
34973,J_1,A3VIOLENCE,N
34973,J_1,A3SYNAGOGUE,N
34973,J_1,A3SWASTIKA,N
34973,J_1,A3DISCRIMINATION,N
43805,J_1,A1ESSENTIAL,N
43805,J_1,A2EVIL,N
43805,J_1,A2CONSPIRACY,N
43805,J_1,A2HIDDENPOWER,N
43805,J_1,A2COLLECTIVEAGENDA,N
43805,J_1,A2CONTROLGOV,N
43805,J_1,A2CONTROLBANKS,N
43805,J_1,A2CONTROLMEDIA,N
43805,J_1,A2LOYALTY,N
43805,J_1,A2DISEASE,N
43805,J_1,A3WEALTH,N
43805,J_1,A3STINGY,N
43805,J_1,A3UNPATRIOTIC,N
43805,J_1,A3CARICATURE,N
43805,J_1,A3VIOLENCE,N
43805,J_1,A3SYNAGOGUE,N
43805,J_1,A3SWASTIKA,N
43805,J_1,A3DISCRIMINATION,N
24489,J_1,A1ESSENTIAL,N
24489,J_1,A2EVIL,N
24489,J_1,A2CONSPIRACY,N
24489,J_1,A2HIDDENPOWER,N
24489,J_1,A2COLLECTIVEAGENDA,N
24489,J_1,A2CONTROLGOV,N
24489,J_1,A2CONTROLBANKS,N
24489,J_1,A2CONTROLMEDIA,N
24489,J_1,A2LOYALTY,N
24489,J_1,A2DISEASE,N
24489,J_1,A3WEALTH,N
24489,J_1,A3STINGY,N
24489,J_1,A3UNPATRIOTIC,N
24489,J_1,A3CARICATURE,N
24489,J_1,A3VIOLENCE,N
24489,J_1,A3SYNAGOGUE,N
24489,J_1,A3SWASTIKA,N
24489,J_1,A3DISCRIMINATION,N
32313,J_1,A1ESSENTIAL,N
32313,J_1,A2EVIL,N
32313,J_1,A2CONSPIRACY,N
32313,J_1,A2HIDDENPOWER,N
32313,J_1,A2COLLECTIVEAGENDA,N
32313,J_1,A2CONTROLGOV,N
32313,J_1,A2CONTROLBANKS,N
32313,J_1,A2CONTROLMEDIA,N
32313,J_1,A2LOYALTY,N
32313,J_1,A2DISEASE,N
32313,J_1,A3WEALTH,N
32313,J_1,A3STINGY,N
32313,J_1,A3UNPATRIOTIC,N
32313,J_1,A3CARICATURE,N
32313,J_1,A3VIOLENCE,N
32313,J_1,A3SYNAGOGUE,N
32313,J_1,A3SWASTIKA,N
32313,J_1,A3DISCRIMINATION,N
11598,J_1,A1ESSENTIAL,A
11598,J_1,A2EVIL,N
11598,J_1,A2CONSPIRACY,N
11598,J_1,A2HIDDENPOWER,N
11598,J_1,A2COLLECTIVEAGENDA,N
11598,J_1,A2CONTROLGOV,N
11598,J_1,A2CONTROLBANKS,N
11598,J_1,A2CONTROLMEDIA,N
11598,J_1,A2LOYALTY,N
11598,J_1,A2DISEASE,N
11598,J_1,A3WEALTH,N
11598,J_1,A3STINGY,N
11598,J_1,A3UNPATRIOTIC,N
11598,J_1,A3CARICATURE,N
11598,J_1,A3VIOLENCE,N
11598,J_1,A3SYNAGOGUE,N
11598,J_1,A3SWASTIKA,N
11598,J_1,A3DISCRIMINATION,N
45262,J_1,A1ESSENTIAL,E
45262,J_1,A2EVIL,N
45262,J_1,A2CONSPIRACY,N
45262,J_1,A2HIDDENPOWER,N
45262,J_1,A2COLLECTIVEAGENDA,I
45262,J_1,A2CONTROLGOV,N
45262,J_1,A2CONTROLBANKS,N
45262,J_1,A2CONTROLMEDIA,N
45262,J_1,A2LOYALTY,I
45262,J_1,A2DISEASE,N
45262,J_1,A3WEALTH,N
45262,J_1,A3STINGY,N
45262,J_1,A3UNPATRIOTIC,N
45262,J_1,A3CARICATURE,N
45262,J_1,A3VIOLENCE,N
45262,J_1,A3SYNAGOGUE,N
45262,J_1,A3SWASTIKA,N
45262,J_1,A3DISCRIMINATION,N
1120,J_1,A1ESSENTIAL,N
1120,J_1,A2EVIL,N
1120,J_1,A2CONSPIRACY,N
1120,J_1,A2HIDDENPOWER,N
1120,J_1,A2COLLECTIVEAGENDA,N
1120,J_1,A2CONTROLGOV,N
1120,J_1,A2CONTROLBANKS,N
1120,J_1,A2CONTROLMEDIA,N
1120,J_1,A2LOYALTY,N
1120,J_1,A2DISEASE,N
1120,J_1,A3WEALTH,N
1120,J_1,A3STINGY,N
1120,J_1,A3UNPATRIOTIC,N
1120,J_1,A3CARICATURE,N
1120,J_1,A3VIOLENCE,N
1120,J_1,A3SYNAGOGUE,N
1120,J_1,A3SWASTIKA,N
1120,J_1,A3DISCRIMINATION,N
47283,J_1,A1ESSENTIAL,N
47283,J_1,A2EVIL,N
47283,J_1,A2CONSPIRACY,N
47283,J_1,A2HIDDENPOWER,N
47283,J_1,A2COLLECTIVEAGENDA,N
47283,J_1,A2CONTROLGOV,N
47283,J_1,A2CONTROLBANKS,N
47283,J_1,A2CONTROLMEDIA,N
47283,J_1,A2LOYALTY,N
47283,J_1,A2DISEASE,N
47283,J_1,A3WEALTH,N
47283,J_1,A3STINGY,N
47283,J_1,A3UNPATRIOTIC,N
47283,J_1,A3CARICATURE,N
47283,J_1,A3VIOLENCE,N
47283,J_1,A3SYNAGOGUE,N
47283,J_1,A3SWASTIKA,N
47283,J_1,A3DISCRIMINATION,N
1421,J_1,A1ESSENTIAL,N
1421,J_1,A2EVIL,N
1421,J_1,A2CONSPIRACY,N
1421,J_1,A2HIDDENPOWER,N
1421,J_1,A2COLLECTIVEAGENDA,N
1421,J_1,A2CONTROLGOV,N
1421,J_1,A2CONTROLBANKS,N
1421,J_1,A2CONTROLMEDIA,N
1421,J_1,A2LOYALTY,N
1421,J_1,A2DISEASE,N
1421,J_1,A3WEALTH,N
1421,J_1,A3STINGY,N
1421,J_1,A3UNPATRIOTIC,N
1421,J_1,A3CARICATURE,N
1421,J_1,A3VIOLENCE,N
1421,J_1,A3SYNAGOGUE,N
1421,J_1,A3SWASTIKA,N
1421,J_1,A3DISCRIMINATION,N
27662,J_1,A1ESSENTIAL,N
27662,J_1,A2EVIL,N
27662,J_1,A2CONSPIRACY,N
27662,J_1,A2HIDDENPOWER,N
27662,J_1,A2COLLECTIVEAGENDA,N
27662,J_1,A2CONTROLGOV,N
27662,J_1,A2CONTROLBANKS,N
27662,J_1,A2CONTROLMEDIA,N
27662,J_1,A2LOYALTY,N
27662,J_1,A2DISEASE,N
27662,J_1,A3WEALTH,N
27662,J_1,A3STINGY,N
27662,J_1,A3UNPATRIOTIC,N
27662,J_1,A3CARICATURE,N
27662,J_1,A3VIOLENCE,N
27662,J_1,A3SYNAGOGUE,N
27662,J_1,A3SWASTIKA,N
27662,J_1,A3DISCRIMINATION,N
34086,J_1,A1ESSENTIAL,N
34086,J_1,A2EVIL,I
34086,J_1,A2CONSPIRACY,N
34086,J_1,A2HIDDENPOWER,N
34086,J_1,A2COLLECTIVEAGENDA,I
34086,J_1,A2CONTROLGOV,N
34086,J_1,A2CONTROLBANKS,N
34086,J_1,A2CONTROLMEDIA,N
34086,J_1,A2LOYALTY,N
34086,J_1,A2DISEASE,N
34086,J_1,A3WEALTH,N
34086,J_1,A3STINGY,N
34086,J_1,A3UNPATRIOTIC,N
34086,J_1,A3CARICATURE,N
34086,J_1,A3VIOLENCE,I
34086,J_1,A3SYNAGOGUE,N
34086,J_1,A3SWASTIKA,N
34086,J_1,A3DISCRIMINATION,N
47005,J_1,A1ESSENTIAL,A
47005,J_1,A2EVIL,N
47005,J_1,A2CONSPIRACY,N
47005,J_1,A2HIDDENPOWER,N
47005,J_1,A2COLLECTIVEAGENDA,I
47005,J_1,A2CONTROLGOV,N
47005,J_1,A2CONTROLBANKS,N
47005,J_1,A2CONTROLMEDIA,N
47005,J_1,A2LOYALTY,N
47005,J_1,A2DISEASE,N
47005,J_1,A3WEALTH,N
47005,J_1,A3STINGY,I
47005,J_1,A3UNPATRIOTIC,N
47005,J_1,A3CARICATURE,N
47005,J_1,A3VIOLENCE,N
47005,J_1,A3SYNAGOGUE,N
47005,J_1,A3SWASTIKA,N
47005,J_1,A3DISCRIMINATION,N
34276,J_1,A1ESSENTIAL,N
34276,J_1,A2EVIL,N
34276,J_1,A2CONSPIRACY,N
34276,J_1,A2HIDDENPOWER,N
34276,J_1,A2COLLECTIVEAGENDA,N
34276,J_1,A2CONTROLGOV,N
34276,J_1,A2CONTROLBANKS,N
34276,J_1,A2CONTROLMEDIA,N
34276,J_1,A2LOYALTY,N
34276,J_1,A2DISEASE,N
34276,J_1,A3WEALTH,N
34276,J_1,A3STINGY,N
34276,J_1,A3UNPATRIOTIC,N
34276,J_1,A3CARICATURE,N
34276,J_1,A3VIOLENCE,N
34276,J_1,A3SYNAGOGUE,N
34276,J_1,A3SWASTIKA,N
34276,J_1,A3DISCRIMINATION,N
45387,J_1,A1ESSENTIAL,N
45387,J_1,A2EVIL,N
45387,J_1,A2CONSPIRACY,N
45387,J_1,A2HIDDENPOWER,N
45387,J_1,A2COLLECTIVEAGENDA,N
45387,J_1,A2CONTROLGOV,N
45387,J_1,A2CONTROLBANKS,N
45387,J_1,A2CONTROLMEDIA,N
45387,J_1,A2LOYALTY,N
45387,J_1,A2DISEASE,N
45387,J_1,A3WEALTH,N
45387,J_1,A3STINGY,N
45387,J_1,A3UNPATRIOTIC,N
45387,J_1,A3CARICATURE,N
45387,J_1,A3VIOLENCE,N
45387,J_1,A3SYNAGOGUE,N
45387,J_1,A3SWASTIKA,N
45387,J_1,A3DISCRIMINATION,N
5711,J_1,A1ESSENTIAL,N
5711,J_1,A2EVIL,N
5711,J_1,A2CONSPIRACY,N
5711,J_1,A2HIDDENPOWER,N
5711,J_1,A2COLLECTIVEAGENDA,N
5711,J_1,A2CONTROLGOV,N
5711,J_1,A2CONTROLBANKS,N
5711,J_1,A2CONTROLMEDIA,N
5711,J_1,A2LOYALTY,N
5711,J_1,A2DISEASE,N
5711,J_1,A3WEALTH,N
5711,J_1,A3STINGY,N
5711,J_1,A3UNPATRIOTIC,N
5711,J_1,A3CARICATURE,N
5711,J_1,A3VIOLENCE,N
5711,J_1,A3SYNAGOGUE,N
5711,J_1,A3SWASTIKA,N
5711,J_1,A3DISCRIMINATION,N
13937,J_1,A1ESSENTIAL,N
13937,J_1,A2EVIL,N
13937,J_1,A2CONSPIRACY,N
13937,J_1,A2HIDDENPOWER,N
13937,J_1,A2COLLECTIVEAGENDA,N
13937,J_1,A2CONTROLGOV,N
13937,J_1,A2CONTROLBANKS,N
13937,J_1,A2CONTROLMEDIA,N
13937,J_1,A2LOYALTY,N
13937,J_1,A2DISEASE,N
13937,J_1,A3WEALTH,N
13937,J_1,A3STINGY,N
13937,J_1,A3UNPATRIOTIC,N
13937,J_1,A3CARICATURE,N
13937,J_1,A3VIOLENCE,N
13937,J_1,A3SYNAGOGUE,N
13937,J_1,A3SWASTIKA,N
13937,J_1,A3DISCRIMINATION,N
44923,J_1,A1ESSENTIAL,N
44923,J_1,A2EVIL,N
44923,J_1,A2CONSPIRACY,N
44923,J_1,A2HIDDENPOWER,N
44923,J_1,A2COLLECTIVEAGENDA,N
44923,J_1,A2CONTROLGOV,N
44923,J_1,A2CONTROLBANKS,N
44923,J_1,A2CONTROLMEDIA,N
44923,J_1,A2LOYALTY,N
44923,J_1,A2DISEASE,N
44923,J_1,A3WEALTH,N
44923,J_1,A3STINGY,N
44923,J_1,A3UNPATRIOTIC,N
44923,J_1,A3CARICATURE,N
44923,J_1,A3VIOLENCE,N
44923,J_1,A3SYNAGOGUE,N
44923,J_1,A3SWASTIKA,N
44923,J_1,A3DISCRIMINATION,N
25027,J_1,A1ESSENTIAL,N
25027,J_1,A2EVIL,N
25027,J_1,A2CONSPIRACY,N
25027,J_1,A2HIDDENPOWER,N
25027,J_1,A2COLLECTIVEAGENDA,N
25027,J_1,A2CONTROLGOV,N
25027,J_1,A2CONTROLBANKS,N
25027,J_1,A2CONTROLMEDIA,N
25027,J_1,A2LOYALTY,N
25027,J_1,A2DISEASE,N
25027,J_1,A3WEALTH,N
25027,J_1,A3STINGY,N
25027,J_1,A3UNPATRIOTIC,N
25027,J_1,A3CARICATURE,N
25027,J_1,A3VIOLENCE,N
25027,J_1,A3SYNAGOGUE,N
25027,J_1,A3SWASTIKA,N
25027,J_1,A3DISCRIMINATION,N
29676,J_1,A1ESSENTIAL,N
29676,J_1,A2EVIL,N
29676,J_1,A2CONSPIRACY,N
29676,J_1,A2HIDDENPOWER,N
29676,J_1,A2COLLECTIVEAGENDA,N
29676,J_1,A2CONTROLGOV,N
29676,J_1,A2CONTROLBANKS,N
29676,J_1,A2CONTROLMEDIA,N
29676,J_1,A2LOYALTY,N
29676,J_1,A2DISEASE,N
29676,J_1,A3WEALTH,N
29676,J_1,A3STINGY,N
29676,J_1,A3UNPATRIOTIC,N
29676,J_1,A3CARICATURE,N
29676,J_1,A3VIOLENCE,N
29676,J_1,A3SYNAGOGUE,N
29676,J_1,A3SWASTIKA,N
29676,J_1,A3DISCRIMINATION,N
14471,J_1,A1ESSENTIAL,N
14471,J_1,A2EVIL,N
14471,J_1,A2CONSPIRACY,N
14471,J_1,A2HIDDENPOWER,N
14471,J_1,A2COLLECTIVEAGENDA,N
14471,J_1,A2CONTROLGOV,N
14471,J_1,A2CONTROLBANKS,N
14471,J_1,A2CONTROLMEDIA,N
14471,J_1,A2LOYALTY,N
14471,J_1,A2DISEASE,N
14471,J_1,A3WEALTH,N
14471,J_1,A3STINGY,N
14471,J_1,A3UNPATRIOTIC,N
14471,J_1,A3CARICATURE,N
14471,J_1,A3VIOLENCE,N
14471,J_1,A3SYNAGOGUE,N
14471,J_1,A3SWASTIKA,N
14471,J_1,A3DISCRIMINATION,N
692,J_1,A1ESSENTIAL,I
692,J_1,A2EVIL,I
692,J_1,A2CONSPIRACY,N
692,J_1,A2HIDDENPOWER,N
692,J_1,A2COLLECTIVEAGENDA,N
692,J_1,A2CONTROLGOV,N
692,J_1,A2CONTROLBANKS,N
692,J_1,A2CONTROLMEDIA,N
692,J_1,A2LOYALTY,N
692,J_1,A2DISEASE,N
692,J_1,A3WEALTH,N
692,J_1,A3STINGY,N
692,J_1,A3UNPATRIOTIC,N
692,J_1,A3CARICATURE,N
692,J_1,A3VIOLENCE,N
692,J_1,A3SYNAGOGUE,N
692,J_1,A3SWASTIKA,N
692,J_1,A3DISCRIMINATION,N
12086,J_1,A1ESSENTIAL,N
12086,J_1,A2EVIL,N
12086,J_1,A2CONSPIRACY,N
12086,J_1,A2HIDDENPOWER,N
12086,J_1,A2COLLECTIVEAGENDA,N
12086,J_1,A2CONTROLGOV,N
12086,J_1,A2CONTROLBANKS,N
12086,J_1,A2CONTROLMEDIA,N
12086,J_1,A2LOYALTY,N
12086,J_1,A2DISEASE,N
12086,J_1,A3WEALTH,N
12086,J_1,A3STINGY,N
12086,J_1,A3UNPATRIOTIC,N
12086,J_1,A3CARICATURE,N
12086,J_1,A3VIOLENCE,N
12086,J_1,A3SYNAGOGUE,N
12086,J_1,A3SWASTIKA,N
12086,J_1,A3DISCRIMINATION,N
11514,J_1,A1ESSENTIAL,N
11514,J_1,A2EVIL,N
11514,J_1,A2CONSPIRACY,N
11514,J_1,A2HIDDENPOWER,N
11514,J_1,A2COLLECTIVEAGENDA,N
11514,J_1,A2CONTROLGOV,N
11514,J_1,A2CONTROLBANKS,N
11514,J_1,A2CONTROLMEDIA,N
11514,J_1,A2LOYALTY,N
11514,J_1,A2DISEASE,N
11514,J_1,A3WEALTH,N
11514,J_1,A3STINGY,N
11514,J_1,A3UNPATRIOTIC,N
11514,J_1,A3CARICATURE,N
11514,J_1,A3VIOLENCE,N
11514,J_1,A3SYNAGOGUE,N
11514,J_1,A3SWASTIKA,N
11514,J_1,A3DISCRIMINATION,N
2506,J_1,A1ESSENTIAL,N
2506,J_1,A2EVIL,N
2506,J_1,A2CONSPIRACY,N
2506,J_1,A2HIDDENPOWER,N
2506,J_1,A2COLLECTIVEAGENDA,N
2506,J_1,A2CONTROLGOV,N
2506,J_1,A2CONTROLBANKS,N
2506,J_1,A2CONTROLMEDIA,N
2506,J_1,A2LOYALTY,N
2506,J_1,A2DISEASE,N
2506,J_1,A3WEALTH,N
2506,J_1,A3STINGY,N
2506,J_1,A3UNPATRIOTIC,N
2506,J_1,A3CARICATURE,N
2506,J_1,A3VIOLENCE,N
2506,J_1,A3SYNAGOGUE,N
2506,J_1,A3SWASTIKA,N
2506,J_1,A3DISCRIMINATION,N
11442,J_1,A1ESSENTIAL,N
11442,J_1,A2EVIL,N
11442,J_1,A2CONSPIRACY,N
11442,J_1,A2HIDDENPOWER,N
11442,J_1,A2COLLECTIVEAGENDA,N
11442,J_1,A2CONTROLGOV,N
11442,J_1,A2CONTROLBANKS,N
11442,J_1,A2CONTROLMEDIA,N
11442,J_1,A2LOYALTY,N
11442,J_1,A2DISEASE,N
11442,J_1,A3WEALTH,N
11442,J_1,A3STINGY,N
11442,J_1,A3UNPATRIOTIC,N
11442,J_1,A3CARICATURE,N
11442,J_1,A3VIOLENCE,N
11442,J_1,A3SYNAGOGUE,N
11442,J_1,A3SWASTIKA,N
11442,J_1,A3DISCRIMINATION,N
34131,J_1,A1ESSENTIAL,E
34131,J_1,A2EVIL,E
34131,J_1,A2CONSPIRACY,N
34131,J_1,A2HIDDENPOWER,N
34131,J_1,A2COLLECTIVEAGENDA,N
34131,J_1,A2CONTROLGOV,N
34131,J_1,A2CONTROLBANKS,N
34131,J_1,A2CONTROLMEDIA,N
34131,J_1,A2LOYALTY,N
34131,J_1,A2DISEASE,N
34131,J_1,A3WEALTH,N
34131,J_1,A3STINGY,N
34131,J_1,A3UNPATRIOTIC,N
34131,J_1,A3CARICATURE,N
34131,J_1,A3VIOLENCE,N
34131,J_1,A3SYNAGOGUE,N
34131,J_1,A3SWASTIKA,N
34131,J_1,A3DISCRIMINATION,N
29175,J_1,A1ESSENTIAL,E
29175,J_1,A2EVIL,N
29175,J_1,A2CONSPIRACY,N
29175,J_1,A2HIDDENPOWER,N
29175,J_1,A2COLLECTIVEAGENDA,N
29175,J_1,A2CONTROLGOV,N
29175,J_1,A2CONTROLBANKS,N
29175,J_1,A2CONTROLMEDIA,N
29175,J_1,A2LOYALTY,N
29175,J_1,A2DISEASE,N
29175,J_1,A3WEALTH,N
29175,J_1,A3STINGY,N
29175,J_1,A3UNPATRIOTIC,N
29175,J_1,A3CARICATURE,N
29175,J_1,A3VIOLENCE,N
29175,J_1,A3SYNAGOGUE,N
29175,J_1,A3SWASTIKA,N
29175,J_1,A3DISCRIMINATION,N
34184,J_1,A1ESSENTIAL,N
34184,J_1,A2EVIL,N
34184,J_1,A2CONSPIRACY,N
34184,J_1,A2HIDDENPOWER,N
34184,J_1,A2COLLECTIVEAGENDA,N
34184,J_1,A2CONTROLGOV,N
34184,J_1,A2CONTROLBANKS,N
34184,J_1,A2CONTROLMEDIA,N
34184,J_1,A2LOYALTY,N
34184,J_1,A2DISEASE,N
34184,J_1,A3WEALTH,N
34184,J_1,A3STINGY,N
34184,J_1,A3UNPATRIOTIC,N
34184,J_1,A3CARICATURE,N
34184,J_1,A3VIOLENCE,N
34184,J_1,A3SYNAGOGUE,N
34184,J_1,A3SWASTIKA,N
34184,J_1,A3DISCRIMINATION,N
47660,J_1,A1ESSENTIAL,N
47660,J_1,A2EVIL,N
47660,J_1,A2CONSPIRACY,N
47660,J_1,A2HIDDENPOWER,N
47660,J_1,A2COLLECTIVEAGENDA,N
47660,J_1,A2CONTROLGOV,N
47660,J_1,A2CONTROLBANKS,N
47660,J_1,A2CONTROLMEDIA,N
47660,J_1,A2LOYALTY,N
47660,J_1,A2DISEASE,N
47660,J_1,A3WEALTH,N
47660,J_1,A3STINGY,N
47660,J_1,A3UNPATRIOTIC,N
47660,J_1,A3CARICATURE,N
47660,J_1,A3VIOLENCE,N
47660,J_1,A3SYNAGOGUE,N
47660,J_1,A3SWASTIKA,N
47660,J_1,A3DISCRIMINATION,N
22927,J_1,A1ESSENTIAL,A
22927,J_1,A2EVIL,A
22927,J_1,A2CONSPIRACY,N
22927,J_1,A2HIDDENPOWER,N
22927,J_1,A2COLLECTIVEAGENDA,N
22927,J_1,A2CONTROLGOV,N
22927,J_1,A2CONTROLBANKS,N
22927,J_1,A2CONTROLMEDIA,N
22927,J_1,A2LOYALTY,N
22927,J_1,A2DISEASE,N
22927,J_1,A3WEALTH,N
22927,J_1,A3STINGY,N
22927,J_1,A3UNPATRIOTIC,N
22927,J_1,A3CARICATURE,N
22927,J_1,A3VIOLENCE,N
22927,J_1,A3SYNAGOGUE,N
22927,J_1,A3SWASTIKA,N
22927,J_1,A3DISCRIMINATION,N
42226,J_1,A1ESSENTIAL,N
42226,J_1,A2EVIL,N
42226,J_1,A2CONSPIRACY,N
42226,J_1,A2HIDDENPOWER,N
42226,J_1,A2COLLECTIVEAGENDA,N
42226,J_1,A2CONTROLGOV,N
42226,J_1,A2CONTROLBANKS,N
42226,J_1,A2CONTROLMEDIA,N
42226,J_1,A2LOYALTY,N
42226,J_1,A2DISEASE,N
42226,J_1,A3WEALTH,N
42226,J_1,A3STINGY,N
42226,J_1,A3UNPATRIOTIC,N
42226,J_1,A3CARICATURE,N
42226,J_1,A3VIOLENCE,N
42226,J_1,A3SYNAGOGUE,N
42226,J_1,A3SWASTIKA,N
42226,J_1,A3DISCRIMINATION,N
7323,J_1,A1ESSENTIAL,N
7323,J_1,A2EVIL,N
7323,J_1,A2CONSPIRACY,N
7323,J_1,A2HIDDENPOWER,N
7323,J_1,A2COLLECTIVEAGENDA,N
7323,J_1,A2CONTROLGOV,N
7323,J_1,A2CONTROLBANKS,N
7323,J_1,A2CONTROLMEDIA,N
7323,J_1,A2LOYALTY,N
7323,J_1,A2DISEASE,N
7323,J_1,A3WEALTH,N
7323,J_1,A3STINGY,N
7323,J_1,A3UNPATRIOTIC,N
7323,J_1,A3CARICATURE,N
7323,J_1,A3VIOLENCE,N
7323,J_1,A3SYNAGOGUE,N
7323,J_1,A3SWASTIKA,N
7323,J_1,A3DISCRIMINATION,N
30040,J_1,A1ESSENTIAL,N
30040,J_1,A2EVIL,N
30040,J_1,A2CONSPIRACY,N
30040,J_1,A2HIDDENPOWER,N
30040,J_1,A2COLLECTIVEAGENDA,N
30040,J_1,A2CONTROLGOV,N
30040,J_1,A2CONTROLBANKS,N
30040,J_1,A2CONTROLMEDIA,N
30040,J_1,A2LOYALTY,N
30040,J_1,A2DISEASE,N
30040,J_1,A3WEALTH,N
30040,J_1,A3STINGY,N
30040,J_1,A3UNPATRIOTIC,N
30040,J_1,A3CARICATURE,N
30040,J_1,A3VIOLENCE,N
30040,J_1,A3SYNAGOGUE,N
30040,J_1,A3SWASTIKA,N
30040,J_1,A3DISCRIMINATION,N
48062,J_1,A1ESSENTIAL,I
48062,J_1,A2EVIL,N
48062,J_1,A2CONSPIRACY,N
48062,J_1,A2HIDDENPOWER,N
48062,J_1,A2COLLECTIVEAGENDA,I
48062,J_1,A2CONTROLGOV,N
48062,J_1,A2CONTROLBANKS,N
48062,J_1,A2CONTROLMEDIA,N
48062,J_1,A2LOYALTY,I
48062,J_1,A2DISEASE,N
48062,J_1,A3WEALTH,N
48062,J_1,A3STINGY,N
48062,J_1,A3UNPATRIOTIC,N
48062,J_1,A3CARICATURE,N
48062,J_1,A3VIOLENCE,N
48062,J_1,A3SYNAGOGUE,N
48062,J_1,A3SWASTIKA,N
48062,J_1,A3DISCRIMINATION,N
38127,J_1,A1ESSENTIAL,N
38127,J_1,A2EVIL,N
38127,J_1,A2CONSPIRACY,N
38127,J_1,A2HIDDENPOWER,N
38127,J_1,A2COLLECTIVEAGENDA,N
38127,J_1,A2CONTROLGOV,N
38127,J_1,A2CONTROLBANKS,N
38127,J_1,A2CONTROLMEDIA,N
38127,J_1,A2LOYALTY,N
38127,J_1,A2DISEASE,N
38127,J_1,A3WEALTH,N
38127,J_1,A3STINGY,N
38127,J_1,A3UNPATRIOTIC,N
38127,J_1,A3CARICATURE,N
38127,J_1,A3VIOLENCE,N
38127,J_1,A3SYNAGOGUE,N
38127,J_1,A3SWASTIKA,N
38127,J_1,A3DISCRIMINATION,N
42108,J_1,A1ESSENTIAL,E
42108,J_1,A2EVIL,N
42108,J_1,A2CONSPIRACY,N
42108,J_1,A2HIDDENPOWER,N
42108,J_1,A2COLLECTIVEAGENDA,I
42108,J_1,A2CONTROLGOV,N
42108,J_1,A2CONTROLBANKS,N
42108,J_1,A2CONTROLMEDIA,N
42108,J_1,A2LOYALTY,I
42108,J_1,A2DISEASE,N
42108,J_1,A3WEALTH,N
42108,J_1,A3STINGY,N
42108,J_1,A3UNPATRIOTIC,I
42108,J_1,A3CARICATURE,N
42108,J_1,A3VIOLENCE,N
42108,J_1,A3SYNAGOGUE,N
42108,J_1,A3SWASTIKA,N
42108,J_1,A3DISCRIMINATION,N
11595,J_1,A1ESSENTIAL,N
11595,J_1,A2EVIL,N
11595,J_1,A2CONSPIRACY,N
11595,J_1,A2HIDDENPOWER,N
11595,J_1,A2COLLECTIVEAGENDA,N
11595,J_1,A2CONTROLGOV,N
11595,J_1,A2CONTROLBANKS,N
11595,J_1,A2CONTROLMEDIA,N
11595,J_1,A2LOYALTY,N
11595,J_1,A2DISEASE,N
11595,J_1,A3WEALTH,N
11595,J_1,A3STINGY,N
11595,J_1,A3UNPATRIOTIC,N
11595,J_1,A3CARICATURE,N
11595,J_1,A3VIOLENCE,N
11595,J_1,A3SYNAGOGUE,N
11595,J_1,A3SWASTIKA,N
11595,J_1,A3DISCRIMINATION,N
4481,J_1,A1ESSENTIAL,N
4481,J_1,A2EVIL,N
4481,J_1,A2CONSPIRACY,N
4481,J_1,A2HIDDENPOWER,N
4481,J_1,A2COLLECTIVEAGENDA,N
4481,J_1,A2CONTROLGOV,N
4481,J_1,A2CONTROLBANKS,N
4481,J_1,A2CONTROLMEDIA,N
4481,J_1,A2LOYALTY,N
4481,J_1,A2DISEASE,N
4481,J_1,A3WEALTH,N
4481,J_1,A3STINGY,N
4481,J_1,A3UNPATRIOTIC,N
4481,J_1,A3CARICATURE,N
4481,J_1,A3VIOLENCE,N
4481,J_1,A3SYNAGOGUE,N
4481,J_1,A3SWASTIKA,N
4481,J_1,A3DISCRIMINATION,N
12743,J_1,A1ESSENTIAL,N
12743,J_1,A2EVIL,N
12743,J_1,A2CONSPIRACY,N
12743,J_1,A2HIDDENPOWER,N
12743,J_1,A2COLLECTIVEAGENDA,N
12743,J_1,A2CONTROLGOV,N
12743,J_1,A2CONTROLBANKS,N
12743,J_1,A2CONTROLMEDIA,N
12743,J_1,A2LOYALTY,N
12743,J_1,A2DISEASE,N
12743,J_1,A3WEALTH,N
12743,J_1,A3STINGY,N
12743,J_1,A3UNPATRIOTIC,N
12743,J_1,A3CARICATURE,N
12743,J_1,A3VIOLENCE,N
12743,J_1,A3SYNAGOGUE,N
12743,J_1,A3SWASTIKA,N
12743,J_1,A3DISCRIMINATION,N
46846,J_1,A1ESSENTIAL,N
46846,J_1,A2EVIL,N
46846,J_1,A2CONSPIRACY,N
46846,J_1,A2HIDDENPOWER,N
46846,J_1,A2COLLECTIVEAGENDA,N
46846,J_1,A2CONTROLGOV,N
46846,J_1,A2CONTROLBANKS,N
46846,J_1,A2CONTROLMEDIA,N
46846,J_1,A2LOYALTY,N
46846,J_1,A2DISEASE,N
46846,J_1,A3WEALTH,N
46846,J_1,A3STINGY,N
46846,J_1,A3UNPATRIOTIC,N
46846,J_1,A3CARICATURE,N
46846,J_1,A3VIOLENCE,N
46846,J_1,A3SYNAGOGUE,N
46846,J_1,A3SWASTIKA,N
46846,J_1,A3DISCRIMINATION,N
48310,J_1,A1ESSENTIAL,N
48310,J_1,A2EVIL,N
48310,J_1,A2CONSPIRACY,N
48310,J_1,A2HIDDENPOWER,N
48310,J_1,A2COLLECTIVEAGENDA,N
48310,J_1,A2CONTROLGOV,N
48310,J_1,A2CONTROLBANKS,N
48310,J_1,A2CONTROLMEDIA,N
48310,J_1,A2LOYALTY,N
48310,J_1,A2DISEASE,N
48310,J_1,A3WEALTH,N
48310,J_1,A3STINGY,N
48310,J_1,A3UNPATRIOTIC,N
48310,J_1,A3CARICATURE,N
48310,J_1,A3VIOLENCE,N
48310,J_1,A3SYNAGOGUE,N
48310,J_1,A3SWASTIKA,N
48310,J_1,A3DISCRIMINATION,N
17933,J_1,A1ESSENTIAL,A
17933,J_1,A2EVIL,A
17933,J_1,A2CONSPIRACY,I
17933,J_1,A2HIDDENPOWER,I
17933,J_1,A2COLLECTIVEAGENDA,I
17933,J_1,A2CONTROLGOV,N
17933,J_1,A2CONTROLBANKS,N
17933,J_1,A2CONTROLMEDIA,N
17933,J_1,A2LOYALTY,N
17933,J_1,A2DISEASE,N
17933,J_1,A3WEALTH,N
17933,J_1,A3STINGY,N
17933,J_1,A3UNPATRIOTIC,N
17933,J_1,A3CARICATURE,N
17933,J_1,A3VIOLENCE,N
17933,J_1,A3SYNAGOGUE,N
17933,J_1,A3SWASTIKA,N
17933,J_1,A3DISCRIMINATION,N
5795,J_1,A1ESSENTIAL,N
5795,J_1,A2EVIL,N
5795,J_1,A2CONSPIRACY,N
5795,J_1,A2HIDDENPOWER,N
5795,J_1,A2COLLECTIVEAGENDA,N
5795,J_1,A2CONTROLGOV,N
5795,J_1,A2CONTROLBANKS,N
5795,J_1,A2CONTROLMEDIA,N
5795,J_1,A2LOYALTY,N
5795,J_1,A2DISEASE,N
5795,J_1,A3WEALTH,N
5795,J_1,A3STINGY,N
5795,J_1,A3UNPATRIOTIC,N
5795,J_1,A3CARICATURE,N
5795,J_1,A3VIOLENCE,N
5795,J_1,A3SYNAGOGUE,N
5795,J_1,A3SWASTIKA,N
5795,J_1,A3DISCRIMINATION,N
10768,J_1,A1ESSENTIAL,N
10768,J_1,A2EVIL,N
10768,J_1,A2CONSPIRACY,N
10768,J_1,A2HIDDENPOWER,N
10768,J_1,A2COLLECTIVEAGENDA,N
10768,J_1,A2CONTROLGOV,N
10768,J_1,A2CONTROLBANKS,N
10768,J_1,A2CONTROLMEDIA,N
10768,J_1,A2LOYALTY,N
10768,J_1,A2DISEASE,N
10768,J_1,A3WEALTH,N
10768,J_1,A3STINGY,N
10768,J_1,A3UNPATRIOTIC,N
10768,J_1,A3CARICATURE,N
10768,J_1,A3VIOLENCE,N
10768,J_1,A3SYNAGOGUE,N
10768,J_1,A3SWASTIKA,N
10768,J_1,A3DISCRIMINATION,N
18622,J_1,A1ESSENTIAL,I
18622,J_1,A2EVIL,N
18622,J_1,A2CONSPIRACY,N
18622,J_1,A2HIDDENPOWER,N
18622,J_1,A2COLLECTIVEAGENDA,N
18622,J_1,A2CONTROLGOV,N
18622,J_1,A2CONTROLBANKS,N
18622,J_1,A2CONTROLMEDIA,I
18622,J_1,A2LOYALTY,N
18622,J_1,A2DISEASE,N
18622,J_1,A3WEALTH,N
18622,J_1,A3STINGY,N
18622,J_1,A3UNPATRIOTIC,N
18622,J_1,A3CARICATURE,N
18622,J_1,A3VIOLENCE,N
18622,J_1,A3SYNAGOGUE,N
18622,J_1,A3SWASTIKA,N
18622,J_1,A3DISCRIMINATION,N
42365,J_1,A1ESSENTIAL,N
42365,J_1,A2EVIL,N
42365,J_1,A2CONSPIRACY,N
42365,J_1,A2HIDDENPOWER,N
42365,J_1,A2COLLECTIVEAGENDA,N
42365,J_1,A2CONTROLGOV,N
42365,J_1,A2CONTROLBANKS,N
42365,J_1,A2CONTROLMEDIA,N
42365,J_1,A2LOYALTY,N
42365,J_1,A2DISEASE,N
42365,J_1,A3WEALTH,N
42365,J_1,A3STINGY,N
42365,J_1,A3UNPATRIOTIC,N
42365,J_1,A3CARICATURE,N
42365,J_1,A3VIOLENCE,N
42365,J_1,A3SYNAGOGUE,N
42365,J_1,A3SWASTIKA,N
42365,J_1,A3DISCRIMINATION,N
42919,J_1,A1ESSENTIAL,N
42919,J_1,A2EVIL,N
42919,J_1,A2CONSPIRACY,N
42919,J_1,A2HIDDENPOWER,N
42919,J_1,A2COLLECTIVEAGENDA,N
42919,J_1,A2CONTROLGOV,N
42919,J_1,A2CONTROLBANKS,N
42919,J_1,A2CONTROLMEDIA,N
42919,J_1,A2LOYALTY,N
42919,J_1,A2DISEASE,N
42919,J_1,A3WEALTH,N
42919,J_1,A3STINGY,N
42919,J_1,A3UNPATRIOTIC,N
42919,J_1,A3CARICATURE,N
42919,J_1,A3VIOLENCE,N
42919,J_1,A3SYNAGOGUE,N
42919,J_1,A3SWASTIKA,N
42919,J_1,A3DISCRIMINATION,N
7168,J_1,A1ESSENTIAL,N
7168,J_1,A2EVIL,N
7168,J_1,A2CONSPIRACY,N
7168,J_1,A2HIDDENPOWER,N
7168,J_1,A2COLLECTIVEAGENDA,N
7168,J_1,A2CONTROLGOV,N
7168,J_1,A2CONTROLBANKS,N
7168,J_1,A2CONTROLMEDIA,N
7168,J_1,A2LOYALTY,N
7168,J_1,A2DISEASE,N
7168,J_1,A3WEALTH,N
7168,J_1,A3STINGY,N
7168,J_1,A3UNPATRIOTIC,N
7168,J_1,A3CARICATURE,N
7168,J_1,A3VIOLENCE,N
7168,J_1,A3SYNAGOGUE,N
7168,J_1,A3SWASTIKA,N
7168,J_1,A3DISCRIMINATION,N
5779,J_1,A1ESSENTIAL,N
5779,J_1,A2EVIL,N
5779,J_1,A2CONSPIRACY,N
5779,J_1,A2HIDDENPOWER,N
5779,J_1,A2COLLECTIVEAGENDA,N
5779,J_1,A2CONTROLGOV,N
5779,J_1,A2CONTROLBANKS,N
5779,J_1,A2CONTROLMEDIA,N
5779,J_1,A2LOYALTY,N
5779,J_1,A2DISEASE,N
5779,J_1,A3WEALTH,N
5779,J_1,A3STINGY,N
5779,J_1,A3UNPATRIOTIC,N
5779,J_1,A3CARICATURE,N
5779,J_1,A3VIOLENCE,N
5779,J_1,A3SYNAGOGUE,N
5779,J_1,A3SWASTIKA,N
5779,J_1,A3DISCRIMINATION,N
14847,J_1,A1ESSENTIAL,I
14847,J_1,A2EVIL,I
14847,J_1,A2CONSPIRACY,N
14847,J_1,A2HIDDENPOWER,N
14847,J_1,A2COLLECTIVEAGENDA,N
14847,J_1,A2CONTROLGOV,N
14847,J_1,A2CONTROLBANKS,N
14847,J_1,A2CONTROLMEDIA,N
14847,J_1,A2LOYALTY,N
14847,J_1,A2DISEASE,N
14847,J_1,A3WEALTH,N
14847,J_1,A3STINGY,N
14847,J_1,A3UNPATRIOTIC,N
14847,J_1,A3CARICATURE,N
14847,J_1,A3VIOLENCE,N
14847,J_1,A3SYNAGOGUE,N
14847,J_1,A3SWASTIKA,N
14847,J_1,A3DISCRIMINATION,N
18574,J_1,A1ESSENTIAL,N
18574,J_1,A2EVIL,N
18574,J_1,A2CONSPIRACY,N
18574,J_1,A2HIDDENPOWER,N
18574,J_1,A2COLLECTIVEAGENDA,N
18574,J_1,A2CONTROLGOV,N
18574,J_1,A2CONTROLBANKS,N
18574,J_1,A2CONTROLMEDIA,N
18574,J_1,A2LOYALTY,N
18574,J_1,A2DISEASE,N
18574,J_1,A3WEALTH,N
18574,J_1,A3STINGY,N
18574,J_1,A3UNPATRIOTIC,N
18574,J_1,A3CARICATURE,N
18574,J_1,A3VIOLENCE,N
18574,J_1,A3SYNAGOGUE,N
18574,J_1,A3SWASTIKA,N
18574,J_1,A3DISCRIMINATION,N
28201,J_1,A1ESSENTIAL,N
28201,J_1,A2EVIL,N
28201,J_1,A2CONSPIRACY,N
28201,J_1,A2HIDDENPOWER,N
28201,J_1,A2COLLECTIVEAGENDA,N
28201,J_1,A2CONTROLGOV,N
28201,J_1,A2CONTROLBANKS,N
28201,J_1,A2CONTROLMEDIA,N
28201,J_1,A2LOYALTY,N
28201,J_1,A2DISEASE,N
28201,J_1,A3WEALTH,N
28201,J_1,A3STINGY,N
28201,J_1,A3UNPATRIOTIC,N
28201,J_1,A3CARICATURE,N
28201,J_1,A3VIOLENCE,N
28201,J_1,A3SYNAGOGUE,N
28201,J_1,A3SWASTIKA,N
28201,J_1,A3DISCRIMINATION,N
48952,J_1,A1ESSENTIAL,I
48952,J_1,A2EVIL,I
48952,J_1,A2CONSPIRACY,N
48952,J_1,A2HIDDENPOWER,N
48952,J_1,A2COLLECTIVEAGENDA,N
48952,J_1,A2CONTROLGOV,N
48952,J_1,A2CONTROLBANKS,N
48952,J_1,A2CONTROLMEDIA,N
48952,J_1,A2LOYALTY,N
48952,J_1,A2DISEASE,N
48952,J_1,A3WEALTH,N
48952,J_1,A3STINGY,N
48952,J_1,A3UNPATRIOTIC,N
48952,J_1,A3CARICATURE,N
48952,J_1,A3VIOLENCE,N
48952,J_1,A3SYNAGOGUE,N
48952,J_1,A3SWASTIKA,N
48952,J_1,A3DISCRIMINATION,N
3953,J_1,A1ESSENTIAL,N
3953,J_1,A2EVIL,N
3953,J_1,A2CONSPIRACY,N
3953,J_1,A2HIDDENPOWER,N
3953,J_1,A2COLLECTIVEAGENDA,N
3953,J_1,A2CONTROLGOV,N
3953,J_1,A2CONTROLBANKS,N
3953,J_1,A2CONTROLMEDIA,N
3953,J_1,A2LOYALTY,N
3953,J_1,A2DISEASE,N
3953,J_1,A3WEALTH,N
3953,J_1,A3STINGY,N
3953,J_1,A3UNPATRIOTIC,N
3953,J_1,A3CARICATURE,N
3953,J_1,A3VIOLENCE,N
3953,J_1,A3SYNAGOGUE,N
3953,J_1,A3SWASTIKA,N
3953,J_1,A3DISCRIMINATION,I
29453,J_1,A1ESSENTIAL,N
29453,J_1,A2EVIL,N
29453,J_1,A2CONSPIRACY,N
29453,J_1,A2HIDDENPOWER,N
29453,J_1,A2COLLECTIVEAGENDA,N
29453,J_1,A2CONTROLGOV,N
29453,J_1,A2CONTROLBANKS,N
29453,J_1,A2CONTROLMEDIA,N
29453,J_1,A2LOYALTY,N
29453,J_1,A2DISEASE,N
29453,J_1,A3WEALTH,N
29453,J_1,A3STINGY,N
29453,J_1,A3UNPATRIOTIC,N
29453,J_1,A3CARICATURE,N
29453,J_1,A3VIOLENCE,N
29453,J_1,A3SYNAGOGUE,N
29453,J_1,A3SWASTIKA,N
29453,J_1,A3DISCRIMINATION,N
29557,J_1,A1ESSENTIAL,N
29557,J_1,A2EVIL,N
29557,J_1,A2CONSPIRACY,N
29557,J_1,A2HIDDENPOWER,N
29557,J_1,A2COLLECTIVEAGENDA,N
29557,J_1,A2CONTROLGOV,N
29557,J_1,A2CONTROLBANKS,N
29557,J_1,A2CONTROLMEDIA,I
29557,J_1,A2LOYALTY,N
29557,J_1,A2DISEASE,N
29557,J_1,A3WEALTH,N
29557,J_1,A3STINGY,N
29557,J_1,A3UNPATRIOTIC,N
29557,J_1,A3CARICATURE,N
29557,J_1,A3VIOLENCE,N
29557,J_1,A3SYNAGOGUE,N
29557,J_1,A3SWASTIKA,N
29557,J_1,A3DISCRIMINATION,N
20033,J_1,A1ESSENTIAL,E
20033,J_1,A2EVIL,N
20033,J_1,A2CONSPIRACY,N
20033,J_1,A2HIDDENPOWER,N
20033,J_1,A2COLLECTIVEAGENDA,N
20033,J_1,A2CONTROLGOV,N
20033,J_1,A2CONTROLBANKS,N
20033,J_1,A2CONTROLMEDIA,N
20033,J_1,A2LOYALTY,N
20033,J_1,A2DISEASE,N
20033,J_1,A3WEALTH,N
20033,J_1,A3STINGY,N
20033,J_1,A3UNPATRIOTIC,N
20033,J_1,A3CARICATURE,N
20033,J_1,A3VIOLENCE,N
20033,J_1,A3SYNAGOGUE,N
20033,J_1,A3SWASTIKA,N
20033,J_1,A3DISCRIMINATION,N
41804,J_1,A1ESSENTIAL,N
41804,J_1,A2EVIL,N
41804,J_1,A2CONSPIRACY,N
41804,J_1,A2HIDDENPOWER,N
41804,J_1,A2COLLECTIVEAGENDA,N
41804,J_1,A2CONTROLGOV,N
41804,J_1,A2CONTROLBANKS,N
41804,J_1,A2CONTROLMEDIA,N
41804,J_1,A2LOYALTY,N
41804,J_1,A2DISEASE,N
41804,J_1,A3WEALTH,N
41804,J_1,A3STINGY,N
41804,J_1,A3UNPATRIOTIC,N
41804,J_1,A3CARICATURE,N
41804,J_1,A3VIOLENCE,N
41804,J_1,A3SYNAGOGUE,N
41804,J_1,A3SWASTIKA,N
41804,J_1,A3DISCRIMINATION,N
18772,J_1,A1ESSENTIAL,N
18772,J_1,A2EVIL,N
18772,J_1,A2CONSPIRACY,N
18772,J_1,A2HIDDENPOWER,N
18772,J_1,A2COLLECTIVEAGENDA,N
18772,J_1,A2CONTROLGOV,N
18772,J_1,A2CONTROLBANKS,N
18772,J_1,A2CONTROLMEDIA,N
18772,J_1,A2LOYALTY,N
18772,J_1,A2DISEASE,N
18772,J_1,A3WEALTH,N
18772,J_1,A3STINGY,N
18772,J_1,A3UNPATRIOTIC,N
18772,J_1,A3CARICATURE,N
18772,J_1,A3VIOLENCE,N
18772,J_1,A3SYNAGOGUE,N
18772,J_1,A3SWASTIKA,N
18772,J_1,A3DISCRIMINATION,N
18616,J_1,A1ESSENTIAL,N
18616,J_1,A2EVIL,N
18616,J_1,A2CONSPIRACY,N
18616,J_1,A2HIDDENPOWER,N
18616,J_1,A2COLLECTIVEAGENDA,N
18616,J_1,A2CONTROLGOV,N
18616,J_1,A2CONTROLBANKS,N
18616,J_1,A2CONTROLMEDIA,N
18616,J_1,A2LOYALTY,N
18616,J_1,A2DISEASE,N
18616,J_1,A3WEALTH,N
18616,J_1,A3STINGY,N
18616,J_1,A3UNPATRIOTIC,N
18616,J_1,A3CARICATURE,N
18616,J_1,A3VIOLENCE,N
18616,J_1,A3SYNAGOGUE,N
18616,J_1,A3SWASTIKA,N
18616,J_1,A3DISCRIMINATION,N
47651,J_1,A1ESSENTIAL,N
47651,J_1,A2EVIL,N
47651,J_1,A2CONSPIRACY,N
47651,J_1,A2HIDDENPOWER,N
47651,J_1,A2COLLECTIVEAGENDA,N
47651,J_1,A2CONTROLGOV,N
47651,J_1,A2CONTROLBANKS,N
47651,J_1,A2CONTROLMEDIA,N
47651,J_1,A2LOYALTY,N
47651,J_1,A2DISEASE,N
47651,J_1,A3WEALTH,N
47651,J_1,A3STINGY,N
47651,J_1,A3UNPATRIOTIC,N
47651,J_1,A3CARICATURE,N
47651,J_1,A3VIOLENCE,N
47651,J_1,A3SYNAGOGUE,N
47651,J_1,A3SWASTIKA,N
47651,J_1,A3DISCRIMINATION,N
11989,J_1,A1ESSENTIAL,N
11989,J_1,A2EVIL,N
11989,J_1,A2CONSPIRACY,N
11989,J_1,A2HIDDENPOWER,N
11989,J_1,A2COLLECTIVEAGENDA,N
11989,J_1,A2CONTROLGOV,N
11989,J_1,A2CONTROLBANKS,N
11989,J_1,A2CONTROLMEDIA,N
11989,J_1,A2LOYALTY,N
11989,J_1,A2DISEASE,N
11989,J_1,A3WEALTH,N
11989,J_1,A3STINGY,N
11989,J_1,A3UNPATRIOTIC,N
11989,J_1,A3CARICATURE,N
11989,J_1,A3VIOLENCE,N
11989,J_1,A3SYNAGOGUE,N
11989,J_1,A3SWASTIKA,N
11989,J_1,A3DISCRIMINATION,N
37441,J_1,A1ESSENTIAL,N
37441,J_1,A2EVIL,N
37441,J_1,A2CONSPIRACY,N
37441,J_1,A2HIDDENPOWER,N
37441,J_1,A2COLLECTIVEAGENDA,N
37441,J_1,A2CONTROLGOV,N
37441,J_1,A2CONTROLBANKS,N
37441,J_1,A2CONTROLMEDIA,N
37441,J_1,A2LOYALTY,N
37441,J_1,A2DISEASE,N
37441,J_1,A3WEALTH,N
37441,J_1,A3STINGY,N
37441,J_1,A3UNPATRIOTIC,N
37441,J_1,A3CARICATURE,N
37441,J_1,A3VIOLENCE,N
37441,J_1,A3SYNAGOGUE,N
37441,J_1,A3SWASTIKA,N
37441,J_1,A3DISCRIMINATION,N
40579,J_1,A1ESSENTIAL,N
40579,J_1,A2EVIL,N
40579,J_1,A2CONSPIRACY,N
40579,J_1,A2HIDDENPOWER,N
40579,J_1,A2COLLECTIVEAGENDA,N
40579,J_1,A2CONTROLGOV,N
40579,J_1,A2CONTROLBANKS,N
40579,J_1,A2CONTROLMEDIA,N
40579,J_1,A2LOYALTY,N
40579,J_1,A2DISEASE,N
40579,J_1,A3WEALTH,N
40579,J_1,A3STINGY,N
40579,J_1,A3UNPATRIOTIC,N
40579,J_1,A3CARICATURE,N
40579,J_1,A3VIOLENCE,N
40579,J_1,A3SYNAGOGUE,N
40579,J_1,A3SWASTIKA,N
40579,J_1,A3DISCRIMINATION,N
21885,J_1,A1ESSENTIAL,N
21885,J_1,A2EVIL,N
21885,J_1,A2CONSPIRACY,N
21885,J_1,A2HIDDENPOWER,N
21885,J_1,A2COLLECTIVEAGENDA,N
21885,J_1,A2CONTROLGOV,N
21885,J_1,A2CONTROLBANKS,N
21885,J_1,A2CONTROLMEDIA,N
21885,J_1,A2LOYALTY,N
21885,J_1,A2DISEASE,N
21885,J_1,A3WEALTH,N
21885,J_1,A3STINGY,N
21885,J_1,A3UNPATRIOTIC,N
21885,J_1,A3CARICATURE,N
21885,J_1,A3VIOLENCE,N
21885,J_1,A3SYNAGOGUE,N
21885,J_1,A3SWASTIKA,N
21885,J_1,A3DISCRIMINATION,N
40088,J_1,A1ESSENTIAL,A
40088,J_1,A2EVIL,N
40088,J_1,A2CONSPIRACY,A
40088,J_1,A2HIDDENPOWER,N
40088,J_1,A2COLLECTIVEAGENDA,A
40088,J_1,A2CONTROLGOV,N
40088,J_1,A2CONTROLBANKS,N
40088,J_1,A2CONTROLMEDIA,N
40088,J_1,A2LOYALTY,N
40088,J_1,A2DISEASE,N
40088,J_1,A3WEALTH,N
40088,J_1,A3STINGY,N
40088,J_1,A3UNPATRIOTIC,N
40088,J_1,A3CARICATURE,N
40088,J_1,A3VIOLENCE,N
40088,J_1,A3SYNAGOGUE,N
40088,J_1,A3SWASTIKA,N
40088,J_1,A3DISCRIMINATION,N
11453,J_1,A1ESSENTIAL,A
11453,J_1,A2EVIL,A
11453,J_1,A2CONSPIRACY,N
11453,J_1,A2HIDDENPOWER,N
11453,J_1,A2COLLECTIVEAGENDA,N
11453,J_1,A2CONTROLGOV,N
11453,J_1,A2CONTROLBANKS,N
11453,J_1,A2CONTROLMEDIA,N
11453,J_1,A2LOYALTY,N
11453,J_1,A2DISEASE,N
11453,J_1,A3WEALTH,N
11453,J_1,A3STINGY,N
11453,J_1,A3UNPATRIOTIC,N
11453,J_1,A3CARICATURE,N
11453,J_1,A3VIOLENCE,N
11453,J_1,A3SYNAGOGUE,N
11453,J_1,A3SWASTIKA,N
11453,J_1,A3DISCRIMINATION,N
10193,J_1,A1ESSENTIAL,N
10193,J_1,A2EVIL,N
10193,J_1,A2CONSPIRACY,N
10193,J_1,A2HIDDENPOWER,N
10193,J_1,A2COLLECTIVEAGENDA,N
10193,J_1,A2CONTROLGOV,N
10193,J_1,A2CONTROLBANKS,N
10193,J_1,A2CONTROLMEDIA,N
10193,J_1,A2LOYALTY,N
10193,J_1,A2DISEASE,N
10193,J_1,A3WEALTH,N
10193,J_1,A3STINGY,N
10193,J_1,A3UNPATRIOTIC,N
10193,J_1,A3CARICATURE,N
10193,J_1,A3VIOLENCE,N
10193,J_1,A3SYNAGOGUE,N
10193,J_1,A3SWASTIKA,N
10193,J_1,A3DISCRIMINATION,N
11952,J_1,A1ESSENTIAL,N
11952,J_1,A2EVIL,N
11952,J_1,A2CONSPIRACY,N
11952,J_1,A2HIDDENPOWER,N
11952,J_1,A2COLLECTIVEAGENDA,N
11952,J_1,A2CONTROLGOV,N
11952,J_1,A2CONTROLBANKS,N
11952,J_1,A2CONTROLMEDIA,N
11952,J_1,A2LOYALTY,N
11952,J_1,A2DISEASE,N
11952,J_1,A3WEALTH,N
11952,J_1,A3STINGY,N
11952,J_1,A3UNPATRIOTIC,N
11952,J_1,A3CARICATURE,N
11952,J_1,A3VIOLENCE,N
11952,J_1,A3SYNAGOGUE,N
11952,J_1,A3SWASTIKA,N
11952,J_1,A3DISCRIMINATION,N
45757,J_1,A1ESSENTIAL,N
45757,J_1,A2EVIL,N
45757,J_1,A2CONSPIRACY,N
45757,J_1,A2HIDDENPOWER,N
45757,J_1,A2COLLECTIVEAGENDA,N
45757,J_1,A2CONTROLGOV,N
45757,J_1,A2CONTROLBANKS,I
45757,J_1,A2CONTROLMEDIA,I
45757,J_1,A2LOYALTY,N
45757,J_1,A2DISEASE,N
45757,J_1,A3WEALTH,N
45757,J_1,A3STINGY,N
45757,J_1,A3UNPATRIOTIC,N
45757,J_1,A3CARICATURE,N
45757,J_1,A3VIOLENCE,N
45757,J_1,A3SYNAGOGUE,N
45757,J_1,A3SWASTIKA,N
45757,J_1,A3DISCRIMINATION,N
16548,J_1,A1ESSENTIAL,N
16548,J_1,A2EVIL,N
16548,J_1,A2CONSPIRACY,N
16548,J_1,A2HIDDENPOWER,N
16548,J_1,A2COLLECTIVEAGENDA,N
16548,J_1,A2CONTROLGOV,N
16548,J_1,A2CONTROLBANKS,N
16548,J_1,A2CONTROLMEDIA,N
16548,J_1,A2LOYALTY,N
16548,J_1,A2DISEASE,N
16548,J_1,A3WEALTH,N
16548,J_1,A3STINGY,N
16548,J_1,A3UNPATRIOTIC,N
16548,J_1,A3CARICATURE,N
16548,J_1,A3VIOLENCE,N
16548,J_1,A3SYNAGOGUE,N
16548,J_1,A3SWASTIKA,N
16548,J_1,A3DISCRIMINATION,N
46389,J_1,A1ESSENTIAL,N
46389,J_1,A2EVIL,N
46389,J_1,A2CONSPIRACY,N
46389,J_1,A2HIDDENPOWER,N
46389,J_1,A2COLLECTIVEAGENDA,N
46389,J_1,A2CONTROLGOV,N
46389,J_1,A2CONTROLBANKS,N
46389,J_1,A2CONTROLMEDIA,N
46389,J_1,A2LOYALTY,N
46389,J_1,A2DISEASE,N
46389,J_1,A3WEALTH,N
46389,J_1,A3STINGY,N
46389,J_1,A3UNPATRIOTIC,N
46389,J_1,A3CARICATURE,N
46389,J_1,A3VIOLENCE,N
46389,J_1,A3SYNAGOGUE,N
46389,J_1,A3SWASTIKA,N
46389,J_1,A3DISCRIMINATION,N
27507,J_1,A1ESSENTIAL,N
27507,J_1,A2EVIL,N
27507,J_1,A2CONSPIRACY,N
27507,J_1,A2HIDDENPOWER,N
27507,J_1,A2COLLECTIVEAGENDA,N
27507,J_1,A2CONTROLGOV,N
27507,J_1,A2CONTROLBANKS,N
27507,J_1,A2CONTROLMEDIA,N
27507,J_1,A2LOYALTY,N
27507,J_1,A2DISEASE,N
27507,J_1,A3WEALTH,N
27507,J_1,A3STINGY,N
27507,J_1,A3UNPATRIOTIC,N
27507,J_1,A3CARICATURE,N
27507,J_1,A3VIOLENCE,N
27507,J_1,A3SYNAGOGUE,N
27507,J_1,A3SWASTIKA,N
27507,J_1,A3DISCRIMINATION,N
10245,J_1,A1ESSENTIAL,N
10245,J_1,A2EVIL,N
10245,J_1,A2CONSPIRACY,N
10245,J_1,A2HIDDENPOWER,N
10245,J_1,A2COLLECTIVEAGENDA,N
10245,J_1,A2CONTROLGOV,N
10245,J_1,A2CONTROLBANKS,N
10245,J_1,A2CONTROLMEDIA,N
10245,J_1,A2LOYALTY,N
10245,J_1,A2DISEASE,N
10245,J_1,A3WEALTH,N
10245,J_1,A3STINGY,N
10245,J_1,A3UNPATRIOTIC,N
10245,J_1,A3CARICATURE,N
10245,J_1,A3VIOLENCE,N
10245,J_1,A3SYNAGOGUE,N
10245,J_1,A3SWASTIKA,N
10245,J_1,A3DISCRIMINATION,N
9205,J_1,A1ESSENTIAL,N
9205,J_1,A2EVIL,N
9205,J_1,A2CONSPIRACY,N
9205,J_1,A2HIDDENPOWER,N
9205,J_1,A2COLLECTIVEAGENDA,N
9205,J_1,A2CONTROLGOV,N
9205,J_1,A2CONTROLBANKS,N
9205,J_1,A2CONTROLMEDIA,N
9205,J_1,A2LOYALTY,N
9205,J_1,A2DISEASE,N
9205,J_1,A3WEALTH,N
9205,J_1,A3STINGY,N
9205,J_1,A3UNPATRIOTIC,N
9205,J_1,A3CARICATURE,N
9205,J_1,A3VIOLENCE,N
9205,J_1,A3SYNAGOGUE,N
9205,J_1,A3SWASTIKA,N
9205,J_1,A3DISCRIMINATION,N
30126,J_1,A1ESSENTIAL,N
30126,J_1,A2EVIL,N
30126,J_1,A2CONSPIRACY,N
30126,J_1,A2HIDDENPOWER,N
30126,J_1,A2COLLECTIVEAGENDA,N
30126,J_1,A2CONTROLGOV,N
30126,J_1,A2CONTROLBANKS,N
30126,J_1,A2CONTROLMEDIA,N
30126,J_1,A2LOYALTY,N
30126,J_1,A2DISEASE,N
30126,J_1,A3WEALTH,N
30126,J_1,A3STINGY,N
30126,J_1,A3UNPATRIOTIC,N
30126,J_1,A3CARICATURE,N
30126,J_1,A3VIOLENCE,N
30126,J_1,A3SYNAGOGUE,N
30126,J_1,A3SWASTIKA,N
30126,J_1,A3DISCRIMINATION,N
610,J_1,A1ESSENTIAL,A
610,J_1,A2EVIL,N
610,J_1,A2CONSPIRACY,N
610,J_1,A2HIDDENPOWER,N
610,J_1,A2COLLECTIVEAGENDA,N
610,J_1,A2CONTROLGOV,N
610,J_1,A2CONTROLBANKS,N
610,J_1,A2CONTROLMEDIA,N
610,J_1,A2LOYALTY,N
610,J_1,A2DISEASE,N
610,J_1,A3WEALTH,N
610,J_1,A3STINGY,N
610,J_1,A3UNPATRIOTIC,N
610,J_1,A3CARICATURE,N
610,J_1,A3VIOLENCE,N
610,J_1,A3SYNAGOGUE,N
610,J_1,A3SWASTIKA,N
610,J_1,A3DISCRIMINATION,N
13029,J_1,A1ESSENTIAL,E
13029,J_1,A2EVIL,E
13029,J_1,A2CONSPIRACY,N
13029,J_1,A2HIDDENPOWER,N
13029,J_1,A2COLLECTIVEAGENDA,N
13029,J_1,A2CONTROLGOV,N
13029,J_1,A2CONTROLBANKS,N
13029,J_1,A2CONTROLMEDIA,N
13029,J_1,A2LOYALTY,N
13029,J_1,A2DISEASE,N
13029,J_1,A3WEALTH,N
13029,J_1,A3STINGY,N
13029,J_1,A3UNPATRIOTIC,N
13029,J_1,A3CARICATURE,N
13029,J_1,A3VIOLENCE,E
13029,J_1,A3SYNAGOGUE,N
13029,J_1,A3SWASTIKA,N
13029,J_1,A3DISCRIMINATION,N
40089,J_1,A1ESSENTIAL,N
40089,J_1,A2EVIL,N
40089,J_1,A2CONSPIRACY,N
40089,J_1,A2HIDDENPOWER,N
40089,J_1,A2COLLECTIVEAGENDA,N
40089,J_1,A2CONTROLGOV,N
40089,J_1,A2CONTROLBANKS,N
40089,J_1,A2CONTROLMEDIA,N
40089,J_1,A2LOYALTY,N
40089,J_1,A2DISEASE,N
40089,J_1,A3WEALTH,N
40089,J_1,A3STINGY,N
40089,J_1,A3UNPATRIOTIC,N
40089,J_1,A3CARICATURE,N
40089,J_1,A3VIOLENCE,N
40089,J_1,A3SYNAGOGUE,N
40089,J_1,A3SWASTIKA,N
40089,J_1,A3DISCRIMINATION,N
30122,J_1,A1ESSENTIAL,N
30122,J_1,A2EVIL,N
30122,J_1,A2CONSPIRACY,A
30122,J_1,A2HIDDENPOWER,N
30122,J_1,A2COLLECTIVEAGENDA,N
30122,J_1,A2CONTROLGOV,N
30122,J_1,A2CONTROLBANKS,N
30122,J_1,A2CONTROLMEDIA,N
30122,J_1,A2LOYALTY,N
30122,J_1,A2DISEASE,N
30122,J_1,A3WEALTH,N
30122,J_1,A3STINGY,N
30122,J_1,A3UNPATRIOTIC,N
30122,J_1,A3CARICATURE,N
30122,J_1,A3VIOLENCE,N
30122,J_1,A3SYNAGOGUE,N
30122,J_1,A3SWASTIKA,N
30122,J_1,A3DISCRIMINATION,N
19655,J_1,A1ESSENTIAL,N
19655,J_1,A2EVIL,N
19655,J_1,A2CONSPIRACY,E
19655,J_1,A2HIDDENPOWER,I
19655,J_1,A2COLLECTIVEAGENDA,I
19655,J_1,A2CONTROLGOV,N
19655,J_1,A2CONTROLBANKS,N
19655,J_1,A2CONTROLMEDIA,E
19655,J_1,A2LOYALTY,N
19655,J_1,A2DISEASE,N
19655,J_1,A3WEALTH,N
19655,J_1,A3STINGY,N
19655,J_1,A3UNPATRIOTIC,N
19655,J_1,A3CARICATURE,N
19655,J_1,A3VIOLENCE,N
19655,J_1,A3SYNAGOGUE,N
19655,J_1,A3SWASTIKA,N
19655,J_1,A3DISCRIMINATION,N
42025,J_1,A1ESSENTIAL,N
42025,J_1,A2EVIL,N
42025,J_1,A2CONSPIRACY,N
42025,J_1,A2HIDDENPOWER,N
42025,J_1,A2COLLECTIVEAGENDA,N
42025,J_1,A2CONTROLGOV,N
42025,J_1,A2CONTROLBANKS,N
42025,J_1,A2CONTROLMEDIA,N
42025,J_1,A2LOYALTY,N
42025,J_1,A2DISEASE,N
42025,J_1,A3WEALTH,N
42025,J_1,A3STINGY,N
42025,J_1,A3UNPATRIOTIC,N
42025,J_1,A3CARICATURE,N
42025,J_1,A3VIOLENCE,N
42025,J_1,A3SYNAGOGUE,N
42025,J_1,A3SWASTIKA,N
42025,J_1,A3DISCRIMINATION,N
2565,J_1,A1ESSENTIAL,N
2565,J_1,A2EVIL,N
2565,J_1,A2CONSPIRACY,N
2565,J_1,A2HIDDENPOWER,N
2565,J_1,A2COLLECTIVEAGENDA,N
2565,J_1,A2CONTROLGOV,N
2565,J_1,A2CONTROLBANKS,N
2565,J_1,A2CONTROLMEDIA,N
2565,J_1,A2LOYALTY,N
2565,J_1,A2DISEASE,N
2565,J_1,A3WEALTH,N
2565,J_1,A3STINGY,N
2565,J_1,A3UNPATRIOTIC,N
2565,J_1,A3CARICATURE,N
2565,J_1,A3VIOLENCE,N
2565,J_1,A3SYNAGOGUE,N
2565,J_1,A3SWASTIKA,N
2565,J_1,A3DISCRIMINATION,N
47986,J_1,A1ESSENTIAL,E
47986,J_1,A2EVIL,E
47986,J_1,A2CONSPIRACY,E
47986,J_1,A2HIDDENPOWER,I
47986,J_1,A2COLLECTIVEAGENDA,E
47986,J_1,A2CONTROLGOV,N
47986,J_1,A2CONTROLBANKS,N
47986,J_1,A2CONTROLMEDIA,N
47986,J_1,A2LOYALTY,I
47986,J_1,A2DISEASE,N
47986,J_1,A3WEALTH,N
47986,J_1,A3STINGY,N
47986,J_1,A3UNPATRIOTIC,N
47986,J_1,A3CARICATURE,N
47986,J_1,A3VIOLENCE,N
47986,J_1,A3SYNAGOGUE,N
47986,J_1,A3SWASTIKA,N
47986,J_1,A3DISCRIMINATION,N
20013,J_1,A1ESSENTIAL,N
20013,J_1,A2EVIL,N
20013,J_1,A2CONSPIRACY,N
20013,J_1,A2HIDDENPOWER,N
20013,J_1,A2COLLECTIVEAGENDA,N
20013,J_1,A2CONTROLGOV,N
20013,J_1,A2CONTROLBANKS,N
20013,J_1,A2CONTROLMEDIA,N
20013,J_1,A2LOYALTY,N
20013,J_1,A2DISEASE,N
20013,J_1,A3WEALTH,N
20013,J_1,A3STINGY,N
20013,J_1,A3UNPATRIOTIC,N
20013,J_1,A3CARICATURE,N
20013,J_1,A3VIOLENCE,N
20013,J_1,A3SYNAGOGUE,N
20013,J_1,A3SWASTIKA,N
20013,J_1,A3DISCRIMINATION,N
38990,J_1,A1ESSENTIAL,N
38990,J_1,A2EVIL,N
38990,J_1,A2CONSPIRACY,N
38990,J_1,A2HIDDENPOWER,N
38990,J_1,A2COLLECTIVEAGENDA,N
38990,J_1,A2CONTROLGOV,N
38990,J_1,A2CONTROLBANKS,N
38990,J_1,A2CONTROLMEDIA,N
38990,J_1,A2LOYALTY,N
38990,J_1,A2DISEASE,N
38990,J_1,A3WEALTH,N
38990,J_1,A3STINGY,N
38990,J_1,A3UNPATRIOTIC,N
38990,J_1,A3CARICATURE,N
38990,J_1,A3VIOLENCE,N
38990,J_1,A3SYNAGOGUE,N
38990,J_1,A3SWASTIKA,N
38990,J_1,A3DISCRIMINATION,N
49260,J_1,A1ESSENTIAL,E
49260,J_1,A2EVIL,N
49260,J_1,A2CONSPIRACY,N
49260,J_1,A2HIDDENPOWER,I
49260,J_1,A2COLLECTIVEAGENDA,N
49260,J_1,A2CONTROLGOV,N
49260,J_1,A2CONTROLBANKS,N
49260,J_1,A2CONTROLMEDIA,N
49260,J_1,A2LOYALTY,N
49260,J_1,A2DISEASE,N
49260,J_1,A3WEALTH,N
49260,J_1,A3STINGY,N
49260,J_1,A3UNPATRIOTIC,N
49260,J_1,A3CARICATURE,N
49260,J_1,A3VIOLENCE,N
49260,J_1,A3SYNAGOGUE,N
49260,J_1,A3SWASTIKA,N
49260,J_1,A3DISCRIMINATION,N
18257,J_1,A1ESSENTIAL,N
18257,J_1,A2EVIL,N
18257,J_1,A2CONSPIRACY,N
18257,J_1,A2HIDDENPOWER,N
18257,J_1,A2COLLECTIVEAGENDA,N
18257,J_1,A2CONTROLGOV,N
18257,J_1,A2CONTROLBANKS,N
18257,J_1,A2CONTROLMEDIA,N
18257,J_1,A2LOYALTY,N
18257,J_1,A2DISEASE,N
18257,J_1,A3WEALTH,N
18257,J_1,A3STINGY,N
18257,J_1,A3UNPATRIOTIC,N
18257,J_1,A3CARICATURE,N
18257,J_1,A3VIOLENCE,N
18257,J_1,A3SYNAGOGUE,N
18257,J_1,A3SWASTIKA,N
18257,J_1,A3DISCRIMINATION,N
17164,J_1,A1ESSENTIAL,I
17164,J_1,A2EVIL,I
17164,J_1,A2CONSPIRACY,E
17164,J_1,A2HIDDENPOWER,I
17164,J_1,A2COLLECTIVEAGENDA,E
17164,J_1,A2CONTROLGOV,I
17164,J_1,A2CONTROLBANKS,N
17164,J_1,A2CONTROLMEDIA,N
17164,J_1,A2LOYALTY,I
17164,J_1,A2DISEASE,N
17164,J_1,A3WEALTH,N
17164,J_1,A3STINGY,N
17164,J_1,A3UNPATRIOTIC,N
17164,J_1,A3CARICATURE,N
17164,J_1,A3VIOLENCE,N
17164,J_1,A3SYNAGOGUE,N
17164,J_1,A3SWASTIKA,N
17164,J_1,A3DISCRIMINATION,N
17466,J_1,A1ESSENTIAL,N
17466,J_1,A2EVIL,N
17466,J_1,A2CONSPIRACY,N
17466,J_1,A2HIDDENPOWER,N
17466,J_1,A2COLLECTIVEAGENDA,N
17466,J_1,A2CONTROLGOV,N
17466,J_1,A2CONTROLBANKS,N
17466,J_1,A2CONTROLMEDIA,N
17466,J_1,A2LOYALTY,N
17466,J_1,A2DISEASE,N
17466,J_1,A3WEALTH,N
17466,J_1,A3STINGY,N
17466,J_1,A3UNPATRIOTIC,N
17466,J_1,A3CARICATURE,N
17466,J_1,A3VIOLENCE,N
17466,J_1,A3SYNAGOGUE,N
17466,J_1,A3SWASTIKA,N
17466,J_1,A3DISCRIMINATION,N
35808,J_1,A1ESSENTIAL,I
35808,J_1,A2EVIL,I
35808,J_1,A2CONSPIRACY,N
35808,J_1,A2HIDDENPOWER,N
35808,J_1,A2COLLECTIVEAGENDA,I
35808,J_1,A2CONTROLGOV,N
35808,J_1,A2CONTROLBANKS,N
35808,J_1,A2CONTROLMEDIA,N
35808,J_1,A2LOYALTY,N
35808,J_1,A2DISEASE,N
35808,J_1,A3WEALTH,N
35808,J_1,A3STINGY,N
35808,J_1,A3UNPATRIOTIC,N
35808,J_1,A3CARICATURE,N
35808,J_1,A3VIOLENCE,I
35808,J_1,A3SYNAGOGUE,N
35808,J_1,A3SWASTIKA,N
35808,J_1,A3DISCRIMINATION,N
38068,J_1,A1ESSENTIAL,N
38068,J_1,A2EVIL,N
38068,J_1,A2CONSPIRACY,N
38068,J_1,A2HIDDENPOWER,N
38068,J_1,A2COLLECTIVEAGENDA,N
38068,J_1,A2CONTROLGOV,N
38068,J_1,A2CONTROLBANKS,N
38068,J_1,A2CONTROLMEDIA,N
38068,J_1,A2LOYALTY,N
38068,J_1,A2DISEASE,N
38068,J_1,A3WEALTH,N
38068,J_1,A3STINGY,N
38068,J_1,A3UNPATRIOTIC,N
38068,J_1,A3CARICATURE,N
38068,J_1,A3VIOLENCE,N
38068,J_1,A3SYNAGOGUE,N
38068,J_1,A3SWASTIKA,N
38068,J_1,A3DISCRIMINATION,N
20023,J_1,A1ESSENTIAL,N
20023,J_1,A2EVIL,N
20023,J_1,A2CONSPIRACY,N
20023,J_1,A2HIDDENPOWER,N
20023,J_1,A2COLLECTIVEAGENDA,N
20023,J_1,A2CONTROLGOV,N
20023,J_1,A2CONTROLBANKS,N
20023,J_1,A2CONTROLMEDIA,N
20023,J_1,A2LOYALTY,N
20023,J_1,A2DISEASE,N
20023,J_1,A3WEALTH,N
20023,J_1,A3STINGY,N
20023,J_1,A3UNPATRIOTIC,N
20023,J_1,A3CARICATURE,N
20023,J_1,A3VIOLENCE,N
20023,J_1,A3SYNAGOGUE,N
20023,J_1,A3SWASTIKA,N
20023,J_1,A3DISCRIMINATION,N
28410,J_1,A1ESSENTIAL,N
28410,J_1,A2EVIL,N
28410,J_1,A2CONSPIRACY,N
28410,J_1,A2HIDDENPOWER,N
28410,J_1,A2COLLECTIVEAGENDA,N
28410,J_1,A2CONTROLGOV,N
28410,J_1,A2CONTROLBANKS,N
28410,J_1,A2CONTROLMEDIA,N
28410,J_1,A2LOYALTY,N
28410,J_1,A2DISEASE,N
28410,J_1,A3WEALTH,N
28410,J_1,A3STINGY,N
28410,J_1,A3UNPATRIOTIC,N
28410,J_1,A3CARICATURE,N
28410,J_1,A3VIOLENCE,N
28410,J_1,A3SYNAGOGUE,N
28410,J_1,A3SWASTIKA,N
28410,J_1,A3DISCRIMINATION,N
42504,J_1,A1ESSENTIAL,I
42504,J_1,A2EVIL,N
42504,J_1,A2CONSPIRACY,I
42504,J_1,A2HIDDENPOWER,I
42504,J_1,A2COLLECTIVEAGENDA,I
42504,J_1,A2CONTROLGOV,N
42504,J_1,A2CONTROLBANKS,N
42504,J_1,A2CONTROLMEDIA,E
42504,J_1,A2LOYALTY,N
42504,J_1,A2DISEASE,N
42504,J_1,A3WEALTH,N
42504,J_1,A3STINGY,N
42504,J_1,A3UNPATRIOTIC,N
42504,J_1,A3CARICATURE,N
42504,J_1,A3VIOLENCE,N
42504,J_1,A3SYNAGOGUE,N
42504,J_1,A3SWASTIKA,N
42504,J_1,A3DISCRIMINATION,N
42679,J_1,A1ESSENTIAL,A
42679,J_1,A2EVIL,A
42679,J_1,A2CONSPIRACY,I
42679,J_1,A2HIDDENPOWER,I
42679,J_1,A2COLLECTIVEAGENDA,A
42679,J_1,A2CONTROLGOV,I
42679,J_1,A2CONTROLBANKS,I
42679,J_1,A2CONTROLMEDIA,N
42679,J_1,A2LOYALTY,N
42679,J_1,A2DISEASE,N
42679,J_1,A3WEALTH,N
42679,J_1,A3STINGY,N
42679,J_1,A3UNPATRIOTIC,N
42679,J_1,A3CARICATURE,N
42679,J_1,A3VIOLENCE,N
42679,J_1,A3SYNAGOGUE,N
42679,J_1,A3SWASTIKA,N
42679,J_1,A3DISCRIMINATION,N
4294,J_1,A1ESSENTIAL,N
4294,J_1,A2EVIL,N
4294,J_1,A2CONSPIRACY,N
4294,J_1,A2HIDDENPOWER,N
4294,J_1,A2COLLECTIVEAGENDA,N
4294,J_1,A2CONTROLGOV,N
4294,J_1,A2CONTROLBANKS,N
4294,J_1,A2CONTROLMEDIA,N
4294,J_1,A2LOYALTY,N
4294,J_1,A2DISEASE,N
4294,J_1,A3WEALTH,N
4294,J_1,A3STINGY,N
4294,J_1,A3UNPATRIOTIC,N
4294,J_1,A3CARICATURE,N
4294,J_1,A3VIOLENCE,N
4294,J_1,A3SYNAGOGUE,N
4294,J_1,A3SWASTIKA,N
4294,J_1,A3DISCRIMINATION,N
30101,J_1,A1ESSENTIAL,N
30101,J_1,A2EVIL,N
30101,J_1,A2CONSPIRACY,N
30101,J_1,A2HIDDENPOWER,N
30101,J_1,A2COLLECTIVEAGENDA,N
30101,J_1,A2CONTROLGOV,N
30101,J_1,A2CONTROLBANKS,N
30101,J_1,A2CONTROLMEDIA,N
30101,J_1,A2LOYALTY,N
30101,J_1,A2DISEASE,N
30101,J_1,A3WEALTH,N
30101,J_1,A3STINGY,N
30101,J_1,A3UNPATRIOTIC,N
30101,J_1,A3CARICATURE,N
30101,J_1,A3VIOLENCE,N
30101,J_1,A3SYNAGOGUE,N
30101,J_1,A3SWASTIKA,N
30101,J_1,A3DISCRIMINATION,N
36298,J_1,A1ESSENTIAL,N
36298,J_1,A2EVIL,N
36298,J_1,A2CONSPIRACY,N
36298,J_1,A2HIDDENPOWER,N
36298,J_1,A2COLLECTIVEAGENDA,N
36298,J_1,A2CONTROLGOV,N
36298,J_1,A2CONTROLBANKS,N
36298,J_1,A2CONTROLMEDIA,N
36298,J_1,A2LOYALTY,N
36298,J_1,A2DISEASE,N
36298,J_1,A3WEALTH,N
36298,J_1,A3STINGY,N
36298,J_1,A3UNPATRIOTIC,N
36298,J_1,A3CARICATURE,N
36298,J_1,A3VIOLENCE,N
36298,J_1,A3SYNAGOGUE,N
36298,J_1,A3SWASTIKA,N
36298,J_1,A3DISCRIMINATION,N
42312,J_1,A1ESSENTIAL,N
42312,J_1,A2EVIL,N
42312,J_1,A2CONSPIRACY,N
42312,J_1,A2HIDDENPOWER,N
42312,J_1,A2COLLECTIVEAGENDA,N
42312,J_1,A2CONTROLGOV,N
42312,J_1,A2CONTROLBANKS,N
42312,J_1,A2CONTROLMEDIA,N
42312,J_1,A2LOYALTY,N
42312,J_1,A2DISEASE,N
42312,J_1,A3WEALTH,N
42312,J_1,A3STINGY,N
42312,J_1,A3UNPATRIOTIC,N
42312,J_1,A3CARICATURE,N
42312,J_1,A3VIOLENCE,N
42312,J_1,A3SYNAGOGUE,N
42312,J_1,A3SWASTIKA,N
42312,J_1,A3DISCRIMINATION,N
8107,J_1,A1ESSENTIAL,N
8107,J_1,A2EVIL,N
8107,J_1,A2CONSPIRACY,N
8107,J_1,A2HIDDENPOWER,N
8107,J_1,A2COLLECTIVEAGENDA,N
8107,J_1,A2CONTROLGOV,N
8107,J_1,A2CONTROLBANKS,N
8107,J_1,A2CONTROLMEDIA,N
8107,J_1,A2LOYALTY,N
8107,J_1,A2DISEASE,N
8107,J_1,A3WEALTH,N
8107,J_1,A3STINGY,N
8107,J_1,A3UNPATRIOTIC,N
8107,J_1,A3CARICATURE,N
8107,J_1,A3VIOLENCE,N
8107,J_1,A3SYNAGOGUE,N
8107,J_1,A3SWASTIKA,N
8107,J_1,A3DISCRIMINATION,N
10796,J_1,A1ESSENTIAL,N
10796,J_1,A2EVIL,N
10796,J_1,A2CONSPIRACY,I
10796,J_1,A2HIDDENPOWER,N
10796,J_1,A2COLLECTIVEAGENDA,N
10796,J_1,A2CONTROLGOV,N
10796,J_1,A2CONTROLBANKS,N
10796,J_1,A2CONTROLMEDIA,N
10796,J_1,A2LOYALTY,N
10796,J_1,A2DISEASE,N
10796,J_1,A3WEALTH,N
10796,J_1,A3STINGY,N
10796,J_1,A3UNPATRIOTIC,N
10796,J_1,A3CARICATURE,N
10796,J_1,A3VIOLENCE,N
10796,J_1,A3SYNAGOGUE,N
10796,J_1,A3SWASTIKA,N
10796,J_1,A3DISCRIMINATION,N
15452,J_1,A1ESSENTIAL,N
15452,J_1,A2EVIL,N
15452,J_1,A2CONSPIRACY,I
15452,J_1,A2HIDDENPOWER,N
15452,J_1,A2COLLECTIVEAGENDA,N
15452,J_1,A2CONTROLGOV,N
15452,J_1,A2CONTROLBANKS,N
15452,J_1,A2CONTROLMEDIA,N
15452,J_1,A2LOYALTY,N
15452,J_1,A2DISEASE,N
15452,J_1,A3WEALTH,N
15452,J_1,A3STINGY,N
15452,J_1,A3UNPATRIOTIC,N
15452,J_1,A3CARICATURE,N
15452,J_1,A3VIOLENCE,N
15452,J_1,A3SYNAGOGUE,N
15452,J_1,A3SWASTIKA,N
15452,J_1,A3DISCRIMINATION,N
22303,J_1,A1ESSENTIAL,N
22303,J_1,A2EVIL,N
22303,J_1,A2CONSPIRACY,N
22303,J_1,A2HIDDENPOWER,N
22303,J_1,A2COLLECTIVEAGENDA,N
22303,J_1,A2CONTROLGOV,N
22303,J_1,A2CONTROLBANKS,N
22303,J_1,A2CONTROLMEDIA,N
22303,J_1,A2LOYALTY,N
22303,J_1,A2DISEASE,N
22303,J_1,A3WEALTH,N
22303,J_1,A3STINGY,N
22303,J_1,A3UNPATRIOTIC,N
22303,J_1,A3CARICATURE,N
22303,J_1,A3VIOLENCE,N
22303,J_1,A3SYNAGOGUE,N
22303,J_1,A3SWASTIKA,N
22303,J_1,A3DISCRIMINATION,N
1133,J_1,A1ESSENTIAL,N
1133,J_1,A2EVIL,N
1133,J_1,A2CONSPIRACY,N
1133,J_1,A2HIDDENPOWER,N
1133,J_1,A2COLLECTIVEAGENDA,N
1133,J_1,A2CONTROLGOV,N
1133,J_1,A2CONTROLBANKS,N
1133,J_1,A2CONTROLMEDIA,N
1133,J_1,A2LOYALTY,N
1133,J_1,A2DISEASE,N
1133,J_1,A3WEALTH,N
1133,J_1,A3STINGY,N
1133,J_1,A3UNPATRIOTIC,N
1133,J_1,A3CARICATURE,N
1133,J_1,A3VIOLENCE,N
1133,J_1,A3SYNAGOGUE,N
1133,J_1,A3SWASTIKA,N
1133,J_1,A3DISCRIMINATION,N
5744,J_1,A1ESSENTIAL,E
5744,J_1,A2EVIL,N
5744,J_1,A2CONSPIRACY,N
5744,J_1,A2HIDDENPOWER,N
5744,J_1,A2COLLECTIVEAGENDA,N
5744,J_1,A2CONTROLGOV,N
5744,J_1,A2CONTROLBANKS,N
5744,J_1,A2CONTROLMEDIA,N
5744,J_1,A2LOYALTY,N
5744,J_1,A2DISEASE,N
5744,J_1,A3WEALTH,N
5744,J_1,A3STINGY,N
5744,J_1,A3UNPATRIOTIC,N
5744,J_1,A3CARICATURE,N
5744,J_1,A3VIOLENCE,N
5744,J_1,A3SYNAGOGUE,N
5744,J_1,A3SWASTIKA,N
5744,J_1,A3DISCRIMINATION,N
48436,J_1,A1ESSENTIAL,I
48436,J_1,A2EVIL,I
48436,J_1,A2CONSPIRACY,N
48436,J_1,A2HIDDENPOWER,N
48436,J_1,A2COLLECTIVEAGENDA,N
48436,J_1,A2CONTROLGOV,N
48436,J_1,A2CONTROLBANKS,N
48436,J_1,A2CONTROLMEDIA,N
48436,J_1,A2LOYALTY,N
48436,J_1,A2DISEASE,N
48436,J_1,A3WEALTH,N
48436,J_1,A3STINGY,N
48436,J_1,A3UNPATRIOTIC,N
48436,J_1,A3CARICATURE,N
48436,J_1,A3VIOLENCE,E
48436,J_1,A3SYNAGOGUE,N
48436,J_1,A3SWASTIKA,N
48436,J_1,A3DISCRIMINATION,N
18453,J_1,A1ESSENTIAL,N
18453,J_1,A2EVIL,N
18453,J_1,A2CONSPIRACY,N
18453,J_1,A2HIDDENPOWER,N
18453,J_1,A2COLLECTIVEAGENDA,N
18453,J_1,A2CONTROLGOV,N
18453,J_1,A2CONTROLBANKS,N
18453,J_1,A2CONTROLMEDIA,N
18453,J_1,A2LOYALTY,N
18453,J_1,A2DISEASE,N
18453,J_1,A3WEALTH,N
18453,J_1,A3STINGY,N
18453,J_1,A3UNPATRIOTIC,N
18453,J_1,A3CARICATURE,N
18453,J_1,A3VIOLENCE,N
18453,J_1,A3SYNAGOGUE,N
18453,J_1,A3SWASTIKA,N
18453,J_1,A3DISCRIMINATION,N
40388,J_1,A1ESSENTIAL,N
40388,J_1,A2EVIL,N
40388,J_1,A2CONSPIRACY,N
40388,J_1,A2HIDDENPOWER,N
40388,J_1,A2COLLECTIVEAGENDA,N
40388,J_1,A2CONTROLGOV,N
40388,J_1,A2CONTROLBANKS,N
40388,J_1,A2CONTROLMEDIA,N
40388,J_1,A2LOYALTY,N
40388,J_1,A2DISEASE,N
40388,J_1,A3WEALTH,N
40388,J_1,A3STINGY,N
40388,J_1,A3UNPATRIOTIC,N
40388,J_1,A3CARICATURE,N
40388,J_1,A3VIOLENCE,N
40388,J_1,A3SYNAGOGUE,N
40388,J_1,A3SWASTIKA,N
40388,J_1,A3DISCRIMINATION,N
48530,J_1,A1ESSENTIAL,N
48530,J_1,A2EVIL,N
48530,J_1,A2CONSPIRACY,N
48530,J_1,A2HIDDENPOWER,N
48530,J_1,A2COLLECTIVEAGENDA,N
48530,J_1,A2CONTROLGOV,N
48530,J_1,A2CONTROLBANKS,N
48530,J_1,A2CONTROLMEDIA,N
48530,J_1,A2LOYALTY,N
48530,J_1,A2DISEASE,N
48530,J_1,A3WEALTH,N
48530,J_1,A3STINGY,N
48530,J_1,A3UNPATRIOTIC,N
48530,J_1,A3CARICATURE,N
48530,J_1,A3VIOLENCE,N
48530,J_1,A3SYNAGOGUE,N
48530,J_1,A3SWASTIKA,N
48530,J_1,A3DISCRIMINATION,N
25894,J_1,A1ESSENTIAL,N
25894,J_1,A2EVIL,N
25894,J_1,A2CONSPIRACY,N
25894,J_1,A2HIDDENPOWER,N
25894,J_1,A2COLLECTIVEAGENDA,N
25894,J_1,A2CONTROLGOV,N
25894,J_1,A2CONTROLBANKS,N
25894,J_1,A2CONTROLMEDIA,N
25894,J_1,A2LOYALTY,N
25894,J_1,A2DISEASE,N
25894,J_1,A3WEALTH,N
25894,J_1,A3STINGY,N
25894,J_1,A3UNPATRIOTIC,N
25894,J_1,A3CARICATURE,N
25894,J_1,A3VIOLENCE,N
25894,J_1,A3SYNAGOGUE,N
25894,J_1,A3SWASTIKA,N
25894,J_1,A3DISCRIMINATION,N
3368,J_1,A1ESSENTIAL,N
3368,J_1,A2EVIL,N
3368,J_1,A2CONSPIRACY,N
3368,J_1,A2HIDDENPOWER,N
3368,J_1,A2COLLECTIVEAGENDA,N
3368,J_1,A2CONTROLGOV,N
3368,J_1,A2CONTROLBANKS,N
3368,J_1,A2CONTROLMEDIA,N
3368,J_1,A2LOYALTY,N
3368,J_1,A2DISEASE,N
3368,J_1,A3WEALTH,N
3368,J_1,A3STINGY,N
3368,J_1,A3UNPATRIOTIC,N
3368,J_1,A3CARICATURE,N
3368,J_1,A3VIOLENCE,N
3368,J_1,A3SYNAGOGUE,N
3368,J_1,A3SWASTIKA,N
3368,J_1,A3DISCRIMINATION,N
49978,J_1,A1ESSENTIAL,N
49978,J_1,A2EVIL,N
49978,J_1,A2CONSPIRACY,N
49978,J_1,A2HIDDENPOWER,N
49978,J_1,A2COLLECTIVEAGENDA,N
49978,J_1,A2CONTROLGOV,N
49978,J_1,A2CONTROLBANKS,N
49978,J_1,A2CONTROLMEDIA,N
49978,J_1,A2LOYALTY,N
49978,J_1,A2DISEASE,N
49978,J_1,A3WEALTH,N
49978,J_1,A3STINGY,N
49978,J_1,A3UNPATRIOTIC,N
49978,J_1,A3CARICATURE,N
49978,J_1,A3VIOLENCE,N
49978,J_1,A3SYNAGOGUE,N
49978,J_1,A3SWASTIKA,N
49978,J_1,A3DISCRIMINATION,N
27953,J_1,A1ESSENTIAL,A
27953,J_1,A2EVIL,N
27953,J_1,A2CONSPIRACY,N
27953,J_1,A2HIDDENPOWER,N
27953,J_1,A2COLLECTIVEAGENDA,N
27953,J_1,A2CONTROLGOV,N
27953,J_1,A2CONTROLBANKS,N
27953,J_1,A2CONTROLMEDIA,N
27953,J_1,A2LOYALTY,N
27953,J_1,A2DISEASE,N
27953,J_1,A3WEALTH,N
27953,J_1,A3STINGY,N
27953,J_1,A3UNPATRIOTIC,N
27953,J_1,A3CARICATURE,N
27953,J_1,A3VIOLENCE,N
27953,J_1,A3SYNAGOGUE,N
27953,J_1,A3SWASTIKA,N
27953,J_1,A3DISCRIMINATION,N
47254,J_1,A1ESSENTIAL,N
47254,J_1,A2EVIL,N
47254,J_1,A2CONSPIRACY,N
47254,J_1,A2HIDDENPOWER,N
47254,J_1,A2COLLECTIVEAGENDA,N
47254,J_1,A2CONTROLGOV,N
47254,J_1,A2CONTROLBANKS,N
47254,J_1,A2CONTROLMEDIA,N
47254,J_1,A2LOYALTY,N
47254,J_1,A2DISEASE,N
47254,J_1,A3WEALTH,N
47254,J_1,A3STINGY,N
47254,J_1,A3UNPATRIOTIC,N
47254,J_1,A3CARICATURE,N
47254,J_1,A3VIOLENCE,N
47254,J_1,A3SYNAGOGUE,N
47254,J_1,A3SWASTIKA,N
47254,J_1,A3DISCRIMINATION,N
10690,J_1,A1ESSENTIAL,I
10690,J_1,A2EVIL,N
10690,J_1,A2CONSPIRACY,N
10690,J_1,A2HIDDENPOWER,N
10690,J_1,A2COLLECTIVEAGENDA,I
10690,J_1,A2CONTROLGOV,N
10690,J_1,A2CONTROLBANKS,N
10690,J_1,A2CONTROLMEDIA,N
10690,J_1,A2LOYALTY,N
10690,J_1,A2DISEASE,N
10690,J_1,A3WEALTH,N
10690,J_1,A3STINGY,N
10690,J_1,A3UNPATRIOTIC,N
10690,J_1,A3CARICATURE,N
10690,J_1,A3VIOLENCE,N
10690,J_1,A3SYNAGOGUE,N
10690,J_1,A3SWASTIKA,N
10690,J_1,A3DISCRIMINATION,N
17895,J_1,A1ESSENTIAL,N
17895,J_1,A2EVIL,N
17895,J_1,A2CONSPIRACY,I
17895,J_1,A2HIDDENPOWER,I
17895,J_1,A2COLLECTIVEAGENDA,I
17895,J_1,A2CONTROLGOV,N
17895,J_1,A2CONTROLBANKS,N
17895,J_1,A2CONTROLMEDIA,N
17895,J_1,A2LOYALTY,N
17895,J_1,A2DISEASE,N
17895,J_1,A3WEALTH,N
17895,J_1,A3STINGY,N
17895,J_1,A3UNPATRIOTIC,N
17895,J_1,A3CARICATURE,N
17895,J_1,A3VIOLENCE,N
17895,J_1,A3SYNAGOGUE,N
17895,J_1,A3SWASTIKA,N
17895,J_1,A3DISCRIMINATION,N
35246,J_1,A1ESSENTIAL,N
35246,J_1,A2EVIL,N
35246,J_1,A2CONSPIRACY,N
35246,J_1,A2HIDDENPOWER,N
35246,J_1,A2COLLECTIVEAGENDA,N
35246,J_1,A2CONTROLGOV,N
35246,J_1,A2CONTROLBANKS,N
35246,J_1,A2CONTROLMEDIA,N
35246,J_1,A2LOYALTY,N
35246,J_1,A2DISEASE,N
35246,J_1,A3WEALTH,N
35246,J_1,A3STINGY,N
35246,J_1,A3UNPATRIOTIC,N
35246,J_1,A3CARICATURE,N
35246,J_1,A3VIOLENCE,N
35246,J_1,A3SYNAGOGUE,N
35246,J_1,A3SWASTIKA,N
35246,J_1,A3DISCRIMINATION,N
44763,J_1,A1ESSENTIAL,N
44763,J_1,A2EVIL,N
44763,J_1,A2CONSPIRACY,N
44763,J_1,A2HIDDENPOWER,N
44763,J_1,A2COLLECTIVEAGENDA,N
44763,J_1,A2CONTROLGOV,N
44763,J_1,A2CONTROLBANKS,N
44763,J_1,A2CONTROLMEDIA,N
44763,J_1,A2LOYALTY,N
44763,J_1,A2DISEASE,N
44763,J_1,A3WEALTH,N
44763,J_1,A3STINGY,N
44763,J_1,A3UNPATRIOTIC,N
44763,J_1,A3CARICATURE,N
44763,J_1,A3VIOLENCE,N
44763,J_1,A3SYNAGOGUE,N
44763,J_1,A3SWASTIKA,N
44763,J_1,A3DISCRIMINATION,N
37120,J_1,A1ESSENTIAL,N
37120,J_1,A2EVIL,N
37120,J_1,A2CONSPIRACY,N
37120,J_1,A2HIDDENPOWER,N
37120,J_1,A2COLLECTIVEAGENDA,N
37120,J_1,A2CONTROLGOV,N
37120,J_1,A2CONTROLBANKS,N
37120,J_1,A2CONTROLMEDIA,N
37120,J_1,A2LOYALTY,N
37120,J_1,A2DISEASE,N
37120,J_1,A3WEALTH,N
37120,J_1,A3STINGY,N
37120,J_1,A3UNPATRIOTIC,N
37120,J_1,A3CARICATURE,N
37120,J_1,A3VIOLENCE,N
37120,J_1,A3SYNAGOGUE,N
37120,J_1,A3SWASTIKA,N
37120,J_1,A3DISCRIMINATION,N
12847,J_1,A1ESSENTIAL,N
12847,J_1,A2EVIL,N
12847,J_1,A2CONSPIRACY,N
12847,J_1,A2HIDDENPOWER,N
12847,J_1,A2COLLECTIVEAGENDA,N
12847,J_1,A2CONTROLGOV,N
12847,J_1,A2CONTROLBANKS,N
12847,J_1,A2CONTROLMEDIA,N
12847,J_1,A2LOYALTY,N
12847,J_1,A2DISEASE,N
12847,J_1,A3WEALTH,N
12847,J_1,A3STINGY,N
12847,J_1,A3UNPATRIOTIC,N
12847,J_1,A3CARICATURE,N
12847,J_1,A3VIOLENCE,N
12847,J_1,A3SYNAGOGUE,N
12847,J_1,A3SWASTIKA,N
12847,J_1,A3DISCRIMINATION,N
49569,J_1,A1ESSENTIAL,N
49569,J_1,A2EVIL,N
49569,J_1,A2CONSPIRACY,N
49569,J_1,A2HIDDENPOWER,N
49569,J_1,A2COLLECTIVEAGENDA,N
49569,J_1,A2CONTROLGOV,N
49569,J_1,A2CONTROLBANKS,N
49569,J_1,A2CONTROLMEDIA,N
49569,J_1,A2LOYALTY,N
49569,J_1,A2DISEASE,N
49569,J_1,A3WEALTH,N
49569,J_1,A3STINGY,N
49569,J_1,A3UNPATRIOTIC,N
49569,J_1,A3CARICATURE,N
49569,J_1,A3VIOLENCE,N
49569,J_1,A3SYNAGOGUE,N
49569,J_1,A3SWASTIKA,N
49569,J_1,A3DISCRIMINATION,N
8950,J_1,A1ESSENTIAL,N
8950,J_1,A2EVIL,N
8950,J_1,A2CONSPIRACY,N
8950,J_1,A2HIDDENPOWER,N
8950,J_1,A2COLLECTIVEAGENDA,N
8950,J_1,A2CONTROLGOV,N
8950,J_1,A2CONTROLBANKS,N
8950,J_1,A2CONTROLMEDIA,N
8950,J_1,A2LOYALTY,N
8950,J_1,A2DISEASE,N
8950,J_1,A3WEALTH,N
8950,J_1,A3STINGY,N
8950,J_1,A3UNPATRIOTIC,N
8950,J_1,A3CARICATURE,N
8950,J_1,A3VIOLENCE,N
8950,J_1,A3SYNAGOGUE,N
8950,J_1,A3SWASTIKA,N
8950,J_1,A3DISCRIMINATION,N
43060,J_1,A1ESSENTIAL,N
43060,J_1,A2EVIL,N
43060,J_1,A2CONSPIRACY,N
43060,J_1,A2HIDDENPOWER,N
43060,J_1,A2COLLECTIVEAGENDA,N
43060,J_1,A2CONTROLGOV,N
43060,J_1,A2CONTROLBANKS,N
43060,J_1,A2CONTROLMEDIA,N
43060,J_1,A2LOYALTY,N
43060,J_1,A2DISEASE,N
43060,J_1,A3WEALTH,N
43060,J_1,A3STINGY,N
43060,J_1,A3UNPATRIOTIC,N
43060,J_1,A3CARICATURE,N
43060,J_1,A3VIOLENCE,N
43060,J_1,A3SYNAGOGUE,N
43060,J_1,A3SWASTIKA,N
43060,J_1,A3DISCRIMINATION,N
46254,J_1,A1ESSENTIAL,A
46254,J_1,A2EVIL,A
46254,J_1,A2CONSPIRACY,A
46254,J_1,A2HIDDENPOWER,A
46254,J_1,A2COLLECTIVEAGENDA,A
46254,J_1,A2CONTROLGOV,A
46254,J_1,A2CONTROLBANKS,A
46254,J_1,A2CONTROLMEDIA,A
46254,J_1,A2LOYALTY,A
46254,J_1,A2DISEASE,A
46254,J_1,A3WEALTH,A
46254,J_1,A3STINGY,A
46254,J_1,A3UNPATRIOTIC,A
46254,J_1,A3CARICATURE,A
46254,J_1,A3VIOLENCE,A
46254,J_1,A3SYNAGOGUE,A
46254,J_1,A3SWASTIKA,A
46254,J_1,A3DISCRIMINATION,A
46434,J_1,A1ESSENTIAL,N
46434,J_1,A2EVIL,A
46434,J_1,A2CONSPIRACY,I
46434,J_1,A2HIDDENPOWER,I
46434,J_1,A2COLLECTIVEAGENDA,A
46434,J_1,A2CONTROLGOV,A
46434,J_1,A2CONTROLBANKS,N
46434,J_1,A2CONTROLMEDIA,E
46434,J_1,A2LOYALTY,A
46434,J_1,A2DISEASE,N
46434,J_1,A3WEALTH,N
46434,J_1,A3STINGY,N
46434,J_1,A3UNPATRIOTIC,N
46434,J_1,A3CARICATURE,A
46434,J_1,A3VIOLENCE,N
46434,J_1,A3SYNAGOGUE,N
46434,J_1,A3SWASTIKA,N
46434,J_1,A3DISCRIMINATION,N
40697,J_1,A1ESSENTIAL,N
40697,J_1,A2EVIL,A
40697,J_1,A2CONSPIRACY,I
40697,J_1,A2HIDDENPOWER,A
40697,J_1,A2COLLECTIVEAGENDA,I
40697,J_1,A2CONTROLGOV,A
40697,J_1,A2CONTROLBANKS,N
40697,J_1,A2CONTROLMEDIA,A
40697,J_1,A2LOYALTY,A
40697,J_1,A2DISEASE,N
40697,J_1,A3WEALTH,N
40697,J_1,A3STINGY,N
40697,J_1,A3UNPATRIOTIC,A
40697,J_1,A3CARICATURE,N
40697,J_1,A3VIOLENCE,N
40697,J_1,A3SYNAGOGUE,N
40697,J_1,A3SWASTIKA,N
40697,J_1,A3DISCRIMINATION,N
45164,J_1,A1ESSENTIAL,N
45164,J_1,A2EVIL,E
45164,J_1,A2CONSPIRACY,E
45164,J_1,A2HIDDENPOWER,E
45164,J_1,A2COLLECTIVEAGENDA,E
45164,J_1,A2CONTROLGOV,E
45164,J_1,A2CONTROLBANKS,N
45164,J_1,A2CONTROLMEDIA,N
45164,J_1,A2LOYALTY,N
45164,J_1,A2DISEASE,N
45164,J_1,A3WEALTH,N
45164,J_1,A3STINGY,N
45164,J_1,A3UNPATRIOTIC,N
45164,J_1,A3CARICATURE,N
45164,J_1,A3VIOLENCE,N
45164,J_1,A3SYNAGOGUE,N
45164,J_1,A3SWASTIKA,N
45164,J_1,A3DISCRIMINATION,N
42368,J_1,A1ESSENTIAL,N
42368,J_1,A2EVIL,N
42368,J_1,A2CONSPIRACY,N
42368,J_1,A2HIDDENPOWER,N
42368,J_1,A2COLLECTIVEAGENDA,N
42368,J_1,A2CONTROLGOV,N
42368,J_1,A2CONTROLBANKS,N
42368,J_1,A2CONTROLMEDIA,N
42368,J_1,A2LOYALTY,N
42368,J_1,A2DISEASE,N
42368,J_1,A3WEALTH,N
42368,J_1,A3STINGY,N
42368,J_1,A3UNPATRIOTIC,N
42368,J_1,A3CARICATURE,N
42368,J_1,A3VIOLENCE,N
42368,J_1,A3SYNAGOGUE,N
42368,J_1,A3SWASTIKA,N
42368,J_1,A3DISCRIMINATION,N
46865,J_1,A1ESSENTIAL,N
46865,J_1,A2EVIL,N
46865,J_1,A2CONSPIRACY,N
46865,J_1,A2HIDDENPOWER,N
46865,J_1,A2COLLECTIVEAGENDA,N
46865,J_1,A2CONTROLGOV,N
46865,J_1,A2CONTROLBANKS,N
46865,J_1,A2CONTROLMEDIA,N
46865,J_1,A2LOYALTY,N
46865,J_1,A2DISEASE,N
46865,J_1,A3WEALTH,N
46865,J_1,A3STINGY,N
46865,J_1,A3UNPATRIOTIC,N
46865,J_1,A3CARICATURE,N
46865,J_1,A3VIOLENCE,N
46865,J_1,A3SYNAGOGUE,N
46865,J_1,A3SWASTIKA,N
46865,J_1,A3DISCRIMINATION,N
10680,J_1,A1ESSENTIAL,I
10680,J_1,A2EVIL,I
10680,J_1,A2CONSPIRACY,I
10680,J_1,A2HIDDENPOWER,I
10680,J_1,A2COLLECTIVEAGENDA,I
10680,J_1,A2CONTROLGOV,A
10680,J_1,A2CONTROLBANKS,A
10680,J_1,A2CONTROLMEDIA,A
10680,J_1,A2LOYALTY,A
10680,J_1,A2DISEASE,N
10680,J_1,A3WEALTH,N
10680,J_1,A3STINGY,N
10680,J_1,A3UNPATRIOTIC,A
10680,J_1,A3CARICATURE,N
10680,J_1,A3VIOLENCE,N
10680,J_1,A3SYNAGOGUE,N
10680,J_1,A3SWASTIKA,N
10680,J_1,A3DISCRIMINATION,N
44695,J_1,A1ESSENTIAL,A
44695,J_1,A2EVIL,A
44695,J_1,A2CONSPIRACY,A
44695,J_1,A2HIDDENPOWER,A
44695,J_1,A2COLLECTIVEAGENDA,A
44695,J_1,A2CONTROLGOV,A
44695,J_1,A2CONTROLBANKS,A
44695,J_1,A2CONTROLMEDIA,A
44695,J_1,A2LOYALTY,A
44695,J_1,A2DISEASE,A
44695,J_1,A3WEALTH,A
44695,J_1,A3STINGY,A
44695,J_1,A3UNPATRIOTIC,A
44695,J_1,A3CARICATURE,A
44695,J_1,A3VIOLENCE,A
44695,J_1,A3SYNAGOGUE,A
44695,J_1,A3SWASTIKA,A
44695,J_1,A3DISCRIMINATION,A
12767,J_1,A1ESSENTIAL,N
12767,J_1,A2EVIL,N
12767,J_1,A2CONSPIRACY,N
12767,J_1,A2HIDDENPOWER,N
12767,J_1,A2COLLECTIVEAGENDA,N
12767,J_1,A2CONTROLGOV,N
12767,J_1,A2CONTROLBANKS,N
12767,J_1,A2CONTROLMEDIA,N
12767,J_1,A2LOYALTY,N
12767,J_1,A2DISEASE,N
12767,J_1,A3WEALTH,N
12767,J_1,A3STINGY,N
12767,J_1,A3UNPATRIOTIC,N
12767,J_1,A3CARICATURE,N
12767,J_1,A3VIOLENCE,N
12767,J_1,A3SYNAGOGUE,N
12767,J_1,A3SWASTIKA,N
12767,J_1,A3DISCRIMINATION,N
29747,J_1,A1ESSENTIAL,N
29747,J_1,A2EVIL,I
29747,J_1,A2CONSPIRACY,I
29747,J_1,A2HIDDENPOWER,I
29747,J_1,A2COLLECTIVEAGENDA,I
29747,J_1,A2CONTROLGOV,I
29747,J_1,A2CONTROLBANKS,N
29747,J_1,A2CONTROLMEDIA,N
29747,J_1,A2LOYALTY,N
29747,J_1,A2DISEASE,N
29747,J_1,A3WEALTH,N
29747,J_1,A3STINGY,N
29747,J_1,A3UNPATRIOTIC,N
29747,J_1,A3CARICATURE,N
29747,J_1,A3VIOLENCE,N
29747,J_1,A3SYNAGOGUE,N
29747,J_1,A3SWASTIKA,N
29747,J_1,A3DISCRIMINATION,N
40294,J_1,A1ESSENTIAL,A
40294,J_1,A2EVIL,A
40294,J_1,A2CONSPIRACY,A
40294,J_1,A2HIDDENPOWER,A
40294,J_1,A2COLLECTIVEAGENDA,A
40294,J_1,A2CONTROLGOV,A
40294,J_1,A2CONTROLBANKS,A
40294,J_1,A2CONTROLMEDIA,A
40294,J_1,A2LOYALTY,A
40294,J_1,A2DISEASE,A
40294,J_1,A3WEALTH,A
40294,J_1,A3STINGY,A
40294,J_1,A3UNPATRIOTIC,A
40294,J_1,A3CARICATURE,A
40294,J_1,A3VIOLENCE,A
40294,J_1,A3SYNAGOGUE,A
40294,J_1,A3SWASTIKA,A
40294,J_1,A3DISCRIMINATION,A
11720,J_1,A1ESSENTIAL,N
11720,J_1,A2EVIL,N
11720,J_1,A2CONSPIRACY,N
11720,J_1,A2HIDDENPOWER,N
11720,J_1,A2COLLECTIVEAGENDA,N
11720,J_1,A2CONTROLGOV,N
11720,J_1,A2CONTROLBANKS,N
11720,J_1,A2CONTROLMEDIA,N
11720,J_1,A2LOYALTY,N
11720,J_1,A2DISEASE,N
11720,J_1,A3WEALTH,N
11720,J_1,A3STINGY,N
11720,J_1,A3UNPATRIOTIC,N
11720,J_1,A3CARICATURE,N
11720,J_1,A3VIOLENCE,N
11720,J_1,A3SYNAGOGUE,N
11720,J_1,A3SWASTIKA,N
11720,J_1,A3DISCRIMINATION,N
1075,J_1,A1ESSENTIAL,I
1075,J_1,A2EVIL,A
1075,J_1,A2CONSPIRACY,I
1075,J_1,A2HIDDENPOWER,I
1075,J_1,A2COLLECTIVEAGENDA,I
1075,J_1,A2CONTROLGOV,A
1075,J_1,A2CONTROLBANKS,A
1075,J_1,A2CONTROLMEDIA,A
1075,J_1,A2LOYALTY,A
1075,J_1,A2DISEASE,N
1075,J_1,A3WEALTH,I
1075,J_1,A3STINGY,A
1075,J_1,A3UNPATRIOTIC,A
1075,J_1,A3CARICATURE,I
1075,J_1,A3VIOLENCE,A
1075,J_1,A3SYNAGOGUE,N
1075,J_1,A3SWASTIKA,N
1075,J_1,A3DISCRIMINATION,N
20057,J_1,A1ESSENTIAL,I
20057,J_1,A2EVIL,A
20057,J_1,A2CONSPIRACY,I
20057,J_1,A2HIDDENPOWER,A
20057,J_1,A2COLLECTIVEAGENDA,I
20057,J_1,A2CONTROLGOV,A
20057,J_1,A2CONTROLBANKS,A
20057,J_1,A2CONTROLMEDIA,A
20057,J_1,A2LOYALTY,A
20057,J_1,A2DISEASE,A
20057,J_1,A3WEALTH,A
20057,J_1,A3STINGY,A
20057,J_1,A3UNPATRIOTIC,A
20057,J_1,A3CARICATURE,A
20057,J_1,A3VIOLENCE,A
20057,J_1,A3SYNAGOGUE,E
20057,J_1,A3SWASTIKA,A
20057,J_1,A3DISCRIMINATION,A
49472,J_1,A1ESSENTIAL,I
49472,J_1,A2EVIL,I
49472,J_1,A2CONSPIRACY,I
49472,J_1,A2HIDDENPOWER,I
49472,J_1,A2COLLECTIVEAGENDA,I
49472,J_1,A2CONTROLGOV,A
49472,J_1,A2CONTROLBANKS,A
49472,J_1,A2CONTROLMEDIA,I
49472,J_1,A2LOYALTY,I
49472,J_1,A2DISEASE,N
49472,J_1,A3WEALTH,N
49472,J_1,A3STINGY,N
49472,J_1,A3UNPATRIOTIC,I
49472,J_1,A3CARICATURE,N
49472,J_1,A3VIOLENCE,N
49472,J_1,A3SYNAGOGUE,N
49472,J_1,A3SWASTIKA,N
49472,J_1,A3DISCRIMINATION,N
46857,J_1,A1ESSENTIAL,E
46857,J_1,A2EVIL,E
46857,J_1,A2CONSPIRACY,A
46857,J_1,A2HIDDENPOWER,A
46857,J_1,A2COLLECTIVEAGENDA,A
46857,J_1,A2CONTROLGOV,A
46857,J_1,A2CONTROLBANKS,A
46857,J_1,A2CONTROLMEDIA,A
46857,J_1,A2LOYALTY,A
46857,J_1,A2DISEASE,N
46857,J_1,A3WEALTH,N
46857,J_1,A3STINGY,N
46857,J_1,A3UNPATRIOTIC,N
46857,J_1,A3CARICATURE,A
46857,J_1,A3VIOLENCE,N
46857,J_1,A3SYNAGOGUE,N
46857,J_1,A3SWASTIKA,N
46857,J_1,A3DISCRIMINATION,N
42361,J_1,A1ESSENTIAL,N
42361,J_1,A2EVIL,A
42361,J_1,A2CONSPIRACY,A
42361,J_1,A2HIDDENPOWER,A
42361,J_1,A2COLLECTIVEAGENDA,A
42361,J_1,A2CONTROLGOV,A
42361,J_1,A2CONTROLBANKS,A
42361,J_1,A2CONTROLMEDIA,A
42361,J_1,A2LOYALTY,A
42361,J_1,A2DISEASE,N
42361,J_1,A3WEALTH,A
42361,J_1,A3STINGY,A
42361,J_1,A3UNPATRIOTIC,A
42361,J_1,A3CARICATURE,N
42361,J_1,A3VIOLENCE,N
42361,J_1,A3SYNAGOGUE,N
42361,J_1,A3SWASTIKA,N
42361,J_1,A3DISCRIMINATION,N
44509,J_1,A1ESSENTIAL,E
44509,J_1,A2EVIL,E
44509,J_1,A2CONSPIRACY,N
44509,J_1,A2HIDDENPOWER,N
44509,J_1,A2COLLECTIVEAGENDA,N
44509,J_1,A2CONTROLGOV,N
44509,J_1,A2CONTROLBANKS,N
44509,J_1,A2CONTROLMEDIA,N
44509,J_1,A2LOYALTY,N
44509,J_1,A2DISEASE,N
44509,J_1,A3WEALTH,N
44509,J_1,A3STINGY,N
44509,J_1,A3UNPATRIOTIC,N
44509,J_1,A3CARICATURE,N
44509,J_1,A3VIOLENCE,N
44509,J_1,A3SYNAGOGUE,N
44509,J_1,A3SWASTIKA,N
44509,J_1,A3DISCRIMINATION,N
