comment_id,block,code_id,label
41952,J_3,API_ERROR,errored
42679,J_3,API_ERROR,errored
49490,J_3,API_ERROR,errored
43349,J_3,API_ERROR,errored
21042,J_3,API_ERROR,errored
17315,J_3,API_ERROR,errored
21201,J_3,API_ERROR,errored
41961,J_3,API_ERROR,errored
36587,J_3,B6CHARACTERIZEISRAEL,N
36587,J_3,B7COLLECTIVEBLAME,N
36587,J_3,B7ISRAELAGENT,N
36587,J_3,B8FORCECONDEMN,N
36587,J_3,B9ISRAELLOYALTY,N
36587,J_3,B10JEWISHRIGHTS,N
24348,J_3,API_ERROR,errored
5995,J_3,API_ERROR,errored
47022,J_3,B6CHARACTERIZEISRAEL,N
47022,J_3,B7COLLECTIVEBLAME,N
47022,J_3,B7ISRAELAGENT,N
47022,J_3,B8FORCECONDEMN,N
47022,J_3,B9ISRAELLOYALTY,N
47022,J_3,B10JEWISHRIGHTS,N
14911,J_3,B6CHARACTERIZEISRAEL,N
14911,J_3,B7COLLECTIVEBLAME,N
14911,J_3,B7ISRAELAGENT,N
14911,J_3,B8FORCECONDEMN,N
14911,J_3,B9ISRAELLOYALTY,N
14911,J_3,B10JEWISHRIGHTS,N
28704,J_3,B6CHARACTERIZEISRAEL,N
28704,J_3,B7COLLECTIVEBLAME,N
28704,J_3,B7ISRAELAGENT,N
28704,J_3,B8FORCECONDEMN,N
28704,J_3,B9ISRAELLOYALTY,N
28704,J_3,B10JEWISHRIGHTS,N
12995,J_3,API_ERROR,errored
17286,J_3,API_ERROR,errored
9495,J_3,API_ERROR,errored
27587,J_3,B6CHARACTERIZEISRAEL,N
27587,J_3,B7COLLECTIVEBLAME,N
27587,J_3,B7ISRAELAGENT,N
27587,J_3,B8FORCECONDEMN,N
27587,J_3,B9ISRAELLOYALTY,N
27587,J_3,B10JEWISHRIGHTS,N
28642,J_3,API_ERROR,errored
24893,J_3,API_ERROR,errored
8963,J_3,B6CHARACTERIZEISRAEL,N
8963,J_3,B7COLLECTIVEBLAME,N
8963,J_3,B7ISRAELAGENT,N
8963,J_3,B8FORCECONDEMN,N
8963,J_3,B9ISRAELLOYALTY,N
8963,J_3,B10JEWISHRIGHTS,N
12031,J_3,B6CHARACTERIZEISRAEL,N
12031,J_3,B7COLLECTIVEBLAME,N
12031,J_3,B7ISRAELAGENT,N
12031,J_3,B8FORCECONDEMN,N
12031,J_3,B9ISRAELLOYALTY,N
12031,J_3,B10JEWISHRIGHTS,N
610,J_3,B6CHARACTERIZEISRAEL,N
610,J_3,B7COLLECTIVEBLAME,N
610,J_3,B7ISRAELAGENT,N
610,J_3,B8FORCECONDEMN,N
610,J_3,B9ISRAELLOYALTY,N
610,J_3,B10JEWISHRIGHTS,N
23944,J_3,B6CHARACTERIZEISRAEL,N
23944,J_3,B7COLLECTIVEBLAME,N
23944,J_3,B7ISRAELAGENT,N
23944,J_3,B8FORCECONDEMN,N
23944,J_3,B9ISRAELLOYALTY,N
23944,J_3,B10JEWISHRIGHTS,E
19473,J_3,B6CHARACTERIZEISRAEL,N
19473,J_3,B7COLLECTIVEBLAME,N
19473,J_3,B7ISRAELAGENT,N
19473,J_3,B8FORCECONDEMN,N
19473,J_3,B9ISRAELLOYALTY,N
19473,J_3,B10JEWISHRIGHTS,N
40788,J_3,B6CHARACTERIZEISRAEL,N
40788,J_3,B7COLLECTIVEBLAME,N
40788,J_3,B7ISRAELAGENT,N
40788,J_3,B8FORCECONDEMN,N
40788,J_3,B9ISRAELLOYALTY,N
40788,J_3,B10JEWISHRIGHTS,N
45458,J_3,API_ERROR,errored
26748,J_3,B6CHARACTERIZEISRAEL,N
26748,J_3,B7COLLECTIVEBLAME,N
26748,J_3,B7ISRAELAGENT,N
26748,J_3,B8FORCECONDEMN,N
26748,J_3,B9ISRAELLOYALTY,N
26748,J_3,B10JEWISHRIGHTS,N
20219,J_3,B6CHARACTERIZEISRAEL,N
20219,J_3,B7COLLECTIVEBLAME,N
20219,J_3,B7ISRAELAGENT,N
20219,J_3,B8FORCECONDEMN,N
20219,J_3,B9ISRAELLOYALTY,N
20219,J_3,B10JEWISHRIGHTS,N
18734,J_3,B6CHARACTERIZEISRAEL,N
18734,J_3,B7COLLECTIVEBLAME,N
18734,J_3,B7ISRAELAGENT,N
18734,J_3,B8FORCECONDEMN,N
18734,J_3,B9ISRAELLOYALTY,N
18734,J_3,B10JEWISHRIGHTS,N
20043,J_3,API_ERROR,errored
21534,J_3,B6CHARACTERIZEISRAEL,N
21534,J_3,B7COLLECTIVEBLAME,N
21534,J_3,B7ISRAELAGENT,I
21534,J_3,B8FORCECONDEMN,N
21534,J_3,B9ISRAELLOYALTY,N
21534,J_3,B10JEWISHRIGHTS,N
17260,J_3,API_ERROR,errored
24200,J_3,B6CHARACTERIZEISRAEL,N
24200,J_3,B7COLLECTIVEBLAME,N
24200,J_3,B7ISRAELAGENT,N
24200,J_3,B8FORCECONDEMN,N
24200,J_3,B9ISRAELLOYALTY,N
24200,J_3,B10JEWISHRIGHTS,N
464,J_3,API_ERROR,errored
32559,J_3,B6CHARACTERIZEISRAEL,N
32559,J_3,B7COLLECTIVEBLAME,N
32559,J_3,B7ISRAELAGENT,N
32559,J_3,B8FORCECONDEMN,N
32559,J_3,B9ISRAELLOYALTY,N
32559,J_3,B10JEWISHRIGHTS,N
723,J_3,API_ERROR,errored
36181,J_3,API_ERROR,errored
11224,J_3,API_ERROR,errored
4467,J_3,B6CHARACTERIZEISRAEL,N
4467,J_3,B7COLLECTIVEBLAME,N
4467,J_3,B7ISRAELAGENT,N
4467,J_3,B8FORCECONDEMN,N
4467,J_3,B9ISRAELLOYALTY,N
4467,J_3,B10JEWISHRIGHTS,N
44367,J_3,API_ERROR,errored
42415,J_3,B6CHARACTERIZEISRAEL,N
42415,J_3,B7COLLECTIVEBLAME,I
42415,J_3,B7ISRAELAGENT,I
42415,J_3,B8FORCECONDEMN,N
42415,J_3,B9ISRAELLOYALTY,I
42415,J_3,B10JEWISHRIGHTS,N
16970,J_3,B6CHARACTERIZEISRAEL,N
16970,J_3,B7COLLECTIVEBLAME,N
16970,J_3,B7ISRAELAGENT,N
16970,J_3,B8FORCECONDEMN,N
16970,J_3,B9ISRAELLOYALTY,N
16970,J_3,B10JEWISHRIGHTS,N
9021,J_3,API_ERROR,errored
17513,J_3,API_ERROR,errored
12924,J_3,API_ERROR,errored
903,J_3,API_ERROR,errored
31447,J_3,API_ERROR,errored
40500,J_3,B6CHARACTERIZEISRAEL,N
40500,J_3,B7COLLECTIVEBLAME,N
40500,J_3,B7ISRAELAGENT,N
40500,J_3,B8FORCECONDEMN,N
40500,J_3,B9ISRAELLOYALTY,N
40500,J_3,B10JEWISHRIGHTS,N
46636,J_3,B6CHARACTERIZEISRAEL,N
46636,J_3,B7COLLECTIVEBLAME,N
46636,J_3,B7ISRAELAGENT,N
46636,J_3,B8FORCECONDEMN,N
46636,J_3,B9ISRAELLOYALTY,N
46636,J_3,B10JEWISHRIGHTS,N
5834,J_3,B6CHARACTERIZEISRAEL,N
5834,J_3,B7COLLECTIVEBLAME,N
5834,J_3,B7ISRAELAGENT,N
5834,J_3,B8FORCECONDEMN,N
5834,J_3,B9ISRAELLOYALTY,N
5834,J_3,B10JEWISHRIGHTS,N
44295,J_3,API_ERROR,errored
20062,J_3,API_ERROR,errored
30827,J_3,B6CHARACTERIZEISRAEL,N
30827,J_3,B7COLLECTIVEBLAME,I
30827,J_3,B7ISRAELAGENT,N
30827,J_3,B8FORCECONDEMN,N
30827,J_3,B9ISRAELLOYALTY,N
30827,J_3,B10JEWISHRIGHTS,N
14314,J_3,B6CHARACTERIZEISRAEL,N
14314,J_3,B7COLLECTIVEBLAME,N
14314,J_3,B7ISRAELAGENT,N
14314,J_3,B8FORCECONDEMN,N
14314,J_3,B9ISRAELLOYALTY,N
14314,J_3,B10JEWISHRIGHTS,I
30068,J_3,B6CHARACTERIZEISRAEL,N
30068,J_3,B7COLLECTIVEBLAME,N
30068,J_3,B7ISRAELAGENT,N
30068,J_3,B8FORCECONDEMN,N
30068,J_3,B9ISRAELLOYALTY,N
30068,J_3,B10JEWISHRIGHTS,N
26324,J_3,B6CHARACTERIZEISRAEL,N
26324,J_3,B7COLLECTIVEBLAME,N
26324,J_3,B7ISRAELAGENT,N
26324,J_3,B8FORCECONDEMN,N
26324,J_3,B9ISRAELLOYALTY,N
26324,J_3,B10JEWISHRIGHTS,N
46987,J_3,API_ERROR,errored
34189,J_3,B6CHARACTERIZEISRAEL,N
34189,J_3,B7COLLECTIVEBLAME,N
34189,J_3,B7ISRAELAGENT,N
34189,J_3,B8FORCECONDEMN,N
34189,J_3,B9ISRAELLOYALTY,N
34189,J_3,B10JEWISHRIGHTS,N
15699,J_3,B6CHARACTERIZEISRAEL,N
15699,J_3,B7COLLECTIVEBLAME,N
15699,J_3,B7ISRAELAGENT,N
15699,J_3,B8FORCECONDEMN,N
15699,J_3,B9ISRAELLOYALTY,N
15699,J_3,B10JEWISHRIGHTS,N
29327,J_3,API_ERROR,errored
13027,J_3,B6CHARACTERIZEISRAEL,N
13027,J_3,B7COLLECTIVEBLAME,N
13027,J_3,B7ISRAELAGENT,N
13027,J_3,B8FORCECONDEMN,N
13027,J_3,B9ISRAELLOYALTY,N
13027,J_3,B10JEWISHRIGHTS,N
41245,J_3,API_ERROR,errored
34994,J_3,B6CHARACTERIZEISRAEL,N
34994,J_3,B7COLLECTIVEBLAME,N
34994,J_3,B7ISRAELAGENT,N
34994,J_3,B8FORCECONDEMN,N
34994,J_3,B9ISRAELLOYALTY,N
34994,J_3,B10JEWISHRIGHTS,N
34736,J_3,API_ERROR,errored
20002,J_3,B6CHARACTERIZEISRAEL,N
20002,J_3,B7COLLECTIVEBLAME,N
20002,J_3,B7ISRAELAGENT,N
20002,J_3,B8FORCECONDEMN,N
20002,J_3,B9ISRAELLOYALTY,N
20002,J_3,B10JEWISHRIGHTS,N
29667,J_3,API_ERROR,errored
39870,J_3,B6CHARACTERIZEISRAEL,N
39870,J_3,B7COLLECTIVEBLAME,N
39870,J_3,B7ISRAELAGENT,I
39870,J_3,B8FORCECONDEMN,N
39870,J_3,B9ISRAELLOYALTY,I
39870,J_3,B10JEWISHRIGHTS,N
23298,J_3,B6CHARACTERIZEISRAEL,N
23298,J_3,B7COLLECTIVEBLAME,N
23298,J_3,B7ISRAELAGENT,N
23298,J_3,B8FORCECONDEMN,N
23298,J_3,B9ISRAELLOYALTY,N
23298,J_3,B10JEWISHRIGHTS,N
15399,J_3,API_ERROR,errored
38937,J_3,B6CHARACTERIZEISRAEL,N
38937,J_3,B7COLLECTIVEBLAME,N
38937,J_3,B7ISRAELAGENT,N
38937,J_3,B8FORCECONDEMN,N
38937,J_3,B9ISRAELLOYALTY,N
38937,J_3,B10JEWISHRIGHTS,N
18332,J_3,API_ERROR,errored
45809,J_3,API_ERROR,errored
20051,J_3,B6CHARACTERIZEISRAEL,N
20051,J_3,B7COLLECTIVEBLAME,N
20051,J_3,B7ISRAELAGENT,N
20051,J_3,B8FORCECONDEMN,N
20051,J_3,B9ISRAELLOYALTY,N
20051,J_3,B10JEWISHRIGHTS,N
21152,J_3,API_ERROR,errored
48434,J_3,B6CHARACTERIZEISRAEL,N
48434,J_3,B7COLLECTIVEBLAME,N
48434,J_3,B7ISRAELAGENT,N
48434,J_3,B8FORCECONDEMN,N
48434,J_3,B9ISRAELLOYALTY,N
48434,J_3,B10JEWISHRIGHTS,N
48550,J_3,API_ERROR,errored
17779,J_3,API_ERROR,errored
37015,J_3,B6CHARACTERIZEISRAEL,N
37015,J_3,B7COLLECTIVEBLAME,N
37015,J_3,B7ISRAELAGENT,N
37015,J_3,B8FORCECONDEMN,N
37015,J_3,B9ISRAELLOYALTY,N
37015,J_3,B10JEWISHRIGHTS,N
38596,J_3,B6CHARACTERIZEISRAEL,N
38596,J_3,B7COLLECTIVEBLAME,N
38596,J_3,B7ISRAELAGENT,N
38596,J_3,B8FORCECONDEMN,N
38596,J_3,B9ISRAELLOYALTY,N
38596,J_3,B10JEWISHRIGHTS,N
2432,J_3,B6CHARACTERIZEISRAEL,N
2432,J_3,B7COLLECTIVEBLAME,N
2432,J_3,B7ISRAELAGENT,N
2432,J_3,B8FORCECONDEMN,N
2432,J_3,B9ISRAELLOYALTY,N
2432,J_3,B10JEWISHRIGHTS,N
8897,J_3,API_ERROR,errored
49558,J_3,B6CHARACTERIZEISRAEL,N
49558,J_3,B7COLLECTIVEBLAME,N
49558,J_3,B7ISRAELAGENT,N
49558,J_3,B8FORCECONDEMN,N
49558,J_3,B9ISRAELLOYALTY,N
49558,J_3,B10JEWISHRIGHTS,N
24688,J_3,API_ERROR,errored
8576,J_3,B6CHARACTERIZEISRAEL,N
8576,J_3,B7COLLECTIVEBLAME,N
8576,J_3,B7ISRAELAGENT,N
8576,J_3,B8FORCECONDEMN,N
8576,J_3,B9ISRAELLOYALTY,N
8576,J_3,B10JEWISHRIGHTS,N
23994,J_3,B6CHARACTERIZEISRAEL,N
23994,J_3,B7COLLECTIVEBLAME,N
23994,J_3,B7ISRAELAGENT,N
23994,J_3,B8FORCECONDEMN,N
23994,J_3,B9ISRAELLOYALTY,N
23994,J_3,B10JEWISHRIGHTS,N
24040,J_3,API_ERROR,errored
11314,J_3,B6CHARACTERIZEISRAEL,N
11314,J_3,B7COLLECTIVEBLAME,N
11314,J_3,B7ISRAELAGENT,N
11314,J_3,B8FORCECONDEMN,N
11314,J_3,B9ISRAELLOYALTY,N
11314,J_3,B10JEWISHRIGHTS,N
49653,J_3,B6CHARACTERIZEISRAEL,N
49653,J_3,B7COLLECTIVEBLAME,E
49653,J_3,B7ISRAELAGENT,E
49653,J_3,B8FORCECONDEMN,N
49653,J_3,B9ISRAELLOYALTY,N
49653,J_3,B10JEWISHRIGHTS,N
738,J_3,B6CHARACTERIZEISRAEL,N
738,J_3,B7COLLECTIVEBLAME,N
738,J_3,B7ISRAELAGENT,N
738,J_3,B8FORCECONDEMN,N
738,J_3,B9ISRAELLOYALTY,N
738,J_3,B10JEWISHRIGHTS,N
17466,J_3,API_ERROR,errored
22927,J_3,B6CHARACTERIZEISRAEL,N
22927,J_3,B7COLLECTIVEBLAME,A
22927,J_3,B7ISRAELAGENT,A
22927,J_3,B8FORCECONDEMN,N
22927,J_3,B9ISRAELLOYALTY,N
22927,J_3,B10JEWISHRIGHTS,I
42167,J_3,B6CHARACTERIZEISRAEL,N
42167,J_3,B7COLLECTIVEBLAME,N
42167,J_3,B7ISRAELAGENT,N
42167,J_3,B8FORCECONDEMN,N
42167,J_3,B9ISRAELLOYALTY,N
42167,J_3,B10JEWISHRIGHTS,N
11487,J_3,API_ERROR,errored
44243,J_3,API_ERROR,errored
29799,J_3,API_ERROR,errored
5085,J_3,API_ERROR,errored
40184,J_3,B6CHARACTERIZEISRAEL,N
40184,J_3,B7COLLECTIVEBLAME,N
40184,J_3,B7ISRAELAGENT,N
40184,J_3,B8FORCECONDEMN,N
40184,J_3,B9ISRAELLOYALTY,N
40184,J_3,B10JEWISHRIGHTS,N
36621,J_3,B6CHARACTERIZEISRAEL,N
36621,J_3,B7COLLECTIVEBLAME,N
36621,J_3,B7ISRAELAGENT,N
36621,J_3,B8FORCECONDEMN,N
36621,J_3,B9ISRAELLOYALTY,N
36621,J_3,B10JEWISHRIGHTS,N
45188,J_3,B6CHARACTERIZEISRAEL,N
45188,J_3,B7COLLECTIVEBLAME,N
45188,J_3,B7ISRAELAGENT,N
45188,J_3,B8FORCECONDEMN,N
45188,J_3,B9ISRAELLOYALTY,N
45188,J_3,B10JEWISHRIGHTS,N
45890,J_3,API_ERROR,errored
33919,J_3,API_ERROR,errored
43993,J_3,B6CHARACTERIZEISRAEL,N
43993,J_3,B7COLLECTIVEBLAME,N
43993,J_3,B7ISRAELAGENT,N
43993,J_3,B8FORCECONDEMN,N
43993,J_3,B9ISRAELLOYALTY,N
43993,J_3,B10JEWISHRIGHTS,N
41534,J_3,API_ERROR,errored
46857,J_3,B6CHARACTERIZEISRAEL,N
46857,J_3,B7COLLECTIVEBLAME,N
46857,J_3,B7ISRAELAGENT,N
46857,J_3,B8FORCECONDEMN,N
46857,J_3,B9ISRAELLOYALTY,N
46857,J_3,B10JEWISHRIGHTS,N
47844,J_3,B6CHARACTERIZEISRAEL,I
47844,J_3,B7COLLECTIVEBLAME,I
47844,J_3,B7ISRAELAGENT,N
47844,J_3,B8FORCECONDEMN,N
47844,J_3,B9ISRAELLOYALTY,N
47844,J_3,B10JEWISHRIGHTS,I
16607,J_3,API_ERROR,errored
49590,J_3,B6CHARACTERIZEISRAEL,N
49590,J_3,B7COLLECTIVEBLAME,N
49590,J_3,B7ISRAELAGENT,I
49590,J_3,B8FORCECONDEMN,N
49590,J_3,B9ISRAELLOYALTY,I
49590,J_3,B10JEWISHRIGHTS,N
17926,J_3,API_ERROR,errored
7080,J_3,API_ERROR,errored
39701,J_3,API_ERROR,errored
8909,J_3,API_ERROR,errored
10729,J_3,B6CHARACTERIZEISRAEL,N
10729,J_3,B7COLLECTIVEBLAME,N
10729,J_3,B7ISRAELAGENT,N
10729,J_3,B8FORCECONDEMN,N
10729,J_3,B9ISRAELLOYALTY,N
10729,J_3,B10JEWISHRIGHTS,N
9615,J_3,B6CHARACTERIZEISRAEL,N
9615,J_3,B7COLLECTIVEBLAME,N
9615,J_3,B7ISRAELAGENT,N
9615,J_3,B8FORCECONDEMN,N
9615,J_3,B9ISRAELLOYALTY,N
9615,J_3,B10JEWISHRIGHTS,N
39919,J_3,API_ERROR,errored
24687,J_3,API_ERROR,errored
10407,J_3,API_ERROR,errored
15531,J_3,B6CHARACTERIZEISRAEL,N
15531,J_3,B7COLLECTIVEBLAME,N
15531,J_3,B7ISRAELAGENT,N
15531,J_3,B8FORCECONDEMN,N
15531,J_3,B9ISRAELLOYALTY,N
15531,J_3,B10JEWISHRIGHTS,N
22247,J_3,B6CHARACTERIZEISRAEL,N
22247,J_3,B7COLLECTIVEBLAME,N
22247,J_3,B7ISRAELAGENT,N
22247,J_3,B8FORCECONDEMN,N
22247,J_3,B9ISRAELLOYALTY,N
22247,J_3,B10JEWISHRIGHTS,N
9965,J_3,API_ERROR,errored
5779,J_3,B6CHARACTERIZEISRAEL,N
5779,J_3,B7COLLECTIVEBLAME,N
5779,J_3,B7ISRAELAGENT,N
5779,J_3,B8FORCECONDEMN,N
5779,J_3,B9ISRAELLOYALTY,N
5779,J_3,B10JEWISHRIGHTS,N
2936,J_3,API_ERROR,errored
30516,J_3,B6CHARACTERIZEISRAEL,N
30516,J_3,B7COLLECTIVEBLAME,N
30516,J_3,B7ISRAELAGENT,N
30516,J_3,B8FORCECONDEMN,N
30516,J_3,B9ISRAELLOYALTY,N
30516,J_3,B10JEWISHRIGHTS,N
17989,J_3,API_ERROR,errored
45741,J_3,API_ERROR,errored
46434,J_3,B6CHARACTERIZEISRAEL,N
46434,J_3,B7COLLECTIVEBLAME,N
46434,J_3,B7ISRAELAGENT,N
46434,J_3,B8FORCECONDEMN,N
46434,J_3,B9ISRAELLOYALTY,N
46434,J_3,B10JEWISHRIGHTS,N
42268,J_3,B6CHARACTERIZEISRAEL,N
42268,J_3,B7COLLECTIVEBLAME,E
42268,J_3,B7ISRAELAGENT,I
42268,J_3,B8FORCECONDEMN,N
42268,J_3,B9ISRAELLOYALTY,N
42268,J_3,B10JEWISHRIGHTS,N
32818,J_3,B6CHARACTERIZEISRAEL,N
32818,J_3,B7COLLECTIVEBLAME,N
32818,J_3,B7ISRAELAGENT,N
32818,J_3,B8FORCECONDEMN,N
32818,J_3,B9ISRAELLOYALTY,N
32818,J_3,B10JEWISHRIGHTS,N
8130,J_3,B6CHARACTERIZEISRAEL,N
8130,J_3,B7COLLECTIVEBLAME,E
8130,J_3,B7ISRAELAGENT,N
8130,J_3,B8FORCECONDEMN,N
8130,J_3,B9ISRAELLOYALTY,N
8130,J_3,B10JEWISHRIGHTS,N
10195,J_3,B6CHARACTERIZEISRAEL,N
10195,J_3,B7COLLECTIVEBLAME,N
10195,J_3,B7ISRAELAGENT,N
10195,J_3,B8FORCECONDEMN,N
10195,J_3,B9ISRAELLOYALTY,N
10195,J_3,B10JEWISHRIGHTS,N
26630,J_3,B6CHARACTERIZEISRAEL,N
26630,J_3,B7COLLECTIVEBLAME,N
26630,J_3,B7ISRAELAGENT,N
26630,J_3,B8FORCECONDEMN,N
26630,J_3,B9ISRAELLOYALTY,N
26630,J_3,B10JEWISHRIGHTS,N
45164,J_3,API_ERROR,errored
14961,J_3,API_ERROR,errored
19723,J_3,B6CHARACTERIZEISRAEL,N
19723,J_3,B7COLLECTIVEBLAME,N
19723,J_3,B7ISRAELAGENT,N
19723,J_3,B8FORCECONDEMN,N
19723,J_3,B9ISRAELLOYALTY,N
19723,J_3,B10JEWISHRIGHTS,N
44319,J_3,API_ERROR,errored
3076,J_3,API_ERROR,errored
304,J_3,API_ERROR,errored
21550,J_3,B6CHARACTERIZEISRAEL,N
21550,J_3,B7COLLECTIVEBLAME,N
21550,J_3,B7ISRAELAGENT,N
21550,J_3,B8FORCECONDEMN,N
21550,J_3,B9ISRAELLOYALTY,N
21550,J_3,B10JEWISHRIGHTS,N
23955,J_3,API_ERROR,errored
7628,J_3,API_ERROR,errored
16522,J_3,B6CHARACTERIZEISRAEL,N
16522,J_3,B7COLLECTIVEBLAME,A
16522,J_3,B7ISRAELAGENT,N
16522,J_3,B8FORCECONDEMN,N
16522,J_3,B9ISRAELLOYALTY,N
16522,J_3,B10JEWISHRIGHTS,N
20830,J_3,B6CHARACTERIZEISRAEL,N
20830,J_3,B7COLLECTIVEBLAME,N
20830,J_3,B7ISRAELAGENT,N
20830,J_3,B8FORCECONDEMN,N
20830,J_3,B9ISRAELLOYALTY,N
20830,J_3,B10JEWISHRIGHTS,N
48204,J_3,API_ERROR,errored
49051,J_3,API_ERROR,errored
8784,J_3,API_ERROR,errored
37498,J_3,API_ERROR,errored
20102,J_3,B6CHARACTERIZEISRAEL,N
20102,J_3,B7COLLECTIVEBLAME,N
20102,J_3,B7ISRAELAGENT,N
20102,J_3,B8FORCECONDEMN,N
20102,J_3,B9ISRAELLOYALTY,N
20102,J_3,B10JEWISHRIGHTS,N
12808,J_3,API_ERROR,errored
38784,J_3,B6CHARACTERIZEISRAEL,N
38784,J_3,B7COLLECTIVEBLAME,N
38784,J_3,B7ISRAELAGENT,N
38784,J_3,B8FORCECONDEMN,N
38784,J_3,B9ISRAELLOYALTY,N
38784,J_3,B10JEWISHRIGHTS,N
24731,J_3,B6CHARACTERIZEISRAEL,N
24731,J_3,B7COLLECTIVEBLAME,N
24731,J_3,B7ISRAELAGENT,N
24731,J_3,B8FORCECONDEMN,N
24731,J_3,B9ISRAELLOYALTY,N
24731,J_3,B10JEWISHRIGHTS,N
38990,J_3,B6CHARACTERIZEISRAEL,N
38990,J_3,B7COLLECTIVEBLAME,N
38990,J_3,B7ISRAELAGENT,N
38990,J_3,B8FORCECONDEMN,N
38990,J_3,B9ISRAELLOYALTY,N
38990,J_3,B10JEWISHRIGHTS,I
4790,J_3,API_ERROR,errored
37408,J_3,API_ERROR,errored
21753,J_3,API_ERROR,errored
20568,J_3,B6CHARACTERIZEISRAEL,N
20568,J_3,B7COLLECTIVEBLAME,N
20568,J_3,B7ISRAELAGENT,N
20568,J_3,B8FORCECONDEMN,N
20568,J_3,B9ISRAELLOYALTY,N
20568,J_3,B10JEWISHRIGHTS,N
11720,J_3,API_ERROR,errored
249,J_3,API_ERROR,errored
20004,J_3,API_ERROR,errored
10477,J_3,B6CHARACTERIZEISRAEL,N
10477,J_3,B7COLLECTIVEBLAME,N
10477,J_3,B7ISRAELAGENT,N
10477,J_3,B8FORCECONDEMN,N
10477,J_3,B9ISRAELLOYALTY,N
10477,J_3,B10JEWISHRIGHTS,N
4241,J_3,API_ERROR,errored
17596,J_3,B6CHARACTERIZEISRAEL,N
17596,J_3,B7COLLECTIVEBLAME,N
17596,J_3,B7ISRAELAGENT,N
17596,J_3,B8FORCECONDEMN,N
17596,J_3,B9ISRAELLOYALTY,N
17596,J_3,B10JEWISHRIGHTS,N
43197,J_3,API_ERROR,errored
47069,J_3,API_ERROR,errored
12255,J_3,B6CHARACTERIZEISRAEL,N
12255,J_3,B7COLLECTIVEBLAME,N
12255,J_3,B7ISRAELAGENT,N
12255,J_3,B8FORCECONDEMN,N
12255,J_3,B9ISRAELLOYALTY,N
12255,J_3,B10JEWISHRIGHTS,I
25348,J_3,API_ERROR,errored
2167,J_3,API_ERROR,errored
35072,J_3,B6CHARACTERIZEISRAEL,N
35072,J_3,B7COLLECTIVEBLAME,N
35072,J_3,B7ISRAELAGENT,N
35072,J_3,B8FORCECONDEMN,N
35072,J_3,B9ISRAELLOYALTY,N
35072,J_3,B10JEWISHRIGHTS,N
10836,J_3,API_ERROR,errored
32861,J_3,API_ERROR,errored
29881,J_3,B6CHARACTERIZEISRAEL,N
29881,J_3,B7COLLECTIVEBLAME,N
29881,J_3,B7ISRAELAGENT,N
29881,J_3,B8FORCECONDEMN,N
29881,J_3,B9ISRAELLOYALTY,N
29881,J_3,B10JEWISHRIGHTS,N
23907,J_3,API_ERROR,errored
22558,J_3,API_ERROR,errored
49310,J_3,API_ERROR,errored
23613,J_3,B6CHARACTERIZEISRAEL,N
23613,J_3,B7COLLECTIVEBLAME,N
23613,J_3,B7ISRAELAGENT,N
23613,J_3,B8FORCECONDEMN,N
23613,J_3,B9ISRAELLOYALTY,N
23613,J_3,B10JEWISHRIGHTS,N
19167,J_3,B6CHARACTERIZEISRAEL,N
19167,J_3,B7COLLECTIVEBLAME,N
19167,J_3,B7ISRAELAGENT,N
19167,J_3,B8FORCECONDEMN,N
19167,J_3,B9ISRAELLOYALTY,N
19167,J_3,B10JEWISHRIGHTS,N
8350,J_3,API_ERROR,errored
40949,J_3,B6CHARACTERIZEISRAEL,N
40949,J_3,B7COLLECTIVEBLAME,N
40949,J_3,B7ISRAELAGENT,N
40949,J_3,B8FORCECONDEMN,N
40949,J_3,B9ISRAELLOYALTY,N
40949,J_3,B10JEWISHRIGHTS,N
47901,J_3,API_ERROR,errored
39476,J_3,API_ERROR,errored
27429,J_3,API_ERROR,errored
7680,J_3,API_ERROR,errored
24355,J_3,API_ERROR,errored
11598,J_3,B6CHARACTERIZEISRAEL,N
11598,J_3,B7COLLECTIVEBLAME,N
11598,J_3,B7ISRAELAGENT,N
11598,J_3,B8FORCECONDEMN,N
11598,J_3,B9ISRAELLOYALTY,N
11598,J_3,B10JEWISHRIGHTS,N
18752,J_3,API_ERROR,errored
17559,J_3,B6CHARACTERIZEISRAEL,N
17559,J_3,B7COLLECTIVEBLAME,N
17559,J_3,B7ISRAELAGENT,N
17559,J_3,B8FORCECONDEMN,N
17559,J_3,B9ISRAELLOYALTY,N
17559,J_3,B10JEWISHRIGHTS,N
4031,J_3,API_ERROR,errored
17969,J_3,API_ERROR,errored
39748,J_3,B6CHARACTERIZEISRAEL,N
39748,J_3,B7COLLECTIVEBLAME,N
39748,J_3,B7ISRAELAGENT,N
39748,J_3,B8FORCECONDEMN,N
39748,J_3,B9ISRAELLOYALTY,N
39748,J_3,B10JEWISHRIGHTS,N
9767,J_3,API_ERROR,errored
42708,J_3,API_ERROR,errored
38145,J_3,B6CHARACTERIZEISRAEL,N
38145,J_3,B7COLLECTIVEBLAME,N
38145,J_3,B7ISRAELAGENT,N
38145,J_3,B8FORCECONDEMN,N
38145,J_3,B9ISRAELLOYALTY,N
38145,J_3,B10JEWISHRIGHTS,N
808,J_3,API_ERROR,errored
18772,J_3,B6CHARACTERIZEISRAEL,N
18772,J_3,B7COLLECTIVEBLAME,N
18772,J_3,B7ISRAELAGENT,N
18772,J_3,B8FORCECONDEMN,N
18772,J_3,B9ISRAELLOYALTY,N
18772,J_3,B10JEWISHRIGHTS,N
27582,J_3,API_ERROR,errored
19557,J_3,API_ERROR,errored
17218,J_3,B6CHARACTERIZEISRAEL,N
17218,J_3,B7COLLECTIVEBLAME,N
17218,J_3,B7ISRAELAGENT,N
17218,J_3,B8FORCECONDEMN,N
17218,J_3,B9ISRAELLOYALTY,N
17218,J_3,B10JEWISHRIGHTS,N
1610,J_3,B6CHARACTERIZEISRAEL,N
1610,J_3,B7COLLECTIVEBLAME,N
1610,J_3,B7ISRAELAGENT,N
1610,J_3,B8FORCECONDEMN,N
1610,J_3,B9ISRAELLOYALTY,N
1610,J_3,B10JEWISHRIGHTS,N
7291,J_3,B6CHARACTERIZEISRAEL,N
7291,J_3,B7COLLECTIVEBLAME,N
7291,J_3,B7ISRAELAGENT,N
7291,J_3,B8FORCECONDEMN,N
7291,J_3,B9ISRAELLOYALTY,N
7291,J_3,B10JEWISHRIGHTS,N
46809,J_3,B6CHARACTERIZEISRAEL,I
46809,J_3,B7COLLECTIVEBLAME,N
46809,J_3,B7ISRAELAGENT,N
46809,J_3,B8FORCECONDEMN,N
46809,J_3,B9ISRAELLOYALTY,I
46809,J_3,B10JEWISHRIGHTS,N
40149,J_3,B6CHARACTERIZEISRAEL,N
40149,J_3,B7COLLECTIVEBLAME,N
40149,J_3,B7ISRAELAGENT,N
40149,J_3,B8FORCECONDEMN,N
40149,J_3,B9ISRAELLOYALTY,N
40149,J_3,B10JEWISHRIGHTS,N
40765,J_3,B6CHARACTERIZEISRAEL,N
40765,J_3,B7COLLECTIVEBLAME,N
40765,J_3,B7ISRAELAGENT,N
40765,J_3,B8FORCECONDEMN,N
40765,J_3,B9ISRAELLOYALTY,N
40765,J_3,B10JEWISHRIGHTS,N
1034,J_3,B6CHARACTERIZEISRAEL,N
1034,J_3,B7COLLECTIVEBLAME,N
1034,J_3,B7ISRAELAGENT,N
1034,J_3,B8FORCECONDEMN,N
1034,J_3,B9ISRAELLOYALTY,N
1034,J_3,B10JEWISHRIGHTS,N
39836,J_3,B6CHARACTERIZEISRAEL,N
39836,J_3,B7COLLECTIVEBLAME,N
39836,J_3,B7ISRAELAGENT,N
39836,J_3,B8FORCECONDEMN,N
39836,J_3,B9ISRAELLOYALTY,N
39836,J_3,B10JEWISHRIGHTS,N
47366,J_3,API_ERROR,errored
11302,J_3,API_ERROR,errored
12767,J_3,API_ERROR,errored
27315,J_3,B6CHARACTERIZEISRAEL,N
27315,J_3,B7COLLECTIVEBLAME,N
27315,J_3,B7ISRAELAGENT,N
27315,J_3,B8FORCECONDEMN,N
27315,J_3,B9ISRAELLOYALTY,N
27315,J_3,B10JEWISHRIGHTS,N
27950,J_3,B6CHARACTERIZEISRAEL,N
27950,J_3,B7COLLECTIVEBLAME,N
27950,J_3,B7ISRAELAGENT,N
27950,J_3,B8FORCECONDEMN,N
27950,J_3,B9ISRAELLOYALTY,N
27950,J_3,B10JEWISHRIGHTS,N
44564,J_3,B6CHARACTERIZEISRAEL,N
44564,J_3,B7COLLECTIVEBLAME,N
44564,J_3,B7ISRAELAGENT,N
44564,J_3,B8FORCECONDEMN,N
44564,J_3,B9ISRAELLOYALTY,N
44564,J_3,B10JEWISHRIGHTS,N
1561,J_3,API_ERROR,errored
48548,J_3,B6CHARACTERIZEISRAEL,N
48548,J_3,B7COLLECTIVEBLAME,N
48548,J_3,B7ISRAELAGENT,N
48548,J_3,B8FORCECONDEMN,N
48548,J_3,B9ISRAELLOYALTY,N
48548,J_3,B10JEWISHRIGHTS,N
22861,J_3,B6CHARACTERIZEISRAEL,N
22861,J_3,B7COLLECTIVEBLAME,N
22861,J_3,B7ISRAELAGENT,N
22861,J_3,B8FORCECONDEMN,N
22861,J_3,B9ISRAELLOYALTY,N
22861,J_3,B10JEWISHRIGHTS,N
4244,J_3,B6CHARACTERIZEISRAEL,N
4244,J_3,B7COLLECTIVEBLAME,N
4244,J_3,B7ISRAELAGENT,N
4244,J_3,B8FORCECONDEMN,N
4244,J_3,B9ISRAELLOYALTY,N
4244,J_3,B10JEWISHRIGHTS,N
46254,J_3,API_ERROR,errored
20090,J_3,API_ERROR,errored
43723,J_3,B6CHARACTERIZEISRAEL,N
43723,J_3,B7COLLECTIVEBLAME,N
43723,J_3,B7ISRAELAGENT,N
43723,J_3,B8FORCECONDEMN,N
43723,J_3,B9ISRAELLOYALTY,N
43723,J_3,B10JEWISHRIGHTS,N
4593,J_3,API_ERROR,errored
18327,J_3,B6CHARACTERIZEISRAEL,N
18327,J_3,B7COLLECTIVEBLAME,N
18327,J_3,B7ISRAELAGENT,N
18327,J_3,B8FORCECONDEMN,N
18327,J_3,B9ISRAELLOYALTY,N
18327,J_3,B10JEWISHRIGHTS,N
1120,J_3,B6CHARACTERIZEISRAEL,N
1120,J_3,B7COLLECTIVEBLAME,N
1120,J_3,B7ISRAELAGENT,N
1120,J_3,B8FORCECONDEMN,N
1120,J_3,B9ISRAELLOYALTY,N
1120,J_3,B10JEWISHRIGHTS,N
14141,J_3,B6CHARACTERIZEISRAEL,N
14141,J_3,B7COLLECTIVEBLAME,N
14141,J_3,B7ISRAELAGENT,N
14141,J_3,B8FORCECONDEMN,N
14141,J_3,B9ISRAELLOYALTY,N
14141,J_3,B10JEWISHRIGHTS,N
10843,J_3,B6CHARACTERIZEISRAEL,N
10843,J_3,B7COLLECTIVEBLAME,N
10843,J_3,B7ISRAELAGENT,N
10843,J_3,B8FORCECONDEMN,N
10843,J_3,B9ISRAELLOYALTY,N
10843,J_3,B10JEWISHRIGHTS,E
30903,J_3,B6CHARACTERIZEISRAEL,N
30903,J_3,B7COLLECTIVEBLAME,N
30903,J_3,B7ISRAELAGENT,N
30903,J_3,B8FORCECONDEMN,N
30903,J_3,B9ISRAELLOYALTY,N
30903,J_3,B10JEWISHRIGHTS,N
17386,J_3,B6CHARACTERIZEISRAEL,N
17386,J_3,B7COLLECTIVEBLAME,N
17386,J_3,B7ISRAELAGENT,N
17386,J_3,B8FORCECONDEMN,N
17386,J_3,B9ISRAELLOYALTY,N
17386,J_3,B10JEWISHRIGHTS,N
7535,J_3,B6CHARACTERIZEISRAEL,N
7535,J_3,B7COLLECTIVEBLAME,A
7535,J_3,B7ISRAELAGENT,A
7535,J_3,B8FORCECONDEMN,N
7535,J_3,B9ISRAELLOYALTY,N
7535,J_3,B10JEWISHRIGHTS,N
5492,J_3,API_ERROR,errored
45734,J_3,B6CHARACTERIZEISRAEL,N
45734,J_3,B7COLLECTIVEBLAME,N
45734,J_3,B7ISRAELAGENT,N
45734,J_3,B8FORCECONDEMN,N
45734,J_3,B9ISRAELLOYALTY,N
45734,J_3,B10JEWISHRIGHTS,N
34618,J_3,B6CHARACTERIZEISRAEL,N
34618,J_3,B7COLLECTIVEBLAME,A
34618,J_3,B7ISRAELAGENT,N
34618,J_3,B8FORCECONDEMN,N
34618,J_3,B9ISRAELLOYALTY,N
34618,J_3,B10JEWISHRIGHTS,N
45619,J_3,API_ERROR,errored
25083,J_3,API_ERROR,errored
37722,J_3,API_ERROR,errored
10135,J_3,B6CHARACTERIZEISRAEL,N
10135,J_3,B7COLLECTIVEBLAME,N
10135,J_3,B7ISRAELAGENT,N
10135,J_3,B8FORCECONDEMN,N
10135,J_3,B9ISRAELLOYALTY,N
10135,J_3,B10JEWISHRIGHTS,N
11903,J_3,B6CHARACTERIZEISRAEL,N
11903,J_3,B7COLLECTIVEBLAME,N
11903,J_3,B7ISRAELAGENT,N
11903,J_3,B8FORCECONDEMN,N
11903,J_3,B9ISRAELLOYALTY,N
11903,J_3,B10JEWISHRIGHTS,N
8387,J_3,B6CHARACTERIZEISRAEL,N
8387,J_3,B7COLLECTIVEBLAME,N
8387,J_3,B7ISRAELAGENT,N
8387,J_3,B8FORCECONDEMN,N
8387,J_3,B9ISRAELLOYALTY,N
8387,J_3,B10JEWISHRIGHTS,N
43823,J_3,API_ERROR,errored
45566,J_3,B6CHARACTERIZEISRAEL,N
45566,J_3,B7COLLECTIVEBLAME,N
45566,J_3,B7ISRAELAGENT,N
45566,J_3,B8FORCECONDEMN,N
45566,J_3,B9ISRAELLOYALTY,N
45566,J_3,B10JEWISHRIGHTS,N
36861,J_3,B6CHARACTERIZEISRAEL,N
36861,J_3,B7COLLECTIVEBLAME,N
36861,J_3,B7ISRAELAGENT,N
36861,J_3,B8FORCECONDEMN,N
36861,J_3,B9ISRAELLOYALTY,N
36861,J_3,B10JEWISHRIGHTS,N
5683,J_3,API_ERROR,errored
48650,J_3,API_ERROR,errored
10021,J_3,B6CHARACTERIZEISRAEL,N
10021,J_3,B7COLLECTIVEBLAME,N
10021,J_3,B7ISRAELAGENT,I
10021,J_3,B8FORCECONDEMN,N
10021,J_3,B9ISRAELLOYALTY,N
10021,J_3,B10JEWISHRIGHTS,N
41,J_3,API_ERROR,errored
4338,J_3,B6CHARACTERIZEISRAEL,N
4338,J_3,B7COLLECTIVEBLAME,N
4338,J_3,B7ISRAELAGENT,N
4338,J_3,B8FORCECONDEMN,N
4338,J_3,B9ISRAELLOYALTY,N
4338,J_3,B10JEWISHRIGHTS,N
43483,J_3,API_ERROR,errored
47524,J_3,API_ERROR,errored
11989,J_3,API_ERROR,errored
13917,J_3,API_ERROR,errored
27144,J_3,API_ERROR,errored
21053,J_3,B6CHARACTERIZEISRAEL,N
21053,J_3,B7COLLECTIVEBLAME,N
21053,J_3,B7ISRAELAGENT,N
21053,J_3,B8FORCECONDEMN,N
21053,J_3,B9ISRAELLOYALTY,N
21053,J_3,B10JEWISHRIGHTS,N
37781,J_3,B6CHARACTERIZEISRAEL,N
37781,J_3,B7COLLECTIVEBLAME,N
37781,J_3,B7ISRAELAGENT,N
37781,J_3,B8FORCECONDEMN,N
37781,J_3,B9ISRAELLOYALTY,N
37781,J_3,B10JEWISHRIGHTS,N
44572,J_3,B6CHARACTERIZEISRAEL,N
44572,J_3,B7COLLECTIVEBLAME,N
44572,J_3,B7ISRAELAGENT,N
44572,J_3,B8FORCECONDEMN,N
44572,J_3,B9ISRAELLOYALTY,N
44572,J_3,B10JEWISHRIGHTS,N
47369,J_3,API_ERROR,errored
11456,J_3,B6CHARACTERIZEISRAEL,N
11456,J_3,B7COLLECTIVEBLAME,N
11456,J_3,B7ISRAELAGENT,N
11456,J_3,B8FORCECONDEMN,N
11456,J_3,B9ISRAELLOYALTY,N
11456,J_3,B10JEWISHRIGHTS,A
9508,J_3,B6CHARACTERIZEISRAEL,N
9508,J_3,B7COLLECTIVEBLAME,N
9508,J_3,B7ISRAELAGENT,N
9508,J_3,B8FORCECONDEMN,N
9508,J_3,B9ISRAELLOYALTY,N
9508,J_3,B10JEWISHRIGHTS,N
20033,J_3,API_ERROR,errored
34831,J_3,B6CHARACTERIZEISRAEL,N
34831,J_3,B7COLLECTIVEBLAME,N
34831,J_3,B7ISRAELAGENT,N
34831,J_3,B8FORCECONDEMN,N
34831,J_3,B9ISRAELLOYALTY,N
34831,J_3,B10JEWISHRIGHTS,N
38484,J_3,API_ERROR,errored
11442,J_3,B6CHARACTERIZEISRAEL,N
11442,J_3,B7COLLECTIVEBLAME,N
11442,J_3,B7ISRAELAGENT,N
11442,J_3,B8FORCECONDEMN,N
11442,J_3,B9ISRAELLOYALTY,N
11442,J_3,B10JEWISHRIGHTS,N
6752,J_3,B6CHARACTERIZEISRAEL,N
6752,J_3,B7COLLECTIVEBLAME,N
6752,J_3,B7ISRAELAGENT,N
6752,J_3,B8FORCECONDEMN,N
6752,J_3,B9ISRAELLOYALTY,N
6752,J_3,B10JEWISHRIGHTS,N
41155,J_3,API_ERROR,errored
2061,J_3,B6CHARACTERIZEISRAEL,N
2061,J_3,B7COLLECTIVEBLAME,N
2061,J_3,B7ISRAELAGENT,N
2061,J_3,B8FORCECONDEMN,N
2061,J_3,B9ISRAELLOYALTY,N
2061,J_3,B10JEWISHRIGHTS,N
13813,J_3,API_ERROR,errored
23387,J_3,API_ERROR,errored
19775,J_3,API_ERROR,errored
20222,J_3,B6CHARACTERIZEISRAEL,N
20222,J_3,B7COLLECTIVEBLAME,N
20222,J_3,B7ISRAELAGENT,N
20222,J_3,B8FORCECONDEMN,N
20222,J_3,B9ISRAELLOYALTY,N
20222,J_3,B10JEWISHRIGHTS,N
15659,J_3,API_ERROR,errored
44763,J_3,API_ERROR,errored
5443,J_3,API_ERROR,errored
48642,J_3,B6CHARACTERIZEISRAEL,N
48642,J_3,B7COLLECTIVEBLAME,N
48642,J_3,B7ISRAELAGENT,N
48642,J_3,B8FORCECONDEMN,N
48642,J_3,B9ISRAELLOYALTY,N
48642,J_3,B10JEWISHRIGHTS,N
7643,J_3,API_ERROR,errored
46685,J_3,API_ERROR,errored
21672,J_3,B6CHARACTERIZEISRAEL,N
21672,J_3,B7COLLECTIVEBLAME,N
21672,J_3,B7ISRAELAGENT,N
21672,J_3,B8FORCECONDEMN,N
21672,J_3,B9ISRAELLOYALTY,N
21672,J_3,B10JEWISHRIGHTS,A
4292,J_3,API_ERROR,errored
49662,J_3,B6CHARACTERIZEISRAEL,N
49662,J_3,B7COLLECTIVEBLAME,N
49662,J_3,B7ISRAELAGENT,N
49662,J_3,B8FORCECONDEMN,N
49662,J_3,B9ISRAELLOYALTY,N
49662,J_3,B10JEWISHRIGHTS,N
18306,J_3,B6CHARACTERIZEISRAEL,N
18306,J_3,B7COLLECTIVEBLAME,N
18306,J_3,B7ISRAELAGENT,N
18306,J_3,B8FORCECONDEMN,N
18306,J_3,B9ISRAELLOYALTY,N
18306,J_3,B10JEWISHRIGHTS,N
24338,J_3,API_ERROR,errored
21592,J_3,API_ERROR,errored
15881,J_3,B6CHARACTERIZEISRAEL,N
15881,J_3,B7COLLECTIVEBLAME,N
15881,J_3,B7ISRAELAGENT,N
15881,J_3,B8FORCECONDEMN,N
15881,J_3,B9ISRAELLOYALTY,N
15881,J_3,B10JEWISHRIGHTS,N
5214,J_3,B6CHARACTERIZEISRAEL,N
5214,J_3,B7COLLECTIVEBLAME,N
5214,J_3,B7ISRAELAGENT,N
5214,J_3,B8FORCECONDEMN,N
5214,J_3,B9ISRAELLOYALTY,N
5214,J_3,B10JEWISHRIGHTS,N
46641,J_3,B6CHARACTERIZEISRAEL,N
46641,J_3,B7COLLECTIVEBLAME,N
46641,J_3,B7ISRAELAGENT,N
46641,J_3,B8FORCECONDEMN,N
46641,J_3,B9ISRAELLOYALTY,N
46641,J_3,B10JEWISHRIGHTS,N
43029,J_3,B6CHARACTERIZEISRAEL,N
43029,J_3,B7COLLECTIVEBLAME,N
43029,J_3,B7ISRAELAGENT,N
43029,J_3,B8FORCECONDEMN,N
43029,J_3,B9ISRAELLOYALTY,N
43029,J_3,B10JEWISHRIGHTS,N
24986,J_3,API_ERROR,errored
40697,J_3,PARSE_ERROR,Expecting value: line 1 column 1 (char 0)
41342,J_3,API_ERROR,errored
9659,J_3,API_ERROR,errored
10660,J_3,API_ERROR,errored
49104,J_3,B6CHARACTERIZEISRAEL,N
49104,J_3,B7COLLECTIVEBLAME,E
49104,J_3,B7ISRAELAGENT,I
49104,J_3,B8FORCECONDEMN,N
49104,J_3,B9ISRAELLOYALTY,N
49104,J_3,B10JEWISHRIGHTS,N
42128,J_3,API_ERROR,errored
47266,J_3,API_ERROR,errored
40313,J_3,API_ERROR,errored
4166,J_3,B6CHARACTERIZEISRAEL,N
4166,J_3,B7COLLECTIVEBLAME,N
4166,J_3,B7ISRAELAGENT,N
4166,J_3,B8FORCECONDEMN,N
4166,J_3,B9ISRAELLOYALTY,N
4166,J_3,B10JEWISHRIGHTS,N
31179,J_3,API_ERROR,errored
13270,J_3,B6CHARACTERIZEISRAEL,N
13270,J_3,B7COLLECTIVEBLAME,N
13270,J_3,B7ISRAELAGENT,N
13270,J_3,B8FORCECONDEMN,N
13270,J_3,B9ISRAELLOYALTY,N
13270,J_3,B10JEWISHRIGHTS,N
45371,J_3,B6CHARACTERIZEISRAEL,I
45371,J_3,B7COLLECTIVEBLAME,I
45371,J_3,B7ISRAELAGENT,N
45371,J_3,B8FORCECONDEMN,N
45371,J_3,B9ISRAELLOYALTY,N
45371,J_3,B10JEWISHRIGHTS,N
20682,J_3,API_ERROR,errored
12086,J_3,API_ERROR,errored
13368,J_3,API_ERROR,errored
42035,J_3,API_ERROR,errored
43141,J_3,API_ERROR,errored
41297,J_3,API_ERROR,errored
16273,J_3,API_ERROR,errored
46201,J_3,API_ERROR,errored
47301,J_3,B6CHARACTERIZEISRAEL,N
47301,J_3,B7COLLECTIVEBLAME,N
47301,J_3,B7ISRAELAGENT,N
47301,J_3,B8FORCECONDEMN,N
47301,J_3,B9ISRAELLOYALTY,N
47301,J_3,B10JEWISHRIGHTS,N
45603,J_3,API_ERROR,errored
1567,J_3,B6CHARACTERIZEISRAEL,N
1567,J_3,B7COLLECTIVEBLAME,N
1567,J_3,B7ISRAELAGENT,N
1567,J_3,B8FORCECONDEMN,N
1567,J_3,B9ISRAELLOYALTY,N
1567,J_3,B10JEWISHRIGHTS,N
48334,J_3,B6CHARACTERIZEISRAEL,N
48334,J_3,B7COLLECTIVEBLAME,N
48334,J_3,B7ISRAELAGENT,N
48334,J_3,B8FORCECONDEMN,N
48334,J_3,B9ISRAELLOYALTY,N
48334,J_3,B10JEWISHRIGHTS,N
9952,J_3,B6CHARACTERIZEISRAEL,N
9952,J_3,B7COLLECTIVEBLAME,N
9952,J_3,B7ISRAELAGENT,N
9952,J_3,B8FORCECONDEMN,N
9952,J_3,B9ISRAELLOYALTY,N
9952,J_3,B10JEWISHRIGHTS,N
12858,J_3,B6CHARACTERIZEISRAEL,N
12858,J_3,B7COLLECTIVEBLAME,N
12858,J_3,B7ISRAELAGENT,N
12858,J_3,B8FORCECONDEMN,N
12858,J_3,B9ISRAELLOYALTY,N
12858,J_3,B10JEWISHRIGHTS,N
18182,J_3,B6CHARACTERIZEISRAEL,N
18182,J_3,B7COLLECTIVEBLAME,N
18182,J_3,B7ISRAELAGENT,N
18182,J_3,B8FORCECONDEMN,N
18182,J_3,B9ISRAELLOYALTY,N
18182,J_3,B10JEWISHRIGHTS,N
42992,J_3,API_ERROR,errored
27197,J_3,B6CHARACTERIZEISRAEL,N
27197,J_3,B7COLLECTIVEBLAME,N
27197,J_3,B7ISRAELAGENT,N
27197,J_3,B8FORCECONDEMN,N
27197,J_3,B9ISRAELLOYALTY,N
27197,J_3,B10JEWISHRIGHTS,N
29788,J_3,API_ERROR,errored
32778,J_3,B6CHARACTERIZEISRAEL,N
32778,J_3,B7COLLECTIVEBLAME,N
32778,J_3,B7ISRAELAGENT,I
32778,J_3,B8FORCECONDEMN,N
32778,J_3,B9ISRAELLOYALTY,I
32778,J_3,B10JEWISHRIGHTS,N
34221,J_3,API_ERROR,errored
2822,J_3,API_ERROR,errored
2476,J_3,B6CHARACTERIZEISRAEL,N
2476,J_3,B7COLLECTIVEBLAME,N
2476,J_3,B7ISRAELAGENT,N
2476,J_3,B8FORCECONDEMN,N
2476,J_3,B9ISRAELLOYALTY,N
2476,J_3,B10JEWISHRIGHTS,N
985,J_3,B6CHARACTERIZEISRAEL,N
985,J_3,B7COLLECTIVEBLAME,A
985,J_3,B7ISRAELAGENT,N
985,J_3,B8FORCECONDEMN,N
985,J_3,B9ISRAELLOYALTY,N
985,J_3,B10JEWISHRIGHTS,N
36456,J_3,B6CHARACTERIZEISRAEL,N
36456,J_3,B7COLLECTIVEBLAME,N
36456,J_3,B7ISRAELAGENT,N
36456,J_3,B8FORCECONDEMN,N
36456,J_3,B9ISRAELLOYALTY,N
36456,J_3,B10JEWISHRIGHTS,N
31793,J_3,B6CHARACTERIZEISRAEL,N
31793,J_3,B7COLLECTIVEBLAME,N
31793,J_3,B7ISRAELAGENT,N
31793,J_3,B8FORCECONDEMN,N
31793,J_3,B9ISRAELLOYALTY,N
31793,J_3,B10JEWISHRIGHTS,N
2922,J_3,B6CHARACTERIZEISRAEL,N
2922,J_3,B7COLLECTIVEBLAME,N
2922,J_3,B7ISRAELAGENT,N
2922,J_3,B8FORCECONDEMN,N
2922,J_3,B9ISRAELLOYALTY,N
2922,J_3,B10JEWISHRIGHTS,N
44612,J_3,API_ERROR,errored
234,J_3,B6CHARACTERIZEISRAEL,N
234,J_3,B7COLLECTIVEBLAME,N
234,J_3,B7ISRAELAGENT,N
234,J_3,B8FORCECONDEMN,N
234,J_3,B9ISRAELLOYALTY,N
234,J_3,B10JEWISHRIGHTS,N
38168,J_3,B6CHARACTERIZEISRAEL,N
38168,J_3,B7COLLECTIVEBLAME,N
38168,J_3,B7ISRAELAGENT,N
38168,J_3,B8FORCECONDEMN,N
38168,J_3,B9ISRAELLOYALTY,N
38168,J_3,B10JEWISHRIGHTS,N
37352,J_3,API_ERROR,errored
34010,J_3,B6CHARACTERIZEISRAEL,N
34010,J_3,B7COLLECTIVEBLAME,N
34010,J_3,B7ISRAELAGENT,N
34010,J_3,B8FORCECONDEMN,N
34010,J_3,B9ISRAELLOYALTY,N
34010,J_3,B10JEWISHRIGHTS,I
47247,J_3,API_ERROR,errored
10313,J_3,B6CHARACTERIZEISRAEL,N
10313,J_3,B7COLLECTIVEBLAME,N
10313,J_3,B7ISRAELAGENT,N
10313,J_3,B8FORCECONDEMN,N
10313,J_3,B9ISRAELLOYALTY,N
10313,J_3,B10JEWISHRIGHTS,E
13562,J_3,API_ERROR,errored
45559,J_3,API_ERROR,errored
20537,J_3,API_ERROR,errored
28410,J_3,API_ERROR,errored
6635,J_3,API_ERROR,errored
5249,J_3,API_ERROR,errored
26960,J_3,API_ERROR,errored
11900,J_3,B6CHARACTERIZEISRAEL,N
11900,J_3,B7COLLECTIVEBLAME,N
11900,J_3,B7ISRAELAGENT,N
11900,J_3,B8FORCECONDEMN,N
11900,J_3,B9ISRAELLOYALTY,N
11900,J_3,B10JEWISHRIGHTS,N
31907,J_3,B6CHARACTERIZEISRAEL,N
31907,J_3,B7COLLECTIVEBLAME,N
31907,J_3,B7ISRAELAGENT,N
31907,J_3,B8FORCECONDEMN,N
31907,J_3,B9ISRAELLOYALTY,N
31907,J_3,B10JEWISHRIGHTS,N
41554,J_3,API_ERROR,errored
18940,J_3,B6CHARACTERIZEISRAEL,N
18940,J_3,B7COLLECTIVEBLAME,N
18940,J_3,B7ISRAELAGENT,N
18940,J_3,B8FORCECONDEMN,N
18940,J_3,B9ISRAELLOYALTY,N
18940,J_3,B10JEWISHRIGHTS,N
8880,J_3,API_ERROR,errored
4389,J_3,B6CHARACTERIZEISRAEL,N
4389,J_3,B7COLLECTIVEBLAME,N
4389,J_3,B7ISRAELAGENT,N
4389,J_3,B8FORCECONDEMN,N
4389,J_3,B9ISRAELLOYALTY,N
4389,J_3,B10JEWISHRIGHTS,N
20192,J_3,B6CHARACTERIZEISRAEL,N
20192,J_3,B7COLLECTIVEBLAME,N
20192,J_3,B7ISRAELAGENT,N
20192,J_3,B8FORCECONDEMN,N
20192,J_3,B9ISRAELLOYALTY,N
20192,J_3,B10JEWISHRIGHTS,N
2776,J_3,API_ERROR,errored
30035,J_3,API_ERROR,errored
27243,J_3,API_ERROR,errored
33571,J_3,API_ERROR,errored
17541,J_3,API_ERROR,errored
3944,J_3,API_ERROR,errored
29951,J_3,B6CHARACTERIZEISRAEL,N
29951,J_3,B7COLLECTIVEBLAME,N
29951,J_3,B7ISRAELAGENT,N
29951,J_3,B8FORCECONDEMN,N
29951,J_3,B9ISRAELLOYALTY,N
29951,J_3,B10JEWISHRIGHTS,N
26439,J_3,B6CHARACTERIZEISRAEL,N
26439,J_3,B7COLLECTIVEBLAME,N
26439,J_3,B7ISRAELAGENT,N
26439,J_3,B8FORCECONDEMN,N
26439,J_3,B9ISRAELLOYALTY,N
26439,J_3,B10JEWISHRIGHTS,N
30344,J_3,API_ERROR,errored
7745,J_3,API_ERROR,errored
11912,J_3,B6CHARACTERIZEISRAEL,N
11912,J_3,B7COLLECTIVEBLAME,N
11912,J_3,B7ISRAELAGENT,N
11912,J_3,B8FORCECONDEMN,N
11912,J_3,B9ISRAELLOYALTY,N
11912,J_3,B10JEWISHRIGHTS,N
42145,J_3,API_ERROR,errored
45009,J_3,API_ERROR,errored
33941,J_3,B6CHARACTERIZEISRAEL,N
33941,J_3,B7COLLECTIVEBLAME,N
33941,J_3,B7ISRAELAGENT,N
33941,J_3,B8FORCECONDEMN,N
33941,J_3,B9ISRAELLOYALTY,N
33941,J_3,B10JEWISHRIGHTS,N
3899,J_3,B6CHARACTERIZEISRAEL,N
3899,J_3,B7COLLECTIVEBLAME,N
3899,J_3,B7ISRAELAGENT,N
3899,J_3,B8FORCECONDEMN,N
3899,J_3,B9ISRAELLOYALTY,N
3899,J_3,B10JEWISHRIGHTS,N
23963,J_3,B6CHARACTERIZEISRAEL,N
23963,J_3,B7COLLECTIVEBLAME,N
23963,J_3,B7ISRAELAGENT,N
23963,J_3,B8FORCECONDEMN,N
23963,J_3,B9ISRAELLOYALTY,N
23963,J_3,B10JEWISHRIGHTS,N
26649,J_3,API_ERROR,errored
40479,J_3,API_ERROR,errored
48062,J_3,B6CHARACTERIZEISRAEL,N
48062,J_3,B7COLLECTIVEBLAME,I
48062,J_3,B7ISRAELAGENT,I
48062,J_3,B8FORCECONDEMN,N
48062,J_3,B9ISRAELLOYALTY,I
48062,J_3,B10JEWISHRIGHTS,N
32480,J_3,API_ERROR,errored
48803,J_3,API_ERROR,errored
9971,J_3,B6CHARACTERIZEISRAEL,N
9971,J_3,B7COLLECTIVEBLAME,N
9971,J_3,B7ISRAELAGENT,N
9971,J_3,B8FORCECONDEMN,N
9971,J_3,B9ISRAELLOYALTY,N
9971,J_3,B10JEWISHRIGHTS,N
41723,J_3,API_ERROR,errored
23489,J_3,API_ERROR,errored
49323,J_3,B6CHARACTERIZEISRAEL,N
49323,J_3,B7COLLECTIVEBLAME,N
49323,J_3,B7ISRAELAGENT,N
49323,J_3,B8FORCECONDEMN,N
49323,J_3,B9ISRAELLOYALTY,N
49323,J_3,B10JEWISHRIGHTS,N
6607,J_3,B6CHARACTERIZEISRAEL,N
6607,J_3,B7COLLECTIVEBLAME,N
6607,J_3,B7ISRAELAGENT,N
6607,J_3,B8FORCECONDEMN,N
6607,J_3,B9ISRAELLOYALTY,N
6607,J_3,B10JEWISHRIGHTS,N
3041,J_3,B6CHARACTERIZEISRAEL,N
3041,J_3,B7COLLECTIVEBLAME,N
3041,J_3,B7ISRAELAGENT,N
3041,J_3,B8FORCECONDEMN,N
3041,J_3,B9ISRAELLOYALTY,N
3041,J_3,B10JEWISHRIGHTS,N
10193,J_3,API_ERROR,errored
15624,J_3,B6CHARACTERIZEISRAEL,N
15624,J_3,B7COLLECTIVEBLAME,N
15624,J_3,B7ISRAELAGENT,N
15624,J_3,B8FORCECONDEMN,N
15624,J_3,B9ISRAELLOYALTY,N
15624,J_3,B10JEWISHRIGHTS,N
29100,J_3,API_ERROR,errored
40521,J_3,API_ERROR,errored
49260,J_3,B6CHARACTERIZEISRAEL,N
49260,J_3,B7COLLECTIVEBLAME,N
49260,J_3,B7ISRAELAGENT,N
49260,J_3,B8FORCECONDEMN,N
49260,J_3,B9ISRAELLOYALTY,N
49260,J_3,B10JEWISHRIGHTS,N
49655,J_3,B6CHARACTERIZEISRAEL,N
49655,J_3,B7COLLECTIVEBLAME,N
49655,J_3,B7ISRAELAGENT,N
49655,J_3,B8FORCECONDEMN,N
49655,J_3,B9ISRAELLOYALTY,N
49655,J_3,B10JEWISHRIGHTS,N
658,J_3,B6CHARACTERIZEISRAEL,N
658,J_3,B7COLLECTIVEBLAME,N
658,J_3,B7ISRAELAGENT,N
658,J_3,B8FORCECONDEMN,N
658,J_3,B9ISRAELLOYALTY,N
658,J_3,B10JEWISHRIGHTS,N
15810,J_3,B6CHARACTERIZEISRAEL,N
15810,J_3,B7COLLECTIVEBLAME,N
15810,J_3,B7ISRAELAGENT,N
15810,J_3,B8FORCECONDEMN,N
15810,J_3,B9ISRAELLOYALTY,N
15810,J_3,B10JEWISHRIGHTS,N
19266,J_3,B6CHARACTERIZEISRAEL,N
19266,J_3,B7COLLECTIVEBLAME,N
19266,J_3,B7ISRAELAGENT,N
19266,J_3,B8FORCECONDEMN,N
19266,J_3,B9ISRAELLOYALTY,N
19266,J_3,B10JEWISHRIGHTS,N
16868,J_3,API_ERROR,errored
43985,J_3,B6CHARACTERIZEISRAEL,N
43985,J_3,B7COLLECTIVEBLAME,N
43985,J_3,B7ISRAELAGENT,N
43985,J_3,B8FORCECONDEMN,N
43985,J_3,B9ISRAELLOYALTY,N
43985,J_3,B10JEWISHRIGHTS,N
16706,J_3,B6CHARACTERIZEISRAEL,N
16706,J_3,B7COLLECTIVEBLAME,N
16706,J_3,B7ISRAELAGENT,N
16706,J_3,B8FORCECONDEMN,N
16706,J_3,B9ISRAELLOYALTY,N
16706,J_3,B10JEWISHRIGHTS,N
27527,J_3,API_ERROR,errored
909,J_3,API_ERROR,errored
46958,J_3,API_ERROR,errored
38085,J_3,API_ERROR,errored
47305,J_3,B6CHARACTERIZEISRAEL,N
47305,J_3,B7COLLECTIVEBLAME,N
47305,J_3,B7ISRAELAGENT,N
47305,J_3,B8FORCECONDEMN,N
47305,J_3,B9ISRAELLOYALTY,N
47305,J_3,B10JEWISHRIGHTS,N
20800,J_3,API_ERROR,errored
30299,J_3,API_ERROR,errored
5534,J_3,B6CHARACTERIZEISRAEL,N
5534,J_3,B7COLLECTIVEBLAME,N
5534,J_3,B7ISRAELAGENT,N
5534,J_3,B8FORCECONDEMN,N
5534,J_3,B9ISRAELLOYALTY,N
5534,J_3,B10JEWISHRIGHTS,N
40579,J_3,API_ERROR,errored
27901,J_3,API_ERROR,errored
24667,J_3,B6CHARACTERIZEISRAEL,N
24667,J_3,B7COLLECTIVEBLAME,N
24667,J_3,B7ISRAELAGENT,N
24667,J_3,B8FORCECONDEMN,N
24667,J_3,B9ISRAELLOYALTY,N
24667,J_3,B10JEWISHRIGHTS,N
45003,J_3,API_ERROR,errored
4408,J_3,B6CHARACTERIZEISRAEL,N
4408,J_3,B7COLLECTIVEBLAME,N
4408,J_3,B7ISRAELAGENT,N
4408,J_3,B8FORCECONDEMN,N
4408,J_3,B9ISRAELLOYALTY,N
4408,J_3,B10JEWISHRIGHTS,N
49332,J_3,B6CHARACTERIZEISRAEL,N
49332,J_3,B7COLLECTIVEBLAME,N
49332,J_3,B7ISRAELAGENT,N
49332,J_3,B8FORCECONDEMN,N
49332,J_3,B9ISRAELLOYALTY,N
49332,J_3,B10JEWISHRIGHTS,N
46389,J_3,API_ERROR,errored
12616,J_3,API_ERROR,errored
40495,J_3,B6CHARACTERIZEISRAEL,N
40495,J_3,B7COLLECTIVEBLAME,N
40495,J_3,B7ISRAELAGENT,N
40495,J_3,B8FORCECONDEMN,N
40495,J_3,B9ISRAELLOYALTY,N
40495,J_3,B10JEWISHRIGHTS,N
36058,J_3,B6CHARACTERIZEISRAEL,N
36058,J_3,B7COLLECTIVEBLAME,N
36058,J_3,B7ISRAELAGENT,N
36058,J_3,B8FORCECONDEMN,N
36058,J_3,B9ISRAELLOYALTY,N
36058,J_3,B10JEWISHRIGHTS,N
44621,J_3,B6CHARACTERIZEISRAEL,N
44621,J_3,B7COLLECTIVEBLAME,N
44621,J_3,B7ISRAELAGENT,N
44621,J_3,B8FORCECONDEMN,N
44621,J_3,B9ISRAELLOYALTY,N
44621,J_3,B10JEWISHRIGHTS,N
30632,J_3,API_ERROR,errored
34086,J_3,API_ERROR,errored
10950,J_3,API_ERROR,errored
3839,J_3,API_ERROR,errored
18966,J_3,B6CHARACTERIZEISRAEL,N
18966,J_3,B7COLLECTIVEBLAME,N
18966,J_3,B7ISRAELAGENT,N
18966,J_3,B8FORCECONDEMN,N
18966,J_3,B9ISRAELLOYALTY,N
18966,J_3,B10JEWISHRIGHTS,N
19403,J_3,API_ERROR,errored
34838,J_3,B6CHARACTERIZEISRAEL,N
34838,J_3,B7COLLECTIVEBLAME,N
34838,J_3,B7ISRAELAGENT,N
34838,J_3,B8FORCECONDEMN,N
34838,J_3,B9ISRAELLOYALTY,N
34838,J_3,B10JEWISHRIGHTS,N
40852,J_3,API_ERROR,errored
12019,J_3,API_ERROR,errored
46955,J_3,API_ERROR,errored
48498,J_3,API_ERROR,errored
48931,J_3,B6CHARACTERIZEISRAEL,N
48931,J_3,B7COLLECTIVEBLAME,N
48931,J_3,B7ISRAELAGENT,N
48931,J_3,B8FORCECONDEMN,N
48931,J_3,B9ISRAELLOYALTY,N
48931,J_3,B10JEWISHRIGHTS,N
7672,J_3,B6CHARACTERIZEISRAEL,N
7672,J_3,B7COLLECTIVEBLAME,N
7672,J_3,B7ISRAELAGENT,N
7672,J_3,B8FORCECONDEMN,N
7672,J_3,B9ISRAELLOYALTY,N
7672,J_3,B10JEWISHRIGHTS,N
43018,J_3,B6CHARACTERIZEISRAEL,N
43018,J_3,B7COLLECTIVEBLAME,N
43018,J_3,B7ISRAELAGENT,N
43018,J_3,B8FORCECONDEMN,N
43018,J_3,B9ISRAELLOYALTY,N
43018,J_3,B10JEWISHRIGHTS,N
4788,J_3,API_ERROR,errored
46392,J_3,B6CHARACTERIZEISRAEL,N
46392,J_3,B7COLLECTIVEBLAME,N
46392,J_3,B7ISRAELAGENT,N
46392,J_3,B8FORCECONDEMN,N
46392,J_3,B9ISRAELLOYALTY,N
46392,J_3,B10JEWISHRIGHTS,N
38780,J_3,B6CHARACTERIZEISRAEL,N
38780,J_3,B7COLLECTIVEBLAME,N
38780,J_3,B7ISRAELAGENT,N
38780,J_3,B8FORCECONDEMN,N
38780,J_3,B9ISRAELLOYALTY,N
38780,J_3,B10JEWISHRIGHTS,N
9896,J_3,B6CHARACTERIZEISRAEL,N
9896,J_3,B7COLLECTIVEBLAME,N
9896,J_3,B7ISRAELAGENT,N
9896,J_3,B8FORCECONDEMN,N
9896,J_3,B9ISRAELLOYALTY,N
9896,J_3,B10JEWISHRIGHTS,N
25790,J_3,B6CHARACTERIZEISRAEL,N
25790,J_3,B7COLLECTIVEBLAME,N
25790,J_3,B7ISRAELAGENT,N
25790,J_3,B8FORCECONDEMN,N
25790,J_3,B9ISRAELLOYALTY,N
25790,J_3,B10JEWISHRIGHTS,N
43159,J_3,API_ERROR,errored
1133,J_3,API_ERROR,errored
13381,J_3,B6CHARACTERIZEISRAEL,N
13381,J_3,B7COLLECTIVEBLAME,N
13381,J_3,B7ISRAELAGENT,N
13381,J_3,B8FORCECONDEMN,N
13381,J_3,B9ISRAELLOYALTY,N
13381,J_3,B10JEWISHRIGHTS,N
29933,J_3,B6CHARACTERIZEISRAEL,N
29933,J_3,B7COLLECTIVEBLAME,N
29933,J_3,B7ISRAELAGENT,N
29933,J_3,B8FORCECONDEMN,N
29933,J_3,B9ISRAELLOYALTY,N
29933,J_3,B10JEWISHRIGHTS,N
44328,J_3,B6CHARACTERIZEISRAEL,N
44328,J_3,B7COLLECTIVEBLAME,N
44328,J_3,B7ISRAELAGENT,N
44328,J_3,B8FORCECONDEMN,N
44328,J_3,B9ISRAELLOYALTY,N
44328,J_3,B10JEWISHRIGHTS,N
47017,J_3,B6CHARACTERIZEISRAEL,N
47017,J_3,B7COLLECTIVEBLAME,N
47017,J_3,B7ISRAELAGENT,N
47017,J_3,B8FORCECONDEMN,N
47017,J_3,B9ISRAELLOYALTY,N
47017,J_3,B10JEWISHRIGHTS,E
10245,J_3,B6CHARACTERIZEISRAEL,N
10245,J_3,B7COLLECTIVEBLAME,N
10245,J_3,B7ISRAELAGENT,N
10245,J_3,B8FORCECONDEMN,N
10245,J_3,B9ISRAELLOYALTY,N
10245,J_3,B10JEWISHRIGHTS,N
8453,J_3,API_ERROR,errored
27953,J_3,B6CHARACTERIZEISRAEL,N
27953,J_3,B7COLLECTIVEBLAME,N
27953,J_3,B7ISRAELAGENT,N
27953,J_3,B8FORCECONDEMN,N
27953,J_3,B9ISRAELLOYALTY,N
27953,J_3,B10JEWISHRIGHTS,N
45678,J_3,API_ERROR,errored
44607,J_3,API_ERROR,errored
19314,J_3,B6CHARACTERIZEISRAEL,N
19314,J_3,B7COLLECTIVEBLAME,N
19314,J_3,B7ISRAELAGENT,N
19314,J_3,B8FORCECONDEMN,N
19314,J_3,B9ISRAELLOYALTY,N
19314,J_3,B10JEWISHRIGHTS,N
18661,J_3,API_ERROR,errored
45166,J_3,B6CHARACTERIZEISRAEL,N
45166,J_3,B7COLLECTIVEBLAME,N
45166,J_3,B7ISRAELAGENT,N
45166,J_3,B8FORCECONDEMN,N
45166,J_3,B9ISRAELLOYALTY,N
45166,J_3,B10JEWISHRIGHTS,N
17484,J_3,API_ERROR,errored
49568,J_3,B6CHARACTERIZEISRAEL,N
49568,J_3,B7COLLECTIVEBLAME,N
49568,J_3,B7ISRAELAGENT,N
49568,J_3,B8FORCECONDEMN,N
49568,J_3,B9ISRAELLOYALTY,N
49568,J_3,B10JEWISHRIGHTS,N
36851,J_3,B6CHARACTERIZEISRAEL,N
36851,J_3,B7COLLECTIVEBLAME,N
36851,J_3,B7ISRAELAGENT,N
36851,J_3,B8FORCECONDEMN,N
36851,J_3,B9ISRAELLOYALTY,N
36851,J_3,B10JEWISHRIGHTS,N
13639,J_3,API_ERROR,errored
28633,J_3,API_ERROR,errored
17954,J_3,B6CHARACTERIZEISRAEL,N
17954,J_3,B7COLLECTIVEBLAME,N
17954,J_3,B7ISRAELAGENT,N
17954,J_3,B8FORCECONDEMN,N
17954,J_3,B9ISRAELLOYALTY,N
17954,J_3,B10JEWISHRIGHTS,N
28708,J_3,API_ERROR,errored
2015,J_3,B6CHARACTERIZEISRAEL,N
2015,J_3,B7COLLECTIVEBLAME,N
2015,J_3,B7ISRAELAGENT,N
2015,J_3,B8FORCECONDEMN,N
2015,J_3,B9ISRAELLOYALTY,N
2015,J_3,B10JEWISHRIGHTS,N
692,J_3,B6CHARACTERIZEISRAEL,A
692,J_3,B7COLLECTIVEBLAME,I
692,J_3,B7ISRAELAGENT,N
692,J_3,B8FORCECONDEMN,N
692,J_3,B9ISRAELLOYALTY,N
692,J_3,B10JEWISHRIGHTS,N
37796,J_3,B6CHARACTERIZEISRAEL,N
37796,J_3,B7COLLECTIVEBLAME,N
37796,J_3,B7ISRAELAGENT,N
37796,J_3,B8FORCECONDEMN,N
37796,J_3,B9ISRAELLOYALTY,N
37796,J_3,B10JEWISHRIGHTS,N
14144,J_3,B6CHARACTERIZEISRAEL,N
14144,J_3,B7COLLECTIVEBLAME,N
14144,J_3,B7ISRAELAGENT,N
14144,J_3,B8FORCECONDEMN,N
14144,J_3,B9ISRAELLOYALTY,N
14144,J_3,B10JEWISHRIGHTS,N
5261,J_3,API_ERROR,errored
41884,J_3,API_ERROR,errored
2135,J_3,API_ERROR,errored
19623,J_3,API_ERROR,errored
23332,J_3,B6CHARACTERIZEISRAEL,N
23332,J_3,B7COLLECTIVEBLAME,N
23332,J_3,B7ISRAELAGENT,N
23332,J_3,B8FORCECONDEMN,N
23332,J_3,B9ISRAELLOYALTY,N
23332,J_3,B10JEWISHRIGHTS,N
5554,J_3,API_ERROR,errored
13979,J_3,API_ERROR,errored
25894,J_3,B6CHARACTERIZEISRAEL,N
25894,J_3,B7COLLECTIVEBLAME,N
25894,J_3,B7ISRAELAGENT,N
25894,J_3,B8FORCECONDEMN,N
25894,J_3,B9ISRAELLOYALTY,N
25894,J_3,B10JEWISHRIGHTS,N
2837,J_3,B6CHARACTERIZEISRAEL,N
2837,J_3,B7COLLECTIVEBLAME,N
2837,J_3,B7ISRAELAGENT,N
2837,J_3,B8FORCECONDEMN,N
2837,J_3,B9ISRAELLOYALTY,N
2837,J_3,B10JEWISHRIGHTS,N
30046,J_3,B6CHARACTERIZEISRAEL,N
30046,J_3,B7COLLECTIVEBLAME,N
30046,J_3,B7ISRAELAGENT,N
30046,J_3,B8FORCECONDEMN,N
30046,J_3,B9ISRAELLOYALTY,N
30046,J_3,B10JEWISHRIGHTS,N
12621,J_3,B6CHARACTERIZEISRAEL,N
12621,J_3,B7COLLECTIVEBLAME,N
12621,J_3,B7ISRAELAGENT,N
12621,J_3,B8FORCECONDEMN,N
12621,J_3,B9ISRAELLOYALTY,N
12621,J_3,B10JEWISHRIGHTS,N
3425,J_3,API_ERROR,errored
31397,J_3,B6CHARACTERIZEISRAEL,N
31397,J_3,B7COLLECTIVEBLAME,N
31397,J_3,B7ISRAELAGENT,N
31397,J_3,B8FORCECONDEMN,N
31397,J_3,B9ISRAELLOYALTY,N
31397,J_3,B10JEWISHRIGHTS,N
11332,J_3,B6CHARACTERIZEISRAEL,N
11332,J_3,B7COLLECTIVEBLAME,N
11332,J_3,B7ISRAELAGENT,N
11332,J_3,B8FORCECONDEMN,N
11332,J_3,B9ISRAELLOYALTY,N
11332,J_3,B10JEWISHRIGHTS,A
40120,J_3,B6CHARACTERIZEISRAEL,N
40120,J_3,B7COLLECTIVEBLAME,N
40120,J_3,B7ISRAELAGENT,N
40120,J_3,B8FORCECONDEMN,N
40120,J_3,B9ISRAELLOYALTY,N
40120,J_3,B10JEWISHRIGHTS,N
28714,J_3,API_ERROR,errored
4294,J_3,API_ERROR,errored
6506,J_3,API_ERROR,errored
22629,J_3,API_ERROR,errored
47254,J_3,API_ERROR,errored
19770,J_3,API_ERROR,errored
24735,J_3,API_ERROR,errored
8712,J_3,API_ERROR,errored
48907,J_3,API_ERROR,errored
48310,J_3,API_ERROR,errored
40695,J_3,API_ERROR,errored
20426,J_3,API_ERROR,errored
14309,J_3,B6CHARACTERIZEISRAEL,N
14309,J_3,B7COLLECTIVEBLAME,N
14309,J_3,B7ISRAELAGENT,N
14309,J_3,B8FORCECONDEMN,N
14309,J_3,B9ISRAELLOYALTY,N
14309,J_3,B10JEWISHRIGHTS,N
37676,J_3,B6CHARACTERIZEISRAEL,N
37676,J_3,B7COLLECTIVEBLAME,N
37676,J_3,B7ISRAELAGENT,N
37676,J_3,B8FORCECONDEMN,N
37676,J_3,B9ISRAELLOYALTY,N
37676,J_3,B10JEWISHRIGHTS,N
6269,J_3,API_ERROR,errored
48616,J_3,API_ERROR,errored
45757,J_3,B6CHARACTERIZEISRAEL,N
45757,J_3,B7COLLECTIVEBLAME,N
45757,J_3,B7ISRAELAGENT,N
45757,J_3,B8FORCECONDEMN,N
45757,J_3,B9ISRAELLOYALTY,N
45757,J_3,B10JEWISHRIGHTS,N
12599,J_3,B6CHARACTERIZEISRAEL,N
12599,J_3,B7COLLECTIVEBLAME,N
12599,J_3,B7ISRAELAGENT,N
12599,J_3,B8FORCECONDEMN,N
12599,J_3,B9ISRAELLOYALTY,N
12599,J_3,B10JEWISHRIGHTS,N
8203,J_3,API_ERROR,errored
45456,J_3,B6CHARACTERIZEISRAEL,N
45456,J_3,B7COLLECTIVEBLAME,N
45456,J_3,B7ISRAELAGENT,N
45456,J_3,B8FORCECONDEMN,N
45456,J_3,B9ISRAELLOYALTY,N
45456,J_3,B10JEWISHRIGHTS,N
40089,J_3,API_ERROR,errored
3405,J_3,B6CHARACTERIZEISRAEL,N
3405,J_3,B7COLLECTIVEBLAME,N
3405,J_3,B7ISRAELAGENT,N
3405,J_3,B8FORCECONDEMN,N
3405,J_3,B9ISRAELLOYALTY,N
3405,J_3,B10JEWISHRIGHTS,N
2052,J_3,B6CHARACTERIZEISRAEL,N
2052,J_3,B7COLLECTIVEBLAME,N
2052,J_3,B7ISRAELAGENT,N
2052,J_3,B8FORCECONDEMN,N
2052,J_3,B9ISRAELLOYALTY,N
2052,J_3,B10JEWISHRIGHTS,N
23079,J_3,API_ERROR,errored
47665,J_3,B6CHARACTERIZEISRAEL,N
47665,J_3,B7COLLECTIVEBLAME,I
47665,J_3,B7ISRAELAGENT,I
47665,J_3,B8FORCECONDEMN,N
47665,J_3,B9ISRAELLOYALTY,I
47665,J_3,B10JEWISHRIGHTS,N
2624,J_3,API_ERROR,errored
41494,J_3,API_ERROR,errored
42668,J_3,API_ERROR,errored
10827,J_3,B6CHARACTERIZEISRAEL,N
10827,J_3,B7COLLECTIVEBLAME,N
10827,J_3,B7ISRAELAGENT,N
10827,J_3,B8FORCECONDEMN,N
10827,J_3,B9ISRAELLOYALTY,N
10827,J_3,B10JEWISHRIGHTS,N
18045,J_3,API_ERROR,errored
43066,J_3,API_ERROR,errored
15992,J_3,API_ERROR,errored
5954,J_3,API_ERROR,errored
1591,J_3,API_ERROR,errored
12106,J_3,B6CHARACTERIZEISRAEL,N
12106,J_3,B7COLLECTIVEBLAME,N
12106,J_3,B7ISRAELAGENT,N
12106,J_3,B8FORCECONDEMN,N
12106,J_3,B9ISRAELLOYALTY,N
12106,J_3,B10JEWISHRIGHTS,N
39821,J_3,API_ERROR,errored
45042,J_3,API_ERROR,errored
7158,J_3,B6CHARACTERIZEISRAEL,N
7158,J_3,B7COLLECTIVEBLAME,N
7158,J_3,B7ISRAELAGENT,N
7158,J_3,B8FORCECONDEMN,N
7158,J_3,B9ISRAELLOYALTY,N
7158,J_3,B10JEWISHRIGHTS,N
29184,J_3,API_ERROR,errored
33958,J_3,API_ERROR,errored
20337,J_3,API_ERROR,errored
28047,J_3,API_ERROR,errored
43598,J_3,API_ERROR,errored
48088,J_3,API_ERROR,errored
13572,J_3,API_ERROR,errored
41896,J_3,API_ERROR,errored
30122,J_3,B6CHARACTERIZEISRAEL,N
30122,J_3,B7COLLECTIVEBLAME,N
30122,J_3,B7ISRAELAGENT,N
30122,J_3,B8FORCECONDEMN,N
30122,J_3,B9ISRAELLOYALTY,N
30122,J_3,B10JEWISHRIGHTS,N
3972,J_3,API_ERROR,errored
44747,J_3,API_ERROR,errored
43550,J_3,B6CHARACTERIZEISRAEL,N
43550,J_3,B7COLLECTIVEBLAME,N
43550,J_3,B7ISRAELAGENT,N
43550,J_3,B8FORCECONDEMN,N
43550,J_3,B9ISRAELLOYALTY,N
43550,J_3,B10JEWISHRIGHTS,N
49978,J_3,B6CHARACTERIZEISRAEL,N
49978,J_3,B7COLLECTIVEBLAME,N
49978,J_3,B7ISRAELAGENT,N
49978,J_3,B8FORCECONDEMN,N
49978,J_3,B9ISRAELLOYALTY,N
49978,J_3,B10JEWISHRIGHTS,N
20026,J_3,API_ERROR,errored
44358,J_3,API_ERROR,errored
41959,J_3,API_ERROR,errored
20193,J_3,B6CHARACTERIZEISRAEL,N
20193,J_3,B7COLLECTIVEBLAME,N
20193,J_3,B7ISRAELAGENT,N
20193,J_3,B8FORCECONDEMN,N
20193,J_3,B9ISRAELLOYALTY,N
20193,J_3,B10JEWISHRIGHTS,N
37390,J_3,API_ERROR,errored
15691,J_3,API_ERROR,errored
33290,J_3,B6CHARACTERIZEISRAEL,N
33290,J_3,B7COLLECTIVEBLAME,N
33290,J_3,B7ISRAELAGENT,N
33290,J_3,B8FORCECONDEMN,N
33290,J_3,B9ISRAELLOYALTY,N
33290,J_3,B10JEWISHRIGHTS,N
40100,J_3,API_ERROR,errored
22015,J_3,API_ERROR,errored
4704,J_3,API_ERROR,errored
49569,J_3,API_ERROR,errored
36298,J_3,B6CHARACTERIZEISRAEL,N
36298,J_3,B7COLLECTIVEBLAME,N
36298,J_3,B7ISRAELAGENT,N
36298,J_3,B8FORCECONDEMN,N
36298,J_3,B9ISRAELLOYALTY,N
36298,J_3,B10JEWISHRIGHTS,N
10768,J_3,API_ERROR,errored
46051,J_3,B6CHARACTERIZEISRAEL,N
46051,J_3,B7COLLECTIVEBLAME,N
46051,J_3,B7ISRAELAGENT,N
46051,J_3,B8FORCECONDEMN,N
46051,J_3,B9ISRAELLOYALTY,N
46051,J_3,B10JEWISHRIGHTS,N
2754,J_3,API_ERROR,errored
5751,J_3,API_ERROR,errored
26861,J_3,API_ERROR,errored
6232,J_3,B6CHARACTERIZEISRAEL,N
6232,J_3,B7COLLECTIVEBLAME,N
6232,J_3,B7ISRAELAGENT,N
6232,J_3,B8FORCECONDEMN,N
6232,J_3,B9ISRAELLOYALTY,N
6232,J_3,B10JEWISHRIGHTS,N
23943,J_3,B6CHARACTERIZEISRAEL,N
23943,J_3,B7COLLECTIVEBLAME,N
23943,J_3,B7ISRAELAGENT,N
23943,J_3,B8FORCECONDEMN,N
23943,J_3,B9ISRAELLOYALTY,N
23943,J_3,B10JEWISHRIGHTS,N
43128,J_3,B6CHARACTERIZEISRAEL,N
43128,J_3,B7COLLECTIVEBLAME,N
43128,J_3,B7ISRAELAGENT,N
43128,J_3,B8FORCECONDEMN,N
43128,J_3,B9ISRAELLOYALTY,N
43128,J_3,B10JEWISHRIGHTS,N
29453,J_3,API_ERROR,errored
1421,J_3,API_ERROR,errored
45616,J_3,API_ERROR,errored
16274,J_3,B6CHARACTERIZEISRAEL,N
16274,J_3,B7COLLECTIVEBLAME,N
16274,J_3,B7ISRAELAGENT,N
16274,J_3,B8FORCECONDEMN,N
16274,J_3,B9ISRAELLOYALTY,N
16274,J_3,B10JEWISHRIGHTS,N
16128,J_3,API_ERROR,errored
39362,J_3,API_ERROR,errored
12020,J_3,API_ERROR,errored
17164,J_3,API_ERROR,errored
49166,J_3,API_ERROR,errored
7160,J_3,API_ERROR,errored
16033,J_3,API_ERROR,errored
4666,J_3,API_ERROR,errored
38127,J_3,B6CHARACTERIZEISRAEL,N
38127,J_3,B7COLLECTIVEBLAME,N
38127,J_3,B7ISRAELAGENT,N
38127,J_3,B8FORCECONDEMN,N
38127,J_3,B9ISRAELLOYALTY,N
38127,J_3,B10JEWISHRIGHTS,N
1324,J_3,B6CHARACTERIZEISRAEL,N
1324,J_3,B7COLLECTIVEBLAME,N
1324,J_3,B7ISRAELAGENT,N
1324,J_3,B8FORCECONDEMN,N
1324,J_3,B9ISRAELLOYALTY,N
1324,J_3,B10JEWISHRIGHTS,N
40464,J_3,B6CHARACTERIZEISRAEL,N
40464,J_3,B7COLLECTIVEBLAME,N
40464,J_3,B7ISRAELAGENT,N
40464,J_3,B8FORCECONDEMN,N
40464,J_3,B9ISRAELLOYALTY,N
40464,J_3,B10JEWISHRIGHTS,N
28583,J_3,API_ERROR,errored
50034,J_3,B6CHARACTERIZEISRAEL,N
50034,J_3,B7COLLECTIVEBLAME,N
50034,J_3,B7ISRAELAGENT,N
50034,J_3,B8FORCECONDEMN,N
50034,J_3,B9ISRAELLOYALTY,N
50034,J_3,B10JEWISHRIGHTS,N
44430,J_3,B6CHARACTERIZEISRAEL,N
44430,J_3,B7COLLECTIVEBLAME,N
44430,J_3,B7ISRAELAGENT,N
44430,J_3,B8FORCECONDEMN,N
44430,J_3,B9ISRAELLOYALTY,N
44430,J_3,B10JEWISHRIGHTS,N
48322,J_3,API_ERROR,errored
16811,J_3,API_ERROR,errored
20045,J_3,API_ERROR,errored
47614,J_3,API_ERROR,errored
31537,J_3,API_ERROR,errored
30986,J_3,API_ERROR,errored
43791,J_3,B6CHARACTERIZEISRAEL,N
43791,J_3,B7COLLECTIVEBLAME,N
43791,J_3,B7ISRAELAGENT,N
43791,J_3,B8FORCECONDEMN,N
43791,J_3,B9ISRAELLOYALTY,N
43791,J_3,B10JEWISHRIGHTS,N
34920,J_3,B6CHARACTERIZEISRAEL,N
34920,J_3,B7COLLECTIVEBLAME,N
34920,J_3,B7ISRAELAGENT,N
34920,J_3,B8FORCECONDEMN,N
34920,J_3,B9ISRAELLOYALTY,N
34920,J_3,B10JEWISHRIGHTS,N
38123,J_3,B6CHARACTERIZEISRAEL,N
38123,J_3,B7COLLECTIVEBLAME,N
38123,J_3,B7ISRAELAGENT,N
38123,J_3,B8FORCECONDEMN,N
38123,J_3,B9ISRAELLOYALTY,N
38123,J_3,B10JEWISHRIGHTS,N
4936,J_3,B6CHARACTERIZEISRAEL,N
4936,J_3,B7COLLECTIVEBLAME,N
4936,J_3,B7ISRAELAGENT,N
4936,J_3,B8FORCECONDEMN,N
4936,J_3,B9ISRAELLOYALTY,N
4936,J_3,B10JEWISHRIGHTS,N
33025,J_3,API_ERROR,errored
39638,J_3,B6CHARACTERIZEISRAEL,N
39638,J_3,B7COLLECTIVEBLAME,N
39638,J_3,B7ISRAELAGENT,N
39638,J_3,B8FORCECONDEMN,N
39638,J_3,B9ISRAELLOYALTY,N
39638,J_3,B10JEWISHRIGHTS,N
42622,J_3,API_ERROR,errored
7366,J_3,B6CHARACTERIZEISRAEL,N
7366,J_3,B7COLLECTIVEBLAME,N
7366,J_3,B7ISRAELAGENT,N
7366,J_3,B8FORCECONDEMN,N
7366,J_3,B9ISRAELLOYALTY,N
7366,J_3,B10JEWISHRIGHTS,I
46605,J_3,B6CHARACTERIZEISRAEL,N
46605,J_3,B7COLLECTIVEBLAME,N
46605,J_3,B7ISRAELAGENT,N
46605,J_3,B8FORCECONDEMN,N
46605,J_3,B9ISRAELLOYALTY,N
46605,J_3,B10JEWISHRIGHTS,N
14852,J_3,B6CHARACTERIZEISRAEL,N
14852,J_3,B7COLLECTIVEBLAME,N
14852,J_3,B7ISRAELAGENT,N
14852,J_3,B8FORCECONDEMN,N
14852,J_3,B9ISRAELLOYALTY,N
14852,J_3,B10JEWISHRIGHTS,N
42646,J_3,B6CHARACTERIZEISRAEL,N
42646,J_3,B7COLLECTIVEBLAME,I
42646,J_3,B7ISRAELAGENT,N
42646,J_3,B8FORCECONDEMN,N
42646,J_3,B9ISRAELLOYALTY,N
42646,J_3,B10JEWISHRIGHTS,E
3368,J_3,B6CHARACTERIZEISRAEL,N
3368,J_3,B7COLLECTIVEBLAME,N
3368,J_3,B7ISRAELAGENT,N
3368,J_3,B8FORCECONDEMN,N
3368,J_3,B9ISRAELLOYALTY,N
3368,J_3,B10JEWISHRIGHTS,N
26688,J_3,API_ERROR,errored
32663,J_3,B6CHARACTERIZEISRAEL,N
32663,J_3,B7COLLECTIVEBLAME,N
32663,J_3,B7ISRAELAGENT,N
32663,J_3,B8FORCECONDEMN,N
32663,J_3,B9ISRAELLOYALTY,N
32663,J_3,B10JEWISHRIGHTS,N
9141,J_3,API_ERROR,errored
2461,J_3,API_ERROR,errored
1715,J_3,API_ERROR,errored
49393,J_3,API_ERROR,errored
2208,J_3,B6CHARACTERIZEISRAEL,N
2208,J_3,B7COLLECTIVEBLAME,N
2208,J_3,B7ISRAELAGENT,N
2208,J_3,B8FORCECONDEMN,N
2208,J_3,B9ISRAELLOYALTY,N
2208,J_3,B10JEWISHRIGHTS,N
40413,J_3,B6CHARACTERIZEISRAEL,N
40413,J_3,B7COLLECTIVEBLAME,N
40413,J_3,B7ISRAELAGENT,N
40413,J_3,B8FORCECONDEMN,N
40413,J_3,B9ISRAELLOYALTY,N
40413,J_3,B10JEWISHRIGHTS,N
36118,J_3,API_ERROR,errored
24597,J_3,B6CHARACTERIZEISRAEL,N
24597,J_3,B7COLLECTIVEBLAME,N
24597,J_3,B7ISRAELAGENT,N
24597,J_3,B8FORCECONDEMN,N
24597,J_3,B9ISRAELLOYALTY,N
24597,J_3,B10JEWISHRIGHTS,N
32204,J_3,B6CHARACTERIZEISRAEL,N
32204,J_3,B7COLLECTIVEBLAME,N
32204,J_3,B7ISRAELAGENT,N
32204,J_3,B8FORCECONDEMN,N
32204,J_3,B9ISRAELLOYALTY,N
32204,J_3,B10JEWISHRIGHTS,N
43005,J_3,B6CHARACTERIZEISRAEL,N
43005,J_3,B7COLLECTIVEBLAME,N
43005,J_3,B7ISRAELAGENT,N
43005,J_3,B8FORCECONDEMN,N
43005,J_3,B9ISRAELLOYALTY,I
43005,J_3,B10JEWISHRIGHTS,N
47211,J_3,API_ERROR,errored
7229,J_3,B6CHARACTERIZEISRAEL,N
7229,J_3,B7COLLECTIVEBLAME,N
7229,J_3,B7ISRAELAGENT,N
7229,J_3,B8FORCECONDEMN,N
7229,J_3,B9ISRAELLOYALTY,N
7229,J_3,B10JEWISHRIGHTS,N
4086,J_3,B6CHARACTERIZEISRAEL,N
4086,J_3,B7COLLECTIVEBLAME,N
4086,J_3,B7ISRAELAGENT,N
4086,J_3,B8FORCECONDEMN,N
4086,J_3,B9ISRAELLOYALTY,N
4086,J_3,B10JEWISHRIGHTS,N
3055,J_3,B6CHARACTERIZEISRAEL,N
3055,J_3,B7COLLECTIVEBLAME,N
3055,J_3,B7ISRAELAGENT,N
3055,J_3,B8FORCECONDEMN,N
3055,J_3,B9ISRAELLOYALTY,N
3055,J_3,B10JEWISHRIGHTS,N
10082,J_3,API_ERROR,errored
47986,J_3,B6CHARACTERIZEISRAEL,I
47986,J_3,B7COLLECTIVEBLAME,E
47986,J_3,B7ISRAELAGENT,I
47986,J_3,B8FORCECONDEMN,N
47986,J_3,B9ISRAELLOYALTY,N
47986,J_3,B10JEWISHRIGHTS,N
9583,J_3,API_ERROR,errored
11637,J_3,API_ERROR,errored
5369,J_3,B6CHARACTERIZEISRAEL,N
5369,J_3,B7COLLECTIVEBLAME,N
5369,J_3,B7ISRAELAGENT,N
5369,J_3,B8FORCECONDEMN,N
5369,J_3,B9ISRAELLOYALTY,N
5369,J_3,B10JEWISHRIGHTS,N
35282,J_3,API_ERROR,errored
20048,J_3,API_ERROR,errored
12676,J_3,B6CHARACTERIZEISRAEL,N
12676,J_3,B7COLLECTIVEBLAME,N
12676,J_3,B7ISRAELAGENT,N
12676,J_3,B8FORCECONDEMN,N
12676,J_3,B9ISRAELLOYALTY,N
12676,J_3,B10JEWISHRIGHTS,N
33124,J_3,B6CHARACTERIZEISRAEL,N
33124,J_3,B7COLLECTIVEBLAME,N
33124,J_3,B7ISRAELAGENT,N
33124,J_3,B8FORCECONDEMN,N
33124,J_3,B9ISRAELLOYALTY,N
33124,J_3,B10JEWISHRIGHTS,N
16733,J_3,API_ERROR,errored
20057,J_3,API_ERROR,errored
49692,J_3,API_ERROR,errored
11173,J_3,API_ERROR,errored
8282,J_3,API_ERROR,errored
26322,J_3,API_ERROR,errored
41172,J_3,API_ERROR,errored
46737,J_3,B6CHARACTERIZEISRAEL,N
46737,J_3,B7COLLECTIVEBLAME,N
46737,J_3,B7ISRAELAGENT,N
46737,J_3,B8FORCECONDEMN,N
46737,J_3,B9ISRAELLOYALTY,N
46737,J_3,B10JEWISHRIGHTS,N
7343,J_3,B6CHARACTERIZEISRAEL,N
7343,J_3,B7COLLECTIVEBLAME,N
7343,J_3,B7ISRAELAGENT,N
7343,J_3,B8FORCECONDEMN,N
7343,J_3,B9ISRAELLOYALTY,N
7343,J_3,B10JEWISHRIGHTS,N
8512,J_3,B6CHARACTERIZEISRAEL,N
8512,J_3,B7COLLECTIVEBLAME,N
8512,J_3,B7ISRAELAGENT,N
8512,J_3,B8FORCECONDEMN,N
8512,J_3,B9ISRAELLOYALTY,N
8512,J_3,B10JEWISHRIGHTS,N
13766,J_3,API_ERROR,errored
22303,J_3,B6CHARACTERIZEISRAEL,N
22303,J_3,B7COLLECTIVEBLAME,N
22303,J_3,B7ISRAELAGENT,N
22303,J_3,B8FORCECONDEMN,N
22303,J_3,B9ISRAELLOYALTY,N
22303,J_3,B10JEWISHRIGHTS,N
4142,J_3,B6CHARACTERIZEISRAEL,N
4142,J_3,B7COLLECTIVEBLAME,N
4142,J_3,B7ISRAELAGENT,N
4142,J_3,B8FORCECONDEMN,N
4142,J_3,B9ISRAELLOYALTY,N
4142,J_3,B10JEWISHRIGHTS,N
6836,J_3,B6CHARACTERIZEISRAEL,N
6836,J_3,B7COLLECTIVEBLAME,N
6836,J_3,B7ISRAELAGENT,N
6836,J_3,B8FORCECONDEMN,N
6836,J_3,B9ISRAELLOYALTY,N
6836,J_3,B10JEWISHRIGHTS,N
9146,J_3,B6CHARACTERIZEISRAEL,N
9146,J_3,B7COLLECTIVEBLAME,N
9146,J_3,B7ISRAELAGENT,N
9146,J_3,B8FORCECONDEMN,N
9146,J_3,B9ISRAELLOYALTY,N
9146,J_3,B10JEWISHRIGHTS,N
5358,J_3,B6CHARACTERIZEISRAEL,N
5358,J_3,B7COLLECTIVEBLAME,E
5358,J_3,B7ISRAELAGENT,N
5358,J_3,B8FORCECONDEMN,N
5358,J_3,B9ISRAELLOYALTY,N
5358,J_3,B10JEWISHRIGHTS,E
2166,J_3,API_ERROR,errored
40750,J_3,API_ERROR,errored
12245,J_3,B6CHARACTERIZEISRAEL,N
12245,J_3,B7COLLECTIVEBLAME,N
12245,J_3,B7ISRAELAGENT,N
12245,J_3,B8FORCECONDEMN,N
12245,J_3,B9ISRAELLOYALTY,N
12245,J_3,B10JEWISHRIGHTS,N
10925,J_3,B6CHARACTERIZEISRAEL,N
10925,J_3,B7COLLECTIVEBLAME,N
10925,J_3,B7ISRAELAGENT,N
10925,J_3,B8FORCECONDEMN,N
10925,J_3,B9ISRAELLOYALTY,N
10925,J_3,B10JEWISHRIGHTS,N
46344,J_3,B6CHARACTERIZEISRAEL,N
46344,J_3,B7COLLECTIVEBLAME,N
46344,J_3,B7ISRAELAGENT,N
46344,J_3,B8FORCECONDEMN,N
46344,J_3,B9ISRAELLOYALTY,N
46344,J_3,B10JEWISHRIGHTS,N
6075,J_3,API_ERROR,errored
15166,J_3,API_ERROR,errored
24559,J_3,B6CHARACTERIZEISRAEL,N
24559,J_3,B7COLLECTIVEBLAME,N
24559,J_3,B7ISRAELAGENT,N
24559,J_3,B8FORCECONDEMN,N
24559,J_3,B9ISRAELLOYALTY,N
24559,J_3,B10JEWISHRIGHTS,N
15452,J_3,API_ERROR,errored
8460,J_3,API_ERROR,errored
2065,J_3,B6CHARACTERIZEISRAEL,N
2065,J_3,B7COLLECTIVEBLAME,N
2065,J_3,B7ISRAELAGENT,N
2065,J_3,B8FORCECONDEMN,N
2065,J_3,B9ISRAELLOYALTY,N
2065,J_3,B10JEWISHRIGHTS,N
49858,J_3,B6CHARACTERIZEISRAEL,N
49858,J_3,B7COLLECTIVEBLAME,N
49858,J_3,B7ISRAELAGENT,N
49858,J_3,B8FORCECONDEMN,N
49858,J_3,B9ISRAELLOYALTY,N
49858,J_3,B10JEWISHRIGHTS,N
45274,J_3,B6CHARACTERIZEISRAEL,N
45274,J_3,B7COLLECTIVEBLAME,I
45274,J_3,B7ISRAELAGENT,N
45274,J_3,B8FORCECONDEMN,N
45274,J_3,B9ISRAELLOYALTY,N
45274,J_3,B10JEWISHRIGHTS,N
28707,J_3,B6CHARACTERIZEISRAEL,N
28707,J_3,B7COLLECTIVEBLAME,N
28707,J_3,B7ISRAELAGENT,N
28707,J_3,B8FORCECONDEMN,N
28707,J_3,B9ISRAELLOYALTY,N
28707,J_3,B10JEWISHRIGHTS,N
17677,J_3,B6CHARACTERIZEISRAEL,N
17677,J_3,B7COLLECTIVEBLAME,N
17677,J_3,B7ISRAELAGENT,N
17677,J_3,B8FORCECONDEMN,N
17677,J_3,B9ISRAELLOYALTY,N
17677,J_3,B10JEWISHRIGHTS,N
16284,J_3,API_ERROR,errored
14581,J_3,B6CHARACTERIZEISRAEL,N
14581,J_3,B7COLLECTIVEBLAME,N
14581,J_3,B7ISRAELAGENT,N
14581,J_3,B8FORCECONDEMN,N
14581,J_3,B9ISRAELLOYALTY,N
14581,J_3,B10JEWISHRIGHTS,N
21039,J_3,B6CHARACTERIZEISRAEL,N
21039,J_3,B7COLLECTIVEBLAME,N
21039,J_3,B7ISRAELAGENT,N
21039,J_3,B8FORCECONDEMN,N
21039,J_3,B9ISRAELLOYALTY,N
21039,J_3,B10JEWISHRIGHTS,N
15273,J_3,B6CHARACTERIZEISRAEL,N
15273,J_3,B7COLLECTIVEBLAME,N
15273,J_3,B7ISRAELAGENT,N
15273,J_3,B8FORCECONDEMN,N
15273,J_3,B9ISRAELLOYALTY,N
15273,J_3,B10JEWISHRIGHTS,N
9528,J_3,API_ERROR,errored
1689,J_3,API_ERROR,errored
29747,J_3,B6CHARACTERIZEISRAEL,N
29747,J_3,B7COLLECTIVEBLAME,N
29747,J_3,B7ISRAELAGENT,N
29747,J_3,B8FORCECONDEMN,N
29747,J_3,B9ISRAELLOYALTY,N
29747,J_3,B10JEWISHRIGHTS,N
13514,J_3,B6CHARACTERIZEISRAEL,N
13514,J_3,B7COLLECTIVEBLAME,N
13514,J_3,B7ISRAELAGENT,N
13514,J_3,B8FORCECONDEMN,N
13514,J_3,B9ISRAELLOYALTY,N
13514,J_3,B10JEWISHRIGHTS,N
11813,J_3,B6CHARACTERIZEISRAEL,N
11813,J_3,B7COLLECTIVEBLAME,N
11813,J_3,B7ISRAELAGENT,N
11813,J_3,B8FORCECONDEMN,N
11813,J_3,B9ISRAELLOYALTY,N
11813,J_3,B10JEWISHRIGHTS,N
20622,J_3,API_ERROR,errored
11120,J_3,B6CHARACTERIZEISRAEL,N
11120,J_3,B7COLLECTIVEBLAME,N
11120,J_3,B7ISRAELAGENT,N
11120,J_3,B8FORCECONDEMN,N
11120,J_3,B9ISRAELLOYALTY,N
11120,J_3,B10JEWISHRIGHTS,N
42919,J_3,API_ERROR,errored
19452,J_3,B6CHARACTERIZEISRAEL,N
19452,J_3,B7COLLECTIVEBLAME,N
19452,J_3,B7ISRAELAGENT,N
19452,J_3,B8FORCECONDEMN,N
19452,J_3,B9ISRAELLOYALTY,N
19452,J_3,B10JEWISHRIGHTS,N
4933,J_3,API_ERROR,errored
47406,J_3,API_ERROR,errored
10670,J_3,API_ERROR,errored
26867,J_3,API_ERROR,errored
2147,J_3,API_ERROR,errored
49996,J_3,API_ERROR,errored
24443,J_3,API_ERROR,errored
44588,J_3,B6CHARACTERIZEISRAEL,N
44588,J_3,B7COLLECTIVEBLAME,N
44588,J_3,B7ISRAELAGENT,N
44588,J_3,B8FORCECONDEMN,N
44588,J_3,B9ISRAELLOYALTY,N
44588,J_3,B10JEWISHRIGHTS,N
32448,J_3,API_ERROR,errored
11234,J_3,API_ERROR,errored
32948,J_3,API_ERROR,errored
24720,J_3,API_ERROR,errored
35164,J_3,API_ERROR,errored
16044,J_3,B6CHARACTERIZEISRAEL,N
16044,J_3,B7COLLECTIVEBLAME,N
16044,J_3,B7ISRAELAGENT,N
16044,J_3,B8FORCECONDEMN,N
16044,J_3,B9ISRAELLOYALTY,N
16044,J_3,B10JEWISHRIGHTS,N
42205,J_3,API_ERROR,errored
37301,J_3,B6CHARACTERIZEISRAEL,N
37301,J_3,B7COLLECTIVEBLAME,N
37301,J_3,B7ISRAELAGENT,N
37301,J_3,B8FORCECONDEMN,N
37301,J_3,B9ISRAELLOYALTY,N
37301,J_3,B10JEWISHRIGHTS,N
26241,J_3,B6CHARACTERIZEISRAEL,N
26241,J_3,B7COLLECTIVEBLAME,N
26241,J_3,B7ISRAELAGENT,N
26241,J_3,B8FORCECONDEMN,N
26241,J_3,B9ISRAELLOYALTY,N
26241,J_3,B10JEWISHRIGHTS,N
20016,J_3,API_ERROR,errored
40152,J_3,API_ERROR,errored
39849,J_3,API_ERROR,errored
1730,J_3,B6CHARACTERIZEISRAEL,N
1730,J_3,B7COLLECTIVEBLAME,N
1730,J_3,B7ISRAELAGENT,N
1730,J_3,B8FORCECONDEMN,N
1730,J_3,B9ISRAELLOYALTY,N
1730,J_3,B10JEWISHRIGHTS,N
47333,J_3,B6CHARACTERIZEISRAEL,N
47333,J_3,B7COLLECTIVEBLAME,N
47333,J_3,B7ISRAELAGENT,N
47333,J_3,B8FORCECONDEMN,N
47333,J_3,B9ISRAELLOYALTY,N
47333,J_3,B10JEWISHRIGHTS,N
9466,J_3,B6CHARACTERIZEISRAEL,N
9466,J_3,B7COLLECTIVEBLAME,N
9466,J_3,B7ISRAELAGENT,N
9466,J_3,B8FORCECONDEMN,N
9466,J_3,B9ISRAELLOYALTY,N
9466,J_3,B10JEWISHRIGHTS,E
39973,J_3,B6CHARACTERIZEISRAEL,N
39973,J_3,B7COLLECTIVEBLAME,N
39973,J_3,B7ISRAELAGENT,N
39973,J_3,B8FORCECONDEMN,N
39973,J_3,B9ISRAELLOYALTY,N
39973,J_3,B10JEWISHRIGHTS,I
44956,J_3,B6CHARACTERIZEISRAEL,N
44956,J_3,B7COLLECTIVEBLAME,N
44956,J_3,B7ISRAELAGENT,N
44956,J_3,B8FORCECONDEMN,N
44956,J_3,B9ISRAELLOYALTY,N
44956,J_3,B10JEWISHRIGHTS,N
20477,J_3,B6CHARACTERIZEISRAEL,N
20477,J_3,B7COLLECTIVEBLAME,N
20477,J_3,B7ISRAELAGENT,N
20477,J_3,B8FORCECONDEMN,N
20477,J_3,B9ISRAELLOYALTY,N
20477,J_3,B10JEWISHRIGHTS,I
5990,J_3,API_ERROR,errored
10940,J_3,B6CHARACTERIZEISRAEL,N
10940,J_3,B7COLLECTIVEBLAME,N
10940,J_3,B7ISRAELAGENT,N
10940,J_3,B8FORCECONDEMN,N
10940,J_3,B9ISRAELLOYALTY,N
10940,J_3,B10JEWISHRIGHTS,N
23429,J_3,B6CHARACTERIZEISRAEL,N
23429,J_3,B7COLLECTIVEBLAME,N
23429,J_3,B7ISRAELAGENT,N
23429,J_3,B8FORCECONDEMN,N
23429,J_3,B9ISRAELLOYALTY,N
23429,J_3,B10JEWISHRIGHTS,N
44905,J_3,B6CHARACTERIZEISRAEL,N
44905,J_3,B7COLLECTIVEBLAME,N
44905,J_3,B7ISRAELAGENT,N
44905,J_3,B8FORCECONDEMN,N
44905,J_3,B9ISRAELLOYALTY,N
44905,J_3,B10JEWISHRIGHTS,N
6936,J_3,API_ERROR,errored
41032,J_3,API_ERROR,errored
10370,J_3,API_ERROR,errored
36276,J_3,API_ERROR,errored
47605,J_3,B6CHARACTERIZEISRAEL,N
47605,J_3,B7COLLECTIVEBLAME,N
47605,J_3,B7ISRAELAGENT,N
47605,J_3,B8FORCECONDEMN,N
47605,J_3,B9ISRAELLOYALTY,N
47605,J_3,B10JEWISHRIGHTS,N
41451,J_3,B6CHARACTERIZEISRAEL,N
41451,J_3,B7COLLECTIVEBLAME,N
41451,J_3,B7ISRAELAGENT,A
41451,J_3,B8FORCECONDEMN,N
41451,J_3,B9ISRAELLOYALTY,A
41451,J_3,B10JEWISHRIGHTS,N
46065,J_3,B6CHARACTERIZEISRAEL,N
46065,J_3,B7COLLECTIVEBLAME,N
46065,J_3,B7ISRAELAGENT,N
46065,J_3,B8FORCECONDEMN,N
46065,J_3,B9ISRAELLOYALTY,N
46065,J_3,B10JEWISHRIGHTS,N
33511,J_3,API_ERROR,errored
7988,J_3,API_ERROR,errored
41119,J_3,API_ERROR,errored
13490,J_3,API_ERROR,errored
47654,J_3,API_ERROR,errored
16772,J_3,B6CHARACTERIZEISRAEL,N
16772,J_3,B7COLLECTIVEBLAME,N
16772,J_3,B7ISRAELAGENT,N
16772,J_3,B8FORCECONDEMN,N
16772,J_3,B9ISRAELLOYALTY,N
16772,J_3,B10JEWISHRIGHTS,N
16556,J_3,B6CHARACTERIZEISRAEL,N
16556,J_3,B7COLLECTIVEBLAME,N
16556,J_3,B7ISRAELAGENT,N
16556,J_3,B8FORCECONDEMN,N
16556,J_3,B9ISRAELLOYALTY,N
16556,J_3,B10JEWISHRIGHTS,A
46834,J_3,B6CHARACTERIZEISRAEL,N
46834,J_3,B7COLLECTIVEBLAME,N
46834,J_3,B7ISRAELAGENT,N
46834,J_3,B8FORCECONDEMN,N
46834,J_3,B9ISRAELLOYALTY,N
46834,J_3,B10JEWISHRIGHTS,N
7961,J_3,API_ERROR,errored
24055,J_3,B6CHARACTERIZEISRAEL,N
24055,J_3,B7COLLECTIVEBLAME,N
24055,J_3,B7ISRAELAGENT,N
24055,J_3,B8FORCECONDEMN,N
24055,J_3,B9ISRAELLOYALTY,N
24055,J_3,B10JEWISHRIGHTS,N
8029,J_3,B6CHARACTERIZEISRAEL,N
8029,J_3,B7COLLECTIVEBLAME,N
8029,J_3,B7ISRAELAGENT,N
8029,J_3,B8FORCECONDEMN,N
8029,J_3,B9ISRAELLOYALTY,N
8029,J_3,B10JEWISHRIGHTS,N
27260,J_3,B6CHARACTERIZEISRAEL,N
27260,J_3,B7COLLECTIVEBLAME,N
27260,J_3,B7ISRAELAGENT,N
27260,J_3,B8FORCECONDEMN,N
27260,J_3,B9ISRAELLOYALTY,N
27260,J_3,B10JEWISHRIGHTS,N
34095,J_3,B6CHARACTERIZEISRAEL,N
34095,J_3,B7COLLECTIVEBLAME,N
34095,J_3,B7ISRAELAGENT,N
34095,J_3,B8FORCECONDEMN,N
34095,J_3,B9ISRAELLOYALTY,N
34095,J_3,B10JEWISHRIGHTS,N
37355,J_3,B6CHARACTERIZEISRAEL,N
37355,J_3,B7COLLECTIVEBLAME,N
37355,J_3,B7ISRAELAGENT,N
37355,J_3,B8FORCECONDEMN,N
37355,J_3,B9ISRAELLOYALTY,N
37355,J_3,B10JEWISHRIGHTS,N
3204,J_3,API_ERROR,errored
2812,J_3,B6CHARACTERIZEISRAEL,N
2812,J_3,B7COLLECTIVEBLAME,N
2812,J_3,B7ISRAELAGENT,N
2812,J_3,B8FORCECONDEMN,N
2812,J_3,B9ISRAELLOYALTY,N
2812,J_3,B10JEWISHRIGHTS,N
36814,J_3,API_ERROR,errored
43927,J_3,B6CHARACTERIZEISRAEL,N
43927,J_3,B7COLLECTIVEBLAME,I
43927,J_3,B7ISRAELAGENT,I
43927,J_3,B8FORCECONDEMN,N
43927,J_3,B9ISRAELLOYALTY,N
43927,J_3,B10JEWISHRIGHTS,N
42368,J_3,API_ERROR,errored
43925,J_3,B6CHARACTERIZEISRAEL,N
43925,J_3,B7COLLECTIVEBLAME,N
43925,J_3,B7ISRAELAGENT,N
43925,J_3,B8FORCECONDEMN,N
43925,J_3,B9ISRAELLOYALTY,N
43925,J_3,B10JEWISHRIGHTS,N
14936,J_3,API_ERROR,errored
16658,J_3,B6CHARACTERIZEISRAEL,N
16658,J_3,B7COLLECTIVEBLAME,N
16658,J_3,B7ISRAELAGENT,N
16658,J_3,B8FORCECONDEMN,N
16658,J_3,B9ISRAELLOYALTY,N
16658,J_3,B10JEWISHRIGHTS,N
21377,J_3,B6CHARACTERIZEISRAEL,N
21377,J_3,B7COLLECTIVEBLAME,N
21377,J_3,B7ISRAELAGENT,N
21377,J_3,B8FORCECONDEMN,N
21377,J_3,B9ISRAELLOYALTY,N
21377,J_3,B10JEWISHRIGHTS,N
10766,J_3,B6CHARACTERIZEISRAEL,N
10766,J_3,B7COLLECTIVEBLAME,N
10766,J_3,B7ISRAELAGENT,N
10766,J_3,B8FORCECONDEMN,N
10766,J_3,B9ISRAELLOYALTY,N
10766,J_3,B10JEWISHRIGHTS,N
4601,J_3,API_ERROR,errored
39792,J_3,API_ERROR,errored
23264,J_3,API_ERROR,errored
6073,J_3,API_ERROR,errored
47215,J_3,B6CHARACTERIZEISRAEL,N
47215,J_3,B7COLLECTIVEBLAME,I
47215,J_3,B7ISRAELAGENT,N
47215,J_3,B8FORCECONDEMN,N
47215,J_3,B9ISRAELLOYALTY,N
47215,J_3,B10JEWISHRIGHTS,N
19599,J_3,API_ERROR,errored
40840,J_3,B6CHARACTERIZEISRAEL,I
40840,J_3,B7COLLECTIVEBLAME,I
40840,J_3,B7ISRAELAGENT,N
40840,J_3,B8FORCECONDEMN,N
40840,J_3,B9ISRAELLOYALTY,N
40840,J_3,B10JEWISHRIGHTS,E
19368,J_3,B6CHARACTERIZEISRAEL,N
19368,J_3,B7COLLECTIVEBLAME,N
19368,J_3,B7ISRAELAGENT,N
19368,J_3,B8FORCECONDEMN,N
19368,J_3,B9ISRAELLOYALTY,N
19368,J_3,B10JEWISHRIGHTS,N
18574,J_3,API_ERROR,errored
49519,J_3,B6CHARACTERIZEISRAEL,N
49519,J_3,B7COLLECTIVEBLAME,N
49519,J_3,B7ISRAELAGENT,N
49519,J_3,B8FORCECONDEMN,N
49519,J_3,B9ISRAELLOYALTY,N
49519,J_3,B10JEWISHRIGHTS,N
5795,J_3,B6CHARACTERIZEISRAEL,N
5795,J_3,B7COLLECTIVEBLAME,N
5795,J_3,B7ISRAELAGENT,N
5795,J_3,B8FORCECONDEMN,N
5795,J_3,B9ISRAELLOYALTY,N
5795,J_3,B10JEWISHRIGHTS,N
49143,J_3,API_ERROR,errored
19854,J_3,B6CHARACTERIZEISRAEL,N
19854,J_3,B7COLLECTIVEBLAME,N
19854,J_3,B7ISRAELAGENT,N
19854,J_3,B8FORCECONDEMN,N
19854,J_3,B9ISRAELLOYALTY,N
19854,J_3,B10JEWISHRIGHTS,N
45279,J_3,API_ERROR,errored
11369,J_3,B6CHARACTERIZEISRAEL,N
11369,J_3,B7COLLECTIVEBLAME,N
11369,J_3,B7ISRAELAGENT,N
11369,J_3,B8FORCECONDEMN,N
11369,J_3,B9ISRAELLOYALTY,N
11369,J_3,B10JEWISHRIGHTS,N
4362,J_3,API_ERROR,errored
18616,J_3,API_ERROR,errored
49971,J_3,B6CHARACTERIZEISRAEL,A
49971,J_3,B7COLLECTIVEBLAME,N
49971,J_3,B7ISRAELAGENT,N
49971,J_3,B8FORCECONDEMN,N
49971,J_3,B9ISRAELLOYALTY,N
49971,J_3,B10JEWISHRIGHTS,I
21101,J_3,API_ERROR,errored
32143,J_3,B6CHARACTERIZEISRAEL,N
32143,J_3,B7COLLECTIVEBLAME,N
32143,J_3,B7ISRAELAGENT,N
32143,J_3,B8FORCECONDEMN,N
32143,J_3,B9ISRAELLOYALTY,N
32143,J_3,B10JEWISHRIGHTS,N
10813,J_3,B6CHARACTERIZEISRAEL,N
10813,J_3,B7COLLECTIVEBLAME,N
10813,J_3,B7ISRAELAGENT,N
10813,J_3,B8FORCECONDEMN,N
10813,J_3,B9ISRAELLOYALTY,N
10813,J_3,B10JEWISHRIGHTS,N
21958,J_3,API_ERROR,errored
47651,J_3,B6CHARACTERIZEISRAEL,N
47651,J_3,B7COLLECTIVEBLAME,N
47651,J_3,B7ISRAELAGENT,N
47651,J_3,B8FORCECONDEMN,N
47651,J_3,B9ISRAELLOYALTY,N
47651,J_3,B10JEWISHRIGHTS,N
49632,J_3,API_ERROR,errored
37556,J_3,B6CHARACTERIZEISRAEL,N
37556,J_3,B7COLLECTIVEBLAME,N
37556,J_3,B7ISRAELAGENT,N
37556,J_3,B8FORCECONDEMN,N
37556,J_3,B9ISRAELLOYALTY,N
37556,J_3,B10JEWISHRIGHTS,N
11352,J_3,API_ERROR,errored
22424,J_3,API_ERROR,errored
4172,J_3,B6CHARACTERIZEISRAEL,N
4172,J_3,B7COLLECTIVEBLAME,N
4172,J_3,B7ISRAELAGENT,N
4172,J_3,B8FORCECONDEMN,N
4172,J_3,B9ISRAELLOYALTY,N
4172,J_3,B10JEWISHRIGHTS,N
25438,J_3,B6CHARACTERIZEISRAEL,N
25438,J_3,B7COLLECTIVEBLAME,N
25438,J_3,B7ISRAELAGENT,N
25438,J_3,B8FORCECONDEMN,N
25438,J_3,B9ISRAELLOYALTY,N
25438,J_3,B10JEWISHRIGHTS,N
49854,J_3,API_ERROR,errored
9304,J_3,API_ERROR,errored
12122,J_3,API_ERROR,errored
47084,J_3,B6CHARACTERIZEISRAEL,N
47084,J_3,B7COLLECTIVEBLAME,N
47084,J_3,B7ISRAELAGENT,N
47084,J_3,B8FORCECONDEMN,N
47084,J_3,B9ISRAELLOYALTY,N
47084,J_3,B10JEWISHRIGHTS,E
19323,J_3,B6CHARACTERIZEISRAEL,N
19323,J_3,B7COLLECTIVEBLAME,N
19323,J_3,B7ISRAELAGENT,N
19323,J_3,B8FORCECONDEMN,N
19323,J_3,B9ISRAELLOYALTY,N
19323,J_3,B10JEWISHRIGHTS,N
5687,J_3,API_ERROR,errored
48426,J_3,B6CHARACTERIZEISRAEL,N
48426,J_3,B7COLLECTIVEBLAME,N
48426,J_3,B7ISRAELAGENT,N
48426,J_3,B8FORCECONDEMN,N
48426,J_3,B9ISRAELLOYALTY,N
48426,J_3,B10JEWISHRIGHTS,N
36612,J_3,B6CHARACTERIZEISRAEL,N
36612,J_3,B7COLLECTIVEBLAME,N
36612,J_3,B7ISRAELAGENT,N
36612,J_3,B8FORCECONDEMN,N
36612,J_3,B9ISRAELLOYALTY,N
36612,J_3,B10JEWISHRIGHTS,N
34421,J_3,API_ERROR,errored
46852,J_3,B6CHARACTERIZEISRAEL,N
46852,J_3,B7COLLECTIVEBLAME,I
46852,J_3,B7ISRAELAGENT,N
46852,J_3,B8FORCECONDEMN,N
46852,J_3,B9ISRAELLOYALTY,N
46852,J_3,B10JEWISHRIGHTS,N
38058,J_3,B6CHARACTERIZEISRAEL,N
38058,J_3,B7COLLECTIVEBLAME,N
38058,J_3,B7ISRAELAGENT,N
38058,J_3,B8FORCECONDEMN,N
38058,J_3,B9ISRAELLOYALTY,N
38058,J_3,B10JEWISHRIGHTS,N
28379,J_3,B6CHARACTERIZEISRAEL,N
28379,J_3,B7COLLECTIVEBLAME,N
28379,J_3,B7ISRAELAGENT,N
28379,J_3,B8FORCECONDEMN,N
28379,J_3,B9ISRAELLOYALTY,N
28379,J_3,B10JEWISHRIGHTS,N
49186,J_3,API_ERROR,errored
11438,J_3,API_ERROR,errored
48634,J_3,B6CHARACTERIZEISRAEL,N
48634,J_3,B7COLLECTIVEBLAME,N
48634,J_3,B7ISRAELAGENT,N
48634,J_3,B8FORCECONDEMN,N
48634,J_3,B9ISRAELLOYALTY,N
48634,J_3,B10JEWISHRIGHTS,N
17725,J_3,API_ERROR,errored
14347,J_3,API_ERROR,errored
48806,J_3,B6CHARACTERIZEISRAEL,N
48806,J_3,B7COLLECTIVEBLAME,N
48806,J_3,B7ISRAELAGENT,N
48806,J_3,B8FORCECONDEMN,N
48806,J_3,B9ISRAELLOYALTY,N
48806,J_3,B10JEWISHRIGHTS,N
42264,J_3,B6CHARACTERIZEISRAEL,N
42264,J_3,B7COLLECTIVEBLAME,N
42264,J_3,B7ISRAELAGENT,N
42264,J_3,B8FORCECONDEMN,N
42264,J_3,B9ISRAELLOYALTY,N
42264,J_3,B10JEWISHRIGHTS,N
42226,J_3,B6CHARACTERIZEISRAEL,N
42226,J_3,B7COLLECTIVEBLAME,N
42226,J_3,B7ISRAELAGENT,N
42226,J_3,B8FORCECONDEMN,N
42226,J_3,B9ISRAELLOYALTY,N
42226,J_3,B10JEWISHRIGHTS,E
42705,J_3,B6CHARACTERIZEISRAEL,N
42705,J_3,B7COLLECTIVEBLAME,N
42705,J_3,B7ISRAELAGENT,N
42705,J_3,B8FORCECONDEMN,N
42705,J_3,B9ISRAELLOYALTY,N
42705,J_3,B10JEWISHRIGHTS,N
28201,J_3,API_ERROR,errored
13119,J_3,B6CHARACTERIZEISRAEL,N
13119,J_3,B7COLLECTIVEBLAME,N
13119,J_3,B7ISRAELAGENT,N
13119,J_3,B8FORCECONDEMN,N
13119,J_3,B9ISRAELLOYALTY,N
13119,J_3,B10JEWISHRIGHTS,N
8699,J_3,B6CHARACTERIZEISRAEL,N
8699,J_3,B7COLLECTIVEBLAME,N
8699,J_3,B7ISRAELAGENT,N
8699,J_3,B8FORCECONDEMN,N
8699,J_3,B9ISRAELLOYALTY,N
8699,J_3,B10JEWISHRIGHTS,N
24793,J_3,B6CHARACTERIZEISRAEL,N
24793,J_3,B7COLLECTIVEBLAME,N
24793,J_3,B7ISRAELAGENT,N
24793,J_3,B8FORCECONDEMN,N
24793,J_3,B9ISRAELLOYALTY,N
24793,J_3,B10JEWISHRIGHTS,N
11093,J_3,API_ERROR,errored
13379,J_3,B6CHARACTERIZEISRAEL,N
13379,J_3,B7COLLECTIVEBLAME,N
13379,J_3,B7ISRAELAGENT,N
13379,J_3,B8FORCECONDEMN,N
13379,J_3,B9ISRAELLOYALTY,N
13379,J_3,B10JEWISHRIGHTS,N
49984,J_3,API_ERROR,errored
21496,J_3,API_ERROR,errored
12994,J_3,B6CHARACTERIZEISRAEL,N
12994,J_3,B7COLLECTIVEBLAME,N
12994,J_3,B7ISRAELAGENT,N
12994,J_3,B8FORCECONDEMN,N
12994,J_3,B9ISRAELLOYALTY,N
12994,J_3,B10JEWISHRIGHTS,N
20070,J_3,API_ERROR,errored
35885,J_3,API_ERROR,errored
5245,J_3,B6CHARACTERIZEISRAEL,N
5245,J_3,B7COLLECTIVEBLAME,N
5245,J_3,B7ISRAELAGENT,N
5245,J_3,B8FORCECONDEMN,N
5245,J_3,B9ISRAELLOYALTY,N
5245,J_3,B10JEWISHRIGHTS,N
43059,J_3,B6CHARACTERIZEISRAEL,N
43059,J_3,B7COLLECTIVEBLAME,N
43059,J_3,B7ISRAELAGENT,N
43059,J_3,B8FORCECONDEMN,N
43059,J_3,B9ISRAELLOYALTY,N
43059,J_3,B10JEWISHRIGHTS,N
20267,J_3,B6CHARACTERIZEISRAEL,A
20267,J_3,B7COLLECTIVEBLAME,A
20267,J_3,B7ISRAELAGENT,N
20267,J_3,B8FORCECONDEMN,N
20267,J_3,B9ISRAELLOYALTY,N
20267,J_3,B10JEWISHRIGHTS,I
40520,J_3,API_ERROR,errored
16610,J_3,B6CHARACTERIZEISRAEL,N
16610,J_3,B7COLLECTIVEBLAME,N
16610,J_3,B7ISRAELAGENT,N
16610,J_3,B8FORCECONDEMN,N
16610,J_3,B9ISRAELLOYALTY,N
16610,J_3,B10JEWISHRIGHTS,N
39224,J_3,B6CHARACTERIZEISRAEL,N
39224,J_3,B7COLLECTIVEBLAME,N
39224,J_3,B7ISRAELAGENT,N
39224,J_3,B8FORCECONDEMN,N
39224,J_3,B9ISRAELLOYALTY,N
39224,J_3,B10JEWISHRIGHTS,N
9404,J_3,B6CHARACTERIZEISRAEL,N
9404,J_3,B7COLLECTIVEBLAME,N
9404,J_3,B7ISRAELAGENT,N
9404,J_3,B8FORCECONDEMN,N
9404,J_3,B9ISRAELLOYALTY,N
9404,J_3,B10JEWISHRIGHTS,I
39175,J_3,B6CHARACTERIZEISRAEL,N
39175,J_3,B7COLLECTIVEBLAME,N
39175,J_3,B7ISRAELAGENT,N
39175,J_3,B8FORCECONDEMN,N
39175,J_3,B9ISRAELLOYALTY,N
39175,J_3,B10JEWISHRIGHTS,N
34276,J_3,B6CHARACTERIZEISRAEL,N
34276,J_3,B7COLLECTIVEBLAME,N
34276,J_3,B7ISRAELAGENT,N
34276,J_3,B8FORCECONDEMN,N
34276,J_3,B9ISRAELLOYALTY,N
34276,J_3,B10JEWISHRIGHTS,N
43329,J_3,API_ERROR,errored
18740,J_3,API_ERROR,errored
37228,J_3,B6CHARACTERIZEISRAEL,N
37228,J_3,B7COLLECTIVEBLAME,N
37228,J_3,B7ISRAELAGENT,N
37228,J_3,B8FORCECONDEMN,N
37228,J_3,B9ISRAELLOYALTY,N
37228,J_3,B10JEWISHRIGHTS,N
4117,J_3,API_ERROR,errored
9252,J_3,API_ERROR,errored
22701,J_3,B6CHARACTERIZEISRAEL,N
22701,J_3,B7COLLECTIVEBLAME,N
22701,J_3,B7ISRAELAGENT,N
22701,J_3,B8FORCECONDEMN,N
22701,J_3,B9ISRAELLOYALTY,N
22701,J_3,B10JEWISHRIGHTS,N
25204,J_3,API_ERROR,errored
38057,J_3,API_ERROR,errored
45219,J_3,API_ERROR,errored
8921,J_3,API_ERROR,errored
41775,J_3,B6CHARACTERIZEISRAEL,N
41775,J_3,B7COLLECTIVEBLAME,N
41775,J_3,B7ISRAELAGENT,N
41775,J_3,B8FORCECONDEMN,N
41775,J_3,B9ISRAELLOYALTY,N
41775,J_3,B10JEWISHRIGHTS,N
43805,J_3,API_ERROR,errored
44808,J_3,API_ERROR,errored
8107,J_3,API_ERROR,errored
6173,J_3,B6CHARACTERIZEISRAEL,N
6173,J_3,B7COLLECTIVEBLAME,N
6173,J_3,B7ISRAELAGENT,N
6173,J_3,B8FORCECONDEMN,N
6173,J_3,B9ISRAELLOYALTY,N
6173,J_3,B10JEWISHRIGHTS,N
38861,J_3,B6CHARACTERIZEISRAEL,N
38861,J_3,B7COLLECTIVEBLAME,N
38861,J_3,B7ISRAELAGENT,N
38861,J_3,B8FORCECONDEMN,N
38861,J_3,B9ISRAELLOYALTY,N
38861,J_3,B10JEWISHRIGHTS,N
31489,J_3,API_ERROR,errored
11595,J_3,API_ERROR,errored
3331,J_3,B6CHARACTERIZEISRAEL,N
3331,J_3,B7COLLECTIVEBLAME,N
3331,J_3,B7ISRAELAGENT,N
3331,J_3,B8FORCECONDEMN,N
3331,J_3,B9ISRAELLOYALTY,N
3331,J_3,B10JEWISHRIGHTS,N
26974,J_3,B6CHARACTERIZEISRAEL,N
26974,J_3,B7COLLECTIVEBLAME,N
26974,J_3,B7ISRAELAGENT,N
26974,J_3,B8FORCECONDEMN,N
26974,J_3,B9ISRAELLOYALTY,N
26974,J_3,B10JEWISHRIGHTS,N
14438,J_3,B6CHARACTERIZEISRAEL,N
14438,J_3,B7COLLECTIVEBLAME,N
14438,J_3,B7ISRAELAGENT,N
14438,J_3,B8FORCECONDEMN,N
14438,J_3,B9ISRAELLOYALTY,N
14438,J_3,B10JEWISHRIGHTS,N
41888,J_3,API_ERROR,errored
7681,J_3,B6CHARACTERIZEISRAEL,N
7681,J_3,B7COLLECTIVEBLAME,N
7681,J_3,B7ISRAELAGENT,N
7681,J_3,B8FORCECONDEMN,N
7681,J_3,B9ISRAELLOYALTY,N
7681,J_3,B10JEWISHRIGHTS,N
19107,J_3,API_ERROR,errored
23602,J_3,API_ERROR,errored
35258,J_3,API_ERROR,errored
8950,J_3,B6CHARACTERIZEISRAEL,N
8950,J_3,B7COLLECTIVEBLAME,N
8950,J_3,B7ISRAELAGENT,N
8950,J_3,B8FORCECONDEMN,N
8950,J_3,B9ISRAELLOYALTY,N
8950,J_3,B10JEWISHRIGHTS,N
14323,J_3,B6CHARACTERIZEISRAEL,I
14323,J_3,B7COLLECTIVEBLAME,I
14323,J_3,B7ISRAELAGENT,I
14323,J_3,B8FORCECONDEMN,N
14323,J_3,B9ISRAELLOYALTY,I
14323,J_3,B10JEWISHRIGHTS,N
18123,J_3,API_ERROR,errored
36551,J_3,API_ERROR,errored
30401,J_3,B6CHARACTERIZEISRAEL,N
30401,J_3,B7COLLECTIVEBLAME,N
30401,J_3,B7ISRAELAGENT,N
30401,J_3,B8FORCECONDEMN,N
30401,J_3,B9ISRAELLOYALTY,N
30401,J_3,B10JEWISHRIGHTS,N
7687,J_3,API_ERROR,errored
33434,J_3,API_ERROR,errored
10405,J_3,API_ERROR,errored
12712,J_3,API_ERROR,errored
47660,J_3,API_ERROR,errored
41103,J_3,API_ERROR,errored
5140,J_3,B6CHARACTERIZEISRAEL,N
5140,J_3,B7COLLECTIVEBLAME,N
5140,J_3,B7ISRAELAGENT,N
5140,J_3,B8FORCECONDEMN,N
5140,J_3,B9ISRAELLOYALTY,N
5140,J_3,B10JEWISHRIGHTS,N
2610,J_3,API_ERROR,errored
33565,J_3,API_ERROR,errored
41999,J_3,B6CHARACTERIZEISRAEL,N
41999,J_3,B7COLLECTIVEBLAME,I
41999,J_3,B7ISRAELAGENT,N
41999,J_3,B8FORCECONDEMN,N
41999,J_3,B9ISRAELLOYALTY,N
41999,J_3,B10JEWISHRIGHTS,N
10399,J_3,API_ERROR,errored
46721,J_3,B6CHARACTERIZEISRAEL,N
46721,J_3,B7COLLECTIVEBLAME,N
46721,J_3,B7ISRAELAGENT,N
46721,J_3,B8FORCECONDEMN,N
46721,J_3,B9ISRAELLOYALTY,N
46721,J_3,B10JEWISHRIGHTS,N
30879,J_3,B6CHARACTERIZEISRAEL,N
30879,J_3,B7COLLECTIVEBLAME,N
30879,J_3,B7ISRAELAGENT,N
30879,J_3,B8FORCECONDEMN,N
30879,J_3,B9ISRAELLOYALTY,N
30879,J_3,B10JEWISHRIGHTS,N
45955,J_3,API_ERROR,errored
39970,J_3,API_ERROR,errored
17821,J_3,API_ERROR,errored
36407,J_3,API_ERROR,errored
29494,J_3,API_ERROR,errored
8069,J_3,B6CHARACTERIZEISRAEL,N
8069,J_3,B7COLLECTIVEBLAME,N
8069,J_3,B7ISRAELAGENT,N
8069,J_3,B8FORCECONDEMN,N
8069,J_3,B9ISRAELLOYALTY,N
8069,J_3,B10JEWISHRIGHTS,N
43209,J_3,API_ERROR,errored
13683,J_3,B6CHARACTERIZEISRAEL,N
13683,J_3,B7COLLECTIVEBLAME,N
13683,J_3,B7ISRAELAGENT,N
13683,J_3,B8FORCECONDEMN,N
13683,J_3,B9ISRAELLOYALTY,N
13683,J_3,B10JEWISHRIGHTS,N
42400,J_3,B6CHARACTERIZEISRAEL,N
42400,J_3,B7COLLECTIVEBLAME,I
42400,J_3,B7ISRAELAGENT,N
42400,J_3,B8FORCECONDEMN,N
42400,J_3,B9ISRAELLOYALTY,N
42400,J_3,B10JEWISHRIGHTS,N
6452,J_3,API_ERROR,errored
16524,J_3,API_ERROR,errored
47762,J_3,B6CHARACTERIZEISRAEL,N
47762,J_3,B7COLLECTIVEBLAME,N
47762,J_3,B7ISRAELAGENT,N
47762,J_3,B8FORCECONDEMN,N
47762,J_3,B9ISRAELLOYALTY,N
47762,J_3,B10JEWISHRIGHTS,N
6447,J_3,API_ERROR,errored
48195,J_3,B6CHARACTERIZEISRAEL,N
48195,J_3,B7COLLECTIVEBLAME,N
48195,J_3,B7ISRAELAGENT,N
48195,J_3,B8FORCECONDEMN,N
48195,J_3,B9ISRAELLOYALTY,N
48195,J_3,B10JEWISHRIGHTS,N
37220,J_3,B6CHARACTERIZEISRAEL,N
37220,J_3,B7COLLECTIVEBLAME,N
37220,J_3,B7ISRAELAGENT,N
37220,J_3,B8FORCECONDEMN,N
37220,J_3,B9ISRAELLOYALTY,N
37220,J_3,B10JEWISHRIGHTS,N
1071,J_3,B6CHARACTERIZEISRAEL,N
1071,J_3,B7COLLECTIVEBLAME,N
1071,J_3,B7ISRAELAGENT,N
1071,J_3,B8FORCECONDEMN,N
1071,J_3,B9ISRAELLOYALTY,N
1071,J_3,B10JEWISHRIGHTS,N
22308,J_3,API_ERROR,errored
49731,J_3,API_ERROR,errored
35082,J_3,API_ERROR,errored
47793,J_3,API_ERROR,errored
18866,J_3,API_ERROR,errored
14861,J_3,B6CHARACTERIZEISRAEL,N
14861,J_3,B7COLLECTIVEBLAME,N
14861,J_3,B7ISRAELAGENT,N
14861,J_3,B8FORCECONDEMN,N
14861,J_3,B9ISRAELLOYALTY,N
14861,J_3,B10JEWISHRIGHTS,N
41753,J_3,B6CHARACTERIZEISRAEL,N
41753,J_3,B7COLLECTIVEBLAME,N
41753,J_3,B7ISRAELAGENT,N
41753,J_3,B8FORCECONDEMN,N
41753,J_3,B9ISRAELLOYALTY,N
41753,J_3,B10JEWISHRIGHTS,E
20389,J_3,B6CHARACTERIZEISRAEL,N
20389,J_3,B7COLLECTIVEBLAME,N
20389,J_3,B7ISRAELAGENT,N
20389,J_3,B8FORCECONDEMN,N
20389,J_3,B9ISRAELLOYALTY,N
20389,J_3,B10JEWISHRIGHTS,N
39456,J_3,B6CHARACTERIZEISRAEL,I
39456,J_3,B7COLLECTIVEBLAME,I
39456,J_3,B7ISRAELAGENT,I
39456,J_3,B8FORCECONDEMN,N
39456,J_3,B9ISRAELLOYALTY,N
39456,J_3,B10JEWISHRIGHTS,I
13432,J_3,API_ERROR,errored
49028,J_3,API_ERROR,errored
1938,J_3,API_ERROR,errored
27215,J_3,B6CHARACTERIZEISRAEL,N
27215,J_3,B7COLLECTIVEBLAME,N
27215,J_3,B7ISRAELAGENT,N
27215,J_3,B8FORCECONDEMN,N
27215,J_3,B9ISRAELLOYALTY,N
27215,J_3,B10JEWISHRIGHTS,N
12264,J_3,B6CHARACTERIZEISRAEL,N
12264,J_3,B7COLLECTIVEBLAME,N
12264,J_3,B7ISRAELAGENT,N
12264,J_3,B8FORCECONDEMN,N
12264,J_3,B9ISRAELLOYALTY,N
12264,J_3,B10JEWISHRIGHTS,N
382,J_3,B6CHARACTERIZEISRAEL,N
382,J_3,B7COLLECTIVEBLAME,N
382,J_3,B7ISRAELAGENT,N
382,J_3,B8FORCECONDEMN,N
382,J_3,B9ISRAELLOYALTY,N
382,J_3,B10JEWISHRIGHTS,N
43628,J_3,API_ERROR,errored
31580,J_3,B6CHARACTERIZEISRAEL,N
31580,J_3,B7COLLECTIVEBLAME,N
31580,J_3,B7ISRAELAGENT,N
31580,J_3,B8FORCECONDEMN,N
31580,J_3,B9ISRAELLOYALTY,N
31580,J_3,B10JEWISHRIGHTS,N
19533,J_3,B6CHARACTERIZEISRAEL,N
19533,J_3,B7COLLECTIVEBLAME,N
19533,J_3,B7ISRAELAGENT,N
19533,J_3,B8FORCECONDEMN,N
19533,J_3,B9ISRAELLOYALTY,N
19533,J_3,B10JEWISHRIGHTS,N
44584,J_3,B6CHARACTERIZEISRAEL,I
44584,J_3,B7COLLECTIVEBLAME,N
44584,J_3,B7ISRAELAGENT,N
44584,J_3,B8FORCECONDEMN,N
44584,J_3,B9ISRAELLOYALTY,N
44584,J_3,B10JEWISHRIGHTS,E
7395,J_3,API_ERROR,errored
32564,J_3,API_ERROR,errored
43764,J_3,B6CHARACTERIZEISRAEL,N
43764,J_3,B7COLLECTIVEBLAME,N
43764,J_3,B7ISRAELAGENT,N
43764,J_3,B8FORCECONDEMN,N
43764,J_3,B9ISRAELLOYALTY,N
43764,J_3,B10JEWISHRIGHTS,N
27154,J_3,B6CHARACTERIZEISRAEL,N
27154,J_3,B7COLLECTIVEBLAME,N
27154,J_3,B7ISRAELAGENT,N
27154,J_3,B8FORCECONDEMN,N
27154,J_3,B9ISRAELLOYALTY,N
27154,J_3,B10JEWISHRIGHTS,N
14864,J_3,B6CHARACTERIZEISRAEL,N
14864,J_3,B7COLLECTIVEBLAME,N
14864,J_3,B7ISRAELAGENT,N
14864,J_3,B8FORCECONDEMN,N
14864,J_3,B9ISRAELLOYALTY,N
14864,J_3,B10JEWISHRIGHTS,N
22907,J_3,API_ERROR,errored
4768,J_3,API_ERROR,errored
12691,J_3,API_ERROR,errored
29247,J_3,B6CHARACTERIZEISRAEL,N
29247,J_3,B7COLLECTIVEBLAME,N
29247,J_3,B7ISRAELAGENT,N
29247,J_3,B8FORCECONDEMN,N
29247,J_3,B9ISRAELLOYALTY,N
29247,J_3,B10JEWISHRIGHTS,N
1495,J_3,B6CHARACTERIZEISRAEL,N
1495,J_3,B7COLLECTIVEBLAME,N
1495,J_3,B7ISRAELAGENT,N
1495,J_3,B8FORCECONDEMN,N
1495,J_3,B9ISRAELLOYALTY,N
1495,J_3,B10JEWISHRIGHTS,N
44559,J_3,B6CHARACTERIZEISRAEL,N
44559,J_3,B7COLLECTIVEBLAME,N
44559,J_3,B7ISRAELAGENT,N
44559,J_3,B8FORCECONDEMN,N
44559,J_3,B9ISRAELLOYALTY,N
44559,J_3,B10JEWISHRIGHTS,N
5318,J_3,API_ERROR,errored
47462,J_3,B6CHARACTERIZEISRAEL,N
47462,J_3,B7COLLECTIVEBLAME,N
47462,J_3,B7ISRAELAGENT,N
47462,J_3,B8FORCECONDEMN,N
47462,J_3,B9ISRAELLOYALTY,N
47462,J_3,B10JEWISHRIGHTS,N
29070,J_3,API_ERROR,errored
19428,J_3,B6CHARACTERIZEISRAEL,N
19428,J_3,B7COLLECTIVEBLAME,I
19428,J_3,B7ISRAELAGENT,I
19428,J_3,B8FORCECONDEMN,N
19428,J_3,B9ISRAELLOYALTY,N
19428,J_3,B10JEWISHRIGHTS,N
10690,J_3,API_ERROR,errored
13660,J_3,API_ERROR,errored
16548,J_3,API_ERROR,errored
45922,J_3,API_ERROR,errored
24774,J_3,API_ERROR,errored
12356,J_3,B6CHARACTERIZEISRAEL,N
12356,J_3,B7COLLECTIVEBLAME,N
12356,J_3,B7ISRAELAGENT,N
12356,J_3,B8FORCECONDEMN,N
12356,J_3,B9ISRAELLOYALTY,N
12356,J_3,B10JEWISHRIGHTS,N
28195,J_3,B6CHARACTERIZEISRAEL,N
28195,J_3,B7COLLECTIVEBLAME,N
28195,J_3,B7ISRAELAGENT,N
28195,J_3,B8FORCECONDEMN,N
28195,J_3,B9ISRAELLOYALTY,N
28195,J_3,B10JEWISHRIGHTS,N
10234,J_3,API_ERROR,errored
17078,J_3,API_ERROR,errored
36829,J_3,API_ERROR,errored
2149,J_3,B6CHARACTERIZEISRAEL,N
2149,J_3,B7COLLECTIVEBLAME,N
2149,J_3,B7ISRAELAGENT,N
2149,J_3,B8FORCECONDEMN,N
2149,J_3,B9ISRAELLOYALTY,N
2149,J_3,B10JEWISHRIGHTS,N
27773,J_3,B6CHARACTERIZEISRAEL,N
27773,J_3,B7COLLECTIVEBLAME,N
27773,J_3,B7ISRAELAGENT,N
27773,J_3,B8FORCECONDEMN,N
27773,J_3,B9ISRAELLOYALTY,N
27773,J_3,B10JEWISHRIGHTS,N
15324,J_3,B6CHARACTERIZEISRAEL,N
15324,J_3,B7COLLECTIVEBLAME,N
15324,J_3,B7ISRAELAGENT,N
15324,J_3,B8FORCECONDEMN,N
15324,J_3,B9ISRAELLOYALTY,N
15324,J_3,B10JEWISHRIGHTS,N
43138,J_3,B6CHARACTERIZEISRAEL,N
43138,J_3,B7COLLECTIVEBLAME,N
43138,J_3,B7ISRAELAGENT,N
43138,J_3,B8FORCECONDEMN,N
43138,J_3,B9ISRAELLOYALTY,N
43138,J_3,B10JEWISHRIGHTS,N
42365,J_3,API_ERROR,errored
40905,J_3,API_ERROR,errored
31221,J_3,API_ERROR,errored
48567,J_3,API_ERROR,errored
26795,J_3,API_ERROR,errored
35257,J_3,B6CHARACTERIZEISRAEL,N
35257,J_3,B7COLLECTIVEBLAME,N
35257,J_3,B7ISRAELAGENT,N
35257,J_3,B8FORCECONDEMN,N
35257,J_3,B9ISRAELLOYALTY,N
35257,J_3,B10JEWISHRIGHTS,N
44799,J_3,API_ERROR,errored
41383,J_3,B6CHARACTERIZEISRAEL,N
41383,J_3,B7COLLECTIVEBLAME,N
41383,J_3,B7ISRAELAGENT,N
41383,J_3,B8FORCECONDEMN,N
41383,J_3,B9ISRAELLOYALTY,N
41383,J_3,B10JEWISHRIGHTS,N
3569,J_3,B6CHARACTERIZEISRAEL,N
3569,J_3,B7COLLECTIVEBLAME,N
3569,J_3,B7ISRAELAGENT,N
3569,J_3,B8FORCECONDEMN,N
3569,J_3,B9ISRAELLOYALTY,N
3569,J_3,B10JEWISHRIGHTS,N
44117,J_3,API_ERROR,errored
7992,J_3,B6CHARACTERIZEISRAEL,N
7992,J_3,B7COLLECTIVEBLAME,N
7992,J_3,B7ISRAELAGENT,N
7992,J_3,B8FORCECONDEMN,N
7992,J_3,B9ISRAELLOYALTY,N
7992,J_3,B10JEWISHRIGHTS,N
26103,J_3,B6CHARACTERIZEISRAEL,N
26103,J_3,B7COLLECTIVEBLAME,N
26103,J_3,B7ISRAELAGENT,N
26103,J_3,B8FORCECONDEMN,N
26103,J_3,B9ISRAELLOYALTY,N
26103,J_3,B10JEWISHRIGHTS,N
30402,J_3,B6CHARACTERIZEISRAEL,N
30402,J_3,B7COLLECTIVEBLAME,N
30402,J_3,B7ISRAELAGENT,N
30402,J_3,B8FORCECONDEMN,N
30402,J_3,B9ISRAELLOYALTY,N
30402,J_3,B10JEWISHRIGHTS,N
45420,J_3,B6CHARACTERIZEISRAEL,N
45420,J_3,B7COLLECTIVEBLAME,N
45420,J_3,B7ISRAELAGENT,N
45420,J_3,B8FORCECONDEMN,N
45420,J_3,B9ISRAELLOYALTY,N
45420,J_3,B10JEWISHRIGHTS,N
1981,J_3,API_ERROR,errored
34479,J_3,API_ERROR,errored
32693,J_3,API_ERROR,errored
15114,J_3,API_ERROR,errored
13484,J_3,API_ERROR,errored
42012,J_3,B6CHARACTERIZEISRAEL,N
42012,J_3,B7COLLECTIVEBLAME,N
42012,J_3,B7ISRAELAGENT,N
42012,J_3,B8FORCECONDEMN,N
42012,J_3,B9ISRAELLOYALTY,N
42012,J_3,B10JEWISHRIGHTS,N
7703,J_3,B6CHARACTERIZEISRAEL,N
7703,J_3,B7COLLECTIVEBLAME,N
7703,J_3,B7ISRAELAGENT,N
7703,J_3,B8FORCECONDEMN,N
7703,J_3,B9ISRAELLOYALTY,N
7703,J_3,B10JEWISHRIGHTS,N
31049,J_3,B6CHARACTERIZEISRAEL,N
31049,J_3,B7COLLECTIVEBLAME,I
31049,J_3,B7ISRAELAGENT,I
31049,J_3,B8FORCECONDEMN,N
31049,J_3,B9ISRAELLOYALTY,I
31049,J_3,B10JEWISHRIGHTS,N
48050,J_3,API_ERROR,errored
9205,J_3,B6CHARACTERIZEISRAEL,N
9205,J_3,B7COLLECTIVEBLAME,N
9205,J_3,B7ISRAELAGENT,N
9205,J_3,B8FORCECONDEMN,N
9205,J_3,B9ISRAELLOYALTY,N
9205,J_3,B10JEWISHRIGHTS,N
3417,J_3,B6CHARACTERIZEISRAEL,N
3417,J_3,B7COLLECTIVEBLAME,N
3417,J_3,B7ISRAELAGENT,N
3417,J_3,B8FORCECONDEMN,N
3417,J_3,B9ISRAELLOYALTY,N
3417,J_3,B10JEWISHRIGHTS,N
49857,J_3,B6CHARACTERIZEISRAEL,N
49857,J_3,B7COLLECTIVEBLAME,N
49857,J_3,B7ISRAELAGENT,N
49857,J_3,B8FORCECONDEMN,N
49857,J_3,B9ISRAELLOYALTY,N
49857,J_3,B10JEWISHRIGHTS,N
11736,J_3,B6CHARACTERIZEISRAEL,N
11736,J_3,B7COLLECTIVEBLAME,N
11736,J_3,B7ISRAELAGENT,N
11736,J_3,B8FORCECONDEMN,N
11736,J_3,B9ISRAELLOYALTY,N
11736,J_3,B10JEWISHRIGHTS,N
47731,J_3,API_ERROR,errored
40733,J_3,API_ERROR,errored
28575,J_3,B6CHARACTERIZEISRAEL,N
28575,J_3,B7COLLECTIVEBLAME,N
28575,J_3,B7ISRAELAGENT,N
28575,J_3,B8FORCECONDEMN,N
28575,J_3,B9ISRAELLOYALTY,N
28575,J_3,B10JEWISHRIGHTS,N
13156,J_3,API_ERROR,errored
46865,J_3,B6CHARACTERIZEISRAEL,N
46865,J_3,B7COLLECTIVEBLAME,N
46865,J_3,B7ISRAELAGENT,N
46865,J_3,B8FORCECONDEMN,N
46865,J_3,B9ISRAELLOYALTY,N
46865,J_3,B10JEWISHRIGHTS,N
14586,J_3,API_ERROR,errored
45,J_3,B6CHARACTERIZEISRAEL,N
45,J_3,B7COLLECTIVEBLAME,N
45,J_3,B7ISRAELAGENT,N
45,J_3,B8FORCECONDEMN,N
45,J_3,B9ISRAELLOYALTY,N
45,J_3,B10JEWISHRIGHTS,N
1542,J_3,API_ERROR,errored
22648,J_3,API_ERROR,errored
26715,J_3,B6CHARACTERIZEISRAEL,N
26715,J_3,B7COLLECTIVEBLAME,N
26715,J_3,B7ISRAELAGENT,N
26715,J_3,B8FORCECONDEMN,N
26715,J_3,B9ISRAELLOYALTY,N
26715,J_3,B10JEWISHRIGHTS,N
13670,J_3,API_ERROR,errored
46802,J_3,B6CHARACTERIZEISRAEL,N
46802,J_3,B7COLLECTIVEBLAME,N
46802,J_3,B7ISRAELAGENT,N
46802,J_3,B8FORCECONDEMN,N
46802,J_3,B9ISRAELLOYALTY,N
46802,J_3,B10JEWISHRIGHTS,E
13852,J_3,B6CHARACTERIZEISRAEL,N
13852,J_3,B7COLLECTIVEBLAME,N
13852,J_3,B7ISRAELAGENT,N
13852,J_3,B8FORCECONDEMN,N
13852,J_3,B9ISRAELLOYALTY,N
13852,J_3,B10JEWISHRIGHTS,N
36264,J_3,B6CHARACTERIZEISRAEL,N
36264,J_3,B7COLLECTIVEBLAME,N
36264,J_3,B7ISRAELAGENT,N
36264,J_3,B8FORCECONDEMN,N
36264,J_3,B9ISRAELLOYALTY,N
36264,J_3,B10JEWISHRIGHTS,N
44583,J_3,B6CHARACTERIZEISRAEL,N
44583,J_3,B7COLLECTIVEBLAME,N
44583,J_3,B7ISRAELAGENT,N
44583,J_3,B8FORCECONDEMN,N
44583,J_3,B9ISRAELLOYALTY,N
44583,J_3,B10JEWISHRIGHTS,N
30456,J_3,B6CHARACTERIZEISRAEL,N
30456,J_3,B7COLLECTIVEBLAME,N
30456,J_3,B7ISRAELAGENT,N
30456,J_3,B8FORCECONDEMN,N
30456,J_3,B9ISRAELLOYALTY,N
30456,J_3,B10JEWISHRIGHTS,N
47928,J_3,API_ERROR,errored
34321,J_3,API_ERROR,errored
34601,J_3,B6CHARACTERIZEISRAEL,N
34601,J_3,B7COLLECTIVEBLAME,N
34601,J_3,B7ISRAELAGENT,N
34601,J_3,B8FORCECONDEMN,N
34601,J_3,B9ISRAELLOYALTY,N
34601,J_3,B10JEWISHRIGHTS,E
45023,J_3,B6CHARACTERIZEISRAEL,N
45023,J_3,B7COLLECTIVEBLAME,N
45023,J_3,B7ISRAELAGENT,N
45023,J_3,B8FORCECONDEMN,N
45023,J_3,B9ISRAELLOYALTY,N
45023,J_3,B10JEWISHRIGHTS,N
11665,J_3,API_ERROR,errored
10057,J_3,API_ERROR,errored
9251,J_3,B6CHARACTERIZEISRAEL,N
9251,J_3,B7COLLECTIVEBLAME,N
9251,J_3,B7ISRAELAGENT,N
9251,J_3,B8FORCECONDEMN,N
9251,J_3,B9ISRAELLOYALTY,N
9251,J_3,B10JEWISHRIGHTS,N
46559,J_3,B6CHARACTERIZEISRAEL,N
46559,J_3,B7COLLECTIVEBLAME,N
46559,J_3,B7ISRAELAGENT,N
46559,J_3,B8FORCECONDEMN,N
46559,J_3,B9ISRAELLOYALTY,N
46559,J_3,B10JEWISHRIGHTS,N
35813,J_3,B6CHARACTERIZEISRAEL,N
35813,J_3,B7COLLECTIVEBLAME,N
35813,J_3,B7ISRAELAGENT,N
35813,J_3,B8FORCECONDEMN,N
35813,J_3,B9ISRAELLOYALTY,N
35813,J_3,B10JEWISHRIGHTS,N
38507,J_3,API_ERROR,errored
1675,J_3,API_ERROR,errored
8025,J_3,API_ERROR,errored
45072,J_3,B6CHARACTERIZEISRAEL,N
45072,J_3,B7COLLECTIVEBLAME,N
45072,J_3,B7ISRAELAGENT,N
45072,J_3,B8FORCECONDEMN,N
45072,J_3,B9ISRAELLOYALTY,N
45072,J_3,B10JEWISHRIGHTS,N
44862,J_3,B6CHARACTERIZEISRAEL,N
44862,J_3,B7COLLECTIVEBLAME,N
44862,J_3,B7ISRAELAGENT,N
44862,J_3,B8FORCECONDEMN,N
44862,J_3,B9ISRAELLOYALTY,N
44862,J_3,B10JEWISHRIGHTS,N
35808,J_3,API_ERROR,errored
20017,J_3,B6CHARACTERIZEISRAEL,N
20017,J_3,B7COLLECTIVEBLAME,N
20017,J_3,B7ISRAELAGENT,N
20017,J_3,B8FORCECONDEMN,N
20017,J_3,B9ISRAELLOYALTY,N
20017,J_3,B10JEWISHRIGHTS,N
1456,J_3,API_ERROR,errored
19662,J_3,B6CHARACTERIZEISRAEL,N
19662,J_3,B7COLLECTIVEBLAME,N
19662,J_3,B7ISRAELAGENT,N
19662,J_3,B8FORCECONDEMN,N
19662,J_3,B9ISRAELLOYALTY,N
19662,J_3,B10JEWISHRIGHTS,N
20452,J_3,B6CHARACTERIZEISRAEL,N
20452,J_3,B7COLLECTIVEBLAME,N
20452,J_3,B7ISRAELAGENT,N
20452,J_3,B8FORCECONDEMN,N
20452,J_3,B9ISRAELLOYALTY,N
20452,J_3,B10JEWISHRIGHTS,N
47821,J_3,API_ERROR,errored
9223,J_3,B6CHARACTERIZEISRAEL,N
9223,J_3,B7COLLECTIVEBLAME,N
9223,J_3,B7ISRAELAGENT,N
9223,J_3,B8FORCECONDEMN,N
9223,J_3,B9ISRAELLOYALTY,N
9223,J_3,B10JEWISHRIGHTS,N
17294,J_3,B6CHARACTERIZEISRAEL,N
17294,J_3,B7COLLECTIVEBLAME,N
17294,J_3,B7ISRAELAGENT,N
17294,J_3,B8FORCECONDEMN,N
17294,J_3,B9ISRAELLOYALTY,N
17294,J_3,B10JEWISHRIGHTS,N
42935,J_3,API_ERROR,errored
23922,J_3,API_ERROR,errored
10698,J_3,B6CHARACTERIZEISRAEL,N
10698,J_3,B7COLLECTIVEBLAME,N
10698,J_3,B7ISRAELAGENT,N
10698,J_3,B8FORCECONDEMN,N
10698,J_3,B9ISRAELLOYALTY,N
10698,J_3,B10JEWISHRIGHTS,N
26782,J_3,API_ERROR,errored
44670,J_3,B6CHARACTERIZEISRAEL,N
44670,J_3,B7COLLECTIVEBLAME,N
44670,J_3,B7ISRAELAGENT,N
44670,J_3,B8FORCECONDEMN,N
44670,J_3,B9ISRAELLOYALTY,N
44670,J_3,B10JEWISHRIGHTS,N
42911,J_3,B6CHARACTERIZEISRAEL,N
42911,J_3,B7COLLECTIVEBLAME,N
42911,J_3,B7ISRAELAGENT,N
42911,J_3,B8FORCECONDEMN,N
42911,J_3,B9ISRAELLOYALTY,N
42911,J_3,B10JEWISHRIGHTS,N
6354,J_3,B6CHARACTERIZEISRAEL,N
6354,J_3,B7COLLECTIVEBLAME,N
6354,J_3,B7ISRAELAGENT,N
6354,J_3,B8FORCECONDEMN,N
6354,J_3,B9ISRAELLOYALTY,N
6354,J_3,B10JEWISHRIGHTS,N
7311,J_3,API_ERROR,errored
8690,J_3,B6CHARACTERIZEISRAEL,N
8690,J_3,B7COLLECTIVEBLAME,N
8690,J_3,B7ISRAELAGENT,N
8690,J_3,B8FORCECONDEMN,N
8690,J_3,B9ISRAELLOYALTY,N
8690,J_3,B10JEWISHRIGHTS,N
11578,J_3,API_ERROR,errored
16035,J_3,API_ERROR,errored
29666,J_3,B6CHARACTERIZEISRAEL,N
29666,J_3,B7COLLECTIVEBLAME,N
29666,J_3,B7ISRAELAGENT,N
29666,J_3,B8FORCECONDEMN,N
29666,J_3,B9ISRAELLOYALTY,N
29666,J_3,B10JEWISHRIGHTS,I
27200,J_3,API_ERROR,errored
24313,J_3,API_ERROR,errored
28471,J_3,API_ERROR,errored
36452,J_3,API_ERROR,errored
33996,J_3,B6CHARACTERIZEISRAEL,N
33996,J_3,B7COLLECTIVEBLAME,N
33996,J_3,B7ISRAELAGENT,N
33996,J_3,B8FORCECONDEMN,N
33996,J_3,B9ISRAELLOYALTY,N
33996,J_3,B10JEWISHRIGHTS,N
5841,J_3,B6CHARACTERIZEISRAEL,N
5841,J_3,B7COLLECTIVEBLAME,N
5841,J_3,B7ISRAELAGENT,N
5841,J_3,B8FORCECONDEMN,N
5841,J_3,B9ISRAELLOYALTY,N
5841,J_3,B10JEWISHRIGHTS,N
33322,J_3,API_ERROR,errored
22425,J_3,API_ERROR,errored
18453,J_3,B6CHARACTERIZEISRAEL,N
18453,J_3,B7COLLECTIVEBLAME,N
18453,J_3,B7ISRAELAGENT,N
18453,J_3,B8FORCECONDEMN,N
18453,J_3,B9ISRAELLOYALTY,N
18453,J_3,B10JEWISHRIGHTS,N
5744,J_3,B6CHARACTERIZEISRAEL,N
5744,J_3,B7COLLECTIVEBLAME,E
5744,J_3,B7ISRAELAGENT,N
5744,J_3,B8FORCECONDEMN,N
5744,J_3,B9ISRAELLOYALTY,N
5744,J_3,B10JEWISHRIGHTS,E
20228,J_3,B6CHARACTERIZEISRAEL,N
20228,J_3,B7COLLECTIVEBLAME,N
20228,J_3,B7ISRAELAGENT,N
20228,J_3,B8FORCECONDEMN,N
20228,J_3,B9ISRAELLOYALTY,N
20228,J_3,B10JEWISHRIGHTS,N
5450,J_3,B6CHARACTERIZEISRAEL,N
5450,J_3,B7COLLECTIVEBLAME,N
5450,J_3,B7ISRAELAGENT,N
5450,J_3,B8FORCECONDEMN,N
5450,J_3,B9ISRAELLOYALTY,N
5450,J_3,B10JEWISHRIGHTS,N
16205,J_3,API_ERROR,errored
9467,J_3,API_ERROR,errored
14236,J_3,API_ERROR,errored
14836,J_3,API_ERROR,errored
1086,J_3,B6CHARACTERIZEISRAEL,N
1086,J_3,B7COLLECTIVEBLAME,N
1086,J_3,B7ISRAELAGENT,N
1086,J_3,B8FORCECONDEMN,N
1086,J_3,B9ISRAELLOYALTY,N
1086,J_3,B10JEWISHRIGHTS,N
20867,J_3,API_ERROR,errored
28283,J_3,API_ERROR,errored
13036,J_3,B6CHARACTERIZEISRAEL,N
13036,J_3,B7COLLECTIVEBLAME,N
13036,J_3,B7ISRAELAGENT,N
13036,J_3,B8FORCECONDEMN,N
13036,J_3,B9ISRAELLOYALTY,N
13036,J_3,B10JEWISHRIGHTS,N
43549,J_3,API_ERROR,errored
22873,J_3,API_ERROR,errored
22169,J_3,API_ERROR,errored
49845,J_3,API_ERROR,errored
205,J_3,API_ERROR,errored
44408,J_3,API_ERROR,errored
26944,J_3,API_ERROR,errored
603,J_3,API_ERROR,errored
20094,J_3,B6CHARACTERIZEISRAEL,N
20094,J_3,B7COLLECTIVEBLAME,N
20094,J_3,B7ISRAELAGENT,N
20094,J_3,B8FORCECONDEMN,N
20094,J_3,B9ISRAELLOYALTY,N
20094,J_3,B10JEWISHRIGHTS,N
17184,J_3,B6CHARACTERIZEISRAEL,N
17184,J_3,B7COLLECTIVEBLAME,N
17184,J_3,B7ISRAELAGENT,N
17184,J_3,B8FORCECONDEMN,N
17184,J_3,B9ISRAELLOYALTY,N
17184,J_3,B10JEWISHRIGHTS,N
8783,J_3,API_ERROR,errored
12357,J_3,B6CHARACTERIZEISRAEL,N
12357,J_3,B7COLLECTIVEBLAME,N
12357,J_3,B7ISRAELAGENT,N
12357,J_3,B8FORCECONDEMN,N
12357,J_3,B9ISRAELLOYALTY,N
12357,J_3,B10JEWISHRIGHTS,N
5876,J_3,B6CHARACTERIZEISRAEL,N
5876,J_3,B7COLLECTIVEBLAME,I
5876,J_3,B7ISRAELAGENT,I
5876,J_3,B8FORCECONDEMN,N
5876,J_3,B9ISRAELLOYALTY,N
5876,J_3,B10JEWISHRIGHTS,E
30656,J_3,API_ERROR,errored
49245,J_3,API_ERROR,errored
41212,J_3,B6CHARACTERIZEISRAEL,N
41212,J_3,B7COLLECTIVEBLAME,N
41212,J_3,B7ISRAELAGENT,N
41212,J_3,B8FORCECONDEMN,N
41212,J_3,B9ISRAELLOYALTY,N
41212,J_3,B10JEWISHRIGHTS,E
6058,J_3,API_ERROR,errored
29888,J_3,API_ERROR,errored
109,J_3,API_ERROR,errored
11840,J_3,API_ERROR,errored
32172,J_3,API_ERROR,errored
10331,J_3,API_ERROR,errored
17104,J_3,B6CHARACTERIZEISRAEL,N
17104,J_3,B7COLLECTIVEBLAME,N
17104,J_3,B7ISRAELAGENT,N
17104,J_3,B8FORCECONDEMN,N
17104,J_3,B9ISRAELLOYALTY,N
17104,J_3,B10JEWISHRIGHTS,N
34491,J_3,API_ERROR,errored
45840,J_3,API_ERROR,errored
47882,J_3,API_ERROR,errored
43804,J_3,API_ERROR,errored
22849,J_3,API_ERROR,errored
45949,J_3,API_ERROR,errored
4476,J_3,API_ERROR,errored
14498,J_3,B6CHARACTERIZEISRAEL,N
14498,J_3,B7COLLECTIVEBLAME,N
14498,J_3,B7ISRAELAGENT,N
14498,J_3,B8FORCECONDEMN,N
14498,J_3,B9ISRAELLOYALTY,N
14498,J_3,B10JEWISHRIGHTS,N
17852,J_3,B6CHARACTERIZEISRAEL,N
17852,J_3,B7COLLECTIVEBLAME,N
17852,J_3,B7ISRAELAGENT,N
17852,J_3,B8FORCECONDEMN,N
17852,J_3,B9ISRAELLOYALTY,N
17852,J_3,B10JEWISHRIGHTS,N
1453,J_3,API_ERROR,errored
15845,J_3,API_ERROR,errored
29676,J_3,API_ERROR,errored
295,J_3,API_ERROR,errored
4237,J_3,API_ERROR,errored
2695,J_3,B6CHARACTERIZEISRAEL,N
2695,J_3,B7COLLECTIVEBLAME,N
2695,J_3,B7ISRAELAGENT,N
2695,J_3,B8FORCECONDEMN,N
2695,J_3,B9ISRAELLOYALTY,N
2695,J_3,B10JEWISHRIGHTS,N
43727,J_3,API_ERROR,errored
33613,J_3,B6CHARACTERIZEISRAEL,N
33613,J_3,B7COLLECTIVEBLAME,N
33613,J_3,B7ISRAELAGENT,N
33613,J_3,B8FORCECONDEMN,N
33613,J_3,B9ISRAELLOYALTY,N
33613,J_3,B10JEWISHRIGHTS,N
25281,J_3,API_ERROR,errored
8113,J_3,API_ERROR,errored
11782,J_3,B6CHARACTERIZEISRAEL,N
11782,J_3,B7COLLECTIVEBLAME,N
11782,J_3,B7ISRAELAGENT,N
11782,J_3,B8FORCECONDEMN,N
11782,J_3,B9ISRAELLOYALTY,N
11782,J_3,B10JEWISHRIGHTS,N
14831,J_3,B6CHARACTERIZEISRAEL,N
14831,J_3,B7COLLECTIVEBLAME,N
14831,J_3,B7ISRAELAGENT,N
14831,J_3,B8FORCECONDEMN,N
14831,J_3,B9ISRAELLOYALTY,N
14831,J_3,B10JEWISHRIGHTS,N
3154,J_3,API_ERROR,errored
11453,J_3,B6CHARACTERIZEISRAEL,N
11453,J_3,B7COLLECTIVEBLAME,N
11453,J_3,B7ISRAELAGENT,N
11453,J_3,B8FORCECONDEMN,N
11453,J_3,B9ISRAELLOYALTY,N
11453,J_3,B10JEWISHRIGHTS,N
40551,J_3,B6CHARACTERIZEISRAEL,N
40551,J_3,B7COLLECTIVEBLAME,I
40551,J_3,B7ISRAELAGENT,N
40551,J_3,B8FORCECONDEMN,N
40551,J_3,B9ISRAELLOYALTY,N
40551,J_3,B10JEWISHRIGHTS,I
20987,J_3,API_ERROR,errored
33026,J_3,API_ERROR,errored
23144,J_3,API_ERROR,errored
8395,J_3,API_ERROR,errored
44266,J_3,API_ERROR,errored
30599,J_3,B6CHARACTERIZEISRAEL,N
30599,J_3,B7COLLECTIVEBLAME,N
30599,J_3,B7ISRAELAGENT,N
30599,J_3,B8FORCECONDEMN,N
30599,J_3,B9ISRAELLOYALTY,N
30599,J_3,B10JEWISHRIGHTS,N
5823,J_3,API_ERROR,errored
32086,J_3,API_ERROR,errored
16071,J_3,API_ERROR,errored
23607,J_3,B6CHARACTERIZEISRAEL,N
23607,J_3,B7COLLECTIVEBLAME,N
23607,J_3,B7ISRAELAGENT,N
23607,J_3,B8FORCECONDEMN,N
23607,J_3,B9ISRAELLOYALTY,N
23607,J_3,B10JEWISHRIGHTS,N
38963,J_3,API_ERROR,errored
47336,J_3,B6CHARACTERIZEISRAEL,N
47336,J_3,B7COLLECTIVEBLAME,N
47336,J_3,B7ISRAELAGENT,N
47336,J_3,B8FORCECONDEMN,N
47336,J_3,B9ISRAELLOYALTY,N
47336,J_3,B10JEWISHRIGHTS,N
20453,J_3,API_ERROR,errored
40319,J_3,B6CHARACTERIZEISRAEL,N
40319,J_3,B7COLLECTIVEBLAME,N
40319,J_3,B7ISRAELAGENT,N
40319,J_3,B8FORCECONDEMN,N
40319,J_3,B9ISRAELLOYALTY,N
40319,J_3,B10JEWISHRIGHTS,N
46717,J_3,API_ERROR,errored
3749,J_3,API_ERROR,errored
43733,J_3,B6CHARACTERIZEISRAEL,N
43733,J_3,B7COLLECTIVEBLAME,N
43733,J_3,B7ISRAELAGENT,N
43733,J_3,B8FORCECONDEMN,N
43733,J_3,B9ISRAELLOYALTY,N
43733,J_3,B10JEWISHRIGHTS,N
43828,J_3,API_ERROR,errored
1699,J_3,API_ERROR,errored
32578,J_3,B6CHARACTERIZEISRAEL,N
32578,J_3,B7COLLECTIVEBLAME,N
32578,J_3,B7ISRAELAGENT,N
32578,J_3,B8FORCECONDEMN,N
32578,J_3,B9ISRAELLOYALTY,N
32578,J_3,B10JEWISHRIGHTS,N
29897,J_3,API_ERROR,errored
47706,J_3,API_ERROR,errored
4382,J_3,B6CHARACTERIZEISRAEL,N
4382,J_3,B7COLLECTIVEBLAME,N
4382,J_3,B7ISRAELAGENT,N
4382,J_3,B8FORCECONDEMN,N
4382,J_3,B9ISRAELLOYALTY,N
4382,J_3,B10JEWISHRIGHTS,N
7323,J_3,API_ERROR,errored
9230,J_3,API_ERROR,errored
30381,J_3,B6CHARACTERIZEISRAEL,N
30381,J_3,B7COLLECTIVEBLAME,N
30381,J_3,B7ISRAELAGENT,N
30381,J_3,B8FORCECONDEMN,N
30381,J_3,B9ISRAELLOYALTY,N
30381,J_3,B10JEWISHRIGHTS,N
22173,J_3,B6CHARACTERIZEISRAEL,N
22173,J_3,B7COLLECTIVEBLAME,N
22173,J_3,B7ISRAELAGENT,N
22173,J_3,B8FORCECONDEMN,N
22173,J_3,B9ISRAELLOYALTY,N
22173,J_3,B10JEWISHRIGHTS,N
1647,J_3,API_ERROR,errored
13642,J_3,B6CHARACTERIZEISRAEL,N
13642,J_3,B7COLLECTIVEBLAME,N
13642,J_3,B7ISRAELAGENT,N
13642,J_3,B8FORCECONDEMN,N
13642,J_3,B9ISRAELLOYALTY,N
13642,J_3,B10JEWISHRIGHTS,N
48542,J_3,B6CHARACTERIZEISRAEL,I
48542,J_3,B7COLLECTIVEBLAME,N
48542,J_3,B7ISRAELAGENT,N
48542,J_3,B8FORCECONDEMN,N
48542,J_3,B9ISRAELLOYALTY,N
48542,J_3,B10JEWISHRIGHTS,N
2012,J_3,B6CHARACTERIZEISRAEL,N
2012,J_3,B7COLLECTIVEBLAME,N
2012,J_3,B7ISRAELAGENT,N
2012,J_3,B8FORCECONDEMN,N
2012,J_3,B9ISRAELLOYALTY,N
2012,J_3,B10JEWISHRIGHTS,N
42572,J_3,API_ERROR,errored
11419,J_3,API_ERROR,errored
10146,J_3,API_ERROR,errored
13933,J_3,B6CHARACTERIZEISRAEL,N
13933,J_3,B7COLLECTIVEBLAME,N
13933,J_3,B7ISRAELAGENT,N
13933,J_3,B8FORCECONDEMN,N
13933,J_3,B9ISRAELLOYALTY,N
13933,J_3,B10JEWISHRIGHTS,A
49581,J_3,B6CHARACTERIZEISRAEL,N
49581,J_3,B7COLLECTIVEBLAME,N
49581,J_3,B7ISRAELAGENT,I
49581,J_3,B8FORCECONDEMN,N
49581,J_3,B9ISRAELLOYALTY,N
49581,J_3,B10JEWISHRIGHTS,N
2714,J_3,B6CHARACTERIZEISRAEL,N
2714,J_3,B7COLLECTIVEBLAME,N
2714,J_3,B7ISRAELAGENT,N
2714,J_3,B8FORCECONDEMN,N
2714,J_3,B9ISRAELLOYALTY,N
2714,J_3,B10JEWISHRIGHTS,N
23898,J_3,API_ERROR,errored
14635,J_3,B6CHARACTERIZEISRAEL,N
14635,J_3,B7COLLECTIVEBLAME,N
14635,J_3,B7ISRAELAGENT,N
14635,J_3,B8FORCECONDEMN,N
14635,J_3,B9ISRAELLOYALTY,N
14635,J_3,B10JEWISHRIGHTS,N
46846,J_3,B6CHARACTERIZEISRAEL,N
46846,J_3,B7COLLECTIVEBLAME,N
46846,J_3,B7ISRAELAGENT,N
46846,J_3,B8FORCECONDEMN,N
46846,J_3,B9ISRAELLOYALTY,N
46846,J_3,B10JEWISHRIGHTS,N
10206,J_3,API_ERROR,errored
31570,J_3,B6CHARACTERIZEISRAEL,N
31570,J_3,B7COLLECTIVEBLAME,N
31570,J_3,B7ISRAELAGENT,N
31570,J_3,B8FORCECONDEMN,N
31570,J_3,B9ISRAELLOYALTY,N
31570,J_3,B10JEWISHRIGHTS,N
35739,J_3,API_ERROR,errored
25261,J_3,B6CHARACTERIZEISRAEL,N
25261,J_3,B7COLLECTIVEBLAME,N
25261,J_3,B7ISRAELAGENT,N
25261,J_3,B8FORCECONDEMN,N
25261,J_3,B9ISRAELLOYALTY,N
25261,J_3,B10JEWISHRIGHTS,N
29484,J_3,API_ERROR,errored
44762,J_3,B6CHARACTERIZEISRAEL,N
44762,J_3,B7COLLECTIVEBLAME,N
44762,J_3,B7ISRAELAGENT,N
44762,J_3,B8FORCECONDEMN,N
44762,J_3,B9ISRAELLOYALTY,N
44762,J_3,B10JEWISHRIGHTS,N
34973,J_3,B6CHARACTERIZEISRAEL,N
34973,J_3,B7COLLECTIVEBLAME,N
34973,J_3,B7ISRAELAGENT,N
34973,J_3,B8FORCECONDEMN,N
34973,J_3,B9ISRAELLOYALTY,N
34973,J_3,B10JEWISHRIGHTS,N
40140,J_3,PARSE_ERROR,Expecting value: line 1 column 1 (char 0)
40689,J_3,API_ERROR,errored
40455,J_3,B6CHARACTERIZEISRAEL,N
40455,J_3,B7COLLECTIVEBLAME,N
40455,J_3,B7ISRAELAGENT,N
40455,J_3,B8FORCECONDEMN,N
40455,J_3,B9ISRAELLOYALTY,N
40455,J_3,B10JEWISHRIGHTS,N
6646,J_3,API_ERROR,errored
30607,J_3,API_ERROR,errored
26144,J_3,B6CHARACTERIZEISRAEL,N
26144,J_3,B7COLLECTIVEBLAME,N
26144,J_3,B7ISRAELAGENT,N
26144,J_3,B8FORCECONDEMN,N
26144,J_3,B9ISRAELLOYALTY,N
26144,J_3,B10JEWISHRIGHTS,N
32628,J_3,API_ERROR,errored
28197,J_3,B6CHARACTERIZEISRAEL,N
28197,J_3,B7COLLECTIVEBLAME,N
28197,J_3,B7ISRAELAGENT,N
28197,J_3,B8FORCECONDEMN,N
28197,J_3,B9ISRAELLOYALTY,N
28197,J_3,B10JEWISHRIGHTS,N
32753,J_3,API_ERROR,errored
19655,J_3,B6CHARACTERIZEISRAEL,N
19655,J_3,B7COLLECTIVEBLAME,N
19655,J_3,B7ISRAELAGENT,N
19655,J_3,B8FORCECONDEMN,N
19655,J_3,B9ISRAELLOYALTY,N
19655,J_3,B10JEWISHRIGHTS,N
4188,J_3,API_ERROR,errored
40991,J_3,API_ERROR,errored
27281,J_3,API_ERROR,errored
28430,J_3,API_ERROR,errored
7813,J_3,B6CHARACTERIZEISRAEL,N
7813,J_3,B7COLLECTIVEBLAME,N
7813,J_3,B7ISRAELAGENT,N
7813,J_3,B8FORCECONDEMN,N
7813,J_3,B9ISRAELLOYALTY,N
7813,J_3,B10JEWISHRIGHTS,N
27078,J_3,API_ERROR,errored
26214,J_3,API_ERROR,errored
4393,J_3,B6CHARACTERIZEISRAEL,N
4393,J_3,B7COLLECTIVEBLAME,N
4393,J_3,B7ISRAELAGENT,N
4393,J_3,B8FORCECONDEMN,N
4393,J_3,B9ISRAELLOYALTY,N
4393,J_3,B10JEWISHRIGHTS,N
4481,J_3,API_ERROR,errored
13937,J_3,B6CHARACTERIZEISRAEL,N
13937,J_3,B7COLLECTIVEBLAME,N
13937,J_3,B7ISRAELAGENT,N
13937,J_3,B8FORCECONDEMN,N
13937,J_3,B9ISRAELLOYALTY,N
13937,J_3,B10JEWISHRIGHTS,N
43696,J_3,B6CHARACTERIZEISRAEL,N
43696,J_3,B7COLLECTIVEBLAME,N
43696,J_3,B7ISRAELAGENT,N
43696,J_3,B8FORCECONDEMN,N
43696,J_3,B9ISRAELLOYALTY,N
43696,J_3,B10JEWISHRIGHTS,N
43839,J_3,API_ERROR,errored
14186,J_3,B6CHARACTERIZEISRAEL,N
14186,J_3,B7COLLECTIVEBLAME,N
14186,J_3,B7ISRAELAGENT,N
14186,J_3,B8FORCECONDEMN,N
14186,J_3,B9ISRAELLOYALTY,N
14186,J_3,B10JEWISHRIGHTS,N
33587,J_3,B6CHARACTERIZEISRAEL,N
33587,J_3,B7COLLECTIVEBLAME,N
33587,J_3,B7ISRAELAGENT,N
33587,J_3,B8FORCECONDEMN,N
33587,J_3,B9ISRAELLOYALTY,N
33587,J_3,B10JEWISHRIGHTS,N
23306,J_3,API_ERROR,errored
8554,J_3,B6CHARACTERIZEISRAEL,N
8554,J_3,B7COLLECTIVEBLAME,N
8554,J_3,B7ISRAELAGENT,N
8554,J_3,B8FORCECONDEMN,N
8554,J_3,B9ISRAELLOYALTY,N
8554,J_3,B10JEWISHRIGHTS,N
41878,J_3,B6CHARACTERIZEISRAEL,N
41878,J_3,B7COLLECTIVEBLAME,N
41878,J_3,B7ISRAELAGENT,N
41878,J_3,B8FORCECONDEMN,N
41878,J_3,B9ISRAELLOYALTY,N
41878,J_3,B10JEWISHRIGHTS,N
45285,J_3,B6CHARACTERIZEISRAEL,N
45285,J_3,B7COLLECTIVEBLAME,N
45285,J_3,B7ISRAELAGENT,N
45285,J_3,B8FORCECONDEMN,N
45285,J_3,B9ISRAELLOYALTY,N
45285,J_3,B10JEWISHRIGHTS,N
45151,J_3,API_ERROR,errored
48952,J_3,B6CHARACTERIZEISRAEL,I
48952,J_3,B7COLLECTIVEBLAME,N
48952,J_3,B7ISRAELAGENT,N
48952,J_3,B8FORCECONDEMN,N
48952,J_3,B9ISRAELLOYALTY,N
48952,J_3,B10JEWISHRIGHTS,E
25919,J_3,API_ERROR,errored
41647,J_3,B6CHARACTERIZEISRAEL,N
41647,J_3,B7COLLECTIVEBLAME,N
41647,J_3,B7ISRAELAGENT,N
41647,J_3,B8FORCECONDEMN,N
41647,J_3,B9ISRAELLOYALTY,N
41647,J_3,B10JEWISHRIGHTS,N
9160,J_3,B6CHARACTERIZEISRAEL,N
9160,J_3,B7COLLECTIVEBLAME,N
9160,J_3,B7ISRAELAGENT,N
9160,J_3,B8FORCECONDEMN,N
9160,J_3,B9ISRAELLOYALTY,N
9160,J_3,B10JEWISHRIGHTS,N
47200,J_3,API_ERROR,errored
28983,J_3,B6CHARACTERIZEISRAEL,N
28983,J_3,B7COLLECTIVEBLAME,N
28983,J_3,B7ISRAELAGENT,N
28983,J_3,B8FORCECONDEMN,N
28983,J_3,B9ISRAELLOYALTY,N
28983,J_3,B10JEWISHRIGHTS,N
2161,J_3,API_ERROR,errored
30714,J_3,API_ERROR,errored
8310,J_3,B6CHARACTERIZEISRAEL,N
8310,J_3,B7COLLECTIVEBLAME,N
8310,J_3,B7ISRAELAGENT,N
8310,J_3,B8FORCECONDEMN,N
8310,J_3,B9ISRAELLOYALTY,N
8310,J_3,B10JEWISHRIGHTS,E
13534,J_3,API_ERROR,errored
9874,J_3,API_ERROR,errored
41440,J_3,API_ERROR,errored
49208,J_3,B6CHARACTERIZEISRAEL,N
49208,J_3,B7COLLECTIVEBLAME,N
49208,J_3,B7ISRAELAGENT,N
49208,J_3,B8FORCECONDEMN,N
49208,J_3,B9ISRAELLOYALTY,N
49208,J_3,B10JEWISHRIGHTS,N
42361,J_3,API_ERROR,errored
11584,J_3,B6CHARACTERIZEISRAEL,N
11584,J_3,B7COLLECTIVEBLAME,N
11584,J_3,B7ISRAELAGENT,N
11584,J_3,B8FORCECONDEMN,N
11584,J_3,B9ISRAELLOYALTY,N
11584,J_3,B10JEWISHRIGHTS,N
46952,J_3,B6CHARACTERIZEISRAEL,N
46952,J_3,B7COLLECTIVEBLAME,N
46952,J_3,B7ISRAELAGENT,N
46952,J_3,B8FORCECONDEMN,N
46952,J_3,B9ISRAELLOYALTY,N
46952,J_3,B10JEWISHRIGHTS,N
27244,J_3,API_ERROR,errored
28168,J_3,B6CHARACTERIZEISRAEL,N
28168,J_3,B7COLLECTIVEBLAME,N
28168,J_3,B7ISRAELAGENT,N
28168,J_3,B8FORCECONDEMN,N
28168,J_3,B9ISRAELLOYALTY,I
28168,J_3,B10JEWISHRIGHTS,N
45067,J_3,API_ERROR,errored
5505,J_3,API_ERROR,errored
12743,J_3,API_ERROR,errored
15540,J_3,B6CHARACTERIZEISRAEL,N
15540,J_3,B7COLLECTIVEBLAME,N
15540,J_3,B7ISRAELAGENT,N
15540,J_3,B8FORCECONDEMN,N
15540,J_3,B9ISRAELLOYALTY,N
15540,J_3,B10JEWISHRIGHTS,N
29380,J_3,API_ERROR,errored
47049,J_3,B6CHARACTERIZEISRAEL,N
47049,J_3,B7COLLECTIVEBLAME,N
47049,J_3,B7ISRAELAGENT,N
47049,J_3,B8FORCECONDEMN,N
47049,J_3,B9ISRAELLOYALTY,N
47049,J_3,B10JEWISHRIGHTS,N
16902,J_3,API_ERROR,errored
9431,J_3,B6CHARACTERIZEISRAEL,N
9431,J_3,B7COLLECTIVEBLAME,N
9431,J_3,B7ISRAELAGENT,N
9431,J_3,B8FORCECONDEMN,N
9431,J_3,B9ISRAELLOYALTY,N
9431,J_3,B10JEWISHRIGHTS,N
22141,J_3,B6CHARACTERIZEISRAEL,N
22141,J_3,B7COLLECTIVEBLAME,N
22141,J_3,B7ISRAELAGENT,N
22141,J_3,B8FORCECONDEMN,N
22141,J_3,B9ISRAELLOYALTY,N
22141,J_3,B10JEWISHRIGHTS,N
22913,J_3,API_ERROR,errored
17783,J_3,API_ERROR,errored
29363,J_3,API_ERROR,errored
14532,J_3,API_ERROR,errored
11258,J_3,API_ERROR,errored
45787,J_3,B6CHARACTERIZEISRAEL,N
45787,J_3,B7COLLECTIVEBLAME,N
45787,J_3,B7ISRAELAGENT,N
45787,J_3,B8FORCECONDEMN,N
45787,J_3,B9ISRAELLOYALTY,N
45787,J_3,B10JEWISHRIGHTS,N
20833,J_3,API_ERROR,errored
19365,J_3,API_ERROR,errored
4640,J_3,API_ERROR,errored
16766,J_3,B6CHARACTERIZEISRAEL,N
16766,J_3,B7COLLECTIVEBLAME,N
16766,J_3,B7ISRAELAGENT,N
16766,J_3,B8FORCECONDEMN,N
16766,J_3,B9ISRAELLOYALTY,N
16766,J_3,B10JEWISHRIGHTS,N
46094,J_3,B6CHARACTERIZEISRAEL,N
46094,J_3,B7COLLECTIVEBLAME,N
46094,J_3,B7ISRAELAGENT,N
46094,J_3,B8FORCECONDEMN,N
46094,J_3,B9ISRAELLOYALTY,N
46094,J_3,B10JEWISHRIGHTS,N
40914,J_3,API_ERROR,errored
37441,J_3,API_ERROR,errored
30126,J_3,API_ERROR,errored
47283,J_3,API_ERROR,errored
21931,J_3,API_ERROR,errored
23278,J_3,B6CHARACTERIZEISRAEL,N
23278,J_3,B7COLLECTIVEBLAME,N
23278,J_3,B7ISRAELAGENT,N
23278,J_3,B8FORCECONDEMN,N
23278,J_3,B9ISRAELLOYALTY,N
23278,J_3,B10JEWISHRIGHTS,N
34209,J_3,B6CHARACTERIZEISRAEL,N
34209,J_3,B7COLLECTIVEBLAME,N
34209,J_3,B7ISRAELAGENT,N
34209,J_3,B8FORCECONDEMN,N
34209,J_3,B9ISRAELLOYALTY,N
34209,J_3,B10JEWISHRIGHTS,N
37571,J_3,API_ERROR,errored
5727,J_3,API_ERROR,errored
27662,J_3,API_ERROR,errored
29054,J_3,API_ERROR,errored
12956,J_3,B6CHARACTERIZEISRAEL,N
12956,J_3,B7COLLECTIVEBLAME,N
12956,J_3,B7ISRAELAGENT,N
12956,J_3,B8FORCECONDEMN,N
12956,J_3,B9ISRAELLOYALTY,N
12956,J_3,B10JEWISHRIGHTS,N
12532,J_3,API_ERROR,errored
9095,J_3,API_ERROR,errored
3700,J_3,B6CHARACTERIZEISRAEL,N
3700,J_3,B7COLLECTIVEBLAME,N
3700,J_3,B7ISRAELAGENT,N
3700,J_3,B8FORCECONDEMN,N
3700,J_3,B9ISRAELLOYALTY,N
3700,J_3,B10JEWISHRIGHTS,N
45242,J_3,B6CHARACTERIZEISRAEL,N
45242,J_3,B7COLLECTIVEBLAME,N
45242,J_3,B7ISRAELAGENT,N
45242,J_3,B8FORCECONDEMN,N
45242,J_3,B9ISRAELLOYALTY,N
45242,J_3,B10JEWISHRIGHTS,N
45230,J_3,API_ERROR,errored
1899,J_3,B6CHARACTERIZEISRAEL,N
1899,J_3,B7COLLECTIVEBLAME,N
1899,J_3,B7ISRAELAGENT,N
1899,J_3,B8FORCECONDEMN,N
1899,J_3,B9ISRAELLOYALTY,N
1899,J_3,B10JEWISHRIGHTS,N
45921,J_3,B6CHARACTERIZEISRAEL,N
45921,J_3,B7COLLECTIVEBLAME,N
45921,J_3,B7ISRAELAGENT,N
45921,J_3,B8FORCECONDEMN,N
45921,J_3,B9ISRAELLOYALTY,N
45921,J_3,B10JEWISHRIGHTS,N
36818,J_3,API_ERROR,errored
30721,J_3,API_ERROR,errored
6767,J_3,B6CHARACTERIZEISRAEL,N
6767,J_3,B7COLLECTIVEBLAME,N
6767,J_3,B7ISRAELAGENT,N
6767,J_3,B8FORCECONDEMN,N
6767,J_3,B9ISRAELLOYALTY,N
6767,J_3,B10JEWISHRIGHTS,N
30715,J_3,B6CHARACTERIZEISRAEL,N
30715,J_3,B7COLLECTIVEBLAME,N
30715,J_3,B7ISRAELAGENT,N
30715,J_3,B8FORCECONDEMN,N
30715,J_3,B9ISRAELLOYALTY,N
30715,J_3,B10JEWISHRIGHTS,N
11514,J_3,B6CHARACTERIZEISRAEL,N
11514,J_3,B7COLLECTIVEBLAME,N
11514,J_3,B7ISRAELAGENT,N
11514,J_3,B8FORCECONDEMN,N
11514,J_3,B9ISRAELLOYALTY,N
11514,J_3,B10JEWISHRIGHTS,N
242,J_3,API_ERROR,errored
18557,J_3,API_ERROR,errored
1063,J_3,API_ERROR,errored
16812,J_3,B6CHARACTERIZEISRAEL,N
16812,J_3,B7COLLECTIVEBLAME,N
16812,J_3,B7ISRAELAGENT,N
16812,J_3,B8FORCECONDEMN,N
16812,J_3,B9ISRAELLOYALTY,N
16812,J_3,B10JEWISHRIGHTS,N
46874,J_3,API_ERROR,errored
37875,J_3,API_ERROR,errored
47217,J_3,API_ERROR,errored
34131,J_3,B6CHARACTERIZEISRAEL,N
34131,J_3,B7COLLECTIVEBLAME,N
34131,J_3,B7ISRAELAGENT,N
34131,J_3,B8FORCECONDEMN,N
34131,J_3,B9ISRAELLOYALTY,N
34131,J_3,B10JEWISHRIGHTS,N
9552,J_3,API_ERROR,errored
9746,J_3,B6CHARACTERIZEISRAEL,N
9746,J_3,B7COLLECTIVEBLAME,N
9746,J_3,B7ISRAELAGENT,N
9746,J_3,B8FORCECONDEMN,N
9746,J_3,B9ISRAELLOYALTY,N
9746,J_3,B10JEWISHRIGHTS,N
27507,J_3,API_ERROR,errored
1987,J_3,API_ERROR,errored
6273,J_3,B6CHARACTERIZEISRAEL,N
6273,J_3,B7COLLECTIVEBLAME,N
6273,J_3,B7ISRAELAGENT,N
6273,J_3,B8FORCECONDEMN,N
6273,J_3,B9ISRAELLOYALTY,N
6273,J_3,B10JEWISHRIGHTS,N
43226,J_3,B6CHARACTERIZEISRAEL,N
43226,J_3,B7COLLECTIVEBLAME,E
43226,J_3,B7ISRAELAGENT,N
43226,J_3,B8FORCECONDEMN,N
43226,J_3,B9ISRAELLOYALTY,N
43226,J_3,B10JEWISHRIGHTS,N
22343,J_3,B6CHARACTERIZEISRAEL,N
22343,J_3,B7COLLECTIVEBLAME,N
22343,J_3,B7ISRAELAGENT,N
22343,J_3,B8FORCECONDEMN,N
22343,J_3,B9ISRAELLOYALTY,N
22343,J_3,B10JEWISHRIGHTS,N
47016,J_3,API_ERROR,errored
5798,J_3,API_ERROR,errored
3107,J_3,B6CHARACTERIZEISRAEL,N
3107,J_3,B7COLLECTIVEBLAME,N
3107,J_3,B7ISRAELAGENT,N
3107,J_3,B8FORCECONDEMN,N
3107,J_3,B9ISRAELLOYALTY,N
3107,J_3,B10JEWISHRIGHTS,N
6785,J_3,API_ERROR,errored
33809,J_3,API_ERROR,errored
25126,J_3,API_ERROR,errored
47619,J_3,B6CHARACTERIZEISRAEL,N
47619,J_3,B7COLLECTIVEBLAME,N
47619,J_3,B7ISRAELAGENT,N
47619,J_3,B8FORCECONDEMN,N
47619,J_3,B9ISRAELLOYALTY,N
47619,J_3,B10JEWISHRIGHTS,N
27897,J_3,B6CHARACTERIZEISRAEL,N
27897,J_3,B7COLLECTIVEBLAME,N
27897,J_3,B7ISRAELAGENT,N
27897,J_3,B8FORCECONDEMN,N
27897,J_3,B9ISRAELLOYALTY,N
27897,J_3,B10JEWISHRIGHTS,N
7615,J_3,B6CHARACTERIZEISRAEL,N
7615,J_3,B7COLLECTIVEBLAME,N
7615,J_3,B7ISRAELAGENT,N
7615,J_3,B8FORCECONDEMN,N
7615,J_3,B9ISRAELLOYALTY,N
7615,J_3,B10JEWISHRIGHTS,N
10757,J_3,B6CHARACTERIZEISRAEL,N
10757,J_3,B7COLLECTIVEBLAME,N
10757,J_3,B7ISRAELAGENT,N
10757,J_3,B8FORCECONDEMN,N
10757,J_3,B9ISRAELLOYALTY,N
10757,J_3,B10JEWISHRIGHTS,N
27673,J_3,B6CHARACTERIZEISRAEL,N
27673,J_3,B7COLLECTIVEBLAME,N
27673,J_3,B7ISRAELAGENT,N
27673,J_3,B8FORCECONDEMN,N
27673,J_3,B9ISRAELLOYALTY,N
27673,J_3,B10JEWISHRIGHTS,N
27576,J_3,API_ERROR,errored
40663,J_3,API_ERROR,errored
16366,J_3,API_ERROR,errored
7885,J_3,API_ERROR,errored
34157,J_3,API_ERROR,errored
10179,J_3,API_ERROR,errored
49377,J_3,B6CHARACTERIZEISRAEL,N
49377,J_3,B7COLLECTIVEBLAME,N
49377,J_3,B7ISRAELAGENT,N
49377,J_3,B8FORCECONDEMN,N
49377,J_3,B9ISRAELLOYALTY,N
49377,J_3,B10JEWISHRIGHTS,N
22812,J_3,B6CHARACTERIZEISRAEL,N
22812,J_3,B7COLLECTIVEBLAME,N
22812,J_3,B7ISRAELAGENT,N
22812,J_3,B8FORCECONDEMN,N
22812,J_3,B9ISRAELLOYALTY,N
22812,J_3,B10JEWISHRIGHTS,N
9029,J_3,B6CHARACTERIZEISRAEL,A
9029,J_3,B7COLLECTIVEBLAME,A
9029,J_3,B7ISRAELAGENT,A
9029,J_3,B8FORCECONDEMN,N
9029,J_3,B9ISRAELLOYALTY,N
9029,J_3,B10JEWISHRIGHTS,A
44907,J_3,B6CHARACTERIZEISRAEL,N
44907,J_3,B7COLLECTIVEBLAME,N
44907,J_3,B7ISRAELAGENT,N
44907,J_3,B8FORCECONDEMN,N
44907,J_3,B9ISRAELLOYALTY,N
44907,J_3,B10JEWISHRIGHTS,N
49472,J_3,API_ERROR,errored
41849,J_3,API_ERROR,errored
45120,J_3,API_ERROR,errored
2874,J_3,B6CHARACTERIZEISRAEL,N
2874,J_3,B7COLLECTIVEBLAME,N
2874,J_3,B7ISRAELAGENT,N
2874,J_3,B8FORCECONDEMN,N
2874,J_3,B9ISRAELLOYALTY,N
2874,J_3,B10JEWISHRIGHTS,N
10769,J_3,API_ERROR,errored
22540,J_3,API_ERROR,errored
481,J_3,API_ERROR,errored
20050,J_3,B6CHARACTERIZEISRAEL,N
20050,J_3,B7COLLECTIVEBLAME,N
20050,J_3,B7ISRAELAGENT,N
20050,J_3,B8FORCECONDEMN,N
20050,J_3,B9ISRAELLOYALTY,N
20050,J_3,B10JEWISHRIGHTS,N
35874,J_3,B6CHARACTERIZEISRAEL,N
35874,J_3,B7COLLECTIVEBLAME,N
35874,J_3,B7ISRAELAGENT,N
35874,J_3,B8FORCECONDEMN,N
35874,J_3,B9ISRAELLOYALTY,N
35874,J_3,B10JEWISHRIGHTS,N
25549,J_3,API_ERROR,errored
269,J_3,B6CHARACTERIZEISRAEL,N
269,J_3,B7COLLECTIVEBLAME,N
269,J_3,B7ISRAELAGENT,N
269,J_3,B8FORCECONDEMN,N
269,J_3,B9ISRAELLOYALTY,N
269,J_3,B10JEWISHRIGHTS,N
45845,J_3,B6CHARACTERIZEISRAEL,N
45845,J_3,B7COLLECTIVEBLAME,N
45845,J_3,B7ISRAELAGENT,N
45845,J_3,B8FORCECONDEMN,N
45845,J_3,B9ISRAELLOYALTY,N
45845,J_3,B10JEWISHRIGHTS,N
26846,J_3,API_ERROR,errored
28857,J_3,API_ERROR,errored
2129,J_3,API_ERROR,errored
9758,J_3,B6CHARACTERIZEISRAEL,N
9758,J_3,B7COLLECTIVEBLAME,N
9758,J_3,B7ISRAELAGENT,N
9758,J_3,B8FORCECONDEMN,N
9758,J_3,B9ISRAELLOYALTY,N
9758,J_3,B10JEWISHRIGHTS,N
2935,J_3,B6CHARACTERIZEISRAEL,N
2935,J_3,B7COLLECTIVEBLAME,N
2935,J_3,B7ISRAELAGENT,N
2935,J_3,B8FORCECONDEMN,N
2935,J_3,B9ISRAELLOYALTY,N
2935,J_3,B10JEWISHRIGHTS,N
49202,J_3,B6CHARACTERIZEISRAEL,N
49202,J_3,B7COLLECTIVEBLAME,N
49202,J_3,B7ISRAELAGENT,N
49202,J_3,B8FORCECONDEMN,N
49202,J_3,B9ISRAELLOYALTY,N
49202,J_3,B10JEWISHRIGHTS,N
40688,J_3,API_ERROR,errored
40998,J_3,API_ERROR,errored
45752,J_3,API_ERROR,errored
981,J_3,API_ERROR,errored
24869,J_3,B6CHARACTERIZEISRAEL,E
24869,J_3,B7COLLECTIVEBLAME,N
24869,J_3,B7ISRAELAGENT,N
24869,J_3,B8FORCECONDEMN,N
24869,J_3,B9ISRAELLOYALTY,N
24869,J_3,B10JEWISHRIGHTS,I
2975,J_3,API_ERROR,errored
25110,J_3,B6CHARACTERIZEISRAEL,N
25110,J_3,B7COLLECTIVEBLAME,N
25110,J_3,B7ISRAELAGENT,N
25110,J_3,B8FORCECONDEMN,N
25110,J_3,B9ISRAELLOYALTY,N
25110,J_3,B10JEWISHRIGHTS,N
11354,J_3,API_ERROR,errored
47767,J_3,B6CHARACTERIZEISRAEL,N
47767,J_3,B7COLLECTIVEBLAME,N
47767,J_3,B7ISRAELAGENT,N
47767,J_3,B8FORCECONDEMN,N
47767,J_3,B9ISRAELLOYALTY,N
47767,J_3,B10JEWISHRIGHTS,N
43889,J_3,API_ERROR,errored
40961,J_3,B6CHARACTERIZEISRAEL,N
40961,J_3,B7COLLECTIVEBLAME,N
40961,J_3,B7ISRAELAGENT,N
40961,J_3,B8FORCECONDEMN,N
40961,J_3,B9ISRAELLOYALTY,N
40961,J_3,B10JEWISHRIGHTS,N
41396,J_3,B6CHARACTERIZEISRAEL,N
41396,J_3,B7COLLECTIVEBLAME,N
41396,J_3,B7ISRAELAGENT,N
41396,J_3,B8FORCECONDEMN,N
41396,J_3,B9ISRAELLOYALTY,N
41396,J_3,B10JEWISHRIGHTS,N
2565,J_3,API_ERROR,errored
29562,J_3,B6CHARACTERIZEISRAEL,N
29562,J_3,B7COLLECTIVEBLAME,A
29562,J_3,B7ISRAELAGENT,N
29562,J_3,B8FORCECONDEMN,N
29562,J_3,B9ISRAELLOYALTY,N
29562,J_3,B10JEWISHRIGHTS,N
11025,J_3,B6CHARACTERIZEISRAEL,N
11025,J_3,B7COLLECTIVEBLAME,N
11025,J_3,B7ISRAELAGENT,N
11025,J_3,B8FORCECONDEMN,N
11025,J_3,B9ISRAELLOYALTY,N
11025,J_3,B10JEWISHRIGHTS,N
18300,J_3,B6CHARACTERIZEISRAEL,N
18300,J_3,B7COLLECTIVEBLAME,N
18300,J_3,B7ISRAELAGENT,N
18300,J_3,B8FORCECONDEMN,N
18300,J_3,B9ISRAELLOYALTY,N
18300,J_3,B10JEWISHRIGHTS,N
20058,J_3,API_ERROR,errored
47578,J_3,B6CHARACTERIZEISRAEL,N
47578,J_3,B7COLLECTIVEBLAME,N
47578,J_3,B7ISRAELAGENT,N
47578,J_3,B8FORCECONDEMN,N
47578,J_3,B9ISRAELLOYALTY,N
47578,J_3,B10JEWISHRIGHTS,N
27751,J_3,API_ERROR,errored
41804,J_3,B6CHARACTERIZEISRAEL,N
41804,J_3,B7COLLECTIVEBLAME,N
41804,J_3,B7ISRAELAGENT,N
41804,J_3,B8FORCECONDEMN,N
41804,J_3,B9ISRAELLOYALTY,N
41804,J_3,B10JEWISHRIGHTS,N
16322,J_3,API_ERROR,errored
7958,J_3,API_ERROR,errored
46775,J_3,B6CHARACTERIZEISRAEL,N
46775,J_3,B7COLLECTIVEBLAME,N
46775,J_3,B7ISRAELAGENT,N
46775,J_3,B8FORCECONDEMN,N
46775,J_3,B9ISRAELLOYALTY,N
46775,J_3,B10JEWISHRIGHTS,I
19796,J_3,API_ERROR,errored
3677,J_3,API_ERROR,errored
4654,J_3,B6CHARACTERIZEISRAEL,N
4654,J_3,B7COLLECTIVEBLAME,N
4654,J_3,B7ISRAELAGENT,N
4654,J_3,B8FORCECONDEMN,N
4654,J_3,B9ISRAELLOYALTY,N
4654,J_3,B10JEWISHRIGHTS,N
9962,J_3,API_ERROR,errored
29130,J_3,API_ERROR,errored
16975,J_3,B6CHARACTERIZEISRAEL,N
16975,J_3,B7COLLECTIVEBLAME,N
16975,J_3,B7ISRAELAGENT,N
16975,J_3,B8FORCECONDEMN,N
16975,J_3,B9ISRAELLOYALTY,N
16975,J_3,B10JEWISHRIGHTS,N
13437,J_3,B6CHARACTERIZEISRAEL,N
13437,J_3,B7COLLECTIVEBLAME,N
13437,J_3,B7ISRAELAGENT,N
13437,J_3,B8FORCECONDEMN,N
13437,J_3,B9ISRAELLOYALTY,N
13437,J_3,B10JEWISHRIGHTS,N
34749,J_3,B6CHARACTERIZEISRAEL,N
34749,J_3,B7COLLECTIVEBLAME,N
34749,J_3,B7ISRAELAGENT,N
34749,J_3,B8FORCECONDEMN,N
34749,J_3,B9ISRAELLOYALTY,N
34749,J_3,B10JEWISHRIGHTS,N
27940,J_3,B6CHARACTERIZEISRAEL,N
27940,J_3,B7COLLECTIVEBLAME,A
27940,J_3,B7ISRAELAGENT,A
27940,J_3,B8FORCECONDEMN,N
27940,J_3,B9ISRAELLOYALTY,N
27940,J_3,B10JEWISHRIGHTS,N
36710,J_3,B6CHARACTERIZEISRAEL,N
36710,J_3,B7COLLECTIVEBLAME,N
36710,J_3,B7ISRAELAGENT,N
36710,J_3,B8FORCECONDEMN,N
36710,J_3,B9ISRAELLOYALTY,N
36710,J_3,B10JEWISHRIGHTS,N
49482,J_3,API_ERROR,errored
6827,J_3,API_ERROR,errored
25027,J_3,API_ERROR,errored
20320,J_3,API_ERROR,errored
41909,J_3,API_ERROR,errored
14140,J_3,B6CHARACTERIZEISRAEL,N
14140,J_3,B7COLLECTIVEBLAME,N
14140,J_3,B7ISRAELAGENT,N
14140,J_3,B8FORCECONDEMN,N
14140,J_3,B9ISRAELLOYALTY,N
14140,J_3,B10JEWISHRIGHTS,N
4558,J_3,API_ERROR,errored
10381,J_3,B6CHARACTERIZEISRAEL,N
10381,J_3,B7COLLECTIVEBLAME,N
10381,J_3,B7ISRAELAGENT,N
10381,J_3,B8FORCECONDEMN,N
10381,J_3,B9ISRAELLOYALTY,N
10381,J_3,B10JEWISHRIGHTS,N
27558,J_3,B6CHARACTERIZEISRAEL,N
27558,J_3,B7COLLECTIVEBLAME,N
27558,J_3,B7ISRAELAGENT,N
27558,J_3,B8FORCECONDEMN,N
27558,J_3,B9ISRAELLOYALTY,N
27558,J_3,B10JEWISHRIGHTS,I
47711,J_3,API_ERROR,errored
4318,J_3,API_ERROR,errored
4811,J_3,API_ERROR,errored
12075,J_3,API_ERROR,errored
792,J_3,B6CHARACTERIZEISRAEL,N
792,J_3,B7COLLECTIVEBLAME,N
792,J_3,B7ISRAELAGENT,N
792,J_3,B8FORCECONDEMN,N
792,J_3,B9ISRAELLOYALTY,N
792,J_3,B10JEWISHRIGHTS,N
15808,J_3,API_ERROR,errored
7460,J_3,B6CHARACTERIZEISRAEL,N
7460,J_3,B7COLLECTIVEBLAME,N
7460,J_3,B7ISRAELAGENT,N
7460,J_3,B8FORCECONDEMN,N
7460,J_3,B9ISRAELLOYALTY,N
7460,J_3,B10JEWISHRIGHTS,E
49450,J_3,API_ERROR,errored
46036,J_3,API_ERROR,errored
48510,J_3,B6CHARACTERIZEISRAEL,N
48510,J_3,B7COLLECTIVEBLAME,N
48510,J_3,B7ISRAELAGENT,N
48510,J_3,B8FORCECONDEMN,N
48510,J_3,B9ISRAELLOYALTY,N
48510,J_3,B10JEWISHRIGHTS,N
44611,J_3,B6CHARACTERIZEISRAEL,N
44611,J_3,B7COLLECTIVEBLAME,N
44611,J_3,B7ISRAELAGENT,N
44611,J_3,B8FORCECONDEMN,N
44611,J_3,B9ISRAELLOYALTY,N
44611,J_3,B10JEWISHRIGHTS,N
36501,J_3,B6CHARACTERIZEISRAEL,N
36501,J_3,B7COLLECTIVEBLAME,N
36501,J_3,B7ISRAELAGENT,N
36501,J_3,B8FORCECONDEMN,N
36501,J_3,B9ISRAELLOYALTY,N
36501,J_3,B10JEWISHRIGHTS,N
15805,J_3,API_ERROR,errored
2964,J_3,B6CHARACTERIZEISRAEL,N
2964,J_3,B7COLLECTIVEBLAME,N
2964,J_3,B7ISRAELAGENT,N
2964,J_3,B8FORCECONDEMN,N
2964,J_3,B9ISRAELLOYALTY,N
2964,J_3,B10JEWISHRIGHTS,N
45718,J_3,API_ERROR,errored
33238,J_3,B6CHARACTERIZEISRAEL,N
33238,J_3,B7COLLECTIVEBLAME,N
33238,J_3,B7ISRAELAGENT,N
33238,J_3,B8FORCECONDEMN,N
33238,J_3,B9ISRAELLOYALTY,N
33238,J_3,B10JEWISHRIGHTS,N
40679,J_3,B6CHARACTERIZEISRAEL,N
40679,J_3,B7COLLECTIVEBLAME,N
40679,J_3,B7ISRAELAGENT,N
40679,J_3,B8FORCECONDEMN,N
40679,J_3,B9ISRAELLOYALTY,N
40679,J_3,B10JEWISHRIGHTS,N
20029,J_3,B6CHARACTERIZEISRAEL,N
20029,J_3,B7COLLECTIVEBLAME,N
20029,J_3,B7ISRAELAGENT,N
20029,J_3,B8FORCECONDEMN,N
20029,J_3,B9ISRAELLOYALTY,N
20029,J_3,B10JEWISHRIGHTS,N
32926,J_3,API_ERROR,errored
47297,J_3,API_ERROR,errored
17045,J_3,API_ERROR,errored
28276,J_3,B6CHARACTERIZEISRAEL,N
28276,J_3,B7COLLECTIVEBLAME,N
28276,J_3,B7ISRAELAGENT,N
28276,J_3,B8FORCECONDEMN,N
28276,J_3,B9ISRAELLOYALTY,N
28276,J_3,B10JEWISHRIGHTS,N
31519,J_3,API_ERROR,errored
37994,J_3,API_ERROR,errored
34747,J_3,B6CHARACTERIZEISRAEL,N
34747,J_3,B7COLLECTIVEBLAME,N
34747,J_3,B7ISRAELAGENT,N
34747,J_3,B8FORCECONDEMN,N
34747,J_3,B9ISRAELLOYALTY,N
34747,J_3,B10JEWISHRIGHTS,N
5056,J_3,B6CHARACTERIZEISRAEL,N
5056,J_3,B7COLLECTIVEBLAME,N
5056,J_3,B7ISRAELAGENT,N
5056,J_3,B8FORCECONDEMN,N
5056,J_3,B9ISRAELLOYALTY,N
5056,J_3,B10JEWISHRIGHTS,N
25108,J_3,B6CHARACTERIZEISRAEL,N
25108,J_3,B7COLLECTIVEBLAME,N
25108,J_3,B7ISRAELAGENT,N
25108,J_3,B8FORCECONDEMN,N
25108,J_3,B9ISRAELLOYALTY,N
25108,J_3,B10JEWISHRIGHTS,N
43887,J_3,B6CHARACTERIZEISRAEL,N
43887,J_3,B7COLLECTIVEBLAME,N
43887,J_3,B7ISRAELAGENT,N
43887,J_3,B8FORCECONDEMN,N
43887,J_3,B9ISRAELLOYALTY,N
43887,J_3,B10JEWISHRIGHTS,N
24740,J_3,API_ERROR,errored
49357,J_3,API_ERROR,errored
5260,J_3,API_ERROR,errored
27513,J_3,B6CHARACTERIZEISRAEL,N
27513,J_3,B7COLLECTIVEBLAME,N
27513,J_3,B7ISRAELAGENT,N
27513,J_3,B8FORCECONDEMN,N
27513,J_3,B9ISRAELLOYALTY,N
27513,J_3,B10JEWISHRIGHTS,N
18722,J_3,API_ERROR,errored
2721,J_3,B6CHARACTERIZEISRAEL,N
2721,J_3,B7COLLECTIVEBLAME,N
2721,J_3,B7ISRAELAGENT,N
2721,J_3,B8FORCECONDEMN,N
2721,J_3,B9ISRAELLOYALTY,N
2721,J_3,B10JEWISHRIGHTS,N
34192,J_3,API_ERROR,errored
18445,J_3,B6CHARACTERIZEISRAEL,N
18445,J_3,B7COLLECTIVEBLAME,N
18445,J_3,B7ISRAELAGENT,N
18445,J_3,B8FORCECONDEMN,N
18445,J_3,B9ISRAELLOYALTY,N
18445,J_3,B10JEWISHRIGHTS,N
41393,J_3,API_ERROR,errored
9521,J_3,API_ERROR,errored
5948,J_3,B6CHARACTERIZEISRAEL,N
5948,J_3,B7COLLECTIVEBLAME,N
5948,J_3,B7ISRAELAGENT,N
5948,J_3,B8FORCECONDEMN,N
5948,J_3,B9ISRAELLOYALTY,N
5948,J_3,B10JEWISHRIGHTS,N
16663,J_3,B6CHARACTERIZEISRAEL,N
16663,J_3,B7COLLECTIVEBLAME,N
16663,J_3,B7ISRAELAGENT,N
16663,J_3,B8FORCECONDEMN,N
16663,J_3,B9ISRAELLOYALTY,N
16663,J_3,B10JEWISHRIGHTS,N
32150,J_3,API_ERROR,errored
36322,J_3,B6CHARACTERIZEISRAEL,N
36322,J_3,B7COLLECTIVEBLAME,N
36322,J_3,B7ISRAELAGENT,N
36322,J_3,B8FORCECONDEMN,N
36322,J_3,B9ISRAELLOYALTY,N
36322,J_3,B10JEWISHRIGHTS,N
31024,J_3,B6CHARACTERIZEISRAEL,N
31024,J_3,B7COLLECTIVEBLAME,N
31024,J_3,B7ISRAELAGENT,N
31024,J_3,B8FORCECONDEMN,N
31024,J_3,B9ISRAELLOYALTY,N
31024,J_3,B10JEWISHRIGHTS,N
10796,J_3,B6CHARACTERIZEISRAEL,N
10796,J_3,B7COLLECTIVEBLAME,N
10796,J_3,B7ISRAELAGENT,N
10796,J_3,B8FORCECONDEMN,N
10796,J_3,B9ISRAELLOYALTY,N
10796,J_3,B10JEWISHRIGHTS,N
13708,J_3,API_ERROR,errored
23689,J_3,API_ERROR,errored
36873,J_3,API_ERROR,errored
45215,J_3,API_ERROR,errored
29557,J_3,API_ERROR,errored
30316,J_3,API_ERROR,errored
14634,J_3,B6CHARACTERIZEISRAEL,N
14634,J_3,B7COLLECTIVEBLAME,N
14634,J_3,B7ISRAELAGENT,N
14634,J_3,B8FORCECONDEMN,N
14634,J_3,B9ISRAELLOYALTY,N
14634,J_3,B10JEWISHRIGHTS,N
42641,J_3,API_ERROR,errored
12030,J_3,API_ERROR,errored
33666,J_3,API_ERROR,errored
6034,J_3,API_ERROR,errored
16196,J_3,API_ERROR,errored
47942,J_3,B6CHARACTERIZEISRAEL,I
47942,J_3,B7COLLECTIVEBLAME,N
47942,J_3,B7ISRAELAGENT,N
47942,J_3,B8FORCECONDEMN,N
47942,J_3,B9ISRAELLOYALTY,N
47942,J_3,B10JEWISHRIGHTS,I
42450,J_3,API_ERROR,errored
15820,J_3,API_ERROR,errored
26341,J_3,B6CHARACTERIZEISRAEL,N
26341,J_3,B7COLLECTIVEBLAME,N
26341,J_3,B7ISRAELAGENT,N
26341,J_3,B8FORCECONDEMN,N
26341,J_3,B9ISRAELLOYALTY,N
26341,J_3,B10JEWISHRIGHTS,N
28147,J_3,B6CHARACTERIZEISRAEL,N
28147,J_3,B7COLLECTIVEBLAME,N
28147,J_3,B7ISRAELAGENT,N
28147,J_3,B8FORCECONDEMN,N
28147,J_3,B9ISRAELLOYALTY,N
28147,J_3,B10JEWISHRIGHTS,N
32751,J_3,B6CHARACTERIZEISRAEL,N
32751,J_3,B7COLLECTIVEBLAME,N
32751,J_3,B7ISRAELAGENT,N
32751,J_3,B8FORCECONDEMN,N
32751,J_3,B9ISRAELLOYALTY,N
32751,J_3,B10JEWISHRIGHTS,I
2512,J_3,B6CHARACTERIZEISRAEL,N
2512,J_3,B7COLLECTIVEBLAME,N
2512,J_3,B7ISRAELAGENT,N
2512,J_3,B8FORCECONDEMN,N
2512,J_3,B9ISRAELLOYALTY,N
2512,J_3,B10JEWISHRIGHTS,N
27027,J_3,API_ERROR,errored
20018,J_3,API_ERROR,errored
14605,J_3,API_ERROR,errored
26593,J_3,B6CHARACTERIZEISRAEL,N
26593,J_3,B7COLLECTIVEBLAME,N
26593,J_3,B7ISRAELAGENT,N
26593,J_3,B8FORCECONDEMN,N
26593,J_3,B9ISRAELLOYALTY,N
26593,J_3,B10JEWISHRIGHTS,N
17469,J_3,B6CHARACTERIZEISRAEL,N
17469,J_3,B7COLLECTIVEBLAME,N
17469,J_3,B7ISRAELAGENT,N
17469,J_3,B8FORCECONDEMN,N
17469,J_3,B9ISRAELLOYALTY,N
17469,J_3,B10JEWISHRIGHTS,N
20023,J_3,API_ERROR,errored
7085,J_3,B6CHARACTERIZEISRAEL,N
7085,J_3,B7COLLECTIVEBLAME,N
7085,J_3,B7ISRAELAGENT,N
7085,J_3,B8FORCECONDEMN,N
7085,J_3,B9ISRAELLOYALTY,N
7085,J_3,B10JEWISHRIGHTS,N
6378,J_3,B6CHARACTERIZEISRAEL,N
6378,J_3,B7COLLECTIVEBLAME,N
6378,J_3,B7ISRAELAGENT,N
6378,J_3,B8FORCECONDEMN,N
6378,J_3,B9ISRAELLOYALTY,N
6378,J_3,B10JEWISHRIGHTS,N
20013,J_3,B6CHARACTERIZEISRAEL,N
20013,J_3,B7COLLECTIVEBLAME,N
20013,J_3,B7ISRAELAGENT,N
20013,J_3,B8FORCECONDEMN,N
20013,J_3,B9ISRAELLOYALTY,N
20013,J_3,B10JEWISHRIGHTS,N
26971,J_3,B6CHARACTERIZEISRAEL,N
26971,J_3,B7COLLECTIVEBLAME,N
26971,J_3,B7ISRAELAGENT,N
26971,J_3,B8FORCECONDEMN,N
26971,J_3,B9ISRAELLOYALTY,N
26971,J_3,B10JEWISHRIGHTS,N
42926,J_3,B6CHARACTERIZEISRAEL,N
42926,J_3,B7COLLECTIVEBLAME,N
42926,J_3,B7ISRAELAGENT,N
42926,J_3,B8FORCECONDEMN,N
42926,J_3,B9ISRAELLOYALTY,N
42926,J_3,B10JEWISHRIGHTS,N
18839,J_3,B6CHARACTERIZEISRAEL,N
18839,J_3,B7COLLECTIVEBLAME,N
18839,J_3,B7ISRAELAGENT,N
18839,J_3,B8FORCECONDEMN,N
18839,J_3,B9ISRAELLOYALTY,N
18839,J_3,B10JEWISHRIGHTS,N
4477,J_3,B6CHARACTERIZEISRAEL,N
4477,J_3,B7COLLECTIVEBLAME,N
4477,J_3,B7ISRAELAGENT,N
4477,J_3,B8FORCECONDEMN,N
4477,J_3,B9ISRAELLOYALTY,N
4477,J_3,B10JEWISHRIGHTS,N
20020,J_3,B6CHARACTERIZEISRAEL,N
20020,J_3,B7COLLECTIVEBLAME,N
20020,J_3,B7ISRAELAGENT,N
20020,J_3,B8FORCECONDEMN,N
20020,J_3,B9ISRAELLOYALTY,N
20020,J_3,B10JEWISHRIGHTS,N
42757,J_3,B6CHARACTERIZEISRAEL,N
42757,J_3,B7COLLECTIVEBLAME,N
42757,J_3,B7ISRAELAGENT,N
42757,J_3,B8FORCECONDEMN,N
42757,J_3,B9ISRAELLOYALTY,N
42757,J_3,B10JEWISHRIGHTS,N
13029,J_3,B6CHARACTERIZEISRAEL,N
13029,J_3,B7COLLECTIVEBLAME,N
13029,J_3,B7ISRAELAGENT,N
13029,J_3,B8FORCECONDEMN,N
13029,J_3,B9ISRAELLOYALTY,N
13029,J_3,B10JEWISHRIGHTS,I
34099,J_3,B6CHARACTERIZEISRAEL,N
34099,J_3,B7COLLECTIVEBLAME,N
34099,J_3,B7ISRAELAGENT,N
34099,J_3,B8FORCECONDEMN,N
34099,J_3,B9ISRAELLOYALTY,N
34099,J_3,B10JEWISHRIGHTS,N
32694,J_3,API_ERROR,errored
25845,J_3,API_ERROR,errored
31029,J_3,API_ERROR,errored
42879,J_3,API_ERROR,errored
6356,J_3,B6CHARACTERIZEISRAEL,N
6356,J_3,B7COLLECTIVEBLAME,N
6356,J_3,B7ISRAELAGENT,N
6356,J_3,B8FORCECONDEMN,N
6356,J_3,B9ISRAELLOYALTY,N
6356,J_3,B10JEWISHRIGHTS,N
5071,J_3,B6CHARACTERIZEISRAEL,N
5071,J_3,B7COLLECTIVEBLAME,N
5071,J_3,B7ISRAELAGENT,N
5071,J_3,B8FORCECONDEMN,N
5071,J_3,B9ISRAELLOYALTY,N
5071,J_3,B10JEWISHRIGHTS,N
31622,J_3,B6CHARACTERIZEISRAEL,N
31622,J_3,B7COLLECTIVEBLAME,N
31622,J_3,B7ISRAELAGENT,N
31622,J_3,B8FORCECONDEMN,N
31622,J_3,B9ISRAELLOYALTY,N
31622,J_3,B10JEWISHRIGHTS,N
45694,J_3,B6CHARACTERIZEISRAEL,N
45694,J_3,B7COLLECTIVEBLAME,N
45694,J_3,B7ISRAELAGENT,N
45694,J_3,B8FORCECONDEMN,N
45694,J_3,B9ISRAELLOYALTY,N
45694,J_3,B10JEWISHRIGHTS,N
9481,J_3,B6CHARACTERIZEISRAEL,N
9481,J_3,B7COLLECTIVEBLAME,N
9481,J_3,B7ISRAELAGENT,N
9481,J_3,B8FORCECONDEMN,N
9481,J_3,B9ISRAELLOYALTY,N
9481,J_3,B10JEWISHRIGHTS,N
42123,J_3,B6CHARACTERIZEISRAEL,N
42123,J_3,B7COLLECTIVEBLAME,N
42123,J_3,B7ISRAELAGENT,N
42123,J_3,B8FORCECONDEMN,N
42123,J_3,B9ISRAELLOYALTY,N
42123,J_3,B10JEWISHRIGHTS,N
5094,J_3,API_ERROR,errored
45158,J_3,API_ERROR,errored
42897,J_3,API_ERROR,errored
36849,J_3,API_ERROR,errored
49992,J_3,API_ERROR,errored
45262,J_3,API_ERROR,errored
26375,J_3,API_ERROR,errored
29288,J_3,API_ERROR,errored
34075,J_3,API_ERROR,errored
3225,J_3,API_ERROR,errored
34874,J_3,B6CHARACTERIZEISRAEL,N
34874,J_3,B7COLLECTIVEBLAME,I
34874,J_3,B7ISRAELAGENT,N
34874,J_3,B8FORCECONDEMN,N
34874,J_3,B9ISRAELLOYALTY,N
34874,J_3,B10JEWISHRIGHTS,N
20707,J_3,B6CHARACTERIZEISRAEL,N
20707,J_3,B7COLLECTIVEBLAME,N
20707,J_3,B7ISRAELAGENT,N
20707,J_3,B8FORCECONDEMN,N
20707,J_3,B9ISRAELLOYALTY,N
20707,J_3,B10JEWISHRIGHTS,N
13591,J_3,API_ERROR,errored
995,J_3,B6CHARACTERIZEISRAEL,N
995,J_3,B7COLLECTIVEBLAME,N
995,J_3,B7ISRAELAGENT,N
995,J_3,B8FORCECONDEMN,N
995,J_3,B9ISRAELLOYALTY,N
995,J_3,B10JEWISHRIGHTS,N
3244,J_3,B6CHARACTERIZEISRAEL,N
3244,J_3,B7COLLECTIVEBLAME,N
3244,J_3,B7ISRAELAGENT,N
3244,J_3,B8FORCECONDEMN,N
3244,J_3,B9ISRAELLOYALTY,N
3244,J_3,B10JEWISHRIGHTS,N
30079,J_3,B6CHARACTERIZEISRAEL,N
30079,J_3,B7COLLECTIVEBLAME,N
30079,J_3,B7ISRAELAGENT,N
30079,J_3,B8FORCECONDEMN,N
30079,J_3,B9ISRAELLOYALTY,N
30079,J_3,B10JEWISHRIGHTS,N
7136,J_3,API_ERROR,errored
30140,J_3,B6CHARACTERIZEISRAEL,N
30140,J_3,B7COLLECTIVEBLAME,N
30140,J_3,B7ISRAELAGENT,N
30140,J_3,B8FORCECONDEMN,N
30140,J_3,B9ISRAELLOYALTY,N
30140,J_3,B10JEWISHRIGHTS,N
48944,J_3,API_ERROR,errored
31555,J_3,API_ERROR,errored
9592,J_3,API_ERROR,errored
8233,J_3,B6CHARACTERIZEISRAEL,N
8233,J_3,B7COLLECTIVEBLAME,N
8233,J_3,B7ISRAELAGENT,N
8233,J_3,B8FORCECONDEMN,N
8233,J_3,B9ISRAELLOYALTY,N
8233,J_3,B10JEWISHRIGHTS,N
29771,J_3,API_ERROR,errored
47178,J_3,API_ERROR,errored
48295,J_3,B6CHARACTERIZEISRAEL,N
48295,J_3,B7COLLECTIVEBLAME,N
48295,J_3,B7ISRAELAGENT,N
48295,J_3,B8FORCECONDEMN,N
48295,J_3,B9ISRAELLOYALTY,N
48295,J_3,B10JEWISHRIGHTS,N
37529,J_3,API_ERROR,errored
40323,J_3,API_ERROR,errored
5416,J_3,API_ERROR,errored
14471,J_3,B6CHARACTERIZEISRAEL,N
14471,J_3,B7COLLECTIVEBLAME,N
14471,J_3,B7ISRAELAGENT,N
14471,J_3,B8FORCECONDEMN,N
14471,J_3,B9ISRAELLOYALTY,N
14471,J_3,B10JEWISHRIGHTS,N
5975,J_3,API_ERROR,errored
47998,J_3,B6CHARACTERIZEISRAEL,N
47998,J_3,B7COLLECTIVEBLAME,N
47998,J_3,B7ISRAELAGENT,N
47998,J_3,B8FORCECONDEMN,N
47998,J_3,B9ISRAELLOYALTY,N
47998,J_3,B10JEWISHRIGHTS,N
30044,J_3,B6CHARACTERIZEISRAEL,N
30044,J_3,B7COLLECTIVEBLAME,N
30044,J_3,B7ISRAELAGENT,N
30044,J_3,B8FORCECONDEMN,N
30044,J_3,B9ISRAELLOYALTY,N
30044,J_3,B10JEWISHRIGHTS,N
3553,J_3,API_ERROR,errored
35136,J_3,B6CHARACTERIZEISRAEL,N
35136,J_3,B7COLLECTIVEBLAME,N
35136,J_3,B7ISRAELAGENT,N
35136,J_3,B8FORCECONDEMN,N
35136,J_3,B9ISRAELLOYALTY,N
35136,J_3,B10JEWISHRIGHTS,N
31815,J_3,API_ERROR,errored
17090,J_3,API_ERROR,errored
4331,J_3,API_ERROR,errored
7061,J_3,API_ERROR,errored
14488,J_3,B6CHARACTERIZEISRAEL,N
14488,J_3,B7COLLECTIVEBLAME,N
14488,J_3,B7ISRAELAGENT,N
14488,J_3,B8FORCECONDEMN,N
14488,J_3,B9ISRAELLOYALTY,N
14488,J_3,B10JEWISHRIGHTS,N
25695,J_3,B6CHARACTERIZEISRAEL,N
25695,J_3,B7COLLECTIVEBLAME,N
25695,J_3,B7ISRAELAGENT,N
25695,J_3,B8FORCECONDEMN,N
25695,J_3,B9ISRAELLOYALTY,N
25695,J_3,B10JEWISHRIGHTS,N
10345,J_3,API_ERROR,errored
3722,J_3,API_ERROR,errored
6874,J_3,API_ERROR,errored
21585,J_3,API_ERROR,errored
11625,J_3,B6CHARACTERIZEISRAEL,N
11625,J_3,B7COLLECTIVEBLAME,N
11625,J_3,B7ISRAELAGENT,N
11625,J_3,B8FORCECONDEMN,N
11625,J_3,B9ISRAELLOYALTY,N
11625,J_3,B10JEWISHRIGHTS,N
10005,J_3,API_ERROR,errored
45637,J_3,API_ERROR,errored
12805,J_3,API_ERROR,errored
14935,J_3,B6CHARACTERIZEISRAEL,N
14935,J_3,B7COLLECTIVEBLAME,N
14935,J_3,B7ISRAELAGENT,N
14935,J_3,B8FORCECONDEMN,N
14935,J_3,B9ISRAELLOYALTY,N
14935,J_3,B10JEWISHRIGHTS,N
10575,J_3,API_ERROR,errored
18609,J_3,B6CHARACTERIZEISRAEL,N
18609,J_3,B7COLLECTIVEBLAME,N
18609,J_3,B7ISRAELAGENT,N
18609,J_3,B8FORCECONDEMN,N
18609,J_3,B9ISRAELLOYALTY,N
18609,J_3,B10JEWISHRIGHTS,N
6389,J_3,API_ERROR,errored
20576,J_3,API_ERROR,errored
22971,J_3,API_ERROR,errored
37170,J_3,B6CHARACTERIZEISRAEL,N
37170,J_3,B7COLLECTIVEBLAME,N
37170,J_3,B7ISRAELAGENT,N
37170,J_3,B8FORCECONDEMN,N
37170,J_3,B9ISRAELLOYALTY,N
37170,J_3,B10JEWISHRIGHTS,N
46313,J_3,API_ERROR,errored
48574,J_3,API_ERROR,errored
44336,J_3,B6CHARACTERIZEISRAEL,N
44336,J_3,B7COLLECTIVEBLAME,N
44336,J_3,B7ISRAELAGENT,N
44336,J_3,B8FORCECONDEMN,N
44336,J_3,B9ISRAELLOYALTY,N
44336,J_3,B10JEWISHRIGHTS,N
326,J_3,API_ERROR,errored
32636,J_3,API_ERROR,errored
42099,J_3,B6CHARACTERIZEISRAEL,N
42099,J_3,B7COLLECTIVEBLAME,N
42099,J_3,B7ISRAELAGENT,N
42099,J_3,B8FORCECONDEMN,N
42099,J_3,B9ISRAELLOYALTY,N
42099,J_3,B10JEWISHRIGHTS,N
1450,J_3,API_ERROR,errored
32785,J_3,API_ERROR,errored
19154,J_3,B6CHARACTERIZEISRAEL,N
19154,J_3,B7COLLECTIVEBLAME,N
19154,J_3,B7ISRAELAGENT,N
19154,J_3,B8FORCECONDEMN,N
19154,J_3,B9ISRAELLOYALTY,N
19154,J_3,B10JEWISHRIGHTS,N
31557,J_3,B6CHARACTERIZEISRAEL,N
31557,J_3,B7COLLECTIVEBLAME,N
31557,J_3,B7ISRAELAGENT,N
31557,J_3,B8FORCECONDEMN,N
31557,J_3,B9ISRAELLOYALTY,N
31557,J_3,B10JEWISHRIGHTS,N
46256,J_3,B6CHARACTERIZEISRAEL,N
46256,J_3,B7COLLECTIVEBLAME,E
46256,J_3,B7ISRAELAGENT,N
46256,J_3,B8FORCECONDEMN,N
46256,J_3,B9ISRAELLOYALTY,N
46256,J_3,B10JEWISHRIGHTS,N
8563,J_3,B6CHARACTERIZEISRAEL,N
8563,J_3,B7COLLECTIVEBLAME,N
8563,J_3,B7ISRAELAGENT,N
8563,J_3,B8FORCECONDEMN,N
8563,J_3,B9ISRAELLOYALTY,N
8563,J_3,B10JEWISHRIGHTS,N
42025,J_3,API_ERROR,errored
1594,J_3,B6CHARACTERIZEISRAEL,N
1594,J_3,B7COLLECTIVEBLAME,N
1594,J_3,B7ISRAELAGENT,N
1594,J_3,B8FORCECONDEMN,N
1594,J_3,B9ISRAELLOYALTY,N
1594,J_3,B10JEWISHRIGHTS,N
14847,J_3,API_ERROR,errored
12248,J_3,B6CHARACTERIZEISRAEL,N
12248,J_3,B7COLLECTIVEBLAME,N
12248,J_3,B7ISRAELAGENT,N
12248,J_3,B8FORCECONDEMN,N
12248,J_3,B9ISRAELLOYALTY,N
12248,J_3,B10JEWISHRIGHTS,N
1075,J_3,API_ERROR,errored
8612,J_3,API_ERROR,errored
34323,J_3,B6CHARACTERIZEISRAEL,N
34323,J_3,B7COLLECTIVEBLAME,N
34323,J_3,B7ISRAELAGENT,N
34323,J_3,B8FORCECONDEMN,N
34323,J_3,B9ISRAELLOYALTY,N
34323,J_3,B10JEWISHRIGHTS,N
10735,J_3,B6CHARACTERIZEISRAEL,N
10735,J_3,B7COLLECTIVEBLAME,N
10735,J_3,B7ISRAELAGENT,N
10735,J_3,B8FORCECONDEMN,N
10735,J_3,B9ISRAELLOYALTY,N
10735,J_3,B10JEWISHRIGHTS,N
44599,J_3,API_ERROR,errored
321,J_3,B6CHARACTERIZEISRAEL,N
321,J_3,B7COLLECTIVEBLAME,N
321,J_3,B7ISRAELAGENT,N
321,J_3,B8FORCECONDEMN,N
321,J_3,B9ISRAELLOYALTY,N
321,J_3,B10JEWISHRIGHTS,N
25453,J_3,API_ERROR,errored
31274,J_3,API_ERROR,errored
9917,J_3,API_ERROR,errored
3953,J_3,API_ERROR,errored
27378,J_3,B6CHARACTERIZEISRAEL,N
27378,J_3,B7COLLECTIVEBLAME,N
27378,J_3,B7ISRAELAGENT,N
27378,J_3,B8FORCECONDEMN,N
27378,J_3,B9ISRAELLOYALTY,N
27378,J_3,B10JEWISHRIGHTS,N
30101,J_3,B6CHARACTERIZEISRAEL,N
30101,J_3,B7COLLECTIVEBLAME,N
30101,J_3,B7ISRAELAGENT,N
30101,J_3,B8FORCECONDEMN,N
30101,J_3,B9ISRAELLOYALTY,N
30101,J_3,B10JEWISHRIGHTS,N
43275,J_3,API_ERROR,errored
46621,J_3,API_ERROR,errored
14792,J_3,B6CHARACTERIZEISRAEL,N
14792,J_3,B7COLLECTIVEBLAME,N
14792,J_3,B7ISRAELAGENT,N
14792,J_3,B8FORCECONDEMN,N
14792,J_3,B9ISRAELLOYALTY,N
14792,J_3,B10JEWISHRIGHTS,N
29651,J_3,API_ERROR,errored
49905,J_3,API_ERROR,errored
18816,J_3,API_ERROR,errored
2920,J_3,API_ERROR,errored
13273,J_3,B6CHARACTERIZEISRAEL,N
13273,J_3,B7COLLECTIVEBLAME,N
13273,J_3,B7ISRAELAGENT,N
13273,J_3,B8FORCECONDEMN,N
13273,J_3,B9ISRAELLOYALTY,N
13273,J_3,B10JEWISHRIGHTS,N
31095,J_3,B6CHARACTERIZEISRAEL,N
31095,J_3,B7COLLECTIVEBLAME,N
31095,J_3,B7ISRAELAGENT,N
31095,J_3,B8FORCECONDEMN,N
31095,J_3,B9ISRAELLOYALTY,N
31095,J_3,B10JEWISHRIGHTS,N
47419,J_3,B6CHARACTERIZEISRAEL,N
47419,J_3,B7COLLECTIVEBLAME,N
47419,J_3,B7ISRAELAGENT,N
47419,J_3,B8FORCECONDEMN,N
47419,J_3,B9ISRAELLOYALTY,N
47419,J_3,B10JEWISHRIGHTS,N
39465,J_3,API_ERROR,errored
23854,J_3,B6CHARACTERIZEISRAEL,N
23854,J_3,B7COLLECTIVEBLAME,N
23854,J_3,B7ISRAELAGENT,N
23854,J_3,B8FORCECONDEMN,N
23854,J_3,B9ISRAELLOYALTY,N
23854,J_3,B10JEWISHRIGHTS,N
7878,J_3,B6CHARACTERIZEISRAEL,N
7878,J_3,B7COLLECTIVEBLAME,N
7878,J_3,B7ISRAELAGENT,N
7878,J_3,B8FORCECONDEMN,N
7878,J_3,B9ISRAELLOYALTY,N
7878,J_3,B10JEWISHRIGHTS,N
31074,J_3,B6CHARACTERIZEISRAEL,N
31074,J_3,B7COLLECTIVEBLAME,N
31074,J_3,B7ISRAELAGENT,N
31074,J_3,B8FORCECONDEMN,N
31074,J_3,B9ISRAELLOYALTY,N
31074,J_3,B10JEWISHRIGHTS,N
32438,J_3,B6CHARACTERIZEISRAEL,N
32438,J_3,B7COLLECTIVEBLAME,N
32438,J_3,B7ISRAELAGENT,N
32438,J_3,B8FORCECONDEMN,N
32438,J_3,B9ISRAELLOYALTY,N
32438,J_3,B10JEWISHRIGHTS,N
49271,J_3,API_ERROR,errored
43431,J_3,API_ERROR,errored
788,J_3,B6CHARACTERIZEISRAEL,N
788,J_3,B7COLLECTIVEBLAME,N
788,J_3,B7ISRAELAGENT,N
788,J_3,B8FORCECONDEMN,N
788,J_3,B9ISRAELLOYALTY,N
788,J_3,B10JEWISHRIGHTS,N
20055,J_3,API_ERROR,errored
12837,J_3,API_ERROR,errored
44949,J_3,B6CHARACTERIZEISRAEL,N
44949,J_3,B7COLLECTIVEBLAME,N
44949,J_3,B7ISRAELAGENT,N
44949,J_3,B8FORCECONDEMN,N
44949,J_3,B9ISRAELLOYALTY,N
44949,J_3,B10JEWISHRIGHTS,N
5331,J_3,API_ERROR,errored
32379,J_3,API_ERROR,errored
28567,J_3,API_ERROR,errored
40797,J_3,B6CHARACTERIZEISRAEL,N
40797,J_3,B7COLLECTIVEBLAME,N
40797,J_3,B7ISRAELAGENT,N
40797,J_3,B8FORCECONDEMN,N
40797,J_3,B9ISRAELLOYALTY,N
40797,J_3,B10JEWISHRIGHTS,N
5711,J_3,B6CHARACTERIZEISRAEL,N
5711,J_3,B7COLLECTIVEBLAME,N
5711,J_3,B7ISRAELAGENT,N
5711,J_3,B8FORCECONDEMN,N
5711,J_3,B9ISRAELLOYALTY,N
5711,J_3,B10JEWISHRIGHTS,N
35420,J_3,API_ERROR,errored
44883,J_3,API_ERROR,errored
31512,J_3,B6CHARACTERIZEISRAEL,N
31512,J_3,B7COLLECTIVEBLAME,N
31512,J_3,B7ISRAELAGENT,N
31512,J_3,B8FORCECONDEMN,N
31512,J_3,B9ISRAELLOYALTY,N
31512,J_3,B10JEWISHRIGHTS,N
41593,J_3,API_ERROR,errored
47113,J_3,B6CHARACTERIZEISRAEL,N
47113,J_3,B7COLLECTIVEBLAME,N
47113,J_3,B7ISRAELAGENT,N
47113,J_3,B8FORCECONDEMN,N
47113,J_3,B9ISRAELLOYALTY,N
47113,J_3,B10JEWISHRIGHTS,N
25396,J_3,API_ERROR,errored
29472,J_3,API_ERROR,errored
19246,J_3,B6CHARACTERIZEISRAEL,N
19246,J_3,B7COLLECTIVEBLAME,N
19246,J_3,B7ISRAELAGENT,N
19246,J_3,B8FORCECONDEMN,N
19246,J_3,B9ISRAELLOYALTY,N
19246,J_3,B10JEWISHRIGHTS,N
30040,J_3,B6CHARACTERIZEISRAEL,N
30040,J_3,B7COLLECTIVEBLAME,N
30040,J_3,B7ISRAELAGENT,N
30040,J_3,B8FORCECONDEMN,N
30040,J_3,B9ISRAELLOYALTY,N
30040,J_3,B10JEWISHRIGHTS,N
31574,J_3,API_ERROR,errored
34063,J_3,B6CHARACTERIZEISRAEL,N
34063,J_3,B7COLLECTIVEBLAME,N
34063,J_3,B7ISRAELAGENT,N
34063,J_3,B8FORCECONDEMN,N
34063,J_3,B9ISRAELLOYALTY,N
34063,J_3,B10JEWISHRIGHTS,N
47448,J_3,API_ERROR,errored
6044,J_3,API_ERROR,errored
48722,J_3,B6CHARACTERIZEISRAEL,N
48722,J_3,B7COLLECTIVEBLAME,N
48722,J_3,B7ISRAELAGENT,N
48722,J_3,B8FORCECONDEMN,N
48722,J_3,B9ISRAELLOYALTY,N
48722,J_3,B10JEWISHRIGHTS,N
39221,J_3,B6CHARACTERIZEISRAEL,N
39221,J_3,B7COLLECTIVEBLAME,N
39221,J_3,B7ISRAELAGENT,N
39221,J_3,B8FORCECONDEMN,N
39221,J_3,B9ISRAELLOYALTY,N
39221,J_3,B10JEWISHRIGHTS,N
20803,J_3,API_ERROR,errored
24778,J_3,API_ERROR,errored
44390,J_3,API_ERROR,errored
39734,J_3,API_ERROR,errored
42422,J_3,B6CHARACTERIZEISRAEL,N
42422,J_3,B7COLLECTIVEBLAME,N
42422,J_3,B7ISRAELAGENT,N
42422,J_3,B8FORCECONDEMN,N
42422,J_3,B9ISRAELLOYALTY,N
42422,J_3,B10JEWISHRIGHTS,N
39272,J_3,B6CHARACTERIZEISRAEL,N
39272,J_3,B7COLLECTIVEBLAME,N
39272,J_3,B7ISRAELAGENT,N
39272,J_3,B8FORCECONDEMN,N
39272,J_3,B9ISRAELLOYALTY,N
39272,J_3,B10JEWISHRIGHTS,N
27584,J_3,API_ERROR,errored
9181,J_3,B6CHARACTERIZEISRAEL,N
9181,J_3,B7COLLECTIVEBLAME,N
9181,J_3,B7ISRAELAGENT,N
9181,J_3,B8FORCECONDEMN,N
9181,J_3,B9ISRAELLOYALTY,N
9181,J_3,B10JEWISHRIGHTS,N
29838,J_3,B6CHARACTERIZEISRAEL,N
29838,J_3,B7COLLECTIVEBLAME,N
29838,J_3,B7ISRAELAGENT,N
29838,J_3,B8FORCECONDEMN,N
29838,J_3,B9ISRAELLOYALTY,N
29838,J_3,B10JEWISHRIGHTS,N
41096,J_3,API_ERROR,errored
31823,J_3,B6CHARACTERIZEISRAEL,N
31823,J_3,B7COLLECTIVEBLAME,N
31823,J_3,B7ISRAELAGENT,N
31823,J_3,B8FORCECONDEMN,N
31823,J_3,B9ISRAELLOYALTY,N
31823,J_3,B10JEWISHRIGHTS,N
3954,J_3,B6CHARACTERIZEISRAEL,N
3954,J_3,B7COLLECTIVEBLAME,N
3954,J_3,B7ISRAELAGENT,N
3954,J_3,B8FORCECONDEMN,N
3954,J_3,B9ISRAELLOYALTY,N
3954,J_3,B10JEWISHRIGHTS,N
46210,J_3,API_ERROR,errored
40729,J_3,B6CHARACTERIZEISRAEL,N
40729,J_3,B7COLLECTIVEBLAME,N
40729,J_3,B7ISRAELAGENT,N
40729,J_3,B8FORCECONDEMN,N
40729,J_3,B9ISRAELLOYALTY,N
40729,J_3,B10JEWISHRIGHTS,N
11252,J_3,API_ERROR,errored
17775,J_3,B6CHARACTERIZEISRAEL,N
17775,J_3,B7COLLECTIVEBLAME,N
17775,J_3,B7ISRAELAGENT,N
17775,J_3,B8FORCECONDEMN,N
17775,J_3,B9ISRAELLOYALTY,N
17775,J_3,B10JEWISHRIGHTS,N
2485,J_3,API_ERROR,errored
8221,J_3,B6CHARACTERIZEISRAEL,N
8221,J_3,B7COLLECTIVEBLAME,N
8221,J_3,B7ISRAELAGENT,N
8221,J_3,B8FORCECONDEMN,N
8221,J_3,B9ISRAELLOYALTY,N
8221,J_3,B10JEWISHRIGHTS,N
20041,J_3,API_ERROR,errored
20737,J_3,B6CHARACTERIZEISRAEL,N
20737,J_3,B7COLLECTIVEBLAME,N
20737,J_3,B7ISRAELAGENT,N
20737,J_3,B8FORCECONDEMN,N
20737,J_3,B9ISRAELLOYALTY,N
20737,J_3,B10JEWISHRIGHTS,N
24689,J_3,API_ERROR,errored
13518,J_3,B6CHARACTERIZEISRAEL,N
13518,J_3,B7COLLECTIVEBLAME,N
13518,J_3,B7ISRAELAGENT,N
13518,J_3,B8FORCECONDEMN,N
13518,J_3,B9ISRAELLOYALTY,N
13518,J_3,B10JEWISHRIGHTS,N
7244,J_3,API_ERROR,errored
35246,J_3,API_ERROR,errored
17267,J_3,API_ERROR,errored
7603,J_3,API_ERROR,errored
28391,J_3,B6CHARACTERIZEISRAEL,N
28391,J_3,B7COLLECTIVEBLAME,N
28391,J_3,B7ISRAELAGENT,N
28391,J_3,B8FORCECONDEMN,N
28391,J_3,B9ISRAELLOYALTY,N
28391,J_3,B10JEWISHRIGHTS,N
9340,J_3,B6CHARACTERIZEISRAEL,N
9340,J_3,B7COLLECTIVEBLAME,N
9340,J_3,B7ISRAELAGENT,N
9340,J_3,B8FORCECONDEMN,N
9340,J_3,B9ISRAELLOYALTY,N
9340,J_3,B10JEWISHRIGHTS,N
41267,J_3,B6CHARACTERIZEISRAEL,N
41267,J_3,B7COLLECTIVEBLAME,N
41267,J_3,B7ISRAELAGENT,N
41267,J_3,B8FORCECONDEMN,N
41267,J_3,B9ISRAELLOYALTY,N
41267,J_3,B10JEWISHRIGHTS,N
36190,J_3,API_ERROR,errored
20064,J_3,B6CHARACTERIZEISRAEL,N
20064,J_3,B7COLLECTIVEBLAME,N
20064,J_3,B7ISRAELAGENT,N
20064,J_3,B8FORCECONDEMN,N
20064,J_3,B9ISRAELLOYALTY,N
20064,J_3,B10JEWISHRIGHTS,N
12847,J_3,API_ERROR,errored
40441,J_3,B6CHARACTERIZEISRAEL,N
40441,J_3,B7COLLECTIVEBLAME,N
40441,J_3,B7ISRAELAGENT,N
40441,J_3,B8FORCECONDEMN,N
40441,J_3,B9ISRAELLOYALTY,N
40441,J_3,B10JEWISHRIGHTS,N
12028,J_3,API_ERROR,errored
1876,J_3,API_ERROR,errored
45473,J_3,B6CHARACTERIZEISRAEL,N
45473,J_3,B7COLLECTIVEBLAME,N
45473,J_3,B7ISRAELAGENT,N
45473,J_3,B8FORCECONDEMN,N
45473,J_3,B9ISRAELLOYALTY,N
45473,J_3,B10JEWISHRIGHTS,E
34163,J_3,B6CHARACTERIZEISRAEL,N
34163,J_3,B7COLLECTIVEBLAME,N
34163,J_3,B7ISRAELAGENT,N
34163,J_3,B8FORCECONDEMN,N
34163,J_3,B9ISRAELLOYALTY,N
34163,J_3,B10JEWISHRIGHTS,N
16347,J_3,API_ERROR,errored
10116,J_3,B6CHARACTERIZEISRAEL,N
10116,J_3,B7COLLECTIVEBLAME,N
10116,J_3,B7ISRAELAGENT,N
10116,J_3,B8FORCECONDEMN,N
10116,J_3,B9ISRAELLOYALTY,N
10116,J_3,B10JEWISHRIGHTS,E
11952,J_3,API_ERROR,errored
32249,J_3,B6CHARACTERIZEISRAEL,N
32249,J_3,B7COLLECTIVEBLAME,N
32249,J_3,B7ISRAELAGENT,N
32249,J_3,B8FORCECONDEMN,N
32249,J_3,B9ISRAELLOYALTY,N
32249,J_3,B10JEWISHRIGHTS,A
6716,J_3,B6CHARACTERIZEISRAEL,N
6716,J_3,B7COLLECTIVEBLAME,N
6716,J_3,B7ISRAELAGENT,N
6716,J_3,B8FORCECONDEMN,N
6716,J_3,B9ISRAELLOYALTY,N
6716,J_3,B10JEWISHRIGHTS,N
25378,J_3,B6CHARACTERIZEISRAEL,N
25378,J_3,B7COLLECTIVEBLAME,N
25378,J_3,B7ISRAELAGENT,N
25378,J_3,B8FORCECONDEMN,N
25378,J_3,B9ISRAELLOYALTY,N
25378,J_3,B10JEWISHRIGHTS,N
28351,J_3,API_ERROR,errored
25151,J_3,API_ERROR,errored
25203,J_3,B6CHARACTERIZEISRAEL,N
25203,J_3,B7COLLECTIVEBLAME,N
25203,J_3,B7ISRAELAGENT,N
25203,J_3,B8FORCECONDEMN,N
25203,J_3,B9ISRAELLOYALTY,N
25203,J_3,B10JEWISHRIGHTS,N
40617,J_3,API_ERROR,errored
38068,J_3,API_ERROR,errored
44509,J_3,B6CHARACTERIZEISRAEL,N
44509,J_3,B7COLLECTIVEBLAME,N
44509,J_3,B7ISRAELAGENT,N
44509,J_3,B8FORCECONDEMN,N
44509,J_3,B9ISRAELLOYALTY,N
44509,J_3,B10JEWISHRIGHTS,N
21885,J_3,B6CHARACTERIZEISRAEL,N
21885,J_3,B7COLLECTIVEBLAME,N
21885,J_3,B7ISRAELAGENT,N
21885,J_3,B8FORCECONDEMN,N
21885,J_3,B9ISRAELLOYALTY,N
21885,J_3,B10JEWISHRIGHTS,N
47818,J_3,B6CHARACTERIZEISRAEL,N
47818,J_3,B7COLLECTIVEBLAME,N
47818,J_3,B7ISRAELAGENT,A
47818,J_3,B8FORCECONDEMN,N
47818,J_3,B9ISRAELLOYALTY,A
47818,J_3,B10JEWISHRIGHTS,N
35642,J_3,API_ERROR,errored
6896,J_3,B6CHARACTERIZEISRAEL,N
6896,J_3,B7COLLECTIVEBLAME,N
6896,J_3,B7ISRAELAGENT,N
6896,J_3,B8FORCECONDEMN,N
6896,J_3,B9ISRAELLOYALTY,N
6896,J_3,B10JEWISHRIGHTS,N
27146,J_3,B6CHARACTERIZEISRAEL,N
27146,J_3,B7COLLECTIVEBLAME,N
27146,J_3,B7ISRAELAGENT,N
27146,J_3,B8FORCECONDEMN,N
27146,J_3,B9ISRAELLOYALTY,N
27146,J_3,B10JEWISHRIGHTS,N
28528,J_3,API_ERROR,errored
23977,J_3,B6CHARACTERIZEISRAEL,N
23977,J_3,B7COLLECTIVEBLAME,N
23977,J_3,B7ISRAELAGENT,N
23977,J_3,B8FORCECONDEMN,N
23977,J_3,B9ISRAELLOYALTY,N
23977,J_3,B10JEWISHRIGHTS,N
44423,J_3,B6CHARACTERIZEISRAEL,N
44423,J_3,B7COLLECTIVEBLAME,I
44423,J_3,B7ISRAELAGENT,N
44423,J_3,B8FORCECONDEMN,N
44423,J_3,B9ISRAELLOYALTY,N
44423,J_3,B10JEWISHRIGHTS,N
38239,J_3,B6CHARACTERIZEISRAEL,N
38239,J_3,B7COLLECTIVEBLAME,N
38239,J_3,B7ISRAELAGENT,N
38239,J_3,B8FORCECONDEMN,N
38239,J_3,B9ISRAELLOYALTY,N
38239,J_3,B10JEWISHRIGHTS,N
46738,J_3,API_ERROR,errored
12093,J_3,API_ERROR,errored
40226,J_3,B6CHARACTERIZEISRAEL,N
40226,J_3,B7COLLECTIVEBLAME,N
40226,J_3,B7ISRAELAGENT,N
40226,J_3,B8FORCECONDEMN,N
40226,J_3,B9ISRAELLOYALTY,N
40226,J_3,B10JEWISHRIGHTS,N
18730,J_3,API_ERROR,errored
19492,J_3,API_ERROR,errored
12878,J_3,API_ERROR,errored
49970,J_3,B6CHARACTERIZEISRAEL,N
49970,J_3,B7COLLECTIVEBLAME,N
49970,J_3,B7ISRAELAGENT,N
49970,J_3,B8FORCECONDEMN,N
49970,J_3,B9ISRAELLOYALTY,N
49970,J_3,B10JEWISHRIGHTS,N
6761,J_3,API_ERROR,errored
6113,J_3,B6CHARACTERIZEISRAEL,N
6113,J_3,B7COLLECTIVEBLAME,N
6113,J_3,B7ISRAELAGENT,N
6113,J_3,B8FORCECONDEMN,N
6113,J_3,B9ISRAELLOYALTY,N
6113,J_3,B10JEWISHRIGHTS,N
43183,J_3,API_ERROR,errored
33645,J_3,B6CHARACTERIZEISRAEL,N
33645,J_3,B7COLLECTIVEBLAME,N
33645,J_3,B7ISRAELAGENT,N
33645,J_3,B8FORCECONDEMN,N
33645,J_3,B9ISRAELLOYALTY,N
33645,J_3,B10JEWISHRIGHTS,N
48561,J_3,API_ERROR,errored
22171,J_3,API_ERROR,errored
20067,J_3,B6CHARACTERIZEISRAEL,N
20067,J_3,B7COLLECTIVEBLAME,N
20067,J_3,B7ISRAELAGENT,N
20067,J_3,B8FORCECONDEMN,N
20067,J_3,B9ISRAELLOYALTY,N
20067,J_3,B10JEWISHRIGHTS,N
26245,J_3,B6CHARACTERIZEISRAEL,N
26245,J_3,B7COLLECTIVEBLAME,N
26245,J_3,B7ISRAELAGENT,N
26245,J_3,B8FORCECONDEMN,N
26245,J_3,B9ISRAELLOYALTY,N
26245,J_3,B10JEWISHRIGHTS,N
44942,J_3,API_ERROR,errored
7973,J_3,API_ERROR,errored
9689,J_3,B6CHARACTERIZEISRAEL,N
9689,J_3,B7COLLECTIVEBLAME,N
9689,J_3,B7ISRAELAGENT,N
9689,J_3,B8FORCECONDEMN,N
9689,J_3,B9ISRAELLOYALTY,N
9689,J_3,B10JEWISHRIGHTS,N
37934,J_3,B6CHARACTERIZEISRAEL,N
37934,J_3,B7COLLECTIVEBLAME,N
37934,J_3,B7ISRAELAGENT,N
37934,J_3,B8FORCECONDEMN,N
37934,J_3,B9ISRAELLOYALTY,N
37934,J_3,B10JEWISHRIGHTS,N
48545,J_3,B6CHARACTERIZEISRAEL,I
48545,J_3,B7COLLECTIVEBLAME,I
48545,J_3,B7ISRAELAGENT,I
48545,J_3,B8FORCECONDEMN,N
48545,J_3,B9ISRAELLOYALTY,N
48545,J_3,B10JEWISHRIGHTS,N
49652,J_3,B6CHARACTERIZEISRAEL,N
49652,J_3,B7COLLECTIVEBLAME,I
49652,J_3,B7ISRAELAGENT,I
49652,J_3,B8FORCECONDEMN,N
49652,J_3,B9ISRAELLOYALTY,I
49652,J_3,B10JEWISHRIGHTS,N
4359,J_3,API_ERROR,errored
11064,J_3,B6CHARACTERIZEISRAEL,N
11064,J_3,B7COLLECTIVEBLAME,N
11064,J_3,B7ISRAELAGENT,N
11064,J_3,B8FORCECONDEMN,N
11064,J_3,B9ISRAELLOYALTY,N
11064,J_3,B10JEWISHRIGHTS,E
44859,J_3,API_ERROR,errored
13735,J_3,API_ERROR,errored
36477,J_3,API_ERROR,errored
11339,J_3,API_ERROR,errored
26949,J_3,API_ERROR,errored
31355,J_3,B6CHARACTERIZEISRAEL,N
31355,J_3,B7COLLECTIVEBLAME,N
31355,J_3,B7ISRAELAGENT,N
31355,J_3,B8FORCECONDEMN,N
31355,J_3,B9ISRAELLOYALTY,N
31355,J_3,B10JEWISHRIGHTS,N
27045,J_3,API_ERROR,errored
33776,J_3,API_ERROR,errored
5154,J_3,API_ERROR,errored
30770,J_3,B6CHARACTERIZEISRAEL,N
30770,J_3,B7COLLECTIVEBLAME,N
30770,J_3,B7ISRAELAGENT,N
30770,J_3,B8FORCECONDEMN,N
30770,J_3,B9ISRAELLOYALTY,N
30770,J_3,B10JEWISHRIGHTS,N
47768,J_3,API_ERROR,errored
28366,J_3,API_ERROR,errored
14626,J_3,API_ERROR,errored
21915,J_3,B6CHARACTERIZEISRAEL,N
21915,J_3,B7COLLECTIVEBLAME,N
21915,J_3,B7ISRAELAGENT,N
21915,J_3,B8FORCECONDEMN,N
21915,J_3,B9ISRAELLOYALTY,N
21915,J_3,B10JEWISHRIGHTS,N
38527,J_3,API_ERROR,errored
24854,J_3,B6CHARACTERIZEISRAEL,N
24854,J_3,B7COLLECTIVEBLAME,N
24854,J_3,B7ISRAELAGENT,N
24854,J_3,B8FORCECONDEMN,N
24854,J_3,B9ISRAELLOYALTY,N
24854,J_3,B10JEWISHRIGHTS,N
26790,J_3,API_ERROR,errored
6828,J_3,API_ERROR,errored
37821,J_3,API_ERROR,errored
44955,J_3,B6CHARACTERIZEISRAEL,N
44955,J_3,B7COLLECTIVEBLAME,N
44955,J_3,B7ISRAELAGENT,N
44955,J_3,B8FORCECONDEMN,N
44955,J_3,B9ISRAELLOYALTY,N
44955,J_3,B10JEWISHRIGHTS,N
15837,J_3,API_ERROR,errored
41445,J_3,API_ERROR,errored
44514,J_3,B6CHARACTERIZEISRAEL,N
44514,J_3,B7COLLECTIVEBLAME,I
44514,J_3,B7ISRAELAGENT,I
44514,J_3,B8FORCECONDEMN,N
44514,J_3,B9ISRAELLOYALTY,I
44514,J_3,B10JEWISHRIGHTS,N
40388,J_3,B6CHARACTERIZEISRAEL,N
40388,J_3,B7COLLECTIVEBLAME,N
40388,J_3,B7ISRAELAGENT,N
40388,J_3,B8FORCECONDEMN,N
40388,J_3,B9ISRAELLOYALTY,N
40388,J_3,B10JEWISHRIGHTS,N
17968,J_3,B6CHARACTERIZEISRAEL,N
17968,J_3,B7COLLECTIVEBLAME,N
17968,J_3,B7ISRAELAGENT,N
17968,J_3,B8FORCECONDEMN,N
17968,J_3,B9ISRAELLOYALTY,N
17968,J_3,B10JEWISHRIGHTS,N
3263,J_3,API_ERROR,errored
26160,J_3,API_ERROR,errored
43772,J_3,API_ERROR,errored
7761,J_3,B6CHARACTERIZEISRAEL,N
7761,J_3,B7COLLECTIVEBLAME,N
7761,J_3,B7ISRAELAGENT,N
7761,J_3,B8FORCECONDEMN,N
7761,J_3,B9ISRAELLOYALTY,N
7761,J_3,B10JEWISHRIGHTS,N
47435,J_3,API_ERROR,errored
48475,J_3,API_ERROR,errored
44695,J_3,PARSE_ERROR,Expecting value: line 1 column 1 (char 0)
19342,J_3,API_ERROR,errored
21018,J_3,API_ERROR,errored
4583,J_3,B6CHARACTERIZEISRAEL,N
4583,J_3,B7COLLECTIVEBLAME,N
4583,J_3,B7ISRAELAGENT,N
4583,J_3,B8FORCECONDEMN,N
4583,J_3,B9ISRAELLOYALTY,N
4583,J_3,B10JEWISHRIGHTS,N
10526,J_3,B6CHARACTERIZEISRAEL,N
10526,J_3,B7COLLECTIVEBLAME,N
10526,J_3,B7ISRAELAGENT,N
10526,J_3,B8FORCECONDEMN,N
10526,J_3,B9ISRAELLOYALTY,N
10526,J_3,B10JEWISHRIGHTS,N
7201,J_3,API_ERROR,errored
45811,J_3,B6CHARACTERIZEISRAEL,N
45811,J_3,B7COLLECTIVEBLAME,N
45811,J_3,B7ISRAELAGENT,N
45811,J_3,B8FORCECONDEMN,N
45811,J_3,B9ISRAELLOYALTY,N
45811,J_3,B10JEWISHRIGHTS,N
9240,J_3,API_ERROR,errored
48267,J_3,API_ERROR,errored
23601,J_3,B6CHARACTERIZEISRAEL,N
23601,J_3,B7COLLECTIVEBLAME,N
23601,J_3,B7ISRAELAGENT,N
23601,J_3,B8FORCECONDEMN,N
23601,J_3,B9ISRAELLOYALTY,N
23601,J_3,B10JEWISHRIGHTS,N
3224,J_3,API_ERROR,errored
31062,J_3,API_ERROR,errored
23296,J_3,B6CHARACTERIZEISRAEL,N
23296,J_3,B7COLLECTIVEBLAME,N
23296,J_3,B7ISRAELAGENT,N
23296,J_3,B8FORCECONDEMN,N
23296,J_3,B9ISRAELLOYALTY,N
23296,J_3,B10JEWISHRIGHTS,N
36267,J_3,API_ERROR,errored
11614,J_3,API_ERROR,errored
32795,J_3,B6CHARACTERIZEISRAEL,N
32795,J_3,B7COLLECTIVEBLAME,N
32795,J_3,B7ISRAELAGENT,N
32795,J_3,B8FORCECONDEMN,N
32795,J_3,B9ISRAELLOYALTY,N
32795,J_3,B10JEWISHRIGHTS,E
20083,J_3,API_ERROR,errored
8261,J_3,API_ERROR,errored
18502,J_3,B6CHARACTERIZEISRAEL,N
18502,J_3,B7COLLECTIVEBLAME,N
18502,J_3,B7ISRAELAGENT,N
18502,J_3,B8FORCECONDEMN,N
18502,J_3,B9ISRAELLOYALTY,N
18502,J_3,B10JEWISHRIGHTS,N
14117,J_3,B6CHARACTERIZEISRAEL,N
14117,J_3,B7COLLECTIVEBLAME,N
14117,J_3,B7ISRAELAGENT,N
14117,J_3,B8FORCECONDEMN,N
14117,J_3,B9ISRAELLOYALTY,N
14117,J_3,B10JEWISHRIGHTS,N
20243,J_3,API_ERROR,errored
28722,J_3,B6CHARACTERIZEISRAEL,N
28722,J_3,B7COLLECTIVEBLAME,N
28722,J_3,B7ISRAELAGENT,N
28722,J_3,B8FORCECONDEMN,N
28722,J_3,B9ISRAELLOYALTY,N
28722,J_3,B10JEWISHRIGHTS,N
28827,J_3,B6CHARACTERIZEISRAEL,N
28827,J_3,B7COLLECTIVEBLAME,N
28827,J_3,B7ISRAELAGENT,N
28827,J_3,B8FORCECONDEMN,N
28827,J_3,B9ISRAELLOYALTY,N
28827,J_3,B10JEWISHRIGHTS,N
45157,J_3,B6CHARACTERIZEISRAEL,N
45157,J_3,B7COLLECTIVEBLAME,N
45157,J_3,B7ISRAELAGENT,N
45157,J_3,B8FORCECONDEMN,N
45157,J_3,B9ISRAELLOYALTY,N
45157,J_3,B10JEWISHRIGHTS,N
29564,J_3,B6CHARACTERIZEISRAEL,N
29564,J_3,B7COLLECTIVEBLAME,N
29564,J_3,B7ISRAELAGENT,N
29564,J_3,B8FORCECONDEMN,N
29564,J_3,B9ISRAELLOYALTY,N
29564,J_3,B10JEWISHRIGHTS,N
44474,J_3,B6CHARACTERIZEISRAEL,I
44474,J_3,B7COLLECTIVEBLAME,I
44474,J_3,B7ISRAELAGENT,N
44474,J_3,B8FORCECONDEMN,N
44474,J_3,B9ISRAELLOYALTY,N
44474,J_3,B10JEWISHRIGHTS,E
20872,J_3,B6CHARACTERIZEISRAEL,N
20872,J_3,B7COLLECTIVEBLAME,N
20872,J_3,B7ISRAELAGENT,N
20872,J_3,B8FORCECONDEMN,N
20872,J_3,B9ISRAELLOYALTY,N
20872,J_3,B10JEWISHRIGHTS,N
41229,J_3,B6CHARACTERIZEISRAEL,N
41229,J_3,B7COLLECTIVEBLAME,N
41229,J_3,B7ISRAELAGENT,N
41229,J_3,B8FORCECONDEMN,N
41229,J_3,B9ISRAELLOYALTY,N
41229,J_3,B10JEWISHRIGHTS,N
41636,J_3,B6CHARACTERIZEISRAEL,N
41636,J_3,B7COLLECTIVEBLAME,N
41636,J_3,B7ISRAELAGENT,N
41636,J_3,B8FORCECONDEMN,N
41636,J_3,B9ISRAELLOYALTY,N
41636,J_3,B10JEWISHRIGHTS,N
45775,J_3,API_ERROR,errored
23182,J_3,B6CHARACTERIZEISRAEL,N
23182,J_3,B7COLLECTIVEBLAME,N
23182,J_3,B7ISRAELAGENT,N
23182,J_3,B8FORCECONDEMN,N
23182,J_3,B9ISRAELLOYALTY,N
23182,J_3,B10JEWISHRIGHTS,A
6983,J_3,API_ERROR,errored
28389,J_3,B6CHARACTERIZEISRAEL,N
28389,J_3,B7COLLECTIVEBLAME,N
28389,J_3,B7ISRAELAGENT,N
28389,J_3,B8FORCECONDEMN,N
28389,J_3,B9ISRAELLOYALTY,N
28389,J_3,B10JEWISHRIGHTS,N
40269,J_3,B6CHARACTERIZEISRAEL,N
40269,J_3,B7COLLECTIVEBLAME,N
40269,J_3,B7ISRAELAGENT,N
40269,J_3,B8FORCECONDEMN,N
40269,J_3,B9ISRAELLOYALTY,N
40269,J_3,B10JEWISHRIGHTS,N
44553,J_3,B6CHARACTERIZEISRAEL,N
44553,J_3,B7COLLECTIVEBLAME,N
44553,J_3,B7ISRAELAGENT,N
44553,J_3,B8FORCECONDEMN,N
44553,J_3,B9ISRAELLOYALTY,N
44553,J_3,B10JEWISHRIGHTS,N
46165,J_3,B6CHARACTERIZEISRAEL,A
46165,J_3,B7COLLECTIVEBLAME,N
46165,J_3,B7ISRAELAGENT,N
46165,J_3,B8FORCECONDEMN,N
46165,J_3,B9ISRAELLOYALTY,N
46165,J_3,B10JEWISHRIGHTS,N
2173,J_3,B6CHARACTERIZEISRAEL,N
2173,J_3,B7COLLECTIVEBLAME,N
2173,J_3,B7ISRAELAGENT,N
2173,J_3,B8FORCECONDEMN,N
2173,J_3,B9ISRAELLOYALTY,N
2173,J_3,B10JEWISHRIGHTS,E
40427,J_3,API_ERROR,errored
43024,J_3,API_ERROR,errored
45387,J_3,API_ERROR,errored
14469,J_3,B6CHARACTERIZEISRAEL,N
14469,J_3,B7COLLECTIVEBLAME,N
14469,J_3,B7ISRAELAGENT,N
14469,J_3,B8FORCECONDEMN,N
14469,J_3,B9ISRAELLOYALTY,N
14469,J_3,B10JEWISHRIGHTS,N
44115,J_3,API_ERROR,errored
27775,J_3,B6CHARACTERIZEISRAEL,N
27775,J_3,B7COLLECTIVEBLAME,N
27775,J_3,B7ISRAELAGENT,N
27775,J_3,B8FORCECONDEMN,N
27775,J_3,B9ISRAELLOYALTY,N
27775,J_3,B10JEWISHRIGHTS,N
6559,J_3,API_ERROR,errored
13915,J_3,API_ERROR,errored
17895,J_3,B6CHARACTERIZEISRAEL,N
17895,J_3,B7COLLECTIVEBLAME,N
17895,J_3,B7ISRAELAGENT,N
17895,J_3,B8FORCECONDEMN,N
17895,J_3,B9ISRAELLOYALTY,N
17895,J_3,B10JEWISHRIGHTS,N
28800,J_3,B6CHARACTERIZEISRAEL,N
28800,J_3,B7COLLECTIVEBLAME,N
28800,J_3,B7ISRAELAGENT,N
28800,J_3,B8FORCECONDEMN,N
28800,J_3,B9ISRAELLOYALTY,N
28800,J_3,B10JEWISHRIGHTS,N
43060,J_3,B6CHARACTERIZEISRAEL,N
43060,J_3,B7COLLECTIVEBLAME,N
43060,J_3,B7ISRAELAGENT,N
43060,J_3,B8FORCECONDEMN,N
43060,J_3,B9ISRAELLOYALTY,N
43060,J_3,B10JEWISHRIGHTS,N
45945,J_3,API_ERROR,errored
31701,J_3,B6CHARACTERIZEISRAEL,N
31701,J_3,B7COLLECTIVEBLAME,N
31701,J_3,B7ISRAELAGENT,N
31701,J_3,B8FORCECONDEMN,N
31701,J_3,B9ISRAELLOYALTY,N
31701,J_3,B10JEWISHRIGHTS,N
43721,J_3,B6CHARACTERIZEISRAEL,N
43721,J_3,B7COLLECTIVEBLAME,N
43721,J_3,B7ISRAELAGENT,N
43721,J_3,B8FORCECONDEMN,N
43721,J_3,B9ISRAELLOYALTY,N
43721,J_3,B10JEWISHRIGHTS,N
23664,J_3,API_ERROR,errored
46031,J_3,B6CHARACTERIZEISRAEL,N
46031,J_3,B7COLLECTIVEBLAME,N
46031,J_3,B7ISRAELAGENT,N
46031,J_3,B8FORCECONDEMN,N
46031,J_3,B9ISRAELLOYALTY,N
46031,J_3,B10JEWISHRIGHTS,E
42741,J_3,B6CHARACTERIZEISRAEL,N
42741,J_3,B7COLLECTIVEBLAME,N
42741,J_3,B7ISRAELAGENT,N
42741,J_3,B8FORCECONDEMN,N
42741,J_3,B9ISRAELLOYALTY,N
42741,J_3,B10JEWISHRIGHTS,N
42108,J_3,API_ERROR,errored
8289,J_3,B6CHARACTERIZEISRAEL,N
8289,J_3,B7COLLECTIVEBLAME,N
8289,J_3,B7ISRAELAGENT,N
8289,J_3,B8FORCECONDEMN,N
8289,J_3,B9ISRAELLOYALTY,N
8289,J_3,B10JEWISHRIGHTS,N
7293,J_3,B6CHARACTERIZEISRAEL,N
7293,J_3,B7COLLECTIVEBLAME,N
7293,J_3,B7ISRAELAGENT,N
7293,J_3,B8FORCECONDEMN,N
7293,J_3,B9ISRAELLOYALTY,N
7293,J_3,B10JEWISHRIGHTS,N
42529,J_3,API_ERROR,errored
25289,J_3,API_ERROR,errored
28143,J_3,B6CHARACTERIZEISRAEL,N
28143,J_3,B7COLLECTIVEBLAME,N
28143,J_3,B7ISRAELAGENT,N
28143,J_3,B8FORCECONDEMN,N
28143,J_3,B9ISRAELLOYALTY,N
28143,J_3,B10JEWISHRIGHTS,N
45923,J_3,B6CHARACTERIZEISRAEL,N
45923,J_3,B7COLLECTIVEBLAME,N
45923,J_3,B7ISRAELAGENT,N
45923,J_3,B8FORCECONDEMN,N
45923,J_3,B9ISRAELLOYALTY,N
45923,J_3,B10JEWISHRIGHTS,N
48794,J_3,API_ERROR,errored
29865,J_3,B6CHARACTERIZEISRAEL,N
29865,J_3,B7COLLECTIVEBLAME,I
29865,J_3,B7ISRAELAGENT,N
29865,J_3,B8FORCECONDEMN,N
29865,J_3,B9ISRAELLOYALTY,N
29865,J_3,B10JEWISHRIGHTS,N
42503,J_3,B6CHARACTERIZEISRAEL,N
42503,J_3,B7COLLECTIVEBLAME,N
42503,J_3,B7ISRAELAGENT,N
42503,J_3,B8FORCECONDEMN,N
42503,J_3,B9ISRAELLOYALTY,N
42503,J_3,B10JEWISHRIGHTS,N
11152,J_3,API_ERROR,errored
15420,J_3,B6CHARACTERIZEISRAEL,N
15420,J_3,B7COLLECTIVEBLAME,N
15420,J_3,B7ISRAELAGENT,N
15420,J_3,B8FORCECONDEMN,N
15420,J_3,B9ISRAELLOYALTY,N
15420,J_3,B10JEWISHRIGHTS,N
8157,J_3,B6CHARACTERIZEISRAEL,N
8157,J_3,B7COLLECTIVEBLAME,N
8157,J_3,B7ISRAELAGENT,N
8157,J_3,B8FORCECONDEMN,N
8157,J_3,B9ISRAELLOYALTY,N
8157,J_3,B10JEWISHRIGHTS,N
15447,J_3,B6CHARACTERIZEISRAEL,N
15447,J_3,B7COLLECTIVEBLAME,N
15447,J_3,B7ISRAELAGENT,N
15447,J_3,B8FORCECONDEMN,N
15447,J_3,B9ISRAELLOYALTY,N
15447,J_3,B10JEWISHRIGHTS,N
44149,J_3,API_ERROR,errored
43709,J_3,B6CHARACTERIZEISRAEL,N
43709,J_3,B7COLLECTIVEBLAME,N
43709,J_3,B7ISRAELAGENT,N
43709,J_3,B8FORCECONDEMN,N
43709,J_3,B9ISRAELLOYALTY,N
43709,J_3,B10JEWISHRIGHTS,N
14524,J_3,API_ERROR,errored
42920,J_3,API_ERROR,errored
8840,J_3,B6CHARACTERIZEISRAEL,N
8840,J_3,B7COLLECTIVEBLAME,N
8840,J_3,B7ISRAELAGENT,N
8840,J_3,B8FORCECONDEMN,N
8840,J_3,B9ISRAELLOYALTY,N
8840,J_3,B10JEWISHRIGHTS,N
37120,J_3,API_ERROR,errored
47636,J_3,API_ERROR,errored
18838,J_3,API_ERROR,errored
8311,J_3,B6CHARACTERIZEISRAEL,N
8311,J_3,B7COLLECTIVEBLAME,N
8311,J_3,B7ISRAELAGENT,N
8311,J_3,B8FORCECONDEMN,N
8311,J_3,B9ISRAELLOYALTY,N
8311,J_3,B10JEWISHRIGHTS,N
35688,J_3,API_ERROR,errored
3374,J_3,API_ERROR,errored
15126,J_3,API_ERROR,errored
48511,J_3,B6CHARACTERIZEISRAEL,N
48511,J_3,B7COLLECTIVEBLAME,A
48511,J_3,B7ISRAELAGENT,N
48511,J_3,B8FORCECONDEMN,N
48511,J_3,B9ISRAELLOYALTY,N
48511,J_3,B10JEWISHRIGHTS,N
10400,J_3,API_ERROR,errored
14248,J_3,B6CHARACTERIZEISRAEL,N
14248,J_3,B7COLLECTIVEBLAME,N
14248,J_3,B7ISRAELAGENT,N
14248,J_3,B8FORCECONDEMN,N
14248,J_3,B9ISRAELLOYALTY,N
14248,J_3,B10JEWISHRIGHTS,N
40964,J_3,API_ERROR,errored
48572,J_3,B6CHARACTERIZEISRAEL,N
48572,J_3,B7COLLECTIVEBLAME,N
48572,J_3,B7ISRAELAGENT,N
48572,J_3,B8FORCECONDEMN,N
48572,J_3,B9ISRAELLOYALTY,N
48572,J_3,B10JEWISHRIGHTS,A
2447,J_3,B6CHARACTERIZEISRAEL,N
2447,J_3,B7COLLECTIVEBLAME,N
2447,J_3,B7ISRAELAGENT,N
2447,J_3,B8FORCECONDEMN,N
2447,J_3,B9ISRAELLOYALTY,N
2447,J_3,B10JEWISHRIGHTS,N
15049,J_3,API_ERROR,errored
19073,J_3,B6CHARACTERIZEISRAEL,N
19073,J_3,B7COLLECTIVEBLAME,I
19073,J_3,B7ISRAELAGENT,I
19073,J_3,B8FORCECONDEMN,N
19073,J_3,B9ISRAELLOYALTY,I
19073,J_3,B10JEWISHRIGHTS,N
20061,J_3,API_ERROR,errored
15986,J_3,B6CHARACTERIZEISRAEL,N
15986,J_3,B7COLLECTIVEBLAME,N
15986,J_3,B7ISRAELAGENT,N
15986,J_3,B8FORCECONDEMN,N
15986,J_3,B9ISRAELLOYALTY,N
15986,J_3,B10JEWISHRIGHTS,N
22415,J_3,API_ERROR,errored
34133,J_3,B6CHARACTERIZEISRAEL,N
34133,J_3,B7COLLECTIVEBLAME,N
34133,J_3,B7ISRAELAGENT,N
34133,J_3,B8FORCECONDEMN,N
34133,J_3,B9ISRAELLOYALTY,N
34133,J_3,B10JEWISHRIGHTS,N
3522,J_3,API_ERROR,errored
15021,J_3,API_ERROR,errored
26543,J_3,B6CHARACTERIZEISRAEL,N
26543,J_3,B7COLLECTIVEBLAME,N
26543,J_3,B7ISRAELAGENT,N
26543,J_3,B8FORCECONDEMN,N
26543,J_3,B9ISRAELLOYALTY,N
26543,J_3,B10JEWISHRIGHTS,N
48436,J_3,API_ERROR,errored
7168,J_3,API_ERROR,errored
10710,J_3,API_ERROR,errored
46898,J_3,B6CHARACTERIZEISRAEL,N
46898,J_3,B7COLLECTIVEBLAME,N
46898,J_3,B7ISRAELAGENT,N
46898,J_3,B8FORCECONDEMN,N
46898,J_3,B9ISRAELLOYALTY,N
46898,J_3,B10JEWISHRIGHTS,N
889,J_3,API_ERROR,errored
32060,J_3,B6CHARACTERIZEISRAEL,N
32060,J_3,B7COLLECTIVEBLAME,N
32060,J_3,B7ISRAELAGENT,N
32060,J_3,B8FORCECONDEMN,N
32060,J_3,B9ISRAELLOYALTY,N
32060,J_3,B10JEWISHRIGHTS,N
36404,J_3,B6CHARACTERIZEISRAEL,N
36404,J_3,B7COLLECTIVEBLAME,N
36404,J_3,B7ISRAELAGENT,N
36404,J_3,B8FORCECONDEMN,N
36404,J_3,B9ISRAELLOYALTY,N
36404,J_3,B10JEWISHRIGHTS,N
37566,J_3,B6CHARACTERIZEISRAEL,N
37566,J_3,B7COLLECTIVEBLAME,N
37566,J_3,B7ISRAELAGENT,N
37566,J_3,B8FORCECONDEMN,N
37566,J_3,B9ISRAELLOYALTY,N
37566,J_3,B10JEWISHRIGHTS,N
12559,J_3,API_ERROR,errored
48327,J_3,API_ERROR,errored
2898,J_3,API_ERROR,errored
30156,J_3,B6CHARACTERIZEISRAEL,N
30156,J_3,B7COLLECTIVEBLAME,N
30156,J_3,B7ISRAELAGENT,N
30156,J_3,B8FORCECONDEMN,N
30156,J_3,B9ISRAELLOYALTY,N
30156,J_3,B10JEWISHRIGHTS,N
37159,J_3,API_ERROR,errored
17712,J_3,B6CHARACTERIZEISRAEL,N
17712,J_3,B7COLLECTIVEBLAME,N
17712,J_3,B7ISRAELAGENT,N
17712,J_3,B8FORCECONDEMN,N
17712,J_3,B9ISRAELLOYALTY,N
17712,J_3,B10JEWISHRIGHTS,N
42302,J_3,API_ERROR,errored
16764,J_3,B6CHARACTERIZEISRAEL,N
16764,J_3,B7COLLECTIVEBLAME,N
16764,J_3,B7ISRAELAGENT,N
16764,J_3,B8FORCECONDEMN,N
16764,J_3,B9ISRAELLOYALTY,N
16764,J_3,B10JEWISHRIGHTS,N
23418,J_3,API_ERROR,errored
42539,J_3,API_ERROR,errored
10680,J_3,API_ERROR,errored
44653,J_3,B6CHARACTERIZEISRAEL,N
44653,J_3,B7COLLECTIVEBLAME,N
44653,J_3,B7ISRAELAGENT,I
44653,J_3,B8FORCECONDEMN,N
44653,J_3,B9ISRAELLOYALTY,I
44653,J_3,B10JEWISHRIGHTS,N
21029,J_3,API_ERROR,errored
2105,J_3,API_ERROR,errored
40103,J_3,B6CHARACTERIZEISRAEL,N
40103,J_3,B7COLLECTIVEBLAME,N
40103,J_3,B7ISRAELAGENT,N
40103,J_3,B8FORCECONDEMN,N
40103,J_3,B9ISRAELLOYALTY,N
40103,J_3,B10JEWISHRIGHTS,N
2110,J_3,B6CHARACTERIZEISRAEL,N
2110,J_3,B7COLLECTIVEBLAME,N
2110,J_3,B7ISRAELAGENT,N
2110,J_3,B8FORCECONDEMN,N
2110,J_3,B9ISRAELLOYALTY,N
2110,J_3,B10JEWISHRIGHTS,N
32821,J_3,B6CHARACTERIZEISRAEL,N
32821,J_3,B7COLLECTIVEBLAME,N
32821,J_3,B7ISRAELAGENT,N
32821,J_3,B8FORCECONDEMN,N
32821,J_3,B9ISRAELLOYALTY,N
32821,J_3,B10JEWISHRIGHTS,N
41883,J_3,B6CHARACTERIZEISRAEL,N
41883,J_3,B7COLLECTIVEBLAME,N
41883,J_3,B7ISRAELAGENT,N
41883,J_3,B8FORCECONDEMN,N
41883,J_3,B9ISRAELLOYALTY,N
41883,J_3,B10JEWISHRIGHTS,N
30175,J_3,B6CHARACTERIZEISRAEL,N
30175,J_3,B7COLLECTIVEBLAME,A
30175,J_3,B7ISRAELAGENT,N
30175,J_3,B8FORCECONDEMN,N
30175,J_3,B9ISRAELLOYALTY,N
30175,J_3,B10JEWISHRIGHTS,A
27741,J_3,API_ERROR,errored
43754,J_3,API_ERROR,errored
20068,J_3,API_ERROR,errored
33352,J_3,B6CHARACTERIZEISRAEL,N
33352,J_3,B7COLLECTIVEBLAME,N
33352,J_3,B7ISRAELAGENT,N
33352,J_3,B8FORCECONDEMN,N
33352,J_3,B9ISRAELLOYALTY,N
33352,J_3,B10JEWISHRIGHTS,N
42312,J_3,API_ERROR,errored
22642,J_3,B6CHARACTERIZEISRAEL,N
22642,J_3,B7COLLECTIVEBLAME,N
22642,J_3,B7ISRAELAGENT,N
22642,J_3,B8FORCECONDEMN,N
22642,J_3,B9ISRAELLOYALTY,N
22642,J_3,B10JEWISHRIGHTS,N
11727,J_3,B6CHARACTERIZEISRAEL,N
11727,J_3,B7COLLECTIVEBLAME,N
11727,J_3,B7ISRAELAGENT,N
11727,J_3,B8FORCECONDEMN,N
11727,J_3,B9ISRAELLOYALTY,N
11727,J_3,B10JEWISHRIGHTS,N
29175,J_3,B6CHARACTERIZEISRAEL,N
29175,J_3,B7COLLECTIVEBLAME,N
29175,J_3,B7ISRAELAGENT,N
29175,J_3,B8FORCECONDEMN,N
29175,J_3,B9ISRAELLOYALTY,N
29175,J_3,B10JEWISHRIGHTS,N
2506,J_3,API_ERROR,errored
48598,J_3,B6CHARACTERIZEISRAEL,N
48598,J_3,B7COLLECTIVEBLAME,N
48598,J_3,B7ISRAELAGENT,N
48598,J_3,B8FORCECONDEMN,N
48598,J_3,B9ISRAELLOYALTY,N
48598,J_3,B10JEWISHRIGHTS,A
21115,J_3,API_ERROR,errored
10158,J_3,API_ERROR,errored
33962,J_3,API_ERROR,errored
3539,J_3,API_ERROR,errored
5371,J_3,API_ERROR,errored
17946,J_3,API_ERROR,errored
47951,J_3,API_ERROR,errored
36633,J_3,B6CHARACTERIZEISRAEL,N
36633,J_3,B7COLLECTIVEBLAME,N
36633,J_3,B7ISRAELAGENT,N
36633,J_3,B8FORCECONDEMN,N
36633,J_3,B9ISRAELLOYALTY,N
36633,J_3,B10JEWISHRIGHTS,N
15770,J_3,B6CHARACTERIZEISRAEL,N
15770,J_3,B7COLLECTIVEBLAME,N
15770,J_3,B7ISRAELAGENT,N
15770,J_3,B8FORCECONDEMN,N
15770,J_3,B9ISRAELLOYALTY,N
15770,J_3,B10JEWISHRIGHTS,N
44545,J_3,API_ERROR,errored
47447,J_3,API_ERROR,errored
48597,J_3,B6CHARACTERIZEISRAEL,N
48597,J_3,B7COLLECTIVEBLAME,N
48597,J_3,B7ISRAELAGENT,N
48597,J_3,B8FORCECONDEMN,N
48597,J_3,B9ISRAELLOYALTY,N
48597,J_3,B10JEWISHRIGHTS,N
20379,J_3,B6CHARACTERIZEISRAEL,N
20379,J_3,B7COLLECTIVEBLAME,N
20379,J_3,B7ISRAELAGENT,N
20379,J_3,B8FORCECONDEMN,N
20379,J_3,B9ISRAELLOYALTY,N
20379,J_3,B10JEWISHRIGHTS,N
6358,J_3,API_ERROR,errored
24222,J_3,B6CHARACTERIZEISRAEL,N
24222,J_3,B7COLLECTIVEBLAME,N
24222,J_3,B7ISRAELAGENT,N
24222,J_3,B8FORCECONDEMN,N
24222,J_3,B9ISRAELLOYALTY,N
24222,J_3,B10JEWISHRIGHTS,N
48734,J_3,B6CHARACTERIZEISRAEL,N
48734,J_3,B7COLLECTIVEBLAME,N
48734,J_3,B7ISRAELAGENT,N
48734,J_3,B8FORCECONDEMN,N
48734,J_3,B9ISRAELLOYALTY,N
48734,J_3,B10JEWISHRIGHTS,N
41447,J_3,API_ERROR,errored
38404,J_3,B6CHARACTERIZEISRAEL,N
38404,J_3,B7COLLECTIVEBLAME,N
38404,J_3,B7ISRAELAGENT,N
38404,J_3,B8FORCECONDEMN,N
38404,J_3,B9ISRAELLOYALTY,N
38404,J_3,B10JEWISHRIGHTS,I
34023,J_3,API_ERROR,errored
3464,J_3,B6CHARACTERIZEISRAEL,N
3464,J_3,B7COLLECTIVEBLAME,N
3464,J_3,B7ISRAELAGENT,N
3464,J_3,B8FORCECONDEMN,N
3464,J_3,B9ISRAELLOYALTY,N
3464,J_3,B10JEWISHRIGHTS,N
1774,J_3,API_ERROR,errored
10880,J_3,API_ERROR,errored
8785,J_3,B6CHARACTERIZEISRAEL,N
8785,J_3,B7COLLECTIVEBLAME,N
8785,J_3,B7ISRAELAGENT,N
8785,J_3,B8FORCECONDEMN,N
8785,J_3,B9ISRAELLOYALTY,N
8785,J_3,B10JEWISHRIGHTS,N
18622,J_3,B6CHARACTERIZEISRAEL,N
18622,J_3,B7COLLECTIVEBLAME,N
18622,J_3,B7ISRAELAGENT,N
18622,J_3,B8FORCECONDEMN,N
18622,J_3,B9ISRAELLOYALTY,N
18622,J_3,B10JEWISHRIGHTS,N
911,J_3,API_ERROR,errored
46932,J_3,API_ERROR,errored
41587,J_3,API_ERROR,errored
1191,J_3,API_ERROR,errored
49502,J_3,B6CHARACTERIZEISRAEL,N
49502,J_3,B7COLLECTIVEBLAME,N
49502,J_3,B7ISRAELAGENT,N
49502,J_3,B8FORCECONDEMN,N
49502,J_3,B9ISRAELLOYALTY,N
49502,J_3,B10JEWISHRIGHTS,N
3915,J_3,API_ERROR,errored
7806,J_3,B6CHARACTERIZEISRAEL,N
7806,J_3,B7COLLECTIVEBLAME,N
7806,J_3,B7ISRAELAGENT,N
7806,J_3,B8FORCECONDEMN,N
7806,J_3,B9ISRAELLOYALTY,N
7806,J_3,B10JEWISHRIGHTS,N
24365,J_3,B6CHARACTERIZEISRAEL,N
24365,J_3,B7COLLECTIVEBLAME,N
24365,J_3,B7ISRAELAGENT,N
24365,J_3,B8FORCECONDEMN,N
24365,J_3,B9ISRAELLOYALTY,N
24365,J_3,B10JEWISHRIGHTS,N
48585,J_3,B6CHARACTERIZEISRAEL,N
48585,J_3,B7COLLECTIVEBLAME,N
48585,J_3,B7ISRAELAGENT,N
48585,J_3,B8FORCECONDEMN,N
48585,J_3,B9ISRAELLOYALTY,N
48585,J_3,B10JEWISHRIGHTS,N
19499,J_3,B6CHARACTERIZEISRAEL,N
19499,J_3,B7COLLECTIVEBLAME,N
19499,J_3,B7ISRAELAGENT,N
19499,J_3,B8FORCECONDEMN,N
19499,J_3,B9ISRAELLOYALTY,N
19499,J_3,B10JEWISHRIGHTS,N
5807,J_3,B6CHARACTERIZEISRAEL,N
5807,J_3,B7COLLECTIVEBLAME,N
5807,J_3,B7ISRAELAGENT,N
5807,J_3,B8FORCECONDEMN,N
5807,J_3,B9ISRAELLOYALTY,I
5807,J_3,B10JEWISHRIGHTS,N
45707,J_3,API_ERROR,errored
12071,J_3,API_ERROR,errored
31722,J_3,B6CHARACTERIZEISRAEL,N
31722,J_3,B7COLLECTIVEBLAME,N
31722,J_3,B7ISRAELAGENT,N
31722,J_3,B8FORCECONDEMN,N
31722,J_3,B9ISRAELLOYALTY,N
31722,J_3,B10JEWISHRIGHTS,N
3619,J_3,B6CHARACTERIZEISRAEL,N
3619,J_3,B7COLLECTIVEBLAME,N
3619,J_3,B7ISRAELAGENT,N
3619,J_3,B8FORCECONDEMN,N
3619,J_3,B9ISRAELLOYALTY,N
3619,J_3,B10JEWISHRIGHTS,N
28037,J_3,API_ERROR,errored
47823,J_3,API_ERROR,errored
40212,J_3,B6CHARACTERIZEISRAEL,A
40212,J_3,B7COLLECTIVEBLAME,N
40212,J_3,B7ISRAELAGENT,N
40212,J_3,B8FORCECONDEMN,N
40212,J_3,B9ISRAELLOYALTY,N
40212,J_3,B10JEWISHRIGHTS,N
10174,J_3,API_ERROR,errored
34142,J_3,API_ERROR,errored
34950,J_3,API_ERROR,errored
22387,J_3,B6CHARACTERIZEISRAEL,N
22387,J_3,B7COLLECTIVEBLAME,I
22387,J_3,B7ISRAELAGENT,N
22387,J_3,B8FORCECONDEMN,N
22387,J_3,B9ISRAELLOYALTY,N
22387,J_3,B10JEWISHRIGHTS,N
47657,J_3,B6CHARACTERIZEISRAEL,N
47657,J_3,B7COLLECTIVEBLAME,I
47657,J_3,B7ISRAELAGENT,N
47657,J_3,B8FORCECONDEMN,N
47657,J_3,B9ISRAELLOYALTY,N
47657,J_3,B10JEWISHRIGHTS,N
2553,J_3,B6CHARACTERIZEISRAEL,N
2553,J_3,B7COLLECTIVEBLAME,N
2553,J_3,B7ISRAELAGENT,N
2553,J_3,B8FORCECONDEMN,N
2553,J_3,B9ISRAELLOYALTY,N
2553,J_3,B10JEWISHRIGHTS,N
40947,J_3,B6CHARACTERIZEISRAEL,N
40947,J_3,B7COLLECTIVEBLAME,N
40947,J_3,B7ISRAELAGENT,N
40947,J_3,B8FORCECONDEMN,N
40947,J_3,B9ISRAELLOYALTY,N
40947,J_3,B10JEWISHRIGHTS,N
9822,J_3,API_ERROR,errored
20047,J_3,B6CHARACTERIZEISRAEL,N
20047,J_3,B7COLLECTIVEBLAME,N
20047,J_3,B7ISRAELAGENT,N
20047,J_3,B8FORCECONDEMN,N
20047,J_3,B9ISRAELLOYALTY,N
20047,J_3,B10JEWISHRIGHTS,E
4399,J_3,API_ERROR,errored
40294,J_3,B6CHARACTERIZEISRAEL,N
40294,J_3,B7COLLECTIVEBLAME,N
40294,J_3,B7ISRAELAGENT,N
40294,J_3,B8FORCECONDEMN,N
40294,J_3,B9ISRAELLOYALTY,N
40294,J_3,B10JEWISHRIGHTS,N
7723,J_3,B6CHARACTERIZEISRAEL,N
7723,J_3,B7COLLECTIVEBLAME,N
7723,J_3,B7ISRAELAGENT,N
7723,J_3,B8FORCECONDEMN,N
7723,J_3,B9ISRAELLOYALTY,N
7723,J_3,B10JEWISHRIGHTS,N
36326,J_3,B6CHARACTERIZEISRAEL,N
36326,J_3,B7COLLECTIVEBLAME,N
36326,J_3,B7ISRAELAGENT,N
36326,J_3,B8FORCECONDEMN,N
36326,J_3,B9ISRAELLOYALTY,N
36326,J_3,B10JEWISHRIGHTS,N
34184,J_3,API_ERROR,errored
638,J_3,B6CHARACTERIZEISRAEL,N
638,J_3,B7COLLECTIVEBLAME,N
638,J_3,B7ISRAELAGENT,N
638,J_3,B8FORCECONDEMN,N
638,J_3,B9ISRAELLOYALTY,N
638,J_3,B10JEWISHRIGHTS,N
9364,J_3,B6CHARACTERIZEISRAEL,N
9364,J_3,B7COLLECTIVEBLAME,N
9364,J_3,B7ISRAELAGENT,N
9364,J_3,B8FORCECONDEMN,N
9364,J_3,B9ISRAELLOYALTY,N
9364,J_3,B10JEWISHRIGHTS,N
46291,J_3,API_ERROR,errored
2589,J_3,API_ERROR,errored
14718,J_3,B6CHARACTERIZEISRAEL,N
14718,J_3,B7COLLECTIVEBLAME,N
14718,J_3,B7ISRAELAGENT,N
14718,J_3,B8FORCECONDEMN,N
14718,J_3,B9ISRAELLOYALTY,N
14718,J_3,B10JEWISHRIGHTS,N
8745,J_3,B6CHARACTERIZEISRAEL,N
8745,J_3,B7COLLECTIVEBLAME,N
8745,J_3,B7ISRAELAGENT,N
8745,J_3,B8FORCECONDEMN,N
8745,J_3,B9ISRAELLOYALTY,N
8745,J_3,B10JEWISHRIGHTS,N
48530,J_3,B6CHARACTERIZEISRAEL,N
48530,J_3,B7COLLECTIVEBLAME,N
48530,J_3,B7ISRAELAGENT,N
48530,J_3,B8FORCECONDEMN,N
48530,J_3,B9ISRAELLOYALTY,N
48530,J_3,B10JEWISHRIGHTS,N
16532,J_3,API_ERROR,errored
31160,J_3,B6CHARACTERIZEISRAEL,N
31160,J_3,B7COLLECTIVEBLAME,N
31160,J_3,B7ISRAELAGENT,N
31160,J_3,B8FORCECONDEMN,N
31160,J_3,B9ISRAELLOYALTY,N
31160,J_3,B10JEWISHRIGHTS,N
48161,J_3,B6CHARACTERIZEISRAEL,I
48161,J_3,B7COLLECTIVEBLAME,I
48161,J_3,B7ISRAELAGENT,N
48161,J_3,B8FORCECONDEMN,N
48161,J_3,B9ISRAELLOYALTY,N
48161,J_3,B10JEWISHRIGHTS,I
6427,J_3,B6CHARACTERIZEISRAEL,N
6427,J_3,B7COLLECTIVEBLAME,N
6427,J_3,B7ISRAELAGENT,N
6427,J_3,B8FORCECONDEMN,N
6427,J_3,B9ISRAELLOYALTY,N
6427,J_3,B10JEWISHRIGHTS,N
10247,J_3,B6CHARACTERIZEISRAEL,N
10247,J_3,B7COLLECTIVEBLAME,N
10247,J_3,B7ISRAELAGENT,N
10247,J_3,B8FORCECONDEMN,N
10247,J_3,B9ISRAELLOYALTY,N
10247,J_3,B10JEWISHRIGHTS,N
11441,J_3,B6CHARACTERIZEISRAEL,E
11441,J_3,B7COLLECTIVEBLAME,I
11441,J_3,B7ISRAELAGENT,N
11441,J_3,B8FORCECONDEMN,N
11441,J_3,B9ISRAELLOYALTY,N
11441,J_3,B10JEWISHRIGHTS,N
29681,J_3,API_ERROR,errored
48389,J_3,B6CHARACTERIZEISRAEL,N
48389,J_3,B7COLLECTIVEBLAME,N
48389,J_3,B7ISRAELAGENT,N
48389,J_3,B8FORCECONDEMN,N
48389,J_3,B9ISRAELLOYALTY,N
48389,J_3,B10JEWISHRIGHTS,N
25325,J_3,API_ERROR,errored
29254,J_3,B6CHARACTERIZEISRAEL,N
29254,J_3,B7COLLECTIVEBLAME,N
29254,J_3,B7ISRAELAGENT,N
29254,J_3,B8FORCECONDEMN,N
29254,J_3,B9ISRAELLOYALTY,N
29254,J_3,B10JEWISHRIGHTS,N
6951,J_3,B6CHARACTERIZEISRAEL,N
6951,J_3,B7COLLECTIVEBLAME,N
6951,J_3,B7ISRAELAGENT,N
6951,J_3,B8FORCECONDEMN,N
6951,J_3,B9ISRAELLOYALTY,N
6951,J_3,B10JEWISHRIGHTS,N
4440,J_3,B6CHARACTERIZEISRAEL,N
4440,J_3,B7COLLECTIVEBLAME,N
4440,J_3,B7ISRAELAGENT,N
4440,J_3,B8FORCECONDEMN,N
4440,J_3,B9ISRAELLOYALTY,N
4440,J_3,B10JEWISHRIGHTS,N
37243,J_3,API_ERROR,errored
40088,J_3,API_ERROR,errored
49849,J_3,API_ERROR,errored
18257,J_3,API_ERROR,errored
37213,J_3,API_ERROR,errored
42267,J_3,B6CHARACTERIZEISRAEL,N
42267,J_3,B7COLLECTIVEBLAME,N
42267,J_3,B7ISRAELAGENT,N
42267,J_3,B8FORCECONDEMN,N
42267,J_3,B9ISRAELLOYALTY,N
42267,J_3,B10JEWISHRIGHTS,N
41889,J_3,API_ERROR,errored
48122,J_3,API_ERROR,errored
40876,J_3,API_ERROR,errored
10177,J_3,API_ERROR,errored
20594,J_3,API_ERROR,errored
1285,J_3,API_ERROR,errored
12227,J_3,API_ERROR,errored
32677,J_3,B6CHARACTERIZEISRAEL,N
32677,J_3,B7COLLECTIVEBLAME,N
32677,J_3,B7ISRAELAGENT,N
32677,J_3,B8FORCECONDEMN,N
32677,J_3,B9ISRAELLOYALTY,N
32677,J_3,B10JEWISHRIGHTS,N
33340,J_3,API_ERROR,errored
9295,J_3,API_ERROR,errored
44681,J_3,B6CHARACTERIZEISRAEL,N
44681,J_3,B7COLLECTIVEBLAME,N
44681,J_3,B7ISRAELAGENT,N
44681,J_3,B8FORCECONDEMN,N
44681,J_3,B9ISRAELLOYALTY,N
44681,J_3,B10JEWISHRIGHTS,N
14602,J_3,API_ERROR,errored
23795,J_3,API_ERROR,errored
32313,J_3,B6CHARACTERIZEISRAEL,N
32313,J_3,B7COLLECTIVEBLAME,N
32313,J_3,B7ISRAELAGENT,N
32313,J_3,B8FORCECONDEMN,N
32313,J_3,B9ISRAELLOYALTY,N
32313,J_3,B10JEWISHRIGHTS,N
20019,J_3,B6CHARACTERIZEISRAEL,N
20019,J_3,B7COLLECTIVEBLAME,N
20019,J_3,B7ISRAELAGENT,N
20019,J_3,B8FORCECONDEMN,N
20019,J_3,B9ISRAELLOYALTY,N
20019,J_3,B10JEWISHRIGHTS,N
28375,J_3,B6CHARACTERIZEISRAEL,N
28375,J_3,B7COLLECTIVEBLAME,N
28375,J_3,B7ISRAELAGENT,N
28375,J_3,B8FORCECONDEMN,N
28375,J_3,B9ISRAELLOYALTY,N
28375,J_3,B10JEWISHRIGHTS,N
30754,J_3,API_ERROR,errored
17933,J_3,B6CHARACTERIZEISRAEL,N
17933,J_3,B7COLLECTIVEBLAME,N
17933,J_3,B7ISRAELAGENT,N
17933,J_3,B8FORCECONDEMN,N
17933,J_3,B9ISRAELLOYALTY,N
17933,J_3,B10JEWISHRIGHTS,N
6819,J_3,B6CHARACTERIZEISRAEL,N
6819,J_3,B7COLLECTIVEBLAME,N
6819,J_3,B7ISRAELAGENT,N
6819,J_3,B8FORCECONDEMN,N
6819,J_3,B9ISRAELLOYALTY,N
6819,J_3,B10JEWISHRIGHTS,N
3792,J_3,B6CHARACTERIZEISRAEL,N
3792,J_3,B7COLLECTIVEBLAME,N
3792,J_3,B7ISRAELAGENT,N
3792,J_3,B8FORCECONDEMN,N
3792,J_3,B9ISRAELLOYALTY,N
3792,J_3,B10JEWISHRIGHTS,N
17669,J_3,B6CHARACTERIZEISRAEL,N
17669,J_3,B7COLLECTIVEBLAME,N
17669,J_3,B7ISRAELAGENT,N
17669,J_3,B8FORCECONDEMN,N
17669,J_3,B9ISRAELLOYALTY,N
17669,J_3,B10JEWISHRIGHTS,N
8427,J_3,API_ERROR,errored
41776,J_3,API_ERROR,errored
43101,J_3,API_ERROR,errored
39214,J_3,API_ERROR,errored
31827,J_3,API_ERROR,errored
15387,J_3,B6CHARACTERIZEISRAEL,N
15387,J_3,B7COLLECTIVEBLAME,N
15387,J_3,B7ISRAELAGENT,N
15387,J_3,B8FORCECONDEMN,N
15387,J_3,B9ISRAELLOYALTY,N
15387,J_3,B10JEWISHRIGHTS,N
32911,J_3,API_ERROR,errored
3232,J_3,B6CHARACTERIZEISRAEL,N
3232,J_3,B7COLLECTIVEBLAME,N
3232,J_3,B7ISRAELAGENT,N
3232,J_3,B8FORCECONDEMN,N
3232,J_3,B9ISRAELLOYALTY,N
3232,J_3,B10JEWISHRIGHTS,N
9406,J_3,API_ERROR,errored
28542,J_3,API_ERROR,errored
20708,J_3,API_ERROR,errored
40439,J_3,API_ERROR,errored
43747,J_3,API_ERROR,errored
40405,J_3,B6CHARACTERIZEISRAEL,N
40405,J_3,B7COLLECTIVEBLAME,N
40405,J_3,B7ISRAELAGENT,N
40405,J_3,B8FORCECONDEMN,N
40405,J_3,B9ISRAELLOYALTY,N
40405,J_3,B10JEWISHRIGHTS,N
38510,J_3,API_ERROR,errored
9023,J_3,B6CHARACTERIZEISRAEL,N
9023,J_3,B7COLLECTIVEBLAME,N
9023,J_3,B7ISRAELAGENT,N
9023,J_3,B8FORCECONDEMN,N
9023,J_3,B9ISRAELLOYALTY,N
9023,J_3,B10JEWISHRIGHTS,N
2787,J_3,API_ERROR,errored
6751,J_3,API_ERROR,errored
32679,J_3,API_ERROR,errored
18509,J_3,B6CHARACTERIZEISRAEL,N
18509,J_3,B7COLLECTIVEBLAME,N
18509,J_3,B7ISRAELAGENT,N
18509,J_3,B8FORCECONDEMN,N
18509,J_3,B9ISRAELLOYALTY,N
18509,J_3,B10JEWISHRIGHTS,N
2683,J_3,B6CHARACTERIZEISRAEL,N
2683,J_3,B7COLLECTIVEBLAME,N
2683,J_3,B7ISRAELAGENT,N
2683,J_3,B8FORCECONDEMN,N
2683,J_3,B9ISRAELLOYALTY,N
2683,J_3,B10JEWISHRIGHTS,N
24489,J_3,API_ERROR,errored
36458,J_3,B6CHARACTERIZEISRAEL,N
36458,J_3,B7COLLECTIVEBLAME,N
36458,J_3,B7ISRAELAGENT,N
36458,J_3,B8FORCECONDEMN,N
36458,J_3,B9ISRAELLOYALTY,N
36458,J_3,B10JEWISHRIGHTS,N
463,J_3,API_ERROR,errored
49529,J_3,API_ERROR,errored
596,J_3,API_ERROR,errored
44630,J_3,API_ERROR,errored
30487,J_3,B6CHARACTERIZEISRAEL,N
30487,J_3,B7COLLECTIVEBLAME,N
30487,J_3,B7ISRAELAGENT,N
30487,J_3,B8FORCECONDEMN,N
30487,J_3,B9ISRAELLOYALTY,N
30487,J_3,B10JEWISHRIGHTS,N
31888,J_3,API_ERROR,errored
42381,J_3,B6CHARACTERIZEISRAEL,N
42381,J_3,B7COLLECTIVEBLAME,N
42381,J_3,B7ISRAELAGENT,A
42381,J_3,B8FORCECONDEMN,N
42381,J_3,B9ISRAELLOYALTY,A
42381,J_3,B10JEWISHRIGHTS,N
4274,J_3,API_ERROR,errored
27122,J_3,B6CHARACTERIZEISRAEL,N
27122,J_3,B7COLLECTIVEBLAME,N
27122,J_3,B7ISRAELAGENT,N
27122,J_3,B8FORCECONDEMN,N
27122,J_3,B9ISRAELLOYALTY,N
27122,J_3,B10JEWISHRIGHTS,N
2009,J_3,API_ERROR,errored
49717,J_3,B6CHARACTERIZEISRAEL,N
49717,J_3,B7COLLECTIVEBLAME,I
49717,J_3,B7ISRAELAGENT,N
49717,J_3,B8FORCECONDEMN,N
49717,J_3,B9ISRAELLOYALTY,N
49717,J_3,B10JEWISHRIGHTS,N
47005,J_3,API_ERROR,errored
1390,J_3,B6CHARACTERIZEISRAEL,N
1390,J_3,B7COLLECTIVEBLAME,N
1390,J_3,B7ISRAELAGENT,N
1390,J_3,B8FORCECONDEMN,N
1390,J_3,B9ISRAELLOYALTY,N
1390,J_3,B10JEWISHRIGHTS,N
12203,J_3,B6CHARACTERIZEISRAEL,N
12203,J_3,B7COLLECTIVEBLAME,N
12203,J_3,B7ISRAELAGENT,N
12203,J_3,B8FORCECONDEMN,N
12203,J_3,B9ISRAELLOYALTY,N
12203,J_3,B10JEWISHRIGHTS,N
15283,J_3,API_ERROR,errored
17491,J_3,B6CHARACTERIZEISRAEL,N
17491,J_3,B7COLLECTIVEBLAME,N
17491,J_3,B7ISRAELAGENT,N
17491,J_3,B8FORCECONDEMN,N
17491,J_3,B9ISRAELLOYALTY,N
17491,J_3,B10JEWISHRIGHTS,N
7525,J_3,B6CHARACTERIZEISRAEL,N
7525,J_3,B7COLLECTIVEBLAME,N
7525,J_3,B7ISRAELAGENT,N
7525,J_3,B8FORCECONDEMN,N
7525,J_3,B9ISRAELLOYALTY,N
7525,J_3,B10JEWISHRIGHTS,N
4898,J_3,B6CHARACTERIZEISRAEL,N
4898,J_3,B7COLLECTIVEBLAME,N
4898,J_3,B7ISRAELAGENT,N
4898,J_3,B8FORCECONDEMN,N
4898,J_3,B9ISRAELLOYALTY,N
4898,J_3,B10JEWISHRIGHTS,N
9309,J_3,B6CHARACTERIZEISRAEL,N
9309,J_3,B7COLLECTIVEBLAME,N
9309,J_3,B7ISRAELAGENT,N
9309,J_3,B8FORCECONDEMN,N
9309,J_3,B9ISRAELLOYALTY,N
9309,J_3,B10JEWISHRIGHTS,N
11140,J_3,B6CHARACTERIZEISRAEL,N
11140,J_3,B7COLLECTIVEBLAME,N
11140,J_3,B7ISRAELAGENT,N
11140,J_3,B8FORCECONDEMN,N
11140,J_3,B9ISRAELLOYALTY,N
11140,J_3,B10JEWISHRIGHTS,N
46063,J_3,B6CHARACTERIZEISRAEL,N
46063,J_3,B7COLLECTIVEBLAME,N
46063,J_3,B7ISRAELAGENT,N
46063,J_3,B8FORCECONDEMN,N
46063,J_3,B9ISRAELLOYALTY,N
46063,J_3,B10JEWISHRIGHTS,E
14668,J_3,API_ERROR,errored
14651,J_3,API_ERROR,errored
9549,J_3,B6CHARACTERIZEISRAEL,N
9549,J_3,B7COLLECTIVEBLAME,N
9549,J_3,B7ISRAELAGENT,N
9549,J_3,B8FORCECONDEMN,N
9549,J_3,B9ISRAELLOYALTY,N
9549,J_3,B10JEWISHRIGHTS,N
3484,J_3,API_ERROR,errored
16502,J_3,B6CHARACTERIZEISRAEL,N
16502,J_3,B7COLLECTIVEBLAME,N
16502,J_3,B7ISRAELAGENT,N
16502,J_3,B8FORCECONDEMN,N
16502,J_3,B9ISRAELLOYALTY,N
16502,J_3,B10JEWISHRIGHTS,E
20732,J_3,API_ERROR,errored
35317,J_3,API_ERROR,errored
6163,J_3,API_ERROR,errored
42504,J_3,API_ERROR,errored
34706,J_3,B6CHARACTERIZEISRAEL,N
34706,J_3,B7COLLECTIVEBLAME,N
34706,J_3,B7ISRAELAGENT,N
34706,J_3,B8FORCECONDEMN,N
34706,J_3,B9ISRAELLOYALTY,N
34706,J_3,B10JEWISHRIGHTS,N
44923,J_3,API_ERROR,errored
29334,J_3,B6CHARACTERIZEISRAEL,N
29334,J_3,B7COLLECTIVEBLAME,N
29334,J_3,B7ISRAELAGENT,N
29334,J_3,B8FORCECONDEMN,N
29334,J_3,B9ISRAELLOYALTY,N
29334,J_3,B10JEWISHRIGHTS,N
33677,J_3,API_ERROR,errored
5872,J_3,API_ERROR,errored
18005,J_3,B6CHARACTERIZEISRAEL,N
18005,J_3,B7COLLECTIVEBLAME,N
18005,J_3,B7ISRAELAGENT,N
18005,J_3,B8FORCECONDEMN,N
18005,J_3,B9ISRAELLOYALTY,N
18005,J_3,B10JEWISHRIGHTS,N
40049,J_3,API_ERROR,errored
8229,J_3,B6CHARACTERIZEISRAEL,N
8229,J_3,B7COLLECTIVEBLAME,N
8229,J_3,B7ISRAELAGENT,N
8229,J_3,B8FORCECONDEMN,N
8229,J_3,B9ISRAELLOYALTY,N
8229,J_3,B10JEWISHRIGHTS,N
20011,J_3,B6CHARACTERIZEISRAEL,N
20011,J_3,B7COLLECTIVEBLAME,N
20011,J_3,B7ISRAELAGENT,N
20011,J_3,B8FORCECONDEMN,N
20011,J_3,B9ISRAELLOYALTY,N
20011,J_3,B10JEWISHRIGHTS,N
24519,J_3,API_ERROR,errored
27534,J_3,B6CHARACTERIZEISRAEL,N
27534,J_3,B7COLLECTIVEBLAME,N
27534,J_3,B7ISRAELAGENT,N
27534,J_3,B8FORCECONDEMN,N
27534,J_3,B9ISRAELLOYALTY,N
27534,J_3,B10JEWISHRIGHTS,E
38407,J_3,B6CHARACTERIZEISRAEL,N
38407,J_3,B7COLLECTIVEBLAME,N
38407,J_3,B7ISRAELAGENT,N
38407,J_3,B8FORCECONDEMN,N
38407,J_3,B9ISRAELLOYALTY,N
38407,J_3,B10JEWISHRIGHTS,N
