comment_id,block,code_id,label
20267,J_NO_1,C11PALESTINIANJUSTICE,N
20267,J_NO_1,C11PALESTINIANRIGHTS,N
20267,J_NO_1,C12ZIONCRITICAL,N
20267,J_NO_1,C12SOLUTIONS,N
20267,J_NO_1,C12EQUALRIGHTS,N
20267,J_NO_1,C13ISRAELEVIDENCE,N
20267,J_NO_1,C13ISRAELINSTITUTIONS,N
20267,J_NO_1,C13ISRAELPOLICIES,N
20267,J_NO_1,C13ISRAELOPT,N
20267,J_NO_1,C13ISRAELREGION,N
20267,J_NO_1,C13ISRAELDISCRIMINATION,N
20267,J_NO_1,C13ISRAELNORMS,N
20267,J_NO_1,C13ISRAELCOMPARE,N
20267,J_NO_1,C14BDS,N
20267,J_NO_1,C15REASONABLE,N
20267,J_NO_1,C15DOUBLESTANDARD,N
49245,J_NO_1,C11PALESTINIANJUSTICE,N
49245,J_NO_1,C11PALESTINIANRIGHTS,N
49245,J_NO_1,C12ZIONCRITICAL,N
49245,J_NO_1,C12SOLUTIONS,N
49245,J_NO_1,C12EQUALRIGHTS,N
49245,J_NO_1,C13ISRAELEVIDENCE,N
49245,J_NO_1,C13ISRAELINSTITUTIONS,N
49245,J_NO_1,C13ISRAELPOLICIES,N
49245,J_NO_1,C13ISRAELOPT,N
49245,J_NO_1,C13ISRAELREGION,N
49245,J_NO_1,C13ISRAELDISCRIMINATION,N
49245,J_NO_1,C13ISRAELNORMS,N
49245,J_NO_1,C13ISRAELCOMPARE,N
49245,J_NO_1,C14BDS,N
49245,J_NO_1,C15REASONABLE,N
49245,J_NO_1,C15DOUBLESTANDARD,N
27940,J_NO_1,C11PALESTINIANJUSTICE,N
27940,J_NO_1,C11PALESTINIANRIGHTS,N
27940,J_NO_1,C12ZIONCRITICAL,N
27940,J_NO_1,C12SOLUTIONS,N
27940,J_NO_1,C12EQUALRIGHTS,N
27940,J_NO_1,C13ISRAELEVIDENCE,N
27940,J_NO_1,C13ISRAELINSTITUTIONS,N
27940,J_NO_1,C13ISRAELPOLICIES,N
27940,J_NO_1,C13ISRAELOPT,N
27940,J_NO_1,C13ISRAELREGION,N
27940,J_NO_1,C13ISRAELDISCRIMINATION,N
27940,J_NO_1,C13ISRAELNORMS,N
27940,J_NO_1,C13ISRAELCOMPARE,N
27940,J_NO_1,C14BDS,N
27940,J_NO_1,C15REASONABLE,N
27940,J_NO_1,C15DOUBLESTANDARD,N
41889,J_NO_1,C11PALESTINIANJUSTICE,N
41889,J_NO_1,C11PALESTINIANRIGHTS,N
41889,J_NO_1,C12ZIONCRITICAL,N
41889,J_NO_1,C12SOLUTIONS,N
41889,J_NO_1,C12EQUALRIGHTS,N
41889,J_NO_1,C13ISRAELEVIDENCE,N
41889,J_NO_1,C13ISRAELINSTITUTIONS,N
41889,J_NO_1,C13ISRAELPOLICIES,N
41889,J_NO_1,C13ISRAELOPT,N
41889,J_NO_1,C13ISRAELREGION,N
41889,J_NO_1,C13ISRAELDISCRIMINATION,N
41889,J_NO_1,C13ISRAELNORMS,N
41889,J_NO_1,C13ISRAELCOMPARE,N
41889,J_NO_1,C14BDS,N
41889,J_NO_1,C15REASONABLE,N
41889,J_NO_1,C15DOUBLESTANDARD,N
47818,J_NO_1,C11PALESTINIANJUSTICE,N
47818,J_NO_1,C11PALESTINIANRIGHTS,N
47818,J_NO_1,C12ZIONCRITICAL,N
47818,J_NO_1,C12SOLUTIONS,N
47818,J_NO_1,C12EQUALRIGHTS,N
47818,J_NO_1,C13ISRAELEVIDENCE,N
47818,J_NO_1,C13ISRAELINSTITUTIONS,N
47818,J_NO_1,C13ISRAELPOLICIES,N
47818,J_NO_1,C13ISRAELOPT,N
47818,J_NO_1,C13ISRAELREGION,N
47818,J_NO_1,C13ISRAELDISCRIMINATION,N
47818,J_NO_1,C13ISRAELNORMS,N
47818,J_NO_1,C13ISRAELCOMPARE,N
47818,J_NO_1,C14BDS,N
47818,J_NO_1,C15REASONABLE,N
47818,J_NO_1,C15DOUBLESTANDARD,N
14498,J_NO_1,C11PALESTINIANJUSTICE,N
14498,J_NO_1,C11PALESTINIANRIGHTS,N
14498,J_NO_1,C12ZIONCRITICAL,N
14498,J_NO_1,C12SOLUTIONS,N
14498,J_NO_1,C12EQUALRIGHTS,N
14498,J_NO_1,C13ISRAELEVIDENCE,N
14498,J_NO_1,C13ISRAELINSTITUTIONS,N
14498,J_NO_1,C13ISRAELPOLICIES,N
14498,J_NO_1,C13ISRAELOPT,N
14498,J_NO_1,C13ISRAELREGION,N
14498,J_NO_1,C13ISRAELDISCRIMINATION,N
14498,J_NO_1,C13ISRAELNORMS,N
14498,J_NO_1,C13ISRAELCOMPARE,N
14498,J_NO_1,C14BDS,N
14498,J_NO_1,C15REASONABLE,N
14498,J_NO_1,C15DOUBLESTANDARD,N
36501,J_NO_1,C11PALESTINIANJUSTICE,N
36501,J_NO_1,C11PALESTINIANRIGHTS,N
36501,J_NO_1,C12ZIONCRITICAL,N
36501,J_NO_1,C12SOLUTIONS,N
36501,J_NO_1,C12EQUALRIGHTS,N
36501,J_NO_1,C13ISRAELEVIDENCE,N
36501,J_NO_1,C13ISRAELINSTITUTIONS,N
36501,J_NO_1,C13ISRAELPOLICIES,N
36501,J_NO_1,C13ISRAELOPT,N
36501,J_NO_1,C13ISRAELREGION,N
36501,J_NO_1,C13ISRAELDISCRIMINATION,N
36501,J_NO_1,C13ISRAELNORMS,N
36501,J_NO_1,C13ISRAELCOMPARE,N
36501,J_NO_1,C14BDS,N
36501,J_NO_1,C15REASONABLE,N
36501,J_NO_1,C15DOUBLESTANDARD,N
14847,J_NO_1,C11PALESTINIANJUSTICE,N
14847,J_NO_1,C11PALESTINIANRIGHTS,N
14847,J_NO_1,C12ZIONCRITICAL,N
14847,J_NO_1,C12SOLUTIONS,N
14847,J_NO_1,C12EQUALRIGHTS,N
14847,J_NO_1,C13ISRAELEVIDENCE,N
14847,J_NO_1,C13ISRAELINSTITUTIONS,N
14847,J_NO_1,C13ISRAELPOLICIES,N
14847,J_NO_1,C13ISRAELOPT,N
14847,J_NO_1,C13ISRAELREGION,N
14847,J_NO_1,C13ISRAELDISCRIMINATION,N
14847,J_NO_1,C13ISRAELNORMS,N
14847,J_NO_1,C13ISRAELCOMPARE,N
14847,J_NO_1,C14BDS,N
14847,J_NO_1,C15REASONABLE,N
14847,J_NO_1,C15DOUBLESTANDARD,N
40876,J_NO_1,C11PALESTINIANJUSTICE,N
40876,J_NO_1,C11PALESTINIANRIGHTS,N
40876,J_NO_1,C12ZIONCRITICAL,N
40876,J_NO_1,C12SOLUTIONS,N
40876,J_NO_1,C12EQUALRIGHTS,N
40876,J_NO_1,C13ISRAELEVIDENCE,N
40876,J_NO_1,C13ISRAELINSTITUTIONS,N
40876,J_NO_1,C13ISRAELPOLICIES,N
40876,J_NO_1,C13ISRAELOPT,N
40876,J_NO_1,C13ISRAELREGION,N
40876,J_NO_1,C13ISRAELDISCRIMINATION,N
40876,J_NO_1,C13ISRAELNORMS,N
40876,J_NO_1,C13ISRAELCOMPARE,N
40876,J_NO_1,C14BDS,N
40876,J_NO_1,C15REASONABLE,N
40876,J_NO_1,C15DOUBLESTANDARD,N
30656,J_NO_1,C11PALESTINIANJUSTICE,N
30656,J_NO_1,C11PALESTINIANRIGHTS,N
30656,J_NO_1,C12ZIONCRITICAL,N
30656,J_NO_1,C12SOLUTIONS,N
30656,J_NO_1,C12EQUALRIGHTS,N
30656,J_NO_1,C13ISRAELEVIDENCE,N
30656,J_NO_1,C13ISRAELINSTITUTIONS,N
30656,J_NO_1,C13ISRAELPOLICIES,N
30656,J_NO_1,C13ISRAELOPT,N
30656,J_NO_1,C13ISRAELREGION,N
30656,J_NO_1,C13ISRAELDISCRIMINATION,N
30656,J_NO_1,C13ISRAELNORMS,N
30656,J_NO_1,C13ISRAELCOMPARE,N
30656,J_NO_1,C14BDS,N
30656,J_NO_1,C15REASONABLE,N
30656,J_NO_1,C15DOUBLESTANDARD,N
13368,J_NO_1,C11PALESTINIANJUSTICE,N
13368,J_NO_1,C11PALESTINIANRIGHTS,N
13368,J_NO_1,C12ZIONCRITICAL,N
13368,J_NO_1,C12SOLUTIONS,N
13368,J_NO_1,C12EQUALRIGHTS,N
13368,J_NO_1,C13ISRAELEVIDENCE,N
13368,J_NO_1,C13ISRAELINSTITUTIONS,N
13368,J_NO_1,C13ISRAELPOLICIES,N
13368,J_NO_1,C13ISRAELOPT,N
13368,J_NO_1,C13ISRAELREGION,N
13368,J_NO_1,C13ISRAELDISCRIMINATION,N
13368,J_NO_1,C13ISRAELNORMS,N
13368,J_NO_1,C13ISRAELCOMPARE,N
13368,J_NO_1,C14BDS,N
13368,J_NO_1,C15REASONABLE,N
13368,J_NO_1,C15DOUBLESTANDARD,N
39465,J_NO_1,C11PALESTINIANJUSTICE,N
39465,J_NO_1,C11PALESTINIANRIGHTS,N
39465,J_NO_1,C12ZIONCRITICAL,N
39465,J_NO_1,C12SOLUTIONS,N
39465,J_NO_1,C12EQUALRIGHTS,N
39465,J_NO_1,C13ISRAELEVIDENCE,N
39465,J_NO_1,C13ISRAELINSTITUTIONS,N
39465,J_NO_1,C13ISRAELPOLICIES,N
39465,J_NO_1,C13ISRAELOPT,N
39465,J_NO_1,C13ISRAELREGION,N
39465,J_NO_1,C13ISRAELDISCRIMINATION,N
39465,J_NO_1,C13ISRAELNORMS,N
39465,J_NO_1,C13ISRAELCOMPARE,N
39465,J_NO_1,C14BDS,N
39465,J_NO_1,C15REASONABLE,N
39465,J_NO_1,C15DOUBLESTANDARD,N
35885,J_NO_1,C11PALESTINIANJUSTICE,N
35885,J_NO_1,C11PALESTINIANRIGHTS,N
35885,J_NO_1,C12ZIONCRITICAL,N
35885,J_NO_1,C12SOLUTIONS,N
35885,J_NO_1,C12EQUALRIGHTS,N
35885,J_NO_1,C13ISRAELEVIDENCE,N
35885,J_NO_1,C13ISRAELINSTITUTIONS,N
35885,J_NO_1,C13ISRAELPOLICIES,N
35885,J_NO_1,C13ISRAELOPT,N
35885,J_NO_1,C13ISRAELREGION,N
35885,J_NO_1,C13ISRAELDISCRIMINATION,N
35885,J_NO_1,C13ISRAELNORMS,N
35885,J_NO_1,C13ISRAELCOMPARE,N
35885,J_NO_1,C14BDS,N
35885,J_NO_1,C15REASONABLE,N
35885,J_NO_1,C15DOUBLESTANDARD,N
8453,J_NO_1,C11PALESTINIANJUSTICE,N
8453,J_NO_1,C11PALESTINIANRIGHTS,N
8453,J_NO_1,C12ZIONCRITICAL,N
8453,J_NO_1,C12SOLUTIONS,N
8453,J_NO_1,C12EQUALRIGHTS,N
8453,J_NO_1,C13ISRAELEVIDENCE,N
8453,J_NO_1,C13ISRAELINSTITUTIONS,N
8453,J_NO_1,C13ISRAELPOLICIES,N
8453,J_NO_1,C13ISRAELOPT,N
8453,J_NO_1,C13ISRAELREGION,N
8453,J_NO_1,C13ISRAELDISCRIMINATION,N
8453,J_NO_1,C13ISRAELNORMS,N
8453,J_NO_1,C13ISRAELCOMPARE,N
8453,J_NO_1,C14BDS,N
8453,J_NO_1,C15REASONABLE,N
8453,J_NO_1,C15DOUBLESTANDARD,N
20379,J_NO_1,C11PALESTINIANJUSTICE,N
20379,J_NO_1,C11PALESTINIANRIGHTS,N
20379,J_NO_1,C12ZIONCRITICAL,N
20379,J_NO_1,C12SOLUTIONS,N
20379,J_NO_1,C12EQUALRIGHTS,N
20379,J_NO_1,C13ISRAELEVIDENCE,N
20379,J_NO_1,C13ISRAELINSTITUTIONS,N
20379,J_NO_1,C13ISRAELPOLICIES,N
20379,J_NO_1,C13ISRAELOPT,N
20379,J_NO_1,C13ISRAELREGION,N
20379,J_NO_1,C13ISRAELDISCRIMINATION,N
20379,J_NO_1,C13ISRAELNORMS,N
20379,J_NO_1,C13ISRAELCOMPARE,N
20379,J_NO_1,C14BDS,N
20379,J_NO_1,C15REASONABLE,N
20379,J_NO_1,C15DOUBLESTANDARD,N
44358,J_NO_1,C11PALESTINIANJUSTICE,N
44358,J_NO_1,C11PALESTINIANRIGHTS,N
44358,J_NO_1,C12ZIONCRITICAL,N
44358,J_NO_1,C12SOLUTIONS,N
44358,J_NO_1,C12EQUALRIGHTS,N
44358,J_NO_1,C13ISRAELEVIDENCE,N
44358,J_NO_1,C13ISRAELINSTITUTIONS,N
44358,J_NO_1,C13ISRAELPOLICIES,N
44358,J_NO_1,C13ISRAELOPT,N
44358,J_NO_1,C13ISRAELREGION,N
44358,J_NO_1,C13ISRAELDISCRIMINATION,N
44358,J_NO_1,C13ISRAELNORMS,N
44358,J_NO_1,C13ISRAELCOMPARE,N
44358,J_NO_1,C14BDS,N
44358,J_NO_1,C15REASONABLE,N
44358,J_NO_1,C15DOUBLESTANDARD,N
48585,J_NO_1,C11PALESTINIANJUSTICE,N
48585,J_NO_1,C11PALESTINIANRIGHTS,N
48585,J_NO_1,C12ZIONCRITICAL,N
48585,J_NO_1,C12SOLUTIONS,N
48585,J_NO_1,C12EQUALRIGHTS,N
48585,J_NO_1,C13ISRAELEVIDENCE,N
48585,J_NO_1,C13ISRAELINSTITUTIONS,N
48585,J_NO_1,C13ISRAELPOLICIES,N
48585,J_NO_1,C13ISRAELOPT,N
48585,J_NO_1,C13ISRAELREGION,N
48585,J_NO_1,C13ISRAELDISCRIMINATION,N
48585,J_NO_1,C13ISRAELNORMS,N
48585,J_NO_1,C13ISRAELCOMPARE,N
48585,J_NO_1,C14BDS,N
48585,J_NO_1,C15REASONABLE,N
48585,J_NO_1,C15DOUBLESTANDARD,N
4166,J_NO_1,C11PALESTINIANJUSTICE,N
4166,J_NO_1,C11PALESTINIANRIGHTS,N
4166,J_NO_1,C12ZIONCRITICAL,N
4166,J_NO_1,C12SOLUTIONS,N
4166,J_NO_1,C12EQUALRIGHTS,N
4166,J_NO_1,C13ISRAELEVIDENCE,N
4166,J_NO_1,C13ISRAELINSTITUTIONS,N
4166,J_NO_1,C13ISRAELPOLICIES,N
4166,J_NO_1,C13ISRAELOPT,N
4166,J_NO_1,C13ISRAELREGION,N
4166,J_NO_1,C13ISRAELDISCRIMINATION,N
4166,J_NO_1,C13ISRAELNORMS,N
4166,J_NO_1,C13ISRAELCOMPARE,N
4166,J_NO_1,C14BDS,N
4166,J_NO_1,C15REASONABLE,N
4166,J_NO_1,C15DOUBLESTANDARD,N
43628,J_NO_1,C11PALESTINIANJUSTICE,N
43628,J_NO_1,C11PALESTINIANRIGHTS,N
43628,J_NO_1,C12ZIONCRITICAL,N
43628,J_NO_1,C12SOLUTIONS,N
43628,J_NO_1,C12EQUALRIGHTS,N
43628,J_NO_1,C13ISRAELEVIDENCE,N
43628,J_NO_1,C13ISRAELINSTITUTIONS,N
43628,J_NO_1,C13ISRAELPOLICIES,N
43628,J_NO_1,C13ISRAELOPT,N
43628,J_NO_1,C13ISRAELREGION,N
43628,J_NO_1,C13ISRAELDISCRIMINATION,N
43628,J_NO_1,C13ISRAELNORMS,N
43628,J_NO_1,C13ISRAELCOMPARE,N
43628,J_NO_1,C14BDS,N
43628,J_NO_1,C15REASONABLE,N
43628,J_NO_1,C15DOUBLESTANDARD,N
2173,J_NO_1,C11PALESTINIANJUSTICE,N
2173,J_NO_1,C11PALESTINIANRIGHTS,N
2173,J_NO_1,C12ZIONCRITICAL,N
2173,J_NO_1,C12SOLUTIONS,N
2173,J_NO_1,C12EQUALRIGHTS,N
2173,J_NO_1,C13ISRAELEVIDENCE,N
2173,J_NO_1,C13ISRAELINSTITUTIONS,N
2173,J_NO_1,C13ISRAELPOLICIES,N
2173,J_NO_1,C13ISRAELOPT,N
2173,J_NO_1,C13ISRAELREGION,N
2173,J_NO_1,C13ISRAELDISCRIMINATION,N
2173,J_NO_1,C13ISRAELNORMS,N
2173,J_NO_1,C13ISRAELCOMPARE,N
2173,J_NO_1,C14BDS,N
2173,J_NO_1,C15REASONABLE,N
2173,J_NO_1,C15DOUBLESTANDARD,N
2208,J_NO_1,C11PALESTINIANJUSTICE,N
2208,J_NO_1,C11PALESTINIANRIGHTS,N
2208,J_NO_1,C12ZIONCRITICAL,N
2208,J_NO_1,C12SOLUTIONS,N
2208,J_NO_1,C12EQUALRIGHTS,N
2208,J_NO_1,C13ISRAELEVIDENCE,N
2208,J_NO_1,C13ISRAELINSTITUTIONS,N
2208,J_NO_1,C13ISRAELPOLICIES,N
2208,J_NO_1,C13ISRAELOPT,N
2208,J_NO_1,C13ISRAELREGION,N
2208,J_NO_1,C13ISRAELDISCRIMINATION,N
2208,J_NO_1,C13ISRAELNORMS,N
2208,J_NO_1,C13ISRAELCOMPARE,N
2208,J_NO_1,C14BDS,N
2208,J_NO_1,C15REASONABLE,N
2208,J_NO_1,C15DOUBLESTANDARD,N
22849,J_NO_1,C11PALESTINIANJUSTICE,N
22849,J_NO_1,C11PALESTINIANRIGHTS,N
22849,J_NO_1,C12ZIONCRITICAL,N
22849,J_NO_1,C12SOLUTIONS,N
22849,J_NO_1,C12EQUALRIGHTS,N
22849,J_NO_1,C13ISRAELEVIDENCE,N
22849,J_NO_1,C13ISRAELINSTITUTIONS,N
22849,J_NO_1,C13ISRAELPOLICIES,N
22849,J_NO_1,C13ISRAELOPT,N
22849,J_NO_1,C13ISRAELREGION,N
22849,J_NO_1,C13ISRAELDISCRIMINATION,N
22849,J_NO_1,C13ISRAELNORMS,N
22849,J_NO_1,C13ISRAELCOMPARE,N
22849,J_NO_1,C14BDS,N
22849,J_NO_1,C15REASONABLE,N
22849,J_NO_1,C15DOUBLESTANDARD,N
9549,J_NO_1,C11PALESTINIANJUSTICE,N
9549,J_NO_1,C11PALESTINIANRIGHTS,N
9549,J_NO_1,C12ZIONCRITICAL,N
9549,J_NO_1,C12SOLUTIONS,N
9549,J_NO_1,C12EQUALRIGHTS,N
9549,J_NO_1,C13ISRAELEVIDENCE,N
9549,J_NO_1,C13ISRAELINSTITUTIONS,N
9549,J_NO_1,C13ISRAELPOLICIES,N
9549,J_NO_1,C13ISRAELOPT,N
9549,J_NO_1,C13ISRAELREGION,N
9549,J_NO_1,C13ISRAELDISCRIMINATION,N
9549,J_NO_1,C13ISRAELNORMS,N
9549,J_NO_1,C13ISRAELCOMPARE,N
9549,J_NO_1,C14BDS,N
9549,J_NO_1,C15REASONABLE,N
9549,J_NO_1,C15DOUBLESTANDARD,N
40226,J_NO_1,C11PALESTINIANJUSTICE,N
40226,J_NO_1,C11PALESTINIANRIGHTS,N
40226,J_NO_1,C12ZIONCRITICAL,N
40226,J_NO_1,C12SOLUTIONS,N
40226,J_NO_1,C12EQUALRIGHTS,N
40226,J_NO_1,C13ISRAELEVIDENCE,N
40226,J_NO_1,C13ISRAELINSTITUTIONS,N
40226,J_NO_1,C13ISRAELPOLICIES,N
40226,J_NO_1,C13ISRAELOPT,N
40226,J_NO_1,C13ISRAELREGION,N
40226,J_NO_1,C13ISRAELDISCRIMINATION,N
40226,J_NO_1,C13ISRAELNORMS,N
40226,J_NO_1,C13ISRAELCOMPARE,N
40226,J_NO_1,C14BDS,N
40226,J_NO_1,C15REASONABLE,N
40226,J_NO_1,C15DOUBLESTANDARD,N
3374,J_NO_1,C11PALESTINIANJUSTICE,N
3374,J_NO_1,C11PALESTINIANRIGHTS,N
3374,J_NO_1,C12ZIONCRITICAL,N
3374,J_NO_1,C12SOLUTIONS,N
3374,J_NO_1,C12EQUALRIGHTS,N
3374,J_NO_1,C13ISRAELEVIDENCE,N
3374,J_NO_1,C13ISRAELINSTITUTIONS,N
3374,J_NO_1,C13ISRAELPOLICIES,N
3374,J_NO_1,C13ISRAELOPT,N
3374,J_NO_1,C13ISRAELREGION,N
3374,J_NO_1,C13ISRAELDISCRIMINATION,N
3374,J_NO_1,C13ISRAELNORMS,N
3374,J_NO_1,C13ISRAELCOMPARE,N
3374,J_NO_1,C14BDS,N
3374,J_NO_1,C15REASONABLE,N
3374,J_NO_1,C15DOUBLESTANDARD,N
50034,J_NO_1,C11PALESTINIANJUSTICE,N
50034,J_NO_1,C11PALESTINIANRIGHTS,N
50034,J_NO_1,C12ZIONCRITICAL,N
50034,J_NO_1,C12SOLUTIONS,N
50034,J_NO_1,C12EQUALRIGHTS,N
50034,J_NO_1,C13ISRAELEVIDENCE,N
50034,J_NO_1,C13ISRAELINSTITUTIONS,N
50034,J_NO_1,C13ISRAELPOLICIES,N
50034,J_NO_1,C13ISRAELOPT,N
50034,J_NO_1,C13ISRAELREGION,N
50034,J_NO_1,C13ISRAELDISCRIMINATION,N
50034,J_NO_1,C13ISRAELNORMS,N
50034,J_NO_1,C13ISRAELCOMPARE,N
50034,J_NO_1,C14BDS,N
50034,J_NO_1,C15REASONABLE,N
50034,J_NO_1,C15DOUBLESTANDARD,N
48062,J_NO_1,C11PALESTINIANJUSTICE,N
48062,J_NO_1,C11PALESTINIANRIGHTS,N
48062,J_NO_1,C12ZIONCRITICAL,N
48062,J_NO_1,C12SOLUTIONS,N
48062,J_NO_1,C12EQUALRIGHTS,N
48062,J_NO_1,C13ISRAELEVIDENCE,N
48062,J_NO_1,C13ISRAELINSTITUTIONS,N
48062,J_NO_1,C13ISRAELPOLICIES,N
48062,J_NO_1,C13ISRAELOPT,N
48062,J_NO_1,C13ISRAELREGION,N
48062,J_NO_1,C13ISRAELDISCRIMINATION,N
48062,J_NO_1,C13ISRAELNORMS,N
48062,J_NO_1,C13ISRAELCOMPARE,N
48062,J_NO_1,C14BDS,N
48062,J_NO_1,C15REASONABLE,N
48062,J_NO_1,C15DOUBLESTANDARD,N
8784,J_NO_1,C11PALESTINIANJUSTICE,N
8784,J_NO_1,C11PALESTINIANRIGHTS,N
8784,J_NO_1,C12ZIONCRITICAL,N
8784,J_NO_1,C12SOLUTIONS,N
8784,J_NO_1,C12EQUALRIGHTS,N
8784,J_NO_1,C13ISRAELEVIDENCE,N
8784,J_NO_1,C13ISRAELINSTITUTIONS,N
8784,J_NO_1,C13ISRAELPOLICIES,N
8784,J_NO_1,C13ISRAELOPT,N
8784,J_NO_1,C13ISRAELREGION,N
8784,J_NO_1,C13ISRAELDISCRIMINATION,N
8784,J_NO_1,C13ISRAELNORMS,N
8784,J_NO_1,C13ISRAELCOMPARE,N
8784,J_NO_1,C14BDS,N
8784,J_NO_1,C15REASONABLE,N
8784,J_NO_1,C15DOUBLESTANDARD,N
28430,J_NO_1,C11PALESTINIANJUSTICE,N
28430,J_NO_1,C11PALESTINIANRIGHTS,N
28430,J_NO_1,C12ZIONCRITICAL,N
28430,J_NO_1,C12SOLUTIONS,N
28430,J_NO_1,C12EQUALRIGHTS,N
28430,J_NO_1,C13ISRAELEVIDENCE,A
28430,J_NO_1,C13ISRAELINSTITUTIONS,N
28430,J_NO_1,C13ISRAELPOLICIES,E
28430,J_NO_1,C13ISRAELOPT,I
28430,J_NO_1,C13ISRAELREGION,N
28430,J_NO_1,C13ISRAELDISCRIMINATION,N
28430,J_NO_1,C13ISRAELNORMS,N
28430,J_NO_1,C13ISRAELCOMPARE,N
28430,J_NO_1,C14BDS,N
28430,J_NO_1,C15REASONABLE,E
28430,J_NO_1,C15DOUBLESTANDARD,N
10950,J_NO_1,C11PALESTINIANJUSTICE,N
10950,J_NO_1,C11PALESTINIANRIGHTS,N
10950,J_NO_1,C12ZIONCRITICAL,N
10950,J_NO_1,C12SOLUTIONS,N
10950,J_NO_1,C12EQUALRIGHTS,N
10950,J_NO_1,C13ISRAELEVIDENCE,N
10950,J_NO_1,C13ISRAELINSTITUTIONS,N
10950,J_NO_1,C13ISRAELPOLICIES,N
10950,J_NO_1,C13ISRAELOPT,N
10950,J_NO_1,C13ISRAELREGION,N
10950,J_NO_1,C13ISRAELDISCRIMINATION,N
10950,J_NO_1,C13ISRAELNORMS,N
10950,J_NO_1,C13ISRAELCOMPARE,N
10950,J_NO_1,C14BDS,N
10950,J_NO_1,C15REASONABLE,N
10950,J_NO_1,C15DOUBLESTANDARD,N
14635,J_NO_1,C11PALESTINIANJUSTICE,N
14635,J_NO_1,C11PALESTINIANRIGHTS,N
14635,J_NO_1,C12ZIONCRITICAL,N
14635,J_NO_1,C12SOLUTIONS,N
14635,J_NO_1,C12EQUALRIGHTS,N
14635,J_NO_1,C13ISRAELEVIDENCE,N
14635,J_NO_1,C13ISRAELINSTITUTIONS,N
14635,J_NO_1,C13ISRAELPOLICIES,N
14635,J_NO_1,C13ISRAELOPT,N
14635,J_NO_1,C13ISRAELREGION,N
14635,J_NO_1,C13ISRAELDISCRIMINATION,N
14635,J_NO_1,C13ISRAELNORMS,N
14635,J_NO_1,C13ISRAELCOMPARE,N
14635,J_NO_1,C14BDS,N
14635,J_NO_1,C15REASONABLE,N
14635,J_NO_1,C15DOUBLESTANDARD,N
38784,J_NO_1,C11PALESTINIANJUSTICE,N
38784,J_NO_1,C11PALESTINIANRIGHTS,N
38784,J_NO_1,C12ZIONCRITICAL,N
38784,J_NO_1,C12SOLUTIONS,N
38784,J_NO_1,C12EQUALRIGHTS,N
38784,J_NO_1,C13ISRAELEVIDENCE,N
38784,J_NO_1,C13ISRAELINSTITUTIONS,N
38784,J_NO_1,C13ISRAELPOLICIES,N
38784,J_NO_1,C13ISRAELOPT,N
38784,J_NO_1,C13ISRAELREGION,N
38784,J_NO_1,C13ISRAELDISCRIMINATION,N
38784,J_NO_1,C13ISRAELNORMS,N
38784,J_NO_1,C13ISRAELCOMPARE,N
38784,J_NO_1,C14BDS,N
38784,J_NO_1,C15REASONABLE,N
38784,J_NO_1,C15DOUBLESTANDARD,N
20987,J_NO_1,C11PALESTINIANJUSTICE,N
20987,J_NO_1,C11PALESTINIANRIGHTS,N
20987,J_NO_1,C12ZIONCRITICAL,N
20987,J_NO_1,C12SOLUTIONS,N
20987,J_NO_1,C12EQUALRIGHTS,N
20987,J_NO_1,C13ISRAELEVIDENCE,N
20987,J_NO_1,C13ISRAELINSTITUTIONS,N
20987,J_NO_1,C13ISRAELPOLICIES,N
20987,J_NO_1,C13ISRAELOPT,N
20987,J_NO_1,C13ISRAELREGION,N
20987,J_NO_1,C13ISRAELDISCRIMINATION,N
20987,J_NO_1,C13ISRAELNORMS,N
20987,J_NO_1,C13ISRAELCOMPARE,N
20987,J_NO_1,C14BDS,N
20987,J_NO_1,C15REASONABLE,N
20987,J_NO_1,C15DOUBLESTANDARD,N
40914,J_NO_1,C11PALESTINIANJUSTICE,N
40914,J_NO_1,C11PALESTINIANRIGHTS,N
40914,J_NO_1,C12ZIONCRITICAL,N
40914,J_NO_1,C12SOLUTIONS,N
40914,J_NO_1,C12EQUALRIGHTS,N
40914,J_NO_1,C13ISRAELEVIDENCE,N
40914,J_NO_1,C13ISRAELINSTITUTIONS,N
40914,J_NO_1,C13ISRAELPOLICIES,N
40914,J_NO_1,C13ISRAELOPT,N
40914,J_NO_1,C13ISRAELREGION,N
40914,J_NO_1,C13ISRAELDISCRIMINATION,N
40914,J_NO_1,C13ISRAELNORMS,N
40914,J_NO_1,C13ISRAELCOMPARE,N
40914,J_NO_1,C14BDS,N
40914,J_NO_1,C15REASONABLE,N
40914,J_NO_1,C15DOUBLESTANDARD,N
48734,J_NO_1,C11PALESTINIANJUSTICE,N
48734,J_NO_1,C11PALESTINIANRIGHTS,N
48734,J_NO_1,C12ZIONCRITICAL,N
48734,J_NO_1,C12SOLUTIONS,N
48734,J_NO_1,C12EQUALRIGHTS,N
48734,J_NO_1,C13ISRAELEVIDENCE,N
48734,J_NO_1,C13ISRAELINSTITUTIONS,N
48734,J_NO_1,C13ISRAELPOLICIES,N
48734,J_NO_1,C13ISRAELOPT,N
48734,J_NO_1,C13ISRAELREGION,N
48734,J_NO_1,C13ISRAELDISCRIMINATION,N
48734,J_NO_1,C13ISRAELNORMS,N
48734,J_NO_1,C13ISRAELCOMPARE,N
48734,J_NO_1,C14BDS,N
48734,J_NO_1,C15REASONABLE,N
48734,J_NO_1,C15DOUBLESTANDARD,N
5331,J_NO_1,C11PALESTINIANJUSTICE,N
5331,J_NO_1,C11PALESTINIANRIGHTS,N
5331,J_NO_1,C12ZIONCRITICAL,N
5331,J_NO_1,C12SOLUTIONS,N
5331,J_NO_1,C12EQUALRIGHTS,N
5331,J_NO_1,C13ISRAELEVIDENCE,N
5331,J_NO_1,C13ISRAELINSTITUTIONS,N
5331,J_NO_1,C13ISRAELPOLICIES,N
5331,J_NO_1,C13ISRAELOPT,N
5331,J_NO_1,C13ISRAELREGION,N
5331,J_NO_1,C13ISRAELDISCRIMINATION,N
5331,J_NO_1,C13ISRAELNORMS,N
5331,J_NO_1,C13ISRAELCOMPARE,N
5331,J_NO_1,C14BDS,N
5331,J_NO_1,C15REASONABLE,N
5331,J_NO_1,C15DOUBLESTANDARD,N
32060,J_NO_1,C11PALESTINIANJUSTICE,N
32060,J_NO_1,C11PALESTINIANRIGHTS,N
32060,J_NO_1,C12ZIONCRITICAL,N
32060,J_NO_1,C12SOLUTIONS,N
32060,J_NO_1,C12EQUALRIGHTS,N
32060,J_NO_1,C13ISRAELEVIDENCE,N
32060,J_NO_1,C13ISRAELINSTITUTIONS,N
32060,J_NO_1,C13ISRAELPOLICIES,N
32060,J_NO_1,C13ISRAELOPT,N
32060,J_NO_1,C13ISRAELREGION,N
32060,J_NO_1,C13ISRAELDISCRIMINATION,N
32060,J_NO_1,C13ISRAELNORMS,N
32060,J_NO_1,C13ISRAELCOMPARE,N
32060,J_NO_1,C14BDS,N
32060,J_NO_1,C15REASONABLE,N
32060,J_NO_1,C15DOUBLESTANDARD,N
11152,J_NO_1,C11PALESTINIANJUSTICE,N
11152,J_NO_1,C11PALESTINIANRIGHTS,N
11152,J_NO_1,C12ZIONCRITICAL,N
11152,J_NO_1,C12SOLUTIONS,N
11152,J_NO_1,C12EQUALRIGHTS,N
11152,J_NO_1,C13ISRAELEVIDENCE,N
11152,J_NO_1,C13ISRAELINSTITUTIONS,N
11152,J_NO_1,C13ISRAELPOLICIES,N
11152,J_NO_1,C13ISRAELOPT,N
11152,J_NO_1,C13ISRAELREGION,N
11152,J_NO_1,C13ISRAELDISCRIMINATION,N
11152,J_NO_1,C13ISRAELNORMS,N
11152,J_NO_1,C13ISRAELCOMPARE,N
11152,J_NO_1,C14BDS,N
11152,J_NO_1,C15REASONABLE,N
11152,J_NO_1,C15DOUBLESTANDARD,N
18557,J_NO_1,C11PALESTINIANJUSTICE,N
18557,J_NO_1,C11PALESTINIANRIGHTS,N
18557,J_NO_1,C12ZIONCRITICAL,N
18557,J_NO_1,C12SOLUTIONS,N
18557,J_NO_1,C12EQUALRIGHTS,N
18557,J_NO_1,C13ISRAELEVIDENCE,N
18557,J_NO_1,C13ISRAELINSTITUTIONS,N
18557,J_NO_1,C13ISRAELPOLICIES,N
18557,J_NO_1,C13ISRAELOPT,N
18557,J_NO_1,C13ISRAELREGION,N
18557,J_NO_1,C13ISRAELDISCRIMINATION,N
18557,J_NO_1,C13ISRAELNORMS,N
18557,J_NO_1,C13ISRAELCOMPARE,N
18557,J_NO_1,C14BDS,N
18557,J_NO_1,C15REASONABLE,N
18557,J_NO_1,C15DOUBLESTANDARD,N
42646,J_NO_1,C11PALESTINIANJUSTICE,N
42646,J_NO_1,C11PALESTINIANRIGHTS,N
42646,J_NO_1,C12ZIONCRITICAL,N
42646,J_NO_1,C12SOLUTIONS,N
42646,J_NO_1,C12EQUALRIGHTS,N
42646,J_NO_1,C13ISRAELEVIDENCE,N
42646,J_NO_1,C13ISRAELINSTITUTIONS,N
42646,J_NO_1,C13ISRAELPOLICIES,N
42646,J_NO_1,C13ISRAELOPT,N
42646,J_NO_1,C13ISRAELREGION,N
42646,J_NO_1,C13ISRAELDISCRIMINATION,N
42646,J_NO_1,C13ISRAELNORMS,N
42646,J_NO_1,C13ISRAELCOMPARE,N
42646,J_NO_1,C14BDS,N
42646,J_NO_1,C15REASONABLE,N
42646,J_NO_1,C15DOUBLESTANDARD,N
35813,J_NO_1,C11PALESTINIANJUSTICE,N
35813,J_NO_1,C11PALESTINIANRIGHTS,N
35813,J_NO_1,C12ZIONCRITICAL,N
35813,J_NO_1,C12SOLUTIONS,N
35813,J_NO_1,C12EQUALRIGHTS,N
35813,J_NO_1,C13ISRAELEVIDENCE,N
35813,J_NO_1,C13ISRAELINSTITUTIONS,N
35813,J_NO_1,C13ISRAELPOLICIES,N
35813,J_NO_1,C13ISRAELOPT,N
35813,J_NO_1,C13ISRAELREGION,N
35813,J_NO_1,C13ISRAELDISCRIMINATION,N
35813,J_NO_1,C13ISRAELNORMS,N
35813,J_NO_1,C13ISRAELCOMPARE,N
35813,J_NO_1,C14BDS,N
35813,J_NO_1,C15REASONABLE,N
35813,J_NO_1,C15DOUBLESTANDARD,N
41032,J_NO_1,C11PALESTINIANJUSTICE,N
41032,J_NO_1,C11PALESTINIANRIGHTS,N
41032,J_NO_1,C12ZIONCRITICAL,N
41032,J_NO_1,C12SOLUTIONS,N
41032,J_NO_1,C12EQUALRIGHTS,N
41032,J_NO_1,C13ISRAELEVIDENCE,N
41032,J_NO_1,C13ISRAELINSTITUTIONS,N
41032,J_NO_1,C13ISRAELPOLICIES,N
41032,J_NO_1,C13ISRAELOPT,N
41032,J_NO_1,C13ISRAELREGION,N
41032,J_NO_1,C13ISRAELDISCRIMINATION,N
41032,J_NO_1,C13ISRAELNORMS,N
41032,J_NO_1,C13ISRAELCOMPARE,N
41032,J_NO_1,C14BDS,N
41032,J_NO_1,C15REASONABLE,N
41032,J_NO_1,C15DOUBLESTANDARD,N
11952,J_NO_1,C11PALESTINIANJUSTICE,N
11952,J_NO_1,C11PALESTINIANRIGHTS,N
11952,J_NO_1,C12ZIONCRITICAL,N
11952,J_NO_1,C12SOLUTIONS,N
11952,J_NO_1,C12EQUALRIGHTS,N
11952,J_NO_1,C13ISRAELEVIDENCE,N
11952,J_NO_1,C13ISRAELINSTITUTIONS,N
11952,J_NO_1,C13ISRAELPOLICIES,N
11952,J_NO_1,C13ISRAELOPT,N
11952,J_NO_1,C13ISRAELREGION,N
11952,J_NO_1,C13ISRAELDISCRIMINATION,N
11952,J_NO_1,C13ISRAELNORMS,N
11952,J_NO_1,C13ISRAELCOMPARE,N
11952,J_NO_1,C14BDS,N
11952,J_NO_1,C15REASONABLE,N
11952,J_NO_1,C15DOUBLESTANDARD,N
6761,J_NO_1,C11PALESTINIANJUSTICE,N
6761,J_NO_1,C11PALESTINIANRIGHTS,N
6761,J_NO_1,C12ZIONCRITICAL,N
6761,J_NO_1,C12SOLUTIONS,N
6761,J_NO_1,C12EQUALRIGHTS,N
6761,J_NO_1,C13ISRAELEVIDENCE,N
6761,J_NO_1,C13ISRAELINSTITUTIONS,N
6761,J_NO_1,C13ISRAELPOLICIES,N
6761,J_NO_1,C13ISRAELOPT,N
6761,J_NO_1,C13ISRAELREGION,N
6761,J_NO_1,C13ISRAELDISCRIMINATION,N
6761,J_NO_1,C13ISRAELNORMS,N
6761,J_NO_1,C13ISRAELCOMPARE,N
6761,J_NO_1,C14BDS,N
6761,J_NO_1,C15REASONABLE,N
6761,J_NO_1,C15DOUBLESTANDARD,N
9767,J_NO_1,C11PALESTINIANJUSTICE,N
9767,J_NO_1,C11PALESTINIANRIGHTS,N
9767,J_NO_1,C12ZIONCRITICAL,N
9767,J_NO_1,C12SOLUTIONS,N
9767,J_NO_1,C12EQUALRIGHTS,N
9767,J_NO_1,C13ISRAELEVIDENCE,N
9767,J_NO_1,C13ISRAELINSTITUTIONS,N
9767,J_NO_1,C13ISRAELPOLICIES,N
9767,J_NO_1,C13ISRAELOPT,N
9767,J_NO_1,C13ISRAELREGION,N
9767,J_NO_1,C13ISRAELDISCRIMINATION,N
9767,J_NO_1,C13ISRAELNORMS,N
9767,J_NO_1,C13ISRAELCOMPARE,N
9767,J_NO_1,C14BDS,N
9767,J_NO_1,C15REASONABLE,N
9767,J_NO_1,C15DOUBLESTANDARD,N
49143,J_NO_1,C11PALESTINIANJUSTICE,N
49143,J_NO_1,C11PALESTINIANRIGHTS,N
49143,J_NO_1,C12ZIONCRITICAL,N
49143,J_NO_1,C12SOLUTIONS,N
49143,J_NO_1,C12EQUALRIGHTS,N
49143,J_NO_1,C13ISRAELEVIDENCE,N
49143,J_NO_1,C13ISRAELINSTITUTIONS,N
49143,J_NO_1,C13ISRAELPOLICIES,N
49143,J_NO_1,C13ISRAELOPT,N
49143,J_NO_1,C13ISRAELREGION,N
49143,J_NO_1,C13ISRAELDISCRIMINATION,N
49143,J_NO_1,C13ISRAELNORMS,N
49143,J_NO_1,C13ISRAELCOMPARE,N
49143,J_NO_1,C14BDS,N
49143,J_NO_1,C15REASONABLE,N
49143,J_NO_1,C15DOUBLESTANDARD,N
1594,J_NO_1,C11PALESTINIANJUSTICE,N
1594,J_NO_1,C11PALESTINIANRIGHTS,N
1594,J_NO_1,C12ZIONCRITICAL,N
1594,J_NO_1,C12SOLUTIONS,N
1594,J_NO_1,C12EQUALRIGHTS,N
1594,J_NO_1,C13ISRAELEVIDENCE,N
1594,J_NO_1,C13ISRAELINSTITUTIONS,N
1594,J_NO_1,C13ISRAELPOLICIES,N
1594,J_NO_1,C13ISRAELOPT,N
1594,J_NO_1,C13ISRAELREGION,N
1594,J_NO_1,C13ISRAELDISCRIMINATION,N
1594,J_NO_1,C13ISRAELNORMS,N
1594,J_NO_1,C13ISRAELCOMPARE,N
1594,J_NO_1,C14BDS,N
1594,J_NO_1,C15REASONABLE,N
1594,J_NO_1,C15DOUBLESTANDARD,N
46636,J_NO_1,C11PALESTINIANJUSTICE,N
46636,J_NO_1,C11PALESTINIANRIGHTS,N
46636,J_NO_1,C12ZIONCRITICAL,N
46636,J_NO_1,C12SOLUTIONS,N
46636,J_NO_1,C12EQUALRIGHTS,N
46636,J_NO_1,C13ISRAELEVIDENCE,N
46636,J_NO_1,C13ISRAELINSTITUTIONS,N
46636,J_NO_1,C13ISRAELPOLICIES,N
46636,J_NO_1,C13ISRAELOPT,N
46636,J_NO_1,C13ISRAELREGION,N
46636,J_NO_1,C13ISRAELDISCRIMINATION,N
46636,J_NO_1,C13ISRAELNORMS,N
46636,J_NO_1,C13ISRAELCOMPARE,N
46636,J_NO_1,C14BDS,N
46636,J_NO_1,C15REASONABLE,N
46636,J_NO_1,C15DOUBLESTANDARD,N
11453,J_NO_1,C11PALESTINIANJUSTICE,N
11453,J_NO_1,C11PALESTINIANRIGHTS,N
11453,J_NO_1,C12ZIONCRITICAL,N
11453,J_NO_1,C12SOLUTIONS,N
11453,J_NO_1,C12EQUALRIGHTS,N
11453,J_NO_1,C13ISRAELEVIDENCE,N
11453,J_NO_1,C13ISRAELINSTITUTIONS,N
11453,J_NO_1,C13ISRAELPOLICIES,N
11453,J_NO_1,C13ISRAELOPT,N
11453,J_NO_1,C13ISRAELREGION,N
11453,J_NO_1,C13ISRAELDISCRIMINATION,N
11453,J_NO_1,C13ISRAELNORMS,N
11453,J_NO_1,C13ISRAELCOMPARE,N
11453,J_NO_1,C14BDS,N
11453,J_NO_1,C15REASONABLE,N
11453,J_NO_1,C15DOUBLESTANDARD,N
34075,J_NO_1,C11PALESTINIANJUSTICE,N
34075,J_NO_1,C11PALESTINIANRIGHTS,N
34075,J_NO_1,C12ZIONCRITICAL,N
34075,J_NO_1,C12SOLUTIONS,N
34075,J_NO_1,C12EQUALRIGHTS,N
34075,J_NO_1,C13ISRAELEVIDENCE,N
34075,J_NO_1,C13ISRAELINSTITUTIONS,N
34075,J_NO_1,C13ISRAELPOLICIES,N
34075,J_NO_1,C13ISRAELOPT,N
34075,J_NO_1,C13ISRAELREGION,N
34075,J_NO_1,C13ISRAELDISCRIMINATION,N
34075,J_NO_1,C13ISRAELNORMS,N
34075,J_NO_1,C13ISRAELCOMPARE,N
34075,J_NO_1,C14BDS,N
34075,J_NO_1,C15REASONABLE,N
34075,J_NO_1,C15DOUBLESTANDARD,N
40797,J_NO_1,C11PALESTINIANJUSTICE,N
40797,J_NO_1,C11PALESTINIANRIGHTS,N
40797,J_NO_1,C12ZIONCRITICAL,N
40797,J_NO_1,C12SOLUTIONS,N
40797,J_NO_1,C12EQUALRIGHTS,N
40797,J_NO_1,C13ISRAELEVIDENCE,N
40797,J_NO_1,C13ISRAELINSTITUTIONS,N
40797,J_NO_1,C13ISRAELPOLICIES,N
40797,J_NO_1,C13ISRAELOPT,N
40797,J_NO_1,C13ISRAELREGION,N
40797,J_NO_1,C13ISRAELDISCRIMINATION,N
40797,J_NO_1,C13ISRAELNORMS,N
40797,J_NO_1,C13ISRAELCOMPARE,N
40797,J_NO_1,C14BDS,N
40797,J_NO_1,C15REASONABLE,N
40797,J_NO_1,C15DOUBLESTANDARD,N
47651,J_NO_1,C11PALESTINIANJUSTICE,N
47651,J_NO_1,C11PALESTINIANRIGHTS,N
47651,J_NO_1,C12ZIONCRITICAL,N
47651,J_NO_1,C12SOLUTIONS,N
47651,J_NO_1,C12EQUALRIGHTS,N
47651,J_NO_1,C13ISRAELEVIDENCE,N
47651,J_NO_1,C13ISRAELINSTITUTIONS,N
47651,J_NO_1,C13ISRAELPOLICIES,N
47651,J_NO_1,C13ISRAELOPT,N
47651,J_NO_1,C13ISRAELREGION,N
47651,J_NO_1,C13ISRAELDISCRIMINATION,N
47651,J_NO_1,C13ISRAELNORMS,N
47651,J_NO_1,C13ISRAELCOMPARE,N
47651,J_NO_1,C14BDS,N
47651,J_NO_1,C15REASONABLE,N
47651,J_NO_1,C15DOUBLESTANDARD,N
34601,J_NO_1,C11PALESTINIANJUSTICE,N
34601,J_NO_1,C11PALESTINIANRIGHTS,N
34601,J_NO_1,C12ZIONCRITICAL,N
34601,J_NO_1,C12SOLUTIONS,N
34601,J_NO_1,C12EQUALRIGHTS,N
34601,J_NO_1,C13ISRAELEVIDENCE,N
34601,J_NO_1,C13ISRAELINSTITUTIONS,N
34601,J_NO_1,C13ISRAELPOLICIES,N
34601,J_NO_1,C13ISRAELOPT,N
34601,J_NO_1,C13ISRAELREGION,N
34601,J_NO_1,C13ISRAELDISCRIMINATION,N
34601,J_NO_1,C13ISRAELNORMS,N
34601,J_NO_1,C13ISRAELCOMPARE,N
34601,J_NO_1,C14BDS,N
34601,J_NO_1,C15REASONABLE,N
34601,J_NO_1,C15DOUBLESTANDARD,N
3944,J_NO_1,C11PALESTINIANJUSTICE,N
3944,J_NO_1,C11PALESTINIANRIGHTS,N
3944,J_NO_1,C12ZIONCRITICAL,N
3944,J_NO_1,C12SOLUTIONS,N
3944,J_NO_1,C12EQUALRIGHTS,N
3944,J_NO_1,C13ISRAELEVIDENCE,N
3944,J_NO_1,C13ISRAELINSTITUTIONS,N
3944,J_NO_1,C13ISRAELPOLICIES,N
3944,J_NO_1,C13ISRAELOPT,N
3944,J_NO_1,C13ISRAELREGION,N
3944,J_NO_1,C13ISRAELDISCRIMINATION,N
3944,J_NO_1,C13ISRAELNORMS,N
3944,J_NO_1,C13ISRAELCOMPARE,N
3944,J_NO_1,C14BDS,N
3944,J_NO_1,C15REASONABLE,N
3944,J_NO_1,C15DOUBLESTANDARD,N
4477,J_NO_1,C11PALESTINIANJUSTICE,N
4477,J_NO_1,C11PALESTINIANRIGHTS,N
4477,J_NO_1,C12ZIONCRITICAL,N
4477,J_NO_1,C12SOLUTIONS,N
4477,J_NO_1,C12EQUALRIGHTS,N
4477,J_NO_1,C13ISRAELEVIDENCE,N
4477,J_NO_1,C13ISRAELINSTITUTIONS,N
4477,J_NO_1,C13ISRAELPOLICIES,N
4477,J_NO_1,C13ISRAELOPT,N
4477,J_NO_1,C13ISRAELREGION,N
4477,J_NO_1,C13ISRAELDISCRIMINATION,N
4477,J_NO_1,C13ISRAELNORMS,N
4477,J_NO_1,C13ISRAELCOMPARE,N
4477,J_NO_1,C14BDS,N
4477,J_NO_1,C15REASONABLE,N
4477,J_NO_1,C15DOUBLESTANDARD,N
10021,J_NO_1,C11PALESTINIANJUSTICE,N
10021,J_NO_1,C11PALESTINIANRIGHTS,N
10021,J_NO_1,C12ZIONCRITICAL,N
10021,J_NO_1,C12SOLUTIONS,N
10021,J_NO_1,C12EQUALRIGHTS,N
10021,J_NO_1,C13ISRAELEVIDENCE,N
10021,J_NO_1,C13ISRAELINSTITUTIONS,N
10021,J_NO_1,C13ISRAELPOLICIES,N
10021,J_NO_1,C13ISRAELOPT,N
10021,J_NO_1,C13ISRAELREGION,N
10021,J_NO_1,C13ISRAELDISCRIMINATION,N
10021,J_NO_1,C13ISRAELNORMS,N
10021,J_NO_1,C13ISRAELCOMPARE,N
10021,J_NO_1,C14BDS,N
10021,J_NO_1,C15REASONABLE,N
10021,J_NO_1,C15DOUBLESTANDARD,N
7229,J_NO_1,C11PALESTINIANJUSTICE,N
7229,J_NO_1,C11PALESTINIANRIGHTS,N
7229,J_NO_1,C12ZIONCRITICAL,N
7229,J_NO_1,C12SOLUTIONS,N
7229,J_NO_1,C12EQUALRIGHTS,N
7229,J_NO_1,C13ISRAELEVIDENCE,N
7229,J_NO_1,C13ISRAELINSTITUTIONS,N
7229,J_NO_1,C13ISRAELPOLICIES,N
7229,J_NO_1,C13ISRAELOPT,N
7229,J_NO_1,C13ISRAELREGION,N
7229,J_NO_1,C13ISRAELDISCRIMINATION,N
7229,J_NO_1,C13ISRAELNORMS,N
7229,J_NO_1,C13ISRAELCOMPARE,N
7229,J_NO_1,C14BDS,N
7229,J_NO_1,C15REASONABLE,N
7229,J_NO_1,C15DOUBLESTANDARD,N
17954,J_NO_1,C11PALESTINIANJUSTICE,N
17954,J_NO_1,C11PALESTINIANRIGHTS,N
17954,J_NO_1,C12ZIONCRITICAL,N
17954,J_NO_1,C12SOLUTIONS,N
17954,J_NO_1,C12EQUALRIGHTS,N
17954,J_NO_1,C13ISRAELEVIDENCE,N
17954,J_NO_1,C13ISRAELINSTITUTIONS,N
17954,J_NO_1,C13ISRAELPOLICIES,N
17954,J_NO_1,C13ISRAELOPT,N
17954,J_NO_1,C13ISRAELREGION,N
17954,J_NO_1,C13ISRAELDISCRIMINATION,N
17954,J_NO_1,C13ISRAELNORMS,N
17954,J_NO_1,C13ISRAELCOMPARE,N
17954,J_NO_1,C14BDS,N
17954,J_NO_1,C15REASONABLE,N
17954,J_NO_1,C15DOUBLESTANDARD,N
46392,J_NO_1,C11PALESTINIANJUSTICE,N
46392,J_NO_1,C11PALESTINIANRIGHTS,N
46392,J_NO_1,C12ZIONCRITICAL,N
46392,J_NO_1,C12SOLUTIONS,N
46392,J_NO_1,C12EQUALRIGHTS,N
46392,J_NO_1,C13ISRAELEVIDENCE,N
46392,J_NO_1,C13ISRAELINSTITUTIONS,N
46392,J_NO_1,C13ISRAELPOLICIES,N
46392,J_NO_1,C13ISRAELOPT,N
46392,J_NO_1,C13ISRAELREGION,N
46392,J_NO_1,C13ISRAELDISCRIMINATION,N
46392,J_NO_1,C13ISRAELNORMS,N
46392,J_NO_1,C13ISRAELCOMPARE,N
46392,J_NO_1,C14BDS,N
46392,J_NO_1,C15REASONABLE,N
46392,J_NO_1,C15DOUBLESTANDARD,N
48511,J_NO_1,C11PALESTINIANJUSTICE,N
48511,J_NO_1,C11PALESTINIANRIGHTS,N
48511,J_NO_1,C12ZIONCRITICAL,N
48511,J_NO_1,C12SOLUTIONS,N
48511,J_NO_1,C12EQUALRIGHTS,N
48511,J_NO_1,C13ISRAELEVIDENCE,N
48511,J_NO_1,C13ISRAELINSTITUTIONS,N
48511,J_NO_1,C13ISRAELPOLICIES,N
48511,J_NO_1,C13ISRAELOPT,N
48511,J_NO_1,C13ISRAELREGION,N
48511,J_NO_1,C13ISRAELDISCRIMINATION,N
48511,J_NO_1,C13ISRAELNORMS,N
48511,J_NO_1,C13ISRAELCOMPARE,N
48511,J_NO_1,C14BDS,N
48511,J_NO_1,C15REASONABLE,N
48511,J_NO_1,C15DOUBLESTANDARD,N
47986,J_NO_1,C11PALESTINIANJUSTICE,N
47986,J_NO_1,C11PALESTINIANRIGHTS,N
47986,J_NO_1,C12ZIONCRITICAL,N
47986,J_NO_1,C12SOLUTIONS,N
47986,J_NO_1,C12EQUALRIGHTS,N
47986,J_NO_1,C13ISRAELEVIDENCE,N
47986,J_NO_1,C13ISRAELINSTITUTIONS,N
47986,J_NO_1,C13ISRAELPOLICIES,N
47986,J_NO_1,C13ISRAELOPT,N
47986,J_NO_1,C13ISRAELREGION,N
47986,J_NO_1,C13ISRAELDISCRIMINATION,N
47986,J_NO_1,C13ISRAELNORMS,N
47986,J_NO_1,C13ISRAELCOMPARE,N
47986,J_NO_1,C14BDS,N
47986,J_NO_1,C15REASONABLE,N
47986,J_NO_1,C15DOUBLESTANDARD,N
32636,J_NO_1,C11PALESTINIANJUSTICE,N
32636,J_NO_1,C11PALESTINIANRIGHTS,N
32636,J_NO_1,C12ZIONCRITICAL,N
32636,J_NO_1,C12SOLUTIONS,N
32636,J_NO_1,C12EQUALRIGHTS,N
32636,J_NO_1,C13ISRAELEVIDENCE,N
32636,J_NO_1,C13ISRAELINSTITUTIONS,N
32636,J_NO_1,C13ISRAELPOLICIES,N
32636,J_NO_1,C13ISRAELOPT,N
32636,J_NO_1,C13ISRAELREGION,N
32636,J_NO_1,C13ISRAELDISCRIMINATION,N
32636,J_NO_1,C13ISRAELNORMS,N
32636,J_NO_1,C13ISRAELCOMPARE,N
32636,J_NO_1,C14BDS,N
32636,J_NO_1,C15REASONABLE,N
32636,J_NO_1,C15DOUBLESTANDARD,N
33026,J_NO_1,C11PALESTINIANJUSTICE,N
33026,J_NO_1,C11PALESTINIANRIGHTS,N
33026,J_NO_1,C12ZIONCRITICAL,N
33026,J_NO_1,C12SOLUTIONS,N
33026,J_NO_1,C12EQUALRIGHTS,N
33026,J_NO_1,C13ISRAELEVIDENCE,N
33026,J_NO_1,C13ISRAELINSTITUTIONS,N
33026,J_NO_1,C13ISRAELPOLICIES,N
33026,J_NO_1,C13ISRAELOPT,N
33026,J_NO_1,C13ISRAELREGION,N
33026,J_NO_1,C13ISRAELDISCRIMINATION,N
33026,J_NO_1,C13ISRAELNORMS,N
33026,J_NO_1,C13ISRAELCOMPARE,N
33026,J_NO_1,C14BDS,N
33026,J_NO_1,C15REASONABLE,N
33026,J_NO_1,C15DOUBLESTANDARD,N
11720,J_NO_1,C11PALESTINIANJUSTICE,N
11720,J_NO_1,C11PALESTINIANRIGHTS,N
11720,J_NO_1,C12ZIONCRITICAL,N
11720,J_NO_1,C12SOLUTIONS,N
11720,J_NO_1,C12EQUALRIGHTS,N
11720,J_NO_1,C13ISRAELEVIDENCE,N
11720,J_NO_1,C13ISRAELINSTITUTIONS,N
11720,J_NO_1,C13ISRAELPOLICIES,N
11720,J_NO_1,C13ISRAELOPT,N
11720,J_NO_1,C13ISRAELREGION,N
11720,J_NO_1,C13ISRAELDISCRIMINATION,N
11720,J_NO_1,C13ISRAELNORMS,N
11720,J_NO_1,C13ISRAELCOMPARE,N
11720,J_NO_1,C14BDS,N
11720,J_NO_1,C15REASONABLE,N
11720,J_NO_1,C15DOUBLESTANDARD,N
6034,J_NO_1,C11PALESTINIANJUSTICE,A
6034,J_NO_1,C11PALESTINIANRIGHTS,A
6034,J_NO_1,C12ZIONCRITICAL,N
6034,J_NO_1,C12SOLUTIONS,N
6034,J_NO_1,C12EQUALRIGHTS,N
6034,J_NO_1,C13ISRAELEVIDENCE,N
6034,J_NO_1,C13ISRAELINSTITUTIONS,N
6034,J_NO_1,C13ISRAELPOLICIES,N
6034,J_NO_1,C13ISRAELOPT,N
6034,J_NO_1,C13ISRAELREGION,N
6034,J_NO_1,C13ISRAELDISCRIMINATION,N
6034,J_NO_1,C13ISRAELNORMS,N
6034,J_NO_1,C13ISRAELCOMPARE,N
6034,J_NO_1,C14BDS,N
6034,J_NO_1,C15REASONABLE,A
6034,J_NO_1,C15DOUBLESTANDARD,N
42757,J_NO_1,C11PALESTINIANJUSTICE,N
42757,J_NO_1,C11PALESTINIANRIGHTS,N
42757,J_NO_1,C12ZIONCRITICAL,N
42757,J_NO_1,C12SOLUTIONS,N
42757,J_NO_1,C12EQUALRIGHTS,N
42757,J_NO_1,C13ISRAELEVIDENCE,N
42757,J_NO_1,C13ISRAELINSTITUTIONS,N
42757,J_NO_1,C13ISRAELPOLICIES,N
42757,J_NO_1,C13ISRAELOPT,N
42757,J_NO_1,C13ISRAELREGION,N
42757,J_NO_1,C13ISRAELDISCRIMINATION,N
42757,J_NO_1,C13ISRAELNORMS,N
42757,J_NO_1,C13ISRAELCOMPARE,N
42757,J_NO_1,C14BDS,N
42757,J_NO_1,C15REASONABLE,N
42757,J_NO_1,C15DOUBLESTANDARD,N
14140,J_NO_1,C11PALESTINIANJUSTICE,N
14140,J_NO_1,C11PALESTINIANRIGHTS,N
14140,J_NO_1,C12ZIONCRITICAL,N
14140,J_NO_1,C12SOLUTIONS,N
14140,J_NO_1,C12EQUALRIGHTS,N
14140,J_NO_1,C13ISRAELEVIDENCE,N
14140,J_NO_1,C13ISRAELINSTITUTIONS,N
14140,J_NO_1,C13ISRAELPOLICIES,N
14140,J_NO_1,C13ISRAELOPT,N
14140,J_NO_1,C13ISRAELREGION,N
14140,J_NO_1,C13ISRAELDISCRIMINATION,N
14140,J_NO_1,C13ISRAELNORMS,N
14140,J_NO_1,C13ISRAELCOMPARE,N
14140,J_NO_1,C14BDS,N
14140,J_NO_1,C15REASONABLE,N
14140,J_NO_1,C15DOUBLESTANDARD,N
7992,J_NO_1,C11PALESTINIANJUSTICE,N
7992,J_NO_1,C11PALESTINIANRIGHTS,N
7992,J_NO_1,C12ZIONCRITICAL,N
7992,J_NO_1,C12SOLUTIONS,N
7992,J_NO_1,C12EQUALRIGHTS,N
7992,J_NO_1,C13ISRAELEVIDENCE,N
7992,J_NO_1,C13ISRAELINSTITUTIONS,N
7992,J_NO_1,C13ISRAELPOLICIES,N
7992,J_NO_1,C13ISRAELOPT,N
7992,J_NO_1,C13ISRAELREGION,N
7992,J_NO_1,C13ISRAELDISCRIMINATION,N
7992,J_NO_1,C13ISRAELNORMS,N
7992,J_NO_1,C13ISRAELCOMPARE,N
7992,J_NO_1,C14BDS,N
7992,J_NO_1,C15REASONABLE,N
7992,J_NO_1,C15DOUBLESTANDARD,N
34874,J_NO_1,C11PALESTINIANJUSTICE,N
34874,J_NO_1,C11PALESTINIANRIGHTS,N
34874,J_NO_1,C12ZIONCRITICAL,N
34874,J_NO_1,C12SOLUTIONS,N
34874,J_NO_1,C12EQUALRIGHTS,N
34874,J_NO_1,C13ISRAELEVIDENCE,N
34874,J_NO_1,C13ISRAELINSTITUTIONS,N
34874,J_NO_1,C13ISRAELPOLICIES,N
34874,J_NO_1,C13ISRAELOPT,N
34874,J_NO_1,C13ISRAELREGION,N
34874,J_NO_1,C13ISRAELDISCRIMINATION,N
34874,J_NO_1,C13ISRAELNORMS,N
34874,J_NO_1,C13ISRAELCOMPARE,N
34874,J_NO_1,C14BDS,N
34874,J_NO_1,C15REASONABLE,N
34874,J_NO_1,C15DOUBLESTANDARD,N
39970,J_NO_1,C11PALESTINIANJUSTICE,N
39970,J_NO_1,C11PALESTINIANRIGHTS,N
39970,J_NO_1,C12ZIONCRITICAL,N
39970,J_NO_1,C12SOLUTIONS,N
39970,J_NO_1,C12EQUALRIGHTS,N
39970,J_NO_1,C13ISRAELEVIDENCE,N
39970,J_NO_1,C13ISRAELINSTITUTIONS,N
39970,J_NO_1,C13ISRAELPOLICIES,N
39970,J_NO_1,C13ISRAELOPT,N
39970,J_NO_1,C13ISRAELREGION,N
39970,J_NO_1,C13ISRAELDISCRIMINATION,N
39970,J_NO_1,C13ISRAELNORMS,N
39970,J_NO_1,C13ISRAELCOMPARE,N
39970,J_NO_1,C14BDS,N
39970,J_NO_1,C15REASONABLE,N
39970,J_NO_1,C15DOUBLESTANDARD,N
43772,J_NO_1,C11PALESTINIANJUSTICE,N
43772,J_NO_1,C11PALESTINIANRIGHTS,N
43772,J_NO_1,C12ZIONCRITICAL,N
43772,J_NO_1,C12SOLUTIONS,N
43772,J_NO_1,C12EQUALRIGHTS,N
43772,J_NO_1,C13ISRAELEVIDENCE,N
43772,J_NO_1,C13ISRAELINSTITUTIONS,N
43772,J_NO_1,C13ISRAELPOLICIES,N
43772,J_NO_1,C13ISRAELOPT,N
43772,J_NO_1,C13ISRAELREGION,N
43772,J_NO_1,C13ISRAELDISCRIMINATION,N
43772,J_NO_1,C13ISRAELNORMS,N
43772,J_NO_1,C13ISRAELCOMPARE,N
43772,J_NO_1,C14BDS,N
43772,J_NO_1,C15REASONABLE,N
43772,J_NO_1,C15DOUBLESTANDARD,N
44588,J_NO_1,C11PALESTINIANJUSTICE,N
44588,J_NO_1,C11PALESTINIANRIGHTS,N
44588,J_NO_1,C12ZIONCRITICAL,N
44588,J_NO_1,C12SOLUTIONS,N
44588,J_NO_1,C12EQUALRIGHTS,N
44588,J_NO_1,C13ISRAELEVIDENCE,N
44588,J_NO_1,C13ISRAELINSTITUTIONS,N
44588,J_NO_1,C13ISRAELPOLICIES,N
44588,J_NO_1,C13ISRAELOPT,N
44588,J_NO_1,C13ISRAELREGION,N
44588,J_NO_1,C13ISRAELDISCRIMINATION,N
44588,J_NO_1,C13ISRAELNORMS,N
44588,J_NO_1,C13ISRAELCOMPARE,N
44588,J_NO_1,C14BDS,N
44588,J_NO_1,C15REASONABLE,N
44588,J_NO_1,C15DOUBLESTANDARD,N
14471,J_NO_1,C11PALESTINIANJUSTICE,N
14471,J_NO_1,C11PALESTINIANRIGHTS,N
14471,J_NO_1,C12ZIONCRITICAL,N
14471,J_NO_1,C12SOLUTIONS,N
14471,J_NO_1,C12EQUALRIGHTS,N
14471,J_NO_1,C13ISRAELEVIDENCE,N
14471,J_NO_1,C13ISRAELINSTITUTIONS,N
14471,J_NO_1,C13ISRAELPOLICIES,N
14471,J_NO_1,C13ISRAELOPT,N
14471,J_NO_1,C13ISRAELREGION,N
14471,J_NO_1,C13ISRAELDISCRIMINATION,N
14471,J_NO_1,C13ISRAELNORMS,N
14471,J_NO_1,C13ISRAELCOMPARE,N
14471,J_NO_1,C14BDS,N
14471,J_NO_1,C15REASONABLE,N
14471,J_NO_1,C15DOUBLESTANDARD,N
22971,J_NO_1,C11PALESTINIANJUSTICE,N
22971,J_NO_1,C11PALESTINIANRIGHTS,N
22971,J_NO_1,C12ZIONCRITICAL,N
22971,J_NO_1,C12SOLUTIONS,N
22971,J_NO_1,C12EQUALRIGHTS,N
22971,J_NO_1,C13ISRAELEVIDENCE,N
22971,J_NO_1,C13ISRAELINSTITUTIONS,N
22971,J_NO_1,C13ISRAELPOLICIES,N
22971,J_NO_1,C13ISRAELOPT,N
22971,J_NO_1,C13ISRAELREGION,N
22971,J_NO_1,C13ISRAELDISCRIMINATION,N
22971,J_NO_1,C13ISRAELNORMS,N
22971,J_NO_1,C13ISRAELCOMPARE,N
22971,J_NO_1,C14BDS,N
22971,J_NO_1,C15REASONABLE,N
22971,J_NO_1,C15DOUBLESTANDARD,N
47448,J_NO_1,C11PALESTINIANJUSTICE,N
47448,J_NO_1,C11PALESTINIANRIGHTS,N
47448,J_NO_1,C12ZIONCRITICAL,I
47448,J_NO_1,C12SOLUTIONS,N
47448,J_NO_1,C12EQUALRIGHTS,N
47448,J_NO_1,C13ISRAELEVIDENCE,N
47448,J_NO_1,C13ISRAELINSTITUTIONS,N
47448,J_NO_1,C13ISRAELPOLICIES,N
47448,J_NO_1,C13ISRAELOPT,N
47448,J_NO_1,C13ISRAELREGION,N
47448,J_NO_1,C13ISRAELDISCRIMINATION,N
47448,J_NO_1,C13ISRAELNORMS,N
47448,J_NO_1,C13ISRAELCOMPARE,N
47448,J_NO_1,C14BDS,N
47448,J_NO_1,C15REASONABLE,N
47448,J_NO_1,C15DOUBLESTANDARD,N
12264,J_NO_1,C11PALESTINIANJUSTICE,N
12264,J_NO_1,C11PALESTINIANRIGHTS,N
12264,J_NO_1,C12ZIONCRITICAL,N
12264,J_NO_1,C12SOLUTIONS,N
12264,J_NO_1,C12EQUALRIGHTS,N
12264,J_NO_1,C13ISRAELEVIDENCE,N
12264,J_NO_1,C13ISRAELINSTITUTIONS,N
12264,J_NO_1,C13ISRAELPOLICIES,N
12264,J_NO_1,C13ISRAELOPT,N
12264,J_NO_1,C13ISRAELREGION,N
12264,J_NO_1,C13ISRAELDISCRIMINATION,N
12264,J_NO_1,C13ISRAELNORMS,N
12264,J_NO_1,C13ISRAELCOMPARE,N
12264,J_NO_1,C14BDS,N
12264,J_NO_1,C15REASONABLE,N
12264,J_NO_1,C15DOUBLESTANDARD,N
5534,J_NO_1,C11PALESTINIANJUSTICE,N
5534,J_NO_1,C11PALESTINIANRIGHTS,N
5534,J_NO_1,C12ZIONCRITICAL,N
5534,J_NO_1,C12SOLUTIONS,N
5534,J_NO_1,C12EQUALRIGHTS,N
5534,J_NO_1,C13ISRAELEVIDENCE,N
5534,J_NO_1,C13ISRAELINSTITUTIONS,N
5534,J_NO_1,C13ISRAELPOLICIES,N
5534,J_NO_1,C13ISRAELOPT,N
5534,J_NO_1,C13ISRAELREGION,N
5534,J_NO_1,C13ISRAELDISCRIMINATION,N
5534,J_NO_1,C13ISRAELNORMS,N
5534,J_NO_1,C13ISRAELCOMPARE,N
5534,J_NO_1,C14BDS,N
5534,J_NO_1,C15REASONABLE,N
5534,J_NO_1,C15DOUBLESTANDARD,N
17775,J_NO_1,C11PALESTINIANJUSTICE,N
17775,J_NO_1,C11PALESTINIANRIGHTS,N
17775,J_NO_1,C12ZIONCRITICAL,N
17775,J_NO_1,C12SOLUTIONS,N
17775,J_NO_1,C12EQUALRIGHTS,N
17775,J_NO_1,C13ISRAELEVIDENCE,N
17775,J_NO_1,C13ISRAELINSTITUTIONS,N
17775,J_NO_1,C13ISRAELPOLICIES,N
17775,J_NO_1,C13ISRAELOPT,N
17775,J_NO_1,C13ISRAELREGION,N
17775,J_NO_1,C13ISRAELDISCRIMINATION,N
17775,J_NO_1,C13ISRAELNORMS,N
17775,J_NO_1,C13ISRAELCOMPARE,N
17775,J_NO_1,C14BDS,N
17775,J_NO_1,C15REASONABLE,N
17775,J_NO_1,C15DOUBLESTANDARD,N
31888,J_NO_1,C11PALESTINIANJUSTICE,N
31888,J_NO_1,C11PALESTINIANRIGHTS,N
31888,J_NO_1,C12ZIONCRITICAL,N
31888,J_NO_1,C12SOLUTIONS,N
31888,J_NO_1,C12EQUALRIGHTS,N
31888,J_NO_1,C13ISRAELEVIDENCE,N
31888,J_NO_1,C13ISRAELINSTITUTIONS,N
31888,J_NO_1,C13ISRAELPOLICIES,N
31888,J_NO_1,C13ISRAELOPT,N
31888,J_NO_1,C13ISRAELREGION,N
31888,J_NO_1,C13ISRAELDISCRIMINATION,N
31888,J_NO_1,C13ISRAELNORMS,N
31888,J_NO_1,C13ISRAELCOMPARE,N
31888,J_NO_1,C14BDS,N
31888,J_NO_1,C15REASONABLE,N
31888,J_NO_1,C15DOUBLESTANDARD,N
40765,J_NO_1,C11PALESTINIANJUSTICE,N
40765,J_NO_1,C11PALESTINIANRIGHTS,N
40765,J_NO_1,C12ZIONCRITICAL,N
40765,J_NO_1,C12SOLUTIONS,N
40765,J_NO_1,C12EQUALRIGHTS,N
40765,J_NO_1,C13ISRAELEVIDENCE,N
40765,J_NO_1,C13ISRAELINSTITUTIONS,N
40765,J_NO_1,C13ISRAELPOLICIES,N
40765,J_NO_1,C13ISRAELOPT,N
40765,J_NO_1,C13ISRAELREGION,N
40765,J_NO_1,C13ISRAELDISCRIMINATION,N
40765,J_NO_1,C13ISRAELNORMS,N
40765,J_NO_1,C13ISRAELCOMPARE,N
40765,J_NO_1,C14BDS,N
40765,J_NO_1,C15REASONABLE,N
40765,J_NO_1,C15DOUBLESTANDARD,N
321,J_NO_1,C11PALESTINIANJUSTICE,N
321,J_NO_1,C11PALESTINIANRIGHTS,N
321,J_NO_1,C12ZIONCRITICAL,N
321,J_NO_1,C12SOLUTIONS,N
321,J_NO_1,C12EQUALRIGHTS,N
321,J_NO_1,C13ISRAELEVIDENCE,N
321,J_NO_1,C13ISRAELINSTITUTIONS,N
321,J_NO_1,C13ISRAELPOLICIES,N
321,J_NO_1,C13ISRAELOPT,N
321,J_NO_1,C13ISRAELREGION,N
321,J_NO_1,C13ISRAELDISCRIMINATION,N
321,J_NO_1,C13ISRAELNORMS,N
321,J_NO_1,C13ISRAELCOMPARE,N
321,J_NO_1,C14BDS,N
321,J_NO_1,C15REASONABLE,N
321,J_NO_1,C15DOUBLESTANDARD,N
7961,J_NO_1,C11PALESTINIANJUSTICE,N
7961,J_NO_1,C11PALESTINIANRIGHTS,N
7961,J_NO_1,C12ZIONCRITICAL,N
7961,J_NO_1,C12SOLUTIONS,N
7961,J_NO_1,C12EQUALRIGHTS,N
7961,J_NO_1,C13ISRAELEVIDENCE,N
7961,J_NO_1,C13ISRAELINSTITUTIONS,N
7961,J_NO_1,C13ISRAELPOLICIES,N
7961,J_NO_1,C13ISRAELOPT,N
7961,J_NO_1,C13ISRAELREGION,N
7961,J_NO_1,C13ISRAELDISCRIMINATION,N
7961,J_NO_1,C13ISRAELNORMS,N
7961,J_NO_1,C13ISRAELCOMPARE,N
7961,J_NO_1,C14BDS,N
7961,J_NO_1,C15REASONABLE,N
7961,J_NO_1,C15DOUBLESTANDARD,N
14836,J_NO_1,C11PALESTINIANJUSTICE,N
14836,J_NO_1,C11PALESTINIANRIGHTS,N
14836,J_NO_1,C12ZIONCRITICAL,N
14836,J_NO_1,C12SOLUTIONS,N
14836,J_NO_1,C12EQUALRIGHTS,N
14836,J_NO_1,C13ISRAELEVIDENCE,N
14836,J_NO_1,C13ISRAELINSTITUTIONS,N
14836,J_NO_1,C13ISRAELPOLICIES,N
14836,J_NO_1,C13ISRAELOPT,N
14836,J_NO_1,C13ISRAELREGION,N
14836,J_NO_1,C13ISRAELDISCRIMINATION,N
14836,J_NO_1,C13ISRAELNORMS,N
14836,J_NO_1,C13ISRAELCOMPARE,N
14836,J_NO_1,C14BDS,N
14836,J_NO_1,C15REASONABLE,N
14836,J_NO_1,C15DOUBLESTANDARD,N
39849,J_NO_1,C11PALESTINIANJUSTICE,N
39849,J_NO_1,C11PALESTINIANRIGHTS,N
39849,J_NO_1,C12ZIONCRITICAL,N
39849,J_NO_1,C12SOLUTIONS,N
39849,J_NO_1,C12EQUALRIGHTS,N
39849,J_NO_1,C13ISRAELEVIDENCE,N
39849,J_NO_1,C13ISRAELINSTITUTIONS,N
39849,J_NO_1,C13ISRAELPOLICIES,N
39849,J_NO_1,C13ISRAELOPT,N
39849,J_NO_1,C13ISRAELREGION,N
39849,J_NO_1,C13ISRAELDISCRIMINATION,N
39849,J_NO_1,C13ISRAELNORMS,N
39849,J_NO_1,C13ISRAELCOMPARE,N
39849,J_NO_1,C14BDS,N
39849,J_NO_1,C15REASONABLE,N
39849,J_NO_1,C15DOUBLESTANDARD,N
42422,J_NO_1,C11PALESTINIANJUSTICE,N
42422,J_NO_1,C11PALESTINIANRIGHTS,N
42422,J_NO_1,C12ZIONCRITICAL,N
42422,J_NO_1,C12SOLUTIONS,N
42422,J_NO_1,C12EQUALRIGHTS,N
42422,J_NO_1,C13ISRAELEVIDENCE,N
42422,J_NO_1,C13ISRAELINSTITUTIONS,N
42422,J_NO_1,C13ISRAELPOLICIES,N
42422,J_NO_1,C13ISRAELOPT,N
42422,J_NO_1,C13ISRAELREGION,N
42422,J_NO_1,C13ISRAELDISCRIMINATION,N
42422,J_NO_1,C13ISRAELNORMS,N
42422,J_NO_1,C13ISRAELCOMPARE,N
42422,J_NO_1,C14BDS,N
42422,J_NO_1,C15REASONABLE,N
42422,J_NO_1,C15DOUBLESTANDARD,N
28714,J_NO_1,C11PALESTINIANJUSTICE,N
28714,J_NO_1,C11PALESTINIANRIGHTS,N
28714,J_NO_1,C12ZIONCRITICAL,N
28714,J_NO_1,C12SOLUTIONS,N
28714,J_NO_1,C12EQUALRIGHTS,N
28714,J_NO_1,C13ISRAELEVIDENCE,N
28714,J_NO_1,C13ISRAELINSTITUTIONS,N
28714,J_NO_1,C13ISRAELPOLICIES,N
28714,J_NO_1,C13ISRAELOPT,N
28714,J_NO_1,C13ISRAELREGION,N
28714,J_NO_1,C13ISRAELDISCRIMINATION,N
28714,J_NO_1,C13ISRAELNORMS,N
28714,J_NO_1,C13ISRAELCOMPARE,N
28714,J_NO_1,C14BDS,N
28714,J_NO_1,C15REASONABLE,N
28714,J_NO_1,C15DOUBLESTANDARD,N
43709,J_NO_1,C11PALESTINIANJUSTICE,N
43709,J_NO_1,C11PALESTINIANRIGHTS,N
43709,J_NO_1,C12ZIONCRITICAL,I
43709,J_NO_1,C12SOLUTIONS,N
43709,J_NO_1,C12EQUALRIGHTS,N
43709,J_NO_1,C13ISRAELEVIDENCE,N
43709,J_NO_1,C13ISRAELINSTITUTIONS,N
43709,J_NO_1,C13ISRAELPOLICIES,N
43709,J_NO_1,C13ISRAELOPT,N
43709,J_NO_1,C13ISRAELREGION,N
43709,J_NO_1,C13ISRAELDISCRIMINATION,N
43709,J_NO_1,C13ISRAELNORMS,N
43709,J_NO_1,C13ISRAELCOMPARE,N
43709,J_NO_1,C14BDS,N
43709,J_NO_1,C15REASONABLE,N
43709,J_NO_1,C15DOUBLESTANDARD,N
3722,J_NO_1,C11PALESTINIANJUSTICE,N
3722,J_NO_1,C11PALESTINIANRIGHTS,N
3722,J_NO_1,C12ZIONCRITICAL,N
3722,J_NO_1,C12SOLUTIONS,N
3722,J_NO_1,C12EQUALRIGHTS,N
3722,J_NO_1,C13ISRAELEVIDENCE,N
3722,J_NO_1,C13ISRAELINSTITUTIONS,N
3722,J_NO_1,C13ISRAELPOLICIES,N
3722,J_NO_1,C13ISRAELOPT,N
3722,J_NO_1,C13ISRAELREGION,N
3722,J_NO_1,C13ISRAELDISCRIMINATION,N
3722,J_NO_1,C13ISRAELNORMS,N
3722,J_NO_1,C13ISRAELCOMPARE,N
3722,J_NO_1,C14BDS,N
3722,J_NO_1,C15REASONABLE,N
3722,J_NO_1,C15DOUBLESTANDARD,N
9495,J_NO_1,C11PALESTINIANJUSTICE,N
9495,J_NO_1,C11PALESTINIANRIGHTS,N
9495,J_NO_1,C12ZIONCRITICAL,N
9495,J_NO_1,C12SOLUTIONS,N
9495,J_NO_1,C12EQUALRIGHTS,N
9495,J_NO_1,C13ISRAELEVIDENCE,N
9495,J_NO_1,C13ISRAELINSTITUTIONS,N
9495,J_NO_1,C13ISRAELPOLICIES,N
9495,J_NO_1,C13ISRAELOPT,N
9495,J_NO_1,C13ISRAELREGION,N
9495,J_NO_1,C13ISRAELDISCRIMINATION,N
9495,J_NO_1,C13ISRAELNORMS,N
9495,J_NO_1,C13ISRAELCOMPARE,N
9495,J_NO_1,C14BDS,N
9495,J_NO_1,C15REASONABLE,N
9495,J_NO_1,C15DOUBLESTANDARD,N
30721,J_NO_1,C11PALESTINIANJUSTICE,N
30721,J_NO_1,C11PALESTINIANRIGHTS,N
30721,J_NO_1,C12ZIONCRITICAL,N
30721,J_NO_1,C12SOLUTIONS,N
30721,J_NO_1,C12EQUALRIGHTS,N
30721,J_NO_1,C13ISRAELEVIDENCE,N
30721,J_NO_1,C13ISRAELINSTITUTIONS,N
30721,J_NO_1,C13ISRAELPOLICIES,N
30721,J_NO_1,C13ISRAELOPT,N
30721,J_NO_1,C13ISRAELREGION,N
30721,J_NO_1,C13ISRAELDISCRIMINATION,N
30721,J_NO_1,C13ISRAELNORMS,N
30721,J_NO_1,C13ISRAELCOMPARE,N
30721,J_NO_1,C14BDS,N
30721,J_NO_1,C15REASONABLE,N
30721,J_NO_1,C15DOUBLESTANDARD,N
30316,J_NO_1,C11PALESTINIANJUSTICE,N
30316,J_NO_1,C11PALESTINIANRIGHTS,N
30316,J_NO_1,C12ZIONCRITICAL,N
30316,J_NO_1,C12SOLUTIONS,N
30316,J_NO_1,C12EQUALRIGHTS,N
30316,J_NO_1,C13ISRAELEVIDENCE,N
30316,J_NO_1,C13ISRAELINSTITUTIONS,N
30316,J_NO_1,C13ISRAELPOLICIES,N
30316,J_NO_1,C13ISRAELOPT,N
30316,J_NO_1,C13ISRAELREGION,N
30316,J_NO_1,C13ISRAELDISCRIMINATION,N
30316,J_NO_1,C13ISRAELNORMS,N
30316,J_NO_1,C13ISRAELCOMPARE,N
30316,J_NO_1,C14BDS,N
30316,J_NO_1,C15REASONABLE,N
30316,J_NO_1,C15DOUBLESTANDARD,N
10827,J_NO_1,C11PALESTINIANJUSTICE,N
10827,J_NO_1,C11PALESTINIANRIGHTS,N
10827,J_NO_1,C12ZIONCRITICAL,N
10827,J_NO_1,C12SOLUTIONS,N
10827,J_NO_1,C12EQUALRIGHTS,N
10827,J_NO_1,C13ISRAELEVIDENCE,N
10827,J_NO_1,C13ISRAELINSTITUTIONS,N
10827,J_NO_1,C13ISRAELPOLICIES,N
10827,J_NO_1,C13ISRAELOPT,N
10827,J_NO_1,C13ISRAELREGION,N
10827,J_NO_1,C13ISRAELDISCRIMINATION,N
10827,J_NO_1,C13ISRAELNORMS,N
10827,J_NO_1,C13ISRAELCOMPARE,N
10827,J_NO_1,C14BDS,N
10827,J_NO_1,C15REASONABLE,A
10827,J_NO_1,C15DOUBLESTANDARD,N
610,J_NO_1,C11PALESTINIANJUSTICE,N
610,J_NO_1,C11PALESTINIANRIGHTS,N
610,J_NO_1,C12ZIONCRITICAL,N
610,J_NO_1,C12SOLUTIONS,N
610,J_NO_1,C12EQUALRIGHTS,N
610,J_NO_1,C13ISRAELEVIDENCE,N
610,J_NO_1,C13ISRAELINSTITUTIONS,N
610,J_NO_1,C13ISRAELPOLICIES,N
610,J_NO_1,C13ISRAELOPT,N
610,J_NO_1,C13ISRAELREGION,N
610,J_NO_1,C13ISRAELDISCRIMINATION,N
610,J_NO_1,C13ISRAELNORMS,N
610,J_NO_1,C13ISRAELCOMPARE,N
610,J_NO_1,C14BDS,N
610,J_NO_1,C15REASONABLE,N
610,J_NO_1,C15DOUBLESTANDARD,N
8069,J_NO_1,C11PALESTINIANJUSTICE,N
8069,J_NO_1,C11PALESTINIANRIGHTS,N
8069,J_NO_1,C12ZIONCRITICAL,N
8069,J_NO_1,C12SOLUTIONS,N
8069,J_NO_1,C12EQUALRIGHTS,N
8069,J_NO_1,C13ISRAELEVIDENCE,N
8069,J_NO_1,C13ISRAELINSTITUTIONS,N
8069,J_NO_1,C13ISRAELPOLICIES,N
8069,J_NO_1,C13ISRAELOPT,N
8069,J_NO_1,C13ISRAELREGION,N
8069,J_NO_1,C13ISRAELDISCRIMINATION,N
8069,J_NO_1,C13ISRAELNORMS,N
8069,J_NO_1,C13ISRAELCOMPARE,N
8069,J_NO_1,C14BDS,N
8069,J_NO_1,C15REASONABLE,N
8069,J_NO_1,C15DOUBLESTANDARD,N
7158,J_NO_1,C11PALESTINIANJUSTICE,N
7158,J_NO_1,C11PALESTINIANRIGHTS,N
7158,J_NO_1,C12ZIONCRITICAL,N
7158,J_NO_1,C12SOLUTIONS,N
7158,J_NO_1,C12EQUALRIGHTS,N
7158,J_NO_1,C13ISRAELEVIDENCE,N
7158,J_NO_1,C13ISRAELINSTITUTIONS,N
7158,J_NO_1,C13ISRAELPOLICIES,N
7158,J_NO_1,C13ISRAELOPT,N
7158,J_NO_1,C13ISRAELREGION,N
7158,J_NO_1,C13ISRAELDISCRIMINATION,N
7158,J_NO_1,C13ISRAELNORMS,N
7158,J_NO_1,C13ISRAELCOMPARE,N
7158,J_NO_1,C14BDS,N
7158,J_NO_1,C15REASONABLE,N
7158,J_NO_1,C15DOUBLESTANDARD,N
29054,J_NO_1,C11PALESTINIANJUSTICE,N
29054,J_NO_1,C11PALESTINIANRIGHTS,N
29054,J_NO_1,C12ZIONCRITICAL,N
29054,J_NO_1,C12SOLUTIONS,N
29054,J_NO_1,C12EQUALRIGHTS,N
29054,J_NO_1,C13ISRAELEVIDENCE,N
29054,J_NO_1,C13ISRAELINSTITUTIONS,N
29054,J_NO_1,C13ISRAELPOLICIES,N
29054,J_NO_1,C13ISRAELOPT,N
29054,J_NO_1,C13ISRAELREGION,N
29054,J_NO_1,C13ISRAELDISCRIMINATION,N
29054,J_NO_1,C13ISRAELNORMS,N
29054,J_NO_1,C13ISRAELCOMPARE,N
29054,J_NO_1,C14BDS,N
29054,J_NO_1,C15REASONABLE,N
29054,J_NO_1,C15DOUBLESTANDARD,N
11419,J_NO_1,C11PALESTINIANJUSTICE,N
11419,J_NO_1,C11PALESTINIANRIGHTS,N
11419,J_NO_1,C12ZIONCRITICAL,N
11419,J_NO_1,C12SOLUTIONS,N
11419,J_NO_1,C12EQUALRIGHTS,N
11419,J_NO_1,C13ISRAELEVIDENCE,N
11419,J_NO_1,C13ISRAELINSTITUTIONS,N
11419,J_NO_1,C13ISRAELPOLICIES,N
11419,J_NO_1,C13ISRAELOPT,N
11419,J_NO_1,C13ISRAELREGION,N
11419,J_NO_1,C13ISRAELDISCRIMINATION,N
11419,J_NO_1,C13ISRAELNORMS,N
11419,J_NO_1,C13ISRAELCOMPARE,N
11419,J_NO_1,C14BDS,N
11419,J_NO_1,C15REASONABLE,N
11419,J_NO_1,C15DOUBLESTANDARD,N
2922,J_NO_1,C11PALESTINIANJUSTICE,N
2922,J_NO_1,C11PALESTINIANRIGHTS,N
2922,J_NO_1,C12ZIONCRITICAL,N
2922,J_NO_1,C12SOLUTIONS,N
2922,J_NO_1,C12EQUALRIGHTS,N
2922,J_NO_1,C13ISRAELEVIDENCE,N
2922,J_NO_1,C13ISRAELINSTITUTIONS,N
2922,J_NO_1,C13ISRAELPOLICIES,N
2922,J_NO_1,C13ISRAELOPT,N
2922,J_NO_1,C13ISRAELREGION,N
2922,J_NO_1,C13ISRAELDISCRIMINATION,N
2922,J_NO_1,C13ISRAELNORMS,N
2922,J_NO_1,C13ISRAELCOMPARE,N
2922,J_NO_1,C14BDS,N
2922,J_NO_1,C15REASONABLE,N
2922,J_NO_1,C15DOUBLESTANDARD,N
42529,J_NO_1,C11PALESTINIANJUSTICE,N
42529,J_NO_1,C11PALESTINIANRIGHTS,N
42529,J_NO_1,C12ZIONCRITICAL,N
42529,J_NO_1,C12SOLUTIONS,N
42529,J_NO_1,C12EQUALRIGHTS,N
42529,J_NO_1,C13ISRAELEVIDENCE,E
42529,J_NO_1,C13ISRAELINSTITUTIONS,N
42529,J_NO_1,C13ISRAELPOLICIES,N
42529,J_NO_1,C13ISRAELOPT,N
42529,J_NO_1,C13ISRAELREGION,N
42529,J_NO_1,C13ISRAELDISCRIMINATION,N
42529,J_NO_1,C13ISRAELNORMS,E
42529,J_NO_1,C13ISRAELCOMPARE,N
42529,J_NO_1,C14BDS,N
42529,J_NO_1,C15REASONABLE,N
42529,J_NO_1,C15DOUBLESTANDARD,E
14864,J_NO_1,C11PALESTINIANJUSTICE,N
14864,J_NO_1,C11PALESTINIANRIGHTS,N
14864,J_NO_1,C12ZIONCRITICAL,N
14864,J_NO_1,C12SOLUTIONS,N
14864,J_NO_1,C12EQUALRIGHTS,N
14864,J_NO_1,C13ISRAELEVIDENCE,N
14864,J_NO_1,C13ISRAELINSTITUTIONS,N
14864,J_NO_1,C13ISRAELPOLICIES,N
14864,J_NO_1,C13ISRAELOPT,N
14864,J_NO_1,C13ISRAELREGION,N
14864,J_NO_1,C13ISRAELDISCRIMINATION,N
14864,J_NO_1,C13ISRAELNORMS,N
14864,J_NO_1,C13ISRAELCOMPARE,N
14864,J_NO_1,C14BDS,N
14864,J_NO_1,C15REASONABLE,N
14864,J_NO_1,C15DOUBLESTANDARD,N
41155,J_NO_1,C11PALESTINIANJUSTICE,N
41155,J_NO_1,C11PALESTINIANRIGHTS,N
41155,J_NO_1,C12ZIONCRITICAL,N
41155,J_NO_1,C12SOLUTIONS,N
41155,J_NO_1,C12EQUALRIGHTS,N
41155,J_NO_1,C13ISRAELEVIDENCE,N
41155,J_NO_1,C13ISRAELINSTITUTIONS,N
41155,J_NO_1,C13ISRAELPOLICIES,N
41155,J_NO_1,C13ISRAELOPT,N
41155,J_NO_1,C13ISRAELREGION,N
41155,J_NO_1,C13ISRAELDISCRIMINATION,N
41155,J_NO_1,C13ISRAELNORMS,N
41155,J_NO_1,C13ISRAELCOMPARE,N
41155,J_NO_1,C14BDS,N
41155,J_NO_1,C15REASONABLE,N
41155,J_NO_1,C15DOUBLESTANDARD,N
5948,J_NO_1,C11PALESTINIANJUSTICE,N
5948,J_NO_1,C11PALESTINIANRIGHTS,N
5948,J_NO_1,C12ZIONCRITICAL,N
5948,J_NO_1,C12SOLUTIONS,N
5948,J_NO_1,C12EQUALRIGHTS,N
5948,J_NO_1,C13ISRAELEVIDENCE,N
5948,J_NO_1,C13ISRAELINSTITUTIONS,N
5948,J_NO_1,C13ISRAELPOLICIES,N
5948,J_NO_1,C13ISRAELOPT,N
5948,J_NO_1,C13ISRAELREGION,N
5948,J_NO_1,C13ISRAELDISCRIMINATION,N
5948,J_NO_1,C13ISRAELNORMS,N
5948,J_NO_1,C13ISRAELCOMPARE,N
5948,J_NO_1,C14BDS,N
5948,J_NO_1,C15REASONABLE,N
5948,J_NO_1,C15DOUBLESTANDARD,N
4558,J_NO_1,C11PALESTINIANJUSTICE,N
4558,J_NO_1,C11PALESTINIANRIGHTS,N
4558,J_NO_1,C12ZIONCRITICAL,N
4558,J_NO_1,C12SOLUTIONS,N
4558,J_NO_1,C12EQUALRIGHTS,N
4558,J_NO_1,C13ISRAELEVIDENCE,N
4558,J_NO_1,C13ISRAELINSTITUTIONS,N
4558,J_NO_1,C13ISRAELPOLICIES,N
4558,J_NO_1,C13ISRAELOPT,N
4558,J_NO_1,C13ISRAELREGION,N
4558,J_NO_1,C13ISRAELDISCRIMINATION,N
4558,J_NO_1,C13ISRAELNORMS,N
4558,J_NO_1,C13ISRAELCOMPARE,N
4558,J_NO_1,C14BDS,N
4558,J_NO_1,C15REASONABLE,N
4558,J_NO_1,C15DOUBLESTANDARD,N
17821,J_NO_1,C11PALESTINIANJUSTICE,N
17821,J_NO_1,C11PALESTINIANRIGHTS,N
17821,J_NO_1,C12ZIONCRITICAL,N
17821,J_NO_1,C12SOLUTIONS,N
17821,J_NO_1,C12EQUALRIGHTS,N
17821,J_NO_1,C13ISRAELEVIDENCE,N
17821,J_NO_1,C13ISRAELINSTITUTIONS,N
17821,J_NO_1,C13ISRAELPOLICIES,N
17821,J_NO_1,C13ISRAELOPT,N
17821,J_NO_1,C13ISRAELREGION,N
17821,J_NO_1,C13ISRAELDISCRIMINATION,N
17821,J_NO_1,C13ISRAELNORMS,N
17821,J_NO_1,C13ISRAELCOMPARE,N
17821,J_NO_1,C14BDS,N
17821,J_NO_1,C15REASONABLE,N
17821,J_NO_1,C15DOUBLESTANDARD,N
49357,J_NO_1,C11PALESTINIANJUSTICE,N
49357,J_NO_1,C11PALESTINIANRIGHTS,N
49357,J_NO_1,C12ZIONCRITICAL,N
49357,J_NO_1,C12SOLUTIONS,N
49357,J_NO_1,C12EQUALRIGHTS,N
49357,J_NO_1,C13ISRAELEVIDENCE,N
49357,J_NO_1,C13ISRAELINSTITUTIONS,N
49357,J_NO_1,C13ISRAELPOLICIES,N
49357,J_NO_1,C13ISRAELOPT,N
49357,J_NO_1,C13ISRAELREGION,N
49357,J_NO_1,C13ISRAELDISCRIMINATION,N
49357,J_NO_1,C13ISRAELNORMS,N
49357,J_NO_1,C13ISRAELCOMPARE,N
49357,J_NO_1,C14BDS,N
49357,J_NO_1,C15REASONABLE,N
49357,J_NO_1,C15DOUBLESTANDARD,N
29897,J_NO_1,C11PALESTINIANJUSTICE,N
29897,J_NO_1,C11PALESTINIANRIGHTS,N
29897,J_NO_1,C12ZIONCRITICAL,N
29897,J_NO_1,C12SOLUTIONS,N
29897,J_NO_1,C12EQUALRIGHTS,N
29897,J_NO_1,C13ISRAELEVIDENCE,N
29897,J_NO_1,C13ISRAELINSTITUTIONS,N
29897,J_NO_1,C13ISRAELPOLICIES,N
29897,J_NO_1,C13ISRAELOPT,N
29897,J_NO_1,C13ISRAELREGION,N
29897,J_NO_1,C13ISRAELDISCRIMINATION,N
29897,J_NO_1,C13ISRAELNORMS,N
29897,J_NO_1,C13ISRAELCOMPARE,N
29897,J_NO_1,C14BDS,N
29897,J_NO_1,C15REASONABLE,N
29897,J_NO_1,C15DOUBLESTANDARD,N
903,J_NO_1,C11PALESTINIANJUSTICE,N
903,J_NO_1,C11PALESTINIANRIGHTS,N
903,J_NO_1,C12ZIONCRITICAL,N
903,J_NO_1,C12SOLUTIONS,N
903,J_NO_1,C12EQUALRIGHTS,N
903,J_NO_1,C13ISRAELEVIDENCE,N
903,J_NO_1,C13ISRAELINSTITUTIONS,N
903,J_NO_1,C13ISRAELPOLICIES,N
903,J_NO_1,C13ISRAELOPT,N
903,J_NO_1,C13ISRAELREGION,N
903,J_NO_1,C13ISRAELDISCRIMINATION,N
903,J_NO_1,C13ISRAELNORMS,N
903,J_NO_1,C13ISRAELCOMPARE,N
903,J_NO_1,C14BDS,N
903,J_NO_1,C15REASONABLE,N
903,J_NO_1,C15DOUBLESTANDARD,N
40323,J_NO_1,C11PALESTINIANJUSTICE,N
40323,J_NO_1,C11PALESTINIANRIGHTS,N
40323,J_NO_1,C12ZIONCRITICAL,N
40323,J_NO_1,C12SOLUTIONS,N
40323,J_NO_1,C12EQUALRIGHTS,N
40323,J_NO_1,C13ISRAELEVIDENCE,N
40323,J_NO_1,C13ISRAELINSTITUTIONS,N
40323,J_NO_1,C13ISRAELPOLICIES,N
40323,J_NO_1,C13ISRAELOPT,N
40323,J_NO_1,C13ISRAELREGION,N
40323,J_NO_1,C13ISRAELDISCRIMINATION,N
40323,J_NO_1,C13ISRAELNORMS,N
40323,J_NO_1,C13ISRAELCOMPARE,N
40323,J_NO_1,C14BDS,N
40323,J_NO_1,C15REASONABLE,N
40323,J_NO_1,C15DOUBLESTANDARD,N
11637,J_NO_1,C11PALESTINIANJUSTICE,N
11637,J_NO_1,C11PALESTINIANRIGHTS,N
11637,J_NO_1,C12ZIONCRITICAL,N
11637,J_NO_1,C12SOLUTIONS,N
11637,J_NO_1,C12EQUALRIGHTS,N
11637,J_NO_1,C13ISRAELEVIDENCE,N
11637,J_NO_1,C13ISRAELINSTITUTIONS,N
11637,J_NO_1,C13ISRAELPOLICIES,N
11637,J_NO_1,C13ISRAELOPT,N
11637,J_NO_1,C13ISRAELREGION,N
11637,J_NO_1,C13ISRAELDISCRIMINATION,N
11637,J_NO_1,C13ISRAELNORMS,N
11637,J_NO_1,C13ISRAELCOMPARE,N
11637,J_NO_1,C14BDS,N
11637,J_NO_1,C15REASONABLE,N
11637,J_NO_1,C15DOUBLESTANDARD,N
5744,J_NO_1,C11PALESTINIANJUSTICE,N
5744,J_NO_1,C11PALESTINIANRIGHTS,N
5744,J_NO_1,C12ZIONCRITICAL,N
5744,J_NO_1,C12SOLUTIONS,N
5744,J_NO_1,C12EQUALRIGHTS,N
5744,J_NO_1,C13ISRAELEVIDENCE,N
5744,J_NO_1,C13ISRAELINSTITUTIONS,N
5744,J_NO_1,C13ISRAELPOLICIES,N
5744,J_NO_1,C13ISRAELOPT,N
5744,J_NO_1,C13ISRAELREGION,N
5744,J_NO_1,C13ISRAELDISCRIMINATION,N
5744,J_NO_1,C13ISRAELNORMS,N
5744,J_NO_1,C13ISRAELCOMPARE,N
5744,J_NO_1,C14BDS,N
5744,J_NO_1,C15REASONABLE,N
5744,J_NO_1,C15DOUBLESTANDARD,N
48803,J_NO_1,C11PALESTINIANJUSTICE,N
48803,J_NO_1,C11PALESTINIANRIGHTS,N
48803,J_NO_1,C12ZIONCRITICAL,N
48803,J_NO_1,C12SOLUTIONS,N
48803,J_NO_1,C12EQUALRIGHTS,N
48803,J_NO_1,C13ISRAELEVIDENCE,N
48803,J_NO_1,C13ISRAELINSTITUTIONS,N
48803,J_NO_1,C13ISRAELPOLICIES,N
48803,J_NO_1,C13ISRAELOPT,N
48803,J_NO_1,C13ISRAELREGION,N
48803,J_NO_1,C13ISRAELDISCRIMINATION,N
48803,J_NO_1,C13ISRAELNORMS,N
48803,J_NO_1,C13ISRAELCOMPARE,N
48803,J_NO_1,C14BDS,N
48803,J_NO_1,C15REASONABLE,N
48803,J_NO_1,C15DOUBLESTANDARD,N
42400,J_NO_1,C11PALESTINIANJUSTICE,N
42400,J_NO_1,C11PALESTINIANRIGHTS,N
42400,J_NO_1,C12ZIONCRITICAL,N
42400,J_NO_1,C12SOLUTIONS,N
42400,J_NO_1,C12EQUALRIGHTS,N
42400,J_NO_1,C13ISRAELEVIDENCE,N
42400,J_NO_1,C13ISRAELINSTITUTIONS,N
42400,J_NO_1,C13ISRAELPOLICIES,N
42400,J_NO_1,C13ISRAELOPT,N
42400,J_NO_1,C13ISRAELREGION,N
42400,J_NO_1,C13ISRAELDISCRIMINATION,N
42400,J_NO_1,C13ISRAELNORMS,N
42400,J_NO_1,C13ISRAELCOMPARE,N
42400,J_NO_1,C14BDS,N
42400,J_NO_1,C15REASONABLE,N
42400,J_NO_1,C15DOUBLESTANDARD,N
24731,J_NO_1,C11PALESTINIANJUSTICE,N
24731,J_NO_1,C11PALESTINIANRIGHTS,N
24731,J_NO_1,C12ZIONCRITICAL,N
24731,J_NO_1,C12SOLUTIONS,N
24731,J_NO_1,C12EQUALRIGHTS,N
24731,J_NO_1,C13ISRAELEVIDENCE,N
24731,J_NO_1,C13ISRAELINSTITUTIONS,N
24731,J_NO_1,C13ISRAELPOLICIES,N
24731,J_NO_1,C13ISRAELOPT,N
24731,J_NO_1,C13ISRAELREGION,N
24731,J_NO_1,C13ISRAELDISCRIMINATION,N
24731,J_NO_1,C13ISRAELNORMS,N
24731,J_NO_1,C13ISRAELCOMPARE,N
24731,J_NO_1,C14BDS,N
24731,J_NO_1,C15REASONABLE,N
24731,J_NO_1,C15DOUBLESTANDARD,N
4788,J_NO_1,C11PALESTINIANJUSTICE,N
4788,J_NO_1,C11PALESTINIANRIGHTS,N
4788,J_NO_1,C12ZIONCRITICAL,N
4788,J_NO_1,C12SOLUTIONS,N
4788,J_NO_1,C12EQUALRIGHTS,N
4788,J_NO_1,C13ISRAELEVIDENCE,N
4788,J_NO_1,C13ISRAELINSTITUTIONS,N
4788,J_NO_1,C13ISRAELPOLICIES,N
4788,J_NO_1,C13ISRAELOPT,N
4788,J_NO_1,C13ISRAELREGION,N
4788,J_NO_1,C13ISRAELDISCRIMINATION,N
4788,J_NO_1,C13ISRAELNORMS,N
4788,J_NO_1,C13ISRAELCOMPARE,N
4788,J_NO_1,C14BDS,N
4788,J_NO_1,C15REASONABLE,N
4788,J_NO_1,C15DOUBLESTANDARD,N
13562,J_NO_1,C11PALESTINIANJUSTICE,N
13562,J_NO_1,C11PALESTINIANRIGHTS,N
13562,J_NO_1,C12ZIONCRITICAL,N
13562,J_NO_1,C12SOLUTIONS,N
13562,J_NO_1,C12EQUALRIGHTS,N
13562,J_NO_1,C13ISRAELEVIDENCE,N
13562,J_NO_1,C13ISRAELINSTITUTIONS,N
13562,J_NO_1,C13ISRAELPOLICIES,N
13562,J_NO_1,C13ISRAELOPT,N
13562,J_NO_1,C13ISRAELREGION,N
13562,J_NO_1,C13ISRAELDISCRIMINATION,N
13562,J_NO_1,C13ISRAELNORMS,N
13562,J_NO_1,C13ISRAELCOMPARE,N
13562,J_NO_1,C14BDS,N
13562,J_NO_1,C15REASONABLE,N
13562,J_NO_1,C15DOUBLESTANDARD,N
15845,J_NO_1,C11PALESTINIANJUSTICE,N
15845,J_NO_1,C11PALESTINIANRIGHTS,N
15845,J_NO_1,C12ZIONCRITICAL,N
15845,J_NO_1,C12SOLUTIONS,N
15845,J_NO_1,C12EQUALRIGHTS,N
15845,J_NO_1,C13ISRAELEVIDENCE,N
15845,J_NO_1,C13ISRAELINSTITUTIONS,N
15845,J_NO_1,C13ISRAELPOLICIES,N
15845,J_NO_1,C13ISRAELOPT,N
15845,J_NO_1,C13ISRAELREGION,N
15845,J_NO_1,C13ISRAELDISCRIMINATION,N
15845,J_NO_1,C13ISRAELNORMS,N
15845,J_NO_1,C13ISRAELCOMPARE,N
15845,J_NO_1,C14BDS,N
15845,J_NO_1,C15REASONABLE,N
15845,J_NO_1,C15DOUBLESTANDARD,N
28389,J_NO_1,C11PALESTINIANJUSTICE,N
28389,J_NO_1,C11PALESTINIANRIGHTS,N
28389,J_NO_1,C12ZIONCRITICAL,E
28389,J_NO_1,C12SOLUTIONS,N
28389,J_NO_1,C12EQUALRIGHTS,N
28389,J_NO_1,C13ISRAELEVIDENCE,N
28389,J_NO_1,C13ISRAELINSTITUTIONS,N
28389,J_NO_1,C13ISRAELPOLICIES,N
28389,J_NO_1,C13ISRAELOPT,N
28389,J_NO_1,C13ISRAELREGION,N
28389,J_NO_1,C13ISRAELDISCRIMINATION,N
28389,J_NO_1,C13ISRAELNORMS,N
28389,J_NO_1,C13ISRAELCOMPARE,N
28389,J_NO_1,C14BDS,N
28389,J_NO_1,C15REASONABLE,N
28389,J_NO_1,C15DOUBLESTANDARD,N
20243,J_NO_1,C11PALESTINIANJUSTICE,N
20243,J_NO_1,C11PALESTINIANRIGHTS,N
20243,J_NO_1,C12ZIONCRITICAL,N
20243,J_NO_1,C12SOLUTIONS,N
20243,J_NO_1,C12EQUALRIGHTS,N
20243,J_NO_1,C13ISRAELEVIDENCE,N
20243,J_NO_1,C13ISRAELINSTITUTIONS,N
20243,J_NO_1,C13ISRAELPOLICIES,N
20243,J_NO_1,C13ISRAELOPT,N
20243,J_NO_1,C13ISRAELREGION,N
20243,J_NO_1,C13ISRAELDISCRIMINATION,N
20243,J_NO_1,C13ISRAELNORMS,N
20243,J_NO_1,C13ISRAELCOMPARE,N
20243,J_NO_1,C14BDS,N
20243,J_NO_1,C15REASONABLE,N
20243,J_NO_1,C15DOUBLESTANDARD,N
22913,J_NO_1,C11PALESTINIANJUSTICE,N
22913,J_NO_1,C11PALESTINIANRIGHTS,N
22913,J_NO_1,C12ZIONCRITICAL,N
22913,J_NO_1,C12SOLUTIONS,N
22913,J_NO_1,C12EQUALRIGHTS,N
22913,J_NO_1,C13ISRAELEVIDENCE,N
22913,J_NO_1,C13ISRAELINSTITUTIONS,N
22913,J_NO_1,C13ISRAELPOLICIES,N
22913,J_NO_1,C13ISRAELOPT,N
22913,J_NO_1,C13ISRAELREGION,N
22913,J_NO_1,C13ISRAELDISCRIMINATION,N
22913,J_NO_1,C13ISRAELNORMS,N
22913,J_NO_1,C13ISRAELCOMPARE,N
22913,J_NO_1,C14BDS,N
22913,J_NO_1,C15REASONABLE,N
22913,J_NO_1,C15DOUBLESTANDARD,N
44295,J_NO_1,C11PALESTINIANJUSTICE,N
44295,J_NO_1,C11PALESTINIANRIGHTS,N
44295,J_NO_1,C12ZIONCRITICAL,N
44295,J_NO_1,C12SOLUTIONS,N
44295,J_NO_1,C12EQUALRIGHTS,N
44295,J_NO_1,C13ISRAELEVIDENCE,N
44295,J_NO_1,C13ISRAELINSTITUTIONS,N
44295,J_NO_1,C13ISRAELPOLICIES,N
44295,J_NO_1,C13ISRAELOPT,N
44295,J_NO_1,C13ISRAELREGION,N
44295,J_NO_1,C13ISRAELDISCRIMINATION,N
44295,J_NO_1,C13ISRAELNORMS,N
44295,J_NO_1,C13ISRAELCOMPARE,N
44295,J_NO_1,C14BDS,N
44295,J_NO_1,C15REASONABLE,N
44295,J_NO_1,C15DOUBLESTANDARD,N
2754,J_NO_1,C11PALESTINIANJUSTICE,N
2754,J_NO_1,C11PALESTINIANRIGHTS,N
2754,J_NO_1,C12ZIONCRITICAL,N
2754,J_NO_1,C12SOLUTIONS,N
2754,J_NO_1,C12EQUALRIGHTS,N
2754,J_NO_1,C13ISRAELEVIDENCE,N
2754,J_NO_1,C13ISRAELINSTITUTIONS,N
2754,J_NO_1,C13ISRAELPOLICIES,N
2754,J_NO_1,C13ISRAELOPT,N
2754,J_NO_1,C13ISRAELREGION,N
2754,J_NO_1,C13ISRAELDISCRIMINATION,N
2754,J_NO_1,C13ISRAELNORMS,N
2754,J_NO_1,C13ISRAELCOMPARE,N
2754,J_NO_1,C14BDS,N
2754,J_NO_1,C15REASONABLE,N
2754,J_NO_1,C15DOUBLESTANDARD,N
11614,J_NO_1,C11PALESTINIANJUSTICE,N
11614,J_NO_1,C11PALESTINIANRIGHTS,N
11614,J_NO_1,C12ZIONCRITICAL,N
11614,J_NO_1,C12SOLUTIONS,N
11614,J_NO_1,C12EQUALRIGHTS,N
11614,J_NO_1,C13ISRAELEVIDENCE,N
11614,J_NO_1,C13ISRAELINSTITUTIONS,N
11614,J_NO_1,C13ISRAELPOLICIES,N
11614,J_NO_1,C13ISRAELOPT,N
11614,J_NO_1,C13ISRAELREGION,N
11614,J_NO_1,C13ISRAELDISCRIMINATION,N
11614,J_NO_1,C13ISRAELNORMS,N
11614,J_NO_1,C13ISRAELCOMPARE,N
11614,J_NO_1,C14BDS,N
11614,J_NO_1,C15REASONABLE,N
11614,J_NO_1,C15DOUBLESTANDARD,N
43329,J_NO_1,C11PALESTINIANJUSTICE,N
43329,J_NO_1,C11PALESTINIANRIGHTS,N
43329,J_NO_1,C12ZIONCRITICAL,N
43329,J_NO_1,C12SOLUTIONS,N
43329,J_NO_1,C12EQUALRIGHTS,N
43329,J_NO_1,C13ISRAELEVIDENCE,N
43329,J_NO_1,C13ISRAELINSTITUTIONS,N
43329,J_NO_1,C13ISRAELPOLICIES,N
43329,J_NO_1,C13ISRAELOPT,N
43329,J_NO_1,C13ISRAELREGION,N
43329,J_NO_1,C13ISRAELDISCRIMINATION,N
43329,J_NO_1,C13ISRAELNORMS,N
43329,J_NO_1,C13ISRAELCOMPARE,N
43329,J_NO_1,C14BDS,N
43329,J_NO_1,C15REASONABLE,N
43329,J_NO_1,C15DOUBLESTANDARD,N
30632,J_NO_1,C11PALESTINIANJUSTICE,N
30632,J_NO_1,C11PALESTINIANRIGHTS,N
30632,J_NO_1,C12ZIONCRITICAL,N
30632,J_NO_1,C12SOLUTIONS,N
30632,J_NO_1,C12EQUALRIGHTS,N
30632,J_NO_1,C13ISRAELEVIDENCE,N
30632,J_NO_1,C13ISRAELINSTITUTIONS,N
30632,J_NO_1,C13ISRAELPOLICIES,N
30632,J_NO_1,C13ISRAELOPT,N
30632,J_NO_1,C13ISRAELREGION,N
30632,J_NO_1,C13ISRAELDISCRIMINATION,N
30632,J_NO_1,C13ISRAELNORMS,N
30632,J_NO_1,C13ISRAELCOMPARE,N
30632,J_NO_1,C14BDS,N
30632,J_NO_1,C15REASONABLE,N
30632,J_NO_1,C15DOUBLESTANDARD,E
48548,J_NO_1,C11PALESTINIANJUSTICE,N
48548,J_NO_1,C11PALESTINIANRIGHTS,N
48548,J_NO_1,C12ZIONCRITICAL,N
48548,J_NO_1,C12SOLUTIONS,N
48548,J_NO_1,C12EQUALRIGHTS,N
48548,J_NO_1,C13ISRAELEVIDENCE,N
48548,J_NO_1,C13ISRAELINSTITUTIONS,N
48548,J_NO_1,C13ISRAELPOLICIES,N
48548,J_NO_1,C13ISRAELOPT,N
48548,J_NO_1,C13ISRAELREGION,N
48548,J_NO_1,C13ISRAELDISCRIMINATION,N
48548,J_NO_1,C13ISRAELNORMS,N
48548,J_NO_1,C13ISRAELCOMPARE,N
48548,J_NO_1,C14BDS,N
48548,J_NO_1,C15REASONABLE,N
48548,J_NO_1,C15DOUBLESTANDARD,N
41896,J_NO_1,C11PALESTINIANJUSTICE,N
41896,J_NO_1,C11PALESTINIANRIGHTS,N
41896,J_NO_1,C12ZIONCRITICAL,N
41896,J_NO_1,C12SOLUTIONS,N
41896,J_NO_1,C12EQUALRIGHTS,N
41896,J_NO_1,C13ISRAELEVIDENCE,N
41896,J_NO_1,C13ISRAELINSTITUTIONS,N
41896,J_NO_1,C13ISRAELPOLICIES,N
41896,J_NO_1,C13ISRAELOPT,N
41896,J_NO_1,C13ISRAELREGION,N
41896,J_NO_1,C13ISRAELDISCRIMINATION,N
41896,J_NO_1,C13ISRAELNORMS,N
41896,J_NO_1,C13ISRAELCOMPARE,N
41896,J_NO_1,C14BDS,N
41896,J_NO_1,C15REASONABLE,N
41896,J_NO_1,C15DOUBLESTANDARD,N
10766,J_NO_1,C11PALESTINIANJUSTICE,N
10766,J_NO_1,C11PALESTINIANRIGHTS,N
10766,J_NO_1,C12ZIONCRITICAL,N
10766,J_NO_1,C12SOLUTIONS,N
10766,J_NO_1,C12EQUALRIGHTS,N
10766,J_NO_1,C13ISRAELEVIDENCE,N
10766,J_NO_1,C13ISRAELINSTITUTIONS,N
10766,J_NO_1,C13ISRAELPOLICIES,N
10766,J_NO_1,C13ISRAELOPT,N
10766,J_NO_1,C13ISRAELREGION,N
10766,J_NO_1,C13ISRAELDISCRIMINATION,N
10766,J_NO_1,C13ISRAELNORMS,N
10766,J_NO_1,C13ISRAELCOMPARE,N
10766,J_NO_1,C14BDS,N
10766,J_NO_1,C15REASONABLE,N
10766,J_NO_1,C15DOUBLESTANDARD,N
13915,J_NO_1,C11PALESTINIANJUSTICE,N
13915,J_NO_1,C11PALESTINIANRIGHTS,N
13915,J_NO_1,C12ZIONCRITICAL,N
13915,J_NO_1,C12SOLUTIONS,N
13915,J_NO_1,C12EQUALRIGHTS,N
13915,J_NO_1,C13ISRAELEVIDENCE,N
13915,J_NO_1,C13ISRAELINSTITUTIONS,N
13915,J_NO_1,C13ISRAELPOLICIES,N
13915,J_NO_1,C13ISRAELOPT,N
13915,J_NO_1,C13ISRAELREGION,N
13915,J_NO_1,C13ISRAELDISCRIMINATION,N
13915,J_NO_1,C13ISRAELNORMS,N
13915,J_NO_1,C13ISRAELCOMPARE,N
13915,J_NO_1,C14BDS,N
13915,J_NO_1,C15REASONABLE,N
13915,J_NO_1,C15DOUBLESTANDARD,N
2506,J_NO_1,C11PALESTINIANJUSTICE,N
2506,J_NO_1,C11PALESTINIANRIGHTS,N
2506,J_NO_1,C12ZIONCRITICAL,N
2506,J_NO_1,C12SOLUTIONS,N
2506,J_NO_1,C12EQUALRIGHTS,N
2506,J_NO_1,C13ISRAELEVIDENCE,N
2506,J_NO_1,C13ISRAELINSTITUTIONS,N
2506,J_NO_1,C13ISRAELPOLICIES,N
2506,J_NO_1,C13ISRAELOPT,N
2506,J_NO_1,C13ISRAELREGION,N
2506,J_NO_1,C13ISRAELDISCRIMINATION,N
2506,J_NO_1,C13ISRAELNORMS,N
2506,J_NO_1,C13ISRAELCOMPARE,N
2506,J_NO_1,C14BDS,N
2506,J_NO_1,C15REASONABLE,N
2506,J_NO_1,C15DOUBLESTANDARD,N
41445,J_NO_1,C11PALESTINIANJUSTICE,N
41445,J_NO_1,C11PALESTINIANRIGHTS,N
41445,J_NO_1,C12ZIONCRITICAL,N
41445,J_NO_1,C12SOLUTIONS,N
41445,J_NO_1,C12EQUALRIGHTS,N
41445,J_NO_1,C13ISRAELEVIDENCE,N
41445,J_NO_1,C13ISRAELINSTITUTIONS,N
41445,J_NO_1,C13ISRAELPOLICIES,N
41445,J_NO_1,C13ISRAELOPT,N
41445,J_NO_1,C13ISRAELREGION,N
41445,J_NO_1,C13ISRAELDISCRIMINATION,N
41445,J_NO_1,C13ISRAELNORMS,N
41445,J_NO_1,C13ISRAELCOMPARE,N
41445,J_NO_1,C14BDS,N
41445,J_NO_1,C15REASONABLE,N
41445,J_NO_1,C15DOUBLESTANDARD,N
34221,J_NO_1,C11PALESTINIANJUSTICE,N
34221,J_NO_1,C11PALESTINIANRIGHTS,N
34221,J_NO_1,C12ZIONCRITICAL,N
34221,J_NO_1,C12SOLUTIONS,N
34221,J_NO_1,C12EQUALRIGHTS,N
34221,J_NO_1,C13ISRAELEVIDENCE,N
34221,J_NO_1,C13ISRAELINSTITUTIONS,N
34221,J_NO_1,C13ISRAELPOLICIES,N
34221,J_NO_1,C13ISRAELOPT,N
34221,J_NO_1,C13ISRAELREGION,N
34221,J_NO_1,C13ISRAELDISCRIMINATION,N
34221,J_NO_1,C13ISRAELNORMS,N
34221,J_NO_1,C13ISRAELCOMPARE,N
34221,J_NO_1,C14BDS,N
34221,J_NO_1,C15REASONABLE,N
34221,J_NO_1,C15DOUBLESTANDARD,N
28375,J_NO_1,C11PALESTINIANJUSTICE,N
28375,J_NO_1,C11PALESTINIANRIGHTS,N
28375,J_NO_1,C12ZIONCRITICAL,N
28375,J_NO_1,C12SOLUTIONS,N
28375,J_NO_1,C12EQUALRIGHTS,N
28375,J_NO_1,C13ISRAELEVIDENCE,N
28375,J_NO_1,C13ISRAELINSTITUTIONS,N
28375,J_NO_1,C13ISRAELPOLICIES,N
28375,J_NO_1,C13ISRAELOPT,N
28375,J_NO_1,C13ISRAELREGION,N
28375,J_NO_1,C13ISRAELDISCRIMINATION,N
28375,J_NO_1,C13ISRAELNORMS,N
28375,J_NO_1,C13ISRAELCOMPARE,N
28375,J_NO_1,C14BDS,N
28375,J_NO_1,C15REASONABLE,N
28375,J_NO_1,C15DOUBLESTANDARD,N
32172,J_NO_1,C11PALESTINIANJUSTICE,N
32172,J_NO_1,C11PALESTINIANRIGHTS,N
32172,J_NO_1,C12ZIONCRITICAL,N
32172,J_NO_1,C12SOLUTIONS,N
32172,J_NO_1,C12EQUALRIGHTS,N
32172,J_NO_1,C13ISRAELEVIDENCE,N
32172,J_NO_1,C13ISRAELINSTITUTIONS,N
32172,J_NO_1,C13ISRAELPOLICIES,N
32172,J_NO_1,C13ISRAELOPT,N
32172,J_NO_1,C13ISRAELREGION,N
32172,J_NO_1,C13ISRAELDISCRIMINATION,N
32172,J_NO_1,C13ISRAELNORMS,N
32172,J_NO_1,C13ISRAELCOMPARE,N
32172,J_NO_1,C14BDS,N
32172,J_NO_1,C15REASONABLE,N
32172,J_NO_1,C15DOUBLESTANDARD,N
44859,J_NO_1,C11PALESTINIANJUSTICE,N
44859,J_NO_1,C11PALESTINIANRIGHTS,N
44859,J_NO_1,C12ZIONCRITICAL,N
44859,J_NO_1,C12SOLUTIONS,N
44859,J_NO_1,C12EQUALRIGHTS,N
44859,J_NO_1,C13ISRAELEVIDENCE,N
44859,J_NO_1,C13ISRAELINSTITUTIONS,N
44859,J_NO_1,C13ISRAELPOLICIES,N
44859,J_NO_1,C13ISRAELOPT,N
44859,J_NO_1,C13ISRAELREGION,N
44859,J_NO_1,C13ISRAELDISCRIMINATION,N
44859,J_NO_1,C13ISRAELNORMS,N
44859,J_NO_1,C13ISRAELCOMPARE,N
44859,J_NO_1,C14BDS,N
44859,J_NO_1,C15REASONABLE,N
44859,J_NO_1,C15DOUBLESTANDARD,N
5683,J_NO_1,PARSE_ERROR,Expecting value: line 1 column 1 (char 0)
37571,J_NO_1,C11PALESTINIANJUSTICE,N
37571,J_NO_1,C11PALESTINIANRIGHTS,N
37571,J_NO_1,C12ZIONCRITICAL,N
37571,J_NO_1,C12SOLUTIONS,N
37571,J_NO_1,C12EQUALRIGHTS,N
37571,J_NO_1,C13ISRAELEVIDENCE,N
37571,J_NO_1,C13ISRAELINSTITUTIONS,N
37571,J_NO_1,C13ISRAELPOLICIES,N
37571,J_NO_1,C13ISRAELOPT,N
37571,J_NO_1,C13ISRAELREGION,N
37571,J_NO_1,C13ISRAELDISCRIMINATION,N
37571,J_NO_1,C13ISRAELNORMS,N
37571,J_NO_1,C13ISRAELCOMPARE,N
37571,J_NO_1,C14BDS,N
37571,J_NO_1,C15REASONABLE,N
37571,J_NO_1,C15DOUBLESTANDARD,N
18609,J_NO_1,C11PALESTINIANJUSTICE,N
18609,J_NO_1,C11PALESTINIANRIGHTS,N
18609,J_NO_1,C12ZIONCRITICAL,N
18609,J_NO_1,C12SOLUTIONS,N
18609,J_NO_1,C12EQUALRIGHTS,N
18609,J_NO_1,C13ISRAELEVIDENCE,N
18609,J_NO_1,C13ISRAELINSTITUTIONS,N
18609,J_NO_1,C13ISRAELPOLICIES,N
18609,J_NO_1,C13ISRAELOPT,N
18609,J_NO_1,C13ISRAELREGION,N
18609,J_NO_1,C13ISRAELDISCRIMINATION,N
18609,J_NO_1,C13ISRAELNORMS,N
18609,J_NO_1,C13ISRAELCOMPARE,N
18609,J_NO_1,C14BDS,N
18609,J_NO_1,C15REASONABLE,N
18609,J_NO_1,C15DOUBLESTANDARD,N
19403,J_NO_1,C11PALESTINIANJUSTICE,N
19403,J_NO_1,C11PALESTINIANRIGHTS,N
19403,J_NO_1,C12ZIONCRITICAL,N
19403,J_NO_1,C12SOLUTIONS,N
19403,J_NO_1,C12EQUALRIGHTS,N
19403,J_NO_1,C13ISRAELEVIDENCE,N
19403,J_NO_1,C13ISRAELINSTITUTIONS,N
19403,J_NO_1,C13ISRAELPOLICIES,N
19403,J_NO_1,C13ISRAELOPT,N
19403,J_NO_1,C13ISRAELREGION,N
19403,J_NO_1,C13ISRAELDISCRIMINATION,N
19403,J_NO_1,C13ISRAELNORMS,N
19403,J_NO_1,C13ISRAELCOMPARE,N
19403,J_NO_1,C14BDS,N
19403,J_NO_1,C15REASONABLE,N
19403,J_NO_1,C15DOUBLESTANDARD,N
41393,J_NO_1,C11PALESTINIANJUSTICE,N
41393,J_NO_1,C11PALESTINIANRIGHTS,N
41393,J_NO_1,C12ZIONCRITICAL,N
41393,J_NO_1,C12SOLUTIONS,N
41393,J_NO_1,C12EQUALRIGHTS,N
41393,J_NO_1,C13ISRAELEVIDENCE,N
41393,J_NO_1,C13ISRAELINSTITUTIONS,N
41393,J_NO_1,C13ISRAELPOLICIES,N
41393,J_NO_1,C13ISRAELOPT,N
41393,J_NO_1,C13ISRAELREGION,N
41393,J_NO_1,C13ISRAELDISCRIMINATION,N
41393,J_NO_1,C13ISRAELNORMS,N
41393,J_NO_1,C13ISRAELCOMPARE,N
41393,J_NO_1,C14BDS,N
41393,J_NO_1,C15REASONABLE,N
41393,J_NO_1,C15DOUBLESTANDARD,N
34491,J_NO_1,C11PALESTINIANJUSTICE,N
34491,J_NO_1,C11PALESTINIANRIGHTS,N
34491,J_NO_1,C12ZIONCRITICAL,N
34491,J_NO_1,C12SOLUTIONS,N
34491,J_NO_1,C12EQUALRIGHTS,N
34491,J_NO_1,C13ISRAELEVIDENCE,N
34491,J_NO_1,C13ISRAELINSTITUTIONS,N
34491,J_NO_1,C13ISRAELPOLICIES,N
34491,J_NO_1,C13ISRAELOPT,N
34491,J_NO_1,C13ISRAELREGION,N
34491,J_NO_1,C13ISRAELDISCRIMINATION,N
34491,J_NO_1,C13ISRAELNORMS,N
34491,J_NO_1,C13ISRAELCOMPARE,N
34491,J_NO_1,C14BDS,N
34491,J_NO_1,C15REASONABLE,N
34491,J_NO_1,C15DOUBLESTANDARD,N
2822,J_NO_1,C11PALESTINIANJUSTICE,N
2822,J_NO_1,C11PALESTINIANRIGHTS,N
2822,J_NO_1,C12ZIONCRITICAL,N
2822,J_NO_1,C12SOLUTIONS,N
2822,J_NO_1,C12EQUALRIGHTS,N
2822,J_NO_1,C13ISRAELEVIDENCE,N
2822,J_NO_1,C13ISRAELINSTITUTIONS,N
2822,J_NO_1,C13ISRAELPOLICIES,N
2822,J_NO_1,C13ISRAELOPT,N
2822,J_NO_1,C13ISRAELREGION,N
2822,J_NO_1,C13ISRAELDISCRIMINATION,N
2822,J_NO_1,C13ISRAELNORMS,N
2822,J_NO_1,C13ISRAELCOMPARE,N
2822,J_NO_1,C14BDS,N
2822,J_NO_1,C15REASONABLE,N
2822,J_NO_1,C15DOUBLESTANDARD,N
47336,J_NO_1,C11PALESTINIANJUSTICE,N
47336,J_NO_1,C11PALESTINIANRIGHTS,N
47336,J_NO_1,C12ZIONCRITICAL,N
47336,J_NO_1,C12SOLUTIONS,N
47336,J_NO_1,C12EQUALRIGHTS,N
47336,J_NO_1,C13ISRAELEVIDENCE,N
47336,J_NO_1,C13ISRAELINSTITUTIONS,N
47336,J_NO_1,C13ISRAELPOLICIES,N
47336,J_NO_1,C13ISRAELOPT,N
47336,J_NO_1,C13ISRAELREGION,N
47336,J_NO_1,C13ISRAELDISCRIMINATION,N
47336,J_NO_1,C13ISRAELNORMS,N
47336,J_NO_1,C13ISRAELCOMPARE,N
47336,J_NO_1,C14BDS,N
47336,J_NO_1,C15REASONABLE,N
47336,J_NO_1,C15DOUBLESTANDARD,N
9304,J_NO_1,C11PALESTINIANJUSTICE,N
9304,J_NO_1,C11PALESTINIANRIGHTS,N
9304,J_NO_1,C12ZIONCRITICAL,N
9304,J_NO_1,C12SOLUTIONS,N
9304,J_NO_1,C12EQUALRIGHTS,N
9304,J_NO_1,C13ISRAELEVIDENCE,N
9304,J_NO_1,C13ISRAELINSTITUTIONS,N
9304,J_NO_1,C13ISRAELPOLICIES,N
9304,J_NO_1,C13ISRAELOPT,N
9304,J_NO_1,C13ISRAELREGION,N
9304,J_NO_1,C13ISRAELDISCRIMINATION,N
9304,J_NO_1,C13ISRAELNORMS,N
9304,J_NO_1,C13ISRAELCOMPARE,N
9304,J_NO_1,C14BDS,N
9304,J_NO_1,C15REASONABLE,N
9304,J_NO_1,C15DOUBLESTANDARD,N
36264,J_NO_1,C11PALESTINIANJUSTICE,N
36264,J_NO_1,C11PALESTINIANRIGHTS,N
36264,J_NO_1,C12ZIONCRITICAL,N
36264,J_NO_1,C12SOLUTIONS,N
36264,J_NO_1,C12EQUALRIGHTS,N
36264,J_NO_1,C13ISRAELEVIDENCE,N
36264,J_NO_1,C13ISRAELINSTITUTIONS,N
36264,J_NO_1,C13ISRAELPOLICIES,N
36264,J_NO_1,C13ISRAELOPT,N
36264,J_NO_1,C13ISRAELREGION,N
36264,J_NO_1,C13ISRAELDISCRIMINATION,N
36264,J_NO_1,C13ISRAELNORMS,N
36264,J_NO_1,C13ISRAELCOMPARE,N
36264,J_NO_1,C14BDS,N
36264,J_NO_1,C15REASONABLE,N
36264,J_NO_1,C15DOUBLESTANDARD,N
45559,J_NO_1,C11PALESTINIANJUSTICE,N
45559,J_NO_1,C11PALESTINIANRIGHTS,N
45559,J_NO_1,C12ZIONCRITICAL,N
45559,J_NO_1,C12SOLUTIONS,N
45559,J_NO_1,C12EQUALRIGHTS,N
45559,J_NO_1,C13ISRAELEVIDENCE,N
45559,J_NO_1,C13ISRAELINSTITUTIONS,N
45559,J_NO_1,C13ISRAELPOLICIES,N
45559,J_NO_1,C13ISRAELOPT,N
45559,J_NO_1,C13ISRAELREGION,N
45559,J_NO_1,C13ISRAELDISCRIMINATION,N
45559,J_NO_1,C13ISRAELNORMS,N
45559,J_NO_1,C13ISRAELCOMPARE,N
45559,J_NO_1,C14BDS,N
45559,J_NO_1,C15REASONABLE,N
45559,J_NO_1,C15DOUBLESTANDARD,N
48907,J_NO_1,C11PALESTINIANJUSTICE,N
48907,J_NO_1,C11PALESTINIANRIGHTS,N
48907,J_NO_1,C12ZIONCRITICAL,N
48907,J_NO_1,C12SOLUTIONS,N
48907,J_NO_1,C12EQUALRIGHTS,N
48907,J_NO_1,C13ISRAELEVIDENCE,N
48907,J_NO_1,C13ISRAELINSTITUTIONS,N
48907,J_NO_1,C13ISRAELPOLICIES,N
48907,J_NO_1,C13ISRAELOPT,N
48907,J_NO_1,C13ISRAELREGION,N
48907,J_NO_1,C13ISRAELDISCRIMINATION,N
48907,J_NO_1,C13ISRAELNORMS,N
48907,J_NO_1,C13ISRAELCOMPARE,N
48907,J_NO_1,C14BDS,N
48907,J_NO_1,C15REASONABLE,N
48907,J_NO_1,C15DOUBLESTANDARD,N
9141,J_NO_1,C11PALESTINIANJUSTICE,N
9141,J_NO_1,C11PALESTINIANRIGHTS,N
9141,J_NO_1,C12ZIONCRITICAL,N
9141,J_NO_1,C12SOLUTIONS,N
9141,J_NO_1,C12EQUALRIGHTS,N
9141,J_NO_1,C13ISRAELEVIDENCE,N
9141,J_NO_1,C13ISRAELINSTITUTIONS,N
9141,J_NO_1,C13ISRAELPOLICIES,N
9141,J_NO_1,C13ISRAELOPT,N
9141,J_NO_1,C13ISRAELREGION,N
9141,J_NO_1,C13ISRAELDISCRIMINATION,N
9141,J_NO_1,C13ISRAELNORMS,N
9141,J_NO_1,C13ISRAELCOMPARE,N
9141,J_NO_1,C14BDS,N
9141,J_NO_1,C15REASONABLE,N
9141,J_NO_1,C15DOUBLESTANDARD,N
46955,J_NO_1,C11PALESTINIANJUSTICE,N
46955,J_NO_1,C11PALESTINIANRIGHTS,N
46955,J_NO_1,C12ZIONCRITICAL,N
46955,J_NO_1,C12SOLUTIONS,N
46955,J_NO_1,C12EQUALRIGHTS,N
46955,J_NO_1,C13ISRAELEVIDENCE,N
46955,J_NO_1,C13ISRAELINSTITUTIONS,N
46955,J_NO_1,C13ISRAELPOLICIES,N
46955,J_NO_1,C13ISRAELOPT,N
46955,J_NO_1,C13ISRAELREGION,N
46955,J_NO_1,C13ISRAELDISCRIMINATION,N
46955,J_NO_1,C13ISRAELNORMS,N
46955,J_NO_1,C13ISRAELCOMPARE,N
46955,J_NO_1,C14BDS,N
46955,J_NO_1,C15REASONABLE,N
46955,J_NO_1,C15DOUBLESTANDARD,N
46605,J_NO_1,C11PALESTINIANJUSTICE,N
46605,J_NO_1,C11PALESTINIANRIGHTS,N
46605,J_NO_1,C12ZIONCRITICAL,N
46605,J_NO_1,C12SOLUTIONS,N
46605,J_NO_1,C12EQUALRIGHTS,N
46605,J_NO_1,C13ISRAELEVIDENCE,N
46605,J_NO_1,C13ISRAELINSTITUTIONS,N
46605,J_NO_1,C13ISRAELPOLICIES,N
46605,J_NO_1,C13ISRAELOPT,N
46605,J_NO_1,C13ISRAELREGION,N
46605,J_NO_1,C13ISRAELDISCRIMINATION,N
46605,J_NO_1,C13ISRAELNORMS,N
46605,J_NO_1,C13ISRAELCOMPARE,N
46605,J_NO_1,C14BDS,N
46605,J_NO_1,C15REASONABLE,N
46605,J_NO_1,C15DOUBLESTANDARD,N
48550,J_NO_1,PARSE_ERROR,Expecting value: line 1 column 1 (char 0)
49905,J_NO_1,C11PALESTINIANJUSTICE,N
49905,J_NO_1,C11PALESTINIANRIGHTS,N
49905,J_NO_1,C12ZIONCRITICAL,N
49905,J_NO_1,C12SOLUTIONS,N
49905,J_NO_1,C12EQUALRIGHTS,N
49905,J_NO_1,C13ISRAELEVIDENCE,N
49905,J_NO_1,C13ISRAELINSTITUTIONS,N
49905,J_NO_1,C13ISRAELPOLICIES,N
49905,J_NO_1,C13ISRAELOPT,N
49905,J_NO_1,C13ISRAELREGION,N
49905,J_NO_1,C13ISRAELDISCRIMINATION,N
49905,J_NO_1,C13ISRAELNORMS,N
49905,J_NO_1,C13ISRAELCOMPARE,N
49905,J_NO_1,C14BDS,N
49905,J_NO_1,C15REASONABLE,N
49905,J_NO_1,C15DOUBLESTANDARD,N
24689,J_NO_1,C11PALESTINIANJUSTICE,N
24689,J_NO_1,C11PALESTINIANRIGHTS,N
24689,J_NO_1,C12ZIONCRITICAL,N
24689,J_NO_1,C12SOLUTIONS,N
24689,J_NO_1,C12EQUALRIGHTS,N
24689,J_NO_1,C13ISRAELEVIDENCE,N
24689,J_NO_1,C13ISRAELINSTITUTIONS,N
24689,J_NO_1,C13ISRAELPOLICIES,N
24689,J_NO_1,C13ISRAELOPT,N
24689,J_NO_1,C13ISRAELREGION,N
24689,J_NO_1,C13ISRAELDISCRIMINATION,N
24689,J_NO_1,C13ISRAELNORMS,N
24689,J_NO_1,C13ISRAELCOMPARE,N
24689,J_NO_1,C14BDS,N
24689,J_NO_1,C15REASONABLE,N
24689,J_NO_1,C15DOUBLESTANDARD,N
10247,J_NO_1,C11PALESTINIANJUSTICE,N
10247,J_NO_1,C11PALESTINIANRIGHTS,N
10247,J_NO_1,C12ZIONCRITICAL,N
10247,J_NO_1,C12SOLUTIONS,N
10247,J_NO_1,C12EQUALRIGHTS,N
10247,J_NO_1,C13ISRAELEVIDENCE,N
10247,J_NO_1,C13ISRAELINSTITUTIONS,N
10247,J_NO_1,C13ISRAELPOLICIES,N
10247,J_NO_1,C13ISRAELOPT,N
10247,J_NO_1,C13ISRAELREGION,N
10247,J_NO_1,C13ISRAELDISCRIMINATION,N
10247,J_NO_1,C13ISRAELNORMS,N
10247,J_NO_1,C13ISRAELCOMPARE,N
10247,J_NO_1,C14BDS,N
10247,J_NO_1,C15REASONABLE,N
10247,J_NO_1,C15DOUBLESTANDARD,N
29184,J_NO_1,C11PALESTINIANJUSTICE,N
29184,J_NO_1,C11PALESTINIANRIGHTS,N
29184,J_NO_1,C12ZIONCRITICAL,E
29184,J_NO_1,C12SOLUTIONS,N
29184,J_NO_1,C12EQUALRIGHTS,N
29184,J_NO_1,C13ISRAELEVIDENCE,N
29184,J_NO_1,C13ISRAELINSTITUTIONS,N
29184,J_NO_1,C13ISRAELPOLICIES,N
29184,J_NO_1,C13ISRAELOPT,N
29184,J_NO_1,C13ISRAELREGION,N
29184,J_NO_1,C13ISRAELDISCRIMINATION,N
29184,J_NO_1,C13ISRAELNORMS,N
29184,J_NO_1,C13ISRAELCOMPARE,N
29184,J_NO_1,C14BDS,N
29184,J_NO_1,C15REASONABLE,N
29184,J_NO_1,C15DOUBLESTANDARD,N
23854,J_NO_1,C11PALESTINIANJUSTICE,N
23854,J_NO_1,C11PALESTINIANRIGHTS,N
23854,J_NO_1,C12ZIONCRITICAL,N
23854,J_NO_1,C12SOLUTIONS,N
23854,J_NO_1,C12EQUALRIGHTS,N
23854,J_NO_1,C13ISRAELEVIDENCE,N
23854,J_NO_1,C13ISRAELINSTITUTIONS,N
23854,J_NO_1,C13ISRAELPOLICIES,N
23854,J_NO_1,C13ISRAELOPT,N
23854,J_NO_1,C13ISRAELREGION,N
23854,J_NO_1,C13ISRAELDISCRIMINATION,N
23854,J_NO_1,C13ISRAELNORMS,N
23854,J_NO_1,C13ISRAELCOMPARE,N
23854,J_NO_1,C14BDS,N
23854,J_NO_1,C15REASONABLE,N
23854,J_NO_1,C15DOUBLESTANDARD,N
12691,J_NO_1,C11PALESTINIANJUSTICE,N
12691,J_NO_1,C11PALESTINIANRIGHTS,N
12691,J_NO_1,C12ZIONCRITICAL,N
12691,J_NO_1,C12SOLUTIONS,N
12691,J_NO_1,C12EQUALRIGHTS,N
12691,J_NO_1,C13ISRAELEVIDENCE,N
12691,J_NO_1,C13ISRAELINSTITUTIONS,N
12691,J_NO_1,C13ISRAELPOLICIES,N
12691,J_NO_1,C13ISRAELOPT,N
12691,J_NO_1,C13ISRAELREGION,N
12691,J_NO_1,C13ISRAELDISCRIMINATION,N
12691,J_NO_1,C13ISRAELNORMS,N
12691,J_NO_1,C13ISRAELCOMPARE,N
12691,J_NO_1,C14BDS,N
12691,J_NO_1,C15REASONABLE,N
12691,J_NO_1,C15DOUBLESTANDARD,N
43066,J_NO_1,C11PALESTINIANJUSTICE,N
43066,J_NO_1,C11PALESTINIANRIGHTS,N
43066,J_NO_1,C12ZIONCRITICAL,N
43066,J_NO_1,C12SOLUTIONS,N
43066,J_NO_1,C12EQUALRIGHTS,N
43066,J_NO_1,C13ISRAELEVIDENCE,N
43066,J_NO_1,C13ISRAELINSTITUTIONS,N
43066,J_NO_1,C13ISRAELPOLICIES,N
43066,J_NO_1,C13ISRAELOPT,N
43066,J_NO_1,C13ISRAELREGION,N
43066,J_NO_1,C13ISRAELDISCRIMINATION,N
43066,J_NO_1,C13ISRAELNORMS,N
43066,J_NO_1,C13ISRAELCOMPARE,N
43066,J_NO_1,C14BDS,N
43066,J_NO_1,C15REASONABLE,N
43066,J_NO_1,C15DOUBLESTANDARD,N
31512,J_NO_1,C11PALESTINIANJUSTICE,N
31512,J_NO_1,C11PALESTINIANRIGHTS,N
31512,J_NO_1,C12ZIONCRITICAL,I
31512,J_NO_1,C12SOLUTIONS,N
31512,J_NO_1,C12EQUALRIGHTS,N
31512,J_NO_1,C13ISRAELEVIDENCE,N
31512,J_NO_1,C13ISRAELINSTITUTIONS,N
31512,J_NO_1,C13ISRAELPOLICIES,N
31512,J_NO_1,C13ISRAELOPT,N
31512,J_NO_1,C13ISRAELREGION,N
31512,J_NO_1,C13ISRAELDISCRIMINATION,N
31512,J_NO_1,C13ISRAELNORMS,N
31512,J_NO_1,C13ISRAELCOMPARE,N
31512,J_NO_1,C14BDS,N
31512,J_NO_1,C15REASONABLE,N
31512,J_NO_1,C15DOUBLESTANDARD,N
9160,J_NO_1,C11PALESTINIANJUSTICE,N
9160,J_NO_1,C11PALESTINIANRIGHTS,N
9160,J_NO_1,C12ZIONCRITICAL,N
9160,J_NO_1,C12SOLUTIONS,N
9160,J_NO_1,C12EQUALRIGHTS,N
9160,J_NO_1,C13ISRAELEVIDENCE,N
9160,J_NO_1,C13ISRAELINSTITUTIONS,N
9160,J_NO_1,C13ISRAELPOLICIES,N
9160,J_NO_1,C13ISRAELOPT,N
9160,J_NO_1,C13ISRAELREGION,N
9160,J_NO_1,C13ISRAELDISCRIMINATION,N
9160,J_NO_1,C13ISRAELNORMS,N
9160,J_NO_1,C13ISRAELCOMPARE,N
9160,J_NO_1,C14BDS,N
9160,J_NO_1,C15REASONABLE,N
9160,J_NO_1,C15DOUBLESTANDARD,N
7168,J_NO_1,C11PALESTINIANJUSTICE,N
7168,J_NO_1,C11PALESTINIANRIGHTS,N
7168,J_NO_1,C12ZIONCRITICAL,N
7168,J_NO_1,C12SOLUTIONS,N
7168,J_NO_1,C12EQUALRIGHTS,N
7168,J_NO_1,C13ISRAELEVIDENCE,N
7168,J_NO_1,C13ISRAELINSTITUTIONS,N
7168,J_NO_1,C13ISRAELPOLICIES,N
7168,J_NO_1,C13ISRAELOPT,N
7168,J_NO_1,C13ISRAELREGION,N
7168,J_NO_1,C13ISRAELDISCRIMINATION,N
7168,J_NO_1,C13ISRAELNORMS,N
7168,J_NO_1,C13ISRAELCOMPARE,N
7168,J_NO_1,C14BDS,N
7168,J_NO_1,C15REASONABLE,N
7168,J_NO_1,C15DOUBLESTANDARD,N
17484,J_NO_1,C11PALESTINIANJUSTICE,N
17484,J_NO_1,C11PALESTINIANRIGHTS,N
17484,J_NO_1,C12ZIONCRITICAL,N
17484,J_NO_1,C12SOLUTIONS,N
17484,J_NO_1,C12EQUALRIGHTS,N
17484,J_NO_1,C13ISRAELEVIDENCE,N
17484,J_NO_1,C13ISRAELINSTITUTIONS,N
17484,J_NO_1,C13ISRAELPOLICIES,N
17484,J_NO_1,C13ISRAELOPT,N
17484,J_NO_1,C13ISRAELREGION,N
17484,J_NO_1,C13ISRAELDISCRIMINATION,N
17484,J_NO_1,C13ISRAELNORMS,N
17484,J_NO_1,C13ISRAELCOMPARE,N
17484,J_NO_1,C14BDS,N
17484,J_NO_1,C15REASONABLE,N
17484,J_NO_1,C15DOUBLESTANDARD,N
45752,J_NO_1,C11PALESTINIANJUSTICE,N
45752,J_NO_1,C11PALESTINIANRIGHTS,N
45752,J_NO_1,C12ZIONCRITICAL,N
45752,J_NO_1,C12SOLUTIONS,N
45752,J_NO_1,C12EQUALRIGHTS,N
45752,J_NO_1,C13ISRAELEVIDENCE,N
45752,J_NO_1,C13ISRAELINSTITUTIONS,N
45752,J_NO_1,C13ISRAELPOLICIES,N
45752,J_NO_1,C13ISRAELOPT,N
45752,J_NO_1,C13ISRAELREGION,N
45752,J_NO_1,C13ISRAELDISCRIMINATION,N
45752,J_NO_1,C13ISRAELNORMS,N
45752,J_NO_1,C13ISRAELCOMPARE,N
45752,J_NO_1,C14BDS,N
45752,J_NO_1,C15REASONABLE,N
45752,J_NO_1,C15DOUBLESTANDARD,N
8427,J_NO_1,C11PALESTINIANJUSTICE,N
8427,J_NO_1,C11PALESTINIANRIGHTS,N
8427,J_NO_1,C12ZIONCRITICAL,N
8427,J_NO_1,C12SOLUTIONS,N
8427,J_NO_1,C12EQUALRIGHTS,N
8427,J_NO_1,C13ISRAELEVIDENCE,N
8427,J_NO_1,C13ISRAELINSTITUTIONS,N
8427,J_NO_1,C13ISRAELPOLICIES,N
8427,J_NO_1,C13ISRAELOPT,N
8427,J_NO_1,C13ISRAELREGION,N
8427,J_NO_1,C13ISRAELDISCRIMINATION,N
8427,J_NO_1,C13ISRAELNORMS,N
8427,J_NO_1,C13ISRAELCOMPARE,N
8427,J_NO_1,C14BDS,N
8427,J_NO_1,C15REASONABLE,N
8427,J_NO_1,C15DOUBLESTANDARD,N
46063,J_NO_1,C11PALESTINIANJUSTICE,N
46063,J_NO_1,C11PALESTINIANRIGHTS,N
46063,J_NO_1,C12ZIONCRITICAL,N
46063,J_NO_1,C12SOLUTIONS,N
46063,J_NO_1,C12EQUALRIGHTS,N
46063,J_NO_1,C13ISRAELEVIDENCE,N
46063,J_NO_1,C13ISRAELINSTITUTIONS,N
46063,J_NO_1,C13ISRAELPOLICIES,N
46063,J_NO_1,C13ISRAELOPT,N
46063,J_NO_1,C13ISRAELREGION,N
46063,J_NO_1,C13ISRAELDISCRIMINATION,N
46063,J_NO_1,C13ISRAELNORMS,N
46063,J_NO_1,C13ISRAELCOMPARE,N
46063,J_NO_1,C14BDS,N
46063,J_NO_1,C15REASONABLE,N
46063,J_NO_1,C15DOUBLESTANDARD,N
48498,J_NO_1,C11PALESTINIANJUSTICE,N
48498,J_NO_1,C11PALESTINIANRIGHTS,N
48498,J_NO_1,C12ZIONCRITICAL,N
48498,J_NO_1,C12SOLUTIONS,N
48498,J_NO_1,C12EQUALRIGHTS,N
48498,J_NO_1,C13ISRAELEVIDENCE,N
48498,J_NO_1,C13ISRAELINSTITUTIONS,N
48498,J_NO_1,C13ISRAELPOLICIES,N
48498,J_NO_1,C13ISRAELOPT,N
48498,J_NO_1,C13ISRAELREGION,N
48498,J_NO_1,C13ISRAELDISCRIMINATION,N
48498,J_NO_1,C13ISRAELNORMS,N
48498,J_NO_1,C13ISRAELCOMPARE,N
48498,J_NO_1,C14BDS,N
48498,J_NO_1,C15REASONABLE,N
48498,J_NO_1,C15DOUBLESTANDARD,N
47017,J_NO_1,C11PALESTINIANJUSTICE,N
47017,J_NO_1,C11PALESTINIANRIGHTS,N
47017,J_NO_1,C12ZIONCRITICAL,N
47017,J_NO_1,C12SOLUTIONS,N
47017,J_NO_1,C12EQUALRIGHTS,N
47017,J_NO_1,C13ISRAELEVIDENCE,N
47017,J_NO_1,C13ISRAELINSTITUTIONS,N
47017,J_NO_1,C13ISRAELPOLICIES,N
47017,J_NO_1,C13ISRAELOPT,N
47017,J_NO_1,C13ISRAELREGION,N
47017,J_NO_1,C13ISRAELDISCRIMINATION,N
47017,J_NO_1,C13ISRAELNORMS,N
47017,J_NO_1,C13ISRAELCOMPARE,N
47017,J_NO_1,C14BDS,N
47017,J_NO_1,C15REASONABLE,N
47017,J_NO_1,C15DOUBLESTANDARD,N
34618,J_NO_1,C11PALESTINIANJUSTICE,N
34618,J_NO_1,C11PALESTINIANRIGHTS,N
34618,J_NO_1,C12ZIONCRITICAL,A
34618,J_NO_1,C12SOLUTIONS,N
34618,J_NO_1,C12EQUALRIGHTS,N
34618,J_NO_1,C13ISRAELEVIDENCE,N
34618,J_NO_1,C13ISRAELINSTITUTIONS,N
34618,J_NO_1,C13ISRAELPOLICIES,N
34618,J_NO_1,C13ISRAELOPT,N
34618,J_NO_1,C13ISRAELREGION,N
34618,J_NO_1,C13ISRAELDISCRIMINATION,N
34618,J_NO_1,C13ISRAELNORMS,N
34618,J_NO_1,C13ISRAELCOMPARE,N
34618,J_NO_1,C14BDS,N
34618,J_NO_1,C15REASONABLE,A
34618,J_NO_1,C15DOUBLESTANDARD,N
10116,J_NO_1,C11PALESTINIANJUSTICE,N
10116,J_NO_1,C11PALESTINIANRIGHTS,N
10116,J_NO_1,C12ZIONCRITICAL,N
10116,J_NO_1,C12SOLUTIONS,N
10116,J_NO_1,C12EQUALRIGHTS,N
10116,J_NO_1,C13ISRAELEVIDENCE,N
10116,J_NO_1,C13ISRAELINSTITUTIONS,N
10116,J_NO_1,C13ISRAELPOLICIES,N
10116,J_NO_1,C13ISRAELOPT,N
10116,J_NO_1,C13ISRAELREGION,N
10116,J_NO_1,C13ISRAELDISCRIMINATION,N
10116,J_NO_1,C13ISRAELNORMS,N
10116,J_NO_1,C13ISRAELCOMPARE,N
10116,J_NO_1,C14BDS,N
10116,J_NO_1,C15REASONABLE,N
10116,J_NO_1,C15DOUBLESTANDARD,N
49970,J_NO_1,C11PALESTINIANJUSTICE,N
49970,J_NO_1,C11PALESTINIANRIGHTS,N
49970,J_NO_1,C12ZIONCRITICAL,N
49970,J_NO_1,C12SOLUTIONS,N
49970,J_NO_1,C12EQUALRIGHTS,N
49970,J_NO_1,C13ISRAELEVIDENCE,A
49970,J_NO_1,C13ISRAELINSTITUTIONS,N
49970,J_NO_1,C13ISRAELPOLICIES,N
49970,J_NO_1,C13ISRAELOPT,N
49970,J_NO_1,C13ISRAELREGION,I
49970,J_NO_1,C13ISRAELDISCRIMINATION,N
49970,J_NO_1,C13ISRAELNORMS,N
49970,J_NO_1,C13ISRAELCOMPARE,N
49970,J_NO_1,C14BDS,N
49970,J_NO_1,C15REASONABLE,A
49970,J_NO_1,C15DOUBLESTANDARD,N
44266,J_NO_1,C11PALESTINIANJUSTICE,N
44266,J_NO_1,C11PALESTINIANRIGHTS,N
44266,J_NO_1,C12ZIONCRITICAL,N
44266,J_NO_1,C12SOLUTIONS,N
44266,J_NO_1,C12EQUALRIGHTS,N
44266,J_NO_1,C13ISRAELEVIDENCE,N
44266,J_NO_1,C13ISRAELINSTITUTIONS,N
44266,J_NO_1,C13ISRAELPOLICIES,N
44266,J_NO_1,C13ISRAELOPT,N
44266,J_NO_1,C13ISRAELREGION,I
44266,J_NO_1,C13ISRAELDISCRIMINATION,N
44266,J_NO_1,C13ISRAELNORMS,N
44266,J_NO_1,C13ISRAELCOMPARE,N
44266,J_NO_1,C14BDS,N
44266,J_NO_1,C15REASONABLE,A
44266,J_NO_1,C15DOUBLESTANDARD,N
42705,J_NO_1,C11PALESTINIANJUSTICE,N
42705,J_NO_1,C11PALESTINIANRIGHTS,N
42705,J_NO_1,C12ZIONCRITICAL,N
42705,J_NO_1,C12SOLUTIONS,N
42705,J_NO_1,C12EQUALRIGHTS,N
42705,J_NO_1,C13ISRAELEVIDENCE,N
42705,J_NO_1,C13ISRAELINSTITUTIONS,N
42705,J_NO_1,C13ISRAELPOLICIES,N
42705,J_NO_1,C13ISRAELOPT,N
42705,J_NO_1,C13ISRAELREGION,N
42705,J_NO_1,C13ISRAELDISCRIMINATION,N
42705,J_NO_1,C13ISRAELNORMS,N
42705,J_NO_1,C13ISRAELCOMPARE,N
42705,J_NO_1,C14BDS,N
42705,J_NO_1,C15REASONABLE,N
42705,J_NO_1,C15DOUBLESTANDARD,N
25027,J_NO_1,C11PALESTINIANJUSTICE,N
25027,J_NO_1,C11PALESTINIANRIGHTS,N
25027,J_NO_1,C12ZIONCRITICAL,N
25027,J_NO_1,C12SOLUTIONS,N
25027,J_NO_1,C12EQUALRIGHTS,N
25027,J_NO_1,C13ISRAELEVIDENCE,E
25027,J_NO_1,C13ISRAELINSTITUTIONS,N
25027,J_NO_1,C13ISRAELPOLICIES,E
25027,J_NO_1,C13ISRAELOPT,N
25027,J_NO_1,C13ISRAELREGION,N
25027,J_NO_1,C13ISRAELDISCRIMINATION,E
25027,J_NO_1,C13ISRAELNORMS,N
25027,J_NO_1,C13ISRAELCOMPARE,N
25027,J_NO_1,C14BDS,N
25027,J_NO_1,C15REASONABLE,N
25027,J_NO_1,C15DOUBLESTANDARD,N
4294,J_NO_1,C11PALESTINIANJUSTICE,N
4294,J_NO_1,C11PALESTINIANRIGHTS,N
4294,J_NO_1,C12ZIONCRITICAL,N
4294,J_NO_1,C12SOLUTIONS,N
4294,J_NO_1,C12EQUALRIGHTS,N
4294,J_NO_1,C13ISRAELEVIDENCE,N
4294,J_NO_1,C13ISRAELINSTITUTIONS,N
4294,J_NO_1,C13ISRAELPOLICIES,N
4294,J_NO_1,C13ISRAELOPT,N
4294,J_NO_1,C13ISRAELREGION,N
4294,J_NO_1,C13ISRAELDISCRIMINATION,N
4294,J_NO_1,C13ISRAELNORMS,N
4294,J_NO_1,C13ISRAELCOMPARE,N
4294,J_NO_1,C14BDS,N
4294,J_NO_1,C15REASONABLE,N
4294,J_NO_1,C15DOUBLESTANDARD,N
19266,J_NO_1,C11PALESTINIANJUSTICE,N
19266,J_NO_1,C11PALESTINIANRIGHTS,N
19266,J_NO_1,C12ZIONCRITICAL,N
19266,J_NO_1,C12SOLUTIONS,N
19266,J_NO_1,C12EQUALRIGHTS,N
19266,J_NO_1,C13ISRAELEVIDENCE,N
19266,J_NO_1,C13ISRAELINSTITUTIONS,N
19266,J_NO_1,C13ISRAELPOLICIES,N
19266,J_NO_1,C13ISRAELOPT,N
19266,J_NO_1,C13ISRAELREGION,N
19266,J_NO_1,C13ISRAELDISCRIMINATION,N
19266,J_NO_1,C13ISRAELNORMS,N
19266,J_NO_1,C13ISRAELCOMPARE,N
19266,J_NO_1,C14BDS,N
19266,J_NO_1,C15REASONABLE,N
19266,J_NO_1,C15DOUBLESTANDARD,N
28201,J_NO_1,C11PALESTINIANJUSTICE,N
28201,J_NO_1,C11PALESTINIANRIGHTS,N
28201,J_NO_1,C12ZIONCRITICAL,N
28201,J_NO_1,C12SOLUTIONS,N
28201,J_NO_1,C12EQUALRIGHTS,N
28201,J_NO_1,C13ISRAELEVIDENCE,N
28201,J_NO_1,C13ISRAELINSTITUTIONS,N
28201,J_NO_1,C13ISRAELPOLICIES,N
28201,J_NO_1,C13ISRAELOPT,N
28201,J_NO_1,C13ISRAELREGION,N
28201,J_NO_1,C13ISRAELDISCRIMINATION,N
28201,J_NO_1,C13ISRAELNORMS,N
28201,J_NO_1,C13ISRAELCOMPARE,N
28201,J_NO_1,C14BDS,N
28201,J_NO_1,C15REASONABLE,N
28201,J_NO_1,C15DOUBLESTANDARD,N
28707,J_NO_1,C11PALESTINIANJUSTICE,N
28707,J_NO_1,C11PALESTINIANRIGHTS,N
28707,J_NO_1,C12ZIONCRITICAL,N
28707,J_NO_1,C12SOLUTIONS,N
28707,J_NO_1,C12EQUALRIGHTS,N
28707,J_NO_1,C13ISRAELEVIDENCE,N
28707,J_NO_1,C13ISRAELINSTITUTIONS,N
28707,J_NO_1,C13ISRAELPOLICIES,N
28707,J_NO_1,C13ISRAELOPT,N
28707,J_NO_1,C13ISRAELREGION,N
28707,J_NO_1,C13ISRAELDISCRIMINATION,N
28707,J_NO_1,C13ISRAELNORMS,N
28707,J_NO_1,C13ISRAELCOMPARE,N
28707,J_NO_1,C14BDS,N
28707,J_NO_1,C15REASONABLE,N
28707,J_NO_1,C15DOUBLESTANDARD,N
9689,J_NO_1,C11PALESTINIANJUSTICE,N
9689,J_NO_1,C11PALESTINIANRIGHTS,N
9689,J_NO_1,C12ZIONCRITICAL,N
9689,J_NO_1,C12SOLUTIONS,N
9689,J_NO_1,C12EQUALRIGHTS,N
9689,J_NO_1,C13ISRAELEVIDENCE,N
9689,J_NO_1,C13ISRAELINSTITUTIONS,N
9689,J_NO_1,C13ISRAELPOLICIES,N
9689,J_NO_1,C13ISRAELOPT,N
9689,J_NO_1,C13ISRAELREGION,N
9689,J_NO_1,C13ISRAELDISCRIMINATION,N
9689,J_NO_1,C13ISRAELNORMS,N
9689,J_NO_1,C13ISRAELCOMPARE,N
9689,J_NO_1,C14BDS,N
9689,J_NO_1,C15REASONABLE,N
9689,J_NO_1,C15DOUBLESTANDARD,N
42920,J_NO_1,C11PALESTINIANJUSTICE,N
42920,J_NO_1,C11PALESTINIANRIGHTS,N
42920,J_NO_1,C12ZIONCRITICAL,N
42920,J_NO_1,C12SOLUTIONS,N
42920,J_NO_1,C12EQUALRIGHTS,N
42920,J_NO_1,C13ISRAELEVIDENCE,N
42920,J_NO_1,C13ISRAELINSTITUTIONS,N
42920,J_NO_1,C13ISRAELPOLICIES,N
42920,J_NO_1,C13ISRAELOPT,N
42920,J_NO_1,C13ISRAELREGION,N
42920,J_NO_1,C13ISRAELDISCRIMINATION,N
42920,J_NO_1,C13ISRAELNORMS,N
42920,J_NO_1,C13ISRAELCOMPARE,N
42920,J_NO_1,C14BDS,N
42920,J_NO_1,C15REASONABLE,N
42920,J_NO_1,C15DOUBLESTANDARD,N
12878,J_NO_1,C11PALESTINIANJUSTICE,N
12878,J_NO_1,C11PALESTINIANRIGHTS,N
12878,J_NO_1,C12ZIONCRITICAL,N
12878,J_NO_1,C12SOLUTIONS,N
12878,J_NO_1,C12EQUALRIGHTS,N
12878,J_NO_1,C13ISRAELEVIDENCE,N
12878,J_NO_1,C13ISRAELINSTITUTIONS,N
12878,J_NO_1,C13ISRAELPOLICIES,N
12878,J_NO_1,C13ISRAELOPT,N
12878,J_NO_1,C13ISRAELREGION,N
12878,J_NO_1,C13ISRAELDISCRIMINATION,N
12878,J_NO_1,C13ISRAELNORMS,N
12878,J_NO_1,C13ISRAELCOMPARE,N
12878,J_NO_1,C14BDS,N
12878,J_NO_1,C15REASONABLE,N
12878,J_NO_1,C15DOUBLESTANDARD,N
35808,J_NO_1,C11PALESTINIANJUSTICE,N
35808,J_NO_1,C11PALESTINIANRIGHTS,N
35808,J_NO_1,C12ZIONCRITICAL,N
35808,J_NO_1,C12SOLUTIONS,N
35808,J_NO_1,C12EQUALRIGHTS,N
35808,J_NO_1,C13ISRAELEVIDENCE,N
35808,J_NO_1,C13ISRAELINSTITUTIONS,N
35808,J_NO_1,C13ISRAELPOLICIES,N
35808,J_NO_1,C13ISRAELOPT,N
35808,J_NO_1,C13ISRAELREGION,N
35808,J_NO_1,C13ISRAELDISCRIMINATION,N
35808,J_NO_1,C13ISRAELNORMS,N
35808,J_NO_1,C13ISRAELCOMPARE,N
35808,J_NO_1,C14BDS,N
35808,J_NO_1,C15REASONABLE,N
35808,J_NO_1,C15DOUBLESTANDARD,N
42539,J_NO_1,C11PALESTINIANJUSTICE,N
42539,J_NO_1,C11PALESTINIANRIGHTS,N
42539,J_NO_1,C12ZIONCRITICAL,N
42539,J_NO_1,C12SOLUTIONS,N
42539,J_NO_1,C12EQUALRIGHTS,N
42539,J_NO_1,C13ISRAELEVIDENCE,N
42539,J_NO_1,C13ISRAELINSTITUTIONS,N
42539,J_NO_1,C13ISRAELPOLICIES,N
42539,J_NO_1,C13ISRAELOPT,N
42539,J_NO_1,C13ISRAELREGION,N
42539,J_NO_1,C13ISRAELDISCRIMINATION,N
42539,J_NO_1,C13ISRAELNORMS,N
42539,J_NO_1,C13ISRAELCOMPARE,N
42539,J_NO_1,C14BDS,N
42539,J_NO_1,C15REASONABLE,N
42539,J_NO_1,C15DOUBLESTANDARD,N
47113,J_NO_1,C11PALESTINIANJUSTICE,N
47113,J_NO_1,C11PALESTINIANRIGHTS,N
47113,J_NO_1,C12ZIONCRITICAL,N
47113,J_NO_1,C12SOLUTIONS,N
47113,J_NO_1,C12EQUALRIGHTS,N
47113,J_NO_1,C13ISRAELEVIDENCE,N
47113,J_NO_1,C13ISRAELINSTITUTIONS,N
47113,J_NO_1,C13ISRAELPOLICIES,N
47113,J_NO_1,C13ISRAELOPT,N
47113,J_NO_1,C13ISRAELREGION,N
47113,J_NO_1,C13ISRAELDISCRIMINATION,N
47113,J_NO_1,C13ISRAELNORMS,I
47113,J_NO_1,C13ISRAELCOMPARE,N
47113,J_NO_1,C14BDS,N
47113,J_NO_1,C15REASONABLE,N
47113,J_NO_1,C15DOUBLESTANDARD,I
45955,J_NO_1,C11PALESTINIANJUSTICE,N
45955,J_NO_1,C11PALESTINIANRIGHTS,N
45955,J_NO_1,C12ZIONCRITICAL,N
45955,J_NO_1,C12SOLUTIONS,N
45955,J_NO_1,C12EQUALRIGHTS,N
45955,J_NO_1,C13ISRAELEVIDENCE,N
45955,J_NO_1,C13ISRAELINSTITUTIONS,N
45955,J_NO_1,C13ISRAELPOLICIES,N
45955,J_NO_1,C13ISRAELOPT,N
45955,J_NO_1,C13ISRAELREGION,N
45955,J_NO_1,C13ISRAELDISCRIMINATION,N
45955,J_NO_1,C13ISRAELNORMS,N
45955,J_NO_1,C13ISRAELCOMPARE,N
45955,J_NO_1,C14BDS,N
45955,J_NO_1,C15REASONABLE,N
45955,J_NO_1,C15DOUBLESTANDARD,N
42992,J_NO_1,C11PALESTINIANJUSTICE,N
42992,J_NO_1,C11PALESTINIANRIGHTS,N
42992,J_NO_1,C12ZIONCRITICAL,N
42992,J_NO_1,C12SOLUTIONS,N
42992,J_NO_1,C12EQUALRIGHTS,N
42992,J_NO_1,C13ISRAELEVIDENCE,N
42992,J_NO_1,C13ISRAELINSTITUTIONS,N
42992,J_NO_1,C13ISRAELPOLICIES,N
42992,J_NO_1,C13ISRAELOPT,N
42992,J_NO_1,C13ISRAELREGION,N
42992,J_NO_1,C13ISRAELDISCRIMINATION,N
42992,J_NO_1,C13ISRAELNORMS,N
42992,J_NO_1,C13ISRAELCOMPARE,N
42992,J_NO_1,C14BDS,N
42992,J_NO_1,C15REASONABLE,N
42992,J_NO_1,C15DOUBLESTANDARD,N
48334,J_NO_1,C11PALESTINIANJUSTICE,N
48334,J_NO_1,C11PALESTINIANRIGHTS,N
48334,J_NO_1,C12ZIONCRITICAL,N
48334,J_NO_1,C12SOLUTIONS,N
48334,J_NO_1,C12EQUALRIGHTS,N
48334,J_NO_1,C13ISRAELEVIDENCE,N
48334,J_NO_1,C13ISRAELINSTITUTIONS,N
48334,J_NO_1,C13ISRAELPOLICIES,N
48334,J_NO_1,C13ISRAELOPT,N
48334,J_NO_1,C13ISRAELREGION,N
48334,J_NO_1,C13ISRAELDISCRIMINATION,N
48334,J_NO_1,C13ISRAELNORMS,N
48334,J_NO_1,C13ISRAELCOMPARE,N
48334,J_NO_1,C14BDS,N
48334,J_NO_1,C15REASONABLE,N
48334,J_NO_1,C15DOUBLESTANDARD,N
6452,J_NO_1,C11PALESTINIANJUSTICE,N
6452,J_NO_1,C11PALESTINIANRIGHTS,N
6452,J_NO_1,C12ZIONCRITICAL,N
6452,J_NO_1,C12SOLUTIONS,N
6452,J_NO_1,C12EQUALRIGHTS,N
6452,J_NO_1,C13ISRAELEVIDENCE,N
6452,J_NO_1,C13ISRAELINSTITUTIONS,N
6452,J_NO_1,C13ISRAELPOLICIES,N
6452,J_NO_1,C13ISRAELOPT,N
6452,J_NO_1,C13ISRAELREGION,N
6452,J_NO_1,C13ISRAELDISCRIMINATION,N
6452,J_NO_1,C13ISRAELNORMS,N
6452,J_NO_1,C13ISRAELCOMPARE,N
6452,J_NO_1,C14BDS,N
6452,J_NO_1,C15REASONABLE,N
6452,J_NO_1,C15DOUBLESTANDARD,N
37220,J_NO_1,C11PALESTINIANJUSTICE,N
37220,J_NO_1,C11PALESTINIANRIGHTS,N
37220,J_NO_1,C12ZIONCRITICAL,N
37220,J_NO_1,C12SOLUTIONS,N
37220,J_NO_1,C12EQUALRIGHTS,N
37220,J_NO_1,C13ISRAELEVIDENCE,N
37220,J_NO_1,C13ISRAELINSTITUTIONS,N
37220,J_NO_1,C13ISRAELPOLICIES,N
37220,J_NO_1,C13ISRAELOPT,N
37220,J_NO_1,C13ISRAELREGION,N
37220,J_NO_1,C13ISRAELDISCRIMINATION,N
37220,J_NO_1,C13ISRAELNORMS,N
37220,J_NO_1,C13ISRAELCOMPARE,N
37220,J_NO_1,C14BDS,N
37220,J_NO_1,C15REASONABLE,N
37220,J_NO_1,C15DOUBLESTANDARD,N
30079,J_NO_1,C11PALESTINIANJUSTICE,N
30079,J_NO_1,C11PALESTINIANRIGHTS,N
30079,J_NO_1,C12ZIONCRITICAL,N
30079,J_NO_1,C12SOLUTIONS,N
30079,J_NO_1,C12EQUALRIGHTS,N
30079,J_NO_1,C13ISRAELEVIDENCE,N
30079,J_NO_1,C13ISRAELINSTITUTIONS,N
30079,J_NO_1,C13ISRAELPOLICIES,N
30079,J_NO_1,C13ISRAELOPT,N
30079,J_NO_1,C13ISRAELREGION,N
30079,J_NO_1,C13ISRAELDISCRIMINATION,N
30079,J_NO_1,C13ISRAELNORMS,N
30079,J_NO_1,C13ISRAELCOMPARE,N
30079,J_NO_1,C14BDS,N
30079,J_NO_1,C15REASONABLE,N
30079,J_NO_1,C15DOUBLESTANDARD,N
28722,J_NO_1,C11PALESTINIANJUSTICE,N
28722,J_NO_1,C11PALESTINIANRIGHTS,N
28722,J_NO_1,C12ZIONCRITICAL,N
28722,J_NO_1,C12SOLUTIONS,N
28722,J_NO_1,C12EQUALRIGHTS,N
28722,J_NO_1,C13ISRAELEVIDENCE,N
28722,J_NO_1,C13ISRAELINSTITUTIONS,N
28722,J_NO_1,C13ISRAELPOLICIES,N
28722,J_NO_1,C13ISRAELOPT,N
28722,J_NO_1,C13ISRAELREGION,N
28722,J_NO_1,C13ISRAELDISCRIMINATION,N
28722,J_NO_1,C13ISRAELNORMS,N
28722,J_NO_1,C13ISRAELCOMPARE,N
28722,J_NO_1,C14BDS,N
28722,J_NO_1,C15REASONABLE,N
28722,J_NO_1,C15DOUBLESTANDARD,N
5154,J_NO_1,C11PALESTINIANJUSTICE,N
5154,J_NO_1,C11PALESTINIANRIGHTS,N
5154,J_NO_1,C12ZIONCRITICAL,N
5154,J_NO_1,C12SOLUTIONS,N
5154,J_NO_1,C12EQUALRIGHTS,N
5154,J_NO_1,C13ISRAELEVIDENCE,N
5154,J_NO_1,C13ISRAELINSTITUTIONS,N
5154,J_NO_1,C13ISRAELPOLICIES,N
5154,J_NO_1,C13ISRAELOPT,N
5154,J_NO_1,C13ISRAELREGION,N
5154,J_NO_1,C13ISRAELDISCRIMINATION,N
5154,J_NO_1,C13ISRAELNORMS,N
5154,J_NO_1,C13ISRAELCOMPARE,N
5154,J_NO_1,C14BDS,N
5154,J_NO_1,C15REASONABLE,N
5154,J_NO_1,C15DOUBLESTANDARD,N
49519,J_NO_1,C11PALESTINIANJUSTICE,N
49519,J_NO_1,C11PALESTINIANRIGHTS,N
49519,J_NO_1,C12ZIONCRITICAL,I
49519,J_NO_1,C12SOLUTIONS,N
49519,J_NO_1,C12EQUALRIGHTS,N
49519,J_NO_1,C13ISRAELEVIDENCE,N
49519,J_NO_1,C13ISRAELINSTITUTIONS,N
49519,J_NO_1,C13ISRAELPOLICIES,N
49519,J_NO_1,C13ISRAELOPT,N
49519,J_NO_1,C13ISRAELREGION,N
49519,J_NO_1,C13ISRAELDISCRIMINATION,N
49519,J_NO_1,C13ISRAELNORMS,N
49519,J_NO_1,C13ISRAELCOMPARE,N
49519,J_NO_1,C14BDS,N
49519,J_NO_1,C15REASONABLE,N
49519,J_NO_1,C15DOUBLESTANDARD,N
2476,J_NO_1,C11PALESTINIANJUSTICE,N
2476,J_NO_1,C11PALESTINIANRIGHTS,N
2476,J_NO_1,C12ZIONCRITICAL,N
2476,J_NO_1,C12SOLUTIONS,N
2476,J_NO_1,C12EQUALRIGHTS,N
2476,J_NO_1,C13ISRAELEVIDENCE,N
2476,J_NO_1,C13ISRAELINSTITUTIONS,N
2476,J_NO_1,C13ISRAELPOLICIES,N
2476,J_NO_1,C13ISRAELOPT,N
2476,J_NO_1,C13ISRAELREGION,N
2476,J_NO_1,C13ISRAELDISCRIMINATION,N
2476,J_NO_1,C13ISRAELNORMS,N
2476,J_NO_1,C13ISRAELCOMPARE,N
2476,J_NO_1,C14BDS,N
2476,J_NO_1,C15REASONABLE,N
2476,J_NO_1,C15DOUBLESTANDARD,N
9205,J_NO_1,C11PALESTINIANJUSTICE,N
9205,J_NO_1,C11PALESTINIANRIGHTS,N
9205,J_NO_1,C12ZIONCRITICAL,N
9205,J_NO_1,C12SOLUTIONS,N
9205,J_NO_1,C12EQUALRIGHTS,N
9205,J_NO_1,C13ISRAELEVIDENCE,N
9205,J_NO_1,C13ISRAELINSTITUTIONS,N
9205,J_NO_1,C13ISRAELPOLICIES,N
9205,J_NO_1,C13ISRAELOPT,N
9205,J_NO_1,C13ISRAELREGION,N
9205,J_NO_1,C13ISRAELDISCRIMINATION,N
9205,J_NO_1,C13ISRAELNORMS,N
9205,J_NO_1,C13ISRAELCOMPARE,N
9205,J_NO_1,C14BDS,N
9205,J_NO_1,C15REASONABLE,N
9205,J_NO_1,C15DOUBLESTANDARD,N
22247,J_NO_1,C11PALESTINIANJUSTICE,N
22247,J_NO_1,C11PALESTINIANRIGHTS,N
22247,J_NO_1,C12ZIONCRITICAL,N
22247,J_NO_1,C12SOLUTIONS,N
22247,J_NO_1,C12EQUALRIGHTS,N
22247,J_NO_1,C13ISRAELEVIDENCE,I
22247,J_NO_1,C13ISRAELINSTITUTIONS,N
22247,J_NO_1,C13ISRAELPOLICIES,I
22247,J_NO_1,C13ISRAELOPT,N
22247,J_NO_1,C13ISRAELREGION,I
22247,J_NO_1,C13ISRAELDISCRIMINATION,N
22247,J_NO_1,C13ISRAELNORMS,N
22247,J_NO_1,C13ISRAELCOMPARE,N
22247,J_NO_1,C14BDS,N
22247,J_NO_1,C15REASONABLE,N
22247,J_NO_1,C15DOUBLESTANDARD,N
15770,J_NO_1,C11PALESTINIANJUSTICE,N
15770,J_NO_1,C11PALESTINIANRIGHTS,N
15770,J_NO_1,C12ZIONCRITICAL,N
15770,J_NO_1,C12SOLUTIONS,N
15770,J_NO_1,C12EQUALRIGHTS,N
15770,J_NO_1,C13ISRAELEVIDENCE,N
15770,J_NO_1,C13ISRAELINSTITUTIONS,N
15770,J_NO_1,C13ISRAELPOLICIES,N
15770,J_NO_1,C13ISRAELOPT,N
15770,J_NO_1,C13ISRAELREGION,N
15770,J_NO_1,C13ISRAELDISCRIMINATION,N
15770,J_NO_1,C13ISRAELNORMS,N
15770,J_NO_1,C13ISRAELCOMPARE,N
15770,J_NO_1,C14BDS,N
15770,J_NO_1,C15REASONABLE,N
15770,J_NO_1,C15DOUBLESTANDARD,N
10206,J_NO_1,C11PALESTINIANJUSTICE,N
10206,J_NO_1,C11PALESTINIANRIGHTS,N
10206,J_NO_1,C12ZIONCRITICAL,N
10206,J_NO_1,C12SOLUTIONS,N
10206,J_NO_1,C12EQUALRIGHTS,N
10206,J_NO_1,C13ISRAELEVIDENCE,N
10206,J_NO_1,C13ISRAELINSTITUTIONS,N
10206,J_NO_1,C13ISRAELPOLICIES,N
10206,J_NO_1,C13ISRAELOPT,N
10206,J_NO_1,C13ISRAELREGION,N
10206,J_NO_1,C13ISRAELDISCRIMINATION,N
10206,J_NO_1,C13ISRAELNORMS,N
10206,J_NO_1,C13ISRAELCOMPARE,N
10206,J_NO_1,C14BDS,N
10206,J_NO_1,C15REASONABLE,N
10206,J_NO_1,C15DOUBLESTANDARD,N
29557,J_NO_1,C11PALESTINIANJUSTICE,N
29557,J_NO_1,C11PALESTINIANRIGHTS,N
29557,J_NO_1,C12ZIONCRITICAL,N
29557,J_NO_1,C12SOLUTIONS,N
29557,J_NO_1,C12EQUALRIGHTS,N
29557,J_NO_1,C13ISRAELEVIDENCE,N
29557,J_NO_1,C13ISRAELINSTITUTIONS,N
29557,J_NO_1,C13ISRAELPOLICIES,N
29557,J_NO_1,C13ISRAELOPT,N
29557,J_NO_1,C13ISRAELREGION,N
29557,J_NO_1,C13ISRAELDISCRIMINATION,N
29557,J_NO_1,C13ISRAELNORMS,N
29557,J_NO_1,C13ISRAELCOMPARE,N
29557,J_NO_1,C14BDS,N
29557,J_NO_1,C15REASONABLE,N
29557,J_NO_1,C15DOUBLESTANDARD,N
10940,J_NO_1,C11PALESTINIANJUSTICE,N
10940,J_NO_1,C11PALESTINIANRIGHTS,N
10940,J_NO_1,C12ZIONCRITICAL,N
10940,J_NO_1,C12SOLUTIONS,N
10940,J_NO_1,C12EQUALRIGHTS,N
10940,J_NO_1,C13ISRAELEVIDENCE,N
10940,J_NO_1,C13ISRAELINSTITUTIONS,N
10940,J_NO_1,C13ISRAELPOLICIES,N
10940,J_NO_1,C13ISRAELOPT,N
10940,J_NO_1,C13ISRAELREGION,N
10940,J_NO_1,C13ISRAELDISCRIMINATION,N
10940,J_NO_1,C13ISRAELNORMS,N
10940,J_NO_1,C13ISRAELCOMPARE,N
10940,J_NO_1,C14BDS,N
10940,J_NO_1,C15REASONABLE,N
10940,J_NO_1,C15DOUBLESTANDARD,N
40961,J_NO_1,C11PALESTINIANJUSTICE,N
40961,J_NO_1,C11PALESTINIANRIGHTS,N
40961,J_NO_1,C12ZIONCRITICAL,N
40961,J_NO_1,C12SOLUTIONS,N
40961,J_NO_1,C12EQUALRIGHTS,N
40961,J_NO_1,C13ISRAELEVIDENCE,N
40961,J_NO_1,C13ISRAELINSTITUTIONS,N
40961,J_NO_1,C13ISRAELPOLICIES,N
40961,J_NO_1,C13ISRAELOPT,N
40961,J_NO_1,C13ISRAELREGION,N
40961,J_NO_1,C13ISRAELDISCRIMINATION,N
40961,J_NO_1,C13ISRAELNORMS,N
40961,J_NO_1,C13ISRAELCOMPARE,N
40961,J_NO_1,C14BDS,N
40961,J_NO_1,C15REASONABLE,N
40961,J_NO_1,C15DOUBLESTANDARD,N
33238,J_NO_1,C11PALESTINIANJUSTICE,N
33238,J_NO_1,C11PALESTINIANRIGHTS,N
33238,J_NO_1,C12ZIONCRITICAL,N
33238,J_NO_1,C12SOLUTIONS,N
33238,J_NO_1,C12EQUALRIGHTS,N
33238,J_NO_1,C13ISRAELEVIDENCE,N
33238,J_NO_1,C13ISRAELINSTITUTIONS,N
33238,J_NO_1,C13ISRAELPOLICIES,N
33238,J_NO_1,C13ISRAELOPT,N
33238,J_NO_1,C13ISRAELREGION,N
33238,J_NO_1,C13ISRAELDISCRIMINATION,N
33238,J_NO_1,C13ISRAELNORMS,N
33238,J_NO_1,C13ISRAELCOMPARE,N
33238,J_NO_1,C14BDS,N
33238,J_NO_1,C15REASONABLE,N
33238,J_NO_1,C15DOUBLESTANDARD,N
7395,J_NO_1,C11PALESTINIANJUSTICE,N
7395,J_NO_1,C11PALESTINIANRIGHTS,N
7395,J_NO_1,C12ZIONCRITICAL,N
7395,J_NO_1,C12SOLUTIONS,N
7395,J_NO_1,C12EQUALRIGHTS,N
7395,J_NO_1,C13ISRAELEVIDENCE,N
7395,J_NO_1,C13ISRAELINSTITUTIONS,N
7395,J_NO_1,C13ISRAELPOLICIES,N
7395,J_NO_1,C13ISRAELOPT,N
7395,J_NO_1,C13ISRAELREGION,N
7395,J_NO_1,C13ISRAELDISCRIMINATION,N
7395,J_NO_1,C13ISRAELNORMS,N
7395,J_NO_1,C13ISRAELCOMPARE,N
7395,J_NO_1,C14BDS,N
7395,J_NO_1,C15REASONABLE,N
7395,J_NO_1,C15DOUBLESTANDARD,N
23994,J_NO_1,C11PALESTINIANJUSTICE,N
23994,J_NO_1,C11PALESTINIANRIGHTS,N
23994,J_NO_1,C12ZIONCRITICAL,N
23994,J_NO_1,C12SOLUTIONS,N
23994,J_NO_1,C12EQUALRIGHTS,N
23994,J_NO_1,C13ISRAELEVIDENCE,N
23994,J_NO_1,C13ISRAELINSTITUTIONS,N
23994,J_NO_1,C13ISRAELPOLICIES,N
23994,J_NO_1,C13ISRAELOPT,N
23994,J_NO_1,C13ISRAELREGION,N
23994,J_NO_1,C13ISRAELDISCRIMINATION,N
23994,J_NO_1,C13ISRAELNORMS,N
23994,J_NO_1,C13ISRAELCOMPARE,N
23994,J_NO_1,C14BDS,N
23994,J_NO_1,C15REASONABLE,N
23994,J_NO_1,C15DOUBLESTANDARD,N
8395,J_NO_1,C11PALESTINIANJUSTICE,N
8395,J_NO_1,C11PALESTINIANRIGHTS,N
8395,J_NO_1,C12ZIONCRITICAL,N
8395,J_NO_1,C12SOLUTIONS,N
8395,J_NO_1,C12EQUALRIGHTS,N
8395,J_NO_1,C13ISRAELEVIDENCE,N
8395,J_NO_1,C13ISRAELINSTITUTIONS,N
8395,J_NO_1,C13ISRAELPOLICIES,N
8395,J_NO_1,C13ISRAELOPT,N
8395,J_NO_1,C13ISRAELREGION,N
8395,J_NO_1,C13ISRAELDISCRIMINATION,N
8395,J_NO_1,C13ISRAELNORMS,N
8395,J_NO_1,C13ISRAELCOMPARE,N
8395,J_NO_1,C14BDS,N
8395,J_NO_1,C15REASONABLE,N
8395,J_NO_1,C15DOUBLESTANDARD,N
16970,J_NO_1,C11PALESTINIANJUSTICE,N
16970,J_NO_1,C11PALESTINIANRIGHTS,N
16970,J_NO_1,C12ZIONCRITICAL,N
16970,J_NO_1,C12SOLUTIONS,N
16970,J_NO_1,C12EQUALRIGHTS,N
16970,J_NO_1,C13ISRAELEVIDENCE,N
16970,J_NO_1,C13ISRAELINSTITUTIONS,N
16970,J_NO_1,C13ISRAELPOLICIES,N
16970,J_NO_1,C13ISRAELOPT,N
16970,J_NO_1,C13ISRAELREGION,N
16970,J_NO_1,C13ISRAELDISCRIMINATION,N
16970,J_NO_1,C13ISRAELNORMS,N
16970,J_NO_1,C13ISRAELCOMPARE,N
16970,J_NO_1,C14BDS,N
16970,J_NO_1,C15REASONABLE,N
16970,J_NO_1,C15DOUBLESTANDARD,N
44607,J_NO_1,C11PALESTINIANJUSTICE,N
44607,J_NO_1,C11PALESTINIANRIGHTS,N
44607,J_NO_1,C12ZIONCRITICAL,N
44607,J_NO_1,C12SOLUTIONS,N
44607,J_NO_1,C12EQUALRIGHTS,N
44607,J_NO_1,C13ISRAELEVIDENCE,N
44607,J_NO_1,C13ISRAELINSTITUTIONS,N
44607,J_NO_1,C13ISRAELPOLICIES,N
44607,J_NO_1,C13ISRAELOPT,N
44607,J_NO_1,C13ISRAELREGION,N
44607,J_NO_1,C13ISRAELDISCRIMINATION,N
44607,J_NO_1,C13ISRAELNORMS,N
44607,J_NO_1,C13ISRAELCOMPARE,N
44607,J_NO_1,C14BDS,N
44607,J_NO_1,C15REASONABLE,N
44607,J_NO_1,C15DOUBLESTANDARD,N
48634,J_NO_1,C11PALESTINIANJUSTICE,N
48634,J_NO_1,C11PALESTINIANRIGHTS,N
48634,J_NO_1,C12ZIONCRITICAL,N
48634,J_NO_1,C12SOLUTIONS,N
48634,J_NO_1,C12EQUALRIGHTS,N
48634,J_NO_1,C13ISRAELEVIDENCE,E
48634,J_NO_1,C13ISRAELINSTITUTIONS,E
48634,J_NO_1,C13ISRAELPOLICIES,E
48634,J_NO_1,C13ISRAELOPT,N
48634,J_NO_1,C13ISRAELREGION,N
48634,J_NO_1,C13ISRAELDISCRIMINATION,N
48634,J_NO_1,C13ISRAELNORMS,N
48634,J_NO_1,C13ISRAELCOMPARE,N
48634,J_NO_1,C14BDS,N
48634,J_NO_1,C15REASONABLE,N
48634,J_NO_1,C15DOUBLESTANDARD,N
36710,J_NO_1,C11PALESTINIANJUSTICE,N
36710,J_NO_1,C11PALESTINIANRIGHTS,N
36710,J_NO_1,C12ZIONCRITICAL,N
36710,J_NO_1,C12SOLUTIONS,N
36710,J_NO_1,C12EQUALRIGHTS,N
36710,J_NO_1,C13ISRAELEVIDENCE,N
36710,J_NO_1,C13ISRAELINSTITUTIONS,N
36710,J_NO_1,C13ISRAELPOLICIES,N
36710,J_NO_1,C13ISRAELOPT,N
36710,J_NO_1,C13ISRAELREGION,N
36710,J_NO_1,C13ISRAELDISCRIMINATION,N
36710,J_NO_1,C13ISRAELNORMS,N
36710,J_NO_1,C13ISRAELCOMPARE,N
36710,J_NO_1,C14BDS,N
36710,J_NO_1,C15REASONABLE,N
36710,J_NO_1,C15DOUBLESTANDARD,N
17946,J_NO_1,C11PALESTINIANJUSTICE,N
17946,J_NO_1,C11PALESTINIANRIGHTS,N
17946,J_NO_1,C12ZIONCRITICAL,N
17946,J_NO_1,C12SOLUTIONS,N
17946,J_NO_1,C12EQUALRIGHTS,N
17946,J_NO_1,C13ISRAELEVIDENCE,N
17946,J_NO_1,C13ISRAELINSTITUTIONS,N
17946,J_NO_1,C13ISRAELPOLICIES,N
17946,J_NO_1,C13ISRAELOPT,N
17946,J_NO_1,C13ISRAELREGION,N
17946,J_NO_1,C13ISRAELDISCRIMINATION,N
17946,J_NO_1,C13ISRAELNORMS,N
17946,J_NO_1,C13ISRAELCOMPARE,N
17946,J_NO_1,C14BDS,N
17946,J_NO_1,C15REASONABLE,N
17946,J_NO_1,C15DOUBLESTANDARD,N
29175,J_NO_1,C11PALESTINIANJUSTICE,N
29175,J_NO_1,C11PALESTINIANRIGHTS,N
29175,J_NO_1,C12ZIONCRITICAL,N
29175,J_NO_1,C12SOLUTIONS,N
29175,J_NO_1,C12EQUALRIGHTS,N
29175,J_NO_1,C13ISRAELEVIDENCE,N
29175,J_NO_1,C13ISRAELINSTITUTIONS,N
29175,J_NO_1,C13ISRAELPOLICIES,N
29175,J_NO_1,C13ISRAELOPT,N
29175,J_NO_1,C13ISRAELREGION,N
29175,J_NO_1,C13ISRAELDISCRIMINATION,N
29175,J_NO_1,C13ISRAELNORMS,N
29175,J_NO_1,C13ISRAELCOMPARE,N
29175,J_NO_1,C14BDS,N
29175,J_NO_1,C15REASONABLE,N
29175,J_NO_1,C15DOUBLESTANDARD,N
22425,J_NO_1,C11PALESTINIANJUSTICE,A
22425,J_NO_1,C11PALESTINIANRIGHTS,A
22425,J_NO_1,C12ZIONCRITICAL,N
22425,J_NO_1,C12SOLUTIONS,N
22425,J_NO_1,C12EQUALRIGHTS,N
22425,J_NO_1,C13ISRAELEVIDENCE,N
22425,J_NO_1,C13ISRAELINSTITUTIONS,N
22425,J_NO_1,C13ISRAELPOLICIES,N
22425,J_NO_1,C13ISRAELOPT,N
22425,J_NO_1,C13ISRAELREGION,N
22425,J_NO_1,C13ISRAELDISCRIMINATION,N
22425,J_NO_1,C13ISRAELNORMS,N
22425,J_NO_1,C13ISRAELCOMPARE,N
22425,J_NO_1,C14BDS,N
22425,J_NO_1,C15REASONABLE,N
22425,J_NO_1,C15DOUBLESTANDARD,N
43925,J_NO_1,C11PALESTINIANJUSTICE,N
43925,J_NO_1,C11PALESTINIANRIGHTS,N
43925,J_NO_1,C12ZIONCRITICAL,N
43925,J_NO_1,C12SOLUTIONS,N
43925,J_NO_1,C12EQUALRIGHTS,N
43925,J_NO_1,C13ISRAELEVIDENCE,N
43925,J_NO_1,C13ISRAELINSTITUTIONS,N
43925,J_NO_1,C13ISRAELPOLICIES,N
43925,J_NO_1,C13ISRAELOPT,N
43925,J_NO_1,C13ISRAELREGION,N
43925,J_NO_1,C13ISRAELDISCRIMINATION,N
43925,J_NO_1,C13ISRAELNORMS,N
43925,J_NO_1,C13ISRAELCOMPARE,N
43925,J_NO_1,C14BDS,N
43925,J_NO_1,C15REASONABLE,N
43925,J_NO_1,C15DOUBLESTANDARD,N
41776,J_NO_1,C11PALESTINIANJUSTICE,N
41776,J_NO_1,C11PALESTINIANRIGHTS,N
41776,J_NO_1,C12ZIONCRITICAL,N
41776,J_NO_1,C12SOLUTIONS,N
41776,J_NO_1,C12EQUALRIGHTS,N
41776,J_NO_1,C13ISRAELEVIDENCE,N
41776,J_NO_1,C13ISRAELINSTITUTIONS,N
41776,J_NO_1,C13ISRAELPOLICIES,N
41776,J_NO_1,C13ISRAELOPT,N
41776,J_NO_1,C13ISRAELREGION,N
41776,J_NO_1,C13ISRAELDISCRIMINATION,N
41776,J_NO_1,C13ISRAELNORMS,N
41776,J_NO_1,C13ISRAELCOMPARE,N
41776,J_NO_1,C14BDS,N
41776,J_NO_1,C15REASONABLE,N
41776,J_NO_1,C15DOUBLESTANDARD,N
42641,J_NO_1,C11PALESTINIANJUSTICE,N
42641,J_NO_1,C11PALESTINIANRIGHTS,N
42641,J_NO_1,C12ZIONCRITICAL,N
42641,J_NO_1,C12SOLUTIONS,N
42641,J_NO_1,C12EQUALRIGHTS,N
42641,J_NO_1,C13ISRAELEVIDENCE,N
42641,J_NO_1,C13ISRAELINSTITUTIONS,N
42641,J_NO_1,C13ISRAELPOLICIES,N
42641,J_NO_1,C13ISRAELOPT,N
42641,J_NO_1,C13ISRAELREGION,N
42641,J_NO_1,C13ISRAELDISCRIMINATION,N
42641,J_NO_1,C13ISRAELNORMS,N
42641,J_NO_1,C13ISRAELCOMPARE,N
42641,J_NO_1,C14BDS,N
42641,J_NO_1,C15REASONABLE,N
42641,J_NO_1,C15DOUBLESTANDARD,N
28391,J_NO_1,C11PALESTINIANJUSTICE,N
28391,J_NO_1,C11PALESTINIANRIGHTS,N
28391,J_NO_1,C12ZIONCRITICAL,N
28391,J_NO_1,C12SOLUTIONS,N
28391,J_NO_1,C12EQUALRIGHTS,N
28391,J_NO_1,C13ISRAELEVIDENCE,N
28391,J_NO_1,C13ISRAELINSTITUTIONS,N
28391,J_NO_1,C13ISRAELPOLICIES,N
28391,J_NO_1,C13ISRAELOPT,N
28391,J_NO_1,C13ISRAELREGION,N
28391,J_NO_1,C13ISRAELDISCRIMINATION,N
28391,J_NO_1,C13ISRAELNORMS,N
28391,J_NO_1,C13ISRAELCOMPARE,N
28391,J_NO_1,C14BDS,N
28391,J_NO_1,C15REASONABLE,N
28391,J_NO_1,C15DOUBLESTANDARD,N
47022,J_NO_1,C11PALESTINIANJUSTICE,N
47022,J_NO_1,C11PALESTINIANRIGHTS,N
47022,J_NO_1,C12ZIONCRITICAL,N
47022,J_NO_1,C12SOLUTIONS,N
47022,J_NO_1,C12EQUALRIGHTS,N
47022,J_NO_1,C13ISRAELEVIDENCE,N
47022,J_NO_1,C13ISRAELINSTITUTIONS,N
47022,J_NO_1,C13ISRAELPOLICIES,N
47022,J_NO_1,C13ISRAELOPT,N
47022,J_NO_1,C13ISRAELREGION,N
47022,J_NO_1,C13ISRAELDISCRIMINATION,N
47022,J_NO_1,C13ISRAELNORMS,N
47022,J_NO_1,C13ISRAELCOMPARE,N
47022,J_NO_1,C14BDS,N
47022,J_NO_1,C15REASONABLE,N
47022,J_NO_1,C15DOUBLESTANDARD,N
27901,J_NO_1,C11PALESTINIANJUSTICE,N
27901,J_NO_1,C11PALESTINIANRIGHTS,N
27901,J_NO_1,C12ZIONCRITICAL,N
27901,J_NO_1,C12SOLUTIONS,N
27901,J_NO_1,C12EQUALRIGHTS,N
27901,J_NO_1,C13ISRAELEVIDENCE,N
27901,J_NO_1,C13ISRAELINSTITUTIONS,N
27901,J_NO_1,C13ISRAELPOLICIES,N
27901,J_NO_1,C13ISRAELOPT,N
27901,J_NO_1,C13ISRAELREGION,N
27901,J_NO_1,C13ISRAELDISCRIMINATION,N
27901,J_NO_1,C13ISRAELNORMS,N
27901,J_NO_1,C13ISRAELCOMPARE,N
27901,J_NO_1,C14BDS,N
27901,J_NO_1,C15REASONABLE,N
27901,J_NO_1,C15DOUBLESTANDARD,N
23332,J_NO_1,C11PALESTINIANJUSTICE,N
23332,J_NO_1,C11PALESTINIANRIGHTS,N
23332,J_NO_1,C12ZIONCRITICAL,N
23332,J_NO_1,C12SOLUTIONS,N
23332,J_NO_1,C12EQUALRIGHTS,N
23332,J_NO_1,C13ISRAELEVIDENCE,N
23332,J_NO_1,C13ISRAELINSTITUTIONS,N
23332,J_NO_1,C13ISRAELPOLICIES,N
23332,J_NO_1,C13ISRAELOPT,N
23332,J_NO_1,C13ISRAELREGION,N
23332,J_NO_1,C13ISRAELDISCRIMINATION,N
23332,J_NO_1,C13ISRAELNORMS,N
23332,J_NO_1,C13ISRAELCOMPARE,N
23332,J_NO_1,C14BDS,N
23332,J_NO_1,C15REASONABLE,N
23332,J_NO_1,C15DOUBLESTANDARD,N
49323,J_NO_1,C11PALESTINIANJUSTICE,N
49323,J_NO_1,C11PALESTINIANRIGHTS,N
49323,J_NO_1,C12ZIONCRITICAL,N
49323,J_NO_1,C12SOLUTIONS,N
49323,J_NO_1,C12EQUALRIGHTS,N
49323,J_NO_1,C13ISRAELEVIDENCE,N
49323,J_NO_1,C13ISRAELINSTITUTIONS,N
49323,J_NO_1,C13ISRAELPOLICIES,N
49323,J_NO_1,C13ISRAELOPT,N
49323,J_NO_1,C13ISRAELREGION,N
49323,J_NO_1,C13ISRAELDISCRIMINATION,N
49323,J_NO_1,C13ISRAELNORMS,N
49323,J_NO_1,C13ISRAELCOMPARE,N
49323,J_NO_1,C14BDS,N
49323,J_NO_1,C15REASONABLE,N
49323,J_NO_1,C15DOUBLESTANDARD,N
44243,J_NO_1,C11PALESTINIANJUSTICE,N
44243,J_NO_1,C11PALESTINIANRIGHTS,N
44243,J_NO_1,C12ZIONCRITICAL,N
44243,J_NO_1,C12SOLUTIONS,N
44243,J_NO_1,C12EQUALRIGHTS,N
44243,J_NO_1,C13ISRAELEVIDENCE,N
44243,J_NO_1,C13ISRAELINSTITUTIONS,N
44243,J_NO_1,C13ISRAELPOLICIES,N
44243,J_NO_1,C13ISRAELOPT,N
44243,J_NO_1,C13ISRAELREGION,N
44243,J_NO_1,C13ISRAELDISCRIMINATION,N
44243,J_NO_1,C13ISRAELNORMS,N
44243,J_NO_1,C13ISRAELCOMPARE,N
44243,J_NO_1,C14BDS,N
44243,J_NO_1,C15REASONABLE,N
44243,J_NO_1,C15DOUBLESTANDARD,N
8311,J_NO_1,C11PALESTINIANJUSTICE,N
8311,J_NO_1,C11PALESTINIANRIGHTS,N
8311,J_NO_1,C12ZIONCRITICAL,N
8311,J_NO_1,C12SOLUTIONS,N
8311,J_NO_1,C12EQUALRIGHTS,N
8311,J_NO_1,C13ISRAELEVIDENCE,N
8311,J_NO_1,C13ISRAELINSTITUTIONS,N
8311,J_NO_1,C13ISRAELPOLICIES,N
8311,J_NO_1,C13ISRAELOPT,N
8311,J_NO_1,C13ISRAELREGION,N
8311,J_NO_1,C13ISRAELDISCRIMINATION,N
8311,J_NO_1,C13ISRAELNORMS,N
8311,J_NO_1,C13ISRAELCOMPARE,N
8311,J_NO_1,C14BDS,N
8311,J_NO_1,C15REASONABLE,N
8311,J_NO_1,C15DOUBLESTANDARD,N
47578,J_NO_1,C11PALESTINIANJUSTICE,N
47578,J_NO_1,C11PALESTINIANRIGHTS,N
47578,J_NO_1,C12ZIONCRITICAL,N
47578,J_NO_1,C12SOLUTIONS,N
47578,J_NO_1,C12EQUALRIGHTS,N
47578,J_NO_1,C13ISRAELEVIDENCE,N
47578,J_NO_1,C13ISRAELINSTITUTIONS,N
47578,J_NO_1,C13ISRAELPOLICIES,N
47578,J_NO_1,C13ISRAELOPT,N
47578,J_NO_1,C13ISRAELREGION,N
47578,J_NO_1,C13ISRAELDISCRIMINATION,N
47578,J_NO_1,C13ISRAELNORMS,N
47578,J_NO_1,C13ISRAELCOMPARE,N
47578,J_NO_1,C14BDS,N
47578,J_NO_1,C15REASONABLE,N
47578,J_NO_1,C15DOUBLESTANDARD,N
29681,J_NO_1,C11PALESTINIANJUSTICE,N
29681,J_NO_1,C11PALESTINIANRIGHTS,N
29681,J_NO_1,C12ZIONCRITICAL,N
29681,J_NO_1,C12SOLUTIONS,N
29681,J_NO_1,C12EQUALRIGHTS,N
29681,J_NO_1,C13ISRAELEVIDENCE,N
29681,J_NO_1,C13ISRAELINSTITUTIONS,N
29681,J_NO_1,C13ISRAELPOLICIES,N
29681,J_NO_1,C13ISRAELOPT,N
29681,J_NO_1,C13ISRAELREGION,N
29681,J_NO_1,C13ISRAELDISCRIMINATION,N
29681,J_NO_1,C13ISRAELNORMS,N
29681,J_NO_1,C13ISRAELCOMPARE,N
29681,J_NO_1,C14BDS,N
29681,J_NO_1,C15REASONABLE,N
29681,J_NO_1,C15DOUBLESTANDARD,N
8576,J_NO_1,C11PALESTINIANJUSTICE,N
8576,J_NO_1,C11PALESTINIANRIGHTS,N
8576,J_NO_1,C12ZIONCRITICAL,N
8576,J_NO_1,C12SOLUTIONS,N
8576,J_NO_1,C12EQUALRIGHTS,N
8576,J_NO_1,C13ISRAELEVIDENCE,N
8576,J_NO_1,C13ISRAELINSTITUTIONS,N
8576,J_NO_1,C13ISRAELPOLICIES,N
8576,J_NO_1,C13ISRAELOPT,N
8576,J_NO_1,C13ISRAELREGION,N
8576,J_NO_1,C13ISRAELDISCRIMINATION,N
8576,J_NO_1,C13ISRAELNORMS,N
8576,J_NO_1,C13ISRAELCOMPARE,N
8576,J_NO_1,C14BDS,N
8576,J_NO_1,C15REASONABLE,N
8576,J_NO_1,C15DOUBLESTANDARD,N
11595,J_NO_1,C11PALESTINIANJUSTICE,N
11595,J_NO_1,C11PALESTINIANRIGHTS,N
11595,J_NO_1,C12ZIONCRITICAL,N
11595,J_NO_1,C12SOLUTIONS,N
11595,J_NO_1,C12EQUALRIGHTS,N
11595,J_NO_1,C13ISRAELEVIDENCE,N
11595,J_NO_1,C13ISRAELINSTITUTIONS,N
11595,J_NO_1,C13ISRAELPOLICIES,N
11595,J_NO_1,C13ISRAELOPT,N
11595,J_NO_1,C13ISRAELREGION,E
11595,J_NO_1,C13ISRAELDISCRIMINATION,N
11595,J_NO_1,C13ISRAELNORMS,N
11595,J_NO_1,C13ISRAELCOMPARE,N
11595,J_NO_1,C14BDS,N
11595,J_NO_1,C15REASONABLE,E
11595,J_NO_1,C15DOUBLESTANDARD,N
909,J_NO_1,C11PALESTINIANJUSTICE,N
909,J_NO_1,C11PALESTINIANRIGHTS,N
909,J_NO_1,C12ZIONCRITICAL,N
909,J_NO_1,C12SOLUTIONS,N
909,J_NO_1,C12EQUALRIGHTS,N
909,J_NO_1,C13ISRAELEVIDENCE,N
909,J_NO_1,C13ISRAELINSTITUTIONS,N
909,J_NO_1,C13ISRAELPOLICIES,N
909,J_NO_1,C13ISRAELOPT,N
909,J_NO_1,C13ISRAELREGION,N
909,J_NO_1,C13ISRAELDISCRIMINATION,N
909,J_NO_1,C13ISRAELNORMS,N
909,J_NO_1,C13ISRAELCOMPARE,N
909,J_NO_1,C14BDS,N
909,J_NO_1,C15REASONABLE,N
909,J_NO_1,C15DOUBLESTANDARD,N
7703,J_NO_1,C11PALESTINIANJUSTICE,N
7703,J_NO_1,C11PALESTINIANRIGHTS,N
7703,J_NO_1,C12ZIONCRITICAL,N
7703,J_NO_1,C12SOLUTIONS,N
7703,J_NO_1,C12EQUALRIGHTS,N
7703,J_NO_1,C13ISRAELEVIDENCE,N
7703,J_NO_1,C13ISRAELINSTITUTIONS,N
7703,J_NO_1,C13ISRAELPOLICIES,N
7703,J_NO_1,C13ISRAELOPT,N
7703,J_NO_1,C13ISRAELREGION,N
7703,J_NO_1,C13ISRAELDISCRIMINATION,N
7703,J_NO_1,C13ISRAELNORMS,N
7703,J_NO_1,C13ISRAELCOMPARE,N
7703,J_NO_1,C14BDS,N
7703,J_NO_1,C15REASONABLE,N
7703,J_NO_1,C15DOUBLESTANDARD,N
10400,J_NO_1,C11PALESTINIANJUSTICE,N
10400,J_NO_1,C11PALESTINIANRIGHTS,N
10400,J_NO_1,C12ZIONCRITICAL,N
10400,J_NO_1,C12SOLUTIONS,N
10400,J_NO_1,C12EQUALRIGHTS,N
10400,J_NO_1,C13ISRAELEVIDENCE,N
10400,J_NO_1,C13ISRAELINSTITUTIONS,N
10400,J_NO_1,C13ISRAELPOLICIES,N
10400,J_NO_1,C13ISRAELOPT,N
10400,J_NO_1,C13ISRAELREGION,N
10400,J_NO_1,C13ISRAELDISCRIMINATION,N
10400,J_NO_1,C13ISRAELNORMS,N
10400,J_NO_1,C13ISRAELCOMPARE,N
10400,J_NO_1,C14BDS,N
10400,J_NO_1,C15REASONABLE,N
10400,J_NO_1,C15DOUBLESTANDARD,N
49858,J_NO_1,C11PALESTINIANJUSTICE,N
49858,J_NO_1,C11PALESTINIANRIGHTS,N
49858,J_NO_1,C12ZIONCRITICAL,N
49858,J_NO_1,C12SOLUTIONS,N
49858,J_NO_1,C12EQUALRIGHTS,N
49858,J_NO_1,C13ISRAELEVIDENCE,N
49858,J_NO_1,C13ISRAELINSTITUTIONS,N
49858,J_NO_1,C13ISRAELPOLICIES,N
49858,J_NO_1,C13ISRAELOPT,N
49858,J_NO_1,C13ISRAELREGION,N
49858,J_NO_1,C13ISRAELDISCRIMINATION,N
49858,J_NO_1,C13ISRAELNORMS,N
49858,J_NO_1,C13ISRAELCOMPARE,N
49858,J_NO_1,C14BDS,N
49858,J_NO_1,C15REASONABLE,N
49858,J_NO_1,C15DOUBLESTANDARD,N
30140,J_NO_1,C11PALESTINIANJUSTICE,N
30140,J_NO_1,C11PALESTINIANRIGHTS,N
30140,J_NO_1,C12ZIONCRITICAL,N
30140,J_NO_1,C12SOLUTIONS,N
30140,J_NO_1,C12EQUALRIGHTS,N
30140,J_NO_1,C13ISRAELEVIDENCE,N
30140,J_NO_1,C13ISRAELINSTITUTIONS,N
30140,J_NO_1,C13ISRAELPOLICIES,N
30140,J_NO_1,C13ISRAELOPT,N
30140,J_NO_1,C13ISRAELREGION,N
30140,J_NO_1,C13ISRAELDISCRIMINATION,N
30140,J_NO_1,C13ISRAELNORMS,N
30140,J_NO_1,C13ISRAELCOMPARE,N
30140,J_NO_1,C14BDS,N
30140,J_NO_1,C15REASONABLE,N
30140,J_NO_1,C15DOUBLESTANDARD,N
11441,J_NO_1,C11PALESTINIANJUSTICE,N
11441,J_NO_1,C11PALESTINIANRIGHTS,N
11441,J_NO_1,C12ZIONCRITICAL,N
11441,J_NO_1,C12SOLUTIONS,N
11441,J_NO_1,C12EQUALRIGHTS,N
11441,J_NO_1,C13ISRAELEVIDENCE,N
11441,J_NO_1,C13ISRAELINSTITUTIONS,N
11441,J_NO_1,C13ISRAELPOLICIES,N
11441,J_NO_1,C13ISRAELOPT,N
11441,J_NO_1,C13ISRAELREGION,N
11441,J_NO_1,C13ISRAELDISCRIMINATION,N
11441,J_NO_1,C13ISRAELNORMS,N
11441,J_NO_1,C13ISRAELCOMPARE,I
11441,J_NO_1,C14BDS,N
11441,J_NO_1,C15REASONABLE,N
11441,J_NO_1,C15DOUBLESTANDARD,N
12030,J_NO_1,C11PALESTINIANJUSTICE,N
12030,J_NO_1,C11PALESTINIANRIGHTS,N
12030,J_NO_1,C12ZIONCRITICAL,N
12030,J_NO_1,C12SOLUTIONS,N
12030,J_NO_1,C12EQUALRIGHTS,N
12030,J_NO_1,C13ISRAELEVIDENCE,N
12030,J_NO_1,C13ISRAELINSTITUTIONS,N
12030,J_NO_1,C13ISRAELPOLICIES,N
12030,J_NO_1,C13ISRAELOPT,N
12030,J_NO_1,C13ISRAELREGION,N
12030,J_NO_1,C13ISRAELDISCRIMINATION,N
12030,J_NO_1,C13ISRAELNORMS,N
12030,J_NO_1,C13ISRAELCOMPARE,N
12030,J_NO_1,C14BDS,N
12030,J_NO_1,C15REASONABLE,N
12030,J_NO_1,C15DOUBLESTANDARD,N
46857,J_NO_1,C11PALESTINIANJUSTICE,N
46857,J_NO_1,C11PALESTINIANRIGHTS,N
46857,J_NO_1,C12ZIONCRITICAL,N
46857,J_NO_1,C12SOLUTIONS,N
46857,J_NO_1,C12EQUALRIGHTS,N
46857,J_NO_1,C13ISRAELEVIDENCE,N
46857,J_NO_1,C13ISRAELINSTITUTIONS,N
46857,J_NO_1,C13ISRAELPOLICIES,N
46857,J_NO_1,C13ISRAELOPT,N
46857,J_NO_1,C13ISRAELREGION,N
46857,J_NO_1,C13ISRAELDISCRIMINATION,N
46857,J_NO_1,C13ISRAELNORMS,N
46857,J_NO_1,C13ISRAELCOMPARE,N
46857,J_NO_1,C14BDS,N
46857,J_NO_1,C15REASONABLE,N
46857,J_NO_1,C15DOUBLESTANDARD,N
20228,J_NO_1,C11PALESTINIANJUSTICE,N
20228,J_NO_1,C11PALESTINIANRIGHTS,N
20228,J_NO_1,C12ZIONCRITICAL,N
20228,J_NO_1,C12SOLUTIONS,N
20228,J_NO_1,C12EQUALRIGHTS,N
20228,J_NO_1,C13ISRAELEVIDENCE,N
20228,J_NO_1,C13ISRAELINSTITUTIONS,N
20228,J_NO_1,C13ISRAELPOLICIES,N
20228,J_NO_1,C13ISRAELOPT,N
20228,J_NO_1,C13ISRAELREGION,N
20228,J_NO_1,C13ISRAELDISCRIMINATION,N
20228,J_NO_1,C13ISRAELNORMS,N
20228,J_NO_1,C13ISRAELCOMPARE,N
20228,J_NO_1,C14BDS,N
20228,J_NO_1,C15REASONABLE,N
20228,J_NO_1,C15DOUBLESTANDARD,N
49590,J_NO_1,C11PALESTINIANJUSTICE,N
49590,J_NO_1,C11PALESTINIANRIGHTS,N
49590,J_NO_1,C12ZIONCRITICAL,N
49590,J_NO_1,C12SOLUTIONS,N
49590,J_NO_1,C12EQUALRIGHTS,N
49590,J_NO_1,C13ISRAELEVIDENCE,N
49590,J_NO_1,C13ISRAELINSTITUTIONS,N
49590,J_NO_1,C13ISRAELPOLICIES,N
49590,J_NO_1,C13ISRAELOPT,N
49590,J_NO_1,C13ISRAELREGION,N
49590,J_NO_1,C13ISRAELDISCRIMINATION,N
49590,J_NO_1,C13ISRAELNORMS,N
49590,J_NO_1,C13ISRAELCOMPARE,N
49590,J_NO_1,C14BDS,N
49590,J_NO_1,C15REASONABLE,N
49590,J_NO_1,C15DOUBLESTANDARD,N
13432,J_NO_1,C11PALESTINIANJUSTICE,N
13432,J_NO_1,C11PALESTINIANRIGHTS,N
13432,J_NO_1,C12ZIONCRITICAL,N
13432,J_NO_1,C12SOLUTIONS,N
13432,J_NO_1,C12EQUALRIGHTS,N
13432,J_NO_1,C13ISRAELEVIDENCE,N
13432,J_NO_1,C13ISRAELINSTITUTIONS,N
13432,J_NO_1,C13ISRAELPOLICIES,N
13432,J_NO_1,C13ISRAELOPT,N
13432,J_NO_1,C13ISRAELREGION,N
13432,J_NO_1,C13ISRAELDISCRIMINATION,N
13432,J_NO_1,C13ISRAELNORMS,N
13432,J_NO_1,C13ISRAELCOMPARE,N
13432,J_NO_1,C14BDS,N
13432,J_NO_1,C15REASONABLE,N
13432,J_NO_1,C15DOUBLESTANDARD,N
30401,J_NO_1,C11PALESTINIANJUSTICE,N
30401,J_NO_1,C11PALESTINIANRIGHTS,N
30401,J_NO_1,C12ZIONCRITICAL,N
30401,J_NO_1,C12SOLUTIONS,N
30401,J_NO_1,C12EQUALRIGHTS,N
30401,J_NO_1,C13ISRAELEVIDENCE,N
30401,J_NO_1,C13ISRAELINSTITUTIONS,N
30401,J_NO_1,C13ISRAELPOLICIES,N
30401,J_NO_1,C13ISRAELOPT,N
30401,J_NO_1,C13ISRAELREGION,N
30401,J_NO_1,C13ISRAELDISCRIMINATION,N
30401,J_NO_1,C13ISRAELNORMS,N
30401,J_NO_1,C13ISRAELCOMPARE,N
30401,J_NO_1,C14BDS,N
30401,J_NO_1,C15REASONABLE,N
30401,J_NO_1,C15DOUBLESTANDARD,N
29788,J_NO_1,C11PALESTINIANJUSTICE,N
29788,J_NO_1,C11PALESTINIANRIGHTS,N
29788,J_NO_1,C12ZIONCRITICAL,N
29788,J_NO_1,C12SOLUTIONS,N
29788,J_NO_1,C12EQUALRIGHTS,N
29788,J_NO_1,C13ISRAELEVIDENCE,N
29788,J_NO_1,C13ISRAELINSTITUTIONS,N
29788,J_NO_1,C13ISRAELPOLICIES,N
29788,J_NO_1,C13ISRAELOPT,N
29788,J_NO_1,C13ISRAELREGION,N
29788,J_NO_1,C13ISRAELDISCRIMINATION,N
29788,J_NO_1,C13ISRAELNORMS,N
29788,J_NO_1,C13ISRAELCOMPARE,N
29788,J_NO_1,C14BDS,N
29788,J_NO_1,C15REASONABLE,N
29788,J_NO_1,C15DOUBLESTANDARD,N
2610,J_NO_1,C11PALESTINIANJUSTICE,N
2610,J_NO_1,C11PALESTINIANRIGHTS,N
2610,J_NO_1,C12ZIONCRITICAL,N
2610,J_NO_1,C12SOLUTIONS,N
2610,J_NO_1,C12EQUALRIGHTS,N
2610,J_NO_1,C13ISRAELEVIDENCE,N
2610,J_NO_1,C13ISRAELINSTITUTIONS,N
2610,J_NO_1,C13ISRAELPOLICIES,N
2610,J_NO_1,C13ISRAELOPT,N
2610,J_NO_1,C13ISRAELREGION,N
2610,J_NO_1,C13ISRAELDISCRIMINATION,N
2610,J_NO_1,C13ISRAELNORMS,N
2610,J_NO_1,C13ISRAELCOMPARE,N
2610,J_NO_1,C14BDS,N
2610,J_NO_1,C15REASONABLE,N
2610,J_NO_1,C15DOUBLESTANDARD,N
3899,J_NO_1,C11PALESTINIANJUSTICE,N
3899,J_NO_1,C11PALESTINIANRIGHTS,N
3899,J_NO_1,C12ZIONCRITICAL,N
3899,J_NO_1,C12SOLUTIONS,N
3899,J_NO_1,C12EQUALRIGHTS,N
3899,J_NO_1,C13ISRAELEVIDENCE,N
3899,J_NO_1,C13ISRAELINSTITUTIONS,N
3899,J_NO_1,C13ISRAELPOLICIES,N
3899,J_NO_1,C13ISRAELOPT,N
3899,J_NO_1,C13ISRAELREGION,N
3899,J_NO_1,C13ISRAELDISCRIMINATION,N
3899,J_NO_1,C13ISRAELNORMS,N
3899,J_NO_1,C13ISRAELCOMPARE,N
3899,J_NO_1,C14BDS,N
3899,J_NO_1,C15REASONABLE,N
3899,J_NO_1,C15DOUBLESTANDARD,N
10381,J_NO_1,C11PALESTINIANJUSTICE,N
10381,J_NO_1,C11PALESTINIANRIGHTS,N
10381,J_NO_1,C12ZIONCRITICAL,N
10381,J_NO_1,C12SOLUTIONS,N
10381,J_NO_1,C12EQUALRIGHTS,N
10381,J_NO_1,C13ISRAELEVIDENCE,N
10381,J_NO_1,C13ISRAELINSTITUTIONS,N
10381,J_NO_1,C13ISRAELPOLICIES,N
10381,J_NO_1,C13ISRAELOPT,N
10381,J_NO_1,C13ISRAELREGION,N
10381,J_NO_1,C13ISRAELDISCRIMINATION,N
10381,J_NO_1,C13ISRAELNORMS,N
10381,J_NO_1,C13ISRAELCOMPARE,N
10381,J_NO_1,C14BDS,N
10381,J_NO_1,C15REASONABLE,N
10381,J_NO_1,C15DOUBLESTANDARD,N
12858,J_NO_1,C11PALESTINIANJUSTICE,N
12858,J_NO_1,C11PALESTINIANRIGHTS,N
12858,J_NO_1,C12ZIONCRITICAL,N
12858,J_NO_1,C12SOLUTIONS,N
12858,J_NO_1,C12EQUALRIGHTS,N
12858,J_NO_1,C13ISRAELEVIDENCE,N
12858,J_NO_1,C13ISRAELINSTITUTIONS,N
12858,J_NO_1,C13ISRAELPOLICIES,N
12858,J_NO_1,C13ISRAELOPT,N
12858,J_NO_1,C13ISRAELREGION,N
12858,J_NO_1,C13ISRAELDISCRIMINATION,N
12858,J_NO_1,C13ISRAELNORMS,N
12858,J_NO_1,C13ISRAELCOMPARE,N
12858,J_NO_1,C14BDS,N
12858,J_NO_1,C15REASONABLE,N
12858,J_NO_1,C15DOUBLESTANDARD,N
44583,J_NO_1,C11PALESTINIANJUSTICE,N
44583,J_NO_1,C11PALESTINIANRIGHTS,N
44583,J_NO_1,C12ZIONCRITICAL,N
44583,J_NO_1,C12SOLUTIONS,N
44583,J_NO_1,C12EQUALRIGHTS,N
44583,J_NO_1,C13ISRAELEVIDENCE,N
44583,J_NO_1,C13ISRAELINSTITUTIONS,N
44583,J_NO_1,C13ISRAELPOLICIES,N
44583,J_NO_1,C13ISRAELOPT,N
44583,J_NO_1,C13ISRAELREGION,N
44583,J_NO_1,C13ISRAELDISCRIMINATION,N
44583,J_NO_1,C13ISRAELNORMS,N
44583,J_NO_1,C13ISRAELCOMPARE,N
44583,J_NO_1,C14BDS,N
44583,J_NO_1,C15REASONABLE,N
44583,J_NO_1,C15DOUBLESTANDARD,N
43828,J_NO_1,C11PALESTINIANJUSTICE,N
43828,J_NO_1,C11PALESTINIANRIGHTS,N
43828,J_NO_1,C12ZIONCRITICAL,N
43828,J_NO_1,C12SOLUTIONS,N
43828,J_NO_1,C12EQUALRIGHTS,N
43828,J_NO_1,C13ISRAELEVIDENCE,N
43828,J_NO_1,C13ISRAELINSTITUTIONS,N
43828,J_NO_1,C13ISRAELPOLICIES,N
43828,J_NO_1,C13ISRAELOPT,N
43828,J_NO_1,C13ISRAELREGION,N
43828,J_NO_1,C13ISRAELDISCRIMINATION,N
43828,J_NO_1,C13ISRAELNORMS,N
43828,J_NO_1,C13ISRAELCOMPARE,N
43828,J_NO_1,C14BDS,N
43828,J_NO_1,C15REASONABLE,N
43828,J_NO_1,C15DOUBLESTANDARD,N
49581,J_NO_1,C11PALESTINIANJUSTICE,N
49581,J_NO_1,C11PALESTINIANRIGHTS,N
49581,J_NO_1,C12ZIONCRITICAL,I
49581,J_NO_1,C12SOLUTIONS,N
49581,J_NO_1,C12EQUALRIGHTS,N
49581,J_NO_1,C13ISRAELEVIDENCE,N
49581,J_NO_1,C13ISRAELINSTITUTIONS,N
49581,J_NO_1,C13ISRAELPOLICIES,N
49581,J_NO_1,C13ISRAELOPT,N
49581,J_NO_1,C13ISRAELREGION,N
49581,J_NO_1,C13ISRAELDISCRIMINATION,N
49581,J_NO_1,C13ISRAELNORMS,N
49581,J_NO_1,C13ISRAELCOMPARE,N
49581,J_NO_1,C14BDS,N
49581,J_NO_1,C15REASONABLE,N
49581,J_NO_1,C15DOUBLESTANDARD,N
4331,J_NO_1,C11PALESTINIANJUSTICE,N
4331,J_NO_1,C11PALESTINIANRIGHTS,N
4331,J_NO_1,C12ZIONCRITICAL,N
4331,J_NO_1,C12SOLUTIONS,N
4331,J_NO_1,C12EQUALRIGHTS,N
4331,J_NO_1,C13ISRAELEVIDENCE,N
4331,J_NO_1,C13ISRAELINSTITUTIONS,N
4331,J_NO_1,C13ISRAELPOLICIES,N
4331,J_NO_1,C13ISRAELOPT,N
4331,J_NO_1,C13ISRAELREGION,N
4331,J_NO_1,C13ISRAELDISCRIMINATION,N
4331,J_NO_1,C13ISRAELNORMS,N
4331,J_NO_1,C13ISRAELCOMPARE,N
4331,J_NO_1,C14BDS,N
4331,J_NO_1,C15REASONABLE,N
4331,J_NO_1,C15DOUBLESTANDARD,N
21053,J_NO_1,C11PALESTINIANJUSTICE,N
21053,J_NO_1,C11PALESTINIANRIGHTS,N
21053,J_NO_1,C12ZIONCRITICAL,N
21053,J_NO_1,C12SOLUTIONS,N
21053,J_NO_1,C12EQUALRIGHTS,N
21053,J_NO_1,C13ISRAELEVIDENCE,N
21053,J_NO_1,C13ISRAELINSTITUTIONS,N
21053,J_NO_1,C13ISRAELPOLICIES,N
21053,J_NO_1,C13ISRAELOPT,N
21053,J_NO_1,C13ISRAELREGION,N
21053,J_NO_1,C13ISRAELDISCRIMINATION,N
21053,J_NO_1,C13ISRAELNORMS,N
21053,J_NO_1,C13ISRAELCOMPARE,N
21053,J_NO_1,C14BDS,N
21053,J_NO_1,C15REASONABLE,N
21053,J_NO_1,C15DOUBLESTANDARD,N
28143,J_NO_1,C11PALESTINIANJUSTICE,N
28143,J_NO_1,C11PALESTINIANRIGHTS,N
28143,J_NO_1,C12ZIONCRITICAL,N
28143,J_NO_1,C12SOLUTIONS,N
28143,J_NO_1,C12EQUALRIGHTS,N
28143,J_NO_1,C13ISRAELEVIDENCE,N
28143,J_NO_1,C13ISRAELINSTITUTIONS,N
28143,J_NO_1,C13ISRAELPOLICIES,N
28143,J_NO_1,C13ISRAELOPT,N
28143,J_NO_1,C13ISRAELREGION,N
28143,J_NO_1,C13ISRAELDISCRIMINATION,N
28143,J_NO_1,C13ISRAELNORMS,N
28143,J_NO_1,C13ISRAELCOMPARE,N
28143,J_NO_1,C14BDS,N
28143,J_NO_1,C15REASONABLE,N
28143,J_NO_1,C15DOUBLESTANDARD,N
1675,J_NO_1,C11PALESTINIANJUSTICE,N
1675,J_NO_1,C11PALESTINIANRIGHTS,N
1675,J_NO_1,C12ZIONCRITICAL,N
1675,J_NO_1,C12SOLUTIONS,N
1675,J_NO_1,C12EQUALRIGHTS,N
1675,J_NO_1,C13ISRAELEVIDENCE,N
1675,J_NO_1,C13ISRAELINSTITUTIONS,N
1675,J_NO_1,C13ISRAELPOLICIES,N
1675,J_NO_1,C13ISRAELOPT,N
1675,J_NO_1,C13ISRAELREGION,N
1675,J_NO_1,C13ISRAELDISCRIMINATION,N
1675,J_NO_1,C13ISRAELNORMS,N
1675,J_NO_1,C13ISRAELCOMPARE,N
1675,J_NO_1,C14BDS,N
1675,J_NO_1,C15REASONABLE,N
1675,J_NO_1,C15DOUBLESTANDARD,N
9758,J_NO_1,C11PALESTINIANJUSTICE,N
9758,J_NO_1,C11PALESTINIANRIGHTS,N
9758,J_NO_1,C12ZIONCRITICAL,N
9758,J_NO_1,C12SOLUTIONS,N
9758,J_NO_1,C12EQUALRIGHTS,N
9758,J_NO_1,C13ISRAELEVIDENCE,N
9758,J_NO_1,C13ISRAELINSTITUTIONS,N
9758,J_NO_1,C13ISRAELPOLICIES,N
9758,J_NO_1,C13ISRAELOPT,N
9758,J_NO_1,C13ISRAELREGION,N
9758,J_NO_1,C13ISRAELDISCRIMINATION,N
9758,J_NO_1,C13ISRAELNORMS,N
9758,J_NO_1,C13ISRAELCOMPARE,N
9758,J_NO_1,C14BDS,N
9758,J_NO_1,C15REASONABLE,N
9758,J_NO_1,C15DOUBLESTANDARD,N
40140,J_NO_1,PARSE_ERROR,Expecting value: line 1 column 1 (char 0)
44328,J_NO_1,C11PALESTINIANJUSTICE,N
44328,J_NO_1,C11PALESTINIANRIGHTS,N
44328,J_NO_1,C12ZIONCRITICAL,N
44328,J_NO_1,C12SOLUTIONS,N
44328,J_NO_1,C12EQUALRIGHTS,N
44328,J_NO_1,C13ISRAELEVIDENCE,N
44328,J_NO_1,C13ISRAELINSTITUTIONS,N
44328,J_NO_1,C13ISRAELPOLICIES,N
44328,J_NO_1,C13ISRAELOPT,N
44328,J_NO_1,C13ISRAELREGION,N
44328,J_NO_1,C13ISRAELDISCRIMINATION,N
44328,J_NO_1,C13ISRAELNORMS,N
44328,J_NO_1,C13ISRAELCOMPARE,N
44328,J_NO_1,C14BDS,N
44328,J_NO_1,C15REASONABLE,N
44328,J_NO_1,C15DOUBLESTANDARD,N
43764,J_NO_1,C11PALESTINIANJUSTICE,N
43764,J_NO_1,C11PALESTINIANRIGHTS,N
43764,J_NO_1,C12ZIONCRITICAL,N
43764,J_NO_1,C12SOLUTIONS,N
43764,J_NO_1,C12EQUALRIGHTS,N
43764,J_NO_1,C13ISRAELEVIDENCE,N
43764,J_NO_1,C13ISRAELINSTITUTIONS,N
43764,J_NO_1,C13ISRAELPOLICIES,N
43764,J_NO_1,C13ISRAELOPT,N
43764,J_NO_1,C13ISRAELREGION,N
43764,J_NO_1,C13ISRAELDISCRIMINATION,N
43764,J_NO_1,C13ISRAELNORMS,N
43764,J_NO_1,C13ISRAELCOMPARE,N
43764,J_NO_1,C14BDS,N
43764,J_NO_1,C15REASONABLE,N
43764,J_NO_1,C15DOUBLESTANDARD,N
1689,J_NO_1,C11PALESTINIANJUSTICE,N
1689,J_NO_1,C11PALESTINIANRIGHTS,N
1689,J_NO_1,C12ZIONCRITICAL,N
1689,J_NO_1,C12SOLUTIONS,N
1689,J_NO_1,C12EQUALRIGHTS,N
1689,J_NO_1,C13ISRAELEVIDENCE,N
1689,J_NO_1,C13ISRAELINSTITUTIONS,N
1689,J_NO_1,C13ISRAELPOLICIES,N
1689,J_NO_1,C13ISRAELOPT,N
1689,J_NO_1,C13ISRAELREGION,N
1689,J_NO_1,C13ISRAELDISCRIMINATION,N
1689,J_NO_1,C13ISRAELNORMS,N
1689,J_NO_1,C13ISRAELCOMPARE,N
1689,J_NO_1,C14BDS,N
1689,J_NO_1,C15REASONABLE,N
1689,J_NO_1,C15DOUBLESTANDARD,N
8745,J_NO_1,C11PALESTINIANJUSTICE,N
8745,J_NO_1,C11PALESTINIANRIGHTS,N
8745,J_NO_1,C12ZIONCRITICAL,N
8745,J_NO_1,C12SOLUTIONS,N
8745,J_NO_1,C12EQUALRIGHTS,N
8745,J_NO_1,C13ISRAELEVIDENCE,N
8745,J_NO_1,C13ISRAELINSTITUTIONS,N
8745,J_NO_1,C13ISRAELPOLICIES,N
8745,J_NO_1,C13ISRAELOPT,N
8745,J_NO_1,C13ISRAELREGION,N
8745,J_NO_1,C13ISRAELDISCRIMINATION,N
8745,J_NO_1,C13ISRAELNORMS,N
8745,J_NO_1,C13ISRAELCOMPARE,N
8745,J_NO_1,C14BDS,N
8745,J_NO_1,C15REASONABLE,N
8745,J_NO_1,C15DOUBLESTANDARD,N
39175,J_NO_1,C11PALESTINIANJUSTICE,N
39175,J_NO_1,C11PALESTINIANRIGHTS,N
39175,J_NO_1,C12ZIONCRITICAL,I
39175,J_NO_1,C12SOLUTIONS,N
39175,J_NO_1,C12EQUALRIGHTS,N
39175,J_NO_1,C13ISRAELEVIDENCE,N
39175,J_NO_1,C13ISRAELINSTITUTIONS,N
39175,J_NO_1,C13ISRAELPOLICIES,N
39175,J_NO_1,C13ISRAELOPT,N
39175,J_NO_1,C13ISRAELREGION,N
39175,J_NO_1,C13ISRAELDISCRIMINATION,N
39175,J_NO_1,C13ISRAELNORMS,N
39175,J_NO_1,C13ISRAELCOMPARE,N
39175,J_NO_1,C14BDS,N
39175,J_NO_1,C15REASONABLE,N
39175,J_NO_1,C15DOUBLESTANDARD,N
788,J_NO_1,C11PALESTINIANJUSTICE,N
788,J_NO_1,C11PALESTINIANRIGHTS,N
788,J_NO_1,C12ZIONCRITICAL,N
788,J_NO_1,C12SOLUTIONS,N
788,J_NO_1,C12EQUALRIGHTS,N
788,J_NO_1,C13ISRAELEVIDENCE,N
788,J_NO_1,C13ISRAELINSTITUTIONS,N
788,J_NO_1,C13ISRAELPOLICIES,N
788,J_NO_1,C13ISRAELOPT,N
788,J_NO_1,C13ISRAELREGION,N
788,J_NO_1,C13ISRAELDISCRIMINATION,N
788,J_NO_1,C13ISRAELNORMS,N
788,J_NO_1,C13ISRAELCOMPARE,N
788,J_NO_1,C14BDS,N
788,J_NO_1,C15REASONABLE,N
788,J_NO_1,C15DOUBLESTANDARD,N
5779,J_NO_1,C11PALESTINIANJUSTICE,N
5779,J_NO_1,C11PALESTINIANRIGHTS,N
5779,J_NO_1,C12ZIONCRITICAL,N
5779,J_NO_1,C12SOLUTIONS,N
5779,J_NO_1,C12EQUALRIGHTS,N
5779,J_NO_1,C13ISRAELEVIDENCE,N
5779,J_NO_1,C13ISRAELINSTITUTIONS,N
5779,J_NO_1,C13ISRAELPOLICIES,N
5779,J_NO_1,C13ISRAELOPT,N
5779,J_NO_1,C13ISRAELREGION,N
5779,J_NO_1,C13ISRAELDISCRIMINATION,N
5779,J_NO_1,C13ISRAELNORMS,N
5779,J_NO_1,C13ISRAELCOMPARE,N
5779,J_NO_1,C14BDS,N
5779,J_NO_1,C15REASONABLE,N
5779,J_NO_1,C15DOUBLESTANDARD,N
14935,J_NO_1,C11PALESTINIANJUSTICE,N
14935,J_NO_1,C11PALESTINIANRIGHTS,N
14935,J_NO_1,C12ZIONCRITICAL,N
14935,J_NO_1,C12SOLUTIONS,N
14935,J_NO_1,C12EQUALRIGHTS,N
14935,J_NO_1,C13ISRAELEVIDENCE,N
14935,J_NO_1,C13ISRAELINSTITUTIONS,N
14935,J_NO_1,C13ISRAELPOLICIES,N
14935,J_NO_1,C13ISRAELOPT,N
14935,J_NO_1,C13ISRAELREGION,N
14935,J_NO_1,C13ISRAELDISCRIMINATION,N
14935,J_NO_1,C13ISRAELNORMS,N
14935,J_NO_1,C13ISRAELCOMPARE,N
14935,J_NO_1,C14BDS,N
14935,J_NO_1,C15REASONABLE,N
14935,J_NO_1,C15DOUBLESTANDARD,N
44611,J_NO_1,C11PALESTINIANJUSTICE,N
44611,J_NO_1,C11PALESTINIANRIGHTS,N
44611,J_NO_1,C12ZIONCRITICAL,N
44611,J_NO_1,C12SOLUTIONS,N
44611,J_NO_1,C12EQUALRIGHTS,N
44611,J_NO_1,C13ISRAELEVIDENCE,N
44611,J_NO_1,C13ISRAELINSTITUTIONS,N
44611,J_NO_1,C13ISRAELPOLICIES,N
44611,J_NO_1,C13ISRAELOPT,N
44611,J_NO_1,C13ISRAELREGION,N
44611,J_NO_1,C13ISRAELDISCRIMINATION,N
44611,J_NO_1,C13ISRAELNORMS,N
44611,J_NO_1,C13ISRAELCOMPARE,N
44611,J_NO_1,C14BDS,N
44611,J_NO_1,C15REASONABLE,N
44611,J_NO_1,C15DOUBLESTANDARD,N
29799,J_NO_1,C11PALESTINIANJUSTICE,N
29799,J_NO_1,C11PALESTINIANRIGHTS,N
29799,J_NO_1,C12ZIONCRITICAL,N
29799,J_NO_1,C12SOLUTIONS,N
29799,J_NO_1,C12EQUALRIGHTS,N
29799,J_NO_1,C13ISRAELEVIDENCE,N
29799,J_NO_1,C13ISRAELINSTITUTIONS,N
29799,J_NO_1,C13ISRAELPOLICIES,N
29799,J_NO_1,C13ISRAELOPT,N
29799,J_NO_1,C13ISRAELREGION,N
29799,J_NO_1,C13ISRAELDISCRIMINATION,N
29799,J_NO_1,C13ISRAELNORMS,N
29799,J_NO_1,C13ISRAELCOMPARE,N
29799,J_NO_1,C14BDS,N
29799,J_NO_1,C15REASONABLE,N
29799,J_NO_1,C15DOUBLESTANDARD,N
10925,J_NO_1,C11PALESTINIANJUSTICE,N
10925,J_NO_1,C11PALESTINIANRIGHTS,N
10925,J_NO_1,C12ZIONCRITICAL,N
10925,J_NO_1,C12SOLUTIONS,N
10925,J_NO_1,C12EQUALRIGHTS,N
10925,J_NO_1,C13ISRAELEVIDENCE,N
10925,J_NO_1,C13ISRAELINSTITUTIONS,N
10925,J_NO_1,C13ISRAELPOLICIES,N
10925,J_NO_1,C13ISRAELOPT,N
10925,J_NO_1,C13ISRAELREGION,N
10925,J_NO_1,C13ISRAELDISCRIMINATION,N
10925,J_NO_1,C13ISRAELNORMS,N
10925,J_NO_1,C13ISRAELCOMPARE,N
10925,J_NO_1,C14BDS,N
10925,J_NO_1,C15REASONABLE,N
10925,J_NO_1,C15DOUBLESTANDARD,N
11438,J_NO_1,C11PALESTINIANJUSTICE,N
11438,J_NO_1,C11PALESTINIANRIGHTS,N
11438,J_NO_1,C12ZIONCRITICAL,N
11438,J_NO_1,C12SOLUTIONS,N
11438,J_NO_1,C12EQUALRIGHTS,N
11438,J_NO_1,C13ISRAELEVIDENCE,N
11438,J_NO_1,C13ISRAELINSTITUTIONS,N
11438,J_NO_1,C13ISRAELPOLICIES,N
11438,J_NO_1,C13ISRAELOPT,N
11438,J_NO_1,C13ISRAELREGION,N
11438,J_NO_1,C13ISRAELDISCRIMINATION,N
11438,J_NO_1,C13ISRAELNORMS,N
11438,J_NO_1,C13ISRAELCOMPARE,N
11438,J_NO_1,C14BDS,N
11438,J_NO_1,C15REASONABLE,N
11438,J_NO_1,C15DOUBLESTANDARD,N
29484,J_NO_1,C11PALESTINIANJUSTICE,N
29484,J_NO_1,C11PALESTINIANRIGHTS,N
29484,J_NO_1,C12ZIONCRITICAL,N
29484,J_NO_1,C12SOLUTIONS,N
29484,J_NO_1,C12EQUALRIGHTS,N
29484,J_NO_1,C13ISRAELEVIDENCE,N
29484,J_NO_1,C13ISRAELINSTITUTIONS,N
29484,J_NO_1,C13ISRAELPOLICIES,N
29484,J_NO_1,C13ISRAELOPT,N
29484,J_NO_1,C13ISRAELREGION,N
29484,J_NO_1,C13ISRAELDISCRIMINATION,N
29484,J_NO_1,C13ISRAELNORMS,N
29484,J_NO_1,C13ISRAELCOMPARE,N
29484,J_NO_1,C14BDS,N
29484,J_NO_1,C15REASONABLE,N
29484,J_NO_1,C15DOUBLESTANDARD,N
38963,J_NO_1,C11PALESTINIANJUSTICE,N
38963,J_NO_1,C11PALESTINIANRIGHTS,N
38963,J_NO_1,C12ZIONCRITICAL,N
38963,J_NO_1,C12SOLUTIONS,N
38963,J_NO_1,C12EQUALRIGHTS,N
38963,J_NO_1,C13ISRAELEVIDENCE,N
38963,J_NO_1,C13ISRAELINSTITUTIONS,N
38963,J_NO_1,C13ISRAELPOLICIES,N
38963,J_NO_1,C13ISRAELOPT,N
38963,J_NO_1,C13ISRAELREGION,N
38963,J_NO_1,C13ISRAELDISCRIMINATION,N
38963,J_NO_1,C13ISRAELNORMS,N
38963,J_NO_1,C13ISRAELCOMPARE,N
38963,J_NO_1,C14BDS,N
38963,J_NO_1,C15REASONABLE,N
38963,J_NO_1,C15DOUBLESTANDARD,N
2975,J_NO_1,C11PALESTINIANJUSTICE,N
2975,J_NO_1,C11PALESTINIANRIGHTS,N
2975,J_NO_1,C12ZIONCRITICAL,N
2975,J_NO_1,C12SOLUTIONS,N
2975,J_NO_1,C12EQUALRIGHTS,N
2975,J_NO_1,C13ISRAELEVIDENCE,N
2975,J_NO_1,C13ISRAELINSTITUTIONS,N
2975,J_NO_1,C13ISRAELPOLICIES,N
2975,J_NO_1,C13ISRAELOPT,N
2975,J_NO_1,C13ISRAELREGION,N
2975,J_NO_1,C13ISRAELDISCRIMINATION,N
2975,J_NO_1,C13ISRAELNORMS,N
2975,J_NO_1,C13ISRAELCOMPARE,N
2975,J_NO_1,C14BDS,N
2975,J_NO_1,C15REASONABLE,N
2975,J_NO_1,C15DOUBLESTANDARD,N
40427,J_NO_1,C11PALESTINIANJUSTICE,N
40427,J_NO_1,C11PALESTINIANRIGHTS,N
40427,J_NO_1,C12ZIONCRITICAL,N
40427,J_NO_1,C12SOLUTIONS,N
40427,J_NO_1,C12EQUALRIGHTS,N
40427,J_NO_1,C13ISRAELEVIDENCE,N
40427,J_NO_1,C13ISRAELINSTITUTIONS,N
40427,J_NO_1,C13ISRAELPOLICIES,N
40427,J_NO_1,C13ISRAELOPT,N
40427,J_NO_1,C13ISRAELREGION,N
40427,J_NO_1,C13ISRAELDISCRIMINATION,N
40427,J_NO_1,C13ISRAELNORMS,N
40427,J_NO_1,C13ISRAELCOMPARE,N
40427,J_NO_1,C14BDS,N
40427,J_NO_1,C15REASONABLE,N
40427,J_NO_1,C15DOUBLESTANDARD,N
27144,J_NO_1,C11PALESTINIANJUSTICE,N
27144,J_NO_1,C11PALESTINIANRIGHTS,N
27144,J_NO_1,C12ZIONCRITICAL,N
27144,J_NO_1,C12SOLUTIONS,N
27144,J_NO_1,C12EQUALRIGHTS,N
27144,J_NO_1,C13ISRAELEVIDENCE,N
27144,J_NO_1,C13ISRAELINSTITUTIONS,N
27144,J_NO_1,C13ISRAELPOLICIES,N
27144,J_NO_1,C13ISRAELOPT,N
27144,J_NO_1,C13ISRAELREGION,N
27144,J_NO_1,C13ISRAELDISCRIMINATION,N
27144,J_NO_1,C13ISRAELNORMS,N
27144,J_NO_1,C13ISRAELCOMPARE,N
27144,J_NO_1,C14BDS,N
27144,J_NO_1,C15REASONABLE,N
27144,J_NO_1,C15DOUBLESTANDARD,N
9521,J_NO_1,C11PALESTINIANJUSTICE,N
9521,J_NO_1,C11PALESTINIANRIGHTS,N
9521,J_NO_1,C12ZIONCRITICAL,N
9521,J_NO_1,C12SOLUTIONS,N
9521,J_NO_1,C12EQUALRIGHTS,N
9521,J_NO_1,C13ISRAELEVIDENCE,N
9521,J_NO_1,C13ISRAELINSTITUTIONS,N
9521,J_NO_1,C13ISRAELPOLICIES,N
9521,J_NO_1,C13ISRAELOPT,N
9521,J_NO_1,C13ISRAELREGION,N
9521,J_NO_1,C13ISRAELDISCRIMINATION,N
9521,J_NO_1,C13ISRAELNORMS,N
9521,J_NO_1,C13ISRAELCOMPARE,N
9521,J_NO_1,C14BDS,N
9521,J_NO_1,C15REASONABLE,N
9521,J_NO_1,C15DOUBLESTANDARD,N
32578,J_NO_1,C11PALESTINIANJUSTICE,N
32578,J_NO_1,C11PALESTINIANRIGHTS,N
32578,J_NO_1,C12ZIONCRITICAL,N
32578,J_NO_1,C12SOLUTIONS,N
32578,J_NO_1,C12EQUALRIGHTS,N
32578,J_NO_1,C13ISRAELEVIDENCE,N
32578,J_NO_1,C13ISRAELINSTITUTIONS,N
32578,J_NO_1,C13ISRAELPOLICIES,N
32578,J_NO_1,C13ISRAELOPT,N
32578,J_NO_1,C13ISRAELREGION,N
32578,J_NO_1,C13ISRAELDISCRIMINATION,N
32578,J_NO_1,C13ISRAELNORMS,N
32578,J_NO_1,C13ISRAELCOMPARE,N
32578,J_NO_1,C14BDS,N
32578,J_NO_1,C15REASONABLE,N
32578,J_NO_1,C15DOUBLESTANDARD,N
34131,J_NO_1,C11PALESTINIANJUSTICE,N
34131,J_NO_1,C11PALESTINIANRIGHTS,N
34131,J_NO_1,C12ZIONCRITICAL,N
34131,J_NO_1,C12SOLUTIONS,N
34131,J_NO_1,C12EQUALRIGHTS,N
34131,J_NO_1,C13ISRAELEVIDENCE,N
34131,J_NO_1,C13ISRAELINSTITUTIONS,N
34131,J_NO_1,C13ISRAELPOLICIES,N
34131,J_NO_1,C13ISRAELOPT,N
34131,J_NO_1,C13ISRAELREGION,N
34131,J_NO_1,C13ISRAELDISCRIMINATION,N
34131,J_NO_1,C13ISRAELNORMS,N
34131,J_NO_1,C13ISRAELCOMPARE,N
34131,J_NO_1,C14BDS,N
34131,J_NO_1,C15REASONABLE,N
34131,J_NO_1,C15DOUBLESTANDARD,N
23922,J_NO_1,C11PALESTINIANJUSTICE,N
23922,J_NO_1,C11PALESTINIANRIGHTS,N
23922,J_NO_1,C12ZIONCRITICAL,N
23922,J_NO_1,C12SOLUTIONS,N
23922,J_NO_1,C12EQUALRIGHTS,N
23922,J_NO_1,C13ISRAELEVIDENCE,N
23922,J_NO_1,C13ISRAELINSTITUTIONS,N
23922,J_NO_1,C13ISRAELPOLICIES,N
23922,J_NO_1,C13ISRAELOPT,N
23922,J_NO_1,C13ISRAELREGION,N
23922,J_NO_1,C13ISRAELDISCRIMINATION,N
23922,J_NO_1,C13ISRAELNORMS,N
23922,J_NO_1,C13ISRAELCOMPARE,N
23922,J_NO_1,C14BDS,N
23922,J_NO_1,C15REASONABLE,N
23922,J_NO_1,C15DOUBLESTANDARD,N
21152,J_NO_1,C11PALESTINIANJUSTICE,N
21152,J_NO_1,C11PALESTINIANRIGHTS,N
21152,J_NO_1,C12ZIONCRITICAL,N
21152,J_NO_1,C12SOLUTIONS,N
21152,J_NO_1,C12EQUALRIGHTS,N
21152,J_NO_1,C13ISRAELEVIDENCE,N
21152,J_NO_1,C13ISRAELINSTITUTIONS,N
21152,J_NO_1,C13ISRAELPOLICIES,N
21152,J_NO_1,C13ISRAELOPT,N
21152,J_NO_1,C13ISRAELREGION,N
21152,J_NO_1,C13ISRAELDISCRIMINATION,N
21152,J_NO_1,C13ISRAELNORMS,N
21152,J_NO_1,C13ISRAELCOMPARE,N
21152,J_NO_1,C14BDS,N
21152,J_NO_1,C15REASONABLE,N
21152,J_NO_1,C15DOUBLESTANDARD,N
27200,J_NO_1,C11PALESTINIANJUSTICE,N
27200,J_NO_1,C11PALESTINIANRIGHTS,N
27200,J_NO_1,C12ZIONCRITICAL,N
27200,J_NO_1,C12SOLUTIONS,N
27200,J_NO_1,C12EQUALRIGHTS,N
27200,J_NO_1,C13ISRAELEVIDENCE,N
27200,J_NO_1,C13ISRAELINSTITUTIONS,N
27200,J_NO_1,C13ISRAELPOLICIES,N
27200,J_NO_1,C13ISRAELOPT,N
27200,J_NO_1,C13ISRAELREGION,N
27200,J_NO_1,C13ISRAELDISCRIMINATION,N
27200,J_NO_1,C13ISRAELNORMS,N
27200,J_NO_1,C13ISRAELCOMPARE,N
27200,J_NO_1,C14BDS,N
27200,J_NO_1,C15REASONABLE,N
27200,J_NO_1,C15DOUBLESTANDARD,N
15881,J_NO_1,C11PALESTINIANJUSTICE,N
15881,J_NO_1,C11PALESTINIANRIGHTS,N
15881,J_NO_1,C12ZIONCRITICAL,N
15881,J_NO_1,C12SOLUTIONS,N
15881,J_NO_1,C12EQUALRIGHTS,N
15881,J_NO_1,C13ISRAELEVIDENCE,N
15881,J_NO_1,C13ISRAELINSTITUTIONS,N
15881,J_NO_1,C13ISRAELPOLICIES,N
15881,J_NO_1,C13ISRAELOPT,N
15881,J_NO_1,C13ISRAELREGION,N
15881,J_NO_1,C13ISRAELDISCRIMINATION,N
15881,J_NO_1,C13ISRAELNORMS,N
15881,J_NO_1,C13ISRAELCOMPARE,N
15881,J_NO_1,C14BDS,N
15881,J_NO_1,C15REASONABLE,N
15881,J_NO_1,C15DOUBLESTANDARD,N
1324,J_NO_1,C11PALESTINIANJUSTICE,N
1324,J_NO_1,C11PALESTINIANRIGHTS,N
1324,J_NO_1,C12ZIONCRITICAL,N
1324,J_NO_1,C12SOLUTIONS,N
1324,J_NO_1,C12EQUALRIGHTS,N
1324,J_NO_1,C13ISRAELEVIDENCE,N
1324,J_NO_1,C13ISRAELINSTITUTIONS,N
1324,J_NO_1,C13ISRAELPOLICIES,N
1324,J_NO_1,C13ISRAELOPT,N
1324,J_NO_1,C13ISRAELREGION,N
1324,J_NO_1,C13ISRAELDISCRIMINATION,N
1324,J_NO_1,C13ISRAELNORMS,N
1324,J_NO_1,C13ISRAELCOMPARE,N
1324,J_NO_1,C14BDS,N
1324,J_NO_1,C15REASONABLE,N
1324,J_NO_1,C15DOUBLESTANDARD,N
47178,J_NO_1,C11PALESTINIANJUSTICE,N
47178,J_NO_1,C11PALESTINIANRIGHTS,N
47178,J_NO_1,C12ZIONCRITICAL,N
47178,J_NO_1,C12SOLUTIONS,N
47178,J_NO_1,C12EQUALRIGHTS,N
47178,J_NO_1,C13ISRAELEVIDENCE,N
47178,J_NO_1,C13ISRAELINSTITUTIONS,N
47178,J_NO_1,C13ISRAELPOLICIES,N
47178,J_NO_1,C13ISRAELOPT,N
47178,J_NO_1,C13ISRAELREGION,N
47178,J_NO_1,C13ISRAELDISCRIMINATION,N
47178,J_NO_1,C13ISRAELNORMS,N
47178,J_NO_1,C13ISRAELCOMPARE,N
47178,J_NO_1,C14BDS,N
47178,J_NO_1,C15REASONABLE,N
47178,J_NO_1,C15DOUBLESTANDARD,N
9896,J_NO_1,C11PALESTINIANJUSTICE,N
9896,J_NO_1,C11PALESTINIANRIGHTS,N
9896,J_NO_1,C12ZIONCRITICAL,N
9896,J_NO_1,C12SOLUTIONS,N
9896,J_NO_1,C12EQUALRIGHTS,N
9896,J_NO_1,C13ISRAELEVIDENCE,N
9896,J_NO_1,C13ISRAELINSTITUTIONS,N
9896,J_NO_1,C13ISRAELPOLICIES,N
9896,J_NO_1,C13ISRAELOPT,N
9896,J_NO_1,C13ISRAELREGION,N
9896,J_NO_1,C13ISRAELDISCRIMINATION,N
9896,J_NO_1,C13ISRAELNORMS,N
9896,J_NO_1,C13ISRAELCOMPARE,N
9896,J_NO_1,C14BDS,N
9896,J_NO_1,C15REASONABLE,E
9896,J_NO_1,C15DOUBLESTANDARD,N
40695,J_NO_1,C11PALESTINIANJUSTICE,A
40695,J_NO_1,C11PALESTINIANRIGHTS,A
40695,J_NO_1,C12ZIONCRITICAL,N
40695,J_NO_1,C12SOLUTIONS,N
40695,J_NO_1,C12EQUALRIGHTS,N
40695,J_NO_1,C13ISRAELEVIDENCE,N
40695,J_NO_1,C13ISRAELINSTITUTIONS,N
40695,J_NO_1,C13ISRAELPOLICIES,I
40695,J_NO_1,C13ISRAELOPT,I
40695,J_NO_1,C13ISRAELREGION,N
40695,J_NO_1,C13ISRAELDISCRIMINATION,N
40695,J_NO_1,C13ISRAELNORMS,N
40695,J_NO_1,C13ISRAELCOMPARE,N
40695,J_NO_1,C14BDS,N
40695,J_NO_1,C15REASONABLE,N
40695,J_NO_1,C15DOUBLESTANDARD,E
22303,J_NO_1,C11PALESTINIANJUSTICE,N
22303,J_NO_1,C11PALESTINIANRIGHTS,N
22303,J_NO_1,C12ZIONCRITICAL,N
22303,J_NO_1,C12SOLUTIONS,N
22303,J_NO_1,C12EQUALRIGHTS,N
22303,J_NO_1,C13ISRAELEVIDENCE,N
22303,J_NO_1,C13ISRAELINSTITUTIONS,N
22303,J_NO_1,C13ISRAELPOLICIES,N
22303,J_NO_1,C13ISRAELOPT,N
22303,J_NO_1,C13ISRAELREGION,N
22303,J_NO_1,C13ISRAELDISCRIMINATION,N
22303,J_NO_1,C13ISRAELNORMS,N
22303,J_NO_1,C13ISRAELCOMPARE,N
22303,J_NO_1,C14BDS,N
22303,J_NO_1,C15REASONABLE,N
22303,J_NO_1,C15DOUBLESTANDARD,N
17386,J_NO_1,C11PALESTINIANJUSTICE,N
17386,J_NO_1,C11PALESTINIANRIGHTS,N
17386,J_NO_1,C12ZIONCRITICAL,N
17386,J_NO_1,C12SOLUTIONS,N
17386,J_NO_1,C12EQUALRIGHTS,N
17386,J_NO_1,C13ISRAELEVIDENCE,N
17386,J_NO_1,C13ISRAELINSTITUTIONS,N
17386,J_NO_1,C13ISRAELPOLICIES,N
17386,J_NO_1,C13ISRAELOPT,N
17386,J_NO_1,C13ISRAELREGION,N
17386,J_NO_1,C13ISRAELDISCRIMINATION,N
17386,J_NO_1,C13ISRAELNORMS,N
17386,J_NO_1,C13ISRAELCOMPARE,N
17386,J_NO_1,C14BDS,N
17386,J_NO_1,C15REASONABLE,N
17386,J_NO_1,C15DOUBLESTANDARD,N
41723,J_NO_1,C11PALESTINIANJUSTICE,N
41723,J_NO_1,C11PALESTINIANRIGHTS,N
41723,J_NO_1,C12ZIONCRITICAL,N
41723,J_NO_1,C12SOLUTIONS,N
41723,J_NO_1,C12EQUALRIGHTS,N
41723,J_NO_1,C13ISRAELEVIDENCE,N
41723,J_NO_1,C13ISRAELINSTITUTIONS,N
41723,J_NO_1,C13ISRAELPOLICIES,N
41723,J_NO_1,C13ISRAELOPT,N
41723,J_NO_1,C13ISRAELREGION,N
41723,J_NO_1,C13ISRAELDISCRIMINATION,N
41723,J_NO_1,C13ISRAELNORMS,N
41723,J_NO_1,C13ISRAELCOMPARE,N
41723,J_NO_1,C14BDS,N
41723,J_NO_1,C15REASONABLE,N
41723,J_NO_1,C15DOUBLESTANDARD,N
4142,J_NO_1,C11PALESTINIANJUSTICE,N
4142,J_NO_1,C11PALESTINIANRIGHTS,N
4142,J_NO_1,C12ZIONCRITICAL,N
4142,J_NO_1,C12SOLUTIONS,N
4142,J_NO_1,C12EQUALRIGHTS,N
4142,J_NO_1,C13ISRAELEVIDENCE,N
4142,J_NO_1,C13ISRAELINSTITUTIONS,N
4142,J_NO_1,C13ISRAELPOLICIES,N
4142,J_NO_1,C13ISRAELOPT,N
4142,J_NO_1,C13ISRAELREGION,N
4142,J_NO_1,C13ISRAELDISCRIMINATION,N
4142,J_NO_1,C13ISRAELNORMS,N
4142,J_NO_1,C13ISRAELCOMPARE,N
4142,J_NO_1,C14BDS,N
4142,J_NO_1,C15REASONABLE,N
4142,J_NO_1,C15DOUBLESTANDARD,N
4640,J_NO_1,C11PALESTINIANJUSTICE,N
4640,J_NO_1,C11PALESTINIANRIGHTS,N
4640,J_NO_1,C12ZIONCRITICAL,N
4640,J_NO_1,C12SOLUTIONS,N
4640,J_NO_1,C12EQUALRIGHTS,N
4640,J_NO_1,C13ISRAELEVIDENCE,N
4640,J_NO_1,C13ISRAELINSTITUTIONS,N
4640,J_NO_1,C13ISRAELPOLICIES,N
4640,J_NO_1,C13ISRAELOPT,N
4640,J_NO_1,C13ISRAELREGION,N
4640,J_NO_1,C13ISRAELDISCRIMINATION,N
4640,J_NO_1,C13ISRAELNORMS,N
4640,J_NO_1,C13ISRAELCOMPARE,N
4640,J_NO_1,C14BDS,N
4640,J_NO_1,C15REASONABLE,N
4640,J_NO_1,C15DOUBLESTANDARD,N
26795,J_NO_1,C11PALESTINIANJUSTICE,N
26795,J_NO_1,C11PALESTINIANRIGHTS,N
26795,J_NO_1,C12ZIONCRITICAL,N
26795,J_NO_1,C12SOLUTIONS,N
26795,J_NO_1,C12EQUALRIGHTS,N
26795,J_NO_1,C13ISRAELEVIDENCE,N
26795,J_NO_1,C13ISRAELINSTITUTIONS,N
26795,J_NO_1,C13ISRAELPOLICIES,N
26795,J_NO_1,C13ISRAELOPT,N
26795,J_NO_1,C13ISRAELREGION,N
26795,J_NO_1,C13ISRAELDISCRIMINATION,N
26795,J_NO_1,C13ISRAELNORMS,N
26795,J_NO_1,C13ISRAELCOMPARE,N
26795,J_NO_1,C14BDS,N
26795,J_NO_1,C15REASONABLE,N
26795,J_NO_1,C15DOUBLESTANDARD,N
40294,J_NO_1,C11PALESTINIANJUSTICE,N
40294,J_NO_1,C11PALESTINIANRIGHTS,N
40294,J_NO_1,C12ZIONCRITICAL,N
40294,J_NO_1,C12SOLUTIONS,N
40294,J_NO_1,C12EQUALRIGHTS,N
40294,J_NO_1,C13ISRAELEVIDENCE,N
40294,J_NO_1,C13ISRAELINSTITUTIONS,N
40294,J_NO_1,C13ISRAELPOLICIES,N
40294,J_NO_1,C13ISRAELOPT,N
40294,J_NO_1,C13ISRAELREGION,N
40294,J_NO_1,C13ISRAELDISCRIMINATION,N
40294,J_NO_1,C13ISRAELNORMS,N
40294,J_NO_1,C13ISRAELCOMPARE,N
40294,J_NO_1,C14BDS,N
40294,J_NO_1,C15REASONABLE,N
40294,J_NO_1,C15DOUBLESTANDARD,N
47657,J_NO_1,C11PALESTINIANJUSTICE,N
47657,J_NO_1,C11PALESTINIANRIGHTS,N
47657,J_NO_1,C12ZIONCRITICAL,A
47657,J_NO_1,C12SOLUTIONS,N
47657,J_NO_1,C12EQUALRIGHTS,N
47657,J_NO_1,C13ISRAELEVIDENCE,N
47657,J_NO_1,C13ISRAELINSTITUTIONS,N
47657,J_NO_1,C13ISRAELPOLICIES,N
47657,J_NO_1,C13ISRAELOPT,N
47657,J_NO_1,C13ISRAELREGION,N
47657,J_NO_1,C13ISRAELDISCRIMINATION,N
47657,J_NO_1,C13ISRAELNORMS,N
47657,J_NO_1,C13ISRAELCOMPARE,N
47657,J_NO_1,C14BDS,N
47657,J_NO_1,C15REASONABLE,N
47657,J_NO_1,C15DOUBLESTANDARD,N
46737,J_NO_1,C11PALESTINIANJUSTICE,N
46737,J_NO_1,C11PALESTINIANRIGHTS,N
46737,J_NO_1,C12ZIONCRITICAL,N
46737,J_NO_1,C12SOLUTIONS,N
46737,J_NO_1,C12EQUALRIGHTS,N
46737,J_NO_1,C13ISRAELEVIDENCE,N
46737,J_NO_1,C13ISRAELINSTITUTIONS,N
46737,J_NO_1,C13ISRAELPOLICIES,N
46737,J_NO_1,C13ISRAELOPT,N
46737,J_NO_1,C13ISRAELREGION,N
46737,J_NO_1,C13ISRAELDISCRIMINATION,N
46737,J_NO_1,C13ISRAELNORMS,N
46737,J_NO_1,C13ISRAELCOMPARE,N
46737,J_NO_1,C14BDS,N
46737,J_NO_1,C15REASONABLE,N
46737,J_NO_1,C15DOUBLESTANDARD,N
45157,J_NO_1,C11PALESTINIANJUSTICE,N
45157,J_NO_1,C11PALESTINIANRIGHTS,N
45157,J_NO_1,C12ZIONCRITICAL,N
45157,J_NO_1,C12SOLUTIONS,N
45157,J_NO_1,C12EQUALRIGHTS,N
45157,J_NO_1,C13ISRAELEVIDENCE,N
45157,J_NO_1,C13ISRAELINSTITUTIONS,N
45157,J_NO_1,C13ISRAELPOLICIES,N
45157,J_NO_1,C13ISRAELOPT,N
45157,J_NO_1,C13ISRAELREGION,N
45157,J_NO_1,C13ISRAELDISCRIMINATION,N
45157,J_NO_1,C13ISRAELNORMS,N
45157,J_NO_1,C13ISRAELCOMPARE,N
45157,J_NO_1,C14BDS,N
45157,J_NO_1,C15REASONABLE,N
45157,J_NO_1,C15DOUBLESTANDARD,N
1063,J_NO_1,C11PALESTINIANJUSTICE,N
1063,J_NO_1,C11PALESTINIANRIGHTS,N
1063,J_NO_1,C12ZIONCRITICAL,N
1063,J_NO_1,C12SOLUTIONS,N
1063,J_NO_1,C12EQUALRIGHTS,N
1063,J_NO_1,C13ISRAELEVIDENCE,N
1063,J_NO_1,C13ISRAELINSTITUTIONS,N
1063,J_NO_1,C13ISRAELPOLICIES,N
1063,J_NO_1,C13ISRAELOPT,N
1063,J_NO_1,C13ISRAELREGION,N
1063,J_NO_1,C13ISRAELDISCRIMINATION,N
1063,J_NO_1,C13ISRAELNORMS,N
1063,J_NO_1,C13ISRAELCOMPARE,N
1063,J_NO_1,C14BDS,N
1063,J_NO_1,C15REASONABLE,N
1063,J_NO_1,C15DOUBLESTANDARD,N
32679,J_NO_1,C11PALESTINIANJUSTICE,N
32679,J_NO_1,C11PALESTINIANRIGHTS,N
32679,J_NO_1,C12ZIONCRITICAL,N
32679,J_NO_1,C12SOLUTIONS,N
32679,J_NO_1,C12EQUALRIGHTS,N
32679,J_NO_1,C13ISRAELEVIDENCE,N
32679,J_NO_1,C13ISRAELINSTITUTIONS,N
32679,J_NO_1,C13ISRAELPOLICIES,N
32679,J_NO_1,C13ISRAELOPT,N
32679,J_NO_1,C13ISRAELREGION,N
32679,J_NO_1,C13ISRAELDISCRIMINATION,N
32679,J_NO_1,C13ISRAELNORMS,N
32679,J_NO_1,C13ISRAELCOMPARE,N
32679,J_NO_1,C14BDS,N
32679,J_NO_1,C15REASONABLE,N
32679,J_NO_1,C15DOUBLESTANDARD,N
32564,J_NO_1,C11PALESTINIANJUSTICE,N
32564,J_NO_1,C11PALESTINIANRIGHTS,N
32564,J_NO_1,C12ZIONCRITICAL,N
32564,J_NO_1,C12SOLUTIONS,N
32564,J_NO_1,C12EQUALRIGHTS,N
32564,J_NO_1,C13ISRAELEVIDENCE,N
32564,J_NO_1,C13ISRAELINSTITUTIONS,N
32564,J_NO_1,C13ISRAELPOLICIES,N
32564,J_NO_1,C13ISRAELOPT,N
32564,J_NO_1,C13ISRAELREGION,N
32564,J_NO_1,C13ISRAELDISCRIMINATION,N
32564,J_NO_1,C13ISRAELNORMS,N
32564,J_NO_1,C13ISRAELCOMPARE,N
32564,J_NO_1,C14BDS,N
32564,J_NO_1,C15REASONABLE,N
32564,J_NO_1,C15DOUBLESTANDARD,N
40103,J_NO_1,C11PALESTINIANJUSTICE,N
40103,J_NO_1,C11PALESTINIANRIGHTS,N
40103,J_NO_1,C12ZIONCRITICAL,N
40103,J_NO_1,C12SOLUTIONS,N
40103,J_NO_1,C12EQUALRIGHTS,N
40103,J_NO_1,C13ISRAELEVIDENCE,N
40103,J_NO_1,C13ISRAELINSTITUTIONS,N
40103,J_NO_1,C13ISRAELPOLICIES,N
40103,J_NO_1,C13ISRAELOPT,N
40103,J_NO_1,C13ISRAELREGION,N
40103,J_NO_1,C13ISRAELDISCRIMINATION,N
40103,J_NO_1,C13ISRAELNORMS,N
40103,J_NO_1,C13ISRAELCOMPARE,N
40103,J_NO_1,C14BDS,N
40103,J_NO_1,C15REASONABLE,N
40103,J_NO_1,C15DOUBLESTANDARD,N
26846,J_NO_1,C11PALESTINIANJUSTICE,N
26846,J_NO_1,C11PALESTINIANRIGHTS,N
26846,J_NO_1,C12ZIONCRITICAL,N
26846,J_NO_1,C12SOLUTIONS,N
26846,J_NO_1,C12EQUALRIGHTS,N
26846,J_NO_1,C13ISRAELEVIDENCE,N
26846,J_NO_1,C13ISRAELINSTITUTIONS,N
26846,J_NO_1,C13ISRAELPOLICIES,N
26846,J_NO_1,C13ISRAELOPT,N
26846,J_NO_1,C13ISRAELREGION,N
26846,J_NO_1,C13ISRAELDISCRIMINATION,N
26846,J_NO_1,C13ISRAELNORMS,N
26846,J_NO_1,C13ISRAELCOMPARE,N
26846,J_NO_1,C14BDS,N
26846,J_NO_1,C15REASONABLE,N
26846,J_NO_1,C15DOUBLESTANDARD,N
48322,J_NO_1,C11PALESTINIANJUSTICE,N
48322,J_NO_1,C11PALESTINIANRIGHTS,N
48322,J_NO_1,C12ZIONCRITICAL,N
48322,J_NO_1,C12SOLUTIONS,N
48322,J_NO_1,C12EQUALRIGHTS,N
48322,J_NO_1,C13ISRAELEVIDENCE,N
48322,J_NO_1,C13ISRAELINSTITUTIONS,N
48322,J_NO_1,C13ISRAELPOLICIES,N
48322,J_NO_1,C13ISRAELOPT,N
48322,J_NO_1,C13ISRAELREGION,N
48322,J_NO_1,C13ISRAELDISCRIMINATION,N
48322,J_NO_1,C13ISRAELNORMS,N
48322,J_NO_1,C13ISRAELCOMPARE,N
48322,J_NO_1,C14BDS,N
48322,J_NO_1,C15REASONABLE,N
48322,J_NO_1,C15DOUBLESTANDARD,N
49568,J_NO_1,C11PALESTINIANJUSTICE,N
49568,J_NO_1,C11PALESTINIANRIGHTS,N
49568,J_NO_1,C12ZIONCRITICAL,N
49568,J_NO_1,C12SOLUTIONS,N
49568,J_NO_1,C12EQUALRIGHTS,N
49568,J_NO_1,C13ISRAELEVIDENCE,N
49568,J_NO_1,C13ISRAELINSTITUTIONS,N
49568,J_NO_1,C13ISRAELPOLICIES,N
49568,J_NO_1,C13ISRAELOPT,N
49568,J_NO_1,C13ISRAELREGION,N
49568,J_NO_1,C13ISRAELDISCRIMINATION,N
49568,J_NO_1,C13ISRAELNORMS,N
49568,J_NO_1,C13ISRAELCOMPARE,N
49568,J_NO_1,C14BDS,N
49568,J_NO_1,C15REASONABLE,N
49568,J_NO_1,C15DOUBLESTANDARD,N
3700,J_NO_1,C11PALESTINIANJUSTICE,N
3700,J_NO_1,C11PALESTINIANRIGHTS,N
3700,J_NO_1,C12ZIONCRITICAL,N
3700,J_NO_1,C12SOLUTIONS,N
3700,J_NO_1,C12EQUALRIGHTS,N
3700,J_NO_1,C13ISRAELEVIDENCE,N
3700,J_NO_1,C13ISRAELINSTITUTIONS,N
3700,J_NO_1,C13ISRAELPOLICIES,N
3700,J_NO_1,C13ISRAELOPT,N
3700,J_NO_1,C13ISRAELREGION,N
3700,J_NO_1,C13ISRAELDISCRIMINATION,N
3700,J_NO_1,C13ISRAELNORMS,N
3700,J_NO_1,C13ISRAELCOMPARE,N
3700,J_NO_1,C14BDS,N
3700,J_NO_1,C15REASONABLE,N
3700,J_NO_1,C15DOUBLESTANDARD,N
6951,J_NO_1,C11PALESTINIANJUSTICE,N
6951,J_NO_1,C11PALESTINIANRIGHTS,N
6951,J_NO_1,C12ZIONCRITICAL,N
6951,J_NO_1,C12SOLUTIONS,N
6951,J_NO_1,C12EQUALRIGHTS,N
6951,J_NO_1,C13ISRAELEVIDENCE,N
6951,J_NO_1,C13ISRAELINSTITUTIONS,N
6951,J_NO_1,C13ISRAELPOLICIES,N
6951,J_NO_1,C13ISRAELOPT,N
6951,J_NO_1,C13ISRAELREGION,N
6951,J_NO_1,C13ISRAELDISCRIMINATION,N
6951,J_NO_1,C13ISRAELNORMS,N
6951,J_NO_1,C13ISRAELCOMPARE,N
6951,J_NO_1,C14BDS,N
6951,J_NO_1,C15REASONABLE,N
6951,J_NO_1,C15DOUBLESTANDARD,N
45458,J_NO_1,C11PALESTINIANJUSTICE,A
45458,J_NO_1,C11PALESTINIANRIGHTS,A
45458,J_NO_1,C12ZIONCRITICAL,N
45458,J_NO_1,C12SOLUTIONS,N
45458,J_NO_1,C12EQUALRIGHTS,N
45458,J_NO_1,C13ISRAELEVIDENCE,N
45458,J_NO_1,C13ISRAELINSTITUTIONS,N
45458,J_NO_1,C13ISRAELPOLICIES,I
45458,J_NO_1,C13ISRAELOPT,N
45458,J_NO_1,C13ISRAELREGION,N
45458,J_NO_1,C13ISRAELDISCRIMINATION,I
45458,J_NO_1,C13ISRAELNORMS,N
45458,J_NO_1,C13ISRAELCOMPARE,N
45458,J_NO_1,C14BDS,N
45458,J_NO_1,C15REASONABLE,N
45458,J_NO_1,C15DOUBLESTANDARD,N
28827,J_NO_1,C11PALESTINIANJUSTICE,N
28827,J_NO_1,C11PALESTINIANRIGHTS,N
28827,J_NO_1,C12ZIONCRITICAL,N
28827,J_NO_1,C12SOLUTIONS,N
28827,J_NO_1,C12EQUALRIGHTS,N
28827,J_NO_1,C13ISRAELEVIDENCE,N
28827,J_NO_1,C13ISRAELINSTITUTIONS,N
28827,J_NO_1,C13ISRAELPOLICIES,N
28827,J_NO_1,C13ISRAELOPT,N
28827,J_NO_1,C13ISRAELREGION,N
28827,J_NO_1,C13ISRAELDISCRIMINATION,N
28827,J_NO_1,C13ISRAELNORMS,N
28827,J_NO_1,C13ISRAELCOMPARE,N
28827,J_NO_1,C14BDS,N
28827,J_NO_1,C15REASONABLE,N
28827,J_NO_1,C15DOUBLESTANDARD,N
33511,J_NO_1,C11PALESTINIANJUSTICE,N
33511,J_NO_1,C11PALESTINIANRIGHTS,N
33511,J_NO_1,C12ZIONCRITICAL,N
33511,J_NO_1,C12SOLUTIONS,N
33511,J_NO_1,C12EQUALRIGHTS,N
33511,J_NO_1,C13ISRAELEVIDENCE,N
33511,J_NO_1,C13ISRAELINSTITUTIONS,N
33511,J_NO_1,C13ISRAELPOLICIES,N
33511,J_NO_1,C13ISRAELOPT,N
33511,J_NO_1,C13ISRAELREGION,N
33511,J_NO_1,C13ISRAELDISCRIMINATION,N
33511,J_NO_1,C13ISRAELNORMS,N
33511,J_NO_1,C13ISRAELCOMPARE,N
33511,J_NO_1,C14BDS,N
33511,J_NO_1,C15REASONABLE,N
33511,J_NO_1,C15DOUBLESTANDARD,N
5807,J_NO_1,C11PALESTINIANJUSTICE,N
5807,J_NO_1,C11PALESTINIANRIGHTS,N
5807,J_NO_1,C12ZIONCRITICAL,N
5807,J_NO_1,C12SOLUTIONS,N
5807,J_NO_1,C12EQUALRIGHTS,N
5807,J_NO_1,C13ISRAELEVIDENCE,N
5807,J_NO_1,C13ISRAELINSTITUTIONS,N
5807,J_NO_1,C13ISRAELPOLICIES,N
5807,J_NO_1,C13ISRAELOPT,N
5807,J_NO_1,C13ISRAELREGION,N
5807,J_NO_1,C13ISRAELDISCRIMINATION,N
5807,J_NO_1,C13ISRAELNORMS,N
5807,J_NO_1,C13ISRAELCOMPARE,N
5807,J_NO_1,C14BDS,N
5807,J_NO_1,C15REASONABLE,N
5807,J_NO_1,C15DOUBLESTANDARD,N
42622,J_NO_1,PARSE_ERROR,Expecting value: line 1 column 1 (char 0)
41888,J_NO_1,C11PALESTINIANJUSTICE,N
41888,J_NO_1,C11PALESTINIANRIGHTS,N
41888,J_NO_1,C12ZIONCRITICAL,N
41888,J_NO_1,C12SOLUTIONS,N
41888,J_NO_1,C12EQUALRIGHTS,N
41888,J_NO_1,C13ISRAELEVIDENCE,N
41888,J_NO_1,C13ISRAELINSTITUTIONS,N
41888,J_NO_1,C13ISRAELPOLICIES,N
41888,J_NO_1,C13ISRAELOPT,N
41888,J_NO_1,C13ISRAELREGION,N
41888,J_NO_1,C13ISRAELDISCRIMINATION,N
41888,J_NO_1,C13ISRAELNORMS,N
41888,J_NO_1,C13ISRAELCOMPARE,N
41888,J_NO_1,C14BDS,N
41888,J_NO_1,C15REASONABLE,N
41888,J_NO_1,C15DOUBLESTANDARD,N
13534,J_NO_1,C11PALESTINIANJUSTICE,A
13534,J_NO_1,C11PALESTINIANRIGHTS,N
13534,J_NO_1,C12ZIONCRITICAL,N
13534,J_NO_1,C12SOLUTIONS,N
13534,J_NO_1,C12EQUALRIGHTS,N
13534,J_NO_1,C13ISRAELEVIDENCE,N
13534,J_NO_1,C13ISRAELINSTITUTIONS,N
13534,J_NO_1,C13ISRAELPOLICIES,N
13534,J_NO_1,C13ISRAELOPT,I
13534,J_NO_1,C13ISRAELREGION,N
13534,J_NO_1,C13ISRAELDISCRIMINATION,N
13534,J_NO_1,C13ISRAELNORMS,N
13534,J_NO_1,C13ISRAELCOMPARE,I
13534,J_NO_1,C14BDS,N
13534,J_NO_1,C15REASONABLE,I
13534,J_NO_1,C15DOUBLESTANDARD,N
1071,J_NO_1,C11PALESTINIANJUSTICE,N
1071,J_NO_1,C11PALESTINIANRIGHTS,N
1071,J_NO_1,C12ZIONCRITICAL,N
1071,J_NO_1,C12SOLUTIONS,N
1071,J_NO_1,C12EQUALRIGHTS,N
1071,J_NO_1,C13ISRAELEVIDENCE,N
1071,J_NO_1,C13ISRAELINSTITUTIONS,N
1071,J_NO_1,C13ISRAELPOLICIES,N
1071,J_NO_1,C13ISRAELOPT,N
1071,J_NO_1,C13ISRAELREGION,N
1071,J_NO_1,C13ISRAELDISCRIMINATION,N
1071,J_NO_1,C13ISRAELNORMS,N
1071,J_NO_1,C13ISRAELCOMPARE,N
1071,J_NO_1,C14BDS,N
1071,J_NO_1,C15REASONABLE,N
1071,J_NO_1,C15DOUBLESTANDARD,N
5834,J_NO_1,C11PALESTINIANJUSTICE,N
5834,J_NO_1,C11PALESTINIANRIGHTS,N
5834,J_NO_1,C12ZIONCRITICAL,N
5834,J_NO_1,C12SOLUTIONS,N
5834,J_NO_1,C12EQUALRIGHTS,N
5834,J_NO_1,C13ISRAELEVIDENCE,N
5834,J_NO_1,C13ISRAELINSTITUTIONS,N
5834,J_NO_1,C13ISRAELPOLICIES,N
5834,J_NO_1,C13ISRAELOPT,N
5834,J_NO_1,C13ISRAELREGION,N
5834,J_NO_1,C13ISRAELDISCRIMINATION,N
5834,J_NO_1,C13ISRAELNORMS,N
5834,J_NO_1,C13ISRAELCOMPARE,N
5834,J_NO_1,C14BDS,N
5834,J_NO_1,C15REASONABLE,N
5834,J_NO_1,C15DOUBLESTANDARD,N
5727,J_NO_1,C11PALESTINIANJUSTICE,N
5727,J_NO_1,C11PALESTINIANRIGHTS,N
5727,J_NO_1,C12ZIONCRITICAL,N
5727,J_NO_1,C12SOLUTIONS,N
5727,J_NO_1,C12EQUALRIGHTS,N
5727,J_NO_1,C13ISRAELEVIDENCE,N
5727,J_NO_1,C13ISRAELINSTITUTIONS,N
5727,J_NO_1,C13ISRAELPOLICIES,N
5727,J_NO_1,C13ISRAELOPT,N
5727,J_NO_1,C13ISRAELREGION,N
5727,J_NO_1,C13ISRAELDISCRIMINATION,N
5727,J_NO_1,C13ISRAELNORMS,N
5727,J_NO_1,C13ISRAELCOMPARE,N
5727,J_NO_1,C14BDS,N
5727,J_NO_1,C15REASONABLE,N
5727,J_NO_1,C15DOUBLESTANDARD,N
18740,J_NO_1,C11PALESTINIANJUSTICE,N
18740,J_NO_1,C11PALESTINIANRIGHTS,N
18740,J_NO_1,C12ZIONCRITICAL,N
18740,J_NO_1,C12SOLUTIONS,N
18740,J_NO_1,C12EQUALRIGHTS,N
18740,J_NO_1,C13ISRAELEVIDENCE,N
18740,J_NO_1,C13ISRAELINSTITUTIONS,N
18740,J_NO_1,C13ISRAELPOLICIES,N
18740,J_NO_1,C13ISRAELOPT,N
18740,J_NO_1,C13ISRAELREGION,N
18740,J_NO_1,C13ISRAELDISCRIMINATION,N
18740,J_NO_1,C13ISRAELNORMS,N
18740,J_NO_1,C13ISRAELCOMPARE,N
18740,J_NO_1,C14BDS,N
18740,J_NO_1,C15REASONABLE,N
18740,J_NO_1,C15DOUBLESTANDARD,N
12020,J_NO_1,C11PALESTINIANJUSTICE,N
12020,J_NO_1,C11PALESTINIANRIGHTS,N
12020,J_NO_1,C12ZIONCRITICAL,N
12020,J_NO_1,C12SOLUTIONS,N
12020,J_NO_1,C12EQUALRIGHTS,N
12020,J_NO_1,C13ISRAELEVIDENCE,N
12020,J_NO_1,C13ISRAELINSTITUTIONS,N
12020,J_NO_1,C13ISRAELPOLICIES,N
12020,J_NO_1,C13ISRAELOPT,N
12020,J_NO_1,C13ISRAELREGION,N
12020,J_NO_1,C13ISRAELDISCRIMINATION,N
12020,J_NO_1,C13ISRAELNORMS,N
12020,J_NO_1,C13ISRAELCOMPARE,N
12020,J_NO_1,C14BDS,N
12020,J_NO_1,C15REASONABLE,N
12020,J_NO_1,C15DOUBLESTANDARD,N
29100,J_NO_1,C11PALESTINIANJUSTICE,N
29100,J_NO_1,C11PALESTINIANRIGHTS,N
29100,J_NO_1,C12ZIONCRITICAL,N
29100,J_NO_1,C12SOLUTIONS,N
29100,J_NO_1,C12EQUALRIGHTS,N
29100,J_NO_1,C13ISRAELEVIDENCE,N
29100,J_NO_1,C13ISRAELINSTITUTIONS,N
29100,J_NO_1,C13ISRAELPOLICIES,N
29100,J_NO_1,C13ISRAELOPT,N
29100,J_NO_1,C13ISRAELREGION,N
29100,J_NO_1,C13ISRAELDISCRIMINATION,N
29100,J_NO_1,C13ISRAELNORMS,N
29100,J_NO_1,C13ISRAELCOMPARE,N
29100,J_NO_1,C14BDS,N
29100,J_NO_1,C15REASONABLE,N
29100,J_NO_1,C15DOUBLESTANDARD,N
49569,J_NO_1,C11PALESTINIANJUSTICE,N
49569,J_NO_1,C11PALESTINIANRIGHTS,N
49569,J_NO_1,C12ZIONCRITICAL,N
49569,J_NO_1,C12SOLUTIONS,N
49569,J_NO_1,C12EQUALRIGHTS,N
49569,J_NO_1,C13ISRAELEVIDENCE,N
49569,J_NO_1,C13ISRAELINSTITUTIONS,N
49569,J_NO_1,C13ISRAELPOLICIES,N
49569,J_NO_1,C13ISRAELOPT,N
49569,J_NO_1,C13ISRAELREGION,N
49569,J_NO_1,C13ISRAELDISCRIMINATION,N
49569,J_NO_1,C13ISRAELNORMS,N
49569,J_NO_1,C13ISRAELCOMPARE,N
49569,J_NO_1,C14BDS,N
49569,J_NO_1,C15REASONABLE,N
49569,J_NO_1,C15DOUBLESTANDARD,N
11727,J_NO_1,C11PALESTINIANJUSTICE,N
11727,J_NO_1,C11PALESTINIANRIGHTS,N
11727,J_NO_1,C12ZIONCRITICAL,N
11727,J_NO_1,C12SOLUTIONS,N
11727,J_NO_1,C12EQUALRIGHTS,N
11727,J_NO_1,C13ISRAELEVIDENCE,N
11727,J_NO_1,C13ISRAELINSTITUTIONS,N
11727,J_NO_1,C13ISRAELPOLICIES,N
11727,J_NO_1,C13ISRAELOPT,N
11727,J_NO_1,C13ISRAELREGION,N
11727,J_NO_1,C13ISRAELDISCRIMINATION,N
11727,J_NO_1,C13ISRAELNORMS,N
11727,J_NO_1,C13ISRAELCOMPARE,N
11727,J_NO_1,C14BDS,N
11727,J_NO_1,C15REASONABLE,N
11727,J_NO_1,C15DOUBLESTANDARD,N
249,J_NO_1,C11PALESTINIANJUSTICE,N
249,J_NO_1,C11PALESTINIANRIGHTS,N
249,J_NO_1,C12ZIONCRITICAL,N
249,J_NO_1,C12SOLUTIONS,N
249,J_NO_1,C12EQUALRIGHTS,N
249,J_NO_1,C13ISRAELEVIDENCE,N
249,J_NO_1,C13ISRAELINSTITUTIONS,N
249,J_NO_1,C13ISRAELPOLICIES,N
249,J_NO_1,C13ISRAELOPT,N
249,J_NO_1,C13ISRAELREGION,N
249,J_NO_1,C13ISRAELDISCRIMINATION,N
249,J_NO_1,C13ISRAELNORMS,N
249,J_NO_1,C13ISRAELCOMPARE,N
249,J_NO_1,C14BDS,N
249,J_NO_1,C15REASONABLE,N
249,J_NO_1,C15DOUBLESTANDARD,N
19167,J_NO_1,C11PALESTINIANJUSTICE,N
19167,J_NO_1,C11PALESTINIANRIGHTS,N
19167,J_NO_1,C12ZIONCRITICAL,N
19167,J_NO_1,C12SOLUTIONS,N
19167,J_NO_1,C12EQUALRIGHTS,N
19167,J_NO_1,C13ISRAELEVIDENCE,N
19167,J_NO_1,C13ISRAELINSTITUTIONS,N
19167,J_NO_1,C13ISRAELPOLICIES,N
19167,J_NO_1,C13ISRAELOPT,N
19167,J_NO_1,C13ISRAELREGION,N
19167,J_NO_1,C13ISRAELDISCRIMINATION,N
19167,J_NO_1,C13ISRAELNORMS,N
19167,J_NO_1,C13ISRAELCOMPARE,N
19167,J_NO_1,C14BDS,N
19167,J_NO_1,C15REASONABLE,N
19167,J_NO_1,C15DOUBLESTANDARD,N
27045,J_NO_1,C11PALESTINIANJUSTICE,N
27045,J_NO_1,C11PALESTINIANRIGHTS,N
27045,J_NO_1,C12ZIONCRITICAL,N
27045,J_NO_1,C12SOLUTIONS,N
27045,J_NO_1,C12EQUALRIGHTS,N
27045,J_NO_1,C13ISRAELEVIDENCE,N
27045,J_NO_1,C13ISRAELINSTITUTIONS,N
27045,J_NO_1,C13ISRAELPOLICIES,N
27045,J_NO_1,C13ISRAELOPT,N
27045,J_NO_1,C13ISRAELREGION,N
27045,J_NO_1,C13ISRAELDISCRIMINATION,N
27045,J_NO_1,C13ISRAELNORMS,N
27045,J_NO_1,C13ISRAELCOMPARE,N
27045,J_NO_1,C14BDS,N
27045,J_NO_1,C15REASONABLE,N
27045,J_NO_1,C15DOUBLESTANDARD,N
5416,J_NO_1,C11PALESTINIANJUSTICE,N
5416,J_NO_1,C11PALESTINIANRIGHTS,N
5416,J_NO_1,C12ZIONCRITICAL,N
5416,J_NO_1,C12SOLUTIONS,N
5416,J_NO_1,C12EQUALRIGHTS,N
5416,J_NO_1,C13ISRAELEVIDENCE,N
5416,J_NO_1,C13ISRAELINSTITUTIONS,N
5416,J_NO_1,C13ISRAELPOLICIES,N
5416,J_NO_1,C13ISRAELOPT,N
5416,J_NO_1,C13ISRAELREGION,N
5416,J_NO_1,C13ISRAELDISCRIMINATION,N
5416,J_NO_1,C13ISRAELNORMS,N
5416,J_NO_1,C13ISRAELCOMPARE,N
5416,J_NO_1,C14BDS,N
5416,J_NO_1,C15REASONABLE,N
5416,J_NO_1,C15DOUBLESTANDARD,N
16766,J_NO_1,C11PALESTINIANJUSTICE,N
16766,J_NO_1,C11PALESTINIANRIGHTS,N
16766,J_NO_1,C12ZIONCRITICAL,N
16766,J_NO_1,C12SOLUTIONS,N
16766,J_NO_1,C12EQUALRIGHTS,N
16766,J_NO_1,C13ISRAELEVIDENCE,N
16766,J_NO_1,C13ISRAELINSTITUTIONS,N
16766,J_NO_1,C13ISRAELPOLICIES,N
16766,J_NO_1,C13ISRAELOPT,N
16766,J_NO_1,C13ISRAELREGION,N
16766,J_NO_1,C13ISRAELDISCRIMINATION,N
16766,J_NO_1,C13ISRAELNORMS,N
16766,J_NO_1,C13ISRAELCOMPARE,N
16766,J_NO_1,C14BDS,N
16766,J_NO_1,C15REASONABLE,N
16766,J_NO_1,C15DOUBLESTANDARD,N
42108,J_NO_1,C11PALESTINIANJUSTICE,N
42108,J_NO_1,C11PALESTINIANRIGHTS,N
42108,J_NO_1,C12ZIONCRITICAL,N
42108,J_NO_1,C12SOLUTIONS,N
42108,J_NO_1,C12EQUALRIGHTS,N
42108,J_NO_1,C13ISRAELEVIDENCE,N
42108,J_NO_1,C13ISRAELINSTITUTIONS,N
42108,J_NO_1,C13ISRAELPOLICIES,N
42108,J_NO_1,C13ISRAELOPT,N
42108,J_NO_1,C13ISRAELREGION,N
42108,J_NO_1,C13ISRAELDISCRIMINATION,N
42108,J_NO_1,C13ISRAELNORMS,N
42108,J_NO_1,C13ISRAELCOMPARE,N
42108,J_NO_1,C14BDS,N
42108,J_NO_1,C15REASONABLE,N
42108,J_NO_1,C15DOUBLESTANDARD,N
11332,J_NO_1,C11PALESTINIANJUSTICE,N
11332,J_NO_1,C11PALESTINIANRIGHTS,N
11332,J_NO_1,C12ZIONCRITICAL,N
11332,J_NO_1,C12SOLUTIONS,N
11332,J_NO_1,C12EQUALRIGHTS,N
11332,J_NO_1,C13ISRAELEVIDENCE,N
11332,J_NO_1,C13ISRAELINSTITUTIONS,N
11332,J_NO_1,C13ISRAELPOLICIES,N
11332,J_NO_1,C13ISRAELOPT,N
11332,J_NO_1,C13ISRAELREGION,N
11332,J_NO_1,C13ISRAELDISCRIMINATION,N
11332,J_NO_1,C13ISRAELNORMS,N
11332,J_NO_1,C13ISRAELCOMPARE,N
11332,J_NO_1,C14BDS,N
11332,J_NO_1,C15REASONABLE,N
11332,J_NO_1,C15DOUBLESTANDARD,N
11173,J_NO_1,C11PALESTINIANJUSTICE,N
11173,J_NO_1,C11PALESTINIANRIGHTS,N
11173,J_NO_1,C12ZIONCRITICAL,N
11173,J_NO_1,C12SOLUTIONS,N
11173,J_NO_1,C12EQUALRIGHTS,N
11173,J_NO_1,C13ISRAELEVIDENCE,N
11173,J_NO_1,C13ISRAELINSTITUTIONS,N
11173,J_NO_1,C13ISRAELPOLICIES,N
11173,J_NO_1,C13ISRAELOPT,N
11173,J_NO_1,C13ISRAELREGION,N
11173,J_NO_1,C13ISRAELDISCRIMINATION,N
11173,J_NO_1,C13ISRAELNORMS,N
11173,J_NO_1,C13ISRAELCOMPARE,N
11173,J_NO_1,C14BDS,N
11173,J_NO_1,C15REASONABLE,N
11173,J_NO_1,C15DOUBLESTANDARD,N
42935,J_NO_1,C11PALESTINIANJUSTICE,N
42935,J_NO_1,C11PALESTINIANRIGHTS,N
42935,J_NO_1,C12ZIONCRITICAL,N
42935,J_NO_1,C12SOLUTIONS,N
42935,J_NO_1,C12EQUALRIGHTS,N
42935,J_NO_1,C13ISRAELEVIDENCE,N
42935,J_NO_1,C13ISRAELINSTITUTIONS,N
42935,J_NO_1,C13ISRAELPOLICIES,N
42935,J_NO_1,C13ISRAELOPT,N
42935,J_NO_1,C13ISRAELREGION,N
42935,J_NO_1,C13ISRAELDISCRIMINATION,N
42935,J_NO_1,C13ISRAELNORMS,N
42935,J_NO_1,C13ISRAELCOMPARE,N
42935,J_NO_1,C14BDS,N
42935,J_NO_1,C15REASONABLE,N
42935,J_NO_1,C15DOUBLESTANDARD,N
40319,J_NO_1,C11PALESTINIANJUSTICE,N
40319,J_NO_1,C11PALESTINIANRIGHTS,N
40319,J_NO_1,C12ZIONCRITICAL,N
40319,J_NO_1,C12SOLUTIONS,N
40319,J_NO_1,C12EQUALRIGHTS,N
40319,J_NO_1,C13ISRAELEVIDENCE,N
40319,J_NO_1,C13ISRAELINSTITUTIONS,N
40319,J_NO_1,C13ISRAELPOLICIES,N
40319,J_NO_1,C13ISRAELOPT,N
40319,J_NO_1,C13ISRAELREGION,N
40319,J_NO_1,C13ISRAELDISCRIMINATION,N
40319,J_NO_1,C13ISRAELNORMS,N
40319,J_NO_1,C13ISRAELCOMPARE,N
40319,J_NO_1,C14BDS,N
40319,J_NO_1,C15REASONABLE,N
40319,J_NO_1,C15DOUBLESTANDARD,N
27662,J_NO_1,C11PALESTINIANJUSTICE,N
27662,J_NO_1,C11PALESTINIANRIGHTS,N
27662,J_NO_1,C12ZIONCRITICAL,N
27662,J_NO_1,C12SOLUTIONS,N
27662,J_NO_1,C12EQUALRIGHTS,N
27662,J_NO_1,C13ISRAELEVIDENCE,N
27662,J_NO_1,C13ISRAELINSTITUTIONS,N
27662,J_NO_1,C13ISRAELPOLICIES,N
27662,J_NO_1,C13ISRAELOPT,N
27662,J_NO_1,C13ISRAELREGION,N
27662,J_NO_1,C13ISRAELDISCRIMINATION,N
27662,J_NO_1,C13ISRAELNORMS,N
27662,J_NO_1,C13ISRAELCOMPARE,N
27662,J_NO_1,C14BDS,N
27662,J_NO_1,C15REASONABLE,N
27662,J_NO_1,C15DOUBLESTANDARD,N
48475,J_NO_1,C11PALESTINIANJUSTICE,A
48475,J_NO_1,C11PALESTINIANRIGHTS,A
48475,J_NO_1,C12ZIONCRITICAL,N
48475,J_NO_1,C12SOLUTIONS,N
48475,J_NO_1,C12EQUALRIGHTS,N
48475,J_NO_1,C13ISRAELEVIDENCE,A
48475,J_NO_1,C13ISRAELINSTITUTIONS,N
48475,J_NO_1,C13ISRAELPOLICIES,A
48475,J_NO_1,C13ISRAELOPT,N
48475,J_NO_1,C13ISRAELREGION,N
48475,J_NO_1,C13ISRAELDISCRIMINATION,N
48475,J_NO_1,C13ISRAELNORMS,N
48475,J_NO_1,C13ISRAELCOMPARE,N
48475,J_NO_1,C14BDS,N
48475,J_NO_1,C15REASONABLE,N
48475,J_NO_1,C15DOUBLESTANDARD,N
10158,J_NO_1,C11PALESTINIANJUSTICE,E
10158,J_NO_1,C11PALESTINIANRIGHTS,E
10158,J_NO_1,C12ZIONCRITICAL,N
10158,J_NO_1,C12SOLUTIONS,N
10158,J_NO_1,C12EQUALRIGHTS,N
10158,J_NO_1,C13ISRAELEVIDENCE,N
10158,J_NO_1,C13ISRAELINSTITUTIONS,N
10158,J_NO_1,C13ISRAELPOLICIES,E
10158,J_NO_1,C13ISRAELOPT,E
10158,J_NO_1,C13ISRAELREGION,N
10158,J_NO_1,C13ISRAELDISCRIMINATION,E
10158,J_NO_1,C13ISRAELNORMS,N
10158,J_NO_1,C13ISRAELCOMPARE,I
10158,J_NO_1,C14BDS,N
10158,J_NO_1,C15REASONABLE,E
10158,J_NO_1,C15DOUBLESTANDARD,N
20452,J_NO_1,C11PALESTINIANJUSTICE,N
20452,J_NO_1,C11PALESTINIANRIGHTS,N
20452,J_NO_1,C12ZIONCRITICAL,N
20452,J_NO_1,C12SOLUTIONS,N
20452,J_NO_1,C12EQUALRIGHTS,N
20452,J_NO_1,C13ISRAELEVIDENCE,N
20452,J_NO_1,C13ISRAELINSTITUTIONS,N
20452,J_NO_1,C13ISRAELPOLICIES,N
20452,J_NO_1,C13ISRAELOPT,N
20452,J_NO_1,C13ISRAELREGION,N
20452,J_NO_1,C13ISRAELDISCRIMINATION,N
20452,J_NO_1,C13ISRAELNORMS,N
20452,J_NO_1,C13ISRAELCOMPARE,N
20452,J_NO_1,C14BDS,N
20452,J_NO_1,C15REASONABLE,N
20452,J_NO_1,C15DOUBLESTANDARD,N
40688,J_NO_1,C11PALESTINIANJUSTICE,N
40688,J_NO_1,C11PALESTINIANRIGHTS,N
40688,J_NO_1,C12ZIONCRITICAL,N
40688,J_NO_1,C12SOLUTIONS,N
40688,J_NO_1,C12EQUALRIGHTS,N
40688,J_NO_1,C13ISRAELEVIDENCE,N
40688,J_NO_1,C13ISRAELINSTITUTIONS,N
40688,J_NO_1,C13ISRAELPOLICIES,N
40688,J_NO_1,C13ISRAELOPT,N
40688,J_NO_1,C13ISRAELREGION,N
40688,J_NO_1,C13ISRAELDISCRIMINATION,N
40688,J_NO_1,C13ISRAELNORMS,N
40688,J_NO_1,C13ISRAELCOMPARE,N
40688,J_NO_1,C14BDS,N
40688,J_NO_1,C15REASONABLE,N
40688,J_NO_1,C15DOUBLESTANDARD,N
47266,J_NO_1,C11PALESTINIANJUSTICE,N
47266,J_NO_1,C11PALESTINIANRIGHTS,N
47266,J_NO_1,C12ZIONCRITICAL,N
47266,J_NO_1,C12SOLUTIONS,N
47266,J_NO_1,C12EQUALRIGHTS,N
47266,J_NO_1,C13ISRAELEVIDENCE,N
47266,J_NO_1,C13ISRAELINSTITUTIONS,N
47266,J_NO_1,C13ISRAELPOLICIES,N
47266,J_NO_1,C13ISRAELOPT,N
47266,J_NO_1,C13ISRAELREGION,N
47266,J_NO_1,C13ISRAELDISCRIMINATION,N
47266,J_NO_1,C13ISRAELNORMS,N
47266,J_NO_1,C13ISRAELCOMPARE,N
47266,J_NO_1,C14BDS,N
47266,J_NO_1,C15REASONABLE,N
47266,J_NO_1,C15DOUBLESTANDARD,N
15810,J_NO_1,C11PALESTINIANJUSTICE,N
15810,J_NO_1,C11PALESTINIANRIGHTS,N
15810,J_NO_1,C12ZIONCRITICAL,N
15810,J_NO_1,C12SOLUTIONS,N
15810,J_NO_1,C12EQUALRIGHTS,N
15810,J_NO_1,C13ISRAELEVIDENCE,N
15810,J_NO_1,C13ISRAELINSTITUTIONS,N
15810,J_NO_1,C13ISRAELPOLICIES,N
15810,J_NO_1,C13ISRAELOPT,N
15810,J_NO_1,C13ISRAELREGION,N
15810,J_NO_1,C13ISRAELDISCRIMINATION,N
15810,J_NO_1,C13ISRAELNORMS,N
15810,J_NO_1,C13ISRAELCOMPARE,N
15810,J_NO_1,C14BDS,N
15810,J_NO_1,C15REASONABLE,N
15810,J_NO_1,C15DOUBLESTANDARD,N
38861,J_NO_1,C11PALESTINIANJUSTICE,N
38861,J_NO_1,C11PALESTINIANRIGHTS,N
38861,J_NO_1,C12ZIONCRITICAL,N
38861,J_NO_1,C12SOLUTIONS,N
38861,J_NO_1,C12EQUALRIGHTS,N
38861,J_NO_1,C13ISRAELEVIDENCE,N
38861,J_NO_1,C13ISRAELINSTITUTIONS,N
38861,J_NO_1,C13ISRAELPOLICIES,N
38861,J_NO_1,C13ISRAELOPT,N
38861,J_NO_1,C13ISRAELREGION,N
38861,J_NO_1,C13ISRAELDISCRIMINATION,N
38861,J_NO_1,C13ISRAELNORMS,N
38861,J_NO_1,C13ISRAELCOMPARE,N
38861,J_NO_1,C14BDS,N
38861,J_NO_1,C15REASONABLE,N
38861,J_NO_1,C15DOUBLESTANDARD,N
15114,J_NO_1,C11PALESTINIANJUSTICE,N
15114,J_NO_1,C11PALESTINIANRIGHTS,N
15114,J_NO_1,C12ZIONCRITICAL,N
15114,J_NO_1,C12SOLUTIONS,N
15114,J_NO_1,C12EQUALRIGHTS,N
15114,J_NO_1,C13ISRAELEVIDENCE,N
15114,J_NO_1,C13ISRAELINSTITUTIONS,N
15114,J_NO_1,C13ISRAELPOLICIES,N
15114,J_NO_1,C13ISRAELOPT,N
15114,J_NO_1,C13ISRAELREGION,N
15114,J_NO_1,C13ISRAELDISCRIMINATION,N
15114,J_NO_1,C13ISRAELNORMS,N
15114,J_NO_1,C13ISRAELCOMPARE,N
15114,J_NO_1,C14BDS,N
15114,J_NO_1,C15REASONABLE,N
15114,J_NO_1,C15DOUBLESTANDARD,N
9095,J_NO_1,C11PALESTINIANJUSTICE,N
9095,J_NO_1,C11PALESTINIANRIGHTS,N
9095,J_NO_1,C12ZIONCRITICAL,N
9095,J_NO_1,C12SOLUTIONS,N
9095,J_NO_1,C12EQUALRIGHTS,N
9095,J_NO_1,C13ISRAELEVIDENCE,N
9095,J_NO_1,C13ISRAELINSTITUTIONS,N
9095,J_NO_1,C13ISRAELPOLICIES,N
9095,J_NO_1,C13ISRAELOPT,N
9095,J_NO_1,C13ISRAELREGION,N
9095,J_NO_1,C13ISRAELDISCRIMINATION,N
9095,J_NO_1,C13ISRAELNORMS,N
9095,J_NO_1,C13ISRAELCOMPARE,N
9095,J_NO_1,C14BDS,N
9095,J_NO_1,C15REASONABLE,N
9095,J_NO_1,C15DOUBLESTANDARD,N
48642,J_NO_1,C11PALESTINIANJUSTICE,N
48642,J_NO_1,C11PALESTINIANRIGHTS,N
48642,J_NO_1,C12ZIONCRITICAL,N
48642,J_NO_1,C12SOLUTIONS,N
48642,J_NO_1,C12EQUALRIGHTS,N
48642,J_NO_1,C13ISRAELEVIDENCE,N
48642,J_NO_1,C13ISRAELINSTITUTIONS,N
48642,J_NO_1,C13ISRAELPOLICIES,N
48642,J_NO_1,C13ISRAELOPT,N
48642,J_NO_1,C13ISRAELREGION,N
48642,J_NO_1,C13ISRAELDISCRIMINATION,N
48642,J_NO_1,C13ISRAELNORMS,N
48642,J_NO_1,C13ISRAELCOMPARE,N
48642,J_NO_1,C14BDS,N
48642,J_NO_1,C15REASONABLE,N
48642,J_NO_1,C15DOUBLESTANDARD,N
37120,J_NO_1,C11PALESTINIANJUSTICE,N
37120,J_NO_1,C11PALESTINIANRIGHTS,N
37120,J_NO_1,C12ZIONCRITICAL,N
37120,J_NO_1,C12SOLUTIONS,N
37120,J_NO_1,C12EQUALRIGHTS,N
37120,J_NO_1,C13ISRAELEVIDENCE,N
37120,J_NO_1,C13ISRAELINSTITUTIONS,N
37120,J_NO_1,C13ISRAELPOLICIES,N
37120,J_NO_1,C13ISRAELOPT,N
37120,J_NO_1,C13ISRAELREGION,N
37120,J_NO_1,C13ISRAELDISCRIMINATION,N
37120,J_NO_1,C13ISRAELNORMS,N
37120,J_NO_1,C13ISRAELCOMPARE,N
37120,J_NO_1,C14BDS,N
37120,J_NO_1,C15REASONABLE,N
37120,J_NO_1,C15DOUBLESTANDARD,N
2714,J_NO_1,C11PALESTINIANJUSTICE,N
2714,J_NO_1,C11PALESTINIANRIGHTS,N
2714,J_NO_1,C12ZIONCRITICAL,N
2714,J_NO_1,C12SOLUTIONS,N
2714,J_NO_1,C12EQUALRIGHTS,N
2714,J_NO_1,C13ISRAELEVIDENCE,N
2714,J_NO_1,C13ISRAELINSTITUTIONS,N
2714,J_NO_1,C13ISRAELPOLICIES,N
2714,J_NO_1,C13ISRAELOPT,N
2714,J_NO_1,C13ISRAELREGION,N
2714,J_NO_1,C13ISRAELDISCRIMINATION,N
2714,J_NO_1,C13ISRAELNORMS,N
2714,J_NO_1,C13ISRAELCOMPARE,N
2714,J_NO_1,C14BDS,N
2714,J_NO_1,C15REASONABLE,N
2714,J_NO_1,C15DOUBLESTANDARD,N
5318,J_NO_1,C11PALESTINIANJUSTICE,N
5318,J_NO_1,C11PALESTINIANRIGHTS,N
5318,J_NO_1,C12ZIONCRITICAL,N
5318,J_NO_1,C12SOLUTIONS,N
5318,J_NO_1,C12EQUALRIGHTS,N
5318,J_NO_1,C13ISRAELEVIDENCE,N
5318,J_NO_1,C13ISRAELINSTITUTIONS,N
5318,J_NO_1,C13ISRAELPOLICIES,N
5318,J_NO_1,C13ISRAELOPT,N
5318,J_NO_1,C13ISRAELREGION,N
5318,J_NO_1,C13ISRAELDISCRIMINATION,N
5318,J_NO_1,C13ISRAELNORMS,N
5318,J_NO_1,C13ISRAELCOMPARE,N
5318,J_NO_1,C14BDS,N
5318,J_NO_1,C15REASONABLE,N
5318,J_NO_1,C15DOUBLESTANDARD,N
3953,J_NO_1,C11PALESTINIANJUSTICE,N
3953,J_NO_1,C11PALESTINIANRIGHTS,N
3953,J_NO_1,C12ZIONCRITICAL,N
3953,J_NO_1,C12SOLUTIONS,N
3953,J_NO_1,C12EQUALRIGHTS,N
3953,J_NO_1,C13ISRAELEVIDENCE,N
3953,J_NO_1,C13ISRAELINSTITUTIONS,N
3953,J_NO_1,C13ISRAELPOLICIES,N
3953,J_NO_1,C13ISRAELOPT,N
3953,J_NO_1,C13ISRAELREGION,N
3953,J_NO_1,C13ISRAELDISCRIMINATION,N
3953,J_NO_1,C13ISRAELNORMS,N
3953,J_NO_1,C13ISRAELCOMPARE,N
3953,J_NO_1,C14BDS,N
3953,J_NO_1,C15REASONABLE,N
3953,J_NO_1,C15DOUBLESTANDARD,N
8107,J_NO_1,C11PALESTINIANJUSTICE,N
8107,J_NO_1,C11PALESTINIANRIGHTS,N
8107,J_NO_1,C12ZIONCRITICAL,N
8107,J_NO_1,C12SOLUTIONS,N
8107,J_NO_1,C12EQUALRIGHTS,N
8107,J_NO_1,C13ISRAELEVIDENCE,N
8107,J_NO_1,C13ISRAELINSTITUTIONS,N
8107,J_NO_1,C13ISRAELPOLICIES,N
8107,J_NO_1,C13ISRAELOPT,N
8107,J_NO_1,C13ISRAELREGION,N
8107,J_NO_1,C13ISRAELDISCRIMINATION,N
8107,J_NO_1,C13ISRAELNORMS,N
8107,J_NO_1,C13ISRAELCOMPARE,N
8107,J_NO_1,C14BDS,N
8107,J_NO_1,C15REASONABLE,N
8107,J_NO_1,C15DOUBLESTANDARD,N
17933,J_NO_1,C11PALESTINIANJUSTICE,N
17933,J_NO_1,C11PALESTINIANRIGHTS,N
17933,J_NO_1,C12ZIONCRITICAL,N
17933,J_NO_1,C12SOLUTIONS,N
17933,J_NO_1,C12EQUALRIGHTS,N
17933,J_NO_1,C13ISRAELEVIDENCE,N
17933,J_NO_1,C13ISRAELINSTITUTIONS,N
17933,J_NO_1,C13ISRAELPOLICIES,N
17933,J_NO_1,C13ISRAELOPT,N
17933,J_NO_1,C13ISRAELREGION,N
17933,J_NO_1,C13ISRAELDISCRIMINATION,N
17933,J_NO_1,C13ISRAELNORMS,N
17933,J_NO_1,C13ISRAELCOMPARE,N
17933,J_NO_1,C14BDS,N
17933,J_NO_1,C15REASONABLE,N
17933,J_NO_1,C15DOUBLESTANDARD,N
25261,J_NO_1,C11PALESTINIANJUSTICE,N
25261,J_NO_1,C11PALESTINIANRIGHTS,N
25261,J_NO_1,C12ZIONCRITICAL,N
25261,J_NO_1,C12SOLUTIONS,N
25261,J_NO_1,C12EQUALRIGHTS,N
25261,J_NO_1,C13ISRAELEVIDENCE,N
25261,J_NO_1,C13ISRAELINSTITUTIONS,N
25261,J_NO_1,C13ISRAELPOLICIES,N
25261,J_NO_1,C13ISRAELOPT,N
25261,J_NO_1,C13ISRAELREGION,N
25261,J_NO_1,C13ISRAELDISCRIMINATION,N
25261,J_NO_1,C13ISRAELNORMS,N
25261,J_NO_1,C13ISRAELCOMPARE,N
25261,J_NO_1,C14BDS,N
25261,J_NO_1,C15REASONABLE,N
25261,J_NO_1,C15DOUBLESTANDARD,N
26241,J_NO_1,C11PALESTINIANJUSTICE,N
26241,J_NO_1,C11PALESTINIANRIGHTS,N
26241,J_NO_1,C12ZIONCRITICAL,N
26241,J_NO_1,C12SOLUTIONS,N
26241,J_NO_1,C12EQUALRIGHTS,N
26241,J_NO_1,C13ISRAELEVIDENCE,N
26241,J_NO_1,C13ISRAELINSTITUTIONS,N
26241,J_NO_1,C13ISRAELPOLICIES,N
26241,J_NO_1,C13ISRAELOPT,N
26241,J_NO_1,C13ISRAELREGION,N
26241,J_NO_1,C13ISRAELDISCRIMINATION,N
26241,J_NO_1,C13ISRAELNORMS,N
26241,J_NO_1,C13ISRAELCOMPARE,N
26241,J_NO_1,C14BDS,N
26241,J_NO_1,C15REASONABLE,N
26241,J_NO_1,C15DOUBLESTANDARD,N
20426,J_NO_1,C11PALESTINIANJUSTICE,N
20426,J_NO_1,C11PALESTINIANRIGHTS,N
20426,J_NO_1,C12ZIONCRITICAL,N
20426,J_NO_1,C12SOLUTIONS,N
20426,J_NO_1,C12EQUALRIGHTS,N
20426,J_NO_1,C13ISRAELEVIDENCE,N
20426,J_NO_1,C13ISRAELINSTITUTIONS,N
20426,J_NO_1,C13ISRAELPOLICIES,N
20426,J_NO_1,C13ISRAELOPT,N
20426,J_NO_1,C13ISRAELREGION,N
20426,J_NO_1,C13ISRAELDISCRIMINATION,N
20426,J_NO_1,C13ISRAELNORMS,N
20426,J_NO_1,C13ISRAELCOMPARE,N
20426,J_NO_1,C14BDS,N
20426,J_NO_1,C15REASONABLE,N
20426,J_NO_1,C15DOUBLESTANDARD,N
22873,J_NO_1,C11PALESTINIANJUSTICE,N
22873,J_NO_1,C11PALESTINIANRIGHTS,N
22873,J_NO_1,C12ZIONCRITICAL,N
22873,J_NO_1,C12SOLUTIONS,N
22873,J_NO_1,C12EQUALRIGHTS,N
22873,J_NO_1,C13ISRAELEVIDENCE,N
22873,J_NO_1,C13ISRAELINSTITUTIONS,N
22873,J_NO_1,C13ISRAELPOLICIES,N
22873,J_NO_1,C13ISRAELOPT,N
22873,J_NO_1,C13ISRAELREGION,N
22873,J_NO_1,C13ISRAELDISCRIMINATION,N
22873,J_NO_1,C13ISRAELNORMS,N
22873,J_NO_1,C13ISRAELCOMPARE,N
22873,J_NO_1,C14BDS,N
22873,J_NO_1,C15REASONABLE,N
22873,J_NO_1,C15DOUBLESTANDARD,N
49971,J_NO_1,C11PALESTINIANJUSTICE,N
49971,J_NO_1,C11PALESTINIANRIGHTS,N
49971,J_NO_1,C12ZIONCRITICAL,N
49971,J_NO_1,C12SOLUTIONS,N
49971,J_NO_1,C12EQUALRIGHTS,N
49971,J_NO_1,C13ISRAELEVIDENCE,N
49971,J_NO_1,C13ISRAELINSTITUTIONS,N
49971,J_NO_1,C13ISRAELPOLICIES,N
49971,J_NO_1,C13ISRAELOPT,N
49971,J_NO_1,C13ISRAELREGION,N
49971,J_NO_1,C13ISRAELDISCRIMINATION,N
49971,J_NO_1,C13ISRAELNORMS,N
49971,J_NO_1,C13ISRAELCOMPARE,N
49971,J_NO_1,C14BDS,N
49971,J_NO_1,C15REASONABLE,N
49971,J_NO_1,C15DOUBLESTANDARD,N
43349,J_NO_1,C11PALESTINIANJUSTICE,N
43349,J_NO_1,C11PALESTINIANRIGHTS,N
43349,J_NO_1,C12ZIONCRITICAL,N
43349,J_NO_1,C12SOLUTIONS,N
43349,J_NO_1,C12EQUALRIGHTS,N
43349,J_NO_1,C13ISRAELEVIDENCE,N
43349,J_NO_1,C13ISRAELINSTITUTIONS,N
43349,J_NO_1,C13ISRAELPOLICIES,N
43349,J_NO_1,C13ISRAELOPT,N
43349,J_NO_1,C13ISRAELREGION,N
43349,J_NO_1,C13ISRAELDISCRIMINATION,N
43349,J_NO_1,C13ISRAELNORMS,N
43349,J_NO_1,C13ISRAELCOMPARE,N
43349,J_NO_1,C14BDS,N
43349,J_NO_1,C15REASONABLE,N
43349,J_NO_1,C15DOUBLESTANDARD,N
10135,J_NO_1,C11PALESTINIANJUSTICE,N
10135,J_NO_1,C11PALESTINIANRIGHTS,N
10135,J_NO_1,C12ZIONCRITICAL,N
10135,J_NO_1,C12SOLUTIONS,N
10135,J_NO_1,C12EQUALRIGHTS,N
10135,J_NO_1,C13ISRAELEVIDENCE,N
10135,J_NO_1,C13ISRAELINSTITUTIONS,N
10135,J_NO_1,C13ISRAELPOLICIES,N
10135,J_NO_1,C13ISRAELOPT,N
10135,J_NO_1,C13ISRAELREGION,N
10135,J_NO_1,C13ISRAELDISCRIMINATION,N
10135,J_NO_1,C13ISRAELNORMS,N
10135,J_NO_1,C13ISRAELCOMPARE,N
10135,J_NO_1,C14BDS,N
10135,J_NO_1,C15REASONABLE,N
10135,J_NO_1,C15DOUBLESTANDARD,N
34421,J_NO_1,C11PALESTINIANJUSTICE,N
34421,J_NO_1,C11PALESTINIANRIGHTS,N
34421,J_NO_1,C12ZIONCRITICAL,N
34421,J_NO_1,C12SOLUTIONS,N
34421,J_NO_1,C12EQUALRIGHTS,N
34421,J_NO_1,C13ISRAELEVIDENCE,N
34421,J_NO_1,C13ISRAELINSTITUTIONS,N
34421,J_NO_1,C13ISRAELPOLICIES,N
34421,J_NO_1,C13ISRAELOPT,N
34421,J_NO_1,C13ISRAELREGION,N
34421,J_NO_1,C13ISRAELDISCRIMINATION,N
34421,J_NO_1,C13ISRAELNORMS,N
34421,J_NO_1,C13ISRAELCOMPARE,N
34421,J_NO_1,C14BDS,N
34421,J_NO_1,C15REASONABLE,N
34421,J_NO_1,C15DOUBLESTANDARD,N
15021,J_NO_1,C11PALESTINIANJUSTICE,N
15021,J_NO_1,C11PALESTINIANRIGHTS,N
15021,J_NO_1,C12ZIONCRITICAL,N
15021,J_NO_1,C12SOLUTIONS,N
15021,J_NO_1,C12EQUALRIGHTS,N
15021,J_NO_1,C13ISRAELEVIDENCE,N
15021,J_NO_1,C13ISRAELINSTITUTIONS,N
15021,J_NO_1,C13ISRAELPOLICIES,N
15021,J_NO_1,C13ISRAELOPT,N
15021,J_NO_1,C13ISRAELREGION,N
15021,J_NO_1,C13ISRAELDISCRIMINATION,N
15021,J_NO_1,C13ISRAELNORMS,N
15021,J_NO_1,C13ISRAELCOMPARE,N
15021,J_NO_1,C14BDS,N
15021,J_NO_1,C15REASONABLE,N
15021,J_NO_1,C15DOUBLESTANDARD,N
45718,J_NO_1,C11PALESTINIANJUSTICE,N
45718,J_NO_1,C11PALESTINIANRIGHTS,N
45718,J_NO_1,C12ZIONCRITICAL,N
45718,J_NO_1,C12SOLUTIONS,N
45718,J_NO_1,C12EQUALRIGHTS,N
45718,J_NO_1,C13ISRAELEVIDENCE,N
45718,J_NO_1,C13ISRAELINSTITUTIONS,N
45718,J_NO_1,C13ISRAELPOLICIES,N
45718,J_NO_1,C13ISRAELOPT,N
45718,J_NO_1,C13ISRAELREGION,N
45718,J_NO_1,C13ISRAELDISCRIMINATION,N
45718,J_NO_1,C13ISRAELNORMS,N
45718,J_NO_1,C13ISRAELCOMPARE,N
45718,J_NO_1,C14BDS,N
45718,J_NO_1,C15REASONABLE,N
45718,J_NO_1,C15DOUBLESTANDARD,N
10195,J_NO_1,C11PALESTINIANJUSTICE,N
10195,J_NO_1,C11PALESTINIANRIGHTS,N
10195,J_NO_1,C12ZIONCRITICAL,N
10195,J_NO_1,C12SOLUTIONS,N
10195,J_NO_1,C12EQUALRIGHTS,N
10195,J_NO_1,C13ISRAELEVIDENCE,N
10195,J_NO_1,C13ISRAELINSTITUTIONS,N
10195,J_NO_1,C13ISRAELPOLICIES,N
10195,J_NO_1,C13ISRAELOPT,N
10195,J_NO_1,C13ISRAELREGION,N
10195,J_NO_1,C13ISRAELDISCRIMINATION,N
10195,J_NO_1,C13ISRAELNORMS,N
10195,J_NO_1,C13ISRAELCOMPARE,N
10195,J_NO_1,C14BDS,N
10195,J_NO_1,C15REASONABLE,N
10195,J_NO_1,C15DOUBLESTANDARD,N
31701,J_NO_1,C11PALESTINIANJUSTICE,N
31701,J_NO_1,C11PALESTINIANRIGHTS,N
31701,J_NO_1,C12ZIONCRITICAL,N
31701,J_NO_1,C12SOLUTIONS,N
31701,J_NO_1,C12EQUALRIGHTS,N
31701,J_NO_1,C13ISRAELEVIDENCE,N
31701,J_NO_1,C13ISRAELINSTITUTIONS,N
31701,J_NO_1,C13ISRAELPOLICIES,N
31701,J_NO_1,C13ISRAELOPT,N
31701,J_NO_1,C13ISRAELREGION,N
31701,J_NO_1,C13ISRAELDISCRIMINATION,N
31701,J_NO_1,C13ISRAELNORMS,N
31701,J_NO_1,C13ISRAELCOMPARE,N
31701,J_NO_1,C14BDS,N
31701,J_NO_1,C15REASONABLE,N
31701,J_NO_1,C15DOUBLESTANDARD,N
17218,J_NO_1,C11PALESTINIANJUSTICE,N
17218,J_NO_1,C11PALESTINIANRIGHTS,N
17218,J_NO_1,C12ZIONCRITICAL,N
17218,J_NO_1,C12SOLUTIONS,N
17218,J_NO_1,C12EQUALRIGHTS,N
17218,J_NO_1,C13ISRAELEVIDENCE,N
17218,J_NO_1,C13ISRAELINSTITUTIONS,N
17218,J_NO_1,C13ISRAELPOLICIES,N
17218,J_NO_1,C13ISRAELOPT,N
17218,J_NO_1,C13ISRAELREGION,N
17218,J_NO_1,C13ISRAELDISCRIMINATION,N
17218,J_NO_1,C13ISRAELNORMS,N
17218,J_NO_1,C13ISRAELCOMPARE,N
17218,J_NO_1,C14BDS,N
17218,J_NO_1,C15REASONABLE,N
17218,J_NO_1,C15DOUBLESTANDARD,N
11665,J_NO_1,C11PALESTINIANJUSTICE,N
11665,J_NO_1,C11PALESTINIANRIGHTS,N
11665,J_NO_1,C12ZIONCRITICAL,N
11665,J_NO_1,C12SOLUTIONS,N
11665,J_NO_1,C12EQUALRIGHTS,N
11665,J_NO_1,C13ISRAELEVIDENCE,N
11665,J_NO_1,C13ISRAELINSTITUTIONS,N
11665,J_NO_1,C13ISRAELPOLICIES,N
11665,J_NO_1,C13ISRAELOPT,N
11665,J_NO_1,C13ISRAELREGION,N
11665,J_NO_1,C13ISRAELDISCRIMINATION,N
11665,J_NO_1,C13ISRAELNORMS,N
11665,J_NO_1,C13ISRAELCOMPARE,N
11665,J_NO_1,C14BDS,N
11665,J_NO_1,C15REASONABLE,N
11665,J_NO_1,C15DOUBLESTANDARD,N
49271,J_NO_1,C11PALESTINIANJUSTICE,N
49271,J_NO_1,C11PALESTINIANRIGHTS,N
49271,J_NO_1,C12ZIONCRITICAL,N
49271,J_NO_1,C12SOLUTIONS,N
49271,J_NO_1,C12EQUALRIGHTS,N
49271,J_NO_1,C13ISRAELEVIDENCE,N
49271,J_NO_1,C13ISRAELINSTITUTIONS,N
49271,J_NO_1,C13ISRAELPOLICIES,N
49271,J_NO_1,C13ISRAELOPT,N
49271,J_NO_1,C13ISRAELREGION,N
49271,J_NO_1,C13ISRAELDISCRIMINATION,N
49271,J_NO_1,C13ISRAELNORMS,N
49271,J_NO_1,C13ISRAELCOMPARE,N
49271,J_NO_1,C14BDS,N
49271,J_NO_1,C15REASONABLE,N
49271,J_NO_1,C15DOUBLESTANDARD,N
49849,J_NO_1,C11PALESTINIANJUSTICE,N
49849,J_NO_1,C11PALESTINIANRIGHTS,N
49849,J_NO_1,C12ZIONCRITICAL,N
49849,J_NO_1,C12SOLUTIONS,N
49849,J_NO_1,C12EQUALRIGHTS,N
49849,J_NO_1,C13ISRAELEVIDENCE,N
49849,J_NO_1,C13ISRAELINSTITUTIONS,N
49849,J_NO_1,C13ISRAELPOLICIES,N
49849,J_NO_1,C13ISRAELOPT,N
49849,J_NO_1,C13ISRAELREGION,N
49849,J_NO_1,C13ISRAELDISCRIMINATION,N
49849,J_NO_1,C13ISRAELNORMS,N
49849,J_NO_1,C13ISRAELCOMPARE,N
49849,J_NO_1,C14BDS,N
49849,J_NO_1,C15REASONABLE,N
49849,J_NO_1,C15DOUBLESTANDARD,N
47419,J_NO_1,C11PALESTINIANJUSTICE,N
47419,J_NO_1,C11PALESTINIANRIGHTS,N
47419,J_NO_1,C12ZIONCRITICAL,E
47419,J_NO_1,C12SOLUTIONS,N
47419,J_NO_1,C12EQUALRIGHTS,N
47419,J_NO_1,C13ISRAELEVIDENCE,N
47419,J_NO_1,C13ISRAELINSTITUTIONS,N
47419,J_NO_1,C13ISRAELPOLICIES,N
47419,J_NO_1,C13ISRAELOPT,N
47419,J_NO_1,C13ISRAELREGION,N
47419,J_NO_1,C13ISRAELDISCRIMINATION,N
47419,J_NO_1,C13ISRAELNORMS,E
47419,J_NO_1,C13ISRAELCOMPARE,N
47419,J_NO_1,C14BDS,N
47419,J_NO_1,C15REASONABLE,E
47419,J_NO_1,C15DOUBLESTANDARD,E
32926,J_NO_1,C11PALESTINIANJUSTICE,N
32926,J_NO_1,C11PALESTINIANRIGHTS,N
32926,J_NO_1,C12ZIONCRITICAL,N
32926,J_NO_1,C12SOLUTIONS,N
32926,J_NO_1,C12EQUALRIGHTS,N
32926,J_NO_1,C13ISRAELEVIDENCE,N
32926,J_NO_1,C13ISRAELINSTITUTIONS,N
32926,J_NO_1,C13ISRAELPOLICIES,N
32926,J_NO_1,C13ISRAELOPT,N
32926,J_NO_1,C13ISRAELREGION,N
32926,J_NO_1,C13ISRAELDISCRIMINATION,N
32926,J_NO_1,C13ISRAELNORMS,N
32926,J_NO_1,C13ISRAELCOMPARE,N
32926,J_NO_1,C14BDS,N
32926,J_NO_1,C15REASONABLE,N
32926,J_NO_1,C15DOUBLESTANDARD,N
7628,J_NO_1,C11PALESTINIANJUSTICE,N
7628,J_NO_1,C11PALESTINIANRIGHTS,N
7628,J_NO_1,C12ZIONCRITICAL,N
7628,J_NO_1,C12SOLUTIONS,N
7628,J_NO_1,C12EQUALRIGHTS,N
7628,J_NO_1,C13ISRAELEVIDENCE,N
7628,J_NO_1,C13ISRAELINSTITUTIONS,N
7628,J_NO_1,C13ISRAELPOLICIES,N
7628,J_NO_1,C13ISRAELOPT,N
7628,J_NO_1,C13ISRAELREGION,N
7628,J_NO_1,C13ISRAELDISCRIMINATION,N
7628,J_NO_1,C13ISRAELNORMS,N
7628,J_NO_1,C13ISRAELCOMPARE,N
7628,J_NO_1,C14BDS,N
7628,J_NO_1,C15REASONABLE,N
7628,J_NO_1,C15DOUBLESTANDARD,N
45067,J_NO_1,C11PALESTINIANJUSTICE,N
45067,J_NO_1,C11PALESTINIANRIGHTS,N
45067,J_NO_1,C12ZIONCRITICAL,N
45067,J_NO_1,C12SOLUTIONS,N
45067,J_NO_1,C12EQUALRIGHTS,N
45067,J_NO_1,C13ISRAELEVIDENCE,N
45067,J_NO_1,C13ISRAELINSTITUTIONS,N
45067,J_NO_1,C13ISRAELPOLICIES,N
45067,J_NO_1,C13ISRAELOPT,N
45067,J_NO_1,C13ISRAELREGION,N
45067,J_NO_1,C13ISRAELDISCRIMINATION,N
45067,J_NO_1,C13ISRAELNORMS,N
45067,J_NO_1,C13ISRAELCOMPARE,N
45067,J_NO_1,C14BDS,N
45067,J_NO_1,C15REASONABLE,N
45067,J_NO_1,C15DOUBLESTANDARD,N
47435,J_NO_1,C11PALESTINIANJUSTICE,N
47435,J_NO_1,C11PALESTINIANRIGHTS,N
47435,J_NO_1,C12ZIONCRITICAL,N
47435,J_NO_1,C12SOLUTIONS,N
47435,J_NO_1,C12EQUALRIGHTS,N
47435,J_NO_1,C13ISRAELEVIDENCE,N
47435,J_NO_1,C13ISRAELINSTITUTIONS,N
47435,J_NO_1,C13ISRAELPOLICIES,N
47435,J_NO_1,C13ISRAELOPT,N
47435,J_NO_1,C13ISRAELREGION,N
47435,J_NO_1,C13ISRAELDISCRIMINATION,N
47435,J_NO_1,C13ISRAELNORMS,N
47435,J_NO_1,C13ISRAELCOMPARE,N
47435,J_NO_1,C14BDS,N
47435,J_NO_1,C15REASONABLE,N
47435,J_NO_1,C15DOUBLESTANDARD,N
8963,J_NO_1,C11PALESTINIANJUSTICE,N
8963,J_NO_1,C11PALESTINIANRIGHTS,N
8963,J_NO_1,C12ZIONCRITICAL,N
8963,J_NO_1,C12SOLUTIONS,N
8963,J_NO_1,C12EQUALRIGHTS,N
8963,J_NO_1,C13ISRAELEVIDENCE,N
8963,J_NO_1,C13ISRAELINSTITUTIONS,N
8963,J_NO_1,C13ISRAELPOLICIES,N
8963,J_NO_1,C13ISRAELOPT,N
8963,J_NO_1,C13ISRAELREGION,N
8963,J_NO_1,C13ISRAELDISCRIMINATION,N
8963,J_NO_1,C13ISRAELNORMS,N
8963,J_NO_1,C13ISRAELCOMPARE,N
8963,J_NO_1,C14BDS,N
8963,J_NO_1,C15REASONABLE,N
8963,J_NO_1,C15DOUBLESTANDARD,N
41554,J_NO_1,C11PALESTINIANJUSTICE,N
41554,J_NO_1,C11PALESTINIANRIGHTS,N
41554,J_NO_1,C12ZIONCRITICAL,N
41554,J_NO_1,C12SOLUTIONS,N
41554,J_NO_1,C12EQUALRIGHTS,N
41554,J_NO_1,C13ISRAELEVIDENCE,N
41554,J_NO_1,C13ISRAELINSTITUTIONS,N
41554,J_NO_1,C13ISRAELPOLICIES,N
41554,J_NO_1,C13ISRAELOPT,N
41554,J_NO_1,C13ISRAELREGION,N
41554,J_NO_1,C13ISRAELDISCRIMINATION,N
41554,J_NO_1,C13ISRAELNORMS,N
41554,J_NO_1,C13ISRAELCOMPARE,N
41554,J_NO_1,C14BDS,N
41554,J_NO_1,C15REASONABLE,N
41554,J_NO_1,C15DOUBLESTANDARD,N
1542,J_NO_1,C11PALESTINIANJUSTICE,N
1542,J_NO_1,C11PALESTINIANRIGHTS,N
1542,J_NO_1,C12ZIONCRITICAL,N
1542,J_NO_1,C12SOLUTIONS,N
1542,J_NO_1,C12EQUALRIGHTS,N
1542,J_NO_1,C13ISRAELEVIDENCE,N
1542,J_NO_1,C13ISRAELINSTITUTIONS,N
1542,J_NO_1,C13ISRAELPOLICIES,N
1542,J_NO_1,C13ISRAELOPT,N
1542,J_NO_1,C13ISRAELREGION,N
1542,J_NO_1,C13ISRAELDISCRIMINATION,N
1542,J_NO_1,C13ISRAELNORMS,N
1542,J_NO_1,C13ISRAELCOMPARE,N
1542,J_NO_1,C14BDS,N
1542,J_NO_1,C15REASONABLE,N
1542,J_NO_1,C15DOUBLESTANDARD,N
15805,J_NO_1,C11PALESTINIANJUSTICE,N
15805,J_NO_1,C11PALESTINIANRIGHTS,N
15805,J_NO_1,C12ZIONCRITICAL,N
15805,J_NO_1,C12SOLUTIONS,N
15805,J_NO_1,C12EQUALRIGHTS,N
15805,J_NO_1,C13ISRAELEVIDENCE,N
15805,J_NO_1,C13ISRAELINSTITUTIONS,N
15805,J_NO_1,C13ISRAELPOLICIES,N
15805,J_NO_1,C13ISRAELOPT,N
15805,J_NO_1,C13ISRAELREGION,N
15805,J_NO_1,C13ISRAELDISCRIMINATION,N
15805,J_NO_1,C13ISRAELNORMS,N
15805,J_NO_1,C13ISRAELCOMPARE,N
15805,J_NO_1,C14BDS,N
15805,J_NO_1,C15REASONABLE,N
15805,J_NO_1,C15DOUBLESTANDARD,N
8785,J_NO_1,C11PALESTINIANJUSTICE,N
8785,J_NO_1,C11PALESTINIANRIGHTS,N
8785,J_NO_1,C12ZIONCRITICAL,N
8785,J_NO_1,C12SOLUTIONS,N
8785,J_NO_1,C12EQUALRIGHTS,N
8785,J_NO_1,C13ISRAELEVIDENCE,N
8785,J_NO_1,C13ISRAELINSTITUTIONS,N
8785,J_NO_1,C13ISRAELPOLICIES,N
8785,J_NO_1,C13ISRAELOPT,N
8785,J_NO_1,C13ISRAELREGION,N
8785,J_NO_1,C13ISRAELDISCRIMINATION,N
8785,J_NO_1,C13ISRAELNORMS,N
8785,J_NO_1,C13ISRAELCOMPARE,N
8785,J_NO_1,C14BDS,N
8785,J_NO_1,C15REASONABLE,N
8785,J_NO_1,C15DOUBLESTANDARD,N
2167,J_NO_1,C11PALESTINIANJUSTICE,N
2167,J_NO_1,C11PALESTINIANRIGHTS,N
2167,J_NO_1,C12ZIONCRITICAL,N
2167,J_NO_1,C12SOLUTIONS,N
2167,J_NO_1,C12EQUALRIGHTS,N
2167,J_NO_1,C13ISRAELEVIDENCE,N
2167,J_NO_1,C13ISRAELINSTITUTIONS,N
2167,J_NO_1,C13ISRAELPOLICIES,N
2167,J_NO_1,C13ISRAELOPT,N
2167,J_NO_1,C13ISRAELREGION,N
2167,J_NO_1,C13ISRAELDISCRIMINATION,N
2167,J_NO_1,C13ISRAELNORMS,N
2167,J_NO_1,C13ISRAELCOMPARE,N
2167,J_NO_1,C14BDS,N
2167,J_NO_1,C15REASONABLE,N
2167,J_NO_1,C15DOUBLESTANDARD,N
11578,J_NO_1,C11PALESTINIANJUSTICE,N
11578,J_NO_1,C11PALESTINIANRIGHTS,N
11578,J_NO_1,C12ZIONCRITICAL,N
11578,J_NO_1,C12SOLUTIONS,N
11578,J_NO_1,C12EQUALRIGHTS,N
11578,J_NO_1,C13ISRAELEVIDENCE,N
11578,J_NO_1,C13ISRAELINSTITUTIONS,N
11578,J_NO_1,C13ISRAELPOLICIES,N
11578,J_NO_1,C13ISRAELOPT,N
11578,J_NO_1,C13ISRAELREGION,N
11578,J_NO_1,C13ISRAELDISCRIMINATION,N
11578,J_NO_1,C13ISRAELNORMS,N
11578,J_NO_1,C13ISRAELCOMPARE,N
11578,J_NO_1,C14BDS,N
11578,J_NO_1,C15REASONABLE,N
11578,J_NO_1,C15DOUBLESTANDARD,N
1561,J_NO_1,C11PALESTINIANJUSTICE,N
1561,J_NO_1,C11PALESTINIANRIGHTS,N
1561,J_NO_1,C12ZIONCRITICAL,N
1561,J_NO_1,C12SOLUTIONS,N
1561,J_NO_1,C12EQUALRIGHTS,N
1561,J_NO_1,C13ISRAELEVIDENCE,N
1561,J_NO_1,C13ISRAELINSTITUTIONS,N
1561,J_NO_1,C13ISRAELPOLICIES,N
1561,J_NO_1,C13ISRAELOPT,N
1561,J_NO_1,C13ISRAELREGION,N
1561,J_NO_1,C13ISRAELDISCRIMINATION,N
1561,J_NO_1,C13ISRAELNORMS,N
1561,J_NO_1,C13ISRAELCOMPARE,N
1561,J_NO_1,C14BDS,N
1561,J_NO_1,C15REASONABLE,N
1561,J_NO_1,C15DOUBLESTANDARD,N
31447,J_NO_1,C11PALESTINIANJUSTICE,N
31447,J_NO_1,C11PALESTINIANRIGHTS,N
31447,J_NO_1,C12ZIONCRITICAL,N
31447,J_NO_1,C12SOLUTIONS,N
31447,J_NO_1,C12EQUALRIGHTS,N
31447,J_NO_1,C13ISRAELEVIDENCE,N
31447,J_NO_1,C13ISRAELINSTITUTIONS,N
31447,J_NO_1,C13ISRAELPOLICIES,N
31447,J_NO_1,C13ISRAELOPT,N
31447,J_NO_1,C13ISRAELREGION,N
31447,J_NO_1,C13ISRAELDISCRIMINATION,N
31447,J_NO_1,C13ISRAELNORMS,N
31447,J_NO_1,C13ISRAELCOMPARE,N
31447,J_NO_1,C14BDS,N
31447,J_NO_1,C15REASONABLE,N
31447,J_NO_1,C15DOUBLESTANDARD,N
34747,J_NO_1,C11PALESTINIANJUSTICE,N
34747,J_NO_1,C11PALESTINIANRIGHTS,N
34747,J_NO_1,C12ZIONCRITICAL,N
34747,J_NO_1,C12SOLUTIONS,N
34747,J_NO_1,C12EQUALRIGHTS,N
34747,J_NO_1,C13ISRAELEVIDENCE,N
34747,J_NO_1,C13ISRAELINSTITUTIONS,N
34747,J_NO_1,C13ISRAELPOLICIES,N
34747,J_NO_1,C13ISRAELOPT,N
34747,J_NO_1,C13ISRAELREGION,N
34747,J_NO_1,C13ISRAELDISCRIMINATION,N
34747,J_NO_1,C13ISRAELNORMS,N
34747,J_NO_1,C13ISRAELCOMPARE,N
34747,J_NO_1,C14BDS,N
34747,J_NO_1,C15REASONABLE,N
34747,J_NO_1,C15DOUBLESTANDARD,N
37676,J_NO_1,C11PALESTINIANJUSTICE,N
37676,J_NO_1,C11PALESTINIANRIGHTS,N
37676,J_NO_1,C12ZIONCRITICAL,N
37676,J_NO_1,C12SOLUTIONS,N
37676,J_NO_1,C12EQUALRIGHTS,N
37676,J_NO_1,C13ISRAELEVIDENCE,N
37676,J_NO_1,C13ISRAELINSTITUTIONS,N
37676,J_NO_1,C13ISRAELPOLICIES,N
37676,J_NO_1,C13ISRAELOPT,N
37676,J_NO_1,C13ISRAELREGION,N
37676,J_NO_1,C13ISRAELDISCRIMINATION,N
37676,J_NO_1,C13ISRAELNORMS,N
37676,J_NO_1,C13ISRAELCOMPARE,N
37676,J_NO_1,C14BDS,N
37676,J_NO_1,C15REASONABLE,N
37676,J_NO_1,C15DOUBLESTANDARD,N
43101,J_NO_1,C11PALESTINIANJUSTICE,N
43101,J_NO_1,C11PALESTINIANRIGHTS,N
43101,J_NO_1,C12ZIONCRITICAL,N
43101,J_NO_1,C12SOLUTIONS,N
43101,J_NO_1,C12EQUALRIGHTS,N
43101,J_NO_1,C13ISRAELEVIDENCE,N
43101,J_NO_1,C13ISRAELINSTITUTIONS,N
43101,J_NO_1,C13ISRAELPOLICIES,N
43101,J_NO_1,C13ISRAELOPT,N
43101,J_NO_1,C13ISRAELREGION,N
43101,J_NO_1,C13ISRAELDISCRIMINATION,N
43101,J_NO_1,C13ISRAELNORMS,N
43101,J_NO_1,C13ISRAELCOMPARE,N
43101,J_NO_1,C14BDS,N
43101,J_NO_1,C15REASONABLE,N
43101,J_NO_1,C15DOUBLESTANDARD,N
14532,J_NO_1,C11PALESTINIANJUSTICE,N
14532,J_NO_1,C11PALESTINIANRIGHTS,N
14532,J_NO_1,C12ZIONCRITICAL,N
14532,J_NO_1,C12SOLUTIONS,N
14532,J_NO_1,C12EQUALRIGHTS,N
14532,J_NO_1,C13ISRAELEVIDENCE,N
14532,J_NO_1,C13ISRAELINSTITUTIONS,N
14532,J_NO_1,C13ISRAELPOLICIES,N
14532,J_NO_1,C13ISRAELOPT,N
14532,J_NO_1,C13ISRAELREGION,N
14532,J_NO_1,C13ISRAELDISCRIMINATION,N
14532,J_NO_1,C13ISRAELNORMS,N
14532,J_NO_1,C13ISRAELCOMPARE,N
14532,J_NO_1,C14BDS,N
14532,J_NO_1,C15REASONABLE,N
14532,J_NO_1,C15DOUBLESTANDARD,N
16811,J_NO_1,C11PALESTINIANJUSTICE,N
16811,J_NO_1,C11PALESTINIANRIGHTS,N
16811,J_NO_1,C12ZIONCRITICAL,N
16811,J_NO_1,C12SOLUTIONS,N
16811,J_NO_1,C12EQUALRIGHTS,N
16811,J_NO_1,C13ISRAELEVIDENCE,N
16811,J_NO_1,C13ISRAELINSTITUTIONS,N
16811,J_NO_1,C13ISRAELPOLICIES,N
16811,J_NO_1,C13ISRAELOPT,N
16811,J_NO_1,C13ISRAELREGION,N
16811,J_NO_1,C13ISRAELDISCRIMINATION,N
16811,J_NO_1,C13ISRAELNORMS,N
16811,J_NO_1,C13ISRAELCOMPARE,N
16811,J_NO_1,C14BDS,N
16811,J_NO_1,C15REASONABLE,N
16811,J_NO_1,C15DOUBLESTANDARD,N
49310,J_NO_1,C11PALESTINIANJUSTICE,N
49310,J_NO_1,C11PALESTINIANRIGHTS,N
49310,J_NO_1,C12ZIONCRITICAL,N
49310,J_NO_1,C12SOLUTIONS,N
49310,J_NO_1,C12EQUALRIGHTS,N
49310,J_NO_1,C13ISRAELEVIDENCE,N
49310,J_NO_1,C13ISRAELINSTITUTIONS,N
49310,J_NO_1,C13ISRAELPOLICIES,N
49310,J_NO_1,C13ISRAELOPT,N
49310,J_NO_1,C13ISRAELREGION,N
49310,J_NO_1,C13ISRAELDISCRIMINATION,N
49310,J_NO_1,C13ISRAELNORMS,N
49310,J_NO_1,C13ISRAELCOMPARE,N
49310,J_NO_1,C14BDS,N
49310,J_NO_1,C15REASONABLE,N
49310,J_NO_1,C15DOUBLESTANDARD,N
21039,J_NO_1,C11PALESTINIANJUSTICE,N
21039,J_NO_1,C11PALESTINIANRIGHTS,N
21039,J_NO_1,C12ZIONCRITICAL,N
21039,J_NO_1,C12SOLUTIONS,N
21039,J_NO_1,C12EQUALRIGHTS,N
21039,J_NO_1,C13ISRAELEVIDENCE,N
21039,J_NO_1,C13ISRAELINSTITUTIONS,N
21039,J_NO_1,C13ISRAELPOLICIES,N
21039,J_NO_1,C13ISRAELOPT,N
21039,J_NO_1,C13ISRAELREGION,N
21039,J_NO_1,C13ISRAELDISCRIMINATION,N
21039,J_NO_1,C13ISRAELNORMS,N
21039,J_NO_1,C13ISRAELCOMPARE,N
21039,J_NO_1,C14BDS,N
21039,J_NO_1,C15REASONABLE,N
21039,J_NO_1,C15DOUBLESTANDARD,N
20622,J_NO_1,C11PALESTINIANJUSTICE,N
20622,J_NO_1,C11PALESTINIANRIGHTS,N
20622,J_NO_1,C12ZIONCRITICAL,N
20622,J_NO_1,C12SOLUTIONS,N
20622,J_NO_1,C12EQUALRIGHTS,N
20622,J_NO_1,C13ISRAELEVIDENCE,N
20622,J_NO_1,C13ISRAELINSTITUTIONS,N
20622,J_NO_1,C13ISRAELPOLICIES,N
20622,J_NO_1,C13ISRAELOPT,N
20622,J_NO_1,C13ISRAELREGION,N
20622,J_NO_1,C13ISRAELDISCRIMINATION,N
20622,J_NO_1,C13ISRAELNORMS,N
20622,J_NO_1,C13ISRAELCOMPARE,N
20622,J_NO_1,C14BDS,N
20622,J_NO_1,C15REASONABLE,N
20622,J_NO_1,C15DOUBLESTANDARD,N
11514,J_NO_1,C11PALESTINIANJUSTICE,N
11514,J_NO_1,C11PALESTINIANRIGHTS,N
11514,J_NO_1,C12ZIONCRITICAL,N
11514,J_NO_1,C12SOLUTIONS,N
11514,J_NO_1,C12EQUALRIGHTS,N
11514,J_NO_1,C13ISRAELEVIDENCE,N
11514,J_NO_1,C13ISRAELINSTITUTIONS,N
11514,J_NO_1,C13ISRAELPOLICIES,N
11514,J_NO_1,C13ISRAELOPT,N
11514,J_NO_1,C13ISRAELREGION,N
11514,J_NO_1,C13ISRAELDISCRIMINATION,N
11514,J_NO_1,C13ISRAELNORMS,N
11514,J_NO_1,C13ISRAELCOMPARE,N
11514,J_NO_1,C14BDS,N
11514,J_NO_1,C15REASONABLE,N
11514,J_NO_1,C15DOUBLESTANDARD,N
4399,J_NO_1,C11PALESTINIANJUSTICE,N
4399,J_NO_1,C11PALESTINIANRIGHTS,N
4399,J_NO_1,C12ZIONCRITICAL,N
4399,J_NO_1,C12SOLUTIONS,N
4399,J_NO_1,C12EQUALRIGHTS,N
4399,J_NO_1,C13ISRAELEVIDENCE,N
4399,J_NO_1,C13ISRAELINSTITUTIONS,N
4399,J_NO_1,C13ISRAELPOLICIES,N
4399,J_NO_1,C13ISRAELOPT,N
4399,J_NO_1,C13ISRAELREGION,N
4399,J_NO_1,C13ISRAELDISCRIMINATION,N
4399,J_NO_1,C13ISRAELNORMS,N
4399,J_NO_1,C13ISRAELCOMPARE,N
4399,J_NO_1,C14BDS,N
4399,J_NO_1,C15REASONABLE,N
4399,J_NO_1,C15DOUBLESTANDARD,N
20083,J_NO_1,C11PALESTINIANJUSTICE,A
20083,J_NO_1,C11PALESTINIANRIGHTS,A
20083,J_NO_1,C12ZIONCRITICAL,N
20083,J_NO_1,C12SOLUTIONS,N
20083,J_NO_1,C12EQUALRIGHTS,N
20083,J_NO_1,C13ISRAELEVIDENCE,I
20083,J_NO_1,C13ISRAELINSTITUTIONS,N
20083,J_NO_1,C13ISRAELPOLICIES,I
20083,J_NO_1,C13ISRAELOPT,I
20083,J_NO_1,C13ISRAELREGION,N
20083,J_NO_1,C13ISRAELDISCRIMINATION,N
20083,J_NO_1,C13ISRAELNORMS,N
20083,J_NO_1,C13ISRAELCOMPARE,N
20083,J_NO_1,C14BDS,N
20083,J_NO_1,C15REASONABLE,N
20083,J_NO_1,C15DOUBLESTANDARD,N
16273,J_NO_1,C11PALESTINIANJUSTICE,N
16273,J_NO_1,C11PALESTINIANRIGHTS,N
16273,J_NO_1,C12ZIONCRITICAL,N
16273,J_NO_1,C12SOLUTIONS,N
16273,J_NO_1,C12EQUALRIGHTS,N
16273,J_NO_1,C13ISRAELEVIDENCE,N
16273,J_NO_1,C13ISRAELINSTITUTIONS,N
16273,J_NO_1,C13ISRAELPOLICIES,N
16273,J_NO_1,C13ISRAELOPT,N
16273,J_NO_1,C13ISRAELREGION,N
16273,J_NO_1,C13ISRAELDISCRIMINATION,N
16273,J_NO_1,C13ISRAELNORMS,N
16273,J_NO_1,C13ISRAELCOMPARE,N
16273,J_NO_1,C14BDS,N
16273,J_NO_1,C15REASONABLE,N
16273,J_NO_1,C15DOUBLESTANDARD,N
4274,J_NO_1,C11PALESTINIANJUSTICE,N
4274,J_NO_1,C11PALESTINIANRIGHTS,N
4274,J_NO_1,C12ZIONCRITICAL,N
4274,J_NO_1,C12SOLUTIONS,N
4274,J_NO_1,C12EQUALRIGHTS,N
4274,J_NO_1,C13ISRAELEVIDENCE,N
4274,J_NO_1,C13ISRAELINSTITUTIONS,N
4274,J_NO_1,C13ISRAELPOLICIES,N
4274,J_NO_1,C13ISRAELOPT,N
4274,J_NO_1,C13ISRAELREGION,N
4274,J_NO_1,C13ISRAELDISCRIMINATION,N
4274,J_NO_1,C13ISRAELNORMS,N
4274,J_NO_1,C13ISRAELCOMPARE,N
4274,J_NO_1,C14BDS,N
4274,J_NO_1,C15REASONABLE,N
4274,J_NO_1,C15DOUBLESTANDARD,N
41,J_NO_1,C11PALESTINIANJUSTICE,N
41,J_NO_1,C11PALESTINIANRIGHTS,N
41,J_NO_1,C12ZIONCRITICAL,N
41,J_NO_1,C12SOLUTIONS,N
41,J_NO_1,C12EQUALRIGHTS,N
41,J_NO_1,C13ISRAELEVIDENCE,N
41,J_NO_1,C13ISRAELINSTITUTIONS,N
41,J_NO_1,C13ISRAELPOLICIES,N
41,J_NO_1,C13ISRAELOPT,N
41,J_NO_1,C13ISRAELREGION,N
41,J_NO_1,C13ISRAELDISCRIMINATION,N
41,J_NO_1,C13ISRAELNORMS,N
41,J_NO_1,C13ISRAELCOMPARE,N
41,J_NO_1,C14BDS,N
41,J_NO_1,C15REASONABLE,N
41,J_NO_1,C15DOUBLESTANDARD,N
2936,J_NO_1,C11PALESTINIANJUSTICE,N
2936,J_NO_1,C11PALESTINIANRIGHTS,N
2936,J_NO_1,C12ZIONCRITICAL,N
2936,J_NO_1,C12SOLUTIONS,N
2936,J_NO_1,C12EQUALRIGHTS,N
2936,J_NO_1,C13ISRAELEVIDENCE,N
2936,J_NO_1,C13ISRAELINSTITUTIONS,N
2936,J_NO_1,C13ISRAELPOLICIES,N
2936,J_NO_1,C13ISRAELOPT,N
2936,J_NO_1,C13ISRAELREGION,N
2936,J_NO_1,C13ISRAELDISCRIMINATION,N
2936,J_NO_1,C13ISRAELNORMS,N
2936,J_NO_1,C13ISRAELCOMPARE,N
2936,J_NO_1,C14BDS,N
2936,J_NO_1,C15REASONABLE,N
2936,J_NO_1,C15DOUBLESTANDARD,N
45840,J_NO_1,C11PALESTINIANJUSTICE,N
45840,J_NO_1,C11PALESTINIANRIGHTS,N
45840,J_NO_1,C12ZIONCRITICAL,N
45840,J_NO_1,C12SOLUTIONS,N
45840,J_NO_1,C12EQUALRIGHTS,N
45840,J_NO_1,C13ISRAELEVIDENCE,N
45840,J_NO_1,C13ISRAELINSTITUTIONS,N
45840,J_NO_1,C13ISRAELPOLICIES,N
45840,J_NO_1,C13ISRAELOPT,N
45840,J_NO_1,C13ISRAELREGION,N
45840,J_NO_1,C13ISRAELDISCRIMINATION,N
45840,J_NO_1,C13ISRAELNORMS,N
45840,J_NO_1,C13ISRAELCOMPARE,N
45840,J_NO_1,C14BDS,N
45840,J_NO_1,C15REASONABLE,N
45840,J_NO_1,C15DOUBLESTANDARD,N
33124,J_NO_1,C11PALESTINIANJUSTICE,N
33124,J_NO_1,C11PALESTINIANRIGHTS,N
33124,J_NO_1,C12ZIONCRITICAL,N
33124,J_NO_1,C12SOLUTIONS,N
33124,J_NO_1,C12EQUALRIGHTS,N
33124,J_NO_1,C13ISRAELEVIDENCE,N
33124,J_NO_1,C13ISRAELINSTITUTIONS,N
33124,J_NO_1,C13ISRAELPOLICIES,N
33124,J_NO_1,C13ISRAELOPT,N
33124,J_NO_1,C13ISRAELREGION,N
33124,J_NO_1,C13ISRAELDISCRIMINATION,N
33124,J_NO_1,C13ISRAELNORMS,N
33124,J_NO_1,C13ISRAELCOMPARE,N
33124,J_NO_1,C14BDS,N
33124,J_NO_1,C15REASONABLE,N
33124,J_NO_1,C15DOUBLESTANDARD,N
5358,J_NO_1,C11PALESTINIANJUSTICE,N
5358,J_NO_1,C11PALESTINIANRIGHTS,N
5358,J_NO_1,C12ZIONCRITICAL,N
5358,J_NO_1,C12SOLUTIONS,N
5358,J_NO_1,C12EQUALRIGHTS,N
5358,J_NO_1,C13ISRAELEVIDENCE,N
5358,J_NO_1,C13ISRAELINSTITUTIONS,N
5358,J_NO_1,C13ISRAELPOLICIES,N
5358,J_NO_1,C13ISRAELOPT,N
5358,J_NO_1,C13ISRAELREGION,N
5358,J_NO_1,C13ISRAELDISCRIMINATION,N
5358,J_NO_1,C13ISRAELNORMS,N
5358,J_NO_1,C13ISRAELCOMPARE,N
5358,J_NO_1,C14BDS,N
5358,J_NO_1,C15REASONABLE,N
5358,J_NO_1,C15DOUBLESTANDARD,N
43549,J_NO_1,C11PALESTINIANJUSTICE,N
43549,J_NO_1,C11PALESTINIANRIGHTS,N
43549,J_NO_1,C12ZIONCRITICAL,N
43549,J_NO_1,C12SOLUTIONS,N
43549,J_NO_1,C12EQUALRIGHTS,N
43549,J_NO_1,C13ISRAELEVIDENCE,N
43549,J_NO_1,C13ISRAELINSTITUTIONS,N
43549,J_NO_1,C13ISRAELPOLICIES,N
43549,J_NO_1,C13ISRAELOPT,N
43549,J_NO_1,C13ISRAELREGION,N
43549,J_NO_1,C13ISRAELDISCRIMINATION,N
43549,J_NO_1,C13ISRAELNORMS,N
43549,J_NO_1,C13ISRAELCOMPARE,N
43549,J_NO_1,C14BDS,N
43549,J_NO_1,C15REASONABLE,N
43549,J_NO_1,C15DOUBLESTANDARD,N
2015,J_NO_1,C11PALESTINIANJUSTICE,N
2015,J_NO_1,C11PALESTINIANRIGHTS,N
2015,J_NO_1,C12ZIONCRITICAL,N
2015,J_NO_1,C12SOLUTIONS,N
2015,J_NO_1,C12EQUALRIGHTS,N
2015,J_NO_1,C13ISRAELEVIDENCE,N
2015,J_NO_1,C13ISRAELINSTITUTIONS,N
2015,J_NO_1,C13ISRAELPOLICIES,N
2015,J_NO_1,C13ISRAELOPT,N
2015,J_NO_1,C13ISRAELREGION,N
2015,J_NO_1,C13ISRAELDISCRIMINATION,N
2015,J_NO_1,C13ISRAELNORMS,N
2015,J_NO_1,C13ISRAELCOMPARE,N
2015,J_NO_1,C14BDS,N
2015,J_NO_1,C15REASONABLE,N
2015,J_NO_1,C15DOUBLESTANDARD,N
11140,J_NO_1,C11PALESTINIANJUSTICE,N
11140,J_NO_1,C11PALESTINIANRIGHTS,N
11140,J_NO_1,C12ZIONCRITICAL,N
11140,J_NO_1,C12SOLUTIONS,N
11140,J_NO_1,C12EQUALRIGHTS,N
11140,J_NO_1,C13ISRAELEVIDENCE,N
11140,J_NO_1,C13ISRAELINSTITUTIONS,N
11140,J_NO_1,C13ISRAELPOLICIES,N
11140,J_NO_1,C13ISRAELOPT,N
11140,J_NO_1,C13ISRAELREGION,N
11140,J_NO_1,C13ISRAELDISCRIMINATION,N
11140,J_NO_1,C13ISRAELNORMS,N
11140,J_NO_1,C13ISRAELCOMPARE,N
11140,J_NO_1,C14BDS,N
11140,J_NO_1,C15REASONABLE,N
11140,J_NO_1,C15DOUBLESTANDARD,N
49558,J_NO_1,C11PALESTINIANJUSTICE,N
49558,J_NO_1,C11PALESTINIANRIGHTS,N
49558,J_NO_1,C12ZIONCRITICAL,N
49558,J_NO_1,C12SOLUTIONS,N
49558,J_NO_1,C12EQUALRIGHTS,N
49558,J_NO_1,C13ISRAELEVIDENCE,N
49558,J_NO_1,C13ISRAELINSTITUTIONS,N
49558,J_NO_1,C13ISRAELPOLICIES,N
49558,J_NO_1,C13ISRAELOPT,N
49558,J_NO_1,C13ISRAELREGION,N
49558,J_NO_1,C13ISRAELDISCRIMINATION,N
49558,J_NO_1,C13ISRAELNORMS,N
49558,J_NO_1,C13ISRAELCOMPARE,N
49558,J_NO_1,C14BDS,N
49558,J_NO_1,C15REASONABLE,N
49558,J_NO_1,C15DOUBLESTANDARD,N
46932,J_NO_1,PARSE_ERROR,Expecting value: line 1 column 1 (char 0)
738,J_NO_1,C11PALESTINIANJUSTICE,N
738,J_NO_1,C11PALESTINIANRIGHTS,N
738,J_NO_1,C12ZIONCRITICAL,N
738,J_NO_1,C12SOLUTIONS,N
738,J_NO_1,C12EQUALRIGHTS,N
738,J_NO_1,C13ISRAELEVIDENCE,N
738,J_NO_1,C13ISRAELINSTITUTIONS,N
738,J_NO_1,C13ISRAELPOLICIES,N
738,J_NO_1,C13ISRAELOPT,N
738,J_NO_1,C13ISRAELREGION,N
738,J_NO_1,C13ISRAELDISCRIMINATION,N
738,J_NO_1,C13ISRAELNORMS,N
738,J_NO_1,C13ISRAELCOMPARE,N
738,J_NO_1,C14BDS,N
738,J_NO_1,C15REASONABLE,N
738,J_NO_1,C15DOUBLESTANDARD,N
24338,J_NO_1,C11PALESTINIANJUSTICE,N
24338,J_NO_1,C11PALESTINIANRIGHTS,N
24338,J_NO_1,C12ZIONCRITICAL,N
24338,J_NO_1,C12SOLUTIONS,N
24338,J_NO_1,C12EQUALRIGHTS,N
24338,J_NO_1,C13ISRAELEVIDENCE,N
24338,J_NO_1,C13ISRAELINSTITUTIONS,N
24338,J_NO_1,C13ISRAELPOLICIES,N
24338,J_NO_1,C13ISRAELOPT,N
24338,J_NO_1,C13ISRAELREGION,N
24338,J_NO_1,C13ISRAELDISCRIMINATION,N
24338,J_NO_1,C13ISRAELNORMS,N
24338,J_NO_1,C13ISRAELCOMPARE,N
24338,J_NO_1,C14BDS,N
24338,J_NO_1,C15REASONABLE,N
24338,J_NO_1,C15DOUBLESTANDARD,N
13156,J_NO_1,C11PALESTINIANJUSTICE,N
13156,J_NO_1,C11PALESTINIANRIGHTS,N
13156,J_NO_1,C12ZIONCRITICAL,N
13156,J_NO_1,C12SOLUTIONS,N
13156,J_NO_1,C12EQUALRIGHTS,N
13156,J_NO_1,C13ISRAELEVIDENCE,N
13156,J_NO_1,C13ISRAELINSTITUTIONS,N
13156,J_NO_1,C13ISRAELPOLICIES,N
13156,J_NO_1,C13ISRAELOPT,N
13156,J_NO_1,C13ISRAELREGION,N
13156,J_NO_1,C13ISRAELDISCRIMINATION,N
13156,J_NO_1,C13ISRAELNORMS,N
13156,J_NO_1,C13ISRAELCOMPARE,N
13156,J_NO_1,C14BDS,N
13156,J_NO_1,C15REASONABLE,N
13156,J_NO_1,C15DOUBLESTANDARD,N
44117,J_NO_1,C11PALESTINIANJUSTICE,N
44117,J_NO_1,C11PALESTINIANRIGHTS,N
44117,J_NO_1,C12ZIONCRITICAL,N
44117,J_NO_1,C12SOLUTIONS,N
44117,J_NO_1,C12EQUALRIGHTS,N
44117,J_NO_1,C13ISRAELEVIDENCE,N
44117,J_NO_1,C13ISRAELINSTITUTIONS,N
44117,J_NO_1,C13ISRAELPOLICIES,N
44117,J_NO_1,C13ISRAELOPT,N
44117,J_NO_1,C13ISRAELREGION,N
44117,J_NO_1,C13ISRAELDISCRIMINATION,N
44117,J_NO_1,C13ISRAELNORMS,N
44117,J_NO_1,C13ISRAELCOMPARE,N
44117,J_NO_1,C14BDS,N
44117,J_NO_1,C15REASONABLE,N
44117,J_NO_1,C15DOUBLESTANDARD,N
45,J_NO_1,C11PALESTINIANJUSTICE,N
45,J_NO_1,C11PALESTINIANRIGHTS,N
45,J_NO_1,C12ZIONCRITICAL,N
45,J_NO_1,C12SOLUTIONS,N
45,J_NO_1,C12EQUALRIGHTS,N
45,J_NO_1,C13ISRAELEVIDENCE,N
45,J_NO_1,C13ISRAELINSTITUTIONS,N
45,J_NO_1,C13ISRAELPOLICIES,N
45,J_NO_1,C13ISRAELOPT,N
45,J_NO_1,C13ISRAELREGION,N
45,J_NO_1,C13ISRAELDISCRIMINATION,N
45,J_NO_1,C13ISRAELNORMS,N
45,J_NO_1,C13ISRAELCOMPARE,N
45,J_NO_1,C14BDS,N
45,J_NO_1,C15REASONABLE,N
45,J_NO_1,C15DOUBLESTANDARD,N
42012,J_NO_1,C11PALESTINIANJUSTICE,N
42012,J_NO_1,C11PALESTINIANRIGHTS,N
42012,J_NO_1,C12ZIONCRITICAL,N
42012,J_NO_1,C12SOLUTIONS,N
42012,J_NO_1,C12EQUALRIGHTS,N
42012,J_NO_1,C13ISRAELEVIDENCE,N
42012,J_NO_1,C13ISRAELINSTITUTIONS,N
42012,J_NO_1,C13ISRAELPOLICIES,N
42012,J_NO_1,C13ISRAELOPT,N
42012,J_NO_1,C13ISRAELREGION,N
42012,J_NO_1,C13ISRAELDISCRIMINATION,N
42012,J_NO_1,C13ISRAELNORMS,N
42012,J_NO_1,C13ISRAELCOMPARE,N
42012,J_NO_1,C14BDS,N
42012,J_NO_1,C15REASONABLE,N
42012,J_NO_1,C15DOUBLESTANDARD,N
45619,J_NO_1,C11PALESTINIANJUSTICE,N
45619,J_NO_1,C11PALESTINIANRIGHTS,N
45619,J_NO_1,C12ZIONCRITICAL,N
45619,J_NO_1,C12SOLUTIONS,N
45619,J_NO_1,C12EQUALRIGHTS,N
45619,J_NO_1,C13ISRAELEVIDENCE,N
45619,J_NO_1,C13ISRAELINSTITUTIONS,N
45619,J_NO_1,C13ISRAELPOLICIES,N
45619,J_NO_1,C13ISRAELOPT,N
45619,J_NO_1,C13ISRAELREGION,N
45619,J_NO_1,C13ISRAELDISCRIMINATION,N
45619,J_NO_1,C13ISRAELNORMS,N
45619,J_NO_1,C13ISRAELCOMPARE,N
45619,J_NO_1,C14BDS,N
45619,J_NO_1,C15REASONABLE,N
45619,J_NO_1,C15DOUBLESTANDARD,N
7643,J_NO_1,C11PALESTINIANJUSTICE,N
7643,J_NO_1,C11PALESTINIANRIGHTS,N
7643,J_NO_1,C12ZIONCRITICAL,N
7643,J_NO_1,C12SOLUTIONS,N
7643,J_NO_1,C12EQUALRIGHTS,N
7643,J_NO_1,C13ISRAELEVIDENCE,N
7643,J_NO_1,C13ISRAELINSTITUTIONS,N
7643,J_NO_1,C13ISRAELPOLICIES,N
7643,J_NO_1,C13ISRAELOPT,N
7643,J_NO_1,C13ISRAELREGION,N
7643,J_NO_1,C13ISRAELDISCRIMINATION,N
7643,J_NO_1,C13ISRAELNORMS,N
7643,J_NO_1,C13ISRAELCOMPARE,N
7643,J_NO_1,C14BDS,N
7643,J_NO_1,C15REASONABLE,N
7643,J_NO_1,C15DOUBLESTANDARD,N
33941,J_NO_1,C11PALESTINIANJUSTICE,N
33941,J_NO_1,C11PALESTINIANRIGHTS,N
33941,J_NO_1,C12ZIONCRITICAL,N
33941,J_NO_1,C12SOLUTIONS,N
33941,J_NO_1,C12EQUALRIGHTS,N
33941,J_NO_1,C13ISRAELEVIDENCE,N
33941,J_NO_1,C13ISRAELINSTITUTIONS,N
33941,J_NO_1,C13ISRAELPOLICIES,N
33941,J_NO_1,C13ISRAELOPT,N
33941,J_NO_1,C13ISRAELREGION,N
33941,J_NO_1,C13ISRAELDISCRIMINATION,N
33941,J_NO_1,C13ISRAELNORMS,N
33941,J_NO_1,C13ISRAELCOMPARE,N
33941,J_NO_1,C14BDS,N
33941,J_NO_1,C15REASONABLE,N
33941,J_NO_1,C15DOUBLESTANDARD,N
28147,J_NO_1,C11PALESTINIANJUSTICE,N
28147,J_NO_1,C11PALESTINIANRIGHTS,N
28147,J_NO_1,C12ZIONCRITICAL,N
28147,J_NO_1,C12SOLUTIONS,N
28147,J_NO_1,C12EQUALRIGHTS,N
28147,J_NO_1,C13ISRAELEVIDENCE,N
28147,J_NO_1,C13ISRAELINSTITUTIONS,N
28147,J_NO_1,C13ISRAELPOLICIES,N
28147,J_NO_1,C13ISRAELOPT,N
28147,J_NO_1,C13ISRAELREGION,N
28147,J_NO_1,C13ISRAELDISCRIMINATION,N
28147,J_NO_1,C13ISRAELNORMS,N
28147,J_NO_1,C13ISRAELCOMPARE,N
28147,J_NO_1,C14BDS,N
28147,J_NO_1,C15REASONABLE,N
28147,J_NO_1,C15DOUBLESTANDARD,N
6232,J_NO_1,C11PALESTINIANJUSTICE,N
6232,J_NO_1,C11PALESTINIANRIGHTS,N
6232,J_NO_1,C12ZIONCRITICAL,N
6232,J_NO_1,C12SOLUTIONS,N
6232,J_NO_1,C12EQUALRIGHTS,N
6232,J_NO_1,C13ISRAELEVIDENCE,N
6232,J_NO_1,C13ISRAELINSTITUTIONS,N
6232,J_NO_1,C13ISRAELPOLICIES,N
6232,J_NO_1,C13ISRAELOPT,N
6232,J_NO_1,C13ISRAELREGION,N
6232,J_NO_1,C13ISRAELDISCRIMINATION,N
6232,J_NO_1,C13ISRAELNORMS,N
6232,J_NO_1,C13ISRAELCOMPARE,N
6232,J_NO_1,C14BDS,N
6232,J_NO_1,C15REASONABLE,N
6232,J_NO_1,C15DOUBLESTANDARD,N
42572,J_NO_1,C11PALESTINIANJUSTICE,N
42572,J_NO_1,C11PALESTINIANRIGHTS,N
42572,J_NO_1,C12ZIONCRITICAL,N
42572,J_NO_1,C12SOLUTIONS,N
42572,J_NO_1,C12EQUALRIGHTS,N
42572,J_NO_1,C13ISRAELEVIDENCE,N
42572,J_NO_1,C13ISRAELINSTITUTIONS,N
42572,J_NO_1,C13ISRAELPOLICIES,N
42572,J_NO_1,C13ISRAELOPT,N
42572,J_NO_1,C13ISRAELREGION,N
42572,J_NO_1,C13ISRAELDISCRIMINATION,N
42572,J_NO_1,C13ISRAELNORMS,N
42572,J_NO_1,C13ISRAELCOMPARE,N
42572,J_NO_1,C14BDS,N
42572,J_NO_1,C15REASONABLE,N
42572,J_NO_1,C15DOUBLESTANDARD,N
49208,J_NO_1,C11PALESTINIANJUSTICE,N
49208,J_NO_1,C11PALESTINIANRIGHTS,N
49208,J_NO_1,C12ZIONCRITICAL,N
49208,J_NO_1,C12SOLUTIONS,N
49208,J_NO_1,C12EQUALRIGHTS,N
49208,J_NO_1,C13ISRAELEVIDENCE,N
49208,J_NO_1,C13ISRAELINSTITUTIONS,N
49208,J_NO_1,C13ISRAELPOLICIES,N
49208,J_NO_1,C13ISRAELOPT,N
49208,J_NO_1,C13ISRAELREGION,N
49208,J_NO_1,C13ISRAELDISCRIMINATION,N
49208,J_NO_1,C13ISRAELNORMS,N
49208,J_NO_1,C13ISRAELCOMPARE,N
49208,J_NO_1,C14BDS,N
49208,J_NO_1,C15REASONABLE,N
49208,J_NO_1,C15DOUBLESTANDARD,N
8460,J_NO_1,C11PALESTINIANJUSTICE,N
8460,J_NO_1,C11PALESTINIANRIGHTS,N
8460,J_NO_1,C12ZIONCRITICAL,N
8460,J_NO_1,C12SOLUTIONS,N
8460,J_NO_1,C12EQUALRIGHTS,N
8460,J_NO_1,C13ISRAELEVIDENCE,N
8460,J_NO_1,C13ISRAELINSTITUTIONS,N
8460,J_NO_1,C13ISRAELPOLICIES,N
8460,J_NO_1,C13ISRAELOPT,N
8460,J_NO_1,C13ISRAELREGION,N
8460,J_NO_1,C13ISRAELDISCRIMINATION,N
8460,J_NO_1,C13ISRAELNORMS,N
8460,J_NO_1,C13ISRAELCOMPARE,N
8460,J_NO_1,C14BDS,N
8460,J_NO_1,C15REASONABLE,N
8460,J_NO_1,C15DOUBLESTANDARD,N
7761,J_NO_1,C11PALESTINIANJUSTICE,N
7761,J_NO_1,C11PALESTINIANRIGHTS,N
7761,J_NO_1,C12ZIONCRITICAL,N
7761,J_NO_1,C12SOLUTIONS,N
7761,J_NO_1,C12EQUALRIGHTS,N
7761,J_NO_1,C13ISRAELEVIDENCE,N
7761,J_NO_1,C13ISRAELINSTITUTIONS,N
7761,J_NO_1,C13ISRAELPOLICIES,N
7761,J_NO_1,C13ISRAELOPT,N
7761,J_NO_1,C13ISRAELREGION,N
7761,J_NO_1,C13ISRAELDISCRIMINATION,N
7761,J_NO_1,C13ISRAELNORMS,N
7761,J_NO_1,C13ISRAELCOMPARE,N
7761,J_NO_1,C14BDS,N
7761,J_NO_1,C15REASONABLE,N
7761,J_NO_1,C15DOUBLESTANDARD,N
28633,J_NO_1,C11PALESTINIANJUSTICE,N
28633,J_NO_1,C11PALESTINIANRIGHTS,N
28633,J_NO_1,C12ZIONCRITICAL,N
28633,J_NO_1,C12SOLUTIONS,N
28633,J_NO_1,C12EQUALRIGHTS,N
28633,J_NO_1,C13ISRAELEVIDENCE,N
28633,J_NO_1,C13ISRAELINSTITUTIONS,N
28633,J_NO_1,C13ISRAELPOLICIES,N
28633,J_NO_1,C13ISRAELOPT,N
28633,J_NO_1,C13ISRAELREGION,N
28633,J_NO_1,C13ISRAELDISCRIMINATION,N
28633,J_NO_1,C13ISRAELNORMS,N
28633,J_NO_1,C13ISRAELCOMPARE,N
28633,J_NO_1,C14BDS,N
28633,J_NO_1,C15REASONABLE,N
28633,J_NO_1,C15DOUBLESTANDARD,N
10177,J_NO_1,C11PALESTINIANJUSTICE,N
10177,J_NO_1,C11PALESTINIANRIGHTS,N
10177,J_NO_1,C12ZIONCRITICAL,N
10177,J_NO_1,C12SOLUTIONS,N
10177,J_NO_1,C12EQUALRIGHTS,N
10177,J_NO_1,C13ISRAELEVIDENCE,N
10177,J_NO_1,C13ISRAELINSTITUTIONS,N
10177,J_NO_1,C13ISRAELPOLICIES,N
10177,J_NO_1,C13ISRAELOPT,N
10177,J_NO_1,C13ISRAELREGION,N
10177,J_NO_1,C13ISRAELDISCRIMINATION,N
10177,J_NO_1,C13ISRAELNORMS,N
10177,J_NO_1,C13ISRAELCOMPARE,N
10177,J_NO_1,C14BDS,N
10177,J_NO_1,C15REASONABLE,N
10177,J_NO_1,C15DOUBLESTANDARD,N
45921,J_NO_1,C11PALESTINIANJUSTICE,N
45921,J_NO_1,C11PALESTINIANRIGHTS,N
45921,J_NO_1,C12ZIONCRITICAL,N
45921,J_NO_1,C12SOLUTIONS,N
45921,J_NO_1,C12EQUALRIGHTS,N
45921,J_NO_1,C13ISRAELEVIDENCE,N
45921,J_NO_1,C13ISRAELINSTITUTIONS,N
45921,J_NO_1,C13ISRAELPOLICIES,N
45921,J_NO_1,C13ISRAELOPT,N
45921,J_NO_1,C13ISRAELREGION,N
45921,J_NO_1,C13ISRAELDISCRIMINATION,N
45921,J_NO_1,C13ISRAELNORMS,N
45921,J_NO_1,C13ISRAELCOMPARE,N
45921,J_NO_1,C14BDS,N
45921,J_NO_1,C15REASONABLE,N
45921,J_NO_1,C15DOUBLESTANDARD,N
24793,J_NO_1,C11PALESTINIANJUSTICE,N
24793,J_NO_1,C11PALESTINIANRIGHTS,N
24793,J_NO_1,C12ZIONCRITICAL,I
24793,J_NO_1,C12SOLUTIONS,N
24793,J_NO_1,C12EQUALRIGHTS,N
24793,J_NO_1,C13ISRAELEVIDENCE,N
24793,J_NO_1,C13ISRAELINSTITUTIONS,N
24793,J_NO_1,C13ISRAELPOLICIES,N
24793,J_NO_1,C13ISRAELOPT,N
24793,J_NO_1,C13ISRAELREGION,N
24793,J_NO_1,C13ISRAELDISCRIMINATION,N
24793,J_NO_1,C13ISRAELNORMS,N
24793,J_NO_1,C13ISRAELCOMPARE,N
24793,J_NO_1,C14BDS,N
24793,J_NO_1,C15REASONABLE,N
24793,J_NO_1,C15DOUBLESTANDARD,N
6506,J_NO_1,C11PALESTINIANJUSTICE,N
6506,J_NO_1,C11PALESTINIANRIGHTS,N
6506,J_NO_1,C12ZIONCRITICAL,N
6506,J_NO_1,C12SOLUTIONS,N
6506,J_NO_1,C12EQUALRIGHTS,N
6506,J_NO_1,C13ISRAELEVIDENCE,N
6506,J_NO_1,C13ISRAELINSTITUTIONS,N
6506,J_NO_1,C13ISRAELPOLICIES,N
6506,J_NO_1,C13ISRAELOPT,N
6506,J_NO_1,C13ISRAELREGION,N
6506,J_NO_1,C13ISRAELDISCRIMINATION,N
6506,J_NO_1,C13ISRAELNORMS,N
6506,J_NO_1,C13ISRAELCOMPARE,N
6506,J_NO_1,C14BDS,N
6506,J_NO_1,C15REASONABLE,N
6506,J_NO_1,C15DOUBLESTANDARD,N
36829,J_NO_1,C11PALESTINIANJUSTICE,N
36829,J_NO_1,C11PALESTINIANRIGHTS,N
36829,J_NO_1,C12ZIONCRITICAL,N
36829,J_NO_1,C12SOLUTIONS,N
36829,J_NO_1,C12EQUALRIGHTS,N
36829,J_NO_1,C13ISRAELEVIDENCE,N
36829,J_NO_1,C13ISRAELINSTITUTIONS,N
36829,J_NO_1,C13ISRAELPOLICIES,N
36829,J_NO_1,C13ISRAELOPT,N
36829,J_NO_1,C13ISRAELREGION,N
36829,J_NO_1,C13ISRAELDISCRIMINATION,N
36829,J_NO_1,C13ISRAELNORMS,N
36829,J_NO_1,C13ISRAELCOMPARE,N
36829,J_NO_1,C14BDS,N
36829,J_NO_1,C15REASONABLE,N
36829,J_NO_1,C15DOUBLESTANDARD,N
24986,J_NO_1,C11PALESTINIANJUSTICE,N
24986,J_NO_1,C11PALESTINIANRIGHTS,N
24986,J_NO_1,C12ZIONCRITICAL,N
24986,J_NO_1,C12SOLUTIONS,N
24986,J_NO_1,C12EQUALRIGHTS,N
24986,J_NO_1,C13ISRAELEVIDENCE,N
24986,J_NO_1,C13ISRAELINSTITUTIONS,N
24986,J_NO_1,C13ISRAELPOLICIES,N
24986,J_NO_1,C13ISRAELOPT,N
24986,J_NO_1,C13ISRAELREGION,N
24986,J_NO_1,C13ISRAELDISCRIMINATION,N
24986,J_NO_1,C13ISRAELNORMS,N
24986,J_NO_1,C13ISRAELCOMPARE,N
24986,J_NO_1,C14BDS,N
24986,J_NO_1,C15REASONABLE,N
24986,J_NO_1,C15DOUBLESTANDARD,N
22173,J_NO_1,C11PALESTINIANJUSTICE,N
22173,J_NO_1,C11PALESTINIANRIGHTS,N
22173,J_NO_1,C12ZIONCRITICAL,N
22173,J_NO_1,C12SOLUTIONS,N
22173,J_NO_1,C12EQUALRIGHTS,N
22173,J_NO_1,C13ISRAELEVIDENCE,N
22173,J_NO_1,C13ISRAELINSTITUTIONS,N
22173,J_NO_1,C13ISRAELPOLICIES,N
22173,J_NO_1,C13ISRAELOPT,N
22173,J_NO_1,C13ISRAELREGION,N
22173,J_NO_1,C13ISRAELDISCRIMINATION,N
22173,J_NO_1,C13ISRAELNORMS,N
22173,J_NO_1,C13ISRAELCOMPARE,N
22173,J_NO_1,C14BDS,N
22173,J_NO_1,C15REASONABLE,N
22173,J_NO_1,C15DOUBLESTANDARD,N
46775,J_NO_1,C11PALESTINIANJUSTICE,N
46775,J_NO_1,C11PALESTINIANRIGHTS,N
46775,J_NO_1,C12ZIONCRITICAL,I
46775,J_NO_1,C12SOLUTIONS,N
46775,J_NO_1,C12EQUALRIGHTS,N
46775,J_NO_1,C13ISRAELEVIDENCE,N
46775,J_NO_1,C13ISRAELINSTITUTIONS,I
46775,J_NO_1,C13ISRAELPOLICIES,N
46775,J_NO_1,C13ISRAELOPT,N
46775,J_NO_1,C13ISRAELREGION,N
46775,J_NO_1,C13ISRAELDISCRIMINATION,N
46775,J_NO_1,C13ISRAELNORMS,N
46775,J_NO_1,C13ISRAELCOMPARE,N
46775,J_NO_1,C14BDS,N
46775,J_NO_1,C15REASONABLE,N
46775,J_NO_1,C15DOUBLESTANDARD,N
1610,J_NO_1,C11PALESTINIANJUSTICE,N
1610,J_NO_1,C11PALESTINIANRIGHTS,N
1610,J_NO_1,C12ZIONCRITICAL,N
1610,J_NO_1,C12SOLUTIONS,N
1610,J_NO_1,C12EQUALRIGHTS,N
1610,J_NO_1,C13ISRAELEVIDENCE,N
1610,J_NO_1,C13ISRAELINSTITUTIONS,N
1610,J_NO_1,C13ISRAELPOLICIES,N
1610,J_NO_1,C13ISRAELOPT,N
1610,J_NO_1,C13ISRAELREGION,N
1610,J_NO_1,C13ISRAELDISCRIMINATION,N
1610,J_NO_1,C13ISRAELNORMS,N
1610,J_NO_1,C13ISRAELCOMPARE,N
1610,J_NO_1,C14BDS,N
1610,J_NO_1,C15REASONABLE,N
1610,J_NO_1,C15DOUBLESTANDARD,N
7061,J_NO_1,C11PALESTINIANJUSTICE,N
7061,J_NO_1,C11PALESTINIANRIGHTS,N
7061,J_NO_1,C12ZIONCRITICAL,N
7061,J_NO_1,C12SOLUTIONS,N
7061,J_NO_1,C12EQUALRIGHTS,N
7061,J_NO_1,C13ISRAELEVIDENCE,N
7061,J_NO_1,C13ISRAELINSTITUTIONS,N
7061,J_NO_1,C13ISRAELPOLICIES,N
7061,J_NO_1,C13ISRAELOPT,N
7061,J_NO_1,C13ISRAELREGION,N
7061,J_NO_1,C13ISRAELDISCRIMINATION,N
7061,J_NO_1,C13ISRAELNORMS,N
7061,J_NO_1,C13ISRAELCOMPARE,N
7061,J_NO_1,C14BDS,N
7061,J_NO_1,C15REASONABLE,N
7061,J_NO_1,C15DOUBLESTANDARD,N
205,J_NO_1,C11PALESTINIANJUSTICE,N
205,J_NO_1,C11PALESTINIANRIGHTS,N
205,J_NO_1,C12ZIONCRITICAL,N
205,J_NO_1,C12SOLUTIONS,N
205,J_NO_1,C12EQUALRIGHTS,N
205,J_NO_1,C13ISRAELEVIDENCE,N
205,J_NO_1,C13ISRAELINSTITUTIONS,N
205,J_NO_1,C13ISRAELPOLICIES,N
205,J_NO_1,C13ISRAELOPT,N
205,J_NO_1,C13ISRAELREGION,N
205,J_NO_1,C13ISRAELDISCRIMINATION,N
205,J_NO_1,C13ISRAELNORMS,N
205,J_NO_1,C13ISRAELCOMPARE,N
205,J_NO_1,C14BDS,N
205,J_NO_1,C15REASONABLE,N
205,J_NO_1,C15DOUBLESTANDARD,N
33352,J_NO_1,C11PALESTINIANJUSTICE,N
33352,J_NO_1,C11PALESTINIANRIGHTS,N
33352,J_NO_1,C12ZIONCRITICAL,N
33352,J_NO_1,C12SOLUTIONS,N
33352,J_NO_1,C12EQUALRIGHTS,N
33352,J_NO_1,C13ISRAELEVIDENCE,N
33352,J_NO_1,C13ISRAELINSTITUTIONS,N
33352,J_NO_1,C13ISRAELPOLICIES,N
33352,J_NO_1,C13ISRAELOPT,N
33352,J_NO_1,C13ISRAELREGION,N
33352,J_NO_1,C13ISRAELDISCRIMINATION,N
33352,J_NO_1,C13ISRAELNORMS,N
33352,J_NO_1,C13ISRAELCOMPARE,N
33352,J_NO_1,C14BDS,N
33352,J_NO_1,C15REASONABLE,N
33352,J_NO_1,C15DOUBLESTANDARD,N
30040,J_NO_1,C11PALESTINIANJUSTICE,N
30040,J_NO_1,C11PALESTINIANRIGHTS,N
30040,J_NO_1,C12ZIONCRITICAL,N
30040,J_NO_1,C12SOLUTIONS,N
30040,J_NO_1,C12EQUALRIGHTS,N
30040,J_NO_1,C13ISRAELEVIDENCE,N
30040,J_NO_1,C13ISRAELINSTITUTIONS,N
30040,J_NO_1,C13ISRAELPOLICIES,N
30040,J_NO_1,C13ISRAELOPT,N
30040,J_NO_1,C13ISRAELREGION,N
30040,J_NO_1,C13ISRAELDISCRIMINATION,N
30040,J_NO_1,C13ISRAELNORMS,N
30040,J_NO_1,C13ISRAELCOMPARE,N
30040,J_NO_1,C14BDS,N
30040,J_NO_1,C15REASONABLE,N
30040,J_NO_1,C15DOUBLESTANDARD,N
47928,J_NO_1,C11PALESTINIANJUSTICE,N
47928,J_NO_1,C11PALESTINIANRIGHTS,N
47928,J_NO_1,C12ZIONCRITICAL,N
47928,J_NO_1,C12SOLUTIONS,N
47928,J_NO_1,C12EQUALRIGHTS,N
47928,J_NO_1,C13ISRAELEVIDENCE,N
47928,J_NO_1,C13ISRAELINSTITUTIONS,N
47928,J_NO_1,C13ISRAELPOLICIES,N
47928,J_NO_1,C13ISRAELOPT,N
47928,J_NO_1,C13ISRAELREGION,N
47928,J_NO_1,C13ISRAELDISCRIMINATION,N
47928,J_NO_1,C13ISRAELNORMS,N
47928,J_NO_1,C13ISRAELCOMPARE,N
47928,J_NO_1,C14BDS,N
47928,J_NO_1,C15REASONABLE,N
47928,J_NO_1,C15DOUBLESTANDARD,N
45219,J_NO_1,C11PALESTINIANJUSTICE,N
45219,J_NO_1,C11PALESTINIANRIGHTS,N
45219,J_NO_1,C12ZIONCRITICAL,N
45219,J_NO_1,C12SOLUTIONS,N
45219,J_NO_1,C12EQUALRIGHTS,N
45219,J_NO_1,C13ISRAELEVIDENCE,N
45219,J_NO_1,C13ISRAELINSTITUTIONS,N
45219,J_NO_1,C13ISRAELPOLICIES,N
45219,J_NO_1,C13ISRAELOPT,N
45219,J_NO_1,C13ISRAELREGION,N
45219,J_NO_1,C13ISRAELDISCRIMINATION,N
45219,J_NO_1,C13ISRAELNORMS,N
45219,J_NO_1,C13ISRAELCOMPARE,N
45219,J_NO_1,C14BDS,N
45219,J_NO_1,C15REASONABLE,N
45219,J_NO_1,C15DOUBLESTANDARD,N
48597,J_NO_1,C11PALESTINIANJUSTICE,N
48597,J_NO_1,C11PALESTINIANRIGHTS,N
48597,J_NO_1,C12ZIONCRITICAL,N
48597,J_NO_1,C12SOLUTIONS,N
48597,J_NO_1,C12EQUALRIGHTS,N
48597,J_NO_1,C13ISRAELEVIDENCE,N
48597,J_NO_1,C13ISRAELINSTITUTIONS,N
48597,J_NO_1,C13ISRAELPOLICIES,N
48597,J_NO_1,C13ISRAELOPT,N
48597,J_NO_1,C13ISRAELREGION,N
48597,J_NO_1,C13ISRAELDISCRIMINATION,N
48597,J_NO_1,C13ISRAELNORMS,N
48597,J_NO_1,C13ISRAELCOMPARE,N
48597,J_NO_1,C14BDS,N
48597,J_NO_1,C15REASONABLE,N
48597,J_NO_1,C15DOUBLESTANDARD,N
35164,J_NO_1,C11PALESTINIANJUSTICE,N
35164,J_NO_1,C11PALESTINIANRIGHTS,N
35164,J_NO_1,C12ZIONCRITICAL,N
35164,J_NO_1,C12SOLUTIONS,N
35164,J_NO_1,C12EQUALRIGHTS,N
35164,J_NO_1,C13ISRAELEVIDENCE,N
35164,J_NO_1,C13ISRAELINSTITUTIONS,N
35164,J_NO_1,C13ISRAELPOLICIES,N
35164,J_NO_1,C13ISRAELOPT,N
35164,J_NO_1,C13ISRAELREGION,N
35164,J_NO_1,C13ISRAELDISCRIMINATION,N
35164,J_NO_1,C13ISRAELNORMS,N
35164,J_NO_1,C13ISRAELCOMPARE,N
35164,J_NO_1,C14BDS,N
35164,J_NO_1,C15REASONABLE,N
35164,J_NO_1,C15DOUBLESTANDARD,N
45945,J_NO_1,C11PALESTINIANJUSTICE,N
45945,J_NO_1,C11PALESTINIANRIGHTS,N
45945,J_NO_1,C12ZIONCRITICAL,N
45945,J_NO_1,C12SOLUTIONS,N
45945,J_NO_1,C12EQUALRIGHTS,N
45945,J_NO_1,C13ISRAELEVIDENCE,N
45945,J_NO_1,C13ISRAELINSTITUTIONS,N
45945,J_NO_1,C13ISRAELPOLICIES,N
45945,J_NO_1,C13ISRAELOPT,N
45945,J_NO_1,C13ISRAELREGION,N
45945,J_NO_1,C13ISRAELDISCRIMINATION,N
45945,J_NO_1,C13ISRAELNORMS,N
45945,J_NO_1,C13ISRAELCOMPARE,N
45945,J_NO_1,C14BDS,N
45945,J_NO_1,C15REASONABLE,N
45945,J_NO_1,C15DOUBLESTANDARD,N
26543,J_NO_1,C11PALESTINIANJUSTICE,N
26543,J_NO_1,C11PALESTINIANRIGHTS,N
26543,J_NO_1,C12ZIONCRITICAL,N
26543,J_NO_1,C12SOLUTIONS,N
26543,J_NO_1,C12EQUALRIGHTS,N
26543,J_NO_1,C13ISRAELEVIDENCE,N
26543,J_NO_1,C13ISRAELINSTITUTIONS,N
26543,J_NO_1,C13ISRAELPOLICIES,N
26543,J_NO_1,C13ISRAELOPT,N
26543,J_NO_1,C13ISRAELREGION,N
26543,J_NO_1,C13ISRAELDISCRIMINATION,N
26543,J_NO_1,C13ISRAELNORMS,N
26543,J_NO_1,C13ISRAELCOMPARE,N
26543,J_NO_1,C14BDS,N
26543,J_NO_1,C15REASONABLE,N
26543,J_NO_1,C15DOUBLESTANDARD,N
25204,J_NO_1,C11PALESTINIANJUSTICE,N
25204,J_NO_1,C11PALESTINIANRIGHTS,N
25204,J_NO_1,C12ZIONCRITICAL,N
25204,J_NO_1,C12SOLUTIONS,N
25204,J_NO_1,C12EQUALRIGHTS,N
25204,J_NO_1,C13ISRAELEVIDENCE,N
25204,J_NO_1,C13ISRAELINSTITUTIONS,N
25204,J_NO_1,C13ISRAELPOLICIES,N
25204,J_NO_1,C13ISRAELOPT,N
25204,J_NO_1,C13ISRAELREGION,N
25204,J_NO_1,C13ISRAELDISCRIMINATION,N
25204,J_NO_1,C13ISRAELNORMS,N
25204,J_NO_1,C13ISRAELCOMPARE,N
25204,J_NO_1,C14BDS,N
25204,J_NO_1,C15REASONABLE,N
25204,J_NO_1,C15DOUBLESTANDARD,N
32818,J_NO_1,C11PALESTINIANJUSTICE,N
32818,J_NO_1,C11PALESTINIANRIGHTS,N
32818,J_NO_1,C12ZIONCRITICAL,N
32818,J_NO_1,C12SOLUTIONS,N
32818,J_NO_1,C12EQUALRIGHTS,N
32818,J_NO_1,C13ISRAELEVIDENCE,N
32818,J_NO_1,C13ISRAELINSTITUTIONS,N
32818,J_NO_1,C13ISRAELPOLICIES,N
32818,J_NO_1,C13ISRAELOPT,N
32818,J_NO_1,C13ISRAELREGION,N
32818,J_NO_1,C13ISRAELDISCRIMINATION,N
32818,J_NO_1,C13ISRAELNORMS,N
32818,J_NO_1,C13ISRAELCOMPARE,N
32818,J_NO_1,C14BDS,N
32818,J_NO_1,C15REASONABLE,N
32818,J_NO_1,C15DOUBLESTANDARD,N
8113,J_NO_1,C11PALESTINIANJUSTICE,N
8113,J_NO_1,C11PALESTINIANRIGHTS,N
8113,J_NO_1,C12ZIONCRITICAL,N
8113,J_NO_1,C12SOLUTIONS,N
8113,J_NO_1,C12EQUALRIGHTS,N
8113,J_NO_1,C13ISRAELEVIDENCE,N
8113,J_NO_1,C13ISRAELINSTITUTIONS,N
8113,J_NO_1,C13ISRAELPOLICIES,N
8113,J_NO_1,C13ISRAELOPT,N
8113,J_NO_1,C13ISRAELREGION,N
8113,J_NO_1,C13ISRAELDISCRIMINATION,N
8113,J_NO_1,C13ISRAELNORMS,N
8113,J_NO_1,C13ISRAELCOMPARE,N
8113,J_NO_1,C14BDS,N
8113,J_NO_1,C15REASONABLE,N
8113,J_NO_1,C15DOUBLESTANDARD,N
17725,J_NO_1,C11PALESTINIANJUSTICE,N
17725,J_NO_1,C11PALESTINIANRIGHTS,N
17725,J_NO_1,C12ZIONCRITICAL,N
17725,J_NO_1,C12SOLUTIONS,N
17725,J_NO_1,C12EQUALRIGHTS,N
17725,J_NO_1,C13ISRAELEVIDENCE,N
17725,J_NO_1,C13ISRAELINSTITUTIONS,N
17725,J_NO_1,C13ISRAELPOLICIES,N
17725,J_NO_1,C13ISRAELOPT,N
17725,J_NO_1,C13ISRAELREGION,N
17725,J_NO_1,C13ISRAELDISCRIMINATION,N
17725,J_NO_1,C13ISRAELNORMS,N
17725,J_NO_1,C13ISRAELCOMPARE,N
17725,J_NO_1,C14BDS,N
17725,J_NO_1,C15REASONABLE,N
17725,J_NO_1,C15DOUBLESTANDARD,N
23689,J_NO_1,C11PALESTINIANJUSTICE,N
23689,J_NO_1,C11PALESTINIANRIGHTS,N
23689,J_NO_1,C12ZIONCRITICAL,N
23689,J_NO_1,C12SOLUTIONS,N
23689,J_NO_1,C12EQUALRIGHTS,N
23689,J_NO_1,C13ISRAELEVIDENCE,N
23689,J_NO_1,C13ISRAELINSTITUTIONS,N
23689,J_NO_1,C13ISRAELPOLICIES,N
23689,J_NO_1,C13ISRAELOPT,N
23689,J_NO_1,C13ISRAELREGION,N
23689,J_NO_1,C13ISRAELDISCRIMINATION,N
23689,J_NO_1,C13ISRAELNORMS,N
23689,J_NO_1,C13ISRAELCOMPARE,N
23689,J_NO_1,C14BDS,N
23689,J_NO_1,C15REASONABLE,N
23689,J_NO_1,C15DOUBLESTANDARD,N
44553,J_NO_1,C11PALESTINIANJUSTICE,N
44553,J_NO_1,C11PALESTINIANRIGHTS,N
44553,J_NO_1,C12ZIONCRITICAL,N
44553,J_NO_1,C12SOLUTIONS,N
44553,J_NO_1,C12EQUALRIGHTS,N
44553,J_NO_1,C13ISRAELEVIDENCE,N
44553,J_NO_1,C13ISRAELINSTITUTIONS,N
44553,J_NO_1,C13ISRAELPOLICIES,N
44553,J_NO_1,C13ISRAELOPT,N
44553,J_NO_1,C13ISRAELREGION,N
44553,J_NO_1,C13ISRAELDISCRIMINATION,N
44553,J_NO_1,C13ISRAELNORMS,N
44553,J_NO_1,C13ISRAELCOMPARE,N
44553,J_NO_1,C14BDS,N
44553,J_NO_1,C15REASONABLE,N
44553,J_NO_1,C15DOUBLESTANDARD,N
20337,J_NO_1,C11PALESTINIANJUSTICE,N
20337,J_NO_1,C11PALESTINIANRIGHTS,N
20337,J_NO_1,C12ZIONCRITICAL,N
20337,J_NO_1,C12SOLUTIONS,N
20337,J_NO_1,C12EQUALRIGHTS,N
20337,J_NO_1,C13ISRAELEVIDENCE,N
20337,J_NO_1,C13ISRAELINSTITUTIONS,N
20337,J_NO_1,C13ISRAELPOLICIES,N
20337,J_NO_1,C13ISRAELOPT,N
20337,J_NO_1,C13ISRAELREGION,N
20337,J_NO_1,C13ISRAELDISCRIMINATION,N
20337,J_NO_1,C13ISRAELNORMS,N
20337,J_NO_1,C13ISRAELCOMPARE,N
20337,J_NO_1,C14BDS,N
20337,J_NO_1,C15REASONABLE,N
20337,J_NO_1,C15DOUBLESTANDARD,N
47619,J_NO_1,C11PALESTINIANJUSTICE,N
47619,J_NO_1,C11PALESTINIANRIGHTS,N
47619,J_NO_1,C12ZIONCRITICAL,N
47619,J_NO_1,C12SOLUTIONS,N
47619,J_NO_1,C12EQUALRIGHTS,N
47619,J_NO_1,C13ISRAELEVIDENCE,N
47619,J_NO_1,C13ISRAELINSTITUTIONS,N
47619,J_NO_1,C13ISRAELPOLICIES,N
47619,J_NO_1,C13ISRAELOPT,N
47619,J_NO_1,C13ISRAELREGION,N
47619,J_NO_1,C13ISRAELDISCRIMINATION,N
47619,J_NO_1,C13ISRAELNORMS,N
47619,J_NO_1,C13ISRAELCOMPARE,N
47619,J_NO_1,C14BDS,N
47619,J_NO_1,C15REASONABLE,N
47619,J_NO_1,C15DOUBLESTANDARD,N
1285,J_NO_1,C11PALESTINIANJUSTICE,N
1285,J_NO_1,C11PALESTINIANRIGHTS,N
1285,J_NO_1,C12ZIONCRITICAL,N
1285,J_NO_1,C12SOLUTIONS,N
1285,J_NO_1,C12EQUALRIGHTS,N
1285,J_NO_1,C13ISRAELEVIDENCE,N
1285,J_NO_1,C13ISRAELINSTITUTIONS,N
1285,J_NO_1,C13ISRAELPOLICIES,N
1285,J_NO_1,C13ISRAELOPT,N
1285,J_NO_1,C13ISRAELREGION,N
1285,J_NO_1,C13ISRAELDISCRIMINATION,N
1285,J_NO_1,C13ISRAELNORMS,N
1285,J_NO_1,C13ISRAELCOMPARE,N
1285,J_NO_1,C14BDS,N
1285,J_NO_1,C15REASONABLE,A
1285,J_NO_1,C15DOUBLESTANDARD,N
7681,J_NO_1,C11PALESTINIANJUSTICE,N
7681,J_NO_1,C11PALESTINIANRIGHTS,N
7681,J_NO_1,C12ZIONCRITICAL,N
7681,J_NO_1,C12SOLUTIONS,N
7681,J_NO_1,C12EQUALRIGHTS,N
7681,J_NO_1,C13ISRAELEVIDENCE,N
7681,J_NO_1,C13ISRAELINSTITUTIONS,N
7681,J_NO_1,C13ISRAELPOLICIES,N
7681,J_NO_1,C13ISRAELOPT,N
7681,J_NO_1,C13ISRAELREGION,N
7681,J_NO_1,C13ISRAELDISCRIMINATION,N
7681,J_NO_1,C13ISRAELNORMS,N
7681,J_NO_1,C13ISRAELCOMPARE,N
7681,J_NO_1,C14BDS,N
7681,J_NO_1,C15REASONABLE,N
7681,J_NO_1,C15DOUBLESTANDARD,N
49202,J_NO_1,C11PALESTINIANJUSTICE,N
49202,J_NO_1,C11PALESTINIANRIGHTS,N
49202,J_NO_1,C12ZIONCRITICAL,N
49202,J_NO_1,C12SOLUTIONS,N
49202,J_NO_1,C12EQUALRIGHTS,N
49202,J_NO_1,C13ISRAELEVIDENCE,N
49202,J_NO_1,C13ISRAELINSTITUTIONS,N
49202,J_NO_1,C13ISRAELPOLICIES,N
49202,J_NO_1,C13ISRAELOPT,N
49202,J_NO_1,C13ISRAELREGION,N
49202,J_NO_1,C13ISRAELDISCRIMINATION,N
49202,J_NO_1,C13ISRAELNORMS,N
49202,J_NO_1,C13ISRAELCOMPARE,N
49202,J_NO_1,C14BDS,N
49202,J_NO_1,C15REASONABLE,N
49202,J_NO_1,C15DOUBLESTANDARD,N
11598,J_NO_1,C11PALESTINIANJUSTICE,N
11598,J_NO_1,C11PALESTINIANRIGHTS,N
11598,J_NO_1,C12ZIONCRITICAL,N
11598,J_NO_1,C12SOLUTIONS,N
11598,J_NO_1,C12EQUALRIGHTS,N
11598,J_NO_1,C13ISRAELEVIDENCE,N
11598,J_NO_1,C13ISRAELINSTITUTIONS,N
11598,J_NO_1,C13ISRAELPOLICIES,N
11598,J_NO_1,C13ISRAELOPT,N
11598,J_NO_1,C13ISRAELREGION,N
11598,J_NO_1,C13ISRAELDISCRIMINATION,N
11598,J_NO_1,C13ISRAELNORMS,N
11598,J_NO_1,C13ISRAELCOMPARE,N
11598,J_NO_1,C14BDS,N
11598,J_NO_1,C15REASONABLE,N
11598,J_NO_1,C15DOUBLESTANDARD,N
49529,J_NO_1,C11PALESTINIANJUSTICE,N
49529,J_NO_1,C11PALESTINIANRIGHTS,N
49529,J_NO_1,C12ZIONCRITICAL,N
49529,J_NO_1,C12SOLUTIONS,N
49529,J_NO_1,C12EQUALRIGHTS,N
49529,J_NO_1,C13ISRAELEVIDENCE,N
49529,J_NO_1,C13ISRAELINSTITUTIONS,N
49529,J_NO_1,C13ISRAELPOLICIES,N
49529,J_NO_1,C13ISRAELOPT,N
49529,J_NO_1,C13ISRAELREGION,N
49529,J_NO_1,C13ISRAELDISCRIMINATION,N
49529,J_NO_1,C13ISRAELNORMS,N
49529,J_NO_1,C13ISRAELCOMPARE,N
49529,J_NO_1,C14BDS,N
49529,J_NO_1,C15REASONABLE,N
49529,J_NO_1,C15DOUBLESTANDARD,N
48567,J_NO_1,C11PALESTINIANJUSTICE,N
48567,J_NO_1,C11PALESTINIANRIGHTS,N
48567,J_NO_1,C12ZIONCRITICAL,N
48567,J_NO_1,C12SOLUTIONS,N
48567,J_NO_1,C12EQUALRIGHTS,N
48567,J_NO_1,C13ISRAELEVIDENCE,N
48567,J_NO_1,C13ISRAELINSTITUTIONS,N
48567,J_NO_1,C13ISRAELPOLICIES,N
48567,J_NO_1,C13ISRAELOPT,N
48567,J_NO_1,C13ISRAELREGION,N
48567,J_NO_1,C13ISRAELDISCRIMINATION,N
48567,J_NO_1,C13ISRAELNORMS,N
48567,J_NO_1,C13ISRAELCOMPARE,N
48567,J_NO_1,C14BDS,N
48567,J_NO_1,C15REASONABLE,N
48567,J_NO_1,C15DOUBLESTANDARD,N
8289,J_NO_1,C11PALESTINIANJUSTICE,N
8289,J_NO_1,C11PALESTINIANRIGHTS,N
8289,J_NO_1,C12ZIONCRITICAL,A
8289,J_NO_1,C12SOLUTIONS,N
8289,J_NO_1,C12EQUALRIGHTS,N
8289,J_NO_1,C13ISRAELEVIDENCE,N
8289,J_NO_1,C13ISRAELINSTITUTIONS,N
8289,J_NO_1,C13ISRAELPOLICIES,N
8289,J_NO_1,C13ISRAELOPT,N
8289,J_NO_1,C13ISRAELREGION,N
8289,J_NO_1,C13ISRAELDISCRIMINATION,N
8289,J_NO_1,C13ISRAELNORMS,N
8289,J_NO_1,C13ISRAELCOMPARE,N
8289,J_NO_1,C14BDS,N
8289,J_NO_1,C15REASONABLE,N
8289,J_NO_1,C15DOUBLESTANDARD,N
12994,J_NO_1,C11PALESTINIANJUSTICE,N
12994,J_NO_1,C11PALESTINIANRIGHTS,N
12994,J_NO_1,C12ZIONCRITICAL,N
12994,J_NO_1,C12SOLUTIONS,N
12994,J_NO_1,C12EQUALRIGHTS,N
12994,J_NO_1,C13ISRAELEVIDENCE,N
12994,J_NO_1,C13ISRAELINSTITUTIONS,N
12994,J_NO_1,C13ISRAELPOLICIES,N
12994,J_NO_1,C13ISRAELOPT,N
12994,J_NO_1,C13ISRAELREGION,N
12994,J_NO_1,C13ISRAELDISCRIMINATION,N
12994,J_NO_1,C13ISRAELNORMS,N
12994,J_NO_1,C13ISRAELCOMPARE,N
12994,J_NO_1,C14BDS,N
12994,J_NO_1,C15REASONABLE,N
12994,J_NO_1,C15DOUBLESTANDARD,N
47084,J_NO_1,C11PALESTINIANJUSTICE,N
47084,J_NO_1,C11PALESTINIANRIGHTS,N
47084,J_NO_1,C12ZIONCRITICAL,N
47084,J_NO_1,C12SOLUTIONS,N
47084,J_NO_1,C12EQUALRIGHTS,N
47084,J_NO_1,C13ISRAELEVIDENCE,N
47084,J_NO_1,C13ISRAELINSTITUTIONS,N
47084,J_NO_1,C13ISRAELPOLICIES,N
47084,J_NO_1,C13ISRAELOPT,N
47084,J_NO_1,C13ISRAELREGION,N
47084,J_NO_1,C13ISRAELDISCRIMINATION,N
47084,J_NO_1,C13ISRAELNORMS,N
47084,J_NO_1,C13ISRAELCOMPARE,N
47084,J_NO_1,C14BDS,N
47084,J_NO_1,C15REASONABLE,N
47084,J_NO_1,C15DOUBLESTANDARD,N
304,J_NO_1,C11PALESTINIANJUSTICE,N
304,J_NO_1,C11PALESTINIANRIGHTS,N
304,J_NO_1,C12ZIONCRITICAL,N
304,J_NO_1,C12SOLUTIONS,N
304,J_NO_1,C12EQUALRIGHTS,N
304,J_NO_1,C13ISRAELEVIDENCE,N
304,J_NO_1,C13ISRAELINSTITUTIONS,N
304,J_NO_1,C13ISRAELPOLICIES,N
304,J_NO_1,C13ISRAELOPT,N
304,J_NO_1,C13ISRAELREGION,N
304,J_NO_1,C13ISRAELDISCRIMINATION,N
304,J_NO_1,C13ISRAELNORMS,N
304,J_NO_1,C13ISRAELCOMPARE,N
304,J_NO_1,C14BDS,N
304,J_NO_1,C15REASONABLE,N
304,J_NO_1,C15DOUBLESTANDARD,N
2129,J_NO_1,C11PALESTINIANJUSTICE,N
2129,J_NO_1,C11PALESTINIANRIGHTS,N
2129,J_NO_1,C12ZIONCRITICAL,N
2129,J_NO_1,C12SOLUTIONS,N
2129,J_NO_1,C12EQUALRIGHTS,N
2129,J_NO_1,C13ISRAELEVIDENCE,N
2129,J_NO_1,C13ISRAELINSTITUTIONS,N
2129,J_NO_1,C13ISRAELPOLICIES,N
2129,J_NO_1,C13ISRAELOPT,N
2129,J_NO_1,C13ISRAELREGION,N
2129,J_NO_1,C13ISRAELDISCRIMINATION,N
2129,J_NO_1,C13ISRAELNORMS,N
2129,J_NO_1,C13ISRAELCOMPARE,N
2129,J_NO_1,C14BDS,N
2129,J_NO_1,C15REASONABLE,N
2129,J_NO_1,C15DOUBLESTANDARD,N
48327,J_NO_1,C11PALESTINIANJUSTICE,N
48327,J_NO_1,C11PALESTINIANRIGHTS,N
48327,J_NO_1,C12ZIONCRITICAL,N
48327,J_NO_1,C12SOLUTIONS,N
48327,J_NO_1,C12EQUALRIGHTS,N
48327,J_NO_1,C13ISRAELEVIDENCE,N
48327,J_NO_1,C13ISRAELINSTITUTIONS,N
48327,J_NO_1,C13ISRAELPOLICIES,N
48327,J_NO_1,C13ISRAELOPT,N
48327,J_NO_1,C13ISRAELREGION,N
48327,J_NO_1,C13ISRAELDISCRIMINATION,N
48327,J_NO_1,C13ISRAELNORMS,N
48327,J_NO_1,C13ISRAELCOMPARE,N
48327,J_NO_1,C14BDS,N
48327,J_NO_1,C15REASONABLE,N
48327,J_NO_1,C15DOUBLESTANDARD,N
45922,J_NO_1,C11PALESTINIANJUSTICE,N
45922,J_NO_1,C11PALESTINIANRIGHTS,N
45922,J_NO_1,C12ZIONCRITICAL,N
45922,J_NO_1,C12SOLUTIONS,N
45922,J_NO_1,C12EQUALRIGHTS,N
45922,J_NO_1,C13ISRAELEVIDENCE,N
45922,J_NO_1,C13ISRAELINSTITUTIONS,N
45922,J_NO_1,C13ISRAELPOLICIES,N
45922,J_NO_1,C13ISRAELOPT,N
45922,J_NO_1,C13ISRAELREGION,N
45922,J_NO_1,C13ISRAELDISCRIMINATION,N
45922,J_NO_1,C13ISRAELNORMS,N
45922,J_NO_1,C13ISRAELCOMPARE,N
45922,J_NO_1,C14BDS,N
45922,J_NO_1,C15REASONABLE,N
45922,J_NO_1,C15DOUBLESTANDARD,N
26245,J_NO_1,C11PALESTINIANJUSTICE,N
26245,J_NO_1,C11PALESTINIANRIGHTS,N
26245,J_NO_1,C12ZIONCRITICAL,I
26245,J_NO_1,C12SOLUTIONS,N
26245,J_NO_1,C12EQUALRIGHTS,N
26245,J_NO_1,C13ISRAELEVIDENCE,N
26245,J_NO_1,C13ISRAELINSTITUTIONS,N
26245,J_NO_1,C13ISRAELPOLICIES,N
26245,J_NO_1,C13ISRAELOPT,N
26245,J_NO_1,C13ISRAELREGION,N
26245,J_NO_1,C13ISRAELDISCRIMINATION,N
26245,J_NO_1,C13ISRAELNORMS,N
26245,J_NO_1,C13ISRAELCOMPARE,N
26245,J_NO_1,C14BDS,N
26245,J_NO_1,C15REASONABLE,N
26245,J_NO_1,C15DOUBLESTANDARD,N
25894,J_NO_1,C11PALESTINIANJUSTICE,N
25894,J_NO_1,C11PALESTINIANRIGHTS,N
25894,J_NO_1,C12ZIONCRITICAL,N
25894,J_NO_1,C12SOLUTIONS,N
25894,J_NO_1,C12EQUALRIGHTS,N
25894,J_NO_1,C13ISRAELEVIDENCE,N
25894,J_NO_1,C13ISRAELINSTITUTIONS,N
25894,J_NO_1,C13ISRAELPOLICIES,N
25894,J_NO_1,C13ISRAELOPT,N
25894,J_NO_1,C13ISRAELREGION,N
25894,J_NO_1,C13ISRAELDISCRIMINATION,N
25894,J_NO_1,C13ISRAELNORMS,N
25894,J_NO_1,C13ISRAELCOMPARE,N
25894,J_NO_1,C14BDS,N
25894,J_NO_1,C15REASONABLE,N
25894,J_NO_1,C15DOUBLESTANDARD,N
48426,J_NO_1,C11PALESTINIANJUSTICE,N
48426,J_NO_1,C11PALESTINIANRIGHTS,N
48426,J_NO_1,C12ZIONCRITICAL,N
48426,J_NO_1,C12SOLUTIONS,N
48426,J_NO_1,C12EQUALRIGHTS,N
48426,J_NO_1,C13ISRAELEVIDENCE,N
48426,J_NO_1,C13ISRAELINSTITUTIONS,N
48426,J_NO_1,C13ISRAELPOLICIES,N
48426,J_NO_1,C13ISRAELOPT,N
48426,J_NO_1,C13ISRAELREGION,N
48426,J_NO_1,C13ISRAELDISCRIMINATION,N
48426,J_NO_1,C13ISRAELNORMS,N
48426,J_NO_1,C13ISRAELCOMPARE,N
48426,J_NO_1,C14BDS,N
48426,J_NO_1,C15REASONABLE,N
48426,J_NO_1,C15DOUBLESTANDARD,N
5492,J_NO_1,C11PALESTINIANJUSTICE,N
5492,J_NO_1,C11PALESTINIANRIGHTS,N
5492,J_NO_1,C12ZIONCRITICAL,N
5492,J_NO_1,C12SOLUTIONS,N
5492,J_NO_1,C12EQUALRIGHTS,N
5492,J_NO_1,C13ISRAELEVIDENCE,N
5492,J_NO_1,C13ISRAELINSTITUTIONS,N
5492,J_NO_1,C13ISRAELPOLICIES,N
5492,J_NO_1,C13ISRAELOPT,N
5492,J_NO_1,C13ISRAELREGION,N
5492,J_NO_1,C13ISRAELDISCRIMINATION,N
5492,J_NO_1,C13ISRAELNORMS,N
5492,J_NO_1,C13ISRAELCOMPARE,N
5492,J_NO_1,C14BDS,N
5492,J_NO_1,C15REASONABLE,N
5492,J_NO_1,C15DOUBLESTANDARD,N
45158,J_NO_1,C11PALESTINIANJUSTICE,N
45158,J_NO_1,C11PALESTINIANRIGHTS,N
45158,J_NO_1,C12ZIONCRITICAL,N
45158,J_NO_1,C12SOLUTIONS,N
45158,J_NO_1,C12EQUALRIGHTS,N
45158,J_NO_1,C13ISRAELEVIDENCE,N
45158,J_NO_1,C13ISRAELINSTITUTIONS,N
45158,J_NO_1,C13ISRAELPOLICIES,N
45158,J_NO_1,C13ISRAELOPT,N
45158,J_NO_1,C13ISRAELREGION,N
45158,J_NO_1,C13ISRAELDISCRIMINATION,N
45158,J_NO_1,C13ISRAELNORMS,N
45158,J_NO_1,C13ISRAELCOMPARE,N
45158,J_NO_1,C14BDS,N
45158,J_NO_1,C15REASONABLE,N
45158,J_NO_1,C15DOUBLESTANDARD,N
8157,J_NO_1,C11PALESTINIANJUSTICE,N
8157,J_NO_1,C11PALESTINIANRIGHTS,N
8157,J_NO_1,C12ZIONCRITICAL,N
8157,J_NO_1,C12SOLUTIONS,N
8157,J_NO_1,C12EQUALRIGHTS,N
8157,J_NO_1,C13ISRAELEVIDENCE,N
8157,J_NO_1,C13ISRAELINSTITUTIONS,N
8157,J_NO_1,C13ISRAELPOLICIES,N
8157,J_NO_1,C13ISRAELOPT,N
8157,J_NO_1,C13ISRAELREGION,N
8157,J_NO_1,C13ISRAELDISCRIMINATION,N
8157,J_NO_1,C13ISRAELNORMS,N
8157,J_NO_1,C13ISRAELCOMPARE,N
8157,J_NO_1,C14BDS,N
8157,J_NO_1,C15REASONABLE,N
8157,J_NO_1,C15DOUBLESTANDARD,N
44572,J_NO_1,C11PALESTINIANJUSTICE,N
44572,J_NO_1,C11PALESTINIANRIGHTS,N
44572,J_NO_1,C12ZIONCRITICAL,N
44572,J_NO_1,C12SOLUTIONS,N
44572,J_NO_1,C12EQUALRIGHTS,N
44572,J_NO_1,C13ISRAELEVIDENCE,N
44572,J_NO_1,C13ISRAELINSTITUTIONS,N
44572,J_NO_1,C13ISRAELPOLICIES,N
44572,J_NO_1,C13ISRAELOPT,N
44572,J_NO_1,C13ISRAELREGION,N
44572,J_NO_1,C13ISRAELDISCRIMINATION,N
44572,J_NO_1,C13ISRAELNORMS,N
44572,J_NO_1,C13ISRAELCOMPARE,N
44572,J_NO_1,C14BDS,N
44572,J_NO_1,C15REASONABLE,N
44572,J_NO_1,C15DOUBLESTANDARD,N
3405,J_NO_1,C11PALESTINIANJUSTICE,N
3405,J_NO_1,C11PALESTINIANRIGHTS,N
3405,J_NO_1,C12ZIONCRITICAL,N
3405,J_NO_1,C12SOLUTIONS,N
3405,J_NO_1,C12EQUALRIGHTS,N
3405,J_NO_1,C13ISRAELEVIDENCE,N
3405,J_NO_1,C13ISRAELINSTITUTIONS,N
3405,J_NO_1,C13ISRAELPOLICIES,N
3405,J_NO_1,C13ISRAELOPT,N
3405,J_NO_1,C13ISRAELREGION,N
3405,J_NO_1,C13ISRAELDISCRIMINATION,N
3405,J_NO_1,C13ISRAELNORMS,N
3405,J_NO_1,C13ISRAELCOMPARE,N
3405,J_NO_1,C14BDS,N
3405,J_NO_1,C15REASONABLE,N
3405,J_NO_1,C15DOUBLESTANDARD,N
34736,J_NO_1,C11PALESTINIANJUSTICE,N
34736,J_NO_1,C11PALESTINIANRIGHTS,N
34736,J_NO_1,C12ZIONCRITICAL,N
34736,J_NO_1,C12SOLUTIONS,N
34736,J_NO_1,C12EQUALRIGHTS,N
34736,J_NO_1,C13ISRAELEVIDENCE,N
34736,J_NO_1,C13ISRAELINSTITUTIONS,N
34736,J_NO_1,C13ISRAELPOLICIES,N
34736,J_NO_1,C13ISRAELOPT,N
34736,J_NO_1,C13ISRAELREGION,N
34736,J_NO_1,C13ISRAELDISCRIMINATION,N
34736,J_NO_1,C13ISRAELNORMS,N
34736,J_NO_1,C13ISRAELCOMPARE,N
34736,J_NO_1,C14BDS,N
34736,J_NO_1,C15REASONABLE,N
34736,J_NO_1,C15DOUBLESTANDARD,N
47823,J_NO_1,C11PALESTINIANJUSTICE,N
47823,J_NO_1,C11PALESTINIANRIGHTS,N
47823,J_NO_1,C12ZIONCRITICAL,N
47823,J_NO_1,C12SOLUTIONS,N
47823,J_NO_1,C12EQUALRIGHTS,N
47823,J_NO_1,C13ISRAELEVIDENCE,N
47823,J_NO_1,C13ISRAELINSTITUTIONS,N
47823,J_NO_1,C13ISRAELPOLICIES,N
47823,J_NO_1,C13ISRAELOPT,N
47823,J_NO_1,C13ISRAELREGION,N
47823,J_NO_1,C13ISRAELDISCRIMINATION,N
47823,J_NO_1,C13ISRAELNORMS,N
47823,J_NO_1,C13ISRAELCOMPARE,N
47823,J_NO_1,C14BDS,N
47823,J_NO_1,C15REASONABLE,N
47823,J_NO_1,C15DOUBLESTANDARD,N
49978,J_NO_1,C11PALESTINIANJUSTICE,N
49978,J_NO_1,C11PALESTINIANRIGHTS,N
49978,J_NO_1,C12ZIONCRITICAL,N
49978,J_NO_1,C12SOLUTIONS,N
49978,J_NO_1,C12EQUALRIGHTS,N
49978,J_NO_1,C13ISRAELEVIDENCE,N
49978,J_NO_1,C13ISRAELINSTITUTIONS,N
49978,J_NO_1,C13ISRAELPOLICIES,N
49978,J_NO_1,C13ISRAELOPT,N
49978,J_NO_1,C13ISRAELREGION,N
49978,J_NO_1,C13ISRAELDISCRIMINATION,N
49978,J_NO_1,C13ISRAELNORMS,N
49978,J_NO_1,C13ISRAELCOMPARE,N
49978,J_NO_1,C14BDS,N
49978,J_NO_1,C15REASONABLE,N
49978,J_NO_1,C15DOUBLESTANDARD,N
4601,J_NO_1,C11PALESTINIANJUSTICE,N
4601,J_NO_1,C11PALESTINIANRIGHTS,N
4601,J_NO_1,C12ZIONCRITICAL,N
4601,J_NO_1,C12SOLUTIONS,N
4601,J_NO_1,C12EQUALRIGHTS,N
4601,J_NO_1,C13ISRAELEVIDENCE,N
4601,J_NO_1,C13ISRAELINSTITUTIONS,N
4601,J_NO_1,C13ISRAELPOLICIES,N
4601,J_NO_1,C13ISRAELOPT,N
4601,J_NO_1,C13ISRAELREGION,N
4601,J_NO_1,C13ISRAELDISCRIMINATION,N
4601,J_NO_1,C13ISRAELNORMS,N
4601,J_NO_1,C13ISRAELCOMPARE,N
4601,J_NO_1,C14BDS,N
4601,J_NO_1,C15REASONABLE,N
4601,J_NO_1,C15DOUBLESTANDARD,N
26861,J_NO_1,C11PALESTINIANJUSTICE,N
26861,J_NO_1,C11PALESTINIANRIGHTS,N
26861,J_NO_1,C12ZIONCRITICAL,N
26861,J_NO_1,C12SOLUTIONS,N
26861,J_NO_1,C12EQUALRIGHTS,N
26861,J_NO_1,C13ISRAELEVIDENCE,N
26861,J_NO_1,C13ISRAELINSTITUTIONS,N
26861,J_NO_1,C13ISRAELPOLICIES,N
26861,J_NO_1,C13ISRAELOPT,N
26861,J_NO_1,C13ISRAELREGION,N
26861,J_NO_1,C13ISRAELDISCRIMINATION,N
26861,J_NO_1,C13ISRAELNORMS,N
26861,J_NO_1,C13ISRAELCOMPARE,N
26861,J_NO_1,C14BDS,N
26861,J_NO_1,C15REASONABLE,N
26861,J_NO_1,C15DOUBLESTANDARD,N
7615,J_NO_1,C11PALESTINIANJUSTICE,N
7615,J_NO_1,C11PALESTINIANRIGHTS,N
7615,J_NO_1,C12ZIONCRITICAL,N
7615,J_NO_1,C12SOLUTIONS,N
7615,J_NO_1,C12EQUALRIGHTS,N
7615,J_NO_1,C13ISRAELEVIDENCE,N
7615,J_NO_1,C13ISRAELINSTITUTIONS,N
7615,J_NO_1,C13ISRAELPOLICIES,N
7615,J_NO_1,C13ISRAELOPT,N
7615,J_NO_1,C13ISRAELREGION,N
7615,J_NO_1,C13ISRAELDISCRIMINATION,N
7615,J_NO_1,C13ISRAELNORMS,N
7615,J_NO_1,C13ISRAELCOMPARE,N
7615,J_NO_1,C14BDS,N
7615,J_NO_1,C15REASONABLE,N
7615,J_NO_1,C15DOUBLESTANDARD,N
44763,J_NO_1,C11PALESTINIANJUSTICE,N
44763,J_NO_1,C11PALESTINIANRIGHTS,N
44763,J_NO_1,C12ZIONCRITICAL,N
44763,J_NO_1,C12SOLUTIONS,N
44763,J_NO_1,C12EQUALRIGHTS,N
44763,J_NO_1,C13ISRAELEVIDENCE,N
44763,J_NO_1,C13ISRAELINSTITUTIONS,N
44763,J_NO_1,C13ISRAELPOLICIES,N
44763,J_NO_1,C13ISRAELOPT,N
44763,J_NO_1,C13ISRAELREGION,N
44763,J_NO_1,C13ISRAELDISCRIMINATION,N
44763,J_NO_1,C13ISRAELNORMS,N
44763,J_NO_1,C13ISRAELCOMPARE,N
44763,J_NO_1,C14BDS,N
44763,J_NO_1,C15REASONABLE,N
44763,J_NO_1,C15DOUBLESTANDARD,N
2589,J_NO_1,C11PALESTINIANJUSTICE,N
2589,J_NO_1,C11PALESTINIANRIGHTS,N
2589,J_NO_1,C12ZIONCRITICAL,N
2589,J_NO_1,C12SOLUTIONS,N
2589,J_NO_1,C12EQUALRIGHTS,N
2589,J_NO_1,C13ISRAELEVIDENCE,N
2589,J_NO_1,C13ISRAELINSTITUTIONS,N
2589,J_NO_1,C13ISRAELPOLICIES,N
2589,J_NO_1,C13ISRAELOPT,N
2589,J_NO_1,C13ISRAELREGION,N
2589,J_NO_1,C13ISRAELDISCRIMINATION,N
2589,J_NO_1,C13ISRAELNORMS,N
2589,J_NO_1,C13ISRAELCOMPARE,N
2589,J_NO_1,C14BDS,N
2589,J_NO_1,C15REASONABLE,N
2589,J_NO_1,C15DOUBLESTANDARD,N
41961,J_NO_1,C11PALESTINIANJUSTICE,N
41961,J_NO_1,C11PALESTINIANRIGHTS,N
41961,J_NO_1,C12ZIONCRITICAL,N
41961,J_NO_1,C12SOLUTIONS,N
41961,J_NO_1,C12EQUALRIGHTS,N
41961,J_NO_1,C13ISRAELEVIDENCE,N
41961,J_NO_1,C13ISRAELINSTITUTIONS,N
41961,J_NO_1,C13ISRAELPOLICIES,N
41961,J_NO_1,C13ISRAELOPT,N
41961,J_NO_1,C13ISRAELREGION,N
41961,J_NO_1,C13ISRAELDISCRIMINATION,N
41961,J_NO_1,C13ISRAELNORMS,N
41961,J_NO_1,C13ISRAELCOMPARE,N
41961,J_NO_1,C14BDS,N
41961,J_NO_1,C15REASONABLE,N
41961,J_NO_1,C15DOUBLESTANDARD,N
12356,J_NO_1,C11PALESTINIANJUSTICE,N
12356,J_NO_1,C11PALESTINIANRIGHTS,N
12356,J_NO_1,C12ZIONCRITICAL,N
12356,J_NO_1,C12SOLUTIONS,N
12356,J_NO_1,C12EQUALRIGHTS,N
12356,J_NO_1,C13ISRAELEVIDENCE,N
12356,J_NO_1,C13ISRAELINSTITUTIONS,N
12356,J_NO_1,C13ISRAELPOLICIES,N
12356,J_NO_1,C13ISRAELOPT,N
12356,J_NO_1,C13ISRAELREGION,N
12356,J_NO_1,C13ISRAELDISCRIMINATION,N
12356,J_NO_1,C13ISRAELNORMS,N
12356,J_NO_1,C13ISRAELCOMPARE,N
12356,J_NO_1,C14BDS,N
12356,J_NO_1,C15REASONABLE,N
12356,J_NO_1,C15DOUBLESTANDARD,N
49472,J_NO_1,C11PALESTINIANJUSTICE,N
49472,J_NO_1,C11PALESTINIANRIGHTS,N
49472,J_NO_1,C12ZIONCRITICAL,N
49472,J_NO_1,C12SOLUTIONS,N
49472,J_NO_1,C12EQUALRIGHTS,N
49472,J_NO_1,C13ISRAELEVIDENCE,N
49472,J_NO_1,C13ISRAELINSTITUTIONS,N
49472,J_NO_1,C13ISRAELPOLICIES,N
49472,J_NO_1,C13ISRAELOPT,N
49472,J_NO_1,C13ISRAELREGION,N
49472,J_NO_1,C13ISRAELDISCRIMINATION,N
49472,J_NO_1,C13ISRAELNORMS,N
49472,J_NO_1,C13ISRAELCOMPARE,N
49472,J_NO_1,C14BDS,N
49472,J_NO_1,C15REASONABLE,N
49472,J_NO_1,C15DOUBLESTANDARD,N
34276,J_NO_1,C11PALESTINIANJUSTICE,N
34276,J_NO_1,C11PALESTINIANRIGHTS,N
34276,J_NO_1,C12ZIONCRITICAL,N
34276,J_NO_1,C12SOLUTIONS,N
34276,J_NO_1,C12EQUALRIGHTS,N
34276,J_NO_1,C13ISRAELEVIDENCE,N
34276,J_NO_1,C13ISRAELINSTITUTIONS,N
34276,J_NO_1,C13ISRAELPOLICIES,N
34276,J_NO_1,C13ISRAELOPT,N
34276,J_NO_1,C13ISRAELREGION,N
34276,J_NO_1,C13ISRAELDISCRIMINATION,N
34276,J_NO_1,C13ISRAELNORMS,N
34276,J_NO_1,C13ISRAELCOMPARE,N
34276,J_NO_1,C14BDS,N
34276,J_NO_1,C15REASONABLE,N
34276,J_NO_1,C15DOUBLESTANDARD,N
1086,J_NO_1,C11PALESTINIANJUSTICE,N
1086,J_NO_1,C11PALESTINIANRIGHTS,N
1086,J_NO_1,C12ZIONCRITICAL,N
1086,J_NO_1,C12SOLUTIONS,N
1086,J_NO_1,C12EQUALRIGHTS,N
1086,J_NO_1,C13ISRAELEVIDENCE,N
1086,J_NO_1,C13ISRAELINSTITUTIONS,N
1086,J_NO_1,C13ISRAELPOLICIES,N
1086,J_NO_1,C13ISRAELOPT,N
1086,J_NO_1,C13ISRAELREGION,N
1086,J_NO_1,C13ISRAELDISCRIMINATION,N
1086,J_NO_1,C13ISRAELNORMS,N
1086,J_NO_1,C13ISRAELCOMPARE,N
1086,J_NO_1,C14BDS,N
1086,J_NO_1,C15REASONABLE,N
1086,J_NO_1,C15DOUBLESTANDARD,N
37301,J_NO_1,C11PALESTINIANJUSTICE,N
37301,J_NO_1,C11PALESTINIANRIGHTS,N
37301,J_NO_1,C12ZIONCRITICAL,N
37301,J_NO_1,C12SOLUTIONS,N
37301,J_NO_1,C12EQUALRIGHTS,N
37301,J_NO_1,C13ISRAELEVIDENCE,N
37301,J_NO_1,C13ISRAELINSTITUTIONS,N
37301,J_NO_1,C13ISRAELPOLICIES,N
37301,J_NO_1,C13ISRAELOPT,N
37301,J_NO_1,C13ISRAELREGION,N
37301,J_NO_1,C13ISRAELDISCRIMINATION,N
37301,J_NO_1,C13ISRAELNORMS,N
37301,J_NO_1,C13ISRAELCOMPARE,N
37301,J_NO_1,C14BDS,N
37301,J_NO_1,C15REASONABLE,N
37301,J_NO_1,C15DOUBLESTANDARD,N
5371,J_NO_1,C11PALESTINIANJUSTICE,N
5371,J_NO_1,C11PALESTINIANRIGHTS,N
5371,J_NO_1,C12ZIONCRITICAL,N
5371,J_NO_1,C12SOLUTIONS,N
5371,J_NO_1,C12EQUALRIGHTS,N
5371,J_NO_1,C13ISRAELEVIDENCE,N
5371,J_NO_1,C13ISRAELINSTITUTIONS,N
5371,J_NO_1,C13ISRAELPOLICIES,N
5371,J_NO_1,C13ISRAELOPT,N
5371,J_NO_1,C13ISRAELREGION,N
5371,J_NO_1,C13ISRAELDISCRIMINATION,N
5371,J_NO_1,C13ISRAELNORMS,N
5371,J_NO_1,C13ISRAELCOMPARE,N
5371,J_NO_1,C14BDS,N
5371,J_NO_1,C15REASONABLE,N
5371,J_NO_1,C15DOUBLESTANDARD,N
15452,J_NO_1,C11PALESTINIANJUSTICE,N
15452,J_NO_1,C11PALESTINIANRIGHTS,N
15452,J_NO_1,C12ZIONCRITICAL,N
15452,J_NO_1,C12SOLUTIONS,N
15452,J_NO_1,C12EQUALRIGHTS,N
15452,J_NO_1,C13ISRAELEVIDENCE,N
15452,J_NO_1,C13ISRAELINSTITUTIONS,N
15452,J_NO_1,C13ISRAELPOLICIES,N
15452,J_NO_1,C13ISRAELOPT,N
15452,J_NO_1,C13ISRAELREGION,N
15452,J_NO_1,C13ISRAELDISCRIMINATION,N
15452,J_NO_1,C13ISRAELNORMS,N
15452,J_NO_1,C13ISRAELCOMPARE,N
15452,J_NO_1,C14BDS,N
15452,J_NO_1,C15REASONABLE,N
15452,J_NO_1,C15DOUBLESTANDARD,N
28542,J_NO_1,C11PALESTINIANJUSTICE,N
28542,J_NO_1,C11PALESTINIANRIGHTS,N
28542,J_NO_1,C12ZIONCRITICAL,N
28542,J_NO_1,C12SOLUTIONS,N
28542,J_NO_1,C12EQUALRIGHTS,N
28542,J_NO_1,C13ISRAELEVIDENCE,N
28542,J_NO_1,C13ISRAELINSTITUTIONS,N
28542,J_NO_1,C13ISRAELPOLICIES,N
28542,J_NO_1,C13ISRAELOPT,N
28542,J_NO_1,C13ISRAELREGION,N
28542,J_NO_1,C13ISRAELDISCRIMINATION,N
28542,J_NO_1,C13ISRAELNORMS,N
28542,J_NO_1,C13ISRAELCOMPARE,N
28542,J_NO_1,C14BDS,N
28542,J_NO_1,C15REASONABLE,N
28542,J_NO_1,C15DOUBLESTANDARD,N
40152,J_NO_1,C11PALESTINIANJUSTICE,N
40152,J_NO_1,C11PALESTINIANRIGHTS,N
40152,J_NO_1,C12ZIONCRITICAL,N
40152,J_NO_1,C12SOLUTIONS,N
40152,J_NO_1,C12EQUALRIGHTS,N
40152,J_NO_1,C13ISRAELEVIDENCE,N
40152,J_NO_1,C13ISRAELINSTITUTIONS,N
40152,J_NO_1,C13ISRAELPOLICIES,N
40152,J_NO_1,C13ISRAELOPT,N
40152,J_NO_1,C13ISRAELREGION,N
40152,J_NO_1,C13ISRAELDISCRIMINATION,N
40152,J_NO_1,C13ISRAELNORMS,N
40152,J_NO_1,C13ISRAELCOMPARE,N
40152,J_NO_1,C14BDS,N
40152,J_NO_1,C15REASONABLE,N
40152,J_NO_1,C15DOUBLESTANDARD,N
45230,J_NO_1,C11PALESTINIANJUSTICE,N
45230,J_NO_1,C11PALESTINIANRIGHTS,N
45230,J_NO_1,C12ZIONCRITICAL,N
45230,J_NO_1,C12SOLUTIONS,N
45230,J_NO_1,C12EQUALRIGHTS,N
45230,J_NO_1,C13ISRAELEVIDENCE,N
45230,J_NO_1,C13ISRAELINSTITUTIONS,N
45230,J_NO_1,C13ISRAELPOLICIES,N
45230,J_NO_1,C13ISRAELOPT,N
45230,J_NO_1,C13ISRAELREGION,N
45230,J_NO_1,C13ISRAELDISCRIMINATION,N
45230,J_NO_1,C13ISRAELNORMS,N
45230,J_NO_1,C13ISRAELCOMPARE,N
45230,J_NO_1,C14BDS,N
45230,J_NO_1,C15REASONABLE,N
45230,J_NO_1,C15DOUBLESTANDARD,N
42205,J_NO_1,C11PALESTINIANJUSTICE,N
42205,J_NO_1,C11PALESTINIANRIGHTS,N
42205,J_NO_1,C12ZIONCRITICAL,N
42205,J_NO_1,C12SOLUTIONS,N
42205,J_NO_1,C12EQUALRIGHTS,N
42205,J_NO_1,C13ISRAELEVIDENCE,N
42205,J_NO_1,C13ISRAELINSTITUTIONS,N
42205,J_NO_1,C13ISRAELPOLICIES,N
42205,J_NO_1,C13ISRAELOPT,N
42205,J_NO_1,C13ISRAELREGION,N
42205,J_NO_1,C13ISRAELDISCRIMINATION,N
42205,J_NO_1,C13ISRAELNORMS,N
42205,J_NO_1,C13ISRAELCOMPARE,N
42205,J_NO_1,C14BDS,N
42205,J_NO_1,C15REASONABLE,N
42205,J_NO_1,C15DOUBLESTANDARD,N
39456,J_NO_1,C11PALESTINIANJUSTICE,N
39456,J_NO_1,C11PALESTINIANRIGHTS,N
39456,J_NO_1,C12ZIONCRITICAL,N
39456,J_NO_1,C12SOLUTIONS,N
39456,J_NO_1,C12EQUALRIGHTS,N
39456,J_NO_1,C13ISRAELEVIDENCE,N
39456,J_NO_1,C13ISRAELINSTITUTIONS,N
39456,J_NO_1,C13ISRAELPOLICIES,N
39456,J_NO_1,C13ISRAELOPT,N
39456,J_NO_1,C13ISRAELREGION,N
39456,J_NO_1,C13ISRAELDISCRIMINATION,N
39456,J_NO_1,C13ISRAELNORMS,N
39456,J_NO_1,C13ISRAELCOMPARE,N
39456,J_NO_1,C14BDS,N
39456,J_NO_1,C15REASONABLE,N
39456,J_NO_1,C15DOUBLESTANDARD,N
17677,J_NO_1,C11PALESTINIANJUSTICE,A
17677,J_NO_1,C11PALESTINIANRIGHTS,N
17677,J_NO_1,C12ZIONCRITICAL,N
17677,J_NO_1,C12SOLUTIONS,A
17677,J_NO_1,C12EQUALRIGHTS,N
17677,J_NO_1,C13ISRAELEVIDENCE,N
17677,J_NO_1,C13ISRAELINSTITUTIONS,N
17677,J_NO_1,C13ISRAELPOLICIES,N
17677,J_NO_1,C13ISRAELOPT,N
17677,J_NO_1,C13ISRAELREGION,N
17677,J_NO_1,C13ISRAELDISCRIMINATION,N
17677,J_NO_1,C13ISRAELNORMS,N
17677,J_NO_1,C13ISRAELCOMPARE,I
17677,J_NO_1,C14BDS,N
17677,J_NO_1,C15REASONABLE,N
17677,J_NO_1,C15DOUBLESTANDARD,N
38507,J_NO_1,C11PALESTINIANJUSTICE,N
38507,J_NO_1,C11PALESTINIANRIGHTS,N
38507,J_NO_1,C12ZIONCRITICAL,N
38507,J_NO_1,C12SOLUTIONS,N
38507,J_NO_1,C12EQUALRIGHTS,N
38507,J_NO_1,C13ISRAELEVIDENCE,N
38507,J_NO_1,C13ISRAELINSTITUTIONS,N
38507,J_NO_1,C13ISRAELPOLICIES,N
38507,J_NO_1,C13ISRAELOPT,N
38507,J_NO_1,C13ISRAELREGION,N
38507,J_NO_1,C13ISRAELDISCRIMINATION,N
38507,J_NO_1,C13ISRAELNORMS,N
38507,J_NO_1,C13ISRAELCOMPARE,N
38507,J_NO_1,C14BDS,N
38507,J_NO_1,C15REASONABLE,N
38507,J_NO_1,C15DOUBLESTANDARD,N
5443,J_NO_1,C11PALESTINIANJUSTICE,N
5443,J_NO_1,C11PALESTINIANRIGHTS,N
5443,J_NO_1,C12ZIONCRITICAL,N
5443,J_NO_1,C12SOLUTIONS,N
5443,J_NO_1,C12EQUALRIGHTS,N
5443,J_NO_1,C13ISRAELEVIDENCE,N
5443,J_NO_1,C13ISRAELINSTITUTIONS,N
5443,J_NO_1,C13ISRAELPOLICIES,N
5443,J_NO_1,C13ISRAELOPT,N
5443,J_NO_1,C13ISRAELREGION,N
5443,J_NO_1,C13ISRAELDISCRIMINATION,N
5443,J_NO_1,C13ISRAELNORMS,N
5443,J_NO_1,C13ISRAELCOMPARE,N
5443,J_NO_1,C14BDS,N
5443,J_NO_1,C15REASONABLE,N
5443,J_NO_1,C15DOUBLESTANDARD,N
5245,J_NO_1,C11PALESTINIANJUSTICE,N
5245,J_NO_1,C11PALESTINIANRIGHTS,N
5245,J_NO_1,C12ZIONCRITICAL,N
5245,J_NO_1,C12SOLUTIONS,N
5245,J_NO_1,C12EQUALRIGHTS,N
5245,J_NO_1,C13ISRAELEVIDENCE,N
5245,J_NO_1,C13ISRAELINSTITUTIONS,N
5245,J_NO_1,C13ISRAELPOLICIES,N
5245,J_NO_1,C13ISRAELOPT,N
5245,J_NO_1,C13ISRAELREGION,N
5245,J_NO_1,C13ISRAELDISCRIMINATION,N
5245,J_NO_1,C13ISRAELNORMS,N
5245,J_NO_1,C13ISRAELCOMPARE,N
5245,J_NO_1,C14BDS,N
5245,J_NO_1,C15REASONABLE,N
5245,J_NO_1,C15DOUBLESTANDARD,N
25151,J_NO_1,C11PALESTINIANJUSTICE,N
25151,J_NO_1,C11PALESTINIANRIGHTS,N
25151,J_NO_1,C12ZIONCRITICAL,N
25151,J_NO_1,C12SOLUTIONS,N
25151,J_NO_1,C12EQUALRIGHTS,N
25151,J_NO_1,C13ISRAELEVIDENCE,N
25151,J_NO_1,C13ISRAELINSTITUTIONS,N
25151,J_NO_1,C13ISRAELPOLICIES,N
25151,J_NO_1,C13ISRAELOPT,N
25151,J_NO_1,C13ISRAELREGION,N
25151,J_NO_1,C13ISRAELDISCRIMINATION,N
25151,J_NO_1,C13ISRAELNORMS,N
25151,J_NO_1,C13ISRAELCOMPARE,N
25151,J_NO_1,C14BDS,N
25151,J_NO_1,C15REASONABLE,N
25151,J_NO_1,C15DOUBLESTANDARD,N
45042,J_NO_1,C11PALESTINIANJUSTICE,N
45042,J_NO_1,C11PALESTINIANRIGHTS,N
45042,J_NO_1,C12ZIONCRITICAL,N
45042,J_NO_1,C12SOLUTIONS,N
45042,J_NO_1,C12EQUALRIGHTS,N
45042,J_NO_1,C13ISRAELEVIDENCE,N
45042,J_NO_1,C13ISRAELINSTITUTIONS,N
45042,J_NO_1,C13ISRAELPOLICIES,N
45042,J_NO_1,C13ISRAELOPT,N
45042,J_NO_1,C13ISRAELREGION,N
45042,J_NO_1,C13ISRAELDISCRIMINATION,N
45042,J_NO_1,C13ISRAELNORMS,N
45042,J_NO_1,C13ISRAELCOMPARE,N
45042,J_NO_1,C14BDS,N
45042,J_NO_1,C15REASONABLE,N
45042,J_NO_1,C15DOUBLESTANDARD,N
16706,J_NO_1,C11PALESTINIANJUSTICE,N
16706,J_NO_1,C11PALESTINIANRIGHTS,N
16706,J_NO_1,C12ZIONCRITICAL,N
16706,J_NO_1,C12SOLUTIONS,N
16706,J_NO_1,C12EQUALRIGHTS,N
16706,J_NO_1,C13ISRAELEVIDENCE,N
16706,J_NO_1,C13ISRAELINSTITUTIONS,N
16706,J_NO_1,C13ISRAELPOLICIES,N
16706,J_NO_1,C13ISRAELOPT,N
16706,J_NO_1,C13ISRAELREGION,N
16706,J_NO_1,C13ISRAELDISCRIMINATION,N
16706,J_NO_1,C13ISRAELNORMS,N
16706,J_NO_1,C13ISRAELCOMPARE,N
16706,J_NO_1,C14BDS,N
16706,J_NO_1,C15REASONABLE,N
16706,J_NO_1,C15DOUBLESTANDARD,N
26144,J_NO_1,C11PALESTINIANJUSTICE,N
26144,J_NO_1,C11PALESTINIANRIGHTS,N
26144,J_NO_1,C12ZIONCRITICAL,N
26144,J_NO_1,C12SOLUTIONS,N
26144,J_NO_1,C12EQUALRIGHTS,N
26144,J_NO_1,C13ISRAELEVIDENCE,N
26144,J_NO_1,C13ISRAELINSTITUTIONS,N
26144,J_NO_1,C13ISRAELPOLICIES,N
26144,J_NO_1,C13ISRAELOPT,N
26144,J_NO_1,C13ISRAELREGION,N
26144,J_NO_1,C13ISRAELDISCRIMINATION,N
26144,J_NO_1,C13ISRAELNORMS,N
26144,J_NO_1,C13ISRAELCOMPARE,N
26144,J_NO_1,C14BDS,N
26144,J_NO_1,C15REASONABLE,N
26144,J_NO_1,C15DOUBLESTANDARD,N
31355,J_NO_1,C11PALESTINIANJUSTICE,N
31355,J_NO_1,C11PALESTINIANRIGHTS,N
31355,J_NO_1,C12ZIONCRITICAL,N
31355,J_NO_1,C12SOLUTIONS,N
31355,J_NO_1,C12EQUALRIGHTS,N
31355,J_NO_1,C13ISRAELEVIDENCE,N
31355,J_NO_1,C13ISRAELINSTITUTIONS,N
31355,J_NO_1,C13ISRAELPOLICIES,N
31355,J_NO_1,C13ISRAELOPT,N
31355,J_NO_1,C13ISRAELREGION,N
31355,J_NO_1,C13ISRAELDISCRIMINATION,N
31355,J_NO_1,C13ISRAELNORMS,N
31355,J_NO_1,C13ISRAELCOMPARE,N
31355,J_NO_1,C14BDS,N
31355,J_NO_1,C15REASONABLE,N
31355,J_NO_1,C15DOUBLESTANDARD,N
25549,J_NO_1,C11PALESTINIANJUSTICE,N
25549,J_NO_1,C11PALESTINIANRIGHTS,N
25549,J_NO_1,C12ZIONCRITICAL,N
25549,J_NO_1,C12SOLUTIONS,N
25549,J_NO_1,C12EQUALRIGHTS,N
25549,J_NO_1,C13ISRAELEVIDENCE,N
25549,J_NO_1,C13ISRAELINSTITUTIONS,N
25549,J_NO_1,C13ISRAELPOLICIES,N
25549,J_NO_1,C13ISRAELOPT,N
25549,J_NO_1,C13ISRAELREGION,N
25549,J_NO_1,C13ISRAELDISCRIMINATION,N
25549,J_NO_1,C13ISRAELNORMS,N
25549,J_NO_1,C13ISRAELCOMPARE,N
25549,J_NO_1,C14BDS,N
25549,J_NO_1,C15REASONABLE,N
25549,J_NO_1,C15DOUBLESTANDARD,N
41884,J_NO_1,C11PALESTINIANJUSTICE,N
41884,J_NO_1,C11PALESTINIANRIGHTS,N
41884,J_NO_1,C12ZIONCRITICAL,N
41884,J_NO_1,C12SOLUTIONS,N
41884,J_NO_1,C12EQUALRIGHTS,N
41884,J_NO_1,C13ISRAELEVIDENCE,N
41884,J_NO_1,C13ISRAELINSTITUTIONS,N
41884,J_NO_1,C13ISRAELPOLICIES,N
41884,J_NO_1,C13ISRAELOPT,N
41884,J_NO_1,C13ISRAELREGION,N
41884,J_NO_1,C13ISRAELDISCRIMINATION,N
41884,J_NO_1,C13ISRAELNORMS,N
41884,J_NO_1,C13ISRAELCOMPARE,N
41884,J_NO_1,C14BDS,N
41884,J_NO_1,C15REASONABLE,N
41884,J_NO_1,C15DOUBLESTANDARD,N
41534,J_NO_1,C11PALESTINIANJUSTICE,N
41534,J_NO_1,C11PALESTINIANRIGHTS,N
41534,J_NO_1,C12ZIONCRITICAL,N
41534,J_NO_1,C12SOLUTIONS,N
41534,J_NO_1,C12EQUALRIGHTS,N
41534,J_NO_1,C13ISRAELEVIDENCE,N
41534,J_NO_1,C13ISRAELINSTITUTIONS,N
41534,J_NO_1,C13ISRAELPOLICIES,N
41534,J_NO_1,C13ISRAELOPT,N
41534,J_NO_1,C13ISRAELREGION,N
41534,J_NO_1,C13ISRAELDISCRIMINATION,N
41534,J_NO_1,C13ISRAELNORMS,N
41534,J_NO_1,C13ISRAELCOMPARE,N
41534,J_NO_1,C14BDS,N
41534,J_NO_1,C15REASONABLE,N
41534,J_NO_1,C15DOUBLESTANDARD,N
49662,J_NO_1,C11PALESTINIANJUSTICE,N
49662,J_NO_1,C11PALESTINIANRIGHTS,N
49662,J_NO_1,C12ZIONCRITICAL,N
49662,J_NO_1,C12SOLUTIONS,N
49662,J_NO_1,C12EQUALRIGHTS,N
49662,J_NO_1,C13ISRAELEVIDENCE,N
49662,J_NO_1,C13ISRAELINSTITUTIONS,N
49662,J_NO_1,C13ISRAELPOLICIES,N
49662,J_NO_1,C13ISRAELOPT,N
49662,J_NO_1,C13ISRAELREGION,N
49662,J_NO_1,C13ISRAELDISCRIMINATION,N
49662,J_NO_1,C13ISRAELNORMS,N
49662,J_NO_1,C13ISRAELCOMPARE,N
49662,J_NO_1,C14BDS,N
49662,J_NO_1,C15REASONABLE,N
49662,J_NO_1,C15DOUBLESTANDARD,N
31823,J_NO_1,C11PALESTINIANJUSTICE,N
31823,J_NO_1,C11PALESTINIANRIGHTS,N
31823,J_NO_1,C12ZIONCRITICAL,N
31823,J_NO_1,C12SOLUTIONS,N
31823,J_NO_1,C12EQUALRIGHTS,N
31823,J_NO_1,C13ISRAELEVIDENCE,N
31823,J_NO_1,C13ISRAELINSTITUTIONS,N
31823,J_NO_1,C13ISRAELPOLICIES,N
31823,J_NO_1,C13ISRAELOPT,N
31823,J_NO_1,C13ISRAELREGION,N
31823,J_NO_1,C13ISRAELDISCRIMINATION,N
31823,J_NO_1,C13ISRAELNORMS,N
31823,J_NO_1,C13ISRAELCOMPARE,N
31823,J_NO_1,C14BDS,N
31823,J_NO_1,C15REASONABLE,N
31823,J_NO_1,C15DOUBLESTANDARD,N
45387,J_NO_1,C11PALESTINIANJUSTICE,N
45387,J_NO_1,C11PALESTINIANRIGHTS,N
45387,J_NO_1,C12ZIONCRITICAL,N
45387,J_NO_1,C12SOLUTIONS,N
45387,J_NO_1,C12EQUALRIGHTS,N
45387,J_NO_1,C13ISRAELEVIDENCE,N
45387,J_NO_1,C13ISRAELINSTITUTIONS,N
45387,J_NO_1,C13ISRAELPOLICIES,N
45387,J_NO_1,C13ISRAELOPT,N
45387,J_NO_1,C13ISRAELREGION,N
45387,J_NO_1,C13ISRAELDISCRIMINATION,N
45387,J_NO_1,C13ISRAELNORMS,N
45387,J_NO_1,C13ISRAELCOMPARE,N
45387,J_NO_1,C14BDS,N
45387,J_NO_1,C15REASONABLE,N
45387,J_NO_1,C15DOUBLESTANDARD,N
42741,J_NO_1,C11PALESTINIANJUSTICE,N
42741,J_NO_1,C11PALESTINIANRIGHTS,N
42741,J_NO_1,C12ZIONCRITICAL,N
42741,J_NO_1,C12SOLUTIONS,N
42741,J_NO_1,C12EQUALRIGHTS,N
42741,J_NO_1,C13ISRAELEVIDENCE,N
42741,J_NO_1,C13ISRAELINSTITUTIONS,N
42741,J_NO_1,C13ISRAELPOLICIES,N
42741,J_NO_1,C13ISRAELOPT,N
42741,J_NO_1,C13ISRAELREGION,N
42741,J_NO_1,C13ISRAELDISCRIMINATION,N
42741,J_NO_1,C13ISRAELNORMS,N
42741,J_NO_1,C13ISRAELCOMPARE,N
42741,J_NO_1,C14BDS,N
42741,J_NO_1,C15REASONABLE,N
42741,J_NO_1,C15DOUBLESTANDARD,N
35317,J_NO_1,C11PALESTINIANJUSTICE,N
35317,J_NO_1,C11PALESTINIANRIGHTS,N
35317,J_NO_1,C12ZIONCRITICAL,N
35317,J_NO_1,C12SOLUTIONS,N
35317,J_NO_1,C12EQUALRIGHTS,N
35317,J_NO_1,C13ISRAELEVIDENCE,N
35317,J_NO_1,C13ISRAELINSTITUTIONS,N
35317,J_NO_1,C13ISRAELPOLICIES,N
35317,J_NO_1,C13ISRAELOPT,N
35317,J_NO_1,C13ISRAELREGION,N
35317,J_NO_1,C13ISRAELDISCRIMINATION,N
35317,J_NO_1,C13ISRAELNORMS,N
35317,J_NO_1,C13ISRAELCOMPARE,N
35317,J_NO_1,C14BDS,N
35317,J_NO_1,C15REASONABLE,N
35317,J_NO_1,C15DOUBLESTANDARD,N
13379,J_NO_1,C11PALESTINIANJUSTICE,N
13379,J_NO_1,C11PALESTINIANRIGHTS,N
13379,J_NO_1,C12ZIONCRITICAL,N
13379,J_NO_1,C12SOLUTIONS,N
13379,J_NO_1,C12EQUALRIGHTS,N
13379,J_NO_1,C13ISRAELEVIDENCE,N
13379,J_NO_1,C13ISRAELINSTITUTIONS,N
13379,J_NO_1,C13ISRAELPOLICIES,N
13379,J_NO_1,C13ISRAELOPT,N
13379,J_NO_1,C13ISRAELREGION,N
13379,J_NO_1,C13ISRAELDISCRIMINATION,N
13379,J_NO_1,C13ISRAELNORMS,N
13379,J_NO_1,C13ISRAELCOMPARE,N
13379,J_NO_1,C14BDS,N
13379,J_NO_1,C15REASONABLE,N
13379,J_NO_1,C15DOUBLESTANDARD,N
10345,J_NO_1,C11PALESTINIANJUSTICE,N
10345,J_NO_1,C11PALESTINIANRIGHTS,N
10345,J_NO_1,C12ZIONCRITICAL,N
10345,J_NO_1,C12SOLUTIONS,N
10345,J_NO_1,C12EQUALRIGHTS,N
10345,J_NO_1,C13ISRAELEVIDENCE,N
10345,J_NO_1,C13ISRAELINSTITUTIONS,N
10345,J_NO_1,C13ISRAELPOLICIES,N
10345,J_NO_1,C13ISRAELOPT,N
10345,J_NO_1,C13ISRAELREGION,N
10345,J_NO_1,C13ISRAELDISCRIMINATION,N
10345,J_NO_1,C13ISRAELNORMS,N
10345,J_NO_1,C13ISRAELCOMPARE,N
10345,J_NO_1,C14BDS,N
10345,J_NO_1,C15REASONABLE,N
10345,J_NO_1,C15DOUBLESTANDARD,N
34184,J_NO_1,C11PALESTINIANJUSTICE,N
34184,J_NO_1,C11PALESTINIANRIGHTS,N
34184,J_NO_1,C12ZIONCRITICAL,N
34184,J_NO_1,C12SOLUTIONS,N
34184,J_NO_1,C12EQUALRIGHTS,N
34184,J_NO_1,C13ISRAELEVIDENCE,N
34184,J_NO_1,C13ISRAELINSTITUTIONS,N
34184,J_NO_1,C13ISRAELPOLICIES,N
34184,J_NO_1,C13ISRAELOPT,N
34184,J_NO_1,C13ISRAELREGION,N
34184,J_NO_1,C13ISRAELDISCRIMINATION,N
34184,J_NO_1,C13ISRAELNORMS,N
34184,J_NO_1,C13ISRAELCOMPARE,N
34184,J_NO_1,C14BDS,N
34184,J_NO_1,C15REASONABLE,N
34184,J_NO_1,C15DOUBLESTANDARD,N
4898,J_NO_1,C11PALESTINIANJUSTICE,N
4898,J_NO_1,C11PALESTINIANRIGHTS,N
4898,J_NO_1,C12ZIONCRITICAL,N
4898,J_NO_1,C12SOLUTIONS,N
4898,J_NO_1,C12EQUALRIGHTS,N
4898,J_NO_1,C13ISRAELEVIDENCE,N
4898,J_NO_1,C13ISRAELINSTITUTIONS,N
4898,J_NO_1,C13ISRAELPOLICIES,N
4898,J_NO_1,C13ISRAELOPT,N
4898,J_NO_1,C13ISRAELREGION,N
4898,J_NO_1,C13ISRAELDISCRIMINATION,N
4898,J_NO_1,C13ISRAELNORMS,N
4898,J_NO_1,C13ISRAELCOMPARE,N
4898,J_NO_1,C14BDS,N
4898,J_NO_1,C15REASONABLE,N
4898,J_NO_1,C15DOUBLESTANDARD,N
8690,J_NO_1,C11PALESTINIANJUSTICE,N
8690,J_NO_1,C11PALESTINIANRIGHTS,N
8690,J_NO_1,C12ZIONCRITICAL,N
8690,J_NO_1,C12SOLUTIONS,N
8690,J_NO_1,C12EQUALRIGHTS,N
8690,J_NO_1,C13ISRAELEVIDENCE,N
8690,J_NO_1,C13ISRAELINSTITUTIONS,N
8690,J_NO_1,C13ISRAELPOLICIES,N
8690,J_NO_1,C13ISRAELOPT,N
8690,J_NO_1,C13ISRAELREGION,N
8690,J_NO_1,C13ISRAELDISCRIMINATION,N
8690,J_NO_1,C13ISRAELNORMS,N
8690,J_NO_1,C13ISRAELCOMPARE,N
8690,J_NO_1,C14BDS,N
8690,J_NO_1,C15REASONABLE,N
8690,J_NO_1,C15DOUBLESTANDARD,N
39973,J_NO_1,C11PALESTINIANJUSTICE,N
39973,J_NO_1,C11PALESTINIANRIGHTS,N
39973,J_NO_1,C12ZIONCRITICAL,N
39973,J_NO_1,C12SOLUTIONS,N
39973,J_NO_1,C12EQUALRIGHTS,N
39973,J_NO_1,C13ISRAELEVIDENCE,N
39973,J_NO_1,C13ISRAELINSTITUTIONS,N
39973,J_NO_1,C13ISRAELPOLICIES,N
39973,J_NO_1,C13ISRAELOPT,N
39973,J_NO_1,C13ISRAELREGION,N
39973,J_NO_1,C13ISRAELDISCRIMINATION,N
39973,J_NO_1,C13ISRAELNORMS,N
39973,J_NO_1,C13ISRAELCOMPARE,N
39973,J_NO_1,C14BDS,N
39973,J_NO_1,C15REASONABLE,N
39973,J_NO_1,C15DOUBLESTANDARD,N
11782,J_NO_1,C11PALESTINIANJUSTICE,N
11782,J_NO_1,C11PALESTINIANRIGHTS,N
11782,J_NO_1,C12ZIONCRITICAL,N
11782,J_NO_1,C12SOLUTIONS,N
11782,J_NO_1,C12EQUALRIGHTS,N
11782,J_NO_1,C13ISRAELEVIDENCE,N
11782,J_NO_1,C13ISRAELINSTITUTIONS,I
11782,J_NO_1,C13ISRAELPOLICIES,N
11782,J_NO_1,C13ISRAELOPT,N
11782,J_NO_1,C13ISRAELREGION,N
11782,J_NO_1,C13ISRAELDISCRIMINATION,N
11782,J_NO_1,C13ISRAELNORMS,N
11782,J_NO_1,C13ISRAELCOMPARE,N
11782,J_NO_1,C14BDS,N
11782,J_NO_1,C15REASONABLE,N
11782,J_NO_1,C15DOUBLESTANDARD,N
42365,J_NO_1,C11PALESTINIANJUSTICE,N
42365,J_NO_1,C11PALESTINIANRIGHTS,N
42365,J_NO_1,C12ZIONCRITICAL,N
42365,J_NO_1,C12SOLUTIONS,N
42365,J_NO_1,C12EQUALRIGHTS,N
42365,J_NO_1,C13ISRAELEVIDENCE,N
42365,J_NO_1,C13ISRAELINSTITUTIONS,N
42365,J_NO_1,C13ISRAELPOLICIES,N
42365,J_NO_1,C13ISRAELOPT,N
42365,J_NO_1,C13ISRAELREGION,N
42365,J_NO_1,C13ISRAELDISCRIMINATION,N
42365,J_NO_1,C13ISRAELNORMS,N
42365,J_NO_1,C13ISRAELCOMPARE,N
42365,J_NO_1,C14BDS,N
42365,J_NO_1,C15REASONABLE,N
42365,J_NO_1,C15DOUBLESTANDARD,N
10399,J_NO_1,C11PALESTINIANJUSTICE,N
10399,J_NO_1,C11PALESTINIANRIGHTS,N
10399,J_NO_1,C12ZIONCRITICAL,N
10399,J_NO_1,C12SOLUTIONS,N
10399,J_NO_1,C12EQUALRIGHTS,N
10399,J_NO_1,C13ISRAELEVIDENCE,N
10399,J_NO_1,C13ISRAELINSTITUTIONS,N
10399,J_NO_1,C13ISRAELPOLICIES,N
10399,J_NO_1,C13ISRAELOPT,N
10399,J_NO_1,C13ISRAELREGION,N
10399,J_NO_1,C13ISRAELDISCRIMINATION,N
10399,J_NO_1,C13ISRAELNORMS,N
10399,J_NO_1,C13ISRAELCOMPARE,N
10399,J_NO_1,C14BDS,N
10399,J_NO_1,C15REASONABLE,N
10399,J_NO_1,C15DOUBLESTANDARD,N
47762,J_NO_1,C11PALESTINIANJUSTICE,N
47762,J_NO_1,C11PALESTINIANRIGHTS,N
47762,J_NO_1,C12ZIONCRITICAL,N
47762,J_NO_1,C12SOLUTIONS,N
47762,J_NO_1,C12EQUALRIGHTS,N
47762,J_NO_1,C13ISRAELEVIDENCE,N
47762,J_NO_1,C13ISRAELINSTITUTIONS,N
47762,J_NO_1,C13ISRAELPOLICIES,N
47762,J_NO_1,C13ISRAELOPT,N
47762,J_NO_1,C13ISRAELREGION,N
47762,J_NO_1,C13ISRAELDISCRIMINATION,N
47762,J_NO_1,C13ISRAELNORMS,N
47762,J_NO_1,C13ISRAELCOMPARE,N
47762,J_NO_1,C14BDS,N
47762,J_NO_1,C15REASONABLE,N
47762,J_NO_1,C15DOUBLESTANDARD,N
10698,J_NO_1,C11PALESTINIANJUSTICE,N
10698,J_NO_1,C11PALESTINIANRIGHTS,N
10698,J_NO_1,C12ZIONCRITICAL,N
10698,J_NO_1,C12SOLUTIONS,N
10698,J_NO_1,C12EQUALRIGHTS,N
10698,J_NO_1,C13ISRAELEVIDENCE,N
10698,J_NO_1,C13ISRAELINSTITUTIONS,N
10698,J_NO_1,C13ISRAELPOLICIES,N
10698,J_NO_1,C13ISRAELOPT,N
10698,J_NO_1,C13ISRAELREGION,N
10698,J_NO_1,C13ISRAELDISCRIMINATION,N
10698,J_NO_1,C13ISRAELNORMS,N
10698,J_NO_1,C13ISRAELCOMPARE,N
10698,J_NO_1,C14BDS,N
10698,J_NO_1,C15REASONABLE,N
10698,J_NO_1,C15DOUBLESTANDARD,N
9822,J_NO_1,C11PALESTINIANJUSTICE,N
9822,J_NO_1,C11PALESTINIANRIGHTS,N
9822,J_NO_1,C12ZIONCRITICAL,N
9822,J_NO_1,C12SOLUTIONS,N
9822,J_NO_1,C12EQUALRIGHTS,N
9822,J_NO_1,C13ISRAELEVIDENCE,N
9822,J_NO_1,C13ISRAELINSTITUTIONS,N
9822,J_NO_1,C13ISRAELPOLICIES,N
9822,J_NO_1,C13ISRAELOPT,N
9822,J_NO_1,C13ISRAELREGION,N
9822,J_NO_1,C13ISRAELDISCRIMINATION,N
9822,J_NO_1,C13ISRAELNORMS,N
9822,J_NO_1,C13ISRAELCOMPARE,N
9822,J_NO_1,C14BDS,N
9822,J_NO_1,C15REASONABLE,N
9822,J_NO_1,C15DOUBLESTANDARD,N
38239,J_NO_1,C11PALESTINIANJUSTICE,N
38239,J_NO_1,C11PALESTINIANRIGHTS,N
38239,J_NO_1,C12ZIONCRITICAL,N
38239,J_NO_1,C12SOLUTIONS,N
38239,J_NO_1,C12EQUALRIGHTS,N
38239,J_NO_1,C13ISRAELEVIDENCE,N
38239,J_NO_1,C13ISRAELINSTITUTIONS,N
38239,J_NO_1,C13ISRAELPOLICIES,N
38239,J_NO_1,C13ISRAELOPT,N
38239,J_NO_1,C13ISRAELREGION,N
38239,J_NO_1,C13ISRAELDISCRIMINATION,N
38239,J_NO_1,C13ISRAELNORMS,N
38239,J_NO_1,C13ISRAELCOMPARE,N
38239,J_NO_1,C14BDS,N
38239,J_NO_1,C15REASONABLE,N
38239,J_NO_1,C15DOUBLESTANDARD,N
47731,J_NO_1,C11PALESTINIANJUSTICE,N
47731,J_NO_1,C11PALESTINIANRIGHTS,N
47731,J_NO_1,C12ZIONCRITICAL,N
47731,J_NO_1,C12SOLUTIONS,N
47731,J_NO_1,C12EQUALRIGHTS,N
47731,J_NO_1,C13ISRAELEVIDENCE,N
47731,J_NO_1,C13ISRAELINSTITUTIONS,N
47731,J_NO_1,C13ISRAELPOLICIES,N
47731,J_NO_1,C13ISRAELOPT,N
47731,J_NO_1,C13ISRAELREGION,N
47731,J_NO_1,C13ISRAELDISCRIMINATION,N
47731,J_NO_1,C13ISRAELNORMS,N
47731,J_NO_1,C13ISRAELCOMPARE,N
47731,J_NO_1,C14BDS,N
47731,J_NO_1,C15REASONABLE,N
47731,J_NO_1,C15DOUBLESTANDARD,N
18730,J_NO_1,C11PALESTINIANJUSTICE,N
18730,J_NO_1,C11PALESTINIANRIGHTS,N
18730,J_NO_1,C12ZIONCRITICAL,N
18730,J_NO_1,C12SOLUTIONS,N
18730,J_NO_1,C12EQUALRIGHTS,N
18730,J_NO_1,C13ISRAELEVIDENCE,N
18730,J_NO_1,C13ISRAELINSTITUTIONS,N
18730,J_NO_1,C13ISRAELPOLICIES,N
18730,J_NO_1,C13ISRAELOPT,N
18730,J_NO_1,C13ISRAELREGION,N
18730,J_NO_1,C13ISRAELDISCRIMINATION,N
18730,J_NO_1,C13ISRAELNORMS,N
18730,J_NO_1,C13ISRAELCOMPARE,N
18730,J_NO_1,C14BDS,N
18730,J_NO_1,C15REASONABLE,N
18730,J_NO_1,C15DOUBLESTANDARD,N
9746,J_NO_1,C11PALESTINIANJUSTICE,N
9746,J_NO_1,C11PALESTINIANRIGHTS,N
9746,J_NO_1,C12ZIONCRITICAL,N
9746,J_NO_1,C12SOLUTIONS,N
9746,J_NO_1,C12EQUALRIGHTS,N
9746,J_NO_1,C13ISRAELEVIDENCE,N
9746,J_NO_1,C13ISRAELINSTITUTIONS,N
9746,J_NO_1,C13ISRAELPOLICIES,N
9746,J_NO_1,C13ISRAELOPT,N
9746,J_NO_1,C13ISRAELREGION,N
9746,J_NO_1,C13ISRAELDISCRIMINATION,N
9746,J_NO_1,C13ISRAELNORMS,N
9746,J_NO_1,C13ISRAELCOMPARE,N
9746,J_NO_1,C14BDS,N
9746,J_NO_1,C15REASONABLE,N
9746,J_NO_1,C15DOUBLESTANDARD,N
3839,J_NO_1,C11PALESTINIANJUSTICE,N
3839,J_NO_1,C11PALESTINIANRIGHTS,N
3839,J_NO_1,C12ZIONCRITICAL,N
3839,J_NO_1,C12SOLUTIONS,N
3839,J_NO_1,C12EQUALRIGHTS,N
3839,J_NO_1,C13ISRAELEVIDENCE,N
3839,J_NO_1,C13ISRAELINSTITUTIONS,N
3839,J_NO_1,C13ISRAELPOLICIES,N
3839,J_NO_1,C13ISRAELOPT,N
3839,J_NO_1,C13ISRAELREGION,N
3839,J_NO_1,C13ISRAELDISCRIMINATION,N
3839,J_NO_1,C13ISRAELNORMS,N
3839,J_NO_1,C13ISRAELCOMPARE,N
3839,J_NO_1,C14BDS,N
3839,J_NO_1,C15REASONABLE,N
3839,J_NO_1,C15DOUBLESTANDARD,N
23306,J_NO_1,C11PALESTINIANJUSTICE,N
23306,J_NO_1,C11PALESTINIANRIGHTS,N
23306,J_NO_1,C12ZIONCRITICAL,N
23306,J_NO_1,C12SOLUTIONS,N
23306,J_NO_1,C12EQUALRIGHTS,N
23306,J_NO_1,C13ISRAELEVIDENCE,N
23306,J_NO_1,C13ISRAELINSTITUTIONS,N
23306,J_NO_1,C13ISRAELPOLICIES,N
23306,J_NO_1,C13ISRAELOPT,N
23306,J_NO_1,C13ISRAELREGION,N
23306,J_NO_1,C13ISRAELDISCRIMINATION,N
23306,J_NO_1,C13ISRAELNORMS,N
23306,J_NO_1,C13ISRAELCOMPARE,N
23306,J_NO_1,C14BDS,N
23306,J_NO_1,C15REASONABLE,N
23306,J_NO_1,C15DOUBLESTANDARD,N
11302,J_NO_1,C11PALESTINIANJUSTICE,N
11302,J_NO_1,C11PALESTINIANRIGHTS,N
11302,J_NO_1,C12ZIONCRITICAL,N
11302,J_NO_1,C12SOLUTIONS,N
11302,J_NO_1,C12EQUALRIGHTS,N
11302,J_NO_1,C13ISRAELEVIDENCE,N
11302,J_NO_1,C13ISRAELINSTITUTIONS,N
11302,J_NO_1,C13ISRAELPOLICIES,N
11302,J_NO_1,C13ISRAELOPT,N
11302,J_NO_1,C13ISRAELREGION,N
11302,J_NO_1,C13ISRAELDISCRIMINATION,N
11302,J_NO_1,C13ISRAELNORMS,N
11302,J_NO_1,C13ISRAELCOMPARE,N
11302,J_NO_1,C14BDS,N
11302,J_NO_1,C15REASONABLE,N
11302,J_NO_1,C15DOUBLESTANDARD,N
5872,J_NO_1,C11PALESTINIANJUSTICE,N
5872,J_NO_1,C11PALESTINIANRIGHTS,N
5872,J_NO_1,C12ZIONCRITICAL,N
5872,J_NO_1,C12SOLUTIONS,N
5872,J_NO_1,C12EQUALRIGHTS,N
5872,J_NO_1,C13ISRAELEVIDENCE,N
5872,J_NO_1,C13ISRAELINSTITUTIONS,N
5872,J_NO_1,C13ISRAELPOLICIES,N
5872,J_NO_1,C13ISRAELOPT,N
5872,J_NO_1,C13ISRAELREGION,N
5872,J_NO_1,C13ISRAELDISCRIMINATION,N
5872,J_NO_1,C13ISRAELNORMS,N
5872,J_NO_1,C13ISRAELCOMPARE,N
5872,J_NO_1,C14BDS,N
5872,J_NO_1,C15REASONABLE,N
5872,J_NO_1,C15DOUBLESTANDARD,N
16502,J_NO_1,C11PALESTINIANJUSTICE,N
16502,J_NO_1,C11PALESTINIANRIGHTS,N
16502,J_NO_1,C12ZIONCRITICAL,N
16502,J_NO_1,C12SOLUTIONS,N
16502,J_NO_1,C12EQUALRIGHTS,N
16502,J_NO_1,C13ISRAELEVIDENCE,N
16502,J_NO_1,C13ISRAELINSTITUTIONS,N
16502,J_NO_1,C13ISRAELPOLICIES,N
16502,J_NO_1,C13ISRAELOPT,N
16502,J_NO_1,C13ISRAELREGION,N
16502,J_NO_1,C13ISRAELDISCRIMINATION,N
16502,J_NO_1,C13ISRAELNORMS,N
16502,J_NO_1,C13ISRAELCOMPARE,N
16502,J_NO_1,C14BDS,N
16502,J_NO_1,C15REASONABLE,N
16502,J_NO_1,C15DOUBLESTANDARD,N
15837,J_NO_1,C11PALESTINIANJUSTICE,N
15837,J_NO_1,C11PALESTINIANRIGHTS,N
15837,J_NO_1,C12ZIONCRITICAL,N
15837,J_NO_1,C12SOLUTIONS,N
15837,J_NO_1,C12EQUALRIGHTS,N
15837,J_NO_1,C13ISRAELEVIDENCE,N
15837,J_NO_1,C13ISRAELINSTITUTIONS,N
15837,J_NO_1,C13ISRAELPOLICIES,N
15837,J_NO_1,C13ISRAELOPT,N
15837,J_NO_1,C13ISRAELREGION,N
15837,J_NO_1,C13ISRAELDISCRIMINATION,N
15837,J_NO_1,C13ISRAELNORMS,N
15837,J_NO_1,C13ISRAELCOMPARE,N
15837,J_NO_1,C14BDS,N
15837,J_NO_1,C15REASONABLE,N
15837,J_NO_1,C15DOUBLESTANDARD,N
11813,J_NO_1,C11PALESTINIANJUSTICE,N
11813,J_NO_1,C11PALESTINIANRIGHTS,N
11813,J_NO_1,C12ZIONCRITICAL,N
11813,J_NO_1,C12SOLUTIONS,N
11813,J_NO_1,C12EQUALRIGHTS,N
11813,J_NO_1,C13ISRAELEVIDENCE,N
11813,J_NO_1,C13ISRAELINSTITUTIONS,N
11813,J_NO_1,C13ISRAELPOLICIES,N
11813,J_NO_1,C13ISRAELOPT,N
11813,J_NO_1,C13ISRAELREGION,N
11813,J_NO_1,C13ISRAELDISCRIMINATION,N
11813,J_NO_1,C13ISRAELNORMS,N
11813,J_NO_1,C13ISRAELCOMPARE,N
11813,J_NO_1,C14BDS,N
11813,J_NO_1,C15REASONABLE,N
11813,J_NO_1,C15DOUBLESTANDARD,N
17969,J_NO_1,C11PALESTINIANJUSTICE,N
17969,J_NO_1,C11PALESTINIANRIGHTS,N
17969,J_NO_1,C12ZIONCRITICAL,N
17969,J_NO_1,C12SOLUTIONS,N
17969,J_NO_1,C12EQUALRIGHTS,N
17969,J_NO_1,C13ISRAELEVIDENCE,N
17969,J_NO_1,C13ISRAELINSTITUTIONS,N
17969,J_NO_1,C13ISRAELPOLICIES,N
17969,J_NO_1,C13ISRAELOPT,N
17969,J_NO_1,C13ISRAELREGION,N
17969,J_NO_1,C13ISRAELDISCRIMINATION,N
17969,J_NO_1,C13ISRAELNORMS,N
17969,J_NO_1,C13ISRAELCOMPARE,N
17969,J_NO_1,C14BDS,N
17969,J_NO_1,C15REASONABLE,N
17969,J_NO_1,C15DOUBLESTANDARD,N
6173,J_NO_1,C11PALESTINIANJUSTICE,N
6173,J_NO_1,C11PALESTINIANRIGHTS,N
6173,J_NO_1,C12ZIONCRITICAL,N
6173,J_NO_1,C12SOLUTIONS,N
6173,J_NO_1,C12EQUALRIGHTS,N
6173,J_NO_1,C13ISRAELEVIDENCE,N
6173,J_NO_1,C13ISRAELINSTITUTIONS,N
6173,J_NO_1,C13ISRAELPOLICIES,N
6173,J_NO_1,C13ISRAELOPT,N
6173,J_NO_1,C13ISRAELREGION,N
6173,J_NO_1,C13ISRAELDISCRIMINATION,N
6173,J_NO_1,C13ISRAELNORMS,N
6173,J_NO_1,C13ISRAELCOMPARE,N
6173,J_NO_1,C14BDS,N
6173,J_NO_1,C15REASONABLE,N
6173,J_NO_1,C15DOUBLESTANDARD,N
44115,J_NO_1,C11PALESTINIANJUSTICE,N
44115,J_NO_1,C11PALESTINIANRIGHTS,N
44115,J_NO_1,C12ZIONCRITICAL,N
44115,J_NO_1,C12SOLUTIONS,N
44115,J_NO_1,C12EQUALRIGHTS,N
44115,J_NO_1,C13ISRAELEVIDENCE,N
44115,J_NO_1,C13ISRAELINSTITUTIONS,N
44115,J_NO_1,C13ISRAELPOLICIES,N
44115,J_NO_1,C13ISRAELOPT,N
44115,J_NO_1,C13ISRAELREGION,N
44115,J_NO_1,C13ISRAELDISCRIMINATION,N
44115,J_NO_1,C13ISRAELNORMS,N
44115,J_NO_1,C13ISRAELCOMPARE,N
44115,J_NO_1,C14BDS,N
44115,J_NO_1,C15REASONABLE,N
44115,J_NO_1,C15DOUBLESTANDARD,N
36587,J_NO_1,C11PALESTINIANJUSTICE,N
36587,J_NO_1,C11PALESTINIANRIGHTS,N
36587,J_NO_1,C12ZIONCRITICAL,N
36587,J_NO_1,C12SOLUTIONS,N
36587,J_NO_1,C12EQUALRIGHTS,N
36587,J_NO_1,C13ISRAELEVIDENCE,N
36587,J_NO_1,C13ISRAELINSTITUTIONS,N
36587,J_NO_1,C13ISRAELPOLICIES,N
36587,J_NO_1,C13ISRAELOPT,N
36587,J_NO_1,C13ISRAELREGION,N
36587,J_NO_1,C13ISRAELDISCRIMINATION,N
36587,J_NO_1,C13ISRAELNORMS,N
36587,J_NO_1,C13ISRAELCOMPARE,N
36587,J_NO_1,C14BDS,N
36587,J_NO_1,C15REASONABLE,N
36587,J_NO_1,C15DOUBLESTANDARD,N
30156,J_NO_1,C11PALESTINIANJUSTICE,N
30156,J_NO_1,C11PALESTINIANRIGHTS,N
30156,J_NO_1,C12ZIONCRITICAL,N
30156,J_NO_1,C12SOLUTIONS,N
30156,J_NO_1,C12EQUALRIGHTS,N
30156,J_NO_1,C13ISRAELEVIDENCE,N
30156,J_NO_1,C13ISRAELINSTITUTIONS,N
30156,J_NO_1,C13ISRAELPOLICIES,N
30156,J_NO_1,C13ISRAELOPT,N
30156,J_NO_1,C13ISRAELREGION,N
30156,J_NO_1,C13ISRAELDISCRIMINATION,N
30156,J_NO_1,C13ISRAELNORMS,N
30156,J_NO_1,C13ISRAELCOMPARE,N
30156,J_NO_1,C14BDS,N
30156,J_NO_1,C15REASONABLE,N
30156,J_NO_1,C15DOUBLESTANDARD,N
24200,J_NO_1,C11PALESTINIANJUSTICE,N
24200,J_NO_1,C11PALESTINIANRIGHTS,N
24200,J_NO_1,C12ZIONCRITICAL,N
24200,J_NO_1,C12SOLUTIONS,N
24200,J_NO_1,C12EQUALRIGHTS,N
24200,J_NO_1,C13ISRAELEVIDENCE,N
24200,J_NO_1,C13ISRAELINSTITUTIONS,N
24200,J_NO_1,C13ISRAELPOLICIES,N
24200,J_NO_1,C13ISRAELOPT,N
24200,J_NO_1,C13ISRAELREGION,N
24200,J_NO_1,C13ISRAELDISCRIMINATION,N
24200,J_NO_1,C13ISRAELNORMS,N
24200,J_NO_1,C13ISRAELCOMPARE,N
24200,J_NO_1,C14BDS,N
24200,J_NO_1,C15REASONABLE,N
24200,J_NO_1,C15DOUBLESTANDARD,N
28037,J_NO_1,C11PALESTINIANJUSTICE,N
28037,J_NO_1,C11PALESTINIANRIGHTS,N
28037,J_NO_1,C12ZIONCRITICAL,N
28037,J_NO_1,C12SOLUTIONS,N
28037,J_NO_1,C12EQUALRIGHTS,N
28037,J_NO_1,C13ISRAELEVIDENCE,N
28037,J_NO_1,C13ISRAELINSTITUTIONS,N
28037,J_NO_1,C13ISRAELPOLICIES,N
28037,J_NO_1,C13ISRAELOPT,N
28037,J_NO_1,C13ISRAELREGION,N
28037,J_NO_1,C13ISRAELDISCRIMINATION,N
28037,J_NO_1,C13ISRAELNORMS,N
28037,J_NO_1,C13ISRAELCOMPARE,N
28037,J_NO_1,C14BDS,N
28037,J_NO_1,C15REASONABLE,N
28037,J_NO_1,C15DOUBLESTANDARD,N
46559,J_NO_1,C11PALESTINIANJUSTICE,N
46559,J_NO_1,C11PALESTINIANRIGHTS,N
46559,J_NO_1,C12ZIONCRITICAL,N
46559,J_NO_1,C12SOLUTIONS,N
46559,J_NO_1,C12EQUALRIGHTS,N
46559,J_NO_1,C13ISRAELEVIDENCE,N
46559,J_NO_1,C13ISRAELINSTITUTIONS,N
46559,J_NO_1,C13ISRAELPOLICIES,N
46559,J_NO_1,C13ISRAELOPT,N
46559,J_NO_1,C13ISRAELREGION,N
46559,J_NO_1,C13ISRAELDISCRIMINATION,N
46559,J_NO_1,C13ISRAELNORMS,N
46559,J_NO_1,C13ISRAELCOMPARE,N
46559,J_NO_1,C14BDS,N
46559,J_NO_1,C15REASONABLE,N
46559,J_NO_1,C15DOUBLESTANDARD,N
30126,J_NO_1,C11PALESTINIANJUSTICE,I
30126,J_NO_1,C11PALESTINIANRIGHTS,I
30126,J_NO_1,C12ZIONCRITICAL,N
30126,J_NO_1,C12SOLUTIONS,N
30126,J_NO_1,C12EQUALRIGHTS,N
30126,J_NO_1,C13ISRAELEVIDENCE,E
30126,J_NO_1,C13ISRAELINSTITUTIONS,N
30126,J_NO_1,C13ISRAELPOLICIES,E
30126,J_NO_1,C13ISRAELOPT,E
30126,J_NO_1,C13ISRAELREGION,N
30126,J_NO_1,C13ISRAELDISCRIMINATION,N
30126,J_NO_1,C13ISRAELNORMS,N
30126,J_NO_1,C13ISRAELCOMPARE,N
30126,J_NO_1,C14BDS,N
30126,J_NO_1,C15REASONABLE,E
30126,J_NO_1,C15DOUBLESTANDARD,E
13029,J_NO_1,C11PALESTINIANJUSTICE,N
13029,J_NO_1,C11PALESTINIANRIGHTS,N
13029,J_NO_1,C12ZIONCRITICAL,N
13029,J_NO_1,C12SOLUTIONS,N
13029,J_NO_1,C12EQUALRIGHTS,N
13029,J_NO_1,C13ISRAELEVIDENCE,N
13029,J_NO_1,C13ISRAELINSTITUTIONS,N
13029,J_NO_1,C13ISRAELPOLICIES,N
13029,J_NO_1,C13ISRAELOPT,N
13029,J_NO_1,C13ISRAELREGION,N
13029,J_NO_1,C13ISRAELDISCRIMINATION,N
13029,J_NO_1,C13ISRAELNORMS,N
13029,J_NO_1,C13ISRAELCOMPARE,N
13029,J_NO_1,C14BDS,N
13029,J_NO_1,C15REASONABLE,N
13029,J_NO_1,C15DOUBLESTANDARD,N
10843,J_NO_1,C11PALESTINIANJUSTICE,N
10843,J_NO_1,C11PALESTINIANRIGHTS,N
10843,J_NO_1,C12ZIONCRITICAL,N
10843,J_NO_1,C12SOLUTIONS,N
10843,J_NO_1,C12EQUALRIGHTS,N
10843,J_NO_1,C13ISRAELEVIDENCE,N
10843,J_NO_1,C13ISRAELINSTITUTIONS,N
10843,J_NO_1,C13ISRAELPOLICIES,N
10843,J_NO_1,C13ISRAELOPT,N
10843,J_NO_1,C13ISRAELREGION,N
10843,J_NO_1,C13ISRAELDISCRIMINATION,N
10843,J_NO_1,C13ISRAELNORMS,N
10843,J_NO_1,C13ISRAELCOMPARE,N
10843,J_NO_1,C14BDS,N
10843,J_NO_1,C15REASONABLE,N
10843,J_NO_1,C15DOUBLESTANDARD,N
3569,J_NO_1,C11PALESTINIANJUSTICE,N
3569,J_NO_1,C11PALESTINIANRIGHTS,N
3569,J_NO_1,C12ZIONCRITICAL,N
3569,J_NO_1,C12SOLUTIONS,N
3569,J_NO_1,C12EQUALRIGHTS,N
3569,J_NO_1,C13ISRAELEVIDENCE,N
3569,J_NO_1,C13ISRAELINSTITUTIONS,N
3569,J_NO_1,C13ISRAELPOLICIES,N
3569,J_NO_1,C13ISRAELOPT,N
3569,J_NO_1,C13ISRAELREGION,N
3569,J_NO_1,C13ISRAELDISCRIMINATION,N
3569,J_NO_1,C13ISRAELNORMS,N
3569,J_NO_1,C13ISRAELCOMPARE,N
3569,J_NO_1,C14BDS,N
3569,J_NO_1,C15REASONABLE,N
3569,J_NO_1,C15DOUBLESTANDARD,N
12031,J_NO_1,C11PALESTINIANJUSTICE,N
12031,J_NO_1,C11PALESTINIANRIGHTS,N
12031,J_NO_1,C12ZIONCRITICAL,I
12031,J_NO_1,C12SOLUTIONS,N
12031,J_NO_1,C12EQUALRIGHTS,N
12031,J_NO_1,C13ISRAELEVIDENCE,N
12031,J_NO_1,C13ISRAELINSTITUTIONS,N
12031,J_NO_1,C13ISRAELPOLICIES,N
12031,J_NO_1,C13ISRAELOPT,N
12031,J_NO_1,C13ISRAELREGION,N
12031,J_NO_1,C13ISRAELDISCRIMINATION,N
12031,J_NO_1,C13ISRAELNORMS,N
12031,J_NO_1,C13ISRAELCOMPARE,N
12031,J_NO_1,C14BDS,N
12031,J_NO_1,C15REASONABLE,N
12031,J_NO_1,C15DOUBLESTANDARD,I
44559,J_NO_1,C11PALESTINIANJUSTICE,N
44559,J_NO_1,C11PALESTINIANRIGHTS,N
44559,J_NO_1,C12ZIONCRITICAL,N
44559,J_NO_1,C12SOLUTIONS,N
44559,J_NO_1,C12EQUALRIGHTS,N
44559,J_NO_1,C13ISRAELEVIDENCE,N
44559,J_NO_1,C13ISRAELINSTITUTIONS,N
44559,J_NO_1,C13ISRAELPOLICIES,N
44559,J_NO_1,C13ISRAELOPT,N
44559,J_NO_1,C13ISRAELREGION,N
44559,J_NO_1,C13ISRAELDISCRIMINATION,N
44559,J_NO_1,C13ISRAELNORMS,N
44559,J_NO_1,C13ISRAELCOMPARE,N
44559,J_NO_1,C14BDS,N
44559,J_NO_1,C15REASONABLE,N
44559,J_NO_1,C15DOUBLESTANDARD,N
46834,J_NO_1,C11PALESTINIANJUSTICE,N
46834,J_NO_1,C11PALESTINIANRIGHTS,N
46834,J_NO_1,C12ZIONCRITICAL,N
46834,J_NO_1,C12SOLUTIONS,N
46834,J_NO_1,C12EQUALRIGHTS,N
46834,J_NO_1,C13ISRAELEVIDENCE,N
46834,J_NO_1,C13ISRAELINSTITUTIONS,N
46834,J_NO_1,C13ISRAELPOLICIES,N
46834,J_NO_1,C13ISRAELOPT,N
46834,J_NO_1,C13ISRAELREGION,N
46834,J_NO_1,C13ISRAELDISCRIMINATION,N
46834,J_NO_1,C13ISRAELNORMS,N
46834,J_NO_1,C13ISRAELCOMPARE,N
46834,J_NO_1,C14BDS,N
46834,J_NO_1,C15REASONABLE,N
46834,J_NO_1,C15DOUBLESTANDARD,N
48650,J_NO_1,C11PALESTINIANJUSTICE,N
48650,J_NO_1,C11PALESTINIANRIGHTS,N
48650,J_NO_1,C12ZIONCRITICAL,I
48650,J_NO_1,C12SOLUTIONS,N
48650,J_NO_1,C12EQUALRIGHTS,N
48650,J_NO_1,C13ISRAELEVIDENCE,N
48650,J_NO_1,C13ISRAELINSTITUTIONS,N
48650,J_NO_1,C13ISRAELPOLICIES,N
48650,J_NO_1,C13ISRAELOPT,N
48650,J_NO_1,C13ISRAELREGION,N
48650,J_NO_1,C13ISRAELDISCRIMINATION,N
48650,J_NO_1,C13ISRAELNORMS,N
48650,J_NO_1,C13ISRAELCOMPARE,N
48650,J_NO_1,C14BDS,N
48650,J_NO_1,C15REASONABLE,A
48650,J_NO_1,C15DOUBLESTANDARD,N
30879,J_NO_1,C11PALESTINIANJUSTICE,N
30879,J_NO_1,C11PALESTINIANRIGHTS,N
30879,J_NO_1,C12ZIONCRITICAL,N
30879,J_NO_1,C12SOLUTIONS,N
30879,J_NO_1,C12EQUALRIGHTS,N
30879,J_NO_1,C13ISRAELEVIDENCE,N
30879,J_NO_1,C13ISRAELINSTITUTIONS,N
30879,J_NO_1,C13ISRAELPOLICIES,N
30879,J_NO_1,C13ISRAELOPT,N
30879,J_NO_1,C13ISRAELREGION,N
30879,J_NO_1,C13ISRAELDISCRIMINATION,N
30879,J_NO_1,C13ISRAELNORMS,N
30879,J_NO_1,C13ISRAELCOMPARE,N
30879,J_NO_1,C14BDS,N
30879,J_NO_1,C15REASONABLE,N
30879,J_NO_1,C15DOUBLESTANDARD,N
6819,J_NO_1,C11PALESTINIANJUSTICE,N
6819,J_NO_1,C11PALESTINIANRIGHTS,N
6819,J_NO_1,C12ZIONCRITICAL,N
6819,J_NO_1,C12SOLUTIONS,N
6819,J_NO_1,C12EQUALRIGHTS,N
6819,J_NO_1,C13ISRAELEVIDENCE,N
6819,J_NO_1,C13ISRAELINSTITUTIONS,N
6819,J_NO_1,C13ISRAELPOLICIES,N
6819,J_NO_1,C13ISRAELOPT,N
6819,J_NO_1,C13ISRAELREGION,N
6819,J_NO_1,C13ISRAELDISCRIMINATION,N
6819,J_NO_1,C13ISRAELNORMS,N
6819,J_NO_1,C13ISRAELCOMPARE,N
6819,J_NO_1,C14BDS,N
6819,J_NO_1,C15REASONABLE,N
6819,J_NO_1,C15DOUBLESTANDARD,N
6896,J_NO_1,C11PALESTINIANJUSTICE,N
6896,J_NO_1,C11PALESTINIANRIGHTS,N
6896,J_NO_1,C12ZIONCRITICAL,N
6896,J_NO_1,C12SOLUTIONS,N
6896,J_NO_1,C12EQUALRIGHTS,N
6896,J_NO_1,C13ISRAELEVIDENCE,N
6896,J_NO_1,C13ISRAELINSTITUTIONS,N
6896,J_NO_1,C13ISRAELPOLICIES,N
6896,J_NO_1,C13ISRAELOPT,N
6896,J_NO_1,C13ISRAELREGION,N
6896,J_NO_1,C13ISRAELDISCRIMINATION,N
6896,J_NO_1,C13ISRAELNORMS,N
6896,J_NO_1,C13ISRAELCOMPARE,N
6896,J_NO_1,C14BDS,N
6896,J_NO_1,C15REASONABLE,N
6896,J_NO_1,C15DOUBLESTANDARD,N
7745,J_NO_1,C11PALESTINIANJUSTICE,N
7745,J_NO_1,C11PALESTINIANRIGHTS,N
7745,J_NO_1,C12ZIONCRITICAL,N
7745,J_NO_1,C12SOLUTIONS,N
7745,J_NO_1,C12EQUALRIGHTS,N
7745,J_NO_1,C13ISRAELEVIDENCE,N
7745,J_NO_1,C13ISRAELINSTITUTIONS,N
7745,J_NO_1,C13ISRAELPOLICIES,N
7745,J_NO_1,C13ISRAELOPT,N
7745,J_NO_1,C13ISRAELREGION,N
7745,J_NO_1,C13ISRAELDISCRIMINATION,N
7745,J_NO_1,C13ISRAELNORMS,N
7745,J_NO_1,C13ISRAELCOMPARE,N
7745,J_NO_1,C14BDS,N
7745,J_NO_1,C15REASONABLE,N
7745,J_NO_1,C15DOUBLESTANDARD,N
40439,J_NO_1,C11PALESTINIANJUSTICE,N
40439,J_NO_1,C11PALESTINIANRIGHTS,N
40439,J_NO_1,C12ZIONCRITICAL,N
40439,J_NO_1,C12SOLUTIONS,N
40439,J_NO_1,C12EQUALRIGHTS,N
40439,J_NO_1,C13ISRAELEVIDENCE,N
40439,J_NO_1,C13ISRAELINSTITUTIONS,N
40439,J_NO_1,C13ISRAELPOLICIES,N
40439,J_NO_1,C13ISRAELOPT,N
40439,J_NO_1,C13ISRAELREGION,N
40439,J_NO_1,C13ISRAELDISCRIMINATION,N
40439,J_NO_1,C13ISRAELNORMS,N
40439,J_NO_1,C13ISRAELCOMPARE,N
40439,J_NO_1,C14BDS,N
40439,J_NO_1,C15REASONABLE,N
40439,J_NO_1,C15DOUBLESTANDARD,N
35072,J_NO_1,C11PALESTINIANJUSTICE,N
35072,J_NO_1,C11PALESTINIANRIGHTS,N
35072,J_NO_1,C12ZIONCRITICAL,N
35072,J_NO_1,C12SOLUTIONS,N
35072,J_NO_1,C12EQUALRIGHTS,N
35072,J_NO_1,C13ISRAELEVIDENCE,N
35072,J_NO_1,C13ISRAELINSTITUTIONS,N
35072,J_NO_1,C13ISRAELPOLICIES,N
35072,J_NO_1,C13ISRAELOPT,N
35072,J_NO_1,C13ISRAELREGION,N
35072,J_NO_1,C13ISRAELDISCRIMINATION,N
35072,J_NO_1,C13ISRAELNORMS,N
35072,J_NO_1,C13ISRAELCOMPARE,N
35072,J_NO_1,C14BDS,N
35072,J_NO_1,C15REASONABLE,N
35072,J_NO_1,C15DOUBLESTANDARD,N
32313,J_NO_1,C11PALESTINIANJUSTICE,N
32313,J_NO_1,C11PALESTINIANRIGHTS,N
32313,J_NO_1,C12ZIONCRITICAL,N
32313,J_NO_1,C12SOLUTIONS,N
32313,J_NO_1,C12EQUALRIGHTS,N
32313,J_NO_1,C13ISRAELEVIDENCE,N
32313,J_NO_1,C13ISRAELINSTITUTIONS,N
32313,J_NO_1,C13ISRAELPOLICIES,N
32313,J_NO_1,C13ISRAELOPT,N
32313,J_NO_1,C13ISRAELREGION,N
32313,J_NO_1,C13ISRAELDISCRIMINATION,N
32313,J_NO_1,C13ISRAELNORMS,N
32313,J_NO_1,C13ISRAELCOMPARE,N
32313,J_NO_1,C14BDS,N
32313,J_NO_1,C15REASONABLE,N
32313,J_NO_1,C15DOUBLESTANDARD,N
4086,J_NO_1,C11PALESTINIANJUSTICE,N
4086,J_NO_1,C11PALESTINIANRIGHTS,N
4086,J_NO_1,C12ZIONCRITICAL,N
4086,J_NO_1,C12SOLUTIONS,N
4086,J_NO_1,C12EQUALRIGHTS,N
4086,J_NO_1,C13ISRAELEVIDENCE,N
4086,J_NO_1,C13ISRAELINSTITUTIONS,N
4086,J_NO_1,C13ISRAELPOLICIES,N
4086,J_NO_1,C13ISRAELOPT,N
4086,J_NO_1,C13ISRAELREGION,N
4086,J_NO_1,C13ISRAELDISCRIMINATION,N
4086,J_NO_1,C13ISRAELNORMS,N
4086,J_NO_1,C13ISRAELCOMPARE,N
4086,J_NO_1,C14BDS,N
4086,J_NO_1,C15REASONABLE,N
4086,J_NO_1,C15DOUBLESTANDARD,N
32751,J_NO_1,C11PALESTINIANJUSTICE,N
32751,J_NO_1,C11PALESTINIANRIGHTS,N
32751,J_NO_1,C12ZIONCRITICAL,N
32751,J_NO_1,C12SOLUTIONS,N
32751,J_NO_1,C12EQUALRIGHTS,N
32751,J_NO_1,C13ISRAELEVIDENCE,N
32751,J_NO_1,C13ISRAELINSTITUTIONS,N
32751,J_NO_1,C13ISRAELPOLICIES,N
32751,J_NO_1,C13ISRAELOPT,N
32751,J_NO_1,C13ISRAELREGION,N
32751,J_NO_1,C13ISRAELDISCRIMINATION,N
32751,J_NO_1,C13ISRAELNORMS,N
32751,J_NO_1,C13ISRAELCOMPARE,N
32751,J_NO_1,C14BDS,N
32751,J_NO_1,C15REASONABLE,I
32751,J_NO_1,C15DOUBLESTANDARD,N
9295,J_NO_1,C11PALESTINIANJUSTICE,N
9295,J_NO_1,C11PALESTINIANRIGHTS,N
9295,J_NO_1,C12ZIONCRITICAL,N
9295,J_NO_1,C12SOLUTIONS,N
9295,J_NO_1,C12EQUALRIGHTS,N
9295,J_NO_1,C13ISRAELEVIDENCE,N
9295,J_NO_1,C13ISRAELINSTITUTIONS,N
9295,J_NO_1,C13ISRAELPOLICIES,N
9295,J_NO_1,C13ISRAELOPT,N
9295,J_NO_1,C13ISRAELREGION,N
9295,J_NO_1,C13ISRAELDISCRIMINATION,N
9295,J_NO_1,C13ISRAELNORMS,N
9295,J_NO_1,C13ISRAELCOMPARE,N
9295,J_NO_1,C14BDS,N
9295,J_NO_1,C15REASONABLE,N
9295,J_NO_1,C15DOUBLESTANDARD,N
1133,J_NO_1,C11PALESTINIANJUSTICE,N
1133,J_NO_1,C11PALESTINIANRIGHTS,N
1133,J_NO_1,C12ZIONCRITICAL,N
1133,J_NO_1,C12SOLUTIONS,N
1133,J_NO_1,C12EQUALRIGHTS,N
1133,J_NO_1,C13ISRAELEVIDENCE,N
1133,J_NO_1,C13ISRAELINSTITUTIONS,N
1133,J_NO_1,C13ISRAELPOLICIES,N
1133,J_NO_1,C13ISRAELOPT,N
1133,J_NO_1,C13ISRAELREGION,N
1133,J_NO_1,C13ISRAELDISCRIMINATION,N
1133,J_NO_1,C13ISRAELNORMS,N
1133,J_NO_1,C13ISRAELCOMPARE,N
1133,J_NO_1,C14BDS,N
1133,J_NO_1,C15REASONABLE,N
1133,J_NO_1,C15DOUBLESTANDARD,N
13670,J_NO_1,C11PALESTINIANJUSTICE,N
13670,J_NO_1,C11PALESTINIANRIGHTS,N
13670,J_NO_1,C12ZIONCRITICAL,N
13670,J_NO_1,C12SOLUTIONS,N
13670,J_NO_1,C12EQUALRIGHTS,N
13670,J_NO_1,C13ISRAELEVIDENCE,N
13670,J_NO_1,C13ISRAELINSTITUTIONS,N
13670,J_NO_1,C13ISRAELPOLICIES,N
13670,J_NO_1,C13ISRAELOPT,N
13670,J_NO_1,C13ISRAELREGION,N
13670,J_NO_1,C13ISRAELDISCRIMINATION,N
13670,J_NO_1,C13ISRAELNORMS,N
13670,J_NO_1,C13ISRAELCOMPARE,N
13670,J_NO_1,C14BDS,N
13670,J_NO_1,C15REASONABLE,N
13670,J_NO_1,C15DOUBLESTANDARD,N
23601,J_NO_1,C11PALESTINIANJUSTICE,N
23601,J_NO_1,C11PALESTINIANRIGHTS,N
23601,J_NO_1,C12ZIONCRITICAL,N
23601,J_NO_1,C12SOLUTIONS,N
23601,J_NO_1,C12EQUALRIGHTS,N
23601,J_NO_1,C13ISRAELEVIDENCE,N
23601,J_NO_1,C13ISRAELINSTITUTIONS,N
23601,J_NO_1,C13ISRAELPOLICIES,N
23601,J_NO_1,C13ISRAELOPT,N
23601,J_NO_1,C13ISRAELREGION,N
23601,J_NO_1,C13ISRAELDISCRIMINATION,N
23601,J_NO_1,C13ISRAELNORMS,N
23601,J_NO_1,C13ISRAELCOMPARE,N
23601,J_NO_1,C14BDS,N
23601,J_NO_1,C15REASONABLE,N
23601,J_NO_1,C15DOUBLESTANDARD,N
30754,J_NO_1,C11PALESTINIANJUSTICE,N
30754,J_NO_1,C11PALESTINIANRIGHTS,N
30754,J_NO_1,C12ZIONCRITICAL,N
30754,J_NO_1,C12SOLUTIONS,N
30754,J_NO_1,C12EQUALRIGHTS,N
30754,J_NO_1,C13ISRAELEVIDENCE,N
30754,J_NO_1,C13ISRAELINSTITUTIONS,N
30754,J_NO_1,C13ISRAELPOLICIES,N
30754,J_NO_1,C13ISRAELOPT,N
30754,J_NO_1,C13ISRAELREGION,N
30754,J_NO_1,C13ISRAELDISCRIMINATION,N
30754,J_NO_1,C13ISRAELNORMS,N
30754,J_NO_1,C13ISRAELCOMPARE,N
30754,J_NO_1,C14BDS,N
30754,J_NO_1,C15REASONABLE,N
30754,J_NO_1,C15DOUBLESTANDARD,N
38145,J_NO_1,C11PALESTINIANJUSTICE,N
38145,J_NO_1,C11PALESTINIANRIGHTS,N
38145,J_NO_1,C12ZIONCRITICAL,N
38145,J_NO_1,C12SOLUTIONS,N
38145,J_NO_1,C12EQUALRIGHTS,N
38145,J_NO_1,C13ISRAELEVIDENCE,N
38145,J_NO_1,C13ISRAELINSTITUTIONS,N
38145,J_NO_1,C13ISRAELPOLICIES,N
38145,J_NO_1,C13ISRAELOPT,N
38145,J_NO_1,C13ISRAELREGION,N
38145,J_NO_1,C13ISRAELDISCRIMINATION,N
38145,J_NO_1,C13ISRAELNORMS,N
38145,J_NO_1,C13ISRAELCOMPARE,N
38145,J_NO_1,C14BDS,N
38145,J_NO_1,C15REASONABLE,N
38145,J_NO_1,C15DOUBLESTANDARD,N
9874,J_NO_1,C11PALESTINIANJUSTICE,N
9874,J_NO_1,C11PALESTINIANRIGHTS,N
9874,J_NO_1,C12ZIONCRITICAL,N
9874,J_NO_1,C12SOLUTIONS,N
9874,J_NO_1,C12EQUALRIGHTS,N
9874,J_NO_1,C13ISRAELEVIDENCE,N
9874,J_NO_1,C13ISRAELINSTITUTIONS,N
9874,J_NO_1,C13ISRAELPOLICIES,N
9874,J_NO_1,C13ISRAELOPT,N
9874,J_NO_1,C13ISRAELREGION,N
9874,J_NO_1,C13ISRAELDISCRIMINATION,N
9874,J_NO_1,C13ISRAELNORMS,N
9874,J_NO_1,C13ISRAELCOMPARE,N
9874,J_NO_1,C14BDS,N
9874,J_NO_1,C15REASONABLE,N
9874,J_NO_1,C15DOUBLESTANDARD,N
10313,J_NO_1,C11PALESTINIANJUSTICE,N
10313,J_NO_1,C11PALESTINIANRIGHTS,N
10313,J_NO_1,C12ZIONCRITICAL,N
10313,J_NO_1,C12SOLUTIONS,N
10313,J_NO_1,C12EQUALRIGHTS,N
10313,J_NO_1,C13ISRAELEVIDENCE,N
10313,J_NO_1,C13ISRAELINSTITUTIONS,N
10313,J_NO_1,C13ISRAELPOLICIES,N
10313,J_NO_1,C13ISRAELOPT,N
10313,J_NO_1,C13ISRAELREGION,N
10313,J_NO_1,C13ISRAELDISCRIMINATION,N
10313,J_NO_1,C13ISRAELNORMS,N
10313,J_NO_1,C13ISRAELCOMPARE,N
10313,J_NO_1,C14BDS,N
10313,J_NO_1,C15REASONABLE,N
10313,J_NO_1,C15DOUBLESTANDARD,N
6273,J_NO_1,C11PALESTINIANJUSTICE,N
6273,J_NO_1,C11PALESTINIANRIGHTS,N
6273,J_NO_1,C12ZIONCRITICAL,N
6273,J_NO_1,C12SOLUTIONS,N
6273,J_NO_1,C12EQUALRIGHTS,N
6273,J_NO_1,C13ISRAELEVIDENCE,N
6273,J_NO_1,C13ISRAELINSTITUTIONS,N
6273,J_NO_1,C13ISRAELPOLICIES,N
6273,J_NO_1,C13ISRAELOPT,N
6273,J_NO_1,C13ISRAELREGION,N
6273,J_NO_1,C13ISRAELDISCRIMINATION,N
6273,J_NO_1,C13ISRAELNORMS,N
6273,J_NO_1,C13ISRAELCOMPARE,N
6273,J_NO_1,C14BDS,N
6273,J_NO_1,C15REASONABLE,N
6273,J_NO_1,C15DOUBLESTANDARD,N
6607,J_NO_1,C11PALESTINIANJUSTICE,N
6607,J_NO_1,C11PALESTINIANRIGHTS,N
6607,J_NO_1,C12ZIONCRITICAL,N
6607,J_NO_1,C12SOLUTIONS,N
6607,J_NO_1,C12EQUALRIGHTS,N
6607,J_NO_1,C13ISRAELEVIDENCE,N
6607,J_NO_1,C13ISRAELINSTITUTIONS,N
6607,J_NO_1,C13ISRAELPOLICIES,N
6607,J_NO_1,C13ISRAELOPT,N
6607,J_NO_1,C13ISRAELREGION,N
6607,J_NO_1,C13ISRAELDISCRIMINATION,N
6607,J_NO_1,C13ISRAELNORMS,N
6607,J_NO_1,C13ISRAELCOMPARE,N
6607,J_NO_1,C14BDS,N
6607,J_NO_1,C15REASONABLE,N
6607,J_NO_1,C15DOUBLESTANDARD,N
3224,J_NO_1,C11PALESTINIANJUSTICE,N
3224,J_NO_1,C11PALESTINIANRIGHTS,N
3224,J_NO_1,C12ZIONCRITICAL,N
3224,J_NO_1,C12SOLUTIONS,N
3224,J_NO_1,C12EQUALRIGHTS,N
3224,J_NO_1,C13ISRAELEVIDENCE,N
3224,J_NO_1,C13ISRAELINSTITUTIONS,N
3224,J_NO_1,C13ISRAELPOLICIES,N
3224,J_NO_1,C13ISRAELOPT,N
3224,J_NO_1,C13ISRAELREGION,N
3224,J_NO_1,C13ISRAELDISCRIMINATION,N
3224,J_NO_1,C13ISRAELNORMS,N
3224,J_NO_1,C13ISRAELCOMPARE,N
3224,J_NO_1,C14BDS,N
3224,J_NO_1,C15REASONABLE,N
3224,J_NO_1,C15DOUBLESTANDARD,N
9309,J_NO_1,C11PALESTINIANJUSTICE,N
9309,J_NO_1,C11PALESTINIANRIGHTS,N
9309,J_NO_1,C12ZIONCRITICAL,N
9309,J_NO_1,C12SOLUTIONS,N
9309,J_NO_1,C12EQUALRIGHTS,N
9309,J_NO_1,C13ISRAELEVIDENCE,N
9309,J_NO_1,C13ISRAELINSTITUTIONS,N
9309,J_NO_1,C13ISRAELPOLICIES,E
9309,J_NO_1,C13ISRAELOPT,N
9309,J_NO_1,C13ISRAELREGION,N
9309,J_NO_1,C13ISRAELDISCRIMINATION,N
9309,J_NO_1,C13ISRAELNORMS,N
9309,J_NO_1,C13ISRAELCOMPARE,N
9309,J_NO_1,C14BDS,N
9309,J_NO_1,C15REASONABLE,E
9309,J_NO_1,C15DOUBLESTANDARD,N
16772,J_NO_1,C11PALESTINIANJUSTICE,A
16772,J_NO_1,C11PALESTINIANRIGHTS,A
16772,J_NO_1,C12ZIONCRITICAL,A
16772,J_NO_1,C12SOLUTIONS,A
16772,J_NO_1,C12EQUALRIGHTS,A
16772,J_NO_1,C13ISRAELEVIDENCE,A
16772,J_NO_1,C13ISRAELINSTITUTIONS,A
16772,J_NO_1,C13ISRAELPOLICIES,A
16772,J_NO_1,C13ISRAELOPT,A
16772,J_NO_1,C13ISRAELREGION,A
16772,J_NO_1,C13ISRAELDISCRIMINATION,A
16772,J_NO_1,C13ISRAELNORMS,A
16772,J_NO_1,C13ISRAELCOMPARE,A
16772,J_NO_1,C14BDS,N
16772,J_NO_1,C15REASONABLE,A
16772,J_NO_1,C15DOUBLESTANDARD,A
12227,J_NO_1,C11PALESTINIANJUSTICE,N
12227,J_NO_1,C11PALESTINIANRIGHTS,N
12227,J_NO_1,C12ZIONCRITICAL,N
12227,J_NO_1,C12SOLUTIONS,N
12227,J_NO_1,C12EQUALRIGHTS,N
12227,J_NO_1,C13ISRAELEVIDENCE,N
12227,J_NO_1,C13ISRAELINSTITUTIONS,N
12227,J_NO_1,C13ISRAELPOLICIES,N
12227,J_NO_1,C13ISRAELOPT,N
12227,J_NO_1,C13ISRAELREGION,N
12227,J_NO_1,C13ISRAELDISCRIMINATION,N
12227,J_NO_1,C13ISRAELNORMS,N
12227,J_NO_1,C13ISRAELCOMPARE,N
12227,J_NO_1,C14BDS,N
12227,J_NO_1,C15REASONABLE,N
12227,J_NO_1,C15DOUBLESTANDARD,N
234,J_NO_1,C11PALESTINIANJUSTICE,N
234,J_NO_1,C11PALESTINIANRIGHTS,N
234,J_NO_1,C12ZIONCRITICAL,N
234,J_NO_1,C12SOLUTIONS,N
234,J_NO_1,C12EQUALRIGHTS,N
234,J_NO_1,C13ISRAELEVIDENCE,N
234,J_NO_1,C13ISRAELINSTITUTIONS,N
234,J_NO_1,C13ISRAELPOLICIES,N
234,J_NO_1,C13ISRAELOPT,N
234,J_NO_1,C13ISRAELREGION,N
234,J_NO_1,C13ISRAELDISCRIMINATION,N
234,J_NO_1,C13ISRAELNORMS,N
234,J_NO_1,C13ISRAELCOMPARE,N
234,J_NO_1,C14BDS,N
234,J_NO_1,C15REASONABLE,N
234,J_NO_1,C15DOUBLESTANDARD,N
11314,J_NO_1,C11PALESTINIANJUSTICE,N
11314,J_NO_1,C11PALESTINIANRIGHTS,N
11314,J_NO_1,C12ZIONCRITICAL,N
11314,J_NO_1,C12SOLUTIONS,N
11314,J_NO_1,C12EQUALRIGHTS,N
11314,J_NO_1,C13ISRAELEVIDENCE,N
11314,J_NO_1,C13ISRAELINSTITUTIONS,N
11314,J_NO_1,C13ISRAELPOLICIES,N
11314,J_NO_1,C13ISRAELOPT,N
11314,J_NO_1,C13ISRAELREGION,N
11314,J_NO_1,C13ISRAELDISCRIMINATION,N
11314,J_NO_1,C13ISRAELNORMS,N
11314,J_NO_1,C13ISRAELCOMPARE,N
11314,J_NO_1,C14BDS,N
11314,J_NO_1,C15REASONABLE,N
11314,J_NO_1,C15DOUBLESTANDARD,N
658,J_NO_1,C11PALESTINIANJUSTICE,N
658,J_NO_1,C11PALESTINIANRIGHTS,N
658,J_NO_1,C12ZIONCRITICAL,N
658,J_NO_1,C12SOLUTIONS,N
658,J_NO_1,C12EQUALRIGHTS,N
658,J_NO_1,C13ISRAELEVIDENCE,N
658,J_NO_1,C13ISRAELINSTITUTIONS,N
658,J_NO_1,C13ISRAELPOLICIES,N
658,J_NO_1,C13ISRAELOPT,N
658,J_NO_1,C13ISRAELREGION,N
658,J_NO_1,C13ISRAELDISCRIMINATION,N
658,J_NO_1,C13ISRAELNORMS,N
658,J_NO_1,C13ISRAELCOMPARE,N
658,J_NO_1,C14BDS,N
658,J_NO_1,C15REASONABLE,N
658,J_NO_1,C15DOUBLESTANDARD,N
27773,J_NO_1,C11PALESTINIANJUSTICE,N
27773,J_NO_1,C11PALESTINIANRIGHTS,N
27773,J_NO_1,C12ZIONCRITICAL,N
27773,J_NO_1,C12SOLUTIONS,N
27773,J_NO_1,C12EQUALRIGHTS,N
27773,J_NO_1,C13ISRAELEVIDENCE,N
27773,J_NO_1,C13ISRAELINSTITUTIONS,N
27773,J_NO_1,C13ISRAELPOLICIES,N
27773,J_NO_1,C13ISRAELOPT,N
27773,J_NO_1,C13ISRAELREGION,N
27773,J_NO_1,C13ISRAELDISCRIMINATION,N
27773,J_NO_1,C13ISRAELNORMS,N
27773,J_NO_1,C13ISRAELCOMPARE,N
27773,J_NO_1,C14BDS,N
27773,J_NO_1,C15REASONABLE,N
27773,J_NO_1,C15DOUBLESTANDARD,N
7366,J_NO_1,C11PALESTINIANJUSTICE,N
7366,J_NO_1,C11PALESTINIANRIGHTS,N
7366,J_NO_1,C12ZIONCRITICAL,N
7366,J_NO_1,C12SOLUTIONS,N
7366,J_NO_1,C12EQUALRIGHTS,N
7366,J_NO_1,C13ISRAELEVIDENCE,N
7366,J_NO_1,C13ISRAELINSTITUTIONS,N
7366,J_NO_1,C13ISRAELPOLICIES,N
7366,J_NO_1,C13ISRAELOPT,N
7366,J_NO_1,C13ISRAELREGION,N
7366,J_NO_1,C13ISRAELDISCRIMINATION,N
7366,J_NO_1,C13ISRAELNORMS,N
7366,J_NO_1,C13ISRAELCOMPARE,N
7366,J_NO_1,C14BDS,N
7366,J_NO_1,C15REASONABLE,N
7366,J_NO_1,C15DOUBLESTANDARD,N
44408,J_NO_1,C11PALESTINIANJUSTICE,N
44408,J_NO_1,C11PALESTINIANRIGHTS,N
44408,J_NO_1,C12ZIONCRITICAL,N
44408,J_NO_1,C12SOLUTIONS,N
44408,J_NO_1,C12EQUALRIGHTS,N
44408,J_NO_1,C13ISRAELEVIDENCE,N
44408,J_NO_1,C13ISRAELINSTITUTIONS,N
44408,J_NO_1,C13ISRAELPOLICIES,N
44408,J_NO_1,C13ISRAELOPT,N
44408,J_NO_1,C13ISRAELREGION,N
44408,J_NO_1,C13ISRAELDISCRIMINATION,N
44408,J_NO_1,C13ISRAELNORMS,N
44408,J_NO_1,C13ISRAELCOMPARE,N
44408,J_NO_1,C14BDS,N
44408,J_NO_1,C15REASONABLE,N
44408,J_NO_1,C15DOUBLESTANDARD,N
2624,J_NO_1,C11PALESTINIANJUSTICE,N
2624,J_NO_1,C11PALESTINIANRIGHTS,N
2624,J_NO_1,C12ZIONCRITICAL,N
2624,J_NO_1,C12SOLUTIONS,N
2624,J_NO_1,C12EQUALRIGHTS,N
2624,J_NO_1,C13ISRAELEVIDENCE,N
2624,J_NO_1,C13ISRAELINSTITUTIONS,N
2624,J_NO_1,C13ISRAELPOLICIES,N
2624,J_NO_1,C13ISRAELOPT,N
2624,J_NO_1,C13ISRAELREGION,N
2624,J_NO_1,C13ISRAELDISCRIMINATION,N
2624,J_NO_1,C13ISRAELNORMS,N
2624,J_NO_1,C13ISRAELCOMPARE,N
2624,J_NO_1,C14BDS,N
2624,J_NO_1,C15REASONABLE,N
2624,J_NO_1,C15DOUBLESTANDARD,N
32795,J_NO_1,C11PALESTINIANJUSTICE,N
32795,J_NO_1,C11PALESTINIANRIGHTS,N
32795,J_NO_1,C12ZIONCRITICAL,N
32795,J_NO_1,C12SOLUTIONS,N
32795,J_NO_1,C12EQUALRIGHTS,N
32795,J_NO_1,C13ISRAELEVIDENCE,N
32795,J_NO_1,C13ISRAELINSTITUTIONS,N
32795,J_NO_1,C13ISRAELPOLICIES,N
32795,J_NO_1,C13ISRAELOPT,N
32795,J_NO_1,C13ISRAELREGION,N
32795,J_NO_1,C13ISRAELDISCRIMINATION,N
32795,J_NO_1,C13ISRAELNORMS,N
32795,J_NO_1,C13ISRAELCOMPARE,N
32795,J_NO_1,C14BDS,N
32795,J_NO_1,C15REASONABLE,N
32795,J_NO_1,C15DOUBLESTANDARD,N
3915,J_NO_1,C11PALESTINIANJUSTICE,N
3915,J_NO_1,C11PALESTINIANRIGHTS,N
3915,J_NO_1,C12ZIONCRITICAL,N
3915,J_NO_1,C12SOLUTIONS,N
3915,J_NO_1,C12EQUALRIGHTS,N
3915,J_NO_1,C13ISRAELEVIDENCE,N
3915,J_NO_1,C13ISRAELINSTITUTIONS,N
3915,J_NO_1,C13ISRAELPOLICIES,N
3915,J_NO_1,C13ISRAELOPT,N
3915,J_NO_1,C13ISRAELREGION,N
3915,J_NO_1,C13ISRAELDISCRIMINATION,N
3915,J_NO_1,C13ISRAELNORMS,N
3915,J_NO_1,C13ISRAELCOMPARE,N
3915,J_NO_1,C14BDS,N
3915,J_NO_1,C15REASONABLE,N
3915,J_NO_1,C15DOUBLESTANDARD,N
31580,J_NO_1,C11PALESTINIANJUSTICE,N
31580,J_NO_1,C11PALESTINIANRIGHTS,N
31580,J_NO_1,C12ZIONCRITICAL,N
31580,J_NO_1,C12SOLUTIONS,N
31580,J_NO_1,C12EQUALRIGHTS,N
31580,J_NO_1,C13ISRAELEVIDENCE,N
31580,J_NO_1,C13ISRAELINSTITUTIONS,N
31580,J_NO_1,C13ISRAELPOLICIES,N
31580,J_NO_1,C13ISRAELOPT,N
31580,J_NO_1,C13ISRAELREGION,N
31580,J_NO_1,C13ISRAELDISCRIMINATION,N
31580,J_NO_1,C13ISRAELNORMS,N
31580,J_NO_1,C13ISRAELCOMPARE,N
31580,J_NO_1,C14BDS,N
31580,J_NO_1,C15REASONABLE,N
31580,J_NO_1,C15DOUBLESTANDARD,N
39221,J_NO_1,C11PALESTINIANJUSTICE,N
39221,J_NO_1,C11PALESTINIANRIGHTS,N
39221,J_NO_1,C12ZIONCRITICAL,N
39221,J_NO_1,C12SOLUTIONS,N
39221,J_NO_1,C12EQUALRIGHTS,N
39221,J_NO_1,C13ISRAELEVIDENCE,N
39221,J_NO_1,C13ISRAELINSTITUTIONS,N
39221,J_NO_1,C13ISRAELPOLICIES,N
39221,J_NO_1,C13ISRAELOPT,N
39221,J_NO_1,C13ISRAELREGION,N
39221,J_NO_1,C13ISRAELDISCRIMINATION,N
39221,J_NO_1,C13ISRAELNORMS,N
39221,J_NO_1,C13ISRAELCOMPARE,N
39221,J_NO_1,C14BDS,N
39221,J_NO_1,C15REASONABLE,N
39221,J_NO_1,C15DOUBLESTANDARD,N
39638,J_NO_1,C11PALESTINIANJUSTICE,N
39638,J_NO_1,C11PALESTINIANRIGHTS,N
39638,J_NO_1,C12ZIONCRITICAL,N
39638,J_NO_1,C12SOLUTIONS,N
39638,J_NO_1,C12EQUALRIGHTS,N
39638,J_NO_1,C13ISRAELEVIDENCE,N
39638,J_NO_1,C13ISRAELINSTITUTIONS,N
39638,J_NO_1,C13ISRAELPOLICIES,N
39638,J_NO_1,C13ISRAELOPT,N
39638,J_NO_1,C13ISRAELREGION,N
39638,J_NO_1,C13ISRAELDISCRIMINATION,N
39638,J_NO_1,C13ISRAELNORMS,N
39638,J_NO_1,C13ISRAELCOMPARE,N
39638,J_NO_1,C14BDS,N
39638,J_NO_1,C15REASONABLE,N
39638,J_NO_1,C15DOUBLESTANDARD,N
6356,J_NO_1,C11PALESTINIANJUSTICE,N
6356,J_NO_1,C11PALESTINIANRIGHTS,N
6356,J_NO_1,C12ZIONCRITICAL,N
6356,J_NO_1,C12SOLUTIONS,N
6356,J_NO_1,C12EQUALRIGHTS,N
6356,J_NO_1,C13ISRAELEVIDENCE,N
6356,J_NO_1,C13ISRAELINSTITUTIONS,N
6356,J_NO_1,C13ISRAELPOLICIES,N
6356,J_NO_1,C13ISRAELOPT,N
6356,J_NO_1,C13ISRAELREGION,N
6356,J_NO_1,C13ISRAELDISCRIMINATION,N
6356,J_NO_1,C13ISRAELNORMS,N
6356,J_NO_1,C13ISRAELCOMPARE,N
6356,J_NO_1,C14BDS,N
6356,J_NO_1,C15REASONABLE,N
6356,J_NO_1,C15DOUBLESTANDARD,N
44762,J_NO_1,C11PALESTINIANJUSTICE,N
44762,J_NO_1,C11PALESTINIANRIGHTS,N
44762,J_NO_1,C12ZIONCRITICAL,N
44762,J_NO_1,C12SOLUTIONS,N
44762,J_NO_1,C12EQUALRIGHTS,N
44762,J_NO_1,C13ISRAELEVIDENCE,N
44762,J_NO_1,C13ISRAELINSTITUTIONS,N
44762,J_NO_1,C13ISRAELPOLICIES,N
44762,J_NO_1,C13ISRAELOPT,N
44762,J_NO_1,C13ISRAELREGION,N
44762,J_NO_1,C13ISRAELDISCRIMINATION,N
44762,J_NO_1,C13ISRAELNORMS,N
44762,J_NO_1,C13ISRAELCOMPARE,N
44762,J_NO_1,C14BDS,N
44762,J_NO_1,C15REASONABLE,N
44762,J_NO_1,C15DOUBLESTANDARD,N
29881,J_NO_1,C11PALESTINIANJUSTICE,N
29881,J_NO_1,C11PALESTINIANRIGHTS,N
29881,J_NO_1,C12ZIONCRITICAL,N
29881,J_NO_1,C12SOLUTIONS,N
29881,J_NO_1,C12EQUALRIGHTS,N
29881,J_NO_1,C13ISRAELEVIDENCE,N
29881,J_NO_1,C13ISRAELINSTITUTIONS,N
29881,J_NO_1,C13ISRAELPOLICIES,N
29881,J_NO_1,C13ISRAELOPT,N
29881,J_NO_1,C13ISRAELREGION,N
29881,J_NO_1,C13ISRAELDISCRIMINATION,N
29881,J_NO_1,C13ISRAELNORMS,N
29881,J_NO_1,C13ISRAELCOMPARE,N
29881,J_NO_1,C14BDS,N
29881,J_NO_1,C15REASONABLE,N
29881,J_NO_1,C15DOUBLESTANDARD,N
20013,J_NO_1,C11PALESTINIANJUSTICE,N
20013,J_NO_1,C11PALESTINIANRIGHTS,N
20013,J_NO_1,C12ZIONCRITICAL,N
20013,J_NO_1,C12SOLUTIONS,N
20013,J_NO_1,C12EQUALRIGHTS,N
20013,J_NO_1,C13ISRAELEVIDENCE,N
20013,J_NO_1,C13ISRAELINSTITUTIONS,N
20013,J_NO_1,C13ISRAELPOLICIES,N
20013,J_NO_1,C13ISRAELOPT,N
20013,J_NO_1,C13ISRAELREGION,N
20013,J_NO_1,C13ISRAELDISCRIMINATION,N
20013,J_NO_1,C13ISRAELNORMS,N
20013,J_NO_1,C13ISRAELCOMPARE,N
20013,J_NO_1,C14BDS,N
20013,J_NO_1,C15REASONABLE,N
20013,J_NO_1,C15DOUBLESTANDARD,N
7460,J_NO_1,C11PALESTINIANJUSTICE,N
7460,J_NO_1,C11PALESTINIANRIGHTS,N
7460,J_NO_1,C12ZIONCRITICAL,N
7460,J_NO_1,C12SOLUTIONS,N
7460,J_NO_1,C12EQUALRIGHTS,N
7460,J_NO_1,C13ISRAELEVIDENCE,N
7460,J_NO_1,C13ISRAELINSTITUTIONS,N
7460,J_NO_1,C13ISRAELPOLICIES,N
7460,J_NO_1,C13ISRAELOPT,N
7460,J_NO_1,C13ISRAELREGION,N
7460,J_NO_1,C13ISRAELDISCRIMINATION,N
7460,J_NO_1,C13ISRAELNORMS,N
7460,J_NO_1,C13ISRAELCOMPARE,N
7460,J_NO_1,C14BDS,N
7460,J_NO_1,C15REASONABLE,N
7460,J_NO_1,C15DOUBLESTANDARD,N
40991,J_NO_1,C11PALESTINIANJUSTICE,N
40991,J_NO_1,C11PALESTINIANRIGHTS,N
40991,J_NO_1,C12ZIONCRITICAL,N
40991,J_NO_1,C12SOLUTIONS,N
40991,J_NO_1,C12EQUALRIGHTS,N
40991,J_NO_1,C13ISRAELEVIDENCE,N
40991,J_NO_1,C13ISRAELINSTITUTIONS,N
40991,J_NO_1,C13ISRAELPOLICIES,N
40991,J_NO_1,C13ISRAELOPT,N
40991,J_NO_1,C13ISRAELREGION,N
40991,J_NO_1,C13ISRAELDISCRIMINATION,N
40991,J_NO_1,C13ISRAELNORMS,N
40991,J_NO_1,C13ISRAELCOMPARE,N
40991,J_NO_1,C14BDS,N
40991,J_NO_1,C15REASONABLE,N
40991,J_NO_1,C15DOUBLESTANDARD,N
47369,J_NO_1,C11PALESTINIANJUSTICE,N
47369,J_NO_1,C11PALESTINIANRIGHTS,N
47369,J_NO_1,C12ZIONCRITICAL,N
47369,J_NO_1,C12SOLUTIONS,N
47369,J_NO_1,C12EQUALRIGHTS,N
47369,J_NO_1,C13ISRAELEVIDENCE,N
47369,J_NO_1,C13ISRAELINSTITUTIONS,N
47369,J_NO_1,C13ISRAELPOLICIES,N
47369,J_NO_1,C13ISRAELOPT,N
47369,J_NO_1,C13ISRAELREGION,N
47369,J_NO_1,C13ISRAELDISCRIMINATION,N
47369,J_NO_1,C13ISRAELNORMS,N
47369,J_NO_1,C13ISRAELCOMPARE,N
47369,J_NO_1,C14BDS,N
47369,J_NO_1,C15REASONABLE,N
47369,J_NO_1,C15DOUBLESTANDARD,N
2009,J_NO_1,C11PALESTINIANJUSTICE,A
2009,J_NO_1,C11PALESTINIANRIGHTS,A
2009,J_NO_1,C12ZIONCRITICAL,N
2009,J_NO_1,C12SOLUTIONS,N
2009,J_NO_1,C12EQUALRIGHTS,N
2009,J_NO_1,C13ISRAELEVIDENCE,N
2009,J_NO_1,C13ISRAELINSTITUTIONS,N
2009,J_NO_1,C13ISRAELPOLICIES,N
2009,J_NO_1,C13ISRAELOPT,N
2009,J_NO_1,C13ISRAELREGION,N
2009,J_NO_1,C13ISRAELDISCRIMINATION,N
2009,J_NO_1,C13ISRAELNORMS,N
2009,J_NO_1,C13ISRAELCOMPARE,N
2009,J_NO_1,C14BDS,N
2009,J_NO_1,C15REASONABLE,A
2009,J_NO_1,C15DOUBLESTANDARD,N
20222,J_NO_1,C11PALESTINIANJUSTICE,N
20222,J_NO_1,C11PALESTINIANRIGHTS,N
20222,J_NO_1,C12ZIONCRITICAL,N
20222,J_NO_1,C12SOLUTIONS,N
20222,J_NO_1,C12EQUALRIGHTS,N
20222,J_NO_1,C13ISRAELEVIDENCE,N
20222,J_NO_1,C13ISRAELINSTITUTIONS,N
20222,J_NO_1,C13ISRAELPOLICIES,N
20222,J_NO_1,C13ISRAELOPT,N
20222,J_NO_1,C13ISRAELREGION,N
20222,J_NO_1,C13ISRAELDISCRIMINATION,N
20222,J_NO_1,C13ISRAELNORMS,N
20222,J_NO_1,C13ISRAELCOMPARE,N
20222,J_NO_1,C14BDS,N
20222,J_NO_1,C15REASONABLE,N
20222,J_NO_1,C15DOUBLESTANDARD,N
10057,J_NO_1,C11PALESTINIANJUSTICE,N
10057,J_NO_1,C11PALESTINIANRIGHTS,N
10057,J_NO_1,C12ZIONCRITICAL,N
10057,J_NO_1,C12SOLUTIONS,N
10057,J_NO_1,C12EQUALRIGHTS,N
10057,J_NO_1,C13ISRAELEVIDENCE,N
10057,J_NO_1,C13ISRAELINSTITUTIONS,N
10057,J_NO_1,C13ISRAELPOLICIES,N
10057,J_NO_1,C13ISRAELOPT,N
10057,J_NO_1,C13ISRAELREGION,N
10057,J_NO_1,C13ISRAELDISCRIMINATION,N
10057,J_NO_1,C13ISRAELNORMS,N
10057,J_NO_1,C13ISRAELCOMPARE,N
10057,J_NO_1,C14BDS,N
10057,J_NO_1,C15REASONABLE,N
10057,J_NO_1,C15DOUBLESTANDARD,N
20732,J_NO_1,C11PALESTINIANJUSTICE,N
20732,J_NO_1,C11PALESTINIANRIGHTS,N
20732,J_NO_1,C12ZIONCRITICAL,N
20732,J_NO_1,C12SOLUTIONS,N
20732,J_NO_1,C12EQUALRIGHTS,N
20732,J_NO_1,C13ISRAELEVIDENCE,N
20732,J_NO_1,C13ISRAELINSTITUTIONS,N
20732,J_NO_1,C13ISRAELPOLICIES,N
20732,J_NO_1,C13ISRAELOPT,N
20732,J_NO_1,C13ISRAELREGION,N
20732,J_NO_1,C13ISRAELDISCRIMINATION,N
20732,J_NO_1,C13ISRAELNORMS,N
20732,J_NO_1,C13ISRAELCOMPARE,N
20732,J_NO_1,C14BDS,N
20732,J_NO_1,C15REASONABLE,N
20732,J_NO_1,C15DOUBLESTANDARD,N
45164,J_NO_1,C11PALESTINIANJUSTICE,N
45164,J_NO_1,C11PALESTINIANRIGHTS,N
45164,J_NO_1,C12ZIONCRITICAL,N
45164,J_NO_1,C12SOLUTIONS,N
45164,J_NO_1,C12EQUALRIGHTS,N
45164,J_NO_1,C13ISRAELEVIDENCE,N
45164,J_NO_1,C13ISRAELINSTITUTIONS,N
45164,J_NO_1,C13ISRAELPOLICIES,N
45164,J_NO_1,C13ISRAELOPT,N
45164,J_NO_1,C13ISRAELREGION,N
45164,J_NO_1,C13ISRAELDISCRIMINATION,N
45164,J_NO_1,C13ISRAELNORMS,N
45164,J_NO_1,C13ISRAELCOMPARE,N
45164,J_NO_1,C14BDS,N
45164,J_NO_1,C15REASONABLE,N
45164,J_NO_1,C15DOUBLESTANDARD,N
7085,J_NO_1,C11PALESTINIANJUSTICE,N
7085,J_NO_1,C11PALESTINIANRIGHTS,N
7085,J_NO_1,C12ZIONCRITICAL,N
7085,J_NO_1,C12SOLUTIONS,N
7085,J_NO_1,C12EQUALRIGHTS,N
7085,J_NO_1,C13ISRAELEVIDENCE,N
7085,J_NO_1,C13ISRAELINSTITUTIONS,N
7085,J_NO_1,C13ISRAELPOLICIES,N
7085,J_NO_1,C13ISRAELOPT,N
7085,J_NO_1,C13ISRAELREGION,N
7085,J_NO_1,C13ISRAELDISCRIMINATION,N
7085,J_NO_1,C13ISRAELNORMS,N
7085,J_NO_1,C13ISRAELCOMPARE,N
7085,J_NO_1,C14BDS,N
7085,J_NO_1,C15REASONABLE,N
7085,J_NO_1,C15DOUBLESTANDARD,N
24055,J_NO_1,C11PALESTINIANJUSTICE,N
24055,J_NO_1,C11PALESTINIANRIGHTS,N
24055,J_NO_1,C12ZIONCRITICAL,N
24055,J_NO_1,C12SOLUTIONS,N
24055,J_NO_1,C12EQUALRIGHTS,N
24055,J_NO_1,C13ISRAELEVIDENCE,N
24055,J_NO_1,C13ISRAELINSTITUTIONS,N
24055,J_NO_1,C13ISRAELPOLICIES,N
24055,J_NO_1,C13ISRAELOPT,N
24055,J_NO_1,C13ISRAELREGION,N
24055,J_NO_1,C13ISRAELDISCRIMINATION,N
24055,J_NO_1,C13ISRAELNORMS,N
24055,J_NO_1,C13ISRAELCOMPARE,N
24055,J_NO_1,C14BDS,N
24055,J_NO_1,C15REASONABLE,N
24055,J_NO_1,C15DOUBLESTANDARD,N
33613,J_NO_1,C11PALESTINIANJUSTICE,N
33613,J_NO_1,C11PALESTINIANRIGHTS,N
33613,J_NO_1,C12ZIONCRITICAL,N
33613,J_NO_1,C12SOLUTIONS,N
33613,J_NO_1,C12EQUALRIGHTS,N
33613,J_NO_1,C13ISRAELEVIDENCE,N
33613,J_NO_1,C13ISRAELINSTITUTIONS,N
33613,J_NO_1,C13ISRAELPOLICIES,N
33613,J_NO_1,C13ISRAELOPT,N
33613,J_NO_1,C13ISRAELREGION,N
33613,J_NO_1,C13ISRAELDISCRIMINATION,N
33613,J_NO_1,C13ISRAELNORMS,N
33613,J_NO_1,C13ISRAELCOMPARE,N
33613,J_NO_1,C14BDS,N
33613,J_NO_1,C15REASONABLE,N
33613,J_NO_1,C15DOUBLESTANDARD,N
30456,J_NO_1,C11PALESTINIANJUSTICE,N
30456,J_NO_1,C11PALESTINIANRIGHTS,N
30456,J_NO_1,C12ZIONCRITICAL,N
30456,J_NO_1,C12SOLUTIONS,N
30456,J_NO_1,C12EQUALRIGHTS,N
30456,J_NO_1,C13ISRAELEVIDENCE,N
30456,J_NO_1,C13ISRAELINSTITUTIONS,N
30456,J_NO_1,C13ISRAELPOLICIES,N
30456,J_NO_1,C13ISRAELOPT,N
30456,J_NO_1,C13ISRAELREGION,N
30456,J_NO_1,C13ISRAELDISCRIMINATION,N
30456,J_NO_1,C13ISRAELNORMS,N
30456,J_NO_1,C13ISRAELCOMPARE,N
30456,J_NO_1,C14BDS,N
30456,J_NO_1,C15REASONABLE,N
30456,J_NO_1,C15DOUBLESTANDARD,N
9971,J_NO_1,C11PALESTINIANJUSTICE,N
9971,J_NO_1,C11PALESTINIANRIGHTS,N
9971,J_NO_1,C12ZIONCRITICAL,N
9971,J_NO_1,C12SOLUTIONS,N
9971,J_NO_1,C12EQUALRIGHTS,N
9971,J_NO_1,C13ISRAELEVIDENCE,N
9971,J_NO_1,C13ISRAELINSTITUTIONS,N
9971,J_NO_1,C13ISRAELPOLICIES,N
9971,J_NO_1,C13ISRAELOPT,N
9971,J_NO_1,C13ISRAELREGION,N
9971,J_NO_1,C13ISRAELDISCRIMINATION,N
9971,J_NO_1,C13ISRAELNORMS,N
9971,J_NO_1,C13ISRAELCOMPARE,N
9971,J_NO_1,C14BDS,N
9971,J_NO_1,C15REASONABLE,N
9971,J_NO_1,C15DOUBLESTANDARD,N
46641,J_NO_1,C11PALESTINIANJUSTICE,N
46641,J_NO_1,C11PALESTINIANRIGHTS,N
46641,J_NO_1,C12ZIONCRITICAL,N
46641,J_NO_1,C12SOLUTIONS,N
46641,J_NO_1,C12EQUALRIGHTS,N
46641,J_NO_1,C13ISRAELEVIDENCE,N
46641,J_NO_1,C13ISRAELINSTITUTIONS,N
46641,J_NO_1,C13ISRAELPOLICIES,N
46641,J_NO_1,C13ISRAELOPT,N
46641,J_NO_1,C13ISRAELREGION,N
46641,J_NO_1,C13ISRAELDISCRIMINATION,N
46641,J_NO_1,C13ISRAELNORMS,N
46641,J_NO_1,C13ISRAELCOMPARE,N
46641,J_NO_1,C14BDS,N
46641,J_NO_1,C15REASONABLE,N
46641,J_NO_1,C15DOUBLESTANDARD,N
45215,J_NO_1,C11PALESTINIANJUSTICE,N
45215,J_NO_1,C11PALESTINIANRIGHTS,N
45215,J_NO_1,C12ZIONCRITICAL,N
45215,J_NO_1,C12SOLUTIONS,N
45215,J_NO_1,C12EQUALRIGHTS,N
45215,J_NO_1,C13ISRAELEVIDENCE,N
45215,J_NO_1,C13ISRAELINSTITUTIONS,N
45215,J_NO_1,C13ISRAELPOLICIES,N
45215,J_NO_1,C13ISRAELOPT,N
45215,J_NO_1,C13ISRAELREGION,N
45215,J_NO_1,C13ISRAELDISCRIMINATION,N
45215,J_NO_1,C13ISRAELNORMS,N
45215,J_NO_1,C13ISRAELCOMPARE,N
45215,J_NO_1,C14BDS,N
45215,J_NO_1,C15REASONABLE,N
45215,J_NO_1,C15DOUBLESTANDARD,N
4318,J_NO_1,C11PALESTINIANJUSTICE,N
4318,J_NO_1,C11PALESTINIANRIGHTS,N
4318,J_NO_1,C12ZIONCRITICAL,N
4318,J_NO_1,C12SOLUTIONS,N
4318,J_NO_1,C12EQUALRIGHTS,N
4318,J_NO_1,C13ISRAELEVIDENCE,N
4318,J_NO_1,C13ISRAELINSTITUTIONS,N
4318,J_NO_1,C13ISRAELPOLICIES,N
4318,J_NO_1,C13ISRAELOPT,N
4318,J_NO_1,C13ISRAELREGION,N
4318,J_NO_1,C13ISRAELDISCRIMINATION,N
4318,J_NO_1,C13ISRAELNORMS,N
4318,J_NO_1,C13ISRAELCOMPARE,N
4318,J_NO_1,C14BDS,N
4318,J_NO_1,C15REASONABLE,N
4318,J_NO_1,C15DOUBLESTANDARD,N
27584,J_NO_1,C11PALESTINIANJUSTICE,N
27584,J_NO_1,C11PALESTINIANRIGHTS,N
27584,J_NO_1,C12ZIONCRITICAL,N
27584,J_NO_1,C12SOLUTIONS,N
27584,J_NO_1,C12EQUALRIGHTS,N
27584,J_NO_1,C13ISRAELEVIDENCE,N
27584,J_NO_1,C13ISRAELINSTITUTIONS,N
27584,J_NO_1,C13ISRAELPOLICIES,N
27584,J_NO_1,C13ISRAELOPT,N
27584,J_NO_1,C13ISRAELREGION,N
27584,J_NO_1,C13ISRAELDISCRIMINATION,N
27584,J_NO_1,C13ISRAELNORMS,N
27584,J_NO_1,C13ISRAELCOMPARE,N
27584,J_NO_1,C14BDS,N
27584,J_NO_1,C15REASONABLE,N
27584,J_NO_1,C15DOUBLESTANDARD,N
12995,J_NO_1,C11PALESTINIANJUSTICE,N
12995,J_NO_1,C11PALESTINIANRIGHTS,N
12995,J_NO_1,C12ZIONCRITICAL,N
12995,J_NO_1,C12SOLUTIONS,N
12995,J_NO_1,C12EQUALRIGHTS,N
12995,J_NO_1,C13ISRAELEVIDENCE,N
12995,J_NO_1,C13ISRAELINSTITUTIONS,N
12995,J_NO_1,C13ISRAELPOLICIES,N
12995,J_NO_1,C13ISRAELOPT,N
12995,J_NO_1,C13ISRAELREGION,N
12995,J_NO_1,C13ISRAELDISCRIMINATION,N
12995,J_NO_1,C13ISRAELNORMS,N
12995,J_NO_1,C13ISRAELCOMPARE,N
12995,J_NO_1,C14BDS,N
12995,J_NO_1,C15REASONABLE,N
12995,J_NO_1,C15DOUBLESTANDARD,N
23079,J_NO_1,C11PALESTINIANJUSTICE,N
23079,J_NO_1,C11PALESTINIANRIGHTS,N
23079,J_NO_1,C12ZIONCRITICAL,N
23079,J_NO_1,C12SOLUTIONS,N
23079,J_NO_1,C12EQUALRIGHTS,N
23079,J_NO_1,C13ISRAELEVIDENCE,N
23079,J_NO_1,C13ISRAELINSTITUTIONS,N
23079,J_NO_1,C13ISRAELPOLICIES,N
23079,J_NO_1,C13ISRAELOPT,N
23079,J_NO_1,C13ISRAELREGION,N
23079,J_NO_1,C13ISRAELDISCRIMINATION,N
23079,J_NO_1,C13ISRAELNORMS,N
23079,J_NO_1,C13ISRAELCOMPARE,N
23079,J_NO_1,C14BDS,N
23079,J_NO_1,C15REASONABLE,N
23079,J_NO_1,C15DOUBLESTANDARD,N
43550,J_NO_1,C11PALESTINIANJUSTICE,N
43550,J_NO_1,C11PALESTINIANRIGHTS,N
43550,J_NO_1,C12ZIONCRITICAL,N
43550,J_NO_1,C12SOLUTIONS,N
43550,J_NO_1,C12EQUALRIGHTS,N
43550,J_NO_1,C13ISRAELEVIDENCE,N
43550,J_NO_1,C13ISRAELINSTITUTIONS,N
43550,J_NO_1,C13ISRAELPOLICIES,N
43550,J_NO_1,C13ISRAELOPT,N
43550,J_NO_1,C13ISRAELREGION,N
43550,J_NO_1,C13ISRAELDISCRIMINATION,N
43550,J_NO_1,C13ISRAELNORMS,N
43550,J_NO_1,C13ISRAELCOMPARE,N
43550,J_NO_1,C14BDS,N
43550,J_NO_1,C15REASONABLE,N
43550,J_NO_1,C15DOUBLESTANDARD,N
22642,J_NO_1,C11PALESTINIANJUSTICE,N
22642,J_NO_1,C11PALESTINIANRIGHTS,N
22642,J_NO_1,C12ZIONCRITICAL,N
22642,J_NO_1,C12SOLUTIONS,N
22642,J_NO_1,C12EQUALRIGHTS,N
22642,J_NO_1,C13ISRAELEVIDENCE,N
22642,J_NO_1,C13ISRAELINSTITUTIONS,N
22642,J_NO_1,C13ISRAELPOLICIES,N
22642,J_NO_1,C13ISRAELOPT,N
22642,J_NO_1,C13ISRAELREGION,N
22642,J_NO_1,C13ISRAELDISCRIMINATION,N
22642,J_NO_1,C13ISRAELNORMS,N
22642,J_NO_1,C13ISRAELCOMPARE,N
22642,J_NO_1,C14BDS,N
22642,J_NO_1,C15REASONABLE,N
22642,J_NO_1,C15DOUBLESTANDARD,N
3425,J_NO_1,C11PALESTINIANJUSTICE,N
3425,J_NO_1,C11PALESTINIANRIGHTS,N
3425,J_NO_1,C12ZIONCRITICAL,A
3425,J_NO_1,C12SOLUTIONS,N
3425,J_NO_1,C12EQUALRIGHTS,N
3425,J_NO_1,C13ISRAELEVIDENCE,N
3425,J_NO_1,C13ISRAELINSTITUTIONS,N
3425,J_NO_1,C13ISRAELPOLICIES,N
3425,J_NO_1,C13ISRAELOPT,N
3425,J_NO_1,C13ISRAELREGION,N
3425,J_NO_1,C13ISRAELDISCRIMINATION,N
3425,J_NO_1,C13ISRAELNORMS,N
3425,J_NO_1,C13ISRAELCOMPARE,N
3425,J_NO_1,C14BDS,N
3425,J_NO_1,C15REASONABLE,N
3425,J_NO_1,C15DOUBLESTANDARD,N
34323,J_NO_1,C11PALESTINIANJUSTICE,N
34323,J_NO_1,C11PALESTINIANRIGHTS,N
34323,J_NO_1,C12ZIONCRITICAL,N
34323,J_NO_1,C12SOLUTIONS,N
34323,J_NO_1,C12EQUALRIGHTS,N
34323,J_NO_1,C13ISRAELEVIDENCE,N
34323,J_NO_1,C13ISRAELINSTITUTIONS,N
34323,J_NO_1,C13ISRAELPOLICIES,N
34323,J_NO_1,C13ISRAELOPT,N
34323,J_NO_1,C13ISRAELREGION,N
34323,J_NO_1,C13ISRAELDISCRIMINATION,N
34323,J_NO_1,C13ISRAELNORMS,N
34323,J_NO_1,C13ISRAELCOMPARE,N
34323,J_NO_1,C14BDS,N
34323,J_NO_1,C15REASONABLE,N
34323,J_NO_1,C15DOUBLESTANDARD,N
19499,J_NO_1,C11PALESTINIANJUSTICE,N
19499,J_NO_1,C11PALESTINIANRIGHTS,N
19499,J_NO_1,C12ZIONCRITICAL,N
19499,J_NO_1,C12SOLUTIONS,N
19499,J_NO_1,C12EQUALRIGHTS,N
19499,J_NO_1,C13ISRAELEVIDENCE,N
19499,J_NO_1,C13ISRAELINSTITUTIONS,N
19499,J_NO_1,C13ISRAELPOLICIES,N
19499,J_NO_1,C13ISRAELOPT,N
19499,J_NO_1,C13ISRAELREGION,N
19499,J_NO_1,C13ISRAELDISCRIMINATION,N
19499,J_NO_1,C13ISRAELNORMS,N
19499,J_NO_1,C13ISRAELCOMPARE,N
19499,J_NO_1,C14BDS,N
19499,J_NO_1,C15REASONABLE,N
19499,J_NO_1,C15DOUBLESTANDARD,N
981,J_NO_1,C11PALESTINIANJUSTICE,N
981,J_NO_1,C11PALESTINIANRIGHTS,N
981,J_NO_1,C12ZIONCRITICAL,N
981,J_NO_1,C12SOLUTIONS,N
981,J_NO_1,C12EQUALRIGHTS,N
981,J_NO_1,C13ISRAELEVIDENCE,N
981,J_NO_1,C13ISRAELINSTITUTIONS,N
981,J_NO_1,C13ISRAELPOLICIES,N
981,J_NO_1,C13ISRAELOPT,N
981,J_NO_1,C13ISRAELREGION,N
981,J_NO_1,C13ISRAELDISCRIMINATION,N
981,J_NO_1,C13ISRAELNORMS,N
981,J_NO_1,C13ISRAELCOMPARE,N
981,J_NO_1,C14BDS,N
981,J_NO_1,C15REASONABLE,N
981,J_NO_1,C15DOUBLESTANDARD,N
47614,J_NO_1,C11PALESTINIANJUSTICE,N
47614,J_NO_1,C11PALESTINIANRIGHTS,N
47614,J_NO_1,C12ZIONCRITICAL,N
47614,J_NO_1,C12SOLUTIONS,N
47614,J_NO_1,C12EQUALRIGHTS,N
47614,J_NO_1,C13ISRAELEVIDENCE,N
47614,J_NO_1,C13ISRAELINSTITUTIONS,N
47614,J_NO_1,C13ISRAELPOLICIES,N
47614,J_NO_1,C13ISRAELOPT,N
47614,J_NO_1,C13ISRAELREGION,N
47614,J_NO_1,C13ISRAELDISCRIMINATION,N
47614,J_NO_1,C13ISRAELNORMS,N
47614,J_NO_1,C13ISRAELCOMPARE,N
47614,J_NO_1,C14BDS,N
47614,J_NO_1,C15REASONABLE,N
47614,J_NO_1,C15DOUBLESTANDARD,N
20004,J_NO_1,C11PALESTINIANJUSTICE,N
20004,J_NO_1,C11PALESTINIANRIGHTS,N
20004,J_NO_1,C12ZIONCRITICAL,N
20004,J_NO_1,C12SOLUTIONS,N
20004,J_NO_1,C12EQUALRIGHTS,N
20004,J_NO_1,C13ISRAELEVIDENCE,N
20004,J_NO_1,C13ISRAELINSTITUTIONS,N
20004,J_NO_1,C13ISRAELPOLICIES,N
20004,J_NO_1,C13ISRAELOPT,N
20004,J_NO_1,C13ISRAELREGION,N
20004,J_NO_1,C13ISRAELDISCRIMINATION,N
20004,J_NO_1,C13ISRAELNORMS,N
20004,J_NO_1,C13ISRAELCOMPARE,N
20004,J_NO_1,C14BDS,N
20004,J_NO_1,C15REASONABLE,N
20004,J_NO_1,C15DOUBLESTANDARD,N
13813,J_NO_1,C11PALESTINIANJUSTICE,N
13813,J_NO_1,C11PALESTINIANRIGHTS,N
13813,J_NO_1,C12ZIONCRITICAL,N
13813,J_NO_1,C12SOLUTIONS,N
13813,J_NO_1,C12EQUALRIGHTS,N
13813,J_NO_1,C13ISRAELEVIDENCE,N
13813,J_NO_1,C13ISRAELINSTITUTIONS,N
13813,J_NO_1,C13ISRAELPOLICIES,N
13813,J_NO_1,C13ISRAELOPT,N
13813,J_NO_1,C13ISRAELREGION,N
13813,J_NO_1,C13ISRAELDISCRIMINATION,N
13813,J_NO_1,C13ISRAELNORMS,N
13813,J_NO_1,C13ISRAELCOMPARE,N
13813,J_NO_1,C14BDS,N
13813,J_NO_1,C15REASONABLE,N
13813,J_NO_1,C15DOUBLESTANDARD,N
14141,J_NO_1,C11PALESTINIANJUSTICE,N
14141,J_NO_1,C11PALESTINIANRIGHTS,N
14141,J_NO_1,C12ZIONCRITICAL,N
14141,J_NO_1,C12SOLUTIONS,N
14141,J_NO_1,C12EQUALRIGHTS,N
14141,J_NO_1,C13ISRAELEVIDENCE,N
14141,J_NO_1,C13ISRAELINSTITUTIONS,N
14141,J_NO_1,C13ISRAELPOLICIES,N
14141,J_NO_1,C13ISRAELOPT,N
14141,J_NO_1,C13ISRAELREGION,N
14141,J_NO_1,C13ISRAELDISCRIMINATION,N
14141,J_NO_1,C13ISRAELNORMS,N
14141,J_NO_1,C13ISRAELCOMPARE,N
14141,J_NO_1,C14BDS,N
14141,J_NO_1,C15REASONABLE,N
14141,J_NO_1,C15DOUBLESTANDARD,N
4704,J_NO_1,C11PALESTINIANJUSTICE,N
4704,J_NO_1,C11PALESTINIANRIGHTS,N
4704,J_NO_1,C12ZIONCRITICAL,N
4704,J_NO_1,C12SOLUTIONS,N
4704,J_NO_1,C12EQUALRIGHTS,N
4704,J_NO_1,C13ISRAELEVIDENCE,N
4704,J_NO_1,C13ISRAELINSTITUTIONS,N
4704,J_NO_1,C13ISRAELPOLICIES,N
4704,J_NO_1,C13ISRAELOPT,N
4704,J_NO_1,C13ISRAELREGION,N
4704,J_NO_1,C13ISRAELDISCRIMINATION,N
4704,J_NO_1,C13ISRAELNORMS,N
4704,J_NO_1,C13ISRAELCOMPARE,N
4704,J_NO_1,C14BDS,N
4704,J_NO_1,C15REASONABLE,N
4704,J_NO_1,C15DOUBLESTANDARD,N
10769,J_NO_1,C11PALESTINIANJUSTICE,N
10769,J_NO_1,C11PALESTINIANRIGHTS,N
10769,J_NO_1,C12ZIONCRITICAL,N
10769,J_NO_1,C12SOLUTIONS,N
10769,J_NO_1,C12EQUALRIGHTS,N
10769,J_NO_1,C13ISRAELEVIDENCE,N
10769,J_NO_1,C13ISRAELINSTITUTIONS,N
10769,J_NO_1,C13ISRAELPOLICIES,N
10769,J_NO_1,C13ISRAELOPT,N
10769,J_NO_1,C13ISRAELREGION,N
10769,J_NO_1,C13ISRAELDISCRIMINATION,N
10769,J_NO_1,C13ISRAELNORMS,N
10769,J_NO_1,C13ISRAELCOMPARE,N
10769,J_NO_1,C14BDS,N
10769,J_NO_1,C15REASONABLE,N
10769,J_NO_1,C15DOUBLESTANDARD,N
41096,J_NO_1,C11PALESTINIANJUSTICE,N
41096,J_NO_1,C11PALESTINIANRIGHTS,N
41096,J_NO_1,C12ZIONCRITICAL,N
41096,J_NO_1,C12SOLUTIONS,N
41096,J_NO_1,C12EQUALRIGHTS,N
41096,J_NO_1,C13ISRAELEVIDENCE,N
41096,J_NO_1,C13ISRAELINSTITUTIONS,N
41096,J_NO_1,C13ISRAELPOLICIES,N
41096,J_NO_1,C13ISRAELOPT,N
41096,J_NO_1,C13ISRAELREGION,N
41096,J_NO_1,C13ISRAELDISCRIMINATION,N
41096,J_NO_1,C13ISRAELNORMS,N
41096,J_NO_1,C13ISRAELCOMPARE,N
41096,J_NO_1,C14BDS,N
41096,J_NO_1,C15REASONABLE,N
41096,J_NO_1,C15DOUBLESTANDARD,N
29771,J_NO_1,C11PALESTINIANJUSTICE,N
29771,J_NO_1,C11PALESTINIANRIGHTS,N
29771,J_NO_1,C12ZIONCRITICAL,N
29771,J_NO_1,C12SOLUTIONS,N
29771,J_NO_1,C12EQUALRIGHTS,N
29771,J_NO_1,C13ISRAELEVIDENCE,N
29771,J_NO_1,C13ISRAELINSTITUTIONS,N
29771,J_NO_1,C13ISRAELPOLICIES,N
29771,J_NO_1,C13ISRAELOPT,N
29771,J_NO_1,C13ISRAELREGION,N
29771,J_NO_1,C13ISRAELDISCRIMINATION,N
29771,J_NO_1,C13ISRAELNORMS,N
29771,J_NO_1,C13ISRAELCOMPARE,N
29771,J_NO_1,C14BDS,N
29771,J_NO_1,C15REASONABLE,N
29771,J_NO_1,C15DOUBLESTANDARD,N
14469,J_NO_1,C11PALESTINIANJUSTICE,N
14469,J_NO_1,C11PALESTINIANRIGHTS,N
14469,J_NO_1,C12ZIONCRITICAL,N
14469,J_NO_1,C12SOLUTIONS,N
14469,J_NO_1,C12EQUALRIGHTS,N
14469,J_NO_1,C13ISRAELEVIDENCE,N
14469,J_NO_1,C13ISRAELINSTITUTIONS,N
14469,J_NO_1,C13ISRAELPOLICIES,N
14469,J_NO_1,C13ISRAELOPT,N
14469,J_NO_1,C13ISRAELREGION,N
14469,J_NO_1,C13ISRAELDISCRIMINATION,N
14469,J_NO_1,C13ISRAELNORMS,N
14469,J_NO_1,C13ISRAELCOMPARE,N
14469,J_NO_1,C14BDS,N
14469,J_NO_1,C15REASONABLE,N
14469,J_NO_1,C15DOUBLESTANDARD,N
37796,J_NO_1,C11PALESTINIANJUSTICE,N
37796,J_NO_1,C11PALESTINIANRIGHTS,N
37796,J_NO_1,C12ZIONCRITICAL,N
37796,J_NO_1,C12SOLUTIONS,N
37796,J_NO_1,C12EQUALRIGHTS,N
37796,J_NO_1,C13ISRAELEVIDENCE,N
37796,J_NO_1,C13ISRAELINSTITUTIONS,N
37796,J_NO_1,C13ISRAELPOLICIES,N
37796,J_NO_1,C13ISRAELOPT,N
37796,J_NO_1,C13ISRAELREGION,N
37796,J_NO_1,C13ISRAELDISCRIMINATION,N
37796,J_NO_1,C13ISRAELNORMS,N
37796,J_NO_1,C13ISRAELCOMPARE,N
37796,J_NO_1,C14BDS,N
37796,J_NO_1,C15REASONABLE,N
37796,J_NO_1,C15DOUBLESTANDARD,N
11456,J_NO_1,C11PALESTINIANJUSTICE,A
11456,J_NO_1,C11PALESTINIANRIGHTS,N
11456,J_NO_1,C12ZIONCRITICAL,N
11456,J_NO_1,C12SOLUTIONS,N
11456,J_NO_1,C12EQUALRIGHTS,N
11456,J_NO_1,C13ISRAELEVIDENCE,N
11456,J_NO_1,C13ISRAELINSTITUTIONS,N
11456,J_NO_1,C13ISRAELPOLICIES,N
11456,J_NO_1,C13ISRAELOPT,N
11456,J_NO_1,C13ISRAELREGION,N
11456,J_NO_1,C13ISRAELDISCRIMINATION,N
11456,J_NO_1,C13ISRAELNORMS,N
11456,J_NO_1,C13ISRAELCOMPARE,N
11456,J_NO_1,C14BDS,N
11456,J_NO_1,C15REASONABLE,E
11456,J_NO_1,C15DOUBLESTANDARD,A
15283,J_NO_1,C11PALESTINIANJUSTICE,N
15283,J_NO_1,C11PALESTINIANRIGHTS,N
15283,J_NO_1,C12ZIONCRITICAL,N
15283,J_NO_1,C12SOLUTIONS,N
15283,J_NO_1,C12EQUALRIGHTS,N
15283,J_NO_1,C13ISRAELEVIDENCE,N
15283,J_NO_1,C13ISRAELINSTITUTIONS,N
15283,J_NO_1,C13ISRAELPOLICIES,N
15283,J_NO_1,C13ISRAELOPT,N
15283,J_NO_1,C13ISRAELREGION,N
15283,J_NO_1,C13ISRAELDISCRIMINATION,N
15283,J_NO_1,C13ISRAELNORMS,N
15283,J_NO_1,C13ISRAELCOMPARE,N
15283,J_NO_1,C14BDS,N
15283,J_NO_1,C15REASONABLE,N
15283,J_NO_1,C15DOUBLESTANDARD,N
31397,J_NO_1,C11PALESTINIANJUSTICE,N
31397,J_NO_1,C11PALESTINIANRIGHTS,N
31397,J_NO_1,C12ZIONCRITICAL,N
31397,J_NO_1,C12SOLUTIONS,N
31397,J_NO_1,C12EQUALRIGHTS,N
31397,J_NO_1,C13ISRAELEVIDENCE,N
31397,J_NO_1,C13ISRAELINSTITUTIONS,N
31397,J_NO_1,C13ISRAELPOLICIES,N
31397,J_NO_1,C13ISRAELOPT,N
31397,J_NO_1,C13ISRAELREGION,N
31397,J_NO_1,C13ISRAELDISCRIMINATION,N
31397,J_NO_1,C13ISRAELNORMS,N
31397,J_NO_1,C13ISRAELCOMPARE,N
31397,J_NO_1,C14BDS,N
31397,J_NO_1,C15REASONABLE,N
31397,J_NO_1,C15DOUBLESTANDARD,N
43696,J_NO_1,C11PALESTINIANJUSTICE,N
43696,J_NO_1,C11PALESTINIANRIGHTS,N
43696,J_NO_1,C12ZIONCRITICAL,N
43696,J_NO_1,C12SOLUTIONS,N
43696,J_NO_1,C12EQUALRIGHTS,N
43696,J_NO_1,C13ISRAELEVIDENCE,N
43696,J_NO_1,C13ISRAELINSTITUTIONS,N
43696,J_NO_1,C13ISRAELPOLICIES,N
43696,J_NO_1,C13ISRAELOPT,N
43696,J_NO_1,C13ISRAELREGION,N
43696,J_NO_1,C13ISRAELDISCRIMINATION,N
43696,J_NO_1,C13ISRAELNORMS,N
43696,J_NO_1,C13ISRAELCOMPARE,N
43696,J_NO_1,C14BDS,N
43696,J_NO_1,C15REASONABLE,N
43696,J_NO_1,C15DOUBLESTANDARD,N
20090,J_NO_1,C11PALESTINIANJUSTICE,N
20090,J_NO_1,C11PALESTINIANRIGHTS,N
20090,J_NO_1,C12ZIONCRITICAL,N
20090,J_NO_1,C12SOLUTIONS,N
20090,J_NO_1,C12EQUALRIGHTS,N
20090,J_NO_1,C13ISRAELEVIDENCE,N
20090,J_NO_1,C13ISRAELINSTITUTIONS,N
20090,J_NO_1,C13ISRAELPOLICIES,N
20090,J_NO_1,C13ISRAELOPT,N
20090,J_NO_1,C13ISRAELREGION,N
20090,J_NO_1,C13ISRAELDISCRIMINATION,N
20090,J_NO_1,C13ISRAELNORMS,N
20090,J_NO_1,C13ISRAELCOMPARE,N
20090,J_NO_1,C14BDS,N
20090,J_NO_1,C15REASONABLE,N
20090,J_NO_1,C15DOUBLESTANDARD,N
48267,J_NO_1,C11PALESTINIANJUSTICE,A
48267,J_NO_1,C11PALESTINIANRIGHTS,A
48267,J_NO_1,C12ZIONCRITICAL,N
48267,J_NO_1,C12SOLUTIONS,N
48267,J_NO_1,C12EQUALRIGHTS,N
48267,J_NO_1,C13ISRAELEVIDENCE,A
48267,J_NO_1,C13ISRAELINSTITUTIONS,N
48267,J_NO_1,C13ISRAELPOLICIES,I
48267,J_NO_1,C13ISRAELOPT,I
48267,J_NO_1,C13ISRAELREGION,N
48267,J_NO_1,C13ISRAELDISCRIMINATION,N
48267,J_NO_1,C13ISRAELNORMS,N
48267,J_NO_1,C13ISRAELCOMPARE,N
48267,J_NO_1,C14BDS,N
48267,J_NO_1,C15REASONABLE,N
48267,J_NO_1,C15DOUBLESTANDARD,N
47793,J_NO_1,C11PALESTINIANJUSTICE,N
47793,J_NO_1,C11PALESTINIANRIGHTS,N
47793,J_NO_1,C12ZIONCRITICAL,N
47793,J_NO_1,C12SOLUTIONS,N
47793,J_NO_1,C12EQUALRIGHTS,N
47793,J_NO_1,C13ISRAELEVIDENCE,N
47793,J_NO_1,C13ISRAELINSTITUTIONS,N
47793,J_NO_1,C13ISRAELPOLICIES,N
47793,J_NO_1,C13ISRAELOPT,N
47793,J_NO_1,C13ISRAELREGION,N
47793,J_NO_1,C13ISRAELDISCRIMINATION,N
47793,J_NO_1,C13ISRAELNORMS,N
47793,J_NO_1,C13ISRAELCOMPARE,N
47793,J_NO_1,C14BDS,N
47793,J_NO_1,C15REASONABLE,N
47793,J_NO_1,C15DOUBLESTANDARD,N
26439,J_NO_1,C11PALESTINIANJUSTICE,N
26439,J_NO_1,C11PALESTINIANRIGHTS,N
26439,J_NO_1,C12ZIONCRITICAL,N
26439,J_NO_1,C12SOLUTIONS,N
26439,J_NO_1,C12EQUALRIGHTS,N
26439,J_NO_1,C13ISRAELEVIDENCE,N
26439,J_NO_1,C13ISRAELINSTITUTIONS,N
26439,J_NO_1,C13ISRAELPOLICIES,N
26439,J_NO_1,C13ISRAELOPT,N
26439,J_NO_1,C13ISRAELREGION,N
26439,J_NO_1,C13ISRAELDISCRIMINATION,N
26439,J_NO_1,C13ISRAELNORMS,N
26439,J_NO_1,C13ISRAELCOMPARE,N
26439,J_NO_1,C14BDS,N
26439,J_NO_1,C15REASONABLE,N
26439,J_NO_1,C15DOUBLESTANDARD,N
21042,J_NO_1,C11PALESTINIANJUSTICE,N
21042,J_NO_1,C11PALESTINIANRIGHTS,N
21042,J_NO_1,C12ZIONCRITICAL,N
21042,J_NO_1,C12SOLUTIONS,N
21042,J_NO_1,C12EQUALRIGHTS,N
21042,J_NO_1,C13ISRAELEVIDENCE,N
21042,J_NO_1,C13ISRAELINSTITUTIONS,N
21042,J_NO_1,C13ISRAELPOLICIES,N
21042,J_NO_1,C13ISRAELOPT,N
21042,J_NO_1,C13ISRAELREGION,N
21042,J_NO_1,C13ISRAELDISCRIMINATION,N
21042,J_NO_1,C13ISRAELNORMS,N
21042,J_NO_1,C13ISRAELCOMPARE,N
21042,J_NO_1,C14BDS,N
21042,J_NO_1,C15REASONABLE,N
21042,J_NO_1,C15DOUBLESTANDARD,N
48050,J_NO_1,C11PALESTINIANJUSTICE,N
48050,J_NO_1,C11PALESTINIANRIGHTS,N
48050,J_NO_1,C12ZIONCRITICAL,N
48050,J_NO_1,C12SOLUTIONS,N
48050,J_NO_1,C12EQUALRIGHTS,N
48050,J_NO_1,C13ISRAELEVIDENCE,N
48050,J_NO_1,C13ISRAELINSTITUTIONS,N
48050,J_NO_1,C13ISRAELPOLICIES,N
48050,J_NO_1,C13ISRAELOPT,N
48050,J_NO_1,C13ISRAELREGION,N
48050,J_NO_1,C13ISRAELDISCRIMINATION,N
48050,J_NO_1,C13ISRAELNORMS,N
48050,J_NO_1,C13ISRAELCOMPARE,N
48050,J_NO_1,C14BDS,N
48050,J_NO_1,C15REASONABLE,N
48050,J_NO_1,C15DOUBLESTANDARD,N
17164,J_NO_1,C11PALESTINIANJUSTICE,N
17164,J_NO_1,C11PALESTINIANRIGHTS,N
17164,J_NO_1,C12ZIONCRITICAL,N
17164,J_NO_1,C12SOLUTIONS,N
17164,J_NO_1,C12EQUALRIGHTS,N
17164,J_NO_1,C13ISRAELEVIDENCE,N
17164,J_NO_1,C13ISRAELINSTITUTIONS,N
17164,J_NO_1,C13ISRAELPOLICIES,N
17164,J_NO_1,C13ISRAELOPT,N
17164,J_NO_1,C13ISRAELREGION,N
17164,J_NO_1,C13ISRAELDISCRIMINATION,N
17164,J_NO_1,C13ISRAELNORMS,N
17164,J_NO_1,C13ISRAELCOMPARE,N
17164,J_NO_1,C14BDS,N
17164,J_NO_1,C15REASONABLE,N
17164,J_NO_1,C15DOUBLESTANDARD,N
3539,J_NO_1,C11PALESTINIANJUSTICE,N
3539,J_NO_1,C11PALESTINIANRIGHTS,N
3539,J_NO_1,C12ZIONCRITICAL,N
3539,J_NO_1,C12SOLUTIONS,N
3539,J_NO_1,C12EQUALRIGHTS,N
3539,J_NO_1,C13ISRAELEVIDENCE,N
3539,J_NO_1,C13ISRAELINSTITUTIONS,N
3539,J_NO_1,C13ISRAELPOLICIES,N
3539,J_NO_1,C13ISRAELOPT,N
3539,J_NO_1,C13ISRAELREGION,N
3539,J_NO_1,C13ISRAELDISCRIMINATION,N
3539,J_NO_1,C13ISRAELNORMS,N
3539,J_NO_1,C13ISRAELCOMPARE,N
3539,J_NO_1,C14BDS,N
3539,J_NO_1,C15REASONABLE,N
3539,J_NO_1,C15DOUBLESTANDARD,N
35246,J_NO_1,C11PALESTINIANJUSTICE,I
35246,J_NO_1,C11PALESTINIANRIGHTS,I
35246,J_NO_1,C12ZIONCRITICAL,N
35246,J_NO_1,C12SOLUTIONS,N
35246,J_NO_1,C12EQUALRIGHTS,N
35246,J_NO_1,C13ISRAELEVIDENCE,E
35246,J_NO_1,C13ISRAELINSTITUTIONS,N
35246,J_NO_1,C13ISRAELPOLICIES,E
35246,J_NO_1,C13ISRAELOPT,E
35246,J_NO_1,C13ISRAELREGION,N
35246,J_NO_1,C13ISRAELDISCRIMINATION,I
35246,J_NO_1,C13ISRAELNORMS,E
35246,J_NO_1,C13ISRAELCOMPARE,I
35246,J_NO_1,C14BDS,E
35246,J_NO_1,C15REASONABLE,E
35246,J_NO_1,C15DOUBLESTANDARD,E
27215,J_NO_1,C11PALESTINIANJUSTICE,N
27215,J_NO_1,C11PALESTINIANRIGHTS,N
27215,J_NO_1,C12ZIONCRITICAL,N
27215,J_NO_1,C12SOLUTIONS,N
27215,J_NO_1,C12EQUALRIGHTS,N
27215,J_NO_1,C13ISRAELEVIDENCE,N
27215,J_NO_1,C13ISRAELINSTITUTIONS,N
27215,J_NO_1,C13ISRAELPOLICIES,N
27215,J_NO_1,C13ISRAELOPT,N
27215,J_NO_1,C13ISRAELREGION,N
27215,J_NO_1,C13ISRAELDISCRIMINATION,N
27215,J_NO_1,C13ISRAELNORMS,N
27215,J_NO_1,C13ISRAELCOMPARE,N
27215,J_NO_1,C14BDS,N
27215,J_NO_1,C15REASONABLE,N
27215,J_NO_1,C15DOUBLESTANDARD,N
33958,J_NO_1,C11PALESTINIANJUSTICE,N
33958,J_NO_1,C11PALESTINIANRIGHTS,N
33958,J_NO_1,C12ZIONCRITICAL,N
33958,J_NO_1,C12SOLUTIONS,N
33958,J_NO_1,C12EQUALRIGHTS,N
33958,J_NO_1,C13ISRAELEVIDENCE,N
33958,J_NO_1,C13ISRAELINSTITUTIONS,N
33958,J_NO_1,C13ISRAELPOLICIES,N
33958,J_NO_1,C13ISRAELOPT,N
33958,J_NO_1,C13ISRAELREGION,N
33958,J_NO_1,C13ISRAELDISCRIMINATION,N
33958,J_NO_1,C13ISRAELNORMS,N
33958,J_NO_1,C13ISRAELCOMPARE,N
33958,J_NO_1,C14BDS,N
33958,J_NO_1,C15REASONABLE,N
33958,J_NO_1,C15DOUBLESTANDARD,N
49332,J_NO_1,C11PALESTINIANJUSTICE,N
49332,J_NO_1,C11PALESTINIANRIGHTS,N
49332,J_NO_1,C12ZIONCRITICAL,N
49332,J_NO_1,C12SOLUTIONS,N
49332,J_NO_1,C12EQUALRIGHTS,N
49332,J_NO_1,C13ISRAELEVIDENCE,N
49332,J_NO_1,C13ISRAELINSTITUTIONS,N
49332,J_NO_1,C13ISRAELPOLICIES,N
49332,J_NO_1,C13ISRAELOPT,N
49332,J_NO_1,C13ISRAELREGION,N
49332,J_NO_1,C13ISRAELDISCRIMINATION,N
49332,J_NO_1,C13ISRAELNORMS,N
49332,J_NO_1,C13ISRAELCOMPARE,N
49332,J_NO_1,C14BDS,N
49332,J_NO_1,C15REASONABLE,N
49332,J_NO_1,C15DOUBLESTANDARD,N
18866,J_NO_1,C11PALESTINIANJUSTICE,N
18866,J_NO_1,C11PALESTINIANRIGHTS,N
18866,J_NO_1,C12ZIONCRITICAL,N
18866,J_NO_1,C12SOLUTIONS,N
18866,J_NO_1,C12EQUALRIGHTS,N
18866,J_NO_1,C13ISRAELEVIDENCE,N
18866,J_NO_1,C13ISRAELINSTITUTIONS,N
18866,J_NO_1,C13ISRAELPOLICIES,N
18866,J_NO_1,C13ISRAELOPT,N
18866,J_NO_1,C13ISRAELREGION,N
18866,J_NO_1,C13ISRAELDISCRIMINATION,N
18866,J_NO_1,C13ISRAELNORMS,N
18866,J_NO_1,C13ISRAELCOMPARE,N
18866,J_NO_1,C14BDS,N
18866,J_NO_1,C15REASONABLE,N
18866,J_NO_1,C15DOUBLESTANDARD,N
2012,J_NO_1,C11PALESTINIANJUSTICE,N
2012,J_NO_1,C11PALESTINIANRIGHTS,N
2012,J_NO_1,C12ZIONCRITICAL,N
2012,J_NO_1,C12SOLUTIONS,N
2012,J_NO_1,C12EQUALRIGHTS,N
2012,J_NO_1,C13ISRAELEVIDENCE,N
2012,J_NO_1,C13ISRAELINSTITUTIONS,N
2012,J_NO_1,C13ISRAELPOLICIES,N
2012,J_NO_1,C13ISRAELOPT,N
2012,J_NO_1,C13ISRAELREGION,N
2012,J_NO_1,C13ISRAELDISCRIMINATION,N
2012,J_NO_1,C13ISRAELNORMS,N
2012,J_NO_1,C13ISRAELCOMPARE,N
2012,J_NO_1,C14BDS,N
2012,J_NO_1,C15REASONABLE,N
2012,J_NO_1,C15DOUBLESTANDARD,N
17541,J_NO_1,C11PALESTINIANJUSTICE,N
17541,J_NO_1,C11PALESTINIANRIGHTS,N
17541,J_NO_1,C12ZIONCRITICAL,N
17541,J_NO_1,C12SOLUTIONS,N
17541,J_NO_1,C12EQUALRIGHTS,N
17541,J_NO_1,C13ISRAELEVIDENCE,N
17541,J_NO_1,C13ISRAELINSTITUTIONS,N
17541,J_NO_1,C13ISRAELPOLICIES,N
17541,J_NO_1,C13ISRAELOPT,N
17541,J_NO_1,C13ISRAELREGION,N
17541,J_NO_1,C13ISRAELDISCRIMINATION,N
17541,J_NO_1,C13ISRAELNORMS,N
17541,J_NO_1,C13ISRAELCOMPARE,N
17541,J_NO_1,C14BDS,N
17541,J_NO_1,C15REASONABLE,N
17541,J_NO_1,C15DOUBLESTANDARD,N
41396,J_NO_1,C11PALESTINIANJUSTICE,N
41396,J_NO_1,C11PALESTINIANRIGHTS,N
41396,J_NO_1,C12ZIONCRITICAL,N
41396,J_NO_1,C12SOLUTIONS,N
41396,J_NO_1,C12EQUALRIGHTS,N
41396,J_NO_1,C13ISRAELEVIDENCE,N
41396,J_NO_1,C13ISRAELINSTITUTIONS,N
41396,J_NO_1,C13ISRAELPOLICIES,N
41396,J_NO_1,C13ISRAELOPT,N
41396,J_NO_1,C13ISRAELREGION,N
41396,J_NO_1,C13ISRAELDISCRIMINATION,N
41396,J_NO_1,C13ISRAELNORMS,N
41396,J_NO_1,C13ISRAELCOMPARE,N
41396,J_NO_1,C14BDS,N
41396,J_NO_1,C15REASONABLE,N
41396,J_NO_1,C15DOUBLESTANDARD,N
47660,J_NO_1,C11PALESTINIANJUSTICE,N
47660,J_NO_1,C11PALESTINIANRIGHTS,N
47660,J_NO_1,C12ZIONCRITICAL,N
47660,J_NO_1,C12SOLUTIONS,N
47660,J_NO_1,C12EQUALRIGHTS,N
47660,J_NO_1,C13ISRAELEVIDENCE,N
47660,J_NO_1,C13ISRAELINSTITUTIONS,N
47660,J_NO_1,C13ISRAELPOLICIES,N
47660,J_NO_1,C13ISRAELOPT,N
47660,J_NO_1,C13ISRAELREGION,N
47660,J_NO_1,C13ISRAELDISCRIMINATION,N
47660,J_NO_1,C13ISRAELNORMS,N
47660,J_NO_1,C13ISRAELCOMPARE,N
47660,J_NO_1,C14BDS,N
47660,J_NO_1,C15REASONABLE,N
47660,J_NO_1,C15DOUBLESTANDARD,N
36818,J_NO_1,C11PALESTINIANJUSTICE,N
36818,J_NO_1,C11PALESTINIANRIGHTS,N
36818,J_NO_1,C12ZIONCRITICAL,N
36818,J_NO_1,C12SOLUTIONS,N
36818,J_NO_1,C12EQUALRIGHTS,N
36818,J_NO_1,C13ISRAELEVIDENCE,N
36818,J_NO_1,C13ISRAELINSTITUTIONS,N
36818,J_NO_1,C13ISRAELPOLICIES,N
36818,J_NO_1,C13ISRAELOPT,N
36818,J_NO_1,C13ISRAELREGION,N
36818,J_NO_1,C13ISRAELDISCRIMINATION,N
36818,J_NO_1,C13ISRAELNORMS,N
36818,J_NO_1,C13ISRAELCOMPARE,N
36818,J_NO_1,C14BDS,N
36818,J_NO_1,C15REASONABLE,N
36818,J_NO_1,C15DOUBLESTANDARD,N
8221,J_NO_1,C11PALESTINIANJUSTICE,N
8221,J_NO_1,C11PALESTINIANRIGHTS,N
8221,J_NO_1,C12ZIONCRITICAL,N
8221,J_NO_1,C12SOLUTIONS,N
8221,J_NO_1,C12EQUALRIGHTS,N
8221,J_NO_1,C13ISRAELEVIDENCE,N
8221,J_NO_1,C13ISRAELINSTITUTIONS,N
8221,J_NO_1,C13ISRAELPOLICIES,N
8221,J_NO_1,C13ISRAELOPT,N
8221,J_NO_1,C13ISRAELREGION,N
8221,J_NO_1,C13ISRAELDISCRIMINATION,N
8221,J_NO_1,C13ISRAELNORMS,N
8221,J_NO_1,C13ISRAELCOMPARE,N
8221,J_NO_1,C14BDS,N
8221,J_NO_1,C15REASONABLE,N
8221,J_NO_1,C15DOUBLESTANDARD,N
27897,J_NO_1,C11PALESTINIANJUSTICE,N
27897,J_NO_1,C11PALESTINIANRIGHTS,N
27897,J_NO_1,C12ZIONCRITICAL,N
27897,J_NO_1,C12SOLUTIONS,N
27897,J_NO_1,C12EQUALRIGHTS,N
27897,J_NO_1,C13ISRAELEVIDENCE,N
27897,J_NO_1,C13ISRAELINSTITUTIONS,N
27897,J_NO_1,C13ISRAELPOLICIES,N
27897,J_NO_1,C13ISRAELOPT,N
27897,J_NO_1,C13ISRAELREGION,N
27897,J_NO_1,C13ISRAELDISCRIMINATION,N
27897,J_NO_1,C13ISRAELNORMS,N
27897,J_NO_1,C13ISRAELCOMPARE,N
27897,J_NO_1,C14BDS,N
27897,J_NO_1,C15REASONABLE,N
27897,J_NO_1,C15DOUBLESTANDARD,N
43927,J_NO_1,PARSE_ERROR,Expecting value: line 1 column 1 (char 0)
20568,J_NO_1,C11PALESTINIANJUSTICE,N
20568,J_NO_1,C11PALESTINIANRIGHTS,N
20568,J_NO_1,C12ZIONCRITICAL,N
20568,J_NO_1,C12SOLUTIONS,N
20568,J_NO_1,C12EQUALRIGHTS,N
20568,J_NO_1,C13ISRAELEVIDENCE,N
20568,J_NO_1,C13ISRAELINSTITUTIONS,N
20568,J_NO_1,C13ISRAELPOLICIES,N
20568,J_NO_1,C13ISRAELOPT,N
20568,J_NO_1,C13ISRAELREGION,N
20568,J_NO_1,C13ISRAELDISCRIMINATION,N
20568,J_NO_1,C13ISRAELNORMS,N
20568,J_NO_1,C13ISRAELCOMPARE,N
20568,J_NO_1,C14BDS,N
20568,J_NO_1,C15REASONABLE,N
20568,J_NO_1,C15DOUBLESTANDARD,N
31179,J_NO_1,C11PALESTINIANJUSTICE,N
31179,J_NO_1,C11PALESTINIANRIGHTS,N
31179,J_NO_1,C12ZIONCRITICAL,N
31179,J_NO_1,C12SOLUTIONS,N
31179,J_NO_1,C12EQUALRIGHTS,N
31179,J_NO_1,C13ISRAELEVIDENCE,N
31179,J_NO_1,C13ISRAELINSTITUTIONS,N
31179,J_NO_1,C13ISRAELPOLICIES,N
31179,J_NO_1,C13ISRAELOPT,N
31179,J_NO_1,C13ISRAELREGION,N
31179,J_NO_1,C13ISRAELDISCRIMINATION,N
31179,J_NO_1,C13ISRAELNORMS,N
31179,J_NO_1,C13ISRAELCOMPARE,N
31179,J_NO_1,C14BDS,N
31179,J_NO_1,C15REASONABLE,N
31179,J_NO_1,C15DOUBLESTANDARD,N
45809,J_NO_1,C11PALESTINIANJUSTICE,N
45809,J_NO_1,C11PALESTINIANRIGHTS,N
45809,J_NO_1,C12ZIONCRITICAL,N
45809,J_NO_1,C12SOLUTIONS,N
45809,J_NO_1,C12EQUALRIGHTS,N
45809,J_NO_1,C13ISRAELEVIDENCE,N
45809,J_NO_1,C13ISRAELINSTITUTIONS,N
45809,J_NO_1,C13ISRAELPOLICIES,N
45809,J_NO_1,C13ISRAELOPT,N
45809,J_NO_1,C13ISRAELREGION,N
45809,J_NO_1,C13ISRAELDISCRIMINATION,N
45809,J_NO_1,C13ISRAELNORMS,N
45809,J_NO_1,C13ISRAELCOMPARE,N
45809,J_NO_1,C14BDS,N
45809,J_NO_1,C15REASONABLE,N
45809,J_NO_1,C15DOUBLESTANDARD,N
37441,J_NO_1,C11PALESTINIANJUSTICE,N
37441,J_NO_1,C11PALESTINIANRIGHTS,N
37441,J_NO_1,C12ZIONCRITICAL,N
37441,J_NO_1,C12SOLUTIONS,N
37441,J_NO_1,C12EQUALRIGHTS,N
37441,J_NO_1,C13ISRAELEVIDENCE,N
37441,J_NO_1,C13ISRAELINSTITUTIONS,N
37441,J_NO_1,C13ISRAELPOLICIES,N
37441,J_NO_1,C13ISRAELOPT,N
37441,J_NO_1,C13ISRAELREGION,N
37441,J_NO_1,C13ISRAELDISCRIMINATION,N
37441,J_NO_1,C13ISRAELNORMS,N
37441,J_NO_1,C13ISRAELCOMPARE,N
37441,J_NO_1,C14BDS,N
37441,J_NO_1,C15REASONABLE,N
37441,J_NO_1,C15DOUBLESTANDARD,N
19473,J_NO_1,C11PALESTINIANJUSTICE,N
19473,J_NO_1,C11PALESTINIANRIGHTS,N
19473,J_NO_1,C12ZIONCRITICAL,N
19473,J_NO_1,C12SOLUTIONS,N
19473,J_NO_1,C12EQUALRIGHTS,N
19473,J_NO_1,C13ISRAELEVIDENCE,N
19473,J_NO_1,C13ISRAELINSTITUTIONS,N
19473,J_NO_1,C13ISRAELPOLICIES,N
19473,J_NO_1,C13ISRAELOPT,N
19473,J_NO_1,C13ISRAELREGION,N
19473,J_NO_1,C13ISRAELDISCRIMINATION,N
19473,J_NO_1,C13ISRAELNORMS,N
19473,J_NO_1,C13ISRAELCOMPARE,N
19473,J_NO_1,C14BDS,N
19473,J_NO_1,C15REASONABLE,N
19473,J_NO_1,C15DOUBLESTANDARD,N
40750,J_NO_1,C11PALESTINIANJUSTICE,N
40750,J_NO_1,C11PALESTINIANRIGHTS,N
40750,J_NO_1,C12ZIONCRITICAL,N
40750,J_NO_1,C12SOLUTIONS,N
40750,J_NO_1,C12EQUALRIGHTS,N
40750,J_NO_1,C13ISRAELEVIDENCE,N
40750,J_NO_1,C13ISRAELINSTITUTIONS,N
40750,J_NO_1,C13ISRAELPOLICIES,N
40750,J_NO_1,C13ISRAELOPT,N
40750,J_NO_1,C13ISRAELREGION,N
40750,J_NO_1,C13ISRAELDISCRIMINATION,N
40750,J_NO_1,C13ISRAELNORMS,N
40750,J_NO_1,C13ISRAELCOMPARE,N
40750,J_NO_1,C14BDS,N
40750,J_NO_1,C15REASONABLE,N
40750,J_NO_1,C15DOUBLESTANDARD,N
34099,J_NO_1,C11PALESTINIANJUSTICE,N
34099,J_NO_1,C11PALESTINIANRIGHTS,N
34099,J_NO_1,C12ZIONCRITICAL,N
34099,J_NO_1,C12SOLUTIONS,N
34099,J_NO_1,C12EQUALRIGHTS,N
34099,J_NO_1,C13ISRAELEVIDENCE,N
34099,J_NO_1,C13ISRAELINSTITUTIONS,N
34099,J_NO_1,C13ISRAELPOLICIES,N
34099,J_NO_1,C13ISRAELOPT,N
34099,J_NO_1,C13ISRAELREGION,N
34099,J_NO_1,C13ISRAELDISCRIMINATION,N
34099,J_NO_1,C13ISRAELNORMS,N
34099,J_NO_1,C13ISRAELCOMPARE,N
34099,J_NO_1,C14BDS,N
34099,J_NO_1,C15REASONABLE,N
34099,J_NO_1,C15DOUBLESTANDARD,N
8950,J_NO_1,C11PALESTINIANJUSTICE,N
8950,J_NO_1,C11PALESTINIANRIGHTS,N
8950,J_NO_1,C12ZIONCRITICAL,N
8950,J_NO_1,C12SOLUTIONS,N
8950,J_NO_1,C12EQUALRIGHTS,N
8950,J_NO_1,C13ISRAELEVIDENCE,N
8950,J_NO_1,C13ISRAELINSTITUTIONS,N
8950,J_NO_1,C13ISRAELPOLICIES,N
8950,J_NO_1,C13ISRAELOPT,N
8950,J_NO_1,C13ISRAELREGION,N
8950,J_NO_1,C13ISRAELDISCRIMINATION,N
8950,J_NO_1,C13ISRAELNORMS,N
8950,J_NO_1,C13ISRAELCOMPARE,N
8950,J_NO_1,C14BDS,N
8950,J_NO_1,C15REASONABLE,N
8950,J_NO_1,C15DOUBLESTANDARD,N
26103,J_NO_1,C11PALESTINIANJUSTICE,N
26103,J_NO_1,C11PALESTINIANRIGHTS,N
26103,J_NO_1,C12ZIONCRITICAL,N
26103,J_NO_1,C12SOLUTIONS,N
26103,J_NO_1,C12EQUALRIGHTS,N
26103,J_NO_1,C13ISRAELEVIDENCE,N
26103,J_NO_1,C13ISRAELINSTITUTIONS,N
26103,J_NO_1,C13ISRAELPOLICIES,N
26103,J_NO_1,C13ISRAELOPT,N
26103,J_NO_1,C13ISRAELREGION,N
26103,J_NO_1,C13ISRAELDISCRIMINATION,N
26103,J_NO_1,C13ISRAELNORMS,N
26103,J_NO_1,C13ISRAELCOMPARE,N
26103,J_NO_1,C14BDS,N
26103,J_NO_1,C15REASONABLE,N
26103,J_NO_1,C15DOUBLESTANDARD,N
19323,J_NO_1,C11PALESTINIANJUSTICE,N
19323,J_NO_1,C11PALESTINIANRIGHTS,N
19323,J_NO_1,C12ZIONCRITICAL,N
19323,J_NO_1,C12SOLUTIONS,N
19323,J_NO_1,C12EQUALRIGHTS,N
19323,J_NO_1,C13ISRAELEVIDENCE,N
19323,J_NO_1,C13ISRAELINSTITUTIONS,N
19323,J_NO_1,C13ISRAELPOLICIES,N
19323,J_NO_1,C13ISRAELOPT,N
19323,J_NO_1,C13ISRAELREGION,N
19323,J_NO_1,C13ISRAELDISCRIMINATION,N
19323,J_NO_1,C13ISRAELNORMS,N
19323,J_NO_1,C13ISRAELCOMPARE,N
19323,J_NO_1,C14BDS,N
19323,J_NO_1,C15REASONABLE,N
19323,J_NO_1,C15DOUBLESTANDARD,N
48722,J_NO_1,C11PALESTINIANJUSTICE,N
48722,J_NO_1,C11PALESTINIANRIGHTS,N
48722,J_NO_1,C12ZIONCRITICAL,N
48722,J_NO_1,C12SOLUTIONS,N
48722,J_NO_1,C12EQUALRIGHTS,N
48722,J_NO_1,C13ISRAELEVIDENCE,N
48722,J_NO_1,C13ISRAELINSTITUTIONS,N
48722,J_NO_1,C13ISRAELPOLICIES,N
48722,J_NO_1,C13ISRAELOPT,N
48722,J_NO_1,C13ISRAELREGION,N
48722,J_NO_1,C13ISRAELDISCRIMINATION,N
48722,J_NO_1,C13ISRAELNORMS,N
48722,J_NO_1,C13ISRAELCOMPARE,N
48722,J_NO_1,C14BDS,N
48722,J_NO_1,C15REASONABLE,N
48722,J_NO_1,C15DOUBLESTANDARD,N
20094,J_NO_1,C11PALESTINIANJUSTICE,N
20094,J_NO_1,C11PALESTINIANRIGHTS,N
20094,J_NO_1,C12ZIONCRITICAL,N
20094,J_NO_1,C12SOLUTIONS,N
20094,J_NO_1,C12EQUALRIGHTS,N
20094,J_NO_1,C13ISRAELEVIDENCE,N
20094,J_NO_1,C13ISRAELINSTITUTIONS,N
20094,J_NO_1,C13ISRAELPOLICIES,N
20094,J_NO_1,C13ISRAELOPT,N
20094,J_NO_1,C13ISRAELREGION,N
20094,J_NO_1,C13ISRAELDISCRIMINATION,N
20094,J_NO_1,C13ISRAELNORMS,N
20094,J_NO_1,C13ISRAELCOMPARE,N
20094,J_NO_1,C14BDS,N
20094,J_NO_1,C15REASONABLE,N
20094,J_NO_1,C15DOUBLESTANDARD,N
12616,J_NO_1,C11PALESTINIANJUSTICE,N
12616,J_NO_1,C11PALESTINIANRIGHTS,N
12616,J_NO_1,C12ZIONCRITICAL,N
12616,J_NO_1,C12SOLUTIONS,N
12616,J_NO_1,C12EQUALRIGHTS,N
12616,J_NO_1,C13ISRAELEVIDENCE,N
12616,J_NO_1,C13ISRAELINSTITUTIONS,N
12616,J_NO_1,C13ISRAELPOLICIES,N
12616,J_NO_1,C13ISRAELOPT,N
12616,J_NO_1,C13ISRAELREGION,N
12616,J_NO_1,C13ISRAELDISCRIMINATION,N
12616,J_NO_1,C13ISRAELNORMS,N
12616,J_NO_1,C13ISRAELCOMPARE,N
12616,J_NO_1,C14BDS,N
12616,J_NO_1,C15REASONABLE,N
12616,J_NO_1,C15DOUBLESTANDARD,N
33962,J_NO_1,C11PALESTINIANJUSTICE,N
33962,J_NO_1,C11PALESTINIANRIGHTS,N
33962,J_NO_1,C12ZIONCRITICAL,N
33962,J_NO_1,C12SOLUTIONS,N
33962,J_NO_1,C12EQUALRIGHTS,N
33962,J_NO_1,C13ISRAELEVIDENCE,N
33962,J_NO_1,C13ISRAELINSTITUTIONS,N
33962,J_NO_1,C13ISRAELPOLICIES,I
33962,J_NO_1,C13ISRAELOPT,I
33962,J_NO_1,C13ISRAELREGION,N
33962,J_NO_1,C13ISRAELDISCRIMINATION,N
33962,J_NO_1,C13ISRAELNORMS,N
33962,J_NO_1,C13ISRAELCOMPARE,N
33962,J_NO_1,C14BDS,N
33962,J_NO_1,C15REASONABLE,N
33962,J_NO_1,C15DOUBLESTANDARD,N
1495,J_NO_1,C11PALESTINIANJUSTICE,N
1495,J_NO_1,C11PALESTINIANRIGHTS,N
1495,J_NO_1,C12ZIONCRITICAL,N
1495,J_NO_1,C12SOLUTIONS,N
1495,J_NO_1,C12EQUALRIGHTS,N
1495,J_NO_1,C13ISRAELEVIDENCE,N
1495,J_NO_1,C13ISRAELINSTITUTIONS,N
1495,J_NO_1,C13ISRAELPOLICIES,N
1495,J_NO_1,C13ISRAELOPT,N
1495,J_NO_1,C13ISRAELREGION,N
1495,J_NO_1,C13ISRAELDISCRIMINATION,N
1495,J_NO_1,C13ISRAELNORMS,N
1495,J_NO_1,C13ISRAELCOMPARE,N
1495,J_NO_1,C14BDS,N
1495,J_NO_1,C15REASONABLE,N
1495,J_NO_1,C15DOUBLESTANDARD,N
47706,J_NO_1,C11PALESTINIANJUSTICE,N
47706,J_NO_1,C11PALESTINIANRIGHTS,N
47706,J_NO_1,C12ZIONCRITICAL,N
47706,J_NO_1,C12SOLUTIONS,N
47706,J_NO_1,C12EQUALRIGHTS,N
47706,J_NO_1,C13ISRAELEVIDENCE,N
47706,J_NO_1,C13ISRAELINSTITUTIONS,N
47706,J_NO_1,C13ISRAELPOLICIES,N
47706,J_NO_1,C13ISRAELOPT,N
47706,J_NO_1,C13ISRAELREGION,N
47706,J_NO_1,C13ISRAELDISCRIMINATION,N
47706,J_NO_1,C13ISRAELNORMS,N
47706,J_NO_1,C13ISRAELCOMPARE,N
47706,J_NO_1,C14BDS,N
47706,J_NO_1,C15REASONABLE,A
47706,J_NO_1,C15DOUBLESTANDARD,N
10234,J_NO_1,C11PALESTINIANJUSTICE,N
10234,J_NO_1,C11PALESTINIANRIGHTS,N
10234,J_NO_1,C12ZIONCRITICAL,N
10234,J_NO_1,C12SOLUTIONS,N
10234,J_NO_1,C12EQUALRIGHTS,N
10234,J_NO_1,C13ISRAELEVIDENCE,N
10234,J_NO_1,C13ISRAELINSTITUTIONS,N
10234,J_NO_1,C13ISRAELPOLICIES,N
10234,J_NO_1,C13ISRAELOPT,N
10234,J_NO_1,C13ISRAELREGION,N
10234,J_NO_1,C13ISRAELDISCRIMINATION,N
10234,J_NO_1,C13ISRAELNORMS,N
10234,J_NO_1,C13ISRAELCOMPARE,N
10234,J_NO_1,C14BDS,N
10234,J_NO_1,C15REASONABLE,A
10234,J_NO_1,C15DOUBLESTANDARD,N
43029,J_NO_1,C11PALESTINIANJUSTICE,N
43029,J_NO_1,C11PALESTINIANRIGHTS,N
43029,J_NO_1,C12ZIONCRITICAL,N
43029,J_NO_1,C12SOLUTIONS,N
43029,J_NO_1,C12EQUALRIGHTS,N
43029,J_NO_1,C13ISRAELEVIDENCE,N
43029,J_NO_1,C13ISRAELINSTITUTIONS,N
43029,J_NO_1,C13ISRAELPOLICIES,N
43029,J_NO_1,C13ISRAELOPT,N
43029,J_NO_1,C13ISRAELREGION,N
43029,J_NO_1,C13ISRAELDISCRIMINATION,N
43029,J_NO_1,C13ISRAELNORMS,N
43029,J_NO_1,C13ISRAELCOMPARE,N
43029,J_NO_1,C14BDS,N
43029,J_NO_1,C15REASONABLE,N
43029,J_NO_1,C15DOUBLESTANDARD,N
17712,J_NO_1,C11PALESTINIANJUSTICE,N
17712,J_NO_1,C11PALESTINIANRIGHTS,N
17712,J_NO_1,C12ZIONCRITICAL,N
17712,J_NO_1,C12SOLUTIONS,N
17712,J_NO_1,C12EQUALRIGHTS,N
17712,J_NO_1,C13ISRAELEVIDENCE,N
17712,J_NO_1,C13ISRAELINSTITUTIONS,N
17712,J_NO_1,C13ISRAELPOLICIES,N
17712,J_NO_1,C13ISRAELOPT,N
17712,J_NO_1,C13ISRAELREGION,N
17712,J_NO_1,C13ISRAELDISCRIMINATION,N
17712,J_NO_1,C13ISRAELNORMS,N
17712,J_NO_1,C13ISRAELCOMPARE,N
17712,J_NO_1,C14BDS,N
17712,J_NO_1,C15REASONABLE,N
17712,J_NO_1,C15DOUBLESTANDARD,N
26375,J_NO_1,C11PALESTINIANJUSTICE,N
26375,J_NO_1,C11PALESTINIANRIGHTS,N
26375,J_NO_1,C12ZIONCRITICAL,N
26375,J_NO_1,C12SOLUTIONS,N
26375,J_NO_1,C12EQUALRIGHTS,N
26375,J_NO_1,C13ISRAELEVIDENCE,N
26375,J_NO_1,C13ISRAELINSTITUTIONS,N
26375,J_NO_1,C13ISRAELPOLICIES,N
26375,J_NO_1,C13ISRAELOPT,N
26375,J_NO_1,C13ISRAELREGION,N
26375,J_NO_1,C13ISRAELDISCRIMINATION,N
26375,J_NO_1,C13ISRAELNORMS,N
26375,J_NO_1,C13ISRAELCOMPARE,N
26375,J_NO_1,C14BDS,N
26375,J_NO_1,C15REASONABLE,N
26375,J_NO_1,C15DOUBLESTANDARD,N
22648,J_NO_1,C11PALESTINIANJUSTICE,N
22648,J_NO_1,C11PALESTINIANRIGHTS,N
22648,J_NO_1,C12ZIONCRITICAL,N
22648,J_NO_1,C12SOLUTIONS,N
22648,J_NO_1,C12EQUALRIGHTS,N
22648,J_NO_1,C13ISRAELEVIDENCE,N
22648,J_NO_1,C13ISRAELINSTITUTIONS,N
22648,J_NO_1,C13ISRAELPOLICIES,N
22648,J_NO_1,C13ISRAELOPT,N
22648,J_NO_1,C13ISRAELREGION,N
22648,J_NO_1,C13ISRAELDISCRIMINATION,N
22648,J_NO_1,C13ISRAELNORMS,N
22648,J_NO_1,C13ISRAELCOMPARE,N
22648,J_NO_1,C14BDS,N
22648,J_NO_1,C15REASONABLE,N
22648,J_NO_1,C15DOUBLESTANDARD,N
5823,J_NO_1,C11PALESTINIANJUSTICE,N
5823,J_NO_1,C11PALESTINIANRIGHTS,N
5823,J_NO_1,C12ZIONCRITICAL,N
5823,J_NO_1,C12SOLUTIONS,N
5823,J_NO_1,C12EQUALRIGHTS,N
5823,J_NO_1,C13ISRAELEVIDENCE,N
5823,J_NO_1,C13ISRAELINSTITUTIONS,N
5823,J_NO_1,C13ISRAELPOLICIES,N
5823,J_NO_1,C13ISRAELOPT,N
5823,J_NO_1,C13ISRAELREGION,N
5823,J_NO_1,C13ISRAELDISCRIMINATION,N
5823,J_NO_1,C13ISRAELNORMS,N
5823,J_NO_1,C13ISRAELCOMPARE,N
5823,J_NO_1,C14BDS,N
5823,J_NO_1,C15REASONABLE,N
5823,J_NO_1,C15DOUBLESTANDARD,N
25919,J_NO_1,C11PALESTINIANJUSTICE,N
25919,J_NO_1,C11PALESTINIANRIGHTS,N
25919,J_NO_1,C12ZIONCRITICAL,N
25919,J_NO_1,C12SOLUTIONS,N
25919,J_NO_1,C12EQUALRIGHTS,N
25919,J_NO_1,C13ISRAELEVIDENCE,N
25919,J_NO_1,C13ISRAELINSTITUTIONS,N
25919,J_NO_1,C13ISRAELPOLICIES,N
25919,J_NO_1,C13ISRAELOPT,N
25919,J_NO_1,C13ISRAELREGION,N
25919,J_NO_1,C13ISRAELDISCRIMINATION,N
25919,J_NO_1,C13ISRAELNORMS,N
25919,J_NO_1,C13ISRAELCOMPARE,N
25919,J_NO_1,C14BDS,N
25919,J_NO_1,C15REASONABLE,N
25919,J_NO_1,C15DOUBLESTANDARD,N
17968,J_NO_1,C11PALESTINIANJUSTICE,N
17968,J_NO_1,C11PALESTINIANRIGHTS,N
17968,J_NO_1,C12ZIONCRITICAL,N
17968,J_NO_1,C12SOLUTIONS,N
17968,J_NO_1,C12EQUALRIGHTS,N
17968,J_NO_1,C13ISRAELEVIDENCE,N
17968,J_NO_1,C13ISRAELINSTITUTIONS,N
17968,J_NO_1,C13ISRAELPOLICIES,N
17968,J_NO_1,C13ISRAELOPT,N
17968,J_NO_1,C13ISRAELREGION,N
17968,J_NO_1,C13ISRAELDISCRIMINATION,N
17968,J_NO_1,C13ISRAELNORMS,N
17968,J_NO_1,C13ISRAELCOMPARE,N
17968,J_NO_1,C14BDS,N
17968,J_NO_1,C15REASONABLE,N
17968,J_NO_1,C15DOUBLESTANDARD,N
39701,J_NO_1,C11PALESTINIANJUSTICE,N
39701,J_NO_1,C11PALESTINIANRIGHTS,N
39701,J_NO_1,C12ZIONCRITICAL,N
39701,J_NO_1,C12SOLUTIONS,N
39701,J_NO_1,C12EQUALRIGHTS,N
39701,J_NO_1,C13ISRAELEVIDENCE,N
39701,J_NO_1,C13ISRAELINSTITUTIONS,N
39701,J_NO_1,C13ISRAELPOLICIES,N
39701,J_NO_1,C13ISRAELOPT,N
39701,J_NO_1,C13ISRAELREGION,N
39701,J_NO_1,C13ISRAELDISCRIMINATION,N
39701,J_NO_1,C13ISRAELNORMS,N
39701,J_NO_1,C13ISRAELCOMPARE,N
39701,J_NO_1,C14BDS,N
39701,J_NO_1,C15REASONABLE,N
39701,J_NO_1,C15DOUBLESTANDARD,N
42504,J_NO_1,C11PALESTINIANJUSTICE,N
42504,J_NO_1,C11PALESTINIANRIGHTS,N
42504,J_NO_1,C12ZIONCRITICAL,N
42504,J_NO_1,C12SOLUTIONS,N
42504,J_NO_1,C12EQUALRIGHTS,N
42504,J_NO_1,C13ISRAELEVIDENCE,N
42504,J_NO_1,C13ISRAELINSTITUTIONS,N
42504,J_NO_1,C13ISRAELPOLICIES,N
42504,J_NO_1,C13ISRAELOPT,N
42504,J_NO_1,C13ISRAELREGION,N
42504,J_NO_1,C13ISRAELDISCRIMINATION,N
42504,J_NO_1,C13ISRAELNORMS,N
42504,J_NO_1,C13ISRAELCOMPARE,N
42504,J_NO_1,C14BDS,N
42504,J_NO_1,C15REASONABLE,N
42504,J_NO_1,C15DOUBLESTANDARD,N
2898,J_NO_1,C11PALESTINIANJUSTICE,N
2898,J_NO_1,C11PALESTINIANRIGHTS,N
2898,J_NO_1,C12ZIONCRITICAL,N
2898,J_NO_1,C12SOLUTIONS,N
2898,J_NO_1,C12EQUALRIGHTS,N
2898,J_NO_1,C13ISRAELEVIDENCE,N
2898,J_NO_1,C13ISRAELINSTITUTIONS,N
2898,J_NO_1,C13ISRAELPOLICIES,N
2898,J_NO_1,C13ISRAELOPT,N
2898,J_NO_1,C13ISRAELREGION,N
2898,J_NO_1,C13ISRAELDISCRIMINATION,N
2898,J_NO_1,C13ISRAELNORMS,N
2898,J_NO_1,C13ISRAELCOMPARE,N
2898,J_NO_1,C14BDS,N
2898,J_NO_1,C15REASONABLE,N
2898,J_NO_1,C15DOUBLESTANDARD,N
1591,J_NO_1,C11PALESTINIANJUSTICE,N
1591,J_NO_1,C11PALESTINIANRIGHTS,N
1591,J_NO_1,C12ZIONCRITICAL,N
1591,J_NO_1,C12SOLUTIONS,N
1591,J_NO_1,C12EQUALRIGHTS,N
1591,J_NO_1,C13ISRAELEVIDENCE,N
1591,J_NO_1,C13ISRAELINSTITUTIONS,N
1591,J_NO_1,C13ISRAELPOLICIES,N
1591,J_NO_1,C13ISRAELOPT,N
1591,J_NO_1,C13ISRAELREGION,N
1591,J_NO_1,C13ISRAELDISCRIMINATION,N
1591,J_NO_1,C13ISRAELNORMS,N
1591,J_NO_1,C13ISRAELCOMPARE,N
1591,J_NO_1,C14BDS,N
1591,J_NO_1,C15REASONABLE,N
1591,J_NO_1,C15DOUBLESTANDARD,N
44430,J_NO_1,C11PALESTINIANJUSTICE,N
44430,J_NO_1,C11PALESTINIANRIGHTS,N
44430,J_NO_1,C12ZIONCRITICAL,N
44430,J_NO_1,C12SOLUTIONS,N
44430,J_NO_1,C12EQUALRIGHTS,N
44430,J_NO_1,C13ISRAELEVIDENCE,N
44430,J_NO_1,C13ISRAELINSTITUTIONS,N
44430,J_NO_1,C13ISRAELPOLICIES,N
44430,J_NO_1,C13ISRAELOPT,N
44430,J_NO_1,C13ISRAELREGION,N
44430,J_NO_1,C13ISRAELDISCRIMINATION,N
44430,J_NO_1,C13ISRAELNORMS,N
44430,J_NO_1,C13ISRAELCOMPARE,N
44430,J_NO_1,C14BDS,N
44430,J_NO_1,C15REASONABLE,N
44430,J_NO_1,C15DOUBLESTANDARD,N
42264,J_NO_1,C11PALESTINIANJUSTICE,N
42264,J_NO_1,C11PALESTINIANRIGHTS,N
42264,J_NO_1,C12ZIONCRITICAL,N
42264,J_NO_1,C12SOLUTIONS,N
42264,J_NO_1,C12EQUALRIGHTS,N
42264,J_NO_1,C13ISRAELEVIDENCE,N
42264,J_NO_1,C13ISRAELINSTITUTIONS,N
42264,J_NO_1,C13ISRAELPOLICIES,N
42264,J_NO_1,C13ISRAELOPT,N
42264,J_NO_1,C13ISRAELREGION,N
42264,J_NO_1,C13ISRAELDISCRIMINATION,N
42264,J_NO_1,C13ISRAELNORMS,N
42264,J_NO_1,C13ISRAELCOMPARE,N
42264,J_NO_1,C14BDS,N
42264,J_NO_1,C15REASONABLE,N
42264,J_NO_1,C15DOUBLESTANDARD,N
28197,J_NO_1,C11PALESTINIANJUSTICE,I
28197,J_NO_1,C11PALESTINIANRIGHTS,I
28197,J_NO_1,C12ZIONCRITICAL,I
28197,J_NO_1,C12SOLUTIONS,N
28197,J_NO_1,C12EQUALRIGHTS,N
28197,J_NO_1,C13ISRAELEVIDENCE,N
28197,J_NO_1,C13ISRAELINSTITUTIONS,N
28197,J_NO_1,C13ISRAELPOLICIES,I
28197,J_NO_1,C13ISRAELOPT,N
28197,J_NO_1,C13ISRAELREGION,N
28197,J_NO_1,C13ISRAELDISCRIMINATION,N
28197,J_NO_1,C13ISRAELNORMS,I
28197,J_NO_1,C13ISRAELCOMPARE,N
28197,J_NO_1,C14BDS,N
28197,J_NO_1,C15REASONABLE,I
28197,J_NO_1,C15DOUBLESTANDARD,I
44545,J_NO_1,C11PALESTINIANJUSTICE,N
44545,J_NO_1,C11PALESTINIANRIGHTS,N
44545,J_NO_1,C12ZIONCRITICAL,N
44545,J_NO_1,C12SOLUTIONS,N
44545,J_NO_1,C12EQUALRIGHTS,N
44545,J_NO_1,C13ISRAELEVIDENCE,N
44545,J_NO_1,C13ISRAELINSTITUTIONS,N
44545,J_NO_1,C13ISRAELPOLICIES,N
44545,J_NO_1,C13ISRAELOPT,N
44545,J_NO_1,C13ISRAELREGION,N
44545,J_NO_1,C13ISRAELDISCRIMINATION,N
44545,J_NO_1,C13ISRAELNORMS,N
44545,J_NO_1,C13ISRAELCOMPARE,N
44545,J_NO_1,C14BDS,N
44545,J_NO_1,C15REASONABLE,N
44545,J_NO_1,C15DOUBLESTANDARD,N
6936,J_NO_1,C11PALESTINIANJUSTICE,N
6936,J_NO_1,C11PALESTINIANRIGHTS,N
6936,J_NO_1,C12ZIONCRITICAL,N
6936,J_NO_1,C12SOLUTIONS,N
6936,J_NO_1,C12EQUALRIGHTS,N
6936,J_NO_1,C13ISRAELEVIDENCE,N
6936,J_NO_1,C13ISRAELINSTITUTIONS,N
6936,J_NO_1,C13ISRAELPOLICIES,N
6936,J_NO_1,C13ISRAELOPT,N
6936,J_NO_1,C13ISRAELREGION,N
6936,J_NO_1,C13ISRAELDISCRIMINATION,N
6936,J_NO_1,C13ISRAELNORMS,N
6936,J_NO_1,C13ISRAELCOMPARE,N
6936,J_NO_1,C14BDS,N
6936,J_NO_1,C15REASONABLE,N
6936,J_NO_1,C15DOUBLESTANDARD,N
9431,J_NO_1,C11PALESTINIANJUSTICE,N
9431,J_NO_1,C11PALESTINIANRIGHTS,N
9431,J_NO_1,C12ZIONCRITICAL,N
9431,J_NO_1,C12SOLUTIONS,N
9431,J_NO_1,C12EQUALRIGHTS,N
9431,J_NO_1,C13ISRAELEVIDENCE,N
9431,J_NO_1,C13ISRAELINSTITUTIONS,N
9431,J_NO_1,C13ISRAELPOLICIES,N
9431,J_NO_1,C13ISRAELOPT,N
9431,J_NO_1,C13ISRAELREGION,N
9431,J_NO_1,C13ISRAELDISCRIMINATION,N
9431,J_NO_1,C13ISRAELNORMS,N
9431,J_NO_1,C13ISRAELCOMPARE,N
9431,J_NO_1,C14BDS,N
9431,J_NO_1,C15REASONABLE,N
9431,J_NO_1,C15DOUBLESTANDARD,N
34023,J_NO_1,C11PALESTINIANJUSTICE,N
34023,J_NO_1,C11PALESTINIANRIGHTS,N
34023,J_NO_1,C12ZIONCRITICAL,N
34023,J_NO_1,C12SOLUTIONS,N
34023,J_NO_1,C12EQUALRIGHTS,N
34023,J_NO_1,C13ISRAELEVIDENCE,N
34023,J_NO_1,C13ISRAELINSTITUTIONS,N
34023,J_NO_1,C13ISRAELPOLICIES,N
34023,J_NO_1,C13ISRAELOPT,N
34023,J_NO_1,C13ISRAELREGION,N
34023,J_NO_1,C13ISRAELDISCRIMINATION,N
34023,J_NO_1,C13ISRAELNORMS,N
34023,J_NO_1,C13ISRAELCOMPARE,N
34023,J_NO_1,C14BDS,N
34023,J_NO_1,C15REASONABLE,N
34023,J_NO_1,C15DOUBLESTANDARD,N
44883,J_NO_1,C11PALESTINIANJUSTICE,N
44883,J_NO_1,C11PALESTINIANRIGHTS,N
44883,J_NO_1,C12ZIONCRITICAL,N
44883,J_NO_1,C12SOLUTIONS,N
44883,J_NO_1,C12EQUALRIGHTS,N
44883,J_NO_1,C13ISRAELEVIDENCE,N
44883,J_NO_1,C13ISRAELINSTITUTIONS,N
44883,J_NO_1,C13ISRAELPOLICIES,N
44883,J_NO_1,C13ISRAELOPT,N
44883,J_NO_1,C13ISRAELREGION,N
44883,J_NO_1,C13ISRAELDISCRIMINATION,N
44883,J_NO_1,C13ISRAELNORMS,N
44883,J_NO_1,C13ISRAELCOMPARE,N
44883,J_NO_1,C14BDS,N
44883,J_NO_1,C15REASONABLE,N
44883,J_NO_1,C15DOUBLESTANDARD,N
16522,J_NO_1,C11PALESTINIANJUSTICE,N
16522,J_NO_1,C11PALESTINIANRIGHTS,N
16522,J_NO_1,C12ZIONCRITICAL,N
16522,J_NO_1,C12SOLUTIONS,N
16522,J_NO_1,C12EQUALRIGHTS,N
16522,J_NO_1,C13ISRAELEVIDENCE,N
16522,J_NO_1,C13ISRAELINSTITUTIONS,N
16522,J_NO_1,C13ISRAELPOLICIES,N
16522,J_NO_1,C13ISRAELOPT,N
16522,J_NO_1,C13ISRAELREGION,N
16522,J_NO_1,C13ISRAELDISCRIMINATION,N
16522,J_NO_1,C13ISRAELNORMS,N
16522,J_NO_1,C13ISRAELCOMPARE,N
16522,J_NO_1,C14BDS,N
16522,J_NO_1,C15REASONABLE,N
16522,J_NO_1,C15DOUBLESTANDARD,N
34749,J_NO_1,C11PALESTINIANJUSTICE,N
34749,J_NO_1,C11PALESTINIANRIGHTS,N
34749,J_NO_1,C12ZIONCRITICAL,N
34749,J_NO_1,C12SOLUTIONS,N
34749,J_NO_1,C12EQUALRIGHTS,N
34749,J_NO_1,C13ISRAELEVIDENCE,N
34749,J_NO_1,C13ISRAELINSTITUTIONS,N
34749,J_NO_1,C13ISRAELPOLICIES,N
34749,J_NO_1,C13ISRAELOPT,N
34749,J_NO_1,C13ISRAELREGION,N
34749,J_NO_1,C13ISRAELDISCRIMINATION,N
34749,J_NO_1,C13ISRAELNORMS,N
34749,J_NO_1,C13ISRAELCOMPARE,N
34749,J_NO_1,C14BDS,N
34749,J_NO_1,C15REASONABLE,N
34749,J_NO_1,C15DOUBLESTANDARD,N
48931,J_NO_1,C11PALESTINIANJUSTICE,N
48931,J_NO_1,C11PALESTINIANRIGHTS,N
48931,J_NO_1,C12ZIONCRITICAL,N
48931,J_NO_1,C12SOLUTIONS,N
48931,J_NO_1,C12EQUALRIGHTS,N
48931,J_NO_1,C13ISRAELEVIDENCE,N
48931,J_NO_1,C13ISRAELINSTITUTIONS,N
48931,J_NO_1,C13ISRAELPOLICIES,N
48931,J_NO_1,C13ISRAELOPT,N
48931,J_NO_1,C13ISRAELREGION,N
48931,J_NO_1,C13ISRAELDISCRIMINATION,N
48931,J_NO_1,C13ISRAELNORMS,N
48931,J_NO_1,C13ISRAELCOMPARE,N
48931,J_NO_1,C14BDS,N
48931,J_NO_1,C15REASONABLE,N
48931,J_NO_1,C15DOUBLESTANDARD,N
19365,J_NO_1,C11PALESTINIANJUSTICE,N
19365,J_NO_1,C11PALESTINIANRIGHTS,N
19365,J_NO_1,C12ZIONCRITICAL,N
19365,J_NO_1,C12SOLUTIONS,N
19365,J_NO_1,C12EQUALRIGHTS,N
19365,J_NO_1,C13ISRAELEVIDENCE,N
19365,J_NO_1,C13ISRAELINSTITUTIONS,N
19365,J_NO_1,C13ISRAELPOLICIES,N
19365,J_NO_1,C13ISRAELOPT,N
19365,J_NO_1,C13ISRAELREGION,N
19365,J_NO_1,C13ISRAELDISCRIMINATION,N
19365,J_NO_1,C13ISRAELNORMS,N
19365,J_NO_1,C13ISRAELCOMPARE,N
19365,J_NO_1,C14BDS,N
19365,J_NO_1,C15REASONABLE,N
19365,J_NO_1,C15DOUBLESTANDARD,N
49028,J_NO_1,C11PALESTINIANJUSTICE,N
49028,J_NO_1,C11PALESTINIANRIGHTS,N
49028,J_NO_1,C12ZIONCRITICAL,I
49028,J_NO_1,C12SOLUTIONS,N
49028,J_NO_1,C12EQUALRIGHTS,N
49028,J_NO_1,C13ISRAELEVIDENCE,N
49028,J_NO_1,C13ISRAELINSTITUTIONS,N
49028,J_NO_1,C13ISRAELPOLICIES,N
49028,J_NO_1,C13ISRAELOPT,N
49028,J_NO_1,C13ISRAELREGION,N
49028,J_NO_1,C13ISRAELDISCRIMINATION,N
49028,J_NO_1,C13ISRAELNORMS,N
49028,J_NO_1,C13ISRAELCOMPARE,N
49028,J_NO_1,C14BDS,N
49028,J_NO_1,C15REASONABLE,N
49028,J_NO_1,C15DOUBLESTANDARD,N
5260,J_NO_1,C11PALESTINIANJUSTICE,N
5260,J_NO_1,C11PALESTINIANRIGHTS,N
5260,J_NO_1,C12ZIONCRITICAL,N
5260,J_NO_1,C12SOLUTIONS,N
5260,J_NO_1,C12EQUALRIGHTS,N
5260,J_NO_1,C13ISRAELEVIDENCE,N
5260,J_NO_1,C13ISRAELINSTITUTIONS,N
5260,J_NO_1,C13ISRAELPOLICIES,N
5260,J_NO_1,C13ISRAELOPT,N
5260,J_NO_1,C13ISRAELREGION,N
5260,J_NO_1,C13ISRAELDISCRIMINATION,N
5260,J_NO_1,C13ISRAELNORMS,N
5260,J_NO_1,C13ISRAELCOMPARE,N
5260,J_NO_1,C14BDS,N
5260,J_NO_1,C15REASONABLE,N
5260,J_NO_1,C15DOUBLESTANDARD,N
26944,J_NO_1,C11PALESTINIANJUSTICE,N
26944,J_NO_1,C11PALESTINIANRIGHTS,N
26944,J_NO_1,C12ZIONCRITICAL,N
26944,J_NO_1,C12SOLUTIONS,N
26944,J_NO_1,C12EQUALRIGHTS,N
26944,J_NO_1,C13ISRAELEVIDENCE,N
26944,J_NO_1,C13ISRAELINSTITUTIONS,N
26944,J_NO_1,C13ISRAELPOLICIES,N
26944,J_NO_1,C13ISRAELOPT,N
26944,J_NO_1,C13ISRAELREGION,N
26944,J_NO_1,C13ISRAELDISCRIMINATION,N
26944,J_NO_1,C13ISRAELNORMS,N
26944,J_NO_1,C13ISRAELCOMPARE,N
26944,J_NO_1,C14BDS,N
26944,J_NO_1,C15REASONABLE,N
26944,J_NO_1,C15DOUBLESTANDARD,N
36267,J_NO_1,C11PALESTINIANJUSTICE,N
36267,J_NO_1,C11PALESTINIANRIGHTS,N
36267,J_NO_1,C12ZIONCRITICAL,N
36267,J_NO_1,C12SOLUTIONS,N
36267,J_NO_1,C12EQUALRIGHTS,N
36267,J_NO_1,C13ISRAELEVIDENCE,N
36267,J_NO_1,C13ISRAELINSTITUTIONS,N
36267,J_NO_1,C13ISRAELPOLICIES,N
36267,J_NO_1,C13ISRAELOPT,N
36267,J_NO_1,C13ISRAELREGION,N
36267,J_NO_1,C13ISRAELDISCRIMINATION,N
36267,J_NO_1,C13ISRAELNORMS,N
36267,J_NO_1,C13ISRAELCOMPARE,N
36267,J_NO_1,C14BDS,N
36267,J_NO_1,C15REASONABLE,N
36267,J_NO_1,C15DOUBLESTANDARD,N
10796,J_NO_1,C11PALESTINIANJUSTICE,N
10796,J_NO_1,C11PALESTINIANRIGHTS,N
10796,J_NO_1,C12ZIONCRITICAL,N
10796,J_NO_1,C12SOLUTIONS,N
10796,J_NO_1,C12EQUALRIGHTS,N
10796,J_NO_1,C13ISRAELEVIDENCE,N
10796,J_NO_1,C13ISRAELINSTITUTIONS,N
10796,J_NO_1,C13ISRAELPOLICIES,N
10796,J_NO_1,C13ISRAELOPT,N
10796,J_NO_1,C13ISRAELREGION,N
10796,J_NO_1,C13ISRAELDISCRIMINATION,N
10796,J_NO_1,C13ISRAELNORMS,N
10796,J_NO_1,C13ISRAELCOMPARE,N
10796,J_NO_1,C14BDS,N
10796,J_NO_1,C15REASONABLE,N
10796,J_NO_1,C15DOUBLESTANDARD,N
34973,J_NO_1,C11PALESTINIANJUSTICE,N
34973,J_NO_1,C11PALESTINIANRIGHTS,N
34973,J_NO_1,C12ZIONCRITICAL,N
34973,J_NO_1,C12SOLUTIONS,N
34973,J_NO_1,C12EQUALRIGHTS,N
34973,J_NO_1,C13ISRAELEVIDENCE,N
34973,J_NO_1,C13ISRAELINSTITUTIONS,N
34973,J_NO_1,C13ISRAELPOLICIES,N
34973,J_NO_1,C13ISRAELOPT,N
34973,J_NO_1,C13ISRAELREGION,N
34973,J_NO_1,C13ISRAELDISCRIMINATION,N
34973,J_NO_1,C13ISRAELNORMS,N
34973,J_NO_1,C13ISRAELCOMPARE,N
34973,J_NO_1,C14BDS,N
34973,J_NO_1,C15REASONABLE,N
34973,J_NO_1,C15DOUBLESTANDARD,N
25110,J_NO_1,C11PALESTINIANJUSTICE,N
25110,J_NO_1,C11PALESTINIANRIGHTS,N
25110,J_NO_1,C12ZIONCRITICAL,N
25110,J_NO_1,C12SOLUTIONS,N
25110,J_NO_1,C12EQUALRIGHTS,N
25110,J_NO_1,C13ISRAELEVIDENCE,N
25110,J_NO_1,C13ISRAELINSTITUTIONS,N
25110,J_NO_1,C13ISRAELPOLICIES,N
25110,J_NO_1,C13ISRAELOPT,N
25110,J_NO_1,C13ISRAELREGION,N
25110,J_NO_1,C13ISRAELDISCRIMINATION,N
25110,J_NO_1,C13ISRAELNORMS,N
25110,J_NO_1,C13ISRAELCOMPARE,N
25110,J_NO_1,C14BDS,N
25110,J_NO_1,C15REASONABLE,N
25110,J_NO_1,C15DOUBLESTANDARD,N
1899,J_NO_1,C11PALESTINIANJUSTICE,N
1899,J_NO_1,C11PALESTINIANRIGHTS,N
1899,J_NO_1,C12ZIONCRITICAL,N
1899,J_NO_1,C12SOLUTIONS,N
1899,J_NO_1,C12EQUALRIGHTS,N
1899,J_NO_1,C13ISRAELEVIDENCE,N
1899,J_NO_1,C13ISRAELINSTITUTIONS,N
1899,J_NO_1,C13ISRAELPOLICIES,N
1899,J_NO_1,C13ISRAELOPT,N
1899,J_NO_1,C13ISRAELREGION,N
1899,J_NO_1,C13ISRAELDISCRIMINATION,N
1899,J_NO_1,C13ISRAELNORMS,N
1899,J_NO_1,C13ISRAELCOMPARE,N
1899,J_NO_1,C14BDS,N
1899,J_NO_1,C15REASONABLE,N
1899,J_NO_1,C15DOUBLESTANDARD,N
48510,J_NO_1,C11PALESTINIANJUSTICE,N
48510,J_NO_1,C11PALESTINIANRIGHTS,N
48510,J_NO_1,C12ZIONCRITICAL,N
48510,J_NO_1,C12SOLUTIONS,N
48510,J_NO_1,C12EQUALRIGHTS,N
48510,J_NO_1,C13ISRAELEVIDENCE,N
48510,J_NO_1,C13ISRAELINSTITUTIONS,N
48510,J_NO_1,C13ISRAELPOLICIES,N
48510,J_NO_1,C13ISRAELOPT,N
48510,J_NO_1,C13ISRAELREGION,N
48510,J_NO_1,C13ISRAELDISCRIMINATION,N
48510,J_NO_1,C13ISRAELNORMS,N
48510,J_NO_1,C13ISRAELCOMPARE,N
48510,J_NO_1,C14BDS,N
48510,J_NO_1,C15REASONABLE,N
48510,J_NO_1,C15DOUBLESTANDARD,N
48616,J_NO_1,C11PALESTINIANJUSTICE,N
48616,J_NO_1,C11PALESTINIANRIGHTS,N
48616,J_NO_1,C12ZIONCRITICAL,N
48616,J_NO_1,C12SOLUTIONS,N
48616,J_NO_1,C12EQUALRIGHTS,N
48616,J_NO_1,C13ISRAELEVIDENCE,N
48616,J_NO_1,C13ISRAELINSTITUTIONS,N
48616,J_NO_1,C13ISRAELPOLICIES,N
48616,J_NO_1,C13ISRAELOPT,N
48616,J_NO_1,C13ISRAELREGION,N
48616,J_NO_1,C13ISRAELDISCRIMINATION,N
48616,J_NO_1,C13ISRAELNORMS,N
48616,J_NO_1,C13ISRAELCOMPARE,N
48616,J_NO_1,C14BDS,N
48616,J_NO_1,C15REASONABLE,N
48616,J_NO_1,C15DOUBLESTANDARD,N
31793,J_NO_1,C11PALESTINIANJUSTICE,N
31793,J_NO_1,C11PALESTINIANRIGHTS,N
31793,J_NO_1,C12ZIONCRITICAL,N
31793,J_NO_1,C12SOLUTIONS,N
31793,J_NO_1,C12EQUALRIGHTS,N
31793,J_NO_1,C13ISRAELEVIDENCE,N
31793,J_NO_1,C13ISRAELINSTITUTIONS,N
31793,J_NO_1,C13ISRAELPOLICIES,N
31793,J_NO_1,C13ISRAELOPT,N
31793,J_NO_1,C13ISRAELREGION,N
31793,J_NO_1,C13ISRAELDISCRIMINATION,N
31793,J_NO_1,C13ISRAELNORMS,N
31793,J_NO_1,C13ISRAELCOMPARE,N
31793,J_NO_1,C14BDS,N
31793,J_NO_1,C15REASONABLE,N
31793,J_NO_1,C15DOUBLESTANDARD,N
12106,J_NO_1,C11PALESTINIANJUSTICE,N
12106,J_NO_1,C11PALESTINIANRIGHTS,N
12106,J_NO_1,C12ZIONCRITICAL,N
12106,J_NO_1,C12SOLUTIONS,N
12106,J_NO_1,C12EQUALRIGHTS,N
12106,J_NO_1,C13ISRAELEVIDENCE,N
12106,J_NO_1,C13ISRAELINSTITUTIONS,N
12106,J_NO_1,C13ISRAELPOLICIES,N
12106,J_NO_1,C13ISRAELOPT,N
12106,J_NO_1,C13ISRAELREGION,N
12106,J_NO_1,C13ISRAELDISCRIMINATION,N
12106,J_NO_1,C13ISRAELNORMS,N
12106,J_NO_1,C13ISRAELCOMPARE,N
12106,J_NO_1,C14BDS,N
12106,J_NO_1,C15REASONABLE,N
12106,J_NO_1,C15DOUBLESTANDARD,N
28471,J_NO_1,C11PALESTINIANJUSTICE,N
28471,J_NO_1,C11PALESTINIANRIGHTS,N
28471,J_NO_1,C12ZIONCRITICAL,N
28471,J_NO_1,C12SOLUTIONS,N
28471,J_NO_1,C12EQUALRIGHTS,N
28471,J_NO_1,C13ISRAELEVIDENCE,N
28471,J_NO_1,C13ISRAELINSTITUTIONS,N
28471,J_NO_1,C13ISRAELPOLICIES,N
28471,J_NO_1,C13ISRAELOPT,N
28471,J_NO_1,C13ISRAELREGION,N
28471,J_NO_1,C13ISRAELDISCRIMINATION,N
28471,J_NO_1,C13ISRAELNORMS,N
28471,J_NO_1,C13ISRAELCOMPARE,N
28471,J_NO_1,C14BDS,N
28471,J_NO_1,C15REASONABLE,N
28471,J_NO_1,C15DOUBLESTANDARD,N
20026,J_NO_1,C11PALESTINIANJUSTICE,N
20026,J_NO_1,C11PALESTINIANRIGHTS,N
20026,J_NO_1,C12ZIONCRITICAL,N
20026,J_NO_1,C12SOLUTIONS,N
20026,J_NO_1,C12EQUALRIGHTS,N
20026,J_NO_1,C13ISRAELEVIDENCE,N
20026,J_NO_1,C13ISRAELINSTITUTIONS,N
20026,J_NO_1,C13ISRAELPOLICIES,N
20026,J_NO_1,C13ISRAELOPT,N
20026,J_NO_1,C13ISRAELREGION,N
20026,J_NO_1,C13ISRAELDISCRIMINATION,N
20026,J_NO_1,C13ISRAELNORMS,N
20026,J_NO_1,C13ISRAELCOMPARE,N
20026,J_NO_1,C14BDS,N
20026,J_NO_1,C15REASONABLE,N
20026,J_NO_1,C15DOUBLESTANDARD,N
20594,J_NO_1,C11PALESTINIANJUSTICE,N
20594,J_NO_1,C11PALESTINIANRIGHTS,N
20594,J_NO_1,C12ZIONCRITICAL,N
20594,J_NO_1,C12SOLUTIONS,N
20594,J_NO_1,C12EQUALRIGHTS,N
20594,J_NO_1,C13ISRAELEVIDENCE,N
20594,J_NO_1,C13ISRAELINSTITUTIONS,N
20594,J_NO_1,C13ISRAELPOLICIES,N
20594,J_NO_1,C13ISRAELOPT,N
20594,J_NO_1,C13ISRAELREGION,N
20594,J_NO_1,C13ISRAELDISCRIMINATION,N
20594,J_NO_1,C13ISRAELNORMS,N
20594,J_NO_1,C13ISRAELCOMPARE,N
20594,J_NO_1,C14BDS,N
20594,J_NO_1,C15REASONABLE,N
20594,J_NO_1,C15DOUBLESTANDARD,N
14248,J_NO_1,C11PALESTINIANJUSTICE,N
14248,J_NO_1,C11PALESTINIANRIGHTS,N
14248,J_NO_1,C12ZIONCRITICAL,N
14248,J_NO_1,C12SOLUTIONS,N
14248,J_NO_1,C12EQUALRIGHTS,N
14248,J_NO_1,C13ISRAELEVIDENCE,N
14248,J_NO_1,C13ISRAELINSTITUTIONS,N
14248,J_NO_1,C13ISRAELPOLICIES,N
14248,J_NO_1,C13ISRAELOPT,N
14248,J_NO_1,C13ISRAELREGION,N
14248,J_NO_1,C13ISRAELDISCRIMINATION,N
14248,J_NO_1,C13ISRAELNORMS,N
14248,J_NO_1,C13ISRAELCOMPARE,N
14248,J_NO_1,C14BDS,N
14248,J_NO_1,C15REASONABLE,N
14248,J_NO_1,C15DOUBLESTANDARD,N
32694,J_NO_1,C11PALESTINIANJUSTICE,A
32694,J_NO_1,C11PALESTINIANRIGHTS,N
32694,J_NO_1,C12ZIONCRITICAL,N
32694,J_NO_1,C12SOLUTIONS,N
32694,J_NO_1,C12EQUALRIGHTS,N
32694,J_NO_1,C13ISRAELEVIDENCE,N
32694,J_NO_1,C13ISRAELINSTITUTIONS,N
32694,J_NO_1,C13ISRAELPOLICIES,N
32694,J_NO_1,C13ISRAELOPT,N
32694,J_NO_1,C13ISRAELREGION,N
32694,J_NO_1,C13ISRAELDISCRIMINATION,N
32694,J_NO_1,C13ISRAELNORMS,A
32694,J_NO_1,C13ISRAELCOMPARE,N
32694,J_NO_1,C14BDS,N
32694,J_NO_1,C15REASONABLE,E
32694,J_NO_1,C15DOUBLESTANDARD,A
40441,J_NO_1,C11PALESTINIANJUSTICE,N
40441,J_NO_1,C11PALESTINIANRIGHTS,N
40441,J_NO_1,C12ZIONCRITICAL,N
40441,J_NO_1,C12SOLUTIONS,N
40441,J_NO_1,C12EQUALRIGHTS,N
40441,J_NO_1,C13ISRAELEVIDENCE,N
40441,J_NO_1,C13ISRAELINSTITUTIONS,N
40441,J_NO_1,C13ISRAELPOLICIES,N
40441,J_NO_1,C13ISRAELOPT,N
40441,J_NO_1,C13ISRAELREGION,N
40441,J_NO_1,C13ISRAELDISCRIMINATION,N
40441,J_NO_1,C13ISRAELNORMS,N
40441,J_NO_1,C13ISRAELCOMPARE,N
40441,J_NO_1,C14BDS,N
40441,J_NO_1,C15REASONABLE,N
40441,J_NO_1,C15DOUBLESTANDARD,N
8563,J_NO_1,C11PALESTINIANJUSTICE,N
8563,J_NO_1,C11PALESTINIANRIGHTS,N
8563,J_NO_1,C12ZIONCRITICAL,N
8563,J_NO_1,C12SOLUTIONS,N
8563,J_NO_1,C12EQUALRIGHTS,N
8563,J_NO_1,C13ISRAELEVIDENCE,N
8563,J_NO_1,C13ISRAELINSTITUTIONS,N
8563,J_NO_1,C13ISRAELPOLICIES,N
8563,J_NO_1,C13ISRAELOPT,N
8563,J_NO_1,C13ISRAELREGION,N
8563,J_NO_1,C13ISRAELDISCRIMINATION,N
8563,J_NO_1,C13ISRAELNORMS,N
8563,J_NO_1,C13ISRAELCOMPARE,N
8563,J_NO_1,C14BDS,N
8563,J_NO_1,C15REASONABLE,N
8563,J_NO_1,C15DOUBLESTANDARD,N
47200,J_NO_1,C11PALESTINIANJUSTICE,N
47200,J_NO_1,C11PALESTINIANRIGHTS,N
47200,J_NO_1,C12ZIONCRITICAL,N
47200,J_NO_1,C12SOLUTIONS,N
47200,J_NO_1,C12EQUALRIGHTS,N
47200,J_NO_1,C13ISRAELEVIDENCE,N
47200,J_NO_1,C13ISRAELINSTITUTIONS,N
47200,J_NO_1,C13ISRAELPOLICIES,N
47200,J_NO_1,C13ISRAELOPT,N
47200,J_NO_1,C13ISRAELREGION,N
47200,J_NO_1,C13ISRAELDISCRIMINATION,N
47200,J_NO_1,C13ISRAELNORMS,N
47200,J_NO_1,C13ISRAELCOMPARE,N
47200,J_NO_1,C14BDS,N
47200,J_NO_1,C15REASONABLE,N
47200,J_NO_1,C15DOUBLESTANDARD,N
19854,J_NO_1,C11PALESTINIANJUSTICE,N
19854,J_NO_1,C11PALESTINIANRIGHTS,N
19854,J_NO_1,C12ZIONCRITICAL,N
19854,J_NO_1,C12SOLUTIONS,N
19854,J_NO_1,C12EQUALRIGHTS,N
19854,J_NO_1,C13ISRAELEVIDENCE,N
19854,J_NO_1,C13ISRAELINSTITUTIONS,N
19854,J_NO_1,C13ISRAELPOLICIES,N
19854,J_NO_1,C13ISRAELOPT,N
19854,J_NO_1,C13ISRAELREGION,N
19854,J_NO_1,C13ISRAELDISCRIMINATION,N
19854,J_NO_1,C13ISRAELNORMS,N
19854,J_NO_1,C13ISRAELCOMPARE,N
19854,J_NO_1,C14BDS,N
19854,J_NO_1,C15REASONABLE,N
19854,J_NO_1,C15DOUBLESTANDARD,N
47821,J_NO_1,C11PALESTINIANJUSTICE,N
47821,J_NO_1,C11PALESTINIANRIGHTS,N
47821,J_NO_1,C12ZIONCRITICAL,N
47821,J_NO_1,C12SOLUTIONS,N
47821,J_NO_1,C12EQUALRIGHTS,N
47821,J_NO_1,C13ISRAELEVIDENCE,N
47821,J_NO_1,C13ISRAELINSTITUTIONS,N
47821,J_NO_1,C13ISRAELPOLICIES,N
47821,J_NO_1,C13ISRAELOPT,N
47821,J_NO_1,C13ISRAELREGION,N
47821,J_NO_1,C13ISRAELDISCRIMINATION,N
47821,J_NO_1,C13ISRAELNORMS,N
47821,J_NO_1,C13ISRAELCOMPARE,N
47821,J_NO_1,C14BDS,N
47821,J_NO_1,C15REASONABLE,N
47821,J_NO_1,C15DOUBLESTANDARD,N
3484,J_NO_1,C11PALESTINIANJUSTICE,N
3484,J_NO_1,C11PALESTINIANRIGHTS,N
3484,J_NO_1,C12ZIONCRITICAL,N
3484,J_NO_1,C12SOLUTIONS,N
3484,J_NO_1,C12EQUALRIGHTS,N
3484,J_NO_1,C13ISRAELEVIDENCE,N
3484,J_NO_1,C13ISRAELINSTITUTIONS,N
3484,J_NO_1,C13ISRAELPOLICIES,N
3484,J_NO_1,C13ISRAELOPT,N
3484,J_NO_1,C13ISRAELREGION,N
3484,J_NO_1,C13ISRAELDISCRIMINATION,N
3484,J_NO_1,C13ISRAELNORMS,N
3484,J_NO_1,C13ISRAELCOMPARE,N
3484,J_NO_1,C14BDS,N
3484,J_NO_1,C15REASONABLE,N
3484,J_NO_1,C15DOUBLESTANDARD,N
10477,J_NO_1,C11PALESTINIANJUSTICE,N
10477,J_NO_1,C11PALESTINIANRIGHTS,N
10477,J_NO_1,C12ZIONCRITICAL,N
10477,J_NO_1,C12SOLUTIONS,N
10477,J_NO_1,C12EQUALRIGHTS,N
10477,J_NO_1,C13ISRAELEVIDENCE,N
10477,J_NO_1,C13ISRAELINSTITUTIONS,N
10477,J_NO_1,C13ISRAELPOLICIES,N
10477,J_NO_1,C13ISRAELOPT,N
10477,J_NO_1,C13ISRAELREGION,N
10477,J_NO_1,C13ISRAELDISCRIMINATION,N
10477,J_NO_1,C13ISRAELNORMS,N
10477,J_NO_1,C13ISRAELCOMPARE,N
10477,J_NO_1,C14BDS,N
10477,J_NO_1,C15REASONABLE,N
10477,J_NO_1,C15DOUBLESTANDARD,N
16196,J_NO_1,C11PALESTINIANJUSTICE,N
16196,J_NO_1,C11PALESTINIANRIGHTS,N
16196,J_NO_1,C12ZIONCRITICAL,N
16196,J_NO_1,C12SOLUTIONS,N
16196,J_NO_1,C12EQUALRIGHTS,N
16196,J_NO_1,C13ISRAELEVIDENCE,N
16196,J_NO_1,C13ISRAELINSTITUTIONS,N
16196,J_NO_1,C13ISRAELPOLICIES,N
16196,J_NO_1,C13ISRAELOPT,N
16196,J_NO_1,C13ISRAELREGION,N
16196,J_NO_1,C13ISRAELDISCRIMINATION,N
16196,J_NO_1,C13ISRAELNORMS,N
16196,J_NO_1,C13ISRAELCOMPARE,N
16196,J_NO_1,C14BDS,N
16196,J_NO_1,C15REASONABLE,N
16196,J_NO_1,C15DOUBLESTANDARD,N
9340,J_NO_1,C11PALESTINIANJUSTICE,N
9340,J_NO_1,C11PALESTINIANRIGHTS,N
9340,J_NO_1,C12ZIONCRITICAL,N
9340,J_NO_1,C12SOLUTIONS,N
9340,J_NO_1,C12EQUALRIGHTS,N
9340,J_NO_1,C13ISRAELEVIDENCE,N
9340,J_NO_1,C13ISRAELINSTITUTIONS,N
9340,J_NO_1,C13ISRAELPOLICIES,N
9340,J_NO_1,C13ISRAELOPT,N
9340,J_NO_1,C13ISRAELREGION,N
9340,J_NO_1,C13ISRAELDISCRIMINATION,N
9340,J_NO_1,C13ISRAELNORMS,N
9340,J_NO_1,C13ISRAELCOMPARE,N
9340,J_NO_1,C14BDS,N
9340,J_NO_1,C15REASONABLE,N
9340,J_NO_1,C15DOUBLESTANDARD,N
29327,J_NO_1,C11PALESTINIANJUSTICE,N
29327,J_NO_1,C11PALESTINIANRIGHTS,N
29327,J_NO_1,C12ZIONCRITICAL,N
29327,J_NO_1,C12SOLUTIONS,N
29327,J_NO_1,C12EQUALRIGHTS,N
29327,J_NO_1,C13ISRAELEVIDENCE,N
29327,J_NO_1,C13ISRAELINSTITUTIONS,N
29327,J_NO_1,C13ISRAELPOLICIES,N
29327,J_NO_1,C13ISRAELOPT,N
29327,J_NO_1,C13ISRAELREGION,N
29327,J_NO_1,C13ISRAELDISCRIMINATION,N
29327,J_NO_1,C13ISRAELNORMS,N
29327,J_NO_1,C13ISRAELCOMPARE,N
29327,J_NO_1,C14BDS,N
29327,J_NO_1,C15REASONABLE,N
29327,J_NO_1,C15DOUBLESTANDARD,N
9965,J_NO_1,C11PALESTINIANJUSTICE,N
9965,J_NO_1,C11PALESTINIANRIGHTS,N
9965,J_NO_1,C12ZIONCRITICAL,N
9965,J_NO_1,C12SOLUTIONS,N
9965,J_NO_1,C12EQUALRIGHTS,N
9965,J_NO_1,C13ISRAELEVIDENCE,N
9965,J_NO_1,C13ISRAELINSTITUTIONS,N
9965,J_NO_1,C13ISRAELPOLICIES,N
9965,J_NO_1,C13ISRAELOPT,N
9965,J_NO_1,C13ISRAELREGION,N
9965,J_NO_1,C13ISRAELDISCRIMINATION,N
9965,J_NO_1,C13ISRAELNORMS,N
9965,J_NO_1,C13ISRAELCOMPARE,N
9965,J_NO_1,C14BDS,N
9965,J_NO_1,C15REASONABLE,N
9965,J_NO_1,C15DOUBLESTANDARD,N
49166,J_NO_1,C11PALESTINIANJUSTICE,N
49166,J_NO_1,C11PALESTINIANRIGHTS,N
49166,J_NO_1,C12ZIONCRITICAL,N
49166,J_NO_1,C12SOLUTIONS,N
49166,J_NO_1,C12EQUALRIGHTS,N
49166,J_NO_1,C13ISRAELEVIDENCE,N
49166,J_NO_1,C13ISRAELINSTITUTIONS,N
49166,J_NO_1,C13ISRAELPOLICIES,N
49166,J_NO_1,C13ISRAELOPT,N
49166,J_NO_1,C13ISRAELREGION,N
49166,J_NO_1,C13ISRAELDISCRIMINATION,N
49166,J_NO_1,C13ISRAELNORMS,N
49166,J_NO_1,C13ISRAELCOMPARE,N
49166,J_NO_1,C14BDS,N
49166,J_NO_1,C15REASONABLE,N
49166,J_NO_1,C15DOUBLESTANDARD,N
10407,J_NO_1,C11PALESTINIANJUSTICE,N
10407,J_NO_1,C11PALESTINIANRIGHTS,N
10407,J_NO_1,C12ZIONCRITICAL,N
10407,J_NO_1,C12SOLUTIONS,N
10407,J_NO_1,C12EQUALRIGHTS,N
10407,J_NO_1,C13ISRAELEVIDENCE,N
10407,J_NO_1,C13ISRAELINSTITUTIONS,N
10407,J_NO_1,C13ISRAELPOLICIES,N
10407,J_NO_1,C13ISRAELOPT,N
10407,J_NO_1,C13ISRAELREGION,N
10407,J_NO_1,C13ISRAELDISCRIMINATION,N
10407,J_NO_1,C13ISRAELNORMS,N
10407,J_NO_1,C13ISRAELCOMPARE,N
10407,J_NO_1,C14BDS,N
10407,J_NO_1,C15REASONABLE,N
10407,J_NO_1,C15DOUBLESTANDARD,N
6635,J_NO_1,C11PALESTINIANJUSTICE,N
6635,J_NO_1,C11PALESTINIANRIGHTS,N
6635,J_NO_1,C12ZIONCRITICAL,N
6635,J_NO_1,C12SOLUTIONS,N
6635,J_NO_1,C12EQUALRIGHTS,N
6635,J_NO_1,C13ISRAELEVIDENCE,N
6635,J_NO_1,C13ISRAELINSTITUTIONS,N
6635,J_NO_1,C13ISRAELPOLICIES,N
6635,J_NO_1,C13ISRAELOPT,N
6635,J_NO_1,C13ISRAELREGION,N
6635,J_NO_1,C13ISRAELDISCRIMINATION,N
6635,J_NO_1,C13ISRAELNORMS,N
6635,J_NO_1,C13ISRAELCOMPARE,N
6635,J_NO_1,C14BDS,N
6635,J_NO_1,C15REASONABLE,N
6635,J_NO_1,C15DOUBLESTANDARD,N
25348,J_NO_1,C11PALESTINIANJUSTICE,N
25348,J_NO_1,C11PALESTINIANRIGHTS,N
25348,J_NO_1,C12ZIONCRITICAL,I
25348,J_NO_1,C12SOLUTIONS,N
25348,J_NO_1,C12EQUALRIGHTS,N
25348,J_NO_1,C13ISRAELEVIDENCE,N
25348,J_NO_1,C13ISRAELINSTITUTIONS,N
25348,J_NO_1,C13ISRAELPOLICIES,N
25348,J_NO_1,C13ISRAELOPT,N
25348,J_NO_1,C13ISRAELREGION,N
25348,J_NO_1,C13ISRAELDISCRIMINATION,N
25348,J_NO_1,C13ISRAELNORMS,N
25348,J_NO_1,C13ISRAELCOMPARE,N
25348,J_NO_1,C14BDS,N
25348,J_NO_1,C15REASONABLE,N
25348,J_NO_1,C15DOUBLESTANDARD,N
13572,J_NO_1,C11PALESTINIANJUSTICE,N
13572,J_NO_1,C11PALESTINIANRIGHTS,N
13572,J_NO_1,C12ZIONCRITICAL,N
13572,J_NO_1,C12SOLUTIONS,N
13572,J_NO_1,C12EQUALRIGHTS,N
13572,J_NO_1,C13ISRAELEVIDENCE,N
13572,J_NO_1,C13ISRAELINSTITUTIONS,N
13572,J_NO_1,C13ISRAELPOLICIES,N
13572,J_NO_1,C13ISRAELOPT,N
13572,J_NO_1,C13ISRAELREGION,N
13572,J_NO_1,C13ISRAELDISCRIMINATION,N
13572,J_NO_1,C13ISRAELNORMS,N
13572,J_NO_1,C13ISRAELCOMPARE,N
13572,J_NO_1,C14BDS,N
13572,J_NO_1,C15REASONABLE,N
13572,J_NO_1,C15DOUBLESTANDARD,N
35282,J_NO_1,C11PALESTINIANJUSTICE,N
35282,J_NO_1,C11PALESTINIANRIGHTS,N
35282,J_NO_1,C12ZIONCRITICAL,N
35282,J_NO_1,C12SOLUTIONS,N
35282,J_NO_1,C12EQUALRIGHTS,N
35282,J_NO_1,C13ISRAELEVIDENCE,N
35282,J_NO_1,C13ISRAELINSTITUTIONS,N
35282,J_NO_1,C13ISRAELPOLICIES,N
35282,J_NO_1,C13ISRAELOPT,N
35282,J_NO_1,C13ISRAELREGION,N
35282,J_NO_1,C13ISRAELDISCRIMINATION,N
35282,J_NO_1,C13ISRAELNORMS,N
35282,J_NO_1,C13ISRAELCOMPARE,N
35282,J_NO_1,C14BDS,N
35282,J_NO_1,C15REASONABLE,N
35282,J_NO_1,C15DOUBLESTANDARD,N
27154,J_NO_1,C11PALESTINIANJUSTICE,N
27154,J_NO_1,C11PALESTINIANRIGHTS,N
27154,J_NO_1,C12ZIONCRITICAL,N
27154,J_NO_1,C12SOLUTIONS,N
27154,J_NO_1,C12EQUALRIGHTS,N
27154,J_NO_1,C13ISRAELEVIDENCE,N
27154,J_NO_1,C13ISRAELINSTITUTIONS,N
27154,J_NO_1,C13ISRAELPOLICIES,N
27154,J_NO_1,C13ISRAELOPT,N
27154,J_NO_1,C13ISRAELREGION,N
27154,J_NO_1,C13ISRAELDISCRIMINATION,N
27154,J_NO_1,C13ISRAELNORMS,N
27154,J_NO_1,C13ISRAELCOMPARE,N
27154,J_NO_1,C14BDS,N
27154,J_NO_1,C15REASONABLE,N
27154,J_NO_1,C15DOUBLESTANDARD,N
12712,J_NO_1,C11PALESTINIANJUSTICE,N
12712,J_NO_1,C11PALESTINIANRIGHTS,N
12712,J_NO_1,C12ZIONCRITICAL,N
12712,J_NO_1,C12SOLUTIONS,N
12712,J_NO_1,C12EQUALRIGHTS,N
12712,J_NO_1,C13ISRAELEVIDENCE,N
12712,J_NO_1,C13ISRAELINSTITUTIONS,N
12712,J_NO_1,C13ISRAELPOLICIES,N
12712,J_NO_1,C13ISRAELOPT,N
12712,J_NO_1,C13ISRAELREGION,N
12712,J_NO_1,C13ISRAELDISCRIMINATION,N
12712,J_NO_1,C13ISRAELNORMS,N
12712,J_NO_1,C13ISRAELCOMPARE,N
12712,J_NO_1,C14BDS,N
12712,J_NO_1,C15REASONABLE,N
12712,J_NO_1,C15DOUBLESTANDARD,N
32821,J_NO_1,C11PALESTINIANJUSTICE,N
32821,J_NO_1,C11PALESTINIANRIGHTS,N
32821,J_NO_1,C12ZIONCRITICAL,N
32821,J_NO_1,C12SOLUTIONS,N
32821,J_NO_1,C12EQUALRIGHTS,N
32821,J_NO_1,C13ISRAELEVIDENCE,N
32821,J_NO_1,C13ISRAELINSTITUTIONS,N
32821,J_NO_1,C13ISRAELPOLICIES,N
32821,J_NO_1,C13ISRAELOPT,N
32821,J_NO_1,C13ISRAELREGION,N
32821,J_NO_1,C13ISRAELDISCRIMINATION,N
32821,J_NO_1,C13ISRAELNORMS,N
32821,J_NO_1,C13ISRAELCOMPARE,N
32821,J_NO_1,C14BDS,N
32821,J_NO_1,C15REASONABLE,N
32821,J_NO_1,C15DOUBLESTANDARD,N
26160,J_NO_1,C11PALESTINIANJUSTICE,N
26160,J_NO_1,C11PALESTINIANRIGHTS,N
26160,J_NO_1,C12ZIONCRITICAL,N
26160,J_NO_1,C12SOLUTIONS,N
26160,J_NO_1,C12EQUALRIGHTS,N
26160,J_NO_1,C13ISRAELEVIDENCE,N
26160,J_NO_1,C13ISRAELINSTITUTIONS,N
26160,J_NO_1,C13ISRAELPOLICIES,N
26160,J_NO_1,C13ISRAELOPT,N
26160,J_NO_1,C13ISRAELREGION,N
26160,J_NO_1,C13ISRAELDISCRIMINATION,N
26160,J_NO_1,C13ISRAELNORMS,N
26160,J_NO_1,C13ISRAELCOMPARE,N
26160,J_NO_1,C14BDS,N
26160,J_NO_1,C15REASONABLE,N
26160,J_NO_1,C15DOUBLESTANDARD,N
27378,J_NO_1,C11PALESTINIANJUSTICE,N
27378,J_NO_1,C11PALESTINIANRIGHTS,N
27378,J_NO_1,C12ZIONCRITICAL,N
27378,J_NO_1,C12SOLUTIONS,N
27378,J_NO_1,C12EQUALRIGHTS,N
27378,J_NO_1,C13ISRAELEVIDENCE,N
27378,J_NO_1,C13ISRAELINSTITUTIONS,N
27378,J_NO_1,C13ISRAELPOLICIES,N
27378,J_NO_1,C13ISRAELOPT,N
27378,J_NO_1,C13ISRAELREGION,N
27378,J_NO_1,C13ISRAELDISCRIMINATION,N
27378,J_NO_1,C13ISRAELNORMS,N
27378,J_NO_1,C13ISRAELCOMPARE,N
27378,J_NO_1,C14BDS,N
27378,J_NO_1,C15REASONABLE,N
27378,J_NO_1,C15DOUBLESTANDARD,N
26649,J_NO_1,C11PALESTINIANJUSTICE,N
26649,J_NO_1,C11PALESTINIANRIGHTS,N
26649,J_NO_1,C12ZIONCRITICAL,N
26649,J_NO_1,C12SOLUTIONS,N
26649,J_NO_1,C12EQUALRIGHTS,N
26649,J_NO_1,C13ISRAELEVIDENCE,N
26649,J_NO_1,C13ISRAELINSTITUTIONS,N
26649,J_NO_1,C13ISRAELPOLICIES,N
26649,J_NO_1,C13ISRAELOPT,N
26649,J_NO_1,C13ISRAELREGION,N
26649,J_NO_1,C13ISRAELDISCRIMINATION,N
26649,J_NO_1,C13ISRAELNORMS,N
26649,J_NO_1,C13ISRAELCOMPARE,N
26649,J_NO_1,C14BDS,N
26649,J_NO_1,C15REASONABLE,N
26649,J_NO_1,C15DOUBLESTANDARD,N
9021,J_NO_1,C11PALESTINIANJUSTICE,N
9021,J_NO_1,C11PALESTINIANRIGHTS,N
9021,J_NO_1,C12ZIONCRITICAL,N
9021,J_NO_1,C12SOLUTIONS,N
9021,J_NO_1,C12EQUALRIGHTS,N
9021,J_NO_1,C13ISRAELEVIDENCE,N
9021,J_NO_1,C13ISRAELINSTITUTIONS,N
9021,J_NO_1,C13ISRAELPOLICIES,N
9021,J_NO_1,C13ISRAELOPT,N
9021,J_NO_1,C13ISRAELREGION,N
9021,J_NO_1,C13ISRAELDISCRIMINATION,N
9021,J_NO_1,C13ISRAELNORMS,N
9021,J_NO_1,C13ISRAELCOMPARE,N
9021,J_NO_1,C14BDS,N
9021,J_NO_1,C15REASONABLE,N
9021,J_NO_1,C15DOUBLESTANDARD,N
27953,J_NO_1,C11PALESTINIANJUSTICE,N
27953,J_NO_1,C11PALESTINIANRIGHTS,N
27953,J_NO_1,C12ZIONCRITICAL,N
27953,J_NO_1,C12SOLUTIONS,N
27953,J_NO_1,C12EQUALRIGHTS,N
27953,J_NO_1,C13ISRAELEVIDENCE,N
27953,J_NO_1,C13ISRAELINSTITUTIONS,N
27953,J_NO_1,C13ISRAELPOLICIES,N
27953,J_NO_1,C13ISRAELOPT,N
27953,J_NO_1,C13ISRAELREGION,N
27953,J_NO_1,C13ISRAELDISCRIMINATION,N
27953,J_NO_1,C13ISRAELNORMS,N
27953,J_NO_1,C13ISRAELCOMPARE,N
27953,J_NO_1,C14BDS,I
27953,J_NO_1,C15REASONABLE,N
27953,J_NO_1,C15DOUBLESTANDARD,N
34192,J_NO_1,C11PALESTINIANJUSTICE,N
34192,J_NO_1,C11PALESTINIANRIGHTS,N
34192,J_NO_1,C12ZIONCRITICAL,N
34192,J_NO_1,C12SOLUTIONS,N
34192,J_NO_1,C12EQUALRIGHTS,N
34192,J_NO_1,C13ISRAELEVIDENCE,N
34192,J_NO_1,C13ISRAELINSTITUTIONS,N
34192,J_NO_1,C13ISRAELPOLICIES,N
34192,J_NO_1,C13ISRAELOPT,N
34192,J_NO_1,C13ISRAELREGION,N
34192,J_NO_1,C13ISRAELDISCRIMINATION,N
34192,J_NO_1,C13ISRAELNORMS,N
34192,J_NO_1,C13ISRAELCOMPARE,N
34192,J_NO_1,C14BDS,N
34192,J_NO_1,C15REASONABLE,N
34192,J_NO_1,C15DOUBLESTANDARD,N
46865,J_NO_1,C11PALESTINIANJUSTICE,N
46865,J_NO_1,C11PALESTINIANRIGHTS,N
46865,J_NO_1,C12ZIONCRITICAL,N
46865,J_NO_1,C12SOLUTIONS,N
46865,J_NO_1,C12EQUALRIGHTS,N
46865,J_NO_1,C13ISRAELEVIDENCE,N
46865,J_NO_1,C13ISRAELINSTITUTIONS,N
46865,J_NO_1,C13ISRAELPOLICIES,N
46865,J_NO_1,C13ISRAELOPT,N
46865,J_NO_1,C13ISRAELREGION,N
46865,J_NO_1,C13ISRAELDISCRIMINATION,N
46865,J_NO_1,C13ISRAELNORMS,N
46865,J_NO_1,C13ISRAELCOMPARE,N
46865,J_NO_1,C14BDS,N
46865,J_NO_1,C15REASONABLE,N
46865,J_NO_1,C15DOUBLESTANDARD,N
12847,J_NO_1,C11PALESTINIANJUSTICE,N
12847,J_NO_1,C11PALESTINIANRIGHTS,N
12847,J_NO_1,C12ZIONCRITICAL,N
12847,J_NO_1,C12SOLUTIONS,N
12847,J_NO_1,C12EQUALRIGHTS,N
12847,J_NO_1,C13ISRAELEVIDENCE,N
12847,J_NO_1,C13ISRAELINSTITUTIONS,N
12847,J_NO_1,C13ISRAELPOLICIES,N
12847,J_NO_1,C13ISRAELOPT,N
12847,J_NO_1,C13ISRAELREGION,N
12847,J_NO_1,C13ISRAELDISCRIMINATION,N
12847,J_NO_1,C13ISRAELNORMS,N
12847,J_NO_1,C13ISRAELCOMPARE,N
12847,J_NO_1,C14BDS,N
12847,J_NO_1,C15REASONABLE,N
12847,J_NO_1,C15DOUBLESTANDARD,N
22387,J_NO_1,C11PALESTINIANJUSTICE,N
22387,J_NO_1,C11PALESTINIANRIGHTS,N
22387,J_NO_1,C12ZIONCRITICAL,N
22387,J_NO_1,C12SOLUTIONS,N
22387,J_NO_1,C12EQUALRIGHTS,N
22387,J_NO_1,C13ISRAELEVIDENCE,N
22387,J_NO_1,C13ISRAELINSTITUTIONS,N
22387,J_NO_1,C13ISRAELPOLICIES,N
22387,J_NO_1,C13ISRAELOPT,N
22387,J_NO_1,C13ISRAELREGION,N
22387,J_NO_1,C13ISRAELDISCRIMINATION,N
22387,J_NO_1,C13ISRAELNORMS,N
22387,J_NO_1,C13ISRAELCOMPARE,N
22387,J_NO_1,C14BDS,N
22387,J_NO_1,C15REASONABLE,N
22387,J_NO_1,C15DOUBLESTANDARD,N
47247,J_NO_1,C11PALESTINIANJUSTICE,N
47247,J_NO_1,C11PALESTINIANRIGHTS,N
47247,J_NO_1,C12ZIONCRITICAL,N
47247,J_NO_1,C12SOLUTIONS,N
47247,J_NO_1,C12EQUALRIGHTS,N
47247,J_NO_1,C13ISRAELEVIDENCE,N
47247,J_NO_1,C13ISRAELINSTITUTIONS,N
47247,J_NO_1,C13ISRAELPOLICIES,N
47247,J_NO_1,C13ISRAELOPT,N
47247,J_NO_1,C13ISRAELREGION,N
47247,J_NO_1,C13ISRAELDISCRIMINATION,N
47247,J_NO_1,C13ISRAELNORMS,N
47247,J_NO_1,C13ISRAELCOMPARE,N
47247,J_NO_1,C14BDS,N
47247,J_NO_1,C15REASONABLE,N
47247,J_NO_1,C15DOUBLESTANDARD,N
48542,J_NO_1,C11PALESTINIANJUSTICE,N
48542,J_NO_1,C11PALESTINIANRIGHTS,N
48542,J_NO_1,C12ZIONCRITICAL,N
48542,J_NO_1,C12SOLUTIONS,N
48542,J_NO_1,C12EQUALRIGHTS,N
48542,J_NO_1,C13ISRAELEVIDENCE,N
48542,J_NO_1,C13ISRAELINSTITUTIONS,N
48542,J_NO_1,C13ISRAELPOLICIES,N
48542,J_NO_1,C13ISRAELOPT,N
48542,J_NO_1,C13ISRAELREGION,N
48542,J_NO_1,C13ISRAELDISCRIMINATION,N
48542,J_NO_1,C13ISRAELNORMS,N
48542,J_NO_1,C13ISRAELCOMPARE,N
48542,J_NO_1,C14BDS,N
48542,J_NO_1,C15REASONABLE,N
48542,J_NO_1,C15DOUBLESTANDARD,N
7323,J_NO_1,C11PALESTINIANJUSTICE,N
7323,J_NO_1,C11PALESTINIANRIGHTS,N
7323,J_NO_1,C12ZIONCRITICAL,N
7323,J_NO_1,C12SOLUTIONS,N
7323,J_NO_1,C12EQUALRIGHTS,N
7323,J_NO_1,C13ISRAELEVIDENCE,N
7323,J_NO_1,C13ISRAELINSTITUTIONS,N
7323,J_NO_1,C13ISRAELPOLICIES,N
7323,J_NO_1,C13ISRAELOPT,N
7323,J_NO_1,C13ISRAELREGION,N
7323,J_NO_1,C13ISRAELDISCRIMINATION,N
7323,J_NO_1,C13ISRAELNORMS,N
7323,J_NO_1,C13ISRAELCOMPARE,N
7323,J_NO_1,C14BDS,N
7323,J_NO_1,C15REASONABLE,N
7323,J_NO_1,C15DOUBLESTANDARD,N
36404,J_NO_1,C11PALESTINIANJUSTICE,N
36404,J_NO_1,C11PALESTINIANRIGHTS,N
36404,J_NO_1,C12ZIONCRITICAL,N
36404,J_NO_1,C12SOLUTIONS,N
36404,J_NO_1,C12EQUALRIGHTS,N
36404,J_NO_1,C13ISRAELEVIDENCE,N
36404,J_NO_1,C13ISRAELINSTITUTIONS,N
36404,J_NO_1,C13ISRAELPOLICIES,N
36404,J_NO_1,C13ISRAELOPT,N
36404,J_NO_1,C13ISRAELREGION,N
36404,J_NO_1,C13ISRAELDISCRIMINATION,N
36404,J_NO_1,C13ISRAELNORMS,N
36404,J_NO_1,C13ISRAELCOMPARE,N
36404,J_NO_1,C14BDS,N
36404,J_NO_1,C15REASONABLE,N
36404,J_NO_1,C15DOUBLESTANDARD,N
20055,J_NO_1,C11PALESTINIANJUSTICE,N
20055,J_NO_1,C11PALESTINIANRIGHTS,N
20055,J_NO_1,C12ZIONCRITICAL,N
20055,J_NO_1,C12SOLUTIONS,N
20055,J_NO_1,C12EQUALRIGHTS,N
20055,J_NO_1,C13ISRAELEVIDENCE,N
20055,J_NO_1,C13ISRAELINSTITUTIONS,N
20055,J_NO_1,C13ISRAELPOLICIES,N
20055,J_NO_1,C13ISRAELOPT,N
20055,J_NO_1,C13ISRAELREGION,N
20055,J_NO_1,C13ISRAELDISCRIMINATION,N
20055,J_NO_1,C13ISRAELNORMS,N
20055,J_NO_1,C13ISRAELCOMPARE,N
20055,J_NO_1,C14BDS,N
20055,J_NO_1,C15REASONABLE,N
20055,J_NO_1,C15DOUBLESTANDARD,N
11258,J_NO_1,C11PALESTINIANJUSTICE,N
11258,J_NO_1,C11PALESTINIANRIGHTS,N
11258,J_NO_1,C12ZIONCRITICAL,N
11258,J_NO_1,C12SOLUTIONS,N
11258,J_NO_1,C12EQUALRIGHTS,N
11258,J_NO_1,C13ISRAELEVIDENCE,N
11258,J_NO_1,C13ISRAELINSTITUTIONS,N
11258,J_NO_1,C13ISRAELPOLICIES,N
11258,J_NO_1,C13ISRAELOPT,N
11258,J_NO_1,C13ISRAELREGION,N
11258,J_NO_1,C13ISRAELDISCRIMINATION,N
11258,J_NO_1,C13ISRAELNORMS,N
11258,J_NO_1,C13ISRAELCOMPARE,N
11258,J_NO_1,C14BDS,N
11258,J_NO_1,C15REASONABLE,N
11258,J_NO_1,C15DOUBLESTANDARD,N
16902,J_NO_1,C11PALESTINIANJUSTICE,N
16902,J_NO_1,C11PALESTINIANRIGHTS,N
16902,J_NO_1,C12ZIONCRITICAL,N
16902,J_NO_1,C12SOLUTIONS,N
16902,J_NO_1,C12EQUALRIGHTS,N
16902,J_NO_1,C13ISRAELEVIDENCE,N
16902,J_NO_1,C13ISRAELINSTITUTIONS,N
16902,J_NO_1,C13ISRAELPOLICIES,N
16902,J_NO_1,C13ISRAELOPT,N
16902,J_NO_1,C13ISRAELREGION,N
16902,J_NO_1,C13ISRAELDISCRIMINATION,N
16902,J_NO_1,C13ISRAELNORMS,N
16902,J_NO_1,C13ISRAELCOMPARE,N
16902,J_NO_1,C14BDS,N
16902,J_NO_1,C15REASONABLE,N
16902,J_NO_1,C15DOUBLESTANDARD,N
15531,J_NO_1,C11PALESTINIANJUSTICE,N
15531,J_NO_1,C11PALESTINIANRIGHTS,N
15531,J_NO_1,C12ZIONCRITICAL,N
15531,J_NO_1,C12SOLUTIONS,N
15531,J_NO_1,C12EQUALRIGHTS,N
15531,J_NO_1,C13ISRAELEVIDENCE,N
15531,J_NO_1,C13ISRAELINSTITUTIONS,N
15531,J_NO_1,C13ISRAELPOLICIES,N
15531,J_NO_1,C13ISRAELOPT,N
15531,J_NO_1,C13ISRAELREGION,N
15531,J_NO_1,C13ISRAELDISCRIMINATION,N
15531,J_NO_1,C13ISRAELNORMS,N
15531,J_NO_1,C13ISRAELCOMPARE,N
15531,J_NO_1,C14BDS,N
15531,J_NO_1,C15REASONABLE,N
15531,J_NO_1,C15DOUBLESTANDARD,N
22169,J_NO_1,C11PALESTINIANJUSTICE,N
22169,J_NO_1,C11PALESTINIANRIGHTS,N
22169,J_NO_1,C12ZIONCRITICAL,N
22169,J_NO_1,C12SOLUTIONS,N
22169,J_NO_1,C12EQUALRIGHTS,N
22169,J_NO_1,C13ISRAELEVIDENCE,N
22169,J_NO_1,C13ISRAELINSTITUTIONS,N
22169,J_NO_1,C13ISRAELPOLICIES,N
22169,J_NO_1,C13ISRAELOPT,N
22169,J_NO_1,C13ISRAELREGION,N
22169,J_NO_1,C13ISRAELDISCRIMINATION,N
22169,J_NO_1,C13ISRAELNORMS,N
22169,J_NO_1,C13ISRAELCOMPARE,N
22169,J_NO_1,C14BDS,N
22169,J_NO_1,C15REASONABLE,N
22169,J_NO_1,C15DOUBLESTANDARD,N
22701,J_NO_1,C11PALESTINIANJUSTICE,N
22701,J_NO_1,C11PALESTINIANRIGHTS,N
22701,J_NO_1,C12ZIONCRITICAL,N
22701,J_NO_1,C12SOLUTIONS,N
22701,J_NO_1,C12EQUALRIGHTS,N
22701,J_NO_1,C13ISRAELEVIDENCE,N
22701,J_NO_1,C13ISRAELINSTITUTIONS,N
22701,J_NO_1,C13ISRAELPOLICIES,N
22701,J_NO_1,C13ISRAELOPT,N
22701,J_NO_1,C13ISRAELREGION,N
22701,J_NO_1,C13ISRAELDISCRIMINATION,N
22701,J_NO_1,C13ISRAELNORMS,N
22701,J_NO_1,C13ISRAELCOMPARE,N
22701,J_NO_1,C14BDS,N
22701,J_NO_1,C15REASONABLE,N
22701,J_NO_1,C15DOUBLESTANDARD,N
32693,J_NO_1,C11PALESTINIANJUSTICE,N
32693,J_NO_1,C11PALESTINIANRIGHTS,N
32693,J_NO_1,C12ZIONCRITICAL,N
32693,J_NO_1,C12SOLUTIONS,N
32693,J_NO_1,C12EQUALRIGHTS,N
32693,J_NO_1,C13ISRAELEVIDENCE,N
32693,J_NO_1,C13ISRAELINSTITUTIONS,N
32693,J_NO_1,C13ISRAELPOLICIES,N
32693,J_NO_1,C13ISRAELOPT,N
32693,J_NO_1,C13ISRAELREGION,N
32693,J_NO_1,C13ISRAELDISCRIMINATION,N
32693,J_NO_1,C13ISRAELNORMS,N
32693,J_NO_1,C13ISRAELCOMPARE,N
32693,J_NO_1,C14BDS,N
32693,J_NO_1,C15REASONABLE,N
32693,J_NO_1,C15DOUBLESTANDARD,N
12805,J_NO_1,C11PALESTINIANJUSTICE,N
12805,J_NO_1,C11PALESTINIANRIGHTS,N
12805,J_NO_1,C12ZIONCRITICAL,N
12805,J_NO_1,C12SOLUTIONS,N
12805,J_NO_1,C12EQUALRIGHTS,N
12805,J_NO_1,C13ISRAELEVIDENCE,N
12805,J_NO_1,C13ISRAELINSTITUTIONS,N
12805,J_NO_1,C13ISRAELPOLICIES,N
12805,J_NO_1,C13ISRAELOPT,N
12805,J_NO_1,C13ISRAELREGION,N
12805,J_NO_1,C13ISRAELDISCRIMINATION,N
12805,J_NO_1,C13ISRAELNORMS,N
12805,J_NO_1,C13ISRAELCOMPARE,N
12805,J_NO_1,C14BDS,N
12805,J_NO_1,C15REASONABLE,N
12805,J_NO_1,C15DOUBLESTANDARD,N
16607,J_NO_1,C11PALESTINIANJUSTICE,N
16607,J_NO_1,C11PALESTINIANRIGHTS,N
16607,J_NO_1,C12ZIONCRITICAL,N
16607,J_NO_1,C12SOLUTIONS,N
16607,J_NO_1,C12EQUALRIGHTS,N
16607,J_NO_1,C13ISRAELEVIDENCE,N
16607,J_NO_1,C13ISRAELINSTITUTIONS,N
16607,J_NO_1,C13ISRAELPOLICIES,N
16607,J_NO_1,C13ISRAELOPT,N
16607,J_NO_1,C13ISRAELREGION,N
16607,J_NO_1,C13ISRAELDISCRIMINATION,N
16607,J_NO_1,C13ISRAELNORMS,N
16607,J_NO_1,C13ISRAELCOMPARE,N
16607,J_NO_1,C14BDS,N
16607,J_NO_1,C15REASONABLE,N
16607,J_NO_1,C15DOUBLESTANDARD,N
31537,J_NO_1,C11PALESTINIANJUSTICE,N
31537,J_NO_1,C11PALESTINIANRIGHTS,N
31537,J_NO_1,C12ZIONCRITICAL,N
31537,J_NO_1,C12SOLUTIONS,N
31537,J_NO_1,C12EQUALRIGHTS,N
31537,J_NO_1,C13ISRAELEVIDENCE,N
31537,J_NO_1,C13ISRAELINSTITUTIONS,N
31537,J_NO_1,C13ISRAELPOLICIES,N
31537,J_NO_1,C13ISRAELOPT,N
31537,J_NO_1,C13ISRAELREGION,N
31537,J_NO_1,C13ISRAELDISCRIMINATION,N
31537,J_NO_1,C13ISRAELNORMS,N
31537,J_NO_1,C13ISRAELCOMPARE,N
31537,J_NO_1,C14BDS,N
31537,J_NO_1,C15REASONABLE,N
31537,J_NO_1,C15DOUBLESTANDARD,N
36851,J_NO_1,C11PALESTINIANJUSTICE,N
36851,J_NO_1,C11PALESTINIANRIGHTS,N
36851,J_NO_1,C12ZIONCRITICAL,N
36851,J_NO_1,C12SOLUTIONS,N
36851,J_NO_1,C12EQUALRIGHTS,N
36851,J_NO_1,C13ISRAELEVIDENCE,N
36851,J_NO_1,C13ISRAELINSTITUTIONS,N
36851,J_NO_1,C13ISRAELPOLICIES,N
36851,J_NO_1,C13ISRAELOPT,N
36851,J_NO_1,C13ISRAELREGION,N
36851,J_NO_1,C13ISRAELDISCRIMINATION,N
36851,J_NO_1,C13ISRAELNORMS,N
36851,J_NO_1,C13ISRAELCOMPARE,N
36851,J_NO_1,C14BDS,N
36851,J_NO_1,C15REASONABLE,N
36851,J_NO_1,C15DOUBLESTANDARD,N
43128,J_NO_1,C11PALESTINIANJUSTICE,N
43128,J_NO_1,C11PALESTINIANRIGHTS,N
43128,J_NO_1,C12ZIONCRITICAL,N
43128,J_NO_1,C12SOLUTIONS,N
43128,J_NO_1,C12EQUALRIGHTS,N
43128,J_NO_1,C13ISRAELEVIDENCE,N
43128,J_NO_1,C13ISRAELINSTITUTIONS,N
43128,J_NO_1,C13ISRAELPOLICIES,N
43128,J_NO_1,C13ISRAELOPT,N
43128,J_NO_1,C13ISRAELREGION,N
43128,J_NO_1,C13ISRAELDISCRIMINATION,N
43128,J_NO_1,C13ISRAELNORMS,N
43128,J_NO_1,C13ISRAELCOMPARE,N
43128,J_NO_1,C14BDS,N
43128,J_NO_1,C15REASONABLE,N
43128,J_NO_1,C15DOUBLESTANDARD,N
36276,J_NO_1,C11PALESTINIANJUSTICE,N
36276,J_NO_1,C11PALESTINIANRIGHTS,N
36276,J_NO_1,C12ZIONCRITICAL,N
36276,J_NO_1,C12SOLUTIONS,N
36276,J_NO_1,C12EQUALRIGHTS,N
36276,J_NO_1,C13ISRAELEVIDENCE,N
36276,J_NO_1,C13ISRAELINSTITUTIONS,N
36276,J_NO_1,C13ISRAELPOLICIES,N
36276,J_NO_1,C13ISRAELOPT,N
36276,J_NO_1,C13ISRAELREGION,N
36276,J_NO_1,C13ISRAELDISCRIMINATION,N
36276,J_NO_1,C13ISRAELNORMS,N
36276,J_NO_1,C13ISRAELCOMPARE,N
36276,J_NO_1,C14BDS,N
36276,J_NO_1,C15REASONABLE,N
36276,J_NO_1,C15DOUBLESTANDARD,N
46344,J_NO_1,C11PALESTINIANJUSTICE,N
46344,J_NO_1,C11PALESTINIANRIGHTS,N
46344,J_NO_1,C12ZIONCRITICAL,N
46344,J_NO_1,C12SOLUTIONS,N
46344,J_NO_1,C12EQUALRIGHTS,N
46344,J_NO_1,C13ISRAELEVIDENCE,N
46344,J_NO_1,C13ISRAELINSTITUTIONS,N
46344,J_NO_1,C13ISRAELPOLICIES,N
46344,J_NO_1,C13ISRAELOPT,N
46344,J_NO_1,C13ISRAELREGION,N
46344,J_NO_1,C13ISRAELDISCRIMINATION,N
46344,J_NO_1,C13ISRAELNORMS,N
46344,J_NO_1,C13ISRAELCOMPARE,N
46344,J_NO_1,C14BDS,N
46344,J_NO_1,C15REASONABLE,N
46344,J_NO_1,C15DOUBLESTANDARD,N
9917,J_NO_1,C11PALESTINIANJUSTICE,N
9917,J_NO_1,C11PALESTINIANRIGHTS,N
9917,J_NO_1,C12ZIONCRITICAL,N
9917,J_NO_1,C12SOLUTIONS,N
9917,J_NO_1,C12EQUALRIGHTS,N
9917,J_NO_1,C13ISRAELEVIDENCE,N
9917,J_NO_1,C13ISRAELINSTITUTIONS,N
9917,J_NO_1,C13ISRAELPOLICIES,N
9917,J_NO_1,C13ISRAELOPT,N
9917,J_NO_1,C13ISRAELREGION,N
9917,J_NO_1,C13ISRAELDISCRIMINATION,N
9917,J_NO_1,C13ISRAELNORMS,N
9917,J_NO_1,C13ISRAELCOMPARE,N
9917,J_NO_1,C14BDS,N
9917,J_NO_1,C15REASONABLE,N
9917,J_NO_1,C15DOUBLESTANDARD,N
6874,J_NO_1,C11PALESTINIANJUSTICE,N
6874,J_NO_1,C11PALESTINIANRIGHTS,N
6874,J_NO_1,C12ZIONCRITICAL,N
6874,J_NO_1,C12SOLUTIONS,N
6874,J_NO_1,C12EQUALRIGHTS,N
6874,J_NO_1,C13ISRAELEVIDENCE,N
6874,J_NO_1,C13ISRAELINSTITUTIONS,N
6874,J_NO_1,C13ISRAELPOLICIES,N
6874,J_NO_1,C13ISRAELOPT,N
6874,J_NO_1,C13ISRAELREGION,N
6874,J_NO_1,C13ISRAELDISCRIMINATION,N
6874,J_NO_1,C13ISRAELNORMS,N
6874,J_NO_1,C13ISRAELCOMPARE,N
6874,J_NO_1,C14BDS,N
6874,J_NO_1,C15REASONABLE,N
6874,J_NO_1,C15DOUBLESTANDARD,N
7160,J_NO_1,C11PALESTINIANJUSTICE,N
7160,J_NO_1,C11PALESTINIANRIGHTS,N
7160,J_NO_1,C12ZIONCRITICAL,N
7160,J_NO_1,C12SOLUTIONS,N
7160,J_NO_1,C12EQUALRIGHTS,N
7160,J_NO_1,C13ISRAELEVIDENCE,N
7160,J_NO_1,C13ISRAELINSTITUTIONS,N
7160,J_NO_1,C13ISRAELPOLICIES,N
7160,J_NO_1,C13ISRAELOPT,N
7160,J_NO_1,C13ISRAELREGION,N
7160,J_NO_1,C13ISRAELDISCRIMINATION,N
7160,J_NO_1,C13ISRAELNORMS,N
7160,J_NO_1,C13ISRAELCOMPARE,N
7160,J_NO_1,C14BDS,N
7160,J_NO_1,C15REASONABLE,N
7160,J_NO_1,C15DOUBLESTANDARD,N
46051,J_NO_1,C11PALESTINIANJUSTICE,N
46051,J_NO_1,C11PALESTINIANRIGHTS,N
46051,J_NO_1,C12ZIONCRITICAL,N
46051,J_NO_1,C12SOLUTIONS,N
46051,J_NO_1,C12EQUALRIGHTS,N
46051,J_NO_1,C13ISRAELEVIDENCE,N
46051,J_NO_1,C13ISRAELINSTITUTIONS,N
46051,J_NO_1,C13ISRAELPOLICIES,N
46051,J_NO_1,C13ISRAELOPT,N
46051,J_NO_1,C13ISRAELREGION,N
46051,J_NO_1,C13ISRAELDISCRIMINATION,N
46051,J_NO_1,C13ISRAELNORMS,N
46051,J_NO_1,C13ISRAELCOMPARE,N
46051,J_NO_1,C14BDS,N
46051,J_NO_1,C15REASONABLE,N
46051,J_NO_1,C15DOUBLESTANDARD,N
47305,J_NO_1,C11PALESTINIANJUSTICE,N
47305,J_NO_1,C11PALESTINIANRIGHTS,N
47305,J_NO_1,C12ZIONCRITICAL,N
47305,J_NO_1,C12SOLUTIONS,N
47305,J_NO_1,C12EQUALRIGHTS,N
47305,J_NO_1,C13ISRAELEVIDENCE,N
47305,J_NO_1,C13ISRAELINSTITUTIONS,N
47305,J_NO_1,C13ISRAELPOLICIES,N
47305,J_NO_1,C13ISRAELOPT,N
47305,J_NO_1,C13ISRAELREGION,N
47305,J_NO_1,C13ISRAELDISCRIMINATION,N
47305,J_NO_1,C13ISRAELNORMS,N
47305,J_NO_1,C13ISRAELCOMPARE,N
47305,J_NO_1,C14BDS,N
47305,J_NO_1,C15REASONABLE,N
47305,J_NO_1,C15DOUBLESTANDARD,N
40729,J_NO_1,C11PALESTINIANJUSTICE,N
40729,J_NO_1,C11PALESTINIANRIGHTS,N
40729,J_NO_1,C12ZIONCRITICAL,N
40729,J_NO_1,C12SOLUTIONS,N
40729,J_NO_1,C12EQUALRIGHTS,N
40729,J_NO_1,C13ISRAELEVIDENCE,N
40729,J_NO_1,C13ISRAELINSTITUTIONS,N
40729,J_NO_1,C13ISRAELPOLICIES,N
40729,J_NO_1,C13ISRAELOPT,N
40729,J_NO_1,C13ISRAELREGION,N
40729,J_NO_1,C13ISRAELDISCRIMINATION,N
40729,J_NO_1,C13ISRAELNORMS,N
40729,J_NO_1,C13ISRAELCOMPARE,N
40729,J_NO_1,C14BDS,N
40729,J_NO_1,C15REASONABLE,N
40729,J_NO_1,C15DOUBLESTANDARD,N
18332,J_NO_1,C11PALESTINIANJUSTICE,N
18332,J_NO_1,C11PALESTINIANRIGHTS,N
18332,J_NO_1,C12ZIONCRITICAL,N
18332,J_NO_1,C12SOLUTIONS,N
18332,J_NO_1,C12EQUALRIGHTS,N
18332,J_NO_1,C13ISRAELEVIDENCE,N
18332,J_NO_1,C13ISRAELINSTITUTIONS,N
18332,J_NO_1,C13ISRAELPOLICIES,N
18332,J_NO_1,C13ISRAELOPT,N
18332,J_NO_1,C13ISRAELREGION,N
18332,J_NO_1,C13ISRAELDISCRIMINATION,N
18332,J_NO_1,C13ISRAELNORMS,N
18332,J_NO_1,C13ISRAELCOMPARE,N
18332,J_NO_1,C14BDS,N
18332,J_NO_1,C15REASONABLE,N
18332,J_NO_1,C15DOUBLESTANDARD,N
14605,J_NO_1,C11PALESTINIANJUSTICE,N
14605,J_NO_1,C11PALESTINIANRIGHTS,N
14605,J_NO_1,C12ZIONCRITICAL,N
14605,J_NO_1,C12SOLUTIONS,N
14605,J_NO_1,C12EQUALRIGHTS,N
14605,J_NO_1,C13ISRAELEVIDENCE,N
14605,J_NO_1,C13ISRAELINSTITUTIONS,N
14605,J_NO_1,C13ISRAELPOLICIES,N
14605,J_NO_1,C13ISRAELOPT,N
14605,J_NO_1,C13ISRAELREGION,N
14605,J_NO_1,C13ISRAELDISCRIMINATION,N
14605,J_NO_1,C13ISRAELNORMS,N
14605,J_NO_1,C13ISRAELCOMPARE,N
14605,J_NO_1,C14BDS,N
14605,J_NO_1,C15REASONABLE,N
14605,J_NO_1,C15DOUBLESTANDARD,N
38484,J_NO_1,C11PALESTINIANJUSTICE,N
38484,J_NO_1,C11PALESTINIANRIGHTS,N
38484,J_NO_1,C12ZIONCRITICAL,N
38484,J_NO_1,C12SOLUTIONS,N
38484,J_NO_1,C12EQUALRIGHTS,N
38484,J_NO_1,C13ISRAELEVIDENCE,N
38484,J_NO_1,C13ISRAELINSTITUTIONS,N
38484,J_NO_1,C13ISRAELPOLICIES,N
38484,J_NO_1,C13ISRAELOPT,N
38484,J_NO_1,C13ISRAELREGION,N
38484,J_NO_1,C13ISRAELDISCRIMINATION,N
38484,J_NO_1,C13ISRAELNORMS,N
38484,J_NO_1,C13ISRAELCOMPARE,N
38484,J_NO_1,C14BDS,N
38484,J_NO_1,C15REASONABLE,N
38484,J_NO_1,C15DOUBLESTANDARD,N
13639,J_NO_1,C11PALESTINIANJUSTICE,N
13639,J_NO_1,C11PALESTINIANRIGHTS,N
13639,J_NO_1,C12ZIONCRITICAL,N
13639,J_NO_1,C12SOLUTIONS,N
13639,J_NO_1,C12EQUALRIGHTS,N
13639,J_NO_1,C13ISRAELEVIDENCE,N
13639,J_NO_1,C13ISRAELINSTITUTIONS,N
13639,J_NO_1,C13ISRAELPOLICIES,N
13639,J_NO_1,C13ISRAELOPT,N
13639,J_NO_1,C13ISRAELREGION,N
13639,J_NO_1,C13ISRAELDISCRIMINATION,N
13639,J_NO_1,C13ISRAELNORMS,N
13639,J_NO_1,C13ISRAELCOMPARE,N
13639,J_NO_1,C14BDS,N
13639,J_NO_1,C15REASONABLE,N
13639,J_NO_1,C15DOUBLESTANDARD,N
382,J_NO_1,C11PALESTINIANJUSTICE,N
382,J_NO_1,C11PALESTINIANRIGHTS,N
382,J_NO_1,C12ZIONCRITICAL,N
382,J_NO_1,C12SOLUTIONS,N
382,J_NO_1,C12EQUALRIGHTS,N
382,J_NO_1,C13ISRAELEVIDENCE,N
382,J_NO_1,C13ISRAELINSTITUTIONS,N
382,J_NO_1,C13ISRAELPOLICIES,N
382,J_NO_1,C13ISRAELOPT,N
382,J_NO_1,C13ISRAELREGION,N
382,J_NO_1,C13ISRAELDISCRIMINATION,N
382,J_NO_1,C13ISRAELNORMS,N
382,J_NO_1,C13ISRAELCOMPARE,N
382,J_NO_1,C14BDS,N
382,J_NO_1,C15REASONABLE,N
382,J_NO_1,C15DOUBLESTANDARD,N
7603,J_NO_1,C11PALESTINIANJUSTICE,N
7603,J_NO_1,C11PALESTINIANRIGHTS,N
7603,J_NO_1,C12ZIONCRITICAL,N
7603,J_NO_1,C12SOLUTIONS,N
7603,J_NO_1,C12EQUALRIGHTS,N
7603,J_NO_1,C13ISRAELEVIDENCE,N
7603,J_NO_1,C13ISRAELINSTITUTIONS,N
7603,J_NO_1,C13ISRAELPOLICIES,N
7603,J_NO_1,C13ISRAELOPT,N
7603,J_NO_1,C13ISRAELREGION,N
7603,J_NO_1,C13ISRAELDISCRIMINATION,N
7603,J_NO_1,C13ISRAELNORMS,N
7603,J_NO_1,C13ISRAELCOMPARE,N
7603,J_NO_1,C14BDS,N
7603,J_NO_1,C15REASONABLE,N
7603,J_NO_1,C15DOUBLESTANDARD,N
23664,J_NO_1,C11PALESTINIANJUSTICE,N
23664,J_NO_1,C11PALESTINIANRIGHTS,N
23664,J_NO_1,C12ZIONCRITICAL,N
23664,J_NO_1,C12SOLUTIONS,N
23664,J_NO_1,C12EQUALRIGHTS,N
23664,J_NO_1,C13ISRAELEVIDENCE,N
23664,J_NO_1,C13ISRAELINSTITUTIONS,N
23664,J_NO_1,C13ISRAELPOLICIES,N
23664,J_NO_1,C13ISRAELOPT,N
23664,J_NO_1,C13ISRAELREGION,N
23664,J_NO_1,C13ISRAELDISCRIMINATION,N
23664,J_NO_1,C13ISRAELNORMS,N
23664,J_NO_1,C13ISRAELCOMPARE,N
23664,J_NO_1,C14BDS,N
23664,J_NO_1,C15REASONABLE,N
23664,J_NO_1,C15DOUBLESTANDARD,N
23298,J_NO_1,C11PALESTINIANJUSTICE,N
23298,J_NO_1,C11PALESTINIANRIGHTS,N
23298,J_NO_1,C12ZIONCRITICAL,N
23298,J_NO_1,C12SOLUTIONS,N
23298,J_NO_1,C12EQUALRIGHTS,N
23298,J_NO_1,C13ISRAELEVIDENCE,N
23298,J_NO_1,C13ISRAELINSTITUTIONS,N
23298,J_NO_1,C13ISRAELPOLICIES,N
23298,J_NO_1,C13ISRAELOPT,N
23298,J_NO_1,C13ISRAELREGION,N
23298,J_NO_1,C13ISRAELDISCRIMINATION,N
23298,J_NO_1,C13ISRAELNORMS,N
23298,J_NO_1,C13ISRAELCOMPARE,N
23298,J_NO_1,C14BDS,N
23298,J_NO_1,C15REASONABLE,N
23298,J_NO_1,C15DOUBLESTANDARD,N
11369,J_NO_1,C11PALESTINIANJUSTICE,N
11369,J_NO_1,C11PALESTINIANRIGHTS,N
11369,J_NO_1,C12ZIONCRITICAL,N
11369,J_NO_1,C12SOLUTIONS,N
11369,J_NO_1,C12EQUALRIGHTS,N
11369,J_NO_1,C13ISRAELEVIDENCE,N
11369,J_NO_1,C13ISRAELINSTITUTIONS,N
11369,J_NO_1,C13ISRAELPOLICIES,N
11369,J_NO_1,C13ISRAELOPT,N
11369,J_NO_1,C13ISRAELREGION,N
11369,J_NO_1,C13ISRAELDISCRIMINATION,N
11369,J_NO_1,C13ISRAELNORMS,N
11369,J_NO_1,C13ISRAELCOMPARE,N
11369,J_NO_1,C14BDS,N
11369,J_NO_1,C15REASONABLE,N
11369,J_NO_1,C15DOUBLESTANDARD,N
2105,J_NO_1,C11PALESTINIANJUSTICE,N
2105,J_NO_1,C11PALESTINIANRIGHTS,N
2105,J_NO_1,C12ZIONCRITICAL,N
2105,J_NO_1,C12SOLUTIONS,N
2105,J_NO_1,C12EQUALRIGHTS,N
2105,J_NO_1,C13ISRAELEVIDENCE,N
2105,J_NO_1,C13ISRAELINSTITUTIONS,N
2105,J_NO_1,C13ISRAELPOLICIES,N
2105,J_NO_1,C13ISRAELOPT,N
2105,J_NO_1,C13ISRAELREGION,N
2105,J_NO_1,C13ISRAELDISCRIMINATION,N
2105,J_NO_1,C13ISRAELNORMS,N
2105,J_NO_1,C13ISRAELCOMPARE,N
2105,J_NO_1,C14BDS,N
2105,J_NO_1,C15REASONABLE,N
2105,J_NO_1,C15DOUBLESTANDARD,N
46874,J_NO_1,C11PALESTINIANJUSTICE,N
46874,J_NO_1,C11PALESTINIANRIGHTS,N
46874,J_NO_1,C12ZIONCRITICAL,N
46874,J_NO_1,C12SOLUTIONS,N
46874,J_NO_1,C12EQUALRIGHTS,N
46874,J_NO_1,C13ISRAELEVIDENCE,N
46874,J_NO_1,C13ISRAELINSTITUTIONS,N
46874,J_NO_1,C13ISRAELPOLICIES,N
46874,J_NO_1,C13ISRAELOPT,N
46874,J_NO_1,C13ISRAELREGION,N
46874,J_NO_1,C13ISRAELDISCRIMINATION,N
46874,J_NO_1,C13ISRAELNORMS,N
46874,J_NO_1,C13ISRAELCOMPARE,N
46874,J_NO_1,C14BDS,N
46874,J_NO_1,C15REASONABLE,N
46874,J_NO_1,C15DOUBLESTANDARD,N
22415,J_NO_1,C11PALESTINIANJUSTICE,N
22415,J_NO_1,C11PALESTINIANRIGHTS,N
22415,J_NO_1,C12ZIONCRITICAL,N
22415,J_NO_1,C12SOLUTIONS,N
22415,J_NO_1,C12EQUALRIGHTS,N
22415,J_NO_1,C13ISRAELEVIDENCE,N
22415,J_NO_1,C13ISRAELINSTITUTIONS,N
22415,J_NO_1,C13ISRAELPOLICIES,N
22415,J_NO_1,C13ISRAELOPT,N
22415,J_NO_1,C13ISRAELREGION,N
22415,J_NO_1,C13ISRAELDISCRIMINATION,N
22415,J_NO_1,C13ISRAELNORMS,N
22415,J_NO_1,C13ISRAELCOMPARE,N
22415,J_NO_1,C14BDS,N
22415,J_NO_1,C15REASONABLE,N
22415,J_NO_1,C15DOUBLESTANDARD,N
46685,J_NO_1,C11PALESTINIANJUSTICE,N
46685,J_NO_1,C11PALESTINIANRIGHTS,N
46685,J_NO_1,C12ZIONCRITICAL,N
46685,J_NO_1,C12SOLUTIONS,N
46685,J_NO_1,C12EQUALRIGHTS,N
46685,J_NO_1,C13ISRAELEVIDENCE,N
46685,J_NO_1,C13ISRAELINSTITUTIONS,N
46685,J_NO_1,C13ISRAELPOLICIES,N
46685,J_NO_1,C13ISRAELOPT,N
46685,J_NO_1,C13ISRAELREGION,N
46685,J_NO_1,C13ISRAELDISCRIMINATION,N
46685,J_NO_1,C13ISRAELNORMS,N
46685,J_NO_1,C13ISRAELCOMPARE,N
46685,J_NO_1,C14BDS,N
46685,J_NO_1,C15REASONABLE,N
46685,J_NO_1,C15DOUBLESTANDARD,N
49652,J_NO_1,C11PALESTINIANJUSTICE,N
49652,J_NO_1,C11PALESTINIANRIGHTS,N
49652,J_NO_1,C12ZIONCRITICAL,I
49652,J_NO_1,C12SOLUTIONS,N
49652,J_NO_1,C12EQUALRIGHTS,N
49652,J_NO_1,C13ISRAELEVIDENCE,N
49652,J_NO_1,C13ISRAELINSTITUTIONS,N
49652,J_NO_1,C13ISRAELPOLICIES,N
49652,J_NO_1,C13ISRAELOPT,N
49652,J_NO_1,C13ISRAELREGION,N
49652,J_NO_1,C13ISRAELDISCRIMINATION,N
49652,J_NO_1,C13ISRAELNORMS,N
49652,J_NO_1,C13ISRAELCOMPARE,N
49652,J_NO_1,C14BDS,N
49652,J_NO_1,C15REASONABLE,N
49652,J_NO_1,C15DOUBLESTANDARD,N
31815,J_NO_1,C11PALESTINIANJUSTICE,N
31815,J_NO_1,C11PALESTINIANRIGHTS,N
31815,J_NO_1,C12ZIONCRITICAL,N
31815,J_NO_1,C12SOLUTIONS,N
31815,J_NO_1,C12EQUALRIGHTS,N
31815,J_NO_1,C13ISRAELEVIDENCE,N
31815,J_NO_1,C13ISRAELINSTITUTIONS,N
31815,J_NO_1,C13ISRAELPOLICIES,N
31815,J_NO_1,C13ISRAELOPT,N
31815,J_NO_1,C13ISRAELREGION,N
31815,J_NO_1,C13ISRAELDISCRIMINATION,N
31815,J_NO_1,C13ISRAELNORMS,N
31815,J_NO_1,C13ISRAELCOMPARE,N
31815,J_NO_1,C14BDS,N
31815,J_NO_1,C15REASONABLE,N
31815,J_NO_1,C15DOUBLESTANDARD,E
46036,J_NO_1,C11PALESTINIANJUSTICE,N
46036,J_NO_1,C11PALESTINIANRIGHTS,N
46036,J_NO_1,C12ZIONCRITICAL,N
46036,J_NO_1,C12SOLUTIONS,N
46036,J_NO_1,C12EQUALRIGHTS,N
46036,J_NO_1,C13ISRAELEVIDENCE,N
46036,J_NO_1,C13ISRAELINSTITUTIONS,N
46036,J_NO_1,C13ISRAELPOLICIES,N
46036,J_NO_1,C13ISRAELOPT,N
46036,J_NO_1,C13ISRAELREGION,N
46036,J_NO_1,C13ISRAELDISCRIMINATION,N
46036,J_NO_1,C13ISRAELNORMS,N
46036,J_NO_1,C13ISRAELCOMPARE,N
46036,J_NO_1,C14BDS,N
46036,J_NO_1,C15REASONABLE,N
46036,J_NO_1,C15DOUBLESTANDARD,N
14347,J_NO_1,C11PALESTINIANJUSTICE,N
14347,J_NO_1,C11PALESTINIANRIGHTS,N
14347,J_NO_1,C12ZIONCRITICAL,N
14347,J_NO_1,C12SOLUTIONS,N
14347,J_NO_1,C12EQUALRIGHTS,N
14347,J_NO_1,C13ISRAELEVIDENCE,N
14347,J_NO_1,C13ISRAELINSTITUTIONS,N
14347,J_NO_1,C13ISRAELPOLICIES,N
14347,J_NO_1,C13ISRAELOPT,N
14347,J_NO_1,C13ISRAELREGION,N
14347,J_NO_1,C13ISRAELDISCRIMINATION,N
14347,J_NO_1,C13ISRAELNORMS,N
14347,J_NO_1,C13ISRAELCOMPARE,N
14347,J_NO_1,C14BDS,N
14347,J_NO_1,C15REASONABLE,N
14347,J_NO_1,C15DOUBLESTANDARD,N
16658,J_NO_1,C11PALESTINIANJUSTICE,N
16658,J_NO_1,C11PALESTINIANRIGHTS,N
16658,J_NO_1,C12ZIONCRITICAL,N
16658,J_NO_1,C12SOLUTIONS,N
16658,J_NO_1,C12EQUALRIGHTS,N
16658,J_NO_1,C13ISRAELEVIDENCE,N
16658,J_NO_1,C13ISRAELINSTITUTIONS,N
16658,J_NO_1,C13ISRAELPOLICIES,N
16658,J_NO_1,C13ISRAELOPT,N
16658,J_NO_1,C13ISRAELREGION,N
16658,J_NO_1,C13ISRAELDISCRIMINATION,N
16658,J_NO_1,C13ISRAELNORMS,N
16658,J_NO_1,C13ISRAELCOMPARE,N
16658,J_NO_1,C14BDS,N
16658,J_NO_1,C15REASONABLE,N
16658,J_NO_1,C15DOUBLESTANDARD,N
2964,J_NO_1,C11PALESTINIANJUSTICE,N
2964,J_NO_1,C11PALESTINIANRIGHTS,N
2964,J_NO_1,C12ZIONCRITICAL,N
2964,J_NO_1,C12SOLUTIONS,N
2964,J_NO_1,C12EQUALRIGHTS,N
2964,J_NO_1,C13ISRAELEVIDENCE,N
2964,J_NO_1,C13ISRAELINSTITUTIONS,N
2964,J_NO_1,C13ISRAELPOLICIES,N
2964,J_NO_1,C13ISRAELOPT,N
2964,J_NO_1,C13ISRAELREGION,N
2964,J_NO_1,C13ISRAELDISCRIMINATION,N
2964,J_NO_1,C13ISRAELNORMS,N
2964,J_NO_1,C13ISRAELCOMPARE,N
2964,J_NO_1,C14BDS,N
2964,J_NO_1,C15REASONABLE,N
2964,J_NO_1,C15DOUBLESTANDARD,N
47283,J_NO_1,C11PALESTINIANJUSTICE,N
47283,J_NO_1,C11PALESTINIANRIGHTS,N
47283,J_NO_1,C12ZIONCRITICAL,N
47283,J_NO_1,C12SOLUTIONS,N
47283,J_NO_1,C12EQUALRIGHTS,N
47283,J_NO_1,C13ISRAELEVIDENCE,N
47283,J_NO_1,C13ISRAELINSTITUTIONS,N
47283,J_NO_1,C13ISRAELPOLICIES,N
47283,J_NO_1,C13ISRAELOPT,N
47283,J_NO_1,C13ISRAELREGION,N
47283,J_NO_1,C13ISRAELDISCRIMINATION,N
47283,J_NO_1,C13ISRAELNORMS,N
47283,J_NO_1,C13ISRAELCOMPARE,N
47283,J_NO_1,C14BDS,N
47283,J_NO_1,C15REASONABLE,N
47283,J_NO_1,C15DOUBLESTANDARD,N
4188,J_NO_1,C11PALESTINIANJUSTICE,N
4188,J_NO_1,C11PALESTINIANRIGHTS,N
4188,J_NO_1,C12ZIONCRITICAL,N
4188,J_NO_1,C12SOLUTIONS,N
4188,J_NO_1,C12EQUALRIGHTS,N
4188,J_NO_1,C13ISRAELEVIDENCE,N
4188,J_NO_1,C13ISRAELINSTITUTIONS,N
4188,J_NO_1,C13ISRAELPOLICIES,N
4188,J_NO_1,C13ISRAELOPT,N
4188,J_NO_1,C13ISRAELREGION,N
4188,J_NO_1,C13ISRAELDISCRIMINATION,N
4188,J_NO_1,C13ISRAELNORMS,N
4188,J_NO_1,C13ISRAELCOMPARE,N
4188,J_NO_1,C14BDS,N
4188,J_NO_1,C15REASONABLE,N
4188,J_NO_1,C15DOUBLESTANDARD,N
26971,J_NO_1,C11PALESTINIANJUSTICE,I
26971,J_NO_1,C11PALESTINIANRIGHTS,A
26971,J_NO_1,C12ZIONCRITICAL,N
26971,J_NO_1,C12SOLUTIONS,N
26971,J_NO_1,C12EQUALRIGHTS,N
26971,J_NO_1,C13ISRAELEVIDENCE,N
26971,J_NO_1,C13ISRAELINSTITUTIONS,N
26971,J_NO_1,C13ISRAELPOLICIES,I
26971,J_NO_1,C13ISRAELOPT,N
26971,J_NO_1,C13ISRAELREGION,I
26971,J_NO_1,C13ISRAELDISCRIMINATION,N
26971,J_NO_1,C13ISRAELNORMS,N
26971,J_NO_1,C13ISRAELCOMPARE,N
26971,J_NO_1,C14BDS,N
26971,J_NO_1,C15REASONABLE,N
26971,J_NO_1,C15DOUBLESTANDARD,E
15126,J_NO_1,C11PALESTINIANJUSTICE,N
15126,J_NO_1,C11PALESTINIANRIGHTS,N
15126,J_NO_1,C12ZIONCRITICAL,N
15126,J_NO_1,C12SOLUTIONS,N
15126,J_NO_1,C12EQUALRIGHTS,N
15126,J_NO_1,C13ISRAELEVIDENCE,N
15126,J_NO_1,C13ISRAELINSTITUTIONS,N
15126,J_NO_1,C13ISRAELPOLICIES,N
15126,J_NO_1,C13ISRAELOPT,N
15126,J_NO_1,C13ISRAELREGION,N
15126,J_NO_1,C13ISRAELDISCRIMINATION,N
15126,J_NO_1,C13ISRAELNORMS,N
15126,J_NO_1,C13ISRAELCOMPARE,N
15126,J_NO_1,C14BDS,N
15126,J_NO_1,C15REASONABLE,N
15126,J_NO_1,C15DOUBLESTANDARD,N
20020,J_NO_1,C11PALESTINIANJUSTICE,N
20020,J_NO_1,C11PALESTINIANRIGHTS,N
20020,J_NO_1,C12ZIONCRITICAL,N
20020,J_NO_1,C12SOLUTIONS,N
20020,J_NO_1,C12EQUALRIGHTS,N
20020,J_NO_1,C13ISRAELEVIDENCE,N
20020,J_NO_1,C13ISRAELINSTITUTIONS,N
20020,J_NO_1,C13ISRAELPOLICIES,N
20020,J_NO_1,C13ISRAELOPT,N
20020,J_NO_1,C13ISRAELREGION,N
20020,J_NO_1,C13ISRAELDISCRIMINATION,N
20020,J_NO_1,C13ISRAELNORMS,N
20020,J_NO_1,C13ISRAELCOMPARE,N
20020,J_NO_1,C14BDS,N
20020,J_NO_1,C15REASONABLE,N
20020,J_NO_1,C15DOUBLESTANDARD,N
33776,J_NO_1,C11PALESTINIANJUSTICE,N
33776,J_NO_1,C11PALESTINIANRIGHTS,N
33776,J_NO_1,C12ZIONCRITICAL,N
33776,J_NO_1,C12SOLUTIONS,N
33776,J_NO_1,C12EQUALRIGHTS,N
33776,J_NO_1,C13ISRAELEVIDENCE,N
33776,J_NO_1,C13ISRAELINSTITUTIONS,N
33776,J_NO_1,C13ISRAELPOLICIES,N
33776,J_NO_1,C13ISRAELOPT,N
33776,J_NO_1,C13ISRAELREGION,N
33776,J_NO_1,C13ISRAELDISCRIMINATION,N
33776,J_NO_1,C13ISRAELNORMS,N
33776,J_NO_1,C13ISRAELCOMPARE,N
33776,J_NO_1,C14BDS,N
33776,J_NO_1,C15REASONABLE,N
33776,J_NO_1,C15DOUBLESTANDARD,N
26630,J_NO_1,C11PALESTINIANJUSTICE,N
26630,J_NO_1,C11PALESTINIANRIGHTS,N
26630,J_NO_1,C12ZIONCRITICAL,N
26630,J_NO_1,C12SOLUTIONS,N
26630,J_NO_1,C12EQUALRIGHTS,N
26630,J_NO_1,C13ISRAELEVIDENCE,N
26630,J_NO_1,C13ISRAELINSTITUTIONS,N
26630,J_NO_1,C13ISRAELPOLICIES,N
26630,J_NO_1,C13ISRAELOPT,N
26630,J_NO_1,C13ISRAELREGION,N
26630,J_NO_1,C13ISRAELDISCRIMINATION,N
26630,J_NO_1,C13ISRAELNORMS,N
26630,J_NO_1,C13ISRAELCOMPARE,N
26630,J_NO_1,C14BDS,N
26630,J_NO_1,C15REASONABLE,N
26630,J_NO_1,C15DOUBLESTANDARD,N
7244,J_NO_1,C11PALESTINIANJUSTICE,N
7244,J_NO_1,C11PALESTINIANRIGHTS,N
7244,J_NO_1,C12ZIONCRITICAL,N
7244,J_NO_1,C12SOLUTIONS,N
7244,J_NO_1,C12EQUALRIGHTS,N
7244,J_NO_1,C13ISRAELEVIDENCE,N
7244,J_NO_1,C13ISRAELINSTITUTIONS,N
7244,J_NO_1,C13ISRAELPOLICIES,N
7244,J_NO_1,C13ISRAELOPT,N
7244,J_NO_1,C13ISRAELREGION,N
7244,J_NO_1,C13ISRAELDISCRIMINATION,N
7244,J_NO_1,C13ISRAELNORMS,N
7244,J_NO_1,C13ISRAELCOMPARE,N
7244,J_NO_1,C14BDS,N
7244,J_NO_1,C15REASONABLE,N
7244,J_NO_1,C15DOUBLESTANDARD,N
40617,J_NO_1,C11PALESTINIANJUSTICE,N
40617,J_NO_1,C11PALESTINIANRIGHTS,N
40617,J_NO_1,C12ZIONCRITICAL,N
40617,J_NO_1,C12SOLUTIONS,N
40617,J_NO_1,C12EQUALRIGHTS,N
40617,J_NO_1,C13ISRAELEVIDENCE,N
40617,J_NO_1,C13ISRAELINSTITUTIONS,N
40617,J_NO_1,C13ISRAELPOLICIES,N
40617,J_NO_1,C13ISRAELOPT,N
40617,J_NO_1,C13ISRAELREGION,N
40617,J_NO_1,C13ISRAELDISCRIMINATION,N
40617,J_NO_1,C13ISRAELNORMS,N
40617,J_NO_1,C13ISRAELCOMPARE,N
40617,J_NO_1,C14BDS,N
40617,J_NO_1,C15REASONABLE,N
40617,J_NO_1,C15DOUBLESTANDARD,N
16610,J_NO_1,C11PALESTINIANJUSTICE,N
16610,J_NO_1,C11PALESTINIANRIGHTS,N
16610,J_NO_1,C12ZIONCRITICAL,N
16610,J_NO_1,C12SOLUTIONS,N
16610,J_NO_1,C12EQUALRIGHTS,N
16610,J_NO_1,C13ISRAELEVIDENCE,N
16610,J_NO_1,C13ISRAELINSTITUTIONS,N
16610,J_NO_1,C13ISRAELPOLICIES,N
16610,J_NO_1,C13ISRAELOPT,N
16610,J_NO_1,C13ISRAELREGION,N
16610,J_NO_1,C13ISRAELDISCRIMINATION,N
16610,J_NO_1,C13ISRAELNORMS,N
16610,J_NO_1,C13ISRAELCOMPARE,N
16610,J_NO_1,C14BDS,N
16610,J_NO_1,C15REASONABLE,N
16610,J_NO_1,C15DOUBLESTANDARD,N
11093,J_NO_1,C11PALESTINIANJUSTICE,N
11093,J_NO_1,C11PALESTINIANRIGHTS,N
11093,J_NO_1,C12ZIONCRITICAL,N
11093,J_NO_1,C12SOLUTIONS,N
11093,J_NO_1,C12EQUALRIGHTS,N
11093,J_NO_1,C13ISRAELEVIDENCE,N
11093,J_NO_1,C13ISRAELINSTITUTIONS,N
11093,J_NO_1,C13ISRAELPOLICIES,N
11093,J_NO_1,C13ISRAELOPT,N
11093,J_NO_1,C13ISRAELREGION,N
11093,J_NO_1,C13ISRAELDISCRIMINATION,N
11093,J_NO_1,C13ISRAELNORMS,N
11093,J_NO_1,C13ISRAELCOMPARE,N
11093,J_NO_1,C14BDS,N
11093,J_NO_1,C15REASONABLE,N
11093,J_NO_1,C15DOUBLESTANDARD,N
23489,J_NO_1,C11PALESTINIANJUSTICE,N
23489,J_NO_1,C11PALESTINIANRIGHTS,N
23489,J_NO_1,C12ZIONCRITICAL,N
23489,J_NO_1,C12SOLUTIONS,N
23489,J_NO_1,C12EQUALRIGHTS,N
23489,J_NO_1,C13ISRAELEVIDENCE,N
23489,J_NO_1,C13ISRAELINSTITUTIONS,N
23489,J_NO_1,C13ISRAELPOLICIES,N
23489,J_NO_1,C13ISRAELOPT,N
23489,J_NO_1,C13ISRAELREGION,N
23489,J_NO_1,C13ISRAELDISCRIMINATION,N
23489,J_NO_1,C13ISRAELNORMS,N
23489,J_NO_1,C13ISRAELCOMPARE,N
23489,J_NO_1,C14BDS,N
23489,J_NO_1,C15REASONABLE,N
23489,J_NO_1,C15DOUBLESTANDARD,N
3225,J_NO_1,C11PALESTINIANJUSTICE,N
3225,J_NO_1,C11PALESTINIANRIGHTS,N
3225,J_NO_1,C12ZIONCRITICAL,N
3225,J_NO_1,C12SOLUTIONS,N
3225,J_NO_1,C12EQUALRIGHTS,N
3225,J_NO_1,C13ISRAELEVIDENCE,N
3225,J_NO_1,C13ISRAELINSTITUTIONS,N
3225,J_NO_1,C13ISRAELPOLICIES,N
3225,J_NO_1,C13ISRAELOPT,N
3225,J_NO_1,C13ISRAELREGION,N
3225,J_NO_1,C13ISRAELDISCRIMINATION,N
3225,J_NO_1,C13ISRAELNORMS,N
3225,J_NO_1,C13ISRAELCOMPARE,N
3225,J_NO_1,C14BDS,N
3225,J_NO_1,C15REASONABLE,N
3225,J_NO_1,C15DOUBLESTANDARD,N
37556,J_NO_1,C11PALESTINIANJUSTICE,I
37556,J_NO_1,C11PALESTINIANRIGHTS,I
37556,J_NO_1,C12ZIONCRITICAL,N
37556,J_NO_1,C12SOLUTIONS,N
37556,J_NO_1,C12EQUALRIGHTS,N
37556,J_NO_1,C13ISRAELEVIDENCE,I
37556,J_NO_1,C13ISRAELINSTITUTIONS,N
37556,J_NO_1,C13ISRAELPOLICIES,I
37556,J_NO_1,C13ISRAELOPT,N
37556,J_NO_1,C13ISRAELREGION,N
37556,J_NO_1,C13ISRAELDISCRIMINATION,I
37556,J_NO_1,C13ISRAELNORMS,E
37556,J_NO_1,C13ISRAELCOMPARE,I
37556,J_NO_1,C14BDS,N
37556,J_NO_1,C15REASONABLE,E
37556,J_NO_1,C15DOUBLESTANDARD,E
43159,J_NO_1,C11PALESTINIANJUSTICE,N
43159,J_NO_1,C11PALESTINIANRIGHTS,N
43159,J_NO_1,C12ZIONCRITICAL,N
43159,J_NO_1,C12SOLUTIONS,N
43159,J_NO_1,C12EQUALRIGHTS,N
43159,J_NO_1,C13ISRAELEVIDENCE,N
43159,J_NO_1,C13ISRAELINSTITUTIONS,N
43159,J_NO_1,C13ISRAELPOLICIES,N
43159,J_NO_1,C13ISRAELOPT,N
43159,J_NO_1,C13ISRAELREGION,N
43159,J_NO_1,C13ISRAELDISCRIMINATION,N
43159,J_NO_1,C13ISRAELNORMS,N
43159,J_NO_1,C13ISRAELCOMPARE,N
43159,J_NO_1,C14BDS,N
43159,J_NO_1,C15REASONABLE,N
43159,J_NO_1,C15DOUBLESTANDARD,N
36058,J_NO_1,C11PALESTINIANJUSTICE,N
36058,J_NO_1,C11PALESTINIANRIGHTS,N
36058,J_NO_1,C12ZIONCRITICAL,N
36058,J_NO_1,C12SOLUTIONS,N
36058,J_NO_1,C12EQUALRIGHTS,N
36058,J_NO_1,C13ISRAELEVIDENCE,N
36058,J_NO_1,C13ISRAELINSTITUTIONS,N
36058,J_NO_1,C13ISRAELPOLICIES,N
36058,J_NO_1,C13ISRAELOPT,N
36058,J_NO_1,C13ISRAELREGION,N
36058,J_NO_1,C13ISRAELDISCRIMINATION,N
36058,J_NO_1,C13ISRAELNORMS,N
36058,J_NO_1,C13ISRAELCOMPARE,N
36058,J_NO_1,C14BDS,N
36058,J_NO_1,C15REASONABLE,N
36058,J_NO_1,C15DOUBLESTANDARD,N
18772,J_NO_1,C11PALESTINIANJUSTICE,N
18772,J_NO_1,C11PALESTINIANRIGHTS,N
18772,J_NO_1,C12ZIONCRITICAL,N
18772,J_NO_1,C12SOLUTIONS,N
18772,J_NO_1,C12EQUALRIGHTS,N
18772,J_NO_1,C13ISRAELEVIDENCE,N
18772,J_NO_1,C13ISRAELINSTITUTIONS,N
18772,J_NO_1,C13ISRAELPOLICIES,N
18772,J_NO_1,C13ISRAELOPT,N
18772,J_NO_1,C13ISRAELREGION,N
18772,J_NO_1,C13ISRAELDISCRIMINATION,N
18772,J_NO_1,C13ISRAELNORMS,N
18772,J_NO_1,C13ISRAELCOMPARE,N
18772,J_NO_1,C14BDS,N
18772,J_NO_1,C15REASONABLE,N
18772,J_NO_1,C15DOUBLESTANDARD,N
25790,J_NO_1,C11PALESTINIANJUSTICE,N
25790,J_NO_1,C11PALESTINIANRIGHTS,N
25790,J_NO_1,C12ZIONCRITICAL,N
25790,J_NO_1,C12SOLUTIONS,N
25790,J_NO_1,C12EQUALRIGHTS,N
25790,J_NO_1,C13ISRAELEVIDENCE,N
25790,J_NO_1,C13ISRAELINSTITUTIONS,N
25790,J_NO_1,C13ISRAELPOLICIES,N
25790,J_NO_1,C13ISRAELOPT,N
25790,J_NO_1,C13ISRAELREGION,N
25790,J_NO_1,C13ISRAELDISCRIMINATION,N
25790,J_NO_1,C13ISRAELNORMS,N
25790,J_NO_1,C13ISRAELCOMPARE,N
25790,J_NO_1,C14BDS,N
25790,J_NO_1,C15REASONABLE,N
25790,J_NO_1,C15DOUBLESTANDARD,N
44509,J_NO_1,C11PALESTINIANJUSTICE,N
44509,J_NO_1,C11PALESTINIANRIGHTS,N
44509,J_NO_1,C12ZIONCRITICAL,N
44509,J_NO_1,C12SOLUTIONS,N
44509,J_NO_1,C12EQUALRIGHTS,N
44509,J_NO_1,C13ISRAELEVIDENCE,N
44509,J_NO_1,C13ISRAELINSTITUTIONS,N
44509,J_NO_1,C13ISRAELPOLICIES,N
44509,J_NO_1,C13ISRAELOPT,N
44509,J_NO_1,C13ISRAELREGION,N
44509,J_NO_1,C13ISRAELDISCRIMINATION,N
44509,J_NO_1,C13ISRAELNORMS,N
44509,J_NO_1,C13ISRAELCOMPARE,N
44509,J_NO_1,C14BDS,N
44509,J_NO_1,C15REASONABLE,N
44509,J_NO_1,C15DOUBLESTANDARD,N
36326,J_NO_1,C11PALESTINIANJUSTICE,N
36326,J_NO_1,C11PALESTINIANRIGHTS,N
36326,J_NO_1,C12ZIONCRITICAL,N
36326,J_NO_1,C12SOLUTIONS,N
36326,J_NO_1,C12EQUALRIGHTS,N
36326,J_NO_1,C13ISRAELEVIDENCE,N
36326,J_NO_1,C13ISRAELINSTITUTIONS,N
36326,J_NO_1,C13ISRAELPOLICIES,N
36326,J_NO_1,C13ISRAELOPT,N
36326,J_NO_1,C13ISRAELREGION,N
36326,J_NO_1,C13ISRAELDISCRIMINATION,N
36326,J_NO_1,C13ISRAELNORMS,N
36326,J_NO_1,C13ISRAELCOMPARE,N
36326,J_NO_1,C14BDS,N
36326,J_NO_1,C15REASONABLE,N
36326,J_NO_1,C15DOUBLESTANDARD,N
911,J_NO_1,C11PALESTINIANJUSTICE,N
911,J_NO_1,C11PALESTINIANRIGHTS,N
911,J_NO_1,C12ZIONCRITICAL,N
911,J_NO_1,C12SOLUTIONS,N
911,J_NO_1,C12EQUALRIGHTS,N
911,J_NO_1,C13ISRAELEVIDENCE,N
911,J_NO_1,C13ISRAELINSTITUTIONS,N
911,J_NO_1,C13ISRAELPOLICIES,N
911,J_NO_1,C13ISRAELOPT,N
911,J_NO_1,C13ISRAELREGION,N
911,J_NO_1,C13ISRAELDISCRIMINATION,N
911,J_NO_1,C13ISRAELNORMS,N
911,J_NO_1,C13ISRAELCOMPARE,N
911,J_NO_1,C14BDS,N
911,J_NO_1,C15REASONABLE,N
911,J_NO_1,C15DOUBLESTANDARD,N
21550,J_NO_1,C11PALESTINIANJUSTICE,N
21550,J_NO_1,C11PALESTINIANRIGHTS,N
21550,J_NO_1,C12ZIONCRITICAL,N
21550,J_NO_1,C12SOLUTIONS,N
21550,J_NO_1,C12EQUALRIGHTS,N
21550,J_NO_1,C13ISRAELEVIDENCE,N
21550,J_NO_1,C13ISRAELINSTITUTIONS,N
21550,J_NO_1,C13ISRAELPOLICIES,N
21550,J_NO_1,C13ISRAELOPT,N
21550,J_NO_1,C13ISRAELREGION,N
21550,J_NO_1,C13ISRAELDISCRIMINATION,N
21550,J_NO_1,C13ISRAELNORMS,N
21550,J_NO_1,C13ISRAELCOMPARE,N
21550,J_NO_1,C14BDS,N
21550,J_NO_1,C15REASONABLE,N
21550,J_NO_1,C15DOUBLESTANDARD,N
24893,J_NO_1,C11PALESTINIANJUSTICE,N
24893,J_NO_1,C11PALESTINIANRIGHTS,N
24893,J_NO_1,C12ZIONCRITICAL,N
24893,J_NO_1,C12SOLUTIONS,N
24893,J_NO_1,C12EQUALRIGHTS,N
24893,J_NO_1,C13ISRAELEVIDENCE,N
24893,J_NO_1,C13ISRAELINSTITUTIONS,N
24893,J_NO_1,C13ISRAELPOLICIES,N
24893,J_NO_1,C13ISRAELOPT,N
24893,J_NO_1,C13ISRAELREGION,N
24893,J_NO_1,C13ISRAELDISCRIMINATION,N
24893,J_NO_1,C13ISRAELNORMS,N
24893,J_NO_1,C13ISRAELCOMPARE,N
24893,J_NO_1,C14BDS,N
24893,J_NO_1,C15REASONABLE,N
24893,J_NO_1,C15DOUBLESTANDARD,N
24313,J_NO_1,C11PALESTINIANJUSTICE,N
24313,J_NO_1,C11PALESTINIANRIGHTS,N
24313,J_NO_1,C12ZIONCRITICAL,N
24313,J_NO_1,C12SOLUTIONS,N
24313,J_NO_1,C12EQUALRIGHTS,N
24313,J_NO_1,C13ISRAELEVIDENCE,N
24313,J_NO_1,C13ISRAELINSTITUTIONS,N
24313,J_NO_1,C13ISRAELPOLICIES,N
24313,J_NO_1,C13ISRAELOPT,N
24313,J_NO_1,C13ISRAELREGION,N
24313,J_NO_1,C13ISRAELDISCRIMINATION,N
24313,J_NO_1,C13ISRAELNORMS,N
24313,J_NO_1,C13ISRAELCOMPARE,N
24313,J_NO_1,C14BDS,N
24313,J_NO_1,C15REASONABLE,N
24313,J_NO_1,C15DOUBLESTANDARD,N
9023,J_NO_1,C11PALESTINIANJUSTICE,N
9023,J_NO_1,C11PALESTINIANRIGHTS,N
9023,J_NO_1,C12ZIONCRITICAL,N
9023,J_NO_1,C12SOLUTIONS,N
9023,J_NO_1,C12EQUALRIGHTS,N
9023,J_NO_1,C13ISRAELEVIDENCE,N
9023,J_NO_1,C13ISRAELINSTITUTIONS,N
9023,J_NO_1,C13ISRAELPOLICIES,N
9023,J_NO_1,C13ISRAELOPT,N
9023,J_NO_1,C13ISRAELREGION,N
9023,J_NO_1,C13ISRAELDISCRIMINATION,N
9023,J_NO_1,C13ISRAELNORMS,N
9023,J_NO_1,C13ISRAELCOMPARE,N
9023,J_NO_1,C14BDS,N
9023,J_NO_1,C15REASONABLE,N
9023,J_NO_1,C15DOUBLESTANDARD,N
41212,J_NO_1,C11PALESTINIANJUSTICE,N
41212,J_NO_1,C11PALESTINIANRIGHTS,N
41212,J_NO_1,C12ZIONCRITICAL,N
41212,J_NO_1,C12SOLUTIONS,N
41212,J_NO_1,C12EQUALRIGHTS,N
41212,J_NO_1,C13ISRAELEVIDENCE,N
41212,J_NO_1,C13ISRAELINSTITUTIONS,N
41212,J_NO_1,C13ISRAELPOLICIES,N
41212,J_NO_1,C13ISRAELOPT,N
41212,J_NO_1,C13ISRAELREGION,N
41212,J_NO_1,C13ISRAELDISCRIMINATION,N
41212,J_NO_1,C13ISRAELNORMS,N
41212,J_NO_1,C13ISRAELCOMPARE,N
41212,J_NO_1,C14BDS,N
41212,J_NO_1,C15REASONABLE,N
41212,J_NO_1,C15DOUBLESTANDARD,N
6163,J_NO_1,C11PALESTINIANJUSTICE,N
6163,J_NO_1,C11PALESTINIANRIGHTS,N
6163,J_NO_1,C12ZIONCRITICAL,N
6163,J_NO_1,C12SOLUTIONS,N
6163,J_NO_1,C12EQUALRIGHTS,N
6163,J_NO_1,C13ISRAELEVIDENCE,N
6163,J_NO_1,C13ISRAELINSTITUTIONS,N
6163,J_NO_1,C13ISRAELPOLICIES,N
6163,J_NO_1,C13ISRAELOPT,N
6163,J_NO_1,C13ISRAELREGION,N
6163,J_NO_1,C13ISRAELDISCRIMINATION,N
6163,J_NO_1,C13ISRAELNORMS,N
6163,J_NO_1,C13ISRAELCOMPARE,N
6163,J_NO_1,C14BDS,N
6163,J_NO_1,C15REASONABLE,N
6163,J_NO_1,C15DOUBLESTANDARD,N
40840,J_NO_1,C11PALESTINIANJUSTICE,N
40840,J_NO_1,C11PALESTINIANRIGHTS,N
40840,J_NO_1,C12ZIONCRITICAL,N
40840,J_NO_1,C12SOLUTIONS,N
40840,J_NO_1,C12EQUALRIGHTS,N
40840,J_NO_1,C13ISRAELEVIDENCE,N
40840,J_NO_1,C13ISRAELINSTITUTIONS,N
40840,J_NO_1,C13ISRAELPOLICIES,N
40840,J_NO_1,C13ISRAELOPT,N
40840,J_NO_1,C13ISRAELREGION,N
40840,J_NO_1,C13ISRAELDISCRIMINATION,N
40840,J_NO_1,C13ISRAELNORMS,N
40840,J_NO_1,C13ISRAELCOMPARE,N
40840,J_NO_1,C14BDS,N
40840,J_NO_1,C15REASONABLE,N
40840,J_NO_1,C15DOUBLESTANDARD,N
45566,J_NO_1,C11PALESTINIANJUSTICE,N
45566,J_NO_1,C11PALESTINIANRIGHTS,N
45566,J_NO_1,C12ZIONCRITICAL,N
45566,J_NO_1,C12SOLUTIONS,N
45566,J_NO_1,C12EQUALRIGHTS,N
45566,J_NO_1,C13ISRAELEVIDENCE,N
45566,J_NO_1,C13ISRAELINSTITUTIONS,N
45566,J_NO_1,C13ISRAELPOLICIES,N
45566,J_NO_1,C13ISRAELOPT,N
45566,J_NO_1,C13ISRAELREGION,N
45566,J_NO_1,C13ISRAELDISCRIMINATION,N
45566,J_NO_1,C13ISRAELNORMS,N
45566,J_NO_1,C13ISRAELCOMPARE,N
45566,J_NO_1,C14BDS,N
45566,J_NO_1,C15REASONABLE,N
45566,J_NO_1,C15DOUBLESTANDARD,N
20708,J_NO_1,C11PALESTINIANJUSTICE,N
20708,J_NO_1,C11PALESTINIANRIGHTS,N
20708,J_NO_1,C12ZIONCRITICAL,N
20708,J_NO_1,C12SOLUTIONS,N
20708,J_NO_1,C12EQUALRIGHTS,N
20708,J_NO_1,C13ISRAELEVIDENCE,N
20708,J_NO_1,C13ISRAELINSTITUTIONS,N
20708,J_NO_1,C13ISRAELPOLICIES,N
20708,J_NO_1,C13ISRAELOPT,N
20708,J_NO_1,C13ISRAELREGION,N
20708,J_NO_1,C13ISRAELDISCRIMINATION,N
20708,J_NO_1,C13ISRAELNORMS,N
20708,J_NO_1,C13ISRAELCOMPARE,N
20708,J_NO_1,C14BDS,N
20708,J_NO_1,C15REASONABLE,N
20708,J_NO_1,C15DOUBLESTANDARD,N
10768,J_NO_1,C11PALESTINIANJUSTICE,N
10768,J_NO_1,C11PALESTINIANRIGHTS,N
10768,J_NO_1,C12ZIONCRITICAL,N
10768,J_NO_1,C12SOLUTIONS,N
10768,J_NO_1,C12EQUALRIGHTS,N
10768,J_NO_1,C13ISRAELEVIDENCE,N
10768,J_NO_1,C13ISRAELINSTITUTIONS,N
10768,J_NO_1,C13ISRAELPOLICIES,N
10768,J_NO_1,C13ISRAELOPT,N
10768,J_NO_1,C13ISRAELREGION,N
10768,J_NO_1,C13ISRAELDISCRIMINATION,N
10768,J_NO_1,C13ISRAELNORMS,N
10768,J_NO_1,C13ISRAELCOMPARE,N
10768,J_NO_1,C14BDS,N
10768,J_NO_1,C15REASONABLE,N
10768,J_NO_1,C15DOUBLESTANDARD,N
23278,J_NO_1,C11PALESTINIANJUSTICE,N
23278,J_NO_1,C11PALESTINIANRIGHTS,N
23278,J_NO_1,C12ZIONCRITICAL,N
23278,J_NO_1,C12SOLUTIONS,N
23278,J_NO_1,C12EQUALRIGHTS,N
23278,J_NO_1,C13ISRAELEVIDENCE,N
23278,J_NO_1,C13ISRAELINSTITUTIONS,N
23278,J_NO_1,C13ISRAELPOLICIES,N
23278,J_NO_1,C13ISRAELOPT,N
23278,J_NO_1,C13ISRAELREGION,N
23278,J_NO_1,C13ISRAELDISCRIMINATION,N
23278,J_NO_1,C13ISRAELNORMS,N
23278,J_NO_1,C13ISRAELCOMPARE,N
23278,J_NO_1,C14BDS,N
23278,J_NO_1,C15REASONABLE,N
23278,J_NO_1,C15DOUBLESTANDARD,N
34950,J_NO_1,C11PALESTINIANJUSTICE,N
34950,J_NO_1,C11PALESTINIANRIGHTS,N
34950,J_NO_1,C12ZIONCRITICAL,N
34950,J_NO_1,C12SOLUTIONS,N
34950,J_NO_1,C12EQUALRIGHTS,N
34950,J_NO_1,C13ISRAELEVIDENCE,N
34950,J_NO_1,C13ISRAELINSTITUTIONS,N
34950,J_NO_1,C13ISRAELPOLICIES,N
34950,J_NO_1,C13ISRAELOPT,N
34950,J_NO_1,C13ISRAELREGION,N
34950,J_NO_1,C13ISRAELDISCRIMINATION,N
34950,J_NO_1,C13ISRAELNORMS,N
34950,J_NO_1,C13ISRAELCOMPARE,N
34950,J_NO_1,C14BDS,N
34950,J_NO_1,C15REASONABLE,N
34950,J_NO_1,C15DOUBLESTANDARD,N
45694,J_NO_1,C11PALESTINIANJUSTICE,N
45694,J_NO_1,C11PALESTINIANRIGHTS,N
45694,J_NO_1,C12ZIONCRITICAL,N
45694,J_NO_1,C12SOLUTIONS,N
45694,J_NO_1,C12EQUALRIGHTS,N
45694,J_NO_1,C13ISRAELEVIDENCE,N
45694,J_NO_1,C13ISRAELINSTITUTIONS,N
45694,J_NO_1,C13ISRAELPOLICIES,N
45694,J_NO_1,C13ISRAELOPT,N
45694,J_NO_1,C13ISRAELREGION,N
45694,J_NO_1,C13ISRAELDISCRIMINATION,N
45694,J_NO_1,C13ISRAELNORMS,N
45694,J_NO_1,C13ISRAELCOMPARE,N
45694,J_NO_1,C14BDS,N
45694,J_NO_1,C15REASONABLE,N
45694,J_NO_1,C15DOUBLESTANDARD,N
43060,J_NO_1,C11PALESTINIANJUSTICE,N
43060,J_NO_1,C11PALESTINIANRIGHTS,N
43060,J_NO_1,C12ZIONCRITICAL,N
43060,J_NO_1,C12SOLUTIONS,N
43060,J_NO_1,C12EQUALRIGHTS,N
43060,J_NO_1,C13ISRAELEVIDENCE,N
43060,J_NO_1,C13ISRAELINSTITUTIONS,N
43060,J_NO_1,C13ISRAELPOLICIES,N
43060,J_NO_1,C13ISRAELOPT,N
43060,J_NO_1,C13ISRAELREGION,N
43060,J_NO_1,C13ISRAELDISCRIMINATION,N
43060,J_NO_1,C13ISRAELNORMS,N
43060,J_NO_1,C13ISRAELCOMPARE,N
43060,J_NO_1,C14BDS,N
43060,J_NO_1,C15REASONABLE,N
43060,J_NO_1,C15DOUBLESTANDARD,N
3464,J_NO_1,C11PALESTINIANJUSTICE,N
3464,J_NO_1,C11PALESTINIANRIGHTS,N
3464,J_NO_1,C12ZIONCRITICAL,N
3464,J_NO_1,C12SOLUTIONS,N
3464,J_NO_1,C12EQUALRIGHTS,N
3464,J_NO_1,C13ISRAELEVIDENCE,N
3464,J_NO_1,C13ISRAELINSTITUTIONS,N
3464,J_NO_1,C13ISRAELPOLICIES,N
3464,J_NO_1,C13ISRAELOPT,N
3464,J_NO_1,C13ISRAELREGION,N
3464,J_NO_1,C13ISRAELDISCRIMINATION,N
3464,J_NO_1,C13ISRAELNORMS,N
3464,J_NO_1,C13ISRAELCOMPARE,N
3464,J_NO_1,C14BDS,N
3464,J_NO_1,C15REASONABLE,N
3464,J_NO_1,C15DOUBLESTANDARD,N
4237,J_NO_1,C11PALESTINIANJUSTICE,N
4237,J_NO_1,C11PALESTINIANRIGHTS,N
4237,J_NO_1,C12ZIONCRITICAL,N
4237,J_NO_1,C12SOLUTIONS,N
4237,J_NO_1,C12EQUALRIGHTS,N
4237,J_NO_1,C13ISRAELEVIDENCE,N
4237,J_NO_1,C13ISRAELINSTITUTIONS,N
4237,J_NO_1,C13ISRAELPOLICIES,N
4237,J_NO_1,C13ISRAELOPT,N
4237,J_NO_1,C13ISRAELREGION,N
4237,J_NO_1,C13ISRAELDISCRIMINATION,N
4237,J_NO_1,C13ISRAELNORMS,N
4237,J_NO_1,C13ISRAELCOMPARE,N
4237,J_NO_1,C14BDS,N
4237,J_NO_1,C15REASONABLE,N
4237,J_NO_1,C15DOUBLESTANDARD,N
23955,J_NO_1,C11PALESTINIANJUSTICE,N
23955,J_NO_1,C11PALESTINIANRIGHTS,N
23955,J_NO_1,C12ZIONCRITICAL,N
23955,J_NO_1,C12SOLUTIONS,N
23955,J_NO_1,C12EQUALRIGHTS,N
23955,J_NO_1,C13ISRAELEVIDENCE,N
23955,J_NO_1,C13ISRAELINSTITUTIONS,N
23955,J_NO_1,C13ISRAELPOLICIES,N
23955,J_NO_1,C13ISRAELOPT,N
23955,J_NO_1,C13ISRAELREGION,N
23955,J_NO_1,C13ISRAELDISCRIMINATION,N
23955,J_NO_1,C13ISRAELNORMS,N
23955,J_NO_1,C13ISRAELCOMPARE,N
23955,J_NO_1,C14BDS,N
23955,J_NO_1,C15REASONABLE,N
23955,J_NO_1,C15DOUBLESTANDARD,N
10405,J_NO_1,C11PALESTINIANJUSTICE,N
10405,J_NO_1,C11PALESTINIANRIGHTS,N
10405,J_NO_1,C12ZIONCRITICAL,N
10405,J_NO_1,C12SOLUTIONS,N
10405,J_NO_1,C12EQUALRIGHTS,N
10405,J_NO_1,C13ISRAELEVIDENCE,N
10405,J_NO_1,C13ISRAELINSTITUTIONS,N
10405,J_NO_1,C13ISRAELPOLICIES,N
10405,J_NO_1,C13ISRAELOPT,N
10405,J_NO_1,C13ISRAELREGION,N
10405,J_NO_1,C13ISRAELDISCRIMINATION,N
10405,J_NO_1,C13ISRAELNORMS,N
10405,J_NO_1,C13ISRAELCOMPARE,N
10405,J_NO_1,C14BDS,N
10405,J_NO_1,C15REASONABLE,N
10405,J_NO_1,C15DOUBLESTANDARD,N
36633,J_NO_1,C11PALESTINIANJUSTICE,N
36633,J_NO_1,C11PALESTINIANRIGHTS,N
36633,J_NO_1,C12ZIONCRITICAL,N
36633,J_NO_1,C12SOLUTIONS,N
36633,J_NO_1,C12EQUALRIGHTS,N
36633,J_NO_1,C13ISRAELEVIDENCE,N
36633,J_NO_1,C13ISRAELINSTITUTIONS,N
36633,J_NO_1,C13ISRAELPOLICIES,N
36633,J_NO_1,C13ISRAELOPT,N
36633,J_NO_1,C13ISRAELREGION,N
36633,J_NO_1,C13ISRAELDISCRIMINATION,N
36633,J_NO_1,C13ISRAELNORMS,N
36633,J_NO_1,C13ISRAELCOMPARE,N
36633,J_NO_1,C14BDS,N
36633,J_NO_1,C15REASONABLE,N
36633,J_NO_1,C15DOUBLESTANDARD,E
40679,J_NO_1,C11PALESTINIANJUSTICE,N
40679,J_NO_1,C11PALESTINIANRIGHTS,N
40679,J_NO_1,C12ZIONCRITICAL,N
40679,J_NO_1,C12SOLUTIONS,N
40679,J_NO_1,C12EQUALRIGHTS,N
40679,J_NO_1,C13ISRAELEVIDENCE,N
40679,J_NO_1,C13ISRAELINSTITUTIONS,N
40679,J_NO_1,C13ISRAELPOLICIES,N
40679,J_NO_1,C13ISRAELOPT,N
40679,J_NO_1,C13ISRAELREGION,N
40679,J_NO_1,C13ISRAELDISCRIMINATION,N
40679,J_NO_1,C13ISRAELNORMS,N
40679,J_NO_1,C13ISRAELCOMPARE,N
40679,J_NO_1,C14BDS,N
40679,J_NO_1,C15REASONABLE,N
40679,J_NO_1,C15DOUBLESTANDARD,N
21534,J_NO_1,C11PALESTINIANJUSTICE,N
21534,J_NO_1,C11PALESTINIANRIGHTS,N
21534,J_NO_1,C12ZIONCRITICAL,N
21534,J_NO_1,C12SOLUTIONS,N
21534,J_NO_1,C12EQUALRIGHTS,N
21534,J_NO_1,C13ISRAELEVIDENCE,N
21534,J_NO_1,C13ISRAELINSTITUTIONS,N
21534,J_NO_1,C13ISRAELPOLICIES,N
21534,J_NO_1,C13ISRAELOPT,N
21534,J_NO_1,C13ISRAELREGION,N
21534,J_NO_1,C13ISRAELDISCRIMINATION,N
21534,J_NO_1,C13ISRAELNORMS,N
21534,J_NO_1,C13ISRAELCOMPARE,N
21534,J_NO_1,C14BDS,N
21534,J_NO_1,C15REASONABLE,N
21534,J_NO_1,C15DOUBLESTANDARD,N
30046,J_NO_1,C11PALESTINIANJUSTICE,N
30046,J_NO_1,C11PALESTINIANRIGHTS,N
30046,J_NO_1,C12ZIONCRITICAL,N
30046,J_NO_1,C12SOLUTIONS,N
30046,J_NO_1,C12EQUALRIGHTS,N
30046,J_NO_1,C13ISRAELEVIDENCE,N
30046,J_NO_1,C13ISRAELINSTITUTIONS,N
30046,J_NO_1,C13ISRAELPOLICIES,N
30046,J_NO_1,C13ISRAELOPT,N
30046,J_NO_1,C13ISRAELREGION,N
30046,J_NO_1,C13ISRAELDISCRIMINATION,N
30046,J_NO_1,C13ISRAELNORMS,N
30046,J_NO_1,C13ISRAELCOMPARE,N
30046,J_NO_1,C14BDS,N
30046,J_NO_1,C15REASONABLE,N
30046,J_NO_1,C15DOUBLESTANDARD,N
16868,J_NO_1,C11PALESTINIANJUSTICE,N
16868,J_NO_1,C11PALESTINIANRIGHTS,N
16868,J_NO_1,C12ZIONCRITICAL,N
16868,J_NO_1,C12SOLUTIONS,N
16868,J_NO_1,C12EQUALRIGHTS,N
16868,J_NO_1,C13ISRAELEVIDENCE,N
16868,J_NO_1,C13ISRAELINSTITUTIONS,N
16868,J_NO_1,C13ISRAELPOLICIES,N
16868,J_NO_1,C13ISRAELOPT,N
16868,J_NO_1,C13ISRAELREGION,N
16868,J_NO_1,C13ISRAELDISCRIMINATION,N
16868,J_NO_1,C13ISRAELNORMS,N
16868,J_NO_1,C13ISRAELCOMPARE,N
16868,J_NO_1,C14BDS,N
16868,J_NO_1,C15REASONABLE,N
16868,J_NO_1,C15DOUBLESTANDARD,N
30299,J_NO_1,C11PALESTINIANJUSTICE,N
30299,J_NO_1,C11PALESTINIANRIGHTS,N
30299,J_NO_1,C12ZIONCRITICAL,N
30299,J_NO_1,C12SOLUTIONS,N
30299,J_NO_1,C12EQUALRIGHTS,N
30299,J_NO_1,C13ISRAELEVIDENCE,N
30299,J_NO_1,C13ISRAELINSTITUTIONS,N
30299,J_NO_1,C13ISRAELPOLICIES,N
30299,J_NO_1,C13ISRAELOPT,N
30299,J_NO_1,C13ISRAELREGION,N
30299,J_NO_1,C13ISRAELDISCRIMINATION,N
30299,J_NO_1,C13ISRAELNORMS,N
30299,J_NO_1,C13ISRAELCOMPARE,N
30299,J_NO_1,C14BDS,N
30299,J_NO_1,C15REASONABLE,N
30299,J_NO_1,C15DOUBLESTANDARD,N
43209,J_NO_1,PARSE_ERROR,Expecting value: line 1 column 1 (char 0)
45151,J_NO_1,C11PALESTINIANJUSTICE,N
45151,J_NO_1,C11PALESTINIANRIGHTS,N
45151,J_NO_1,C12ZIONCRITICAL,N
45151,J_NO_1,C12SOLUTIONS,N
45151,J_NO_1,C12EQUALRIGHTS,N
45151,J_NO_1,C13ISRAELEVIDENCE,N
45151,J_NO_1,C13ISRAELINSTITUTIONS,N
45151,J_NO_1,C13ISRAELPOLICIES,N
45151,J_NO_1,C13ISRAELOPT,N
45151,J_NO_1,C13ISRAELREGION,N
45151,J_NO_1,C13ISRAELDISCRIMINATION,N
45151,J_NO_1,C13ISRAELNORMS,N
45151,J_NO_1,C13ISRAELCOMPARE,N
45151,J_NO_1,C14BDS,N
45151,J_NO_1,C15REASONABLE,N
45151,J_NO_1,C15DOUBLESTANDARD,N
10757,J_NO_1,C11PALESTINIANJUSTICE,N
10757,J_NO_1,C11PALESTINIANRIGHTS,N
10757,J_NO_1,C12ZIONCRITICAL,N
10757,J_NO_1,C12SOLUTIONS,N
10757,J_NO_1,C12EQUALRIGHTS,N
10757,J_NO_1,C13ISRAELEVIDENCE,N
10757,J_NO_1,C13ISRAELINSTITUTIONS,N
10757,J_NO_1,C13ISRAELPOLICIES,N
10757,J_NO_1,C13ISRAELOPT,N
10757,J_NO_1,C13ISRAELREGION,N
10757,J_NO_1,C13ISRAELDISCRIMINATION,N
10757,J_NO_1,C13ISRAELNORMS,N
10757,J_NO_1,C13ISRAELCOMPARE,N
10757,J_NO_1,C14BDS,N
10757,J_NO_1,C15REASONABLE,N
10757,J_NO_1,C15DOUBLESTANDARD,N
14936,J_NO_1,C11PALESTINIANJUSTICE,N
14936,J_NO_1,C11PALESTINIANRIGHTS,N
14936,J_NO_1,C12ZIONCRITICAL,N
14936,J_NO_1,C12SOLUTIONS,N
14936,J_NO_1,C12EQUALRIGHTS,N
14936,J_NO_1,C13ISRAELEVIDENCE,N
14936,J_NO_1,C13ISRAELINSTITUTIONS,N
14936,J_NO_1,C13ISRAELPOLICIES,N
14936,J_NO_1,C13ISRAELOPT,N
14936,J_NO_1,C13ISRAELREGION,N
14936,J_NO_1,C13ISRAELDISCRIMINATION,N
14936,J_NO_1,C13ISRAELNORMS,N
14936,J_NO_1,C13ISRAELCOMPARE,N
14936,J_NO_1,C14BDS,N
14936,J_NO_1,C15REASONABLE,N
14936,J_NO_1,C15DOUBLESTANDARD,N
22308,J_NO_1,C11PALESTINIANJUSTICE,N
22308,J_NO_1,C11PALESTINIANRIGHTS,N
22308,J_NO_1,C12ZIONCRITICAL,N
22308,J_NO_1,C12SOLUTIONS,N
22308,J_NO_1,C12EQUALRIGHTS,N
22308,J_NO_1,C13ISRAELEVIDENCE,N
22308,J_NO_1,C13ISRAELINSTITUTIONS,N
22308,J_NO_1,C13ISRAELPOLICIES,N
22308,J_NO_1,C13ISRAELOPT,N
22308,J_NO_1,C13ISRAELREGION,N
22308,J_NO_1,C13ISRAELDISCRIMINATION,N
22308,J_NO_1,C13ISRAELNORMS,N
22308,J_NO_1,C13ISRAELCOMPARE,N
22308,J_NO_1,C14BDS,N
22308,J_NO_1,C15REASONABLE,N
22308,J_NO_1,C15DOUBLESTANDARD,N
28195,J_NO_1,C11PALESTINIANJUSTICE,N
28195,J_NO_1,C11PALESTINIANRIGHTS,N
28195,J_NO_1,C12ZIONCRITICAL,N
28195,J_NO_1,C12SOLUTIONS,N
28195,J_NO_1,C12EQUALRIGHTS,N
28195,J_NO_1,C13ISRAELEVIDENCE,N
28195,J_NO_1,C13ISRAELINSTITUTIONS,N
28195,J_NO_1,C13ISRAELPOLICIES,N
28195,J_NO_1,C13ISRAELOPT,N
28195,J_NO_1,C13ISRAELREGION,N
28195,J_NO_1,C13ISRAELDISCRIMINATION,N
28195,J_NO_1,C13ISRAELNORMS,N
28195,J_NO_1,C13ISRAELCOMPARE,N
28195,J_NO_1,C14BDS,N
28195,J_NO_1,C15REASONABLE,N
28195,J_NO_1,C15DOUBLESTANDARD,N
23296,J_NO_1,C11PALESTINIANJUSTICE,N
23296,J_NO_1,C11PALESTINIANRIGHTS,N
23296,J_NO_1,C12ZIONCRITICAL,N
23296,J_NO_1,C12SOLUTIONS,N
23296,J_NO_1,C12EQUALRIGHTS,N
23296,J_NO_1,C13ISRAELEVIDENCE,N
23296,J_NO_1,C13ISRAELINSTITUTIONS,N
23296,J_NO_1,C13ISRAELPOLICIES,N
23296,J_NO_1,C13ISRAELOPT,N
23296,J_NO_1,C13ISRAELREGION,N
23296,J_NO_1,C13ISRAELDISCRIMINATION,N
23296,J_NO_1,C13ISRAELNORMS,N
23296,J_NO_1,C13ISRAELCOMPARE,N
23296,J_NO_1,C14BDS,N
23296,J_NO_1,C15REASONABLE,N
23296,J_NO_1,C15DOUBLESTANDARD,N
49186,J_NO_1,C11PALESTINIANJUSTICE,N
49186,J_NO_1,C11PALESTINIANRIGHTS,N
49186,J_NO_1,C12ZIONCRITICAL,N
49186,J_NO_1,C12SOLUTIONS,N
49186,J_NO_1,C12EQUALRIGHTS,N
49186,J_NO_1,C13ISRAELEVIDENCE,N
49186,J_NO_1,C13ISRAELINSTITUTIONS,N
49186,J_NO_1,C13ISRAELPOLICIES,N
49186,J_NO_1,C13ISRAELOPT,N
49186,J_NO_1,C13ISRAELREGION,N
49186,J_NO_1,C13ISRAELDISCRIMINATION,N
49186,J_NO_1,C13ISRAELNORMS,N
49186,J_NO_1,C13ISRAELCOMPARE,N
49186,J_NO_1,C14BDS,N
49186,J_NO_1,C15REASONABLE,N
49186,J_NO_1,C15DOUBLESTANDARD,N
1981,J_NO_1,C11PALESTINIANJUSTICE,N
1981,J_NO_1,C11PALESTINIANRIGHTS,N
1981,J_NO_1,C12ZIONCRITICAL,N
1981,J_NO_1,C12SOLUTIONS,N
1981,J_NO_1,C12EQUALRIGHTS,N
1981,J_NO_1,C13ISRAELEVIDENCE,N
1981,J_NO_1,C13ISRAELINSTITUTIONS,N
1981,J_NO_1,C13ISRAELPOLICIES,N
1981,J_NO_1,C13ISRAELOPT,N
1981,J_NO_1,C13ISRAELREGION,N
1981,J_NO_1,C13ISRAELDISCRIMINATION,N
1981,J_NO_1,C13ISRAELNORMS,N
1981,J_NO_1,C13ISRAELCOMPARE,N
1981,J_NO_1,C14BDS,N
1981,J_NO_1,C15REASONABLE,N
1981,J_NO_1,C15DOUBLESTANDARD,N
2683,J_NO_1,C11PALESTINIANJUSTICE,N
2683,J_NO_1,C11PALESTINIANRIGHTS,N
2683,J_NO_1,C12ZIONCRITICAL,N
2683,J_NO_1,C12SOLUTIONS,N
2683,J_NO_1,C12EQUALRIGHTS,N
2683,J_NO_1,C13ISRAELEVIDENCE,N
2683,J_NO_1,C13ISRAELINSTITUTIONS,N
2683,J_NO_1,C13ISRAELPOLICIES,N
2683,J_NO_1,C13ISRAELOPT,N
2683,J_NO_1,C13ISRAELREGION,N
2683,J_NO_1,C13ISRAELDISCRIMINATION,N
2683,J_NO_1,C13ISRAELNORMS,N
2683,J_NO_1,C13ISRAELCOMPARE,N
2683,J_NO_1,C14BDS,N
2683,J_NO_1,C15REASONABLE,N
2683,J_NO_1,C15DOUBLESTANDARD,N
41952,J_NO_1,C11PALESTINIANJUSTICE,N
41952,J_NO_1,C11PALESTINIANRIGHTS,N
41952,J_NO_1,C12ZIONCRITICAL,N
41952,J_NO_1,C12SOLUTIONS,N
41952,J_NO_1,C12EQUALRIGHTS,N
41952,J_NO_1,C13ISRAELEVIDENCE,N
41952,J_NO_1,C13ISRAELINSTITUTIONS,N
41952,J_NO_1,C13ISRAELPOLICIES,N
41952,J_NO_1,C13ISRAELOPT,N
41952,J_NO_1,C13ISRAELREGION,N
41952,J_NO_1,C13ISRAELDISCRIMINATION,N
41952,J_NO_1,C13ISRAELNORMS,N
41952,J_NO_1,C13ISRAELCOMPARE,N
41952,J_NO_1,C14BDS,N
41952,J_NO_1,C15REASONABLE,N
41952,J_NO_1,C15DOUBLESTANDARD,N
26715,J_NO_1,C11PALESTINIANJUSTICE,N
26715,J_NO_1,C11PALESTINIANRIGHTS,N
26715,J_NO_1,C12ZIONCRITICAL,N
26715,J_NO_1,C12SOLUTIONS,N
26715,J_NO_1,C12EQUALRIGHTS,N
26715,J_NO_1,C13ISRAELEVIDENCE,N
26715,J_NO_1,C13ISRAELINSTITUTIONS,N
26715,J_NO_1,C13ISRAELPOLICIES,N
26715,J_NO_1,C13ISRAELOPT,N
26715,J_NO_1,C13ISRAELREGION,N
26715,J_NO_1,C13ISRAELDISCRIMINATION,N
26715,J_NO_1,C13ISRAELNORMS,N
26715,J_NO_1,C13ISRAELCOMPARE,N
26715,J_NO_1,C14BDS,N
26715,J_NO_1,C15REASONABLE,N
26715,J_NO_1,C15DOUBLESTANDARD,N
4467,J_NO_1,C11PALESTINIANJUSTICE,N
4467,J_NO_1,C11PALESTINIANRIGHTS,N
4467,J_NO_1,C12ZIONCRITICAL,N
4467,J_NO_1,C12SOLUTIONS,N
4467,J_NO_1,C12EQUALRIGHTS,N
4467,J_NO_1,C13ISRAELEVIDENCE,N
4467,J_NO_1,C13ISRAELINSTITUTIONS,N
4467,J_NO_1,C13ISRAELPOLICIES,N
4467,J_NO_1,C13ISRAELOPT,N
4467,J_NO_1,C13ISRAELREGION,N
4467,J_NO_1,C13ISRAELDISCRIMINATION,N
4467,J_NO_1,C13ISRAELNORMS,N
4467,J_NO_1,C13ISRAELCOMPARE,N
4467,J_NO_1,C14BDS,N
4467,J_NO_1,C15REASONABLE,N
4467,J_NO_1,C15DOUBLESTANDARD,N
13036,J_NO_1,C11PALESTINIANJUSTICE,N
13036,J_NO_1,C11PALESTINIANRIGHTS,N
13036,J_NO_1,C12ZIONCRITICAL,N
13036,J_NO_1,C12SOLUTIONS,N
13036,J_NO_1,C12EQUALRIGHTS,N
13036,J_NO_1,C13ISRAELEVIDENCE,N
13036,J_NO_1,C13ISRAELINSTITUTIONS,N
13036,J_NO_1,C13ISRAELPOLICIES,N
13036,J_NO_1,C13ISRAELOPT,N
13036,J_NO_1,C13ISRAELREGION,N
13036,J_NO_1,C13ISRAELDISCRIMINATION,N
13036,J_NO_1,C13ISRAELNORMS,N
13036,J_NO_1,C13ISRAELCOMPARE,N
13036,J_NO_1,C14BDS,N
13036,J_NO_1,C15REASONABLE,N
13036,J_NO_1,C15DOUBLESTANDARD,N
8310,J_NO_1,C11PALESTINIANJUSTICE,N
8310,J_NO_1,C11PALESTINIANRIGHTS,N
8310,J_NO_1,C12ZIONCRITICAL,N
8310,J_NO_1,C12SOLUTIONS,N
8310,J_NO_1,C12EQUALRIGHTS,N
8310,J_NO_1,C13ISRAELEVIDENCE,N
8310,J_NO_1,C13ISRAELINSTITUTIONS,N
8310,J_NO_1,C13ISRAELPOLICIES,N
8310,J_NO_1,C13ISRAELOPT,N
8310,J_NO_1,C13ISRAELREGION,N
8310,J_NO_1,C13ISRAELDISCRIMINATION,N
8310,J_NO_1,C13ISRAELNORMS,N
8310,J_NO_1,C13ISRAELCOMPARE,N
8310,J_NO_1,C14BDS,N
8310,J_NO_1,C15REASONABLE,N
8310,J_NO_1,C15DOUBLESTANDARD,N
40413,J_NO_1,C11PALESTINIANJUSTICE,N
40413,J_NO_1,C11PALESTINIANRIGHTS,N
40413,J_NO_1,C12ZIONCRITICAL,N
40413,J_NO_1,C12SOLUTIONS,N
40413,J_NO_1,C12EQUALRIGHTS,N
40413,J_NO_1,C13ISRAELEVIDENCE,N
40413,J_NO_1,C13ISRAELINSTITUTIONS,N
40413,J_NO_1,C13ISRAELPOLICIES,N
40413,J_NO_1,C13ISRAELOPT,N
40413,J_NO_1,C13ISRAELREGION,N
40413,J_NO_1,C13ISRAELDISCRIMINATION,N
40413,J_NO_1,C13ISRAELNORMS,N
40413,J_NO_1,C13ISRAELCOMPARE,N
40413,J_NO_1,C14BDS,N
40413,J_NO_1,C15REASONABLE,N
40413,J_NO_1,C15DOUBLESTANDARD,N
13490,J_NO_1,C11PALESTINIANJUSTICE,N
13490,J_NO_1,C11PALESTINIANRIGHTS,N
13490,J_NO_1,C12ZIONCRITICAL,N
13490,J_NO_1,C12SOLUTIONS,N
13490,J_NO_1,C12EQUALRIGHTS,N
13490,J_NO_1,C13ISRAELEVIDENCE,N
13490,J_NO_1,C13ISRAELINSTITUTIONS,N
13490,J_NO_1,C13ISRAELPOLICIES,N
13490,J_NO_1,C13ISRAELOPT,N
13490,J_NO_1,C13ISRAELREGION,N
13490,J_NO_1,C13ISRAELDISCRIMINATION,N
13490,J_NO_1,C13ISRAELNORMS,N
13490,J_NO_1,C13ISRAELCOMPARE,N
13490,J_NO_1,C14BDS,N
13490,J_NO_1,C15REASONABLE,N
13490,J_NO_1,C15DOUBLESTANDARD,N
14314,J_NO_1,C11PALESTINIANJUSTICE,N
14314,J_NO_1,C11PALESTINIANRIGHTS,N
14314,J_NO_1,C12ZIONCRITICAL,N
14314,J_NO_1,C12SOLUTIONS,N
14314,J_NO_1,C12EQUALRIGHTS,N
14314,J_NO_1,C13ISRAELEVIDENCE,N
14314,J_NO_1,C13ISRAELINSTITUTIONS,N
14314,J_NO_1,C13ISRAELPOLICIES,N
14314,J_NO_1,C13ISRAELOPT,N
14314,J_NO_1,C13ISRAELREGION,N
14314,J_NO_1,C13ISRAELDISCRIMINATION,N
14314,J_NO_1,C13ISRAELNORMS,N
14314,J_NO_1,C13ISRAELCOMPARE,N
14314,J_NO_1,C14BDS,N
14314,J_NO_1,C15REASONABLE,N
14314,J_NO_1,C15DOUBLESTANDARD,N
28168,J_NO_1,C11PALESTINIANJUSTICE,N
28168,J_NO_1,C11PALESTINIANRIGHTS,N
28168,J_NO_1,C12ZIONCRITICAL,N
28168,J_NO_1,C12SOLUTIONS,N
28168,J_NO_1,C12EQUALRIGHTS,N
28168,J_NO_1,C13ISRAELEVIDENCE,N
28168,J_NO_1,C13ISRAELINSTITUTIONS,N
28168,J_NO_1,C13ISRAELPOLICIES,N
28168,J_NO_1,C13ISRAELOPT,N
28168,J_NO_1,C13ISRAELREGION,N
28168,J_NO_1,C13ISRAELDISCRIMINATION,N
28168,J_NO_1,C13ISRAELNORMS,N
28168,J_NO_1,C13ISRAELCOMPARE,N
28168,J_NO_1,C14BDS,N
28168,J_NO_1,C15REASONABLE,N
28168,J_NO_1,C15DOUBLESTANDARD,N
29676,J_NO_1,C11PALESTINIANJUSTICE,N
29676,J_NO_1,C11PALESTINIANRIGHTS,N
29676,J_NO_1,C12ZIONCRITICAL,N
29676,J_NO_1,C12SOLUTIONS,N
29676,J_NO_1,C12EQUALRIGHTS,N
29676,J_NO_1,C13ISRAELEVIDENCE,N
29676,J_NO_1,C13ISRAELINSTITUTIONS,N
29676,J_NO_1,C13ISRAELPOLICIES,N
29676,J_NO_1,C13ISRAELOPT,N
29676,J_NO_1,C13ISRAELREGION,N
29676,J_NO_1,C13ISRAELDISCRIMINATION,N
29676,J_NO_1,C13ISRAELNORMS,N
29676,J_NO_1,C13ISRAELCOMPARE,N
29676,J_NO_1,C14BDS,N
29676,J_NO_1,C15REASONABLE,N
29676,J_NO_1,C15DOUBLESTANDARD,N
29888,J_NO_1,C11PALESTINIANJUSTICE,N
29888,J_NO_1,C11PALESTINIANRIGHTS,N
29888,J_NO_1,C12ZIONCRITICAL,N
29888,J_NO_1,C12SOLUTIONS,N
29888,J_NO_1,C12EQUALRIGHTS,N
29888,J_NO_1,C13ISRAELEVIDENCE,N
29888,J_NO_1,C13ISRAELINSTITUTIONS,N
29888,J_NO_1,C13ISRAELPOLICIES,N
29888,J_NO_1,C13ISRAELOPT,N
29888,J_NO_1,C13ISRAELREGION,N
29888,J_NO_1,C13ISRAELDISCRIMINATION,N
29888,J_NO_1,C13ISRAELNORMS,N
29888,J_NO_1,C13ISRAELCOMPARE,N
29888,J_NO_1,C14BDS,N
29888,J_NO_1,C15REASONABLE,N
29888,J_NO_1,C15DOUBLESTANDARD,N
2553,J_NO_1,C11PALESTINIANJUSTICE,N
2553,J_NO_1,C11PALESTINIANRIGHTS,N
2553,J_NO_1,C12ZIONCRITICAL,N
2553,J_NO_1,C12SOLUTIONS,N
2553,J_NO_1,C12EQUALRIGHTS,N
2553,J_NO_1,C13ISRAELEVIDENCE,N
2553,J_NO_1,C13ISRAELINSTITUTIONS,N
2553,J_NO_1,C13ISRAELPOLICIES,N
2553,J_NO_1,C13ISRAELOPT,N
2553,J_NO_1,C13ISRAELREGION,N
2553,J_NO_1,C13ISRAELDISCRIMINATION,N
2553,J_NO_1,C13ISRAELNORMS,N
2553,J_NO_1,C13ISRAELCOMPARE,N
2553,J_NO_1,C14BDS,N
2553,J_NO_1,C15REASONABLE,N
2553,J_NO_1,C15DOUBLESTANDARD,N
37170,J_NO_1,C11PALESTINIANJUSTICE,N
37170,J_NO_1,C11PALESTINIANRIGHTS,N
37170,J_NO_1,C12ZIONCRITICAL,I
37170,J_NO_1,C12SOLUTIONS,N
37170,J_NO_1,C12EQUALRIGHTS,N
37170,J_NO_1,C13ISRAELEVIDENCE,N
37170,J_NO_1,C13ISRAELINSTITUTIONS,N
37170,J_NO_1,C13ISRAELPOLICIES,N
37170,J_NO_1,C13ISRAELOPT,N
37170,J_NO_1,C13ISRAELREGION,N
37170,J_NO_1,C13ISRAELDISCRIMINATION,N
37170,J_NO_1,C13ISRAELNORMS,N
37170,J_NO_1,C13ISRAELCOMPARE,N
37170,J_NO_1,C14BDS,N
37170,J_NO_1,C15REASONABLE,N
37170,J_NO_1,C15DOUBLESTANDARD,N
15820,J_NO_1,C11PALESTINIANJUSTICE,N
15820,J_NO_1,C11PALESTINIANRIGHTS,N
15820,J_NO_1,C12ZIONCRITICAL,N
15820,J_NO_1,C12SOLUTIONS,N
15820,J_NO_1,C12EQUALRIGHTS,N
15820,J_NO_1,C13ISRAELEVIDENCE,N
15820,J_NO_1,C13ISRAELINSTITUTIONS,N
15820,J_NO_1,C13ISRAELPOLICIES,N
15820,J_NO_1,C13ISRAELOPT,N
15820,J_NO_1,C13ISRAELREGION,N
15820,J_NO_1,C13ISRAELDISCRIMINATION,N
15820,J_NO_1,C13ISRAELNORMS,N
15820,J_NO_1,C13ISRAELCOMPARE,N
15820,J_NO_1,C14BDS,N
15820,J_NO_1,C15REASONABLE,N
15820,J_NO_1,C15DOUBLESTANDARD,N
47462,J_NO_1,C11PALESTINIANJUSTICE,N
47462,J_NO_1,C11PALESTINIANRIGHTS,N
47462,J_NO_1,C12ZIONCRITICAL,N
47462,J_NO_1,C12SOLUTIONS,N
47462,J_NO_1,C12EQUALRIGHTS,N
47462,J_NO_1,C13ISRAELEVIDENCE,N
47462,J_NO_1,C13ISRAELINSTITUTIONS,N
47462,J_NO_1,C13ISRAELPOLICIES,N
47462,J_NO_1,C13ISRAELOPT,N
47462,J_NO_1,C13ISRAELREGION,N
47462,J_NO_1,C13ISRAELDISCRIMINATION,N
47462,J_NO_1,C13ISRAELNORMS,N
47462,J_NO_1,C13ISRAELCOMPARE,N
47462,J_NO_1,C14BDS,N
47462,J_NO_1,C15REASONABLE,N
47462,J_NO_1,C15DOUBLESTANDARD,N
20800,J_NO_1,C11PALESTINIANJUSTICE,N
20800,J_NO_1,C11PALESTINIANRIGHTS,N
20800,J_NO_1,C12ZIONCRITICAL,N
20800,J_NO_1,C12SOLUTIONS,N
20800,J_NO_1,C12EQUALRIGHTS,N
20800,J_NO_1,C13ISRAELEVIDENCE,N
20800,J_NO_1,C13ISRAELINSTITUTIONS,N
20800,J_NO_1,C13ISRAELPOLICIES,N
20800,J_NO_1,C13ISRAELOPT,N
20800,J_NO_1,C13ISRAELREGION,N
20800,J_NO_1,C13ISRAELDISCRIMINATION,N
20800,J_NO_1,C13ISRAELNORMS,N
20800,J_NO_1,C13ISRAELCOMPARE,N
20800,J_NO_1,C14BDS,N
20800,J_NO_1,C15REASONABLE,N
20800,J_NO_1,C15DOUBLESTANDARD,N
29933,J_NO_1,C11PALESTINIANJUSTICE,N
29933,J_NO_1,C11PALESTINIANRIGHTS,N
29933,J_NO_1,C12ZIONCRITICAL,N
29933,J_NO_1,C12SOLUTIONS,N
29933,J_NO_1,C12EQUALRIGHTS,N
29933,J_NO_1,C13ISRAELEVIDENCE,N
29933,J_NO_1,C13ISRAELINSTITUTIONS,N
29933,J_NO_1,C13ISRAELPOLICIES,N
29933,J_NO_1,C13ISRAELOPT,N
29933,J_NO_1,C13ISRAELREGION,N
29933,J_NO_1,C13ISRAELDISCRIMINATION,N
29933,J_NO_1,C13ISRAELNORMS,N
29933,J_NO_1,C13ISRAELCOMPARE,N
29933,J_NO_1,C14BDS,N
29933,J_NO_1,C15REASONABLE,N
29933,J_NO_1,C15DOUBLESTANDARD,N
8387,J_NO_1,C11PALESTINIANJUSTICE,N
8387,J_NO_1,C11PALESTINIANRIGHTS,N
8387,J_NO_1,C12ZIONCRITICAL,N
8387,J_NO_1,C12SOLUTIONS,N
8387,J_NO_1,C12EQUALRIGHTS,N
8387,J_NO_1,C13ISRAELEVIDENCE,N
8387,J_NO_1,C13ISRAELINSTITUTIONS,N
8387,J_NO_1,C13ISRAELPOLICIES,N
8387,J_NO_1,C13ISRAELOPT,N
8387,J_NO_1,C13ISRAELREGION,N
8387,J_NO_1,C13ISRAELDISCRIMINATION,N
8387,J_NO_1,C13ISRAELNORMS,N
8387,J_NO_1,C13ISRAELCOMPARE,N
8387,J_NO_1,C14BDS,N
8387,J_NO_1,C15REASONABLE,N
8387,J_NO_1,C15DOUBLESTANDARD,N
48794,J_NO_1,C11PALESTINIANJUSTICE,N
48794,J_NO_1,C11PALESTINIANRIGHTS,N
48794,J_NO_1,C12ZIONCRITICAL,N
48794,J_NO_1,C12SOLUTIONS,N
48794,J_NO_1,C12EQUALRIGHTS,N
48794,J_NO_1,C13ISRAELEVIDENCE,N
48794,J_NO_1,C13ISRAELINSTITUTIONS,N
48794,J_NO_1,C13ISRAELPOLICIES,N
48794,J_NO_1,C13ISRAELOPT,N
48794,J_NO_1,C13ISRAELREGION,N
48794,J_NO_1,C13ISRAELDISCRIMINATION,N
48794,J_NO_1,C13ISRAELNORMS,N
48794,J_NO_1,C13ISRAELCOMPARE,N
48794,J_NO_1,C14BDS,N
48794,J_NO_1,C15REASONABLE,N
48794,J_NO_1,C15DOUBLESTANDARD,N
35420,J_NO_1,C11PALESTINIANJUSTICE,N
35420,J_NO_1,C11PALESTINIANRIGHTS,N
35420,J_NO_1,C12ZIONCRITICAL,N
35420,J_NO_1,C12SOLUTIONS,N
35420,J_NO_1,C12EQUALRIGHTS,N
35420,J_NO_1,C13ISRAELEVIDENCE,N
35420,J_NO_1,C13ISRAELINSTITUTIONS,N
35420,J_NO_1,C13ISRAELPOLICIES,N
35420,J_NO_1,C13ISRAELOPT,N
35420,J_NO_1,C13ISRAELREGION,N
35420,J_NO_1,C13ISRAELDISCRIMINATION,N
35420,J_NO_1,C13ISRAELNORMS,N
35420,J_NO_1,C13ISRAELCOMPARE,N
35420,J_NO_1,C14BDS,N
35420,J_NO_1,C15REASONABLE,N
35420,J_NO_1,C15DOUBLESTANDARD,N
10813,J_NO_1,C11PALESTINIANJUSTICE,N
10813,J_NO_1,C11PALESTINIANRIGHTS,N
10813,J_NO_1,C12ZIONCRITICAL,N
10813,J_NO_1,C12SOLUTIONS,N
10813,J_NO_1,C12EQUALRIGHTS,N
10813,J_NO_1,C13ISRAELEVIDENCE,N
10813,J_NO_1,C13ISRAELINSTITUTIONS,N
10813,J_NO_1,C13ISRAELPOLICIES,N
10813,J_NO_1,C13ISRAELOPT,N
10813,J_NO_1,C13ISRAELREGION,N
10813,J_NO_1,C13ISRAELDISCRIMINATION,N
10813,J_NO_1,C13ISRAELNORMS,N
10813,J_NO_1,C13ISRAELCOMPARE,N
10813,J_NO_1,C14BDS,N
10813,J_NO_1,C15REASONABLE,I
10813,J_NO_1,C15DOUBLESTANDARD,N
40733,J_NO_1,C11PALESTINIANJUSTICE,N
40733,J_NO_1,C11PALESTINIANRIGHTS,N
40733,J_NO_1,C12ZIONCRITICAL,N
40733,J_NO_1,C12SOLUTIONS,N
40733,J_NO_1,C12EQUALRIGHTS,N
40733,J_NO_1,C13ISRAELEVIDENCE,N
40733,J_NO_1,C13ISRAELINSTITUTIONS,N
40733,J_NO_1,C13ISRAELPOLICIES,N
40733,J_NO_1,C13ISRAELOPT,N
40733,J_NO_1,C13ISRAELREGION,N
40733,J_NO_1,C13ISRAELDISCRIMINATION,N
40733,J_NO_1,C13ISRAELNORMS,N
40733,J_NO_1,C13ISRAELCOMPARE,N
40733,J_NO_1,C14BDS,N
40733,J_NO_1,C15REASONABLE,N
40733,J_NO_1,C15DOUBLESTANDARD,N
42679,J_NO_1,C11PALESTINIANJUSTICE,N
42679,J_NO_1,C11PALESTINIANRIGHTS,N
42679,J_NO_1,C12ZIONCRITICAL,A
42679,J_NO_1,C12SOLUTIONS,N
42679,J_NO_1,C12EQUALRIGHTS,N
42679,J_NO_1,C13ISRAELEVIDENCE,N
42679,J_NO_1,C13ISRAELINSTITUTIONS,N
42679,J_NO_1,C13ISRAELPOLICIES,N
42679,J_NO_1,C13ISRAELOPT,N
42679,J_NO_1,C13ISRAELREGION,N
42679,J_NO_1,C13ISRAELDISCRIMINATION,N
42679,J_NO_1,C13ISRAELNORMS,N
42679,J_NO_1,C13ISRAELCOMPARE,N
42679,J_NO_1,C14BDS,N
42679,J_NO_1,C15REASONABLE,N
42679,J_NO_1,C15DOUBLESTANDARD,N
6269,J_NO_1,C11PALESTINIANJUSTICE,N
6269,J_NO_1,C11PALESTINIANRIGHTS,N
6269,J_NO_1,C12ZIONCRITICAL,N
6269,J_NO_1,C12SOLUTIONS,N
6269,J_NO_1,C12EQUALRIGHTS,N
6269,J_NO_1,C13ISRAELEVIDENCE,N
6269,J_NO_1,C13ISRAELINSTITUTIONS,N
6269,J_NO_1,C13ISRAELPOLICIES,N
6269,J_NO_1,C13ISRAELOPT,N
6269,J_NO_1,C13ISRAELREGION,N
6269,J_NO_1,C13ISRAELDISCRIMINATION,N
6269,J_NO_1,C13ISRAELNORMS,N
6269,J_NO_1,C13ISRAELCOMPARE,N
6269,J_NO_1,C14BDS,N
6269,J_NO_1,C15REASONABLE,N
6269,J_NO_1,C15DOUBLESTANDARD,N
41383,J_NO_1,C11PALESTINIANJUSTICE,N
41383,J_NO_1,C11PALESTINIANRIGHTS,N
41383,J_NO_1,C12ZIONCRITICAL,N
41383,J_NO_1,C12SOLUTIONS,N
41383,J_NO_1,C12EQUALRIGHTS,N
41383,J_NO_1,C13ISRAELEVIDENCE,N
41383,J_NO_1,C13ISRAELINSTITUTIONS,N
41383,J_NO_1,C13ISRAELPOLICIES,N
41383,J_NO_1,C13ISRAELOPT,N
41383,J_NO_1,C13ISRAELREGION,N
41383,J_NO_1,C13ISRAELDISCRIMINATION,N
41383,J_NO_1,C13ISRAELNORMS,N
41383,J_NO_1,C13ISRAELCOMPARE,N
41383,J_NO_1,C14BDS,N
41383,J_NO_1,C15REASONABLE,N
41383,J_NO_1,C15DOUBLESTANDARD,N
33996,J_NO_1,C11PALESTINIANJUSTICE,N
33996,J_NO_1,C11PALESTINIANRIGHTS,N
33996,J_NO_1,C12ZIONCRITICAL,N
33996,J_NO_1,C12SOLUTIONS,N
33996,J_NO_1,C12EQUALRIGHTS,N
33996,J_NO_1,C13ISRAELEVIDENCE,N
33996,J_NO_1,C13ISRAELINSTITUTIONS,N
33996,J_NO_1,C13ISRAELPOLICIES,N
33996,J_NO_1,C13ISRAELOPT,N
33996,J_NO_1,C13ISRAELREGION,N
33996,J_NO_1,C13ISRAELDISCRIMINATION,N
33996,J_NO_1,C13ISRAELNORMS,N
33996,J_NO_1,C13ISRAELCOMPARE,N
33996,J_NO_1,C14BDS,N
33996,J_NO_1,C15REASONABLE,N
33996,J_NO_1,C15DOUBLESTANDARD,N
3677,J_NO_1,C11PALESTINIANJUSTICE,N
3677,J_NO_1,C11PALESTINIANRIGHTS,N
3677,J_NO_1,C12ZIONCRITICAL,N
3677,J_NO_1,C12SOLUTIONS,N
3677,J_NO_1,C12EQUALRIGHTS,N
3677,J_NO_1,C13ISRAELEVIDENCE,N
3677,J_NO_1,C13ISRAELINSTITUTIONS,N
3677,J_NO_1,C13ISRAELPOLICIES,N
3677,J_NO_1,C13ISRAELOPT,N
3677,J_NO_1,C13ISRAELREGION,N
3677,J_NO_1,C13ISRAELDISCRIMINATION,N
3677,J_NO_1,C13ISRAELNORMS,N
3677,J_NO_1,C13ISRAELCOMPARE,N
3677,J_NO_1,C14BDS,N
3677,J_NO_1,C15REASONABLE,N
3677,J_NO_1,C15DOUBLESTANDARD,N
3368,J_NO_1,C11PALESTINIANJUSTICE,N
3368,J_NO_1,C11PALESTINIANRIGHTS,N
3368,J_NO_1,C12ZIONCRITICAL,N
3368,J_NO_1,C12SOLUTIONS,N
3368,J_NO_1,C12EQUALRIGHTS,N
3368,J_NO_1,C13ISRAELEVIDENCE,N
3368,J_NO_1,C13ISRAELINSTITUTIONS,N
3368,J_NO_1,C13ISRAELPOLICIES,N
3368,J_NO_1,C13ISRAELOPT,N
3368,J_NO_1,C13ISRAELREGION,N
3368,J_NO_1,C13ISRAELDISCRIMINATION,N
3368,J_NO_1,C13ISRAELNORMS,N
3368,J_NO_1,C13ISRAELCOMPARE,N
3368,J_NO_1,C14BDS,N
3368,J_NO_1,C15REASONABLE,N
3368,J_NO_1,C15DOUBLESTANDARD,N
19452,J_NO_1,C11PALESTINIANJUSTICE,N
19452,J_NO_1,C11PALESTINIANRIGHTS,N
19452,J_NO_1,C12ZIONCRITICAL,N
19452,J_NO_1,C12SOLUTIONS,N
19452,J_NO_1,C12EQUALRIGHTS,N
19452,J_NO_1,C13ISRAELEVIDENCE,N
19452,J_NO_1,C13ISRAELINSTITUTIONS,N
19452,J_NO_1,C13ISRAELPOLICIES,N
19452,J_NO_1,C13ISRAELOPT,N
19452,J_NO_1,C13ISRAELREGION,N
19452,J_NO_1,C13ISRAELDISCRIMINATION,N
19452,J_NO_1,C13ISRAELNORMS,N
19452,J_NO_1,C13ISRAELCOMPARE,N
19452,J_NO_1,C14BDS,N
19452,J_NO_1,C15REASONABLE,N
19452,J_NO_1,C15DOUBLESTANDARD,N
6836,J_NO_1,C11PALESTINIANJUSTICE,N
6836,J_NO_1,C11PALESTINIANRIGHTS,N
6836,J_NO_1,C12ZIONCRITICAL,N
6836,J_NO_1,C12SOLUTIONS,N
6836,J_NO_1,C12EQUALRIGHTS,N
6836,J_NO_1,C13ISRAELEVIDENCE,N
6836,J_NO_1,C13ISRAELINSTITUTIONS,N
6836,J_NO_1,C13ISRAELPOLICIES,N
6836,J_NO_1,C13ISRAELOPT,N
6836,J_NO_1,C13ISRAELREGION,N
6836,J_NO_1,C13ISRAELDISCRIMINATION,N
6836,J_NO_1,C13ISRAELNORMS,N
6836,J_NO_1,C13ISRAELCOMPARE,N
6836,J_NO_1,C14BDS,N
6836,J_NO_1,C15REASONABLE,N
6836,J_NO_1,C15DOUBLESTANDARD,A
49051,J_NO_1,C11PALESTINIANJUSTICE,N
49051,J_NO_1,C11PALESTINIANRIGHTS,N
49051,J_NO_1,C12ZIONCRITICAL,N
49051,J_NO_1,C12SOLUTIONS,N
49051,J_NO_1,C12EQUALRIGHTS,N
49051,J_NO_1,C13ISRAELEVIDENCE,N
49051,J_NO_1,C13ISRAELINSTITUTIONS,N
49051,J_NO_1,C13ISRAELPOLICIES,N
49051,J_NO_1,C13ISRAELOPT,N
49051,J_NO_1,C13ISRAELREGION,N
49051,J_NO_1,C13ISRAELDISCRIMINATION,N
49051,J_NO_1,C13ISRAELNORMS,N
49051,J_NO_1,C13ISRAELCOMPARE,N
49051,J_NO_1,C14BDS,N
49051,J_NO_1,C15REASONABLE,N
49051,J_NO_1,C15DOUBLESTANDARD,N
24667,J_NO_1,C11PALESTINIANJUSTICE,N
24667,J_NO_1,C11PALESTINIANRIGHTS,N
24667,J_NO_1,C12ZIONCRITICAL,N
24667,J_NO_1,C12SOLUTIONS,N
24667,J_NO_1,C12EQUALRIGHTS,N
24667,J_NO_1,C13ISRAELEVIDENCE,N
24667,J_NO_1,C13ISRAELINSTITUTIONS,N
24667,J_NO_1,C13ISRAELPOLICIES,N
24667,J_NO_1,C13ISRAELOPT,N
24667,J_NO_1,C13ISRAELREGION,N
24667,J_NO_1,C13ISRAELDISCRIMINATION,N
24667,J_NO_1,C13ISRAELNORMS,N
24667,J_NO_1,C13ISRAELCOMPARE,N
24667,J_NO_1,C14BDS,N
24667,J_NO_1,C15REASONABLE,N
24667,J_NO_1,C15DOUBLESTANDARD,N
33677,J_NO_1,C11PALESTINIANJUSTICE,N
33677,J_NO_1,C11PALESTINIANRIGHTS,N
33677,J_NO_1,C12ZIONCRITICAL,N
33677,J_NO_1,C12SOLUTIONS,N
33677,J_NO_1,C12EQUALRIGHTS,N
33677,J_NO_1,C13ISRAELEVIDENCE,N
33677,J_NO_1,C13ISRAELINSTITUTIONS,N
33677,J_NO_1,C13ISRAELPOLICIES,N
33677,J_NO_1,C13ISRAELOPT,N
33677,J_NO_1,C13ISRAELREGION,N
33677,J_NO_1,C13ISRAELDISCRIMINATION,N
33677,J_NO_1,C13ISRAELNORMS,N
33677,J_NO_1,C13ISRAELCOMPARE,N
33677,J_NO_1,C14BDS,N
33677,J_NO_1,C15REASONABLE,N
33677,J_NO_1,C15DOUBLESTANDARD,N
25396,J_NO_1,C11PALESTINIANJUSTICE,N
25396,J_NO_1,C11PALESTINIANRIGHTS,N
25396,J_NO_1,C12ZIONCRITICAL,N
25396,J_NO_1,C12SOLUTIONS,N
25396,J_NO_1,C12EQUALRIGHTS,N
25396,J_NO_1,C13ISRAELEVIDENCE,N
25396,J_NO_1,C13ISRAELINSTITUTIONS,N
25396,J_NO_1,C13ISRAELPOLICIES,N
25396,J_NO_1,C13ISRAELOPT,N
25396,J_NO_1,C13ISRAELREGION,N
25396,J_NO_1,C13ISRAELDISCRIMINATION,N
25396,J_NO_1,C13ISRAELNORMS,N
25396,J_NO_1,C13ISRAELCOMPARE,N
25396,J_NO_1,C14BDS,N
25396,J_NO_1,C15REASONABLE,N
25396,J_NO_1,C15DOUBLESTANDARD,N
47366,J_NO_1,C11PALESTINIANJUSTICE,N
47366,J_NO_1,C11PALESTINIANRIGHTS,N
47366,J_NO_1,C12ZIONCRITICAL,N
47366,J_NO_1,C12SOLUTIONS,N
47366,J_NO_1,C12EQUALRIGHTS,N
47366,J_NO_1,C13ISRAELEVIDENCE,N
47366,J_NO_1,C13ISRAELINSTITUTIONS,N
47366,J_NO_1,C13ISRAELPOLICIES,N
47366,J_NO_1,C13ISRAELOPT,N
47366,J_NO_1,C13ISRAELREGION,N
47366,J_NO_1,C13ISRAELDISCRIMINATION,N
47366,J_NO_1,C13ISRAELNORMS,N
47366,J_NO_1,C13ISRAELCOMPARE,N
47366,J_NO_1,C14BDS,N
47366,J_NO_1,C15REASONABLE,N
47366,J_NO_1,C15DOUBLESTANDARD,N
18509,J_NO_1,C11PALESTINIANJUSTICE,N
18509,J_NO_1,C11PALESTINIANRIGHTS,N
18509,J_NO_1,C12ZIONCRITICAL,N
18509,J_NO_1,C12SOLUTIONS,N
18509,J_NO_1,C12EQUALRIGHTS,N
18509,J_NO_1,C13ISRAELEVIDENCE,N
18509,J_NO_1,C13ISRAELINSTITUTIONS,N
18509,J_NO_1,C13ISRAELPOLICIES,N
18509,J_NO_1,C13ISRAELOPT,N
18509,J_NO_1,C13ISRAELREGION,N
18509,J_NO_1,C13ISRAELDISCRIMINATION,N
18509,J_NO_1,C13ISRAELNORMS,N
18509,J_NO_1,C13ISRAELCOMPARE,N
18509,J_NO_1,C14BDS,N
18509,J_NO_1,C15REASONABLE,N
18509,J_NO_1,C15DOUBLESTANDARD,N
44799,J_NO_1,C11PALESTINIANJUSTICE,N
44799,J_NO_1,C11PALESTINIANRIGHTS,N
44799,J_NO_1,C12ZIONCRITICAL,N
44799,J_NO_1,C12SOLUTIONS,N
44799,J_NO_1,C12EQUALRIGHTS,N
44799,J_NO_1,C13ISRAELEVIDENCE,N
44799,J_NO_1,C13ISRAELINSTITUTIONS,N
44799,J_NO_1,C13ISRAELPOLICIES,N
44799,J_NO_1,C13ISRAELOPT,N
44799,J_NO_1,C13ISRAELREGION,N
44799,J_NO_1,C13ISRAELDISCRIMINATION,N
44799,J_NO_1,C13ISRAELNORMS,N
44799,J_NO_1,C13ISRAELCOMPARE,N
44799,J_NO_1,C14BDS,N
44799,J_NO_1,C15REASONABLE,N
44799,J_NO_1,C15DOUBLESTANDARD,N
18838,J_NO_1,C11PALESTINIANJUSTICE,N
18838,J_NO_1,C11PALESTINIANRIGHTS,N
18838,J_NO_1,C12ZIONCRITICAL,A
18838,J_NO_1,C12SOLUTIONS,N
18838,J_NO_1,C12EQUALRIGHTS,N
18838,J_NO_1,C13ISRAELEVIDENCE,N
18838,J_NO_1,C13ISRAELINSTITUTIONS,N
18838,J_NO_1,C13ISRAELPOLICIES,N
18838,J_NO_1,C13ISRAELOPT,N
18838,J_NO_1,C13ISRAELREGION,N
18838,J_NO_1,C13ISRAELDISCRIMINATION,N
18838,J_NO_1,C13ISRAELNORMS,N
18838,J_NO_1,C13ISRAELCOMPARE,N
18838,J_NO_1,C14BDS,N
18838,J_NO_1,C15REASONABLE,A
18838,J_NO_1,C15DOUBLESTANDARD,N
2485,J_NO_1,C11PALESTINIANJUSTICE,N
2485,J_NO_1,C11PALESTINIANRIGHTS,N
2485,J_NO_1,C12ZIONCRITICAL,N
2485,J_NO_1,C12SOLUTIONS,N
2485,J_NO_1,C12EQUALRIGHTS,N
2485,J_NO_1,C13ISRAELEVIDENCE,N
2485,J_NO_1,C13ISRAELINSTITUTIONS,N
2485,J_NO_1,C13ISRAELPOLICIES,N
2485,J_NO_1,C13ISRAELOPT,N
2485,J_NO_1,C13ISRAELREGION,N
2485,J_NO_1,C13ISRAELDISCRIMINATION,N
2485,J_NO_1,C13ISRAELNORMS,N
2485,J_NO_1,C13ISRAELCOMPARE,N
2485,J_NO_1,C14BDS,N
2485,J_NO_1,C15REASONABLE,N
2485,J_NO_1,C15DOUBLESTANDARD,N
38407,J_NO_1,C11PALESTINIANJUSTICE,N
38407,J_NO_1,C11PALESTINIANRIGHTS,N
38407,J_NO_1,C12ZIONCRITICAL,N
38407,J_NO_1,C12SOLUTIONS,N
38407,J_NO_1,C12EQUALRIGHTS,N
38407,J_NO_1,C13ISRAELEVIDENCE,N
38407,J_NO_1,C13ISRAELINSTITUTIONS,N
38407,J_NO_1,C13ISRAELPOLICIES,N
38407,J_NO_1,C13ISRAELOPT,N
38407,J_NO_1,C13ISRAELREGION,N
38407,J_NO_1,C13ISRAELDISCRIMINATION,N
38407,J_NO_1,C13ISRAELNORMS,N
38407,J_NO_1,C13ISRAELCOMPARE,N
38407,J_NO_1,C14BDS,N
38407,J_NO_1,C15REASONABLE,N
38407,J_NO_1,C15DOUBLESTANDARD,N
11442,J_NO_1,C11PALESTINIANJUSTICE,N
11442,J_NO_1,C11PALESTINIANRIGHTS,N
11442,J_NO_1,C12ZIONCRITICAL,N
11442,J_NO_1,C12SOLUTIONS,N
11442,J_NO_1,C12EQUALRIGHTS,N
11442,J_NO_1,C13ISRAELEVIDENCE,N
11442,J_NO_1,C13ISRAELINSTITUTIONS,N
11442,J_NO_1,C13ISRAELPOLICIES,N
11442,J_NO_1,C13ISRAELOPT,N
11442,J_NO_1,C13ISRAELREGION,N
11442,J_NO_1,C13ISRAELDISCRIMINATION,N
11442,J_NO_1,C13ISRAELNORMS,N
11442,J_NO_1,C13ISRAELCOMPARE,N
11442,J_NO_1,C14BDS,N
11442,J_NO_1,C15REASONABLE,N
11442,J_NO_1,C15DOUBLESTANDARD,N
7291,J_NO_1,C11PALESTINIANJUSTICE,N
7291,J_NO_1,C11PALESTINIANRIGHTS,N
7291,J_NO_1,C12ZIONCRITICAL,N
7291,J_NO_1,C12SOLUTIONS,N
7291,J_NO_1,C12EQUALRIGHTS,N
7291,J_NO_1,C13ISRAELEVIDENCE,N
7291,J_NO_1,C13ISRAELINSTITUTIONS,N
7291,J_NO_1,C13ISRAELPOLICIES,N
7291,J_NO_1,C13ISRAELOPT,N
7291,J_NO_1,C13ISRAELREGION,N
7291,J_NO_1,C13ISRAELDISCRIMINATION,N
7291,J_NO_1,C13ISRAELNORMS,N
7291,J_NO_1,C13ISRAELCOMPARE,N
7291,J_NO_1,C14BDS,N
7291,J_NO_1,C15REASONABLE,N
7291,J_NO_1,C15DOUBLESTANDARD,N
21115,J_NO_1,C11PALESTINIANJUSTICE,N
21115,J_NO_1,C11PALESTINIANRIGHTS,N
21115,J_NO_1,C12ZIONCRITICAL,N
21115,J_NO_1,C12SOLUTIONS,N
21115,J_NO_1,C12EQUALRIGHTS,N
21115,J_NO_1,C13ISRAELEVIDENCE,N
21115,J_NO_1,C13ISRAELINSTITUTIONS,N
21115,J_NO_1,C13ISRAELPOLICIES,N
21115,J_NO_1,C13ISRAELOPT,N
21115,J_NO_1,C13ISRAELREGION,N
21115,J_NO_1,C13ISRAELDISCRIMINATION,N
21115,J_NO_1,C13ISRAELNORMS,N
21115,J_NO_1,C13ISRAELCOMPARE,N
21115,J_NO_1,C14BDS,N
21115,J_NO_1,C15REASONABLE,N
21115,J_NO_1,C15DOUBLESTANDARD,N
3154,J_NO_1,C11PALESTINIANJUSTICE,N
3154,J_NO_1,C11PALESTINIANRIGHTS,N
3154,J_NO_1,C12ZIONCRITICAL,N
3154,J_NO_1,C12SOLUTIONS,N
3154,J_NO_1,C12EQUALRIGHTS,N
3154,J_NO_1,C13ISRAELEVIDENCE,N
3154,J_NO_1,C13ISRAELINSTITUTIONS,N
3154,J_NO_1,C13ISRAELPOLICIES,N
3154,J_NO_1,C13ISRAELOPT,N
3154,J_NO_1,C13ISRAELREGION,N
3154,J_NO_1,C13ISRAELDISCRIMINATION,N
3154,J_NO_1,C13ISRAELNORMS,N
3154,J_NO_1,C13ISRAELCOMPARE,N
3154,J_NO_1,C14BDS,N
3154,J_NO_1,C15REASONABLE,N
3154,J_NO_1,C15DOUBLESTANDARD,N
16035,J_NO_1,C11PALESTINIANJUSTICE,N
16035,J_NO_1,C11PALESTINIANRIGHTS,N
16035,J_NO_1,C12ZIONCRITICAL,N
16035,J_NO_1,C12SOLUTIONS,N
16035,J_NO_1,C12EQUALRIGHTS,N
16035,J_NO_1,C13ISRAELEVIDENCE,N
16035,J_NO_1,C13ISRAELINSTITUTIONS,N
16035,J_NO_1,C13ISRAELPOLICIES,N
16035,J_NO_1,C13ISRAELOPT,N
16035,J_NO_1,C13ISRAELREGION,N
16035,J_NO_1,C13ISRAELDISCRIMINATION,N
16035,J_NO_1,C13ISRAELNORMS,N
16035,J_NO_1,C13ISRAELCOMPARE,N
16035,J_NO_1,C14BDS,N
16035,J_NO_1,C15REASONABLE,N
16035,J_NO_1,C15DOUBLESTANDARD,N
13518,J_NO_1,C11PALESTINIANJUSTICE,N
13518,J_NO_1,C11PALESTINIANRIGHTS,N
13518,J_NO_1,C12ZIONCRITICAL,N
13518,J_NO_1,C12SOLUTIONS,N
13518,J_NO_1,C12EQUALRIGHTS,N
13518,J_NO_1,C13ISRAELEVIDENCE,N
13518,J_NO_1,C13ISRAELINSTITUTIONS,N
13518,J_NO_1,C13ISRAELPOLICIES,N
13518,J_NO_1,C13ISRAELOPT,N
13518,J_NO_1,C13ISRAELREGION,N
13518,J_NO_1,C13ISRAELDISCRIMINATION,N
13518,J_NO_1,C13ISRAELNORMS,N
13518,J_NO_1,C13ISRAELCOMPARE,N
13518,J_NO_1,C14BDS,N
13518,J_NO_1,C15REASONABLE,N
13518,J_NO_1,C15DOUBLESTANDARD,N
8840,J_NO_1,C11PALESTINIANJUSTICE,N
8840,J_NO_1,C11PALESTINIANRIGHTS,N
8840,J_NO_1,C12ZIONCRITICAL,N
8840,J_NO_1,C12SOLUTIONS,N
8840,J_NO_1,C12EQUALRIGHTS,N
8840,J_NO_1,C13ISRAELEVIDENCE,N
8840,J_NO_1,C13ISRAELINSTITUTIONS,N
8840,J_NO_1,C13ISRAELPOLICIES,N
8840,J_NO_1,C13ISRAELOPT,N
8840,J_NO_1,C13ISRAELREGION,N
8840,J_NO_1,C13ISRAELDISCRIMINATION,N
8840,J_NO_1,C13ISRAELNORMS,N
8840,J_NO_1,C13ISRAELCOMPARE,N
8840,J_NO_1,C14BDS,N
8840,J_NO_1,C15REASONABLE,N
8840,J_NO_1,C15DOUBLESTANDARD,N
8612,J_NO_1,C11PALESTINIANJUSTICE,N
8612,J_NO_1,C11PALESTINIANRIGHTS,N
8612,J_NO_1,C12ZIONCRITICAL,N
8612,J_NO_1,C12SOLUTIONS,N
8612,J_NO_1,C12EQUALRIGHTS,N
8612,J_NO_1,C13ISRAELEVIDENCE,N
8612,J_NO_1,C13ISRAELINSTITUTIONS,N
8612,J_NO_1,C13ISRAELPOLICIES,N
8612,J_NO_1,C13ISRAELOPT,N
8612,J_NO_1,C13ISRAELREGION,N
8612,J_NO_1,C13ISRAELDISCRIMINATION,N
8612,J_NO_1,C13ISRAELNORMS,N
8612,J_NO_1,C13ISRAELCOMPARE,N
8612,J_NO_1,C14BDS,N
8612,J_NO_1,C15REASONABLE,N
8612,J_NO_1,C15DOUBLESTANDARD,N
38068,J_NO_1,C11PALESTINIANJUSTICE,N
38068,J_NO_1,C11PALESTINIANRIGHTS,N
38068,J_NO_1,C12ZIONCRITICAL,I
38068,J_NO_1,C12SOLUTIONS,N
38068,J_NO_1,C12EQUALRIGHTS,N
38068,J_NO_1,C13ISRAELEVIDENCE,N
38068,J_NO_1,C13ISRAELINSTITUTIONS,N
38068,J_NO_1,C13ISRAELPOLICIES,N
38068,J_NO_1,C13ISRAELOPT,N
38068,J_NO_1,C13ISRAELREGION,N
38068,J_NO_1,C13ISRAELDISCRIMINATION,N
38068,J_NO_1,C13ISRAELNORMS,N
38068,J_NO_1,C13ISRAELCOMPARE,N
38068,J_NO_1,C14BDS,N
38068,J_NO_1,C15REASONABLE,N
38068,J_NO_1,C15DOUBLESTANDARD,N
4593,J_NO_1,C11PALESTINIANJUSTICE,N
4593,J_NO_1,C11PALESTINIANRIGHTS,N
4593,J_NO_1,C12ZIONCRITICAL,N
4593,J_NO_1,C12SOLUTIONS,N
4593,J_NO_1,C12EQUALRIGHTS,N
4593,J_NO_1,C13ISRAELEVIDENCE,N
4593,J_NO_1,C13ISRAELINSTITUTIONS,N
4593,J_NO_1,C13ISRAELPOLICIES,N
4593,J_NO_1,C13ISRAELOPT,N
4593,J_NO_1,C13ISRAELREGION,N
4593,J_NO_1,C13ISRAELDISCRIMINATION,N
4593,J_NO_1,C13ISRAELNORMS,N
4593,J_NO_1,C13ISRAELCOMPARE,N
4593,J_NO_1,C14BDS,N
4593,J_NO_1,C15REASONABLE,N
4593,J_NO_1,C15DOUBLESTANDARD,N
46094,J_NO_1,C11PALESTINIANJUSTICE,N
46094,J_NO_1,C11PALESTINIANRIGHTS,N
46094,J_NO_1,C12ZIONCRITICAL,N
46094,J_NO_1,C12SOLUTIONS,N
46094,J_NO_1,C12EQUALRIGHTS,N
46094,J_NO_1,C13ISRAELEVIDENCE,N
46094,J_NO_1,C13ISRAELINSTITUTIONS,N
46094,J_NO_1,C13ISRAELPOLICIES,N
46094,J_NO_1,C13ISRAELOPT,N
46094,J_NO_1,C13ISRAELREGION,N
46094,J_NO_1,C13ISRAELDISCRIMINATION,N
46094,J_NO_1,C13ISRAELNORMS,N
46094,J_NO_1,C13ISRAELCOMPARE,N
46094,J_NO_1,C14BDS,N
46094,J_NO_1,C15REASONABLE,N
46094,J_NO_1,C15DOUBLESTANDARD,N
24869,J_NO_1,C11PALESTINIANJUSTICE,I
24869,J_NO_1,C11PALESTINIANRIGHTS,N
24869,J_NO_1,C12ZIONCRITICAL,N
24869,J_NO_1,C12SOLUTIONS,N
24869,J_NO_1,C12EQUALRIGHTS,N
24869,J_NO_1,C13ISRAELEVIDENCE,N
24869,J_NO_1,C13ISRAELINSTITUTIONS,N
24869,J_NO_1,C13ISRAELPOLICIES,I
24869,J_NO_1,C13ISRAELOPT,I
24869,J_NO_1,C13ISRAELREGION,N
24869,J_NO_1,C13ISRAELDISCRIMINATION,I
24869,J_NO_1,C13ISRAELNORMS,N
24869,J_NO_1,C13ISRAELCOMPARE,E
24869,J_NO_1,C14BDS,N
24869,J_NO_1,C15REASONABLE,N
24869,J_NO_1,C15DOUBLESTANDARD,N
18752,J_NO_1,C11PALESTINIANJUSTICE,N
18752,J_NO_1,C11PALESTINIANRIGHTS,N
18752,J_NO_1,C12ZIONCRITICAL,N
18752,J_NO_1,C12SOLUTIONS,N
18752,J_NO_1,C12EQUALRIGHTS,N
18752,J_NO_1,C13ISRAELEVIDENCE,N
18752,J_NO_1,C13ISRAELINSTITUTIONS,N
18752,J_NO_1,C13ISRAELPOLICIES,N
18752,J_NO_1,C13ISRAELOPT,N
18752,J_NO_1,C13ISRAELREGION,N
18752,J_NO_1,C13ISRAELDISCRIMINATION,N
18752,J_NO_1,C13ISRAELNORMS,N
18752,J_NO_1,C13ISRAELCOMPARE,N
18752,J_NO_1,C14BDS,N
18752,J_NO_1,C15REASONABLE,N
18752,J_NO_1,C15DOUBLESTANDARD,N
23898,J_NO_1,C11PALESTINIANJUSTICE,N
23898,J_NO_1,C11PALESTINIANRIGHTS,N
23898,J_NO_1,C12ZIONCRITICAL,N
23898,J_NO_1,C12SOLUTIONS,N
23898,J_NO_1,C12EQUALRIGHTS,N
23898,J_NO_1,C13ISRAELEVIDENCE,N
23898,J_NO_1,C13ISRAELINSTITUTIONS,N
23898,J_NO_1,C13ISRAELPOLICIES,N
23898,J_NO_1,C13ISRAELOPT,N
23898,J_NO_1,C13ISRAELREGION,N
23898,J_NO_1,C13ISRAELDISCRIMINATION,N
23898,J_NO_1,C13ISRAELNORMS,N
23898,J_NO_1,C13ISRAELCOMPARE,N
23898,J_NO_1,C14BDS,N
23898,J_NO_1,C15REASONABLE,N
23898,J_NO_1,C15DOUBLESTANDARD,N
48952,J_NO_1,C11PALESTINIANJUSTICE,N
48952,J_NO_1,C11PALESTINIANRIGHTS,N
48952,J_NO_1,C12ZIONCRITICAL,N
48952,J_NO_1,C12SOLUTIONS,N
48952,J_NO_1,C12EQUALRIGHTS,N
48952,J_NO_1,C13ISRAELEVIDENCE,N
48952,J_NO_1,C13ISRAELINSTITUTIONS,N
48952,J_NO_1,C13ISRAELPOLICIES,N
48952,J_NO_1,C13ISRAELOPT,N
48952,J_NO_1,C13ISRAELREGION,N
48952,J_NO_1,C13ISRAELDISCRIMINATION,N
48952,J_NO_1,C13ISRAELNORMS,N
48952,J_NO_1,C13ISRAELCOMPARE,N
48952,J_NO_1,C14BDS,N
48952,J_NO_1,C15REASONABLE,N
48952,J_NO_1,C15DOUBLESTANDARD,N
35136,J_NO_1,C11PALESTINIANJUSTICE,N
35136,J_NO_1,C11PALESTINIANRIGHTS,N
35136,J_NO_1,C12ZIONCRITICAL,N
35136,J_NO_1,C12SOLUTIONS,N
35136,J_NO_1,C12EQUALRIGHTS,N
35136,J_NO_1,C13ISRAELEVIDENCE,N
35136,J_NO_1,C13ISRAELINSTITUTIONS,N
35136,J_NO_1,C13ISRAELPOLICIES,N
35136,J_NO_1,C13ISRAELOPT,I
35136,J_NO_1,C13ISRAELREGION,N
35136,J_NO_1,C13ISRAELDISCRIMINATION,N
35136,J_NO_1,C13ISRAELNORMS,N
35136,J_NO_1,C13ISRAELCOMPARE,N
35136,J_NO_1,C14BDS,N
35136,J_NO_1,C15REASONABLE,N
35136,J_NO_1,C15DOUBLESTANDARD,N
4362,J_NO_1,C11PALESTINIANJUSTICE,N
4362,J_NO_1,C11PALESTINIANRIGHTS,N
4362,J_NO_1,C12ZIONCRITICAL,N
4362,J_NO_1,C12SOLUTIONS,N
4362,J_NO_1,C12EQUALRIGHTS,N
4362,J_NO_1,C13ISRAELEVIDENCE,N
4362,J_NO_1,C13ISRAELINSTITUTIONS,N
4362,J_NO_1,C13ISRAELPOLICIES,N
4362,J_NO_1,C13ISRAELOPT,N
4362,J_NO_1,C13ISRAELREGION,N
4362,J_NO_1,C13ISRAELDISCRIMINATION,N
4362,J_NO_1,C13ISRAELNORMS,N
4362,J_NO_1,C13ISRAELCOMPARE,N
4362,J_NO_1,C14BDS,N
4362,J_NO_1,C15REASONABLE,N
4362,J_NO_1,C15DOUBLESTANDARD,N
20033,J_NO_1,C11PALESTINIANJUSTICE,N
20033,J_NO_1,C11PALESTINIANRIGHTS,N
20033,J_NO_1,C12ZIONCRITICAL,N
20033,J_NO_1,C12SOLUTIONS,N
20033,J_NO_1,C12EQUALRIGHTS,N
20033,J_NO_1,C13ISRAELEVIDENCE,N
20033,J_NO_1,C13ISRAELINSTITUTIONS,N
20033,J_NO_1,C13ISRAELPOLICIES,N
20033,J_NO_1,C13ISRAELOPT,N
20033,J_NO_1,C13ISRAELREGION,N
20033,J_NO_1,C13ISRAELDISCRIMINATION,N
20033,J_NO_1,C13ISRAELNORMS,N
20033,J_NO_1,C13ISRAELCOMPARE,N
20033,J_NO_1,C14BDS,N
20033,J_NO_1,C15REASONABLE,N
20033,J_NO_1,C15DOUBLESTANDARD,N
242,J_NO_1,C11PALESTINIANJUSTICE,N
242,J_NO_1,C11PALESTINIANRIGHTS,N
242,J_NO_1,C12ZIONCRITICAL,N
242,J_NO_1,C12SOLUTIONS,N
242,J_NO_1,C12EQUALRIGHTS,N
242,J_NO_1,C13ISRAELEVIDENCE,N
242,J_NO_1,C13ISRAELINSTITUTIONS,N
242,J_NO_1,C13ISRAELPOLICIES,N
242,J_NO_1,C13ISRAELOPT,N
242,J_NO_1,C13ISRAELREGION,N
242,J_NO_1,C13ISRAELDISCRIMINATION,N
242,J_NO_1,C13ISRAELNORMS,N
242,J_NO_1,C13ISRAELCOMPARE,N
242,J_NO_1,C14BDS,N
242,J_NO_1,C15REASONABLE,N
242,J_NO_1,C15DOUBLESTANDARD,N
44862,J_NO_1,C11PALESTINIANJUSTICE,N
44862,J_NO_1,C11PALESTINIANRIGHTS,N
44862,J_NO_1,C12ZIONCRITICAL,N
44862,J_NO_1,C12SOLUTIONS,N
44862,J_NO_1,C12EQUALRIGHTS,N
44862,J_NO_1,C13ISRAELEVIDENCE,N
44862,J_NO_1,C13ISRAELINSTITUTIONS,N
44862,J_NO_1,C13ISRAELPOLICIES,N
44862,J_NO_1,C13ISRAELOPT,N
44862,J_NO_1,C13ISRAELREGION,N
44862,J_NO_1,C13ISRAELDISCRIMINATION,N
44862,J_NO_1,C13ISRAELNORMS,N
44862,J_NO_1,C13ISRAELCOMPARE,N
44862,J_NO_1,C14BDS,N
44862,J_NO_1,C15REASONABLE,N
44862,J_NO_1,C15DOUBLESTANDARD,N
35739,J_NO_1,C11PALESTINIANJUSTICE,N
35739,J_NO_1,C11PALESTINIANRIGHTS,N
35739,J_NO_1,C12ZIONCRITICAL,N
35739,J_NO_1,C12SOLUTIONS,N
35739,J_NO_1,C12EQUALRIGHTS,N
35739,J_NO_1,C13ISRAELEVIDENCE,N
35739,J_NO_1,C13ISRAELINSTITUTIONS,N
35739,J_NO_1,C13ISRAELPOLICIES,N
35739,J_NO_1,C13ISRAELOPT,N
35739,J_NO_1,C13ISRAELREGION,N
35739,J_NO_1,C13ISRAELDISCRIMINATION,N
35739,J_NO_1,C13ISRAELNORMS,N
35739,J_NO_1,C13ISRAELCOMPARE,N
35739,J_NO_1,C14BDS,N
35739,J_NO_1,C15REASONABLE,N
35739,J_NO_1,C15DOUBLESTANDARD,N
28528,J_NO_1,C11PALESTINIANJUSTICE,N
28528,J_NO_1,C11PALESTINIANRIGHTS,N
28528,J_NO_1,C12ZIONCRITICAL,N
28528,J_NO_1,C12SOLUTIONS,N
28528,J_NO_1,C12EQUALRIGHTS,N
28528,J_NO_1,C13ISRAELEVIDENCE,N
28528,J_NO_1,C13ISRAELINSTITUTIONS,N
28528,J_NO_1,C13ISRAELPOLICIES,N
28528,J_NO_1,C13ISRAELOPT,N
28528,J_NO_1,C13ISRAELREGION,N
28528,J_NO_1,C13ISRAELDISCRIMINATION,N
28528,J_NO_1,C13ISRAELNORMS,N
28528,J_NO_1,C13ISRAELCOMPARE,N
28528,J_NO_1,C14BDS,N
28528,J_NO_1,C15REASONABLE,N
28528,J_NO_1,C15DOUBLESTANDARD,N
36190,J_NO_1,C11PALESTINIANJUSTICE,N
36190,J_NO_1,C11PALESTINIANRIGHTS,N
36190,J_NO_1,C12ZIONCRITICAL,N
36190,J_NO_1,C12SOLUTIONS,N
36190,J_NO_1,C12EQUALRIGHTS,N
36190,J_NO_1,C13ISRAELEVIDENCE,N
36190,J_NO_1,C13ISRAELINSTITUTIONS,N
36190,J_NO_1,C13ISRAELPOLICIES,N
36190,J_NO_1,C13ISRAELOPT,N
36190,J_NO_1,C13ISRAELREGION,N
36190,J_NO_1,C13ISRAELDISCRIMINATION,N
36190,J_NO_1,C13ISRAELNORMS,N
36190,J_NO_1,C13ISRAELCOMPARE,N
36190,J_NO_1,C14BDS,N
36190,J_NO_1,C15REASONABLE,N
36190,J_NO_1,C15DOUBLESTANDARD,N
6751,J_NO_1,C11PALESTINIANJUSTICE,N
6751,J_NO_1,C11PALESTINIANRIGHTS,N
6751,J_NO_1,C12ZIONCRITICAL,N
6751,J_NO_1,C12SOLUTIONS,N
6751,J_NO_1,C12EQUALRIGHTS,N
6751,J_NO_1,C13ISRAELEVIDENCE,N
6751,J_NO_1,C13ISRAELINSTITUTIONS,N
6751,J_NO_1,C13ISRAELPOLICIES,N
6751,J_NO_1,C13ISRAELOPT,N
6751,J_NO_1,C13ISRAELREGION,N
6751,J_NO_1,C13ISRAELDISCRIMINATION,N
6751,J_NO_1,C13ISRAELNORMS,N
6751,J_NO_1,C13ISRAELCOMPARE,N
6751,J_NO_1,C14BDS,N
6751,J_NO_1,C15REASONABLE,N
6751,J_NO_1,C15DOUBLESTANDARD,N
34920,J_NO_1,C11PALESTINIANJUSTICE,N
34920,J_NO_1,C11PALESTINIANRIGHTS,N
34920,J_NO_1,C12ZIONCRITICAL,N
34920,J_NO_1,C12SOLUTIONS,N
34920,J_NO_1,C12EQUALRIGHTS,N
34920,J_NO_1,C13ISRAELEVIDENCE,N
34920,J_NO_1,C13ISRAELINSTITUTIONS,N
34920,J_NO_1,C13ISRAELPOLICIES,N
34920,J_NO_1,C13ISRAELOPT,N
34920,J_NO_1,C13ISRAELREGION,N
34920,J_NO_1,C13ISRAELDISCRIMINATION,N
34920,J_NO_1,C13ISRAELNORMS,N
34920,J_NO_1,C13ISRAELCOMPARE,N
34920,J_NO_1,C14BDS,N
34920,J_NO_1,C15REASONABLE,N
34920,J_NO_1,C15DOUBLESTANDARD,N
26748,J_NO_1,C11PALESTINIANJUSTICE,N
26748,J_NO_1,C11PALESTINIANRIGHTS,N
26748,J_NO_1,C12ZIONCRITICAL,N
26748,J_NO_1,C12SOLUTIONS,N
26748,J_NO_1,C12EQUALRIGHTS,N
26748,J_NO_1,C13ISRAELEVIDENCE,N
26748,J_NO_1,C13ISRAELINSTITUTIONS,N
26748,J_NO_1,C13ISRAELPOLICIES,N
26748,J_NO_1,C13ISRAELOPT,N
26748,J_NO_1,C13ISRAELREGION,N
26748,J_NO_1,C13ISRAELDISCRIMINATION,N
26748,J_NO_1,C13ISRAELNORMS,N
26748,J_NO_1,C13ISRAELCOMPARE,N
26748,J_NO_1,C14BDS,N
26748,J_NO_1,C15REASONABLE,N
26748,J_NO_1,C15DOUBLESTANDARD,N
13937,J_NO_1,C11PALESTINIANJUSTICE,N
13937,J_NO_1,C11PALESTINIANRIGHTS,N
13937,J_NO_1,C12ZIONCRITICAL,N
13937,J_NO_1,C12SOLUTIONS,N
13937,J_NO_1,C12EQUALRIGHTS,N
13937,J_NO_1,C13ISRAELEVIDENCE,N
13937,J_NO_1,C13ISRAELINSTITUTIONS,N
13937,J_NO_1,C13ISRAELPOLICIES,N
13937,J_NO_1,C13ISRAELOPT,N
13937,J_NO_1,C13ISRAELREGION,N
13937,J_NO_1,C13ISRAELDISCRIMINATION,N
13937,J_NO_1,C13ISRAELNORMS,N
13937,J_NO_1,C13ISRAELCOMPARE,N
13937,J_NO_1,C14BDS,N
13937,J_NO_1,C15REASONABLE,N
13937,J_NO_1,C15DOUBLESTANDARD,N
34095,J_NO_1,C11PALESTINIANJUSTICE,N
34095,J_NO_1,C11PALESTINIANRIGHTS,N
34095,J_NO_1,C12ZIONCRITICAL,N
34095,J_NO_1,C12SOLUTIONS,N
34095,J_NO_1,C12EQUALRIGHTS,N
34095,J_NO_1,C13ISRAELEVIDENCE,N
34095,J_NO_1,C13ISRAELINSTITUTIONS,N
34095,J_NO_1,C13ISRAELPOLICIES,N
34095,J_NO_1,C13ISRAELOPT,N
34095,J_NO_1,C13ISRAELREGION,N
34095,J_NO_1,C13ISRAELDISCRIMINATION,N
34095,J_NO_1,C13ISRAELNORMS,N
34095,J_NO_1,C13ISRAELCOMPARE,N
34095,J_NO_1,C14BDS,N
34095,J_NO_1,C15REASONABLE,N
34095,J_NO_1,C15DOUBLESTANDARD,N
13852,J_NO_1,C11PALESTINIANJUSTICE,N
13852,J_NO_1,C11PALESTINIANRIGHTS,N
13852,J_NO_1,C12ZIONCRITICAL,N
13852,J_NO_1,C12SOLUTIONS,N
13852,J_NO_1,C12EQUALRIGHTS,N
13852,J_NO_1,C13ISRAELEVIDENCE,N
13852,J_NO_1,C13ISRAELINSTITUTIONS,N
13852,J_NO_1,C13ISRAELPOLICIES,N
13852,J_NO_1,C13ISRAELOPT,N
13852,J_NO_1,C13ISRAELREGION,N
13852,J_NO_1,C13ISRAELDISCRIMINATION,N
13852,J_NO_1,C13ISRAELNORMS,N
13852,J_NO_1,C13ISRAELCOMPARE,N
13852,J_NO_1,C14BDS,N
13852,J_NO_1,C15REASONABLE,N
13852,J_NO_1,C15DOUBLESTANDARD,N
45420,J_NO_1,C11PALESTINIANJUSTICE,N
45420,J_NO_1,C11PALESTINIANRIGHTS,N
45420,J_NO_1,C12ZIONCRITICAL,N
45420,J_NO_1,C12SOLUTIONS,N
45420,J_NO_1,C12EQUALRIGHTS,N
45420,J_NO_1,C13ISRAELEVIDENCE,N
45420,J_NO_1,C13ISRAELINSTITUTIONS,N
45420,J_NO_1,C13ISRAELPOLICIES,N
45420,J_NO_1,C13ISRAELOPT,N
45420,J_NO_1,C13ISRAELREGION,N
45420,J_NO_1,C13ISRAELDISCRIMINATION,N
45420,J_NO_1,C13ISRAELNORMS,N
45420,J_NO_1,C13ISRAELCOMPARE,N
45420,J_NO_1,C14BDS,N
45420,J_NO_1,C15REASONABLE,N
45420,J_NO_1,C15DOUBLESTANDARD,N
40852,J_NO_1,C11PALESTINIANJUSTICE,N
40852,J_NO_1,C11PALESTINIANRIGHTS,N
40852,J_NO_1,C12ZIONCRITICAL,N
40852,J_NO_1,C12SOLUTIONS,N
40852,J_NO_1,C12EQUALRIGHTS,N
40852,J_NO_1,C13ISRAELEVIDENCE,N
40852,J_NO_1,C13ISRAELINSTITUTIONS,N
40852,J_NO_1,C13ISRAELPOLICIES,N
40852,J_NO_1,C13ISRAELOPT,N
40852,J_NO_1,C13ISRAELREGION,N
40852,J_NO_1,C13ISRAELDISCRIMINATION,N
40852,J_NO_1,C13ISRAELNORMS,N
40852,J_NO_1,C13ISRAELCOMPARE,N
40852,J_NO_1,C14BDS,N
40852,J_NO_1,C15REASONABLE,N
40852,J_NO_1,C15DOUBLESTANDARD,N
2065,J_NO_1,C11PALESTINIANJUSTICE,N
2065,J_NO_1,C11PALESTINIANRIGHTS,N
2065,J_NO_1,C12ZIONCRITICAL,N
2065,J_NO_1,C12SOLUTIONS,N
2065,J_NO_1,C12EQUALRIGHTS,N
2065,J_NO_1,C13ISRAELEVIDENCE,N
2065,J_NO_1,C13ISRAELINSTITUTIONS,N
2065,J_NO_1,C13ISRAELPOLICIES,N
2065,J_NO_1,C13ISRAELOPT,N
2065,J_NO_1,C13ISRAELREGION,N
2065,J_NO_1,C13ISRAELDISCRIMINATION,N
2065,J_NO_1,C13ISRAELNORMS,N
2065,J_NO_1,C13ISRAELCOMPARE,N
2065,J_NO_1,C14BDS,N
2065,J_NO_1,C15REASONABLE,N
2065,J_NO_1,C15DOUBLESTANDARD,N
19796,J_NO_1,C11PALESTINIANJUSTICE,N
19796,J_NO_1,C11PALESTINIANRIGHTS,N
19796,J_NO_1,C12ZIONCRITICAL,N
19796,J_NO_1,C12SOLUTIONS,N
19796,J_NO_1,C12EQUALRIGHTS,N
19796,J_NO_1,C13ISRAELEVIDENCE,N
19796,J_NO_1,C13ISRAELINSTITUTIONS,N
19796,J_NO_1,C13ISRAELPOLICIES,N
19796,J_NO_1,C13ISRAELOPT,N
19796,J_NO_1,C13ISRAELREGION,N
19796,J_NO_1,C13ISRAELDISCRIMINATION,N
19796,J_NO_1,C13ISRAELNORMS,N
19796,J_NO_1,C13ISRAELCOMPARE,N
19796,J_NO_1,C14BDS,N
19796,J_NO_1,C15REASONABLE,N
19796,J_NO_1,C15DOUBLESTANDARD,N
45371,J_NO_1,C11PALESTINIANJUSTICE,N
45371,J_NO_1,C11PALESTINIANRIGHTS,N
45371,J_NO_1,C12ZIONCRITICAL,N
45371,J_NO_1,C12SOLUTIONS,N
45371,J_NO_1,C12EQUALRIGHTS,N
45371,J_NO_1,C13ISRAELEVIDENCE,N
45371,J_NO_1,C13ISRAELINSTITUTIONS,N
45371,J_NO_1,C13ISRAELPOLICIES,N
45371,J_NO_1,C13ISRAELOPT,N
45371,J_NO_1,C13ISRAELREGION,N
45371,J_NO_1,C13ISRAELDISCRIMINATION,N
45371,J_NO_1,C13ISRAELNORMS,N
45371,J_NO_1,C13ISRAELCOMPARE,N
45371,J_NO_1,C14BDS,N
45371,J_NO_1,C15REASONABLE,N
45371,J_NO_1,C15DOUBLESTANDARD,N
25281,J_NO_1,C11PALESTINIANJUSTICE,N
25281,J_NO_1,C11PALESTINIANRIGHTS,N
25281,J_NO_1,C12ZIONCRITICAL,N
25281,J_NO_1,C12SOLUTIONS,N
25281,J_NO_1,C12EQUALRIGHTS,N
25281,J_NO_1,C13ISRAELEVIDENCE,N
25281,J_NO_1,C13ISRAELINSTITUTIONS,N
25281,J_NO_1,C13ISRAELPOLICIES,N
25281,J_NO_1,C13ISRAELOPT,N
25281,J_NO_1,C13ISRAELREGION,N
25281,J_NO_1,C13ISRAELDISCRIMINATION,N
25281,J_NO_1,C13ISRAELNORMS,N
25281,J_NO_1,C13ISRAELCOMPARE,N
25281,J_NO_1,C14BDS,N
25281,J_NO_1,C15REASONABLE,N
25281,J_NO_1,C15DOUBLESTANDARD,N
40149,J_NO_1,C11PALESTINIANJUSTICE,N
40149,J_NO_1,C11PALESTINIANRIGHTS,N
40149,J_NO_1,C12ZIONCRITICAL,N
40149,J_NO_1,C12SOLUTIONS,N
40149,J_NO_1,C12EQUALRIGHTS,N
40149,J_NO_1,C13ISRAELEVIDENCE,N
40149,J_NO_1,C13ISRAELINSTITUTIONS,N
40149,J_NO_1,C13ISRAELPOLICIES,N
40149,J_NO_1,C13ISRAELOPT,N
40149,J_NO_1,C13ISRAELREGION,N
40149,J_NO_1,C13ISRAELDISCRIMINATION,N
40149,J_NO_1,C13ISRAELNORMS,N
40149,J_NO_1,C13ISRAELCOMPARE,N
40149,J_NO_1,C14BDS,N
40149,J_NO_1,C15REASONABLE,N
40149,J_NO_1,C15DOUBLESTANDARD,N
2874,J_NO_1,C11PALESTINIANJUSTICE,N
2874,J_NO_1,C11PALESTINIANRIGHTS,N
2874,J_NO_1,C12ZIONCRITICAL,N
2874,J_NO_1,C12SOLUTIONS,N
2874,J_NO_1,C12EQUALRIGHTS,N
2874,J_NO_1,C13ISRAELEVIDENCE,N
2874,J_NO_1,C13ISRAELINSTITUTIONS,N
2874,J_NO_1,C13ISRAELPOLICIES,N
2874,J_NO_1,C13ISRAELOPT,N
2874,J_NO_1,C13ISRAELREGION,N
2874,J_NO_1,C13ISRAELDISCRIMINATION,N
2874,J_NO_1,C13ISRAELNORMS,N
2874,J_NO_1,C13ISRAELCOMPARE,N
2874,J_NO_1,C14BDS,N
2874,J_NO_1,C15REASONABLE,N
2874,J_NO_1,C15DOUBLESTANDARD,N
5214,J_NO_1,C11PALESTINIANJUSTICE,N
5214,J_NO_1,C11PALESTINIANRIGHTS,N
5214,J_NO_1,C12ZIONCRITICAL,N
5214,J_NO_1,C12SOLUTIONS,N
5214,J_NO_1,C12EQUALRIGHTS,N
5214,J_NO_1,C13ISRAELEVIDENCE,N
5214,J_NO_1,C13ISRAELINSTITUTIONS,N
5214,J_NO_1,C13ISRAELPOLICIES,N
5214,J_NO_1,C13ISRAELOPT,N
5214,J_NO_1,C13ISRAELREGION,N
5214,J_NO_1,C13ISRAELDISCRIMINATION,N
5214,J_NO_1,C13ISRAELNORMS,N
5214,J_NO_1,C13ISRAELCOMPARE,N
5214,J_NO_1,C14BDS,N
5214,J_NO_1,C15REASONABLE,N
5214,J_NO_1,C15DOUBLESTANDARD,N
8229,J_NO_1,C11PALESTINIANJUSTICE,N
8229,J_NO_1,C11PALESTINIANRIGHTS,N
8229,J_NO_1,C12ZIONCRITICAL,N
8229,J_NO_1,C12SOLUTIONS,N
8229,J_NO_1,C12EQUALRIGHTS,N
8229,J_NO_1,C13ISRAELEVIDENCE,N
8229,J_NO_1,C13ISRAELINSTITUTIONS,N
8229,J_NO_1,C13ISRAELPOLICIES,N
8229,J_NO_1,C13ISRAELOPT,N
8229,J_NO_1,C13ISRAELREGION,N
8229,J_NO_1,C13ISRAELDISCRIMINATION,N
8229,J_NO_1,C13ISRAELNORMS,N
8229,J_NO_1,C13ISRAELCOMPARE,N
8229,J_NO_1,C14BDS,N
8229,J_NO_1,C15REASONABLE,N
8229,J_NO_1,C15DOUBLESTANDARD,N
37722,J_NO_1,C11PALESTINIANJUSTICE,N
37722,J_NO_1,C11PALESTINIANRIGHTS,N
37722,J_NO_1,C12ZIONCRITICAL,N
37722,J_NO_1,C12SOLUTIONS,N
37722,J_NO_1,C12EQUALRIGHTS,N
37722,J_NO_1,C13ISRAELEVIDENCE,A
37722,J_NO_1,C13ISRAELINSTITUTIONS,N
37722,J_NO_1,C13ISRAELPOLICIES,A
37722,J_NO_1,C13ISRAELOPT,A
37722,J_NO_1,C13ISRAELREGION,N
37722,J_NO_1,C13ISRAELDISCRIMINATION,N
37722,J_NO_1,C13ISRAELNORMS,N
37722,J_NO_1,C13ISRAELCOMPARE,N
37722,J_NO_1,C14BDS,N
37722,J_NO_1,C15REASONABLE,N
37722,J_NO_1,C15DOUBLESTANDARD,A
37228,J_NO_1,C11PALESTINIANJUSTICE,N
37228,J_NO_1,C11PALESTINIANRIGHTS,N
37228,J_NO_1,C12ZIONCRITICAL,N
37228,J_NO_1,C12SOLUTIONS,N
37228,J_NO_1,C12EQUALRIGHTS,N
37228,J_NO_1,C13ISRAELEVIDENCE,N
37228,J_NO_1,C13ISRAELINSTITUTIONS,N
37228,J_NO_1,C13ISRAELPOLICIES,N
37228,J_NO_1,C13ISRAELOPT,N
37228,J_NO_1,C13ISRAELREGION,N
37228,J_NO_1,C13ISRAELDISCRIMINATION,N
37228,J_NO_1,C13ISRAELNORMS,N
37228,J_NO_1,C13ISRAELCOMPARE,N
37228,J_NO_1,C14BDS,N
37228,J_NO_1,C15REASONABLE,N
37228,J_NO_1,C15DOUBLESTANDARD,N
43804,J_NO_1,C11PALESTINIANJUSTICE,N
43804,J_NO_1,C11PALESTINIANRIGHTS,N
43804,J_NO_1,C12ZIONCRITICAL,N
43804,J_NO_1,C12SOLUTIONS,N
43804,J_NO_1,C12EQUALRIGHTS,N
43804,J_NO_1,C13ISRAELEVIDENCE,N
43804,J_NO_1,C13ISRAELINSTITUTIONS,N
43804,J_NO_1,C13ISRAELPOLICIES,N
43804,J_NO_1,C13ISRAELOPT,N
43804,J_NO_1,C13ISRAELREGION,N
43804,J_NO_1,C13ISRAELDISCRIMINATION,N
43804,J_NO_1,C13ISRAELNORMS,N
43804,J_NO_1,C13ISRAELCOMPARE,N
43804,J_NO_1,C14BDS,N
43804,J_NO_1,C15REASONABLE,N
43804,J_NO_1,C15DOUBLESTANDARD,N
30599,J_NO_1,C11PALESTINIANJUSTICE,N
30599,J_NO_1,C11PALESTINIANRIGHTS,N
30599,J_NO_1,C12ZIONCRITICAL,N
30599,J_NO_1,C12SOLUTIONS,N
30599,J_NO_1,C12EQUALRIGHTS,N
30599,J_NO_1,C13ISRAELEVIDENCE,N
30599,J_NO_1,C13ISRAELINSTITUTIONS,N
30599,J_NO_1,C13ISRAELPOLICIES,N
30599,J_NO_1,C13ISRAELOPT,N
30599,J_NO_1,C13ISRAELREGION,N
30599,J_NO_1,C13ISRAELDISCRIMINATION,N
30599,J_NO_1,C13ISRAELNORMS,N
30599,J_NO_1,C13ISRAELCOMPARE,N
30599,J_NO_1,C14BDS,N
30599,J_NO_1,C15REASONABLE,N
30599,J_NO_1,C15DOUBLESTANDARD,N
16548,J_NO_1,C11PALESTINIANJUSTICE,N
16548,J_NO_1,C11PALESTINIANRIGHTS,N
16548,J_NO_1,C12ZIONCRITICAL,N
16548,J_NO_1,C12SOLUTIONS,N
16548,J_NO_1,C12EQUALRIGHTS,N
16548,J_NO_1,C13ISRAELEVIDENCE,N
16548,J_NO_1,C13ISRAELINSTITUTIONS,N
16548,J_NO_1,C13ISRAELPOLICIES,N
16548,J_NO_1,C13ISRAELOPT,N
16548,J_NO_1,C13ISRAELREGION,N
16548,J_NO_1,C13ISRAELDISCRIMINATION,N
16548,J_NO_1,C13ISRAELNORMS,N
16548,J_NO_1,C13ISRAELCOMPARE,N
16548,J_NO_1,C14BDS,N
16548,J_NO_1,C15REASONABLE,N
16548,J_NO_1,C15DOUBLESTANDARD,N
29564,J_NO_1,C11PALESTINIANJUSTICE,N
29564,J_NO_1,C11PALESTINIANRIGHTS,N
29564,J_NO_1,C12ZIONCRITICAL,N
29564,J_NO_1,C12SOLUTIONS,N
29564,J_NO_1,C12EQUALRIGHTS,N
29564,J_NO_1,C13ISRAELEVIDENCE,N
29564,J_NO_1,C13ISRAELINSTITUTIONS,N
29564,J_NO_1,C13ISRAELPOLICIES,N
29564,J_NO_1,C13ISRAELOPT,N
29564,J_NO_1,C13ISRAELREGION,N
29564,J_NO_1,C13ISRAELDISCRIMINATION,N
29564,J_NO_1,C13ISRAELNORMS,N
29564,J_NO_1,C13ISRAELCOMPARE,N
29564,J_NO_1,C14BDS,N
29564,J_NO_1,C15REASONABLE,N
29564,J_NO_1,C15DOUBLESTANDARD,N
27244,J_NO_1,C11PALESTINIANJUSTICE,A
27244,J_NO_1,C11PALESTINIANRIGHTS,A
27244,J_NO_1,C12ZIONCRITICAL,N
27244,J_NO_1,C12SOLUTIONS,N
27244,J_NO_1,C12EQUALRIGHTS,N
27244,J_NO_1,C13ISRAELEVIDENCE,N
27244,J_NO_1,C13ISRAELINSTITUTIONS,N
27244,J_NO_1,C13ISRAELPOLICIES,N
27244,J_NO_1,C13ISRAELOPT,N
27244,J_NO_1,C13ISRAELREGION,N
27244,J_NO_1,C13ISRAELDISCRIMINATION,N
27244,J_NO_1,C13ISRAELNORMS,N
27244,J_NO_1,C13ISRAELCOMPARE,N
27244,J_NO_1,C14BDS,N
27244,J_NO_1,C15REASONABLE,A
27244,J_NO_1,C15DOUBLESTANDARD,N
4936,J_NO_1,C11PALESTINIANJUSTICE,N
4936,J_NO_1,C11PALESTINIANRIGHTS,N
4936,J_NO_1,C12ZIONCRITICAL,N
4936,J_NO_1,C12SOLUTIONS,N
4936,J_NO_1,C12EQUALRIGHTS,N
4936,J_NO_1,C13ISRAELEVIDENCE,N
4936,J_NO_1,C13ISRAELINSTITUTIONS,N
4936,J_NO_1,C13ISRAELPOLICIES,N
4936,J_NO_1,C13ISRAELOPT,N
4936,J_NO_1,C13ISRAELREGION,N
4936,J_NO_1,C13ISRAELDISCRIMINATION,N
4936,J_NO_1,C13ISRAELNORMS,N
4936,J_NO_1,C13ISRAELCOMPARE,N
4936,J_NO_1,C14BDS,N
4936,J_NO_1,C15REASONABLE,N
4936,J_NO_1,C15DOUBLESTANDARD,N
16033,J_NO_1,C11PALESTINIANJUSTICE,N
16033,J_NO_1,C11PALESTINIANRIGHTS,N
16033,J_NO_1,C12ZIONCRITICAL,N
16033,J_NO_1,C12SOLUTIONS,N
16033,J_NO_1,C12EQUALRIGHTS,N
16033,J_NO_1,C13ISRAELEVIDENCE,N
16033,J_NO_1,C13ISRAELINSTITUTIONS,N
16033,J_NO_1,C13ISRAELPOLICIES,N
16033,J_NO_1,C13ISRAELOPT,N
16033,J_NO_1,C13ISRAELREGION,N
16033,J_NO_1,C13ISRAELDISCRIMINATION,N
16033,J_NO_1,C13ISRAELNORMS,N
16033,J_NO_1,C13ISRAELCOMPARE,N
16033,J_NO_1,C14BDS,N
16033,J_NO_1,C15REASONABLE,N
16033,J_NO_1,C15DOUBLESTANDARD,N
26782,J_NO_1,C11PALESTINIANJUSTICE,N
26782,J_NO_1,C11PALESTINIANRIGHTS,N
26782,J_NO_1,C12ZIONCRITICAL,N
26782,J_NO_1,C12SOLUTIONS,N
26782,J_NO_1,C12EQUALRIGHTS,N
26782,J_NO_1,C13ISRAELEVIDENCE,N
26782,J_NO_1,C13ISRAELINSTITUTIONS,N
26782,J_NO_1,C13ISRAELPOLICIES,N
26782,J_NO_1,C13ISRAELOPT,N
26782,J_NO_1,C13ISRAELREGION,N
26782,J_NO_1,C13ISRAELDISCRIMINATION,N
26782,J_NO_1,C13ISRAELNORMS,N
26782,J_NO_1,C13ISRAELCOMPARE,N
26782,J_NO_1,C14BDS,N
26782,J_NO_1,C15REASONABLE,N
26782,J_NO_1,C15DOUBLESTANDARD,N
41775,J_NO_1,C11PALESTINIANJUSTICE,N
41775,J_NO_1,C11PALESTINIANRIGHTS,N
41775,J_NO_1,C12ZIONCRITICAL,N
41775,J_NO_1,C12SOLUTIONS,N
41775,J_NO_1,C12EQUALRIGHTS,N
41775,J_NO_1,C13ISRAELEVIDENCE,N
41775,J_NO_1,C13ISRAELINSTITUTIONS,N
41775,J_NO_1,C13ISRAELPOLICIES,N
41775,J_NO_1,C13ISRAELOPT,N
41775,J_NO_1,C13ISRAELREGION,N
41775,J_NO_1,C13ISRAELDISCRIMINATION,N
41775,J_NO_1,C13ISRAELNORMS,N
41775,J_NO_1,C13ISRAELCOMPARE,N
41775,J_NO_1,C14BDS,N
41775,J_NO_1,C15REASONABLE,N
41775,J_NO_1,C15DOUBLESTANDARD,N
14718,J_NO_1,C11PALESTINIANJUSTICE,N
14718,J_NO_1,C11PALESTINIANRIGHTS,N
14718,J_NO_1,C12ZIONCRITICAL,N
14718,J_NO_1,C12SOLUTIONS,N
14718,J_NO_1,C12EQUALRIGHTS,N
14718,J_NO_1,C13ISRAELEVIDENCE,N
14718,J_NO_1,C13ISRAELINSTITUTIONS,N
14718,J_NO_1,C13ISRAELPOLICIES,N
14718,J_NO_1,C13ISRAELOPT,N
14718,J_NO_1,C13ISRAELREGION,N
14718,J_NO_1,C13ISRAELDISCRIMINATION,N
14718,J_NO_1,C13ISRAELNORMS,N
14718,J_NO_1,C13ISRAELCOMPARE,N
14718,J_NO_1,C14BDS,N
14718,J_NO_1,C15REASONABLE,N
14718,J_NO_1,C15DOUBLESTANDARD,N
47951,J_NO_1,C11PALESTINIANJUSTICE,N
47951,J_NO_1,C11PALESTINIANRIGHTS,N
47951,J_NO_1,C12ZIONCRITICAL,N
47951,J_NO_1,C12SOLUTIONS,N
47951,J_NO_1,C12EQUALRIGHTS,N
47951,J_NO_1,C13ISRAELEVIDENCE,N
47951,J_NO_1,C13ISRAELINSTITUTIONS,N
47951,J_NO_1,C13ISRAELPOLICIES,N
47951,J_NO_1,C13ISRAELOPT,N
47951,J_NO_1,C13ISRAELREGION,N
47951,J_NO_1,C13ISRAELDISCRIMINATION,N
47951,J_NO_1,C13ISRAELNORMS,N
47951,J_NO_1,C13ISRAELCOMPARE,N
47951,J_NO_1,C14BDS,N
47951,J_NO_1,C15REASONABLE,N
47951,J_NO_1,C15DOUBLESTANDARD,N
11354,J_NO_1,C11PALESTINIANJUSTICE,N
11354,J_NO_1,C11PALESTINIANRIGHTS,N
11354,J_NO_1,C12ZIONCRITICAL,N
11354,J_NO_1,C12SOLUTIONS,N
11354,J_NO_1,C12EQUALRIGHTS,N
11354,J_NO_1,C13ISRAELEVIDENCE,N
11354,J_NO_1,C13ISRAELINSTITUTIONS,N
11354,J_NO_1,C13ISRAELPOLICIES,N
11354,J_NO_1,C13ISRAELOPT,N
11354,J_NO_1,C13ISRAELREGION,N
11354,J_NO_1,C13ISRAELDISCRIMINATION,N
11354,J_NO_1,C13ISRAELNORMS,N
11354,J_NO_1,C13ISRAELCOMPARE,N
11354,J_NO_1,C14BDS,N
11354,J_NO_1,C15REASONABLE,N
11354,J_NO_1,C15DOUBLESTANDARD,N
13735,J_NO_1,C11PALESTINIANJUSTICE,N
13735,J_NO_1,C11PALESTINIANRIGHTS,N
13735,J_NO_1,C12ZIONCRITICAL,N
13735,J_NO_1,C12SOLUTIONS,N
13735,J_NO_1,C12EQUALRIGHTS,N
13735,J_NO_1,C13ISRAELEVIDENCE,N
13735,J_NO_1,C13ISRAELINSTITUTIONS,N
13735,J_NO_1,C13ISRAELPOLICIES,N
13735,J_NO_1,C13ISRAELOPT,N
13735,J_NO_1,C13ISRAELREGION,N
13735,J_NO_1,C13ISRAELDISCRIMINATION,N
13735,J_NO_1,C13ISRAELNORMS,N
13735,J_NO_1,C13ISRAELCOMPARE,N
13735,J_NO_1,C14BDS,N
13735,J_NO_1,C15REASONABLE,A
13735,J_NO_1,C15DOUBLESTANDARD,N
45757,J_NO_1,C11PALESTINIANJUSTICE,N
45757,J_NO_1,C11PALESTINIANRIGHTS,N
45757,J_NO_1,C12ZIONCRITICAL,N
45757,J_NO_1,C12SOLUTIONS,N
45757,J_NO_1,C12EQUALRIGHTS,N
45757,J_NO_1,C13ISRAELEVIDENCE,N
45757,J_NO_1,C13ISRAELINSTITUTIONS,N
45757,J_NO_1,C13ISRAELPOLICIES,N
45757,J_NO_1,C13ISRAELOPT,N
45757,J_NO_1,C13ISRAELREGION,N
45757,J_NO_1,C13ISRAELDISCRIMINATION,N
45757,J_NO_1,C13ISRAELNORMS,N
45757,J_NO_1,C13ISRAELCOMPARE,N
45757,J_NO_1,C14BDS,N
45757,J_NO_1,C15REASONABLE,N
45757,J_NO_1,C15DOUBLESTANDARD,N
3232,J_NO_1,C11PALESTINIANJUSTICE,N
3232,J_NO_1,C11PALESTINIANRIGHTS,N
3232,J_NO_1,C12ZIONCRITICAL,N
3232,J_NO_1,C12SOLUTIONS,N
3232,J_NO_1,C12EQUALRIGHTS,N
3232,J_NO_1,C13ISRAELEVIDENCE,N
3232,J_NO_1,C13ISRAELINSTITUTIONS,N
3232,J_NO_1,C13ISRAELPOLICIES,N
3232,J_NO_1,C13ISRAELOPT,N
3232,J_NO_1,C13ISRAELREGION,N
3232,J_NO_1,C13ISRAELDISCRIMINATION,N
3232,J_NO_1,C13ISRAELNORMS,N
3232,J_NO_1,C13ISRAELCOMPARE,N
3232,J_NO_1,C14BDS,N
3232,J_NO_1,C15REASONABLE,N
3232,J_NO_1,C15DOUBLESTANDARD,N
32249,J_NO_1,C11PALESTINIANJUSTICE,N
32249,J_NO_1,C11PALESTINIANRIGHTS,N
32249,J_NO_1,C12ZIONCRITICAL,N
32249,J_NO_1,C12SOLUTIONS,N
32249,J_NO_1,C12EQUALRIGHTS,N
32249,J_NO_1,C13ISRAELEVIDENCE,N
32249,J_NO_1,C13ISRAELINSTITUTIONS,N
32249,J_NO_1,C13ISRAELPOLICIES,N
32249,J_NO_1,C13ISRAELOPT,N
32249,J_NO_1,C13ISRAELREGION,N
32249,J_NO_1,C13ISRAELDISCRIMINATION,N
32249,J_NO_1,C13ISRAELNORMS,N
32249,J_NO_1,C13ISRAELCOMPARE,N
32249,J_NO_1,C14BDS,N
32249,J_NO_1,C15REASONABLE,A
32249,J_NO_1,C15DOUBLESTANDARD,N
37934,J_NO_1,C11PALESTINIANJUSTICE,N
37934,J_NO_1,C11PALESTINIANRIGHTS,N
37934,J_NO_1,C12ZIONCRITICAL,N
37934,J_NO_1,C12SOLUTIONS,N
37934,J_NO_1,C12EQUALRIGHTS,N
37934,J_NO_1,C13ISRAELEVIDENCE,N
37934,J_NO_1,C13ISRAELINSTITUTIONS,N
37934,J_NO_1,C13ISRAELPOLICIES,N
37934,J_NO_1,C13ISRAELOPT,N
37934,J_NO_1,C13ISRAELREGION,N
37934,J_NO_1,C13ISRAELDISCRIMINATION,N
37934,J_NO_1,C13ISRAELNORMS,N
37934,J_NO_1,C13ISRAELCOMPARE,N
37934,J_NO_1,C14BDS,N
37934,J_NO_1,C15REASONABLE,N
37934,J_NO_1,C15DOUBLESTANDARD,N
48195,J_NO_1,C11PALESTINIANJUSTICE,N
48195,J_NO_1,C11PALESTINIANRIGHTS,N
48195,J_NO_1,C12ZIONCRITICAL,I
48195,J_NO_1,C12SOLUTIONS,N
48195,J_NO_1,C12EQUALRIGHTS,N
48195,J_NO_1,C13ISRAELEVIDENCE,N
48195,J_NO_1,C13ISRAELINSTITUTIONS,I
48195,J_NO_1,C13ISRAELPOLICIES,I
48195,J_NO_1,C13ISRAELOPT,N
48195,J_NO_1,C13ISRAELREGION,N
48195,J_NO_1,C13ISRAELDISCRIMINATION,I
48195,J_NO_1,C13ISRAELNORMS,N
48195,J_NO_1,C13ISRAELCOMPARE,N
48195,J_NO_1,C14BDS,N
48195,J_NO_1,C15REASONABLE,N
48195,J_NO_1,C15DOUBLESTANDARD,N
34831,J_NO_1,C11PALESTINIANJUSTICE,N
34831,J_NO_1,C11PALESTINIANRIGHTS,N
34831,J_NO_1,C12ZIONCRITICAL,N
34831,J_NO_1,C12SOLUTIONS,N
34831,J_NO_1,C12EQUALRIGHTS,N
34831,J_NO_1,C13ISRAELEVIDENCE,N
34831,J_NO_1,C13ISRAELINSTITUTIONS,N
34831,J_NO_1,C13ISRAELPOLICIES,N
34831,J_NO_1,C13ISRAELOPT,N
34831,J_NO_1,C13ISRAELREGION,N
34831,J_NO_1,C13ISRAELDISCRIMINATION,N
34831,J_NO_1,C13ISRAELNORMS,N
34831,J_NO_1,C13ISRAELCOMPARE,N
34831,J_NO_1,C14BDS,N
34831,J_NO_1,C15REASONABLE,N
34831,J_NO_1,C15DOUBLESTANDARD,N
30487,J_NO_1,C11PALESTINIANJUSTICE,N
30487,J_NO_1,C11PALESTINIANRIGHTS,N
30487,J_NO_1,C12ZIONCRITICAL,N
30487,J_NO_1,C12SOLUTIONS,N
30487,J_NO_1,C12EQUALRIGHTS,N
30487,J_NO_1,C13ISRAELEVIDENCE,N
30487,J_NO_1,C13ISRAELINSTITUTIONS,N
30487,J_NO_1,C13ISRAELPOLICIES,N
30487,J_NO_1,C13ISRAELOPT,N
30487,J_NO_1,C13ISRAELREGION,N
30487,J_NO_1,C13ISRAELDISCRIMINATION,N
30487,J_NO_1,C13ISRAELNORMS,N
30487,J_NO_1,C13ISRAELCOMPARE,N
30487,J_NO_1,C14BDS,N
30487,J_NO_1,C15REASONABLE,N
30487,J_NO_1,C15DOUBLESTANDARD,N
13437,J_NO_1,C11PALESTINIANJUSTICE,N
13437,J_NO_1,C11PALESTINIANRIGHTS,N
13437,J_NO_1,C12ZIONCRITICAL,N
13437,J_NO_1,C12SOLUTIONS,N
13437,J_NO_1,C12EQUALRIGHTS,N
13437,J_NO_1,C13ISRAELEVIDENCE,N
13437,J_NO_1,C13ISRAELINSTITUTIONS,N
13437,J_NO_1,C13ISRAELPOLICIES,N
13437,J_NO_1,C13ISRAELOPT,N
13437,J_NO_1,C13ISRAELREGION,N
13437,J_NO_1,C13ISRAELDISCRIMINATION,N
13437,J_NO_1,C13ISRAELNORMS,N
13437,J_NO_1,C13ISRAELCOMPARE,N
13437,J_NO_1,C14BDS,N
13437,J_NO_1,C15REASONABLE,N
13437,J_NO_1,C15DOUBLESTANDARD,N
808,J_NO_1,C11PALESTINIANJUSTICE,N
808,J_NO_1,C11PALESTINIANRIGHTS,N
808,J_NO_1,C12ZIONCRITICAL,N
808,J_NO_1,C12SOLUTIONS,N
808,J_NO_1,C12EQUALRIGHTS,N
808,J_NO_1,C13ISRAELEVIDENCE,N
808,J_NO_1,C13ISRAELINSTITUTIONS,N
808,J_NO_1,C13ISRAELPOLICIES,N
808,J_NO_1,C13ISRAELOPT,N
808,J_NO_1,C13ISRAELREGION,N
808,J_NO_1,C13ISRAELDISCRIMINATION,N
808,J_NO_1,C13ISRAELNORMS,N
808,J_NO_1,C13ISRAELCOMPARE,N
808,J_NO_1,C14BDS,N
808,J_NO_1,C15REASONABLE,N
808,J_NO_1,C15DOUBLESTANDARD,N
31095,J_NO_1,C11PALESTINIANJUSTICE,N
31095,J_NO_1,C11PALESTINIANRIGHTS,N
31095,J_NO_1,C12ZIONCRITICAL,N
31095,J_NO_1,C12SOLUTIONS,N
31095,J_NO_1,C12EQUALRIGHTS,N
31095,J_NO_1,C13ISRAELEVIDENCE,N
31095,J_NO_1,C13ISRAELINSTITUTIONS,N
31095,J_NO_1,C13ISRAELPOLICIES,N
31095,J_NO_1,C13ISRAELOPT,N
31095,J_NO_1,C13ISRAELREGION,N
31095,J_NO_1,C13ISRAELDISCRIMINATION,N
31095,J_NO_1,C13ISRAELNORMS,N
31095,J_NO_1,C13ISRAELCOMPARE,N
31095,J_NO_1,C14BDS,N
31095,J_NO_1,C15REASONABLE,N
31095,J_NO_1,C15DOUBLESTANDARD,N
18257,J_NO_1,C11PALESTINIANJUSTICE,N
18257,J_NO_1,C11PALESTINIANRIGHTS,N
18257,J_NO_1,C12ZIONCRITICAL,N
18257,J_NO_1,C12SOLUTIONS,N
18257,J_NO_1,C12EQUALRIGHTS,N
18257,J_NO_1,C13ISRAELEVIDENCE,N
18257,J_NO_1,C13ISRAELINSTITUTIONS,N
18257,J_NO_1,C13ISRAELPOLICIES,N
18257,J_NO_1,C13ISRAELOPT,N
18257,J_NO_1,C13ISRAELREGION,N
18257,J_NO_1,C13ISRAELDISCRIMINATION,N
18257,J_NO_1,C13ISRAELNORMS,N
18257,J_NO_1,C13ISRAELCOMPARE,N
18257,J_NO_1,C14BDS,N
18257,J_NO_1,C15REASONABLE,N
18257,J_NO_1,C15DOUBLESTANDARD,N
42128,J_NO_1,C11PALESTINIANJUSTICE,N
42128,J_NO_1,C11PALESTINIANRIGHTS,N
42128,J_NO_1,C12ZIONCRITICAL,N
42128,J_NO_1,C12SOLUTIONS,N
42128,J_NO_1,C12EQUALRIGHTS,N
42128,J_NO_1,C13ISRAELEVIDENCE,N
42128,J_NO_1,C13ISRAELINSTITUTIONS,N
42128,J_NO_1,C13ISRAELPOLICIES,N
42128,J_NO_1,C13ISRAELOPT,N
42128,J_NO_1,C13ISRAELREGION,N
42128,J_NO_1,C13ISRAELDISCRIMINATION,N
42128,J_NO_1,C13ISRAELNORMS,N
42128,J_NO_1,C13ISRAELCOMPARE,N
42128,J_NO_1,C14BDS,N
42128,J_NO_1,C15REASONABLE,N
42128,J_NO_1,C15DOUBLESTANDARD,N
11252,J_NO_1,C11PALESTINIANJUSTICE,N
11252,J_NO_1,C11PALESTINIANRIGHTS,N
11252,J_NO_1,C12ZIONCRITICAL,E
11252,J_NO_1,C12SOLUTIONS,N
11252,J_NO_1,C12EQUALRIGHTS,N
11252,J_NO_1,C13ISRAELEVIDENCE,N
11252,J_NO_1,C13ISRAELINSTITUTIONS,N
11252,J_NO_1,C13ISRAELPOLICIES,N
11252,J_NO_1,C13ISRAELOPT,N
11252,J_NO_1,C13ISRAELREGION,N
11252,J_NO_1,C13ISRAELDISCRIMINATION,N
11252,J_NO_1,C13ISRAELNORMS,E
11252,J_NO_1,C13ISRAELCOMPARE,N
11252,J_NO_1,C14BDS,N
11252,J_NO_1,C15REASONABLE,E
11252,J_NO_1,C15DOUBLESTANDARD,E
36458,J_NO_1,C11PALESTINIANJUSTICE,N
36458,J_NO_1,C11PALESTINIANRIGHTS,N
36458,J_NO_1,C12ZIONCRITICAL,N
36458,J_NO_1,C12SOLUTIONS,N
36458,J_NO_1,C12EQUALRIGHTS,N
36458,J_NO_1,C13ISRAELEVIDENCE,N
36458,J_NO_1,C13ISRAELINSTITUTIONS,N
36458,J_NO_1,C13ISRAELPOLICIES,N
36458,J_NO_1,C13ISRAELOPT,N
36458,J_NO_1,C13ISRAELREGION,N
36458,J_NO_1,C13ISRAELDISCRIMINATION,N
36458,J_NO_1,C13ISRAELNORMS,N
36458,J_NO_1,C13ISRAELCOMPARE,N
36458,J_NO_1,C14BDS,N
36458,J_NO_1,C15REASONABLE,N
36458,J_NO_1,C15DOUBLESTANDARD,N
40479,J_NO_1,C11PALESTINIANJUSTICE,N
40479,J_NO_1,C11PALESTINIANRIGHTS,N
40479,J_NO_1,C12ZIONCRITICAL,N
40479,J_NO_1,C12SOLUTIONS,N
40479,J_NO_1,C12EQUALRIGHTS,N
40479,J_NO_1,C13ISRAELEVIDENCE,N
40479,J_NO_1,C13ISRAELINSTITUTIONS,N
40479,J_NO_1,C13ISRAELPOLICIES,N
40479,J_NO_1,C13ISRAELOPT,N
40479,J_NO_1,C13ISRAELREGION,N
40479,J_NO_1,C13ISRAELDISCRIMINATION,N
40479,J_NO_1,C13ISRAELNORMS,N
40479,J_NO_1,C13ISRAELCOMPARE,N
40479,J_NO_1,C14BDS,N
40479,J_NO_1,C15REASONABLE,N
40479,J_NO_1,C15DOUBLESTANDARD,N
13591,J_NO_1,C11PALESTINIANJUSTICE,N
13591,J_NO_1,C11PALESTINIANRIGHTS,N
13591,J_NO_1,C12ZIONCRITICAL,N
13591,J_NO_1,C12SOLUTIONS,N
13591,J_NO_1,C12EQUALRIGHTS,N
13591,J_NO_1,C13ISRAELEVIDENCE,N
13591,J_NO_1,C13ISRAELINSTITUTIONS,N
13591,J_NO_1,C13ISRAELPOLICIES,N
13591,J_NO_1,C13ISRAELOPT,N
13591,J_NO_1,C13ISRAELREGION,N
13591,J_NO_1,C13ISRAELDISCRIMINATION,N
13591,J_NO_1,C13ISRAELNORMS,N
13591,J_NO_1,C13ISRAELCOMPARE,N
13591,J_NO_1,C14BDS,N
13591,J_NO_1,C15REASONABLE,N
13591,J_NO_1,C15DOUBLESTANDARD,N
32559,J_NO_1,C11PALESTINIANJUSTICE,N
32559,J_NO_1,C11PALESTINIANRIGHTS,N
32559,J_NO_1,C12ZIONCRITICAL,N
32559,J_NO_1,C12SOLUTIONS,N
32559,J_NO_1,C12EQUALRIGHTS,N
32559,J_NO_1,C13ISRAELEVIDENCE,N
32559,J_NO_1,C13ISRAELINSTITUTIONS,N
32559,J_NO_1,C13ISRAELPOLICIES,N
32559,J_NO_1,C13ISRAELOPT,N
32559,J_NO_1,C13ISRAELREGION,N
32559,J_NO_1,C13ISRAELDISCRIMINATION,N
32559,J_NO_1,C13ISRAELNORMS,N
32559,J_NO_1,C13ISRAELCOMPARE,N
32559,J_NO_1,C14BDS,N
32559,J_NO_1,C15REASONABLE,N
32559,J_NO_1,C15DOUBLESTANDARD,N
43723,J_NO_1,C11PALESTINIANJUSTICE,N
43723,J_NO_1,C11PALESTINIANRIGHTS,N
43723,J_NO_1,C12ZIONCRITICAL,N
43723,J_NO_1,C12SOLUTIONS,N
43723,J_NO_1,C12EQUALRIGHTS,N
43723,J_NO_1,C13ISRAELEVIDENCE,N
43723,J_NO_1,C13ISRAELINSTITUTIONS,N
43723,J_NO_1,C13ISRAELPOLICIES,N
43723,J_NO_1,C13ISRAELOPT,N
43723,J_NO_1,C13ISRAELREGION,N
43723,J_NO_1,C13ISRAELDISCRIMINATION,N
43723,J_NO_1,C13ISRAELNORMS,N
43723,J_NO_1,C13ISRAELCOMPARE,N
43723,J_NO_1,C14BDS,N
43723,J_NO_1,C15REASONABLE,N
43723,J_NO_1,C15DOUBLESTANDARD,N
11912,J_NO_1,C11PALESTINIANJUSTICE,N
11912,J_NO_1,C11PALESTINIANRIGHTS,N
11912,J_NO_1,C12ZIONCRITICAL,N
11912,J_NO_1,C12SOLUTIONS,N
11912,J_NO_1,C12EQUALRIGHTS,N
11912,J_NO_1,C13ISRAELEVIDENCE,N
11912,J_NO_1,C13ISRAELINSTITUTIONS,N
11912,J_NO_1,C13ISRAELPOLICIES,N
11912,J_NO_1,C13ISRAELOPT,N
11912,J_NO_1,C13ISRAELREGION,N
11912,J_NO_1,C13ISRAELDISCRIMINATION,N
11912,J_NO_1,C13ISRAELNORMS,N
11912,J_NO_1,C13ISRAELCOMPARE,N
11912,J_NO_1,C14BDS,N
11912,J_NO_1,C15REASONABLE,N
11912,J_NO_1,C15DOUBLESTANDARD,N
7885,J_NO_1,C11PALESTINIANJUSTICE,N
7885,J_NO_1,C11PALESTINIANRIGHTS,N
7885,J_NO_1,C12ZIONCRITICAL,N
7885,J_NO_1,C12SOLUTIONS,N
7885,J_NO_1,C12EQUALRIGHTS,N
7885,J_NO_1,C13ISRAELEVIDENCE,N
7885,J_NO_1,C13ISRAELINSTITUTIONS,N
7885,J_NO_1,C13ISRAELPOLICIES,N
7885,J_NO_1,C13ISRAELOPT,N
7885,J_NO_1,C13ISRAELREGION,N
7885,J_NO_1,C13ISRAELDISCRIMINATION,N
7885,J_NO_1,C13ISRAELNORMS,N
7885,J_NO_1,C13ISRAELCOMPARE,N
7885,J_NO_1,C14BDS,N
7885,J_NO_1,C15REASONABLE,N
7885,J_NO_1,C15DOUBLESTANDARD,N
5995,J_NO_1,C11PALESTINIANJUSTICE,N
5995,J_NO_1,C11PALESTINIANRIGHTS,N
5995,J_NO_1,C12ZIONCRITICAL,N
5995,J_NO_1,C12SOLUTIONS,N
5995,J_NO_1,C12EQUALRIGHTS,N
5995,J_NO_1,C13ISRAELEVIDENCE,N
5995,J_NO_1,C13ISRAELINSTITUTIONS,N
5995,J_NO_1,C13ISRAELPOLICIES,N
5995,J_NO_1,C13ISRAELOPT,N
5995,J_NO_1,C13ISRAELREGION,N
5995,J_NO_1,C13ISRAELDISCRIMINATION,N
5995,J_NO_1,C13ISRAELNORMS,N
5995,J_NO_1,C13ISRAELCOMPARE,N
5995,J_NO_1,C14BDS,N
5995,J_NO_1,C15REASONABLE,N
5995,J_NO_1,C15DOUBLESTANDARD,N
4481,J_NO_1,C11PALESTINIANJUSTICE,N
4481,J_NO_1,C11PALESTINIANRIGHTS,N
4481,J_NO_1,C12ZIONCRITICAL,N
4481,J_NO_1,C12SOLUTIONS,N
4481,J_NO_1,C12EQUALRIGHTS,N
4481,J_NO_1,C13ISRAELEVIDENCE,N
4481,J_NO_1,C13ISRAELINSTITUTIONS,N
4481,J_NO_1,C13ISRAELPOLICIES,N
4481,J_NO_1,C13ISRAELOPT,N
4481,J_NO_1,C13ISRAELREGION,N
4481,J_NO_1,C13ISRAELDISCRIMINATION,N
4481,J_NO_1,C13ISRAELNORMS,N
4481,J_NO_1,C13ISRAELCOMPARE,N
4481,J_NO_1,C14BDS,N
4481,J_NO_1,C15REASONABLE,N
4481,J_NO_1,C15DOUBLESTANDARD,N
28047,J_NO_1,C11PALESTINIANJUSTICE,N
28047,J_NO_1,C11PALESTINIANRIGHTS,N
28047,J_NO_1,C12ZIONCRITICAL,N
28047,J_NO_1,C12SOLUTIONS,N
28047,J_NO_1,C12EQUALRIGHTS,N
28047,J_NO_1,C13ISRAELEVIDENCE,N
28047,J_NO_1,C13ISRAELINSTITUTIONS,N
28047,J_NO_1,C13ISRAELPOLICIES,N
28047,J_NO_1,C13ISRAELOPT,N
28047,J_NO_1,C13ISRAELREGION,N
28047,J_NO_1,C13ISRAELDISCRIMINATION,N
28047,J_NO_1,C13ISRAELNORMS,N
28047,J_NO_1,C13ISRAELCOMPARE,N
28047,J_NO_1,C14BDS,N
28047,J_NO_1,C15REASONABLE,N
28047,J_NO_1,C15DOUBLESTANDARD,N
14438,J_NO_1,C11PALESTINIANJUSTICE,N
14438,J_NO_1,C11PALESTINIANRIGHTS,N
14438,J_NO_1,C12ZIONCRITICAL,N
14438,J_NO_1,C12SOLUTIONS,N
14438,J_NO_1,C12EQUALRIGHTS,N
14438,J_NO_1,C13ISRAELEVIDENCE,N
14438,J_NO_1,C13ISRAELINSTITUTIONS,N
14438,J_NO_1,C13ISRAELPOLICIES,N
14438,J_NO_1,C13ISRAELOPT,N
14438,J_NO_1,C13ISRAELREGION,N
14438,J_NO_1,C13ISRAELDISCRIMINATION,N
14438,J_NO_1,C13ISRAELNORMS,N
14438,J_NO_1,C13ISRAELCOMPARE,N
14438,J_NO_1,C14BDS,N
14438,J_NO_1,C15REASONABLE,N
14438,J_NO_1,C15DOUBLESTANDARD,N
11736,J_NO_1,C11PALESTINIANJUSTICE,N
11736,J_NO_1,C11PALESTINIANRIGHTS,N
11736,J_NO_1,C12ZIONCRITICAL,N
11736,J_NO_1,C12SOLUTIONS,N
11736,J_NO_1,C12EQUALRIGHTS,N
11736,J_NO_1,C13ISRAELEVIDENCE,N
11736,J_NO_1,C13ISRAELINSTITUTIONS,N
11736,J_NO_1,C13ISRAELPOLICIES,N
11736,J_NO_1,C13ISRAELOPT,N
11736,J_NO_1,C13ISRAELREGION,N
11736,J_NO_1,C13ISRAELDISCRIMINATION,N
11736,J_NO_1,C13ISRAELNORMS,N
11736,J_NO_1,C13ISRAELCOMPARE,N
11736,J_NO_1,C14BDS,N
11736,J_NO_1,C15REASONABLE,N
11736,J_NO_1,C15DOUBLESTANDARD,N
7958,J_NO_1,C11PALESTINIANJUSTICE,N
7958,J_NO_1,C11PALESTINIANRIGHTS,N
7958,J_NO_1,C12ZIONCRITICAL,N
7958,J_NO_1,C12SOLUTIONS,N
7958,J_NO_1,C12EQUALRIGHTS,N
7958,J_NO_1,C13ISRAELEVIDENCE,N
7958,J_NO_1,C13ISRAELINSTITUTIONS,N
7958,J_NO_1,C13ISRAELPOLICIES,N
7958,J_NO_1,C13ISRAELOPT,N
7958,J_NO_1,C13ISRAELREGION,N
7958,J_NO_1,C13ISRAELDISCRIMINATION,N
7958,J_NO_1,C13ISRAELNORMS,N
7958,J_NO_1,C13ISRAELCOMPARE,N
7958,J_NO_1,C14BDS,N
7958,J_NO_1,C15REASONABLE,N
7958,J_NO_1,C15DOUBLESTANDARD,N
6983,J_NO_1,C11PALESTINIANJUSTICE,N
6983,J_NO_1,C11PALESTINIANRIGHTS,N
6983,J_NO_1,C12ZIONCRITICAL,N
6983,J_NO_1,C12SOLUTIONS,N
6983,J_NO_1,C12EQUALRIGHTS,N
6983,J_NO_1,C13ISRAELEVIDENCE,N
6983,J_NO_1,C13ISRAELINSTITUTIONS,N
6983,J_NO_1,C13ISRAELPOLICIES,N
6983,J_NO_1,C13ISRAELOPT,N
6983,J_NO_1,C13ISRAELREGION,N
6983,J_NO_1,C13ISRAELDISCRIMINATION,N
6983,J_NO_1,C13ISRAELNORMS,N
6983,J_NO_1,C13ISRAELCOMPARE,N
6983,J_NO_1,C14BDS,N
6983,J_NO_1,C15REASONABLE,N
6983,J_NO_1,C15DOUBLESTANDARD,N
7973,J_NO_1,C11PALESTINIANJUSTICE,N
7973,J_NO_1,C11PALESTINIANRIGHTS,N
7973,J_NO_1,C12ZIONCRITICAL,N
7973,J_NO_1,C12SOLUTIONS,N
7973,J_NO_1,C12EQUALRIGHTS,N
7973,J_NO_1,C13ISRAELEVIDENCE,N
7973,J_NO_1,C13ISRAELINSTITUTIONS,N
7973,J_NO_1,C13ISRAELPOLICIES,N
7973,J_NO_1,C13ISRAELOPT,N
7973,J_NO_1,C13ISRAELREGION,N
7973,J_NO_1,C13ISRAELDISCRIMINATION,N
7973,J_NO_1,C13ISRAELNORMS,N
7973,J_NO_1,C13ISRAELCOMPARE,N
7973,J_NO_1,C14BDS,N
7973,J_NO_1,C15REASONABLE,N
7973,J_NO_1,C15DOUBLESTANDARD,N
48572,J_NO_1,C11PALESTINIANJUSTICE,N
48572,J_NO_1,C11PALESTINIANRIGHTS,N
48572,J_NO_1,C12ZIONCRITICAL,N
48572,J_NO_1,C12SOLUTIONS,N
48572,J_NO_1,C12EQUALRIGHTS,N
48572,J_NO_1,C13ISRAELEVIDENCE,N
48572,J_NO_1,C13ISRAELINSTITUTIONS,N
48572,J_NO_1,C13ISRAELPOLICIES,N
48572,J_NO_1,C13ISRAELOPT,N
48572,J_NO_1,C13ISRAELREGION,N
48572,J_NO_1,C13ISRAELDISCRIMINATION,N
48572,J_NO_1,C13ISRAELNORMS,N
48572,J_NO_1,C13ISRAELCOMPARE,N
48572,J_NO_1,C14BDS,N
48572,J_NO_1,C15REASONABLE,N
48572,J_NO_1,C15DOUBLESTANDARD,N
3417,J_NO_1,C11PALESTINIANJUSTICE,N
3417,J_NO_1,C11PALESTINIANRIGHTS,N
3417,J_NO_1,C12ZIONCRITICAL,N
3417,J_NO_1,C12SOLUTIONS,N
3417,J_NO_1,C12EQUALRIGHTS,N
3417,J_NO_1,C13ISRAELEVIDENCE,N
3417,J_NO_1,C13ISRAELINSTITUTIONS,N
3417,J_NO_1,C13ISRAELPOLICIES,N
3417,J_NO_1,C13ISRAELOPT,N
3417,J_NO_1,C13ISRAELREGION,N
3417,J_NO_1,C13ISRAELDISCRIMINATION,N
3417,J_NO_1,C13ISRAELNORMS,N
3417,J_NO_1,C13ISRAELCOMPARE,N
3417,J_NO_1,C14BDS,N
3417,J_NO_1,C15REASONABLE,N
3417,J_NO_1,C15DOUBLESTANDARD,N
9508,J_NO_1,C11PALESTINIANJUSTICE,N
9508,J_NO_1,C11PALESTINIANRIGHTS,N
9508,J_NO_1,C12ZIONCRITICAL,N
9508,J_NO_1,C12SOLUTIONS,N
9508,J_NO_1,C12EQUALRIGHTS,N
9508,J_NO_1,C13ISRAELEVIDENCE,N
9508,J_NO_1,C13ISRAELINSTITUTIONS,N
9508,J_NO_1,C13ISRAELPOLICIES,N
9508,J_NO_1,C13ISRAELOPT,N
9508,J_NO_1,C13ISRAELREGION,N
9508,J_NO_1,C13ISRAELDISCRIMINATION,N
9508,J_NO_1,C13ISRAELNORMS,N
9508,J_NO_1,C13ISRAELCOMPARE,N
9508,J_NO_1,C14BDS,N
9508,J_NO_1,C15REASONABLE,N
9508,J_NO_1,C15DOUBLESTANDARD,N
1987,J_NO_1,C11PALESTINIANJUSTICE,N
1987,J_NO_1,C11PALESTINIANRIGHTS,N
1987,J_NO_1,C12ZIONCRITICAL,N
1987,J_NO_1,C12SOLUTIONS,N
1987,J_NO_1,C12EQUALRIGHTS,N
1987,J_NO_1,C13ISRAELEVIDENCE,N
1987,J_NO_1,C13ISRAELINSTITUTIONS,N
1987,J_NO_1,C13ISRAELPOLICIES,N
1987,J_NO_1,C13ISRAELOPT,N
1987,J_NO_1,C13ISRAELREGION,N
1987,J_NO_1,C13ISRAELDISCRIMINATION,N
1987,J_NO_1,C13ISRAELNORMS,N
1987,J_NO_1,C13ISRAELCOMPARE,N
1987,J_NO_1,C14BDS,N
1987,J_NO_1,C15REASONABLE,N
1987,J_NO_1,C15DOUBLESTANDARD,N
12086,J_NO_1,C11PALESTINIANJUSTICE,N
12086,J_NO_1,C11PALESTINIANRIGHTS,N
12086,J_NO_1,C12ZIONCRITICAL,N
12086,J_NO_1,C12SOLUTIONS,N
12086,J_NO_1,C12EQUALRIGHTS,N
12086,J_NO_1,C13ISRAELEVIDENCE,N
12086,J_NO_1,C13ISRAELINSTITUTIONS,N
12086,J_NO_1,C13ISRAELPOLICIES,N
12086,J_NO_1,C13ISRAELOPT,N
12086,J_NO_1,C13ISRAELREGION,N
12086,J_NO_1,C13ISRAELDISCRIMINATION,N
12086,J_NO_1,C13ISRAELNORMS,N
12086,J_NO_1,C13ISRAELCOMPARE,N
12086,J_NO_1,C14BDS,N
12086,J_NO_1,C15REASONABLE,N
12086,J_NO_1,C15DOUBLESTANDARD,N
40088,J_NO_1,C11PALESTINIANJUSTICE,N
40088,J_NO_1,C11PALESTINIANRIGHTS,N
40088,J_NO_1,C12ZIONCRITICAL,A
40088,J_NO_1,C12SOLUTIONS,N
40088,J_NO_1,C12EQUALRIGHTS,N
40088,J_NO_1,C13ISRAELEVIDENCE,N
40088,J_NO_1,C13ISRAELINSTITUTIONS,N
40088,J_NO_1,C13ISRAELPOLICIES,N
40088,J_NO_1,C13ISRAELOPT,N
40088,J_NO_1,C13ISRAELREGION,N
40088,J_NO_1,C13ISRAELDISCRIMINATION,N
40088,J_NO_1,C13ISRAELNORMS,N
40088,J_NO_1,C13ISRAELCOMPARE,N
40088,J_NO_1,C14BDS,N
40088,J_NO_1,C15REASONABLE,N
40088,J_NO_1,C15DOUBLESTANDARD,N
43141,J_NO_1,C11PALESTINIANJUSTICE,N
43141,J_NO_1,C11PALESTINIANRIGHTS,N
43141,J_NO_1,C12ZIONCRITICAL,N
43141,J_NO_1,C12SOLUTIONS,N
43141,J_NO_1,C12EQUALRIGHTS,N
43141,J_NO_1,C13ISRAELEVIDENCE,N
43141,J_NO_1,C13ISRAELINSTITUTIONS,N
43141,J_NO_1,C13ISRAELPOLICIES,N
43141,J_NO_1,C13ISRAELOPT,N
43141,J_NO_1,C13ISRAELREGION,N
43141,J_NO_1,C13ISRAELDISCRIMINATION,N
43141,J_NO_1,C13ISRAELNORMS,N
43141,J_NO_1,C13ISRAELCOMPARE,N
43141,J_NO_1,C14BDS,N
43141,J_NO_1,C15REASONABLE,N
43141,J_NO_1,C15DOUBLESTANDARD,N
33645,J_NO_1,C11PALESTINIANJUSTICE,N
33645,J_NO_1,C11PALESTINIANRIGHTS,N
33645,J_NO_1,C12ZIONCRITICAL,N
33645,J_NO_1,C12SOLUTIONS,N
33645,J_NO_1,C12EQUALRIGHTS,N
33645,J_NO_1,C13ISRAELEVIDENCE,N
33645,J_NO_1,C13ISRAELINSTITUTIONS,N
33645,J_NO_1,C13ISRAELPOLICIES,N
33645,J_NO_1,C13ISRAELOPT,N
33645,J_NO_1,C13ISRAELREGION,N
33645,J_NO_1,C13ISRAELDISCRIMINATION,N
33645,J_NO_1,C13ISRAELNORMS,N
33645,J_NO_1,C13ISRAELCOMPARE,N
33645,J_NO_1,C14BDS,N
33645,J_NO_1,C15REASONABLE,N
33645,J_NO_1,C15DOUBLESTANDARD,N
37529,J_NO_1,C11PALESTINIANJUSTICE,N
37529,J_NO_1,C11PALESTINIANRIGHTS,N
37529,J_NO_1,C12ZIONCRITICAL,N
37529,J_NO_1,C12SOLUTIONS,N
37529,J_NO_1,C12EQUALRIGHTS,N
37529,J_NO_1,C13ISRAELEVIDENCE,N
37529,J_NO_1,C13ISRAELINSTITUTIONS,N
37529,J_NO_1,C13ISRAELPOLICIES,N
37529,J_NO_1,C13ISRAELOPT,N
37529,J_NO_1,C13ISRAELREGION,N
37529,J_NO_1,C13ISRAELDISCRIMINATION,N
37529,J_NO_1,C13ISRAELNORMS,N
37529,J_NO_1,C13ISRAELCOMPARE,N
37529,J_NO_1,C14BDS,N
37529,J_NO_1,C15REASONABLE,N
37529,J_NO_1,C15DOUBLESTANDARD,N
29380,J_NO_1,C11PALESTINIANJUSTICE,N
29380,J_NO_1,C11PALESTINIANRIGHTS,N
29380,J_NO_1,C12ZIONCRITICAL,N
29380,J_NO_1,C12SOLUTIONS,N
29380,J_NO_1,C12EQUALRIGHTS,N
29380,J_NO_1,C13ISRAELEVIDENCE,N
29380,J_NO_1,C13ISRAELINSTITUTIONS,N
29380,J_NO_1,C13ISRAELPOLICIES,N
29380,J_NO_1,C13ISRAELOPT,N
29380,J_NO_1,C13ISRAELREGION,N
29380,J_NO_1,C13ISRAELDISCRIMINATION,N
29380,J_NO_1,C13ISRAELNORMS,N
29380,J_NO_1,C13ISRAELCOMPARE,N
29380,J_NO_1,C14BDS,N
29380,J_NO_1,C15REASONABLE,N
29380,J_NO_1,C15DOUBLESTANDARD,N
16284,J_NO_1,C11PALESTINIANJUSTICE,N
16284,J_NO_1,C11PALESTINIANRIGHTS,N
16284,J_NO_1,C12ZIONCRITICAL,N
16284,J_NO_1,C12SOLUTIONS,N
16284,J_NO_1,C12EQUALRIGHTS,N
16284,J_NO_1,C13ISRAELEVIDENCE,N
16284,J_NO_1,C13ISRAELINSTITUTIONS,N
16284,J_NO_1,C13ISRAELPOLICIES,N
16284,J_NO_1,C13ISRAELOPT,N
16284,J_NO_1,C13ISRAELREGION,N
16284,J_NO_1,C13ISRAELDISCRIMINATION,N
16284,J_NO_1,C13ISRAELNORMS,N
16284,J_NO_1,C13ISRAELCOMPARE,N
16284,J_NO_1,C14BDS,N
16284,J_NO_1,C15REASONABLE,N
16284,J_NO_1,C15DOUBLESTANDARD,N
49655,J_NO_1,C11PALESTINIANJUSTICE,N
49655,J_NO_1,C11PALESTINIANRIGHTS,N
49655,J_NO_1,C12ZIONCRITICAL,N
49655,J_NO_1,C12SOLUTIONS,N
49655,J_NO_1,C12EQUALRIGHTS,N
49655,J_NO_1,C13ISRAELEVIDENCE,N
49655,J_NO_1,C13ISRAELINSTITUTIONS,N
49655,J_NO_1,C13ISRAELPOLICIES,N
49655,J_NO_1,C13ISRAELOPT,N
49655,J_NO_1,C13ISRAELREGION,N
49655,J_NO_1,C13ISRAELDISCRIMINATION,N
49655,J_NO_1,C13ISRAELNORMS,N
49655,J_NO_1,C13ISRAELCOMPARE,N
49655,J_NO_1,C14BDS,N
49655,J_NO_1,C15REASONABLE,N
49655,J_NO_1,C15DOUBLESTANDARD,N
44670,J_NO_1,C11PALESTINIANJUSTICE,N
44670,J_NO_1,C11PALESTINIANRIGHTS,N
44670,J_NO_1,C12ZIONCRITICAL,N
44670,J_NO_1,C12SOLUTIONS,N
44670,J_NO_1,C12EQUALRIGHTS,N
44670,J_NO_1,C13ISRAELEVIDENCE,N
44670,J_NO_1,C13ISRAELINSTITUTIONS,N
44670,J_NO_1,C13ISRAELPOLICIES,N
44670,J_NO_1,C13ISRAELOPT,N
44670,J_NO_1,C13ISRAELREGION,N
44670,J_NO_1,C13ISRAELDISCRIMINATION,N
44670,J_NO_1,C13ISRAELNORMS,N
44670,J_NO_1,C13ISRAELCOMPARE,N
44670,J_NO_1,C14BDS,N
44670,J_NO_1,C15REASONABLE,N
44670,J_NO_1,C15DOUBLESTANDARD,N
26960,J_NO_1,C11PALESTINIANJUSTICE,N
26960,J_NO_1,C11PALESTINIANRIGHTS,N
26960,J_NO_1,C12ZIONCRITICAL,N
26960,J_NO_1,C12SOLUTIONS,N
26960,J_NO_1,C12EQUALRIGHTS,N
26960,J_NO_1,C13ISRAELEVIDENCE,N
26960,J_NO_1,C13ISRAELINSTITUTIONS,N
26960,J_NO_1,C13ISRAELPOLICIES,N
26960,J_NO_1,C13ISRAELOPT,N
26960,J_NO_1,C13ISRAELREGION,N
26960,J_NO_1,C13ISRAELDISCRIMINATION,N
26960,J_NO_1,C13ISRAELNORMS,N
26960,J_NO_1,C13ISRAELCOMPARE,N
26960,J_NO_1,C14BDS,N
26960,J_NO_1,C15REASONABLE,N
26960,J_NO_1,C15DOUBLESTANDARD,N
38990,J_NO_1,C11PALESTINIANJUSTICE,E
38990,J_NO_1,C11PALESTINIANRIGHTS,E
38990,J_NO_1,C12ZIONCRITICAL,E
38990,J_NO_1,C12SOLUTIONS,N
38990,J_NO_1,C12EQUALRIGHTS,N
38990,J_NO_1,C13ISRAELEVIDENCE,I
38990,J_NO_1,C13ISRAELINSTITUTIONS,N
38990,J_NO_1,C13ISRAELPOLICIES,E
38990,J_NO_1,C13ISRAELOPT,E
38990,J_NO_1,C13ISRAELREGION,N
38990,J_NO_1,C13ISRAELDISCRIMINATION,I
38990,J_NO_1,C13ISRAELNORMS,N
38990,J_NO_1,C13ISRAELCOMPARE,N
38990,J_NO_1,C14BDS,N
38990,J_NO_1,C15REASONABLE,E
38990,J_NO_1,C15DOUBLESTANDARD,N
27775,J_NO_1,C11PALESTINIANJUSTICE,N
27775,J_NO_1,C11PALESTINIANRIGHTS,N
27775,J_NO_1,C12ZIONCRITICAL,N
27775,J_NO_1,C12SOLUTIONS,N
27775,J_NO_1,C12EQUALRIGHTS,N
27775,J_NO_1,C13ISRAELEVIDENCE,N
27775,J_NO_1,C13ISRAELINSTITUTIONS,N
27775,J_NO_1,C13ISRAELPOLICIES,N
27775,J_NO_1,C13ISRAELOPT,N
27775,J_NO_1,C13ISRAELREGION,N
27775,J_NO_1,C13ISRAELDISCRIMINATION,N
27775,J_NO_1,C13ISRAELNORMS,N
27775,J_NO_1,C13ISRAELCOMPARE,N
27775,J_NO_1,C14BDS,N
27775,J_NO_1,C15REASONABLE,N
27775,J_NO_1,C15DOUBLESTANDARD,N
2721,J_NO_1,C11PALESTINIANJUSTICE,N
2721,J_NO_1,C11PALESTINIANRIGHTS,N
2721,J_NO_1,C12ZIONCRITICAL,N
2721,J_NO_1,C12SOLUTIONS,N
2721,J_NO_1,C12EQUALRIGHTS,N
2721,J_NO_1,C13ISRAELEVIDENCE,N
2721,J_NO_1,C13ISRAELINSTITUTIONS,N
2721,J_NO_1,C13ISRAELPOLICIES,N
2721,J_NO_1,C13ISRAELOPT,N
2721,J_NO_1,C13ISRAELREGION,N
2721,J_NO_1,C13ISRAELDISCRIMINATION,N
2721,J_NO_1,C13ISRAELNORMS,N
2721,J_NO_1,C13ISRAELCOMPARE,N
2721,J_NO_1,C14BDS,N
2721,J_NO_1,C15REASONABLE,N
2721,J_NO_1,C15DOUBLESTANDARD,N
44956,J_NO_1,C11PALESTINIANJUSTICE,N
44956,J_NO_1,C11PALESTINIANRIGHTS,N
44956,J_NO_1,C12ZIONCRITICAL,N
44956,J_NO_1,C12SOLUTIONS,N
44956,J_NO_1,C12EQUALRIGHTS,N
44956,J_NO_1,C13ISRAELEVIDENCE,N
44956,J_NO_1,C13ISRAELINSTITUTIONS,N
44956,J_NO_1,C13ISRAELPOLICIES,N
44956,J_NO_1,C13ISRAELOPT,N
44956,J_NO_1,C13ISRAELREGION,N
44956,J_NO_1,C13ISRAELDISCRIMINATION,N
44956,J_NO_1,C13ISRAELNORMS,N
44956,J_NO_1,C13ISRAELCOMPARE,N
44956,J_NO_1,C14BDS,N
44956,J_NO_1,C15REASONABLE,N
44956,J_NO_1,C15DOUBLESTANDARD,N
33434,J_NO_1,C11PALESTINIANJUSTICE,N
33434,J_NO_1,C11PALESTINIANRIGHTS,N
33434,J_NO_1,C12ZIONCRITICAL,N
33434,J_NO_1,C12SOLUTIONS,N
33434,J_NO_1,C12EQUALRIGHTS,N
33434,J_NO_1,C13ISRAELEVIDENCE,A
33434,J_NO_1,C13ISRAELINSTITUTIONS,A
33434,J_NO_1,C13ISRAELPOLICIES,N
33434,J_NO_1,C13ISRAELOPT,N
33434,J_NO_1,C13ISRAELREGION,N
33434,J_NO_1,C13ISRAELDISCRIMINATION,N
33434,J_NO_1,C13ISRAELNORMS,N
33434,J_NO_1,C13ISRAELCOMPARE,N
33434,J_NO_1,C14BDS,N
33434,J_NO_1,C15REASONABLE,N
33434,J_NO_1,C15DOUBLESTANDARD,N
43721,J_NO_1,C11PALESTINIANJUSTICE,N
43721,J_NO_1,C11PALESTINIANRIGHTS,N
43721,J_NO_1,C12ZIONCRITICAL,N
43721,J_NO_1,C12SOLUTIONS,N
43721,J_NO_1,C12EQUALRIGHTS,N
43721,J_NO_1,C13ISRAELEVIDENCE,N
43721,J_NO_1,C13ISRAELINSTITUTIONS,N
43721,J_NO_1,C13ISRAELPOLICIES,N
43721,J_NO_1,C13ISRAELOPT,N
43721,J_NO_1,C13ISRAELREGION,N
43721,J_NO_1,C13ISRAELDISCRIMINATION,N
43721,J_NO_1,C13ISRAELNORMS,N
43721,J_NO_1,C13ISRAELCOMPARE,N
43721,J_NO_1,C14BDS,N
43721,J_NO_1,C15REASONABLE,N
43721,J_NO_1,C15DOUBLESTANDARD,N
43275,J_NO_1,C11PALESTINIANJUSTICE,N
43275,J_NO_1,C11PALESTINIANRIGHTS,N
43275,J_NO_1,C12ZIONCRITICAL,N
43275,J_NO_1,C12SOLUTIONS,N
43275,J_NO_1,C12EQUALRIGHTS,N
43275,J_NO_1,C13ISRAELEVIDENCE,N
43275,J_NO_1,C13ISRAELINSTITUTIONS,N
43275,J_NO_1,C13ISRAELPOLICIES,N
43275,J_NO_1,C13ISRAELOPT,N
43275,J_NO_1,C13ISRAELREGION,N
43275,J_NO_1,C13ISRAELDISCRIMINATION,N
43275,J_NO_1,C13ISRAELNORMS,N
43275,J_NO_1,C13ISRAELCOMPARE,N
43275,J_NO_1,C14BDS,N
43275,J_NO_1,C15REASONABLE,N
43275,J_NO_1,C15DOUBLESTANDARD,N
45166,J_NO_1,C11PALESTINIANJUSTICE,N
45166,J_NO_1,C11PALESTINIANRIGHTS,N
45166,J_NO_1,C12ZIONCRITICAL,N
45166,J_NO_1,C12SOLUTIONS,N
45166,J_NO_1,C12EQUALRIGHTS,N
45166,J_NO_1,C13ISRAELEVIDENCE,N
45166,J_NO_1,C13ISRAELINSTITUTIONS,N
45166,J_NO_1,C13ISRAELPOLICIES,N
45166,J_NO_1,C13ISRAELOPT,N
45166,J_NO_1,C13ISRAELREGION,N
45166,J_NO_1,C13ISRAELDISCRIMINATION,N
45166,J_NO_1,C13ISRAELNORMS,N
45166,J_NO_1,C13ISRAELCOMPARE,N
45166,J_NO_1,C14BDS,N
45166,J_NO_1,C15REASONABLE,N
45166,J_NO_1,C15DOUBLESTANDARD,N
47768,J_NO_1,C11PALESTINIANJUSTICE,N
47768,J_NO_1,C11PALESTINIANRIGHTS,N
47768,J_NO_1,C12ZIONCRITICAL,N
47768,J_NO_1,C12SOLUTIONS,N
47768,J_NO_1,C12EQUALRIGHTS,N
47768,J_NO_1,C13ISRAELEVIDENCE,N
47768,J_NO_1,C13ISRAELINSTITUTIONS,N
47768,J_NO_1,C13ISRAELPOLICIES,N
47768,J_NO_1,C13ISRAELOPT,N
47768,J_NO_1,C13ISRAELREGION,N
47768,J_NO_1,C13ISRAELDISCRIMINATION,N
47768,J_NO_1,C13ISRAELNORMS,N
47768,J_NO_1,C13ISRAELCOMPARE,N
47768,J_NO_1,C14BDS,N
47768,J_NO_1,C15REASONABLE,N
47768,J_NO_1,C15DOUBLESTANDARD,N
37352,J_NO_1,C11PALESTINIANJUSTICE,E
37352,J_NO_1,C11PALESTINIANRIGHTS,I
37352,J_NO_1,C12ZIONCRITICAL,E
37352,J_NO_1,C12SOLUTIONS,N
37352,J_NO_1,C12EQUALRIGHTS,N
37352,J_NO_1,C13ISRAELEVIDENCE,N
37352,J_NO_1,C13ISRAELINSTITUTIONS,I
37352,J_NO_1,C13ISRAELPOLICIES,I
37352,J_NO_1,C13ISRAELOPT,N
37352,J_NO_1,C13ISRAELREGION,N
37352,J_NO_1,C13ISRAELDISCRIMINATION,N
37352,J_NO_1,C13ISRAELNORMS,N
37352,J_NO_1,C13ISRAELCOMPARE,N
37352,J_NO_1,C14BDS,N
37352,J_NO_1,C15REASONABLE,E
37352,J_NO_1,C15DOUBLESTANDARD,N
34142,J_NO_1,C11PALESTINIANJUSTICE,N
34142,J_NO_1,C11PALESTINIANRIGHTS,N
34142,J_NO_1,C12ZIONCRITICAL,N
34142,J_NO_1,C12SOLUTIONS,N
34142,J_NO_1,C12EQUALRIGHTS,N
34142,J_NO_1,C13ISRAELEVIDENCE,N
34142,J_NO_1,C13ISRAELINSTITUTIONS,N
34142,J_NO_1,C13ISRAELPOLICIES,N
34142,J_NO_1,C13ISRAELOPT,N
34142,J_NO_1,C13ISRAELREGION,N
34142,J_NO_1,C13ISRAELDISCRIMINATION,N
34142,J_NO_1,C13ISRAELNORMS,N
34142,J_NO_1,C13ISRAELCOMPARE,N
34142,J_NO_1,C14BDS,N
34142,J_NO_1,C15REASONABLE,N
34142,J_NO_1,C15DOUBLESTANDARD,N
46898,J_NO_1,C11PALESTINIANJUSTICE,N
46898,J_NO_1,C11PALESTINIANRIGHTS,N
46898,J_NO_1,C12ZIONCRITICAL,N
46898,J_NO_1,C12SOLUTIONS,N
46898,J_NO_1,C12EQUALRIGHTS,N
46898,J_NO_1,C13ISRAELEVIDENCE,N
46898,J_NO_1,C13ISRAELINSTITUTIONS,N
46898,J_NO_1,C13ISRAELPOLICIES,N
46898,J_NO_1,C13ISRAELOPT,N
46898,J_NO_1,C13ISRAELREGION,N
46898,J_NO_1,C13ISRAELDISCRIMINATION,N
46898,J_NO_1,C13ISRAELNORMS,N
46898,J_NO_1,C13ISRAELCOMPARE,N
46898,J_NO_1,C14BDS,N
46898,J_NO_1,C15REASONABLE,N
46898,J_NO_1,C15DOUBLESTANDARD,N
42450,J_NO_1,C11PALESTINIANJUSTICE,N
42450,J_NO_1,C11PALESTINIANRIGHTS,N
42450,J_NO_1,C12ZIONCRITICAL,N
42450,J_NO_1,C12SOLUTIONS,N
42450,J_NO_1,C12EQUALRIGHTS,N
42450,J_NO_1,C13ISRAELEVIDENCE,N
42450,J_NO_1,C13ISRAELINSTITUTIONS,N
42450,J_NO_1,C13ISRAELPOLICIES,N
42450,J_NO_1,C13ISRAELOPT,N
42450,J_NO_1,C13ISRAELREGION,N
42450,J_NO_1,C13ISRAELDISCRIMINATION,N
42450,J_NO_1,C13ISRAELNORMS,N
42450,J_NO_1,C13ISRAELCOMPARE,N
42450,J_NO_1,C14BDS,N
42450,J_NO_1,C15REASONABLE,N
42450,J_NO_1,C15DOUBLESTANDARD,N
26974,J_NO_1,C11PALESTINIANJUSTICE,N
26974,J_NO_1,C11PALESTINIANRIGHTS,N
26974,J_NO_1,C12ZIONCRITICAL,N
26974,J_NO_1,C12SOLUTIONS,N
26974,J_NO_1,C12EQUALRIGHTS,N
26974,J_NO_1,C13ISRAELEVIDENCE,N
26974,J_NO_1,C13ISRAELINSTITUTIONS,N
26974,J_NO_1,C13ISRAELPOLICIES,N
26974,J_NO_1,C13ISRAELOPT,N
26974,J_NO_1,C13ISRAELREGION,N
26974,J_NO_1,C13ISRAELDISCRIMINATION,N
26974,J_NO_1,C13ISRAELNORMS,N
26974,J_NO_1,C13ISRAELCOMPARE,N
26974,J_NO_1,C14BDS,N
26974,J_NO_1,C15REASONABLE,N
26974,J_NO_1,C15DOUBLESTANDARD,N
6358,J_NO_1,C11PALESTINIANJUSTICE,N
6358,J_NO_1,C11PALESTINIANRIGHTS,N
6358,J_NO_1,C12ZIONCRITICAL,N
6358,J_NO_1,C12SOLUTIONS,N
6358,J_NO_1,C12EQUALRIGHTS,N
6358,J_NO_1,C13ISRAELEVIDENCE,N
6358,J_NO_1,C13ISRAELINSTITUTIONS,N
6358,J_NO_1,C13ISRAELPOLICIES,N
6358,J_NO_1,C13ISRAELOPT,N
6358,J_NO_1,C13ISRAELREGION,N
6358,J_NO_1,C13ISRAELDISCRIMINATION,N
6358,J_NO_1,C13ISRAELNORMS,N
6358,J_NO_1,C13ISRAELCOMPARE,N
6358,J_NO_1,C14BDS,N
6358,J_NO_1,C15REASONABLE,N
6358,J_NO_1,C15DOUBLESTANDARD,N
20064,J_NO_1,C11PALESTINIANJUSTICE,N
20064,J_NO_1,C11PALESTINIANRIGHTS,N
20064,J_NO_1,C12ZIONCRITICAL,N
20064,J_NO_1,C12SOLUTIONS,N
20064,J_NO_1,C12EQUALRIGHTS,N
20064,J_NO_1,C13ISRAELEVIDENCE,N
20064,J_NO_1,C13ISRAELINSTITUTIONS,N
20064,J_NO_1,C13ISRAELPOLICIES,N
20064,J_NO_1,C13ISRAELOPT,N
20064,J_NO_1,C13ISRAELREGION,N
20064,J_NO_1,C13ISRAELDISCRIMINATION,N
20064,J_NO_1,C13ISRAELNORMS,N
20064,J_NO_1,C13ISRAELCOMPARE,N
20064,J_NO_1,C14BDS,N
20064,J_NO_1,C15REASONABLE,N
20064,J_NO_1,C15DOUBLESTANDARD,N
40313,J_NO_1,C11PALESTINIANJUSTICE,N
40313,J_NO_1,C11PALESTINIANRIGHTS,N
40313,J_NO_1,C12ZIONCRITICAL,N
40313,J_NO_1,C12SOLUTIONS,N
40313,J_NO_1,C12EQUALRIGHTS,N
40313,J_NO_1,C13ISRAELEVIDENCE,N
40313,J_NO_1,C13ISRAELINSTITUTIONS,N
40313,J_NO_1,C13ISRAELPOLICIES,N
40313,J_NO_1,C13ISRAELOPT,N
40313,J_NO_1,C13ISRAELREGION,N
40313,J_NO_1,C13ISRAELDISCRIMINATION,N
40313,J_NO_1,C13ISRAELNORMS,N
40313,J_NO_1,C13ISRAELCOMPARE,N
40313,J_NO_1,C14BDS,N
40313,J_NO_1,C15REASONABLE,N
40313,J_NO_1,C15DOUBLESTANDARD,N
20803,J_NO_1,C11PALESTINIANJUSTICE,N
20803,J_NO_1,C11PALESTINIANRIGHTS,N
20803,J_NO_1,C12ZIONCRITICAL,N
20803,J_NO_1,C12SOLUTIONS,N
20803,J_NO_1,C12EQUALRIGHTS,N
20803,J_NO_1,C13ISRAELEVIDENCE,N
20803,J_NO_1,C13ISRAELINSTITUTIONS,N
20803,J_NO_1,C13ISRAELPOLICIES,N
20803,J_NO_1,C13ISRAELOPT,N
20803,J_NO_1,C13ISRAELREGION,N
20803,J_NO_1,C13ISRAELDISCRIMINATION,N
20803,J_NO_1,C13ISRAELNORMS,N
20803,J_NO_1,C13ISRAELCOMPARE,N
20803,J_NO_1,C14BDS,N
20803,J_NO_1,C15REASONABLE,N
20803,J_NO_1,C15DOUBLESTANDARD,N
42668,J_NO_1,C11PALESTINIANJUSTICE,N
42668,J_NO_1,C11PALESTINIANRIGHTS,N
42668,J_NO_1,C12ZIONCRITICAL,N
42668,J_NO_1,C12SOLUTIONS,N
42668,J_NO_1,C12EQUALRIGHTS,N
42668,J_NO_1,C13ISRAELEVIDENCE,N
42668,J_NO_1,C13ISRAELINSTITUTIONS,N
42668,J_NO_1,C13ISRAELPOLICIES,N
42668,J_NO_1,C13ISRAELOPT,N
42668,J_NO_1,C13ISRAELREGION,N
42668,J_NO_1,C13ISRAELDISCRIMINATION,N
42668,J_NO_1,C13ISRAELNORMS,N
42668,J_NO_1,C13ISRAELCOMPARE,N
42668,J_NO_1,C14BDS,N
42668,J_NO_1,C15REASONABLE,N
42668,J_NO_1,C15DOUBLESTANDARD,N
32086,J_NO_1,C11PALESTINIANJUSTICE,N
32086,J_NO_1,C11PALESTINIANRIGHTS,N
32086,J_NO_1,C12ZIONCRITICAL,N
32086,J_NO_1,C12SOLUTIONS,N
32086,J_NO_1,C12EQUALRIGHTS,N
32086,J_NO_1,C13ISRAELEVIDENCE,N
32086,J_NO_1,C13ISRAELINSTITUTIONS,N
32086,J_NO_1,C13ISRAELPOLICIES,N
32086,J_NO_1,C13ISRAELOPT,N
32086,J_NO_1,C13ISRAELREGION,N
32086,J_NO_1,C13ISRAELDISCRIMINATION,N
32086,J_NO_1,C13ISRAELNORMS,N
32086,J_NO_1,C13ISRAELCOMPARE,N
32086,J_NO_1,C14BDS,N
32086,J_NO_1,C15REASONABLE,N
32086,J_NO_1,C15DOUBLESTANDARD,N
41267,J_NO_1,C11PALESTINIANJUSTICE,N
41267,J_NO_1,C11PALESTINIANRIGHTS,N
41267,J_NO_1,C12ZIONCRITICAL,N
41267,J_NO_1,C12SOLUTIONS,N
41267,J_NO_1,C12EQUALRIGHTS,N
41267,J_NO_1,C13ISRAELEVIDENCE,N
41267,J_NO_1,C13ISRAELINSTITUTIONS,N
41267,J_NO_1,C13ISRAELPOLICIES,N
41267,J_NO_1,C13ISRAELOPT,N
41267,J_NO_1,C13ISRAELREGION,N
41267,J_NO_1,C13ISRAELDISCRIMINATION,N
41267,J_NO_1,C13ISRAELNORMS,N
41267,J_NO_1,C13ISRAELCOMPARE,N
41267,J_NO_1,C14BDS,N
41267,J_NO_1,C15REASONABLE,N
41267,J_NO_1,C15DOUBLESTANDARD,N
29070,J_NO_1,C11PALESTINIANJUSTICE,N
29070,J_NO_1,C11PALESTINIANRIGHTS,N
29070,J_NO_1,C12ZIONCRITICAL,N
29070,J_NO_1,C12SOLUTIONS,N
29070,J_NO_1,C12EQUALRIGHTS,N
29070,J_NO_1,C13ISRAELEVIDENCE,N
29070,J_NO_1,C13ISRAELINSTITUTIONS,N
29070,J_NO_1,C13ISRAELPOLICIES,N
29070,J_NO_1,C13ISRAELOPT,N
29070,J_NO_1,C13ISRAELREGION,N
29070,J_NO_1,C13ISRAELDISCRIMINATION,N
29070,J_NO_1,C13ISRAELNORMS,N
29070,J_NO_1,C13ISRAELCOMPARE,N
29070,J_NO_1,C14BDS,N
29070,J_NO_1,C15REASONABLE,N
29070,J_NO_1,C15DOUBLESTANDARD,N
1421,J_NO_1,C11PALESTINIANJUSTICE,N
1421,J_NO_1,C11PALESTINIANRIGHTS,N
1421,J_NO_1,C12ZIONCRITICAL,N
1421,J_NO_1,C12SOLUTIONS,N
1421,J_NO_1,C12EQUALRIGHTS,N
1421,J_NO_1,C13ISRAELEVIDENCE,N
1421,J_NO_1,C13ISRAELINSTITUTIONS,N
1421,J_NO_1,C13ISRAELPOLICIES,N
1421,J_NO_1,C13ISRAELOPT,N
1421,J_NO_1,C13ISRAELREGION,N
1421,J_NO_1,C13ISRAELDISCRIMINATION,N
1421,J_NO_1,C13ISRAELNORMS,N
1421,J_NO_1,C13ISRAELCOMPARE,N
1421,J_NO_1,C14BDS,N
1421,J_NO_1,C15REASONABLE,N
1421,J_NO_1,C15DOUBLESTANDARD,N
4359,J_NO_1,C11PALESTINIANJUSTICE,N
4359,J_NO_1,C11PALESTINIANRIGHTS,N
4359,J_NO_1,C12ZIONCRITICAL,N
4359,J_NO_1,C12SOLUTIONS,N
4359,J_NO_1,C12EQUALRIGHTS,N
4359,J_NO_1,C13ISRAELEVIDENCE,N
4359,J_NO_1,C13ISRAELINSTITUTIONS,N
4359,J_NO_1,C13ISRAELPOLICIES,N
4359,J_NO_1,C13ISRAELOPT,N
4359,J_NO_1,C13ISRAELREGION,N
4359,J_NO_1,C13ISRAELDISCRIMINATION,N
4359,J_NO_1,C13ISRAELNORMS,N
4359,J_NO_1,C13ISRAELCOMPARE,N
4359,J_NO_1,C14BDS,N
4359,J_NO_1,C15REASONABLE,N
4359,J_NO_1,C15DOUBLESTANDARD,N
16071,J_NO_1,C11PALESTINIANJUSTICE,N
16071,J_NO_1,C11PALESTINIANRIGHTS,N
16071,J_NO_1,C12ZIONCRITICAL,N
16071,J_NO_1,C12SOLUTIONS,N
16071,J_NO_1,C12EQUALRIGHTS,N
16071,J_NO_1,C13ISRAELEVIDENCE,N
16071,J_NO_1,C13ISRAELINSTITUTIONS,N
16071,J_NO_1,C13ISRAELPOLICIES,N
16071,J_NO_1,C13ISRAELOPT,N
16071,J_NO_1,C13ISRAELREGION,N
16071,J_NO_1,C13ISRAELDISCRIMINATION,N
16071,J_NO_1,C13ISRAELNORMS,N
16071,J_NO_1,C13ISRAELCOMPARE,N
16071,J_NO_1,C14BDS,N
16071,J_NO_1,C15REASONABLE,N
16071,J_NO_1,C15DOUBLESTANDARD,N
15986,J_NO_1,C11PALESTINIANJUSTICE,N
15986,J_NO_1,C11PALESTINIANRIGHTS,N
15986,J_NO_1,C12ZIONCRITICAL,N
15986,J_NO_1,C12SOLUTIONS,N
15986,J_NO_1,C12EQUALRIGHTS,N
15986,J_NO_1,C13ISRAELEVIDENCE,N
15986,J_NO_1,C13ISRAELINSTITUTIONS,N
15986,J_NO_1,C13ISRAELPOLICIES,N
15986,J_NO_1,C13ISRAELOPT,N
15986,J_NO_1,C13ISRAELREGION,N
15986,J_NO_1,C13ISRAELDISCRIMINATION,N
15986,J_NO_1,C13ISRAELNORMS,N
15986,J_NO_1,C13ISRAELCOMPARE,N
15986,J_NO_1,C14BDS,N
15986,J_NO_1,C15REASONABLE,N
15986,J_NO_1,C15DOUBLESTANDARD,N
25083,J_NO_1,C11PALESTINIANJUSTICE,N
25083,J_NO_1,C11PALESTINIANRIGHTS,N
25083,J_NO_1,C12ZIONCRITICAL,N
25083,J_NO_1,C12SOLUTIONS,N
25083,J_NO_1,C12EQUALRIGHTS,N
25083,J_NO_1,C13ISRAELEVIDENCE,N
25083,J_NO_1,C13ISRAELINSTITUTIONS,N
25083,J_NO_1,C13ISRAELPOLICIES,N
25083,J_NO_1,C13ISRAELOPT,N
25083,J_NO_1,C13ISRAELREGION,N
25083,J_NO_1,C13ISRAELDISCRIMINATION,N
25083,J_NO_1,C13ISRAELNORMS,N
25083,J_NO_1,C13ISRAELCOMPARE,N
25083,J_NO_1,C14BDS,N
25083,J_NO_1,C15REASONABLE,N
25083,J_NO_1,C15DOUBLESTANDARD,N
9467,J_NO_1,C11PALESTINIANJUSTICE,N
9467,J_NO_1,C11PALESTINIANRIGHTS,N
9467,J_NO_1,C12ZIONCRITICAL,N
9467,J_NO_1,C12SOLUTIONS,N
9467,J_NO_1,C12EQUALRIGHTS,N
9467,J_NO_1,C13ISRAELEVIDENCE,N
9467,J_NO_1,C13ISRAELINSTITUTIONS,N
9467,J_NO_1,C13ISRAELPOLICIES,N
9467,J_NO_1,C13ISRAELOPT,N
9467,J_NO_1,C13ISRAELREGION,N
9467,J_NO_1,C13ISRAELDISCRIMINATION,N
9467,J_NO_1,C13ISRAELNORMS,N
9467,J_NO_1,C13ISRAELCOMPARE,N
9467,J_NO_1,C14BDS,N
9467,J_NO_1,C15REASONABLE,N
9467,J_NO_1,C15DOUBLESTANDARD,N
36873,J_NO_1,C11PALESTINIANJUSTICE,N
36873,J_NO_1,C11PALESTINIANRIGHTS,N
36873,J_NO_1,C12ZIONCRITICAL,N
36873,J_NO_1,C12SOLUTIONS,N
36873,J_NO_1,C12EQUALRIGHTS,N
36873,J_NO_1,C13ISRAELEVIDENCE,N
36873,J_NO_1,C13ISRAELINSTITUTIONS,N
36873,J_NO_1,C13ISRAELPOLICIES,N
36873,J_NO_1,C13ISRAELOPT,N
36873,J_NO_1,C13ISRAELREGION,N
36873,J_NO_1,C13ISRAELDISCRIMINATION,N
36873,J_NO_1,C13ISRAELNORMS,N
36873,J_NO_1,C13ISRAELCOMPARE,N
36873,J_NO_1,C14BDS,N
36873,J_NO_1,C15REASONABLE,N
36873,J_NO_1,C15DOUBLESTANDARD,N
46717,J_NO_1,C11PALESTINIANJUSTICE,N
46717,J_NO_1,C11PALESTINIANRIGHTS,N
46717,J_NO_1,C12ZIONCRITICAL,N
46717,J_NO_1,C12SOLUTIONS,N
46717,J_NO_1,C12EQUALRIGHTS,N
46717,J_NO_1,C13ISRAELEVIDENCE,N
46717,J_NO_1,C13ISRAELINSTITUTIONS,N
46717,J_NO_1,C13ISRAELPOLICIES,N
46717,J_NO_1,C13ISRAELOPT,N
46717,J_NO_1,C13ISRAELREGION,N
46717,J_NO_1,C13ISRAELDISCRIMINATION,N
46717,J_NO_1,C13ISRAELNORMS,N
46717,J_NO_1,C13ISRAELCOMPARE,N
46717,J_NO_1,C14BDS,N
46717,J_NO_1,C15REASONABLE,N
46717,J_NO_1,C15DOUBLESTANDARD,N
18722,J_NO_1,C11PALESTINIANJUSTICE,N
18722,J_NO_1,C11PALESTINIANRIGHTS,N
18722,J_NO_1,C12ZIONCRITICAL,N
18722,J_NO_1,C12SOLUTIONS,N
18722,J_NO_1,C12EQUALRIGHTS,N
18722,J_NO_1,C13ISRAELEVIDENCE,N
18722,J_NO_1,C13ISRAELINSTITUTIONS,N
18722,J_NO_1,C13ISRAELPOLICIES,N
18722,J_NO_1,C13ISRAELOPT,N
18722,J_NO_1,C13ISRAELREGION,N
18722,J_NO_1,C13ISRAELDISCRIMINATION,N
18722,J_NO_1,C13ISRAELNORMS,N
18722,J_NO_1,C13ISRAELCOMPARE,N
18722,J_NO_1,C14BDS,N
18722,J_NO_1,C15REASONABLE,N
18722,J_NO_1,C15DOUBLESTANDARD,N
10660,J_NO_1,C11PALESTINIANJUSTICE,N
10660,J_NO_1,C11PALESTINIANRIGHTS,N
10660,J_NO_1,C12ZIONCRITICAL,N
10660,J_NO_1,C12SOLUTIONS,N
10660,J_NO_1,C12EQUALRIGHTS,N
10660,J_NO_1,C13ISRAELEVIDENCE,N
10660,J_NO_1,C13ISRAELINSTITUTIONS,N
10660,J_NO_1,C13ISRAELPOLICIES,N
10660,J_NO_1,C13ISRAELOPT,N
10660,J_NO_1,C13ISRAELREGION,N
10660,J_NO_1,C13ISRAELDISCRIMINATION,N
10660,J_NO_1,C13ISRAELNORMS,N
10660,J_NO_1,C13ISRAELCOMPARE,N
10660,J_NO_1,C14BDS,N
10660,J_NO_1,C15REASONABLE,N
10660,J_NO_1,C15DOUBLESTANDARD,N
29334,J_NO_1,C11PALESTINIANJUSTICE,N
29334,J_NO_1,C11PALESTINIANRIGHTS,N
29334,J_NO_1,C12ZIONCRITICAL,N
29334,J_NO_1,C12SOLUTIONS,N
29334,J_NO_1,C12EQUALRIGHTS,N
29334,J_NO_1,C13ISRAELEVIDENCE,N
29334,J_NO_1,C13ISRAELINSTITUTIONS,N
29334,J_NO_1,C13ISRAELPOLICIES,N
29334,J_NO_1,C13ISRAELOPT,N
29334,J_NO_1,C13ISRAELREGION,N
29334,J_NO_1,C13ISRAELDISCRIMINATION,N
29334,J_NO_1,C13ISRAELNORMS,N
29334,J_NO_1,C13ISRAELCOMPARE,N
29334,J_NO_1,C14BDS,N
29334,J_NO_1,C15REASONABLE,N
29334,J_NO_1,C15DOUBLESTANDARD,N
3522,J_NO_1,C11PALESTINIANJUSTICE,N
3522,J_NO_1,C11PALESTINIANRIGHTS,N
3522,J_NO_1,C12ZIONCRITICAL,N
3522,J_NO_1,C12SOLUTIONS,N
3522,J_NO_1,C12EQUALRIGHTS,N
3522,J_NO_1,C13ISRAELEVIDENCE,N
3522,J_NO_1,C13ISRAELINSTITUTIONS,N
3522,J_NO_1,C13ISRAELPOLICIES,N
3522,J_NO_1,C13ISRAELOPT,N
3522,J_NO_1,C13ISRAELREGION,N
3522,J_NO_1,C13ISRAELDISCRIMINATION,N
3522,J_NO_1,C13ISRAELNORMS,N
3522,J_NO_1,C13ISRAELCOMPARE,N
3522,J_NO_1,C14BDS,N
3522,J_NO_1,C15REASONABLE,N
3522,J_NO_1,C15DOUBLESTANDARD,N
21672,J_NO_1,C11PALESTINIANJUSTICE,N
21672,J_NO_1,C11PALESTINIANRIGHTS,N
21672,J_NO_1,C12ZIONCRITICAL,N
21672,J_NO_1,C12SOLUTIONS,N
21672,J_NO_1,C12EQUALRIGHTS,N
21672,J_NO_1,C13ISRAELEVIDENCE,N
21672,J_NO_1,C13ISRAELINSTITUTIONS,N
21672,J_NO_1,C13ISRAELPOLICIES,N
21672,J_NO_1,C13ISRAELOPT,N
21672,J_NO_1,C13ISRAELREGION,N
21672,J_NO_1,C13ISRAELDISCRIMINATION,N
21672,J_NO_1,C13ISRAELNORMS,N
21672,J_NO_1,C13ISRAELCOMPARE,N
21672,J_NO_1,C14BDS,N
21672,J_NO_1,C15REASONABLE,N
21672,J_NO_1,C15DOUBLESTANDARD,N
9364,J_NO_1,C11PALESTINIANJUSTICE,N
9364,J_NO_1,C11PALESTINIANRIGHTS,N
9364,J_NO_1,C12ZIONCRITICAL,N
9364,J_NO_1,C12SOLUTIONS,N
9364,J_NO_1,C12EQUALRIGHTS,N
9364,J_NO_1,C13ISRAELEVIDENCE,N
9364,J_NO_1,C13ISRAELINSTITUTIONS,N
9364,J_NO_1,C13ISRAELPOLICIES,N
9364,J_NO_1,C13ISRAELOPT,N
9364,J_NO_1,C13ISRAELREGION,N
9364,J_NO_1,C13ISRAELDISCRIMINATION,N
9364,J_NO_1,C13ISRAELNORMS,N
9364,J_NO_1,C13ISRAELCOMPARE,N
9364,J_NO_1,C14BDS,N
9364,J_NO_1,C15REASONABLE,N
9364,J_NO_1,C15DOUBLESTANDARD,N
10526,J_NO_1,C11PALESTINIANJUSTICE,N
10526,J_NO_1,C11PALESTINIANRIGHTS,N
10526,J_NO_1,C12ZIONCRITICAL,N
10526,J_NO_1,C12SOLUTIONS,N
10526,J_NO_1,C12EQUALRIGHTS,N
10526,J_NO_1,C13ISRAELEVIDENCE,N
10526,J_NO_1,C13ISRAELINSTITUTIONS,N
10526,J_NO_1,C13ISRAELPOLICIES,N
10526,J_NO_1,C13ISRAELOPT,N
10526,J_NO_1,C13ISRAELREGION,N
10526,J_NO_1,C13ISRAELDISCRIMINATION,N
10526,J_NO_1,C13ISRAELNORMS,N
10526,J_NO_1,C13ISRAELCOMPARE,N
10526,J_NO_1,C14BDS,N
10526,J_NO_1,C15REASONABLE,N
10526,J_NO_1,C15DOUBLESTANDARD,N
8921,J_NO_1,C11PALESTINIANJUSTICE,N
8921,J_NO_1,C11PALESTINIANRIGHTS,N
8921,J_NO_1,C12ZIONCRITICAL,N
8921,J_NO_1,C12SOLUTIONS,N
8921,J_NO_1,C12EQUALRIGHTS,N
8921,J_NO_1,C13ISRAELEVIDENCE,N
8921,J_NO_1,C13ISRAELINSTITUTIONS,N
8921,J_NO_1,C13ISRAELPOLICIES,N
8921,J_NO_1,C13ISRAELOPT,N
8921,J_NO_1,C13ISRAELREGION,N
8921,J_NO_1,C13ISRAELDISCRIMINATION,N
8921,J_NO_1,C13ISRAELNORMS,N
8921,J_NO_1,C13ISRAELCOMPARE,N
8921,J_NO_1,C14BDS,N
8921,J_NO_1,C15REASONABLE,N
8921,J_NO_1,C15DOUBLESTANDARD,N
39272,J_NO_1,C11PALESTINIANJUSTICE,N
39272,J_NO_1,C11PALESTINIANRIGHTS,N
39272,J_NO_1,C12ZIONCRITICAL,N
39272,J_NO_1,C12SOLUTIONS,N
39272,J_NO_1,C12EQUALRIGHTS,N
39272,J_NO_1,C13ISRAELEVIDENCE,N
39272,J_NO_1,C13ISRAELINSTITUTIONS,N
39272,J_NO_1,C13ISRAELPOLICIES,N
39272,J_NO_1,C13ISRAELOPT,N
39272,J_NO_1,C13ISRAELREGION,N
39272,J_NO_1,C13ISRAELDISCRIMINATION,N
39272,J_NO_1,C13ISRAELNORMS,N
39272,J_NO_1,C13ISRAELCOMPARE,N
39272,J_NO_1,C14BDS,N
39272,J_NO_1,C15REASONABLE,N
39272,J_NO_1,C15DOUBLESTANDARD,N
3041,J_NO_1,C11PALESTINIANJUSTICE,N
3041,J_NO_1,C11PALESTINIANRIGHTS,N
3041,J_NO_1,C12ZIONCRITICAL,N
3041,J_NO_1,C12SOLUTIONS,N
3041,J_NO_1,C12EQUALRIGHTS,N
3041,J_NO_1,C13ISRAELEVIDENCE,N
3041,J_NO_1,C13ISRAELINSTITUTIONS,N
3041,J_NO_1,C13ISRAELPOLICIES,N
3041,J_NO_1,C13ISRAELOPT,N
3041,J_NO_1,C13ISRAELREGION,N
3041,J_NO_1,C13ISRAELDISCRIMINATION,N
3041,J_NO_1,C13ISRAELNORMS,N
3041,J_NO_1,C13ISRAELCOMPARE,N
3041,J_NO_1,C14BDS,N
3041,J_NO_1,C15REASONABLE,N
3041,J_NO_1,C15DOUBLESTANDARD,N
46291,J_NO_1,C11PALESTINIANJUSTICE,N
46291,J_NO_1,C11PALESTINIANRIGHTS,N
46291,J_NO_1,C12ZIONCRITICAL,N
46291,J_NO_1,C12SOLUTIONS,N
46291,J_NO_1,C12EQUALRIGHTS,N
46291,J_NO_1,C13ISRAELEVIDENCE,N
46291,J_NO_1,C13ISRAELINSTITUTIONS,N
46291,J_NO_1,C13ISRAELPOLICIES,N
46291,J_NO_1,C13ISRAELOPT,N
46291,J_NO_1,C13ISRAELREGION,N
46291,J_NO_1,C13ISRAELDISCRIMINATION,N
46291,J_NO_1,C13ISRAELNORMS,N
46291,J_NO_1,C13ISRAELCOMPARE,N
46291,J_NO_1,C14BDS,N
46291,J_NO_1,C15REASONABLE,N
46291,J_NO_1,C15DOUBLESTANDARD,N
45923,J_NO_1,C11PALESTINIANJUSTICE,N
45923,J_NO_1,C11PALESTINIANRIGHTS,N
45923,J_NO_1,C12ZIONCRITICAL,N
45923,J_NO_1,C12SOLUTIONS,N
45923,J_NO_1,C12EQUALRIGHTS,N
45923,J_NO_1,C13ISRAELEVIDENCE,N
45923,J_NO_1,C13ISRAELINSTITUTIONS,N
45923,J_NO_1,C13ISRAELPOLICIES,N
45923,J_NO_1,C13ISRAELOPT,N
45923,J_NO_1,C13ISRAELREGION,N
45923,J_NO_1,C13ISRAELDISCRIMINATION,N
45923,J_NO_1,C13ISRAELNORMS,N
45923,J_NO_1,C13ISRAELCOMPARE,N
45923,J_NO_1,C14BDS,N
45923,J_NO_1,C15REASONABLE,N
45923,J_NO_1,C15DOUBLESTANDARD,N
13708,J_NO_1,C11PALESTINIANJUSTICE,N
13708,J_NO_1,C11PALESTINIANRIGHTS,N
13708,J_NO_1,C12ZIONCRITICAL,N
13708,J_NO_1,C12SOLUTIONS,N
13708,J_NO_1,C12EQUALRIGHTS,N
13708,J_NO_1,C13ISRAELEVIDENCE,N
13708,J_NO_1,C13ISRAELINSTITUTIONS,N
13708,J_NO_1,C13ISRAELPOLICIES,N
13708,J_NO_1,C13ISRAELOPT,N
13708,J_NO_1,C13ISRAELREGION,N
13708,J_NO_1,C13ISRAELDISCRIMINATION,N
13708,J_NO_1,C13ISRAELNORMS,N
13708,J_NO_1,C13ISRAELCOMPARE,N
13708,J_NO_1,C14BDS,N
13708,J_NO_1,C15REASONABLE,N
13708,J_NO_1,C15DOUBLESTANDARD,N
26341,J_NO_1,C11PALESTINIANJUSTICE,N
26341,J_NO_1,C11PALESTINIANRIGHTS,N
26341,J_NO_1,C12ZIONCRITICAL,N
26341,J_NO_1,C12SOLUTIONS,N
26341,J_NO_1,C12EQUALRIGHTS,N
26341,J_NO_1,C13ISRAELEVIDENCE,N
26341,J_NO_1,C13ISRAELINSTITUTIONS,N
26341,J_NO_1,C13ISRAELPOLICIES,N
26341,J_NO_1,C13ISRAELOPT,N
26341,J_NO_1,C13ISRAELREGION,N
26341,J_NO_1,C13ISRAELDISCRIMINATION,N
26341,J_NO_1,C13ISRAELNORMS,N
26341,J_NO_1,C13ISRAELCOMPARE,N
26341,J_NO_1,C14BDS,N
26341,J_NO_1,C15REASONABLE,N
26341,J_NO_1,C15DOUBLESTANDARD,N
23943,J_NO_1,C11PALESTINIANJUSTICE,N
23943,J_NO_1,C11PALESTINIANRIGHTS,N
23943,J_NO_1,C12ZIONCRITICAL,N
23943,J_NO_1,C12SOLUTIONS,N
23943,J_NO_1,C12EQUALRIGHTS,N
23943,J_NO_1,C13ISRAELEVIDENCE,N
23943,J_NO_1,C13ISRAELINSTITUTIONS,N
23943,J_NO_1,C13ISRAELPOLICIES,N
23943,J_NO_1,C13ISRAELOPT,N
23943,J_NO_1,C13ISRAELREGION,N
23943,J_NO_1,C13ISRAELDISCRIMINATION,N
23943,J_NO_1,C13ISRAELNORMS,N
23943,J_NO_1,C13ISRAELCOMPARE,N
23943,J_NO_1,C14BDS,N
23943,J_NO_1,C15REASONABLE,N
23943,J_NO_1,C15DOUBLESTANDARD,N
48295,J_NO_1,C11PALESTINIANJUSTICE,N
48295,J_NO_1,C11PALESTINIANRIGHTS,N
48295,J_NO_1,C12ZIONCRITICAL,N
48295,J_NO_1,C12SOLUTIONS,N
48295,J_NO_1,C12EQUALRIGHTS,N
48295,J_NO_1,C13ISRAELEVIDENCE,N
48295,J_NO_1,C13ISRAELINSTITUTIONS,N
48295,J_NO_1,C13ISRAELPOLICIES,N
48295,J_NO_1,C13ISRAELOPT,N
48295,J_NO_1,C13ISRAELREGION,N
48295,J_NO_1,C13ISRAELDISCRIMINATION,N
48295,J_NO_1,C13ISRAELNORMS,N
48295,J_NO_1,C13ISRAELCOMPARE,N
48295,J_NO_1,C14BDS,N
48295,J_NO_1,C15REASONABLE,N
48295,J_NO_1,C15DOUBLESTANDARD,N
16205,J_NO_1,C11PALESTINIANJUSTICE,N
16205,J_NO_1,C11PALESTINIANRIGHTS,N
16205,J_NO_1,C12ZIONCRITICAL,N
16205,J_NO_1,C12SOLUTIONS,N
16205,J_NO_1,C12EQUALRIGHTS,N
16205,J_NO_1,C13ISRAELEVIDENCE,N
16205,J_NO_1,C13ISRAELINSTITUTIONS,N
16205,J_NO_1,C13ISRAELPOLICIES,N
16205,J_NO_1,C13ISRAELOPT,N
16205,J_NO_1,C13ISRAELREGION,N
16205,J_NO_1,C13ISRAELDISCRIMINATION,N
16205,J_NO_1,C13ISRAELNORMS,N
16205,J_NO_1,C13ISRAELCOMPARE,N
16205,J_NO_1,C14BDS,N
16205,J_NO_1,C15REASONABLE,N
16205,J_NO_1,C15DOUBLESTANDARD,N
43985,J_NO_1,C11PALESTINIANJUSTICE,N
43985,J_NO_1,C11PALESTINIANRIGHTS,N
43985,J_NO_1,C12ZIONCRITICAL,N
43985,J_NO_1,C12SOLUTIONS,N
43985,J_NO_1,C12EQUALRIGHTS,N
43985,J_NO_1,C13ISRAELEVIDENCE,N
43985,J_NO_1,C13ISRAELINSTITUTIONS,N
43985,J_NO_1,C13ISRAELPOLICIES,N
43985,J_NO_1,C13ISRAELOPT,N
43985,J_NO_1,C13ISRAELREGION,N
43985,J_NO_1,C13ISRAELDISCRIMINATION,N
43985,J_NO_1,C13ISRAELNORMS,N
43985,J_NO_1,C13ISRAELCOMPARE,N
43985,J_NO_1,C14BDS,N
43985,J_NO_1,C15REASONABLE,N
43985,J_NO_1,C15DOUBLESTANDARD,N
49653,J_NO_1,C11PALESTINIANJUSTICE,N
49653,J_NO_1,C11PALESTINIANRIGHTS,N
49653,J_NO_1,C12ZIONCRITICAL,N
49653,J_NO_1,C12SOLUTIONS,N
49653,J_NO_1,C12EQUALRIGHTS,N
49653,J_NO_1,C13ISRAELEVIDENCE,N
49653,J_NO_1,C13ISRAELINSTITUTIONS,N
49653,J_NO_1,C13ISRAELPOLICIES,N
49653,J_NO_1,C13ISRAELOPT,N
49653,J_NO_1,C13ISRAELREGION,N
49653,J_NO_1,C13ISRAELDISCRIMINATION,N
49653,J_NO_1,C13ISRAELNORMS,N
49653,J_NO_1,C13ISRAELCOMPARE,N
49653,J_NO_1,C14BDS,N
49653,J_NO_1,C15REASONABLE,N
49653,J_NO_1,C15DOUBLESTANDARD,N
15447,J_NO_1,C11PALESTINIANJUSTICE,N
15447,J_NO_1,C11PALESTINIANRIGHTS,N
15447,J_NO_1,C12ZIONCRITICAL,N
15447,J_NO_1,C12SOLUTIONS,N
15447,J_NO_1,C12EQUALRIGHTS,N
15447,J_NO_1,C13ISRAELEVIDENCE,N
15447,J_NO_1,C13ISRAELINSTITUTIONS,N
15447,J_NO_1,C13ISRAELPOLICIES,N
15447,J_NO_1,C13ISRAELOPT,N
15447,J_NO_1,C13ISRAELREGION,N
15447,J_NO_1,C13ISRAELDISCRIMINATION,N
15447,J_NO_1,C13ISRAELNORMS,N
15447,J_NO_1,C13ISRAELCOMPARE,N
15447,J_NO_1,C14BDS,N
15447,J_NO_1,C15REASONABLE,N
15447,J_NO_1,C15DOUBLESTANDARD,N
32379,J_NO_1,C11PALESTINIANJUSTICE,N
32379,J_NO_1,C11PALESTINIANRIGHTS,N
32379,J_NO_1,C12ZIONCRITICAL,N
32379,J_NO_1,C12SOLUTIONS,N
32379,J_NO_1,C12EQUALRIGHTS,N
32379,J_NO_1,C13ISRAELEVIDENCE,N
32379,J_NO_1,C13ISRAELINSTITUTIONS,N
32379,J_NO_1,C13ISRAELPOLICIES,N
32379,J_NO_1,C13ISRAELOPT,N
32379,J_NO_1,C13ISRAELREGION,N
32379,J_NO_1,C13ISRAELDISCRIMINATION,N
32379,J_NO_1,C13ISRAELNORMS,N
32379,J_NO_1,C13ISRAELCOMPARE,N
32379,J_NO_1,C14BDS,N
32379,J_NO_1,C15REASONABLE,N
32379,J_NO_1,C15DOUBLESTANDARD,N
30068,J_NO_1,C11PALESTINIANJUSTICE,N
30068,J_NO_1,C11PALESTINIANRIGHTS,N
30068,J_NO_1,C12ZIONCRITICAL,N
30068,J_NO_1,C12SOLUTIONS,N
30068,J_NO_1,C12EQUALRIGHTS,N
30068,J_NO_1,C13ISRAELEVIDENCE,N
30068,J_NO_1,C13ISRAELINSTITUTIONS,N
30068,J_NO_1,C13ISRAELPOLICIES,N
30068,J_NO_1,C13ISRAELOPT,N
30068,J_NO_1,C13ISRAELREGION,N
30068,J_NO_1,C13ISRAELDISCRIMINATION,N
30068,J_NO_1,C13ISRAELNORMS,N
30068,J_NO_1,C13ISRAELCOMPARE,N
30068,J_NO_1,C14BDS,N
30068,J_NO_1,C15REASONABLE,N
30068,J_NO_1,C15DOUBLESTANDARD,N
2135,J_NO_1,C11PALESTINIANJUSTICE,N
2135,J_NO_1,C11PALESTINIANRIGHTS,N
2135,J_NO_1,C12ZIONCRITICAL,N
2135,J_NO_1,C12SOLUTIONS,N
2135,J_NO_1,C12EQUALRIGHTS,N
2135,J_NO_1,C13ISRAELEVIDENCE,N
2135,J_NO_1,C13ISRAELINSTITUTIONS,N
2135,J_NO_1,C13ISRAELPOLICIES,N
2135,J_NO_1,C13ISRAELOPT,N
2135,J_NO_1,C13ISRAELREGION,N
2135,J_NO_1,C13ISRAELDISCRIMINATION,N
2135,J_NO_1,C13ISRAELNORMS,N
2135,J_NO_1,C13ISRAELCOMPARE,N
2135,J_NO_1,C14BDS,N
2135,J_NO_1,C15REASONABLE,N
2135,J_NO_1,C15DOUBLESTANDARD,N
2776,J_NO_1,C11PALESTINIANJUSTICE,N
2776,J_NO_1,C11PALESTINIANRIGHTS,N
2776,J_NO_1,C12ZIONCRITICAL,N
2776,J_NO_1,C12SOLUTIONS,N
2776,J_NO_1,C12EQUALRIGHTS,N
2776,J_NO_1,C13ISRAELEVIDENCE,N
2776,J_NO_1,C13ISRAELINSTITUTIONS,N
2776,J_NO_1,C13ISRAELPOLICIES,N
2776,J_NO_1,C13ISRAELOPT,N
2776,J_NO_1,C13ISRAELREGION,N
2776,J_NO_1,C13ISRAELDISCRIMINATION,N
2776,J_NO_1,C13ISRAELNORMS,N
2776,J_NO_1,C13ISRAELCOMPARE,N
2776,J_NO_1,C14BDS,N
2776,J_NO_1,C15REASONABLE,N
2776,J_NO_1,C15DOUBLESTANDARD,N
692,J_NO_1,C11PALESTINIANJUSTICE,N
692,J_NO_1,C11PALESTINIANRIGHTS,N
692,J_NO_1,C12ZIONCRITICAL,N
692,J_NO_1,C12SOLUTIONS,N
692,J_NO_1,C12EQUALRIGHTS,N
692,J_NO_1,C13ISRAELEVIDENCE,N
692,J_NO_1,C13ISRAELINSTITUTIONS,N
692,J_NO_1,C13ISRAELPOLICIES,N
692,J_NO_1,C13ISRAELOPT,N
692,J_NO_1,C13ISRAELREGION,N
692,J_NO_1,C13ISRAELDISCRIMINATION,N
692,J_NO_1,C13ISRAELNORMS,N
692,J_NO_1,C13ISRAELCOMPARE,N
692,J_NO_1,C14BDS,N
692,J_NO_1,C15REASONABLE,N
692,J_NO_1,C15DOUBLESTANDARD,N
46987,J_NO_1,C11PALESTINIANJUSTICE,N
46987,J_NO_1,C11PALESTINIANRIGHTS,N
46987,J_NO_1,C12ZIONCRITICAL,N
46987,J_NO_1,C12SOLUTIONS,N
46987,J_NO_1,C12EQUALRIGHTS,N
46987,J_NO_1,C13ISRAELEVIDENCE,N
46987,J_NO_1,C13ISRAELINSTITUTIONS,N
46987,J_NO_1,C13ISRAELPOLICIES,N
46987,J_NO_1,C13ISRAELOPT,N
46987,J_NO_1,C13ISRAELREGION,N
46987,J_NO_1,C13ISRAELDISCRIMINATION,N
46987,J_NO_1,C13ISRAELNORMS,N
46987,J_NO_1,C13ISRAELCOMPARE,N
46987,J_NO_1,C14BDS,N
46987,J_NO_1,C15REASONABLE,N
46987,J_NO_1,C15DOUBLESTANDARD,N
5975,J_NO_1,C11PALESTINIANJUSTICE,N
5975,J_NO_1,C11PALESTINIANRIGHTS,N
5975,J_NO_1,C12ZIONCRITICAL,N
5975,J_NO_1,C12SOLUTIONS,N
5975,J_NO_1,C12EQUALRIGHTS,N
5975,J_NO_1,C13ISRAELEVIDENCE,N
5975,J_NO_1,C13ISRAELINSTITUTIONS,N
5975,J_NO_1,C13ISRAELPOLICIES,N
5975,J_NO_1,C13ISRAELOPT,N
5975,J_NO_1,C13ISRAELREGION,N
5975,J_NO_1,C13ISRAELDISCRIMINATION,N
5975,J_NO_1,C13ISRAELNORMS,N
5975,J_NO_1,C13ISRAELCOMPARE,N
5975,J_NO_1,C14BDS,N
5975,J_NO_1,C15REASONABLE,N
5975,J_NO_1,C15DOUBLESTANDARD,N
44923,J_NO_1,C11PALESTINIANJUSTICE,N
44923,J_NO_1,C11PALESTINIANRIGHTS,N
44923,J_NO_1,C12ZIONCRITICAL,N
44923,J_NO_1,C12SOLUTIONS,N
44923,J_NO_1,C12EQUALRIGHTS,N
44923,J_NO_1,C13ISRAELEVIDENCE,N
44923,J_NO_1,C13ISRAELINSTITUTIONS,N
44923,J_NO_1,C13ISRAELPOLICIES,N
44923,J_NO_1,C13ISRAELOPT,N
44923,J_NO_1,C13ISRAELREGION,N
44923,J_NO_1,C13ISRAELDISCRIMINATION,N
44923,J_NO_1,C13ISRAELNORMS,N
44923,J_NO_1,C13ISRAELCOMPARE,N
44923,J_NO_1,C14BDS,N
44923,J_NO_1,C15REASONABLE,N
44923,J_NO_1,C15DOUBLESTANDARD,N
29865,J_NO_1,C11PALESTINIANJUSTICE,N
29865,J_NO_1,C11PALESTINIANRIGHTS,N
29865,J_NO_1,C12ZIONCRITICAL,N
29865,J_NO_1,C12SOLUTIONS,N
29865,J_NO_1,C12EQUALRIGHTS,N
29865,J_NO_1,C13ISRAELEVIDENCE,N
29865,J_NO_1,C13ISRAELINSTITUTIONS,N
29865,J_NO_1,C13ISRAELPOLICIES,N
29865,J_NO_1,C13ISRAELOPT,N
29865,J_NO_1,C13ISRAELREGION,N
29865,J_NO_1,C13ISRAELDISCRIMINATION,N
29865,J_NO_1,C13ISRAELNORMS,N
29865,J_NO_1,C13ISRAELCOMPARE,N
29865,J_NO_1,C14BDS,N
29865,J_NO_1,C15REASONABLE,N
29865,J_NO_1,C15DOUBLESTANDARD,N
12532,J_NO_1,C11PALESTINIANJUSTICE,N
12532,J_NO_1,C11PALESTINIANRIGHTS,N
12532,J_NO_1,C12ZIONCRITICAL,N
12532,J_NO_1,C12SOLUTIONS,N
12532,J_NO_1,C12EQUALRIGHTS,N
12532,J_NO_1,C13ISRAELEVIDENCE,N
12532,J_NO_1,C13ISRAELINSTITUTIONS,N
12532,J_NO_1,C13ISRAELPOLICIES,N
12532,J_NO_1,C13ISRAELOPT,N
12532,J_NO_1,C13ISRAELREGION,N
12532,J_NO_1,C13ISRAELDISCRIMINATION,N
12532,J_NO_1,C13ISRAELNORMS,N
12532,J_NO_1,C13ISRAELCOMPARE,N
12532,J_NO_1,C14BDS,N
12532,J_NO_1,C15REASONABLE,N
12532,J_NO_1,C15DOUBLESTANDARD,N
30770,J_NO_1,C11PALESTINIANJUSTICE,N
30770,J_NO_1,C11PALESTINIANRIGHTS,N
30770,J_NO_1,C12ZIONCRITICAL,N
30770,J_NO_1,C12SOLUTIONS,N
30770,J_NO_1,C12EQUALRIGHTS,N
30770,J_NO_1,C13ISRAELEVIDENCE,N
30770,J_NO_1,C13ISRAELINSTITUTIONS,N
30770,J_NO_1,C13ISRAELPOLICIES,N
30770,J_NO_1,C13ISRAELOPT,N
30770,J_NO_1,C13ISRAELREGION,N
30770,J_NO_1,C13ISRAELDISCRIMINATION,N
30770,J_NO_1,C13ISRAELNORMS,N
30770,J_NO_1,C13ISRAELCOMPARE,N
30770,J_NO_1,C14BDS,N
30770,J_NO_1,C15REASONABLE,N
30770,J_NO_1,C15DOUBLESTANDARD,N
14488,J_NO_1,C11PALESTINIANJUSTICE,N
14488,J_NO_1,C11PALESTINIANRIGHTS,N
14488,J_NO_1,C12ZIONCRITICAL,N
14488,J_NO_1,C12SOLUTIONS,N
14488,J_NO_1,C12EQUALRIGHTS,N
14488,J_NO_1,C13ISRAELEVIDENCE,N
14488,J_NO_1,C13ISRAELINSTITUTIONS,N
14488,J_NO_1,C13ISRAELPOLICIES,N
14488,J_NO_1,C13ISRAELOPT,N
14488,J_NO_1,C13ISRAELREGION,N
14488,J_NO_1,C13ISRAELDISCRIMINATION,N
14488,J_NO_1,C13ISRAELNORMS,N
14488,J_NO_1,C13ISRAELCOMPARE,N
14488,J_NO_1,C14BDS,N
14488,J_NO_1,C15REASONABLE,N
14488,J_NO_1,C15DOUBLESTANDARD,N
4790,J_NO_1,C11PALESTINIANJUSTICE,N
4790,J_NO_1,C11PALESTINIANRIGHTS,N
4790,J_NO_1,C12ZIONCRITICAL,N
4790,J_NO_1,C12SOLUTIONS,N
4790,J_NO_1,C12EQUALRIGHTS,N
4790,J_NO_1,C13ISRAELEVIDENCE,N
4790,J_NO_1,C13ISRAELINSTITUTIONS,N
4790,J_NO_1,C13ISRAELPOLICIES,N
4790,J_NO_1,C13ISRAELOPT,N
4790,J_NO_1,C13ISRAELREGION,N
4790,J_NO_1,C13ISRAELDISCRIMINATION,N
4790,J_NO_1,C13ISRAELNORMS,N
4790,J_NO_1,C13ISRAELCOMPARE,N
4790,J_NO_1,C14BDS,N
4790,J_NO_1,C15REASONABLE,N
4790,J_NO_1,C15DOUBLESTANDARD,N
23613,J_NO_1,C11PALESTINIANJUSTICE,N
23613,J_NO_1,C11PALESTINIANRIGHTS,N
23613,J_NO_1,C12ZIONCRITICAL,N
23613,J_NO_1,C12SOLUTIONS,N
23613,J_NO_1,C12EQUALRIGHTS,N
23613,J_NO_1,C13ISRAELEVIDENCE,N
23613,J_NO_1,C13ISRAELINSTITUTIONS,N
23613,J_NO_1,C13ISRAELPOLICIES,N
23613,J_NO_1,C13ISRAELOPT,N
23613,J_NO_1,C13ISRAELREGION,N
23613,J_NO_1,C13ISRAELDISCRIMINATION,N
23613,J_NO_1,C13ISRAELNORMS,N
23613,J_NO_1,C13ISRAELCOMPARE,N
23613,J_NO_1,C14BDS,N
23613,J_NO_1,C15REASONABLE,N
23613,J_NO_1,C15DOUBLESTANDARD,N
14323,J_NO_1,PARSE_ERROR,Expecting value: line 1 column 1 (char 0)
16733,J_NO_1,C11PALESTINIANJUSTICE,A
16733,J_NO_1,C11PALESTINIANRIGHTS,A
16733,J_NO_1,C12ZIONCRITICAL,I
16733,J_NO_1,C12SOLUTIONS,A
16733,J_NO_1,C12EQUALRIGHTS,A
16733,J_NO_1,C13ISRAELEVIDENCE,A
16733,J_NO_1,C13ISRAELINSTITUTIONS,A
16733,J_NO_1,C13ISRAELPOLICIES,A
16733,J_NO_1,C13ISRAELOPT,N
16733,J_NO_1,C13ISRAELREGION,N
16733,J_NO_1,C13ISRAELDISCRIMINATION,N
16733,J_NO_1,C13ISRAELNORMS,N
16733,J_NO_1,C13ISRAELCOMPARE,N
16733,J_NO_1,C14BDS,N
16733,J_NO_1,C15REASONABLE,A
16733,J_NO_1,C15DOUBLESTANDARD,N
13766,J_NO_1,C11PALESTINIANJUSTICE,N
13766,J_NO_1,C11PALESTINIANRIGHTS,N
13766,J_NO_1,C12ZIONCRITICAL,N
13766,J_NO_1,C12SOLUTIONS,N
13766,J_NO_1,C12EQUALRIGHTS,N
13766,J_NO_1,C13ISRAELEVIDENCE,N
13766,J_NO_1,C13ISRAELINSTITUTIONS,N
13766,J_NO_1,C13ISRAELPOLICIES,N
13766,J_NO_1,C13ISRAELOPT,N
13766,J_NO_1,C13ISRAELREGION,N
13766,J_NO_1,C13ISRAELDISCRIMINATION,N
13766,J_NO_1,C13ISRAELNORMS,N
13766,J_NO_1,C13ISRAELCOMPARE,N
13766,J_NO_1,C14BDS,N
13766,J_NO_1,C15REASONABLE,N
13766,J_NO_1,C15DOUBLESTANDARD,N
31049,J_NO_1,C11PALESTINIANJUSTICE,N
31049,J_NO_1,C11PALESTINIANRIGHTS,N
31049,J_NO_1,C12ZIONCRITICAL,N
31049,J_NO_1,C12SOLUTIONS,N
31049,J_NO_1,C12EQUALRIGHTS,N
31049,J_NO_1,C13ISRAELEVIDENCE,N
31049,J_NO_1,C13ISRAELINSTITUTIONS,N
31049,J_NO_1,C13ISRAELPOLICIES,N
31049,J_NO_1,C13ISRAELOPT,N
31049,J_NO_1,C13ISRAELREGION,N
31049,J_NO_1,C13ISRAELDISCRIMINATION,N
31049,J_NO_1,C13ISRAELNORMS,N
31049,J_NO_1,C13ISRAELCOMPARE,N
31049,J_NO_1,C14BDS,N
31049,J_NO_1,C15REASONABLE,N
31049,J_NO_1,C15DOUBLESTANDARD,N
5140,J_NO_1,C11PALESTINIANJUSTICE,N
5140,J_NO_1,C11PALESTINIANRIGHTS,N
5140,J_NO_1,C12ZIONCRITICAL,N
5140,J_NO_1,C12SOLUTIONS,N
5140,J_NO_1,C12EQUALRIGHTS,N
5140,J_NO_1,C13ISRAELEVIDENCE,N
5140,J_NO_1,C13ISRAELINSTITUTIONS,N
5140,J_NO_1,C13ISRAELPOLICIES,N
5140,J_NO_1,C13ISRAELOPT,N
5140,J_NO_1,C13ISRAELREGION,N
5140,J_NO_1,C13ISRAELDISCRIMINATION,N
5140,J_NO_1,C13ISRAELNORMS,N
5140,J_NO_1,C13ISRAELCOMPARE,N
5140,J_NO_1,C14BDS,N
5140,J_NO_1,C15REASONABLE,N
5140,J_NO_1,C15DOUBLESTANDARD,N
24365,J_NO_1,C11PALESTINIANJUSTICE,N
24365,J_NO_1,C11PALESTINIANRIGHTS,N
24365,J_NO_1,C12ZIONCRITICAL,N
24365,J_NO_1,C12SOLUTIONS,N
24365,J_NO_1,C12EQUALRIGHTS,N
24365,J_NO_1,C13ISRAELEVIDENCE,N
24365,J_NO_1,C13ISRAELINSTITUTIONS,N
24365,J_NO_1,C13ISRAELPOLICIES,N
24365,J_NO_1,C13ISRAELOPT,N
24365,J_NO_1,C13ISRAELREGION,N
24365,J_NO_1,C13ISRAELDISCRIMINATION,N
24365,J_NO_1,C13ISRAELNORMS,N
24365,J_NO_1,C13ISRAELCOMPARE,N
24365,J_NO_1,C14BDS,N
24365,J_NO_1,C15REASONABLE,N
24365,J_NO_1,C15DOUBLESTANDARD,N
22141,J_NO_1,C11PALESTINIANJUSTICE,N
22141,J_NO_1,C11PALESTINIANRIGHTS,N
22141,J_NO_1,C12ZIONCRITICAL,N
22141,J_NO_1,C12SOLUTIONS,N
22141,J_NO_1,C12EQUALRIGHTS,N
22141,J_NO_1,C13ISRAELEVIDENCE,N
22141,J_NO_1,C13ISRAELINSTITUTIONS,N
22141,J_NO_1,C13ISRAELPOLICIES,N
22141,J_NO_1,C13ISRAELOPT,N
22141,J_NO_1,C13ISRAELREGION,N
22141,J_NO_1,C13ISRAELDISCRIMINATION,N
22141,J_NO_1,C13ISRAELNORMS,N
22141,J_NO_1,C13ISRAELCOMPARE,N
22141,J_NO_1,C14BDS,N
22141,J_NO_1,C15REASONABLE,N
22141,J_NO_1,C15DOUBLESTANDARD,N
19655,J_NO_1,C11PALESTINIANJUSTICE,N
19655,J_NO_1,C11PALESTINIANRIGHTS,N
19655,J_NO_1,C12ZIONCRITICAL,N
19655,J_NO_1,C12SOLUTIONS,N
19655,J_NO_1,C12EQUALRIGHTS,N
19655,J_NO_1,C13ISRAELEVIDENCE,N
19655,J_NO_1,C13ISRAELINSTITUTIONS,N
19655,J_NO_1,C13ISRAELPOLICIES,N
19655,J_NO_1,C13ISRAELOPT,N
19655,J_NO_1,C13ISRAELREGION,N
19655,J_NO_1,C13ISRAELDISCRIMINATION,N
19655,J_NO_1,C13ISRAELNORMS,N
19655,J_NO_1,C13ISRAELCOMPARE,N
19655,J_NO_1,C14BDS,N
19655,J_NO_1,C15REASONABLE,N
19655,J_NO_1,C15DOUBLESTANDARD,N
48389,J_NO_1,C11PALESTINIANJUSTICE,N
48389,J_NO_1,C11PALESTINIANRIGHTS,N
48389,J_NO_1,C12ZIONCRITICAL,N
48389,J_NO_1,C12SOLUTIONS,N
48389,J_NO_1,C12EQUALRIGHTS,N
48389,J_NO_1,C13ISRAELEVIDENCE,N
48389,J_NO_1,C13ISRAELINSTITUTIONS,N
48389,J_NO_1,C13ISRAELPOLICIES,N
48389,J_NO_1,C13ISRAELOPT,N
48389,J_NO_1,C13ISRAELREGION,N
48389,J_NO_1,C13ISRAELDISCRIMINATION,N
48389,J_NO_1,C13ISRAELNORMS,N
48389,J_NO_1,C13ISRAELCOMPARE,N
48389,J_NO_1,C14BDS,N
48389,J_NO_1,C15REASONABLE,N
48389,J_NO_1,C15DOUBLESTANDARD,N
41229,J_NO_1,C11PALESTINIANJUSTICE,N
41229,J_NO_1,C11PALESTINIANRIGHTS,N
41229,J_NO_1,C12ZIONCRITICAL,N
41229,J_NO_1,C12SOLUTIONS,N
41229,J_NO_1,C12EQUALRIGHTS,N
41229,J_NO_1,C13ISRAELEVIDENCE,N
41229,J_NO_1,C13ISRAELINSTITUTIONS,N
41229,J_NO_1,C13ISRAELPOLICIES,N
41229,J_NO_1,C13ISRAELOPT,N
41229,J_NO_1,C13ISRAELREGION,N
41229,J_NO_1,C13ISRAELDISCRIMINATION,N
41229,J_NO_1,C13ISRAELNORMS,N
41229,J_NO_1,C13ISRAELCOMPARE,N
41229,J_NO_1,C14BDS,N
41229,J_NO_1,C15REASONABLE,N
41229,J_NO_1,C15DOUBLESTANDARD,N
995,J_NO_1,C11PALESTINIANJUSTICE,N
995,J_NO_1,C11PALESTINIANRIGHTS,N
995,J_NO_1,C12ZIONCRITICAL,N
995,J_NO_1,C12SOLUTIONS,N
995,J_NO_1,C12EQUALRIGHTS,N
995,J_NO_1,C13ISRAELEVIDENCE,N
995,J_NO_1,C13ISRAELINSTITUTIONS,N
995,J_NO_1,C13ISRAELPOLICIES,N
995,J_NO_1,C13ISRAELOPT,N
995,J_NO_1,C13ISRAELREGION,N
995,J_NO_1,C13ISRAELDISCRIMINATION,N
995,J_NO_1,C13ISRAELNORMS,N
995,J_NO_1,C13ISRAELCOMPARE,N
995,J_NO_1,C14BDS,N
995,J_NO_1,C15REASONABLE,N
995,J_NO_1,C15DOUBLESTANDARD,N
43805,J_NO_1,C11PALESTINIANJUSTICE,N
43805,J_NO_1,C11PALESTINIANRIGHTS,N
43805,J_NO_1,C12ZIONCRITICAL,N
43805,J_NO_1,C12SOLUTIONS,N
43805,J_NO_1,C12EQUALRIGHTS,N
43805,J_NO_1,C13ISRAELEVIDENCE,N
43805,J_NO_1,C13ISRAELINSTITUTIONS,N
43805,J_NO_1,C13ISRAELPOLICIES,N
43805,J_NO_1,C13ISRAELOPT,N
43805,J_NO_1,C13ISRAELREGION,N
43805,J_NO_1,C13ISRAELDISCRIMINATION,N
43805,J_NO_1,C13ISRAELNORMS,N
43805,J_NO_1,C13ISRAELCOMPARE,N
43805,J_NO_1,C14BDS,N
43805,J_NO_1,C15REASONABLE,N
43805,J_NO_1,C15DOUBLESTANDARD,N
15166,J_NO_1,C11PALESTINIANJUSTICE,N
15166,J_NO_1,C11PALESTINIANRIGHTS,N
15166,J_NO_1,C12ZIONCRITICAL,N
15166,J_NO_1,C12SOLUTIONS,N
15166,J_NO_1,C12EQUALRIGHTS,N
15166,J_NO_1,C13ISRAELEVIDENCE,N
15166,J_NO_1,C13ISRAELINSTITUTIONS,N
15166,J_NO_1,C13ISRAELPOLICIES,N
15166,J_NO_1,C13ISRAELOPT,N
15166,J_NO_1,C13ISRAELREGION,N
15166,J_NO_1,C13ISRAELDISCRIMINATION,N
15166,J_NO_1,C13ISRAELNORMS,N
15166,J_NO_1,C13ISRAELCOMPARE,N
15166,J_NO_1,C14BDS,N
15166,J_NO_1,C15REASONABLE,N
15166,J_NO_1,C15DOUBLESTANDARD,N
34994,J_NO_1,C11PALESTINIANJUSTICE,N
34994,J_NO_1,C11PALESTINIANRIGHTS,N
34994,J_NO_1,C12ZIONCRITICAL,N
34994,J_NO_1,C12SOLUTIONS,N
34994,J_NO_1,C12EQUALRIGHTS,N
34994,J_NO_1,C13ISRAELEVIDENCE,N
34994,J_NO_1,C13ISRAELINSTITUTIONS,N
34994,J_NO_1,C13ISRAELPOLICIES,N
34994,J_NO_1,C13ISRAELOPT,N
34994,J_NO_1,C13ISRAELREGION,N
34994,J_NO_1,C13ISRAELDISCRIMINATION,N
34994,J_NO_1,C13ISRAELNORMS,N
34994,J_NO_1,C13ISRAELCOMPARE,N
34994,J_NO_1,C14BDS,N
34994,J_NO_1,C15REASONABLE,N
34994,J_NO_1,C15DOUBLESTANDARD,N
17294,J_NO_1,C11PALESTINIANJUSTICE,N
17294,J_NO_1,C11PALESTINIANRIGHTS,N
17294,J_NO_1,C12ZIONCRITICAL,N
17294,J_NO_1,C12SOLUTIONS,N
17294,J_NO_1,C12EQUALRIGHTS,N
17294,J_NO_1,C13ISRAELEVIDENCE,N
17294,J_NO_1,C13ISRAELINSTITUTIONS,N
17294,J_NO_1,C13ISRAELPOLICIES,N
17294,J_NO_1,C13ISRAELOPT,N
17294,J_NO_1,C13ISRAELREGION,N
17294,J_NO_1,C13ISRAELDISCRIMINATION,N
17294,J_NO_1,C13ISRAELNORMS,N
17294,J_NO_1,C13ISRAELCOMPARE,N
17294,J_NO_1,C14BDS,N
17294,J_NO_1,C15REASONABLE,N
17294,J_NO_1,C15DOUBLESTANDARD,N
8783,J_NO_1,C11PALESTINIANJUSTICE,N
8783,J_NO_1,C11PALESTINIANRIGHTS,N
8783,J_NO_1,C12ZIONCRITICAL,N
8783,J_NO_1,C12SOLUTIONS,N
8783,J_NO_1,C12EQUALRIGHTS,N
8783,J_NO_1,C13ISRAELEVIDENCE,N
8783,J_NO_1,C13ISRAELINSTITUTIONS,N
8783,J_NO_1,C13ISRAELPOLICIES,N
8783,J_NO_1,C13ISRAELOPT,N
8783,J_NO_1,C13ISRAELREGION,N
8783,J_NO_1,C13ISRAELDISCRIMINATION,N
8783,J_NO_1,C13ISRAELNORMS,N
8783,J_NO_1,C13ISRAELCOMPARE,N
8783,J_NO_1,C14BDS,N
8783,J_NO_1,C15REASONABLE,N
8783,J_NO_1,C15DOUBLESTANDARD,N
39362,J_NO_1,C11PALESTINIANJUSTICE,N
39362,J_NO_1,C11PALESTINIANRIGHTS,N
39362,J_NO_1,C12ZIONCRITICAL,N
39362,J_NO_1,C12SOLUTIONS,N
39362,J_NO_1,C12EQUALRIGHTS,N
39362,J_NO_1,C13ISRAELEVIDENCE,N
39362,J_NO_1,C13ISRAELINSTITUTIONS,N
39362,J_NO_1,C13ISRAELPOLICIES,N
39362,J_NO_1,C13ISRAELOPT,N
39362,J_NO_1,C13ISRAELREGION,N
39362,J_NO_1,C13ISRAELDISCRIMINATION,N
39362,J_NO_1,C13ISRAELNORMS,N
39362,J_NO_1,C13ISRAELCOMPARE,N
39362,J_NO_1,C14BDS,N
39362,J_NO_1,C15REASONABLE,N
39362,J_NO_1,C15DOUBLESTANDARD,N
42911,J_NO_1,C11PALESTINIANJUSTICE,N
42911,J_NO_1,C11PALESTINIANRIGHTS,N
42911,J_NO_1,C12ZIONCRITICAL,N
42911,J_NO_1,C12SOLUTIONS,N
42911,J_NO_1,C12EQUALRIGHTS,N
42911,J_NO_1,C13ISRAELEVIDENCE,N
42911,J_NO_1,C13ISRAELINSTITUTIONS,N
42911,J_NO_1,C13ISRAELPOLICIES,N
42911,J_NO_1,C13ISRAELOPT,N
42911,J_NO_1,C13ISRAELREGION,N
42911,J_NO_1,C13ISRAELDISCRIMINATION,N
42911,J_NO_1,C13ISRAELNORMS,N
42911,J_NO_1,C13ISRAELCOMPARE,N
42911,J_NO_1,C14BDS,N
42911,J_NO_1,C15REASONABLE,N
42911,J_NO_1,C15DOUBLESTANDARD,N
42879,J_NO_1,C11PALESTINIANJUSTICE,N
42879,J_NO_1,C11PALESTINIANRIGHTS,N
42879,J_NO_1,C12ZIONCRITICAL,N
42879,J_NO_1,C12SOLUTIONS,N
42879,J_NO_1,C12EQUALRIGHTS,N
42879,J_NO_1,C13ISRAELEVIDENCE,N
42879,J_NO_1,C13ISRAELINSTITUTIONS,N
42879,J_NO_1,C13ISRAELPOLICIES,N
42879,J_NO_1,C13ISRAELOPT,N
42879,J_NO_1,C13ISRAELREGION,N
42879,J_NO_1,C13ISRAELDISCRIMINATION,N
42879,J_NO_1,C13ISRAELNORMS,N
42879,J_NO_1,C13ISRAELCOMPARE,N
42879,J_NO_1,C14BDS,N
42879,J_NO_1,C15REASONABLE,N
42879,J_NO_1,C15DOUBLESTANDARD,N
7136,J_NO_1,C11PALESTINIANJUSTICE,N
7136,J_NO_1,C11PALESTINIANRIGHTS,N
7136,J_NO_1,C12ZIONCRITICAL,N
7136,J_NO_1,C12SOLUTIONS,N
7136,J_NO_1,C12EQUALRIGHTS,N
7136,J_NO_1,C13ISRAELEVIDENCE,N
7136,J_NO_1,C13ISRAELINSTITUTIONS,N
7136,J_NO_1,C13ISRAELPOLICIES,N
7136,J_NO_1,C13ISRAELOPT,N
7136,J_NO_1,C13ISRAELREGION,N
7136,J_NO_1,C13ISRAELDISCRIMINATION,N
7136,J_NO_1,C13ISRAELNORMS,N
7136,J_NO_1,C13ISRAELCOMPARE,N
7136,J_NO_1,C14BDS,N
7136,J_NO_1,C15REASONABLE,N
7136,J_NO_1,C15DOUBLESTANDARD,N
44367,J_NO_1,C11PALESTINIANJUSTICE,N
44367,J_NO_1,C11PALESTINIANRIGHTS,N
44367,J_NO_1,C12ZIONCRITICAL,N
44367,J_NO_1,C12SOLUTIONS,N
44367,J_NO_1,C12EQUALRIGHTS,N
44367,J_NO_1,C13ISRAELEVIDENCE,N
44367,J_NO_1,C13ISRAELINSTITUTIONS,N
44367,J_NO_1,C13ISRAELPOLICIES,N
44367,J_NO_1,C13ISRAELOPT,N
44367,J_NO_1,C13ISRAELREGION,N
44367,J_NO_1,C13ISRAELDISCRIMINATION,N
44367,J_NO_1,C13ISRAELNORMS,N
44367,J_NO_1,C13ISRAELCOMPARE,N
44367,J_NO_1,C14BDS,N
44367,J_NO_1,C15REASONABLE,N
44367,J_NO_1,C15DOUBLESTANDARD,N
46802,J_NO_1,C11PALESTINIANJUSTICE,N
46802,J_NO_1,C11PALESTINIANRIGHTS,N
46802,J_NO_1,C12ZIONCRITICAL,N
46802,J_NO_1,C12SOLUTIONS,N
46802,J_NO_1,C12EQUALRIGHTS,N
46802,J_NO_1,C13ISRAELEVIDENCE,N
46802,J_NO_1,C13ISRAELINSTITUTIONS,N
46802,J_NO_1,C13ISRAELPOLICIES,N
46802,J_NO_1,C13ISRAELOPT,N
46802,J_NO_1,C13ISRAELREGION,N
46802,J_NO_1,C13ISRAELDISCRIMINATION,N
46802,J_NO_1,C13ISRAELNORMS,N
46802,J_NO_1,C13ISRAELCOMPARE,N
46802,J_NO_1,C14BDS,N
46802,J_NO_1,C15REASONABLE,N
46802,J_NO_1,C15DOUBLESTANDARD,N
48944,J_NO_1,C11PALESTINIANJUSTICE,N
48944,J_NO_1,C11PALESTINIANRIGHTS,N
48944,J_NO_1,C12ZIONCRITICAL,N
48944,J_NO_1,C12SOLUTIONS,N
48944,J_NO_1,C12EQUALRIGHTS,N
48944,J_NO_1,C13ISRAELEVIDENCE,N
48944,J_NO_1,C13ISRAELINSTITUTIONS,N
48944,J_NO_1,C13ISRAELPOLICIES,N
48944,J_NO_1,C13ISRAELOPT,N
48944,J_NO_1,C13ISRAELREGION,N
48944,J_NO_1,C13ISRAELDISCRIMINATION,N
48944,J_NO_1,C13ISRAELNORMS,N
48944,J_NO_1,C13ISRAELCOMPARE,N
48944,J_NO_1,C14BDS,N
48944,J_NO_1,C15REASONABLE,N
48944,J_NO_1,C15DOUBLESTANDARD,N
44630,J_NO_1,PARSE_ERROR,Expecting value: line 1 column 1 (char 0)
17596,J_NO_1,C11PALESTINIANJUSTICE,N
17596,J_NO_1,C11PALESTINIANRIGHTS,N
17596,J_NO_1,C12ZIONCRITICAL,N
17596,J_NO_1,C12SOLUTIONS,N
17596,J_NO_1,C12EQUALRIGHTS,N
17596,J_NO_1,C13ISRAELEVIDENCE,N
17596,J_NO_1,C13ISRAELINSTITUTIONS,N
17596,J_NO_1,C13ISRAELPOLICIES,N
17596,J_NO_1,C13ISRAELOPT,N
17596,J_NO_1,C13ISRAELREGION,N
17596,J_NO_1,C13ISRAELDISCRIMINATION,N
17596,J_NO_1,C13ISRAELNORMS,N
17596,J_NO_1,C13ISRAELCOMPARE,N
17596,J_NO_1,C14BDS,N
17596,J_NO_1,C15REASONABLE,N
17596,J_NO_1,C15DOUBLESTANDARD,N
48310,J_NO_1,C11PALESTINIANJUSTICE,N
48310,J_NO_1,C11PALESTINIANRIGHTS,N
48310,J_NO_1,C12ZIONCRITICAL,N
48310,J_NO_1,C12SOLUTIONS,N
48310,J_NO_1,C12EQUALRIGHTS,N
48310,J_NO_1,C13ISRAELEVIDENCE,N
48310,J_NO_1,C13ISRAELINSTITUTIONS,N
48310,J_NO_1,C13ISRAELPOLICIES,N
48310,J_NO_1,C13ISRAELOPT,N
48310,J_NO_1,C13ISRAELREGION,N
48310,J_NO_1,C13ISRAELDISCRIMINATION,N
48310,J_NO_1,C13ISRAELNORMS,N
48310,J_NO_1,C13ISRAELCOMPARE,N
48310,J_NO_1,C14BDS,N
48310,J_NO_1,C15REASONABLE,N
48310,J_NO_1,C15DOUBLESTANDARD,N
26867,J_NO_1,C11PALESTINIANJUSTICE,N
26867,J_NO_1,C11PALESTINIANRIGHTS,N
26867,J_NO_1,C12ZIONCRITICAL,N
26867,J_NO_1,C12SOLUTIONS,N
26867,J_NO_1,C12EQUALRIGHTS,N
26867,J_NO_1,C13ISRAELEVIDENCE,N
26867,J_NO_1,C13ISRAELINSTITUTIONS,N
26867,J_NO_1,C13ISRAELPOLICIES,N
26867,J_NO_1,C13ISRAELOPT,N
26867,J_NO_1,C13ISRAELREGION,N
26867,J_NO_1,C13ISRAELDISCRIMINATION,N
26867,J_NO_1,C13ISRAELNORMS,N
26867,J_NO_1,C13ISRAELCOMPARE,N
26867,J_NO_1,C14BDS,N
26867,J_NO_1,C15REASONABLE,N
26867,J_NO_1,C15DOUBLESTANDARD,N
20029,J_NO_1,C11PALESTINIANJUSTICE,N
20029,J_NO_1,C11PALESTINIANRIGHTS,N
20029,J_NO_1,C12ZIONCRITICAL,N
20029,J_NO_1,C12SOLUTIONS,N
20029,J_NO_1,C12EQUALRIGHTS,N
20029,J_NO_1,C13ISRAELEVIDENCE,N
20029,J_NO_1,C13ISRAELINSTITUTIONS,N
20029,J_NO_1,C13ISRAELPOLICIES,N
20029,J_NO_1,C13ISRAELOPT,N
20029,J_NO_1,C13ISRAELREGION,N
20029,J_NO_1,C13ISRAELDISCRIMINATION,N
20029,J_NO_1,C13ISRAELNORMS,N
20029,J_NO_1,C13ISRAELCOMPARE,N
20029,J_NO_1,C14BDS,N
20029,J_NO_1,C15REASONABLE,N
20029,J_NO_1,C15DOUBLESTANDARD,N
22343,J_NO_1,C11PALESTINIANJUSTICE,N
22343,J_NO_1,C11PALESTINIANRIGHTS,N
22343,J_NO_1,C12ZIONCRITICAL,N
22343,J_NO_1,C12SOLUTIONS,N
22343,J_NO_1,C12EQUALRIGHTS,N
22343,J_NO_1,C13ISRAELEVIDENCE,N
22343,J_NO_1,C13ISRAELINSTITUTIONS,N
22343,J_NO_1,C13ISRAELPOLICIES,N
22343,J_NO_1,C13ISRAELOPT,N
22343,J_NO_1,C13ISRAELREGION,N
22343,J_NO_1,C13ISRAELDISCRIMINATION,N
22343,J_NO_1,C13ISRAELNORMS,N
22343,J_NO_1,C13ISRAELCOMPARE,N
22343,J_NO_1,C14BDS,N
22343,J_NO_1,C15REASONABLE,N
22343,J_NO_1,C15DOUBLESTANDARD,N
43823,J_NO_1,C11PALESTINIANJUSTICE,N
43823,J_NO_1,C11PALESTINIANRIGHTS,N
43823,J_NO_1,C12ZIONCRITICAL,I
43823,J_NO_1,C12SOLUTIONS,N
43823,J_NO_1,C12EQUALRIGHTS,N
43823,J_NO_1,C13ISRAELEVIDENCE,N
43823,J_NO_1,C13ISRAELINSTITUTIONS,N
43823,J_NO_1,C13ISRAELPOLICIES,N
43823,J_NO_1,C13ISRAELOPT,N
43823,J_NO_1,C13ISRAELREGION,N
43823,J_NO_1,C13ISRAELDISCRIMINATION,N
43823,J_NO_1,C13ISRAELNORMS,N
43823,J_NO_1,C13ISRAELCOMPARE,N
43823,J_NO_1,C14BDS,N
43823,J_NO_1,C15REASONABLE,A
43823,J_NO_1,C15DOUBLESTANDARD,N
14309,J_NO_1,C11PALESTINIANJUSTICE,N
14309,J_NO_1,C11PALESTINIANRIGHTS,N
14309,J_NO_1,C12ZIONCRITICAL,N
14309,J_NO_1,C12SOLUTIONS,N
14309,J_NO_1,C12EQUALRIGHTS,N
14309,J_NO_1,C13ISRAELEVIDENCE,N
14309,J_NO_1,C13ISRAELINSTITUTIONS,N
14309,J_NO_1,C13ISRAELPOLICIES,N
14309,J_NO_1,C13ISRAELOPT,N
14309,J_NO_1,C13ISRAELREGION,N
14309,J_NO_1,C13ISRAELDISCRIMINATION,N
14309,J_NO_1,C13ISRAELNORMS,N
14309,J_NO_1,C13ISRAELCOMPARE,N
14309,J_NO_1,C14BDS,N
14309,J_NO_1,C15REASONABLE,N
14309,J_NO_1,C15DOUBLESTANDARD,N
1453,J_NO_1,C11PALESTINIANJUSTICE,N
1453,J_NO_1,C11PALESTINIANRIGHTS,N
1453,J_NO_1,C12ZIONCRITICAL,N
1453,J_NO_1,C12SOLUTIONS,N
1453,J_NO_1,C12EQUALRIGHTS,N
1453,J_NO_1,C13ISRAELEVIDENCE,N
1453,J_NO_1,C13ISRAELINSTITUTIONS,N
1453,J_NO_1,C13ISRAELPOLICIES,N
1453,J_NO_1,C13ISRAELOPT,N
1453,J_NO_1,C13ISRAELREGION,N
1453,J_NO_1,C13ISRAELDISCRIMINATION,N
1453,J_NO_1,C13ISRAELNORMS,N
1453,J_NO_1,C13ISRAELCOMPARE,N
1453,J_NO_1,C14BDS,N
1453,J_NO_1,C15REASONABLE,N
1453,J_NO_1,C15DOUBLESTANDARD,N
24489,J_NO_1,C11PALESTINIANJUSTICE,N
24489,J_NO_1,C11PALESTINIANRIGHTS,N
24489,J_NO_1,C12ZIONCRITICAL,N
24489,J_NO_1,C12SOLUTIONS,N
24489,J_NO_1,C12EQUALRIGHTS,N
24489,J_NO_1,C13ISRAELEVIDENCE,N
24489,J_NO_1,C13ISRAELINSTITUTIONS,N
24489,J_NO_1,C13ISRAELPOLICIES,N
24489,J_NO_1,C13ISRAELOPT,N
24489,J_NO_1,C13ISRAELREGION,N
24489,J_NO_1,C13ISRAELDISCRIMINATION,N
24489,J_NO_1,C13ISRAELNORMS,N
24489,J_NO_1,C13ISRAELCOMPARE,N
24489,J_NO_1,C14BDS,N
24489,J_NO_1,C15REASONABLE,N
24489,J_NO_1,C15DOUBLESTANDARD,N
48574,J_NO_1,C11PALESTINIANJUSTICE,N
48574,J_NO_1,C11PALESTINIANRIGHTS,N
48574,J_NO_1,C12ZIONCRITICAL,N
48574,J_NO_1,C12SOLUTIONS,N
48574,J_NO_1,C12EQUALRIGHTS,N
48574,J_NO_1,C13ISRAELEVIDENCE,N
48574,J_NO_1,C13ISRAELINSTITUTIONS,N
48574,J_NO_1,C13ISRAELPOLICIES,N
48574,J_NO_1,C13ISRAELOPT,N
48574,J_NO_1,C13ISRAELREGION,N
48574,J_NO_1,C13ISRAELDISCRIMINATION,N
48574,J_NO_1,C13ISRAELNORMS,N
48574,J_NO_1,C13ISRAELCOMPARE,N
48574,J_NO_1,C14BDS,N
48574,J_NO_1,C15REASONABLE,N
48574,J_NO_1,C15DOUBLESTANDARD,N
45072,J_NO_1,C11PALESTINIANJUSTICE,N
45072,J_NO_1,C11PALESTINIANRIGHTS,N
45072,J_NO_1,C12ZIONCRITICAL,N
45072,J_NO_1,C12SOLUTIONS,N
45072,J_NO_1,C12EQUALRIGHTS,N
45072,J_NO_1,C13ISRAELEVIDENCE,N
45072,J_NO_1,C13ISRAELINSTITUTIONS,N
45072,J_NO_1,C13ISRAELPOLICIES,N
45072,J_NO_1,C13ISRAELOPT,N
45072,J_NO_1,C13ISRAELREGION,N
45072,J_NO_1,C13ISRAELDISCRIMINATION,N
45072,J_NO_1,C13ISRAELNORMS,N
45072,J_NO_1,C13ISRAELCOMPARE,N
45072,J_NO_1,C14BDS,N
45072,J_NO_1,C15REASONABLE,N
45072,J_NO_1,C15DOUBLESTANDARD,N
42035,J_NO_1,C11PALESTINIANJUSTICE,N
42035,J_NO_1,C11PALESTINIANRIGHTS,N
42035,J_NO_1,C12ZIONCRITICAL,N
42035,J_NO_1,C12SOLUTIONS,N
42035,J_NO_1,C12EQUALRIGHTS,N
42035,J_NO_1,C13ISRAELEVIDENCE,N
42035,J_NO_1,C13ISRAELINSTITUTIONS,N
42035,J_NO_1,C13ISRAELPOLICIES,N
42035,J_NO_1,C13ISRAELOPT,N
42035,J_NO_1,C13ISRAELREGION,N
42035,J_NO_1,C13ISRAELDISCRIMINATION,N
42035,J_NO_1,C13ISRAELNORMS,N
42035,J_NO_1,C13ISRAELCOMPARE,N
42035,J_NO_1,C14BDS,N
42035,J_NO_1,C15REASONABLE,N
42035,J_NO_1,C15DOUBLESTANDARD,N
49845,J_NO_1,C11PALESTINIANJUSTICE,N
49845,J_NO_1,C11PALESTINIANRIGHTS,N
49845,J_NO_1,C12ZIONCRITICAL,N
49845,J_NO_1,C12SOLUTIONS,N
49845,J_NO_1,C12EQUALRIGHTS,N
49845,J_NO_1,C13ISRAELEVIDENCE,N
49845,J_NO_1,C13ISRAELINSTITUTIONS,N
49845,J_NO_1,C13ISRAELPOLICIES,N
49845,J_NO_1,C13ISRAELOPT,N
49845,J_NO_1,C13ISRAELREGION,N
49845,J_NO_1,C13ISRAELDISCRIMINATION,N
49845,J_NO_1,C13ISRAELNORMS,N
49845,J_NO_1,C13ISRAELCOMPARE,N
49845,J_NO_1,C14BDS,N
49845,J_NO_1,C15REASONABLE,N
49845,J_NO_1,C15DOUBLESTANDARD,N
40551,J_NO_1,C11PALESTINIANJUSTICE,N
40551,J_NO_1,C11PALESTINIANRIGHTS,N
40551,J_NO_1,C12ZIONCRITICAL,I
40551,J_NO_1,C12SOLUTIONS,N
40551,J_NO_1,C12EQUALRIGHTS,N
40551,J_NO_1,C13ISRAELEVIDENCE,N
40551,J_NO_1,C13ISRAELINSTITUTIONS,N
40551,J_NO_1,C13ISRAELPOLICIES,N
40551,J_NO_1,C13ISRAELOPT,N
40551,J_NO_1,C13ISRAELREGION,N
40551,J_NO_1,C13ISRAELDISCRIMINATION,N
40551,J_NO_1,C13ISRAELNORMS,N
40551,J_NO_1,C13ISRAELCOMPARE,N
40551,J_NO_1,C14BDS,N
40551,J_NO_1,C15REASONABLE,N
40551,J_NO_1,C15DOUBLESTANDARD,N
6427,J_NO_1,C11PALESTINIANJUSTICE,N
6427,J_NO_1,C11PALESTINIANRIGHTS,N
6427,J_NO_1,C12ZIONCRITICAL,N
6427,J_NO_1,C12SOLUTIONS,N
6427,J_NO_1,C12EQUALRIGHTS,N
6427,J_NO_1,C13ISRAELEVIDENCE,N
6427,J_NO_1,C13ISRAELINSTITUTIONS,N
6427,J_NO_1,C13ISRAELPOLICIES,N
6427,J_NO_1,C13ISRAELOPT,N
6427,J_NO_1,C13ISRAELREGION,N
6427,J_NO_1,C13ISRAELDISCRIMINATION,N
6427,J_NO_1,C13ISRAELNORMS,N
6427,J_NO_1,C13ISRAELCOMPARE,N
6427,J_NO_1,C14BDS,N
6427,J_NO_1,C15REASONABLE,N
6427,J_NO_1,C15DOUBLESTANDARD,N
42268,J_NO_1,PARSE_ERROR,Expecting value: line 1 column 1 (char 0)
38168,J_NO_1,C11PALESTINIANJUSTICE,N
38168,J_NO_1,C11PALESTINIANRIGHTS,N
38168,J_NO_1,C12ZIONCRITICAL,N
38168,J_NO_1,C12SOLUTIONS,N
38168,J_NO_1,C12EQUALRIGHTS,N
38168,J_NO_1,C13ISRAELEVIDENCE,N
38168,J_NO_1,C13ISRAELINSTITUTIONS,N
38168,J_NO_1,C13ISRAELPOLICIES,N
38168,J_NO_1,C13ISRAELOPT,N
38168,J_NO_1,C13ISRAELREGION,N
38168,J_NO_1,C13ISRAELDISCRIMINATION,N
38168,J_NO_1,C13ISRAELNORMS,N
38168,J_NO_1,C13ISRAELCOMPARE,N
38168,J_NO_1,C14BDS,N
38168,J_NO_1,C15REASONABLE,N
38168,J_NO_1,C15DOUBLESTANDARD,N
10690,J_NO_1,C11PALESTINIANJUSTICE,N
10690,J_NO_1,C11PALESTINIANRIGHTS,N
10690,J_NO_1,C12ZIONCRITICAL,N
10690,J_NO_1,C12SOLUTIONS,N
10690,J_NO_1,C12EQUALRIGHTS,N
10690,J_NO_1,C13ISRAELEVIDENCE,N
10690,J_NO_1,C13ISRAELINSTITUTIONS,N
10690,J_NO_1,C13ISRAELPOLICIES,N
10690,J_NO_1,C13ISRAELOPT,N
10690,J_NO_1,C13ISRAELREGION,N
10690,J_NO_1,C13ISRAELDISCRIMINATION,N
10690,J_NO_1,C13ISRAELNORMS,N
10690,J_NO_1,C13ISRAELCOMPARE,N
10690,J_NO_1,C14BDS,N
10690,J_NO_1,C15REASONABLE,N
10690,J_NO_1,C15DOUBLESTANDARD,N
24355,J_NO_1,C11PALESTINIANJUSTICE,N
24355,J_NO_1,C11PALESTINIANRIGHTS,N
24355,J_NO_1,C12ZIONCRITICAL,N
24355,J_NO_1,C12SOLUTIONS,N
24355,J_NO_1,C12EQUALRIGHTS,N
24355,J_NO_1,C13ISRAELEVIDENCE,N
24355,J_NO_1,C13ISRAELINSTITUTIONS,N
24355,J_NO_1,C13ISRAELPOLICIES,N
24355,J_NO_1,C13ISRAELOPT,N
24355,J_NO_1,C13ISRAELREGION,N
24355,J_NO_1,C13ISRAELDISCRIMINATION,N
24355,J_NO_1,C13ISRAELNORMS,N
24355,J_NO_1,C13ISRAELCOMPARE,N
24355,J_NO_1,C14BDS,N
24355,J_NO_1,C15REASONABLE,N
24355,J_NO_1,C15DOUBLESTANDARD,N
11989,J_NO_1,C11PALESTINIANJUSTICE,N
11989,J_NO_1,C11PALESTINIANRIGHTS,N
11989,J_NO_1,C12ZIONCRITICAL,N
11989,J_NO_1,C12SOLUTIONS,N
11989,J_NO_1,C12EQUALRIGHTS,N
11989,J_NO_1,C13ISRAELEVIDENCE,I
11989,J_NO_1,C13ISRAELINSTITUTIONS,N
11989,J_NO_1,C13ISRAELPOLICIES,I
11989,J_NO_1,C13ISRAELOPT,I
11989,J_NO_1,C13ISRAELREGION,N
11989,J_NO_1,C13ISRAELDISCRIMINATION,N
11989,J_NO_1,C13ISRAELNORMS,N
11989,J_NO_1,C13ISRAELCOMPARE,N
11989,J_NO_1,C14BDS,N
11989,J_NO_1,C15REASONABLE,N
11989,J_NO_1,C15DOUBLESTANDARD,N
43183,J_NO_1,C11PALESTINIANJUSTICE,N
43183,J_NO_1,C11PALESTINIANRIGHTS,N
43183,J_NO_1,C12ZIONCRITICAL,N
43183,J_NO_1,C12SOLUTIONS,N
43183,J_NO_1,C12EQUALRIGHTS,N
43183,J_NO_1,C13ISRAELEVIDENCE,N
43183,J_NO_1,C13ISRAELINSTITUTIONS,N
43183,J_NO_1,C13ISRAELPOLICIES,N
43183,J_NO_1,C13ISRAELOPT,N
43183,J_NO_1,C13ISRAELREGION,N
43183,J_NO_1,C13ISRAELDISCRIMINATION,N
43183,J_NO_1,C13ISRAELNORMS,N
43183,J_NO_1,C13ISRAELCOMPARE,N
43183,J_NO_1,C14BDS,N
43183,J_NO_1,C15REASONABLE,N
43183,J_NO_1,C15DOUBLESTANDARD,N
44942,J_NO_1,C11PALESTINIANJUSTICE,N
44942,J_NO_1,C11PALESTINIANRIGHTS,N
44942,J_NO_1,C12ZIONCRITICAL,N
44942,J_NO_1,C12SOLUTIONS,N
44942,J_NO_1,C12EQUALRIGHTS,N
44942,J_NO_1,C13ISRAELEVIDENCE,N
44942,J_NO_1,C13ISRAELINSTITUTIONS,N
44942,J_NO_1,C13ISRAELPOLICIES,N
44942,J_NO_1,C13ISRAELOPT,N
44942,J_NO_1,C13ISRAELREGION,N
44942,J_NO_1,C13ISRAELDISCRIMINATION,N
44942,J_NO_1,C13ISRAELNORMS,N
44942,J_NO_1,C13ISRAELCOMPARE,N
44942,J_NO_1,C14BDS,N
44942,J_NO_1,C15REASONABLE,N
44942,J_NO_1,C15DOUBLESTANDARD,N
28283,J_NO_1,C11PALESTINIANJUSTICE,N
28283,J_NO_1,C11PALESTINIANRIGHTS,N
28283,J_NO_1,C12ZIONCRITICAL,N
28283,J_NO_1,C12SOLUTIONS,N
28283,J_NO_1,C12EQUALRIGHTS,N
28283,J_NO_1,C13ISRAELEVIDENCE,N
28283,J_NO_1,C13ISRAELINSTITUTIONS,N
28283,J_NO_1,C13ISRAELPOLICIES,N
28283,J_NO_1,C13ISRAELOPT,N
28283,J_NO_1,C13ISRAELREGION,N
28283,J_NO_1,C13ISRAELDISCRIMINATION,N
28283,J_NO_1,C13ISRAELNORMS,N
28283,J_NO_1,C13ISRAELCOMPARE,N
28283,J_NO_1,C14BDS,N
28283,J_NO_1,C15REASONABLE,N
28283,J_NO_1,C15DOUBLESTANDARD,N
20018,J_NO_1,C11PALESTINIANJUSTICE,N
20018,J_NO_1,C11PALESTINIANRIGHTS,N
20018,J_NO_1,C12ZIONCRITICAL,N
20018,J_NO_1,C12SOLUTIONS,N
20018,J_NO_1,C12EQUALRIGHTS,N
20018,J_NO_1,C13ISRAELEVIDENCE,N
20018,J_NO_1,C13ISRAELINSTITUTIONS,N
20018,J_NO_1,C13ISRAELPOLICIES,N
20018,J_NO_1,C13ISRAELOPT,N
20018,J_NO_1,C13ISRAELREGION,N
20018,J_NO_1,C13ISRAELDISCRIMINATION,N
20018,J_NO_1,C13ISRAELNORMS,N
20018,J_NO_1,C13ISRAELCOMPARE,N
20018,J_NO_1,C14BDS,N
20018,J_NO_1,C15REASONABLE,N
20018,J_NO_1,C15DOUBLESTANDARD,N
21377,J_NO_1,C11PALESTINIANJUSTICE,N
21377,J_NO_1,C11PALESTINIANRIGHTS,N
21377,J_NO_1,C12ZIONCRITICAL,N
21377,J_NO_1,C12SOLUTIONS,N
21377,J_NO_1,C12EQUALRIGHTS,N
21377,J_NO_1,C13ISRAELEVIDENCE,N
21377,J_NO_1,C13ISRAELINSTITUTIONS,N
21377,J_NO_1,C13ISRAELPOLICIES,N
21377,J_NO_1,C13ISRAELOPT,N
21377,J_NO_1,C13ISRAELREGION,N
21377,J_NO_1,C13ISRAELDISCRIMINATION,N
21377,J_NO_1,C13ISRAELNORMS,N
21377,J_NO_1,C13ISRAELCOMPARE,N
21377,J_NO_1,C14BDS,N
21377,J_NO_1,C15REASONABLE,N
21377,J_NO_1,C15DOUBLESTANDARD,N
27534,J_NO_1,C11PALESTINIANJUSTICE,N
27534,J_NO_1,C11PALESTINIANRIGHTS,N
27534,J_NO_1,C12ZIONCRITICAL,N
27534,J_NO_1,C12SOLUTIONS,N
27534,J_NO_1,C12EQUALRIGHTS,N
27534,J_NO_1,C13ISRAELEVIDENCE,N
27534,J_NO_1,C13ISRAELINSTITUTIONS,N
27534,J_NO_1,C13ISRAELPOLICIES,N
27534,J_NO_1,C13ISRAELOPT,N
27534,J_NO_1,C13ISRAELREGION,N
27534,J_NO_1,C13ISRAELDISCRIMINATION,N
27534,J_NO_1,C13ISRAELNORMS,N
27534,J_NO_1,C13ISRAELCOMPARE,N
27534,J_NO_1,C14BDS,N
27534,J_NO_1,C15REASONABLE,N
27534,J_NO_1,C15DOUBLESTANDARD,N
723,J_NO_1,C11PALESTINIANJUSTICE,A
723,J_NO_1,C11PALESTINIANRIGHTS,A
723,J_NO_1,C12ZIONCRITICAL,N
723,J_NO_1,C12SOLUTIONS,N
723,J_NO_1,C12EQUALRIGHTS,N
723,J_NO_1,C13ISRAELEVIDENCE,A
723,J_NO_1,C13ISRAELINSTITUTIONS,N
723,J_NO_1,C13ISRAELPOLICIES,A
723,J_NO_1,C13ISRAELOPT,A
723,J_NO_1,C13ISRAELREGION,N
723,J_NO_1,C13ISRAELDISCRIMINATION,N
723,J_NO_1,C13ISRAELNORMS,N
723,J_NO_1,C13ISRAELCOMPARE,N
723,J_NO_1,C14BDS,N
723,J_NO_1,C15REASONABLE,N
723,J_NO_1,C15DOUBLESTANDARD,N
31029,J_NO_1,C11PALESTINIANJUSTICE,N
31029,J_NO_1,C11PALESTINIANRIGHTS,N
31029,J_NO_1,C12ZIONCRITICAL,N
31029,J_NO_1,C12SOLUTIONS,N
31029,J_NO_1,C12EQUALRIGHTS,N
31029,J_NO_1,C13ISRAELEVIDENCE,N
31029,J_NO_1,C13ISRAELINSTITUTIONS,N
31029,J_NO_1,C13ISRAELPOLICIES,N
31029,J_NO_1,C13ISRAELOPT,N
31029,J_NO_1,C13ISRAELREGION,N
31029,J_NO_1,C13ISRAELDISCRIMINATION,N
31029,J_NO_1,C13ISRAELNORMS,N
31029,J_NO_1,C13ISRAELCOMPARE,N
31029,J_NO_1,C14BDS,N
31029,J_NO_1,C15REASONABLE,N
31029,J_NO_1,C15DOUBLESTANDARD,N
42897,J_NO_1,C11PALESTINIANJUSTICE,N
42897,J_NO_1,C11PALESTINIANRIGHTS,N
42897,J_NO_1,C12ZIONCRITICAL,N
42897,J_NO_1,C12SOLUTIONS,N
42897,J_NO_1,C12EQUALRIGHTS,N
42897,J_NO_1,C13ISRAELEVIDENCE,N
42897,J_NO_1,C13ISRAELINSTITUTIONS,N
42897,J_NO_1,C13ISRAELPOLICIES,N
42897,J_NO_1,C13ISRAELOPT,N
42897,J_NO_1,C13ISRAELREGION,N
42897,J_NO_1,C13ISRAELDISCRIMINATION,N
42897,J_NO_1,C13ISRAELNORMS,N
42897,J_NO_1,C13ISRAELCOMPARE,N
42897,J_NO_1,C14BDS,N
42897,J_NO_1,C15REASONABLE,N
42897,J_NO_1,C15DOUBLESTANDARD,N
16347,J_NO_1,C11PALESTINIANJUSTICE,N
16347,J_NO_1,C11PALESTINIANRIGHTS,N
16347,J_NO_1,C12ZIONCRITICAL,N
16347,J_NO_1,C12SOLUTIONS,N
16347,J_NO_1,C12EQUALRIGHTS,N
16347,J_NO_1,C13ISRAELEVIDENCE,N
16347,J_NO_1,C13ISRAELINSTITUTIONS,N
16347,J_NO_1,C13ISRAELPOLICIES,N
16347,J_NO_1,C13ISRAELOPT,N
16347,J_NO_1,C13ISRAELREGION,N
16347,J_NO_1,C13ISRAELDISCRIMINATION,N
16347,J_NO_1,C13ISRAELNORMS,N
16347,J_NO_1,C13ISRAELCOMPARE,N
16347,J_NO_1,C14BDS,N
16347,J_NO_1,C15REASONABLE,N
16347,J_NO_1,C15DOUBLESTANDARD,N
9406,J_NO_1,C11PALESTINIANJUSTICE,N
9406,J_NO_1,C11PALESTINIANRIGHTS,N
9406,J_NO_1,C12ZIONCRITICAL,N
9406,J_NO_1,C12SOLUTIONS,N
9406,J_NO_1,C12EQUALRIGHTS,N
9406,J_NO_1,C13ISRAELEVIDENCE,N
9406,J_NO_1,C13ISRAELINSTITUTIONS,N
9406,J_NO_1,C13ISRAELPOLICIES,N
9406,J_NO_1,C13ISRAELOPT,N
9406,J_NO_1,C13ISRAELREGION,N
9406,J_NO_1,C13ISRAELDISCRIMINATION,N
9406,J_NO_1,C13ISRAELNORMS,N
9406,J_NO_1,C13ISRAELCOMPARE,N
9406,J_NO_1,C14BDS,N
9406,J_NO_1,C15REASONABLE,N
9406,J_NO_1,C15DOUBLESTANDARD,N
29472,J_NO_1,C11PALESTINIANJUSTICE,N
29472,J_NO_1,C11PALESTINIANRIGHTS,N
29472,J_NO_1,C12ZIONCRITICAL,N
29472,J_NO_1,C12SOLUTIONS,N
29472,J_NO_1,C12EQUALRIGHTS,N
29472,J_NO_1,C13ISRAELEVIDENCE,N
29472,J_NO_1,C13ISRAELINSTITUTIONS,N
29472,J_NO_1,C13ISRAELPOLICIES,N
29472,J_NO_1,C13ISRAELOPT,N
29472,J_NO_1,C13ISRAELREGION,N
29472,J_NO_1,C13ISRAELDISCRIMINATION,N
29472,J_NO_1,C13ISRAELNORMS,N
29472,J_NO_1,C13ISRAELCOMPARE,N
29472,J_NO_1,C14BDS,N
29472,J_NO_1,C15REASONABLE,N
29472,J_NO_1,C15DOUBLESTANDARD,N
29130,J_NO_1,C11PALESTINIANJUSTICE,N
29130,J_NO_1,C11PALESTINIANRIGHTS,N
29130,J_NO_1,C12ZIONCRITICAL,N
29130,J_NO_1,C12SOLUTIONS,N
29130,J_NO_1,C12EQUALRIGHTS,N
29130,J_NO_1,C13ISRAELEVIDENCE,N
29130,J_NO_1,C13ISRAELINSTITUTIONS,N
29130,J_NO_1,C13ISRAELPOLICIES,N
29130,J_NO_1,C13ISRAELOPT,N
29130,J_NO_1,C13ISRAELREGION,N
29130,J_NO_1,C13ISRAELDISCRIMINATION,N
29130,J_NO_1,C13ISRAELNORMS,N
29130,J_NO_1,C13ISRAELCOMPARE,N
29130,J_NO_1,C14BDS,N
29130,J_NO_1,C15REASONABLE,N
29130,J_NO_1,C15DOUBLESTANDARD,N
16274,J_NO_1,C11PALESTINIANJUSTICE,N
16274,J_NO_1,C11PALESTINIANRIGHTS,N
16274,J_NO_1,C12ZIONCRITICAL,N
16274,J_NO_1,C12SOLUTIONS,N
16274,J_NO_1,C12EQUALRIGHTS,N
16274,J_NO_1,C13ISRAELEVIDENCE,N
16274,J_NO_1,C13ISRAELINSTITUTIONS,N
16274,J_NO_1,C13ISRAELPOLICIES,N
16274,J_NO_1,C13ISRAELOPT,N
16274,J_NO_1,C13ISRAELREGION,N
16274,J_NO_1,C13ISRAELDISCRIMINATION,N
16274,J_NO_1,C13ISRAELNORMS,N
16274,J_NO_1,C13ISRAELCOMPARE,N
16274,J_NO_1,C14BDS,N
16274,J_NO_1,C15REASONABLE,N
16274,J_NO_1,C15DOUBLESTANDARD,N
9146,J_NO_1,C11PALESTINIANJUSTICE,N
9146,J_NO_1,C11PALESTINIANRIGHTS,N
9146,J_NO_1,C12ZIONCRITICAL,N
9146,J_NO_1,C12SOLUTIONS,N
9146,J_NO_1,C12EQUALRIGHTS,N
9146,J_NO_1,C13ISRAELEVIDENCE,N
9146,J_NO_1,C13ISRAELINSTITUTIONS,N
9146,J_NO_1,C13ISRAELPOLICIES,N
9146,J_NO_1,C13ISRAELOPT,N
9146,J_NO_1,C13ISRAELREGION,N
9146,J_NO_1,C13ISRAELDISCRIMINATION,N
9146,J_NO_1,C13ISRAELNORMS,N
9146,J_NO_1,C13ISRAELCOMPARE,N
9146,J_NO_1,C14BDS,N
9146,J_NO_1,C15REASONABLE,N
9146,J_NO_1,C15DOUBLESTANDARD,N
16128,J_NO_1,C11PALESTINIANJUSTICE,N
16128,J_NO_1,C11PALESTINIANRIGHTS,N
16128,J_NO_1,C12ZIONCRITICAL,N
16128,J_NO_1,C12SOLUTIONS,N
16128,J_NO_1,C12EQUALRIGHTS,N
16128,J_NO_1,C13ISRAELEVIDENCE,N
16128,J_NO_1,C13ISRAELINSTITUTIONS,N
16128,J_NO_1,C13ISRAELPOLICIES,N
16128,J_NO_1,C13ISRAELOPT,N
16128,J_NO_1,C13ISRAELREGION,N
16128,J_NO_1,C13ISRAELDISCRIMINATION,N
16128,J_NO_1,C13ISRAELNORMS,N
16128,J_NO_1,C13ISRAELCOMPARE,N
16128,J_NO_1,C14BDS,N
16128,J_NO_1,C15REASONABLE,N
16128,J_NO_1,C15DOUBLESTANDARD,N
9223,J_NO_1,C11PALESTINIANJUSTICE,N
9223,J_NO_1,C11PALESTINIANRIGHTS,N
9223,J_NO_1,C12ZIONCRITICAL,N
9223,J_NO_1,C12SOLUTIONS,N
9223,J_NO_1,C12EQUALRIGHTS,N
9223,J_NO_1,C13ISRAELEVIDENCE,N
9223,J_NO_1,C13ISRAELINSTITUTIONS,N
9223,J_NO_1,C13ISRAELPOLICIES,N
9223,J_NO_1,C13ISRAELOPT,N
9223,J_NO_1,C13ISRAELREGION,N
9223,J_NO_1,C13ISRAELDISCRIMINATION,N
9223,J_NO_1,C13ISRAELNORMS,N
9223,J_NO_1,C13ISRAELCOMPARE,N
9223,J_NO_1,C14BDS,N
9223,J_NO_1,C15REASONABLE,N
9223,J_NO_1,C15DOUBLESTANDARD,N
34838,J_NO_1,C11PALESTINIANJUSTICE,N
34838,J_NO_1,C11PALESTINIANRIGHTS,N
34838,J_NO_1,C12ZIONCRITICAL,N
34838,J_NO_1,C12SOLUTIONS,N
34838,J_NO_1,C12EQUALRIGHTS,N
34838,J_NO_1,C13ISRAELEVIDENCE,N
34838,J_NO_1,C13ISRAELINSTITUTIONS,N
34838,J_NO_1,C13ISRAELPOLICIES,N
34838,J_NO_1,C13ISRAELOPT,N
34838,J_NO_1,C13ISRAELREGION,N
34838,J_NO_1,C13ISRAELDISCRIMINATION,N
34838,J_NO_1,C13ISRAELNORMS,N
34838,J_NO_1,C13ISRAELCOMPARE,N
34838,J_NO_1,C14BDS,N
34838,J_NO_1,C15REASONABLE,N
34838,J_NO_1,C15DOUBLESTANDARD,N
32204,J_NO_1,C11PALESTINIANJUSTICE,N
32204,J_NO_1,C11PALESTINIANRIGHTS,N
32204,J_NO_1,C12ZIONCRITICAL,N
32204,J_NO_1,C12SOLUTIONS,N
32204,J_NO_1,C12EQUALRIGHTS,N
32204,J_NO_1,C13ISRAELEVIDENCE,N
32204,J_NO_1,C13ISRAELINSTITUTIONS,N
32204,J_NO_1,C13ISRAELPOLICIES,N
32204,J_NO_1,C13ISRAELOPT,N
32204,J_NO_1,C13ISRAELREGION,N
32204,J_NO_1,C13ISRAELDISCRIMINATION,N
32204,J_NO_1,C13ISRAELNORMS,N
32204,J_NO_1,C13ISRAELCOMPARE,N
32204,J_NO_1,C14BDS,N
32204,J_NO_1,C15REASONABLE,N
32204,J_NO_1,C15DOUBLESTANDARD,N
40405,J_NO_1,C11PALESTINIANJUSTICE,N
40405,J_NO_1,C11PALESTINIANRIGHTS,N
40405,J_NO_1,C12ZIONCRITICAL,N
40405,J_NO_1,C12SOLUTIONS,N
40405,J_NO_1,C12EQUALRIGHTS,N
40405,J_NO_1,C13ISRAELEVIDENCE,N
40405,J_NO_1,C13ISRAELINSTITUTIONS,N
40405,J_NO_1,C13ISRAELPOLICIES,N
40405,J_NO_1,C13ISRAELOPT,N
40405,J_NO_1,C13ISRAELREGION,N
40405,J_NO_1,C13ISRAELDISCRIMINATION,N
40405,J_NO_1,C13ISRAELNORMS,N
40405,J_NO_1,C13ISRAELCOMPARE,N
40405,J_NO_1,C14BDS,N
40405,J_NO_1,C15REASONABLE,N
40405,J_NO_1,C15DOUBLESTANDARD,N
5841,J_NO_1,C11PALESTINIANJUSTICE,N
5841,J_NO_1,C11PALESTINIANRIGHTS,N
5841,J_NO_1,C12ZIONCRITICAL,N
5841,J_NO_1,C12SOLUTIONS,N
5841,J_NO_1,C12EQUALRIGHTS,N
5841,J_NO_1,C13ISRAELEVIDENCE,N
5841,J_NO_1,C13ISRAELINSTITUTIONS,N
5841,J_NO_1,C13ISRAELPOLICIES,N
5841,J_NO_1,C13ISRAELOPT,N
5841,J_NO_1,C13ISRAELREGION,N
5841,J_NO_1,C13ISRAELDISCRIMINATION,N
5841,J_NO_1,C13ISRAELNORMS,N
5841,J_NO_1,C13ISRAELCOMPARE,N
5841,J_NO_1,C14BDS,N
5841,J_NO_1,C15REASONABLE,N
5841,J_NO_1,C15DOUBLESTANDARD,N
42167,J_NO_1,C11PALESTINIANJUSTICE,N
42167,J_NO_1,C11PALESTINIANRIGHTS,N
42167,J_NO_1,C12ZIONCRITICAL,N
42167,J_NO_1,C12SOLUTIONS,N
42167,J_NO_1,C12EQUALRIGHTS,N
42167,J_NO_1,C13ISRAELEVIDENCE,N
42167,J_NO_1,C13ISRAELINSTITUTIONS,N
42167,J_NO_1,C13ISRAELPOLICIES,N
42167,J_NO_1,C13ISRAELOPT,N
42167,J_NO_1,C13ISRAELREGION,N
42167,J_NO_1,C13ISRAELDISCRIMINATION,N
42167,J_NO_1,C13ISRAELNORMS,N
42167,J_NO_1,C13ISRAELCOMPARE,N
42167,J_NO_1,C14BDS,N
42167,J_NO_1,C15REASONABLE,N
42167,J_NO_1,C15DOUBLESTANDARD,N
11900,J_NO_1,C11PALESTINIANJUSTICE,N
11900,J_NO_1,C11PALESTINIANRIGHTS,N
11900,J_NO_1,C12ZIONCRITICAL,N
11900,J_NO_1,C12SOLUTIONS,N
11900,J_NO_1,C12EQUALRIGHTS,N
11900,J_NO_1,C13ISRAELEVIDENCE,N
11900,J_NO_1,C13ISRAELINSTITUTIONS,N
11900,J_NO_1,C13ISRAELPOLICIES,N
11900,J_NO_1,C13ISRAELOPT,N
11900,J_NO_1,C13ISRAELREGION,N
11900,J_NO_1,C13ISRAELDISCRIMINATION,N
11900,J_NO_1,C13ISRAELNORMS,N
11900,J_NO_1,C13ISRAELCOMPARE,N
11900,J_NO_1,C14BDS,N
11900,J_NO_1,C15REASONABLE,N
11900,J_NO_1,C15DOUBLESTANDARD,N
29951,J_NO_1,C11PALESTINIANJUSTICE,N
29951,J_NO_1,C11PALESTINIANRIGHTS,N
29951,J_NO_1,C12ZIONCRITICAL,N
29951,J_NO_1,C12SOLUTIONS,N
29951,J_NO_1,C12EQUALRIGHTS,N
29951,J_NO_1,C13ISRAELEVIDENCE,N
29951,J_NO_1,C13ISRAELINSTITUTIONS,N
29951,J_NO_1,C13ISRAELPOLICIES,N
29951,J_NO_1,C13ISRAELOPT,N
29951,J_NO_1,C13ISRAELREGION,N
29951,J_NO_1,C13ISRAELDISCRIMINATION,N
29951,J_NO_1,C13ISRAELNORMS,N
29951,J_NO_1,C13ISRAELCOMPARE,N
29951,J_NO_1,C14BDS,N
29951,J_NO_1,C15REASONABLE,N
29951,J_NO_1,C15DOUBLESTANDARD,N
5687,J_NO_1,C11PALESTINIANJUSTICE,N
5687,J_NO_1,C11PALESTINIANRIGHTS,N
5687,J_NO_1,C12ZIONCRITICAL,N
5687,J_NO_1,C12SOLUTIONS,N
5687,J_NO_1,C12EQUALRIGHTS,N
5687,J_NO_1,C13ISRAELEVIDENCE,N
5687,J_NO_1,C13ISRAELINSTITUTIONS,N
5687,J_NO_1,C13ISRAELPOLICIES,N
5687,J_NO_1,C13ISRAELOPT,N
5687,J_NO_1,C13ISRAELREGION,N
5687,J_NO_1,C13ISRAELDISCRIMINATION,N
5687,J_NO_1,C13ISRAELNORMS,N
5687,J_NO_1,C13ISRAELCOMPARE,N
5687,J_NO_1,C14BDS,N
5687,J_NO_1,C15REASONABLE,N
5687,J_NO_1,C15DOUBLESTANDARD,N
30714,J_NO_1,C11PALESTINIANJUSTICE,I
30714,J_NO_1,C11PALESTINIANRIGHTS,I
30714,J_NO_1,C12ZIONCRITICAL,N
30714,J_NO_1,C12SOLUTIONS,N
30714,J_NO_1,C12EQUALRIGHTS,N
30714,J_NO_1,C13ISRAELEVIDENCE,N
30714,J_NO_1,C13ISRAELINSTITUTIONS,N
30714,J_NO_1,C13ISRAELPOLICIES,E
30714,J_NO_1,C13ISRAELOPT,E
30714,J_NO_1,C13ISRAELREGION,N
30714,J_NO_1,C13ISRAELDISCRIMINATION,I
30714,J_NO_1,C13ISRAELNORMS,N
30714,J_NO_1,C13ISRAELCOMPARE,N
30714,J_NO_1,C14BDS,N
30714,J_NO_1,C15REASONABLE,E
30714,J_NO_1,C15DOUBLESTANDARD,N
45890,J_NO_1,C11PALESTINIANJUSTICE,N
45890,J_NO_1,C11PALESTINIANRIGHTS,N
45890,J_NO_1,C12ZIONCRITICAL,N
45890,J_NO_1,C12SOLUTIONS,N
45890,J_NO_1,C12EQUALRIGHTS,N
45890,J_NO_1,C13ISRAELEVIDENCE,N
45890,J_NO_1,C13ISRAELINSTITUTIONS,N
45890,J_NO_1,C13ISRAELPOLICIES,N
45890,J_NO_1,C13ISRAELOPT,N
45890,J_NO_1,C13ISRAELREGION,N
45890,J_NO_1,C13ISRAELDISCRIMINATION,N
45890,J_NO_1,C13ISRAELNORMS,N
45890,J_NO_1,C13ISRAELCOMPARE,N
45890,J_NO_1,C14BDS,N
45890,J_NO_1,C15REASONABLE,N
45890,J_NO_1,C15DOUBLESTANDARD,N
20389,J_NO_1,C11PALESTINIANJUSTICE,N
20389,J_NO_1,C11PALESTINIANRIGHTS,N
20389,J_NO_1,C12ZIONCRITICAL,N
20389,J_NO_1,C12SOLUTIONS,N
20389,J_NO_1,C12EQUALRIGHTS,N
20389,J_NO_1,C13ISRAELEVIDENCE,N
20389,J_NO_1,C13ISRAELINSTITUTIONS,N
20389,J_NO_1,C13ISRAELPOLICIES,N
20389,J_NO_1,C13ISRAELOPT,N
20389,J_NO_1,C13ISRAELREGION,N
20389,J_NO_1,C13ISRAELDISCRIMINATION,N
20389,J_NO_1,C13ISRAELNORMS,N
20389,J_NO_1,C13ISRAELCOMPARE,N
20389,J_NO_1,C14BDS,N
20389,J_NO_1,C15REASONABLE,N
20389,J_NO_1,C15DOUBLESTANDARD,N
16366,J_NO_1,C11PALESTINIANJUSTICE,N
16366,J_NO_1,C11PALESTINIANRIGHTS,N
16366,J_NO_1,C12ZIONCRITICAL,N
16366,J_NO_1,C12SOLUTIONS,N
16366,J_NO_1,C12EQUALRIGHTS,N
16366,J_NO_1,C13ISRAELEVIDENCE,N
16366,J_NO_1,C13ISRAELINSTITUTIONS,N
16366,J_NO_1,C13ISRAELPOLICIES,N
16366,J_NO_1,C13ISRAELOPT,N
16366,J_NO_1,C13ISRAELREGION,N
16366,J_NO_1,C13ISRAELDISCRIMINATION,N
16366,J_NO_1,C13ISRAELNORMS,N
16366,J_NO_1,C13ISRAELCOMPARE,N
16366,J_NO_1,C14BDS,N
16366,J_NO_1,C15REASONABLE,N
16366,J_NO_1,C15DOUBLESTANDARD,N
29254,J_NO_1,C11PALESTINIANJUSTICE,N
29254,J_NO_1,C11PALESTINIANRIGHTS,N
29254,J_NO_1,C12ZIONCRITICAL,N
29254,J_NO_1,C12SOLUTIONS,N
29254,J_NO_1,C12EQUALRIGHTS,N
29254,J_NO_1,C13ISRAELEVIDENCE,N
29254,J_NO_1,C13ISRAELINSTITUTIONS,N
29254,J_NO_1,C13ISRAELPOLICIES,N
29254,J_NO_1,C13ISRAELOPT,N
29254,J_NO_1,C13ISRAELREGION,N
29254,J_NO_1,C13ISRAELDISCRIMINATION,N
29254,J_NO_1,C13ISRAELNORMS,N
29254,J_NO_1,C13ISRAELCOMPARE,N
29254,J_NO_1,C14BDS,N
29254,J_NO_1,C15REASONABLE,N
29254,J_NO_1,C15DOUBLESTANDARD,N
17469,J_NO_1,C11PALESTINIANJUSTICE,N
17469,J_NO_1,C11PALESTINIANRIGHTS,N
17469,J_NO_1,C12ZIONCRITICAL,N
17469,J_NO_1,C12SOLUTIONS,N
17469,J_NO_1,C12EQUALRIGHTS,N
17469,J_NO_1,C13ISRAELEVIDENCE,N
17469,J_NO_1,C13ISRAELINSTITUTIONS,N
17469,J_NO_1,C13ISRAELPOLICIES,N
17469,J_NO_1,C13ISRAELOPT,N
17469,J_NO_1,C13ISRAELREGION,N
17469,J_NO_1,C13ISRAELDISCRIMINATION,N
17469,J_NO_1,C13ISRAELNORMS,N
17469,J_NO_1,C13ISRAELCOMPARE,N
17469,J_NO_1,C14BDS,N
17469,J_NO_1,C15REASONABLE,N
17469,J_NO_1,C15DOUBLESTANDARD,N
4408,J_NO_1,C11PALESTINIANJUSTICE,N
4408,J_NO_1,C11PALESTINIANRIGHTS,N
4408,J_NO_1,C12ZIONCRITICAL,N
4408,J_NO_1,C12SOLUTIONS,N
4408,J_NO_1,C12EQUALRIGHTS,N
4408,J_NO_1,C13ISRAELEVIDENCE,N
4408,J_NO_1,C13ISRAELINSTITUTIONS,N
4408,J_NO_1,C13ISRAELPOLICIES,N
4408,J_NO_1,C13ISRAELOPT,N
4408,J_NO_1,C13ISRAELREGION,N
4408,J_NO_1,C13ISRAELDISCRIMINATION,N
4408,J_NO_1,C13ISRAELNORMS,N
4408,J_NO_1,C13ISRAELCOMPARE,N
4408,J_NO_1,C14BDS,N
4408,J_NO_1,C15REASONABLE,N
4408,J_NO_1,C15DOUBLESTANDARD,N
11625,J_NO_1,C11PALESTINIANJUSTICE,N
11625,J_NO_1,C11PALESTINIANRIGHTS,N
11625,J_NO_1,C12ZIONCRITICAL,N
11625,J_NO_1,C12SOLUTIONS,N
11625,J_NO_1,C12EQUALRIGHTS,N
11625,J_NO_1,C13ISRAELEVIDENCE,E
11625,J_NO_1,C13ISRAELINSTITUTIONS,N
11625,J_NO_1,C13ISRAELPOLICIES,N
11625,J_NO_1,C13ISRAELOPT,N
11625,J_NO_1,C13ISRAELREGION,N
11625,J_NO_1,C13ISRAELDISCRIMINATION,N
11625,J_NO_1,C13ISRAELNORMS,N
11625,J_NO_1,C13ISRAELCOMPARE,N
11625,J_NO_1,C14BDS,N
11625,J_NO_1,C15REASONABLE,N
11625,J_NO_1,C15DOUBLESTANDARD,N
12357,J_NO_1,C11PALESTINIANJUSTICE,N
12357,J_NO_1,C11PALESTINIANRIGHTS,N
12357,J_NO_1,C12ZIONCRITICAL,N
12357,J_NO_1,C12SOLUTIONS,N
12357,J_NO_1,C12EQUALRIGHTS,N
12357,J_NO_1,C13ISRAELEVIDENCE,N
12357,J_NO_1,C13ISRAELINSTITUTIONS,N
12357,J_NO_1,C13ISRAELPOLICIES,N
12357,J_NO_1,C13ISRAELOPT,N
12357,J_NO_1,C13ISRAELREGION,N
12357,J_NO_1,C13ISRAELDISCRIMINATION,N
12357,J_NO_1,C13ISRAELNORMS,N
12357,J_NO_1,C13ISRAELCOMPARE,N
12357,J_NO_1,C14BDS,N
12357,J_NO_1,C15REASONABLE,N
12357,J_NO_1,C15DOUBLESTANDARD,N
49692,J_NO_1,C11PALESTINIANJUSTICE,N
49692,J_NO_1,C11PALESTINIANRIGHTS,N
49692,J_NO_1,C12ZIONCRITICAL,N
49692,J_NO_1,C12SOLUTIONS,N
49692,J_NO_1,C12EQUALRIGHTS,N
49692,J_NO_1,C13ISRAELEVIDENCE,N
49692,J_NO_1,C13ISRAELINSTITUTIONS,N
49692,J_NO_1,C13ISRAELPOLICIES,N
49692,J_NO_1,C13ISRAELOPT,N
49692,J_NO_1,C13ISRAELREGION,N
49692,J_NO_1,C13ISRAELDISCRIMINATION,N
49692,J_NO_1,C13ISRAELNORMS,N
49692,J_NO_1,C13ISRAELCOMPARE,N
49692,J_NO_1,C14BDS,N
49692,J_NO_1,C15REASONABLE,N
49692,J_NO_1,C15DOUBLESTANDARD,N
18816,J_NO_1,C11PALESTINIANJUSTICE,N
18816,J_NO_1,C11PALESTINIANRIGHTS,N
18816,J_NO_1,C12ZIONCRITICAL,N
18816,J_NO_1,C12SOLUTIONS,N
18816,J_NO_1,C12EQUALRIGHTS,N
18816,J_NO_1,C13ISRAELEVIDENCE,N
18816,J_NO_1,C13ISRAELINSTITUTIONS,N
18816,J_NO_1,C13ISRAELPOLICIES,N
18816,J_NO_1,C13ISRAELOPT,N
18816,J_NO_1,C13ISRAELREGION,N
18816,J_NO_1,C13ISRAELDISCRIMINATION,N
18816,J_NO_1,C13ISRAELNORMS,N
18816,J_NO_1,C13ISRAELCOMPARE,N
18816,J_NO_1,C14BDS,N
18816,J_NO_1,C15REASONABLE,N
18816,J_NO_1,C15DOUBLESTANDARD,N
889,J_NO_1,C11PALESTINIANJUSTICE,N
889,J_NO_1,C11PALESTINIANRIGHTS,N
889,J_NO_1,C12ZIONCRITICAL,N
889,J_NO_1,C12SOLUTIONS,N
889,J_NO_1,C12EQUALRIGHTS,N
889,J_NO_1,C13ISRAELEVIDENCE,N
889,J_NO_1,C13ISRAELINSTITUTIONS,N
889,J_NO_1,C13ISRAELPOLICIES,N
889,J_NO_1,C13ISRAELOPT,N
889,J_NO_1,C13ISRAELREGION,N
889,J_NO_1,C13ISRAELDISCRIMINATION,N
889,J_NO_1,C13ISRAELNORMS,N
889,J_NO_1,C13ISRAELCOMPARE,N
889,J_NO_1,C14BDS,N
889,J_NO_1,C15REASONABLE,N
889,J_NO_1,C15DOUBLESTANDARD,N
4382,J_NO_1,C11PALESTINIANJUSTICE,N
4382,J_NO_1,C11PALESTINIANRIGHTS,N
4382,J_NO_1,C12ZIONCRITICAL,N
4382,J_NO_1,C12SOLUTIONS,N
4382,J_NO_1,C12EQUALRIGHTS,N
4382,J_NO_1,C13ISRAELEVIDENCE,N
4382,J_NO_1,C13ISRAELINSTITUTIONS,N
4382,J_NO_1,C13ISRAELPOLICIES,N
4382,J_NO_1,C13ISRAELOPT,N
4382,J_NO_1,C13ISRAELREGION,N
4382,J_NO_1,C13ISRAELDISCRIMINATION,N
4382,J_NO_1,C13ISRAELNORMS,N
4382,J_NO_1,C13ISRAELCOMPARE,N
4382,J_NO_1,C14BDS,N
4382,J_NO_1,C15REASONABLE,N
4382,J_NO_1,C15DOUBLESTANDARD,N
47406,J_NO_1,C11PALESTINIANJUSTICE,N
47406,J_NO_1,C11PALESTINIANRIGHTS,N
47406,J_NO_1,C12ZIONCRITICAL,N
47406,J_NO_1,C12SOLUTIONS,N
47406,J_NO_1,C12EQUALRIGHTS,N
47406,J_NO_1,C13ISRAELEVIDENCE,N
47406,J_NO_1,C13ISRAELINSTITUTIONS,N
47406,J_NO_1,C13ISRAELPOLICIES,N
47406,J_NO_1,C13ISRAELOPT,N
47406,J_NO_1,C13ISRAELREGION,N
47406,J_NO_1,C13ISRAELDISCRIMINATION,N
47406,J_NO_1,C13ISRAELNORMS,N
47406,J_NO_1,C13ISRAELCOMPARE,N
47406,J_NO_1,C14BDS,N
47406,J_NO_1,C15REASONABLE,N
47406,J_NO_1,C15DOUBLESTANDARD,N
27146,J_NO_1,C11PALESTINIANJUSTICE,N
27146,J_NO_1,C11PALESTINIANRIGHTS,N
27146,J_NO_1,C12ZIONCRITICAL,N
27146,J_NO_1,C12SOLUTIONS,N
27146,J_NO_1,C12EQUALRIGHTS,N
27146,J_NO_1,C13ISRAELEVIDENCE,N
27146,J_NO_1,C13ISRAELINSTITUTIONS,N
27146,J_NO_1,C13ISRAELPOLICIES,N
27146,J_NO_1,C13ISRAELOPT,N
27146,J_NO_1,C13ISRAELREGION,N
27146,J_NO_1,C13ISRAELDISCRIMINATION,N
27146,J_NO_1,C13ISRAELNORMS,N
27146,J_NO_1,C13ISRAELCOMPARE,N
27146,J_NO_1,C14BDS,N
27146,J_NO_1,C15REASONABLE,N
27146,J_NO_1,C15DOUBLESTANDARD,N
5249,J_NO_1,C11PALESTINIANJUSTICE,N
5249,J_NO_1,C11PALESTINIANRIGHTS,N
5249,J_NO_1,C12ZIONCRITICAL,N
5249,J_NO_1,C12SOLUTIONS,N
5249,J_NO_1,C12EQUALRIGHTS,N
5249,J_NO_1,C13ISRAELEVIDENCE,N
5249,J_NO_1,C13ISRAELINSTITUTIONS,N
5249,J_NO_1,C13ISRAELPOLICIES,N
5249,J_NO_1,C13ISRAELOPT,N
5249,J_NO_1,C13ISRAELREGION,N
5249,J_NO_1,C13ISRAELDISCRIMINATION,N
5249,J_NO_1,C13ISRAELNORMS,N
5249,J_NO_1,C13ISRAELCOMPARE,N
5249,J_NO_1,C14BDS,N
5249,J_NO_1,C15REASONABLE,N
5249,J_NO_1,C15DOUBLESTANDARD,N
15992,J_NO_1,C11PALESTINIANJUSTICE,N
15992,J_NO_1,C11PALESTINIANRIGHTS,N
15992,J_NO_1,C12ZIONCRITICAL,N
15992,J_NO_1,C12SOLUTIONS,N
15992,J_NO_1,C12EQUALRIGHTS,N
15992,J_NO_1,C13ISRAELEVIDENCE,N
15992,J_NO_1,C13ISRAELINSTITUTIONS,N
15992,J_NO_1,C13ISRAELPOLICIES,N
15992,J_NO_1,C13ISRAELOPT,N
15992,J_NO_1,C13ISRAELREGION,N
15992,J_NO_1,C13ISRAELDISCRIMINATION,N
15992,J_NO_1,C13ISRAELNORMS,N
15992,J_NO_1,C13ISRAELCOMPARE,N
15992,J_NO_1,C14BDS,N
15992,J_NO_1,C15REASONABLE,N
15992,J_NO_1,C15DOUBLESTANDARD,N
36322,J_NO_1,C11PALESTINIANJUSTICE,N
36322,J_NO_1,C11PALESTINIANRIGHTS,N
36322,J_NO_1,C12ZIONCRITICAL,N
36322,J_NO_1,C12SOLUTIONS,N
36322,J_NO_1,C12EQUALRIGHTS,N
36322,J_NO_1,C13ISRAELEVIDENCE,N
36322,J_NO_1,C13ISRAELINSTITUTIONS,N
36322,J_NO_1,C13ISRAELPOLICIES,N
36322,J_NO_1,C13ISRAELOPT,N
36322,J_NO_1,C13ISRAELREGION,N
36322,J_NO_1,C13ISRAELDISCRIMINATION,N
36322,J_NO_1,C13ISRAELNORMS,N
36322,J_NO_1,C13ISRAELCOMPARE,N
36322,J_NO_1,C14BDS,N
36322,J_NO_1,C15REASONABLE,N
36322,J_NO_1,C15DOUBLESTANDARD,N
17104,J_NO_1,C11PALESTINIANJUSTICE,N
17104,J_NO_1,C11PALESTINIANRIGHTS,N
17104,J_NO_1,C12ZIONCRITICAL,N
17104,J_NO_1,C12SOLUTIONS,N
17104,J_NO_1,C12EQUALRIGHTS,N
17104,J_NO_1,C13ISRAELEVIDENCE,N
17104,J_NO_1,C13ISRAELINSTITUTIONS,N
17104,J_NO_1,C13ISRAELPOLICIES,N
17104,J_NO_1,C13ISRAELOPT,N
17104,J_NO_1,C13ISRAELREGION,N
17104,J_NO_1,C13ISRAELDISCRIMINATION,N
17104,J_NO_1,C13ISRAELNORMS,N
17104,J_NO_1,C13ISRAELCOMPARE,N
17104,J_NO_1,C14BDS,N
17104,J_NO_1,C15REASONABLE,N
17104,J_NO_1,C15DOUBLESTANDARD,N
47665,J_NO_1,C11PALESTINIANJUSTICE,N
47665,J_NO_1,C11PALESTINIANRIGHTS,N
47665,J_NO_1,C12ZIONCRITICAL,N
47665,J_NO_1,C12SOLUTIONS,N
47665,J_NO_1,C12EQUALRIGHTS,N
47665,J_NO_1,C13ISRAELEVIDENCE,N
47665,J_NO_1,C13ISRAELINSTITUTIONS,N
47665,J_NO_1,C13ISRAELPOLICIES,N
47665,J_NO_1,C13ISRAELOPT,N
47665,J_NO_1,C13ISRAELREGION,N
47665,J_NO_1,C13ISRAELDISCRIMINATION,N
47665,J_NO_1,C13ISRAELNORMS,N
47665,J_NO_1,C13ISRAELCOMPARE,N
47665,J_NO_1,C14BDS,N
47665,J_NO_1,C15REASONABLE,N
47665,J_NO_1,C15DOUBLESTANDARD,N
41494,J_NO_1,C11PALESTINIANJUSTICE,N
41494,J_NO_1,C11PALESTINIANRIGHTS,N
41494,J_NO_1,C12ZIONCRITICAL,N
41494,J_NO_1,C12SOLUTIONS,N
41494,J_NO_1,C12EQUALRIGHTS,N
41494,J_NO_1,C13ISRAELEVIDENCE,N
41494,J_NO_1,C13ISRAELINSTITUTIONS,N
41494,J_NO_1,C13ISRAELPOLICIES,N
41494,J_NO_1,C13ISRAELOPT,N
41494,J_NO_1,C13ISRAELREGION,N
41494,J_NO_1,C13ISRAELDISCRIMINATION,N
41494,J_NO_1,C13ISRAELNORMS,N
41494,J_NO_1,C13ISRAELCOMPARE,N
41494,J_NO_1,C14BDS,N
41494,J_NO_1,C15REASONABLE,N
41494,J_NO_1,C15DOUBLESTANDARD,N
22927,J_NO_1,C11PALESTINIANJUSTICE,N
22927,J_NO_1,C11PALESTINIANRIGHTS,N
22927,J_NO_1,C12ZIONCRITICAL,I
22927,J_NO_1,C12SOLUTIONS,N
22927,J_NO_1,C12EQUALRIGHTS,N
22927,J_NO_1,C13ISRAELEVIDENCE,N
22927,J_NO_1,C13ISRAELINSTITUTIONS,N
22927,J_NO_1,C13ISRAELPOLICIES,N
22927,J_NO_1,C13ISRAELOPT,N
22927,J_NO_1,C13ISRAELREGION,N
22927,J_NO_1,C13ISRAELDISCRIMINATION,N
22927,J_NO_1,C13ISRAELNORMS,N
22927,J_NO_1,C13ISRAELCOMPARE,N
22927,J_NO_1,C14BDS,N
22927,J_NO_1,C15REASONABLE,A
22927,J_NO_1,C15DOUBLESTANDARD,N
14651,J_NO_1,C11PALESTINIANJUSTICE,N
14651,J_NO_1,C11PALESTINIANRIGHTS,N
14651,J_NO_1,C12ZIONCRITICAL,N
14651,J_NO_1,C12SOLUTIONS,N
14651,J_NO_1,C12EQUALRIGHTS,N
14651,J_NO_1,C13ISRAELEVIDENCE,N
14651,J_NO_1,C13ISRAELINSTITUTIONS,N
14651,J_NO_1,C13ISRAELPOLICIES,N
14651,J_NO_1,C13ISRAELOPT,N
14651,J_NO_1,C13ISRAELREGION,N
14651,J_NO_1,C13ISRAELDISCRIMINATION,N
14651,J_NO_1,C13ISRAELNORMS,N
14651,J_NO_1,C13ISRAELCOMPARE,N
14651,J_NO_1,C14BDS,N
14651,J_NO_1,C15REASONABLE,N
14651,J_NO_1,C15DOUBLESTANDARD,N
27315,J_NO_1,C11PALESTINIANJUSTICE,N
27315,J_NO_1,C11PALESTINIANRIGHTS,N
27315,J_NO_1,C12ZIONCRITICAL,N
27315,J_NO_1,C12SOLUTIONS,N
27315,J_NO_1,C12EQUALRIGHTS,N
27315,J_NO_1,C13ISRAELEVIDENCE,N
27315,J_NO_1,C13ISRAELINSTITUTIONS,N
27315,J_NO_1,C13ISRAELPOLICIES,N
27315,J_NO_1,C13ISRAELOPT,N
27315,J_NO_1,C13ISRAELREGION,N
27315,J_NO_1,C13ISRAELDISCRIMINATION,N
27315,J_NO_1,C13ISRAELNORMS,N
27315,J_NO_1,C13ISRAELCOMPARE,N
27315,J_NO_1,C14BDS,N
27315,J_NO_1,C15REASONABLE,N
27315,J_NO_1,C15DOUBLESTANDARD,N
47217,J_NO_1,C11PALESTINIANJUSTICE,N
47217,J_NO_1,C11PALESTINIANRIGHTS,N
47217,J_NO_1,C12ZIONCRITICAL,N
47217,J_NO_1,C12SOLUTIONS,N
47217,J_NO_1,C12EQUALRIGHTS,N
47217,J_NO_1,C13ISRAELEVIDENCE,N
47217,J_NO_1,C13ISRAELINSTITUTIONS,N
47217,J_NO_1,C13ISRAELPOLICIES,N
47217,J_NO_1,C13ISRAELOPT,N
47217,J_NO_1,C13ISRAELREGION,N
47217,J_NO_1,C13ISRAELDISCRIMINATION,N
47217,J_NO_1,C13ISRAELNORMS,N
47217,J_NO_1,C13ISRAELCOMPARE,N
47217,J_NO_1,C14BDS,N
47217,J_NO_1,C15REASONABLE,N
47217,J_NO_1,C15DOUBLESTANDARD,N
5751,J_NO_1,C11PALESTINIANJUSTICE,N
5751,J_NO_1,C11PALESTINIANRIGHTS,N
5751,J_NO_1,C12ZIONCRITICAL,N
5751,J_NO_1,C12SOLUTIONS,N
5751,J_NO_1,C12EQUALRIGHTS,N
5751,J_NO_1,C13ISRAELEVIDENCE,N
5751,J_NO_1,C13ISRAELINSTITUTIONS,N
5751,J_NO_1,C13ISRAELPOLICIES,N
5751,J_NO_1,C13ISRAELOPT,N
5751,J_NO_1,C13ISRAELREGION,N
5751,J_NO_1,C13ISRAELDISCRIMINATION,N
5751,J_NO_1,C13ISRAELNORMS,N
5751,J_NO_1,C13ISRAELCOMPARE,N
5751,J_NO_1,C14BDS,N
5751,J_NO_1,C15REASONABLE,N
5751,J_NO_1,C15DOUBLESTANDARD,N
32911,J_NO_1,C11PALESTINIANJUSTICE,N
32911,J_NO_1,C11PALESTINIANRIGHTS,N
32911,J_NO_1,C12ZIONCRITICAL,N
32911,J_NO_1,C12SOLUTIONS,N
32911,J_NO_1,C12EQUALRIGHTS,N
32911,J_NO_1,C13ISRAELEVIDENCE,N
32911,J_NO_1,C13ISRAELINSTITUTIONS,N
32911,J_NO_1,C13ISRAELPOLICIES,N
32911,J_NO_1,C13ISRAELOPT,N
32911,J_NO_1,C13ISRAELREGION,N
32911,J_NO_1,C13ISRAELDISCRIMINATION,N
32911,J_NO_1,C13ISRAELNORMS,N
32911,J_NO_1,C13ISRAELCOMPARE,N
32911,J_NO_1,C14BDS,N
32911,J_NO_1,C15REASONABLE,N
32911,J_NO_1,C15DOUBLESTANDARD,N
4811,J_NO_1,C11PALESTINIANJUSTICE,N
4811,J_NO_1,C11PALESTINIANRIGHTS,N
4811,J_NO_1,C12ZIONCRITICAL,N
4811,J_NO_1,C12SOLUTIONS,N
4811,J_NO_1,C12EQUALRIGHTS,N
4811,J_NO_1,C13ISRAELEVIDENCE,N
4811,J_NO_1,C13ISRAELINSTITUTIONS,N
4811,J_NO_1,C13ISRAELPOLICIES,N
4811,J_NO_1,C13ISRAELOPT,N
4811,J_NO_1,C13ISRAELREGION,N
4811,J_NO_1,C13ISRAELDISCRIMINATION,N
4811,J_NO_1,C13ISRAELNORMS,N
4811,J_NO_1,C13ISRAELCOMPARE,N
4811,J_NO_1,C14BDS,N
4811,J_NO_1,C15REASONABLE,N
4811,J_NO_1,C15DOUBLESTANDARD,N
20050,J_NO_1,C11PALESTINIANJUSTICE,N
20050,J_NO_1,C11PALESTINIANRIGHTS,N
20050,J_NO_1,C12ZIONCRITICAL,N
20050,J_NO_1,C12SOLUTIONS,N
20050,J_NO_1,C12EQUALRIGHTS,N
20050,J_NO_1,C13ISRAELEVIDENCE,N
20050,J_NO_1,C13ISRAELINSTITUTIONS,N
20050,J_NO_1,C13ISRAELPOLICIES,N
20050,J_NO_1,C13ISRAELOPT,N
20050,J_NO_1,C13ISRAELREGION,N
20050,J_NO_1,C13ISRAELDISCRIMINATION,N
20050,J_NO_1,C13ISRAELNORMS,N
20050,J_NO_1,C13ISRAELCOMPARE,N
20050,J_NO_1,C14BDS,N
20050,J_NO_1,C15REASONABLE,N
20050,J_NO_1,C15DOUBLESTANDARD,N
27558,J_NO_1,C11PALESTINIANJUSTICE,I
27558,J_NO_1,C11PALESTINIANRIGHTS,A
27558,J_NO_1,C12ZIONCRITICAL,I
27558,J_NO_1,C12SOLUTIONS,N
27558,J_NO_1,C12EQUALRIGHTS,N
27558,J_NO_1,C13ISRAELEVIDENCE,A
27558,J_NO_1,C13ISRAELINSTITUTIONS,I
27558,J_NO_1,C13ISRAELPOLICIES,N
27558,J_NO_1,C13ISRAELOPT,N
27558,J_NO_1,C13ISRAELREGION,N
27558,J_NO_1,C13ISRAELDISCRIMINATION,N
27558,J_NO_1,C13ISRAELNORMS,A
27558,J_NO_1,C13ISRAELCOMPARE,N
27558,J_NO_1,C14BDS,N
27558,J_NO_1,C15REASONABLE,E
27558,J_NO_1,C15DOUBLESTANDARD,N
6767,J_NO_1,C11PALESTINIANJUSTICE,A
6767,J_NO_1,C11PALESTINIANRIGHTS,A
6767,J_NO_1,C12ZIONCRITICAL,N
6767,J_NO_1,C12SOLUTIONS,N
6767,J_NO_1,C12EQUALRIGHTS,A
6767,J_NO_1,C13ISRAELEVIDENCE,N
6767,J_NO_1,C13ISRAELINSTITUTIONS,N
6767,J_NO_1,C13ISRAELPOLICIES,N
6767,J_NO_1,C13ISRAELOPT,N
6767,J_NO_1,C13ISRAELREGION,N
6767,J_NO_1,C13ISRAELDISCRIMINATION,A
6767,J_NO_1,C13ISRAELNORMS,N
6767,J_NO_1,C13ISRAELCOMPARE,N
6767,J_NO_1,C14BDS,N
6767,J_NO_1,C15REASONABLE,N
6767,J_NO_1,C15DOUBLESTANDARD,N
47711,J_NO_1,C11PALESTINIANJUSTICE,N
47711,J_NO_1,C11PALESTINIANRIGHTS,N
47711,J_NO_1,C12ZIONCRITICAL,N
47711,J_NO_1,C12SOLUTIONS,N
47711,J_NO_1,C12EQUALRIGHTS,N
47711,J_NO_1,C13ISRAELEVIDENCE,N
47711,J_NO_1,C13ISRAELINSTITUTIONS,N
47711,J_NO_1,C13ISRAELPOLICIES,N
47711,J_NO_1,C13ISRAELOPT,N
47711,J_NO_1,C13ISRAELREGION,N
47711,J_NO_1,C13ISRAELDISCRIMINATION,N
47711,J_NO_1,C13ISRAELNORMS,N
47711,J_NO_1,C13ISRAELCOMPARE,N
47711,J_NO_1,C14BDS,N
47711,J_NO_1,C15REASONABLE,N
47711,J_NO_1,C15DOUBLESTANDARD,N
42368,J_NO_1,C11PALESTINIANJUSTICE,N
42368,J_NO_1,C11PALESTINIANRIGHTS,N
42368,J_NO_1,C12ZIONCRITICAL,N
42368,J_NO_1,C12SOLUTIONS,N
42368,J_NO_1,C12EQUALRIGHTS,N
42368,J_NO_1,C13ISRAELEVIDENCE,N
42368,J_NO_1,C13ISRAELINSTITUTIONS,N
42368,J_NO_1,C13ISRAELPOLICIES,N
42368,J_NO_1,C13ISRAELOPT,N
42368,J_NO_1,C13ISRAELREGION,N
42368,J_NO_1,C13ISRAELDISCRIMINATION,N
42368,J_NO_1,C13ISRAELNORMS,N
42368,J_NO_1,C13ISRAELCOMPARE,N
42368,J_NO_1,C14BDS,N
42368,J_NO_1,C15REASONABLE,N
42368,J_NO_1,C15DOUBLESTANDARD,N
21592,J_NO_1,C11PALESTINIANJUSTICE,N
21592,J_NO_1,C11PALESTINIANRIGHTS,N
21592,J_NO_1,C12ZIONCRITICAL,N
21592,J_NO_1,C12SOLUTIONS,N
21592,J_NO_1,C12EQUALRIGHTS,N
21592,J_NO_1,C13ISRAELEVIDENCE,N
21592,J_NO_1,C13ISRAELINSTITUTIONS,N
21592,J_NO_1,C13ISRAELPOLICIES,N
21592,J_NO_1,C13ISRAELOPT,N
21592,J_NO_1,C13ISRAELREGION,N
21592,J_NO_1,C13ISRAELDISCRIMINATION,N
21592,J_NO_1,C13ISRAELNORMS,N
21592,J_NO_1,C13ISRAELCOMPARE,N
21592,J_NO_1,C14BDS,N
21592,J_NO_1,C15REASONABLE,N
21592,J_NO_1,C15DOUBLESTANDARD,N
9404,J_NO_1,C11PALESTINIANJUSTICE,N
9404,J_NO_1,C11PALESTINIANRIGHTS,N
9404,J_NO_1,C12ZIONCRITICAL,N
9404,J_NO_1,C12SOLUTIONS,N
9404,J_NO_1,C12EQUALRIGHTS,N
9404,J_NO_1,C13ISRAELEVIDENCE,N
9404,J_NO_1,C13ISRAELINSTITUTIONS,N
9404,J_NO_1,C13ISRAELPOLICIES,N
9404,J_NO_1,C13ISRAELOPT,N
9404,J_NO_1,C13ISRAELREGION,N
9404,J_NO_1,C13ISRAELDISCRIMINATION,N
9404,J_NO_1,C13ISRAELNORMS,N
9404,J_NO_1,C13ISRAELCOMPARE,N
9404,J_NO_1,C14BDS,N
9404,J_NO_1,C15REASONABLE,N
9404,J_NO_1,C15DOUBLESTANDARD,N
14144,J_NO_1,C11PALESTINIANJUSTICE,N
14144,J_NO_1,C11PALESTINIANRIGHTS,N
14144,J_NO_1,C12ZIONCRITICAL,N
14144,J_NO_1,C12SOLUTIONS,N
14144,J_NO_1,C12EQUALRIGHTS,N
14144,J_NO_1,C13ISRAELEVIDENCE,N
14144,J_NO_1,C13ISRAELINSTITUTIONS,N
14144,J_NO_1,C13ISRAELPOLICIES,N
14144,J_NO_1,C13ISRAELOPT,N
14144,J_NO_1,C13ISRAELREGION,N
14144,J_NO_1,C13ISRAELDISCRIMINATION,N
14144,J_NO_1,C13ISRAELNORMS,N
14144,J_NO_1,C13ISRAELCOMPARE,N
14144,J_NO_1,C14BDS,N
14144,J_NO_1,C15REASONABLE,N
14144,J_NO_1,C15DOUBLESTANDARD,N
13027,J_NO_1,C11PALESTINIANJUSTICE,N
13027,J_NO_1,C11PALESTINIANRIGHTS,N
13027,J_NO_1,C12ZIONCRITICAL,N
13027,J_NO_1,C12SOLUTIONS,N
13027,J_NO_1,C12EQUALRIGHTS,N
13027,J_NO_1,C13ISRAELEVIDENCE,N
13027,J_NO_1,C13ISRAELINSTITUTIONS,N
13027,J_NO_1,C13ISRAELPOLICIES,N
13027,J_NO_1,C13ISRAELOPT,N
13027,J_NO_1,C13ISRAELREGION,N
13027,J_NO_1,C13ISRAELDISCRIMINATION,N
13027,J_NO_1,C13ISRAELNORMS,N
13027,J_NO_1,C13ISRAELCOMPARE,N
13027,J_NO_1,C14BDS,N
13027,J_NO_1,C15REASONABLE,N
13027,J_NO_1,C15DOUBLESTANDARD,N
5450,J_NO_1,C11PALESTINIANJUSTICE,N
5450,J_NO_1,C11PALESTINIANRIGHTS,N
5450,J_NO_1,C12ZIONCRITICAL,N
5450,J_NO_1,C12SOLUTIONS,N
5450,J_NO_1,C12EQUALRIGHTS,N
5450,J_NO_1,C13ISRAELEVIDENCE,N
5450,J_NO_1,C13ISRAELINSTITUTIONS,N
5450,J_NO_1,C13ISRAELPOLICIES,N
5450,J_NO_1,C13ISRAELOPT,N
5450,J_NO_1,C13ISRAELREGION,N
5450,J_NO_1,C13ISRAELDISCRIMINATION,N
5450,J_NO_1,C13ISRAELNORMS,N
5450,J_NO_1,C13ISRAELCOMPARE,N
5450,J_NO_1,C14BDS,N
5450,J_NO_1,C15REASONABLE,N
5450,J_NO_1,C15DOUBLESTANDARD,N
33587,J_NO_1,C11PALESTINIANJUSTICE,N
33587,J_NO_1,C11PALESTINIANRIGHTS,N
33587,J_NO_1,C12ZIONCRITICAL,N
33587,J_NO_1,C12SOLUTIONS,N
33587,J_NO_1,C12EQUALRIGHTS,N
33587,J_NO_1,C13ISRAELEVIDENCE,N
33587,J_NO_1,C13ISRAELINSTITUTIONS,N
33587,J_NO_1,C13ISRAELPOLICIES,N
33587,J_NO_1,C13ISRAELOPT,N
33587,J_NO_1,C13ISRAELREGION,N
33587,J_NO_1,C13ISRAELDISCRIMINATION,N
33587,J_NO_1,C13ISRAELNORMS,E
33587,J_NO_1,C13ISRAELCOMPARE,N
33587,J_NO_1,C14BDS,N
33587,J_NO_1,C15REASONABLE,N
33587,J_NO_1,C15DOUBLESTANDARD,E
40788,J_NO_1,C11PALESTINIANJUSTICE,N
40788,J_NO_1,C11PALESTINIANRIGHTS,N
40788,J_NO_1,C12ZIONCRITICAL,N
40788,J_NO_1,C12SOLUTIONS,N
40788,J_NO_1,C12EQUALRIGHTS,N
40788,J_NO_1,C13ISRAELEVIDENCE,N
40788,J_NO_1,C13ISRAELINSTITUTIONS,N
40788,J_NO_1,C13ISRAELPOLICIES,N
40788,J_NO_1,C13ISRAELOPT,N
40788,J_NO_1,C13ISRAELREGION,N
40788,J_NO_1,C13ISRAELDISCRIMINATION,N
40788,J_NO_1,C13ISRAELNORMS,N
40788,J_NO_1,C13ISRAELCOMPARE,N
40788,J_NO_1,C14BDS,N
40788,J_NO_1,C15REASONABLE,N
40788,J_NO_1,C15DOUBLESTANDARD,N
9615,J_NO_1,C11PALESTINIANJUSTICE,N
9615,J_NO_1,C11PALESTINIANRIGHTS,N
9615,J_NO_1,C12ZIONCRITICAL,N
9615,J_NO_1,C12SOLUTIONS,N
9615,J_NO_1,C12EQUALRIGHTS,N
9615,J_NO_1,C13ISRAELEVIDENCE,N
9615,J_NO_1,C13ISRAELINSTITUTIONS,N
9615,J_NO_1,C13ISRAELPOLICIES,N
9615,J_NO_1,C13ISRAELOPT,N
9615,J_NO_1,C13ISRAELREGION,N
9615,J_NO_1,C13ISRAELDISCRIMINATION,N
9615,J_NO_1,C13ISRAELNORMS,N
9615,J_NO_1,C13ISRAELCOMPARE,N
9615,J_NO_1,C14BDS,N
9615,J_NO_1,C15REASONABLE,N
9615,J_NO_1,C15DOUBLESTANDARD,N
43747,J_NO_1,C11PALESTINIANJUSTICE,N
43747,J_NO_1,C11PALESTINIANRIGHTS,N
43747,J_NO_1,C12ZIONCRITICAL,N
43747,J_NO_1,C12SOLUTIONS,N
43747,J_NO_1,C12EQUALRIGHTS,N
43747,J_NO_1,C13ISRAELEVIDENCE,N
43747,J_NO_1,C13ISRAELINSTITUTIONS,N
43747,J_NO_1,C13ISRAELPOLICIES,N
43747,J_NO_1,C13ISRAELOPT,N
43747,J_NO_1,C13ISRAELREGION,N
43747,J_NO_1,C13ISRAELDISCRIMINATION,N
43747,J_NO_1,C13ISRAELNORMS,N
43747,J_NO_1,C13ISRAELCOMPARE,N
43747,J_NO_1,C14BDS,N
43747,J_NO_1,C15REASONABLE,N
43747,J_NO_1,C15DOUBLESTANDARD,N
2147,J_NO_1,C11PALESTINIANJUSTICE,N
2147,J_NO_1,C11PALESTINIANRIGHTS,N
2147,J_NO_1,C12ZIONCRITICAL,N
2147,J_NO_1,C12SOLUTIONS,N
2147,J_NO_1,C12EQUALRIGHTS,N
2147,J_NO_1,C13ISRAELEVIDENCE,N
2147,J_NO_1,C13ISRAELINSTITUTIONS,N
2147,J_NO_1,C13ISRAELPOLICIES,N
2147,J_NO_1,C13ISRAELOPT,N
2147,J_NO_1,C13ISRAELREGION,N
2147,J_NO_1,C13ISRAELDISCRIMINATION,N
2147,J_NO_1,C13ISRAELNORMS,N
2147,J_NO_1,C13ISRAELCOMPARE,N
2147,J_NO_1,C14BDS,N
2147,J_NO_1,C15REASONABLE,N
2147,J_NO_1,C15DOUBLESTANDARD,N
27513,J_NO_1,C11PALESTINIANJUSTICE,N
27513,J_NO_1,C11PALESTINIANRIGHTS,N
27513,J_NO_1,C12ZIONCRITICAL,N
27513,J_NO_1,C12SOLUTIONS,N
27513,J_NO_1,C12EQUALRIGHTS,N
27513,J_NO_1,C13ISRAELEVIDENCE,N
27513,J_NO_1,C13ISRAELINSTITUTIONS,N
27513,J_NO_1,C13ISRAELPOLICIES,N
27513,J_NO_1,C13ISRAELOPT,N
27513,J_NO_1,C13ISRAELREGION,N
27513,J_NO_1,C13ISRAELDISCRIMINATION,N
27513,J_NO_1,C13ISRAELNORMS,N
27513,J_NO_1,C13ISRAELCOMPARE,N
27513,J_NO_1,C14BDS,N
27513,J_NO_1,C15REASONABLE,N
27513,J_NO_1,C15DOUBLESTANDARD,N
46958,J_NO_1,C11PALESTINIANJUSTICE,N
46958,J_NO_1,C11PALESTINIANRIGHTS,N
46958,J_NO_1,C12ZIONCRITICAL,N
46958,J_NO_1,C12SOLUTIONS,N
46958,J_NO_1,C12EQUALRIGHTS,N
46958,J_NO_1,C13ISRAELEVIDENCE,N
46958,J_NO_1,C13ISRAELINSTITUTIONS,N
46958,J_NO_1,C13ISRAELPOLICIES,N
46958,J_NO_1,C13ISRAELOPT,N
46958,J_NO_1,C13ISRAELREGION,N
46958,J_NO_1,C13ISRAELDISCRIMINATION,N
46958,J_NO_1,C13ISRAELNORMS,N
46958,J_NO_1,C13ISRAELCOMPARE,N
46958,J_NO_1,C14BDS,N
46958,J_NO_1,C15REASONABLE,N
46958,J_NO_1,C15DOUBLESTANDARD,N
43733,J_NO_1,C11PALESTINIANJUSTICE,N
43733,J_NO_1,C11PALESTINIANRIGHTS,N
43733,J_NO_1,C12ZIONCRITICAL,N
43733,J_NO_1,C12SOLUTIONS,N
43733,J_NO_1,C12EQUALRIGHTS,N
43733,J_NO_1,C13ISRAELEVIDENCE,N
43733,J_NO_1,C13ISRAELINSTITUTIONS,N
43733,J_NO_1,C13ISRAELPOLICIES,N
43733,J_NO_1,C13ISRAELOPT,N
43733,J_NO_1,C13ISRAELREGION,N
43733,J_NO_1,C13ISRAELDISCRIMINATION,N
43733,J_NO_1,C13ISRAELNORMS,N
43733,J_NO_1,C13ISRAELCOMPARE,N
43733,J_NO_1,C14BDS,N
43733,J_NO_1,C15REASONABLE,N
43733,J_NO_1,C15DOUBLESTANDARD,N
8512,J_NO_1,C11PALESTINIANJUSTICE,N
8512,J_NO_1,C11PALESTINIANRIGHTS,N
8512,J_NO_1,C12ZIONCRITICAL,N
8512,J_NO_1,C12SOLUTIONS,N
8512,J_NO_1,C12EQUALRIGHTS,N
8512,J_NO_1,C13ISRAELEVIDENCE,N
8512,J_NO_1,C13ISRAELINSTITUTIONS,N
8512,J_NO_1,C13ISRAELPOLICIES,N
8512,J_NO_1,C13ISRAELOPT,N
8512,J_NO_1,C13ISRAELREGION,N
8512,J_NO_1,C13ISRAELDISCRIMINATION,N
8512,J_NO_1,C13ISRAELNORMS,N
8512,J_NO_1,C13ISRAELCOMPARE,N
8512,J_NO_1,C14BDS,N
8512,J_NO_1,C15REASONABLE,N
8512,J_NO_1,C15DOUBLESTANDARD,N
37821,J_NO_1,C11PALESTINIANJUSTICE,N
37821,J_NO_1,C11PALESTINIANRIGHTS,N
37821,J_NO_1,C12ZIONCRITICAL,N
37821,J_NO_1,C12SOLUTIONS,N
37821,J_NO_1,C12EQUALRIGHTS,N
37821,J_NO_1,C13ISRAELEVIDENCE,N
37821,J_NO_1,C13ISRAELINSTITUTIONS,N
37821,J_NO_1,C13ISRAELPOLICIES,N
37821,J_NO_1,C13ISRAELOPT,N
37821,J_NO_1,C13ISRAELREGION,N
37821,J_NO_1,C13ISRAELDISCRIMINATION,N
37821,J_NO_1,C13ISRAELNORMS,N
37821,J_NO_1,C13ISRAELCOMPARE,N
37821,J_NO_1,C14BDS,N
37821,J_NO_1,C15REASONABLE,N
37821,J_NO_1,C15DOUBLESTANDARD,N
3107,J_NO_1,C11PALESTINIANJUSTICE,N
3107,J_NO_1,C11PALESTINIANRIGHTS,N
3107,J_NO_1,C12ZIONCRITICAL,N
3107,J_NO_1,C12SOLUTIONS,N
3107,J_NO_1,C12EQUALRIGHTS,N
3107,J_NO_1,C13ISRAELEVIDENCE,N
3107,J_NO_1,C13ISRAELINSTITUTIONS,N
3107,J_NO_1,C13ISRAELPOLICIES,N
3107,J_NO_1,C13ISRAELOPT,N
3107,J_NO_1,C13ISRAELREGION,N
3107,J_NO_1,C13ISRAELDISCRIMINATION,N
3107,J_NO_1,C13ISRAELNORMS,N
3107,J_NO_1,C13ISRAELCOMPARE,N
3107,J_NO_1,C14BDS,N
3107,J_NO_1,C15REASONABLE,N
3107,J_NO_1,C15DOUBLESTANDARD,N
20051,J_NO_1,C11PALESTINIANJUSTICE,N
20051,J_NO_1,C11PALESTINIANRIGHTS,N
20051,J_NO_1,C12ZIONCRITICAL,N
20051,J_NO_1,C12SOLUTIONS,N
20051,J_NO_1,C12EQUALRIGHTS,N
20051,J_NO_1,C13ISRAELEVIDENCE,N
20051,J_NO_1,C13ISRAELINSTITUTIONS,N
20051,J_NO_1,C13ISRAELPOLICIES,N
20051,J_NO_1,C13ISRAELOPT,N
20051,J_NO_1,C13ISRAELREGION,N
20051,J_NO_1,C13ISRAELDISCRIMINATION,N
20051,J_NO_1,C13ISRAELNORMS,N
20051,J_NO_1,C13ISRAELCOMPARE,N
20051,J_NO_1,C14BDS,N
20051,J_NO_1,C15REASONABLE,N
20051,J_NO_1,C15DOUBLESTANDARD,N
4389,J_NO_1,C11PALESTINIANJUSTICE,N
4389,J_NO_1,C11PALESTINIANRIGHTS,N
4389,J_NO_1,C12ZIONCRITICAL,N
4389,J_NO_1,C12SOLUTIONS,N
4389,J_NO_1,C12EQUALRIGHTS,N
4389,J_NO_1,C13ISRAELEVIDENCE,N
4389,J_NO_1,C13ISRAELINSTITUTIONS,N
4389,J_NO_1,C13ISRAELPOLICIES,N
4389,J_NO_1,C13ISRAELOPT,N
4389,J_NO_1,C13ISRAELREGION,N
4389,J_NO_1,C13ISRAELDISCRIMINATION,N
4389,J_NO_1,C13ISRAELNORMS,N
4389,J_NO_1,C13ISRAELCOMPARE,N
4389,J_NO_1,C14BDS,N
4389,J_NO_1,C15REASONABLE,N
4389,J_NO_1,C15DOUBLESTANDARD,N
43727,J_NO_1,C11PALESTINIANJUSTICE,N
43727,J_NO_1,C11PALESTINIANRIGHTS,N
43727,J_NO_1,C12ZIONCRITICAL,N
43727,J_NO_1,C12SOLUTIONS,N
43727,J_NO_1,C12EQUALRIGHTS,N
43727,J_NO_1,C13ISRAELEVIDENCE,N
43727,J_NO_1,C13ISRAELINSTITUTIONS,N
43727,J_NO_1,C13ISRAELPOLICIES,N
43727,J_NO_1,C13ISRAELOPT,N
43727,J_NO_1,C13ISRAELREGION,N
43727,J_NO_1,C13ISRAELDISCRIMINATION,N
43727,J_NO_1,C13ISRAELNORMS,N
43727,J_NO_1,C13ISRAELCOMPARE,N
43727,J_NO_1,C14BDS,N
43727,J_NO_1,C15REASONABLE,N
43727,J_NO_1,C15DOUBLESTANDARD,N
1450,J_NO_1,C11PALESTINIANJUSTICE,N
1450,J_NO_1,C11PALESTINIANRIGHTS,N
1450,J_NO_1,C12ZIONCRITICAL,N
1450,J_NO_1,C12SOLUTIONS,N
1450,J_NO_1,C12EQUALRIGHTS,N
1450,J_NO_1,C13ISRAELEVIDENCE,N
1450,J_NO_1,C13ISRAELINSTITUTIONS,N
1450,J_NO_1,C13ISRAELPOLICIES,N
1450,J_NO_1,C13ISRAELOPT,N
1450,J_NO_1,C13ISRAELREGION,N
1450,J_NO_1,C13ISRAELDISCRIMINATION,N
1450,J_NO_1,C13ISRAELNORMS,N
1450,J_NO_1,C13ISRAELCOMPARE,N
1450,J_NO_1,C14BDS,N
1450,J_NO_1,C15REASONABLE,N
1450,J_NO_1,C15DOUBLESTANDARD,N
27429,J_NO_1,C11PALESTINIANJUSTICE,N
27429,J_NO_1,C11PALESTINIANRIGHTS,N
27429,J_NO_1,C12ZIONCRITICAL,N
27429,J_NO_1,C12SOLUTIONS,N
27429,J_NO_1,C12EQUALRIGHTS,N
27429,J_NO_1,C13ISRAELEVIDENCE,N
27429,J_NO_1,C13ISRAELINSTITUTIONS,N
27429,J_NO_1,C13ISRAELPOLICIES,N
27429,J_NO_1,C13ISRAELOPT,N
27429,J_NO_1,C13ISRAELREGION,N
27429,J_NO_1,C13ISRAELDISCRIMINATION,N
27429,J_NO_1,C13ISRAELNORMS,N
27429,J_NO_1,C13ISRAELCOMPARE,N
27429,J_NO_1,C14BDS,N
27429,J_NO_1,C15REASONABLE,N
27429,J_NO_1,C15DOUBLESTANDARD,N
46809,J_NO_1,C11PALESTINIANJUSTICE,N
46809,J_NO_1,C11PALESTINIANRIGHTS,N
46809,J_NO_1,C12ZIONCRITICAL,I
46809,J_NO_1,C12SOLUTIONS,N
46809,J_NO_1,C12EQUALRIGHTS,N
46809,J_NO_1,C13ISRAELEVIDENCE,N
46809,J_NO_1,C13ISRAELINSTITUTIONS,N
46809,J_NO_1,C13ISRAELPOLICIES,N
46809,J_NO_1,C13ISRAELOPT,N
46809,J_NO_1,C13ISRAELREGION,N
46809,J_NO_1,C13ISRAELDISCRIMINATION,N
46809,J_NO_1,C13ISRAELNORMS,N
46809,J_NO_1,C13ISRAELCOMPARE,N
46809,J_NO_1,C14BDS,N
46809,J_NO_1,C15REASONABLE,N
46809,J_NO_1,C15DOUBLESTANDARD,N
43197,J_NO_1,C11PALESTINIANJUSTICE,N
43197,J_NO_1,C11PALESTINIANRIGHTS,N
43197,J_NO_1,C12ZIONCRITICAL,N
43197,J_NO_1,C12SOLUTIONS,N
43197,J_NO_1,C12EQUALRIGHTS,N
43197,J_NO_1,C13ISRAELEVIDENCE,N
43197,J_NO_1,C13ISRAELINSTITUTIONS,N
43197,J_NO_1,C13ISRAELPOLICIES,N
43197,J_NO_1,C13ISRAELOPT,N
43197,J_NO_1,C13ISRAELREGION,N
43197,J_NO_1,C13ISRAELDISCRIMINATION,N
43197,J_NO_1,C13ISRAELNORMS,N
43197,J_NO_1,C13ISRAELCOMPARE,N
43197,J_NO_1,C14BDS,N
43197,J_NO_1,C15REASONABLE,N
43197,J_NO_1,C15DOUBLESTANDARD,N
44907,J_NO_1,C11PALESTINIANJUSTICE,N
44907,J_NO_1,C11PALESTINIANRIGHTS,N
44907,J_NO_1,C12ZIONCRITICAL,N
44907,J_NO_1,C12SOLUTIONS,N
44907,J_NO_1,C12EQUALRIGHTS,N
44907,J_NO_1,C13ISRAELEVIDENCE,N
44907,J_NO_1,C13ISRAELINSTITUTIONS,N
44907,J_NO_1,C13ISRAELPOLICIES,N
44907,J_NO_1,C13ISRAELOPT,N
44907,J_NO_1,C13ISRAELREGION,N
44907,J_NO_1,C13ISRAELDISCRIMINATION,N
44907,J_NO_1,C13ISRAELNORMS,N
44907,J_NO_1,C13ISRAELCOMPARE,N
44907,J_NO_1,C14BDS,N
44907,J_NO_1,C15REASONABLE,N
44907,J_NO_1,C15DOUBLESTANDARD,N
3972,J_NO_1,C11PALESTINIANJUSTICE,N
3972,J_NO_1,C11PALESTINIANRIGHTS,N
3972,J_NO_1,C12ZIONCRITICAL,N
3972,J_NO_1,C12SOLUTIONS,N
3972,J_NO_1,C12EQUALRIGHTS,N
3972,J_NO_1,C13ISRAELEVIDENCE,N
3972,J_NO_1,C13ISRAELINSTITUTIONS,N
3972,J_NO_1,C13ISRAELPOLICIES,N
3972,J_NO_1,C13ISRAELOPT,N
3972,J_NO_1,C13ISRAELREGION,N
3972,J_NO_1,C13ISRAELDISCRIMINATION,N
3972,J_NO_1,C13ISRAELNORMS,N
3972,J_NO_1,C13ISRAELCOMPARE,N
3972,J_NO_1,C14BDS,N
3972,J_NO_1,C15REASONABLE,N
3972,J_NO_1,C15DOUBLESTANDARD,N
9252,J_NO_1,C11PALESTINIANJUSTICE,N
9252,J_NO_1,C11PALESTINIANRIGHTS,N
9252,J_NO_1,C12ZIONCRITICAL,N
9252,J_NO_1,C12SOLUTIONS,N
9252,J_NO_1,C12EQUALRIGHTS,N
9252,J_NO_1,C13ISRAELEVIDENCE,N
9252,J_NO_1,C13ISRAELINSTITUTIONS,N
9252,J_NO_1,C13ISRAELPOLICIES,N
9252,J_NO_1,C13ISRAELOPT,N
9252,J_NO_1,C13ISRAELREGION,N
9252,J_NO_1,C13ISRAELDISCRIMINATION,N
9252,J_NO_1,C13ISRAELNORMS,N
9252,J_NO_1,C13ISRAELCOMPARE,N
9252,J_NO_1,C14BDS,N
9252,J_NO_1,C15REASONABLE,N
9252,J_NO_1,C15DOUBLESTANDARD,N
5261,J_NO_1,C11PALESTINIANJUSTICE,N
5261,J_NO_1,C11PALESTINIANRIGHTS,N
5261,J_NO_1,C12ZIONCRITICAL,N
5261,J_NO_1,C12SOLUTIONS,N
5261,J_NO_1,C12EQUALRIGHTS,N
5261,J_NO_1,C13ISRAELEVIDENCE,N
5261,J_NO_1,C13ISRAELINSTITUTIONS,N
5261,J_NO_1,C13ISRAELPOLICIES,N
5261,J_NO_1,C13ISRAELOPT,N
5261,J_NO_1,C13ISRAELREGION,N
5261,J_NO_1,C13ISRAELDISCRIMINATION,N
5261,J_NO_1,C13ISRAELNORMS,N
5261,J_NO_1,C13ISRAELCOMPARE,N
5261,J_NO_1,C14BDS,N
5261,J_NO_1,C15REASONABLE,N
5261,J_NO_1,C15DOUBLESTANDARD,N
23144,J_NO_1,PARSE_ERROR,Expecting value: line 1 column 1 (char 0)
21018,J_NO_1,C11PALESTINIANJUSTICE,N
21018,J_NO_1,C11PALESTINIANRIGHTS,N
21018,J_NO_1,C12ZIONCRITICAL,N
21018,J_NO_1,C12SOLUTIONS,N
21018,J_NO_1,C12EQUALRIGHTS,N
21018,J_NO_1,C13ISRAELEVIDENCE,N
21018,J_NO_1,C13ISRAELINSTITUTIONS,N
21018,J_NO_1,C13ISRAELPOLICIES,N
21018,J_NO_1,C13ISRAELOPT,N
21018,J_NO_1,C13ISRAELREGION,N
21018,J_NO_1,C13ISRAELDISCRIMINATION,N
21018,J_NO_1,C13ISRAELNORMS,N
21018,J_NO_1,C13ISRAELCOMPARE,N
21018,J_NO_1,C14BDS,N
21018,J_NO_1,C15REASONABLE,N
21018,J_NO_1,C15DOUBLESTANDARD,N
12093,J_NO_1,C11PALESTINIANJUSTICE,N
12093,J_NO_1,C11PALESTINIANRIGHTS,N
12093,J_NO_1,C12ZIONCRITICAL,N
12093,J_NO_1,C12SOLUTIONS,N
12093,J_NO_1,C12EQUALRIGHTS,N
12093,J_NO_1,C13ISRAELEVIDENCE,N
12093,J_NO_1,C13ISRAELINSTITUTIONS,N
12093,J_NO_1,C13ISRAELPOLICIES,N
12093,J_NO_1,C13ISRAELOPT,N
12093,J_NO_1,C13ISRAELREGION,N
12093,J_NO_1,C13ISRAELDISCRIMINATION,N
12093,J_NO_1,C13ISRAELNORMS,N
12093,J_NO_1,C13ISRAELCOMPARE,N
12093,J_NO_1,C14BDS,N
12093,J_NO_1,C15REASONABLE,N
12093,J_NO_1,C15DOUBLESTANDARD,N
2149,J_NO_1,C11PALESTINIANJUSTICE,N
2149,J_NO_1,C11PALESTINIANRIGHTS,N
2149,J_NO_1,C12ZIONCRITICAL,N
2149,J_NO_1,C12SOLUTIONS,N
2149,J_NO_1,C12EQUALRIGHTS,N
2149,J_NO_1,C13ISRAELEVIDENCE,N
2149,J_NO_1,C13ISRAELINSTITUTIONS,N
2149,J_NO_1,C13ISRAELPOLICIES,N
2149,J_NO_1,C13ISRAELOPT,N
2149,J_NO_1,C13ISRAELREGION,N
2149,J_NO_1,C13ISRAELDISCRIMINATION,N
2149,J_NO_1,C13ISRAELNORMS,N
2149,J_NO_1,C13ISRAELCOMPARE,N
2149,J_NO_1,C14BDS,N
2149,J_NO_1,C15REASONABLE,N
2149,J_NO_1,C15DOUBLESTANDARD,N
35874,J_NO_1,C11PALESTINIANJUSTICE,I
35874,J_NO_1,C11PALESTINIANRIGHTS,N
35874,J_NO_1,C12ZIONCRITICAL,N
35874,J_NO_1,C12SOLUTIONS,N
35874,J_NO_1,C12EQUALRIGHTS,N
35874,J_NO_1,C13ISRAELEVIDENCE,E
35874,J_NO_1,C13ISRAELINSTITUTIONS,N
35874,J_NO_1,C13ISRAELPOLICIES,E
35874,J_NO_1,C13ISRAELOPT,N
35874,J_NO_1,C13ISRAELREGION,N
35874,J_NO_1,C13ISRAELDISCRIMINATION,N
35874,J_NO_1,C13ISRAELNORMS,N
35874,J_NO_1,C13ISRAELCOMPARE,N
35874,J_NO_1,C14BDS,N
35874,J_NO_1,C15REASONABLE,E
35874,J_NO_1,C15DOUBLESTANDARD,N
44949,J_NO_1,C11PALESTINIANJUSTICE,N
44949,J_NO_1,C11PALESTINIANRIGHTS,N
44949,J_NO_1,C12ZIONCRITICAL,N
44949,J_NO_1,C12SOLUTIONS,N
44949,J_NO_1,C12EQUALRIGHTS,N
44949,J_NO_1,C13ISRAELEVIDENCE,N
44949,J_NO_1,C13ISRAELINSTITUTIONS,N
44949,J_NO_1,C13ISRAELPOLICIES,N
44949,J_NO_1,C13ISRAELOPT,N
44949,J_NO_1,C13ISRAELREGION,N
44949,J_NO_1,C13ISRAELDISCRIMINATION,N
44949,J_NO_1,C13ISRAELNORMS,N
44949,J_NO_1,C13ISRAELCOMPARE,N
44949,J_NO_1,C14BDS,N
44949,J_NO_1,C15REASONABLE,N
44949,J_NO_1,C15DOUBLESTANDARD,N
40212,J_NO_1,C11PALESTINIANJUSTICE,A
40212,J_NO_1,C11PALESTINIANRIGHTS,A
40212,J_NO_1,C12ZIONCRITICAL,N
40212,J_NO_1,C12SOLUTIONS,N
40212,J_NO_1,C12EQUALRIGHTS,N
40212,J_NO_1,C13ISRAELEVIDENCE,N
40212,J_NO_1,C13ISRAELINSTITUTIONS,N
40212,J_NO_1,C13ISRAELPOLICIES,I
40212,J_NO_1,C13ISRAELOPT,N
40212,J_NO_1,C13ISRAELREGION,I
40212,J_NO_1,C13ISRAELDISCRIMINATION,N
40212,J_NO_1,C13ISRAELNORMS,N
40212,J_NO_1,C13ISRAELCOMPARE,N
40212,J_NO_1,C14BDS,N
40212,J_NO_1,C15REASONABLE,N
40212,J_NO_1,C15DOUBLESTANDARD,N
25289,J_NO_1,C11PALESTINIANJUSTICE,N
25289,J_NO_1,C11PALESTINIANRIGHTS,N
25289,J_NO_1,C12ZIONCRITICAL,N
25289,J_NO_1,C12SOLUTIONS,N
25289,J_NO_1,C12EQUALRIGHTS,N
25289,J_NO_1,C13ISRAELEVIDENCE,N
25289,J_NO_1,C13ISRAELINSTITUTIONS,N
25289,J_NO_1,C13ISRAELPOLICIES,N
25289,J_NO_1,C13ISRAELOPT,N
25289,J_NO_1,C13ISRAELREGION,N
25289,J_NO_1,C13ISRAELDISCRIMINATION,N
25289,J_NO_1,C13ISRAELNORMS,N
25289,J_NO_1,C13ISRAELCOMPARE,N
25289,J_NO_1,C14BDS,N
25289,J_NO_1,C15REASONABLE,N
25289,J_NO_1,C15DOUBLESTANDARD,N
1774,J_NO_1,C11PALESTINIANJUSTICE,N
1774,J_NO_1,C11PALESTINIANRIGHTS,N
1774,J_NO_1,C12ZIONCRITICAL,N
1774,J_NO_1,C12SOLUTIONS,N
1774,J_NO_1,C12EQUALRIGHTS,N
1774,J_NO_1,C13ISRAELEVIDENCE,N
1774,J_NO_1,C13ISRAELINSTITUTIONS,N
1774,J_NO_1,C13ISRAELPOLICIES,N
1774,J_NO_1,C13ISRAELOPT,N
1774,J_NO_1,C13ISRAELREGION,N
1774,J_NO_1,C13ISRAELDISCRIMINATION,N
1774,J_NO_1,C13ISRAELNORMS,N
1774,J_NO_1,C13ISRAELCOMPARE,N
1774,J_NO_1,C14BDS,N
1774,J_NO_1,C15REASONABLE,N
1774,J_NO_1,C15DOUBLESTANDARD,N
6073,J_NO_1,C11PALESTINIANJUSTICE,N
6073,J_NO_1,C11PALESTINIANRIGHTS,N
6073,J_NO_1,C12ZIONCRITICAL,N
6073,J_NO_1,C12SOLUTIONS,N
6073,J_NO_1,C12EQUALRIGHTS,N
6073,J_NO_1,C13ISRAELEVIDENCE,N
6073,J_NO_1,C13ISRAELINSTITUTIONS,N
6073,J_NO_1,C13ISRAELPOLICIES,N
6073,J_NO_1,C13ISRAELOPT,N
6073,J_NO_1,C13ISRAELREGION,N
6073,J_NO_1,C13ISRAELDISCRIMINATION,N
6073,J_NO_1,C13ISRAELNORMS,N
6073,J_NO_1,C13ISRAELCOMPARE,N
6073,J_NO_1,C14BDS,N
6073,J_NO_1,C15REASONABLE,N
6073,J_NO_1,C15DOUBLESTANDARD,N
44336,J_NO_1,C11PALESTINIANJUSTICE,N
44336,J_NO_1,C11PALESTINIANRIGHTS,N
44336,J_NO_1,C12ZIONCRITICAL,N
44336,J_NO_1,C12SOLUTIONS,N
44336,J_NO_1,C12EQUALRIGHTS,N
44336,J_NO_1,C13ISRAELEVIDENCE,N
44336,J_NO_1,C13ISRAELINSTITUTIONS,N
44336,J_NO_1,C13ISRAELPOLICIES,N
44336,J_NO_1,C13ISRAELOPT,N
44336,J_NO_1,C13ISRAELREGION,N
44336,J_NO_1,C13ISRAELDISCRIMINATION,N
44336,J_NO_1,C13ISRAELNORMS,N
44336,J_NO_1,C13ISRAELCOMPARE,N
44336,J_NO_1,C14BDS,N
44336,J_NO_1,C15REASONABLE,N
44336,J_NO_1,C15DOUBLESTANDARD,N
24688,J_NO_1,C11PALESTINIANJUSTICE,N
24688,J_NO_1,C11PALESTINIANRIGHTS,N
24688,J_NO_1,C12ZIONCRITICAL,N
24688,J_NO_1,C12SOLUTIONS,N
24688,J_NO_1,C12EQUALRIGHTS,N
24688,J_NO_1,C13ISRAELEVIDENCE,N
24688,J_NO_1,C13ISRAELINSTITUTIONS,N
24688,J_NO_1,C13ISRAELPOLICIES,N
24688,J_NO_1,C13ISRAELOPT,N
24688,J_NO_1,C13ISRAELREGION,N
24688,J_NO_1,C13ISRAELDISCRIMINATION,N
24688,J_NO_1,C13ISRAELNORMS,N
24688,J_NO_1,C13ISRAELCOMPARE,N
24688,J_NO_1,C14BDS,N
24688,J_NO_1,C15REASONABLE,N
24688,J_NO_1,C15DOUBLESTANDARD,N
36612,J_NO_1,C11PALESTINIANJUSTICE,N
36612,J_NO_1,C11PALESTINIANRIGHTS,N
36612,J_NO_1,C12ZIONCRITICAL,N
36612,J_NO_1,C12SOLUTIONS,N
36612,J_NO_1,C12EQUALRIGHTS,N
36612,J_NO_1,C13ISRAELEVIDENCE,N
36612,J_NO_1,C13ISRAELINSTITUTIONS,N
36612,J_NO_1,C13ISRAELPOLICIES,N
36612,J_NO_1,C13ISRAELOPT,N
36612,J_NO_1,C13ISRAELREGION,N
36612,J_NO_1,C13ISRAELDISCRIMINATION,N
36612,J_NO_1,C13ISRAELNORMS,N
36612,J_NO_1,C13ISRAELCOMPARE,N
36612,J_NO_1,C14BDS,N
36612,J_NO_1,C15REASONABLE,N
36612,J_NO_1,C15DOUBLESTANDARD,N
33290,J_NO_1,C11PALESTINIANJUSTICE,N
33290,J_NO_1,C11PALESTINIANRIGHTS,N
33290,J_NO_1,C12ZIONCRITICAL,N
33290,J_NO_1,C12SOLUTIONS,N
33290,J_NO_1,C12EQUALRIGHTS,N
33290,J_NO_1,C13ISRAELEVIDENCE,N
33290,J_NO_1,C13ISRAELINSTITUTIONS,N
33290,J_NO_1,C13ISRAELPOLICIES,N
33290,J_NO_1,C13ISRAELOPT,N
33290,J_NO_1,C13ISRAELREGION,N
33290,J_NO_1,C13ISRAELDISCRIMINATION,N
33290,J_NO_1,C13ISRAELNORMS,N
33290,J_NO_1,C13ISRAELCOMPARE,N
33290,J_NO_1,C14BDS,N
33290,J_NO_1,C15REASONABLE,N
33290,J_NO_1,C15DOUBLESTANDARD,N
41647,J_NO_1,C11PALESTINIANJUSTICE,N
41647,J_NO_1,C11PALESTINIANRIGHTS,N
41647,J_NO_1,C12ZIONCRITICAL,N
41647,J_NO_1,C12SOLUTIONS,N
41647,J_NO_1,C12EQUALRIGHTS,N
41647,J_NO_1,C13ISRAELEVIDENCE,N
41647,J_NO_1,C13ISRAELINSTITUTIONS,N
41647,J_NO_1,C13ISRAELPOLICIES,N
41647,J_NO_1,C13ISRAELOPT,N
41647,J_NO_1,C13ISRAELREGION,N
41647,J_NO_1,C13ISRAELDISCRIMINATION,N
41647,J_NO_1,C13ISRAELNORMS,N
41647,J_NO_1,C13ISRAELCOMPARE,N
41647,J_NO_1,C14BDS,N
41647,J_NO_1,C15REASONABLE,N
41647,J_NO_1,C15DOUBLESTANDARD,N
40579,J_NO_1,C11PALESTINIANJUSTICE,N
40579,J_NO_1,C11PALESTINIANRIGHTS,N
40579,J_NO_1,C12ZIONCRITICAL,N
40579,J_NO_1,C12SOLUTIONS,N
40579,J_NO_1,C12EQUALRIGHTS,N
40579,J_NO_1,C13ISRAELEVIDENCE,N
40579,J_NO_1,C13ISRAELINSTITUTIONS,N
40579,J_NO_1,C13ISRAELPOLICIES,N
40579,J_NO_1,C13ISRAELOPT,N
40579,J_NO_1,C13ISRAELREGION,N
40579,J_NO_1,C13ISRAELDISCRIMINATION,N
40579,J_NO_1,C13ISRAELNORMS,N
40579,J_NO_1,C13ISRAELCOMPARE,N
40579,J_NO_1,C14BDS,N
40579,J_NO_1,C15REASONABLE,N
40579,J_NO_1,C15DOUBLESTANDARD,N
44681,J_NO_1,C11PALESTINIANJUSTICE,N
44681,J_NO_1,C11PALESTINIANRIGHTS,N
44681,J_NO_1,C12ZIONCRITICAL,N
44681,J_NO_1,C12SOLUTIONS,N
44681,J_NO_1,C12EQUALRIGHTS,N
44681,J_NO_1,C13ISRAELEVIDENCE,N
44681,J_NO_1,C13ISRAELINSTITUTIONS,N
44681,J_NO_1,C13ISRAELPOLICIES,N
44681,J_NO_1,C13ISRAELOPT,N
44681,J_NO_1,C13ISRAELREGION,N
44681,J_NO_1,C13ISRAELDISCRIMINATION,N
44681,J_NO_1,C13ISRAELNORMS,N
44681,J_NO_1,C13ISRAELCOMPARE,N
44681,J_NO_1,C14BDS,N
44681,J_NO_1,C15REASONABLE,N
44681,J_NO_1,C15DOUBLESTANDARD,N
22558,J_NO_1,C11PALESTINIANJUSTICE,N
22558,J_NO_1,C11PALESTINIANRIGHTS,N
22558,J_NO_1,C12ZIONCRITICAL,N
22558,J_NO_1,C12SOLUTIONS,N
22558,J_NO_1,C12EQUALRIGHTS,N
22558,J_NO_1,C13ISRAELEVIDENCE,N
22558,J_NO_1,C13ISRAELINSTITUTIONS,N
22558,J_NO_1,C13ISRAELPOLICIES,N
22558,J_NO_1,C13ISRAELOPT,N
22558,J_NO_1,C13ISRAELREGION,N
22558,J_NO_1,C13ISRAELDISCRIMINATION,N
22558,J_NO_1,C13ISRAELNORMS,N
22558,J_NO_1,C13ISRAELCOMPARE,N
22558,J_NO_1,C14BDS,N
22558,J_NO_1,C15REASONABLE,N
22558,J_NO_1,C15DOUBLESTANDARD,N
44474,J_NO_1,C11PALESTINIANJUSTICE,I
44474,J_NO_1,C11PALESTINIANRIGHTS,I
44474,J_NO_1,C12ZIONCRITICAL,I
44474,J_NO_1,C12SOLUTIONS,N
44474,J_NO_1,C12EQUALRIGHTS,N
44474,J_NO_1,C13ISRAELEVIDENCE,N
44474,J_NO_1,C13ISRAELINSTITUTIONS,N
44474,J_NO_1,C13ISRAELPOLICIES,I
44474,J_NO_1,C13ISRAELOPT,I
44474,J_NO_1,C13ISRAELREGION,N
44474,J_NO_1,C13ISRAELDISCRIMINATION,N
44474,J_NO_1,C13ISRAELNORMS,N
44474,J_NO_1,C13ISRAELCOMPARE,N
44474,J_NO_1,C14BDS,N
44474,J_NO_1,C15REASONABLE,I
44474,J_NO_1,C15DOUBLESTANDARD,N
23977,J_NO_1,C11PALESTINIANJUSTICE,N
23977,J_NO_1,C11PALESTINIANRIGHTS,N
23977,J_NO_1,C12ZIONCRITICAL,N
23977,J_NO_1,C12SOLUTIONS,N
23977,J_NO_1,C12EQUALRIGHTS,N
23977,J_NO_1,C13ISRAELEVIDENCE,N
23977,J_NO_1,C13ISRAELINSTITUTIONS,N
23977,J_NO_1,C13ISRAELPOLICIES,N
23977,J_NO_1,C13ISRAELOPT,N
23977,J_NO_1,C13ISRAELREGION,N
23977,J_NO_1,C13ISRAELDISCRIMINATION,N
23977,J_NO_1,C13ISRAELNORMS,N
23977,J_NO_1,C13ISRAELCOMPARE,N
23977,J_NO_1,C14BDS,N
23977,J_NO_1,C15REASONABLE,N
23977,J_NO_1,C15DOUBLESTANDARD,N
26214,J_NO_1,C11PALESTINIANJUSTICE,N
26214,J_NO_1,C11PALESTINIANRIGHTS,N
26214,J_NO_1,C12ZIONCRITICAL,N
26214,J_NO_1,C12SOLUTIONS,N
26214,J_NO_1,C12EQUALRIGHTS,N
26214,J_NO_1,C13ISRAELEVIDENCE,N
26214,J_NO_1,C13ISRAELINSTITUTIONS,N
26214,J_NO_1,C13ISRAELPOLICIES,N
26214,J_NO_1,C13ISRAELOPT,N
26214,J_NO_1,C13ISRAELREGION,N
26214,J_NO_1,C13ISRAELDISCRIMINATION,N
26214,J_NO_1,C13ISRAELNORMS,N
26214,J_NO_1,C13ISRAELCOMPARE,N
26214,J_NO_1,C14BDS,N
26214,J_NO_1,C15REASONABLE,N
26214,J_NO_1,C15DOUBLESTANDARD,N
17895,J_NO_1,C11PALESTINIANJUSTICE,N
17895,J_NO_1,C11PALESTINIANRIGHTS,N
17895,J_NO_1,C12ZIONCRITICAL,N
17895,J_NO_1,C12SOLUTIONS,N
17895,J_NO_1,C12EQUALRIGHTS,N
17895,J_NO_1,C13ISRAELEVIDENCE,N
17895,J_NO_1,C13ISRAELINSTITUTIONS,N
17895,J_NO_1,C13ISRAELPOLICIES,N
17895,J_NO_1,C13ISRAELOPT,N
17895,J_NO_1,C13ISRAELREGION,N
17895,J_NO_1,C13ISRAELDISCRIMINATION,N
17895,J_NO_1,C13ISRAELNORMS,N
17895,J_NO_1,C13ISRAELCOMPARE,N
17895,J_NO_1,C14BDS,N
17895,J_NO_1,C15REASONABLE,N
17895,J_NO_1,C15DOUBLESTANDARD,N
15659,J_NO_1,C11PALESTINIANJUSTICE,N
15659,J_NO_1,C11PALESTINIANRIGHTS,N
15659,J_NO_1,C12ZIONCRITICAL,N
15659,J_NO_1,C12SOLUTIONS,N
15659,J_NO_1,C12EQUALRIGHTS,N
15659,J_NO_1,C13ISRAELEVIDENCE,N
15659,J_NO_1,C13ISRAELINSTITUTIONS,N
15659,J_NO_1,C13ISRAELPOLICIES,N
15659,J_NO_1,C13ISRAELOPT,N
15659,J_NO_1,C13ISRAELREGION,N
15659,J_NO_1,C13ISRAELDISCRIMINATION,N
15659,J_NO_1,C13ISRAELNORMS,N
15659,J_NO_1,C13ISRAELCOMPARE,N
15659,J_NO_1,C14BDS,N
15659,J_NO_1,C15REASONABLE,N
15659,J_NO_1,C15DOUBLESTANDARD,N
24687,J_NO_1,C11PALESTINIANJUSTICE,N
24687,J_NO_1,C11PALESTINIANRIGHTS,N
24687,J_NO_1,C12ZIONCRITICAL,N
24687,J_NO_1,C12SOLUTIONS,N
24687,J_NO_1,C12EQUALRIGHTS,N
24687,J_NO_1,C13ISRAELEVIDENCE,N
24687,J_NO_1,C13ISRAELINSTITUTIONS,N
24687,J_NO_1,C13ISRAELPOLICIES,N
24687,J_NO_1,C13ISRAELOPT,N
24687,J_NO_1,C13ISRAELREGION,N
24687,J_NO_1,C13ISRAELDISCRIMINATION,N
24687,J_NO_1,C13ISRAELNORMS,N
24687,J_NO_1,C13ISRAELCOMPARE,N
24687,J_NO_1,C14BDS,N
24687,J_NO_1,C15REASONABLE,N
24687,J_NO_1,C15DOUBLESTANDARD,N
17260,J_NO_1,C11PALESTINIANJUSTICE,N
17260,J_NO_1,C11PALESTINIANRIGHTS,N
17260,J_NO_1,C12ZIONCRITICAL,N
17260,J_NO_1,C12SOLUTIONS,N
17260,J_NO_1,C12EQUALRIGHTS,N
17260,J_NO_1,C13ISRAELEVIDENCE,N
17260,J_NO_1,C13ISRAELINSTITUTIONS,N
17260,J_NO_1,C13ISRAELPOLICIES,N
17260,J_NO_1,C13ISRAELOPT,N
17260,J_NO_1,C13ISRAELREGION,N
17260,J_NO_1,C13ISRAELDISCRIMINATION,N
17260,J_NO_1,C13ISRAELNORMS,N
17260,J_NO_1,C13ISRAELCOMPARE,N
17260,J_NO_1,C14BDS,N
17260,J_NO_1,C15REASONABLE,N
17260,J_NO_1,C15DOUBLESTANDARD,N
32143,J_NO_1,C11PALESTINIANJUSTICE,N
32143,J_NO_1,C11PALESTINIANRIGHTS,N
32143,J_NO_1,C12ZIONCRITICAL,N
32143,J_NO_1,C12SOLUTIONS,N
32143,J_NO_1,C12EQUALRIGHTS,N
32143,J_NO_1,C13ISRAELEVIDENCE,N
32143,J_NO_1,C13ISRAELINSTITUTIONS,N
32143,J_NO_1,C13ISRAELPOLICIES,N
32143,J_NO_1,C13ISRAELOPT,N
32143,J_NO_1,C13ISRAELREGION,N
32143,J_NO_1,C13ISRAELDISCRIMINATION,N
32143,J_NO_1,C13ISRAELNORMS,N
32143,J_NO_1,C13ISRAELCOMPARE,N
32143,J_NO_1,C14BDS,N
32143,J_NO_1,C15REASONABLE,N
32143,J_NO_1,C15DOUBLESTANDARD,N
5085,J_NO_1,C11PALESTINIANJUSTICE,N
5085,J_NO_1,C11PALESTINIANRIGHTS,N
5085,J_NO_1,C12ZIONCRITICAL,N
5085,J_NO_1,C12SOLUTIONS,N
5085,J_NO_1,C12EQUALRIGHTS,N
5085,J_NO_1,C13ISRAELEVIDENCE,N
5085,J_NO_1,C13ISRAELINSTITUTIONS,N
5085,J_NO_1,C13ISRAELPOLICIES,N
5085,J_NO_1,C13ISRAELOPT,N
5085,J_NO_1,C13ISRAELREGION,N
5085,J_NO_1,C13ISRAELDISCRIMINATION,N
5085,J_NO_1,C13ISRAELNORMS,N
5085,J_NO_1,C13ISRAELCOMPARE,N
5085,J_NO_1,C14BDS,N
5085,J_NO_1,C15REASONABLE,N
5085,J_NO_1,C15DOUBLESTANDARD,N
46434,J_NO_1,C11PALESTINIANJUSTICE,N
46434,J_NO_1,C11PALESTINIANRIGHTS,N
46434,J_NO_1,C12ZIONCRITICAL,N
46434,J_NO_1,C12SOLUTIONS,N
46434,J_NO_1,C12EQUALRIGHTS,N
46434,J_NO_1,C13ISRAELEVIDENCE,N
46434,J_NO_1,C13ISRAELINSTITUTIONS,N
46434,J_NO_1,C13ISRAELPOLICIES,N
46434,J_NO_1,C13ISRAELOPT,N
46434,J_NO_1,C13ISRAELREGION,N
46434,J_NO_1,C13ISRAELDISCRIMINATION,N
46434,J_NO_1,C13ISRAELNORMS,N
46434,J_NO_1,C13ISRAELCOMPARE,N
46434,J_NO_1,C14BDS,N
46434,J_NO_1,C15REASONABLE,N
46434,J_NO_1,C15DOUBLESTANDARD,N
13381,J_NO_1,C11PALESTINIANJUSTICE,N
13381,J_NO_1,C11PALESTINIANRIGHTS,N
13381,J_NO_1,C12ZIONCRITICAL,N
13381,J_NO_1,C12SOLUTIONS,N
13381,J_NO_1,C12EQUALRIGHTS,N
13381,J_NO_1,C13ISRAELEVIDENCE,N
13381,J_NO_1,C13ISRAELINSTITUTIONS,N
13381,J_NO_1,C13ISRAELPOLICIES,N
13381,J_NO_1,C13ISRAELOPT,N
13381,J_NO_1,C13ISRAELREGION,N
13381,J_NO_1,C13ISRAELDISCRIMINATION,N
13381,J_NO_1,C13ISRAELNORMS,N
13381,J_NO_1,C13ISRAELCOMPARE,N
13381,J_NO_1,C14BDS,N
13381,J_NO_1,C15REASONABLE,I
13381,J_NO_1,C15DOUBLESTANDARD,N
24040,J_NO_1,C11PALESTINIANJUSTICE,N
24040,J_NO_1,C11PALESTINIANRIGHTS,N
24040,J_NO_1,C12ZIONCRITICAL,N
24040,J_NO_1,C12SOLUTIONS,N
24040,J_NO_1,C12EQUALRIGHTS,N
24040,J_NO_1,C13ISRAELEVIDENCE,N
24040,J_NO_1,C13ISRAELINSTITUTIONS,N
24040,J_NO_1,C13ISRAELPOLICIES,N
24040,J_NO_1,C13ISRAELOPT,N
24040,J_NO_1,C13ISRAELREGION,N
24040,J_NO_1,C13ISRAELDISCRIMINATION,N
24040,J_NO_1,C13ISRAELNORMS,N
24040,J_NO_1,C13ISRAELCOMPARE,N
24040,J_NO_1,C14BDS,N
24040,J_NO_1,C15REASONABLE,N
24040,J_NO_1,C15DOUBLESTANDARD,N
30903,J_NO_1,C11PALESTINIANJUSTICE,N
30903,J_NO_1,C11PALESTINIANRIGHTS,N
30903,J_NO_1,C12ZIONCRITICAL,N
30903,J_NO_1,C12SOLUTIONS,N
30903,J_NO_1,C12EQUALRIGHTS,N
30903,J_NO_1,C13ISRAELEVIDENCE,N
30903,J_NO_1,C13ISRAELINSTITUTIONS,N
30903,J_NO_1,C13ISRAELPOLICIES,N
30903,J_NO_1,C13ISRAELOPT,N
30903,J_NO_1,C13ISRAELREGION,N
30903,J_NO_1,C13ISRAELDISCRIMINATION,N
30903,J_NO_1,C13ISRAELNORMS,N
30903,J_NO_1,C13ISRAELCOMPARE,N
30903,J_NO_1,C14BDS,N
30903,J_NO_1,C15REASONABLE,N
30903,J_NO_1,C15DOUBLESTANDARD,N
5798,J_NO_1,C11PALESTINIANJUSTICE,N
5798,J_NO_1,C11PALESTINIANRIGHTS,N
5798,J_NO_1,C12ZIONCRITICAL,N
5798,J_NO_1,C12SOLUTIONS,N
5798,J_NO_1,C12EQUALRIGHTS,N
5798,J_NO_1,C13ISRAELEVIDENCE,N
5798,J_NO_1,C13ISRAELINSTITUTIONS,N
5798,J_NO_1,C13ISRAELPOLICIES,N
5798,J_NO_1,C13ISRAELOPT,N
5798,J_NO_1,C13ISRAELREGION,N
5798,J_NO_1,C13ISRAELDISCRIMINATION,N
5798,J_NO_1,C13ISRAELNORMS,N
5798,J_NO_1,C13ISRAELCOMPARE,N
5798,J_NO_1,C14BDS,N
5798,J_NO_1,C15REASONABLE,N
5798,J_NO_1,C15DOUBLESTANDARD,N
29453,J_NO_1,C11PALESTINIANJUSTICE,E
29453,J_NO_1,C11PALESTINIANRIGHTS,E
29453,J_NO_1,C12ZIONCRITICAL,N
29453,J_NO_1,C12SOLUTIONS,N
29453,J_NO_1,C12EQUALRIGHTS,N
29453,J_NO_1,C13ISRAELEVIDENCE,E
29453,J_NO_1,C13ISRAELINSTITUTIONS,N
29453,J_NO_1,C13ISRAELPOLICIES,E
29453,J_NO_1,C13ISRAELOPT,E
29453,J_NO_1,C13ISRAELREGION,N
29453,J_NO_1,C13ISRAELDISCRIMINATION,N
29453,J_NO_1,C13ISRAELNORMS,E
29453,J_NO_1,C13ISRAELCOMPARE,N
29453,J_NO_1,C14BDS,E
29453,J_NO_1,C15REASONABLE,E
29453,J_NO_1,C15DOUBLESTANDARD,E
47942,J_NO_1,C11PALESTINIANJUSTICE,N
47942,J_NO_1,C11PALESTINIANRIGHTS,N
47942,J_NO_1,C12ZIONCRITICAL,I
47942,J_NO_1,C12SOLUTIONS,N
47942,J_NO_1,C12EQUALRIGHTS,N
47942,J_NO_1,C13ISRAELEVIDENCE,N
47942,J_NO_1,C13ISRAELINSTITUTIONS,N
47942,J_NO_1,C13ISRAELPOLICIES,N
47942,J_NO_1,C13ISRAELOPT,N
47942,J_NO_1,C13ISRAELREGION,N
47942,J_NO_1,C13ISRAELDISCRIMINATION,N
47942,J_NO_1,C13ISRAELNORMS,N
47942,J_NO_1,C13ISRAELCOMPARE,N
47942,J_NO_1,C14BDS,N
47942,J_NO_1,C15REASONABLE,N
47942,J_NO_1,C15DOUBLESTANDARD,N
11064,J_NO_1,C11PALESTINIANJUSTICE,N
11064,J_NO_1,C11PALESTINIANRIGHTS,N
11064,J_NO_1,C12ZIONCRITICAL,N
11064,J_NO_1,C12SOLUTIONS,N
11064,J_NO_1,C12EQUALRIGHTS,N
11064,J_NO_1,C13ISRAELEVIDENCE,N
11064,J_NO_1,C13ISRAELINSTITUTIONS,N
11064,J_NO_1,C13ISRAELPOLICIES,N
11064,J_NO_1,C13ISRAELOPT,N
11064,J_NO_1,C13ISRAELREGION,N
11064,J_NO_1,C13ISRAELDISCRIMINATION,N
11064,J_NO_1,C13ISRAELNORMS,N
11064,J_NO_1,C13ISRAELCOMPARE,N
11064,J_NO_1,C14BDS,N
11064,J_NO_1,C15REASONABLE,N
11064,J_NO_1,C15DOUBLESTANDARD,N
28983,J_NO_1,C11PALESTINIANJUSTICE,N
28983,J_NO_1,C11PALESTINIANRIGHTS,N
28983,J_NO_1,C12ZIONCRITICAL,N
28983,J_NO_1,C12SOLUTIONS,N
28983,J_NO_1,C12EQUALRIGHTS,N
28983,J_NO_1,C13ISRAELEVIDENCE,N
28983,J_NO_1,C13ISRAELINSTITUTIONS,N
28983,J_NO_1,C13ISRAELPOLICIES,N
28983,J_NO_1,C13ISRAELOPT,N
28983,J_NO_1,C13ISRAELREGION,N
28983,J_NO_1,C13ISRAELDISCRIMINATION,N
28983,J_NO_1,C13ISRAELNORMS,N
28983,J_NO_1,C13ISRAELCOMPARE,N
28983,J_NO_1,C14BDS,N
28983,J_NO_1,C15REASONABLE,N
28983,J_NO_1,C15DOUBLESTANDARD,N
38058,J_NO_1,C11PALESTINIANJUSTICE,N
38058,J_NO_1,C11PALESTINIANRIGHTS,N
38058,J_NO_1,C12ZIONCRITICAL,N
38058,J_NO_1,C12SOLUTIONS,N
38058,J_NO_1,C12EQUALRIGHTS,N
38058,J_NO_1,C13ISRAELEVIDENCE,N
38058,J_NO_1,C13ISRAELINSTITUTIONS,N
38058,J_NO_1,C13ISRAELPOLICIES,N
38058,J_NO_1,C13ISRAELOPT,N
38058,J_NO_1,C13ISRAELREGION,N
38058,J_NO_1,C13ISRAELDISCRIMINATION,N
38058,J_NO_1,C13ISRAELNORMS,N
38058,J_NO_1,C13ISRAELCOMPARE,N
38058,J_NO_1,C14BDS,N
38058,J_NO_1,C15REASONABLE,N
38058,J_NO_1,C15DOUBLESTANDARD,N
9240,J_NO_1,C11PALESTINIANJUSTICE,N
9240,J_NO_1,C11PALESTINIANRIGHTS,N
9240,J_NO_1,C12ZIONCRITICAL,N
9240,J_NO_1,C12SOLUTIONS,N
9240,J_NO_1,C12EQUALRIGHTS,N
9240,J_NO_1,C13ISRAELEVIDENCE,N
9240,J_NO_1,C13ISRAELINSTITUTIONS,N
9240,J_NO_1,C13ISRAELPOLICIES,N
9240,J_NO_1,C13ISRAELOPT,N
9240,J_NO_1,C13ISRAELREGION,N
9240,J_NO_1,C13ISRAELDISCRIMINATION,N
9240,J_NO_1,C13ISRAELNORMS,N
9240,J_NO_1,C13ISRAELCOMPARE,N
9240,J_NO_1,C14BDS,N
9240,J_NO_1,C15REASONABLE,N
9240,J_NO_1,C15DOUBLESTANDARD,N
29667,J_NO_1,C11PALESTINIANJUSTICE,N
29667,J_NO_1,C11PALESTINIANRIGHTS,N
29667,J_NO_1,C12ZIONCRITICAL,N
29667,J_NO_1,C12SOLUTIONS,N
29667,J_NO_1,C12EQUALRIGHTS,N
29667,J_NO_1,C13ISRAELEVIDENCE,N
29667,J_NO_1,C13ISRAELINSTITUTIONS,N
29667,J_NO_1,C13ISRAELPOLICIES,N
29667,J_NO_1,C13ISRAELOPT,N
29667,J_NO_1,C13ISRAELREGION,N
29667,J_NO_1,C13ISRAELDISCRIMINATION,N
29667,J_NO_1,C13ISRAELNORMS,N
29667,J_NO_1,C13ISRAELCOMPARE,N
29667,J_NO_1,C14BDS,N
29667,J_NO_1,C15REASONABLE,N
29667,J_NO_1,C15DOUBLESTANDARD,N
27673,J_NO_1,C11PALESTINIANJUSTICE,N
27673,J_NO_1,C11PALESTINIANRIGHTS,N
27673,J_NO_1,C12ZIONCRITICAL,N
27673,J_NO_1,C12SOLUTIONS,N
27673,J_NO_1,C12EQUALRIGHTS,N
27673,J_NO_1,C13ISRAELEVIDENCE,N
27673,J_NO_1,C13ISRAELINSTITUTIONS,N
27673,J_NO_1,C13ISRAELPOLICIES,N
27673,J_NO_1,C13ISRAELOPT,N
27673,J_NO_1,C13ISRAELREGION,N
27673,J_NO_1,C13ISRAELDISCRIMINATION,N
27673,J_NO_1,C13ISRAELNORMS,N
27673,J_NO_1,C13ISRAELCOMPARE,N
27673,J_NO_1,C14BDS,N
27673,J_NO_1,C15REASONABLE,N
27673,J_NO_1,C15DOUBLESTANDARD,N
4338,J_NO_1,C11PALESTINIANJUSTICE,N
4338,J_NO_1,C11PALESTINIANRIGHTS,N
4338,J_NO_1,C12ZIONCRITICAL,N
4338,J_NO_1,C12SOLUTIONS,N
4338,J_NO_1,C12EQUALRIGHTS,N
4338,J_NO_1,C13ISRAELEVIDENCE,N
4338,J_NO_1,C13ISRAELINSTITUTIONS,N
4338,J_NO_1,C13ISRAELPOLICIES,N
4338,J_NO_1,C13ISRAELOPT,N
4338,J_NO_1,C13ISRAELREGION,N
4338,J_NO_1,C13ISRAELDISCRIMINATION,N
4338,J_NO_1,C13ISRAELNORMS,N
4338,J_NO_1,C13ISRAELCOMPARE,N
4338,J_NO_1,C14BDS,N
4338,J_NO_1,C15REASONABLE,N
4338,J_NO_1,C15DOUBLESTANDARD,N
4768,J_NO_1,C11PALESTINIANJUSTICE,N
4768,J_NO_1,C11PALESTINIANRIGHTS,N
4768,J_NO_1,C12ZIONCRITICAL,N
4768,J_NO_1,C12SOLUTIONS,N
4768,J_NO_1,C12EQUALRIGHTS,N
4768,J_NO_1,C13ISRAELEVIDENCE,N
4768,J_NO_1,C13ISRAELINSTITUTIONS,N
4768,J_NO_1,C13ISRAELPOLICIES,N
4768,J_NO_1,C13ISRAELOPT,N
4768,J_NO_1,C13ISRAELREGION,N
4768,J_NO_1,C13ISRAELDISCRIMINATION,N
4768,J_NO_1,C13ISRAELNORMS,N
4768,J_NO_1,C13ISRAELCOMPARE,N
4768,J_NO_1,C14BDS,N
4768,J_NO_1,C15REASONABLE,N
4768,J_NO_1,C15DOUBLESTANDARD,N
42312,J_NO_1,C11PALESTINIANJUSTICE,N
42312,J_NO_1,C11PALESTINIANRIGHTS,N
42312,J_NO_1,C12ZIONCRITICAL,N
42312,J_NO_1,C12SOLUTIONS,N
42312,J_NO_1,C12EQUALRIGHTS,N
42312,J_NO_1,C13ISRAELEVIDENCE,N
42312,J_NO_1,C13ISRAELINSTITUTIONS,N
42312,J_NO_1,C13ISRAELPOLICIES,N
42312,J_NO_1,C13ISRAELOPT,N
42312,J_NO_1,C13ISRAELREGION,N
42312,J_NO_1,C13ISRAELDISCRIMINATION,N
42312,J_NO_1,C13ISRAELNORMS,N
42312,J_NO_1,C13ISRAELCOMPARE,N
42312,J_NO_1,C14BDS,N
42312,J_NO_1,C15REASONABLE,N
42312,J_NO_1,C15DOUBLESTANDARD,N
10082,J_NO_1,C11PALESTINIANJUSTICE,N
10082,J_NO_1,C11PALESTINIANRIGHTS,N
10082,J_NO_1,C12ZIONCRITICAL,N
10082,J_NO_1,C12SOLUTIONS,N
10082,J_NO_1,C12EQUALRIGHTS,N
10082,J_NO_1,C13ISRAELEVIDENCE,N
10082,J_NO_1,C13ISRAELINSTITUTIONS,N
10082,J_NO_1,C13ISRAELPOLICIES,N
10082,J_NO_1,C13ISRAELOPT,N
10082,J_NO_1,C13ISRAELREGION,N
10082,J_NO_1,C13ISRAELDISCRIMINATION,N
10082,J_NO_1,C13ISRAELNORMS,N
10082,J_NO_1,C13ISRAELCOMPARE,N
10082,J_NO_1,C14BDS,N
10082,J_NO_1,C15REASONABLE,N
10082,J_NO_1,C15DOUBLESTANDARD,N
30827,J_NO_1,C11PALESTINIANJUSTICE,N
30827,J_NO_1,C11PALESTINIANRIGHTS,N
30827,J_NO_1,C12ZIONCRITICAL,N
30827,J_NO_1,C12SOLUTIONS,N
30827,J_NO_1,C12EQUALRIGHTS,N
30827,J_NO_1,C13ISRAELEVIDENCE,N
30827,J_NO_1,C13ISRAELINSTITUTIONS,N
30827,J_NO_1,C13ISRAELPOLICIES,N
30827,J_NO_1,C13ISRAELOPT,N
30827,J_NO_1,C13ISRAELREGION,N
30827,J_NO_1,C13ISRAELDISCRIMINATION,N
30827,J_NO_1,C13ISRAELNORMS,N
30827,J_NO_1,C13ISRAELCOMPARE,N
30827,J_NO_1,C14BDS,N
30827,J_NO_1,C15REASONABLE,N
30827,J_NO_1,C15DOUBLESTANDARD,N
11025,J_NO_1,C11PALESTINIANJUSTICE,N
11025,J_NO_1,C11PALESTINIANRIGHTS,N
11025,J_NO_1,C12ZIONCRITICAL,N
11025,J_NO_1,C12SOLUTIONS,N
11025,J_NO_1,C12EQUALRIGHTS,N
11025,J_NO_1,C13ISRAELEVIDENCE,N
11025,J_NO_1,C13ISRAELINSTITUTIONS,N
11025,J_NO_1,C13ISRAELPOLICIES,N
11025,J_NO_1,C13ISRAELOPT,N
11025,J_NO_1,C13ISRAELREGION,N
11025,J_NO_1,C13ISRAELDISCRIMINATION,N
11025,J_NO_1,C13ISRAELNORMS,N
11025,J_NO_1,C13ISRAELCOMPARE,N
11025,J_NO_1,C14BDS,N
11025,J_NO_1,C15REASONABLE,N
11025,J_NO_1,C15DOUBLESTANDARD,N
4666,J_NO_1,C11PALESTINIANJUSTICE,N
4666,J_NO_1,C11PALESTINIANRIGHTS,N
4666,J_NO_1,C12ZIONCRITICAL,N
4666,J_NO_1,C12SOLUTIONS,N
4666,J_NO_1,C12EQUALRIGHTS,N
4666,J_NO_1,C13ISRAELEVIDENCE,N
4666,J_NO_1,C13ISRAELINSTITUTIONS,N
4666,J_NO_1,C13ISRAELPOLICIES,N
4666,J_NO_1,C13ISRAELOPT,N
4666,J_NO_1,C13ISRAELREGION,N
4666,J_NO_1,C13ISRAELDISCRIMINATION,N
4666,J_NO_1,C13ISRAELNORMS,N
4666,J_NO_1,C13ISRAELCOMPARE,N
4666,J_NO_1,C14BDS,N
4666,J_NO_1,C15REASONABLE,N
4666,J_NO_1,C15DOUBLESTANDARD,N
2512,J_NO_1,C11PALESTINIANJUSTICE,N
2512,J_NO_1,C11PALESTINIANRIGHTS,N
2512,J_NO_1,C12ZIONCRITICAL,N
2512,J_NO_1,C12SOLUTIONS,N
2512,J_NO_1,C12EQUALRIGHTS,N
2512,J_NO_1,C13ISRAELEVIDENCE,N
2512,J_NO_1,C13ISRAELINSTITUTIONS,N
2512,J_NO_1,C13ISRAELPOLICIES,N
2512,J_NO_1,C13ISRAELOPT,N
2512,J_NO_1,C13ISRAELREGION,N
2512,J_NO_1,C13ISRAELDISCRIMINATION,N
2512,J_NO_1,C13ISRAELNORMS,N
2512,J_NO_1,C13ISRAELCOMPARE,N
2512,J_NO_1,C14BDS,N
2512,J_NO_1,C15REASONABLE,N
2512,J_NO_1,C15DOUBLESTANDARD,N
45456,J_NO_1,C11PALESTINIANJUSTICE,N
45456,J_NO_1,C11PALESTINIANRIGHTS,N
45456,J_NO_1,C12ZIONCRITICAL,N
45456,J_NO_1,C12SOLUTIONS,N
45456,J_NO_1,C12EQUALRIGHTS,N
45456,J_NO_1,C13ISRAELEVIDENCE,N
45456,J_NO_1,C13ISRAELINSTITUTIONS,N
45456,J_NO_1,C13ISRAELPOLICIES,N
45456,J_NO_1,C13ISRAELOPT,N
45456,J_NO_1,C13ISRAELREGION,N
45456,J_NO_1,C13ISRAELDISCRIMINATION,N
45456,J_NO_1,C13ISRAELNORMS,N
45456,J_NO_1,C13ISRAELCOMPARE,N
45456,J_NO_1,C14BDS,N
45456,J_NO_1,C15REASONABLE,N
45456,J_NO_1,C15DOUBLESTANDARD,N
5990,J_NO_1,C11PALESTINIANJUSTICE,N
5990,J_NO_1,C11PALESTINIANRIGHTS,N
5990,J_NO_1,C12ZIONCRITICAL,N
5990,J_NO_1,C12SOLUTIONS,N
5990,J_NO_1,C12EQUALRIGHTS,N
5990,J_NO_1,C13ISRAELEVIDENCE,N
5990,J_NO_1,C13ISRAELINSTITUTIONS,N
5990,J_NO_1,C13ISRAELPOLICIES,N
5990,J_NO_1,C13ISRAELOPT,N
5990,J_NO_1,C13ISRAELREGION,N
5990,J_NO_1,C13ISRAELDISCRIMINATION,N
5990,J_NO_1,C13ISRAELNORMS,N
5990,J_NO_1,C13ISRAELCOMPARE,N
5990,J_NO_1,C14BDS,N
5990,J_NO_1,C15REASONABLE,N
5990,J_NO_1,C15DOUBLESTANDARD,N
9952,J_NO_1,C11PALESTINIANJUSTICE,N
9952,J_NO_1,C11PALESTINIANRIGHTS,N
9952,J_NO_1,C12ZIONCRITICAL,N
9952,J_NO_1,C12SOLUTIONS,N
9952,J_NO_1,C12EQUALRIGHTS,N
9952,J_NO_1,C13ISRAELEVIDENCE,N
9952,J_NO_1,C13ISRAELINSTITUTIONS,N
9952,J_NO_1,C13ISRAELPOLICIES,N
9952,J_NO_1,C13ISRAELOPT,N
9952,J_NO_1,C13ISRAELREGION,N
9952,J_NO_1,C13ISRAELDISCRIMINATION,N
9952,J_NO_1,C13ISRAELNORMS,N
9952,J_NO_1,C13ISRAELCOMPARE,N
9952,J_NO_1,C14BDS,N
9952,J_NO_1,C15REASONABLE,N
9952,J_NO_1,C15DOUBLESTANDARD,N
45603,J_NO_1,C11PALESTINIANJUSTICE,N
45603,J_NO_1,C11PALESTINIANRIGHTS,N
45603,J_NO_1,C12ZIONCRITICAL,I
45603,J_NO_1,C12SOLUTIONS,N
45603,J_NO_1,C12EQUALRIGHTS,N
45603,J_NO_1,C13ISRAELEVIDENCE,N
45603,J_NO_1,C13ISRAELINSTITUTIONS,N
45603,J_NO_1,C13ISRAELPOLICIES,N
45603,J_NO_1,C13ISRAELOPT,N
45603,J_NO_1,C13ISRAELREGION,N
45603,J_NO_1,C13ISRAELDISCRIMINATION,N
45603,J_NO_1,C13ISRAELNORMS,N
45603,J_NO_1,C13ISRAELCOMPARE,N
45603,J_NO_1,C14BDS,N
45603,J_NO_1,C15REASONABLE,N
45603,J_NO_1,C15DOUBLESTANDARD,N
44390,J_NO_1,C11PALESTINIANJUSTICE,N
44390,J_NO_1,C11PALESTINIANRIGHTS,N
44390,J_NO_1,C12ZIONCRITICAL,N
44390,J_NO_1,C12SOLUTIONS,N
44390,J_NO_1,C12EQUALRIGHTS,N
44390,J_NO_1,C13ISRAELEVIDENCE,N
44390,J_NO_1,C13ISRAELINSTITUTIONS,N
44390,J_NO_1,C13ISRAELPOLICIES,N
44390,J_NO_1,C13ISRAELOPT,N
44390,J_NO_1,C13ISRAELREGION,N
44390,J_NO_1,C13ISRAELDISCRIMINATION,N
44390,J_NO_1,C13ISRAELNORMS,N
44390,J_NO_1,C13ISRAELCOMPARE,N
44390,J_NO_1,C14BDS,N
44390,J_NO_1,C15REASONABLE,N
44390,J_NO_1,C15DOUBLESTANDARD,N
42099,J_NO_1,C11PALESTINIANJUSTICE,N
42099,J_NO_1,C11PALESTINIANRIGHTS,N
42099,J_NO_1,C12ZIONCRITICAL,N
42099,J_NO_1,C12SOLUTIONS,N
42099,J_NO_1,C12EQUALRIGHTS,N
42099,J_NO_1,C13ISRAELEVIDENCE,N
42099,J_NO_1,C13ISRAELINSTITUTIONS,N
42099,J_NO_1,C13ISRAELPOLICIES,N
42099,J_NO_1,C13ISRAELOPT,N
42099,J_NO_1,C13ISRAELREGION,N
42099,J_NO_1,C13ISRAELDISCRIMINATION,N
42099,J_NO_1,C13ISRAELNORMS,N
42099,J_NO_1,C13ISRAELCOMPARE,N
42099,J_NO_1,C14BDS,N
42099,J_NO_1,C15REASONABLE,N
42099,J_NO_1,C15DOUBLESTANDARD,N
44564,J_NO_1,C11PALESTINIANJUSTICE,N
44564,J_NO_1,C11PALESTINIANRIGHTS,N
44564,J_NO_1,C12ZIONCRITICAL,N
44564,J_NO_1,C12SOLUTIONS,N
44564,J_NO_1,C12EQUALRIGHTS,N
44564,J_NO_1,C13ISRAELEVIDENCE,N
44564,J_NO_1,C13ISRAELINSTITUTIONS,N
44564,J_NO_1,C13ISRAELPOLICIES,N
44564,J_NO_1,C13ISRAELOPT,N
44564,J_NO_1,C13ISRAELREGION,N
44564,J_NO_1,C13ISRAELDISCRIMINATION,N
44564,J_NO_1,C13ISRAELNORMS,N
44564,J_NO_1,C13ISRAELCOMPARE,N
44564,J_NO_1,C14BDS,N
44564,J_NO_1,C15REASONABLE,N
44564,J_NO_1,C15DOUBLESTANDARD,N
25695,J_NO_1,C11PALESTINIANJUSTICE,N
25695,J_NO_1,C11PALESTINIANRIGHTS,N
25695,J_NO_1,C12ZIONCRITICAL,N
25695,J_NO_1,C12SOLUTIONS,N
25695,J_NO_1,C12EQUALRIGHTS,N
25695,J_NO_1,C13ISRAELEVIDENCE,N
25695,J_NO_1,C13ISRAELINSTITUTIONS,N
25695,J_NO_1,C13ISRAELPOLICIES,N
25695,J_NO_1,C13ISRAELOPT,N
25695,J_NO_1,C13ISRAELREGION,N
25695,J_NO_1,C13ISRAELDISCRIMINATION,N
25695,J_NO_1,C13ISRAELNORMS,N
25695,J_NO_1,C13ISRAELCOMPARE,N
25695,J_NO_1,C14BDS,N
25695,J_NO_1,C15REASONABLE,N
25695,J_NO_1,C15DOUBLESTANDARD,N
15399,J_NO_1,C11PALESTINIANJUSTICE,N
15399,J_NO_1,C11PALESTINIANRIGHTS,N
15399,J_NO_1,C12ZIONCRITICAL,N
15399,J_NO_1,C12SOLUTIONS,N
15399,J_NO_1,C12EQUALRIGHTS,N
15399,J_NO_1,C13ISRAELEVIDENCE,N
15399,J_NO_1,C13ISRAELINSTITUTIONS,N
15399,J_NO_1,C13ISRAELPOLICIES,N
15399,J_NO_1,C13ISRAELOPT,N
15399,J_NO_1,C13ISRAELREGION,N
15399,J_NO_1,C13ISRAELDISCRIMINATION,N
15399,J_NO_1,C13ISRAELNORMS,N
15399,J_NO_1,C13ISRAELCOMPARE,N
15399,J_NO_1,C14BDS,N
15399,J_NO_1,C15REASONABLE,N
15399,J_NO_1,C15DOUBLESTANDARD,N
24778,J_NO_1,C11PALESTINIANJUSTICE,N
24778,J_NO_1,C11PALESTINIANRIGHTS,N
24778,J_NO_1,C12ZIONCRITICAL,N
24778,J_NO_1,C12SOLUTIONS,N
24778,J_NO_1,C12EQUALRIGHTS,N
24778,J_NO_1,C13ISRAELEVIDENCE,N
24778,J_NO_1,C13ISRAELINSTITUTIONS,N
24778,J_NO_1,C13ISRAELPOLICIES,N
24778,J_NO_1,C13ISRAELOPT,N
24778,J_NO_1,C13ISRAELREGION,N
24778,J_NO_1,C13ISRAELDISCRIMINATION,N
24778,J_NO_1,C13ISRAELNORMS,N
24778,J_NO_1,C13ISRAELCOMPARE,N
24778,J_NO_1,C14BDS,N
24778,J_NO_1,C15REASONABLE,N
24778,J_NO_1,C15DOUBLESTANDARD,N
34321,J_NO_1,C11PALESTINIANJUSTICE,N
34321,J_NO_1,C11PALESTINIANRIGHTS,N
34321,J_NO_1,C12ZIONCRITICAL,N
34321,J_NO_1,C12SOLUTIONS,N
34321,J_NO_1,C12EQUALRIGHTS,N
34321,J_NO_1,C13ISRAELEVIDENCE,N
34321,J_NO_1,C13ISRAELINSTITUTIONS,N
34321,J_NO_1,C13ISRAELPOLICIES,N
34321,J_NO_1,C13ISRAELOPT,N
34321,J_NO_1,C13ISRAELREGION,N
34321,J_NO_1,C13ISRAELDISCRIMINATION,N
34321,J_NO_1,C13ISRAELNORMS,N
34321,J_NO_1,C13ISRAELCOMPARE,N
34321,J_NO_1,C14BDS,N
34321,J_NO_1,C15REASONABLE,N
34321,J_NO_1,C15DOUBLESTANDARD,N
12559,J_NO_1,C11PALESTINIANJUSTICE,N
12559,J_NO_1,C11PALESTINIANRIGHTS,N
12559,J_NO_1,C12ZIONCRITICAL,N
12559,J_NO_1,C12SOLUTIONS,N
12559,J_NO_1,C12EQUALRIGHTS,N
12559,J_NO_1,C13ISRAELEVIDENCE,N
12559,J_NO_1,C13ISRAELINSTITUTIONS,N
12559,J_NO_1,C13ISRAELPOLICIES,N
12559,J_NO_1,C13ISRAELOPT,N
12559,J_NO_1,C13ISRAELREGION,N
12559,J_NO_1,C13ISRAELDISCRIMINATION,N
12559,J_NO_1,C13ISRAELNORMS,N
12559,J_NO_1,C13ISRAELCOMPARE,N
12559,J_NO_1,C14BDS,N
12559,J_NO_1,C15REASONABLE,N
12559,J_NO_1,C15DOUBLESTANDARD,N
39870,J_NO_1,C11PALESTINIANJUSTICE,A
39870,J_NO_1,C11PALESTINIANRIGHTS,A
39870,J_NO_1,C12ZIONCRITICAL,N
39870,J_NO_1,C12SOLUTIONS,N
39870,J_NO_1,C12EQUALRIGHTS,N
39870,J_NO_1,C13ISRAELEVIDENCE,N
39870,J_NO_1,C13ISRAELINSTITUTIONS,N
39870,J_NO_1,C13ISRAELPOLICIES,N
39870,J_NO_1,C13ISRAELOPT,N
39870,J_NO_1,C13ISRAELREGION,N
39870,J_NO_1,C13ISRAELDISCRIMINATION,N
39870,J_NO_1,C13ISRAELNORMS,N
39870,J_NO_1,C13ISRAELCOMPARE,N
39870,J_NO_1,C14BDS,N
39870,J_NO_1,C15REASONABLE,N
39870,J_NO_1,C15DOUBLESTANDARD,N
9962,J_NO_1,C11PALESTINIANJUSTICE,N
9962,J_NO_1,C11PALESTINIANRIGHTS,N
9962,J_NO_1,C12ZIONCRITICAL,N
9962,J_NO_1,C12SOLUTIONS,N
9962,J_NO_1,C12EQUALRIGHTS,N
9962,J_NO_1,C13ISRAELEVIDENCE,N
9962,J_NO_1,C13ISRAELINSTITUTIONS,N
9962,J_NO_1,C13ISRAELPOLICIES,N
9962,J_NO_1,C13ISRAELOPT,N
9962,J_NO_1,C13ISRAELREGION,N
9962,J_NO_1,C13ISRAELDISCRIMINATION,N
9962,J_NO_1,C13ISRAELNORMS,N
9962,J_NO_1,C13ISRAELCOMPARE,N
9962,J_NO_1,C14BDS,N
9962,J_NO_1,C15REASONABLE,N
9962,J_NO_1,C15DOUBLESTANDARD,N
20045,J_NO_1,C11PALESTINIANJUSTICE,N
20045,J_NO_1,C11PALESTINIANRIGHTS,N
20045,J_NO_1,C12ZIONCRITICAL,N
20045,J_NO_1,C12SOLUTIONS,N
20045,J_NO_1,C12EQUALRIGHTS,N
20045,J_NO_1,C13ISRAELEVIDENCE,N
20045,J_NO_1,C13ISRAELINSTITUTIONS,N
20045,J_NO_1,C13ISRAELPOLICIES,N
20045,J_NO_1,C13ISRAELOPT,N
20045,J_NO_1,C13ISRAELREGION,N
20045,J_NO_1,C13ISRAELDISCRIMINATION,N
20045,J_NO_1,C13ISRAELNORMS,N
20045,J_NO_1,C13ISRAELCOMPARE,N
20045,J_NO_1,C14BDS,N
20045,J_NO_1,C15REASONABLE,N
20045,J_NO_1,C15DOUBLESTANDARD,N
16044,J_NO_1,C11PALESTINIANJUSTICE,N
16044,J_NO_1,C11PALESTINIANRIGHTS,N
16044,J_NO_1,C12ZIONCRITICAL,N
16044,J_NO_1,C12SOLUTIONS,N
16044,J_NO_1,C12EQUALRIGHTS,N
16044,J_NO_1,C13ISRAELEVIDENCE,N
16044,J_NO_1,C13ISRAELINSTITUTIONS,N
16044,J_NO_1,C13ISRAELPOLICIES,N
16044,J_NO_1,C13ISRAELOPT,N
16044,J_NO_1,C13ISRAELREGION,N
16044,J_NO_1,C13ISRAELDISCRIMINATION,N
16044,J_NO_1,C13ISRAELNORMS,N
16044,J_NO_1,C13ISRAELCOMPARE,N
16044,J_NO_1,C14BDS,N
16044,J_NO_1,C15REASONABLE,N
16044,J_NO_1,C15DOUBLESTANDARD,N
25845,J_NO_1,C11PALESTINIANJUSTICE,N
25845,J_NO_1,C11PALESTINIANRIGHTS,N
25845,J_NO_1,C12ZIONCRITICAL,N
25845,J_NO_1,C12SOLUTIONS,N
25845,J_NO_1,C12EQUALRIGHTS,N
25845,J_NO_1,C13ISRAELEVIDENCE,N
25845,J_NO_1,C13ISRAELINSTITUTIONS,N
25845,J_NO_1,C13ISRAELPOLICIES,N
25845,J_NO_1,C13ISRAELOPT,N
25845,J_NO_1,C13ISRAELREGION,N
25845,J_NO_1,C13ISRAELDISCRIMINATION,N
25845,J_NO_1,C13ISRAELNORMS,N
25845,J_NO_1,C13ISRAELCOMPARE,N
25845,J_NO_1,C14BDS,N
25845,J_NO_1,C15REASONABLE,N
25845,J_NO_1,C15DOUBLESTANDARD,N
6752,J_NO_1,C11PALESTINIANJUSTICE,N
6752,J_NO_1,C11PALESTINIANRIGHTS,N
6752,J_NO_1,C12ZIONCRITICAL,A
6752,J_NO_1,C12SOLUTIONS,N
6752,J_NO_1,C12EQUALRIGHTS,N
6752,J_NO_1,C13ISRAELEVIDENCE,N
6752,J_NO_1,C13ISRAELINSTITUTIONS,N
6752,J_NO_1,C13ISRAELPOLICIES,N
6752,J_NO_1,C13ISRAELOPT,N
6752,J_NO_1,C13ISRAELREGION,N
6752,J_NO_1,C13ISRAELDISCRIMINATION,N
6752,J_NO_1,C13ISRAELNORMS,N
6752,J_NO_1,C13ISRAELCOMPARE,N
6752,J_NO_1,C14BDS,N
6752,J_NO_1,C15REASONABLE,N
6752,J_NO_1,C15DOUBLESTANDARD,N
18327,J_NO_1,C11PALESTINIANJUSTICE,N
18327,J_NO_1,C11PALESTINIANRIGHTS,N
18327,J_NO_1,C12ZIONCRITICAL,N
18327,J_NO_1,C12SOLUTIONS,N
18327,J_NO_1,C12EQUALRIGHTS,N
18327,J_NO_1,C13ISRAELEVIDENCE,N
18327,J_NO_1,C13ISRAELINSTITUTIONS,N
18327,J_NO_1,C13ISRAELPOLICIES,N
18327,J_NO_1,C13ISRAELOPT,N
18327,J_NO_1,C13ISRAELREGION,N
18327,J_NO_1,C13ISRAELDISCRIMINATION,N
18327,J_NO_1,C13ISRAELNORMS,N
18327,J_NO_1,C13ISRAELCOMPARE,N
18327,J_NO_1,C14BDS,N
18327,J_NO_1,C15REASONABLE,N
18327,J_NO_1,C15DOUBLESTANDARD,N
45473,J_NO_1,C11PALESTINIANJUSTICE,N
45473,J_NO_1,C11PALESTINIANRIGHTS,N
45473,J_NO_1,C12ZIONCRITICAL,I
45473,J_NO_1,C12SOLUTIONS,N
45473,J_NO_1,C12EQUALRIGHTS,N
45473,J_NO_1,C13ISRAELEVIDENCE,N
45473,J_NO_1,C13ISRAELINSTITUTIONS,N
45473,J_NO_1,C13ISRAELPOLICIES,N
45473,J_NO_1,C13ISRAELOPT,N
45473,J_NO_1,C13ISRAELREGION,N
45473,J_NO_1,C13ISRAELDISCRIMINATION,N
45473,J_NO_1,C13ISRAELNORMS,N
45473,J_NO_1,C13ISRAELCOMPARE,N
45473,J_NO_1,C14BDS,N
45473,J_NO_1,C15REASONABLE,N
45473,J_NO_1,C15DOUBLESTANDARD,N
15049,J_NO_1,C11PALESTINIANJUSTICE,N
15049,J_NO_1,C11PALESTINIANRIGHTS,N
15049,J_NO_1,C12ZIONCRITICAL,N
15049,J_NO_1,C12SOLUTIONS,N
15049,J_NO_1,C12EQUALRIGHTS,N
15049,J_NO_1,C13ISRAELEVIDENCE,N
15049,J_NO_1,C13ISRAELINSTITUTIONS,N
15049,J_NO_1,C13ISRAELPOLICIES,N
15049,J_NO_1,C13ISRAELOPT,N
15049,J_NO_1,C13ISRAELREGION,N
15049,J_NO_1,C13ISRAELDISCRIMINATION,N
15049,J_NO_1,C13ISRAELNORMS,N
15049,J_NO_1,C13ISRAELCOMPARE,N
15049,J_NO_1,C14BDS,N
15049,J_NO_1,C15REASONABLE,N
15049,J_NO_1,C15DOUBLESTANDARD,N
20867,J_NO_1,C11PALESTINIANJUSTICE,N
20867,J_NO_1,C11PALESTINIANRIGHTS,N
20867,J_NO_1,C12ZIONCRITICAL,N
20867,J_NO_1,C12SOLUTIONS,N
20867,J_NO_1,C12EQUALRIGHTS,N
20867,J_NO_1,C13ISRAELEVIDENCE,N
20867,J_NO_1,C13ISRAELINSTITUTIONS,N
20867,J_NO_1,C13ISRAELPOLICIES,N
20867,J_NO_1,C13ISRAELOPT,N
20867,J_NO_1,C13ISRAELREGION,N
20867,J_NO_1,C13ISRAELDISCRIMINATION,N
20867,J_NO_1,C13ISRAELNORMS,N
20867,J_NO_1,C13ISRAELCOMPARE,N
20867,J_NO_1,C14BDS,N
20867,J_NO_1,C15REASONABLE,N
20867,J_NO_1,C15DOUBLESTANDARD,N
7293,J_NO_1,C11PALESTINIANJUSTICE,N
7293,J_NO_1,C11PALESTINIANRIGHTS,N
7293,J_NO_1,C12ZIONCRITICAL,N
7293,J_NO_1,C12SOLUTIONS,N
7293,J_NO_1,C12EQUALRIGHTS,N
7293,J_NO_1,C13ISRAELEVIDENCE,N
7293,J_NO_1,C13ISRAELINSTITUTIONS,N
7293,J_NO_1,C13ISRAELPOLICIES,N
7293,J_NO_1,C13ISRAELOPT,N
7293,J_NO_1,C13ISRAELREGION,N
7293,J_NO_1,C13ISRAELDISCRIMINATION,N
7293,J_NO_1,C13ISRAELNORMS,N
7293,J_NO_1,C13ISRAELCOMPARE,N
7293,J_NO_1,C14BDS,N
7293,J_NO_1,C15REASONABLE,N
7293,J_NO_1,C15DOUBLESTANDARD,N
31907,J_NO_1,C11PALESTINIANJUSTICE,N
31907,J_NO_1,C11PALESTINIANRIGHTS,N
31907,J_NO_1,C12ZIONCRITICAL,N
31907,J_NO_1,C12SOLUTIONS,N
31907,J_NO_1,C12EQUALRIGHTS,N
31907,J_NO_1,C13ISRAELEVIDENCE,N
31907,J_NO_1,C13ISRAELINSTITUTIONS,N
31907,J_NO_1,C13ISRAELPOLICIES,N
31907,J_NO_1,C13ISRAELOPT,N
31907,J_NO_1,C13ISRAELREGION,N
31907,J_NO_1,C13ISRAELDISCRIMINATION,N
31907,J_NO_1,C13ISRAELNORMS,N
31907,J_NO_1,C13ISRAELCOMPARE,N
31907,J_NO_1,C14BDS,N
31907,J_NO_1,C15REASONABLE,N
31907,J_NO_1,C15DOUBLESTANDARD,N
42025,J_NO_1,C11PALESTINIANJUSTICE,N
42025,J_NO_1,C11PALESTINIANRIGHTS,N
42025,J_NO_1,C12ZIONCRITICAL,N
42025,J_NO_1,C12SOLUTIONS,N
42025,J_NO_1,C12EQUALRIGHTS,N
42025,J_NO_1,C13ISRAELEVIDENCE,N
42025,J_NO_1,C13ISRAELINSTITUTIONS,N
42025,J_NO_1,C13ISRAELPOLICIES,N
42025,J_NO_1,C13ISRAELOPT,N
42025,J_NO_1,C13ISRAELREGION,N
42025,J_NO_1,C13ISRAELDISCRIMINATION,N
42025,J_NO_1,C13ISRAELNORMS,N
42025,J_NO_1,C13ISRAELCOMPARE,N
42025,J_NO_1,C14BDS,N
42025,J_NO_1,C15REASONABLE,N
42025,J_NO_1,C15DOUBLESTANDARD,N
24559,J_NO_1,C11PALESTINIANJUSTICE,N
24559,J_NO_1,C11PALESTINIANRIGHTS,N
24559,J_NO_1,C12ZIONCRITICAL,N
24559,J_NO_1,C12SOLUTIONS,N
24559,J_NO_1,C12EQUALRIGHTS,N
24559,J_NO_1,C13ISRAELEVIDENCE,N
24559,J_NO_1,C13ISRAELINSTITUTIONS,N
24559,J_NO_1,C13ISRAELPOLICIES,N
24559,J_NO_1,C13ISRAELOPT,N
24559,J_NO_1,C13ISRAELREGION,N
24559,J_NO_1,C13ISRAELDISCRIMINATION,N
24559,J_NO_1,C13ISRAELNORMS,N
24559,J_NO_1,C13ISRAELCOMPARE,N
24559,J_NO_1,C14BDS,N
24559,J_NO_1,C15REASONABLE,N
24559,J_NO_1,C15DOUBLESTANDARD,N
42226,J_NO_1,C11PALESTINIANJUSTICE,N
42226,J_NO_1,C11PALESTINIANRIGHTS,N
42226,J_NO_1,C12ZIONCRITICAL,I
42226,J_NO_1,C12SOLUTIONS,N
42226,J_NO_1,C12EQUALRIGHTS,N
42226,J_NO_1,C13ISRAELEVIDENCE,N
42226,J_NO_1,C13ISRAELINSTITUTIONS,N
42226,J_NO_1,C13ISRAELPOLICIES,N
42226,J_NO_1,C13ISRAELOPT,N
42226,J_NO_1,C13ISRAELREGION,N
42226,J_NO_1,C13ISRAELDISCRIMINATION,N
42226,J_NO_1,C13ISRAELNORMS,N
42226,J_NO_1,C13ISRAELCOMPARE,N
42226,J_NO_1,C14BDS,N
42226,J_NO_1,C15REASONABLE,N
42226,J_NO_1,C15DOUBLESTANDARD,N
27576,J_NO_1,C11PALESTINIANJUSTICE,N
27576,J_NO_1,C11PALESTINIANRIGHTS,N
27576,J_NO_1,C12ZIONCRITICAL,N
27576,J_NO_1,C12SOLUTIONS,N
27576,J_NO_1,C12EQUALRIGHTS,N
27576,J_NO_1,C13ISRAELEVIDENCE,N
27576,J_NO_1,C13ISRAELINSTITUTIONS,N
27576,J_NO_1,C13ISRAELPOLICIES,N
27576,J_NO_1,C13ISRAELOPT,N
27576,J_NO_1,C13ISRAELREGION,N
27576,J_NO_1,C13ISRAELDISCRIMINATION,N
27576,J_NO_1,C13ISRAELNORMS,N
27576,J_NO_1,C13ISRAELCOMPARE,N
27576,J_NO_1,C14BDS,N
27576,J_NO_1,C15REASONABLE,N
27576,J_NO_1,C15DOUBLESTANDARD,N
34706,J_NO_1,C11PALESTINIANJUSTICE,N
34706,J_NO_1,C11PALESTINIANRIGHTS,N
34706,J_NO_1,C12ZIONCRITICAL,N
34706,J_NO_1,C12SOLUTIONS,N
34706,J_NO_1,C12EQUALRIGHTS,N
34706,J_NO_1,C13ISRAELEVIDENCE,N
34706,J_NO_1,C13ISRAELINSTITUTIONS,N
34706,J_NO_1,C13ISRAELPOLICIES,N
34706,J_NO_1,C13ISRAELOPT,N
34706,J_NO_1,C13ISRAELREGION,N
34706,J_NO_1,C13ISRAELDISCRIMINATION,N
34706,J_NO_1,C13ISRAELNORMS,N
34706,J_NO_1,C13ISRAELCOMPARE,N
34706,J_NO_1,C14BDS,N
34706,J_NO_1,C15REASONABLE,N
34706,J_NO_1,C15DOUBLESTANDARD,N
14524,J_NO_1,C11PALESTINIANJUSTICE,N
14524,J_NO_1,C11PALESTINIANRIGHTS,N
14524,J_NO_1,C12ZIONCRITICAL,N
14524,J_NO_1,C12SOLUTIONS,N
14524,J_NO_1,C12EQUALRIGHTS,N
14524,J_NO_1,C13ISRAELEVIDENCE,N
14524,J_NO_1,C13ISRAELINSTITUTIONS,N
14524,J_NO_1,C13ISRAELPOLICIES,N
14524,J_NO_1,C13ISRAELOPT,N
14524,J_NO_1,C13ISRAELREGION,N
14524,J_NO_1,C13ISRAELDISCRIMINATION,N
14524,J_NO_1,C13ISRAELNORMS,N
14524,J_NO_1,C13ISRAELCOMPARE,N
14524,J_NO_1,C14BDS,N
14524,J_NO_1,C15REASONABLE,N
14524,J_NO_1,C15DOUBLESTANDARD,N
13933,J_NO_1,C11PALESTINIANJUSTICE,A
13933,J_NO_1,C11PALESTINIANRIGHTS,A
13933,J_NO_1,C12ZIONCRITICAL,A
13933,J_NO_1,C12SOLUTIONS,A
13933,J_NO_1,C12EQUALRIGHTS,A
13933,J_NO_1,C13ISRAELEVIDENCE,N
13933,J_NO_1,C13ISRAELINSTITUTIONS,N
13933,J_NO_1,C13ISRAELPOLICIES,N
13933,J_NO_1,C13ISRAELOPT,N
13933,J_NO_1,C13ISRAELREGION,A
13933,J_NO_1,C13ISRAELDISCRIMINATION,N
13933,J_NO_1,C13ISRAELNORMS,N
13933,J_NO_1,C13ISRAELCOMPARE,N
13933,J_NO_1,C14BDS,N
13933,J_NO_1,C15REASONABLE,N
13933,J_NO_1,C15DOUBLESTANDARD,N
22812,J_NO_1,C11PALESTINIANJUSTICE,N
22812,J_NO_1,C11PALESTINIANRIGHTS,N
22812,J_NO_1,C12ZIONCRITICAL,N
22812,J_NO_1,C12SOLUTIONS,N
22812,J_NO_1,C12EQUALRIGHTS,N
22812,J_NO_1,C13ISRAELEVIDENCE,N
22812,J_NO_1,C13ISRAELINSTITUTIONS,N
22812,J_NO_1,C13ISRAELPOLICIES,N
22812,J_NO_1,C13ISRAELOPT,N
22812,J_NO_1,C13ISRAELREGION,N
22812,J_NO_1,C13ISRAELDISCRIMINATION,N
22812,J_NO_1,C13ISRAELNORMS,N
22812,J_NO_1,C13ISRAELCOMPARE,N
22812,J_NO_1,C14BDS,N
22812,J_NO_1,C15REASONABLE,N
22812,J_NO_1,C15DOUBLESTANDARD,N
8554,J_NO_1,C11PALESTINIANJUSTICE,N
8554,J_NO_1,C11PALESTINIANRIGHTS,N
8554,J_NO_1,C12ZIONCRITICAL,N
8554,J_NO_1,C12SOLUTIONS,N
8554,J_NO_1,C12EQUALRIGHTS,N
8554,J_NO_1,C13ISRAELEVIDENCE,N
8554,J_NO_1,C13ISRAELINSTITUTIONS,N
8554,J_NO_1,C13ISRAELPOLICIES,N
8554,J_NO_1,C13ISRAELOPT,N
8554,J_NO_1,C13ISRAELREGION,N
8554,J_NO_1,C13ISRAELDISCRIMINATION,N
8554,J_NO_1,C13ISRAELNORMS,N
8554,J_NO_1,C13ISRAELCOMPARE,N
8554,J_NO_1,C14BDS,N
8554,J_NO_1,C15REASONABLE,N
8554,J_NO_1,C15DOUBLESTANDARD,N
29363,J_NO_1,C11PALESTINIANJUSTICE,N
29363,J_NO_1,C11PALESTINIANRIGHTS,N
29363,J_NO_1,C12ZIONCRITICAL,N
29363,J_NO_1,C12SOLUTIONS,N
29363,J_NO_1,C12EQUALRIGHTS,N
29363,J_NO_1,C13ISRAELEVIDENCE,N
29363,J_NO_1,C13ISRAELINSTITUTIONS,N
29363,J_NO_1,C13ISRAELPOLICIES,N
29363,J_NO_1,C13ISRAELOPT,N
29363,J_NO_1,C13ISRAELREGION,N
29363,J_NO_1,C13ISRAELDISCRIMINATION,N
29363,J_NO_1,C13ISRAELNORMS,N
29363,J_NO_1,C13ISRAELCOMPARE,N
29363,J_NO_1,C14BDS,N
29363,J_NO_1,C15REASONABLE,N
29363,J_NO_1,C15DOUBLESTANDARD,N
19246,J_NO_1,C11PALESTINIANJUSTICE,N
19246,J_NO_1,C11PALESTINIANRIGHTS,N
19246,J_NO_1,C12ZIONCRITICAL,N
19246,J_NO_1,C12SOLUTIONS,N
19246,J_NO_1,C12EQUALRIGHTS,N
19246,J_NO_1,C13ISRAELEVIDENCE,N
19246,J_NO_1,C13ISRAELINSTITUTIONS,N
19246,J_NO_1,C13ISRAELPOLICIES,N
19246,J_NO_1,C13ISRAELOPT,N
19246,J_NO_1,C13ISRAELREGION,N
19246,J_NO_1,C13ISRAELDISCRIMINATION,N
19246,J_NO_1,C13ISRAELNORMS,N
19246,J_NO_1,C13ISRAELCOMPARE,N
19246,J_NO_1,C14BDS,N
19246,J_NO_1,C15REASONABLE,N
19246,J_NO_1,C15DOUBLESTANDARD,N
11352,J_NO_1,C11PALESTINIANJUSTICE,N
11352,J_NO_1,C11PALESTINIANRIGHTS,N
11352,J_NO_1,C12ZIONCRITICAL,N
11352,J_NO_1,C12SOLUTIONS,N
11352,J_NO_1,C12EQUALRIGHTS,N
11352,J_NO_1,C13ISRAELEVIDENCE,N
11352,J_NO_1,C13ISRAELINSTITUTIONS,N
11352,J_NO_1,C13ISRAELPOLICIES,N
11352,J_NO_1,C13ISRAELOPT,N
11352,J_NO_1,C13ISRAELREGION,N
11352,J_NO_1,C13ISRAELDISCRIMINATION,N
11352,J_NO_1,C13ISRAELNORMS,N
11352,J_NO_1,C13ISRAELCOMPARE,N
11352,J_NO_1,C14BDS,N
11352,J_NO_1,C15REASONABLE,N
11352,J_NO_1,C15DOUBLESTANDARD,N
19723,J_NO_1,C11PALESTINIANJUSTICE,N
19723,J_NO_1,C11PALESTINIANRIGHTS,N
19723,J_NO_1,C12ZIONCRITICAL,N
19723,J_NO_1,C12SOLUTIONS,N
19723,J_NO_1,C12EQUALRIGHTS,N
19723,J_NO_1,C13ISRAELEVIDENCE,N
19723,J_NO_1,C13ISRAELINSTITUTIONS,N
19723,J_NO_1,C13ISRAELPOLICIES,N
19723,J_NO_1,C13ISRAELOPT,N
19723,J_NO_1,C13ISRAELREGION,N
19723,J_NO_1,C13ISRAELDISCRIMINATION,N
19723,J_NO_1,C13ISRAELNORMS,N
19723,J_NO_1,C13ISRAELCOMPARE,N
19723,J_NO_1,C14BDS,N
19723,J_NO_1,C15REASONABLE,N
19723,J_NO_1,C15DOUBLESTANDARD,N
26322,J_NO_1,C11PALESTINIANJUSTICE,N
26322,J_NO_1,C11PALESTINIANRIGHTS,N
26322,J_NO_1,C12ZIONCRITICAL,N
26322,J_NO_1,C12SOLUTIONS,N
26322,J_NO_1,C12EQUALRIGHTS,N
26322,J_NO_1,C13ISRAELEVIDENCE,N
26322,J_NO_1,C13ISRAELINSTITUTIONS,N
26322,J_NO_1,C13ISRAELPOLICIES,N
26322,J_NO_1,C13ISRAELOPT,N
26322,J_NO_1,C13ISRAELREGION,N
26322,J_NO_1,C13ISRAELDISCRIMINATION,N
26322,J_NO_1,C13ISRAELNORMS,N
26322,J_NO_1,C13ISRAELCOMPARE,N
26322,J_NO_1,C14BDS,N
26322,J_NO_1,C15REASONABLE,N
26322,J_NO_1,C15DOUBLESTANDARD,N
43138,J_NO_1,C11PALESTINIANJUSTICE,N
43138,J_NO_1,C11PALESTINIANRIGHTS,N
43138,J_NO_1,C12ZIONCRITICAL,N
43138,J_NO_1,C12SOLUTIONS,N
43138,J_NO_1,C12EQUALRIGHTS,N
43138,J_NO_1,C13ISRAELEVIDENCE,N
43138,J_NO_1,C13ISRAELINSTITUTIONS,N
43138,J_NO_1,C13ISRAELPOLICIES,N
43138,J_NO_1,C13ISRAELOPT,N
43138,J_NO_1,C13ISRAELREGION,N
43138,J_NO_1,C13ISRAELDISCRIMINATION,N
43138,J_NO_1,C13ISRAELNORMS,N
43138,J_NO_1,C13ISRAELCOMPARE,N
43138,J_NO_1,C14BDS,N
43138,J_NO_1,C15REASONABLE,N
43138,J_NO_1,C15DOUBLESTANDARD,N
29288,J_NO_1,C11PALESTINIANJUSTICE,N
29288,J_NO_1,C11PALESTINIANRIGHTS,N
29288,J_NO_1,C12ZIONCRITICAL,N
29288,J_NO_1,C12SOLUTIONS,N
29288,J_NO_1,C12EQUALRIGHTS,N
29288,J_NO_1,C13ISRAELEVIDENCE,N
29288,J_NO_1,C13ISRAELINSTITUTIONS,N
29288,J_NO_1,C13ISRAELPOLICIES,N
29288,J_NO_1,C13ISRAELOPT,N
29288,J_NO_1,C13ISRAELREGION,N
29288,J_NO_1,C13ISRAELDISCRIMINATION,N
29288,J_NO_1,C13ISRAELNORMS,N
29288,J_NO_1,C13ISRAELCOMPARE,N
29288,J_NO_1,C14BDS,N
29288,J_NO_1,C15REASONABLE,N
29288,J_NO_1,C15DOUBLESTANDARD,N
22424,J_NO_1,C11PALESTINIANJUSTICE,N
22424,J_NO_1,C11PALESTINIANRIGHTS,N
22424,J_NO_1,C12ZIONCRITICAL,N
22424,J_NO_1,C12SOLUTIONS,N
22424,J_NO_1,C12EQUALRIGHTS,N
22424,J_NO_1,C13ISRAELEVIDENCE,N
22424,J_NO_1,C13ISRAELINSTITUTIONS,N
22424,J_NO_1,C13ISRAELPOLICIES,N
22424,J_NO_1,C13ISRAELOPT,N
22424,J_NO_1,C13ISRAELREGION,N
22424,J_NO_1,C13ISRAELDISCRIMINATION,N
22424,J_NO_1,C13ISRAELNORMS,N
22424,J_NO_1,C13ISRAELCOMPARE,N
22424,J_NO_1,C14BDS,N
22424,J_NO_1,C15REASONABLE,N
22424,J_NO_1,C15DOUBLESTANDARD,N
20193,J_NO_1,C11PALESTINIANJUSTICE,N
20193,J_NO_1,C11PALESTINIANRIGHTS,N
20193,J_NO_1,C12ZIONCRITICAL,N
20193,J_NO_1,C12SOLUTIONS,N
20193,J_NO_1,C12EQUALRIGHTS,N
20193,J_NO_1,C13ISRAELEVIDENCE,N
20193,J_NO_1,C13ISRAELINSTITUTIONS,N
20193,J_NO_1,C13ISRAELPOLICIES,N
20193,J_NO_1,C13ISRAELOPT,N
20193,J_NO_1,C13ISRAELREGION,N
20193,J_NO_1,C13ISRAELDISCRIMINATION,N
20193,J_NO_1,C13ISRAELNORMS,N
20193,J_NO_1,C13ISRAELCOMPARE,N
20193,J_NO_1,C14BDS,N
20193,J_NO_1,C15REASONABLE,N
20193,J_NO_1,C15DOUBLESTANDARD,N
49996,J_NO_1,C11PALESTINIANJUSTICE,N
49996,J_NO_1,C11PALESTINIANRIGHTS,N
49996,J_NO_1,C12ZIONCRITICAL,N
49996,J_NO_1,C12SOLUTIONS,N
49996,J_NO_1,C12EQUALRIGHTS,N
49996,J_NO_1,C13ISRAELEVIDENCE,N
49996,J_NO_1,C13ISRAELINSTITUTIONS,N
49996,J_NO_1,C13ISRAELPOLICIES,N
49996,J_NO_1,C13ISRAELOPT,N
49996,J_NO_1,C13ISRAELREGION,N
49996,J_NO_1,C13ISRAELDISCRIMINATION,N
49996,J_NO_1,C13ISRAELNORMS,N
49996,J_NO_1,C13ISRAELCOMPARE,N
49996,J_NO_1,C14BDS,N
49996,J_NO_1,C15REASONABLE,N
49996,J_NO_1,C15DOUBLESTANDARD,N
39734,J_NO_1,C11PALESTINIANJUSTICE,N
39734,J_NO_1,C11PALESTINIANRIGHTS,N
39734,J_NO_1,C12ZIONCRITICAL,N
39734,J_NO_1,C12SOLUTIONS,N
39734,J_NO_1,C12EQUALRIGHTS,N
39734,J_NO_1,C13ISRAELEVIDENCE,N
39734,J_NO_1,C13ISRAELINSTITUTIONS,N
39734,J_NO_1,C13ISRAELPOLICIES,N
39734,J_NO_1,C13ISRAELOPT,N
39734,J_NO_1,C13ISRAELREGION,N
39734,J_NO_1,C13ISRAELDISCRIMINATION,N
39734,J_NO_1,C13ISRAELNORMS,N
39734,J_NO_1,C13ISRAELCOMPARE,N
39734,J_NO_1,C14BDS,N
39734,J_NO_1,C15REASONABLE,N
39734,J_NO_1,C15DOUBLESTANDARD,N
43226,J_NO_1,C11PALESTINIANJUSTICE,N
43226,J_NO_1,C11PALESTINIANRIGHTS,N
43226,J_NO_1,C12ZIONCRITICAL,N
43226,J_NO_1,C12SOLUTIONS,N
43226,J_NO_1,C12EQUALRIGHTS,N
43226,J_NO_1,C13ISRAELEVIDENCE,N
43226,J_NO_1,C13ISRAELINSTITUTIONS,N
43226,J_NO_1,C13ISRAELPOLICIES,N
43226,J_NO_1,C13ISRAELOPT,N
43226,J_NO_1,C13ISRAELREGION,N
43226,J_NO_1,C13ISRAELDISCRIMINATION,N
43226,J_NO_1,C13ISRAELNORMS,N
43226,J_NO_1,C13ISRAELCOMPARE,N
43226,J_NO_1,C14BDS,N
43226,J_NO_1,C15REASONABLE,N
43226,J_NO_1,C15DOUBLESTANDARD,N
9528,J_NO_1,C11PALESTINIANJUSTICE,N
9528,J_NO_1,C11PALESTINIANRIGHTS,N
9528,J_NO_1,C12ZIONCRITICAL,N
9528,J_NO_1,C12SOLUTIONS,N
9528,J_NO_1,C12EQUALRIGHTS,N
9528,J_NO_1,C13ISRAELEVIDENCE,N
9528,J_NO_1,C13ISRAELINSTITUTIONS,N
9528,J_NO_1,C13ISRAELPOLICIES,N
9528,J_NO_1,C13ISRAELOPT,N
9528,J_NO_1,C13ISRAELREGION,N
9528,J_NO_1,C13ISRAELDISCRIMINATION,N
9528,J_NO_1,C13ISRAELNORMS,N
9528,J_NO_1,C13ISRAELCOMPARE,N
9528,J_NO_1,C14BDS,N
9528,J_NO_1,C15REASONABLE,N
9528,J_NO_1,C15DOUBLESTANDARD,N
6828,J_NO_1,C11PALESTINIANJUSTICE,N
6828,J_NO_1,C11PALESTINIANRIGHTS,N
6828,J_NO_1,C12ZIONCRITICAL,N
6828,J_NO_1,C12SOLUTIONS,N
6828,J_NO_1,C12EQUALRIGHTS,N
6828,J_NO_1,C13ISRAELEVIDENCE,N
6828,J_NO_1,C13ISRAELINSTITUTIONS,N
6828,J_NO_1,C13ISRAELPOLICIES,N
6828,J_NO_1,C13ISRAELOPT,N
6828,J_NO_1,C13ISRAELREGION,N
6828,J_NO_1,C13ISRAELDISCRIMINATION,N
6828,J_NO_1,C13ISRAELNORMS,N
6828,J_NO_1,C13ISRAELCOMPARE,N
6828,J_NO_1,C14BDS,N
6828,J_NO_1,C15REASONABLE,N
6828,J_NO_1,C15DOUBLESTANDARD,N
49377,J_NO_1,C11PALESTINIANJUSTICE,N
49377,J_NO_1,C11PALESTINIANRIGHTS,N
49377,J_NO_1,C12ZIONCRITICAL,N
49377,J_NO_1,C12SOLUTIONS,N
49377,J_NO_1,C12EQUALRIGHTS,N
49377,J_NO_1,C13ISRAELEVIDENCE,N
49377,J_NO_1,C13ISRAELINSTITUTIONS,N
49377,J_NO_1,C13ISRAELPOLICIES,N
49377,J_NO_1,C13ISRAELOPT,N
49377,J_NO_1,C13ISRAELREGION,N
49377,J_NO_1,C13ISRAELDISCRIMINATION,N
49377,J_NO_1,C13ISRAELNORMS,N
49377,J_NO_1,C13ISRAELCOMPARE,N
49377,J_NO_1,C14BDS,N
49377,J_NO_1,C15REASONABLE,N
49377,J_NO_1,C15DOUBLESTANDARD,N
46165,J_NO_1,C11PALESTINIANJUSTICE,N
46165,J_NO_1,C11PALESTINIANRIGHTS,N
46165,J_NO_1,C12ZIONCRITICAL,N
46165,J_NO_1,C12SOLUTIONS,N
46165,J_NO_1,C12EQUALRIGHTS,N
46165,J_NO_1,C13ISRAELEVIDENCE,N
46165,J_NO_1,C13ISRAELINSTITUTIONS,N
46165,J_NO_1,C13ISRAELPOLICIES,N
46165,J_NO_1,C13ISRAELOPT,N
46165,J_NO_1,C13ISRAELREGION,N
46165,J_NO_1,C13ISRAELDISCRIMINATION,N
46165,J_NO_1,C13ISRAELNORMS,N
46165,J_NO_1,C13ISRAELCOMPARE,N
46165,J_NO_1,C14BDS,N
46165,J_NO_1,C15REASONABLE,N
46165,J_NO_1,C15DOUBLESTANDARD,N
47767,J_NO_1,C11PALESTINIANJUSTICE,N
47767,J_NO_1,C11PALESTINIANRIGHTS,N
47767,J_NO_1,C12ZIONCRITICAL,N
47767,J_NO_1,C12SOLUTIONS,N
47767,J_NO_1,C12EQUALRIGHTS,N
47767,J_NO_1,C13ISRAELEVIDENCE,N
47767,J_NO_1,C13ISRAELINSTITUTIONS,N
47767,J_NO_1,C13ISRAELPOLICIES,N
47767,J_NO_1,C13ISRAELOPT,N
47767,J_NO_1,C13ISRAELREGION,N
47767,J_NO_1,C13ISRAELDISCRIMINATION,N
47767,J_NO_1,C13ISRAELNORMS,N
47767,J_NO_1,C13ISRAELCOMPARE,N
47767,J_NO_1,C14BDS,N
47767,J_NO_1,C15REASONABLE,N
47767,J_NO_1,C15DOUBLESTANDARD,N
32150,J_NO_1,C11PALESTINIANJUSTICE,N
32150,J_NO_1,C11PALESTINIANRIGHTS,N
32150,J_NO_1,C12ZIONCRITICAL,N
32150,J_NO_1,C12SOLUTIONS,N
32150,J_NO_1,C12EQUALRIGHTS,N
32150,J_NO_1,C13ISRAELEVIDENCE,N
32150,J_NO_1,C13ISRAELINSTITUTIONS,N
32150,J_NO_1,C13ISRAELPOLICIES,N
32150,J_NO_1,C13ISRAELOPT,N
32150,J_NO_1,C13ISRAELREGION,N
32150,J_NO_1,C13ISRAELDISCRIMINATION,N
32150,J_NO_1,C13ISRAELNORMS,N
32150,J_NO_1,C13ISRAELCOMPARE,N
32150,J_NO_1,C14BDS,N
32150,J_NO_1,C15REASONABLE,N
32150,J_NO_1,C15DOUBLESTANDARD,N
21753,J_NO_1,C11PALESTINIANJUSTICE,N
21753,J_NO_1,C11PALESTINIANRIGHTS,N
21753,J_NO_1,C12ZIONCRITICAL,N
21753,J_NO_1,C12SOLUTIONS,N
21753,J_NO_1,C12EQUALRIGHTS,N
21753,J_NO_1,C13ISRAELEVIDENCE,N
21753,J_NO_1,C13ISRAELINSTITUTIONS,N
21753,J_NO_1,C13ISRAELPOLICIES,N
21753,J_NO_1,C13ISRAELOPT,N
21753,J_NO_1,C13ISRAELREGION,N
21753,J_NO_1,C13ISRAELDISCRIMINATION,N
21753,J_NO_1,C13ISRAELNORMS,N
21753,J_NO_1,C13ISRAELCOMPARE,N
21753,J_NO_1,C14BDS,N
21753,J_NO_1,C15REASONABLE,N
21753,J_NO_1,C15DOUBLESTANDARD,N
12837,J_NO_1,C11PALESTINIANJUSTICE,N
12837,J_NO_1,C11PALESTINIANRIGHTS,N
12837,J_NO_1,C12ZIONCRITICAL,N
12837,J_NO_1,C12SOLUTIONS,N
12837,J_NO_1,C12EQUALRIGHTS,N
12837,J_NO_1,C13ISRAELEVIDENCE,N
12837,J_NO_1,C13ISRAELINSTITUTIONS,N
12837,J_NO_1,C13ISRAELPOLICIES,N
12837,J_NO_1,C13ISRAELOPT,N
12837,J_NO_1,C13ISRAELREGION,N
12837,J_NO_1,C13ISRAELDISCRIMINATION,N
12837,J_NO_1,C13ISRAELNORMS,N
12837,J_NO_1,C13ISRAELCOMPARE,N
12837,J_NO_1,C14BDS,N
12837,J_NO_1,C15REASONABLE,N
12837,J_NO_1,C15DOUBLESTANDARD,N
19342,J_NO_1,C11PALESTINIANJUSTICE,N
19342,J_NO_1,C11PALESTINIANRIGHTS,N
19342,J_NO_1,C12ZIONCRITICAL,N
19342,J_NO_1,C12SOLUTIONS,N
19342,J_NO_1,C12EQUALRIGHTS,A
19342,J_NO_1,C13ISRAELEVIDENCE,N
19342,J_NO_1,C13ISRAELINSTITUTIONS,N
19342,J_NO_1,C13ISRAELPOLICIES,N
19342,J_NO_1,C13ISRAELOPT,N
19342,J_NO_1,C13ISRAELREGION,N
19342,J_NO_1,C13ISRAELDISCRIMINATION,N
19342,J_NO_1,C13ISRAELNORMS,N
19342,J_NO_1,C13ISRAELCOMPARE,N
19342,J_NO_1,C14BDS,N
19342,J_NO_1,C15REASONABLE,N
19342,J_NO_1,C15DOUBLESTANDARD,A
44599,J_NO_1,C11PALESTINIANJUSTICE,N
44599,J_NO_1,C11PALESTINIANRIGHTS,N
44599,J_NO_1,C12ZIONCRITICAL,N
44599,J_NO_1,C12SOLUTIONS,N
44599,J_NO_1,C12EQUALRIGHTS,N
44599,J_NO_1,C13ISRAELEVIDENCE,N
44599,J_NO_1,C13ISRAELINSTITUTIONS,N
44599,J_NO_1,C13ISRAELPOLICIES,N
44599,J_NO_1,C13ISRAELOPT,N
44599,J_NO_1,C13ISRAELREGION,N
44599,J_NO_1,C13ISRAELDISCRIMINATION,N
44599,J_NO_1,C13ISRAELNORMS,N
44599,J_NO_1,C13ISRAELCOMPARE,N
44599,J_NO_1,C14BDS,N
44599,J_NO_1,C15REASONABLE,N
44599,J_NO_1,C15DOUBLESTANDARD,N
23963,J_NO_1,C11PALESTINIANJUSTICE,N
23963,J_NO_1,C11PALESTINIANRIGHTS,N
23963,J_NO_1,C12ZIONCRITICAL,N
23963,J_NO_1,C12SOLUTIONS,N
23963,J_NO_1,C12EQUALRIGHTS,N
23963,J_NO_1,C13ISRAELEVIDENCE,N
23963,J_NO_1,C13ISRAELINSTITUTIONS,N
23963,J_NO_1,C13ISRAELPOLICIES,N
23963,J_NO_1,C13ISRAELOPT,N
23963,J_NO_1,C13ISRAELREGION,N
23963,J_NO_1,C13ISRAELDISCRIMINATION,N
23963,J_NO_1,C13ISRAELNORMS,N
23963,J_NO_1,C13ISRAELCOMPARE,N
23963,J_NO_1,C14BDS,N
23963,J_NO_1,C15REASONABLE,N
23963,J_NO_1,C15DOUBLESTANDARD,N
12245,J_NO_1,C11PALESTINIANJUSTICE,N
12245,J_NO_1,C11PALESTINIANRIGHTS,N
12245,J_NO_1,C12ZIONCRITICAL,N
12245,J_NO_1,C12SOLUTIONS,N
12245,J_NO_1,C12EQUALRIGHTS,N
12245,J_NO_1,C13ISRAELEVIDENCE,N
12245,J_NO_1,C13ISRAELINSTITUTIONS,N
12245,J_NO_1,C13ISRAELPOLICIES,N
12245,J_NO_1,C13ISRAELOPT,N
12245,J_NO_1,C13ISRAELREGION,N
12245,J_NO_1,C13ISRAELDISCRIMINATION,N
12245,J_NO_1,C13ISRAELNORMS,N
12245,J_NO_1,C13ISRAELCOMPARE,N
12245,J_NO_1,C14BDS,N
12245,J_NO_1,C15REASONABLE,N
12245,J_NO_1,C15DOUBLESTANDARD,N
37015,J_NO_1,C11PALESTINIANJUSTICE,N
37015,J_NO_1,C11PALESTINIANRIGHTS,N
37015,J_NO_1,C12ZIONCRITICAL,N
37015,J_NO_1,C12SOLUTIONS,N
37015,J_NO_1,C12EQUALRIGHTS,N
37015,J_NO_1,C13ISRAELEVIDENCE,N
37015,J_NO_1,C13ISRAELINSTITUTIONS,N
37015,J_NO_1,C13ISRAELPOLICIES,N
37015,J_NO_1,C13ISRAELOPT,N
37015,J_NO_1,C13ISRAELREGION,N
37015,J_NO_1,C13ISRAELDISCRIMINATION,N
37015,J_NO_1,C13ISRAELNORMS,N
37015,J_NO_1,C13ISRAELCOMPARE,N
37015,J_NO_1,C14BDS,N
37015,J_NO_1,C15REASONABLE,N
37015,J_NO_1,C15DOUBLESTANDARD,N
39748,J_NO_1,C11PALESTINIANJUSTICE,N
39748,J_NO_1,C11PALESTINIANRIGHTS,N
39748,J_NO_1,C12ZIONCRITICAL,N
39748,J_NO_1,C12SOLUTIONS,N
39748,J_NO_1,C12EQUALRIGHTS,N
39748,J_NO_1,C13ISRAELEVIDENCE,N
39748,J_NO_1,C13ISRAELINSTITUTIONS,N
39748,J_NO_1,C13ISRAELPOLICIES,N
39748,J_NO_1,C13ISRAELOPT,N
39748,J_NO_1,C13ISRAELREGION,N
39748,J_NO_1,C13ISRAELDISCRIMINATION,N
39748,J_NO_1,C13ISRAELNORMS,N
39748,J_NO_1,C13ISRAELCOMPARE,N
39748,J_NO_1,C14BDS,N
39748,J_NO_1,C15REASONABLE,N
39748,J_NO_1,C15DOUBLESTANDARD,N
45023,J_NO_1,C11PALESTINIANJUSTICE,N
45023,J_NO_1,C11PALESTINIANRIGHTS,N
45023,J_NO_1,C12ZIONCRITICAL,N
45023,J_NO_1,C12SOLUTIONS,N
45023,J_NO_1,C12EQUALRIGHTS,N
45023,J_NO_1,C13ISRAELEVIDENCE,N
45023,J_NO_1,C13ISRAELINSTITUTIONS,N
45023,J_NO_1,C13ISRAELPOLICIES,N
45023,J_NO_1,C13ISRAELOPT,N
45023,J_NO_1,C13ISRAELREGION,N
45023,J_NO_1,C13ISRAELDISCRIMINATION,N
45023,J_NO_1,C13ISRAELNORMS,N
45023,J_NO_1,C13ISRAELCOMPARE,N
45023,J_NO_1,C14BDS,N
45023,J_NO_1,C15REASONABLE,N
45023,J_NO_1,C15DOUBLESTANDARD,N
46721,J_NO_1,C11PALESTINIANJUSTICE,N
46721,J_NO_1,C11PALESTINIANRIGHTS,N
46721,J_NO_1,C12ZIONCRITICAL,N
46721,J_NO_1,C12SOLUTIONS,N
46721,J_NO_1,C12EQUALRIGHTS,N
46721,J_NO_1,C13ISRAELEVIDENCE,N
46721,J_NO_1,C13ISRAELINSTITUTIONS,N
46721,J_NO_1,C13ISRAELPOLICIES,N
46721,J_NO_1,C13ISRAELOPT,N
46721,J_NO_1,C13ISRAELREGION,N
46721,J_NO_1,C13ISRAELDISCRIMINATION,N
46721,J_NO_1,C13ISRAELNORMS,N
46721,J_NO_1,C13ISRAELCOMPARE,N
46721,J_NO_1,C14BDS,N
46721,J_NO_1,C15REASONABLE,N
46721,J_NO_1,C15DOUBLESTANDARD,N
12621,J_NO_1,C11PALESTINIANJUSTICE,N
12621,J_NO_1,C11PALESTINIANRIGHTS,N
12621,J_NO_1,C12ZIONCRITICAL,N
12621,J_NO_1,C12SOLUTIONS,N
12621,J_NO_1,C12EQUALRIGHTS,N
12621,J_NO_1,C13ISRAELEVIDENCE,N
12621,J_NO_1,C13ISRAELINSTITUTIONS,N
12621,J_NO_1,C13ISRAELPOLICIES,N
12621,J_NO_1,C13ISRAELOPT,N
12621,J_NO_1,C13ISRAELREGION,N
12621,J_NO_1,C13ISRAELDISCRIMINATION,N
12621,J_NO_1,C13ISRAELNORMS,N
12621,J_NO_1,C13ISRAELCOMPARE,N
12621,J_NO_1,C14BDS,N
12621,J_NO_1,C15REASONABLE,N
12621,J_NO_1,C15DOUBLESTANDARD,N
2061,J_NO_1,C11PALESTINIANJUSTICE,N
2061,J_NO_1,C11PALESTINIANRIGHTS,N
2061,J_NO_1,C12ZIONCRITICAL,N
2061,J_NO_1,C12SOLUTIONS,N
2061,J_NO_1,C12EQUALRIGHTS,N
2061,J_NO_1,C13ISRAELEVIDENCE,N
2061,J_NO_1,C13ISRAELINSTITUTIONS,N
2061,J_NO_1,C13ISRAELPOLICIES,N
2061,J_NO_1,C13ISRAELOPT,N
2061,J_NO_1,C13ISRAELREGION,N
2061,J_NO_1,C13ISRAELDISCRIMINATION,N
2061,J_NO_1,C13ISRAELNORMS,N
2061,J_NO_1,C13ISRAELCOMPARE,N
2061,J_NO_1,C14BDS,N
2061,J_NO_1,C15REASONABLE,N
2061,J_NO_1,C15DOUBLESTANDARD,N
13273,J_NO_1,C11PALESTINIANJUSTICE,N
13273,J_NO_1,C11PALESTINIANRIGHTS,N
13273,J_NO_1,C12ZIONCRITICAL,N
13273,J_NO_1,C12SOLUTIONS,N
13273,J_NO_1,C12EQUALRIGHTS,N
13273,J_NO_1,C13ISRAELEVIDENCE,N
13273,J_NO_1,C13ISRAELINSTITUTIONS,N
13273,J_NO_1,C13ISRAELPOLICIES,N
13273,J_NO_1,C13ISRAELOPT,N
13273,J_NO_1,C13ISRAELREGION,N
13273,J_NO_1,C13ISRAELDISCRIMINATION,N
13273,J_NO_1,C13ISRAELNORMS,N
13273,J_NO_1,C13ISRAELCOMPARE,N
13273,J_NO_1,C14BDS,N
13273,J_NO_1,C15REASONABLE,N
13273,J_NO_1,C15DOUBLESTANDARD,N
23429,J_NO_1,C11PALESTINIANJUSTICE,N
23429,J_NO_1,C11PALESTINIANRIGHTS,N
23429,J_NO_1,C12ZIONCRITICAL,N
23429,J_NO_1,C12SOLUTIONS,N
23429,J_NO_1,C12EQUALRIGHTS,N
23429,J_NO_1,C13ISRAELEVIDENCE,N
23429,J_NO_1,C13ISRAELINSTITUTIONS,N
23429,J_NO_1,C13ISRAELPOLICIES,N
23429,J_NO_1,C13ISRAELOPT,N
23429,J_NO_1,C13ISRAELREGION,N
23429,J_NO_1,C13ISRAELDISCRIMINATION,N
23429,J_NO_1,C13ISRAELNORMS,N
23429,J_NO_1,C13ISRAELCOMPARE,N
23429,J_NO_1,C14BDS,N
23429,J_NO_1,C15REASONABLE,N
23429,J_NO_1,C15DOUBLESTANDARD,N
44584,J_NO_1,C11PALESTINIANJUSTICE,N
44584,J_NO_1,C11PALESTINIANRIGHTS,N
44584,J_NO_1,C12ZIONCRITICAL,N
44584,J_NO_1,C12SOLUTIONS,N
44584,J_NO_1,C12EQUALRIGHTS,N
44584,J_NO_1,C13ISRAELEVIDENCE,N
44584,J_NO_1,C13ISRAELINSTITUTIONS,N
44584,J_NO_1,C13ISRAELPOLICIES,N
44584,J_NO_1,C13ISRAELOPT,N
44584,J_NO_1,C13ISRAELREGION,N
44584,J_NO_1,C13ISRAELDISCRIMINATION,N
44584,J_NO_1,C13ISRAELNORMS,N
44584,J_NO_1,C13ISRAELCOMPARE,N
44584,J_NO_1,C14BDS,N
44584,J_NO_1,C15REASONABLE,N
44584,J_NO_1,C15DOUBLESTANDARD,N
13979,J_NO_1,C11PALESTINIANJUSTICE,N
13979,J_NO_1,C11PALESTINIANRIGHTS,N
13979,J_NO_1,C12ZIONCRITICAL,N
13979,J_NO_1,C12SOLUTIONS,N
13979,J_NO_1,C12EQUALRIGHTS,N
13979,J_NO_1,C13ISRAELEVIDENCE,N
13979,J_NO_1,C13ISRAELINSTITUTIONS,N
13979,J_NO_1,C13ISRAELPOLICIES,N
13979,J_NO_1,C13ISRAELOPT,N
13979,J_NO_1,C13ISRAELREGION,N
13979,J_NO_1,C13ISRAELDISCRIMINATION,N
13979,J_NO_1,C13ISRAELNORMS,N
13979,J_NO_1,C13ISRAELCOMPARE,N
13979,J_NO_1,C14BDS,N
13979,J_NO_1,C15REASONABLE,N
13979,J_NO_1,C15DOUBLESTANDARD,N
25108,J_NO_1,C11PALESTINIANJUSTICE,N
25108,J_NO_1,C11PALESTINIANRIGHTS,N
25108,J_NO_1,C12ZIONCRITICAL,N
25108,J_NO_1,C12SOLUTIONS,N
25108,J_NO_1,C12EQUALRIGHTS,N
25108,J_NO_1,C13ISRAELEVIDENCE,N
25108,J_NO_1,C13ISRAELINSTITUTIONS,N
25108,J_NO_1,C13ISRAELPOLICIES,N
25108,J_NO_1,C13ISRAELOPT,N
25108,J_NO_1,C13ISRAELREGION,N
25108,J_NO_1,C13ISRAELDISCRIMINATION,N
25108,J_NO_1,C13ISRAELNORMS,N
25108,J_NO_1,C13ISRAELCOMPARE,N
25108,J_NO_1,C14BDS,N
25108,J_NO_1,C15REASONABLE,N
25108,J_NO_1,C15DOUBLESTANDARD,N
1938,J_NO_1,C11PALESTINIANJUSTICE,N
1938,J_NO_1,C11PALESTINIANRIGHTS,N
1938,J_NO_1,C12ZIONCRITICAL,N
1938,J_NO_1,C12SOLUTIONS,N
1938,J_NO_1,C12EQUALRIGHTS,N
1938,J_NO_1,C13ISRAELEVIDENCE,N
1938,J_NO_1,C13ISRAELINSTITUTIONS,N
1938,J_NO_1,C13ISRAELPOLICIES,N
1938,J_NO_1,C13ISRAELOPT,N
1938,J_NO_1,C13ISRAELREGION,N
1938,J_NO_1,C13ISRAELDISCRIMINATION,N
1938,J_NO_1,C13ISRAELNORMS,N
1938,J_NO_1,C13ISRAELCOMPARE,N
1938,J_NO_1,C14BDS,N
1938,J_NO_1,C15REASONABLE,N
1938,J_NO_1,C15DOUBLESTANDARD,N
22907,J_NO_1,C11PALESTINIANJUSTICE,N
22907,J_NO_1,C11PALESTINIANRIGHTS,N
22907,J_NO_1,C12ZIONCRITICAL,N
22907,J_NO_1,C12SOLUTIONS,N
22907,J_NO_1,C12EQUALRIGHTS,N
22907,J_NO_1,C13ISRAELEVIDENCE,N
22907,J_NO_1,C13ISRAELINSTITUTIONS,N
22907,J_NO_1,C13ISRAELPOLICIES,N
22907,J_NO_1,C13ISRAELOPT,N
22907,J_NO_1,C13ISRAELREGION,N
22907,J_NO_1,C13ISRAELDISCRIMINATION,N
22907,J_NO_1,C13ISRAELNORMS,N
22907,J_NO_1,C13ISRAELCOMPARE,N
22907,J_NO_1,C14BDS,N
22907,J_NO_1,C15REASONABLE,N
22907,J_NO_1,C15DOUBLESTANDARD,N
17267,J_NO_1,C11PALESTINIANJUSTICE,N
17267,J_NO_1,C11PALESTINIANRIGHTS,N
17267,J_NO_1,C12ZIONCRITICAL,N
17267,J_NO_1,C12SOLUTIONS,N
17267,J_NO_1,C12EQUALRIGHTS,N
17267,J_NO_1,C13ISRAELEVIDENCE,N
17267,J_NO_1,C13ISRAELINSTITUTIONS,N
17267,J_NO_1,C13ISRAELPOLICIES,N
17267,J_NO_1,C13ISRAELOPT,N
17267,J_NO_1,C13ISRAELREGION,N
17267,J_NO_1,C13ISRAELDISCRIMINATION,N
17267,J_NO_1,C13ISRAELNORMS,N
17267,J_NO_1,C13ISRAELCOMPARE,N
17267,J_NO_1,C14BDS,N
17267,J_NO_1,C15REASONABLE,N
17267,J_NO_1,C15DOUBLESTANDARD,N
7988,J_NO_1,C11PALESTINIANJUSTICE,N
7988,J_NO_1,C11PALESTINIANRIGHTS,N
7988,J_NO_1,C12ZIONCRITICAL,N
7988,J_NO_1,C12SOLUTIONS,N
7988,J_NO_1,C12EQUALRIGHTS,N
7988,J_NO_1,C13ISRAELEVIDENCE,N
7988,J_NO_1,C13ISRAELINSTITUTIONS,N
7988,J_NO_1,C13ISRAELPOLICIES,N
7988,J_NO_1,C13ISRAELOPT,N
7988,J_NO_1,C13ISRAELREGION,N
7988,J_NO_1,C13ISRAELDISCRIMINATION,N
7988,J_NO_1,C13ISRAELNORMS,N
7988,J_NO_1,C13ISRAELCOMPARE,N
7988,J_NO_1,C14BDS,N
7988,J_NO_1,C15REASONABLE,N
7988,J_NO_1,C15DOUBLESTANDARD,N
29651,J_NO_1,C11PALESTINIANJUSTICE,N
29651,J_NO_1,C11PALESTINIANRIGHTS,N
29651,J_NO_1,C12ZIONCRITICAL,N
29651,J_NO_1,C12SOLUTIONS,N
29651,J_NO_1,C12EQUALRIGHTS,N
29651,J_NO_1,C13ISRAELEVIDENCE,N
29651,J_NO_1,C13ISRAELINSTITUTIONS,N
29651,J_NO_1,C13ISRAELPOLICIES,N
29651,J_NO_1,C13ISRAELOPT,N
29651,J_NO_1,C13ISRAELREGION,N
29651,J_NO_1,C13ISRAELDISCRIMINATION,N
29651,J_NO_1,C13ISRAELNORMS,N
29651,J_NO_1,C13ISRAELCOMPARE,N
29651,J_NO_1,C14BDS,N
29651,J_NO_1,C15REASONABLE,N
29651,J_NO_1,C15DOUBLESTANDARD,N
44747,J_NO_1,C11PALESTINIANJUSTICE,N
44747,J_NO_1,C11PALESTINIANRIGHTS,N
44747,J_NO_1,C12ZIONCRITICAL,N
44747,J_NO_1,C12SOLUTIONS,N
44747,J_NO_1,C12EQUALRIGHTS,N
44747,J_NO_1,C13ISRAELEVIDENCE,N
44747,J_NO_1,C13ISRAELINSTITUTIONS,N
44747,J_NO_1,C13ISRAELPOLICIES,N
44747,J_NO_1,C13ISRAELOPT,N
44747,J_NO_1,C13ISRAELREGION,N
44747,J_NO_1,C13ISRAELDISCRIMINATION,N
44747,J_NO_1,C13ISRAELNORMS,N
44747,J_NO_1,C13ISRAELCOMPARE,N
44747,J_NO_1,C14BDS,N
44747,J_NO_1,C15REASONABLE,N
44747,J_NO_1,C15DOUBLESTANDARD,N
12019,J_NO_1,C11PALESTINIANJUSTICE,N
12019,J_NO_1,C11PALESTINIANRIGHTS,N
12019,J_NO_1,C12ZIONCRITICAL,N
12019,J_NO_1,C12SOLUTIONS,N
12019,J_NO_1,C12EQUALRIGHTS,N
12019,J_NO_1,C13ISRAELEVIDENCE,N
12019,J_NO_1,C13ISRAELINSTITUTIONS,N
12019,J_NO_1,C13ISRAELPOLICIES,N
12019,J_NO_1,C13ISRAELOPT,N
12019,J_NO_1,C13ISRAELREGION,N
12019,J_NO_1,C13ISRAELDISCRIMINATION,N
12019,J_NO_1,C13ISRAELNORMS,N
12019,J_NO_1,C13ISRAELCOMPARE,N
12019,J_NO_1,C14BDS,N
12019,J_NO_1,C15REASONABLE,N
12019,J_NO_1,C15DOUBLESTANDARD,N
35257,J_NO_1,C11PALESTINIANJUSTICE,N
35257,J_NO_1,C11PALESTINIANRIGHTS,N
35257,J_NO_1,C12ZIONCRITICAL,N
35257,J_NO_1,C12SOLUTIONS,N
35257,J_NO_1,C12EQUALRIGHTS,N
35257,J_NO_1,C13ISRAELEVIDENCE,N
35257,J_NO_1,C13ISRAELINSTITUTIONS,N
35257,J_NO_1,C13ISRAELPOLICIES,N
35257,J_NO_1,C13ISRAELOPT,N
35257,J_NO_1,C13ISRAELREGION,N
35257,J_NO_1,C13ISRAELDISCRIMINATION,N
35257,J_NO_1,C13ISRAELNORMS,N
35257,J_NO_1,C13ISRAELCOMPARE,N
35257,J_NO_1,C14BDS,N
35257,J_NO_1,C15REASONABLE,N
35257,J_NO_1,C15DOUBLESTANDARD,N
269,J_NO_1,C11PALESTINIANJUSTICE,N
269,J_NO_1,C11PALESTINIANRIGHTS,N
269,J_NO_1,C12ZIONCRITICAL,N
269,J_NO_1,C12SOLUTIONS,N
269,J_NO_1,C12EQUALRIGHTS,N
269,J_NO_1,C13ISRAELEVIDENCE,N
269,J_NO_1,C13ISRAELINSTITUTIONS,N
269,J_NO_1,C13ISRAELPOLICIES,N
269,J_NO_1,C13ISRAELOPT,N
269,J_NO_1,C13ISRAELREGION,N
269,J_NO_1,C13ISRAELDISCRIMINATION,N
269,J_NO_1,C13ISRAELNORMS,N
269,J_NO_1,C13ISRAELCOMPARE,N
269,J_NO_1,C14BDS,N
269,J_NO_1,C15REASONABLE,N
269,J_NO_1,C15DOUBLESTANDARD,N
43993,J_NO_1,C11PALESTINIANJUSTICE,N
43993,J_NO_1,C11PALESTINIANRIGHTS,N
43993,J_NO_1,C12ZIONCRITICAL,N
43993,J_NO_1,C12SOLUTIONS,N
43993,J_NO_1,C12EQUALRIGHTS,N
43993,J_NO_1,C13ISRAELEVIDENCE,N
43993,J_NO_1,C13ISRAELINSTITUTIONS,N
43993,J_NO_1,C13ISRAELPOLICIES,N
43993,J_NO_1,C13ISRAELOPT,N
43993,J_NO_1,C13ISRAELREGION,N
43993,J_NO_1,C13ISRAELDISCRIMINATION,N
43993,J_NO_1,C13ISRAELNORMS,N
43993,J_NO_1,C13ISRAELCOMPARE,N
43993,J_NO_1,C14BDS,N
43993,J_NO_1,C15REASONABLE,N
43993,J_NO_1,C15DOUBLESTANDARD,N
3792,J_NO_1,C11PALESTINIANJUSTICE,N
3792,J_NO_1,C11PALESTINIANRIGHTS,N
3792,J_NO_1,C12ZIONCRITICAL,N
3792,J_NO_1,C12SOLUTIONS,N
3792,J_NO_1,C12EQUALRIGHTS,N
3792,J_NO_1,C13ISRAELEVIDENCE,N
3792,J_NO_1,C13ISRAELINSTITUTIONS,N
3792,J_NO_1,C13ISRAELPOLICIES,N
3792,J_NO_1,C13ISRAELOPT,N
3792,J_NO_1,C13ISRAELREGION,N
3792,J_NO_1,C13ISRAELDISCRIMINATION,N
3792,J_NO_1,C13ISRAELNORMS,N
3792,J_NO_1,C13ISRAELCOMPARE,N
3792,J_NO_1,C14BDS,N
3792,J_NO_1,C15REASONABLE,N
3792,J_NO_1,C15DOUBLESTANDARD,N
17184,J_NO_1,C11PALESTINIANJUSTICE,N
17184,J_NO_1,C11PALESTINIANRIGHTS,N
17184,J_NO_1,C12ZIONCRITICAL,N
17184,J_NO_1,C12SOLUTIONS,N
17184,J_NO_1,C12EQUALRIGHTS,N
17184,J_NO_1,C13ISRAELEVIDENCE,N
17184,J_NO_1,C13ISRAELINSTITUTIONS,N
17184,J_NO_1,C13ISRAELPOLICIES,N
17184,J_NO_1,C13ISRAELOPT,N
17184,J_NO_1,C13ISRAELREGION,N
17184,J_NO_1,C13ISRAELDISCRIMINATION,N
17184,J_NO_1,C13ISRAELNORMS,N
17184,J_NO_1,C13ISRAELCOMPARE,N
17184,J_NO_1,C14BDS,N
17184,J_NO_1,C15REASONABLE,N
17184,J_NO_1,C15DOUBLESTANDARD,N
25203,J_NO_1,C11PALESTINIANJUSTICE,N
25203,J_NO_1,C11PALESTINIANRIGHTS,N
25203,J_NO_1,C12ZIONCRITICAL,N
25203,J_NO_1,C12SOLUTIONS,N
25203,J_NO_1,C12EQUALRIGHTS,N
25203,J_NO_1,C13ISRAELEVIDENCE,N
25203,J_NO_1,C13ISRAELINSTITUTIONS,N
25203,J_NO_1,C13ISRAELPOLICIES,N
25203,J_NO_1,C13ISRAELOPT,N
25203,J_NO_1,C13ISRAELREGION,N
25203,J_NO_1,C13ISRAELDISCRIMINATION,N
25203,J_NO_1,C13ISRAELNORMS,N
25203,J_NO_1,C13ISRAELCOMPARE,N
25203,J_NO_1,C14BDS,N
25203,J_NO_1,C15REASONABLE,N
25203,J_NO_1,C15DOUBLESTANDARD,N
12743,J_NO_1,C11PALESTINIANJUSTICE,N
12743,J_NO_1,C11PALESTINIANRIGHTS,N
12743,J_NO_1,C12ZIONCRITICAL,N
12743,J_NO_1,C12SOLUTIONS,N
12743,J_NO_1,C12EQUALRIGHTS,N
12743,J_NO_1,C13ISRAELEVIDENCE,N
12743,J_NO_1,C13ISRAELINSTITUTIONS,N
12743,J_NO_1,C13ISRAELPOLICIES,N
12743,J_NO_1,C13ISRAELOPT,N
12743,J_NO_1,C13ISRAELREGION,N
12743,J_NO_1,C13ISRAELDISCRIMINATION,N
12743,J_NO_1,C13ISRAELNORMS,N
12743,J_NO_1,C13ISRAELCOMPARE,N
12743,J_NO_1,C14BDS,N
12743,J_NO_1,C15REASONABLE,N
12743,J_NO_1,C15DOUBLESTANDARD,N
11120,J_NO_1,C11PALESTINIANJUSTICE,N
11120,J_NO_1,C11PALESTINIANRIGHTS,N
11120,J_NO_1,C12ZIONCRITICAL,N
11120,J_NO_1,C12SOLUTIONS,N
11120,J_NO_1,C12EQUALRIGHTS,N
11120,J_NO_1,C13ISRAELEVIDENCE,N
11120,J_NO_1,C13ISRAELINSTITUTIONS,N
11120,J_NO_1,C13ISRAELPOLICIES,N
11120,J_NO_1,C13ISRAELOPT,N
11120,J_NO_1,C13ISRAELREGION,N
11120,J_NO_1,C13ISRAELDISCRIMINATION,N
11120,J_NO_1,C13ISRAELNORMS,N
11120,J_NO_1,C13ISRAELCOMPARE,N
11120,J_NO_1,C14BDS,N
11120,J_NO_1,C15REASONABLE,N
11120,J_NO_1,C15DOUBLESTANDARD,N
12071,J_NO_1,C11PALESTINIANJUSTICE,N
12071,J_NO_1,C11PALESTINIANRIGHTS,N
12071,J_NO_1,C12ZIONCRITICAL,N
12071,J_NO_1,C12SOLUTIONS,N
12071,J_NO_1,C12EQUALRIGHTS,N
12071,J_NO_1,C13ISRAELEVIDENCE,N
12071,J_NO_1,C13ISRAELINSTITUTIONS,N
12071,J_NO_1,C13ISRAELPOLICIES,N
12071,J_NO_1,C13ISRAELOPT,N
12071,J_NO_1,C13ISRAELREGION,N
12071,J_NO_1,C13ISRAELDISCRIMINATION,N
12071,J_NO_1,C13ISRAELNORMS,N
12071,J_NO_1,C13ISRAELCOMPARE,N
12071,J_NO_1,C14BDS,N
12071,J_NO_1,C15REASONABLE,N
12071,J_NO_1,C15DOUBLESTANDARD,N
30715,J_NO_1,C11PALESTINIANJUSTICE,N
30715,J_NO_1,C11PALESTINIANRIGHTS,N
30715,J_NO_1,C12ZIONCRITICAL,N
30715,J_NO_1,C12SOLUTIONS,N
30715,J_NO_1,C12EQUALRIGHTS,N
30715,J_NO_1,C13ISRAELEVIDENCE,N
30715,J_NO_1,C13ISRAELINSTITUTIONS,N
30715,J_NO_1,C13ISRAELPOLICIES,N
30715,J_NO_1,C13ISRAELOPT,N
30715,J_NO_1,C13ISRAELREGION,N
30715,J_NO_1,C13ISRAELDISCRIMINATION,N
30715,J_NO_1,C13ISRAELNORMS,N
30715,J_NO_1,C13ISRAELCOMPARE,N
30715,J_NO_1,C14BDS,N
30715,J_NO_1,C15REASONABLE,N
30715,J_NO_1,C15DOUBLESTANDARD,N
8130,J_NO_1,C11PALESTINIANJUSTICE,N
8130,J_NO_1,C11PALESTINIANRIGHTS,N
8130,J_NO_1,C12ZIONCRITICAL,N
8130,J_NO_1,C12SOLUTIONS,N
8130,J_NO_1,C12EQUALRIGHTS,N
8130,J_NO_1,C13ISRAELEVIDENCE,N
8130,J_NO_1,C13ISRAELINSTITUTIONS,N
8130,J_NO_1,C13ISRAELPOLICIES,N
8130,J_NO_1,C13ISRAELOPT,N
8130,J_NO_1,C13ISRAELREGION,N
8130,J_NO_1,C13ISRAELDISCRIMINATION,N
8130,J_NO_1,C13ISRAELNORMS,N
8130,J_NO_1,C13ISRAELCOMPARE,N
8130,J_NO_1,C14BDS,N
8130,J_NO_1,C15REASONABLE,N
8130,J_NO_1,C15DOUBLESTANDARD,N
43483,J_NO_1,C11PALESTINIANJUSTICE,N
43483,J_NO_1,C11PALESTINIANRIGHTS,N
43483,J_NO_1,C12ZIONCRITICAL,N
43483,J_NO_1,C12SOLUTIONS,N
43483,J_NO_1,C12EQUALRIGHTS,N
43483,J_NO_1,C13ISRAELEVIDENCE,N
43483,J_NO_1,C13ISRAELINSTITUTIONS,N
43483,J_NO_1,C13ISRAELPOLICIES,N
43483,J_NO_1,C13ISRAELOPT,N
43483,J_NO_1,C13ISRAELREGION,N
43483,J_NO_1,C13ISRAELDISCRIMINATION,N
43483,J_NO_1,C13ISRAELNORMS,N
43483,J_NO_1,C13ISRAELCOMPARE,N
43483,J_NO_1,C14BDS,N
43483,J_NO_1,C15REASONABLE,N
43483,J_NO_1,C15DOUBLESTANDARD,N
32948,J_NO_1,C11PALESTINIANJUSTICE,N
32948,J_NO_1,C11PALESTINIANRIGHTS,N
32948,J_NO_1,C12ZIONCRITICAL,N
32948,J_NO_1,C12SOLUTIONS,N
32948,J_NO_1,C12EQUALRIGHTS,N
32948,J_NO_1,C13ISRAELEVIDENCE,N
32948,J_NO_1,C13ISRAELINSTITUTIONS,N
32948,J_NO_1,C13ISRAELPOLICIES,N
32948,J_NO_1,C13ISRAELOPT,N
32948,J_NO_1,C13ISRAELREGION,N
32948,J_NO_1,C13ISRAELDISCRIMINATION,N
32948,J_NO_1,C13ISRAELNORMS,N
32948,J_NO_1,C13ISRAELCOMPARE,N
32948,J_NO_1,C14BDS,N
32948,J_NO_1,C15REASONABLE,N
32948,J_NO_1,C15DOUBLESTANDARD,N
33666,J_NO_1,C11PALESTINIANJUSTICE,N
33666,J_NO_1,C11PALESTINIANRIGHTS,N
33666,J_NO_1,C12ZIONCRITICAL,N
33666,J_NO_1,C12SOLUTIONS,N
33666,J_NO_1,C12EQUALRIGHTS,N
33666,J_NO_1,C13ISRAELEVIDENCE,N
33666,J_NO_1,C13ISRAELINSTITUTIONS,N
33666,J_NO_1,C13ISRAELPOLICIES,N
33666,J_NO_1,C13ISRAELOPT,N
33666,J_NO_1,C13ISRAELREGION,N
33666,J_NO_1,C13ISRAELDISCRIMINATION,N
33666,J_NO_1,C13ISRAELNORMS,N
33666,J_NO_1,C13ISRAELCOMPARE,N
33666,J_NO_1,C14BDS,N
33666,J_NO_1,C15REASONABLE,N
33666,J_NO_1,C15DOUBLESTANDARD,N
9466,J_NO_1,C11PALESTINIANJUSTICE,N
9466,J_NO_1,C11PALESTINIANRIGHTS,N
9466,J_NO_1,C12ZIONCRITICAL,N
9466,J_NO_1,C12SOLUTIONS,N
9466,J_NO_1,C12EQUALRIGHTS,N
9466,J_NO_1,C13ISRAELEVIDENCE,N
9466,J_NO_1,C13ISRAELINSTITUTIONS,N
9466,J_NO_1,C13ISRAELPOLICIES,N
9466,J_NO_1,C13ISRAELOPT,N
9466,J_NO_1,C13ISRAELREGION,N
9466,J_NO_1,C13ISRAELDISCRIMINATION,N
9466,J_NO_1,C13ISRAELNORMS,N
9466,J_NO_1,C13ISRAELCOMPARE,N
9466,J_NO_1,C14BDS,N
9466,J_NO_1,C15REASONABLE,N
9466,J_NO_1,C15DOUBLESTANDARD,N
16556,J_NO_1,C11PALESTINIANJUSTICE,N
16556,J_NO_1,C11PALESTINIANRIGHTS,N
16556,J_NO_1,C12ZIONCRITICAL,N
16556,J_NO_1,C12SOLUTIONS,N
16556,J_NO_1,C12EQUALRIGHTS,N
16556,J_NO_1,C13ISRAELEVIDENCE,N
16556,J_NO_1,C13ISRAELINSTITUTIONS,N
16556,J_NO_1,C13ISRAELPOLICIES,N
16556,J_NO_1,C13ISRAELOPT,N
16556,J_NO_1,C13ISRAELREGION,N
16556,J_NO_1,C13ISRAELDISCRIMINATION,N
16556,J_NO_1,C13ISRAELNORMS,N
16556,J_NO_1,C13ISRAELCOMPARE,N
16556,J_NO_1,C14BDS,N
16556,J_NO_1,C15REASONABLE,I
16556,J_NO_1,C15DOUBLESTANDARD,N
45811,J_NO_1,C11PALESTINIANJUSTICE,N
45811,J_NO_1,C11PALESTINIANRIGHTS,N
45811,J_NO_1,C12ZIONCRITICAL,N
45811,J_NO_1,C12SOLUTIONS,N
45811,J_NO_1,C12EQUALRIGHTS,N
45811,J_NO_1,C13ISRAELEVIDENCE,N
45811,J_NO_1,C13ISRAELINSTITUTIONS,N
45811,J_NO_1,C13ISRAELPOLICIES,N
45811,J_NO_1,C13ISRAELOPT,N
45811,J_NO_1,C13ISRAELREGION,N
45811,J_NO_1,C13ISRAELDISCRIMINATION,N
45811,J_NO_1,C13ISRAELNORMS,N
45811,J_NO_1,C13ISRAELCOMPARE,N
45811,J_NO_1,C14BDS,N
45811,J_NO_1,C15REASONABLE,N
45811,J_NO_1,C15DOUBLESTANDARD,N
14626,J_NO_1,C11PALESTINIANJUSTICE,N
14626,J_NO_1,C11PALESTINIANRIGHTS,N
14626,J_NO_1,C12ZIONCRITICAL,N
14626,J_NO_1,C12SOLUTIONS,N
14626,J_NO_1,C12EQUALRIGHTS,N
14626,J_NO_1,C13ISRAELEVIDENCE,N
14626,J_NO_1,C13ISRAELINSTITUTIONS,N
14626,J_NO_1,C13ISRAELPOLICIES,N
14626,J_NO_1,C13ISRAELOPT,N
14626,J_NO_1,C13ISRAELREGION,N
14626,J_NO_1,C13ISRAELDISCRIMINATION,N
14626,J_NO_1,C13ISRAELNORMS,N
14626,J_NO_1,C13ISRAELCOMPARE,N
14626,J_NO_1,C14BDS,N
14626,J_NO_1,C15REASONABLE,N
14626,J_NO_1,C15DOUBLESTANDARD,N
15324,J_NO_1,C11PALESTINIANJUSTICE,N
15324,J_NO_1,C11PALESTINIANRIGHTS,N
15324,J_NO_1,C12ZIONCRITICAL,A
15324,J_NO_1,C12SOLUTIONS,N
15324,J_NO_1,C12EQUALRIGHTS,N
15324,J_NO_1,C13ISRAELEVIDENCE,N
15324,J_NO_1,C13ISRAELINSTITUTIONS,I
15324,J_NO_1,C13ISRAELPOLICIES,N
15324,J_NO_1,C13ISRAELOPT,N
15324,J_NO_1,C13ISRAELREGION,N
15324,J_NO_1,C13ISRAELDISCRIMINATION,N
15324,J_NO_1,C13ISRAELNORMS,N
15324,J_NO_1,C13ISRAELCOMPARE,N
15324,J_NO_1,C14BDS,N
15324,J_NO_1,C15REASONABLE,N
15324,J_NO_1,C15DOUBLESTANDARD,N
13484,J_NO_1,C11PALESTINIANJUSTICE,N
13484,J_NO_1,C11PALESTINIANRIGHTS,N
13484,J_NO_1,C12ZIONCRITICAL,N
13484,J_NO_1,C12SOLUTIONS,N
13484,J_NO_1,C12EQUALRIGHTS,N
13484,J_NO_1,C13ISRAELEVIDENCE,N
13484,J_NO_1,C13ISRAELINSTITUTIONS,N
13484,J_NO_1,C13ISRAELPOLICIES,N
13484,J_NO_1,C13ISRAELOPT,N
13484,J_NO_1,C13ISRAELREGION,N
13484,J_NO_1,C13ISRAELDISCRIMINATION,N
13484,J_NO_1,C13ISRAELNORMS,N
13484,J_NO_1,C13ISRAELCOMPARE,N
13484,J_NO_1,C14BDS,N
13484,J_NO_1,C15REASONABLE,N
13484,J_NO_1,C15DOUBLESTANDARD,N
18123,J_NO_1,C11PALESTINIANJUSTICE,N
18123,J_NO_1,C11PALESTINIANRIGHTS,N
18123,J_NO_1,C12ZIONCRITICAL,N
18123,J_NO_1,C12SOLUTIONS,N
18123,J_NO_1,C12EQUALRIGHTS,N
18123,J_NO_1,C13ISRAELEVIDENCE,N
18123,J_NO_1,C13ISRAELINSTITUTIONS,N
18123,J_NO_1,C13ISRAELPOLICIES,N
18123,J_NO_1,C13ISRAELOPT,N
18123,J_NO_1,C13ISRAELREGION,N
18123,J_NO_1,C13ISRAELDISCRIMINATION,N
18123,J_NO_1,C13ISRAELNORMS,N
18123,J_NO_1,C13ISRAELCOMPARE,N
18123,J_NO_1,C14BDS,N
18123,J_NO_1,C15REASONABLE,N
18123,J_NO_1,C15DOUBLESTANDARD,N
14117,J_NO_1,C11PALESTINIANJUSTICE,N
14117,J_NO_1,C11PALESTINIANRIGHTS,N
14117,J_NO_1,C12ZIONCRITICAL,N
14117,J_NO_1,C12SOLUTIONS,N
14117,J_NO_1,C12EQUALRIGHTS,N
14117,J_NO_1,C13ISRAELEVIDENCE,N
14117,J_NO_1,C13ISRAELINSTITUTIONS,N
14117,J_NO_1,C13ISRAELPOLICIES,N
14117,J_NO_1,C13ISRAELOPT,N
14117,J_NO_1,C13ISRAELREGION,N
14117,J_NO_1,C13ISRAELDISCRIMINATION,N
14117,J_NO_1,C13ISRAELNORMS,N
14117,J_NO_1,C13ISRAELCOMPARE,N
14117,J_NO_1,C14BDS,N
14117,J_NO_1,C15REASONABLE,N
14117,J_NO_1,C15DOUBLESTANDARD,N
45775,J_NO_1,C11PALESTINIANJUSTICE,N
45775,J_NO_1,C11PALESTINIANRIGHTS,N
45775,J_NO_1,C12ZIONCRITICAL,N
45775,J_NO_1,C12SOLUTIONS,N
45775,J_NO_1,C12EQUALRIGHTS,N
45775,J_NO_1,C13ISRAELEVIDENCE,N
45775,J_NO_1,C13ISRAELINSTITUTIONS,N
45775,J_NO_1,C13ISRAELPOLICIES,N
45775,J_NO_1,C13ISRAELOPT,N
45775,J_NO_1,C13ISRAELREGION,N
45775,J_NO_1,C13ISRAELDISCRIMINATION,N
45775,J_NO_1,C13ISRAELNORMS,N
45775,J_NO_1,C13ISRAELCOMPARE,N
45775,J_NO_1,C14BDS,N
45775,J_NO_1,C15REASONABLE,N
45775,J_NO_1,C15DOUBLESTANDARD,N
36621,J_NO_1,C11PALESTINIANJUSTICE,N
36621,J_NO_1,C11PALESTINIANRIGHTS,N
36621,J_NO_1,C12ZIONCRITICAL,N
36621,J_NO_1,C12SOLUTIONS,N
36621,J_NO_1,C12EQUALRIGHTS,N
36621,J_NO_1,C13ISRAELEVIDENCE,N
36621,J_NO_1,C13ISRAELINSTITUTIONS,N
36621,J_NO_1,C13ISRAELPOLICIES,N
36621,J_NO_1,C13ISRAELOPT,N
36621,J_NO_1,C13ISRAELREGION,N
36621,J_NO_1,C13ISRAELDISCRIMINATION,N
36621,J_NO_1,C13ISRAELNORMS,N
36621,J_NO_1,C13ISRAELCOMPARE,N
36621,J_NO_1,C14BDS,N
36621,J_NO_1,C15REASONABLE,N
36621,J_NO_1,C15DOUBLESTANDARD,N
30044,J_NO_1,C11PALESTINIANJUSTICE,N
30044,J_NO_1,C11PALESTINIANRIGHTS,N
30044,J_NO_1,C12ZIONCRITICAL,N
30044,J_NO_1,C12SOLUTIONS,N
30044,J_NO_1,C12EQUALRIGHTS,N
30044,J_NO_1,C13ISRAELEVIDENCE,N
30044,J_NO_1,C13ISRAELINSTITUTIONS,N
30044,J_NO_1,C13ISRAELPOLICIES,N
30044,J_NO_1,C13ISRAELOPT,N
30044,J_NO_1,C13ISRAELREGION,N
30044,J_NO_1,C13ISRAELDISCRIMINATION,N
30044,J_NO_1,C13ISRAELNORMS,N
30044,J_NO_1,C13ISRAELCOMPARE,N
30044,J_NO_1,C14BDS,N
30044,J_NO_1,C15REASONABLE,E
30044,J_NO_1,C15DOUBLESTANDARD,E
21585,J_NO_1,C11PALESTINIANJUSTICE,N
21585,J_NO_1,C11PALESTINIANRIGHTS,N
21585,J_NO_1,C12ZIONCRITICAL,N
21585,J_NO_1,C12SOLUTIONS,N
21585,J_NO_1,C12EQUALRIGHTS,N
21585,J_NO_1,C13ISRAELEVIDENCE,N
21585,J_NO_1,C13ISRAELINSTITUTIONS,N
21585,J_NO_1,C13ISRAELPOLICIES,N
21585,J_NO_1,C13ISRAELOPT,N
21585,J_NO_1,C13ISRAELREGION,N
21585,J_NO_1,C13ISRAELDISCRIMINATION,N
21585,J_NO_1,C13ISRAELNORMS,N
21585,J_NO_1,C13ISRAELCOMPARE,N
21585,J_NO_1,C14BDS,N
21585,J_NO_1,C15REASONABLE,N
21585,J_NO_1,C15DOUBLESTANDARD,N
49450,J_NO_1,C11PALESTINIANJUSTICE,N
49450,J_NO_1,C11PALESTINIANRIGHTS,N
49450,J_NO_1,C12ZIONCRITICAL,N
49450,J_NO_1,C12SOLUTIONS,N
49450,J_NO_1,C12EQUALRIGHTS,N
49450,J_NO_1,C13ISRAELEVIDENCE,N
49450,J_NO_1,C13ISRAELINSTITUTIONS,N
49450,J_NO_1,C13ISRAELPOLICIES,N
49450,J_NO_1,C13ISRAELOPT,N
49450,J_NO_1,C13ISRAELREGION,N
49450,J_NO_1,C13ISRAELDISCRIMINATION,N
49450,J_NO_1,C13ISRAELNORMS,N
49450,J_NO_1,C13ISRAELCOMPARE,N
49450,J_NO_1,C14BDS,N
49450,J_NO_1,C15REASONABLE,N
49450,J_NO_1,C15DOUBLESTANDARD,N
17090,J_NO_1,C11PALESTINIANJUSTICE,N
17090,J_NO_1,C11PALESTINIANRIGHTS,N
17090,J_NO_1,C12ZIONCRITICAL,N
17090,J_NO_1,C12SOLUTIONS,N
17090,J_NO_1,C12EQUALRIGHTS,N
17090,J_NO_1,C13ISRAELEVIDENCE,N
17090,J_NO_1,C13ISRAELINSTITUTIONS,N
17090,J_NO_1,C13ISRAELPOLICIES,N
17090,J_NO_1,C13ISRAELOPT,N
17090,J_NO_1,C13ISRAELREGION,N
17090,J_NO_1,C13ISRAELDISCRIMINATION,N
17090,J_NO_1,C13ISRAELNORMS,N
17090,J_NO_1,C13ISRAELCOMPARE,N
17090,J_NO_1,C14BDS,N
17090,J_NO_1,C15REASONABLE,N
17090,J_NO_1,C15DOUBLESTANDARD,N
40964,J_NO_1,C11PALESTINIANJUSTICE,N
40964,J_NO_1,C11PALESTINIANRIGHTS,N
40964,J_NO_1,C12ZIONCRITICAL,N
40964,J_NO_1,C12SOLUTIONS,N
40964,J_NO_1,C12EQUALRIGHTS,N
40964,J_NO_1,C13ISRAELEVIDENCE,N
40964,J_NO_1,C13ISRAELINSTITUTIONS,N
40964,J_NO_1,C13ISRAELPOLICIES,N
40964,J_NO_1,C13ISRAELOPT,N
40964,J_NO_1,C13ISRAELREGION,N
40964,J_NO_1,C13ISRAELDISCRIMINATION,N
40964,J_NO_1,C13ISRAELNORMS,N
40964,J_NO_1,C13ISRAELCOMPARE,N
40964,J_NO_1,C14BDS,N
40964,J_NO_1,C15REASONABLE,N
40964,J_NO_1,C15DOUBLESTANDARD,N
20576,J_NO_1,C11PALESTINIANJUSTICE,N
20576,J_NO_1,C11PALESTINIANRIGHTS,N
20576,J_NO_1,C12ZIONCRITICAL,N
20576,J_NO_1,C12SOLUTIONS,N
20576,J_NO_1,C12EQUALRIGHTS,N
20576,J_NO_1,C13ISRAELEVIDENCE,N
20576,J_NO_1,C13ISRAELINSTITUTIONS,N
20576,J_NO_1,C13ISRAELPOLICIES,N
20576,J_NO_1,C13ISRAELOPT,N
20576,J_NO_1,C13ISRAELREGION,N
20576,J_NO_1,C13ISRAELDISCRIMINATION,N
20576,J_NO_1,C13ISRAELNORMS,N
20576,J_NO_1,C13ISRAELCOMPARE,N
20576,J_NO_1,C14BDS,N
20576,J_NO_1,C15REASONABLE,N
20576,J_NO_1,C15DOUBLESTANDARD,N
31557,J_NO_1,C11PALESTINIANJUSTICE,N
31557,J_NO_1,C11PALESTINIANRIGHTS,N
31557,J_NO_1,C12ZIONCRITICAL,N
31557,J_NO_1,C12SOLUTIONS,N
31557,J_NO_1,C12EQUALRIGHTS,N
31557,J_NO_1,C13ISRAELEVIDENCE,N
31557,J_NO_1,C13ISRAELINSTITUTIONS,N
31557,J_NO_1,C13ISRAELPOLICIES,N
31557,J_NO_1,C13ISRAELOPT,N
31557,J_NO_1,C13ISRAELREGION,N
31557,J_NO_1,C13ISRAELDISCRIMINATION,N
31557,J_NO_1,C13ISRAELNORMS,N
31557,J_NO_1,C13ISRAELCOMPARE,N
31557,J_NO_1,C14BDS,N
31557,J_NO_1,C15REASONABLE,N
31557,J_NO_1,C15DOUBLESTANDARD,N
12924,J_NO_1,C11PALESTINIANJUSTICE,N
12924,J_NO_1,C11PALESTINIANRIGHTS,N
12924,J_NO_1,C12ZIONCRITICAL,N
12924,J_NO_1,C12SOLUTIONS,N
12924,J_NO_1,C12EQUALRIGHTS,N
12924,J_NO_1,C13ISRAELEVIDENCE,N
12924,J_NO_1,C13ISRAELINSTITUTIONS,N
12924,J_NO_1,C13ISRAELPOLICIES,N
12924,J_NO_1,C13ISRAELOPT,N
12924,J_NO_1,C13ISRAELREGION,N
12924,J_NO_1,C13ISRAELDISCRIMINATION,N
12924,J_NO_1,C13ISRAELNORMS,N
12924,J_NO_1,C13ISRAELCOMPARE,N
12924,J_NO_1,C14BDS,N
12924,J_NO_1,C15REASONABLE,N
12924,J_NO_1,C15DOUBLESTANDARD,N
20833,J_NO_1,C11PALESTINIANJUSTICE,N
20833,J_NO_1,C11PALESTINIANRIGHTS,N
20833,J_NO_1,C12ZIONCRITICAL,N
20833,J_NO_1,C12SOLUTIONS,N
20833,J_NO_1,C12EQUALRIGHTS,N
20833,J_NO_1,C13ISRAELEVIDENCE,N
20833,J_NO_1,C13ISRAELINSTITUTIONS,N
20833,J_NO_1,C13ISRAELPOLICIES,N
20833,J_NO_1,C13ISRAELOPT,N
20833,J_NO_1,C13ISRAELREGION,N
20833,J_NO_1,C13ISRAELDISCRIMINATION,N
20833,J_NO_1,C13ISRAELNORMS,N
20833,J_NO_1,C13ISRAELCOMPARE,N
20833,J_NO_1,C14BDS,N
20833,J_NO_1,C15REASONABLE,N
20833,J_NO_1,C15DOUBLESTANDARD,N
39792,J_NO_1,C11PALESTINIANJUSTICE,N
39792,J_NO_1,C11PALESTINIANRIGHTS,N
39792,J_NO_1,C12ZIONCRITICAL,N
39792,J_NO_1,C12SOLUTIONS,N
39792,J_NO_1,C12EQUALRIGHTS,N
39792,J_NO_1,C13ISRAELEVIDENCE,N
39792,J_NO_1,C13ISRAELINSTITUTIONS,N
39792,J_NO_1,C13ISRAELPOLICIES,N
39792,J_NO_1,C13ISRAELOPT,N
39792,J_NO_1,C13ISRAELREGION,N
39792,J_NO_1,C13ISRAELDISCRIMINATION,N
39792,J_NO_1,C13ISRAELNORMS,N
39792,J_NO_1,C13ISRAELCOMPARE,N
39792,J_NO_1,C14BDS,N
39792,J_NO_1,C15REASONABLE,N
39792,J_NO_1,C15DOUBLESTANDARD,N
19557,J_NO_1,C11PALESTINIANJUSTICE,N
19557,J_NO_1,C11PALESTINIANRIGHTS,N
19557,J_NO_1,C12ZIONCRITICAL,N
19557,J_NO_1,C12SOLUTIONS,N
19557,J_NO_1,C12EQUALRIGHTS,N
19557,J_NO_1,C13ISRAELEVIDENCE,N
19557,J_NO_1,C13ISRAELINSTITUTIONS,N
19557,J_NO_1,C13ISRAELPOLICIES,N
19557,J_NO_1,C13ISRAELOPT,N
19557,J_NO_1,C13ISRAELREGION,N
19557,J_NO_1,C13ISRAELDISCRIMINATION,N
19557,J_NO_1,C13ISRAELNORMS,N
19557,J_NO_1,C13ISRAELCOMPARE,N
19557,J_NO_1,C14BDS,N
19557,J_NO_1,C15REASONABLE,N
19557,J_NO_1,C15DOUBLESTANDARD,N
14861,J_NO_1,C11PALESTINIANJUSTICE,N
14861,J_NO_1,C11PALESTINIANRIGHTS,N
14861,J_NO_1,C12ZIONCRITICAL,N
14861,J_NO_1,C12SOLUTIONS,N
14861,J_NO_1,C12EQUALRIGHTS,N
14861,J_NO_1,C13ISRAELEVIDENCE,N
14861,J_NO_1,C13ISRAELINSTITUTIONS,N
14861,J_NO_1,C13ISRAELPOLICIES,N
14861,J_NO_1,C13ISRAELOPT,N
14861,J_NO_1,C13ISRAELREGION,N
14861,J_NO_1,C13ISRAELDISCRIMINATION,N
14861,J_NO_1,C13ISRAELNORMS,N
14861,J_NO_1,C13ISRAELCOMPARE,N
14861,J_NO_1,C14BDS,N
14861,J_NO_1,C15REASONABLE,N
14861,J_NO_1,C15DOUBLESTANDARD,N
41587,J_NO_1,C11PALESTINIANJUSTICE,N
41587,J_NO_1,C11PALESTINIANRIGHTS,N
41587,J_NO_1,C12ZIONCRITICAL,N
41587,J_NO_1,C12SOLUTIONS,N
41587,J_NO_1,C12EQUALRIGHTS,N
41587,J_NO_1,C13ISRAELEVIDENCE,N
41587,J_NO_1,C13ISRAELINSTITUTIONS,N
41587,J_NO_1,C13ISRAELPOLICIES,N
41587,J_NO_1,C13ISRAELOPT,N
41587,J_NO_1,C13ISRAELREGION,N
41587,J_NO_1,C13ISRAELDISCRIMINATION,N
41587,J_NO_1,C13ISRAELNORMS,N
41587,J_NO_1,C13ISRAELCOMPARE,N
41587,J_NO_1,C14BDS,N
41587,J_NO_1,C15REASONABLE,N
41587,J_NO_1,C15DOUBLESTANDARD,N
27507,J_NO_1,C11PALESTINIANJUSTICE,N
27507,J_NO_1,C11PALESTINIANRIGHTS,N
27507,J_NO_1,C12ZIONCRITICAL,N
27507,J_NO_1,C12SOLUTIONS,N
27507,J_NO_1,C12EQUALRIGHTS,N
27507,J_NO_1,C13ISRAELEVIDENCE,N
27507,J_NO_1,C13ISRAELINSTITUTIONS,N
27507,J_NO_1,C13ISRAELPOLICIES,N
27507,J_NO_1,C13ISRAELOPT,N
27507,J_NO_1,C13ISRAELREGION,N
27507,J_NO_1,C13ISRAELDISCRIMINATION,N
27507,J_NO_1,C13ISRAELNORMS,N
27507,J_NO_1,C13ISRAELCOMPARE,N
27507,J_NO_1,C14BDS,N
27507,J_NO_1,C15REASONABLE,N
27507,J_NO_1,C15DOUBLESTANDARD,N
12248,J_NO_1,C11PALESTINIANJUSTICE,N
12248,J_NO_1,C11PALESTINIANRIGHTS,N
12248,J_NO_1,C12ZIONCRITICAL,N
12248,J_NO_1,C12SOLUTIONS,N
12248,J_NO_1,C12EQUALRIGHTS,N
12248,J_NO_1,C13ISRAELEVIDENCE,N
12248,J_NO_1,C13ISRAELINSTITUTIONS,N
12248,J_NO_1,C13ISRAELPOLICIES,N
12248,J_NO_1,C13ISRAELOPT,N
12248,J_NO_1,C13ISRAELREGION,N
12248,J_NO_1,C13ISRAELDISCRIMINATION,N
12248,J_NO_1,C13ISRAELNORMS,N
12248,J_NO_1,C13ISRAELCOMPARE,N
12248,J_NO_1,C14BDS,N
12248,J_NO_1,C15REASONABLE,N
12248,J_NO_1,C15DOUBLESTANDARD,N
41883,J_NO_1,C11PALESTINIANJUSTICE,N
41883,J_NO_1,C11PALESTINIANRIGHTS,N
41883,J_NO_1,C12ZIONCRITICAL,N
41883,J_NO_1,C12SOLUTIONS,N
41883,J_NO_1,C12EQUALRIGHTS,N
41883,J_NO_1,C13ISRAELEVIDENCE,N
41883,J_NO_1,C13ISRAELINSTITUTIONS,N
41883,J_NO_1,C13ISRAELPOLICIES,N
41883,J_NO_1,C13ISRAELOPT,N
41883,J_NO_1,C13ISRAELREGION,N
41883,J_NO_1,C13ISRAELDISCRIMINATION,N
41883,J_NO_1,C13ISRAELNORMS,N
41883,J_NO_1,C13ISRAELCOMPARE,N
41883,J_NO_1,C14BDS,N
41883,J_NO_1,C15REASONABLE,N
41883,J_NO_1,C15DOUBLESTANDARD,N
43754,J_NO_1,C11PALESTINIANJUSTICE,N
43754,J_NO_1,C11PALESTINIANRIGHTS,N
43754,J_NO_1,C12ZIONCRITICAL,N
43754,J_NO_1,C12SOLUTIONS,N
43754,J_NO_1,C12EQUALRIGHTS,N
43754,J_NO_1,C13ISRAELEVIDENCE,N
43754,J_NO_1,C13ISRAELINSTITUTIONS,N
43754,J_NO_1,C13ISRAELPOLICIES,N
43754,J_NO_1,C13ISRAELOPT,N
43754,J_NO_1,C13ISRAELREGION,N
43754,J_NO_1,C13ISRAELDISCRIMINATION,N
43754,J_NO_1,C13ISRAELNORMS,N
43754,J_NO_1,C13ISRAELCOMPARE,N
43754,J_NO_1,C14BDS,N
43754,J_NO_1,C15REASONABLE,N
43754,J_NO_1,C15DOUBLESTANDARD,N
1390,J_NO_1,C11PALESTINIANJUSTICE,N
1390,J_NO_1,C11PALESTINIANRIGHTS,N
1390,J_NO_1,C12ZIONCRITICAL,N
1390,J_NO_1,C12SOLUTIONS,N
1390,J_NO_1,C12EQUALRIGHTS,N
1390,J_NO_1,C13ISRAELEVIDENCE,N
1390,J_NO_1,C13ISRAELINSTITUTIONS,N
1390,J_NO_1,C13ISRAELPOLICIES,N
1390,J_NO_1,C13ISRAELOPT,N
1390,J_NO_1,C13ISRAELREGION,N
1390,J_NO_1,C13ISRAELDISCRIMINATION,N
1390,J_NO_1,C13ISRAELNORMS,N
1390,J_NO_1,C13ISRAELCOMPARE,N
1390,J_NO_1,C14BDS,N
1390,J_NO_1,C15REASONABLE,N
1390,J_NO_1,C15DOUBLESTANDARD,N
23182,J_NO_1,C11PALESTINIANJUSTICE,N
23182,J_NO_1,C11PALESTINIANRIGHTS,N
23182,J_NO_1,C12ZIONCRITICAL,N
23182,J_NO_1,C12SOLUTIONS,N
23182,J_NO_1,C12EQUALRIGHTS,N
23182,J_NO_1,C13ISRAELEVIDENCE,N
23182,J_NO_1,C13ISRAELINSTITUTIONS,N
23182,J_NO_1,C13ISRAELPOLICIES,N
23182,J_NO_1,C13ISRAELOPT,N
23182,J_NO_1,C13ISRAELREGION,N
23182,J_NO_1,C13ISRAELDISCRIMINATION,N
23182,J_NO_1,C13ISRAELNORMS,N
23182,J_NO_1,C13ISRAELCOMPARE,N
23182,J_NO_1,C14BDS,N
23182,J_NO_1,C15REASONABLE,N
23182,J_NO_1,C15DOUBLESTANDARD,N
3076,J_NO_1,C11PALESTINIANJUSTICE,N
3076,J_NO_1,C11PALESTINIANRIGHTS,N
3076,J_NO_1,C12ZIONCRITICAL,N
3076,J_NO_1,C12SOLUTIONS,N
3076,J_NO_1,C12EQUALRIGHTS,N
3076,J_NO_1,C13ISRAELEVIDENCE,N
3076,J_NO_1,C13ISRAELINSTITUTIONS,N
3076,J_NO_1,C13ISRAELPOLICIES,N
3076,J_NO_1,C13ISRAELOPT,N
3076,J_NO_1,C13ISRAELREGION,N
3076,J_NO_1,C13ISRAELDISCRIMINATION,N
3076,J_NO_1,C13ISRAELNORMS,N
3076,J_NO_1,C13ISRAELCOMPARE,N
3076,J_NO_1,C14BDS,N
3076,J_NO_1,C15REASONABLE,N
3076,J_NO_1,C15DOUBLESTANDARD,N
48806,J_NO_1,C11PALESTINIANJUSTICE,A
48806,J_NO_1,C11PALESTINIANRIGHTS,A
48806,J_NO_1,C12ZIONCRITICAL,N
48806,J_NO_1,C12SOLUTIONS,A
48806,J_NO_1,C12EQUALRIGHTS,A
48806,J_NO_1,C13ISRAELEVIDENCE,N
48806,J_NO_1,C13ISRAELINSTITUTIONS,N
48806,J_NO_1,C13ISRAELPOLICIES,N
48806,J_NO_1,C13ISRAELOPT,N
48806,J_NO_1,C13ISRAELREGION,N
48806,J_NO_1,C13ISRAELDISCRIMINATION,A
48806,J_NO_1,C13ISRAELNORMS,N
48806,J_NO_1,C13ISRAELCOMPARE,N
48806,J_NO_1,C14BDS,N
48806,J_NO_1,C15REASONABLE,N
48806,J_NO_1,C15DOUBLESTANDARD,N
20068,J_NO_1,C11PALESTINIANJUSTICE,N
20068,J_NO_1,C11PALESTINIANRIGHTS,N
20068,J_NO_1,C12ZIONCRITICAL,N
20068,J_NO_1,C12SOLUTIONS,N
20068,J_NO_1,C12EQUALRIGHTS,N
20068,J_NO_1,C13ISRAELEVIDENCE,N
20068,J_NO_1,C13ISRAELINSTITUTIONS,N
20068,J_NO_1,C13ISRAELPOLICIES,N
20068,J_NO_1,C13ISRAELOPT,N
20068,J_NO_1,C13ISRAELREGION,N
20068,J_NO_1,C13ISRAELDISCRIMINATION,N
20068,J_NO_1,C13ISRAELNORMS,N
20068,J_NO_1,C13ISRAELCOMPARE,N
20068,J_NO_1,C14BDS,N
20068,J_NO_1,C15REASONABLE,N
20068,J_NO_1,C15DOUBLESTANDARD,N
30035,J_NO_1,C11PALESTINIANJUSTICE,N
30035,J_NO_1,C11PALESTINIANRIGHTS,N
30035,J_NO_1,C12ZIONCRITICAL,N
30035,J_NO_1,C12SOLUTIONS,N
30035,J_NO_1,C12EQUALRIGHTS,N
30035,J_NO_1,C13ISRAELEVIDENCE,N
30035,J_NO_1,C13ISRAELINSTITUTIONS,N
30035,J_NO_1,C13ISRAELPOLICIES,N
30035,J_NO_1,C13ISRAELOPT,N
30035,J_NO_1,C13ISRAELREGION,N
30035,J_NO_1,C13ISRAELDISCRIMINATION,N
30035,J_NO_1,C13ISRAELNORMS,N
30035,J_NO_1,C13ISRAELCOMPARE,N
30035,J_NO_1,C14BDS,N
30035,J_NO_1,C15REASONABLE,N
30035,J_NO_1,C15DOUBLESTANDARD,N
48088,J_NO_1,C11PALESTINIANJUSTICE,N
48088,J_NO_1,C11PALESTINIANRIGHTS,N
48088,J_NO_1,C12ZIONCRITICAL,N
48088,J_NO_1,C12SOLUTIONS,N
48088,J_NO_1,C12EQUALRIGHTS,N
48088,J_NO_1,C13ISRAELEVIDENCE,N
48088,J_NO_1,C13ISRAELINSTITUTIONS,N
48088,J_NO_1,C13ISRAELPOLICIES,N
48088,J_NO_1,C13ISRAELOPT,N
48088,J_NO_1,C13ISRAELREGION,N
48088,J_NO_1,C13ISRAELDISCRIMINATION,N
48088,J_NO_1,C13ISRAELNORMS,N
48088,J_NO_1,C13ISRAELCOMPARE,N
48088,J_NO_1,C14BDS,N
48088,J_NO_1,C15REASONABLE,N
48088,J_NO_1,C15DOUBLESTANDARD,N
28351,J_NO_1,C11PALESTINIANJUSTICE,A
28351,J_NO_1,C11PALESTINIANRIGHTS,A
28351,J_NO_1,C12ZIONCRITICAL,A
28351,J_NO_1,C12SOLUTIONS,N
28351,J_NO_1,C12EQUALRIGHTS,N
28351,J_NO_1,C13ISRAELEVIDENCE,N
28351,J_NO_1,C13ISRAELINSTITUTIONS,N
28351,J_NO_1,C13ISRAELPOLICIES,N
28351,J_NO_1,C13ISRAELOPT,N
28351,J_NO_1,C13ISRAELREGION,N
28351,J_NO_1,C13ISRAELDISCRIMINATION,N
28351,J_NO_1,C13ISRAELNORMS,N
28351,J_NO_1,C13ISRAELCOMPARE,I
28351,J_NO_1,C14BDS,N
28351,J_NO_1,C15REASONABLE,E
28351,J_NO_1,C15DOUBLESTANDARD,N
21029,J_NO_1,C11PALESTINIANJUSTICE,N
21029,J_NO_1,C11PALESTINIANRIGHTS,N
21029,J_NO_1,C12ZIONCRITICAL,N
21029,J_NO_1,C12SOLUTIONS,N
21029,J_NO_1,C12EQUALRIGHTS,N
21029,J_NO_1,C13ISRAELEVIDENCE,N
21029,J_NO_1,C13ISRAELINSTITUTIONS,N
21029,J_NO_1,C13ISRAELPOLICIES,N
21029,J_NO_1,C13ISRAELOPT,N
21029,J_NO_1,C13ISRAELREGION,N
21029,J_NO_1,C13ISRAELDISCRIMINATION,N
21029,J_NO_1,C13ISRAELNORMS,N
21029,J_NO_1,C13ISRAELCOMPARE,N
21029,J_NO_1,C14BDS,N
21029,J_NO_1,C15REASONABLE,N
21029,J_NO_1,C15DOUBLESTANDARD,N
18445,J_NO_1,C11PALESTINIANJUSTICE,N
18445,J_NO_1,C11PALESTINIANRIGHTS,N
18445,J_NO_1,C12ZIONCRITICAL,N
18445,J_NO_1,C12SOLUTIONS,N
18445,J_NO_1,C12EQUALRIGHTS,N
18445,J_NO_1,C13ISRAELEVIDENCE,N
18445,J_NO_1,C13ISRAELINSTITUTIONS,N
18445,J_NO_1,C13ISRAELPOLICIES,N
18445,J_NO_1,C13ISRAELOPT,N
18445,J_NO_1,C13ISRAELREGION,N
18445,J_NO_1,C13ISRAELDISCRIMINATION,N
18445,J_NO_1,C13ISRAELNORMS,N
18445,J_NO_1,C13ISRAELCOMPARE,N
18445,J_NO_1,C14BDS,N
18445,J_NO_1,C15REASONABLE,N
18445,J_NO_1,C15DOUBLESTANDARD,N
20453,J_NO_1,C11PALESTINIANJUSTICE,N
20453,J_NO_1,C11PALESTINIANRIGHTS,N
20453,J_NO_1,C12ZIONCRITICAL,N
20453,J_NO_1,C12SOLUTIONS,N
20453,J_NO_1,C12EQUALRIGHTS,N
20453,J_NO_1,C13ISRAELEVIDENCE,N
20453,J_NO_1,C13ISRAELINSTITUTIONS,N
20453,J_NO_1,C13ISRAELPOLICIES,N
20453,J_NO_1,C13ISRAELOPT,N
20453,J_NO_1,C13ISRAELREGION,N
20453,J_NO_1,C13ISRAELDISCRIMINATION,N
20453,J_NO_1,C13ISRAELNORMS,N
20453,J_NO_1,C13ISRAELCOMPARE,N
20453,J_NO_1,C14BDS,N
20453,J_NO_1,C15REASONABLE,N
20453,J_NO_1,C15DOUBLESTANDARD,N
28800,J_NO_1,C11PALESTINIANJUSTICE,N
28800,J_NO_1,C11PALESTINIANRIGHTS,N
28800,J_NO_1,C12ZIONCRITICAL,N
28800,J_NO_1,C12SOLUTIONS,N
28800,J_NO_1,C12EQUALRIGHTS,N
28800,J_NO_1,C13ISRAELEVIDENCE,N
28800,J_NO_1,C13ISRAELINSTITUTIONS,N
28800,J_NO_1,C13ISRAELPOLICIES,N
28800,J_NO_1,C13ISRAELOPT,N
28800,J_NO_1,C13ISRAELREGION,N
28800,J_NO_1,C13ISRAELDISCRIMINATION,N
28800,J_NO_1,C13ISRAELNORMS,N
28800,J_NO_1,C13ISRAELCOMPARE,N
28800,J_NO_1,C14BDS,N
28800,J_NO_1,C15REASONABLE,N
28800,J_NO_1,C15DOUBLESTANDARD,N
6447,J_NO_1,C11PALESTINIANJUSTICE,N
6447,J_NO_1,C11PALESTINIANRIGHTS,N
6447,J_NO_1,C12ZIONCRITICAL,N
6447,J_NO_1,C12SOLUTIONS,N
6447,J_NO_1,C12EQUALRIGHTS,N
6447,J_NO_1,C13ISRAELEVIDENCE,N
6447,J_NO_1,C13ISRAELINSTITUTIONS,N
6447,J_NO_1,C13ISRAELPOLICIES,N
6447,J_NO_1,C13ISRAELOPT,N
6447,J_NO_1,C13ISRAELREGION,N
6447,J_NO_1,C13ISRAELDISCRIMINATION,N
6447,J_NO_1,C13ISRAELNORMS,N
6447,J_NO_1,C13ISRAELCOMPARE,N
6447,J_NO_1,C14BDS,N
6447,J_NO_1,C15REASONABLE,N
6447,J_NO_1,C15DOUBLESTANDARD,N
2166,J_NO_1,C11PALESTINIANJUSTICE,N
2166,J_NO_1,C11PALESTINIANRIGHTS,N
2166,J_NO_1,C12ZIONCRITICAL,N
2166,J_NO_1,C12SOLUTIONS,N
2166,J_NO_1,C12EQUALRIGHTS,N
2166,J_NO_1,C13ISRAELEVIDENCE,N
2166,J_NO_1,C13ISRAELINSTITUTIONS,N
2166,J_NO_1,C13ISRAELPOLICIES,N
2166,J_NO_1,C13ISRAELOPT,N
2166,J_NO_1,C13ISRAELREGION,N
2166,J_NO_1,C13ISRAELDISCRIMINATION,N
2166,J_NO_1,C13ISRAELNORMS,N
2166,J_NO_1,C13ISRAELCOMPARE,N
2166,J_NO_1,C14BDS,N
2166,J_NO_1,C15REASONABLE,N
2166,J_NO_1,C15DOUBLESTANDARD,N
41342,J_NO_1,C11PALESTINIANJUSTICE,N
41342,J_NO_1,C11PALESTINIANRIGHTS,N
41342,J_NO_1,C12ZIONCRITICAL,N
41342,J_NO_1,C12SOLUTIONS,N
41342,J_NO_1,C12EQUALRIGHTS,N
41342,J_NO_1,C13ISRAELEVIDENCE,N
41342,J_NO_1,C13ISRAELINSTITUTIONS,N
41342,J_NO_1,C13ISRAELPOLICIES,N
41342,J_NO_1,C13ISRAELOPT,N
41342,J_NO_1,C13ISRAELREGION,N
41342,J_NO_1,C13ISRAELDISCRIMINATION,N
41342,J_NO_1,C13ISRAELNORMS,N
41342,J_NO_1,C13ISRAELCOMPARE,N
41342,J_NO_1,C14BDS,N
41342,J_NO_1,C15REASONABLE,N
41342,J_NO_1,C15DOUBLESTANDARD,N
38123,J_NO_1,C11PALESTINIANJUSTICE,N
38123,J_NO_1,C11PALESTINIANRIGHTS,N
38123,J_NO_1,C12ZIONCRITICAL,N
38123,J_NO_1,C12SOLUTIONS,N
38123,J_NO_1,C12EQUALRIGHTS,N
38123,J_NO_1,C13ISRAELEVIDENCE,N
38123,J_NO_1,C13ISRAELINSTITUTIONS,N
38123,J_NO_1,C13ISRAELPOLICIES,N
38123,J_NO_1,C13ISRAELOPT,N
38123,J_NO_1,C13ISRAELREGION,N
38123,J_NO_1,C13ISRAELDISCRIMINATION,N
38123,J_NO_1,C13ISRAELNORMS,N
38123,J_NO_1,C13ISRAELCOMPARE,N
38123,J_NO_1,C14BDS,N
38123,J_NO_1,C15REASONABLE,N
38123,J_NO_1,C15DOUBLESTANDARD,N
20017,J_NO_1,C11PALESTINIANJUSTICE,N
20017,J_NO_1,C11PALESTINIANRIGHTS,N
20017,J_NO_1,C12ZIONCRITICAL,N
20017,J_NO_1,C12SOLUTIONS,N
20017,J_NO_1,C12EQUALRIGHTS,N
20017,J_NO_1,C13ISRAELEVIDENCE,N
20017,J_NO_1,C13ISRAELINSTITUTIONS,N
20017,J_NO_1,C13ISRAELPOLICIES,N
20017,J_NO_1,C13ISRAELOPT,N
20017,J_NO_1,C13ISRAELREGION,N
20017,J_NO_1,C13ISRAELDISCRIMINATION,N
20017,J_NO_1,C13ISRAELNORMS,N
20017,J_NO_1,C13ISRAELCOMPARE,N
20017,J_NO_1,C14BDS,N
20017,J_NO_1,C15REASONABLE,N
20017,J_NO_1,C15DOUBLESTANDARD,N
7878,J_NO_1,C11PALESTINIANJUSTICE,N
7878,J_NO_1,C11PALESTINIANRIGHTS,N
7878,J_NO_1,C12ZIONCRITICAL,N
7878,J_NO_1,C12SOLUTIONS,N
7878,J_NO_1,C12EQUALRIGHTS,N
7878,J_NO_1,C13ISRAELEVIDENCE,N
7878,J_NO_1,C13ISRAELINSTITUTIONS,N
7878,J_NO_1,C13ISRAELPOLICIES,N
7878,J_NO_1,C13ISRAELOPT,N
7878,J_NO_1,C13ISRAELREGION,N
7878,J_NO_1,C13ISRAELDISCRIMINATION,N
7878,J_NO_1,C13ISRAELNORMS,N
7878,J_NO_1,C13ISRAELCOMPARE,N
7878,J_NO_1,C14BDS,N
7878,J_NO_1,C15REASONABLE,N
7878,J_NO_1,C15DOUBLESTANDARD,N
41119,J_NO_1,C11PALESTINIANJUSTICE,N
41119,J_NO_1,C11PALESTINIANRIGHTS,N
41119,J_NO_1,C12ZIONCRITICAL,N
41119,J_NO_1,C12SOLUTIONS,N
41119,J_NO_1,C12EQUALRIGHTS,N
41119,J_NO_1,C13ISRAELEVIDENCE,N
41119,J_NO_1,C13ISRAELINSTITUTIONS,N
41119,J_NO_1,C13ISRAELPOLICIES,N
41119,J_NO_1,C13ISRAELOPT,N
41119,J_NO_1,C13ISRAELREGION,N
41119,J_NO_1,C13ISRAELDISCRIMINATION,N
41119,J_NO_1,C13ISRAELNORMS,N
41119,J_NO_1,C13ISRAELCOMPARE,N
41119,J_NO_1,C14BDS,N
41119,J_NO_1,C15REASONABLE,N
41119,J_NO_1,C15DOUBLESTANDARD,N
38127,J_NO_1,C11PALESTINIANJUSTICE,N
38127,J_NO_1,C11PALESTINIANRIGHTS,N
38127,J_NO_1,C12ZIONCRITICAL,N
38127,J_NO_1,C12SOLUTIONS,N
38127,J_NO_1,C12EQUALRIGHTS,N
38127,J_NO_1,C13ISRAELEVIDENCE,N
38127,J_NO_1,C13ISRAELINSTITUTIONS,N
38127,J_NO_1,C13ISRAELPOLICIES,N
38127,J_NO_1,C13ISRAELOPT,N
38127,J_NO_1,C13ISRAELREGION,N
38127,J_NO_1,C13ISRAELDISCRIMINATION,N
38127,J_NO_1,C13ISRAELNORMS,N
38127,J_NO_1,C13ISRAELCOMPARE,N
38127,J_NO_1,C14BDS,N
38127,J_NO_1,C15REASONABLE,N
38127,J_NO_1,C15DOUBLESTANDARD,N
31519,J_NO_1,C11PALESTINIANJUSTICE,N
31519,J_NO_1,C11PALESTINIANRIGHTS,N
31519,J_NO_1,C12ZIONCRITICAL,N
31519,J_NO_1,C12SOLUTIONS,N
31519,J_NO_1,C12EQUALRIGHTS,N
31519,J_NO_1,C13ISRAELEVIDENCE,N
31519,J_NO_1,C13ISRAELINSTITUTIONS,N
31519,J_NO_1,C13ISRAELPOLICIES,N
31519,J_NO_1,C13ISRAELOPT,N
31519,J_NO_1,C13ISRAELREGION,N
31519,J_NO_1,C13ISRAELDISCRIMINATION,N
31519,J_NO_1,C13ISRAELNORMS,N
31519,J_NO_1,C13ISRAELCOMPARE,N
31519,J_NO_1,C14BDS,N
31519,J_NO_1,C15REASONABLE,N
31519,J_NO_1,C15DOUBLESTANDARD,N
2920,J_NO_1,C11PALESTINIANJUSTICE,N
2920,J_NO_1,C11PALESTINIANRIGHTS,N
2920,J_NO_1,C12ZIONCRITICAL,N
2920,J_NO_1,C12SOLUTIONS,N
2920,J_NO_1,C12EQUALRIGHTS,N
2920,J_NO_1,C13ISRAELEVIDENCE,N
2920,J_NO_1,C13ISRAELINSTITUTIONS,N
2920,J_NO_1,C13ISRAELPOLICIES,N
2920,J_NO_1,C13ISRAELOPT,N
2920,J_NO_1,C13ISRAELREGION,N
2920,J_NO_1,C13ISRAELDISCRIMINATION,N
2920,J_NO_1,C13ISRAELNORMS,N
2920,J_NO_1,C13ISRAELCOMPARE,N
2920,J_NO_1,C14BDS,N
2920,J_NO_1,C15REASONABLE,N
2920,J_NO_1,C15DOUBLESTANDARD,N
40520,J_NO_1,C11PALESTINIANJUSTICE,N
40520,J_NO_1,C11PALESTINIANRIGHTS,N
40520,J_NO_1,C12ZIONCRITICAL,N
40520,J_NO_1,C12SOLUTIONS,N
40520,J_NO_1,C12EQUALRIGHTS,N
40520,J_NO_1,C13ISRAELEVIDENCE,N
40520,J_NO_1,C13ISRAELINSTITUTIONS,N
40520,J_NO_1,C13ISRAELPOLICIES,N
40520,J_NO_1,C13ISRAELOPT,N
40520,J_NO_1,C13ISRAELREGION,N
40520,J_NO_1,C13ISRAELDISCRIMINATION,N
40520,J_NO_1,C13ISRAELNORMS,N
40520,J_NO_1,C13ISRAELCOMPARE,N
40520,J_NO_1,C14BDS,N
40520,J_NO_1,C15REASONABLE,N
40520,J_NO_1,C15DOUBLESTANDARD,N
46031,J_NO_1,C11PALESTINIANJUSTICE,N
46031,J_NO_1,C11PALESTINIANRIGHTS,N
46031,J_NO_1,C12ZIONCRITICAL,I
46031,J_NO_1,C12SOLUTIONS,N
46031,J_NO_1,C12EQUALRIGHTS,N
46031,J_NO_1,C13ISRAELEVIDENCE,N
46031,J_NO_1,C13ISRAELINSTITUTIONS,N
46031,J_NO_1,C13ISRAELPOLICIES,N
46031,J_NO_1,C13ISRAELOPT,N
46031,J_NO_1,C13ISRAELREGION,N
46031,J_NO_1,C13ISRAELDISCRIMINATION,N
46031,J_NO_1,C13ISRAELNORMS,N
46031,J_NO_1,C13ISRAELCOMPARE,N
46031,J_NO_1,C14BDS,N
46031,J_NO_1,C15REASONABLE,N
46031,J_NO_1,C15DOUBLESTANDARD,N
31489,J_NO_1,C11PALESTINIANJUSTICE,N
31489,J_NO_1,C11PALESTINIANRIGHTS,N
31489,J_NO_1,C12ZIONCRITICAL,N
31489,J_NO_1,C12SOLUTIONS,N
31489,J_NO_1,C12EQUALRIGHTS,N
31489,J_NO_1,C13ISRAELEVIDENCE,N
31489,J_NO_1,C13ISRAELINSTITUTIONS,N
31489,J_NO_1,C13ISRAELPOLICIES,N
31489,J_NO_1,C13ISRAELOPT,N
31489,J_NO_1,C13ISRAELREGION,N
31489,J_NO_1,C13ISRAELDISCRIMINATION,N
31489,J_NO_1,C13ISRAELNORMS,N
31489,J_NO_1,C13ISRAELCOMPARE,N
31489,J_NO_1,C14BDS,N
31489,J_NO_1,C15REASONABLE,N
31489,J_NO_1,C15DOUBLESTANDARD,N
3204,J_NO_1,C11PALESTINIANJUSTICE,N
3204,J_NO_1,C11PALESTINIANRIGHTS,N
3204,J_NO_1,C12ZIONCRITICAL,N
3204,J_NO_1,C12SOLUTIONS,N
3204,J_NO_1,C12EQUALRIGHTS,N
3204,J_NO_1,C13ISRAELEVIDENCE,N
3204,J_NO_1,C13ISRAELINSTITUTIONS,N
3204,J_NO_1,C13ISRAELPOLICIES,N
3204,J_NO_1,C13ISRAELOPT,N
3204,J_NO_1,C13ISRAELREGION,N
3204,J_NO_1,C13ISRAELDISCRIMINATION,N
3204,J_NO_1,C13ISRAELNORMS,N
3204,J_NO_1,C13ISRAELCOMPARE,N
3204,J_NO_1,C14BDS,N
3204,J_NO_1,C15REASONABLE,N
3204,J_NO_1,C15DOUBLESTANDARD,N
29247,J_NO_1,C11PALESTINIANJUSTICE,N
29247,J_NO_1,C11PALESTINIANRIGHTS,N
29247,J_NO_1,C12ZIONCRITICAL,N
29247,J_NO_1,C12SOLUTIONS,N
29247,J_NO_1,C12EQUALRIGHTS,N
29247,J_NO_1,C13ISRAELEVIDENCE,N
29247,J_NO_1,C13ISRAELINSTITUTIONS,N
29247,J_NO_1,C13ISRAELPOLICIES,N
29247,J_NO_1,C13ISRAELOPT,N
29247,J_NO_1,C13ISRAELREGION,N
29247,J_NO_1,C13ISRAELDISCRIMINATION,N
29247,J_NO_1,C13ISRAELNORMS,N
29247,J_NO_1,C13ISRAELCOMPARE,N
29247,J_NO_1,C14BDS,N
29247,J_NO_1,C15REASONABLE,N
29247,J_NO_1,C15DOUBLESTANDARD,N
40998,J_NO_1,C11PALESTINIANJUSTICE,N
40998,J_NO_1,C11PALESTINIANRIGHTS,N
40998,J_NO_1,C12ZIONCRITICAL,N
40998,J_NO_1,C12SOLUTIONS,N
40998,J_NO_1,C12EQUALRIGHTS,N
40998,J_NO_1,C13ISRAELEVIDENCE,N
40998,J_NO_1,C13ISRAELINSTITUTIONS,N
40998,J_NO_1,C13ISRAELPOLICIES,N
40998,J_NO_1,C13ISRAELOPT,N
40998,J_NO_1,C13ISRAELREGION,N
40998,J_NO_1,C13ISRAELDISCRIMINATION,N
40998,J_NO_1,C13ISRAELNORMS,N
40998,J_NO_1,C13ISRAELCOMPARE,N
40998,J_NO_1,C14BDS,N
40998,J_NO_1,C15REASONABLE,N
40998,J_NO_1,C15DOUBLESTANDARD,N
36551,J_NO_1,C11PALESTINIANJUSTICE,N
36551,J_NO_1,C11PALESTINIANRIGHTS,N
36551,J_NO_1,C12ZIONCRITICAL,N
36551,J_NO_1,C12SOLUTIONS,N
36551,J_NO_1,C12EQUALRIGHTS,N
36551,J_NO_1,C13ISRAELEVIDENCE,N
36551,J_NO_1,C13ISRAELINSTITUTIONS,N
36551,J_NO_1,C13ISRAELPOLICIES,N
36551,J_NO_1,C13ISRAELOPT,N
36551,J_NO_1,C13ISRAELREGION,N
36551,J_NO_1,C13ISRAELDISCRIMINATION,N
36551,J_NO_1,C13ISRAELNORMS,N
36551,J_NO_1,C13ISRAELCOMPARE,N
36551,J_NO_1,C14BDS,N
36551,J_NO_1,C15REASONABLE,N
36551,J_NO_1,C15DOUBLESTANDARD,N
16322,J_NO_1,C11PALESTINIANJUSTICE,N
16322,J_NO_1,C11PALESTINIANRIGHTS,N
16322,J_NO_1,C12ZIONCRITICAL,N
16322,J_NO_1,C12SOLUTIONS,N
16322,J_NO_1,C12EQUALRIGHTS,N
16322,J_NO_1,C13ISRAELEVIDENCE,N
16322,J_NO_1,C13ISRAELINSTITUTIONS,N
16322,J_NO_1,C13ISRAELPOLICIES,N
16322,J_NO_1,C13ISRAELOPT,N
16322,J_NO_1,C13ISRAELREGION,N
16322,J_NO_1,C13ISRAELDISCRIMINATION,N
16322,J_NO_1,C13ISRAELNORMS,N
16322,J_NO_1,C13ISRAELCOMPARE,N
16322,J_NO_1,C14BDS,N
16322,J_NO_1,C15REASONABLE,N
16322,J_NO_1,C15DOUBLESTANDARD,N
8261,J_NO_1,C11PALESTINIANJUSTICE,N
8261,J_NO_1,C11PALESTINIANRIGHTS,N
8261,J_NO_1,C12ZIONCRITICAL,N
8261,J_NO_1,C12SOLUTIONS,N
8261,J_NO_1,C12EQUALRIGHTS,N
8261,J_NO_1,C13ISRAELEVIDENCE,N
8261,J_NO_1,C13ISRAELINSTITUTIONS,N
8261,J_NO_1,C13ISRAELPOLICIES,N
8261,J_NO_1,C13ISRAELOPT,N
8261,J_NO_1,C13ISRAELREGION,N
8261,J_NO_1,C13ISRAELDISCRIMINATION,N
8261,J_NO_1,C13ISRAELNORMS,N
8261,J_NO_1,C13ISRAELCOMPARE,N
8261,J_NO_1,C14BDS,N
8261,J_NO_1,C15REASONABLE,N
8261,J_NO_1,C15DOUBLESTANDARD,N
32480,J_NO_1,C11PALESTINIANJUSTICE,N
32480,J_NO_1,C11PALESTINIANRIGHTS,N
32480,J_NO_1,C12ZIONCRITICAL,N
32480,J_NO_1,C12SOLUTIONS,N
32480,J_NO_1,C12EQUALRIGHTS,N
32480,J_NO_1,C13ISRAELEVIDENCE,N
32480,J_NO_1,C13ISRAELINSTITUTIONS,N
32480,J_NO_1,C13ISRAELPOLICIES,N
32480,J_NO_1,C13ISRAELOPT,N
32480,J_NO_1,C13ISRAELREGION,N
32480,J_NO_1,C13ISRAELDISCRIMINATION,N
32480,J_NO_1,C13ISRAELNORMS,N
32480,J_NO_1,C13ISRAELCOMPARE,N
32480,J_NO_1,C14BDS,N
32480,J_NO_1,C15REASONABLE,N
32480,J_NO_1,C15DOUBLESTANDARD,N
2787,J_NO_1,C11PALESTINIANJUSTICE,N
2787,J_NO_1,C11PALESTINIANRIGHTS,N
2787,J_NO_1,C12ZIONCRITICAL,N
2787,J_NO_1,C12SOLUTIONS,N
2787,J_NO_1,C12EQUALRIGHTS,N
2787,J_NO_1,C13ISRAELEVIDENCE,N
2787,J_NO_1,C13ISRAELINSTITUTIONS,N
2787,J_NO_1,C13ISRAELPOLICIES,N
2787,J_NO_1,C13ISRAELOPT,N
2787,J_NO_1,C13ISRAELREGION,N
2787,J_NO_1,C13ISRAELDISCRIMINATION,N
2787,J_NO_1,C13ISRAELNORMS,N
2787,J_NO_1,C13ISRAELCOMPARE,N
2787,J_NO_1,C14BDS,N
2787,J_NO_1,C15REASONABLE,N
2787,J_NO_1,C15DOUBLESTANDARD,N
40949,J_NO_1,C11PALESTINIANJUSTICE,N
40949,J_NO_1,C11PALESTINIANRIGHTS,N
40949,J_NO_1,C12ZIONCRITICAL,N
40949,J_NO_1,C12SOLUTIONS,N
40949,J_NO_1,C12EQUALRIGHTS,N
40949,J_NO_1,C13ISRAELEVIDENCE,N
40949,J_NO_1,C13ISRAELINSTITUTIONS,N
40949,J_NO_1,C13ISRAELPOLICIES,N
40949,J_NO_1,C13ISRAELOPT,N
40949,J_NO_1,C13ISRAELREGION,N
40949,J_NO_1,C13ISRAELDISCRIMINATION,N
40949,J_NO_1,C13ISRAELNORMS,N
40949,J_NO_1,C13ISRAELCOMPARE,N
40949,J_NO_1,C14BDS,N
40949,J_NO_1,C15REASONABLE,N
40949,J_NO_1,C15DOUBLESTANDARD,N
11339,J_NO_1,C11PALESTINIANJUSTICE,N
11339,J_NO_1,C11PALESTINIANRIGHTS,N
11339,J_NO_1,C12ZIONCRITICAL,N
11339,J_NO_1,C12SOLUTIONS,N
11339,J_NO_1,C12EQUALRIGHTS,N
11339,J_NO_1,C13ISRAELEVIDENCE,N
11339,J_NO_1,C13ISRAELINSTITUTIONS,N
11339,J_NO_1,C13ISRAELPOLICIES,N
11339,J_NO_1,C13ISRAELOPT,N
11339,J_NO_1,C13ISRAELREGION,N
11339,J_NO_1,C13ISRAELDISCRIMINATION,N
11339,J_NO_1,C13ISRAELNORMS,N
11339,J_NO_1,C13ISRAELCOMPARE,N
11339,J_NO_1,C14BDS,N
11339,J_NO_1,C15REASONABLE,N
11339,J_NO_1,C15DOUBLESTANDARD,N
10370,J_NO_1,C11PALESTINIANJUSTICE,N
10370,J_NO_1,C11PALESTINIANRIGHTS,N
10370,J_NO_1,C12ZIONCRITICAL,N
10370,J_NO_1,C12SOLUTIONS,N
10370,J_NO_1,C12EQUALRIGHTS,N
10370,J_NO_1,C13ISRAELEVIDENCE,N
10370,J_NO_1,C13ISRAELINSTITUTIONS,N
10370,J_NO_1,C13ISRAELPOLICIES,N
10370,J_NO_1,C13ISRAELOPT,N
10370,J_NO_1,C13ISRAELREGION,N
10370,J_NO_1,C13ISRAELDISCRIMINATION,N
10370,J_NO_1,C13ISRAELNORMS,N
10370,J_NO_1,C13ISRAELCOMPARE,N
10370,J_NO_1,C14BDS,N
10370,J_NO_1,C15REASONABLE,N
10370,J_NO_1,C15DOUBLESTANDARD,N
40049,J_NO_1,C11PALESTINIANJUSTICE,N
40049,J_NO_1,C11PALESTINIANRIGHTS,N
40049,J_NO_1,C12ZIONCRITICAL,N
40049,J_NO_1,C12SOLUTIONS,N
40049,J_NO_1,C12EQUALRIGHTS,N
40049,J_NO_1,C13ISRAELEVIDENCE,N
40049,J_NO_1,C13ISRAELINSTITUTIONS,N
40049,J_NO_1,C13ISRAELPOLICIES,N
40049,J_NO_1,C13ISRAELOPT,N
40049,J_NO_1,C13ISRAELREGION,N
40049,J_NO_1,C13ISRAELDISCRIMINATION,N
40049,J_NO_1,C13ISRAELNORMS,N
40049,J_NO_1,C13ISRAELCOMPARE,N
40049,J_NO_1,C14BDS,N
40049,J_NO_1,C15REASONABLE,N
40049,J_NO_1,C15DOUBLESTANDARD,N
9659,J_NO_1,C11PALESTINIANJUSTICE,N
9659,J_NO_1,C11PALESTINIANRIGHTS,N
9659,J_NO_1,C12ZIONCRITICAL,N
9659,J_NO_1,C12SOLUTIONS,N
9659,J_NO_1,C12EQUALRIGHTS,N
9659,J_NO_1,C13ISRAELEVIDENCE,N
9659,J_NO_1,C13ISRAELINSTITUTIONS,N
9659,J_NO_1,C13ISRAELPOLICIES,N
9659,J_NO_1,C13ISRAELOPT,N
9659,J_NO_1,C13ISRAELREGION,N
9659,J_NO_1,C13ISRAELDISCRIMINATION,N
9659,J_NO_1,C13ISRAELNORMS,N
9659,J_NO_1,C13ISRAELCOMPARE,N
9659,J_NO_1,C14BDS,N
9659,J_NO_1,C15REASONABLE,N
9659,J_NO_1,C15DOUBLESTANDARD,N
15624,J_NO_1,C11PALESTINIANJUSTICE,N
15624,J_NO_1,C11PALESTINIANRIGHTS,N
15624,J_NO_1,C12ZIONCRITICAL,N
15624,J_NO_1,C12SOLUTIONS,N
15624,J_NO_1,C12EQUALRIGHTS,N
15624,J_NO_1,C13ISRAELEVIDENCE,N
15624,J_NO_1,C13ISRAELINSTITUTIONS,N
15624,J_NO_1,C13ISRAELPOLICIES,N
15624,J_NO_1,C13ISRAELOPT,N
15624,J_NO_1,C13ISRAELREGION,N
15624,J_NO_1,C13ISRAELDISCRIMINATION,N
15624,J_NO_1,C13ISRAELNORMS,N
15624,J_NO_1,C13ISRAELCOMPARE,N
15624,J_NO_1,C14BDS,N
15624,J_NO_1,C15REASONABLE,N
15624,J_NO_1,C15DOUBLESTANDARD,N
20057,J_NO_1,PARSE_ERROR,Expecting value: line 1 column 1 (char 0)
41804,J_NO_1,C11PALESTINIANJUSTICE,N
41804,J_NO_1,C11PALESTINIANRIGHTS,N
41804,J_NO_1,C12ZIONCRITICAL,N
41804,J_NO_1,C12SOLUTIONS,N
41804,J_NO_1,C12EQUALRIGHTS,N
41804,J_NO_1,C13ISRAELEVIDENCE,N
41804,J_NO_1,C13ISRAELINSTITUTIONS,N
41804,J_NO_1,C13ISRAELPOLICIES,N
41804,J_NO_1,C13ISRAELOPT,N
41804,J_NO_1,C13ISRAELREGION,N
41804,J_NO_1,C13ISRAELDISCRIMINATION,N
41804,J_NO_1,C13ISRAELNORMS,N
41804,J_NO_1,C13ISRAELCOMPARE,N
41804,J_NO_1,C14BDS,N
41804,J_NO_1,C15REASONABLE,N
41804,J_NO_1,C15DOUBLESTANDARD,N
27751,J_NO_1,C11PALESTINIANJUSTICE,N
27751,J_NO_1,C11PALESTINIANRIGHTS,N
27751,J_NO_1,C12ZIONCRITICAL,N
27751,J_NO_1,C12SOLUTIONS,N
27751,J_NO_1,C12EQUALRIGHTS,N
27751,J_NO_1,C13ISRAELEVIDENCE,N
27751,J_NO_1,C13ISRAELINSTITUTIONS,N
27751,J_NO_1,C13ISRAELPOLICIES,N
27751,J_NO_1,C13ISRAELOPT,N
27751,J_NO_1,C13ISRAELREGION,N
27751,J_NO_1,C13ISRAELDISCRIMINATION,N
27751,J_NO_1,C13ISRAELNORMS,N
27751,J_NO_1,C13ISRAELCOMPARE,N
27751,J_NO_1,C14BDS,N
27751,J_NO_1,C15REASONABLE,N
27751,J_NO_1,C15DOUBLESTANDARD,N
28567,J_NO_1,C11PALESTINIANJUSTICE,N
28567,J_NO_1,C11PALESTINIANRIGHTS,N
28567,J_NO_1,C12ZIONCRITICAL,N
28567,J_NO_1,C12SOLUTIONS,N
28567,J_NO_1,C12EQUALRIGHTS,N
28567,J_NO_1,C13ISRAELEVIDENCE,N
28567,J_NO_1,C13ISRAELINSTITUTIONS,N
28567,J_NO_1,C13ISRAELPOLICIES,N
28567,J_NO_1,C13ISRAELOPT,N
28567,J_NO_1,C13ISRAELREGION,N
28567,J_NO_1,C13ISRAELDISCRIMINATION,N
28567,J_NO_1,C13ISRAELNORMS,N
28567,J_NO_1,C13ISRAELCOMPARE,N
28567,J_NO_1,C14BDS,N
28567,J_NO_1,C15REASONABLE,N
28567,J_NO_1,C15DOUBLESTANDARD,N
41245,J_NO_1,C11PALESTINIANJUSTICE,N
41245,J_NO_1,C11PALESTINIANRIGHTS,N
41245,J_NO_1,C12ZIONCRITICAL,N
41245,J_NO_1,C12SOLUTIONS,N
41245,J_NO_1,C12EQUALRIGHTS,N
41245,J_NO_1,C13ISRAELEVIDENCE,N
41245,J_NO_1,C13ISRAELINSTITUTIONS,N
41245,J_NO_1,C13ISRAELPOLICIES,N
41245,J_NO_1,C13ISRAELOPT,N
41245,J_NO_1,C13ISRAELREGION,N
41245,J_NO_1,C13ISRAELDISCRIMINATION,N
41245,J_NO_1,C13ISRAELNORMS,N
41245,J_NO_1,C13ISRAELCOMPARE,N
41245,J_NO_1,C14BDS,N
41245,J_NO_1,C15REASONABLE,N
41245,J_NO_1,C15DOUBLESTANDARD,N
21496,J_NO_1,C11PALESTINIANJUSTICE,N
21496,J_NO_1,C11PALESTINIANRIGHTS,N
21496,J_NO_1,C12ZIONCRITICAL,N
21496,J_NO_1,C12SOLUTIONS,N
21496,J_NO_1,C12EQUALRIGHTS,N
21496,J_NO_1,C13ISRAELEVIDENCE,N
21496,J_NO_1,C13ISRAELINSTITUTIONS,N
21496,J_NO_1,C13ISRAELPOLICIES,N
21496,J_NO_1,C13ISRAELOPT,N
21496,J_NO_1,C13ISRAELREGION,N
21496,J_NO_1,C13ISRAELDISCRIMINATION,N
21496,J_NO_1,C13ISRAELNORMS,N
21496,J_NO_1,C13ISRAELCOMPARE,N
21496,J_NO_1,C14BDS,N
21496,J_NO_1,C15REASONABLE,N
21496,J_NO_1,C15DOUBLESTANDARD,N
44808,J_NO_1,C11PALESTINIANJUSTICE,N
44808,J_NO_1,C11PALESTINIANRIGHTS,N
44808,J_NO_1,C12ZIONCRITICAL,N
44808,J_NO_1,C12SOLUTIONS,N
44808,J_NO_1,C12EQUALRIGHTS,N
44808,J_NO_1,C13ISRAELEVIDENCE,N
44808,J_NO_1,C13ISRAELINSTITUTIONS,N
44808,J_NO_1,C13ISRAELPOLICIES,N
44808,J_NO_1,C13ISRAELOPT,N
44808,J_NO_1,C13ISRAELREGION,N
44808,J_NO_1,C13ISRAELDISCRIMINATION,N
44808,J_NO_1,C13ISRAELNORMS,N
44808,J_NO_1,C13ISRAELCOMPARE,N
44808,J_NO_1,C14BDS,N
44808,J_NO_1,C15REASONABLE,N
44808,J_NO_1,C15DOUBLESTANDARD,N
6646,J_NO_1,C11PALESTINIANJUSTICE,N
6646,J_NO_1,C11PALESTINIANRIGHTS,N
6646,J_NO_1,C12ZIONCRITICAL,N
6646,J_NO_1,C12SOLUTIONS,N
6646,J_NO_1,C12EQUALRIGHTS,N
6646,J_NO_1,C13ISRAELEVIDENCE,N
6646,J_NO_1,C13ISRAELINSTITUTIONS,N
6646,J_NO_1,C13ISRAELPOLICIES,N
6646,J_NO_1,C13ISRAELOPT,N
6646,J_NO_1,C13ISRAELREGION,N
6646,J_NO_1,C13ISRAELDISCRIMINATION,N
6646,J_NO_1,C13ISRAELNORMS,N
6646,J_NO_1,C13ISRAELCOMPARE,N
6646,J_NO_1,C14BDS,N
6646,J_NO_1,C15REASONABLE,N
6646,J_NO_1,C15DOUBLESTANDARD,N
47254,J_NO_1,C11PALESTINIANJUSTICE,A
47254,J_NO_1,C11PALESTINIANRIGHTS,A
47254,J_NO_1,C12ZIONCRITICAL,I
47254,J_NO_1,C12SOLUTIONS,N
47254,J_NO_1,C12EQUALRIGHTS,N
47254,J_NO_1,C13ISRAELEVIDENCE,N
47254,J_NO_1,C13ISRAELINSTITUTIONS,N
47254,J_NO_1,C13ISRAELPOLICIES,N
47254,J_NO_1,C13ISRAELOPT,N
47254,J_NO_1,C13ISRAELREGION,N
47254,J_NO_1,C13ISRAELDISCRIMINATION,N
47254,J_NO_1,C13ISRAELNORMS,N
47254,J_NO_1,C13ISRAELCOMPARE,N
47254,J_NO_1,C14BDS,N
47254,J_NO_1,C15REASONABLE,I
47254,J_NO_1,C15DOUBLESTANDARD,N
42415,J_NO_1,C11PALESTINIANJUSTICE,N
42415,J_NO_1,C11PALESTINIANRIGHTS,N
42415,J_NO_1,C12ZIONCRITICAL,N
42415,J_NO_1,C12SOLUTIONS,N
42415,J_NO_1,C12EQUALRIGHTS,N
42415,J_NO_1,C13ISRAELEVIDENCE,N
42415,J_NO_1,C13ISRAELINSTITUTIONS,N
42415,J_NO_1,C13ISRAELPOLICIES,N
42415,J_NO_1,C13ISRAELOPT,N
42415,J_NO_1,C13ISRAELREGION,N
42415,J_NO_1,C13ISRAELDISCRIMINATION,N
42415,J_NO_1,C13ISRAELNORMS,N
42415,J_NO_1,C13ISRAELCOMPARE,N
42415,J_NO_1,C14BDS,N
42415,J_NO_1,C15REASONABLE,N
42415,J_NO_1,C15DOUBLESTANDARD,N
49260,J_NO_1,C11PALESTINIANJUSTICE,N
49260,J_NO_1,C11PALESTINIANRIGHTS,N
49260,J_NO_1,C12ZIONCRITICAL,N
49260,J_NO_1,C12SOLUTIONS,N
49260,J_NO_1,C12EQUALRIGHTS,N
49260,J_NO_1,C13ISRAELEVIDENCE,N
49260,J_NO_1,C13ISRAELINSTITUTIONS,N
49260,J_NO_1,C13ISRAELPOLICIES,N
49260,J_NO_1,C13ISRAELOPT,N
49260,J_NO_1,C13ISRAELREGION,N
49260,J_NO_1,C13ISRAELDISCRIMINATION,N
49260,J_NO_1,C13ISRAELNORMS,N
49260,J_NO_1,C13ISRAELCOMPARE,N
49260,J_NO_1,C14BDS,N
49260,J_NO_1,C15REASONABLE,N
49260,J_NO_1,C15DOUBLESTANDARD,N
11234,J_NO_1,C11PALESTINIANJUSTICE,N
11234,J_NO_1,C11PALESTINIANRIGHTS,N
11234,J_NO_1,C12ZIONCRITICAL,N
11234,J_NO_1,C12SOLUTIONS,N
11234,J_NO_1,C12EQUALRIGHTS,N
11234,J_NO_1,C13ISRAELEVIDENCE,N
11234,J_NO_1,C13ISRAELINSTITUTIONS,N
11234,J_NO_1,C13ISRAELPOLICIES,N
11234,J_NO_1,C13ISRAELOPT,N
11234,J_NO_1,C13ISRAELREGION,N
11234,J_NO_1,C13ISRAELDISCRIMINATION,N
11234,J_NO_1,C13ISRAELNORMS,N
11234,J_NO_1,C13ISRAELCOMPARE,N
11234,J_NO_1,C14BDS,N
11234,J_NO_1,C15REASONABLE,N
11234,J_NO_1,C15DOUBLESTANDARD,N
38937,J_NO_1,C11PALESTINIANJUSTICE,N
38937,J_NO_1,C11PALESTINIANRIGHTS,N
38937,J_NO_1,C12ZIONCRITICAL,N
38937,J_NO_1,C12SOLUTIONS,N
38937,J_NO_1,C12EQUALRIGHTS,N
38937,J_NO_1,C13ISRAELEVIDENCE,N
38937,J_NO_1,C13ISRAELINSTITUTIONS,N
38937,J_NO_1,C13ISRAELPOLICIES,N
38937,J_NO_1,C13ISRAELOPT,N
38937,J_NO_1,C13ISRAELREGION,N
38937,J_NO_1,C13ISRAELDISCRIMINATION,N
38937,J_NO_1,C13ISRAELNORMS,N
38937,J_NO_1,C13ISRAELCOMPARE,N
38937,J_NO_1,C14BDS,N
38937,J_NO_1,C15REASONABLE,N
38937,J_NO_1,C15DOUBLESTANDARD,N
8897,J_NO_1,C11PALESTINIANJUSTICE,N
8897,J_NO_1,C11PALESTINIANRIGHTS,N
8897,J_NO_1,C12ZIONCRITICAL,N
8897,J_NO_1,C12SOLUTIONS,N
8897,J_NO_1,C12EQUALRIGHTS,N
8897,J_NO_1,C13ISRAELEVIDENCE,N
8897,J_NO_1,C13ISRAELINSTITUTIONS,N
8897,J_NO_1,C13ISRAELPOLICIES,N
8897,J_NO_1,C13ISRAELOPT,N
8897,J_NO_1,C13ISRAELREGION,N
8897,J_NO_1,C13ISRAELDISCRIMINATION,N
8897,J_NO_1,C13ISRAELNORMS,N
8897,J_NO_1,C13ISRAELCOMPARE,N
8897,J_NO_1,C14BDS,N
8897,J_NO_1,C15REASONABLE,N
8897,J_NO_1,C15DOUBLESTANDARD,N
44423,J_NO_1,C11PALESTINIANJUSTICE,N
44423,J_NO_1,C11PALESTINIANRIGHTS,N
44423,J_NO_1,C12ZIONCRITICAL,N
44423,J_NO_1,C12SOLUTIONS,N
44423,J_NO_1,C12EQUALRIGHTS,N
44423,J_NO_1,C13ISRAELEVIDENCE,N
44423,J_NO_1,C13ISRAELINSTITUTIONS,N
44423,J_NO_1,C13ISRAELPOLICIES,N
44423,J_NO_1,C13ISRAELOPT,N
44423,J_NO_1,C13ISRAELREGION,N
44423,J_NO_1,C13ISRAELDISCRIMINATION,N
44423,J_NO_1,C13ISRAELNORMS,N
44423,J_NO_1,C13ISRAELCOMPARE,N
44423,J_NO_1,C14BDS,N
44423,J_NO_1,C15REASONABLE,N
44423,J_NO_1,C15DOUBLESTANDARD,N
20682,J_NO_1,C11PALESTINIANJUSTICE,N
20682,J_NO_1,C11PALESTINIANRIGHTS,N
20682,J_NO_1,C12ZIONCRITICAL,N
20682,J_NO_1,C12SOLUTIONS,N
20682,J_NO_1,C12EQUALRIGHTS,N
20682,J_NO_1,C13ISRAELEVIDENCE,N
20682,J_NO_1,C13ISRAELINSTITUTIONS,N
20682,J_NO_1,C13ISRAELPOLICIES,N
20682,J_NO_1,C13ISRAELOPT,N
20682,J_NO_1,C13ISRAELREGION,N
20682,J_NO_1,C13ISRAELDISCRIMINATION,N
20682,J_NO_1,C13ISRAELNORMS,N
20682,J_NO_1,C13ISRAELCOMPARE,N
20682,J_NO_1,C14BDS,N
20682,J_NO_1,C15REASONABLE,N
20682,J_NO_1,C15DOUBLESTANDARD,N
27197,J_NO_1,C11PALESTINIANJUSTICE,N
27197,J_NO_1,C11PALESTINIANRIGHTS,N
27197,J_NO_1,C12ZIONCRITICAL,N
27197,J_NO_1,C12SOLUTIONS,N
27197,J_NO_1,C12EQUALRIGHTS,N
27197,J_NO_1,C13ISRAELEVIDENCE,N
27197,J_NO_1,C13ISRAELINSTITUTIONS,N
27197,J_NO_1,C13ISRAELPOLICIES,N
27197,J_NO_1,C13ISRAELOPT,N
27197,J_NO_1,C13ISRAELREGION,N
27197,J_NO_1,C13ISRAELDISCRIMINATION,N
27197,J_NO_1,C13ISRAELNORMS,N
27197,J_NO_1,C13ISRAELCOMPARE,N
27197,J_NO_1,C14BDS,N
27197,J_NO_1,C15REASONABLE,N
27197,J_NO_1,C15DOUBLESTANDARD,N
12075,J_NO_1,C11PALESTINIANJUSTICE,N
12075,J_NO_1,C11PALESTINIANRIGHTS,N
12075,J_NO_1,C12ZIONCRITICAL,N
12075,J_NO_1,C12SOLUTIONS,N
12075,J_NO_1,C12EQUALRIGHTS,N
12075,J_NO_1,C13ISRAELEVIDENCE,N
12075,J_NO_1,C13ISRAELINSTITUTIONS,N
12075,J_NO_1,C13ISRAELPOLICIES,N
12075,J_NO_1,C13ISRAELOPT,N
12075,J_NO_1,C13ISRAELREGION,N
12075,J_NO_1,C13ISRAELDISCRIMINATION,N
12075,J_NO_1,C13ISRAELNORMS,N
12075,J_NO_1,C13ISRAELCOMPARE,N
12075,J_NO_1,C14BDS,N
12075,J_NO_1,C15REASONABLE,N
12075,J_NO_1,C15DOUBLESTANDARD,N
23602,J_NO_1,C11PALESTINIANJUSTICE,I
23602,J_NO_1,C11PALESTINIANRIGHTS,I
23602,J_NO_1,C12ZIONCRITICAL,I
23602,J_NO_1,C12SOLUTIONS,N
23602,J_NO_1,C12EQUALRIGHTS,N
23602,J_NO_1,C13ISRAELEVIDENCE,N
23602,J_NO_1,C13ISRAELINSTITUTIONS,N
23602,J_NO_1,C13ISRAELPOLICIES,I
23602,J_NO_1,C13ISRAELOPT,I
23602,J_NO_1,C13ISRAELREGION,I
23602,J_NO_1,C13ISRAELDISCRIMINATION,N
23602,J_NO_1,C13ISRAELNORMS,N
23602,J_NO_1,C13ISRAELCOMPARE,N
23602,J_NO_1,C14BDS,E
23602,J_NO_1,C15REASONABLE,N
23602,J_NO_1,C15DOUBLESTANDARD,N
49731,J_NO_1,C11PALESTINIANJUSTICE,N
49731,J_NO_1,C11PALESTINIANRIGHTS,N
49731,J_NO_1,C12ZIONCRITICAL,N
49731,J_NO_1,C12SOLUTIONS,N
49731,J_NO_1,C12EQUALRIGHTS,N
49731,J_NO_1,C13ISRAELEVIDENCE,N
49731,J_NO_1,C13ISRAELINSTITUTIONS,N
49731,J_NO_1,C13ISRAELPOLICIES,N
49731,J_NO_1,C13ISRAELOPT,N
49731,J_NO_1,C13ISRAELREGION,N
49731,J_NO_1,C13ISRAELDISCRIMINATION,N
49731,J_NO_1,C13ISRAELNORMS,N
49731,J_NO_1,C13ISRAELCOMPARE,N
49731,J_NO_1,C14BDS,N
49731,J_NO_1,C15REASONABLE,N
49731,J_NO_1,C15DOUBLESTANDARD,N
21931,J_NO_1,C11PALESTINIANJUSTICE,N
21931,J_NO_1,C11PALESTINIANRIGHTS,N
21931,J_NO_1,C12ZIONCRITICAL,N
21931,J_NO_1,C12SOLUTIONS,N
21931,J_NO_1,C12EQUALRIGHTS,N
21931,J_NO_1,C13ISRAELEVIDENCE,N
21931,J_NO_1,C13ISRAELINSTITUTIONS,N
21931,J_NO_1,C13ISRAELPOLICIES,N
21931,J_NO_1,C13ISRAELOPT,N
21931,J_NO_1,C13ISRAELREGION,N
21931,J_NO_1,C13ISRAELDISCRIMINATION,N
21931,J_NO_1,C13ISRAELNORMS,N
21931,J_NO_1,C13ISRAELCOMPARE,N
21931,J_NO_1,C14BDS,N
21931,J_NO_1,C15REASONABLE,N
21931,J_NO_1,C15DOUBLESTANDARD,N
4583,J_NO_1,C11PALESTINIANJUSTICE,N
4583,J_NO_1,C11PALESTINIANRIGHTS,N
4583,J_NO_1,C12ZIONCRITICAL,N
4583,J_NO_1,C12SOLUTIONS,N
4583,J_NO_1,C12EQUALRIGHTS,N
4583,J_NO_1,C13ISRAELEVIDENCE,N
4583,J_NO_1,C13ISRAELINSTITUTIONS,N
4583,J_NO_1,C13ISRAELPOLICIES,N
4583,J_NO_1,C13ISRAELOPT,N
4583,J_NO_1,C13ISRAELREGION,N
4583,J_NO_1,C13ISRAELDISCRIMINATION,N
4583,J_NO_1,C13ISRAELNORMS,N
4583,J_NO_1,C13ISRAELCOMPARE,N
4583,J_NO_1,C14BDS,N
4583,J_NO_1,C15REASONABLE,N
4583,J_NO_1,C15DOUBLESTANDARD,N
18045,J_NO_1,C11PALESTINIANJUSTICE,N
18045,J_NO_1,C11PALESTINIANRIGHTS,N
18045,J_NO_1,C12ZIONCRITICAL,N
18045,J_NO_1,C12SOLUTIONS,N
18045,J_NO_1,C12EQUALRIGHTS,N
18045,J_NO_1,C13ISRAELEVIDENCE,N
18045,J_NO_1,C13ISRAELINSTITUTIONS,N
18045,J_NO_1,C13ISRAELPOLICIES,N
18045,J_NO_1,C13ISRAELOPT,N
18045,J_NO_1,C13ISRAELREGION,N
18045,J_NO_1,C13ISRAELDISCRIMINATION,N
18045,J_NO_1,C13ISRAELNORMS,N
18045,J_NO_1,C13ISRAELCOMPARE,N
18045,J_NO_1,C14BDS,N
18045,J_NO_1,C15REASONABLE,N
18045,J_NO_1,C15DOUBLESTANDARD,N
47998,J_NO_1,C11PALESTINIANJUSTICE,N
47998,J_NO_1,C11PALESTINIANRIGHTS,N
47998,J_NO_1,C12ZIONCRITICAL,N
47998,J_NO_1,C12SOLUTIONS,N
47998,J_NO_1,C12EQUALRIGHTS,N
47998,J_NO_1,C13ISRAELEVIDENCE,N
47998,J_NO_1,C13ISRAELINSTITUTIONS,N
47998,J_NO_1,C13ISRAELPOLICIES,N
47998,J_NO_1,C13ISRAELOPT,N
47998,J_NO_1,C13ISRAELREGION,N
47998,J_NO_1,C13ISRAELDISCRIMINATION,N
47998,J_NO_1,C13ISRAELNORMS,N
47998,J_NO_1,C13ISRAELCOMPARE,N
47998,J_NO_1,C14BDS,N
47998,J_NO_1,C15REASONABLE,N
47998,J_NO_1,C15DOUBLESTANDARD,N
7813,J_NO_1,C11PALESTINIANJUSTICE,N
7813,J_NO_1,C11PALESTINIANRIGHTS,N
7813,J_NO_1,C12ZIONCRITICAL,N
7813,J_NO_1,C12SOLUTIONS,N
7813,J_NO_1,C12EQUALRIGHTS,N
7813,J_NO_1,C13ISRAELEVIDENCE,N
7813,J_NO_1,C13ISRAELINSTITUTIONS,N
7813,J_NO_1,C13ISRAELPOLICIES,N
7813,J_NO_1,C13ISRAELOPT,N
7813,J_NO_1,C13ISRAELREGION,N
7813,J_NO_1,C13ISRAELDISCRIMINATION,N
7813,J_NO_1,C13ISRAELNORMS,N
7813,J_NO_1,C13ISRAELCOMPARE,N
7813,J_NO_1,C14BDS,N
7813,J_NO_1,C15REASONABLE,N
7813,J_NO_1,C15DOUBLESTANDARD,N
36477,J_NO_1,C11PALESTINIANJUSTICE,N
36477,J_NO_1,C11PALESTINIANRIGHTS,N
36477,J_NO_1,C12ZIONCRITICAL,N
36477,J_NO_1,C12SOLUTIONS,N
36477,J_NO_1,C12EQUALRIGHTS,N
36477,J_NO_1,C13ISRAELEVIDENCE,N
36477,J_NO_1,C13ISRAELINSTITUTIONS,N
36477,J_NO_1,C13ISRAELPOLICIES,N
36477,J_NO_1,C13ISRAELOPT,N
36477,J_NO_1,C13ISRAELREGION,N
36477,J_NO_1,C13ISRAELDISCRIMINATION,N
36477,J_NO_1,C13ISRAELNORMS,N
36477,J_NO_1,C13ISRAELCOMPARE,N
36477,J_NO_1,C14BDS,N
36477,J_NO_1,C15REASONABLE,N
36477,J_NO_1,C15DOUBLESTANDARD,N
44621,J_NO_1,PARSE_ERROR,Expecting value: line 1 column 1 (char 0)
9481,J_NO_1,C11PALESTINIANJUSTICE,N
9481,J_NO_1,C11PALESTINIANRIGHTS,N
9481,J_NO_1,C12ZIONCRITICAL,N
9481,J_NO_1,C12SOLUTIONS,N
9481,J_NO_1,C12EQUALRIGHTS,N
9481,J_NO_1,C13ISRAELEVIDENCE,N
9481,J_NO_1,C13ISRAELINSTITUTIONS,N
9481,J_NO_1,C13ISRAELPOLICIES,N
9481,J_NO_1,C13ISRAELOPT,N
9481,J_NO_1,C13ISRAELREGION,N
9481,J_NO_1,C13ISRAELDISCRIMINATION,N
9481,J_NO_1,C13ISRAELNORMS,N
9481,J_NO_1,C13ISRAELCOMPARE,N
9481,J_NO_1,C14BDS,N
9481,J_NO_1,C15REASONABLE,N
9481,J_NO_1,C15DOUBLESTANDARD,N
45845,J_NO_1,C11PALESTINIANJUSTICE,N
45845,J_NO_1,C11PALESTINIANRIGHTS,N
45845,J_NO_1,C12ZIONCRITICAL,N
45845,J_NO_1,C12SOLUTIONS,N
45845,J_NO_1,C12EQUALRIGHTS,N
45845,J_NO_1,C13ISRAELEVIDENCE,N
45845,J_NO_1,C13ISRAELINSTITUTIONS,N
45845,J_NO_1,C13ISRAELPOLICIES,N
45845,J_NO_1,C13ISRAELOPT,N
45845,J_NO_1,C13ISRAELREGION,N
45845,J_NO_1,C13ISRAELDISCRIMINATION,N
45845,J_NO_1,C13ISRAELNORMS,N
45845,J_NO_1,C13ISRAELCOMPARE,N
45845,J_NO_1,C14BDS,N
45845,J_NO_1,C15REASONABLE,N
45845,J_NO_1,C15DOUBLESTANDARD,N
45707,J_NO_1,C11PALESTINIANJUSTICE,N
45707,J_NO_1,C11PALESTINIANRIGHTS,N
45707,J_NO_1,C12ZIONCRITICAL,N
45707,J_NO_1,C12SOLUTIONS,N
45707,J_NO_1,C12EQUALRIGHTS,N
45707,J_NO_1,C13ISRAELEVIDENCE,N
45707,J_NO_1,C13ISRAELINSTITUTIONS,N
45707,J_NO_1,C13ISRAELPOLICIES,N
45707,J_NO_1,C13ISRAELOPT,N
45707,J_NO_1,C13ISRAELREGION,N
45707,J_NO_1,C13ISRAELDISCRIMINATION,N
45707,J_NO_1,C13ISRAELNORMS,N
45707,J_NO_1,C13ISRAELCOMPARE,N
45707,J_NO_1,C14BDS,N
45707,J_NO_1,C15REASONABLE,N
45707,J_NO_1,C15DOUBLESTANDARD,N
9592,J_NO_1,C11PALESTINIANJUSTICE,N
9592,J_NO_1,C11PALESTINIANRIGHTS,N
9592,J_NO_1,C12ZIONCRITICAL,N
9592,J_NO_1,C12SOLUTIONS,N
9592,J_NO_1,C12EQUALRIGHTS,N
9592,J_NO_1,C13ISRAELEVIDENCE,N
9592,J_NO_1,C13ISRAELINSTITUTIONS,N
9592,J_NO_1,C13ISRAELPOLICIES,N
9592,J_NO_1,C13ISRAELOPT,N
9592,J_NO_1,C13ISRAELREGION,N
9592,J_NO_1,C13ISRAELDISCRIMINATION,N
9592,J_NO_1,C13ISRAELNORMS,N
9592,J_NO_1,C13ISRAELCOMPARE,N
9592,J_NO_1,C14BDS,N
9592,J_NO_1,C15REASONABLE,N
9592,J_NO_1,C15DOUBLESTANDARD,N
17078,J_NO_1,C11PALESTINIANJUSTICE,N
17078,J_NO_1,C11PALESTINIANRIGHTS,N
17078,J_NO_1,C12ZIONCRITICAL,N
17078,J_NO_1,C12SOLUTIONS,N
17078,J_NO_1,C12EQUALRIGHTS,N
17078,J_NO_1,C13ISRAELEVIDENCE,N
17078,J_NO_1,C13ISRAELINSTITUTIONS,N
17078,J_NO_1,C13ISRAELPOLICIES,N
17078,J_NO_1,C13ISRAELOPT,N
17078,J_NO_1,C13ISRAELREGION,N
17078,J_NO_1,C13ISRAELDISCRIMINATION,N
17078,J_NO_1,C13ISRAELNORMS,N
17078,J_NO_1,C13ISRAELCOMPARE,N
17078,J_NO_1,C14BDS,N
17078,J_NO_1,C15REASONABLE,N
17078,J_NO_1,C15DOUBLESTANDARD,N
49632,J_NO_1,PARSE_ERROR,Expecting value: line 1 column 1 (char 0)
20737,J_NO_1,C11PALESTINIANJUSTICE,N
20737,J_NO_1,C11PALESTINIANRIGHTS,N
20737,J_NO_1,C12ZIONCRITICAL,N
20737,J_NO_1,C12SOLUTIONS,N
20737,J_NO_1,C12EQUALRIGHTS,N
20737,J_NO_1,C13ISRAELEVIDENCE,N
20737,J_NO_1,C13ISRAELINSTITUTIONS,N
20737,J_NO_1,C13ISRAELPOLICIES,N
20737,J_NO_1,C13ISRAELOPT,N
20737,J_NO_1,C13ISRAELREGION,N
20737,J_NO_1,C13ISRAELDISCRIMINATION,N
20737,J_NO_1,C13ISRAELNORMS,N
20737,J_NO_1,C13ISRAELCOMPARE,N
20737,J_NO_1,C14BDS,N
20737,J_NO_1,C15REASONABLE,N
20737,J_NO_1,C15DOUBLESTANDARD,N
7311,J_NO_1,C11PALESTINIANJUSTICE,N
7311,J_NO_1,C11PALESTINIANRIGHTS,N
7311,J_NO_1,C12ZIONCRITICAL,N
7311,J_NO_1,C12SOLUTIONS,N
7311,J_NO_1,C12EQUALRIGHTS,N
7311,J_NO_1,C13ISRAELEVIDENCE,N
7311,J_NO_1,C13ISRAELINSTITUTIONS,N
7311,J_NO_1,C13ISRAELPOLICIES,N
7311,J_NO_1,C13ISRAELOPT,N
7311,J_NO_1,C13ISRAELREGION,N
7311,J_NO_1,C13ISRAELDISCRIMINATION,N
7311,J_NO_1,C13ISRAELNORMS,N
7311,J_NO_1,C13ISRAELCOMPARE,N
7311,J_NO_1,C14BDS,N
7311,J_NO_1,C15REASONABLE,N
7311,J_NO_1,C15DOUBLESTANDARD,N
27260,J_NO_1,C11PALESTINIANJUSTICE,N
27260,J_NO_1,C11PALESTINIANRIGHTS,N
27260,J_NO_1,C12ZIONCRITICAL,N
27260,J_NO_1,C12SOLUTIONS,N
27260,J_NO_1,C12EQUALRIGHTS,N
27260,J_NO_1,C13ISRAELEVIDENCE,N
27260,J_NO_1,C13ISRAELINSTITUTIONS,N
27260,J_NO_1,C13ISRAELPOLICIES,N
27260,J_NO_1,C13ISRAELOPT,N
27260,J_NO_1,C13ISRAELREGION,N
27260,J_NO_1,C13ISRAELDISCRIMINATION,N
27260,J_NO_1,C13ISRAELNORMS,N
27260,J_NO_1,C13ISRAELCOMPARE,N
27260,J_NO_1,C14BDS,N
27260,J_NO_1,C15REASONABLE,N
27260,J_NO_1,C15DOUBLESTANDARD,N
37390,J_NO_1,C11PALESTINIANJUSTICE,N
37390,J_NO_1,C11PALESTINIANRIGHTS,N
37390,J_NO_1,C12ZIONCRITICAL,N
37390,J_NO_1,C12SOLUTIONS,N
37390,J_NO_1,C12EQUALRIGHTS,N
37390,J_NO_1,C13ISRAELEVIDENCE,N
37390,J_NO_1,C13ISRAELINSTITUTIONS,N
37390,J_NO_1,C13ISRAELPOLICIES,N
37390,J_NO_1,C13ISRAELOPT,N
37390,J_NO_1,C13ISRAELREGION,N
37390,J_NO_1,C13ISRAELDISCRIMINATION,N
37390,J_NO_1,C13ISRAELNORMS,N
37390,J_NO_1,C13ISRAELCOMPARE,N
37390,J_NO_1,C14BDS,N
37390,J_NO_1,C15REASONABLE,N
37390,J_NO_1,C15DOUBLESTANDARD,N
13660,J_NO_1,C11PALESTINIANJUSTICE,N
13660,J_NO_1,C11PALESTINIANRIGHTS,N
13660,J_NO_1,C12ZIONCRITICAL,N
13660,J_NO_1,C12SOLUTIONS,N
13660,J_NO_1,C12EQUALRIGHTS,N
13660,J_NO_1,C13ISRAELEVIDENCE,N
13660,J_NO_1,C13ISRAELINSTITUTIONS,N
13660,J_NO_1,C13ISRAELPOLICIES,N
13660,J_NO_1,C13ISRAELOPT,N
13660,J_NO_1,C13ISRAELREGION,N
13660,J_NO_1,C13ISRAELDISCRIMINATION,N
13660,J_NO_1,C13ISRAELNORMS,N
13660,J_NO_1,C13ISRAELCOMPARE,N
13660,J_NO_1,C14BDS,N
13660,J_NO_1,C15REASONABLE,N
13660,J_NO_1,C15DOUBLESTANDARD,N
40388,J_NO_1,C11PALESTINIANJUSTICE,N
40388,J_NO_1,C11PALESTINIANRIGHTS,N
40388,J_NO_1,C12ZIONCRITICAL,N
40388,J_NO_1,C12SOLUTIONS,N
40388,J_NO_1,C12EQUALRIGHTS,N
40388,J_NO_1,C13ISRAELEVIDENCE,N
40388,J_NO_1,C13ISRAELINSTITUTIONS,N
40388,J_NO_1,C13ISRAELPOLICIES,N
40388,J_NO_1,C13ISRAELOPT,N
40388,J_NO_1,C13ISRAELREGION,N
40388,J_NO_1,C13ISRAELDISCRIMINATION,N
40388,J_NO_1,C13ISRAELNORMS,N
40388,J_NO_1,C13ISRAELCOMPARE,N
40388,J_NO_1,C14BDS,N
40388,J_NO_1,C15REASONABLE,N
40388,J_NO_1,C15DOUBLESTANDARD,N
37408,J_NO_1,C11PALESTINIANJUSTICE,N
37408,J_NO_1,C11PALESTINIANRIGHTS,N
37408,J_NO_1,C12ZIONCRITICAL,N
37408,J_NO_1,C12SOLUTIONS,N
37408,J_NO_1,C12EQUALRIGHTS,N
37408,J_NO_1,C13ISRAELEVIDENCE,N
37408,J_NO_1,C13ISRAELINSTITUTIONS,N
37408,J_NO_1,C13ISRAELPOLICIES,N
37408,J_NO_1,C13ISRAELOPT,N
37408,J_NO_1,C13ISRAELREGION,N
37408,J_NO_1,C13ISRAELDISCRIMINATION,N
37408,J_NO_1,C13ISRAELNORMS,N
37408,J_NO_1,C13ISRAELCOMPARE,N
37408,J_NO_1,C14BDS,N
37408,J_NO_1,C15REASONABLE,N
37408,J_NO_1,C15DOUBLESTANDARD,N
22171,J_NO_1,C11PALESTINIANJUSTICE,A
22171,J_NO_1,C11PALESTINIANRIGHTS,A
22171,J_NO_1,C12ZIONCRITICAL,N
22171,J_NO_1,C12SOLUTIONS,N
22171,J_NO_1,C12EQUALRIGHTS,N
22171,J_NO_1,C13ISRAELEVIDENCE,N
22171,J_NO_1,C13ISRAELINSTITUTIONS,N
22171,J_NO_1,C13ISRAELPOLICIES,N
22171,J_NO_1,C13ISRAELOPT,N
22171,J_NO_1,C13ISRAELREGION,N
22171,J_NO_1,C13ISRAELDISCRIMINATION,N
22171,J_NO_1,C13ISRAELNORMS,N
22171,J_NO_1,C13ISRAELCOMPARE,N
22171,J_NO_1,C14BDS,N
22171,J_NO_1,C15REASONABLE,N
22171,J_NO_1,C15DOUBLESTANDARD,N
25453,J_NO_1,C11PALESTINIANJUSTICE,N
25453,J_NO_1,C11PALESTINIANRIGHTS,N
25453,J_NO_1,C12ZIONCRITICAL,N
25453,J_NO_1,C12SOLUTIONS,N
25453,J_NO_1,C12EQUALRIGHTS,N
25453,J_NO_1,C13ISRAELEVIDENCE,N
25453,J_NO_1,C13ISRAELINSTITUTIONS,N
25453,J_NO_1,C13ISRAELPOLICIES,N
25453,J_NO_1,C13ISRAELOPT,N
25453,J_NO_1,C13ISRAELREGION,N
25453,J_NO_1,C13ISRAELDISCRIMINATION,N
25453,J_NO_1,C13ISRAELNORMS,N
25453,J_NO_1,C13ISRAELCOMPARE,N
25453,J_NO_1,C14BDS,N
25453,J_NO_1,C15REASONABLE,N
25453,J_NO_1,C15DOUBLESTANDARD,N
10146,J_NO_1,C11PALESTINIANJUSTICE,N
10146,J_NO_1,C11PALESTINIANRIGHTS,N
10146,J_NO_1,C12ZIONCRITICAL,N
10146,J_NO_1,C12SOLUTIONS,N
10146,J_NO_1,C12EQUALRIGHTS,N
10146,J_NO_1,C13ISRAELEVIDENCE,N
10146,J_NO_1,C13ISRAELINSTITUTIONS,N
10146,J_NO_1,C13ISRAELPOLICIES,N
10146,J_NO_1,C13ISRAELOPT,N
10146,J_NO_1,C13ISRAELREGION,N
10146,J_NO_1,C13ISRAELDISCRIMINATION,N
10146,J_NO_1,C13ISRAELNORMS,N
10146,J_NO_1,C13ISRAELCOMPARE,N
10146,J_NO_1,C14BDS,N
10146,J_NO_1,C15REASONABLE,E
10146,J_NO_1,C15DOUBLESTANDARD,N
36456,J_NO_1,C11PALESTINIANJUSTICE,N
36456,J_NO_1,C11PALESTINIANRIGHTS,N
36456,J_NO_1,C12ZIONCRITICAL,N
36456,J_NO_1,C12SOLUTIONS,N
36456,J_NO_1,C12EQUALRIGHTS,N
36456,J_NO_1,C13ISRAELEVIDENCE,N
36456,J_NO_1,C13ISRAELINSTITUTIONS,N
36456,J_NO_1,C13ISRAELPOLICIES,N
36456,J_NO_1,C13ISRAELOPT,N
36456,J_NO_1,C13ISRAELREGION,N
36456,J_NO_1,C13ISRAELDISCRIMINATION,N
36456,J_NO_1,C13ISRAELNORMS,N
36456,J_NO_1,C13ISRAELCOMPARE,N
36456,J_NO_1,C14BDS,N
36456,J_NO_1,C15REASONABLE,N
36456,J_NO_1,C15DOUBLESTANDARD,N
26688,J_NO_1,C11PALESTINIANJUSTICE,N
26688,J_NO_1,C11PALESTINIANRIGHTS,N
26688,J_NO_1,C12ZIONCRITICAL,N
26688,J_NO_1,C12SOLUTIONS,N
26688,J_NO_1,C12EQUALRIGHTS,N
26688,J_NO_1,C13ISRAELEVIDENCE,N
26688,J_NO_1,C13ISRAELINSTITUTIONS,N
26688,J_NO_1,C13ISRAELPOLICIES,N
26688,J_NO_1,C13ISRAELOPT,N
26688,J_NO_1,C13ISRAELREGION,N
26688,J_NO_1,C13ISRAELDISCRIMINATION,N
26688,J_NO_1,C13ISRAELNORMS,N
26688,J_NO_1,C13ISRAELCOMPARE,N
26688,J_NO_1,C14BDS,N
26688,J_NO_1,C15REASONABLE,N
26688,J_NO_1,C15DOUBLESTANDARD,N
33809,J_NO_1,C11PALESTINIANJUSTICE,N
33809,J_NO_1,C11PALESTINIANRIGHTS,N
33809,J_NO_1,C12ZIONCRITICAL,N
33809,J_NO_1,C12SOLUTIONS,N
33809,J_NO_1,C12EQUALRIGHTS,N
33809,J_NO_1,C13ISRAELEVIDENCE,N
33809,J_NO_1,C13ISRAELINSTITUTIONS,N
33809,J_NO_1,C13ISRAELPOLICIES,N
33809,J_NO_1,C13ISRAELOPT,N
33809,J_NO_1,C13ISRAELREGION,N
33809,J_NO_1,C13ISRAELDISCRIMINATION,N
33809,J_NO_1,C13ISRAELNORMS,N
33809,J_NO_1,C13ISRAELCOMPARE,N
33809,J_NO_1,C14BDS,N
33809,J_NO_1,C15REASONABLE,N
33809,J_NO_1,C15DOUBLESTANDARD,N
41440,J_NO_1,C11PALESTINIANJUSTICE,N
41440,J_NO_1,C11PALESTINIANRIGHTS,N
41440,J_NO_1,C12ZIONCRITICAL,N
41440,J_NO_1,C12SOLUTIONS,N
41440,J_NO_1,C12EQUALRIGHTS,N
41440,J_NO_1,C13ISRAELEVIDENCE,N
41440,J_NO_1,C13ISRAELINSTITUTIONS,N
41440,J_NO_1,C13ISRAELPOLICIES,N
41440,J_NO_1,C13ISRAELOPT,N
41440,J_NO_1,C13ISRAELREGION,N
41440,J_NO_1,C13ISRAELDISCRIMINATION,N
41440,J_NO_1,C13ISRAELNORMS,N
41440,J_NO_1,C13ISRAELCOMPARE,N
41440,J_NO_1,C14BDS,N
41440,J_NO_1,C15REASONABLE,N
41440,J_NO_1,C15DOUBLESTANDARD,N
25438,J_NO_1,C11PALESTINIANJUSTICE,N
25438,J_NO_1,C11PALESTINIANRIGHTS,N
25438,J_NO_1,C12ZIONCRITICAL,N
25438,J_NO_1,C12SOLUTIONS,N
25438,J_NO_1,C12EQUALRIGHTS,N
25438,J_NO_1,C13ISRAELEVIDENCE,N
25438,J_NO_1,C13ISRAELINSTITUTIONS,N
25438,J_NO_1,C13ISRAELPOLICIES,N
25438,J_NO_1,C13ISRAELOPT,N
25438,J_NO_1,C13ISRAELREGION,N
25438,J_NO_1,C13ISRAELDISCRIMINATION,N
25438,J_NO_1,C13ISRAELNORMS,N
25438,J_NO_1,C13ISRAELCOMPARE,N
25438,J_NO_1,C14BDS,N
25438,J_NO_1,C15REASONABLE,N
25438,J_NO_1,C15DOUBLESTANDARD,N
31024,J_NO_1,C11PALESTINIANJUSTICE,N
31024,J_NO_1,C11PALESTINIANRIGHTS,N
31024,J_NO_1,C12ZIONCRITICAL,N
31024,J_NO_1,C12SOLUTIONS,N
31024,J_NO_1,C12EQUALRIGHTS,N
31024,J_NO_1,C13ISRAELEVIDENCE,N
31024,J_NO_1,C13ISRAELINSTITUTIONS,N
31024,J_NO_1,C13ISRAELPOLICIES,N
31024,J_NO_1,C13ISRAELOPT,N
31024,J_NO_1,C13ISRAELREGION,N
31024,J_NO_1,C13ISRAELDISCRIMINATION,N
31024,J_NO_1,C13ISRAELNORMS,N
31024,J_NO_1,C13ISRAELCOMPARE,N
31024,J_NO_1,C14BDS,N
31024,J_NO_1,C15REASONABLE,N
31024,J_NO_1,C15DOUBLESTANDARD,N
16532,J_NO_1,C11PALESTINIANJUSTICE,N
16532,J_NO_1,C11PALESTINIANRIGHTS,N
16532,J_NO_1,C12ZIONCRITICAL,N
16532,J_NO_1,C12SOLUTIONS,N
16532,J_NO_1,C12EQUALRIGHTS,N
16532,J_NO_1,C13ISRAELEVIDENCE,N
16532,J_NO_1,C13ISRAELINSTITUTIONS,N
16532,J_NO_1,C13ISRAELPOLICIES,N
16532,J_NO_1,C13ISRAELOPT,N
16532,J_NO_1,C13ISRAELREGION,N
16532,J_NO_1,C13ISRAELDISCRIMINATION,N
16532,J_NO_1,C13ISRAELNORMS,N
16532,J_NO_1,C13ISRAELCOMPARE,N
16532,J_NO_1,C14BDS,N
16532,J_NO_1,C15REASONABLE,N
16532,J_NO_1,C15DOUBLESTANDARD,N
20320,J_NO_1,C11PALESTINIANJUSTICE,N
20320,J_NO_1,C11PALESTINIANRIGHTS,N
20320,J_NO_1,C12ZIONCRITICAL,N
20320,J_NO_1,C12SOLUTIONS,N
20320,J_NO_1,C12EQUALRIGHTS,N
20320,J_NO_1,C13ISRAELEVIDENCE,N
20320,J_NO_1,C13ISRAELINSTITUTIONS,N
20320,J_NO_1,C13ISRAELPOLICIES,N
20320,J_NO_1,C13ISRAELOPT,N
20320,J_NO_1,C13ISRAELREGION,N
20320,J_NO_1,C13ISRAELDISCRIMINATION,N
20320,J_NO_1,C13ISRAELNORMS,N
20320,J_NO_1,C13ISRAELCOMPARE,N
20320,J_NO_1,C14BDS,N
20320,J_NO_1,C15REASONABLE,N
20320,J_NO_1,C15DOUBLESTANDARD,N
46201,J_NO_1,C11PALESTINIANJUSTICE,N
46201,J_NO_1,C11PALESTINIANRIGHTS,N
46201,J_NO_1,C12ZIONCRITICAL,N
46201,J_NO_1,C12SOLUTIONS,N
46201,J_NO_1,C12EQUALRIGHTS,N
46201,J_NO_1,C13ISRAELEVIDENCE,N
46201,J_NO_1,C13ISRAELINSTITUTIONS,N
46201,J_NO_1,C13ISRAELPOLICIES,N
46201,J_NO_1,C13ISRAELOPT,N
46201,J_NO_1,C13ISRAELREGION,N
46201,J_NO_1,C13ISRAELDISCRIMINATION,N
46201,J_NO_1,C13ISRAELNORMS,N
46201,J_NO_1,C13ISRAELCOMPARE,N
46201,J_NO_1,C14BDS,N
46201,J_NO_1,C15REASONABLE,N
46201,J_NO_1,C15DOUBLESTANDARD,N
17045,J_NO_1,C11PALESTINIANJUSTICE,N
17045,J_NO_1,C11PALESTINIANRIGHTS,N
17045,J_NO_1,C12ZIONCRITICAL,N
17045,J_NO_1,C12SOLUTIONS,N
17045,J_NO_1,C12EQUALRIGHTS,N
17045,J_NO_1,C13ISRAELEVIDENCE,N
17045,J_NO_1,C13ISRAELINSTITUTIONS,N
17045,J_NO_1,C13ISRAELPOLICIES,N
17045,J_NO_1,C13ISRAELOPT,N
17045,J_NO_1,C13ISRAELREGION,N
17045,J_NO_1,C13ISRAELDISCRIMINATION,N
17045,J_NO_1,C13ISRAELNORMS,N
17045,J_NO_1,C13ISRAELCOMPARE,N
17045,J_NO_1,C14BDS,N
17045,J_NO_1,C15REASONABLE,N
17045,J_NO_1,C15DOUBLESTANDARD,N
41451,J_NO_1,C11PALESTINIANJUSTICE,N
41451,J_NO_1,C11PALESTINIANRIGHTS,N
41451,J_NO_1,C12ZIONCRITICAL,A
41451,J_NO_1,C12SOLUTIONS,N
41451,J_NO_1,C12EQUALRIGHTS,N
41451,J_NO_1,C13ISRAELEVIDENCE,N
41451,J_NO_1,C13ISRAELINSTITUTIONS,N
41451,J_NO_1,C13ISRAELPOLICIES,N
41451,J_NO_1,C13ISRAELOPT,N
41451,J_NO_1,C13ISRAELREGION,N
41451,J_NO_1,C13ISRAELDISCRIMINATION,N
41451,J_NO_1,C13ISRAELNORMS,N
41451,J_NO_1,C13ISRAELCOMPARE,N
41451,J_NO_1,C14BDS,N
41451,J_NO_1,C15REASONABLE,N
41451,J_NO_1,C15DOUBLESTANDARD,N
34133,J_NO_1,C11PALESTINIANJUSTICE,N
34133,J_NO_1,C11PALESTINIANRIGHTS,N
34133,J_NO_1,C12ZIONCRITICAL,N
34133,J_NO_1,C12SOLUTIONS,N
34133,J_NO_1,C12EQUALRIGHTS,N
34133,J_NO_1,C13ISRAELEVIDENCE,N
34133,J_NO_1,C13ISRAELINSTITUTIONS,N
34133,J_NO_1,C13ISRAELPOLICIES,N
34133,J_NO_1,C13ISRAELOPT,N
34133,J_NO_1,C13ISRAELREGION,N
34133,J_NO_1,C13ISRAELDISCRIMINATION,N
34133,J_NO_1,C13ISRAELNORMS,N
34133,J_NO_1,C13ISRAELCOMPARE,N
34133,J_NO_1,C14BDS,N
34133,J_NO_1,C15REASONABLE,N
34133,J_NO_1,C15DOUBLESTANDARD,N
40500,J_NO_1,C11PALESTINIANJUSTICE,N
40500,J_NO_1,C11PALESTINIANRIGHTS,N
40500,J_NO_1,C12ZIONCRITICAL,N
40500,J_NO_1,C12SOLUTIONS,N
40500,J_NO_1,C12EQUALRIGHTS,N
40500,J_NO_1,C13ISRAELEVIDENCE,N
40500,J_NO_1,C13ISRAELINSTITUTIONS,N
40500,J_NO_1,C13ISRAELPOLICIES,N
40500,J_NO_1,C13ISRAELOPT,N
40500,J_NO_1,C13ISRAELREGION,N
40500,J_NO_1,C13ISRAELDISCRIMINATION,N
40500,J_NO_1,C13ISRAELNORMS,N
40500,J_NO_1,C13ISRAELCOMPARE,N
40500,J_NO_1,C14BDS,N
40500,J_NO_1,C15REASONABLE,N
40500,J_NO_1,C15DOUBLESTANDARD,N
46254,J_NO_1,C11PALESTINIANJUSTICE,N
46254,J_NO_1,C11PALESTINIANRIGHTS,N
46254,J_NO_1,C12ZIONCRITICAL,N
46254,J_NO_1,C12SOLUTIONS,N
46254,J_NO_1,C12EQUALRIGHTS,N
46254,J_NO_1,C13ISRAELEVIDENCE,N
46254,J_NO_1,C13ISRAELINSTITUTIONS,N
46254,J_NO_1,C13ISRAELPOLICIES,N
46254,J_NO_1,C13ISRAELOPT,N
46254,J_NO_1,C13ISRAELREGION,N
46254,J_NO_1,C13ISRAELDISCRIMINATION,N
46254,J_NO_1,C13ISRAELNORMS,N
46254,J_NO_1,C13ISRAELCOMPARE,N
46254,J_NO_1,C14BDS,N
46254,J_NO_1,C15REASONABLE,N
46254,J_NO_1,C15DOUBLESTANDARD,N
21915,J_NO_1,C11PALESTINIANJUSTICE,N
21915,J_NO_1,C11PALESTINIANRIGHTS,N
21915,J_NO_1,C12ZIONCRITICAL,N
21915,J_NO_1,C12SOLUTIONS,N
21915,J_NO_1,C12EQUALRIGHTS,N
21915,J_NO_1,C13ISRAELEVIDENCE,N
21915,J_NO_1,C13ISRAELINSTITUTIONS,N
21915,J_NO_1,C13ISRAELPOLICIES,N
21915,J_NO_1,C13ISRAELOPT,N
21915,J_NO_1,C13ISRAELREGION,N
21915,J_NO_1,C13ISRAELDISCRIMINATION,N
21915,J_NO_1,C13ISRAELNORMS,N
21915,J_NO_1,C13ISRAELCOMPARE,N
21915,J_NO_1,C14BDS,N
21915,J_NO_1,C15REASONABLE,N
21915,J_NO_1,C15DOUBLESTANDARD,N
45188,J_NO_1,C11PALESTINIANJUSTICE,N
45188,J_NO_1,C11PALESTINIANRIGHTS,N
45188,J_NO_1,C12ZIONCRITICAL,N
45188,J_NO_1,C12SOLUTIONS,N
45188,J_NO_1,C12EQUALRIGHTS,N
45188,J_NO_1,C13ISRAELEVIDENCE,N
45188,J_NO_1,C13ISRAELINSTITUTIONS,N
45188,J_NO_1,C13ISRAELPOLICIES,N
45188,J_NO_1,C13ISRAELOPT,N
45188,J_NO_1,C13ISRAELREGION,N
45188,J_NO_1,C13ISRAELDISCRIMINATION,N
45188,J_NO_1,C13ISRAELNORMS,N
45188,J_NO_1,C13ISRAELCOMPARE,N
45188,J_NO_1,C14BDS,N
45188,J_NO_1,C15REASONABLE,N
45188,J_NO_1,C15DOUBLESTANDARD,N
45678,J_NO_1,C11PALESTINIANJUSTICE,A
45678,J_NO_1,C11PALESTINIANRIGHTS,A
45678,J_NO_1,C12ZIONCRITICAL,N
45678,J_NO_1,C12SOLUTIONS,N
45678,J_NO_1,C12EQUALRIGHTS,N
45678,J_NO_1,C13ISRAELEVIDENCE,N
45678,J_NO_1,C13ISRAELINSTITUTIONS,N
45678,J_NO_1,C13ISRAELPOLICIES,N
45678,J_NO_1,C13ISRAELOPT,N
45678,J_NO_1,C13ISRAELREGION,N
45678,J_NO_1,C13ISRAELDISCRIMINATION,N
45678,J_NO_1,C13ISRAELNORMS,N
45678,J_NO_1,C13ISRAELCOMPARE,N
45678,J_NO_1,C14BDS,N
45678,J_NO_1,C15REASONABLE,A
45678,J_NO_1,C15DOUBLESTANDARD,N
8203,J_NO_1,C11PALESTINIANJUSTICE,N
8203,J_NO_1,C11PALESTINIANRIGHTS,N
8203,J_NO_1,C12ZIONCRITICAL,N
8203,J_NO_1,C12SOLUTIONS,N
8203,J_NO_1,C12EQUALRIGHTS,N
8203,J_NO_1,C13ISRAELEVIDENCE,N
8203,J_NO_1,C13ISRAELINSTITUTIONS,N
8203,J_NO_1,C13ISRAELPOLICIES,N
8203,J_NO_1,C13ISRAELOPT,N
8203,J_NO_1,C13ISRAELREGION,N
8203,J_NO_1,C13ISRAELDISCRIMINATION,N
8203,J_NO_1,C13ISRAELNORMS,N
8203,J_NO_1,C13ISRAELCOMPARE,N
8203,J_NO_1,C14BDS,N
8203,J_NO_1,C15REASONABLE,N
8203,J_NO_1,C15DOUBLESTANDARD,N
35082,J_NO_1,C11PALESTINIANJUSTICE,N
35082,J_NO_1,C11PALESTINIANRIGHTS,N
35082,J_NO_1,C12ZIONCRITICAL,N
35082,J_NO_1,C12SOLUTIONS,N
35082,J_NO_1,C12EQUALRIGHTS,N
35082,J_NO_1,C13ISRAELEVIDENCE,N
35082,J_NO_1,C13ISRAELINSTITUTIONS,N
35082,J_NO_1,C13ISRAELPOLICIES,N
35082,J_NO_1,C13ISRAELOPT,N
35082,J_NO_1,C13ISRAELREGION,N
35082,J_NO_1,C13ISRAELDISCRIMINATION,N
35082,J_NO_1,C13ISRAELNORMS,N
35082,J_NO_1,C13ISRAELCOMPARE,N
35082,J_NO_1,C14BDS,N
35082,J_NO_1,C15REASONABLE,N
35082,J_NO_1,C15DOUBLESTANDARD,N
43791,J_NO_1,C11PALESTINIANJUSTICE,N
43791,J_NO_1,C11PALESTINIANRIGHTS,N
43791,J_NO_1,C12ZIONCRITICAL,N
43791,J_NO_1,C12SOLUTIONS,N
43791,J_NO_1,C12EQUALRIGHTS,N
43791,J_NO_1,C13ISRAELEVIDENCE,N
43791,J_NO_1,C13ISRAELINSTITUTIONS,N
43791,J_NO_1,C13ISRAELPOLICIES,N
43791,J_NO_1,C13ISRAELOPT,N
43791,J_NO_1,C13ISRAELREGION,N
43791,J_NO_1,C13ISRAELDISCRIMINATION,N
43791,J_NO_1,C13ISRAELNORMS,N
43791,J_NO_1,C13ISRAELCOMPARE,N
43791,J_NO_1,C14BDS,N
43791,J_NO_1,C15REASONABLE,N
43791,J_NO_1,C15DOUBLESTANDARD,N
34086,J_NO_1,C11PALESTINIANJUSTICE,N
34086,J_NO_1,C11PALESTINIANRIGHTS,N
34086,J_NO_1,C12ZIONCRITICAL,N
34086,J_NO_1,C12SOLUTIONS,N
34086,J_NO_1,C12EQUALRIGHTS,N
34086,J_NO_1,C13ISRAELEVIDENCE,A
34086,J_NO_1,C13ISRAELINSTITUTIONS,A
34086,J_NO_1,C13ISRAELPOLICIES,I
34086,J_NO_1,C13ISRAELOPT,N
34086,J_NO_1,C13ISRAELREGION,N
34086,J_NO_1,C13ISRAELDISCRIMINATION,N
34086,J_NO_1,C13ISRAELNORMS,N
34086,J_NO_1,C13ISRAELCOMPARE,N
34086,J_NO_1,C14BDS,N
34086,J_NO_1,C15REASONABLE,N
34086,J_NO_1,C15DOUBLESTANDARD,N
40100,J_NO_1,C11PALESTINIANJUSTICE,N
40100,J_NO_1,C11PALESTINIANRIGHTS,N
40100,J_NO_1,C12ZIONCRITICAL,N
40100,J_NO_1,C12SOLUTIONS,N
40100,J_NO_1,C12EQUALRIGHTS,N
40100,J_NO_1,C13ISRAELEVIDENCE,N
40100,J_NO_1,C13ISRAELINSTITUTIONS,N
40100,J_NO_1,C13ISRAELPOLICIES,N
40100,J_NO_1,C13ISRAELOPT,N
40100,J_NO_1,C13ISRAELREGION,N
40100,J_NO_1,C13ISRAELDISCRIMINATION,N
40100,J_NO_1,C13ISRAELNORMS,N
40100,J_NO_1,C13ISRAELCOMPARE,N
40100,J_NO_1,C14BDS,N
40100,J_NO_1,C15REASONABLE,N
40100,J_NO_1,C15DOUBLESTANDARD,N
481,J_NO_1,C11PALESTINIANJUSTICE,N
481,J_NO_1,C11PALESTINIANRIGHTS,N
481,J_NO_1,C12ZIONCRITICAL,N
481,J_NO_1,C12SOLUTIONS,N
481,J_NO_1,C12EQUALRIGHTS,N
481,J_NO_1,C13ISRAELEVIDENCE,N
481,J_NO_1,C13ISRAELINSTITUTIONS,N
481,J_NO_1,C13ISRAELPOLICIES,N
481,J_NO_1,C13ISRAELOPT,N
481,J_NO_1,C13ISRAELREGION,N
481,J_NO_1,C13ISRAELDISCRIMINATION,N
481,J_NO_1,C13ISRAELNORMS,N
481,J_NO_1,C13ISRAELCOMPARE,N
481,J_NO_1,C14BDS,N
481,J_NO_1,C15REASONABLE,N
481,J_NO_1,C15DOUBLESTANDARD,N
6354,J_NO_1,C11PALESTINIANJUSTICE,N
6354,J_NO_1,C11PALESTINIANRIGHTS,N
6354,J_NO_1,C12ZIONCRITICAL,N
6354,J_NO_1,C12SOLUTIONS,N
6354,J_NO_1,C12EQUALRIGHTS,N
6354,J_NO_1,C13ISRAELEVIDENCE,N
6354,J_NO_1,C13ISRAELINSTITUTIONS,N
6354,J_NO_1,C13ISRAELPOLICIES,N
6354,J_NO_1,C13ISRAELOPT,N
6354,J_NO_1,C13ISRAELREGION,N
6354,J_NO_1,C13ISRAELDISCRIMINATION,N
6354,J_NO_1,C13ISRAELNORMS,N
6354,J_NO_1,C13ISRAELCOMPARE,N
6354,J_NO_1,C14BDS,N
6354,J_NO_1,C15REASONABLE,N
6354,J_NO_1,C15DOUBLESTANDARD,A
48204,J_NO_1,C11PALESTINIANJUSTICE,N
48204,J_NO_1,C11PALESTINIANRIGHTS,N
48204,J_NO_1,C12ZIONCRITICAL,N
48204,J_NO_1,C12SOLUTIONS,N
48204,J_NO_1,C12EQUALRIGHTS,N
48204,J_NO_1,C13ISRAELEVIDENCE,N
48204,J_NO_1,C13ISRAELINSTITUTIONS,N
48204,J_NO_1,C13ISRAELPOLICIES,N
48204,J_NO_1,C13ISRAELOPT,N
48204,J_NO_1,C13ISRAELREGION,N
48204,J_NO_1,C13ISRAELDISCRIMINATION,N
48204,J_NO_1,C13ISRAELNORMS,N
48204,J_NO_1,C13ISRAELCOMPARE,N
48204,J_NO_1,C14BDS,N
48204,J_NO_1,C15REASONABLE,N
48204,J_NO_1,C15DOUBLESTANDARD,N
20102,J_NO_1,C11PALESTINIANJUSTICE,N
20102,J_NO_1,C11PALESTINIANRIGHTS,N
20102,J_NO_1,C12ZIONCRITICAL,N
20102,J_NO_1,C12SOLUTIONS,N
20102,J_NO_1,C12EQUALRIGHTS,N
20102,J_NO_1,C13ISRAELEVIDENCE,N
20102,J_NO_1,C13ISRAELINSTITUTIONS,N
20102,J_NO_1,C13ISRAELPOLICIES,N
20102,J_NO_1,C13ISRAELOPT,N
20102,J_NO_1,C13ISRAELREGION,N
20102,J_NO_1,C13ISRAELDISCRIMINATION,N
20102,J_NO_1,C13ISRAELNORMS,N
20102,J_NO_1,C13ISRAELCOMPARE,N
20102,J_NO_1,C14BDS,N
20102,J_NO_1,C15REASONABLE,N
20102,J_NO_1,C15DOUBLESTANDARD,N
12255,J_NO_1,C11PALESTINIANJUSTICE,N
12255,J_NO_1,C11PALESTINIANRIGHTS,N
12255,J_NO_1,C12ZIONCRITICAL,I
12255,J_NO_1,C12SOLUTIONS,N
12255,J_NO_1,C12EQUALRIGHTS,N
12255,J_NO_1,C13ISRAELEVIDENCE,N
12255,J_NO_1,C13ISRAELINSTITUTIONS,N
12255,J_NO_1,C13ISRAELPOLICIES,N
12255,J_NO_1,C13ISRAELOPT,N
12255,J_NO_1,C13ISRAELREGION,N
12255,J_NO_1,C13ISRAELDISCRIMINATION,N
12255,J_NO_1,C13ISRAELNORMS,N
12255,J_NO_1,C13ISRAELCOMPARE,N
12255,J_NO_1,C14BDS,N
12255,J_NO_1,C15REASONABLE,E
12255,J_NO_1,C15DOUBLESTANDARD,N
26324,J_NO_1,C11PALESTINIANJUSTICE,I
26324,J_NO_1,C11PALESTINIANRIGHTS,I
26324,J_NO_1,C12ZIONCRITICAL,N
26324,J_NO_1,C12SOLUTIONS,N
26324,J_NO_1,C12EQUALRIGHTS,N
26324,J_NO_1,C13ISRAELEVIDENCE,E
26324,J_NO_1,C13ISRAELINSTITUTIONS,N
26324,J_NO_1,C13ISRAELPOLICIES,E
26324,J_NO_1,C13ISRAELOPT,E
26324,J_NO_1,C13ISRAELREGION,N
26324,J_NO_1,C13ISRAELDISCRIMINATION,I
26324,J_NO_1,C13ISRAELNORMS,N
26324,J_NO_1,C13ISRAELCOMPARE,N
26324,J_NO_1,C14BDS,N
26324,J_NO_1,C15REASONABLE,N
26324,J_NO_1,C15DOUBLESTANDARD,N
41297,J_NO_1,C11PALESTINIANJUSTICE,N
41297,J_NO_1,C11PALESTINIANRIGHTS,N
41297,J_NO_1,C12ZIONCRITICAL,N
41297,J_NO_1,C12SOLUTIONS,N
41297,J_NO_1,C12EQUALRIGHTS,N
41297,J_NO_1,C13ISRAELEVIDENCE,N
41297,J_NO_1,C13ISRAELINSTITUTIONS,N
41297,J_NO_1,C13ISRAELPOLICIES,N
41297,J_NO_1,C13ISRAELOPT,N
41297,J_NO_1,C13ISRAELREGION,N
41297,J_NO_1,C13ISRAELDISCRIMINATION,N
41297,J_NO_1,C13ISRAELNORMS,N
41297,J_NO_1,C13ISRAELCOMPARE,N
41297,J_NO_1,C14BDS,N
41297,J_NO_1,C15REASONABLE,N
41297,J_NO_1,C15DOUBLESTANDARD,N
14602,J_NO_1,C11PALESTINIANJUSTICE,N
14602,J_NO_1,C11PALESTINIANRIGHTS,N
14602,J_NO_1,C12ZIONCRITICAL,N
14602,J_NO_1,C12SOLUTIONS,N
14602,J_NO_1,C12EQUALRIGHTS,N
14602,J_NO_1,C13ISRAELEVIDENCE,N
14602,J_NO_1,C13ISRAELINSTITUTIONS,N
14602,J_NO_1,C13ISRAELPOLICIES,N
14602,J_NO_1,C13ISRAELOPT,N
14602,J_NO_1,C13ISRAELREGION,N
14602,J_NO_1,C13ISRAELDISCRIMINATION,N
14602,J_NO_1,C13ISRAELNORMS,N
14602,J_NO_1,C13ISRAELCOMPARE,N
14602,J_NO_1,C14BDS,N
14602,J_NO_1,C15REASONABLE,N
14602,J_NO_1,C15DOUBLESTANDARD,N
20537,J_NO_1,C11PALESTINIANJUSTICE,A
20537,J_NO_1,C11PALESTINIANRIGHTS,A
20537,J_NO_1,C12ZIONCRITICAL,I
20537,J_NO_1,C12SOLUTIONS,N
20537,J_NO_1,C12EQUALRIGHTS,N
20537,J_NO_1,C13ISRAELEVIDENCE,A
20537,J_NO_1,C13ISRAELINSTITUTIONS,A
20537,J_NO_1,C13ISRAELPOLICIES,I
20537,J_NO_1,C13ISRAELOPT,A
20537,J_NO_1,C13ISRAELREGION,I
20537,J_NO_1,C13ISRAELDISCRIMINATION,N
20537,J_NO_1,C13ISRAELNORMS,A
20537,J_NO_1,C13ISRAELCOMPARE,N
20537,J_NO_1,C14BDS,N
20537,J_NO_1,C15REASONABLE,I
20537,J_NO_1,C15DOUBLESTANDARD,A
39919,J_NO_1,C11PALESTINIANJUSTICE,N
39919,J_NO_1,C11PALESTINIANRIGHTS,N
39919,J_NO_1,C12ZIONCRITICAL,N
39919,J_NO_1,C12SOLUTIONS,N
39919,J_NO_1,C12EQUALRIGHTS,N
39919,J_NO_1,C13ISRAELEVIDENCE,N
39919,J_NO_1,C13ISRAELINSTITUTIONS,N
39919,J_NO_1,C13ISRAELPOLICIES,N
39919,J_NO_1,C13ISRAELOPT,N
39919,J_NO_1,C13ISRAELREGION,N
39919,J_NO_1,C13ISRAELDISCRIMINATION,N
39919,J_NO_1,C13ISRAELNORMS,N
39919,J_NO_1,C13ISRAELCOMPARE,N
39919,J_NO_1,C14BDS,N
39919,J_NO_1,C15REASONABLE,N
39919,J_NO_1,C15DOUBLESTANDARD,N
31274,J_NO_1,C11PALESTINIANJUSTICE,N
31274,J_NO_1,C11PALESTINIANRIGHTS,N
31274,J_NO_1,C12ZIONCRITICAL,N
31274,J_NO_1,C12SOLUTIONS,N
31274,J_NO_1,C12EQUALRIGHTS,N
31274,J_NO_1,C13ISRAELEVIDENCE,N
31274,J_NO_1,C13ISRAELINSTITUTIONS,N
31274,J_NO_1,C13ISRAELPOLICIES,N
31274,J_NO_1,C13ISRAELOPT,N
31274,J_NO_1,C13ISRAELREGION,N
31274,J_NO_1,C13ISRAELDISCRIMINATION,N
31274,J_NO_1,C13ISRAELNORMS,N
31274,J_NO_1,C13ISRAELCOMPARE,N
31274,J_NO_1,C14BDS,N
31274,J_NO_1,C15REASONABLE,N
31274,J_NO_1,C15DOUBLESTANDARD,N
21958,J_NO_1,C11PALESTINIANJUSTICE,A
21958,J_NO_1,C11PALESTINIANRIGHTS,N
21958,J_NO_1,C12ZIONCRITICAL,N
21958,J_NO_1,C12SOLUTIONS,N
21958,J_NO_1,C12EQUALRIGHTS,N
21958,J_NO_1,C13ISRAELEVIDENCE,N
21958,J_NO_1,C13ISRAELINSTITUTIONS,N
21958,J_NO_1,C13ISRAELPOLICIES,N
21958,J_NO_1,C13ISRAELOPT,N
21958,J_NO_1,C13ISRAELREGION,N
21958,J_NO_1,C13ISRAELDISCRIMINATION,N
21958,J_NO_1,C13ISRAELNORMS,N
21958,J_NO_1,C13ISRAELCOMPARE,N
21958,J_NO_1,C14BDS,N
21958,J_NO_1,C15REASONABLE,A
21958,J_NO_1,C15DOUBLESTANDARD,N
33025,J_NO_1,C11PALESTINIANJUSTICE,N
33025,J_NO_1,C11PALESTINIANRIGHTS,N
33025,J_NO_1,C12ZIONCRITICAL,N
33025,J_NO_1,C12SOLUTIONS,N
33025,J_NO_1,C12EQUALRIGHTS,N
33025,J_NO_1,C13ISRAELEVIDENCE,N
33025,J_NO_1,C13ISRAELINSTITUTIONS,N
33025,J_NO_1,C13ISRAELPOLICIES,N
33025,J_NO_1,C13ISRAELOPT,N
33025,J_NO_1,C13ISRAELREGION,N
33025,J_NO_1,C13ISRAELDISCRIMINATION,N
33025,J_NO_1,C13ISRAELNORMS,N
33025,J_NO_1,C13ISRAELCOMPARE,N
33025,J_NO_1,C14BDS,N
33025,J_NO_1,C15REASONABLE,N
33025,J_NO_1,C15DOUBLESTANDARD,N
42123,J_NO_1,C11PALESTINIANJUSTICE,N
42123,J_NO_1,C11PALESTINIANRIGHTS,N
42123,J_NO_1,C12ZIONCRITICAL,N
42123,J_NO_1,C12SOLUTIONS,N
42123,J_NO_1,C12EQUALRIGHTS,N
42123,J_NO_1,C13ISRAELEVIDENCE,N
42123,J_NO_1,C13ISRAELINSTITUTIONS,N
42123,J_NO_1,C13ISRAELPOLICIES,N
42123,J_NO_1,C13ISRAELOPT,N
42123,J_NO_1,C13ISRAELREGION,N
42123,J_NO_1,C13ISRAELDISCRIMINATION,N
42123,J_NO_1,C13ISRAELNORMS,N
42123,J_NO_1,C13ISRAELCOMPARE,N
42123,J_NO_1,C14BDS,N
42123,J_NO_1,C15REASONABLE,N
42123,J_NO_1,C15DOUBLESTANDARD,N
47901,J_NO_1,C11PALESTINIANJUSTICE,N
47901,J_NO_1,C11PALESTINIANRIGHTS,N
47901,J_NO_1,C12ZIONCRITICAL,N
47901,J_NO_1,C12SOLUTIONS,N
47901,J_NO_1,C12EQUALRIGHTS,N
47901,J_NO_1,C13ISRAELEVIDENCE,N
47901,J_NO_1,C13ISRAELINSTITUTIONS,N
47901,J_NO_1,C13ISRAELPOLICIES,N
47901,J_NO_1,C13ISRAELOPT,N
47901,J_NO_1,C13ISRAELREGION,N
47901,J_NO_1,C13ISRAELDISCRIMINATION,N
47901,J_NO_1,C13ISRAELNORMS,N
47901,J_NO_1,C13ISRAELCOMPARE,N
47901,J_NO_1,C14BDS,N
47901,J_NO_1,C15REASONABLE,N
47901,J_NO_1,C15DOUBLESTANDARD,N
14961,J_NO_1,C11PALESTINIANJUSTICE,N
14961,J_NO_1,C11PALESTINIANRIGHTS,N
14961,J_NO_1,C12ZIONCRITICAL,N
14961,J_NO_1,C12SOLUTIONS,N
14961,J_NO_1,C12EQUALRIGHTS,N
14961,J_NO_1,C13ISRAELEVIDENCE,N
14961,J_NO_1,C13ISRAELINSTITUTIONS,N
14961,J_NO_1,C13ISRAELPOLICIES,N
14961,J_NO_1,C13ISRAELOPT,N
14961,J_NO_1,C13ISRAELREGION,N
14961,J_NO_1,C13ISRAELDISCRIMINATION,N
14961,J_NO_1,C13ISRAELNORMS,N
14961,J_NO_1,C13ISRAELCOMPARE,N
14961,J_NO_1,C14BDS,N
14961,J_NO_1,C15REASONABLE,N
14961,J_NO_1,C15DOUBLESTANDARD,N
7680,J_NO_1,C11PALESTINIANJUSTICE,N
7680,J_NO_1,C11PALESTINIANRIGHTS,N
7680,J_NO_1,C12ZIONCRITICAL,N
7680,J_NO_1,C12SOLUTIONS,N
7680,J_NO_1,C12EQUALRIGHTS,N
7680,J_NO_1,C13ISRAELEVIDENCE,N
7680,J_NO_1,C13ISRAELINSTITUTIONS,N
7680,J_NO_1,C13ISRAELPOLICIES,N
7680,J_NO_1,C13ISRAELOPT,N
7680,J_NO_1,C13ISRAELREGION,N
7680,J_NO_1,C13ISRAELDISCRIMINATION,N
7680,J_NO_1,C13ISRAELNORMS,N
7680,J_NO_1,C13ISRAELCOMPARE,N
7680,J_NO_1,C14BDS,N
7680,J_NO_1,C15REASONABLE,N
7680,J_NO_1,C15DOUBLESTANDARD,N
29666,J_NO_1,C11PALESTINIANJUSTICE,N
29666,J_NO_1,C11PALESTINIANRIGHTS,N
29666,J_NO_1,C12ZIONCRITICAL,N
29666,J_NO_1,C12SOLUTIONS,N
29666,J_NO_1,C12EQUALRIGHTS,N
29666,J_NO_1,C13ISRAELEVIDENCE,N
29666,J_NO_1,C13ISRAELINSTITUTIONS,N
29666,J_NO_1,C13ISRAELPOLICIES,N
29666,J_NO_1,C13ISRAELOPT,N
29666,J_NO_1,C13ISRAELREGION,N
29666,J_NO_1,C13ISRAELDISCRIMINATION,N
29666,J_NO_1,C13ISRAELNORMS,N
29666,J_NO_1,C13ISRAELCOMPARE,N
29666,J_NO_1,C14BDS,N
29666,J_NO_1,C15REASONABLE,N
29666,J_NO_1,C15DOUBLESTANDARD,N
33340,J_NO_1,C11PALESTINIANJUSTICE,N
33340,J_NO_1,C11PALESTINIANRIGHTS,N
33340,J_NO_1,C12ZIONCRITICAL,N
33340,J_NO_1,C12SOLUTIONS,N
33340,J_NO_1,C12EQUALRIGHTS,N
33340,J_NO_1,C13ISRAELEVIDENCE,N
33340,J_NO_1,C13ISRAELINSTITUTIONS,N
33340,J_NO_1,C13ISRAELPOLICIES,N
33340,J_NO_1,C13ISRAELOPT,N
33340,J_NO_1,C13ISRAELREGION,N
33340,J_NO_1,C13ISRAELDISCRIMINATION,N
33340,J_NO_1,C13ISRAELNORMS,N
33340,J_NO_1,C13ISRAELCOMPARE,N
33340,J_NO_1,C14BDS,N
33340,J_NO_1,C15REASONABLE,N
33340,J_NO_1,C15DOUBLESTANDARD,N
40184,J_NO_1,C11PALESTINIANJUSTICE,N
40184,J_NO_1,C11PALESTINIANRIGHTS,N
40184,J_NO_1,C12ZIONCRITICAL,N
40184,J_NO_1,C12SOLUTIONS,N
40184,J_NO_1,C12EQUALRIGHTS,N
40184,J_NO_1,C13ISRAELEVIDENCE,N
40184,J_NO_1,C13ISRAELINSTITUTIONS,N
40184,J_NO_1,C13ISRAELPOLICIES,N
40184,J_NO_1,C13ISRAELOPT,N
40184,J_NO_1,C13ISRAELREGION,N
40184,J_NO_1,C13ISRAELDISCRIMINATION,N
40184,J_NO_1,C13ISRAELNORMS,N
40184,J_NO_1,C13ISRAELCOMPARE,N
40184,J_NO_1,C14BDS,N
40184,J_NO_1,C15REASONABLE,N
40184,J_NO_1,C15DOUBLESTANDARD,N
596,J_NO_1,C11PALESTINIANJUSTICE,N
596,J_NO_1,C11PALESTINIANRIGHTS,N
596,J_NO_1,C12ZIONCRITICAL,N
596,J_NO_1,C12SOLUTIONS,N
596,J_NO_1,C12EQUALRIGHTS,N
596,J_NO_1,C13ISRAELEVIDENCE,N
596,J_NO_1,C13ISRAELINSTITUTIONS,N
596,J_NO_1,C13ISRAELPOLICIES,N
596,J_NO_1,C13ISRAELOPT,N
596,J_NO_1,C13ISRAELREGION,N
596,J_NO_1,C13ISRAELDISCRIMINATION,N
596,J_NO_1,C13ISRAELNORMS,N
596,J_NO_1,C13ISRAELCOMPARE,N
596,J_NO_1,C14BDS,N
596,J_NO_1,C15REASONABLE,N
596,J_NO_1,C15DOUBLESTANDARD,N
9251,J_NO_1,C11PALESTINIANJUSTICE,N
9251,J_NO_1,C11PALESTINIANRIGHTS,N
9251,J_NO_1,C12ZIONCRITICAL,N
9251,J_NO_1,C12SOLUTIONS,N
9251,J_NO_1,C12EQUALRIGHTS,N
9251,J_NO_1,C13ISRAELEVIDENCE,N
9251,J_NO_1,C13ISRAELINSTITUTIONS,N
9251,J_NO_1,C13ISRAELPOLICIES,N
9251,J_NO_1,C13ISRAELOPT,N
9251,J_NO_1,C13ISRAELREGION,N
9251,J_NO_1,C13ISRAELDISCRIMINATION,N
9251,J_NO_1,C13ISRAELNORMS,N
9251,J_NO_1,C13ISRAELCOMPARE,N
9251,J_NO_1,C14BDS,N
9251,J_NO_1,C15REASONABLE,N
9251,J_NO_1,C15DOUBLESTANDARD,N
17286,J_NO_1,C11PALESTINIANJUSTICE,N
17286,J_NO_1,C11PALESTINIANRIGHTS,N
17286,J_NO_1,C12ZIONCRITICAL,I
17286,J_NO_1,C12SOLUTIONS,N
17286,J_NO_1,C12EQUALRIGHTS,N
17286,J_NO_1,C13ISRAELEVIDENCE,N
17286,J_NO_1,C13ISRAELINSTITUTIONS,N
17286,J_NO_1,C13ISRAELPOLICIES,N
17286,J_NO_1,C13ISRAELOPT,N
17286,J_NO_1,C13ISRAELREGION,N
17286,J_NO_1,C13ISRAELDISCRIMINATION,N
17286,J_NO_1,C13ISRAELNORMS,N
17286,J_NO_1,C13ISRAELCOMPARE,I
17286,J_NO_1,C14BDS,N
17286,J_NO_1,C15REASONABLE,E
17286,J_NO_1,C15DOUBLESTANDARD,N
18966,J_NO_1,C11PALESTINIANJUSTICE,N
18966,J_NO_1,C11PALESTINIANRIGHTS,N
18966,J_NO_1,C12ZIONCRITICAL,N
18966,J_NO_1,C12SOLUTIONS,N
18966,J_NO_1,C12EQUALRIGHTS,N
18966,J_NO_1,C13ISRAELEVIDENCE,N
18966,J_NO_1,C13ISRAELINSTITUTIONS,N
18966,J_NO_1,C13ISRAELPOLICIES,N
18966,J_NO_1,C13ISRAELOPT,N
18966,J_NO_1,C13ISRAELREGION,N
18966,J_NO_1,C13ISRAELDISCRIMINATION,N
18966,J_NO_1,C13ISRAELNORMS,N
18966,J_NO_1,C13ISRAELCOMPARE,N
18966,J_NO_1,C14BDS,N
18966,J_NO_1,C15REASONABLE,N
18966,J_NO_1,C15DOUBLESTANDARD,N
46952,J_NO_1,C11PALESTINIANJUSTICE,N
46952,J_NO_1,C11PALESTINIANRIGHTS,N
46952,J_NO_1,C12ZIONCRITICAL,N
46952,J_NO_1,C12SOLUTIONS,N
46952,J_NO_1,C12EQUALRIGHTS,N
46952,J_NO_1,C13ISRAELEVIDENCE,N
46952,J_NO_1,C13ISRAELINSTITUTIONS,N
46952,J_NO_1,C13ISRAELPOLICIES,N
46952,J_NO_1,C13ISRAELOPT,N
46952,J_NO_1,C13ISRAELREGION,N
46952,J_NO_1,C13ISRAELDISCRIMINATION,N
46952,J_NO_1,C13ISRAELNORMS,N
46952,J_NO_1,C13ISRAELCOMPARE,N
46952,J_NO_1,C14BDS,N
46952,J_NO_1,C15REASONABLE,N
46952,J_NO_1,C15DOUBLESTANDARD,N
43839,J_NO_1,C11PALESTINIANJUSTICE,N
43839,J_NO_1,C11PALESTINIANRIGHTS,N
43839,J_NO_1,C12ZIONCRITICAL,N
43839,J_NO_1,C12SOLUTIONS,N
43839,J_NO_1,C12EQUALRIGHTS,N
43839,J_NO_1,C13ISRAELEVIDENCE,N
43839,J_NO_1,C13ISRAELINSTITUTIONS,N
43839,J_NO_1,C13ISRAELPOLICIES,N
43839,J_NO_1,C13ISRAELOPT,N
43839,J_NO_1,C13ISRAELREGION,N
43839,J_NO_1,C13ISRAELDISCRIMINATION,N
43839,J_NO_1,C13ISRAELNORMS,N
43839,J_NO_1,C13ISRAELCOMPARE,N
43839,J_NO_1,C14BDS,N
43839,J_NO_1,C15REASONABLE,N
43839,J_NO_1,C15DOUBLESTANDARD,N
45285,J_NO_1,C11PALESTINIANJUSTICE,N
45285,J_NO_1,C11PALESTINIANRIGHTS,N
45285,J_NO_1,C12ZIONCRITICAL,N
45285,J_NO_1,C12SOLUTIONS,N
45285,J_NO_1,C12EQUALRIGHTS,N
45285,J_NO_1,C13ISRAELEVIDENCE,N
45285,J_NO_1,C13ISRAELINSTITUTIONS,N
45285,J_NO_1,C13ISRAELPOLICIES,N
45285,J_NO_1,C13ISRAELOPT,N
45285,J_NO_1,C13ISRAELREGION,N
45285,J_NO_1,C13ISRAELDISCRIMINATION,N
45285,J_NO_1,C13ISRAELNORMS,N
45285,J_NO_1,C13ISRAELCOMPARE,N
45285,J_NO_1,C14BDS,N
45285,J_NO_1,C15REASONABLE,N
45285,J_NO_1,C15DOUBLESTANDARD,N
2052,J_NO_1,C11PALESTINIANJUSTICE,N
2052,J_NO_1,C11PALESTINIANRIGHTS,N
2052,J_NO_1,C12ZIONCRITICAL,N
2052,J_NO_1,C12SOLUTIONS,N
2052,J_NO_1,C12EQUALRIGHTS,N
2052,J_NO_1,C13ISRAELEVIDENCE,N
2052,J_NO_1,C13ISRAELINSTITUTIONS,N
2052,J_NO_1,C13ISRAELPOLICIES,N
2052,J_NO_1,C13ISRAELOPT,N
2052,J_NO_1,C13ISRAELREGION,N
2052,J_NO_1,C13ISRAELDISCRIMINATION,N
2052,J_NO_1,C13ISRAELNORMS,N
2052,J_NO_1,C13ISRAELCOMPARE,N
2052,J_NO_1,C14BDS,N
2052,J_NO_1,C15REASONABLE,N
2052,J_NO_1,C15DOUBLESTANDARD,N
24519,J_NO_1,C11PALESTINIANJUSTICE,N
24519,J_NO_1,C11PALESTINIANRIGHTS,N
24519,J_NO_1,C12ZIONCRITICAL,N
24519,J_NO_1,C12SOLUTIONS,N
24519,J_NO_1,C12EQUALRIGHTS,N
24519,J_NO_1,C13ISRAELEVIDENCE,N
24519,J_NO_1,C13ISRAELINSTITUTIONS,N
24519,J_NO_1,C13ISRAELPOLICIES,N
24519,J_NO_1,C13ISRAELOPT,N
24519,J_NO_1,C13ISRAELREGION,N
24519,J_NO_1,C13ISRAELDISCRIMINATION,N
24519,J_NO_1,C13ISRAELNORMS,N
24519,J_NO_1,C13ISRAELCOMPARE,N
24519,J_NO_1,C14BDS,N
24519,J_NO_1,C15REASONABLE,N
24519,J_NO_1,C15DOUBLESTANDARD,N
35258,J_NO_1,C11PALESTINIANJUSTICE,I
35258,J_NO_1,C11PALESTINIANRIGHTS,I
35258,J_NO_1,C12ZIONCRITICAL,I
35258,J_NO_1,C12SOLUTIONS,N
35258,J_NO_1,C12EQUALRIGHTS,N
35258,J_NO_1,C13ISRAELEVIDENCE,N
35258,J_NO_1,C13ISRAELINSTITUTIONS,N
35258,J_NO_1,C13ISRAELPOLICIES,I
35258,J_NO_1,C13ISRAELOPT,I
35258,J_NO_1,C13ISRAELREGION,N
35258,J_NO_1,C13ISRAELDISCRIMINATION,I
35258,J_NO_1,C13ISRAELNORMS,N
35258,J_NO_1,C13ISRAELCOMPARE,I
35258,J_NO_1,C14BDS,N
35258,J_NO_1,C15REASONABLE,I
35258,J_NO_1,C15DOUBLESTANDARD,N
35642,J_NO_1,C11PALESTINIANJUSTICE,N
35642,J_NO_1,C11PALESTINIANRIGHTS,N
35642,J_NO_1,C12ZIONCRITICAL,N
35642,J_NO_1,C12SOLUTIONS,N
35642,J_NO_1,C12EQUALRIGHTS,N
35642,J_NO_1,C13ISRAELEVIDENCE,N
35642,J_NO_1,C13ISRAELINSTITUTIONS,N
35642,J_NO_1,C13ISRAELPOLICIES,N
35642,J_NO_1,C13ISRAELOPT,N
35642,J_NO_1,C13ISRAELREGION,N
35642,J_NO_1,C13ISRAELDISCRIMINATION,N
35642,J_NO_1,C13ISRAELNORMS,N
35642,J_NO_1,C13ISRAELCOMPARE,N
35642,J_NO_1,C14BDS,N
35642,J_NO_1,C15REASONABLE,N
35642,J_NO_1,C15DOUBLESTANDARD,N
20048,J_NO_1,C11PALESTINIANJUSTICE,N
20048,J_NO_1,C11PALESTINIANRIGHTS,N
20048,J_NO_1,C12ZIONCRITICAL,N
20048,J_NO_1,C12SOLUTIONS,N
20048,J_NO_1,C12EQUALRIGHTS,N
20048,J_NO_1,C13ISRAELEVIDENCE,N
20048,J_NO_1,C13ISRAELINSTITUTIONS,N
20048,J_NO_1,C13ISRAELPOLICIES,N
20048,J_NO_1,C13ISRAELOPT,N
20048,J_NO_1,C13ISRAELREGION,N
20048,J_NO_1,C13ISRAELDISCRIMINATION,N
20048,J_NO_1,C13ISRAELNORMS,N
20048,J_NO_1,C13ISRAELCOMPARE,N
20048,J_NO_1,C14BDS,N
20048,J_NO_1,C15REASONABLE,N
20048,J_NO_1,C15DOUBLESTANDARD,N
41447,J_NO_1,C11PALESTINIANJUSTICE,N
41447,J_NO_1,C11PALESTINIANRIGHTS,N
41447,J_NO_1,C12ZIONCRITICAL,N
41447,J_NO_1,C12SOLUTIONS,N
41447,J_NO_1,C12EQUALRIGHTS,N
41447,J_NO_1,C13ISRAELEVIDENCE,N
41447,J_NO_1,C13ISRAELINSTITUTIONS,N
41447,J_NO_1,C13ISRAELPOLICIES,N
41447,J_NO_1,C13ISRAELOPT,N
41447,J_NO_1,C13ISRAELREGION,N
41447,J_NO_1,C13ISRAELDISCRIMINATION,N
41447,J_NO_1,C13ISRAELNORMS,N
41447,J_NO_1,C13ISRAELCOMPARE,N
41447,J_NO_1,C14BDS,N
41447,J_NO_1,C15REASONABLE,N
41447,J_NO_1,C15DOUBLESTANDARD,N
49854,J_NO_1,C11PALESTINIANJUSTICE,N
49854,J_NO_1,C11PALESTINIANRIGHTS,N
49854,J_NO_1,C12ZIONCRITICAL,A
49854,J_NO_1,C12SOLUTIONS,N
49854,J_NO_1,C12EQUALRIGHTS,N
49854,J_NO_1,C13ISRAELEVIDENCE,N
49854,J_NO_1,C13ISRAELINSTITUTIONS,N
49854,J_NO_1,C13ISRAELPOLICIES,N
49854,J_NO_1,C13ISRAELOPT,N
49854,J_NO_1,C13ISRAELREGION,N
49854,J_NO_1,C13ISRAELDISCRIMINATION,N
49854,J_NO_1,C13ISRAELNORMS,N
49854,J_NO_1,C13ISRAELCOMPARE,N
49854,J_NO_1,C14BDS,N
49854,J_NO_1,C15REASONABLE,N
49854,J_NO_1,C15DOUBLESTANDARD,N
48161,J_NO_1,C11PALESTINIANJUSTICE,N
48161,J_NO_1,C11PALESTINIANRIGHTS,N
48161,J_NO_1,C12ZIONCRITICAL,N
48161,J_NO_1,C12SOLUTIONS,N
48161,J_NO_1,C12EQUALRIGHTS,N
48161,J_NO_1,C13ISRAELEVIDENCE,N
48161,J_NO_1,C13ISRAELINSTITUTIONS,N
48161,J_NO_1,C13ISRAELPOLICIES,N
48161,J_NO_1,C13ISRAELOPT,N
48161,J_NO_1,C13ISRAELREGION,N
48161,J_NO_1,C13ISRAELDISCRIMINATION,N
48161,J_NO_1,C13ISRAELNORMS,N
48161,J_NO_1,C13ISRAELCOMPARE,N
48161,J_NO_1,C14BDS,N
48161,J_NO_1,C15REASONABLE,N
48161,J_NO_1,C15DOUBLESTANDARD,N
39476,J_NO_1,C11PALESTINIANJUSTICE,A
39476,J_NO_1,C11PALESTINIANRIGHTS,N
39476,J_NO_1,C12ZIONCRITICAL,N
39476,J_NO_1,C12SOLUTIONS,N
39476,J_NO_1,C12EQUALRIGHTS,N
39476,J_NO_1,C13ISRAELEVIDENCE,A
39476,J_NO_1,C13ISRAELINSTITUTIONS,N
39476,J_NO_1,C13ISRAELPOLICIES,E
39476,J_NO_1,C13ISRAELOPT,A
39476,J_NO_1,C13ISRAELREGION,N
39476,J_NO_1,C13ISRAELDISCRIMINATION,N
39476,J_NO_1,C13ISRAELNORMS,N
39476,J_NO_1,C13ISRAELCOMPARE,N
39476,J_NO_1,C14BDS,N
39476,J_NO_1,C15REASONABLE,N
39476,J_NO_1,C15DOUBLESTANDARD,N
3244,J_NO_1,C11PALESTINIANJUSTICE,N
3244,J_NO_1,C11PALESTINIANRIGHTS,N
3244,J_NO_1,C12ZIONCRITICAL,N
3244,J_NO_1,C12SOLUTIONS,N
3244,J_NO_1,C12EQUALRIGHTS,N
3244,J_NO_1,C13ISRAELEVIDENCE,N
3244,J_NO_1,C13ISRAELINSTITUTIONS,N
3244,J_NO_1,C13ISRAELPOLICIES,N
3244,J_NO_1,C13ISRAELOPT,N
3244,J_NO_1,C13ISRAELREGION,N
3244,J_NO_1,C13ISRAELDISCRIMINATION,N
3244,J_NO_1,C13ISRAELNORMS,N
3244,J_NO_1,C13ISRAELCOMPARE,N
3244,J_NO_1,C14BDS,N
3244,J_NO_1,C15REASONABLE,N
3244,J_NO_1,C15DOUBLESTANDARD,N
4933,J_NO_1,C11PALESTINIANJUSTICE,N
4933,J_NO_1,C11PALESTINIANRIGHTS,N
4933,J_NO_1,C12ZIONCRITICAL,N
4933,J_NO_1,C12SOLUTIONS,N
4933,J_NO_1,C12EQUALRIGHTS,N
4933,J_NO_1,C13ISRAELEVIDENCE,N
4933,J_NO_1,C13ISRAELINSTITUTIONS,N
4933,J_NO_1,C13ISRAELPOLICIES,N
4933,J_NO_1,C13ISRAELOPT,N
4933,J_NO_1,C13ISRAELREGION,N
4933,J_NO_1,C13ISRAELDISCRIMINATION,N
4933,J_NO_1,C13ISRAELNORMS,N
4933,J_NO_1,C13ISRAELCOMPARE,N
4933,J_NO_1,C14BDS,N
4933,J_NO_1,C15REASONABLE,N
4933,J_NO_1,C15DOUBLESTANDARD,N
30607,J_NO_1,C11PALESTINIANJUSTICE,N
30607,J_NO_1,C11PALESTINIANRIGHTS,N
30607,J_NO_1,C12ZIONCRITICAL,N
30607,J_NO_1,C12SOLUTIONS,N
30607,J_NO_1,C12EQUALRIGHTS,N
30607,J_NO_1,C13ISRAELEVIDENCE,N
30607,J_NO_1,C13ISRAELINSTITUTIONS,N
30607,J_NO_1,C13ISRAELPOLICIES,N
30607,J_NO_1,C13ISRAELOPT,N
30607,J_NO_1,C13ISRAELREGION,N
30607,J_NO_1,C13ISRAELDISCRIMINATION,N
30607,J_NO_1,C13ISRAELNORMS,N
30607,J_NO_1,C13ISRAELCOMPARE,N
30607,J_NO_1,C14BDS,N
30607,J_NO_1,C15REASONABLE,N
30607,J_NO_1,C15DOUBLESTANDARD,N
36452,J_NO_1,C11PALESTINIANJUSTICE,N
36452,J_NO_1,C11PALESTINIANRIGHTS,N
36452,J_NO_1,C12ZIONCRITICAL,N
36452,J_NO_1,C12SOLUTIONS,N
36452,J_NO_1,C12EQUALRIGHTS,N
36452,J_NO_1,C13ISRAELEVIDENCE,N
36452,J_NO_1,C13ISRAELINSTITUTIONS,N
36452,J_NO_1,C13ISRAELPOLICIES,N
36452,J_NO_1,C13ISRAELOPT,N
36452,J_NO_1,C13ISRAELREGION,N
36452,J_NO_1,C13ISRAELDISCRIMINATION,N
36452,J_NO_1,C13ISRAELNORMS,N
36452,J_NO_1,C13ISRAELCOMPARE,N
36452,J_NO_1,C14BDS,N
36452,J_NO_1,C15REASONABLE,N
36452,J_NO_1,C15DOUBLESTANDARD,N
6378,J_NO_1,C11PALESTINIANJUSTICE,N
6378,J_NO_1,C11PALESTINIANRIGHTS,N
6378,J_NO_1,C12ZIONCRITICAL,N
6378,J_NO_1,C12SOLUTIONS,N
6378,J_NO_1,C12EQUALRIGHTS,N
6378,J_NO_1,C13ISRAELEVIDENCE,N
6378,J_NO_1,C13ISRAELINSTITUTIONS,N
6378,J_NO_1,C13ISRAELPOLICIES,N
6378,J_NO_1,C13ISRAELOPT,N
6378,J_NO_1,C13ISRAELREGION,N
6378,J_NO_1,C13ISRAELDISCRIMINATION,N
6378,J_NO_1,C13ISRAELNORMS,N
6378,J_NO_1,C13ISRAELCOMPARE,N
6378,J_NO_1,C14BDS,N
6378,J_NO_1,C15REASONABLE,N
6378,J_NO_1,C15DOUBLESTANDARD,N
8282,J_NO_1,C11PALESTINIANJUSTICE,N
8282,J_NO_1,C11PALESTINIANRIGHTS,N
8282,J_NO_1,C12ZIONCRITICAL,N
8282,J_NO_1,C12SOLUTIONS,N
8282,J_NO_1,C12EQUALRIGHTS,N
8282,J_NO_1,C13ISRAELEVIDENCE,N
8282,J_NO_1,C13ISRAELINSTITUTIONS,N
8282,J_NO_1,C13ISRAELPOLICIES,N
8282,J_NO_1,C13ISRAELOPT,N
8282,J_NO_1,C13ISRAELREGION,N
8282,J_NO_1,C13ISRAELDISCRIMINATION,N
8282,J_NO_1,C13ISRAELNORMS,N
8282,J_NO_1,C13ISRAELCOMPARE,N
8282,J_NO_1,C14BDS,N
8282,J_NO_1,C15REASONABLE,N
8282,J_NO_1,C15DOUBLESTANDARD,N
34189,J_NO_1,C11PALESTINIANJUSTICE,N
34189,J_NO_1,C11PALESTINIANRIGHTS,N
34189,J_NO_1,C12ZIONCRITICAL,N
34189,J_NO_1,C12SOLUTIONS,N
34189,J_NO_1,C12EQUALRIGHTS,N
34189,J_NO_1,C13ISRAELEVIDENCE,N
34189,J_NO_1,C13ISRAELINSTITUTIONS,N
34189,J_NO_1,C13ISRAELPOLICIES,N
34189,J_NO_1,C13ISRAELOPT,N
34189,J_NO_1,C13ISRAELREGION,N
34189,J_NO_1,C13ISRAELDISCRIMINATION,N
34189,J_NO_1,C13ISRAELNORMS,N
34189,J_NO_1,C13ISRAELCOMPARE,N
34189,J_NO_1,C14BDS,N
34189,J_NO_1,C15REASONABLE,N
34189,J_NO_1,C15DOUBLESTANDARD,N
14586,J_NO_1,C11PALESTINIANJUSTICE,N
14586,J_NO_1,C11PALESTINIANRIGHTS,N
14586,J_NO_1,C12ZIONCRITICAL,N
14586,J_NO_1,C12SOLUTIONS,N
14586,J_NO_1,C12EQUALRIGHTS,N
14586,J_NO_1,C13ISRAELEVIDENCE,N
14586,J_NO_1,C13ISRAELINSTITUTIONS,N
14586,J_NO_1,C13ISRAELPOLICIES,N
14586,J_NO_1,C13ISRAELOPT,N
14586,J_NO_1,C13ISRAELREGION,N
14586,J_NO_1,C13ISRAELDISCRIMINATION,N
14586,J_NO_1,C13ISRAELNORMS,N
14586,J_NO_1,C13ISRAELCOMPARE,N
14586,J_NO_1,C14BDS,N
14586,J_NO_1,C15REASONABLE,N
14586,J_NO_1,C15DOUBLESTANDARD,N
17783,J_NO_1,C11PALESTINIANJUSTICE,N
17783,J_NO_1,C11PALESTINIANRIGHTS,N
17783,J_NO_1,C12ZIONCRITICAL,N
17783,J_NO_1,C12SOLUTIONS,N
17783,J_NO_1,C12EQUALRIGHTS,N
17783,J_NO_1,C13ISRAELEVIDENCE,N
17783,J_NO_1,C13ISRAELINSTITUTIONS,N
17783,J_NO_1,C13ISRAELPOLICIES,N
17783,J_NO_1,C13ISRAELOPT,N
17783,J_NO_1,C13ISRAELREGION,N
17783,J_NO_1,C13ISRAELDISCRIMINATION,N
17783,J_NO_1,C13ISRAELNORMS,N
17783,J_NO_1,C13ISRAELCOMPARE,N
17783,J_NO_1,C14BDS,N
17783,J_NO_1,C15REASONABLE,N
17783,J_NO_1,C15DOUBLESTANDARD,N
40521,J_NO_1,C11PALESTINIANJUSTICE,N
40521,J_NO_1,C11PALESTINIANRIGHTS,N
40521,J_NO_1,C12ZIONCRITICAL,N
40521,J_NO_1,C12SOLUTIONS,N
40521,J_NO_1,C12EQUALRIGHTS,N
40521,J_NO_1,C13ISRAELEVIDENCE,N
40521,J_NO_1,C13ISRAELINSTITUTIONS,N
40521,J_NO_1,C13ISRAELPOLICIES,N
40521,J_NO_1,C13ISRAELOPT,N
40521,J_NO_1,C13ISRAELREGION,N
40521,J_NO_1,C13ISRAELDISCRIMINATION,N
40521,J_NO_1,C13ISRAELNORMS,N
40521,J_NO_1,C13ISRAELCOMPARE,N
40521,J_NO_1,C14BDS,N
40521,J_NO_1,C15REASONABLE,N
40521,J_NO_1,C15DOUBLESTANDARD,N
4292,J_NO_1,C11PALESTINIANJUSTICE,N
4292,J_NO_1,C11PALESTINIANRIGHTS,N
4292,J_NO_1,C12ZIONCRITICAL,N
4292,J_NO_1,C12SOLUTIONS,N
4292,J_NO_1,C12EQUALRIGHTS,N
4292,J_NO_1,C13ISRAELEVIDENCE,N
4292,J_NO_1,C13ISRAELINSTITUTIONS,N
4292,J_NO_1,C13ISRAELPOLICIES,N
4292,J_NO_1,C13ISRAELOPT,N
4292,J_NO_1,C13ISRAELREGION,N
4292,J_NO_1,C13ISRAELDISCRIMINATION,N
4292,J_NO_1,C13ISRAELNORMS,N
4292,J_NO_1,C13ISRAELCOMPARE,N
4292,J_NO_1,C14BDS,N
4292,J_NO_1,C15REASONABLE,N
4292,J_NO_1,C15DOUBLESTANDARD,N
24597,J_NO_1,C11PALESTINIANJUSTICE,N
24597,J_NO_1,C11PALESTINIANRIGHTS,N
24597,J_NO_1,C12ZIONCRITICAL,N
24597,J_NO_1,C12SOLUTIONS,N
24597,J_NO_1,C12EQUALRIGHTS,N
24597,J_NO_1,C13ISRAELEVIDENCE,N
24597,J_NO_1,C13ISRAELINSTITUTIONS,N
24597,J_NO_1,C13ISRAELPOLICIES,N
24597,J_NO_1,C13ISRAELOPT,N
24597,J_NO_1,C13ISRAELREGION,N
24597,J_NO_1,C13ISRAELDISCRIMINATION,N
24597,J_NO_1,C13ISRAELNORMS,N
24597,J_NO_1,C13ISRAELCOMPARE,N
24597,J_NO_1,C14BDS,N
24597,J_NO_1,C15REASONABLE,N
24597,J_NO_1,C15DOUBLESTANDARD,N
20477,J_NO_1,C11PALESTINIANJUSTICE,A
20477,J_NO_1,C11PALESTINIANRIGHTS,A
20477,J_NO_1,C12ZIONCRITICAL,I
20477,J_NO_1,C12SOLUTIONS,N
20477,J_NO_1,C12EQUALRIGHTS,N
20477,J_NO_1,C13ISRAELEVIDENCE,N
20477,J_NO_1,C13ISRAELINSTITUTIONS,N
20477,J_NO_1,C13ISRAELPOLICIES,N
20477,J_NO_1,C13ISRAELOPT,N
20477,J_NO_1,C13ISRAELREGION,N
20477,J_NO_1,C13ISRAELDISCRIMINATION,N
20477,J_NO_1,C13ISRAELNORMS,N
20477,J_NO_1,C13ISRAELCOMPARE,N
20477,J_NO_1,C14BDS,N
20477,J_NO_1,C15REASONABLE,I
20477,J_NO_1,C15DOUBLESTANDARD,N
46313,J_NO_1,C11PALESTINIANJUSTICE,N
46313,J_NO_1,C11PALESTINIANRIGHTS,N
46313,J_NO_1,C12ZIONCRITICAL,N
46313,J_NO_1,C12SOLUTIONS,N
46313,J_NO_1,C12EQUALRIGHTS,N
46313,J_NO_1,C13ISRAELEVIDENCE,N
46313,J_NO_1,C13ISRAELINSTITUTIONS,N
46313,J_NO_1,C13ISRAELPOLICIES,N
46313,J_NO_1,C13ISRAELOPT,N
46313,J_NO_1,C13ISRAELREGION,N
46313,J_NO_1,C13ISRAELDISCRIMINATION,N
46313,J_NO_1,C13ISRAELNORMS,N
46313,J_NO_1,C13ISRAELCOMPARE,N
46313,J_NO_1,C14BDS,N
46313,J_NO_1,C15REASONABLE,N
46313,J_NO_1,C15DOUBLESTANDARD,N
7535,J_NO_1,C11PALESTINIANJUSTICE,N
7535,J_NO_1,C11PALESTINIANRIGHTS,N
7535,J_NO_1,C12ZIONCRITICAL,N
7535,J_NO_1,C12SOLUTIONS,N
7535,J_NO_1,C12EQUALRIGHTS,N
7535,J_NO_1,C13ISRAELEVIDENCE,N
7535,J_NO_1,C13ISRAELINSTITUTIONS,N
7535,J_NO_1,C13ISRAELPOLICIES,N
7535,J_NO_1,C13ISRAELOPT,N
7535,J_NO_1,C13ISRAELREGION,N
7535,J_NO_1,C13ISRAELDISCRIMINATION,N
7535,J_NO_1,C13ISRAELNORMS,N
7535,J_NO_1,C13ISRAELCOMPARE,N
7535,J_NO_1,C14BDS,N
7535,J_NO_1,C15REASONABLE,N
7535,J_NO_1,C15DOUBLESTANDARD,N
41849,J_NO_1,C11PALESTINIANJUSTICE,N
41849,J_NO_1,C11PALESTINIANRIGHTS,N
41849,J_NO_1,C12ZIONCRITICAL,N
41849,J_NO_1,C12SOLUTIONS,N
41849,J_NO_1,C12EQUALRIGHTS,N
41849,J_NO_1,C13ISRAELEVIDENCE,N
41849,J_NO_1,C13ISRAELINSTITUTIONS,N
41849,J_NO_1,C13ISRAELPOLICIES,N
41849,J_NO_1,C13ISRAELOPT,N
41849,J_NO_1,C13ISRAELREGION,N
41849,J_NO_1,C13ISRAELDISCRIMINATION,N
41849,J_NO_1,C13ISRAELNORMS,N
41849,J_NO_1,C13ISRAELCOMPARE,N
41849,J_NO_1,C14BDS,N
41849,J_NO_1,C15REASONABLE,N
41849,J_NO_1,C15DOUBLESTANDARD,N
45637,J_NO_1,C11PALESTINIANJUSTICE,N
45637,J_NO_1,C11PALESTINIANRIGHTS,N
45637,J_NO_1,C12ZIONCRITICAL,N
45637,J_NO_1,C12SOLUTIONS,N
45637,J_NO_1,C12EQUALRIGHTS,N
45637,J_NO_1,C13ISRAELEVIDENCE,N
45637,J_NO_1,C13ISRAELINSTITUTIONS,N
45637,J_NO_1,C13ISRAELPOLICIES,N
45637,J_NO_1,C13ISRAELOPT,N
45637,J_NO_1,C13ISRAELREGION,N
45637,J_NO_1,C13ISRAELDISCRIMINATION,N
45637,J_NO_1,C13ISRAELNORMS,N
45637,J_NO_1,C13ISRAELCOMPARE,N
45637,J_NO_1,C14BDS,N
45637,J_NO_1,C15REASONABLE,N
45637,J_NO_1,C15DOUBLESTANDARD,N
47211,J_NO_1,C11PALESTINIANJUSTICE,N
47211,J_NO_1,C11PALESTINIANRIGHTS,N
47211,J_NO_1,C12ZIONCRITICAL,N
47211,J_NO_1,C12SOLUTIONS,N
47211,J_NO_1,C12EQUALRIGHTS,N
47211,J_NO_1,C13ISRAELEVIDENCE,N
47211,J_NO_1,C13ISRAELINSTITUTIONS,N
47211,J_NO_1,C13ISRAELPOLICIES,N
47211,J_NO_1,C13ISRAELOPT,N
47211,J_NO_1,C13ISRAELREGION,N
47211,J_NO_1,C13ISRAELDISCRIMINATION,N
47211,J_NO_1,C13ISRAELNORMS,N
47211,J_NO_1,C13ISRAELCOMPARE,N
47211,J_NO_1,C14BDS,N
47211,J_NO_1,C15REASONABLE,N
47211,J_NO_1,C15DOUBLESTANDARD,N
2447,J_NO_1,C11PALESTINIANJUSTICE,N
2447,J_NO_1,C11PALESTINIANRIGHTS,N
2447,J_NO_1,C12ZIONCRITICAL,N
2447,J_NO_1,C12SOLUTIONS,N
2447,J_NO_1,C12EQUALRIGHTS,N
2447,J_NO_1,C13ISRAELEVIDENCE,N
2447,J_NO_1,C13ISRAELINSTITUTIONS,N
2447,J_NO_1,C13ISRAELPOLICIES,N
2447,J_NO_1,C13ISRAELOPT,N
2447,J_NO_1,C13ISRAELREGION,N
2447,J_NO_1,C13ISRAELDISCRIMINATION,N
2447,J_NO_1,C13ISRAELNORMS,N
2447,J_NO_1,C13ISRAELCOMPARE,N
2447,J_NO_1,C14BDS,N
2447,J_NO_1,C15REASONABLE,N
2447,J_NO_1,C15DOUBLESTANDARD,N
6716,J_NO_1,C11PALESTINIANJUSTICE,N
6716,J_NO_1,C11PALESTINIANRIGHTS,N
6716,J_NO_1,C12ZIONCRITICAL,N
6716,J_NO_1,C12SOLUTIONS,N
6716,J_NO_1,C12EQUALRIGHTS,N
6716,J_NO_1,C13ISRAELEVIDENCE,N
6716,J_NO_1,C13ISRAELINSTITUTIONS,N
6716,J_NO_1,C13ISRAELPOLICIES,N
6716,J_NO_1,C13ISRAELOPT,N
6716,J_NO_1,C13ISRAELREGION,N
6716,J_NO_1,C13ISRAELDISCRIMINATION,N
6716,J_NO_1,C13ISRAELNORMS,N
6716,J_NO_1,C13ISRAELCOMPARE,N
6716,J_NO_1,C14BDS,N
6716,J_NO_1,C15REASONABLE,N
6716,J_NO_1,C15DOUBLESTANDARD,N
2110,J_NO_1,C11PALESTINIANJUSTICE,N
2110,J_NO_1,C11PALESTINIANRIGHTS,N
2110,J_NO_1,C12ZIONCRITICAL,N
2110,J_NO_1,C12SOLUTIONS,N
2110,J_NO_1,C12EQUALRIGHTS,N
2110,J_NO_1,C13ISRAELEVIDENCE,N
2110,J_NO_1,C13ISRAELINSTITUTIONS,N
2110,J_NO_1,C13ISRAELPOLICIES,N
2110,J_NO_1,C13ISRAELOPT,N
2110,J_NO_1,C13ISRAELREGION,N
2110,J_NO_1,C13ISRAELDISCRIMINATION,N
2110,J_NO_1,C13ISRAELNORMS,N
2110,J_NO_1,C13ISRAELCOMPARE,N
2110,J_NO_1,C14BDS,N
2110,J_NO_1,C15REASONABLE,N
2110,J_NO_1,C15DOUBLESTANDARD,N
10880,J_NO_1,C11PALESTINIANJUSTICE,N
10880,J_NO_1,C11PALESTINIANRIGHTS,N
10880,J_NO_1,C12ZIONCRITICAL,N
10880,J_NO_1,C12SOLUTIONS,N
10880,J_NO_1,C12EQUALRIGHTS,N
10880,J_NO_1,C13ISRAELEVIDENCE,N
10880,J_NO_1,C13ISRAELINSTITUTIONS,N
10880,J_NO_1,C13ISRAELPOLICIES,N
10880,J_NO_1,C13ISRAELOPT,N
10880,J_NO_1,C13ISRAELREGION,N
10880,J_NO_1,C13ISRAELDISCRIMINATION,N
10880,J_NO_1,C13ISRAELNORMS,N
10880,J_NO_1,C13ISRAELCOMPARE,N
10880,J_NO_1,C14BDS,N
10880,J_NO_1,C15REASONABLE,N
10880,J_NO_1,C15DOUBLESTANDARD,N
41878,J_NO_1,C11PALESTINIANJUSTICE,N
41878,J_NO_1,C11PALESTINIANRIGHTS,N
41878,J_NO_1,C12ZIONCRITICAL,N
41878,J_NO_1,C12SOLUTIONS,N
41878,J_NO_1,C12EQUALRIGHTS,N
41878,J_NO_1,C13ISRAELEVIDENCE,N
41878,J_NO_1,C13ISRAELINSTITUTIONS,N
41878,J_NO_1,C13ISRAELPOLICIES,N
41878,J_NO_1,C13ISRAELOPT,N
41878,J_NO_1,C13ISRAELREGION,N
41878,J_NO_1,C13ISRAELDISCRIMINATION,N
41878,J_NO_1,C13ISRAELNORMS,N
41878,J_NO_1,C13ISRAELCOMPARE,N
41878,J_NO_1,C14BDS,N
41878,J_NO_1,C15REASONABLE,N
41878,J_NO_1,C15DOUBLESTANDARD,N
10331,J_NO_1,C11PALESTINIANJUSTICE,N
10331,J_NO_1,C11PALESTINIANRIGHTS,N
10331,J_NO_1,C12ZIONCRITICAL,N
10331,J_NO_1,C12SOLUTIONS,N
10331,J_NO_1,C12EQUALRIGHTS,N
10331,J_NO_1,C13ISRAELEVIDENCE,N
10331,J_NO_1,C13ISRAELINSTITUTIONS,N
10331,J_NO_1,C13ISRAELPOLICIES,N
10331,J_NO_1,C13ISRAELOPT,N
10331,J_NO_1,C13ISRAELREGION,N
10331,J_NO_1,C13ISRAELDISCRIMINATION,N
10331,J_NO_1,C13ISRAELNORMS,N
10331,J_NO_1,C13ISRAELCOMPARE,N
10331,J_NO_1,C14BDS,N
10331,J_NO_1,C15REASONABLE,N
10331,J_NO_1,C15DOUBLESTANDARD,N
44149,J_NO_1,C11PALESTINIANJUSTICE,N
44149,J_NO_1,C11PALESTINIANRIGHTS,N
44149,J_NO_1,C12ZIONCRITICAL,N
44149,J_NO_1,C12SOLUTIONS,N
44149,J_NO_1,C12EQUALRIGHTS,N
44149,J_NO_1,C13ISRAELEVIDENCE,N
44149,J_NO_1,C13ISRAELINSTITUTIONS,N
44149,J_NO_1,C13ISRAELPOLICIES,N
44149,J_NO_1,C13ISRAELOPT,N
44149,J_NO_1,C13ISRAELREGION,N
44149,J_NO_1,C13ISRAELDISCRIMINATION,N
44149,J_NO_1,C13ISRAELNORMS,N
44149,J_NO_1,C13ISRAELCOMPARE,N
44149,J_NO_1,C14BDS,N
44149,J_NO_1,C15REASONABLE,N
44149,J_NO_1,C15DOUBLESTANDARD,N
43887,J_NO_1,C11PALESTINIANJUSTICE,N
43887,J_NO_1,C11PALESTINIANRIGHTS,N
43887,J_NO_1,C12ZIONCRITICAL,N
43887,J_NO_1,C12SOLUTIONS,N
43887,J_NO_1,C12EQUALRIGHTS,N
43887,J_NO_1,C13ISRAELEVIDENCE,N
43887,J_NO_1,C13ISRAELINSTITUTIONS,N
43887,J_NO_1,C13ISRAELPOLICIES,N
43887,J_NO_1,C13ISRAELOPT,N
43887,J_NO_1,C13ISRAELREGION,N
43887,J_NO_1,C13ISRAELDISCRIMINATION,N
43887,J_NO_1,C13ISRAELNORMS,N
43887,J_NO_1,C13ISRAELCOMPARE,N
43887,J_NO_1,C14BDS,N
43887,J_NO_1,C15REASONABLE,N
43887,J_NO_1,C15DOUBLESTANDARD,N
13683,J_NO_1,C11PALESTINIANJUSTICE,N
13683,J_NO_1,C11PALESTINIANRIGHTS,N
13683,J_NO_1,C12ZIONCRITICAL,N
13683,J_NO_1,C12SOLUTIONS,N
13683,J_NO_1,C12EQUALRIGHTS,N
13683,J_NO_1,C13ISRAELEVIDENCE,N
13683,J_NO_1,C13ISRAELINSTITUTIONS,N
13683,J_NO_1,C13ISRAELPOLICIES,N
13683,J_NO_1,C13ISRAELOPT,N
13683,J_NO_1,C13ISRAELREGION,N
13683,J_NO_1,C13ISRAELDISCRIMINATION,N
13683,J_NO_1,C13ISRAELNORMS,N
13683,J_NO_1,C13ISRAELCOMPARE,N
13683,J_NO_1,C14BDS,N
13683,J_NO_1,C15REASONABLE,N
13683,J_NO_1,C15DOUBLESTANDARD,N
638,J_NO_1,C11PALESTINIANJUSTICE,N
638,J_NO_1,C11PALESTINIANRIGHTS,N
638,J_NO_1,C12ZIONCRITICAL,N
638,J_NO_1,C12SOLUTIONS,N
638,J_NO_1,C12EQUALRIGHTS,N
638,J_NO_1,C13ISRAELEVIDENCE,N
638,J_NO_1,C13ISRAELINSTITUTIONS,N
638,J_NO_1,C13ISRAELPOLICIES,N
638,J_NO_1,C13ISRAELOPT,N
638,J_NO_1,C13ISRAELREGION,N
638,J_NO_1,C13ISRAELDISCRIMINATION,N
638,J_NO_1,C13ISRAELNORMS,N
638,J_NO_1,C13ISRAELCOMPARE,N
638,J_NO_1,C14BDS,N
638,J_NO_1,C15REASONABLE,N
638,J_NO_1,C15DOUBLESTANDARD,N
3331,J_NO_1,C11PALESTINIANJUSTICE,N
3331,J_NO_1,C11PALESTINIANRIGHTS,N
3331,J_NO_1,C12ZIONCRITICAL,N
3331,J_NO_1,C12SOLUTIONS,N
3331,J_NO_1,C12EQUALRIGHTS,N
3331,J_NO_1,C13ISRAELEVIDENCE,N
3331,J_NO_1,C13ISRAELINSTITUTIONS,N
3331,J_NO_1,C13ISRAELPOLICIES,N
3331,J_NO_1,C13ISRAELOPT,N
3331,J_NO_1,C13ISRAELREGION,N
3331,J_NO_1,C13ISRAELDISCRIMINATION,N
3331,J_NO_1,C13ISRAELNORMS,N
3331,J_NO_1,C13ISRAELCOMPARE,N
3331,J_NO_1,C14BDS,N
3331,J_NO_1,C15REASONABLE,N
3331,J_NO_1,C15DOUBLESTANDARD,N
47069,J_NO_1,C11PALESTINIANJUSTICE,N
47069,J_NO_1,C11PALESTINIANRIGHTS,N
47069,J_NO_1,C12ZIONCRITICAL,N
47069,J_NO_1,C12SOLUTIONS,N
47069,J_NO_1,C12EQUALRIGHTS,N
47069,J_NO_1,C13ISRAELEVIDENCE,N
47069,J_NO_1,C13ISRAELINSTITUTIONS,N
47069,J_NO_1,C13ISRAELPOLICIES,N
47069,J_NO_1,C13ISRAELOPT,N
47069,J_NO_1,C13ISRAELREGION,N
47069,J_NO_1,C13ISRAELDISCRIMINATION,N
47069,J_NO_1,C13ISRAELNORMS,N
47069,J_NO_1,C13ISRAELCOMPARE,N
47069,J_NO_1,C14BDS,N
47069,J_NO_1,C15REASONABLE,N
47069,J_NO_1,C15DOUBLESTANDARD,N
34479,J_NO_1,C11PALESTINIANJUSTICE,N
34479,J_NO_1,C11PALESTINIANRIGHTS,N
34479,J_NO_1,C12ZIONCRITICAL,N
34479,J_NO_1,C12SOLUTIONS,N
34479,J_NO_1,C12EQUALRIGHTS,N
34479,J_NO_1,C13ISRAELEVIDENCE,N
34479,J_NO_1,C13ISRAELINSTITUTIONS,N
34479,J_NO_1,C13ISRAELPOLICIES,N
34479,J_NO_1,C13ISRAELOPT,N
34479,J_NO_1,C13ISRAELREGION,N
34479,J_NO_1,C13ISRAELDISCRIMINATION,N
34479,J_NO_1,C13ISRAELNORMS,N
34479,J_NO_1,C13ISRAELCOMPARE,N
34479,J_NO_1,C14BDS,N
34479,J_NO_1,C15REASONABLE,N
34479,J_NO_1,C15DOUBLESTANDARD,N
25378,J_NO_1,C11PALESTINIANJUSTICE,N
25378,J_NO_1,C11PALESTINIANRIGHTS,N
25378,J_NO_1,C12ZIONCRITICAL,N
25378,J_NO_1,C12SOLUTIONS,N
25378,J_NO_1,C12EQUALRIGHTS,N
25378,J_NO_1,C13ISRAELEVIDENCE,N
25378,J_NO_1,C13ISRAELINSTITUTIONS,N
25378,J_NO_1,C13ISRAELPOLICIES,N
25378,J_NO_1,C13ISRAELOPT,N
25378,J_NO_1,C13ISRAELREGION,N
25378,J_NO_1,C13ISRAELDISCRIMINATION,N
25378,J_NO_1,C13ISRAELNORMS,N
25378,J_NO_1,C13ISRAELCOMPARE,N
25378,J_NO_1,C14BDS,N
25378,J_NO_1,C15REASONABLE,N
25378,J_NO_1,C15DOUBLESTANDARD,N
24222,J_NO_1,C11PALESTINIANJUSTICE,N
24222,J_NO_1,C11PALESTINIANRIGHTS,N
24222,J_NO_1,C12ZIONCRITICAL,N
24222,J_NO_1,C12SOLUTIONS,N
24222,J_NO_1,C12EQUALRIGHTS,N
24222,J_NO_1,C13ISRAELEVIDENCE,N
24222,J_NO_1,C13ISRAELINSTITUTIONS,N
24222,J_NO_1,C13ISRAELPOLICIES,N
24222,J_NO_1,C13ISRAELOPT,N
24222,J_NO_1,C13ISRAELREGION,N
24222,J_NO_1,C13ISRAELDISCRIMINATION,N
24222,J_NO_1,C13ISRAELNORMS,N
24222,J_NO_1,C13ISRAELCOMPARE,N
24222,J_NO_1,C14BDS,N
24222,J_NO_1,C15REASONABLE,N
24222,J_NO_1,C15DOUBLESTANDARD,N
24774,J_NO_1,C11PALESTINIANJUSTICE,A
24774,J_NO_1,C11PALESTINIANRIGHTS,A
24774,J_NO_1,C12ZIONCRITICAL,A
24774,J_NO_1,C12SOLUTIONS,N
24774,J_NO_1,C12EQUALRIGHTS,N
24774,J_NO_1,C13ISRAELEVIDENCE,N
24774,J_NO_1,C13ISRAELINSTITUTIONS,N
24774,J_NO_1,C13ISRAELPOLICIES,N
24774,J_NO_1,C13ISRAELOPT,N
24774,J_NO_1,C13ISRAELREGION,N
24774,J_NO_1,C13ISRAELDISCRIMINATION,N
24774,J_NO_1,C13ISRAELNORMS,N
24774,J_NO_1,C13ISRAELCOMPARE,N
24774,J_NO_1,C14BDS,N
24774,J_NO_1,C15REASONABLE,E
24774,J_NO_1,C15DOUBLESTANDARD,A
20067,J_NO_1,C11PALESTINIANJUSTICE,N
20067,J_NO_1,C11PALESTINIANRIGHTS,N
20067,J_NO_1,C12ZIONCRITICAL,N
20067,J_NO_1,C12SOLUTIONS,N
20067,J_NO_1,C12EQUALRIGHTS,N
20067,J_NO_1,C13ISRAELEVIDENCE,N
20067,J_NO_1,C13ISRAELINSTITUTIONS,N
20067,J_NO_1,C13ISRAELPOLICIES,N
20067,J_NO_1,C13ISRAELOPT,N
20067,J_NO_1,C13ISRAELREGION,N
20067,J_NO_1,C13ISRAELDISCRIMINATION,N
20067,J_NO_1,C13ISRAELNORMS,N
20067,J_NO_1,C13ISRAELCOMPARE,N
20067,J_NO_1,C14BDS,N
20067,J_NO_1,C15REASONABLE,N
20067,J_NO_1,C15DOUBLESTANDARD,N
37781,J_NO_1,C11PALESTINIANJUSTICE,N
37781,J_NO_1,C11PALESTINIANRIGHTS,N
37781,J_NO_1,C12ZIONCRITICAL,N
37781,J_NO_1,C12SOLUTIONS,N
37781,J_NO_1,C12EQUALRIGHTS,N
37781,J_NO_1,C13ISRAELEVIDENCE,N
37781,J_NO_1,C13ISRAELINSTITUTIONS,N
37781,J_NO_1,C13ISRAELPOLICIES,N
37781,J_NO_1,C13ISRAELOPT,N
37781,J_NO_1,C13ISRAELREGION,N
37781,J_NO_1,C13ISRAELDISCRIMINATION,N
37781,J_NO_1,C13ISRAELNORMS,N
37781,J_NO_1,C13ISRAELCOMPARE,N
37781,J_NO_1,C14BDS,N
37781,J_NO_1,C15REASONABLE,N
37781,J_NO_1,C15DOUBLESTANDARD,N
46621,J_NO_1,C11PALESTINIANJUSTICE,N
46621,J_NO_1,C11PALESTINIANRIGHTS,N
46621,J_NO_1,C12ZIONCRITICAL,N
46621,J_NO_1,C12SOLUTIONS,N
46621,J_NO_1,C12EQUALRIGHTS,N
46621,J_NO_1,C13ISRAELEVIDENCE,N
46621,J_NO_1,C13ISRAELINSTITUTIONS,N
46621,J_NO_1,C13ISRAELPOLICIES,N
46621,J_NO_1,C13ISRAELOPT,N
46621,J_NO_1,C13ISRAELREGION,N
46621,J_NO_1,C13ISRAELDISCRIMINATION,N
46621,J_NO_1,C13ISRAELNORMS,N
46621,J_NO_1,C13ISRAELCOMPARE,N
46621,J_NO_1,C14BDS,N
46621,J_NO_1,C15REASONABLE,N
46621,J_NO_1,C15DOUBLESTANDARD,N
40464,J_NO_1,C11PALESTINIANJUSTICE,N
40464,J_NO_1,C11PALESTINIANRIGHTS,N
40464,J_NO_1,C12ZIONCRITICAL,I
40464,J_NO_1,C12SOLUTIONS,N
40464,J_NO_1,C12EQUALRIGHTS,N
40464,J_NO_1,C13ISRAELEVIDENCE,N
40464,J_NO_1,C13ISRAELINSTITUTIONS,N
40464,J_NO_1,C13ISRAELPOLICIES,N
40464,J_NO_1,C13ISRAELOPT,N
40464,J_NO_1,C13ISRAELREGION,I
40464,J_NO_1,C13ISRAELDISCRIMINATION,N
40464,J_NO_1,C13ISRAELNORMS,N
40464,J_NO_1,C13ISRAELCOMPARE,N
40464,J_NO_1,C14BDS,N
40464,J_NO_1,C15REASONABLE,N
40464,J_NO_1,C15DOUBLESTANDARD,N
6827,J_NO_1,C11PALESTINIANJUSTICE,N
6827,J_NO_1,C11PALESTINIANRIGHTS,N
6827,J_NO_1,C12ZIONCRITICAL,N
6827,J_NO_1,C12SOLUTIONS,N
6827,J_NO_1,C12EQUALRIGHTS,N
6827,J_NO_1,C13ISRAELEVIDENCE,N
6827,J_NO_1,C13ISRAELINSTITUTIONS,N
6827,J_NO_1,C13ISRAELPOLICIES,N
6827,J_NO_1,C13ISRAELOPT,N
6827,J_NO_1,C13ISRAELREGION,N
6827,J_NO_1,C13ISRAELDISCRIMINATION,N
6827,J_NO_1,C13ISRAELNORMS,N
6827,J_NO_1,C13ISRAELCOMPARE,N
6827,J_NO_1,C14BDS,N
6827,J_NO_1,C15REASONABLE,N
6827,J_NO_1,C15DOUBLESTANDARD,N
31221,J_NO_1,C11PALESTINIANJUSTICE,N
31221,J_NO_1,C11PALESTINIANRIGHTS,N
31221,J_NO_1,C12ZIONCRITICAL,N
31221,J_NO_1,C12SOLUTIONS,N
31221,J_NO_1,C12EQUALRIGHTS,N
31221,J_NO_1,C13ISRAELEVIDENCE,N
31221,J_NO_1,C13ISRAELINSTITUTIONS,N
31221,J_NO_1,C13ISRAELPOLICIES,N
31221,J_NO_1,C13ISRAELOPT,N
31221,J_NO_1,C13ISRAELREGION,N
31221,J_NO_1,C13ISRAELDISCRIMINATION,N
31221,J_NO_1,C13ISRAELNORMS,N
31221,J_NO_1,C13ISRAELCOMPARE,N
31221,J_NO_1,C14BDS,N
31221,J_NO_1,C15REASONABLE,N
31221,J_NO_1,C15DOUBLESTANDARD,N
29494,J_NO_1,C11PALESTINIANJUSTICE,N
29494,J_NO_1,C11PALESTINIANRIGHTS,N
29494,J_NO_1,C12ZIONCRITICAL,N
29494,J_NO_1,C12SOLUTIONS,N
29494,J_NO_1,C12EQUALRIGHTS,N
29494,J_NO_1,C13ISRAELEVIDENCE,N
29494,J_NO_1,C13ISRAELINSTITUTIONS,N
29494,J_NO_1,C13ISRAELPOLICIES,N
29494,J_NO_1,C13ISRAELOPT,N
29494,J_NO_1,C13ISRAELREGION,N
29494,J_NO_1,C13ISRAELDISCRIMINATION,N
29494,J_NO_1,C13ISRAELNORMS,N
29494,J_NO_1,C13ISRAELCOMPARE,N
29494,J_NO_1,C14BDS,N
29494,J_NO_1,C15REASONABLE,N
29494,J_NO_1,C15DOUBLESTANDARD,N
27587,J_NO_1,C11PALESTINIANJUSTICE,N
27587,J_NO_1,C11PALESTINIANRIGHTS,N
27587,J_NO_1,C12ZIONCRITICAL,N
27587,J_NO_1,C12SOLUTIONS,N
27587,J_NO_1,C12EQUALRIGHTS,N
27587,J_NO_1,C13ISRAELEVIDENCE,N
27587,J_NO_1,C13ISRAELINSTITUTIONS,N
27587,J_NO_1,C13ISRAELPOLICIES,N
27587,J_NO_1,C13ISRAELOPT,N
27587,J_NO_1,C13ISRAELREGION,N
27587,J_NO_1,C13ISRAELDISCRIMINATION,N
27587,J_NO_1,C13ISRAELNORMS,N
27587,J_NO_1,C13ISRAELCOMPARE,N
27587,J_NO_1,C14BDS,N
27587,J_NO_1,C15REASONABLE,N
27587,J_NO_1,C15DOUBLESTANDARD,N
37566,J_NO_1,C11PALESTINIANJUSTICE,N
37566,J_NO_1,C11PALESTINIANRIGHTS,N
37566,J_NO_1,C12ZIONCRITICAL,N
37566,J_NO_1,C12SOLUTIONS,N
37566,J_NO_1,C12EQUALRIGHTS,N
37566,J_NO_1,C13ISRAELEVIDENCE,N
37566,J_NO_1,C13ISRAELINSTITUTIONS,N
37566,J_NO_1,C13ISRAELPOLICIES,N
37566,J_NO_1,C13ISRAELOPT,N
37566,J_NO_1,C13ISRAELREGION,N
37566,J_NO_1,C13ISRAELDISCRIMINATION,N
37566,J_NO_1,C13ISRAELNORMS,N
37566,J_NO_1,C13ISRAELCOMPARE,N
37566,J_NO_1,C14BDS,N
37566,J_NO_1,C15REASONABLE,N
37566,J_NO_1,C15DOUBLESTANDARD,N
41103,J_NO_1,C11PALESTINIANJUSTICE,N
41103,J_NO_1,C11PALESTINIANRIGHTS,N
41103,J_NO_1,C12ZIONCRITICAL,N
41103,J_NO_1,C12SOLUTIONS,N
41103,J_NO_1,C12EQUALRIGHTS,N
41103,J_NO_1,C13ISRAELEVIDENCE,N
41103,J_NO_1,C13ISRAELINSTITUTIONS,N
41103,J_NO_1,C13ISRAELPOLICIES,N
41103,J_NO_1,C13ISRAELOPT,N
41103,J_NO_1,C13ISRAELREGION,N
41103,J_NO_1,C13ISRAELDISCRIMINATION,N
41103,J_NO_1,C13ISRAELNORMS,N
41103,J_NO_1,C13ISRAELCOMPARE,N
41103,J_NO_1,C14BDS,N
41103,J_NO_1,C15REASONABLE,N
41103,J_NO_1,C15DOUBLESTANDARD,N
38780,J_NO_1,C11PALESTINIANJUSTICE,N
38780,J_NO_1,C11PALESTINIANRIGHTS,N
38780,J_NO_1,C12ZIONCRITICAL,N
38780,J_NO_1,C12SOLUTIONS,N
38780,J_NO_1,C12EQUALRIGHTS,N
38780,J_NO_1,C13ISRAELEVIDENCE,N
38780,J_NO_1,C13ISRAELINSTITUTIONS,N
38780,J_NO_1,C13ISRAELPOLICIES,N
38780,J_NO_1,C13ISRAELOPT,N
38780,J_NO_1,C13ISRAELREGION,N
38780,J_NO_1,C13ISRAELDISCRIMINATION,N
38780,J_NO_1,C13ISRAELNORMS,N
38780,J_NO_1,C13ISRAELCOMPARE,N
38780,J_NO_1,C14BDS,N
38780,J_NO_1,C15REASONABLE,N
38780,J_NO_1,C15DOUBLESTANDARD,N
45262,J_NO_1,C11PALESTINIANJUSTICE,N
45262,J_NO_1,C11PALESTINIANRIGHTS,N
45262,J_NO_1,C12ZIONCRITICAL,N
45262,J_NO_1,C12SOLUTIONS,N
45262,J_NO_1,C12EQUALRIGHTS,N
45262,J_NO_1,C13ISRAELEVIDENCE,N
45262,J_NO_1,C13ISRAELINSTITUTIONS,N
45262,J_NO_1,C13ISRAELPOLICIES,N
45262,J_NO_1,C13ISRAELOPT,N
45262,J_NO_1,C13ISRAELREGION,N
45262,J_NO_1,C13ISRAELDISCRIMINATION,N
45262,J_NO_1,C13ISRAELNORMS,N
45262,J_NO_1,C13ISRAELCOMPARE,N
45262,J_NO_1,C14BDS,N
45262,J_NO_1,C15REASONABLE,N
45262,J_NO_1,C15DOUBLESTANDARD,N
14634,J_NO_1,C11PALESTINIANJUSTICE,N
14634,J_NO_1,C11PALESTINIANRIGHTS,N
14634,J_NO_1,C12ZIONCRITICAL,N
14634,J_NO_1,C12SOLUTIONS,N
14634,J_NO_1,C12EQUALRIGHTS,N
14634,J_NO_1,C13ISRAELEVIDENCE,N
14634,J_NO_1,C13ISRAELINSTITUTIONS,N
14634,J_NO_1,C13ISRAELPOLICIES,N
14634,J_NO_1,C13ISRAELOPT,N
14634,J_NO_1,C13ISRAELREGION,N
14634,J_NO_1,C13ISRAELDISCRIMINATION,N
14634,J_NO_1,C13ISRAELNORMS,N
14634,J_NO_1,C13ISRAELCOMPARE,N
14634,J_NO_1,C14BDS,N
14634,J_NO_1,C15REASONABLE,N
14634,J_NO_1,C15DOUBLESTANDARD,N
12767,J_NO_1,C11PALESTINIANJUSTICE,N
12767,J_NO_1,C11PALESTINIANRIGHTS,N
12767,J_NO_1,C12ZIONCRITICAL,N
12767,J_NO_1,C12SOLUTIONS,N
12767,J_NO_1,C12EQUALRIGHTS,N
12767,J_NO_1,C13ISRAELEVIDENCE,N
12767,J_NO_1,C13ISRAELINSTITUTIONS,N
12767,J_NO_1,C13ISRAELPOLICIES,N
12767,J_NO_1,C13ISRAELOPT,N
12767,J_NO_1,C13ISRAELREGION,N
12767,J_NO_1,C13ISRAELDISCRIMINATION,N
12767,J_NO_1,C13ISRAELNORMS,N
12767,J_NO_1,C13ISRAELCOMPARE,N
12767,J_NO_1,C14BDS,N
12767,J_NO_1,C15REASONABLE,N
12767,J_NO_1,C15DOUBLESTANDARD,N
792,J_NO_1,C11PALESTINIANJUSTICE,N
792,J_NO_1,C11PALESTINIANRIGHTS,N
792,J_NO_1,C12ZIONCRITICAL,N
792,J_NO_1,C12SOLUTIONS,N
792,J_NO_1,C12EQUALRIGHTS,N
792,J_NO_1,C13ISRAELEVIDENCE,N
792,J_NO_1,C13ISRAELINSTITUTIONS,N
792,J_NO_1,C13ISRAELPOLICIES,N
792,J_NO_1,C13ISRAELOPT,N
792,J_NO_1,C13ISRAELREGION,N
792,J_NO_1,C13ISRAELDISCRIMINATION,N
792,J_NO_1,C13ISRAELNORMS,N
792,J_NO_1,C13ISRAELCOMPARE,N
792,J_NO_1,C14BDS,N
792,J_NO_1,C15REASONABLE,N
792,J_NO_1,C15DOUBLESTANDARD,N
42503,J_NO_1,C11PALESTINIANJUSTICE,N
42503,J_NO_1,C11PALESTINIANRIGHTS,N
42503,J_NO_1,C12ZIONCRITICAL,N
42503,J_NO_1,C12SOLUTIONS,N
42503,J_NO_1,C12EQUALRIGHTS,N
42503,J_NO_1,C13ISRAELEVIDENCE,N
42503,J_NO_1,C13ISRAELINSTITUTIONS,N
42503,J_NO_1,C13ISRAELPOLICIES,N
42503,J_NO_1,C13ISRAELOPT,N
42503,J_NO_1,C13ISRAELREGION,N
42503,J_NO_1,C13ISRAELDISCRIMINATION,N
42503,J_NO_1,C13ISRAELNORMS,N
42503,J_NO_1,C13ISRAELCOMPARE,N
42503,J_NO_1,C14BDS,N
42503,J_NO_1,C15REASONABLE,N
42503,J_NO_1,C15DOUBLESTANDARD,N
7672,J_NO_1,C11PALESTINIANJUSTICE,N
7672,J_NO_1,C11PALESTINIANRIGHTS,N
7672,J_NO_1,C12ZIONCRITICAL,N
7672,J_NO_1,C12SOLUTIONS,N
7672,J_NO_1,C12EQUALRIGHTS,N
7672,J_NO_1,C13ISRAELEVIDENCE,N
7672,J_NO_1,C13ISRAELINSTITUTIONS,N
7672,J_NO_1,C13ISRAELPOLICIES,N
7672,J_NO_1,C13ISRAELOPT,N
7672,J_NO_1,C13ISRAELREGION,N
7672,J_NO_1,C13ISRAELDISCRIMINATION,N
7672,J_NO_1,C13ISRAELNORMS,N
7672,J_NO_1,C13ISRAELCOMPARE,N
7672,J_NO_1,C14BDS,N
7672,J_NO_1,C15REASONABLE,N
7672,J_NO_1,C15DOUBLESTANDARD,N
18306,J_NO_1,C11PALESTINIANJUSTICE,N
18306,J_NO_1,C11PALESTINIANRIGHTS,N
18306,J_NO_1,C12ZIONCRITICAL,N
18306,J_NO_1,C12SOLUTIONS,N
18306,J_NO_1,C12EQUALRIGHTS,N
18306,J_NO_1,C13ISRAELEVIDENCE,N
18306,J_NO_1,C13ISRAELINSTITUTIONS,N
18306,J_NO_1,C13ISRAELPOLICIES,N
18306,J_NO_1,C13ISRAELOPT,N
18306,J_NO_1,C13ISRAELREGION,N
18306,J_NO_1,C13ISRAELDISCRIMINATION,N
18306,J_NO_1,C13ISRAELNORMS,N
18306,J_NO_1,C13ISRAELCOMPARE,N
18306,J_NO_1,C14BDS,N
18306,J_NO_1,C15REASONABLE,N
18306,J_NO_1,C15DOUBLESTANDARD,N
40269,J_NO_1,C11PALESTINIANJUSTICE,N
40269,J_NO_1,C11PALESTINIANRIGHTS,N
40269,J_NO_1,C12ZIONCRITICAL,N
40269,J_NO_1,C12SOLUTIONS,N
40269,J_NO_1,C12EQUALRIGHTS,N
40269,J_NO_1,C13ISRAELEVIDENCE,N
40269,J_NO_1,C13ISRAELINSTITUTIONS,N
40269,J_NO_1,C13ISRAELPOLICIES,N
40269,J_NO_1,C13ISRAELOPT,N
40269,J_NO_1,C13ISRAELREGION,N
40269,J_NO_1,C13ISRAELDISCRIMINATION,N
40269,J_NO_1,C13ISRAELNORMS,N
40269,J_NO_1,C13ISRAELCOMPARE,N
40269,J_NO_1,C14BDS,N
40269,J_NO_1,C15REASONABLE,N
40269,J_NO_1,C15DOUBLESTANDARD,N
6389,J_NO_1,C11PALESTINIANJUSTICE,N
6389,J_NO_1,C11PALESTINIANRIGHTS,N
6389,J_NO_1,C12ZIONCRITICAL,N
6389,J_NO_1,C12SOLUTIONS,N
6389,J_NO_1,C12EQUALRIGHTS,N
6389,J_NO_1,C13ISRAELEVIDENCE,N
6389,J_NO_1,C13ISRAELINSTITUTIONS,N
6389,J_NO_1,C13ISRAELPOLICIES,N
6389,J_NO_1,C13ISRAELOPT,N
6389,J_NO_1,C13ISRAELREGION,N
6389,J_NO_1,C13ISRAELDISCRIMINATION,N
6389,J_NO_1,C13ISRAELNORMS,N
6389,J_NO_1,C13ISRAELCOMPARE,N
6389,J_NO_1,C14BDS,N
6389,J_NO_1,C15REASONABLE,N
6389,J_NO_1,C15DOUBLESTANDARD,N
45009,J_NO_1,C11PALESTINIANJUSTICE,N
45009,J_NO_1,C11PALESTINIANRIGHTS,N
45009,J_NO_1,C12ZIONCRITICAL,N
45009,J_NO_1,C12SOLUTIONS,N
45009,J_NO_1,C12EQUALRIGHTS,N
45009,J_NO_1,C13ISRAELEVIDENCE,N
45009,J_NO_1,C13ISRAELINSTITUTIONS,N
45009,J_NO_1,C13ISRAELPOLICIES,N
45009,J_NO_1,C13ISRAELOPT,N
45009,J_NO_1,C13ISRAELREGION,N
45009,J_NO_1,C13ISRAELDISCRIMINATION,N
45009,J_NO_1,C13ISRAELNORMS,N
45009,J_NO_1,C13ISRAELCOMPARE,N
45009,J_NO_1,C14BDS,N
45009,J_NO_1,C15REASONABLE,N
45009,J_NO_1,C15DOUBLESTANDARD,N
30344,J_NO_1,C11PALESTINIANJUSTICE,N
30344,J_NO_1,C11PALESTINIANRIGHTS,N
30344,J_NO_1,C12ZIONCRITICAL,N
30344,J_NO_1,C12SOLUTIONS,N
30344,J_NO_1,C12EQUALRIGHTS,N
30344,J_NO_1,C13ISRAELEVIDENCE,N
30344,J_NO_1,C13ISRAELINSTITUTIONS,N
30344,J_NO_1,C13ISRAELPOLICIES,N
30344,J_NO_1,C13ISRAELOPT,N
30344,J_NO_1,C13ISRAELREGION,N
30344,J_NO_1,C13ISRAELDISCRIMINATION,N
30344,J_NO_1,C13ISRAELNORMS,N
30344,J_NO_1,C13ISRAELCOMPARE,N
30344,J_NO_1,C14BDS,N
30344,J_NO_1,C15REASONABLE,N
30344,J_NO_1,C15DOUBLESTANDARD,N
2812,J_NO_1,C11PALESTINIANJUSTICE,N
2812,J_NO_1,C11PALESTINIANRIGHTS,N
2812,J_NO_1,C12ZIONCRITICAL,N
2812,J_NO_1,C12SOLUTIONS,N
2812,J_NO_1,C12EQUALRIGHTS,N
2812,J_NO_1,C13ISRAELEVIDENCE,N
2812,J_NO_1,C13ISRAELINSTITUTIONS,N
2812,J_NO_1,C13ISRAELPOLICIES,N
2812,J_NO_1,C13ISRAELOPT,N
2812,J_NO_1,C13ISRAELREGION,N
2812,J_NO_1,C13ISRAELDISCRIMINATION,N
2812,J_NO_1,C13ISRAELNORMS,N
2812,J_NO_1,C13ISRAELCOMPARE,N
2812,J_NO_1,C14BDS,N
2812,J_NO_1,C15REASONABLE,N
2812,J_NO_1,C15DOUBLESTANDARD,N
12028,J_NO_1,C11PALESTINIANJUSTICE,N
12028,J_NO_1,C11PALESTINIANRIGHTS,N
12028,J_NO_1,C12ZIONCRITICAL,N
12028,J_NO_1,C12SOLUTIONS,N
12028,J_NO_1,C12EQUALRIGHTS,N
12028,J_NO_1,C13ISRAELEVIDENCE,N
12028,J_NO_1,C13ISRAELINSTITUTIONS,N
12028,J_NO_1,C13ISRAELPOLICIES,N
12028,J_NO_1,C13ISRAELOPT,N
12028,J_NO_1,C13ISRAELREGION,N
12028,J_NO_1,C13ISRAELDISCRIMINATION,N
12028,J_NO_1,C13ISRAELNORMS,N
12028,J_NO_1,C13ISRAELCOMPARE,N
12028,J_NO_1,C14BDS,N
12028,J_NO_1,C15REASONABLE,N
12028,J_NO_1,C15DOUBLESTANDARD,N
39836,J_NO_1,C11PALESTINIANJUSTICE,N
39836,J_NO_1,C11PALESTINIANRIGHTS,N
39836,J_NO_1,C12ZIONCRITICAL,N
39836,J_NO_1,C12SOLUTIONS,N
39836,J_NO_1,C12EQUALRIGHTS,N
39836,J_NO_1,C13ISRAELEVIDENCE,N
39836,J_NO_1,C13ISRAELINSTITUTIONS,N
39836,J_NO_1,C13ISRAELPOLICIES,N
39836,J_NO_1,C13ISRAELOPT,N
39836,J_NO_1,C13ISRAELREGION,N
39836,J_NO_1,C13ISRAELDISCRIMINATION,N
39836,J_NO_1,C13ISRAELNORMS,N
39836,J_NO_1,C13ISRAELCOMPARE,N
39836,J_NO_1,C14BDS,N
39836,J_NO_1,C15REASONABLE,N
39836,J_NO_1,C15DOUBLESTANDARD,N
34157,J_NO_1,C11PALESTINIANJUSTICE,N
34157,J_NO_1,C11PALESTINIANRIGHTS,N
34157,J_NO_1,C12ZIONCRITICAL,N
34157,J_NO_1,C12SOLUTIONS,N
34157,J_NO_1,C12EQUALRIGHTS,N
34157,J_NO_1,C13ISRAELEVIDENCE,N
34157,J_NO_1,C13ISRAELINSTITUTIONS,N
34157,J_NO_1,C13ISRAELPOLICIES,N
34157,J_NO_1,C13ISRAELOPT,N
34157,J_NO_1,C13ISRAELREGION,N
34157,J_NO_1,C13ISRAELDISCRIMINATION,N
34157,J_NO_1,C13ISRAELNORMS,N
34157,J_NO_1,C13ISRAELCOMPARE,N
34157,J_NO_1,C14BDS,N
34157,J_NO_1,C15REASONABLE,N
34157,J_NO_1,C15DOUBLESTANDARD,N
28642,J_NO_1,C11PALESTINIANJUSTICE,N
28642,J_NO_1,C11PALESTINIANRIGHTS,N
28642,J_NO_1,C12ZIONCRITICAL,N
28642,J_NO_1,C12SOLUTIONS,N
28642,J_NO_1,C12EQUALRIGHTS,N
28642,J_NO_1,C13ISRAELEVIDENCE,N
28642,J_NO_1,C13ISRAELINSTITUTIONS,N
28642,J_NO_1,C13ISRAELPOLICIES,N
28642,J_NO_1,C13ISRAELOPT,N
28642,J_NO_1,C13ISRAELREGION,N
28642,J_NO_1,C13ISRAELDISCRIMINATION,N
28642,J_NO_1,C13ISRAELNORMS,N
28642,J_NO_1,C13ISRAELCOMPARE,N
28642,J_NO_1,C14BDS,N
28642,J_NO_1,C15REASONABLE,N
28642,J_NO_1,C15DOUBLESTANDARD,N
7343,J_NO_1,C11PALESTINIANJUSTICE,N
7343,J_NO_1,C11PALESTINIANRIGHTS,N
7343,J_NO_1,C12ZIONCRITICAL,N
7343,J_NO_1,C12SOLUTIONS,N
7343,J_NO_1,C12EQUALRIGHTS,N
7343,J_NO_1,C13ISRAELEVIDENCE,N
7343,J_NO_1,C13ISRAELINSTITUTIONS,N
7343,J_NO_1,C13ISRAELPOLICIES,N
7343,J_NO_1,C13ISRAELOPT,N
7343,J_NO_1,C13ISRAELREGION,N
7343,J_NO_1,C13ISRAELDISCRIMINATION,N
7343,J_NO_1,C13ISRAELNORMS,N
7343,J_NO_1,C13ISRAELCOMPARE,N
7343,J_NO_1,C14BDS,N
7343,J_NO_1,C15REASONABLE,N
7343,J_NO_1,C15DOUBLESTANDARD,N
43598,J_NO_1,C11PALESTINIANJUSTICE,N
43598,J_NO_1,C11PALESTINIANRIGHTS,N
43598,J_NO_1,C12ZIONCRITICAL,N
43598,J_NO_1,C12SOLUTIONS,N
43598,J_NO_1,C12EQUALRIGHTS,N
43598,J_NO_1,C13ISRAELEVIDENCE,N
43598,J_NO_1,C13ISRAELINSTITUTIONS,N
43598,J_NO_1,C13ISRAELPOLICIES,N
43598,J_NO_1,C13ISRAELOPT,N
43598,J_NO_1,C13ISRAELREGION,N
43598,J_NO_1,C13ISRAELDISCRIMINATION,N
43598,J_NO_1,C13ISRAELNORMS,N
43598,J_NO_1,C13ISRAELCOMPARE,N
43598,J_NO_1,C14BDS,N
43598,J_NO_1,C15REASONABLE,N
43598,J_NO_1,C15DOUBLESTANDARD,N
19428,J_NO_1,C11PALESTINIANJUSTICE,A
19428,J_NO_1,C11PALESTINIANRIGHTS,N
19428,J_NO_1,C12ZIONCRITICAL,N
19428,J_NO_1,C12SOLUTIONS,N
19428,J_NO_1,C12EQUALRIGHTS,N
19428,J_NO_1,C13ISRAELEVIDENCE,N
19428,J_NO_1,C13ISRAELINSTITUTIONS,N
19428,J_NO_1,C13ISRAELPOLICIES,N
19428,J_NO_1,C13ISRAELOPT,N
19428,J_NO_1,C13ISRAELREGION,N
19428,J_NO_1,C13ISRAELDISCRIMINATION,N
19428,J_NO_1,C13ISRAELNORMS,N
19428,J_NO_1,C13ISRAELCOMPARE,N
19428,J_NO_1,C14BDS,N
19428,J_NO_1,C15REASONABLE,I
19428,J_NO_1,C15DOUBLESTANDARD,N
10680,J_NO_1,C11PALESTINIANJUSTICE,N
10680,J_NO_1,C11PALESTINIANRIGHTS,N
10680,J_NO_1,C12ZIONCRITICAL,N
10680,J_NO_1,C12SOLUTIONS,N
10680,J_NO_1,C12EQUALRIGHTS,N
10680,J_NO_1,C13ISRAELEVIDENCE,N
10680,J_NO_1,C13ISRAELINSTITUTIONS,N
10680,J_NO_1,C13ISRAELPOLICIES,N
10680,J_NO_1,C13ISRAELOPT,N
10680,J_NO_1,C13ISRAELREGION,N
10680,J_NO_1,C13ISRAELDISCRIMINATION,N
10680,J_NO_1,C13ISRAELNORMS,N
10680,J_NO_1,C13ISRAELCOMPARE,N
10680,J_NO_1,C14BDS,N
10680,J_NO_1,C15REASONABLE,N
10680,J_NO_1,C15DOUBLESTANDARD,N
20011,J_NO_1,C11PALESTINIANJUSTICE,N
20011,J_NO_1,C11PALESTINIANRIGHTS,N
20011,J_NO_1,C12ZIONCRITICAL,N
20011,J_NO_1,C12SOLUTIONS,N
20011,J_NO_1,C12EQUALRIGHTS,N
20011,J_NO_1,C13ISRAELEVIDENCE,N
20011,J_NO_1,C13ISRAELINSTITUTIONS,N
20011,J_NO_1,C13ISRAELPOLICIES,N
20011,J_NO_1,C13ISRAELOPT,N
20011,J_NO_1,C13ISRAELREGION,N
20011,J_NO_1,C13ISRAELDISCRIMINATION,N
20011,J_NO_1,C13ISRAELNORMS,N
20011,J_NO_1,C13ISRAELCOMPARE,N
20011,J_NO_1,C14BDS,N
20011,J_NO_1,C15REASONABLE,N
20011,J_NO_1,C15DOUBLESTANDARD,N
42919,J_NO_1,C11PALESTINIANJUSTICE,N
42919,J_NO_1,C11PALESTINIANRIGHTS,N
42919,J_NO_1,C12ZIONCRITICAL,N
42919,J_NO_1,C12SOLUTIONS,N
42919,J_NO_1,C12EQUALRIGHTS,N
42919,J_NO_1,C13ISRAELEVIDENCE,I
42919,J_NO_1,C13ISRAELINSTITUTIONS,N
42919,J_NO_1,C13ISRAELPOLICIES,I
42919,J_NO_1,C13ISRAELOPT,N
42919,J_NO_1,C13ISRAELREGION,I
42919,J_NO_1,C13ISRAELDISCRIMINATION,N
42919,J_NO_1,C13ISRAELNORMS,N
42919,J_NO_1,C13ISRAELCOMPARE,N
42919,J_NO_1,C14BDS,N
42919,J_NO_1,C15REASONABLE,N
42919,J_NO_1,C15DOUBLESTANDARD,N
33571,J_NO_1,C11PALESTINIANJUSTICE,N
33571,J_NO_1,C11PALESTINIANRIGHTS,N
33571,J_NO_1,C12ZIONCRITICAL,N
33571,J_NO_1,C12SOLUTIONS,N
33571,J_NO_1,C12EQUALRIGHTS,N
33571,J_NO_1,C13ISRAELEVIDENCE,N
33571,J_NO_1,C13ISRAELINSTITUTIONS,N
33571,J_NO_1,C13ISRAELPOLICIES,N
33571,J_NO_1,C13ISRAELOPT,N
33571,J_NO_1,C13ISRAELREGION,N
33571,J_NO_1,C13ISRAELDISCRIMINATION,N
33571,J_NO_1,C13ISRAELNORMS,N
33571,J_NO_1,C13ISRAELCOMPARE,N
33571,J_NO_1,C14BDS,N
33571,J_NO_1,C15REASONABLE,N
33571,J_NO_1,C15DOUBLESTANDARD,N
28704,J_NO_1,C11PALESTINIANJUSTICE,N
28704,J_NO_1,C11PALESTINIANRIGHTS,N
28704,J_NO_1,C12ZIONCRITICAL,N
28704,J_NO_1,C12SOLUTIONS,N
28704,J_NO_1,C12EQUALRIGHTS,N
28704,J_NO_1,C13ISRAELEVIDENCE,N
28704,J_NO_1,C13ISRAELINSTITUTIONS,N
28704,J_NO_1,C13ISRAELPOLICIES,N
28704,J_NO_1,C13ISRAELOPT,N
28704,J_NO_1,C13ISRAELREGION,N
28704,J_NO_1,C13ISRAELDISCRIMINATION,N
28704,J_NO_1,C13ISRAELNORMS,N
28704,J_NO_1,C13ISRAELCOMPARE,N
28704,J_NO_1,C14BDS,N
28704,J_NO_1,C15REASONABLE,N
28704,J_NO_1,C15DOUBLESTANDARD,N
28857,J_NO_1,C11PALESTINIANJUSTICE,I
28857,J_NO_1,C11PALESTINIANRIGHTS,N
28857,J_NO_1,C12ZIONCRITICAL,N
28857,J_NO_1,C12SOLUTIONS,N
28857,J_NO_1,C12EQUALRIGHTS,N
28857,J_NO_1,C13ISRAELEVIDENCE,I
28857,J_NO_1,C13ISRAELINSTITUTIONS,N
28857,J_NO_1,C13ISRAELPOLICIES,I
28857,J_NO_1,C13ISRAELOPT,I
28857,J_NO_1,C13ISRAELREGION,N
28857,J_NO_1,C13ISRAELDISCRIMINATION,N
28857,J_NO_1,C13ISRAELNORMS,N
28857,J_NO_1,C13ISRAELCOMPARE,N
28857,J_NO_1,C14BDS,N
28857,J_NO_1,C15REASONABLE,N
28857,J_NO_1,C15DOUBLESTANDARD,N
36181,J_NO_1,C11PALESTINIANJUSTICE,N
36181,J_NO_1,C11PALESTINIANRIGHTS,N
36181,J_NO_1,C12ZIONCRITICAL,N
36181,J_NO_1,C12SOLUTIONS,N
36181,J_NO_1,C12EQUALRIGHTS,N
36181,J_NO_1,C13ISRAELEVIDENCE,N
36181,J_NO_1,C13ISRAELINSTITUTIONS,N
36181,J_NO_1,C13ISRAELPOLICIES,N
36181,J_NO_1,C13ISRAELOPT,N
36181,J_NO_1,C13ISRAELREGION,N
36181,J_NO_1,C13ISRAELDISCRIMINATION,N
36181,J_NO_1,C13ISRAELNORMS,N
36181,J_NO_1,C13ISRAELCOMPARE,N
36181,J_NO_1,C14BDS,N
36181,J_NO_1,C15REASONABLE,N
36181,J_NO_1,C15DOUBLESTANDARD,N
10193,J_NO_1,C11PALESTINIANJUSTICE,N
10193,J_NO_1,C11PALESTINIANRIGHTS,N
10193,J_NO_1,C12ZIONCRITICAL,N
10193,J_NO_1,C12SOLUTIONS,N
10193,J_NO_1,C12EQUALRIGHTS,N
10193,J_NO_1,C13ISRAELEVIDENCE,N
10193,J_NO_1,C13ISRAELINSTITUTIONS,N
10193,J_NO_1,C13ISRAELPOLICIES,N
10193,J_NO_1,C13ISRAELOPT,N
10193,J_NO_1,C13ISRAELREGION,N
10193,J_NO_1,C13ISRAELDISCRIMINATION,N
10193,J_NO_1,C13ISRAELNORMS,N
10193,J_NO_1,C13ISRAELCOMPARE,N
10193,J_NO_1,C14BDS,N
10193,J_NO_1,C15REASONABLE,N
10193,J_NO_1,C15DOUBLESTANDARD,N
17559,J_NO_1,C11PALESTINIANJUSTICE,N
17559,J_NO_1,C11PALESTINIANRIGHTS,N
17559,J_NO_1,C12ZIONCRITICAL,N
17559,J_NO_1,C12SOLUTIONS,N
17559,J_NO_1,C12EQUALRIGHTS,N
17559,J_NO_1,C13ISRAELEVIDENCE,N
17559,J_NO_1,C13ISRAELINSTITUTIONS,N
17559,J_NO_1,C13ISRAELPOLICIES,N
17559,J_NO_1,C13ISRAELOPT,N
17559,J_NO_1,C13ISRAELREGION,N
17559,J_NO_1,C13ISRAELDISCRIMINATION,N
17559,J_NO_1,C13ISRAELNORMS,N
17559,J_NO_1,C13ISRAELCOMPARE,N
17559,J_NO_1,C14BDS,N
17559,J_NO_1,C15REASONABLE,N
17559,J_NO_1,C15DOUBLESTANDARD,N
31574,J_NO_1,C11PALESTINIANJUSTICE,N
31574,J_NO_1,C11PALESTINIANRIGHTS,N
31574,J_NO_1,C12ZIONCRITICAL,N
31574,J_NO_1,C12SOLUTIONS,N
31574,J_NO_1,C12EQUALRIGHTS,N
31574,J_NO_1,C13ISRAELEVIDENCE,N
31574,J_NO_1,C13ISRAELINSTITUTIONS,N
31574,J_NO_1,C13ISRAELPOLICIES,N
31574,J_NO_1,C13ISRAELOPT,N
31574,J_NO_1,C13ISRAELREGION,N
31574,J_NO_1,C13ISRAELDISCRIMINATION,N
31574,J_NO_1,C13ISRAELNORMS,N
31574,J_NO_1,C13ISRAELCOMPARE,N
31574,J_NO_1,C14BDS,N
31574,J_NO_1,C15REASONABLE,N
31574,J_NO_1,C15DOUBLESTANDARD,N
5071,J_NO_1,C11PALESTINIANJUSTICE,N
5071,J_NO_1,C11PALESTINIANRIGHTS,N
5071,J_NO_1,C12ZIONCRITICAL,N
5071,J_NO_1,C12SOLUTIONS,N
5071,J_NO_1,C12EQUALRIGHTS,N
5071,J_NO_1,C13ISRAELEVIDENCE,N
5071,J_NO_1,C13ISRAELINSTITUTIONS,N
5071,J_NO_1,C13ISRAELPOLICIES,N
5071,J_NO_1,C13ISRAELOPT,N
5071,J_NO_1,C13ISRAELREGION,N
5071,J_NO_1,C13ISRAELDISCRIMINATION,N
5071,J_NO_1,C13ISRAELNORMS,N
5071,J_NO_1,C13ISRAELCOMPARE,N
5071,J_NO_1,C14BDS,N
5071,J_NO_1,C15REASONABLE,N
5071,J_NO_1,C15DOUBLESTANDARD,N
46210,J_NO_1,C11PALESTINIANJUSTICE,N
46210,J_NO_1,C11PALESTINIANRIGHTS,N
46210,J_NO_1,C12ZIONCRITICAL,N
46210,J_NO_1,C12SOLUTIONS,N
46210,J_NO_1,C12EQUALRIGHTS,N
46210,J_NO_1,C13ISRAELEVIDENCE,N
46210,J_NO_1,C13ISRAELINSTITUTIONS,N
46210,J_NO_1,C13ISRAELPOLICIES,N
46210,J_NO_1,C13ISRAELOPT,N
46210,J_NO_1,C13ISRAELREGION,N
46210,J_NO_1,C13ISRAELDISCRIMINATION,N
46210,J_NO_1,C13ISRAELNORMS,N
46210,J_NO_1,C13ISRAELCOMPARE,N
46210,J_NO_1,C14BDS,N
46210,J_NO_1,C15REASONABLE,N
46210,J_NO_1,C15DOUBLESTANDARD,N
29747,J_NO_1,C11PALESTINIANJUSTICE,N
29747,J_NO_1,C11PALESTINIANRIGHTS,N
29747,J_NO_1,C12ZIONCRITICAL,N
29747,J_NO_1,C12SOLUTIONS,N
29747,J_NO_1,C12EQUALRIGHTS,N
29747,J_NO_1,C13ISRAELEVIDENCE,N
29747,J_NO_1,C13ISRAELINSTITUTIONS,N
29747,J_NO_1,C13ISRAELPOLICIES,N
29747,J_NO_1,C13ISRAELOPT,N
29747,J_NO_1,C13ISRAELREGION,N
29747,J_NO_1,C13ISRAELDISCRIMINATION,N
29747,J_NO_1,C13ISRAELNORMS,N
29747,J_NO_1,C13ISRAELCOMPARE,N
29747,J_NO_1,C14BDS,N
29747,J_NO_1,C15REASONABLE,N
29747,J_NO_1,C15DOUBLESTANDARD,N
41636,J_NO_1,C11PALESTINIANJUSTICE,N
41636,J_NO_1,C11PALESTINIANRIGHTS,N
41636,J_NO_1,C12ZIONCRITICAL,N
41636,J_NO_1,C12SOLUTIONS,N
41636,J_NO_1,C12EQUALRIGHTS,N
41636,J_NO_1,C13ISRAELEVIDENCE,N
41636,J_NO_1,C13ISRAELINSTITUTIONS,N
41636,J_NO_1,C13ISRAELPOLICIES,N
41636,J_NO_1,C13ISRAELOPT,N
41636,J_NO_1,C13ISRAELREGION,N
41636,J_NO_1,C13ISRAELDISCRIMINATION,N
41636,J_NO_1,C13ISRAELNORMS,N
41636,J_NO_1,C13ISRAELCOMPARE,N
41636,J_NO_1,C14BDS,N
41636,J_NO_1,C15REASONABLE,N
41636,J_NO_1,C15DOUBLESTANDARD,N
16812,J_NO_1,C11PALESTINIANJUSTICE,N
16812,J_NO_1,C11PALESTINIANRIGHTS,N
16812,J_NO_1,C12ZIONCRITICAL,N
16812,J_NO_1,C12SOLUTIONS,N
16812,J_NO_1,C12EQUALRIGHTS,N
16812,J_NO_1,C13ISRAELEVIDENCE,N
16812,J_NO_1,C13ISRAELINSTITUTIONS,N
16812,J_NO_1,C13ISRAELPOLICIES,N
16812,J_NO_1,C13ISRAELOPT,N
16812,J_NO_1,C13ISRAELREGION,N
16812,J_NO_1,C13ISRAELDISCRIMINATION,N
16812,J_NO_1,C13ISRAELNORMS,N
16812,J_NO_1,C13ISRAELCOMPARE,N
16812,J_NO_1,C14BDS,N
16812,J_NO_1,C15REASONABLE,N
16812,J_NO_1,C15DOUBLESTANDARD,N
42267,J_NO_1,C11PALESTINIANJUSTICE,N
42267,J_NO_1,C11PALESTINIANRIGHTS,N
42267,J_NO_1,C12ZIONCRITICAL,N
42267,J_NO_1,C12SOLUTIONS,N
42267,J_NO_1,C12EQUALRIGHTS,N
42267,J_NO_1,C13ISRAELEVIDENCE,N
42267,J_NO_1,C13ISRAELINSTITUTIONS,N
42267,J_NO_1,C13ISRAELPOLICIES,N
42267,J_NO_1,C13ISRAELOPT,N
42267,J_NO_1,C13ISRAELREGION,N
42267,J_NO_1,C13ISRAELDISCRIMINATION,N
42267,J_NO_1,C13ISRAELNORMS,N
42267,J_NO_1,C13ISRAELCOMPARE,N
42267,J_NO_1,C14BDS,N
42267,J_NO_1,C15REASONABLE,N
42267,J_NO_1,C15DOUBLESTANDARD,N
44612,J_NO_1,C11PALESTINIANJUSTICE,N
44612,J_NO_1,C11PALESTINIANRIGHTS,N
44612,J_NO_1,C12ZIONCRITICAL,N
44612,J_NO_1,C12SOLUTIONS,N
44612,J_NO_1,C12EQUALRIGHTS,N
44612,J_NO_1,C13ISRAELEVIDENCE,N
44612,J_NO_1,C13ISRAELINSTITUTIONS,N
44612,J_NO_1,C13ISRAELPOLICIES,N
44612,J_NO_1,C13ISRAELOPT,N
44612,J_NO_1,C13ISRAELREGION,N
44612,J_NO_1,C13ISRAELDISCRIMINATION,N
44612,J_NO_1,C13ISRAELNORMS,N
44612,J_NO_1,C13ISRAELCOMPARE,N
44612,J_NO_1,C14BDS,N
44612,J_NO_1,C15REASONABLE,N
44612,J_NO_1,C15DOUBLESTANDARD,N
30175,J_NO_1,C11PALESTINIANJUSTICE,N
30175,J_NO_1,C11PALESTINIANRIGHTS,N
30175,J_NO_1,C12ZIONCRITICAL,N
30175,J_NO_1,C12SOLUTIONS,N
30175,J_NO_1,C12EQUALRIGHTS,N
30175,J_NO_1,C13ISRAELEVIDENCE,N
30175,J_NO_1,C13ISRAELINSTITUTIONS,N
30175,J_NO_1,C13ISRAELPOLICIES,N
30175,J_NO_1,C13ISRAELOPT,N
30175,J_NO_1,C13ISRAELREGION,N
30175,J_NO_1,C13ISRAELDISCRIMINATION,N
30175,J_NO_1,C13ISRAELNORMS,N
30175,J_NO_1,C13ISRAELCOMPARE,N
30175,J_NO_1,C14BDS,N
30175,J_NO_1,C15REASONABLE,N
30175,J_NO_1,C15DOUBLESTANDARD,N
9552,J_NO_1,C11PALESTINIANJUSTICE,N
9552,J_NO_1,C11PALESTINIANRIGHTS,N
9552,J_NO_1,C12ZIONCRITICAL,N
9552,J_NO_1,C12SOLUTIONS,N
9552,J_NO_1,C12EQUALRIGHTS,N
9552,J_NO_1,C13ISRAELEVIDENCE,N
9552,J_NO_1,C13ISRAELINSTITUTIONS,N
9552,J_NO_1,C13ISRAELPOLICIES,N
9552,J_NO_1,C13ISRAELOPT,N
9552,J_NO_1,C13ISRAELREGION,N
9552,J_NO_1,C13ISRAELDISCRIMINATION,N
9552,J_NO_1,C13ISRAELNORMS,N
9552,J_NO_1,C13ISRAELCOMPARE,N
9552,J_NO_1,C14BDS,N
9552,J_NO_1,C15REASONABLE,N
9552,J_NO_1,C15DOUBLESTANDARD,N
22629,J_NO_1,C11PALESTINIANJUSTICE,N
22629,J_NO_1,C11PALESTINIANRIGHTS,N
22629,J_NO_1,C12ZIONCRITICAL,N
22629,J_NO_1,C12SOLUTIONS,N
22629,J_NO_1,C12EQUALRIGHTS,N
22629,J_NO_1,C13ISRAELEVIDENCE,N
22629,J_NO_1,C13ISRAELINSTITUTIONS,N
22629,J_NO_1,C13ISRAELPOLICIES,E
22629,J_NO_1,C13ISRAELOPT,N
22629,J_NO_1,C13ISRAELREGION,N
22629,J_NO_1,C13ISRAELDISCRIMINATION,N
22629,J_NO_1,C13ISRAELNORMS,N
22629,J_NO_1,C13ISRAELCOMPARE,N
22629,J_NO_1,C14BDS,N
22629,J_NO_1,C15REASONABLE,E
22629,J_NO_1,C15DOUBLESTANDARD,N
28276,J_NO_1,C11PALESTINIANJUSTICE,N
28276,J_NO_1,C11PALESTINIANRIGHTS,N
28276,J_NO_1,C12ZIONCRITICAL,N
28276,J_NO_1,C12SOLUTIONS,N
28276,J_NO_1,C12EQUALRIGHTS,N
28276,J_NO_1,C13ISRAELEVIDENCE,N
28276,J_NO_1,C13ISRAELINSTITUTIONS,N
28276,J_NO_1,C13ISRAELPOLICIES,N
28276,J_NO_1,C13ISRAELOPT,N
28276,J_NO_1,C13ISRAELREGION,N
28276,J_NO_1,C13ISRAELDISCRIMINATION,N
28276,J_NO_1,C13ISRAELNORMS,N
28276,J_NO_1,C13ISRAELCOMPARE,N
28276,J_NO_1,C14BDS,N
28276,J_NO_1,C15REASONABLE,N
28276,J_NO_1,C15DOUBLESTANDARD,N
46738,J_NO_1,C11PALESTINIANJUSTICE,N
46738,J_NO_1,C11PALESTINIANRIGHTS,N
46738,J_NO_1,C12ZIONCRITICAL,N
46738,J_NO_1,C12SOLUTIONS,N
46738,J_NO_1,C12EQUALRIGHTS,N
46738,J_NO_1,C13ISRAELEVIDENCE,N
46738,J_NO_1,C13ISRAELINSTITUTIONS,N
46738,J_NO_1,C13ISRAELPOLICIES,N
46738,J_NO_1,C13ISRAELOPT,N
46738,J_NO_1,C13ISRAELREGION,N
46738,J_NO_1,C13ISRAELDISCRIMINATION,N
46738,J_NO_1,C13ISRAELNORMS,N
46738,J_NO_1,C13ISRAELCOMPARE,N
46738,J_NO_1,C14BDS,N
46738,J_NO_1,C15REASONABLE,N
46738,J_NO_1,C15DOUBLESTANDARD,N
47301,J_NO_1,C11PALESTINIANJUSTICE,N
47301,J_NO_1,C11PALESTINIANRIGHTS,N
47301,J_NO_1,C12ZIONCRITICAL,N
47301,J_NO_1,C12SOLUTIONS,N
47301,J_NO_1,C12EQUALRIGHTS,N
47301,J_NO_1,C13ISRAELEVIDENCE,N
47301,J_NO_1,C13ISRAELINSTITUTIONS,N
47301,J_NO_1,C13ISRAELPOLICIES,N
47301,J_NO_1,C13ISRAELOPT,N
47301,J_NO_1,C13ISRAELREGION,N
47301,J_NO_1,C13ISRAELDISCRIMINATION,N
47301,J_NO_1,C13ISRAELNORMS,N
47301,J_NO_1,C13ISRAELCOMPARE,N
47301,J_NO_1,C14BDS,N
47301,J_NO_1,C15REASONABLE,N
47301,J_NO_1,C15DOUBLESTANDARD,N
39224,J_NO_1,C11PALESTINIANJUSTICE,N
39224,J_NO_1,C11PALESTINIANRIGHTS,N
39224,J_NO_1,C12ZIONCRITICAL,N
39224,J_NO_1,C12SOLUTIONS,N
39224,J_NO_1,C12EQUALRIGHTS,N
39224,J_NO_1,C13ISRAELEVIDENCE,N
39224,J_NO_1,C13ISRAELINSTITUTIONS,N
39224,J_NO_1,C13ISRAELPOLICIES,N
39224,J_NO_1,C13ISRAELOPT,N
39224,J_NO_1,C13ISRAELREGION,N
39224,J_NO_1,C13ISRAELDISCRIMINATION,N
39224,J_NO_1,C13ISRAELNORMS,N
39224,J_NO_1,C13ISRAELCOMPARE,N
39224,J_NO_1,C14BDS,N
39224,J_NO_1,C15REASONABLE,N
39224,J_NO_1,C15DOUBLESTANDARD,N
46846,J_NO_1,C11PALESTINIANJUSTICE,N
46846,J_NO_1,C11PALESTINIANRIGHTS,N
46846,J_NO_1,C12ZIONCRITICAL,N
46846,J_NO_1,C12SOLUTIONS,N
46846,J_NO_1,C12EQUALRIGHTS,N
46846,J_NO_1,C13ISRAELEVIDENCE,N
46846,J_NO_1,C13ISRAELINSTITUTIONS,N
46846,J_NO_1,C13ISRAELPOLICIES,N
46846,J_NO_1,C13ISRAELOPT,N
46846,J_NO_1,C13ISRAELREGION,N
46846,J_NO_1,C13ISRAELDISCRIMINATION,N
46846,J_NO_1,C13ISRAELNORMS,N
46846,J_NO_1,C13ISRAELCOMPARE,N
46846,J_NO_1,C14BDS,N
46846,J_NO_1,C15REASONABLE,N
46846,J_NO_1,C15DOUBLESTANDARD,N
8909,J_NO_1,C11PALESTINIANJUSTICE,A
8909,J_NO_1,C11PALESTINIANRIGHTS,A
8909,J_NO_1,C12ZIONCRITICAL,N
8909,J_NO_1,C12SOLUTIONS,N
8909,J_NO_1,C12EQUALRIGHTS,N
8909,J_NO_1,C13ISRAELEVIDENCE,I
8909,J_NO_1,C13ISRAELINSTITUTIONS,N
8909,J_NO_1,C13ISRAELPOLICIES,N
8909,J_NO_1,C13ISRAELOPT,N
8909,J_NO_1,C13ISRAELREGION,N
8909,J_NO_1,C13ISRAELDISCRIMINATION,N
8909,J_NO_1,C13ISRAELNORMS,N
8909,J_NO_1,C13ISRAELCOMPARE,I
8909,J_NO_1,C14BDS,N
8909,J_NO_1,C15REASONABLE,I
8909,J_NO_1,C15DOUBLESTANDARD,N
18574,J_NO_1,C11PALESTINIANJUSTICE,N
18574,J_NO_1,C11PALESTINIANRIGHTS,N
18574,J_NO_1,C12ZIONCRITICAL,N
18574,J_NO_1,C12SOLUTIONS,N
18574,J_NO_1,C12EQUALRIGHTS,N
18574,J_NO_1,C13ISRAELEVIDENCE,N
18574,J_NO_1,C13ISRAELINSTITUTIONS,N
18574,J_NO_1,C13ISRAELPOLICIES,N
18574,J_NO_1,C13ISRAELOPT,N
18574,J_NO_1,C13ISRAELREGION,N
18574,J_NO_1,C13ISRAELDISCRIMINATION,N
18574,J_NO_1,C13ISRAELNORMS,N
18574,J_NO_1,C13ISRAELCOMPARE,N
18574,J_NO_1,C14BDS,N
18574,J_NO_1,C15REASONABLE,N
18574,J_NO_1,C15DOUBLESTANDARD,N
41172,J_NO_1,C11PALESTINIANJUSTICE,N
41172,J_NO_1,C11PALESTINIANRIGHTS,N
41172,J_NO_1,C12ZIONCRITICAL,N
41172,J_NO_1,C12SOLUTIONS,N
41172,J_NO_1,C12EQUALRIGHTS,N
41172,J_NO_1,C13ISRAELEVIDENCE,N
41172,J_NO_1,C13ISRAELINSTITUTIONS,N
41172,J_NO_1,C13ISRAELPOLICIES,N
41172,J_NO_1,C13ISRAELOPT,N
41172,J_NO_1,C13ISRAELREGION,N
41172,J_NO_1,C13ISRAELDISCRIMINATION,N
41172,J_NO_1,C13ISRAELNORMS,N
41172,J_NO_1,C13ISRAELCOMPARE,N
41172,J_NO_1,C14BDS,N
41172,J_NO_1,C15REASONABLE,N
41172,J_NO_1,C15DOUBLESTANDARD,N
295,J_NO_1,C11PALESTINIANJUSTICE,N
295,J_NO_1,C11PALESTINIANRIGHTS,N
295,J_NO_1,C12ZIONCRITICAL,N
295,J_NO_1,C12SOLUTIONS,N
295,J_NO_1,C12EQUALRIGHTS,N
295,J_NO_1,C13ISRAELEVIDENCE,N
295,J_NO_1,C13ISRAELINSTITUTIONS,N
295,J_NO_1,C13ISRAELPOLICIES,N
295,J_NO_1,C13ISRAELOPT,N
295,J_NO_1,C13ISRAELREGION,N
295,J_NO_1,C13ISRAELDISCRIMINATION,N
295,J_NO_1,C13ISRAELNORMS,N
295,J_NO_1,C13ISRAELCOMPARE,N
295,J_NO_1,C14BDS,N
295,J_NO_1,C15REASONABLE,N
295,J_NO_1,C15DOUBLESTANDARD,N
49857,J_NO_1,C11PALESTINIANJUSTICE,N
49857,J_NO_1,C11PALESTINIANRIGHTS,N
49857,J_NO_1,C12ZIONCRITICAL,N
49857,J_NO_1,C12SOLUTIONS,N
49857,J_NO_1,C12EQUALRIGHTS,N
49857,J_NO_1,C13ISRAELEVIDENCE,N
49857,J_NO_1,C13ISRAELINSTITUTIONS,N
49857,J_NO_1,C13ISRAELPOLICIES,N
49857,J_NO_1,C13ISRAELOPT,N
49857,J_NO_1,C13ISRAELREGION,N
49857,J_NO_1,C13ISRAELDISCRIMINATION,N
49857,J_NO_1,C13ISRAELNORMS,N
49857,J_NO_1,C13ISRAELCOMPARE,N
49857,J_NO_1,C14BDS,N
49857,J_NO_1,C15REASONABLE,N
49857,J_NO_1,C15DOUBLESTANDARD,N
31160,J_NO_1,C11PALESTINIANJUSTICE,N
31160,J_NO_1,C11PALESTINIANRIGHTS,N
31160,J_NO_1,C12ZIONCRITICAL,N
31160,J_NO_1,C12SOLUTIONS,N
31160,J_NO_1,C12EQUALRIGHTS,N
31160,J_NO_1,C13ISRAELEVIDENCE,N
31160,J_NO_1,C13ISRAELINSTITUTIONS,N
31160,J_NO_1,C13ISRAELPOLICIES,N
31160,J_NO_1,C13ISRAELOPT,N
31160,J_NO_1,C13ISRAELREGION,N
31160,J_NO_1,C13ISRAELDISCRIMINATION,N
31160,J_NO_1,C13ISRAELNORMS,N
31160,J_NO_1,C13ISRAELCOMPARE,N
31160,J_NO_1,C14BDS,N
31160,J_NO_1,C15REASONABLE,N
31160,J_NO_1,C15DOUBLESTANDARD,N
19775,J_NO_1,C11PALESTINIANJUSTICE,N
19775,J_NO_1,C11PALESTINIANRIGHTS,N
19775,J_NO_1,C12ZIONCRITICAL,N
19775,J_NO_1,C12SOLUTIONS,N
19775,J_NO_1,C12EQUALRIGHTS,N
19775,J_NO_1,C13ISRAELEVIDENCE,N
19775,J_NO_1,C13ISRAELINSTITUTIONS,N
19775,J_NO_1,C13ISRAELPOLICIES,N
19775,J_NO_1,C13ISRAELOPT,N
19775,J_NO_1,C13ISRAELREGION,N
19775,J_NO_1,C13ISRAELDISCRIMINATION,N
19775,J_NO_1,C13ISRAELNORMS,N
19775,J_NO_1,C13ISRAELCOMPARE,N
19775,J_NO_1,C14BDS,N
19775,J_NO_1,C15REASONABLE,N
19775,J_NO_1,C15DOUBLESTANDARD,N
2565,J_NO_1,C11PALESTINIANJUSTICE,N
2565,J_NO_1,C11PALESTINIANRIGHTS,N
2565,J_NO_1,C12ZIONCRITICAL,N
2565,J_NO_1,C12SOLUTIONS,N
2565,J_NO_1,C12EQUALRIGHTS,N
2565,J_NO_1,C13ISRAELEVIDENCE,N
2565,J_NO_1,C13ISRAELINSTITUTIONS,N
2565,J_NO_1,C13ISRAELPOLICIES,N
2565,J_NO_1,C13ISRAELOPT,N
2565,J_NO_1,C13ISRAELREGION,N
2565,J_NO_1,C13ISRAELDISCRIMINATION,N
2565,J_NO_1,C13ISRAELNORMS,N
2565,J_NO_1,C13ISRAELCOMPARE,N
2565,J_NO_1,C14BDS,N
2565,J_NO_1,C15REASONABLE,N
2565,J_NO_1,C15DOUBLESTANDARD,N
23418,J_NO_1,C11PALESTINIANJUSTICE,N
23418,J_NO_1,C11PALESTINIANRIGHTS,N
23418,J_NO_1,C12ZIONCRITICAL,N
23418,J_NO_1,C12SOLUTIONS,N
23418,J_NO_1,C12EQUALRIGHTS,N
23418,J_NO_1,C13ISRAELEVIDENCE,N
23418,J_NO_1,C13ISRAELINSTITUTIONS,N
23418,J_NO_1,C13ISRAELPOLICIES,N
23418,J_NO_1,C13ISRAELOPT,N
23418,J_NO_1,C13ISRAELREGION,N
23418,J_NO_1,C13ISRAELDISCRIMINATION,N
23418,J_NO_1,C13ISRAELNORMS,N
23418,J_NO_1,C13ISRAELCOMPARE,N
23418,J_NO_1,C14BDS,N
23418,J_NO_1,C15REASONABLE,N
23418,J_NO_1,C15DOUBLESTANDARD,N
42708,J_NO_1,C11PALESTINIANJUSTICE,N
42708,J_NO_1,C11PALESTINIANRIGHTS,N
42708,J_NO_1,C12ZIONCRITICAL,N
42708,J_NO_1,C12SOLUTIONS,N
42708,J_NO_1,C12EQUALRIGHTS,N
42708,J_NO_1,C13ISRAELEVIDENCE,N
42708,J_NO_1,C13ISRAELINSTITUTIONS,N
42708,J_NO_1,C13ISRAELPOLICIES,N
42708,J_NO_1,C13ISRAELOPT,N
42708,J_NO_1,C13ISRAELREGION,N
42708,J_NO_1,C13ISRAELDISCRIMINATION,N
42708,J_NO_1,C13ISRAELNORMS,N
42708,J_NO_1,C13ISRAELCOMPARE,N
42708,J_NO_1,C14BDS,N
42708,J_NO_1,C15REASONABLE,I
42708,J_NO_1,C15DOUBLESTANDARD,I
4117,J_NO_1,C11PALESTINIANJUSTICE,N
4117,J_NO_1,C11PALESTINIANRIGHTS,N
4117,J_NO_1,C12ZIONCRITICAL,N
4117,J_NO_1,C12SOLUTIONS,N
4117,J_NO_1,C12EQUALRIGHTS,N
4117,J_NO_1,C13ISRAELEVIDENCE,N
4117,J_NO_1,C13ISRAELINSTITUTIONS,N
4117,J_NO_1,C13ISRAELPOLICIES,N
4117,J_NO_1,C13ISRAELOPT,N
4117,J_NO_1,C13ISRAELREGION,N
4117,J_NO_1,C13ISRAELDISCRIMINATION,N
4117,J_NO_1,C13ISRAELNORMS,N
4117,J_NO_1,C13ISRAELCOMPARE,N
4117,J_NO_1,C14BDS,N
4117,J_NO_1,C15REASONABLE,N
4117,J_NO_1,C15DOUBLESTANDARD,N
40905,J_NO_1,C11PALESTINIANJUSTICE,N
40905,J_NO_1,C11PALESTINIANRIGHTS,N
40905,J_NO_1,C12ZIONCRITICAL,N
40905,J_NO_1,C12SOLUTIONS,N
40905,J_NO_1,C12EQUALRIGHTS,N
40905,J_NO_1,C13ISRAELEVIDENCE,N
40905,J_NO_1,C13ISRAELINSTITUTIONS,N
40905,J_NO_1,C13ISRAELPOLICIES,N
40905,J_NO_1,C13ISRAELOPT,N
40905,J_NO_1,C13ISRAELREGION,N
40905,J_NO_1,C13ISRAELDISCRIMINATION,N
40905,J_NO_1,C13ISRAELNORMS,N
40905,J_NO_1,C13ISRAELCOMPARE,N
40905,J_NO_1,C14BDS,N
40905,J_NO_1,C15REASONABLE,N
40905,J_NO_1,C15DOUBLESTANDARD,N
17852,J_NO_1,C11PALESTINIANJUSTICE,N
17852,J_NO_1,C11PALESTINIANRIGHTS,N
17852,J_NO_1,C12ZIONCRITICAL,N
17852,J_NO_1,C12SOLUTIONS,N
17852,J_NO_1,C12EQUALRIGHTS,N
17852,J_NO_1,C13ISRAELEVIDENCE,N
17852,J_NO_1,C13ISRAELINSTITUTIONS,N
17852,J_NO_1,C13ISRAELPOLICIES,N
17852,J_NO_1,C13ISRAELOPT,N
17852,J_NO_1,C13ISRAELREGION,N
17852,J_NO_1,C13ISRAELDISCRIMINATION,N
17852,J_NO_1,C13ISRAELNORMS,N
17852,J_NO_1,C13ISRAELCOMPARE,N
17852,J_NO_1,C14BDS,N
17852,J_NO_1,C15REASONABLE,N
17852,J_NO_1,C15DOUBLESTANDARD,N
48598,J_NO_1,C11PALESTINIANJUSTICE,E
48598,J_NO_1,C11PALESTINIANRIGHTS,I
48598,J_NO_1,C12ZIONCRITICAL,N
48598,J_NO_1,C12SOLUTIONS,N
48598,J_NO_1,C12EQUALRIGHTS,N
48598,J_NO_1,C13ISRAELEVIDENCE,N
48598,J_NO_1,C13ISRAELINSTITUTIONS,N
48598,J_NO_1,C13ISRAELPOLICIES,E
48598,J_NO_1,C13ISRAELOPT,E
48598,J_NO_1,C13ISRAELREGION,N
48598,J_NO_1,C13ISRAELDISCRIMINATION,N
48598,J_NO_1,C13ISRAELNORMS,N
48598,J_NO_1,C13ISRAELCOMPARE,N
48598,J_NO_1,C14BDS,N
48598,J_NO_1,C15REASONABLE,E
48598,J_NO_1,C15DOUBLESTANDARD,N
38527,J_NO_1,C11PALESTINIANJUSTICE,N
38527,J_NO_1,C11PALESTINIANRIGHTS,N
38527,J_NO_1,C12ZIONCRITICAL,N
38527,J_NO_1,C12SOLUTIONS,N
38527,J_NO_1,C12EQUALRIGHTS,N
38527,J_NO_1,C13ISRAELEVIDENCE,N
38527,J_NO_1,C13ISRAELINSTITUTIONS,N
38527,J_NO_1,C13ISRAELPOLICIES,N
38527,J_NO_1,C13ISRAELOPT,N
38527,J_NO_1,C13ISRAELREGION,N
38527,J_NO_1,C13ISRAELDISCRIMINATION,N
38527,J_NO_1,C13ISRAELNORMS,N
38527,J_NO_1,C13ISRAELCOMPARE,N
38527,J_NO_1,C14BDS,N
38527,J_NO_1,C15REASONABLE,N
38527,J_NO_1,C15DOUBLESTANDARD,N
25126,J_NO_1,C11PALESTINIANJUSTICE,N
25126,J_NO_1,C11PALESTINIANRIGHTS,N
25126,J_NO_1,C12ZIONCRITICAL,N
25126,J_NO_1,C12SOLUTIONS,N
25126,J_NO_1,C12EQUALRIGHTS,N
25126,J_NO_1,C13ISRAELEVIDENCE,N
25126,J_NO_1,C13ISRAELINSTITUTIONS,N
25126,J_NO_1,C13ISRAELPOLICIES,N
25126,J_NO_1,C13ISRAELOPT,N
25126,J_NO_1,C13ISRAELREGION,N
25126,J_NO_1,C13ISRAELDISCRIMINATION,N
25126,J_NO_1,C13ISRAELNORMS,N
25126,J_NO_1,C13ISRAELCOMPARE,N
25126,J_NO_1,C14BDS,N
25126,J_NO_1,C15REASONABLE,N
25126,J_NO_1,C15DOUBLESTANDARD,N
32663,J_NO_1,C11PALESTINIANJUSTICE,N
32663,J_NO_1,C11PALESTINIANRIGHTS,N
32663,J_NO_1,C12ZIONCRITICAL,N
32663,J_NO_1,C12SOLUTIONS,N
32663,J_NO_1,C12EQUALRIGHTS,N
32663,J_NO_1,C13ISRAELEVIDENCE,N
32663,J_NO_1,C13ISRAELINSTITUTIONS,N
32663,J_NO_1,C13ISRAELPOLICIES,N
32663,J_NO_1,C13ISRAELOPT,N
32663,J_NO_1,C13ISRAELREGION,N
32663,J_NO_1,C13ISRAELDISCRIMINATION,N
32663,J_NO_1,C13ISRAELNORMS,N
32663,J_NO_1,C13ISRAELCOMPARE,N
32663,J_NO_1,C14BDS,N
32663,J_NO_1,C15REASONABLE,N
32663,J_NO_1,C15DOUBLESTANDARD,N
33919,J_NO_1,C11PALESTINIANJUSTICE,N
33919,J_NO_1,C11PALESTINIANRIGHTS,N
33919,J_NO_1,C12ZIONCRITICAL,N
33919,J_NO_1,C12SOLUTIONS,N
33919,J_NO_1,C12EQUALRIGHTS,N
33919,J_NO_1,C13ISRAELEVIDENCE,N
33919,J_NO_1,C13ISRAELINSTITUTIONS,N
33919,J_NO_1,C13ISRAELPOLICIES,N
33919,J_NO_1,C13ISRAELOPT,N
33919,J_NO_1,C13ISRAELREGION,N
33919,J_NO_1,C13ISRAELDISCRIMINATION,N
33919,J_NO_1,C13ISRAELNORMS,N
33919,J_NO_1,C13ISRAELCOMPARE,N
33919,J_NO_1,C14BDS,N
33919,J_NO_1,C15REASONABLE,N
33919,J_NO_1,C15DOUBLESTANDARD,N
37498,J_NO_1,C11PALESTINIANJUSTICE,N
37498,J_NO_1,C11PALESTINIANRIGHTS,N
37498,J_NO_1,C12ZIONCRITICAL,N
37498,J_NO_1,C12SOLUTIONS,N
37498,J_NO_1,C12EQUALRIGHTS,N
37498,J_NO_1,C13ISRAELEVIDENCE,N
37498,J_NO_1,C13ISRAELINSTITUTIONS,N
37498,J_NO_1,C13ISRAELPOLICIES,N
37498,J_NO_1,C13ISRAELOPT,N
37498,J_NO_1,C13ISRAELREGION,N
37498,J_NO_1,C13ISRAELDISCRIMINATION,N
37498,J_NO_1,C13ISRAELNORMS,N
37498,J_NO_1,C13ISRAELCOMPARE,N
37498,J_NO_1,C14BDS,N
37498,J_NO_1,C15REASONABLE,N
37498,J_NO_1,C15DOUBLESTANDARD,N
34010,J_NO_1,C11PALESTINIANJUSTICE,N
34010,J_NO_1,C11PALESTINIANRIGHTS,N
34010,J_NO_1,C12ZIONCRITICAL,N
34010,J_NO_1,C12SOLUTIONS,N
34010,J_NO_1,C12EQUALRIGHTS,N
34010,J_NO_1,C13ISRAELEVIDENCE,N
34010,J_NO_1,C13ISRAELINSTITUTIONS,N
34010,J_NO_1,C13ISRAELPOLICIES,N
34010,J_NO_1,C13ISRAELOPT,N
34010,J_NO_1,C13ISRAELREGION,N
34010,J_NO_1,C13ISRAELDISCRIMINATION,N
34010,J_NO_1,C13ISRAELNORMS,N
34010,J_NO_1,C13ISRAELCOMPARE,N
34010,J_NO_1,C14BDS,N
34010,J_NO_1,C15REASONABLE,N
34010,J_NO_1,C15DOUBLESTANDARD,N
40697,J_NO_1,PARSE_ERROR,Expecting value: line 1 column 1 (char 0)
30122,J_NO_1,C11PALESTINIANJUSTICE,N
30122,J_NO_1,C11PALESTINIANRIGHTS,N
30122,J_NO_1,C12ZIONCRITICAL,N
30122,J_NO_1,C12SOLUTIONS,N
30122,J_NO_1,C12EQUALRIGHTS,N
30122,J_NO_1,C13ISRAELEVIDENCE,N
30122,J_NO_1,C13ISRAELINSTITUTIONS,N
30122,J_NO_1,C13ISRAELPOLICIES,N
30122,J_NO_1,C13ISRAELOPT,N
30122,J_NO_1,C13ISRAELREGION,N
30122,J_NO_1,C13ISRAELDISCRIMINATION,N
30122,J_NO_1,C13ISRAELNORMS,N
30122,J_NO_1,C13ISRAELCOMPARE,N
30122,J_NO_1,C14BDS,N
30122,J_NO_1,C15REASONABLE,N
30122,J_NO_1,C15DOUBLESTANDARD,N
20016,J_NO_1,C11PALESTINIANJUSTICE,N
20016,J_NO_1,C11PALESTINIANRIGHTS,N
20016,J_NO_1,C12ZIONCRITICAL,N
20016,J_NO_1,C12SOLUTIONS,N
20016,J_NO_1,C12EQUALRIGHTS,N
20016,J_NO_1,C13ISRAELEVIDENCE,N
20016,J_NO_1,C13ISRAELINSTITUTIONS,N
20016,J_NO_1,C13ISRAELPOLICIES,N
20016,J_NO_1,C13ISRAELOPT,N
20016,J_NO_1,C13ISRAELREGION,N
20016,J_NO_1,C13ISRAELDISCRIMINATION,N
20016,J_NO_1,C13ISRAELNORMS,N
20016,J_NO_1,C13ISRAELCOMPARE,N
20016,J_NO_1,C14BDS,N
20016,J_NO_1,C15REASONABLE,N
20016,J_NO_1,C15DOUBLESTANDARD,N
25325,J_NO_1,C11PALESTINIANJUSTICE,N
25325,J_NO_1,C11PALESTINIANRIGHTS,N
25325,J_NO_1,C12ZIONCRITICAL,N
25325,J_NO_1,C12SOLUTIONS,N
25325,J_NO_1,C12EQUALRIGHTS,N
25325,J_NO_1,C13ISRAELEVIDENCE,N
25325,J_NO_1,C13ISRAELINSTITUTIONS,N
25325,J_NO_1,C13ISRAELPOLICIES,N
25325,J_NO_1,C13ISRAELOPT,N
25325,J_NO_1,C13ISRAELREGION,N
25325,J_NO_1,C13ISRAELDISCRIMINATION,N
25325,J_NO_1,C13ISRAELNORMS,N
25325,J_NO_1,C13ISRAELCOMPARE,N
25325,J_NO_1,C14BDS,N
25325,J_NO_1,C15REASONABLE,N
25325,J_NO_1,C15DOUBLESTANDARD,N
12676,J_NO_1,C11PALESTINIANJUSTICE,N
12676,J_NO_1,C11PALESTINIANRIGHTS,N
12676,J_NO_1,C12ZIONCRITICAL,N
12676,J_NO_1,C12SOLUTIONS,N
12676,J_NO_1,C12EQUALRIGHTS,N
12676,J_NO_1,C13ISRAELEVIDENCE,N
12676,J_NO_1,C13ISRAELINSTITUTIONS,N
12676,J_NO_1,C13ISRAELPOLICIES,N
12676,J_NO_1,C13ISRAELOPT,N
12676,J_NO_1,C13ISRAELREGION,N
12676,J_NO_1,C13ISRAELDISCRIMINATION,N
12676,J_NO_1,C13ISRAELNORMS,N
12676,J_NO_1,C13ISRAELCOMPARE,N
12676,J_NO_1,C14BDS,N
12676,J_NO_1,C15REASONABLE,N
12676,J_NO_1,C15DOUBLESTANDARD,N
985,J_NO_1,C11PALESTINIANJUSTICE,N
985,J_NO_1,C11PALESTINIANRIGHTS,N
985,J_NO_1,C12ZIONCRITICAL,N
985,J_NO_1,C12SOLUTIONS,N
985,J_NO_1,C12EQUALRIGHTS,N
985,J_NO_1,C13ISRAELEVIDENCE,N
985,J_NO_1,C13ISRAELINSTITUTIONS,N
985,J_NO_1,C13ISRAELPOLICIES,N
985,J_NO_1,C13ISRAELOPT,N
985,J_NO_1,C13ISRAELREGION,N
985,J_NO_1,C13ISRAELDISCRIMINATION,N
985,J_NO_1,C13ISRAELNORMS,N
985,J_NO_1,C13ISRAELCOMPARE,N
985,J_NO_1,C14BDS,N
985,J_NO_1,C15REASONABLE,N
985,J_NO_1,C15DOUBLESTANDARD,N
27527,J_NO_1,C11PALESTINIANJUSTICE,E
27527,J_NO_1,C11PALESTINIANRIGHTS,E
27527,J_NO_1,C12ZIONCRITICAL,N
27527,J_NO_1,C12SOLUTIONS,N
27527,J_NO_1,C12EQUALRIGHTS,E
27527,J_NO_1,C13ISRAELEVIDENCE,N
27527,J_NO_1,C13ISRAELINSTITUTIONS,N
27527,J_NO_1,C13ISRAELPOLICIES,N
27527,J_NO_1,C13ISRAELOPT,N
27527,J_NO_1,C13ISRAELREGION,N
27527,J_NO_1,C13ISRAELDISCRIMINATION,N
27527,J_NO_1,C13ISRAELNORMS,N
27527,J_NO_1,C13ISRAELCOMPARE,N
27527,J_NO_1,C14BDS,E
27527,J_NO_1,C15REASONABLE,N
27527,J_NO_1,C15DOUBLESTANDARD,N
47844,J_NO_1,C11PALESTINIANJUSTICE,N
47844,J_NO_1,C11PALESTINIANRIGHTS,N
47844,J_NO_1,C12ZIONCRITICAL,N
47844,J_NO_1,C12SOLUTIONS,N
47844,J_NO_1,C12EQUALRIGHTS,N
47844,J_NO_1,C13ISRAELEVIDENCE,N
47844,J_NO_1,C13ISRAELINSTITUTIONS,N
47844,J_NO_1,C13ISRAELPOLICIES,N
47844,J_NO_1,C13ISRAELOPT,N
47844,J_NO_1,C13ISRAELREGION,N
47844,J_NO_1,C13ISRAELDISCRIMINATION,N
47844,J_NO_1,C13ISRAELNORMS,N
47844,J_NO_1,C13ISRAELCOMPARE,N
47844,J_NO_1,C14BDS,N
47844,J_NO_1,C15REASONABLE,N
47844,J_NO_1,C15DOUBLESTANDARD,N
1075,J_NO_1,C11PALESTINIANJUSTICE,N
1075,J_NO_1,C11PALESTINIANRIGHTS,N
1075,J_NO_1,C12ZIONCRITICAL,N
1075,J_NO_1,C12SOLUTIONS,N
1075,J_NO_1,C12EQUALRIGHTS,N
1075,J_NO_1,C13ISRAELEVIDENCE,N
1075,J_NO_1,C13ISRAELINSTITUTIONS,N
1075,J_NO_1,C13ISRAELPOLICIES,N
1075,J_NO_1,C13ISRAELOPT,N
1075,J_NO_1,C13ISRAELREGION,N
1075,J_NO_1,C13ISRAELDISCRIMINATION,N
1075,J_NO_1,C13ISRAELNORMS,N
1075,J_NO_1,C13ISRAELCOMPARE,N
1075,J_NO_1,C14BDS,N
1075,J_NO_1,C15REASONABLE,N
1075,J_NO_1,C15DOUBLESTANDARD,N
47005,J_NO_1,C11PALESTINIANJUSTICE,N
47005,J_NO_1,C11PALESTINIANRIGHTS,N
47005,J_NO_1,C12ZIONCRITICAL,I
47005,J_NO_1,C12SOLUTIONS,N
47005,J_NO_1,C12EQUALRIGHTS,N
47005,J_NO_1,C13ISRAELEVIDENCE,N
47005,J_NO_1,C13ISRAELINSTITUTIONS,N
47005,J_NO_1,C13ISRAELPOLICIES,N
47005,J_NO_1,C13ISRAELOPT,N
47005,J_NO_1,C13ISRAELREGION,N
47005,J_NO_1,C13ISRAELDISCRIMINATION,N
47005,J_NO_1,C13ISRAELNORMS,N
47005,J_NO_1,C13ISRAELCOMPARE,N
47005,J_NO_1,C14BDS,N
47005,J_NO_1,C15REASONABLE,N
47005,J_NO_1,C15DOUBLESTANDARD,N
38404,J_NO_1,C11PALESTINIANJUSTICE,N
38404,J_NO_1,C11PALESTINIANRIGHTS,N
38404,J_NO_1,C12ZIONCRITICAL,I
38404,J_NO_1,C12SOLUTIONS,N
38404,J_NO_1,C12EQUALRIGHTS,N
38404,J_NO_1,C13ISRAELEVIDENCE,N
38404,J_NO_1,C13ISRAELINSTITUTIONS,N
38404,J_NO_1,C13ISRAELPOLICIES,N
38404,J_NO_1,C13ISRAELOPT,N
38404,J_NO_1,C13ISRAELREGION,N
38404,J_NO_1,C13ISRAELDISCRIMINATION,N
38404,J_NO_1,C13ISRAELNORMS,N
38404,J_NO_1,C13ISRAELCOMPARE,N
38404,J_NO_1,C14BDS,N
38404,J_NO_1,C15REASONABLE,N
38404,J_NO_1,C15DOUBLESTANDARD,N
28410,J_NO_1,C11PALESTINIANJUSTICE,N
28410,J_NO_1,C11PALESTINIANRIGHTS,N
28410,J_NO_1,C12ZIONCRITICAL,N
28410,J_NO_1,C12SOLUTIONS,N
28410,J_NO_1,C12EQUALRIGHTS,N
28410,J_NO_1,C13ISRAELEVIDENCE,N
28410,J_NO_1,C13ISRAELINSTITUTIONS,N
28410,J_NO_1,C13ISRAELPOLICIES,N
28410,J_NO_1,C13ISRAELOPT,N
28410,J_NO_1,C13ISRAELREGION,N
28410,J_NO_1,C13ISRAELDISCRIMINATION,N
28410,J_NO_1,C13ISRAELNORMS,N
28410,J_NO_1,C13ISRAELCOMPARE,N
28410,J_NO_1,C14BDS,N
28410,J_NO_1,C15REASONABLE,N
28410,J_NO_1,C15DOUBLESTANDARD,N
1730,J_NO_1,C11PALESTINIANJUSTICE,N
1730,J_NO_1,C11PALESTINIANRIGHTS,N
1730,J_NO_1,C12ZIONCRITICAL,N
1730,J_NO_1,C12SOLUTIONS,N
1730,J_NO_1,C12EQUALRIGHTS,N
1730,J_NO_1,C13ISRAELEVIDENCE,N
1730,J_NO_1,C13ISRAELINSTITUTIONS,N
1730,J_NO_1,C13ISRAELPOLICIES,N
1730,J_NO_1,C13ISRAELOPT,N
1730,J_NO_1,C13ISRAELREGION,N
1730,J_NO_1,C13ISRAELDISCRIMINATION,N
1730,J_NO_1,C13ISRAELNORMS,N
1730,J_NO_1,C13ISRAELCOMPARE,N
1730,J_NO_1,C14BDS,N
1730,J_NO_1,C15REASONABLE,N
1730,J_NO_1,C15DOUBLESTANDARD,N
46256,J_NO_1,C11PALESTINIANJUSTICE,N
46256,J_NO_1,C11PALESTINIANRIGHTS,N
46256,J_NO_1,C12ZIONCRITICAL,N
46256,J_NO_1,C12SOLUTIONS,N
46256,J_NO_1,C12EQUALRIGHTS,N
46256,J_NO_1,C13ISRAELEVIDENCE,N
46256,J_NO_1,C13ISRAELINSTITUTIONS,N
46256,J_NO_1,C13ISRAELPOLICIES,N
46256,J_NO_1,C13ISRAELOPT,N
46256,J_NO_1,C13ISRAELREGION,N
46256,J_NO_1,C13ISRAELDISCRIMINATION,N
46256,J_NO_1,C13ISRAELNORMS,N
46256,J_NO_1,C13ISRAELCOMPARE,N
46256,J_NO_1,C14BDS,N
46256,J_NO_1,C15REASONABLE,N
46256,J_NO_1,C15DOUBLESTANDARD,N
12599,J_NO_1,C11PALESTINIANJUSTICE,N
12599,J_NO_1,C11PALESTINIANRIGHTS,N
12599,J_NO_1,C12ZIONCRITICAL,N
12599,J_NO_1,C12SOLUTIONS,N
12599,J_NO_1,C12EQUALRIGHTS,N
12599,J_NO_1,C13ISRAELEVIDENCE,N
12599,J_NO_1,C13ISRAELINSTITUTIONS,N
12599,J_NO_1,C13ISRAELPOLICIES,N
12599,J_NO_1,C13ISRAELOPT,N
12599,J_NO_1,C13ISRAELREGION,N
12599,J_NO_1,C13ISRAELDISCRIMINATION,N
12599,J_NO_1,C13ISRAELNORMS,N
12599,J_NO_1,C13ISRAELCOMPARE,N
12599,J_NO_1,C14BDS,N
12599,J_NO_1,C15REASONABLE,N
12599,J_NO_1,C15DOUBLESTANDARD,N
16524,J_NO_1,C11PALESTINIANJUSTICE,N
16524,J_NO_1,C11PALESTINIANRIGHTS,N
16524,J_NO_1,C12ZIONCRITICAL,N
16524,J_NO_1,C12SOLUTIONS,N
16524,J_NO_1,C12EQUALRIGHTS,N
16524,J_NO_1,C13ISRAELEVIDENCE,N
16524,J_NO_1,C13ISRAELINSTITUTIONS,N
16524,J_NO_1,C13ISRAELPOLICIES,N
16524,J_NO_1,C13ISRAELOPT,N
16524,J_NO_1,C13ISRAELREGION,N
16524,J_NO_1,C13ISRAELDISCRIMINATION,N
16524,J_NO_1,C13ISRAELNORMS,N
16524,J_NO_1,C13ISRAELCOMPARE,N
16524,J_NO_1,C14BDS,N
16524,J_NO_1,C15REASONABLE,N
16524,J_NO_1,C15DOUBLESTANDARD,N
20019,J_NO_1,C11PALESTINIANJUSTICE,N
20019,J_NO_1,C11PALESTINIANRIGHTS,N
20019,J_NO_1,C12ZIONCRITICAL,N
20019,J_NO_1,C12SOLUTIONS,N
20019,J_NO_1,C12EQUALRIGHTS,N
20019,J_NO_1,C13ISRAELEVIDENCE,N
20019,J_NO_1,C13ISRAELINSTITUTIONS,N
20019,J_NO_1,C13ISRAELPOLICIES,N
20019,J_NO_1,C13ISRAELOPT,N
20019,J_NO_1,C13ISRAELREGION,N
20019,J_NO_1,C13ISRAELDISCRIMINATION,N
20019,J_NO_1,C13ISRAELNORMS,N
20019,J_NO_1,C13ISRAELCOMPARE,N
20019,J_NO_1,C14BDS,N
20019,J_NO_1,C15REASONABLE,N
20019,J_NO_1,C15DOUBLESTANDARD,N
20002,J_NO_1,C11PALESTINIANJUSTICE,N
20002,J_NO_1,C11PALESTINIANRIGHTS,N
20002,J_NO_1,C12ZIONCRITICAL,N
20002,J_NO_1,C12SOLUTIONS,N
20002,J_NO_1,C12EQUALRIGHTS,N
20002,J_NO_1,C13ISRAELEVIDENCE,N
20002,J_NO_1,C13ISRAELINSTITUTIONS,N
20002,J_NO_1,C13ISRAELPOLICIES,N
20002,J_NO_1,C13ISRAELOPT,N
20002,J_NO_1,C13ISRAELREGION,N
20002,J_NO_1,C13ISRAELDISCRIMINATION,N
20002,J_NO_1,C13ISRAELNORMS,N
20002,J_NO_1,C13ISRAELCOMPARE,N
20002,J_NO_1,C14BDS,N
20002,J_NO_1,C15REASONABLE,N
20002,J_NO_1,C15DOUBLESTANDARD,N
28379,J_NO_1,C11PALESTINIANJUSTICE,N
28379,J_NO_1,C11PALESTINIANRIGHTS,N
28379,J_NO_1,C12ZIONCRITICAL,N
28379,J_NO_1,C12SOLUTIONS,N
28379,J_NO_1,C12EQUALRIGHTS,N
28379,J_NO_1,C13ISRAELEVIDENCE,N
28379,J_NO_1,C13ISRAELINSTITUTIONS,N
28379,J_NO_1,C13ISRAELPOLICIES,N
28379,J_NO_1,C13ISRAELOPT,N
28379,J_NO_1,C13ISRAELREGION,N
28379,J_NO_1,C13ISRAELDISCRIMINATION,N
28379,J_NO_1,C13ISRAELNORMS,N
28379,J_NO_1,C13ISRAELCOMPARE,N
28379,J_NO_1,C14BDS,N
28379,J_NO_1,C15REASONABLE,N
28379,J_NO_1,C15DOUBLESTANDARD,N
11840,J_NO_1,C11PALESTINIANJUSTICE,N
11840,J_NO_1,C11PALESTINIANRIGHTS,N
11840,J_NO_1,C12ZIONCRITICAL,N
11840,J_NO_1,C12SOLUTIONS,N
11840,J_NO_1,C12EQUALRIGHTS,N
11840,J_NO_1,C13ISRAELEVIDENCE,N
11840,J_NO_1,C13ISRAELINSTITUTIONS,N
11840,J_NO_1,C13ISRAELPOLICIES,N
11840,J_NO_1,C13ISRAELOPT,N
11840,J_NO_1,C13ISRAELREGION,N
11840,J_NO_1,C13ISRAELDISCRIMINATION,N
11840,J_NO_1,C13ISRAELNORMS,N
11840,J_NO_1,C13ISRAELCOMPARE,N
11840,J_NO_1,C14BDS,N
11840,J_NO_1,C15REASONABLE,N
11840,J_NO_1,C15DOUBLESTANDARD,N
19599,J_NO_1,C11PALESTINIANJUSTICE,N
19599,J_NO_1,C11PALESTINIANRIGHTS,N
19599,J_NO_1,C12ZIONCRITICAL,N
19599,J_NO_1,C12SOLUTIONS,N
19599,J_NO_1,C12EQUALRIGHTS,N
19599,J_NO_1,C13ISRAELEVIDENCE,N
19599,J_NO_1,C13ISRAELINSTITUTIONS,N
19599,J_NO_1,C13ISRAELPOLICIES,N
19599,J_NO_1,C13ISRAELOPT,N
19599,J_NO_1,C13ISRAELREGION,N
19599,J_NO_1,C13ISRAELDISCRIMINATION,N
19599,J_NO_1,C13ISRAELNORMS,N
19599,J_NO_1,C13ISRAELCOMPARE,N
19599,J_NO_1,C14BDS,N
19599,J_NO_1,C15REASONABLE,N
19599,J_NO_1,C15DOUBLESTANDARD,N
20219,J_NO_1,C11PALESTINIANJUSTICE,N
20219,J_NO_1,C11PALESTINIANRIGHTS,N
20219,J_NO_1,C12ZIONCRITICAL,N
20219,J_NO_1,C12SOLUTIONS,N
20219,J_NO_1,C12EQUALRIGHTS,N
20219,J_NO_1,C13ISRAELEVIDENCE,N
20219,J_NO_1,C13ISRAELINSTITUTIONS,N
20219,J_NO_1,C13ISRAELPOLICIES,E
20219,J_NO_1,C13ISRAELOPT,N
20219,J_NO_1,C13ISRAELREGION,N
20219,J_NO_1,C13ISRAELDISCRIMINATION,N
20219,J_NO_1,C13ISRAELNORMS,N
20219,J_NO_1,C13ISRAELCOMPARE,N
20219,J_NO_1,C14BDS,N
20219,J_NO_1,C15REASONABLE,N
20219,J_NO_1,C15DOUBLESTANDARD,N
15808,J_NO_1,C11PALESTINIANJUSTICE,N
15808,J_NO_1,C11PALESTINIANRIGHTS,N
15808,J_NO_1,C12ZIONCRITICAL,N
15808,J_NO_1,C12SOLUTIONS,N
15808,J_NO_1,C12EQUALRIGHTS,N
15808,J_NO_1,C13ISRAELEVIDENCE,N
15808,J_NO_1,C13ISRAELINSTITUTIONS,N
15808,J_NO_1,C13ISRAELPOLICIES,N
15808,J_NO_1,C13ISRAELOPT,N
15808,J_NO_1,C13ISRAELREGION,N
15808,J_NO_1,C13ISRAELDISCRIMINATION,N
15808,J_NO_1,C13ISRAELNORMS,N
15808,J_NO_1,C13ISRAELCOMPARE,N
15808,J_NO_1,C14BDS,N
15808,J_NO_1,C15REASONABLE,N
15808,J_NO_1,C15DOUBLESTANDARD,N
17491,J_NO_1,C11PALESTINIANJUSTICE,N
17491,J_NO_1,C11PALESTINIANRIGHTS,N
17491,J_NO_1,C12ZIONCRITICAL,N
17491,J_NO_1,C12SOLUTIONS,N
17491,J_NO_1,C12EQUALRIGHTS,N
17491,J_NO_1,C13ISRAELEVIDENCE,N
17491,J_NO_1,C13ISRAELINSTITUTIONS,N
17491,J_NO_1,C13ISRAELPOLICIES,N
17491,J_NO_1,C13ISRAELOPT,N
17491,J_NO_1,C13ISRAELREGION,N
17491,J_NO_1,C13ISRAELDISCRIMINATION,N
17491,J_NO_1,C13ISRAELNORMS,N
17491,J_NO_1,C13ISRAELCOMPARE,N
17491,J_NO_1,C14BDS,N
17491,J_NO_1,C15REASONABLE,N
17491,J_NO_1,C15DOUBLESTANDARD,N
18734,J_NO_1,C11PALESTINIANJUSTICE,N
18734,J_NO_1,C11PALESTINIANRIGHTS,N
18734,J_NO_1,C12ZIONCRITICAL,N
18734,J_NO_1,C12SOLUTIONS,N
18734,J_NO_1,C12EQUALRIGHTS,N
18734,J_NO_1,C13ISRAELEVIDENCE,N
18734,J_NO_1,C13ISRAELINSTITUTIONS,N
18734,J_NO_1,C13ISRAELPOLICIES,N
18734,J_NO_1,C13ISRAELOPT,N
18734,J_NO_1,C13ISRAELREGION,N
18734,J_NO_1,C13ISRAELDISCRIMINATION,N
18734,J_NO_1,C13ISRAELNORMS,N
18734,J_NO_1,C13ISRAELCOMPARE,N
18734,J_NO_1,C14BDS,N
18734,J_NO_1,C15REASONABLE,N
18734,J_NO_1,C15DOUBLESTANDARD,N
48436,J_NO_1,C11PALESTINIANJUSTICE,N
48436,J_NO_1,C11PALESTINIANRIGHTS,N
48436,J_NO_1,C12ZIONCRITICAL,N
48436,J_NO_1,C12SOLUTIONS,N
48436,J_NO_1,C12EQUALRIGHTS,N
48436,J_NO_1,C13ISRAELEVIDENCE,N
48436,J_NO_1,C13ISRAELINSTITUTIONS,N
48436,J_NO_1,C13ISRAELPOLICIES,N
48436,J_NO_1,C13ISRAELOPT,N
48436,J_NO_1,C13ISRAELREGION,N
48436,J_NO_1,C13ISRAELDISCRIMINATION,N
48436,J_NO_1,C13ISRAELNORMS,N
48436,J_NO_1,C13ISRAELCOMPARE,N
48436,J_NO_1,C14BDS,N
48436,J_NO_1,C15REASONABLE,N
48436,J_NO_1,C15DOUBLESTANDARD,N
36298,J_NO_1,C11PALESTINIANJUSTICE,N
36298,J_NO_1,C11PALESTINIANRIGHTS,N
36298,J_NO_1,C12ZIONCRITICAL,N
36298,J_NO_1,C12SOLUTIONS,N
36298,J_NO_1,C12EQUALRIGHTS,N
36298,J_NO_1,C13ISRAELEVIDENCE,N
36298,J_NO_1,C13ISRAELINSTITUTIONS,N
36298,J_NO_1,C13ISRAELPOLICIES,N
36298,J_NO_1,C13ISRAELOPT,N
36298,J_NO_1,C13ISRAELREGION,N
36298,J_NO_1,C13ISRAELDISCRIMINATION,N
36298,J_NO_1,C13ISRAELNORMS,N
36298,J_NO_1,C13ISRAELCOMPARE,N
36298,J_NO_1,C14BDS,N
36298,J_NO_1,C15REASONABLE,N
36298,J_NO_1,C15DOUBLESTANDARD,N
18300,J_NO_1,C11PALESTINIANJUSTICE,N
18300,J_NO_1,C11PALESTINIANRIGHTS,N
18300,J_NO_1,C12ZIONCRITICAL,E
18300,J_NO_1,C12SOLUTIONS,N
18300,J_NO_1,C12EQUALRIGHTS,N
18300,J_NO_1,C13ISRAELEVIDENCE,N
18300,J_NO_1,C13ISRAELINSTITUTIONS,N
18300,J_NO_1,C13ISRAELPOLICIES,N
18300,J_NO_1,C13ISRAELOPT,N
18300,J_NO_1,C13ISRAELREGION,N
18300,J_NO_1,C13ISRAELDISCRIMINATION,N
18300,J_NO_1,C13ISRAELNORMS,N
18300,J_NO_1,C13ISRAELCOMPARE,N
18300,J_NO_1,C14BDS,N
18300,J_NO_1,C15REASONABLE,E
18300,J_NO_1,C15DOUBLESTANDARD,N
10174,J_NO_1,C11PALESTINIANJUSTICE,N
10174,J_NO_1,C11PALESTINIANRIGHTS,N
10174,J_NO_1,C12ZIONCRITICAL,N
10174,J_NO_1,C12SOLUTIONS,N
10174,J_NO_1,C12EQUALRIGHTS,N
10174,J_NO_1,C13ISRAELEVIDENCE,N
10174,J_NO_1,C13ISRAELINSTITUTIONS,N
10174,J_NO_1,C13ISRAELPOLICIES,N
10174,J_NO_1,C13ISRAELOPT,N
10174,J_NO_1,C13ISRAELREGION,N
10174,J_NO_1,C13ISRAELDISCRIMINATION,N
10174,J_NO_1,C13ISRAELNORMS,N
10174,J_NO_1,C13ISRAELCOMPARE,N
10174,J_NO_1,C14BDS,N
10174,J_NO_1,C15REASONABLE,N
10174,J_NO_1,C15DOUBLESTANDARD,N
19073,J_NO_1,PARSE_ERROR,Expecting value: line 1 column 1 (char 0)
42361,J_NO_1,C11PALESTINIANJUSTICE,N
42361,J_NO_1,C11PALESTINIANRIGHTS,N
42361,J_NO_1,C12ZIONCRITICAL,N
42361,J_NO_1,C12SOLUTIONS,N
42361,J_NO_1,C12EQUALRIGHTS,N
42361,J_NO_1,C13ISRAELEVIDENCE,N
42361,J_NO_1,C13ISRAELINSTITUTIONS,N
42361,J_NO_1,C13ISRAELPOLICIES,N
42361,J_NO_1,C13ISRAELOPT,N
42361,J_NO_1,C13ISRAELREGION,N
42361,J_NO_1,C13ISRAELDISCRIMINATION,N
42361,J_NO_1,C13ISRAELNORMS,N
42361,J_NO_1,C13ISRAELCOMPARE,N
42361,J_NO_1,C14BDS,N
42361,J_NO_1,C15REASONABLE,N
42361,J_NO_1,C15DOUBLESTANDARD,N
27281,J_NO_1,C11PALESTINIANJUSTICE,N
27281,J_NO_1,C11PALESTINIANRIGHTS,N
27281,J_NO_1,C12ZIONCRITICAL,N
27281,J_NO_1,C12SOLUTIONS,N
27281,J_NO_1,C12EQUALRIGHTS,N
27281,J_NO_1,C13ISRAELEVIDENCE,N
27281,J_NO_1,C13ISRAELINSTITUTIONS,N
27281,J_NO_1,C13ISRAELPOLICIES,N
27281,J_NO_1,C13ISRAELOPT,N
27281,J_NO_1,C13ISRAELREGION,N
27281,J_NO_1,C13ISRAELDISCRIMINATION,N
27281,J_NO_1,C13ISRAELNORMS,N
27281,J_NO_1,C13ISRAELCOMPARE,N
27281,J_NO_1,C14BDS,N
27281,J_NO_1,C15REASONABLE,N
27281,J_NO_1,C15DOUBLESTANDARD,N
31722,J_NO_1,C11PALESTINIANJUSTICE,N
31722,J_NO_1,C11PALESTINIANRIGHTS,N
31722,J_NO_1,C12ZIONCRITICAL,N
31722,J_NO_1,C12SOLUTIONS,N
31722,J_NO_1,C12EQUALRIGHTS,N
31722,J_NO_1,C13ISRAELEVIDENCE,N
31722,J_NO_1,C13ISRAELINSTITUTIONS,N
31722,J_NO_1,C13ISRAELPOLICIES,N
31722,J_NO_1,C13ISRAELOPT,N
31722,J_NO_1,C13ISRAELREGION,N
31722,J_NO_1,C13ISRAELDISCRIMINATION,N
31722,J_NO_1,C13ISRAELNORMS,N
31722,J_NO_1,C13ISRAELCOMPARE,N
31722,J_NO_1,C14BDS,N
31722,J_NO_1,C15REASONABLE,N
31722,J_NO_1,C15DOUBLESTANDARD,N
14236,J_NO_1,C11PALESTINIANJUSTICE,N
14236,J_NO_1,C11PALESTINIANRIGHTS,N
14236,J_NO_1,C12ZIONCRITICAL,N
14236,J_NO_1,C12SOLUTIONS,N
14236,J_NO_1,C12EQUALRIGHTS,N
14236,J_NO_1,C13ISRAELEVIDENCE,N
14236,J_NO_1,C13ISRAELINSTITUTIONS,N
14236,J_NO_1,C13ISRAELPOLICIES,N
14236,J_NO_1,C13ISRAELOPT,N
14236,J_NO_1,C13ISRAELREGION,N
14236,J_NO_1,C13ISRAELDISCRIMINATION,N
14236,J_NO_1,C13ISRAELNORMS,N
14236,J_NO_1,C13ISRAELCOMPARE,N
14236,J_NO_1,C14BDS,N
14236,J_NO_1,C15REASONABLE,N
14236,J_NO_1,C15DOUBLESTANDARD,N
3954,J_NO_1,C11PALESTINIANJUSTICE,N
3954,J_NO_1,C11PALESTINIANRIGHTS,N
3954,J_NO_1,C12ZIONCRITICAL,N
3954,J_NO_1,C12SOLUTIONS,N
3954,J_NO_1,C12EQUALRIGHTS,N
3954,J_NO_1,C13ISRAELEVIDENCE,N
3954,J_NO_1,C13ISRAELINSTITUTIONS,N
3954,J_NO_1,C13ISRAELPOLICIES,N
3954,J_NO_1,C13ISRAELOPT,N
3954,J_NO_1,C13ISRAELREGION,N
3954,J_NO_1,C13ISRAELDISCRIMINATION,N
3954,J_NO_1,C13ISRAELNORMS,N
3954,J_NO_1,C13ISRAELCOMPARE,N
3954,J_NO_1,C14BDS,N
3954,J_NO_1,C15REASONABLE,N
3954,J_NO_1,C15DOUBLESTANDARD,N
45279,J_NO_1,C11PALESTINIANJUSTICE,N
45279,J_NO_1,C11PALESTINIANRIGHTS,N
45279,J_NO_1,C12ZIONCRITICAL,N
45279,J_NO_1,C12SOLUTIONS,N
45279,J_NO_1,C12EQUALRIGHTS,N
45279,J_NO_1,C13ISRAELEVIDENCE,N
45279,J_NO_1,C13ISRAELINSTITUTIONS,N
45279,J_NO_1,C13ISRAELPOLICIES,N
45279,J_NO_1,C13ISRAELOPT,N
45279,J_NO_1,C13ISRAELREGION,N
45279,J_NO_1,C13ISRAELDISCRIMINATION,N
45279,J_NO_1,C13ISRAELNORMS,N
45279,J_NO_1,C13ISRAELCOMPARE,N
45279,J_NO_1,C14BDS,N
45279,J_NO_1,C15REASONABLE,N
45279,J_NO_1,C15DOUBLESTANDARD,N
13917,J_NO_1,C11PALESTINIANJUSTICE,N
13917,J_NO_1,C11PALESTINIANRIGHTS,N
13917,J_NO_1,C12ZIONCRITICAL,N
13917,J_NO_1,C12SOLUTIONS,N
13917,J_NO_1,C12EQUALRIGHTS,N
13917,J_NO_1,C13ISRAELEVIDENCE,N
13917,J_NO_1,C13ISRAELINSTITUTIONS,N
13917,J_NO_1,C13ISRAELPOLICIES,N
13917,J_NO_1,C13ISRAELOPT,N
13917,J_NO_1,C13ISRAELREGION,N
13917,J_NO_1,C13ISRAELDISCRIMINATION,N
13917,J_NO_1,C13ISRAELNORMS,N
13917,J_NO_1,C13ISRAELCOMPARE,N
13917,J_NO_1,C14BDS,N
13917,J_NO_1,C15REASONABLE,N
13917,J_NO_1,C15DOUBLESTANDARD,N
3263,J_NO_1,C11PALESTINIANJUSTICE,N
3263,J_NO_1,C11PALESTINIANRIGHTS,N
3263,J_NO_1,C12ZIONCRITICAL,N
3263,J_NO_1,C12SOLUTIONS,N
3263,J_NO_1,C12EQUALRIGHTS,N
3263,J_NO_1,C13ISRAELEVIDENCE,N
3263,J_NO_1,C13ISRAELINSTITUTIONS,N
3263,J_NO_1,C13ISRAELPOLICIES,N
3263,J_NO_1,C13ISRAELOPT,N
3263,J_NO_1,C13ISRAELREGION,N
3263,J_NO_1,C13ISRAELDISCRIMINATION,N
3263,J_NO_1,C13ISRAELNORMS,N
3263,J_NO_1,C13ISRAELCOMPARE,N
3263,J_NO_1,C14BDS,N
3263,J_NO_1,C15REASONABLE,N
3263,J_NO_1,C15DOUBLESTANDARD,N
34209,J_NO_1,C11PALESTINIANJUSTICE,I
34209,J_NO_1,C11PALESTINIANRIGHTS,I
34209,J_NO_1,C12ZIONCRITICAL,N
34209,J_NO_1,C12SOLUTIONS,E
34209,J_NO_1,C12EQUALRIGHTS,N
34209,J_NO_1,C13ISRAELEVIDENCE,N
34209,J_NO_1,C13ISRAELINSTITUTIONS,N
34209,J_NO_1,C13ISRAELPOLICIES,N
34209,J_NO_1,C13ISRAELOPT,N
34209,J_NO_1,C13ISRAELREGION,N
34209,J_NO_1,C13ISRAELDISCRIMINATION,N
34209,J_NO_1,C13ISRAELNORMS,N
34209,J_NO_1,C13ISRAELCOMPARE,N
34209,J_NO_1,C14BDS,N
34209,J_NO_1,C15REASONABLE,N
34209,J_NO_1,C15DOUBLESTANDARD,N
13514,J_NO_1,C11PALESTINIANJUSTICE,N
13514,J_NO_1,C11PALESTINIANRIGHTS,N
13514,J_NO_1,C12ZIONCRITICAL,N
13514,J_NO_1,C12SOLUTIONS,N
13514,J_NO_1,C12EQUALRIGHTS,N
13514,J_NO_1,C13ISRAELEVIDENCE,N
13514,J_NO_1,C13ISRAELINSTITUTIONS,N
13514,J_NO_1,C13ISRAELPOLICIES,N
13514,J_NO_1,C13ISRAELOPT,N
13514,J_NO_1,C13ISRAELREGION,N
13514,J_NO_1,C13ISRAELDISCRIMINATION,N
13514,J_NO_1,C13ISRAELNORMS,N
13514,J_NO_1,C13ISRAELCOMPARE,N
13514,J_NO_1,C14BDS,N
13514,J_NO_1,C15REASONABLE,N
13514,J_NO_1,C15DOUBLESTANDARD,N
39214,J_NO_1,C11PALESTINIANJUSTICE,N
39214,J_NO_1,C11PALESTINIANRIGHTS,N
39214,J_NO_1,C12ZIONCRITICAL,N
39214,J_NO_1,C12SOLUTIONS,N
39214,J_NO_1,C12EQUALRIGHTS,N
39214,J_NO_1,C13ISRAELEVIDENCE,N
39214,J_NO_1,C13ISRAELINSTITUTIONS,N
39214,J_NO_1,C13ISRAELPOLICIES,N
39214,J_NO_1,C13ISRAELOPT,N
39214,J_NO_1,C13ISRAELREGION,N
39214,J_NO_1,C13ISRAELDISCRIMINATION,N
39214,J_NO_1,C13ISRAELNORMS,N
39214,J_NO_1,C13ISRAELCOMPARE,N
39214,J_NO_1,C14BDS,N
39214,J_NO_1,C15REASONABLE,N
39214,J_NO_1,C15DOUBLESTANDARD,N
45734,J_NO_1,C11PALESTINIANJUSTICE,N
45734,J_NO_1,C11PALESTINIANRIGHTS,N
45734,J_NO_1,C12ZIONCRITICAL,N
45734,J_NO_1,C12SOLUTIONS,N
45734,J_NO_1,C12EQUALRIGHTS,N
45734,J_NO_1,C13ISRAELEVIDENCE,N
45734,J_NO_1,C13ISRAELINSTITUTIONS,N
45734,J_NO_1,C13ISRAELPOLICIES,N
45734,J_NO_1,C13ISRAELOPT,N
45734,J_NO_1,C13ISRAELREGION,N
45734,J_NO_1,C13ISRAELDISCRIMINATION,N
45734,J_NO_1,C13ISRAELNORMS,N
45734,J_NO_1,C13ISRAELCOMPARE,N
45734,J_NO_1,C14BDS,N
45734,J_NO_1,C15REASONABLE,N
45734,J_NO_1,C15DOUBLESTANDARD,N
42145,J_NO_1,C11PALESTINIANJUSTICE,N
42145,J_NO_1,C11PALESTINIANRIGHTS,N
42145,J_NO_1,C12ZIONCRITICAL,N
42145,J_NO_1,C12SOLUTIONS,N
42145,J_NO_1,C12EQUALRIGHTS,N
42145,J_NO_1,C13ISRAELEVIDENCE,N
42145,J_NO_1,C13ISRAELINSTITUTIONS,N
42145,J_NO_1,C13ISRAELPOLICIES,N
42145,J_NO_1,C13ISRAELOPT,N
42145,J_NO_1,C13ISRAELREGION,N
42145,J_NO_1,C13ISRAELDISCRIMINATION,N
42145,J_NO_1,C13ISRAELNORMS,N
42145,J_NO_1,C13ISRAELCOMPARE,N
42145,J_NO_1,C14BDS,N
42145,J_NO_1,C15REASONABLE,N
42145,J_NO_1,C15DOUBLESTANDARD,N
22861,J_NO_1,C11PALESTINIANJUSTICE,N
22861,J_NO_1,C11PALESTINIANRIGHTS,N
22861,J_NO_1,C12ZIONCRITICAL,N
22861,J_NO_1,C12SOLUTIONS,N
22861,J_NO_1,C12EQUALRIGHTS,N
22861,J_NO_1,C13ISRAELEVIDENCE,N
22861,J_NO_1,C13ISRAELINSTITUTIONS,N
22861,J_NO_1,C13ISRAELPOLICIES,N
22861,J_NO_1,C13ISRAELOPT,N
22861,J_NO_1,C13ISRAELREGION,N
22861,J_NO_1,C13ISRAELDISCRIMINATION,N
22861,J_NO_1,C13ISRAELNORMS,N
22861,J_NO_1,C13ISRAELCOMPARE,N
22861,J_NO_1,C14BDS,N
22861,J_NO_1,C15REASONABLE,N
22861,J_NO_1,C15DOUBLESTANDARD,N
42302,J_NO_1,C11PALESTINIANJUSTICE,N
42302,J_NO_1,C11PALESTINIANRIGHTS,N
42302,J_NO_1,C12ZIONCRITICAL,N
42302,J_NO_1,C12SOLUTIONS,N
42302,J_NO_1,C12EQUALRIGHTS,N
42302,J_NO_1,C13ISRAELEVIDENCE,N
42302,J_NO_1,C13ISRAELINSTITUTIONS,N
42302,J_NO_1,C13ISRAELPOLICIES,N
42302,J_NO_1,C13ISRAELOPT,N
42302,J_NO_1,C13ISRAELREGION,N
42302,J_NO_1,C13ISRAELDISCRIMINATION,N
42302,J_NO_1,C13ISRAELNORMS,N
42302,J_NO_1,C13ISRAELCOMPARE,N
42302,J_NO_1,C14BDS,N
42302,J_NO_1,C15REASONABLE,N
42302,J_NO_1,C15DOUBLESTANDARD,N
17926,J_NO_1,C11PALESTINIANJUSTICE,N
17926,J_NO_1,C11PALESTINIANRIGHTS,N
17926,J_NO_1,C12ZIONCRITICAL,N
17926,J_NO_1,C12SOLUTIONS,N
17926,J_NO_1,C12EQUALRIGHTS,N
17926,J_NO_1,C13ISRAELEVIDENCE,N
17926,J_NO_1,C13ISRAELINSTITUTIONS,N
17926,J_NO_1,C13ISRAELPOLICIES,N
17926,J_NO_1,C13ISRAELOPT,N
17926,J_NO_1,C13ISRAELREGION,N
17926,J_NO_1,C13ISRAELDISCRIMINATION,N
17926,J_NO_1,C13ISRAELNORMS,N
17926,J_NO_1,C13ISRAELCOMPARE,N
17926,J_NO_1,C14BDS,N
17926,J_NO_1,C15REASONABLE,N
17926,J_NO_1,C15DOUBLESTANDARD,N
37875,J_NO_1,C11PALESTINIANJUSTICE,N
37875,J_NO_1,C11PALESTINIANRIGHTS,N
37875,J_NO_1,C12ZIONCRITICAL,N
37875,J_NO_1,C12SOLUTIONS,N
37875,J_NO_1,C12EQUALRIGHTS,N
37875,J_NO_1,C13ISRAELEVIDENCE,N
37875,J_NO_1,C13ISRAELINSTITUTIONS,N
37875,J_NO_1,C13ISRAELPOLICIES,N
37875,J_NO_1,C13ISRAELOPT,N
37875,J_NO_1,C13ISRAELREGION,N
37875,J_NO_1,C13ISRAELDISCRIMINATION,N
37875,J_NO_1,C13ISRAELNORMS,N
37875,J_NO_1,C13ISRAELCOMPARE,N
37875,J_NO_1,C14BDS,N
37875,J_NO_1,C15REASONABLE,N
37875,J_NO_1,C15DOUBLESTANDARD,N
27741,J_NO_1,C11PALESTINIANJUSTICE,N
27741,J_NO_1,C11PALESTINIANRIGHTS,N
27741,J_NO_1,C12ZIONCRITICAL,N
27741,J_NO_1,C12SOLUTIONS,N
27741,J_NO_1,C12EQUALRIGHTS,N
27741,J_NO_1,C13ISRAELEVIDENCE,N
27741,J_NO_1,C13ISRAELINSTITUTIONS,N
27741,J_NO_1,C13ISRAELPOLICIES,N
27741,J_NO_1,C13ISRAELOPT,N
27741,J_NO_1,C13ISRAELREGION,N
27741,J_NO_1,C13ISRAELDISCRIMINATION,N
27741,J_NO_1,C13ISRAELNORMS,N
27741,J_NO_1,C13ISRAELCOMPARE,N
27741,J_NO_1,C14BDS,N
27741,J_NO_1,C15REASONABLE,N
27741,J_NO_1,C15DOUBLESTANDARD,N
31570,J_NO_1,C11PALESTINIANJUSTICE,N
31570,J_NO_1,C11PALESTINIANRIGHTS,N
31570,J_NO_1,C12ZIONCRITICAL,N
31570,J_NO_1,C12SOLUTIONS,N
31570,J_NO_1,C12EQUALRIGHTS,N
31570,J_NO_1,C13ISRAELEVIDENCE,N
31570,J_NO_1,C13ISRAELINSTITUTIONS,N
31570,J_NO_1,C13ISRAELPOLICIES,N
31570,J_NO_1,C13ISRAELOPT,N
31570,J_NO_1,C13ISRAELREGION,N
31570,J_NO_1,C13ISRAELDISCRIMINATION,N
31570,J_NO_1,C13ISRAELNORMS,N
31570,J_NO_1,C13ISRAELCOMPARE,N
31570,J_NO_1,C14BDS,N
31570,J_NO_1,C15REASONABLE,N
31570,J_NO_1,C15DOUBLESTANDARD,N
9181,J_NO_1,C11PALESTINIANJUSTICE,N
9181,J_NO_1,C11PALESTINIANRIGHTS,N
9181,J_NO_1,C12ZIONCRITICAL,N
9181,J_NO_1,C12SOLUTIONS,N
9181,J_NO_1,C12EQUALRIGHTS,N
9181,J_NO_1,C13ISRAELEVIDENCE,N
9181,J_NO_1,C13ISRAELINSTITUTIONS,N
9181,J_NO_1,C13ISRAELPOLICIES,N
9181,J_NO_1,C13ISRAELOPT,N
9181,J_NO_1,C13ISRAELREGION,N
9181,J_NO_1,C13ISRAELDISCRIMINATION,N
9181,J_NO_1,C13ISRAELNORMS,N
9181,J_NO_1,C13ISRAELCOMPARE,N
9181,J_NO_1,C14BDS,N
9181,J_NO_1,C15REASONABLE,N
9181,J_NO_1,C15DOUBLESTANDARD,N
44695,J_NO_1,PARSE_ERROR,Expecting value: line 1 column 1 (char 0)
15273,J_NO_1,C11PALESTINIANJUSTICE,N
15273,J_NO_1,C11PALESTINIANRIGHTS,N
15273,J_NO_1,C12ZIONCRITICAL,N
15273,J_NO_1,C12SOLUTIONS,N
15273,J_NO_1,C12EQUALRIGHTS,N
15273,J_NO_1,C13ISRAELEVIDENCE,N
15273,J_NO_1,C13ISRAELINSTITUTIONS,N
15273,J_NO_1,C13ISRAELPOLICIES,N
15273,J_NO_1,C13ISRAELOPT,N
15273,J_NO_1,C13ISRAELREGION,N
15273,J_NO_1,C13ISRAELDISCRIMINATION,N
15273,J_NO_1,C13ISRAELNORMS,N
15273,J_NO_1,C13ISRAELCOMPARE,N
15273,J_NO_1,C14BDS,N
15273,J_NO_1,C15REASONABLE,N
15273,J_NO_1,C15DOUBLESTANDARD,N
19662,J_NO_1,C11PALESTINIANJUSTICE,N
19662,J_NO_1,C11PALESTINIANRIGHTS,N
19662,J_NO_1,C12ZIONCRITICAL,N
19662,J_NO_1,C12SOLUTIONS,N
19662,J_NO_1,C12EQUALRIGHTS,N
19662,J_NO_1,C13ISRAELEVIDENCE,N
19662,J_NO_1,C13ISRAELINSTITUTIONS,N
19662,J_NO_1,C13ISRAELPOLICIES,N
19662,J_NO_1,C13ISRAELOPT,N
19662,J_NO_1,C13ISRAELREGION,N
19662,J_NO_1,C13ISRAELDISCRIMINATION,N
19662,J_NO_1,C13ISRAELNORMS,N
19662,J_NO_1,C13ISRAELCOMPARE,N
19662,J_NO_1,C14BDS,N
19662,J_NO_1,C15REASONABLE,N
19662,J_NO_1,C15DOUBLESTANDARD,N
32438,J_NO_1,C11PALESTINIANJUSTICE,N
32438,J_NO_1,C11PALESTINIANRIGHTS,N
32438,J_NO_1,C12ZIONCRITICAL,N
32438,J_NO_1,C12SOLUTIONS,N
32438,J_NO_1,C12EQUALRIGHTS,N
32438,J_NO_1,C13ISRAELEVIDENCE,N
32438,J_NO_1,C13ISRAELINSTITUTIONS,N
32438,J_NO_1,C13ISRAELPOLICIES,N
32438,J_NO_1,C13ISRAELOPT,N
32438,J_NO_1,C13ISRAELREGION,N
32438,J_NO_1,C13ISRAELDISCRIMINATION,N
32438,J_NO_1,C13ISRAELNORMS,N
32438,J_NO_1,C13ISRAELCOMPARE,N
32438,J_NO_1,C14BDS,N
32438,J_NO_1,C15REASONABLE,N
32438,J_NO_1,C15DOUBLESTANDARD,N
10575,J_NO_1,C11PALESTINIANJUSTICE,N
10575,J_NO_1,C11PALESTINIANRIGHTS,N
10575,J_NO_1,C12ZIONCRITICAL,N
10575,J_NO_1,C12SOLUTIONS,N
10575,J_NO_1,C12EQUALRIGHTS,N
10575,J_NO_1,C13ISRAELEVIDENCE,N
10575,J_NO_1,C13ISRAELINSTITUTIONS,N
10575,J_NO_1,C13ISRAELPOLICIES,N
10575,J_NO_1,C13ISRAELOPT,N
10575,J_NO_1,C13ISRAELREGION,N
10575,J_NO_1,C13ISRAELDISCRIMINATION,N
10575,J_NO_1,C13ISRAELNORMS,N
10575,J_NO_1,C13ISRAELCOMPARE,N
10575,J_NO_1,C14BDS,N
10575,J_NO_1,C15REASONABLE,N
10575,J_NO_1,C15DOUBLESTANDARD,N
20023,J_NO_1,C11PALESTINIANJUSTICE,N
20023,J_NO_1,C11PALESTINIANRIGHTS,N
20023,J_NO_1,C12ZIONCRITICAL,N
20023,J_NO_1,C12SOLUTIONS,N
20023,J_NO_1,C12EQUALRIGHTS,N
20023,J_NO_1,C13ISRAELEVIDENCE,N
20023,J_NO_1,C13ISRAELINSTITUTIONS,N
20023,J_NO_1,C13ISRAELPOLICIES,N
20023,J_NO_1,C13ISRAELOPT,N
20023,J_NO_1,C13ISRAELREGION,N
20023,J_NO_1,C13ISRAELDISCRIMINATION,N
20023,J_NO_1,C13ISRAELNORMS,N
20023,J_NO_1,C13ISRAELCOMPARE,N
20023,J_NO_1,C14BDS,N
20023,J_NO_1,C15REASONABLE,N
20023,J_NO_1,C15DOUBLESTANDARD,N
41753,J_NO_1,C11PALESTINIANJUSTICE,N
41753,J_NO_1,C11PALESTINIANRIGHTS,N
41753,J_NO_1,C12ZIONCRITICAL,N
41753,J_NO_1,C12SOLUTIONS,N
41753,J_NO_1,C12EQUALRIGHTS,N
41753,J_NO_1,C13ISRAELEVIDENCE,N
41753,J_NO_1,C13ISRAELINSTITUTIONS,N
41753,J_NO_1,C13ISRAELPOLICIES,N
41753,J_NO_1,C13ISRAELOPT,N
41753,J_NO_1,C13ISRAELREGION,N
41753,J_NO_1,C13ISRAELDISCRIMINATION,N
41753,J_NO_1,C13ISRAELNORMS,N
41753,J_NO_1,C13ISRAELCOMPARE,N
41753,J_NO_1,C14BDS,N
41753,J_NO_1,C15REASONABLE,N
41753,J_NO_1,C15DOUBLESTANDARD,N
1456,J_NO_1,C11PALESTINIANJUSTICE,N
1456,J_NO_1,C11PALESTINIANRIGHTS,N
1456,J_NO_1,C12ZIONCRITICAL,N
1456,J_NO_1,C12SOLUTIONS,N
1456,J_NO_1,C12EQUALRIGHTS,N
1456,J_NO_1,C13ISRAELEVIDENCE,I
1456,J_NO_1,C13ISRAELINSTITUTIONS,N
1456,J_NO_1,C13ISRAELPOLICIES,I
1456,J_NO_1,C13ISRAELOPT,N
1456,J_NO_1,C13ISRAELREGION,N
1456,J_NO_1,C13ISRAELDISCRIMINATION,N
1456,J_NO_1,C13ISRAELNORMS,I
1456,J_NO_1,C13ISRAELCOMPARE,N
1456,J_NO_1,C14BDS,N
1456,J_NO_1,C15REASONABLE,E
1456,J_NO_1,C15DOUBLESTANDARD,E
8233,J_NO_1,C11PALESTINIANJUSTICE,N
8233,J_NO_1,C11PALESTINIANRIGHTS,N
8233,J_NO_1,C12ZIONCRITICAL,N
8233,J_NO_1,C12SOLUTIONS,N
8233,J_NO_1,C12EQUALRIGHTS,N
8233,J_NO_1,C13ISRAELEVIDENCE,N
8233,J_NO_1,C13ISRAELINSTITUTIONS,N
8233,J_NO_1,C13ISRAELPOLICIES,N
8233,J_NO_1,C13ISRAELOPT,N
8233,J_NO_1,C13ISRAELREGION,N
8233,J_NO_1,C13ISRAELDISCRIMINATION,N
8233,J_NO_1,C13ISRAELNORMS,N
8233,J_NO_1,C13ISRAELCOMPARE,N
8233,J_NO_1,C14BDS,N
8233,J_NO_1,C15REASONABLE,N
8233,J_NO_1,C15DOUBLESTANDARD,N
5954,J_NO_1,C11PALESTINIANJUSTICE,N
5954,J_NO_1,C11PALESTINIANRIGHTS,N
5954,J_NO_1,C12ZIONCRITICAL,N
5954,J_NO_1,C12SOLUTIONS,N
5954,J_NO_1,C12EQUALRIGHTS,N
5954,J_NO_1,C13ISRAELEVIDENCE,N
5954,J_NO_1,C13ISRAELINSTITUTIONS,N
5954,J_NO_1,C13ISRAELPOLICIES,N
5954,J_NO_1,C13ISRAELOPT,N
5954,J_NO_1,C13ISRAELREGION,N
5954,J_NO_1,C13ISRAELDISCRIMINATION,N
5954,J_NO_1,C13ISRAELNORMS,N
5954,J_NO_1,C13ISRAELCOMPARE,N
5954,J_NO_1,C14BDS,N
5954,J_NO_1,C15REASONABLE,N
5954,J_NO_1,C15DOUBLESTANDARD,N
11584,J_NO_1,C11PALESTINIANJUSTICE,N
11584,J_NO_1,C11PALESTINIANRIGHTS,N
11584,J_NO_1,C12ZIONCRITICAL,N
11584,J_NO_1,C12SOLUTIONS,N
11584,J_NO_1,C12EQUALRIGHTS,N
11584,J_NO_1,C13ISRAELEVIDENCE,N
11584,J_NO_1,C13ISRAELINSTITUTIONS,N
11584,J_NO_1,C13ISRAELPOLICIES,N
11584,J_NO_1,C13ISRAELOPT,N
11584,J_NO_1,C13ISRAELREGION,N
11584,J_NO_1,C13ISRAELDISCRIMINATION,N
11584,J_NO_1,C13ISRAELNORMS,N
11584,J_NO_1,C13ISRAELCOMPARE,N
11584,J_NO_1,C14BDS,N
11584,J_NO_1,C15REASONABLE,N
11584,J_NO_1,C15DOUBLESTANDARD,N
20047,J_NO_1,C11PALESTINIANJUSTICE,N
20047,J_NO_1,C11PALESTINIANRIGHTS,N
20047,J_NO_1,C12ZIONCRITICAL,N
20047,J_NO_1,C12SOLUTIONS,N
20047,J_NO_1,C12EQUALRIGHTS,N
20047,J_NO_1,C13ISRAELEVIDENCE,N
20047,J_NO_1,C13ISRAELINSTITUTIONS,N
20047,J_NO_1,C13ISRAELPOLICIES,N
20047,J_NO_1,C13ISRAELOPT,N
20047,J_NO_1,C13ISRAELREGION,N
20047,J_NO_1,C13ISRAELDISCRIMINATION,N
20047,J_NO_1,C13ISRAELNORMS,N
20047,J_NO_1,C13ISRAELCOMPARE,N
20047,J_NO_1,C14BDS,N
20047,J_NO_1,C15REASONABLE,N
20047,J_NO_1,C15DOUBLESTANDARD,N
603,J_NO_1,C11PALESTINIANJUSTICE,N
603,J_NO_1,C11PALESTINIANRIGHTS,N
603,J_NO_1,C12ZIONCRITICAL,N
603,J_NO_1,C12SOLUTIONS,N
603,J_NO_1,C12EQUALRIGHTS,N
603,J_NO_1,C13ISRAELEVIDENCE,N
603,J_NO_1,C13ISRAELINSTITUTIONS,N
603,J_NO_1,C13ISRAELPOLICIES,N
603,J_NO_1,C13ISRAELOPT,N
603,J_NO_1,C13ISRAELREGION,N
603,J_NO_1,C13ISRAELDISCRIMINATION,N
603,J_NO_1,C13ISRAELNORMS,N
603,J_NO_1,C13ISRAELCOMPARE,N
603,J_NO_1,C14BDS,N
603,J_NO_1,C15REASONABLE,N
603,J_NO_1,C15DOUBLESTANDARD,N
32677,J_NO_1,C11PALESTINIANJUSTICE,N
32677,J_NO_1,C11PALESTINIANRIGHTS,N
32677,J_NO_1,C12ZIONCRITICAL,N
32677,J_NO_1,C12SOLUTIONS,N
32677,J_NO_1,C12EQUALRIGHTS,N
32677,J_NO_1,C13ISRAELEVIDENCE,N
32677,J_NO_1,C13ISRAELINSTITUTIONS,N
32677,J_NO_1,C13ISRAELPOLICIES,N
32677,J_NO_1,C13ISRAELOPT,N
32677,J_NO_1,C13ISRAELREGION,N
32677,J_NO_1,C13ISRAELDISCRIMINATION,N
32677,J_NO_1,C13ISRAELNORMS,N
32677,J_NO_1,C13ISRAELCOMPARE,N
32677,J_NO_1,C14BDS,N
32677,J_NO_1,C15REASONABLE,N
32677,J_NO_1,C15DOUBLESTANDARD,N
36861,J_NO_1,C11PALESTINIANJUSTICE,N
36861,J_NO_1,C11PALESTINIANRIGHTS,N
36861,J_NO_1,C12ZIONCRITICAL,N
36861,J_NO_1,C12SOLUTIONS,N
36861,J_NO_1,C12EQUALRIGHTS,N
36861,J_NO_1,C13ISRAELEVIDENCE,N
36861,J_NO_1,C13ISRAELINSTITUTIONS,N
36861,J_NO_1,C13ISRAELPOLICIES,N
36861,J_NO_1,C13ISRAELOPT,N
36861,J_NO_1,C13ISRAELREGION,N
36861,J_NO_1,C13ISRAELDISCRIMINATION,N
36861,J_NO_1,C13ISRAELNORMS,N
36861,J_NO_1,C13ISRAELCOMPARE,N
36861,J_NO_1,C14BDS,N
36861,J_NO_1,C15REASONABLE,N
36861,J_NO_1,C15DOUBLESTANDARD,N
18839,J_NO_1,C11PALESTINIANJUSTICE,N
18839,J_NO_1,C11PALESTINIANRIGHTS,N
18839,J_NO_1,C12ZIONCRITICAL,N
18839,J_NO_1,C12SOLUTIONS,N
18839,J_NO_1,C12EQUALRIGHTS,N
18839,J_NO_1,C13ISRAELEVIDENCE,N
18839,J_NO_1,C13ISRAELINSTITUTIONS,N
18839,J_NO_1,C13ISRAELPOLICIES,N
18839,J_NO_1,C13ISRAELOPT,N
18839,J_NO_1,C13ISRAELREGION,N
18839,J_NO_1,C13ISRAELDISCRIMINATION,N
18839,J_NO_1,C13ISRAELNORMS,N
18839,J_NO_1,C13ISRAELCOMPARE,N
18839,J_NO_1,C14BDS,N
18839,J_NO_1,C15REASONABLE,N
18839,J_NO_1,C15DOUBLESTANDARD,N
7723,J_NO_1,C11PALESTINIANJUSTICE,N
7723,J_NO_1,C11PALESTINIANRIGHTS,N
7723,J_NO_1,C12ZIONCRITICAL,N
7723,J_NO_1,C12SOLUTIONS,N
7723,J_NO_1,C12EQUALRIGHTS,N
7723,J_NO_1,C13ISRAELEVIDENCE,N
7723,J_NO_1,C13ISRAELINSTITUTIONS,N
7723,J_NO_1,C13ISRAELPOLICIES,N
7723,J_NO_1,C13ISRAELOPT,N
7723,J_NO_1,C13ISRAELREGION,N
7723,J_NO_1,C13ISRAELDISCRIMINATION,N
7723,J_NO_1,C13ISRAELNORMS,N
7723,J_NO_1,C13ISRAELCOMPARE,N
7723,J_NO_1,C14BDS,N
7723,J_NO_1,C15REASONABLE,N
7723,J_NO_1,C15DOUBLESTANDARD,N
6075,J_NO_1,C11PALESTINIANJUSTICE,N
6075,J_NO_1,C11PALESTINIANRIGHTS,N
6075,J_NO_1,C12ZIONCRITICAL,N
6075,J_NO_1,C12SOLUTIONS,N
6075,J_NO_1,C12EQUALRIGHTS,N
6075,J_NO_1,C13ISRAELEVIDENCE,N
6075,J_NO_1,C13ISRAELINSTITUTIONS,N
6075,J_NO_1,C13ISRAELPOLICIES,N
6075,J_NO_1,C13ISRAELOPT,N
6075,J_NO_1,C13ISRAELREGION,N
6075,J_NO_1,C13ISRAELDISCRIMINATION,N
6075,J_NO_1,C13ISRAELNORMS,N
6075,J_NO_1,C13ISRAELCOMPARE,N
6075,J_NO_1,C14BDS,N
6075,J_NO_1,C15REASONABLE,N
6075,J_NO_1,C15DOUBLESTANDARD,N
33565,J_NO_1,C11PALESTINIANJUSTICE,N
33565,J_NO_1,C11PALESTINIANRIGHTS,N
33565,J_NO_1,C12ZIONCRITICAL,N
33565,J_NO_1,C12SOLUTIONS,N
33565,J_NO_1,C12EQUALRIGHTS,N
33565,J_NO_1,C13ISRAELEVIDENCE,N
33565,J_NO_1,C13ISRAELINSTITUTIONS,N
33565,J_NO_1,C13ISRAELPOLICIES,N
33565,J_NO_1,C13ISRAELOPT,N
33565,J_NO_1,C13ISRAELREGION,N
33565,J_NO_1,C13ISRAELDISCRIMINATION,N
33565,J_NO_1,C13ISRAELNORMS,N
33565,J_NO_1,C13ISRAELCOMPARE,N
33565,J_NO_1,C14BDS,N
33565,J_NO_1,C15REASONABLE,N
33565,J_NO_1,C15DOUBLESTANDARD,N
23607,J_NO_1,C11PALESTINIANJUSTICE,N
23607,J_NO_1,C11PALESTINIANRIGHTS,N
23607,J_NO_1,C12ZIONCRITICAL,N
23607,J_NO_1,C12SOLUTIONS,N
23607,J_NO_1,C12EQUALRIGHTS,N
23607,J_NO_1,C13ISRAELEVIDENCE,N
23607,J_NO_1,C13ISRAELINSTITUTIONS,N
23607,J_NO_1,C13ISRAELPOLICIES,N
23607,J_NO_1,C13ISRAELOPT,N
23607,J_NO_1,C13ISRAELREGION,N
23607,J_NO_1,C13ISRAELDISCRIMINATION,N
23607,J_NO_1,C13ISRAELNORMS,N
23607,J_NO_1,C13ISRAELCOMPARE,N
23607,J_NO_1,C14BDS,N
23607,J_NO_1,C15REASONABLE,N
23607,J_NO_1,C15DOUBLESTANDARD,N
11903,J_NO_1,C11PALESTINIANJUSTICE,N
11903,J_NO_1,C11PALESTINIANRIGHTS,N
11903,J_NO_1,C12ZIONCRITICAL,N
11903,J_NO_1,C12SOLUTIONS,N
11903,J_NO_1,C12EQUALRIGHTS,N
11903,J_NO_1,C13ISRAELEVIDENCE,N
11903,J_NO_1,C13ISRAELINSTITUTIONS,N
11903,J_NO_1,C13ISRAELPOLICIES,N
11903,J_NO_1,C13ISRAELOPT,N
11903,J_NO_1,C13ISRAELREGION,N
11903,J_NO_1,C13ISRAELDISCRIMINATION,N
11903,J_NO_1,C13ISRAELNORMS,N
11903,J_NO_1,C13ISRAELCOMPARE,N
11903,J_NO_1,C14BDS,N
11903,J_NO_1,C15REASONABLE,N
11903,J_NO_1,C15DOUBLESTANDARD,N
35688,J_NO_1,C11PALESTINIANJUSTICE,N
35688,J_NO_1,C11PALESTINIANRIGHTS,N
35688,J_NO_1,C12ZIONCRITICAL,N
35688,J_NO_1,C12SOLUTIONS,N
35688,J_NO_1,C12EQUALRIGHTS,N
35688,J_NO_1,C13ISRAELEVIDENCE,N
35688,J_NO_1,C13ISRAELINSTITUTIONS,N
35688,J_NO_1,C13ISRAELPOLICIES,N
35688,J_NO_1,C13ISRAELOPT,N
35688,J_NO_1,C13ISRAELREGION,N
35688,J_NO_1,C13ISRAELDISCRIMINATION,N
35688,J_NO_1,C13ISRAELNORMS,N
35688,J_NO_1,C13ISRAELCOMPARE,N
35688,J_NO_1,C14BDS,N
35688,J_NO_1,C15REASONABLE,N
35688,J_NO_1,C15DOUBLESTANDARD,N
5094,J_NO_1,C11PALESTINIANJUSTICE,N
5094,J_NO_1,C11PALESTINIANRIGHTS,N
5094,J_NO_1,C12ZIONCRITICAL,N
5094,J_NO_1,C12SOLUTIONS,N
5094,J_NO_1,C12EQUALRIGHTS,N
5094,J_NO_1,C13ISRAELEVIDENCE,N
5094,J_NO_1,C13ISRAELINSTITUTIONS,N
5094,J_NO_1,C13ISRAELPOLICIES,N
5094,J_NO_1,C13ISRAELOPT,N
5094,J_NO_1,C13ISRAELREGION,N
5094,J_NO_1,C13ISRAELDISCRIMINATION,N
5094,J_NO_1,C13ISRAELNORMS,N
5094,J_NO_1,C13ISRAELCOMPARE,N
5094,J_NO_1,C14BDS,N
5094,J_NO_1,C15REASONABLE,N
5094,J_NO_1,C15DOUBLESTANDARD,N
1876,J_NO_1,C11PALESTINIANJUSTICE,N
1876,J_NO_1,C11PALESTINIANRIGHTS,N
1876,J_NO_1,C12ZIONCRITICAL,N
1876,J_NO_1,C12SOLUTIONS,N
1876,J_NO_1,C12EQUALRIGHTS,N
1876,J_NO_1,C13ISRAELEVIDENCE,N
1876,J_NO_1,C13ISRAELINSTITUTIONS,N
1876,J_NO_1,C13ISRAELPOLICIES,N
1876,J_NO_1,C13ISRAELOPT,N
1876,J_NO_1,C13ISRAELREGION,N
1876,J_NO_1,C13ISRAELDISCRIMINATION,N
1876,J_NO_1,C13ISRAELNORMS,N
1876,J_NO_1,C13ISRAELCOMPARE,N
1876,J_NO_1,C14BDS,N
1876,J_NO_1,C15REASONABLE,N
1876,J_NO_1,C15DOUBLESTANDARD,N
17669,J_NO_1,C11PALESTINIANJUSTICE,N
17669,J_NO_1,C11PALESTINIANRIGHTS,N
17669,J_NO_1,C12ZIONCRITICAL,N
17669,J_NO_1,C12SOLUTIONS,N
17669,J_NO_1,C12EQUALRIGHTS,N
17669,J_NO_1,C13ISRAELEVIDENCE,N
17669,J_NO_1,C13ISRAELINSTITUTIONS,N
17669,J_NO_1,C13ISRAELPOLICIES,N
17669,J_NO_1,C13ISRAELOPT,N
17669,J_NO_1,C13ISRAELREGION,N
17669,J_NO_1,C13ISRAELDISCRIMINATION,N
17669,J_NO_1,C13ISRAELNORMS,N
17669,J_NO_1,C13ISRAELCOMPARE,N
17669,J_NO_1,C14BDS,N
17669,J_NO_1,C15REASONABLE,N
17669,J_NO_1,C15DOUBLESTANDARD,N
4241,J_NO_1,C11PALESTINIANJUSTICE,N
4241,J_NO_1,C11PALESTINIANRIGHTS,N
4241,J_NO_1,C12ZIONCRITICAL,N
4241,J_NO_1,C12SOLUTIONS,N
4241,J_NO_1,C12EQUALRIGHTS,N
4241,J_NO_1,C13ISRAELEVIDENCE,N
4241,J_NO_1,C13ISRAELINSTITUTIONS,N
4241,J_NO_1,C13ISRAELPOLICIES,N
4241,J_NO_1,C13ISRAELOPT,N
4241,J_NO_1,C13ISRAELREGION,N
4241,J_NO_1,C13ISRAELDISCRIMINATION,N
4241,J_NO_1,C13ISRAELNORMS,N
4241,J_NO_1,C13ISRAELCOMPARE,N
4241,J_NO_1,C14BDS,N
4241,J_NO_1,C15REASONABLE,N
4241,J_NO_1,C15DOUBLESTANDARD,N
47215,J_NO_1,C11PALESTINIANJUSTICE,N
47215,J_NO_1,C11PALESTINIANRIGHTS,N
47215,J_NO_1,C12ZIONCRITICAL,N
47215,J_NO_1,C12SOLUTIONS,N
47215,J_NO_1,C12EQUALRIGHTS,N
47215,J_NO_1,C13ISRAELEVIDENCE,N
47215,J_NO_1,C13ISRAELINSTITUTIONS,N
47215,J_NO_1,C13ISRAELPOLICIES,N
47215,J_NO_1,C13ISRAELOPT,N
47215,J_NO_1,C13ISRAELREGION,N
47215,J_NO_1,C13ISRAELDISCRIMINATION,N
47215,J_NO_1,C13ISRAELNORMS,N
47215,J_NO_1,C13ISRAELCOMPARE,N
47215,J_NO_1,C14BDS,N
47215,J_NO_1,C15REASONABLE,N
47215,J_NO_1,C15DOUBLESTANDARD,N
27950,J_NO_1,C11PALESTINIANJUSTICE,N
27950,J_NO_1,C11PALESTINIANRIGHTS,N
27950,J_NO_1,C12ZIONCRITICAL,N
27950,J_NO_1,C12SOLUTIONS,N
27950,J_NO_1,C12EQUALRIGHTS,N
27950,J_NO_1,C13ISRAELEVIDENCE,N
27950,J_NO_1,C13ISRAELINSTITUTIONS,N
27950,J_NO_1,C13ISRAELPOLICIES,N
27950,J_NO_1,C13ISRAELOPT,N
27950,J_NO_1,C13ISRAELREGION,N
27950,J_NO_1,C13ISRAELDISCRIMINATION,N
27950,J_NO_1,C13ISRAELNORMS,N
27950,J_NO_1,C13ISRAELCOMPARE,N
27950,J_NO_1,C14BDS,N
27950,J_NO_1,C15REASONABLE,N
27950,J_NO_1,C15DOUBLESTANDARD,N
13270,J_NO_1,C11PALESTINIANJUSTICE,N
13270,J_NO_1,C11PALESTINIANRIGHTS,N
13270,J_NO_1,C12ZIONCRITICAL,N
13270,J_NO_1,C12SOLUTIONS,N
13270,J_NO_1,C12EQUALRIGHTS,N
13270,J_NO_1,C13ISRAELEVIDENCE,N
13270,J_NO_1,C13ISRAELINSTITUTIONS,N
13270,J_NO_1,C13ISRAELPOLICIES,N
13270,J_NO_1,C13ISRAELOPT,N
13270,J_NO_1,C13ISRAELREGION,N
13270,J_NO_1,C13ISRAELDISCRIMINATION,N
13270,J_NO_1,C13ISRAELNORMS,N
13270,J_NO_1,C13ISRAELCOMPARE,N
13270,J_NO_1,C14BDS,N
13270,J_NO_1,C15REASONABLE,N
13270,J_NO_1,C15DOUBLESTANDARD,N
27243,J_NO_1,C11PALESTINIANJUSTICE,N
27243,J_NO_1,C11PALESTINIANRIGHTS,N
27243,J_NO_1,C12ZIONCRITICAL,N
27243,J_NO_1,C12SOLUTIONS,N
27243,J_NO_1,C12EQUALRIGHTS,N
27243,J_NO_1,C13ISRAELEVIDENCE,N
27243,J_NO_1,C13ISRAELINSTITUTIONS,N
27243,J_NO_1,C13ISRAELPOLICIES,N
27243,J_NO_1,C13ISRAELOPT,N
27243,J_NO_1,C13ISRAELREGION,N
27243,J_NO_1,C13ISRAELDISCRIMINATION,N
27243,J_NO_1,C13ISRAELNORMS,N
27243,J_NO_1,C13ISRAELCOMPARE,N
27243,J_NO_1,C14BDS,N
27243,J_NO_1,C15REASONABLE,N
27243,J_NO_1,C15DOUBLESTANDARD,N
44955,J_NO_1,C11PALESTINIANJUSTICE,N
44955,J_NO_1,C11PALESTINIANRIGHTS,N
44955,J_NO_1,C12ZIONCRITICAL,N
44955,J_NO_1,C12SOLUTIONS,N
44955,J_NO_1,C12EQUALRIGHTS,N
44955,J_NO_1,C13ISRAELEVIDENCE,N
44955,J_NO_1,C13ISRAELINSTITUTIONS,N
44955,J_NO_1,C13ISRAELPOLICIES,N
44955,J_NO_1,C13ISRAELOPT,N
44955,J_NO_1,C13ISRAELREGION,N
44955,J_NO_1,C13ISRAELDISCRIMINATION,N
44955,J_NO_1,C13ISRAELNORMS,N
44955,J_NO_1,C13ISRAELCOMPARE,N
44955,J_NO_1,C14BDS,N
44955,J_NO_1,C15REASONABLE,N
44955,J_NO_1,C15DOUBLESTANDARD,N
8029,J_NO_1,C11PALESTINIANJUSTICE,N
8029,J_NO_1,C11PALESTINIANRIGHTS,N
8029,J_NO_1,C12ZIONCRITICAL,N
8029,J_NO_1,C12SOLUTIONS,N
8029,J_NO_1,C12EQUALRIGHTS,N
8029,J_NO_1,C13ISRAELEVIDENCE,N
8029,J_NO_1,C13ISRAELINSTITUTIONS,N
8029,J_NO_1,C13ISRAELPOLICIES,N
8029,J_NO_1,C13ISRAELOPT,N
8029,J_NO_1,C13ISRAELREGION,N
8029,J_NO_1,C13ISRAELDISCRIMINATION,N
8029,J_NO_1,C13ISRAELNORMS,N
8029,J_NO_1,C13ISRAELCOMPARE,N
8029,J_NO_1,C14BDS,N
8029,J_NO_1,C15REASONABLE,N
8029,J_NO_1,C15DOUBLESTANDARD,N
49393,J_NO_1,C11PALESTINIANJUSTICE,I
49393,J_NO_1,C11PALESTINIANRIGHTS,I
49393,J_NO_1,C12ZIONCRITICAL,N
49393,J_NO_1,C12SOLUTIONS,N
49393,J_NO_1,C12EQUALRIGHTS,N
49393,J_NO_1,C13ISRAELEVIDENCE,N
49393,J_NO_1,C13ISRAELINSTITUTIONS,N
49393,J_NO_1,C13ISRAELPOLICIES,N
49393,J_NO_1,C13ISRAELOPT,N
49393,J_NO_1,C13ISRAELREGION,I
49393,J_NO_1,C13ISRAELDISCRIMINATION,N
49393,J_NO_1,C13ISRAELNORMS,N
49393,J_NO_1,C13ISRAELCOMPARE,N
49393,J_NO_1,C14BDS,N
49393,J_NO_1,C15REASONABLE,N
49393,J_NO_1,C15DOUBLESTANDARD,N
27027,J_NO_1,C11PALESTINIANJUSTICE,N
27027,J_NO_1,C11PALESTINIANRIGHTS,N
27027,J_NO_1,C12ZIONCRITICAL,N
27027,J_NO_1,C12SOLUTIONS,N
27027,J_NO_1,C12EQUALRIGHTS,N
27027,J_NO_1,C13ISRAELEVIDENCE,N
27027,J_NO_1,C13ISRAELINSTITUTIONS,N
27027,J_NO_1,C13ISRAELPOLICIES,N
27027,J_NO_1,C13ISRAELOPT,N
27027,J_NO_1,C13ISRAELREGION,N
27027,J_NO_1,C13ISRAELDISCRIMINATION,N
27027,J_NO_1,C13ISRAELNORMS,N
27027,J_NO_1,C13ISRAELCOMPARE,N
27027,J_NO_1,C14BDS,N
27027,J_NO_1,C15REASONABLE,N
27027,J_NO_1,C15DOUBLESTANDARD,N
36118,J_NO_1,C11PALESTINIANJUSTICE,N
36118,J_NO_1,C11PALESTINIANRIGHTS,N
36118,J_NO_1,C12ZIONCRITICAL,N
36118,J_NO_1,C12SOLUTIONS,N
36118,J_NO_1,C12EQUALRIGHTS,N
36118,J_NO_1,C13ISRAELEVIDENCE,N
36118,J_NO_1,C13ISRAELINSTITUTIONS,N
36118,J_NO_1,C13ISRAELPOLICIES,N
36118,J_NO_1,C13ISRAELOPT,N
36118,J_NO_1,C13ISRAELREGION,N
36118,J_NO_1,C13ISRAELDISCRIMINATION,N
36118,J_NO_1,C13ISRAELNORMS,N
36118,J_NO_1,C13ISRAELCOMPARE,N
36118,J_NO_1,C14BDS,N
36118,J_NO_1,C15REASONABLE,N
36118,J_NO_1,C15DOUBLESTANDARD,N
47297,J_NO_1,C11PALESTINIANJUSTICE,N
47297,J_NO_1,C11PALESTINIANRIGHTS,N
47297,J_NO_1,C12ZIONCRITICAL,N
47297,J_NO_1,C12SOLUTIONS,N
47297,J_NO_1,C12EQUALRIGHTS,N
47297,J_NO_1,C13ISRAELEVIDENCE,N
47297,J_NO_1,C13ISRAELINSTITUTIONS,N
47297,J_NO_1,C13ISRAELPOLICIES,N
47297,J_NO_1,C13ISRAELOPT,N
47297,J_NO_1,C13ISRAELREGION,N
47297,J_NO_1,C13ISRAELDISCRIMINATION,N
47297,J_NO_1,C13ISRAELNORMS,N
47297,J_NO_1,C13ISRAELCOMPARE,N
47297,J_NO_1,C14BDS,N
47297,J_NO_1,C15REASONABLE,N
47297,J_NO_1,C15DOUBLESTANDARD,N
38085,J_NO_1,C11PALESTINIANJUSTICE,E
38085,J_NO_1,C11PALESTINIANRIGHTS,E
38085,J_NO_1,C12ZIONCRITICAL,N
38085,J_NO_1,C12SOLUTIONS,N
38085,J_NO_1,C12EQUALRIGHTS,N
38085,J_NO_1,C13ISRAELEVIDENCE,N
38085,J_NO_1,C13ISRAELINSTITUTIONS,N
38085,J_NO_1,C13ISRAELPOLICIES,E
38085,J_NO_1,C13ISRAELOPT,E
38085,J_NO_1,C13ISRAELREGION,N
38085,J_NO_1,C13ISRAELDISCRIMINATION,N
38085,J_NO_1,C13ISRAELNORMS,N
38085,J_NO_1,C13ISRAELCOMPARE,N
38085,J_NO_1,C14BDS,N
38085,J_NO_1,C15REASONABLE,E
38085,J_NO_1,C15DOUBLESTANDARD,N
49104,J_NO_1,C11PALESTINIANJUSTICE,N
49104,J_NO_1,C11PALESTINIANRIGHTS,N
49104,J_NO_1,C12ZIONCRITICAL,N
49104,J_NO_1,C12SOLUTIONS,N
49104,J_NO_1,C12EQUALRIGHTS,N
49104,J_NO_1,C13ISRAELEVIDENCE,N
49104,J_NO_1,C13ISRAELINSTITUTIONS,N
49104,J_NO_1,C13ISRAELPOLICIES,N
49104,J_NO_1,C13ISRAELOPT,N
49104,J_NO_1,C13ISRAELREGION,N
49104,J_NO_1,C13ISRAELDISCRIMINATION,N
49104,J_NO_1,C13ISRAELNORMS,N
49104,J_NO_1,C13ISRAELCOMPARE,N
49104,J_NO_1,C14BDS,N
49104,J_NO_1,C15REASONABLE,N
49104,J_NO_1,C15DOUBLESTANDARD,N
7080,J_NO_1,C11PALESTINIANJUSTICE,N
7080,J_NO_1,C11PALESTINIANRIGHTS,N
7080,J_NO_1,C12ZIONCRITICAL,N
7080,J_NO_1,C12SOLUTIONS,N
7080,J_NO_1,C12EQUALRIGHTS,N
7080,J_NO_1,C13ISRAELEVIDENCE,N
7080,J_NO_1,C13ISRAELINSTITUTIONS,N
7080,J_NO_1,C13ISRAELPOLICIES,N
7080,J_NO_1,C13ISRAELOPT,N
7080,J_NO_1,C13ISRAELREGION,N
7080,J_NO_1,C13ISRAELDISCRIMINATION,N
7080,J_NO_1,C13ISRAELNORMS,N
7080,J_NO_1,C13ISRAELCOMPARE,N
7080,J_NO_1,C14BDS,N
7080,J_NO_1,C15REASONABLE,N
7080,J_NO_1,C15DOUBLESTANDARD,N
46389,J_NO_1,C11PALESTINIANJUSTICE,N
46389,J_NO_1,C11PALESTINIANRIGHTS,N
46389,J_NO_1,C12ZIONCRITICAL,N
46389,J_NO_1,C12SOLUTIONS,N
46389,J_NO_1,C12EQUALRIGHTS,N
46389,J_NO_1,C13ISRAELEVIDENCE,N
46389,J_NO_1,C13ISRAELINSTITUTIONS,N
46389,J_NO_1,C13ISRAELPOLICIES,N
46389,J_NO_1,C13ISRAELOPT,N
46389,J_NO_1,C13ISRAELREGION,N
46389,J_NO_1,C13ISRAELDISCRIMINATION,N
46389,J_NO_1,C13ISRAELNORMS,N
46389,J_NO_1,C13ISRAELCOMPARE,N
46389,J_NO_1,C14BDS,N
46389,J_NO_1,C15REASONABLE,N
46389,J_NO_1,C15DOUBLESTANDARD,N
6058,J_NO_1,C11PALESTINIANJUSTICE,N
6058,J_NO_1,C11PALESTINIANRIGHTS,N
6058,J_NO_1,C12ZIONCRITICAL,N
6058,J_NO_1,C12SOLUTIONS,N
6058,J_NO_1,C12EQUALRIGHTS,N
6058,J_NO_1,C13ISRAELEVIDENCE,N
6058,J_NO_1,C13ISRAELINSTITUTIONS,N
6058,J_NO_1,C13ISRAELPOLICIES,N
6058,J_NO_1,C13ISRAELOPT,N
6058,J_NO_1,C13ISRAELREGION,N
6058,J_NO_1,C13ISRAELDISCRIMINATION,N
6058,J_NO_1,C13ISRAELNORMS,N
6058,J_NO_1,C13ISRAELCOMPARE,N
6058,J_NO_1,C14BDS,N
6058,J_NO_1,C15REASONABLE,N
6058,J_NO_1,C15DOUBLESTANDARD,N
17513,J_NO_1,C11PALESTINIANJUSTICE,N
17513,J_NO_1,C11PALESTINIANRIGHTS,N
17513,J_NO_1,C12ZIONCRITICAL,N
17513,J_NO_1,C12SOLUTIONS,N
17513,J_NO_1,C12EQUALRIGHTS,N
17513,J_NO_1,C13ISRAELEVIDENCE,N
17513,J_NO_1,C13ISRAELINSTITUTIONS,N
17513,J_NO_1,C13ISRAELPOLICIES,N
17513,J_NO_1,C13ISRAELOPT,N
17513,J_NO_1,C13ISRAELREGION,N
17513,J_NO_1,C13ISRAELDISCRIMINATION,N
17513,J_NO_1,C13ISRAELNORMS,N
17513,J_NO_1,C13ISRAELCOMPARE,N
17513,J_NO_1,C14BDS,N
17513,J_NO_1,C15REASONABLE,N
17513,J_NO_1,C15DOUBLESTANDARD,N
21885,J_NO_1,C11PALESTINIANJUSTICE,N
21885,J_NO_1,C11PALESTINIANRIGHTS,N
21885,J_NO_1,C12ZIONCRITICAL,N
21885,J_NO_1,C12SOLUTIONS,N
21885,J_NO_1,C12EQUALRIGHTS,N
21885,J_NO_1,C13ISRAELEVIDENCE,N
21885,J_NO_1,C13ISRAELINSTITUTIONS,N
21885,J_NO_1,C13ISRAELPOLICIES,N
21885,J_NO_1,C13ISRAELOPT,N
21885,J_NO_1,C13ISRAELREGION,N
21885,J_NO_1,C13ISRAELDISCRIMINATION,N
21885,J_NO_1,C13ISRAELNORMS,N
21885,J_NO_1,C13ISRAELCOMPARE,N
21885,J_NO_1,C14BDS,N
21885,J_NO_1,C15REASONABLE,N
21885,J_NO_1,C15DOUBLESTANDARD,N
20043,J_NO_1,C11PALESTINIANJUSTICE,N
20043,J_NO_1,C11PALESTINIANRIGHTS,N
20043,J_NO_1,C12ZIONCRITICAL,N
20043,J_NO_1,C12SOLUTIONS,N
20043,J_NO_1,C12EQUALRIGHTS,N
20043,J_NO_1,C13ISRAELEVIDENCE,N
20043,J_NO_1,C13ISRAELINSTITUTIONS,N
20043,J_NO_1,C13ISRAELPOLICIES,N
20043,J_NO_1,C13ISRAELOPT,N
20043,J_NO_1,C13ISRAELREGION,N
20043,J_NO_1,C13ISRAELDISCRIMINATION,N
20043,J_NO_1,C13ISRAELNORMS,N
20043,J_NO_1,C13ISRAELCOMPARE,N
20043,J_NO_1,C14BDS,N
20043,J_NO_1,C15REASONABLE,N
20043,J_NO_1,C15DOUBLESTANDARD,N
2837,J_NO_1,C11PALESTINIANJUSTICE,N
2837,J_NO_1,C11PALESTINIANRIGHTS,N
2837,J_NO_1,C12ZIONCRITICAL,N
2837,J_NO_1,C12SOLUTIONS,N
2837,J_NO_1,C12EQUALRIGHTS,N
2837,J_NO_1,C13ISRAELEVIDENCE,N
2837,J_NO_1,C13ISRAELINSTITUTIONS,N
2837,J_NO_1,C13ISRAELPOLICIES,N
2837,J_NO_1,C13ISRAELOPT,N
2837,J_NO_1,C13ISRAELREGION,N
2837,J_NO_1,C13ISRAELDISCRIMINATION,N
2837,J_NO_1,C13ISRAELNORMS,N
2837,J_NO_1,C13ISRAELCOMPARE,N
2837,J_NO_1,C14BDS,N
2837,J_NO_1,C15REASONABLE,N
2837,J_NO_1,C15DOUBLESTANDARD,N
8880,J_NO_1,C11PALESTINIANJUSTICE,N
8880,J_NO_1,C11PALESTINIANRIGHTS,N
8880,J_NO_1,C12ZIONCRITICAL,N
8880,J_NO_1,C12SOLUTIONS,N
8880,J_NO_1,C12EQUALRIGHTS,N
8880,J_NO_1,C13ISRAELEVIDENCE,N
8880,J_NO_1,C13ISRAELINSTITUTIONS,N
8880,J_NO_1,C13ISRAELPOLICIES,N
8880,J_NO_1,C13ISRAELOPT,N
8880,J_NO_1,C13ISRAELREGION,N
8880,J_NO_1,C13ISRAELDISCRIMINATION,N
8880,J_NO_1,C13ISRAELNORMS,N
8880,J_NO_1,C13ISRAELCOMPARE,N
8880,J_NO_1,C14BDS,N
8880,J_NO_1,C15REASONABLE,N
8880,J_NO_1,C15DOUBLESTANDARD,N
31622,J_NO_1,C11PALESTINIANJUSTICE,N
31622,J_NO_1,C11PALESTINIANRIGHTS,N
31622,J_NO_1,C12ZIONCRITICAL,N
31622,J_NO_1,C12SOLUTIONS,N
31622,J_NO_1,C12EQUALRIGHTS,N
31622,J_NO_1,C13ISRAELEVIDENCE,N
31622,J_NO_1,C13ISRAELINSTITUTIONS,N
31622,J_NO_1,C13ISRAELPOLICIES,N
31622,J_NO_1,C13ISRAELOPT,N
31622,J_NO_1,C13ISRAELREGION,N
31622,J_NO_1,C13ISRAELDISCRIMINATION,N
31622,J_NO_1,C13ISRAELNORMS,N
31622,J_NO_1,C13ISRAELCOMPARE,N
31622,J_NO_1,C14BDS,N
31622,J_NO_1,C15REASONABLE,N
31622,J_NO_1,C15DOUBLESTANDARD,N
26949,J_NO_1,C11PALESTINIANJUSTICE,N
26949,J_NO_1,C11PALESTINIANRIGHTS,N
26949,J_NO_1,C12ZIONCRITICAL,N
26949,J_NO_1,C12SOLUTIONS,N
26949,J_NO_1,C12EQUALRIGHTS,N
26949,J_NO_1,C13ISRAELEVIDENCE,N
26949,J_NO_1,C13ISRAELINSTITUTIONS,N
26949,J_NO_1,C13ISRAELPOLICIES,N
26949,J_NO_1,C13ISRAELOPT,N
26949,J_NO_1,C13ISRAELREGION,N
26949,J_NO_1,C13ISRAELDISCRIMINATION,N
26949,J_NO_1,C13ISRAELNORMS,N
26949,J_NO_1,C13ISRAELCOMPARE,N
26949,J_NO_1,C14BDS,E
26949,J_NO_1,C15REASONABLE,E
26949,J_NO_1,C15DOUBLESTANDARD,N
22540,J_NO_1,C11PALESTINIANJUSTICE,N
22540,J_NO_1,C11PALESTINIANRIGHTS,N
22540,J_NO_1,C12ZIONCRITICAL,N
22540,J_NO_1,C12SOLUTIONS,N
22540,J_NO_1,C12EQUALRIGHTS,N
22540,J_NO_1,C13ISRAELEVIDENCE,N
22540,J_NO_1,C13ISRAELINSTITUTIONS,N
22540,J_NO_1,C13ISRAELPOLICIES,N
22540,J_NO_1,C13ISRAELOPT,N
22540,J_NO_1,C13ISRAELREGION,N
22540,J_NO_1,C13ISRAELDISCRIMINATION,N
22540,J_NO_1,C13ISRAELNORMS,N
22540,J_NO_1,C13ISRAELCOMPARE,N
22540,J_NO_1,C14BDS,N
22540,J_NO_1,C15REASONABLE,N
22540,J_NO_1,C15DOUBLESTANDARD,N
44905,J_NO_1,C11PALESTINIANJUSTICE,N
44905,J_NO_1,C11PALESTINIANRIGHTS,N
44905,J_NO_1,C12ZIONCRITICAL,N
44905,J_NO_1,C12SOLUTIONS,N
44905,J_NO_1,C12EQUALRIGHTS,N
44905,J_NO_1,C13ISRAELEVIDENCE,N
44905,J_NO_1,C13ISRAELINSTITUTIONS,N
44905,J_NO_1,C13ISRAELPOLICIES,N
44905,J_NO_1,C13ISRAELOPT,N
44905,J_NO_1,C13ISRAELREGION,N
44905,J_NO_1,C13ISRAELDISCRIMINATION,N
44905,J_NO_1,C13ISRAELNORMS,N
44905,J_NO_1,C13ISRAELCOMPARE,N
44905,J_NO_1,C14BDS,N
44905,J_NO_1,C15REASONABLE,N
44905,J_NO_1,C15DOUBLESTANDARD,N
44319,J_NO_1,C11PALESTINIANJUSTICE,N
44319,J_NO_1,C11PALESTINIANRIGHTS,N
44319,J_NO_1,C12ZIONCRITICAL,N
44319,J_NO_1,C12SOLUTIONS,N
44319,J_NO_1,C12EQUALRIGHTS,N
44319,J_NO_1,C13ISRAELEVIDENCE,N
44319,J_NO_1,C13ISRAELINSTITUTIONS,N
44319,J_NO_1,C13ISRAELPOLICIES,N
44319,J_NO_1,C13ISRAELOPT,N
44319,J_NO_1,C13ISRAELREGION,N
44319,J_NO_1,C13ISRAELDISCRIMINATION,N
44319,J_NO_1,C13ISRAELNORMS,N
44319,J_NO_1,C13ISRAELCOMPARE,N
44319,J_NO_1,C14BDS,N
44319,J_NO_1,C15REASONABLE,N
44319,J_NO_1,C15DOUBLESTANDARD,N
29562,J_NO_1,C11PALESTINIANJUSTICE,N
29562,J_NO_1,C11PALESTINIANRIGHTS,N
29562,J_NO_1,C12ZIONCRITICAL,N
29562,J_NO_1,C12SOLUTIONS,N
29562,J_NO_1,C12EQUALRIGHTS,N
29562,J_NO_1,C13ISRAELEVIDENCE,N
29562,J_NO_1,C13ISRAELINSTITUTIONS,N
29562,J_NO_1,C13ISRAELPOLICIES,N
29562,J_NO_1,C13ISRAELOPT,N
29562,J_NO_1,C13ISRAELREGION,N
29562,J_NO_1,C13ISRAELDISCRIMINATION,N
29562,J_NO_1,C13ISRAELNORMS,N
29562,J_NO_1,C13ISRAELCOMPARE,N
29562,J_NO_1,C14BDS,N
29562,J_NO_1,C15REASONABLE,N
29562,J_NO_1,C15DOUBLESTANDARD,N
32861,J_NO_1,C11PALESTINIANJUSTICE,N
32861,J_NO_1,C11PALESTINIANRIGHTS,N
32861,J_NO_1,C12ZIONCRITICAL,N
32861,J_NO_1,C12SOLUTIONS,N
32861,J_NO_1,C12EQUALRIGHTS,N
32861,J_NO_1,C13ISRAELEVIDENCE,N
32861,J_NO_1,C13ISRAELINSTITUTIONS,N
32861,J_NO_1,C13ISRAELPOLICIES,N
32861,J_NO_1,C13ISRAELOPT,N
32861,J_NO_1,C13ISRAELREGION,N
32861,J_NO_1,C13ISRAELDISCRIMINATION,N
32861,J_NO_1,C13ISRAELNORMS,N
32861,J_NO_1,C13ISRAELCOMPARE,N
32861,J_NO_1,C14BDS,N
32861,J_NO_1,C15REASONABLE,N
32861,J_NO_1,C15DOUBLESTANDARD,N
20830,J_NO_1,C11PALESTINIANJUSTICE,I
20830,J_NO_1,C11PALESTINIANRIGHTS,I
20830,J_NO_1,C12ZIONCRITICAL,N
20830,J_NO_1,C12SOLUTIONS,N
20830,J_NO_1,C12EQUALRIGHTS,N
20830,J_NO_1,C13ISRAELEVIDENCE,E
20830,J_NO_1,C13ISRAELINSTITUTIONS,N
20830,J_NO_1,C13ISRAELPOLICIES,E
20830,J_NO_1,C13ISRAELOPT,E
20830,J_NO_1,C13ISRAELREGION,N
20830,J_NO_1,C13ISRAELDISCRIMINATION,N
20830,J_NO_1,C13ISRAELNORMS,I
20830,J_NO_1,C13ISRAELCOMPARE,N
20830,J_NO_1,C14BDS,N
20830,J_NO_1,C15REASONABLE,E
20830,J_NO_1,C15DOUBLESTANDARD,E
30381,J_NO_1,C11PALESTINIANJUSTICE,N
30381,J_NO_1,C11PALESTINIANRIGHTS,N
30381,J_NO_1,C12ZIONCRITICAL,N
30381,J_NO_1,C12SOLUTIONS,N
30381,J_NO_1,C12EQUALRIGHTS,N
30381,J_NO_1,C13ISRAELEVIDENCE,N
30381,J_NO_1,C13ISRAELINSTITUTIONS,N
30381,J_NO_1,C13ISRAELPOLICIES,N
30381,J_NO_1,C13ISRAELOPT,N
30381,J_NO_1,C13ISRAELREGION,N
30381,J_NO_1,C13ISRAELDISCRIMINATION,N
30381,J_NO_1,C13ISRAELNORMS,N
30381,J_NO_1,C13ISRAELCOMPARE,N
30381,J_NO_1,C14BDS,N
30381,J_NO_1,C15REASONABLE,N
30381,J_NO_1,C15DOUBLESTANDARD,N
3553,J_NO_1,C11PALESTINIANJUSTICE,N
3553,J_NO_1,C11PALESTINIANRIGHTS,N
3553,J_NO_1,C12ZIONCRITICAL,N
3553,J_NO_1,C12SOLUTIONS,N
3553,J_NO_1,C12EQUALRIGHTS,N
3553,J_NO_1,C13ISRAELEVIDENCE,N
3553,J_NO_1,C13ISRAELINSTITUTIONS,N
3553,J_NO_1,C13ISRAELPOLICIES,N
3553,J_NO_1,C13ISRAELOPT,N
3553,J_NO_1,C13ISRAELREGION,N
3553,J_NO_1,C13ISRAELDISCRIMINATION,N
3553,J_NO_1,C13ISRAELNORMS,N
3553,J_NO_1,C13ISRAELCOMPARE,N
3553,J_NO_1,C14BDS,N
3553,J_NO_1,C15REASONABLE,N
3553,J_NO_1,C15DOUBLESTANDARD,N
36849,J_NO_1,C11PALESTINIANJUSTICE,N
36849,J_NO_1,C11PALESTINIANRIGHTS,N
36849,J_NO_1,C12ZIONCRITICAL,N
36849,J_NO_1,C12SOLUTIONS,N
36849,J_NO_1,C12EQUALRIGHTS,N
36849,J_NO_1,C13ISRAELEVIDENCE,N
36849,J_NO_1,C13ISRAELINSTITUTIONS,N
36849,J_NO_1,C13ISRAELPOLICIES,N
36849,J_NO_1,C13ISRAELOPT,N
36849,J_NO_1,C13ISRAELREGION,N
36849,J_NO_1,C13ISRAELDISCRIMINATION,N
36849,J_NO_1,C13ISRAELNORMS,N
36849,J_NO_1,C13ISRAELCOMPARE,N
36849,J_NO_1,C14BDS,N
36849,J_NO_1,C15REASONABLE,N
36849,J_NO_1,C15DOUBLESTANDARD,N
48545,J_NO_1,C11PALESTINIANJUSTICE,N
48545,J_NO_1,C11PALESTINIANRIGHTS,N
48545,J_NO_1,C12ZIONCRITICAL,I
48545,J_NO_1,C12SOLUTIONS,N
48545,J_NO_1,C12EQUALRIGHTS,N
48545,J_NO_1,C13ISRAELEVIDENCE,N
48545,J_NO_1,C13ISRAELINSTITUTIONS,N
48545,J_NO_1,C13ISRAELPOLICIES,N
48545,J_NO_1,C13ISRAELOPT,N
48545,J_NO_1,C13ISRAELREGION,N
48545,J_NO_1,C13ISRAELDISCRIMINATION,N
48545,J_NO_1,C13ISRAELNORMS,N
48545,J_NO_1,C13ISRAELCOMPARE,N
48545,J_NO_1,C14BDS,N
48545,J_NO_1,C15REASONABLE,N
48545,J_NO_1,C15DOUBLESTANDARD,N
1191,J_NO_1,C11PALESTINIANJUSTICE,N
1191,J_NO_1,C11PALESTINIANRIGHTS,N
1191,J_NO_1,C12ZIONCRITICAL,N
1191,J_NO_1,C12SOLUTIONS,N
1191,J_NO_1,C12EQUALRIGHTS,N
1191,J_NO_1,C13ISRAELEVIDENCE,N
1191,J_NO_1,C13ISRAELINSTITUTIONS,N
1191,J_NO_1,C13ISRAELPOLICIES,N
1191,J_NO_1,C13ISRAELOPT,N
1191,J_NO_1,C13ISRAELREGION,N
1191,J_NO_1,C13ISRAELDISCRIMINATION,N
1191,J_NO_1,C13ISRAELNORMS,N
1191,J_NO_1,C13ISRAELCOMPARE,N
1191,J_NO_1,C14BDS,N
1191,J_NO_1,C15REASONABLE,N
1191,J_NO_1,C15DOUBLESTANDARD,N
7525,J_NO_1,C11PALESTINIANJUSTICE,N
7525,J_NO_1,C11PALESTINIANRIGHTS,N
7525,J_NO_1,C12ZIONCRITICAL,N
7525,J_NO_1,C12SOLUTIONS,N
7525,J_NO_1,C12EQUALRIGHTS,N
7525,J_NO_1,C13ISRAELEVIDENCE,N
7525,J_NO_1,C13ISRAELINSTITUTIONS,N
7525,J_NO_1,C13ISRAELPOLICIES,N
7525,J_NO_1,C13ISRAELOPT,N
7525,J_NO_1,C13ISRAELREGION,N
7525,J_NO_1,C13ISRAELDISCRIMINATION,N
7525,J_NO_1,C13ISRAELNORMS,N
7525,J_NO_1,C13ISRAELCOMPARE,N
7525,J_NO_1,C14BDS,N
7525,J_NO_1,C15REASONABLE,N
7525,J_NO_1,C15DOUBLESTANDARD,N
40455,J_NO_1,C11PALESTINIANJUSTICE,N
40455,J_NO_1,C11PALESTINIANRIGHTS,N
40455,J_NO_1,C12ZIONCRITICAL,N
40455,J_NO_1,C12SOLUTIONS,N
40455,J_NO_1,C12EQUALRIGHTS,N
40455,J_NO_1,C13ISRAELEVIDENCE,N
40455,J_NO_1,C13ISRAELINSTITUTIONS,N
40455,J_NO_1,C13ISRAELPOLICIES,N
40455,J_NO_1,C13ISRAELOPT,N
40455,J_NO_1,C13ISRAELREGION,N
40455,J_NO_1,C13ISRAELDISCRIMINATION,N
40455,J_NO_1,C13ISRAELNORMS,N
40455,J_NO_1,C13ISRAELCOMPARE,N
40455,J_NO_1,C14BDS,N
40455,J_NO_1,C15REASONABLE,N
40455,J_NO_1,C15DOUBLESTANDARD,N
27582,J_NO_1,C11PALESTINIANJUSTICE,N
27582,J_NO_1,C11PALESTINIANRIGHTS,N
27582,J_NO_1,C12ZIONCRITICAL,N
27582,J_NO_1,C12SOLUTIONS,N
27582,J_NO_1,C12EQUALRIGHTS,N
27582,J_NO_1,C13ISRAELEVIDENCE,N
27582,J_NO_1,C13ISRAELINSTITUTIONS,N
27582,J_NO_1,C13ISRAELPOLICIES,N
27582,J_NO_1,C13ISRAELOPT,N
27582,J_NO_1,C13ISRAELREGION,N
27582,J_NO_1,C13ISRAELDISCRIMINATION,N
27582,J_NO_1,C13ISRAELNORMS,N
27582,J_NO_1,C13ISRAELCOMPARE,N
27582,J_NO_1,C14BDS,N
27582,J_NO_1,C15REASONABLE,N
27582,J_NO_1,C15DOUBLESTANDARD,N
17466,J_NO_1,C11PALESTINIANJUSTICE,N
17466,J_NO_1,C11PALESTINIANRIGHTS,N
17466,J_NO_1,C12ZIONCRITICAL,N
17466,J_NO_1,C12SOLUTIONS,N
17466,J_NO_1,C12EQUALRIGHTS,N
17466,J_NO_1,C13ISRAELEVIDENCE,N
17466,J_NO_1,C13ISRAELINSTITUTIONS,N
17466,J_NO_1,C13ISRAELPOLICIES,N
17466,J_NO_1,C13ISRAELOPT,N
17466,J_NO_1,C13ISRAELREGION,N
17466,J_NO_1,C13ISRAELDISCRIMINATION,N
17466,J_NO_1,C13ISRAELNORMS,N
17466,J_NO_1,C13ISRAELCOMPARE,N
17466,J_NO_1,C14BDS,N
17466,J_NO_1,C15REASONABLE,N
17466,J_NO_1,C15DOUBLESTANDARD,N
19314,J_NO_1,C11PALESTINIANJUSTICE,N
19314,J_NO_1,C11PALESTINIANRIGHTS,N
19314,J_NO_1,C12ZIONCRITICAL,N
19314,J_NO_1,C12SOLUTIONS,N
19314,J_NO_1,C12EQUALRIGHTS,N
19314,J_NO_1,C13ISRAELEVIDENCE,N
19314,J_NO_1,C13ISRAELINSTITUTIONS,N
19314,J_NO_1,C13ISRAELPOLICIES,N
19314,J_NO_1,C13ISRAELOPT,N
19314,J_NO_1,C13ISRAELREGION,N
19314,J_NO_1,C13ISRAELDISCRIMINATION,N
19314,J_NO_1,C13ISRAELNORMS,N
19314,J_NO_1,C13ISRAELCOMPARE,N
19314,J_NO_1,C14BDS,N
19314,J_NO_1,C15REASONABLE,N
19314,J_NO_1,C15DOUBLESTANDARD,N
47654,J_NO_1,C11PALESTINIANJUSTICE,N
47654,J_NO_1,C11PALESTINIANRIGHTS,N
47654,J_NO_1,C12ZIONCRITICAL,N
47654,J_NO_1,C12SOLUTIONS,N
47654,J_NO_1,C12EQUALRIGHTS,N
47654,J_NO_1,C13ISRAELEVIDENCE,N
47654,J_NO_1,C13ISRAELINSTITUTIONS,N
47654,J_NO_1,C13ISRAELPOLICIES,N
47654,J_NO_1,C13ISRAELOPT,N
47654,J_NO_1,C13ISRAELREGION,N
47654,J_NO_1,C13ISRAELDISCRIMINATION,N
47654,J_NO_1,C13ISRAELNORMS,N
47654,J_NO_1,C13ISRAELCOMPARE,N
47654,J_NO_1,C14BDS,N
47654,J_NO_1,C15REASONABLE,N
47654,J_NO_1,C15DOUBLESTANDARD,N
17315,J_NO_1,C11PALESTINIANJUSTICE,N
17315,J_NO_1,C11PALESTINIANRIGHTS,N
17315,J_NO_1,C12ZIONCRITICAL,N
17315,J_NO_1,C12SOLUTIONS,N
17315,J_NO_1,C12EQUALRIGHTS,N
17315,J_NO_1,C13ISRAELEVIDENCE,N
17315,J_NO_1,C13ISRAELINSTITUTIONS,N
17315,J_NO_1,C13ISRAELPOLICIES,N
17315,J_NO_1,C13ISRAELOPT,N
17315,J_NO_1,C13ISRAELREGION,N
17315,J_NO_1,C13ISRAELDISCRIMINATION,N
17315,J_NO_1,C13ISRAELNORMS,N
17315,J_NO_1,C13ISRAELCOMPARE,N
17315,J_NO_1,C14BDS,N
17315,J_NO_1,C15REASONABLE,N
17315,J_NO_1,C15DOUBLESTANDARD,N
19492,J_NO_1,C11PALESTINIANJUSTICE,N
19492,J_NO_1,C11PALESTINIANRIGHTS,N
19492,J_NO_1,C12ZIONCRITICAL,N
19492,J_NO_1,C12SOLUTIONS,N
19492,J_NO_1,C12EQUALRIGHTS,N
19492,J_NO_1,C13ISRAELEVIDENCE,N
19492,J_NO_1,C13ISRAELINSTITUTIONS,N
19492,J_NO_1,C13ISRAELPOLICIES,N
19492,J_NO_1,C13ISRAELOPT,N
19492,J_NO_1,C13ISRAELREGION,N
19492,J_NO_1,C13ISRAELDISCRIMINATION,N
19492,J_NO_1,C13ISRAELNORMS,N
19492,J_NO_1,C13ISRAELCOMPARE,N
19492,J_NO_1,C14BDS,N
19492,J_NO_1,C15REASONABLE,N
19492,J_NO_1,C15DOUBLESTANDARD,N
10245,J_NO_1,C11PALESTINIANJUSTICE,N
10245,J_NO_1,C11PALESTINIANRIGHTS,N
10245,J_NO_1,C12ZIONCRITICAL,N
10245,J_NO_1,C12SOLUTIONS,N
10245,J_NO_1,C12EQUALRIGHTS,N
10245,J_NO_1,C13ISRAELEVIDENCE,N
10245,J_NO_1,C13ISRAELINSTITUTIONS,N
10245,J_NO_1,C13ISRAELPOLICIES,N
10245,J_NO_1,C13ISRAELOPT,N
10245,J_NO_1,C13ISRAELREGION,N
10245,J_NO_1,C13ISRAELDISCRIMINATION,N
10245,J_NO_1,C13ISRAELNORMS,N
10245,J_NO_1,C13ISRAELCOMPARE,N
10245,J_NO_1,C14BDS,N
10245,J_NO_1,C15REASONABLE,N
10245,J_NO_1,C15DOUBLESTANDARD,N
2161,J_NO_1,C11PALESTINIANJUSTICE,N
2161,J_NO_1,C11PALESTINIANRIGHTS,N
2161,J_NO_1,C12ZIONCRITICAL,N
2161,J_NO_1,C12SOLUTIONS,N
2161,J_NO_1,C12EQUALRIGHTS,N
2161,J_NO_1,C13ISRAELEVIDENCE,N
2161,J_NO_1,C13ISRAELINSTITUTIONS,N
2161,J_NO_1,C13ISRAELPOLICIES,N
2161,J_NO_1,C13ISRAELOPT,N
2161,J_NO_1,C13ISRAELREGION,N
2161,J_NO_1,C13ISRAELDISCRIMINATION,N
2161,J_NO_1,C13ISRAELNORMS,N
2161,J_NO_1,C13ISRAELCOMPARE,N
2161,J_NO_1,C14BDS,N
2161,J_NO_1,C15REASONABLE,N
2161,J_NO_1,C15DOUBLESTANDARD,N
1034,J_NO_1,C11PALESTINIANJUSTICE,N
1034,J_NO_1,C11PALESTINIANRIGHTS,N
1034,J_NO_1,C12ZIONCRITICAL,N
1034,J_NO_1,C12SOLUTIONS,N
1034,J_NO_1,C12EQUALRIGHTS,N
1034,J_NO_1,C13ISRAELEVIDENCE,N
1034,J_NO_1,C13ISRAELINSTITUTIONS,N
1034,J_NO_1,C13ISRAELPOLICIES,N
1034,J_NO_1,C13ISRAELOPT,N
1034,J_NO_1,C13ISRAELREGION,N
1034,J_NO_1,C13ISRAELDISCRIMINATION,N
1034,J_NO_1,C13ISRAELNORMS,N
1034,J_NO_1,C13ISRAELCOMPARE,N
1034,J_NO_1,C14BDS,N
1034,J_NO_1,C15REASONABLE,N
1034,J_NO_1,C15DOUBLESTANDARD,N
27078,J_NO_1,C11PALESTINIANJUSTICE,N
27078,J_NO_1,C11PALESTINIANRIGHTS,N
27078,J_NO_1,C12ZIONCRITICAL,N
27078,J_NO_1,C12SOLUTIONS,N
27078,J_NO_1,C12EQUALRIGHTS,N
27078,J_NO_1,C13ISRAELEVIDENCE,N
27078,J_NO_1,C13ISRAELINSTITUTIONS,N
27078,J_NO_1,C13ISRAELPOLICIES,N
27078,J_NO_1,C13ISRAELOPT,N
27078,J_NO_1,C13ISRAELREGION,N
27078,J_NO_1,C13ISRAELDISCRIMINATION,N
27078,J_NO_1,C13ISRAELNORMS,N
27078,J_NO_1,C13ISRAELCOMPARE,N
27078,J_NO_1,C14BDS,N
27078,J_NO_1,C15REASONABLE,N
27078,J_NO_1,C15DOUBLESTANDARD,N
40689,J_NO_1,C11PALESTINIANJUSTICE,N
40689,J_NO_1,C11PALESTINIANRIGHTS,N
40689,J_NO_1,C12ZIONCRITICAL,N
40689,J_NO_1,C12SOLUTIONS,N
40689,J_NO_1,C12EQUALRIGHTS,N
40689,J_NO_1,C13ISRAELEVIDENCE,N
40689,J_NO_1,C13ISRAELINSTITUTIONS,N
40689,J_NO_1,C13ISRAELPOLICIES,N
40689,J_NO_1,C13ISRAELOPT,N
40689,J_NO_1,C13ISRAELREGION,N
40689,J_NO_1,C13ISRAELDISCRIMINATION,N
40689,J_NO_1,C13ISRAELNORMS,N
40689,J_NO_1,C13ISRAELCOMPARE,N
40689,J_NO_1,C14BDS,N
40689,J_NO_1,C15REASONABLE,N
40689,J_NO_1,C15DOUBLESTANDARD,N
17779,J_NO_1,C11PALESTINIANJUSTICE,N
17779,J_NO_1,C11PALESTINIANRIGHTS,N
17779,J_NO_1,C12ZIONCRITICAL,N
17779,J_NO_1,C12SOLUTIONS,N
17779,J_NO_1,C12EQUALRIGHTS,N
17779,J_NO_1,C13ISRAELEVIDENCE,N
17779,J_NO_1,C13ISRAELINSTITUTIONS,N
17779,J_NO_1,C13ISRAELPOLICIES,N
17779,J_NO_1,C13ISRAELOPT,N
17779,J_NO_1,C13ISRAELREGION,N
17779,J_NO_1,C13ISRAELDISCRIMINATION,N
17779,J_NO_1,C13ISRAELNORMS,N
17779,J_NO_1,C13ISRAELCOMPARE,N
17779,J_NO_1,C14BDS,N
17779,J_NO_1,C15REASONABLE,N
17779,J_NO_1,C15DOUBLESTANDARD,N
3749,J_NO_1,C11PALESTINIANJUSTICE,N
3749,J_NO_1,C11PALESTINIANRIGHTS,N
3749,J_NO_1,C12ZIONCRITICAL,N
3749,J_NO_1,C12SOLUTIONS,N
3749,J_NO_1,C12EQUALRIGHTS,N
3749,J_NO_1,C13ISRAELEVIDENCE,N
3749,J_NO_1,C13ISRAELINSTITUTIONS,N
3749,J_NO_1,C13ISRAELPOLICIES,N
3749,J_NO_1,C13ISRAELOPT,N
3749,J_NO_1,C13ISRAELREGION,N
3749,J_NO_1,C13ISRAELDISCRIMINATION,N
3749,J_NO_1,C13ISRAELNORMS,N
3749,J_NO_1,C13ISRAELCOMPARE,N
3749,J_NO_1,C14BDS,N
3749,J_NO_1,C15REASONABLE,N
3749,J_NO_1,C15DOUBLESTANDARD,N
38057,J_NO_1,C11PALESTINIANJUSTICE,N
38057,J_NO_1,C11PALESTINIANRIGHTS,N
38057,J_NO_1,C12ZIONCRITICAL,N
38057,J_NO_1,C12SOLUTIONS,N
38057,J_NO_1,C12EQUALRIGHTS,N
38057,J_NO_1,C13ISRAELEVIDENCE,N
38057,J_NO_1,C13ISRAELINSTITUTIONS,N
38057,J_NO_1,C13ISRAELPOLICIES,N
38057,J_NO_1,C13ISRAELOPT,N
38057,J_NO_1,C13ISRAELREGION,N
38057,J_NO_1,C13ISRAELDISCRIMINATION,N
38057,J_NO_1,C13ISRAELNORMS,N
38057,J_NO_1,C13ISRAELCOMPARE,N
38057,J_NO_1,C14BDS,N
38057,J_NO_1,C15REASONABLE,N
38057,J_NO_1,C15DOUBLESTANDARD,N
11224,J_NO_1,C11PALESTINIANJUSTICE,N
11224,J_NO_1,C11PALESTINIANRIGHTS,N
11224,J_NO_1,C12ZIONCRITICAL,N
11224,J_NO_1,C12SOLUTIONS,N
11224,J_NO_1,C12EQUALRIGHTS,N
11224,J_NO_1,C13ISRAELEVIDENCE,N
11224,J_NO_1,C13ISRAELINSTITUTIONS,N
11224,J_NO_1,C13ISRAELPOLICIES,N
11224,J_NO_1,C13ISRAELOPT,N
11224,J_NO_1,C13ISRAELREGION,N
11224,J_NO_1,C13ISRAELDISCRIMINATION,N
11224,J_NO_1,C13ISRAELNORMS,N
11224,J_NO_1,C13ISRAELCOMPARE,N
11224,J_NO_1,C14BDS,N
11224,J_NO_1,C15REASONABLE,N
11224,J_NO_1,C15DOUBLESTANDARD,N
24735,J_NO_1,C11PALESTINIANJUSTICE,N
24735,J_NO_1,C11PALESTINIANRIGHTS,N
24735,J_NO_1,C12ZIONCRITICAL,N
24735,J_NO_1,C12SOLUTIONS,N
24735,J_NO_1,C12EQUALRIGHTS,N
24735,J_NO_1,C13ISRAELEVIDENCE,N
24735,J_NO_1,C13ISRAELINSTITUTIONS,N
24735,J_NO_1,C13ISRAELPOLICIES,N
24735,J_NO_1,C13ISRAELOPT,N
24735,J_NO_1,C13ISRAELREGION,N
24735,J_NO_1,C13ISRAELDISCRIMINATION,N
24735,J_NO_1,C13ISRAELNORMS,N
24735,J_NO_1,C13ISRAELCOMPARE,N
24735,J_NO_1,C14BDS,N
24735,J_NO_1,C15REASONABLE,N
24735,J_NO_1,C15DOUBLESTANDARD,N
31555,J_NO_1,C11PALESTINIANJUSTICE,N
31555,J_NO_1,C11PALESTINIANRIGHTS,N
31555,J_NO_1,C12ZIONCRITICAL,N
31555,J_NO_1,C12SOLUTIONS,N
31555,J_NO_1,C12EQUALRIGHTS,N
31555,J_NO_1,C13ISRAELEVIDENCE,N
31555,J_NO_1,C13ISRAELINSTITUTIONS,N
31555,J_NO_1,C13ISRAELPOLICIES,N
31555,J_NO_1,C13ISRAELOPT,N
31555,J_NO_1,C13ISRAELREGION,N
31555,J_NO_1,C13ISRAELDISCRIMINATION,N
31555,J_NO_1,C13ISRAELNORMS,N
31555,J_NO_1,C13ISRAELCOMPARE,N
31555,J_NO_1,C14BDS,N
31555,J_NO_1,C15REASONABLE,N
31555,J_NO_1,C15DOUBLESTANDARD,N
40947,J_NO_1,C11PALESTINIANJUSTICE,N
40947,J_NO_1,C11PALESTINIANRIGHTS,N
40947,J_NO_1,C12ZIONCRITICAL,N
40947,J_NO_1,C12SOLUTIONS,N
40947,J_NO_1,C12EQUALRIGHTS,N
40947,J_NO_1,C13ISRAELEVIDENCE,N
40947,J_NO_1,C13ISRAELINSTITUTIONS,N
40947,J_NO_1,C13ISRAELPOLICIES,N
40947,J_NO_1,C13ISRAELOPT,N
40947,J_NO_1,C13ISRAELREGION,N
40947,J_NO_1,C13ISRAELDISCRIMINATION,N
40947,J_NO_1,C13ISRAELNORMS,N
40947,J_NO_1,C13ISRAELCOMPARE,N
40947,J_NO_1,C14BDS,N
40947,J_NO_1,C15REASONABLE,N
40947,J_NO_1,C15DOUBLESTANDARD,N
48434,J_NO_1,C11PALESTINIANJUSTICE,N
48434,J_NO_1,C11PALESTINIANRIGHTS,N
48434,J_NO_1,C12ZIONCRITICAL,A
48434,J_NO_1,C12SOLUTIONS,N
48434,J_NO_1,C12EQUALRIGHTS,N
48434,J_NO_1,C13ISRAELEVIDENCE,N
48434,J_NO_1,C13ISRAELINSTITUTIONS,N
48434,J_NO_1,C13ISRAELPOLICIES,N
48434,J_NO_1,C13ISRAELOPT,N
48434,J_NO_1,C13ISRAELREGION,N
48434,J_NO_1,C13ISRAELDISCRIMINATION,N
48434,J_NO_1,C13ISRAELNORMS,N
48434,J_NO_1,C13ISRAELCOMPARE,N
48434,J_NO_1,C14BDS,N
48434,J_NO_1,C15REASONABLE,N
48434,J_NO_1,C15DOUBLESTANDARD,N
43889,J_NO_1,C11PALESTINIANJUSTICE,N
43889,J_NO_1,C11PALESTINIANRIGHTS,N
43889,J_NO_1,C12ZIONCRITICAL,N
43889,J_NO_1,C12SOLUTIONS,N
43889,J_NO_1,C12EQUALRIGHTS,N
43889,J_NO_1,C13ISRAELEVIDENCE,N
43889,J_NO_1,C13ISRAELINSTITUTIONS,N
43889,J_NO_1,C13ISRAELPOLICIES,N
43889,J_NO_1,C13ISRAELOPT,N
43889,J_NO_1,C13ISRAELREGION,N
43889,J_NO_1,C13ISRAELDISCRIMINATION,N
43889,J_NO_1,C13ISRAELNORMS,N
43889,J_NO_1,C13ISRAELCOMPARE,N
43889,J_NO_1,C14BDS,N
43889,J_NO_1,C15REASONABLE,N
43889,J_NO_1,C15DOUBLESTANDARD,N
109,J_NO_1,C11PALESTINIANJUSTICE,N
109,J_NO_1,C11PALESTINIANRIGHTS,N
109,J_NO_1,C12ZIONCRITICAL,N
109,J_NO_1,C12SOLUTIONS,N
109,J_NO_1,C12EQUALRIGHTS,N
109,J_NO_1,C13ISRAELEVIDENCE,N
109,J_NO_1,C13ISRAELINSTITUTIONS,N
109,J_NO_1,C13ISRAELPOLICIES,N
109,J_NO_1,C13ISRAELOPT,N
109,J_NO_1,C13ISRAELREGION,N
109,J_NO_1,C13ISRAELDISCRIMINATION,N
109,J_NO_1,C13ISRAELNORMS,N
109,J_NO_1,C13ISRAELCOMPARE,N
109,J_NO_1,C14BDS,N
109,J_NO_1,C15REASONABLE,N
109,J_NO_1,C15DOUBLESTANDARD,N
8025,J_NO_1,C11PALESTINIANJUSTICE,N
8025,J_NO_1,C11PALESTINIANRIGHTS,N
8025,J_NO_1,C12ZIONCRITICAL,N
8025,J_NO_1,C12SOLUTIONS,N
8025,J_NO_1,C12EQUALRIGHTS,N
8025,J_NO_1,C13ISRAELEVIDENCE,N
8025,J_NO_1,C13ISRAELINSTITUTIONS,N
8025,J_NO_1,C13ISRAELPOLICIES,N
8025,J_NO_1,C13ISRAELOPT,N
8025,J_NO_1,C13ISRAELREGION,N
8025,J_NO_1,C13ISRAELDISCRIMINATION,N
8025,J_NO_1,C13ISRAELNORMS,N
8025,J_NO_1,C13ISRAELCOMPARE,N
8025,J_NO_1,C14BDS,N
8025,J_NO_1,C15REASONABLE,N
8025,J_NO_1,C15DOUBLESTANDARD,N
30516,J_NO_1,C11PALESTINIANJUSTICE,N
30516,J_NO_1,C11PALESTINIANRIGHTS,N
30516,J_NO_1,C12ZIONCRITICAL,N
30516,J_NO_1,C12SOLUTIONS,N
30516,J_NO_1,C12EQUALRIGHTS,N
30516,J_NO_1,C13ISRAELEVIDENCE,N
30516,J_NO_1,C13ISRAELINSTITUTIONS,N
30516,J_NO_1,C13ISRAELPOLICIES,N
30516,J_NO_1,C13ISRAELOPT,N
30516,J_NO_1,C13ISRAELREGION,N
30516,J_NO_1,C13ISRAELDISCRIMINATION,N
30516,J_NO_1,C13ISRAELNORMS,N
30516,J_NO_1,C13ISRAELCOMPARE,N
30516,J_NO_1,C14BDS,N
30516,J_NO_1,C15REASONABLE,N
30516,J_NO_1,C15DOUBLESTANDARD,N
5056,J_NO_1,C11PALESTINIANJUSTICE,N
5056,J_NO_1,C11PALESTINIANRIGHTS,N
5056,J_NO_1,C12ZIONCRITICAL,N
5056,J_NO_1,C12SOLUTIONS,N
5056,J_NO_1,C12EQUALRIGHTS,N
5056,J_NO_1,C13ISRAELEVIDENCE,N
5056,J_NO_1,C13ISRAELINSTITUTIONS,N
5056,J_NO_1,C13ISRAELPOLICIES,N
5056,J_NO_1,C13ISRAELOPT,N
5056,J_NO_1,C13ISRAELREGION,N
5056,J_NO_1,C13ISRAELDISCRIMINATION,N
5056,J_NO_1,C13ISRAELNORMS,N
5056,J_NO_1,C13ISRAELCOMPARE,N
5056,J_NO_1,C14BDS,N
5056,J_NO_1,C15REASONABLE,N
5056,J_NO_1,C15DOUBLESTANDARD,N
41999,J_NO_1,C11PALESTINIANJUSTICE,N
41999,J_NO_1,C11PALESTINIANRIGHTS,N
41999,J_NO_1,C12ZIONCRITICAL,N
41999,J_NO_1,C12SOLUTIONS,N
41999,J_NO_1,C12EQUALRIGHTS,N
41999,J_NO_1,C13ISRAELEVIDENCE,A
41999,J_NO_1,C13ISRAELINSTITUTIONS,I
41999,J_NO_1,C13ISRAELPOLICIES,I
41999,J_NO_1,C13ISRAELOPT,N
41999,J_NO_1,C13ISRAELREGION,I
41999,J_NO_1,C13ISRAELDISCRIMINATION,N
41999,J_NO_1,C13ISRAELNORMS,N
41999,J_NO_1,C13ISRAELCOMPARE,N
41999,J_NO_1,C14BDS,N
41999,J_NO_1,C15REASONABLE,N
41999,J_NO_1,C15DOUBLESTANDARD,N
28366,J_NO_1,C11PALESTINIANJUSTICE,N
28366,J_NO_1,C11PALESTINIANRIGHTS,N
28366,J_NO_1,C12ZIONCRITICAL,N
28366,J_NO_1,C12SOLUTIONS,N
28366,J_NO_1,C12EQUALRIGHTS,N
28366,J_NO_1,C13ISRAELEVIDENCE,N
28366,J_NO_1,C13ISRAELINSTITUTIONS,N
28366,J_NO_1,C13ISRAELPOLICIES,N
28366,J_NO_1,C13ISRAELOPT,N
28366,J_NO_1,C13ISRAELREGION,N
28366,J_NO_1,C13ISRAELDISCRIMINATION,N
28366,J_NO_1,C13ISRAELNORMS,N
28366,J_NO_1,C13ISRAELCOMPARE,N
28366,J_NO_1,C14BDS,N
28366,J_NO_1,C15REASONABLE,N
28366,J_NO_1,C15DOUBLESTANDARD,N
21201,J_NO_1,C11PALESTINIANJUSTICE,N
21201,J_NO_1,C11PALESTINIANRIGHTS,N
21201,J_NO_1,C12ZIONCRITICAL,N
21201,J_NO_1,C12SOLUTIONS,N
21201,J_NO_1,C12EQUALRIGHTS,N
21201,J_NO_1,C13ISRAELEVIDENCE,N
21201,J_NO_1,C13ISRAELINSTITUTIONS,N
21201,J_NO_1,C13ISRAELPOLICIES,N
21201,J_NO_1,C13ISRAELOPT,N
21201,J_NO_1,C13ISRAELREGION,N
21201,J_NO_1,C13ISRAELDISCRIMINATION,N
21201,J_NO_1,C13ISRAELNORMS,N
21201,J_NO_1,C13ISRAELCOMPARE,N
21201,J_NO_1,C14BDS,N
21201,J_NO_1,C15REASONABLE,N
21201,J_NO_1,C15DOUBLESTANDARD,N
18182,J_NO_1,C11PALESTINIANJUSTICE,N
18182,J_NO_1,C11PALESTINIANRIGHTS,N
18182,J_NO_1,C12ZIONCRITICAL,N
18182,J_NO_1,C12SOLUTIONS,N
18182,J_NO_1,C12EQUALRIGHTS,N
18182,J_NO_1,C13ISRAELEVIDENCE,N
18182,J_NO_1,C13ISRAELINSTITUTIONS,N
18182,J_NO_1,C13ISRAELPOLICIES,N
18182,J_NO_1,C13ISRAELOPT,N
18182,J_NO_1,C13ISRAELREGION,N
18182,J_NO_1,C13ISRAELDISCRIMINATION,N
18182,J_NO_1,C13ISRAELNORMS,N
18182,J_NO_1,C13ISRAELCOMPARE,N
18182,J_NO_1,C14BDS,N
18182,J_NO_1,C15REASONABLE,N
18182,J_NO_1,C15DOUBLESTANDARD,N
5876,J_NO_1,PARSE_ERROR,Expecting value: line 1 column 1 (char 0)
34063,J_NO_1,C11PALESTINIANJUSTICE,N
34063,J_NO_1,C11PALESTINIANRIGHTS,N
34063,J_NO_1,C12ZIONCRITICAL,N
34063,J_NO_1,C12SOLUTIONS,N
34063,J_NO_1,C12EQUALRIGHTS,N
34063,J_NO_1,C13ISRAELEVIDENCE,N
34063,J_NO_1,C13ISRAELINSTITUTIONS,N
34063,J_NO_1,C13ISRAELPOLICIES,N
34063,J_NO_1,C13ISRAELOPT,N
34063,J_NO_1,C13ISRAELREGION,N
34063,J_NO_1,C13ISRAELDISCRIMINATION,N
34063,J_NO_1,C13ISRAELNORMS,N
34063,J_NO_1,C13ISRAELCOMPARE,N
34063,J_NO_1,C14BDS,N
34063,J_NO_1,C15REASONABLE,N
34063,J_NO_1,C15DOUBLESTANDARD,N
22015,J_NO_1,C11PALESTINIANJUSTICE,N
22015,J_NO_1,C11PALESTINIANRIGHTS,N
22015,J_NO_1,C12ZIONCRITICAL,N
22015,J_NO_1,C12SOLUTIONS,N
22015,J_NO_1,C12EQUALRIGHTS,N
22015,J_NO_1,C13ISRAELEVIDENCE,N
22015,J_NO_1,C13ISRAELINSTITUTIONS,N
22015,J_NO_1,C13ISRAELPOLICIES,N
22015,J_NO_1,C13ISRAELOPT,N
22015,J_NO_1,C13ISRAELREGION,N
22015,J_NO_1,C13ISRAELDISCRIMINATION,N
22015,J_NO_1,C13ISRAELNORMS,N
22015,J_NO_1,C13ISRAELCOMPARE,N
22015,J_NO_1,C14BDS,N
22015,J_NO_1,C15REASONABLE,N
22015,J_NO_1,C15DOUBLESTANDARD,N
20058,J_NO_1,C11PALESTINIANJUSTICE,N
20058,J_NO_1,C11PALESTINIANRIGHTS,N
20058,J_NO_1,C12ZIONCRITICAL,N
20058,J_NO_1,C12SOLUTIONS,N
20058,J_NO_1,C12EQUALRIGHTS,N
20058,J_NO_1,C13ISRAELEVIDENCE,N
20058,J_NO_1,C13ISRAELINSTITUTIONS,N
20058,J_NO_1,C13ISRAELPOLICIES,N
20058,J_NO_1,C13ISRAELOPT,N
20058,J_NO_1,C13ISRAELREGION,N
20058,J_NO_1,C13ISRAELDISCRIMINATION,N
20058,J_NO_1,C13ISRAELNORMS,N
20058,J_NO_1,C13ISRAELCOMPARE,N
20058,J_NO_1,C14BDS,N
20058,J_NO_1,C15REASONABLE,N
20058,J_NO_1,C15DOUBLESTANDARD,N
8712,J_NO_1,C11PALESTINIANJUSTICE,N
8712,J_NO_1,C11PALESTINIANRIGHTS,N
8712,J_NO_1,C12ZIONCRITICAL,N
8712,J_NO_1,C12SOLUTIONS,N
8712,J_NO_1,C12EQUALRIGHTS,N
8712,J_NO_1,C13ISRAELEVIDENCE,N
8712,J_NO_1,C13ISRAELINSTITUTIONS,N
8712,J_NO_1,C13ISRAELPOLICIES,N
8712,J_NO_1,C13ISRAELOPT,N
8712,J_NO_1,C13ISRAELREGION,N
8712,J_NO_1,C13ISRAELDISCRIMINATION,N
8712,J_NO_1,C13ISRAELNORMS,N
8712,J_NO_1,C13ISRAELCOMPARE,N
8712,J_NO_1,C14BDS,N
8712,J_NO_1,C15REASONABLE,N
8712,J_NO_1,C15DOUBLESTANDARD,N
47447,J_NO_1,C11PALESTINIANJUSTICE,N
47447,J_NO_1,C11PALESTINIANRIGHTS,N
47447,J_NO_1,C12ZIONCRITICAL,A
47447,J_NO_1,C12SOLUTIONS,N
47447,J_NO_1,C12EQUALRIGHTS,N
47447,J_NO_1,C13ISRAELEVIDENCE,N
47447,J_NO_1,C13ISRAELINSTITUTIONS,N
47447,J_NO_1,C13ISRAELPOLICIES,N
47447,J_NO_1,C13ISRAELOPT,N
47447,J_NO_1,C13ISRAELREGION,I
47447,J_NO_1,C13ISRAELDISCRIMINATION,N
47447,J_NO_1,C13ISRAELNORMS,N
47447,J_NO_1,C13ISRAELCOMPARE,N
47447,J_NO_1,C14BDS,N
47447,J_NO_1,C15REASONABLE,N
47447,J_NO_1,C15DOUBLESTANDARD,N
2432,J_NO_1,C11PALESTINIANJUSTICE,N
2432,J_NO_1,C11PALESTINIANRIGHTS,N
2432,J_NO_1,C12ZIONCRITICAL,N
2432,J_NO_1,C12SOLUTIONS,N
2432,J_NO_1,C12EQUALRIGHTS,N
2432,J_NO_1,C13ISRAELEVIDENCE,N
2432,J_NO_1,C13ISRAELINSTITUTIONS,N
2432,J_NO_1,C13ISRAELPOLICIES,N
2432,J_NO_1,C13ISRAELOPT,N
2432,J_NO_1,C13ISRAELREGION,N
2432,J_NO_1,C13ISRAELDISCRIMINATION,N
2432,J_NO_1,C13ISRAELNORMS,N
2432,J_NO_1,C13ISRAELCOMPARE,N
2432,J_NO_1,C14BDS,N
2432,J_NO_1,C15REASONABLE,N
2432,J_NO_1,C15DOUBLESTANDARD,N
1120,J_NO_1,C11PALESTINIANJUSTICE,N
1120,J_NO_1,C11PALESTINIANRIGHTS,N
1120,J_NO_1,C12ZIONCRITICAL,N
1120,J_NO_1,C12SOLUTIONS,N
1120,J_NO_1,C12EQUALRIGHTS,N
1120,J_NO_1,C13ISRAELEVIDENCE,N
1120,J_NO_1,C13ISRAELINSTITUTIONS,N
1120,J_NO_1,C13ISRAELPOLICIES,N
1120,J_NO_1,C13ISRAELOPT,N
1120,J_NO_1,C13ISRAELREGION,N
1120,J_NO_1,C13ISRAELDISCRIMINATION,N
1120,J_NO_1,C13ISRAELNORMS,N
1120,J_NO_1,C13ISRAELCOMPARE,N
1120,J_NO_1,C14BDS,N
1120,J_NO_1,C15REASONABLE,N
1120,J_NO_1,C15DOUBLESTANDARD,N
18005,J_NO_1,C11PALESTINIANJUSTICE,N
18005,J_NO_1,C11PALESTINIANRIGHTS,N
18005,J_NO_1,C12ZIONCRITICAL,N
18005,J_NO_1,C12SOLUTIONS,N
18005,J_NO_1,C12EQUALRIGHTS,N
18005,J_NO_1,C13ISRAELEVIDENCE,N
18005,J_NO_1,C13ISRAELINSTITUTIONS,N
18005,J_NO_1,C13ISRAELPOLICIES,N
18005,J_NO_1,C13ISRAELOPT,N
18005,J_NO_1,C13ISRAELREGION,N
18005,J_NO_1,C13ISRAELDISCRIMINATION,N
18005,J_NO_1,C13ISRAELNORMS,N
18005,J_NO_1,C13ISRAELCOMPARE,N
18005,J_NO_1,C14BDS,N
18005,J_NO_1,C15REASONABLE,N
18005,J_NO_1,C15DOUBLESTANDARD,N
45003,J_NO_1,C11PALESTINIANJUSTICE,N
45003,J_NO_1,C11PALESTINIANRIGHTS,N
45003,J_NO_1,C12ZIONCRITICAL,N
45003,J_NO_1,C12SOLUTIONS,N
45003,J_NO_1,C12EQUALRIGHTS,N
45003,J_NO_1,C13ISRAELEVIDENCE,N
45003,J_NO_1,C13ISRAELINSTITUTIONS,N
45003,J_NO_1,C13ISRAELPOLICIES,N
45003,J_NO_1,C13ISRAELOPT,N
45003,J_NO_1,C13ISRAELREGION,N
45003,J_NO_1,C13ISRAELDISCRIMINATION,N
45003,J_NO_1,C13ISRAELNORMS,N
45003,J_NO_1,C13ISRAELCOMPARE,N
45003,J_NO_1,C14BDS,N
45003,J_NO_1,C15REASONABLE,N
45003,J_NO_1,C15DOUBLESTANDARD,N
11487,J_NO_1,C11PALESTINIANJUSTICE,N
11487,J_NO_1,C11PALESTINIANRIGHTS,N
11487,J_NO_1,C12ZIONCRITICAL,N
11487,J_NO_1,C12SOLUTIONS,N
11487,J_NO_1,C12EQUALRIGHTS,N
11487,J_NO_1,C13ISRAELEVIDENCE,N
11487,J_NO_1,C13ISRAELINSTITUTIONS,N
11487,J_NO_1,C13ISRAELPOLICIES,N
11487,J_NO_1,C13ISRAELOPT,N
11487,J_NO_1,C13ISRAELREGION,N
11487,J_NO_1,C13ISRAELDISCRIMINATION,N
11487,J_NO_1,C13ISRAELNORMS,N
11487,J_NO_1,C13ISRAELCOMPARE,N
11487,J_NO_1,C14BDS,N
11487,J_NO_1,C15REASONABLE,N
11487,J_NO_1,C15DOUBLESTANDARD,N
6044,J_NO_1,C11PALESTINIANJUSTICE,N
6044,J_NO_1,C11PALESTINIANRIGHTS,N
6044,J_NO_1,C12ZIONCRITICAL,N
6044,J_NO_1,C12SOLUTIONS,N
6044,J_NO_1,C12EQUALRIGHTS,N
6044,J_NO_1,C13ISRAELEVIDENCE,N
6044,J_NO_1,C13ISRAELINSTITUTIONS,N
6044,J_NO_1,C13ISRAELPOLICIES,N
6044,J_NO_1,C13ISRAELOPT,N
6044,J_NO_1,C13ISRAELREGION,N
6044,J_NO_1,C13ISRAELDISCRIMINATION,N
6044,J_NO_1,C13ISRAELNORMS,N
6044,J_NO_1,C13ISRAELCOMPARE,N
6044,J_NO_1,C14BDS,N
6044,J_NO_1,C15REASONABLE,N
6044,J_NO_1,C15DOUBLESTANDARD,N
1715,J_NO_1,C11PALESTINIANJUSTICE,N
1715,J_NO_1,C11PALESTINIANRIGHTS,N
1715,J_NO_1,C12ZIONCRITICAL,N
1715,J_NO_1,C12SOLUTIONS,N
1715,J_NO_1,C12EQUALRIGHTS,N
1715,J_NO_1,C13ISRAELEVIDENCE,N
1715,J_NO_1,C13ISRAELINSTITUTIONS,N
1715,J_NO_1,C13ISRAELPOLICIES,N
1715,J_NO_1,C13ISRAELOPT,N
1715,J_NO_1,C13ISRAELREGION,N
1715,J_NO_1,C13ISRAELDISCRIMINATION,N
1715,J_NO_1,C13ISRAELNORMS,N
1715,J_NO_1,C13ISRAELCOMPARE,N
1715,J_NO_1,C14BDS,N
1715,J_NO_1,C15REASONABLE,N
1715,J_NO_1,C15DOUBLESTANDARD,N
20707,J_NO_1,C11PALESTINIANJUSTICE,N
20707,J_NO_1,C11PALESTINIANRIGHTS,N
20707,J_NO_1,C12ZIONCRITICAL,N
20707,J_NO_1,C12SOLUTIONS,N
20707,J_NO_1,C12EQUALRIGHTS,N
20707,J_NO_1,C13ISRAELEVIDENCE,N
20707,J_NO_1,C13ISRAELINSTITUTIONS,N
20707,J_NO_1,C13ISRAELPOLICIES,N
20707,J_NO_1,C13ISRAELOPT,N
20707,J_NO_1,C13ISRAELREGION,N
20707,J_NO_1,C13ISRAELDISCRIMINATION,N
20707,J_NO_1,C13ISRAELNORMS,N
20707,J_NO_1,C13ISRAELCOMPARE,N
20707,J_NO_1,C14BDS,N
20707,J_NO_1,C15REASONABLE,N
20707,J_NO_1,C15DOUBLESTANDARD,N
15420,J_NO_1,C11PALESTINIANJUSTICE,N
15420,J_NO_1,C11PALESTINIANRIGHTS,N
15420,J_NO_1,C12ZIONCRITICAL,N
15420,J_NO_1,C12SOLUTIONS,N
15420,J_NO_1,C12EQUALRIGHTS,N
15420,J_NO_1,C13ISRAELEVIDENCE,N
15420,J_NO_1,C13ISRAELINSTITUTIONS,N
15420,J_NO_1,C13ISRAELPOLICIES,N
15420,J_NO_1,C13ISRAELOPT,N
15420,J_NO_1,C13ISRAELREGION,N
15420,J_NO_1,C13ISRAELDISCRIMINATION,N
15420,J_NO_1,C13ISRAELNORMS,N
15420,J_NO_1,C13ISRAELCOMPARE,N
15420,J_NO_1,C14BDS,N
15420,J_NO_1,C15REASONABLE,N
15420,J_NO_1,C15DOUBLESTANDARD,N
16764,J_NO_1,C11PALESTINIANJUSTICE,N
16764,J_NO_1,C11PALESTINIANRIGHTS,N
16764,J_NO_1,C12ZIONCRITICAL,N
16764,J_NO_1,C12SOLUTIONS,N
16764,J_NO_1,C12EQUALRIGHTS,N
16764,J_NO_1,C13ISRAELEVIDENCE,N
16764,J_NO_1,C13ISRAELINSTITUTIONS,N
16764,J_NO_1,C13ISRAELPOLICIES,N
16764,J_NO_1,C13ISRAELOPT,N
16764,J_NO_1,C13ISRAELREGION,N
16764,J_NO_1,C13ISRAELDISCRIMINATION,N
16764,J_NO_1,C13ISRAELNORMS,N
16764,J_NO_1,C13ISRAELCOMPARE,N
16764,J_NO_1,C14BDS,N
16764,J_NO_1,C15REASONABLE,N
16764,J_NO_1,C15DOUBLESTANDARD,N
38510,J_NO_1,C11PALESTINIANJUSTICE,A
38510,J_NO_1,C11PALESTINIANRIGHTS,A
38510,J_NO_1,C12ZIONCRITICAL,N
38510,J_NO_1,C12SOLUTIONS,N
38510,J_NO_1,C12EQUALRIGHTS,N
38510,J_NO_1,C13ISRAELEVIDENCE,N
38510,J_NO_1,C13ISRAELINSTITUTIONS,N
38510,J_NO_1,C13ISRAELPOLICIES,N
38510,J_NO_1,C13ISRAELOPT,N
38510,J_NO_1,C13ISRAELREGION,N
38510,J_NO_1,C13ISRAELDISCRIMINATION,N
38510,J_NO_1,C13ISRAELNORMS,N
38510,J_NO_1,C13ISRAELCOMPARE,N
38510,J_NO_1,C14BDS,N
38510,J_NO_1,C15REASONABLE,N
38510,J_NO_1,C15DOUBLESTANDARD,N
32628,J_NO_1,C11PALESTINIANJUSTICE,N
32628,J_NO_1,C11PALESTINIANRIGHTS,N
32628,J_NO_1,C12ZIONCRITICAL,N
32628,J_NO_1,C12SOLUTIONS,N
32628,J_NO_1,C12EQUALRIGHTS,N
32628,J_NO_1,C13ISRAELEVIDENCE,N
32628,J_NO_1,C13ISRAELINSTITUTIONS,N
32628,J_NO_1,C13ISRAELPOLICIES,N
32628,J_NO_1,C13ISRAELOPT,N
32628,J_NO_1,C13ISRAELREGION,N
32628,J_NO_1,C13ISRAELDISCRIMINATION,N
32628,J_NO_1,C13ISRAELNORMS,N
32628,J_NO_1,C13ISRAELCOMPARE,N
32628,J_NO_1,C14BDS,N
32628,J_NO_1,C15REASONABLE,N
32628,J_NO_1,C15DOUBLESTANDARD,N
23264,J_NO_1,C11PALESTINIANJUSTICE,N
23264,J_NO_1,C11PALESTINIANRIGHTS,N
23264,J_NO_1,C12ZIONCRITICAL,N
23264,J_NO_1,C12SOLUTIONS,N
23264,J_NO_1,C12EQUALRIGHTS,N
23264,J_NO_1,C13ISRAELEVIDENCE,N
23264,J_NO_1,C13ISRAELINSTITUTIONS,N
23264,J_NO_1,C13ISRAELPOLICIES,N
23264,J_NO_1,C13ISRAELOPT,N
23264,J_NO_1,C13ISRAELREGION,N
23264,J_NO_1,C13ISRAELDISCRIMINATION,N
23264,J_NO_1,C13ISRAELNORMS,N
23264,J_NO_1,C13ISRAELCOMPARE,N
23264,J_NO_1,C14BDS,N
23264,J_NO_1,C15REASONABLE,N
23264,J_NO_1,C15DOUBLESTANDARD,N
10005,J_NO_1,C11PALESTINIANJUSTICE,N
10005,J_NO_1,C11PALESTINIANRIGHTS,N
10005,J_NO_1,C12ZIONCRITICAL,N
10005,J_NO_1,C12SOLUTIONS,N
10005,J_NO_1,C12EQUALRIGHTS,N
10005,J_NO_1,C13ISRAELEVIDENCE,N
10005,J_NO_1,C13ISRAELINSTITUTIONS,N
10005,J_NO_1,C13ISRAELPOLICIES,N
10005,J_NO_1,C13ISRAELOPT,N
10005,J_NO_1,C13ISRAELREGION,N
10005,J_NO_1,C13ISRAELDISCRIMINATION,N
10005,J_NO_1,C13ISRAELNORMS,N
10005,J_NO_1,C13ISRAELCOMPARE,N
10005,J_NO_1,C14BDS,N
10005,J_NO_1,C15REASONABLE,N
10005,J_NO_1,C15DOUBLESTANDARD,N
18622,J_NO_1,C11PALESTINIANJUSTICE,N
18622,J_NO_1,C11PALESTINIANRIGHTS,N
18622,J_NO_1,C12ZIONCRITICAL,N
18622,J_NO_1,C12SOLUTIONS,N
18622,J_NO_1,C12EQUALRIGHTS,N
18622,J_NO_1,C13ISRAELEVIDENCE,N
18622,J_NO_1,C13ISRAELINSTITUTIONS,N
18622,J_NO_1,C13ISRAELPOLICIES,N
18622,J_NO_1,C13ISRAELOPT,N
18622,J_NO_1,C13ISRAELREGION,N
18622,J_NO_1,C13ISRAELDISCRIMINATION,N
18622,J_NO_1,C13ISRAELNORMS,N
18622,J_NO_1,C13ISRAELCOMPARE,N
18622,J_NO_1,C14BDS,N
18622,J_NO_1,C15REASONABLE,N
18622,J_NO_1,C15DOUBLESTANDARD,N
34163,J_NO_1,C11PALESTINIANJUSTICE,N
34163,J_NO_1,C11PALESTINIANRIGHTS,N
34163,J_NO_1,C12ZIONCRITICAL,N
34163,J_NO_1,C12SOLUTIONS,N
34163,J_NO_1,C12EQUALRIGHTS,N
34163,J_NO_1,C13ISRAELEVIDENCE,N
34163,J_NO_1,C13ISRAELINSTITUTIONS,N
34163,J_NO_1,C13ISRAELPOLICIES,N
34163,J_NO_1,C13ISRAELOPT,N
34163,J_NO_1,C13ISRAELREGION,N
34163,J_NO_1,C13ISRAELDISCRIMINATION,N
34163,J_NO_1,C13ISRAELNORMS,N
34163,J_NO_1,C13ISRAELCOMPARE,N
34163,J_NO_1,C14BDS,N
34163,J_NO_1,C15REASONABLE,N
34163,J_NO_1,C15DOUBLESTANDARD,N
40120,J_NO_1,C11PALESTINIANJUSTICE,N
40120,J_NO_1,C11PALESTINIANRIGHTS,N
40120,J_NO_1,C12ZIONCRITICAL,N
40120,J_NO_1,C12SOLUTIONS,N
40120,J_NO_1,C12EQUALRIGHTS,N
40120,J_NO_1,C13ISRAELEVIDENCE,N
40120,J_NO_1,C13ISRAELINSTITUTIONS,N
40120,J_NO_1,C13ISRAELPOLICIES,N
40120,J_NO_1,C13ISRAELOPT,N
40120,J_NO_1,C13ISRAELREGION,N
40120,J_NO_1,C13ISRAELDISCRIMINATION,N
40120,J_NO_1,C13ISRAELNORMS,N
40120,J_NO_1,C13ISRAELCOMPARE,N
40120,J_NO_1,C14BDS,N
40120,J_NO_1,C15REASONABLE,N
40120,J_NO_1,C15DOUBLESTANDARD,N
43005,J_NO_1,C11PALESTINIANJUSTICE,N
43005,J_NO_1,C11PALESTINIANRIGHTS,N
43005,J_NO_1,C12ZIONCRITICAL,N
43005,J_NO_1,C12SOLUTIONS,N
43005,J_NO_1,C12EQUALRIGHTS,N
43005,J_NO_1,C13ISRAELEVIDENCE,N
43005,J_NO_1,C13ISRAELINSTITUTIONS,N
43005,J_NO_1,C13ISRAELPOLICIES,N
43005,J_NO_1,C13ISRAELOPT,N
43005,J_NO_1,C13ISRAELREGION,N
43005,J_NO_1,C13ISRAELDISCRIMINATION,N
43005,J_NO_1,C13ISRAELNORMS,N
43005,J_NO_1,C13ISRAELCOMPARE,N
43005,J_NO_1,C14BDS,N
43005,J_NO_1,C15REASONABLE,N
43005,J_NO_1,C15DOUBLESTANDARD,N
49502,J_NO_1,C11PALESTINIANJUSTICE,N
49502,J_NO_1,C11PALESTINIANRIGHTS,N
49502,J_NO_1,C12ZIONCRITICAL,N
49502,J_NO_1,C12SOLUTIONS,N
49502,J_NO_1,C12EQUALRIGHTS,N
49502,J_NO_1,C13ISRAELEVIDENCE,N
49502,J_NO_1,C13ISRAELINSTITUTIONS,N
49502,J_NO_1,C13ISRAELPOLICIES,N
49502,J_NO_1,C13ISRAELOPT,N
49502,J_NO_1,C13ISRAELREGION,N
49502,J_NO_1,C13ISRAELDISCRIMINATION,N
49502,J_NO_1,C13ISRAELNORMS,N
49502,J_NO_1,C13ISRAELCOMPARE,N
49502,J_NO_1,C14BDS,N
49502,J_NO_1,C15REASONABLE,N
49502,J_NO_1,C15DOUBLESTANDARD,N
44514,J_NO_1,C11PALESTINIANJUSTICE,N
44514,J_NO_1,C11PALESTINIANRIGHTS,N
44514,J_NO_1,C12ZIONCRITICAL,N
44514,J_NO_1,C12SOLUTIONS,N
44514,J_NO_1,C12EQUALRIGHTS,N
44514,J_NO_1,C13ISRAELEVIDENCE,N
44514,J_NO_1,C13ISRAELINSTITUTIONS,N
44514,J_NO_1,C13ISRAELPOLICIES,N
44514,J_NO_1,C13ISRAELOPT,N
44514,J_NO_1,C13ISRAELREGION,N
44514,J_NO_1,C13ISRAELDISCRIMINATION,N
44514,J_NO_1,C13ISRAELNORMS,N
44514,J_NO_1,C13ISRAELCOMPARE,N
44514,J_NO_1,C14BDS,N
44514,J_NO_1,C15REASONABLE,N
44514,J_NO_1,C15DOUBLESTANDARD,N
13119,J_NO_1,C11PALESTINIANJUSTICE,N
13119,J_NO_1,C11PALESTINIANRIGHTS,N
13119,J_NO_1,C12ZIONCRITICAL,N
13119,J_NO_1,C12SOLUTIONS,N
13119,J_NO_1,C12EQUALRIGHTS,N
13119,J_NO_1,C13ISRAELEVIDENCE,N
13119,J_NO_1,C13ISRAELINSTITUTIONS,N
13119,J_NO_1,C13ISRAELPOLICIES,N
13119,J_NO_1,C13ISRAELOPT,N
13119,J_NO_1,C13ISRAELREGION,N
13119,J_NO_1,C13ISRAELDISCRIMINATION,N
13119,J_NO_1,C13ISRAELNORMS,N
13119,J_NO_1,C13ISRAELCOMPARE,N
13119,J_NO_1,C14BDS,N
13119,J_NO_1,C15REASONABLE,N
13119,J_NO_1,C15DOUBLESTANDARD,N
43059,J_NO_1,C11PALESTINIANJUSTICE,N
43059,J_NO_1,C11PALESTINIANRIGHTS,N
43059,J_NO_1,C12ZIONCRITICAL,N
43059,J_NO_1,C12SOLUTIONS,N
43059,J_NO_1,C12EQUALRIGHTS,N
43059,J_NO_1,C13ISRAELEVIDENCE,N
43059,J_NO_1,C13ISRAELINSTITUTIONS,N
43059,J_NO_1,C13ISRAELPOLICIES,N
43059,J_NO_1,C13ISRAELOPT,N
43059,J_NO_1,C13ISRAELREGION,N
43059,J_NO_1,C13ISRAELDISCRIMINATION,N
43059,J_NO_1,C13ISRAELNORMS,N
43059,J_NO_1,C13ISRAELCOMPARE,N
43059,J_NO_1,C14BDS,N
43059,J_NO_1,C15REASONABLE,N
43059,J_NO_1,C15DOUBLESTANDARD,N
8699,J_NO_1,C11PALESTINIANJUSTICE,N
8699,J_NO_1,C11PALESTINIANRIGHTS,N
8699,J_NO_1,C12ZIONCRITICAL,N
8699,J_NO_1,C12SOLUTIONS,N
8699,J_NO_1,C12EQUALRIGHTS,N
8699,J_NO_1,C13ISRAELEVIDENCE,N
8699,J_NO_1,C13ISRAELINSTITUTIONS,N
8699,J_NO_1,C13ISRAELPOLICIES,N
8699,J_NO_1,C13ISRAELOPT,N
8699,J_NO_1,C13ISRAELREGION,N
8699,J_NO_1,C13ISRAELDISCRIMINATION,N
8699,J_NO_1,C13ISRAELNORMS,N
8699,J_NO_1,C13ISRAELCOMPARE,N
8699,J_NO_1,C14BDS,N
8699,J_NO_1,C15REASONABLE,N
8699,J_NO_1,C15DOUBLESTANDARD,N
18661,J_NO_1,C11PALESTINIANJUSTICE,N
18661,J_NO_1,C11PALESTINIANRIGHTS,N
18661,J_NO_1,C12ZIONCRITICAL,N
18661,J_NO_1,C12SOLUTIONS,N
18661,J_NO_1,C12EQUALRIGHTS,N
18661,J_NO_1,C13ISRAELEVIDENCE,N
18661,J_NO_1,C13ISRAELINSTITUTIONS,N
18661,J_NO_1,C13ISRAELPOLICIES,N
18661,J_NO_1,C13ISRAELOPT,N
18661,J_NO_1,C13ISRAELREGION,N
18661,J_NO_1,C13ISRAELDISCRIMINATION,N
18661,J_NO_1,C13ISRAELNORMS,N
18661,J_NO_1,C13ISRAELCOMPARE,N
18661,J_NO_1,C14BDS,N
18661,J_NO_1,C15REASONABLE,N
18661,J_NO_1,C15DOUBLESTANDARD,N
23795,J_NO_1,C11PALESTINIANJUSTICE,N
23795,J_NO_1,C11PALESTINIANRIGHTS,N
23795,J_NO_1,C12ZIONCRITICAL,N
23795,J_NO_1,C12SOLUTIONS,N
23795,J_NO_1,C12EQUALRIGHTS,N
23795,J_NO_1,C13ISRAELEVIDENCE,N
23795,J_NO_1,C13ISRAELINSTITUTIONS,N
23795,J_NO_1,C13ISRAELPOLICIES,N
23795,J_NO_1,C13ISRAELOPT,N
23795,J_NO_1,C13ISRAELREGION,N
23795,J_NO_1,C13ISRAELDISCRIMINATION,N
23795,J_NO_1,C13ISRAELNORMS,N
23795,J_NO_1,C13ISRAELCOMPARE,N
23795,J_NO_1,C14BDS,N
23795,J_NO_1,C15REASONABLE,N
23795,J_NO_1,C15DOUBLESTANDARD,N
3619,J_NO_1,C11PALESTINIANJUSTICE,N
3619,J_NO_1,C11PALESTINIANRIGHTS,N
3619,J_NO_1,C12ZIONCRITICAL,N
3619,J_NO_1,C12SOLUTIONS,N
3619,J_NO_1,C12EQUALRIGHTS,N
3619,J_NO_1,C13ISRAELEVIDENCE,N
3619,J_NO_1,C13ISRAELINSTITUTIONS,N
3619,J_NO_1,C13ISRAELPOLICIES,N
3619,J_NO_1,C13ISRAELOPT,N
3619,J_NO_1,C13ISRAELREGION,N
3619,J_NO_1,C13ISRAELDISCRIMINATION,N
3619,J_NO_1,C13ISRAELNORMS,N
3619,J_NO_1,C13ISRAELCOMPARE,N
3619,J_NO_1,C14BDS,N
3619,J_NO_1,C15REASONABLE,N
3619,J_NO_1,C15DOUBLESTANDARD,N
14792,J_NO_1,C11PALESTINIANJUSTICE,N
14792,J_NO_1,C11PALESTINIANRIGHTS,N
14792,J_NO_1,C12ZIONCRITICAL,N
14792,J_NO_1,C12SOLUTIONS,N
14792,J_NO_1,C12EQUALRIGHTS,N
14792,J_NO_1,C13ISRAELEVIDENCE,N
14792,J_NO_1,C13ISRAELINSTITUTIONS,N
14792,J_NO_1,C13ISRAELPOLICIES,N
14792,J_NO_1,C13ISRAELOPT,N
14792,J_NO_1,C13ISRAELREGION,N
14792,J_NO_1,C13ISRAELDISCRIMINATION,N
14792,J_NO_1,C13ISRAELNORMS,N
14792,J_NO_1,C13ISRAELCOMPARE,N
14792,J_NO_1,C14BDS,N
14792,J_NO_1,C15REASONABLE,N
14792,J_NO_1,C15DOUBLESTANDARD,N
20061,J_NO_1,C11PALESTINIANJUSTICE,N
20061,J_NO_1,C11PALESTINIANRIGHTS,N
20061,J_NO_1,C12ZIONCRITICAL,N
20061,J_NO_1,C12SOLUTIONS,N
20061,J_NO_1,C12EQUALRIGHTS,N
20061,J_NO_1,C13ISRAELEVIDENCE,N
20061,J_NO_1,C13ISRAELINSTITUTIONS,N
20061,J_NO_1,C13ISRAELPOLICIES,N
20061,J_NO_1,C13ISRAELOPT,N
20061,J_NO_1,C13ISRAELREGION,N
20061,J_NO_1,C13ISRAELDISCRIMINATION,N
20061,J_NO_1,C13ISRAELNORMS,N
20061,J_NO_1,C13ISRAELCOMPARE,N
20061,J_NO_1,C14BDS,N
20061,J_NO_1,C15REASONABLE,N
20061,J_NO_1,C15DOUBLESTANDARD,N
21101,J_NO_1,C11PALESTINIANJUSTICE,N
21101,J_NO_1,C11PALESTINIANRIGHTS,N
21101,J_NO_1,C12ZIONCRITICAL,N
21101,J_NO_1,C12SOLUTIONS,N
21101,J_NO_1,C12EQUALRIGHTS,N
21101,J_NO_1,C13ISRAELEVIDENCE,N
21101,J_NO_1,C13ISRAELINSTITUTIONS,N
21101,J_NO_1,C13ISRAELPOLICIES,N
21101,J_NO_1,C13ISRAELOPT,N
21101,J_NO_1,C13ISRAELREGION,N
21101,J_NO_1,C13ISRAELDISCRIMINATION,N
21101,J_NO_1,C13ISRAELNORMS,N
21101,J_NO_1,C13ISRAELCOMPARE,N
21101,J_NO_1,C14BDS,N
21101,J_NO_1,C15REASONABLE,N
21101,J_NO_1,C15DOUBLESTANDARD,N
3055,J_NO_1,C11PALESTINIANJUSTICE,N
3055,J_NO_1,C11PALESTINIANRIGHTS,N
3055,J_NO_1,C12ZIONCRITICAL,N
3055,J_NO_1,C12SOLUTIONS,N
3055,J_NO_1,C12EQUALRIGHTS,N
3055,J_NO_1,C13ISRAELEVIDENCE,N
3055,J_NO_1,C13ISRAELINSTITUTIONS,N
3055,J_NO_1,C13ISRAELPOLICIES,N
3055,J_NO_1,C13ISRAELOPT,N
3055,J_NO_1,C13ISRAELREGION,N
3055,J_NO_1,C13ISRAELDISCRIMINATION,N
3055,J_NO_1,C13ISRAELNORMS,N
3055,J_NO_1,C13ISRAELCOMPARE,N
3055,J_NO_1,C14BDS,N
3055,J_NO_1,C15REASONABLE,N
3055,J_NO_1,C15DOUBLESTANDARD,N
41593,J_NO_1,C11PALESTINIANJUSTICE,N
41593,J_NO_1,C11PALESTINIANRIGHTS,N
41593,J_NO_1,C12ZIONCRITICAL,N
41593,J_NO_1,C12SOLUTIONS,N
41593,J_NO_1,C12EQUALRIGHTS,N
41593,J_NO_1,C13ISRAELEVIDENCE,N
41593,J_NO_1,C13ISRAELINSTITUTIONS,N
41593,J_NO_1,C13ISRAELPOLICIES,N
41593,J_NO_1,C13ISRAELOPT,N
41593,J_NO_1,C13ISRAELREGION,N
41593,J_NO_1,C13ISRAELDISCRIMINATION,N
41593,J_NO_1,C13ISRAELNORMS,N
41593,J_NO_1,C13ISRAELCOMPARE,N
41593,J_NO_1,C14BDS,N
41593,J_NO_1,C15REASONABLE,N
41593,J_NO_1,C15DOUBLESTANDARD,N
24720,J_NO_1,C11PALESTINIANJUSTICE,N
24720,J_NO_1,C11PALESTINIANRIGHTS,N
24720,J_NO_1,C12ZIONCRITICAL,N
24720,J_NO_1,C12SOLUTIONS,N
24720,J_NO_1,C12EQUALRIGHTS,N
24720,J_NO_1,C13ISRAELEVIDENCE,N
24720,J_NO_1,C13ISRAELINSTITUTIONS,N
24720,J_NO_1,C13ISRAELPOLICIES,N
24720,J_NO_1,C13ISRAELOPT,N
24720,J_NO_1,C13ISRAELREGION,N
24720,J_NO_1,C13ISRAELDISCRIMINATION,N
24720,J_NO_1,C13ISRAELNORMS,N
24720,J_NO_1,C13ISRAELCOMPARE,N
24720,J_NO_1,C14BDS,N
24720,J_NO_1,C15REASONABLE,N
24720,J_NO_1,C15DOUBLESTANDARD,N
47524,J_NO_1,C11PALESTINIANJUSTICE,N
47524,J_NO_1,C11PALESTINIANRIGHTS,N
47524,J_NO_1,C12ZIONCRITICAL,N
47524,J_NO_1,C12SOLUTIONS,N
47524,J_NO_1,C12EQUALRIGHTS,N
47524,J_NO_1,C13ISRAELEVIDENCE,N
47524,J_NO_1,C13ISRAELINSTITUTIONS,N
47524,J_NO_1,C13ISRAELPOLICIES,N
47524,J_NO_1,C13ISRAELOPT,N
47524,J_NO_1,C13ISRAELREGION,N
47524,J_NO_1,C13ISRAELDISCRIMINATION,N
47524,J_NO_1,C13ISRAELNORMS,N
47524,J_NO_1,C13ISRAELCOMPARE,N
47524,J_NO_1,C14BDS,N
47524,J_NO_1,C15REASONABLE,N
47524,J_NO_1,C15DOUBLESTANDARD,N
16975,J_NO_1,C11PALESTINIANJUSTICE,N
16975,J_NO_1,C11PALESTINIANRIGHTS,N
16975,J_NO_1,C12ZIONCRITICAL,N
16975,J_NO_1,C12SOLUTIONS,N
16975,J_NO_1,C12EQUALRIGHTS,N
16975,J_NO_1,C13ISRAELEVIDENCE,N
16975,J_NO_1,C13ISRAELINSTITUTIONS,N
16975,J_NO_1,C13ISRAELPOLICIES,N
16975,J_NO_1,C13ISRAELOPT,N
16975,J_NO_1,C13ISRAELREGION,N
16975,J_NO_1,C13ISRAELDISCRIMINATION,N
16975,J_NO_1,C13ISRAELNORMS,N
16975,J_NO_1,C13ISRAELCOMPARE,N
16975,J_NO_1,C14BDS,N
16975,J_NO_1,C15REASONABLE,N
16975,J_NO_1,C15DOUBLESTANDARD,N
40089,J_NO_1,C11PALESTINIANJUSTICE,N
40089,J_NO_1,C11PALESTINIANRIGHTS,N
40089,J_NO_1,C12ZIONCRITICAL,N
40089,J_NO_1,C12SOLUTIONS,N
40089,J_NO_1,C12EQUALRIGHTS,N
40089,J_NO_1,C13ISRAELEVIDENCE,N
40089,J_NO_1,C13ISRAELINSTITUTIONS,N
40089,J_NO_1,C13ISRAELPOLICIES,N
40089,J_NO_1,C13ISRAELOPT,N
40089,J_NO_1,C13ISRAELREGION,N
40089,J_NO_1,C13ISRAELDISCRIMINATION,N
40089,J_NO_1,C13ISRAELNORMS,N
40089,J_NO_1,C13ISRAELCOMPARE,N
40089,J_NO_1,C14BDS,N
40089,J_NO_1,C15REASONABLE,N
40089,J_NO_1,C15DOUBLESTANDARD,N
1699,J_NO_1,C11PALESTINIANJUSTICE,N
1699,J_NO_1,C11PALESTINIANRIGHTS,N
1699,J_NO_1,C12ZIONCRITICAL,N
1699,J_NO_1,C12SOLUTIONS,N
1699,J_NO_1,C12EQUALRIGHTS,N
1699,J_NO_1,C13ISRAELEVIDENCE,N
1699,J_NO_1,C13ISRAELINSTITUTIONS,N
1699,J_NO_1,C13ISRAELPOLICIES,N
1699,J_NO_1,C13ISRAELOPT,N
1699,J_NO_1,C13ISRAELREGION,N
1699,J_NO_1,C13ISRAELDISCRIMINATION,N
1699,J_NO_1,C13ISRAELNORMS,N
1699,J_NO_1,C13ISRAELCOMPARE,N
1699,J_NO_1,C14BDS,N
1699,J_NO_1,C15REASONABLE,N
1699,J_NO_1,C15DOUBLESTANDARD,N
14186,J_NO_1,C11PALESTINIANJUSTICE,N
14186,J_NO_1,C11PALESTINIANRIGHTS,N
14186,J_NO_1,C12ZIONCRITICAL,N
14186,J_NO_1,C12SOLUTIONS,N
14186,J_NO_1,C12EQUALRIGHTS,N
14186,J_NO_1,C13ISRAELEVIDENCE,N
14186,J_NO_1,C13ISRAELINSTITUTIONS,N
14186,J_NO_1,C13ISRAELPOLICIES,N
14186,J_NO_1,C13ISRAELOPT,N
14186,J_NO_1,C13ISRAELREGION,N
14186,J_NO_1,C13ISRAELDISCRIMINATION,N
14186,J_NO_1,C13ISRAELNORMS,N
14186,J_NO_1,C13ISRAELCOMPARE,N
14186,J_NO_1,C14BDS,N
14186,J_NO_1,C15REASONABLE,N
14186,J_NO_1,C15DOUBLESTANDARD,N
4172,J_NO_1,C11PALESTINIANJUSTICE,N
4172,J_NO_1,C11PALESTINIANRIGHTS,N
4172,J_NO_1,C12ZIONCRITICAL,N
4172,J_NO_1,C12SOLUTIONS,N
4172,J_NO_1,C12EQUALRIGHTS,N
4172,J_NO_1,C13ISRAELEVIDENCE,N
4172,J_NO_1,C13ISRAELINSTITUTIONS,N
4172,J_NO_1,C13ISRAELPOLICIES,N
4172,J_NO_1,C13ISRAELOPT,N
4172,J_NO_1,C13ISRAELREGION,N
4172,J_NO_1,C13ISRAELDISCRIMINATION,N
4172,J_NO_1,C13ISRAELNORMS,N
4172,J_NO_1,C13ISRAELCOMPARE,N
4172,J_NO_1,C14BDS,N
4172,J_NO_1,C15REASONABLE,N
4172,J_NO_1,C15DOUBLESTANDARD,N
45616,J_NO_1,C11PALESTINIANJUSTICE,N
45616,J_NO_1,C11PALESTINIANRIGHTS,N
45616,J_NO_1,C12ZIONCRITICAL,N
45616,J_NO_1,C12SOLUTIONS,N
45616,J_NO_1,C12EQUALRIGHTS,N
45616,J_NO_1,C13ISRAELEVIDENCE,N
45616,J_NO_1,C13ISRAELINSTITUTIONS,N
45616,J_NO_1,C13ISRAELPOLICIES,N
45616,J_NO_1,C13ISRAELOPT,N
45616,J_NO_1,C13ISRAELREGION,N
45616,J_NO_1,C13ISRAELDISCRIMINATION,N
45616,J_NO_1,C13ISRAELNORMS,N
45616,J_NO_1,C13ISRAELCOMPARE,N
45616,J_NO_1,C14BDS,N
45616,J_NO_1,C15REASONABLE,N
45616,J_NO_1,C15DOUBLESTANDARD,N
49992,J_NO_1,C11PALESTINIANJUSTICE,N
49992,J_NO_1,C11PALESTINIANRIGHTS,N
49992,J_NO_1,C12ZIONCRITICAL,N
49992,J_NO_1,C12SOLUTIONS,N
49992,J_NO_1,C12EQUALRIGHTS,N
49992,J_NO_1,C13ISRAELEVIDENCE,N
49992,J_NO_1,C13ISRAELINSTITUTIONS,N
49992,J_NO_1,C13ISRAELPOLICIES,N
49992,J_NO_1,C13ISRAELOPT,N
49992,J_NO_1,C13ISRAELREGION,N
49992,J_NO_1,C13ISRAELDISCRIMINATION,N
49992,J_NO_1,C13ISRAELNORMS,N
49992,J_NO_1,C13ISRAELCOMPARE,N
49992,J_NO_1,C14BDS,N
49992,J_NO_1,C15REASONABLE,N
49992,J_NO_1,C15DOUBLESTANDARD,N
32785,J_NO_1,C11PALESTINIANJUSTICE,N
32785,J_NO_1,C11PALESTINIANRIGHTS,N
32785,J_NO_1,C12ZIONCRITICAL,N
32785,J_NO_1,C12SOLUTIONS,N
32785,J_NO_1,C12EQUALRIGHTS,N
32785,J_NO_1,C13ISRAELEVIDENCE,N
32785,J_NO_1,C13ISRAELINSTITUTIONS,N
32785,J_NO_1,C13ISRAELPOLICIES,N
32785,J_NO_1,C13ISRAELOPT,N
32785,J_NO_1,C13ISRAELREGION,N
32785,J_NO_1,C13ISRAELDISCRIMINATION,N
32785,J_NO_1,C13ISRAELNORMS,N
32785,J_NO_1,C13ISRAELCOMPARE,N
32785,J_NO_1,C14BDS,N
32785,J_NO_1,C15REASONABLE,N
32785,J_NO_1,C15DOUBLESTANDARD,N
464,J_NO_1,C11PALESTINIANJUSTICE,N
464,J_NO_1,C11PALESTINIANRIGHTS,N
464,J_NO_1,C12ZIONCRITICAL,N
464,J_NO_1,C12SOLUTIONS,N
464,J_NO_1,C12EQUALRIGHTS,N
464,J_NO_1,C13ISRAELEVIDENCE,N
464,J_NO_1,C13ISRAELINSTITUTIONS,N
464,J_NO_1,C13ISRAELPOLICIES,N
464,J_NO_1,C13ISRAELOPT,N
464,J_NO_1,C13ISRAELREGION,N
464,J_NO_1,C13ISRAELDISCRIMINATION,N
464,J_NO_1,C13ISRAELNORMS,N
464,J_NO_1,C13ISRAELCOMPARE,N
464,J_NO_1,C14BDS,N
464,J_NO_1,C15REASONABLE,N
464,J_NO_1,C15DOUBLESTANDARD,N
23907,J_NO_1,C11PALESTINIANJUSTICE,N
23907,J_NO_1,C11PALESTINIANRIGHTS,N
23907,J_NO_1,C12ZIONCRITICAL,N
23907,J_NO_1,C12SOLUTIONS,N
23907,J_NO_1,C12EQUALRIGHTS,N
23907,J_NO_1,C13ISRAELEVIDENCE,N
23907,J_NO_1,C13ISRAELINSTITUTIONS,N
23907,J_NO_1,C13ISRAELPOLICIES,N
23907,J_NO_1,C13ISRAELOPT,N
23907,J_NO_1,C13ISRAELREGION,N
23907,J_NO_1,C13ISRAELDISCRIMINATION,N
23907,J_NO_1,C13ISRAELNORMS,N
23907,J_NO_1,C13ISRAELCOMPARE,N
23907,J_NO_1,C14BDS,N
23907,J_NO_1,C15REASONABLE,N
23907,J_NO_1,C15DOUBLESTANDARD,N
28575,J_NO_1,C11PALESTINIANJUSTICE,N
28575,J_NO_1,C11PALESTINIANRIGHTS,N
28575,J_NO_1,C12ZIONCRITICAL,N
28575,J_NO_1,C12SOLUTIONS,N
28575,J_NO_1,C12EQUALRIGHTS,N
28575,J_NO_1,C13ISRAELEVIDENCE,N
28575,J_NO_1,C13ISRAELINSTITUTIONS,N
28575,J_NO_1,C13ISRAELPOLICIES,N
28575,J_NO_1,C13ISRAELOPT,N
28575,J_NO_1,C13ISRAELREGION,N
28575,J_NO_1,C13ISRAELDISCRIMINATION,N
28575,J_NO_1,C13ISRAELNORMS,N
28575,J_NO_1,C13ISRAELCOMPARE,N
28575,J_NO_1,C14BDS,N
28575,J_NO_1,C15REASONABLE,N
28575,J_NO_1,C15DOUBLESTANDARD,N
30402,J_NO_1,C11PALESTINIANJUSTICE,N
30402,J_NO_1,C11PALESTINIANRIGHTS,N
30402,J_NO_1,C12ZIONCRITICAL,N
30402,J_NO_1,C12SOLUTIONS,N
30402,J_NO_1,C12EQUALRIGHTS,N
30402,J_NO_1,C13ISRAELEVIDENCE,N
30402,J_NO_1,C13ISRAELINSTITUTIONS,N
30402,J_NO_1,C13ISRAELPOLICIES,N
30402,J_NO_1,C13ISRAELOPT,N
30402,J_NO_1,C13ISRAELREGION,N
30402,J_NO_1,C13ISRAELDISCRIMINATION,I
30402,J_NO_1,C13ISRAELNORMS,N
30402,J_NO_1,C13ISRAELCOMPARE,I
30402,J_NO_1,C14BDS,N
30402,J_NO_1,C15REASONABLE,N
30402,J_NO_1,C15DOUBLESTANDARD,E
32778,J_NO_1,C11PALESTINIANJUSTICE,N
32778,J_NO_1,C11PALESTINIANRIGHTS,N
32778,J_NO_1,C12ZIONCRITICAL,N
32778,J_NO_1,C12SOLUTIONS,N
32778,J_NO_1,C12EQUALRIGHTS,N
32778,J_NO_1,C13ISRAELEVIDENCE,N
32778,J_NO_1,C13ISRAELINSTITUTIONS,N
32778,J_NO_1,C13ISRAELPOLICIES,N
32778,J_NO_1,C13ISRAELOPT,N
32778,J_NO_1,C13ISRAELREGION,N
32778,J_NO_1,C13ISRAELDISCRIMINATION,N
32778,J_NO_1,C13ISRAELNORMS,N
32778,J_NO_1,C13ISRAELCOMPARE,N
32778,J_NO_1,C14BDS,N
32778,J_NO_1,C15REASONABLE,N
32778,J_NO_1,C15DOUBLESTANDARD,N
43018,J_NO_1,C11PALESTINIANJUSTICE,N
43018,J_NO_1,C11PALESTINIANRIGHTS,N
43018,J_NO_1,C12ZIONCRITICAL,N
43018,J_NO_1,C12SOLUTIONS,N
43018,J_NO_1,C12EQUALRIGHTS,N
43018,J_NO_1,C13ISRAELEVIDENCE,N
43018,J_NO_1,C13ISRAELINSTITUTIONS,N
43018,J_NO_1,C13ISRAELPOLICIES,N
43018,J_NO_1,C13ISRAELOPT,N
43018,J_NO_1,C13ISRAELREGION,N
43018,J_NO_1,C13ISRAELDISCRIMINATION,N
43018,J_NO_1,C13ISRAELNORMS,N
43018,J_NO_1,C13ISRAELCOMPARE,N
43018,J_NO_1,C14BDS,N
43018,J_NO_1,C15REASONABLE,N
43018,J_NO_1,C15DOUBLESTANDARD,N
12808,J_NO_1,C11PALESTINIANJUSTICE,N
12808,J_NO_1,C11PALESTINIANRIGHTS,N
12808,J_NO_1,C12ZIONCRITICAL,N
12808,J_NO_1,C12SOLUTIONS,N
12808,J_NO_1,C12EQUALRIGHTS,N
12808,J_NO_1,C13ISRAELEVIDENCE,N
12808,J_NO_1,C13ISRAELINSTITUTIONS,N
12808,J_NO_1,C13ISRAELPOLICIES,N
12808,J_NO_1,C13ISRAELOPT,N
12808,J_NO_1,C13ISRAELREGION,N
12808,J_NO_1,C13ISRAELDISCRIMINATION,N
12808,J_NO_1,C13ISRAELNORMS,N
12808,J_NO_1,C13ISRAELCOMPARE,N
12808,J_NO_1,C14BDS,N
12808,J_NO_1,C15REASONABLE,N
12808,J_NO_1,C15DOUBLESTANDARD,N
14831,J_NO_1,C11PALESTINIANJUSTICE,N
14831,J_NO_1,C11PALESTINIANRIGHTS,N
14831,J_NO_1,C12ZIONCRITICAL,N
14831,J_NO_1,C12SOLUTIONS,N
14831,J_NO_1,C12EQUALRIGHTS,N
14831,J_NO_1,C13ISRAELEVIDENCE,N
14831,J_NO_1,C13ISRAELINSTITUTIONS,N
14831,J_NO_1,C13ISRAELPOLICIES,N
14831,J_NO_1,C13ISRAELOPT,N
14831,J_NO_1,C13ISRAELREGION,N
14831,J_NO_1,C13ISRAELDISCRIMINATION,N
14831,J_NO_1,C13ISRAELNORMS,N
14831,J_NO_1,C13ISRAELCOMPARE,N
14831,J_NO_1,C14BDS,N
14831,J_NO_1,C15REASONABLE,N
14831,J_NO_1,C15DOUBLESTANDARD,N
49482,J_NO_1,C11PALESTINIANJUSTICE,N
49482,J_NO_1,C11PALESTINIANRIGHTS,N
49482,J_NO_1,C12ZIONCRITICAL,N
49482,J_NO_1,C12SOLUTIONS,N
49482,J_NO_1,C12EQUALRIGHTS,N
49482,J_NO_1,C13ISRAELEVIDENCE,N
49482,J_NO_1,C13ISRAELINSTITUTIONS,N
49482,J_NO_1,C13ISRAELPOLICIES,N
49482,J_NO_1,C13ISRAELOPT,N
49482,J_NO_1,C13ISRAELREGION,N
49482,J_NO_1,C13ISRAELDISCRIMINATION,N
49482,J_NO_1,C13ISRAELNORMS,N
49482,J_NO_1,C13ISRAELCOMPARE,N
49482,J_NO_1,C14BDS,N
49482,J_NO_1,C15REASONABLE,N
49482,J_NO_1,C15DOUBLESTANDARD,N
31074,J_NO_1,C11PALESTINIANJUSTICE,N
31074,J_NO_1,C11PALESTINIANRIGHTS,N
31074,J_NO_1,C12ZIONCRITICAL,N
31074,J_NO_1,C12SOLUTIONS,N
31074,J_NO_1,C12EQUALRIGHTS,N
31074,J_NO_1,C13ISRAELEVIDENCE,N
31074,J_NO_1,C13ISRAELINSTITUTIONS,N
31074,J_NO_1,C13ISRAELPOLICIES,N
31074,J_NO_1,C13ISRAELOPT,N
31074,J_NO_1,C13ISRAELREGION,N
31074,J_NO_1,C13ISRAELDISCRIMINATION,N
31074,J_NO_1,C13ISRAELNORMS,N
31074,J_NO_1,C13ISRAELCOMPARE,N
31074,J_NO_1,C14BDS,N
31074,J_NO_1,C15REASONABLE,N
31074,J_NO_1,C15DOUBLESTANDARD,N
10710,J_NO_1,C11PALESTINIANJUSTICE,N
10710,J_NO_1,C11PALESTINIANRIGHTS,N
10710,J_NO_1,C12ZIONCRITICAL,N
10710,J_NO_1,C12SOLUTIONS,N
10710,J_NO_1,C12EQUALRIGHTS,N
10710,J_NO_1,C13ISRAELEVIDENCE,N
10710,J_NO_1,C13ISRAELINSTITUTIONS,N
10710,J_NO_1,C13ISRAELPOLICIES,N
10710,J_NO_1,C13ISRAELOPT,N
10710,J_NO_1,C13ISRAELREGION,N
10710,J_NO_1,C13ISRAELDISCRIMINATION,N
10710,J_NO_1,C13ISRAELNORMS,N
10710,J_NO_1,C13ISRAELCOMPARE,N
10710,J_NO_1,C14BDS,N
10710,J_NO_1,C15REASONABLE,N
10710,J_NO_1,C15DOUBLESTANDARD,N
7687,J_NO_1,C11PALESTINIANJUSTICE,N
7687,J_NO_1,C11PALESTINIANRIGHTS,N
7687,J_NO_1,C12ZIONCRITICAL,N
7687,J_NO_1,C12SOLUTIONS,N
7687,J_NO_1,C12EQUALRIGHTS,N
7687,J_NO_1,C13ISRAELEVIDENCE,N
7687,J_NO_1,C13ISRAELINSTITUTIONS,N
7687,J_NO_1,C13ISRAELPOLICIES,N
7687,J_NO_1,C13ISRAELOPT,N
7687,J_NO_1,C13ISRAELREGION,N
7687,J_NO_1,C13ISRAELDISCRIMINATION,N
7687,J_NO_1,C13ISRAELNORMS,N
7687,J_NO_1,C13ISRAELCOMPARE,N
7687,J_NO_1,C14BDS,N
7687,J_NO_1,C15REASONABLE,N
7687,J_NO_1,C15DOUBLESTANDARD,N
6559,J_NO_1,C11PALESTINIANJUSTICE,N
6559,J_NO_1,C11PALESTINIANRIGHTS,N
6559,J_NO_1,C12ZIONCRITICAL,N
6559,J_NO_1,C12SOLUTIONS,N
6559,J_NO_1,C12EQUALRIGHTS,N
6559,J_NO_1,C13ISRAELEVIDENCE,N
6559,J_NO_1,C13ISRAELINSTITUTIONS,N
6559,J_NO_1,C13ISRAELPOLICIES,N
6559,J_NO_1,C13ISRAELOPT,N
6559,J_NO_1,C13ISRAELREGION,N
6559,J_NO_1,C13ISRAELDISCRIMINATION,N
6559,J_NO_1,C13ISRAELNORMS,N
6559,J_NO_1,C13ISRAELCOMPARE,N
6559,J_NO_1,C14BDS,N
6559,J_NO_1,C15REASONABLE,N
6559,J_NO_1,C15DOUBLESTANDARD,N
43024,J_NO_1,C11PALESTINIANJUSTICE,N
43024,J_NO_1,C11PALESTINIANRIGHTS,N
43024,J_NO_1,C12ZIONCRITICAL,N
43024,J_NO_1,C12SOLUTIONS,N
43024,J_NO_1,C12EQUALRIGHTS,N
43024,J_NO_1,C13ISRAELEVIDENCE,N
43024,J_NO_1,C13ISRAELINSTITUTIONS,N
43024,J_NO_1,C13ISRAELPOLICIES,N
43024,J_NO_1,C13ISRAELOPT,N
43024,J_NO_1,C13ISRAELREGION,N
43024,J_NO_1,C13ISRAELDISCRIMINATION,N
43024,J_NO_1,C13ISRAELNORMS,N
43024,J_NO_1,C13ISRAELCOMPARE,N
43024,J_NO_1,C14BDS,N
43024,J_NO_1,C15REASONABLE,N
43024,J_NO_1,C15DOUBLESTANDARD,N
16663,J_NO_1,C11PALESTINIANJUSTICE,N
16663,J_NO_1,C11PALESTINIANRIGHTS,N
16663,J_NO_1,C12ZIONCRITICAL,N
16663,J_NO_1,C12SOLUTIONS,N
16663,J_NO_1,C12EQUALRIGHTS,N
16663,J_NO_1,C13ISRAELEVIDENCE,N
16663,J_NO_1,C13ISRAELINSTITUTIONS,N
16663,J_NO_1,C13ISRAELPOLICIES,N
16663,J_NO_1,C13ISRAELOPT,N
16663,J_NO_1,C13ISRAELREGION,N
16663,J_NO_1,C13ISRAELDISCRIMINATION,N
16663,J_NO_1,C13ISRAELNORMS,N
16663,J_NO_1,C13ISRAELCOMPARE,N
16663,J_NO_1,C14BDS,N
16663,J_NO_1,C15REASONABLE,N
16663,J_NO_1,C15DOUBLESTANDARD,N
24348,J_NO_1,C11PALESTINIANJUSTICE,N
24348,J_NO_1,C11PALESTINIANRIGHTS,N
24348,J_NO_1,C12ZIONCRITICAL,N
24348,J_NO_1,C12SOLUTIONS,N
24348,J_NO_1,C12EQUALRIGHTS,N
24348,J_NO_1,C13ISRAELEVIDENCE,N
24348,J_NO_1,C13ISRAELINSTITUTIONS,N
24348,J_NO_1,C13ISRAELPOLICIES,N
24348,J_NO_1,C13ISRAELOPT,N
24348,J_NO_1,C13ISRAELREGION,N
24348,J_NO_1,C13ISRAELDISCRIMINATION,N
24348,J_NO_1,C13ISRAELNORMS,N
24348,J_NO_1,C13ISRAELCOMPARE,N
24348,J_NO_1,C14BDS,N
24348,J_NO_1,C15REASONABLE,N
24348,J_NO_1,C15DOUBLESTANDARD,N
18940,J_NO_1,C11PALESTINIANJUSTICE,N
18940,J_NO_1,C11PALESTINIANRIGHTS,N
18940,J_NO_1,C12ZIONCRITICAL,N
18940,J_NO_1,C12SOLUTIONS,N
18940,J_NO_1,C12EQUALRIGHTS,N
18940,J_NO_1,C13ISRAELEVIDENCE,N
18940,J_NO_1,C13ISRAELINSTITUTIONS,N
18940,J_NO_1,C13ISRAELPOLICIES,N
18940,J_NO_1,C13ISRAELOPT,N
18940,J_NO_1,C13ISRAELREGION,N
18940,J_NO_1,C13ISRAELDISCRIMINATION,N
18940,J_NO_1,C13ISRAELNORMS,N
18940,J_NO_1,C13ISRAELCOMPARE,N
18940,J_NO_1,C14BDS,N
18940,J_NO_1,C15REASONABLE,N
18940,J_NO_1,C15DOUBLESTANDARD,N
5795,J_NO_1,C11PALESTINIANJUSTICE,N
5795,J_NO_1,C11PALESTINIANRIGHTS,N
5795,J_NO_1,C12ZIONCRITICAL,N
5795,J_NO_1,C12SOLUTIONS,N
5795,J_NO_1,C12EQUALRIGHTS,N
5795,J_NO_1,C13ISRAELEVIDENCE,N
5795,J_NO_1,C13ISRAELINSTITUTIONS,N
5795,J_NO_1,C13ISRAELPOLICIES,N
5795,J_NO_1,C13ISRAELOPT,N
5795,J_NO_1,C13ISRAELREGION,N
5795,J_NO_1,C13ISRAELDISCRIMINATION,N
5795,J_NO_1,C13ISRAELNORMS,N
5795,J_NO_1,C13ISRAELCOMPARE,N
5795,J_NO_1,C14BDS,N
5795,J_NO_1,C15REASONABLE,N
5795,J_NO_1,C15DOUBLESTANDARD,N
9029,J_NO_1,C11PALESTINIANJUSTICE,A
9029,J_NO_1,C11PALESTINIANRIGHTS,A
9029,J_NO_1,C12ZIONCRITICAL,N
9029,J_NO_1,C12SOLUTIONS,N
9029,J_NO_1,C12EQUALRIGHTS,N
9029,J_NO_1,C13ISRAELEVIDENCE,N
9029,J_NO_1,C13ISRAELINSTITUTIONS,N
9029,J_NO_1,C13ISRAELPOLICIES,N
9029,J_NO_1,C13ISRAELOPT,N
9029,J_NO_1,C13ISRAELREGION,N
9029,J_NO_1,C13ISRAELDISCRIMINATION,N
9029,J_NO_1,C13ISRAELNORMS,N
9029,J_NO_1,C13ISRAELCOMPARE,N
9029,J_NO_1,C14BDS,N
9029,J_NO_1,C15REASONABLE,A
9029,J_NO_1,C15DOUBLESTANDARD,A
19154,J_NO_1,C11PALESTINIANJUSTICE,N
19154,J_NO_1,C11PALESTINIANRIGHTS,N
19154,J_NO_1,C12ZIONCRITICAL,N
19154,J_NO_1,C12SOLUTIONS,N
19154,J_NO_1,C12EQUALRIGHTS,N
19154,J_NO_1,C13ISRAELEVIDENCE,N
19154,J_NO_1,C13ISRAELINSTITUTIONS,N
19154,J_NO_1,C13ISRAELPOLICIES,N
19154,J_NO_1,C13ISRAELOPT,N
19154,J_NO_1,C13ISRAELREGION,N
19154,J_NO_1,C13ISRAELDISCRIMINATION,N
19154,J_NO_1,C13ISRAELNORMS,N
19154,J_NO_1,C13ISRAELCOMPARE,N
19154,J_NO_1,C14BDS,N
19154,J_NO_1,C15REASONABLE,N
19154,J_NO_1,C15DOUBLESTANDARD,N
6785,J_NO_1,C11PALESTINIANJUSTICE,N
6785,J_NO_1,C11PALESTINIANRIGHTS,N
6785,J_NO_1,C12ZIONCRITICAL,N
6785,J_NO_1,C12SOLUTIONS,N
6785,J_NO_1,C12EQUALRIGHTS,N
6785,J_NO_1,C13ISRAELEVIDENCE,N
6785,J_NO_1,C13ISRAELINSTITUTIONS,N
6785,J_NO_1,C13ISRAELPOLICIES,N
6785,J_NO_1,C13ISRAELOPT,N
6785,J_NO_1,C13ISRAELREGION,N
6785,J_NO_1,C13ISRAELDISCRIMINATION,N
6785,J_NO_1,C13ISRAELNORMS,N
6785,J_NO_1,C13ISRAELCOMPARE,N
6785,J_NO_1,C14BDS,N
6785,J_NO_1,C15REASONABLE,N
6785,J_NO_1,C15DOUBLESTANDARD,N
326,J_NO_1,C11PALESTINIANJUSTICE,N
326,J_NO_1,C11PALESTINIANRIGHTS,N
326,J_NO_1,C12ZIONCRITICAL,N
326,J_NO_1,C12SOLUTIONS,N
326,J_NO_1,C12EQUALRIGHTS,N
326,J_NO_1,C13ISRAELEVIDENCE,N
326,J_NO_1,C13ISRAELINSTITUTIONS,N
326,J_NO_1,C13ISRAELPOLICIES,N
326,J_NO_1,C13ISRAELOPT,N
326,J_NO_1,C13ISRAELREGION,N
326,J_NO_1,C13ISRAELDISCRIMINATION,N
326,J_NO_1,C13ISRAELNORMS,N
326,J_NO_1,C13ISRAELCOMPARE,N
326,J_NO_1,C14BDS,N
326,J_NO_1,C15REASONABLE,N
326,J_NO_1,C15DOUBLESTANDARD,N
18616,J_NO_1,C11PALESTINIANJUSTICE,N
18616,J_NO_1,C11PALESTINIANRIGHTS,N
18616,J_NO_1,C12ZIONCRITICAL,N
18616,J_NO_1,C12SOLUTIONS,N
18616,J_NO_1,C12EQUALRIGHTS,N
18616,J_NO_1,C13ISRAELEVIDENCE,N
18616,J_NO_1,C13ISRAELINSTITUTIONS,N
18616,J_NO_1,C13ISRAELPOLICIES,N
18616,J_NO_1,C13ISRAELOPT,N
18616,J_NO_1,C13ISRAELREGION,N
18616,J_NO_1,C13ISRAELDISCRIMINATION,N
18616,J_NO_1,C13ISRAELNORMS,N
18616,J_NO_1,C13ISRAELCOMPARE,N
18616,J_NO_1,C14BDS,N
18616,J_NO_1,C15REASONABLE,N
18616,J_NO_1,C15DOUBLESTANDARD,N
4244,J_NO_1,C11PALESTINIANJUSTICE,N
4244,J_NO_1,C11PALESTINIANRIGHTS,N
4244,J_NO_1,C12ZIONCRITICAL,N
4244,J_NO_1,C12SOLUTIONS,N
4244,J_NO_1,C12EQUALRIGHTS,N
4244,J_NO_1,C13ISRAELEVIDENCE,N
4244,J_NO_1,C13ISRAELINSTITUTIONS,N
4244,J_NO_1,C13ISRAELPOLICIES,N
4244,J_NO_1,C13ISRAELOPT,N
4244,J_NO_1,C13ISRAELREGION,N
4244,J_NO_1,C13ISRAELDISCRIMINATION,N
4244,J_NO_1,C13ISRAELNORMS,N
4244,J_NO_1,C13ISRAELCOMPARE,N
4244,J_NO_1,C14BDS,N
4244,J_NO_1,C15REASONABLE,N
4244,J_NO_1,C15DOUBLESTANDARD,N
7806,J_NO_1,C11PALESTINIANJUSTICE,N
7806,J_NO_1,C11PALESTINIANRIGHTS,N
7806,J_NO_1,C12ZIONCRITICAL,N
7806,J_NO_1,C12SOLUTIONS,N
7806,J_NO_1,C12EQUALRIGHTS,N
7806,J_NO_1,C13ISRAELEVIDENCE,N
7806,J_NO_1,C13ISRAELINSTITUTIONS,N
7806,J_NO_1,C13ISRAELPOLICIES,N
7806,J_NO_1,C13ISRAELOPT,N
7806,J_NO_1,C13ISRAELREGION,N
7806,J_NO_1,C13ISRAELDISCRIMINATION,N
7806,J_NO_1,C13ISRAELNORMS,N
7806,J_NO_1,C13ISRAELCOMPARE,N
7806,J_NO_1,C14BDS,N
7806,J_NO_1,C15REASONABLE,N
7806,J_NO_1,C15DOUBLESTANDARD,N
45120,J_NO_1,C11PALESTINIANJUSTICE,N
45120,J_NO_1,C11PALESTINIANRIGHTS,N
45120,J_NO_1,C12ZIONCRITICAL,N
45120,J_NO_1,C12SOLUTIONS,N
45120,J_NO_1,C12EQUALRIGHTS,N
45120,J_NO_1,C13ISRAELEVIDENCE,N
45120,J_NO_1,C13ISRAELINSTITUTIONS,N
45120,J_NO_1,C13ISRAELPOLICIES,N
45120,J_NO_1,C13ISRAELOPT,N
45120,J_NO_1,C13ISRAELREGION,N
45120,J_NO_1,C13ISRAELDISCRIMINATION,N
45120,J_NO_1,C13ISRAELNORMS,N
45120,J_NO_1,C13ISRAELCOMPARE,N
45120,J_NO_1,C14BDS,N
45120,J_NO_1,C15REASONABLE,N
45120,J_NO_1,C15DOUBLESTANDARD,N
20192,J_NO_1,C11PALESTINIANJUSTICE,N
20192,J_NO_1,C11PALESTINIANRIGHTS,N
20192,J_NO_1,C12ZIONCRITICAL,N
20192,J_NO_1,C12SOLUTIONS,N
20192,J_NO_1,C12EQUALRIGHTS,N
20192,J_NO_1,C13ISRAELEVIDENCE,N
20192,J_NO_1,C13ISRAELINSTITUTIONS,A
20192,J_NO_1,C13ISRAELPOLICIES,N
20192,J_NO_1,C13ISRAELOPT,N
20192,J_NO_1,C13ISRAELREGION,N
20192,J_NO_1,C13ISRAELDISCRIMINATION,N
20192,J_NO_1,C13ISRAELNORMS,N
20192,J_NO_1,C13ISRAELCOMPARE,N
20192,J_NO_1,C14BDS,N
20192,J_NO_1,C15REASONABLE,N
20192,J_NO_1,C15DOUBLESTANDARD,N
18453,J_NO_1,C11PALESTINIANJUSTICE,N
18453,J_NO_1,C11PALESTINIANRIGHTS,N
18453,J_NO_1,C12ZIONCRITICAL,N
18453,J_NO_1,C12SOLUTIONS,N
18453,J_NO_1,C12EQUALRIGHTS,N
18453,J_NO_1,C13ISRAELEVIDENCE,N
18453,J_NO_1,C13ISRAELINSTITUTIONS,N
18453,J_NO_1,C13ISRAELPOLICIES,N
18453,J_NO_1,C13ISRAELOPT,N
18453,J_NO_1,C13ISRAELREGION,N
18453,J_NO_1,C13ISRAELDISCRIMINATION,N
18453,J_NO_1,C13ISRAELNORMS,N
18453,J_NO_1,C13ISRAELCOMPARE,N
18453,J_NO_1,C14BDS,N
18453,J_NO_1,C15REASONABLE,N
18453,J_NO_1,C15DOUBLESTANDARD,N
29838,J_NO_1,C11PALESTINIANJUSTICE,N
29838,J_NO_1,C11PALESTINIANRIGHTS,N
29838,J_NO_1,C12ZIONCRITICAL,N
29838,J_NO_1,C12SOLUTIONS,N
29838,J_NO_1,C12EQUALRIGHTS,N
29838,J_NO_1,C13ISRAELEVIDENCE,N
29838,J_NO_1,C13ISRAELINSTITUTIONS,N
29838,J_NO_1,C13ISRAELPOLICIES,N
29838,J_NO_1,C13ISRAELOPT,N
29838,J_NO_1,C13ISRAELREGION,N
29838,J_NO_1,C13ISRAELDISCRIMINATION,N
29838,J_NO_1,C13ISRAELNORMS,N
29838,J_NO_1,C13ISRAELCOMPARE,N
29838,J_NO_1,C14BDS,N
29838,J_NO_1,C15REASONABLE,N
29838,J_NO_1,C15DOUBLESTANDARD,N
5711,J_NO_1,C11PALESTINIANJUSTICE,N
5711,J_NO_1,C11PALESTINIANRIGHTS,N
5711,J_NO_1,C12ZIONCRITICAL,N
5711,J_NO_1,C12SOLUTIONS,N
5711,J_NO_1,C12EQUALRIGHTS,N
5711,J_NO_1,C13ISRAELEVIDENCE,N
5711,J_NO_1,C13ISRAELINSTITUTIONS,N
5711,J_NO_1,C13ISRAELPOLICIES,N
5711,J_NO_1,C13ISRAELOPT,N
5711,J_NO_1,C13ISRAELREGION,N
5711,J_NO_1,C13ISRAELDISCRIMINATION,N
5711,J_NO_1,C13ISRAELNORMS,N
5711,J_NO_1,C13ISRAELCOMPARE,N
5711,J_NO_1,C14BDS,N
5711,J_NO_1,C15REASONABLE,N
5711,J_NO_1,C15DOUBLESTANDARD,N
14852,J_NO_1,C11PALESTINIANJUSTICE,N
14852,J_NO_1,C11PALESTINIANRIGHTS,N
14852,J_NO_1,C12ZIONCRITICAL,N
14852,J_NO_1,C12SOLUTIONS,N
14852,J_NO_1,C12EQUALRIGHTS,N
14852,J_NO_1,C13ISRAELEVIDENCE,N
14852,J_NO_1,C13ISRAELINSTITUTIONS,N
14852,J_NO_1,C13ISRAELPOLICIES,N
14852,J_NO_1,C13ISRAELOPT,N
14852,J_NO_1,C13ISRAELREGION,N
14852,J_NO_1,C13ISRAELDISCRIMINATION,N
14852,J_NO_1,C13ISRAELNORMS,N
14852,J_NO_1,C13ISRAELCOMPARE,N
14852,J_NO_1,C14BDS,N
14852,J_NO_1,C15REASONABLE,N
14852,J_NO_1,C15DOUBLESTANDARD,N
10729,J_NO_1,C11PALESTINIANJUSTICE,N
10729,J_NO_1,C11PALESTINIANRIGHTS,N
10729,J_NO_1,C12ZIONCRITICAL,N
10729,J_NO_1,C12SOLUTIONS,N
10729,J_NO_1,C12EQUALRIGHTS,N
10729,J_NO_1,C13ISRAELEVIDENCE,N
10729,J_NO_1,C13ISRAELINSTITUTIONS,N
10729,J_NO_1,C13ISRAELPOLICIES,N
10729,J_NO_1,C13ISRAELOPT,N
10729,J_NO_1,C13ISRAELREGION,N
10729,J_NO_1,C13ISRAELDISCRIMINATION,N
10729,J_NO_1,C13ISRAELNORMS,N
10729,J_NO_1,C13ISRAELCOMPARE,N
10729,J_NO_1,C14BDS,N
10729,J_NO_1,C15REASONABLE,N
10729,J_NO_1,C15DOUBLESTANDARD,N
9230,J_NO_1,C11PALESTINIANJUSTICE,N
9230,J_NO_1,C11PALESTINIANRIGHTS,N
9230,J_NO_1,C12ZIONCRITICAL,N
9230,J_NO_1,C12SOLUTIONS,N
9230,J_NO_1,C12EQUALRIGHTS,N
9230,J_NO_1,C13ISRAELEVIDENCE,N
9230,J_NO_1,C13ISRAELINSTITUTIONS,N
9230,J_NO_1,C13ISRAELPOLICIES,N
9230,J_NO_1,C13ISRAELOPT,N
9230,J_NO_1,C13ISRAELREGION,N
9230,J_NO_1,C13ISRAELDISCRIMINATION,N
9230,J_NO_1,C13ISRAELNORMS,N
9230,J_NO_1,C13ISRAELCOMPARE,N
9230,J_NO_1,C14BDS,N
9230,J_NO_1,C15REASONABLE,N
9230,J_NO_1,C15DOUBLESTANDARD,N
28583,J_NO_1,C11PALESTINIANJUSTICE,N
28583,J_NO_1,C11PALESTINIANRIGHTS,N
28583,J_NO_1,C12ZIONCRITICAL,N
28583,J_NO_1,C12SOLUTIONS,N
28583,J_NO_1,C12EQUALRIGHTS,N
28583,J_NO_1,C13ISRAELEVIDENCE,N
28583,J_NO_1,C13ISRAELINSTITUTIONS,N
28583,J_NO_1,C13ISRAELPOLICIES,N
28583,J_NO_1,C13ISRAELOPT,N
28583,J_NO_1,C13ISRAELREGION,N
28583,J_NO_1,C13ISRAELDISCRIMINATION,N
28583,J_NO_1,C13ISRAELNORMS,N
28583,J_NO_1,C13ISRAELCOMPARE,N
28583,J_NO_1,C14BDS,N
28583,J_NO_1,C15REASONABLE,N
28583,J_NO_1,C15DOUBLESTANDARD,N
49984,J_NO_1,C11PALESTINIANJUSTICE,N
49984,J_NO_1,C11PALESTINIANRIGHTS,N
49984,J_NO_1,C12ZIONCRITICAL,N
49984,J_NO_1,C12SOLUTIONS,N
49984,J_NO_1,C12EQUALRIGHTS,N
49984,J_NO_1,C13ISRAELEVIDENCE,N
49984,J_NO_1,C13ISRAELINSTITUTIONS,N
49984,J_NO_1,C13ISRAELPOLICIES,N
49984,J_NO_1,C13ISRAELOPT,N
49984,J_NO_1,C13ISRAELREGION,N
49984,J_NO_1,C13ISRAELDISCRIMINATION,N
49984,J_NO_1,C13ISRAELNORMS,N
49984,J_NO_1,C13ISRAELCOMPARE,N
49984,J_NO_1,C14BDS,N
49984,J_NO_1,C15REASONABLE,N
49984,J_NO_1,C15DOUBLESTANDARD,N
2695,J_NO_1,C11PALESTINIANJUSTICE,N
2695,J_NO_1,C11PALESTINIANRIGHTS,N
2695,J_NO_1,C12ZIONCRITICAL,N
2695,J_NO_1,C12SOLUTIONS,N
2695,J_NO_1,C12EQUALRIGHTS,N
2695,J_NO_1,C13ISRAELEVIDENCE,N
2695,J_NO_1,C13ISRAELINSTITUTIONS,N
2695,J_NO_1,C13ISRAELPOLICIES,N
2695,J_NO_1,C13ISRAELOPT,N
2695,J_NO_1,C13ISRAELREGION,N
2695,J_NO_1,C13ISRAELDISCRIMINATION,N
2695,J_NO_1,C13ISRAELNORMS,N
2695,J_NO_1,C13ISRAELCOMPARE,N
2695,J_NO_1,C14BDS,N
2695,J_NO_1,C15REASONABLE,N
2695,J_NO_1,C15DOUBLESTANDARD,N
43431,J_NO_1,C11PALESTINIANJUSTICE,A
43431,J_NO_1,C11PALESTINIANRIGHTS,A
43431,J_NO_1,C12ZIONCRITICAL,I
43431,J_NO_1,C12SOLUTIONS,N
43431,J_NO_1,C12EQUALRIGHTS,N
43431,J_NO_1,C13ISRAELEVIDENCE,N
43431,J_NO_1,C13ISRAELINSTITUTIONS,N
43431,J_NO_1,C13ISRAELPOLICIES,N
43431,J_NO_1,C13ISRAELOPT,N
43431,J_NO_1,C13ISRAELREGION,N
43431,J_NO_1,C13ISRAELDISCRIMINATION,N
43431,J_NO_1,C13ISRAELNORMS,N
43431,J_NO_1,C13ISRAELCOMPARE,N
43431,J_NO_1,C14BDS,N
43431,J_NO_1,C15REASONABLE,I
43431,J_NO_1,C15DOUBLESTANDARD,N
6113,J_NO_1,C11PALESTINIANJUSTICE,N
6113,J_NO_1,C11PALESTINIANRIGHTS,N
6113,J_NO_1,C12ZIONCRITICAL,N
6113,J_NO_1,C12SOLUTIONS,N
6113,J_NO_1,C12EQUALRIGHTS,N
6113,J_NO_1,C13ISRAELEVIDENCE,N
6113,J_NO_1,C13ISRAELINSTITUTIONS,N
6113,J_NO_1,C13ISRAELPOLICIES,N
6113,J_NO_1,C13ISRAELOPT,N
6113,J_NO_1,C13ISRAELREGION,N
6113,J_NO_1,C13ISRAELDISCRIMINATION,N
6113,J_NO_1,C13ISRAELNORMS,N
6113,J_NO_1,C13ISRAELCOMPARE,N
6113,J_NO_1,C14BDS,N
6113,J_NO_1,C15REASONABLE,N
6113,J_NO_1,C15DOUBLESTANDARD,N
17989,J_NO_1,C11PALESTINIANJUSTICE,N
17989,J_NO_1,C11PALESTINIANRIGHTS,N
17989,J_NO_1,C12ZIONCRITICAL,N
17989,J_NO_1,C12SOLUTIONS,N
17989,J_NO_1,C12EQUALRIGHTS,N
17989,J_NO_1,C13ISRAELEVIDENCE,N
17989,J_NO_1,C13ISRAELINSTITUTIONS,N
17989,J_NO_1,C13ISRAELPOLICIES,N
17989,J_NO_1,C13ISRAELOPT,N
17989,J_NO_1,C13ISRAELREGION,N
17989,J_NO_1,C13ISRAELDISCRIMINATION,N
17989,J_NO_1,C13ISRAELNORMS,N
17989,J_NO_1,C13ISRAELCOMPARE,N
17989,J_NO_1,C14BDS,N
17989,J_NO_1,C15REASONABLE,N
17989,J_NO_1,C15DOUBLESTANDARD,N
2935,J_NO_1,C11PALESTINIANJUSTICE,N
2935,J_NO_1,C11PALESTINIANRIGHTS,N
2935,J_NO_1,C12ZIONCRITICAL,N
2935,J_NO_1,C12SOLUTIONS,N
2935,J_NO_1,C12EQUALRIGHTS,N
2935,J_NO_1,C13ISRAELEVIDENCE,N
2935,J_NO_1,C13ISRAELINSTITUTIONS,N
2935,J_NO_1,C13ISRAELPOLICIES,N
2935,J_NO_1,C13ISRAELOPT,N
2935,J_NO_1,C13ISRAELREGION,N
2935,J_NO_1,C13ISRAELDISCRIMINATION,N
2935,J_NO_1,C13ISRAELNORMS,N
2935,J_NO_1,C13ISRAELCOMPARE,N
2935,J_NO_1,C14BDS,N
2935,J_NO_1,C15REASONABLE,N
2935,J_NO_1,C15DOUBLESTANDARD,N
19623,J_NO_1,C11PALESTINIANJUSTICE,N
19623,J_NO_1,C11PALESTINIANRIGHTS,N
19623,J_NO_1,C12ZIONCRITICAL,N
19623,J_NO_1,C12SOLUTIONS,N
19623,J_NO_1,C12EQUALRIGHTS,N
19623,J_NO_1,C13ISRAELEVIDENCE,N
19623,J_NO_1,C13ISRAELINSTITUTIONS,N
19623,J_NO_1,C13ISRAELPOLICIES,N
19623,J_NO_1,C13ISRAELOPT,N
19623,J_NO_1,C13ISRAELREGION,N
19623,J_NO_1,C13ISRAELDISCRIMINATION,N
19623,J_NO_1,C13ISRAELNORMS,N
19623,J_NO_1,C13ISRAELCOMPARE,N
19623,J_NO_1,C14BDS,N
19623,J_NO_1,C15REASONABLE,N
19623,J_NO_1,C15DOUBLESTANDARD,N
20872,J_NO_1,C11PALESTINIANJUSTICE,N
20872,J_NO_1,C11PALESTINIANRIGHTS,N
20872,J_NO_1,C12ZIONCRITICAL,N
20872,J_NO_1,C12SOLUTIONS,N
20872,J_NO_1,C12EQUALRIGHTS,N
20872,J_NO_1,C13ISRAELEVIDENCE,N
20872,J_NO_1,C13ISRAELINSTITUTIONS,N
20872,J_NO_1,C13ISRAELPOLICIES,N
20872,J_NO_1,C13ISRAELOPT,N
20872,J_NO_1,C13ISRAELREGION,N
20872,J_NO_1,C13ISRAELDISCRIMINATION,N
20872,J_NO_1,C13ISRAELNORMS,N
20872,J_NO_1,C13ISRAELCOMPARE,N
20872,J_NO_1,C14BDS,N
20872,J_NO_1,C15REASONABLE,N
20872,J_NO_1,C15DOUBLESTANDARD,N
39821,J_NO_1,C11PALESTINIANJUSTICE,N
39821,J_NO_1,C11PALESTINIANRIGHTS,N
39821,J_NO_1,C12ZIONCRITICAL,N
39821,J_NO_1,C12SOLUTIONS,N
39821,J_NO_1,C12EQUALRIGHTS,N
39821,J_NO_1,C13ISRAELEVIDENCE,N
39821,J_NO_1,C13ISRAELINSTITUTIONS,N
39821,J_NO_1,C13ISRAELPOLICIES,N
39821,J_NO_1,C13ISRAELOPT,N
39821,J_NO_1,C13ISRAELREGION,N
39821,J_NO_1,C13ISRAELDISCRIMINATION,N
39821,J_NO_1,C13ISRAELNORMS,N
39821,J_NO_1,C13ISRAELCOMPARE,N
39821,J_NO_1,C14BDS,N
39821,J_NO_1,C15REASONABLE,N
39821,J_NO_1,C15DOUBLESTANDARD,N
15691,J_NO_1,C11PALESTINIANJUSTICE,N
15691,J_NO_1,C11PALESTINIANRIGHTS,N
15691,J_NO_1,C12ZIONCRITICAL,N
15691,J_NO_1,C12SOLUTIONS,N
15691,J_NO_1,C12EQUALRIGHTS,N
15691,J_NO_1,C13ISRAELEVIDENCE,N
15691,J_NO_1,C13ISRAELINSTITUTIONS,N
15691,J_NO_1,C13ISRAELPOLICIES,N
15691,J_NO_1,C13ISRAELOPT,N
15691,J_NO_1,C13ISRAELREGION,N
15691,J_NO_1,C13ISRAELDISCRIMINATION,N
15691,J_NO_1,C13ISRAELNORMS,N
15691,J_NO_1,C13ISRAELCOMPARE,N
15691,J_NO_1,C14BDS,N
15691,J_NO_1,C15REASONABLE,N
15691,J_NO_1,C15DOUBLESTANDARD,N
24854,J_NO_1,C11PALESTINIANJUSTICE,N
24854,J_NO_1,C11PALESTINIANRIGHTS,N
24854,J_NO_1,C12ZIONCRITICAL,N
24854,J_NO_1,C12SOLUTIONS,N
24854,J_NO_1,C12EQUALRIGHTS,N
24854,J_NO_1,C13ISRAELEVIDENCE,N
24854,J_NO_1,C13ISRAELINSTITUTIONS,N
24854,J_NO_1,C13ISRAELPOLICIES,N
24854,J_NO_1,C13ISRAELOPT,N
24854,J_NO_1,C13ISRAELREGION,N
24854,J_NO_1,C13ISRAELDISCRIMINATION,N
24854,J_NO_1,C13ISRAELNORMS,N
24854,J_NO_1,C13ISRAELCOMPARE,N
24854,J_NO_1,C14BDS,N
24854,J_NO_1,C15REASONABLE,N
24854,J_NO_1,C15DOUBLESTANDARD,N
24740,J_NO_1,C11PALESTINIANJUSTICE,N
24740,J_NO_1,C11PALESTINIANRIGHTS,N
24740,J_NO_1,C12ZIONCRITICAL,I
24740,J_NO_1,C12SOLUTIONS,N
24740,J_NO_1,C12EQUALRIGHTS,N
24740,J_NO_1,C13ISRAELEVIDENCE,N
24740,J_NO_1,C13ISRAELINSTITUTIONS,N
24740,J_NO_1,C13ISRAELPOLICIES,N
24740,J_NO_1,C13ISRAELOPT,N
24740,J_NO_1,C13ISRAELREGION,N
24740,J_NO_1,C13ISRAELDISCRIMINATION,N
24740,J_NO_1,C13ISRAELNORMS,N
24740,J_NO_1,C13ISRAELCOMPARE,N
24740,J_NO_1,C14BDS,N
24740,J_NO_1,C15REASONABLE,N
24740,J_NO_1,C15DOUBLESTANDARD,I
37243,J_NO_1,C11PALESTINIANJUSTICE,I
37243,J_NO_1,C11PALESTINIANRIGHTS,N
37243,J_NO_1,C12ZIONCRITICAL,I
37243,J_NO_1,C12SOLUTIONS,N
37243,J_NO_1,C12EQUALRIGHTS,N
37243,J_NO_1,C13ISRAELEVIDENCE,I
37243,J_NO_1,C13ISRAELINSTITUTIONS,I
37243,J_NO_1,C13ISRAELPOLICIES,N
37243,J_NO_1,C13ISRAELOPT,N
37243,J_NO_1,C13ISRAELREGION,N
37243,J_NO_1,C13ISRAELDISCRIMINATION,N
37243,J_NO_1,C13ISRAELNORMS,I
37243,J_NO_1,C13ISRAELCOMPARE,N
37243,J_NO_1,C14BDS,N
37243,J_NO_1,C15REASONABLE,I
37243,J_NO_1,C15DOUBLESTANDARD,I
10836,J_NO_1,C11PALESTINIANJUSTICE,N
10836,J_NO_1,C11PALESTINIANRIGHTS,N
10836,J_NO_1,C12ZIONCRITICAL,N
10836,J_NO_1,C12SOLUTIONS,N
10836,J_NO_1,C12EQUALRIGHTS,N
10836,J_NO_1,C13ISRAELEVIDENCE,N
10836,J_NO_1,C13ISRAELINSTITUTIONS,N
10836,J_NO_1,C13ISRAELPOLICIES,N
10836,J_NO_1,C13ISRAELOPT,N
10836,J_NO_1,C13ISRAELREGION,N
10836,J_NO_1,C13ISRAELDISCRIMINATION,N
10836,J_NO_1,C13ISRAELNORMS,N
10836,J_NO_1,C13ISRAELCOMPARE,N
10836,J_NO_1,C14BDS,N
10836,J_NO_1,C15REASONABLE,N
10836,J_NO_1,C15DOUBLESTANDARD,N
45741,J_NO_1,C11PALESTINIANJUSTICE,N
45741,J_NO_1,C11PALESTINIANRIGHTS,N
45741,J_NO_1,C12ZIONCRITICAL,N
45741,J_NO_1,C12SOLUTIONS,N
45741,J_NO_1,C12EQUALRIGHTS,N
45741,J_NO_1,C13ISRAELEVIDENCE,N
45741,J_NO_1,C13ISRAELINSTITUTIONS,N
45741,J_NO_1,C13ISRAELPOLICIES,N
45741,J_NO_1,C13ISRAELOPT,N
45741,J_NO_1,C13ISRAELREGION,N
45741,J_NO_1,C13ISRAELDISCRIMINATION,N
45741,J_NO_1,C13ISRAELNORMS,N
45741,J_NO_1,C13ISRAELCOMPARE,N
45741,J_NO_1,C14BDS,N
45741,J_NO_1,C15REASONABLE,E
45741,J_NO_1,C15DOUBLESTANDARD,E
20070,J_NO_1,C11PALESTINIANJUSTICE,N
20070,J_NO_1,C11PALESTINIANRIGHTS,N
20070,J_NO_1,C12ZIONCRITICAL,N
20070,J_NO_1,C12SOLUTIONS,N
20070,J_NO_1,C12EQUALRIGHTS,N
20070,J_NO_1,C13ISRAELEVIDENCE,N
20070,J_NO_1,C13ISRAELINSTITUTIONS,N
20070,J_NO_1,C13ISRAELPOLICIES,N
20070,J_NO_1,C13ISRAELOPT,N
20070,J_NO_1,C13ISRAELREGION,N
20070,J_NO_1,C13ISRAELDISCRIMINATION,N
20070,J_NO_1,C13ISRAELNORMS,N
20070,J_NO_1,C13ISRAELCOMPARE,N
20070,J_NO_1,C14BDS,N
20070,J_NO_1,C15REASONABLE,N
20070,J_NO_1,C15DOUBLESTANDARD,N
26790,J_NO_1,C11PALESTINIANJUSTICE,N
26790,J_NO_1,C11PALESTINIANRIGHTS,N
26790,J_NO_1,C12ZIONCRITICAL,N
26790,J_NO_1,C12SOLUTIONS,N
26790,J_NO_1,C12EQUALRIGHTS,N
26790,J_NO_1,C13ISRAELEVIDENCE,N
26790,J_NO_1,C13ISRAELINSTITUTIONS,N
26790,J_NO_1,C13ISRAELPOLICIES,N
26790,J_NO_1,C13ISRAELOPT,N
26790,J_NO_1,C13ISRAELREGION,N
26790,J_NO_1,C13ISRAELDISCRIMINATION,N
26790,J_NO_1,C13ISRAELNORMS,N
26790,J_NO_1,C13ISRAELCOMPARE,N
26790,J_NO_1,C14BDS,N
26790,J_NO_1,C15REASONABLE,N
26790,J_NO_1,C15DOUBLESTANDARD,N
10735,J_NO_1,C11PALESTINIANJUSTICE,N
10735,J_NO_1,C11PALESTINIANRIGHTS,N
10735,J_NO_1,C12ZIONCRITICAL,N
10735,J_NO_1,C12SOLUTIONS,N
10735,J_NO_1,C12EQUALRIGHTS,N
10735,J_NO_1,C13ISRAELEVIDENCE,N
10735,J_NO_1,C13ISRAELINSTITUTIONS,N
10735,J_NO_1,C13ISRAELPOLICIES,N
10735,J_NO_1,C13ISRAELOPT,N
10735,J_NO_1,C13ISRAELREGION,N
10735,J_NO_1,C13ISRAELDISCRIMINATION,N
10735,J_NO_1,C13ISRAELNORMS,N
10735,J_NO_1,C13ISRAELCOMPARE,N
10735,J_NO_1,C14BDS,N
10735,J_NO_1,C15REASONABLE,N
10735,J_NO_1,C15DOUBLESTANDARD,N
48530,J_NO_1,C11PALESTINIANJUSTICE,N
48530,J_NO_1,C11PALESTINIANRIGHTS,N
48530,J_NO_1,C12ZIONCRITICAL,N
48530,J_NO_1,C12SOLUTIONS,N
48530,J_NO_1,C12EQUALRIGHTS,N
48530,J_NO_1,C13ISRAELEVIDENCE,N
48530,J_NO_1,C13ISRAELINSTITUTIONS,N
48530,J_NO_1,C13ISRAELPOLICIES,N
48530,J_NO_1,C13ISRAELOPT,N
48530,J_NO_1,C13ISRAELREGION,N
48530,J_NO_1,C13ISRAELDISCRIMINATION,N
48530,J_NO_1,C13ISRAELNORMS,N
48530,J_NO_1,C13ISRAELCOMPARE,N
48530,J_NO_1,C14BDS,N
48530,J_NO_1,C15REASONABLE,N
48530,J_NO_1,C15DOUBLESTANDARD,N
20062,J_NO_1,C11PALESTINIANJUSTICE,N
20062,J_NO_1,C11PALESTINIANRIGHTS,N
20062,J_NO_1,C12ZIONCRITICAL,N
20062,J_NO_1,C12SOLUTIONS,N
20062,J_NO_1,C12EQUALRIGHTS,N
20062,J_NO_1,C13ISRAELEVIDENCE,N
20062,J_NO_1,C13ISRAELINSTITUTIONS,N
20062,J_NO_1,C13ISRAELPOLICIES,N
20062,J_NO_1,C13ISRAELOPT,N
20062,J_NO_1,C13ISRAELREGION,N
20062,J_NO_1,C13ISRAELDISCRIMINATION,N
20062,J_NO_1,C13ISRAELNORMS,N
20062,J_NO_1,C13ISRAELCOMPARE,N
20062,J_NO_1,C14BDS,N
20062,J_NO_1,C15REASONABLE,N
20062,J_NO_1,C15DOUBLESTANDARD,N
36407,J_NO_1,C11PALESTINIANJUSTICE,N
36407,J_NO_1,C11PALESTINIANRIGHTS,N
36407,J_NO_1,C12ZIONCRITICAL,N
36407,J_NO_1,C12SOLUTIONS,N
36407,J_NO_1,C12EQUALRIGHTS,N
36407,J_NO_1,C13ISRAELEVIDENCE,N
36407,J_NO_1,C13ISRAELINSTITUTIONS,N
36407,J_NO_1,C13ISRAELPOLICIES,N
36407,J_NO_1,C13ISRAELOPT,N
36407,J_NO_1,C13ISRAELREGION,N
36407,J_NO_1,C13ISRAELDISCRIMINATION,N
36407,J_NO_1,C13ISRAELNORMS,N
36407,J_NO_1,C13ISRAELCOMPARE,N
36407,J_NO_1,C14BDS,N
36407,J_NO_1,C15REASONABLE,N
36407,J_NO_1,C15DOUBLESTANDARD,N
24443,J_NO_1,C11PALESTINIANJUSTICE,E
24443,J_NO_1,C11PALESTINIANRIGHTS,E
24443,J_NO_1,C12ZIONCRITICAL,N
24443,J_NO_1,C12SOLUTIONS,N
24443,J_NO_1,C12EQUALRIGHTS,N
24443,J_NO_1,C13ISRAELEVIDENCE,I
24443,J_NO_1,C13ISRAELINSTITUTIONS,N
24443,J_NO_1,C13ISRAELPOLICIES,E
24443,J_NO_1,C13ISRAELOPT,E
24443,J_NO_1,C13ISRAELREGION,N
24443,J_NO_1,C13ISRAELDISCRIMINATION,E
24443,J_NO_1,C13ISRAELNORMS,N
24443,J_NO_1,C13ISRAELCOMPARE,I
24443,J_NO_1,C14BDS,N
24443,J_NO_1,C15REASONABLE,E
24443,J_NO_1,C15DOUBLESTANDARD,N
5505,J_NO_1,C11PALESTINIANJUSTICE,N
5505,J_NO_1,C11PALESTINIANRIGHTS,N
5505,J_NO_1,C12ZIONCRITICAL,N
5505,J_NO_1,C12SOLUTIONS,N
5505,J_NO_1,C12EQUALRIGHTS,N
5505,J_NO_1,C13ISRAELEVIDENCE,N
5505,J_NO_1,C13ISRAELINSTITUTIONS,N
5505,J_NO_1,C13ISRAELPOLICIES,N
5505,J_NO_1,C13ISRAELOPT,N
5505,J_NO_1,C13ISRAELREGION,N
5505,J_NO_1,C13ISRAELDISCRIMINATION,N
5505,J_NO_1,C13ISRAELNORMS,N
5505,J_NO_1,C13ISRAELCOMPARE,N
5505,J_NO_1,C14BDS,N
5505,J_NO_1,C15REASONABLE,N
5505,J_NO_1,C15DOUBLESTANDARD,N
30101,J_NO_1,C11PALESTINIANJUSTICE,N
30101,J_NO_1,C11PALESTINIANRIGHTS,N
30101,J_NO_1,C12ZIONCRITICAL,N
30101,J_NO_1,C12SOLUTIONS,N
30101,J_NO_1,C12EQUALRIGHTS,N
30101,J_NO_1,C13ISRAELEVIDENCE,N
30101,J_NO_1,C13ISRAELINSTITUTIONS,N
30101,J_NO_1,C13ISRAELPOLICIES,N
30101,J_NO_1,C13ISRAELOPT,N
30101,J_NO_1,C13ISRAELREGION,N
30101,J_NO_1,C13ISRAELDISCRIMINATION,N
30101,J_NO_1,C13ISRAELNORMS,N
30101,J_NO_1,C13ISRAELCOMPARE,N
30101,J_NO_1,C14BDS,N
30101,J_NO_1,C15REASONABLE,N
30101,J_NO_1,C15DOUBLESTANDARD,N
32753,J_NO_1,C11PALESTINIANJUSTICE,N
32753,J_NO_1,C11PALESTINIANRIGHTS,N
32753,J_NO_1,C12ZIONCRITICAL,N
32753,J_NO_1,C12SOLUTIONS,N
32753,J_NO_1,C12EQUALRIGHTS,N
32753,J_NO_1,C13ISRAELEVIDENCE,N
32753,J_NO_1,C13ISRAELINSTITUTIONS,N
32753,J_NO_1,C13ISRAELPOLICIES,N
32753,J_NO_1,C13ISRAELOPT,N
32753,J_NO_1,C13ISRAELREGION,N
32753,J_NO_1,C13ISRAELDISCRIMINATION,N
32753,J_NO_1,C13ISRAELNORMS,N
32753,J_NO_1,C13ISRAELCOMPARE,N
32753,J_NO_1,C14BDS,N
32753,J_NO_1,C15REASONABLE,N
32753,J_NO_1,C15DOUBLESTANDARD,N
4440,J_NO_1,C11PALESTINIANJUSTICE,N
4440,J_NO_1,C11PALESTINIANRIGHTS,N
4440,J_NO_1,C12ZIONCRITICAL,N
4440,J_NO_1,C12SOLUTIONS,N
4440,J_NO_1,C12EQUALRIGHTS,N
4440,J_NO_1,C13ISRAELEVIDENCE,N
4440,J_NO_1,C13ISRAELINSTITUTIONS,N
4440,J_NO_1,C13ISRAELPOLICIES,N
4440,J_NO_1,C13ISRAELOPT,N
4440,J_NO_1,C13ISRAELREGION,N
4440,J_NO_1,C13ISRAELDISCRIMINATION,N
4440,J_NO_1,C13ISRAELNORMS,N
4440,J_NO_1,C13ISRAELCOMPARE,N
4440,J_NO_1,C14BDS,N
4440,J_NO_1,C15REASONABLE,N
4440,J_NO_1,C15DOUBLESTANDARD,N
40495,J_NO_1,C11PALESTINIANJUSTICE,N
40495,J_NO_1,C11PALESTINIANRIGHTS,N
40495,J_NO_1,C12ZIONCRITICAL,N
40495,J_NO_1,C12SOLUTIONS,N
40495,J_NO_1,C12EQUALRIGHTS,N
40495,J_NO_1,C13ISRAELEVIDENCE,N
40495,J_NO_1,C13ISRAELINSTITUTIONS,N
40495,J_NO_1,C13ISRAELPOLICIES,N
40495,J_NO_1,C13ISRAELOPT,N
40495,J_NO_1,C13ISRAELREGION,N
40495,J_NO_1,C13ISRAELDISCRIMINATION,N
40495,J_NO_1,C13ISRAELNORMS,N
40495,J_NO_1,C13ISRAELCOMPARE,N
40495,J_NO_1,C14BDS,N
40495,J_NO_1,C15REASONABLE,N
40495,J_NO_1,C15DOUBLESTANDARD,N
30986,J_NO_1,C11PALESTINIANJUSTICE,N
30986,J_NO_1,C11PALESTINIANRIGHTS,N
30986,J_NO_1,C12ZIONCRITICAL,N
30986,J_NO_1,C12SOLUTIONS,N
30986,J_NO_1,C12EQUALRIGHTS,N
30986,J_NO_1,C13ISRAELEVIDENCE,N
30986,J_NO_1,C13ISRAELINSTITUTIONS,N
30986,J_NO_1,C13ISRAELPOLICIES,N
30986,J_NO_1,C13ISRAELOPT,N
30986,J_NO_1,C13ISRAELREGION,N
30986,J_NO_1,C13ISRAELDISCRIMINATION,N
30986,J_NO_1,C13ISRAELNORMS,N
30986,J_NO_1,C13ISRAELCOMPARE,N
30986,J_NO_1,C14BDS,N
30986,J_NO_1,C15REASONABLE,N
30986,J_NO_1,C15DOUBLESTANDARD,N
45242,J_NO_1,C11PALESTINIANJUSTICE,N
45242,J_NO_1,C11PALESTINIANRIGHTS,N
45242,J_NO_1,C12ZIONCRITICAL,N
45242,J_NO_1,C12SOLUTIONS,N
45242,J_NO_1,C12EQUALRIGHTS,N
45242,J_NO_1,C13ISRAELEVIDENCE,N
45242,J_NO_1,C13ISRAELINSTITUTIONS,N
45242,J_NO_1,C13ISRAELPOLICIES,N
45242,J_NO_1,C13ISRAELOPT,N
45242,J_NO_1,C13ISRAELREGION,N
45242,J_NO_1,C13ISRAELDISCRIMINATION,N
45242,J_NO_1,C13ISRAELNORMS,N
45242,J_NO_1,C13ISRAELCOMPARE,N
45242,J_NO_1,C14BDS,N
45242,J_NO_1,C15REASONABLE,N
45242,J_NO_1,C15DOUBLESTANDARD,N
32448,J_NO_1,C11PALESTINIANJUSTICE,E
32448,J_NO_1,C11PALESTINIANRIGHTS,E
32448,J_NO_1,C12ZIONCRITICAL,N
32448,J_NO_1,C12SOLUTIONS,N
32448,J_NO_1,C12EQUALRIGHTS,N
32448,J_NO_1,C13ISRAELEVIDENCE,E
32448,J_NO_1,C13ISRAELINSTITUTIONS,N
32448,J_NO_1,C13ISRAELPOLICIES,E
32448,J_NO_1,C13ISRAELOPT,E
32448,J_NO_1,C13ISRAELREGION,N
32448,J_NO_1,C13ISRAELDISCRIMINATION,E
32448,J_NO_1,C13ISRAELNORMS,N
32448,J_NO_1,C13ISRAELCOMPARE,N
32448,J_NO_1,C14BDS,N
32448,J_NO_1,C15REASONABLE,E
32448,J_NO_1,C15DOUBLESTANDARD,N
10670,J_NO_1,C11PALESTINIANJUSTICE,N
10670,J_NO_1,C11PALESTINIANRIGHTS,N
10670,J_NO_1,C12ZIONCRITICAL,N
10670,J_NO_1,C12SOLUTIONS,N
10670,J_NO_1,C12EQUALRIGHTS,N
10670,J_NO_1,C13ISRAELEVIDENCE,N
10670,J_NO_1,C13ISRAELINSTITUTIONS,N
10670,J_NO_1,C13ISRAELPOLICIES,N
10670,J_NO_1,C13ISRAELOPT,N
10670,J_NO_1,C13ISRAELREGION,N
10670,J_NO_1,C13ISRAELDISCRIMINATION,N
10670,J_NO_1,C13ISRAELNORMS,N
10670,J_NO_1,C13ISRAELCOMPARE,N
10670,J_NO_1,C14BDS,N
10670,J_NO_1,C15REASONABLE,N
10670,J_NO_1,C15DOUBLESTANDARD,N
37213,J_NO_1,C11PALESTINIANJUSTICE,N
37213,J_NO_1,C11PALESTINIANRIGHTS,N
37213,J_NO_1,C12ZIONCRITICAL,N
37213,J_NO_1,C12SOLUTIONS,N
37213,J_NO_1,C12EQUALRIGHTS,N
37213,J_NO_1,C13ISRAELEVIDENCE,N
37213,J_NO_1,C13ISRAELINSTITUTIONS,N
37213,J_NO_1,C13ISRAELPOLICIES,N
37213,J_NO_1,C13ISRAELOPT,N
37213,J_NO_1,C13ISRAELREGION,N
37213,J_NO_1,C13ISRAELDISCRIMINATION,N
37213,J_NO_1,C13ISRAELNORMS,N
37213,J_NO_1,C13ISRAELCOMPARE,N
37213,J_NO_1,C14BDS,N
37213,J_NO_1,C15REASONABLE,N
37213,J_NO_1,C15DOUBLESTANDARD,N
42926,J_NO_1,C11PALESTINIANJUSTICE,N
42926,J_NO_1,C11PALESTINIANRIGHTS,N
42926,J_NO_1,C12ZIONCRITICAL,N
42926,J_NO_1,C12SOLUTIONS,N
42926,J_NO_1,C12EQUALRIGHTS,N
42926,J_NO_1,C13ISRAELEVIDENCE,N
42926,J_NO_1,C13ISRAELINSTITUTIONS,N
42926,J_NO_1,C13ISRAELPOLICIES,N
42926,J_NO_1,C13ISRAELOPT,N
42926,J_NO_1,C13ISRAELREGION,N
42926,J_NO_1,C13ISRAELDISCRIMINATION,N
42926,J_NO_1,C13ISRAELNORMS,N
42926,J_NO_1,C13ISRAELCOMPARE,N
42926,J_NO_1,C14BDS,N
42926,J_NO_1,C15REASONABLE,N
42926,J_NO_1,C15DOUBLESTANDARD,N
1647,J_NO_1,C11PALESTINIANJUSTICE,N
1647,J_NO_1,C11PALESTINIANRIGHTS,N
1647,J_NO_1,C12ZIONCRITICAL,N
1647,J_NO_1,C12SOLUTIONS,N
1647,J_NO_1,C12EQUALRIGHTS,N
1647,J_NO_1,C13ISRAELEVIDENCE,N
1647,J_NO_1,C13ISRAELINSTITUTIONS,N
1647,J_NO_1,C13ISRAELPOLICIES,N
1647,J_NO_1,C13ISRAELOPT,N
1647,J_NO_1,C13ISRAELREGION,N
1647,J_NO_1,C13ISRAELDISCRIMINATION,N
1647,J_NO_1,C13ISRAELNORMS,N
1647,J_NO_1,C13ISRAELCOMPARE,N
1647,J_NO_1,C14BDS,N
1647,J_NO_1,C15REASONABLE,N
1647,J_NO_1,C15DOUBLESTANDARD,N
7201,J_NO_1,C11PALESTINIANJUSTICE,N
7201,J_NO_1,C11PALESTINIANRIGHTS,N
7201,J_NO_1,C12ZIONCRITICAL,N
7201,J_NO_1,C12SOLUTIONS,N
7201,J_NO_1,C12EQUALRIGHTS,N
7201,J_NO_1,C13ISRAELEVIDENCE,N
7201,J_NO_1,C13ISRAELINSTITUTIONS,N
7201,J_NO_1,C13ISRAELPOLICIES,N
7201,J_NO_1,C13ISRAELOPT,N
7201,J_NO_1,C13ISRAELREGION,N
7201,J_NO_1,C13ISRAELDISCRIMINATION,N
7201,J_NO_1,C13ISRAELNORMS,N
7201,J_NO_1,C13ISRAELCOMPARE,N
7201,J_NO_1,C14BDS,N
7201,J_NO_1,C15REASONABLE,N
7201,J_NO_1,C15DOUBLESTANDARD,N
23944,J_NO_1,C11PALESTINIANJUSTICE,I
23944,J_NO_1,C11PALESTINIANRIGHTS,I
23944,J_NO_1,C12ZIONCRITICAL,I
23944,J_NO_1,C12SOLUTIONS,N
23944,J_NO_1,C12EQUALRIGHTS,N
23944,J_NO_1,C13ISRAELEVIDENCE,N
23944,J_NO_1,C13ISRAELINSTITUTIONS,N
23944,J_NO_1,C13ISRAELPOLICIES,I
23944,J_NO_1,C13ISRAELOPT,N
23944,J_NO_1,C13ISRAELREGION,N
23944,J_NO_1,C13ISRAELDISCRIMINATION,N
23944,J_NO_1,C13ISRAELNORMS,N
23944,J_NO_1,C13ISRAELCOMPARE,N
23944,J_NO_1,C14BDS,N
23944,J_NO_1,C15REASONABLE,I
23944,J_NO_1,C15DOUBLESTANDARD,N
47049,J_NO_1,C11PALESTINIANJUSTICE,N
47049,J_NO_1,C11PALESTINIANRIGHTS,N
47049,J_NO_1,C12ZIONCRITICAL,N
47049,J_NO_1,C12SOLUTIONS,N
47049,J_NO_1,C12EQUALRIGHTS,N
47049,J_NO_1,C13ISRAELEVIDENCE,N
47049,J_NO_1,C13ISRAELINSTITUTIONS,N
47049,J_NO_1,C13ISRAELPOLICIES,N
47049,J_NO_1,C13ISRAELOPT,N
47049,J_NO_1,C13ISRAELREGION,N
47049,J_NO_1,C13ISRAELDISCRIMINATION,N
47049,J_NO_1,C13ISRAELNORMS,N
47049,J_NO_1,C13ISRAELCOMPARE,N
47049,J_NO_1,C14BDS,N
47049,J_NO_1,C15REASONABLE,N
47049,J_NO_1,C15DOUBLESTANDARD,N
15387,J_NO_1,C11PALESTINIANJUSTICE,N
15387,J_NO_1,C11PALESTINIANRIGHTS,N
15387,J_NO_1,C12ZIONCRITICAL,N
15387,J_NO_1,C12SOLUTIONS,N
15387,J_NO_1,C12EQUALRIGHTS,N
15387,J_NO_1,C13ISRAELEVIDENCE,N
15387,J_NO_1,C13ISRAELINSTITUTIONS,N
15387,J_NO_1,C13ISRAELPOLICIES,N
15387,J_NO_1,C13ISRAELOPT,N
15387,J_NO_1,C13ISRAELREGION,N
15387,J_NO_1,C13ISRAELDISCRIMINATION,N
15387,J_NO_1,C13ISRAELNORMS,N
15387,J_NO_1,C13ISRAELCOMPARE,N
15387,J_NO_1,C14BDS,N
15387,J_NO_1,C15REASONABLE,N
15387,J_NO_1,C15DOUBLESTANDARD,N
45787,J_NO_1,C11PALESTINIANJUSTICE,N
45787,J_NO_1,C11PALESTINIANRIGHTS,N
45787,J_NO_1,C12ZIONCRITICAL,N
45787,J_NO_1,C12SOLUTIONS,N
45787,J_NO_1,C12EQUALRIGHTS,N
45787,J_NO_1,C13ISRAELEVIDENCE,N
45787,J_NO_1,C13ISRAELINSTITUTIONS,N
45787,J_NO_1,C13ISRAELPOLICIES,N
45787,J_NO_1,C13ISRAELOPT,N
45787,J_NO_1,C13ISRAELREGION,N
45787,J_NO_1,C13ISRAELDISCRIMINATION,N
45787,J_NO_1,C13ISRAELNORMS,N
45787,J_NO_1,C13ISRAELCOMPARE,N
45787,J_NO_1,C14BDS,N
45787,J_NO_1,C15REASONABLE,N
45787,J_NO_1,C15DOUBLESTANDARD,N
47016,J_NO_1,C11PALESTINIANJUSTICE,N
47016,J_NO_1,C11PALESTINIANRIGHTS,N
47016,J_NO_1,C12ZIONCRITICAL,N
47016,J_NO_1,C12SOLUTIONS,N
47016,J_NO_1,C12EQUALRIGHTS,N
47016,J_NO_1,C13ISRAELEVIDENCE,N
47016,J_NO_1,C13ISRAELINSTITUTIONS,N
47016,J_NO_1,C13ISRAELPOLICIES,N
47016,J_NO_1,C13ISRAELOPT,N
47016,J_NO_1,C13ISRAELREGION,N
47016,J_NO_1,C13ISRAELDISCRIMINATION,N
47016,J_NO_1,C13ISRAELNORMS,N
47016,J_NO_1,C13ISRAELCOMPARE,N
47016,J_NO_1,C14BDS,N
47016,J_NO_1,C15REASONABLE,N
47016,J_NO_1,C15DOUBLESTANDARD,N
45274,J_NO_1,C11PALESTINIANJUSTICE,N
45274,J_NO_1,C11PALESTINIANRIGHTS,N
45274,J_NO_1,C12ZIONCRITICAL,N
45274,J_NO_1,C12SOLUTIONS,N
45274,J_NO_1,C12EQUALRIGHTS,N
45274,J_NO_1,C13ISRAELEVIDENCE,N
45274,J_NO_1,C13ISRAELINSTITUTIONS,N
45274,J_NO_1,C13ISRAELPOLICIES,N
45274,J_NO_1,C13ISRAELOPT,N
45274,J_NO_1,C13ISRAELREGION,N
45274,J_NO_1,C13ISRAELDISCRIMINATION,N
45274,J_NO_1,C13ISRAELNORMS,N
45274,J_NO_1,C13ISRAELCOMPARE,N
45274,J_NO_1,C14BDS,N
45274,J_NO_1,C15REASONABLE,N
45274,J_NO_1,C15DOUBLESTANDARD,N
49717,J_NO_1,C11PALESTINIANJUSTICE,N
49717,J_NO_1,C11PALESTINIANRIGHTS,N
49717,J_NO_1,C12ZIONCRITICAL,N
49717,J_NO_1,C12SOLUTIONS,N
49717,J_NO_1,C12EQUALRIGHTS,N
49717,J_NO_1,C13ISRAELEVIDENCE,N
49717,J_NO_1,C13ISRAELINSTITUTIONS,N
49717,J_NO_1,C13ISRAELPOLICIES,N
49717,J_NO_1,C13ISRAELOPT,N
49717,J_NO_1,C13ISRAELREGION,N
49717,J_NO_1,C13ISRAELDISCRIMINATION,N
49717,J_NO_1,C13ISRAELNORMS,N
49717,J_NO_1,C13ISRAELCOMPARE,N
49717,J_NO_1,C14BDS,N
49717,J_NO_1,C15REASONABLE,N
49717,J_NO_1,C15DOUBLESTANDARD,N
20041,J_NO_1,C11PALESTINIANJUSTICE,N
20041,J_NO_1,C11PALESTINIANRIGHTS,N
20041,J_NO_1,C12ZIONCRITICAL,N
20041,J_NO_1,C12SOLUTIONS,N
20041,J_NO_1,C12EQUALRIGHTS,N
20041,J_NO_1,C13ISRAELEVIDENCE,N
20041,J_NO_1,C13ISRAELINSTITUTIONS,N
20041,J_NO_1,C13ISRAELPOLICIES,N
20041,J_NO_1,C13ISRAELOPT,N
20041,J_NO_1,C13ISRAELREGION,N
20041,J_NO_1,C13ISRAELDISCRIMINATION,N
20041,J_NO_1,C13ISRAELNORMS,N
20041,J_NO_1,C13ISRAELCOMPARE,N
20041,J_NO_1,C14BDS,N
20041,J_NO_1,C15REASONABLE,N
20041,J_NO_1,C15DOUBLESTANDARD,N
12203,J_NO_1,C11PALESTINIANJUSTICE,N
12203,J_NO_1,C11PALESTINIANRIGHTS,N
12203,J_NO_1,C12ZIONCRITICAL,N
12203,J_NO_1,C12SOLUTIONS,N
12203,J_NO_1,C12EQUALRIGHTS,N
12203,J_NO_1,C13ISRAELEVIDENCE,N
12203,J_NO_1,C13ISRAELINSTITUTIONS,N
12203,J_NO_1,C13ISRAELPOLICIES,N
12203,J_NO_1,C13ISRAELOPT,N
12203,J_NO_1,C13ISRAELREGION,N
12203,J_NO_1,C13ISRAELDISCRIMINATION,N
12203,J_NO_1,C13ISRAELNORMS,N
12203,J_NO_1,C13ISRAELCOMPARE,N
12203,J_NO_1,C14BDS,N
12203,J_NO_1,C15REASONABLE,N
12203,J_NO_1,C15DOUBLESTANDARD,N
36814,J_NO_1,C11PALESTINIANJUSTICE,N
36814,J_NO_1,C11PALESTINIANRIGHTS,N
36814,J_NO_1,C12ZIONCRITICAL,N
36814,J_NO_1,C12SOLUTIONS,N
36814,J_NO_1,C12EQUALRIGHTS,N
36814,J_NO_1,C13ISRAELEVIDENCE,N
36814,J_NO_1,C13ISRAELINSTITUTIONS,N
36814,J_NO_1,C13ISRAELPOLICIES,N
36814,J_NO_1,C13ISRAELOPT,N
36814,J_NO_1,C13ISRAELREGION,N
36814,J_NO_1,C13ISRAELDISCRIMINATION,N
36814,J_NO_1,C13ISRAELNORMS,N
36814,J_NO_1,C13ISRAELCOMPARE,N
36814,J_NO_1,C14BDS,N
36814,J_NO_1,C15REASONABLE,N
36814,J_NO_1,C15DOUBLESTANDARD,N
19368,J_NO_1,C11PALESTINIANJUSTICE,N
19368,J_NO_1,C11PALESTINIANRIGHTS,N
19368,J_NO_1,C12ZIONCRITICAL,N
19368,J_NO_1,C12SOLUTIONS,N
19368,J_NO_1,C12EQUALRIGHTS,N
19368,J_NO_1,C13ISRAELEVIDENCE,N
19368,J_NO_1,C13ISRAELINSTITUTIONS,N
19368,J_NO_1,C13ISRAELPOLICIES,N
19368,J_NO_1,C13ISRAELOPT,N
19368,J_NO_1,C13ISRAELREGION,N
19368,J_NO_1,C13ISRAELDISCRIMINATION,N
19368,J_NO_1,C13ISRAELNORMS,N
19368,J_NO_1,C13ISRAELCOMPARE,N
19368,J_NO_1,C14BDS,N
19368,J_NO_1,C15REASONABLE,N
19368,J_NO_1,C15DOUBLESTANDARD,N
8350,J_NO_1,C11PALESTINIANJUSTICE,N
8350,J_NO_1,C11PALESTINIANRIGHTS,N
8350,J_NO_1,C12ZIONCRITICAL,N
8350,J_NO_1,C12SOLUTIONS,N
8350,J_NO_1,C12EQUALRIGHTS,N
8350,J_NO_1,C13ISRAELEVIDENCE,N
8350,J_NO_1,C13ISRAELINSTITUTIONS,N
8350,J_NO_1,C13ISRAELPOLICIES,N
8350,J_NO_1,C13ISRAELOPT,N
8350,J_NO_1,C13ISRAELREGION,N
8350,J_NO_1,C13ISRAELDISCRIMINATION,N
8350,J_NO_1,C13ISRAELNORMS,N
8350,J_NO_1,C13ISRAELCOMPARE,N
8350,J_NO_1,C14BDS,N
8350,J_NO_1,C15REASONABLE,N
8350,J_NO_1,C15DOUBLESTANDARD,N
2461,J_NO_1,C11PALESTINIANJUSTICE,N
2461,J_NO_1,C11PALESTINIANRIGHTS,N
2461,J_NO_1,C12ZIONCRITICAL,N
2461,J_NO_1,C12SOLUTIONS,N
2461,J_NO_1,C12EQUALRIGHTS,N
2461,J_NO_1,C13ISRAELEVIDENCE,N
2461,J_NO_1,C13ISRAELINSTITUTIONS,N
2461,J_NO_1,C13ISRAELPOLICIES,N
2461,J_NO_1,C13ISRAELOPT,N
2461,J_NO_1,C13ISRAELREGION,N
2461,J_NO_1,C13ISRAELDISCRIMINATION,N
2461,J_NO_1,C13ISRAELNORMS,N
2461,J_NO_1,C13ISRAELCOMPARE,N
2461,J_NO_1,C14BDS,N
2461,J_NO_1,C15REASONABLE,N
2461,J_NO_1,C15DOUBLESTANDARD,N
38596,J_NO_1,C11PALESTINIANJUSTICE,N
38596,J_NO_1,C11PALESTINIANRIGHTS,N
38596,J_NO_1,C12ZIONCRITICAL,N
38596,J_NO_1,C12SOLUTIONS,N
38596,J_NO_1,C12EQUALRIGHTS,N
38596,J_NO_1,C13ISRAELEVIDENCE,N
38596,J_NO_1,C13ISRAELINSTITUTIONS,N
38596,J_NO_1,C13ISRAELPOLICIES,N
38596,J_NO_1,C13ISRAELOPT,N
38596,J_NO_1,C13ISRAELREGION,N
38596,J_NO_1,C13ISRAELDISCRIMINATION,N
38596,J_NO_1,C13ISRAELNORMS,N
38596,J_NO_1,C13ISRAELCOMPARE,N
38596,J_NO_1,C14BDS,N
38596,J_NO_1,C15REASONABLE,N
38596,J_NO_1,C15DOUBLESTANDARD,N
37355,J_NO_1,C11PALESTINIANJUSTICE,N
37355,J_NO_1,C11PALESTINIANRIGHTS,N
37355,J_NO_1,C12ZIONCRITICAL,N
37355,J_NO_1,C12SOLUTIONS,N
37355,J_NO_1,C12EQUALRIGHTS,N
37355,J_NO_1,C13ISRAELEVIDENCE,N
37355,J_NO_1,C13ISRAELINSTITUTIONS,N
37355,J_NO_1,C13ISRAELPOLICIES,N
37355,J_NO_1,C13ISRAELOPT,N
37355,J_NO_1,C13ISRAELREGION,N
37355,J_NO_1,C13ISRAELDISCRIMINATION,N
37355,J_NO_1,C13ISRAELNORMS,N
37355,J_NO_1,C13ISRAELCOMPARE,N
37355,J_NO_1,C14BDS,N
37355,J_NO_1,C15REASONABLE,N
37355,J_NO_1,C15DOUBLESTANDARD,N
48122,J_NO_1,C11PALESTINIANJUSTICE,N
48122,J_NO_1,C11PALESTINIANRIGHTS,N
48122,J_NO_1,C12ZIONCRITICAL,N
48122,J_NO_1,C12SOLUTIONS,N
48122,J_NO_1,C12EQUALRIGHTS,N
48122,J_NO_1,C13ISRAELEVIDENCE,N
48122,J_NO_1,C13ISRAELINSTITUTIONS,N
48122,J_NO_1,C13ISRAELPOLICIES,N
48122,J_NO_1,C13ISRAELOPT,N
48122,J_NO_1,C13ISRAELREGION,N
48122,J_NO_1,C13ISRAELDISCRIMINATION,N
48122,J_NO_1,C13ISRAELNORMS,N
48122,J_NO_1,C13ISRAELCOMPARE,N
48122,J_NO_1,C14BDS,N
48122,J_NO_1,C15REASONABLE,N
48122,J_NO_1,C15DOUBLESTANDARD,N
49490,J_NO_1,C11PALESTINIANJUSTICE,N
49490,J_NO_1,C11PALESTINIANRIGHTS,N
49490,J_NO_1,C12ZIONCRITICAL,N
49490,J_NO_1,C12SOLUTIONS,N
49490,J_NO_1,C12EQUALRIGHTS,N
49490,J_NO_1,C13ISRAELEVIDENCE,N
49490,J_NO_1,C13ISRAELINSTITUTIONS,N
49490,J_NO_1,C13ISRAELPOLICIES,N
49490,J_NO_1,C13ISRAELOPT,N
49490,J_NO_1,C13ISRAELREGION,N
49490,J_NO_1,C13ISRAELDISCRIMINATION,N
49490,J_NO_1,C13ISRAELNORMS,N
49490,J_NO_1,C13ISRAELCOMPARE,N
49490,J_NO_1,C14BDS,N
49490,J_NO_1,C15REASONABLE,N
49490,J_NO_1,C15DOUBLESTANDARD,N
46852,J_NO_1,C11PALESTINIANJUSTICE,N
46852,J_NO_1,C11PALESTINIANRIGHTS,N
46852,J_NO_1,C12ZIONCRITICAL,N
46852,J_NO_1,C12SOLUTIONS,N
46852,J_NO_1,C12EQUALRIGHTS,N
46852,J_NO_1,C13ISRAELEVIDENCE,N
46852,J_NO_1,C13ISRAELINSTITUTIONS,N
46852,J_NO_1,C13ISRAELPOLICIES,N
46852,J_NO_1,C13ISRAELOPT,N
46852,J_NO_1,C13ISRAELREGION,N
46852,J_NO_1,C13ISRAELDISCRIMINATION,N
46852,J_NO_1,C13ISRAELNORMS,N
46852,J_NO_1,C13ISRAELCOMPARE,N
46852,J_NO_1,C14BDS,N
46852,J_NO_1,C15REASONABLE,N
46852,J_NO_1,C15DOUBLESTANDARD,N
41959,J_NO_1,C11PALESTINIANJUSTICE,N
41959,J_NO_1,C11PALESTINIANRIGHTS,N
41959,J_NO_1,C12ZIONCRITICAL,N
41959,J_NO_1,C12SOLUTIONS,N
41959,J_NO_1,C12EQUALRIGHTS,N
41959,J_NO_1,C13ISRAELEVIDENCE,N
41959,J_NO_1,C13ISRAELINSTITUTIONS,N
41959,J_NO_1,C13ISRAELPOLICIES,N
41959,J_NO_1,C13ISRAELOPT,N
41959,J_NO_1,C13ISRAELREGION,N
41959,J_NO_1,C13ISRAELDISCRIMINATION,N
41959,J_NO_1,C13ISRAELNORMS,N
41959,J_NO_1,C13ISRAELCOMPARE,N
41959,J_NO_1,C14BDS,N
41959,J_NO_1,C15REASONABLE,N
41959,J_NO_1,C15DOUBLESTANDARD,N
19533,J_NO_1,C11PALESTINIANJUSTICE,N
19533,J_NO_1,C11PALESTINIANRIGHTS,N
19533,J_NO_1,C12ZIONCRITICAL,N
19533,J_NO_1,C12SOLUTIONS,N
19533,J_NO_1,C12EQUALRIGHTS,N
19533,J_NO_1,C13ISRAELEVIDENCE,N
19533,J_NO_1,C13ISRAELINSTITUTIONS,N
19533,J_NO_1,C13ISRAELPOLICIES,N
19533,J_NO_1,C13ISRAELOPT,N
19533,J_NO_1,C13ISRAELREGION,N
19533,J_NO_1,C13ISRAELDISCRIMINATION,N
19533,J_NO_1,C13ISRAELNORMS,N
19533,J_NO_1,C13ISRAELCOMPARE,N
19533,J_NO_1,C14BDS,N
19533,J_NO_1,C15REASONABLE,N
19533,J_NO_1,C15DOUBLESTANDARD,N
4654,J_NO_1,C11PALESTINIANJUSTICE,N
4654,J_NO_1,C11PALESTINIANRIGHTS,N
4654,J_NO_1,C12ZIONCRITICAL,N
4654,J_NO_1,C12SOLUTIONS,N
4654,J_NO_1,C12EQUALRIGHTS,N
4654,J_NO_1,C13ISRAELEVIDENCE,N
4654,J_NO_1,C13ISRAELINSTITUTIONS,N
4654,J_NO_1,C13ISRAELPOLICIES,N
4654,J_NO_1,C13ISRAELOPT,N
4654,J_NO_1,C13ISRAELREGION,N
4654,J_NO_1,C13ISRAELDISCRIMINATION,N
4654,J_NO_1,C13ISRAELNORMS,N
4654,J_NO_1,C13ISRAELCOMPARE,N
4654,J_NO_1,C14BDS,N
4654,J_NO_1,C15REASONABLE,N
4654,J_NO_1,C15DOUBLESTANDARD,N
4476,J_NO_1,C11PALESTINIANJUSTICE,N
4476,J_NO_1,C11PALESTINIANRIGHTS,N
4476,J_NO_1,C12ZIONCRITICAL,N
4476,J_NO_1,C12SOLUTIONS,N
4476,J_NO_1,C12EQUALRIGHTS,N
4476,J_NO_1,C13ISRAELEVIDENCE,N
4476,J_NO_1,C13ISRAELINSTITUTIONS,N
4476,J_NO_1,C13ISRAELPOLICIES,N
4476,J_NO_1,C13ISRAELOPT,N
4476,J_NO_1,C13ISRAELREGION,N
4476,J_NO_1,C13ISRAELDISCRIMINATION,N
4476,J_NO_1,C13ISRAELNORMS,N
4476,J_NO_1,C13ISRAELCOMPARE,N
4476,J_NO_1,C14BDS,N
4476,J_NO_1,C15REASONABLE,N
4476,J_NO_1,C15DOUBLESTANDARD,N
5554,J_NO_1,C11PALESTINIANJUSTICE,N
5554,J_NO_1,C11PALESTINIANRIGHTS,N
5554,J_NO_1,C12ZIONCRITICAL,N
5554,J_NO_1,C12SOLUTIONS,N
5554,J_NO_1,C12EQUALRIGHTS,N
5554,J_NO_1,C13ISRAELEVIDENCE,N
5554,J_NO_1,C13ISRAELINSTITUTIONS,N
5554,J_NO_1,C13ISRAELPOLICIES,N
5554,J_NO_1,C13ISRAELOPT,N
5554,J_NO_1,C13ISRAELREGION,N
5554,J_NO_1,C13ISRAELDISCRIMINATION,N
5554,J_NO_1,C13ISRAELNORMS,N
5554,J_NO_1,C13ISRAELCOMPARE,N
5554,J_NO_1,C14BDS,N
5554,J_NO_1,C15REASONABLE,N
5554,J_NO_1,C15DOUBLESTANDARD,N
15699,J_NO_1,C11PALESTINIANJUSTICE,N
15699,J_NO_1,C11PALESTINIANRIGHTS,N
15699,J_NO_1,C12ZIONCRITICAL,N
15699,J_NO_1,C12SOLUTIONS,N
15699,J_NO_1,C12EQUALRIGHTS,N
15699,J_NO_1,C13ISRAELEVIDENCE,N
15699,J_NO_1,C13ISRAELINSTITUTIONS,N
15699,J_NO_1,C13ISRAELPOLICIES,N
15699,J_NO_1,C13ISRAELOPT,N
15699,J_NO_1,C13ISRAELREGION,N
15699,J_NO_1,C13ISRAELDISCRIMINATION,N
15699,J_NO_1,C13ISRAELNORMS,N
15699,J_NO_1,C13ISRAELCOMPARE,N
15699,J_NO_1,C14BDS,N
15699,J_NO_1,C15REASONABLE,N
15699,J_NO_1,C15DOUBLESTANDARD,N
45949,J_NO_1,C11PALESTINIANJUSTICE,N
45949,J_NO_1,C11PALESTINIANRIGHTS,N
45949,J_NO_1,C12ZIONCRITICAL,N
45949,J_NO_1,C12SOLUTIONS,N
45949,J_NO_1,C12EQUALRIGHTS,N
45949,J_NO_1,C13ISRAELEVIDENCE,N
45949,J_NO_1,C13ISRAELINSTITUTIONS,N
45949,J_NO_1,C13ISRAELPOLICIES,N
45949,J_NO_1,C13ISRAELOPT,N
45949,J_NO_1,C13ISRAELREGION,N
45949,J_NO_1,C13ISRAELDISCRIMINATION,N
45949,J_NO_1,C13ISRAELNORMS,N
45949,J_NO_1,C13ISRAELCOMPARE,N
45949,J_NO_1,C14BDS,N
45949,J_NO_1,C15REASONABLE,N
45949,J_NO_1,C15DOUBLESTANDARD,N
5369,J_NO_1,C11PALESTINIANJUSTICE,N
5369,J_NO_1,C11PALESTINIANRIGHTS,N
5369,J_NO_1,C12ZIONCRITICAL,N
5369,J_NO_1,C12SOLUTIONS,N
5369,J_NO_1,C12EQUALRIGHTS,N
5369,J_NO_1,C13ISRAELEVIDENCE,N
5369,J_NO_1,C13ISRAELINSTITUTIONS,N
5369,J_NO_1,C13ISRAELPOLICIES,N
5369,J_NO_1,C13ISRAELOPT,N
5369,J_NO_1,C13ISRAELREGION,N
5369,J_NO_1,C13ISRAELDISCRIMINATION,N
5369,J_NO_1,C13ISRAELNORMS,N
5369,J_NO_1,C13ISRAELCOMPARE,N
5369,J_NO_1,C14BDS,N
5369,J_NO_1,C15REASONABLE,N
5369,J_NO_1,C15DOUBLESTANDARD,N
48561,J_NO_1,C11PALESTINIANJUSTICE,N
48561,J_NO_1,C11PALESTINIANRIGHTS,N
48561,J_NO_1,C12ZIONCRITICAL,N
48561,J_NO_1,C12SOLUTIONS,N
48561,J_NO_1,C12EQUALRIGHTS,N
48561,J_NO_1,C13ISRAELEVIDENCE,N
48561,J_NO_1,C13ISRAELINSTITUTIONS,N
48561,J_NO_1,C13ISRAELPOLICIES,N
48561,J_NO_1,C13ISRAELOPT,N
48561,J_NO_1,C13ISRAELREGION,N
48561,J_NO_1,C13ISRAELDISCRIMINATION,N
48561,J_NO_1,C13ISRAELNORMS,N
48561,J_NO_1,C13ISRAELCOMPARE,N
48561,J_NO_1,C14BDS,N
48561,J_NO_1,C15REASONABLE,N
48561,J_NO_1,C15DOUBLESTANDARD,N
4031,J_NO_1,C11PALESTINIANJUSTICE,N
4031,J_NO_1,C11PALESTINIANRIGHTS,N
4031,J_NO_1,C12ZIONCRITICAL,N
4031,J_NO_1,C12SOLUTIONS,N
4031,J_NO_1,C12EQUALRIGHTS,N
4031,J_NO_1,C13ISRAELEVIDENCE,N
4031,J_NO_1,C13ISRAELINSTITUTIONS,N
4031,J_NO_1,C13ISRAELPOLICIES,N
4031,J_NO_1,C13ISRAELOPT,N
4031,J_NO_1,C13ISRAELREGION,N
4031,J_NO_1,C13ISRAELDISCRIMINATION,N
4031,J_NO_1,C13ISRAELNORMS,N
4031,J_NO_1,C13ISRAELCOMPARE,N
4031,J_NO_1,C14BDS,N
4031,J_NO_1,C15REASONABLE,N
4031,J_NO_1,C15DOUBLESTANDARD,N
19770,J_NO_1,C11PALESTINIANJUSTICE,N
19770,J_NO_1,C11PALESTINIANRIGHTS,N
19770,J_NO_1,C12ZIONCRITICAL,N
19770,J_NO_1,C12SOLUTIONS,N
19770,J_NO_1,C12EQUALRIGHTS,N
19770,J_NO_1,C13ISRAELEVIDENCE,N
19770,J_NO_1,C13ISRAELINSTITUTIONS,N
19770,J_NO_1,C13ISRAELPOLICIES,N
19770,J_NO_1,C13ISRAELOPT,N
19770,J_NO_1,C13ISRAELREGION,N
19770,J_NO_1,C13ISRAELDISCRIMINATION,N
19770,J_NO_1,C13ISRAELNORMS,N
19770,J_NO_1,C13ISRAELCOMPARE,N
19770,J_NO_1,C14BDS,N
19770,J_NO_1,C15REASONABLE,N
19770,J_NO_1,C15DOUBLESTANDARD,N
23387,J_NO_1,C11PALESTINIANJUSTICE,N
23387,J_NO_1,C11PALESTINIANRIGHTS,N
23387,J_NO_1,C12ZIONCRITICAL,N
23387,J_NO_1,C12SOLUTIONS,N
23387,J_NO_1,C12EQUALRIGHTS,N
23387,J_NO_1,C13ISRAELEVIDENCE,N
23387,J_NO_1,C13ISRAELINSTITUTIONS,N
23387,J_NO_1,C13ISRAELPOLICIES,N
23387,J_NO_1,C13ISRAELOPT,N
23387,J_NO_1,C13ISRAELREGION,N
23387,J_NO_1,C13ISRAELDISCRIMINATION,N
23387,J_NO_1,C13ISRAELNORMS,N
23387,J_NO_1,C13ISRAELCOMPARE,N
23387,J_NO_1,C14BDS,N
23387,J_NO_1,C15REASONABLE,N
23387,J_NO_1,C15DOUBLESTANDARD,N
40663,J_NO_1,C11PALESTINIANJUSTICE,N
40663,J_NO_1,C11PALESTINIANRIGHTS,N
40663,J_NO_1,C12ZIONCRITICAL,E
40663,J_NO_1,C12SOLUTIONS,N
40663,J_NO_1,C12EQUALRIGHTS,N
40663,J_NO_1,C13ISRAELEVIDENCE,N
40663,J_NO_1,C13ISRAELINSTITUTIONS,N
40663,J_NO_1,C13ISRAELPOLICIES,N
40663,J_NO_1,C13ISRAELOPT,N
40663,J_NO_1,C13ISRAELREGION,N
40663,J_NO_1,C13ISRAELDISCRIMINATION,N
40663,J_NO_1,C13ISRAELNORMS,N
40663,J_NO_1,C13ISRAELCOMPARE,N
40663,J_NO_1,C14BDS,N
40663,J_NO_1,C15REASONABLE,N
40663,J_NO_1,C15DOUBLESTANDARD,N
14668,J_NO_1,C11PALESTINIANJUSTICE,N
14668,J_NO_1,C11PALESTINIANRIGHTS,N
14668,J_NO_1,C12ZIONCRITICAL,N
14668,J_NO_1,C12SOLUTIONS,N
14668,J_NO_1,C12EQUALRIGHTS,N
14668,J_NO_1,C13ISRAELEVIDENCE,N
14668,J_NO_1,C13ISRAELINSTITUTIONS,N
14668,J_NO_1,C13ISRAELPOLICIES,N
14668,J_NO_1,C13ISRAELOPT,N
14668,J_NO_1,C13ISRAELREGION,N
14668,J_NO_1,C13ISRAELDISCRIMINATION,N
14668,J_NO_1,C13ISRAELNORMS,N
14668,J_NO_1,C13ISRAELCOMPARE,N
14668,J_NO_1,C14BDS,N
14668,J_NO_1,C15REASONABLE,N
14668,J_NO_1,C15DOUBLESTANDARD,N
19107,J_NO_1,C11PALESTINIANJUSTICE,N
19107,J_NO_1,C11PALESTINIANRIGHTS,N
19107,J_NO_1,C12ZIONCRITICAL,N
19107,J_NO_1,C12SOLUTIONS,N
19107,J_NO_1,C12EQUALRIGHTS,N
19107,J_NO_1,C13ISRAELEVIDENCE,N
19107,J_NO_1,C13ISRAELINSTITUTIONS,N
19107,J_NO_1,C13ISRAELPOLICIES,N
19107,J_NO_1,C13ISRAELOPT,N
19107,J_NO_1,C13ISRAELREGION,N
19107,J_NO_1,C13ISRAELDISCRIMINATION,N
19107,J_NO_1,C13ISRAELNORMS,N
19107,J_NO_1,C13ISRAELCOMPARE,N
19107,J_NO_1,C14BDS,N
19107,J_NO_1,C15REASONABLE,N
19107,J_NO_1,C15DOUBLESTANDARD,N
1567,J_NO_1,C11PALESTINIANJUSTICE,N
1567,J_NO_1,C11PALESTINIANRIGHTS,N
1567,J_NO_1,C12ZIONCRITICAL,N
1567,J_NO_1,C12SOLUTIONS,N
1567,J_NO_1,C12EQUALRIGHTS,N
1567,J_NO_1,C13ISRAELEVIDENCE,N
1567,J_NO_1,C13ISRAELINSTITUTIONS,N
1567,J_NO_1,C13ISRAELPOLICIES,N
1567,J_NO_1,C13ISRAELOPT,N
1567,J_NO_1,C13ISRAELREGION,N
1567,J_NO_1,C13ISRAELDISCRIMINATION,N
1567,J_NO_1,C13ISRAELNORMS,N
1567,J_NO_1,C13ISRAELCOMPARE,N
1567,J_NO_1,C14BDS,N
1567,J_NO_1,C15REASONABLE,N
1567,J_NO_1,C15DOUBLESTANDARD,N
47605,J_NO_1,C11PALESTINIANJUSTICE,N
47605,J_NO_1,C11PALESTINIANRIGHTS,N
47605,J_NO_1,C12ZIONCRITICAL,N
47605,J_NO_1,C12SOLUTIONS,N
47605,J_NO_1,C12EQUALRIGHTS,N
47605,J_NO_1,C13ISRAELEVIDENCE,N
47605,J_NO_1,C13ISRAELINSTITUTIONS,N
47605,J_NO_1,C13ISRAELPOLICIES,N
47605,J_NO_1,C13ISRAELOPT,N
47605,J_NO_1,C13ISRAELREGION,N
47605,J_NO_1,C13ISRAELDISCRIMINATION,N
47605,J_NO_1,C13ISRAELNORMS,N
47605,J_NO_1,C13ISRAELCOMPARE,N
47605,J_NO_1,C14BDS,N
47605,J_NO_1,C15REASONABLE,N
47605,J_NO_1,C15DOUBLESTANDARD,N
37994,J_NO_1,C11PALESTINIANJUSTICE,N
37994,J_NO_1,C11PALESTINIANRIGHTS,N
37994,J_NO_1,C12ZIONCRITICAL,N
37994,J_NO_1,C12SOLUTIONS,N
37994,J_NO_1,C12EQUALRIGHTS,N
37994,J_NO_1,C13ISRAELEVIDENCE,N
37994,J_NO_1,C13ISRAELINSTITUTIONS,N
37994,J_NO_1,C13ISRAELPOLICIES,N
37994,J_NO_1,C13ISRAELOPT,N
37994,J_NO_1,C13ISRAELREGION,N
37994,J_NO_1,C13ISRAELDISCRIMINATION,N
37994,J_NO_1,C13ISRAELNORMS,N
37994,J_NO_1,C13ISRAELCOMPARE,N
37994,J_NO_1,C14BDS,N
37994,J_NO_1,C15REASONABLE,N
37994,J_NO_1,C15DOUBLESTANDARD,N
47882,J_NO_1,C11PALESTINIANJUSTICE,N
47882,J_NO_1,C11PALESTINIANRIGHTS,N
47882,J_NO_1,C12ZIONCRITICAL,N
47882,J_NO_1,C12SOLUTIONS,N
47882,J_NO_1,C12EQUALRIGHTS,N
47882,J_NO_1,C13ISRAELEVIDENCE,N
47882,J_NO_1,C13ISRAELINSTITUTIONS,N
47882,J_NO_1,C13ISRAELPOLICIES,N
47882,J_NO_1,C13ISRAELOPT,N
47882,J_NO_1,C13ISRAELREGION,N
47882,J_NO_1,C13ISRAELDISCRIMINATION,N
47882,J_NO_1,C13ISRAELNORMS,N
47882,J_NO_1,C13ISRAELCOMPARE,N
47882,J_NO_1,C14BDS,N
47882,J_NO_1,C15REASONABLE,N
47882,J_NO_1,C15DOUBLESTANDARD,N
27122,J_NO_1,C11PALESTINIANJUSTICE,N
27122,J_NO_1,C11PALESTINIANRIGHTS,N
27122,J_NO_1,C12ZIONCRITICAL,N
27122,J_NO_1,C12SOLUTIONS,N
27122,J_NO_1,C12EQUALRIGHTS,N
27122,J_NO_1,C13ISRAELEVIDENCE,N
27122,J_NO_1,C13ISRAELINSTITUTIONS,N
27122,J_NO_1,C13ISRAELPOLICIES,N
27122,J_NO_1,C13ISRAELOPT,N
27122,J_NO_1,C13ISRAELREGION,N
27122,J_NO_1,C13ISRAELDISCRIMINATION,N
27122,J_NO_1,C13ISRAELNORMS,N
27122,J_NO_1,C13ISRAELCOMPARE,N
27122,J_NO_1,C14BDS,N
27122,J_NO_1,C15REASONABLE,N
27122,J_NO_1,C15DOUBLESTANDARD,N
46065,J_NO_1,C11PALESTINIANJUSTICE,N
46065,J_NO_1,C11PALESTINIANRIGHTS,N
46065,J_NO_1,C12ZIONCRITICAL,N
46065,J_NO_1,C12SOLUTIONS,N
46065,J_NO_1,C12EQUALRIGHTS,N
46065,J_NO_1,C13ISRAELEVIDENCE,N
46065,J_NO_1,C13ISRAELINSTITUTIONS,N
46065,J_NO_1,C13ISRAELPOLICIES,N
46065,J_NO_1,C13ISRAELOPT,N
46065,J_NO_1,C13ISRAELREGION,N
46065,J_NO_1,C13ISRAELDISCRIMINATION,N
46065,J_NO_1,C13ISRAELNORMS,N
46065,J_NO_1,C13ISRAELCOMPARE,N
46065,J_NO_1,C14BDS,N
46065,J_NO_1,C15REASONABLE,N
46065,J_NO_1,C15DOUBLESTANDARD,N
9583,J_NO_1,C11PALESTINIANJUSTICE,N
9583,J_NO_1,C11PALESTINIANRIGHTS,N
9583,J_NO_1,C12ZIONCRITICAL,N
9583,J_NO_1,C12SOLUTIONS,N
9583,J_NO_1,C12EQUALRIGHTS,N
9583,J_NO_1,C13ISRAELEVIDENCE,N
9583,J_NO_1,C13ISRAELINSTITUTIONS,N
9583,J_NO_1,C13ISRAELPOLICIES,N
9583,J_NO_1,C13ISRAELOPT,N
9583,J_NO_1,C13ISRAELREGION,N
9583,J_NO_1,C13ISRAELDISCRIMINATION,N
9583,J_NO_1,C13ISRAELNORMS,N
9583,J_NO_1,C13ISRAELCOMPARE,N
9583,J_NO_1,C14BDS,N
9583,J_NO_1,C15REASONABLE,N
9583,J_NO_1,C15DOUBLESTANDARD,N
37159,J_NO_1,C11PALESTINIANJUSTICE,N
37159,J_NO_1,C11PALESTINIANRIGHTS,N
37159,J_NO_1,C12ZIONCRITICAL,N
37159,J_NO_1,C12SOLUTIONS,N
37159,J_NO_1,C12EQUALRIGHTS,N
37159,J_NO_1,C13ISRAELEVIDENCE,N
37159,J_NO_1,C13ISRAELINSTITUTIONS,N
37159,J_NO_1,C13ISRAELPOLICIES,N
37159,J_NO_1,C13ISRAELOPT,N
37159,J_NO_1,C13ISRAELREGION,N
37159,J_NO_1,C13ISRAELDISCRIMINATION,N
37159,J_NO_1,C13ISRAELNORMS,N
37159,J_NO_1,C13ISRAELCOMPARE,N
37159,J_NO_1,C14BDS,N
37159,J_NO_1,C15REASONABLE,N
37159,J_NO_1,C15DOUBLESTANDARD,N
28708,J_NO_1,C11PALESTINIANJUSTICE,N
28708,J_NO_1,C11PALESTINIANRIGHTS,N
28708,J_NO_1,C12ZIONCRITICAL,N
28708,J_NO_1,C12SOLUTIONS,N
28708,J_NO_1,C12EQUALRIGHTS,N
28708,J_NO_1,C13ISRAELEVIDENCE,N
28708,J_NO_1,C13ISRAELINSTITUTIONS,N
28708,J_NO_1,C13ISRAELPOLICIES,N
28708,J_NO_1,C13ISRAELOPT,N
28708,J_NO_1,C13ISRAELREGION,N
28708,J_NO_1,C13ISRAELDISCRIMINATION,N
28708,J_NO_1,C13ISRAELNORMS,N
28708,J_NO_1,C13ISRAELCOMPARE,N
28708,J_NO_1,C14BDS,N
28708,J_NO_1,C15REASONABLE,N
28708,J_NO_1,C15DOUBLESTANDARD,N
10179,J_NO_1,C11PALESTINIANJUSTICE,N
10179,J_NO_1,C11PALESTINIANRIGHTS,N
10179,J_NO_1,C12ZIONCRITICAL,N
10179,J_NO_1,C12SOLUTIONS,N
10179,J_NO_1,C12EQUALRIGHTS,N
10179,J_NO_1,C13ISRAELEVIDENCE,N
10179,J_NO_1,C13ISRAELINSTITUTIONS,N
10179,J_NO_1,C13ISRAELPOLICIES,N
10179,J_NO_1,C13ISRAELOPT,N
10179,J_NO_1,C13ISRAELREGION,N
10179,J_NO_1,C13ISRAELDISCRIMINATION,N
10179,J_NO_1,C13ISRAELNORMS,N
10179,J_NO_1,C13ISRAELCOMPARE,N
10179,J_NO_1,C14BDS,N
10179,J_NO_1,C15REASONABLE,N
10179,J_NO_1,C15DOUBLESTANDARD,N
18502,J_NO_1,C11PALESTINIANJUSTICE,N
18502,J_NO_1,C11PALESTINIANRIGHTS,N
18502,J_NO_1,C12ZIONCRITICAL,N
18502,J_NO_1,C12SOLUTIONS,N
18502,J_NO_1,C12EQUALRIGHTS,N
18502,J_NO_1,C13ISRAELEVIDENCE,N
18502,J_NO_1,C13ISRAELINSTITUTIONS,N
18502,J_NO_1,C13ISRAELPOLICIES,N
18502,J_NO_1,C13ISRAELOPT,N
18502,J_NO_1,C13ISRAELREGION,N
18502,J_NO_1,C13ISRAELDISCRIMINATION,N
18502,J_NO_1,C13ISRAELNORMS,N
18502,J_NO_1,C13ISRAELCOMPARE,N
18502,J_NO_1,C14BDS,N
18502,J_NO_1,C15REASONABLE,N
18502,J_NO_1,C15DOUBLESTANDARD,N
4393,J_NO_1,C11PALESTINIANJUSTICE,N
4393,J_NO_1,C11PALESTINIANRIGHTS,N
4393,J_NO_1,C12ZIONCRITICAL,N
4393,J_NO_1,C12SOLUTIONS,N
4393,J_NO_1,C12EQUALRIGHTS,N
4393,J_NO_1,C13ISRAELEVIDENCE,N
4393,J_NO_1,C13ISRAELINSTITUTIONS,N
4393,J_NO_1,C13ISRAELPOLICIES,N
4393,J_NO_1,C13ISRAELOPT,N
4393,J_NO_1,C13ISRAELREGION,N
4393,J_NO_1,C13ISRAELDISCRIMINATION,N
4393,J_NO_1,C13ISRAELNORMS,N
4393,J_NO_1,C13ISRAELCOMPARE,N
4393,J_NO_1,C14BDS,N
4393,J_NO_1,C15REASONABLE,N
4393,J_NO_1,C15DOUBLESTANDARD,N
47636,J_NO_1,C11PALESTINIANJUSTICE,N
47636,J_NO_1,C11PALESTINIANRIGHTS,N
47636,J_NO_1,C12ZIONCRITICAL,N
47636,J_NO_1,C12SOLUTIONS,N
47636,J_NO_1,C12EQUALRIGHTS,N
47636,J_NO_1,C13ISRAELEVIDENCE,N
47636,J_NO_1,C13ISRAELINSTITUTIONS,N
47636,J_NO_1,C13ISRAELPOLICIES,N
47636,J_NO_1,C13ISRAELOPT,N
47636,J_NO_1,C13ISRAELREGION,N
47636,J_NO_1,C13ISRAELDISCRIMINATION,N
47636,J_NO_1,C13ISRAELNORMS,N
47636,J_NO_1,C13ISRAELCOMPARE,N
47636,J_NO_1,C14BDS,N
47636,J_NO_1,C15REASONABLE,N
47636,J_NO_1,C15DOUBLESTANDARD,N
14911,J_NO_1,C11PALESTINIANJUSTICE,N
14911,J_NO_1,C11PALESTINIANRIGHTS,N
14911,J_NO_1,C12ZIONCRITICAL,N
14911,J_NO_1,C12SOLUTIONS,N
14911,J_NO_1,C12EQUALRIGHTS,N
14911,J_NO_1,C13ISRAELEVIDENCE,N
14911,J_NO_1,C13ISRAELINSTITUTIONS,N
14911,J_NO_1,C13ISRAELPOLICIES,N
14911,J_NO_1,C13ISRAELOPT,N
14911,J_NO_1,C13ISRAELREGION,N
14911,J_NO_1,C13ISRAELDISCRIMINATION,N
14911,J_NO_1,C13ISRAELNORMS,N
14911,J_NO_1,C13ISRAELCOMPARE,N
14911,J_NO_1,C14BDS,N
14911,J_NO_1,C15REASONABLE,N
14911,J_NO_1,C15DOUBLESTANDARD,N
31827,J_NO_1,C11PALESTINIANJUSTICE,A
31827,J_NO_1,C11PALESTINIANRIGHTS,N
31827,J_NO_1,C12ZIONCRITICAL,N
31827,J_NO_1,C12SOLUTIONS,N
31827,J_NO_1,C12EQUALRIGHTS,N
31827,J_NO_1,C13ISRAELEVIDENCE,N
31827,J_NO_1,C13ISRAELINSTITUTIONS,N
31827,J_NO_1,C13ISRAELPOLICIES,E
31827,J_NO_1,C13ISRAELOPT,N
31827,J_NO_1,C13ISRAELREGION,N
31827,J_NO_1,C13ISRAELDISCRIMINATION,N
31827,J_NO_1,C13ISRAELNORMS,N
31827,J_NO_1,C13ISRAELCOMPARE,N
31827,J_NO_1,C14BDS,N
31827,J_NO_1,C15REASONABLE,E
31827,J_NO_1,C15DOUBLESTANDARD,E
15540,J_NO_1,C11PALESTINIANJUSTICE,N
15540,J_NO_1,C11PALESTINIANRIGHTS,N
15540,J_NO_1,C12ZIONCRITICAL,N
15540,J_NO_1,C12SOLUTIONS,N
15540,J_NO_1,C12EQUALRIGHTS,N
15540,J_NO_1,C13ISRAELEVIDENCE,N
15540,J_NO_1,C13ISRAELINSTITUTIONS,N
15540,J_NO_1,C13ISRAELPOLICIES,N
15540,J_NO_1,C13ISRAELOPT,N
15540,J_NO_1,C13ISRAELREGION,N
15540,J_NO_1,C13ISRAELDISCRIMINATION,N
15540,J_NO_1,C13ISRAELNORMS,N
15540,J_NO_1,C13ISRAELCOMPARE,N
15540,J_NO_1,C14BDS,N
15540,J_NO_1,C15REASONABLE,N
15540,J_NO_1,C15DOUBLESTANDARD,N
14581,J_NO_1,C11PALESTINIANJUSTICE,N
14581,J_NO_1,C11PALESTINIANRIGHTS,N
14581,J_NO_1,C12ZIONCRITICAL,N
14581,J_NO_1,C12SOLUTIONS,N
14581,J_NO_1,C12EQUALRIGHTS,N
14581,J_NO_1,C13ISRAELEVIDENCE,N
14581,J_NO_1,C13ISRAELINSTITUTIONS,N
14581,J_NO_1,C13ISRAELPOLICIES,N
14581,J_NO_1,C13ISRAELOPT,N
14581,J_NO_1,C13ISRAELREGION,N
14581,J_NO_1,C13ISRAELDISCRIMINATION,N
14581,J_NO_1,C13ISRAELNORMS,N
14581,J_NO_1,C13ISRAELCOMPARE,N
14581,J_NO_1,C14BDS,N
14581,J_NO_1,C15REASONABLE,N
14581,J_NO_1,C15DOUBLESTANDARD,N
33322,J_NO_1,C11PALESTINIANJUSTICE,N
33322,J_NO_1,C11PALESTINIANRIGHTS,N
33322,J_NO_1,C12ZIONCRITICAL,N
33322,J_NO_1,C12SOLUTIONS,N
33322,J_NO_1,C12EQUALRIGHTS,N
33322,J_NO_1,C13ISRAELEVIDENCE,N
33322,J_NO_1,C13ISRAELINSTITUTIONS,N
33322,J_NO_1,C13ISRAELPOLICIES,N
33322,J_NO_1,C13ISRAELOPT,N
33322,J_NO_1,C13ISRAELREGION,N
33322,J_NO_1,C13ISRAELDISCRIMINATION,N
33322,J_NO_1,C13ISRAELNORMS,N
33322,J_NO_1,C13ISRAELCOMPARE,N
33322,J_NO_1,C14BDS,N
33322,J_NO_1,C15REASONABLE,N
33322,J_NO_1,C15DOUBLESTANDARD,N
44653,J_NO_1,C11PALESTINIANJUSTICE,N
44653,J_NO_1,C11PALESTINIANRIGHTS,N
44653,J_NO_1,C12ZIONCRITICAL,N
44653,J_NO_1,C12SOLUTIONS,N
44653,J_NO_1,C12EQUALRIGHTS,N
44653,J_NO_1,C13ISRAELEVIDENCE,N
44653,J_NO_1,C13ISRAELINSTITUTIONS,N
44653,J_NO_1,C13ISRAELPOLICIES,N
44653,J_NO_1,C13ISRAELOPT,N
44653,J_NO_1,C13ISRAELREGION,N
44653,J_NO_1,C13ISRAELDISCRIMINATION,N
44653,J_NO_1,C13ISRAELNORMS,N
44653,J_NO_1,C13ISRAELCOMPARE,N
44653,J_NO_1,C14BDS,N
44653,J_NO_1,C15REASONABLE,N
44653,J_NO_1,C15DOUBLESTANDARD,N
41909,J_NO_1,C11PALESTINIANJUSTICE,N
41909,J_NO_1,C11PALESTINIANRIGHTS,N
41909,J_NO_1,C12ZIONCRITICAL,N
41909,J_NO_1,C12SOLUTIONS,N
41909,J_NO_1,C12EQUALRIGHTS,N
41909,J_NO_1,C13ISRAELEVIDENCE,N
41909,J_NO_1,C13ISRAELINSTITUTIONS,N
41909,J_NO_1,C13ISRAELPOLICIES,E
41909,J_NO_1,C13ISRAELOPT,N
41909,J_NO_1,C13ISRAELREGION,N
41909,J_NO_1,C13ISRAELDISCRIMINATION,N
41909,J_NO_1,C13ISRAELNORMS,N
41909,J_NO_1,C13ISRAELCOMPARE,N
41909,J_NO_1,C14BDS,N
41909,J_NO_1,C15REASONABLE,E
41909,J_NO_1,C15DOUBLESTANDARD,N
12956,J_NO_1,C11PALESTINIANJUSTICE,N
12956,J_NO_1,C11PALESTINIANRIGHTS,N
12956,J_NO_1,C12ZIONCRITICAL,N
12956,J_NO_1,C12SOLUTIONS,N
12956,J_NO_1,C12EQUALRIGHTS,N
12956,J_NO_1,C13ISRAELEVIDENCE,N
12956,J_NO_1,C13ISRAELINSTITUTIONS,N
12956,J_NO_1,C13ISRAELPOLICIES,N
12956,J_NO_1,C13ISRAELOPT,N
12956,J_NO_1,C13ISRAELREGION,N
12956,J_NO_1,C13ISRAELDISCRIMINATION,N
12956,J_NO_1,C13ISRAELNORMS,N
12956,J_NO_1,C13ISRAELCOMPARE,N
12956,J_NO_1,C14BDS,N
12956,J_NO_1,C15REASONABLE,N
12956,J_NO_1,C15DOUBLESTANDARD,N
31062,J_NO_1,C11PALESTINIANJUSTICE,N
31062,J_NO_1,C11PALESTINIANRIGHTS,N
31062,J_NO_1,C12ZIONCRITICAL,N
31062,J_NO_1,C12SOLUTIONS,N
31062,J_NO_1,C12EQUALRIGHTS,N
31062,J_NO_1,C13ISRAELEVIDENCE,N
31062,J_NO_1,C13ISRAELINSTITUTIONS,N
31062,J_NO_1,C13ISRAELPOLICIES,N
31062,J_NO_1,C13ISRAELOPT,N
31062,J_NO_1,C13ISRAELREGION,N
31062,J_NO_1,C13ISRAELDISCRIMINATION,N
31062,J_NO_1,C13ISRAELNORMS,N
31062,J_NO_1,C13ISRAELCOMPARE,N
31062,J_NO_1,C14BDS,N
31062,J_NO_1,C15REASONABLE,N
31062,J_NO_1,C15DOUBLESTANDARD,N
47333,J_NO_1,C11PALESTINIANJUSTICE,N
47333,J_NO_1,C11PALESTINIANRIGHTS,N
47333,J_NO_1,C12ZIONCRITICAL,N
47333,J_NO_1,C12SOLUTIONS,N
47333,J_NO_1,C12EQUALRIGHTS,N
47333,J_NO_1,C13ISRAELEVIDENCE,N
47333,J_NO_1,C13ISRAELINSTITUTIONS,N
47333,J_NO_1,C13ISRAELPOLICIES,N
47333,J_NO_1,C13ISRAELOPT,N
47333,J_NO_1,C13ISRAELREGION,N
47333,J_NO_1,C13ISRAELDISCRIMINATION,N
47333,J_NO_1,C13ISRAELNORMS,N
47333,J_NO_1,C13ISRAELCOMPARE,N
47333,J_NO_1,C14BDS,N
47333,J_NO_1,C15REASONABLE,N
47333,J_NO_1,C15DOUBLESTANDARD,N
13642,J_NO_1,C11PALESTINIANJUSTICE,N
13642,J_NO_1,C11PALESTINIANRIGHTS,N
13642,J_NO_1,C12ZIONCRITICAL,N
13642,J_NO_1,C12SOLUTIONS,N
13642,J_NO_1,C12EQUALRIGHTS,N
13642,J_NO_1,C13ISRAELEVIDENCE,N
13642,J_NO_1,C13ISRAELINSTITUTIONS,N
13642,J_NO_1,C13ISRAELPOLICIES,N
13642,J_NO_1,C13ISRAELOPT,N
13642,J_NO_1,C13ISRAELREGION,N
13642,J_NO_1,C13ISRAELDISCRIMINATION,N
13642,J_NO_1,C13ISRAELNORMS,N
13642,J_NO_1,C13ISRAELCOMPARE,N
13642,J_NO_1,C14BDS,N
13642,J_NO_1,C15REASONABLE,N
13642,J_NO_1,C15DOUBLESTANDARD,N
26593,J_NO_1,C11PALESTINIANJUSTICE,N
26593,J_NO_1,C11PALESTINIANRIGHTS,N
26593,J_NO_1,C12ZIONCRITICAL,N
26593,J_NO_1,C12SOLUTIONS,N
26593,J_NO_1,C12EQUALRIGHTS,N
26593,J_NO_1,C13ISRAELEVIDENCE,N
26593,J_NO_1,C13ISRAELINSTITUTIONS,N
26593,J_NO_1,C13ISRAELPOLICIES,N
26593,J_NO_1,C13ISRAELOPT,N
26593,J_NO_1,C13ISRAELREGION,N
26593,J_NO_1,C13ISRAELDISCRIMINATION,N
26593,J_NO_1,C13ISRAELNORMS,N
26593,J_NO_1,C13ISRAELCOMPARE,N
26593,J_NO_1,C14BDS,N
26593,J_NO_1,C15REASONABLE,N
26593,J_NO_1,C15DOUBLESTANDARD,N
12122,J_NO_1,C11PALESTINIANJUSTICE,N
12122,J_NO_1,C11PALESTINIANRIGHTS,N
12122,J_NO_1,C12ZIONCRITICAL,N
12122,J_NO_1,C12SOLUTIONS,N
12122,J_NO_1,C12EQUALRIGHTS,N
12122,J_NO_1,C13ISRAELEVIDENCE,N
12122,J_NO_1,C13ISRAELINSTITUTIONS,N
12122,J_NO_1,C13ISRAELPOLICIES,N
12122,J_NO_1,C13ISRAELOPT,N
12122,J_NO_1,C13ISRAELREGION,N
12122,J_NO_1,C13ISRAELDISCRIMINATION,N
12122,J_NO_1,C13ISRAELNORMS,N
12122,J_NO_1,C13ISRAELCOMPARE,N
12122,J_NO_1,C14BDS,N
12122,J_NO_1,C15REASONABLE,N
12122,J_NO_1,C15DOUBLESTANDARD,N
463,J_NO_1,C11PALESTINIANJUSTICE,N
463,J_NO_1,C11PALESTINIANRIGHTS,N
463,J_NO_1,C12ZIONCRITICAL,N
463,J_NO_1,C12SOLUTIONS,N
463,J_NO_1,C12EQUALRIGHTS,N
463,J_NO_1,C13ISRAELEVIDENCE,N
463,J_NO_1,C13ISRAELINSTITUTIONS,N
463,J_NO_1,C13ISRAELPOLICIES,N
463,J_NO_1,C13ISRAELOPT,N
463,J_NO_1,C13ISRAELREGION,N
463,J_NO_1,C13ISRAELDISCRIMINATION,N
463,J_NO_1,C13ISRAELNORMS,N
463,J_NO_1,C13ISRAELCOMPARE,N
463,J_NO_1,C14BDS,N
463,J_NO_1,C15REASONABLE,N
463,J_NO_1,C15DOUBLESTANDARD,N
42381,J_NO_1,C11PALESTINIANJUSTICE,N
42381,J_NO_1,C11PALESTINIANRIGHTS,N
42381,J_NO_1,C12ZIONCRITICAL,N
42381,J_NO_1,C12SOLUTIONS,N
42381,J_NO_1,C12EQUALRIGHTS,N
42381,J_NO_1,C13ISRAELEVIDENCE,N
42381,J_NO_1,C13ISRAELINSTITUTIONS,N
42381,J_NO_1,C13ISRAELPOLICIES,N
42381,J_NO_1,C13ISRAELOPT,N
42381,J_NO_1,C13ISRAELREGION,N
42381,J_NO_1,C13ISRAELDISCRIMINATION,N
42381,J_NO_1,C13ISRAELNORMS,N
42381,J_NO_1,C13ISRAELCOMPARE,N
42381,J_NO_1,C14BDS,N
42381,J_NO_1,C15REASONABLE,N
42381,J_NO_1,C15DOUBLESTANDARD,N
