comment_id,block,code_id,label
41172,N_2,N2CONSPIRACY,N
41172,N_2,N2CONTROLMEDIA,N
41172,N_2,N2CONTROLECONOMY,N
41172,N_2,N2CONTROLGOV,N
41172,N_2,N2CONTROLOTHER,N
41172,N_2,N3COLLECTIVEBLAME,N
41172,N_2,N4HIDDENCONSPIRACY,N
41172,N_2,N4ISRAELHAND,N
41172,N_2,N5LOYALTY,N
41172,N_2,N6IDENTITYDENY,N
41172,N_2,N7COLLECTIVEGUILT,N
41172,N_2,N8VIOLENCE,N
41172,N_2,N9INCITEMENT,N
41172,N_2,N10SELFDETERMINATION,N
41172,N_2,N11JEWISHRIGHTSDEFINE,N
41172,N_2,N11SELFDETERMINATION,N
41172,N_2,N11JEWISHRIGHTS,N
41172,N_2,N12DOUBLESTANDARD,N
12808,N_2,N2CONSPIRACY,N
12808,N_2,N2CONTROLMEDIA,N
12808,N_2,N2CONTROLECONOMY,N
12808,N_2,N2CONTROLGOV,N
12808,N_2,N2CONTROLOTHER,N
12808,N_2,N3COLLECTIVEBLAME,N
12808,N_2,N4HIDDENCONSPIRACY,N
12808,N_2,N4ISRAELHAND,N
12808,N_2,N5LOYALTY,N
12808,N_2,N6IDENTITYDENY,N
12808,N_2,N7COLLECTIVEGUILT,N
12808,N_2,N8VIOLENCE,N
12808,N_2,N9INCITEMENT,N
12808,N_2,N10SELFDETERMINATION,N
12808,N_2,N11JEWISHRIGHTSDEFINE,N
12808,N_2,N11SELFDETERMINATION,N
12808,N_2,N11JEWISHRIGHTS,N
12808,N_2,N12DOUBLESTANDARD,N
47654,N_2,N2CONSPIRACY,N
47654,N_2,N2CONTROLMEDIA,N
47654,N_2,N2CONTROLECONOMY,N
47654,N_2,N2CONTROLGOV,N
47654,N_2,N2CONTROLOTHER,N
47654,N_2,N3COLLECTIVEBLAME,N
47654,N_2,N4HIDDENCONSPIRACY,N
47654,N_2,N4ISRAELHAND,N
47654,N_2,N5LOYALTY,N
47654,N_2,N6IDENTITYDENY,N
47654,N_2,N7COLLECTIVEGUILT,N
47654,N_2,N8VIOLENCE,N
47654,N_2,N9INCITEMENT,N
47654,N_2,N10SELFDETERMINATION,N
47654,N_2,N11JEWISHRIGHTSDEFINE,N
47654,N_2,N11SELFDETERMINATION,N
47654,N_2,N11JEWISHRIGHTS,N
47654,N_2,N12DOUBLESTANDARD,N
49652,N_2,N2CONSPIRACY,I
49652,N_2,N2CONTROLMEDIA,N
49652,N_2,N2CONTROLECONOMY,N
49652,N_2,N2CONTROLGOV,I
49652,N_2,N2CONTROLOTHER,N
49652,N_2,N3COLLECTIVEBLAME,N
49652,N_2,N4HIDDENCONSPIRACY,I
49652,N_2,N4ISRAELHAND,I
49652,N_2,N5LOYALTY,I
49652,N_2,N6IDENTITYDENY,N
49652,N_2,N7COLLECTIVEGUILT,N
49652,N_2,N8VIOLENCE,N
49652,N_2,N9INCITEMENT,I
49652,N_2,N10SELFDETERMINATION,N
49652,N_2,N11JEWISHRIGHTSDEFINE,N
49652,N_2,N11SELFDETERMINATION,N
49652,N_2,N11JEWISHRIGHTS,N
49652,N_2,N12DOUBLESTANDARD,N
33809,N_2,N2CONSPIRACY,N
33809,N_2,N2CONTROLMEDIA,N
33809,N_2,N2CONTROLECONOMY,N
33809,N_2,N2CONTROLGOV,N
33809,N_2,N2CONTROLOTHER,N
33809,N_2,N3COLLECTIVEBLAME,N
33809,N_2,N4HIDDENCONSPIRACY,N
33809,N_2,N4ISRAELHAND,N
33809,N_2,N5LOYALTY,N
33809,N_2,N6IDENTITYDENY,N
33809,N_2,N7COLLECTIVEGUILT,N
33809,N_2,N8VIOLENCE,N
33809,N_2,N9INCITEMENT,N
33809,N_2,N10SELFDETERMINATION,N
33809,N_2,N11JEWISHRIGHTSDEFINE,N
33809,N_2,N11SELFDETERMINATION,N
33809,N_2,N11JEWISHRIGHTS,N
33809,N_2,N12DOUBLESTANDARD,N
37220,N_2,N2CONSPIRACY,N
37220,N_2,N2CONTROLMEDIA,N
37220,N_2,N2CONTROLECONOMY,N
37220,N_2,N2CONTROLGOV,N
37220,N_2,N2CONTROLOTHER,N
37220,N_2,N3COLLECTIVEBLAME,N
37220,N_2,N4HIDDENCONSPIRACY,N
37220,N_2,N4ISRAELHAND,N
37220,N_2,N5LOYALTY,N
37220,N_2,N6IDENTITYDENY,I
37220,N_2,N7COLLECTIVEGUILT,N
37220,N_2,N8VIOLENCE,N
37220,N_2,N9INCITEMENT,N
37220,N_2,N10SELFDETERMINATION,N
37220,N_2,N11JEWISHRIGHTSDEFINE,N
37220,N_2,N11SELFDETERMINATION,N
37220,N_2,N11JEWISHRIGHTS,N
37220,N_2,N12DOUBLESTANDARD,N
26341,N_2,N2CONSPIRACY,I
26341,N_2,N2CONTROLMEDIA,N
26341,N_2,N2CONTROLECONOMY,N
26341,N_2,N2CONTROLGOV,N
26341,N_2,N2CONTROLOTHER,N
26341,N_2,N3COLLECTIVEBLAME,N
26341,N_2,N4HIDDENCONSPIRACY,N
26341,N_2,N4ISRAELHAND,N
26341,N_2,N5LOYALTY,N
26341,N_2,N6IDENTITYDENY,N
26341,N_2,N7COLLECTIVEGUILT,N
26341,N_2,N8VIOLENCE,N
26341,N_2,N9INCITEMENT,N
26341,N_2,N10SELFDETERMINATION,N
26341,N_2,N11JEWISHRIGHTSDEFINE,N
26341,N_2,N11SELFDETERMINATION,N
26341,N_2,N11JEWISHRIGHTS,N
26341,N_2,N12DOUBLESTANDARD,N
13642,N_2,N2CONSPIRACY,N
13642,N_2,N2CONTROLMEDIA,N
13642,N_2,N2CONTROLECONOMY,N
13642,N_2,N2CONTROLGOV,N
13642,N_2,N2CONTROLOTHER,N
13642,N_2,N3COLLECTIVEBLAME,N
13642,N_2,N4HIDDENCONSPIRACY,N
13642,N_2,N4ISRAELHAND,N
13642,N_2,N5LOYALTY,N
13642,N_2,N6IDENTITYDENY,N
13642,N_2,N7COLLECTIVEGUILT,N
13642,N_2,N8VIOLENCE,N
13642,N_2,N9INCITEMENT,N
13642,N_2,N10SELFDETERMINATION,N
13642,N_2,N11JEWISHRIGHTSDEFINE,N
13642,N_2,N11SELFDETERMINATION,N
13642,N_2,N11JEWISHRIGHTS,N
13642,N_2,N12DOUBLESTANDARD,N
25281,N_2,N2CONSPIRACY,N
25281,N_2,N2CONTROLMEDIA,N
25281,N_2,N2CONTROLECONOMY,N
25281,N_2,N2CONTROLGOV,N
25281,N_2,N2CONTROLOTHER,N
25281,N_2,N3COLLECTIVEBLAME,N
25281,N_2,N4HIDDENCONSPIRACY,N
25281,N_2,N4ISRAELHAND,N
25281,N_2,N5LOYALTY,N
25281,N_2,N6IDENTITYDENY,N
25281,N_2,N7COLLECTIVEGUILT,N
25281,N_2,N8VIOLENCE,N
25281,N_2,N9INCITEMENT,N
25281,N_2,N10SELFDETERMINATION,N
25281,N_2,N11JEWISHRIGHTSDEFINE,N
25281,N_2,N11SELFDETERMINATION,N
25281,N_2,N11JEWISHRIGHTS,N
25281,N_2,N12DOUBLESTANDARD,N
464,N_2,N2CONSPIRACY,N
464,N_2,N2CONTROLMEDIA,N
464,N_2,N2CONTROLECONOMY,N
464,N_2,N2CONTROLGOV,N
464,N_2,N2CONTROLOTHER,N
464,N_2,N3COLLECTIVEBLAME,N
464,N_2,N4HIDDENCONSPIRACY,N
464,N_2,N4ISRAELHAND,N
464,N_2,N5LOYALTY,N
464,N_2,N6IDENTITYDENY,N
464,N_2,N7COLLECTIVEGUILT,N
464,N_2,N8VIOLENCE,N
464,N_2,N9INCITEMENT,N
464,N_2,N10SELFDETERMINATION,N
464,N_2,N11JEWISHRIGHTSDEFINE,N
464,N_2,N11SELFDETERMINATION,N
464,N_2,N11JEWISHRIGHTS,N
464,N_2,N12DOUBLESTANDARD,N
31397,N_2,N2CONSPIRACY,N
31397,N_2,N2CONTROLMEDIA,N
31397,N_2,N2CONTROLECONOMY,N
31397,N_2,N2CONTROLGOV,N
31397,N_2,N2CONTROLOTHER,N
31397,N_2,N3COLLECTIVEBLAME,N
31397,N_2,N4HIDDENCONSPIRACY,N
31397,N_2,N4ISRAELHAND,N
31397,N_2,N5LOYALTY,N
31397,N_2,N6IDENTITYDENY,N
31397,N_2,N7COLLECTIVEGUILT,N
31397,N_2,N8VIOLENCE,N
31397,N_2,N9INCITEMENT,N
31397,N_2,N10SELFDETERMINATION,N
31397,N_2,N11JEWISHRIGHTSDEFINE,N
31397,N_2,N11SELFDETERMINATION,N
31397,N_2,N11JEWISHRIGHTS,N
31397,N_2,N12DOUBLESTANDARD,N
36814,N_2,N2CONSPIRACY,N
36814,N_2,N2CONTROLMEDIA,N
36814,N_2,N2CONTROLECONOMY,N
36814,N_2,N2CONTROLGOV,N
36814,N_2,N2CONTROLOTHER,N
36814,N_2,N3COLLECTIVEBLAME,N
36814,N_2,N4HIDDENCONSPIRACY,N
36814,N_2,N4ISRAELHAND,N
36814,N_2,N5LOYALTY,N
36814,N_2,N6IDENTITYDENY,N
36814,N_2,N7COLLECTIVEGUILT,N
36814,N_2,N8VIOLENCE,N
36814,N_2,N9INCITEMENT,N
36814,N_2,N10SELFDETERMINATION,N
36814,N_2,N11JEWISHRIGHTSDEFINE,N
36814,N_2,N11SELFDETERMINATION,N
36814,N_2,N11JEWISHRIGHTS,N
36814,N_2,N12DOUBLESTANDARD,N
42679,N_2,N2CONSPIRACY,I
42679,N_2,N2CONTROLMEDIA,N
42679,N_2,N2CONTROLECONOMY,I
42679,N_2,N2CONTROLGOV,I
42679,N_2,N2CONTROLOTHER,N
42679,N_2,N3COLLECTIVEBLAME,N
42679,N_2,N4HIDDENCONSPIRACY,I
42679,N_2,N4ISRAELHAND,N
42679,N_2,N5LOYALTY,N
42679,N_2,N6IDENTITYDENY,I
42679,N_2,N7COLLECTIVEGUILT,N
42679,N_2,N8VIOLENCE,N
42679,N_2,N9INCITEMENT,N
42679,N_2,N10SELFDETERMINATION,N
42679,N_2,N11JEWISHRIGHTSDEFINE,N
42679,N_2,N11SELFDETERMINATION,N
42679,N_2,N11JEWISHRIGHTS,N
42679,N_2,N12DOUBLESTANDARD,N
31519,N_2,N2CONSPIRACY,N
31519,N_2,N2CONTROLMEDIA,N
31519,N_2,N2CONTROLECONOMY,N
31519,N_2,N2CONTROLGOV,N
31519,N_2,N2CONTROLOTHER,N
31519,N_2,N3COLLECTIVEBLAME,N
31519,N_2,N4HIDDENCONSPIRACY,N
31519,N_2,N4ISRAELHAND,N
31519,N_2,N5LOYALTY,N
31519,N_2,N6IDENTITYDENY,N
31519,N_2,N7COLLECTIVEGUILT,N
31519,N_2,N8VIOLENCE,N
31519,N_2,N9INCITEMENT,N
31519,N_2,N10SELFDETERMINATION,N
31519,N_2,N11JEWISHRIGHTSDEFINE,N
31519,N_2,N11SELFDETERMINATION,N
31519,N_2,N11JEWISHRIGHTS,N
31519,N_2,N12DOUBLESTANDARD,N
15810,N_2,N2CONSPIRACY,N
15810,N_2,N2CONTROLMEDIA,N
15810,N_2,N2CONTROLECONOMY,N
15810,N_2,N2CONTROLGOV,N
15810,N_2,N2CONTROLOTHER,N
15810,N_2,N3COLLECTIVEBLAME,N
15810,N_2,N4HIDDENCONSPIRACY,N
15810,N_2,N4ISRAELHAND,N
15810,N_2,N5LOYALTY,N
15810,N_2,N6IDENTITYDENY,N
15810,N_2,N7COLLECTIVEGUILT,N
15810,N_2,N8VIOLENCE,N
15810,N_2,N9INCITEMENT,N
15810,N_2,N10SELFDETERMINATION,N
15810,N_2,N11JEWISHRIGHTSDEFINE,N
15810,N_2,N11SELFDETERMINATION,N
15810,N_2,N11JEWISHRIGHTS,N
15810,N_2,N12DOUBLESTANDARD,N
12248,N_2,N2CONSPIRACY,N
12248,N_2,N2CONTROLMEDIA,N
12248,N_2,N2CONTROLECONOMY,N
12248,N_2,N2CONTROLGOV,N
12248,N_2,N2CONTROLOTHER,N
12248,N_2,N3COLLECTIVEBLAME,N
12248,N_2,N4HIDDENCONSPIRACY,N
12248,N_2,N4ISRAELHAND,N
12248,N_2,N5LOYALTY,N
12248,N_2,N6IDENTITYDENY,N
12248,N_2,N7COLLECTIVEGUILT,N
12248,N_2,N8VIOLENCE,N
12248,N_2,N9INCITEMENT,N
12248,N_2,N10SELFDETERMINATION,N
12248,N_2,N11JEWISHRIGHTSDEFINE,N
12248,N_2,N11SELFDETERMINATION,N
12248,N_2,N11JEWISHRIGHTS,N
12248,N_2,N12DOUBLESTANDARD,N
10836,N_2,N2CONSPIRACY,N
10836,N_2,N2CONTROLMEDIA,N
10836,N_2,N2CONTROLECONOMY,N
10836,N_2,N2CONTROLGOV,N
10836,N_2,N2CONTROLOTHER,N
10836,N_2,N3COLLECTIVEBLAME,N
10836,N_2,N4HIDDENCONSPIRACY,N
10836,N_2,N4ISRAELHAND,N
10836,N_2,N5LOYALTY,N
10836,N_2,N6IDENTITYDENY,N
10836,N_2,N7COLLECTIVEGUILT,N
10836,N_2,N8VIOLENCE,N
10836,N_2,N9INCITEMENT,N
10836,N_2,N10SELFDETERMINATION,N
10836,N_2,N11JEWISHRIGHTSDEFINE,N
10836,N_2,N11SELFDETERMINATION,N
10836,N_2,N11JEWISHRIGHTS,N
10836,N_2,N12DOUBLESTANDARD,N
16811,N_2,N2CONSPIRACY,N
16811,N_2,N2CONTROLMEDIA,N
16811,N_2,N2CONTROLECONOMY,N
16811,N_2,N2CONTROLGOV,N
16811,N_2,N2CONTROLOTHER,N
16811,N_2,N3COLLECTIVEBLAME,N
16811,N_2,N4HIDDENCONSPIRACY,N
16811,N_2,N4ISRAELHAND,N
16811,N_2,N5LOYALTY,N
16811,N_2,N6IDENTITYDENY,N
16811,N_2,N7COLLECTIVEGUILT,N
16811,N_2,N8VIOLENCE,N
16811,N_2,N9INCITEMENT,N
16811,N_2,N10SELFDETERMINATION,N
16811,N_2,N11JEWISHRIGHTSDEFINE,N
16811,N_2,N11SELFDETERMINATION,N
16811,N_2,N11JEWISHRIGHTS,N
16811,N_2,N12DOUBLESTANDARD,N
9583,N_2,N2CONSPIRACY,N
9583,N_2,N2CONTROLMEDIA,N
9583,N_2,N2CONTROLECONOMY,N
9583,N_2,N2CONTROLGOV,N
9583,N_2,N2CONTROLOTHER,N
9583,N_2,N3COLLECTIVEBLAME,N
9583,N_2,N4HIDDENCONSPIRACY,N
9583,N_2,N4ISRAELHAND,N
9583,N_2,N5LOYALTY,N
9583,N_2,N6IDENTITYDENY,N
9583,N_2,N7COLLECTIVEGUILT,N
9583,N_2,N8VIOLENCE,N
9583,N_2,N9INCITEMENT,E
9583,N_2,N10SELFDETERMINATION,N
9583,N_2,N11JEWISHRIGHTSDEFINE,N
9583,N_2,N11SELFDETERMINATION,N
9583,N_2,N11JEWISHRIGHTS,N
9583,N_2,N12DOUBLESTANDARD,N
40140,N_2,PARSE_ERROR,Expecting value: line 1 column 1 (char 0)
2695,N_2,N2CONSPIRACY,N
2695,N_2,N2CONTROLMEDIA,N
2695,N_2,N2CONTROLECONOMY,N
2695,N_2,N2CONTROLGOV,N
2695,N_2,N2CONTROLOTHER,N
2695,N_2,N3COLLECTIVEBLAME,N
2695,N_2,N4HIDDENCONSPIRACY,N
2695,N_2,N4ISRAELHAND,N
2695,N_2,N5LOYALTY,N
2695,N_2,N6IDENTITYDENY,N
2695,N_2,N7COLLECTIVEGUILT,N
2695,N_2,N8VIOLENCE,N
2695,N_2,N9INCITEMENT,N
2695,N_2,N10SELFDETERMINATION,N
2695,N_2,N11JEWISHRIGHTSDEFINE,N
2695,N_2,N11SELFDETERMINATION,N
2695,N_2,N11JEWISHRIGHTS,N
2695,N_2,N12DOUBLESTANDARD,N
6273,N_2,N2CONSPIRACY,N
6273,N_2,N2CONTROLMEDIA,N
6273,N_2,N2CONTROLECONOMY,N
6273,N_2,N2CONTROLGOV,N
6273,N_2,N2CONTROLOTHER,N
6273,N_2,N3COLLECTIVEBLAME,N
6273,N_2,N4HIDDENCONSPIRACY,N
6273,N_2,N4ISRAELHAND,N
6273,N_2,N5LOYALTY,I
6273,N_2,N6IDENTITYDENY,N
6273,N_2,N7COLLECTIVEGUILT,N
6273,N_2,N8VIOLENCE,N
6273,N_2,N9INCITEMENT,N
6273,N_2,N10SELFDETERMINATION,N
6273,N_2,N11JEWISHRIGHTSDEFINE,N
6273,N_2,N11SELFDETERMINATION,N
6273,N_2,N11JEWISHRIGHTS,N
6273,N_2,N12DOUBLESTANDARD,N
44681,N_2,N2CONSPIRACY,N
44681,N_2,N2CONTROLMEDIA,N
44681,N_2,N2CONTROLECONOMY,N
44681,N_2,N2CONTROLGOV,N
44681,N_2,N2CONTROLOTHER,N
44681,N_2,N3COLLECTIVEBLAME,N
44681,N_2,N4HIDDENCONSPIRACY,N
44681,N_2,N4ISRAELHAND,N
44681,N_2,N5LOYALTY,N
44681,N_2,N6IDENTITYDENY,N
44681,N_2,N7COLLECTIVEGUILT,N
44681,N_2,N8VIOLENCE,N
44681,N_2,N9INCITEMENT,N
44681,N_2,N10SELFDETERMINATION,N
44681,N_2,N11JEWISHRIGHTSDEFINE,N
44681,N_2,N11SELFDETERMINATION,N
44681,N_2,N11JEWISHRIGHTS,N
44681,N_2,N12DOUBLESTANDARD,N
43823,N_2,N2CONSPIRACY,N
43823,N_2,N2CONTROLMEDIA,N
43823,N_2,N2CONTROLECONOMY,N
43823,N_2,N2CONTROLGOV,N
43823,N_2,N2CONTROLOTHER,N
43823,N_2,N3COLLECTIVEBLAME,N
43823,N_2,N4HIDDENCONSPIRACY,N
43823,N_2,N4ISRAELHAND,N
43823,N_2,N5LOYALTY,N
43823,N_2,N6IDENTITYDENY,N
43823,N_2,N7COLLECTIVEGUILT,N
43823,N_2,N8VIOLENCE,N
43823,N_2,N9INCITEMENT,N
43823,N_2,N10SELFDETERMINATION,N
43823,N_2,N11JEWISHRIGHTSDEFINE,N
43823,N_2,N11SELFDETERMINATION,N
43823,N_2,N11JEWISHRIGHTS,N
43823,N_2,N12DOUBLESTANDARD,N
18740,N_2,N2CONSPIRACY,N
18740,N_2,N2CONTROLMEDIA,N
18740,N_2,N2CONTROLECONOMY,N
18740,N_2,N2CONTROLGOV,N
18740,N_2,N2CONTROLOTHER,N
18740,N_2,N3COLLECTIVEBLAME,N
18740,N_2,N4HIDDENCONSPIRACY,N
18740,N_2,N4ISRAELHAND,N
18740,N_2,N5LOYALTY,N
18740,N_2,N6IDENTITYDENY,N
18740,N_2,N7COLLECTIVEGUILT,N
18740,N_2,N8VIOLENCE,E
18740,N_2,N9INCITEMENT,E
18740,N_2,N10SELFDETERMINATION,N
18740,N_2,N11JEWISHRIGHTSDEFINE,N
18740,N_2,N11SELFDETERMINATION,N
18740,N_2,N11JEWISHRIGHTS,E
18740,N_2,N12DOUBLESTANDARD,N
14605,N_2,N2CONSPIRACY,N
14605,N_2,N2CONTROLMEDIA,N
14605,N_2,N2CONTROLECONOMY,N
14605,N_2,N2CONTROLGOV,N
14605,N_2,N2CONTROLOTHER,N
14605,N_2,N3COLLECTIVEBLAME,N
14605,N_2,N4HIDDENCONSPIRACY,N
14605,N_2,N4ISRAELHAND,N
14605,N_2,N5LOYALTY,N
14605,N_2,N6IDENTITYDENY,N
14605,N_2,N7COLLECTIVEGUILT,N
14605,N_2,N8VIOLENCE,E
14605,N_2,N9INCITEMENT,E
14605,N_2,N10SELFDETERMINATION,N
14605,N_2,N11JEWISHRIGHTSDEFINE,N
14605,N_2,N11SELFDETERMINATION,N
14605,N_2,N11JEWISHRIGHTS,E
14605,N_2,N12DOUBLESTANDARD,N
14323,N_2,PARSE_ERROR,Expecting value: line 1 column 1 (char 0)
46031,N_2,N2CONSPIRACY,N
46031,N_2,N2CONTROLMEDIA,N
46031,N_2,N2CONTROLECONOMY,N
46031,N_2,N2CONTROLGOV,N
46031,N_2,N2CONTROLOTHER,N
46031,N_2,N3COLLECTIVEBLAME,N
46031,N_2,N4HIDDENCONSPIRACY,N
46031,N_2,N4ISRAELHAND,N
46031,N_2,N5LOYALTY,N
46031,N_2,N6IDENTITYDENY,N
46031,N_2,N7COLLECTIVEGUILT,N
46031,N_2,N8VIOLENCE,N
46031,N_2,N9INCITEMENT,E
46031,N_2,N10SELFDETERMINATION,N
46031,N_2,N11JEWISHRIGHTSDEFINE,N
46031,N_2,N11SELFDETERMINATION,N
46031,N_2,N11JEWISHRIGHTS,N
46031,N_2,N12DOUBLESTANDARD,N
43431,N_2,N2CONSPIRACY,I
43431,N_2,N2CONTROLMEDIA,N
43431,N_2,N2CONTROLECONOMY,N
43431,N_2,N2CONTROLGOV,I
43431,N_2,N2CONTROLOTHER,N
43431,N_2,N3COLLECTIVEBLAME,N
43431,N_2,N4HIDDENCONSPIRACY,I
43431,N_2,N4ISRAELHAND,N
43431,N_2,N5LOYALTY,N
43431,N_2,N6IDENTITYDENY,N
43431,N_2,N7COLLECTIVEGUILT,N
43431,N_2,N8VIOLENCE,N
43431,N_2,N9INCITEMENT,N
43431,N_2,N10SELFDETERMINATION,N
43431,N_2,N11JEWISHRIGHTSDEFINE,N
43431,N_2,N11SELFDETERMINATION,N
43431,N_2,N11JEWISHRIGHTS,N
43431,N_2,N12DOUBLESTANDARD,N
20029,N_2,N2CONSPIRACY,N
20029,N_2,N2CONTROLMEDIA,N
20029,N_2,N2CONTROLECONOMY,N
20029,N_2,N2CONTROLGOV,N
20029,N_2,N2CONTROLOTHER,N
20029,N_2,N3COLLECTIVEBLAME,N
20029,N_2,N4HIDDENCONSPIRACY,N
20029,N_2,N4ISRAELHAND,N
20029,N_2,N5LOYALTY,N
20029,N_2,N6IDENTITYDENY,N
20029,N_2,N7COLLECTIVEGUILT,N
20029,N_2,N8VIOLENCE,N
20029,N_2,N9INCITEMENT,N
20029,N_2,N10SELFDETERMINATION,N
20029,N_2,N11JEWISHRIGHTSDEFINE,N
20029,N_2,N11SELFDETERMINATION,N
20029,N_2,N11JEWISHRIGHTS,N
20029,N_2,N12DOUBLESTANDARD,N
36118,N_2,N2CONSPIRACY,N
36118,N_2,N2CONTROLMEDIA,N
36118,N_2,N2CONTROLECONOMY,N
36118,N_2,N2CONTROLGOV,N
36118,N_2,N2CONTROLOTHER,N
36118,N_2,N3COLLECTIVEBLAME,N
36118,N_2,N4HIDDENCONSPIRACY,N
36118,N_2,N4ISRAELHAND,N
36118,N_2,N5LOYALTY,N
36118,N_2,N6IDENTITYDENY,N
36118,N_2,N7COLLECTIVEGUILT,N
36118,N_2,N8VIOLENCE,N
36118,N_2,N9INCITEMENT,N
36118,N_2,N10SELFDETERMINATION,N
36118,N_2,N11JEWISHRIGHTSDEFINE,N
36118,N_2,N11SELFDETERMINATION,N
36118,N_2,N11JEWISHRIGHTS,N
36118,N_2,N12DOUBLESTANDARD,N
10158,N_2,N2CONSPIRACY,N
10158,N_2,N2CONTROLMEDIA,N
10158,N_2,N2CONTROLECONOMY,N
10158,N_2,N2CONTROLGOV,N
10158,N_2,N2CONTROLOTHER,N
10158,N_2,N3COLLECTIVEBLAME,N
10158,N_2,N4HIDDENCONSPIRACY,N
10158,N_2,N4ISRAELHAND,N
10158,N_2,N5LOYALTY,N
10158,N_2,N6IDENTITYDENY,N
10158,N_2,N7COLLECTIVEGUILT,N
10158,N_2,N8VIOLENCE,N
10158,N_2,N9INCITEMENT,N
10158,N_2,N10SELFDETERMINATION,N
10158,N_2,N11JEWISHRIGHTSDEFINE,N
10158,N_2,N11SELFDETERMINATION,N
10158,N_2,N11JEWISHRIGHTS,N
10158,N_2,N12DOUBLESTANDARD,N
40088,N_2,N2CONSPIRACY,N
40088,N_2,N2CONTROLMEDIA,N
40088,N_2,N2CONTROLECONOMY,N
40088,N_2,N2CONTROLGOV,N
40088,N_2,N2CONTROLOTHER,N
40088,N_2,N3COLLECTIVEBLAME,N
40088,N_2,N4HIDDENCONSPIRACY,N
40088,N_2,N4ISRAELHAND,N
40088,N_2,N5LOYALTY,I
40088,N_2,N6IDENTITYDENY,N
40088,N_2,N7COLLECTIVEGUILT,N
40088,N_2,N8VIOLENCE,N
40088,N_2,N9INCITEMENT,N
40088,N_2,N10SELFDETERMINATION,N
40088,N_2,N11JEWISHRIGHTSDEFINE,N
40088,N_2,N11SELFDETERMINATION,N
40088,N_2,N11JEWISHRIGHTS,N
40088,N_2,N12DOUBLESTANDARD,N
1191,N_2,N2CONSPIRACY,N
1191,N_2,N2CONTROLMEDIA,N
1191,N_2,N2CONTROLECONOMY,N
1191,N_2,N2CONTROLGOV,N
1191,N_2,N2CONTROLOTHER,N
1191,N_2,N3COLLECTIVEBLAME,N
1191,N_2,N4HIDDENCONSPIRACY,N
1191,N_2,N4ISRAELHAND,N
1191,N_2,N5LOYALTY,N
1191,N_2,N6IDENTITYDENY,N
1191,N_2,N7COLLECTIVEGUILT,N
1191,N_2,N8VIOLENCE,N
1191,N_2,N9INCITEMENT,N
1191,N_2,N10SELFDETERMINATION,N
1191,N_2,N11JEWISHRIGHTSDEFINE,N
1191,N_2,N11SELFDETERMINATION,N
1191,N_2,N11JEWISHRIGHTS,N
1191,N_2,N12DOUBLESTANDARD,N
22387,N_2,N2CONSPIRACY,I
22387,N_2,N2CONTROLMEDIA,N
22387,N_2,N2CONTROLECONOMY,N
22387,N_2,N2CONTROLGOV,I
22387,N_2,N2CONTROLOTHER,I
22387,N_2,N3COLLECTIVEBLAME,N
22387,N_2,N4HIDDENCONSPIRACY,I
22387,N_2,N4ISRAELHAND,N
22387,N_2,N5LOYALTY,N
22387,N_2,N6IDENTITYDENY,N
22387,N_2,N7COLLECTIVEGUILT,N
22387,N_2,N8VIOLENCE,N
22387,N_2,N9INCITEMENT,N
22387,N_2,N10SELFDETERMINATION,N
22387,N_2,N11JEWISHRIGHTSDEFINE,N
22387,N_2,N11SELFDETERMINATION,N
22387,N_2,N11JEWISHRIGHTS,N
22387,N_2,N12DOUBLESTANDARD,N
32564,N_2,N2CONSPIRACY,N
32564,N_2,N2CONTROLMEDIA,N
32564,N_2,N2CONTROLECONOMY,N
32564,N_2,N2CONTROLGOV,N
32564,N_2,N2CONTROLOTHER,N
32564,N_2,N3COLLECTIVEBLAME,N
32564,N_2,N4HIDDENCONSPIRACY,N
32564,N_2,N4ISRAELHAND,N
32564,N_2,N5LOYALTY,N
32564,N_2,N6IDENTITYDENY,N
32564,N_2,N7COLLECTIVEGUILT,N
32564,N_2,N8VIOLENCE,N
32564,N_2,N9INCITEMENT,N
32564,N_2,N10SELFDETERMINATION,N
32564,N_2,N11JEWISHRIGHTSDEFINE,N
32564,N_2,N11SELFDETERMINATION,N
32564,N_2,N11JEWISHRIGHTS,N
32564,N_2,N12DOUBLESTANDARD,N
49393,N_2,N2CONSPIRACY,I
49393,N_2,N2CONTROLMEDIA,N
49393,N_2,N2CONTROLECONOMY,N
49393,N_2,N2CONTROLGOV,I
49393,N_2,N2CONTROLOTHER,N
49393,N_2,N3COLLECTIVEBLAME,N
49393,N_2,N4HIDDENCONSPIRACY,N
49393,N_2,N4ISRAELHAND,N
49393,N_2,N5LOYALTY,I
49393,N_2,N6IDENTITYDENY,N
49393,N_2,N7COLLECTIVEGUILT,N
49393,N_2,N8VIOLENCE,N
49393,N_2,N9INCITEMENT,N
49393,N_2,N10SELFDETERMINATION,N
49393,N_2,N11JEWISHRIGHTSDEFINE,N
49393,N_2,N11SELFDETERMINATION,N
49393,N_2,N11JEWISHRIGHTS,N
49393,N_2,N12DOUBLESTANDARD,N
25845,N_2,N2CONSPIRACY,N
25845,N_2,N2CONTROLMEDIA,N
25845,N_2,N2CONTROLECONOMY,N
25845,N_2,N2CONTROLGOV,N
25845,N_2,N2CONTROLOTHER,N
25845,N_2,N3COLLECTIVEBLAME,N
25845,N_2,N4HIDDENCONSPIRACY,N
25845,N_2,N4ISRAELHAND,N
25845,N_2,N5LOYALTY,N
25845,N_2,N6IDENTITYDENY,N
25845,N_2,N7COLLECTIVEGUILT,N
25845,N_2,N8VIOLENCE,N
25845,N_2,N9INCITEMENT,N
25845,N_2,N10SELFDETERMINATION,N
25845,N_2,N11JEWISHRIGHTSDEFINE,N
25845,N_2,N11SELFDETERMINATION,N
25845,N_2,N11JEWISHRIGHTS,N
25845,N_2,N12DOUBLESTANDARD,N
43349,N_2,N2CONSPIRACY,N
43349,N_2,N2CONTROLMEDIA,N
43349,N_2,N2CONTROLECONOMY,N
43349,N_2,N2CONTROLGOV,N
43349,N_2,N2CONTROLOTHER,N
43349,N_2,N3COLLECTIVEBLAME,N
43349,N_2,N4HIDDENCONSPIRACY,N
43349,N_2,N4ISRAELHAND,N
43349,N_2,N5LOYALTY,N
43349,N_2,N6IDENTITYDENY,N
43349,N_2,N7COLLECTIVEGUILT,N
43349,N_2,N8VIOLENCE,N
43349,N_2,N9INCITEMENT,N
43349,N_2,N10SELFDETERMINATION,N
43349,N_2,N11JEWISHRIGHTSDEFINE,N
43349,N_2,N11SELFDETERMINATION,N
43349,N_2,N11JEWISHRIGHTS,N
43349,N_2,N12DOUBLESTANDARD,N
33613,N_2,N2CONSPIRACY,N
33613,N_2,N2CONTROLMEDIA,N
33613,N_2,N2CONTROLECONOMY,N
33613,N_2,N2CONTROLGOV,N
33613,N_2,N2CONTROLOTHER,N
33613,N_2,N3COLLECTIVEBLAME,N
33613,N_2,N4HIDDENCONSPIRACY,N
33613,N_2,N4ISRAELHAND,N
33613,N_2,N5LOYALTY,N
33613,N_2,N6IDENTITYDENY,N
33613,N_2,N7COLLECTIVEGUILT,N
33613,N_2,N8VIOLENCE,N
33613,N_2,N9INCITEMENT,N
33613,N_2,N10SELFDETERMINATION,N
33613,N_2,N11JEWISHRIGHTSDEFINE,N
33613,N_2,N11SELFDETERMINATION,N
33613,N_2,N11JEWISHRIGHTS,N
33613,N_2,N12DOUBLESTANDARD,N
43549,N_2,N2CONSPIRACY,N
43549,N_2,N2CONTROLMEDIA,N
43549,N_2,N2CONTROLECONOMY,N
43549,N_2,N2CONTROLGOV,N
43549,N_2,N2CONTROLOTHER,N
43549,N_2,N3COLLECTIVEBLAME,N
43549,N_2,N4HIDDENCONSPIRACY,N
43549,N_2,N4ISRAELHAND,N
43549,N_2,N5LOYALTY,N
43549,N_2,N6IDENTITYDENY,N
43549,N_2,N7COLLECTIVEGUILT,N
43549,N_2,N8VIOLENCE,N
43549,N_2,N9INCITEMENT,N
43549,N_2,N10SELFDETERMINATION,N
43549,N_2,N11JEWISHRIGHTSDEFINE,N
43549,N_2,N11SELFDETERMINATION,N
43549,N_2,N11JEWISHRIGHTS,N
43549,N_2,N12DOUBLESTANDARD,N
7723,N_2,N2CONSPIRACY,N
7723,N_2,N2CONTROLMEDIA,N
7723,N_2,N2CONTROLECONOMY,N
7723,N_2,N2CONTROLGOV,N
7723,N_2,N2CONTROLOTHER,N
7723,N_2,N3COLLECTIVEBLAME,N
7723,N_2,N4HIDDENCONSPIRACY,N
7723,N_2,N4ISRAELHAND,N
7723,N_2,N5LOYALTY,N
7723,N_2,N6IDENTITYDENY,N
7723,N_2,N7COLLECTIVEGUILT,N
7723,N_2,N8VIOLENCE,N
7723,N_2,N9INCITEMENT,N
7723,N_2,N10SELFDETERMINATION,N
7723,N_2,N11JEWISHRIGHTSDEFINE,N
7723,N_2,N11SELFDETERMINATION,N
7723,N_2,N11JEWISHRIGHTS,N
7723,N_2,N12DOUBLESTANDARD,N
35688,N_2,N2CONSPIRACY,N
35688,N_2,N2CONTROLMEDIA,N
35688,N_2,N2CONTROLECONOMY,N
35688,N_2,N2CONTROLGOV,N
35688,N_2,N2CONTROLOTHER,N
35688,N_2,N3COLLECTIVEBLAME,N
35688,N_2,N4HIDDENCONSPIRACY,N
35688,N_2,N4ISRAELHAND,N
35688,N_2,N5LOYALTY,N
35688,N_2,N6IDENTITYDENY,N
35688,N_2,N7COLLECTIVEGUILT,N
35688,N_2,N8VIOLENCE,N
35688,N_2,N9INCITEMENT,N
35688,N_2,N10SELFDETERMINATION,N
35688,N_2,N11JEWISHRIGHTSDEFINE,N
35688,N_2,N11SELFDETERMINATION,N
35688,N_2,N11JEWISHRIGHTS,N
35688,N_2,N12DOUBLESTANDARD,N
46201,N_2,N2CONSPIRACY,A
46201,N_2,N2CONTROLMEDIA,N
46201,N_2,N2CONTROLECONOMY,N
46201,N_2,N2CONTROLGOV,N
46201,N_2,N2CONTROLOTHER,I
46201,N_2,N3COLLECTIVEBLAME,I
46201,N_2,N4HIDDENCONSPIRACY,I
46201,N_2,N4ISRAELHAND,N
46201,N_2,N5LOYALTY,N
46201,N_2,N6IDENTITYDENY,N
46201,N_2,N7COLLECTIVEGUILT,N
46201,N_2,N8VIOLENCE,N
46201,N_2,N9INCITEMENT,I
46201,N_2,N10SELFDETERMINATION,N
46201,N_2,N11JEWISHRIGHTSDEFINE,N
46201,N_2,N11SELFDETERMINATION,N
46201,N_2,N11JEWISHRIGHTS,N
46201,N_2,N12DOUBLESTANDARD,N
46738,N_2,N2CONSPIRACY,N
46738,N_2,N2CONTROLMEDIA,N
46738,N_2,N2CONTROLECONOMY,N
46738,N_2,N2CONTROLGOV,N
46738,N_2,N2CONTROLOTHER,N
46738,N_2,N3COLLECTIVEBLAME,N
46738,N_2,N4HIDDENCONSPIRACY,N
46738,N_2,N4ISRAELHAND,N
46738,N_2,N5LOYALTY,N
46738,N_2,N6IDENTITYDENY,N
46738,N_2,N7COLLECTIVEGUILT,N
46738,N_2,N8VIOLENCE,N
46738,N_2,N9INCITEMENT,N
46738,N_2,N10SELFDETERMINATION,N
46738,N_2,N11JEWISHRIGHTSDEFINE,N
46738,N_2,N11SELFDETERMINATION,N
46738,N_2,N11JEWISHRIGHTS,N
46738,N_2,N12DOUBLESTANDARD,N
13270,N_2,N2CONSPIRACY,N
13270,N_2,N2CONTROLMEDIA,N
13270,N_2,N2CONTROLECONOMY,N
13270,N_2,N2CONTROLGOV,N
13270,N_2,N2CONTROLOTHER,N
13270,N_2,N3COLLECTIVEBLAME,N
13270,N_2,N4HIDDENCONSPIRACY,N
13270,N_2,N4ISRAELHAND,N
13270,N_2,N5LOYALTY,N
13270,N_2,N6IDENTITYDENY,N
13270,N_2,N7COLLECTIVEGUILT,N
13270,N_2,N8VIOLENCE,N
13270,N_2,N9INCITEMENT,N
13270,N_2,N10SELFDETERMINATION,N
13270,N_2,N11JEWISHRIGHTSDEFINE,N
13270,N_2,N11SELFDETERMINATION,N
13270,N_2,N11JEWISHRIGHTS,N
13270,N_2,N12DOUBLESTANDARD,N
49260,N_2,N2CONSPIRACY,N
49260,N_2,N2CONTROLMEDIA,N
49260,N_2,N2CONTROLECONOMY,N
49260,N_2,N2CONTROLGOV,N
49260,N_2,N2CONTROLOTHER,I
49260,N_2,N3COLLECTIVEBLAME,N
49260,N_2,N4HIDDENCONSPIRACY,N
49260,N_2,N4ISRAELHAND,N
49260,N_2,N5LOYALTY,N
49260,N_2,N6IDENTITYDENY,N
49260,N_2,N7COLLECTIVEGUILT,N
49260,N_2,N8VIOLENCE,N
49260,N_2,N9INCITEMENT,N
49260,N_2,N10SELFDETERMINATION,N
49260,N_2,N11JEWISHRIGHTSDEFINE,N
49260,N_2,N11SELFDETERMINATION,N
49260,N_2,N11JEWISHRIGHTS,N
49260,N_2,N12DOUBLESTANDARD,N
2874,N_2,N2CONSPIRACY,N
2874,N_2,N2CONTROLMEDIA,N
2874,N_2,N2CONTROLECONOMY,N
2874,N_2,N2CONTROLGOV,N
2874,N_2,N2CONTROLOTHER,N
2874,N_2,N3COLLECTIVEBLAME,N
2874,N_2,N4HIDDENCONSPIRACY,N
2874,N_2,N4ISRAELHAND,N
2874,N_2,N5LOYALTY,N
2874,N_2,N6IDENTITYDENY,N
2874,N_2,N7COLLECTIVEGUILT,N
2874,N_2,N8VIOLENCE,N
2874,N_2,N9INCITEMENT,N
2874,N_2,N10SELFDETERMINATION,N
2874,N_2,N11JEWISHRIGHTSDEFINE,N
2874,N_2,N11SELFDETERMINATION,N
2874,N_2,N11JEWISHRIGHTS,N
2874,N_2,N12DOUBLESTANDARD,N
20320,N_2,N2CONSPIRACY,E
20320,N_2,N2CONTROLMEDIA,N
20320,N_2,N2CONTROLECONOMY,I
20320,N_2,N2CONTROLGOV,I
20320,N_2,N2CONTROLOTHER,I
20320,N_2,N3COLLECTIVEBLAME,N
20320,N_2,N4HIDDENCONSPIRACY,E
20320,N_2,N4ISRAELHAND,N
20320,N_2,N5LOYALTY,N
20320,N_2,N6IDENTITYDENY,N
20320,N_2,N7COLLECTIVEGUILT,N
20320,N_2,N8VIOLENCE,N
20320,N_2,N9INCITEMENT,N
20320,N_2,N10SELFDETERMINATION,N
20320,N_2,N11JEWISHRIGHTSDEFINE,N
20320,N_2,N11SELFDETERMINATION,N
20320,N_2,N11JEWISHRIGHTS,N
20320,N_2,N12DOUBLESTANDARD,N
45242,N_2,N2CONSPIRACY,N
45242,N_2,N2CONTROLMEDIA,N
45242,N_2,N2CONTROLECONOMY,N
45242,N_2,N2CONTROLGOV,N
45242,N_2,N2CONTROLOTHER,N
45242,N_2,N3COLLECTIVEBLAME,N
45242,N_2,N4HIDDENCONSPIRACY,N
45242,N_2,N4ISRAELHAND,N
45242,N_2,N5LOYALTY,N
45242,N_2,N6IDENTITYDENY,N
45242,N_2,N7COLLECTIVEGUILT,N
45242,N_2,N8VIOLENCE,N
45242,N_2,N9INCITEMENT,N
45242,N_2,N10SELFDETERMINATION,N
45242,N_2,N11JEWISHRIGHTSDEFINE,N
45242,N_2,N11SELFDETERMINATION,N
45242,N_2,N11JEWISHRIGHTS,N
45242,N_2,N12DOUBLESTANDARD,N
34209,N_2,N2CONSPIRACY,N
34209,N_2,N2CONTROLMEDIA,N
34209,N_2,N2CONTROLECONOMY,N
34209,N_2,N2CONTROLGOV,N
34209,N_2,N2CONTROLOTHER,N
34209,N_2,N3COLLECTIVEBLAME,N
34209,N_2,N4HIDDENCONSPIRACY,N
34209,N_2,N4ISRAELHAND,N
34209,N_2,N5LOYALTY,N
34209,N_2,N6IDENTITYDENY,N
34209,N_2,N7COLLECTIVEGUILT,N
34209,N_2,N8VIOLENCE,N
34209,N_2,N9INCITEMENT,N
34209,N_2,N10SELFDETERMINATION,N
34209,N_2,N11JEWISHRIGHTSDEFINE,N
34209,N_2,N11SELFDETERMINATION,N
34209,N_2,N11JEWISHRIGHTS,N
34209,N_2,N12DOUBLESTANDARD,N
5214,N_2,N2CONSPIRACY,N
5214,N_2,N2CONTROLMEDIA,N
5214,N_2,N2CONTROLECONOMY,N
5214,N_2,N2CONTROLGOV,N
5214,N_2,N2CONTROLOTHER,N
5214,N_2,N3COLLECTIVEBLAME,N
5214,N_2,N4HIDDENCONSPIRACY,N
5214,N_2,N4ISRAELHAND,N
5214,N_2,N5LOYALTY,N
5214,N_2,N6IDENTITYDENY,N
5214,N_2,N7COLLECTIVEGUILT,N
5214,N_2,N8VIOLENCE,N
5214,N_2,N9INCITEMENT,N
5214,N_2,N10SELFDETERMINATION,N
5214,N_2,N11JEWISHRIGHTSDEFINE,N
5214,N_2,N11SELFDETERMINATION,N
5214,N_2,N11JEWISHRIGHTS,N
5214,N_2,N12DOUBLESTANDARD,N
35072,N_2,N2CONSPIRACY,N
35072,N_2,N2CONTROLMEDIA,N
35072,N_2,N2CONTROLECONOMY,N
35072,N_2,N2CONTROLGOV,N
35072,N_2,N2CONTROLOTHER,N
35072,N_2,N3COLLECTIVEBLAME,N
35072,N_2,N4HIDDENCONSPIRACY,N
35072,N_2,N4ISRAELHAND,N
35072,N_2,N5LOYALTY,N
35072,N_2,N6IDENTITYDENY,N
35072,N_2,N7COLLECTIVEGUILT,N
35072,N_2,N8VIOLENCE,N
35072,N_2,N9INCITEMENT,N
35072,N_2,N10SELFDETERMINATION,N
35072,N_2,N11JEWISHRIGHTSDEFINE,N
35072,N_2,N11SELFDETERMINATION,N
35072,N_2,N11JEWISHRIGHTS,N
35072,N_2,N12DOUBLESTANDARD,N
43550,N_2,N2CONSPIRACY,N
43550,N_2,N2CONTROLMEDIA,N
43550,N_2,N2CONTROLECONOMY,N
43550,N_2,N2CONTROLGOV,N
43550,N_2,N2CONTROLOTHER,N
43550,N_2,N3COLLECTIVEBLAME,N
43550,N_2,N4HIDDENCONSPIRACY,N
43550,N_2,N4ISRAELHAND,N
43550,N_2,N5LOYALTY,N
43550,N_2,N6IDENTITYDENY,N
43550,N_2,N7COLLECTIVEGUILT,N
43550,N_2,N8VIOLENCE,N
43550,N_2,N9INCITEMENT,N
43550,N_2,N10SELFDETERMINATION,N
43550,N_2,N11JEWISHRIGHTSDEFINE,N
43550,N_2,N11SELFDETERMINATION,N
43550,N_2,N11JEWISHRIGHTS,N
43550,N_2,N12DOUBLESTANDARD,N
11989,N_2,N2CONSPIRACY,N
11989,N_2,N2CONTROLMEDIA,N
11989,N_2,N2CONTROLECONOMY,N
11989,N_2,N2CONTROLGOV,N
11989,N_2,N2CONTROLOTHER,N
11989,N_2,N3COLLECTIVEBLAME,N
11989,N_2,N4HIDDENCONSPIRACY,N
11989,N_2,N4ISRAELHAND,N
11989,N_2,N5LOYALTY,N
11989,N_2,N6IDENTITYDENY,N
11989,N_2,N7COLLECTIVEGUILT,N
11989,N_2,N8VIOLENCE,N
11989,N_2,N9INCITEMENT,N
11989,N_2,N10SELFDETERMINATION,N
11989,N_2,N11JEWISHRIGHTSDEFINE,N
11989,N_2,N11SELFDETERMINATION,N
11989,N_2,N11JEWISHRIGHTS,N
11989,N_2,N12DOUBLESTANDARD,N
23977,N_2,N2CONSPIRACY,N
23977,N_2,N2CONTROLMEDIA,N
23977,N_2,N2CONTROLECONOMY,N
23977,N_2,N2CONTROLGOV,N
23977,N_2,N2CONTROLOTHER,N
23977,N_2,N3COLLECTIVEBLAME,N
23977,N_2,N4HIDDENCONSPIRACY,N
23977,N_2,N4ISRAELHAND,N
23977,N_2,N5LOYALTY,N
23977,N_2,N6IDENTITYDENY,N
23977,N_2,N7COLLECTIVEGUILT,N
23977,N_2,N8VIOLENCE,N
23977,N_2,N9INCITEMENT,N
23977,N_2,N10SELFDETERMINATION,N
23977,N_2,N11JEWISHRIGHTSDEFINE,N
23977,N_2,N11SELFDETERMINATION,N
23977,N_2,N11JEWISHRIGHTS,N
23977,N_2,N12DOUBLESTANDARD,N
33322,N_2,N2CONSPIRACY,N
33322,N_2,N2CONTROLMEDIA,N
33322,N_2,N2CONTROLECONOMY,N
33322,N_2,N2CONTROLGOV,N
33322,N_2,N2CONTROLOTHER,N
33322,N_2,N3COLLECTIVEBLAME,N
33322,N_2,N4HIDDENCONSPIRACY,N
33322,N_2,N4ISRAELHAND,N
33322,N_2,N5LOYALTY,N
33322,N_2,N6IDENTITYDENY,N
33322,N_2,N7COLLECTIVEGUILT,N
33322,N_2,N8VIOLENCE,N
33322,N_2,N9INCITEMENT,N
33322,N_2,N10SELFDETERMINATION,N
33322,N_2,N11JEWISHRIGHTSDEFINE,N
33322,N_2,N11SELFDETERMINATION,N
33322,N_2,N11JEWISHRIGHTS,N
33322,N_2,N12DOUBLESTANDARD,N
22141,N_2,N2CONSPIRACY,N
22141,N_2,N2CONTROLMEDIA,N
22141,N_2,N2CONTROLECONOMY,N
22141,N_2,N2CONTROLGOV,N
22141,N_2,N2CONTROLOTHER,N
22141,N_2,N3COLLECTIVEBLAME,N
22141,N_2,N4HIDDENCONSPIRACY,N
22141,N_2,N4ISRAELHAND,N
22141,N_2,N5LOYALTY,N
22141,N_2,N6IDENTITYDENY,N
22141,N_2,N7COLLECTIVEGUILT,N
22141,N_2,N8VIOLENCE,N
22141,N_2,N9INCITEMENT,N
22141,N_2,N10SELFDETERMINATION,N
22141,N_2,N11JEWISHRIGHTSDEFINE,N
22141,N_2,N11SELFDETERMINATION,N
22141,N_2,N11JEWISHRIGHTS,N
22141,N_2,N12DOUBLESTANDARD,N
36058,N_2,N2CONSPIRACY,N
36058,N_2,N2CONTROLMEDIA,N
36058,N_2,N2CONTROLECONOMY,N
36058,N_2,N2CONTROLGOV,N
36058,N_2,N2CONTROLOTHER,N
36058,N_2,N3COLLECTIVEBLAME,N
36058,N_2,N4HIDDENCONSPIRACY,N
36058,N_2,N4ISRAELHAND,N
36058,N_2,N5LOYALTY,N
36058,N_2,N6IDENTITYDENY,N
36058,N_2,N7COLLECTIVEGUILT,N
36058,N_2,N8VIOLENCE,N
36058,N_2,N9INCITEMENT,N
36058,N_2,N10SELFDETERMINATION,N
36058,N_2,N11JEWISHRIGHTSDEFINE,N
36058,N_2,N11SELFDETERMINATION,N
36058,N_2,N11JEWISHRIGHTS,N
36058,N_2,N12DOUBLESTANDARD,N
20057,N_2,PARSE_ERROR,Expecting value: line 1 column 1 (char 0)
8203,N_2,N2CONSPIRACY,N
8203,N_2,N2CONTROLMEDIA,N
8203,N_2,N2CONTROLECONOMY,N
8203,N_2,N2CONTROLGOV,N
8203,N_2,N2CONTROLOTHER,N
8203,N_2,N3COLLECTIVEBLAME,N
8203,N_2,N4HIDDENCONSPIRACY,N
8203,N_2,N4ISRAELHAND,N
8203,N_2,N5LOYALTY,N
8203,N_2,N6IDENTITYDENY,N
8203,N_2,N7COLLECTIVEGUILT,N
8203,N_2,N8VIOLENCE,N
8203,N_2,N9INCITEMENT,N
8203,N_2,N10SELFDETERMINATION,N
8203,N_2,N11JEWISHRIGHTSDEFINE,N
8203,N_2,N11SELFDETERMINATION,N
8203,N_2,N11JEWISHRIGHTS,N
8203,N_2,N12DOUBLESTANDARD,N
24689,N_2,N2CONSPIRACY,N
24689,N_2,N2CONTROLMEDIA,N
24689,N_2,N2CONTROLECONOMY,N
24689,N_2,N2CONTROLGOV,N
24689,N_2,N2CONTROLOTHER,N
24689,N_2,N3COLLECTIVEBLAME,N
24689,N_2,N4HIDDENCONSPIRACY,N
24689,N_2,N4ISRAELHAND,N
24689,N_2,N5LOYALTY,N
24689,N_2,N6IDENTITYDENY,N
24689,N_2,N7COLLECTIVEGUILT,N
24689,N_2,N8VIOLENCE,N
24689,N_2,N9INCITEMENT,N
24689,N_2,N10SELFDETERMINATION,N
24689,N_2,N11JEWISHRIGHTSDEFINE,N
24689,N_2,N11SELFDETERMINATION,N
24689,N_2,N11JEWISHRIGHTS,N
24689,N_2,N12DOUBLESTANDARD,N
27673,N_2,N2CONSPIRACY,N
27673,N_2,N2CONTROLMEDIA,N
27673,N_2,N2CONTROLECONOMY,N
27673,N_2,N2CONTROLGOV,N
27673,N_2,N2CONTROLOTHER,N
27673,N_2,N3COLLECTIVEBLAME,N
27673,N_2,N4HIDDENCONSPIRACY,N
27673,N_2,N4ISRAELHAND,N
27673,N_2,N5LOYALTY,N
27673,N_2,N6IDENTITYDENY,N
27673,N_2,N7COLLECTIVEGUILT,N
27673,N_2,N8VIOLENCE,N
27673,N_2,N9INCITEMENT,N
27673,N_2,N10SELFDETERMINATION,N
27673,N_2,N11JEWISHRIGHTSDEFINE,N
27673,N_2,N11SELFDETERMINATION,N
27673,N_2,N11JEWISHRIGHTS,N
27673,N_2,N12DOUBLESTANDARD,N
27940,N_2,N2CONSPIRACY,A
27940,N_2,N2CONTROLMEDIA,A
27940,N_2,N2CONTROLECONOMY,A
27940,N_2,N2CONTROLGOV,A
27940,N_2,N2CONTROLOTHER,A
27940,N_2,N3COLLECTIVEBLAME,A
27940,N_2,N4HIDDENCONSPIRACY,A
27940,N_2,N4ISRAELHAND,A
27940,N_2,N5LOYALTY,A
27940,N_2,N6IDENTITYDENY,N
27940,N_2,N7COLLECTIVEGUILT,A
27940,N_2,N8VIOLENCE,N
27940,N_2,N9INCITEMENT,N
27940,N_2,N10SELFDETERMINATION,N
27940,N_2,N11JEWISHRIGHTSDEFINE,N
27940,N_2,N11SELFDETERMINATION,N
27940,N_2,N11JEWISHRIGHTS,N
27940,N_2,N12DOUBLESTANDARD,A
31512,N_2,N2CONSPIRACY,A
31512,N_2,N2CONTROLMEDIA,N
31512,N_2,N2CONTROLECONOMY,N
31512,N_2,N2CONTROLGOV,N
31512,N_2,N2CONTROLOTHER,N
31512,N_2,N3COLLECTIVEBLAME,N
31512,N_2,N4HIDDENCONSPIRACY,N
31512,N_2,N4ISRAELHAND,N
31512,N_2,N5LOYALTY,N
31512,N_2,N6IDENTITYDENY,N
31512,N_2,N7COLLECTIVEGUILT,N
31512,N_2,N8VIOLENCE,N
31512,N_2,N9INCITEMENT,N
31512,N_2,N10SELFDETERMINATION,N
31512,N_2,N11JEWISHRIGHTSDEFINE,N
31512,N_2,N11SELFDETERMINATION,N
31512,N_2,N11JEWISHRIGHTS,N
31512,N_2,N12DOUBLESTANDARD,N
10370,N_2,N2CONSPIRACY,N
10370,N_2,N2CONTROLMEDIA,N
10370,N_2,N2CONTROLECONOMY,N
10370,N_2,N2CONTROLGOV,N
10370,N_2,N2CONTROLOTHER,N
10370,N_2,N3COLLECTIVEBLAME,E
10370,N_2,N4HIDDENCONSPIRACY,N
10370,N_2,N4ISRAELHAND,N
10370,N_2,N5LOYALTY,N
10370,N_2,N6IDENTITYDENY,N
10370,N_2,N7COLLECTIVEGUILT,E
10370,N_2,N8VIOLENCE,N
10370,N_2,N9INCITEMENT,I
10370,N_2,N10SELFDETERMINATION,E
10370,N_2,N11JEWISHRIGHTSDEFINE,E
10370,N_2,N11SELFDETERMINATION,E
10370,N_2,N11JEWISHRIGHTS,E
10370,N_2,N12DOUBLESTANDARD,N
12203,N_2,N2CONSPIRACY,N
12203,N_2,N2CONTROLMEDIA,N
12203,N_2,N2CONTROLECONOMY,N
12203,N_2,N2CONTROLGOV,N
12203,N_2,N2CONTROLOTHER,N
12203,N_2,N3COLLECTIVEBLAME,N
12203,N_2,N4HIDDENCONSPIRACY,N
12203,N_2,N4ISRAELHAND,N
12203,N_2,N5LOYALTY,N
12203,N_2,N6IDENTITYDENY,N
12203,N_2,N7COLLECTIVEGUILT,N
12203,N_2,N8VIOLENCE,N
12203,N_2,N9INCITEMENT,N
12203,N_2,N10SELFDETERMINATION,N
12203,N_2,N11JEWISHRIGHTSDEFINE,N
12203,N_2,N11SELFDETERMINATION,N
12203,N_2,N11JEWISHRIGHTS,N
12203,N_2,N12DOUBLESTANDARD,N
22701,N_2,N2CONSPIRACY,N
22701,N_2,N2CONTROLMEDIA,N
22701,N_2,N2CONTROLECONOMY,N
22701,N_2,N2CONTROLGOV,N
22701,N_2,N2CONTROLOTHER,N
22701,N_2,N3COLLECTIVEBLAME,N
22701,N_2,N4HIDDENCONSPIRACY,N
22701,N_2,N4ISRAELHAND,N
22701,N_2,N5LOYALTY,N
22701,N_2,N6IDENTITYDENY,N
22701,N_2,N7COLLECTIVEGUILT,N
22701,N_2,N8VIOLENCE,N
22701,N_2,N9INCITEMENT,N
22701,N_2,N10SELFDETERMINATION,N
22701,N_2,N11JEWISHRIGHTSDEFINE,N
22701,N_2,N11SELFDETERMINATION,N
22701,N_2,N11JEWISHRIGHTS,N
22701,N_2,N12DOUBLESTANDARD,N
47711,N_2,N2CONSPIRACY,N
47711,N_2,N2CONTROLMEDIA,N
47711,N_2,N2CONTROLECONOMY,N
47711,N_2,N2CONTROLGOV,N
47711,N_2,N2CONTROLOTHER,N
47711,N_2,N3COLLECTIVEBLAME,N
47711,N_2,N4HIDDENCONSPIRACY,N
47711,N_2,N4ISRAELHAND,N
47711,N_2,N5LOYALTY,N
47711,N_2,N6IDENTITYDENY,N
47711,N_2,N7COLLECTIVEGUILT,N
47711,N_2,N8VIOLENCE,N
47711,N_2,N9INCITEMENT,N
47711,N_2,N10SELFDETERMINATION,N
47711,N_2,N11JEWISHRIGHTSDEFINE,N
47711,N_2,N11SELFDETERMINATION,N
47711,N_2,N11JEWISHRIGHTS,N
47711,N_2,N12DOUBLESTANDARD,N
49245,N_2,N2CONSPIRACY,I
49245,N_2,N2CONTROLMEDIA,N
49245,N_2,N2CONTROLECONOMY,N
49245,N_2,N2CONTROLGOV,I
49245,N_2,N2CONTROLOTHER,I
49245,N_2,N3COLLECTIVEBLAME,E
49245,N_2,N4HIDDENCONSPIRACY,I
49245,N_2,N4ISRAELHAND,I
49245,N_2,N5LOYALTY,E
49245,N_2,N6IDENTITYDENY,N
49245,N_2,N7COLLECTIVEGUILT,E
49245,N_2,N8VIOLENCE,N
49245,N_2,N9INCITEMENT,E
49245,N_2,N10SELFDETERMINATION,N
49245,N_2,N11JEWISHRIGHTSDEFINE,N
49245,N_2,N11SELFDETERMINATION,N
49245,N_2,N11JEWISHRIGHTS,E
49245,N_2,N12DOUBLESTANDARD,N
43993,N_2,N2CONSPIRACY,N
43993,N_2,N2CONTROLMEDIA,N
43993,N_2,N2CONTROLECONOMY,N
43993,N_2,N2CONTROLGOV,N
43993,N_2,N2CONTROLOTHER,N
43993,N_2,N3COLLECTIVEBLAME,N
43993,N_2,N4HIDDENCONSPIRACY,N
43993,N_2,N4ISRAELHAND,N
43993,N_2,N5LOYALTY,N
43993,N_2,N6IDENTITYDENY,N
43993,N_2,N7COLLECTIVEGUILT,N
43993,N_2,N8VIOLENCE,N
43993,N_2,N9INCITEMENT,N
43993,N_2,N10SELFDETERMINATION,N
43993,N_2,N11JEWISHRIGHTSDEFINE,N
43993,N_2,N11SELFDETERMINATION,N
43993,N_2,N11JEWISHRIGHTS,N
43993,N_2,N12DOUBLESTANDARD,N
33941,N_2,N2CONSPIRACY,N
33941,N_2,N2CONTROLMEDIA,N
33941,N_2,N2CONTROLECONOMY,N
33941,N_2,N2CONTROLGOV,N
33941,N_2,N2CONTROLOTHER,N
33941,N_2,N3COLLECTIVEBLAME,N
33941,N_2,N4HIDDENCONSPIRACY,N
33941,N_2,N4ISRAELHAND,N
33941,N_2,N5LOYALTY,N
33941,N_2,N6IDENTITYDENY,N
33941,N_2,N7COLLECTIVEGUILT,N
33941,N_2,N8VIOLENCE,N
33941,N_2,N9INCITEMENT,N
33941,N_2,N10SELFDETERMINATION,N
33941,N_2,N11JEWISHRIGHTSDEFINE,N
33941,N_2,N11SELFDETERMINATION,N
33941,N_2,N11JEWISHRIGHTS,N
33941,N_2,N12DOUBLESTANDARD,N
41297,N_2,N2CONSPIRACY,N
41297,N_2,N2CONTROLMEDIA,N
41297,N_2,N2CONTROLECONOMY,N
41297,N_2,N2CONTROLGOV,N
41297,N_2,N2CONTROLOTHER,N
41297,N_2,N3COLLECTIVEBLAME,E
41297,N_2,N4HIDDENCONSPIRACY,N
41297,N_2,N4ISRAELHAND,N
41297,N_2,N5LOYALTY,N
41297,N_2,N6IDENTITYDENY,N
41297,N_2,N7COLLECTIVEGUILT,N
41297,N_2,N8VIOLENCE,N
41297,N_2,N9INCITEMENT,I
41297,N_2,N10SELFDETERMINATION,N
41297,N_2,N11JEWISHRIGHTSDEFINE,N
41297,N_2,N11SELFDETERMINATION,N
41297,N_2,N11JEWISHRIGHTS,N
41297,N_2,N12DOUBLESTANDARD,N
23264,N_2,N2CONSPIRACY,N
23264,N_2,N2CONTROLMEDIA,N
23264,N_2,N2CONTROLECONOMY,N
23264,N_2,N2CONTROLGOV,N
23264,N_2,N2CONTROLOTHER,N
23264,N_2,N3COLLECTIVEBLAME,N
23264,N_2,N4HIDDENCONSPIRACY,N
23264,N_2,N4ISRAELHAND,N
23264,N_2,N5LOYALTY,N
23264,N_2,N6IDENTITYDENY,N
23264,N_2,N7COLLECTIVEGUILT,N
23264,N_2,N8VIOLENCE,N
23264,N_2,N9INCITEMENT,N
23264,N_2,N10SELFDETERMINATION,N
23264,N_2,N11JEWISHRIGHTSDEFINE,N
23264,N_2,N11SELFDETERMINATION,N
23264,N_2,N11JEWISHRIGHTS,N
23264,N_2,N12DOUBLESTANDARD,N
8563,N_2,N2CONSPIRACY,N
8563,N_2,N2CONTROLMEDIA,N
8563,N_2,N2CONTROLECONOMY,N
8563,N_2,N2CONTROLGOV,N
8563,N_2,N2CONTROLOTHER,N
8563,N_2,N3COLLECTIVEBLAME,N
8563,N_2,N4HIDDENCONSPIRACY,N
8563,N_2,N4ISRAELHAND,N
8563,N_2,N5LOYALTY,I
8563,N_2,N6IDENTITYDENY,I
8563,N_2,N7COLLECTIVEGUILT,N
8563,N_2,N8VIOLENCE,N
8563,N_2,N9INCITEMENT,N
8563,N_2,N10SELFDETERMINATION,N
8563,N_2,N11JEWISHRIGHTSDEFINE,N
8563,N_2,N11SELFDETERMINATION,N
8563,N_2,N11JEWISHRIGHTS,N
8563,N_2,N12DOUBLESTANDARD,N
40495,N_2,N2CONSPIRACY,N
40495,N_2,N2CONTROLMEDIA,N
40495,N_2,N2CONTROLECONOMY,N
40495,N_2,N2CONTROLGOV,N
40495,N_2,N2CONTROLOTHER,N
40495,N_2,N3COLLECTIVEBLAME,N
40495,N_2,N4HIDDENCONSPIRACY,N
40495,N_2,N4ISRAELHAND,N
40495,N_2,N5LOYALTY,N
40495,N_2,N6IDENTITYDENY,N
40495,N_2,N7COLLECTIVEGUILT,N
40495,N_2,N8VIOLENCE,N
40495,N_2,N9INCITEMENT,N
40495,N_2,N10SELFDETERMINATION,N
40495,N_2,N11JEWISHRIGHTSDEFINE,N
40495,N_2,N11SELFDETERMINATION,N
40495,N_2,N11JEWISHRIGHTS,N
40495,N_2,N12DOUBLESTANDARD,N
4166,N_2,N2CONSPIRACY,N
4166,N_2,N2CONTROLMEDIA,N
4166,N_2,N2CONTROLECONOMY,N
4166,N_2,N2CONTROLGOV,N
4166,N_2,N2CONTROLOTHER,N
4166,N_2,N3COLLECTIVEBLAME,N
4166,N_2,N4HIDDENCONSPIRACY,N
4166,N_2,N4ISRAELHAND,N
4166,N_2,N5LOYALTY,N
4166,N_2,N6IDENTITYDENY,N
4166,N_2,N7COLLECTIVEGUILT,N
4166,N_2,N8VIOLENCE,N
4166,N_2,N9INCITEMENT,N
4166,N_2,N10SELFDETERMINATION,N
4166,N_2,N11JEWISHRIGHTSDEFINE,N
4166,N_2,N11SELFDETERMINATION,N
4166,N_2,N11JEWISHRIGHTS,N
4166,N_2,N12DOUBLESTANDARD,N
1063,N_2,N2CONSPIRACY,N
1063,N_2,N2CONTROLMEDIA,N
1063,N_2,N2CONTROLECONOMY,N
1063,N_2,N2CONTROLGOV,N
1063,N_2,N2CONTROLOTHER,N
1063,N_2,N3COLLECTIVEBLAME,N
1063,N_2,N4HIDDENCONSPIRACY,N
1063,N_2,N4ISRAELHAND,N
1063,N_2,N5LOYALTY,N
1063,N_2,N6IDENTITYDENY,N
1063,N_2,N7COLLECTIVEGUILT,N
1063,N_2,N8VIOLENCE,N
1063,N_2,N9INCITEMENT,N
1063,N_2,N10SELFDETERMINATION,N
1063,N_2,N11JEWISHRIGHTSDEFINE,N
1063,N_2,N11SELFDETERMINATION,N
1063,N_2,N11JEWISHRIGHTS,N
1063,N_2,N12DOUBLESTANDARD,N
49323,N_2,N2CONSPIRACY,N
49323,N_2,N2CONTROLMEDIA,I
49323,N_2,N2CONTROLECONOMY,N
49323,N_2,N2CONTROLGOV,N
49323,N_2,N2CONTROLOTHER,N
49323,N_2,N3COLLECTIVEBLAME,N
49323,N_2,N4HIDDENCONSPIRACY,N
49323,N_2,N4ISRAELHAND,N
49323,N_2,N5LOYALTY,N
49323,N_2,N6IDENTITYDENY,N
49323,N_2,N7COLLECTIVEGUILT,N
49323,N_2,N8VIOLENCE,N
49323,N_2,N9INCITEMENT,N
49323,N_2,N10SELFDETERMINATION,N
49323,N_2,N11JEWISHRIGHTSDEFINE,N
49323,N_2,N11SELFDETERMINATION,N
49323,N_2,N11JEWISHRIGHTS,N
49323,N_2,N12DOUBLESTANDARD,N
14626,N_2,N2CONSPIRACY,N
14626,N_2,N2CONTROLMEDIA,N
14626,N_2,N2CONTROLECONOMY,N
14626,N_2,N2CONTROLGOV,N
14626,N_2,N2CONTROLOTHER,N
14626,N_2,N3COLLECTIVEBLAME,N
14626,N_2,N4HIDDENCONSPIRACY,N
14626,N_2,N4ISRAELHAND,N
14626,N_2,N5LOYALTY,N
14626,N_2,N6IDENTITYDENY,N
14626,N_2,N7COLLECTIVEGUILT,N
14626,N_2,N8VIOLENCE,N
14626,N_2,N9INCITEMENT,E
14626,N_2,N10SELFDETERMINATION,N
14626,N_2,N11JEWISHRIGHTSDEFINE,N
14626,N_2,N11SELFDETERMINATION,N
14626,N_2,N11JEWISHRIGHTS,N
14626,N_2,N12DOUBLESTANDARD,N
4898,N_2,N2CONSPIRACY,N
4898,N_2,N2CONTROLMEDIA,N
4898,N_2,N2CONTROLECONOMY,N
4898,N_2,N2CONTROLGOV,N
4898,N_2,N2CONTROLOTHER,N
4898,N_2,N3COLLECTIVEBLAME,N
4898,N_2,N4HIDDENCONSPIRACY,N
4898,N_2,N4ISRAELHAND,N
4898,N_2,N5LOYALTY,N
4898,N_2,N6IDENTITYDENY,N
4898,N_2,N7COLLECTIVEGUILT,N
4898,N_2,N8VIOLENCE,N
4898,N_2,N9INCITEMENT,N
4898,N_2,N10SELFDETERMINATION,N
4898,N_2,N11JEWISHRIGHTSDEFINE,N
4898,N_2,N11SELFDETERMINATION,N
4898,N_2,N11JEWISHRIGHTS,N
4898,N_2,N12DOUBLESTANDARD,N
10331,N_2,N2CONSPIRACY,N
10331,N_2,N2CONTROLMEDIA,N
10331,N_2,N2CONTROLECONOMY,N
10331,N_2,N2CONTROLGOV,N
10331,N_2,N2CONTROLOTHER,N
10331,N_2,N3COLLECTIVEBLAME,N
10331,N_2,N4HIDDENCONSPIRACY,N
10331,N_2,N4ISRAELHAND,N
10331,N_2,N5LOYALTY,N
10331,N_2,N6IDENTITYDENY,N
10331,N_2,N7COLLECTIVEGUILT,N
10331,N_2,N8VIOLENCE,N
10331,N_2,N9INCITEMENT,N
10331,N_2,N10SELFDETERMINATION,N
10331,N_2,N11JEWISHRIGHTSDEFINE,N
10331,N_2,N11SELFDETERMINATION,N
10331,N_2,N11JEWISHRIGHTS,N
10331,N_2,N12DOUBLESTANDARD,N
27027,N_2,N2CONSPIRACY,N
27027,N_2,N2CONTROLMEDIA,N
27027,N_2,N2CONTROLECONOMY,N
27027,N_2,N2CONTROLGOV,N
27027,N_2,N2CONTROLOTHER,N
27027,N_2,N3COLLECTIVEBLAME,N
27027,N_2,N4HIDDENCONSPIRACY,N
27027,N_2,N4ISRAELHAND,N
27027,N_2,N5LOYALTY,N
27027,N_2,N6IDENTITYDENY,N
27027,N_2,N7COLLECTIVEGUILT,N
27027,N_2,N8VIOLENCE,N
27027,N_2,N9INCITEMENT,N
27027,N_2,N10SELFDETERMINATION,N
27027,N_2,N11JEWISHRIGHTSDEFINE,N
27027,N_2,N11SELFDETERMINATION,N
27027,N_2,N11JEWISHRIGHTS,N
27027,N_2,N12DOUBLESTANDARD,N
13514,N_2,N2CONSPIRACY,N
13514,N_2,N2CONTROLMEDIA,N
13514,N_2,N2CONTROLECONOMY,N
13514,N_2,N2CONTROLGOV,N
13514,N_2,N2CONTROLOTHER,N
13514,N_2,N3COLLECTIVEBLAME,N
13514,N_2,N4HIDDENCONSPIRACY,N
13514,N_2,N4ISRAELHAND,N
13514,N_2,N5LOYALTY,N
13514,N_2,N6IDENTITYDENY,N
13514,N_2,N7COLLECTIVEGUILT,N
13514,N_2,N8VIOLENCE,N
13514,N_2,N9INCITEMENT,N
13514,N_2,N10SELFDETERMINATION,N
13514,N_2,N11JEWISHRIGHTSDEFINE,N
13514,N_2,N11SELFDETERMINATION,N
13514,N_2,N11JEWISHRIGHTS,N
13514,N_2,N12DOUBLESTANDARD,N
40464,N_2,N2CONSPIRACY,I
40464,N_2,N2CONTROLMEDIA,N
40464,N_2,N2CONTROLECONOMY,N
40464,N_2,N2CONTROLGOV,I
40464,N_2,N2CONTROLOTHER,N
40464,N_2,N3COLLECTIVEBLAME,N
40464,N_2,N4HIDDENCONSPIRACY,N
40464,N_2,N4ISRAELHAND,I
40464,N_2,N5LOYALTY,N
40464,N_2,N6IDENTITYDENY,N
40464,N_2,N7COLLECTIVEGUILT,N
40464,N_2,N8VIOLENCE,N
40464,N_2,N9INCITEMENT,N
40464,N_2,N10SELFDETERMINATION,N
40464,N_2,N11JEWISHRIGHTSDEFINE,N
40464,N_2,N11SELFDETERMINATION,N
40464,N_2,N11JEWISHRIGHTS,N
40464,N_2,N12DOUBLESTANDARD,N
10135,N_2,N2CONSPIRACY,N
10135,N_2,N2CONTROLMEDIA,N
10135,N_2,N2CONTROLECONOMY,N
10135,N_2,N2CONTROLGOV,N
10135,N_2,N2CONTROLOTHER,N
10135,N_2,N3COLLECTIVEBLAME,N
10135,N_2,N4HIDDENCONSPIRACY,N
10135,N_2,N4ISRAELHAND,N
10135,N_2,N5LOYALTY,N
10135,N_2,N6IDENTITYDENY,N
10135,N_2,N7COLLECTIVEGUILT,N
10135,N_2,N8VIOLENCE,N
10135,N_2,N9INCITEMENT,N
10135,N_2,N10SELFDETERMINATION,N
10135,N_2,N11JEWISHRIGHTSDEFINE,N
10135,N_2,N11SELFDETERMINATION,N
10135,N_2,N11JEWISHRIGHTS,N
10135,N_2,N12DOUBLESTANDARD,N
20193,N_2,N2CONSPIRACY,N
20193,N_2,N2CONTROLMEDIA,N
20193,N_2,N2CONTROLECONOMY,N
20193,N_2,N2CONTROLGOV,N
20193,N_2,N2CONTROLOTHER,N
20193,N_2,N3COLLECTIVEBLAME,N
20193,N_2,N4HIDDENCONSPIRACY,N
20193,N_2,N4ISRAELHAND,N
20193,N_2,N5LOYALTY,N
20193,N_2,N6IDENTITYDENY,N
20193,N_2,N7COLLECTIVEGUILT,N
20193,N_2,N8VIOLENCE,N
20193,N_2,N9INCITEMENT,N
20193,N_2,N10SELFDETERMINATION,N
20193,N_2,N11JEWISHRIGHTSDEFINE,N
20193,N_2,N11SELFDETERMINATION,N
20193,N_2,N11JEWISHRIGHTS,N
20193,N_2,N12DOUBLESTANDARD,N
7291,N_2,N2CONSPIRACY,N
7291,N_2,N2CONTROLMEDIA,N
7291,N_2,N2CONTROLECONOMY,N
7291,N_2,N2CONTROLGOV,N
7291,N_2,N2CONTROLOTHER,N
7291,N_2,N3COLLECTIVEBLAME,N
7291,N_2,N4HIDDENCONSPIRACY,N
7291,N_2,N4ISRAELHAND,N
7291,N_2,N5LOYALTY,N
7291,N_2,N6IDENTITYDENY,N
7291,N_2,N7COLLECTIVEGUILT,N
7291,N_2,N8VIOLENCE,N
7291,N_2,N9INCITEMENT,N
7291,N_2,N10SELFDETERMINATION,N
7291,N_2,N11JEWISHRIGHTSDEFINE,N
7291,N_2,N11SELFDETERMINATION,N
7291,N_2,N11JEWISHRIGHTS,N
7291,N_2,N12DOUBLESTANDARD,N
8310,N_2,N2CONSPIRACY,N
8310,N_2,N2CONTROLMEDIA,N
8310,N_2,N2CONTROLECONOMY,N
8310,N_2,N2CONTROLGOV,N
8310,N_2,N2CONTROLOTHER,N
8310,N_2,N3COLLECTIVEBLAME,N
8310,N_2,N4HIDDENCONSPIRACY,N
8310,N_2,N4ISRAELHAND,N
8310,N_2,N5LOYALTY,N
8310,N_2,N6IDENTITYDENY,N
8310,N_2,N7COLLECTIVEGUILT,N
8310,N_2,N8VIOLENCE,N
8310,N_2,N9INCITEMENT,E
8310,N_2,N10SELFDETERMINATION,N
8310,N_2,N11JEWISHRIGHTSDEFINE,N
8310,N_2,N11SELFDETERMINATION,N
8310,N_2,N11JEWISHRIGHTS,N
8310,N_2,N12DOUBLESTANDARD,N
5954,N_2,N2CONSPIRACY,N
5954,N_2,N2CONTROLMEDIA,N
5954,N_2,N2CONTROLECONOMY,N
5954,N_2,N2CONTROLGOV,N
5954,N_2,N2CONTROLOTHER,N
5954,N_2,N3COLLECTIVEBLAME,N
5954,N_2,N4HIDDENCONSPIRACY,N
5954,N_2,N4ISRAELHAND,N
5954,N_2,N5LOYALTY,N
5954,N_2,N6IDENTITYDENY,N
5954,N_2,N7COLLECTIVEGUILT,N
5954,N_2,N8VIOLENCE,N
5954,N_2,N9INCITEMENT,N
5954,N_2,N10SELFDETERMINATION,N
5954,N_2,N11JEWISHRIGHTSDEFINE,N
5954,N_2,N11SELFDETERMINATION,N
5954,N_2,N11JEWISHRIGHTS,N
5954,N_2,N12DOUBLESTANDARD,N
6896,N_2,N2CONSPIRACY,N
6896,N_2,N2CONTROLMEDIA,N
6896,N_2,N2CONTROLECONOMY,N
6896,N_2,N2CONTROLGOV,N
6896,N_2,N2CONTROLOTHER,N
6896,N_2,N3COLLECTIVEBLAME,N
6896,N_2,N4HIDDENCONSPIRACY,N
6896,N_2,N4ISRAELHAND,N
6896,N_2,N5LOYALTY,N
6896,N_2,N6IDENTITYDENY,N
6896,N_2,N7COLLECTIVEGUILT,N
6896,N_2,N8VIOLENCE,N
6896,N_2,N9INCITEMENT,N
6896,N_2,N10SELFDETERMINATION,N
6896,N_2,N11JEWISHRIGHTSDEFINE,N
6896,N_2,N11SELFDETERMINATION,N
6896,N_2,N11JEWISHRIGHTS,N
6896,N_2,N12DOUBLESTANDARD,N
10729,N_2,N2CONSPIRACY,N
10729,N_2,N2CONTROLMEDIA,N
10729,N_2,N2CONTROLECONOMY,N
10729,N_2,N2CONTROLGOV,N
10729,N_2,N2CONTROLOTHER,N
10729,N_2,N3COLLECTIVEBLAME,N
10729,N_2,N4HIDDENCONSPIRACY,N
10729,N_2,N4ISRAELHAND,N
10729,N_2,N5LOYALTY,N
10729,N_2,N6IDENTITYDENY,N
10729,N_2,N7COLLECTIVEGUILT,N
10729,N_2,N8VIOLENCE,N
10729,N_2,N9INCITEMENT,N
10729,N_2,N10SELFDETERMINATION,N
10729,N_2,N11JEWISHRIGHTSDEFINE,N
10729,N_2,N11SELFDETERMINATION,N
10729,N_2,N11JEWISHRIGHTS,N
10729,N_2,N12DOUBLESTANDARD,N
7311,N_2,N2CONSPIRACY,N
7311,N_2,N2CONTROLMEDIA,N
7311,N_2,N2CONTROLECONOMY,N
7311,N_2,N2CONTROLGOV,N
7311,N_2,N2CONTROLOTHER,N
7311,N_2,N3COLLECTIVEBLAME,N
7311,N_2,N4HIDDENCONSPIRACY,N
7311,N_2,N4ISRAELHAND,N
7311,N_2,N5LOYALTY,N
7311,N_2,N6IDENTITYDENY,N
7311,N_2,N7COLLECTIVEGUILT,N
7311,N_2,N8VIOLENCE,N
7311,N_2,N9INCITEMENT,N
7311,N_2,N10SELFDETERMINATION,N
7311,N_2,N11JEWISHRIGHTSDEFINE,N
7311,N_2,N11SELFDETERMINATION,N
7311,N_2,N11JEWISHRIGHTS,N
7311,N_2,N12DOUBLESTANDARD,N
17164,N_2,N2CONSPIRACY,E
17164,N_2,N2CONTROLMEDIA,N
17164,N_2,N2CONTROLECONOMY,N
17164,N_2,N2CONTROLGOV,E
17164,N_2,N2CONTROLOTHER,E
17164,N_2,N3COLLECTIVEBLAME,E
17164,N_2,N4HIDDENCONSPIRACY,E
17164,N_2,N4ISRAELHAND,N
17164,N_2,N5LOYALTY,N
17164,N_2,N6IDENTITYDENY,N
17164,N_2,N7COLLECTIVEGUILT,N
17164,N_2,N8VIOLENCE,N
17164,N_2,N9INCITEMENT,N
17164,N_2,N10SELFDETERMINATION,N
17164,N_2,N11JEWISHRIGHTSDEFINE,N
17164,N_2,N11SELFDETERMINATION,N
17164,N_2,N11JEWISHRIGHTS,N
17164,N_2,N12DOUBLESTANDARD,N
234,N_2,N2CONSPIRACY,N
234,N_2,N2CONTROLMEDIA,N
234,N_2,N2CONTROLECONOMY,N
234,N_2,N2CONTROLGOV,N
234,N_2,N2CONTROLOTHER,N
234,N_2,N3COLLECTIVEBLAME,N
234,N_2,N4HIDDENCONSPIRACY,N
234,N_2,N4ISRAELHAND,N
234,N_2,N5LOYALTY,N
234,N_2,N6IDENTITYDENY,N
234,N_2,N7COLLECTIVEGUILT,N
234,N_2,N8VIOLENCE,N
234,N_2,N9INCITEMENT,N
234,N_2,N10SELFDETERMINATION,N
234,N_2,N11JEWISHRIGHTSDEFINE,N
234,N_2,N11SELFDETERMINATION,N
234,N_2,N11JEWISHRIGHTS,N
234,N_2,N12DOUBLESTANDARD,N
7681,N_2,N2CONSPIRACY,N
7681,N_2,N2CONTROLMEDIA,N
7681,N_2,N2CONTROLECONOMY,N
7681,N_2,N2CONTROLGOV,N
7681,N_2,N2CONTROLOTHER,N
7681,N_2,N3COLLECTIVEBLAME,N
7681,N_2,N4HIDDENCONSPIRACY,N
7681,N_2,N4ISRAELHAND,N
7681,N_2,N5LOYALTY,N
7681,N_2,N6IDENTITYDENY,N
7681,N_2,N7COLLECTIVEGUILT,N
7681,N_2,N8VIOLENCE,N
7681,N_2,N9INCITEMENT,N
7681,N_2,N10SELFDETERMINATION,N
7681,N_2,N11JEWISHRIGHTSDEFINE,N
7681,N_2,N11SELFDETERMINATION,N
7681,N_2,N11JEWISHRIGHTS,N
7681,N_2,N12DOUBLESTANDARD,N
32785,N_2,N2CONSPIRACY,N
32785,N_2,N2CONTROLMEDIA,N
32785,N_2,N2CONTROLECONOMY,N
32785,N_2,N2CONTROLGOV,N
32785,N_2,N2CONTROLOTHER,N
32785,N_2,N3COLLECTIVEBLAME,N
32785,N_2,N4HIDDENCONSPIRACY,N
32785,N_2,N4ISRAELHAND,N
32785,N_2,N5LOYALTY,N
32785,N_2,N6IDENTITYDENY,N
32785,N_2,N7COLLECTIVEGUILT,N
32785,N_2,N8VIOLENCE,N
32785,N_2,N9INCITEMENT,N
32785,N_2,N10SELFDETERMINATION,N
32785,N_2,N11JEWISHRIGHTSDEFINE,N
32785,N_2,N11SELFDETERMINATION,N
32785,N_2,N11JEWISHRIGHTS,N
32785,N_2,N12DOUBLESTANDARD,N
13639,N_2,N2CONSPIRACY,N
13639,N_2,N2CONTROLMEDIA,N
13639,N_2,N2CONTROLECONOMY,N
13639,N_2,N2CONTROLGOV,N
13639,N_2,N2CONTROLOTHER,N
13639,N_2,N3COLLECTIVEBLAME,N
13639,N_2,N4HIDDENCONSPIRACY,N
13639,N_2,N4ISRAELHAND,N
13639,N_2,N5LOYALTY,N
13639,N_2,N6IDENTITYDENY,N
13639,N_2,N7COLLECTIVEGUILT,N
13639,N_2,N8VIOLENCE,N
13639,N_2,N9INCITEMENT,E
13639,N_2,N10SELFDETERMINATION,N
13639,N_2,N11JEWISHRIGHTSDEFINE,N
13639,N_2,N11SELFDETERMINATION,N
13639,N_2,N11JEWISHRIGHTS,E
13639,N_2,N12DOUBLESTANDARD,N
8289,N_2,N2CONSPIRACY,N
8289,N_2,N2CONTROLMEDIA,N
8289,N_2,N2CONTROLECONOMY,N
8289,N_2,N2CONTROLGOV,N
8289,N_2,N2CONTROLOTHER,N
8289,N_2,N3COLLECTIVEBLAME,N
8289,N_2,N4HIDDENCONSPIRACY,N
8289,N_2,N4ISRAELHAND,N
8289,N_2,N5LOYALTY,N
8289,N_2,N6IDENTITYDENY,N
8289,N_2,N7COLLECTIVEGUILT,N
8289,N_2,N8VIOLENCE,N
8289,N_2,N9INCITEMENT,N
8289,N_2,N10SELFDETERMINATION,N
8289,N_2,N11JEWISHRIGHTSDEFINE,N
8289,N_2,N11SELFDETERMINATION,N
8289,N_2,N11JEWISHRIGHTS,N
8289,N_2,N12DOUBLESTANDARD,N
6819,N_2,N2CONSPIRACY,N
6819,N_2,N2CONTROLMEDIA,N
6819,N_2,N2CONTROLECONOMY,N
6819,N_2,N2CONTROLGOV,N
6819,N_2,N2CONTROLOTHER,N
6819,N_2,N3COLLECTIVEBLAME,N
6819,N_2,N4HIDDENCONSPIRACY,N
6819,N_2,N4ISRAELHAND,N
6819,N_2,N5LOYALTY,N
6819,N_2,N6IDENTITYDENY,N
6819,N_2,N7COLLECTIVEGUILT,N
6819,N_2,N8VIOLENCE,N
6819,N_2,N9INCITEMENT,N
6819,N_2,N10SELFDETERMINATION,N
6819,N_2,N11JEWISHRIGHTSDEFINE,N
6819,N_2,N11SELFDETERMINATION,N
6819,N_2,N11JEWISHRIGHTS,N
6819,N_2,N12DOUBLESTANDARD,N
36267,N_2,N2CONSPIRACY,N
36267,N_2,N2CONTROLMEDIA,N
36267,N_2,N2CONTROLECONOMY,N
36267,N_2,N2CONTROLGOV,N
36267,N_2,N2CONTROLOTHER,N
36267,N_2,N3COLLECTIVEBLAME,N
36267,N_2,N4HIDDENCONSPIRACY,N
36267,N_2,N4ISRAELHAND,N
36267,N_2,N5LOYALTY,N
36267,N_2,N6IDENTITYDENY,N
36267,N_2,N7COLLECTIVEGUILT,N
36267,N_2,N8VIOLENCE,N
36267,N_2,N9INCITEMENT,N
36267,N_2,N10SELFDETERMINATION,N
36267,N_2,N11JEWISHRIGHTSDEFINE,N
36267,N_2,N11SELFDETERMINATION,N
36267,N_2,N11JEWISHRIGHTS,N
36267,N_2,N12DOUBLESTANDARD,N
3749,N_2,N2CONSPIRACY,N
3749,N_2,N2CONTROLMEDIA,I
3749,N_2,N2CONTROLECONOMY,N
3749,N_2,N2CONTROLGOV,N
3749,N_2,N2CONTROLOTHER,N
3749,N_2,N3COLLECTIVEBLAME,N
3749,N_2,N4HIDDENCONSPIRACY,N
3749,N_2,N4ISRAELHAND,N
3749,N_2,N5LOYALTY,N
3749,N_2,N6IDENTITYDENY,N
3749,N_2,N7COLLECTIVEGUILT,N
3749,N_2,N8VIOLENCE,N
3749,N_2,N9INCITEMENT,N
3749,N_2,N10SELFDETERMINATION,N
3749,N_2,N11JEWISHRIGHTSDEFINE,N
3749,N_2,N11SELFDETERMINATION,N
3749,N_2,N11JEWISHRIGHTS,N
3749,N_2,N12DOUBLESTANDARD,N
16284,N_2,N2CONSPIRACY,N
16284,N_2,N2CONTROLMEDIA,N
16284,N_2,N2CONTROLECONOMY,N
16284,N_2,N2CONTROLGOV,N
16284,N_2,N2CONTROLOTHER,N
16284,N_2,N3COLLECTIVEBLAME,N
16284,N_2,N4HIDDENCONSPIRACY,N
16284,N_2,N4ISRAELHAND,N
16284,N_2,N5LOYALTY,N
16284,N_2,N6IDENTITYDENY,N
16284,N_2,N7COLLECTIVEGUILT,N
16284,N_2,N8VIOLENCE,N
16284,N_2,N9INCITEMENT,N
16284,N_2,N10SELFDETERMINATION,N
16284,N_2,N11JEWISHRIGHTSDEFINE,N
16284,N_2,N11SELFDETERMINATION,N
16284,N_2,N11JEWISHRIGHTS,N
16284,N_2,N12DOUBLESTANDARD,N
8921,N_2,N2CONSPIRACY,N
8921,N_2,N2CONTROLMEDIA,N
8921,N_2,N2CONTROLECONOMY,N
8921,N_2,N2CONTROLGOV,N
8921,N_2,N2CONTROLOTHER,N
8921,N_2,N3COLLECTIVEBLAME,N
8921,N_2,N4HIDDENCONSPIRACY,N
8921,N_2,N4ISRAELHAND,N
8921,N_2,N5LOYALTY,N
8921,N_2,N6IDENTITYDENY,N
8921,N_2,N7COLLECTIVEGUILT,N
8921,N_2,N8VIOLENCE,N
8921,N_2,N9INCITEMENT,N
8921,N_2,N10SELFDETERMINATION,N
8921,N_2,N11JEWISHRIGHTSDEFINE,N
8921,N_2,N11SELFDETERMINATION,N
8921,N_2,N11JEWISHRIGHTS,N
8921,N_2,N12DOUBLESTANDARD,N
20062,N_2,N2CONSPIRACY,N
20062,N_2,N2CONTROLMEDIA,N
20062,N_2,N2CONTROLECONOMY,N
20062,N_2,N2CONTROLGOV,N
20062,N_2,N2CONTROLOTHER,N
20062,N_2,N3COLLECTIVEBLAME,N
20062,N_2,N4HIDDENCONSPIRACY,N
20062,N_2,N4ISRAELHAND,N
20062,N_2,N5LOYALTY,N
20062,N_2,N6IDENTITYDENY,N
20062,N_2,N7COLLECTIVEGUILT,N
20062,N_2,N8VIOLENCE,N
20062,N_2,N9INCITEMENT,N
20062,N_2,N10SELFDETERMINATION,N
20062,N_2,N11JEWISHRIGHTSDEFINE,N
20062,N_2,N11SELFDETERMINATION,N
20062,N_2,N11JEWISHRIGHTS,N
20062,N_2,N12DOUBLESTANDARD,N
40964,N_2,N2CONSPIRACY,N
40964,N_2,N2CONTROLMEDIA,N
40964,N_2,N2CONTROLECONOMY,N
40964,N_2,N2CONTROLGOV,N
40964,N_2,N2CONTROLOTHER,N
40964,N_2,N3COLLECTIVEBLAME,N
40964,N_2,N4HIDDENCONSPIRACY,N
40964,N_2,N4ISRAELHAND,N
40964,N_2,N5LOYALTY,N
40964,N_2,N6IDENTITYDENY,N
40964,N_2,N7COLLECTIVEGUILT,N
40964,N_2,N8VIOLENCE,N
40964,N_2,N9INCITEMENT,N
40964,N_2,N10SELFDETERMINATION,N
40964,N_2,N11JEWISHRIGHTSDEFINE,N
40964,N_2,N11SELFDETERMINATION,N
40964,N_2,N11JEWISHRIGHTS,N
40964,N_2,N12DOUBLESTANDARD,N
49849,N_2,N2CONSPIRACY,N
49849,N_2,N2CONTROLMEDIA,N
49849,N_2,N2CONTROLECONOMY,N
49849,N_2,N2CONTROLGOV,N
49849,N_2,N2CONTROLOTHER,N
49849,N_2,N3COLLECTIVEBLAME,N
49849,N_2,N4HIDDENCONSPIRACY,N
49849,N_2,N4ISRAELHAND,N
49849,N_2,N5LOYALTY,N
49849,N_2,N6IDENTITYDENY,N
49849,N_2,N7COLLECTIVEGUILT,N
49849,N_2,N8VIOLENCE,N
49849,N_2,N9INCITEMENT,N
49849,N_2,N10SELFDETERMINATION,N
49849,N_2,N11JEWISHRIGHTSDEFINE,N
49849,N_2,N11SELFDETERMINATION,N
49849,N_2,N11JEWISHRIGHTS,N
49849,N_2,N12DOUBLESTANDARD,N
11665,N_2,N2CONSPIRACY,N
11665,N_2,N2CONTROLMEDIA,N
11665,N_2,N2CONTROLECONOMY,N
11665,N_2,N2CONTROLGOV,N
11665,N_2,N2CONTROLOTHER,N
11665,N_2,N3COLLECTIVEBLAME,N
11665,N_2,N4HIDDENCONSPIRACY,N
11665,N_2,N4ISRAELHAND,N
11665,N_2,N5LOYALTY,N
11665,N_2,N6IDENTITYDENY,N
11665,N_2,N7COLLECTIVEGUILT,N
11665,N_2,N8VIOLENCE,N
11665,N_2,N9INCITEMENT,N
11665,N_2,N10SELFDETERMINATION,N
11665,N_2,N11JEWISHRIGHTSDEFINE,N
11665,N_2,N11SELFDETERMINATION,N
11665,N_2,N11JEWISHRIGHTS,N
11665,N_2,N12DOUBLESTANDARD,N
29472,N_2,N2CONSPIRACY,N
29472,N_2,N2CONTROLMEDIA,N
29472,N_2,N2CONTROLECONOMY,N
29472,N_2,N2CONTROLGOV,N
29472,N_2,N2CONTROLOTHER,N
29472,N_2,N3COLLECTIVEBLAME,N
29472,N_2,N4HIDDENCONSPIRACY,N
29472,N_2,N4ISRAELHAND,N
29472,N_2,N5LOYALTY,N
29472,N_2,N6IDENTITYDENY,N
29472,N_2,N7COLLECTIVEGUILT,N
29472,N_2,N8VIOLENCE,N
29472,N_2,N9INCITEMENT,N
29472,N_2,N10SELFDETERMINATION,N
29472,N_2,N11JEWISHRIGHTSDEFINE,N
29472,N_2,N11SELFDETERMINATION,N
29472,N_2,N11JEWISHRIGHTS,N
29472,N_2,N12DOUBLESTANDARD,N
12805,N_2,N2CONSPIRACY,N
12805,N_2,N2CONTROLMEDIA,N
12805,N_2,N2CONTROLECONOMY,N
12805,N_2,N2CONTROLGOV,N
12805,N_2,N2CONTROLOTHER,N
12805,N_2,N3COLLECTIVEBLAME,N
12805,N_2,N4HIDDENCONSPIRACY,N
12805,N_2,N4ISRAELHAND,N
12805,N_2,N5LOYALTY,N
12805,N_2,N6IDENTITYDENY,N
12805,N_2,N7COLLECTIVEGUILT,N
12805,N_2,N8VIOLENCE,N
12805,N_2,N9INCITEMENT,N
12805,N_2,N10SELFDETERMINATION,N
12805,N_2,N11JEWISHRIGHTSDEFINE,N
12805,N_2,N11SELFDETERMINATION,N
12805,N_2,N11JEWISHRIGHTS,N
12805,N_2,N12DOUBLESTANDARD,N
6075,N_2,N2CONSPIRACY,N
6075,N_2,N2CONTROLMEDIA,N
6075,N_2,N2CONTROLECONOMY,N
6075,N_2,N2CONTROLGOV,N
6075,N_2,N2CONTROLOTHER,N
6075,N_2,N3COLLECTIVEBLAME,N
6075,N_2,N4HIDDENCONSPIRACY,N
6075,N_2,N4ISRAELHAND,N
6075,N_2,N5LOYALTY,N
6075,N_2,N6IDENTITYDENY,N
6075,N_2,N7COLLECTIVEGUILT,N
6075,N_2,N8VIOLENCE,N
6075,N_2,N9INCITEMENT,N
6075,N_2,N10SELFDETERMINATION,N
6075,N_2,N11JEWISHRIGHTSDEFINE,N
6075,N_2,N11SELFDETERMINATION,N
6075,N_2,N11JEWISHRIGHTS,N
6075,N_2,N12DOUBLESTANDARD,N
12532,N_2,N2CONSPIRACY,N
12532,N_2,N2CONTROLMEDIA,N
12532,N_2,N2CONTROLECONOMY,N
12532,N_2,N2CONTROLGOV,N
12532,N_2,N2CONTROLOTHER,N
12532,N_2,N3COLLECTIVEBLAME,N
12532,N_2,N4HIDDENCONSPIRACY,N
12532,N_2,N4ISRAELHAND,N
12532,N_2,N5LOYALTY,N
12532,N_2,N6IDENTITYDENY,N
12532,N_2,N7COLLECTIVEGUILT,N
12532,N_2,N8VIOLENCE,N
12532,N_2,N9INCITEMENT,N
12532,N_2,N10SELFDETERMINATION,N
12532,N_2,N11JEWISHRIGHTSDEFINE,N
12532,N_2,N11SELFDETERMINATION,N
12532,N_2,N11JEWISHRIGHTS,N
12532,N_2,N12DOUBLESTANDARD,N
11584,N_2,N2CONSPIRACY,N
11584,N_2,N2CONTROLMEDIA,N
11584,N_2,N2CONTROLECONOMY,N
11584,N_2,N2CONTROLGOV,N
11584,N_2,N2CONTROLOTHER,N
11584,N_2,N3COLLECTIVEBLAME,N
11584,N_2,N4HIDDENCONSPIRACY,N
11584,N_2,N4ISRAELHAND,N
11584,N_2,N5LOYALTY,N
11584,N_2,N6IDENTITYDENY,N
11584,N_2,N7COLLECTIVEGUILT,N
11584,N_2,N8VIOLENCE,N
11584,N_2,N9INCITEMENT,N
11584,N_2,N10SELFDETERMINATION,N
11584,N_2,N11JEWISHRIGHTSDEFINE,N
11584,N_2,N11SELFDETERMINATION,N
11584,N_2,N11JEWISHRIGHTS,N
11584,N_2,N12DOUBLESTANDARD,N
4274,N_2,N2CONSPIRACY,N
4274,N_2,N2CONTROLMEDIA,N
4274,N_2,N2CONTROLECONOMY,N
4274,N_2,N2CONTROLGOV,N
4274,N_2,N2CONTROLOTHER,N
4274,N_2,N3COLLECTIVEBLAME,N
4274,N_2,N4HIDDENCONSPIRACY,N
4274,N_2,N4ISRAELHAND,N
4274,N_2,N5LOYALTY,N
4274,N_2,N6IDENTITYDENY,N
4274,N_2,N7COLLECTIVEGUILT,N
4274,N_2,N8VIOLENCE,N
4274,N_2,N9INCITEMENT,N
4274,N_2,N10SELFDETERMINATION,N
4274,N_2,N11JEWISHRIGHTSDEFINE,N
4274,N_2,N11SELFDETERMINATION,N
4274,N_2,N11JEWISHRIGHTS,N
4274,N_2,N12DOUBLESTANDARD,N
19723,N_2,N2CONSPIRACY,N
19723,N_2,N2CONTROLMEDIA,N
19723,N_2,N2CONTROLECONOMY,N
19723,N_2,N2CONTROLGOV,N
19723,N_2,N2CONTROLOTHER,N
19723,N_2,N3COLLECTIVEBLAME,N
19723,N_2,N4HIDDENCONSPIRACY,N
19723,N_2,N4ISRAELHAND,N
19723,N_2,N5LOYALTY,N
19723,N_2,N6IDENTITYDENY,N
19723,N_2,N7COLLECTIVEGUILT,N
19723,N_2,N8VIOLENCE,N
19723,N_2,N9INCITEMENT,N
19723,N_2,N10SELFDETERMINATION,N
19723,N_2,N11JEWISHRIGHTSDEFINE,N
19723,N_2,N11SELFDETERMINATION,N
19723,N_2,N11JEWISHRIGHTS,N
19723,N_2,N12DOUBLESTANDARD,N
15166,N_2,N2CONSPIRACY,N
15166,N_2,N2CONTROLMEDIA,N
15166,N_2,N2CONTROLECONOMY,N
15166,N_2,N2CONTROLGOV,N
15166,N_2,N2CONTROLOTHER,N
15166,N_2,N3COLLECTIVEBLAME,N
15166,N_2,N4HIDDENCONSPIRACY,N
15166,N_2,N4ISRAELHAND,N
15166,N_2,N5LOYALTY,N
15166,N_2,N6IDENTITYDENY,N
15166,N_2,N7COLLECTIVEGUILT,N
15166,N_2,N8VIOLENCE,I
15166,N_2,N9INCITEMENT,I
15166,N_2,N10SELFDETERMINATION,N
15166,N_2,N11JEWISHRIGHTSDEFINE,N
15166,N_2,N11SELFDETERMINATION,N
15166,N_2,N11JEWISHRIGHTS,N
15166,N_2,N12DOUBLESTANDARD,N
3899,N_2,N2CONSPIRACY,N
3899,N_2,N2CONTROLMEDIA,N
3899,N_2,N2CONTROLECONOMY,N
3899,N_2,N2CONTROLGOV,N
3899,N_2,N2CONTROLOTHER,N
3899,N_2,N3COLLECTIVEBLAME,N
3899,N_2,N4HIDDENCONSPIRACY,N
3899,N_2,N4ISRAELHAND,N
3899,N_2,N5LOYALTY,N
3899,N_2,N6IDENTITYDENY,N
3899,N_2,N7COLLECTIVEGUILT,N
3899,N_2,N8VIOLENCE,N
3899,N_2,N9INCITEMENT,N
3899,N_2,N10SELFDETERMINATION,N
3899,N_2,N11JEWISHRIGHTSDEFINE,N
3899,N_2,N11SELFDETERMINATION,N
3899,N_2,N11JEWISHRIGHTS,N
3899,N_2,N12DOUBLESTANDARD,N
30101,N_2,N2CONSPIRACY,N
30101,N_2,N2CONTROLMEDIA,N
30101,N_2,N2CONTROLECONOMY,N
30101,N_2,N2CONTROLGOV,N
30101,N_2,N2CONTROLOTHER,N
30101,N_2,N3COLLECTIVEBLAME,N
30101,N_2,N4HIDDENCONSPIRACY,N
30101,N_2,N4ISRAELHAND,N
30101,N_2,N5LOYALTY,N
30101,N_2,N6IDENTITYDENY,N
30101,N_2,N7COLLECTIVEGUILT,N
30101,N_2,N8VIOLENCE,N
30101,N_2,N9INCITEMENT,N
30101,N_2,N10SELFDETERMINATION,N
30101,N_2,N11JEWISHRIGHTSDEFINE,N
30101,N_2,N11SELFDETERMINATION,N
30101,N_2,N11JEWISHRIGHTS,N
30101,N_2,N12DOUBLESTANDARD,N
8880,N_2,N2CONSPIRACY,N
8880,N_2,N2CONTROLMEDIA,N
8880,N_2,N2CONTROLECONOMY,N
8880,N_2,N2CONTROLGOV,N
8880,N_2,N2CONTROLOTHER,N
8880,N_2,N3COLLECTIVEBLAME,N
8880,N_2,N4HIDDENCONSPIRACY,N
8880,N_2,N4ISRAELHAND,N
8880,N_2,N5LOYALTY,N
8880,N_2,N6IDENTITYDENY,N
8880,N_2,N7COLLECTIVEGUILT,N
8880,N_2,N8VIOLENCE,N
8880,N_2,N9INCITEMENT,N
8880,N_2,N10SELFDETERMINATION,N
8880,N_2,N11JEWISHRIGHTSDEFINE,N
8880,N_2,N11SELFDETERMINATION,N
8880,N_2,N11JEWISHRIGHTS,N
8880,N_2,N12DOUBLESTANDARD,N
45023,N_2,N2CONSPIRACY,N
45023,N_2,N2CONTROLMEDIA,N
45023,N_2,N2CONTROLECONOMY,N
45023,N_2,N2CONTROLGOV,N
45023,N_2,N2CONTROLOTHER,N
45023,N_2,N3COLLECTIVEBLAME,N
45023,N_2,N4HIDDENCONSPIRACY,N
45023,N_2,N4ISRAELHAND,N
45023,N_2,N5LOYALTY,I
45023,N_2,N6IDENTITYDENY,N
45023,N_2,N7COLLECTIVEGUILT,N
45023,N_2,N8VIOLENCE,N
45023,N_2,N9INCITEMENT,N
45023,N_2,N10SELFDETERMINATION,N
45023,N_2,N11JEWISHRIGHTSDEFINE,N
45023,N_2,N11SELFDETERMINATION,N
45023,N_2,N11JEWISHRIGHTS,N
45023,N_2,N12DOUBLESTANDARD,N
40733,N_2,N2CONSPIRACY,I
40733,N_2,N2CONTROLMEDIA,N
40733,N_2,N2CONTROLECONOMY,N
40733,N_2,N2CONTROLGOV,I
40733,N_2,N2CONTROLOTHER,I
40733,N_2,N3COLLECTIVEBLAME,N
40733,N_2,N4HIDDENCONSPIRACY,I
40733,N_2,N4ISRAELHAND,N
40733,N_2,N5LOYALTY,N
40733,N_2,N6IDENTITYDENY,N
40733,N_2,N7COLLECTIVEGUILT,N
40733,N_2,N8VIOLENCE,N
40733,N_2,N9INCITEMENT,N
40733,N_2,N10SELFDETERMINATION,N
40733,N_2,N11JEWISHRIGHTSDEFINE,N
40733,N_2,N11SELFDETERMINATION,N
40733,N_2,N11JEWISHRIGHTS,N
40733,N_2,N12DOUBLESTANDARD,N
27507,N_2,N2CONSPIRACY,N
27507,N_2,N2CONTROLMEDIA,N
27507,N_2,N2CONTROLECONOMY,N
27507,N_2,N2CONTROLGOV,N
27507,N_2,N2CONTROLOTHER,N
27507,N_2,N3COLLECTIVEBLAME,N
27507,N_2,N4HIDDENCONSPIRACY,N
27507,N_2,N4ISRAELHAND,N
27507,N_2,N5LOYALTY,N
27507,N_2,N6IDENTITYDENY,N
27507,N_2,N7COLLECTIVEGUILT,N
27507,N_2,N8VIOLENCE,N
27507,N_2,N9INCITEMENT,N
27507,N_2,N10SELFDETERMINATION,N
27507,N_2,N11JEWISHRIGHTSDEFINE,N
27507,N_2,N11SELFDETERMINATION,N
27507,N_2,N11JEWISHRIGHTS,N
27507,N_2,N12DOUBLESTANDARD,N
14186,N_2,N2CONSPIRACY,N
14186,N_2,N2CONTROLMEDIA,N
14186,N_2,N2CONTROLECONOMY,N
14186,N_2,N2CONTROLGOV,N
14186,N_2,N2CONTROLOTHER,N
14186,N_2,N3COLLECTIVEBLAME,N
14186,N_2,N4HIDDENCONSPIRACY,N
14186,N_2,N4ISRAELHAND,N
14186,N_2,N5LOYALTY,N
14186,N_2,N6IDENTITYDENY,N
14186,N_2,N7COLLECTIVEGUILT,N
14186,N_2,N8VIOLENCE,N
14186,N_2,N9INCITEMENT,N
14186,N_2,N10SELFDETERMINATION,N
14186,N_2,N11JEWISHRIGHTSDEFINE,N
14186,N_2,N11SELFDETERMINATION,N
14186,N_2,N11JEWISHRIGHTS,N
14186,N_2,N12DOUBLESTANDARD,N
19323,N_2,N2CONSPIRACY,N
19323,N_2,N2CONTROLMEDIA,N
19323,N_2,N2CONTROLECONOMY,N
19323,N_2,N2CONTROLGOV,N
19323,N_2,N2CONTROLOTHER,N
19323,N_2,N3COLLECTIVEBLAME,N
19323,N_2,N4HIDDENCONSPIRACY,N
19323,N_2,N4ISRAELHAND,N
19323,N_2,N5LOYALTY,N
19323,N_2,N6IDENTITYDENY,N
19323,N_2,N7COLLECTIVEGUILT,N
19323,N_2,N8VIOLENCE,N
19323,N_2,N9INCITEMENT,N
19323,N_2,N10SELFDETERMINATION,N
19323,N_2,N11JEWISHRIGHTSDEFINE,N
19323,N_2,N11SELFDETERMINATION,N
19323,N_2,N11JEWISHRIGHTS,N
19323,N_2,N12DOUBLESTANDARD,N
9141,N_2,N2CONSPIRACY,N
9141,N_2,N2CONTROLMEDIA,N
9141,N_2,N2CONTROLECONOMY,N
9141,N_2,N2CONTROLGOV,N
9141,N_2,N2CONTROLOTHER,N
9141,N_2,N3COLLECTIVEBLAME,N
9141,N_2,N4HIDDENCONSPIRACY,N
9141,N_2,N4ISRAELHAND,N
9141,N_2,N5LOYALTY,N
9141,N_2,N6IDENTITYDENY,N
9141,N_2,N7COLLECTIVEGUILT,N
9141,N_2,N8VIOLENCE,N
9141,N_2,N9INCITEMENT,N
9141,N_2,N10SELFDETERMINATION,N
9141,N_2,N11JEWISHRIGHTSDEFINE,N
9141,N_2,N11SELFDETERMINATION,N
9141,N_2,N11JEWISHRIGHTS,N
9141,N_2,N12DOUBLESTANDARD,N
9146,N_2,N2CONSPIRACY,N
9146,N_2,N2CONTROLMEDIA,N
9146,N_2,N2CONTROLECONOMY,N
9146,N_2,N2CONTROLGOV,N
9146,N_2,N2CONTROLOTHER,N
9146,N_2,N3COLLECTIVEBLAME,N
9146,N_2,N4HIDDENCONSPIRACY,N
9146,N_2,N4ISRAELHAND,N
9146,N_2,N5LOYALTY,N
9146,N_2,N6IDENTITYDENY,N
9146,N_2,N7COLLECTIVEGUILT,N
9146,N_2,N8VIOLENCE,N
9146,N_2,N9INCITEMENT,N
9146,N_2,N10SELFDETERMINATION,N
9146,N_2,N11JEWISHRIGHTSDEFINE,N
9146,N_2,N11SELFDETERMINATION,N
9146,N_2,N11JEWISHRIGHTS,N
9146,N_2,N12DOUBLESTANDARD,N
10796,N_2,N2CONSPIRACY,N
10796,N_2,N2CONTROLMEDIA,I
10796,N_2,N2CONTROLECONOMY,N
10796,N_2,N2CONTROLGOV,N
10796,N_2,N2CONTROLOTHER,I
10796,N_2,N3COLLECTIVEBLAME,N
10796,N_2,N4HIDDENCONSPIRACY,N
10796,N_2,N4ISRAELHAND,N
10796,N_2,N5LOYALTY,N
10796,N_2,N6IDENTITYDENY,N
10796,N_2,N7COLLECTIVEGUILT,N
10796,N_2,N8VIOLENCE,N
10796,N_2,N9INCITEMENT,N
10796,N_2,N10SELFDETERMINATION,N
10796,N_2,N11JEWISHRIGHTSDEFINE,N
10796,N_2,N11SELFDETERMINATION,N
10796,N_2,N11JEWISHRIGHTS,N
10796,N_2,N12DOUBLESTANDARD,N
19314,N_2,N2CONSPIRACY,N
19314,N_2,N2CONTROLMEDIA,N
19314,N_2,N2CONTROLECONOMY,N
19314,N_2,N2CONTROLGOV,N
19314,N_2,N2CONTROLOTHER,N
19314,N_2,N3COLLECTIVEBLAME,N
19314,N_2,N4HIDDENCONSPIRACY,N
19314,N_2,N4ISRAELHAND,N
19314,N_2,N5LOYALTY,N
19314,N_2,N6IDENTITYDENY,N
19314,N_2,N7COLLECTIVEGUILT,N
19314,N_2,N8VIOLENCE,N
19314,N_2,N9INCITEMENT,N
19314,N_2,N10SELFDETERMINATION,N
19314,N_2,N11JEWISHRIGHTSDEFINE,N
19314,N_2,N11SELFDETERMINATION,N
19314,N_2,N11JEWISHRIGHTS,N
19314,N_2,N12DOUBLESTANDARD,N
41440,N_2,N2CONSPIRACY,A
41440,N_2,N2CONTROLMEDIA,N
41440,N_2,N2CONTROLECONOMY,N
41440,N_2,N2CONTROLGOV,N
41440,N_2,N2CONTROLOTHER,I
41440,N_2,N3COLLECTIVEBLAME,A
41440,N_2,N4HIDDENCONSPIRACY,A
41440,N_2,N4ISRAELHAND,I
41440,N_2,N5LOYALTY,N
41440,N_2,N6IDENTITYDENY,N
41440,N_2,N7COLLECTIVEGUILT,N
41440,N_2,N8VIOLENCE,N
41440,N_2,N9INCITEMENT,N
41440,N_2,N10SELFDETERMINATION,N
41440,N_2,N11JEWISHRIGHTSDEFINE,N
41440,N_2,N11SELFDETERMINATION,N
41440,N_2,N11JEWISHRIGHTS,N
41440,N_2,N12DOUBLESTANDARD,N
24222,N_2,N2CONSPIRACY,N
24222,N_2,N2CONTROLMEDIA,N
24222,N_2,N2CONTROLECONOMY,N
24222,N_2,N2CONTROLGOV,N
24222,N_2,N2CONTROLOTHER,N
24222,N_2,N3COLLECTIVEBLAME,N
24222,N_2,N4HIDDENCONSPIRACY,N
24222,N_2,N4ISRAELHAND,N
24222,N_2,N5LOYALTY,N
24222,N_2,N6IDENTITYDENY,N
24222,N_2,N7COLLECTIVEGUILT,N
24222,N_2,N8VIOLENCE,N
24222,N_2,N9INCITEMENT,N
24222,N_2,N10SELFDETERMINATION,N
24222,N_2,N11JEWISHRIGHTSDEFINE,N
24222,N_2,N11SELFDETERMINATION,N
24222,N_2,N11JEWISHRIGHTS,N
24222,N_2,N12DOUBLESTANDARD,N
30714,N_2,N2CONSPIRACY,N
30714,N_2,N2CONTROLMEDIA,N
30714,N_2,N2CONTROLECONOMY,N
30714,N_2,N2CONTROLGOV,N
30714,N_2,N2CONTROLOTHER,N
30714,N_2,N3COLLECTIVEBLAME,N
30714,N_2,N4HIDDENCONSPIRACY,N
30714,N_2,N4ISRAELHAND,N
30714,N_2,N5LOYALTY,I
30714,N_2,N6IDENTITYDENY,N
30714,N_2,N7COLLECTIVEGUILT,N
30714,N_2,N8VIOLENCE,N
30714,N_2,N9INCITEMENT,N
30714,N_2,N10SELFDETERMINATION,N
30714,N_2,N11JEWISHRIGHTSDEFINE,N
30714,N_2,N11SELFDETERMINATION,N
30714,N_2,N11JEWISHRIGHTS,N
30714,N_2,N12DOUBLESTANDARD,N
6044,N_2,N2CONSPIRACY,N
6044,N_2,N2CONTROLMEDIA,N
6044,N_2,N2CONTROLECONOMY,N
6044,N_2,N2CONTROLGOV,N
6044,N_2,N2CONTROLOTHER,N
6044,N_2,N3COLLECTIVEBLAME,N
6044,N_2,N4HIDDENCONSPIRACY,N
6044,N_2,N4ISRAELHAND,N
6044,N_2,N5LOYALTY,N
6044,N_2,N6IDENTITYDENY,N
6044,N_2,N7COLLECTIVEGUILT,N
6044,N_2,N8VIOLENCE,N
6044,N_2,N9INCITEMENT,N
6044,N_2,N10SELFDETERMINATION,N
6044,N_2,N11JEWISHRIGHTSDEFINE,N
6044,N_2,N11SELFDETERMINATION,N
6044,N_2,N11JEWISHRIGHTS,N
6044,N_2,N12DOUBLESTANDARD,N
27146,N_2,N2CONSPIRACY,N
27146,N_2,N2CONTROLMEDIA,N
27146,N_2,N2CONTROLECONOMY,N
27146,N_2,N2CONTROLGOV,N
27146,N_2,N2CONTROLOTHER,N
27146,N_2,N3COLLECTIVEBLAME,N
27146,N_2,N4HIDDENCONSPIRACY,N
27146,N_2,N4ISRAELHAND,N
27146,N_2,N5LOYALTY,N
27146,N_2,N6IDENTITYDENY,N
27146,N_2,N7COLLECTIVEGUILT,N
27146,N_2,N8VIOLENCE,N
27146,N_2,N9INCITEMENT,N
27146,N_2,N10SELFDETERMINATION,N
27146,N_2,N11JEWISHRIGHTSDEFINE,N
27146,N_2,N11SELFDETERMINATION,N
27146,N_2,N11JEWISHRIGHTS,N
27146,N_2,N12DOUBLESTANDARD,N
41723,N_2,N2CONSPIRACY,I
41723,N_2,N2CONTROLMEDIA,N
41723,N_2,N2CONTROLECONOMY,N
41723,N_2,N2CONTROLGOV,N
41723,N_2,N2CONTROLOTHER,I
41723,N_2,N3COLLECTIVEBLAME,N
41723,N_2,N4HIDDENCONSPIRACY,I
41723,N_2,N4ISRAELHAND,N
41723,N_2,N5LOYALTY,N
41723,N_2,N6IDENTITYDENY,N
41723,N_2,N7COLLECTIVEGUILT,N
41723,N_2,N8VIOLENCE,N
41723,N_2,N9INCITEMENT,E
41723,N_2,N10SELFDETERMINATION,N
41723,N_2,N11JEWISHRIGHTSDEFINE,N
41723,N_2,N11SELFDETERMINATION,N
41723,N_2,N11JEWISHRIGHTS,N
41723,N_2,N12DOUBLESTANDARD,N
8350,N_2,N2CONSPIRACY,N
8350,N_2,N2CONTROLMEDIA,N
8350,N_2,N2CONTROLECONOMY,N
8350,N_2,N2CONTROLGOV,N
8350,N_2,N2CONTROLOTHER,N
8350,N_2,N3COLLECTIVEBLAME,N
8350,N_2,N4HIDDENCONSPIRACY,N
8350,N_2,N4ISRAELHAND,N
8350,N_2,N5LOYALTY,N
8350,N_2,N6IDENTITYDENY,N
8350,N_2,N7COLLECTIVEGUILT,N
8350,N_2,N8VIOLENCE,N
8350,N_2,N9INCITEMENT,N
8350,N_2,N10SELFDETERMINATION,N
8350,N_2,N11JEWISHRIGHTSDEFINE,N
8350,N_2,N11SELFDETERMINATION,N
8350,N_2,N11JEWISHRIGHTS,N
8350,N_2,N12DOUBLESTANDARD,N
45157,N_2,N2CONSPIRACY,N
45157,N_2,N2CONTROLMEDIA,N
45157,N_2,N2CONTROLECONOMY,I
45157,N_2,N2CONTROLGOV,N
45157,N_2,N2CONTROLOTHER,N
45157,N_2,N3COLLECTIVEBLAME,N
45157,N_2,N4HIDDENCONSPIRACY,N
45157,N_2,N4ISRAELHAND,N
45157,N_2,N5LOYALTY,N
45157,N_2,N6IDENTITYDENY,N
45157,N_2,N7COLLECTIVEGUILT,N
45157,N_2,N8VIOLENCE,N
45157,N_2,N9INCITEMENT,N
45157,N_2,N10SELFDETERMINATION,N
45157,N_2,N11JEWISHRIGHTSDEFINE,N
45157,N_2,N11SELFDETERMINATION,N
45157,N_2,N11JEWISHRIGHTS,N
45157,N_2,N12DOUBLESTANDARD,N
42705,N_2,N2CONSPIRACY,N
42705,N_2,N2CONTROLMEDIA,N
42705,N_2,N2CONTROLECONOMY,N
42705,N_2,N2CONTROLGOV,I
42705,N_2,N2CONTROLOTHER,N
42705,N_2,N3COLLECTIVEBLAME,N
42705,N_2,N4HIDDENCONSPIRACY,N
42705,N_2,N4ISRAELHAND,N
42705,N_2,N5LOYALTY,N
42705,N_2,N6IDENTITYDENY,N
42705,N_2,N7COLLECTIVEGUILT,N
42705,N_2,N8VIOLENCE,N
42705,N_2,N9INCITEMENT,I
42705,N_2,N10SELFDETERMINATION,N
42705,N_2,N11JEWISHRIGHTSDEFINE,N
42705,N_2,N11SELFDETERMINATION,N
42705,N_2,N11JEWISHRIGHTS,N
42705,N_2,N12DOUBLESTANDARD,N
15324,N_2,N2CONSPIRACY,N
15324,N_2,N2CONTROLMEDIA,N
15324,N_2,N2CONTROLECONOMY,N
15324,N_2,N2CONTROLGOV,N
15324,N_2,N2CONTROLOTHER,N
15324,N_2,N3COLLECTIVEBLAME,N
15324,N_2,N4HIDDENCONSPIRACY,N
15324,N_2,N4ISRAELHAND,N
15324,N_2,N5LOYALTY,N
15324,N_2,N6IDENTITYDENY,N
15324,N_2,N7COLLECTIVEGUILT,N
15324,N_2,N8VIOLENCE,N
15324,N_2,N9INCITEMENT,N
15324,N_2,N10SELFDETERMINATION,N
15324,N_2,N11JEWISHRIGHTSDEFINE,N
15324,N_2,N11SELFDETERMINATION,N
15324,N_2,N11JEWISHRIGHTS,N
15324,N_2,N12DOUBLESTANDARD,N
25289,N_2,N2CONSPIRACY,N
25289,N_2,N2CONTROLMEDIA,N
25289,N_2,N2CONTROLECONOMY,N
25289,N_2,N2CONTROLGOV,N
25289,N_2,N2CONTROLOTHER,N
25289,N_2,N3COLLECTIVEBLAME,N
25289,N_2,N4HIDDENCONSPIRACY,N
25289,N_2,N4ISRAELHAND,N
25289,N_2,N5LOYALTY,N
25289,N_2,N6IDENTITYDENY,N
25289,N_2,N7COLLECTIVEGUILT,N
25289,N_2,N8VIOLENCE,N
25289,N_2,N9INCITEMENT,N
25289,N_2,N10SELFDETERMINATION,N
25289,N_2,N11JEWISHRIGHTSDEFINE,N
25289,N_2,N11SELFDETERMINATION,N
25289,N_2,N11JEWISHRIGHTS,N
25289,N_2,N12DOUBLESTANDARD,N
13591,N_2,N2CONSPIRACY,N
13591,N_2,N2CONTROLMEDIA,N
13591,N_2,N2CONTROLECONOMY,N
13591,N_2,N2CONTROLGOV,N
13591,N_2,N2CONTROLOTHER,N
13591,N_2,N3COLLECTIVEBLAME,N
13591,N_2,N4HIDDENCONSPIRACY,N
13591,N_2,N4ISRAELHAND,N
13591,N_2,N5LOYALTY,N
13591,N_2,N6IDENTITYDENY,N
13591,N_2,N7COLLECTIVEGUILT,N
13591,N_2,N8VIOLENCE,N
13591,N_2,N9INCITEMENT,N
13591,N_2,N10SELFDETERMINATION,N
13591,N_2,N11JEWISHRIGHTSDEFINE,N
13591,N_2,N11SELFDETERMINATION,N
13591,N_2,N11JEWISHRIGHTS,N
13591,N_2,N12DOUBLESTANDARD,N
18557,N_2,N2CONSPIRACY,N
18557,N_2,N2CONTROLMEDIA,N
18557,N_2,N2CONTROLECONOMY,N
18557,N_2,N2CONTROLGOV,N
18557,N_2,N2CONTROLOTHER,N
18557,N_2,N3COLLECTIVEBLAME,N
18557,N_2,N4HIDDENCONSPIRACY,N
18557,N_2,N4ISRAELHAND,N
18557,N_2,N5LOYALTY,N
18557,N_2,N6IDENTITYDENY,N
18557,N_2,N7COLLECTIVEGUILT,N
18557,N_2,N8VIOLENCE,N
18557,N_2,N9INCITEMENT,N
18557,N_2,N10SELFDETERMINATION,N
18557,N_2,N11JEWISHRIGHTSDEFINE,N
18557,N_2,N11SELFDETERMINATION,N
18557,N_2,N11JEWISHRIGHTS,N
18557,N_2,N12DOUBLESTANDARD,N
4237,N_2,N2CONSPIRACY,N
4237,N_2,N2CONTROLMEDIA,N
4237,N_2,N2CONTROLECONOMY,N
4237,N_2,N2CONTROLGOV,N
4237,N_2,N2CONTROLOTHER,N
4237,N_2,N3COLLECTIVEBLAME,N
4237,N_2,N4HIDDENCONSPIRACY,N
4237,N_2,N4ISRAELHAND,N
4237,N_2,N5LOYALTY,N
4237,N_2,N6IDENTITYDENY,N
4237,N_2,N7COLLECTIVEGUILT,N
4237,N_2,N8VIOLENCE,N
4237,N_2,N9INCITEMENT,N
4237,N_2,N10SELFDETERMINATION,N
4237,N_2,N11JEWISHRIGHTSDEFINE,N
4237,N_2,N11SELFDETERMINATION,N
4237,N_2,N11JEWISHRIGHTS,N
4237,N_2,N12DOUBLESTANDARD,N
25438,N_2,N2CONSPIRACY,N
25438,N_2,N2CONTROLMEDIA,N
25438,N_2,N2CONTROLECONOMY,N
25438,N_2,N2CONTROLGOV,N
25438,N_2,N2CONTROLOTHER,N
25438,N_2,N3COLLECTIVEBLAME,N
25438,N_2,N4HIDDENCONSPIRACY,N
25438,N_2,N4ISRAELHAND,N
25438,N_2,N5LOYALTY,N
25438,N_2,N6IDENTITYDENY,N
25438,N_2,N7COLLECTIVEGUILT,N
25438,N_2,N8VIOLENCE,N
25438,N_2,N9INCITEMENT,N
25438,N_2,N10SELFDETERMINATION,N
25438,N_2,N11JEWISHRIGHTSDEFINE,N
25438,N_2,N11SELFDETERMINATION,N
25438,N_2,N11JEWISHRIGHTS,N
25438,N_2,N12DOUBLESTANDARD,N
14248,N_2,N2CONSPIRACY,N
14248,N_2,N2CONTROLMEDIA,N
14248,N_2,N2CONTROLECONOMY,N
14248,N_2,N2CONTROLGOV,N
14248,N_2,N2CONTROLOTHER,N
14248,N_2,N3COLLECTIVEBLAME,N
14248,N_2,N4HIDDENCONSPIRACY,N
14248,N_2,N4ISRAELHAND,N
14248,N_2,N5LOYALTY,N
14248,N_2,N6IDENTITYDENY,N
14248,N_2,N7COLLECTIVEGUILT,N
14248,N_2,N8VIOLENCE,N
14248,N_2,N9INCITEMENT,N
14248,N_2,N10SELFDETERMINATION,N
14248,N_2,N11JEWISHRIGHTSDEFINE,N
14248,N_2,N11SELFDETERMINATION,N
14248,N_2,N11JEWISHRIGHTS,N
14248,N_2,N12DOUBLESTANDARD,N
10880,N_2,N2CONSPIRACY,N
10880,N_2,N2CONTROLMEDIA,N
10880,N_2,N2CONTROLECONOMY,N
10880,N_2,N2CONTROLGOV,N
10880,N_2,N2CONTROLOTHER,N
10880,N_2,N3COLLECTIVEBLAME,N
10880,N_2,N4HIDDENCONSPIRACY,N
10880,N_2,N4ISRAELHAND,N
10880,N_2,N5LOYALTY,N
10880,N_2,N6IDENTITYDENY,N
10880,N_2,N7COLLECTIVEGUILT,N
10880,N_2,N8VIOLENCE,N
10880,N_2,N9INCITEMENT,N
10880,N_2,N10SELFDETERMINATION,N
10880,N_2,N11JEWISHRIGHTSDEFINE,N
10880,N_2,N11SELFDETERMINATION,N
10880,N_2,N11JEWISHRIGHTS,N
10880,N_2,N12DOUBLESTANDARD,N
29054,N_2,N2CONSPIRACY,N
29054,N_2,N2CONTROLMEDIA,N
29054,N_2,N2CONTROLECONOMY,N
29054,N_2,N2CONTROLGOV,N
29054,N_2,N2CONTROLOTHER,N
29054,N_2,N3COLLECTIVEBLAME,N
29054,N_2,N4HIDDENCONSPIRACY,N
29054,N_2,N4ISRAELHAND,N
29054,N_2,N5LOYALTY,N
29054,N_2,N6IDENTITYDENY,N
29054,N_2,N7COLLECTIVEGUILT,N
29054,N_2,N8VIOLENCE,N
29054,N_2,N9INCITEMENT,E
29054,N_2,N10SELFDETERMINATION,N
29054,N_2,N11JEWISHRIGHTSDEFINE,N
29054,N_2,N11SELFDETERMINATION,N
29054,N_2,N11JEWISHRIGHTS,N
29054,N_2,N12DOUBLESTANDARD,N
16607,N_2,N2CONSPIRACY,N
16607,N_2,N2CONTROLMEDIA,N
16607,N_2,N2CONTROLECONOMY,N
16607,N_2,N2CONTROLGOV,N
16607,N_2,N2CONTROLOTHER,N
16607,N_2,N3COLLECTIVEBLAME,N
16607,N_2,N4HIDDENCONSPIRACY,N
16607,N_2,N4ISRAELHAND,N
16607,N_2,N5LOYALTY,N
16607,N_2,N6IDENTITYDENY,N
16607,N_2,N7COLLECTIVEGUILT,N
16607,N_2,N8VIOLENCE,N
16607,N_2,N9INCITEMENT,N
16607,N_2,N10SELFDETERMINATION,N
16607,N_2,N11JEWISHRIGHTSDEFINE,N
16607,N_2,N11SELFDETERMINATION,N
16607,N_2,N11JEWISHRIGHTS,N
16607,N_2,N12DOUBLESTANDARD,N
47951,N_2,N2CONSPIRACY,N
47951,N_2,N2CONTROLMEDIA,E
47951,N_2,N2CONTROLECONOMY,N
47951,N_2,N2CONTROLGOV,N
47951,N_2,N2CONTROLOTHER,N
47951,N_2,N3COLLECTIVEBLAME,N
47951,N_2,N4HIDDENCONSPIRACY,N
47951,N_2,N4ISRAELHAND,N
47951,N_2,N5LOYALTY,N
47951,N_2,N6IDENTITYDENY,N
47951,N_2,N7COLLECTIVEGUILT,N
47951,N_2,N8VIOLENCE,N
47951,N_2,N9INCITEMENT,N
47951,N_2,N10SELFDETERMINATION,N
47951,N_2,N11JEWISHRIGHTSDEFINE,N
47951,N_2,N11SELFDETERMINATION,N
47951,N_2,N11JEWISHRIGHTS,E
47951,N_2,N12DOUBLESTANDARD,N
6646,N_2,N2CONSPIRACY,N
6646,N_2,N2CONTROLMEDIA,N
6646,N_2,N2CONTROLECONOMY,N
6646,N_2,N2CONTROLGOV,N
6646,N_2,N2CONTROLOTHER,N
6646,N_2,N3COLLECTIVEBLAME,N
6646,N_2,N4HIDDENCONSPIRACY,N
6646,N_2,N4ISRAELHAND,N
6646,N_2,N5LOYALTY,N
6646,N_2,N6IDENTITYDENY,N
6646,N_2,N7COLLECTIVEGUILT,N
6646,N_2,N8VIOLENCE,N
6646,N_2,N9INCITEMENT,N
6646,N_2,N10SELFDETERMINATION,N
6646,N_2,N11JEWISHRIGHTSDEFINE,N
6646,N_2,N11SELFDETERMINATION,N
6646,N_2,N11JEWISHRIGHTS,N
6646,N_2,N12DOUBLESTANDARD,N
5876,N_2,PARSE_ERROR,Expecting value: line 1 column 1 (char 0)
14651,N_2,N2CONSPIRACY,N
14651,N_2,N2CONTROLMEDIA,N
14651,N_2,N2CONTROLECONOMY,N
14651,N_2,N2CONTROLGOV,N
14651,N_2,N2CONTROLOTHER,N
14651,N_2,N3COLLECTIVEBLAME,N
14651,N_2,N4HIDDENCONSPIRACY,N
14651,N_2,N4ISRAELHAND,N
14651,N_2,N5LOYALTY,N
14651,N_2,N6IDENTITYDENY,N
14651,N_2,N7COLLECTIVEGUILT,N
14651,N_2,N8VIOLENCE,N
14651,N_2,N9INCITEMENT,N
14651,N_2,N10SELFDETERMINATION,N
14651,N_2,N11JEWISHRIGHTSDEFINE,N
14651,N_2,N11SELFDETERMINATION,N
14651,N_2,N11JEWISHRIGHTS,N
14651,N_2,N12DOUBLESTANDARD,N
49854,N_2,PARSE_ERROR,Expecting value: line 1 column 1 (char 0)
9021,N_2,N2CONSPIRACY,N
9021,N_2,N2CONTROLMEDIA,N
9021,N_2,N2CONTROLECONOMY,N
9021,N_2,N2CONTROLGOV,N
9021,N_2,N2CONTROLOTHER,N
9021,N_2,N3COLLECTIVEBLAME,N
9021,N_2,N4HIDDENCONSPIRACY,N
9021,N_2,N4ISRAELHAND,N
9021,N_2,N5LOYALTY,N
9021,N_2,N6IDENTITYDENY,N
9021,N_2,N7COLLECTIVEGUILT,N
9021,N_2,N8VIOLENCE,N
9021,N_2,N9INCITEMENT,N
9021,N_2,N10SELFDETERMINATION,N
9021,N_2,N11JEWISHRIGHTSDEFINE,N
9021,N_2,N11SELFDETERMINATION,N
9021,N_2,N11JEWISHRIGHTS,N
9021,N_2,N12DOUBLESTANDARD,N
46389,N_2,N2CONSPIRACY,N
46389,N_2,N2CONTROLMEDIA,N
46389,N_2,N2CONTROLECONOMY,N
46389,N_2,N2CONTROLGOV,N
46389,N_2,N2CONTROLOTHER,N
46389,N_2,N3COLLECTIVEBLAME,N
46389,N_2,N4HIDDENCONSPIRACY,N
46389,N_2,N4ISRAELHAND,N
46389,N_2,N5LOYALTY,N
46389,N_2,N6IDENTITYDENY,N
46389,N_2,N7COLLECTIVEGUILT,N
46389,N_2,N8VIOLENCE,N
46389,N_2,N9INCITEMENT,N
46389,N_2,N10SELFDETERMINATION,N
46389,N_2,N11JEWISHRIGHTSDEFINE,N
46389,N_2,N11SELFDETERMINATION,N
46389,N_2,N11JEWISHRIGHTS,N
46389,N_2,N12DOUBLESTANDARD,N
27122,N_2,N2CONSPIRACY,N
27122,N_2,N2CONTROLMEDIA,N
27122,N_2,N2CONTROLECONOMY,N
27122,N_2,N2CONTROLGOV,N
27122,N_2,N2CONTROLOTHER,N
27122,N_2,N3COLLECTIVEBLAME,N
27122,N_2,N4HIDDENCONSPIRACY,N
27122,N_2,N4ISRAELHAND,N
27122,N_2,N5LOYALTY,N
27122,N_2,N6IDENTITYDENY,N
27122,N_2,N7COLLECTIVEGUILT,N
27122,N_2,N8VIOLENCE,N
27122,N_2,N9INCITEMENT,N
27122,N_2,N10SELFDETERMINATION,N
27122,N_2,N11JEWISHRIGHTSDEFINE,N
27122,N_2,N11SELFDETERMINATION,N
27122,N_2,N11JEWISHRIGHTS,N
27122,N_2,N12DOUBLESTANDARD,N
41245,N_2,N2CONSPIRACY,I
41245,N_2,N2CONTROLMEDIA,N
41245,N_2,N2CONTROLECONOMY,N
41245,N_2,N2CONTROLGOV,N
41245,N_2,N2CONTROLOTHER,I
41245,N_2,N3COLLECTIVEBLAME,I
41245,N_2,N4HIDDENCONSPIRACY,I
41245,N_2,N4ISRAELHAND,N
41245,N_2,N5LOYALTY,N
41245,N_2,N6IDENTITYDENY,N
41245,N_2,N7COLLECTIVEGUILT,N
41245,N_2,N8VIOLENCE,N
41245,N_2,N9INCITEMENT,N
41245,N_2,N10SELFDETERMINATION,N
41245,N_2,N11JEWISHRIGHTSDEFINE,N
41245,N_2,N11SELFDETERMINATION,N
41245,N_2,N11JEWISHRIGHTS,N
41245,N_2,N12DOUBLESTANDARD,N
5948,N_2,N2CONSPIRACY,N
5948,N_2,N2CONTROLMEDIA,N
5948,N_2,N2CONTROLECONOMY,N
5948,N_2,N2CONTROLGOV,N
5948,N_2,N2CONTROLOTHER,N
5948,N_2,N3COLLECTIVEBLAME,N
5948,N_2,N4HIDDENCONSPIRACY,N
5948,N_2,N4ISRAELHAND,N
5948,N_2,N5LOYALTY,N
5948,N_2,N6IDENTITYDENY,N
5948,N_2,N7COLLECTIVEGUILT,N
5948,N_2,N8VIOLENCE,N
5948,N_2,N9INCITEMENT,N
5948,N_2,N10SELFDETERMINATION,N
5948,N_2,N11JEWISHRIGHTSDEFINE,N
5948,N_2,N11SELFDETERMINATION,N
5948,N_2,N11JEWISHRIGHTS,N
5948,N_2,N12DOUBLESTANDARD,N
1567,N_2,N2CONSPIRACY,N
1567,N_2,N2CONTROLMEDIA,N
1567,N_2,N2CONTROLECONOMY,N
1567,N_2,N2CONTROLGOV,N
1567,N_2,N2CONTROLOTHER,N
1567,N_2,N3COLLECTIVEBLAME,N
1567,N_2,N4HIDDENCONSPIRACY,N
1567,N_2,N4ISRAELHAND,N
1567,N_2,N5LOYALTY,N
1567,N_2,N6IDENTITYDENY,N
1567,N_2,N7COLLECTIVEGUILT,N
1567,N_2,N8VIOLENCE,N
1567,N_2,N9INCITEMENT,N
1567,N_2,N10SELFDETERMINATION,N
1567,N_2,N11JEWISHRIGHTSDEFINE,N
1567,N_2,N11SELFDETERMINATION,N
1567,N_2,N11JEWISHRIGHTS,N
1567,N_2,N12DOUBLESTANDARD,N
10195,N_2,N2CONSPIRACY,N
10195,N_2,N2CONTROLMEDIA,N
10195,N_2,N2CONTROLECONOMY,N
10195,N_2,N2CONTROLGOV,N
10195,N_2,N2CONTROLOTHER,N
10195,N_2,N3COLLECTIVEBLAME,N
10195,N_2,N4HIDDENCONSPIRACY,N
10195,N_2,N4ISRAELHAND,N
10195,N_2,N5LOYALTY,N
10195,N_2,N6IDENTITYDENY,N
10195,N_2,N7COLLECTIVEGUILT,N
10195,N_2,N8VIOLENCE,N
10195,N_2,N9INCITEMENT,N
10195,N_2,N10SELFDETERMINATION,N
10195,N_2,N11JEWISHRIGHTSDEFINE,N
10195,N_2,N11SELFDETERMINATION,N
10195,N_2,N11JEWISHRIGHTS,N
10195,N_2,N12DOUBLESTANDARD,N
48734,N_2,N2CONSPIRACY,N
48734,N_2,N2CONTROLMEDIA,N
48734,N_2,N2CONTROLECONOMY,N
48734,N_2,N2CONTROLGOV,N
48734,N_2,N2CONTROLOTHER,N
48734,N_2,N3COLLECTIVEBLAME,N
48734,N_2,N4HIDDENCONSPIRACY,N
48734,N_2,N4ISRAELHAND,N
48734,N_2,N5LOYALTY,N
48734,N_2,N6IDENTITYDENY,N
48734,N_2,N7COLLECTIVEGUILT,N
48734,N_2,N8VIOLENCE,N
48734,N_2,N9INCITEMENT,N
48734,N_2,N10SELFDETERMINATION,N
48734,N_2,N11JEWISHRIGHTSDEFINE,N
48734,N_2,N11SELFDETERMINATION,N
48734,N_2,N11JEWISHRIGHTS,N
48734,N_2,N12DOUBLESTANDARD,N
6751,N_2,N2CONSPIRACY,N
6751,N_2,N2CONTROLMEDIA,N
6751,N_2,N2CONTROLECONOMY,N
6751,N_2,N2CONTROLGOV,N
6751,N_2,N2CONTROLOTHER,N
6751,N_2,N3COLLECTIVEBLAME,N
6751,N_2,N4HIDDENCONSPIRACY,N
6751,N_2,N4ISRAELHAND,N
6751,N_2,N5LOYALTY,N
6751,N_2,N6IDENTITYDENY,N
6751,N_2,N7COLLECTIVEGUILT,N
6751,N_2,N8VIOLENCE,N
6751,N_2,N9INCITEMENT,N
6751,N_2,N10SELFDETERMINATION,N
6751,N_2,N11JEWISHRIGHTSDEFINE,N
6751,N_2,N11SELFDETERMINATION,N
6751,N_2,N11JEWISHRIGHTS,N
6751,N_2,N12DOUBLESTANDARD,N
41212,N_2,N2CONSPIRACY,N
41212,N_2,N2CONTROLMEDIA,N
41212,N_2,N2CONTROLECONOMY,N
41212,N_2,N2CONTROLGOV,N
41212,N_2,N2CONTROLOTHER,N
41212,N_2,N3COLLECTIVEBLAME,N
41212,N_2,N4HIDDENCONSPIRACY,N
41212,N_2,N4ISRAELHAND,N
41212,N_2,N5LOYALTY,N
41212,N_2,N6IDENTITYDENY,N
41212,N_2,N7COLLECTIVEGUILT,N
41212,N_2,N8VIOLENCE,N
41212,N_2,N9INCITEMENT,E
41212,N_2,N10SELFDETERMINATION,N
41212,N_2,N11JEWISHRIGHTSDEFINE,N
41212,N_2,N11SELFDETERMINATION,N
41212,N_2,N11JEWISHRIGHTS,E
41212,N_2,N12DOUBLESTANDARD,N
9917,N_2,N2CONSPIRACY,N
9917,N_2,N2CONTROLMEDIA,N
9917,N_2,N2CONTROLECONOMY,N
9917,N_2,N2CONTROLGOV,N
9917,N_2,N2CONTROLOTHER,N
9917,N_2,N3COLLECTIVEBLAME,N
9917,N_2,N4HIDDENCONSPIRACY,N
9917,N_2,N4ISRAELHAND,N
9917,N_2,N5LOYALTY,N
9917,N_2,N6IDENTITYDENY,N
9917,N_2,N7COLLECTIVEGUILT,N
9917,N_2,N8VIOLENCE,N
9917,N_2,N9INCITEMENT,E
9917,N_2,N10SELFDETERMINATION,N
9917,N_2,N11JEWISHRIGHTSDEFINE,N
9917,N_2,N11SELFDETERMINATION,N
9917,N_2,N11JEWISHRIGHTS,N
9917,N_2,N12DOUBLESTANDARD,N
44949,N_2,N2CONSPIRACY,N
44949,N_2,N2CONTROLMEDIA,N
44949,N_2,N2CONTROLECONOMY,N
44949,N_2,N2CONTROLGOV,N
44949,N_2,N2CONTROLOTHER,N
44949,N_2,N3COLLECTIVEBLAME,N
44949,N_2,N4HIDDENCONSPIRACY,N
44949,N_2,N4ISRAELHAND,N
44949,N_2,N5LOYALTY,N
44949,N_2,N6IDENTITYDENY,N
44949,N_2,N7COLLECTIVEGUILT,N
44949,N_2,N8VIOLENCE,N
44949,N_2,N9INCITEMENT,N
44949,N_2,N10SELFDETERMINATION,N
44949,N_2,N11JEWISHRIGHTSDEFINE,N
44949,N_2,N11SELFDETERMINATION,N
44949,N_2,N11JEWISHRIGHTS,N
44949,N_2,N12DOUBLESTANDARD,N
47200,N_2,N2CONSPIRACY,N
47200,N_2,N2CONTROLMEDIA,N
47200,N_2,N2CONTROLECONOMY,N
47200,N_2,N2CONTROLGOV,N
47200,N_2,N2CONTROLOTHER,N
47200,N_2,N3COLLECTIVEBLAME,N
47200,N_2,N4HIDDENCONSPIRACY,N
47200,N_2,N4ISRAELHAND,N
47200,N_2,N5LOYALTY,N
47200,N_2,N6IDENTITYDENY,N
47200,N_2,N7COLLECTIVEGUILT,N
47200,N_2,N8VIOLENCE,N
47200,N_2,N9INCITEMENT,N
47200,N_2,N10SELFDETERMINATION,N
47200,N_2,N11JEWISHRIGHTSDEFINE,N
47200,N_2,N11SELFDETERMINATION,N
47200,N_2,N11JEWISHRIGHTS,N
47200,N_2,N12DOUBLESTANDARD,N
33340,N_2,N2CONSPIRACY,N
33340,N_2,N2CONTROLMEDIA,N
33340,N_2,N2CONTROLECONOMY,N
33340,N_2,N2CONTROLGOV,N
33340,N_2,N2CONTROLOTHER,N
33340,N_2,N3COLLECTIVEBLAME,N
33340,N_2,N4HIDDENCONSPIRACY,N
33340,N_2,N4ISRAELHAND,N
33340,N_2,N5LOYALTY,N
33340,N_2,N6IDENTITYDENY,N
33340,N_2,N7COLLECTIVEGUILT,N
33340,N_2,N8VIOLENCE,N
33340,N_2,N9INCITEMENT,N
33340,N_2,N10SELFDETERMINATION,N
33340,N_2,N11JEWISHRIGHTSDEFINE,N
33340,N_2,N11SELFDETERMINATION,N
33340,N_2,N11JEWISHRIGHTS,N
33340,N_2,N12DOUBLESTANDARD,N
3915,N_2,N2CONSPIRACY,N
3915,N_2,N2CONTROLMEDIA,N
3915,N_2,N2CONTROLECONOMY,N
3915,N_2,N2CONTROLGOV,N
3915,N_2,N2CONTROLOTHER,N
3915,N_2,N3COLLECTIVEBLAME,N
3915,N_2,N4HIDDENCONSPIRACY,N
3915,N_2,N4ISRAELHAND,N
3915,N_2,N5LOYALTY,N
3915,N_2,N6IDENTITYDENY,N
3915,N_2,N7COLLECTIVEGUILT,N
3915,N_2,N8VIOLENCE,N
3915,N_2,N9INCITEMENT,N
3915,N_2,N10SELFDETERMINATION,N
3915,N_2,N11JEWISHRIGHTSDEFINE,N
3915,N_2,N11SELFDETERMINATION,N
3915,N_2,N11JEWISHRIGHTS,N
3915,N_2,N12DOUBLESTANDARD,N
36501,N_2,N2CONSPIRACY,N
36501,N_2,N2CONTROLMEDIA,N
36501,N_2,N2CONTROLECONOMY,N
36501,N_2,N2CONTROLGOV,N
36501,N_2,N2CONTROLOTHER,N
36501,N_2,N3COLLECTIVEBLAME,N
36501,N_2,N4HIDDENCONSPIRACY,N
36501,N_2,N4ISRAELHAND,N
36501,N_2,N5LOYALTY,N
36501,N_2,N6IDENTITYDENY,N
36501,N_2,N7COLLECTIVEGUILT,N
36501,N_2,N8VIOLENCE,N
36501,N_2,N9INCITEMENT,N
36501,N_2,N10SELFDETERMINATION,N
36501,N_2,N11JEWISHRIGHTSDEFINE,N
36501,N_2,N11SELFDETERMINATION,N
36501,N_2,N11JEWISHRIGHTS,N
36501,N_2,N12DOUBLESTANDARD,N
43066,N_2,N2CONSPIRACY,N
43066,N_2,N2CONTROLMEDIA,N
43066,N_2,N2CONTROLECONOMY,N
43066,N_2,N2CONTROLGOV,N
43066,N_2,N2CONTROLOTHER,N
43066,N_2,N3COLLECTIVEBLAME,E
43066,N_2,N4HIDDENCONSPIRACY,N
43066,N_2,N4ISRAELHAND,N
43066,N_2,N5LOYALTY,N
43066,N_2,N6IDENTITYDENY,N
43066,N_2,N7COLLECTIVEGUILT,N
43066,N_2,N8VIOLENCE,N
43066,N_2,N9INCITEMENT,N
43066,N_2,N10SELFDETERMINATION,N
43066,N_2,N11JEWISHRIGHTSDEFINE,N
43066,N_2,N11SELFDETERMINATION,N
43066,N_2,N11JEWISHRIGHTS,N
43066,N_2,N12DOUBLESTANDARD,N
47266,N_2,N2CONSPIRACY,N
47266,N_2,N2CONTROLMEDIA,N
47266,N_2,N2CONTROLECONOMY,N
47266,N_2,N2CONTROLGOV,N
47266,N_2,N2CONTROLOTHER,N
47266,N_2,N3COLLECTIVEBLAME,N
47266,N_2,N4HIDDENCONSPIRACY,N
47266,N_2,N4ISRAELHAND,N
47266,N_2,N5LOYALTY,N
47266,N_2,N6IDENTITYDENY,N
47266,N_2,N7COLLECTIVEGUILT,N
47266,N_2,N8VIOLENCE,N
47266,N_2,N9INCITEMENT,N
47266,N_2,N10SELFDETERMINATION,N
47266,N_2,N11JEWISHRIGHTSDEFINE,N
47266,N_2,N11SELFDETERMINATION,N
47266,N_2,N11JEWISHRIGHTS,N
47266,N_2,N12DOUBLESTANDARD,N
28827,N_2,N2CONSPIRACY,N
28827,N_2,N2CONTROLMEDIA,N
28827,N_2,N2CONTROLECONOMY,N
28827,N_2,N2CONTROLGOV,N
28827,N_2,N2CONTROLOTHER,N
28827,N_2,N3COLLECTIVEBLAME,N
28827,N_2,N4HIDDENCONSPIRACY,N
28827,N_2,N4ISRAELHAND,N
28827,N_2,N5LOYALTY,N
28827,N_2,N6IDENTITYDENY,N
28827,N_2,N7COLLECTIVEGUILT,N
28827,N_2,N8VIOLENCE,N
28827,N_2,N9INCITEMENT,N
28827,N_2,N10SELFDETERMINATION,N
28827,N_2,N11JEWISHRIGHTSDEFINE,N
28827,N_2,N11SELFDETERMINATION,N
28827,N_2,N11JEWISHRIGHTS,N
28827,N_2,N12DOUBLESTANDARD,N
11369,N_2,N2CONSPIRACY,N
11369,N_2,N2CONTROLMEDIA,N
11369,N_2,N2CONTROLECONOMY,N
11369,N_2,N2CONTROLGOV,N
11369,N_2,N2CONTROLOTHER,N
11369,N_2,N3COLLECTIVEBLAME,N
11369,N_2,N4HIDDENCONSPIRACY,N
11369,N_2,N4ISRAELHAND,N
11369,N_2,N5LOYALTY,N
11369,N_2,N6IDENTITYDENY,N
11369,N_2,N7COLLECTIVEGUILT,N
11369,N_2,N8VIOLENCE,N
11369,N_2,N9INCITEMENT,N
11369,N_2,N10SELFDETERMINATION,N
11369,N_2,N11JEWISHRIGHTSDEFINE,N
11369,N_2,N11SELFDETERMINATION,N
11369,N_2,N11JEWISHRIGHTS,N
11369,N_2,N12DOUBLESTANDARD,N
41804,N_2,N2CONSPIRACY,N
41804,N_2,N2CONTROLMEDIA,N
41804,N_2,N2CONTROLECONOMY,N
41804,N_2,N2CONTROLGOV,N
41804,N_2,N2CONTROLOTHER,N
41804,N_2,N3COLLECTIVEBLAME,N
41804,N_2,N4HIDDENCONSPIRACY,N
41804,N_2,N4ISRAELHAND,N
41804,N_2,N5LOYALTY,N
41804,N_2,N6IDENTITYDENY,N
41804,N_2,N7COLLECTIVEGUILT,N
41804,N_2,N8VIOLENCE,N
41804,N_2,N9INCITEMENT,N
41804,N_2,N10SELFDETERMINATION,N
41804,N_2,N11JEWISHRIGHTSDEFINE,N
41804,N_2,N11SELFDETERMINATION,N
41804,N_2,N11JEWISHRIGHTS,N
41804,N_2,N12DOUBLESTANDARD,N
8311,N_2,N2CONSPIRACY,N
8311,N_2,N2CONTROLMEDIA,N
8311,N_2,N2CONTROLECONOMY,N
8311,N_2,N2CONTROLGOV,N
8311,N_2,N2CONTROLOTHER,N
8311,N_2,N3COLLECTIVEBLAME,N
8311,N_2,N4HIDDENCONSPIRACY,N
8311,N_2,N4ISRAELHAND,N
8311,N_2,N5LOYALTY,N
8311,N_2,N6IDENTITYDENY,N
8311,N_2,N7COLLECTIVEGUILT,N
8311,N_2,N8VIOLENCE,N
8311,N_2,N9INCITEMENT,N
8311,N_2,N10SELFDETERMINATION,N
8311,N_2,N11JEWISHRIGHTSDEFINE,N
8311,N_2,N11SELFDETERMINATION,N
8311,N_2,N11JEWISHRIGHTS,N
8311,N_2,N12DOUBLESTANDARD,N
36322,N_2,N2CONSPIRACY,N
36322,N_2,N2CONTROLMEDIA,N
36322,N_2,N2CONTROLECONOMY,N
36322,N_2,N2CONTROLGOV,N
36322,N_2,N2CONTROLOTHER,N
36322,N_2,N3COLLECTIVEBLAME,N
36322,N_2,N4HIDDENCONSPIRACY,N
36322,N_2,N4ISRAELHAND,N
36322,N_2,N5LOYALTY,N
36322,N_2,N6IDENTITYDENY,N
36322,N_2,N7COLLECTIVEGUILT,N
36322,N_2,N8VIOLENCE,N
36322,N_2,N9INCITEMENT,N
36322,N_2,N10SELFDETERMINATION,N
36322,N_2,N11JEWISHRIGHTSDEFINE,N
36322,N_2,N11SELFDETERMINATION,N
36322,N_2,N11JEWISHRIGHTS,N
36322,N_2,N12DOUBLESTANDARD,N
46559,N_2,N2CONSPIRACY,N
46559,N_2,N2CONTROLMEDIA,N
46559,N_2,N2CONTROLECONOMY,N
46559,N_2,N2CONTROLGOV,N
46559,N_2,N2CONTROLOTHER,N
46559,N_2,N3COLLECTIVEBLAME,N
46559,N_2,N4HIDDENCONSPIRACY,N
46559,N_2,N4ISRAELHAND,N
46559,N_2,N5LOYALTY,N
46559,N_2,N6IDENTITYDENY,N
46559,N_2,N7COLLECTIVEGUILT,N
46559,N_2,N8VIOLENCE,N
46559,N_2,N9INCITEMENT,N
46559,N_2,N10SELFDETERMINATION,N
46559,N_2,N11JEWISHRIGHTSDEFINE,N
46559,N_2,N11SELFDETERMINATION,N
46559,N_2,N11JEWISHRIGHTS,N
46559,N_2,N12DOUBLESTANDARD,N
26861,N_2,N2CONSPIRACY,N
26861,N_2,N2CONTROLMEDIA,N
26861,N_2,N2CONTROLECONOMY,N
26861,N_2,N2CONTROLGOV,N
26861,N_2,N2CONTROLOTHER,N
26861,N_2,N3COLLECTIVEBLAME,N
26861,N_2,N4HIDDENCONSPIRACY,N
26861,N_2,N4ISRAELHAND,N
26861,N_2,N5LOYALTY,N
26861,N_2,N6IDENTITYDENY,N
26861,N_2,N7COLLECTIVEGUILT,N
26861,N_2,N8VIOLENCE,N
26861,N_2,N9INCITEMENT,N
26861,N_2,N10SELFDETERMINATION,I
26861,N_2,N11JEWISHRIGHTSDEFINE,I
26861,N_2,N11SELFDETERMINATION,I
26861,N_2,N11JEWISHRIGHTS,N
26861,N_2,N12DOUBLESTANDARD,N
36612,N_2,N2CONSPIRACY,N
36612,N_2,N2CONTROLMEDIA,N
36612,N_2,N2CONTROLECONOMY,N
36612,N_2,N2CONTROLGOV,N
36612,N_2,N2CONTROLOTHER,N
36612,N_2,N3COLLECTIVEBLAME,N
36612,N_2,N4HIDDENCONSPIRACY,N
36612,N_2,N4ISRAELHAND,N
36612,N_2,N5LOYALTY,N
36612,N_2,N6IDENTITYDENY,N
36612,N_2,N7COLLECTIVEGUILT,N
36612,N_2,N8VIOLENCE,N
36612,N_2,N9INCITEMENT,N
36612,N_2,N10SELFDETERMINATION,N
36612,N_2,N11JEWISHRIGHTSDEFINE,N
36612,N_2,N11SELFDETERMINATION,N
36612,N_2,N11JEWISHRIGHTS,N
36612,N_2,N12DOUBLESTANDARD,N
20737,N_2,N2CONSPIRACY,N
20737,N_2,N2CONTROLMEDIA,N
20737,N_2,N2CONTROLECONOMY,N
20737,N_2,N2CONTROLGOV,N
20737,N_2,N2CONTROLOTHER,N
20737,N_2,N3COLLECTIVEBLAME,N
20737,N_2,N4HIDDENCONSPIRACY,N
20737,N_2,N4ISRAELHAND,N
20737,N_2,N5LOYALTY,N
20737,N_2,N6IDENTITYDENY,N
20737,N_2,N7COLLECTIVEGUILT,N
20737,N_2,N8VIOLENCE,N
20737,N_2,N9INCITEMENT,N
20737,N_2,N10SELFDETERMINATION,N
20737,N_2,N11JEWISHRIGHTSDEFINE,N
20737,N_2,N11SELFDETERMINATION,N
20737,N_2,N11JEWISHRIGHTS,N
20737,N_2,N12DOUBLESTANDARD,N
5261,N_2,N2CONSPIRACY,N
5261,N_2,N2CONTROLMEDIA,N
5261,N_2,N2CONTROLECONOMY,N
5261,N_2,N2CONTROLGOV,N
5261,N_2,N2CONTROLOTHER,N
5261,N_2,N3COLLECTIVEBLAME,N
5261,N_2,N4HIDDENCONSPIRACY,N
5261,N_2,N4ISRAELHAND,N
5261,N_2,N5LOYALTY,N
5261,N_2,N6IDENTITYDENY,N
5261,N_2,N7COLLECTIVEGUILT,N
5261,N_2,N8VIOLENCE,N
5261,N_2,N9INCITEMENT,N
5261,N_2,N10SELFDETERMINATION,N
5261,N_2,N11JEWISHRIGHTSDEFINE,N
5261,N_2,N11SELFDETERMINATION,N
5261,N_2,N11JEWISHRIGHTS,N
5261,N_2,N12DOUBLESTANDARD,N
788,N_2,N2CONSPIRACY,N
788,N_2,N2CONTROLMEDIA,N
788,N_2,N2CONTROLECONOMY,N
788,N_2,N2CONTROLGOV,N
788,N_2,N2CONTROLOTHER,N
788,N_2,N3COLLECTIVEBLAME,N
788,N_2,N4HIDDENCONSPIRACY,N
788,N_2,N4ISRAELHAND,N
788,N_2,N5LOYALTY,N
788,N_2,N6IDENTITYDENY,N
788,N_2,N7COLLECTIVEGUILT,N
788,N_2,N8VIOLENCE,N
788,N_2,N9INCITEMENT,N
788,N_2,N10SELFDETERMINATION,N
788,N_2,N11JEWISHRIGHTSDEFINE,N
788,N_2,N11SELFDETERMINATION,N
788,N_2,N11JEWISHRIGHTS,N
788,N_2,N12DOUBLESTANDARD,N
25549,N_2,N2CONSPIRACY,N
25549,N_2,N2CONTROLMEDIA,N
25549,N_2,N2CONTROLECONOMY,N
25549,N_2,N2CONTROLGOV,N
25549,N_2,N2CONTROLOTHER,N
25549,N_2,N3COLLECTIVEBLAME,N
25549,N_2,N4HIDDENCONSPIRACY,N
25549,N_2,N4ISRAELHAND,N
25549,N_2,N5LOYALTY,N
25549,N_2,N6IDENTITYDENY,N
25549,N_2,N7COLLECTIVEGUILT,N
25549,N_2,N8VIOLENCE,N
25549,N_2,N9INCITEMENT,N
25549,N_2,N10SELFDETERMINATION,N
25549,N_2,N11JEWISHRIGHTSDEFINE,N
25549,N_2,N11SELFDETERMINATION,N
25549,N_2,N11JEWISHRIGHTS,N
25549,N_2,N12DOUBLESTANDARD,N
18182,N_2,N2CONSPIRACY,N
18182,N_2,N2CONTROLMEDIA,N
18182,N_2,N2CONTROLECONOMY,N
18182,N_2,N2CONTROLGOV,N
18182,N_2,N2CONTROLOTHER,N
18182,N_2,N3COLLECTIVEBLAME,N
18182,N_2,N4HIDDENCONSPIRACY,N
18182,N_2,N4ISRAELHAND,N
18182,N_2,N5LOYALTY,N
18182,N_2,N6IDENTITYDENY,N
18182,N_2,N7COLLECTIVEGUILT,N
18182,N_2,N8VIOLENCE,N
18182,N_2,N9INCITEMENT,N
18182,N_2,N10SELFDETERMINATION,N
18182,N_2,N11JEWISHRIGHTSDEFINE,N
18182,N_2,N11SELFDETERMINATION,N
18182,N_2,N11JEWISHRIGHTS,N
18182,N_2,N12DOUBLESTANDARD,N
34163,N_2,N2CONSPIRACY,N
34163,N_2,N2CONTROLMEDIA,N
34163,N_2,N2CONTROLECONOMY,N
34163,N_2,N2CONTROLGOV,N
34163,N_2,N2CONTROLOTHER,N
34163,N_2,N3COLLECTIVEBLAME,N
34163,N_2,N4HIDDENCONSPIRACY,N
34163,N_2,N4ISRAELHAND,N
34163,N_2,N5LOYALTY,N
34163,N_2,N6IDENTITYDENY,N
34163,N_2,N7COLLECTIVEGUILT,N
34163,N_2,N8VIOLENCE,N
34163,N_2,N9INCITEMENT,N
34163,N_2,N10SELFDETERMINATION,N
34163,N_2,N11JEWISHRIGHTSDEFINE,N
34163,N_2,N11SELFDETERMINATION,N
34163,N_2,N11JEWISHRIGHTS,N
34163,N_2,N12DOUBLESTANDARD,N
26593,N_2,N2CONSPIRACY,N
26593,N_2,N2CONTROLMEDIA,N
26593,N_2,N2CONTROLECONOMY,N
26593,N_2,N2CONTROLGOV,N
26593,N_2,N2CONTROLOTHER,N
26593,N_2,N3COLLECTIVEBLAME,N
26593,N_2,N4HIDDENCONSPIRACY,N
26593,N_2,N4ISRAELHAND,N
26593,N_2,N5LOYALTY,N
26593,N_2,N6IDENTITYDENY,N
26593,N_2,N7COLLECTIVEGUILT,N
26593,N_2,N8VIOLENCE,N
26593,N_2,N9INCITEMENT,N
26593,N_2,N10SELFDETERMINATION,N
26593,N_2,N11JEWISHRIGHTSDEFINE,N
26593,N_2,N11SELFDETERMINATION,N
26593,N_2,N11JEWISHRIGHTS,N
26593,N_2,N12DOUBLESTANDARD,N
44319,N_2,N2CONSPIRACY,N
44319,N_2,N2CONTROLMEDIA,N
44319,N_2,N2CONTROLECONOMY,N
44319,N_2,N2CONTROLGOV,N
44319,N_2,N2CONTROLOTHER,N
44319,N_2,N3COLLECTIVEBLAME,N
44319,N_2,N4HIDDENCONSPIRACY,N
44319,N_2,N4ISRAELHAND,N
44319,N_2,N5LOYALTY,N
44319,N_2,N6IDENTITYDENY,N
44319,N_2,N7COLLECTIVEGUILT,N
44319,N_2,N8VIOLENCE,N
44319,N_2,N9INCITEMENT,N
44319,N_2,N10SELFDETERMINATION,N
44319,N_2,N11JEWISHRIGHTSDEFINE,N
44319,N_2,N11SELFDETERMINATION,N
44319,N_2,N11JEWISHRIGHTS,N
44319,N_2,N12DOUBLESTANDARD,N
26160,N_2,N2CONSPIRACY,N
26160,N_2,N2CONTROLMEDIA,N
26160,N_2,N2CONTROLECONOMY,N
26160,N_2,N2CONTROLGOV,N
26160,N_2,N2CONTROLOTHER,N
26160,N_2,N3COLLECTIVEBLAME,N
26160,N_2,N4HIDDENCONSPIRACY,A
26160,N_2,N4ISRAELHAND,N
26160,N_2,N5LOYALTY,N
26160,N_2,N6IDENTITYDENY,N
26160,N_2,N7COLLECTIVEGUILT,N
26160,N_2,N8VIOLENCE,N
26160,N_2,N9INCITEMENT,N
26160,N_2,N10SELFDETERMINATION,N
26160,N_2,N11JEWISHRIGHTSDEFINE,N
26160,N_2,N11SELFDETERMINATION,N
26160,N_2,N11JEWISHRIGHTS,N
26160,N_2,N12DOUBLESTANDARD,N
10769,N_2,N2CONSPIRACY,N
10769,N_2,N2CONTROLMEDIA,N
10769,N_2,N2CONTROLECONOMY,N
10769,N_2,N2CONTROLGOV,N
10769,N_2,N2CONTROLOTHER,N
10769,N_2,N3COLLECTIVEBLAME,N
10769,N_2,N4HIDDENCONSPIRACY,N
10769,N_2,N4ISRAELHAND,N
10769,N_2,N5LOYALTY,N
10769,N_2,N6IDENTITYDENY,N
10769,N_2,N7COLLECTIVEGUILT,N
10769,N_2,N8VIOLENCE,N
10769,N_2,N9INCITEMENT,N
10769,N_2,N10SELFDETERMINATION,N
10769,N_2,N11JEWISHRIGHTSDEFINE,N
10769,N_2,N11SELFDETERMINATION,N
10769,N_2,N11JEWISHRIGHTS,N
10769,N_2,N12DOUBLESTANDARD,N
39175,N_2,N2CONSPIRACY,I
39175,N_2,N2CONTROLMEDIA,N
39175,N_2,N2CONTROLECONOMY,N
39175,N_2,N2CONTROLGOV,I
39175,N_2,N2CONTROLOTHER,N
39175,N_2,N3COLLECTIVEBLAME,N
39175,N_2,N4HIDDENCONSPIRACY,I
39175,N_2,N4ISRAELHAND,N
39175,N_2,N5LOYALTY,N
39175,N_2,N6IDENTITYDENY,N
39175,N_2,N7COLLECTIVEGUILT,N
39175,N_2,N8VIOLENCE,N
39175,N_2,N9INCITEMENT,N
39175,N_2,N10SELFDETERMINATION,N
39175,N_2,N11JEWISHRIGHTSDEFINE,N
39175,N_2,N11SELFDETERMINATION,N
39175,N_2,N11JEWISHRIGHTS,N
39175,N_2,N12DOUBLESTANDARD,N
32948,N_2,N2CONSPIRACY,N
32948,N_2,N2CONTROLMEDIA,N
32948,N_2,N2CONTROLECONOMY,N
32948,N_2,N2CONTROLGOV,N
32948,N_2,N2CONTROLOTHER,N
32948,N_2,N3COLLECTIVEBLAME,N
32948,N_2,N4HIDDENCONSPIRACY,N
32948,N_2,N4ISRAELHAND,N
32948,N_2,N5LOYALTY,N
32948,N_2,N6IDENTITYDENY,N
32948,N_2,N7COLLECTIVEGUILT,N
32948,N_2,N8VIOLENCE,N
32948,N_2,N9INCITEMENT,N
32948,N_2,N10SELFDETERMINATION,N
32948,N_2,N11JEWISHRIGHTSDEFINE,N
32948,N_2,N11SELFDETERMINATION,N
32948,N_2,N11JEWISHRIGHTS,N
32948,N_2,N12DOUBLESTANDARD,N
1495,N_2,N2CONSPIRACY,N
1495,N_2,N2CONTROLMEDIA,N
1495,N_2,N2CONTROLECONOMY,N
1495,N_2,N2CONTROLGOV,N
1495,N_2,N2CONTROLOTHER,N
1495,N_2,N3COLLECTIVEBLAME,N
1495,N_2,N4HIDDENCONSPIRACY,N
1495,N_2,N4ISRAELHAND,N
1495,N_2,N5LOYALTY,N
1495,N_2,N6IDENTITYDENY,N
1495,N_2,N7COLLECTIVEGUILT,N
1495,N_2,N8VIOLENCE,N
1495,N_2,N9INCITEMENT,N
1495,N_2,N10SELFDETERMINATION,N
1495,N_2,N11JEWISHRIGHTSDEFINE,N
1495,N_2,N11SELFDETERMINATION,N
1495,N_2,N11JEWISHRIGHTS,N
1495,N_2,N12DOUBLESTANDARD,N
11637,N_2,N2CONSPIRACY,N
11637,N_2,N2CONTROLMEDIA,N
11637,N_2,N2CONTROLECONOMY,N
11637,N_2,N2CONTROLGOV,N
11637,N_2,N2CONTROLOTHER,N
11637,N_2,N3COLLECTIVEBLAME,N
11637,N_2,N4HIDDENCONSPIRACY,N
11637,N_2,N4ISRAELHAND,N
11637,N_2,N5LOYALTY,N
11637,N_2,N6IDENTITYDENY,N
11637,N_2,N7COLLECTIVEGUILT,N
11637,N_2,N8VIOLENCE,N
11637,N_2,N9INCITEMENT,N
11637,N_2,N10SELFDETERMINATION,N
11637,N_2,N11JEWISHRIGHTSDEFINE,N
11637,N_2,N11SELFDETERMINATION,N
11637,N_2,N11JEWISHRIGHTS,N
11637,N_2,N12DOUBLESTANDARD,N
7813,N_2,N2CONSPIRACY,N
7813,N_2,N2CONTROLMEDIA,N
7813,N_2,N2CONTROLECONOMY,N
7813,N_2,N2CONTROLGOV,N
7813,N_2,N2CONTROLOTHER,N
7813,N_2,N3COLLECTIVEBLAME,N
7813,N_2,N4HIDDENCONSPIRACY,N
7813,N_2,N4ISRAELHAND,N
7813,N_2,N5LOYALTY,N
7813,N_2,N6IDENTITYDENY,N
7813,N_2,N7COLLECTIVEGUILT,N
7813,N_2,N8VIOLENCE,N
7813,N_2,N9INCITEMENT,N
7813,N_2,N10SELFDETERMINATION,N
7813,N_2,N11JEWISHRIGHTSDEFINE,N
7813,N_2,N11SELFDETERMINATION,N
7813,N_2,N11JEWISHRIGHTS,N
7813,N_2,N12DOUBLESTANDARD,N
7687,N_2,N2CONSPIRACY,N
7687,N_2,N2CONTROLMEDIA,N
7687,N_2,N2CONTROLECONOMY,N
7687,N_2,N2CONTROLGOV,N
7687,N_2,N2CONTROLOTHER,N
7687,N_2,N3COLLECTIVEBLAME,N
7687,N_2,N4HIDDENCONSPIRACY,N
7687,N_2,N4ISRAELHAND,N
7687,N_2,N5LOYALTY,N
7687,N_2,N6IDENTITYDENY,N
7687,N_2,N7COLLECTIVEGUILT,N
7687,N_2,N8VIOLENCE,N
7687,N_2,N9INCITEMENT,N
7687,N_2,N10SELFDETERMINATION,N
7687,N_2,N11JEWISHRIGHTSDEFINE,N
7687,N_2,N11SELFDETERMINATION,N
7687,N_2,N11JEWISHRIGHTS,N
7687,N_2,N12DOUBLESTANDARD,N
3154,N_2,N2CONSPIRACY,I
3154,N_2,N2CONTROLMEDIA,N
3154,N_2,N2CONTROLECONOMY,I
3154,N_2,N2CONTROLGOV,N
3154,N_2,N2CONTROLOTHER,N
3154,N_2,N3COLLECTIVEBLAME,N
3154,N_2,N4HIDDENCONSPIRACY,N
3154,N_2,N4ISRAELHAND,N
3154,N_2,N5LOYALTY,N
3154,N_2,N6IDENTITYDENY,N
3154,N_2,N7COLLECTIVEGUILT,N
3154,N_2,N8VIOLENCE,N
3154,N_2,N9INCITEMENT,N
3154,N_2,N10SELFDETERMINATION,N
3154,N_2,N11JEWISHRIGHTSDEFINE,N
3154,N_2,N11SELFDETERMINATION,N
3154,N_2,N11JEWISHRIGHTS,N
3154,N_2,N12DOUBLESTANDARD,N
47211,N_2,N2CONSPIRACY,N
47211,N_2,N2CONTROLMEDIA,N
47211,N_2,N2CONTROLECONOMY,N
47211,N_2,N2CONTROLGOV,N
47211,N_2,N2CONTROLOTHER,N
47211,N_2,N3COLLECTIVEBLAME,N
47211,N_2,N4HIDDENCONSPIRACY,N
47211,N_2,N4ISRAELHAND,N
47211,N_2,N5LOYALTY,N
47211,N_2,N6IDENTITYDENY,N
47211,N_2,N7COLLECTIVEGUILT,N
47211,N_2,N8VIOLENCE,N
47211,N_2,N9INCITEMENT,N
47211,N_2,N10SELFDETERMINATION,N
47211,N_2,N11JEWISHRIGHTSDEFINE,N
47211,N_2,N11SELFDETERMINATION,N
47211,N_2,N11JEWISHRIGHTS,N
47211,N_2,N12DOUBLESTANDARD,N
40294,N_2,N2CONSPIRACY,A
40294,N_2,N2CONTROLMEDIA,N
40294,N_2,N2CONTROLECONOMY,N
40294,N_2,N2CONTROLGOV,N
40294,N_2,N2CONTROLOTHER,N
40294,N_2,N3COLLECTIVEBLAME,N
40294,N_2,N4HIDDENCONSPIRACY,N
40294,N_2,N4ISRAELHAND,N
40294,N_2,N5LOYALTY,N
40294,N_2,N6IDENTITYDENY,N
40294,N_2,N7COLLECTIVEGUILT,N
40294,N_2,N8VIOLENCE,N
40294,N_2,N9INCITEMENT,N
40294,N_2,N10SELFDETERMINATION,N
40294,N_2,N11JEWISHRIGHTSDEFINE,N
40294,N_2,N11SELFDETERMINATION,N
40294,N_2,N11JEWISHRIGHTS,N
40294,N_2,N12DOUBLESTANDARD,N
27558,N_2,N2CONSPIRACY,N
27558,N_2,N2CONTROLMEDIA,N
27558,N_2,N2CONTROLECONOMY,N
27558,N_2,N2CONTROLGOV,N
27558,N_2,N2CONTROLOTHER,N
27558,N_2,N3COLLECTIVEBLAME,N
27558,N_2,N4HIDDENCONSPIRACY,N
27558,N_2,N4ISRAELHAND,N
27558,N_2,N5LOYALTY,N
27558,N_2,N6IDENTITYDENY,N
27558,N_2,N7COLLECTIVEGUILT,N
27558,N_2,N8VIOLENCE,N
27558,N_2,N9INCITEMENT,N
27558,N_2,N10SELFDETERMINATION,N
27558,N_2,N11JEWISHRIGHTSDEFINE,N
27558,N_2,N11SELFDETERMINATION,N
27558,N_2,N11JEWISHRIGHTS,N
27558,N_2,N12DOUBLESTANDARD,N
7806,N_2,N2CONSPIRACY,N
7806,N_2,N2CONTROLMEDIA,N
7806,N_2,N2CONTROLECONOMY,N
7806,N_2,N2CONTROLGOV,N
7806,N_2,N2CONTROLOTHER,N
7806,N_2,N3COLLECTIVEBLAME,N
7806,N_2,N4HIDDENCONSPIRACY,N
7806,N_2,N4ISRAELHAND,N
7806,N_2,N5LOYALTY,N
7806,N_2,N6IDENTITYDENY,N
7806,N_2,N7COLLECTIVEGUILT,N
7806,N_2,N8VIOLENCE,N
7806,N_2,N9INCITEMENT,I
7806,N_2,N10SELFDETERMINATION,N
7806,N_2,N11JEWISHRIGHTSDEFINE,N
7806,N_2,N11SELFDETERMINATION,N
7806,N_2,N11JEWISHRIGHTS,N
7806,N_2,N12DOUBLESTANDARD,N
6034,N_2,N2CONSPIRACY,N
6034,N_2,N2CONTROLMEDIA,N
6034,N_2,N2CONTROLECONOMY,N
6034,N_2,N2CONTROLGOV,N
6034,N_2,N2CONTROLOTHER,N
6034,N_2,N3COLLECTIVEBLAME,N
6034,N_2,N4HIDDENCONSPIRACY,N
6034,N_2,N4ISRAELHAND,N
6034,N_2,N5LOYALTY,N
6034,N_2,N6IDENTITYDENY,N
6034,N_2,N7COLLECTIVEGUILT,N
6034,N_2,N8VIOLENCE,N
6034,N_2,N9INCITEMENT,N
6034,N_2,N10SELFDETERMINATION,N
6034,N_2,N11JEWISHRIGHTSDEFINE,N
6034,N_2,N11SELFDETERMINATION,N
6034,N_2,N11JEWISHRIGHTS,N
6034,N_2,N12DOUBLESTANDARD,N
321,N_2,N2CONSPIRACY,N
321,N_2,N2CONTROLMEDIA,N
321,N_2,N2CONTROLECONOMY,N
321,N_2,N2CONTROLGOV,N
321,N_2,N2CONTROLOTHER,N
321,N_2,N3COLLECTIVEBLAME,N
321,N_2,N4HIDDENCONSPIRACY,N
321,N_2,N4ISRAELHAND,N
321,N_2,N5LOYALTY,N
321,N_2,N6IDENTITYDENY,N
321,N_2,N7COLLECTIVEGUILT,N
321,N_2,N8VIOLENCE,N
321,N_2,N9INCITEMENT,N
321,N_2,N10SELFDETERMINATION,N
321,N_2,N11JEWISHRIGHTSDEFINE,N
321,N_2,N11SELFDETERMINATION,N
321,N_2,N11JEWISHRIGHTS,N
321,N_2,N12DOUBLESTANDARD,N
20243,N_2,N2CONSPIRACY,N
20243,N_2,N2CONTROLMEDIA,N
20243,N_2,N2CONTROLECONOMY,N
20243,N_2,N2CONTROLGOV,N
20243,N_2,N2CONTROLOTHER,N
20243,N_2,N3COLLECTIVEBLAME,N
20243,N_2,N4HIDDENCONSPIRACY,N
20243,N_2,N4ISRAELHAND,N
20243,N_2,N5LOYALTY,N
20243,N_2,N6IDENTITYDENY,N
20243,N_2,N7COLLECTIVEGUILT,N
20243,N_2,N8VIOLENCE,N
20243,N_2,N9INCITEMENT,N
20243,N_2,N10SELFDETERMINATION,N
20243,N_2,N11JEWISHRIGHTSDEFINE,N
20243,N_2,N11SELFDETERMINATION,N
20243,N_2,N11JEWISHRIGHTS,N
20243,N_2,N12DOUBLESTANDARD,N
6767,N_2,N2CONSPIRACY,N
6767,N_2,N2CONTROLMEDIA,N
6767,N_2,N2CONTROLECONOMY,N
6767,N_2,N2CONTROLGOV,N
6767,N_2,N2CONTROLOTHER,N
6767,N_2,N3COLLECTIVEBLAME,N
6767,N_2,N4HIDDENCONSPIRACY,N
6767,N_2,N4ISRAELHAND,N
6767,N_2,N5LOYALTY,N
6767,N_2,N6IDENTITYDENY,N
6767,N_2,N7COLLECTIVEGUILT,N
6767,N_2,N8VIOLENCE,N
6767,N_2,N9INCITEMENT,N
6767,N_2,N10SELFDETERMINATION,N
6767,N_2,N11JEWISHRIGHTSDEFINE,N
6767,N_2,N11SELFDETERMINATION,N
6767,N_2,N11JEWISHRIGHTS,N
6767,N_2,N12DOUBLESTANDARD,N
13534,N_2,N2CONSPIRACY,N
13534,N_2,N2CONTROLMEDIA,N
13534,N_2,N2CONTROLECONOMY,N
13534,N_2,N2CONTROLGOV,N
13534,N_2,N2CONTROLOTHER,N
13534,N_2,N3COLLECTIVEBLAME,I
13534,N_2,N4HIDDENCONSPIRACY,N
13534,N_2,N4ISRAELHAND,N
13534,N_2,N5LOYALTY,N
13534,N_2,N6IDENTITYDENY,N
13534,N_2,N7COLLECTIVEGUILT,I
13534,N_2,N8VIOLENCE,N
13534,N_2,N9INCITEMENT,N
13534,N_2,N10SELFDETERMINATION,N
13534,N_2,N11JEWISHRIGHTSDEFINE,N
13534,N_2,N11SELFDETERMINATION,N
13534,N_2,N11JEWISHRIGHTS,N
13534,N_2,N12DOUBLESTANDARD,N
37015,N_2,N2CONSPIRACY,N
37015,N_2,N2CONTROLMEDIA,N
37015,N_2,N2CONTROLECONOMY,N
37015,N_2,N2CONTROLGOV,N
37015,N_2,N2CONTROLOTHER,N
37015,N_2,N3COLLECTIVEBLAME,N
37015,N_2,N4HIDDENCONSPIRACY,N
37015,N_2,N4ISRAELHAND,N
37015,N_2,N5LOYALTY,N
37015,N_2,N6IDENTITYDENY,N
37015,N_2,N7COLLECTIVEGUILT,N
37015,N_2,N8VIOLENCE,N
37015,N_2,N9INCITEMENT,N
37015,N_2,N10SELFDETERMINATION,N
37015,N_2,N11JEWISHRIGHTSDEFINE,N
37015,N_2,N11SELFDETERMINATION,N
37015,N_2,N11JEWISHRIGHTS,N
37015,N_2,N12DOUBLESTANDARD,N
10407,N_2,N2CONSPIRACY,A
10407,N_2,N2CONTROLMEDIA,N
10407,N_2,N2CONTROLECONOMY,N
10407,N_2,N2CONTROLGOV,N
10407,N_2,N2CONTROLOTHER,N
10407,N_2,N3COLLECTIVEBLAME,I
10407,N_2,N4HIDDENCONSPIRACY,A
10407,N_2,N4ISRAELHAND,N
10407,N_2,N5LOYALTY,N
10407,N_2,N6IDENTITYDENY,N
10407,N_2,N7COLLECTIVEGUILT,N
10407,N_2,N8VIOLENCE,N
10407,N_2,N9INCITEMENT,N
10407,N_2,N10SELFDETERMINATION,N
10407,N_2,N11JEWISHRIGHTSDEFINE,N
10407,N_2,N11SELFDETERMINATION,N
10407,N_2,N11JEWISHRIGHTS,N
10407,N_2,N12DOUBLESTANDARD,N
27260,N_2,N2CONSPIRACY,N
27260,N_2,N2CONTROLMEDIA,N
27260,N_2,N2CONTROLECONOMY,N
27260,N_2,N2CONTROLGOV,N
27260,N_2,N2CONTROLOTHER,N
27260,N_2,N3COLLECTIVEBLAME,N
27260,N_2,N4HIDDENCONSPIRACY,N
27260,N_2,N4ISRAELHAND,N
27260,N_2,N5LOYALTY,N
27260,N_2,N6IDENTITYDENY,N
27260,N_2,N7COLLECTIVEGUILT,N
27260,N_2,N8VIOLENCE,N
27260,N_2,N9INCITEMENT,N
27260,N_2,N10SELFDETERMINATION,N
27260,N_2,N11JEWISHRIGHTSDEFINE,N
27260,N_2,N11SELFDETERMINATION,N
27260,N_2,N11JEWISHRIGHTS,N
27260,N_2,N12DOUBLESTANDARD,N
6559,N_2,N2CONSPIRACY,N
6559,N_2,N2CONTROLMEDIA,N
6559,N_2,N2CONTROLECONOMY,N
6559,N_2,N2CONTROLGOV,N
6559,N_2,N2CONTROLOTHER,N
6559,N_2,N3COLLECTIVEBLAME,N
6559,N_2,N4HIDDENCONSPIRACY,N
6559,N_2,N4ISRAELHAND,N
6559,N_2,N5LOYALTY,N
6559,N_2,N6IDENTITYDENY,N
6559,N_2,N7COLLECTIVEGUILT,N
6559,N_2,N8VIOLENCE,N
6559,N_2,N9INCITEMENT,N
6559,N_2,N10SELFDETERMINATION,N
6559,N_2,N11JEWISHRIGHTSDEFINE,N
6559,N_2,N11SELFDETERMINATION,N
6559,N_2,N11JEWISHRIGHTS,N
6559,N_2,N12DOUBLESTANDARD,N
47762,N_2,N2CONSPIRACY,N
47762,N_2,N2CONTROLMEDIA,N
47762,N_2,N2CONTROLECONOMY,N
47762,N_2,N2CONTROLGOV,N
47762,N_2,N2CONTROLOTHER,N
47762,N_2,N3COLLECTIVEBLAME,N
47762,N_2,N4HIDDENCONSPIRACY,N
47762,N_2,N4ISRAELHAND,N
47762,N_2,N5LOYALTY,N
47762,N_2,N6IDENTITYDENY,N
47762,N_2,N7COLLECTIVEGUILT,N
47762,N_2,N8VIOLENCE,N
47762,N_2,N9INCITEMENT,N
47762,N_2,N10SELFDETERMINATION,N
47762,N_2,N11JEWISHRIGHTSDEFINE,N
47762,N_2,N11SELFDETERMINATION,N
47762,N_2,N11JEWISHRIGHTS,N
47762,N_2,N12DOUBLESTANDARD,N
40520,N_2,N2CONSPIRACY,N
40520,N_2,N2CONTROLMEDIA,N
40520,N_2,N2CONTROLECONOMY,N
40520,N_2,N2CONTROLGOV,N
40520,N_2,N2CONTROLOTHER,N
40520,N_2,N3COLLECTIVEBLAME,N
40520,N_2,N4HIDDENCONSPIRACY,N
40520,N_2,N4ISRAELHAND,N
40520,N_2,N5LOYALTY,N
40520,N_2,N6IDENTITYDENY,N
40520,N_2,N7COLLECTIVEGUILT,N
40520,N_2,N8VIOLENCE,N
40520,N_2,N9INCITEMENT,N
40520,N_2,N10SELFDETERMINATION,N
40520,N_2,N11JEWISHRIGHTSDEFINE,N
40520,N_2,N11SELFDETERMINATION,N
40520,N_2,N11JEWISHRIGHTS,N
40520,N_2,N12DOUBLESTANDARD,N
15624,N_2,N2CONSPIRACY,N
15624,N_2,N2CONTROLMEDIA,N
15624,N_2,N2CONTROLECONOMY,N
15624,N_2,N2CONTROLGOV,N
15624,N_2,N2CONTROLOTHER,N
15624,N_2,N3COLLECTIVEBLAME,N
15624,N_2,N4HIDDENCONSPIRACY,N
15624,N_2,N4ISRAELHAND,N
15624,N_2,N5LOYALTY,N
15624,N_2,N6IDENTITYDENY,N
15624,N_2,N7COLLECTIVEGUILT,N
15624,N_2,N8VIOLENCE,N
15624,N_2,N9INCITEMENT,N
15624,N_2,N10SELFDETERMINATION,N
15624,N_2,N11JEWISHRIGHTSDEFINE,N
15624,N_2,N11SELFDETERMINATION,N
15624,N_2,N11JEWISHRIGHTS,N
15624,N_2,N12DOUBLESTANDARD,N
38123,N_2,N2CONSPIRACY,N
38123,N_2,N2CONTROLMEDIA,N
38123,N_2,N2CONTROLECONOMY,N
38123,N_2,N2CONTROLGOV,N
38123,N_2,N2CONTROLOTHER,N
38123,N_2,N3COLLECTIVEBLAME,N
38123,N_2,N4HIDDENCONSPIRACY,N
38123,N_2,N4ISRAELHAND,N
38123,N_2,N5LOYALTY,N
38123,N_2,N6IDENTITYDENY,N
38123,N_2,N7COLLECTIVEGUILT,N
38123,N_2,N8VIOLENCE,N
38123,N_2,N9INCITEMENT,N
38123,N_2,N10SELFDETERMINATION,N
38123,N_2,N11JEWISHRIGHTSDEFINE,N
38123,N_2,N11SELFDETERMINATION,N
38123,N_2,N11JEWISHRIGHTS,N
38123,N_2,N12DOUBLESTANDARD,N
24986,N_2,N2CONSPIRACY,N
24986,N_2,N2CONTROLMEDIA,N
24986,N_2,N2CONTROLECONOMY,N
24986,N_2,N2CONTROLGOV,N
24986,N_2,N2CONTROLOTHER,N
24986,N_2,N3COLLECTIVEBLAME,N
24986,N_2,N4HIDDENCONSPIRACY,N
24986,N_2,N4ISRAELHAND,N
24986,N_2,N5LOYALTY,N
24986,N_2,N6IDENTITYDENY,N
24986,N_2,N7COLLECTIVEGUILT,N
24986,N_2,N8VIOLENCE,N
24986,N_2,N9INCITEMENT,N
24986,N_2,N10SELFDETERMINATION,N
24986,N_2,N11JEWISHRIGHTSDEFINE,N
24986,N_2,N11SELFDETERMINATION,N
24986,N_2,N11JEWISHRIGHTS,N
24986,N_2,N12DOUBLESTANDARD,N
48572,N_2,N2CONSPIRACY,N
48572,N_2,N2CONTROLMEDIA,N
48572,N_2,N2CONTROLECONOMY,N
48572,N_2,N2CONTROLGOV,N
48572,N_2,N2CONTROLOTHER,N
48572,N_2,N3COLLECTIVEBLAME,N
48572,N_2,N4HIDDENCONSPIRACY,N
48572,N_2,N4ISRAELHAND,N
48572,N_2,N5LOYALTY,N
48572,N_2,N6IDENTITYDENY,N
48572,N_2,N7COLLECTIVEGUILT,N
48572,N_2,N8VIOLENCE,N
48572,N_2,N9INCITEMENT,N
48572,N_2,N10SELFDETERMINATION,N
48572,N_2,N11JEWISHRIGHTSDEFINE,N
48572,N_2,N11SELFDETERMINATION,N
48572,N_2,N11JEWISHRIGHTS,N
48572,N_2,N12DOUBLESTANDARD,N
9962,N_2,N2CONSPIRACY,N
9962,N_2,N2CONTROLMEDIA,N
9962,N_2,N2CONTROLECONOMY,N
9962,N_2,N2CONTROLGOV,N
9962,N_2,N2CONTROLOTHER,N
9962,N_2,N3COLLECTIVEBLAME,N
9962,N_2,N4HIDDENCONSPIRACY,N
9962,N_2,N4ISRAELHAND,N
9962,N_2,N5LOYALTY,N
9962,N_2,N6IDENTITYDENY,N
9962,N_2,N7COLLECTIVEGUILT,N
9962,N_2,N8VIOLENCE,N
9962,N_2,N9INCITEMENT,N
9962,N_2,N10SELFDETERMINATION,N
9962,N_2,N11JEWISHRIGHTSDEFINE,N
9962,N_2,N11SELFDETERMINATION,N
9962,N_2,N11JEWISHRIGHTS,N
9962,N_2,N12DOUBLESTANDARD,N
40323,N_2,N2CONSPIRACY,E
40323,N_2,N2CONTROLMEDIA,N
40323,N_2,N2CONTROLECONOMY,N
40323,N_2,N2CONTROLGOV,E
40323,N_2,N2CONTROLOTHER,E
40323,N_2,N3COLLECTIVEBLAME,E
40323,N_2,N4HIDDENCONSPIRACY,E
40323,N_2,N4ISRAELHAND,E
40323,N_2,N5LOYALTY,E
40323,N_2,N6IDENTITYDENY,N
40323,N_2,N7COLLECTIVEGUILT,E
40323,N_2,N8VIOLENCE,N
40323,N_2,N9INCITEMENT,E
40323,N_2,N10SELFDETERMINATION,N
40323,N_2,N11JEWISHRIGHTSDEFINE,N
40323,N_2,N11SELFDETERMINATION,N
40323,N_2,N11JEWISHRIGHTS,N
40323,N_2,N12DOUBLESTANDARD,N
22971,N_2,N2CONSPIRACY,N
22971,N_2,N2CONTROLMEDIA,N
22971,N_2,N2CONTROLECONOMY,N
22971,N_2,N2CONTROLGOV,N
22971,N_2,N2CONTROLOTHER,N
22971,N_2,N3COLLECTIVEBLAME,N
22971,N_2,N4HIDDENCONSPIRACY,N
22971,N_2,N4ISRAELHAND,N
22971,N_2,N5LOYALTY,N
22971,N_2,N6IDENTITYDENY,N
22971,N_2,N7COLLECTIVEGUILT,N
22971,N_2,N8VIOLENCE,N
22971,N_2,N9INCITEMENT,N
22971,N_2,N10SELFDETERMINATION,N
22971,N_2,N11JEWISHRIGHTSDEFINE,N
22971,N_2,N11SELFDETERMINATION,N
22971,N_2,N11JEWISHRIGHTS,N
22971,N_2,N12DOUBLESTANDARD,N
12031,N_2,N2CONSPIRACY,N
12031,N_2,N2CONTROLMEDIA,N
12031,N_2,N2CONTROLECONOMY,N
12031,N_2,N2CONTROLGOV,N
12031,N_2,N2CONTROLOTHER,N
12031,N_2,N3COLLECTIVEBLAME,N
12031,N_2,N4HIDDENCONSPIRACY,N
12031,N_2,N4ISRAELHAND,N
12031,N_2,N5LOYALTY,N
12031,N_2,N6IDENTITYDENY,N
12031,N_2,N7COLLECTIVEGUILT,N
12031,N_2,N8VIOLENCE,N
12031,N_2,N9INCITEMENT,N
12031,N_2,N10SELFDETERMINATION,N
12031,N_2,N11JEWISHRIGHTSDEFINE,N
12031,N_2,N11SELFDETERMINATION,N
12031,N_2,N11JEWISHRIGHTS,N
12031,N_2,N12DOUBLESTANDARD,N
35164,N_2,N2CONSPIRACY,N
35164,N_2,N2CONTROLMEDIA,N
35164,N_2,N2CONTROLECONOMY,N
35164,N_2,N2CONTROLGOV,N
35164,N_2,N2CONTROLOTHER,N
35164,N_2,N3COLLECTIVEBLAME,N
35164,N_2,N4HIDDENCONSPIRACY,N
35164,N_2,N4ISRAELHAND,N
35164,N_2,N5LOYALTY,N
35164,N_2,N6IDENTITYDENY,N
35164,N_2,N7COLLECTIVEGUILT,N
35164,N_2,N8VIOLENCE,N
35164,N_2,N9INCITEMENT,N
35164,N_2,N10SELFDETERMINATION,N
35164,N_2,N11JEWISHRIGHTSDEFINE,N
35164,N_2,N11SELFDETERMINATION,N
35164,N_2,N11JEWISHRIGHTS,N
35164,N_2,N12DOUBLESTANDARD,N
11598,N_2,N2CONSPIRACY,A
11598,N_2,N2CONTROLMEDIA,N
11598,N_2,N2CONTROLECONOMY,N
11598,N_2,N2CONTROLGOV,N
11598,N_2,N2CONTROLOTHER,N
11598,N_2,N3COLLECTIVEBLAME,N
11598,N_2,N4HIDDENCONSPIRACY,A
11598,N_2,N4ISRAELHAND,N
11598,N_2,N5LOYALTY,N
11598,N_2,N6IDENTITYDENY,N
11598,N_2,N7COLLECTIVEGUILT,N
11598,N_2,N8VIOLENCE,N
11598,N_2,N9INCITEMENT,N
11598,N_2,N10SELFDETERMINATION,N
11598,N_2,N11JEWISHRIGHTSDEFINE,N
11598,N_2,N11SELFDETERMINATION,N
11598,N_2,N11JEWISHRIGHTS,N
11598,N_2,N12DOUBLESTANDARD,N
11064,N_2,N2CONSPIRACY,N
11064,N_2,N2CONTROLMEDIA,N
11064,N_2,N2CONTROLECONOMY,N
11064,N_2,N2CONTROLGOV,N
11064,N_2,N2CONTROLOTHER,N
11064,N_2,N3COLLECTIVEBLAME,N
11064,N_2,N4HIDDENCONSPIRACY,N
11064,N_2,N4ISRAELHAND,N
11064,N_2,N5LOYALTY,N
11064,N_2,N6IDENTITYDENY,N
11064,N_2,N7COLLECTIVEGUILT,I
11064,N_2,N8VIOLENCE,I
11064,N_2,N9INCITEMENT,I
11064,N_2,N10SELFDETERMINATION,I
11064,N_2,N11JEWISHRIGHTSDEFINE,I
11064,N_2,N11SELFDETERMINATION,I
11064,N_2,N11JEWISHRIGHTS,I
11064,N_2,N12DOUBLESTANDARD,A
48806,N_2,N2CONSPIRACY,N
48806,N_2,N2CONTROLMEDIA,N
48806,N_2,N2CONTROLECONOMY,N
48806,N_2,N2CONTROLGOV,N
48806,N_2,N2CONTROLOTHER,N
48806,N_2,N3COLLECTIVEBLAME,N
48806,N_2,N4HIDDENCONSPIRACY,N
48806,N_2,N4ISRAELHAND,N
48806,N_2,N5LOYALTY,N
48806,N_2,N6IDENTITYDENY,N
48806,N_2,N7COLLECTIVEGUILT,N
48806,N_2,N8VIOLENCE,N
48806,N_2,N9INCITEMENT,N
48806,N_2,N10SELFDETERMINATION,N
48806,N_2,N11JEWISHRIGHTSDEFINE,N
48806,N_2,N11SELFDETERMINATION,N
48806,N_2,N11JEWISHRIGHTS,N
48806,N_2,N12DOUBLESTANDARD,N
32778,N_2,N2CONSPIRACY,N
32778,N_2,N2CONTROLMEDIA,N
32778,N_2,N2CONTROLECONOMY,N
32778,N_2,N2CONTROLGOV,N
32778,N_2,N2CONTROLOTHER,N
32778,N_2,N3COLLECTIVEBLAME,N
32778,N_2,N4HIDDENCONSPIRACY,N
32778,N_2,N4ISRAELHAND,N
32778,N_2,N5LOYALTY,I
32778,N_2,N6IDENTITYDENY,N
32778,N_2,N7COLLECTIVEGUILT,N
32778,N_2,N8VIOLENCE,N
32778,N_2,N9INCITEMENT,N
32778,N_2,N10SELFDETERMINATION,N
32778,N_2,N11JEWISHRIGHTSDEFINE,N
32778,N_2,N11SELFDETERMINATION,N
32778,N_2,N11JEWISHRIGHTS,N
32778,N_2,N12DOUBLESTANDARD,N
8909,N_2,N2CONSPIRACY,N
8909,N_2,N2CONTROLMEDIA,N
8909,N_2,N2CONTROLECONOMY,N
8909,N_2,N2CONTROLGOV,N
8909,N_2,N2CONTROLOTHER,N
8909,N_2,N3COLLECTIVEBLAME,N
8909,N_2,N4HIDDENCONSPIRACY,N
8909,N_2,N4ISRAELHAND,N
8909,N_2,N5LOYALTY,N
8909,N_2,N6IDENTITYDENY,N
8909,N_2,N7COLLECTIVEGUILT,N
8909,N_2,N8VIOLENCE,N
8909,N_2,N9INCITEMENT,N
8909,N_2,N10SELFDETERMINATION,N
8909,N_2,N11JEWISHRIGHTSDEFINE,N
8909,N_2,N11SELFDETERMINATION,N
8909,N_2,N11JEWISHRIGHTS,N
8909,N_2,N12DOUBLESTANDARD,N
13852,N_2,N2CONSPIRACY,N
13852,N_2,N2CONTROLMEDIA,N
13852,N_2,N2CONTROLECONOMY,N
13852,N_2,N2CONTROLGOV,N
13852,N_2,N2CONTROLOTHER,N
13852,N_2,N3COLLECTIVEBLAME,N
13852,N_2,N4HIDDENCONSPIRACY,N
13852,N_2,N4ISRAELHAND,N
13852,N_2,N5LOYALTY,N
13852,N_2,N6IDENTITYDENY,N
13852,N_2,N7COLLECTIVEGUILT,N
13852,N_2,N8VIOLENCE,N
13852,N_2,N9INCITEMENT,N
13852,N_2,N10SELFDETERMINATION,N
13852,N_2,N11JEWISHRIGHTSDEFINE,N
13852,N_2,N11SELFDETERMINATION,N
13852,N_2,N11JEWISHRIGHTS,N
13852,N_2,N12DOUBLESTANDARD,N
17469,N_2,N2CONSPIRACY,N
17469,N_2,N2CONTROLMEDIA,N
17469,N_2,N2CONTROLECONOMY,N
17469,N_2,N2CONTROLGOV,N
17469,N_2,N2CONTROLOTHER,N
17469,N_2,N3COLLECTIVEBLAME,N
17469,N_2,N4HIDDENCONSPIRACY,N
17469,N_2,N4ISRAELHAND,N
17469,N_2,N5LOYALTY,N
17469,N_2,N6IDENTITYDENY,N
17469,N_2,N7COLLECTIVEGUILT,N
17469,N_2,N8VIOLENCE,N
17469,N_2,N9INCITEMENT,N
17469,N_2,N10SELFDETERMINATION,N
17469,N_2,N11JEWISHRIGHTSDEFINE,N
17469,N_2,N11SELFDETERMINATION,N
17469,N_2,N11JEWISHRIGHTS,N
17469,N_2,N12DOUBLESTANDARD,N
19599,N_2,N2CONSPIRACY,N
19599,N_2,N2CONTROLMEDIA,N
19599,N_2,N2CONTROLECONOMY,N
19599,N_2,N2CONTROLGOV,N
19599,N_2,N2CONTROLOTHER,N
19599,N_2,N3COLLECTIVEBLAME,N
19599,N_2,N4HIDDENCONSPIRACY,N
19599,N_2,N4ISRAELHAND,N
19599,N_2,N5LOYALTY,N
19599,N_2,N6IDENTITYDENY,N
19599,N_2,N7COLLECTIVEGUILT,N
19599,N_2,N8VIOLENCE,N
19599,N_2,N9INCITEMENT,N
19599,N_2,N10SELFDETERMINATION,N
19599,N_2,N11JEWISHRIGHTSDEFINE,N
19599,N_2,N11SELFDETERMINATION,N
19599,N_2,N11JEWISHRIGHTS,N
19599,N_2,N12DOUBLESTANDARD,N
26867,N_2,N2CONSPIRACY,N
26867,N_2,N2CONTROLMEDIA,N
26867,N_2,N2CONTROLECONOMY,N
26867,N_2,N2CONTROLGOV,N
26867,N_2,N2CONTROLOTHER,N
26867,N_2,N3COLLECTIVEBLAME,N
26867,N_2,N4HIDDENCONSPIRACY,N
26867,N_2,N4ISRAELHAND,N
26867,N_2,N5LOYALTY,N
26867,N_2,N6IDENTITYDENY,N
26867,N_2,N7COLLECTIVEGUILT,N
26867,N_2,N8VIOLENCE,N
26867,N_2,N9INCITEMENT,N
26867,N_2,N10SELFDETERMINATION,N
26867,N_2,N11JEWISHRIGHTSDEFINE,N
26867,N_2,N11SELFDETERMINATION,N
26867,N_2,N11JEWISHRIGHTS,N
26867,N_2,N12DOUBLESTANDARD,N
16706,N_2,N2CONSPIRACY,N
16706,N_2,N2CONTROLMEDIA,N
16706,N_2,N2CONTROLECONOMY,N
16706,N_2,N2CONTROLGOV,N
16706,N_2,N2CONTROLOTHER,N
16706,N_2,N3COLLECTIVEBLAME,N
16706,N_2,N4HIDDENCONSPIRACY,N
16706,N_2,N4ISRAELHAND,N
16706,N_2,N5LOYALTY,N
16706,N_2,N6IDENTITYDENY,N
16706,N_2,N7COLLECTIVEGUILT,N
16706,N_2,N8VIOLENCE,N
16706,N_2,N9INCITEMENT,N
16706,N_2,N10SELFDETERMINATION,N
16706,N_2,N11JEWISHRIGHTSDEFINE,N
16706,N_2,N11SELFDETERMINATION,N
16706,N_2,N11JEWISHRIGHTS,N
16706,N_2,N12DOUBLESTANDARD,N
41447,N_2,N2CONSPIRACY,I
41447,N_2,N2CONTROLMEDIA,N
41447,N_2,N2CONTROLECONOMY,N
41447,N_2,N2CONTROLGOV,I
41447,N_2,N2CONTROLOTHER,I
41447,N_2,N3COLLECTIVEBLAME,N
41447,N_2,N4HIDDENCONSPIRACY,I
41447,N_2,N4ISRAELHAND,N
41447,N_2,N5LOYALTY,N
41447,N_2,N6IDENTITYDENY,N
41447,N_2,N7COLLECTIVEGUILT,N
41447,N_2,N8VIOLENCE,N
41447,N_2,N9INCITEMENT,N
41447,N_2,N10SELFDETERMINATION,N
41447,N_2,N11JEWISHRIGHTSDEFINE,N
41447,N_2,N11SELFDETERMINATION,N
41447,N_2,N11JEWISHRIGHTS,N
41447,N_2,N12DOUBLESTANDARD,N
44956,N_2,N2CONSPIRACY,N
44956,N_2,N2CONTROLMEDIA,N
44956,N_2,N2CONTROLECONOMY,N
44956,N_2,N2CONTROLGOV,N
44956,N_2,N2CONTROLOTHER,N
44956,N_2,N3COLLECTIVEBLAME,N
44956,N_2,N4HIDDENCONSPIRACY,N
44956,N_2,N4ISRAELHAND,N
44956,N_2,N5LOYALTY,N
44956,N_2,N6IDENTITYDENY,N
44956,N_2,N7COLLECTIVEGUILT,N
44956,N_2,N8VIOLENCE,N
44956,N_2,N9INCITEMENT,N
44956,N_2,N10SELFDETERMINATION,N
44956,N_2,N11JEWISHRIGHTSDEFINE,N
44956,N_2,N11SELFDETERMINATION,N
44956,N_2,N11JEWISHRIGHTS,N
44956,N_2,N12DOUBLESTANDARD,N
2161,N_2,N2CONSPIRACY,N
2161,N_2,N2CONTROLMEDIA,N
2161,N_2,N2CONTROLECONOMY,N
2161,N_2,N2CONTROLGOV,N
2161,N_2,N2CONTROLOTHER,N
2161,N_2,N3COLLECTIVEBLAME,N
2161,N_2,N4HIDDENCONSPIRACY,N
2161,N_2,N4ISRAELHAND,N
2161,N_2,N5LOYALTY,N
2161,N_2,N6IDENTITYDENY,N
2161,N_2,N7COLLECTIVEGUILT,N
2161,N_2,N8VIOLENCE,N
2161,N_2,N9INCITEMENT,N
2161,N_2,N10SELFDETERMINATION,N
2161,N_2,N11JEWISHRIGHTSDEFINE,N
2161,N_2,N11SELFDETERMINATION,N
2161,N_2,N11JEWISHRIGHTS,N
2161,N_2,N12DOUBLESTANDARD,N
41999,N_2,N2CONSPIRACY,I
41999,N_2,N2CONTROLMEDIA,N
41999,N_2,N2CONTROLECONOMY,N
41999,N_2,N2CONTROLGOV,I
41999,N_2,N2CONTROLOTHER,I
41999,N_2,N3COLLECTIVEBLAME,I
41999,N_2,N4HIDDENCONSPIRACY,I
41999,N_2,N4ISRAELHAND,I
41999,N_2,N5LOYALTY,N
41999,N_2,N6IDENTITYDENY,N
41999,N_2,N7COLLECTIVEGUILT,I
41999,N_2,N8VIOLENCE,N
41999,N_2,N9INCITEMENT,N
41999,N_2,N10SELFDETERMINATION,N
41999,N_2,N11JEWISHRIGHTSDEFINE,N
41999,N_2,N11SELFDETERMINATION,N
41999,N_2,N11JEWISHRIGHTS,N
41999,N_2,N12DOUBLESTANDARD,N
48794,N_2,N2CONSPIRACY,N
48794,N_2,N2CONTROLMEDIA,N
48794,N_2,N2CONTROLECONOMY,N
48794,N_2,N2CONTROLGOV,N
48794,N_2,N2CONTROLOTHER,N
48794,N_2,N3COLLECTIVEBLAME,N
48794,N_2,N4HIDDENCONSPIRACY,N
48794,N_2,N4ISRAELHAND,N
48794,N_2,N5LOYALTY,N
48794,N_2,N6IDENTITYDENY,N
48794,N_2,N7COLLECTIVEGUILT,N
48794,N_2,N8VIOLENCE,E
48794,N_2,N9INCITEMENT,E
48794,N_2,N10SELFDETERMINATION,N
48794,N_2,N11JEWISHRIGHTSDEFINE,N
48794,N_2,N11SELFDETERMINATION,N
48794,N_2,N11JEWISHRIGHTS,N
48794,N_2,N12DOUBLESTANDARD,N
26214,N_2,N2CONSPIRACY,N
26214,N_2,N2CONTROLMEDIA,N
26214,N_2,N2CONTROLECONOMY,N
26214,N_2,N2CONTROLGOV,N
26214,N_2,N2CONTROLOTHER,N
26214,N_2,N3COLLECTIVEBLAME,N
26214,N_2,N4HIDDENCONSPIRACY,N
26214,N_2,N4ISRAELHAND,N
26214,N_2,N5LOYALTY,N
26214,N_2,N6IDENTITYDENY,N
26214,N_2,N7COLLECTIVEGUILT,N
26214,N_2,N8VIOLENCE,N
26214,N_2,N9INCITEMENT,N
26214,N_2,N10SELFDETERMINATION,N
26214,N_2,N11JEWISHRIGHTSDEFINE,N
26214,N_2,N11SELFDETERMINATION,N
26214,N_2,N11JEWISHRIGHTS,N
26214,N_2,N12DOUBLESTANDARD,N
20020,N_2,N2CONSPIRACY,N
20020,N_2,N2CONTROLMEDIA,N
20020,N_2,N2CONTROLECONOMY,N
20020,N_2,N2CONTROLGOV,N
20020,N_2,N2CONTROLOTHER,N
20020,N_2,N3COLLECTIVEBLAME,N
20020,N_2,N4HIDDENCONSPIRACY,N
20020,N_2,N4ISRAELHAND,N
20020,N_2,N5LOYALTY,N
20020,N_2,N6IDENTITYDENY,N
20020,N_2,N7COLLECTIVEGUILT,N
20020,N_2,N8VIOLENCE,N
20020,N_2,N9INCITEMENT,N
20020,N_2,N10SELFDETERMINATION,N
20020,N_2,N11JEWISHRIGHTSDEFINE,N
20020,N_2,N11SELFDETERMINATION,N
20020,N_2,N11JEWISHRIGHTS,N
20020,N_2,N12DOUBLESTANDARD,N
36264,N_2,N2CONSPIRACY,N
36264,N_2,N2CONTROLMEDIA,N
36264,N_2,N2CONTROLECONOMY,N
36264,N_2,N2CONTROLGOV,N
36264,N_2,N2CONTROLOTHER,N
36264,N_2,N3COLLECTIVEBLAME,N
36264,N_2,N4HIDDENCONSPIRACY,N
36264,N_2,N4ISRAELHAND,N
36264,N_2,N5LOYALTY,N
36264,N_2,N6IDENTITYDENY,N
36264,N_2,N7COLLECTIVEGUILT,N
36264,N_2,N8VIOLENCE,N
36264,N_2,N9INCITEMENT,N
36264,N_2,N10SELFDETERMINATION,N
36264,N_2,N11JEWISHRIGHTSDEFINE,N
36264,N_2,N11SELFDETERMINATION,N
36264,N_2,N11JEWISHRIGHTS,N
36264,N_2,N12DOUBLESTANDARD,N
4558,N_2,N2CONSPIRACY,N
4558,N_2,N2CONTROLMEDIA,N
4558,N_2,N2CONTROLECONOMY,N
4558,N_2,N2CONTROLGOV,N
4558,N_2,N2CONTROLOTHER,N
4558,N_2,N3COLLECTIVEBLAME,N
4558,N_2,N4HIDDENCONSPIRACY,N
4558,N_2,N4ISRAELHAND,N
4558,N_2,N5LOYALTY,N
4558,N_2,N6IDENTITYDENY,N
4558,N_2,N7COLLECTIVEGUILT,N
4558,N_2,N8VIOLENCE,N
4558,N_2,N9INCITEMENT,N
4558,N_2,N10SELFDETERMINATION,N
4558,N_2,N11JEWISHRIGHTSDEFINE,N
4558,N_2,N11SELFDETERMINATION,N
4558,N_2,N11JEWISHRIGHTS,N
4558,N_2,N12DOUBLESTANDARD,N
3484,N_2,N2CONSPIRACY,N
3484,N_2,N2CONTROLMEDIA,N
3484,N_2,N2CONTROLECONOMY,N
3484,N_2,N2CONTROLGOV,N
3484,N_2,N2CONTROLOTHER,N
3484,N_2,N3COLLECTIVEBLAME,N
3484,N_2,N4HIDDENCONSPIRACY,N
3484,N_2,N4ISRAELHAND,N
3484,N_2,N5LOYALTY,N
3484,N_2,N6IDENTITYDENY,N
3484,N_2,N7COLLECTIVEGUILT,N
3484,N_2,N8VIOLENCE,N
3484,N_2,N9INCITEMENT,E
3484,N_2,N10SELFDETERMINATION,N
3484,N_2,N11JEWISHRIGHTSDEFINE,N
3484,N_2,N11SELFDETERMINATION,N
3484,N_2,N11JEWISHRIGHTS,N
3484,N_2,N12DOUBLESTANDARD,N
33571,N_2,N2CONSPIRACY,N
33571,N_2,N2CONTROLMEDIA,N
33571,N_2,N2CONTROLECONOMY,N
33571,N_2,N2CONTROLGOV,N
33571,N_2,N2CONTROLOTHER,N
33571,N_2,N3COLLECTIVEBLAME,N
33571,N_2,N4HIDDENCONSPIRACY,N
33571,N_2,N4ISRAELHAND,N
33571,N_2,N5LOYALTY,N
33571,N_2,N6IDENTITYDENY,N
33571,N_2,N7COLLECTIVEGUILT,N
33571,N_2,N8VIOLENCE,N
33571,N_2,N9INCITEMENT,N
33571,N_2,N10SELFDETERMINATION,N
33571,N_2,N11JEWISHRIGHTSDEFINE,N
33571,N_2,N11SELFDETERMINATION,N
33571,N_2,N11JEWISHRIGHTS,N
33571,N_2,N12DOUBLESTANDARD,N
2512,N_2,N2CONSPIRACY,N
2512,N_2,N2CONTROLMEDIA,N
2512,N_2,N2CONTROLECONOMY,N
2512,N_2,N2CONTROLGOV,N
2512,N_2,N2CONTROLOTHER,N
2512,N_2,N3COLLECTIVEBLAME,N
2512,N_2,N4HIDDENCONSPIRACY,N
2512,N_2,N4ISRAELHAND,N
2512,N_2,N5LOYALTY,N
2512,N_2,N6IDENTITYDENY,N
2512,N_2,N7COLLECTIVEGUILT,N
2512,N_2,N8VIOLENCE,N
2512,N_2,N9INCITEMENT,N
2512,N_2,N10SELFDETERMINATION,N
2512,N_2,N11JEWISHRIGHTSDEFINE,N
2512,N_2,N11SELFDETERMINATION,N
2512,N_2,N11JEWISHRIGHTS,N
2512,N_2,N12DOUBLESTANDARD,N
6761,N_2,N2CONSPIRACY,N
6761,N_2,N2CONTROLMEDIA,N
6761,N_2,N2CONTROLECONOMY,N
6761,N_2,N2CONTROLGOV,N
6761,N_2,N2CONTROLOTHER,N
6761,N_2,N3COLLECTIVEBLAME,N
6761,N_2,N4HIDDENCONSPIRACY,N
6761,N_2,N4ISRAELHAND,N
6761,N_2,N5LOYALTY,N
6761,N_2,N6IDENTITYDENY,N
6761,N_2,N7COLLECTIVEGUILT,N
6761,N_2,N8VIOLENCE,I
6761,N_2,N9INCITEMENT,E
6761,N_2,N10SELFDETERMINATION,N
6761,N_2,N11JEWISHRIGHTSDEFINE,N
6761,N_2,N11SELFDETERMINATION,N
6761,N_2,N11JEWISHRIGHTS,E
6761,N_2,N12DOUBLESTANDARD,N
12019,N_2,N2CONSPIRACY,N
12019,N_2,N2CONTROLMEDIA,N
12019,N_2,N2CONTROLECONOMY,N
12019,N_2,N2CONTROLGOV,N
12019,N_2,N2CONTROLOTHER,N
12019,N_2,N3COLLECTIVEBLAME,N
12019,N_2,N4HIDDENCONSPIRACY,N
12019,N_2,N4ISRAELHAND,N
12019,N_2,N5LOYALTY,N
12019,N_2,N6IDENTITYDENY,N
12019,N_2,N7COLLECTIVEGUILT,N
12019,N_2,N8VIOLENCE,N
12019,N_2,N9INCITEMENT,N
12019,N_2,N10SELFDETERMINATION,N
12019,N_2,N11JEWISHRIGHTSDEFINE,N
12019,N_2,N11SELFDETERMINATION,N
12019,N_2,N11JEWISHRIGHTS,N
12019,N_2,N12DOUBLESTANDARD,N
8554,N_2,N2CONSPIRACY,N
8554,N_2,N2CONTROLMEDIA,N
8554,N_2,N2CONTROLECONOMY,N
8554,N_2,N2CONTROLGOV,N
8554,N_2,N2CONTROLOTHER,N
8554,N_2,N3COLLECTIVEBLAME,N
8554,N_2,N4HIDDENCONSPIRACY,N
8554,N_2,N4ISRAELHAND,N
8554,N_2,N5LOYALTY,N
8554,N_2,N6IDENTITYDENY,N
8554,N_2,N7COLLECTIVEGUILT,N
8554,N_2,N8VIOLENCE,N
8554,N_2,N9INCITEMENT,N
8554,N_2,N10SELFDETERMINATION,N
8554,N_2,N11JEWISHRIGHTSDEFINE,N
8554,N_2,N11SELFDETERMINATION,N
8554,N_2,N11JEWISHRIGHTS,N
8554,N_2,N12DOUBLESTANDARD,N
49490,N_2,N2CONSPIRACY,N
49490,N_2,N2CONTROLMEDIA,N
49490,N_2,N2CONTROLECONOMY,N
49490,N_2,N2CONTROLGOV,N
49490,N_2,N2CONTROLOTHER,N
49490,N_2,N3COLLECTIVEBLAME,N
49490,N_2,N4HIDDENCONSPIRACY,N
49490,N_2,N4ISRAELHAND,N
49490,N_2,N5LOYALTY,N
49490,N_2,N6IDENTITYDENY,N
49490,N_2,N7COLLECTIVEGUILT,N
49490,N_2,N8VIOLENCE,N
49490,N_2,N9INCITEMENT,N
49490,N_2,N10SELFDETERMINATION,N
49490,N_2,N11JEWISHRIGHTSDEFINE,N
49490,N_2,N11SELFDETERMINATION,N
49490,N_2,N11JEWISHRIGHTS,N
49490,N_2,N12DOUBLESTANDARD,N
26688,N_2,N2CONSPIRACY,I
26688,N_2,N2CONTROLMEDIA,N
26688,N_2,N2CONTROLECONOMY,N
26688,N_2,N2CONTROLGOV,I
26688,N_2,N2CONTROLOTHER,N
26688,N_2,N3COLLECTIVEBLAME,N
26688,N_2,N4HIDDENCONSPIRACY,I
26688,N_2,N4ISRAELHAND,N
26688,N_2,N5LOYALTY,N
26688,N_2,N6IDENTITYDENY,N
26688,N_2,N7COLLECTIVEGUILT,N
26688,N_2,N8VIOLENCE,N
26688,N_2,N9INCITEMENT,N
26688,N_2,N10SELFDETERMINATION,N
26688,N_2,N11JEWISHRIGHTSDEFINE,N
26688,N_2,N11SELFDETERMINATION,N
26688,N_2,N11JEWISHRIGHTS,N
26688,N_2,N12DOUBLESTANDARD,N
42381,N_2,N2CONSPIRACY,A
42381,N_2,N2CONTROLMEDIA,A
42381,N_2,N2CONTROLECONOMY,A
42381,N_2,N2CONTROLGOV,A
42381,N_2,N2CONTROLOTHER,A
42381,N_2,N3COLLECTIVEBLAME,N
42381,N_2,N4HIDDENCONSPIRACY,N
42381,N_2,N4ISRAELHAND,N
42381,N_2,N5LOYALTY,A
42381,N_2,N6IDENTITYDENY,N
42381,N_2,N7COLLECTIVEGUILT,N
42381,N_2,N8VIOLENCE,N
42381,N_2,N9INCITEMENT,N
42381,N_2,N10SELFDETERMINATION,N
42381,N_2,N11JEWISHRIGHTSDEFINE,N
42381,N_2,N11SELFDETERMINATION,N
42381,N_2,N11JEWISHRIGHTS,N
42381,N_2,N12DOUBLESTANDARD,N
42267,N_2,N2CONSPIRACY,N
42267,N_2,N2CONTROLMEDIA,N
42267,N_2,N2CONTROLECONOMY,N
42267,N_2,N2CONTROLGOV,N
42267,N_2,N2CONTROLOTHER,N
42267,N_2,N3COLLECTIVEBLAME,N
42267,N_2,N4HIDDENCONSPIRACY,N
42267,N_2,N4ISRAELHAND,N
42267,N_2,N5LOYALTY,N
42267,N_2,N6IDENTITYDENY,N
42267,N_2,N7COLLECTIVEGUILT,N
42267,N_2,N8VIOLENCE,N
42267,N_2,N9INCITEMENT,N
42267,N_2,N10SELFDETERMINATION,N
42267,N_2,N11JEWISHRIGHTSDEFINE,N
42267,N_2,N11SELFDETERMINATION,N
42267,N_2,N11JEWISHRIGHTS,N
42267,N_2,N12DOUBLESTANDARD,N
2898,N_2,N2CONSPIRACY,N
2898,N_2,N2CONTROLMEDIA,N
2898,N_2,N2CONTROLECONOMY,N
2898,N_2,N2CONTROLGOV,N
2898,N_2,N2CONTROLOTHER,N
2898,N_2,N3COLLECTIVEBLAME,N
2898,N_2,N4HIDDENCONSPIRACY,N
2898,N_2,N4ISRAELHAND,N
2898,N_2,N5LOYALTY,N
2898,N_2,N6IDENTITYDENY,N
2898,N_2,N7COLLECTIVEGUILT,N
2898,N_2,N8VIOLENCE,N
2898,N_2,N9INCITEMENT,N
2898,N_2,N10SELFDETERMINATION,N
2898,N_2,N11JEWISHRIGHTSDEFINE,N
2898,N_2,N11SELFDETERMINATION,N
2898,N_2,N11JEWISHRIGHTS,N
2898,N_2,N12DOUBLESTANDARD,N
23601,N_2,N2CONSPIRACY,N
23601,N_2,N2CONTROLMEDIA,N
23601,N_2,N2CONTROLECONOMY,N
23601,N_2,N2CONTROLGOV,N
23601,N_2,N2CONTROLOTHER,N
23601,N_2,N3COLLECTIVEBLAME,N
23601,N_2,N4HIDDENCONSPIRACY,N
23601,N_2,N4ISRAELHAND,N
23601,N_2,N5LOYALTY,N
23601,N_2,N6IDENTITYDENY,N
23601,N_2,N7COLLECTIVEGUILT,N
23601,N_2,N8VIOLENCE,N
23601,N_2,N9INCITEMENT,N
23601,N_2,N10SELFDETERMINATION,N
23601,N_2,N11JEWISHRIGHTSDEFINE,N
23601,N_2,N11SELFDETERMINATION,N
23601,N_2,N11JEWISHRIGHTS,N
23601,N_2,N12DOUBLESTANDARD,N
41494,N_2,N2CONSPIRACY,N
41494,N_2,N2CONTROLMEDIA,N
41494,N_2,N2CONTROLECONOMY,N
41494,N_2,N2CONTROLGOV,N
41494,N_2,N2CONTROLOTHER,N
41494,N_2,N3COLLECTIVEBLAME,N
41494,N_2,N4HIDDENCONSPIRACY,N
41494,N_2,N4ISRAELHAND,N
41494,N_2,N5LOYALTY,N
41494,N_2,N6IDENTITYDENY,N
41494,N_2,N7COLLECTIVEGUILT,N
41494,N_2,N8VIOLENCE,N
41494,N_2,N9INCITEMENT,N
41494,N_2,N10SELFDETERMINATION,N
41494,N_2,N11JEWISHRIGHTSDEFINE,N
41494,N_2,N11SELFDETERMINATION,N
41494,N_2,N11JEWISHRIGHTS,N
41494,N_2,N12DOUBLESTANDARD,N
43029,N_2,N2CONSPIRACY,I
43029,N_2,N2CONTROLMEDIA,N
43029,N_2,N2CONTROLECONOMY,N
43029,N_2,N2CONTROLGOV,I
43029,N_2,N2CONTROLOTHER,I
43029,N_2,N3COLLECTIVEBLAME,N
43029,N_2,N4HIDDENCONSPIRACY,I
43029,N_2,N4ISRAELHAND,N
43029,N_2,N5LOYALTY,N
43029,N_2,N6IDENTITYDENY,N
43029,N_2,N7COLLECTIVEGUILT,N
43029,N_2,N8VIOLENCE,N
43029,N_2,N9INCITEMENT,N
43029,N_2,N10SELFDETERMINATION,N
43029,N_2,N11JEWISHRIGHTSDEFINE,N
43029,N_2,N11SELFDETERMINATION,N
43029,N_2,N11JEWISHRIGHTS,N
43029,N_2,N12DOUBLESTANDARD,N
6232,N_2,N2CONSPIRACY,N
6232,N_2,N2CONTROLMEDIA,N
6232,N_2,N2CONTROLECONOMY,N
6232,N_2,N2CONTROLGOV,N
6232,N_2,N2CONTROLOTHER,N
6232,N_2,N3COLLECTIVEBLAME,N
6232,N_2,N4HIDDENCONSPIRACY,N
6232,N_2,N4ISRAELHAND,N
6232,N_2,N5LOYALTY,N
6232,N_2,N6IDENTITYDENY,N
6232,N_2,N7COLLECTIVEGUILT,N
6232,N_2,N8VIOLENCE,N
6232,N_2,N9INCITEMENT,N
6232,N_2,N10SELFDETERMINATION,N
6232,N_2,N11JEWISHRIGHTSDEFINE,N
6232,N_2,N11SELFDETERMINATION,N
6232,N_2,N11JEWISHRIGHTS,N
6232,N_2,N12DOUBLESTANDARD,N
45456,N_2,N2CONSPIRACY,N
45456,N_2,N2CONTROLMEDIA,N
45456,N_2,N2CONTROLECONOMY,N
45456,N_2,N2CONTROLGOV,N
45456,N_2,N2CONTROLOTHER,N
45456,N_2,N3COLLECTIVEBLAME,N
45456,N_2,N4HIDDENCONSPIRACY,N
45456,N_2,N4ISRAELHAND,N
45456,N_2,N5LOYALTY,N
45456,N_2,N6IDENTITYDENY,N
45456,N_2,N7COLLECTIVEGUILT,N
45456,N_2,N8VIOLENCE,N
45456,N_2,N9INCITEMENT,N
45456,N_2,N10SELFDETERMINATION,N
45456,N_2,N11JEWISHRIGHTSDEFINE,N
45456,N_2,N11SELFDETERMINATION,N
45456,N_2,N11JEWISHRIGHTS,N
45456,N_2,N12DOUBLESTANDARD,N
20379,N_2,N2CONSPIRACY,N
20379,N_2,N2CONTROLMEDIA,N
20379,N_2,N2CONTROLECONOMY,N
20379,N_2,N2CONTROLGOV,N
20379,N_2,N2CONTROLOTHER,N
20379,N_2,N3COLLECTIVEBLAME,N
20379,N_2,N4HIDDENCONSPIRACY,N
20379,N_2,N4ISRAELHAND,N
20379,N_2,N5LOYALTY,N
20379,N_2,N6IDENTITYDENY,N
20379,N_2,N7COLLECTIVEGUILT,N
20379,N_2,N8VIOLENCE,N
20379,N_2,N9INCITEMENT,N
20379,N_2,N10SELFDETERMINATION,N
20379,N_2,N11JEWISHRIGHTSDEFINE,N
20379,N_2,N11SELFDETERMINATION,N
20379,N_2,N11JEWISHRIGHTS,N
20379,N_2,N12DOUBLESTANDARD,N
41961,N_2,N2CONSPIRACY,N
41961,N_2,N2CONTROLMEDIA,N
41961,N_2,N2CONTROLECONOMY,N
41961,N_2,N2CONTROLGOV,N
41961,N_2,N2CONTROLOTHER,N
41961,N_2,N3COLLECTIVEBLAME,N
41961,N_2,N4HIDDENCONSPIRACY,N
41961,N_2,N4ISRAELHAND,N
41961,N_2,N5LOYALTY,N
41961,N_2,N6IDENTITYDENY,N
41961,N_2,N7COLLECTIVEGUILT,N
41961,N_2,N8VIOLENCE,N
41961,N_2,N9INCITEMENT,N
41961,N_2,N10SELFDETERMINATION,N
41961,N_2,N11JEWISHRIGHTSDEFINE,N
41961,N_2,N11SELFDETERMINATION,N
41961,N_2,N11JEWISHRIGHTS,N
41961,N_2,N12DOUBLESTANDARD,N
9689,N_2,N2CONSPIRACY,N
9689,N_2,N2CONTROLMEDIA,N
9689,N_2,N2CONTROLECONOMY,N
9689,N_2,N2CONTROLGOV,N
9689,N_2,N2CONTROLOTHER,N
9689,N_2,N3COLLECTIVEBLAME,N
9689,N_2,N4HIDDENCONSPIRACY,N
9689,N_2,N4ISRAELHAND,N
9689,N_2,N5LOYALTY,N
9689,N_2,N6IDENTITYDENY,N
9689,N_2,N7COLLECTIVEGUILT,N
9689,N_2,N8VIOLENCE,N
9689,N_2,N9INCITEMENT,N
9689,N_2,N10SELFDETERMINATION,N
9689,N_2,N11JEWISHRIGHTSDEFINE,N
9689,N_2,N11SELFDETERMINATION,N
9689,N_2,N11JEWISHRIGHTS,N
9689,N_2,N12DOUBLESTANDARD,N
4389,N_2,N2CONSPIRACY,N
4389,N_2,N2CONTROLMEDIA,N
4389,N_2,N2CONTROLECONOMY,N
4389,N_2,N2CONTROLGOV,N
4389,N_2,N2CONTROLOTHER,N
4389,N_2,N3COLLECTIVEBLAME,N
4389,N_2,N4HIDDENCONSPIRACY,N
4389,N_2,N4ISRAELHAND,N
4389,N_2,N5LOYALTY,N
4389,N_2,N6IDENTITYDENY,N
4389,N_2,N7COLLECTIVEGUILT,N
4389,N_2,N8VIOLENCE,N
4389,N_2,N9INCITEMENT,N
4389,N_2,N10SELFDETERMINATION,N
4389,N_2,N11JEWISHRIGHTSDEFINE,N
4389,N_2,N11SELFDETERMINATION,N
4389,N_2,N11JEWISHRIGHTS,N
4389,N_2,N12DOUBLESTANDARD,N
2110,N_2,N2CONSPIRACY,N
2110,N_2,N2CONTROLMEDIA,N
2110,N_2,N2CONTROLECONOMY,N
2110,N_2,N2CONTROLGOV,N
2110,N_2,N2CONTROLOTHER,N
2110,N_2,N3COLLECTIVEBLAME,N
2110,N_2,N4HIDDENCONSPIRACY,N
2110,N_2,N4ISRAELHAND,N
2110,N_2,N5LOYALTY,N
2110,N_2,N6IDENTITYDENY,N
2110,N_2,N7COLLECTIVEGUILT,N
2110,N_2,N8VIOLENCE,N
2110,N_2,N9INCITEMENT,N
2110,N_2,N10SELFDETERMINATION,N
2110,N_2,N11JEWISHRIGHTSDEFINE,N
2110,N_2,N11SELFDETERMINATION,N
2110,N_2,N11JEWISHRIGHTS,N
2110,N_2,N12DOUBLESTANDARD,N
6716,N_2,N2CONSPIRACY,I
6716,N_2,N2CONTROLMEDIA,I
6716,N_2,N2CONTROLECONOMY,N
6716,N_2,N2CONTROLGOV,N
6716,N_2,N2CONTROLOTHER,I
6716,N_2,N3COLLECTIVEBLAME,N
6716,N_2,N4HIDDENCONSPIRACY,N
6716,N_2,N4ISRAELHAND,N
6716,N_2,N5LOYALTY,N
6716,N_2,N6IDENTITYDENY,N
6716,N_2,N7COLLECTIVEGUILT,N
6716,N_2,N8VIOLENCE,N
6716,N_2,N9INCITEMENT,N
6716,N_2,N10SELFDETERMINATION,N
6716,N_2,N11JEWISHRIGHTSDEFINE,N
6716,N_2,N11SELFDETERMINATION,N
6716,N_2,N11JEWISHRIGHTS,N
6716,N_2,N12DOUBLESTANDARD,N
19428,N_2,N2CONSPIRACY,I
19428,N_2,N2CONTROLMEDIA,N
19428,N_2,N2CONTROLECONOMY,N
19428,N_2,N2CONTROLGOV,N
19428,N_2,N2CONTROLOTHER,I
19428,N_2,N3COLLECTIVEBLAME,I
19428,N_2,N4HIDDENCONSPIRACY,N
19428,N_2,N4ISRAELHAND,N
19428,N_2,N5LOYALTY,N
19428,N_2,N6IDENTITYDENY,N
19428,N_2,N7COLLECTIVEGUILT,I
19428,N_2,N8VIOLENCE,N
19428,N_2,N9INCITEMENT,I
19428,N_2,N10SELFDETERMINATION,N
19428,N_2,N11JEWISHRIGHTSDEFINE,N
19428,N_2,N11SELFDETERMINATION,N
19428,N_2,N11JEWISHRIGHTS,N
19428,N_2,N12DOUBLESTANDARD,N
20537,N_2,N2CONSPIRACY,I
20537,N_2,N2CONTROLMEDIA,N
20537,N_2,N2CONTROLECONOMY,N
20537,N_2,N2CONTROLGOV,I
20537,N_2,N2CONTROLOTHER,N
20537,N_2,N3COLLECTIVEBLAME,N
20537,N_2,N4HIDDENCONSPIRACY,N
20537,N_2,N4ISRAELHAND,I
20537,N_2,N5LOYALTY,N
20537,N_2,N6IDENTITYDENY,N
20537,N_2,N7COLLECTIVEGUILT,N
20537,N_2,N8VIOLENCE,N
20537,N_2,N9INCITEMENT,N
20537,N_2,N10SELFDETERMINATION,N
20537,N_2,N11JEWISHRIGHTSDEFINE,N
20537,N_2,N11SELFDETERMINATION,N
20537,N_2,N11JEWISHRIGHTS,N
20537,N_2,N12DOUBLESTANDARD,N
17315,N_2,N2CONSPIRACY,N
17315,N_2,N2CONTROLMEDIA,N
17315,N_2,N2CONTROLECONOMY,N
17315,N_2,N2CONTROLGOV,N
17315,N_2,N2CONTROLOTHER,N
17315,N_2,N3COLLECTIVEBLAME,N
17315,N_2,N4HIDDENCONSPIRACY,N
17315,N_2,N4ISRAELHAND,N
17315,N_2,N5LOYALTY,N
17315,N_2,N6IDENTITYDENY,N
17315,N_2,N7COLLECTIVEGUILT,N
17315,N_2,N8VIOLENCE,N
17315,N_2,N9INCITEMENT,N
17315,N_2,N10SELFDETERMINATION,N
17315,N_2,N11JEWISHRIGHTSDEFINE,N
17315,N_2,N11SELFDETERMINATION,N
17315,N_2,N11JEWISHRIGHTS,N
17315,N_2,N12DOUBLESTANDARD,N
26245,N_2,N2CONSPIRACY,N
26245,N_2,N2CONTROLMEDIA,N
26245,N_2,N2CONTROLECONOMY,N
26245,N_2,N2CONTROLGOV,N
26245,N_2,N2CONTROLOTHER,N
26245,N_2,N3COLLECTIVEBLAME,N
26245,N_2,N4HIDDENCONSPIRACY,N
26245,N_2,N4ISRAELHAND,N
26245,N_2,N5LOYALTY,N
26245,N_2,N6IDENTITYDENY,I
26245,N_2,N7COLLECTIVEGUILT,N
26245,N_2,N8VIOLENCE,N
26245,N_2,N9INCITEMENT,N
26245,N_2,N10SELFDETERMINATION,N
26245,N_2,N11JEWISHRIGHTSDEFINE,N
26245,N_2,N11SELFDETERMINATION,N
26245,N_2,N11JEWISHRIGHTS,N
26245,N_2,N12DOUBLESTANDARD,N
33996,N_2,N2CONSPIRACY,N
33996,N_2,N2CONTROLMEDIA,N
33996,N_2,N2CONTROLECONOMY,N
33996,N_2,N2CONTROLGOV,N
33996,N_2,N2CONTROLOTHER,N
33996,N_2,N3COLLECTIVEBLAME,N
33996,N_2,N4HIDDENCONSPIRACY,N
33996,N_2,N4ISRAELHAND,N
33996,N_2,N5LOYALTY,N
33996,N_2,N6IDENTITYDENY,N
33996,N_2,N7COLLECTIVEGUILT,N
33996,N_2,N8VIOLENCE,N
33996,N_2,N9INCITEMENT,N
33996,N_2,N10SELFDETERMINATION,N
33996,N_2,N11JEWISHRIGHTSDEFINE,N
33996,N_2,N11SELFDETERMINATION,N
33996,N_2,N11JEWISHRIGHTS,N
33996,N_2,N12DOUBLESTANDARD,N
31570,N_2,N2CONSPIRACY,N
31570,N_2,N2CONTROLMEDIA,N
31570,N_2,N2CONTROLECONOMY,N
31570,N_2,N2CONTROLGOV,N
31570,N_2,N2CONTROLOTHER,N
31570,N_2,N3COLLECTIVEBLAME,N
31570,N_2,N4HIDDENCONSPIRACY,N
31570,N_2,N4ISRAELHAND,N
31570,N_2,N5LOYALTY,N
31570,N_2,N6IDENTITYDENY,N
31570,N_2,N7COLLECTIVEGUILT,N
31570,N_2,N8VIOLENCE,N
31570,N_2,N9INCITEMENT,N
31570,N_2,N10SELFDETERMINATION,N
31570,N_2,N11JEWISHRIGHTSDEFINE,N
31570,N_2,N11SELFDETERMINATION,N
31570,N_2,N11JEWISHRIGHTS,N
31570,N_2,N12DOUBLESTANDARD,N
19655,N_2,N2CONSPIRACY,E
19655,N_2,N2CONTROLMEDIA,E
19655,N_2,N2CONTROLECONOMY,N
19655,N_2,N2CONTROLGOV,N
19655,N_2,N2CONTROLOTHER,I
19655,N_2,N3COLLECTIVEBLAME,N
19655,N_2,N4HIDDENCONSPIRACY,E
19655,N_2,N4ISRAELHAND,N
19655,N_2,N5LOYALTY,N
19655,N_2,N6IDENTITYDENY,N
19655,N_2,N7COLLECTIVEGUILT,N
19655,N_2,N8VIOLENCE,N
19655,N_2,N9INCITEMENT,N
19655,N_2,N10SELFDETERMINATION,N
19655,N_2,N11JEWISHRIGHTSDEFINE,N
19655,N_2,N11SELFDETERMINATION,N
19655,N_2,N11JEWISHRIGHTS,N
19655,N_2,N12DOUBLESTANDARD,N
2012,N_2,N2CONSPIRACY,N
2012,N_2,N2CONTROLMEDIA,N
2012,N_2,N2CONTROLECONOMY,N
2012,N_2,N2CONTROLGOV,N
2012,N_2,N2CONTROLOTHER,N
2012,N_2,N3COLLECTIVEBLAME,N
2012,N_2,N4HIDDENCONSPIRACY,N
2012,N_2,N4ISRAELHAND,N
2012,N_2,N5LOYALTY,N
2012,N_2,N6IDENTITYDENY,N
2012,N_2,N7COLLECTIVEGUILT,N
2012,N_2,N8VIOLENCE,N
2012,N_2,N9INCITEMENT,N
2012,N_2,N10SELFDETERMINATION,N
2012,N_2,N11JEWISHRIGHTSDEFINE,N
2012,N_2,N11SELFDETERMINATION,N
2012,N_2,N11JEWISHRIGHTS,N
2012,N_2,N12DOUBLESTANDARD,N
43709,N_2,N2CONSPIRACY,N
43709,N_2,N2CONTROLMEDIA,N
43709,N_2,N2CONTROLECONOMY,N
43709,N_2,N2CONTROLGOV,N
43709,N_2,N2CONTROLOTHER,N
43709,N_2,N3COLLECTIVEBLAME,N
43709,N_2,N4HIDDENCONSPIRACY,N
43709,N_2,N4ISRAELHAND,N
43709,N_2,N5LOYALTY,N
43709,N_2,N6IDENTITYDENY,N
43709,N_2,N7COLLECTIVEGUILT,N
43709,N_2,N8VIOLENCE,N
43709,N_2,N9INCITEMENT,N
43709,N_2,N10SELFDETERMINATION,N
43709,N_2,N11JEWISHRIGHTSDEFINE,N
43709,N_2,N11SELFDETERMINATION,N
43709,N_2,N11JEWISHRIGHTS,N
43709,N_2,N12DOUBLESTANDARD,N
18609,N_2,N2CONSPIRACY,N
18609,N_2,N2CONTROLMEDIA,N
18609,N_2,N2CONTROLECONOMY,N
18609,N_2,N2CONTROLGOV,N
18609,N_2,N2CONTROLOTHER,N
18609,N_2,N3COLLECTIVEBLAME,N
18609,N_2,N4HIDDENCONSPIRACY,N
18609,N_2,N4ISRAELHAND,N
18609,N_2,N5LOYALTY,N
18609,N_2,N6IDENTITYDENY,N
18609,N_2,N7COLLECTIVEGUILT,N
18609,N_2,N8VIOLENCE,N
18609,N_2,N9INCITEMENT,N
18609,N_2,N10SELFDETERMINATION,N
18609,N_2,N11JEWISHRIGHTSDEFINE,N
18609,N_2,N11SELFDETERMINATION,N
18609,N_2,N11JEWISHRIGHTS,N
18609,N_2,N12DOUBLESTANDARD,N
17712,N_2,N2CONSPIRACY,N
17712,N_2,N2CONTROLMEDIA,N
17712,N_2,N2CONTROLECONOMY,N
17712,N_2,N2CONTROLGOV,N
17712,N_2,N2CONTROLOTHER,N
17712,N_2,N3COLLECTIVEBLAME,N
17712,N_2,N4HIDDENCONSPIRACY,N
17712,N_2,N4ISRAELHAND,N
17712,N_2,N5LOYALTY,N
17712,N_2,N6IDENTITYDENY,N
17712,N_2,N7COLLECTIVEGUILT,N
17712,N_2,N8VIOLENCE,N
17712,N_2,N9INCITEMENT,N
17712,N_2,N10SELFDETERMINATION,N
17712,N_2,N11JEWISHRIGHTSDEFINE,N
17712,N_2,N11SELFDETERMINATION,N
17712,N_2,N11JEWISHRIGHTS,N
17712,N_2,N12DOUBLESTANDARD,N
9592,N_2,N2CONSPIRACY,N
9592,N_2,N2CONTROLMEDIA,N
9592,N_2,N2CONTROLECONOMY,N
9592,N_2,N2CONTROLGOV,N
9592,N_2,N2CONTROLOTHER,N
9592,N_2,N3COLLECTIVEBLAME,N
9592,N_2,N4HIDDENCONSPIRACY,N
9592,N_2,N4ISRAELHAND,N
9592,N_2,N5LOYALTY,N
9592,N_2,N6IDENTITYDENY,N
9592,N_2,N7COLLECTIVEGUILT,N
9592,N_2,N8VIOLENCE,A
9592,N_2,N9INCITEMENT,A
9592,N_2,N10SELFDETERMINATION,N
9592,N_2,N11JEWISHRIGHTSDEFINE,N
9592,N_2,N11SELFDETERMINATION,N
9592,N_2,N11JEWISHRIGHTS,N
9592,N_2,N12DOUBLESTANDARD,N
45559,N_2,N2CONSPIRACY,N
45559,N_2,N2CONTROLMEDIA,N
45559,N_2,N2CONTROLECONOMY,N
45559,N_2,N2CONTROLGOV,N
45559,N_2,N2CONTROLOTHER,N
45559,N_2,N3COLLECTIVEBLAME,N
45559,N_2,N4HIDDENCONSPIRACY,N
45559,N_2,N4ISRAELHAND,N
45559,N_2,N5LOYALTY,N
45559,N_2,N6IDENTITYDENY,N
45559,N_2,N7COLLECTIVEGUILT,N
45559,N_2,N8VIOLENCE,N
45559,N_2,N9INCITEMENT,N
45559,N_2,N10SELFDETERMINATION,N
45559,N_2,N11JEWISHRIGHTSDEFINE,N
45559,N_2,N11SELFDETERMINATION,N
45559,N_2,N11JEWISHRIGHTS,N
45559,N_2,N12DOUBLESTANDARD,N
3677,N_2,N2CONSPIRACY,N
3677,N_2,N2CONTROLMEDIA,N
3677,N_2,N2CONTROLECONOMY,N
3677,N_2,N2CONTROLGOV,N
3677,N_2,N2CONTROLOTHER,N
3677,N_2,N3COLLECTIVEBLAME,N
3677,N_2,N4HIDDENCONSPIRACY,N
3677,N_2,N4ISRAELHAND,N
3677,N_2,N5LOYALTY,N
3677,N_2,N6IDENTITYDENY,N
3677,N_2,N7COLLECTIVEGUILT,N
3677,N_2,N8VIOLENCE,N
3677,N_2,N9INCITEMENT,N
3677,N_2,N10SELFDETERMINATION,N
3677,N_2,N11JEWISHRIGHTSDEFINE,N
3677,N_2,N11SELFDETERMINATION,N
3677,N_2,N11JEWISHRIGHTS,N
3677,N_2,N12DOUBLESTANDARD,N
11952,N_2,N2CONSPIRACY,N
11952,N_2,N2CONTROLMEDIA,N
11952,N_2,N2CONTROLECONOMY,N
11952,N_2,N2CONTROLGOV,N
11952,N_2,N2CONTROLOTHER,N
11952,N_2,N3COLLECTIVEBLAME,N
11952,N_2,N4HIDDENCONSPIRACY,N
11952,N_2,N4ISRAELHAND,N
11952,N_2,N5LOYALTY,N
11952,N_2,N6IDENTITYDENY,N
11952,N_2,N7COLLECTIVEGUILT,N
11952,N_2,N8VIOLENCE,N
11952,N_2,N9INCITEMENT,N
11952,N_2,N10SELFDETERMINATION,N
11952,N_2,N11JEWISHRIGHTSDEFINE,N
11952,N_2,N11SELFDETERMINATION,N
11952,N_2,N11JEWISHRIGHTS,N
11952,N_2,N12DOUBLESTANDARD,N
8690,N_2,N2CONSPIRACY,N
8690,N_2,N2CONTROLMEDIA,N
8690,N_2,N2CONTROLECONOMY,N
8690,N_2,N2CONTROLGOV,N
8690,N_2,N2CONTROLOTHER,N
8690,N_2,N3COLLECTIVEBLAME,N
8690,N_2,N4HIDDENCONSPIRACY,N
8690,N_2,N4ISRAELHAND,N
8690,N_2,N5LOYALTY,N
8690,N_2,N6IDENTITYDENY,N
8690,N_2,N7COLLECTIVEGUILT,N
8690,N_2,N8VIOLENCE,N
8690,N_2,N9INCITEMENT,N
8690,N_2,N10SELFDETERMINATION,N
8690,N_2,N11JEWISHRIGHTSDEFINE,N
8690,N_2,N11SELFDETERMINATION,N
8690,N_2,N11JEWISHRIGHTS,N
8690,N_2,N12DOUBLESTANDARD,N
10813,N_2,N2CONSPIRACY,N
10813,N_2,N2CONTROLMEDIA,N
10813,N_2,N2CONTROLECONOMY,N
10813,N_2,N2CONTROLGOV,N
10813,N_2,N2CONTROLOTHER,N
10813,N_2,N3COLLECTIVEBLAME,N
10813,N_2,N4HIDDENCONSPIRACY,N
10813,N_2,N4ISRAELHAND,N
10813,N_2,N5LOYALTY,N
10813,N_2,N6IDENTITYDENY,N
10813,N_2,N7COLLECTIVEGUILT,N
10813,N_2,N8VIOLENCE,N
10813,N_2,N9INCITEMENT,N
10813,N_2,N10SELFDETERMINATION,N
10813,N_2,N11JEWISHRIGHTSDEFINE,N
10813,N_2,N11SELFDETERMINATION,N
10813,N_2,N11JEWISHRIGHTS,N
10813,N_2,N12DOUBLESTANDARD,N
45845,N_2,N2CONSPIRACY,N
45845,N_2,N2CONTROLMEDIA,N
45845,N_2,N2CONTROLECONOMY,N
45845,N_2,N2CONTROLGOV,N
45845,N_2,N2CONTROLOTHER,N
45845,N_2,N3COLLECTIVEBLAME,N
45845,N_2,N4HIDDENCONSPIRACY,N
45845,N_2,N4ISRAELHAND,N
45845,N_2,N5LOYALTY,N
45845,N_2,N6IDENTITYDENY,N
45845,N_2,N7COLLECTIVEGUILT,N
45845,N_2,N8VIOLENCE,N
45845,N_2,N9INCITEMENT,N
45845,N_2,N10SELFDETERMINATION,N
45845,N_2,N11JEWISHRIGHTSDEFINE,N
45845,N_2,N11SELFDETERMINATION,N
45845,N_2,N11JEWISHRIGHTS,N
45845,N_2,N12DOUBLESTANDARD,N
18005,N_2,N2CONSPIRACY,N
18005,N_2,N2CONTROLMEDIA,N
18005,N_2,N2CONTROLECONOMY,N
18005,N_2,N2CONTROLGOV,N
18005,N_2,N2CONTROLOTHER,N
18005,N_2,N3COLLECTIVEBLAME,N
18005,N_2,N4HIDDENCONSPIRACY,N
18005,N_2,N4ISRAELHAND,N
18005,N_2,N5LOYALTY,N
18005,N_2,N6IDENTITYDENY,N
18005,N_2,N7COLLECTIVEGUILT,N
18005,N_2,N8VIOLENCE,N
18005,N_2,N9INCITEMENT,N
18005,N_2,N10SELFDETERMINATION,N
18005,N_2,N11JEWISHRIGHTSDEFINE,N
18005,N_2,N11SELFDETERMINATION,N
18005,N_2,N11JEWISHRIGHTS,N
18005,N_2,N12DOUBLESTANDARD,N
16548,N_2,N2CONSPIRACY,N
16548,N_2,N2CONTROLMEDIA,N
16548,N_2,N2CONTROLECONOMY,N
16548,N_2,N2CONTROLGOV,N
16548,N_2,N2CONTROLOTHER,N
16548,N_2,N3COLLECTIVEBLAME,N
16548,N_2,N4HIDDENCONSPIRACY,N
16548,N_2,N4ISRAELHAND,N
16548,N_2,N5LOYALTY,N
16548,N_2,N6IDENTITYDENY,N
16548,N_2,N7COLLECTIVEGUILT,N
16548,N_2,N8VIOLENCE,N
16548,N_2,N9INCITEMENT,N
16548,N_2,N10SELFDETERMINATION,N
16548,N_2,N11JEWISHRIGHTSDEFINE,N
16548,N_2,N11SELFDETERMINATION,N
16548,N_2,N11JEWISHRIGHTS,N
16548,N_2,N12DOUBLESTANDARD,N
29175,N_2,N2CONSPIRACY,N
29175,N_2,N2CONTROLMEDIA,N
29175,N_2,N2CONTROLECONOMY,N
29175,N_2,N2CONTROLGOV,N
29175,N_2,N2CONTROLOTHER,N
29175,N_2,N3COLLECTIVEBLAME,N
29175,N_2,N4HIDDENCONSPIRACY,N
29175,N_2,N4ISRAELHAND,N
29175,N_2,N5LOYALTY,N
29175,N_2,N6IDENTITYDENY,N
29175,N_2,N7COLLECTIVEGUILT,N
29175,N_2,N8VIOLENCE,N
29175,N_2,N9INCITEMENT,N
29175,N_2,N10SELFDETERMINATION,N
29175,N_2,N11JEWISHRIGHTSDEFINE,N
29175,N_2,N11SELFDETERMINATION,N
29175,N_2,N11JEWISHRIGHTS,N
29175,N_2,N12DOUBLESTANDARD,N
23296,N_2,N2CONSPIRACY,N
23296,N_2,N2CONTROLMEDIA,N
23296,N_2,N2CONTROLECONOMY,N
23296,N_2,N2CONTROLGOV,N
23296,N_2,N2CONTROLOTHER,N
23296,N_2,N3COLLECTIVEBLAME,N
23296,N_2,N4HIDDENCONSPIRACY,N
23296,N_2,N4ISRAELHAND,N
23296,N_2,N5LOYALTY,N
23296,N_2,N6IDENTITYDENY,N
23296,N_2,N7COLLECTIVEGUILT,N
23296,N_2,N8VIOLENCE,N
23296,N_2,N9INCITEMENT,N
23296,N_2,N10SELFDETERMINATION,N
23296,N_2,N11JEWISHRIGHTSDEFINE,N
23296,N_2,N11SELFDETERMINATION,N
23296,N_2,N11JEWISHRIGHTS,N
23296,N_2,N12DOUBLESTANDARD,N
29951,N_2,N2CONSPIRACY,N
29951,N_2,N2CONTROLMEDIA,N
29951,N_2,N2CONTROLECONOMY,N
29951,N_2,N2CONTROLGOV,N
29951,N_2,N2CONTROLOTHER,N
29951,N_2,N3COLLECTIVEBLAME,N
29951,N_2,N4HIDDENCONSPIRACY,N
29951,N_2,N4ISRAELHAND,N
29951,N_2,N5LOYALTY,N
29951,N_2,N6IDENTITYDENY,N
29951,N_2,N7COLLECTIVEGUILT,N
29951,N_2,N8VIOLENCE,E
29951,N_2,N9INCITEMENT,N
29951,N_2,N10SELFDETERMINATION,N
29951,N_2,N11JEWISHRIGHTSDEFINE,N
29951,N_2,N11SELFDETERMINATION,N
29951,N_2,N11JEWISHRIGHTS,N
29951,N_2,N12DOUBLESTANDARD,N
8233,N_2,N2CONSPIRACY,N
8233,N_2,N2CONTROLMEDIA,N
8233,N_2,N2CONTROLECONOMY,N
8233,N_2,N2CONTROLGOV,N
8233,N_2,N2CONTROLOTHER,N
8233,N_2,N3COLLECTIVEBLAME,N
8233,N_2,N4HIDDENCONSPIRACY,N
8233,N_2,N4ISRAELHAND,N
8233,N_2,N5LOYALTY,N
8233,N_2,N6IDENTITYDENY,N
8233,N_2,N7COLLECTIVEGUILT,N
8233,N_2,N8VIOLENCE,N
8233,N_2,N9INCITEMENT,N
8233,N_2,N10SELFDETERMINATION,N
8233,N_2,N11JEWISHRIGHTSDEFINE,N
8233,N_2,N11SELFDETERMINATION,N
8233,N_2,N11JEWISHRIGHTS,N
8233,N_2,N12DOUBLESTANDARD,N
8612,N_2,N2CONSPIRACY,N
8612,N_2,N2CONTROLMEDIA,N
8612,N_2,N2CONTROLECONOMY,N
8612,N_2,N2CONTROLGOV,N
8612,N_2,N2CONTROLOTHER,N
8612,N_2,N3COLLECTIVEBLAME,N
8612,N_2,N4HIDDENCONSPIRACY,N
8612,N_2,N4ISRAELHAND,N
8612,N_2,N5LOYALTY,N
8612,N_2,N6IDENTITYDENY,N
8612,N_2,N7COLLECTIVEGUILT,N
8612,N_2,N8VIOLENCE,N
8612,N_2,N9INCITEMENT,N
8612,N_2,N10SELFDETERMINATION,N
8612,N_2,N11JEWISHRIGHTSDEFINE,N
8612,N_2,N11SELFDETERMINATION,N
8612,N_2,N11JEWISHRIGHTS,N
8612,N_2,N12DOUBLESTANDARD,N
10680,N_2,PARSE_ERROR,Expecting value: line 1 column 1 (char 0)
16128,N_2,N2CONSPIRACY,N
16128,N_2,N2CONTROLMEDIA,N
16128,N_2,N2CONTROLECONOMY,N
16128,N_2,N2CONTROLGOV,N
16128,N_2,N2CONTROLOTHER,N
16128,N_2,N3COLLECTIVEBLAME,N
16128,N_2,N4HIDDENCONSPIRACY,N
16128,N_2,N4ISRAELHAND,N
16128,N_2,N5LOYALTY,N
16128,N_2,N6IDENTITYDENY,N
16128,N_2,N7COLLECTIVEGUILT,N
16128,N_2,N8VIOLENCE,N
16128,N_2,N9INCITEMENT,N
16128,N_2,N10SELFDETERMINATION,N
16128,N_2,N11JEWISHRIGHTSDEFINE,N
16128,N_2,N11SELFDETERMINATION,N
16128,N_2,N11JEWISHRIGHTS,N
16128,N_2,N12DOUBLESTANDARD,N
35246,N_2,N2CONSPIRACY,N
35246,N_2,N2CONTROLMEDIA,N
35246,N_2,N2CONTROLECONOMY,N
35246,N_2,N2CONTROLGOV,N
35246,N_2,N2CONTROLOTHER,N
35246,N_2,N3COLLECTIVEBLAME,N
35246,N_2,N4HIDDENCONSPIRACY,N
35246,N_2,N4ISRAELHAND,N
35246,N_2,N5LOYALTY,N
35246,N_2,N6IDENTITYDENY,N
35246,N_2,N7COLLECTIVEGUILT,N
35246,N_2,N8VIOLENCE,N
35246,N_2,N9INCITEMENT,N
35246,N_2,N10SELFDETERMINATION,N
35246,N_2,N11JEWISHRIGHTSDEFINE,N
35246,N_2,N11SELFDETERMINATION,N
35246,N_2,N11JEWISHRIGHTS,N
35246,N_2,N12DOUBLESTANDARD,N
47333,N_2,N2CONSPIRACY,N
47333,N_2,N2CONTROLMEDIA,N
47333,N_2,N2CONTROLECONOMY,N
47333,N_2,N2CONTROLGOV,N
47333,N_2,N2CONTROLOTHER,N
47333,N_2,N3COLLECTIVEBLAME,N
47333,N_2,N4HIDDENCONSPIRACY,N
47333,N_2,N4ISRAELHAND,N
47333,N_2,N5LOYALTY,N
47333,N_2,N6IDENTITYDENY,N
47333,N_2,N7COLLECTIVEGUILT,N
47333,N_2,N8VIOLENCE,N
47333,N_2,N9INCITEMENT,N
47333,N_2,N10SELFDETERMINATION,N
47333,N_2,N11JEWISHRIGHTSDEFINE,N
47333,N_2,N11SELFDETERMINATION,N
47333,N_2,N11JEWISHRIGHTS,N
47333,N_2,N12DOUBLESTANDARD,N
19854,N_2,N2CONSPIRACY,N
19854,N_2,N2CONTROLMEDIA,N
19854,N_2,N2CONTROLECONOMY,N
19854,N_2,N2CONTROLGOV,N
19854,N_2,N2CONTROLOTHER,N
19854,N_2,N3COLLECTIVEBLAME,N
19854,N_2,N4HIDDENCONSPIRACY,N
19854,N_2,N4ISRAELHAND,N
19854,N_2,N5LOYALTY,N
19854,N_2,N6IDENTITYDENY,N
19854,N_2,N7COLLECTIVEGUILT,N
19854,N_2,N8VIOLENCE,N
19854,N_2,N9INCITEMENT,N
19854,N_2,N10SELFDETERMINATION,N
19854,N_2,N11JEWISHRIGHTSDEFINE,N
19854,N_2,N11SELFDETERMINATION,N
19854,N_2,N11JEWISHRIGHTS,N
19854,N_2,N12DOUBLESTANDARD,N
2714,N_2,N2CONSPIRACY,N
2714,N_2,N2CONTROLMEDIA,N
2714,N_2,N2CONTROLECONOMY,N
2714,N_2,N2CONTROLGOV,N
2714,N_2,N2CONTROLOTHER,N
2714,N_2,N3COLLECTIVEBLAME,N
2714,N_2,N4HIDDENCONSPIRACY,N
2714,N_2,N4ISRAELHAND,N
2714,N_2,N5LOYALTY,N
2714,N_2,N6IDENTITYDENY,N
2714,N_2,N7COLLECTIVEGUILT,N
2714,N_2,N8VIOLENCE,N
2714,N_2,N9INCITEMENT,N
2714,N_2,N10SELFDETERMINATION,N
2714,N_2,N11JEWISHRIGHTSDEFINE,N
2714,N_2,N11SELFDETERMINATION,N
2714,N_2,N11JEWISHRIGHTS,N
2714,N_2,N12DOUBLESTANDARD,N
4318,N_2,N2CONSPIRACY,N
4318,N_2,N2CONTROLMEDIA,N
4318,N_2,N2CONTROLECONOMY,N
4318,N_2,N2CONTROLGOV,N
4318,N_2,N2CONTROLOTHER,N
4318,N_2,N3COLLECTIVEBLAME,N
4318,N_2,N4HIDDENCONSPIRACY,N
4318,N_2,N4ISRAELHAND,N
4318,N_2,N5LOYALTY,N
4318,N_2,N6IDENTITYDENY,N
4318,N_2,N7COLLECTIVEGUILT,N
4318,N_2,N8VIOLENCE,I
4318,N_2,N9INCITEMENT,I
4318,N_2,N10SELFDETERMINATION,N
4318,N_2,N11JEWISHRIGHTSDEFINE,N
4318,N_2,N11SELFDETERMINATION,N
4318,N_2,N11JEWISHRIGHTS,N
4318,N_2,N12DOUBLESTANDARD,N
17184,N_2,N2CONSPIRACY,N
17184,N_2,N2CONTROLMEDIA,N
17184,N_2,N2CONTROLECONOMY,N
17184,N_2,N2CONTROLGOV,N
17184,N_2,N2CONTROLOTHER,N
17184,N_2,N3COLLECTIVEBLAME,N
17184,N_2,N4HIDDENCONSPIRACY,N
17184,N_2,N4ISRAELHAND,N
17184,N_2,N5LOYALTY,N
17184,N_2,N6IDENTITYDENY,N
17184,N_2,N7COLLECTIVEGUILT,N
17184,N_2,N8VIOLENCE,N
17184,N_2,N9INCITEMENT,N
17184,N_2,N10SELFDETERMINATION,N
17184,N_2,N11JEWISHRIGHTSDEFINE,N
17184,N_2,N11SELFDETERMINATION,N
17184,N_2,N11JEWISHRIGHTS,N
17184,N_2,N12DOUBLESTANDARD,N
47336,N_2,N2CONSPIRACY,N
47336,N_2,N2CONTROLMEDIA,N
47336,N_2,N2CONTROLECONOMY,N
47336,N_2,N2CONTROLGOV,N
47336,N_2,N2CONTROLOTHER,N
47336,N_2,N3COLLECTIVEBLAME,N
47336,N_2,N4HIDDENCONSPIRACY,N
47336,N_2,N4ISRAELHAND,N
47336,N_2,N5LOYALTY,N
47336,N_2,N6IDENTITYDENY,N
47336,N_2,N7COLLECTIVEGUILT,N
47336,N_2,N8VIOLENCE,N
47336,N_2,N9INCITEMENT,N
47336,N_2,N10SELFDETERMINATION,N
47336,N_2,N11JEWISHRIGHTSDEFINE,N
47336,N_2,N11SELFDETERMINATION,N
47336,N_2,N11JEWISHRIGHTS,N
47336,N_2,N12DOUBLESTANDARD,N
34142,N_2,N2CONSPIRACY,N
34142,N_2,N2CONTROLMEDIA,N
34142,N_2,N2CONTROLECONOMY,N
34142,N_2,N2CONTROLGOV,N
34142,N_2,N2CONTROLOTHER,N
34142,N_2,N3COLLECTIVEBLAME,N
34142,N_2,N4HIDDENCONSPIRACY,N
34142,N_2,N4ISRAELHAND,N
34142,N_2,N5LOYALTY,N
34142,N_2,N6IDENTITYDENY,N
34142,N_2,N7COLLECTIVEGUILT,N
34142,N_2,N8VIOLENCE,N
34142,N_2,N9INCITEMENT,N
34142,N_2,N10SELFDETERMINATION,N
34142,N_2,N11JEWISHRIGHTSDEFINE,N
34142,N_2,N11SELFDETERMINATION,N
34142,N_2,N11JEWISHRIGHTS,N
34142,N_2,N12DOUBLESTANDARD,N
8512,N_2,N2CONSPIRACY,N
8512,N_2,N2CONTROLMEDIA,N
8512,N_2,N2CONTROLECONOMY,N
8512,N_2,N2CONTROLGOV,N
8512,N_2,N2CONTROLOTHER,N
8512,N_2,N3COLLECTIVEBLAME,N
8512,N_2,N4HIDDENCONSPIRACY,N
8512,N_2,N4ISRAELHAND,N
8512,N_2,N5LOYALTY,N
8512,N_2,N6IDENTITYDENY,N
8512,N_2,N7COLLECTIVEGUILT,N
8512,N_2,N8VIOLENCE,N
8512,N_2,N9INCITEMENT,E
8512,N_2,N10SELFDETERMINATION,N
8512,N_2,N11JEWISHRIGHTSDEFINE,N
8512,N_2,N11SELFDETERMINATION,N
8512,N_2,N11JEWISHRIGHTS,N
8512,N_2,N12DOUBLESTANDARD,N
18123,N_2,N2CONSPIRACY,N
18123,N_2,N2CONTROLMEDIA,N
18123,N_2,N2CONTROLECONOMY,N
18123,N_2,N2CONTROLGOV,N
18123,N_2,N2CONTROLOTHER,N
18123,N_2,N3COLLECTIVEBLAME,N
18123,N_2,N4HIDDENCONSPIRACY,N
18123,N_2,N4ISRAELHAND,N
18123,N_2,N5LOYALTY,N
18123,N_2,N6IDENTITYDENY,N
18123,N_2,N7COLLECTIVEGUILT,N
18123,N_2,N8VIOLENCE,N
18123,N_2,N9INCITEMENT,N
18123,N_2,N10SELFDETERMINATION,N
18123,N_2,N11JEWISHRIGHTSDEFINE,N
18123,N_2,N11SELFDETERMINATION,N
18123,N_2,N11JEWISHRIGHTS,N
18123,N_2,N12DOUBLESTANDARD,N
909,N_2,N2CONSPIRACY,N
909,N_2,N2CONTROLMEDIA,N
909,N_2,N2CONTROLECONOMY,N
909,N_2,N2CONTROLGOV,N
909,N_2,N2CONTROLOTHER,N
909,N_2,N3COLLECTIVEBLAME,N
909,N_2,N4HIDDENCONSPIRACY,N
909,N_2,N4ISRAELHAND,N
909,N_2,N5LOYALTY,N
909,N_2,N6IDENTITYDENY,N
909,N_2,N7COLLECTIVEGUILT,N
909,N_2,N8VIOLENCE,N
909,N_2,N9INCITEMENT,N
909,N_2,N10SELFDETERMINATION,N
909,N_2,N11JEWISHRIGHTSDEFINE,N
909,N_2,N11SELFDETERMINATION,N
909,N_2,N11JEWISHRIGHTS,N
909,N_2,N12DOUBLESTANDARD,N
29557,N_2,N2CONSPIRACY,N
29557,N_2,N2CONTROLMEDIA,N
29557,N_2,N2CONTROLECONOMY,N
29557,N_2,N2CONTROLGOV,N
29557,N_2,N2CONTROLOTHER,N
29557,N_2,N3COLLECTIVEBLAME,N
29557,N_2,N4HIDDENCONSPIRACY,N
29557,N_2,N4ISRAELHAND,N
29557,N_2,N5LOYALTY,N
29557,N_2,N6IDENTITYDENY,N
29557,N_2,N7COLLECTIVEGUILT,N
29557,N_2,N8VIOLENCE,N
29557,N_2,N9INCITEMENT,N
29557,N_2,N10SELFDETERMINATION,N
29557,N_2,N11JEWISHRIGHTSDEFINE,N
29557,N_2,N11SELFDETERMINATION,N
29557,N_2,N11JEWISHRIGHTS,N
29557,N_2,N12DOUBLESTANDARD,N
23994,N_2,N2CONSPIRACY,N
23994,N_2,N2CONTROLMEDIA,N
23994,N_2,N2CONTROLECONOMY,N
23994,N_2,N2CONTROLGOV,N
23994,N_2,N2CONTROLOTHER,N
23994,N_2,N3COLLECTIVEBLAME,N
23994,N_2,N4HIDDENCONSPIRACY,N
23994,N_2,N4ISRAELHAND,N
23994,N_2,N5LOYALTY,N
23994,N_2,N6IDENTITYDENY,N
23994,N_2,N7COLLECTIVEGUILT,N
23994,N_2,N8VIOLENCE,N
23994,N_2,N9INCITEMENT,N
23994,N_2,N10SELFDETERMINATION,N
23994,N_2,N11JEWISHRIGHTSDEFINE,N
23994,N_2,N11SELFDETERMINATION,N
23994,N_2,N11JEWISHRIGHTS,N
23994,N_2,N12DOUBLESTANDARD,N
45616,N_2,N2CONSPIRACY,N
45616,N_2,N2CONTROLMEDIA,N
45616,N_2,N2CONTROLECONOMY,N
45616,N_2,N2CONTROLGOV,N
45616,N_2,N2CONTROLOTHER,N
45616,N_2,N3COLLECTIVEBLAME,N
45616,N_2,N4HIDDENCONSPIRACY,N
45616,N_2,N4ISRAELHAND,N
45616,N_2,N5LOYALTY,N
45616,N_2,N6IDENTITYDENY,N
45616,N_2,N7COLLECTIVEGUILT,N
45616,N_2,N8VIOLENCE,N
45616,N_2,N9INCITEMENT,N
45616,N_2,N10SELFDETERMINATION,N
45616,N_2,N11JEWISHRIGHTSDEFINE,N
45616,N_2,N11SELFDETERMINATION,N
45616,N_2,N11JEWISHRIGHTS,N
45616,N_2,N12DOUBLESTANDARD,N
18816,N_2,N2CONSPIRACY,N
18816,N_2,N2CONTROLMEDIA,N
18816,N_2,N2CONTROLECONOMY,N
18816,N_2,N2CONTROLGOV,N
18816,N_2,N2CONTROLOTHER,N
18816,N_2,N3COLLECTIVEBLAME,N
18816,N_2,N4HIDDENCONSPIRACY,N
18816,N_2,N4ISRAELHAND,N
18816,N_2,N5LOYALTY,N
18816,N_2,N6IDENTITYDENY,N
18816,N_2,N7COLLECTIVEGUILT,N
18816,N_2,N8VIOLENCE,N
18816,N_2,N9INCITEMENT,N
18816,N_2,N10SELFDETERMINATION,N
18816,N_2,N11JEWISHRIGHTSDEFINE,N
18816,N_2,N11SELFDETERMINATION,N
18816,N_2,N11JEWISHRIGHTS,N
18816,N_2,N12DOUBLESTANDARD,N
15837,N_2,N2CONSPIRACY,N
15837,N_2,N2CONTROLMEDIA,N
15837,N_2,N2CONTROLECONOMY,N
15837,N_2,N2CONTROLGOV,N
15837,N_2,N2CONTROLOTHER,N
15837,N_2,N3COLLECTIVEBLAME,N
15837,N_2,N4HIDDENCONSPIRACY,N
15837,N_2,N4ISRAELHAND,N
15837,N_2,N5LOYALTY,N
15837,N_2,N6IDENTITYDENY,N
15837,N_2,N7COLLECTIVEGUILT,N
15837,N_2,N8VIOLENCE,N
15837,N_2,N9INCITEMENT,N
15837,N_2,N10SELFDETERMINATION,N
15837,N_2,N11JEWISHRIGHTSDEFINE,N
15837,N_2,N11SELFDETERMINATION,N
15837,N_2,N11JEWISHRIGHTS,N
15837,N_2,N12DOUBLESTANDARD,N
26960,N_2,N2CONSPIRACY,N
26960,N_2,N2CONTROLMEDIA,N
26960,N_2,N2CONTROLECONOMY,N
26960,N_2,N2CONTROLGOV,N
26960,N_2,N2CONTROLOTHER,N
26960,N_2,N3COLLECTIVEBLAME,N
26960,N_2,N4HIDDENCONSPIRACY,N
26960,N_2,N4ISRAELHAND,N
26960,N_2,N5LOYALTY,N
26960,N_2,N6IDENTITYDENY,N
26960,N_2,N7COLLECTIVEGUILT,N
26960,N_2,N8VIOLENCE,N
26960,N_2,N9INCITEMENT,N
26960,N_2,N10SELFDETERMINATION,N
26960,N_2,N11JEWISHRIGHTSDEFINE,N
26960,N_2,N11SELFDETERMINATION,N
26960,N_2,N11JEWISHRIGHTS,N
26960,N_2,N12DOUBLESTANDARD,N
9431,N_2,N2CONSPIRACY,N
9431,N_2,N2CONTROLMEDIA,N
9431,N_2,N2CONTROLECONOMY,N
9431,N_2,N2CONTROLGOV,N
9431,N_2,N2CONTROLOTHER,N
9431,N_2,N3COLLECTIVEBLAME,N
9431,N_2,N4HIDDENCONSPIRACY,N
9431,N_2,N4ISRAELHAND,N
9431,N_2,N5LOYALTY,N
9431,N_2,N6IDENTITYDENY,N
9431,N_2,N7COLLECTIVEGUILT,N
9431,N_2,N8VIOLENCE,N
9431,N_2,N9INCITEMENT,N
9431,N_2,N10SELFDETERMINATION,N
9431,N_2,N11JEWISHRIGHTSDEFINE,N
9431,N_2,N11SELFDETERMINATION,N
9431,N_2,N11JEWISHRIGHTS,N
9431,N_2,N12DOUBLESTANDARD,N
1120,N_2,N2CONSPIRACY,N
1120,N_2,N2CONTROLMEDIA,N
1120,N_2,N2CONTROLECONOMY,N
1120,N_2,N2CONTROLGOV,N
1120,N_2,N2CONTROLOTHER,N
1120,N_2,N3COLLECTIVEBLAME,N
1120,N_2,N4HIDDENCONSPIRACY,N
1120,N_2,N4ISRAELHAND,N
1120,N_2,N5LOYALTY,N
1120,N_2,N6IDENTITYDENY,N
1120,N_2,N7COLLECTIVEGUILT,N
1120,N_2,N8VIOLENCE,N
1120,N_2,N9INCITEMENT,N
1120,N_2,N10SELFDETERMINATION,N
1120,N_2,N11JEWISHRIGHTSDEFINE,N
1120,N_2,N11SELFDETERMINATION,N
1120,N_2,N11JEWISHRIGHTS,N
1120,N_2,N12DOUBLESTANDARD,N
34133,N_2,N2CONSPIRACY,N
34133,N_2,N2CONTROLMEDIA,N
34133,N_2,N2CONTROLECONOMY,N
34133,N_2,N2CONTROLGOV,N
34133,N_2,N2CONTROLOTHER,N
34133,N_2,N3COLLECTIVEBLAME,N
34133,N_2,N4HIDDENCONSPIRACY,N
34133,N_2,N4ISRAELHAND,N
34133,N_2,N5LOYALTY,N
34133,N_2,N6IDENTITYDENY,N
34133,N_2,N7COLLECTIVEGUILT,N
34133,N_2,N8VIOLENCE,N
34133,N_2,N9INCITEMENT,N
34133,N_2,N10SELFDETERMINATION,N
34133,N_2,N11JEWISHRIGHTSDEFINE,N
34133,N_2,N11SELFDETERMINATION,N
34133,N_2,N11JEWISHRIGHTS,N
34133,N_2,N12DOUBLESTANDARD,N
3331,N_2,N2CONSPIRACY,N
3331,N_2,N2CONTROLMEDIA,N
3331,N_2,N2CONTROLECONOMY,N
3331,N_2,N2CONTROLGOV,N
3331,N_2,N2CONTROLOTHER,N
3331,N_2,N3COLLECTIVEBLAME,N
3331,N_2,N4HIDDENCONSPIRACY,N
3331,N_2,N4ISRAELHAND,N
3331,N_2,N5LOYALTY,N
3331,N_2,N6IDENTITYDENY,N
3331,N_2,N7COLLECTIVEGUILT,N
3331,N_2,N8VIOLENCE,N
3331,N_2,N9INCITEMENT,N
3331,N_2,N10SELFDETERMINATION,N
3331,N_2,N11JEWISHRIGHTSDEFINE,N
3331,N_2,N11SELFDETERMINATION,N
3331,N_2,N11JEWISHRIGHTS,N
3331,N_2,N12DOUBLESTANDARD,N
24055,N_2,N2CONSPIRACY,N
24055,N_2,N2CONTROLMEDIA,N
24055,N_2,N2CONTROLECONOMY,N
24055,N_2,N2CONTROLGOV,N
24055,N_2,N2CONTROLOTHER,N
24055,N_2,N3COLLECTIVEBLAME,N
24055,N_2,N4HIDDENCONSPIRACY,N
24055,N_2,N4ISRAELHAND,N
24055,N_2,N5LOYALTY,N
24055,N_2,N6IDENTITYDENY,N
24055,N_2,N7COLLECTIVEGUILT,N
24055,N_2,N8VIOLENCE,N
24055,N_2,N9INCITEMENT,N
24055,N_2,N10SELFDETERMINATION,N
24055,N_2,N11JEWISHRIGHTSDEFINE,N
24055,N_2,N11SELFDETERMINATION,N
24055,N_2,N11JEWISHRIGHTS,N
24055,N_2,N12DOUBLESTANDARD,N
13379,N_2,N2CONSPIRACY,N
13379,N_2,N2CONTROLMEDIA,N
13379,N_2,N2CONTROLECONOMY,N
13379,N_2,N2CONTROLGOV,N
13379,N_2,N2CONTROLOTHER,N
13379,N_2,N3COLLECTIVEBLAME,N
13379,N_2,N4HIDDENCONSPIRACY,N
13379,N_2,N4ISRAELHAND,N
13379,N_2,N5LOYALTY,N
13379,N_2,N6IDENTITYDENY,N
13379,N_2,N7COLLECTIVEGUILT,N
13379,N_2,N8VIOLENCE,N
13379,N_2,N9INCITEMENT,N
13379,N_2,N10SELFDETERMINATION,N
13379,N_2,N11JEWISHRIGHTSDEFINE,N
13379,N_2,N11SELFDETERMINATION,N
13379,N_2,N11JEWISHRIGHTS,N
13379,N_2,N12DOUBLESTANDARD,N
30068,N_2,N2CONSPIRACY,N
30068,N_2,N2CONTROLMEDIA,N
30068,N_2,N2CONTROLECONOMY,N
30068,N_2,N2CONTROLGOV,N
30068,N_2,N2CONTROLOTHER,N
30068,N_2,N3COLLECTIVEBLAME,N
30068,N_2,N4HIDDENCONSPIRACY,N
30068,N_2,N4ISRAELHAND,N
30068,N_2,N5LOYALTY,N
30068,N_2,N6IDENTITYDENY,A
30068,N_2,N7COLLECTIVEGUILT,N
30068,N_2,N8VIOLENCE,N
30068,N_2,N9INCITEMENT,N
30068,N_2,N10SELFDETERMINATION,N
30068,N_2,N11JEWISHRIGHTSDEFINE,N
30068,N_2,N11SELFDETERMINATION,N
30068,N_2,N11JEWISHRIGHTS,N
30068,N_2,N12DOUBLESTANDARD,N
47651,N_2,N2CONSPIRACY,N
47651,N_2,N2CONTROLMEDIA,N
47651,N_2,N2CONTROLECONOMY,N
47651,N_2,N2CONTROLGOV,N
47651,N_2,N2CONTROLOTHER,N
47651,N_2,N3COLLECTIVEBLAME,N
47651,N_2,N4HIDDENCONSPIRACY,N
47651,N_2,N4ISRAELHAND,N
47651,N_2,N5LOYALTY,N
47651,N_2,N6IDENTITYDENY,N
47651,N_2,N7COLLECTIVEGUILT,N
47651,N_2,N8VIOLENCE,N
47651,N_2,N9INCITEMENT,N
47651,N_2,N10SELFDETERMINATION,N
47651,N_2,N11JEWISHRIGHTSDEFINE,N
47651,N_2,N11SELFDETERMINATION,N
47651,N_2,N11JEWISHRIGHTS,N
47651,N_2,N12DOUBLESTANDARD,N
3700,N_2,N2CONSPIRACY,N
3700,N_2,N2CONTROLMEDIA,N
3700,N_2,N2CONTROLECONOMY,N
3700,N_2,N2CONTROLGOV,N
3700,N_2,N2CONTROLOTHER,I
3700,N_2,N3COLLECTIVEBLAME,N
3700,N_2,N4HIDDENCONSPIRACY,N
3700,N_2,N4ISRAELHAND,N
3700,N_2,N5LOYALTY,N
3700,N_2,N6IDENTITYDENY,N
3700,N_2,N7COLLECTIVEGUILT,N
3700,N_2,N8VIOLENCE,N
3700,N_2,N9INCITEMENT,N
3700,N_2,N10SELFDETERMINATION,N
3700,N_2,N11JEWISHRIGHTSDEFINE,N
3700,N_2,N11SELFDETERMINATION,N
3700,N_2,N11JEWISHRIGHTS,N
3700,N_2,N12DOUBLESTANDARD,N
19342,N_2,N2CONSPIRACY,N
19342,N_2,N2CONTROLMEDIA,N
19342,N_2,N2CONTROLECONOMY,N
19342,N_2,N2CONTROLGOV,N
19342,N_2,N2CONTROLOTHER,N
19342,N_2,N3COLLECTIVEBLAME,N
19342,N_2,N4HIDDENCONSPIRACY,N
19342,N_2,N4ISRAELHAND,N
19342,N_2,N5LOYALTY,N
19342,N_2,N6IDENTITYDENY,N
19342,N_2,N7COLLECTIVEGUILT,N
19342,N_2,N8VIOLENCE,N
19342,N_2,N9INCITEMENT,N
19342,N_2,N10SELFDETERMINATION,N
19342,N_2,N11JEWISHRIGHTSDEFINE,N
19342,N_2,N11SELFDETERMINATION,N
19342,N_2,N11JEWISHRIGHTS,N
19342,N_2,N12DOUBLESTANDARD,N
39465,N_2,N2CONSPIRACY,N
39465,N_2,N2CONTROLMEDIA,N
39465,N_2,N2CONTROLECONOMY,N
39465,N_2,N2CONTROLGOV,N
39465,N_2,N2CONTROLOTHER,N
39465,N_2,N3COLLECTIVEBLAME,N
39465,N_2,N4HIDDENCONSPIRACY,N
39465,N_2,N4ISRAELHAND,N
39465,N_2,N5LOYALTY,N
39465,N_2,N6IDENTITYDENY,N
39465,N_2,N7COLLECTIVEGUILT,N
39465,N_2,N8VIOLENCE,N
39465,N_2,N9INCITEMENT,N
39465,N_2,N10SELFDETERMINATION,N
39465,N_2,N11JEWISHRIGHTSDEFINE,N
39465,N_2,N11SELFDETERMINATION,N
39465,N_2,N11JEWISHRIGHTS,N
39465,N_2,N12DOUBLESTANDARD,N
48642,N_2,N2CONSPIRACY,N
48642,N_2,N2CONTROLMEDIA,N
48642,N_2,N2CONTROLECONOMY,N
48642,N_2,N2CONTROLGOV,N
48642,N_2,N2CONTROLOTHER,N
48642,N_2,N3COLLECTIVEBLAME,N
48642,N_2,N4HIDDENCONSPIRACY,N
48642,N_2,N4ISRAELHAND,N
48642,N_2,N5LOYALTY,N
48642,N_2,N6IDENTITYDENY,N
48642,N_2,N7COLLECTIVEGUILT,N
48642,N_2,N8VIOLENCE,N
48642,N_2,N9INCITEMENT,N
48642,N_2,N10SELFDETERMINATION,N
48642,N_2,N11JEWISHRIGHTSDEFINE,N
48642,N_2,N11SELFDETERMINATION,N
48642,N_2,N11JEWISHRIGHTS,N
48642,N_2,N12DOUBLESTANDARD,N
8221,N_2,N2CONSPIRACY,N
8221,N_2,N2CONTROLMEDIA,N
8221,N_2,N2CONTROLECONOMY,N
8221,N_2,N2CONTROLGOV,N
8221,N_2,N2CONTROLOTHER,N
8221,N_2,N3COLLECTIVEBLAME,N
8221,N_2,N4HIDDENCONSPIRACY,N
8221,N_2,N4ISRAELHAND,N
8221,N_2,N5LOYALTY,N
8221,N_2,N6IDENTITYDENY,N
8221,N_2,N7COLLECTIVEGUILT,N
8221,N_2,N8VIOLENCE,N
8221,N_2,N9INCITEMENT,N
8221,N_2,N10SELFDETERMINATION,N
8221,N_2,N11JEWISHRIGHTSDEFINE,N
8221,N_2,N11SELFDETERMINATION,N
8221,N_2,N11JEWISHRIGHTS,N
8221,N_2,N12DOUBLESTANDARD,N
28722,N_2,N2CONSPIRACY,N
28722,N_2,N2CONTROLMEDIA,N
28722,N_2,N2CONTROLECONOMY,N
28722,N_2,N2CONTROLGOV,N
28722,N_2,N2CONTROLOTHER,N
28722,N_2,N3COLLECTIVEBLAME,N
28722,N_2,N4HIDDENCONSPIRACY,N
28722,N_2,N4ISRAELHAND,N
28722,N_2,N5LOYALTY,N
28722,N_2,N6IDENTITYDENY,N
28722,N_2,N7COLLECTIVEGUILT,N
28722,N_2,N8VIOLENCE,N
28722,N_2,N9INCITEMENT,N
28722,N_2,N10SELFDETERMINATION,N
28722,N_2,N11JEWISHRIGHTSDEFINE,N
28722,N_2,N11SELFDETERMINATION,N
28722,N_2,N11JEWISHRIGHTS,N
28722,N_2,N12DOUBLESTANDARD,N
40998,N_2,N2CONSPIRACY,N
40998,N_2,N2CONTROLMEDIA,N
40998,N_2,N2CONTROLECONOMY,N
40998,N_2,N2CONTROLGOV,N
40998,N_2,N2CONTROLOTHER,N
40998,N_2,N3COLLECTIVEBLAME,N
40998,N_2,N4HIDDENCONSPIRACY,N
40998,N_2,N4ISRAELHAND,N
40998,N_2,N5LOYALTY,N
40998,N_2,N6IDENTITYDENY,N
40998,N_2,N7COLLECTIVEGUILT,N
40998,N_2,N8VIOLENCE,N
40998,N_2,N9INCITEMENT,N
40998,N_2,N10SELFDETERMINATION,N
40998,N_2,N11JEWISHRIGHTSDEFINE,N
40998,N_2,N11SELFDETERMINATION,N
40998,N_2,N11JEWISHRIGHTS,N
40998,N_2,N12DOUBLESTANDARD,N
48616,N_2,N2CONSPIRACY,N
48616,N_2,N2CONTROLMEDIA,N
48616,N_2,N2CONTROLECONOMY,N
48616,N_2,N2CONTROLGOV,N
48616,N_2,N2CONTROLOTHER,I
48616,N_2,N3COLLECTIVEBLAME,I
48616,N_2,N4HIDDENCONSPIRACY,N
48616,N_2,N4ISRAELHAND,N
48616,N_2,N5LOYALTY,N
48616,N_2,N6IDENTITYDENY,N
48616,N_2,N7COLLECTIVEGUILT,N
48616,N_2,N8VIOLENCE,N
48616,N_2,N9INCITEMENT,N
48616,N_2,N10SELFDETERMINATION,N
48616,N_2,N11JEWISHRIGHTSDEFINE,N
48616,N_2,N11SELFDETERMINATION,N
48616,N_2,N11JEWISHRIGHTS,N
48616,N_2,N12DOUBLESTANDARD,N
20013,N_2,N2CONSPIRACY,N
20013,N_2,N2CONTROLMEDIA,N
20013,N_2,N2CONTROLECONOMY,N
20013,N_2,N2CONTROLGOV,N
20013,N_2,N2CONTROLOTHER,N
20013,N_2,N3COLLECTIVEBLAME,N
20013,N_2,N4HIDDENCONSPIRACY,N
20013,N_2,N4ISRAELHAND,N
20013,N_2,N5LOYALTY,N
20013,N_2,N6IDENTITYDENY,N
20013,N_2,N7COLLECTIVEGUILT,N
20013,N_2,N8VIOLENCE,N
20013,N_2,N9INCITEMENT,N
20013,N_2,N10SELFDETERMINATION,N
20013,N_2,N11JEWISHRIGHTSDEFINE,N
20013,N_2,N11SELFDETERMINATION,N
20013,N_2,N11JEWISHRIGHTS,N
20013,N_2,N12DOUBLESTANDARD,N
19368,N_2,N2CONSPIRACY,N
19368,N_2,N2CONTROLMEDIA,N
19368,N_2,N2CONTROLECONOMY,N
19368,N_2,N2CONTROLGOV,N
19368,N_2,N2CONTROLOTHER,N
19368,N_2,N3COLLECTIVEBLAME,N
19368,N_2,N4HIDDENCONSPIRACY,N
19368,N_2,N4ISRAELHAND,N
19368,N_2,N5LOYALTY,N
19368,N_2,N6IDENTITYDENY,N
19368,N_2,N7COLLECTIVEGUILT,N
19368,N_2,N8VIOLENCE,N
19368,N_2,N9INCITEMENT,N
19368,N_2,N10SELFDETERMINATION,N
19368,N_2,N11JEWISHRIGHTSDEFINE,N
19368,N_2,N11SELFDETERMINATION,N
19368,N_2,N11JEWISHRIGHTS,N
19368,N_2,N12DOUBLESTANDARD,N
6827,N_2,N2CONSPIRACY,N
6827,N_2,N2CONTROLMEDIA,N
6827,N_2,N2CONTROLECONOMY,N
6827,N_2,N2CONTROLGOV,N
6827,N_2,N2CONTROLOTHER,N
6827,N_2,N3COLLECTIVEBLAME,N
6827,N_2,N4HIDDENCONSPIRACY,N
6827,N_2,N4ISRAELHAND,N
6827,N_2,N5LOYALTY,N
6827,N_2,N6IDENTITYDENY,N
6827,N_2,N7COLLECTIVEGUILT,N
6827,N_2,N8VIOLENCE,N
6827,N_2,N9INCITEMENT,N
6827,N_2,N10SELFDETERMINATION,N
6827,N_2,N11JEWISHRIGHTSDEFINE,N
6827,N_2,N11SELFDETERMINATION,N
6827,N_2,N11JEWISHRIGHTS,N
6827,N_2,N12DOUBLESTANDARD,N
26439,N_2,N2CONSPIRACY,N
26439,N_2,N2CONTROLMEDIA,N
26439,N_2,N2CONTROLECONOMY,N
26439,N_2,N2CONTROLGOV,N
26439,N_2,N2CONTROLOTHER,N
26439,N_2,N3COLLECTIVEBLAME,N
26439,N_2,N4HIDDENCONSPIRACY,N
26439,N_2,N4ISRAELHAND,N
26439,N_2,N5LOYALTY,N
26439,N_2,N6IDENTITYDENY,N
26439,N_2,N7COLLECTIVEGUILT,N
26439,N_2,N8VIOLENCE,N
26439,N_2,N9INCITEMENT,N
26439,N_2,N10SELFDETERMINATION,N
26439,N_2,N11JEWISHRIGHTSDEFINE,N
26439,N_2,N11SELFDETERMINATION,N
26439,N_2,N11JEWISHRIGHTS,N
26439,N_2,N12DOUBLESTANDARD,N
7293,N_2,N2CONSPIRACY,N
7293,N_2,N2CONTROLMEDIA,N
7293,N_2,N2CONTROLECONOMY,N
7293,N_2,N2CONTROLGOV,N
7293,N_2,N2CONTROLOTHER,N
7293,N_2,N3COLLECTIVEBLAME,N
7293,N_2,N4HIDDENCONSPIRACY,N
7293,N_2,N4ISRAELHAND,N
7293,N_2,N5LOYALTY,N
7293,N_2,N6IDENTITYDENY,N
7293,N_2,N7COLLECTIVEGUILT,N
7293,N_2,N8VIOLENCE,N
7293,N_2,N9INCITEMENT,N
7293,N_2,N10SELFDETERMINATION,N
7293,N_2,N11JEWISHRIGHTSDEFINE,N
7293,N_2,N11SELFDETERMINATION,N
7293,N_2,N11JEWISHRIGHTS,N
7293,N_2,N12DOUBLESTANDARD,N
11727,N_2,N2CONSPIRACY,N
11727,N_2,N2CONTROLMEDIA,N
11727,N_2,N2CONTROLECONOMY,N
11727,N_2,N2CONTROLGOV,N
11727,N_2,N2CONTROLOTHER,N
11727,N_2,N3COLLECTIVEBLAME,N
11727,N_2,N4HIDDENCONSPIRACY,N
11727,N_2,N4ISRAELHAND,N
11727,N_2,N5LOYALTY,N
11727,N_2,N6IDENTITYDENY,N
11727,N_2,N7COLLECTIVEGUILT,N
11727,N_2,N8VIOLENCE,N
11727,N_2,N9INCITEMENT,N
11727,N_2,N10SELFDETERMINATION,N
11727,N_2,N11JEWISHRIGHTSDEFINE,N
11727,N_2,N11SELFDETERMINATION,N
11727,N_2,N11JEWISHRIGHTS,N
11727,N_2,N12DOUBLESTANDARD,N
36587,N_2,N2CONSPIRACY,N
36587,N_2,N2CONTROLMEDIA,N
36587,N_2,N2CONTROLECONOMY,N
36587,N_2,N2CONTROLGOV,N
36587,N_2,N2CONTROLOTHER,N
36587,N_2,N3COLLECTIVEBLAME,N
36587,N_2,N4HIDDENCONSPIRACY,N
36587,N_2,N4ISRAELHAND,N
36587,N_2,N5LOYALTY,N
36587,N_2,N6IDENTITYDENY,N
36587,N_2,N7COLLECTIVEGUILT,N
36587,N_2,N8VIOLENCE,N
36587,N_2,N9INCITEMENT,N
36587,N_2,N10SELFDETERMINATION,N
36587,N_2,N11JEWISHRIGHTSDEFINE,N
36587,N_2,N11SELFDETERMINATION,N
36587,N_2,N11JEWISHRIGHTS,N
36587,N_2,N12DOUBLESTANDARD,N
17541,N_2,N2CONSPIRACY,N
17541,N_2,N2CONTROLMEDIA,N
17541,N_2,N2CONTROLECONOMY,N
17541,N_2,N2CONTROLGOV,N
17541,N_2,N2CONTROLOTHER,N
17541,N_2,N3COLLECTIVEBLAME,N
17541,N_2,N4HIDDENCONSPIRACY,N
17541,N_2,N4ISRAELHAND,N
17541,N_2,N5LOYALTY,N
17541,N_2,N6IDENTITYDENY,N
17541,N_2,N7COLLECTIVEGUILT,N
17541,N_2,N8VIOLENCE,N
17541,N_2,N9INCITEMENT,N
17541,N_2,N10SELFDETERMINATION,N
17541,N_2,N11JEWISHRIGHTSDEFINE,N
17541,N_2,N11SELFDETERMINATION,N
17541,N_2,N11JEWISHRIGHTS,N
17541,N_2,N12DOUBLESTANDARD,N
47254,N_2,N2CONSPIRACY,N
47254,N_2,N2CONTROLMEDIA,N
47254,N_2,N2CONTROLECONOMY,N
47254,N_2,N2CONTROLGOV,N
47254,N_2,N2CONTROLOTHER,N
47254,N_2,N3COLLECTIVEBLAME,N
47254,N_2,N4HIDDENCONSPIRACY,N
47254,N_2,N4ISRAELHAND,N
47254,N_2,N5LOYALTY,N
47254,N_2,N6IDENTITYDENY,N
47254,N_2,N7COLLECTIVEGUILT,N
47254,N_2,N8VIOLENCE,N
47254,N_2,N9INCITEMENT,N
47254,N_2,N10SELFDETERMINATION,N
47254,N_2,N11JEWISHRIGHTSDEFINE,N
47254,N_2,N11SELFDETERMINATION,N
47254,N_2,N11JEWISHRIGHTS,N
47254,N_2,N12DOUBLESTANDARD,N
3522,N_2,N2CONSPIRACY,N
3522,N_2,N2CONTROLMEDIA,N
3522,N_2,N2CONTROLECONOMY,N
3522,N_2,N2CONTROLGOV,N
3522,N_2,N2CONTROLOTHER,N
3522,N_2,N3COLLECTIVEBLAME,N
3522,N_2,N4HIDDENCONSPIRACY,N
3522,N_2,N4ISRAELHAND,N
3522,N_2,N5LOYALTY,N
3522,N_2,N6IDENTITYDENY,N
3522,N_2,N7COLLECTIVEGUILT,N
3522,N_2,N8VIOLENCE,N
3522,N_2,N9INCITEMENT,N
3522,N_2,N10SELFDETERMINATION,N
3522,N_2,N11JEWISHRIGHTSDEFINE,N
3522,N_2,N11SELFDETERMINATION,N
3522,N_2,N11JEWISHRIGHTS,N
3522,N_2,N12DOUBLESTANDARD,A
2015,N_2,N2CONSPIRACY,N
2015,N_2,N2CONTROLMEDIA,N
2015,N_2,N2CONTROLECONOMY,N
2015,N_2,N2CONTROLGOV,N
2015,N_2,N2CONTROLOTHER,N
2015,N_2,N3COLLECTIVEBLAME,N
2015,N_2,N4HIDDENCONSPIRACY,N
2015,N_2,N4ISRAELHAND,N
2015,N_2,N5LOYALTY,N
2015,N_2,N6IDENTITYDENY,N
2015,N_2,N7COLLECTIVEGUILT,N
2015,N_2,N8VIOLENCE,N
2015,N_2,N9INCITEMENT,N
2015,N_2,N10SELFDETERMINATION,N
2015,N_2,N11JEWISHRIGHTSDEFINE,N
2015,N_2,N11SELFDETERMINATION,N
2015,N_2,N11JEWISHRIGHTS,N
2015,N_2,N12DOUBLESTANDARD,N
22247,N_2,N2CONSPIRACY,N
22247,N_2,N2CONTROLMEDIA,N
22247,N_2,N2CONTROLECONOMY,N
22247,N_2,N2CONTROLGOV,N
22247,N_2,N2CONTROLOTHER,N
22247,N_2,N3COLLECTIVEBLAME,N
22247,N_2,N4HIDDENCONSPIRACY,N
22247,N_2,N4ISRAELHAND,N
22247,N_2,N5LOYALTY,N
22247,N_2,N6IDENTITYDENY,N
22247,N_2,N7COLLECTIVEGUILT,N
22247,N_2,N8VIOLENCE,N
22247,N_2,N9INCITEMENT,N
22247,N_2,N10SELFDETERMINATION,N
22247,N_2,N11JEWISHRIGHTSDEFINE,N
22247,N_2,N11SELFDETERMINATION,N
22247,N_2,N11JEWISHRIGHTS,N
22247,N_2,N12DOUBLESTANDARD,N
30122,N_2,N2CONSPIRACY,N
30122,N_2,N2CONTROLMEDIA,N
30122,N_2,N2CONTROLECONOMY,N
30122,N_2,N2CONTROLGOV,N
30122,N_2,N2CONTROLOTHER,N
30122,N_2,N3COLLECTIVEBLAME,N
30122,N_2,N4HIDDENCONSPIRACY,N
30122,N_2,N4ISRAELHAND,N
30122,N_2,N5LOYALTY,N
30122,N_2,N6IDENTITYDENY,N
30122,N_2,N7COLLECTIVEGUILT,N
30122,N_2,N8VIOLENCE,N
30122,N_2,N9INCITEMENT,N
30122,N_2,N10SELFDETERMINATION,N
30122,N_2,N11JEWISHRIGHTSDEFINE,N
30122,N_2,N11SELFDETERMINATION,N
30122,N_2,N11JEWISHRIGHTS,N
30122,N_2,N12DOUBLESTANDARD,N
13917,N_2,N2CONSPIRACY,N
13917,N_2,N2CONTROLMEDIA,N
13917,N_2,N2CONTROLECONOMY,N
13917,N_2,N2CONTROLGOV,N
13917,N_2,N2CONTROLOTHER,N
13917,N_2,N3COLLECTIVEBLAME,N
13917,N_2,N4HIDDENCONSPIRACY,N
13917,N_2,N4ISRAELHAND,N
13917,N_2,N5LOYALTY,N
13917,N_2,N6IDENTITYDENY,N
13917,N_2,N7COLLECTIVEGUILT,N
13917,N_2,N8VIOLENCE,N
13917,N_2,N9INCITEMENT,N
13917,N_2,N10SELFDETERMINATION,N
13917,N_2,N11JEWISHRIGHTSDEFINE,N
13917,N_2,N11SELFDETERMINATION,N
13917,N_2,N11JEWISHRIGHTS,N
13917,N_2,N12DOUBLESTANDARD,N
6752,N_2,N2CONSPIRACY,N
6752,N_2,N2CONTROLMEDIA,N
6752,N_2,N2CONTROLECONOMY,N
6752,N_2,N2CONTROLGOV,N
6752,N_2,N2CONTROLOTHER,N
6752,N_2,N3COLLECTIVEBLAME,N
6752,N_2,N4HIDDENCONSPIRACY,N
6752,N_2,N4ISRAELHAND,N
6752,N_2,N5LOYALTY,N
6752,N_2,N6IDENTITYDENY,N
6752,N_2,N7COLLECTIVEGUILT,N
6752,N_2,N8VIOLENCE,N
6752,N_2,N9INCITEMENT,N
6752,N_2,N10SELFDETERMINATION,N
6752,N_2,N11JEWISHRIGHTSDEFINE,N
6752,N_2,N11SELFDETERMINATION,N
6752,N_2,N11JEWISHRIGHTS,N
6752,N_2,N12DOUBLESTANDARD,N
22424,N_2,N2CONSPIRACY,N
22424,N_2,N2CONTROLMEDIA,N
22424,N_2,N2CONTROLECONOMY,N
22424,N_2,N2CONTROLGOV,N
22424,N_2,N2CONTROLOTHER,N
22424,N_2,N3COLLECTIVEBLAME,N
22424,N_2,N4HIDDENCONSPIRACY,N
22424,N_2,N4ISRAELHAND,N
22424,N_2,N5LOYALTY,I
22424,N_2,N6IDENTITYDENY,I
22424,N_2,N7COLLECTIVEGUILT,N
22424,N_2,N8VIOLENCE,N
22424,N_2,N9INCITEMENT,N
22424,N_2,N10SELFDETERMINATION,N
22424,N_2,N11JEWISHRIGHTSDEFINE,N
22424,N_2,N11SELFDETERMINATION,N
22424,N_2,N11JEWISHRIGHTS,N
22424,N_2,N12DOUBLESTANDARD,N
20047,N_2,N2CONSPIRACY,N
20047,N_2,N2CONTROLMEDIA,N
20047,N_2,N2CONTROLECONOMY,N
20047,N_2,N2CONTROLGOV,N
20047,N_2,N2CONTROLOTHER,N
20047,N_2,N3COLLECTIVEBLAME,N
20047,N_2,N4HIDDENCONSPIRACY,N
20047,N_2,N4ISRAELHAND,N
20047,N_2,N5LOYALTY,N
20047,N_2,N6IDENTITYDENY,N
20047,N_2,N7COLLECTIVEGUILT,N
20047,N_2,N8VIOLENCE,N
20047,N_2,N9INCITEMENT,E
20047,N_2,N10SELFDETERMINATION,N
20047,N_2,N11JEWISHRIGHTSDEFINE,N
20047,N_2,N11SELFDETERMINATION,N
20047,N_2,N11JEWISHRIGHTS,N
20047,N_2,N12DOUBLESTANDARD,N
37352,N_2,N2CONSPIRACY,N
37352,N_2,N2CONTROLMEDIA,N
37352,N_2,N2CONTROLECONOMY,N
37352,N_2,N2CONTROLGOV,N
37352,N_2,N2CONTROLOTHER,N
37352,N_2,N3COLLECTIVEBLAME,N
37352,N_2,N4HIDDENCONSPIRACY,N
37352,N_2,N4ISRAELHAND,N
37352,N_2,N5LOYALTY,N
37352,N_2,N6IDENTITYDENY,N
37352,N_2,N7COLLECTIVEGUILT,N
37352,N_2,N8VIOLENCE,N
37352,N_2,N9INCITEMENT,N
37352,N_2,N10SELFDETERMINATION,I
37352,N_2,N11JEWISHRIGHTSDEFINE,I
37352,N_2,N11SELFDETERMINATION,I
37352,N_2,N11JEWISHRIGHTS,N
37352,N_2,N12DOUBLESTANDARD,N
10575,N_2,N2CONSPIRACY,N
10575,N_2,N2CONTROLMEDIA,N
10575,N_2,N2CONTROLECONOMY,N
10575,N_2,N2CONTROLGOV,N
10575,N_2,N2CONTROLOTHER,N
10575,N_2,N3COLLECTIVEBLAME,N
10575,N_2,N4HIDDENCONSPIRACY,N
10575,N_2,N4ISRAELHAND,N
10575,N_2,N5LOYALTY,N
10575,N_2,N6IDENTITYDENY,N
10575,N_2,N7COLLECTIVEGUILT,N
10575,N_2,N8VIOLENCE,N
10575,N_2,N9INCITEMENT,N
10575,N_2,N10SELFDETERMINATION,N
10575,N_2,N11JEWISHRIGHTSDEFINE,N
10575,N_2,N11SELFDETERMINATION,N
10575,N_2,N11JEWISHRIGHTS,N
10575,N_2,N12DOUBLESTANDARD,N
3232,N_2,N2CONSPIRACY,N
3232,N_2,N2CONTROLMEDIA,N
3232,N_2,N2CONTROLECONOMY,N
3232,N_2,N2CONTROLGOV,N
3232,N_2,N2CONTROLOTHER,N
3232,N_2,N3COLLECTIVEBLAME,N
3232,N_2,N4HIDDENCONSPIRACY,N
3232,N_2,N4ISRAELHAND,N
3232,N_2,N5LOYALTY,N
3232,N_2,N6IDENTITYDENY,N
3232,N_2,N7COLLECTIVEGUILT,N
3232,N_2,N8VIOLENCE,N
3232,N_2,N9INCITEMENT,N
3232,N_2,N10SELFDETERMINATION,N
3232,N_2,N11JEWISHRIGHTSDEFINE,N
3232,N_2,N11SELFDETERMINATION,N
3232,N_2,N11JEWISHRIGHTS,N
3232,N_2,N12DOUBLESTANDARD,N
33124,N_2,N2CONSPIRACY,N
33124,N_2,N2CONTROLMEDIA,N
33124,N_2,N2CONTROLECONOMY,N
33124,N_2,N2CONTROLGOV,N
33124,N_2,N2CONTROLOTHER,N
33124,N_2,N3COLLECTIVEBLAME,N
33124,N_2,N4HIDDENCONSPIRACY,N
33124,N_2,N4ISRAELHAND,N
33124,N_2,N5LOYALTY,N
33124,N_2,N6IDENTITYDENY,N
33124,N_2,N7COLLECTIVEGUILT,N
33124,N_2,N8VIOLENCE,N
33124,N_2,N9INCITEMENT,N
33124,N_2,N10SELFDETERMINATION,N
33124,N_2,N11JEWISHRIGHTSDEFINE,N
33124,N_2,N11SELFDETERMINATION,N
33124,N_2,N11JEWISHRIGHTS,N
33124,N_2,N12DOUBLESTANDARD,N
46256,N_2,N2CONSPIRACY,E
46256,N_2,N2CONTROLMEDIA,N
46256,N_2,N2CONTROLECONOMY,N
46256,N_2,N2CONTROLGOV,N
46256,N_2,N2CONTROLOTHER,E
46256,N_2,N3COLLECTIVEBLAME,E
46256,N_2,N4HIDDENCONSPIRACY,E
46256,N_2,N4ISRAELHAND,N
46256,N_2,N5LOYALTY,N
46256,N_2,N6IDENTITYDENY,N
46256,N_2,N7COLLECTIVEGUILT,E
46256,N_2,N8VIOLENCE,N
46256,N_2,N9INCITEMENT,E
46256,N_2,N10SELFDETERMINATION,N
46256,N_2,N11JEWISHRIGHTSDEFINE,N
46256,N_2,N11SELFDETERMINATION,N
46256,N_2,N11JEWISHRIGHTS,N
46256,N_2,N12DOUBLESTANDARD,N
32821,N_2,N2CONSPIRACY,N
32821,N_2,N2CONTROLMEDIA,N
32821,N_2,N2CONTROLECONOMY,N
32821,N_2,N2CONTROLGOV,N
32821,N_2,N2CONTROLOTHER,N
32821,N_2,N3COLLECTIVEBLAME,N
32821,N_2,N4HIDDENCONSPIRACY,N
32821,N_2,N4ISRAELHAND,N
32821,N_2,N5LOYALTY,N
32821,N_2,N6IDENTITYDENY,N
32821,N_2,N7COLLECTIVEGUILT,N
32821,N_2,N8VIOLENCE,N
32821,N_2,N9INCITEMENT,N
32821,N_2,N10SELFDETERMINATION,N
32821,N_2,N11JEWISHRIGHTSDEFINE,N
32821,N_2,N11SELFDETERMINATION,N
32821,N_2,N11JEWISHRIGHTS,N
32821,N_2,N12DOUBLESTANDARD,N
49590,N_2,N2CONSPIRACY,A
49590,N_2,N2CONTROLMEDIA,N
49590,N_2,N2CONTROLECONOMY,N
49590,N_2,N2CONTROLGOV,I
49590,N_2,N2CONTROLOTHER,N
49590,N_2,N3COLLECTIVEBLAME,N
49590,N_2,N4HIDDENCONSPIRACY,N
49590,N_2,N4ISRAELHAND,N
49590,N_2,N5LOYALTY,I
49590,N_2,N6IDENTITYDENY,N
49590,N_2,N7COLLECTIVEGUILT,N
49590,N_2,N8VIOLENCE,N
49590,N_2,N9INCITEMENT,N
49590,N_2,N10SELFDETERMINATION,N
49590,N_2,N11JEWISHRIGHTSDEFINE,N
49590,N_2,N11SELFDETERMINATION,N
49590,N_2,N11JEWISHRIGHTS,N
49590,N_2,N12DOUBLESTANDARD,N
29327,N_2,N2CONSPIRACY,N
29327,N_2,N2CONTROLMEDIA,N
29327,N_2,N2CONTROLECONOMY,N
29327,N_2,N2CONTROLGOV,N
29327,N_2,N2CONTROLOTHER,N
29327,N_2,N3COLLECTIVEBLAME,N
29327,N_2,N4HIDDENCONSPIRACY,N
29327,N_2,N4ISRAELHAND,N
29327,N_2,N5LOYALTY,N
29327,N_2,N6IDENTITYDENY,N
29327,N_2,N7COLLECTIVEGUILT,N
29327,N_2,N8VIOLENCE,N
29327,N_2,N9INCITEMENT,N
29327,N_2,N10SELFDETERMINATION,N
29327,N_2,N11JEWISHRIGHTSDEFINE,N
29327,N_2,N11SELFDETERMINATION,N
29327,N_2,N11JEWISHRIGHTS,N
29327,N_2,N12DOUBLESTANDARD,N
14836,N_2,N2CONSPIRACY,I
14836,N_2,N2CONTROLMEDIA,I
14836,N_2,N2CONTROLECONOMY,I
14836,N_2,N2CONTROLGOV,I
14836,N_2,N2CONTROLOTHER,I
14836,N_2,N3COLLECTIVEBLAME,N
14836,N_2,N4HIDDENCONSPIRACY,I
14836,N_2,N4ISRAELHAND,N
14836,N_2,N5LOYALTY,N
14836,N_2,N6IDENTITYDENY,N
14836,N_2,N7COLLECTIVEGUILT,N
14836,N_2,N8VIOLENCE,N
14836,N_2,N9INCITEMENT,N
14836,N_2,N10SELFDETERMINATION,N
14836,N_2,N11JEWISHRIGHTSDEFINE,N
14836,N_2,N11SELFDETERMINATION,N
14836,N_2,N11JEWISHRIGHTS,N
14836,N_2,N12DOUBLESTANDARD,N
15986,N_2,N2CONSPIRACY,N
15986,N_2,N2CONTROLMEDIA,N
15986,N_2,N2CONTROLECONOMY,N
15986,N_2,N2CONTROLGOV,N
15986,N_2,N2CONTROLOTHER,N
15986,N_2,N3COLLECTIVEBLAME,N
15986,N_2,N4HIDDENCONSPIRACY,N
15986,N_2,N4ISRAELHAND,N
15986,N_2,N5LOYALTY,N
15986,N_2,N6IDENTITYDENY,N
15986,N_2,N7COLLECTIVEGUILT,N
15986,N_2,N8VIOLENCE,N
15986,N_2,N9INCITEMENT,N
15986,N_2,N10SELFDETERMINATION,N
15986,N_2,N11JEWISHRIGHTSDEFINE,N
15986,N_2,N11SELFDETERMINATION,N
15986,N_2,N11JEWISHRIGHTS,N
15986,N_2,N12DOUBLESTANDARD,N
20017,N_2,N2CONSPIRACY,N
20017,N_2,N2CONTROLMEDIA,N
20017,N_2,N2CONTROLECONOMY,N
20017,N_2,N2CONTROLGOV,N
20017,N_2,N2CONTROLOTHER,N
20017,N_2,N3COLLECTIVEBLAME,N
20017,N_2,N4HIDDENCONSPIRACY,N
20017,N_2,N4ISRAELHAND,N
20017,N_2,N5LOYALTY,N
20017,N_2,N6IDENTITYDENY,N
20017,N_2,N7COLLECTIVEGUILT,N
20017,N_2,N8VIOLENCE,N
20017,N_2,N9INCITEMENT,N
20017,N_2,N10SELFDETERMINATION,N
20017,N_2,N11JEWISHRIGHTSDEFINE,N
20017,N_2,N11SELFDETERMINATION,N
20017,N_2,N11JEWISHRIGHTS,N
20017,N_2,N12DOUBLESTANDARD,N
44117,N_2,N2CONSPIRACY,N
44117,N_2,N2CONTROLMEDIA,N
44117,N_2,N2CONTROLECONOMY,N
44117,N_2,N2CONTROLGOV,N
44117,N_2,N2CONTROLOTHER,N
44117,N_2,N3COLLECTIVEBLAME,N
44117,N_2,N4HIDDENCONSPIRACY,N
44117,N_2,N4ISRAELHAND,N
44117,N_2,N5LOYALTY,N
44117,N_2,N6IDENTITYDENY,N
44117,N_2,N7COLLECTIVEGUILT,N
44117,N_2,N8VIOLENCE,N
44117,N_2,N9INCITEMENT,N
44117,N_2,N10SELFDETERMINATION,N
44117,N_2,N11JEWISHRIGHTSDEFINE,N
44117,N_2,N11SELFDETERMINATION,N
44117,N_2,N11JEWISHRIGHTS,N
44117,N_2,N12DOUBLESTANDARD,N
2065,N_2,N2CONSPIRACY,N
2065,N_2,N2CONTROLMEDIA,N
2065,N_2,N2CONTROLECONOMY,N
2065,N_2,N2CONTROLGOV,N
2065,N_2,N2CONTROLOTHER,N
2065,N_2,N3COLLECTIVEBLAME,N
2065,N_2,N4HIDDENCONSPIRACY,N
2065,N_2,N4ISRAELHAND,N
2065,N_2,N5LOYALTY,N
2065,N_2,N6IDENTITYDENY,N
2065,N_2,N7COLLECTIVEGUILT,N
2065,N_2,N8VIOLENCE,N
2065,N_2,N9INCITEMENT,N
2065,N_2,N10SELFDETERMINATION,N
2065,N_2,N11JEWISHRIGHTSDEFINE,N
2065,N_2,N11SELFDETERMINATION,N
2065,N_2,N11JEWISHRIGHTS,N
2065,N_2,N12DOUBLESTANDARD,N
34221,N_2,N2CONSPIRACY,N
34221,N_2,N2CONTROLMEDIA,N
34221,N_2,N2CONTROLECONOMY,N
34221,N_2,N2CONTROLGOV,N
34221,N_2,N2CONTROLOTHER,N
34221,N_2,N3COLLECTIVEBLAME,N
34221,N_2,N4HIDDENCONSPIRACY,N
34221,N_2,N4ISRAELHAND,N
34221,N_2,N5LOYALTY,N
34221,N_2,N6IDENTITYDENY,N
34221,N_2,N7COLLECTIVEGUILT,N
34221,N_2,N8VIOLENCE,N
34221,N_2,N9INCITEMENT,N
34221,N_2,N10SELFDETERMINATION,N
34221,N_2,N11JEWISHRIGHTSDEFINE,N
34221,N_2,N11SELFDETERMINATION,N
34221,N_2,N11JEWISHRIGHTS,N
34221,N_2,N12DOUBLESTANDARD,N
41883,N_2,N2CONSPIRACY,N
41883,N_2,N2CONTROLMEDIA,N
41883,N_2,N2CONTROLECONOMY,N
41883,N_2,N2CONTROLGOV,N
41883,N_2,N2CONTROLOTHER,N
41883,N_2,N3COLLECTIVEBLAME,N
41883,N_2,N4HIDDENCONSPIRACY,N
41883,N_2,N4ISRAELHAND,N
41883,N_2,N5LOYALTY,N
41883,N_2,N6IDENTITYDENY,N
41883,N_2,N7COLLECTIVEGUILT,N
41883,N_2,N8VIOLENCE,N
41883,N_2,N9INCITEMENT,N
41883,N_2,N10SELFDETERMINATION,N
41883,N_2,N11JEWISHRIGHTSDEFINE,N
41883,N_2,N11SELFDETERMINATION,N
41883,N_2,N11JEWISHRIGHTS,N
41883,N_2,N12DOUBLESTANDARD,N
43925,N_2,N2CONSPIRACY,N
43925,N_2,N2CONTROLMEDIA,N
43925,N_2,N2CONTROLECONOMY,N
43925,N_2,N2CONTROLGOV,N
43925,N_2,N2CONTROLOTHER,N
43925,N_2,N3COLLECTIVEBLAME,N
43925,N_2,N4HIDDENCONSPIRACY,N
43925,N_2,N4ISRAELHAND,N
43925,N_2,N5LOYALTY,N
43925,N_2,N6IDENTITYDENY,N
43925,N_2,N7COLLECTIVEGUILT,N
43925,N_2,N8VIOLENCE,N
43925,N_2,N9INCITEMENT,N
43925,N_2,N10SELFDETERMINATION,N
43925,N_2,N11JEWISHRIGHTSDEFINE,N
43925,N_2,N11SELFDETERMINATION,N
43925,N_2,N11JEWISHRIGHTS,N
43925,N_2,N12DOUBLESTANDARD,N
1987,N_2,N2CONSPIRACY,N
1987,N_2,N2CONTROLMEDIA,N
1987,N_2,N2CONTROLECONOMY,N
1987,N_2,N2CONTROLGOV,N
1987,N_2,N2CONTROLOTHER,N
1987,N_2,N3COLLECTIVEBLAME,N
1987,N_2,N4HIDDENCONSPIRACY,N
1987,N_2,N4ISRAELHAND,N
1987,N_2,N5LOYALTY,N
1987,N_2,N6IDENTITYDENY,N
1987,N_2,N7COLLECTIVEGUILT,N
1987,N_2,N8VIOLENCE,N
1987,N_2,N9INCITEMENT,N
1987,N_2,N10SELFDETERMINATION,N
1987,N_2,N11JEWISHRIGHTSDEFINE,N
1987,N_2,N11SELFDETERMINATION,N
1987,N_2,N11JEWISHRIGHTS,N
1987,N_2,N12DOUBLESTANDARD,N
15992,N_2,N2CONSPIRACY,N
15992,N_2,N2CONTROLMEDIA,N
15992,N_2,N2CONTROLECONOMY,N
15992,N_2,N2CONTROLGOV,N
15992,N_2,N2CONTROLOTHER,N
15992,N_2,N3COLLECTIVEBLAME,N
15992,N_2,N4HIDDENCONSPIRACY,N
15992,N_2,N4ISRAELHAND,N
15992,N_2,N5LOYALTY,N
15992,N_2,N6IDENTITYDENY,N
15992,N_2,N7COLLECTIVEGUILT,N
15992,N_2,N8VIOLENCE,N
15992,N_2,N9INCITEMENT,N
15992,N_2,N10SELFDETERMINATION,N
15992,N_2,N11JEWISHRIGHTSDEFINE,N
15992,N_2,N11SELFDETERMINATION,N
15992,N_2,N11JEWISHRIGHTS,N
15992,N_2,N12DOUBLESTANDARD,N
19662,N_2,N2CONSPIRACY,N
19662,N_2,N2CONTROLMEDIA,N
19662,N_2,N2CONTROLECONOMY,N
19662,N_2,N2CONTROLGOV,N
19662,N_2,N2CONTROLOTHER,N
19662,N_2,N3COLLECTIVEBLAME,N
19662,N_2,N4HIDDENCONSPIRACY,N
19662,N_2,N4ISRAELHAND,N
19662,N_2,N5LOYALTY,N
19662,N_2,N6IDENTITYDENY,N
19662,N_2,N7COLLECTIVEGUILT,N
19662,N_2,N8VIOLENCE,N
19662,N_2,N9INCITEMENT,N
19662,N_2,N10SELFDETERMINATION,N
19662,N_2,N11JEWISHRIGHTSDEFINE,N
19662,N_2,N11SELFDETERMINATION,N
19662,N_2,N11JEWISHRIGHTS,N
19662,N_2,N12DOUBLESTANDARD,N
45945,N_2,N2CONSPIRACY,N
45945,N_2,N2CONTROLMEDIA,N
45945,N_2,N2CONTROLECONOMY,N
45945,N_2,N2CONTROLGOV,N
45945,N_2,N2CONTROLOTHER,N
45945,N_2,N3COLLECTIVEBLAME,N
45945,N_2,N4HIDDENCONSPIRACY,N
45945,N_2,N4ISRAELHAND,N
45945,N_2,N5LOYALTY,N
45945,N_2,N6IDENTITYDENY,N
45945,N_2,N7COLLECTIVEGUILT,N
45945,N_2,N8VIOLENCE,N
45945,N_2,N9INCITEMENT,N
45945,N_2,N10SELFDETERMINATION,N
45945,N_2,N11JEWISHRIGHTSDEFINE,N
45945,N_2,N11SELFDETERMINATION,N
45945,N_2,N11JEWISHRIGHTS,N
45945,N_2,N12DOUBLESTANDARD,N
13735,N_2,N2CONSPIRACY,N
13735,N_2,N2CONTROLMEDIA,N
13735,N_2,N2CONTROLECONOMY,N
13735,N_2,N2CONTROLGOV,N
13735,N_2,N2CONTROLOTHER,N
13735,N_2,N3COLLECTIVEBLAME,N
13735,N_2,N4HIDDENCONSPIRACY,N
13735,N_2,N4ISRAELHAND,N
13735,N_2,N5LOYALTY,N
13735,N_2,N6IDENTITYDENY,N
13735,N_2,N7COLLECTIVEGUILT,N
13735,N_2,N8VIOLENCE,N
13735,N_2,N9INCITEMENT,N
13735,N_2,N10SELFDETERMINATION,N
13735,N_2,N11JEWISHRIGHTSDEFINE,N
13735,N_2,N11SELFDETERMINATION,N
13735,N_2,N11JEWISHRIGHTS,N
13735,N_2,N12DOUBLESTANDARD,N
26795,N_2,N2CONSPIRACY,N
26795,N_2,N2CONTROLMEDIA,N
26795,N_2,N2CONTROLECONOMY,N
26795,N_2,N2CONTROLGOV,N
26795,N_2,N2CONTROLOTHER,N
26795,N_2,N3COLLECTIVEBLAME,N
26795,N_2,N4HIDDENCONSPIRACY,N
26795,N_2,N4ISRAELHAND,N
26795,N_2,N5LOYALTY,N
26795,N_2,N6IDENTITYDENY,N
26795,N_2,N7COLLECTIVEGUILT,N
26795,N_2,N8VIOLENCE,N
26795,N_2,N9INCITEMENT,N
26795,N_2,N10SELFDETERMINATION,N
26795,N_2,N11JEWISHRIGHTSDEFINE,N
26795,N_2,N11SELFDETERMINATION,N
26795,N_2,N11JEWISHRIGHTS,N
26795,N_2,N12DOUBLESTANDARD,N
49996,N_2,N2CONSPIRACY,A
49996,N_2,N2CONTROLMEDIA,N
49996,N_2,N2CONTROLECONOMY,N
49996,N_2,N2CONTROLGOV,N
49996,N_2,N2CONTROLOTHER,N
49996,N_2,N3COLLECTIVEBLAME,A
49996,N_2,N4HIDDENCONSPIRACY,A
49996,N_2,N4ISRAELHAND,N
49996,N_2,N5LOYALTY,N
49996,N_2,N6IDENTITYDENY,N
49996,N_2,N7COLLECTIVEGUILT,N
49996,N_2,N8VIOLENCE,N
49996,N_2,N9INCITEMENT,A
49996,N_2,N10SELFDETERMINATION,N
49996,N_2,N11JEWISHRIGHTSDEFINE,N
49996,N_2,N11SELFDETERMINATION,N
49996,N_2,N11JEWISHRIGHTS,N
49996,N_2,N12DOUBLESTANDARD,N
33677,N_2,N2CONSPIRACY,N
33677,N_2,N2CONTROLMEDIA,N
33677,N_2,N2CONTROLECONOMY,N
33677,N_2,N2CONTROLGOV,N
33677,N_2,N2CONTROLOTHER,N
33677,N_2,N3COLLECTIVEBLAME,N
33677,N_2,N4HIDDENCONSPIRACY,N
33677,N_2,N4ISRAELHAND,N
33677,N_2,N5LOYALTY,N
33677,N_2,N6IDENTITYDENY,N
33677,N_2,N7COLLECTIVEGUILT,N
33677,N_2,N8VIOLENCE,N
33677,N_2,N9INCITEMENT,N
33677,N_2,N10SELFDETERMINATION,N
33677,N_2,N11JEWISHRIGHTSDEFINE,N
33677,N_2,N11SELFDETERMINATION,N
33677,N_2,N11JEWISHRIGHTS,N
33677,N_2,N12DOUBLESTANDARD,N
1071,N_2,N2CONSPIRACY,N
1071,N_2,N2CONTROLMEDIA,N
1071,N_2,N2CONTROLECONOMY,N
1071,N_2,N2CONTROLGOV,N
1071,N_2,N2CONTROLOTHER,N
1071,N_2,N3COLLECTIVEBLAME,N
1071,N_2,N4HIDDENCONSPIRACY,N
1071,N_2,N4ISRAELHAND,N
1071,N_2,N5LOYALTY,N
1071,N_2,N6IDENTITYDENY,N
1071,N_2,N7COLLECTIVEGUILT,N
1071,N_2,N8VIOLENCE,N
1071,N_2,N9INCITEMENT,N
1071,N_2,N10SELFDETERMINATION,N
1071,N_2,N11JEWISHRIGHTSDEFINE,N
1071,N_2,N11SELFDETERMINATION,N
1071,N_2,N11JEWISHRIGHTS,N
1071,N_2,N12DOUBLESTANDARD,N
30879,N_2,N2CONSPIRACY,N
30879,N_2,N2CONTROLMEDIA,N
30879,N_2,N2CONTROLECONOMY,N
30879,N_2,N2CONTROLGOV,N
30879,N_2,N2CONTROLOTHER,N
30879,N_2,N3COLLECTIVEBLAME,N
30879,N_2,N4HIDDENCONSPIRACY,N
30879,N_2,N4ISRAELHAND,N
30879,N_2,N5LOYALTY,N
30879,N_2,N6IDENTITYDENY,N
30879,N_2,N7COLLECTIVEGUILT,N
30879,N_2,N8VIOLENCE,N
30879,N_2,N9INCITEMENT,N
30879,N_2,N10SELFDETERMINATION,N
30879,N_2,N11JEWISHRIGHTSDEFINE,N
30879,N_2,N11SELFDETERMINATION,N
30879,N_2,N11JEWISHRIGHTS,N
30879,N_2,N12DOUBLESTANDARD,N
8784,N_2,N2CONSPIRACY,N
8784,N_2,N2CONTROLMEDIA,N
8784,N_2,N2CONTROLECONOMY,N
8784,N_2,N2CONTROLGOV,N
8784,N_2,N2CONTROLOTHER,N
8784,N_2,N3COLLECTIVEBLAME,N
8784,N_2,N4HIDDENCONSPIRACY,N
8784,N_2,N4ISRAELHAND,N
8784,N_2,N5LOYALTY,N
8784,N_2,N6IDENTITYDENY,N
8784,N_2,N7COLLECTIVEGUILT,N
8784,N_2,N8VIOLENCE,N
8784,N_2,N9INCITEMENT,N
8784,N_2,N10SELFDETERMINATION,N
8784,N_2,N11JEWISHRIGHTSDEFINE,N
8784,N_2,N11SELFDETERMINATION,N
8784,N_2,N11JEWISHRIGHTS,N
8784,N_2,N12DOUBLESTANDARD,N
14911,N_2,N2CONSPIRACY,N
14911,N_2,N2CONTROLMEDIA,N
14911,N_2,N2CONTROLECONOMY,N
14911,N_2,N2CONTROLGOV,N
14911,N_2,N2CONTROLOTHER,N
14911,N_2,N3COLLECTIVEBLAME,N
14911,N_2,N4HIDDENCONSPIRACY,N
14911,N_2,N4ISRAELHAND,N
14911,N_2,N5LOYALTY,N
14911,N_2,N6IDENTITYDENY,N
14911,N_2,N7COLLECTIVEGUILT,N
14911,N_2,N8VIOLENCE,N
14911,N_2,N9INCITEMENT,N
14911,N_2,N10SELFDETERMINATION,N
14911,N_2,N11JEWISHRIGHTSDEFINE,N
14911,N_2,N11SELFDETERMINATION,N
14911,N_2,N11JEWISHRIGHTS,N
14911,N_2,N12DOUBLESTANDARD,N
20011,N_2,N2CONSPIRACY,N
20011,N_2,N2CONTROLMEDIA,N
20011,N_2,N2CONTROLECONOMY,N
20011,N_2,N2CONTROLGOV,N
20011,N_2,N2CONTROLOTHER,N
20011,N_2,N3COLLECTIVEBLAME,N
20011,N_2,N4HIDDENCONSPIRACY,N
20011,N_2,N4ISRAELHAND,N
20011,N_2,N5LOYALTY,N
20011,N_2,N6IDENTITYDENY,N
20011,N_2,N7COLLECTIVEGUILT,N
20011,N_2,N8VIOLENCE,E
20011,N_2,N9INCITEMENT,E
20011,N_2,N10SELFDETERMINATION,N
20011,N_2,N11JEWISHRIGHTSDEFINE,N
20011,N_2,N11SELFDETERMINATION,N
20011,N_2,N11JEWISHRIGHTS,N
20011,N_2,N12DOUBLESTANDARD,N
28857,N_2,N2CONSPIRACY,N
28857,N_2,N2CONTROLMEDIA,N
28857,N_2,N2CONTROLECONOMY,N
28857,N_2,N2CONTROLGOV,N
28857,N_2,N2CONTROLOTHER,N
28857,N_2,N3COLLECTIVEBLAME,N
28857,N_2,N4HIDDENCONSPIRACY,N
28857,N_2,N4ISRAELHAND,N
28857,N_2,N5LOYALTY,N
28857,N_2,N6IDENTITYDENY,N
28857,N_2,N7COLLECTIVEGUILT,N
28857,N_2,N8VIOLENCE,N
28857,N_2,N9INCITEMENT,N
28857,N_2,N10SELFDETERMINATION,N
28857,N_2,N11JEWISHRIGHTSDEFINE,N
28857,N_2,N11SELFDETERMINATION,N
28857,N_2,N11JEWISHRIGHTS,N
28857,N_2,N12DOUBLESTANDARD,N
19770,N_2,N2CONSPIRACY,N
19770,N_2,N2CONTROLMEDIA,N
19770,N_2,N2CONTROLECONOMY,N
19770,N_2,N2CONTROLGOV,N
19770,N_2,N2CONTROLOTHER,N
19770,N_2,N3COLLECTIVEBLAME,N
19770,N_2,N4HIDDENCONSPIRACY,N
19770,N_2,N4ISRAELHAND,N
19770,N_2,N5LOYALTY,N
19770,N_2,N6IDENTITYDENY,N
19770,N_2,N7COLLECTIVEGUILT,N
19770,N_2,N8VIOLENCE,N
19770,N_2,N9INCITEMENT,N
19770,N_2,N10SELFDETERMINATION,N
19770,N_2,N11JEWISHRIGHTSDEFINE,N
19770,N_2,N11SELFDETERMINATION,N
19770,N_2,N11JEWISHRIGHTS,N
19770,N_2,N12DOUBLESTANDARD,N
9615,N_2,N2CONSPIRACY,N
9615,N_2,N2CONTROLMEDIA,N
9615,N_2,N2CONTROLECONOMY,N
9615,N_2,N2CONTROLGOV,N
9615,N_2,N2CONTROLOTHER,N
9615,N_2,N3COLLECTIVEBLAME,N
9615,N_2,N4HIDDENCONSPIRACY,N
9615,N_2,N4ISRAELHAND,N
9615,N_2,N5LOYALTY,N
9615,N_2,N6IDENTITYDENY,N
9615,N_2,N7COLLECTIVEGUILT,N
9615,N_2,N8VIOLENCE,N
9615,N_2,N9INCITEMENT,N
9615,N_2,N10SELFDETERMINATION,N
9615,N_2,N11JEWISHRIGHTSDEFINE,N
9615,N_2,N11SELFDETERMINATION,N
9615,N_2,N11JEWISHRIGHTS,N
9615,N_2,N12DOUBLESTANDARD,N
32249,N_2,N2CONSPIRACY,N
32249,N_2,N2CONTROLMEDIA,N
32249,N_2,N2CONTROLECONOMY,N
32249,N_2,N2CONTROLGOV,N
32249,N_2,N2CONTROLOTHER,N
32249,N_2,N3COLLECTIVEBLAME,N
32249,N_2,N4HIDDENCONSPIRACY,N
32249,N_2,N4ISRAELHAND,N
32249,N_2,N5LOYALTY,N
32249,N_2,N6IDENTITYDENY,N
32249,N_2,N7COLLECTIVEGUILT,N
32249,N_2,N8VIOLENCE,N
32249,N_2,N9INCITEMENT,A
32249,N_2,N10SELFDETERMINATION,N
32249,N_2,N11JEWISHRIGHTSDEFINE,N
32249,N_2,N11SELFDETERMINATION,N
32249,N_2,N11JEWISHRIGHTS,N
32249,N_2,N12DOUBLESTANDARD,N
17267,N_2,N2CONSPIRACY,N
17267,N_2,N2CONTROLMEDIA,N
17267,N_2,N2CONTROLECONOMY,N
17267,N_2,N2CONTROLGOV,N
17267,N_2,N2CONTROLOTHER,N
17267,N_2,N3COLLECTIVEBLAME,N
17267,N_2,N4HIDDENCONSPIRACY,N
17267,N_2,N4ISRAELHAND,N
17267,N_2,N5LOYALTY,N
17267,N_2,N6IDENTITYDENY,N
17267,N_2,N7COLLECTIVEGUILT,N
17267,N_2,N8VIOLENCE,N
17267,N_2,N9INCITEMENT,N
17267,N_2,N10SELFDETERMINATION,N
17267,N_2,N11JEWISHRIGHTSDEFINE,N
17267,N_2,N11SELFDETERMINATION,N
17267,N_2,N11JEWISHRIGHTS,N
17267,N_2,N12DOUBLESTANDARD,N
20002,N_2,N2CONSPIRACY,N
20002,N_2,N2CONTROLMEDIA,N
20002,N_2,N2CONTROLECONOMY,N
20002,N_2,N2CONTROLGOV,N
20002,N_2,N2CONTROLOTHER,N
20002,N_2,N3COLLECTIVEBLAME,N
20002,N_2,N4HIDDENCONSPIRACY,N
20002,N_2,N4ISRAELHAND,N
20002,N_2,N5LOYALTY,N
20002,N_2,N6IDENTITYDENY,N
20002,N_2,N7COLLECTIVEGUILT,N
20002,N_2,N8VIOLENCE,N
20002,N_2,N9INCITEMENT,N
20002,N_2,N10SELFDETERMINATION,N
20002,N_2,N11JEWISHRIGHTSDEFINE,N
20002,N_2,N11SELFDETERMINATION,N
20002,N_2,N11JEWISHRIGHTS,N
20002,N_2,N12DOUBLESTANDARD,N
48334,N_2,N2CONSPIRACY,N
48334,N_2,N2CONTROLMEDIA,N
48334,N_2,N2CONTROLECONOMY,N
48334,N_2,N2CONTROLGOV,N
48334,N_2,N2CONTROLOTHER,N
48334,N_2,N3COLLECTIVEBLAME,N
48334,N_2,N4HIDDENCONSPIRACY,N
48334,N_2,N4ISRAELHAND,N
48334,N_2,N5LOYALTY,N
48334,N_2,N6IDENTITYDENY,N
48334,N_2,N7COLLECTIVEGUILT,N
48334,N_2,N8VIOLENCE,N
48334,N_2,N9INCITEMENT,N
48334,N_2,N10SELFDETERMINATION,N
48334,N_2,N11JEWISHRIGHTSDEFINE,N
48334,N_2,N11SELFDETERMINATION,N
48334,N_2,N11JEWISHRIGHTS,N
48334,N_2,N12DOUBLESTANDARD,N
6378,N_2,N2CONSPIRACY,N
6378,N_2,N2CONTROLMEDIA,N
6378,N_2,N2CONTROLECONOMY,N
6378,N_2,N2CONTROLGOV,N
6378,N_2,N2CONTROLOTHER,N
6378,N_2,N3COLLECTIVEBLAME,N
6378,N_2,N4HIDDENCONSPIRACY,N
6378,N_2,N4ISRAELHAND,N
6378,N_2,N5LOYALTY,N
6378,N_2,N6IDENTITYDENY,N
6378,N_2,N7COLLECTIVEGUILT,N
6378,N_2,N8VIOLENCE,N
6378,N_2,N9INCITEMENT,N
6378,N_2,N10SELFDETERMINATION,N
6378,N_2,N11JEWISHRIGHTSDEFINE,N
6378,N_2,N11SELFDETERMINATION,N
6378,N_2,N11JEWISHRIGHTS,N
6378,N_2,N12DOUBLESTANDARD,N
17895,N_2,N2CONSPIRACY,I
17895,N_2,N2CONTROLMEDIA,N
17895,N_2,N2CONTROLECONOMY,N
17895,N_2,N2CONTROLGOV,I
17895,N_2,N2CONTROLOTHER,N
17895,N_2,N3COLLECTIVEBLAME,N
17895,N_2,N4HIDDENCONSPIRACY,N
17895,N_2,N4ISRAELHAND,N
17895,N_2,N5LOYALTY,N
17895,N_2,N6IDENTITYDENY,N
17895,N_2,N7COLLECTIVEGUILT,N
17895,N_2,N8VIOLENCE,N
17895,N_2,N9INCITEMENT,N
17895,N_2,N10SELFDETERMINATION,N
17895,N_2,N11JEWISHRIGHTSDEFINE,N
17895,N_2,N11SELFDETERMINATION,N
17895,N_2,N11JEWISHRIGHTS,N
17895,N_2,N12DOUBLESTANDARD,N
48322,N_2,N2CONSPIRACY,N
48322,N_2,N2CONTROLMEDIA,N
48322,N_2,N2CONTROLECONOMY,N
48322,N_2,N2CONTROLGOV,N
48322,N_2,N2CONTROLOTHER,N
48322,N_2,N3COLLECTIVEBLAME,N
48322,N_2,N4HIDDENCONSPIRACY,N
48322,N_2,N4ISRAELHAND,N
48322,N_2,N5LOYALTY,N
48322,N_2,N6IDENTITYDENY,N
48322,N_2,N7COLLECTIVEGUILT,N
48322,N_2,N8VIOLENCE,N
48322,N_2,N9INCITEMENT,N
48322,N_2,N10SELFDETERMINATION,N
48322,N_2,N11JEWISHRIGHTSDEFINE,N
48322,N_2,N11SELFDETERMINATION,N
48322,N_2,N11JEWISHRIGHTS,N
48322,N_2,N12DOUBLESTANDARD,N
46737,N_2,N2CONSPIRACY,N
46737,N_2,N2CONTROLMEDIA,N
46737,N_2,N2CONTROLECONOMY,N
46737,N_2,N2CONTROLGOV,N
46737,N_2,N2CONTROLOTHER,N
46737,N_2,N3COLLECTIVEBLAME,N
46737,N_2,N4HIDDENCONSPIRACY,N
46737,N_2,N4ISRAELHAND,N
46737,N_2,N5LOYALTY,N
46737,N_2,N6IDENTITYDENY,N
46737,N_2,N7COLLECTIVEGUILT,N
46737,N_2,N8VIOLENCE,N
46737,N_2,N9INCITEMENT,N
46737,N_2,N10SELFDETERMINATION,N
46737,N_2,N11JEWISHRIGHTSDEFINE,N
46737,N_2,N11SELFDETERMINATION,N
46737,N_2,N11JEWISHRIGHTS,N
46737,N_2,N12DOUBLESTANDARD,N
41393,N_2,N2CONSPIRACY,I
41393,N_2,N2CONTROLMEDIA,N
41393,N_2,N2CONTROLECONOMY,I
41393,N_2,N2CONTROLGOV,I
41393,N_2,N2CONTROLOTHER,N
41393,N_2,N3COLLECTIVEBLAME,N
41393,N_2,N4HIDDENCONSPIRACY,I
41393,N_2,N4ISRAELHAND,N
41393,N_2,N5LOYALTY,N
41393,N_2,N6IDENTITYDENY,N
41393,N_2,N7COLLECTIVEGUILT,N
41393,N_2,N8VIOLENCE,N
41393,N_2,N9INCITEMENT,N
41393,N_2,N10SELFDETERMINATION,N
41393,N_2,N11JEWISHRIGHTSDEFINE,N
41393,N_2,N11SELFDETERMINATION,N
41393,N_2,N11JEWISHRIGHTS,N
41393,N_2,N12DOUBLESTANDARD,N
11441,N_2,N2CONSPIRACY,N
11441,N_2,N2CONTROLMEDIA,N
11441,N_2,N2CONTROLECONOMY,N
11441,N_2,N2CONTROLGOV,N
11441,N_2,N2CONTROLOTHER,N
11441,N_2,N3COLLECTIVEBLAME,N
11441,N_2,N4HIDDENCONSPIRACY,N
11441,N_2,N4ISRAELHAND,N
11441,N_2,N5LOYALTY,N
11441,N_2,N6IDENTITYDENY,N
11441,N_2,N7COLLECTIVEGUILT,I
11441,N_2,N8VIOLENCE,N
11441,N_2,N9INCITEMENT,N
11441,N_2,N10SELFDETERMINATION,N
11441,N_2,N11JEWISHRIGHTSDEFINE,N
11441,N_2,N11SELFDETERMINATION,N
11441,N_2,N11JEWISHRIGHTS,N
11441,N_2,N12DOUBLESTANDARD,N
11354,N_2,N2CONSPIRACY,N
11354,N_2,N2CONTROLMEDIA,N
11354,N_2,N2CONTROLECONOMY,N
11354,N_2,N2CONTROLGOV,N
11354,N_2,N2CONTROLOTHER,N
11354,N_2,N3COLLECTIVEBLAME,N
11354,N_2,N4HIDDENCONSPIRACY,N
11354,N_2,N4ISRAELHAND,N
11354,N_2,N5LOYALTY,N
11354,N_2,N6IDENTITYDENY,N
11354,N_2,N7COLLECTIVEGUILT,N
11354,N_2,N8VIOLENCE,N
11354,N_2,N9INCITEMENT,N
11354,N_2,N10SELFDETERMINATION,N
11354,N_2,N11JEWISHRIGHTSDEFINE,N
11354,N_2,N11SELFDETERMINATION,N
11354,N_2,N11JEWISHRIGHTS,N
11354,N_2,N12DOUBLESTANDARD,N
27662,N_2,N2CONSPIRACY,N
27662,N_2,N2CONTROLMEDIA,N
27662,N_2,N2CONTROLECONOMY,N
27662,N_2,N2CONTROLGOV,N
27662,N_2,N2CONTROLOTHER,N
27662,N_2,N3COLLECTIVEBLAME,N
27662,N_2,N4HIDDENCONSPIRACY,N
27662,N_2,N4ISRAELHAND,N
27662,N_2,N5LOYALTY,N
27662,N_2,N6IDENTITYDENY,N
27662,N_2,N7COLLECTIVEGUILT,N
27662,N_2,N8VIOLENCE,N
27662,N_2,N9INCITEMENT,N
27662,N_2,N10SELFDETERMINATION,N
27662,N_2,N11JEWISHRIGHTSDEFINE,N
27662,N_2,N11SELFDETERMINATION,N
27662,N_2,N11JEWISHRIGHTS,N
27662,N_2,N12DOUBLESTANDARD,N
15399,N_2,N2CONSPIRACY,N
15399,N_2,N2CONTROLMEDIA,N
15399,N_2,N2CONTROLECONOMY,N
15399,N_2,N2CONTROLGOV,N
15399,N_2,N2CONTROLOTHER,N
15399,N_2,N3COLLECTIVEBLAME,N
15399,N_2,N4HIDDENCONSPIRACY,N
15399,N_2,N4ISRAELHAND,N
15399,N_2,N5LOYALTY,N
15399,N_2,N6IDENTITYDENY,N
15399,N_2,N7COLLECTIVEGUILT,N
15399,N_2,N8VIOLENCE,N
15399,N_2,N9INCITEMENT,N
15399,N_2,N10SELFDETERMINATION,N
15399,N_2,N11JEWISHRIGHTSDEFINE,N
15399,N_2,N11SELFDETERMINATION,N
15399,N_2,N11JEWISHRIGHTS,N
15399,N_2,N12DOUBLESTANDARD,N
35874,N_2,N2CONSPIRACY,N
35874,N_2,N2CONTROLMEDIA,N
35874,N_2,N2CONTROLECONOMY,N
35874,N_2,N2CONTROLGOV,N
35874,N_2,N2CONTROLOTHER,N
35874,N_2,N3COLLECTIVEBLAME,N
35874,N_2,N4HIDDENCONSPIRACY,N
35874,N_2,N4ISRAELHAND,N
35874,N_2,N5LOYALTY,N
35874,N_2,N6IDENTITYDENY,N
35874,N_2,N7COLLECTIVEGUILT,N
35874,N_2,N8VIOLENCE,N
35874,N_2,N9INCITEMENT,N
35874,N_2,N10SELFDETERMINATION,N
35874,N_2,N11JEWISHRIGHTSDEFINE,N
35874,N_2,N11SELFDETERMINATION,N
35874,N_2,N11JEWISHRIGHTS,N
35874,N_2,N12DOUBLESTANDARD,N
11339,N_2,N2CONSPIRACY,N
11339,N_2,N2CONTROLMEDIA,N
11339,N_2,N2CONTROLECONOMY,N
11339,N_2,N2CONTROLGOV,N
11339,N_2,N2CONTROLOTHER,N
11339,N_2,N3COLLECTIVEBLAME,N
11339,N_2,N4HIDDENCONSPIRACY,N
11339,N_2,N4ISRAELHAND,N
11339,N_2,N5LOYALTY,N
11339,N_2,N6IDENTITYDENY,N
11339,N_2,N7COLLECTIVEGUILT,N
11339,N_2,N8VIOLENCE,N
11339,N_2,N9INCITEMENT,N
11339,N_2,N10SELFDETERMINATION,N
11339,N_2,N11JEWISHRIGHTSDEFINE,N
11339,N_2,N11SELFDETERMINATION,N
11339,N_2,N11JEWISHRIGHTS,N
11339,N_2,N12DOUBLESTANDARD,N
32438,N_2,N2CONSPIRACY,N
32438,N_2,N2CONTROLMEDIA,N
32438,N_2,N2CONTROLECONOMY,N
32438,N_2,N2CONTROLGOV,N
32438,N_2,N2CONTROLOTHER,N
32438,N_2,N3COLLECTIVEBLAME,N
32438,N_2,N4HIDDENCONSPIRACY,N
32438,N_2,N4ISRAELHAND,N
32438,N_2,N5LOYALTY,N
32438,N_2,N6IDENTITYDENY,N
32438,N_2,N7COLLECTIVEGUILT,N
32438,N_2,N8VIOLENCE,N
32438,N_2,N9INCITEMENT,N
32438,N_2,N10SELFDETERMINATION,N
32438,N_2,N11JEWISHRIGHTSDEFINE,N
32438,N_2,N11SELFDETERMINATION,N
32438,N_2,N11JEWISHRIGHTS,N
32438,N_2,N12DOUBLESTANDARD,N
7460,N_2,N2CONSPIRACY,N
7460,N_2,N2CONTROLMEDIA,N
7460,N_2,N2CONTROLECONOMY,N
7460,N_2,N2CONTROLGOV,N
7460,N_2,N2CONTROLOTHER,N
7460,N_2,N3COLLECTIVEBLAME,N
7460,N_2,N4HIDDENCONSPIRACY,N
7460,N_2,N4ISRAELHAND,N
7460,N_2,N5LOYALTY,N
7460,N_2,N6IDENTITYDENY,N
7460,N_2,N7COLLECTIVEGUILT,N
7460,N_2,N8VIOLENCE,I
7460,N_2,N9INCITEMENT,E
7460,N_2,N10SELFDETERMINATION,N
7460,N_2,N11JEWISHRIGHTSDEFINE,N
7460,N_2,N11SELFDETERMINATION,N
7460,N_2,N11JEWISHRIGHTS,E
7460,N_2,N12DOUBLESTANDARD,N
37228,N_2,N2CONSPIRACY,N
37228,N_2,N2CONTROLMEDIA,N
37228,N_2,N2CONTROLECONOMY,N
37228,N_2,N2CONTROLGOV,N
37228,N_2,N2CONTROLOTHER,N
37228,N_2,N3COLLECTIVEBLAME,N
37228,N_2,N4HIDDENCONSPIRACY,N
37228,N_2,N4ISRAELHAND,N
37228,N_2,N5LOYALTY,N
37228,N_2,N6IDENTITYDENY,N
37228,N_2,N7COLLECTIVEGUILT,N
37228,N_2,N8VIOLENCE,N
37228,N_2,N9INCITEMENT,N
37228,N_2,N10SELFDETERMINATION,N
37228,N_2,N11JEWISHRIGHTSDEFINE,N
37228,N_2,N11SELFDETERMINATION,N
37228,N_2,N11JEWISHRIGHTS,N
37228,N_2,N12DOUBLESTANDARD,N
23144,N_2,N2CONSPIRACY,A
23144,N_2,N2CONTROLMEDIA,N
23144,N_2,N2CONTROLECONOMY,N
23144,N_2,N2CONTROLGOV,N
23144,N_2,N2CONTROLOTHER,N
23144,N_2,N3COLLECTIVEBLAME,N
23144,N_2,N4HIDDENCONSPIRACY,A
23144,N_2,N4ISRAELHAND,A
23144,N_2,N5LOYALTY,N
23144,N_2,N6IDENTITYDENY,N
23144,N_2,N7COLLECTIVEGUILT,N
23144,N_2,N8VIOLENCE,N
23144,N_2,N9INCITEMENT,N
23144,N_2,N10SELFDETERMINATION,N
23144,N_2,N11JEWISHRIGHTSDEFINE,N
23144,N_2,N11SELFDETERMINATION,N
23144,N_2,N11JEWISHRIGHTS,N
23144,N_2,N12DOUBLESTANDARD,N
17933,N_2,N2CONSPIRACY,A
17933,N_2,N2CONTROLMEDIA,N
17933,N_2,N2CONTROLECONOMY,N
17933,N_2,N2CONTROLGOV,N
17933,N_2,N2CONTROLOTHER,A
17933,N_2,N3COLLECTIVEBLAME,A
17933,N_2,N4HIDDENCONSPIRACY,A
17933,N_2,N4ISRAELHAND,N
17933,N_2,N5LOYALTY,N
17933,N_2,N6IDENTITYDENY,N
17933,N_2,N7COLLECTIVEGUILT,N
17933,N_2,N8VIOLENCE,N
17933,N_2,N9INCITEMENT,N
17933,N_2,N10SELFDETERMINATION,N
17933,N_2,N11JEWISHRIGHTSDEFINE,N
17933,N_2,N11SELFDETERMINATION,N
17933,N_2,N11JEWISHRIGHTS,N
17933,N_2,N12DOUBLESTANDARD,N
10735,N_2,N2CONSPIRACY,N
10735,N_2,N2CONTROLMEDIA,N
10735,N_2,N2CONTROLECONOMY,N
10735,N_2,N2CONTROLGOV,N
10735,N_2,N2CONTROLOTHER,N
10735,N_2,N3COLLECTIVEBLAME,N
10735,N_2,N4HIDDENCONSPIRACY,N
10735,N_2,N4ISRAELHAND,N
10735,N_2,N5LOYALTY,N
10735,N_2,N6IDENTITYDENY,N
10735,N_2,N7COLLECTIVEGUILT,N
10735,N_2,N8VIOLENCE,N
10735,N_2,N9INCITEMENT,N
10735,N_2,N10SELFDETERMINATION,N
10735,N_2,N11JEWISHRIGHTSDEFINE,N
10735,N_2,N11SELFDETERMINATION,N
10735,N_2,N11JEWISHRIGHTS,N
10735,N_2,N12DOUBLESTANDARD,N
8950,N_2,N2CONSPIRACY,N
8950,N_2,N2CONTROLMEDIA,N
8950,N_2,N2CONTROLECONOMY,N
8950,N_2,N2CONTROLGOV,N
8950,N_2,N2CONTROLOTHER,N
8950,N_2,N3COLLECTIVEBLAME,N
8950,N_2,N4HIDDENCONSPIRACY,N
8950,N_2,N4ISRAELHAND,N
8950,N_2,N5LOYALTY,N
8950,N_2,N6IDENTITYDENY,N
8950,N_2,N7COLLECTIVEGUILT,N
8950,N_2,N8VIOLENCE,N
8950,N_2,N9INCITEMENT,N
8950,N_2,N10SELFDETERMINATION,N
8950,N_2,N11JEWISHRIGHTSDEFINE,N
8950,N_2,N11SELFDETERMINATION,N
8950,N_2,N11JEWISHRIGHTS,N
8950,N_2,N12DOUBLESTANDARD,N
17218,N_2,N2CONSPIRACY,N
17218,N_2,N2CONTROLMEDIA,N
17218,N_2,N2CONTROLECONOMY,N
17218,N_2,N2CONTROLGOV,N
17218,N_2,N2CONTROLOTHER,N
17218,N_2,N3COLLECTIVEBLAME,N
17218,N_2,N4HIDDENCONSPIRACY,N
17218,N_2,N4ISRAELHAND,N
17218,N_2,N5LOYALTY,N
17218,N_2,N6IDENTITYDENY,N
17218,N_2,N7COLLECTIVEGUILT,N
17218,N_2,N8VIOLENCE,N
17218,N_2,N9INCITEMENT,N
17218,N_2,N10SELFDETERMINATION,N
17218,N_2,N11JEWISHRIGHTSDEFINE,N
17218,N_2,N11SELFDETERMINATION,N
17218,N_2,N11JEWISHRIGHTS,N
17218,N_2,N12DOUBLESTANDARD,N
14140,N_2,N2CONSPIRACY,N
14140,N_2,N2CONTROLMEDIA,N
14140,N_2,N2CONTROLECONOMY,N
14140,N_2,N2CONTROLGOV,N
14140,N_2,N2CONTROLOTHER,N
14140,N_2,N3COLLECTIVEBLAME,N
14140,N_2,N4HIDDENCONSPIRACY,N
14140,N_2,N4ISRAELHAND,N
14140,N_2,N5LOYALTY,N
14140,N_2,N6IDENTITYDENY,N
14140,N_2,N7COLLECTIVEGUILT,N
14140,N_2,N8VIOLENCE,N
14140,N_2,N9INCITEMENT,N
14140,N_2,N10SELFDETERMINATION,N
14140,N_2,N11JEWISHRIGHTSDEFINE,N
14140,N_2,N11SELFDETERMINATION,N
14140,N_2,N11JEWISHRIGHTS,N
14140,N_2,N12DOUBLESTANDARD,N
21018,N_2,N2CONSPIRACY,N
21018,N_2,N2CONTROLMEDIA,N
21018,N_2,N2CONTROLECONOMY,N
21018,N_2,N2CONTROLGOV,N
21018,N_2,N2CONTROLOTHER,N
21018,N_2,N3COLLECTIVEBLAME,N
21018,N_2,N4HIDDENCONSPIRACY,N
21018,N_2,N4ISRAELHAND,N
21018,N_2,N5LOYALTY,N
21018,N_2,N6IDENTITYDENY,N
21018,N_2,N7COLLECTIVEGUILT,N
21018,N_2,N8VIOLENCE,N
21018,N_2,N9INCITEMENT,N
21018,N_2,N10SELFDETERMINATION,N
21018,N_2,N11JEWISHRIGHTSDEFINE,N
21018,N_2,N11SELFDETERMINATION,N
21018,N_2,N11JEWISHRIGHTS,N
21018,N_2,N12DOUBLESTANDARD,N
45707,N_2,N2CONSPIRACY,N
45707,N_2,N2CONTROLMEDIA,N
45707,N_2,N2CONTROLECONOMY,N
45707,N_2,N2CONTROLGOV,N
45707,N_2,N2CONTROLOTHER,N
45707,N_2,N3COLLECTIVEBLAME,N
45707,N_2,N4HIDDENCONSPIRACY,N
45707,N_2,N4ISRAELHAND,N
45707,N_2,N5LOYALTY,N
45707,N_2,N6IDENTITYDENY,N
45707,N_2,N7COLLECTIVEGUILT,N
45707,N_2,N8VIOLENCE,N
45707,N_2,N9INCITEMENT,N
45707,N_2,N10SELFDETERMINATION,N
45707,N_2,N11JEWISHRIGHTSDEFINE,N
45707,N_2,N11SELFDETERMINATION,N
45707,N_2,N11JEWISHRIGHTS,N
45707,N_2,N12DOUBLESTANDARD,N
28147,N_2,N2CONSPIRACY,N
28147,N_2,N2CONTROLMEDIA,N
28147,N_2,N2CONTROLECONOMY,N
28147,N_2,N2CONTROLGOV,N
28147,N_2,N2CONTROLOTHER,N
28147,N_2,N3COLLECTIVEBLAME,N
28147,N_2,N4HIDDENCONSPIRACY,N
28147,N_2,N4ISRAELHAND,N
28147,N_2,N5LOYALTY,N
28147,N_2,N6IDENTITYDENY,N
28147,N_2,N7COLLECTIVEGUILT,N
28147,N_2,N8VIOLENCE,N
28147,N_2,N9INCITEMENT,N
28147,N_2,N10SELFDETERMINATION,N
28147,N_2,N11JEWISHRIGHTSDEFINE,N
28147,N_2,N11SELFDETERMINATION,N
28147,N_2,N11JEWISHRIGHTS,N
28147,N_2,N12DOUBLESTANDARD,N
42920,N_2,N2CONSPIRACY,I
42920,N_2,N2CONTROLMEDIA,E
42920,N_2,N2CONTROLECONOMY,N
42920,N_2,N2CONTROLGOV,E
42920,N_2,N2CONTROLOTHER,N
42920,N_2,N3COLLECTIVEBLAME,N
42920,N_2,N4HIDDENCONSPIRACY,I
42920,N_2,N4ISRAELHAND,N
42920,N_2,N5LOYALTY,N
42920,N_2,N6IDENTITYDENY,N
42920,N_2,N7COLLECTIVEGUILT,N
42920,N_2,N8VIOLENCE,N
42920,N_2,N9INCITEMENT,N
42920,N_2,N10SELFDETERMINATION,N
42920,N_2,N11JEWISHRIGHTSDEFINE,N
42920,N_2,N11SELFDETERMINATION,N
42920,N_2,N11JEWISHRIGHTS,N
42920,N_2,N12DOUBLESTANDARD,N
22173,N_2,N2CONSPIRACY,N
22173,N_2,N2CONTROLMEDIA,N
22173,N_2,N2CONTROLECONOMY,N
22173,N_2,N2CONTROLGOV,N
22173,N_2,N2CONTROLOTHER,N
22173,N_2,N3COLLECTIVEBLAME,N
22173,N_2,N4HIDDENCONSPIRACY,N
22173,N_2,N4ISRAELHAND,N
22173,N_2,N5LOYALTY,N
22173,N_2,N6IDENTITYDENY,N
22173,N_2,N7COLLECTIVEGUILT,N
22173,N_2,N8VIOLENCE,N
22173,N_2,N9INCITEMENT,N
22173,N_2,N10SELFDETERMINATION,N
22173,N_2,N11JEWISHRIGHTSDEFINE,N
22173,N_2,N11SELFDETERMINATION,N
22173,N_2,N11JEWISHRIGHTS,N
22173,N_2,N12DOUBLESTANDARD,N
22425,N_2,N2CONSPIRACY,N
22425,N_2,N2CONTROLMEDIA,N
22425,N_2,N2CONTROLECONOMY,N
22425,N_2,N2CONTROLGOV,N
22425,N_2,N2CONTROLOTHER,N
22425,N_2,N3COLLECTIVEBLAME,N
22425,N_2,N4HIDDENCONSPIRACY,N
22425,N_2,N4ISRAELHAND,N
22425,N_2,N5LOYALTY,N
22425,N_2,N6IDENTITYDENY,N
22425,N_2,N7COLLECTIVEGUILT,N
22425,N_2,N8VIOLENCE,N
22425,N_2,N9INCITEMENT,N
22425,N_2,N10SELFDETERMINATION,N
22425,N_2,N11JEWISHRIGHTSDEFINE,N
22425,N_2,N11SELFDETERMINATION,N
22425,N_2,N11JEWISHRIGHTS,N
22425,N_2,N12DOUBLESTANDARD,N
46857,N_2,N2CONSPIRACY,A
46857,N_2,N2CONTROLMEDIA,N
46857,N_2,N2CONTROLECONOMY,N
46857,N_2,N2CONTROLGOV,N
46857,N_2,N2CONTROLOTHER,N
46857,N_2,N3COLLECTIVEBLAME,N
46857,N_2,N4HIDDENCONSPIRACY,A
46857,N_2,N4ISRAELHAND,N
46857,N_2,N5LOYALTY,N
46857,N_2,N6IDENTITYDENY,I
46857,N_2,N7COLLECTIVEGUILT,N
46857,N_2,N8VIOLENCE,N
46857,N_2,N9INCITEMENT,N
46857,N_2,N10SELFDETERMINATION,N
46857,N_2,N11JEWISHRIGHTSDEFINE,N
46857,N_2,N11SELFDETERMINATION,N
46857,N_2,N11JEWISHRIGHTS,N
46857,N_2,N12DOUBLESTANDARD,N
38127,N_2,N2CONSPIRACY,N
38127,N_2,N2CONTROLMEDIA,N
38127,N_2,N2CONTROLECONOMY,N
38127,N_2,N2CONTROLGOV,N
38127,N_2,N2CONTROLOTHER,N
38127,N_2,N3COLLECTIVEBLAME,N
38127,N_2,N4HIDDENCONSPIRACY,N
38127,N_2,N4ISRAELHAND,N
38127,N_2,N5LOYALTY,N
38127,N_2,N6IDENTITYDENY,N
38127,N_2,N7COLLECTIVEGUILT,N
38127,N_2,N8VIOLENCE,N
38127,N_2,N9INCITEMENT,N
38127,N_2,N10SELFDETERMINATION,N
38127,N_2,N11JEWISHRIGHTSDEFINE,N
38127,N_2,N11SELFDETERMINATION,N
38127,N_2,N11JEWISHRIGHTS,N
38127,N_2,N12DOUBLESTANDARD,N
30156,N_2,N2CONSPIRACY,N
30156,N_2,N2CONTROLMEDIA,N
30156,N_2,N2CONTROLECONOMY,N
30156,N_2,N2CONTROLGOV,N
30156,N_2,N2CONTROLOTHER,N
30156,N_2,N3COLLECTIVEBLAME,N
30156,N_2,N4HIDDENCONSPIRACY,N
30156,N_2,N4ISRAELHAND,N
30156,N_2,N5LOYALTY,N
30156,N_2,N6IDENTITYDENY,N
30156,N_2,N7COLLECTIVEGUILT,N
30156,N_2,N8VIOLENCE,N
30156,N_2,N9INCITEMENT,N
30156,N_2,N10SELFDETERMINATION,N
30156,N_2,N11JEWISHRIGHTSDEFINE,N
30156,N_2,N11SELFDETERMINATION,N
30156,N_2,N11JEWISHRIGHTS,N
30156,N_2,N12DOUBLESTANDARD,N
6427,N_2,N2CONSPIRACY,E
6427,N_2,N2CONTROLMEDIA,N
6427,N_2,N2CONTROLECONOMY,N
6427,N_2,N2CONTROLGOV,N
6427,N_2,N2CONTROLOTHER,I
6427,N_2,N3COLLECTIVEBLAME,N
6427,N_2,N4HIDDENCONSPIRACY,I
6427,N_2,N4ISRAELHAND,N
6427,N_2,N5LOYALTY,N
6427,N_2,N6IDENTITYDENY,N
6427,N_2,N7COLLECTIVEGUILT,N
6427,N_2,N8VIOLENCE,N
6427,N_2,N9INCITEMENT,N
6427,N_2,N10SELFDETERMINATION,N
6427,N_2,N11JEWISHRIGHTSDEFINE,N
6427,N_2,N11SELFDETERMINATION,N
6427,N_2,N11JEWISHRIGHTS,N
6427,N_2,N12DOUBLESTANDARD,N
4408,N_2,N2CONSPIRACY,N
4408,N_2,N2CONTROLMEDIA,N
4408,N_2,N2CONTROLECONOMY,N
4408,N_2,N2CONTROLGOV,N
4408,N_2,N2CONTROLOTHER,N
4408,N_2,N3COLLECTIVEBLAME,N
4408,N_2,N4HIDDENCONSPIRACY,N
4408,N_2,N4ISRAELHAND,N
4408,N_2,N5LOYALTY,N
4408,N_2,N6IDENTITYDENY,N
4408,N_2,N7COLLECTIVEGUILT,N
4408,N_2,N8VIOLENCE,N
4408,N_2,N9INCITEMENT,I
4408,N_2,N10SELFDETERMINATION,N
4408,N_2,N11JEWISHRIGHTSDEFINE,N
4408,N_2,N11SELFDETERMINATION,N
4408,N_2,N11JEWISHRIGHTS,N
4408,N_2,N12DOUBLESTANDARD,N
38404,N_2,N2CONSPIRACY,I
38404,N_2,N2CONTROLMEDIA,N
38404,N_2,N2CONTROLECONOMY,N
38404,N_2,N2CONTROLGOV,N
38404,N_2,N2CONTROLOTHER,I
38404,N_2,N3COLLECTIVEBLAME,N
38404,N_2,N4HIDDENCONSPIRACY,I
38404,N_2,N4ISRAELHAND,N
38404,N_2,N5LOYALTY,N
38404,N_2,N6IDENTITYDENY,I
38404,N_2,N7COLLECTIVEGUILT,N
38404,N_2,N8VIOLENCE,N
38404,N_2,N9INCITEMENT,N
38404,N_2,N10SELFDETERMINATION,N
38404,N_2,N11JEWISHRIGHTSDEFINE,N
38404,N_2,N11SELFDETERMINATION,N
38404,N_2,N11JEWISHRIGHTS,N
38404,N_2,N12DOUBLESTANDARD,N
3417,N_2,N2CONSPIRACY,N
3417,N_2,N2CONTROLMEDIA,N
3417,N_2,N2CONTROLECONOMY,N
3417,N_2,N2CONTROLGOV,N
3417,N_2,N2CONTROLOTHER,N
3417,N_2,N3COLLECTIVEBLAME,N
3417,N_2,N4HIDDENCONSPIRACY,N
3417,N_2,N4ISRAELHAND,N
3417,N_2,N5LOYALTY,N
3417,N_2,N6IDENTITYDENY,N
3417,N_2,N7COLLECTIVEGUILT,N
3417,N_2,N8VIOLENCE,N
3417,N_2,N9INCITEMENT,N
3417,N_2,N10SELFDETERMINATION,N
3417,N_2,N11JEWISHRIGHTSDEFINE,N
3417,N_2,N11SELFDETERMINATION,N
3417,N_2,N11JEWISHRIGHTS,N
3417,N_2,N12DOUBLESTANDARD,N
3107,N_2,N2CONSPIRACY,N
3107,N_2,N2CONTROLMEDIA,N
3107,N_2,N2CONTROLECONOMY,N
3107,N_2,N2CONTROLGOV,N
3107,N_2,N2CONTROLOTHER,N
3107,N_2,N3COLLECTIVEBLAME,N
3107,N_2,N4HIDDENCONSPIRACY,N
3107,N_2,N4ISRAELHAND,N
3107,N_2,N5LOYALTY,N
3107,N_2,N6IDENTITYDENY,N
3107,N_2,N7COLLECTIVEGUILT,N
3107,N_2,N8VIOLENCE,N
3107,N_2,N9INCITEMENT,N
3107,N_2,N10SELFDETERMINATION,N
3107,N_2,N11JEWISHRIGHTSDEFINE,N
3107,N_2,N11SELFDETERMINATION,N
3107,N_2,N11JEWISHRIGHTS,N
3107,N_2,N12DOUBLESTANDARD,N
4788,N_2,N2CONSPIRACY,N
4788,N_2,N2CONTROLMEDIA,N
4788,N_2,N2CONTROLECONOMY,N
4788,N_2,N2CONTROLGOV,N
4788,N_2,N2CONTROLOTHER,N
4788,N_2,N3COLLECTIVEBLAME,N
4788,N_2,N4HIDDENCONSPIRACY,N
4788,N_2,N4ISRAELHAND,N
4788,N_2,N5LOYALTY,N
4788,N_2,N6IDENTITYDENY,N
4788,N_2,N7COLLECTIVEGUILT,N
4788,N_2,N8VIOLENCE,A
4788,N_2,N9INCITEMENT,A
4788,N_2,N10SELFDETERMINATION,N
4788,N_2,N11JEWISHRIGHTSDEFINE,N
4788,N_2,N11SELFDETERMINATION,N
4788,N_2,N11JEWISHRIGHTS,N
4788,N_2,N12DOUBLESTANDARD,N
20833,N_2,N2CONSPIRACY,N
20833,N_2,N2CONTROLMEDIA,N
20833,N_2,N2CONTROLECONOMY,N
20833,N_2,N2CONTROLGOV,N
20833,N_2,N2CONTROLOTHER,N
20833,N_2,N3COLLECTIVEBLAME,N
20833,N_2,N4HIDDENCONSPIRACY,N
20833,N_2,N4ISRAELHAND,N
20833,N_2,N5LOYALTY,N
20833,N_2,N6IDENTITYDENY,N
20833,N_2,N7COLLECTIVEGUILT,N
20833,N_2,N8VIOLENCE,N
20833,N_2,N9INCITEMENT,N
20833,N_2,N10SELFDETERMINATION,N
20833,N_2,N11JEWISHRIGHTSDEFINE,N
20833,N_2,N11SELFDETERMINATION,N
20833,N_2,N11JEWISHRIGHTS,N
20833,N_2,N12DOUBLESTANDARD,N
18574,N_2,N2CONSPIRACY,N
18574,N_2,N2CONTROLMEDIA,N
18574,N_2,N2CONTROLECONOMY,N
18574,N_2,N2CONTROLGOV,N
18574,N_2,N2CONTROLOTHER,N
18574,N_2,N3COLLECTIVEBLAME,N
18574,N_2,N4HIDDENCONSPIRACY,N
18574,N_2,N4ISRAELHAND,N
18574,N_2,N5LOYALTY,N
18574,N_2,N6IDENTITYDENY,N
18574,N_2,N7COLLECTIVEGUILT,N
18574,N_2,N8VIOLENCE,N
18574,N_2,N9INCITEMENT,N
18574,N_2,N10SELFDETERMINATION,N
18574,N_2,N11JEWISHRIGHTSDEFINE,N
18574,N_2,N11SELFDETERMINATION,N
18574,N_2,N11JEWISHRIGHTS,N
18574,N_2,N12DOUBLESTANDARD,N
28800,N_2,N2CONSPIRACY,N
28800,N_2,N2CONTROLMEDIA,N
28800,N_2,N2CONTROLECONOMY,N
28800,N_2,N2CONTROLGOV,N
28800,N_2,N2CONTROLOTHER,N
28800,N_2,N3COLLECTIVEBLAME,N
28800,N_2,N4HIDDENCONSPIRACY,N
28800,N_2,N4ISRAELHAND,N
28800,N_2,N5LOYALTY,N
28800,N_2,N6IDENTITYDENY,N
28800,N_2,N7COLLECTIVEGUILT,N
28800,N_2,N8VIOLENCE,N
28800,N_2,N9INCITEMENT,N
28800,N_2,N10SELFDETERMINATION,N
28800,N_2,N11JEWISHRIGHTSDEFINE,N
28800,N_2,N11SELFDETERMINATION,N
28800,N_2,N11JEWISHRIGHTS,N
28800,N_2,N12DOUBLESTANDARD,N
4399,N_2,N2CONSPIRACY,N
4399,N_2,N2CONTROLMEDIA,N
4399,N_2,N2CONTROLECONOMY,N
4399,N_2,N2CONTROLGOV,N
4399,N_2,N2CONTROLOTHER,N
4399,N_2,N3COLLECTIVEBLAME,N
4399,N_2,N4HIDDENCONSPIRACY,N
4399,N_2,N4ISRAELHAND,N
4399,N_2,N5LOYALTY,N
4399,N_2,N6IDENTITYDENY,N
4399,N_2,N7COLLECTIVEGUILT,N
4399,N_2,N8VIOLENCE,N
4399,N_2,N9INCITEMENT,N
4399,N_2,N10SELFDETERMINATION,N
4399,N_2,N11JEWISHRIGHTSDEFINE,N
4399,N_2,N11SELFDETERMINATION,N
4399,N_2,N11JEWISHRIGHTS,N
4399,N_2,N12DOUBLESTANDARD,N
14935,N_2,N2CONSPIRACY,N
14935,N_2,N2CONTROLMEDIA,N
14935,N_2,N2CONTROLECONOMY,N
14935,N_2,N2CONTROLGOV,N
14935,N_2,N2CONTROLOTHER,N
14935,N_2,N3COLLECTIVEBLAME,N
14935,N_2,N4HIDDENCONSPIRACY,N
14935,N_2,N4ISRAELHAND,N
14935,N_2,N5LOYALTY,N
14935,N_2,N6IDENTITYDENY,N
14935,N_2,N7COLLECTIVEGUILT,N
14935,N_2,N8VIOLENCE,N
14935,N_2,N9INCITEMENT,N
14935,N_2,N10SELFDETERMINATION,N
14935,N_2,N11JEWISHRIGHTSDEFINE,N
14935,N_2,N11SELFDETERMINATION,N
14935,N_2,N11JEWISHRIGHTS,N
14935,N_2,N12DOUBLESTANDARD,N
4031,N_2,N2CONSPIRACY,I
4031,N_2,N2CONTROLMEDIA,N
4031,N_2,N2CONTROLECONOMY,N
4031,N_2,N2CONTROLGOV,N
4031,N_2,N2CONTROLOTHER,I
4031,N_2,N3COLLECTIVEBLAME,E
4031,N_2,N4HIDDENCONSPIRACY,I
4031,N_2,N4ISRAELHAND,N
4031,N_2,N5LOYALTY,N
4031,N_2,N6IDENTITYDENY,N
4031,N_2,N7COLLECTIVEGUILT,N
4031,N_2,N8VIOLENCE,N
4031,N_2,N9INCITEMENT,N
4031,N_2,N10SELFDETERMINATION,N
4031,N_2,N11JEWISHRIGHTSDEFINE,N
4031,N_2,N11SELFDETERMINATION,N
4031,N_2,N11JEWISHRIGHTS,N
4031,N_2,N12DOUBLESTANDARD,N
38057,N_2,N2CONSPIRACY,N
38057,N_2,N2CONTROLMEDIA,N
38057,N_2,N2CONTROLECONOMY,N
38057,N_2,N2CONTROLGOV,N
38057,N_2,N2CONTROLOTHER,N
38057,N_2,N3COLLECTIVEBLAME,N
38057,N_2,N4HIDDENCONSPIRACY,N
38057,N_2,N4ISRAELHAND,N
38057,N_2,N5LOYALTY,N
38057,N_2,N6IDENTITYDENY,N
38057,N_2,N7COLLECTIVEGUILT,N
38057,N_2,N8VIOLENCE,N
38057,N_2,N9INCITEMENT,N
38057,N_2,N10SELFDETERMINATION,N
38057,N_2,N11JEWISHRIGHTSDEFINE,N
38057,N_2,N11SELFDETERMINATION,N
38057,N_2,N11JEWISHRIGHTS,N
38057,N_2,N12DOUBLESTANDARD,N
5249,N_2,N2CONSPIRACY,N
5249,N_2,N2CONTROLMEDIA,N
5249,N_2,N2CONTROLECONOMY,N
5249,N_2,N2CONTROLGOV,N
5249,N_2,N2CONTROLOTHER,N
5249,N_2,N3COLLECTIVEBLAME,N
5249,N_2,N4HIDDENCONSPIRACY,N
5249,N_2,N4ISRAELHAND,N
5249,N_2,N5LOYALTY,N
5249,N_2,N6IDENTITYDENY,N
5249,N_2,N7COLLECTIVEGUILT,N
5249,N_2,N8VIOLENCE,N
5249,N_2,N9INCITEMENT,N
5249,N_2,N10SELFDETERMINATION,N
5249,N_2,N11JEWISHRIGHTSDEFINE,N
5249,N_2,N11SELFDETERMINATION,N
5249,N_2,N11JEWISHRIGHTS,N
5249,N_2,N12DOUBLESTANDARD,N
16532,N_2,N2CONSPIRACY,N
16532,N_2,N2CONTROLMEDIA,N
16532,N_2,N2CONTROLECONOMY,N
16532,N_2,N2CONTROLGOV,N
16532,N_2,N2CONTROLOTHER,N
16532,N_2,N3COLLECTIVEBLAME,N
16532,N_2,N4HIDDENCONSPIRACY,N
16532,N_2,N4ISRAELHAND,N
16532,N_2,N5LOYALTY,N
16532,N_2,N6IDENTITYDENY,N
16532,N_2,N7COLLECTIVEGUILT,N
16532,N_2,N8VIOLENCE,N
16532,N_2,N9INCITEMENT,N
16532,N_2,N10SELFDETERMINATION,N
16532,N_2,N11JEWISHRIGHTSDEFINE,N
16532,N_2,N11SELFDETERMINATION,N
16532,N_2,N11JEWISHRIGHTS,N
16532,N_2,N12DOUBLESTANDARD,N
30140,N_2,N2CONSPIRACY,N
30140,N_2,N2CONTROLMEDIA,N
30140,N_2,N2CONTROLECONOMY,N
30140,N_2,N2CONTROLGOV,N
30140,N_2,N2CONTROLOTHER,N
30140,N_2,N3COLLECTIVEBLAME,N
30140,N_2,N4HIDDENCONSPIRACY,N
30140,N_2,N4ISRAELHAND,N
30140,N_2,N5LOYALTY,N
30140,N_2,N6IDENTITYDENY,N
30140,N_2,N7COLLECTIVEGUILT,N
30140,N_2,N8VIOLENCE,N
30140,N_2,N9INCITEMENT,N
30140,N_2,N10SELFDETERMINATION,N
30140,N_2,N11JEWISHRIGHTSDEFINE,N
30140,N_2,N11SELFDETERMINATION,N
30140,N_2,N11JEWISHRIGHTS,N
30140,N_2,N12DOUBLESTANDARD,N
11595,N_2,N2CONSPIRACY,N
11595,N_2,N2CONTROLMEDIA,N
11595,N_2,N2CONTROLECONOMY,N
11595,N_2,N2CONTROLGOV,N
11595,N_2,N2CONTROLOTHER,N
11595,N_2,N3COLLECTIVEBLAME,N
11595,N_2,N4HIDDENCONSPIRACY,N
11595,N_2,N4ISRAELHAND,N
11595,N_2,N5LOYALTY,N
11595,N_2,N6IDENTITYDENY,N
11595,N_2,N7COLLECTIVEGUILT,N
11595,N_2,N8VIOLENCE,N
11595,N_2,N9INCITEMENT,N
11595,N_2,N10SELFDETERMINATION,N
11595,N_2,N11JEWISHRIGHTSDEFINE,N
11595,N_2,N11SELFDETERMINATION,N
11595,N_2,N11JEWISHRIGHTS,N
11595,N_2,N12DOUBLESTANDARD,N
17775,N_2,N2CONSPIRACY,N
17775,N_2,N2CONTROLMEDIA,N
17775,N_2,N2CONTROLECONOMY,N
17775,N_2,N2CONTROLGOV,N
17775,N_2,N2CONTROLOTHER,N
17775,N_2,N3COLLECTIVEBLAME,N
17775,N_2,N4HIDDENCONSPIRACY,N
17775,N_2,N4ISRAELHAND,N
17775,N_2,N5LOYALTY,N
17775,N_2,N6IDENTITYDENY,N
17775,N_2,N7COLLECTIVEGUILT,N
17775,N_2,N8VIOLENCE,N
17775,N_2,N9INCITEMENT,N
17775,N_2,N10SELFDETERMINATION,N
17775,N_2,N11JEWISHRIGHTSDEFINE,N
17775,N_2,N11SELFDETERMINATION,N
17775,N_2,N11JEWISHRIGHTS,N
17775,N_2,N12DOUBLESTANDARD,N
23306,N_2,N2CONSPIRACY,I
23306,N_2,N2CONTROLMEDIA,N
23306,N_2,N2CONTROLECONOMY,N
23306,N_2,N2CONTROLGOV,I
23306,N_2,N2CONTROLOTHER,I
23306,N_2,N3COLLECTIVEBLAME,N
23306,N_2,N4HIDDENCONSPIRACY,I
23306,N_2,N4ISRAELHAND,I
23306,N_2,N5LOYALTY,N
23306,N_2,N6IDENTITYDENY,N
23306,N_2,N7COLLECTIVEGUILT,N
23306,N_2,N8VIOLENCE,N
23306,N_2,N9INCITEMENT,N
23306,N_2,N10SELFDETERMINATION,N
23306,N_2,N11JEWISHRIGHTSDEFINE,N
23306,N_2,N11SELFDETERMINATION,N
23306,N_2,N11JEWISHRIGHTS,N
23306,N_2,N12DOUBLESTANDARD,N
44584,N_2,N2CONSPIRACY,E
44584,N_2,N2CONTROLMEDIA,E
44584,N_2,N2CONTROLECONOMY,E
44584,N_2,N2CONTROLGOV,E
44584,N_2,N2CONTROLOTHER,E
44584,N_2,N3COLLECTIVEBLAME,N
44584,N_2,N4HIDDENCONSPIRACY,E
44584,N_2,N4ISRAELHAND,N
44584,N_2,N5LOYALTY,N
44584,N_2,N6IDENTITYDENY,N
44584,N_2,N7COLLECTIVEGUILT,N
44584,N_2,N8VIOLENCE,N
44584,N_2,N9INCITEMENT,E
44584,N_2,N10SELFDETERMINATION,N
44584,N_2,N11JEWISHRIGHTSDEFINE,N
44584,N_2,N11SELFDETERMINATION,N
44584,N_2,N11JEWISHRIGHTS,N
44584,N_2,N12DOUBLESTANDARD,N
40049,N_2,N2CONSPIRACY,N
40049,N_2,N2CONTROLMEDIA,N
40049,N_2,N2CONTROLECONOMY,N
40049,N_2,N2CONTROLGOV,N
40049,N_2,N2CONTROLOTHER,N
40049,N_2,N3COLLECTIVEBLAME,N
40049,N_2,N4HIDDENCONSPIRACY,N
40049,N_2,N4ISRAELHAND,N
40049,N_2,N5LOYALTY,N
40049,N_2,N6IDENTITYDENY,N
40049,N_2,N7COLLECTIVEGUILT,N
40049,N_2,N8VIOLENCE,N
40049,N_2,N9INCITEMENT,N
40049,N_2,N10SELFDETERMINATION,N
40049,N_2,N11JEWISHRIGHTSDEFINE,N
40049,N_2,N11SELFDETERMINATION,N
40049,N_2,N11JEWISHRIGHTS,N
40049,N_2,N12DOUBLESTANDARD,N
37243,N_2,N2CONSPIRACY,N
37243,N_2,N2CONTROLMEDIA,N
37243,N_2,N2CONTROLECONOMY,N
37243,N_2,N2CONTROLGOV,N
37243,N_2,N2CONTROLOTHER,N
37243,N_2,N3COLLECTIVEBLAME,N
37243,N_2,N4HIDDENCONSPIRACY,N
37243,N_2,N4ISRAELHAND,N
37243,N_2,N5LOYALTY,N
37243,N_2,N6IDENTITYDENY,N
37243,N_2,N7COLLECTIVEGUILT,I
37243,N_2,N8VIOLENCE,N
37243,N_2,N9INCITEMENT,N
37243,N_2,N10SELFDETERMINATION,N
37243,N_2,N11JEWISHRIGHTSDEFINE,N
37243,N_2,N11SELFDETERMINATION,N
37243,N_2,N11JEWISHRIGHTS,N
37243,N_2,N12DOUBLESTANDARD,N
31823,N_2,N2CONSPIRACY,N
31823,N_2,N2CONTROLMEDIA,N
31823,N_2,N2CONTROLECONOMY,N
31823,N_2,N2CONTROLGOV,N
31823,N_2,N2CONTROLOTHER,N
31823,N_2,N3COLLECTIVEBLAME,N
31823,N_2,N4HIDDENCONSPIRACY,N
31823,N_2,N4ISRAELHAND,N
31823,N_2,N5LOYALTY,N
31823,N_2,N6IDENTITYDENY,N
31823,N_2,N7COLLECTIVEGUILT,N
31823,N_2,N8VIOLENCE,N
31823,N_2,N9INCITEMENT,N
31823,N_2,N10SELFDETERMINATION,N
31823,N_2,N11JEWISHRIGHTSDEFINE,N
31823,N_2,N11SELFDETERMINATION,N
31823,N_2,N11JEWISHRIGHTS,N
31823,N_2,N12DOUBLESTANDARD,N
20453,N_2,N2CONSPIRACY,N
20453,N_2,N2CONTROLMEDIA,N
20453,N_2,N2CONTROLECONOMY,N
20453,N_2,N2CONTROLGOV,N
20453,N_2,N2CONTROLOTHER,N
20453,N_2,N3COLLECTIVEBLAME,N
20453,N_2,N4HIDDENCONSPIRACY,N
20453,N_2,N4ISRAELHAND,N
20453,N_2,N5LOYALTY,N
20453,N_2,N6IDENTITYDENY,N
20453,N_2,N7COLLECTIVEGUILT,N
20453,N_2,N8VIOLENCE,N
20453,N_2,N9INCITEMENT,N
20453,N_2,N10SELFDETERMINATION,N
20453,N_2,N11JEWISHRIGHTSDEFINE,N
20453,N_2,N11SELFDETERMINATION,N
20453,N_2,N11JEWISHRIGHTS,N
20453,N_2,N12DOUBLESTANDARD,N
24869,N_2,N2CONSPIRACY,N
24869,N_2,N2CONTROLMEDIA,N
24869,N_2,N2CONTROLECONOMY,N
24869,N_2,N2CONTROLGOV,N
24869,N_2,N2CONTROLOTHER,N
24869,N_2,N3COLLECTIVEBLAME,N
24869,N_2,N4HIDDENCONSPIRACY,N
24869,N_2,N4ISRAELHAND,N
24869,N_2,N5LOYALTY,N
24869,N_2,N6IDENTITYDENY,N
24869,N_2,N7COLLECTIVEGUILT,N
24869,N_2,N8VIOLENCE,N
24869,N_2,N9INCITEMENT,N
24869,N_2,N10SELFDETERMINATION,N
24869,N_2,N11JEWISHRIGHTSDEFINE,N
24869,N_2,N11SELFDETERMINATION,N
24869,N_2,N11JEWISHRIGHTS,N
24869,N_2,N12DOUBLESTANDARD,N
9240,N_2,N2CONSPIRACY,N
9240,N_2,N2CONTROLMEDIA,N
9240,N_2,N2CONTROLECONOMY,N
9240,N_2,N2CONTROLGOV,N
9240,N_2,N2CONTROLOTHER,N
9240,N_2,N3COLLECTIVEBLAME,N
9240,N_2,N4HIDDENCONSPIRACY,N
9240,N_2,N4ISRAELHAND,N
9240,N_2,N5LOYALTY,N
9240,N_2,N6IDENTITYDENY,N
9240,N_2,N7COLLECTIVEGUILT,N
9240,N_2,N8VIOLENCE,N
9240,N_2,N9INCITEMENT,N
9240,N_2,N10SELFDETERMINATION,N
9240,N_2,N11JEWISHRIGHTSDEFINE,N
9240,N_2,N11SELFDETERMINATION,N
9240,N_2,N11JEWISHRIGHTS,N
9240,N_2,N12DOUBLESTANDARD,N
15049,N_2,N2CONSPIRACY,N
15049,N_2,N2CONTROLMEDIA,N
15049,N_2,N2CONTROLECONOMY,I
15049,N_2,N2CONTROLGOV,N
15049,N_2,N2CONTROLOTHER,I
15049,N_2,N3COLLECTIVEBLAME,E
15049,N_2,N4HIDDENCONSPIRACY,N
15049,N_2,N4ISRAELHAND,N
15049,N_2,N5LOYALTY,N
15049,N_2,N6IDENTITYDENY,N
15049,N_2,N7COLLECTIVEGUILT,N
15049,N_2,N8VIOLENCE,N
15049,N_2,N9INCITEMENT,N
15049,N_2,N10SELFDETERMINATION,N
15049,N_2,N11JEWISHRIGHTSDEFINE,N
15049,N_2,N11SELFDETERMINATION,N
15049,N_2,N11JEWISHRIGHTS,N
15049,N_2,N12DOUBLESTANDARD,N
21053,N_2,N2CONSPIRACY,N
21053,N_2,N2CONTROLMEDIA,N
21053,N_2,N2CONTROLECONOMY,N
21053,N_2,N2CONTROLGOV,N
21053,N_2,N2CONTROLOTHER,N
21053,N_2,N3COLLECTIVEBLAME,N
21053,N_2,N4HIDDENCONSPIRACY,N
21053,N_2,N4ISRAELHAND,N
21053,N_2,N5LOYALTY,N
21053,N_2,N6IDENTITYDENY,N
21053,N_2,N7COLLECTIVEGUILT,N
21053,N_2,N8VIOLENCE,N
21053,N_2,N9INCITEMENT,N
21053,N_2,N10SELFDETERMINATION,N
21053,N_2,N11JEWISHRIGHTSDEFINE,N
21053,N_2,N11SELFDETERMINATION,N
21053,N_2,N11JEWISHRIGHTS,N
21053,N_2,N12DOUBLESTANDARD,N
32559,N_2,N2CONSPIRACY,N
32559,N_2,N2CONTROLMEDIA,N
32559,N_2,N2CONTROLECONOMY,N
32559,N_2,N2CONTROLGOV,N
32559,N_2,N2CONTROLOTHER,N
32559,N_2,N3COLLECTIVEBLAME,N
32559,N_2,N4HIDDENCONSPIRACY,N
32559,N_2,N4ISRAELHAND,N
32559,N_2,N5LOYALTY,N
32559,N_2,N6IDENTITYDENY,N
32559,N_2,N7COLLECTIVEGUILT,N
32559,N_2,N8VIOLENCE,N
32559,N_2,N9INCITEMENT,N
32559,N_2,N10SELFDETERMINATION,N
32559,N_2,N11JEWISHRIGHTSDEFINE,N
32559,N_2,N11SELFDETERMINATION,N
32559,N_2,N11JEWISHRIGHTS,N
32559,N_2,N12DOUBLESTANDARD,N
9252,N_2,N2CONSPIRACY,N
9252,N_2,N2CONTROLMEDIA,N
9252,N_2,N2CONTROLECONOMY,N
9252,N_2,N2CONTROLGOV,N
9252,N_2,N2CONTROLOTHER,N
9252,N_2,N3COLLECTIVEBLAME,N
9252,N_2,N4HIDDENCONSPIRACY,N
9252,N_2,N4ISRAELHAND,N
9252,N_2,N5LOYALTY,N
9252,N_2,N6IDENTITYDENY,N
9252,N_2,N7COLLECTIVEGUILT,N
9252,N_2,N8VIOLENCE,N
9252,N_2,N9INCITEMENT,N
9252,N_2,N10SELFDETERMINATION,N
9252,N_2,N11JEWISHRIGHTSDEFINE,N
9252,N_2,N11SELFDETERMINATION,N
9252,N_2,N11JEWISHRIGHTS,N
9252,N_2,N12DOUBLESTANDARD,N
11173,N_2,N2CONSPIRACY,N
11173,N_2,N2CONTROLMEDIA,N
11173,N_2,N2CONTROLECONOMY,N
11173,N_2,N2CONTROLGOV,N
11173,N_2,N2CONTROLOTHER,N
11173,N_2,N3COLLECTIVEBLAME,N
11173,N_2,N4HIDDENCONSPIRACY,N
11173,N_2,N4ISRAELHAND,N
11173,N_2,N5LOYALTY,N
11173,N_2,N6IDENTITYDENY,N
11173,N_2,N7COLLECTIVEGUILT,N
11173,N_2,N8VIOLENCE,E
11173,N_2,N9INCITEMENT,E
11173,N_2,N10SELFDETERMINATION,N
11173,N_2,N11JEWISHRIGHTSDEFINE,N
11173,N_2,N11SELFDETERMINATION,N
11173,N_2,N11JEWISHRIGHTS,N
11173,N_2,N12DOUBLESTANDARD,N
2009,N_2,N2CONSPIRACY,N
2009,N_2,N2CONTROLMEDIA,N
2009,N_2,N2CONTROLECONOMY,N
2009,N_2,N2CONTROLGOV,N
2009,N_2,N2CONTROLOTHER,N
2009,N_2,N3COLLECTIVEBLAME,N
2009,N_2,N4HIDDENCONSPIRACY,N
2009,N_2,N4ISRAELHAND,N
2009,N_2,N5LOYALTY,N
2009,N_2,N6IDENTITYDENY,N
2009,N_2,N7COLLECTIVEGUILT,I
2009,N_2,N8VIOLENCE,N
2009,N_2,N9INCITEMENT,N
2009,N_2,N10SELFDETERMINATION,N
2009,N_2,N11JEWISHRIGHTSDEFINE,N
2009,N_2,N11SELFDETERMINATION,N
2009,N_2,N11JEWISHRIGHTS,N
2009,N_2,N12DOUBLESTANDARD,N
12621,N_2,N2CONSPIRACY,I
12621,N_2,N2CONTROLMEDIA,N
12621,N_2,N2CONTROLECONOMY,N
12621,N_2,N2CONTROLGOV,N
12621,N_2,N2CONTROLOTHER,N
12621,N_2,N3COLLECTIVEBLAME,N
12621,N_2,N4HIDDENCONSPIRACY,I
12621,N_2,N4ISRAELHAND,N
12621,N_2,N5LOYALTY,N
12621,N_2,N6IDENTITYDENY,N
12621,N_2,N7COLLECTIVEGUILT,N
12621,N_2,N8VIOLENCE,N
12621,N_2,N9INCITEMENT,N
12621,N_2,N10SELFDETERMINATION,N
12621,N_2,N11JEWISHRIGHTSDEFINE,N
12621,N_2,N11SELFDETERMINATION,N
12621,N_2,N11JEWISHRIGHTS,N
12621,N_2,N12DOUBLESTANDARD,N
6173,N_2,N2CONSPIRACY,N
6173,N_2,N2CONTROLMEDIA,N
6173,N_2,N2CONTROLECONOMY,N
6173,N_2,N2CONTROLGOV,N
6173,N_2,N2CONTROLOTHER,N
6173,N_2,N3COLLECTIVEBLAME,N
6173,N_2,N4HIDDENCONSPIRACY,N
6173,N_2,N4ISRAELHAND,N
6173,N_2,N5LOYALTY,N
6173,N_2,N6IDENTITYDENY,N
6173,N_2,N7COLLECTIVEGUILT,N
6173,N_2,N8VIOLENCE,N
6173,N_2,N9INCITEMENT,N
6173,N_2,N10SELFDETERMINATION,N
6173,N_2,N11JEWISHRIGHTSDEFINE,N
6173,N_2,N11SELFDETERMINATION,N
6173,N_2,N11JEWISHRIGHTS,N
6173,N_2,N12DOUBLESTANDARD,N
31074,N_2,N2CONSPIRACY,N
31074,N_2,N2CONTROLMEDIA,N
31074,N_2,N2CONTROLECONOMY,N
31074,N_2,N2CONTROLGOV,A
31074,N_2,N2CONTROLOTHER,N
31074,N_2,N3COLLECTIVEBLAME,N
31074,N_2,N4HIDDENCONSPIRACY,N
31074,N_2,N4ISRAELHAND,N
31074,N_2,N5LOYALTY,N
31074,N_2,N6IDENTITYDENY,N
31074,N_2,N7COLLECTIVEGUILT,N
31074,N_2,N8VIOLENCE,N
31074,N_2,N9INCITEMENT,N
31074,N_2,N10SELFDETERMINATION,N
31074,N_2,N11JEWISHRIGHTSDEFINE,N
31074,N_2,N11SELFDETERMINATION,N
31074,N_2,N11JEWISHRIGHTS,N
31074,N_2,N12DOUBLESTANDARD,N
1390,N_2,N2CONSPIRACY,N
1390,N_2,N2CONTROLMEDIA,N
1390,N_2,N2CONTROLECONOMY,N
1390,N_2,N2CONTROLGOV,N
1390,N_2,N2CONTROLOTHER,N
1390,N_2,N3COLLECTIVEBLAME,N
1390,N_2,N4HIDDENCONSPIRACY,N
1390,N_2,N4ISRAELHAND,N
1390,N_2,N5LOYALTY,N
1390,N_2,N6IDENTITYDENY,N
1390,N_2,N7COLLECTIVEGUILT,N
1390,N_2,N8VIOLENCE,N
1390,N_2,N9INCITEMENT,N
1390,N_2,N10SELFDETERMINATION,N
1390,N_2,N11JEWISHRIGHTSDEFINE,N
1390,N_2,N11SELFDETERMINATION,N
1390,N_2,N11JEWISHRIGHTS,N
1390,N_2,N12DOUBLESTANDARD,N
34157,N_2,N2CONSPIRACY,N
34157,N_2,N2CONTROLMEDIA,N
34157,N_2,N2CONTROLECONOMY,N
34157,N_2,N2CONTROLGOV,N
34157,N_2,N2CONTROLOTHER,N
34157,N_2,N3COLLECTIVEBLAME,N
34157,N_2,N4HIDDENCONSPIRACY,N
34157,N_2,N4ISRAELHAND,N
34157,N_2,N5LOYALTY,N
34157,N_2,N6IDENTITYDENY,N
34157,N_2,N7COLLECTIVEGUILT,N
34157,N_2,N8VIOLENCE,N
34157,N_2,N9INCITEMENT,N
34157,N_2,N10SELFDETERMINATION,N
34157,N_2,N11JEWISHRIGHTSDEFINE,N
34157,N_2,N11SELFDETERMINATION,N
34157,N_2,N11JEWISHRIGHTS,N
34157,N_2,N12DOUBLESTANDARD,N
44955,N_2,N2CONSPIRACY,N
44955,N_2,N2CONTROLMEDIA,N
44955,N_2,N2CONTROLECONOMY,N
44955,N_2,N2CONTROLGOV,N
44955,N_2,N2CONTROLOTHER,N
44955,N_2,N3COLLECTIVEBLAME,N
44955,N_2,N4HIDDENCONSPIRACY,N
44955,N_2,N4ISRAELHAND,N
44955,N_2,N5LOYALTY,N
44955,N_2,N6IDENTITYDENY,N
44955,N_2,N7COLLECTIVEGUILT,N
44955,N_2,N8VIOLENCE,N
44955,N_2,N9INCITEMENT,N
44955,N_2,N10SELFDETERMINATION,N
44955,N_2,N11JEWISHRIGHTSDEFINE,N
44955,N_2,N11SELFDETERMINATION,N
44955,N_2,N11JEWISHRIGHTS,N
44955,N_2,N12DOUBLESTANDARD,N
1285,N_2,N2CONSPIRACY,N
1285,N_2,N2CONTROLMEDIA,N
1285,N_2,N2CONTROLECONOMY,N
1285,N_2,N2CONTROLGOV,N
1285,N_2,N2CONTROLOTHER,N
1285,N_2,N3COLLECTIVEBLAME,N
1285,N_2,N4HIDDENCONSPIRACY,N
1285,N_2,N4ISRAELHAND,N
1285,N_2,N5LOYALTY,N
1285,N_2,N6IDENTITYDENY,N
1285,N_2,N7COLLECTIVEGUILT,N
1285,N_2,N8VIOLENCE,N
1285,N_2,N9INCITEMENT,N
1285,N_2,N10SELFDETERMINATION,N
1285,N_2,N11JEWISHRIGHTSDEFINE,N
1285,N_2,N11SELFDETERMINATION,N
1285,N_2,N11JEWISHRIGHTS,N
1285,N_2,N12DOUBLESTANDARD,N
31355,N_2,N2CONSPIRACY,N
31355,N_2,N2CONTROLMEDIA,N
31355,N_2,N2CONTROLECONOMY,N
31355,N_2,N2CONTROLGOV,N
31355,N_2,N2CONTROLOTHER,N
31355,N_2,N3COLLECTIVEBLAME,N
31355,N_2,N4HIDDENCONSPIRACY,N
31355,N_2,N4ISRAELHAND,N
31355,N_2,N5LOYALTY,N
31355,N_2,N6IDENTITYDENY,N
31355,N_2,N7COLLECTIVEGUILT,N
31355,N_2,N8VIOLENCE,N
31355,N_2,N9INCITEMENT,N
31355,N_2,N10SELFDETERMINATION,N
31355,N_2,N11JEWISHRIGHTSDEFINE,N
31355,N_2,N11SELFDETERMINATION,N
31355,N_2,N11JEWISHRIGHTS,N
31355,N_2,N12DOUBLESTANDARD,N
24735,N_2,N2CONSPIRACY,N
24735,N_2,N2CONTROLMEDIA,N
24735,N_2,N2CONTROLECONOMY,N
24735,N_2,N2CONTROLGOV,N
24735,N_2,N2CONTROLOTHER,N
24735,N_2,N3COLLECTIVEBLAME,N
24735,N_2,N4HIDDENCONSPIRACY,N
24735,N_2,N4ISRAELHAND,N
24735,N_2,N5LOYALTY,N
24735,N_2,N6IDENTITYDENY,N
24735,N_2,N7COLLECTIVEGUILT,N
24735,N_2,N8VIOLENCE,N
24735,N_2,N9INCITEMENT,N
24735,N_2,N10SELFDETERMINATION,N
24735,N_2,N11JEWISHRIGHTSDEFINE,N
24735,N_2,N11SELFDETERMINATION,N
24735,N_2,N11JEWISHRIGHTS,N
24735,N_2,N12DOUBLESTANDARD,N
16524,N_2,N2CONSPIRACY,N
16524,N_2,N2CONTROLMEDIA,N
16524,N_2,N2CONTROLECONOMY,N
16524,N_2,N2CONTROLGOV,N
16524,N_2,N2CONTROLOTHER,N
16524,N_2,N3COLLECTIVEBLAME,N
16524,N_2,N4HIDDENCONSPIRACY,N
16524,N_2,N4ISRAELHAND,N
16524,N_2,N5LOYALTY,N
16524,N_2,N6IDENTITYDENY,N
16524,N_2,N7COLLECTIVEGUILT,N
16524,N_2,N8VIOLENCE,N
16524,N_2,N9INCITEMENT,N
16524,N_2,N10SELFDETERMINATION,N
16524,N_2,N11JEWISHRIGHTSDEFINE,N
16524,N_2,N11SELFDETERMINATION,N
16524,N_2,N11JEWISHRIGHTS,N
16524,N_2,N12DOUBLESTANDARD,N
6506,N_2,N2CONSPIRACY,N
6506,N_2,N2CONTROLMEDIA,N
6506,N_2,N2CONTROLECONOMY,N
6506,N_2,N2CONTROLGOV,N
6506,N_2,N2CONTROLOTHER,N
6506,N_2,N3COLLECTIVEBLAME,N
6506,N_2,N4HIDDENCONSPIRACY,N
6506,N_2,N4ISRAELHAND,N
6506,N_2,N5LOYALTY,N
6506,N_2,N6IDENTITYDENY,N
6506,N_2,N7COLLECTIVEGUILT,N
6506,N_2,N8VIOLENCE,N
6506,N_2,N9INCITEMENT,N
6506,N_2,N10SELFDETERMINATION,N
6506,N_2,N11JEWISHRIGHTSDEFINE,N
6506,N_2,N11SELFDETERMINATION,N
6506,N_2,N11JEWISHRIGHTS,N
6506,N_2,N12DOUBLESTANDARD,N
12837,N_2,N2CONSPIRACY,N
12837,N_2,N2CONTROLMEDIA,N
12837,N_2,N2CONTROLECONOMY,N
12837,N_2,N2CONTROLGOV,N
12837,N_2,N2CONTROLOTHER,N
12837,N_2,N3COLLECTIVEBLAME,N
12837,N_2,N4HIDDENCONSPIRACY,N
12837,N_2,N4ISRAELHAND,N
12837,N_2,N5LOYALTY,N
12837,N_2,N6IDENTITYDENY,N
12837,N_2,N7COLLECTIVEGUILT,N
12837,N_2,N8VIOLENCE,N
12837,N_2,N9INCITEMENT,N
12837,N_2,N10SELFDETERMINATION,N
12837,N_2,N11JEWISHRIGHTSDEFINE,N
12837,N_2,N11SELFDETERMINATION,N
12837,N_2,N11JEWISHRIGHTS,N
12837,N_2,N12DOUBLESTANDARD,N
15770,N_2,N2CONSPIRACY,N
15770,N_2,N2CONTROLMEDIA,N
15770,N_2,N2CONTROLECONOMY,N
15770,N_2,N2CONTROLGOV,N
15770,N_2,N2CONTROLOTHER,N
15770,N_2,N3COLLECTIVEBLAME,N
15770,N_2,N4HIDDENCONSPIRACY,N
15770,N_2,N4ISRAELHAND,N
15770,N_2,N5LOYALTY,N
15770,N_2,N6IDENTITYDENY,N
15770,N_2,N7COLLECTIVEGUILT,N
15770,N_2,N8VIOLENCE,N
15770,N_2,N9INCITEMENT,N
15770,N_2,N10SELFDETERMINATION,N
15770,N_2,N11JEWISHRIGHTSDEFINE,N
15770,N_2,N11SELFDETERMINATION,N
15770,N_2,N11JEWISHRIGHTS,N
15770,N_2,N12DOUBLESTANDARD,N
17926,N_2,N2CONSPIRACY,N
17926,N_2,N2CONTROLMEDIA,N
17926,N_2,N2CONTROLECONOMY,N
17926,N_2,N2CONTROLGOV,N
17926,N_2,N2CONTROLOTHER,N
17926,N_2,N3COLLECTIVEBLAME,N
17926,N_2,N4HIDDENCONSPIRACY,N
17926,N_2,N4ISRAELHAND,N
17926,N_2,N5LOYALTY,N
17926,N_2,N6IDENTITYDENY,N
17926,N_2,N7COLLECTIVEGUILT,N
17926,N_2,N8VIOLENCE,N
17926,N_2,N9INCITEMENT,N
17926,N_2,N10SELFDETERMINATION,N
17926,N_2,N11JEWISHRIGHTSDEFINE,N
17926,N_2,N11SELFDETERMINATION,N
17926,N_2,N11JEWISHRIGHTS,N
17926,N_2,N12DOUBLESTANDARD,N
41534,N_2,N2CONSPIRACY,N
41534,N_2,N2CONTROLMEDIA,N
41534,N_2,N2CONTROLECONOMY,N
41534,N_2,N2CONTROLGOV,N
41534,N_2,N2CONTROLOTHER,N
41534,N_2,N3COLLECTIVEBLAME,N
41534,N_2,N4HIDDENCONSPIRACY,N
41534,N_2,N4ISRAELHAND,N
41534,N_2,N5LOYALTY,N
41534,N_2,N6IDENTITYDENY,N
41534,N_2,N7COLLECTIVEGUILT,N
41534,N_2,N8VIOLENCE,N
41534,N_2,N9INCITEMENT,N
41534,N_2,N10SELFDETERMINATION,N
41534,N_2,N11JEWISHRIGHTSDEFINE,N
41534,N_2,N11SELFDETERMINATION,N
41534,N_2,N11JEWISHRIGHTS,N
41534,N_2,N12DOUBLESTANDARD,N
45921,N_2,N2CONSPIRACY,N
45921,N_2,N2CONTROLMEDIA,N
45921,N_2,N2CONTROLECONOMY,N
45921,N_2,N2CONTROLGOV,N
45921,N_2,N2CONTROLOTHER,N
45921,N_2,N3COLLECTIVEBLAME,N
45921,N_2,N4HIDDENCONSPIRACY,N
45921,N_2,N4ISRAELHAND,N
45921,N_2,N5LOYALTY,N
45921,N_2,N6IDENTITYDENY,N
45921,N_2,N7COLLECTIVEGUILT,N
45921,N_2,N8VIOLENCE,N
45921,N_2,N9INCITEMENT,N
45921,N_2,N10SELFDETERMINATION,N
45921,N_2,N11JEWISHRIGHTSDEFINE,N
45921,N_2,N11SELFDETERMINATION,N
45921,N_2,N11JEWISHRIGHTS,N
45921,N_2,N12DOUBLESTANDARD,N
21885,N_2,N2CONSPIRACY,N
21885,N_2,N2CONTROLMEDIA,N
21885,N_2,N2CONTROLECONOMY,N
21885,N_2,N2CONTROLGOV,N
21885,N_2,N2CONTROLOTHER,N
21885,N_2,N3COLLECTIVEBLAME,N
21885,N_2,N4HIDDENCONSPIRACY,N
21885,N_2,N4ISRAELHAND,N
21885,N_2,N5LOYALTY,N
21885,N_2,N6IDENTITYDENY,N
21885,N_2,N7COLLECTIVEGUILT,N
21885,N_2,N8VIOLENCE,N
21885,N_2,N9INCITEMENT,N
21885,N_2,N10SELFDETERMINATION,N
21885,N_2,N11JEWISHRIGHTSDEFINE,N
21885,N_2,N11SELFDETERMINATION,N
21885,N_2,N11JEWISHRIGHTS,N
21885,N_2,N12DOUBLESTANDARD,N
22629,N_2,N2CONSPIRACY,N
22629,N_2,N2CONTROLMEDIA,N
22629,N_2,N2CONTROLECONOMY,N
22629,N_2,N2CONTROLGOV,N
22629,N_2,N2CONTROLOTHER,N
22629,N_2,N3COLLECTIVEBLAME,N
22629,N_2,N4HIDDENCONSPIRACY,N
22629,N_2,N4ISRAELHAND,N
22629,N_2,N5LOYALTY,N
22629,N_2,N6IDENTITYDENY,N
22629,N_2,N7COLLECTIVEGUILT,N
22629,N_2,N8VIOLENCE,N
22629,N_2,N9INCITEMENT,N
22629,N_2,N10SELFDETERMINATION,N
22629,N_2,N11JEWISHRIGHTSDEFINE,N
22629,N_2,N11SELFDETERMINATION,N
22629,N_2,N11JEWISHRIGHTS,N
22629,N_2,N12DOUBLESTANDARD,N
40479,N_2,N2CONSPIRACY,N
40479,N_2,N2CONTROLMEDIA,N
40479,N_2,N2CONTROLECONOMY,N
40479,N_2,N2CONTROLGOV,N
40479,N_2,N2CONTROLOTHER,N
40479,N_2,N3COLLECTIVEBLAME,N
40479,N_2,N4HIDDENCONSPIRACY,N
40479,N_2,N4ISRAELHAND,N
40479,N_2,N5LOYALTY,N
40479,N_2,N6IDENTITYDENY,N
40479,N_2,N7COLLECTIVEGUILT,I
40479,N_2,N8VIOLENCE,N
40479,N_2,N9INCITEMENT,I
40479,N_2,N10SELFDETERMINATION,N
40479,N_2,N11JEWISHRIGHTSDEFINE,N
40479,N_2,N11SELFDETERMINATION,N
40479,N_2,N11JEWISHRIGHTS,N
40479,N_2,N12DOUBLESTANDARD,N
1542,N_2,N2CONSPIRACY,N
1542,N_2,N2CONTROLMEDIA,N
1542,N_2,N2CONTROLECONOMY,N
1542,N_2,N2CONTROLGOV,N
1542,N_2,N2CONTROLOTHER,N
1542,N_2,N3COLLECTIVEBLAME,N
1542,N_2,N4HIDDENCONSPIRACY,N
1542,N_2,N4ISRAELHAND,N
1542,N_2,N5LOYALTY,N
1542,N_2,N6IDENTITYDENY,N
1542,N_2,N7COLLECTIVEGUILT,N
1542,N_2,N8VIOLENCE,N
1542,N_2,N9INCITEMENT,N
1542,N_2,N10SELFDETERMINATION,N
1542,N_2,N11JEWISHRIGHTSDEFINE,N
1542,N_2,N11SELFDETERMINATION,N
1542,N_2,N11JEWISHRIGHTS,N
1542,N_2,N12DOUBLESTANDARD,N
46898,N_2,N2CONSPIRACY,N
46898,N_2,N2CONTROLMEDIA,N
46898,N_2,N2CONTROLECONOMY,N
46898,N_2,N2CONTROLGOV,N
46898,N_2,N2CONTROLOTHER,N
46898,N_2,N3COLLECTIVEBLAME,N
46898,N_2,N4HIDDENCONSPIRACY,N
46898,N_2,N4ISRAELHAND,N
46898,N_2,N5LOYALTY,N
46898,N_2,N6IDENTITYDENY,N
46898,N_2,N7COLLECTIVEGUILT,N
46898,N_2,N8VIOLENCE,N
46898,N_2,N9INCITEMENT,N
46898,N_2,N10SELFDETERMINATION,N
46898,N_2,N11JEWISHRIGHTSDEFINE,N
46898,N_2,N11SELFDETERMINATION,N
46898,N_2,N11JEWISHRIGHTS,N
46898,N_2,N12DOUBLESTANDARD,N
40405,N_2,N2CONSPIRACY,N
40405,N_2,N2CONTROLMEDIA,N
40405,N_2,N2CONTROLECONOMY,N
40405,N_2,N2CONTROLGOV,N
40405,N_2,N2CONTROLOTHER,N
40405,N_2,N3COLLECTIVEBLAME,N
40405,N_2,N4HIDDENCONSPIRACY,N
40405,N_2,N4ISRAELHAND,N
40405,N_2,N5LOYALTY,N
40405,N_2,N6IDENTITYDENY,N
40405,N_2,N7COLLECTIVEGUILT,N
40405,N_2,N8VIOLENCE,N
40405,N_2,N9INCITEMENT,N
40405,N_2,N10SELFDETERMINATION,N
40405,N_2,N11JEWISHRIGHTSDEFINE,N
40405,N_2,N11SELFDETERMINATION,N
40405,N_2,N11JEWISHRIGHTS,N
40405,N_2,N12DOUBLESTANDARD,N
35739,N_2,N2CONSPIRACY,N
35739,N_2,N2CONTROLMEDIA,N
35739,N_2,N2CONTROLECONOMY,N
35739,N_2,N2CONTROLGOV,N
35739,N_2,N2CONTROLOTHER,N
35739,N_2,N3COLLECTIVEBLAME,N
35739,N_2,N4HIDDENCONSPIRACY,N
35739,N_2,N4ISRAELHAND,N
35739,N_2,N5LOYALTY,N
35739,N_2,N6IDENTITYDENY,N
35739,N_2,N7COLLECTIVEGUILT,N
35739,N_2,N8VIOLENCE,N
35739,N_2,N9INCITEMENT,N
35739,N_2,N10SELFDETERMINATION,N
35739,N_2,N11JEWISHRIGHTSDEFINE,N
35739,N_2,N11SELFDETERMINATION,N
35739,N_2,N11JEWISHRIGHTS,N
35739,N_2,N12DOUBLESTANDARD,N
42167,N_2,N2CONSPIRACY,N
42167,N_2,N2CONTROLMEDIA,N
42167,N_2,N2CONTROLECONOMY,N
42167,N_2,N2CONTROLGOV,N
42167,N_2,N2CONTROLOTHER,N
42167,N_2,N3COLLECTIVEBLAME,N
42167,N_2,N4HIDDENCONSPIRACY,N
42167,N_2,N4ISRAELHAND,N
42167,N_2,N5LOYALTY,N
42167,N_2,N6IDENTITYDENY,N
42167,N_2,N7COLLECTIVEGUILT,N
42167,N_2,N8VIOLENCE,N
42167,N_2,N9INCITEMENT,E
42167,N_2,N10SELFDETERMINATION,N
42167,N_2,N11JEWISHRIGHTSDEFINE,N
42167,N_2,N11SELFDETERMINATION,N
42167,N_2,N11JEWISHRIGHTS,N
42167,N_2,N12DOUBLESTANDARD,N
45734,N_2,N2CONSPIRACY,N
45734,N_2,N2CONTROLMEDIA,N
45734,N_2,N2CONTROLECONOMY,N
45734,N_2,N2CONTROLGOV,N
45734,N_2,N2CONTROLOTHER,N
45734,N_2,N3COLLECTIVEBLAME,N
45734,N_2,N4HIDDENCONSPIRACY,N
45734,N_2,N4ISRAELHAND,N
45734,N_2,N5LOYALTY,N
45734,N_2,N6IDENTITYDENY,A
45734,N_2,N7COLLECTIVEGUILT,N
45734,N_2,N8VIOLENCE,N
45734,N_2,N9INCITEMENT,N
45734,N_2,N10SELFDETERMINATION,N
45734,N_2,N11JEWISHRIGHTSDEFINE,N
45734,N_2,N11SELFDETERMINATION,N
45734,N_2,N11JEWISHRIGHTS,N
45734,N_2,N12DOUBLESTANDARD,N
11442,N_2,N2CONSPIRACY,N
11442,N_2,N2CONTROLMEDIA,N
11442,N_2,N2CONTROLECONOMY,N
11442,N_2,N2CONTROLGOV,N
11442,N_2,N2CONTROLOTHER,N
11442,N_2,N3COLLECTIVEBLAME,N
11442,N_2,N4HIDDENCONSPIRACY,N
11442,N_2,N4ISRAELHAND,N
11442,N_2,N5LOYALTY,N
11442,N_2,N6IDENTITYDENY,N
11442,N_2,N7COLLECTIVEGUILT,N
11442,N_2,N8VIOLENCE,N
11442,N_2,N9INCITEMENT,N
11442,N_2,N10SELFDETERMINATION,N
11442,N_2,N11JEWISHRIGHTSDEFINE,N
11442,N_2,N11SELFDETERMINATION,N
11442,N_2,N11JEWISHRIGHTS,N
11442,N_2,N12DOUBLESTANDARD,N
48585,N_2,N2CONSPIRACY,N
48585,N_2,N2CONTROLMEDIA,N
48585,N_2,N2CONTROLECONOMY,N
48585,N_2,N2CONTROLGOV,N
48585,N_2,N2CONTROLOTHER,N
48585,N_2,N3COLLECTIVEBLAME,N
48585,N_2,N4HIDDENCONSPIRACY,N
48585,N_2,N4ISRAELHAND,N
48585,N_2,N5LOYALTY,N
48585,N_2,N6IDENTITYDENY,N
48585,N_2,N7COLLECTIVEGUILT,N
48585,N_2,N8VIOLENCE,N
48585,N_2,N9INCITEMENT,N
48585,N_2,N10SELFDETERMINATION,N
48585,N_2,N11JEWISHRIGHTSDEFINE,N
48585,N_2,N11SELFDETERMINATION,N
48585,N_2,N11JEWISHRIGHTS,N
48585,N_2,N12DOUBLESTANDARD,N
10399,N_2,N2CONSPIRACY,N
10399,N_2,N2CONTROLMEDIA,N
10399,N_2,N2CONTROLECONOMY,N
10399,N_2,N2CONTROLGOV,N
10399,N_2,N2CONTROLOTHER,N
10399,N_2,N3COLLECTIVEBLAME,N
10399,N_2,N4HIDDENCONSPIRACY,N
10399,N_2,N4ISRAELHAND,N
10399,N_2,N5LOYALTY,N
10399,N_2,N6IDENTITYDENY,N
10399,N_2,N7COLLECTIVEGUILT,N
10399,N_2,N8VIOLENCE,N
10399,N_2,N9INCITEMENT,N
10399,N_2,N10SELFDETERMINATION,N
10399,N_2,N11JEWISHRIGHTSDEFINE,N
10399,N_2,N11SELFDETERMINATION,N
10399,N_2,N11JEWISHRIGHTS,N
10399,N_2,N12DOUBLESTANDARD,N
32818,N_2,N2CONSPIRACY,N
32818,N_2,N2CONTROLMEDIA,N
32818,N_2,N2CONTROLECONOMY,N
32818,N_2,N2CONTROLGOV,N
32818,N_2,N2CONTROLOTHER,N
32818,N_2,N3COLLECTIVEBLAME,N
32818,N_2,N4HIDDENCONSPIRACY,N
32818,N_2,N4ISRAELHAND,N
32818,N_2,N5LOYALTY,N
32818,N_2,N6IDENTITYDENY,N
32818,N_2,N7COLLECTIVEGUILT,N
32818,N_2,N8VIOLENCE,N
32818,N_2,N9INCITEMENT,N
32818,N_2,N10SELFDETERMINATION,N
32818,N_2,N11JEWISHRIGHTSDEFINE,N
32818,N_2,N11SELFDETERMINATION,N
32818,N_2,N11JEWISHRIGHTS,N
32818,N_2,N12DOUBLESTANDARD,N
21753,N_2,N2CONSPIRACY,N
21753,N_2,N2CONTROLMEDIA,N
21753,N_2,N2CONTROLECONOMY,N
21753,N_2,N2CONTROLGOV,N
21753,N_2,N2CONTROLOTHER,N
21753,N_2,N3COLLECTIVEBLAME,N
21753,N_2,N4HIDDENCONSPIRACY,N
21753,N_2,N4ISRAELHAND,N
21753,N_2,N5LOYALTY,N
21753,N_2,N6IDENTITYDENY,N
21753,N_2,N7COLLECTIVEGUILT,N
21753,N_2,N8VIOLENCE,N
21753,N_2,N9INCITEMENT,N
21753,N_2,N10SELFDETERMINATION,N
21753,N_2,N11JEWISHRIGHTSDEFINE,N
21753,N_2,N11SELFDETERMINATION,N
21753,N_2,N11JEWISHRIGHTS,N
21753,N_2,N12DOUBLESTANDARD,N
42415,N_2,N2CONSPIRACY,I
42415,N_2,N2CONTROLMEDIA,N
42415,N_2,N2CONTROLECONOMY,N
42415,N_2,N2CONTROLGOV,I
42415,N_2,N2CONTROLOTHER,N
42415,N_2,N3COLLECTIVEBLAME,I
42415,N_2,N4HIDDENCONSPIRACY,I
42415,N_2,N4ISRAELHAND,N
42415,N_2,N5LOYALTY,N
42415,N_2,N6IDENTITYDENY,N
42415,N_2,N7COLLECTIVEGUILT,I
42415,N_2,N8VIOLENCE,N
42415,N_2,N9INCITEMENT,N
42415,N_2,N10SELFDETERMINATION,N
42415,N_2,N11JEWISHRIGHTSDEFINE,N
42415,N_2,N11SELFDETERMINATION,N
42415,N_2,N11JEWISHRIGHTS,N
42415,N_2,N12DOUBLESTANDARD,N
48088,N_2,N2CONSPIRACY,N
48088,N_2,N2CONTROLMEDIA,N
48088,N_2,N2CONTROLECONOMY,N
48088,N_2,N2CONTROLGOV,N
48088,N_2,N2CONTROLOTHER,N
48088,N_2,N3COLLECTIVEBLAME,N
48088,N_2,N4HIDDENCONSPIRACY,N
48088,N_2,N4ISRAELHAND,N
48088,N_2,N5LOYALTY,N
48088,N_2,N6IDENTITYDENY,N
48088,N_2,N7COLLECTIVEGUILT,N
48088,N_2,N8VIOLENCE,N
48088,N_2,N9INCITEMENT,N
48088,N_2,N10SELFDETERMINATION,N
48088,N_2,N11JEWISHRIGHTSDEFINE,N
48088,N_2,N11SELFDETERMINATION,N
48088,N_2,N11JEWISHRIGHTS,N
48088,N_2,N12DOUBLESTANDARD,N
48161,N_2,N2CONSPIRACY,N
48161,N_2,N2CONTROLMEDIA,N
48161,N_2,N2CONTROLECONOMY,N
48161,N_2,N2CONTROLGOV,N
48161,N_2,N2CONTROLOTHER,N
48161,N_2,N3COLLECTIVEBLAME,I
48161,N_2,N4HIDDENCONSPIRACY,N
48161,N_2,N4ISRAELHAND,N
48161,N_2,N5LOYALTY,N
48161,N_2,N6IDENTITYDENY,N
48161,N_2,N7COLLECTIVEGUILT,I
48161,N_2,N8VIOLENCE,N
48161,N_2,N9INCITEMENT,N
48161,N_2,N10SELFDETERMINATION,N
48161,N_2,N11JEWISHRIGHTSDEFINE,N
48161,N_2,N11SELFDETERMINATION,N
48161,N_2,N11JEWISHRIGHTS,N
48161,N_2,N12DOUBLESTANDARD,N
23429,N_2,N2CONSPIRACY,N
23429,N_2,N2CONTROLMEDIA,N
23429,N_2,N2CONTROLECONOMY,N
23429,N_2,N2CONTROLGOV,N
23429,N_2,N2CONTROLOTHER,N
23429,N_2,N3COLLECTIVEBLAME,N
23429,N_2,N4HIDDENCONSPIRACY,N
23429,N_2,N4ISRAELHAND,N
23429,N_2,N5LOYALTY,N
23429,N_2,N6IDENTITYDENY,N
23429,N_2,N7COLLECTIVEGUILT,N
23429,N_2,N8VIOLENCE,N
23429,N_2,N9INCITEMENT,N
23429,N_2,N10SELFDETERMINATION,N
23429,N_2,N11JEWISHRIGHTSDEFINE,N
23429,N_2,N11SELFDETERMINATION,N
23429,N_2,N11JEWISHRIGHTS,N
23429,N_2,N12DOUBLESTANDARD,N
31537,N_2,N2CONSPIRACY,N
31537,N_2,N2CONTROLMEDIA,N
31537,N_2,N2CONTROLECONOMY,N
31537,N_2,N2CONTROLGOV,N
31537,N_2,N2CONTROLOTHER,N
31537,N_2,N3COLLECTIVEBLAME,N
31537,N_2,N4HIDDENCONSPIRACY,N
31537,N_2,N4ISRAELHAND,N
31537,N_2,N5LOYALTY,N
31537,N_2,N6IDENTITYDENY,N
31537,N_2,N7COLLECTIVEGUILT,N
31537,N_2,N8VIOLENCE,N
31537,N_2,N9INCITEMENT,N
31537,N_2,N10SELFDETERMINATION,N
31537,N_2,N11JEWISHRIGHTSDEFINE,N
31537,N_2,N11SELFDETERMINATION,N
31537,N_2,N11JEWISHRIGHTS,N
31537,N_2,N12DOUBLESTANDARD,N
30516,N_2,N2CONSPIRACY,N
30516,N_2,N2CONTROLMEDIA,N
30516,N_2,N2CONTROLECONOMY,N
30516,N_2,N2CONTROLGOV,N
30516,N_2,N2CONTROLOTHER,N
30516,N_2,N3COLLECTIVEBLAME,N
30516,N_2,N4HIDDENCONSPIRACY,N
30516,N_2,N4ISRAELHAND,N
30516,N_2,N5LOYALTY,N
30516,N_2,N6IDENTITYDENY,N
30516,N_2,N7COLLECTIVEGUILT,N
30516,N_2,N8VIOLENCE,N
30516,N_2,N9INCITEMENT,N
30516,N_2,N10SELFDETERMINATION,N
30516,N_2,N11JEWISHRIGHTSDEFINE,N
30516,N_2,N11SELFDETERMINATION,N
30516,N_2,N11JEWISHRIGHTS,N
30516,N_2,N12DOUBLESTANDARD,N
32578,N_2,N2CONSPIRACY,N
32578,N_2,N2CONTROLMEDIA,N
32578,N_2,N2CONTROLECONOMY,N
32578,N_2,N2CONTROLGOV,N
32578,N_2,N2CONTROLOTHER,N
32578,N_2,N3COLLECTIVEBLAME,N
32578,N_2,N4HIDDENCONSPIRACY,N
32578,N_2,N4ISRAELHAND,N
32578,N_2,N5LOYALTY,N
32578,N_2,N6IDENTITYDENY,N
32578,N_2,N7COLLECTIVEGUILT,N
32578,N_2,N8VIOLENCE,N
32578,N_2,N9INCITEMENT,N
32578,N_2,N10SELFDETERMINATION,N
32578,N_2,N11JEWISHRIGHTSDEFINE,N
32578,N_2,N11SELFDETERMINATION,N
32578,N_2,N11JEWISHRIGHTS,N
32578,N_2,N12DOUBLESTANDARD,N
49450,N_2,N2CONSPIRACY,N
49450,N_2,N2CONTROLMEDIA,N
49450,N_2,N2CONTROLECONOMY,N
49450,N_2,N2CONTROLGOV,N
49450,N_2,N2CONTROLOTHER,N
49450,N_2,N3COLLECTIVEBLAME,N
49450,N_2,N4HIDDENCONSPIRACY,N
49450,N_2,N4ISRAELHAND,N
49450,N_2,N5LOYALTY,N
49450,N_2,N6IDENTITYDENY,N
49450,N_2,N7COLLECTIVEGUILT,N
49450,N_2,N8VIOLENCE,N
49450,N_2,N9INCITEMENT,N
49450,N_2,N10SELFDETERMINATION,N
49450,N_2,N11JEWISHRIGHTSDEFINE,N
49450,N_2,N11SELFDETERMINATION,N
49450,N_2,N11JEWISHRIGHTS,N
49450,N_2,N12DOUBLESTANDARD,N
12924,N_2,N2CONSPIRACY,N
12924,N_2,N2CONTROLMEDIA,N
12924,N_2,N2CONTROLECONOMY,N
12924,N_2,N2CONTROLGOV,N
12924,N_2,N2CONTROLOTHER,N
12924,N_2,N3COLLECTIVEBLAME,N
12924,N_2,N4HIDDENCONSPIRACY,N
12924,N_2,N4ISRAELHAND,N
12924,N_2,N5LOYALTY,N
12924,N_2,N6IDENTITYDENY,N
12924,N_2,N7COLLECTIVEGUILT,N
12924,N_2,N8VIOLENCE,N
12924,N_2,N9INCITEMENT,N
12924,N_2,N10SELFDETERMINATION,N
12924,N_2,N11JEWISHRIGHTSDEFINE,N
12924,N_2,N11SELFDETERMINATION,N
12924,N_2,N11JEWISHRIGHTS,N
12924,N_2,N12DOUBLESTANDARD,N
29799,N_2,N2CONSPIRACY,N
29799,N_2,N2CONTROLMEDIA,N
29799,N_2,N2CONTROLECONOMY,N
29799,N_2,N2CONTROLGOV,N
29799,N_2,N2CONTROLOTHER,N
29799,N_2,N3COLLECTIVEBLAME,N
29799,N_2,N4HIDDENCONSPIRACY,N
29799,N_2,N4ISRAELHAND,N
29799,N_2,N5LOYALTY,N
29799,N_2,N6IDENTITYDENY,N
29799,N_2,N7COLLECTIVEGUILT,N
29799,N_2,N8VIOLENCE,N
29799,N_2,N9INCITEMENT,N
29799,N_2,N10SELFDETERMINATION,N
29799,N_2,N11JEWISHRIGHTSDEFINE,N
29799,N_2,N11SELFDETERMINATION,N
29799,N_2,N11JEWISHRIGHTS,N
29799,N_2,N12DOUBLESTANDARD,N
43887,N_2,N2CONSPIRACY,N
43887,N_2,N2CONTROLMEDIA,N
43887,N_2,N2CONTROLECONOMY,N
43887,N_2,N2CONTROLGOV,N
43887,N_2,N2CONTROLOTHER,N
43887,N_2,N3COLLECTIVEBLAME,N
43887,N_2,N4HIDDENCONSPIRACY,N
43887,N_2,N4ISRAELHAND,N
43887,N_2,N5LOYALTY,N
43887,N_2,N6IDENTITYDENY,N
43887,N_2,N7COLLECTIVEGUILT,N
43887,N_2,N8VIOLENCE,N
43887,N_2,N9INCITEMENT,N
43887,N_2,N10SELFDETERMINATION,N
43887,N_2,N11JEWISHRIGHTSDEFINE,N
43887,N_2,N11SELFDETERMINATION,N
43887,N_2,N11JEWISHRIGHTS,N
43887,N_2,N12DOUBLESTANDARD,N
35317,N_2,N2CONSPIRACY,N
35317,N_2,N2CONTROLMEDIA,N
35317,N_2,N2CONTROLECONOMY,N
35317,N_2,N2CONTROLGOV,N
35317,N_2,N2CONTROLOTHER,N
35317,N_2,N3COLLECTIVEBLAME,N
35317,N_2,N4HIDDENCONSPIRACY,N
35317,N_2,N4ISRAELHAND,N
35317,N_2,N5LOYALTY,N
35317,N_2,N6IDENTITYDENY,N
35317,N_2,N7COLLECTIVEGUILT,N
35317,N_2,N8VIOLENCE,N
35317,N_2,N9INCITEMENT,E
35317,N_2,N10SELFDETERMINATION,N
35317,N_2,N11JEWISHRIGHTSDEFINE,N
35317,N_2,N11SELFDETERMINATION,N
35317,N_2,N11JEWISHRIGHTS,N
35317,N_2,N12DOUBLESTANDARD,N
40184,N_2,N2CONSPIRACY,N
40184,N_2,N2CONTROLMEDIA,N
40184,N_2,N2CONTROLECONOMY,N
40184,N_2,N2CONTROLGOV,N
40184,N_2,N2CONTROLOTHER,N
40184,N_2,N3COLLECTIVEBLAME,N
40184,N_2,N4HIDDENCONSPIRACY,N
40184,N_2,N4ISRAELHAND,N
40184,N_2,N5LOYALTY,N
40184,N_2,N6IDENTITYDENY,N
40184,N_2,N7COLLECTIVEGUILT,N
40184,N_2,N8VIOLENCE,N
40184,N_2,N9INCITEMENT,N
40184,N_2,N10SELFDETERMINATION,N
40184,N_2,N11JEWISHRIGHTSDEFINE,N
40184,N_2,N11SELFDETERMINATION,N
40184,N_2,N11JEWISHRIGHTS,N
40184,N_2,N12DOUBLESTANDARD,N
25378,N_2,N2CONSPIRACY,I
25378,N_2,N2CONTROLMEDIA,I
25378,N_2,N2CONTROLECONOMY,N
25378,N_2,N2CONTROLGOV,N
25378,N_2,N2CONTROLOTHER,N
25378,N_2,N3COLLECTIVEBLAME,N
25378,N_2,N4HIDDENCONSPIRACY,N
25378,N_2,N4ISRAELHAND,N
25378,N_2,N5LOYALTY,N
25378,N_2,N6IDENTITYDENY,N
25378,N_2,N7COLLECTIVEGUILT,N
25378,N_2,N8VIOLENCE,N
25378,N_2,N9INCITEMENT,N
25378,N_2,N10SELFDETERMINATION,N
25378,N_2,N11JEWISHRIGHTSDEFINE,N
25378,N_2,N11SELFDETERMINATION,N
25378,N_2,N11JEWISHRIGHTS,N
25378,N_2,N12DOUBLESTANDARD,N
41342,N_2,PARSE_ERROR,Expecting value: line 1 column 1 (char 0)
48122,N_2,PARSE_ERROR,Expecting value: line 1 column 1 (char 0)
49731,N_2,N2CONSPIRACY,A
49731,N_2,N2CONTROLMEDIA,N
49731,N_2,N2CONTROLECONOMY,N
49731,N_2,N2CONTROLGOV,N
49731,N_2,N2CONTROLOTHER,N
49731,N_2,N3COLLECTIVEBLAME,N
49731,N_2,N4HIDDENCONSPIRACY,N
49731,N_2,N4ISRAELHAND,A
49731,N_2,N5LOYALTY,N
49731,N_2,N6IDENTITYDENY,N
49731,N_2,N7COLLECTIVEGUILT,N
49731,N_2,N8VIOLENCE,N
49731,N_2,N9INCITEMENT,N
49731,N_2,N10SELFDETERMINATION,N
49731,N_2,N11JEWISHRIGHTSDEFINE,N
49731,N_2,N11SELFDETERMINATION,N
49731,N_2,N11JEWISHRIGHTS,N
49731,N_2,N12DOUBLESTANDARD,N
10021,N_2,N2CONSPIRACY,I
10021,N_2,N2CONTROLMEDIA,N
10021,N_2,N2CONTROLECONOMY,I
10021,N_2,N2CONTROLGOV,I
10021,N_2,N2CONTROLOTHER,I
10021,N_2,N3COLLECTIVEBLAME,N
10021,N_2,N4HIDDENCONSPIRACY,I
10021,N_2,N4ISRAELHAND,N
10021,N_2,N5LOYALTY,N
10021,N_2,N6IDENTITYDENY,N
10021,N_2,N7COLLECTIVEGUILT,N
10021,N_2,N8VIOLENCE,N
10021,N_2,N9INCITEMENT,N
10021,N_2,N10SELFDETERMINATION,N
10021,N_2,N11JEWISHRIGHTSDEFINE,N
10021,N_2,N11SELFDETERMINATION,N
10021,N_2,N11JEWISHRIGHTS,N
10021,N_2,N12DOUBLESTANDARD,N
44243,N_2,N2CONSPIRACY,N
44243,N_2,N2CONTROLMEDIA,N
44243,N_2,N2CONTROLECONOMY,N
44243,N_2,N2CONTROLGOV,N
44243,N_2,N2CONTROLOTHER,N
44243,N_2,N3COLLECTIVEBLAME,N
44243,N_2,N4HIDDENCONSPIRACY,N
44243,N_2,N4ISRAELHAND,N
44243,N_2,N5LOYALTY,N
44243,N_2,N6IDENTITYDENY,N
44243,N_2,N7COLLECTIVEGUILT,N
44243,N_2,N8VIOLENCE,N
44243,N_2,N9INCITEMENT,N
44243,N_2,N10SELFDETERMINATION,N
44243,N_2,N11JEWISHRIGHTSDEFINE,N
44243,N_2,N11SELFDETERMINATION,N
44243,N_2,N11JEWISHRIGHTS,N
44243,N_2,N12DOUBLESTANDARD,N
33666,N_2,N2CONSPIRACY,N
33666,N_2,N2CONTROLMEDIA,N
33666,N_2,N2CONTROLECONOMY,N
33666,N_2,N2CONTROLGOV,N
33666,N_2,N2CONTROLOTHER,N
33666,N_2,N3COLLECTIVEBLAME,N
33666,N_2,N4HIDDENCONSPIRACY,N
33666,N_2,N4ISRAELHAND,N
33666,N_2,N5LOYALTY,N
33666,N_2,N6IDENTITYDENY,N
33666,N_2,N7COLLECTIVEGUILT,N
33666,N_2,N8VIOLENCE,N
33666,N_2,N9INCITEMENT,N
33666,N_2,N10SELFDETERMINATION,N
33666,N_2,N11JEWISHRIGHTSDEFINE,N
33666,N_2,N11SELFDETERMINATION,N
33666,N_2,N11JEWISHRIGHTS,N
33666,N_2,N12DOUBLESTANDARD,N
45949,N_2,N2CONSPIRACY,A
45949,N_2,N2CONTROLMEDIA,N
45949,N_2,N2CONTROLECONOMY,I
45949,N_2,N2CONTROLGOV,N
45949,N_2,N2CONTROLOTHER,A
45949,N_2,N3COLLECTIVEBLAME,I
45949,N_2,N4HIDDENCONSPIRACY,N
45949,N_2,N4ISRAELHAND,N
45949,N_2,N5LOYALTY,N
45949,N_2,N6IDENTITYDENY,N
45949,N_2,N7COLLECTIVEGUILT,N
45949,N_2,N8VIOLENCE,N
45949,N_2,N9INCITEMENT,N
45949,N_2,N10SELFDETERMINATION,N
45949,N_2,N11JEWISHRIGHTSDEFINE,N
45949,N_2,N11SELFDETERMINATION,N
45949,N_2,N11JEWISHRIGHTS,N
45949,N_2,N12DOUBLESTANDARD,N
36456,N_2,N2CONSPIRACY,N
36456,N_2,N2CONTROLMEDIA,N
36456,N_2,N2CONTROLECONOMY,N
36456,N_2,N2CONTROLGOV,N
36456,N_2,N2CONTROLOTHER,N
36456,N_2,N3COLLECTIVEBLAME,N
36456,N_2,N4HIDDENCONSPIRACY,N
36456,N_2,N4ISRAELHAND,N
36456,N_2,N5LOYALTY,N
36456,N_2,N6IDENTITYDENY,N
36456,N_2,N7COLLECTIVEGUILT,N
36456,N_2,N8VIOLENCE,N
36456,N_2,N9INCITEMENT,N
36456,N_2,N10SELFDETERMINATION,N
36456,N_2,N11JEWISHRIGHTSDEFINE,N
36456,N_2,N11SELFDETERMINATION,N
36456,N_2,N11JEWISHRIGHTS,N
36456,N_2,N12DOUBLESTANDARD,N
2447,N_2,N2CONSPIRACY,N
2447,N_2,N2CONTROLMEDIA,N
2447,N_2,N2CONTROLECONOMY,N
2447,N_2,N2CONTROLGOV,N
2447,N_2,N2CONTROLOTHER,N
2447,N_2,N3COLLECTIVEBLAME,N
2447,N_2,N4HIDDENCONSPIRACY,N
2447,N_2,N4ISRAELHAND,N
2447,N_2,N5LOYALTY,N
2447,N_2,N6IDENTITYDENY,N
2447,N_2,N7COLLECTIVEGUILT,N
2447,N_2,N8VIOLENCE,N
2447,N_2,N9INCITEMENT,N
2447,N_2,N10SELFDETERMINATION,N
2447,N_2,N11JEWISHRIGHTSDEFINE,N
2447,N_2,N11SELFDETERMINATION,N
2447,N_2,N11JEWISHRIGHTS,N
2447,N_2,N12DOUBLESTANDARD,N
15820,N_2,N2CONSPIRACY,N
15820,N_2,N2CONTROLMEDIA,N
15820,N_2,N2CONTROLECONOMY,N
15820,N_2,N2CONTROLGOV,N
15820,N_2,N2CONTROLOTHER,N
15820,N_2,N3COLLECTIVEBLAME,N
15820,N_2,N4HIDDENCONSPIRACY,N
15820,N_2,N4ISRAELHAND,N
15820,N_2,N5LOYALTY,N
15820,N_2,N6IDENTITYDENY,N
15820,N_2,N7COLLECTIVEGUILT,N
15820,N_2,N8VIOLENCE,N
15820,N_2,N9INCITEMENT,N
15820,N_2,N10SELFDETERMINATION,N
15820,N_2,N11JEWISHRIGHTSDEFINE,N
15820,N_2,N11SELFDETERMINATION,N
15820,N_2,N11JEWISHRIGHTS,N
15820,N_2,N12DOUBLESTANDARD,N
14861,N_2,N2CONSPIRACY,N
14861,N_2,N2CONTROLMEDIA,N
14861,N_2,N2CONTROLECONOMY,N
14861,N_2,N2CONTROLGOV,N
14861,N_2,N2CONTROLOTHER,N
14861,N_2,N3COLLECTIVEBLAME,N
14861,N_2,N4HIDDENCONSPIRACY,N
14861,N_2,N4ISRAELHAND,N
14861,N_2,N5LOYALTY,N
14861,N_2,N6IDENTITYDENY,N
14861,N_2,N7COLLECTIVEGUILT,N
14861,N_2,N8VIOLENCE,N
14861,N_2,N9INCITEMENT,N
14861,N_2,N10SELFDETERMINATION,N
14861,N_2,N11JEWISHRIGHTSDEFINE,N
14861,N_2,N11SELFDETERMINATION,N
14861,N_2,N11JEWISHRIGHTS,N
14861,N_2,N12DOUBLESTANDARD,N
41896,N_2,N2CONSPIRACY,N
41896,N_2,N2CONTROLMEDIA,N
41896,N_2,N2CONTROLECONOMY,N
41896,N_2,N2CONTROLGOV,N
41896,N_2,N2CONTROLOTHER,N
41896,N_2,N3COLLECTIVEBLAME,N
41896,N_2,N4HIDDENCONSPIRACY,N
41896,N_2,N4ISRAELHAND,N
41896,N_2,N5LOYALTY,N
41896,N_2,N6IDENTITYDENY,N
41896,N_2,N7COLLECTIVEGUILT,N
41896,N_2,N8VIOLENCE,N
41896,N_2,N9INCITEMENT,N
41896,N_2,N10SELFDETERMINATION,N
41896,N_2,N11JEWISHRIGHTSDEFINE,N
41896,N_2,N11SELFDETERMINATION,N
41896,N_2,N11JEWISHRIGHTS,N
41896,N_2,N12DOUBLESTANDARD,N
32677,N_2,N2CONSPIRACY,N
32677,N_2,N2CONTROLMEDIA,N
32677,N_2,N2CONTROLECONOMY,N
32677,N_2,N2CONTROLGOV,N
32677,N_2,N2CONTROLOTHER,N
32677,N_2,N3COLLECTIVEBLAME,N
32677,N_2,N4HIDDENCONSPIRACY,N
32677,N_2,N4ISRAELHAND,N
32677,N_2,N5LOYALTY,N
32677,N_2,N6IDENTITYDENY,N
32677,N_2,N7COLLECTIVEGUILT,N
32677,N_2,N8VIOLENCE,N
32677,N_2,N9INCITEMENT,N
32677,N_2,N10SELFDETERMINATION,N
32677,N_2,N11JEWISHRIGHTSDEFINE,N
32677,N_2,N11SELFDETERMINATION,N
32677,N_2,N11JEWISHRIGHTS,N
32677,N_2,N12DOUBLESTANDARD,N
30656,N_2,N2CONSPIRACY,N
30656,N_2,N2CONTROLMEDIA,N
30656,N_2,N2CONTROLECONOMY,N
30656,N_2,N2CONTROLGOV,N
30656,N_2,N2CONTROLOTHER,N
30656,N_2,N3COLLECTIVEBLAME,N
30656,N_2,N4HIDDENCONSPIRACY,N
30656,N_2,N4ISRAELHAND,N
30656,N_2,N5LOYALTY,N
30656,N_2,N6IDENTITYDENY,N
30656,N_2,N7COLLECTIVEGUILT,N
30656,N_2,N8VIOLENCE,N
30656,N_2,N9INCITEMENT,N
30656,N_2,N10SELFDETERMINATION,N
30656,N_2,N11JEWISHRIGHTSDEFINE,N
30656,N_2,N11SELFDETERMINATION,N
30656,N_2,N11JEWISHRIGHTS,N
30656,N_2,N12DOUBLESTANDARD,N
40797,N_2,N2CONSPIRACY,N
40797,N_2,N2CONTROLMEDIA,N
40797,N_2,N2CONTROLECONOMY,N
40797,N_2,N2CONTROLGOV,N
40797,N_2,N2CONTROLOTHER,N
40797,N_2,N3COLLECTIVEBLAME,N
40797,N_2,N4HIDDENCONSPIRACY,N
40797,N_2,N4ISRAELHAND,N
40797,N_2,N5LOYALTY,N
40797,N_2,N6IDENTITYDENY,N
40797,N_2,N7COLLECTIVEGUILT,N
40797,N_2,N8VIOLENCE,N
40797,N_2,N9INCITEMENT,N
40797,N_2,N10SELFDETERMINATION,N
40797,N_2,N11JEWISHRIGHTSDEFINE,N
40797,N_2,N11SELFDETERMINATION,N
40797,N_2,N11JEWISHRIGHTS,N
40797,N_2,N12DOUBLESTANDARD,N
20041,N_2,N2CONSPIRACY,N
20041,N_2,N2CONTROLMEDIA,N
20041,N_2,N2CONTROLECONOMY,N
20041,N_2,N2CONTROLGOV,N
20041,N_2,N2CONTROLOTHER,N
20041,N_2,N3COLLECTIVEBLAME,N
20041,N_2,N4HIDDENCONSPIRACY,N
20041,N_2,N4ISRAELHAND,N
20041,N_2,N5LOYALTY,N
20041,N_2,N6IDENTITYDENY,N
20041,N_2,N7COLLECTIVEGUILT,N
20041,N_2,N8VIOLENCE,N
20041,N_2,N9INCITEMENT,N
20041,N_2,N10SELFDETERMINATION,N
20041,N_2,N11JEWISHRIGHTSDEFINE,N
20041,N_2,N11SELFDETERMINATION,N
20041,N_2,N11JEWISHRIGHTS,N
20041,N_2,N12DOUBLESTANDARD,N
37441,N_2,N2CONSPIRACY,N
37441,N_2,N2CONTROLMEDIA,N
37441,N_2,N2CONTROLECONOMY,N
37441,N_2,N2CONTROLGOV,N
37441,N_2,N2CONTROLOTHER,N
37441,N_2,N3COLLECTIVEBLAME,N
37441,N_2,N4HIDDENCONSPIRACY,N
37441,N_2,N4ISRAELHAND,N
37441,N_2,N5LOYALTY,N
37441,N_2,N6IDENTITYDENY,N
37441,N_2,N7COLLECTIVEGUILT,N
37441,N_2,N8VIOLENCE,N
37441,N_2,N9INCITEMENT,N
37441,N_2,N10SELFDETERMINATION,N
37441,N_2,N11JEWISHRIGHTSDEFINE,N
37441,N_2,N11SELFDETERMINATION,N
37441,N_2,N11JEWISHRIGHTS,N
37441,N_2,N12DOUBLESTANDARD,N
43128,N_2,N2CONSPIRACY,N
43128,N_2,N2CONTROLMEDIA,N
43128,N_2,N2CONTROLECONOMY,N
43128,N_2,N2CONTROLGOV,N
43128,N_2,N2CONTROLOTHER,N
43128,N_2,N3COLLECTIVEBLAME,N
43128,N_2,N4HIDDENCONSPIRACY,N
43128,N_2,N4ISRAELHAND,N
43128,N_2,N5LOYALTY,N
43128,N_2,N6IDENTITYDENY,N
43128,N_2,N7COLLECTIVEGUILT,N
43128,N_2,N8VIOLENCE,N
43128,N_2,N9INCITEMENT,N
43128,N_2,N10SELFDETERMINATION,N
43128,N_2,N11JEWISHRIGHTSDEFINE,N
43128,N_2,N11SELFDETERMINATION,N
43128,N_2,N11JEWISHRIGHTS,N
43128,N_2,N12DOUBLESTANDARD,N
46834,N_2,N2CONSPIRACY,N
46834,N_2,N2CONTROLMEDIA,N
46834,N_2,N2CONTROLECONOMY,N
46834,N_2,N2CONTROLGOV,N
46834,N_2,N2CONTROLOTHER,N
46834,N_2,N3COLLECTIVEBLAME,N
46834,N_2,N4HIDDENCONSPIRACY,N
46834,N_2,N4ISRAELHAND,N
46834,N_2,N5LOYALTY,N
46834,N_2,N6IDENTITYDENY,N
46834,N_2,N7COLLECTIVEGUILT,N
46834,N_2,N8VIOLENCE,N
46834,N_2,N9INCITEMENT,N
46834,N_2,N10SELFDETERMINATION,N
46834,N_2,N11JEWISHRIGHTSDEFINE,N
46834,N_2,N11SELFDETERMINATION,N
46834,N_2,N11JEWISHRIGHTS,N
46834,N_2,N12DOUBLESTANDARD,N
44559,N_2,N2CONSPIRACY,N
44559,N_2,N2CONTROLMEDIA,N
44559,N_2,N2CONTROLECONOMY,N
44559,N_2,N2CONTROLGOV,N
44559,N_2,N2CONTROLOTHER,N
44559,N_2,N3COLLECTIVEBLAME,N
44559,N_2,N4HIDDENCONSPIRACY,N
44559,N_2,N4ISRAELHAND,N
44559,N_2,N5LOYALTY,N
44559,N_2,N6IDENTITYDENY,N
44559,N_2,N7COLLECTIVEGUILT,N
44559,N_2,N8VIOLENCE,N
44559,N_2,N9INCITEMENT,N
44559,N_2,N10SELFDETERMINATION,N
44559,N_2,N11JEWISHRIGHTSDEFINE,N
44559,N_2,N11SELFDETERMINATION,N
44559,N_2,N11JEWISHRIGHTS,N
44559,N_2,N12DOUBLESTANDARD,N
13381,N_2,N2CONSPIRACY,N
13381,N_2,N2CONTROLMEDIA,N
13381,N_2,N2CONTROLECONOMY,N
13381,N_2,N2CONTROLGOV,N
13381,N_2,N2CONTROLOTHER,N
13381,N_2,N3COLLECTIVEBLAME,N
13381,N_2,N4HIDDENCONSPIRACY,N
13381,N_2,N4ISRAELHAND,N
13381,N_2,N5LOYALTY,N
13381,N_2,N6IDENTITYDENY,N
13381,N_2,N7COLLECTIVEGUILT,N
13381,N_2,N8VIOLENCE,N
13381,N_2,N9INCITEMENT,N
13381,N_2,N10SELFDETERMINATION,N
13381,N_2,N11JEWISHRIGHTSDEFINE,N
13381,N_2,N11SELFDETERMINATION,N
13381,N_2,N11JEWISHRIGHTS,N
13381,N_2,N12DOUBLESTANDARD,N
4666,N_2,N2CONSPIRACY,N
4666,N_2,N2CONTROLMEDIA,N
4666,N_2,N2CONTROLECONOMY,N
4666,N_2,N2CONTROLGOV,N
4666,N_2,N2CONTROLOTHER,N
4666,N_2,N3COLLECTIVEBLAME,N
4666,N_2,N4HIDDENCONSPIRACY,N
4666,N_2,N4ISRAELHAND,N
4666,N_2,N5LOYALTY,N
4666,N_2,N6IDENTITYDENY,N
4666,N_2,N7COLLECTIVEGUILT,N
4666,N_2,N8VIOLENCE,N
4666,N_2,N9INCITEMENT,N
4666,N_2,N10SELFDETERMINATION,N
4666,N_2,N11JEWISHRIGHTSDEFINE,N
4666,N_2,N11SELFDETERMINATION,N
4666,N_2,N11JEWISHRIGHTS,N
4666,N_2,N12DOUBLESTANDARD,N
27584,N_2,N2CONSPIRACY,N
27584,N_2,N2CONTROLMEDIA,N
27584,N_2,N2CONTROLECONOMY,N
27584,N_2,N2CONTROLGOV,N
27584,N_2,N2CONTROLOTHER,N
27584,N_2,N3COLLECTIVEBLAME,N
27584,N_2,N4HIDDENCONSPIRACY,N
27584,N_2,N4ISRAELHAND,N
27584,N_2,N5LOYALTY,N
27584,N_2,N6IDENTITYDENY,N
27584,N_2,N7COLLECTIVEGUILT,N
27584,N_2,N8VIOLENCE,N
27584,N_2,N9INCITEMENT,N
27584,N_2,N10SELFDETERMINATION,N
27584,N_2,N11JEWISHRIGHTSDEFINE,N
27584,N_2,N11SELFDETERMINATION,N
27584,N_2,N11JEWISHRIGHTS,N
27584,N_2,N12DOUBLESTANDARD,N
43018,N_2,N2CONSPIRACY,N
43018,N_2,N2CONTROLMEDIA,N
43018,N_2,N2CONTROLECONOMY,N
43018,N_2,N2CONTROLGOV,N
43018,N_2,N2CONTROLOTHER,N
43018,N_2,N3COLLECTIVEBLAME,N
43018,N_2,N4HIDDENCONSPIRACY,N
43018,N_2,N4ISRAELHAND,N
43018,N_2,N5LOYALTY,N
43018,N_2,N6IDENTITYDENY,N
43018,N_2,N7COLLECTIVEGUILT,N
43018,N_2,N8VIOLENCE,N
43018,N_2,N9INCITEMENT,N
43018,N_2,N10SELFDETERMINATION,N
43018,N_2,N11JEWISHRIGHTSDEFINE,N
43018,N_2,N11SELFDETERMINATION,N
43018,N_2,N11JEWISHRIGHTS,N
43018,N_2,N12DOUBLESTANDARD,N
12559,N_2,N2CONSPIRACY,N
12559,N_2,N2CONTROLMEDIA,N
12559,N_2,N2CONTROLECONOMY,N
12559,N_2,N2CONTROLGOV,N
12559,N_2,N2CONTROLOTHER,N
12559,N_2,N3COLLECTIVEBLAME,N
12559,N_2,N4HIDDENCONSPIRACY,N
12559,N_2,N4ISRAELHAND,N
12559,N_2,N5LOYALTY,N
12559,N_2,N6IDENTITYDENY,N
12559,N_2,N7COLLECTIVEGUILT,N
12559,N_2,N8VIOLENCE,N
12559,N_2,N9INCITEMENT,N
12559,N_2,N10SELFDETERMINATION,N
12559,N_2,N11JEWISHRIGHTSDEFINE,N
12559,N_2,N11SELFDETERMINATION,N
12559,N_2,N11JEWISHRIGHTS,N
12559,N_2,N12DOUBLESTANDARD,N
13156,N_2,N2CONSPIRACY,N
13156,N_2,N2CONTROLMEDIA,N
13156,N_2,N2CONTROLECONOMY,N
13156,N_2,N2CONTROLGOV,N
13156,N_2,N2CONTROLOTHER,N
13156,N_2,N3COLLECTIVEBLAME,N
13156,N_2,N4HIDDENCONSPIRACY,N
13156,N_2,N4ISRAELHAND,N
13156,N_2,N5LOYALTY,N
13156,N_2,N6IDENTITYDENY,N
13156,N_2,N7COLLECTIVEGUILT,N
13156,N_2,N8VIOLENCE,N
13156,N_2,N9INCITEMENT,N
13156,N_2,N10SELFDETERMINATION,N
13156,N_2,N11JEWISHRIGHTSDEFINE,N
13156,N_2,N11SELFDETERMINATION,N
13156,N_2,N11JEWISHRIGHTS,N
13156,N_2,N12DOUBLESTANDARD,N
27901,N_2,N2CONSPIRACY,N
27901,N_2,N2CONTROLMEDIA,N
27901,N_2,N2CONTROLECONOMY,N
27901,N_2,N2CONTROLGOV,N
27901,N_2,N2CONTROLOTHER,N
27901,N_2,N3COLLECTIVEBLAME,N
27901,N_2,N4HIDDENCONSPIRACY,N
27901,N_2,N4ISRAELHAND,N
27901,N_2,N5LOYALTY,N
27901,N_2,N6IDENTITYDENY,N
27901,N_2,N7COLLECTIVEGUILT,N
27901,N_2,N8VIOLENCE,N
27901,N_2,N9INCITEMENT,N
27901,N_2,N10SELFDETERMINATION,N
27901,N_2,N11JEWISHRIGHTSDEFINE,N
27901,N_2,N11SELFDETERMINATION,N
27901,N_2,N11JEWISHRIGHTS,N
27901,N_2,N12DOUBLESTANDARD,N
5751,N_2,N2CONSPIRACY,N
5751,N_2,N2CONTROLMEDIA,N
5751,N_2,N2CONTROLECONOMY,N
5751,N_2,N2CONTROLGOV,N
5751,N_2,N2CONTROLOTHER,N
5751,N_2,N3COLLECTIVEBLAME,N
5751,N_2,N4HIDDENCONSPIRACY,N
5751,N_2,N4ISRAELHAND,N
5751,N_2,N5LOYALTY,N
5751,N_2,N6IDENTITYDENY,N
5751,N_2,N7COLLECTIVEGUILT,N
5751,N_2,N8VIOLENCE,N
5751,N_2,N9INCITEMENT,N
5751,N_2,N10SELFDETERMINATION,N
5751,N_2,N11JEWISHRIGHTSDEFINE,N
5751,N_2,N11SELFDETERMINATION,N
5751,N_2,N11JEWISHRIGHTS,N
5751,N_2,N12DOUBLESTANDARD,N
7958,N_2,N2CONSPIRACY,N
7958,N_2,N2CONTROLMEDIA,N
7958,N_2,N2CONTROLECONOMY,N
7958,N_2,N2CONTROLGOV,N
7958,N_2,N2CONTROLOTHER,N
7958,N_2,N3COLLECTIVEBLAME,N
7958,N_2,N4HIDDENCONSPIRACY,N
7958,N_2,N4ISRAELHAND,N
7958,N_2,N5LOYALTY,N
7958,N_2,N6IDENTITYDENY,N
7958,N_2,N7COLLECTIVEGUILT,N
7958,N_2,N8VIOLENCE,N
7958,N_2,N9INCITEMENT,N
7958,N_2,N10SELFDETERMINATION,N
7958,N_2,N11JEWISHRIGHTSDEFINE,N
7958,N_2,N11SELFDETERMINATION,N
7958,N_2,N11JEWISHRIGHTS,N
7958,N_2,N12DOUBLESTANDARD,N
20803,N_2,N2CONSPIRACY,N
20803,N_2,N2CONTROLMEDIA,N
20803,N_2,N2CONTROLECONOMY,N
20803,N_2,N2CONTROLGOV,N
20803,N_2,N2CONTROLOTHER,N
20803,N_2,N3COLLECTIVEBLAME,N
20803,N_2,N4HIDDENCONSPIRACY,N
20803,N_2,N4ISRAELHAND,N
20803,N_2,N5LOYALTY,N
20803,N_2,N6IDENTITYDENY,N
20803,N_2,N7COLLECTIVEGUILT,N
20803,N_2,N8VIOLENCE,N
20803,N_2,N9INCITEMENT,N
20803,N_2,N10SELFDETERMINATION,N
20803,N_2,N11JEWISHRIGHTSDEFINE,N
20803,N_2,N11SELFDETERMINATION,N
20803,N_2,N11JEWISHRIGHTS,N
20803,N_2,N12DOUBLESTANDARD,N
47406,N_2,N2CONSPIRACY,N
47406,N_2,N2CONTROLMEDIA,N
47406,N_2,N2CONTROLECONOMY,N
47406,N_2,N2CONTROLGOV,N
47406,N_2,N2CONTROLOTHER,N
47406,N_2,N3COLLECTIVEBLAME,N
47406,N_2,N4HIDDENCONSPIRACY,N
47406,N_2,N4ISRAELHAND,N
47406,N_2,N5LOYALTY,N
47406,N_2,N6IDENTITYDENY,N
47406,N_2,N7COLLECTIVEGUILT,N
47406,N_2,N8VIOLENCE,N
47406,N_2,N9INCITEMENT,N
47406,N_2,N10SELFDETERMINATION,N
47406,N_2,N11JEWISHRIGHTSDEFINE,N
47406,N_2,N11SELFDETERMINATION,N
47406,N_2,N11JEWISHRIGHTS,N
47406,N_2,N12DOUBLESTANDARD,N
44905,N_2,N2CONSPIRACY,N
44905,N_2,N2CONTROLMEDIA,N
44905,N_2,N2CONTROLECONOMY,N
44905,N_2,N2CONTROLGOV,N
44905,N_2,N2CONTROLOTHER,N
44905,N_2,N3COLLECTIVEBLAME,N
44905,N_2,N4HIDDENCONSPIRACY,N
44905,N_2,N4ISRAELHAND,N
44905,N_2,N5LOYALTY,N
44905,N_2,N6IDENTITYDENY,N
44905,N_2,N7COLLECTIVEGUILT,N
44905,N_2,N8VIOLENCE,N
44905,N_2,N9INCITEMENT,N
44905,N_2,N10SELFDETERMINATION,N
44905,N_2,N11JEWISHRIGHTSDEFINE,N
44905,N_2,N11SELFDETERMINATION,N
44905,N_2,N11JEWISHRIGHTS,N
44905,N_2,N12DOUBLESTANDARD,N
42400,N_2,N2CONSPIRACY,I
42400,N_2,N2CONTROLMEDIA,N
42400,N_2,N2CONTROLECONOMY,N
42400,N_2,N2CONTROLGOV,I
42400,N_2,N2CONTROLOTHER,N
42400,N_2,N3COLLECTIVEBLAME,N
42400,N_2,N4HIDDENCONSPIRACY,I
42400,N_2,N4ISRAELHAND,N
42400,N_2,N5LOYALTY,N
42400,N_2,N6IDENTITYDENY,N
42400,N_2,N7COLLECTIVEGUILT,N
42400,N_2,N8VIOLENCE,N
42400,N_2,N9INCITEMENT,N
42400,N_2,N10SELFDETERMINATION,N
42400,N_2,N11JEWISHRIGHTSDEFINE,N
42400,N_2,N11SELFDETERMINATION,N
42400,N_2,N11JEWISHRIGHTS,N
42400,N_2,N12DOUBLESTANDARD,N
48510,N_2,N2CONSPIRACY,N
48510,N_2,N2CONTROLMEDIA,N
48510,N_2,N2CONTROLECONOMY,N
48510,N_2,N2CONTROLGOV,N
48510,N_2,N2CONTROLOTHER,N
48510,N_2,N3COLLECTIVEBLAME,N
48510,N_2,N4HIDDENCONSPIRACY,N
48510,N_2,N4ISRAELHAND,N
48510,N_2,N5LOYALTY,N
48510,N_2,N6IDENTITYDENY,N
48510,N_2,N7COLLECTIVEGUILT,N
48510,N_2,N8VIOLENCE,N
48510,N_2,N9INCITEMENT,N
48510,N_2,N10SELFDETERMINATION,N
48510,N_2,N11JEWISHRIGHTSDEFINE,N
48510,N_2,N11SELFDETERMINATION,N
48510,N_2,N11JEWISHRIGHTS,N
48510,N_2,N12DOUBLESTANDARD,N
10843,N_2,N2CONSPIRACY,N
10843,N_2,N2CONTROLMEDIA,N
10843,N_2,N2CONTROLECONOMY,N
10843,N_2,N2CONTROLGOV,N
10843,N_2,N2CONTROLOTHER,N
10843,N_2,N3COLLECTIVEBLAME,N
10843,N_2,N4HIDDENCONSPIRACY,N
10843,N_2,N4ISRAELHAND,N
10843,N_2,N5LOYALTY,N
10843,N_2,N6IDENTITYDENY,N
10843,N_2,N7COLLECTIVEGUILT,N
10843,N_2,N8VIOLENCE,N
10843,N_2,N9INCITEMENT,E
10843,N_2,N10SELFDETERMINATION,N
10843,N_2,N11JEWISHRIGHTSDEFINE,N
10843,N_2,N11SELFDETERMINATION,N
10843,N_2,N11JEWISHRIGHTS,N
10843,N_2,N12DOUBLESTANDARD,N
44564,N_2,N2CONSPIRACY,N
44564,N_2,N2CONTROLMEDIA,N
44564,N_2,N2CONTROLECONOMY,N
44564,N_2,N2CONTROLGOV,N
44564,N_2,N2CONTROLOTHER,N
44564,N_2,N3COLLECTIVEBLAME,N
44564,N_2,N4HIDDENCONSPIRACY,N
44564,N_2,N4ISRAELHAND,N
44564,N_2,N5LOYALTY,N
44564,N_2,N6IDENTITYDENY,N
44564,N_2,N7COLLECTIVEGUILT,N
44564,N_2,N8VIOLENCE,N
44564,N_2,N9INCITEMENT,N
44564,N_2,N10SELFDETERMINATION,N
44564,N_2,N11JEWISHRIGHTSDEFINE,N
44564,N_2,N11SELFDETERMINATION,N
44564,N_2,N11JEWISHRIGHTS,N
44564,N_2,N12DOUBLESTANDARD,N
47821,N_2,PARSE_ERROR,Expecting value: line 1 column 1 (char 0)
5744,N_2,N2CONSPIRACY,N
5744,N_2,N2CONTROLMEDIA,N
5744,N_2,N2CONTROLECONOMY,N
5744,N_2,N2CONTROLGOV,N
5744,N_2,N2CONTROLOTHER,N
5744,N_2,N3COLLECTIVEBLAME,E
5744,N_2,N4HIDDENCONSPIRACY,N
5744,N_2,N4ISRAELHAND,N
5744,N_2,N5LOYALTY,N
5744,N_2,N6IDENTITYDENY,N
5744,N_2,N7COLLECTIVEGUILT,E
5744,N_2,N8VIOLENCE,N
5744,N_2,N9INCITEMENT,E
5744,N_2,N10SELFDETERMINATION,N
5744,N_2,N11JEWISHRIGHTSDEFINE,N
5744,N_2,N11SELFDETERMINATION,N
5744,N_2,N11JEWISHRIGHTS,N
5744,N_2,N12DOUBLESTANDARD,N
44358,N_2,N2CONSPIRACY,N
44358,N_2,N2CONTROLMEDIA,N
44358,N_2,N2CONTROLECONOMY,N
44358,N_2,N2CONTROLGOV,N
44358,N_2,N2CONTROLOTHER,N
44358,N_2,N3COLLECTIVEBLAME,N
44358,N_2,N4HIDDENCONSPIRACY,N
44358,N_2,N4ISRAELHAND,N
44358,N_2,N5LOYALTY,N
44358,N_2,N6IDENTITYDENY,N
44358,N_2,N7COLLECTIVEGUILT,N
44358,N_2,N8VIOLENCE,N
44358,N_2,N9INCITEMENT,N
44358,N_2,N10SELFDETERMINATION,N
44358,N_2,N11JEWISHRIGHTSDEFINE,N
44358,N_2,N11SELFDETERMINATION,N
44358,N_2,N11JEWISHRIGHTS,N
44358,N_2,N12DOUBLESTANDARD,N
1699,N_2,N2CONSPIRACY,N
1699,N_2,N2CONTROLMEDIA,N
1699,N_2,N2CONTROLECONOMY,N
1699,N_2,N2CONTROLGOV,N
1699,N_2,N2CONTROLOTHER,N
1699,N_2,N3COLLECTIVEBLAME,N
1699,N_2,N4HIDDENCONSPIRACY,N
1699,N_2,N4ISRAELHAND,N
1699,N_2,N5LOYALTY,N
1699,N_2,N6IDENTITYDENY,N
1699,N_2,N7COLLECTIVEGUILT,N
1699,N_2,N8VIOLENCE,N
1699,N_2,N9INCITEMENT,N
1699,N_2,N10SELFDETERMINATION,N
1699,N_2,N11JEWISHRIGHTSDEFINE,N
1699,N_2,N11SELFDETERMINATION,N
1699,N_2,N11JEWISHRIGHTS,N
1699,N_2,N12DOUBLESTANDARD,N
30599,N_2,N2CONSPIRACY,N
30599,N_2,N2CONTROLMEDIA,N
30599,N_2,N2CONTROLECONOMY,N
30599,N_2,N2CONTROLGOV,N
30599,N_2,N2CONTROLOTHER,N
30599,N_2,N3COLLECTIVEBLAME,N
30599,N_2,N4HIDDENCONSPIRACY,N
30599,N_2,N4ISRAELHAND,N
30599,N_2,N5LOYALTY,N
30599,N_2,N6IDENTITYDENY,N
30599,N_2,N7COLLECTIVEGUILT,N
30599,N_2,N8VIOLENCE,N
30599,N_2,N9INCITEMENT,N
30599,N_2,N10SELFDETERMINATION,N
30599,N_2,N11JEWISHRIGHTSDEFINE,N
30599,N_2,N11SELFDETERMINATION,N
30599,N_2,N11JEWISHRIGHTS,N
30599,N_2,N12DOUBLESTANDARD,N
40455,N_2,N2CONSPIRACY,N
40455,N_2,N2CONTROLMEDIA,N
40455,N_2,N2CONTROLECONOMY,N
40455,N_2,N2CONTROLGOV,N
40455,N_2,N2CONTROLOTHER,N
40455,N_2,N3COLLECTIVEBLAME,N
40455,N_2,N4HIDDENCONSPIRACY,N
40455,N_2,N4ISRAELHAND,N
40455,N_2,N5LOYALTY,N
40455,N_2,N6IDENTITYDENY,N
40455,N_2,N7COLLECTIVEGUILT,N
40455,N_2,N8VIOLENCE,N
40455,N_2,N9INCITEMENT,N
40455,N_2,N10SELFDETERMINATION,N
40455,N_2,N11JEWISHRIGHTSDEFINE,N
40455,N_2,N11SELFDETERMINATION,N
40455,N_2,N11JEWISHRIGHTS,N
40455,N_2,N12DOUBLESTANDARD,N
326,N_2,N2CONSPIRACY,N
326,N_2,N2CONTROLMEDIA,N
326,N_2,N2CONTROLECONOMY,N
326,N_2,N2CONTROLGOV,N
326,N_2,N2CONTROLOTHER,N
326,N_2,N3COLLECTIVEBLAME,N
326,N_2,N4HIDDENCONSPIRACY,N
326,N_2,N4ISRAELHAND,N
326,N_2,N5LOYALTY,N
326,N_2,N6IDENTITYDENY,N
326,N_2,N7COLLECTIVEGUILT,N
326,N_2,N8VIOLENCE,N
326,N_2,N9INCITEMENT,N
326,N_2,N10SELFDETERMINATION,N
326,N_2,N11JEWISHRIGHTSDEFINE,N
326,N_2,N11SELFDETERMINATION,N
326,N_2,N11JEWISHRIGHTS,N
326,N_2,N12DOUBLESTANDARD,N
25453,N_2,N2CONSPIRACY,N
25453,N_2,N2CONTROLMEDIA,N
25453,N_2,N2CONTROLECONOMY,N
25453,N_2,N2CONTROLGOV,N
25453,N_2,N2CONTROLOTHER,N
25453,N_2,N3COLLECTIVEBLAME,N
25453,N_2,N4HIDDENCONSPIRACY,N
25453,N_2,N4ISRAELHAND,N
25453,N_2,N5LOYALTY,N
25453,N_2,N6IDENTITYDENY,N
25453,N_2,N7COLLECTIVEGUILT,N
25453,N_2,N8VIOLENCE,N
25453,N_2,N9INCITEMENT,N
25453,N_2,N10SELFDETERMINATION,N
25453,N_2,N11JEWISHRIGHTSDEFINE,N
25453,N_2,N11SELFDETERMINATION,N
25453,N_2,N11JEWISHRIGHTS,N
25453,N_2,N12DOUBLESTANDARD,N
4477,N_2,N2CONSPIRACY,N
4477,N_2,N2CONTROLMEDIA,N
4477,N_2,N2CONTROLECONOMY,N
4477,N_2,N2CONTROLGOV,N
4477,N_2,N2CONTROLOTHER,N
4477,N_2,N3COLLECTIVEBLAME,N
4477,N_2,N4HIDDENCONSPIRACY,N
4477,N_2,N4ISRAELHAND,N
4477,N_2,N5LOYALTY,N
4477,N_2,N6IDENTITYDENY,N
4477,N_2,N7COLLECTIVEGUILT,N
4477,N_2,N8VIOLENCE,N
4477,N_2,N9INCITEMENT,N
4477,N_2,N10SELFDETERMINATION,N
4477,N_2,N11JEWISHRIGHTSDEFINE,N
4477,N_2,N11SELFDETERMINATION,N
4477,N_2,N11JEWISHRIGHTS,N
4477,N_2,N12DOUBLESTANDARD,N
15808,N_2,N2CONSPIRACY,N
15808,N_2,N2CONTROLMEDIA,N
15808,N_2,N2CONTROLECONOMY,N
15808,N_2,N2CONTROLGOV,N
15808,N_2,N2CONTROLOTHER,N
15808,N_2,N3COLLECTIVEBLAME,N
15808,N_2,N4HIDDENCONSPIRACY,N
15808,N_2,N4ISRAELHAND,N
15808,N_2,N5LOYALTY,N
15808,N_2,N6IDENTITYDENY,N
15808,N_2,N7COLLECTIVEGUILT,N
15808,N_2,N8VIOLENCE,N
15808,N_2,N9INCITEMENT,N
15808,N_2,N10SELFDETERMINATION,N
15808,N_2,N11JEWISHRIGHTSDEFINE,N
15808,N_2,N11SELFDETERMINATION,N
15808,N_2,N11JEWISHRIGHTS,N
15808,N_2,N12DOUBLESTANDARD,N
30487,N_2,N2CONSPIRACY,N
30487,N_2,N2CONTROLMEDIA,N
30487,N_2,N2CONTROLECONOMY,N
30487,N_2,N2CONTROLGOV,N
30487,N_2,N2CONTROLOTHER,N
30487,N_2,N3COLLECTIVEBLAME,N
30487,N_2,N4HIDDENCONSPIRACY,N
30487,N_2,N4ISRAELHAND,N
30487,N_2,N5LOYALTY,N
30487,N_2,N6IDENTITYDENY,N
30487,N_2,N7COLLECTIVEGUILT,N
30487,N_2,N8VIOLENCE,N
30487,N_2,N9INCITEMENT,N
30487,N_2,N10SELFDETERMINATION,N
30487,N_2,N11JEWISHRIGHTSDEFINE,N
30487,N_2,N11SELFDETERMINATION,N
30487,N_2,N11JEWISHRIGHTS,N
30487,N_2,N12DOUBLESTANDARD,N
36298,N_2,N2CONSPIRACY,N
36298,N_2,N2CONTROLMEDIA,N
36298,N_2,N2CONTROLECONOMY,N
36298,N_2,N2CONTROLGOV,N
36298,N_2,N2CONTROLOTHER,N
36298,N_2,N3COLLECTIVEBLAME,N
36298,N_2,N4HIDDENCONSPIRACY,N
36298,N_2,N4ISRAELHAND,N
36298,N_2,N5LOYALTY,N
36298,N_2,N6IDENTITYDENY,N
36298,N_2,N7COLLECTIVEGUILT,N
36298,N_2,N8VIOLENCE,N
36298,N_2,N9INCITEMENT,N
36298,N_2,N10SELFDETERMINATION,N
36298,N_2,N11JEWISHRIGHTSDEFINE,N
36298,N_2,N11SELFDETERMINATION,N
36298,N_2,N11JEWISHRIGHTS,N
36298,N_2,N12DOUBLESTANDARD,N
26974,N_2,N2CONSPIRACY,N
26974,N_2,N2CONTROLMEDIA,N
26974,N_2,N2CONTROLECONOMY,N
26974,N_2,N2CONTROLGOV,N
26974,N_2,N2CONTROLOTHER,N
26974,N_2,N3COLLECTIVEBLAME,N
26974,N_2,N4HIDDENCONSPIRACY,N
26974,N_2,N4ISRAELHAND,N
26974,N_2,N5LOYALTY,N
26974,N_2,N6IDENTITYDENY,N
26974,N_2,N7COLLECTIVEGUILT,N
26974,N_2,N8VIOLENCE,N
26974,N_2,N9INCITEMENT,N
26974,N_2,N10SELFDETERMINATION,N
26974,N_2,N11JEWISHRIGHTSDEFINE,N
26974,N_2,N11SELFDETERMINATION,N
26974,N_2,N11JEWISHRIGHTS,N
26974,N_2,N12DOUBLESTANDARD,N
20830,N_2,N2CONSPIRACY,N
20830,N_2,N2CONTROLMEDIA,N
20830,N_2,N2CONTROLECONOMY,N
20830,N_2,N2CONTROLGOV,N
20830,N_2,N2CONTROLOTHER,N
20830,N_2,N3COLLECTIVEBLAME,N
20830,N_2,N4HIDDENCONSPIRACY,N
20830,N_2,N4ISRAELHAND,N
20830,N_2,N5LOYALTY,N
20830,N_2,N6IDENTITYDENY,N
20830,N_2,N7COLLECTIVEGUILT,N
20830,N_2,N8VIOLENCE,N
20830,N_2,N9INCITEMENT,N
20830,N_2,N10SELFDETERMINATION,N
20830,N_2,N11JEWISHRIGHTSDEFINE,N
20830,N_2,N11SELFDETERMINATION,N
20830,N_2,N11JEWISHRIGHTS,N
20830,N_2,N12DOUBLESTANDARD,N
48426,N_2,N2CONSPIRACY,N
48426,N_2,N2CONTROLMEDIA,N
48426,N_2,N2CONTROLECONOMY,N
48426,N_2,N2CONTROLGOV,N
48426,N_2,N2CONTROLOTHER,N
48426,N_2,N3COLLECTIVEBLAME,N
48426,N_2,N4HIDDENCONSPIRACY,N
48426,N_2,N4ISRAELHAND,N
48426,N_2,N5LOYALTY,N
48426,N_2,N6IDENTITYDENY,N
48426,N_2,N7COLLECTIVEGUILT,N
48426,N_2,N8VIOLENCE,N
48426,N_2,N9INCITEMENT,N
48426,N_2,N10SELFDETERMINATION,N
48426,N_2,N11JEWISHRIGHTSDEFINE,N
48426,N_2,N11SELFDETERMINATION,N
48426,N_2,N11JEWISHRIGHTS,N
48426,N_2,N12DOUBLESTANDARD,N
18445,N_2,N2CONSPIRACY,N
18445,N_2,N2CONTROLMEDIA,N
18445,N_2,N2CONTROLECONOMY,N
18445,N_2,N2CONTROLGOV,N
18445,N_2,N2CONTROLOTHER,N
18445,N_2,N3COLLECTIVEBLAME,N
18445,N_2,N4HIDDENCONSPIRACY,N
18445,N_2,N4ISRAELHAND,N
18445,N_2,N5LOYALTY,N
18445,N_2,N6IDENTITYDENY,N
18445,N_2,N7COLLECTIVEGUILT,N
18445,N_2,N8VIOLENCE,N
18445,N_2,N9INCITEMENT,N
18445,N_2,N10SELFDETERMINATION,N
18445,N_2,N11JEWISHRIGHTSDEFINE,N
18445,N_2,N11SELFDETERMINATION,N
18445,N_2,N11JEWISHRIGHTS,N
18445,N_2,N12DOUBLESTANDARD,N
41032,N_2,N2CONSPIRACY,N
41032,N_2,N2CONTROLMEDIA,N
41032,N_2,N2CONTROLECONOMY,N
41032,N_2,N2CONTROLGOV,N
41032,N_2,N2CONTROLOTHER,N
41032,N_2,N3COLLECTIVEBLAME,N
41032,N_2,N4HIDDENCONSPIRACY,N
41032,N_2,N4ISRAELHAND,N
41032,N_2,N5LOYALTY,N
41032,N_2,N6IDENTITYDENY,N
41032,N_2,N7COLLECTIVEGUILT,N
41032,N_2,N8VIOLENCE,N
41032,N_2,N9INCITEMENT,I
41032,N_2,N10SELFDETERMINATION,N
41032,N_2,N11JEWISHRIGHTSDEFINE,N
41032,N_2,N11SELFDETERMINATION,N
41032,N_2,N11JEWISHRIGHTS,N
41032,N_2,N12DOUBLESTANDARD,N
45262,N_2,N2CONSPIRACY,N
45262,N_2,N2CONTROLMEDIA,N
45262,N_2,N2CONTROLECONOMY,N
45262,N_2,N2CONTROLGOV,N
45262,N_2,N2CONTROLOTHER,N
45262,N_2,N3COLLECTIVEBLAME,N
45262,N_2,N4HIDDENCONSPIRACY,N
45262,N_2,N4ISRAELHAND,N
45262,N_2,N5LOYALTY,N
45262,N_2,N6IDENTITYDENY,N
45262,N_2,N7COLLECTIVEGUILT,N
45262,N_2,N8VIOLENCE,N
45262,N_2,N9INCITEMENT,N
45262,N_2,N10SELFDETERMINATION,N
45262,N_2,N11JEWISHRIGHTSDEFINE,N
45262,N_2,N11SELFDETERMINATION,N
45262,N_2,N11JEWISHRIGHTS,N
45262,N_2,N12DOUBLESTANDARD,N
8963,N_2,N2CONSPIRACY,N
8963,N_2,N2CONTROLMEDIA,N
8963,N_2,N2CONTROLECONOMY,N
8963,N_2,N2CONTROLGOV,N
8963,N_2,N2CONTROLOTHER,N
8963,N_2,N3COLLECTIVEBLAME,N
8963,N_2,N4HIDDENCONSPIRACY,N
8963,N_2,N4ISRAELHAND,N
8963,N_2,N5LOYALTY,N
8963,N_2,N6IDENTITYDENY,N
8963,N_2,N7COLLECTIVEGUILT,N
8963,N_2,N8VIOLENCE,N
8963,N_2,N9INCITEMENT,N
8963,N_2,N10SELFDETERMINATION,N
8963,N_2,N11JEWISHRIGHTSDEFINE,N
8963,N_2,N11SELFDETERMINATION,N
8963,N_2,N11JEWISHRIGHTS,N
8963,N_2,N12DOUBLESTANDARD,N
47247,N_2,N2CONSPIRACY,N
47247,N_2,N2CONTROLMEDIA,N
47247,N_2,N2CONTROLECONOMY,N
47247,N_2,N2CONTROLGOV,N
47247,N_2,N2CONTROLOTHER,N
47247,N_2,N3COLLECTIVEBLAME,N
47247,N_2,N4HIDDENCONSPIRACY,N
47247,N_2,N4ISRAELHAND,N
47247,N_2,N5LOYALTY,N
47247,N_2,N6IDENTITYDENY,N
47247,N_2,N7COLLECTIVEGUILT,N
47247,N_2,N8VIOLENCE,N
47247,N_2,N9INCITEMENT,N
47247,N_2,N10SELFDETERMINATION,N
47247,N_2,N11JEWISHRIGHTSDEFINE,N
47247,N_2,N11SELFDETERMINATION,N
47247,N_2,N11JEWISHRIGHTS,N
47247,N_2,N12DOUBLESTANDARD,N
49984,N_2,N2CONSPIRACY,N
49984,N_2,N2CONTROLMEDIA,N
49984,N_2,N2CONTROLECONOMY,N
49984,N_2,N2CONTROLGOV,N
49984,N_2,N2CONTROLOTHER,N
49984,N_2,N3COLLECTIVEBLAME,N
49984,N_2,N4HIDDENCONSPIRACY,N
49984,N_2,N4ISRAELHAND,N
49984,N_2,N5LOYALTY,N
49984,N_2,N6IDENTITYDENY,N
49984,N_2,N7COLLECTIVEGUILT,N
49984,N_2,N8VIOLENCE,N
49984,N_2,N9INCITEMENT,N
49984,N_2,N10SELFDETERMINATION,N
49984,N_2,N11JEWISHRIGHTSDEFINE,N
49984,N_2,N11SELFDETERMINATION,N
49984,N_2,N11JEWISHRIGHTS,N
49984,N_2,N12DOUBLESTANDARD,N
5443,N_2,N2CONSPIRACY,N
5443,N_2,N2CONTROLMEDIA,N
5443,N_2,N2CONTROLECONOMY,N
5443,N_2,N2CONTROLGOV,N
5443,N_2,N2CONTROLOTHER,N
5443,N_2,N3COLLECTIVEBLAME,N
5443,N_2,N4HIDDENCONSPIRACY,N
5443,N_2,N4ISRAELHAND,N
5443,N_2,N5LOYALTY,N
5443,N_2,N6IDENTITYDENY,N
5443,N_2,N7COLLECTIVEGUILT,E
5443,N_2,N8VIOLENCE,N
5443,N_2,N9INCITEMENT,N
5443,N_2,N10SELFDETERMINATION,N
5443,N_2,N11JEWISHRIGHTSDEFINE,N
5443,N_2,N11SELFDETERMINATION,N
5443,N_2,N11JEWISHRIGHTS,N
5443,N_2,N12DOUBLESTANDARD,N
6073,N_2,N2CONSPIRACY,N
6073,N_2,N2CONTROLMEDIA,N
6073,N_2,N2CONTROLECONOMY,N
6073,N_2,N2CONTROLGOV,N
6073,N_2,N2CONTROLOTHER,N
6073,N_2,N3COLLECTIVEBLAME,E
6073,N_2,N4HIDDENCONSPIRACY,N
6073,N_2,N4ISRAELHAND,N
6073,N_2,N5LOYALTY,N
6073,N_2,N6IDENTITYDENY,N
6073,N_2,N7COLLECTIVEGUILT,E
6073,N_2,N8VIOLENCE,N
6073,N_2,N9INCITEMENT,I
6073,N_2,N10SELFDETERMINATION,N
6073,N_2,N11JEWISHRIGHTSDEFINE,N
6073,N_2,N11SELFDETERMINATION,N
6073,N_2,N11JEWISHRIGHTS,N
6073,N_2,N12DOUBLESTANDARD,N
6113,N_2,N2CONSPIRACY,N
6113,N_2,N2CONTROLMEDIA,N
6113,N_2,N2CONTROLECONOMY,N
6113,N_2,N2CONTROLGOV,N
6113,N_2,N2CONTROLOTHER,N
6113,N_2,N3COLLECTIVEBLAME,N
6113,N_2,N4HIDDENCONSPIRACY,N
6113,N_2,N4ISRAELHAND,N
6113,N_2,N5LOYALTY,N
6113,N_2,N6IDENTITYDENY,N
6113,N_2,N7COLLECTIVEGUILT,N
6113,N_2,N8VIOLENCE,N
6113,N_2,N9INCITEMENT,N
6113,N_2,N10SELFDETERMINATION,N
6113,N_2,N11JEWISHRIGHTSDEFINE,N
6113,N_2,N11SELFDETERMINATION,N
6113,N_2,N11JEWISHRIGHTS,N
6113,N_2,N12DOUBLESTANDARD,N
46865,N_2,PARSE_ERROR,Expecting value: line 1 column 1 (char 0)
16764,N_2,N2CONSPIRACY,I
16764,N_2,N2CONTROLMEDIA,N
16764,N_2,N2CONTROLECONOMY,N
16764,N_2,N2CONTROLGOV,N
16764,N_2,N2CONTROLOTHER,I
16764,N_2,N3COLLECTIVEBLAME,N
16764,N_2,N4HIDDENCONSPIRACY,I
16764,N_2,N4ISRAELHAND,N
16764,N_2,N5LOYALTY,N
16764,N_2,N6IDENTITYDENY,N
16764,N_2,N7COLLECTIVEGUILT,N
16764,N_2,N8VIOLENCE,N
16764,N_2,N9INCITEMENT,N
16764,N_2,N10SELFDETERMINATION,N
16764,N_2,N11JEWISHRIGHTSDEFINE,N
16764,N_2,N11SELFDETERMINATION,N
16764,N_2,N11JEWISHRIGHTS,N
16764,N_2,N12DOUBLESTANDARD,N
3225,N_2,N2CONSPIRACY,N
3225,N_2,N2CONTROLMEDIA,N
3225,N_2,N2CONTROLECONOMY,N
3225,N_2,N2CONTROLGOV,N
3225,N_2,N2CONTROLOTHER,N
3225,N_2,N3COLLECTIVEBLAME,N
3225,N_2,N4HIDDENCONSPIRACY,N
3225,N_2,N4ISRAELHAND,N
3225,N_2,N5LOYALTY,N
3225,N_2,N6IDENTITYDENY,N
3225,N_2,N7COLLECTIVEGUILT,N
3225,N_2,N8VIOLENCE,N
3225,N_2,N9INCITEMENT,N
3225,N_2,N10SELFDETERMINATION,N
3225,N_2,N11JEWISHRIGHTSDEFINE,N
3225,N_2,N11SELFDETERMINATION,N
3225,N_2,N11JEWISHRIGHTS,N
3225,N_2,N12DOUBLESTANDARD,N
27429,N_2,N2CONSPIRACY,N
27429,N_2,N2CONTROLMEDIA,N
27429,N_2,N2CONTROLECONOMY,N
27429,N_2,N2CONTROLGOV,N
27429,N_2,N2CONTROLOTHER,N
27429,N_2,N3COLLECTIVEBLAME,N
27429,N_2,N4HIDDENCONSPIRACY,N
27429,N_2,N4ISRAELHAND,N
27429,N_2,N5LOYALTY,N
27429,N_2,N6IDENTITYDENY,N
27429,N_2,N7COLLECTIVEGUILT,N
27429,N_2,N8VIOLENCE,N
27429,N_2,N9INCITEMENT,N
27429,N_2,N10SELFDETERMINATION,N
27429,N_2,N11JEWISHRIGHTSDEFINE,N
27429,N_2,N11SELFDETERMINATION,N
27429,N_2,N11JEWISHRIGHTS,N
27429,N_2,N12DOUBLESTANDARD,N
26782,N_2,N2CONSPIRACY,N
26782,N_2,N2CONTROLMEDIA,N
26782,N_2,N2CONTROLECONOMY,N
26782,N_2,N2CONTROLGOV,N
26782,N_2,N2CONTROLOTHER,N
26782,N_2,N3COLLECTIVEBLAME,N
26782,N_2,N4HIDDENCONSPIRACY,N
26782,N_2,N4ISRAELHAND,N
26782,N_2,N5LOYALTY,N
26782,N_2,N6IDENTITYDENY,N
26782,N_2,N7COLLECTIVEGUILT,N
26782,N_2,N8VIOLENCE,N
26782,N_2,N9INCITEMENT,N
26782,N_2,N10SELFDETERMINATION,N
26782,N_2,N11JEWISHRIGHTSDEFINE,N
26782,N_2,N11SELFDETERMINATION,N
26782,N_2,N11JEWISHRIGHTS,N
26782,N_2,N12DOUBLESTANDARD,N
23298,N_2,N2CONSPIRACY,N
23298,N_2,N2CONTROLMEDIA,N
23298,N_2,N2CONTROLECONOMY,N
23298,N_2,N2CONTROLGOV,N
23298,N_2,N2CONTROLOTHER,N
23298,N_2,N3COLLECTIVEBLAME,N
23298,N_2,N4HIDDENCONSPIRACY,N
23298,N_2,N4ISRAELHAND,N
23298,N_2,N5LOYALTY,N
23298,N_2,N6IDENTITYDENY,N
23298,N_2,N7COLLECTIVEGUILT,N
23298,N_2,N8VIOLENCE,N
23298,N_2,N9INCITEMENT,N
23298,N_2,N10SELFDETERMINATION,N
23298,N_2,N11JEWISHRIGHTSDEFINE,N
23298,N_2,N11SELFDETERMINATION,N
23298,N_2,N11JEWISHRIGHTS,N
23298,N_2,N12DOUBLESTANDARD,N
24854,N_2,N2CONSPIRACY,N
24854,N_2,N2CONTROLMEDIA,N
24854,N_2,N2CONTROLECONOMY,N
24854,N_2,N2CONTROLGOV,N
24854,N_2,N2CONTROLOTHER,N
24854,N_2,N3COLLECTIVEBLAME,N
24854,N_2,N4HIDDENCONSPIRACY,N
24854,N_2,N4ISRAELHAND,N
24854,N_2,N5LOYALTY,N
24854,N_2,N6IDENTITYDENY,N
24854,N_2,N7COLLECTIVEGUILT,N
24854,N_2,N8VIOLENCE,N
24854,N_2,N9INCITEMENT,N
24854,N_2,N10SELFDETERMINATION,N
24854,N_2,N11JEWISHRIGHTSDEFINE,N
24854,N_2,N11SELFDETERMINATION,N
24854,N_2,N11JEWISHRIGHTS,N
24854,N_2,N12DOUBLESTANDARD,N
33434,N_2,N2CONSPIRACY,N
33434,N_2,N2CONTROLMEDIA,N
33434,N_2,N2CONTROLECONOMY,N
33434,N_2,N2CONTROLGOV,N
33434,N_2,N2CONTROLOTHER,N
33434,N_2,N3COLLECTIVEBLAME,N
33434,N_2,N4HIDDENCONSPIRACY,N
33434,N_2,N4ISRAELHAND,N
33434,N_2,N5LOYALTY,N
33434,N_2,N6IDENTITYDENY,N
33434,N_2,N7COLLECTIVEGUILT,N
33434,N_2,N8VIOLENCE,N
33434,N_2,N9INCITEMENT,N
33434,N_2,N10SELFDETERMINATION,A
33434,N_2,N11JEWISHRIGHTSDEFINE,A
33434,N_2,N11SELFDETERMINATION,A
33434,N_2,N11JEWISHRIGHTS,N
33434,N_2,N12DOUBLESTANDARD,N
41119,N_2,N2CONSPIRACY,N
41119,N_2,N2CONTROLMEDIA,I
41119,N_2,N2CONTROLECONOMY,N
41119,N_2,N2CONTROLGOV,N
41119,N_2,N2CONTROLOTHER,N
41119,N_2,N3COLLECTIVEBLAME,N
41119,N_2,N4HIDDENCONSPIRACY,N
41119,N_2,N4ISRAELHAND,N
41119,N_2,N5LOYALTY,N
41119,N_2,N6IDENTITYDENY,N
41119,N_2,N7COLLECTIVEGUILT,N
41119,N_2,N8VIOLENCE,N
41119,N_2,N9INCITEMENT,N
41119,N_2,N10SELFDETERMINATION,N
41119,N_2,N11JEWISHRIGHTSDEFINE,N
41119,N_2,N11SELFDETERMINATION,N
41119,N_2,N11JEWISHRIGHTS,N
41119,N_2,N12DOUBLESTANDARD,N
14314,N_2,N2CONSPIRACY,N
14314,N_2,N2CONTROLMEDIA,N
14314,N_2,N2CONTROLECONOMY,N
14314,N_2,N2CONTROLGOV,N
14314,N_2,N2CONTROLOTHER,N
14314,N_2,N3COLLECTIVEBLAME,N
14314,N_2,N4HIDDENCONSPIRACY,N
14314,N_2,N4ISRAELHAND,N
14314,N_2,N5LOYALTY,N
14314,N_2,N6IDENTITYDENY,N
14314,N_2,N7COLLECTIVEGUILT,N
14314,N_2,N8VIOLENCE,N
14314,N_2,N9INCITEMENT,I
14314,N_2,N10SELFDETERMINATION,N
14314,N_2,N11JEWISHRIGHTSDEFINE,N
14314,N_2,N11SELFDETERMINATION,N
14314,N_2,N11JEWISHRIGHTS,N
14314,N_2,N12DOUBLESTANDARD,N
22873,N_2,N2CONSPIRACY,N
22873,N_2,N2CONTROLMEDIA,N
22873,N_2,N2CONTROLECONOMY,N
22873,N_2,N2CONTROLGOV,N
22873,N_2,N2CONTROLOTHER,N
22873,N_2,N3COLLECTIVEBLAME,N
22873,N_2,N4HIDDENCONSPIRACY,N
22873,N_2,N4ISRAELHAND,N
22873,N_2,N5LOYALTY,N
22873,N_2,N6IDENTITYDENY,N
22873,N_2,N7COLLECTIVEGUILT,N
22873,N_2,N8VIOLENCE,N
22873,N_2,N9INCITEMENT,N
22873,N_2,N10SELFDETERMINATION,N
22873,N_2,N11JEWISHRIGHTSDEFINE,N
22873,N_2,N11SELFDETERMINATION,N
22873,N_2,N11JEWISHRIGHTS,N
22873,N_2,N12DOUBLESTANDARD,N
10827,N_2,N2CONSPIRACY,N
10827,N_2,N2CONTROLMEDIA,N
10827,N_2,N2CONTROLECONOMY,N
10827,N_2,N2CONTROLGOV,N
10827,N_2,N2CONTROLOTHER,N
10827,N_2,N3COLLECTIVEBLAME,N
10827,N_2,N4HIDDENCONSPIRACY,N
10827,N_2,N4ISRAELHAND,N
10827,N_2,N5LOYALTY,N
10827,N_2,N6IDENTITYDENY,N
10827,N_2,N7COLLECTIVEGUILT,N
10827,N_2,N8VIOLENCE,N
10827,N_2,N9INCITEMENT,N
10827,N_2,N10SELFDETERMINATION,N
10827,N_2,N11JEWISHRIGHTSDEFINE,N
10827,N_2,N11SELFDETERMINATION,N
10827,N_2,N11JEWISHRIGHTS,N
10827,N_2,N12DOUBLESTANDARD,A
21377,N_2,N2CONSPIRACY,N
21377,N_2,N2CONTROLMEDIA,N
21377,N_2,N2CONTROLECONOMY,N
21377,N_2,N2CONTROLGOV,N
21377,N_2,N2CONTROLOTHER,N
21377,N_2,N3COLLECTIVEBLAME,N
21377,N_2,N4HIDDENCONSPIRACY,N
21377,N_2,N4ISRAELHAND,N
21377,N_2,N5LOYALTY,N
21377,N_2,N6IDENTITYDENY,N
21377,N_2,N7COLLECTIVEGUILT,N
21377,N_2,N8VIOLENCE,N
21377,N_2,N9INCITEMENT,N
21377,N_2,N10SELFDETERMINATION,N
21377,N_2,N11JEWISHRIGHTSDEFINE,N
21377,N_2,N11SELFDETERMINATION,N
21377,N_2,N11JEWISHRIGHTS,N
21377,N_2,N12DOUBLESTANDARD,N
34323,N_2,N2CONSPIRACY,N
34323,N_2,N2CONTROLMEDIA,N
34323,N_2,N2CONTROLECONOMY,N
34323,N_2,N2CONTROLGOV,N
34323,N_2,N2CONTROLOTHER,N
34323,N_2,N3COLLECTIVEBLAME,N
34323,N_2,N4HIDDENCONSPIRACY,N
34323,N_2,N4ISRAELHAND,N
34323,N_2,N5LOYALTY,N
34323,N_2,N6IDENTITYDENY,N
34323,N_2,N7COLLECTIVEGUILT,N
34323,N_2,N8VIOLENCE,N
34323,N_2,N9INCITEMENT,N
34323,N_2,N10SELFDETERMINATION,N
34323,N_2,N11JEWISHRIGHTSDEFINE,N
34323,N_2,N11SELFDETERMINATION,N
34323,N_2,N11JEWISHRIGHTS,N
34323,N_2,N12DOUBLESTANDARD,N
3792,N_2,N2CONSPIRACY,N
3792,N_2,N2CONTROLMEDIA,N
3792,N_2,N2CONTROLECONOMY,N
3792,N_2,N2CONTROLGOV,N
3792,N_2,N2CONTROLOTHER,N
3792,N_2,N3COLLECTIVEBLAME,N
3792,N_2,N4HIDDENCONSPIRACY,N
3792,N_2,N4ISRAELHAND,N
3792,N_2,N5LOYALTY,N
3792,N_2,N6IDENTITYDENY,N
3792,N_2,N7COLLECTIVEGUILT,N
3792,N_2,N8VIOLENCE,N
3792,N_2,N9INCITEMENT,N
3792,N_2,N10SELFDETERMINATION,N
3792,N_2,N11JEWISHRIGHTSDEFINE,N
3792,N_2,N11SELFDETERMINATION,N
3792,N_2,N11JEWISHRIGHTS,N
3792,N_2,N12DOUBLESTANDARD,N
2822,N_2,N2CONSPIRACY,N
2822,N_2,N2CONTROLMEDIA,N
2822,N_2,N2CONTROLECONOMY,N
2822,N_2,N2CONTROLGOV,N
2822,N_2,N2CONTROLOTHER,N
2822,N_2,N3COLLECTIVEBLAME,E
2822,N_2,N4HIDDENCONSPIRACY,N
2822,N_2,N4ISRAELHAND,N
2822,N_2,N5LOYALTY,N
2822,N_2,N6IDENTITYDENY,N
2822,N_2,N7COLLECTIVEGUILT,E
2822,N_2,N8VIOLENCE,N
2822,N_2,N9INCITEMENT,I
2822,N_2,N10SELFDETERMINATION,N
2822,N_2,N11JEWISHRIGHTSDEFINE,N
2822,N_2,N11SELFDETERMINATION,N
2822,N_2,N11JEWISHRIGHTS,N
2822,N_2,N12DOUBLESTANDARD,N
1453,N_2,N2CONSPIRACY,N
1453,N_2,N2CONTROLMEDIA,N
1453,N_2,N2CONTROLECONOMY,N
1453,N_2,N2CONTROLGOV,N
1453,N_2,N2CONTROLOTHER,N
1453,N_2,N3COLLECTIVEBLAME,N
1453,N_2,N4HIDDENCONSPIRACY,N
1453,N_2,N4ISRAELHAND,N
1453,N_2,N5LOYALTY,N
1453,N_2,N6IDENTITYDENY,N
1453,N_2,N7COLLECTIVEGUILT,N
1453,N_2,N8VIOLENCE,N
1453,N_2,N9INCITEMENT,N
1453,N_2,N10SELFDETERMINATION,N
1453,N_2,N11JEWISHRIGHTSDEFINE,N
1453,N_2,N11SELFDETERMINATION,N
1453,N_2,N11JEWISHRIGHTS,N
1453,N_2,N12DOUBLESTANDARD,N
28642,N_2,N2CONSPIRACY,N
28642,N_2,N2CONTROLMEDIA,N
28642,N_2,N2CONTROLECONOMY,N
28642,N_2,N2CONTROLGOV,N
28642,N_2,N2CONTROLOTHER,N
28642,N_2,N3COLLECTIVEBLAME,N
28642,N_2,N4HIDDENCONSPIRACY,N
28642,N_2,N4ISRAELHAND,N
28642,N_2,N5LOYALTY,N
28642,N_2,N6IDENTITYDENY,N
28642,N_2,N7COLLECTIVEGUILT,N
28642,N_2,N8VIOLENCE,N
28642,N_2,N9INCITEMENT,N
28642,N_2,N10SELFDETERMINATION,N
28642,N_2,N11JEWISHRIGHTSDEFINE,N
28642,N_2,N11SELFDETERMINATION,N
28642,N_2,N11JEWISHRIGHTS,N
28642,N_2,N12DOUBLESTANDARD,N
41587,N_2,N2CONSPIRACY,A
41587,N_2,N2CONTROLMEDIA,A
41587,N_2,N2CONTROLECONOMY,A
41587,N_2,N2CONTROLGOV,A
41587,N_2,N2CONTROLOTHER,A
41587,N_2,N3COLLECTIVEBLAME,N
41587,N_2,N4HIDDENCONSPIRACY,I
41587,N_2,N4ISRAELHAND,N
41587,N_2,N5LOYALTY,N
41587,N_2,N6IDENTITYDENY,I
41587,N_2,N7COLLECTIVEGUILT,N
41587,N_2,N8VIOLENCE,N
41587,N_2,N9INCITEMENT,N
41587,N_2,N10SELFDETERMINATION,N
41587,N_2,N11JEWISHRIGHTSDEFINE,N
41587,N_2,N11SELFDETERMINATION,N
41587,N_2,N11JEWISHRIGHTS,N
41587,N_2,N12DOUBLESTANDARD,N
43138,N_2,N2CONSPIRACY,N
43138,N_2,N2CONTROLMEDIA,N
43138,N_2,N2CONTROLECONOMY,N
43138,N_2,N2CONTROLGOV,N
43138,N_2,N2CONTROLOTHER,N
43138,N_2,N3COLLECTIVEBLAME,E
43138,N_2,N4HIDDENCONSPIRACY,N
43138,N_2,N4ISRAELHAND,N
43138,N_2,N5LOYALTY,N
43138,N_2,N6IDENTITYDENY,N
43138,N_2,N7COLLECTIVEGUILT,N
43138,N_2,N8VIOLENCE,N
43138,N_2,N9INCITEMENT,N
43138,N_2,N10SELFDETERMINATION,N
43138,N_2,N11JEWISHRIGHTSDEFINE,N
43138,N_2,N11SELFDETERMINATION,N
43138,N_2,N11JEWISHRIGHTS,N
43138,N_2,N12DOUBLESTANDARD,N
45420,N_2,N2CONSPIRACY,N
45420,N_2,N2CONTROLMEDIA,N
45420,N_2,N2CONTROLECONOMY,N
45420,N_2,N2CONTROLGOV,N
45420,N_2,N2CONTROLOTHER,N
45420,N_2,N3COLLECTIVEBLAME,N
45420,N_2,N4HIDDENCONSPIRACY,N
45420,N_2,N4ISRAELHAND,N
45420,N_2,N5LOYALTY,N
45420,N_2,N6IDENTITYDENY,N
45420,N_2,N7COLLECTIVEGUILT,N
45420,N_2,N8VIOLENCE,N
45420,N_2,N9INCITEMENT,N
45420,N_2,N10SELFDETERMINATION,N
45420,N_2,N11JEWISHRIGHTSDEFINE,N
45420,N_2,N11SELFDETERMINATION,N
45420,N_2,N11JEWISHRIGHTS,N
45420,N_2,N12DOUBLESTANDARD,N
5140,N_2,N2CONSPIRACY,N
5140,N_2,N2CONTROLMEDIA,N
5140,N_2,N2CONTROLECONOMY,N
5140,N_2,N2CONTROLGOV,N
5140,N_2,N2CONTROLOTHER,N
5140,N_2,N3COLLECTIVEBLAME,N
5140,N_2,N4HIDDENCONSPIRACY,N
5140,N_2,N4ISRAELHAND,N
5140,N_2,N5LOYALTY,N
5140,N_2,N6IDENTITYDENY,N
5140,N_2,N7COLLECTIVEGUILT,N
5140,N_2,N8VIOLENCE,N
5140,N_2,N9INCITEMENT,N
5140,N_2,N10SELFDETERMINATION,N
5140,N_2,N11JEWISHRIGHTSDEFINE,N
5140,N_2,N11SELFDETERMINATION,N
5140,N_2,N11JEWISHRIGHTS,N
5140,N_2,N12DOUBLESTANDARD,N
16663,N_2,N2CONSPIRACY,N
16663,N_2,N2CONTROLMEDIA,N
16663,N_2,N2CONTROLECONOMY,N
16663,N_2,N2CONTROLGOV,N
16663,N_2,N2CONTROLOTHER,N
16663,N_2,N3COLLECTIVEBLAME,N
16663,N_2,N4HIDDENCONSPIRACY,N
16663,N_2,N4ISRAELHAND,N
16663,N_2,N5LOYALTY,N
16663,N_2,N6IDENTITYDENY,N
16663,N_2,N7COLLECTIVEGUILT,N
16663,N_2,N8VIOLENCE,N
16663,N_2,N9INCITEMENT,N
16663,N_2,N10SELFDETERMINATION,N
16663,N_2,N11JEWISHRIGHTSDEFINE,N
16663,N_2,N11SELFDETERMINATION,N
16663,N_2,N11JEWISHRIGHTS,N
16663,N_2,N12DOUBLESTANDARD,N
39734,N_2,N2CONSPIRACY,N
39734,N_2,N2CONTROLMEDIA,N
39734,N_2,N2CONTROLECONOMY,N
39734,N_2,N2CONTROLGOV,N
39734,N_2,N2CONTROLOTHER,N
39734,N_2,N3COLLECTIVEBLAME,N
39734,N_2,N4HIDDENCONSPIRACY,N
39734,N_2,N4ISRAELHAND,N
39734,N_2,N5LOYALTY,N
39734,N_2,N6IDENTITYDENY,N
39734,N_2,N7COLLECTIVEGUILT,N
39734,N_2,N8VIOLENCE,N
39734,N_2,N9INCITEMENT,N
39734,N_2,N10SELFDETERMINATION,N
39734,N_2,N11JEWISHRIGHTSDEFINE,N
39734,N_2,N11SELFDETERMINATION,N
39734,N_2,N11JEWISHRIGHTS,N
39734,N_2,N12DOUBLESTANDARD,N
49905,N_2,N2CONSPIRACY,A
49905,N_2,N2CONTROLMEDIA,N
49905,N_2,N2CONTROLECONOMY,A
49905,N_2,N2CONTROLGOV,A
49905,N_2,N2CONTROLOTHER,A
49905,N_2,N3COLLECTIVEBLAME,N
49905,N_2,N4HIDDENCONSPIRACY,A
49905,N_2,N4ISRAELHAND,N
49905,N_2,N5LOYALTY,N
49905,N_2,N6IDENTITYDENY,N
49905,N_2,N7COLLECTIVEGUILT,N
49905,N_2,N8VIOLENCE,N
49905,N_2,N9INCITEMENT,N
49905,N_2,N10SELFDETERMINATION,N
49905,N_2,N11JEWISHRIGHTSDEFINE,N
49905,N_2,N11SELFDETERMINATION,N
49905,N_2,N11JEWISHRIGHTS,N
49905,N_2,N12DOUBLESTANDARD,N
5260,N_2,N2CONSPIRACY,N
5260,N_2,N2CONTROLMEDIA,N
5260,N_2,N2CONTROLECONOMY,N
5260,N_2,N2CONTROLGOV,N
5260,N_2,N2CONTROLOTHER,N
5260,N_2,N3COLLECTIVEBLAME,N
5260,N_2,N4HIDDENCONSPIRACY,N
5260,N_2,N4ISRAELHAND,N
5260,N_2,N5LOYALTY,N
5260,N_2,N6IDENTITYDENY,N
5260,N_2,N7COLLECTIVEGUILT,N
5260,N_2,N8VIOLENCE,N
5260,N_2,N9INCITEMENT,N
5260,N_2,N10SELFDETERMINATION,N
5260,N_2,N11JEWISHRIGHTSDEFINE,N
5260,N_2,N11SELFDETERMINATION,N
5260,N_2,N11JEWISHRIGHTS,N
5260,N_2,N12DOUBLESTANDARD,N
38780,N_2,N2CONSPIRACY,N
38780,N_2,N2CONTROLMEDIA,N
38780,N_2,N2CONTROLECONOMY,N
38780,N_2,N2CONTROLGOV,N
38780,N_2,N2CONTROLOTHER,N
38780,N_2,N3COLLECTIVEBLAME,N
38780,N_2,N4HIDDENCONSPIRACY,N
38780,N_2,N4ISRAELHAND,N
38780,N_2,N5LOYALTY,N
38780,N_2,N6IDENTITYDENY,N
38780,N_2,N7COLLECTIVEGUILT,N
38780,N_2,N8VIOLENCE,N
38780,N_2,N9INCITEMENT,N
38780,N_2,N10SELFDETERMINATION,N
38780,N_2,N11JEWISHRIGHTSDEFINE,N
38780,N_2,N11SELFDETERMINATION,N
38780,N_2,N11JEWISHRIGHTS,N
38780,N_2,N12DOUBLESTANDARD,N
19107,N_2,N2CONSPIRACY,N
19107,N_2,N2CONTROLMEDIA,N
19107,N_2,N2CONTROLECONOMY,N
19107,N_2,N2CONTROLGOV,N
19107,N_2,N2CONTROLOTHER,N
19107,N_2,N3COLLECTIVEBLAME,N
19107,N_2,N4HIDDENCONSPIRACY,N
19107,N_2,N4ISRAELHAND,N
19107,N_2,N5LOYALTY,N
19107,N_2,N6IDENTITYDENY,N
19107,N_2,N7COLLECTIVEGUILT,N
19107,N_2,N8VIOLENCE,N
19107,N_2,N9INCITEMENT,N
19107,N_2,N10SELFDETERMINATION,N
19107,N_2,N11JEWISHRIGHTSDEFINE,N
19107,N_2,N11SELFDETERMINATION,N
19107,N_2,N11JEWISHRIGHTS,N
19107,N_2,N12DOUBLESTANDARD,N
2589,N_2,N2CONSPIRACY,N
2589,N_2,N2CONTROLMEDIA,N
2589,N_2,N2CONTROLECONOMY,N
2589,N_2,N2CONTROLGOV,N
2589,N_2,N2CONTROLOTHER,N
2589,N_2,N3COLLECTIVEBLAME,N
2589,N_2,N4HIDDENCONSPIRACY,N
2589,N_2,N4ISRAELHAND,N
2589,N_2,N5LOYALTY,N
2589,N_2,N6IDENTITYDENY,N
2589,N_2,N7COLLECTIVEGUILT,N
2589,N_2,N8VIOLENCE,N
2589,N_2,N9INCITEMENT,N
2589,N_2,N10SELFDETERMINATION,N
2589,N_2,N11JEWISHRIGHTSDEFINE,N
2589,N_2,N11SELFDETERMINATION,N
2589,N_2,N11JEWISHRIGHTS,N
2589,N_2,N12DOUBLESTANDARD,N
23607,N_2,N2CONSPIRACY,N
23607,N_2,N2CONTROLMEDIA,N
23607,N_2,N2CONTROLECONOMY,N
23607,N_2,N2CONTROLGOV,N
23607,N_2,N2CONTROLOTHER,N
23607,N_2,N3COLLECTIVEBLAME,N
23607,N_2,N4HIDDENCONSPIRACY,N
23607,N_2,N4ISRAELHAND,N
23607,N_2,N5LOYALTY,N
23607,N_2,N6IDENTITYDENY,N
23607,N_2,N7COLLECTIVEGUILT,N
23607,N_2,N8VIOLENCE,N
23607,N_2,N9INCITEMENT,N
23607,N_2,N10SELFDETERMINATION,N
23607,N_2,N11JEWISHRIGHTSDEFINE,N
23607,N_2,N11SELFDETERMINATION,N
23607,N_2,N11JEWISHRIGHTS,N
23607,N_2,N12DOUBLESTANDARD,N
10690,N_2,N2CONSPIRACY,N
10690,N_2,N2CONTROLMEDIA,N
10690,N_2,N2CONTROLECONOMY,N
10690,N_2,N2CONTROLGOV,N
10690,N_2,N2CONTROLOTHER,N
10690,N_2,N3COLLECTIVEBLAME,I
10690,N_2,N4HIDDENCONSPIRACY,N
10690,N_2,N4ISRAELHAND,N
10690,N_2,N5LOYALTY,N
10690,N_2,N6IDENTITYDENY,N
10690,N_2,N7COLLECTIVEGUILT,N
10690,N_2,N8VIOLENCE,N
10690,N_2,N9INCITEMENT,N
10690,N_2,N10SELFDETERMINATION,N
10690,N_2,N11JEWISHRIGHTSDEFINE,N
10690,N_2,N11SELFDETERMINATION,N
10690,N_2,N11JEWISHRIGHTS,N
10690,N_2,N12DOUBLESTANDARD,N
42450,N_2,N2CONSPIRACY,N
42450,N_2,N2CONTROLMEDIA,N
42450,N_2,N2CONTROLECONOMY,N
42450,N_2,N2CONTROLGOV,N
42450,N_2,N2CONTROLOTHER,N
42450,N_2,N3COLLECTIVEBLAME,N
42450,N_2,N4HIDDENCONSPIRACY,N
42450,N_2,N4ISRAELHAND,N
42450,N_2,N5LOYALTY,N
42450,N_2,N6IDENTITYDENY,N
42450,N_2,N7COLLECTIVEGUILT,N
42450,N_2,N8VIOLENCE,N
42450,N_2,N9INCITEMENT,N
42450,N_2,N10SELFDETERMINATION,N
42450,N_2,N11JEWISHRIGHTSDEFINE,N
42450,N_2,N11SELFDETERMINATION,N
42450,N_2,N11JEWISHRIGHTS,N
42450,N_2,N12DOUBLESTANDARD,N
12020,N_2,N2CONSPIRACY,N
12020,N_2,N2CONTROLMEDIA,N
12020,N_2,N2CONTROLECONOMY,N
12020,N_2,N2CONTROLGOV,N
12020,N_2,N2CONTROLOTHER,N
12020,N_2,N3COLLECTIVEBLAME,N
12020,N_2,N4HIDDENCONSPIRACY,N
12020,N_2,N4ISRAELHAND,N
12020,N_2,N5LOYALTY,N
12020,N_2,N6IDENTITYDENY,N
12020,N_2,N7COLLECTIVEGUILT,N
12020,N_2,N8VIOLENCE,N
12020,N_2,N9INCITEMENT,N
12020,N_2,N10SELFDETERMINATION,N
12020,N_2,N11JEWISHRIGHTSDEFINE,N
12020,N_2,N11SELFDETERMINATION,N
12020,N_2,N11JEWISHRIGHTS,N
12020,N_2,N12DOUBLESTANDARD,N
31722,N_2,N2CONSPIRACY,N
31722,N_2,N2CONTROLMEDIA,N
31722,N_2,N2CONTROLECONOMY,N
31722,N_2,N2CONTROLGOV,N
31722,N_2,N2CONTROLOTHER,N
31722,N_2,N3COLLECTIVEBLAME,N
31722,N_2,N4HIDDENCONSPIRACY,N
31722,N_2,N4ISRAELHAND,N
31722,N_2,N5LOYALTY,N
31722,N_2,N6IDENTITYDENY,N
31722,N_2,N7COLLECTIVEGUILT,N
31722,N_2,N8VIOLENCE,N
31722,N_2,N9INCITEMENT,N
31722,N_2,N10SELFDETERMINATION,N
31722,N_2,N11JEWISHRIGHTSDEFINE,N
31722,N_2,N11SELFDETERMINATION,N
31722,N_2,N11JEWISHRIGHTS,N
31722,N_2,N12DOUBLESTANDARD,N
45072,N_2,N2CONSPIRACY,N
45072,N_2,N2CONTROLMEDIA,N
45072,N_2,N2CONTROLECONOMY,N
45072,N_2,N2CONTROLGOV,N
45072,N_2,N2CONTROLOTHER,N
45072,N_2,N3COLLECTIVEBLAME,N
45072,N_2,N4HIDDENCONSPIRACY,N
45072,N_2,N4ISRAELHAND,N
45072,N_2,N5LOYALTY,N
45072,N_2,N6IDENTITYDENY,N
45072,N_2,N7COLLECTIVEGUILT,N
45072,N_2,N8VIOLENCE,N
45072,N_2,N9INCITEMENT,N
45072,N_2,N10SELFDETERMINATION,N
45072,N_2,N11JEWISHRIGHTSDEFINE,N
45072,N_2,N11SELFDETERMINATION,N
45072,N_2,N11JEWISHRIGHTS,N
45072,N_2,N12DOUBLESTANDARD,N
25083,N_2,N2CONSPIRACY,N
25083,N_2,N2CONTROLMEDIA,N
25083,N_2,N2CONTROLECONOMY,N
25083,N_2,N2CONTROLGOV,N
25083,N_2,N2CONTROLOTHER,N
25083,N_2,N3COLLECTIVEBLAME,N
25083,N_2,N4HIDDENCONSPIRACY,N
25083,N_2,N4ISRAELHAND,N
25083,N_2,N5LOYALTY,N
25083,N_2,N6IDENTITYDENY,N
25083,N_2,N7COLLECTIVEGUILT,N
25083,N_2,N8VIOLENCE,N
25083,N_2,N9INCITEMENT,N
25083,N_2,N10SELFDETERMINATION,N
25083,N_2,N11JEWISHRIGHTSDEFINE,N
25083,N_2,N11SELFDETERMINATION,N
25083,N_2,N11JEWISHRIGHTS,N
25083,N_2,N12DOUBLESTANDARD,N
45274,N_2,N2CONSPIRACY,N
45274,N_2,N2CONTROLMEDIA,N
45274,N_2,N2CONTROLECONOMY,N
45274,N_2,N2CONTROLGOV,N
45274,N_2,N2CONTROLOTHER,N
45274,N_2,N3COLLECTIVEBLAME,N
45274,N_2,N4HIDDENCONSPIRACY,N
45274,N_2,N4ISRAELHAND,N
45274,N_2,N5LOYALTY,I
45274,N_2,N6IDENTITYDENY,N
45274,N_2,N7COLLECTIVEGUILT,N
45274,N_2,N8VIOLENCE,N
45274,N_2,N9INCITEMENT,N
45274,N_2,N10SELFDETERMINATION,N
45274,N_2,N11JEWISHRIGHTSDEFINE,N
45274,N_2,N11SELFDETERMINATION,N
45274,N_2,N11JEWISHRIGHTS,N
45274,N_2,N12DOUBLESTANDARD,N
5450,N_2,N2CONSPIRACY,N
5450,N_2,N2CONTROLMEDIA,N
5450,N_2,N2CONTROLECONOMY,N
5450,N_2,N2CONTROLGOV,N
5450,N_2,N2CONTROLOTHER,N
5450,N_2,N3COLLECTIVEBLAME,N
5450,N_2,N4HIDDENCONSPIRACY,N
5450,N_2,N4ISRAELHAND,N
5450,N_2,N5LOYALTY,N
5450,N_2,N6IDENTITYDENY,N
5450,N_2,N7COLLECTIVEGUILT,N
5450,N_2,N8VIOLENCE,N
5450,N_2,N9INCITEMENT,N
5450,N_2,N10SELFDETERMINATION,N
5450,N_2,N11JEWISHRIGHTSDEFINE,N
5450,N_2,N11SELFDETERMINATION,N
5450,N_2,N11JEWISHRIGHTS,N
5450,N_2,N12DOUBLESTANDARD,N
27897,N_2,N2CONSPIRACY,N
27897,N_2,N2CONTROLMEDIA,N
27897,N_2,N2CONTROLECONOMY,N
27897,N_2,N2CONTROLGOV,N
27897,N_2,N2CONTROLOTHER,N
27897,N_2,N3COLLECTIVEBLAME,N
27897,N_2,N4HIDDENCONSPIRACY,N
27897,N_2,N4ISRAELHAND,N
27897,N_2,N5LOYALTY,N
27897,N_2,N6IDENTITYDENY,N
27897,N_2,N7COLLECTIVEGUILT,N
27897,N_2,N8VIOLENCE,N
27897,N_2,N9INCITEMENT,N
27897,N_2,N10SELFDETERMINATION,N
27897,N_2,N11JEWISHRIGHTSDEFINE,N
27897,N_2,N11SELFDETERMINATION,N
27897,N_2,N11JEWISHRIGHTS,N
27897,N_2,N12DOUBLESTANDARD,N
29247,N_2,N2CONSPIRACY,N
29247,N_2,N2CONTROLMEDIA,N
29247,N_2,N2CONTROLECONOMY,N
29247,N_2,N2CONTROLGOV,N
29247,N_2,N2CONTROLOTHER,N
29247,N_2,N3COLLECTIVEBLAME,N
29247,N_2,N4HIDDENCONSPIRACY,N
29247,N_2,N4ISRAELHAND,N
29247,N_2,N5LOYALTY,N
29247,N_2,N6IDENTITYDENY,N
29247,N_2,N7COLLECTIVEGUILT,N
29247,N_2,N8VIOLENCE,N
29247,N_2,N9INCITEMENT,E
29247,N_2,N10SELFDETERMINATION,N
29247,N_2,N11JEWISHRIGHTSDEFINE,N
29247,N_2,N11SELFDETERMINATION,N
29247,N_2,N11JEWISHRIGHTS,N
29247,N_2,N12DOUBLESTANDARD,N
46987,N_2,N2CONSPIRACY,N
46987,N_2,N2CONTROLMEDIA,N
46987,N_2,N2CONTROLECONOMY,N
46987,N_2,N2CONTROLGOV,N
46987,N_2,N2CONTROLOTHER,N
46987,N_2,N3COLLECTIVEBLAME,N
46987,N_2,N4HIDDENCONSPIRACY,N
46987,N_2,N4ISRAELHAND,N
46987,N_2,N5LOYALTY,N
46987,N_2,N6IDENTITYDENY,N
46987,N_2,N7COLLECTIVEGUILT,N
46987,N_2,N8VIOLENCE,N
46987,N_2,N9INCITEMENT,N
46987,N_2,N10SELFDETERMINATION,N
46987,N_2,N11JEWISHRIGHTSDEFINE,N
46987,N_2,N11SELFDETERMINATION,N
46987,N_2,N11JEWISHRIGHTS,N
46987,N_2,N12DOUBLESTANDARD,N
29288,N_2,N2CONSPIRACY,N
29288,N_2,N2CONTROLMEDIA,N
29288,N_2,N2CONTROLECONOMY,N
29288,N_2,N2CONTROLGOV,N
29288,N_2,N2CONTROLOTHER,N
29288,N_2,N3COLLECTIVEBLAME,N
29288,N_2,N4HIDDENCONSPIRACY,N
29288,N_2,N4ISRAELHAND,N
29288,N_2,N5LOYALTY,N
29288,N_2,N6IDENTITYDENY,N
29288,N_2,N7COLLECTIVEGUILT,N
29288,N_2,N8VIOLENCE,N
29288,N_2,N9INCITEMENT,N
29288,N_2,N10SELFDETERMINATION,N
29288,N_2,N11JEWISHRIGHTSDEFINE,N
29288,N_2,N11SELFDETERMINATION,N
29288,N_2,N11JEWISHRIGHTS,N
29288,N_2,N12DOUBLESTANDARD,N
47882,N_2,N2CONSPIRACY,N
47882,N_2,N2CONTROLMEDIA,N
47882,N_2,N2CONTROLECONOMY,N
47882,N_2,N2CONTROLGOV,N
47882,N_2,N2CONTROLOTHER,N
47882,N_2,N3COLLECTIVEBLAME,N
47882,N_2,N4HIDDENCONSPIRACY,N
47882,N_2,N4ISRAELHAND,N
47882,N_2,N5LOYALTY,N
47882,N_2,N6IDENTITYDENY,N
47882,N_2,N7COLLECTIVEGUILT,N
47882,N_2,N8VIOLENCE,N
47882,N_2,N9INCITEMENT,N
47882,N_2,N10SELFDETERMINATION,N
47882,N_2,N11JEWISHRIGHTSDEFINE,N
47882,N_2,N11SELFDETERMINATION,N
47882,N_2,N11JEWISHRIGHTS,N
47882,N_2,N12DOUBLESTANDARD,N
34063,N_2,N2CONSPIRACY,N
34063,N_2,N2CONTROLMEDIA,N
34063,N_2,N2CONTROLECONOMY,N
34063,N_2,N2CONTROLGOV,N
34063,N_2,N2CONTROLOTHER,N
34063,N_2,N3COLLECTIVEBLAME,N
34063,N_2,N4HIDDENCONSPIRACY,N
34063,N_2,N4ISRAELHAND,N
34063,N_2,N5LOYALTY,N
34063,N_2,N6IDENTITYDENY,N
34063,N_2,N7COLLECTIVEGUILT,N
34063,N_2,N8VIOLENCE,N
34063,N_2,N9INCITEMENT,N
34063,N_2,N10SELFDETERMINATION,N
34063,N_2,N11JEWISHRIGHTSDEFINE,N
34063,N_2,N11SELFDETERMINATION,N
34063,N_2,N11JEWISHRIGHTS,N
34063,N_2,N12DOUBLESTANDARD,N
39214,N_2,N2CONSPIRACY,N
39214,N_2,N2CONTROLMEDIA,N
39214,N_2,N2CONTROLECONOMY,N
39214,N_2,N2CONTROLGOV,N
39214,N_2,N2CONTROLOTHER,N
39214,N_2,N3COLLECTIVEBLAME,N
39214,N_2,N4HIDDENCONSPIRACY,N
39214,N_2,N4ISRAELHAND,N
39214,N_2,N5LOYALTY,N
39214,N_2,N6IDENTITYDENY,N
39214,N_2,N7COLLECTIVEGUILT,N
39214,N_2,N8VIOLENCE,N
39214,N_2,N9INCITEMENT,N
39214,N_2,N10SELFDETERMINATION,N
39214,N_2,N11JEWISHRIGHTSDEFINE,N
39214,N_2,N11SELFDETERMINATION,N
39214,N_2,N11JEWISHRIGHTS,N
39214,N_2,N12DOUBLESTANDARD,N
4768,N_2,N2CONSPIRACY,N
4768,N_2,N2CONTROLMEDIA,N
4768,N_2,N2CONTROLECONOMY,N
4768,N_2,N2CONTROLGOV,N
4768,N_2,N2CONTROLOTHER,N
4768,N_2,N3COLLECTIVEBLAME,N
4768,N_2,N4HIDDENCONSPIRACY,N
4768,N_2,N4ISRAELHAND,N
4768,N_2,N5LOYALTY,N
4768,N_2,N6IDENTITYDENY,N
4768,N_2,N7COLLECTIVEGUILT,N
4768,N_2,N8VIOLENCE,N
4768,N_2,N9INCITEMENT,N
4768,N_2,N10SELFDETERMINATION,N
4768,N_2,N11JEWISHRIGHTSDEFINE,N
4768,N_2,N11SELFDETERMINATION,N
4768,N_2,N11JEWISHRIGHTS,N
4768,N_2,N12DOUBLESTANDARD,N
45230,N_2,N2CONSPIRACY,N
45230,N_2,N2CONTROLMEDIA,N
45230,N_2,N2CONTROLECONOMY,N
45230,N_2,N2CONTROLGOV,N
45230,N_2,N2CONTROLOTHER,N
45230,N_2,N3COLLECTIVEBLAME,N
45230,N_2,N4HIDDENCONSPIRACY,N
45230,N_2,N4ISRAELHAND,N
45230,N_2,N5LOYALTY,N
45230,N_2,N6IDENTITYDENY,N
45230,N_2,N7COLLECTIVEGUILT,N
45230,N_2,N8VIOLENCE,N
45230,N_2,N9INCITEMENT,N
45230,N_2,N10SELFDETERMINATION,N
45230,N_2,N11JEWISHRIGHTSDEFINE,N
45230,N_2,N11SELFDETERMINATION,N
45230,N_2,N11JEWISHRIGHTS,N
45230,N_2,N12DOUBLESTANDARD,N
11258,N_2,N2CONSPIRACY,N
11258,N_2,N2CONTROLMEDIA,N
11258,N_2,N2CONTROLECONOMY,N
11258,N_2,N2CONTROLGOV,N
11258,N_2,N2CONTROLOTHER,N
11258,N_2,N3COLLECTIVEBLAME,N
11258,N_2,N4HIDDENCONSPIRACY,N
11258,N_2,N4ISRAELHAND,N
11258,N_2,N5LOYALTY,I
11258,N_2,N6IDENTITYDENY,N
11258,N_2,N7COLLECTIVEGUILT,N
11258,N_2,N8VIOLENCE,N
11258,N_2,N9INCITEMENT,N
11258,N_2,N10SELFDETERMINATION,N
11258,N_2,N11JEWISHRIGHTSDEFINE,N
11258,N_2,N11SELFDETERMINATION,N
11258,N_2,N11JEWISHRIGHTS,N
11258,N_2,N12DOUBLESTANDARD,N
28389,N_2,N2CONSPIRACY,N
28389,N_2,N2CONTROLMEDIA,N
28389,N_2,N2CONTROLECONOMY,N
28389,N_2,N2CONTROLGOV,N
28389,N_2,N2CONTROLOTHER,N
28389,N_2,N3COLLECTIVEBLAME,N
28389,N_2,N4HIDDENCONSPIRACY,N
28389,N_2,N4ISRAELHAND,N
28389,N_2,N5LOYALTY,N
28389,N_2,N6IDENTITYDENY,N
28389,N_2,N7COLLECTIVEGUILT,N
28389,N_2,N8VIOLENCE,N
28389,N_2,N9INCITEMENT,N
28389,N_2,N10SELFDETERMINATION,N
28389,N_2,N11JEWISHRIGHTSDEFINE,N
28389,N_2,N11SELFDETERMINATION,N
28389,N_2,N11JEWISHRIGHTS,N
28389,N_2,N12DOUBLESTANDARD,N
3041,N_2,N2CONSPIRACY,N
3041,N_2,N2CONTROLMEDIA,N
3041,N_2,N2CONTROLECONOMY,N
3041,N_2,N2CONTROLGOV,N
3041,N_2,N2CONTROLOTHER,N
3041,N_2,N3COLLECTIVEBLAME,N
3041,N_2,N4HIDDENCONSPIRACY,N
3041,N_2,N4ISRAELHAND,N
3041,N_2,N5LOYALTY,N
3041,N_2,N6IDENTITYDENY,N
3041,N_2,N7COLLECTIVEGUILT,N
3041,N_2,N8VIOLENCE,N
3041,N_2,N9INCITEMENT,N
3041,N_2,N10SELFDETERMINATION,N
3041,N_2,N11JEWISHRIGHTSDEFINE,N
3041,N_2,N11SELFDETERMINATION,N
3041,N_2,N11JEWISHRIGHTS,N
3041,N_2,N12DOUBLESTANDARD,N
12028,N_2,N2CONSPIRACY,N
12028,N_2,N2CONTROLMEDIA,N
12028,N_2,N2CONTROLECONOMY,N
12028,N_2,N2CONTROLGOV,N
12028,N_2,N2CONTROLOTHER,N
12028,N_2,N3COLLECTIVEBLAME,N
12028,N_2,N4HIDDENCONSPIRACY,N
12028,N_2,N4ISRAELHAND,N
12028,N_2,N5LOYALTY,N
12028,N_2,N6IDENTITYDENY,N
12028,N_2,N7COLLECTIVEGUILT,N
12028,N_2,N8VIOLENCE,N
12028,N_2,N9INCITEMENT,N
12028,N_2,N10SELFDETERMINATION,N
12028,N_2,N11JEWISHRIGHTSDEFINE,N
12028,N_2,N11SELFDETERMINATION,N
12028,N_2,N11JEWISHRIGHTS,N
12028,N_2,N12DOUBLESTANDARD,N
43101,N_2,N2CONSPIRACY,N
43101,N_2,N2CONTROLMEDIA,N
43101,N_2,N2CONTROLECONOMY,N
43101,N_2,N2CONTROLGOV,N
43101,N_2,N2CONTROLOTHER,N
43101,N_2,N3COLLECTIVEBLAME,N
43101,N_2,N4HIDDENCONSPIRACY,N
43101,N_2,N4ISRAELHAND,N
43101,N_2,N5LOYALTY,N
43101,N_2,N6IDENTITYDENY,N
43101,N_2,N7COLLECTIVEGUILT,N
43101,N_2,N8VIOLENCE,N
43101,N_2,N9INCITEMENT,N
43101,N_2,N10SELFDETERMINATION,N
43101,N_2,N11JEWISHRIGHTSDEFINE,N
43101,N_2,N11SELFDETERMINATION,N
43101,N_2,N11JEWISHRIGHTS,N
43101,N_2,N12DOUBLESTANDARD,N
27775,N_2,N2CONSPIRACY,N
27775,N_2,N2CONTROLMEDIA,N
27775,N_2,N2CONTROLECONOMY,N
27775,N_2,N2CONTROLGOV,N
27775,N_2,N2CONTROLOTHER,N
27775,N_2,N3COLLECTIVEBLAME,N
27775,N_2,N4HIDDENCONSPIRACY,N
27775,N_2,N4ISRAELHAND,N
27775,N_2,N5LOYALTY,N
27775,N_2,N6IDENTITYDENY,N
27775,N_2,N7COLLECTIVEGUILT,N
27775,N_2,N8VIOLENCE,N
27775,N_2,N9INCITEMENT,N
27775,N_2,N10SELFDETERMINATION,N
27775,N_2,N11JEWISHRIGHTSDEFINE,N
27775,N_2,N11SELFDETERMINATION,N
27775,N_2,N11JEWISHRIGHTS,N
27775,N_2,N12DOUBLESTANDARD,N
37408,N_2,N2CONSPIRACY,N
37408,N_2,N2CONTROLMEDIA,N
37408,N_2,N2CONTROLECONOMY,N
37408,N_2,N2CONTROLGOV,N
37408,N_2,N2CONTROLOTHER,N
37408,N_2,N3COLLECTIVEBLAME,N
37408,N_2,N4HIDDENCONSPIRACY,N
37408,N_2,N4ISRAELHAND,N
37408,N_2,N5LOYALTY,N
37408,N_2,N6IDENTITYDENY,N
37408,N_2,N7COLLECTIVEGUILT,N
37408,N_2,N8VIOLENCE,N
37408,N_2,N9INCITEMENT,N
37408,N_2,N10SELFDETERMINATION,N
37408,N_2,N11JEWISHRIGHTSDEFINE,N
37408,N_2,N11SELFDETERMINATION,N
37408,N_2,N11JEWISHRIGHTS,N
37408,N_2,N12DOUBLESTANDARD,N
9549,N_2,N2CONSPIRACY,N
9549,N_2,N2CONTROLMEDIA,N
9549,N_2,N2CONTROLECONOMY,N
9549,N_2,N2CONTROLGOV,N
9549,N_2,N2CONTROLOTHER,N
9549,N_2,N3COLLECTIVEBLAME,N
9549,N_2,N4HIDDENCONSPIRACY,N
9549,N_2,N4ISRAELHAND,N
9549,N_2,N5LOYALTY,N
9549,N_2,N6IDENTITYDENY,N
9549,N_2,N7COLLECTIVEGUILT,N
9549,N_2,N8VIOLENCE,N
9549,N_2,N9INCITEMENT,N
9549,N_2,N10SELFDETERMINATION,N
9549,N_2,N11JEWISHRIGHTSDEFINE,N
9549,N_2,N11SELFDETERMINATION,N
9549,N_2,N11JEWISHRIGHTS,N
9549,N_2,N12DOUBLESTANDARD,N
8107,N_2,N2CONSPIRACY,N
8107,N_2,N2CONTROLMEDIA,N
8107,N_2,N2CONTROLECONOMY,N
8107,N_2,N2CONTROLGOV,N
8107,N_2,N2CONTROLOTHER,N
8107,N_2,N3COLLECTIVEBLAME,N
8107,N_2,N4HIDDENCONSPIRACY,N
8107,N_2,N4ISRAELHAND,N
8107,N_2,N5LOYALTY,N
8107,N_2,N6IDENTITYDENY,N
8107,N_2,N7COLLECTIVEGUILT,N
8107,N_2,N8VIOLENCE,N
8107,N_2,N9INCITEMENT,N
8107,N_2,N10SELFDETERMINATION,N
8107,N_2,N11JEWISHRIGHTSDEFINE,N
8107,N_2,N11SELFDETERMINATION,N
8107,N_2,N11JEWISHRIGHTS,N
8107,N_2,N12DOUBLESTANDARD,N
43060,N_2,N2CONSPIRACY,N
43060,N_2,N2CONTROLMEDIA,N
43060,N_2,N2CONTROLECONOMY,N
43060,N_2,N2CONTROLGOV,N
43060,N_2,N2CONTROLOTHER,N
43060,N_2,N3COLLECTIVEBLAME,N
43060,N_2,N4HIDDENCONSPIRACY,N
43060,N_2,N4ISRAELHAND,N
43060,N_2,N5LOYALTY,N
43060,N_2,N6IDENTITYDENY,N
43060,N_2,N7COLLECTIVEGUILT,N
43060,N_2,N8VIOLENCE,N
43060,N_2,N9INCITEMENT,N
43060,N_2,N10SELFDETERMINATION,N
43060,N_2,N11JEWISHRIGHTSDEFINE,N
43060,N_2,N11SELFDETERMINATION,N
43060,N_2,N11JEWISHRIGHTS,N
43060,N_2,N12DOUBLESTANDARD,N
47178,N_2,N2CONSPIRACY,N
47178,N_2,N2CONTROLMEDIA,N
47178,N_2,N2CONTROLECONOMY,N
47178,N_2,N2CONTROLGOV,N
47178,N_2,N2CONTROLOTHER,N
47178,N_2,N3COLLECTIVEBLAME,N
47178,N_2,N4HIDDENCONSPIRACY,N
47178,N_2,N4ISRAELHAND,N
47178,N_2,N5LOYALTY,N
47178,N_2,N6IDENTITYDENY,N
47178,N_2,N7COLLECTIVEGUILT,N
47178,N_2,N8VIOLENCE,N
47178,N_2,N9INCITEMENT,N
47178,N_2,N10SELFDETERMINATION,N
47178,N_2,N11JEWISHRIGHTSDEFINE,N
47178,N_2,N11SELFDETERMINATION,N
47178,N_2,N11JEWISHRIGHTS,N
47178,N_2,N12DOUBLESTANDARD,N
792,N_2,N2CONSPIRACY,N
792,N_2,N2CONTROLMEDIA,N
792,N_2,N2CONTROLECONOMY,N
792,N_2,N2CONTROLGOV,N
792,N_2,N2CONTROLOTHER,N
792,N_2,N3COLLECTIVEBLAME,N
792,N_2,N4HIDDENCONSPIRACY,N
792,N_2,N4ISRAELHAND,N
792,N_2,N5LOYALTY,N
792,N_2,N6IDENTITYDENY,N
792,N_2,N7COLLECTIVEGUILT,N
792,N_2,N8VIOLENCE,N
792,N_2,N9INCITEMENT,N
792,N_2,N10SELFDETERMINATION,N
792,N_2,N11JEWISHRIGHTSDEFINE,N
792,N_2,N11SELFDETERMINATION,N
792,N_2,N11JEWISHRIGHTS,N
792,N_2,N12DOUBLESTANDARD,N
46685,N_2,N2CONSPIRACY,I
46685,N_2,N2CONTROLMEDIA,N
46685,N_2,N2CONTROLECONOMY,I
46685,N_2,N2CONTROLGOV,I
46685,N_2,N2CONTROLOTHER,N
46685,N_2,N3COLLECTIVEBLAME,N
46685,N_2,N4HIDDENCONSPIRACY,I
46685,N_2,N4ISRAELHAND,N
46685,N_2,N5LOYALTY,N
46685,N_2,N6IDENTITYDENY,N
46685,N_2,N7COLLECTIVEGUILT,N
46685,N_2,N8VIOLENCE,N
46685,N_2,N9INCITEMENT,N
46685,N_2,N10SELFDETERMINATION,N
46685,N_2,N11JEWISHRIGHTSDEFINE,N
46685,N_2,N11SELFDETERMINATION,N
46685,N_2,N11JEWISHRIGHTS,N
46685,N_2,N12DOUBLESTANDARD,N
13036,N_2,N2CONSPIRACY,N
13036,N_2,N2CONTROLMEDIA,N
13036,N_2,N2CONTROLECONOMY,N
13036,N_2,N2CONTROLGOV,N
13036,N_2,N2CONTROLOTHER,N
13036,N_2,N3COLLECTIVEBLAME,N
13036,N_2,N4HIDDENCONSPIRACY,N
13036,N_2,N4ISRAELHAND,N
13036,N_2,N5LOYALTY,N
13036,N_2,N6IDENTITYDENY,N
13036,N_2,N7COLLECTIVEGUILT,N
13036,N_2,N8VIOLENCE,N
13036,N_2,N9INCITEMENT,N
13036,N_2,N10SELFDETERMINATION,N
13036,N_2,N11JEWISHRIGHTSDEFINE,N
13036,N_2,N11SELFDETERMINATION,N
13036,N_2,N11JEWISHRIGHTS,N
13036,N_2,N12DOUBLESTANDARD,N
45473,N_2,N2CONSPIRACY,N
45473,N_2,N2CONTROLMEDIA,N
45473,N_2,N2CONTROLECONOMY,N
45473,N_2,N2CONTROLGOV,N
45473,N_2,N2CONTROLOTHER,N
45473,N_2,N3COLLECTIVEBLAME,N
45473,N_2,N4HIDDENCONSPIRACY,N
45473,N_2,N4ISRAELHAND,N
45473,N_2,N5LOYALTY,N
45473,N_2,N6IDENTITYDENY,N
45473,N_2,N7COLLECTIVEGUILT,N
45473,N_2,N8VIOLENCE,N
45473,N_2,N9INCITEMENT,N
45473,N_2,N10SELFDETERMINATION,I
45473,N_2,N11JEWISHRIGHTSDEFINE,I
45473,N_2,N11SELFDETERMINATION,I
45473,N_2,N11JEWISHRIGHTS,N
45473,N_2,N12DOUBLESTANDARD,N
41267,N_2,N2CONSPIRACY,N
41267,N_2,N2CONTROLMEDIA,N
41267,N_2,N2CONTROLECONOMY,N
41267,N_2,N2CONTROLGOV,N
41267,N_2,N2CONTROLOTHER,N
41267,N_2,N3COLLECTIVEBLAME,N
41267,N_2,N4HIDDENCONSPIRACY,N
41267,N_2,N4ISRAELHAND,N
41267,N_2,N5LOYALTY,N
41267,N_2,N6IDENTITYDENY,N
41267,N_2,N7COLLECTIVEGUILT,N
41267,N_2,N8VIOLENCE,N
41267,N_2,N9INCITEMENT,N
41267,N_2,N10SELFDETERMINATION,N
41267,N_2,N11JEWISHRIGHTSDEFINE,N
41267,N_2,N11SELFDETERMINATION,N
41267,N_2,N11JEWISHRIGHTS,N
41267,N_2,N12DOUBLESTANDARD,N
40413,N_2,N2CONSPIRACY,N
40413,N_2,N2CONTROLMEDIA,N
40413,N_2,N2CONTROLECONOMY,N
40413,N_2,N2CONTROLGOV,N
40413,N_2,N2CONTROLOTHER,N
40413,N_2,N3COLLECTIVEBLAME,N
40413,N_2,N4HIDDENCONSPIRACY,N
40413,N_2,N4ISRAELHAND,N
40413,N_2,N5LOYALTY,N
40413,N_2,N6IDENTITYDENY,N
40413,N_2,N7COLLECTIVEGUILT,N
40413,N_2,N8VIOLENCE,N
40413,N_2,N9INCITEMENT,N
40413,N_2,N10SELFDETERMINATION,N
40413,N_2,N11JEWISHRIGHTSDEFINE,N
40413,N_2,N11SELFDETERMINATION,N
40413,N_2,N11JEWISHRIGHTS,N
40413,N_2,N12DOUBLESTANDARD,N
23943,N_2,N2CONSPIRACY,N
23943,N_2,N2CONTROLMEDIA,N
23943,N_2,N2CONTROLECONOMY,N
23943,N_2,N2CONTROLGOV,N
23943,N_2,N2CONTROLOTHER,N
23943,N_2,N3COLLECTIVEBLAME,N
23943,N_2,N4HIDDENCONSPIRACY,N
23943,N_2,N4ISRAELHAND,N
23943,N_2,N5LOYALTY,N
23943,N_2,N6IDENTITYDENY,N
23943,N_2,N7COLLECTIVEGUILT,N
23943,N_2,N8VIOLENCE,N
23943,N_2,N9INCITEMENT,N
23943,N_2,N10SELFDETERMINATION,N
23943,N_2,N11JEWISHRIGHTSDEFINE,N
23943,N_2,N11SELFDETERMINATION,N
23943,N_2,N11JEWISHRIGHTS,N
23943,N_2,N12DOUBLESTANDARD,N
21672,N_2,N2CONSPIRACY,N
21672,N_2,N2CONTROLMEDIA,N
21672,N_2,N2CONTROLECONOMY,N
21672,N_2,N2CONTROLGOV,N
21672,N_2,N2CONTROLOTHER,N
21672,N_2,N3COLLECTIVEBLAME,N
21672,N_2,N4HIDDENCONSPIRACY,N
21672,N_2,N4ISRAELHAND,N
21672,N_2,N5LOYALTY,N
21672,N_2,N6IDENTITYDENY,N
21672,N_2,N7COLLECTIVEGUILT,N
21672,N_2,N8VIOLENCE,A
21672,N_2,N9INCITEMENT,A
21672,N_2,N10SELFDETERMINATION,N
21672,N_2,N11JEWISHRIGHTSDEFINE,N
21672,N_2,N11SELFDETERMINATION,N
21672,N_2,N11JEWISHRIGHTS,N
21672,N_2,N12DOUBLESTANDARD,N
26790,N_2,N2CONSPIRACY,N
26790,N_2,N2CONTROLMEDIA,N
26790,N_2,N2CONTROLECONOMY,N
26790,N_2,N2CONTROLGOV,N
26790,N_2,N2CONTROLOTHER,N
26790,N_2,N3COLLECTIVEBLAME,N
26790,N_2,N4HIDDENCONSPIRACY,N
26790,N_2,N4ISRAELHAND,N
26790,N_2,N5LOYALTY,N
26790,N_2,N6IDENTITYDENY,N
26790,N_2,N7COLLECTIVEGUILT,N
26790,N_2,N8VIOLENCE,N
26790,N_2,N9INCITEMENT,N
26790,N_2,N10SELFDETERMINATION,N
26790,N_2,N11JEWISHRIGHTSDEFINE,N
26790,N_2,N11SELFDETERMINATION,N
26790,N_2,N11JEWISHRIGHTS,N
26790,N_2,N12DOUBLESTANDARD,N
13368,N_2,N2CONSPIRACY,N
13368,N_2,N2CONTROLMEDIA,N
13368,N_2,N2CONTROLECONOMY,N
13368,N_2,N2CONTROLGOV,N
13368,N_2,N2CONTROLOTHER,N
13368,N_2,N3COLLECTIVEBLAME,N
13368,N_2,N4HIDDENCONSPIRACY,N
13368,N_2,N4ISRAELHAND,N
13368,N_2,N5LOYALTY,N
13368,N_2,N6IDENTITYDENY,N
13368,N_2,N7COLLECTIVEGUILT,N
13368,N_2,N8VIOLENCE,N
13368,N_2,N9INCITEMENT,N
13368,N_2,N10SELFDETERMINATION,N
13368,N_2,N11JEWISHRIGHTSDEFINE,N
13368,N_2,N11SELFDETERMINATION,N
13368,N_2,N11JEWISHRIGHTS,N
13368,N_2,N12DOUBLESTANDARD,N
15420,N_2,N2CONSPIRACY,N
15420,N_2,N2CONTROLMEDIA,N
15420,N_2,N2CONTROLECONOMY,N
15420,N_2,N2CONTROLGOV,N
15420,N_2,N2CONTROLOTHER,N
15420,N_2,N3COLLECTIVEBLAME,N
15420,N_2,N4HIDDENCONSPIRACY,N
15420,N_2,N4ISRAELHAND,N
15420,N_2,N5LOYALTY,N
15420,N_2,N6IDENTITYDENY,N
15420,N_2,N7COLLECTIVEGUILT,N
15420,N_2,N8VIOLENCE,N
15420,N_2,N9INCITEMENT,N
15420,N_2,N10SELFDETERMINATION,N
15420,N_2,N11JEWISHRIGHTSDEFINE,N
15420,N_2,N11SELFDETERMINATION,N
15420,N_2,N11JEWISHRIGHTS,N
15420,N_2,N12DOUBLESTANDARD,N
2975,N_2,N2CONSPIRACY,N
2975,N_2,N2CONTROLMEDIA,N
2975,N_2,N2CONTROLECONOMY,N
2975,N_2,N2CONTROLGOV,N
2975,N_2,N2CONTROLOTHER,N
2975,N_2,N3COLLECTIVEBLAME,N
2975,N_2,N4HIDDENCONSPIRACY,N
2975,N_2,N4ISRAELHAND,N
2975,N_2,N5LOYALTY,N
2975,N_2,N6IDENTITYDENY,N
2975,N_2,N7COLLECTIVEGUILT,N
2975,N_2,N8VIOLENCE,A
2975,N_2,N9INCITEMENT,A
2975,N_2,N10SELFDETERMINATION,N
2975,N_2,N11JEWISHRIGHTSDEFINE,N
2975,N_2,N11SELFDETERMINATION,N
2975,N_2,N11JEWISHRIGHTS,N
2975,N_2,N12DOUBLESTANDARD,N
28410,N_2,N2CONSPIRACY,N
28410,N_2,N2CONTROLMEDIA,N
28410,N_2,N2CONTROLECONOMY,N
28410,N_2,N2CONTROLGOV,N
28410,N_2,N2CONTROLOTHER,N
28410,N_2,N3COLLECTIVEBLAME,N
28410,N_2,N4HIDDENCONSPIRACY,N
28410,N_2,N4ISRAELHAND,N
28410,N_2,N5LOYALTY,N
28410,N_2,N6IDENTITYDENY,N
28410,N_2,N7COLLECTIVEGUILT,N
28410,N_2,N8VIOLENCE,N
28410,N_2,N9INCITEMENT,N
28410,N_2,N10SELFDETERMINATION,N
28410,N_2,N11JEWISHRIGHTSDEFINE,N
28410,N_2,N11SELFDETERMINATION,N
28410,N_2,N11JEWISHRIGHTS,N
28410,N_2,N12DOUBLESTANDARD,N
9481,N_2,N2CONSPIRACY,N
9481,N_2,N2CONTROLMEDIA,N
9481,N_2,N2CONTROLECONOMY,N
9481,N_2,N2CONTROLGOV,N
9481,N_2,N2CONTROLOTHER,N
9481,N_2,N3COLLECTIVEBLAME,N
9481,N_2,N4HIDDENCONSPIRACY,N
9481,N_2,N4ISRAELHAND,N
9481,N_2,N5LOYALTY,N
9481,N_2,N6IDENTITYDENY,N
9481,N_2,N7COLLECTIVEGUILT,N
9481,N_2,N8VIOLENCE,N
9481,N_2,N9INCITEMENT,N
9481,N_2,N10SELFDETERMINATION,N
9481,N_2,N11JEWISHRIGHTSDEFINE,N
9481,N_2,N11SELFDETERMINATION,N
9481,N_2,N11JEWISHRIGHTS,N
9481,N_2,N12DOUBLESTANDARD,N
49569,N_2,N2CONSPIRACY,N
49569,N_2,N2CONTROLMEDIA,N
49569,N_2,N2CONTROLECONOMY,N
49569,N_2,N2CONTROLGOV,N
49569,N_2,N2CONTROLOTHER,N
49569,N_2,N3COLLECTIVEBLAME,N
49569,N_2,N4HIDDENCONSPIRACY,N
49569,N_2,N4ISRAELHAND,N
49569,N_2,N5LOYALTY,N
49569,N_2,N6IDENTITYDENY,N
49569,N_2,N7COLLECTIVEGUILT,N
49569,N_2,N8VIOLENCE,N
49569,N_2,N9INCITEMENT,N
49569,N_2,N10SELFDETERMINATION,N
49569,N_2,N11JEWISHRIGHTSDEFINE,N
49569,N_2,N11SELFDETERMINATION,N
49569,N_2,N11JEWISHRIGHTS,N
49569,N_2,N12DOUBLESTANDARD,N
24793,N_2,N2CONSPIRACY,N
24793,N_2,N2CONTROLMEDIA,N
24793,N_2,N2CONTROLECONOMY,N
24793,N_2,N2CONTROLGOV,N
24793,N_2,N2CONTROLOTHER,N
24793,N_2,N3COLLECTIVEBLAME,N
24793,N_2,N4HIDDENCONSPIRACY,N
24793,N_2,N4ISRAELHAND,N
24793,N_2,N5LOYALTY,N
24793,N_2,N6IDENTITYDENY,N
24793,N_2,N7COLLECTIVEGUILT,N
24793,N_2,N8VIOLENCE,N
24793,N_2,N9INCITEMENT,N
24793,N_2,N10SELFDETERMINATION,N
24793,N_2,N11JEWISHRIGHTSDEFINE,N
24793,N_2,N11SELFDETERMINATION,N
24793,N_2,N11JEWISHRIGHTS,N
24793,N_2,N12DOUBLESTANDARD,N
34421,N_2,N2CONSPIRACY,N
34421,N_2,N2CONTROLMEDIA,N
34421,N_2,N2CONTROLECONOMY,N
34421,N_2,N2CONTROLGOV,N
34421,N_2,N2CONTROLOTHER,N
34421,N_2,N3COLLECTIVEBLAME,N
34421,N_2,N4HIDDENCONSPIRACY,N
34421,N_2,N4ISRAELHAND,N
34421,N_2,N5LOYALTY,N
34421,N_2,N6IDENTITYDENY,N
34421,N_2,N7COLLECTIVEGUILT,N
34421,N_2,N8VIOLENCE,N
34421,N_2,N9INCITEMENT,N
34421,N_2,N10SELFDETERMINATION,N
34421,N_2,N11JEWISHRIGHTSDEFINE,N
34421,N_2,N11SELFDETERMINATION,N
34421,N_2,N11JEWISHRIGHTS,N
34421,N_2,N12DOUBLESTANDARD,N
5975,N_2,N2CONSPIRACY,N
5975,N_2,N2CONTROLMEDIA,N
5975,N_2,N2CONTROLECONOMY,N
5975,N_2,N2CONTROLGOV,N
5975,N_2,N2CONTROLOTHER,N
5975,N_2,N3COLLECTIVEBLAME,N
5975,N_2,N4HIDDENCONSPIRACY,N
5975,N_2,N4ISRAELHAND,N
5975,N_2,N5LOYALTY,N
5975,N_2,N6IDENTITYDENY,N
5975,N_2,N7COLLECTIVEGUILT,N
5975,N_2,N8VIOLENCE,N
5975,N_2,N9INCITEMENT,N
5975,N_2,N10SELFDETERMINATION,N
5975,N_2,N11JEWISHRIGHTSDEFINE,N
5975,N_2,N11SELFDETERMINATION,N
5975,N_2,N11JEWISHRIGHTS,N
5975,N_2,N12DOUBLESTANDARD,N
31049,N_2,N2CONSPIRACY,I
31049,N_2,N2CONTROLMEDIA,N
31049,N_2,N2CONTROLECONOMY,N
31049,N_2,N2CONTROLGOV,I
31049,N_2,N2CONTROLOTHER,I
31049,N_2,N3COLLECTIVEBLAME,N
31049,N_2,N4HIDDENCONSPIRACY,I
31049,N_2,N4ISRAELHAND,I
31049,N_2,N5LOYALTY,I
31049,N_2,N6IDENTITYDENY,N
31049,N_2,N7COLLECTIVEGUILT,N
31049,N_2,N8VIOLENCE,N
31049,N_2,N9INCITEMENT,N
31049,N_2,N10SELFDETERMINATION,N
31049,N_2,N11JEWISHRIGHTSDEFINE,N
31049,N_2,N11SELFDETERMINATION,N
31049,N_2,N11JEWISHRIGHTS,N
31049,N_2,N12DOUBLESTANDARD,N
15699,N_2,N2CONSPIRACY,N
15699,N_2,N2CONTROLMEDIA,N
15699,N_2,N2CONTROLECONOMY,N
15699,N_2,N2CONTROLGOV,N
15699,N_2,N2CONTROLOTHER,N
15699,N_2,N3COLLECTIVEBLAME,N
15699,N_2,N4HIDDENCONSPIRACY,N
15699,N_2,N4ISRAELHAND,N
15699,N_2,N5LOYALTY,N
15699,N_2,N6IDENTITYDENY,N
15699,N_2,N7COLLECTIVEGUILT,N
15699,N_2,N8VIOLENCE,N
15699,N_2,N9INCITEMENT,N
15699,N_2,N10SELFDETERMINATION,N
15699,N_2,N11JEWISHRIGHTSDEFINE,N
15699,N_2,N11SELFDETERMINATION,N
15699,N_2,N11JEWISHRIGHTS,N
15699,N_2,N12DOUBLESTANDARD,N
20018,N_2,N2CONSPIRACY,N
20018,N_2,N2CONTROLMEDIA,N
20018,N_2,N2CONTROLECONOMY,N
20018,N_2,N2CONTROLGOV,N
20018,N_2,N2CONTROLOTHER,N
20018,N_2,N3COLLECTIVEBLAME,N
20018,N_2,N4HIDDENCONSPIRACY,N
20018,N_2,N4ISRAELHAND,N
20018,N_2,N5LOYALTY,N
20018,N_2,N6IDENTITYDENY,N
20018,N_2,N7COLLECTIVEGUILT,N
20018,N_2,N8VIOLENCE,N
20018,N_2,N9INCITEMENT,N
20018,N_2,N10SELFDETERMINATION,N
20018,N_2,N11JEWISHRIGHTSDEFINE,N
20018,N_2,N11SELFDETERMINATION,N
20018,N_2,N11JEWISHRIGHTS,N
20018,N_2,N12DOUBLESTANDARD,N
13915,N_2,N2CONSPIRACY,N
13915,N_2,N2CONTROLMEDIA,N
13915,N_2,N2CONTROLECONOMY,N
13915,N_2,N2CONTROLGOV,N
13915,N_2,N2CONTROLOTHER,N
13915,N_2,N3COLLECTIVEBLAME,N
13915,N_2,N4HIDDENCONSPIRACY,N
13915,N_2,N4ISRAELHAND,N
13915,N_2,N5LOYALTY,N
13915,N_2,N6IDENTITYDENY,N
13915,N_2,N7COLLECTIVEGUILT,N
13915,N_2,N8VIOLENCE,N
13915,N_2,N9INCITEMENT,N
13915,N_2,N10SELFDETERMINATION,N
13915,N_2,N11JEWISHRIGHTSDEFINE,N
13915,N_2,N11SELFDETERMINATION,N
13915,N_2,N11JEWISHRIGHTS,N
13915,N_2,N12DOUBLESTANDARD,N
19073,N_2,PARSE_ERROR,Expecting value: line 1 column 1 (char 0)
16766,N_2,N2CONSPIRACY,N
16766,N_2,N2CONTROLMEDIA,N
16766,N_2,N2CONTROLECONOMY,N
16766,N_2,N2CONTROLGOV,N
16766,N_2,N2CONTROLOTHER,N
16766,N_2,N3COLLECTIVEBLAME,N
16766,N_2,N4HIDDENCONSPIRACY,N
16766,N_2,N4ISRAELHAND,N
16766,N_2,N5LOYALTY,N
16766,N_2,N6IDENTITYDENY,N
16766,N_2,N7COLLECTIVEGUILT,N
16766,N_2,N8VIOLENCE,N
16766,N_2,N9INCITEMENT,N
16766,N_2,N10SELFDETERMINATION,N
16766,N_2,N11JEWISHRIGHTSDEFINE,N
16766,N_2,N11SELFDETERMINATION,N
16766,N_2,N11JEWISHRIGHTS,N
16766,N_2,N12DOUBLESTANDARD,N
9495,N_2,N2CONSPIRACY,N
9495,N_2,N2CONTROLMEDIA,N
9495,N_2,N2CONTROLECONOMY,N
9495,N_2,N2CONTROLGOV,N
9495,N_2,N2CONTROLOTHER,N
9495,N_2,N3COLLECTIVEBLAME,N
9495,N_2,N4HIDDENCONSPIRACY,N
9495,N_2,N4ISRAELHAND,N
9495,N_2,N5LOYALTY,N
9495,N_2,N6IDENTITYDENY,N
9495,N_2,N7COLLECTIVEGUILT,N
9495,N_2,N8VIOLENCE,E
9495,N_2,N9INCITEMENT,E
9495,N_2,N10SELFDETERMINATION,N
9495,N_2,N11JEWISHRIGHTSDEFINE,N
9495,N_2,N11SELFDETERMINATION,N
9495,N_2,N11JEWISHRIGHTS,E
9495,N_2,N12DOUBLESTANDARD,N
903,N_2,N2CONSPIRACY,N
903,N_2,N2CONTROLMEDIA,N
903,N_2,N2CONTROLECONOMY,N
903,N_2,N2CONTROLGOV,N
903,N_2,N2CONTROLOTHER,N
903,N_2,N3COLLECTIVEBLAME,N
903,N_2,N4HIDDENCONSPIRACY,N
903,N_2,N4ISRAELHAND,N
903,N_2,N5LOYALTY,N
903,N_2,N6IDENTITYDENY,N
903,N_2,N7COLLECTIVEGUILT,N
903,N_2,N8VIOLENCE,N
903,N_2,N9INCITEMENT,N
903,N_2,N10SELFDETERMINATION,N
903,N_2,N11JEWISHRIGHTSDEFINE,N
903,N_2,N11SELFDETERMINATION,N
903,N_2,N11JEWISHRIGHTS,N
903,N_2,N12DOUBLESTANDARD,N
32448,N_2,N2CONSPIRACY,N
32448,N_2,N2CONTROLMEDIA,N
32448,N_2,N2CONTROLECONOMY,N
32448,N_2,N2CONTROLGOV,N
32448,N_2,N2CONTROLOTHER,N
32448,N_2,N3COLLECTIVEBLAME,N
32448,N_2,N4HIDDENCONSPIRACY,N
32448,N_2,N4ISRAELHAND,N
32448,N_2,N5LOYALTY,N
32448,N_2,N6IDENTITYDENY,N
32448,N_2,N7COLLECTIVEGUILT,N
32448,N_2,N8VIOLENCE,N
32448,N_2,N9INCITEMENT,N
32448,N_2,N10SELFDETERMINATION,N
32448,N_2,N11JEWISHRIGHTSDEFINE,N
32448,N_2,N11SELFDETERMINATION,N
32448,N_2,N11JEWISHRIGHTS,N
32448,N_2,N12DOUBLESTANDARD,N
21931,N_2,N2CONSPIRACY,N
21931,N_2,N2CONTROLMEDIA,N
21931,N_2,N2CONTROLECONOMY,N
21931,N_2,N2CONTROLGOV,N
21931,N_2,N2CONTROLOTHER,N
21931,N_2,N3COLLECTIVEBLAME,N
21931,N_2,N4HIDDENCONSPIRACY,N
21931,N_2,N4ISRAELHAND,N
21931,N_2,N5LOYALTY,N
21931,N_2,N6IDENTITYDENY,N
21931,N_2,N7COLLECTIVEGUILT,N
21931,N_2,N8VIOLENCE,N
21931,N_2,N9INCITEMENT,N
21931,N_2,N10SELFDETERMINATION,N
21931,N_2,N11JEWISHRIGHTSDEFINE,N
21931,N_2,N11SELFDETERMINATION,N
21931,N_2,N11JEWISHRIGHTS,N
21931,N_2,N12DOUBLESTANDARD,N
20222,N_2,N2CONSPIRACY,N
20222,N_2,N2CONTROLMEDIA,N
20222,N_2,N2CONTROLECONOMY,N
20222,N_2,N2CONTROLGOV,N
20222,N_2,N2CONTROLOTHER,N
20222,N_2,N3COLLECTIVEBLAME,N
20222,N_2,N4HIDDENCONSPIRACY,N
20222,N_2,N4ISRAELHAND,N
20222,N_2,N5LOYALTY,N
20222,N_2,N6IDENTITYDENY,N
20222,N_2,N7COLLECTIVEGUILT,N
20222,N_2,N8VIOLENCE,N
20222,N_2,N9INCITEMENT,N
20222,N_2,N10SELFDETERMINATION,N
20222,N_2,N11JEWISHRIGHTSDEFINE,N
20222,N_2,N11SELFDETERMINATION,N
20222,N_2,N11JEWISHRIGHTS,N
20222,N_2,N12DOUBLESTANDARD,N
40663,N_2,N2CONSPIRACY,N
40663,N_2,N2CONTROLMEDIA,N
40663,N_2,N2CONTROLECONOMY,N
40663,N_2,N2CONTROLGOV,N
40663,N_2,N2CONTROLOTHER,N
40663,N_2,N3COLLECTIVEBLAME,N
40663,N_2,N4HIDDENCONSPIRACY,N
40663,N_2,N4ISRAELHAND,N
40663,N_2,N5LOYALTY,N
40663,N_2,N6IDENTITYDENY,N
40663,N_2,N7COLLECTIVEGUILT,N
40663,N_2,N8VIOLENCE,N
40663,N_2,N9INCITEMENT,N
40663,N_2,N10SELFDETERMINATION,N
40663,N_2,N11JEWISHRIGHTSDEFINE,N
40663,N_2,N11SELFDETERMINATION,N
40663,N_2,N11JEWISHRIGHTS,N
40663,N_2,N12DOUBLESTANDARD,N
44612,N_2,N2CONSPIRACY,N
44612,N_2,N2CONTROLMEDIA,N
44612,N_2,N2CONTROLECONOMY,N
44612,N_2,N2CONTROLGOV,N
44612,N_2,N2CONTROLOTHER,N
44612,N_2,N3COLLECTIVEBLAME,A
44612,N_2,N4HIDDENCONSPIRACY,N
44612,N_2,N4ISRAELHAND,N
44612,N_2,N5LOYALTY,N
44612,N_2,N6IDENTITYDENY,N
44612,N_2,N7COLLECTIVEGUILT,A
44612,N_2,N8VIOLENCE,N
44612,N_2,N9INCITEMENT,N
44612,N_2,N10SELFDETERMINATION,N
44612,N_2,N11JEWISHRIGHTSDEFINE,N
44612,N_2,N11SELFDETERMINATION,N
44612,N_2,N11JEWISHRIGHTS,N
44612,N_2,N12DOUBLESTANDARD,N
47419,N_2,N2CONSPIRACY,N
47419,N_2,N2CONTROLMEDIA,N
47419,N_2,N2CONTROLECONOMY,N
47419,N_2,N2CONTROLGOV,N
47419,N_2,N2CONTROLOTHER,N
47419,N_2,N3COLLECTIVEBLAME,N
47419,N_2,N4HIDDENCONSPIRACY,N
47419,N_2,N4ISRAELHAND,N
47419,N_2,N5LOYALTY,N
47419,N_2,N6IDENTITYDENY,N
47419,N_2,N7COLLECTIVEGUILT,N
47419,N_2,N8VIOLENCE,N
47419,N_2,N9INCITEMENT,N
47419,N_2,N10SELFDETERMINATION,N
47419,N_2,N11JEWISHRIGHTSDEFINE,N
47419,N_2,N11SELFDETERMINATION,N
47419,N_2,N11JEWISHRIGHTS,N
47419,N_2,N12DOUBLESTANDARD,N
44747,N_2,N2CONSPIRACY,N
44747,N_2,N2CONTROLMEDIA,N
44747,N_2,N2CONTROLECONOMY,N
44747,N_2,N2CONTROLGOV,N
44747,N_2,N2CONTROLOTHER,N
44747,N_2,N3COLLECTIVEBLAME,N
44747,N_2,N4HIDDENCONSPIRACY,N
44747,N_2,N4ISRAELHAND,N
44747,N_2,N5LOYALTY,N
44747,N_2,N6IDENTITYDENY,N
44747,N_2,N7COLLECTIVEGUILT,N
44747,N_2,N8VIOLENCE,E
44747,N_2,N9INCITEMENT,E
44747,N_2,N10SELFDETERMINATION,N
44747,N_2,N11JEWISHRIGHTSDEFINE,N
44747,N_2,N11SELFDETERMINATION,N
44747,N_2,N11JEWISHRIGHTS,E
44747,N_2,N12DOUBLESTANDARD,N
45458,N_2,N2CONSPIRACY,N
45458,N_2,N2CONTROLMEDIA,N
45458,N_2,N2CONTROLECONOMY,N
45458,N_2,N2CONTROLGOV,N
45458,N_2,N2CONTROLOTHER,N
45458,N_2,N3COLLECTIVEBLAME,N
45458,N_2,N4HIDDENCONSPIRACY,N
45458,N_2,N4ISRAELHAND,N
45458,N_2,N5LOYALTY,N
45458,N_2,N6IDENTITYDENY,N
45458,N_2,N7COLLECTIVEGUILT,N
45458,N_2,N8VIOLENCE,N
45458,N_2,N9INCITEMENT,N
45458,N_2,N10SELFDETERMINATION,N
45458,N_2,N11JEWISHRIGHTSDEFINE,N
45458,N_2,N11SELFDETERMINATION,N
45458,N_2,N11JEWISHRIGHTS,N
45458,N_2,N12DOUBLESTANDARD,N
22558,N_2,N2CONSPIRACY,N
22558,N_2,N2CONTROLMEDIA,N
22558,N_2,N2CONTROLECONOMY,N
22558,N_2,N2CONTROLGOV,N
22558,N_2,N2CONTROLOTHER,N
22558,N_2,N3COLLECTIVEBLAME,N
22558,N_2,N4HIDDENCONSPIRACY,N
22558,N_2,N4ISRAELHAND,N
22558,N_2,N5LOYALTY,N
22558,N_2,N6IDENTITYDENY,N
22558,N_2,N7COLLECTIVEGUILT,N
22558,N_2,N8VIOLENCE,N
22558,N_2,N9INCITEMENT,N
22558,N_2,N10SELFDETERMINATION,N
22558,N_2,N11JEWISHRIGHTSDEFINE,N
22558,N_2,N11SELFDETERMINATION,N
22558,N_2,N11JEWISHRIGHTS,N
22558,N_2,N12DOUBLESTANDARD,N
30040,N_2,N2CONSPIRACY,N
30040,N_2,N2CONTROLMEDIA,N
30040,N_2,N2CONTROLECONOMY,N
30040,N_2,N2CONTROLGOV,N
30040,N_2,N2CONTROLOTHER,N
30040,N_2,N3COLLECTIVEBLAME,N
30040,N_2,N4HIDDENCONSPIRACY,N
30040,N_2,N4ISRAELHAND,N
30040,N_2,N5LOYALTY,N
30040,N_2,N6IDENTITYDENY,N
30040,N_2,N7COLLECTIVEGUILT,N
30040,N_2,N8VIOLENCE,N
30040,N_2,N9INCITEMENT,N
30040,N_2,N10SELFDETERMINATION,N
30040,N_2,N11JEWISHRIGHTSDEFINE,N
30040,N_2,N11SELFDETERMINATION,N
30040,N_2,N11JEWISHRIGHTS,N
30040,N_2,N12DOUBLESTANDARD,N
19365,N_2,N2CONSPIRACY,N
19365,N_2,N2CONTROLMEDIA,N
19365,N_2,N2CONTROLECONOMY,N
19365,N_2,N2CONTROLGOV,N
19365,N_2,N2CONTROLOTHER,N
19365,N_2,N3COLLECTIVEBLAME,N
19365,N_2,N4HIDDENCONSPIRACY,N
19365,N_2,N4ISRAELHAND,N
19365,N_2,N5LOYALTY,N
19365,N_2,N6IDENTITYDENY,N
19365,N_2,N7COLLECTIVEGUILT,N
19365,N_2,N8VIOLENCE,N
19365,N_2,N9INCITEMENT,N
19365,N_2,N10SELFDETERMINATION,N
19365,N_2,N11JEWISHRIGHTSDEFINE,N
19365,N_2,N11SELFDETERMINATION,N
19365,N_2,N11JEWISHRIGHTS,N
19365,N_2,N12DOUBLESTANDARD,N
28283,N_2,N2CONSPIRACY,N
28283,N_2,N2CONTROLMEDIA,N
28283,N_2,N2CONTROLECONOMY,N
28283,N_2,N2CONTROLGOV,N
28283,N_2,N2CONTROLOTHER,N
28283,N_2,N3COLLECTIVEBLAME,N
28283,N_2,N4HIDDENCONSPIRACY,N
28283,N_2,N4ISRAELHAND,N
28283,N_2,N5LOYALTY,N
28283,N_2,N6IDENTITYDENY,N
28283,N_2,N7COLLECTIVEGUILT,N
28283,N_2,N8VIOLENCE,N
28283,N_2,N9INCITEMENT,N
28283,N_2,N10SELFDETERMINATION,N
28283,N_2,N11JEWISHRIGHTSDEFINE,N
28283,N_2,N11SELFDETERMINATION,N
28283,N_2,N11JEWISHRIGHTS,N
28283,N_2,N12DOUBLESTANDARD,N
29771,N_2,N2CONSPIRACY,N
29771,N_2,N2CONTROLMEDIA,N
29771,N_2,N2CONTROLECONOMY,N
29771,N_2,N2CONTROLGOV,N
29771,N_2,N2CONTROLOTHER,N
29771,N_2,N3COLLECTIVEBLAME,N
29771,N_2,N4HIDDENCONSPIRACY,N
29771,N_2,N4ISRAELHAND,N
29771,N_2,N5LOYALTY,N
29771,N_2,N6IDENTITYDENY,N
29771,N_2,N7COLLECTIVEGUILT,N
29771,N_2,N8VIOLENCE,N
29771,N_2,N9INCITEMENT,N
29771,N_2,N10SELFDETERMINATION,N
29771,N_2,N11JEWISHRIGHTSDEFINE,N
29771,N_2,N11SELFDETERMINATION,N
29771,N_2,N11JEWISHRIGHTS,N
29771,N_2,N12DOUBLESTANDARD,N
39821,N_2,N2CONSPIRACY,N
39821,N_2,N2CONTROLMEDIA,N
39821,N_2,N2CONTROLECONOMY,N
39821,N_2,N2CONTROLGOV,N
39821,N_2,N2CONTROLOTHER,N
39821,N_2,N3COLLECTIVEBLAME,N
39821,N_2,N4HIDDENCONSPIRACY,N
39821,N_2,N4ISRAELHAND,N
39821,N_2,N5LOYALTY,N
39821,N_2,N6IDENTITYDENY,I
39821,N_2,N7COLLECTIVEGUILT,N
39821,N_2,N8VIOLENCE,N
39821,N_2,N9INCITEMENT,N
39821,N_2,N10SELFDETERMINATION,N
39821,N_2,N11JEWISHRIGHTSDEFINE,N
39821,N_2,N11SELFDETERMINATION,N
39821,N_2,N11JEWISHRIGHTS,N
39821,N_2,N12DOUBLESTANDARD,N
4331,N_2,N2CONSPIRACY,N
4331,N_2,N2CONTROLMEDIA,N
4331,N_2,N2CONTROLECONOMY,N
4331,N_2,N2CONTROLGOV,N
4331,N_2,N2CONTROLOTHER,N
4331,N_2,N3COLLECTIVEBLAME,N
4331,N_2,N4HIDDENCONSPIRACY,N
4331,N_2,N4ISRAELHAND,N
4331,N_2,N5LOYALTY,N
4331,N_2,N6IDENTITYDENY,N
4331,N_2,N7COLLECTIVEGUILT,N
4331,N_2,N8VIOLENCE,N
4331,N_2,N9INCITEMENT,N
4331,N_2,N10SELFDETERMINATION,N
4331,N_2,N11JEWISHRIGHTSDEFINE,N
4331,N_2,N11SELFDETERMINATION,N
4331,N_2,N11JEWISHRIGHTS,N
4331,N_2,N12DOUBLESTANDARD,N
16035,N_2,N2CONSPIRACY,I
16035,N_2,N2CONTROLMEDIA,N
16035,N_2,N2CONTROLECONOMY,N
16035,N_2,N2CONTROLGOV,N
16035,N_2,N2CONTROLOTHER,N
16035,N_2,N3COLLECTIVEBLAME,N
16035,N_2,N4HIDDENCONSPIRACY,I
16035,N_2,N4ISRAELHAND,N
16035,N_2,N5LOYALTY,N
16035,N_2,N6IDENTITYDENY,N
16035,N_2,N7COLLECTIVEGUILT,N
16035,N_2,N8VIOLENCE,N
16035,N_2,N9INCITEMENT,E
16035,N_2,N10SELFDETERMINATION,N
16035,N_2,N11JEWISHRIGHTSDEFINE,N
16035,N_2,N11SELFDETERMINATION,N
16035,N_2,N11JEWISHRIGHTS,N
16035,N_2,N12DOUBLESTANDARD,N
15881,N_2,N2CONSPIRACY,N
15881,N_2,N2CONTROLMEDIA,N
15881,N_2,N2CONTROLECONOMY,N
15881,N_2,N2CONTROLGOV,N
15881,N_2,N2CONTROLOTHER,N
15881,N_2,N3COLLECTIVEBLAME,N
15881,N_2,N4HIDDENCONSPIRACY,N
15881,N_2,N4ISRAELHAND,N
15881,N_2,N5LOYALTY,N
15881,N_2,N6IDENTITYDENY,N
15881,N_2,N7COLLECTIVEGUILT,N
15881,N_2,N8VIOLENCE,N
15881,N_2,N9INCITEMENT,N
15881,N_2,N10SELFDETERMINATION,N
15881,N_2,N11JEWISHRIGHTSDEFINE,N
15881,N_2,N11SELFDETERMINATION,N
15881,N_2,N11JEWISHRIGHTS,N
15881,N_2,N12DOUBLESTANDARD,N
20019,N_2,N2CONSPIRACY,I
20019,N_2,N2CONTROLMEDIA,N
20019,N_2,N2CONTROLECONOMY,N
20019,N_2,N2CONTROLGOV,N
20019,N_2,N2CONTROLOTHER,N
20019,N_2,N3COLLECTIVEBLAME,E
20019,N_2,N4HIDDENCONSPIRACY,N
20019,N_2,N4ISRAELHAND,N
20019,N_2,N5LOYALTY,N
20019,N_2,N6IDENTITYDENY,N
20019,N_2,N7COLLECTIVEGUILT,N
20019,N_2,N8VIOLENCE,N
20019,N_2,N9INCITEMENT,I
20019,N_2,N10SELFDETERMINATION,N
20019,N_2,N11JEWISHRIGHTSDEFINE,I
20019,N_2,N11SELFDETERMINATION,I
20019,N_2,N11JEWISHRIGHTS,N
20019,N_2,N12DOUBLESTANDARD,N
24559,N_2,N2CONSPIRACY,N
24559,N_2,N2CONTROLMEDIA,N
24559,N_2,N2CONTROLECONOMY,N
24559,N_2,N2CONTROLGOV,N
24559,N_2,N2CONTROLOTHER,N
24559,N_2,N3COLLECTIVEBLAME,N
24559,N_2,N4HIDDENCONSPIRACY,N
24559,N_2,N4ISRAELHAND,N
24559,N_2,N5LOYALTY,N
24559,N_2,N6IDENTITYDENY,N
24559,N_2,N7COLLECTIVEGUILT,N
24559,N_2,N8VIOLENCE,N
24559,N_2,N9INCITEMENT,N
24559,N_2,N10SELFDETERMINATION,N
24559,N_2,N11JEWISHRIGHTSDEFINE,N
24559,N_2,N11SELFDETERMINATION,N
24559,N_2,N11JEWISHRIGHTS,N
24559,N_2,N12DOUBLESTANDARD,N
16366,N_2,N2CONSPIRACY,N
16366,N_2,N2CONTROLMEDIA,N
16366,N_2,N2CONTROLECONOMY,N
16366,N_2,N2CONTROLGOV,N
16366,N_2,N2CONTROLOTHER,N
16366,N_2,N3COLLECTIVEBLAME,N
16366,N_2,N4HIDDENCONSPIRACY,N
16366,N_2,N4ISRAELHAND,N
16366,N_2,N5LOYALTY,N
16366,N_2,N6IDENTITYDENY,N
16366,N_2,N7COLLECTIVEGUILT,N
16366,N_2,N8VIOLENCE,N
16366,N_2,N9INCITEMENT,N
16366,N_2,N10SELFDETERMINATION,N
16366,N_2,N11JEWISHRIGHTSDEFINE,N
16366,N_2,N11SELFDETERMINATION,N
16366,N_2,N11JEWISHRIGHTS,N
16366,N_2,N12DOUBLESTANDARD,N
32480,N_2,N2CONSPIRACY,N
32480,N_2,N2CONTROLMEDIA,N
32480,N_2,N2CONTROLECONOMY,N
32480,N_2,N2CONTROLGOV,N
32480,N_2,N2CONTROLOTHER,N
32480,N_2,N3COLLECTIVEBLAME,N
32480,N_2,N4HIDDENCONSPIRACY,N
32480,N_2,N4ISRAELHAND,N
32480,N_2,N5LOYALTY,N
32480,N_2,N6IDENTITYDENY,N
32480,N_2,N7COLLECTIVEGUILT,N
32480,N_2,N8VIOLENCE,N
32480,N_2,N9INCITEMENT,N
32480,N_2,N10SELFDETERMINATION,N
32480,N_2,N11JEWISHRIGHTSDEFINE,N
32480,N_2,N11SELFDETERMINATION,N
32480,N_2,N11JEWISHRIGHTS,N
32480,N_2,N12DOUBLESTANDARD,I
27534,N_2,N2CONSPIRACY,N
27534,N_2,N2CONTROLMEDIA,N
27534,N_2,N2CONTROLECONOMY,N
27534,N_2,N2CONTROLGOV,N
27534,N_2,N2CONTROLOTHER,N
27534,N_2,N3COLLECTIVEBLAME,N
27534,N_2,N4HIDDENCONSPIRACY,N
27534,N_2,N4ISRAELHAND,N
27534,N_2,N5LOYALTY,N
27534,N_2,N6IDENTITYDENY,N
27534,N_2,N7COLLECTIVEGUILT,N
27534,N_2,N8VIOLENCE,N
27534,N_2,N9INCITEMENT,N
27534,N_2,N10SELFDETERMINATION,N
27534,N_2,N11JEWISHRIGHTSDEFINE,N
27534,N_2,N11SELFDETERMINATION,N
27534,N_2,N11JEWISHRIGHTS,N
27534,N_2,N12DOUBLESTANDARD,N
7973,N_2,N2CONSPIRACY,N
7973,N_2,N2CONTROLMEDIA,N
7973,N_2,N2CONTROLECONOMY,N
7973,N_2,N2CONTROLGOV,N
7973,N_2,N2CONTROLOTHER,N
7973,N_2,N3COLLECTIVEBLAME,N
7973,N_2,N4HIDDENCONSPIRACY,N
7973,N_2,N4ISRAELHAND,N
7973,N_2,N5LOYALTY,N
7973,N_2,N6IDENTITYDENY,N
7973,N_2,N7COLLECTIVEGUILT,N
7973,N_2,N8VIOLENCE,N
7973,N_2,N9INCITEMENT,N
7973,N_2,N10SELFDETERMINATION,N
7973,N_2,N11JEWISHRIGHTSDEFINE,N
7973,N_2,N11SELFDETERMINATION,N
7973,N_2,N11JEWISHRIGHTS,N
7973,N_2,N12DOUBLESTANDARD,N
43598,N_2,N2CONSPIRACY,N
43598,N_2,N2CONTROLMEDIA,N
43598,N_2,N2CONTROLECONOMY,N
43598,N_2,N2CONTROLGOV,N
43598,N_2,N2CONTROLOTHER,N
43598,N_2,N3COLLECTIVEBLAME,N
43598,N_2,N4HIDDENCONSPIRACY,N
43598,N_2,N4ISRAELHAND,N
43598,N_2,N5LOYALTY,N
43598,N_2,N6IDENTITYDENY,N
43598,N_2,N7COLLECTIVEGUILT,N
43598,N_2,N8VIOLENCE,N
43598,N_2,N9INCITEMENT,N
43598,N_2,N10SELFDETERMINATION,N
43598,N_2,N11JEWISHRIGHTSDEFINE,N
43598,N_2,N11SELFDETERMINATION,N
43598,N_2,N11JEWISHRIGHTS,N
43598,N_2,N12DOUBLESTANDARD,N
44695,N_2,PARSE_ERROR,Expecting value: line 1 column 1 (char 0)
39748,N_2,N2CONSPIRACY,N
39748,N_2,N2CONTROLMEDIA,N
39748,N_2,N2CONTROLECONOMY,N
39748,N_2,N2CONTROLGOV,N
39748,N_2,N2CONTROLOTHER,N
39748,N_2,N3COLLECTIVEBLAME,N
39748,N_2,N4HIDDENCONSPIRACY,N
39748,N_2,N4ISRAELHAND,N
39748,N_2,N5LOYALTY,N
39748,N_2,N6IDENTITYDENY,N
39748,N_2,N7COLLECTIVEGUILT,N
39748,N_2,N8VIOLENCE,N
39748,N_2,N9INCITEMENT,N
39748,N_2,N10SELFDETERMINATION,N
39748,N_2,N11JEWISHRIGHTSDEFINE,N
39748,N_2,N11SELFDETERMINATION,N
39748,N_2,N11JEWISHRIGHTS,N
39748,N_2,N12DOUBLESTANDARD,N
33587,N_2,N2CONSPIRACY,N
33587,N_2,N2CONTROLMEDIA,N
33587,N_2,N2CONTROLECONOMY,N
33587,N_2,N2CONTROLGOV,N
33587,N_2,N2CONTROLOTHER,N
33587,N_2,N3COLLECTIVEBLAME,N
33587,N_2,N4HIDDENCONSPIRACY,N
33587,N_2,N4ISRAELHAND,N
33587,N_2,N5LOYALTY,N
33587,N_2,N6IDENTITYDENY,N
33587,N_2,N7COLLECTIVEGUILT,N
33587,N_2,N8VIOLENCE,N
33587,N_2,N9INCITEMENT,N
33587,N_2,N10SELFDETERMINATION,N
33587,N_2,N11JEWISHRIGHTSDEFINE,N
33587,N_2,N11SELFDETERMINATION,N
33587,N_2,N11JEWISHRIGHTS,N
33587,N_2,N12DOUBLESTANDARD,N
42099,N_2,N2CONSPIRACY,I
42099,N_2,N2CONTROLMEDIA,N
42099,N_2,N2CONTROLECONOMY,N
42099,N_2,N2CONTROLGOV,N
42099,N_2,N2CONTROLOTHER,I
42099,N_2,N3COLLECTIVEBLAME,E
42099,N_2,N4HIDDENCONSPIRACY,I
42099,N_2,N4ISRAELHAND,N
42099,N_2,N5LOYALTY,N
42099,N_2,N6IDENTITYDENY,N
42099,N_2,N7COLLECTIVEGUILT,N
42099,N_2,N8VIOLENCE,N
42099,N_2,N9INCITEMENT,E
42099,N_2,N10SELFDETERMINATION,N
42099,N_2,N11JEWISHRIGHTSDEFINE,N
42099,N_2,N11SELFDETERMINATION,N
42099,N_2,N11JEWISHRIGHTS,N
42099,N_2,N12DOUBLESTANDARD,N
7168,N_2,N2CONSPIRACY,N
7168,N_2,N2CONTROLMEDIA,N
7168,N_2,N2CONTROLECONOMY,N
7168,N_2,N2CONTROLGOV,N
7168,N_2,N2CONTROLOTHER,N
7168,N_2,N3COLLECTIVEBLAME,N
7168,N_2,N4HIDDENCONSPIRACY,N
7168,N_2,N4ISRAELHAND,N
7168,N_2,N5LOYALTY,N
7168,N_2,N6IDENTITYDENY,N
7168,N_2,N7COLLECTIVEGUILT,N
7168,N_2,N8VIOLENCE,N
7168,N_2,N9INCITEMENT,N
7168,N_2,N10SELFDETERMINATION,N
7168,N_2,N11JEWISHRIGHTSDEFINE,N
7168,N_2,N11SELFDETERMINATION,N
7168,N_2,N11JEWISHRIGHTS,N
7168,N_2,N12DOUBLESTANDARD,N
13119,N_2,N2CONSPIRACY,N
13119,N_2,N2CONTROLMEDIA,N
13119,N_2,N2CONTROLECONOMY,N
13119,N_2,N2CONTROLGOV,N
13119,N_2,N2CONTROLOTHER,N
13119,N_2,N3COLLECTIVEBLAME,N
13119,N_2,N4HIDDENCONSPIRACY,N
13119,N_2,N4ISRAELHAND,N
13119,N_2,N5LOYALTY,N
13119,N_2,N6IDENTITYDENY,N
13119,N_2,N7COLLECTIVEGUILT,N
13119,N_2,N8VIOLENCE,N
13119,N_2,N9INCITEMENT,N
13119,N_2,N10SELFDETERMINATION,N
13119,N_2,N11JEWISHRIGHTSDEFINE,N
13119,N_2,N11SELFDETERMINATION,N
13119,N_2,N11JEWISHRIGHTS,N
13119,N_2,N12DOUBLESTANDARD,N
36477,N_2,N2CONSPIRACY,N
36477,N_2,N2CONTROLMEDIA,N
36477,N_2,N2CONTROLECONOMY,N
36477,N_2,N2CONTROLGOV,N
36477,N_2,N2CONTROLOTHER,N
36477,N_2,N3COLLECTIVEBLAME,N
36477,N_2,N4HIDDENCONSPIRACY,N
36477,N_2,N4ISRAELHAND,N
36477,N_2,N5LOYALTY,N
36477,N_2,N6IDENTITYDENY,N
36477,N_2,N7COLLECTIVEGUILT,N
36477,N_2,N8VIOLENCE,N
36477,N_2,N9INCITEMENT,N
36477,N_2,N10SELFDETERMINATION,N
36477,N_2,N11JEWISHRIGHTSDEFINE,N
36477,N_2,N11SELFDETERMINATION,N
36477,N_2,N11JEWISHRIGHTS,N
36477,N_2,N12DOUBLESTANDARD,N
34184,N_2,N2CONSPIRACY,N
34184,N_2,N2CONTROLMEDIA,N
34184,N_2,N2CONTROLECONOMY,N
34184,N_2,N2CONTROLGOV,N
34184,N_2,N2CONTROLOTHER,N
34184,N_2,N3COLLECTIVEBLAME,N
34184,N_2,N4HIDDENCONSPIRACY,N
34184,N_2,N4ISRAELHAND,N
34184,N_2,N5LOYALTY,N
34184,N_2,N6IDENTITYDENY,N
34184,N_2,N7COLLECTIVEGUILT,N
34184,N_2,N8VIOLENCE,N
34184,N_2,N9INCITEMENT,N
34184,N_2,N10SELFDETERMINATION,N
34184,N_2,N11JEWISHRIGHTSDEFINE,N
34184,N_2,N11SELFDETERMINATION,N
34184,N_2,N11JEWISHRIGHTS,N
34184,N_2,N12DOUBLESTANDARD,N
14635,N_2,N2CONSPIRACY,N
14635,N_2,N2CONTROLMEDIA,N
14635,N_2,N2CONTROLECONOMY,N
14635,N_2,N2CONTROLGOV,N
14635,N_2,N2CONTROLOTHER,N
14635,N_2,N3COLLECTIVEBLAME,N
14635,N_2,N4HIDDENCONSPIRACY,N
14635,N_2,N4ISRAELHAND,N
14635,N_2,N5LOYALTY,N
14635,N_2,N6IDENTITYDENY,N
14635,N_2,N7COLLECTIVEGUILT,N
14635,N_2,N8VIOLENCE,N
14635,N_2,N9INCITEMENT,N
14635,N_2,N10SELFDETERMINATION,N
14635,N_2,N11JEWISHRIGHTSDEFINE,N
14635,N_2,N11SELFDETERMINATION,N
14635,N_2,N11JEWISHRIGHTS,N
14635,N_2,N12DOUBLESTANDARD,N
44621,N_2,N2CONSPIRACY,N
44621,N_2,N2CONTROLMEDIA,I
44621,N_2,N2CONTROLECONOMY,N
44621,N_2,N2CONTROLGOV,N
44621,N_2,N2CONTROLOTHER,N
44621,N_2,N3COLLECTIVEBLAME,N
44621,N_2,N4HIDDENCONSPIRACY,N
44621,N_2,N4ISRAELHAND,N
44621,N_2,N5LOYALTY,N
44621,N_2,N6IDENTITYDENY,N
44621,N_2,N7COLLECTIVEGUILT,N
44621,N_2,N8VIOLENCE,N
44621,N_2,N9INCITEMENT,N
44621,N_2,N10SELFDETERMINATION,N
44621,N_2,N11JEWISHRIGHTSDEFINE,N
44621,N_2,N11SELFDETERMINATION,N
44621,N_2,N11JEWISHRIGHTS,N
44621,N_2,N12DOUBLESTANDARD,N
1133,N_2,N2CONSPIRACY,N
1133,N_2,N2CONTROLMEDIA,N
1133,N_2,N2CONTROLECONOMY,N
1133,N_2,N2CONTROLGOV,N
1133,N_2,N2CONTROLOTHER,N
1133,N_2,N3COLLECTIVEBLAME,N
1133,N_2,N4HIDDENCONSPIRACY,N
1133,N_2,N4ISRAELHAND,N
1133,N_2,N5LOYALTY,N
1133,N_2,N6IDENTITYDENY,N
1133,N_2,N7COLLECTIVEGUILT,N
1133,N_2,N8VIOLENCE,N
1133,N_2,N9INCITEMENT,N
1133,N_2,N10SELFDETERMINATION,N
1133,N_2,N11JEWISHRIGHTSDEFINE,N
1133,N_2,N11SELFDETERMINATION,N
1133,N_2,N11JEWISHRIGHTS,N
1133,N_2,N12DOUBLESTANDARD,N
38963,N_2,N2CONSPIRACY,N
38963,N_2,N2CONTROLMEDIA,N
38963,N_2,N2CONTROLECONOMY,N
38963,N_2,N2CONTROLGOV,N
38963,N_2,N2CONTROLOTHER,N
38963,N_2,N3COLLECTIVEBLAME,N
38963,N_2,N4HIDDENCONSPIRACY,N
38963,N_2,N4ISRAELHAND,N
38963,N_2,N5LOYALTY,N
38963,N_2,N6IDENTITYDENY,N
38963,N_2,N7COLLECTIVEGUILT,N
38963,N_2,N8VIOLENCE,N
38963,N_2,N9INCITEMENT,N
38963,N_2,N10SELFDETERMINATION,N
38963,N_2,N11JEWISHRIGHTSDEFINE,N
38963,N_2,N11SELFDETERMINATION,N
38963,N_2,N11JEWISHRIGHTS,N
38963,N_2,N12DOUBLESTANDARD,N
8785,N_2,N2CONSPIRACY,N
8785,N_2,N2CONTROLMEDIA,N
8785,N_2,N2CONTROLECONOMY,N
8785,N_2,N2CONTROLGOV,N
8785,N_2,N2CONTROLOTHER,N
8785,N_2,N3COLLECTIVEBLAME,N
8785,N_2,N4HIDDENCONSPIRACY,N
8785,N_2,N4ISRAELHAND,N
8785,N_2,N5LOYALTY,N
8785,N_2,N6IDENTITYDENY,N
8785,N_2,N7COLLECTIVEGUILT,N
8785,N_2,N8VIOLENCE,N
8785,N_2,N9INCITEMENT,N
8785,N_2,N10SELFDETERMINATION,N
8785,N_2,N11JEWISHRIGHTSDEFINE,N
8785,N_2,N11SELFDETERMINATION,N
8785,N_2,N11JEWISHRIGHTS,N
8785,N_2,N12DOUBLESTANDARD,N
22812,N_2,N2CONSPIRACY,N
22812,N_2,N2CONTROLMEDIA,N
22812,N_2,N2CONTROLECONOMY,N
22812,N_2,N2CONTROLGOV,N
22812,N_2,N2CONTROLOTHER,N
22812,N_2,N3COLLECTIVEBLAME,N
22812,N_2,N4HIDDENCONSPIRACY,N
22812,N_2,N4ISRAELHAND,N
22812,N_2,N5LOYALTY,N
22812,N_2,N6IDENTITYDENY,N
22812,N_2,N7COLLECTIVEGUILT,N
22812,N_2,N8VIOLENCE,N
22812,N_2,N9INCITEMENT,N
22812,N_2,N10SELFDETERMINATION,N
22812,N_2,N11JEWISHRIGHTSDEFINE,N
22812,N_2,N11SELFDETERMINATION,N
22812,N_2,N11JEWISHRIGHTS,N
22812,N_2,N12DOUBLESTANDARD,N
45188,N_2,N2CONSPIRACY,N
45188,N_2,N2CONTROLMEDIA,N
45188,N_2,N2CONTROLECONOMY,N
45188,N_2,N2CONTROLGOV,N
45188,N_2,N2CONTROLOTHER,N
45188,N_2,N3COLLECTIVEBLAME,N
45188,N_2,N4HIDDENCONSPIRACY,N
45188,N_2,N4ISRAELHAND,N
45188,N_2,N5LOYALTY,N
45188,N_2,N6IDENTITYDENY,N
45188,N_2,N7COLLECTIVEGUILT,N
45188,N_2,N8VIOLENCE,N
45188,N_2,N9INCITEMENT,N
45188,N_2,N10SELFDETERMINATION,N
45188,N_2,N11JEWISHRIGHTSDEFINE,N
45188,N_2,N11SELFDETERMINATION,N
45188,N_2,N11JEWISHRIGHTS,N
45188,N_2,N12DOUBLESTANDARD,N
7244,N_2,N2CONSPIRACY,N
7244,N_2,N2CONTROLMEDIA,N
7244,N_2,N2CONTROLECONOMY,N
7244,N_2,N2CONTROLGOV,N
7244,N_2,N2CONTROLOTHER,N
7244,N_2,N3COLLECTIVEBLAME,N
7244,N_2,N4HIDDENCONSPIRACY,N
7244,N_2,N4ISRAELHAND,N
7244,N_2,N5LOYALTY,N
7244,N_2,N6IDENTITYDENY,N
7244,N_2,N7COLLECTIVEGUILT,N
7244,N_2,N8VIOLENCE,N
7244,N_2,N9INCITEMENT,N
7244,N_2,N10SELFDETERMINATION,N
7244,N_2,N11JEWISHRIGHTSDEFINE,N
7244,N_2,N11SELFDETERMINATION,N
7244,N_2,N11JEWISHRIGHTS,N
7244,N_2,N12DOUBLESTANDARD,N
34321,N_2,N2CONSPIRACY,N
34321,N_2,N2CONTROLMEDIA,N
34321,N_2,N2CONTROLECONOMY,N
34321,N_2,N2CONTROLGOV,N
34321,N_2,N2CONTROLOTHER,N
34321,N_2,N3COLLECTIVEBLAME,N
34321,N_2,N4HIDDENCONSPIRACY,N
34321,N_2,N4ISRAELHAND,N
34321,N_2,N5LOYALTY,N
34321,N_2,N6IDENTITYDENY,N
34321,N_2,N7COLLECTIVEGUILT,N
34321,N_2,N8VIOLENCE,N
34321,N_2,N9INCITEMENT,N
34321,N_2,N10SELFDETERMINATION,N
34321,N_2,N11JEWISHRIGHTSDEFINE,N
34321,N_2,N11SELFDETERMINATION,N
34321,N_2,N11JEWISHRIGHTS,N
34321,N_2,N12DOUBLESTANDARD,N
3244,N_2,N2CONSPIRACY,N
3244,N_2,N2CONTROLMEDIA,N
3244,N_2,N2CONTROLECONOMY,N
3244,N_2,N2CONTROLGOV,N
3244,N_2,N2CONTROLOTHER,N
3244,N_2,N3COLLECTIVEBLAME,N
3244,N_2,N4HIDDENCONSPIRACY,N
3244,N_2,N4ISRAELHAND,N
3244,N_2,N5LOYALTY,N
3244,N_2,N6IDENTITYDENY,N
3244,N_2,N7COLLECTIVEGUILT,N
3244,N_2,N8VIOLENCE,N
3244,N_2,N9INCITEMENT,N
3244,N_2,N10SELFDETERMINATION,N
3244,N_2,N11JEWISHRIGHTSDEFINE,N
3244,N_2,N11SELFDETERMINATION,N
3244,N_2,N11JEWISHRIGHTS,N
3244,N_2,N12DOUBLESTANDARD,N
47369,N_2,N2CONSPIRACY,N
47369,N_2,N2CONTROLMEDIA,N
47369,N_2,N2CONTROLECONOMY,N
47369,N_2,N2CONTROLGOV,N
47369,N_2,N2CONTROLOTHER,N
47369,N_2,N3COLLECTIVEBLAME,N
47369,N_2,N4HIDDENCONSPIRACY,N
47369,N_2,N4ISRAELHAND,N
47369,N_2,N5LOYALTY,N
47369,N_2,N6IDENTITYDENY,N
47369,N_2,N7COLLECTIVEGUILT,N
47369,N_2,N8VIOLENCE,N
47369,N_2,N9INCITEMENT,N
47369,N_2,N10SELFDETERMINATION,N
47369,N_2,N11JEWISHRIGHTSDEFINE,N
47369,N_2,N11SELFDETERMINATION,N
47369,N_2,N11JEWISHRIGHTS,N
47369,N_2,N12DOUBLESTANDARD,N
3263,N_2,N2CONSPIRACY,N
3263,N_2,N2CONTROLMEDIA,N
3263,N_2,N2CONTROLECONOMY,N
3263,N_2,N2CONTROLGOV,N
3263,N_2,N2CONTROLOTHER,N
3263,N_2,N3COLLECTIVEBLAME,N
3263,N_2,N4HIDDENCONSPIRACY,N
3263,N_2,N4ISRAELHAND,N
3263,N_2,N5LOYALTY,N
3263,N_2,N6IDENTITYDENY,N
3263,N_2,N7COLLECTIVEGUILT,N
3263,N_2,N8VIOLENCE,N
3263,N_2,N9INCITEMENT,N
3263,N_2,N10SELFDETERMINATION,N
3263,N_2,N11JEWISHRIGHTSDEFINE,N
3263,N_2,N11SELFDETERMINATION,N
3263,N_2,N11JEWISHRIGHTS,N
3263,N_2,N12DOUBLESTANDARD,N
24774,N_2,N2CONSPIRACY,N
24774,N_2,N2CONTROLMEDIA,N
24774,N_2,N2CONTROLECONOMY,N
24774,N_2,N2CONTROLGOV,N
24774,N_2,N2CONTROLOTHER,N
24774,N_2,N3COLLECTIVEBLAME,N
24774,N_2,N4HIDDENCONSPIRACY,N
24774,N_2,N4ISRAELHAND,N
24774,N_2,N5LOYALTY,N
24774,N_2,N6IDENTITYDENY,N
24774,N_2,N7COLLECTIVEGUILT,N
24774,N_2,N8VIOLENCE,N
24774,N_2,N9INCITEMENT,N
24774,N_2,N10SELFDETERMINATION,N
24774,N_2,N11JEWISHRIGHTSDEFINE,N
24774,N_2,N11SELFDETERMINATION,N
24774,N_2,N11JEWISHRIGHTS,N
24774,N_2,N12DOUBLESTANDARD,N
43805,N_2,N2CONSPIRACY,N
43805,N_2,N2CONTROLMEDIA,N
43805,N_2,N2CONTROLECONOMY,N
43805,N_2,N2CONTROLGOV,N
43805,N_2,N2CONTROLOTHER,N
43805,N_2,N3COLLECTIVEBLAME,N
43805,N_2,N4HIDDENCONSPIRACY,N
43805,N_2,N4ISRAELHAND,N
43805,N_2,N5LOYALTY,N
43805,N_2,N6IDENTITYDENY,N
43805,N_2,N7COLLECTIVEGUILT,N
43805,N_2,N8VIOLENCE,N
43805,N_2,N9INCITEMENT,N
43805,N_2,N10SELFDETERMINATION,N
43805,N_2,N11JEWISHRIGHTSDEFINE,N
43805,N_2,N11SELFDETERMINATION,N
43805,N_2,N11JEWISHRIGHTS,N
43805,N_2,N12DOUBLESTANDARD,N
9528,N_2,N2CONSPIRACY,N
9528,N_2,N2CONTROLMEDIA,N
9528,N_2,N2CONTROLECONOMY,N
9528,N_2,N2CONTROLGOV,N
9528,N_2,N2CONTROLOTHER,N
9528,N_2,N3COLLECTIVEBLAME,E
9528,N_2,N4HIDDENCONSPIRACY,N
9528,N_2,N4ISRAELHAND,N
9528,N_2,N5LOYALTY,N
9528,N_2,N6IDENTITYDENY,N
9528,N_2,N7COLLECTIVEGUILT,N
9528,N_2,N8VIOLENCE,N
9528,N_2,N9INCITEMENT,N
9528,N_2,N10SELFDETERMINATION,N
9528,N_2,N11JEWISHRIGHTSDEFINE,N
9528,N_2,N11SELFDETERMINATION,N
9528,N_2,N11JEWISHRIGHTS,N
9528,N_2,N12DOUBLESTANDARD,N
21201,N_2,N2CONSPIRACY,N
21201,N_2,N2CONTROLMEDIA,N
21201,N_2,N2CONTROLECONOMY,N
21201,N_2,N2CONTROLGOV,N
21201,N_2,N2CONTROLOTHER,N
21201,N_2,N3COLLECTIVEBLAME,N
21201,N_2,N4HIDDENCONSPIRACY,N
21201,N_2,N4ISRAELHAND,N
21201,N_2,N5LOYALTY,N
21201,N_2,N6IDENTITYDENY,N
21201,N_2,N7COLLECTIVEGUILT,N
21201,N_2,N8VIOLENCE,N
21201,N_2,N9INCITEMENT,N
21201,N_2,N10SELFDETERMINATION,N
21201,N_2,N11JEWISHRIGHTSDEFINE,N
21201,N_2,N11SELFDETERMINATION,N
21201,N_2,N11JEWISHRIGHTS,N
21201,N_2,N12DOUBLESTANDARD,N
1594,N_2,N2CONSPIRACY,N
1594,N_2,N2CONTROLMEDIA,N
1594,N_2,N2CONTROLECONOMY,N
1594,N_2,N2CONTROLGOV,N
1594,N_2,N2CONTROLOTHER,N
1594,N_2,N3COLLECTIVEBLAME,N
1594,N_2,N4HIDDENCONSPIRACY,N
1594,N_2,N4ISRAELHAND,N
1594,N_2,N5LOYALTY,N
1594,N_2,N6IDENTITYDENY,N
1594,N_2,N7COLLECTIVEGUILT,N
1594,N_2,N8VIOLENCE,N
1594,N_2,N9INCITEMENT,N
1594,N_2,N10SELFDETERMINATION,N
1594,N_2,N11JEWISHRIGHTSDEFINE,N
1594,N_2,N11SELFDETERMINATION,N
1594,N_2,N11JEWISHRIGHTS,N
1594,N_2,N12DOUBLESTANDARD,N
30827,N_2,N2CONSPIRACY,N
30827,N_2,N2CONTROLMEDIA,N
30827,N_2,N2CONTROLECONOMY,N
30827,N_2,N2CONTROLGOV,N
30827,N_2,N2CONTROLOTHER,N
30827,N_2,N3COLLECTIVEBLAME,N
30827,N_2,N4HIDDENCONSPIRACY,N
30827,N_2,N4ISRAELHAND,N
30827,N_2,N5LOYALTY,I
30827,N_2,N6IDENTITYDENY,N
30827,N_2,N7COLLECTIVEGUILT,N
30827,N_2,N8VIOLENCE,N
30827,N_2,N9INCITEMENT,N
30827,N_2,N10SELFDETERMINATION,N
30827,N_2,N11JEWISHRIGHTSDEFINE,N
30827,N_2,N11SELFDETERMINATION,N
30827,N_2,N11JEWISHRIGHTS,N
30827,N_2,N12DOUBLESTANDARD,N
40729,N_2,N2CONSPIRACY,N
40729,N_2,N2CONTROLMEDIA,N
40729,N_2,N2CONTROLECONOMY,N
40729,N_2,N2CONTROLGOV,N
40729,N_2,N2CONTROLOTHER,N
40729,N_2,N3COLLECTIVEBLAME,N
40729,N_2,N4HIDDENCONSPIRACY,N
40729,N_2,N4ISRAELHAND,N
40729,N_2,N5LOYALTY,N
40729,N_2,N6IDENTITYDENY,N
40729,N_2,N7COLLECTIVEGUILT,N
40729,N_2,N8VIOLENCE,N
40729,N_2,N9INCITEMENT,N
40729,N_2,N10SELFDETERMINATION,N
40729,N_2,N11JEWISHRIGHTSDEFINE,N
40729,N_2,N11SELFDETERMINATION,N
40729,N_2,N11JEWISHRIGHTS,N
40729,N_2,N12DOUBLESTANDARD,N
9952,N_2,N2CONSPIRACY,N
9952,N_2,N2CONTROLMEDIA,N
9952,N_2,N2CONTROLECONOMY,N
9952,N_2,N2CONTROLGOV,N
9952,N_2,N2CONTROLOTHER,N
9952,N_2,N3COLLECTIVEBLAME,N
9952,N_2,N4HIDDENCONSPIRACY,N
9952,N_2,N4ISRAELHAND,N
9952,N_2,N5LOYALTY,N
9952,N_2,N6IDENTITYDENY,N
9952,N_2,N7COLLECTIVEGUILT,N
9952,N_2,N8VIOLENCE,N
9952,N_2,N9INCITEMENT,N
9952,N_2,N10SELFDETERMINATION,N
9952,N_2,N11JEWISHRIGHTSDEFINE,N
9952,N_2,N11SELFDETERMINATION,N
9952,N_2,N11JEWISHRIGHTS,N
9952,N_2,N12DOUBLESTANDARD,N
25108,N_2,N2CONSPIRACY,N
25108,N_2,N2CONTROLMEDIA,N
25108,N_2,N2CONTROLECONOMY,N
25108,N_2,N2CONTROLGOV,N
25108,N_2,N2CONTROLOTHER,N
25108,N_2,N3COLLECTIVEBLAME,N
25108,N_2,N4HIDDENCONSPIRACY,N
25108,N_2,N4ISRAELHAND,N
25108,N_2,N5LOYALTY,N
25108,N_2,N6IDENTITYDENY,N
25108,N_2,N7COLLECTIVEGUILT,N
25108,N_2,N8VIOLENCE,N
25108,N_2,N9INCITEMENT,N
25108,N_2,N10SELFDETERMINATION,N
25108,N_2,N11JEWISHRIGHTSDEFINE,N
25108,N_2,N11SELFDETERMINATION,N
25108,N_2,N11JEWISHRIGHTS,N
25108,N_2,N12DOUBLESTANDARD,N
26748,N_2,N2CONSPIRACY,N
26748,N_2,N2CONTROLMEDIA,N
26748,N_2,N2CONTROLECONOMY,N
26748,N_2,N2CONTROLGOV,N
26748,N_2,N2CONTROLOTHER,N
26748,N_2,N3COLLECTIVEBLAME,N
26748,N_2,N4HIDDENCONSPIRACY,N
26748,N_2,N4ISRAELHAND,N
26748,N_2,N5LOYALTY,N
26748,N_2,N6IDENTITYDENY,N
26748,N_2,N7COLLECTIVEGUILT,N
26748,N_2,N8VIOLENCE,N
26748,N_2,N9INCITEMENT,N
26748,N_2,N10SELFDETERMINATION,N
26748,N_2,N11JEWISHRIGHTSDEFINE,N
26748,N_2,N11SELFDETERMINATION,N
26748,N_2,N11JEWISHRIGHTS,N
26748,N_2,N12DOUBLESTANDARD,N
43159,N_2,N2CONSPIRACY,N
43159,N_2,N2CONTROLMEDIA,N
43159,N_2,N2CONTROLECONOMY,N
43159,N_2,N2CONTROLGOV,N
43159,N_2,N2CONTROLOTHER,N
43159,N_2,N3COLLECTIVEBLAME,N
43159,N_2,N4HIDDENCONSPIRACY,N
43159,N_2,N4ISRAELHAND,N
43159,N_2,N5LOYALTY,N
43159,N_2,N6IDENTITYDENY,N
43159,N_2,N7COLLECTIVEGUILT,N
43159,N_2,N8VIOLENCE,N
43159,N_2,N9INCITEMENT,N
43159,N_2,N10SELFDETERMINATION,N
43159,N_2,N11JEWISHRIGHTSDEFINE,N
43159,N_2,N11SELFDETERMINATION,N
43159,N_2,N11JEWISHRIGHTS,N
43159,N_2,N12DOUBLESTANDARD,N
46809,N_2,N2CONSPIRACY,I
46809,N_2,N2CONTROLMEDIA,N
46809,N_2,N2CONTROLECONOMY,N
46809,N_2,N2CONTROLGOV,I
46809,N_2,N2CONTROLOTHER,N
46809,N_2,N3COLLECTIVEBLAME,N
46809,N_2,N4HIDDENCONSPIRACY,I
46809,N_2,N4ISRAELHAND,N
46809,N_2,N5LOYALTY,N
46809,N_2,N6IDENTITYDENY,N
46809,N_2,N7COLLECTIVEGUILT,N
46809,N_2,N8VIOLENCE,N
46809,N_2,N9INCITEMENT,N
46809,N_2,N10SELFDETERMINATION,N
46809,N_2,N11JEWISHRIGHTSDEFINE,N
46809,N_2,N11SELFDETERMINATION,N
46809,N_2,N11JEWISHRIGHTS,N
46809,N_2,N12DOUBLESTANDARD,N
48634,N_2,N2CONSPIRACY,N
48634,N_2,N2CONTROLMEDIA,N
48634,N_2,N2CONTROLECONOMY,N
48634,N_2,N2CONTROLGOV,N
48634,N_2,N2CONTROLOTHER,N
48634,N_2,N3COLLECTIVEBLAME,N
48634,N_2,N4HIDDENCONSPIRACY,N
48634,N_2,N4ISRAELHAND,N
48634,N_2,N5LOYALTY,N
48634,N_2,N6IDENTITYDENY,N
48634,N_2,N7COLLECTIVEGUILT,N
48634,N_2,N8VIOLENCE,N
48634,N_2,N9INCITEMENT,N
48634,N_2,N10SELFDETERMINATION,N
48634,N_2,N11JEWISHRIGHTSDEFINE,N
48634,N_2,N11SELFDETERMINATION,N
48634,N_2,N11JEWISHRIGHTS,N
48634,N_2,N12DOUBLESTANDARD,N
3368,N_2,N2CONSPIRACY,N
3368,N_2,N2CONTROLMEDIA,N
3368,N_2,N2CONTROLECONOMY,N
3368,N_2,N2CONTROLGOV,N
3368,N_2,N2CONTROLOTHER,N
3368,N_2,N3COLLECTIVEBLAME,N
3368,N_2,N4HIDDENCONSPIRACY,N
3368,N_2,N4ISRAELHAND,N
3368,N_2,N5LOYALTY,N
3368,N_2,N6IDENTITYDENY,N
3368,N_2,N7COLLECTIVEGUILT,N
3368,N_2,N8VIOLENCE,N
3368,N_2,N9INCITEMENT,N
3368,N_2,N10SELFDETERMINATION,N
3368,N_2,N11JEWISHRIGHTSDEFINE,N
3368,N_2,N11SELFDETERMINATION,N
3368,N_2,N11JEWISHRIGHTS,N
3368,N_2,N12DOUBLESTANDARD,N
37676,N_2,N2CONSPIRACY,N
37676,N_2,N2CONTROLMEDIA,N
37676,N_2,N2CONTROLECONOMY,N
37676,N_2,N2CONTROLGOV,N
37676,N_2,N2CONTROLOTHER,N
37676,N_2,N3COLLECTIVEBLAME,N
37676,N_2,N4HIDDENCONSPIRACY,N
37676,N_2,N4ISRAELHAND,N
37676,N_2,N5LOYALTY,N
37676,N_2,N6IDENTITYDENY,N
37676,N_2,N7COLLECTIVEGUILT,N
37676,N_2,N8VIOLENCE,N
37676,N_2,N9INCITEMENT,N
37676,N_2,N10SELFDETERMINATION,N
37676,N_2,N11JEWISHRIGHTSDEFINE,N
37676,N_2,N11SELFDETERMINATION,N
37676,N_2,N11JEWISHRIGHTS,N
37676,N_2,N12DOUBLESTANDARD,N
3204,N_2,N2CONSPIRACY,N
3204,N_2,N2CONTROLMEDIA,N
3204,N_2,N2CONTROLECONOMY,N
3204,N_2,N2CONTROLGOV,N
3204,N_2,N2CONTROLOTHER,N
3204,N_2,N3COLLECTIVEBLAME,N
3204,N_2,N4HIDDENCONSPIRACY,N
3204,N_2,N4ISRAELHAND,N
3204,N_2,N5LOYALTY,N
3204,N_2,N6IDENTITYDENY,N
3204,N_2,N7COLLECTIVEGUILT,N
3204,N_2,N8VIOLENCE,N
3204,N_2,N9INCITEMENT,N
3204,N_2,N10SELFDETERMINATION,N
3204,N_2,N11JEWISHRIGHTSDEFINE,N
3204,N_2,N11SELFDETERMINATION,N
3204,N_2,N11JEWISHRIGHTS,N
3204,N_2,N12DOUBLESTANDARD,N
44907,N_2,N2CONSPIRACY,A
44907,N_2,N2CONTROLMEDIA,N
44907,N_2,N2CONTROLECONOMY,N
44907,N_2,N2CONTROLGOV,I
44907,N_2,N2CONTROLOTHER,A
44907,N_2,N3COLLECTIVEBLAME,N
44907,N_2,N4HIDDENCONSPIRACY,N
44907,N_2,N4ISRAELHAND,N
44907,N_2,N5LOYALTY,N
44907,N_2,N6IDENTITYDENY,N
44907,N_2,N7COLLECTIVEGUILT,N
44907,N_2,N8VIOLENCE,N
44907,N_2,N9INCITEMENT,N
44907,N_2,N10SELFDETERMINATION,N
44907,N_2,N11JEWISHRIGHTSDEFINE,N
44907,N_2,N11SELFDETERMINATION,N
44907,N_2,N11JEWISHRIGHTS,N
44907,N_2,N12DOUBLESTANDARD,N
49357,N_2,N2CONSPIRACY,N
49357,N_2,N2CONTROLMEDIA,N
49357,N_2,N2CONTROLECONOMY,N
49357,N_2,N2CONTROLGOV,N
49357,N_2,N2CONTROLOTHER,N
49357,N_2,N3COLLECTIVEBLAME,N
49357,N_2,N4HIDDENCONSPIRACY,N
49357,N_2,N4ISRAELHAND,N
49357,N_2,N5LOYALTY,N
49357,N_2,N6IDENTITYDENY,N
49357,N_2,N7COLLECTIVEGUILT,N
49357,N_2,N8VIOLENCE,N
49357,N_2,N9INCITEMENT,I
49357,N_2,N10SELFDETERMINATION,N
49357,N_2,N11JEWISHRIGHTSDEFINE,N
49357,N_2,N11SELFDETERMINATION,N
49357,N_2,N11JEWISHRIGHTS,N
49357,N_2,N12DOUBLESTANDARD,N
6785,N_2,N2CONSPIRACY,N
6785,N_2,N2CONTROLMEDIA,N
6785,N_2,N2CONTROLECONOMY,N
6785,N_2,N2CONTROLGOV,N
6785,N_2,N2CONTROLOTHER,N
6785,N_2,N3COLLECTIVEBLAME,N
6785,N_2,N4HIDDENCONSPIRACY,N
6785,N_2,N4ISRAELHAND,N
6785,N_2,N5LOYALTY,N
6785,N_2,N6IDENTITYDENY,N
6785,N_2,N7COLLECTIVEGUILT,N
6785,N_2,N8VIOLENCE,I
6785,N_2,N9INCITEMENT,E
6785,N_2,N10SELFDETERMINATION,N
6785,N_2,N11JEWISHRIGHTSDEFINE,N
6785,N_2,N11SELFDETERMINATION,N
6785,N_2,N11JEWISHRIGHTS,N
6785,N_2,N12DOUBLESTANDARD,N
2173,N_2,N2CONSPIRACY,N
2173,N_2,N2CONTROLMEDIA,N
2173,N_2,N2CONTROLECONOMY,N
2173,N_2,N2CONTROLGOV,N
2173,N_2,N2CONTROLOTHER,N
2173,N_2,N3COLLECTIVEBLAME,N
2173,N_2,N4HIDDENCONSPIRACY,N
2173,N_2,N4ISRAELHAND,N
2173,N_2,N5LOYALTY,N
2173,N_2,N6IDENTITYDENY,N
2173,N_2,N7COLLECTIVEGUILT,N
2173,N_2,N8VIOLENCE,N
2173,N_2,N9INCITEMENT,E
2173,N_2,N10SELFDETERMINATION,N
2173,N_2,N11JEWISHRIGHTSDEFINE,N
2173,N_2,N11SELFDETERMINATION,N
2173,N_2,N11JEWISHRIGHTS,E
2173,N_2,N12DOUBLESTANDARD,N
4481,N_2,N2CONSPIRACY,N
4481,N_2,N2CONTROLMEDIA,N
4481,N_2,N2CONTROLECONOMY,N
4481,N_2,N2CONTROLGOV,N
4481,N_2,N2CONTROLOTHER,N
4481,N_2,N3COLLECTIVEBLAME,N
4481,N_2,N4HIDDENCONSPIRACY,N
4481,N_2,N4ISRAELHAND,N
4481,N_2,N5LOYALTY,N
4481,N_2,N6IDENTITYDENY,N
4481,N_2,N7COLLECTIVEGUILT,N
4481,N_2,N8VIOLENCE,N
4481,N_2,N9INCITEMENT,N
4481,N_2,N10SELFDETERMINATION,N
4481,N_2,N11JEWISHRIGHTSDEFINE,N
4481,N_2,N11SELFDETERMINATION,N
4481,N_2,N11JEWISHRIGHTS,N
4481,N_2,N12DOUBLESTANDARD,N
30381,N_2,N2CONSPIRACY,N
30381,N_2,N2CONTROLMEDIA,N
30381,N_2,N2CONTROLECONOMY,N
30381,N_2,N2CONTROLGOV,N
30381,N_2,N2CONTROLOTHER,N
30381,N_2,N3COLLECTIVEBLAME,N
30381,N_2,N4HIDDENCONSPIRACY,N
30381,N_2,N4ISRAELHAND,N
30381,N_2,N5LOYALTY,N
30381,N_2,N6IDENTITYDENY,N
30381,N_2,N7COLLECTIVEGUILT,N
30381,N_2,N8VIOLENCE,N
30381,N_2,N9INCITEMENT,N
30381,N_2,N10SELFDETERMINATION,N
30381,N_2,N11JEWISHRIGHTSDEFINE,N
30381,N_2,N11SELFDETERMINATION,N
30381,N_2,N11JEWISHRIGHTS,N
30381,N_2,N12DOUBLESTANDARD,N
39224,N_2,N2CONSPIRACY,N
39224,N_2,N2CONTROLMEDIA,N
39224,N_2,N2CONTROLECONOMY,N
39224,N_2,N2CONTROLGOV,N
39224,N_2,N2CONTROLOTHER,N
39224,N_2,N3COLLECTIVEBLAME,N
39224,N_2,N4HIDDENCONSPIRACY,N
39224,N_2,N4ISRAELHAND,N
39224,N_2,N5LOYALTY,N
39224,N_2,N6IDENTITYDENY,N
39224,N_2,N7COLLECTIVEGUILT,N
39224,N_2,N8VIOLENCE,N
39224,N_2,N9INCITEMENT,N
39224,N_2,N10SELFDETERMINATION,N
39224,N_2,N11JEWISHRIGHTSDEFINE,N
39224,N_2,N11SELFDETERMINATION,N
39224,N_2,N11JEWISHRIGHTS,N
39224,N_2,N12DOUBLESTANDARD,N
47017,N_2,N2CONSPIRACY,N
47017,N_2,N2CONTROLMEDIA,N
47017,N_2,N2CONTROLECONOMY,N
47017,N_2,N2CONTROLGOV,N
47017,N_2,N2CONTROLOTHER,N
47017,N_2,N3COLLECTIVEBLAME,N
47017,N_2,N4HIDDENCONSPIRACY,N
47017,N_2,N4ISRAELHAND,N
47017,N_2,N5LOYALTY,N
47017,N_2,N6IDENTITYDENY,N
47017,N_2,N7COLLECTIVEGUILT,N
47017,N_2,N8VIOLENCE,N
47017,N_2,N9INCITEMENT,E
47017,N_2,N10SELFDETERMINATION,N
47017,N_2,N11JEWISHRIGHTSDEFINE,N
47017,N_2,N11SELFDETERMINATION,N
47017,N_2,N11JEWISHRIGHTS,N
47017,N_2,N12DOUBLESTANDARD,N
16522,N_2,N2CONSPIRACY,A
16522,N_2,N2CONTROLMEDIA,N
16522,N_2,N2CONTROLECONOMY,N
16522,N_2,N2CONTROLGOV,N
16522,N_2,N2CONTROLOTHER,N
16522,N_2,N3COLLECTIVEBLAME,A
16522,N_2,N4HIDDENCONSPIRACY,A
16522,N_2,N4ISRAELHAND,N
16522,N_2,N5LOYALTY,N
16522,N_2,N6IDENTITYDENY,N
16522,N_2,N7COLLECTIVEGUILT,A
16522,N_2,N8VIOLENCE,A
16522,N_2,N9INCITEMENT,A
16522,N_2,N10SELFDETERMINATION,N
16522,N_2,N11JEWISHRIGHTSDEFINE,N
16522,N_2,N11SELFDETERMINATION,N
16522,N_2,N11JEWISHRIGHTS,N
16522,N_2,N12DOUBLESTANDARD,N
17090,N_2,N2CONSPIRACY,N
17090,N_2,N2CONTROLMEDIA,N
17090,N_2,N2CONTROLECONOMY,N
17090,N_2,N2CONTROLGOV,N
17090,N_2,N2CONTROLOTHER,N
17090,N_2,N3COLLECTIVEBLAME,N
17090,N_2,N4HIDDENCONSPIRACY,N
17090,N_2,N4ISRAELHAND,N
17090,N_2,N5LOYALTY,N
17090,N_2,N6IDENTITYDENY,N
17090,N_2,N7COLLECTIVEGUILT,N
17090,N_2,N8VIOLENCE,N
17090,N_2,N9INCITEMENT,N
17090,N_2,N10SELFDETERMINATION,N
17090,N_2,N11JEWISHRIGHTSDEFINE,N
17090,N_2,N11SELFDETERMINATION,N
17090,N_2,N11JEWISHRIGHTS,N
17090,N_2,N12DOUBLESTANDARD,N
4476,N_2,N2CONSPIRACY,N
4476,N_2,N2CONTROLMEDIA,N
4476,N_2,N2CONTROLECONOMY,N
4476,N_2,N2CONTROLGOV,N
4476,N_2,N2CONTROLOTHER,N
4476,N_2,N3COLLECTIVEBLAME,N
4476,N_2,N4HIDDENCONSPIRACY,N
4476,N_2,N4ISRAELHAND,N
4476,N_2,N5LOYALTY,N
4476,N_2,N6IDENTITYDENY,N
4476,N_2,N7COLLECTIVEGUILT,N
4476,N_2,N8VIOLENCE,N
4476,N_2,N9INCITEMENT,N
4476,N_2,N10SELFDETERMINATION,N
4476,N_2,N11JEWISHRIGHTSDEFINE,N
4476,N_2,N11SELFDETERMINATION,N
4476,N_2,N11JEWISHRIGHTS,N
4476,N_2,N12DOUBLESTANDARD,N
8282,N_2,N2CONSPIRACY,N
8282,N_2,N2CONTROLMEDIA,N
8282,N_2,N2CONTROLECONOMY,N
8282,N_2,N2CONTROLGOV,N
8282,N_2,N2CONTROLOTHER,N
8282,N_2,N3COLLECTIVEBLAME,N
8282,N_2,N4HIDDENCONSPIRACY,N
8282,N_2,N4ISRAELHAND,N
8282,N_2,N5LOYALTY,N
8282,N_2,N6IDENTITYDENY,N
8282,N_2,N7COLLECTIVEGUILT,N
8282,N_2,N8VIOLENCE,N
8282,N_2,N9INCITEMENT,N
8282,N_2,N10SELFDETERMINATION,N
8282,N_2,N11JEWISHRIGHTSDEFINE,N
8282,N_2,N11SELFDETERMINATION,N
8282,N_2,N11JEWISHRIGHTS,N
8282,N_2,N12DOUBLESTANDARD,N
6058,N_2,N2CONSPIRACY,N
6058,N_2,N2CONTROLMEDIA,N
6058,N_2,N2CONTROLECONOMY,N
6058,N_2,N2CONTROLGOV,N
6058,N_2,N2CONTROLOTHER,N
6058,N_2,N3COLLECTIVEBLAME,N
6058,N_2,N4HIDDENCONSPIRACY,N
6058,N_2,N4ISRAELHAND,N
6058,N_2,N5LOYALTY,N
6058,N_2,N6IDENTITYDENY,N
6058,N_2,N7COLLECTIVEGUILT,N
6058,N_2,N8VIOLENCE,N
6058,N_2,N9INCITEMENT,N
6058,N_2,N10SELFDETERMINATION,N
6058,N_2,N11JEWISHRIGHTSDEFINE,N
6058,N_2,N11SELFDETERMINATION,N
6058,N_2,N11JEWISHRIGHTS,N
6058,N_2,N12DOUBLESTANDARD,N
45279,N_2,N2CONSPIRACY,N
45279,N_2,N2CONTROLMEDIA,N
45279,N_2,N2CONTROLECONOMY,N
45279,N_2,N2CONTROLGOV,N
45279,N_2,N2CONTROLOTHER,N
45279,N_2,N3COLLECTIVEBLAME,N
45279,N_2,N4HIDDENCONSPIRACY,N
45279,N_2,N4ISRAELHAND,N
45279,N_2,N5LOYALTY,N
45279,N_2,N6IDENTITYDENY,N
45279,N_2,N7COLLECTIVEGUILT,N
45279,N_2,N8VIOLENCE,N
45279,N_2,N9INCITEMENT,N
45279,N_2,N10SELFDETERMINATION,N
45279,N_2,N11JEWISHRIGHTSDEFINE,N
45279,N_2,N11SELFDETERMINATION,N
45279,N_2,N11JEWISHRIGHTS,N
45279,N_2,N12DOUBLESTANDARD,N
14961,N_2,N2CONSPIRACY,N
14961,N_2,N2CONTROLMEDIA,N
14961,N_2,N2CONTROLECONOMY,N
14961,N_2,N2CONTROLGOV,N
14961,N_2,N2CONTROLOTHER,N
14961,N_2,N3COLLECTIVEBLAME,N
14961,N_2,N4HIDDENCONSPIRACY,N
14961,N_2,N4ISRAELHAND,N
14961,N_2,N5LOYALTY,N
14961,N_2,N6IDENTITYDENY,N
14961,N_2,N7COLLECTIVEGUILT,N
14961,N_2,N8VIOLENCE,N
14961,N_2,N9INCITEMENT,N
14961,N_2,N10SELFDETERMINATION,N
14961,N_2,N11JEWISHRIGHTSDEFINE,N
14961,N_2,N11SELFDETERMINATION,N
14961,N_2,N11JEWISHRIGHTS,N
14961,N_2,N12DOUBLESTANDARD,N
1774,N_2,N2CONSPIRACY,N
1774,N_2,N2CONTROLMEDIA,N
1774,N_2,N2CONTROLECONOMY,N
1774,N_2,N2CONTROLGOV,N
1774,N_2,N2CONTROLOTHER,N
1774,N_2,N3COLLECTIVEBLAME,N
1774,N_2,N4HIDDENCONSPIRACY,N
1774,N_2,N4ISRAELHAND,N
1774,N_2,N5LOYALTY,N
1774,N_2,N6IDENTITYDENY,N
1774,N_2,N7COLLECTIVEGUILT,N
1774,N_2,N8VIOLENCE,N
1774,N_2,N9INCITEMENT,N
1774,N_2,N10SELFDETERMINATION,N
1774,N_2,N11JEWISHRIGHTSDEFINE,N
1774,N_2,N11SELFDETERMINATION,N
1774,N_2,N11JEWISHRIGHTS,N
1774,N_2,N12DOUBLESTANDARD,N
8113,N_2,N2CONSPIRACY,N
8113,N_2,N2CONTROLMEDIA,N
8113,N_2,N2CONTROLECONOMY,N
8113,N_2,N2CONTROLGOV,N
8113,N_2,N2CONTROLOTHER,N
8113,N_2,N3COLLECTIVEBLAME,N
8113,N_2,N4HIDDENCONSPIRACY,N
8113,N_2,N4ISRAELHAND,N
8113,N_2,N5LOYALTY,N
8113,N_2,N6IDENTITYDENY,N
8113,N_2,N7COLLECTIVEGUILT,N
8113,N_2,N8VIOLENCE,N
8113,N_2,N9INCITEMENT,N
8113,N_2,N10SELFDETERMINATION,N
8113,N_2,N11JEWISHRIGHTSDEFINE,N
8113,N_2,N11SELFDETERMINATION,N
8113,N_2,N11JEWISHRIGHTS,N
8113,N_2,N12DOUBLESTANDARD,N
31029,N_2,N2CONSPIRACY,I
31029,N_2,N2CONTROLMEDIA,I
31029,N_2,N2CONTROLECONOMY,N
31029,N_2,N2CONTROLGOV,N
31029,N_2,N2CONTROLOTHER,I
31029,N_2,N3COLLECTIVEBLAME,N
31029,N_2,N4HIDDENCONSPIRACY,N
31029,N_2,N4ISRAELHAND,N
31029,N_2,N5LOYALTY,N
31029,N_2,N6IDENTITYDENY,N
31029,N_2,N7COLLECTIVEGUILT,N
31029,N_2,N8VIOLENCE,N
31029,N_2,N9INCITEMENT,I
31029,N_2,N10SELFDETERMINATION,N
31029,N_2,N11JEWISHRIGHTSDEFINE,N
31029,N_2,N11SELFDETERMINATION,N
31029,N_2,N11JEWISHRIGHTS,N
31029,N_2,N12DOUBLESTANDARD,N
1899,N_2,N2CONSPIRACY,N
1899,N_2,N2CONTROLMEDIA,N
1899,N_2,N2CONTROLECONOMY,N
1899,N_2,N2CONTROLGOV,N
1899,N_2,N2CONTROLOTHER,N
1899,N_2,N3COLLECTIVEBLAME,N
1899,N_2,N4HIDDENCONSPIRACY,N
1899,N_2,N4ISRAELHAND,N
1899,N_2,N5LOYALTY,N
1899,N_2,N6IDENTITYDENY,N
1899,N_2,N7COLLECTIVEGUILT,N
1899,N_2,N8VIOLENCE,N
1899,N_2,N9INCITEMENT,N
1899,N_2,N10SELFDETERMINATION,N
1899,N_2,N11JEWISHRIGHTSDEFINE,N
1899,N_2,N11SELFDETERMINATION,N
1899,N_2,N11JEWISHRIGHTS,N
1899,N_2,N12DOUBLESTANDARD,N
26324,N_2,N2CONSPIRACY,N
26324,N_2,N2CONTROLMEDIA,N
26324,N_2,N2CONTROLECONOMY,N
26324,N_2,N2CONTROLGOV,N
26324,N_2,N2CONTROLOTHER,N
26324,N_2,N3COLLECTIVEBLAME,N
26324,N_2,N4HIDDENCONSPIRACY,N
26324,N_2,N4ISRAELHAND,N
26324,N_2,N5LOYALTY,N
26324,N_2,N6IDENTITYDENY,N
26324,N_2,N7COLLECTIVEGUILT,N
26324,N_2,N8VIOLENCE,N
26324,N_2,N9INCITEMENT,N
26324,N_2,N10SELFDETERMINATION,N
26324,N_2,N11JEWISHRIGHTSDEFINE,N
26324,N_2,N11SELFDETERMINATION,N
26324,N_2,N11JEWISHRIGHTS,N
26324,N_2,N12DOUBLESTANDARD,N
35808,N_2,N2CONSPIRACY,N
35808,N_2,N2CONTROLMEDIA,N
35808,N_2,N2CONTROLECONOMY,N
35808,N_2,N2CONTROLGOV,N
35808,N_2,N2CONTROLOTHER,N
35808,N_2,N3COLLECTIVEBLAME,A
35808,N_2,N4HIDDENCONSPIRACY,N
35808,N_2,N4ISRAELHAND,N
35808,N_2,N5LOYALTY,N
35808,N_2,N6IDENTITYDENY,N
35808,N_2,N7COLLECTIVEGUILT,N
35808,N_2,N8VIOLENCE,N
35808,N_2,N9INCITEMENT,N
35808,N_2,N10SELFDETERMINATION,N
35808,N_2,N11JEWISHRIGHTSDEFINE,N
35808,N_2,N11SELFDETERMINATION,N
35808,N_2,N11JEWISHRIGHTS,N
35808,N_2,N12DOUBLESTANDARD,N
30402,N_2,N2CONSPIRACY,N
30402,N_2,N2CONTROLMEDIA,N
30402,N_2,N2CONTROLECONOMY,N
30402,N_2,N2CONTROLGOV,N
30402,N_2,N2CONTROLOTHER,N
30402,N_2,N3COLLECTIVEBLAME,N
30402,N_2,N4HIDDENCONSPIRACY,N
30402,N_2,N4ISRAELHAND,N
30402,N_2,N5LOYALTY,N
30402,N_2,N6IDENTITYDENY,N
30402,N_2,N7COLLECTIVEGUILT,N
30402,N_2,N8VIOLENCE,N
30402,N_2,N9INCITEMENT,N
30402,N_2,N10SELFDETERMINATION,N
30402,N_2,N11JEWISHRIGHTSDEFINE,N
30402,N_2,N11SELFDETERMINATION,N
30402,N_2,N11JEWISHRIGHTS,N
30402,N_2,N12DOUBLESTANDARD,N
4440,N_2,N2CONSPIRACY,N
4440,N_2,N2CONTROLMEDIA,N
4440,N_2,N2CONTROLECONOMY,N
4440,N_2,N2CONTROLGOV,N
4440,N_2,N2CONTROLOTHER,N
4440,N_2,N3COLLECTIVEBLAME,N
4440,N_2,N4HIDDENCONSPIRACY,N
4440,N_2,N4ISRAELHAND,N
4440,N_2,N5LOYALTY,N
4440,N_2,N6IDENTITYDENY,N
4440,N_2,N7COLLECTIVEGUILT,N
4440,N_2,N8VIOLENCE,N
4440,N_2,N9INCITEMENT,N
4440,N_2,N10SELFDETERMINATION,N
4440,N_2,N11JEWISHRIGHTSDEFINE,N
4440,N_2,N11SELFDETERMINATION,N
4440,N_2,N11JEWISHRIGHTS,N
4440,N_2,N12DOUBLESTANDARD,N
27950,N_2,N2CONSPIRACY,N
27950,N_2,N2CONTROLMEDIA,N
27950,N_2,N2CONTROLECONOMY,N
27950,N_2,N2CONTROLGOV,N
27950,N_2,N2CONTROLOTHER,N
27950,N_2,N3COLLECTIVEBLAME,N
27950,N_2,N4HIDDENCONSPIRACY,N
27950,N_2,N4ISRAELHAND,N
27950,N_2,N5LOYALTY,N
27950,N_2,N6IDENTITYDENY,N
27950,N_2,N7COLLECTIVEGUILT,N
27950,N_2,N8VIOLENCE,N
27950,N_2,N9INCITEMENT,N
27950,N_2,N10SELFDETERMINATION,N
27950,N_2,N11JEWISHRIGHTSDEFINE,N
27950,N_2,N11SELFDETERMINATION,N
27950,N_2,N11JEWISHRIGHTS,N
27950,N_2,N12DOUBLESTANDARD,N
20987,N_2,N2CONSPIRACY,N
20987,N_2,N2CONTROLMEDIA,N
20987,N_2,N2CONTROLECONOMY,N
20987,N_2,N2CONTROLGOV,N
20987,N_2,N2CONTROLOTHER,N
20987,N_2,N3COLLECTIVEBLAME,N
20987,N_2,N4HIDDENCONSPIRACY,N
20987,N_2,N4ISRAELHAND,N
20987,N_2,N5LOYALTY,N
20987,N_2,N6IDENTITYDENY,N
20987,N_2,N7COLLECTIVEGUILT,N
20987,N_2,N8VIOLENCE,N
20987,N_2,N9INCITEMENT,N
20987,N_2,N10SELFDETERMINATION,N
20987,N_2,N11JEWISHRIGHTSDEFINE,N
20987,N_2,N11SELFDETERMINATION,N
20987,N_2,N11JEWISHRIGHTS,N
20987,N_2,N12DOUBLESTANDARD,N
25151,N_2,N2CONSPIRACY,N
25151,N_2,N2CONTROLMEDIA,N
25151,N_2,N2CONTROLECONOMY,N
25151,N_2,N2CONTROLGOV,N
25151,N_2,N2CONTROLOTHER,N
25151,N_2,N3COLLECTIVEBLAME,N
25151,N_2,N4HIDDENCONSPIRACY,N
25151,N_2,N4ISRAELHAND,N
25151,N_2,N5LOYALTY,N
25151,N_2,N6IDENTITYDENY,N
25151,N_2,N7COLLECTIVEGUILT,N
25151,N_2,N8VIOLENCE,N
25151,N_2,N9INCITEMENT,N
25151,N_2,N10SELFDETERMINATION,N
25151,N_2,N11JEWISHRIGHTSDEFINE,N
25151,N_2,N11SELFDETERMINATION,N
25151,N_2,N11JEWISHRIGHTS,N
25151,N_2,N12DOUBLESTANDARD,N
28714,N_2,N2CONSPIRACY,N
28714,N_2,N2CONTROLMEDIA,N
28714,N_2,N2CONTROLECONOMY,N
28714,N_2,N2CONTROLGOV,N
28714,N_2,N2CONTROLOTHER,N
28714,N_2,N3COLLECTIVEBLAME,N
28714,N_2,N4HIDDENCONSPIRACY,N
28714,N_2,N4ISRAELHAND,N
28714,N_2,N5LOYALTY,N
28714,N_2,N6IDENTITYDENY,N
28714,N_2,N7COLLECTIVEGUILT,N
28714,N_2,N8VIOLENCE,N
28714,N_2,N9INCITEMENT,N
28714,N_2,N10SELFDETERMINATION,N
28714,N_2,N11JEWISHRIGHTSDEFINE,N
28714,N_2,N11SELFDETERMINATION,N
28714,N_2,N11JEWISHRIGHTS,N
28714,N_2,N12DOUBLESTANDARD,N
1561,N_2,N2CONSPIRACY,N
1561,N_2,N2CONTROLMEDIA,N
1561,N_2,N2CONTROLECONOMY,N
1561,N_2,N2CONTROLGOV,N
1561,N_2,N2CONTROLOTHER,N
1561,N_2,N3COLLECTIVEBLAME,N
1561,N_2,N4HIDDENCONSPIRACY,N
1561,N_2,N4ISRAELHAND,N
1561,N_2,N5LOYALTY,N
1561,N_2,N6IDENTITYDENY,N
1561,N_2,N7COLLECTIVEGUILT,N
1561,N_2,N8VIOLENCE,N
1561,N_2,N9INCITEMENT,N
1561,N_2,N10SELFDETERMINATION,N
1561,N_2,N11JEWISHRIGHTSDEFINE,N
1561,N_2,N11SELFDETERMINATION,N
1561,N_2,N11JEWISHRIGHTS,N
1561,N_2,N12DOUBLESTANDARD,N
20051,N_2,N2CONSPIRACY,N
20051,N_2,N2CONTROLMEDIA,N
20051,N_2,N2CONTROLECONOMY,N
20051,N_2,N2CONTROLGOV,N
20051,N_2,N2CONTROLOTHER,N
20051,N_2,N3COLLECTIVEBLAME,N
20051,N_2,N4HIDDENCONSPIRACY,N
20051,N_2,N4ISRAELHAND,N
20051,N_2,N5LOYALTY,N
20051,N_2,N6IDENTITYDENY,N
20051,N_2,N7COLLECTIVEGUILT,N
20051,N_2,N8VIOLENCE,N
20051,N_2,N9INCITEMENT,N
20051,N_2,N10SELFDETERMINATION,N
20051,N_2,N11JEWISHRIGHTSDEFINE,N
20051,N_2,N11SELFDETERMINATION,N
20051,N_2,N11JEWISHRIGHTS,N
20051,N_2,N12DOUBLESTANDARD,N
19533,N_2,N2CONSPIRACY,N
19533,N_2,N2CONTROLMEDIA,N
19533,N_2,N2CONTROLECONOMY,N
19533,N_2,N2CONTROLGOV,N
19533,N_2,N2CONTROLOTHER,N
19533,N_2,N3COLLECTIVEBLAME,N
19533,N_2,N4HIDDENCONSPIRACY,N
19533,N_2,N4ISRAELHAND,N
19533,N_2,N5LOYALTY,N
19533,N_2,N6IDENTITYDENY,N
19533,N_2,N7COLLECTIVEGUILT,N
19533,N_2,N8VIOLENCE,N
19533,N_2,N9INCITEMENT,N
19533,N_2,N10SELFDETERMINATION,N
19533,N_2,N11JEWISHRIGHTSDEFINE,N
19533,N_2,N11SELFDETERMINATION,N
19533,N_2,N11JEWISHRIGHTS,N
19533,N_2,N12DOUBLESTANDARD,N
21029,N_2,N2CONSPIRACY,N
21029,N_2,N2CONTROLMEDIA,N
21029,N_2,N2CONTROLECONOMY,N
21029,N_2,N2CONTROLGOV,N
21029,N_2,N2CONTROLOTHER,N
21029,N_2,N3COLLECTIVEBLAME,A
21029,N_2,N4HIDDENCONSPIRACY,N
21029,N_2,N4ISRAELHAND,N
21029,N_2,N5LOYALTY,N
21029,N_2,N6IDENTITYDENY,N
21029,N_2,N7COLLECTIVEGUILT,N
21029,N_2,N8VIOLENCE,N
21029,N_2,N9INCITEMENT,A
21029,N_2,N10SELFDETERMINATION,N
21029,N_2,N11JEWISHRIGHTSDEFINE,N
21029,N_2,N11SELFDETERMINATION,N
21029,N_2,N11JEWISHRIGHTS,N
21029,N_2,N12DOUBLESTANDARD,N
32679,N_2,N2CONSPIRACY,N
32679,N_2,N2CONTROLMEDIA,N
32679,N_2,N2CONTROLECONOMY,N
32679,N_2,N2CONTROLGOV,N
32679,N_2,N2CONTROLOTHER,N
32679,N_2,N3COLLECTIVEBLAME,N
32679,N_2,N4HIDDENCONSPIRACY,N
32679,N_2,N4ISRAELHAND,N
32679,N_2,N5LOYALTY,N
32679,N_2,N6IDENTITYDENY,N
32679,N_2,N7COLLECTIVEGUILT,N
32679,N_2,N8VIOLENCE,N
32679,N_2,N9INCITEMENT,N
32679,N_2,N10SELFDETERMINATION,N
32679,N_2,N11JEWISHRIGHTSDEFINE,N
32679,N_2,N11SELFDETERMINATION,N
32679,N_2,N11JEWISHRIGHTS,N
32679,N_2,N12DOUBLESTANDARD,N
34192,N_2,N2CONSPIRACY,N
34192,N_2,N2CONTROLMEDIA,N
34192,N_2,N2CONTROLECONOMY,N
34192,N_2,N2CONTROLGOV,N
34192,N_2,N2CONTROLOTHER,N
34192,N_2,N3COLLECTIVEBLAME,N
34192,N_2,N4HIDDENCONSPIRACY,N
34192,N_2,N4ISRAELHAND,N
34192,N_2,N5LOYALTY,N
34192,N_2,N6IDENTITYDENY,N
34192,N_2,N7COLLECTIVEGUILT,N
34192,N_2,N8VIOLENCE,N
34192,N_2,N9INCITEMENT,N
34192,N_2,N10SELFDETERMINATION,N
34192,N_2,N11JEWISHRIGHTSDEFINE,N
34192,N_2,N11SELFDETERMINATION,N
34192,N_2,N11JEWISHRIGHTS,N
34192,N_2,N12DOUBLESTANDARD,N
17045,N_2,N2CONSPIRACY,N
17045,N_2,N2CONTROLMEDIA,N
17045,N_2,N2CONTROLECONOMY,N
17045,N_2,N2CONTROLGOV,N
17045,N_2,N2CONTROLOTHER,N
17045,N_2,N3COLLECTIVEBLAME,N
17045,N_2,N4HIDDENCONSPIRACY,I
17045,N_2,N4ISRAELHAND,N
17045,N_2,N5LOYALTY,N
17045,N_2,N6IDENTITYDENY,N
17045,N_2,N7COLLECTIVEGUILT,N
17045,N_2,N8VIOLENCE,N
17045,N_2,N9INCITEMENT,N
17045,N_2,N10SELFDETERMINATION,N
17045,N_2,N11JEWISHRIGHTSDEFINE,N
17045,N_2,N11SELFDETERMINATION,N
17045,N_2,N11JEWISHRIGHTS,N
17045,N_2,N12DOUBLESTANDARD,N
43275,N_2,N2CONSPIRACY,N
43275,N_2,N2CONTROLMEDIA,N
43275,N_2,N2CONTROLECONOMY,N
43275,N_2,N2CONTROLGOV,N
43275,N_2,N2CONTROLOTHER,N
43275,N_2,N3COLLECTIVEBLAME,N
43275,N_2,N4HIDDENCONSPIRACY,N
43275,N_2,N4ISRAELHAND,N
43275,N_2,N5LOYALTY,N
43275,N_2,N6IDENTITYDENY,N
43275,N_2,N7COLLECTIVEGUILT,I
43275,N_2,N8VIOLENCE,N
43275,N_2,N9INCITEMENT,N
43275,N_2,N10SELFDETERMINATION,N
43275,N_2,N11JEWISHRIGHTSDEFINE,N
43275,N_2,N11SELFDETERMINATION,N
43275,N_2,N11JEWISHRIGHTS,N
43275,N_2,N12DOUBLESTANDARD,N
31827,N_2,N2CONSPIRACY,N
31827,N_2,N2CONTROLMEDIA,N
31827,N_2,N2CONTROLECONOMY,N
31827,N_2,N2CONTROLGOV,N
31827,N_2,N2CONTROLOTHER,N
31827,N_2,N3COLLECTIVEBLAME,N
31827,N_2,N4HIDDENCONSPIRACY,N
31827,N_2,N4ISRAELHAND,N
31827,N_2,N5LOYALTY,N
31827,N_2,N6IDENTITYDENY,N
31827,N_2,N7COLLECTIVEGUILT,N
31827,N_2,N8VIOLENCE,N
31827,N_2,N9INCITEMENT,N
31827,N_2,N10SELFDETERMINATION,N
31827,N_2,N11JEWISHRIGHTSDEFINE,N
31827,N_2,N11SELFDETERMINATION,N
31827,N_2,N11JEWISHRIGHTS,N
31827,N_2,N12DOUBLESTANDARD,N
8229,N_2,N2CONSPIRACY,N
8229,N_2,N2CONTROLMEDIA,N
8229,N_2,N2CONTROLECONOMY,N
8229,N_2,N2CONTROLGOV,N
8229,N_2,N2CONTROLOTHER,N
8229,N_2,N3COLLECTIVEBLAME,N
8229,N_2,N4HIDDENCONSPIRACY,N
8229,N_2,N4ISRAELHAND,N
8229,N_2,N5LOYALTY,N
8229,N_2,N6IDENTITYDENY,N
8229,N_2,N7COLLECTIVEGUILT,N
8229,N_2,N8VIOLENCE,N
8229,N_2,N9INCITEMENT,N
8229,N_2,N10SELFDETERMINATION,N
8229,N_2,N11JEWISHRIGHTSDEFINE,N
8229,N_2,N11SELFDETERMINATION,N
8229,N_2,N11JEWISHRIGHTS,N
8229,N_2,N12DOUBLESTANDARD,N
38145,N_2,N2CONSPIRACY,N
38145,N_2,N2CONTROLMEDIA,N
38145,N_2,N2CONTROLECONOMY,N
38145,N_2,N2CONTROLGOV,N
38145,N_2,N2CONTROLOTHER,N
38145,N_2,N3COLLECTIVEBLAME,N
38145,N_2,N4HIDDENCONSPIRACY,N
38145,N_2,N4ISRAELHAND,N
38145,N_2,N5LOYALTY,N
38145,N_2,N6IDENTITYDENY,N
38145,N_2,N7COLLECTIVEGUILT,N
38145,N_2,N8VIOLENCE,N
38145,N_2,N9INCITEMENT,N
38145,N_2,N10SELFDETERMINATION,N
38145,N_2,N11JEWISHRIGHTSDEFINE,N
38145,N_2,N11SELFDETERMINATION,N
38145,N_2,N11JEWISHRIGHTS,N
38145,N_2,N12DOUBLESTANDARD,N
4601,N_2,N2CONSPIRACY,N
4601,N_2,N2CONTROLMEDIA,N
4601,N_2,N2CONTROLECONOMY,N
4601,N_2,N2CONTROLGOV,N
4601,N_2,N2CONTROLOTHER,N
4601,N_2,N3COLLECTIVEBLAME,N
4601,N_2,N4HIDDENCONSPIRACY,N
4601,N_2,N4ISRAELHAND,N
4601,N_2,N5LOYALTY,N
4601,N_2,N6IDENTITYDENY,N
4601,N_2,N7COLLECTIVEGUILT,N
4601,N_2,N8VIOLENCE,N
4601,N_2,N9INCITEMENT,N
4601,N_2,N10SELFDETERMINATION,N
4601,N_2,N11JEWISHRIGHTSDEFINE,N
4601,N_2,N11SELFDETERMINATION,N
4601,N_2,N11JEWISHRIGHTS,N
4601,N_2,N12DOUBLESTANDARD,N
5687,N_2,N2CONSPIRACY,N
5687,N_2,N2CONTROLMEDIA,N
5687,N_2,N2CONTROLECONOMY,N
5687,N_2,N2CONTROLGOV,N
5687,N_2,N2CONTROLOTHER,N
5687,N_2,N3COLLECTIVEBLAME,N
5687,N_2,N4HIDDENCONSPIRACY,N
5687,N_2,N4ISRAELHAND,N
5687,N_2,N5LOYALTY,N
5687,N_2,N6IDENTITYDENY,N
5687,N_2,N7COLLECTIVEGUILT,N
5687,N_2,N8VIOLENCE,N
5687,N_2,N9INCITEMENT,N
5687,N_2,N10SELFDETERMINATION,N
5687,N_2,N11JEWISHRIGHTSDEFINE,N
5687,N_2,N11SELFDETERMINATION,N
5687,N_2,N11JEWISHRIGHTS,N
5687,N_2,N12DOUBLESTANDARD,N
42312,N_2,N2CONSPIRACY,N
42312,N_2,N2CONTROLMEDIA,N
42312,N_2,N2CONTROLECONOMY,N
42312,N_2,N2CONTROLGOV,N
42312,N_2,N2CONTROLOTHER,N
42312,N_2,N3COLLECTIVEBLAME,N
42312,N_2,N4HIDDENCONSPIRACY,N
42312,N_2,N4ISRAELHAND,N
42312,N_2,N5LOYALTY,N
42312,N_2,N6IDENTITYDENY,N
42312,N_2,N7COLLECTIVEGUILT,N
42312,N_2,N8VIOLENCE,N
42312,N_2,N9INCITEMENT,N
42312,N_2,N10SELFDETERMINATION,N
42312,N_2,N11JEWISHRIGHTSDEFINE,N
42312,N_2,N11SELFDETERMINATION,N
42312,N_2,N11JEWISHRIGHTS,N
42312,N_2,N12DOUBLESTANDARD,N
22308,N_2,N2CONSPIRACY,N
22308,N_2,N2CONTROLMEDIA,N
22308,N_2,N2CONTROLECONOMY,N
22308,N_2,N2CONTROLGOV,N
22308,N_2,N2CONTROLOTHER,N
22308,N_2,N3COLLECTIVEBLAME,N
22308,N_2,N4HIDDENCONSPIRACY,N
22308,N_2,N4ISRAELHAND,N
22308,N_2,N5LOYALTY,N
22308,N_2,N6IDENTITYDENY,N
22308,N_2,N7COLLECTIVEGUILT,N
22308,N_2,N8VIOLENCE,N
22308,N_2,N9INCITEMENT,N
22308,N_2,N10SELFDETERMINATION,N
22308,N_2,N11JEWISHRIGHTSDEFINE,N
22308,N_2,N11SELFDETERMINATION,N
22308,N_2,N11JEWISHRIGHTS,N
22308,N_2,N12DOUBLESTANDARD,N
20426,N_2,N2CONSPIRACY,N
20426,N_2,N2CONTROLMEDIA,N
20426,N_2,N2CONTROLECONOMY,N
20426,N_2,N2CONTROLGOV,N
20426,N_2,N2CONTROLOTHER,N
20426,N_2,N3COLLECTIVEBLAME,N
20426,N_2,N4HIDDENCONSPIRACY,N
20426,N_2,N4ISRAELHAND,N
20426,N_2,N5LOYALTY,N
20426,N_2,N6IDENTITYDENY,N
20426,N_2,N7COLLECTIVEGUILT,N
20426,N_2,N8VIOLENCE,N
20426,N_2,N9INCITEMENT,N
20426,N_2,N10SELFDETERMINATION,N
20426,N_2,N11JEWISHRIGHTSDEFINE,N
20426,N_2,N11SELFDETERMINATION,N
20426,N_2,N11JEWISHRIGHTS,N
20426,N_2,N12DOUBLESTANDARD,N
31622,N_2,N2CONSPIRACY,N
31622,N_2,N2CONTROLMEDIA,N
31622,N_2,N2CONTROLECONOMY,N
31622,N_2,N2CONTROLGOV,N
31622,N_2,N2CONTROLOTHER,N
31622,N_2,N3COLLECTIVEBLAME,N
31622,N_2,N4HIDDENCONSPIRACY,N
31622,N_2,N4ISRAELHAND,N
31622,N_2,N5LOYALTY,N
31622,N_2,N6IDENTITYDENY,N
31622,N_2,N7COLLECTIVEGUILT,N
31622,N_2,N8VIOLENCE,N
31622,N_2,N9INCITEMENT,N
31622,N_2,N10SELFDETERMINATION,N
31622,N_2,N11JEWISHRIGHTSDEFINE,N
31622,N_2,N11SELFDETERMINATION,N
31622,N_2,N11JEWISHRIGHTS,N
31622,N_2,N12DOUBLESTANDARD,N
48944,N_2,N2CONSPIRACY,N
48944,N_2,N2CONTROLMEDIA,N
48944,N_2,N2CONTROLECONOMY,N
48944,N_2,N2CONTROLGOV,N
48944,N_2,N2CONTROLOTHER,N
48944,N_2,N3COLLECTIVEBLAME,N
48944,N_2,N4HIDDENCONSPIRACY,N
48944,N_2,N4ISRAELHAND,N
48944,N_2,N5LOYALTY,N
48944,N_2,N6IDENTITYDENY,N
48944,N_2,N7COLLECTIVEGUILT,N
48944,N_2,N8VIOLENCE,N
48944,N_2,N9INCITEMENT,N
48944,N_2,N10SELFDETERMINATION,N
48944,N_2,N11JEWISHRIGHTSDEFINE,N
48944,N_2,N11SELFDETERMINATION,N
48944,N_2,N11JEWISHRIGHTS,N
48944,N_2,N12DOUBLESTANDARD,N
3953,N_2,N2CONSPIRACY,N
3953,N_2,N2CONTROLMEDIA,N
3953,N_2,N2CONTROLECONOMY,N
3953,N_2,N2CONTROLGOV,N
3953,N_2,N2CONTROLOTHER,N
3953,N_2,N3COLLECTIVEBLAME,N
3953,N_2,N4HIDDENCONSPIRACY,N
3953,N_2,N4ISRAELHAND,N
3953,N_2,N5LOYALTY,N
3953,N_2,N6IDENTITYDENY,N
3953,N_2,N7COLLECTIVEGUILT,N
3953,N_2,N8VIOLENCE,N
3953,N_2,N9INCITEMENT,I
3953,N_2,N10SELFDETERMINATION,N
3953,N_2,N11JEWISHRIGHTSDEFINE,N
3953,N_2,N11SELFDETERMINATION,I
3953,N_2,N11JEWISHRIGHTS,N
3953,N_2,N12DOUBLESTANDARD,N
18453,N_2,N2CONSPIRACY,N
18453,N_2,N2CONTROLMEDIA,N
18453,N_2,N2CONTROLECONOMY,N
18453,N_2,N2CONTROLGOV,N
18453,N_2,N2CONTROLOTHER,N
18453,N_2,N3COLLECTIVEBLAME,N
18453,N_2,N4HIDDENCONSPIRACY,N
18453,N_2,N4ISRAELHAND,N
18453,N_2,N5LOYALTY,N
18453,N_2,N6IDENTITYDENY,N
18453,N_2,N7COLLECTIVEGUILT,N
18453,N_2,N8VIOLENCE,N
18453,N_2,N9INCITEMENT,N
18453,N_2,N10SELFDETERMINATION,N
18453,N_2,N11JEWISHRIGHTSDEFINE,N
18453,N_2,N11SELFDETERMINATION,N
18453,N_2,N11JEWISHRIGHTS,N
18453,N_2,N12DOUBLESTANDARD,N
14852,N_2,N2CONSPIRACY,N
14852,N_2,N2CONTROLMEDIA,N
14852,N_2,N2CONTROLECONOMY,N
14852,N_2,N2CONTROLGOV,N
14852,N_2,N2CONTROLOTHER,N
14852,N_2,N3COLLECTIVEBLAME,N
14852,N_2,N4HIDDENCONSPIRACY,N
14852,N_2,N4ISRAELHAND,N
14852,N_2,N5LOYALTY,N
14852,N_2,N6IDENTITYDENY,N
14852,N_2,N7COLLECTIVEGUILT,N
14852,N_2,N8VIOLENCE,N
14852,N_2,N9INCITEMENT,N
14852,N_2,N10SELFDETERMINATION,N
14852,N_2,N11JEWISHRIGHTSDEFINE,N
14852,N_2,N11SELFDETERMINATION,N
14852,N_2,N11JEWISHRIGHTS,N
14852,N_2,N12DOUBLESTANDARD,N
29667,N_2,N2CONSPIRACY,N
29667,N_2,N2CONTROLMEDIA,N
29667,N_2,N2CONTROLECONOMY,N
29667,N_2,N2CONTROLGOV,N
29667,N_2,N2CONTROLOTHER,N
29667,N_2,N3COLLECTIVEBLAME,N
29667,N_2,N4HIDDENCONSPIRACY,N
29667,N_2,N4ISRAELHAND,N
29667,N_2,N5LOYALTY,N
29667,N_2,N6IDENTITYDENY,N
29667,N_2,N7COLLECTIVEGUILT,N
29667,N_2,N8VIOLENCE,N
29667,N_2,N9INCITEMENT,N
29667,N_2,N10SELFDETERMINATION,N
29667,N_2,N11JEWISHRIGHTSDEFINE,N
29667,N_2,N11SELFDETERMINATION,N
29667,N_2,N11JEWISHRIGHTS,N
29667,N_2,N12DOUBLESTANDARD,N
47283,N_2,N2CONSPIRACY,N
47283,N_2,N2CONTROLMEDIA,N
47283,N_2,N2CONTROLECONOMY,N
47283,N_2,N2CONTROLGOV,N
47283,N_2,N2CONTROLOTHER,N
47283,N_2,N3COLLECTIVEBLAME,N
47283,N_2,N4HIDDENCONSPIRACY,N
47283,N_2,N4ISRAELHAND,N
47283,N_2,N5LOYALTY,N
47283,N_2,N6IDENTITYDENY,N
47283,N_2,N7COLLECTIVEGUILT,N
47283,N_2,N8VIOLENCE,N
47283,N_2,N9INCITEMENT,N
47283,N_2,N10SELFDETERMINATION,N
47283,N_2,N11JEWISHRIGHTSDEFINE,N
47283,N_2,N11SELFDETERMINATION,N
47283,N_2,N11JEWISHRIGHTS,N
47283,N_2,N12DOUBLESTANDARD,N
17491,N_2,N2CONSPIRACY,N
17491,N_2,N2CONTROLMEDIA,N
17491,N_2,N2CONTROLECONOMY,N
17491,N_2,N2CONTROLGOV,N
17491,N_2,N2CONTROLOTHER,N
17491,N_2,N3COLLECTIVEBLAME,N
17491,N_2,N4HIDDENCONSPIRACY,N
17491,N_2,N4ISRAELHAND,N
17491,N_2,N5LOYALTY,N
17491,N_2,N6IDENTITYDENY,N
17491,N_2,N7COLLECTIVEGUILT,N
17491,N_2,N8VIOLENCE,N
17491,N_2,N9INCITEMENT,N
17491,N_2,N10SELFDETERMINATION,N
17491,N_2,N11JEWISHRIGHTSDEFINE,N
17491,N_2,N11SELFDETERMINATION,N
17491,N_2,N11JEWISHRIGHTS,N
17491,N_2,N12DOUBLESTANDARD,N
24893,N_2,N2CONSPIRACY,N
24893,N_2,N2CONTROLMEDIA,N
24893,N_2,N2CONTROLECONOMY,N
24893,N_2,N2CONTROLGOV,N
24893,N_2,N2CONTROLOTHER,N
24893,N_2,N3COLLECTIVEBLAME,N
24893,N_2,N4HIDDENCONSPIRACY,N
24893,N_2,N4ISRAELHAND,N
24893,N_2,N5LOYALTY,N
24893,N_2,N6IDENTITYDENY,N
24893,N_2,N7COLLECTIVEGUILT,N
24893,N_2,N8VIOLENCE,N
24893,N_2,N9INCITEMENT,N
24893,N_2,N10SELFDETERMINATION,N
24893,N_2,N11JEWISHRIGHTSDEFINE,N
24893,N_2,N11SELFDETERMINATION,N
24893,N_2,N11JEWISHRIGHTS,N
24893,N_2,N12DOUBLESTANDARD,N
30299,N_2,N2CONSPIRACY,I
30299,N_2,N2CONTROLMEDIA,N
30299,N_2,N2CONTROLECONOMY,N
30299,N_2,N2CONTROLGOV,I
30299,N_2,N2CONTROLOTHER,I
30299,N_2,N3COLLECTIVEBLAME,N
30299,N_2,N4HIDDENCONSPIRACY,I
30299,N_2,N4ISRAELHAND,I
30299,N_2,N5LOYALTY,N
30299,N_2,N6IDENTITYDENY,N
30299,N_2,N7COLLECTIVEGUILT,N
30299,N_2,N8VIOLENCE,N
30299,N_2,N9INCITEMENT,I
30299,N_2,N10SELFDETERMINATION,N
30299,N_2,N11JEWISHRIGHTSDEFINE,N
30299,N_2,N11SELFDETERMINATION,N
30299,N_2,N11JEWISHRIGHTS,N
30299,N_2,N12DOUBLESTANDARD,N
20389,N_2,N2CONSPIRACY,N
20389,N_2,N2CONTROLMEDIA,N
20389,N_2,N2CONTROLECONOMY,N
20389,N_2,N2CONTROLGOV,N
20389,N_2,N2CONTROLOTHER,N
20389,N_2,N3COLLECTIVEBLAME,N
20389,N_2,N4HIDDENCONSPIRACY,N
20389,N_2,N4ISRAELHAND,N
20389,N_2,N5LOYALTY,N
20389,N_2,N6IDENTITYDENY,N
20389,N_2,N7COLLECTIVEGUILT,N
20389,N_2,N8VIOLENCE,N
20389,N_2,N9INCITEMENT,N
20389,N_2,N10SELFDETERMINATION,N
20389,N_2,N11JEWISHRIGHTSDEFINE,N
20389,N_2,N11SELFDETERMINATION,N
20389,N_2,N11JEWISHRIGHTS,N
20389,N_2,N12DOUBLESTANDARD,N
20622,N_2,N2CONSPIRACY,I
20622,N_2,N2CONTROLMEDIA,N
20622,N_2,N2CONTROLECONOMY,I
20622,N_2,N2CONTROLGOV,N
20622,N_2,N2CONTROLOTHER,I
20622,N_2,N3COLLECTIVEBLAME,N
20622,N_2,N4HIDDENCONSPIRACY,I
20622,N_2,N4ISRAELHAND,N
20622,N_2,N5LOYALTY,N
20622,N_2,N6IDENTITYDENY,N
20622,N_2,N7COLLECTIVEGUILT,N
20622,N_2,N8VIOLENCE,N
20622,N_2,N9INCITEMENT,N
20622,N_2,N10SELFDETERMINATION,N
20622,N_2,N11JEWISHRIGHTSDEFINE,N
20622,N_2,N11SELFDETERMINATION,N
20622,N_2,N11JEWISHRIGHTS,N
20622,N_2,N12DOUBLESTANDARD,N
34131,N_2,N2CONSPIRACY,I
34131,N_2,N2CONTROLMEDIA,N
34131,N_2,N2CONTROLECONOMY,N
34131,N_2,N2CONTROLGOV,N
34131,N_2,N2CONTROLOTHER,I
34131,N_2,N3COLLECTIVEBLAME,E
34131,N_2,N4HIDDENCONSPIRACY,I
34131,N_2,N4ISRAELHAND,N
34131,N_2,N5LOYALTY,N
34131,N_2,N6IDENTITYDENY,N
34131,N_2,N7COLLECTIVEGUILT,N
34131,N_2,N8VIOLENCE,N
34131,N_2,N9INCITEMENT,N
34131,N_2,N10SELFDETERMINATION,N
34131,N_2,N11JEWISHRIGHTSDEFINE,N
34131,N_2,N11SELFDETERMINATION,N
34131,N_2,N11JEWISHRIGHTS,N
34131,N_2,N12DOUBLESTANDARD,N
1938,N_2,N2CONSPIRACY,N
1938,N_2,N2CONTROLMEDIA,N
1938,N_2,N2CONTROLECONOMY,N
1938,N_2,N2CONTROLGOV,N
1938,N_2,N2CONTROLOTHER,N
1938,N_2,N3COLLECTIVEBLAME,N
1938,N_2,N4HIDDENCONSPIRACY,N
1938,N_2,N4ISRAELHAND,N
1938,N_2,N5LOYALTY,N
1938,N_2,N6IDENTITYDENY,N
1938,N_2,N7COLLECTIVEGUILT,N
1938,N_2,N8VIOLENCE,N
1938,N_2,N9INCITEMENT,N
1938,N_2,N10SELFDETERMINATION,N
1938,N_2,N11JEWISHRIGHTSDEFINE,N
1938,N_2,N11SELFDETERMINATION,N
1938,N_2,N11JEWISHRIGHTS,N
1938,N_2,N12DOUBLESTANDARD,N
45787,N_2,N2CONSPIRACY,N
45787,N_2,N2CONTROLMEDIA,N
45787,N_2,N2CONTROLECONOMY,N
45787,N_2,N2CONTROLGOV,N
45787,N_2,N2CONTROLOTHER,N
45787,N_2,N3COLLECTIVEBLAME,N
45787,N_2,N4HIDDENCONSPIRACY,N
45787,N_2,N4ISRAELHAND,N
45787,N_2,N5LOYALTY,N
45787,N_2,N6IDENTITYDENY,N
45787,N_2,N7COLLECTIVEGUILT,N
45787,N_2,N8VIOLENCE,N
45787,N_2,N9INCITEMENT,N
45787,N_2,N10SELFDETERMINATION,N
45787,N_2,N11JEWISHRIGHTSDEFINE,N
45787,N_2,N11SELFDETERMINATION,N
45787,N_2,N11JEWISHRIGHTS,N
45787,N_2,N12DOUBLESTANDARD,N
24338,N_2,N2CONSPIRACY,N
24338,N_2,N2CONTROLMEDIA,N
24338,N_2,N2CONTROLECONOMY,N
24338,N_2,N2CONTROLGOV,N
24338,N_2,N2CONTROLOTHER,N
24338,N_2,N3COLLECTIVEBLAME,N
24338,N_2,N4HIDDENCONSPIRACY,N
24338,N_2,N4ISRAELHAND,N
24338,N_2,N5LOYALTY,N
24338,N_2,N6IDENTITYDENY,N
24338,N_2,N7COLLECTIVEGUILT,N
24338,N_2,N8VIOLENCE,N
24338,N_2,N9INCITEMENT,N
24338,N_2,N10SELFDETERMINATION,N
24338,N_2,N11JEWISHRIGHTSDEFINE,N
24338,N_2,N11SELFDETERMINATION,N
24338,N_2,N11JEWISHRIGHTS,N
24338,N_2,N12DOUBLESTANDARD,N
46852,N_2,N2CONSPIRACY,N
46852,N_2,N2CONTROLMEDIA,N
46852,N_2,N2CONTROLECONOMY,N
46852,N_2,N2CONTROLGOV,N
46852,N_2,N2CONTROLOTHER,N
46852,N_2,N3COLLECTIVEBLAME,E
46852,N_2,N4HIDDENCONSPIRACY,N
46852,N_2,N4ISRAELHAND,N
46852,N_2,N5LOYALTY,N
46852,N_2,N6IDENTITYDENY,N
46852,N_2,N7COLLECTIVEGUILT,N
46852,N_2,N8VIOLENCE,N
46852,N_2,N9INCITEMENT,N
46852,N_2,N10SELFDETERMINATION,N
46852,N_2,N11JEWISHRIGHTSDEFINE,N
46852,N_2,N11SELFDETERMINATION,N
46852,N_2,N11JEWISHRIGHTS,N
46852,N_2,N12DOUBLESTANDARD,N
39638,N_2,N2CONSPIRACY,N
39638,N_2,N2CONTROLMEDIA,N
39638,N_2,N2CONTROLECONOMY,N
39638,N_2,N2CONTROLGOV,N
39638,N_2,N2CONTROLOTHER,N
39638,N_2,N3COLLECTIVEBLAME,N
39638,N_2,N4HIDDENCONSPIRACY,N
39638,N_2,N4ISRAELHAND,N
39638,N_2,N5LOYALTY,N
39638,N_2,N6IDENTITYDENY,N
39638,N_2,N7COLLECTIVEGUILT,N
39638,N_2,N8VIOLENCE,N
39638,N_2,N9INCITEMENT,N
39638,N_2,N10SELFDETERMINATION,N
39638,N_2,N11JEWISHRIGHTSDEFINE,N
39638,N_2,N11SELFDETERMINATION,N
39638,N_2,N11JEWISHRIGHTS,N
39638,N_2,N12DOUBLESTANDARD,N
46775,N_2,N2CONSPIRACY,N
46775,N_2,N2CONTROLMEDIA,N
46775,N_2,N2CONTROLECONOMY,N
46775,N_2,N2CONTROLGOV,N
46775,N_2,N2CONTROLOTHER,N
46775,N_2,N3COLLECTIVEBLAME,N
46775,N_2,N4HIDDENCONSPIRACY,N
46775,N_2,N4ISRAELHAND,N
46775,N_2,N5LOYALTY,N
46775,N_2,N6IDENTITYDENY,I
46775,N_2,N7COLLECTIVEGUILT,N
46775,N_2,N8VIOLENCE,N
46775,N_2,N9INCITEMENT,N
46775,N_2,N10SELFDETERMINATION,I
46775,N_2,N11JEWISHRIGHTSDEFINE,I
46775,N_2,N11SELFDETERMINATION,I
46775,N_2,N11JEWISHRIGHTS,N
46775,N_2,N12DOUBLESTANDARD,N
34023,N_2,N2CONSPIRACY,N
34023,N_2,N2CONTROLMEDIA,N
34023,N_2,N2CONTROLECONOMY,N
34023,N_2,N2CONTROLGOV,N
34023,N_2,N2CONTROLOTHER,N
34023,N_2,N3COLLECTIVEBLAME,N
34023,N_2,N4HIDDENCONSPIRACY,N
34023,N_2,N4ISRAELHAND,N
34023,N_2,N5LOYALTY,N
34023,N_2,N6IDENTITYDENY,N
34023,N_2,N7COLLECTIVEGUILT,N
34023,N_2,N8VIOLENCE,N
34023,N_2,N9INCITEMENT,E
34023,N_2,N10SELFDETERMINATION,N
34023,N_2,N11JEWISHRIGHTSDEFINE,N
34023,N_2,N11SELFDETERMINATION,N
34023,N_2,N11JEWISHRIGHTS,N
34023,N_2,N12DOUBLESTANDARD,N
27200,N_2,N2CONSPIRACY,N
27200,N_2,N2CONTROLMEDIA,N
27200,N_2,N2CONTROLECONOMY,N
27200,N_2,N2CONTROLGOV,N
27200,N_2,N2CONTROLOTHER,N
27200,N_2,N3COLLECTIVEBLAME,N
27200,N_2,N4HIDDENCONSPIRACY,N
27200,N_2,N4ISRAELHAND,N
27200,N_2,N5LOYALTY,N
27200,N_2,N6IDENTITYDENY,N
27200,N_2,N7COLLECTIVEGUILT,N
27200,N_2,N8VIOLENCE,N
27200,N_2,N9INCITEMENT,N
27200,N_2,N10SELFDETERMINATION,N
27200,N_2,N11JEWISHRIGHTSDEFINE,N
27200,N_2,N11SELFDETERMINATION,N
27200,N_2,N11JEWISHRIGHTS,N
27200,N_2,N12DOUBLESTANDARD,N
13518,N_2,N2CONSPIRACY,N
13518,N_2,N2CONTROLMEDIA,N
13518,N_2,N2CONTROLECONOMY,N
13518,N_2,N2CONTROLGOV,N
13518,N_2,N2CONTROLOTHER,N
13518,N_2,N3COLLECTIVEBLAME,N
13518,N_2,N4HIDDENCONSPIRACY,N
13518,N_2,N4ISRAELHAND,N
13518,N_2,N5LOYALTY,N
13518,N_2,N6IDENTITYDENY,N
13518,N_2,N7COLLECTIVEGUILT,N
13518,N_2,N8VIOLENCE,N
13518,N_2,N9INCITEMENT,N
13518,N_2,N10SELFDETERMINATION,N
13518,N_2,N11JEWISHRIGHTSDEFINE,N
13518,N_2,N11SELFDETERMINATION,N
13518,N_2,N11JEWISHRIGHTS,N
13518,N_2,N12DOUBLESTANDARD,N
40788,N_2,N2CONSPIRACY,N
40788,N_2,N2CONTROLMEDIA,N
40788,N_2,N2CONTROLECONOMY,N
40788,N_2,N2CONTROLGOV,N
40788,N_2,N2CONTROLOTHER,N
40788,N_2,N3COLLECTIVEBLAME,N
40788,N_2,N4HIDDENCONSPIRACY,N
40788,N_2,N4ISRAELHAND,N
40788,N_2,N5LOYALTY,N
40788,N_2,N6IDENTITYDENY,N
40788,N_2,N7COLLECTIVEGUILT,N
40788,N_2,N8VIOLENCE,N
40788,N_2,N9INCITEMENT,N
40788,N_2,N10SELFDETERMINATION,N
40788,N_2,N11JEWISHRIGHTSDEFINE,N
40788,N_2,N11SELFDETERMINATION,N
40788,N_2,N11JEWISHRIGHTS,N
40788,N_2,N12DOUBLESTANDARD,N
42012,N_2,N2CONSPIRACY,N
42012,N_2,N2CONTROLMEDIA,N
42012,N_2,N2CONTROLECONOMY,N
42012,N_2,N2CONTROLGOV,N
42012,N_2,N2CONTROLOTHER,N
42012,N_2,N3COLLECTIVEBLAME,N
42012,N_2,N4HIDDENCONSPIRACY,N
42012,N_2,N4ISRAELHAND,N
42012,N_2,N5LOYALTY,N
42012,N_2,N6IDENTITYDENY,N
42012,N_2,N7COLLECTIVEGUILT,N
42012,N_2,N8VIOLENCE,N
42012,N_2,N9INCITEMENT,N
42012,N_2,N10SELFDETERMINATION,N
42012,N_2,N11JEWISHRIGHTSDEFINE,N
42012,N_2,N11SELFDETERMINATION,N
42012,N_2,N11JEWISHRIGHTS,N
42012,N_2,N12DOUBLESTANDARD,N
34189,N_2,N2CONSPIRACY,N
34189,N_2,N2CONTROLMEDIA,N
34189,N_2,N2CONTROLECONOMY,N
34189,N_2,N2CONTROLGOV,N
34189,N_2,N2CONTROLOTHER,N
34189,N_2,N3COLLECTIVEBLAME,N
34189,N_2,N4HIDDENCONSPIRACY,N
34189,N_2,N4ISRAELHAND,N
34189,N_2,N5LOYALTY,N
34189,N_2,N6IDENTITYDENY,N
34189,N_2,N7COLLECTIVEGUILT,N
34189,N_2,N8VIOLENCE,N
34189,N_2,N9INCITEMENT,N
34189,N_2,N10SELFDETERMINATION,N
34189,N_2,N11JEWISHRIGHTSDEFINE,N
34189,N_2,N11SELFDETERMINATION,N
34189,N_2,N11JEWISHRIGHTS,N
34189,N_2,N12DOUBLESTANDARD,N
42741,N_2,N2CONSPIRACY,N
42741,N_2,N2CONTROLMEDIA,N
42741,N_2,N2CONTROLECONOMY,N
42741,N_2,N2CONTROLGOV,N
42741,N_2,N2CONTROLOTHER,N
42741,N_2,N3COLLECTIVEBLAME,N
42741,N_2,N4HIDDENCONSPIRACY,N
42741,N_2,N4ISRAELHAND,N
42741,N_2,N5LOYALTY,N
42741,N_2,N6IDENTITYDENY,N
42741,N_2,N7COLLECTIVEGUILT,N
42741,N_2,N8VIOLENCE,N
42741,N_2,N9INCITEMENT,N
42741,N_2,N10SELFDETERMINATION,N
42741,N_2,N11JEWISHRIGHTSDEFINE,N
42741,N_2,N11SELFDETERMINATION,N
42741,N_2,N11JEWISHRIGHTS,N
42741,N_2,N12DOUBLESTANDARD,N
8395,N_2,N2CONSPIRACY,N
8395,N_2,N2CONTROLMEDIA,N
8395,N_2,N2CONTROLECONOMY,N
8395,N_2,N2CONTROLGOV,N
8395,N_2,N2CONTROLOTHER,N
8395,N_2,N3COLLECTIVEBLAME,N
8395,N_2,N4HIDDENCONSPIRACY,N
8395,N_2,N4ISRAELHAND,N
8395,N_2,N5LOYALTY,N
8395,N_2,N6IDENTITYDENY,N
8395,N_2,N7COLLECTIVEGUILT,N
8395,N_2,N8VIOLENCE,N
8395,N_2,N9INCITEMENT,I
8395,N_2,N10SELFDETERMINATION,N
8395,N_2,N11JEWISHRIGHTSDEFINE,N
8395,N_2,N11SELFDETERMINATION,N
8395,N_2,N11JEWISHRIGHTS,N
8395,N_2,N12DOUBLESTANDARD,N
7745,N_2,N2CONSPIRACY,N
7745,N_2,N2CONTROLMEDIA,N
7745,N_2,N2CONTROLECONOMY,N
7745,N_2,N2CONTROLGOV,N
7745,N_2,N2CONTROLOTHER,N
7745,N_2,N3COLLECTIVEBLAME,N
7745,N_2,N4HIDDENCONSPIRACY,N
7745,N_2,N4ISRAELHAND,N
7745,N_2,N5LOYALTY,N
7745,N_2,N6IDENTITYDENY,N
7745,N_2,N7COLLECTIVEGUILT,N
7745,N_2,N8VIOLENCE,N
7745,N_2,N9INCITEMENT,N
7745,N_2,N10SELFDETERMINATION,N
7745,N_2,N11JEWISHRIGHTSDEFINE,N
7745,N_2,N11SELFDETERMINATION,N
7745,N_2,N11JEWISHRIGHTS,N
7745,N_2,N12DOUBLESTANDARD,N
31221,N_2,N2CONSPIRACY,N
31221,N_2,N2CONTROLMEDIA,N
31221,N_2,N2CONTROLECONOMY,N
31221,N_2,N2CONTROLGOV,N
31221,N_2,N2CONTROLOTHER,N
31221,N_2,N3COLLECTIVEBLAME,N
31221,N_2,N4HIDDENCONSPIRACY,N
31221,N_2,N4ISRAELHAND,N
31221,N_2,N5LOYALTY,N
31221,N_2,N6IDENTITYDENY,N
31221,N_2,N7COLLECTIVEGUILT,N
31221,N_2,N8VIOLENCE,N
31221,N_2,N9INCITEMENT,N
31221,N_2,N10SELFDETERMINATION,N
31221,N_2,N11JEWISHRIGHTSDEFINE,N
31221,N_2,N11SELFDETERMINATION,N
31221,N_2,N11JEWISHRIGHTS,N
31221,N_2,N12DOUBLESTANDARD,N
44607,N_2,N2CONSPIRACY,I
44607,N_2,N2CONTROLMEDIA,I
44607,N_2,N2CONTROLECONOMY,N
44607,N_2,N2CONTROLGOV,N
44607,N_2,N2CONTROLOTHER,N
44607,N_2,N3COLLECTIVEBLAME,N
44607,N_2,N4HIDDENCONSPIRACY,N
44607,N_2,N4ISRAELHAND,N
44607,N_2,N5LOYALTY,N
44607,N_2,N6IDENTITYDENY,N
44607,N_2,N7COLLECTIVEGUILT,N
44607,N_2,N8VIOLENCE,N
44607,N_2,N9INCITEMENT,N
44607,N_2,N10SELFDETERMINATION,N
44607,N_2,N11JEWISHRIGHTSDEFINE,N
44607,N_2,N11SELFDETERMINATION,N
44607,N_2,N11JEWISHRIGHTS,N
44607,N_2,N12DOUBLESTANDARD,N
10234,N_2,N2CONSPIRACY,A
10234,N_2,N2CONTROLMEDIA,A
10234,N_2,N2CONTROLECONOMY,A
10234,N_2,N2CONTROLGOV,A
10234,N_2,N2CONTROLOTHER,A
10234,N_2,N3COLLECTIVEBLAME,A
10234,N_2,N4HIDDENCONSPIRACY,A
10234,N_2,N4ISRAELHAND,N
10234,N_2,N5LOYALTY,N
10234,N_2,N6IDENTITYDENY,N
10234,N_2,N7COLLECTIVEGUILT,A
10234,N_2,N8VIOLENCE,N
10234,N_2,N9INCITEMENT,A
10234,N_2,N10SELFDETERMINATION,N
10234,N_2,N11JEWISHRIGHTSDEFINE,N
10234,N_2,N11SELFDETERMINATION,N
10234,N_2,N11JEWISHRIGHTS,N
10234,N_2,N12DOUBLESTANDARD,N
28197,N_2,N2CONSPIRACY,A
28197,N_2,N2CONTROLMEDIA,A
28197,N_2,N2CONTROLECONOMY,N
28197,N_2,N2CONTROLGOV,N
28197,N_2,N2CONTROLOTHER,I
28197,N_2,N3COLLECTIVEBLAME,N
28197,N_2,N4HIDDENCONSPIRACY,N
28197,N_2,N4ISRAELHAND,N
28197,N_2,N5LOYALTY,N
28197,N_2,N6IDENTITYDENY,N
28197,N_2,N7COLLECTIVEGUILT,N
28197,N_2,N8VIOLENCE,N
28197,N_2,N9INCITEMENT,N
28197,N_2,N10SELFDETERMINATION,N
28197,N_2,N11JEWISHRIGHTSDEFINE,N
28197,N_2,N11SELFDETERMINATION,N
28197,N_2,N11JEWISHRIGHTS,N
28197,N_2,N12DOUBLESTANDARD,N
5683,N_2,N2CONSPIRACY,N
5683,N_2,N2CONTROLMEDIA,N
5683,N_2,N2CONTROLECONOMY,N
5683,N_2,N2CONTROLGOV,N
5683,N_2,N2CONTROLOTHER,N
5683,N_2,N3COLLECTIVEBLAME,N
5683,N_2,N4HIDDENCONSPIRACY,N
5683,N_2,N4ISRAELHAND,N
5683,N_2,N5LOYALTY,N
5683,N_2,N6IDENTITYDENY,I
5683,N_2,N7COLLECTIVEGUILT,N
5683,N_2,N8VIOLENCE,N
5683,N_2,N9INCITEMENT,N
5683,N_2,N10SELFDETERMINATION,N
5683,N_2,N11JEWISHRIGHTSDEFINE,N
5683,N_2,N11SELFDETERMINATION,N
5683,N_2,N11JEWISHRIGHTS,N
5683,N_2,N12DOUBLESTANDARD,N
30607,N_2,N2CONSPIRACY,N
30607,N_2,N2CONTROLMEDIA,N
30607,N_2,N2CONTROLECONOMY,N
30607,N_2,N2CONTROLGOV,N
30607,N_2,N2CONTROLOTHER,N
30607,N_2,N3COLLECTIVEBLAME,N
30607,N_2,N4HIDDENCONSPIRACY,N
30607,N_2,N4ISRAELHAND,N
30607,N_2,N5LOYALTY,N
30607,N_2,N6IDENTITYDENY,N
30607,N_2,N7COLLECTIVEGUILT,N
30607,N_2,N8VIOLENCE,N
30607,N_2,N9INCITEMENT,N
30607,N_2,N10SELFDETERMINATION,N
30607,N_2,N11JEWISHRIGHTSDEFINE,N
30607,N_2,N11SELFDETERMINATION,N
30607,N_2,N11JEWISHRIGHTS,N
30607,N_2,N12DOUBLESTANDARD,N
29380,N_2,N2CONSPIRACY,N
29380,N_2,N2CONTROLMEDIA,N
29380,N_2,N2CONTROLECONOMY,N
29380,N_2,N2CONTROLGOV,N
29380,N_2,N2CONTROLOTHER,N
29380,N_2,N3COLLECTIVEBLAME,N
29380,N_2,N4HIDDENCONSPIRACY,N
29380,N_2,N4ISRAELHAND,N
29380,N_2,N5LOYALTY,N
29380,N_2,N6IDENTITYDENY,N
29380,N_2,N7COLLECTIVEGUILT,N
29380,N_2,N8VIOLENCE,N
29380,N_2,N9INCITEMENT,N
29380,N_2,N10SELFDETERMINATION,N
29380,N_2,N11JEWISHRIGHTSDEFINE,N
29380,N_2,N11SELFDETERMINATION,N
29380,N_2,N11JEWISHRIGHTS,N
29380,N_2,N12DOUBLESTANDARD,N
22849,N_2,N2CONSPIRACY,N
22849,N_2,N2CONTROLMEDIA,N
22849,N_2,N2CONTROLECONOMY,N
22849,N_2,N2CONTROLGOV,N
22849,N_2,N2CONTROLOTHER,N
22849,N_2,N3COLLECTIVEBLAME,N
22849,N_2,N4HIDDENCONSPIRACY,N
22849,N_2,N4ISRAELHAND,N
22849,N_2,N5LOYALTY,N
22849,N_2,N6IDENTITYDENY,N
22849,N_2,N7COLLECTIVEGUILT,N
22849,N_2,N8VIOLENCE,N
22849,N_2,N9INCITEMENT,N
22849,N_2,N10SELFDETERMINATION,N
22849,N_2,N11JEWISHRIGHTSDEFINE,N
22849,N_2,N11SELFDETERMINATION,N
22849,N_2,N11JEWISHRIGHTS,N
22849,N_2,N12DOUBLESTANDARD,N
1456,N_2,N2CONSPIRACY,N
1456,N_2,N2CONTROLMEDIA,N
1456,N_2,N2CONTROLECONOMY,N
1456,N_2,N2CONTROLGOV,N
1456,N_2,N2CONTROLOTHER,N
1456,N_2,N3COLLECTIVEBLAME,N
1456,N_2,N4HIDDENCONSPIRACY,N
1456,N_2,N4ISRAELHAND,N
1456,N_2,N5LOYALTY,N
1456,N_2,N6IDENTITYDENY,N
1456,N_2,N7COLLECTIVEGUILT,N
1456,N_2,N8VIOLENCE,N
1456,N_2,N9INCITEMENT,N
1456,N_2,N10SELFDETERMINATION,N
1456,N_2,N11JEWISHRIGHTSDEFINE,N
1456,N_2,N11SELFDETERMINATION,N
1456,N_2,N11JEWISHRIGHTS,N
1456,N_2,N12DOUBLESTANDARD,N
2610,N_2,N2CONSPIRACY,N
2610,N_2,N2CONTROLMEDIA,N
2610,N_2,N2CONTROLECONOMY,N
2610,N_2,N2CONTROLGOV,N
2610,N_2,N2CONTROLOTHER,N
2610,N_2,N3COLLECTIVEBLAME,N
2610,N_2,N4HIDDENCONSPIRACY,N
2610,N_2,N4ISRAELHAND,N
2610,N_2,N5LOYALTY,N
2610,N_2,N6IDENTITYDENY,N
2610,N_2,N7COLLECTIVEGUILT,N
2610,N_2,N8VIOLENCE,N
2610,N_2,N9INCITEMENT,N
2610,N_2,N10SELFDETERMINATION,N
2610,N_2,N11JEWISHRIGHTSDEFINE,N
2610,N_2,N11SELFDETERMINATION,N
2610,N_2,N11JEWISHRIGHTS,N
2610,N_2,N12DOUBLESTANDARD,N
295,N_2,N2CONSPIRACY,N
295,N_2,N2CONTROLMEDIA,N
295,N_2,N2CONTROLECONOMY,N
295,N_2,N2CONTROLGOV,N
295,N_2,N2CONTROLOTHER,N
295,N_2,N3COLLECTIVEBLAME,N
295,N_2,N4HIDDENCONSPIRACY,N
295,N_2,N4ISRAELHAND,N
295,N_2,N5LOYALTY,N
295,N_2,N6IDENTITYDENY,N
295,N_2,N7COLLECTIVEGUILT,N
295,N_2,N8VIOLENCE,N
295,N_2,N9INCITEMENT,N
295,N_2,N10SELFDETERMINATION,N
295,N_2,N11JEWISHRIGHTSDEFINE,N
295,N_2,N11SELFDETERMINATION,N
295,N_2,N11JEWISHRIGHTS,N
295,N_2,N12DOUBLESTANDARD,N
2683,N_2,N2CONSPIRACY,N
2683,N_2,N2CONTROLMEDIA,N
2683,N_2,N2CONTROLECONOMY,N
2683,N_2,N2CONTROLGOV,N
2683,N_2,N2CONTROLOTHER,N
2683,N_2,N3COLLECTIVEBLAME,N
2683,N_2,N4HIDDENCONSPIRACY,N
2683,N_2,N4ISRAELHAND,N
2683,N_2,N5LOYALTY,N
2683,N_2,N6IDENTITYDENY,N
2683,N_2,N7COLLECTIVEGUILT,N
2683,N_2,N8VIOLENCE,N
2683,N_2,N9INCITEMENT,I
2683,N_2,N10SELFDETERMINATION,N
2683,N_2,N11JEWISHRIGHTSDEFINE,N
2683,N_2,N11SELFDETERMINATION,N
2683,N_2,N11JEWISHRIGHTS,N
2683,N_2,N12DOUBLESTANDARD,N
25919,N_2,N2CONSPIRACY,N
25919,N_2,N2CONTROLMEDIA,N
25919,N_2,N2CONTROLECONOMY,N
25919,N_2,N2CONTROLGOV,N
25919,N_2,N2CONTROLOTHER,N
25919,N_2,N3COLLECTIVEBLAME,N
25919,N_2,N4HIDDENCONSPIRACY,N
25919,N_2,N4ISRAELHAND,N
25919,N_2,N5LOYALTY,N
25919,N_2,N6IDENTITYDENY,N
25919,N_2,N7COLLECTIVEGUILT,N
25919,N_2,N8VIOLENCE,N
25919,N_2,N9INCITEMENT,N
25919,N_2,N10SELFDETERMINATION,N
25919,N_2,N11JEWISHRIGHTSDEFINE,N
25919,N_2,N11SELFDETERMINATION,N
25919,N_2,N11JEWISHRIGHTS,N
25919,N_2,N12DOUBLESTANDARD,N
14668,N_2,N2CONSPIRACY,N
14668,N_2,N2CONTROLMEDIA,N
14668,N_2,N2CONTROLECONOMY,N
14668,N_2,N2CONTROLGOV,N
14668,N_2,N2CONTROLOTHER,N
14668,N_2,N3COLLECTIVEBLAME,N
14668,N_2,N4HIDDENCONSPIRACY,N
14668,N_2,N4ISRAELHAND,N
14668,N_2,N5LOYALTY,N
14668,N_2,N6IDENTITYDENY,N
14668,N_2,N7COLLECTIVEGUILT,N
14668,N_2,N8VIOLENCE,N
14668,N_2,N9INCITEMENT,N
14668,N_2,N10SELFDETERMINATION,N
14668,N_2,N11JEWISHRIGHTSDEFINE,N
14668,N_2,N11SELFDETERMINATION,N
14668,N_2,N11JEWISHRIGHTS,N
14668,N_2,N12DOUBLESTANDARD,N
32694,N_2,N2CONSPIRACY,N
32694,N_2,N2CONTROLMEDIA,N
32694,N_2,N2CONTROLECONOMY,N
32694,N_2,N2CONTROLGOV,N
32694,N_2,N2CONTROLOTHER,N
32694,N_2,N3COLLECTIVEBLAME,N
32694,N_2,N4HIDDENCONSPIRACY,N
32694,N_2,N4ISRAELHAND,N
32694,N_2,N5LOYALTY,N
32694,N_2,N6IDENTITYDENY,N
32694,N_2,N7COLLECTIVEGUILT,N
32694,N_2,N8VIOLENCE,N
32694,N_2,N9INCITEMENT,N
32694,N_2,N10SELFDETERMINATION,N
32694,N_2,N11JEWISHRIGHTSDEFINE,N
32694,N_2,N11SELFDETERMINATION,N
32694,N_2,N11JEWISHRIGHTS,N
32694,N_2,N12DOUBLESTANDARD,N
11302,N_2,N2CONSPIRACY,N
11302,N_2,N2CONTROLMEDIA,N
11302,N_2,N2CONTROLECONOMY,N
11302,N_2,N2CONTROLGOV,N
11302,N_2,N2CONTROLOTHER,N
11302,N_2,N3COLLECTIVEBLAME,N
11302,N_2,N4HIDDENCONSPIRACY,N
11302,N_2,N4ISRAELHAND,N
11302,N_2,N5LOYALTY,N
11302,N_2,N6IDENTITYDENY,N
11302,N_2,N7COLLECTIVEGUILT,N
11302,N_2,N8VIOLENCE,N
11302,N_2,N9INCITEMENT,N
11302,N_2,N10SELFDETERMINATION,N
11302,N_2,N11JEWISHRIGHTSDEFINE,N
11302,N_2,N11SELFDETERMINATION,N
11302,N_2,N11JEWISHRIGHTS,N
11302,N_2,N12DOUBLESTANDARD,N
42668,N_2,N2CONSPIRACY,I
42668,N_2,N2CONTROLMEDIA,I
42668,N_2,N2CONTROLECONOMY,N
42668,N_2,N2CONTROLGOV,N
42668,N_2,N2CONTROLOTHER,I
42668,N_2,N3COLLECTIVEBLAME,I
42668,N_2,N4HIDDENCONSPIRACY,N
42668,N_2,N4ISRAELHAND,N
42668,N_2,N5LOYALTY,N
42668,N_2,N6IDENTITYDENY,N
42668,N_2,N7COLLECTIVEGUILT,N
42668,N_2,N8VIOLENCE,N
42668,N_2,N9INCITEMENT,N
42668,N_2,N10SELFDETERMINATION,N
42668,N_2,N11JEWISHRIGHTSDEFINE,N
42668,N_2,N11SELFDETERMINATION,N
42668,N_2,N11JEWISHRIGHTS,N
42668,N_2,N12DOUBLESTANDARD,N
15126,N_2,N2CONSPIRACY,N
15126,N_2,N2CONTROLMEDIA,N
15126,N_2,N2CONTROLECONOMY,N
15126,N_2,N2CONTROLGOV,N
15126,N_2,N2CONTROLOTHER,N
15126,N_2,N3COLLECTIVEBLAME,N
15126,N_2,N4HIDDENCONSPIRACY,N
15126,N_2,N4ISRAELHAND,N
15126,N_2,N5LOYALTY,N
15126,N_2,N6IDENTITYDENY,N
15126,N_2,N7COLLECTIVEGUILT,N
15126,N_2,N8VIOLENCE,N
15126,N_2,N9INCITEMENT,N
15126,N_2,N10SELFDETERMINATION,N
15126,N_2,N11JEWISHRIGHTSDEFINE,N
15126,N_2,N11SELFDETERMINATION,N
15126,N_2,N11JEWISHRIGHTS,N
15126,N_2,N12DOUBLESTANDARD,N
42264,N_2,N2CONSPIRACY,N
42264,N_2,N2CONTROLMEDIA,N
42264,N_2,N2CONTROLECONOMY,N
42264,N_2,N2CONTROLGOV,N
42264,N_2,N2CONTROLOTHER,N
42264,N_2,N3COLLECTIVEBLAME,N
42264,N_2,N4HIDDENCONSPIRACY,N
42264,N_2,N4ISRAELHAND,N
42264,N_2,N5LOYALTY,N
42264,N_2,N6IDENTITYDENY,N
42264,N_2,N7COLLECTIVEGUILT,N
42264,N_2,N8VIOLENCE,N
42264,N_2,N9INCITEMENT,N
42264,N_2,N10SELFDETERMINATION,N
42264,N_2,N11JEWISHRIGHTSDEFINE,N
42264,N_2,N11SELFDETERMINATION,N
42264,N_2,N11JEWISHRIGHTS,N
42264,N_2,N12DOUBLESTANDARD,N
7672,N_2,N2CONSPIRACY,N
7672,N_2,N2CONTROLMEDIA,N
7672,N_2,N2CONTROLECONOMY,N
7672,N_2,N2CONTROLGOV,N
7672,N_2,N2CONTROLOTHER,N
7672,N_2,N3COLLECTIVEBLAME,N
7672,N_2,N4HIDDENCONSPIRACY,N
7672,N_2,N4ISRAELHAND,N
7672,N_2,N5LOYALTY,N
7672,N_2,N6IDENTITYDENY,N
7672,N_2,N7COLLECTIVEGUILT,N
7672,N_2,N8VIOLENCE,N
7672,N_2,N9INCITEMENT,N
7672,N_2,N10SELFDETERMINATION,N
7672,N_2,N11JEWISHRIGHTSDEFINE,N
7672,N_2,N11SELFDETERMINATION,N
7672,N_2,N11JEWISHRIGHTS,N
7672,N_2,N12DOUBLESTANDARD,N
24720,N_2,N2CONSPIRACY,N
24720,N_2,N2CONTROLMEDIA,N
24720,N_2,N2CONTROLECONOMY,N
24720,N_2,N2CONTROLGOV,N
24720,N_2,N2CONTROLOTHER,N
24720,N_2,N3COLLECTIVEBLAME,N
24720,N_2,N4HIDDENCONSPIRACY,N
24720,N_2,N4ISRAELHAND,N
24720,N_2,N5LOYALTY,N
24720,N_2,N6IDENTITYDENY,N
24720,N_2,N7COLLECTIVEGUILT,N
24720,N_2,N8VIOLENCE,N
24720,N_2,N9INCITEMENT,N
24720,N_2,N10SELFDETERMINATION,N
24720,N_2,N11JEWISHRIGHTSDEFINE,N
24720,N_2,N11SELFDETERMINATION,N
24720,N_2,N11JEWISHRIGHTS,N
24720,N_2,N12DOUBLESTANDARD,N
38058,N_2,N2CONSPIRACY,N
38058,N_2,N2CONTROLMEDIA,N
38058,N_2,N2CONTROLECONOMY,N
38058,N_2,N2CONTROLGOV,N
38058,N_2,N2CONTROLOTHER,N
38058,N_2,N3COLLECTIVEBLAME,N
38058,N_2,N4HIDDENCONSPIRACY,N
38058,N_2,N4ISRAELHAND,N
38058,N_2,N5LOYALTY,N
38058,N_2,N6IDENTITYDENY,N
38058,N_2,N7COLLECTIVEGUILT,N
38058,N_2,N8VIOLENCE,N
38058,N_2,N9INCITEMENT,N
38058,N_2,N10SELFDETERMINATION,N
38058,N_2,N11JEWISHRIGHTSDEFINE,N
38058,N_2,N11SELFDETERMINATION,N
38058,N_2,N11JEWISHRIGHTS,N
38058,N_2,N12DOUBLESTANDARD,N
14438,N_2,N2CONSPIRACY,N
14438,N_2,N2CONTROLMEDIA,N
14438,N_2,N2CONTROLECONOMY,N
14438,N_2,N2CONTROLGOV,N
14438,N_2,N2CONTROLOTHER,N
14438,N_2,N3COLLECTIVEBLAME,N
14438,N_2,N4HIDDENCONSPIRACY,N
14438,N_2,N4ISRAELHAND,N
14438,N_2,N5LOYALTY,N
14438,N_2,N6IDENTITYDENY,N
14438,N_2,N7COLLECTIVEGUILT,N
14438,N_2,N8VIOLENCE,N
14438,N_2,N9INCITEMENT,N
14438,N_2,N10SELFDETERMINATION,N
14438,N_2,N11JEWISHRIGHTSDEFINE,N
14438,N_2,N11SELFDETERMINATION,N
14438,N_2,N11JEWISHRIGHTS,N
14438,N_2,N12DOUBLESTANDARD,N
46036,N_2,N2CONSPIRACY,N
46036,N_2,N2CONTROLMEDIA,N
46036,N_2,N2CONTROLECONOMY,N
46036,N_2,N2CONTROLGOV,N
46036,N_2,N2CONTROLOTHER,N
46036,N_2,N3COLLECTIVEBLAME,N
46036,N_2,N4HIDDENCONSPIRACY,N
46036,N_2,N4ISRAELHAND,N
46036,N_2,N5LOYALTY,N
46036,N_2,N6IDENTITYDENY,N
46036,N_2,N7COLLECTIVEGUILT,N
46036,N_2,N8VIOLENCE,N
46036,N_2,N9INCITEMENT,N
46036,N_2,N10SELFDETERMINATION,N
46036,N_2,N11JEWISHRIGHTSDEFINE,N
46036,N_2,N11SELFDETERMINATION,N
46036,N_2,N11JEWISHRIGHTS,N
46036,N_2,N12DOUBLESTANDARD,N
29881,N_2,N2CONSPIRACY,N
29881,N_2,N2CONTROLMEDIA,N
29881,N_2,N2CONTROLECONOMY,N
29881,N_2,N2CONTROLGOV,N
29881,N_2,N2CONTROLOTHER,N
29881,N_2,N3COLLECTIVEBLAME,N
29881,N_2,N4HIDDENCONSPIRACY,N
29881,N_2,N4ISRAELHAND,N
29881,N_2,N5LOYALTY,N
29881,N_2,N6IDENTITYDENY,N
29881,N_2,N7COLLECTIVEGUILT,N
29881,N_2,N8VIOLENCE,N
29881,N_2,N9INCITEMENT,N
29881,N_2,N10SELFDETERMINATION,N
29881,N_2,N11JEWISHRIGHTSDEFINE,N
29881,N_2,N11SELFDETERMINATION,N
29881,N_2,N11JEWISHRIGHTS,N
29881,N_2,N12DOUBLESTANDARD,N
47901,N_2,N2CONSPIRACY,A
47901,N_2,N2CONTROLMEDIA,N
47901,N_2,N2CONTROLECONOMY,N
47901,N_2,N2CONTROLGOV,N
47901,N_2,N2CONTROLOTHER,N
47901,N_2,N3COLLECTIVEBLAME,N
47901,N_2,N4HIDDENCONSPIRACY,A
47901,N_2,N4ISRAELHAND,N
47901,N_2,N5LOYALTY,N
47901,N_2,N6IDENTITYDENY,N
47901,N_2,N7COLLECTIVEGUILT,N
47901,N_2,N8VIOLENCE,N
47901,N_2,N9INCITEMENT,N
47901,N_2,N10SELFDETERMINATION,N
47901,N_2,N11JEWISHRIGHTSDEFINE,N
47901,N_2,N11SELFDETERMINATION,N
47901,N_2,N11JEWISHRIGHTS,N
47901,N_2,N12DOUBLESTANDARD,N
17078,N_2,N2CONSPIRACY,N
17078,N_2,N2CONTROLMEDIA,N
17078,N_2,N2CONTROLECONOMY,N
17078,N_2,N2CONTROLGOV,N
17078,N_2,N2CONTROLOTHER,N
17078,N_2,N3COLLECTIVEBLAME,N
17078,N_2,N4HIDDENCONSPIRACY,N
17078,N_2,N4ISRAELHAND,N
17078,N_2,N5LOYALTY,N
17078,N_2,N6IDENTITYDENY,N
17078,N_2,N7COLLECTIVEGUILT,N
17078,N_2,N8VIOLENCE,N
17078,N_2,N9INCITEMENT,N
17078,N_2,N10SELFDETERMINATION,N
17078,N_2,N11JEWISHRIGHTSDEFINE,N
17078,N_2,N11SELFDETERMINATION,N
17078,N_2,N11JEWISHRIGHTS,N
17078,N_2,N12DOUBLESTANDARD,N
12357,N_2,N2CONSPIRACY,N
12357,N_2,N2CONTROLMEDIA,N
12357,N_2,N2CONTROLECONOMY,N
12357,N_2,N2CONTROLGOV,N
12357,N_2,N2CONTROLOTHER,N
12357,N_2,N3COLLECTIVEBLAME,N
12357,N_2,N4HIDDENCONSPIRACY,N
12357,N_2,N4ISRAELHAND,N
12357,N_2,N5LOYALTY,N
12357,N_2,N6IDENTITYDENY,N
12357,N_2,N7COLLECTIVEGUILT,N
12357,N_2,N8VIOLENCE,N
12357,N_2,N9INCITEMENT,N
12357,N_2,N10SELFDETERMINATION,N
12357,N_2,N11JEWISHRIGHTSDEFINE,N
12357,N_2,N11SELFDETERMINATION,N
12357,N_2,N11JEWISHRIGHTS,N
12357,N_2,N12DOUBLESTANDARD,N
23795,N_2,N2CONSPIRACY,N
23795,N_2,N2CONTROLMEDIA,N
23795,N_2,N2CONTROLECONOMY,N
23795,N_2,N2CONTROLGOV,N
23795,N_2,N2CONTROLOTHER,N
23795,N_2,N3COLLECTIVEBLAME,N
23795,N_2,N4HIDDENCONSPIRACY,N
23795,N_2,N4ISRAELHAND,N
23795,N_2,N5LOYALTY,N
23795,N_2,N6IDENTITYDENY,N
23795,N_2,N7COLLECTIVEGUILT,N
23795,N_2,N8VIOLENCE,N
23795,N_2,N9INCITEMENT,N
23795,N_2,N10SELFDETERMINATION,N
23795,N_2,N11JEWISHRIGHTSDEFINE,N
23795,N_2,N11SELFDETERMINATION,N
23795,N_2,N11JEWISHRIGHTS,N
23795,N_2,N12DOUBLESTANDARD,N
10247,N_2,N2CONSPIRACY,N
10247,N_2,N2CONTROLMEDIA,N
10247,N_2,N2CONTROLECONOMY,N
10247,N_2,N2CONTROLGOV,N
10247,N_2,N2CONTROLOTHER,I
10247,N_2,N3COLLECTIVEBLAME,N
10247,N_2,N4HIDDENCONSPIRACY,N
10247,N_2,N4ISRAELHAND,N
10247,N_2,N5LOYALTY,N
10247,N_2,N6IDENTITYDENY,N
10247,N_2,N7COLLECTIVEGUILT,N
10247,N_2,N8VIOLENCE,N
10247,N_2,N9INCITEMENT,N
10247,N_2,N10SELFDETERMINATION,N
10247,N_2,N11JEWISHRIGHTSDEFINE,N
10247,N_2,N11SELFDETERMINATION,N
10247,N_2,N11JEWISHRIGHTS,N
10247,N_2,N12DOUBLESTANDARD,N
39476,N_2,N2CONSPIRACY,N
39476,N_2,N2CONTROLMEDIA,N
39476,N_2,N2CONTROLECONOMY,N
39476,N_2,N2CONTROLGOV,N
39476,N_2,N2CONTROLOTHER,N
39476,N_2,N3COLLECTIVEBLAME,N
39476,N_2,N4HIDDENCONSPIRACY,N
39476,N_2,N4ISRAELHAND,N
39476,N_2,N5LOYALTY,N
39476,N_2,N6IDENTITYDENY,N
39476,N_2,N7COLLECTIVEGUILT,N
39476,N_2,N8VIOLENCE,N
39476,N_2,N9INCITEMENT,N
39476,N_2,N10SELFDETERMINATION,N
39476,N_2,N11JEWISHRIGHTSDEFINE,N
39476,N_2,N11SELFDETERMINATION,N
39476,N_2,N11JEWISHRIGHTS,N
39476,N_2,N12DOUBLESTANDARD,N
4241,N_2,N2CONSPIRACY,N
4241,N_2,N2CONTROLMEDIA,N
4241,N_2,N2CONTROLECONOMY,N
4241,N_2,N2CONTROLGOV,N
4241,N_2,N2CONTROLOTHER,N
4241,N_2,N3COLLECTIVEBLAME,N
4241,N_2,N4HIDDENCONSPIRACY,N
4241,N_2,N4ISRAELHAND,N
4241,N_2,N5LOYALTY,N
4241,N_2,N6IDENTITYDENY,N
4241,N_2,N7COLLECTIVEGUILT,N
4241,N_2,N8VIOLENCE,E
4241,N_2,N9INCITEMENT,E
4241,N_2,N10SELFDETERMINATION,N
4241,N_2,N11JEWISHRIGHTSDEFINE,N
4241,N_2,N11SELFDETERMINATION,N
4241,N_2,N11JEWISHRIGHTS,E
4241,N_2,N12DOUBLESTANDARD,N
28375,N_2,N2CONSPIRACY,N
28375,N_2,N2CONTROLMEDIA,N
28375,N_2,N2CONTROLECONOMY,N
28375,N_2,N2CONTROLGOV,N
28375,N_2,N2CONTROLOTHER,N
28375,N_2,N3COLLECTIVEBLAME,N
28375,N_2,N4HIDDENCONSPIRACY,N
28375,N_2,N4ISRAELHAND,N
28375,N_2,N5LOYALTY,N
28375,N_2,N6IDENTITYDENY,N
28375,N_2,N7COLLECTIVEGUILT,N
28375,N_2,N8VIOLENCE,N
28375,N_2,N9INCITEMENT,N
28375,N_2,N10SELFDETERMINATION,N
28375,N_2,N11JEWISHRIGHTSDEFINE,N
28375,N_2,N11SELFDETERMINATION,N
28375,N_2,N11JEWISHRIGHTS,N
28375,N_2,N12DOUBLESTANDARD,N
20023,N_2,N2CONSPIRACY,N
20023,N_2,N2CONTROLMEDIA,N
20023,N_2,N2CONTROLECONOMY,N
20023,N_2,N2CONTROLGOV,N
20023,N_2,N2CONTROLOTHER,N
20023,N_2,N3COLLECTIVEBLAME,N
20023,N_2,N4HIDDENCONSPIRACY,N
20023,N_2,N4ISRAELHAND,N
20023,N_2,N5LOYALTY,N
20023,N_2,N6IDENTITYDENY,N
20023,N_2,N7COLLECTIVEGUILT,N
20023,N_2,N8VIOLENCE,N
20023,N_2,N9INCITEMENT,N
20023,N_2,N10SELFDETERMINATION,N
20023,N_2,N11JEWISHRIGHTSDEFINE,N
20023,N_2,N11SELFDETERMINATION,N
20023,N_2,N11JEWISHRIGHTS,N
20023,N_2,N12DOUBLESTANDARD,N
12599,N_2,N2CONSPIRACY,N
12599,N_2,N2CONTROLMEDIA,N
12599,N_2,N2CONTROLECONOMY,N
12599,N_2,N2CONTROLGOV,N
12599,N_2,N2CONTROLOTHER,N
12599,N_2,N3COLLECTIVEBLAME,N
12599,N_2,N4HIDDENCONSPIRACY,N
12599,N_2,N4ISRAELHAND,N
12599,N_2,N5LOYALTY,N
12599,N_2,N6IDENTITYDENY,N
12599,N_2,N7COLLECTIVEGUILT,N
12599,N_2,N8VIOLENCE,N
12599,N_2,N9INCITEMENT,N
12599,N_2,N10SELFDETERMINATION,N
12599,N_2,N11JEWISHRIGHTSDEFINE,N
12599,N_2,N11SELFDETERMINATION,N
12599,N_2,N11JEWISHRIGHTS,N
12599,N_2,N12DOUBLESTANDARD,N
3374,N_2,N2CONSPIRACY,N
3374,N_2,N2CONTROLMEDIA,N
3374,N_2,N2CONTROLECONOMY,N
3374,N_2,N2CONTROLGOV,N
3374,N_2,N2CONTROLOTHER,N
3374,N_2,N3COLLECTIVEBLAME,N
3374,N_2,N4HIDDENCONSPIRACY,N
3374,N_2,N4ISRAELHAND,N
3374,N_2,N5LOYALTY,N
3374,N_2,N6IDENTITYDENY,N
3374,N_2,N7COLLECTIVEGUILT,N
3374,N_2,N8VIOLENCE,N
3374,N_2,N9INCITEMENT,E
3374,N_2,N10SELFDETERMINATION,N
3374,N_2,N11JEWISHRIGHTSDEFINE,N
3374,N_2,N11SELFDETERMINATION,N
3374,N_2,N11JEWISHRIGHTS,N
3374,N_2,N12DOUBLESTANDARD,N
48436,N_2,N2CONSPIRACY,N
48436,N_2,N2CONTROLMEDIA,N
48436,N_2,N2CONTROLECONOMY,N
48436,N_2,N2CONTROLGOV,N
48436,N_2,N2CONTROLOTHER,N
48436,N_2,N3COLLECTIVEBLAME,N
48436,N_2,N4HIDDENCONSPIRACY,N
48436,N_2,N4ISRAELHAND,N
48436,N_2,N5LOYALTY,N
48436,N_2,N6IDENTITYDENY,N
48436,N_2,N7COLLECTIVEGUILT,N
48436,N_2,N8VIOLENCE,E
48436,N_2,N9INCITEMENT,E
48436,N_2,N10SELFDETERMINATION,N
48436,N_2,N11JEWISHRIGHTSDEFINE,N
48436,N_2,N11SELFDETERMINATION,N
48436,N_2,N11JEWISHRIGHTS,N
48436,N_2,N12DOUBLESTANDARD,N
36404,N_2,N2CONSPIRACY,N
36404,N_2,N2CONTROLMEDIA,N
36404,N_2,N2CONTROLECONOMY,N
36404,N_2,N2CONTROLGOV,N
36404,N_2,N2CONTROLOTHER,N
36404,N_2,N3COLLECTIVEBLAME,N
36404,N_2,N4HIDDENCONSPIRACY,N
36404,N_2,N4ISRAELHAND,N
36404,N_2,N5LOYALTY,N
36404,N_2,N6IDENTITYDENY,N
36404,N_2,N7COLLECTIVEGUILT,N
36404,N_2,N8VIOLENCE,N
36404,N_2,N9INCITEMENT,N
36404,N_2,N10SELFDETERMINATION,N
36404,N_2,N11JEWISHRIGHTSDEFINE,N
36404,N_2,N11SELFDETERMINATION,N
36404,N_2,N11JEWISHRIGHTS,N
36404,N_2,N12DOUBLESTANDARD,N
9364,N_2,N2CONSPIRACY,N
9364,N_2,N2CONTROLMEDIA,N
9364,N_2,N2CONTROLECONOMY,N
9364,N_2,N2CONTROLGOV,N
9364,N_2,N2CONTROLOTHER,N
9364,N_2,N3COLLECTIVEBLAME,N
9364,N_2,N4HIDDENCONSPIRACY,N
9364,N_2,N4ISRAELHAND,N
9364,N_2,N5LOYALTY,N
9364,N_2,N6IDENTITYDENY,N
9364,N_2,N7COLLECTIVEGUILT,N
9364,N_2,N8VIOLENCE,N
9364,N_2,N9INCITEMENT,N
9364,N_2,N10SELFDETERMINATION,N
9364,N_2,N11JEWISHRIGHTSDEFINE,N
9364,N_2,N11SELFDETERMINATION,N
9364,N_2,N11JEWISHRIGHTS,N
9364,N_2,N12DOUBLESTANDARD,N
47084,N_2,N2CONSPIRACY,N
47084,N_2,N2CONTROLMEDIA,N
47084,N_2,N2CONTROLECONOMY,N
47084,N_2,N2CONTROLGOV,N
47084,N_2,N2CONTROLOTHER,N
47084,N_2,N3COLLECTIVEBLAME,N
47084,N_2,N4HIDDENCONSPIRACY,N
47084,N_2,N4ISRAELHAND,N
47084,N_2,N5LOYALTY,N
47084,N_2,N6IDENTITYDENY,N
47084,N_2,N7COLLECTIVEGUILT,N
47084,N_2,N8VIOLENCE,N
47084,N_2,N9INCITEMENT,E
47084,N_2,N10SELFDETERMINATION,N
47084,N_2,N11JEWISHRIGHTSDEFINE,N
47084,N_2,N11SELFDETERMINATION,N
47084,N_2,N11JEWISHRIGHTS,N
47084,N_2,N12DOUBLESTANDARD,N
28575,N_2,N2CONSPIRACY,N
28575,N_2,N2CONTROLMEDIA,N
28575,N_2,N2CONTROLECONOMY,N
28575,N_2,N2CONTROLGOV,N
28575,N_2,N2CONTROLOTHER,N
28575,N_2,N3COLLECTIVEBLAME,N
28575,N_2,N4HIDDENCONSPIRACY,N
28575,N_2,N4ISRAELHAND,N
28575,N_2,N5LOYALTY,N
28575,N_2,N6IDENTITYDENY,N
28575,N_2,N7COLLECTIVEGUILT,N
28575,N_2,N8VIOLENCE,N
28575,N_2,N9INCITEMENT,N
28575,N_2,N10SELFDETERMINATION,N
28575,N_2,N11JEWISHRIGHTSDEFINE,N
28575,N_2,N11SELFDETERMINATION,N
28575,N_2,N11JEWISHRIGHTS,N
28575,N_2,N12DOUBLESTANDARD,N
22015,N_2,N2CONSPIRACY,N
22015,N_2,N2CONTROLMEDIA,N
22015,N_2,N2CONTROLECONOMY,N
22015,N_2,N2CONTROLGOV,N
22015,N_2,N2CONTROLOTHER,N
22015,N_2,N3COLLECTIVEBLAME,N
22015,N_2,N4HIDDENCONSPIRACY,N
22015,N_2,N4ISRAELHAND,N
22015,N_2,N5LOYALTY,N
22015,N_2,N6IDENTITYDENY,N
22015,N_2,N7COLLECTIVEGUILT,N
22015,N_2,N8VIOLENCE,N
22015,N_2,N9INCITEMENT,N
22015,N_2,N10SELFDETERMINATION,N
22015,N_2,N11JEWISHRIGHTSDEFINE,N
22015,N_2,N11SELFDETERMINATION,N
22015,N_2,N11JEWISHRIGHTS,N
22015,N_2,N12DOUBLESTANDARD,N
39701,N_2,N2CONSPIRACY,N
39701,N_2,N2CONTROLMEDIA,N
39701,N_2,N2CONTROLECONOMY,N
39701,N_2,N2CONTROLGOV,N
39701,N_2,N2CONTROLOTHER,N
39701,N_2,N3COLLECTIVEBLAME,N
39701,N_2,N4HIDDENCONSPIRACY,A
39701,N_2,N4ISRAELHAND,N
39701,N_2,N5LOYALTY,N
39701,N_2,N6IDENTITYDENY,N
39701,N_2,N7COLLECTIVEGUILT,N
39701,N_2,N8VIOLENCE,N
39701,N_2,N9INCITEMENT,N
39701,N_2,N10SELFDETERMINATION,N
39701,N_2,N11JEWISHRIGHTSDEFINE,N
39701,N_2,N11SELFDETERMINATION,N
39701,N_2,N11JEWISHRIGHTS,N
39701,N_2,N12DOUBLESTANDARD,N
11614,N_2,N2CONSPIRACY,N
11614,N_2,N2CONTROLMEDIA,N
11614,N_2,N2CONTROLECONOMY,N
11614,N_2,N2CONTROLGOV,N
11614,N_2,N2CONTROLOTHER,N
11614,N_2,N3COLLECTIVEBLAME,N
11614,N_2,N4HIDDENCONSPIRACY,N
11614,N_2,N4ISRAELHAND,N
11614,N_2,N5LOYALTY,N
11614,N_2,N6IDENTITYDENY,N
11614,N_2,N7COLLECTIVEGUILT,N
11614,N_2,N8VIOLENCE,N
11614,N_2,N9INCITEMENT,N
11614,N_2,N10SELFDETERMINATION,N
11614,N_2,N11JEWISHRIGHTSDEFINE,N
11614,N_2,N11SELFDETERMINATION,N
11614,N_2,N11JEWISHRIGHTS,N
11614,N_2,N12DOUBLESTANDARD,N
45775,N_2,N2CONSPIRACY,N
45775,N_2,N2CONTROLMEDIA,N
45775,N_2,N2CONTROLECONOMY,N
45775,N_2,N2CONTROLGOV,N
45775,N_2,N2CONTROLOTHER,N
45775,N_2,N3COLLECTIVEBLAME,N
45775,N_2,N4HIDDENCONSPIRACY,N
45775,N_2,N4ISRAELHAND,N
45775,N_2,N5LOYALTY,N
45775,N_2,N6IDENTITYDENY,N
45775,N_2,N7COLLECTIVEGUILT,N
45775,N_2,N8VIOLENCE,N
45775,N_2,N9INCITEMENT,N
45775,N_2,N10SELFDETERMINATION,N
45775,N_2,N11JEWISHRIGHTSDEFINE,N
45775,N_2,N11SELFDETERMINATION,N
45775,N_2,N11JEWISHRIGHTS,N
45775,N_2,N12DOUBLESTANDARD,N
48650,N_2,N2CONSPIRACY,N
48650,N_2,N2CONTROLMEDIA,A
48650,N_2,N2CONTROLECONOMY,N
48650,N_2,N2CONTROLGOV,N
48650,N_2,N2CONTROLOTHER,A
48650,N_2,N3COLLECTIVEBLAME,N
48650,N_2,N4HIDDENCONSPIRACY,N
48650,N_2,N4ISRAELHAND,N
48650,N_2,N5LOYALTY,N
48650,N_2,N6IDENTITYDENY,N
48650,N_2,N7COLLECTIVEGUILT,N
48650,N_2,N8VIOLENCE,N
48650,N_2,N9INCITEMENT,N
48650,N_2,N10SELFDETERMINATION,N
48650,N_2,N11JEWISHRIGHTSDEFINE,N
48650,N_2,N11SELFDETERMINATION,N
48650,N_2,N11JEWISHRIGHTS,N
48650,N_2,N12DOUBLESTANDARD,N
14847,N_2,N2CONSPIRACY,N
14847,N_2,N2CONTROLMEDIA,N
14847,N_2,N2CONTROLECONOMY,N
14847,N_2,N2CONTROLGOV,N
14847,N_2,N2CONTROLOTHER,N
14847,N_2,N3COLLECTIVEBLAME,N
14847,N_2,N4HIDDENCONSPIRACY,N
14847,N_2,N4ISRAELHAND,N
14847,N_2,N5LOYALTY,N
14847,N_2,N6IDENTITYDENY,N
14847,N_2,N7COLLECTIVEGUILT,N
14847,N_2,N8VIOLENCE,N
14847,N_2,N9INCITEMENT,N
14847,N_2,N10SELFDETERMINATION,N
14847,N_2,N11JEWISHRIGHTSDEFINE,N
14847,N_2,N11SELFDETERMINATION,N
14847,N_2,N11JEWISHRIGHTS,N
14847,N_2,N12DOUBLESTANDARD,N
10710,N_2,N2CONSPIRACY,N
10710,N_2,N2CONTROLMEDIA,N
10710,N_2,N2CONTROLECONOMY,N
10710,N_2,N2CONTROLGOV,N
10710,N_2,N2CONTROLOTHER,N
10710,N_2,N3COLLECTIVEBLAME,N
10710,N_2,N4HIDDENCONSPIRACY,N
10710,N_2,N4ISRAELHAND,N
10710,N_2,N5LOYALTY,N
10710,N_2,N6IDENTITYDENY,N
10710,N_2,N7COLLECTIVEGUILT,N
10710,N_2,N8VIOLENCE,N
10710,N_2,N9INCITEMENT,N
10710,N_2,N10SELFDETERMINATION,N
10710,N_2,N11JEWISHRIGHTSDEFINE,N
10710,N_2,N11SELFDETERMINATION,N
10710,N_2,N11JEWISHRIGHTS,N
10710,N_2,N12DOUBLESTANDARD,N
8427,N_2,N2CONSPIRACY,N
8427,N_2,N2CONTROLMEDIA,N
8427,N_2,N2CONTROLECONOMY,N
8427,N_2,N2CONTROLGOV,N
8427,N_2,N2CONTROLOTHER,N
8427,N_2,N3COLLECTIVEBLAME,N
8427,N_2,N4HIDDENCONSPIRACY,N
8427,N_2,N4ISRAELHAND,I
8427,N_2,N5LOYALTY,I
8427,N_2,N6IDENTITYDENY,N
8427,N_2,N7COLLECTIVEGUILT,N
8427,N_2,N8VIOLENCE,N
8427,N_2,N9INCITEMENT,N
8427,N_2,N10SELFDETERMINATION,N
8427,N_2,N11JEWISHRIGHTSDEFINE,N
8427,N_2,N11SELFDETERMINATION,N
8427,N_2,N11JEWISHRIGHTS,N
8427,N_2,N12DOUBLESTANDARD,N
26144,N_2,N2CONSPIRACY,N
26144,N_2,N2CONTROLMEDIA,N
26144,N_2,N2CONTROLECONOMY,N
26144,N_2,N2CONTROLGOV,N
26144,N_2,N2CONTROLOTHER,N
26144,N_2,N3COLLECTIVEBLAME,N
26144,N_2,N4HIDDENCONSPIRACY,N
26144,N_2,N4ISRAELHAND,N
26144,N_2,N5LOYALTY,N
26144,N_2,N6IDENTITYDENY,N
26144,N_2,N7COLLECTIVEGUILT,N
26144,N_2,N8VIOLENCE,N
26144,N_2,N9INCITEMENT,N
26144,N_2,N10SELFDETERMINATION,N
26144,N_2,N11JEWISHRIGHTSDEFINE,N
26144,N_2,N11SELFDETERMINATION,N
26144,N_2,N11JEWISHRIGHTS,N
26144,N_2,N12DOUBLESTANDARD,N
44514,N_2,N2CONSPIRACY,I
44514,N_2,N2CONTROLMEDIA,N
44514,N_2,N2CONTROLECONOMY,N
44514,N_2,N2CONTROLGOV,I
44514,N_2,N2CONTROLOTHER,N
44514,N_2,N3COLLECTIVEBLAME,N
44514,N_2,N4HIDDENCONSPIRACY,N
44514,N_2,N4ISRAELHAND,N
44514,N_2,N5LOYALTY,N
44514,N_2,N6IDENTITYDENY,N
44514,N_2,N7COLLECTIVEGUILT,N
44514,N_2,N8VIOLENCE,N
44514,N_2,N9INCITEMENT,N
44514,N_2,N10SELFDETERMINATION,N
44514,N_2,N11JEWISHRIGHTSDEFINE,N
44514,N_2,N11SELFDETERMINATION,N
44514,N_2,N11JEWISHRIGHTS,N
44514,N_2,N12DOUBLESTANDARD,N
12994,N_2,N2CONSPIRACY,N
12994,N_2,N2CONTROLMEDIA,N
12994,N_2,N2CONTROLECONOMY,N
12994,N_2,N2CONTROLGOV,N
12994,N_2,N2CONTROLOTHER,N
12994,N_2,N3COLLECTIVEBLAME,N
12994,N_2,N4HIDDENCONSPIRACY,N
12994,N_2,N4ISRAELHAND,N
12994,N_2,N5LOYALTY,N
12994,N_2,N6IDENTITYDENY,N
12994,N_2,N7COLLECTIVEGUILT,N
12994,N_2,N8VIOLENCE,N
12994,N_2,N9INCITEMENT,N
12994,N_2,N10SELFDETERMINATION,N
12994,N_2,N11JEWISHRIGHTSDEFINE,N
12994,N_2,N11SELFDETERMINATION,N
12994,N_2,N11JEWISHRIGHTS,N
12994,N_2,N12DOUBLESTANDARD,N
8130,N_2,N2CONSPIRACY,I
8130,N_2,N2CONTROLMEDIA,N
8130,N_2,N2CONTROLECONOMY,N
8130,N_2,N2CONTROLGOV,N
8130,N_2,N2CONTROLOTHER,I
8130,N_2,N3COLLECTIVEBLAME,E
8130,N_2,N4HIDDENCONSPIRACY,I
8130,N_2,N4ISRAELHAND,N
8130,N_2,N5LOYALTY,N
8130,N_2,N6IDENTITYDENY,N
8130,N_2,N7COLLECTIVEGUILT,E
8130,N_2,N8VIOLENCE,N
8130,N_2,N9INCITEMENT,N
8130,N_2,N10SELFDETERMINATION,N
8130,N_2,N11JEWISHRIGHTSDEFINE,N
8130,N_2,N11SELFDETERMINATION,N
8130,N_2,N11JEWISHRIGHTS,N
8130,N_2,N12DOUBLESTANDARD,N
44295,N_2,N2CONSPIRACY,N
44295,N_2,N2CONTROLMEDIA,N
44295,N_2,N2CONTROLECONOMY,N
44295,N_2,N2CONTROLGOV,N
44295,N_2,N2CONTROLOTHER,N
44295,N_2,N3COLLECTIVEBLAME,N
44295,N_2,N4HIDDENCONSPIRACY,N
44295,N_2,N4ISRAELHAND,N
44295,N_2,N5LOYALTY,N
44295,N_2,N6IDENTITYDENY,N
44295,N_2,N7COLLECTIVEGUILT,N
44295,N_2,N8VIOLENCE,N
44295,N_2,N9INCITEMENT,N
44295,N_2,N10SELFDETERMINATION,N
44295,N_2,N11JEWISHRIGHTSDEFINE,N
44295,N_2,N11SELFDETERMINATION,N
44295,N_2,N11JEWISHRIGHTS,N
44295,N_2,N12DOUBLESTANDARD,N
21958,N_2,N2CONSPIRACY,N
21958,N_2,N2CONTROLMEDIA,N
21958,N_2,N2CONTROLECONOMY,N
21958,N_2,N2CONTROLGOV,N
21958,N_2,N2CONTROLOTHER,N
21958,N_2,N3COLLECTIVEBLAME,N
21958,N_2,N4HIDDENCONSPIRACY,N
21958,N_2,N4ISRAELHAND,N
21958,N_2,N5LOYALTY,N
21958,N_2,N6IDENTITYDENY,N
21958,N_2,N7COLLECTIVEGUILT,N
21958,N_2,N8VIOLENCE,N
21958,N_2,N9INCITEMENT,N
21958,N_2,N10SELFDETERMINATION,N
21958,N_2,N11JEWISHRIGHTSDEFINE,N
21958,N_2,N11SELFDETERMINATION,N
21958,N_2,N11JEWISHRIGHTS,N
21958,N_2,N12DOUBLESTANDARD,N
13027,N_2,N2CONSPIRACY,N
13027,N_2,N2CONTROLMEDIA,N
13027,N_2,N2CONTROLECONOMY,N
13027,N_2,N2CONTROLGOV,N
13027,N_2,N2CONTROLOTHER,N
13027,N_2,N3COLLECTIVEBLAME,N
13027,N_2,N4HIDDENCONSPIRACY,N
13027,N_2,N4ISRAELHAND,N
13027,N_2,N5LOYALTY,N
13027,N_2,N6IDENTITYDENY,N
13027,N_2,N7COLLECTIVEGUILT,N
13027,N_2,N8VIOLENCE,N
13027,N_2,N9INCITEMENT,N
13027,N_2,N10SELFDETERMINATION,N
13027,N_2,N11JEWISHRIGHTSDEFINE,N
13027,N_2,N11SELFDETERMINATION,N
13027,N_2,N11JEWISHRIGHTS,N
13027,N_2,N12DOUBLESTANDARD,N
5416,N_2,N2CONSPIRACY,N
5416,N_2,N2CONTROLMEDIA,N
5416,N_2,N2CONTROLECONOMY,N
5416,N_2,N2CONTROLGOV,N
5416,N_2,N2CONTROLOTHER,N
5416,N_2,N3COLLECTIVEBLAME,N
5416,N_2,N4HIDDENCONSPIRACY,N
5416,N_2,N4ISRAELHAND,N
5416,N_2,N5LOYALTY,N
5416,N_2,N6IDENTITYDENY,N
5416,N_2,N7COLLECTIVEGUILT,N
5416,N_2,N8VIOLENCE,N
5416,N_2,N9INCITEMENT,N
5416,N_2,N10SELFDETERMINATION,N
5416,N_2,N11JEWISHRIGHTSDEFINE,N
5416,N_2,N11SELFDETERMINATION,N
5416,N_2,N11JEWISHRIGHTS,N
5416,N_2,N12DOUBLESTANDARD,N
27527,N_2,N2CONSPIRACY,N
27527,N_2,N2CONTROLMEDIA,N
27527,N_2,N2CONTROLECONOMY,N
27527,N_2,N2CONTROLGOV,N
27527,N_2,N2CONTROLOTHER,N
27527,N_2,N3COLLECTIVEBLAME,N
27527,N_2,N4HIDDENCONSPIRACY,N
27527,N_2,N4ISRAELHAND,N
27527,N_2,N5LOYALTY,N
27527,N_2,N6IDENTITYDENY,N
27527,N_2,N7COLLECTIVEGUILT,N
27527,N_2,N8VIOLENCE,N
27527,N_2,N9INCITEMENT,N
27527,N_2,N10SELFDETERMINATION,N
27527,N_2,N11JEWISHRIGHTSDEFINE,N
27527,N_2,N11SELFDETERMINATION,N
27527,N_2,N11JEWISHRIGHTS,N
27527,N_2,N12DOUBLESTANDARD,N
27244,N_2,N2CONSPIRACY,N
27244,N_2,N2CONTROLMEDIA,N
27244,N_2,N2CONTROLECONOMY,N
27244,N_2,N2CONTROLGOV,N
27244,N_2,N2CONTROLOTHER,N
27244,N_2,N3COLLECTIVEBLAME,A
27244,N_2,N4HIDDENCONSPIRACY,N
27244,N_2,N4ISRAELHAND,N
27244,N_2,N5LOYALTY,N
27244,N_2,N6IDENTITYDENY,N
27244,N_2,N7COLLECTIVEGUILT,N
27244,N_2,N8VIOLENCE,N
27244,N_2,N9INCITEMENT,A
27244,N_2,N10SELFDETERMINATION,N
27244,N_2,N11JEWISHRIGHTSDEFINE,N
27244,N_2,N11SELFDETERMINATION,N
27244,N_2,N11JEWISHRIGHTS,N
27244,N_2,N12DOUBLESTANDARD,N
26543,N_2,N2CONSPIRACY,N
26543,N_2,N2CONTROLMEDIA,N
26543,N_2,N2CONTROLECONOMY,N
26543,N_2,N2CONTROLGOV,N
26543,N_2,N2CONTROLOTHER,N
26543,N_2,N3COLLECTIVEBLAME,N
26543,N_2,N4HIDDENCONSPIRACY,N
26543,N_2,N4ISRAELHAND,N
26543,N_2,N5LOYALTY,N
26543,N_2,N6IDENTITYDENY,N
26543,N_2,N7COLLECTIVEGUILT,N
26543,N_2,N8VIOLENCE,N
26543,N_2,N9INCITEMENT,N
26543,N_2,N10SELFDETERMINATION,N
26543,N_2,N11JEWISHRIGHTSDEFINE,N
26543,N_2,N11SELFDETERMINATION,N
26543,N_2,N11JEWISHRIGHTS,N
26543,N_2,N12DOUBLESTANDARD,N
31701,N_2,N2CONSPIRACY,N
31701,N_2,N2CONTROLMEDIA,N
31701,N_2,N2CONTROLECONOMY,N
31701,N_2,N2CONTROLGOV,N
31701,N_2,N2CONTROLOTHER,N
31701,N_2,N3COLLECTIVEBLAME,N
31701,N_2,N4HIDDENCONSPIRACY,N
31701,N_2,N4ISRAELHAND,N
31701,N_2,N5LOYALTY,N
31701,N_2,N6IDENTITYDENY,N
31701,N_2,N7COLLECTIVEGUILT,N
31701,N_2,N8VIOLENCE,N
31701,N_2,N9INCITEMENT,N
31701,N_2,N10SELFDETERMINATION,N
31701,N_2,N11JEWISHRIGHTSDEFINE,N
31701,N_2,N11SELFDETERMINATION,N
31701,N_2,N11JEWISHRIGHTS,N
31701,N_2,N12DOUBLESTANDARD,N
45158,N_2,N2CONSPIRACY,I
45158,N_2,N2CONTROLMEDIA,N
45158,N_2,N2CONTROLECONOMY,I
45158,N_2,N2CONTROLGOV,N
45158,N_2,N2CONTROLOTHER,I
45158,N_2,N3COLLECTIVEBLAME,N
45158,N_2,N4HIDDENCONSPIRACY,I
45158,N_2,N4ISRAELHAND,N
45158,N_2,N5LOYALTY,N
45158,N_2,N6IDENTITYDENY,N
45158,N_2,N7COLLECTIVEGUILT,N
45158,N_2,N8VIOLENCE,N
45158,N_2,N9INCITEMENT,N
45158,N_2,N10SELFDETERMINATION,N
45158,N_2,N11JEWISHRIGHTSDEFINE,N
45158,N_2,N11SELFDETERMINATION,N
45158,N_2,N11JEWISHRIGHTS,N
45158,N_2,N12DOUBLESTANDARD,N
23907,N_2,N2CONSPIRACY,N
23907,N_2,N2CONTROLMEDIA,N
23907,N_2,N2CONTROLECONOMY,N
23907,N_2,N2CONTROLGOV,N
23907,N_2,N2CONTROLOTHER,N
23907,N_2,N3COLLECTIVEBLAME,N
23907,N_2,N4HIDDENCONSPIRACY,N
23907,N_2,N4ISRAELHAND,N
23907,N_2,N5LOYALTY,N
23907,N_2,N6IDENTITYDENY,N
23907,N_2,N7COLLECTIVEGUILT,N
23907,N_2,N8VIOLENCE,N
23907,N_2,N9INCITEMENT,N
23907,N_2,N10SELFDETERMINATION,N
23907,N_2,N11JEWISHRIGHTSDEFINE,N
23907,N_2,N11SELFDETERMINATION,N
23907,N_2,N11JEWISHRIGHTS,N
23907,N_2,N12DOUBLESTANDARD,N
3619,N_2,N2CONSPIRACY,N
3619,N_2,N2CONTROLMEDIA,N
3619,N_2,N2CONTROLECONOMY,N
3619,N_2,N2CONTROLGOV,N
3619,N_2,N2CONTROLOTHER,N
3619,N_2,N3COLLECTIVEBLAME,N
3619,N_2,N4HIDDENCONSPIRACY,N
3619,N_2,N4ISRAELHAND,N
3619,N_2,N5LOYALTY,N
3619,N_2,N6IDENTITYDENY,N
3619,N_2,N7COLLECTIVEGUILT,N
3619,N_2,N8VIOLENCE,N
3619,N_2,N9INCITEMENT,N
3619,N_2,N10SELFDETERMINATION,N
3619,N_2,N11JEWISHRIGHTSDEFINE,N
3619,N_2,N11SELFDETERMINATION,N
3619,N_2,N11JEWISHRIGHTS,N
3619,N_2,N12DOUBLESTANDARD,N
44630,N_2,N2CONSPIRACY,I
44630,N_2,N2CONTROLMEDIA,N
44630,N_2,N2CONTROLECONOMY,N
44630,N_2,N2CONTROLGOV,I
44630,N_2,N2CONTROLOTHER,N
44630,N_2,N3COLLECTIVEBLAME,N
44630,N_2,N4HIDDENCONSPIRACY,N
44630,N_2,N4ISRAELHAND,N
44630,N_2,N5LOYALTY,N
44630,N_2,N6IDENTITYDENY,N
44630,N_2,N7COLLECTIVEGUILT,N
44630,N_2,N8VIOLENCE,N
44630,N_2,N9INCITEMENT,I
44630,N_2,N10SELFDETERMINATION,I
44630,N_2,N11JEWISHRIGHTSDEFINE,N
44630,N_2,N11SELFDETERMINATION,I
44630,N_2,N11JEWISHRIGHTS,I
44630,N_2,N12DOUBLESTANDARD,N
23418,N_2,N2CONSPIRACY,N
23418,N_2,N2CONTROLMEDIA,N
23418,N_2,N2CONTROLECONOMY,N
23418,N_2,N2CONTROLGOV,N
23418,N_2,N2CONTROLOTHER,N
23418,N_2,N3COLLECTIVEBLAME,N
23418,N_2,N4HIDDENCONSPIRACY,N
23418,N_2,N4ISRAELHAND,N
23418,N_2,N5LOYALTY,N
23418,N_2,N6IDENTITYDENY,N
23418,N_2,N7COLLECTIVEGUILT,N
23418,N_2,N8VIOLENCE,N
23418,N_2,N9INCITEMENT,N
23418,N_2,N10SELFDETERMINATION,N
23418,N_2,N11JEWISHRIGHTSDEFINE,N
23418,N_2,N11SELFDETERMINATION,N
23418,N_2,N11JEWISHRIGHTS,N
23418,N_2,N12DOUBLESTANDARD,N
45922,N_2,N2CONSPIRACY,N
45922,N_2,N2CONTROLMEDIA,N
45922,N_2,N2CONTROLECONOMY,N
45922,N_2,N2CONTROLGOV,N
45922,N_2,N2CONTROLOTHER,N
45922,N_2,N3COLLECTIVEBLAME,N
45922,N_2,N4HIDDENCONSPIRACY,N
45922,N_2,N4ISRAELHAND,N
45922,N_2,N5LOYALTY,N
45922,N_2,N6IDENTITYDENY,N
45922,N_2,N7COLLECTIVEGUILT,N
45922,N_2,N8VIOLENCE,N
45922,N_2,N9INCITEMENT,N
45922,N_2,N10SELFDETERMINATION,N
45922,N_2,N11JEWISHRIGHTSDEFINE,N
45922,N_2,N11SELFDETERMINATION,N
45922,N_2,N11JEWISHRIGHTS,N
45922,N_2,N12DOUBLESTANDARD,N
49717,N_2,N2CONSPIRACY,I
49717,N_2,N2CONTROLMEDIA,N
49717,N_2,N2CONTROLECONOMY,I
49717,N_2,N2CONTROLGOV,I
49717,N_2,N2CONTROLOTHER,N
49717,N_2,N3COLLECTIVEBLAME,E
49717,N_2,N4HIDDENCONSPIRACY,I
49717,N_2,N4ISRAELHAND,N
49717,N_2,N5LOYALTY,N
49717,N_2,N6IDENTITYDENY,N
49717,N_2,N7COLLECTIVEGUILT,N
49717,N_2,N8VIOLENCE,N
49717,N_2,N9INCITEMENT,N
49717,N_2,N10SELFDETERMINATION,N
49717,N_2,N11JEWISHRIGHTSDEFINE,N
49717,N_2,N11SELFDETERMINATION,N
49717,N_2,N11JEWISHRIGHTS,N
49717,N_2,N12DOUBLESTANDARD,N
7229,N_2,N2CONSPIRACY,N
7229,N_2,N2CONTROLMEDIA,N
7229,N_2,N2CONTROLECONOMY,N
7229,N_2,N2CONTROLGOV,N
7229,N_2,N2CONTROLOTHER,N
7229,N_2,N3COLLECTIVEBLAME,N
7229,N_2,N4HIDDENCONSPIRACY,N
7229,N_2,N4ISRAELHAND,N
7229,N_2,N5LOYALTY,N
7229,N_2,N6IDENTITYDENY,N
7229,N_2,N7COLLECTIVEGUILT,N
7229,N_2,N8VIOLENCE,N
7229,N_2,N9INCITEMENT,I
7229,N_2,N10SELFDETERMINATION,N
7229,N_2,N11JEWISHRIGHTSDEFINE,N
7229,N_2,N11SELFDETERMINATION,N
7229,N_2,N11JEWISHRIGHTS,N
7229,N_2,N12DOUBLESTANDARD,N
9508,N_2,N2CONSPIRACY,N
9508,N_2,N2CONTROLMEDIA,N
9508,N_2,N2CONTROLECONOMY,N
9508,N_2,N2CONTROLGOV,N
9508,N_2,N2CONTROLOTHER,N
9508,N_2,N3COLLECTIVEBLAME,N
9508,N_2,N4HIDDENCONSPIRACY,N
9508,N_2,N4ISRAELHAND,N
9508,N_2,N5LOYALTY,N
9508,N_2,N6IDENTITYDENY,N
9508,N_2,N7COLLECTIVEGUILT,N
9508,N_2,N8VIOLENCE,N
9508,N_2,N9INCITEMENT,N
9508,N_2,N10SELFDETERMINATION,N
9508,N_2,N11JEWISHRIGHTSDEFINE,N
9508,N_2,N11SELFDETERMINATION,N
9508,N_2,N11JEWISHRIGHTS,N
9508,N_2,N12DOUBLESTANDARD,N
22169,N_2,N2CONSPIRACY,N
22169,N_2,N2CONTROLMEDIA,N
22169,N_2,N2CONTROLECONOMY,N
22169,N_2,N2CONTROLGOV,N
22169,N_2,N2CONTROLOTHER,N
22169,N_2,N3COLLECTIVEBLAME,N
22169,N_2,N4HIDDENCONSPIRACY,N
22169,N_2,N4ISRAELHAND,N
22169,N_2,N5LOYALTY,N
22169,N_2,N6IDENTITYDENY,N
22169,N_2,N7COLLECTIVEGUILT,N
22169,N_2,N8VIOLENCE,N
22169,N_2,N9INCITEMENT,N
22169,N_2,N10SELFDETERMINATION,N
22169,N_2,N11JEWISHRIGHTSDEFINE,N
22169,N_2,N11SELFDETERMINATION,N
22169,N_2,N11JEWISHRIGHTS,N
22169,N_2,N12DOUBLESTANDARD,N
16610,N_2,N2CONSPIRACY,N
16610,N_2,N2CONTROLMEDIA,N
16610,N_2,N2CONTROLECONOMY,N
16610,N_2,N2CONTROLGOV,N
16610,N_2,N2CONTROLOTHER,N
16610,N_2,N3COLLECTIVEBLAME,N
16610,N_2,N4HIDDENCONSPIRACY,N
16610,N_2,N4ISRAELHAND,N
16610,N_2,N5LOYALTY,N
16610,N_2,N6IDENTITYDENY,N
16610,N_2,N7COLLECTIVEGUILT,N
16610,N_2,N8VIOLENCE,N
16610,N_2,N9INCITEMENT,N
16610,N_2,N10SELFDETERMINATION,N
16610,N_2,N11JEWISHRIGHTSDEFINE,N
16610,N_2,N11SELFDETERMINATION,N
16610,N_2,N11JEWISHRIGHTS,N
16610,N_2,N12DOUBLESTANDARD,N
37529,N_2,N2CONSPIRACY,N
37529,N_2,N2CONTROLMEDIA,N
37529,N_2,N2CONTROLECONOMY,N
37529,N_2,N2CONTROLGOV,N
37529,N_2,N2CONTROLOTHER,N
37529,N_2,N3COLLECTIVEBLAME,N
37529,N_2,N4HIDDENCONSPIRACY,N
37529,N_2,N4ISRAELHAND,N
37529,N_2,N5LOYALTY,N
37529,N_2,N6IDENTITYDENY,N
37529,N_2,N7COLLECTIVEGUILT,N
37529,N_2,N8VIOLENCE,N
37529,N_2,N9INCITEMENT,N
37529,N_2,N10SELFDETERMINATION,N
37529,N_2,N11JEWISHRIGHTSDEFINE,N
37529,N_2,N11SELFDETERMINATION,N
37529,N_2,N11JEWISHRIGHTS,N
37529,N_2,N12DOUBLESTANDARD,N
24348,N_2,N2CONSPIRACY,N
24348,N_2,N2CONTROLMEDIA,N
24348,N_2,N2CONTROLECONOMY,N
24348,N_2,N2CONTROLGOV,N
24348,N_2,N2CONTROLOTHER,N
24348,N_2,N3COLLECTIVEBLAME,N
24348,N_2,N4HIDDENCONSPIRACY,N
24348,N_2,N4ISRAELHAND,N
24348,N_2,N5LOYALTY,N
24348,N_2,N6IDENTITYDENY,N
24348,N_2,N7COLLECTIVEGUILT,N
24348,N_2,N8VIOLENCE,N
24348,N_2,N9INCITEMENT,N
24348,N_2,N10SELFDETERMINATION,N
24348,N_2,N11JEWISHRIGHTSDEFINE,N
24348,N_2,N11SELFDETERMINATION,N
24348,N_2,N11JEWISHRIGHTS,N
24348,N_2,N12DOUBLESTANDARD,N
44799,N_2,N2CONSPIRACY,N
44799,N_2,N2CONTROLMEDIA,N
44799,N_2,N2CONTROLECONOMY,N
44799,N_2,N2CONTROLGOV,N
44799,N_2,N2CONTROLOTHER,N
44799,N_2,N3COLLECTIVEBLAME,N
44799,N_2,N4HIDDENCONSPIRACY,N
44799,N_2,N4ISRAELHAND,N
44799,N_2,N5LOYALTY,N
44799,N_2,N6IDENTITYDENY,N
44799,N_2,N7COLLECTIVEGUILT,N
44799,N_2,N8VIOLENCE,N
44799,N_2,N9INCITEMENT,N
44799,N_2,N10SELFDETERMINATION,N
44799,N_2,N11JEWISHRIGHTSDEFINE,N
44799,N_2,N11SELFDETERMINATION,N
44799,N_2,N11JEWISHRIGHTS,N
44799,N_2,N12DOUBLESTANDARD,N
14831,N_2,N2CONSPIRACY,N
14831,N_2,N2CONTROLMEDIA,N
14831,N_2,N2CONTROLECONOMY,N
14831,N_2,N2CONTROLGOV,N
14831,N_2,N2CONTROLOTHER,N
14831,N_2,N3COLLECTIVEBLAME,N
14831,N_2,N4HIDDENCONSPIRACY,N
14831,N_2,N4ISRAELHAND,N
14831,N_2,N5LOYALTY,N
14831,N_2,N6IDENTITYDENY,N
14831,N_2,N7COLLECTIVEGUILT,N
14831,N_2,N8VIOLENCE,N
14831,N_2,N9INCITEMENT,N
14831,N_2,N10SELFDETERMINATION,N
14831,N_2,N11JEWISHRIGHTSDEFINE,N
14831,N_2,N11SELFDETERMINATION,N
14831,N_2,N11JEWISHRIGHTS,N
14831,N_2,N12DOUBLESTANDARD,N
4086,N_2,N2CONSPIRACY,N
4086,N_2,N2CONTROLMEDIA,N
4086,N_2,N2CONTROLECONOMY,N
4086,N_2,N2CONTROLGOV,N
4086,N_2,N2CONTROLOTHER,N
4086,N_2,N3COLLECTIVEBLAME,N
4086,N_2,N4HIDDENCONSPIRACY,N
4086,N_2,N4ISRAELHAND,N
4086,N_2,N5LOYALTY,N
4086,N_2,N6IDENTITYDENY,N
4086,N_2,N7COLLECTIVEGUILT,N
4086,N_2,N8VIOLENCE,N
4086,N_2,N9INCITEMENT,N
4086,N_2,N10SELFDETERMINATION,N
4086,N_2,N11JEWISHRIGHTSDEFINE,N
4086,N_2,N11SELFDETERMINATION,N
4086,N_2,N11JEWISHRIGHTS,N
4086,N_2,N12DOUBLESTANDARD,N
37556,N_2,N2CONSPIRACY,N
37556,N_2,N2CONTROLMEDIA,N
37556,N_2,N2CONTROLECONOMY,N
37556,N_2,N2CONTROLGOV,N
37556,N_2,N2CONTROLOTHER,N
37556,N_2,N3COLLECTIVEBLAME,N
37556,N_2,N4HIDDENCONSPIRACY,N
37556,N_2,N4ISRAELHAND,N
37556,N_2,N5LOYALTY,N
37556,N_2,N6IDENTITYDENY,N
37556,N_2,N7COLLECTIVEGUILT,N
37556,N_2,N8VIOLENCE,N
37556,N_2,N9INCITEMENT,N
37556,N_2,N10SELFDETERMINATION,N
37556,N_2,N11JEWISHRIGHTSDEFINE,N
37556,N_2,N11SELFDETERMINATION,N
37556,N_2,N11JEWISHRIGHTS,N
37556,N_2,N12DOUBLESTANDARD,N
43059,N_2,N2CONSPIRACY,N
43059,N_2,N2CONTROLMEDIA,N
43059,N_2,N2CONTROLECONOMY,N
43059,N_2,N2CONTROLGOV,N
43059,N_2,N2CONTROLOTHER,N
43059,N_2,N3COLLECTIVEBLAME,N
43059,N_2,N4HIDDENCONSPIRACY,N
43059,N_2,N4ISRAELHAND,N
43059,N_2,N5LOYALTY,N
43059,N_2,N6IDENTITYDENY,N
43059,N_2,N7COLLECTIVEGUILT,N
43059,N_2,N8VIOLENCE,N
43059,N_2,N9INCITEMENT,N
43059,N_2,N10SELFDETERMINATION,N
43059,N_2,N11JEWISHRIGHTSDEFINE,N
43059,N_2,N11SELFDETERMINATION,N
43059,N_2,N11JEWISHRIGHTS,N
43059,N_2,N12DOUBLESTANDARD,N
23182,N_2,N2CONSPIRACY,N
23182,N_2,N2CONTROLMEDIA,N
23182,N_2,N2CONTROLECONOMY,N
23182,N_2,N2CONTROLGOV,N
23182,N_2,N2CONTROLOTHER,N
23182,N_2,N3COLLECTIVEBLAME,N
23182,N_2,N4HIDDENCONSPIRACY,N
23182,N_2,N4ISRAELHAND,N
23182,N_2,N5LOYALTY,N
23182,N_2,N6IDENTITYDENY,N
23182,N_2,N7COLLECTIVEGUILT,N
23182,N_2,N8VIOLENCE,N
23182,N_2,N9INCITEMENT,N
23182,N_2,N10SELFDETERMINATION,N
23182,N_2,N11JEWISHRIGHTSDEFINE,N
23182,N_2,N11SELFDETERMINATION,N
23182,N_2,N11JEWISHRIGHTS,N
23182,N_2,N12DOUBLESTANDARD,N
3464,N_2,N2CONSPIRACY,N
3464,N_2,N2CONTROLMEDIA,N
3464,N_2,N2CONTROLECONOMY,N
3464,N_2,N2CONTROLGOV,N
3464,N_2,N2CONTROLOTHER,N
3464,N_2,N3COLLECTIVEBLAME,N
3464,N_2,N4HIDDENCONSPIRACY,N
3464,N_2,N4ISRAELHAND,N
3464,N_2,N5LOYALTY,N
3464,N_2,N6IDENTITYDENY,N
3464,N_2,N7COLLECTIVEGUILT,N
3464,N_2,N8VIOLENCE,N
3464,N_2,N9INCITEMENT,N
3464,N_2,N10SELFDETERMINATION,N
3464,N_2,N11JEWISHRIGHTSDEFINE,N
3464,N_2,N11SELFDETERMINATION,N
3464,N_2,N11JEWISHRIGHTS,N
3464,N_2,N12DOUBLESTANDARD,N
29666,N_2,N2CONSPIRACY,N
29666,N_2,N2CONTROLMEDIA,N
29666,N_2,N2CONTROLECONOMY,N
29666,N_2,N2CONTROLGOV,N
29666,N_2,N2CONTROLOTHER,N
29666,N_2,N3COLLECTIVEBLAME,N
29666,N_2,N4HIDDENCONSPIRACY,N
29666,N_2,N4ISRAELHAND,N
29666,N_2,N5LOYALTY,N
29666,N_2,N6IDENTITYDENY,N
29666,N_2,N7COLLECTIVEGUILT,N
29666,N_2,N8VIOLENCE,N
29666,N_2,N9INCITEMENT,N
29666,N_2,N10SELFDETERMINATION,N
29666,N_2,N11JEWISHRIGHTSDEFINE,N
29666,N_2,N11SELFDETERMINATION,N
29666,N_2,N11JEWISHRIGHTS,N
29666,N_2,N12DOUBLESTANDARD,N
4393,N_2,N2CONSPIRACY,N
4393,N_2,N2CONTROLMEDIA,N
4393,N_2,N2CONTROLECONOMY,N
4393,N_2,N2CONTROLGOV,N
4393,N_2,N2CONTROLOTHER,N
4393,N_2,N3COLLECTIVEBLAME,N
4393,N_2,N4HIDDENCONSPIRACY,N
4393,N_2,N4ISRAELHAND,N
4393,N_2,N5LOYALTY,N
4393,N_2,N6IDENTITYDENY,N
4393,N_2,N7COLLECTIVEGUILT,N
4393,N_2,N8VIOLENCE,N
4393,N_2,N9INCITEMENT,N
4393,N_2,N10SELFDETERMINATION,N
4393,N_2,N11JEWISHRIGHTSDEFINE,N
4393,N_2,N11SELFDETERMINATION,N
4393,N_2,N11JEWISHRIGHTS,N
4393,N_2,N12DOUBLESTANDARD,N
40226,N_2,N2CONSPIRACY,N
40226,N_2,N2CONTROLMEDIA,N
40226,N_2,N2CONTROLECONOMY,N
40226,N_2,N2CONTROLGOV,N
40226,N_2,N2CONTROLOTHER,N
40226,N_2,N3COLLECTIVEBLAME,N
40226,N_2,N4HIDDENCONSPIRACY,N
40226,N_2,N4ISRAELHAND,N
40226,N_2,N5LOYALTY,N
40226,N_2,N6IDENTITYDENY,N
40226,N_2,N7COLLECTIVEGUILT,N
40226,N_2,N8VIOLENCE,N
40226,N_2,N9INCITEMENT,N
40226,N_2,N10SELFDETERMINATION,N
40226,N_2,N11JEWISHRIGHTSDEFINE,N
40226,N_2,N11SELFDETERMINATION,N
40226,N_2,N11JEWISHRIGHTS,N
40226,N_2,N12DOUBLESTANDARD,N
47660,N_2,N2CONSPIRACY,N
47660,N_2,N2CONTROLMEDIA,N
47660,N_2,N2CONTROLECONOMY,N
47660,N_2,N2CONTROLGOV,N
47660,N_2,N2CONTROLOTHER,N
47660,N_2,N3COLLECTIVEBLAME,N
47660,N_2,N4HIDDENCONSPIRACY,N
47660,N_2,N4ISRAELHAND,N
47660,N_2,N5LOYALTY,N
47660,N_2,N6IDENTITYDENY,N
47660,N_2,N7COLLECTIVEGUILT,N
47660,N_2,N8VIOLENCE,N
47660,N_2,N9INCITEMENT,N
47660,N_2,N10SELFDETERMINATION,N
47660,N_2,N11JEWISHRIGHTSDEFINE,N
47660,N_2,N11SELFDETERMINATION,N
47660,N_2,N11JEWISHRIGHTS,N
47660,N_2,N12DOUBLESTANDARD,N
13572,N_2,N2CONSPIRACY,N
13572,N_2,N2CONTROLMEDIA,N
13572,N_2,N2CONTROLECONOMY,N
13572,N_2,N2CONTROLGOV,N
13572,N_2,N2CONTROLOTHER,N
13572,N_2,N3COLLECTIVEBLAME,N
13572,N_2,N4HIDDENCONSPIRACY,N
13572,N_2,N4ISRAELHAND,N
13572,N_2,N5LOYALTY,N
13572,N_2,N6IDENTITYDENY,N
13572,N_2,N7COLLECTIVEGUILT,N
13572,N_2,N8VIOLENCE,N
13572,N_2,N9INCITEMENT,N
13572,N_2,N10SELFDETERMINATION,N
13572,N_2,N11JEWISHRIGHTSDEFINE,N
13572,N_2,N11SELFDETERMINATION,N
13572,N_2,N11JEWISHRIGHTS,N
13572,N_2,N12DOUBLESTANDARD,N
9230,N_2,N2CONSPIRACY,N
9230,N_2,N2CONTROLMEDIA,N
9230,N_2,N2CONTROLECONOMY,N
9230,N_2,N2CONTROLGOV,N
9230,N_2,N2CONTROLOTHER,N
9230,N_2,N3COLLECTIVEBLAME,N
9230,N_2,N4HIDDENCONSPIRACY,N
9230,N_2,N4ISRAELHAND,N
9230,N_2,N5LOYALTY,N
9230,N_2,N6IDENTITYDENY,N
9230,N_2,N7COLLECTIVEGUILT,N
9230,N_2,N8VIOLENCE,N
9230,N_2,N9INCITEMENT,N
9230,N_2,N10SELFDETERMINATION,N
9230,N_2,N11JEWISHRIGHTSDEFINE,N
9230,N_2,N11SELFDETERMINATION,N
9230,N_2,N11JEWISHRIGHTS,N
9230,N_2,N12DOUBLESTANDARD,N
20708,N_2,N2CONSPIRACY,N
20708,N_2,N2CONTROLMEDIA,N
20708,N_2,N2CONTROLECONOMY,N
20708,N_2,N2CONTROLGOV,N
20708,N_2,N2CONTROLOTHER,N
20708,N_2,N3COLLECTIVEBLAME,N
20708,N_2,N4HIDDENCONSPIRACY,N
20708,N_2,N4ISRAELHAND,N
20708,N_2,N5LOYALTY,N
20708,N_2,N6IDENTITYDENY,N
20708,N_2,N7COLLECTIVEGUILT,N
20708,N_2,N8VIOLENCE,N
20708,N_2,N9INCITEMENT,N
20708,N_2,N10SELFDETERMINATION,N
20708,N_2,N11JEWISHRIGHTSDEFINE,N
20708,N_2,N11SELFDETERMINATION,N
20708,N_2,N11JEWISHRIGHTS,N
20708,N_2,N12DOUBLESTANDARD,N
5154,N_2,N2CONSPIRACY,N
5154,N_2,N2CONTROLMEDIA,N
5154,N_2,N2CONTROLECONOMY,N
5154,N_2,N2CONTROLGOV,N
5154,N_2,N2CONTROLOTHER,N
5154,N_2,N3COLLECTIVEBLAME,N
5154,N_2,N4HIDDENCONSPIRACY,N
5154,N_2,N4ISRAELHAND,N
5154,N_2,N5LOYALTY,N
5154,N_2,N6IDENTITYDENY,N
5154,N_2,N7COLLECTIVEGUILT,N
5154,N_2,N8VIOLENCE,N
5154,N_2,N9INCITEMENT,N
5154,N_2,N10SELFDETERMINATION,N
5154,N_2,N11JEWISHRIGHTSDEFINE,N
5154,N_2,N11SELFDETERMINATION,N
5154,N_2,N11JEWISHRIGHTS,N
5154,N_2,N12DOUBLESTANDARD,N
23689,N_2,N2CONSPIRACY,N
23689,N_2,N2CONTROLMEDIA,N
23689,N_2,N2CONTROLECONOMY,N
23689,N_2,N2CONTROLGOV,N
23689,N_2,N2CONTROLOTHER,N
23689,N_2,N3COLLECTIVEBLAME,N
23689,N_2,N4HIDDENCONSPIRACY,N
23689,N_2,N4ISRAELHAND,N
23689,N_2,N5LOYALTY,N
23689,N_2,N6IDENTITYDENY,N
23689,N_2,N7COLLECTIVEGUILT,N
23689,N_2,N8VIOLENCE,N
23689,N_2,N9INCITEMENT,N
23689,N_2,N10SELFDETERMINATION,N
23689,N_2,N11JEWISHRIGHTSDEFINE,N
23689,N_2,N11SELFDETERMINATION,N
23689,N_2,N11JEWISHRIGHTS,N
23689,N_2,N12DOUBLESTANDARD,N
19557,N_2,N2CONSPIRACY,N
19557,N_2,N2CONTROLMEDIA,N
19557,N_2,N2CONTROLECONOMY,N
19557,N_2,N2CONTROLGOV,N
19557,N_2,N2CONTROLOTHER,N
19557,N_2,N3COLLECTIVEBLAME,N
19557,N_2,N4HIDDENCONSPIRACY,N
19557,N_2,N4ISRAELHAND,N
19557,N_2,N5LOYALTY,N
19557,N_2,N6IDENTITYDENY,N
19557,N_2,N7COLLECTIVEGUILT,N
19557,N_2,N8VIOLENCE,A
19557,N_2,N9INCITEMENT,A
19557,N_2,N10SELFDETERMINATION,N
19557,N_2,N11JEWISHRIGHTSDEFINE,N
19557,N_2,N11SELFDETERMINATION,N
19557,N_2,N11JEWISHRIGHTS,N
19557,N_2,N12DOUBLESTANDARD,N
8897,N_2,N2CONSPIRACY,N
8897,N_2,N2CONTROLMEDIA,N
8897,N_2,N2CONTROLECONOMY,N
8897,N_2,N2CONTROLGOV,N
8897,N_2,N2CONTROLOTHER,N
8897,N_2,N3COLLECTIVEBLAME,N
8897,N_2,N4HIDDENCONSPIRACY,N
8897,N_2,N4ISRAELHAND,N
8897,N_2,N5LOYALTY,N
8897,N_2,N6IDENTITYDENY,N
8897,N_2,N7COLLECTIVEGUILT,N
8897,N_2,N8VIOLENCE,N
8897,N_2,N9INCITEMENT,N
8897,N_2,N10SELFDETERMINATION,N
8897,N_2,N11JEWISHRIGHTSDEFINE,N
8897,N_2,N11SELFDETERMINATION,N
8897,N_2,N11JEWISHRIGHTS,N
8897,N_2,N12DOUBLESTANDARD,N
17484,N_2,N2CONSPIRACY,I
17484,N_2,N2CONTROLMEDIA,N
17484,N_2,N2CONTROLECONOMY,N
17484,N_2,N2CONTROLGOV,I
17484,N_2,N2CONTROLOTHER,I
17484,N_2,N3COLLECTIVEBLAME,N
17484,N_2,N4HIDDENCONSPIRACY,I
17484,N_2,N4ISRAELHAND,N
17484,N_2,N5LOYALTY,N
17484,N_2,N6IDENTITYDENY,N
17484,N_2,N7COLLECTIVEGUILT,N
17484,N_2,N8VIOLENCE,I
17484,N_2,N9INCITEMENT,E
17484,N_2,N10SELFDETERMINATION,N
17484,N_2,N11JEWISHRIGHTSDEFINE,N
17484,N_2,N11SELFDETERMINATION,N
17484,N_2,N11JEWISHRIGHTS,N
17484,N_2,N12DOUBLESTANDARD,N
44266,N_2,N2CONSPIRACY,A
44266,N_2,N2CONTROLMEDIA,N
44266,N_2,N2CONTROLECONOMY,N
44266,N_2,N2CONTROLGOV,A
44266,N_2,N2CONTROLOTHER,N
44266,N_2,N3COLLECTIVEBLAME,N
44266,N_2,N4HIDDENCONSPIRACY,N
44266,N_2,N4ISRAELHAND,I
44266,N_2,N5LOYALTY,N
44266,N_2,N6IDENTITYDENY,N
44266,N_2,N7COLLECTIVEGUILT,N
44266,N_2,N8VIOLENCE,N
44266,N_2,N9INCITEMENT,N
44266,N_2,N10SELFDETERMINATION,N
44266,N_2,N11JEWISHRIGHTSDEFINE,N
44266,N_2,N11SELFDETERMINATION,N
44266,N_2,N11JEWISHRIGHTS,N
44266,N_2,N12DOUBLESTANDARD,N
37355,N_2,N2CONSPIRACY,N
37355,N_2,N2CONTROLMEDIA,N
37355,N_2,N2CONTROLECONOMY,N
37355,N_2,N2CONTROLGOV,N
37355,N_2,N2CONTROLOTHER,N
37355,N_2,N3COLLECTIVEBLAME,N
37355,N_2,N4HIDDENCONSPIRACY,N
37355,N_2,N4ISRAELHAND,N
37355,N_2,N5LOYALTY,N
37355,N_2,N6IDENTITYDENY,N
37355,N_2,N7COLLECTIVEGUILT,N
37355,N_2,N8VIOLENCE,N
37355,N_2,N9INCITEMENT,N
37355,N_2,N10SELFDETERMINATION,N
37355,N_2,N11JEWISHRIGHTSDEFINE,N
37355,N_2,N11SELFDETERMINATION,N
37355,N_2,N11JEWISHRIGHTS,N
37355,N_2,N12DOUBLESTANDARD,N
49051,N_2,N2CONSPIRACY,I
49051,N_2,N2CONTROLMEDIA,N
49051,N_2,N2CONTROLECONOMY,I
49051,N_2,N2CONTROLGOV,N
49051,N_2,N2CONTROLOTHER,N
49051,N_2,N3COLLECTIVEBLAME,N
49051,N_2,N4HIDDENCONSPIRACY,N
49051,N_2,N4ISRAELHAND,N
49051,N_2,N5LOYALTY,I
49051,N_2,N6IDENTITYDENY,N
49051,N_2,N7COLLECTIVEGUILT,N
49051,N_2,N8VIOLENCE,N
49051,N_2,N9INCITEMENT,N
49051,N_2,N10SELFDETERMINATION,N
49051,N_2,N11JEWISHRIGHTSDEFINE,N
49051,N_2,N11SELFDETERMINATION,N
49051,N_2,N11JEWISHRIGHTS,N
49051,N_2,N12DOUBLESTANDARD,N
47069,N_2,N2CONSPIRACY,N
47069,N_2,N2CONTROLMEDIA,N
47069,N_2,N2CONTROLECONOMY,N
47069,N_2,N2CONTROLGOV,N
47069,N_2,N2CONTROLOTHER,N
47069,N_2,N3COLLECTIVEBLAME,N
47069,N_2,N4HIDDENCONSPIRACY,N
47069,N_2,N4ISRAELHAND,N
47069,N_2,N5LOYALTY,N
47069,N_2,N6IDENTITYDENY,I
47069,N_2,N7COLLECTIVEGUILT,N
47069,N_2,N8VIOLENCE,N
47069,N_2,N9INCITEMENT,N
47069,N_2,N10SELFDETERMINATION,N
47069,N_2,N11JEWISHRIGHTSDEFINE,N
47069,N_2,N11SELFDETERMINATION,N
47069,N_2,N11JEWISHRIGHTS,N
47069,N_2,N12DOUBLESTANDARD,N
6951,N_2,N2CONSPIRACY,N
6951,N_2,N2CONTROLMEDIA,N
6951,N_2,N2CONTROLECONOMY,N
6951,N_2,N2CONTROLGOV,N
6951,N_2,N2CONTROLOTHER,N
6951,N_2,N3COLLECTIVEBLAME,N
6951,N_2,N4HIDDENCONSPIRACY,N
6951,N_2,N4ISRAELHAND,N
6951,N_2,N5LOYALTY,N
6951,N_2,N6IDENTITYDENY,N
6951,N_2,N7COLLECTIVEGUILT,N
6951,N_2,N8VIOLENCE,N
6951,N_2,N9INCITEMENT,N
6951,N_2,N10SELFDETERMINATION,N
6951,N_2,N11JEWISHRIGHTSDEFINE,N
6951,N_2,N11SELFDETERMINATION,N
6951,N_2,N11JEWISHRIGHTS,N
6951,N_2,N12DOUBLESTANDARD,N
30986,N_2,N2CONSPIRACY,N
30986,N_2,N2CONTROLMEDIA,N
30986,N_2,N2CONTROLECONOMY,N
30986,N_2,N2CONTROLGOV,N
30986,N_2,N2CONTROLOTHER,N
30986,N_2,N3COLLECTIVEBLAME,N
30986,N_2,N4HIDDENCONSPIRACY,N
30986,N_2,N4ISRAELHAND,N
30986,N_2,N5LOYALTY,N
30986,N_2,N6IDENTITYDENY,N
30986,N_2,N7COLLECTIVEGUILT,N
30986,N_2,N8VIOLENCE,N
30986,N_2,N9INCITEMENT,N
30986,N_2,N10SELFDETERMINATION,N
30986,N_2,N11JEWISHRIGHTSDEFINE,N
30986,N_2,N11SELFDETERMINATION,N
30986,N_2,N11JEWISHRIGHTS,N
30986,N_2,N12DOUBLESTANDARD,N
44859,N_2,N2CONSPIRACY,N
44859,N_2,N2CONTROLMEDIA,N
44859,N_2,N2CONTROLECONOMY,N
44859,N_2,N2CONTROLGOV,N
44859,N_2,N2CONTROLOTHER,N
44859,N_2,N3COLLECTIVEBLAME,N
44859,N_2,N4HIDDENCONSPIRACY,N
44859,N_2,N4ISRAELHAND,N
44859,N_2,N5LOYALTY,N
44859,N_2,N6IDENTITYDENY,N
44859,N_2,N7COLLECTIVEGUILT,N
44859,N_2,N8VIOLENCE,N
44859,N_2,N9INCITEMENT,I
44859,N_2,N10SELFDETERMINATION,N
44859,N_2,N11JEWISHRIGHTSDEFINE,N
44859,N_2,N11SELFDETERMINATION,N
44859,N_2,N11JEWISHRIGHTS,N
44859,N_2,N12DOUBLESTANDARD,N
12847,N_2,N2CONSPIRACY,N
12847,N_2,N2CONTROLMEDIA,N
12847,N_2,N2CONTROLECONOMY,N
12847,N_2,N2CONTROLGOV,N
12847,N_2,N2CONTROLOTHER,N
12847,N_2,N3COLLECTIVEBLAME,N
12847,N_2,N4HIDDENCONSPIRACY,N
12847,N_2,N4ISRAELHAND,N
12847,N_2,N5LOYALTY,N
12847,N_2,N6IDENTITYDENY,N
12847,N_2,N7COLLECTIVEGUILT,N
12847,N_2,N8VIOLENCE,N
12847,N_2,N9INCITEMENT,N
12847,N_2,N10SELFDETERMINATION,N
12847,N_2,N11JEWISHRIGHTSDEFINE,N
12847,N_2,N11SELFDETERMINATION,N
12847,N_2,N11JEWISHRIGHTS,N
12847,N_2,N12DOUBLESTANDARD,N
5823,N_2,N2CONSPIRACY,N
5823,N_2,N2CONTROLMEDIA,N
5823,N_2,N2CONTROLECONOMY,N
5823,N_2,N2CONTROLGOV,N
5823,N_2,N2CONTROLOTHER,N
5823,N_2,N3COLLECTIVEBLAME,N
5823,N_2,N4HIDDENCONSPIRACY,N
5823,N_2,N4ISRAELHAND,N
5823,N_2,N5LOYALTY,N
5823,N_2,N6IDENTITYDENY,N
5823,N_2,N7COLLECTIVEGUILT,N
5823,N_2,N8VIOLENCE,N
5823,N_2,N9INCITEMENT,N
5823,N_2,N10SELFDETERMINATION,N
5823,N_2,N11JEWISHRIGHTSDEFINE,N
5823,N_2,N11SELFDETERMINATION,N
5823,N_2,N11JEWISHRIGHTS,N
5823,N_2,N12DOUBLESTANDARD,N
20058,N_2,N2CONSPIRACY,N
20058,N_2,N2CONTROLMEDIA,N
20058,N_2,N2CONTROLECONOMY,N
20058,N_2,N2CONTROLGOV,N
20058,N_2,N2CONTROLOTHER,N
20058,N_2,N3COLLECTIVEBLAME,N
20058,N_2,N4HIDDENCONSPIRACY,N
20058,N_2,N4ISRAELHAND,N
20058,N_2,N5LOYALTY,N
20058,N_2,N6IDENTITYDENY,N
20058,N_2,N7COLLECTIVEGUILT,N
20058,N_2,N8VIOLENCE,N
20058,N_2,N9INCITEMENT,N
20058,N_2,N10SELFDETERMINATION,N
20058,N_2,N11JEWISHRIGHTSDEFINE,N
20058,N_2,N11SELFDETERMINATION,N
20058,N_2,N11JEWISHRIGHTS,N
20058,N_2,N12DOUBLESTANDARD,N
2061,N_2,N2CONSPIRACY,N
2061,N_2,N2CONTROLMEDIA,N
2061,N_2,N2CONTROLECONOMY,N
2061,N_2,N2CONTROLGOV,N
2061,N_2,N2CONTROLOTHER,N
2061,N_2,N3COLLECTIVEBLAME,N
2061,N_2,N4HIDDENCONSPIRACY,N
2061,N_2,N4ISRAELHAND,N
2061,N_2,N5LOYALTY,N
2061,N_2,N6IDENTITYDENY,N
2061,N_2,N7COLLECTIVEGUILT,N
2061,N_2,N8VIOLENCE,N
2061,N_2,N9INCITEMENT,N
2061,N_2,N10SELFDETERMINATION,N
2061,N_2,N11JEWISHRIGHTSDEFINE,N
2061,N_2,N11SELFDETERMINATION,N
2061,N_2,N11JEWISHRIGHTS,N
2061,N_2,N12DOUBLESTANDARD,N
6358,N_2,N2CONSPIRACY,I
6358,N_2,N2CONTROLMEDIA,N
6358,N_2,N2CONTROLECONOMY,N
6358,N_2,N2CONTROLGOV,N
6358,N_2,N2CONTROLOTHER,I
6358,N_2,N3COLLECTIVEBLAME,N
6358,N_2,N4HIDDENCONSPIRACY,N
6358,N_2,N4ISRAELHAND,N
6358,N_2,N5LOYALTY,N
6358,N_2,N6IDENTITYDENY,N
6358,N_2,N7COLLECTIVEGUILT,N
6358,N_2,N8VIOLENCE,N
6358,N_2,N9INCITEMENT,N
6358,N_2,N10SELFDETERMINATION,N
6358,N_2,N11JEWISHRIGHTSDEFINE,N
6358,N_2,N11SELFDETERMINATION,N
6358,N_2,N11JEWISHRIGHTS,N
6358,N_2,N12DOUBLESTANDARD,N
40750,N_2,N2CONSPIRACY,N
40750,N_2,N2CONTROLMEDIA,N
40750,N_2,N2CONTROLECONOMY,N
40750,N_2,N2CONTROLGOV,N
40750,N_2,N2CONTROLOTHER,N
40750,N_2,N3COLLECTIVEBLAME,N
40750,N_2,N4HIDDENCONSPIRACY,N
40750,N_2,N4ISRAELHAND,N
40750,N_2,N5LOYALTY,N
40750,N_2,N6IDENTITYDENY,N
40750,N_2,N7COLLECTIVEGUILT,N
40750,N_2,N8VIOLENCE,N
40750,N_2,N9INCITEMENT,N
40750,N_2,N10SELFDETERMINATION,N
40750,N_2,N11JEWISHRIGHTSDEFINE,N
40750,N_2,N11SELFDETERMINATION,N
40750,N_2,N11JEWISHRIGHTS,N
40750,N_2,N12DOUBLESTANDARD,N
18966,N_2,N2CONSPIRACY,N
18966,N_2,N2CONTROLMEDIA,N
18966,N_2,N2CONTROLECONOMY,N
18966,N_2,N2CONTROLGOV,N
18966,N_2,N2CONTROLOTHER,N
18966,N_2,N3COLLECTIVEBLAME,N
18966,N_2,N4HIDDENCONSPIRACY,N
18966,N_2,N4ISRAELHAND,N
18966,N_2,N5LOYALTY,N
18966,N_2,N6IDENTITYDENY,N
18966,N_2,N7COLLECTIVEGUILT,N
18966,N_2,N8VIOLENCE,N
18966,N_2,N9INCITEMENT,N
18966,N_2,N10SELFDETERMINATION,N
18966,N_2,N11JEWISHRIGHTSDEFINE,N
18966,N_2,N11SELFDETERMINATION,N
18966,N_2,N11JEWISHRIGHTS,N
18966,N_2,N12DOUBLESTANDARD,N
28037,N_2,N2CONSPIRACY,N
28037,N_2,N2CONTROLMEDIA,N
28037,N_2,N2CONTROLECONOMY,N
28037,N_2,N2CONTROLGOV,N
28037,N_2,N2CONTROLOTHER,N
28037,N_2,N3COLLECTIVEBLAME,N
28037,N_2,N4HIDDENCONSPIRACY,N
28037,N_2,N4ISRAELHAND,N
28037,N_2,N5LOYALTY,N
28037,N_2,N6IDENTITYDENY,N
28037,N_2,N7COLLECTIVEGUILT,N
28037,N_2,N8VIOLENCE,N
28037,N_2,N9INCITEMENT,N
28037,N_2,N10SELFDETERMINATION,N
28037,N_2,N11JEWISHRIGHTSDEFINE,N
28037,N_2,N11SELFDETERMINATION,N
28037,N_2,N11JEWISHRIGHTS,N
28037,N_2,N12DOUBLESTANDARD,N
31580,N_2,N2CONSPIRACY,N
31580,N_2,N2CONTROLMEDIA,N
31580,N_2,N2CONTROLECONOMY,N
31580,N_2,N2CONTROLGOV,N
31580,N_2,N2CONTROLOTHER,N
31580,N_2,N3COLLECTIVEBLAME,N
31580,N_2,N4HIDDENCONSPIRACY,N
31580,N_2,N4ISRAELHAND,N
31580,N_2,N5LOYALTY,N
31580,N_2,N6IDENTITYDENY,N
31580,N_2,N7COLLECTIVEGUILT,N
31580,N_2,N8VIOLENCE,N
31580,N_2,N9INCITEMENT,N
31580,N_2,N10SELFDETERMINATION,N
31580,N_2,N11JEWISHRIGHTSDEFINE,N
31580,N_2,N11SELFDETERMINATION,N
31580,N_2,N11JEWISHRIGHTS,N
31580,N_2,N12DOUBLESTANDARD,N
19246,N_2,N2CONSPIRACY,N
19246,N_2,N2CONTROLMEDIA,N
19246,N_2,N2CONTROLECONOMY,N
19246,N_2,N2CONTROLGOV,N
19246,N_2,N2CONTROLOTHER,N
19246,N_2,N3COLLECTIVEBLAME,N
19246,N_2,N4HIDDENCONSPIRACY,N
19246,N_2,N4ISRAELHAND,N
19246,N_2,N5LOYALTY,N
19246,N_2,N6IDENTITYDENY,N
19246,N_2,N7COLLECTIVEGUILT,N
19246,N_2,N8VIOLENCE,N
19246,N_2,N9INCITEMENT,N
19246,N_2,N10SELFDETERMINATION,N
19246,N_2,N11JEWISHRIGHTSDEFINE,N
19246,N_2,N11SELFDETERMINATION,N
19246,N_2,N11JEWISHRIGHTS,N
19246,N_2,N12DOUBLESTANDARD,N
17821,N_2,N2CONSPIRACY,N
17821,N_2,N2CONTROLMEDIA,N
17821,N_2,N2CONTROLECONOMY,N
17821,N_2,N2CONTROLGOV,N
17821,N_2,N2CONTROLOTHER,N
17821,N_2,N3COLLECTIVEBLAME,N
17821,N_2,N4HIDDENCONSPIRACY,N
17821,N_2,N4ISRAELHAND,N
17821,N_2,N5LOYALTY,N
17821,N_2,N6IDENTITYDENY,N
17821,N_2,N7COLLECTIVEGUILT,N
17821,N_2,N8VIOLENCE,N
17821,N_2,N9INCITEMENT,N
17821,N_2,N10SELFDETERMINATION,N
17821,N_2,N11JEWISHRIGHTSDEFINE,N
17821,N_2,N11SELFDETERMINATION,N
17821,N_2,N11JEWISHRIGHTS,N
17821,N_2,N12DOUBLESTANDARD,N
382,N_2,N2CONSPIRACY,N
382,N_2,N2CONTROLMEDIA,N
382,N_2,N2CONTROLECONOMY,N
382,N_2,N2CONTROLGOV,N
382,N_2,N2CONTROLOTHER,N
382,N_2,N3COLLECTIVEBLAME,N
382,N_2,N4HIDDENCONSPIRACY,N
382,N_2,N4ISRAELHAND,N
382,N_2,N5LOYALTY,N
382,N_2,N6IDENTITYDENY,N
382,N_2,N7COLLECTIVEGUILT,N
382,N_2,N8VIOLENCE,N
382,N_2,N9INCITEMENT,N
382,N_2,N10SELFDETERMINATION,N
382,N_2,N11JEWISHRIGHTSDEFINE,N
382,N_2,N11SELFDETERMINATION,N
382,N_2,N11JEWISHRIGHTS,N
382,N_2,N12DOUBLESTANDARD,N
40500,N_2,N2CONSPIRACY,N
40500,N_2,N2CONTROLMEDIA,N
40500,N_2,N2CONTROLECONOMY,N
40500,N_2,N2CONTROLGOV,N
40500,N_2,N2CONTROLOTHER,N
40500,N_2,N3COLLECTIVEBLAME,N
40500,N_2,N4HIDDENCONSPIRACY,N
40500,N_2,N4ISRAELHAND,N
40500,N_2,N5LOYALTY,N
40500,N_2,N6IDENTITYDENY,N
40500,N_2,N7COLLECTIVEGUILT,N
40500,N_2,N8VIOLENCE,N
40500,N_2,N9INCITEMENT,N
40500,N_2,N10SELFDETERMINATION,N
40500,N_2,N11JEWISHRIGHTSDEFINE,N
40500,N_2,N11SELFDETERMINATION,N
40500,N_2,N11JEWISHRIGHTS,N
40500,N_2,N12DOUBLESTANDARD,N
47767,N_2,N2CONSPIRACY,N
47767,N_2,N2CONTROLMEDIA,N
47767,N_2,N2CONTROLECONOMY,N
47767,N_2,N2CONTROLGOV,N
47767,N_2,N2CONTROLOTHER,N
47767,N_2,N3COLLECTIVEBLAME,N
47767,N_2,N4HIDDENCONSPIRACY,N
47767,N_2,N4ISRAELHAND,N
47767,N_2,N5LOYALTY,N
47767,N_2,N6IDENTITYDENY,N
47767,N_2,N7COLLECTIVEGUILT,N
47767,N_2,N8VIOLENCE,N
47767,N_2,N9INCITEMENT,N
47767,N_2,N10SELFDETERMINATION,N
47767,N_2,N11JEWISHRIGHTSDEFINE,N
47767,N_2,N11SELFDETERMINATION,N
47767,N_2,N11JEWISHRIGHTS,N
47767,N_2,N12DOUBLESTANDARD,N
41103,N_2,N2CONSPIRACY,N
41103,N_2,N2CONTROLMEDIA,N
41103,N_2,N2CONTROLECONOMY,N
41103,N_2,N2CONTROLGOV,N
41103,N_2,N2CONTROLOTHER,N
41103,N_2,N3COLLECTIVEBLAME,N
41103,N_2,N4HIDDENCONSPIRACY,N
41103,N_2,N4ISRAELHAND,N
41103,N_2,N5LOYALTY,N
41103,N_2,N6IDENTITYDENY,N
41103,N_2,N7COLLECTIVEGUILT,N
41103,N_2,N8VIOLENCE,N
41103,N_2,N9INCITEMENT,N
41103,N_2,N10SELFDETERMINATION,N
41103,N_2,N11JEWISHRIGHTSDEFINE,N
41103,N_2,N11SELFDETERMINATION,N
41103,N_2,N11JEWISHRIGHTS,N
41103,N_2,N12DOUBLESTANDARD,N
29897,N_2,N2CONSPIRACY,N
29897,N_2,N2CONTROLMEDIA,N
29897,N_2,N2CONTROLECONOMY,N
29897,N_2,N2CONTROLGOV,N
29897,N_2,N2CONTROLOTHER,N
29897,N_2,N3COLLECTIVEBLAME,N
29897,N_2,N4HIDDENCONSPIRACY,N
29897,N_2,N4ISRAELHAND,N
29897,N_2,N5LOYALTY,N
29897,N_2,N6IDENTITYDENY,N
29897,N_2,N7COLLECTIVEGUILT,N
29897,N_2,N8VIOLENCE,N
29897,N_2,N9INCITEMENT,N
29897,N_2,N10SELFDETERMINATION,N
29897,N_2,N11JEWISHRIGHTSDEFINE,N
29897,N_2,N11SELFDETERMINATION,N
29897,N_2,N11JEWISHRIGHTS,N
29897,N_2,N12DOUBLESTANDARD,N
17946,N_2,N2CONSPIRACY,N
17946,N_2,N2CONTROLMEDIA,N
17946,N_2,N2CONTROLECONOMY,N
17946,N_2,N2CONTROLGOV,N
17946,N_2,N2CONTROLOTHER,N
17946,N_2,N3COLLECTIVEBLAME,N
17946,N_2,N4HIDDENCONSPIRACY,N
17946,N_2,N4ISRAELHAND,N
17946,N_2,N5LOYALTY,N
17946,N_2,N6IDENTITYDENY,N
17946,N_2,N7COLLECTIVEGUILT,N
17946,N_2,N8VIOLENCE,N
17946,N_2,N9INCITEMENT,E
17946,N_2,N10SELFDETERMINATION,N
17946,N_2,N11JEWISHRIGHTSDEFINE,N
17946,N_2,N11SELFDETERMINATION,N
17946,N_2,N11JEWISHRIGHTS,N
17946,N_2,N12DOUBLESTANDARD,N
7680,N_2,N2CONSPIRACY,N
7680,N_2,N2CONTROLMEDIA,N
7680,N_2,N2CONTROLECONOMY,N
7680,N_2,N2CONTROLGOV,N
7680,N_2,N2CONTROLOTHER,N
7680,N_2,N3COLLECTIVEBLAME,N
7680,N_2,N4HIDDENCONSPIRACY,N
7680,N_2,N4ISRAELHAND,N
7680,N_2,N5LOYALTY,N
7680,N_2,N6IDENTITYDENY,N
7680,N_2,N7COLLECTIVEGUILT,N
7680,N_2,N8VIOLENCE,N
7680,N_2,N9INCITEMENT,N
7680,N_2,N10SELFDETERMINATION,N
7680,N_2,N11JEWISHRIGHTSDEFINE,N
7680,N_2,N11SELFDETERMINATION,N
7680,N_2,N11JEWISHRIGHTS,N
7680,N_2,N12DOUBLESTANDARD,N
36407,N_2,N2CONSPIRACY,N
36407,N_2,N2CONTROLMEDIA,N
36407,N_2,N2CONTROLECONOMY,N
36407,N_2,N2CONTROLGOV,N
36407,N_2,N2CONTROLOTHER,N
36407,N_2,N3COLLECTIVEBLAME,N
36407,N_2,N4HIDDENCONSPIRACY,N
36407,N_2,N4ISRAELHAND,N
36407,N_2,N5LOYALTY,N
36407,N_2,N6IDENTITYDENY,N
36407,N_2,N7COLLECTIVEGUILT,N
36407,N_2,N8VIOLENCE,N
36407,N_2,N9INCITEMENT,N
36407,N_2,N10SELFDETERMINATION,N
36407,N_2,N11JEWISHRIGHTSDEFINE,N
36407,N_2,N11SELFDETERMINATION,N
36407,N_2,N11JEWISHRIGHTS,N
36407,N_2,N12DOUBLESTANDARD,N
2812,N_2,N2CONSPIRACY,N
2812,N_2,N2CONTROLMEDIA,N
2812,N_2,N2CONTROLECONOMY,N
2812,N_2,N2CONTROLGOV,N
2812,N_2,N2CONTROLOTHER,N
2812,N_2,N3COLLECTIVEBLAME,N
2812,N_2,N4HIDDENCONSPIRACY,N
2812,N_2,N4ISRAELHAND,N
2812,N_2,N5LOYALTY,N
2812,N_2,N6IDENTITYDENY,N
2812,N_2,N7COLLECTIVEGUILT,N
2812,N_2,N8VIOLENCE,N
2812,N_2,N9INCITEMENT,N
2812,N_2,N10SELFDETERMINATION,N
2812,N_2,N11JEWISHRIGHTSDEFINE,N
2812,N_2,N11SELFDETERMINATION,N
2812,N_2,N11JEWISHRIGHTS,N
2812,N_2,N12DOUBLESTANDARD,N
41775,N_2,N2CONSPIRACY,N
41775,N_2,N2CONTROLMEDIA,N
41775,N_2,N2CONTROLECONOMY,N
41775,N_2,N2CONTROLGOV,N
41775,N_2,N2CONTROLOTHER,N
41775,N_2,N3COLLECTIVEBLAME,N
41775,N_2,N4HIDDENCONSPIRACY,N
41775,N_2,N4ISRAELHAND,N
41775,N_2,N5LOYALTY,N
41775,N_2,N6IDENTITYDENY,N
41775,N_2,N7COLLECTIVEGUILT,N
41775,N_2,N8VIOLENCE,N
41775,N_2,N9INCITEMENT,N
41775,N_2,N10SELFDETERMINATION,N
41775,N_2,N11JEWISHRIGHTSDEFINE,N
41775,N_2,N11SELFDETERMINATION,N
41775,N_2,N11JEWISHRIGHTS,N
41775,N_2,N12DOUBLESTANDARD,N
38990,N_2,N2CONSPIRACY,N
38990,N_2,N2CONTROLMEDIA,N
38990,N_2,N2CONTROLECONOMY,N
38990,N_2,N2CONTROLGOV,N
38990,N_2,N2CONTROLOTHER,N
38990,N_2,N3COLLECTIVEBLAME,N
38990,N_2,N4HIDDENCONSPIRACY,N
38990,N_2,N4ISRAELHAND,N
38990,N_2,N5LOYALTY,N
38990,N_2,N6IDENTITYDENY,N
38990,N_2,N7COLLECTIVEGUILT,N
38990,N_2,N8VIOLENCE,N
38990,N_2,N9INCITEMENT,N
38990,N_2,N10SELFDETERMINATION,N
38990,N_2,N11JEWISHRIGHTSDEFINE,N
38990,N_2,N11SELFDETERMINATION,N
38990,N_2,N11JEWISHRIGHTS,N
38990,N_2,N12DOUBLESTANDARD,N
14488,N_2,N2CONSPIRACY,N
14488,N_2,N2CONTROLMEDIA,N
14488,N_2,N2CONTROLECONOMY,N
14488,N_2,N2CONTROLGOV,N
14488,N_2,N2CONTROLOTHER,N
14488,N_2,N3COLLECTIVEBLAME,N
14488,N_2,N4HIDDENCONSPIRACY,N
14488,N_2,N4ISRAELHAND,N
14488,N_2,N5LOYALTY,N
14488,N_2,N6IDENTITYDENY,N
14488,N_2,N7COLLECTIVEGUILT,N
14488,N_2,N8VIOLENCE,N
14488,N_2,N9INCITEMENT,N
14488,N_2,N10SELFDETERMINATION,N
14488,N_2,N11JEWISHRIGHTSDEFINE,N
14488,N_2,N11SELFDETERMINATION,N
14488,N_2,N11JEWISHRIGHTS,N
14488,N_2,N12DOUBLESTANDARD,N
43733,N_2,N2CONSPIRACY,N
43733,N_2,N2CONTROLMEDIA,N
43733,N_2,N2CONTROLECONOMY,N
43733,N_2,N2CONTROLGOV,N
43733,N_2,N2CONTROLOTHER,N
43733,N_2,N3COLLECTIVEBLAME,N
43733,N_2,N4HIDDENCONSPIRACY,N
43733,N_2,N4ISRAELHAND,N
43733,N_2,N5LOYALTY,N
43733,N_2,N6IDENTITYDENY,N
43733,N_2,N7COLLECTIVEGUILT,N
43733,N_2,N8VIOLENCE,N
43733,N_2,N9INCITEMENT,N
43733,N_2,N10SELFDETERMINATION,N
43733,N_2,N11JEWISHRIGHTSDEFINE,N
43733,N_2,N11SELFDETERMINATION,N
43733,N_2,N11JEWISHRIGHTS,N
43733,N_2,N12DOUBLESTANDARD,N
10526,N_2,N2CONSPIRACY,N
10526,N_2,N2CONTROLMEDIA,N
10526,N_2,N2CONTROLECONOMY,N
10526,N_2,N2CONTROLGOV,N
10526,N_2,N2CONTROLOTHER,N
10526,N_2,N3COLLECTIVEBLAME,N
10526,N_2,N4HIDDENCONSPIRACY,N
10526,N_2,N4ISRAELHAND,N
10526,N_2,N5LOYALTY,N
10526,N_2,N6IDENTITYDENY,N
10526,N_2,N7COLLECTIVEGUILT,N
10526,N_2,N8VIOLENCE,N
10526,N_2,N9INCITEMENT,N
10526,N_2,N10SELFDETERMINATION,N
10526,N_2,N11JEWISHRIGHTSDEFINE,N
10526,N_2,N11SELFDETERMINATION,N
10526,N_2,N11JEWISHRIGHTS,N
10526,N_2,N12DOUBLESTANDARD,N
9251,N_2,N2CONSPIRACY,N
9251,N_2,N2CONTROLMEDIA,N
9251,N_2,N2CONTROLECONOMY,N
9251,N_2,N2CONTROLGOV,N
9251,N_2,N2CONTROLOTHER,N
9251,N_2,N3COLLECTIVEBLAME,N
9251,N_2,N4HIDDENCONSPIRACY,N
9251,N_2,N4ISRAELHAND,N
9251,N_2,N5LOYALTY,N
9251,N_2,N6IDENTITYDENY,N
9251,N_2,N7COLLECTIVEGUILT,N
9251,N_2,N8VIOLENCE,N
9251,N_2,N9INCITEMENT,N
9251,N_2,N10SELFDETERMINATION,N
9251,N_2,N11JEWISHRIGHTSDEFINE,N
9251,N_2,N11SELFDETERMINATION,N
9251,N_2,N11JEWISHRIGHTS,N
9251,N_2,N12DOUBLESTANDARD,N
22927,N_2,N2CONSPIRACY,N
22927,N_2,N2CONTROLMEDIA,N
22927,N_2,N2CONTROLECONOMY,N
22927,N_2,N2CONTROLGOV,N
22927,N_2,N2CONTROLOTHER,N
22927,N_2,N3COLLECTIVEBLAME,N
22927,N_2,N4HIDDENCONSPIRACY,N
22927,N_2,N4ISRAELHAND,N
22927,N_2,N5LOYALTY,N
22927,N_2,N6IDENTITYDENY,N
22927,N_2,N7COLLECTIVEGUILT,A
22927,N_2,N8VIOLENCE,N
22927,N_2,N9INCITEMENT,A
22927,N_2,N10SELFDETERMINATION,N
22927,N_2,N11JEWISHRIGHTSDEFINE,N
22927,N_2,N11SELFDETERMINATION,N
22927,N_2,N11JEWISHRIGHTS,N
22927,N_2,N12DOUBLESTANDARD,N
27773,N_2,N2CONSPIRACY,N
27773,N_2,N2CONTROLMEDIA,N
27773,N_2,N2CONTROLECONOMY,N
27773,N_2,N2CONTROLGOV,N
27773,N_2,N2CONTROLOTHER,N
27773,N_2,N3COLLECTIVEBLAME,N
27773,N_2,N4HIDDENCONSPIRACY,N
27773,N_2,N4ISRAELHAND,N
27773,N_2,N5LOYALTY,N
27773,N_2,N6IDENTITYDENY,N
27773,N_2,N7COLLECTIVEGUILT,N
27773,N_2,N8VIOLENCE,N
27773,N_2,N9INCITEMENT,N
27773,N_2,N10SELFDETERMINATION,N
27773,N_2,N11JEWISHRIGHTSDEFINE,N
27773,N_2,N11SELFDETERMINATION,N
27773,N_2,N11JEWISHRIGHTS,N
27773,N_2,N12DOUBLESTANDARD,N
2105,N_2,N2CONSPIRACY,N
2105,N_2,N2CONTROLMEDIA,N
2105,N_2,N2CONTROLECONOMY,N
2105,N_2,N2CONTROLGOV,N
2105,N_2,N2CONTROLOTHER,N
2105,N_2,N3COLLECTIVEBLAME,N
2105,N_2,N4HIDDENCONSPIRACY,N
2105,N_2,N4ISRAELHAND,N
2105,N_2,N5LOYALTY,N
2105,N_2,N6IDENTITYDENY,N
2105,N_2,N7COLLECTIVEGUILT,N
2105,N_2,N8VIOLENCE,N
2105,N_2,N9INCITEMENT,N
2105,N_2,N10SELFDETERMINATION,N
2105,N_2,N11JEWISHRIGHTSDEFINE,N
2105,N_2,N11SELFDETERMINATION,N
2105,N_2,N11JEWISHRIGHTS,N
2105,N_2,N12DOUBLESTANDARD,N
34994,N_2,N2CONSPIRACY,N
34994,N_2,N2CONTROLMEDIA,N
34994,N_2,N2CONTROLECONOMY,N
34994,N_2,N2CONTROLGOV,N
34994,N_2,N2CONTROLOTHER,N
34994,N_2,N3COLLECTIVEBLAME,N
34994,N_2,N4HIDDENCONSPIRACY,N
34994,N_2,N4ISRAELHAND,N
34994,N_2,N5LOYALTY,N
34994,N_2,N6IDENTITYDENY,N
34994,N_2,N7COLLECTIVEGUILT,N
34994,N_2,N8VIOLENCE,N
34994,N_2,N9INCITEMENT,N
34994,N_2,N10SELFDETERMINATION,N
34994,N_2,N11JEWISHRIGHTSDEFINE,N
34994,N_2,N11SELFDETERMINATION,N
34994,N_2,N11JEWISHRIGHTS,N
34994,N_2,N12DOUBLESTANDARD,N
29453,N_2,N2CONSPIRACY,N
29453,N_2,N2CONTROLMEDIA,N
29453,N_2,N2CONTROLECONOMY,N
29453,N_2,N2CONTROLGOV,N
29453,N_2,N2CONTROLOTHER,N
29453,N_2,N3COLLECTIVEBLAME,N
29453,N_2,N4HIDDENCONSPIRACY,N
29453,N_2,N4ISRAELHAND,N
29453,N_2,N5LOYALTY,N
29453,N_2,N6IDENTITYDENY,N
29453,N_2,N7COLLECTIVEGUILT,N
29453,N_2,N8VIOLENCE,N
29453,N_2,N9INCITEMENT,N
29453,N_2,N10SELFDETERMINATION,N
29453,N_2,N11JEWISHRIGHTSDEFINE,N
29453,N_2,N11SELFDETERMINATION,N
29453,N_2,N11JEWISHRIGHTS,N
29453,N_2,N12DOUBLESTANDARD,I
42268,N_2,PARSE_ERROR,Expecting value: line 1 column 1 (char 0)
9304,N_2,N2CONSPIRACY,N
9304,N_2,N2CONTROLMEDIA,N
9304,N_2,N2CONTROLECONOMY,N
9304,N_2,N2CONTROLGOV,N
9304,N_2,N2CONTROLOTHER,N
9304,N_2,N3COLLECTIVEBLAME,N
9304,N_2,N4HIDDENCONSPIRACY,N
9304,N_2,N4ISRAELHAND,N
9304,N_2,N5LOYALTY,N
9304,N_2,N6IDENTITYDENY,N
9304,N_2,N7COLLECTIVEGUILT,N
9304,N_2,N8VIOLENCE,N
9304,N_2,N9INCITEMENT,N
9304,N_2,N10SELFDETERMINATION,N
9304,N_2,N11JEWISHRIGHTSDEFINE,N
9304,N_2,N11SELFDETERMINATION,N
9304,N_2,N11JEWISHRIGHTS,N
9304,N_2,N12DOUBLESTANDARD,N
28708,N_2,N2CONSPIRACY,N
28708,N_2,N2CONTROLMEDIA,N
28708,N_2,N2CONTROLECONOMY,N
28708,N_2,N2CONTROLGOV,N
28708,N_2,N2CONTROLOTHER,N
28708,N_2,N3COLLECTIVEBLAME,N
28708,N_2,N4HIDDENCONSPIRACY,N
28708,N_2,N4ISRAELHAND,N
28708,N_2,N5LOYALTY,N
28708,N_2,N6IDENTITYDENY,N
28708,N_2,N7COLLECTIVEGUILT,N
28708,N_2,N8VIOLENCE,N
28708,N_2,N9INCITEMENT,N
28708,N_2,N10SELFDETERMINATION,N
28708,N_2,N11JEWISHRIGHTSDEFINE,N
28708,N_2,N11SELFDETERMINATION,N
28708,N_2,N11JEWISHRIGHTS,N
28708,N_2,N12DOUBLESTANDARD,N
18838,N_2,N2CONSPIRACY,N
18838,N_2,N2CONTROLMEDIA,N
18838,N_2,N2CONTROLECONOMY,N
18838,N_2,N2CONTROLGOV,N
18838,N_2,N2CONTROLOTHER,N
18838,N_2,N3COLLECTIVEBLAME,N
18838,N_2,N4HIDDENCONSPIRACY,N
18838,N_2,N4ISRAELHAND,N
18838,N_2,N5LOYALTY,N
18838,N_2,N6IDENTITYDENY,N
18838,N_2,N7COLLECTIVEGUILT,N
18838,N_2,N8VIOLENCE,N
18838,N_2,N9INCITEMENT,N
18838,N_2,N10SELFDETERMINATION,N
18838,N_2,N11JEWISHRIGHTSDEFINE,N
18838,N_2,N11SELFDETERMINATION,N
18838,N_2,N11JEWISHRIGHTS,N
18838,N_2,N12DOUBLESTANDARD,N
45637,N_2,N2CONSPIRACY,I
45637,N_2,N2CONTROLMEDIA,N
45637,N_2,N2CONTROLECONOMY,N
45637,N_2,N2CONTROLGOV,N
45637,N_2,N2CONTROLOTHER,N
45637,N_2,N3COLLECTIVEBLAME,N
45637,N_2,N4HIDDENCONSPIRACY,I
45637,N_2,N4ISRAELHAND,N
45637,N_2,N5LOYALTY,N
45637,N_2,N6IDENTITYDENY,N
45637,N_2,N7COLLECTIVEGUILT,N
45637,N_2,N8VIOLENCE,N
45637,N_2,N9INCITEMENT,N
45637,N_2,N10SELFDETERMINATION,N
45637,N_2,N11JEWISHRIGHTSDEFINE,N
45637,N_2,N11SELFDETERMINATION,N
45637,N_2,N11JEWISHRIGHTS,N
45637,N_2,N12DOUBLESTANDARD,N
38861,N_2,N2CONSPIRACY,N
38861,N_2,N2CONTROLMEDIA,N
38861,N_2,N2CONTROLECONOMY,N
38861,N_2,N2CONTROLGOV,N
38861,N_2,N2CONTROLOTHER,N
38861,N_2,N3COLLECTIVEBLAME,N
38861,N_2,N4HIDDENCONSPIRACY,N
38861,N_2,N4ISRAELHAND,N
38861,N_2,N5LOYALTY,N
38861,N_2,N6IDENTITYDENY,N
38861,N_2,N7COLLECTIVEGUILT,N
38861,N_2,N8VIOLENCE,N
38861,N_2,N9INCITEMENT,N
38861,N_2,N10SELFDETERMINATION,N
38861,N_2,N11JEWISHRIGHTSDEFINE,N
38861,N_2,N11SELFDETERMINATION,N
38861,N_2,N11JEWISHRIGHTS,N
38861,N_2,N12DOUBLESTANDARD,N
33238,N_2,N2CONSPIRACY,N
33238,N_2,N2CONTROLMEDIA,N
33238,N_2,N2CONTROLECONOMY,N
33238,N_2,N2CONTROLGOV,N
33238,N_2,N2CONTROLOTHER,N
33238,N_2,N3COLLECTIVEBLAME,N
33238,N_2,N4HIDDENCONSPIRACY,N
33238,N_2,N4ISRAELHAND,N
33238,N_2,N5LOYALTY,N
33238,N_2,N6IDENTITYDENY,N
33238,N_2,N7COLLECTIVEGUILT,N
33238,N_2,N8VIOLENCE,N
33238,N_2,N9INCITEMENT,N
33238,N_2,N10SELFDETERMINATION,N
33238,N_2,N11JEWISHRIGHTSDEFINE,N
33238,N_2,N11SELFDETERMINATION,N
33238,N_2,N11JEWISHRIGHTS,N
33238,N_2,N12DOUBLESTANDARD,N
1324,N_2,N2CONSPIRACY,N
1324,N_2,N2CONTROLMEDIA,N
1324,N_2,N2CONTROLECONOMY,N
1324,N_2,N2CONTROLGOV,N
1324,N_2,N2CONTROLOTHER,N
1324,N_2,N3COLLECTIVEBLAME,N
1324,N_2,N4HIDDENCONSPIRACY,N
1324,N_2,N4ISRAELHAND,N
1324,N_2,N5LOYALTY,N
1324,N_2,N6IDENTITYDENY,N
1324,N_2,N7COLLECTIVEGUILT,N
1324,N_2,N8VIOLENCE,N
1324,N_2,N9INCITEMENT,N
1324,N_2,N10SELFDETERMINATION,N
1324,N_2,N11JEWISHRIGHTSDEFINE,N
1324,N_2,N11SELFDETERMINATION,N
1324,N_2,N11JEWISHRIGHTS,N
1324,N_2,N12DOUBLESTANDARD,N
16733,N_2,N2CONSPIRACY,A
16733,N_2,N2CONTROLMEDIA,N
16733,N_2,N2CONTROLECONOMY,N
16733,N_2,N2CONTROLGOV,N
16733,N_2,N2CONTROLOTHER,A
16733,N_2,N3COLLECTIVEBLAME,N
16733,N_2,N4HIDDENCONSPIRACY,N
16733,N_2,N4ISRAELHAND,N
16733,N_2,N5LOYALTY,N
16733,N_2,N6IDENTITYDENY,N
16733,N_2,N7COLLECTIVEGUILT,N
16733,N_2,N8VIOLENCE,N
16733,N_2,N9INCITEMENT,N
16733,N_2,N10SELFDETERMINATION,N
16733,N_2,N11JEWISHRIGHTSDEFINE,N
16733,N_2,N11SELFDETERMINATION,N
16733,N_2,N11JEWISHRIGHTS,N
16733,N_2,N12DOUBLESTANDARD,N
30632,N_2,N2CONSPIRACY,N
30632,N_2,N2CONTROLMEDIA,N
30632,N_2,N2CONTROLECONOMY,N
30632,N_2,N2CONTROLGOV,N
30632,N_2,N2CONTROLOTHER,N
30632,N_2,N3COLLECTIVEBLAME,N
30632,N_2,N4HIDDENCONSPIRACY,N
30632,N_2,N4ISRAELHAND,N
30632,N_2,N5LOYALTY,N
30632,N_2,N6IDENTITYDENY,N
30632,N_2,N7COLLECTIVEGUILT,N
30632,N_2,N8VIOLENCE,N
30632,N_2,N9INCITEMENT,N
30632,N_2,N10SELFDETERMINATION,N
30632,N_2,N11JEWISHRIGHTSDEFINE,N
30632,N_2,N11SELFDETERMINATION,N
30632,N_2,N11JEWISHRIGHTS,N
30632,N_2,N12DOUBLESTANDARD,N
24597,N_2,N2CONSPIRACY,N
24597,N_2,N2CONTROLMEDIA,N
24597,N_2,N2CONTROLECONOMY,N
24597,N_2,N2CONTROLGOV,N
24597,N_2,N2CONTROLOTHER,N
24597,N_2,N3COLLECTIVEBLAME,N
24597,N_2,N4HIDDENCONSPIRACY,N
24597,N_2,N4ISRAELHAND,N
24597,N_2,N5LOYALTY,N
24597,N_2,N6IDENTITYDENY,N
24597,N_2,N7COLLECTIVEGUILT,N
24597,N_2,N8VIOLENCE,N
24597,N_2,N9INCITEMENT,N
24597,N_2,N10SELFDETERMINATION,N
24597,N_2,N11JEWISHRIGHTSDEFINE,N
24597,N_2,N11SELFDETERMINATION,N
24597,N_2,N11JEWISHRIGHTS,N
24597,N_2,N12DOUBLESTANDARD,N
45840,N_2,N2CONSPIRACY,N
45840,N_2,N2CONTROLMEDIA,N
45840,N_2,N2CONTROLECONOMY,N
45840,N_2,N2CONTROLGOV,N
45840,N_2,N2CONTROLOTHER,N
45840,N_2,N3COLLECTIVEBLAME,N
45840,N_2,N4HIDDENCONSPIRACY,N
45840,N_2,N4ISRAELHAND,N
45840,N_2,N5LOYALTY,N
45840,N_2,N6IDENTITYDENY,N
45840,N_2,N7COLLECTIVEGUILT,N
45840,N_2,N8VIOLENCE,N
45840,N_2,N9INCITEMENT,N
45840,N_2,N10SELFDETERMINATION,N
45840,N_2,N11JEWISHRIGHTSDEFINE,N
45840,N_2,N11SELFDETERMINATION,N
45840,N_2,N11JEWISHRIGHTS,N
45840,N_2,N12DOUBLESTANDARD,N
33025,N_2,N2CONSPIRACY,N
33025,N_2,N2CONTROLMEDIA,N
33025,N_2,N2CONTROLECONOMY,N
33025,N_2,N2CONTROLGOV,N
33025,N_2,N2CONTROLOTHER,N
33025,N_2,N3COLLECTIVEBLAME,N
33025,N_2,N4HIDDENCONSPIRACY,N
33025,N_2,N4ISRAELHAND,N
33025,N_2,N5LOYALTY,N
33025,N_2,N6IDENTITYDENY,N
33025,N_2,N7COLLECTIVEGUILT,N
33025,N_2,N8VIOLENCE,N
33025,N_2,N9INCITEMENT,N
33025,N_2,N10SELFDETERMINATION,N
33025,N_2,N11JEWISHRIGHTSDEFINE,N
33025,N_2,N11SELFDETERMINATION,N
33025,N_2,N11JEWISHRIGHTS,N
33025,N_2,N12DOUBLESTANDARD,N
46802,N_2,N2CONSPIRACY,N
46802,N_2,N2CONTROLMEDIA,N
46802,N_2,N2CONTROLECONOMY,N
46802,N_2,N2CONTROLGOV,N
46802,N_2,N2CONTROLOTHER,N
46802,N_2,N3COLLECTIVEBLAME,N
46802,N_2,N4HIDDENCONSPIRACY,N
46802,N_2,N4ISRAELHAND,N
46802,N_2,N5LOYALTY,N
46802,N_2,N6IDENTITYDENY,N
46802,N_2,N7COLLECTIVEGUILT,N
46802,N_2,N8VIOLENCE,E
46802,N_2,N9INCITEMENT,E
46802,N_2,N10SELFDETERMINATION,N
46802,N_2,N11JEWISHRIGHTSDEFINE,N
46802,N_2,N11SELFDETERMINATION,N
46802,N_2,N11JEWISHRIGHTS,E
46802,N_2,N12DOUBLESTANDARD,N
9181,N_2,N2CONSPIRACY,N
9181,N_2,N2CONTROLMEDIA,N
9181,N_2,N2CONTROLECONOMY,N
9181,N_2,N2CONTROLGOV,N
9181,N_2,N2CONTROLOTHER,N
9181,N_2,N3COLLECTIVEBLAME,N
9181,N_2,N4HIDDENCONSPIRACY,N
9181,N_2,N4ISRAELHAND,N
9181,N_2,N5LOYALTY,N
9181,N_2,N6IDENTITYDENY,N
9181,N_2,N7COLLECTIVEGUILT,N
9181,N_2,N8VIOLENCE,N
9181,N_2,N9INCITEMENT,N
9181,N_2,N10SELFDETERMINATION,N
9181,N_2,N11JEWISHRIGHTSDEFINE,N
9181,N_2,N11SELFDETERMINATION,N
9181,N_2,N11JEWISHRIGHTS,N
9181,N_2,N12DOUBLESTANDARD,N
44115,N_2,N2CONSPIRACY,N
44115,N_2,N2CONTROLMEDIA,N
44115,N_2,N2CONTROLECONOMY,N
44115,N_2,N2CONTROLGOV,N
44115,N_2,N2CONTROLOTHER,N
44115,N_2,N3COLLECTIVEBLAME,N
44115,N_2,N4HIDDENCONSPIRACY,N
44115,N_2,N4ISRAELHAND,N
44115,N_2,N5LOYALTY,N
44115,N_2,N6IDENTITYDENY,N
44115,N_2,N7COLLECTIVEGUILT,N
44115,N_2,N8VIOLENCE,N
44115,N_2,N9INCITEMENT,N
44115,N_2,N10SELFDETERMINATION,N
44115,N_2,N11JEWISHRIGHTSDEFINE,N
44115,N_2,N11SELFDETERMINATION,N
44115,N_2,N11JEWISHRIGHTS,N
44115,N_2,N12DOUBLESTANDARD,N
22907,N_2,N2CONSPIRACY,N
22907,N_2,N2CONTROLMEDIA,N
22907,N_2,N2CONTROLECONOMY,N
22907,N_2,N2CONTROLGOV,N
22907,N_2,N2CONTROLOTHER,N
22907,N_2,N3COLLECTIVEBLAME,N
22907,N_2,N4HIDDENCONSPIRACY,N
22907,N_2,N4ISRAELHAND,N
22907,N_2,N5LOYALTY,N
22907,N_2,N6IDENTITYDENY,N
22907,N_2,N7COLLECTIVEGUILT,N
22907,N_2,N8VIOLENCE,N
22907,N_2,N9INCITEMENT,E
22907,N_2,N10SELFDETERMINATION,N
22907,N_2,N11JEWISHRIGHTSDEFINE,N
22907,N_2,N11SELFDETERMINATION,N
22907,N_2,N11JEWISHRIGHTS,N
22907,N_2,N12DOUBLESTANDARD,N
610,N_2,N2CONSPIRACY,N
610,N_2,N2CONTROLMEDIA,N
610,N_2,N2CONTROLECONOMY,N
610,N_2,N2CONTROLGOV,N
610,N_2,N2CONTROLOTHER,N
610,N_2,N3COLLECTIVEBLAME,N
610,N_2,N4HIDDENCONSPIRACY,N
610,N_2,N4ISRAELHAND,N
610,N_2,N5LOYALTY,N
610,N_2,N6IDENTITYDENY,N
610,N_2,N7COLLECTIVEGUILT,N
610,N_2,N8VIOLENCE,N
610,N_2,N9INCITEMENT,N
610,N_2,N10SELFDETERMINATION,N
610,N_2,N11JEWISHRIGHTSDEFINE,N
610,N_2,N11SELFDETERMINATION,N
610,N_2,N11JEWISHRIGHTS,N
610,N_2,N12DOUBLESTANDARD,N
43828,N_2,N2CONSPIRACY,N
43828,N_2,N2CONTROLMEDIA,N
43828,N_2,N2CONTROLECONOMY,N
43828,N_2,N2CONTROLGOV,N
43828,N_2,N2CONTROLOTHER,N
43828,N_2,N3COLLECTIVEBLAME,N
43828,N_2,N4HIDDENCONSPIRACY,N
43828,N_2,N4ISRAELHAND,N
43828,N_2,N5LOYALTY,I
43828,N_2,N6IDENTITYDENY,N
43828,N_2,N7COLLECTIVEGUILT,N
43828,N_2,N8VIOLENCE,N
43828,N_2,N9INCITEMENT,N
43828,N_2,N10SELFDETERMINATION,N
43828,N_2,N11JEWISHRIGHTSDEFINE,N
43828,N_2,N11SELFDETERMINATION,N
43828,N_2,N11JEWISHRIGHTS,N
43828,N_2,N12DOUBLESTANDARD,N
48597,N_2,N2CONSPIRACY,N
48597,N_2,N2CONTROLMEDIA,N
48597,N_2,N2CONTROLECONOMY,N
48597,N_2,N2CONTROLGOV,N
48597,N_2,N2CONTROLOTHER,N
48597,N_2,N3COLLECTIVEBLAME,N
48597,N_2,N4HIDDENCONSPIRACY,N
48597,N_2,N4ISRAELHAND,N
48597,N_2,N5LOYALTY,N
48597,N_2,N6IDENTITYDENY,N
48597,N_2,N7COLLECTIVEGUILT,N
48597,N_2,N8VIOLENCE,N
48597,N_2,N9INCITEMENT,N
48597,N_2,N10SELFDETERMINATION,N
48597,N_2,N11JEWISHRIGHTSDEFINE,N
48597,N_2,N11SELFDETERMINATION,N
48597,N_2,N11JEWISHRIGHTS,N
48597,N_2,N12DOUBLESTANDARD,N
27078,N_2,N2CONSPIRACY,N
27078,N_2,N2CONTROLMEDIA,N
27078,N_2,N2CONTROLECONOMY,N
27078,N_2,N2CONTROLGOV,N
27078,N_2,N2CONTROLOTHER,N
27078,N_2,N3COLLECTIVEBLAME,N
27078,N_2,N4HIDDENCONSPIRACY,N
27078,N_2,N4ISRAELHAND,N
27078,N_2,N5LOYALTY,N
27078,N_2,N6IDENTITYDENY,N
27078,N_2,N7COLLECTIVEGUILT,N
27078,N_2,N8VIOLENCE,N
27078,N_2,N9INCITEMENT,N
27078,N_2,N10SELFDETERMINATION,N
27078,N_2,N11JEWISHRIGHTSDEFINE,N
27078,N_2,N11SELFDETERMINATION,N
27078,N_2,N11JEWISHRIGHTS,N
27078,N_2,N12DOUBLESTANDARD,N
38168,N_2,N2CONSPIRACY,N
38168,N_2,N2CONTROLMEDIA,N
38168,N_2,N2CONTROLECONOMY,N
38168,N_2,N2CONTROLGOV,N
38168,N_2,N2CONTROLOTHER,N
38168,N_2,N3COLLECTIVEBLAME,N
38168,N_2,N4HIDDENCONSPIRACY,N
38168,N_2,N4ISRAELHAND,N
38168,N_2,N5LOYALTY,N
38168,N_2,N6IDENTITYDENY,N
38168,N_2,N7COLLECTIVEGUILT,N
38168,N_2,N8VIOLENCE,N
38168,N_2,N9INCITEMENT,N
38168,N_2,N10SELFDETERMINATION,N
38168,N_2,N11JEWISHRIGHTSDEFINE,N
38168,N_2,N11SELFDETERMINATION,N
38168,N_2,N11JEWISHRIGHTS,N
38168,N_2,N12DOUBLESTANDARD,N
13437,N_2,N2CONSPIRACY,N
13437,N_2,N2CONTROLMEDIA,N
13437,N_2,N2CONTROLECONOMY,N
13437,N_2,N2CONTROLGOV,N
13437,N_2,N2CONTROLOTHER,N
13437,N_2,N3COLLECTIVEBLAME,N
13437,N_2,N4HIDDENCONSPIRACY,N
13437,N_2,N4ISRAELHAND,N
13437,N_2,N5LOYALTY,N
13437,N_2,N6IDENTITYDENY,N
13437,N_2,N7COLLECTIVEGUILT,N
13437,N_2,N8VIOLENCE,N
13437,N_2,N9INCITEMENT,N
13437,N_2,N10SELFDETERMINATION,N
13437,N_2,N11JEWISHRIGHTSDEFINE,N
13437,N_2,N11SELFDETERMINATION,N
13437,N_2,N11JEWISHRIGHTS,N
13437,N_2,N12DOUBLESTANDARD,N
42361,N_2,PARSE_ERROR,Expecting value: line 1 column 1 (char 0)
10660,N_2,N2CONSPIRACY,N
10660,N_2,N2CONTROLMEDIA,N
10660,N_2,N2CONTROLECONOMY,N
10660,N_2,N2CONTROLGOV,N
10660,N_2,N2CONTROLOTHER,N
10660,N_2,N3COLLECTIVEBLAME,N
10660,N_2,N4HIDDENCONSPIRACY,N
10660,N_2,N4ISRAELHAND,N
10660,N_2,N5LOYALTY,N
10660,N_2,N6IDENTITYDENY,N
10660,N_2,N7COLLECTIVEGUILT,N
10660,N_2,N8VIOLENCE,N
10660,N_2,N9INCITEMENT,N
10660,N_2,N10SELFDETERMINATION,N
10660,N_2,N11JEWISHRIGHTSDEFINE,N
10660,N_2,N11SELFDETERMINATION,N
10660,N_2,N11JEWISHRIGHTS,N
10660,N_2,N12DOUBLESTANDARD,N
47297,N_2,N2CONSPIRACY,I
47297,N_2,N2CONTROLMEDIA,N
47297,N_2,N2CONTROLECONOMY,N
47297,N_2,N2CONTROLGOV,E
47297,N_2,N2CONTROLOTHER,N
47297,N_2,N3COLLECTIVEBLAME,N
47297,N_2,N4HIDDENCONSPIRACY,N
47297,N_2,N4ISRAELHAND,N
47297,N_2,N5LOYALTY,N
47297,N_2,N6IDENTITYDENY,N
47297,N_2,N7COLLECTIVEGUILT,N
47297,N_2,N8VIOLENCE,N
47297,N_2,N9INCITEMENT,N
47297,N_2,N10SELFDETERMINATION,N
47297,N_2,N11JEWISHRIGHTSDEFINE,N
47297,N_2,N11SELFDETERMINATION,N
47297,N_2,N11JEWISHRIGHTS,N
47297,N_2,N12DOUBLESTANDARD,N
27576,N_2,N2CONSPIRACY,N
27576,N_2,N2CONTROLMEDIA,N
27576,N_2,N2CONTROLECONOMY,N
27576,N_2,N2CONTROLGOV,N
27576,N_2,N2CONTROLOTHER,N
27576,N_2,N3COLLECTIVEBLAME,N
27576,N_2,N4HIDDENCONSPIRACY,N
27576,N_2,N4ISRAELHAND,N
27576,N_2,N5LOYALTY,N
27576,N_2,N6IDENTITYDENY,N
27576,N_2,N7COLLECTIVEGUILT,N
27576,N_2,N8VIOLENCE,N
27576,N_2,N9INCITEMENT,N
27576,N_2,N10SELFDETERMINATION,N
27576,N_2,N11JEWISHRIGHTSDEFINE,N
27576,N_2,N11SELFDETERMINATION,N
27576,N_2,N11JEWISHRIGHTS,N
27576,N_2,N12DOUBLESTANDARD,N
28201,N_2,N2CONSPIRACY,N
28201,N_2,N2CONTROLMEDIA,N
28201,N_2,N2CONTROLECONOMY,N
28201,N_2,N2CONTROLGOV,N
28201,N_2,N2CONTROLOTHER,N
28201,N_2,N3COLLECTIVEBLAME,N
28201,N_2,N4HIDDENCONSPIRACY,N
28201,N_2,N4ISRAELHAND,N
28201,N_2,N5LOYALTY,N
28201,N_2,N6IDENTITYDENY,N
28201,N_2,N7COLLECTIVEGUILT,N
28201,N_2,N8VIOLENCE,N
28201,N_2,N9INCITEMENT,N
28201,N_2,N10SELFDETERMINATION,N
28201,N_2,N11JEWISHRIGHTSDEFINE,N
28201,N_2,N11SELFDETERMINATION,N
28201,N_2,N11JEWISHRIGHTS,N
28201,N_2,N12DOUBLESTANDARD,N
44545,N_2,N2CONSPIRACY,N
44545,N_2,N2CONTROLMEDIA,N
44545,N_2,N2CONTROLECONOMY,N
44545,N_2,N2CONTROLGOV,N
44545,N_2,N2CONTROLOTHER,N
44545,N_2,N3COLLECTIVEBLAME,N
44545,N_2,N4HIDDENCONSPIRACY,N
44545,N_2,N4ISRAELHAND,N
44545,N_2,N5LOYALTY,N
44545,N_2,N6IDENTITYDENY,N
44545,N_2,N7COLLECTIVEGUILT,N
44545,N_2,N8VIOLENCE,N
44545,N_2,N9INCITEMENT,N
44545,N_2,N10SELFDETERMINATION,N
44545,N_2,N11JEWISHRIGHTSDEFINE,N
44545,N_2,N11SELFDETERMINATION,N
44545,N_2,N11JEWISHRIGHTS,N
44545,N_2,N12DOUBLESTANDARD,N
42504,N_2,N2CONSPIRACY,I
42504,N_2,N2CONTROLMEDIA,I
42504,N_2,N2CONTROLECONOMY,N
42504,N_2,N2CONTROLGOV,N
42504,N_2,N2CONTROLOTHER,I
42504,N_2,N3COLLECTIVEBLAME,N
42504,N_2,N4HIDDENCONSPIRACY,N
42504,N_2,N4ISRAELHAND,N
42504,N_2,N5LOYALTY,N
42504,N_2,N6IDENTITYDENY,N
42504,N_2,N7COLLECTIVEGUILT,N
42504,N_2,N8VIOLENCE,N
42504,N_2,N9INCITEMENT,N
42504,N_2,N10SELFDETERMINATION,N
42504,N_2,N11JEWISHRIGHTSDEFINE,N
42504,N_2,N11SELFDETERMINATION,N
42504,N_2,N11JEWISHRIGHTS,N
42504,N_2,N12DOUBLESTANDARD,N
4704,N_2,N2CONSPIRACY,N
4704,N_2,N2CONTROLMEDIA,N
4704,N_2,N2CONTROLECONOMY,N
4704,N_2,N2CONTROLGOV,N
4704,N_2,N2CONTROLOTHER,N
4704,N_2,N3COLLECTIVEBLAME,N
4704,N_2,N4HIDDENCONSPIRACY,N
4704,N_2,N4ISRAELHAND,N
4704,N_2,N5LOYALTY,N
4704,N_2,N6IDENTITYDENY,N
4704,N_2,N7COLLECTIVEGUILT,N
4704,N_2,N8VIOLENCE,N
4704,N_2,N9INCITEMENT,N
4704,N_2,N10SELFDETERMINATION,N
4704,N_2,N11JEWISHRIGHTSDEFINE,N
4704,N_2,N11SELFDETERMINATION,N
4704,N_2,N11JEWISHRIGHTS,N
4704,N_2,N12DOUBLESTANDARD,N
32628,N_2,N2CONSPIRACY,N
32628,N_2,N2CONTROLMEDIA,N
32628,N_2,N2CONTROLECONOMY,N
32628,N_2,N2CONTROLGOV,N
32628,N_2,N2CONTROLOTHER,N
32628,N_2,N3COLLECTIVEBLAME,N
32628,N_2,N4HIDDENCONSPIRACY,N
32628,N_2,N4ISRAELHAND,N
32628,N_2,N5LOYALTY,N
32628,N_2,N6IDENTITYDENY,N
32628,N_2,N7COLLECTIVEGUILT,N
32628,N_2,N8VIOLENCE,N
32628,N_2,N9INCITEMENT,N
32628,N_2,N10SELFDETERMINATION,N
32628,N_2,N11JEWISHRIGHTSDEFINE,N
32628,N_2,N11SELFDETERMINATION,N
32628,N_2,N11JEWISHRIGHTS,N
32628,N_2,N12DOUBLESTANDARD,N
10116,N_2,N2CONSPIRACY,N
10116,N_2,N2CONTROLMEDIA,N
10116,N_2,N2CONTROLECONOMY,N
10116,N_2,N2CONTROLGOV,N
10116,N_2,N2CONTROLOTHER,N
10116,N_2,N3COLLECTIVEBLAME,N
10116,N_2,N4HIDDENCONSPIRACY,N
10116,N_2,N4ISRAELHAND,N
10116,N_2,N5LOYALTY,N
10116,N_2,N6IDENTITYDENY,N
10116,N_2,N7COLLECTIVEGUILT,I
10116,N_2,N8VIOLENCE,I
10116,N_2,N9INCITEMENT,E
10116,N_2,N10SELFDETERMINATION,N
10116,N_2,N11JEWISHRIGHTSDEFINE,N
10116,N_2,N11SELFDETERMINATION,N
10116,N_2,N11JEWISHRIGHTS,I
10116,N_2,N12DOUBLESTANDARD,N
46051,N_2,N2CONSPIRACY,N
46051,N_2,N2CONTROLMEDIA,N
46051,N_2,N2CONTROLECONOMY,N
46051,N_2,N2CONTROLGOV,N
46051,N_2,N2CONTROLOTHER,N
46051,N_2,N3COLLECTIVEBLAME,N
46051,N_2,N4HIDDENCONSPIRACY,N
46051,N_2,N4ISRAELHAND,N
46051,N_2,N5LOYALTY,N
46051,N_2,N6IDENTITYDENY,N
46051,N_2,N7COLLECTIVEGUILT,N
46051,N_2,N8VIOLENCE,N
46051,N_2,N9INCITEMENT,N
46051,N_2,N10SELFDETERMINATION,N
46051,N_2,N11JEWISHRIGHTSDEFINE,N
46051,N_2,N11SELFDETERMINATION,N
46051,N_2,N11JEWISHRIGHTS,N
46051,N_2,N12DOUBLESTANDARD,N
17386,N_2,N2CONSPIRACY,N
17386,N_2,N2CONTROLMEDIA,N
17386,N_2,N2CONTROLECONOMY,N
17386,N_2,N2CONTROLGOV,N
17386,N_2,N2CONTROLOTHER,N
17386,N_2,N3COLLECTIVEBLAME,N
17386,N_2,N4HIDDENCONSPIRACY,N
17386,N_2,N4ISRAELHAND,N
17386,N_2,N5LOYALTY,N
17386,N_2,N6IDENTITYDENY,N
17386,N_2,N7COLLECTIVEGUILT,N
17386,N_2,N8VIOLENCE,N
17386,N_2,N9INCITEMENT,N
17386,N_2,N10SELFDETERMINATION,N
17386,N_2,N11JEWISHRIGHTSDEFINE,N
17386,N_2,N11SELFDETERMINATION,N
17386,N_2,N11JEWISHRIGHTS,N
17386,N_2,N12DOUBLESTANDARD,N
42302,N_2,N2CONSPIRACY,N
42302,N_2,N2CONTROLMEDIA,N
42302,N_2,N2CONTROLECONOMY,N
42302,N_2,N2CONTROLGOV,N
42302,N_2,N2CONTROLOTHER,N
42302,N_2,N3COLLECTIVEBLAME,N
42302,N_2,N4HIDDENCONSPIRACY,N
42302,N_2,N4ISRAELHAND,N
42302,N_2,N5LOYALTY,N
42302,N_2,N6IDENTITYDENY,N
42302,N_2,N7COLLECTIVEGUILT,N
42302,N_2,N8VIOLENCE,N
42302,N_2,N9INCITEMENT,N
42302,N_2,N10SELFDETERMINATION,N
42302,N_2,N11JEWISHRIGHTSDEFINE,N
42302,N_2,N11SELFDETERMINATION,N
42302,N_2,N11JEWISHRIGHTS,N
42302,N_2,N12DOUBLESTANDARD,N
10193,N_2,N2CONSPIRACY,N
10193,N_2,N2CONTROLMEDIA,N
10193,N_2,N2CONTROLECONOMY,N
10193,N_2,N2CONTROLGOV,N
10193,N_2,N2CONTROLOTHER,N
10193,N_2,N3COLLECTIVEBLAME,N
10193,N_2,N4HIDDENCONSPIRACY,N
10193,N_2,N4ISRAELHAND,N
10193,N_2,N5LOYALTY,N
10193,N_2,N6IDENTITYDENY,N
10193,N_2,N7COLLECTIVEGUILT,N
10193,N_2,N8VIOLENCE,N
10193,N_2,N9INCITEMENT,N
10193,N_2,N10SELFDETERMINATION,N
10193,N_2,N11JEWISHRIGHTSDEFINE,N
10193,N_2,N11SELFDETERMINATION,N
10193,N_2,N11JEWISHRIGHTS,N
10193,N_2,N12DOUBLESTANDARD,N
31274,N_2,N2CONSPIRACY,N
31274,N_2,N2CONTROLMEDIA,N
31274,N_2,N2CONTROLECONOMY,N
31274,N_2,N2CONTROLGOV,N
31274,N_2,N2CONTROLOTHER,N
31274,N_2,N3COLLECTIVEBLAME,N
31274,N_2,N4HIDDENCONSPIRACY,N
31274,N_2,N4ISRAELHAND,N
31274,N_2,N5LOYALTY,N
31274,N_2,N6IDENTITYDENY,N
31274,N_2,N7COLLECTIVEGUILT,N
31274,N_2,N8VIOLENCE,N
31274,N_2,N9INCITEMENT,N
31274,N_2,N10SELFDETERMINATION,N
31274,N_2,N11JEWISHRIGHTSDEFINE,N
31274,N_2,N11SELFDETERMINATION,N
31274,N_2,N11JEWISHRIGHTS,N
31274,N_2,N12DOUBLESTANDARD,N
17513,N_2,N2CONSPIRACY,N
17513,N_2,N2CONTROLMEDIA,N
17513,N_2,N2CONTROLECONOMY,N
17513,N_2,N2CONTROLGOV,N
17513,N_2,N2CONTROLOTHER,N
17513,N_2,N3COLLECTIVEBLAME,N
17513,N_2,N4HIDDENCONSPIRACY,N
17513,N_2,N4ISRAELHAND,N
17513,N_2,N5LOYALTY,N
17513,N_2,N6IDENTITYDENY,N
17513,N_2,N7COLLECTIVEGUILT,N
17513,N_2,N8VIOLENCE,N
17513,N_2,N9INCITEMENT,N
17513,N_2,N10SELFDETERMINATION,N
17513,N_2,N11JEWISHRIGHTSDEFINE,N
17513,N_2,N11SELFDETERMINATION,N
17513,N_2,N11JEWISHRIGHTS,N
17513,N_2,N12DOUBLESTANDARD,N
48561,N_2,N2CONSPIRACY,N
48561,N_2,N2CONTROLMEDIA,N
48561,N_2,N2CONTROLECONOMY,N
48561,N_2,N2CONTROLGOV,N
48561,N_2,N2CONTROLOTHER,N
48561,N_2,N3COLLECTIVEBLAME,N
48561,N_2,N4HIDDENCONSPIRACY,N
48561,N_2,N4ISRAELHAND,N
48561,N_2,N5LOYALTY,N
48561,N_2,N6IDENTITYDENY,N
48561,N_2,N7COLLECTIVEGUILT,N
48561,N_2,N8VIOLENCE,N
48561,N_2,N9INCITEMENT,N
48561,N_2,N10SELFDETERMINATION,N
48561,N_2,N11JEWISHRIGHTSDEFINE,N
48561,N_2,N11SELFDETERMINATION,N
48561,N_2,N11JEWISHRIGHTS,N
48561,N_2,N12DOUBLESTANDARD,N
2721,N_2,N2CONSPIRACY,N
2721,N_2,N2CONTROLMEDIA,N
2721,N_2,N2CONTROLECONOMY,N
2721,N_2,N2CONTROLGOV,N
2721,N_2,N2CONTROLOTHER,N
2721,N_2,N3COLLECTIVEBLAME,N
2721,N_2,N4HIDDENCONSPIRACY,N
2721,N_2,N4ISRAELHAND,N
2721,N_2,N5LOYALTY,N
2721,N_2,N6IDENTITYDENY,N
2721,N_2,N7COLLECTIVEGUILT,N
2721,N_2,N8VIOLENCE,N
2721,N_2,N9INCITEMENT,N
2721,N_2,N10SELFDETERMINATION,N
2721,N_2,N11JEWISHRIGHTSDEFINE,N
2721,N_2,N11SELFDETERMINATION,N
2721,N_2,N11JEWISHRIGHTS,N
2721,N_2,N12DOUBLESTANDARD,N
18866,N_2,N2CONSPIRACY,N
18866,N_2,N2CONTROLMEDIA,N
18866,N_2,N2CONTROLECONOMY,N
18866,N_2,N2CONTROLGOV,N
18866,N_2,N2CONTROLOTHER,N
18866,N_2,N3COLLECTIVEBLAME,N
18866,N_2,N4HIDDENCONSPIRACY,N
18866,N_2,N4ISRAELHAND,N
18866,N_2,N5LOYALTY,N
18866,N_2,N6IDENTITYDENY,N
18866,N_2,N7COLLECTIVEGUILT,N
18866,N_2,N8VIOLENCE,N
18866,N_2,N9INCITEMENT,N
18866,N_2,N10SELFDETERMINATION,N
18866,N_2,N11JEWISHRIGHTSDEFINE,N
18866,N_2,N11SELFDETERMINATION,N
18866,N_2,N11JEWISHRIGHTS,N
18866,N_2,N12DOUBLESTANDARD,N
1981,N_2,N2CONSPIRACY,N
1981,N_2,N2CONTROLMEDIA,N
1981,N_2,N2CONTROLECONOMY,N
1981,N_2,N2CONTROLGOV,N
1981,N_2,N2CONTROLOTHER,N
1981,N_2,N3COLLECTIVEBLAME,A
1981,N_2,N4HIDDENCONSPIRACY,N
1981,N_2,N4ISRAELHAND,N
1981,N_2,N5LOYALTY,N
1981,N_2,N6IDENTITYDENY,N
1981,N_2,N7COLLECTIVEGUILT,A
1981,N_2,N8VIOLENCE,N
1981,N_2,N9INCITEMENT,A
1981,N_2,N10SELFDETERMINATION,N
1981,N_2,N11JEWISHRIGHTSDEFINE,N
1981,N_2,N11SELFDETERMINATION,N
1981,N_2,N11JEWISHRIGHTS,N
1981,N_2,N12DOUBLESTANDARD,N
46344,N_2,N2CONSPIRACY,N
46344,N_2,N2CONTROLMEDIA,N
46344,N_2,N2CONTROLECONOMY,N
46344,N_2,N2CONTROLGOV,N
46344,N_2,N2CONTROLOTHER,N
46344,N_2,N3COLLECTIVEBLAME,N
46344,N_2,N4HIDDENCONSPIRACY,N
46344,N_2,N4ISRAELHAND,N
46344,N_2,N5LOYALTY,N
46344,N_2,N6IDENTITYDENY,N
46344,N_2,N7COLLECTIVEGUILT,N
46344,N_2,N8VIOLENCE,N
46344,N_2,N9INCITEMENT,N
46344,N_2,N10SELFDETERMINATION,N
46344,N_2,N11JEWISHRIGHTSDEFINE,N
46344,N_2,N11SELFDETERMINATION,N
46344,N_2,N11JEWISHRIGHTS,N
46344,N_2,N12DOUBLESTANDARD,N
13562,N_2,N2CONSPIRACY,N
13562,N_2,N2CONTROLMEDIA,N
13562,N_2,N2CONTROLECONOMY,N
13562,N_2,N2CONTROLGOV,N
13562,N_2,N2CONTROLOTHER,N
13562,N_2,N3COLLECTIVEBLAME,N
13562,N_2,N4HIDDENCONSPIRACY,N
13562,N_2,N4ISRAELHAND,N
13562,N_2,N5LOYALTY,N
13562,N_2,N6IDENTITYDENY,N
13562,N_2,N7COLLECTIVEGUILT,N
13562,N_2,N8VIOLENCE,N
13562,N_2,N9INCITEMENT,N
13562,N_2,N10SELFDETERMINATION,N
13562,N_2,N11JEWISHRIGHTSDEFINE,N
13562,N_2,N11SELFDETERMINATION,N
13562,N_2,N11JEWISHRIGHTS,N
13562,N_2,N12DOUBLESTANDARD,N
109,N_2,N2CONSPIRACY,N
109,N_2,N2CONTROLMEDIA,N
109,N_2,N2CONTROLECONOMY,N
109,N_2,N2CONTROLGOV,N
109,N_2,N2CONTROLOTHER,N
109,N_2,N3COLLECTIVEBLAME,N
109,N_2,N4HIDDENCONSPIRACY,N
109,N_2,N4ISRAELHAND,N
109,N_2,N5LOYALTY,N
109,N_2,N6IDENTITYDENY,N
109,N_2,N7COLLECTIVEGUILT,N
109,N_2,N8VIOLENCE,N
109,N_2,N9INCITEMENT,N
109,N_2,N10SELFDETERMINATION,N
109,N_2,N11JEWISHRIGHTSDEFINE,N
109,N_2,N11SELFDETERMINATION,N
109,N_2,N11JEWISHRIGHTS,N
109,N_2,N12DOUBLESTANDARD,N
12075,N_2,N2CONSPIRACY,N
12075,N_2,N2CONTROLMEDIA,N
12075,N_2,N2CONTROLECONOMY,N
12075,N_2,N2CONTROLGOV,N
12075,N_2,N2CONTROLOTHER,N
12075,N_2,N3COLLECTIVEBLAME,N
12075,N_2,N4HIDDENCONSPIRACY,N
12075,N_2,N4ISRAELHAND,N
12075,N_2,N5LOYALTY,N
12075,N_2,N6IDENTITYDENY,N
12075,N_2,N7COLLECTIVEGUILT,N
12075,N_2,N8VIOLENCE,N
12075,N_2,N9INCITEMENT,N
12075,N_2,N10SELFDETERMINATION,N
12075,N_2,N11JEWISHRIGHTSDEFINE,N
12075,N_2,N11SELFDETERMINATION,N
12075,N_2,N11JEWISHRIGHTS,N
12075,N_2,N12DOUBLESTANDARD,N
34831,N_2,N2CONSPIRACY,N
34831,N_2,N2CONTROLMEDIA,N
34831,N_2,N2CONTROLECONOMY,N
34831,N_2,N2CONTROLGOV,N
34831,N_2,N2CONTROLOTHER,N
34831,N_2,N3COLLECTIVEBLAME,N
34831,N_2,N4HIDDENCONSPIRACY,N
34831,N_2,N4ISRAELHAND,N
34831,N_2,N5LOYALTY,N
34831,N_2,N6IDENTITYDENY,N
34831,N_2,N7COLLECTIVEGUILT,N
34831,N_2,N8VIOLENCE,N
34831,N_2,N9INCITEMENT,N
34831,N_2,N10SELFDETERMINATION,N
34831,N_2,N11JEWISHRIGHTSDEFINE,N
34831,N_2,N11SELFDETERMINATION,N
34831,N_2,N11JEWISHRIGHTS,N
34831,N_2,N12DOUBLESTANDARD,N
20872,N_2,N2CONSPIRACY,N
20872,N_2,N2CONTROLMEDIA,N
20872,N_2,N2CONTROLECONOMY,N
20872,N_2,N2CONTROLGOV,N
20872,N_2,N2CONTROLOTHER,N
20872,N_2,N3COLLECTIVEBLAME,N
20872,N_2,N4HIDDENCONSPIRACY,N
20872,N_2,N4ISRAELHAND,N
20872,N_2,N5LOYALTY,N
20872,N_2,N6IDENTITYDENY,N
20872,N_2,N7COLLECTIVEGUILT,N
20872,N_2,N8VIOLENCE,N
20872,N_2,N9INCITEMENT,N
20872,N_2,N10SELFDETERMINATION,N
20872,N_2,N11JEWISHRIGHTSDEFINE,N
20872,N_2,N11SELFDETERMINATION,N
20872,N_2,N11JEWISHRIGHTS,N
20872,N_2,N12DOUBLESTANDARD,N
37796,N_2,N2CONSPIRACY,N
37796,N_2,N2CONTROLMEDIA,N
37796,N_2,N2CONTROLECONOMY,N
37796,N_2,N2CONTROLGOV,N
37796,N_2,N2CONTROLOTHER,N
37796,N_2,N3COLLECTIVEBLAME,N
37796,N_2,N4HIDDENCONSPIRACY,N
37796,N_2,N4ISRAELHAND,N
37796,N_2,N5LOYALTY,N
37796,N_2,N6IDENTITYDENY,N
37796,N_2,N7COLLECTIVEGUILT,N
37796,N_2,N8VIOLENCE,N
37796,N_2,N9INCITEMENT,N
37796,N_2,N10SELFDETERMINATION,N
37796,N_2,N11JEWISHRIGHTSDEFINE,N
37796,N_2,N11SELFDETERMINATION,N
37796,N_2,N11JEWISHRIGHTS,N
37796,N_2,N12DOUBLESTANDARD,N
9822,N_2,N2CONSPIRACY,N
9822,N_2,N2CONTROLMEDIA,N
9822,N_2,N2CONTROLECONOMY,N
9822,N_2,N2CONTROLGOV,N
9822,N_2,N2CONTROLOTHER,N
9822,N_2,N3COLLECTIVEBLAME,N
9822,N_2,N4HIDDENCONSPIRACY,N
9822,N_2,N4ISRAELHAND,N
9822,N_2,N5LOYALTY,N
9822,N_2,N6IDENTITYDENY,N
9822,N_2,N7COLLECTIVEGUILT,N
9822,N_2,N8VIOLENCE,N
9822,N_2,N9INCITEMENT,E
9822,N_2,N10SELFDETERMINATION,N
9822,N_2,N11JEWISHRIGHTSDEFINE,N
9822,N_2,N11SELFDETERMINATION,N
9822,N_2,N11JEWISHRIGHTS,N
9822,N_2,N12DOUBLESTANDARD,N
28391,N_2,N2CONSPIRACY,N
28391,N_2,N2CONTROLMEDIA,N
28391,N_2,N2CONTROLECONOMY,N
28391,N_2,N2CONTROLGOV,N
28391,N_2,N2CONTROLOTHER,N
28391,N_2,N3COLLECTIVEBLAME,N
28391,N_2,N4HIDDENCONSPIRACY,N
28391,N_2,N4ISRAELHAND,N
28391,N_2,N5LOYALTY,N
28391,N_2,N6IDENTITYDENY,N
28391,N_2,N7COLLECTIVEGUILT,N
28391,N_2,N8VIOLENCE,N
28391,N_2,N9INCITEMENT,N
28391,N_2,N10SELFDETERMINATION,N
28391,N_2,N11JEWISHRIGHTSDEFINE,N
28391,N_2,N11SELFDETERMINATION,N
28391,N_2,N11JEWISHRIGHTS,N
28391,N_2,N12DOUBLESTANDARD,N
49377,N_2,N2CONSPIRACY,N
49377,N_2,N2CONTROLMEDIA,N
49377,N_2,N2CONTROLECONOMY,N
49377,N_2,N2CONTROLGOV,N
49377,N_2,N2CONTROLOTHER,N
49377,N_2,N3COLLECTIVEBLAME,N
49377,N_2,N4HIDDENCONSPIRACY,N
49377,N_2,N4ISRAELHAND,N
49377,N_2,N5LOYALTY,N
49377,N_2,N6IDENTITYDENY,N
49377,N_2,N7COLLECTIVEGUILT,N
49377,N_2,N8VIOLENCE,N
49377,N_2,N9INCITEMENT,N
49377,N_2,N10SELFDETERMINATION,N
49377,N_2,N11JEWISHRIGHTSDEFINE,N
49377,N_2,N11SELFDETERMINATION,N
49377,N_2,N11JEWISHRIGHTS,N
49377,N_2,N12DOUBLESTANDARD,N
32379,N_2,N2CONSPIRACY,N
32379,N_2,N2CONTROLMEDIA,N
32379,N_2,N2CONTROLECONOMY,N
32379,N_2,N2CONTROLGOV,N
32379,N_2,N2CONTROLOTHER,N
32379,N_2,N3COLLECTIVEBLAME,N
32379,N_2,N4HIDDENCONSPIRACY,N
32379,N_2,N4ISRAELHAND,N
32379,N_2,N5LOYALTY,N
32379,N_2,N6IDENTITYDENY,N
32379,N_2,N7COLLECTIVEGUILT,N
32379,N_2,N8VIOLENCE,N
32379,N_2,N9INCITEMENT,N
32379,N_2,N10SELFDETERMINATION,N
32379,N_2,N11JEWISHRIGHTSDEFINE,N
32379,N_2,N11SELFDETERMINATION,N
32379,N_2,N11JEWISHRIGHTS,N
32379,N_2,N12DOUBLESTANDARD,N
23278,N_2,N2CONSPIRACY,N
23278,N_2,N2CONTROLMEDIA,N
23278,N_2,N2CONTROLECONOMY,N
23278,N_2,N2CONTROLGOV,N
23278,N_2,N2CONTROLOTHER,N
23278,N_2,N3COLLECTIVEBLAME,N
23278,N_2,N4HIDDENCONSPIRACY,N
23278,N_2,N4ISRAELHAND,N
23278,N_2,N5LOYALTY,N
23278,N_2,N6IDENTITYDENY,N
23278,N_2,N7COLLECTIVEGUILT,N
23278,N_2,N8VIOLENCE,N
23278,N_2,N9INCITEMENT,N
23278,N_2,N10SELFDETERMINATION,N
23278,N_2,N11JEWISHRIGHTSDEFINE,N
23278,N_2,N11SELFDETERMINATION,N
23278,N_2,N11JEWISHRIGHTS,N
23278,N_2,N12DOUBLESTANDARD,N
27953,N_2,PARSE_ERROR,Expecting value: line 1 column 1 (char 0)
47614,N_2,N2CONSPIRACY,N
47614,N_2,N2CONTROLMEDIA,N
47614,N_2,N2CONTROLECONOMY,N
47614,N_2,N2CONTROLGOV,N
47614,N_2,N2CONTROLOTHER,N
47614,N_2,N3COLLECTIVEBLAME,N
47614,N_2,N4HIDDENCONSPIRACY,N
47614,N_2,N4ISRAELHAND,N
47614,N_2,N5LOYALTY,N
47614,N_2,N6IDENTITYDENY,N
47614,N_2,N7COLLECTIVEGUILT,N
47614,N_2,N8VIOLENCE,N
47614,N_2,N9INCITEMENT,N
47614,N_2,N10SELFDETERMINATION,N
47614,N_2,N11JEWISHRIGHTSDEFINE,N
47614,N_2,N11SELFDETERMINATION,N
47614,N_2,N11JEWISHRIGHTS,N
47614,N_2,N12DOUBLESTANDARD,N
29184,N_2,N2CONSPIRACY,N
29184,N_2,N2CONTROLMEDIA,N
29184,N_2,N2CONTROLECONOMY,N
29184,N_2,N2CONTROLGOV,N
29184,N_2,N2CONTROLOTHER,N
29184,N_2,N3COLLECTIVEBLAME,N
29184,N_2,N4HIDDENCONSPIRACY,N
29184,N_2,N4ISRAELHAND,N
29184,N_2,N5LOYALTY,N
29184,N_2,N6IDENTITYDENY,N
29184,N_2,N7COLLECTIVEGUILT,N
29184,N_2,N8VIOLENCE,N
29184,N_2,N9INCITEMENT,N
29184,N_2,N10SELFDETERMINATION,I
29184,N_2,N11JEWISHRIGHTSDEFINE,I
29184,N_2,N11SELFDETERMINATION,I
29184,N_2,N11JEWISHRIGHTS,N
29184,N_2,N12DOUBLESTANDARD,N
40765,N_2,N2CONSPIRACY,E
40765,N_2,N2CONTROLMEDIA,E
40765,N_2,N2CONTROLECONOMY,I
40765,N_2,N2CONTROLGOV,E
40765,N_2,N2CONTROLOTHER,I
40765,N_2,N3COLLECTIVEBLAME,N
40765,N_2,N4HIDDENCONSPIRACY,E
40765,N_2,N4ISRAELHAND,N
40765,N_2,N5LOYALTY,I
40765,N_2,N6IDENTITYDENY,N
40765,N_2,N7COLLECTIVEGUILT,N
40765,N_2,N8VIOLENCE,N
40765,N_2,N9INCITEMENT,N
40765,N_2,N10SELFDETERMINATION,N
40765,N_2,N11JEWISHRIGHTSDEFINE,N
40765,N_2,N11SELFDETERMINATION,N
40765,N_2,N11JEWISHRIGHTS,N
40765,N_2,N12DOUBLESTANDARD,N
205,N_2,N2CONSPIRACY,A
205,N_2,N2CONTROLMEDIA,N
205,N_2,N2CONTROLECONOMY,I
205,N_2,N2CONTROLGOV,N
205,N_2,N2CONTROLOTHER,N
205,N_2,N3COLLECTIVEBLAME,N
205,N_2,N4HIDDENCONSPIRACY,N
205,N_2,N4ISRAELHAND,N
205,N_2,N5LOYALTY,N
205,N_2,N6IDENTITYDENY,N
205,N_2,N7COLLECTIVEGUILT,N
205,N_2,N8VIOLENCE,N
205,N_2,N9INCITEMENT,N
205,N_2,N10SELFDETERMINATION,N
205,N_2,N11JEWISHRIGHTSDEFINE,N
205,N_2,N11SELFDETERMINATION,N
205,N_2,N11JEWISHRIGHTS,N
205,N_2,N12DOUBLESTANDARD,N
42539,N_2,N2CONSPIRACY,A
42539,N_2,N2CONTROLMEDIA,N
42539,N_2,N2CONTROLECONOMY,I
42539,N_2,N2CONTROLGOV,N
42539,N_2,N2CONTROLOTHER,N
42539,N_2,N3COLLECTIVEBLAME,N
42539,N_2,N4HIDDENCONSPIRACY,N
42539,N_2,N4ISRAELHAND,N
42539,N_2,N5LOYALTY,N
42539,N_2,N6IDENTITYDENY,N
42539,N_2,N7COLLECTIVEGUILT,N
42539,N_2,N8VIOLENCE,N
42539,N_2,N9INCITEMENT,N
42539,N_2,N10SELFDETERMINATION,N
42539,N_2,N11JEWISHRIGHTSDEFINE,N
42539,N_2,N11SELFDETERMINATION,N
42539,N_2,N11JEWISHRIGHTS,N
42539,N_2,N12DOUBLESTANDARD,N
27154,N_2,N2CONSPIRACY,N
27154,N_2,N2CONTROLMEDIA,N
27154,N_2,N2CONTROLECONOMY,N
27154,N_2,N2CONTROLGOV,N
27154,N_2,N2CONTROLOTHER,N
27154,N_2,N3COLLECTIVEBLAME,N
27154,N_2,N4HIDDENCONSPIRACY,N
27154,N_2,N4ISRAELHAND,N
27154,N_2,N5LOYALTY,N
27154,N_2,N6IDENTITYDENY,N
27154,N_2,N7COLLECTIVEGUILT,N
27154,N_2,N8VIOLENCE,N
27154,N_2,N9INCITEMENT,N
27154,N_2,N10SELFDETERMINATION,N
27154,N_2,N11JEWISHRIGHTSDEFINE,N
27154,N_2,N11SELFDETERMINATION,N
27154,N_2,N11JEWISHRIGHTS,N
27154,N_2,N12DOUBLESTANDARD,N
9874,N_2,N2CONSPIRACY,N
9874,N_2,N2CONTROLMEDIA,N
9874,N_2,N2CONTROLECONOMY,N
9874,N_2,N2CONTROLGOV,N
9874,N_2,N2CONTROLOTHER,N
9874,N_2,N3COLLECTIVEBLAME,N
9874,N_2,N4HIDDENCONSPIRACY,N
9874,N_2,N4ISRAELHAND,N
9874,N_2,N5LOYALTY,N
9874,N_2,N6IDENTITYDENY,N
9874,N_2,N7COLLECTIVEGUILT,N
9874,N_2,N8VIOLENCE,N
9874,N_2,N9INCITEMENT,N
9874,N_2,N10SELFDETERMINATION,N
9874,N_2,N11JEWISHRIGHTSDEFINE,N
9874,N_2,N11SELFDETERMINATION,N
9874,N_2,N11JEWISHRIGHTS,N
9874,N_2,N12DOUBLESTANDARD,N
29676,N_2,N2CONSPIRACY,N
29676,N_2,N2CONTROLMEDIA,N
29676,N_2,N2CONTROLECONOMY,N
29676,N_2,N2CONTROLGOV,N
29676,N_2,N2CONTROLOTHER,N
29676,N_2,N3COLLECTIVEBLAME,N
29676,N_2,N4HIDDENCONSPIRACY,N
29676,N_2,N4ISRAELHAND,N
29676,N_2,N5LOYALTY,N
29676,N_2,N6IDENTITYDENY,N
29676,N_2,N7COLLECTIVEGUILT,N
29676,N_2,N8VIOLENCE,N
29676,N_2,N9INCITEMENT,N
29676,N_2,N10SELFDETERMINATION,N
29676,N_2,N11JEWISHRIGHTSDEFINE,N
29676,N_2,N11SELFDETERMINATION,N
29676,N_2,N11JEWISHRIGHTS,N
29676,N_2,N12DOUBLESTANDARD,N
5872,N_2,N2CONSPIRACY,N
5872,N_2,N2CONTROLMEDIA,N
5872,N_2,N2CONTROLECONOMY,N
5872,N_2,N2CONTROLGOV,N
5872,N_2,N2CONTROLOTHER,N
5872,N_2,N3COLLECTIVEBLAME,N
5872,N_2,N4HIDDENCONSPIRACY,N
5872,N_2,N4ISRAELHAND,N
5872,N_2,N5LOYALTY,N
5872,N_2,N6IDENTITYDENY,N
5872,N_2,N7COLLECTIVEGUILT,N
5872,N_2,N8VIOLENCE,N
5872,N_2,N9INCITEMENT,N
5872,N_2,N10SELFDETERMINATION,N
5872,N_2,N11JEWISHRIGHTSDEFINE,N
5872,N_2,N11SELFDETERMINATION,N
5872,N_2,N11JEWISHRIGHTS,N
5872,N_2,N12DOUBLESTANDARD,N
47636,N_2,N2CONSPIRACY,E
47636,N_2,N2CONTROLMEDIA,N
47636,N_2,N2CONTROLECONOMY,N
47636,N_2,N2CONTROLGOV,I
47636,N_2,N2CONTROLOTHER,I
47636,N_2,N3COLLECTIVEBLAME,N
47636,N_2,N4HIDDENCONSPIRACY,E
47636,N_2,N4ISRAELHAND,N
47636,N_2,N5LOYALTY,N
47636,N_2,N6IDENTITYDENY,N
47636,N_2,N7COLLECTIVEGUILT,N
47636,N_2,N8VIOLENCE,N
47636,N_2,N9INCITEMENT,E
47636,N_2,N10SELFDETERMINATION,N
47636,N_2,N11JEWISHRIGHTSDEFINE,N
47636,N_2,N11SELFDETERMINATION,N
47636,N_2,N11JEWISHRIGHTS,N
47636,N_2,N12DOUBLESTANDARD,N
32060,N_2,N2CONSPIRACY,N
32060,N_2,N2CONTROLMEDIA,N
32060,N_2,N2CONTROLECONOMY,N
32060,N_2,N2CONTROLGOV,N
32060,N_2,N2CONTROLOTHER,N
32060,N_2,N3COLLECTIVEBLAME,N
32060,N_2,N4HIDDENCONSPIRACY,N
32060,N_2,N4ISRAELHAND,N
32060,N_2,N5LOYALTY,N
32060,N_2,N6IDENTITYDENY,N
32060,N_2,N7COLLECTIVEGUILT,N
32060,N_2,N8VIOLENCE,N
32060,N_2,N9INCITEMENT,N
32060,N_2,N10SELFDETERMINATION,N
32060,N_2,N11JEWISHRIGHTSDEFINE,N
32060,N_2,N11SELFDETERMINATION,N
32060,N_2,N11JEWISHRIGHTS,N
32060,N_2,N12DOUBLESTANDARD,N
15845,N_2,N2CONSPIRACY,N
15845,N_2,N2CONTROLMEDIA,N
15845,N_2,N2CONTROLECONOMY,N
15845,N_2,N2CONTROLGOV,N
15845,N_2,N2CONTROLOTHER,N
15845,N_2,N3COLLECTIVEBLAME,N
15845,N_2,N4HIDDENCONSPIRACY,I
15845,N_2,N4ISRAELHAND,N
15845,N_2,N5LOYALTY,N
15845,N_2,N6IDENTITYDENY,N
15845,N_2,N7COLLECTIVEGUILT,I
15845,N_2,N8VIOLENCE,N
15845,N_2,N9INCITEMENT,E
15845,N_2,N10SELFDETERMINATION,N
15845,N_2,N11JEWISHRIGHTSDEFINE,N
15845,N_2,N11SELFDETERMINATION,N
15845,N_2,N11JEWISHRIGHTS,N
15845,N_2,N12DOUBLESTANDARD,N
44509,N_2,N2CONSPIRACY,N
44509,N_2,N2CONTROLMEDIA,N
44509,N_2,N2CONTROLECONOMY,N
44509,N_2,N2CONTROLGOV,N
44509,N_2,N2CONTROLOTHER,N
44509,N_2,N3COLLECTIVEBLAME,N
44509,N_2,N4HIDDENCONSPIRACY,N
44509,N_2,N4ISRAELHAND,N
44509,N_2,N5LOYALTY,N
44509,N_2,N6IDENTITYDENY,N
44509,N_2,N7COLLECTIVEGUILT,N
44509,N_2,N8VIOLENCE,N
44509,N_2,N9INCITEMENT,I
44509,N_2,N10SELFDETERMINATION,N
44509,N_2,N11JEWISHRIGHTSDEFINE,N
44509,N_2,N11SELFDETERMINATION,N
44509,N_2,N11JEWISHRIGHTS,N
44509,N_2,N12DOUBLESTANDARD,N
49502,N_2,N2CONSPIRACY,N
49502,N_2,N2CONTROLMEDIA,N
49502,N_2,N2CONTROLECONOMY,N
49502,N_2,N2CONTROLGOV,N
49502,N_2,N2CONTROLOTHER,N
49502,N_2,N3COLLECTIVEBLAME,N
49502,N_2,N4HIDDENCONSPIRACY,N
49502,N_2,N4ISRAELHAND,N
49502,N_2,N5LOYALTY,N
49502,N_2,N6IDENTITYDENY,N
49502,N_2,N7COLLECTIVEGUILT,N
49502,N_2,N8VIOLENCE,N
49502,N_2,N9INCITEMENT,N
49502,N_2,N10SELFDETERMINATION,N
49502,N_2,N11JEWISHRIGHTSDEFINE,N
49502,N_2,N11SELFDETERMINATION,N
49502,N_2,N11JEWISHRIGHTS,N
49502,N_2,N12DOUBLESTANDARD,N
13660,N_2,N2CONSPIRACY,N
13660,N_2,N2CONTROLMEDIA,N
13660,N_2,N2CONTROLECONOMY,N
13660,N_2,N2CONTROLGOV,N
13660,N_2,N2CONTROLOTHER,N
13660,N_2,N3COLLECTIVEBLAME,N
13660,N_2,N4HIDDENCONSPIRACY,N
13660,N_2,N4ISRAELHAND,N
13660,N_2,N5LOYALTY,N
13660,N_2,N6IDENTITYDENY,N
13660,N_2,N7COLLECTIVEGUILT,N
13660,N_2,N8VIOLENCE,N
13660,N_2,N9INCITEMENT,N
13660,N_2,N10SELFDETERMINATION,N
13660,N_2,N11JEWISHRIGHTSDEFINE,N
13660,N_2,N11SELFDETERMINATION,N
13660,N_2,N11JEWISHRIGHTS,N
13660,N_2,N12DOUBLESTANDARD,N
9404,N_2,PARSE_ERROR,Expecting value: line 1 column 1 (char 0)
42992,N_2,N2CONSPIRACY,N
42992,N_2,N2CONTROLMEDIA,N
42992,N_2,N2CONTROLECONOMY,N
42992,N_2,N2CONTROLGOV,N
42992,N_2,N2CONTROLOTHER,N
42992,N_2,N3COLLECTIVEBLAME,N
42992,N_2,N4HIDDENCONSPIRACY,N
42992,N_2,N4ISRAELHAND,N
42992,N_2,N5LOYALTY,N
42992,N_2,N6IDENTITYDENY,N
42992,N_2,N7COLLECTIVEGUILT,N
42992,N_2,N8VIOLENCE,N
42992,N_2,N9INCITEMENT,N
42992,N_2,N10SELFDETERMINATION,N
42992,N_2,N11JEWISHRIGHTSDEFINE,N
42992,N_2,N11SELFDETERMINATION,N
42992,N_2,N11JEWISHRIGHTS,N
42992,N_2,N12DOUBLESTANDARD,N
37390,N_2,N2CONSPIRACY,N
37390,N_2,N2CONTROLMEDIA,N
37390,N_2,N2CONTROLECONOMY,N
37390,N_2,N2CONTROLGOV,N
37390,N_2,N2CONTROLOTHER,N
37390,N_2,N3COLLECTIVEBLAME,N
37390,N_2,N4HIDDENCONSPIRACY,N
37390,N_2,N4ISRAELHAND,N
37390,N_2,N5LOYALTY,N
37390,N_2,N6IDENTITYDENY,N
37390,N_2,N7COLLECTIVEGUILT,N
37390,N_2,N8VIOLENCE,N
37390,N_2,N9INCITEMENT,N
37390,N_2,N10SELFDETERMINATION,N
37390,N_2,N11JEWISHRIGHTSDEFINE,N
37390,N_2,N11SELFDETERMINATION,N
37390,N_2,N11JEWISHRIGHTS,N
37390,N_2,N12DOUBLESTANDARD,N
45009,N_2,N2CONSPIRACY,I
45009,N_2,N2CONTROLMEDIA,N
45009,N_2,N2CONTROLECONOMY,N
45009,N_2,N2CONTROLGOV,N
45009,N_2,N2CONTROLOTHER,I
45009,N_2,N3COLLECTIVEBLAME,N
45009,N_2,N4HIDDENCONSPIRACY,N
45009,N_2,N4ISRAELHAND,N
45009,N_2,N5LOYALTY,N
45009,N_2,N6IDENTITYDENY,N
45009,N_2,N7COLLECTIVEGUILT,N
45009,N_2,N8VIOLENCE,N
45009,N_2,N9INCITEMENT,N
45009,N_2,N10SELFDETERMINATION,N
45009,N_2,N11JEWISHRIGHTSDEFINE,N
45009,N_2,N11SELFDETERMINATION,N
45009,N_2,N11JEWISHRIGHTS,N
45009,N_2,N12DOUBLESTANDARD,N
17779,N_2,N2CONSPIRACY,N
17779,N_2,N2CONTROLMEDIA,N
17779,N_2,N2CONTROLECONOMY,N
17779,N_2,N2CONTROLGOV,N
17779,N_2,N2CONTROLOTHER,N
17779,N_2,N3COLLECTIVEBLAME,N
17779,N_2,N4HIDDENCONSPIRACY,N
17779,N_2,N4ISRAELHAND,N
17779,N_2,N5LOYALTY,I
17779,N_2,N6IDENTITYDENY,N
17779,N_2,N7COLLECTIVEGUILT,N
17779,N_2,N8VIOLENCE,N
17779,N_2,N9INCITEMENT,N
17779,N_2,N10SELFDETERMINATION,N
17779,N_2,N11JEWISHRIGHTSDEFINE,N
17779,N_2,N11SELFDETERMINATION,N
17779,N_2,N11JEWISHRIGHTS,N
17779,N_2,N12DOUBLESTANDARD,N
44883,N_2,N2CONSPIRACY,N
44883,N_2,N2CONTROLMEDIA,N
44883,N_2,N2CONTROLECONOMY,N
44883,N_2,N2CONTROLGOV,N
44883,N_2,N2CONTROLOTHER,N
44883,N_2,N3COLLECTIVEBLAME,N
44883,N_2,N4HIDDENCONSPIRACY,N
44883,N_2,N4ISRAELHAND,N
44883,N_2,N5LOYALTY,N
44883,N_2,N6IDENTITYDENY,N
44883,N_2,N7COLLECTIVEGUILT,N
44883,N_2,N8VIOLENCE,N
44883,N_2,N9INCITEMENT,N
44883,N_2,N10SELFDETERMINATION,N
44883,N_2,N11JEWISHRIGHTSDEFINE,N
44883,N_2,N11SELFDETERMINATION,N
44883,N_2,N11JEWISHRIGHTS,N
44883,N_2,N12DOUBLESTANDARD,N
16322,N_2,N2CONSPIRACY,N
16322,N_2,N2CONTROLMEDIA,N
16322,N_2,N2CONTROLECONOMY,N
16322,N_2,N2CONTROLGOV,N
16322,N_2,N2CONTROLOTHER,N
16322,N_2,N3COLLECTIVEBLAME,N
16322,N_2,N4HIDDENCONSPIRACY,N
16322,N_2,N4ISRAELHAND,N
16322,N_2,N5LOYALTY,N
16322,N_2,N6IDENTITYDENY,N
16322,N_2,N7COLLECTIVEGUILT,N
16322,N_2,N8VIOLENCE,N
16322,N_2,N9INCITEMENT,N
16322,N_2,N10SELFDETERMINATION,N
16322,N_2,N11JEWISHRIGHTSDEFINE,N
16322,N_2,N11SELFDETERMINATION,N
16322,N_2,N11JEWISHRIGHTS,N
16322,N_2,N12DOUBLESTANDARD,N
30903,N_2,N2CONSPIRACY,N
30903,N_2,N2CONTROLMEDIA,N
30903,N_2,N2CONTROLECONOMY,N
30903,N_2,N2CONTROLGOV,N
30903,N_2,N2CONTROLOTHER,N
30903,N_2,N3COLLECTIVEBLAME,N
30903,N_2,N4HIDDENCONSPIRACY,N
30903,N_2,N4ISRAELHAND,N
30903,N_2,N5LOYALTY,N
30903,N_2,N6IDENTITYDENY,N
30903,N_2,N7COLLECTIVEGUILT,N
30903,N_2,N8VIOLENCE,N
30903,N_2,N9INCITEMENT,N
30903,N_2,N10SELFDETERMINATION,N
30903,N_2,N11JEWISHRIGHTSDEFINE,N
30903,N_2,N11SELFDETERMINATION,N
30903,N_2,N11JEWISHRIGHTS,N
30903,N_2,N12DOUBLESTANDARD,N
16071,N_2,N2CONSPIRACY,N
16071,N_2,N2CONTROLMEDIA,N
16071,N_2,N2CONTROLECONOMY,N
16071,N_2,N2CONTROLGOV,N
16071,N_2,N2CONTROLOTHER,N
16071,N_2,N3COLLECTIVEBLAME,N
16071,N_2,N4HIDDENCONSPIRACY,N
16071,N_2,N4ISRAELHAND,N
16071,N_2,N5LOYALTY,N
16071,N_2,N6IDENTITYDENY,N
16071,N_2,N7COLLECTIVEGUILT,N
16071,N_2,N8VIOLENCE,N
16071,N_2,N9INCITEMENT,N
16071,N_2,N10SELFDETERMINATION,N
16071,N_2,N11JEWISHRIGHTSDEFINE,N
16071,N_2,N11SELFDETERMINATION,N
16071,N_2,N11JEWISHRIGHTS,N
16071,N_2,N12DOUBLESTANDARD,N
19492,N_2,N2CONSPIRACY,N
19492,N_2,N2CONTROLMEDIA,N
19492,N_2,N2CONTROLECONOMY,N
19492,N_2,N2CONTROLGOV,N
19492,N_2,N2CONTROLOTHER,N
19492,N_2,N3COLLECTIVEBLAME,N
19492,N_2,N4HIDDENCONSPIRACY,N
19492,N_2,N4ISRAELHAND,N
19492,N_2,N5LOYALTY,N
19492,N_2,N6IDENTITYDENY,N
19492,N_2,N7COLLECTIVEGUILT,N
19492,N_2,N8VIOLENCE,N
19492,N_2,N9INCITEMENT,N
19492,N_2,N10SELFDETERMINATION,N
19492,N_2,N11JEWISHRIGHTSDEFINE,N
19492,N_2,N11SELFDETERMINATION,N
19492,N_2,N11JEWISHRIGHTS,N
19492,N_2,N12DOUBLESTANDARD,N
34010,N_2,N2CONSPIRACY,N
34010,N_2,N2CONTROLMEDIA,N
34010,N_2,N2CONTROLECONOMY,N
34010,N_2,N2CONTROLGOV,N
34010,N_2,N2CONTROLOTHER,N
34010,N_2,N3COLLECTIVEBLAME,N
34010,N_2,N4HIDDENCONSPIRACY,N
34010,N_2,N4ISRAELHAND,N
34010,N_2,N5LOYALTY,N
34010,N_2,N6IDENTITYDENY,N
34010,N_2,N7COLLECTIVEGUILT,N
34010,N_2,N8VIOLENCE,N
34010,N_2,N9INCITEMENT,E
34010,N_2,N10SELFDETERMINATION,N
34010,N_2,N11JEWISHRIGHTSDEFINE,N
34010,N_2,N11SELFDETERMINATION,N
34010,N_2,N11JEWISHRIGHTS,N
34010,N_2,N12DOUBLESTANDARD,N
8029,N_2,N2CONSPIRACY,N
8029,N_2,N2CONTROLMEDIA,N
8029,N_2,N2CONTROLECONOMY,N
8029,N_2,N2CONTROLGOV,N
8029,N_2,N2CONTROLOTHER,N
8029,N_2,N3COLLECTIVEBLAME,N
8029,N_2,N4HIDDENCONSPIRACY,N
8029,N_2,N4ISRAELHAND,N
8029,N_2,N5LOYALTY,N
8029,N_2,N6IDENTITYDENY,N
8029,N_2,N7COLLECTIVEGUILT,N
8029,N_2,N8VIOLENCE,N
8029,N_2,N9INCITEMENT,N
8029,N_2,N10SELFDETERMINATION,N
8029,N_2,N11JEWISHRIGHTSDEFINE,N
8029,N_2,N11SELFDETERMINATION,N
8029,N_2,N11JEWISHRIGHTS,N
8029,N_2,N12DOUBLESTANDARD,N
44474,N_2,N2CONSPIRACY,N
44474,N_2,N2CONTROLMEDIA,N
44474,N_2,N2CONTROLECONOMY,N
44474,N_2,N2CONTROLGOV,N
44474,N_2,N2CONTROLOTHER,N
44474,N_2,N3COLLECTIVEBLAME,N
44474,N_2,N4HIDDENCONSPIRACY,N
44474,N_2,N4ISRAELHAND,N
44474,N_2,N5LOYALTY,N
44474,N_2,N6IDENTITYDENY,N
44474,N_2,N7COLLECTIVEGUILT,I
44474,N_2,N8VIOLENCE,N
44474,N_2,N9INCITEMENT,I
44474,N_2,N10SELFDETERMINATION,N
44474,N_2,N11JEWISHRIGHTSDEFINE,N
44474,N_2,N11SELFDETERMINATION,N
44474,N_2,N11JEWISHRIGHTS,N
44474,N_2,N12DOUBLESTANDARD,N
40441,N_2,N2CONSPIRACY,N
40441,N_2,N2CONTROLMEDIA,N
40441,N_2,N2CONTROLECONOMY,N
40441,N_2,N2CONTROLGOV,N
40441,N_2,N2CONTROLOTHER,N
40441,N_2,N3COLLECTIVEBLAME,N
40441,N_2,N4HIDDENCONSPIRACY,N
40441,N_2,N4ISRAELHAND,N
40441,N_2,N5LOYALTY,N
40441,N_2,N6IDENTITYDENY,N
40441,N_2,N7COLLECTIVEGUILT,N
40441,N_2,N8VIOLENCE,N
40441,N_2,N9INCITEMENT,N
40441,N_2,N10SELFDETERMINATION,N
40441,N_2,N11JEWISHRIGHTSDEFINE,N
40441,N_2,N11SELFDETERMINATION,N
40441,N_2,N11JEWISHRIGHTS,N
40441,N_2,N12DOUBLESTANDARD,N
38596,N_2,N2CONSPIRACY,N
38596,N_2,N2CONTROLMEDIA,N
38596,N_2,N2CONTROLECONOMY,N
38596,N_2,N2CONTROLGOV,N
38596,N_2,N2CONTROLOTHER,N
38596,N_2,N3COLLECTIVEBLAME,N
38596,N_2,N4HIDDENCONSPIRACY,N
38596,N_2,N4ISRAELHAND,N
38596,N_2,N5LOYALTY,N
38596,N_2,N6IDENTITYDENY,N
38596,N_2,N7COLLECTIVEGUILT,N
38596,N_2,N8VIOLENCE,N
38596,N_2,N9INCITEMENT,N
38596,N_2,N10SELFDETERMINATION,N
38596,N_2,N11JEWISHRIGHTSDEFINE,N
38596,N_2,N11SELFDETERMINATION,N
38596,N_2,N11JEWISHRIGHTS,N
38596,N_2,N12DOUBLESTANDARD,N
17559,N_2,N2CONSPIRACY,N
17559,N_2,N2CONTROLMEDIA,N
17559,N_2,N2CONTROLECONOMY,N
17559,N_2,N2CONTROLGOV,N
17559,N_2,N2CONTROLOTHER,N
17559,N_2,N3COLLECTIVEBLAME,N
17559,N_2,N4HIDDENCONSPIRACY,N
17559,N_2,N4ISRAELHAND,N
17559,N_2,N5LOYALTY,N
17559,N_2,N6IDENTITYDENY,N
17559,N_2,N7COLLECTIVEGUILT,N
17559,N_2,N8VIOLENCE,N
17559,N_2,N9INCITEMENT,N
17559,N_2,N10SELFDETERMINATION,N
17559,N_2,N11JEWISHRIGHTSDEFINE,N
17559,N_2,N11SELFDETERMINATION,N
17559,N_2,N11JEWISHRIGHTS,N
17559,N_2,N12DOUBLESTANDARD,N
43747,N_2,N2CONSPIRACY,N
43747,N_2,N2CONTROLMEDIA,N
43747,N_2,N2CONTROLECONOMY,N
43747,N_2,N2CONTROLGOV,N
43747,N_2,N2CONTROLOTHER,N
43747,N_2,N3COLLECTIVEBLAME,N
43747,N_2,N4HIDDENCONSPIRACY,N
43747,N_2,N4ISRAELHAND,N
43747,N_2,N5LOYALTY,N
43747,N_2,N6IDENTITYDENY,N
43747,N_2,N7COLLECTIVEGUILT,N
43747,N_2,N8VIOLENCE,N
43747,N_2,N9INCITEMENT,N
43747,N_2,N10SELFDETERMINATION,N
43747,N_2,N11JEWISHRIGHTSDEFINE,N
43747,N_2,N11SELFDETERMINATION,N
43747,N_2,N11JEWISHRIGHTS,N
43747,N_2,N12DOUBLESTANDARD,N
38068,N_2,N2CONSPIRACY,N
38068,N_2,N2CONTROLMEDIA,N
38068,N_2,N2CONTROLECONOMY,N
38068,N_2,N2CONTROLGOV,N
38068,N_2,N2CONTROLOTHER,N
38068,N_2,N3COLLECTIVEBLAME,N
38068,N_2,N4HIDDENCONSPIRACY,N
38068,N_2,N4ISRAELHAND,N
38068,N_2,N5LOYALTY,N
38068,N_2,N6IDENTITYDENY,N
38068,N_2,N7COLLECTIVEGUILT,N
38068,N_2,N8VIOLENCE,N
38068,N_2,N9INCITEMENT,A
38068,N_2,N10SELFDETERMINATION,N
38068,N_2,N11JEWISHRIGHTSDEFINE,N
38068,N_2,N11SELFDETERMINATION,N
38068,N_2,N11JEWISHRIGHTS,N
38068,N_2,N12DOUBLESTANDARD,N
5085,N_2,N2CONSPIRACY,N
5085,N_2,N2CONTROLMEDIA,N
5085,N_2,N2CONTROLECONOMY,N
5085,N_2,N2CONTROLGOV,N
5085,N_2,N2CONTROLOTHER,N
5085,N_2,N3COLLECTIVEBLAME,N
5085,N_2,N4HIDDENCONSPIRACY,N
5085,N_2,N4ISRAELHAND,N
5085,N_2,N5LOYALTY,N
5085,N_2,N6IDENTITYDENY,N
5085,N_2,N7COLLECTIVEGUILT,N
5085,N_2,N8VIOLENCE,N
5085,N_2,N9INCITEMENT,N
5085,N_2,N10SELFDETERMINATION,N
5085,N_2,N11JEWISHRIGHTSDEFINE,N
5085,N_2,N11SELFDETERMINATION,N
5085,N_2,N11JEWISHRIGHTS,N
5085,N_2,N12DOUBLESTANDARD,N
7603,N_2,N2CONSPIRACY,N
7603,N_2,N2CONTROLMEDIA,N
7603,N_2,N2CONTROLECONOMY,N
7603,N_2,N2CONTROLGOV,N
7603,N_2,N2CONTROLOTHER,N
7603,N_2,N3COLLECTIVEBLAME,N
7603,N_2,N4HIDDENCONSPIRACY,N
7603,N_2,N4ISRAELHAND,N
7603,N_2,N5LOYALTY,N
7603,N_2,N6IDENTITYDENY,N
7603,N_2,N7COLLECTIVEGUILT,N
7603,N_2,N8VIOLENCE,N
7603,N_2,N9INCITEMENT,N
7603,N_2,N10SELFDETERMINATION,N
7603,N_2,N11JEWISHRIGHTSDEFINE,N
7603,N_2,N11SELFDETERMINATION,N
7603,N_2,N11JEWISHRIGHTS,N
7603,N_2,N12DOUBLESTANDARD,N
14117,N_2,N2CONSPIRACY,N
14117,N_2,N2CONTROLMEDIA,N
14117,N_2,N2CONTROLECONOMY,N
14117,N_2,N2CONTROLGOV,N
14117,N_2,N2CONTROLOTHER,N
14117,N_2,N3COLLECTIVEBLAME,N
14117,N_2,N4HIDDENCONSPIRACY,N
14117,N_2,N4ISRAELHAND,N
14117,N_2,N5LOYALTY,N
14117,N_2,N6IDENTITYDENY,N
14117,N_2,N7COLLECTIVEGUILT,N
14117,N_2,N8VIOLENCE,N
14117,N_2,N9INCITEMENT,N
14117,N_2,N10SELFDETERMINATION,N
14117,N_2,N11JEWISHRIGHTSDEFINE,N
14117,N_2,N11SELFDETERMINATION,N
14117,N_2,N11JEWISHRIGHTS,N
14117,N_2,N12DOUBLESTANDARD,N
42572,N_2,N2CONSPIRACY,N
42572,N_2,N2CONTROLMEDIA,N
42572,N_2,N2CONTROLECONOMY,N
42572,N_2,N2CONTROLGOV,N
42572,N_2,N2CONTROLOTHER,N
42572,N_2,N3COLLECTIVEBLAME,N
42572,N_2,N4HIDDENCONSPIRACY,N
42572,N_2,N4ISRAELHAND,N
42572,N_2,N5LOYALTY,N
42572,N_2,N6IDENTITYDENY,N
42572,N_2,N7COLLECTIVEGUILT,N
42572,N_2,N8VIOLENCE,N
42572,N_2,N9INCITEMENT,N
42572,N_2,N10SELFDETERMINATION,N
42572,N_2,N11JEWISHRIGHTSDEFINE,N
42572,N_2,N11SELFDETERMINATION,N
42572,N_2,N11JEWISHRIGHTS,N
42572,N_2,N12DOUBLESTANDARD,N
1086,N_2,N2CONSPIRACY,N
1086,N_2,N2CONTROLMEDIA,N
1086,N_2,N2CONTROLECONOMY,N
1086,N_2,N2CONTROLGOV,N
1086,N_2,N2CONTROLOTHER,N
1086,N_2,N3COLLECTIVEBLAME,N
1086,N_2,N4HIDDENCONSPIRACY,N
1086,N_2,N4ISRAELHAND,N
1086,N_2,N5LOYALTY,N
1086,N_2,N6IDENTITYDENY,N
1086,N_2,N7COLLECTIVEGUILT,N
1086,N_2,N8VIOLENCE,N
1086,N_2,N9INCITEMENT,N
1086,N_2,N10SELFDETERMINATION,N
1086,N_2,N11JEWISHRIGHTSDEFINE,N
1086,N_2,N11SELFDETERMINATION,N
1086,N_2,N11JEWISHRIGHTS,N
1086,N_2,N12DOUBLESTANDARD,N
8460,N_2,N2CONSPIRACY,N
8460,N_2,N2CONTROLMEDIA,N
8460,N_2,N2CONTROLECONOMY,N
8460,N_2,N2CONTROLGOV,N
8460,N_2,N2CONTROLOTHER,N
8460,N_2,N3COLLECTIVEBLAME,N
8460,N_2,N4HIDDENCONSPIRACY,N
8460,N_2,N4ISRAELHAND,N
8460,N_2,N5LOYALTY,N
8460,N_2,N6IDENTITYDENY,N
8460,N_2,N7COLLECTIVEGUILT,N
8460,N_2,N8VIOLENCE,N
8460,N_2,N9INCITEMENT,N
8460,N_2,N10SELFDETERMINATION,N
8460,N_2,N11JEWISHRIGHTSDEFINE,N
8460,N_2,N11SELFDETERMINATION,N
8460,N_2,N11JEWISHRIGHTS,N
8460,N_2,N12DOUBLESTANDARD,N
7628,N_2,N2CONSPIRACY,N
7628,N_2,N2CONTROLMEDIA,N
7628,N_2,N2CONTROLECONOMY,N
7628,N_2,N2CONTROLGOV,N
7628,N_2,N2CONTROLOTHER,N
7628,N_2,N3COLLECTIVEBLAME,N
7628,N_2,N4HIDDENCONSPIRACY,N
7628,N_2,N4ISRAELHAND,N
7628,N_2,N5LOYALTY,N
7628,N_2,N6IDENTITYDENY,N
7628,N_2,N7COLLECTIVEGUILT,N
7628,N_2,N8VIOLENCE,N
7628,N_2,N9INCITEMENT,N
7628,N_2,N10SELFDETERMINATION,N
7628,N_2,N11JEWISHRIGHTSDEFINE,N
7628,N_2,N11SELFDETERMINATION,N
7628,N_2,N11JEWISHRIGHTS,N
7628,N_2,N12DOUBLESTANDARD,N
34749,N_2,N2CONSPIRACY,N
34749,N_2,N2CONTROLMEDIA,N
34749,N_2,N2CONTROLECONOMY,N
34749,N_2,N2CONTROLGOV,N
34749,N_2,N2CONTROLOTHER,N
34749,N_2,N3COLLECTIVEBLAME,N
34749,N_2,N4HIDDENCONSPIRACY,N
34749,N_2,N4ISRAELHAND,N
34749,N_2,N5LOYALTY,N
34749,N_2,N6IDENTITYDENY,N
34749,N_2,N7COLLECTIVEGUILT,N
34749,N_2,N8VIOLENCE,N
34749,N_2,N9INCITEMENT,N
34749,N_2,N10SELFDETERMINATION,N
34749,N_2,N11JEWISHRIGHTSDEFINE,N
34749,N_2,N11SELFDETERMINATION,N
34749,N_2,N11JEWISHRIGHTS,N
34749,N_2,N12DOUBLESTANDARD,N
30046,N_2,N2CONSPIRACY,N
30046,N_2,N2CONTROLMEDIA,N
30046,N_2,N2CONTROLECONOMY,N
30046,N_2,N2CONTROLGOV,N
30046,N_2,N2CONTROLOTHER,N
30046,N_2,N3COLLECTIVEBLAME,N
30046,N_2,N4HIDDENCONSPIRACY,N
30046,N_2,N4ISRAELHAND,N
30046,N_2,N5LOYALTY,N
30046,N_2,N6IDENTITYDENY,N
30046,N_2,N7COLLECTIVEGUILT,N
30046,N_2,N8VIOLENCE,N
30046,N_2,N9INCITEMENT,N
30046,N_2,N10SELFDETERMINATION,N
30046,N_2,N11JEWISHRIGHTSDEFINE,N
30046,N_2,N11SELFDETERMINATION,N
30046,N_2,N11JEWISHRIGHTS,N
30046,N_2,N12DOUBLESTANDARD,N
50034,N_2,N2CONSPIRACY,N
50034,N_2,N2CONTROLMEDIA,N
50034,N_2,N2CONTROLECONOMY,N
50034,N_2,N2CONTROLGOV,N
50034,N_2,N2CONTROLOTHER,N
50034,N_2,N3COLLECTIVEBLAME,N
50034,N_2,N4HIDDENCONSPIRACY,N
50034,N_2,N4ISRAELHAND,N
50034,N_2,N5LOYALTY,N
50034,N_2,N6IDENTITYDENY,N
50034,N_2,N7COLLECTIVEGUILT,N
50034,N_2,N8VIOLENCE,N
50034,N_2,N9INCITEMENT,N
50034,N_2,N10SELFDETERMINATION,N
50034,N_2,N11JEWISHRIGHTSDEFINE,N
50034,N_2,N11SELFDETERMINATION,N
50034,N_2,N11JEWISHRIGHTS,N
50034,N_2,N12DOUBLESTANDARD,N
29933,N_2,N2CONSPIRACY,N
29933,N_2,N2CONTROLMEDIA,N
29933,N_2,N2CONTROLECONOMY,N
29933,N_2,N2CONTROLGOV,N
29933,N_2,N2CONTROLOTHER,N
29933,N_2,N3COLLECTIVEBLAME,N
29933,N_2,N4HIDDENCONSPIRACY,N
29933,N_2,N4ISRAELHAND,N
29933,N_2,N5LOYALTY,N
29933,N_2,N6IDENTITYDENY,N
29933,N_2,N7COLLECTIVEGUILT,N
29933,N_2,N8VIOLENCE,N
29933,N_2,N9INCITEMENT,N
29933,N_2,N10SELFDETERMINATION,N
29933,N_2,N11JEWISHRIGHTSDEFINE,N
29933,N_2,N11SELFDETERMINATION,N
29933,N_2,N11JEWISHRIGHTS,N
29933,N_2,N12DOUBLESTANDARD,N
44611,N_2,N2CONSPIRACY,N
44611,N_2,N2CONTROLMEDIA,N
44611,N_2,N2CONTROLECONOMY,N
44611,N_2,N2CONTROLGOV,N
44611,N_2,N2CONTROLOTHER,N
44611,N_2,N3COLLECTIVEBLAME,N
44611,N_2,N4HIDDENCONSPIRACY,N
44611,N_2,N4ISRAELHAND,N
44611,N_2,N5LOYALTY,N
44611,N_2,N6IDENTITYDENY,N
44611,N_2,N7COLLECTIVEGUILT,N
44611,N_2,N8VIOLENCE,N
44611,N_2,N9INCITEMENT,N
44611,N_2,N10SELFDETERMINATION,N
44611,N_2,N11JEWISHRIGHTSDEFINE,N
44611,N_2,N11SELFDETERMINATION,N
44611,N_2,N11JEWISHRIGHTS,N
44611,N_2,N12DOUBLESTANDARD,N
34736,N_2,N2CONSPIRACY,N
34736,N_2,N2CONTROLMEDIA,N
34736,N_2,N2CONTROLECONOMY,N
34736,N_2,N2CONTROLGOV,N
34736,N_2,N2CONTROLOTHER,N
34736,N_2,N3COLLECTIVEBLAME,N
34736,N_2,N4HIDDENCONSPIRACY,N
34736,N_2,N4ISRAELHAND,N
34736,N_2,N5LOYALTY,N
34736,N_2,N6IDENTITYDENY,N
34736,N_2,N7COLLECTIVEGUILT,N
34736,N_2,N8VIOLENCE,N
34736,N_2,N9INCITEMENT,N
34736,N_2,N10SELFDETERMINATION,N
34736,N_2,N11JEWISHRIGHTSDEFINE,N
34736,N_2,N11SELFDETERMINATION,N
34736,N_2,N11JEWISHRIGHTS,N
34736,N_2,N12DOUBLESTANDARD,N
11900,N_2,N2CONSPIRACY,N
11900,N_2,N2CONTROLMEDIA,N
11900,N_2,N2CONTROLECONOMY,N
11900,N_2,N2CONTROLGOV,N
11900,N_2,N2CONTROLOTHER,N
11900,N_2,N3COLLECTIVEBLAME,N
11900,N_2,N4HIDDENCONSPIRACY,N
11900,N_2,N4ISRAELHAND,N
11900,N_2,N5LOYALTY,N
11900,N_2,N6IDENTITYDENY,N
11900,N_2,N7COLLECTIVEGUILT,N
11900,N_2,N8VIOLENCE,N
11900,N_2,N9INCITEMENT,N
11900,N_2,N10SELFDETERMINATION,N
11900,N_2,N11JEWISHRIGHTSDEFINE,N
11900,N_2,N11SELFDETERMINATION,N
11900,N_2,N11JEWISHRIGHTS,N
11900,N_2,N12DOUBLESTANDARD,N
42025,N_2,N2CONSPIRACY,N
42025,N_2,N2CONTROLMEDIA,N
42025,N_2,N2CONTROLECONOMY,N
42025,N_2,N2CONTROLGOV,N
42025,N_2,N2CONTROLOTHER,N
42025,N_2,N3COLLECTIVEBLAME,N
42025,N_2,N4HIDDENCONSPIRACY,N
42025,N_2,N4ISRAELHAND,N
42025,N_2,N5LOYALTY,N
42025,N_2,N6IDENTITYDENY,N
42025,N_2,N7COLLECTIVEGUILT,N
42025,N_2,N8VIOLENCE,N
42025,N_2,N9INCITEMENT,N
42025,N_2,N10SELFDETERMINATION,N
42025,N_2,N11JEWISHRIGHTSDEFINE,N
42025,N_2,N11SELFDETERMINATION,N
42025,N_2,N11JEWISHRIGHTS,N
42025,N_2,N12DOUBLESTANDARD,N
25790,N_2,N2CONSPIRACY,N
25790,N_2,N2CONTROLMEDIA,N
25790,N_2,N2CONTROLECONOMY,N
25790,N_2,N2CONTROLGOV,N
25790,N_2,N2CONTROLOTHER,N
25790,N_2,N3COLLECTIVEBLAME,N
25790,N_2,N4HIDDENCONSPIRACY,N
25790,N_2,N4ISRAELHAND,N
25790,N_2,N5LOYALTY,N
25790,N_2,N6IDENTITYDENY,N
25790,N_2,N7COLLECTIVEGUILT,N
25790,N_2,N8VIOLENCE,N
25790,N_2,N9INCITEMENT,N
25790,N_2,N10SELFDETERMINATION,N
25790,N_2,N11JEWISHRIGHTSDEFINE,N
25790,N_2,N11SELFDETERMINATION,N
25790,N_2,N11JEWISHRIGHTS,N
25790,N_2,N12DOUBLESTANDARD,N
49858,N_2,N2CONSPIRACY,N
49858,N_2,N2CONTROLMEDIA,N
49858,N_2,N2CONTROLECONOMY,N
49858,N_2,N2CONTROLGOV,N
49858,N_2,N2CONTROLOTHER,N
49858,N_2,N3COLLECTIVEBLAME,N
49858,N_2,N4HIDDENCONSPIRACY,A
49858,N_2,N4ISRAELHAND,N
49858,N_2,N5LOYALTY,N
49858,N_2,N6IDENTITYDENY,N
49858,N_2,N7COLLECTIVEGUILT,N
49858,N_2,N8VIOLENCE,N
49858,N_2,N9INCITEMENT,N
49858,N_2,N10SELFDETERMINATION,N
49858,N_2,N11JEWISHRIGHTSDEFINE,N
49858,N_2,N11SELFDETERMINATION,N
49858,N_2,N11JEWISHRIGHTS,N
49858,N_2,N12DOUBLESTANDARD,N
12227,N_2,N2CONSPIRACY,N
12227,N_2,N2CONTROLMEDIA,N
12227,N_2,N2CONTROLECONOMY,N
12227,N_2,N2CONTROLGOV,N
12227,N_2,N2CONTROLOTHER,N
12227,N_2,N3COLLECTIVEBLAME,N
12227,N_2,N4HIDDENCONSPIRACY,N
12227,N_2,N4ISRAELHAND,N
12227,N_2,N5LOYALTY,N
12227,N_2,N6IDENTITYDENY,N
12227,N_2,N7COLLECTIVEGUILT,N
12227,N_2,N8VIOLENCE,N
12227,N_2,N9INCITEMENT,N
12227,N_2,N10SELFDETERMINATION,N
12227,N_2,N11JEWISHRIGHTSDEFINE,N
12227,N_2,N11SELFDETERMINATION,N
12227,N_2,N11JEWISHRIGHTS,N
12227,N_2,N12DOUBLESTANDARD,N
32911,N_2,N2CONSPIRACY,N
32911,N_2,N2CONTROLMEDIA,N
32911,N_2,N2CONTROLECONOMY,N
32911,N_2,N2CONTROLGOV,N
32911,N_2,N2CONTROLOTHER,N
32911,N_2,N3COLLECTIVEBLAME,N
32911,N_2,N4HIDDENCONSPIRACY,N
32911,N_2,N4ISRAELHAND,N
32911,N_2,N5LOYALTY,N
32911,N_2,N6IDENTITYDENY,N
32911,N_2,N7COLLECTIVEGUILT,N
32911,N_2,N8VIOLENCE,N
32911,N_2,N9INCITEMENT,N
32911,N_2,N10SELFDETERMINATION,N
32911,N_2,N11JEWISHRIGHTSDEFINE,N
32911,N_2,N11SELFDETERMINATION,N
32911,N_2,N11JEWISHRIGHTS,N
32911,N_2,N12DOUBLESTANDARD,N
20477,N_2,N2CONSPIRACY,N
20477,N_2,N2CONTROLMEDIA,N
20477,N_2,N2CONTROLECONOMY,N
20477,N_2,N2CONTROLGOV,N
20477,N_2,N2CONTROLOTHER,N
20477,N_2,N3COLLECTIVEBLAME,N
20477,N_2,N4HIDDENCONSPIRACY,N
20477,N_2,N4ISRAELHAND,N
20477,N_2,N5LOYALTY,N
20477,N_2,N6IDENTITYDENY,N
20477,N_2,N7COLLECTIVEGUILT,N
20477,N_2,N8VIOLENCE,I
20477,N_2,N9INCITEMENT,I
20477,N_2,N10SELFDETERMINATION,N
20477,N_2,N11JEWISHRIGHTSDEFINE,N
20477,N_2,N11SELFDETERMINATION,N
20477,N_2,N11JEWISHRIGHTS,N
20477,N_2,N12DOUBLESTANDARD,N
45120,N_2,N2CONSPIRACY,N
45120,N_2,N2CONTROLMEDIA,N
45120,N_2,N2CONTROLECONOMY,N
45120,N_2,N2CONTROLGOV,N
45120,N_2,N2CONTROLOTHER,N
45120,N_2,N3COLLECTIVEBLAME,N
45120,N_2,N4HIDDENCONSPIRACY,N
45120,N_2,N4ISRAELHAND,N
45120,N_2,N5LOYALTY,N
45120,N_2,N6IDENTITYDENY,N
45120,N_2,N7COLLECTIVEGUILT,N
45120,N_2,N8VIOLENCE,N
45120,N_2,N9INCITEMENT,N
45120,N_2,N10SELFDETERMINATION,N
45120,N_2,N11JEWISHRIGHTSDEFINE,N
45120,N_2,N11SELFDETERMINATION,N
45120,N_2,N11JEWISHRIGHTS,N
45120,N_2,N12DOUBLESTANDARD,N
29651,N_2,N2CONSPIRACY,N
29651,N_2,N2CONTROLMEDIA,N
29651,N_2,N2CONTROLECONOMY,N
29651,N_2,N2CONTROLGOV,N
29651,N_2,N2CONTROLOTHER,N
29651,N_2,N3COLLECTIVEBLAME,N
29651,N_2,N4HIDDENCONSPIRACY,N
29651,N_2,N4ISRAELHAND,N
29651,N_2,N5LOYALTY,N
29651,N_2,N6IDENTITYDENY,N
29651,N_2,N7COLLECTIVEGUILT,N
29651,N_2,N8VIOLENCE,N
29651,N_2,N9INCITEMENT,N
29651,N_2,N10SELFDETERMINATION,N
29651,N_2,N11JEWISHRIGHTSDEFINE,N
29651,N_2,N11SELFDETERMINATION,N
29651,N_2,N11JEWISHRIGHTS,N
29651,N_2,N12DOUBLESTANDARD,N
14718,N_2,N2CONSPIRACY,N
14718,N_2,N2CONTROLMEDIA,N
14718,N_2,N2CONTROLECONOMY,N
14718,N_2,N2CONTROLGOV,N
14718,N_2,N2CONTROLOTHER,N
14718,N_2,N3COLLECTIVEBLAME,N
14718,N_2,N4HIDDENCONSPIRACY,N
14718,N_2,N4ISRAELHAND,N
14718,N_2,N5LOYALTY,N
14718,N_2,N6IDENTITYDENY,N
14718,N_2,N7COLLECTIVEGUILT,N
14718,N_2,N8VIOLENCE,N
14718,N_2,N9INCITEMENT,N
14718,N_2,N10SELFDETERMINATION,N
14718,N_2,N11JEWISHRIGHTSDEFINE,N
14718,N_2,N11SELFDETERMINATION,N
14718,N_2,N11JEWISHRIGHTS,N
14718,N_2,N12DOUBLESTANDARD,N
7085,N_2,N2CONSPIRACY,N
7085,N_2,N2CONTROLMEDIA,N
7085,N_2,N2CONTROLECONOMY,N
7085,N_2,N2CONTROLGOV,N
7085,N_2,N2CONTROLOTHER,N
7085,N_2,N3COLLECTIVEBLAME,N
7085,N_2,N4HIDDENCONSPIRACY,N
7085,N_2,N4ISRAELHAND,N
7085,N_2,N5LOYALTY,N
7085,N_2,N6IDENTITYDENY,N
7085,N_2,N7COLLECTIVEGUILT,N
7085,N_2,N8VIOLENCE,N
7085,N_2,N9INCITEMENT,N
7085,N_2,N10SELFDETERMINATION,N
7085,N_2,N11JEWISHRIGHTSDEFINE,N
7085,N_2,N11SELFDETERMINATION,N
7085,N_2,N11JEWISHRIGHTS,N
7085,N_2,N12DOUBLESTANDARD,N
36849,N_2,N2CONSPIRACY,N
36849,N_2,N2CONTROLMEDIA,N
36849,N_2,N2CONTROLECONOMY,N
36849,N_2,N2CONTROLGOV,N
36849,N_2,N2CONTROLOTHER,N
36849,N_2,N3COLLECTIVEBLAME,N
36849,N_2,N4HIDDENCONSPIRACY,N
36849,N_2,N4ISRAELHAND,N
36849,N_2,N5LOYALTY,N
36849,N_2,N6IDENTITYDENY,N
36849,N_2,N7COLLECTIVEGUILT,N
36849,N_2,N8VIOLENCE,N
36849,N_2,N9INCITEMENT,N
36849,N_2,N10SELFDETERMINATION,N
36849,N_2,N11JEWISHRIGHTSDEFINE,N
36849,N_2,N11SELFDETERMINATION,N
36849,N_2,N11JEWISHRIGHTS,N
36849,N_2,N12DOUBLESTANDARD,N
39870,N_2,N2CONSPIRACY,N
39870,N_2,N2CONTROLMEDIA,N
39870,N_2,N2CONTROLECONOMY,N
39870,N_2,N2CONTROLGOV,N
39870,N_2,N2CONTROLOTHER,N
39870,N_2,N3COLLECTIVEBLAME,N
39870,N_2,N4HIDDENCONSPIRACY,N
39870,N_2,N4ISRAELHAND,N
39870,N_2,N5LOYALTY,I
39870,N_2,N6IDENTITYDENY,N
39870,N_2,N7COLLECTIVEGUILT,N
39870,N_2,N8VIOLENCE,N
39870,N_2,N9INCITEMENT,N
39870,N_2,N10SELFDETERMINATION,N
39870,N_2,N11JEWISHRIGHTSDEFINE,N
39870,N_2,N11SELFDETERMINATION,N
39870,N_2,N11JEWISHRIGHTS,N
39870,N_2,N12DOUBLESTANDARD,N
20337,N_2,N2CONSPIRACY,N
20337,N_2,N2CONTROLMEDIA,N
20337,N_2,N2CONTROLECONOMY,N
20337,N_2,N2CONTROLGOV,N
20337,N_2,N2CONTROLOTHER,N
20337,N_2,N3COLLECTIVEBLAME,N
20337,N_2,N4HIDDENCONSPIRACY,N
20337,N_2,N4ISRAELHAND,N
20337,N_2,N5LOYALTY,N
20337,N_2,N6IDENTITYDENY,N
20337,N_2,N7COLLECTIVEGUILT,N
20337,N_2,N8VIOLENCE,N
20337,N_2,N9INCITEMENT,N
20337,N_2,N10SELFDETERMINATION,N
20337,N_2,N11JEWISHRIGHTSDEFINE,N
20337,N_2,N11SELFDETERMINATION,N
20337,N_2,N11JEWISHRIGHTS,N
20337,N_2,N12DOUBLESTANDARD,N
5094,N_2,N2CONSPIRACY,I
5094,N_2,N2CONTROLMEDIA,N
5094,N_2,N2CONTROLECONOMY,N
5094,N_2,N2CONTROLGOV,N
5094,N_2,N2CONTROLOTHER,I
5094,N_2,N3COLLECTIVEBLAME,E
5094,N_2,N4HIDDENCONSPIRACY,N
5094,N_2,N4ISRAELHAND,N
5094,N_2,N5LOYALTY,I
5094,N_2,N6IDENTITYDENY,N
5094,N_2,N7COLLECTIVEGUILT,E
5094,N_2,N8VIOLENCE,N
5094,N_2,N9INCITEMENT,N
5094,N_2,N10SELFDETERMINATION,N
5094,N_2,N11JEWISHRIGHTSDEFINE,N
5094,N_2,N11SELFDETERMINATION,N
5094,N_2,N11JEWISHRIGHTS,N
5094,N_2,N12DOUBLESTANDARD,N
20068,N_2,N2CONSPIRACY,N
20068,N_2,N2CONTROLMEDIA,N
20068,N_2,N2CONTROLECONOMY,N
20068,N_2,N2CONTROLGOV,N
20068,N_2,N2CONTROLOTHER,N
20068,N_2,N3COLLECTIVEBLAME,N
20068,N_2,N4HIDDENCONSPIRACY,N
20068,N_2,N4ISRAELHAND,N
20068,N_2,N5LOYALTY,N
20068,N_2,N6IDENTITYDENY,N
20068,N_2,N7COLLECTIVEGUILT,N
20068,N_2,N8VIOLENCE,N
20068,N_2,N9INCITEMENT,N
20068,N_2,N10SELFDETERMINATION,N
20068,N_2,N11JEWISHRIGHTSDEFINE,N
20068,N_2,N11SELFDETERMINATION,N
20068,N_2,N11JEWISHRIGHTS,N
20068,N_2,N12DOUBLESTANDARD,N
45694,N_2,N2CONSPIRACY,N
45694,N_2,N2CONTROLMEDIA,N
45694,N_2,N2CONTROLECONOMY,N
45694,N_2,N2CONTROLGOV,N
45694,N_2,N2CONTROLOTHER,I
45694,N_2,N3COLLECTIVEBLAME,N
45694,N_2,N4HIDDENCONSPIRACY,N
45694,N_2,N4ISRAELHAND,N
45694,N_2,N5LOYALTY,N
45694,N_2,N6IDENTITYDENY,N
45694,N_2,N7COLLECTIVEGUILT,N
45694,N_2,N8VIOLENCE,N
45694,N_2,N9INCITEMENT,N
45694,N_2,N10SELFDETERMINATION,N
45694,N_2,N11JEWISHRIGHTSDEFINE,N
45694,N_2,N11SELFDETERMINATION,N
45694,N_2,N11JEWISHRIGHTS,N
45694,N_2,N12DOUBLESTANDARD,N
45215,N_2,PARSE_ERROR,Expecting value: line 1 column 1 (char 0)
2129,N_2,N2CONSPIRACY,N
2129,N_2,N2CONTROLMEDIA,N
2129,N_2,N2CONTROLECONOMY,N
2129,N_2,N2CONTROLGOV,N
2129,N_2,N2CONTROLOTHER,N
2129,N_2,N3COLLECTIVEBLAME,N
2129,N_2,N4HIDDENCONSPIRACY,N
2129,N_2,N4ISRAELHAND,N
2129,N_2,N5LOYALTY,N
2129,N_2,N6IDENTITYDENY,N
2129,N_2,N7COLLECTIVEGUILT,N
2129,N_2,N8VIOLENCE,N
2129,N_2,N9INCITEMENT,N
2129,N_2,N10SELFDETERMINATION,N
2129,N_2,N11JEWISHRIGHTSDEFINE,N
2129,N_2,N11SELFDETERMINATION,N
2129,N_2,N11JEWISHRIGHTS,N
2129,N_2,N12DOUBLESTANDARD,N
28707,N_2,N2CONSPIRACY,N
28707,N_2,N2CONTROLMEDIA,N
28707,N_2,N2CONTROLECONOMY,N
28707,N_2,N2CONTROLGOV,N
28707,N_2,N2CONTROLOTHER,N
28707,N_2,N3COLLECTIVEBLAME,N
28707,N_2,N4HIDDENCONSPIRACY,N
28707,N_2,N4ISRAELHAND,N
28707,N_2,N5LOYALTY,N
28707,N_2,N6IDENTITYDENY,N
28707,N_2,N7COLLECTIVEGUILT,N
28707,N_2,N8VIOLENCE,N
28707,N_2,N9INCITEMENT,N
28707,N_2,N10SELFDETERMINATION,N
28707,N_2,N11JEWISHRIGHTSDEFINE,N
28707,N_2,N11SELFDETERMINATION,N
28707,N_2,N11JEWISHRIGHTS,N
28707,N_2,N12DOUBLESTANDARD,N
33962,N_2,N2CONSPIRACY,N
33962,N_2,N2CONTROLMEDIA,N
33962,N_2,N2CONTROLECONOMY,N
33962,N_2,N2CONTROLGOV,N
33962,N_2,N2CONTROLOTHER,N
33962,N_2,N3COLLECTIVEBLAME,N
33962,N_2,N4HIDDENCONSPIRACY,N
33962,N_2,N4ISRAELHAND,N
33962,N_2,N5LOYALTY,N
33962,N_2,N6IDENTITYDENY,N
33962,N_2,N7COLLECTIVEGUILT,N
33962,N_2,N8VIOLENCE,N
33962,N_2,N9INCITEMENT,N
33962,N_2,N10SELFDETERMINATION,N
33962,N_2,N11JEWISHRIGHTSDEFINE,N
33962,N_2,N11SELFDETERMINATION,N
33962,N_2,N11JEWISHRIGHTS,N
33962,N_2,N12DOUBLESTANDARD,N
40679,N_2,N2CONSPIRACY,N
40679,N_2,N2CONTROLMEDIA,N
40679,N_2,N2CONTROLECONOMY,N
40679,N_2,N2CONTROLGOV,N
40679,N_2,N2CONTROLOTHER,N
40679,N_2,N3COLLECTIVEBLAME,N
40679,N_2,N4HIDDENCONSPIRACY,N
40679,N_2,N4ISRAELHAND,N
40679,N_2,N5LOYALTY,N
40679,N_2,N6IDENTITYDENY,N
40679,N_2,N7COLLECTIVEGUILT,N
40679,N_2,N8VIOLENCE,N
40679,N_2,N9INCITEMENT,N
40679,N_2,N10SELFDETERMINATION,N
40679,N_2,N11JEWISHRIGHTSDEFINE,N
40679,N_2,N11SELFDETERMINATION,N
40679,N_2,N11JEWISHRIGHTS,N
40679,N_2,N12DOUBLESTANDARD,N
41909,N_2,N2CONSPIRACY,N
41909,N_2,N2CONTROLMEDIA,N
41909,N_2,N2CONTROLECONOMY,N
41909,N_2,N2CONTROLGOV,N
41909,N_2,N2CONTROLOTHER,N
41909,N_2,N3COLLECTIVEBLAME,N
41909,N_2,N4HIDDENCONSPIRACY,N
41909,N_2,N4ISRAELHAND,N
41909,N_2,N5LOYALTY,N
41909,N_2,N6IDENTITYDENY,N
41909,N_2,N7COLLECTIVEGUILT,N
41909,N_2,N8VIOLENCE,N
41909,N_2,N9INCITEMENT,N
41909,N_2,N10SELFDETERMINATION,N
41909,N_2,N11JEWISHRIGHTSDEFINE,N
41909,N_2,N11SELFDETERMINATION,N
41909,N_2,N11JEWISHRIGHTS,N
41909,N_2,N12DOUBLESTANDARD,N
41636,N_2,N2CONSPIRACY,N
41636,N_2,N2CONTROLMEDIA,N
41636,N_2,N2CONTROLECONOMY,N
41636,N_2,N2CONTROLGOV,N
41636,N_2,N2CONTROLOTHER,N
41636,N_2,N3COLLECTIVEBLAME,N
41636,N_2,N4HIDDENCONSPIRACY,N
41636,N_2,N4ISRAELHAND,N
41636,N_2,N5LOYALTY,N
41636,N_2,N6IDENTITYDENY,N
41636,N_2,N7COLLECTIVEGUILT,N
41636,N_2,N8VIOLENCE,N
41636,N_2,N9INCITEMENT,N
41636,N_2,N10SELFDETERMINATION,N
41636,N_2,N11JEWISHRIGHTSDEFINE,N
41636,N_2,N11SELFDETERMINATION,N
41636,N_2,N11JEWISHRIGHTS,N
41636,N_2,N12DOUBLESTANDARD,N
31815,N_2,N2CONSPIRACY,N
31815,N_2,N2CONTROLMEDIA,N
31815,N_2,N2CONTROLECONOMY,N
31815,N_2,N2CONTROLGOV,N
31815,N_2,N2CONTROLOTHER,N
31815,N_2,N3COLLECTIVEBLAME,N
31815,N_2,N4HIDDENCONSPIRACY,N
31815,N_2,N4ISRAELHAND,N
31815,N_2,N5LOYALTY,N
31815,N_2,N6IDENTITYDENY,N
31815,N_2,N7COLLECTIVEGUILT,N
31815,N_2,N8VIOLENCE,N
31815,N_2,N9INCITEMENT,N
31815,N_2,N10SELFDETERMINATION,N
31815,N_2,N11JEWISHRIGHTSDEFINE,N
31815,N_2,N11SELFDETERMINATION,N
31815,N_2,N11JEWISHRIGHTS,N
31815,N_2,N12DOUBLESTANDARD,N
40427,N_2,N2CONSPIRACY,N
40427,N_2,N2CONTROLMEDIA,N
40427,N_2,N2CONTROLECONOMY,N
40427,N_2,N2CONTROLGOV,N
40427,N_2,N2CONTROLOTHER,N
40427,N_2,N3COLLECTIVEBLAME,N
40427,N_2,N4HIDDENCONSPIRACY,N
40427,N_2,N4ISRAELHAND,N
40427,N_2,N5LOYALTY,N
40427,N_2,N6IDENTITYDENY,N
40427,N_2,N7COLLECTIVEGUILT,N
40427,N_2,N8VIOLENCE,N
40427,N_2,N9INCITEMENT,N
40427,N_2,N10SELFDETERMINATION,N
40427,N_2,N11JEWISHRIGHTSDEFINE,N
40427,N_2,N11SELFDETERMINATION,N
40427,N_2,N11JEWISHRIGHTS,N
40427,N_2,N12DOUBLESTANDARD,N
44862,N_2,N2CONSPIRACY,N
44862,N_2,N2CONTROLMEDIA,N
44862,N_2,N2CONTROLECONOMY,N
44862,N_2,N2CONTROLGOV,N
44862,N_2,N2CONTROLOTHER,N
44862,N_2,N3COLLECTIVEBLAME,N
44862,N_2,N4HIDDENCONSPIRACY,N
44862,N_2,N4ISRAELHAND,N
44862,N_2,N5LOYALTY,N
44862,N_2,N6IDENTITYDENY,N
44862,N_2,N7COLLECTIVEGUILT,N
44862,N_2,N8VIOLENCE,N
44862,N_2,N9INCITEMENT,N
44862,N_2,N10SELFDETERMINATION,N
44862,N_2,N11JEWISHRIGHTSDEFINE,N
44862,N_2,N11SELFDETERMINATION,N
44862,N_2,N11JEWISHRIGHTS,N
44862,N_2,N12DOUBLESTANDARD,N
11903,N_2,N2CONSPIRACY,N
11903,N_2,N2CONTROLMEDIA,N
11903,N_2,N2CONTROLECONOMY,N
11903,N_2,N2CONTROLGOV,N
11903,N_2,N2CONTROLOTHER,N
11903,N_2,N3COLLECTIVEBLAME,N
11903,N_2,N4HIDDENCONSPIRACY,N
11903,N_2,N4ISRAELHAND,N
11903,N_2,N5LOYALTY,N
11903,N_2,N6IDENTITYDENY,N
11903,N_2,N7COLLECTIVEGUILT,N
11903,N_2,N8VIOLENCE,N
11903,N_2,N9INCITEMENT,N
11903,N_2,N10SELFDETERMINATION,N
11903,N_2,N11JEWISHRIGHTSDEFINE,N
11903,N_2,N11SELFDETERMINATION,N
11903,N_2,N11JEWISHRIGHTS,N
11903,N_2,N12DOUBLESTANDARD,N
42368,N_2,PARSE_ERROR,Expecting value: line 1 column 1 (char 0)
41884,N_2,N2CONSPIRACY,N
41884,N_2,N2CONTROLMEDIA,N
41884,N_2,N2CONTROLECONOMY,N
41884,N_2,N2CONTROLGOV,N
41884,N_2,N2CONTROLOTHER,N
41884,N_2,N3COLLECTIVEBLAME,N
41884,N_2,N4HIDDENCONSPIRACY,N
41884,N_2,N4ISRAELHAND,N
41884,N_2,N5LOYALTY,N
41884,N_2,N6IDENTITYDENY,N
41884,N_2,N7COLLECTIVEGUILT,N
41884,N_2,N8VIOLENCE,N
41884,N_2,N9INCITEMENT,N
41884,N_2,N10SELFDETERMINATION,N
41884,N_2,N11JEWISHRIGHTSDEFINE,N
41884,N_2,N11SELFDETERMINATION,N
41884,N_2,N11JEWISHRIGHTS,N
41884,N_2,N12DOUBLESTANDARD,N
27045,N_2,N2CONSPIRACY,N
27045,N_2,N2CONTROLMEDIA,N
27045,N_2,N2CONTROLECONOMY,N
27045,N_2,N2CONTROLGOV,N
27045,N_2,N2CONTROLOTHER,N
27045,N_2,N3COLLECTIVEBLAME,N
27045,N_2,N4HIDDENCONSPIRACY,N
27045,N_2,N4ISRAELHAND,N
27045,N_2,N5LOYALTY,N
27045,N_2,N6IDENTITYDENY,N
27045,N_2,N7COLLECTIVEGUILT,N
27045,N_2,N8VIOLENCE,N
27045,N_2,N9INCITEMENT,N
27045,N_2,N10SELFDETERMINATION,N
27045,N_2,N11JEWISHRIGHTSDEFINE,N
27045,N_2,N11SELFDETERMINATION,N
27045,N_2,N11JEWISHRIGHTS,N
27045,N_2,N12DOUBLESTANDARD,N
11140,N_2,N2CONSPIRACY,I
11140,N_2,N2CONTROLMEDIA,N
11140,N_2,N2CONTROLECONOMY,N
11140,N_2,N2CONTROLGOV,I
11140,N_2,N2CONTROLOTHER,N
11140,N_2,N3COLLECTIVEBLAME,N
11140,N_2,N4HIDDENCONSPIRACY,I
11140,N_2,N4ISRAELHAND,N
11140,N_2,N5LOYALTY,N
11140,N_2,N6IDENTITYDENY,N
11140,N_2,N7COLLECTIVEGUILT,N
11140,N_2,N8VIOLENCE,N
11140,N_2,N9INCITEMENT,N
11140,N_2,N10SELFDETERMINATION,N
11140,N_2,N11JEWISHRIGHTSDEFINE,N
11140,N_2,N11SELFDETERMINATION,N
11140,N_2,N11JEWISHRIGHTS,N
11140,N_2,N12DOUBLESTANDARD,N
30044,N_2,N2CONSPIRACY,N
30044,N_2,N2CONTROLMEDIA,N
30044,N_2,N2CONTROLECONOMY,N
30044,N_2,N2CONTROLGOV,N
30044,N_2,N2CONTROLOTHER,N
30044,N_2,N3COLLECTIVEBLAME,N
30044,N_2,N4HIDDENCONSPIRACY,N
30044,N_2,N4ISRAELHAND,N
30044,N_2,N5LOYALTY,N
30044,N_2,N6IDENTITYDENY,N
30044,N_2,N7COLLECTIVEGUILT,N
30044,N_2,N8VIOLENCE,N
30044,N_2,N9INCITEMENT,N
30044,N_2,N10SELFDETERMINATION,N
30044,N_2,N11JEWISHRIGHTSDEFINE,N
30044,N_2,N11SELFDETERMINATION,N
30044,N_2,N11JEWISHRIGHTS,N
30044,N_2,N12DOUBLESTANDARD,N
48542,N_2,N2CONSPIRACY,I
48542,N_2,N2CONTROLMEDIA,N
48542,N_2,N2CONTROLECONOMY,N
48542,N_2,N2CONTROLGOV,I
48542,N_2,N2CONTROLOTHER,I
48542,N_2,N3COLLECTIVEBLAME,N
48542,N_2,N4HIDDENCONSPIRACY,I
48542,N_2,N4ISRAELHAND,N
48542,N_2,N5LOYALTY,N
48542,N_2,N6IDENTITYDENY,N
48542,N_2,N7COLLECTIVEGUILT,N
48542,N_2,N8VIOLENCE,N
48542,N_2,N9INCITEMENT,N
48542,N_2,N10SELFDETERMINATION,N
48542,N_2,N11JEWISHRIGHTSDEFINE,N
48542,N_2,N11SELFDETERMINATION,N
48542,N_2,N11JEWISHRIGHTS,N
48542,N_2,N12DOUBLESTANDARD,N
46094,N_2,N2CONSPIRACY,N
46094,N_2,N2CONTROLMEDIA,N
46094,N_2,N2CONTROLECONOMY,N
46094,N_2,N2CONTROLGOV,N
46094,N_2,N2CONTROLOTHER,N
46094,N_2,N3COLLECTIVEBLAME,N
46094,N_2,N4HIDDENCONSPIRACY,N
46094,N_2,N4ISRAELHAND,N
46094,N_2,N5LOYALTY,N
46094,N_2,N6IDENTITYDENY,N
46094,N_2,N7COLLECTIVEGUILT,N
46094,N_2,N8VIOLENCE,N
46094,N_2,N9INCITEMENT,N
46094,N_2,N10SELFDETERMINATION,N
46094,N_2,N11JEWISHRIGHTSDEFINE,N
46094,N_2,N11SELFDETERMINATION,N
46094,N_2,N11JEWISHRIGHTS,N
46094,N_2,N12DOUBLESTANDARD,N
47619,N_2,N2CONSPIRACY,N
47619,N_2,N2CONTROLMEDIA,N
47619,N_2,N2CONTROLECONOMY,N
47619,N_2,N2CONTROLGOV,N
47619,N_2,N2CONTROLOTHER,N
47619,N_2,N3COLLECTIVEBLAME,N
47619,N_2,N4HIDDENCONSPIRACY,N
47619,N_2,N4ISRAELHAND,N
47619,N_2,N5LOYALTY,N
47619,N_2,N6IDENTITYDENY,N
47619,N_2,N7COLLECTIVEGUILT,N
47619,N_2,N8VIOLENCE,N
47619,N_2,N9INCITEMENT,A
47619,N_2,N10SELFDETERMINATION,N
47619,N_2,N11JEWISHRIGHTSDEFINE,N
47619,N_2,N11SELFDETERMINATION,N
47619,N_2,N11JEWISHRIGHTS,N
47619,N_2,N12DOUBLESTANDARD,N
45151,N_2,N2CONSPIRACY,N
45151,N_2,N2CONTROLMEDIA,N
45151,N_2,N2CONTROLECONOMY,N
45151,N_2,N2CONTROLGOV,N
45151,N_2,N2CONTROLOTHER,N
45151,N_2,N3COLLECTIVEBLAME,N
45151,N_2,N4HIDDENCONSPIRACY,N
45151,N_2,N4ISRAELHAND,N
45151,N_2,N5LOYALTY,N
45151,N_2,N6IDENTITYDENY,N
45151,N_2,N7COLLECTIVEGUILT,N
45151,N_2,N8VIOLENCE,N
45151,N_2,N9INCITEMENT,N
45151,N_2,N10SELFDETERMINATION,N
45151,N_2,N11JEWISHRIGHTSDEFINE,N
45151,N_2,N11SELFDETERMINATION,N
45151,N_2,N11JEWISHRIGHTS,N
45151,N_2,N12DOUBLESTANDARD,N
32663,N_2,N2CONSPIRACY,N
32663,N_2,N2CONTROLMEDIA,N
32663,N_2,N2CONTROLECONOMY,N
32663,N_2,N2CONTROLGOV,N
32663,N_2,N2CONTROLOTHER,N
32663,N_2,N3COLLECTIVEBLAME,N
32663,N_2,N4HIDDENCONSPIRACY,N
32663,N_2,N4ISRAELHAND,N
32663,N_2,N5LOYALTY,N
32663,N_2,N6IDENTITYDENY,N
32663,N_2,N7COLLECTIVEGUILT,N
32663,N_2,N8VIOLENCE,N
32663,N_2,N9INCITEMENT,N
32663,N_2,N10SELFDETERMINATION,N
32663,N_2,N11JEWISHRIGHTSDEFINE,N
32663,N_2,N11SELFDETERMINATION,N
32663,N_2,N11JEWISHRIGHTS,N
32663,N_2,N12DOUBLESTANDARD,N
43889,N_2,N2CONSPIRACY,N
43889,N_2,N2CONTROLMEDIA,N
43889,N_2,N2CONTROLECONOMY,N
43889,N_2,N2CONTROLGOV,N
43889,N_2,N2CONTROLOTHER,N
43889,N_2,N3COLLECTIVEBLAME,N
43889,N_2,N4HIDDENCONSPIRACY,N
43889,N_2,N4ISRAELHAND,N
43889,N_2,N5LOYALTY,N
43889,N_2,N6IDENTITYDENY,N
43889,N_2,N7COLLECTIVEGUILT,N
43889,N_2,N8VIOLENCE,N
43889,N_2,N9INCITEMENT,N
43889,N_2,N10SELFDETERMINATION,N
43889,N_2,N11JEWISHRIGHTSDEFINE,N
43889,N_2,N11SELFDETERMINATION,N
43889,N_2,N11JEWISHRIGHTS,N
43889,N_2,N12DOUBLESTANDARD,N
21115,N_2,N2CONSPIRACY,N
21115,N_2,N2CONTROLMEDIA,N
21115,N_2,N2CONTROLECONOMY,N
21115,N_2,N2CONTROLGOV,N
21115,N_2,N2CONTROLOTHER,N
21115,N_2,N3COLLECTIVEBLAME,N
21115,N_2,N4HIDDENCONSPIRACY,N
21115,N_2,N4ISRAELHAND,N
21115,N_2,N5LOYALTY,N
21115,N_2,N6IDENTITYDENY,N
21115,N_2,N7COLLECTIVEGUILT,N
21115,N_2,N8VIOLENCE,N
21115,N_2,N9INCITEMENT,N
21115,N_2,N10SELFDETERMINATION,N
21115,N_2,N11JEWISHRIGHTSDEFINE,N
21115,N_2,N11SELFDETERMINATION,N
21115,N_2,N11JEWISHRIGHTS,N
21115,N_2,N12DOUBLESTANDARD,N
1450,N_2,N2CONSPIRACY,N
1450,N_2,N2CONTROLMEDIA,N
1450,N_2,N2CONTROLECONOMY,N
1450,N_2,N2CONTROLGOV,N
1450,N_2,N2CONTROLOTHER,N
1450,N_2,N3COLLECTIVEBLAME,N
1450,N_2,N4HIDDENCONSPIRACY,N
1450,N_2,N4ISRAELHAND,N
1450,N_2,N5LOYALTY,N
1450,N_2,N6IDENTITYDENY,N
1450,N_2,N7COLLECTIVEGUILT,N
1450,N_2,N8VIOLENCE,N
1450,N_2,N9INCITEMENT,N
1450,N_2,N10SELFDETERMINATION,N
1450,N_2,N11JEWISHRIGHTSDEFINE,N
1450,N_2,N11SELFDETERMINATION,N
1450,N_2,N11JEWISHRIGHTS,N
1450,N_2,N12DOUBLESTANDARD,N
37566,N_2,N2CONSPIRACY,N
37566,N_2,N2CONTROLMEDIA,N
37566,N_2,N2CONTROLECONOMY,N
37566,N_2,N2CONTROLGOV,N
37566,N_2,N2CONTROLOTHER,N
37566,N_2,N3COLLECTIVEBLAME,N
37566,N_2,N4HIDDENCONSPIRACY,N
37566,N_2,N4ISRAELHAND,N
37566,N_2,N5LOYALTY,N
37566,N_2,N6IDENTITYDENY,N
37566,N_2,N7COLLECTIVEGUILT,N
37566,N_2,N8VIOLENCE,N
37566,N_2,N9INCITEMENT,N
37566,N_2,N10SELFDETERMINATION,N
37566,N_2,N11JEWISHRIGHTSDEFINE,N
37566,N_2,N11SELFDETERMINATION,N
37566,N_2,N11JEWISHRIGHTS,N
37566,N_2,N12DOUBLESTANDARD,N
16658,N_2,N2CONSPIRACY,N
16658,N_2,N2CONTROLMEDIA,N
16658,N_2,N2CONTROLECONOMY,N
16658,N_2,N2CONTROLGOV,N
16658,N_2,N2CONTROLOTHER,N
16658,N_2,N3COLLECTIVEBLAME,N
16658,N_2,N4HIDDENCONSPIRACY,N
16658,N_2,N4ISRAELHAND,N
16658,N_2,N5LOYALTY,N
16658,N_2,N6IDENTITYDENY,N
16658,N_2,N7COLLECTIVEGUILT,N
16658,N_2,N8VIOLENCE,N
16658,N_2,N9INCITEMENT,N
16658,N_2,N10SELFDETERMINATION,N
16658,N_2,N11JEWISHRIGHTSDEFINE,N
16658,N_2,N11SELFDETERMINATION,N
16658,N_2,N11JEWISHRIGHTS,N
16658,N_2,N12DOUBLESTANDARD,N
9205,N_2,N2CONSPIRACY,N
9205,N_2,N2CONTROLMEDIA,N
9205,N_2,N2CONTROLECONOMY,N
9205,N_2,N2CONTROLGOV,N
9205,N_2,N2CONTROLOTHER,N
9205,N_2,N3COLLECTIVEBLAME,N
9205,N_2,N4HIDDENCONSPIRACY,N
9205,N_2,N4ISRAELHAND,N
9205,N_2,N5LOYALTY,N
9205,N_2,N6IDENTITYDENY,N
9205,N_2,N7COLLECTIVEGUILT,N
9205,N_2,N8VIOLENCE,N
9205,N_2,N9INCITEMENT,N
9205,N_2,N10SELFDETERMINATION,N
9205,N_2,N11JEWISHRIGHTSDEFINE,N
9205,N_2,N11SELFDETERMINATION,N
9205,N_2,N11JEWISHRIGHTS,N
9205,N_2,N12DOUBLESTANDARD,N
304,N_2,N2CONSPIRACY,N
304,N_2,N2CONTROLMEDIA,N
304,N_2,N2CONTROLECONOMY,N
304,N_2,N2CONTROLGOV,N
304,N_2,N2CONTROLOTHER,N
304,N_2,N3COLLECTIVEBLAME,N
304,N_2,N4HIDDENCONSPIRACY,N
304,N_2,N4ISRAELHAND,N
304,N_2,N5LOYALTY,N
304,N_2,N6IDENTITYDENY,N
304,N_2,N7COLLECTIVEGUILT,N
304,N_2,N8VIOLENCE,N
304,N_2,N9INCITEMENT,N
304,N_2,N10SELFDETERMINATION,N
304,N_2,N11JEWISHRIGHTSDEFINE,N
304,N_2,N11SELFDETERMINATION,N
304,N_2,N11JEWISHRIGHTS,N
304,N_2,N12DOUBLESTANDARD,N
11720,N_2,PARSE_ERROR,Expecting value: line 1 column 1 (char 0)
658,N_2,N2CONSPIRACY,N
658,N_2,N2CONTROLMEDIA,N
658,N_2,N2CONTROLECONOMY,N
658,N_2,N2CONTROLGOV,N
658,N_2,N2CONTROLOTHER,N
658,N_2,N3COLLECTIVEBLAME,N
658,N_2,N4HIDDENCONSPIRACY,N
658,N_2,N4ISRAELHAND,N
658,N_2,N5LOYALTY,N
658,N_2,N6IDENTITYDENY,N
658,N_2,N7COLLECTIVEGUILT,N
658,N_2,N8VIOLENCE,N
658,N_2,N9INCITEMENT,N
658,N_2,N10SELFDETERMINATION,N
658,N_2,N11JEWISHRIGHTSDEFINE,N
658,N_2,N11SELFDETERMINATION,N
658,N_2,N11JEWISHRIGHTS,N
658,N_2,N12DOUBLESTANDARD,N
37994,N_2,N2CONSPIRACY,N
37994,N_2,N2CONTROLMEDIA,N
37994,N_2,N2CONTROLECONOMY,N
37994,N_2,N2CONTROLGOV,N
37994,N_2,N2CONTROLOTHER,N
37994,N_2,N3COLLECTIVEBLAME,N
37994,N_2,N4HIDDENCONSPIRACY,N
37994,N_2,N4ISRAELHAND,N
37994,N_2,N5LOYALTY,N
37994,N_2,N6IDENTITYDENY,N
37994,N_2,N7COLLECTIVEGUILT,N
37994,N_2,N8VIOLENCE,N
37994,N_2,N9INCITEMENT,N
37994,N_2,N10SELFDETERMINATION,N
37994,N_2,N11JEWISHRIGHTSDEFINE,N
37994,N_2,N11SELFDETERMINATION,N
37994,N_2,N11JEWISHRIGHTS,N
37994,N_2,N12DOUBLESTANDARD,N
36829,N_2,N2CONSPIRACY,N
36829,N_2,N2CONTROLMEDIA,N
36829,N_2,N2CONTROLECONOMY,N
36829,N_2,N2CONTROLGOV,N
36829,N_2,N2CONTROLOTHER,N
36829,N_2,N3COLLECTIVEBLAME,N
36829,N_2,N4HIDDENCONSPIRACY,N
36829,N_2,N4ISRAELHAND,N
36829,N_2,N5LOYALTY,N
36829,N_2,N6IDENTITYDENY,N
36829,N_2,N7COLLECTIVEGUILT,N
36829,N_2,N8VIOLENCE,N
36829,N_2,N9INCITEMENT,N
36829,N_2,N10SELFDETERMINATION,N
36829,N_2,N11JEWISHRIGHTSDEFINE,N
36829,N_2,N11SELFDETERMINATION,N
36829,N_2,N11JEWISHRIGHTS,N
36829,N_2,N12DOUBLESTANDARD,N
2776,N_2,N2CONSPIRACY,N
2776,N_2,N2CONTROLMEDIA,N
2776,N_2,N2CONTROLECONOMY,N
2776,N_2,N2CONTROLGOV,N
2776,N_2,N2CONTROLOTHER,N
2776,N_2,N3COLLECTIVEBLAME,N
2776,N_2,N4HIDDENCONSPIRACY,N
2776,N_2,N4ISRAELHAND,N
2776,N_2,N5LOYALTY,N
2776,N_2,N6IDENTITYDENY,N
2776,N_2,N7COLLECTIVEGUILT,N
2776,N_2,N8VIOLENCE,N
2776,N_2,N9INCITEMENT,N
2776,N_2,N10SELFDETERMINATION,N
2776,N_2,N11JEWISHRIGHTSDEFINE,N
2776,N_2,N11SELFDETERMINATION,N
2776,N_2,N11JEWISHRIGHTS,N
2776,N_2,N12DOUBLESTANDARD,N
18616,N_2,N2CONSPIRACY,N
18616,N_2,N2CONTROLMEDIA,N
18616,N_2,N2CONTROLECONOMY,N
18616,N_2,N2CONTROLGOV,N
18616,N_2,N2CONTROLOTHER,N
18616,N_2,N3COLLECTIVEBLAME,N
18616,N_2,N4HIDDENCONSPIRACY,N
18616,N_2,N4ISRAELHAND,N
18616,N_2,N5LOYALTY,N
18616,N_2,N6IDENTITYDENY,N
18616,N_2,N7COLLECTIVEGUILT,N
18616,N_2,N8VIOLENCE,N
18616,N_2,N9INCITEMENT,N
18616,N_2,N10SELFDETERMINATION,N
18616,N_2,N11JEWISHRIGHTSDEFINE,N
18616,N_2,N11SELFDETERMINATION,N
18616,N_2,N11JEWISHRIGHTS,N
18616,N_2,N12DOUBLESTANDARD,N
7761,N_2,N2CONSPIRACY,N
7761,N_2,N2CONTROLMEDIA,N
7761,N_2,N2CONTROLECONOMY,N
7761,N_2,N2CONTROLGOV,N
7761,N_2,N2CONTROLOTHER,N
7761,N_2,N3COLLECTIVEBLAME,N
7761,N_2,N4HIDDENCONSPIRACY,N
7761,N_2,N4ISRAELHAND,N
7761,N_2,N5LOYALTY,N
7761,N_2,N6IDENTITYDENY,N
7761,N_2,N7COLLECTIVEGUILT,N
7761,N_2,N8VIOLENCE,N
7761,N_2,N9INCITEMENT,N
7761,N_2,N10SELFDETERMINATION,N
7761,N_2,N11JEWISHRIGHTSDEFINE,N
7761,N_2,N11SELFDETERMINATION,N
7761,N_2,N11JEWISHRIGHTS,N
7761,N_2,N12DOUBLESTANDARD,N
4640,N_2,N2CONSPIRACY,N
4640,N_2,N2CONTROLMEDIA,N
4640,N_2,N2CONTROLECONOMY,N
4640,N_2,N2CONTROLGOV,N
4640,N_2,N2CONTROLOTHER,N
4640,N_2,N3COLLECTIVEBLAME,N
4640,N_2,N4HIDDENCONSPIRACY,N
4640,N_2,N4ISRAELHAND,N
4640,N_2,N5LOYALTY,N
4640,N_2,N6IDENTITYDENY,N
4640,N_2,N7COLLECTIVEGUILT,N
4640,N_2,N8VIOLENCE,I
4640,N_2,N9INCITEMENT,I
4640,N_2,N10SELFDETERMINATION,N
4640,N_2,N11JEWISHRIGHTSDEFINE,N
4640,N_2,N11SELFDETERMINATION,N
4640,N_2,N11JEWISHRIGHTS,N
4640,N_2,N12DOUBLESTANDARD,N
42035,N_2,N2CONSPIRACY,N
42035,N_2,N2CONTROLMEDIA,N
42035,N_2,N2CONTROLECONOMY,N
42035,N_2,N2CONTROLGOV,N
42035,N_2,N2CONTROLOTHER,N
42035,N_2,N3COLLECTIVEBLAME,N
42035,N_2,N4HIDDENCONSPIRACY,N
42035,N_2,N4ISRAELHAND,N
42035,N_2,N5LOYALTY,N
42035,N_2,N6IDENTITYDENY,N
42035,N_2,N7COLLECTIVEGUILT,N
42035,N_2,N8VIOLENCE,N
42035,N_2,N9INCITEMENT,N
42035,N_2,N10SELFDETERMINATION,N
42035,N_2,N11JEWISHRIGHTSDEFINE,N
42035,N_2,N11SELFDETERMINATION,N
42035,N_2,N11JEWISHRIGHTS,N
42035,N_2,N12DOUBLESTANDARD,N
46955,N_2,N2CONSPIRACY,N
46955,N_2,N2CONTROLMEDIA,N
46955,N_2,N2CONTROLECONOMY,N
46955,N_2,N2CONTROLGOV,N
46955,N_2,N2CONTROLOTHER,N
46955,N_2,N3COLLECTIVEBLAME,N
46955,N_2,N4HIDDENCONSPIRACY,N
46955,N_2,N4ISRAELHAND,N
46955,N_2,N5LOYALTY,N
46955,N_2,N6IDENTITYDENY,N
46955,N_2,N7COLLECTIVEGUILT,N
46955,N_2,N8VIOLENCE,N
46955,N_2,N9INCITEMENT,N
46955,N_2,N10SELFDETERMINATION,N
46955,N_2,N11JEWISHRIGHTSDEFINE,N
46955,N_2,N11SELFDETERMINATION,N
46955,N_2,N11JEWISHRIGHTS,N
46955,N_2,N12DOUBLESTANDARD,N
10477,N_2,N2CONSPIRACY,N
10477,N_2,N2CONTROLMEDIA,N
10477,N_2,N2CONTROLECONOMY,N
10477,N_2,N2CONTROLGOV,N
10477,N_2,N2CONTROLOTHER,N
10477,N_2,N3COLLECTIVEBLAME,N
10477,N_2,N4HIDDENCONSPIRACY,N
10477,N_2,N4ISRAELHAND,N
10477,N_2,N5LOYALTY,N
10477,N_2,N6IDENTITYDENY,N
10477,N_2,N7COLLECTIVEGUILT,N
10477,N_2,N8VIOLENCE,N
10477,N_2,N9INCITEMENT,N
10477,N_2,N10SELFDETERMINATION,N
10477,N_2,N11JEWISHRIGHTSDEFINE,N
10477,N_2,N11SELFDETERMINATION,N
10477,N_2,N11JEWISHRIGHTS,N
10477,N_2,N12DOUBLESTANDARD,N
5727,N_2,N2CONSPIRACY,N
5727,N_2,N2CONTROLMEDIA,N
5727,N_2,N2CONTROLECONOMY,N
5727,N_2,N2CONTROLGOV,N
5727,N_2,N2CONTROLOTHER,N
5727,N_2,N3COLLECTIVEBLAME,N
5727,N_2,N4HIDDENCONSPIRACY,N
5727,N_2,N4ISRAELHAND,N
5727,N_2,N5LOYALTY,N
5727,N_2,N6IDENTITYDENY,N
5727,N_2,N7COLLECTIVEGUILT,N
5727,N_2,N8VIOLENCE,N
5727,N_2,N9INCITEMENT,N
5727,N_2,N10SELFDETERMINATION,N
5727,N_2,N11JEWISHRIGHTSDEFINE,N
5727,N_2,N11SELFDETERMINATION,N
5727,N_2,N11JEWISHRIGHTS,N
5727,N_2,N12DOUBLESTANDARD,N
47447,N_2,N2CONSPIRACY,I
47447,N_2,N2CONTROLMEDIA,N
47447,N_2,N2CONTROLECONOMY,N
47447,N_2,N2CONTROLGOV,I
47447,N_2,N2CONTROLOTHER,I
47447,N_2,N3COLLECTIVEBLAME,N
47447,N_2,N4HIDDENCONSPIRACY,N
47447,N_2,N4ISRAELHAND,I
47447,N_2,N5LOYALTY,N
47447,N_2,N6IDENTITYDENY,N
47447,N_2,N7COLLECTIVEGUILT,N
47447,N_2,N8VIOLENCE,N
47447,N_2,N9INCITEMENT,N
47447,N_2,N10SELFDETERMINATION,N
47447,N_2,N11JEWISHRIGHTSDEFINE,N
47447,N_2,N11SELFDETERMINATION,N
47447,N_2,N11JEWISHRIGHTS,N
47447,N_2,N12DOUBLESTANDARD,N
11224,N_2,N2CONSPIRACY,N
11224,N_2,N2CONTROLMEDIA,N
11224,N_2,N2CONTROLECONOMY,N
11224,N_2,N2CONTROLGOV,N
11224,N_2,N2CONTROLOTHER,N
11224,N_2,N3COLLECTIVEBLAME,N
11224,N_2,N4HIDDENCONSPIRACY,N
11224,N_2,N4ISRAELHAND,N
11224,N_2,N5LOYALTY,N
11224,N_2,N6IDENTITYDENY,N
11224,N_2,N7COLLECTIVEGUILT,N
11224,N_2,N8VIOLENCE,N
11224,N_2,N9INCITEMENT,N
11224,N_2,N10SELFDETERMINATION,N
11224,N_2,N11JEWISHRIGHTSDEFINE,N
11224,N_2,N11SELFDETERMINATION,N
11224,N_2,N11JEWISHRIGHTS,N
11224,N_2,N12DOUBLESTANDARD,N
2922,N_2,N2CONSPIRACY,N
2922,N_2,N2CONTROLMEDIA,N
2922,N_2,N2CONTROLECONOMY,N
2922,N_2,N2CONTROLGOV,N
2922,N_2,N2CONTROLOTHER,N
2922,N_2,N3COLLECTIVEBLAME,N
2922,N_2,N4HIDDENCONSPIRACY,N
2922,N_2,N4ISRAELHAND,N
2922,N_2,N5LOYALTY,N
2922,N_2,N6IDENTITYDENY,N
2922,N_2,N7COLLECTIVEGUILT,N
2922,N_2,N8VIOLENCE,N
2922,N_2,N9INCITEMENT,N
2922,N_2,N10SELFDETERMINATION,N
2922,N_2,N11JEWISHRIGHTSDEFINE,N
2922,N_2,N11SELFDETERMINATION,N
2922,N_2,N11JEWISHRIGHTS,N
2922,N_2,N12DOUBLESTANDARD,N
42708,N_2,N2CONSPIRACY,N
42708,N_2,N2CONTROLMEDIA,N
42708,N_2,N2CONTROLECONOMY,N
42708,N_2,N2CONTROLGOV,N
42708,N_2,N2CONTROLOTHER,N
42708,N_2,N3COLLECTIVEBLAME,N
42708,N_2,N4HIDDENCONSPIRACY,N
42708,N_2,N4ISRAELHAND,N
42708,N_2,N5LOYALTY,I
42708,N_2,N6IDENTITYDENY,N
42708,N_2,N7COLLECTIVEGUILT,N
42708,N_2,N8VIOLENCE,N
42708,N_2,N9INCITEMENT,N
42708,N_2,N10SELFDETERMINATION,N
42708,N_2,N11JEWISHRIGHTSDEFINE,N
42708,N_2,N11SELFDETERMINATION,N
42708,N_2,N11JEWISHRIGHTS,N
42708,N_2,N12DOUBLESTANDARD,N
21039,N_2,N2CONSPIRACY,N
21039,N_2,N2CONTROLMEDIA,N
21039,N_2,N2CONTROLECONOMY,N
21039,N_2,N2CONTROLGOV,N
21039,N_2,N2CONTROLOTHER,N
21039,N_2,N3COLLECTIVEBLAME,N
21039,N_2,N4HIDDENCONSPIRACY,N
21039,N_2,N4ISRAELHAND,N
21039,N_2,N5LOYALTY,N
21039,N_2,N6IDENTITYDENY,N
21039,N_2,N7COLLECTIVEGUILT,N
21039,N_2,N8VIOLENCE,N
21039,N_2,N9INCITEMENT,N
21039,N_2,N10SELFDETERMINATION,N
21039,N_2,N11JEWISHRIGHTSDEFINE,N
21039,N_2,N11SELFDETERMINATION,N
21039,N_2,N11JEWISHRIGHTS,N
21039,N_2,N12DOUBLESTANDARD,N
18622,N_2,N2CONSPIRACY,I
18622,N_2,N2CONTROLMEDIA,N
18622,N_2,N2CONTROLECONOMY,N
18622,N_2,N2CONTROLGOV,N
18622,N_2,N2CONTROLOTHER,I
18622,N_2,N3COLLECTIVEBLAME,N
18622,N_2,N4HIDDENCONSPIRACY,N
18622,N_2,N4ISRAELHAND,N
18622,N_2,N5LOYALTY,N
18622,N_2,N6IDENTITYDENY,N
18622,N_2,N7COLLECTIVEGUILT,N
18622,N_2,N8VIOLENCE,N
18622,N_2,N9INCITEMENT,N
18622,N_2,N10SELFDETERMINATION,N
18622,N_2,N11JEWISHRIGHTSDEFINE,N
18622,N_2,N11SELFDETERMINATION,N
18622,N_2,N11JEWISHRIGHTS,N
18622,N_2,N12DOUBLESTANDARD,N
39970,N_2,N2CONSPIRACY,N
39970,N_2,N2CONTROLMEDIA,N
39970,N_2,N2CONTROLECONOMY,N
39970,N_2,N2CONTROLGOV,N
39970,N_2,N2CONTROLOTHER,N
39970,N_2,N3COLLECTIVEBLAME,N
39970,N_2,N4HIDDENCONSPIRACY,N
39970,N_2,N4ISRAELHAND,N
39970,N_2,N5LOYALTY,N
39970,N_2,N6IDENTITYDENY,N
39970,N_2,N7COLLECTIVEGUILT,N
39970,N_2,N8VIOLENCE,N
39970,N_2,N9INCITEMENT,N
39970,N_2,N10SELFDETERMINATION,N
39970,N_2,N11JEWISHRIGHTSDEFINE,N
39970,N_2,N11SELFDETERMINATION,N
39970,N_2,N11JEWISHRIGHTS,N
39970,N_2,N12DOUBLESTANDARD,N
22913,N_2,N2CONSPIRACY,N
22913,N_2,N2CONTROLMEDIA,N
22913,N_2,N2CONTROLECONOMY,N
22913,N_2,N2CONTROLGOV,N
22913,N_2,N2CONTROLOTHER,N
22913,N_2,N3COLLECTIVEBLAME,N
22913,N_2,N4HIDDENCONSPIRACY,N
22913,N_2,N4ISRAELHAND,N
22913,N_2,N5LOYALTY,N
22913,N_2,N6IDENTITYDENY,N
22913,N_2,N7COLLECTIVEGUILT,N
22913,N_2,N8VIOLENCE,N
22913,N_2,N9INCITEMENT,N
22913,N_2,N10SELFDETERMINATION,N
22913,N_2,N11JEWISHRIGHTSDEFINE,N
22913,N_2,N11SELFDETERMINATION,N
22913,N_2,N11JEWISHRIGHTS,N
22913,N_2,N12DOUBLESTANDARD,N
2837,N_2,N2CONSPIRACY,N
2837,N_2,N2CONTROLMEDIA,N
2837,N_2,N2CONTROLECONOMY,N
2837,N_2,N2CONTROLGOV,N
2837,N_2,N2CONTROLOTHER,N
2837,N_2,N3COLLECTIVEBLAME,N
2837,N_2,N4HIDDENCONSPIRACY,N
2837,N_2,N4ISRAELHAND,N
2837,N_2,N5LOYALTY,N
2837,N_2,N6IDENTITYDENY,N
2837,N_2,N7COLLECTIVEGUILT,N
2837,N_2,N8VIOLENCE,N
2837,N_2,N9INCITEMENT,N
2837,N_2,N10SELFDETERMINATION,N
2837,N_2,N11JEWISHRIGHTSDEFINE,N
2837,N_2,N11SELFDETERMINATION,N
2837,N_2,N11JEWISHRIGHTS,N
2837,N_2,N12DOUBLESTANDARD,N
41593,N_2,N2CONSPIRACY,N
41593,N_2,N2CONTROLMEDIA,N
41593,N_2,N2CONTROLECONOMY,N
41593,N_2,N2CONTROLGOV,N
41593,N_2,N2CONTROLOTHER,N
41593,N_2,N3COLLECTIVEBLAME,N
41593,N_2,N4HIDDENCONSPIRACY,N
41593,N_2,N4ISRAELHAND,N
41593,N_2,N5LOYALTY,N
41593,N_2,N6IDENTITYDENY,N
41593,N_2,N7COLLECTIVEGUILT,N
41593,N_2,N8VIOLENCE,N
41593,N_2,N9INCITEMENT,N
41593,N_2,N10SELFDETERMINATION,N
41593,N_2,N11JEWISHRIGHTSDEFINE,N
41593,N_2,N11SELFDETERMINATION,N
41593,N_2,N11JEWISHRIGHTS,N
41593,N_2,N12DOUBLESTANDARD,N
40914,N_2,N2CONSPIRACY,N
40914,N_2,N2CONTROLMEDIA,N
40914,N_2,N2CONTROLECONOMY,N
40914,N_2,N2CONTROLGOV,N
40914,N_2,N2CONTROLOTHER,N
40914,N_2,N3COLLECTIVEBLAME,N
40914,N_2,N4HIDDENCONSPIRACY,N
40914,N_2,N4ISRAELHAND,N
40914,N_2,N5LOYALTY,N
40914,N_2,N6IDENTITYDENY,N
40914,N_2,N7COLLECTIVEGUILT,N
40914,N_2,N8VIOLENCE,N
40914,N_2,N9INCITEMENT,N
40914,N_2,N10SELFDETERMINATION,N
40914,N_2,N11JEWISHRIGHTSDEFINE,N
40914,N_2,N11SELFDETERMINATION,N
40914,N_2,N11JEWISHRIGHTS,N
40914,N_2,N12DOUBLESTANDARD,N
45285,N_2,N2CONSPIRACY,N
45285,N_2,N2CONTROLMEDIA,N
45285,N_2,N2CONTROLECONOMY,N
45285,N_2,N2CONTROLGOV,N
45285,N_2,N2CONTROLOTHER,N
45285,N_2,N3COLLECTIVEBLAME,N
45285,N_2,N4HIDDENCONSPIRACY,N
45285,N_2,N4ISRAELHAND,N
45285,N_2,N5LOYALTY,N
45285,N_2,N6IDENTITYDENY,N
45285,N_2,N7COLLECTIVEGUILT,N
45285,N_2,N8VIOLENCE,N
45285,N_2,N9INCITEMENT,N
45285,N_2,N10SELFDETERMINATION,N
45285,N_2,N11JEWISHRIGHTSDEFINE,N
45285,N_2,N11SELFDETERMINATION,N
45285,N_2,N11JEWISHRIGHTS,N
45285,N_2,N12DOUBLESTANDARD,N
28168,N_2,N2CONSPIRACY,N
28168,N_2,N2CONTROLMEDIA,N
28168,N_2,N2CONTROLECONOMY,N
28168,N_2,N2CONTROLGOV,I
28168,N_2,N2CONTROLOTHER,N
28168,N_2,N3COLLECTIVEBLAME,N
28168,N_2,N4HIDDENCONSPIRACY,N
28168,N_2,N4ISRAELHAND,N
28168,N_2,N5LOYALTY,I
28168,N_2,N6IDENTITYDENY,N
28168,N_2,N7COLLECTIVEGUILT,N
28168,N_2,N8VIOLENCE,N
28168,N_2,N9INCITEMENT,N
28168,N_2,N10SELFDETERMINATION,N
28168,N_2,N11JEWISHRIGHTSDEFINE,N
28168,N_2,N11SELFDETERMINATION,N
28168,N_2,N11JEWISHRIGHTS,N
28168,N_2,N12DOUBLESTANDARD,N
20048,N_2,N2CONSPIRACY,N
20048,N_2,N2CONTROLMEDIA,N
20048,N_2,N2CONTROLECONOMY,N
20048,N_2,N2CONTROLGOV,N
20048,N_2,N2CONTROLOTHER,N
20048,N_2,N3COLLECTIVEBLAME,N
20048,N_2,N4HIDDENCONSPIRACY,N
20048,N_2,N4ISRAELHAND,N
20048,N_2,N5LOYALTY,N
20048,N_2,N6IDENTITYDENY,N
20048,N_2,N7COLLECTIVEGUILT,N
20048,N_2,N8VIOLENCE,N
20048,N_2,N9INCITEMENT,N
20048,N_2,N10SELFDETERMINATION,N
20048,N_2,N11JEWISHRIGHTSDEFINE,N
20048,N_2,N11SELFDETERMINATION,N
20048,N_2,N11JEWISHRIGHTS,N
20048,N_2,N12DOUBLESTANDARD,N
11252,N_2,N2CONSPIRACY,N
11252,N_2,N2CONTROLMEDIA,N
11252,N_2,N2CONTROLECONOMY,N
11252,N_2,N2CONTROLGOV,N
11252,N_2,N2CONTROLOTHER,N
11252,N_2,N3COLLECTIVEBLAME,N
11252,N_2,N4HIDDENCONSPIRACY,N
11252,N_2,N4ISRAELHAND,N
11252,N_2,N5LOYALTY,N
11252,N_2,N6IDENTITYDENY,N
11252,N_2,N7COLLECTIVEGUILT,N
11252,N_2,N8VIOLENCE,N
11252,N_2,N9INCITEMENT,N
11252,N_2,N10SELFDETERMINATION,N
11252,N_2,N11JEWISHRIGHTSDEFINE,N
11252,N_2,N11SELFDETERMINATION,N
11252,N_2,N11JEWISHRIGHTS,N
11252,N_2,N12DOUBLESTANDARD,N
47005,N_2,N2CONSPIRACY,N
47005,N_2,N2CONTROLMEDIA,N
47005,N_2,N2CONTROLECONOMY,N
47005,N_2,N2CONTROLGOV,N
47005,N_2,N2CONTROLOTHER,N
47005,N_2,N3COLLECTIVEBLAME,N
47005,N_2,N4HIDDENCONSPIRACY,N
47005,N_2,N4ISRAELHAND,N
47005,N_2,N5LOYALTY,N
47005,N_2,N6IDENTITYDENY,N
47005,N_2,N7COLLECTIVEGUILT,N
47005,N_2,N8VIOLENCE,N
47005,N_2,N9INCITEMENT,N
47005,N_2,N10SELFDETERMINATION,N
47005,N_2,N11JEWISHRIGHTSDEFINE,N
47005,N_2,N11SELFDETERMINATION,N
47005,N_2,N11JEWISHRIGHTS,N
47005,N_2,N12DOUBLESTANDARD,N
5995,N_2,N2CONSPIRACY,N
5995,N_2,N2CONTROLMEDIA,N
5995,N_2,N2CONTROLECONOMY,N
5995,N_2,N2CONTROLGOV,N
5995,N_2,N2CONTROLOTHER,N
5995,N_2,N3COLLECTIVEBLAME,N
5995,N_2,N4HIDDENCONSPIRACY,N
5995,N_2,N4ISRAELHAND,N
5995,N_2,N5LOYALTY,N
5995,N_2,N6IDENTITYDENY,N
5995,N_2,N7COLLECTIVEGUILT,N
5995,N_2,N8VIOLENCE,N
5995,N_2,N9INCITEMENT,N
5995,N_2,N10SELFDETERMINATION,N
5995,N_2,N11JEWISHRIGHTSDEFINE,N
5995,N_2,N11SELFDETERMINATION,N
5995,N_2,N11JEWISHRIGHTS,N
5995,N_2,N12DOUBLESTANDARD,N
30715,N_2,N2CONSPIRACY,N
30715,N_2,N2CONTROLMEDIA,N
30715,N_2,N2CONTROLECONOMY,N
30715,N_2,N2CONTROLGOV,N
30715,N_2,N2CONTROLOTHER,N
30715,N_2,N3COLLECTIVEBLAME,E
30715,N_2,N4HIDDENCONSPIRACY,N
30715,N_2,N4ISRAELHAND,N
30715,N_2,N5LOYALTY,N
30715,N_2,N6IDENTITYDENY,N
30715,N_2,N7COLLECTIVEGUILT,N
30715,N_2,N8VIOLENCE,N
30715,N_2,N9INCITEMENT,E
30715,N_2,N10SELFDETERMINATION,N
30715,N_2,N11JEWISHRIGHTSDEFINE,N
30715,N_2,N11SELFDETERMINATION,N
30715,N_2,N11JEWISHRIGHTS,N
30715,N_2,N12DOUBLESTANDARD,N
47305,N_2,N2CONSPIRACY,N
47305,N_2,N2CONTROLMEDIA,N
47305,N_2,N2CONTROLECONOMY,N
47305,N_2,N2CONTROLGOV,N
47305,N_2,N2CONTROLOTHER,N
47305,N_2,N3COLLECTIVEBLAME,N
47305,N_2,N4HIDDENCONSPIRACY,N
47305,N_2,N4ISRAELHAND,N
47305,N_2,N5LOYALTY,N
47305,N_2,N6IDENTITYDENY,N
47305,N_2,N7COLLECTIVEGUILT,N
47305,N_2,N8VIOLENCE,N
47305,N_2,N9INCITEMENT,N
47305,N_2,N10SELFDETERMINATION,N
47305,N_2,N11JEWISHRIGHTSDEFINE,N
47305,N_2,N11SELFDETERMINATION,N
47305,N_2,N11JEWISHRIGHTS,N
47305,N_2,N12DOUBLESTANDARD,N
40689,N_2,N2CONSPIRACY,N
40689,N_2,N2CONTROLMEDIA,N
40689,N_2,N2CONTROLECONOMY,N
40689,N_2,N2CONTROLGOV,N
40689,N_2,N2CONTROLOTHER,N
40689,N_2,N3COLLECTIVEBLAME,N
40689,N_2,N4HIDDENCONSPIRACY,N
40689,N_2,N4ISRAELHAND,N
40689,N_2,N5LOYALTY,N
40689,N_2,N6IDENTITYDENY,N
40689,N_2,N7COLLECTIVEGUILT,N
40689,N_2,N8VIOLENCE,N
40689,N_2,N9INCITEMENT,I
40689,N_2,N10SELFDETERMINATION,N
40689,N_2,N11JEWISHRIGHTSDEFINE,N
40689,N_2,N11SELFDETERMINATION,N
40689,N_2,N11JEWISHRIGHTS,N
40689,N_2,N12DOUBLESTANDARD,N
5534,N_2,N2CONSPIRACY,N
5534,N_2,N2CONTROLMEDIA,N
5534,N_2,N2CONTROLECONOMY,N
5534,N_2,N2CONTROLGOV,N
5534,N_2,N2CONTROLOTHER,N
5534,N_2,N3COLLECTIVEBLAME,N
5534,N_2,N4HIDDENCONSPIRACY,N
5534,N_2,N4ISRAELHAND,N
5534,N_2,N5LOYALTY,N
5534,N_2,N6IDENTITYDENY,N
5534,N_2,N7COLLECTIVEGUILT,N
5534,N_2,N8VIOLENCE,N
5534,N_2,N9INCITEMENT,N
5534,N_2,N10SELFDETERMINATION,N
5534,N_2,N11JEWISHRIGHTSDEFINE,N
5534,N_2,N11SELFDETERMINATION,N
5534,N_2,N11JEWISHRIGHTS,N
5534,N_2,N12DOUBLESTANDARD,N
47462,N_2,N2CONSPIRACY,N
47462,N_2,N2CONTROLMEDIA,A
47462,N_2,N2CONTROLECONOMY,N
47462,N_2,N2CONTROLGOV,N
47462,N_2,N2CONTROLOTHER,N
47462,N_2,N3COLLECTIVEBLAME,N
47462,N_2,N4HIDDENCONSPIRACY,N
47462,N_2,N4ISRAELHAND,N
47462,N_2,N5LOYALTY,N
47462,N_2,N6IDENTITYDENY,N
47462,N_2,N7COLLECTIVEGUILT,N
47462,N_2,N8VIOLENCE,N
47462,N_2,N9INCITEMENT,N
47462,N_2,N10SELFDETERMINATION,N
47462,N_2,N11JEWISHRIGHTSDEFINE,N
47462,N_2,N11SELFDETERMINATION,N
47462,N_2,N11JEWISHRIGHTS,N
47462,N_2,N12DOUBLESTANDARD,N
49632,N_2,N2CONSPIRACY,I
49632,N_2,N2CONTROLMEDIA,N
49632,N_2,N2CONTROLECONOMY,N
49632,N_2,N2CONTROLGOV,I
49632,N_2,N2CONTROLOTHER,I
49632,N_2,N3COLLECTIVEBLAME,N
49632,N_2,N4HIDDENCONSPIRACY,I
49632,N_2,N4ISRAELHAND,N
49632,N_2,N5LOYALTY,N
49632,N_2,N6IDENTITYDENY,N
49632,N_2,N7COLLECTIVEGUILT,N
49632,N_2,N8VIOLENCE,N
49632,N_2,N9INCITEMENT,I
49632,N_2,N10SELFDETERMINATION,N
49632,N_2,N11JEWISHRIGHTSDEFINE,N
49632,N_2,N11SELFDETERMINATION,N
49632,N_2,N11JEWISHRIGHTS,N
49632,N_2,N12DOUBLESTANDARD,N
20055,N_2,N2CONSPIRACY,N
20055,N_2,N2CONTROLMEDIA,N
20055,N_2,N2CONTROLECONOMY,N
20055,N_2,N2CONTROLGOV,N
20055,N_2,N2CONTROLOTHER,N
20055,N_2,N3COLLECTIVEBLAME,N
20055,N_2,N4HIDDENCONSPIRACY,N
20055,N_2,N4ISRAELHAND,N
20055,N_2,N5LOYALTY,N
20055,N_2,N6IDENTITYDENY,N
20055,N_2,N7COLLECTIVEGUILT,N
20055,N_2,N8VIOLENCE,N
20055,N_2,N9INCITEMENT,N
20055,N_2,N10SELFDETERMINATION,N
20055,N_2,N11JEWISHRIGHTSDEFINE,N
20055,N_2,N11SELFDETERMINATION,N
20055,N_2,N11JEWISHRIGHTS,N
20055,N_2,N12DOUBLESTANDARD,N
12086,N_2,N2CONSPIRACY,N
12086,N_2,N2CONTROLMEDIA,N
12086,N_2,N2CONTROLECONOMY,N
12086,N_2,N2CONTROLGOV,N
12086,N_2,N2CONTROLOTHER,N
12086,N_2,N3COLLECTIVEBLAME,N
12086,N_2,N4HIDDENCONSPIRACY,N
12086,N_2,N4ISRAELHAND,N
12086,N_2,N5LOYALTY,N
12086,N_2,N6IDENTITYDENY,N
12086,N_2,N7COLLECTIVEGUILT,N
12086,N_2,N8VIOLENCE,N
12086,N_2,N9INCITEMENT,N
12086,N_2,N10SELFDETERMINATION,N
12086,N_2,N11JEWISHRIGHTSDEFINE,N
12086,N_2,N11SELFDETERMINATION,N
12086,N_2,N11JEWISHRIGHTS,N
12086,N_2,N12DOUBLESTANDARD,N
19154,N_2,N2CONSPIRACY,N
19154,N_2,N2CONTROLMEDIA,N
19154,N_2,N2CONTROLECONOMY,N
19154,N_2,N2CONTROLGOV,N
19154,N_2,N2CONTROLOTHER,N
19154,N_2,N3COLLECTIVEBLAME,N
19154,N_2,N4HIDDENCONSPIRACY,N
19154,N_2,N4ISRAELHAND,N
19154,N_2,N5LOYALTY,N
19154,N_2,N6IDENTITYDENY,N
19154,N_2,N7COLLECTIVEGUILT,N
19154,N_2,N8VIOLENCE,N
19154,N_2,N9INCITEMENT,N
19154,N_2,N10SELFDETERMINATION,N
19154,N_2,N11JEWISHRIGHTSDEFINE,N
19154,N_2,N11SELFDETERMINATION,N
19154,N_2,N11JEWISHRIGHTS,N
19154,N_2,N12DOUBLESTANDARD,N
26103,N_2,N2CONSPIRACY,N
26103,N_2,N2CONTROLMEDIA,N
26103,N_2,N2CONTROLECONOMY,N
26103,N_2,N2CONTROLGOV,N
26103,N_2,N2CONTROLOTHER,N
26103,N_2,N3COLLECTIVEBLAME,N
26103,N_2,N4HIDDENCONSPIRACY,N
26103,N_2,N4ISRAELHAND,N
26103,N_2,N5LOYALTY,N
26103,N_2,N6IDENTITYDENY,N
26103,N_2,N7COLLECTIVEGUILT,N
26103,N_2,N8VIOLENCE,N
26103,N_2,N9INCITEMENT,N
26103,N_2,N10SELFDETERMINATION,N
26103,N_2,N11JEWISHRIGHTSDEFINE,N
26103,N_2,N11SELFDETERMINATION,N
26103,N_2,N11JEWISHRIGHTS,N
26103,N_2,N12DOUBLESTANDARD,N
32753,N_2,N2CONSPIRACY,N
32753,N_2,N2CONTROLMEDIA,N
32753,N_2,N2CONTROLECONOMY,N
32753,N_2,N2CONTROLGOV,N
32753,N_2,N2CONTROLOTHER,N
32753,N_2,N3COLLECTIVEBLAME,N
32753,N_2,N4HIDDENCONSPIRACY,N
32753,N_2,N4ISRAELHAND,N
32753,N_2,N5LOYALTY,N
32753,N_2,N6IDENTITYDENY,N
32753,N_2,N7COLLECTIVEGUILT,N
32753,N_2,N8VIOLENCE,N
32753,N_2,N9INCITEMENT,N
32753,N_2,N10SELFDETERMINATION,N
32753,N_2,N11JEWISHRIGHTSDEFINE,N
32753,N_2,N11SELFDETERMINATION,N
32753,N_2,N11JEWISHRIGHTS,N
32753,N_2,N12DOUBLESTANDARD,N
19473,N_2,N2CONSPIRACY,N
19473,N_2,N2CONTROLMEDIA,N
19473,N_2,N2CONTROLECONOMY,N
19473,N_2,N2CONTROLGOV,N
19473,N_2,N2CONTROLOTHER,N
19473,N_2,N3COLLECTIVEBLAME,N
19473,N_2,N4HIDDENCONSPIRACY,N
19473,N_2,N4ISRAELHAND,N
19473,N_2,N5LOYALTY,N
19473,N_2,N6IDENTITYDENY,N
19473,N_2,N7COLLECTIVEGUILT,N
19473,N_2,N8VIOLENCE,N
19473,N_2,N9INCITEMENT,N
19473,N_2,N10SELFDETERMINATION,N
19473,N_2,N11JEWISHRIGHTSDEFINE,N
19473,N_2,N11SELFDETERMINATION,N
19473,N_2,N11JEWISHRIGHTS,N
19473,N_2,N12DOUBLESTANDARD,N
39456,N_2,N2CONSPIRACY,I
39456,N_2,N2CONTROLMEDIA,N
39456,N_2,N2CONTROLECONOMY,N
39456,N_2,N2CONTROLGOV,N
39456,N_2,N2CONTROLOTHER,I
39456,N_2,N3COLLECTIVEBLAME,N
39456,N_2,N4HIDDENCONSPIRACY,I
39456,N_2,N4ISRAELHAND,N
39456,N_2,N5LOYALTY,N
39456,N_2,N6IDENTITYDENY,E
39456,N_2,N7COLLECTIVEGUILT,N
39456,N_2,N8VIOLENCE,N
39456,N_2,N9INCITEMENT,N
39456,N_2,N10SELFDETERMINATION,N
39456,N_2,N11JEWISHRIGHTSDEFINE,N
39456,N_2,N11SELFDETERMINATION,N
39456,N_2,N11JEWISHRIGHTS,N
39456,N_2,N12DOUBLESTANDARD,N
15273,N_2,N2CONSPIRACY,N
15273,N_2,N2CONTROLMEDIA,N
15273,N_2,N2CONTROLECONOMY,N
15273,N_2,N2CONTROLGOV,N
15273,N_2,N2CONTROLOTHER,N
15273,N_2,N3COLLECTIVEBLAME,N
15273,N_2,N4HIDDENCONSPIRACY,N
15273,N_2,N4ISRAELHAND,N
15273,N_2,N5LOYALTY,N
15273,N_2,N6IDENTITYDENY,N
15273,N_2,N7COLLECTIVEGUILT,N
15273,N_2,N8VIOLENCE,N
15273,N_2,N9INCITEMENT,N
15273,N_2,N10SELFDETERMINATION,N
15273,N_2,N11JEWISHRIGHTSDEFINE,N
15273,N_2,N11SELFDETERMINATION,N
15273,N_2,N11JEWISHRIGHTS,N
15273,N_2,N12DOUBLESTANDARD,N
4936,N_2,N2CONSPIRACY,N
4936,N_2,N2CONTROLMEDIA,N
4936,N_2,N2CONTROLECONOMY,N
4936,N_2,N2CONTROLGOV,N
4936,N_2,N2CONTROLOTHER,N
4936,N_2,N3COLLECTIVEBLAME,N
4936,N_2,N4HIDDENCONSPIRACY,N
4936,N_2,N4ISRAELHAND,N
4936,N_2,N5LOYALTY,N
4936,N_2,N6IDENTITYDENY,N
4936,N_2,N7COLLECTIVEGUILT,N
4936,N_2,N8VIOLENCE,N
4936,N_2,N9INCITEMENT,N
4936,N_2,N10SELFDETERMINATION,N
4936,N_2,N11JEWISHRIGHTSDEFINE,N
4936,N_2,N11SELFDETERMINATION,N
4936,N_2,N11JEWISHRIGHTS,N
4936,N_2,N12DOUBLESTANDARD,N
28366,N_2,N2CONSPIRACY,N
28366,N_2,N2CONTROLMEDIA,N
28366,N_2,N2CONTROLECONOMY,N
28366,N_2,N2CONTROLGOV,N
28366,N_2,N2CONTROLOTHER,N
28366,N_2,N3COLLECTIVEBLAME,N
28366,N_2,N4HIDDENCONSPIRACY,N
28366,N_2,N4ISRAELHAND,N
28366,N_2,N5LOYALTY,N
28366,N_2,N6IDENTITYDENY,N
28366,N_2,N7COLLECTIVEGUILT,N
28366,N_2,N8VIOLENCE,N
28366,N_2,N9INCITEMENT,N
28366,N_2,N10SELFDETERMINATION,N
28366,N_2,N11JEWISHRIGHTSDEFINE,N
28366,N_2,N11SELFDETERMINATION,N
28366,N_2,N11JEWISHRIGHTS,N
28366,N_2,N12DOUBLESTANDARD,N
17852,N_2,N2CONSPIRACY,N
17852,N_2,N2CONTROLMEDIA,N
17852,N_2,N2CONTROLECONOMY,N
17852,N_2,N2CONTROLGOV,N
17852,N_2,N2CONTROLOTHER,N
17852,N_2,N3COLLECTIVEBLAME,N
17852,N_2,N4HIDDENCONSPIRACY,N
17852,N_2,N4ISRAELHAND,N
17852,N_2,N5LOYALTY,N
17852,N_2,N6IDENTITYDENY,N
17852,N_2,N7COLLECTIVEGUILT,N
17852,N_2,N8VIOLENCE,N
17852,N_2,N9INCITEMENT,N
17852,N_2,N10SELFDETERMINATION,N
17852,N_2,N11JEWISHRIGHTSDEFINE,N
17852,N_2,N11SELFDETERMINATION,N
17852,N_2,N11JEWISHRIGHTS,N
17852,N_2,N12DOUBLESTANDARD,N
4172,N_2,N2CONSPIRACY,N
4172,N_2,N2CONTROLMEDIA,N
4172,N_2,N2CONTROLECONOMY,N
4172,N_2,N2CONTROLGOV,N
4172,N_2,N2CONTROLOTHER,N
4172,N_2,N3COLLECTIVEBLAME,N
4172,N_2,N4HIDDENCONSPIRACY,N
4172,N_2,N4ISRAELHAND,N
4172,N_2,N5LOYALTY,N
4172,N_2,N6IDENTITYDENY,N
4172,N_2,N7COLLECTIVEGUILT,N
4172,N_2,N8VIOLENCE,N
4172,N_2,N9INCITEMENT,N
4172,N_2,N10SELFDETERMINATION,N
4172,N_2,N11JEWISHRIGHTSDEFINE,N
4172,N_2,N11SELFDETERMINATION,N
4172,N_2,N11JEWISHRIGHTS,N
4172,N_2,N12DOUBLESTANDARD,N
44583,N_2,N2CONSPIRACY,N
44583,N_2,N2CONTROLMEDIA,N
44583,N_2,N2CONTROLECONOMY,N
44583,N_2,N2CONTROLGOV,N
44583,N_2,N2CONTROLOTHER,N
44583,N_2,N3COLLECTIVEBLAME,N
44583,N_2,N4HIDDENCONSPIRACY,N
44583,N_2,N4ISRAELHAND,N
44583,N_2,N5LOYALTY,N
44583,N_2,N6IDENTITYDENY,N
44583,N_2,N7COLLECTIVEGUILT,N
44583,N_2,N8VIOLENCE,N
44583,N_2,N9INCITEMENT,N
44583,N_2,N10SELFDETERMINATION,N
44583,N_2,N11JEWISHRIGHTSDEFINE,N
44583,N_2,N11SELFDETERMINATION,N
44583,N_2,N11JEWISHRIGHTS,N
44583,N_2,N12DOUBLESTANDARD,N
38407,N_2,N2CONSPIRACY,N
38407,N_2,N2CONTROLMEDIA,N
38407,N_2,N2CONTROLECONOMY,N
38407,N_2,N2CONTROLGOV,N
38407,N_2,N2CONTROLOTHER,N
38407,N_2,N3COLLECTIVEBLAME,N
38407,N_2,N4HIDDENCONSPIRACY,N
38407,N_2,N4ISRAELHAND,N
38407,N_2,N5LOYALTY,N
38407,N_2,N6IDENTITYDENY,N
38407,N_2,N7COLLECTIVEGUILT,N
38407,N_2,N8VIOLENCE,N
38407,N_2,N9INCITEMENT,N
38407,N_2,N10SELFDETERMINATION,N
38407,N_2,N11JEWISHRIGHTSDEFINE,N
38407,N_2,N11SELFDETERMINATION,N
38407,N_2,N11JEWISHRIGHTS,N
38407,N_2,N12DOUBLESTANDARD,N
6874,N_2,N2CONSPIRACY,N
6874,N_2,N2CONTROLMEDIA,N
6874,N_2,N2CONTROLECONOMY,N
6874,N_2,N2CONTROLGOV,N
6874,N_2,N2CONTROLOTHER,N
6874,N_2,N3COLLECTIVEBLAME,N
6874,N_2,N4HIDDENCONSPIRACY,N
6874,N_2,N4ISRAELHAND,N
6874,N_2,N5LOYALTY,N
6874,N_2,N6IDENTITYDENY,N
6874,N_2,N7COLLECTIVEGUILT,N
6874,N_2,N8VIOLENCE,N
6874,N_2,N9INCITEMENT,N
6874,N_2,N10SELFDETERMINATION,N
6874,N_2,N11JEWISHRIGHTSDEFINE,N
6874,N_2,N11SELFDETERMINATION,N
6874,N_2,N11JEWISHRIGHTS,N
6874,N_2,N12DOUBLESTANDARD,N
10940,N_2,N2CONSPIRACY,N
10940,N_2,N2CONTROLMEDIA,N
10940,N_2,N2CONTROLECONOMY,N
10940,N_2,N2CONTROLGOV,N
10940,N_2,N2CONTROLOTHER,N
10940,N_2,N3COLLECTIVEBLAME,N
10940,N_2,N4HIDDENCONSPIRACY,N
10940,N_2,N4ISRAELHAND,N
10940,N_2,N5LOYALTY,N
10940,N_2,N6IDENTITYDENY,N
10940,N_2,N7COLLECTIVEGUILT,N
10940,N_2,N8VIOLENCE,N
10940,N_2,N9INCITEMENT,N
10940,N_2,N10SELFDETERMINATION,N
10940,N_2,N11JEWISHRIGHTSDEFINE,N
10940,N_2,N11SELFDETERMINATION,N
10940,N_2,N11JEWISHRIGHTS,N
10940,N_2,N12DOUBLESTANDARD,N
463,N_2,N2CONSPIRACY,N
463,N_2,N2CONTROLMEDIA,N
463,N_2,N2CONTROLECONOMY,N
463,N_2,N2CONTROLGOV,N
463,N_2,N2CONTROLOTHER,N
463,N_2,N3COLLECTIVEBLAME,N
463,N_2,N4HIDDENCONSPIRACY,N
463,N_2,N4ISRAELHAND,N
463,N_2,N5LOYALTY,N
463,N_2,N6IDENTITYDENY,N
463,N_2,N7COLLECTIVEGUILT,N
463,N_2,N8VIOLENCE,N
463,N_2,N9INCITEMENT,N
463,N_2,N10SELFDETERMINATION,N
463,N_2,N11JEWISHRIGHTSDEFINE,N
463,N_2,N11SELFDETERMINATION,N
463,N_2,N11JEWISHRIGHTS,N
463,N_2,N12DOUBLESTANDARD,N
44408,N_2,PARSE_ERROR,Expecting value: line 1 column 1 (char 0)
45619,N_2,N2CONSPIRACY,N
45619,N_2,N2CONTROLMEDIA,N
45619,N_2,N2CONTROLECONOMY,N
45619,N_2,N2CONTROLGOV,N
45619,N_2,N2CONTROLOTHER,N
45619,N_2,N3COLLECTIVEBLAME,N
45619,N_2,N4HIDDENCONSPIRACY,N
45619,N_2,N4ISRAELHAND,N
45619,N_2,N5LOYALTY,N
45619,N_2,N6IDENTITYDENY,N
45619,N_2,N7COLLECTIVEGUILT,N
45619,N_2,N8VIOLENCE,N
45619,N_2,N9INCITEMENT,N
45619,N_2,N10SELFDETERMINATION,N
45619,N_2,N11JEWISHRIGHTSDEFINE,N
45619,N_2,N11SELFDETERMINATION,N
45619,N_2,N11JEWISHRIGHTS,N
45619,N_2,N12DOUBLESTANDARD,N
21585,N_2,N2CONSPIRACY,N
21585,N_2,N2CONTROLMEDIA,N
21585,N_2,N2CONTROLECONOMY,N
21585,N_2,N2CONTROLGOV,N
21585,N_2,N2CONTROLOTHER,N
21585,N_2,N3COLLECTIVEBLAME,N
21585,N_2,N4HIDDENCONSPIRACY,N
21585,N_2,N4ISRAELHAND,N
21585,N_2,N5LOYALTY,N
21585,N_2,N6IDENTITYDENY,N
21585,N_2,N7COLLECTIVEGUILT,N
21585,N_2,N8VIOLENCE,N
21585,N_2,N9INCITEMENT,N
21585,N_2,N10SELFDETERMINATION,N
21585,N_2,N11JEWISHRIGHTSDEFINE,N
21585,N_2,N11SELFDETERMINATION,N
21585,N_2,N11JEWISHRIGHTS,N
21585,N_2,N12DOUBLESTANDARD,N
4188,N_2,N2CONSPIRACY,N
4188,N_2,N2CONTROLMEDIA,N
4188,N_2,N2CONTROLECONOMY,N
4188,N_2,N2CONTROLGOV,N
4188,N_2,N2CONTROLOTHER,N
4188,N_2,N3COLLECTIVEBLAME,N
4188,N_2,N4HIDDENCONSPIRACY,N
4188,N_2,N4ISRAELHAND,N
4188,N_2,N5LOYALTY,N
4188,N_2,N6IDENTITYDENY,N
4188,N_2,N7COLLECTIVEGUILT,N
4188,N_2,N8VIOLENCE,N
4188,N_2,N9INCITEMENT,N
4188,N_2,N10SELFDETERMINATION,N
4188,N_2,N11JEWISHRIGHTSDEFINE,N
4188,N_2,N11SELFDETERMINATION,N
4188,N_2,N11JEWISHRIGHTS,N
4188,N_2,N12DOUBLESTANDARD,N
7160,N_2,N2CONSPIRACY,N
7160,N_2,N2CONTROLMEDIA,N
7160,N_2,N2CONTROLECONOMY,N
7160,N_2,N2CONTROLGOV,N
7160,N_2,N2CONTROLOTHER,N
7160,N_2,N3COLLECTIVEBLAME,N
7160,N_2,N4HIDDENCONSPIRACY,N
7160,N_2,N4ISRAELHAND,N
7160,N_2,N5LOYALTY,N
7160,N_2,N6IDENTITYDENY,N
7160,N_2,N7COLLECTIVEGUILT,N
7160,N_2,N8VIOLENCE,N
7160,N_2,N9INCITEMENT,N
7160,N_2,N10SELFDETERMINATION,N
7160,N_2,N11JEWISHRIGHTSDEFINE,N
7160,N_2,N11SELFDETERMINATION,N
7160,N_2,N11JEWISHRIGHTS,N
7160,N_2,N12DOUBLESTANDARD,N
31024,N_2,N2CONSPIRACY,N
31024,N_2,N2CONTROLMEDIA,N
31024,N_2,N2CONTROLECONOMY,N
31024,N_2,N2CONTROLGOV,N
31024,N_2,N2CONTROLOTHER,N
31024,N_2,N3COLLECTIVEBLAME,N
31024,N_2,N4HIDDENCONSPIRACY,N
31024,N_2,N4ISRAELHAND,N
31024,N_2,N5LOYALTY,N
31024,N_2,N6IDENTITYDENY,N
31024,N_2,N7COLLECTIVEGUILT,N
31024,N_2,N8VIOLENCE,N
31024,N_2,N9INCITEMENT,N
31024,N_2,N10SELFDETERMINATION,N
31024,N_2,N11JEWISHRIGHTSDEFINE,N
31024,N_2,N11SELFDETERMINATION,N
31024,N_2,N11JEWISHRIGHTS,N
31024,N_2,N12DOUBLESTANDARD,N
44572,N_2,N2CONSPIRACY,N
44572,N_2,N2CONTROLMEDIA,N
44572,N_2,N2CONTROLECONOMY,N
44572,N_2,N2CONTROLGOV,N
44572,N_2,N2CONTROLOTHER,N
44572,N_2,N3COLLECTIVEBLAME,N
44572,N_2,N4HIDDENCONSPIRACY,N
44572,N_2,N4ISRAELHAND,N
44572,N_2,N5LOYALTY,N
44572,N_2,N6IDENTITYDENY,N
44572,N_2,N7COLLECTIVEGUILT,N
44572,N_2,N8VIOLENCE,N
44572,N_2,N9INCITEMENT,N
44572,N_2,N10SELFDETERMINATION,N
44572,N_2,N11JEWISHRIGHTSDEFINE,N
44572,N_2,N11SELFDETERMINATION,N
44572,N_2,N11JEWISHRIGHTS,N
44572,N_2,N12DOUBLESTANDARD,N
20094,N_2,N2CONSPIRACY,N
20094,N_2,N2CONTROLMEDIA,N
20094,N_2,N2CONTROLECONOMY,N
20094,N_2,N2CONTROLGOV,N
20094,N_2,N2CONTROLOTHER,N
20094,N_2,N3COLLECTIVEBLAME,N
20094,N_2,N4HIDDENCONSPIRACY,N
20094,N_2,N4ISRAELHAND,N
20094,N_2,N5LOYALTY,N
20094,N_2,N6IDENTITYDENY,N
20094,N_2,N7COLLECTIVEGUILT,N
20094,N_2,N8VIOLENCE,N
20094,N_2,N9INCITEMENT,N
20094,N_2,N10SELFDETERMINATION,N
20094,N_2,N11JEWISHRIGHTSDEFINE,N
20094,N_2,N11SELFDETERMINATION,N
20094,N_2,N11JEWISHRIGHTS,N
20094,N_2,N12DOUBLESTANDARD,N
18730,N_2,N2CONSPIRACY,N
18730,N_2,N2CONTROLMEDIA,N
18730,N_2,N2CONTROLECONOMY,N
18730,N_2,N2CONTROLGOV,N
18730,N_2,N2CONTROLOTHER,N
18730,N_2,N3COLLECTIVEBLAME,N
18730,N_2,N4HIDDENCONSPIRACY,N
18730,N_2,N4ISRAELHAND,N
18730,N_2,N5LOYALTY,N
18730,N_2,N6IDENTITYDENY,N
18730,N_2,N7COLLECTIVEGUILT,N
18730,N_2,N8VIOLENCE,N
18730,N_2,N9INCITEMENT,N
18730,N_2,N10SELFDETERMINATION,N
18730,N_2,N11JEWISHRIGHTSDEFINE,N
18730,N_2,N11SELFDETERMINATION,N
18730,N_2,N11JEWISHRIGHTS,N
18730,N_2,N12DOUBLESTANDARD,N
723,N_2,N2CONSPIRACY,N
723,N_2,N2CONTROLMEDIA,N
723,N_2,N2CONTROLECONOMY,N
723,N_2,N2CONTROLGOV,N
723,N_2,N2CONTROLOTHER,N
723,N_2,N3COLLECTIVEBLAME,N
723,N_2,N4HIDDENCONSPIRACY,N
723,N_2,N4ISRAELHAND,N
723,N_2,N5LOYALTY,N
723,N_2,N6IDENTITYDENY,N
723,N_2,N7COLLECTIVEGUILT,N
723,N_2,N8VIOLENCE,N
723,N_2,N9INCITEMENT,N
723,N_2,N10SELFDETERMINATION,N
723,N_2,N11JEWISHRIGHTSDEFINE,N
723,N_2,N11SELFDETERMINATION,N
723,N_2,N11JEWISHRIGHTS,N
723,N_2,N12DOUBLESTANDARD,N
18332,N_2,N2CONSPIRACY,N
18332,N_2,N2CONTROLMEDIA,N
18332,N_2,N2CONTROLECONOMY,N
18332,N_2,N2CONTROLGOV,N
18332,N_2,N2CONTROLOTHER,N
18332,N_2,N3COLLECTIVEBLAME,N
18332,N_2,N4HIDDENCONSPIRACY,N
18332,N_2,N4ISRAELHAND,N
18332,N_2,N5LOYALTY,N
18332,N_2,N6IDENTITYDENY,N
18332,N_2,N7COLLECTIVEGUILT,N
18332,N_2,N8VIOLENCE,N
18332,N_2,N9INCITEMENT,N
18332,N_2,N10SELFDETERMINATION,N
18332,N_2,N11JEWISHRIGHTSDEFINE,N
18332,N_2,N11SELFDETERMINATION,N
18332,N_2,N11JEWISHRIGHTS,N
18332,N_2,N12DOUBLESTANDARD,N
30721,N_2,N2CONSPIRACY,N
30721,N_2,N2CONTROLMEDIA,N
30721,N_2,N2CONTROLECONOMY,I
30721,N_2,N2CONTROLGOV,N
30721,N_2,N2CONTROLOTHER,N
30721,N_2,N3COLLECTIVEBLAME,N
30721,N_2,N4HIDDENCONSPIRACY,N
30721,N_2,N4ISRAELHAND,N
30721,N_2,N5LOYALTY,N
30721,N_2,N6IDENTITYDENY,N
30721,N_2,N7COLLECTIVEGUILT,N
30721,N_2,N8VIOLENCE,N
30721,N_2,N9INCITEMENT,E
30721,N_2,N10SELFDETERMINATION,N
30721,N_2,N11JEWISHRIGHTSDEFINE,N
30721,N_2,N11SELFDETERMINATION,N
30721,N_2,N11JEWISHRIGHTS,N
30721,N_2,N12DOUBLESTANDARD,N
9552,N_2,N2CONSPIRACY,N
9552,N_2,N2CONTROLMEDIA,N
9552,N_2,N2CONTROLECONOMY,N
9552,N_2,N2CONTROLGOV,N
9552,N_2,N2CONTROLOTHER,N
9552,N_2,N3COLLECTIVEBLAME,N
9552,N_2,N4HIDDENCONSPIRACY,N
9552,N_2,N4ISRAELHAND,N
9552,N_2,N5LOYALTY,N
9552,N_2,N6IDENTITYDENY,N
9552,N_2,N7COLLECTIVEGUILT,N
9552,N_2,N8VIOLENCE,N
9552,N_2,N9INCITEMENT,N
9552,N_2,N10SELFDETERMINATION,N
9552,N_2,N11JEWISHRIGHTSDEFINE,N
9552,N_2,N11SELFDETERMINATION,N
9552,N_2,N11JEWISHRIGHTS,N
9552,N_2,N12DOUBLESTANDARD,N
42205,N_2,N2CONSPIRACY,I
42205,N_2,N2CONTROLMEDIA,N
42205,N_2,N2CONTROLECONOMY,N
42205,N_2,N2CONTROLGOV,N
42205,N_2,N2CONTROLOTHER,N
42205,N_2,N3COLLECTIVEBLAME,I
42205,N_2,N4HIDDENCONSPIRACY,I
42205,N_2,N4ISRAELHAND,N
42205,N_2,N5LOYALTY,N
42205,N_2,N6IDENTITYDENY,N
42205,N_2,N7COLLECTIVEGUILT,N
42205,N_2,N8VIOLENCE,N
42205,N_2,N9INCITEMENT,I
42205,N_2,N10SELFDETERMINATION,N
42205,N_2,N11JEWISHRIGHTSDEFINE,N
42205,N_2,N11SELFDETERMINATION,N
42205,N_2,N11JEWISHRIGHTS,N
42205,N_2,N12DOUBLESTANDARD,N
45752,N_2,N2CONSPIRACY,N
45752,N_2,N2CONTROLMEDIA,N
45752,N_2,N2CONTROLECONOMY,N
45752,N_2,N2CONTROLGOV,N
45752,N_2,N2CONTROLOTHER,N
45752,N_2,N3COLLECTIVEBLAME,N
45752,N_2,N4HIDDENCONSPIRACY,N
45752,N_2,N4ISRAELHAND,N
45752,N_2,N5LOYALTY,N
45752,N_2,N6IDENTITYDENY,N
45752,N_2,N7COLLECTIVEGUILT,N
45752,N_2,N8VIOLENCE,N
45752,N_2,N9INCITEMENT,N
45752,N_2,N10SELFDETERMINATION,N
45752,N_2,N11JEWISHRIGHTSDEFINE,N
45752,N_2,N11SELFDETERMINATION,N
45752,N_2,N11JEWISHRIGHTS,N
45752,N_2,N12DOUBLESTANDARD,N
40149,N_2,N2CONSPIRACY,N
40149,N_2,N2CONTROLMEDIA,N
40149,N_2,N2CONTROLECONOMY,N
40149,N_2,N2CONTROLGOV,N
40149,N_2,N2CONTROLOTHER,N
40149,N_2,N3COLLECTIVEBLAME,N
40149,N_2,N4HIDDENCONSPIRACY,N
40149,N_2,N4ISRAELHAND,N
40149,N_2,N5LOYALTY,N
40149,N_2,N6IDENTITYDENY,N
40149,N_2,N7COLLECTIVEGUILT,N
40149,N_2,N8VIOLENCE,N
40149,N_2,N9INCITEMENT,N
40149,N_2,N10SELFDETERMINATION,N
40149,N_2,N11JEWISHRIGHTSDEFINE,N
40149,N_2,N11SELFDETERMINATION,N
40149,N_2,N11JEWISHRIGHTS,N
40149,N_2,N12DOUBLESTANDARD,N
6635,N_2,N2CONSPIRACY,N
6635,N_2,N2CONTROLMEDIA,N
6635,N_2,N2CONTROLECONOMY,N
6635,N_2,N2CONTROLGOV,N
6635,N_2,N2CONTROLOTHER,N
6635,N_2,N3COLLECTIVEBLAME,N
6635,N_2,N4HIDDENCONSPIRACY,N
6635,N_2,N4ISRAELHAND,N
6635,N_2,N5LOYALTY,N
6635,N_2,N6IDENTITYDENY,N
6635,N_2,N7COLLECTIVEGUILT,N
6635,N_2,N8VIOLENCE,N
6635,N_2,N9INCITEMENT,N
6635,N_2,N10SELFDETERMINATION,N
6635,N_2,N11JEWISHRIGHTSDEFINE,N
6635,N_2,N11SELFDETERMINATION,N
6635,N_2,N11JEWISHRIGHTS,N
6635,N_2,N12DOUBLESTANDARD,N
16868,N_2,N2CONSPIRACY,N
16868,N_2,N2CONTROLMEDIA,N
16868,N_2,N2CONTROLECONOMY,N
16868,N_2,N2CONTROLGOV,N
16868,N_2,N2CONTROLOTHER,N
16868,N_2,N3COLLECTIVEBLAME,N
16868,N_2,N4HIDDENCONSPIRACY,N
16868,N_2,N4ISRAELHAND,N
16868,N_2,N5LOYALTY,N
16868,N_2,N6IDENTITYDENY,N
16868,N_2,N7COLLECTIVEGUILT,N
16868,N_2,N8VIOLENCE,N
16868,N_2,N9INCITEMENT,N
16868,N_2,N10SELFDETERMINATION,N
16868,N_2,N11JEWISHRIGHTSDEFINE,N
16868,N_2,N11SELFDETERMINATION,N
16868,N_2,N11JEWISHRIGHTS,N
16868,N_2,N12DOUBLESTANDARD,N
26630,N_2,N2CONSPIRACY,N
26630,N_2,N2CONTROLMEDIA,N
26630,N_2,N2CONTROLECONOMY,N
26630,N_2,N2CONTROLGOV,N
26630,N_2,N2CONTROLOTHER,N
26630,N_2,N3COLLECTIVEBLAME,N
26630,N_2,N4HIDDENCONSPIRACY,N
26630,N_2,N4ISRAELHAND,N
26630,N_2,N5LOYALTY,N
26630,N_2,N6IDENTITYDENY,N
26630,N_2,N7COLLECTIVEGUILT,N
26630,N_2,N8VIOLENCE,N
26630,N_2,N9INCITEMENT,N
26630,N_2,N10SELFDETERMINATION,N
26630,N_2,N11JEWISHRIGHTSDEFINE,N
26630,N_2,N11SELFDETERMINATION,N
26630,N_2,N11JEWISHRIGHTS,N
26630,N_2,N12DOUBLESTANDARD,N
14936,N_2,N2CONSPIRACY,N
14936,N_2,N2CONTROLMEDIA,N
14936,N_2,N2CONTROLECONOMY,N
14936,N_2,N2CONTROLGOV,N
14936,N_2,N2CONTROLOTHER,N
14936,N_2,N3COLLECTIVEBLAME,N
14936,N_2,N4HIDDENCONSPIRACY,N
14936,N_2,N4ISRAELHAND,N
14936,N_2,N5LOYALTY,N
14936,N_2,N6IDENTITYDENY,N
14936,N_2,N7COLLECTIVEGUILT,N
14936,N_2,N8VIOLENCE,N
14936,N_2,N9INCITEMENT,N
14936,N_2,N10SELFDETERMINATION,N
14936,N_2,N11JEWISHRIGHTSDEFINE,N
14936,N_2,N11SELFDETERMINATION,N
14936,N_2,N11JEWISHRIGHTS,N
14936,N_2,N12DOUBLESTANDARD,N
8453,N_2,PARSE_ERROR,Expecting value: line 1 column 1 (char 0)
37159,N_2,N2CONSPIRACY,I
37159,N_2,N2CONTROLMEDIA,N
37159,N_2,N2CONTROLECONOMY,N
37159,N_2,N2CONTROLGOV,I
37159,N_2,N2CONTROLOTHER,N
37159,N_2,N3COLLECTIVEBLAME,E
37159,N_2,N4HIDDENCONSPIRACY,I
37159,N_2,N4ISRAELHAND,I
37159,N_2,N5LOYALTY,I
37159,N_2,N6IDENTITYDENY,N
37159,N_2,N7COLLECTIVEGUILT,N
37159,N_2,N8VIOLENCE,N
37159,N_2,N9INCITEMENT,I
37159,N_2,N10SELFDETERMINATION,N
37159,N_2,N11JEWISHRIGHTSDEFINE,N
37159,N_2,N11SELFDETERMINATION,N
37159,N_2,N11JEWISHRIGHTS,N
37159,N_2,N12DOUBLESTANDARD,N
13979,N_2,N2CONSPIRACY,N
13979,N_2,N2CONTROLMEDIA,N
13979,N_2,N2CONTROLECONOMY,N
13979,N_2,N2CONTROLGOV,N
13979,N_2,N2CONTROLOTHER,N
13979,N_2,N3COLLECTIVEBLAME,N
13979,N_2,N4HIDDENCONSPIRACY,N
13979,N_2,N4ISRAELHAND,N
13979,N_2,N5LOYALTY,N
13979,N_2,N6IDENTITYDENY,N
13979,N_2,N7COLLECTIVEGUILT,N
13979,N_2,N8VIOLENCE,N
13979,N_2,N9INCITEMENT,N
13979,N_2,N10SELFDETERMINATION,N
13979,N_2,N11JEWISHRIGHTSDEFINE,N
13979,N_2,N11SELFDETERMINATION,N
13979,N_2,N11JEWISHRIGHTS,N
13979,N_2,N12DOUBLESTANDARD,N
7366,N_2,N2CONSPIRACY,N
7366,N_2,N2CONTROLMEDIA,N
7366,N_2,N2CONTROLECONOMY,N
7366,N_2,N2CONTROLGOV,N
7366,N_2,N2CONTROLOTHER,N
7366,N_2,N3COLLECTIVEBLAME,N
7366,N_2,N4HIDDENCONSPIRACY,N
7366,N_2,N4ISRAELHAND,N
7366,N_2,N5LOYALTY,N
7366,N_2,N6IDENTITYDENY,N
7366,N_2,N7COLLECTIVEGUILT,N
7366,N_2,N8VIOLENCE,N
7366,N_2,N9INCITEMENT,A
7366,N_2,N10SELFDETERMINATION,N
7366,N_2,N11JEWISHRIGHTSDEFINE,N
7366,N_2,N11SELFDETERMINATION,I
7366,N_2,N11JEWISHRIGHTS,N
7366,N_2,N12DOUBLESTANDARD,N
24313,N_2,N2CONSPIRACY,N
24313,N_2,N2CONTROLMEDIA,N
24313,N_2,N2CONTROLECONOMY,N
24313,N_2,N2CONTROLGOV,N
24313,N_2,N2CONTROLOTHER,N
24313,N_2,N3COLLECTIVEBLAME,N
24313,N_2,N4HIDDENCONSPIRACY,N
24313,N_2,N4ISRAELHAND,N
24313,N_2,N5LOYALTY,N
24313,N_2,N6IDENTITYDENY,N
24313,N_2,N7COLLECTIVEGUILT,N
24313,N_2,N8VIOLENCE,N
24313,N_2,N9INCITEMENT,N
24313,N_2,N10SELFDETERMINATION,N
24313,N_2,N11JEWISHRIGHTSDEFINE,N
24313,N_2,N11SELFDETERMINATION,N
24313,N_2,N11JEWISHRIGHTS,N
24313,N_2,N12DOUBLESTANDARD,N
15659,N_2,N2CONSPIRACY,N
15659,N_2,N2CONTROLMEDIA,N
15659,N_2,N2CONTROLECONOMY,N
15659,N_2,N2CONTROLGOV,N
15659,N_2,N2CONTROLOTHER,N
15659,N_2,N3COLLECTIVEBLAME,N
15659,N_2,N4HIDDENCONSPIRACY,N
15659,N_2,N4ISRAELHAND,N
15659,N_2,N5LOYALTY,N
15659,N_2,N6IDENTITYDENY,N
15659,N_2,N7COLLECTIVEGUILT,N
15659,N_2,N8VIOLENCE,N
15659,N_2,N9INCITEMENT,N
15659,N_2,N10SELFDETERMINATION,N
15659,N_2,N11JEWISHRIGHTSDEFINE,N
15659,N_2,N11SELFDETERMINATION,N
15659,N_2,N11JEWISHRIGHTS,N
15659,N_2,N12DOUBLESTANDARD,N
33958,N_2,N2CONSPIRACY,N
33958,N_2,N2CONTROLMEDIA,N
33958,N_2,N2CONTROLECONOMY,N
33958,N_2,N2CONTROLGOV,N
33958,N_2,N2CONTROLOTHER,N
33958,N_2,N3COLLECTIVEBLAME,N
33958,N_2,N4HIDDENCONSPIRACY,N
33958,N_2,N4ISRAELHAND,N
33958,N_2,N5LOYALTY,N
33958,N_2,N6IDENTITYDENY,N
33958,N_2,N7COLLECTIVEGUILT,N
33958,N_2,N8VIOLENCE,E
33958,N_2,N9INCITEMENT,N
33958,N_2,N10SELFDETERMINATION,N
33958,N_2,N11JEWISHRIGHTSDEFINE,N
33958,N_2,N11SELFDETERMINATION,N
33958,N_2,N11JEWISHRIGHTS,N
33958,N_2,N12DOUBLESTANDARD,N
9160,N_2,N2CONSPIRACY,N
9160,N_2,N2CONTROLMEDIA,N
9160,N_2,N2CONTROLECONOMY,N
9160,N_2,N2CONTROLGOV,N
9160,N_2,N2CONTROLOTHER,N
9160,N_2,N3COLLECTIVEBLAME,N
9160,N_2,N4HIDDENCONSPIRACY,N
9160,N_2,N4ISRAELHAND,N
9160,N_2,N5LOYALTY,N
9160,N_2,N6IDENTITYDENY,N
9160,N_2,N7COLLECTIVEGUILT,N
9160,N_2,N8VIOLENCE,N
9160,N_2,N9INCITEMENT,N
9160,N_2,N10SELFDETERMINATION,N
9160,N_2,N11JEWISHRIGHTSDEFINE,N
9160,N_2,N11SELFDETERMINATION,N
9160,N_2,N11JEWISHRIGHTS,N
9160,N_2,N12DOUBLESTANDARD,N
27281,N_2,N2CONSPIRACY,N
27281,N_2,N2CONTROLMEDIA,N
27281,N_2,N2CONTROLECONOMY,N
27281,N_2,N2CONTROLGOV,N
27281,N_2,N2CONTROLOTHER,N
27281,N_2,N3COLLECTIVEBLAME,N
27281,N_2,N4HIDDENCONSPIRACY,N
27281,N_2,N4ISRAELHAND,N
27281,N_2,N5LOYALTY,N
27281,N_2,N6IDENTITYDENY,N
27281,N_2,N7COLLECTIVEGUILT,N
27281,N_2,N8VIOLENCE,N
27281,N_2,N9INCITEMENT,N
27281,N_2,N10SELFDETERMINATION,N
27281,N_2,N11JEWISHRIGHTSDEFINE,N
27281,N_2,N11SELFDETERMINATION,N
27281,N_2,N11JEWISHRIGHTS,N
27281,N_2,N12DOUBLESTANDARD,N
23664,N_2,N2CONSPIRACY,N
23664,N_2,N2CONTROLMEDIA,N
23664,N_2,N2CONTROLECONOMY,N
23664,N_2,N2CONTROLGOV,N
23664,N_2,N2CONTROLOTHER,N
23664,N_2,N3COLLECTIVEBLAME,N
23664,N_2,N4HIDDENCONSPIRACY,N
23664,N_2,N4ISRAELHAND,N
23664,N_2,N5LOYALTY,N
23664,N_2,N6IDENTITYDENY,N
23664,N_2,N7COLLECTIVEGUILT,N
23664,N_2,N8VIOLENCE,N
23664,N_2,N9INCITEMENT,A
23664,N_2,N10SELFDETERMINATION,N
23664,N_2,N11JEWISHRIGHTSDEFINE,N
23664,N_2,N11SELFDETERMINATION,N
23664,N_2,N11JEWISHRIGHTS,N
23664,N_2,N12DOUBLESTANDARD,N
41889,N_2,N2CONSPIRACY,N
41889,N_2,N2CONTROLMEDIA,N
41889,N_2,N2CONTROLECONOMY,N
41889,N_2,N2CONTROLGOV,N
41889,N_2,N2CONTROLOTHER,N
41889,N_2,N3COLLECTIVEBLAME,N
41889,N_2,N4HIDDENCONSPIRACY,N
41889,N_2,N4ISRAELHAND,N
41889,N_2,N5LOYALTY,N
41889,N_2,N6IDENTITYDENY,N
41889,N_2,N7COLLECTIVEGUILT,N
41889,N_2,N8VIOLENCE,N
41889,N_2,N9INCITEMENT,N
41889,N_2,N10SELFDETERMINATION,N
41889,N_2,N11JEWISHRIGHTSDEFINE,N
41889,N_2,N11SELFDETERMINATION,N
41889,N_2,N11JEWISHRIGHTS,N
41889,N_2,N12DOUBLESTANDARD,N
47818,N_2,N2CONSPIRACY,A
47818,N_2,N2CONTROLMEDIA,N
47818,N_2,N2CONTROLECONOMY,N
47818,N_2,N2CONTROLGOV,I
47818,N_2,N2CONTROLOTHER,A
47818,N_2,N3COLLECTIVEBLAME,N
47818,N_2,N4HIDDENCONSPIRACY,N
47818,N_2,N4ISRAELHAND,N
47818,N_2,N5LOYALTY,N
47818,N_2,N6IDENTITYDENY,N
47818,N_2,N7COLLECTIVEGUILT,N
47818,N_2,N8VIOLENCE,N
47818,N_2,N9INCITEMENT,N
47818,N_2,N10SELFDETERMINATION,N
47818,N_2,N11JEWISHRIGHTSDEFINE,N
47818,N_2,N11SELFDETERMINATION,N
47818,N_2,N11JEWISHRIGHTS,N
47818,N_2,N12DOUBLESTANDARD,N
19499,N_2,N2CONSPIRACY,N
19499,N_2,N2CONTROLMEDIA,N
19499,N_2,N2CONTROLECONOMY,N
19499,N_2,N2CONTROLGOV,N
19499,N_2,N2CONTROLOTHER,N
19499,N_2,N3COLLECTIVEBLAME,N
19499,N_2,N4HIDDENCONSPIRACY,N
19499,N_2,N4ISRAELHAND,N
19499,N_2,N5LOYALTY,N
19499,N_2,N6IDENTITYDENY,N
19499,N_2,N7COLLECTIVEGUILT,N
19499,N_2,N8VIOLENCE,N
19499,N_2,N9INCITEMENT,N
19499,N_2,N10SELFDETERMINATION,N
19499,N_2,N11JEWISHRIGHTSDEFINE,N
19499,N_2,N11SELFDETERMINATION,N
19499,N_2,N11JEWISHRIGHTS,N
19499,N_2,N12DOUBLESTANDARD,N
37722,N_2,N2CONSPIRACY,N
37722,N_2,N2CONTROLMEDIA,N
37722,N_2,N2CONTROLECONOMY,N
37722,N_2,N2CONTROLGOV,N
37722,N_2,N2CONTROLOTHER,N
37722,N_2,N3COLLECTIVEBLAME,N
37722,N_2,N4HIDDENCONSPIRACY,N
37722,N_2,N4ISRAELHAND,N
37722,N_2,N5LOYALTY,N
37722,N_2,N6IDENTITYDENY,N
37722,N_2,N7COLLECTIVEGUILT,N
37722,N_2,N8VIOLENCE,N
37722,N_2,N9INCITEMENT,N
37722,N_2,N10SELFDETERMINATION,N
37722,N_2,N11JEWISHRIGHTSDEFINE,N
37722,N_2,N11SELFDETERMINATION,N
37722,N_2,N11JEWISHRIGHTS,N
37722,N_2,N12DOUBLESTANDARD,N
22642,N_2,N2CONSPIRACY,N
22642,N_2,N2CONTROLMEDIA,N
22642,N_2,N2CONTROLECONOMY,N
22642,N_2,N2CONTROLGOV,N
22642,N_2,N2CONTROLOTHER,N
22642,N_2,N3COLLECTIVEBLAME,N
22642,N_2,N4HIDDENCONSPIRACY,N
22642,N_2,N4ISRAELHAND,N
22642,N_2,N5LOYALTY,N
22642,N_2,N6IDENTITYDENY,N
22642,N_2,N7COLLECTIVEGUILT,N
22642,N_2,N8VIOLENCE,E
22642,N_2,N9INCITEMENT,N
22642,N_2,N10SELFDETERMINATION,N
22642,N_2,N11JEWISHRIGHTSDEFINE,N
22642,N_2,N11SELFDETERMINATION,N
22642,N_2,N11JEWISHRIGHTS,N
22642,N_2,N12DOUBLESTANDARD,N
37301,N_2,N2CONSPIRACY,N
37301,N_2,N2CONTROLMEDIA,N
37301,N_2,N2CONTROLECONOMY,N
37301,N_2,N2CONTROLGOV,N
37301,N_2,N2CONTROLOTHER,N
37301,N_2,N3COLLECTIVEBLAME,N
37301,N_2,N4HIDDENCONSPIRACY,N
37301,N_2,N4ISRAELHAND,N
37301,N_2,N5LOYALTY,N
37301,N_2,N6IDENTITYDENY,N
37301,N_2,N7COLLECTIVEGUILT,N
37301,N_2,N8VIOLENCE,N
37301,N_2,N9INCITEMENT,N
37301,N_2,N10SELFDETERMINATION,N
37301,N_2,N11JEWISHRIGHTSDEFINE,N
37301,N_2,N11SELFDETERMINATION,N
37301,N_2,N11JEWISHRIGHTS,N
37301,N_2,N12DOUBLESTANDARD,N
11352,N_2,N2CONSPIRACY,N
11352,N_2,N2CONTROLMEDIA,N
11352,N_2,N2CONTROLECONOMY,N
11352,N_2,N2CONTROLGOV,N
11352,N_2,N2CONTROLOTHER,N
11352,N_2,N3COLLECTIVEBLAME,N
11352,N_2,N4HIDDENCONSPIRACY,N
11352,N_2,N4ISRAELHAND,N
11352,N_2,N5LOYALTY,N
11352,N_2,N6IDENTITYDENY,N
11352,N_2,N7COLLECTIVEGUILT,N
11352,N_2,N8VIOLENCE,N
11352,N_2,N9INCITEMENT,N
11352,N_2,N10SELFDETERMINATION,N
11352,N_2,N11JEWISHRIGHTSDEFINE,N
11352,N_2,N11SELFDETERMINATION,N
11352,N_2,N11JEWISHRIGHTS,N
11352,N_2,N12DOUBLESTANDARD,N
4382,N_2,N2CONSPIRACY,N
4382,N_2,N2CONTROLMEDIA,N
4382,N_2,N2CONTROLECONOMY,N
4382,N_2,N2CONTROLGOV,N
4382,N_2,N2CONTROLOTHER,N
4382,N_2,N3COLLECTIVEBLAME,N
4382,N_2,N4HIDDENCONSPIRACY,N
4382,N_2,N4ISRAELHAND,N
4382,N_2,N5LOYALTY,N
4382,N_2,N6IDENTITYDENY,N
4382,N_2,N7COLLECTIVEGUILT,N
4382,N_2,N8VIOLENCE,N
4382,N_2,N9INCITEMENT,N
4382,N_2,N10SELFDETERMINATION,N
4382,N_2,N11JEWISHRIGHTSDEFINE,N
4382,N_2,N11SELFDETERMINATION,N
4382,N_2,N11JEWISHRIGHTS,N
4382,N_2,N12DOUBLESTANDARD,N
28528,N_2,N2CONSPIRACY,N
28528,N_2,N2CONTROLMEDIA,N
28528,N_2,N2CONTROLECONOMY,N
28528,N_2,N2CONTROLGOV,N
28528,N_2,N2CONTROLOTHER,N
28528,N_2,N3COLLECTIVEBLAME,N
28528,N_2,N4HIDDENCONSPIRACY,N
28528,N_2,N4ISRAELHAND,N
28528,N_2,N5LOYALTY,N
28528,N_2,N6IDENTITYDENY,N
28528,N_2,N7COLLECTIVEGUILT,N
28528,N_2,N8VIOLENCE,N
28528,N_2,N9INCITEMENT,N
28528,N_2,N10SELFDETERMINATION,N
28528,N_2,N11JEWISHRIGHTSDEFINE,N
28528,N_2,N11SELFDETERMINATION,N
28528,N_2,N11JEWISHRIGHTS,N
28528,N_2,N12DOUBLESTANDARD,N
10146,N_2,N2CONSPIRACY,N
10146,N_2,N2CONTROLMEDIA,N
10146,N_2,N2CONTROLECONOMY,N
10146,N_2,N2CONTROLGOV,N
10146,N_2,N2CONTROLOTHER,N
10146,N_2,N3COLLECTIVEBLAME,N
10146,N_2,N4HIDDENCONSPIRACY,N
10146,N_2,N4ISRAELHAND,N
10146,N_2,N5LOYALTY,N
10146,N_2,N6IDENTITYDENY,N
10146,N_2,N7COLLECTIVEGUILT,N
10146,N_2,N8VIOLENCE,N
10146,N_2,N9INCITEMENT,N
10146,N_2,N10SELFDETERMINATION,N
10146,N_2,N11JEWISHRIGHTSDEFINE,N
10146,N_2,N11SELFDETERMINATION,N
10146,N_2,N11JEWISHRIGHTS,N
10146,N_2,N12DOUBLESTANDARD,N
49857,N_2,N2CONSPIRACY,N
49857,N_2,N2CONTROLMEDIA,N
49857,N_2,N2CONTROLECONOMY,N
49857,N_2,N2CONTROLGOV,N
49857,N_2,N2CONTROLOTHER,N
49857,N_2,N3COLLECTIVEBLAME,N
49857,N_2,N4HIDDENCONSPIRACY,N
49857,N_2,N4ISRAELHAND,N
49857,N_2,N5LOYALTY,N
49857,N_2,N6IDENTITYDENY,N
49857,N_2,N7COLLECTIVEGUILT,N
49857,N_2,N8VIOLENCE,N
49857,N_2,N9INCITEMENT,N
49857,N_2,N10SELFDETERMINATION,N
49857,N_2,N11JEWISHRIGHTSDEFINE,N
49857,N_2,N11SELFDETERMINATION,N
49857,N_2,N11JEWISHRIGHTS,N
49857,N_2,N12DOUBLESTANDARD,N
4292,N_2,N2CONSPIRACY,N
4292,N_2,N2CONTROLMEDIA,N
4292,N_2,N2CONTROLECONOMY,N
4292,N_2,N2CONTROLGOV,N
4292,N_2,N2CONTROLOTHER,N
4292,N_2,N3COLLECTIVEBLAME,N
4292,N_2,N4HIDDENCONSPIRACY,N
4292,N_2,N4ISRAELHAND,N
4292,N_2,N5LOYALTY,N
4292,N_2,N6IDENTITYDENY,N
4292,N_2,N7COLLECTIVEGUILT,N
4292,N_2,N8VIOLENCE,N
4292,N_2,N9INCITEMENT,N
4292,N_2,N10SELFDETERMINATION,N
4292,N_2,N11JEWISHRIGHTSDEFINE,N
4292,N_2,N11SELFDETERMINATION,N
4292,N_2,N11JEWISHRIGHTS,N
4292,N_2,N12DOUBLESTANDARD,N
43329,N_2,N2CONSPIRACY,N
43329,N_2,N2CONTROLMEDIA,N
43329,N_2,N2CONTROLECONOMY,N
43329,N_2,N2CONTROLGOV,N
43329,N_2,N2CONTROLOTHER,N
43329,N_2,N3COLLECTIVEBLAME,N
43329,N_2,N4HIDDENCONSPIRACY,N
43329,N_2,N4ISRAELHAND,N
43329,N_2,N5LOYALTY,N
43329,N_2,N6IDENTITYDENY,N
43329,N_2,N7COLLECTIVEGUILT,N
43329,N_2,N8VIOLENCE,N
43329,N_2,N9INCITEMENT,N
43329,N_2,N10SELFDETERMINATION,N
43329,N_2,N11JEWISHRIGHTSDEFINE,N
43329,N_2,N11SELFDETERMINATION,N
43329,N_2,N11JEWISHRIGHTS,N
43329,N_2,N12DOUBLESTANDARD,N
43927,N_2,PARSE_ERROR,Expecting value: line 1 column 1 (char 0)
46641,N_2,N2CONSPIRACY,N
46641,N_2,N2CONTROLMEDIA,N
46641,N_2,N2CONTROLECONOMY,N
46641,N_2,N2CONTROLGOV,N
46641,N_2,N2CONTROLOTHER,N
46641,N_2,N3COLLECTIVEBLAME,N
46641,N_2,N4HIDDENCONSPIRACY,N
46641,N_2,N4ISRAELHAND,N
46641,N_2,N5LOYALTY,N
46641,N_2,N6IDENTITYDENY,N
46641,N_2,N7COLLECTIVEGUILT,N
46641,N_2,N8VIOLENCE,N
46641,N_2,N9INCITEMENT,N
46641,N_2,N10SELFDETERMINATION,N
46641,N_2,N11JEWISHRIGHTSDEFINE,N
46641,N_2,N11SELFDETERMINATION,N
46641,N_2,N11JEWISHRIGHTS,N
46641,N_2,N12DOUBLESTANDARD,N
44923,N_2,N2CONSPIRACY,N
44923,N_2,N2CONTROLMEDIA,N
44923,N_2,N2CONTROLECONOMY,N
44923,N_2,N2CONTROLGOV,N
44923,N_2,N2CONTROLOTHER,N
44923,N_2,N3COLLECTIVEBLAME,N
44923,N_2,N4HIDDENCONSPIRACY,N
44923,N_2,N4ISRAELHAND,N
44923,N_2,N5LOYALTY,N
44923,N_2,N6IDENTITYDENY,N
44923,N_2,N7COLLECTIVEGUILT,N
44923,N_2,N8VIOLENCE,N
44923,N_2,N9INCITEMENT,N
44923,N_2,N10SELFDETERMINATION,N
44923,N_2,N11JEWISHRIGHTSDEFINE,N
44923,N_2,N11SELFDETERMINATION,N
44923,N_2,N11JEWISHRIGHTS,N
44923,N_2,N12DOUBLESTANDARD,N
34601,N_2,N2CONSPIRACY,N
34601,N_2,N2CONTROLMEDIA,N
34601,N_2,N2CONTROLECONOMY,N
34601,N_2,N2CONTROLGOV,N
34601,N_2,N2CONTROLOTHER,N
34601,N_2,N3COLLECTIVEBLAME,N
34601,N_2,N4HIDDENCONSPIRACY,N
34601,N_2,N4ISRAELHAND,N
34601,N_2,N5LOYALTY,N
34601,N_2,N6IDENTITYDENY,N
34601,N_2,N7COLLECTIVEGUILT,N
34601,N_2,N8VIOLENCE,A
34601,N_2,N9INCITEMENT,A
34601,N_2,N10SELFDETERMINATION,N
34601,N_2,N11JEWISHRIGHTSDEFINE,N
34601,N_2,N11SELFDETERMINATION,N
34601,N_2,N11JEWISHRIGHTS,N
34601,N_2,N12DOUBLESTANDARD,N
12264,N_2,N2CONSPIRACY,N
12264,N_2,N2CONTROLMEDIA,N
12264,N_2,N2CONTROLECONOMY,N
12264,N_2,N2CONTROLGOV,N
12264,N_2,N2CONTROLOTHER,N
12264,N_2,N3COLLECTIVEBLAME,N
12264,N_2,N4HIDDENCONSPIRACY,N
12264,N_2,N4ISRAELHAND,N
12264,N_2,N5LOYALTY,N
12264,N_2,N6IDENTITYDENY,N
12264,N_2,N7COLLECTIVEGUILT,N
12264,N_2,N8VIOLENCE,N
12264,N_2,N9INCITEMENT,N
12264,N_2,N10SELFDETERMINATION,N
12264,N_2,N11JEWISHRIGHTSDEFINE,N
12264,N_2,N11SELFDETERMINATION,N
12264,N_2,N11JEWISHRIGHTS,N
12264,N_2,N12DOUBLESTANDARD,N
46958,N_2,N2CONSPIRACY,N
46958,N_2,N2CONTROLMEDIA,N
46958,N_2,N2CONTROLECONOMY,N
46958,N_2,N2CONTROLGOV,N
46958,N_2,N2CONTROLOTHER,N
46958,N_2,N3COLLECTIVEBLAME,N
46958,N_2,N4HIDDENCONSPIRACY,N
46958,N_2,N4ISRAELHAND,N
46958,N_2,N5LOYALTY,N
46958,N_2,N6IDENTITYDENY,N
46958,N_2,N7COLLECTIVEGUILT,N
46958,N_2,N8VIOLENCE,N
46958,N_2,N9INCITEMENT,N
46958,N_2,N10SELFDETERMINATION,N
46958,N_2,N11JEWISHRIGHTSDEFINE,N
46958,N_2,N11SELFDETERMINATION,N
46958,N_2,N11JEWISHRIGHTS,N
46958,N_2,N12DOUBLESTANDARD,N
1034,N_2,N2CONSPIRACY,N
1034,N_2,N2CONTROLMEDIA,N
1034,N_2,N2CONTROLECONOMY,N
1034,N_2,N2CONTROLGOV,N
1034,N_2,N2CONTROLOTHER,N
1034,N_2,N3COLLECTIVEBLAME,N
1034,N_2,N4HIDDENCONSPIRACY,N
1034,N_2,N4ISRAELHAND,N
1034,N_2,N5LOYALTY,N
1034,N_2,N6IDENTITYDENY,N
1034,N_2,N7COLLECTIVEGUILT,N
1034,N_2,N8VIOLENCE,N
1034,N_2,N9INCITEMENT,N
1034,N_2,N10SELFDETERMINATION,N
1034,N_2,N11JEWISHRIGHTSDEFINE,N
1034,N_2,N11SELFDETERMINATION,N
1034,N_2,N11JEWISHRIGHTS,N
1034,N_2,N12DOUBLESTANDARD,N
42919,N_2,N2CONSPIRACY,N
42919,N_2,N2CONTROLMEDIA,N
42919,N_2,N2CONTROLECONOMY,N
42919,N_2,N2CONTROLGOV,N
42919,N_2,N2CONTROLOTHER,N
42919,N_2,N3COLLECTIVEBLAME,N
42919,N_2,N4HIDDENCONSPIRACY,N
42919,N_2,N4ISRAELHAND,N
42919,N_2,N5LOYALTY,N
42919,N_2,N6IDENTITYDENY,N
42919,N_2,N7COLLECTIVEGUILT,N
42919,N_2,N8VIOLENCE,N
42919,N_2,N9INCITEMENT,N
42919,N_2,N10SELFDETERMINATION,N
42919,N_2,N11JEWISHRIGHTSDEFINE,N
42919,N_2,N11SELFDETERMINATION,N
42919,N_2,N11JEWISHRIGHTS,N
42919,N_2,N12DOUBLESTANDARD,N
46932,N_2,N2CONSPIRACY,I
46932,N_2,N2CONTROLMEDIA,N
46932,N_2,N2CONTROLECONOMY,I
46932,N_2,N2CONTROLGOV,I
46932,N_2,N2CONTROLOTHER,I
46932,N_2,N3COLLECTIVEBLAME,N
46932,N_2,N4HIDDENCONSPIRACY,I
46932,N_2,N4ISRAELHAND,N
46932,N_2,N5LOYALTY,N
46932,N_2,N6IDENTITYDENY,N
46932,N_2,N7COLLECTIVEGUILT,N
46932,N_2,N8VIOLENCE,N
46932,N_2,N9INCITEMENT,N
46932,N_2,N10SELFDETERMINATION,N
46932,N_2,N11JEWISHRIGHTSDEFINE,N
46932,N_2,N11SELFDETERMINATION,N
46932,N_2,N11JEWISHRIGHTS,N
46932,N_2,N12DOUBLESTANDARD,N
26375,N_2,N2CONSPIRACY,N
26375,N_2,N2CONTROLMEDIA,N
26375,N_2,N2CONTROLECONOMY,N
26375,N_2,N2CONTROLGOV,N
26375,N_2,N2CONTROLOTHER,N
26375,N_2,N3COLLECTIVEBLAME,N
26375,N_2,N4HIDDENCONSPIRACY,N
26375,N_2,N4ISRAELHAND,N
26375,N_2,N5LOYALTY,N
26375,N_2,N6IDENTITYDENY,N
26375,N_2,N7COLLECTIVEGUILT,N
26375,N_2,N8VIOLENCE,N
26375,N_2,N9INCITEMENT,N
26375,N_2,N10SELFDETERMINATION,N
26375,N_2,N11JEWISHRIGHTSDEFINE,N
26375,N_2,N11SELFDETERMINATION,N
26375,N_2,N11JEWISHRIGHTS,N
26375,N_2,N12DOUBLESTANDARD,N
47768,N_2,N2CONSPIRACY,N
47768,N_2,N2CONTROLMEDIA,N
47768,N_2,N2CONTROLECONOMY,N
47768,N_2,N2CONTROLGOV,N
47768,N_2,N2CONTROLOTHER,N
47768,N_2,N3COLLECTIVEBLAME,N
47768,N_2,N4HIDDENCONSPIRACY,N
47768,N_2,N4ISRAELHAND,N
47768,N_2,N5LOYALTY,N
47768,N_2,N6IDENTITYDENY,N
47768,N_2,N7COLLECTIVEGUILT,N
47768,N_2,N8VIOLENCE,N
47768,N_2,N9INCITEMENT,N
47768,N_2,N10SELFDETERMINATION,N
47768,N_2,N11JEWISHRIGHTSDEFINE,N
47768,N_2,N11SELFDETERMINATION,N
47768,N_2,N11JEWISHRIGHTS,N
47768,N_2,N12DOUBLESTANDARD,N
40949,N_2,N2CONSPIRACY,I
40949,N_2,N2CONTROLMEDIA,N
40949,N_2,N2CONTROLECONOMY,N
40949,N_2,N2CONTROLGOV,I
40949,N_2,N2CONTROLOTHER,N
40949,N_2,N3COLLECTIVEBLAME,N
40949,N_2,N4HIDDENCONSPIRACY,N
40949,N_2,N4ISRAELHAND,I
40949,N_2,N5LOYALTY,N
40949,N_2,N6IDENTITYDENY,N
40949,N_2,N7COLLECTIVEGUILT,N
40949,N_2,N8VIOLENCE,N
40949,N_2,N9INCITEMENT,N
40949,N_2,N10SELFDETERMINATION,N
40949,N_2,N11JEWISHRIGHTSDEFINE,N
40949,N_2,N11SELFDETERMINATION,N
40949,N_2,N11JEWISHRIGHTS,N
40949,N_2,N12DOUBLESTANDARD,N
9521,N_2,N2CONSPIRACY,N
9521,N_2,N2CONTROLMEDIA,N
9521,N_2,N2CONTROLECONOMY,N
9521,N_2,N2CONTROLGOV,N
9521,N_2,N2CONTROLOTHER,N
9521,N_2,N3COLLECTIVEBLAME,N
9521,N_2,N4HIDDENCONSPIRACY,N
9521,N_2,N4ISRAELHAND,N
9521,N_2,N5LOYALTY,N
9521,N_2,N6IDENTITYDENY,N
9521,N_2,N7COLLECTIVEGUILT,N
9521,N_2,N8VIOLENCE,N
9521,N_2,N9INCITEMENT,N
9521,N_2,N10SELFDETERMINATION,N
9521,N_2,N11JEWISHRIGHTSDEFINE,N
9521,N_2,N11SELFDETERMINATION,N
9521,N_2,N11JEWISHRIGHTS,N
9521,N_2,N12DOUBLESTANDARD,N
20594,N_2,N2CONSPIRACY,N
20594,N_2,N2CONTROLMEDIA,N
20594,N_2,N2CONTROLECONOMY,N
20594,N_2,N2CONTROLGOV,N
20594,N_2,N2CONTROLOTHER,N
20594,N_2,N3COLLECTIVEBLAME,I
20594,N_2,N4HIDDENCONSPIRACY,N
20594,N_2,N4ISRAELHAND,N
20594,N_2,N5LOYALTY,N
20594,N_2,N6IDENTITYDENY,N
20594,N_2,N7COLLECTIVEGUILT,N
20594,N_2,N8VIOLENCE,N
20594,N_2,N9INCITEMENT,N
20594,N_2,N10SELFDETERMINATION,N
20594,N_2,N11JEWISHRIGHTSDEFINE,N
20594,N_2,N11SELFDETERMINATION,N
20594,N_2,N11JEWISHRIGHTS,N
20594,N_2,N12DOUBLESTANDARD,N
808,N_2,N2CONSPIRACY,N
808,N_2,N2CONTROLMEDIA,N
808,N_2,N2CONTROLECONOMY,N
808,N_2,N2CONTROLGOV,N
808,N_2,N2CONTROLOTHER,N
808,N_2,N3COLLECTIVEBLAME,N
808,N_2,N4HIDDENCONSPIRACY,N
808,N_2,N4ISRAELHAND,N
808,N_2,N5LOYALTY,N
808,N_2,N6IDENTITYDENY,N
808,N_2,N7COLLECTIVEGUILT,N
808,N_2,N8VIOLENCE,N
808,N_2,N9INCITEMENT,N
808,N_2,N10SELFDETERMINATION,N
808,N_2,N11JEWISHRIGHTSDEFINE,N
808,N_2,N11SELFDETERMINATION,N
808,N_2,N11JEWISHRIGHTS,N
808,N_2,N12DOUBLESTANDARD,N
40319,N_2,N2CONSPIRACY,N
40319,N_2,N2CONTROLMEDIA,N
40319,N_2,N2CONTROLECONOMY,N
40319,N_2,N2CONTROLGOV,N
40319,N_2,N2CONTROLOTHER,N
40319,N_2,N3COLLECTIVEBLAME,N
40319,N_2,N4HIDDENCONSPIRACY,N
40319,N_2,N4ISRAELHAND,N
40319,N_2,N5LOYALTY,N
40319,N_2,N6IDENTITYDENY,N
40319,N_2,N7COLLECTIVEGUILT,N
40319,N_2,N8VIOLENCE,N
40319,N_2,N9INCITEMENT,N
40319,N_2,N10SELFDETERMINATION,N
40319,N_2,N11JEWISHRIGHTSDEFINE,N
40319,N_2,N11SELFDETERMINATION,N
40319,N_2,N11JEWISHRIGHTS,N
40319,N_2,N12DOUBLESTANDARD,N
33565,N_2,N2CONSPIRACY,N
33565,N_2,N2CONTROLMEDIA,N
33565,N_2,N2CONTROLECONOMY,N
33565,N_2,N2CONTROLGOV,N
33565,N_2,N2CONTROLOTHER,N
33565,N_2,N3COLLECTIVEBLAME,N
33565,N_2,N4HIDDENCONSPIRACY,N
33565,N_2,N4ISRAELHAND,N
33565,N_2,N5LOYALTY,N
33565,N_2,N6IDENTITYDENY,N
33565,N_2,N7COLLECTIVEGUILT,N
33565,N_2,N8VIOLENCE,N
33565,N_2,N9INCITEMENT,N
33565,N_2,N10SELFDETERMINATION,N
33565,N_2,N11JEWISHRIGHTSDEFINE,N
33565,N_2,N11SELFDETERMINATION,N
33565,N_2,N11JEWISHRIGHTS,N
33565,N_2,N12DOUBLESTANDARD,N
31555,N_2,N2CONSPIRACY,N
31555,N_2,N2CONTROLMEDIA,N
31555,N_2,N2CONTROLECONOMY,N
31555,N_2,N2CONTROLGOV,N
31555,N_2,N2CONTROLOTHER,N
31555,N_2,N3COLLECTIVEBLAME,N
31555,N_2,N4HIDDENCONSPIRACY,N
31555,N_2,N4ISRAELHAND,N
31555,N_2,N5LOYALTY,N
31555,N_2,N6IDENTITYDENY,N
31555,N_2,N7COLLECTIVEGUILT,N
31555,N_2,N8VIOLENCE,N
31555,N_2,N9INCITEMENT,N
31555,N_2,N10SELFDETERMINATION,N
31555,N_2,N11JEWISHRIGHTSDEFINE,N
31555,N_2,N11SELFDETERMINATION,N
31555,N_2,N11JEWISHRIGHTS,N
31555,N_2,N12DOUBLESTANDARD,N
7535,N_2,N2CONSPIRACY,I
7535,N_2,N2CONTROLMEDIA,N
7535,N_2,N2CONTROLECONOMY,N
7535,N_2,N2CONTROLGOV,N
7535,N_2,N2CONTROLOTHER,N
7535,N_2,N3COLLECTIVEBLAME,A
7535,N_2,N4HIDDENCONSPIRACY,I
7535,N_2,N4ISRAELHAND,N
7535,N_2,N5LOYALTY,N
7535,N_2,N6IDENTITYDENY,N
7535,N_2,N7COLLECTIVEGUILT,N
7535,N_2,N8VIOLENCE,N
7535,N_2,N9INCITEMENT,N
7535,N_2,N10SELFDETERMINATION,N
7535,N_2,N11JEWISHRIGHTSDEFINE,N
7535,N_2,N11SELFDETERMINATION,N
7535,N_2,N11JEWISHRIGHTS,N
7535,N_2,N12DOUBLESTANDARD,N
42897,N_2,N2CONSPIRACY,N
42897,N_2,N2CONTROLMEDIA,N
42897,N_2,N2CONTROLECONOMY,N
42897,N_2,N2CONTROLGOV,N
42897,N_2,N2CONTROLOTHER,N
42897,N_2,N3COLLECTIVEBLAME,N
42897,N_2,N4HIDDENCONSPIRACY,N
42897,N_2,N4ISRAELHAND,N
42897,N_2,N5LOYALTY,N
42897,N_2,N6IDENTITYDENY,N
42897,N_2,N7COLLECTIVEGUILT,N
42897,N_2,N8VIOLENCE,N
42897,N_2,N9INCITEMENT,N
42897,N_2,N10SELFDETERMINATION,N
42897,N_2,N11JEWISHRIGHTSDEFINE,N
42897,N_2,N11SELFDETERMINATION,N
42897,N_2,N11JEWISHRIGHTS,N
42897,N_2,N12DOUBLESTANDARD,N
15691,N_2,N2CONSPIRACY,N
15691,N_2,N2CONTROLMEDIA,N
15691,N_2,N2CONTROLECONOMY,N
15691,N_2,N2CONTROLGOV,N
15691,N_2,N2CONTROLOTHER,N
15691,N_2,N3COLLECTIVEBLAME,N
15691,N_2,N4HIDDENCONSPIRACY,N
15691,N_2,N4ISRAELHAND,N
15691,N_2,N5LOYALTY,N
15691,N_2,N6IDENTITYDENY,N
15691,N_2,N7COLLECTIVEGUILT,N
15691,N_2,N8VIOLENCE,N
15691,N_2,N9INCITEMENT,N
15691,N_2,N10SELFDETERMINATION,N
15691,N_2,N11JEWISHRIGHTSDEFINE,N
15691,N_2,N11SELFDETERMINATION,N
15691,N_2,N11JEWISHRIGHTS,N
15691,N_2,N12DOUBLESTANDARD,N
32795,N_2,N2CONSPIRACY,N
32795,N_2,N2CONTROLMEDIA,N
32795,N_2,N2CONTROLECONOMY,N
32795,N_2,N2CONTROLGOV,N
32795,N_2,N2CONTROLOTHER,N
32795,N_2,N3COLLECTIVEBLAME,N
32795,N_2,N4HIDDENCONSPIRACY,N
32795,N_2,N4ISRAELHAND,N
32795,N_2,N5LOYALTY,N
32795,N_2,N6IDENTITYDENY,N
32795,N_2,N7COLLECTIVEGUILT,N
32795,N_2,N8VIOLENCE,N
32795,N_2,N9INCITEMENT,N
32795,N_2,N10SELFDETERMINATION,N
32795,N_2,N11JEWISHRIGHTSDEFINE,N
32795,N_2,N11SELFDETERMINATION,N
32795,N_2,N11JEWISHRIGHTS,N
32795,N_2,N12DOUBLESTANDARD,N
34479,N_2,N2CONSPIRACY,N
34479,N_2,N2CONTROLMEDIA,N
34479,N_2,N2CONTROLECONOMY,N
34479,N_2,N2CONTROLGOV,N
34479,N_2,N2CONTROLOTHER,N
34479,N_2,N3COLLECTIVEBLAME,N
34479,N_2,N4HIDDENCONSPIRACY,N
34479,N_2,N4ISRAELHAND,N
34479,N_2,N5LOYALTY,N
34479,N_2,N6IDENTITYDENY,N
34479,N_2,N7COLLECTIVEGUILT,N
34479,N_2,N8VIOLENCE,N
34479,N_2,N9INCITEMENT,N
34479,N_2,N10SELFDETERMINATION,N
34479,N_2,N11JEWISHRIGHTSDEFINE,N
34479,N_2,N11SELFDETERMINATION,N
34479,N_2,N11JEWISHRIGHTS,N
34479,N_2,N12DOUBLESTANDARD,N
911,N_2,N2CONSPIRACY,N
911,N_2,N2CONTROLMEDIA,N
911,N_2,N2CONTROLECONOMY,N
911,N_2,N2CONTROLGOV,N
911,N_2,N2CONTROLOTHER,N
911,N_2,N3COLLECTIVEBLAME,N
911,N_2,N4HIDDENCONSPIRACY,N
911,N_2,N4ISRAELHAND,N
911,N_2,N5LOYALTY,N
911,N_2,N6IDENTITYDENY,N
911,N_2,N7COLLECTIVEGUILT,N
911,N_2,N8VIOLENCE,N
911,N_2,N9INCITEMENT,N
911,N_2,N10SELFDETERMINATION,N
911,N_2,N11JEWISHRIGHTSDEFINE,N
911,N_2,N11SELFDETERMINATION,N
911,N_2,N11JEWISHRIGHTS,N
911,N_2,N12DOUBLESTANDARD,N
20707,N_2,N2CONSPIRACY,N
20707,N_2,N2CONTROLMEDIA,N
20707,N_2,N2CONTROLECONOMY,N
20707,N_2,N2CONTROLGOV,N
20707,N_2,N2CONTROLOTHER,N
20707,N_2,N3COLLECTIVEBLAME,N
20707,N_2,N4HIDDENCONSPIRACY,N
20707,N_2,N4ISRAELHAND,N
20707,N_2,N5LOYALTY,N
20707,N_2,N6IDENTITYDENY,N
20707,N_2,N7COLLECTIVEGUILT,N
20707,N_2,N8VIOLENCE,N
20707,N_2,N9INCITEMENT,N
20707,N_2,N10SELFDETERMINATION,N
20707,N_2,N11JEWISHRIGHTSDEFINE,N
20707,N_2,N11SELFDETERMINATION,N
20707,N_2,N11JEWISHRIGHTS,N
20707,N_2,N12DOUBLESTANDARD,N
10400,N_2,N2CONSPIRACY,N
10400,N_2,N2CONTROLMEDIA,N
10400,N_2,N2CONTROLECONOMY,N
10400,N_2,N2CONTROLGOV,N
10400,N_2,N2CONTROLOTHER,N
10400,N_2,N3COLLECTIVEBLAME,N
10400,N_2,N4HIDDENCONSPIRACY,N
10400,N_2,N4ISRAELHAND,N
10400,N_2,N5LOYALTY,N
10400,N_2,N6IDENTITYDENY,N
10400,N_2,N7COLLECTIVEGUILT,N
10400,N_2,N8VIOLENCE,I
10400,N_2,N9INCITEMENT,N
10400,N_2,N10SELFDETERMINATION,N
10400,N_2,N11JEWISHRIGHTSDEFINE,N
10400,N_2,N11SELFDETERMINATION,N
10400,N_2,N11JEWISHRIGHTS,N
10400,N_2,N12DOUBLESTANDARD,N
10405,N_2,N2CONSPIRACY,N
10405,N_2,N2CONTROLMEDIA,N
10405,N_2,N2CONTROLECONOMY,N
10405,N_2,N2CONTROLGOV,N
10405,N_2,N2CONTROLOTHER,N
10405,N_2,N3COLLECTIVEBLAME,N
10405,N_2,N4HIDDENCONSPIRACY,N
10405,N_2,N4ISRAELHAND,N
10405,N_2,N5LOYALTY,N
10405,N_2,N6IDENTITYDENY,N
10405,N_2,N7COLLECTIVEGUILT,N
10405,N_2,N8VIOLENCE,N
10405,N_2,N9INCITEMENT,N
10405,N_2,N10SELFDETERMINATION,N
10405,N_2,N11JEWISHRIGHTSDEFINE,N
10405,N_2,N11SELFDETERMINATION,N
10405,N_2,N11JEWISHRIGHTS,N
10405,N_2,N12DOUBLESTANDARD,N
45809,N_2,N2CONSPIRACY,N
45809,N_2,N2CONTROLMEDIA,N
45809,N_2,N2CONTROLECONOMY,N
45809,N_2,N2CONTROLGOV,N
45809,N_2,N2CONTROLOTHER,N
45809,N_2,N3COLLECTIVEBLAME,N
45809,N_2,N4HIDDENCONSPIRACY,N
45809,N_2,N4ISRAELHAND,N
45809,N_2,N5LOYALTY,N
45809,N_2,N6IDENTITYDENY,N
45809,N_2,N7COLLECTIVEGUILT,N
45809,N_2,N8VIOLENCE,I
45809,N_2,N9INCITEMENT,I
45809,N_2,N10SELFDETERMINATION,N
45809,N_2,N11JEWISHRIGHTSDEFINE,N
45809,N_2,N11SELFDETERMINATION,N
45809,N_2,N11JEWISHRIGHTS,N
45809,N_2,N12DOUBLESTANDARD,N
14469,N_2,N2CONSPIRACY,N
14469,N_2,N2CONTROLMEDIA,N
14469,N_2,N2CONTROLECONOMY,N
14469,N_2,N2CONTROLGOV,N
14469,N_2,N2CONTROLOTHER,N
14469,N_2,N3COLLECTIVEBLAME,N
14469,N_2,N4HIDDENCONSPIRACY,N
14469,N_2,N4ISRAELHAND,N
14469,N_2,N5LOYALTY,N
14469,N_2,N6IDENTITYDENY,N
14469,N_2,N7COLLECTIVEGUILT,N
14469,N_2,N8VIOLENCE,N
14469,N_2,N9INCITEMENT,N
14469,N_2,N10SELFDETERMINATION,N
14469,N_2,N11JEWISHRIGHTSDEFINE,N
14469,N_2,N11SELFDETERMINATION,N
14469,N_2,N11JEWISHRIGHTS,N
14469,N_2,N12DOUBLESTANDARD,N
35258,N_2,N2CONSPIRACY,N
35258,N_2,N2CONTROLMEDIA,N
35258,N_2,N2CONTROLECONOMY,N
35258,N_2,N2CONTROLGOV,N
35258,N_2,N2CONTROLOTHER,N
35258,N_2,N3COLLECTIVEBLAME,I
35258,N_2,N4HIDDENCONSPIRACY,N
35258,N_2,N4ISRAELHAND,N
35258,N_2,N5LOYALTY,N
35258,N_2,N6IDENTITYDENY,N
35258,N_2,N7COLLECTIVEGUILT,I
35258,N_2,N8VIOLENCE,N
35258,N_2,N9INCITEMENT,I
35258,N_2,N10SELFDETERMINATION,N
35258,N_2,N11JEWISHRIGHTSDEFINE,N
35258,N_2,N11SELFDETERMINATION,N
35258,N_2,N11JEWISHRIGHTS,N
35258,N_2,N12DOUBLESTANDARD,N
41383,N_2,N2CONSPIRACY,N
41383,N_2,N2CONTROLMEDIA,N
41383,N_2,N2CONTROLECONOMY,N
41383,N_2,N2CONTROLGOV,N
41383,N_2,N2CONTROLOTHER,N
41383,N_2,N3COLLECTIVEBLAME,N
41383,N_2,N4HIDDENCONSPIRACY,N
41383,N_2,N4ISRAELHAND,N
41383,N_2,N5LOYALTY,N
41383,N_2,N6IDENTITYDENY,N
41383,N_2,N7COLLECTIVEGUILT,N
41383,N_2,N8VIOLENCE,N
41383,N_2,N9INCITEMENT,N
41383,N_2,N10SELFDETERMINATION,N
41383,N_2,N11JEWISHRIGHTSDEFINE,N
41383,N_2,N11SELFDETERMINATION,N
41383,N_2,N11JEWISHRIGHTS,N
41383,N_2,N12DOUBLESTANDARD,N
20452,N_2,N2CONSPIRACY,N
20452,N_2,N2CONTROLMEDIA,N
20452,N_2,N2CONTROLECONOMY,N
20452,N_2,N2CONTROLGOV,N
20452,N_2,N2CONTROLOTHER,N
20452,N_2,N3COLLECTIVEBLAME,N
20452,N_2,N4HIDDENCONSPIRACY,N
20452,N_2,N4ISRAELHAND,N
20452,N_2,N5LOYALTY,N
20452,N_2,N6IDENTITYDENY,N
20452,N_2,N7COLLECTIVEGUILT,N
20452,N_2,N8VIOLENCE,N
20452,N_2,N9INCITEMENT,N
20452,N_2,N10SELFDETERMINATION,N
20452,N_2,N11JEWISHRIGHTSDEFINE,N
20452,N_2,N11SELFDETERMINATION,N
20452,N_2,N11JEWISHRIGHTS,N
20452,N_2,N12DOUBLESTANDARD,N
2964,N_2,N2CONSPIRACY,N
2964,N_2,N2CONTROLMEDIA,N
2964,N_2,N2CONTROLECONOMY,N
2964,N_2,N2CONTROLGOV,N
2964,N_2,N2CONTROLOTHER,N
2964,N_2,N3COLLECTIVEBLAME,N
2964,N_2,N4HIDDENCONSPIRACY,N
2964,N_2,N4ISRAELHAND,N
2964,N_2,N5LOYALTY,N
2964,N_2,N6IDENTITYDENY,N
2964,N_2,N7COLLECTIVEGUILT,N
2964,N_2,N8VIOLENCE,N
2964,N_2,N9INCITEMENT,N
2964,N_2,N10SELFDETERMINATION,N
2964,N_2,N11JEWISHRIGHTSDEFINE,N
2964,N_2,N11SELFDETERMINATION,N
2964,N_2,N11JEWISHRIGHTS,N
2964,N_2,N12DOUBLESTANDARD,N
28542,N_2,N2CONSPIRACY,N
28542,N_2,N2CONTROLMEDIA,N
28542,N_2,N2CONTROLECONOMY,N
28542,N_2,N2CONTROLGOV,N
28542,N_2,N2CONTROLOTHER,N
28542,N_2,N3COLLECTIVEBLAME,N
28542,N_2,N4HIDDENCONSPIRACY,N
28542,N_2,N4ISRAELHAND,N
28542,N_2,N5LOYALTY,N
28542,N_2,N6IDENTITYDENY,N
28542,N_2,N7COLLECTIVEGUILT,N
28542,N_2,N8VIOLENCE,N
28542,N_2,N9INCITEMENT,N
28542,N_2,N10SELFDETERMINATION,N
28542,N_2,N11JEWISHRIGHTSDEFINE,N
28542,N_2,N11SELFDETERMINATION,N
28542,N_2,N11JEWISHRIGHTS,N
28542,N_2,N12DOUBLESTANDARD,N
49978,N_2,N2CONSPIRACY,N
49978,N_2,N2CONTROLMEDIA,N
49978,N_2,N2CONTROLECONOMY,N
49978,N_2,N2CONTROLGOV,N
49978,N_2,N2CONTROLOTHER,N
49978,N_2,N3COLLECTIVEBLAME,N
49978,N_2,N4HIDDENCONSPIRACY,N
49978,N_2,N4ISRAELHAND,N
49978,N_2,N5LOYALTY,N
49978,N_2,N6IDENTITYDENY,N
49978,N_2,N7COLLECTIVEGUILT,N
49978,N_2,N8VIOLENCE,N
49978,N_2,N9INCITEMENT,N
49978,N_2,N10SELFDETERMINATION,N
49978,N_2,N11JEWISHRIGHTSDEFINE,N
49978,N_2,N11SELFDETERMINATION,N
49978,N_2,N11JEWISHRIGHTS,N
49978,N_2,N12DOUBLESTANDARD,N
20050,N_2,N2CONSPIRACY,N
20050,N_2,N2CONTROLMEDIA,N
20050,N_2,N2CONTROLECONOMY,N
20050,N_2,N2CONTROLGOV,N
20050,N_2,N2CONTROLOTHER,N
20050,N_2,N3COLLECTIVEBLAME,N
20050,N_2,N4HIDDENCONSPIRACY,N
20050,N_2,N4ISRAELHAND,N
20050,N_2,N5LOYALTY,N
20050,N_2,N6IDENTITYDENY,N
20050,N_2,N7COLLECTIVEGUILT,N
20050,N_2,N8VIOLENCE,N
20050,N_2,N9INCITEMENT,N
20050,N_2,N10SELFDETERMINATION,N
20050,N_2,N11JEWISHRIGHTSDEFINE,N
20050,N_2,N11SELFDETERMINATION,N
20050,N_2,N11JEWISHRIGHTS,N
20050,N_2,N12DOUBLESTANDARD,N
6356,N_2,N2CONSPIRACY,N
6356,N_2,N2CONTROLMEDIA,N
6356,N_2,N2CONTROLECONOMY,N
6356,N_2,N2CONTROLGOV,N
6356,N_2,N2CONTROLOTHER,N
6356,N_2,N3COLLECTIVEBLAME,N
6356,N_2,N4HIDDENCONSPIRACY,N
6356,N_2,N4ISRAELHAND,N
6356,N_2,N5LOYALTY,N
6356,N_2,N6IDENTITYDENY,N
6356,N_2,N7COLLECTIVEGUILT,N
6356,N_2,N8VIOLENCE,N
6356,N_2,N9INCITEMENT,N
6356,N_2,N10SELFDETERMINATION,N
6356,N_2,N11JEWISHRIGHTSDEFINE,N
6356,N_2,N11SELFDETERMINATION,N
6356,N_2,N11JEWISHRIGHTS,N
6356,N_2,N12DOUBLESTANDARD,N
40617,N_2,N2CONSPIRACY,I
40617,N_2,N2CONTROLMEDIA,N
40617,N_2,N2CONTROLECONOMY,N
40617,N_2,N2CONTROLGOV,I
40617,N_2,N2CONTROLOTHER,I
40617,N_2,N3COLLECTIVEBLAME,N
40617,N_2,N4HIDDENCONSPIRACY,I
40617,N_2,N4ISRAELHAND,N
40617,N_2,N5LOYALTY,N
40617,N_2,N6IDENTITYDENY,N
40617,N_2,N7COLLECTIVEGUILT,N
40617,N_2,N8VIOLENCE,N
40617,N_2,N9INCITEMENT,I
40617,N_2,N10SELFDETERMINATION,N
40617,N_2,N11JEWISHRIGHTSDEFINE,N
40617,N_2,N11SELFDETERMINATION,N
40617,N_2,N11JEWISHRIGHTS,N
40617,N_2,N12DOUBLESTANDARD,N
37170,N_2,N2CONSPIRACY,N
37170,N_2,N2CONTROLMEDIA,N
37170,N_2,N2CONTROLECONOMY,N
37170,N_2,N2CONTROLGOV,N
37170,N_2,N2CONTROLOTHER,N
37170,N_2,N3COLLECTIVEBLAME,N
37170,N_2,N4HIDDENCONSPIRACY,N
37170,N_2,N4ISRAELHAND,N
37170,N_2,N5LOYALTY,N
37170,N_2,N6IDENTITYDENY,N
37170,N_2,N7COLLECTIVEGUILT,N
37170,N_2,N8VIOLENCE,N
37170,N_2,N9INCITEMENT,N
37170,N_2,N10SELFDETERMINATION,N
37170,N_2,N11JEWISHRIGHTSDEFINE,N
37170,N_2,N11SELFDETERMINATION,N
37170,N_2,N11JEWISHRIGHTS,N
37170,N_2,N12DOUBLESTANDARD,N
11578,N_2,N2CONSPIRACY,N
11578,N_2,N2CONTROLMEDIA,N
11578,N_2,N2CONTROLECONOMY,N
11578,N_2,N2CONTROLGOV,N
11578,N_2,N2CONTROLOTHER,N
11578,N_2,N3COLLECTIVEBLAME,N
11578,N_2,N4HIDDENCONSPIRACY,N
11578,N_2,N4ISRAELHAND,N
11578,N_2,N5LOYALTY,N
11578,N_2,N6IDENTITYDENY,N
11578,N_2,N7COLLECTIVEGUILT,N
11578,N_2,N8VIOLENCE,N
11578,N_2,N9INCITEMENT,N
11578,N_2,N10SELFDETERMINATION,N
11578,N_2,N11JEWISHRIGHTSDEFINE,N
11578,N_2,N11SELFDETERMINATION,N
11578,N_2,N11JEWISHRIGHTS,N
11578,N_2,N12DOUBLESTANDARD,N
27215,N_2,N2CONSPIRACY,N
27215,N_2,N2CONTROLMEDIA,N
27215,N_2,N2CONTROLECONOMY,N
27215,N_2,N2CONTROLGOV,N
27215,N_2,N2CONTROLOTHER,N
27215,N_2,N3COLLECTIVEBLAME,N
27215,N_2,N4HIDDENCONSPIRACY,N
27215,N_2,N4ISRAELHAND,N
27215,N_2,N5LOYALTY,N
27215,N_2,N6IDENTITYDENY,N
27215,N_2,N7COLLECTIVEGUILT,N
27215,N_2,N8VIOLENCE,N
27215,N_2,N9INCITEMENT,N
27215,N_2,N10SELFDETERMINATION,N
27215,N_2,N11JEWISHRIGHTSDEFINE,N
27215,N_2,N11SELFDETERMINATION,N
27215,N_2,N11JEWISHRIGHTS,N
27215,N_2,N12DOUBLESTANDARD,N
23963,N_2,N2CONSPIRACY,N
23963,N_2,N2CONTROLMEDIA,N
23963,N_2,N2CONTROLECONOMY,N
23963,N_2,N2CONTROLGOV,N
23963,N_2,N2CONTROLOTHER,N
23963,N_2,N3COLLECTIVEBLAME,N
23963,N_2,N4HIDDENCONSPIRACY,N
23963,N_2,N4ISRAELHAND,N
23963,N_2,N5LOYALTY,N
23963,N_2,N6IDENTITYDENY,N
23963,N_2,N7COLLECTIVEGUILT,N
23963,N_2,N8VIOLENCE,N
23963,N_2,N9INCITEMENT,N
23963,N_2,N10SELFDETERMINATION,N
23963,N_2,N11JEWISHRIGHTSDEFINE,N
23963,N_2,N11SELFDETERMINATION,N
23963,N_2,N11JEWISHRIGHTS,N
23963,N_2,N12DOUBLESTANDARD,N
17260,N_2,N2CONSPIRACY,N
17260,N_2,N2CONTROLMEDIA,N
17260,N_2,N2CONTROLECONOMY,N
17260,N_2,N2CONTROLGOV,N
17260,N_2,N2CONTROLOTHER,N
17260,N_2,N3COLLECTIVEBLAME,N
17260,N_2,N4HIDDENCONSPIRACY,N
17260,N_2,N4ISRAELHAND,N
17260,N_2,N5LOYALTY,N
17260,N_2,N6IDENTITYDENY,N
17260,N_2,N7COLLECTIVEGUILT,N
17260,N_2,N8VIOLENCE,N
17260,N_2,N9INCITEMENT,N
17260,N_2,N10SELFDETERMINATION,N
17260,N_2,N11JEWISHRIGHTSDEFINE,N
17260,N_2,N11SELFDETERMINATION,N
17260,N_2,N11JEWISHRIGHTS,N
17260,N_2,N12DOUBLESTANDARD,N
49166,N_2,N2CONSPIRACY,N
49166,N_2,N2CONTROLMEDIA,N
49166,N_2,N2CONTROLECONOMY,N
49166,N_2,N2CONTROLGOV,N
49166,N_2,N2CONTROLOTHER,N
49166,N_2,N3COLLECTIVEBLAME,N
49166,N_2,N4HIDDENCONSPIRACY,N
49166,N_2,N4ISRAELHAND,N
49166,N_2,N5LOYALTY,N
49166,N_2,N6IDENTITYDENY,N
49166,N_2,N7COLLECTIVEGUILT,N
49166,N_2,N8VIOLENCE,N
49166,N_2,N9INCITEMENT,N
49166,N_2,N10SELFDETERMINATION,N
49166,N_2,N11JEWISHRIGHTSDEFINE,N
49166,N_2,N11SELFDETERMINATION,N
49166,N_2,N11JEWISHRIGHTS,N
49166,N_2,N12DOUBLESTANDARD,N
31062,N_2,N2CONSPIRACY,N
31062,N_2,N2CONTROLMEDIA,N
31062,N_2,N2CONTROLECONOMY,N
31062,N_2,N2CONTROLGOV,N
31062,N_2,N2CONTROLOTHER,N
31062,N_2,N3COLLECTIVEBLAME,N
31062,N_2,N4HIDDENCONSPIRACY,N
31062,N_2,N4ISRAELHAND,N
31062,N_2,N5LOYALTY,N
31062,N_2,N6IDENTITYDENY,N
31062,N_2,N7COLLECTIVEGUILT,N
31062,N_2,N8VIOLENCE,N
31062,N_2,N9INCITEMENT,N
31062,N_2,N10SELFDETERMINATION,N
31062,N_2,N11JEWISHRIGHTSDEFINE,N
31062,N_2,N11SELFDETERMINATION,N
31062,N_2,N11JEWISHRIGHTS,N
31062,N_2,N12DOUBLESTANDARD,N
1715,N_2,N2CONSPIRACY,N
1715,N_2,N2CONTROLMEDIA,N
1715,N_2,N2CONTROLECONOMY,N
1715,N_2,N2CONTROLGOV,N
1715,N_2,N2CONTROLOTHER,N
1715,N_2,N3COLLECTIVEBLAME,N
1715,N_2,N4HIDDENCONSPIRACY,N
1715,N_2,N4ISRAELHAND,N
1715,N_2,N5LOYALTY,N
1715,N_2,N6IDENTITYDENY,N
1715,N_2,N7COLLECTIVEGUILT,N
1715,N_2,N8VIOLENCE,N
1715,N_2,N9INCITEMENT,N
1715,N_2,N10SELFDETERMINATION,N
1715,N_2,N11JEWISHRIGHTSDEFINE,N
1715,N_2,N11SELFDETERMINATION,N
1715,N_2,N11JEWISHRIGHTS,N
1715,N_2,N12DOUBLESTANDARD,N
37571,N_2,N2CONSPIRACY,N
37571,N_2,N2CONTROLMEDIA,N
37571,N_2,N2CONTROLECONOMY,N
37571,N_2,N2CONTROLGOV,N
37571,N_2,N2CONTROLOTHER,N
37571,N_2,N3COLLECTIVEBLAME,N
37571,N_2,N4HIDDENCONSPIRACY,N
37571,N_2,N4ISRAELHAND,N
37571,N_2,N5LOYALTY,N
37571,N_2,N6IDENTITYDENY,N
37571,N_2,N7COLLECTIVEGUILT,N
37571,N_2,N8VIOLENCE,N
37571,N_2,N9INCITEMENT,N
37571,N_2,N10SELFDETERMINATION,N
37571,N_2,N11JEWISHRIGHTSDEFINE,N
37571,N_2,N11SELFDETERMINATION,N
37571,N_2,N11JEWISHRIGHTS,N
37571,N_2,N12DOUBLESTANDARD,N
2149,N_2,N2CONSPIRACY,N
2149,N_2,N2CONTROLMEDIA,N
2149,N_2,N2CONTROLECONOMY,N
2149,N_2,N2CONTROLGOV,N
2149,N_2,N2CONTROLOTHER,N
2149,N_2,N3COLLECTIVEBLAME,N
2149,N_2,N4HIDDENCONSPIRACY,N
2149,N_2,N4ISRAELHAND,N
2149,N_2,N5LOYALTY,N
2149,N_2,N6IDENTITYDENY,N
2149,N_2,N7COLLECTIVEGUILT,N
2149,N_2,N8VIOLENCE,N
2149,N_2,N9INCITEMENT,N
2149,N_2,N10SELFDETERMINATION,N
2149,N_2,N11JEWISHRIGHTSDEFINE,N
2149,N_2,N11SELFDETERMINATION,N
2149,N_2,N11JEWISHRIGHTS,N
2149,N_2,N12DOUBLESTANDARD,N
6354,N_2,N2CONSPIRACY,N
6354,N_2,N2CONTROLMEDIA,N
6354,N_2,N2CONTROLECONOMY,N
6354,N_2,N2CONTROLGOV,N
6354,N_2,N2CONTROLOTHER,N
6354,N_2,N3COLLECTIVEBLAME,N
6354,N_2,N4HIDDENCONSPIRACY,N
6354,N_2,N4ISRAELHAND,N
6354,N_2,N5LOYALTY,N
6354,N_2,N6IDENTITYDENY,N
6354,N_2,N7COLLECTIVEGUILT,N
6354,N_2,N8VIOLENCE,N
6354,N_2,N9INCITEMENT,N
6354,N_2,N10SELFDETERMINATION,N
6354,N_2,N11JEWISHRIGHTSDEFINE,N
6354,N_2,N11SELFDETERMINATION,N
6354,N_2,N11JEWISHRIGHTS,N
6354,N_2,N12DOUBLESTANDARD,A
36181,N_2,N2CONSPIRACY,N
36181,N_2,N2CONTROLMEDIA,N
36181,N_2,N2CONTROLECONOMY,N
36181,N_2,N2CONTROLGOV,N
36181,N_2,N2CONTROLOTHER,N
36181,N_2,N3COLLECTIVEBLAME,N
36181,N_2,N4HIDDENCONSPIRACY,N
36181,N_2,N4ISRAELHAND,N
36181,N_2,N5LOYALTY,N
36181,N_2,N6IDENTITYDENY,N
36181,N_2,N7COLLECTIVEGUILT,N
36181,N_2,N8VIOLENCE,N
36181,N_2,N9INCITEMENT,N
36181,N_2,N10SELFDETERMINATION,N
36181,N_2,N11JEWISHRIGHTSDEFINE,N
36181,N_2,N11SELFDETERMINATION,N
36181,N_2,N11JEWISHRIGHTS,N
36181,N_2,N12DOUBLESTANDARD,N
37821,N_2,N2CONSPIRACY,N
37821,N_2,N2CONTROLMEDIA,I
37821,N_2,N2CONTROLECONOMY,N
37821,N_2,N2CONTROLGOV,N
37821,N_2,N2CONTROLOTHER,N
37821,N_2,N3COLLECTIVEBLAME,E
37821,N_2,N4HIDDENCONSPIRACY,N
37821,N_2,N4ISRAELHAND,N
37821,N_2,N5LOYALTY,N
37821,N_2,N6IDENTITYDENY,N
37821,N_2,N7COLLECTIVEGUILT,I
37821,N_2,N8VIOLENCE,N
37821,N_2,N9INCITEMENT,N
37821,N_2,N10SELFDETERMINATION,N
37821,N_2,N11JEWISHRIGHTSDEFINE,N
37821,N_2,N11SELFDETERMINATION,N
37821,N_2,N11JEWISHRIGHTS,N
37821,N_2,N12DOUBLESTANDARD,N
37213,N_2,N2CONSPIRACY,N
37213,N_2,N2CONTROLMEDIA,N
37213,N_2,N2CONTROLECONOMY,N
37213,N_2,N2CONTROLGOV,N
37213,N_2,N2CONTROLOTHER,N
37213,N_2,N3COLLECTIVEBLAME,N
37213,N_2,N4HIDDENCONSPIRACY,N
37213,N_2,N4ISRAELHAND,N
37213,N_2,N5LOYALTY,N
37213,N_2,N6IDENTITYDENY,N
37213,N_2,N7COLLECTIVEGUILT,N
37213,N_2,N8VIOLENCE,N
37213,N_2,N9INCITEMENT,N
37213,N_2,N10SELFDETERMINATION,N
37213,N_2,N11JEWISHRIGHTSDEFINE,N
37213,N_2,N11SELFDETERMINATION,N
37213,N_2,N11JEWISHRIGHTS,N
37213,N_2,N12DOUBLESTANDARD,N
30316,N_2,N2CONSPIRACY,N
30316,N_2,N2CONTROLMEDIA,N
30316,N_2,N2CONTROLECONOMY,N
30316,N_2,N2CONTROLGOV,N
30316,N_2,N2CONTROLOTHER,N
30316,N_2,N3COLLECTIVEBLAME,N
30316,N_2,N4HIDDENCONSPIRACY,N
30316,N_2,N4ISRAELHAND,N
30316,N_2,N5LOYALTY,N
30316,N_2,N6IDENTITYDENY,N
30316,N_2,N7COLLECTIVEGUILT,N
30316,N_2,N8VIOLENCE,N
30316,N_2,N9INCITEMENT,N
30316,N_2,N10SELFDETERMINATION,N
30316,N_2,N11JEWISHRIGHTSDEFINE,N
30316,N_2,N11SELFDETERMINATION,N
30316,N_2,N11JEWISHRIGHTS,N
30316,N_2,N12DOUBLESTANDARD,N
17954,N_2,N2CONSPIRACY,N
17954,N_2,N2CONTROLMEDIA,N
17954,N_2,N2CONTROLECONOMY,N
17954,N_2,N2CONTROLGOV,N
17954,N_2,N2CONTROLOTHER,N
17954,N_2,N3COLLECTIVEBLAME,N
17954,N_2,N4HIDDENCONSPIRACY,N
17954,N_2,N4ISRAELHAND,N
17954,N_2,N5LOYALTY,N
17954,N_2,N6IDENTITYDENY,N
17954,N_2,N7COLLECTIVEGUILT,N
17954,N_2,N8VIOLENCE,N
17954,N_2,N9INCITEMENT,N
17954,N_2,N10SELFDETERMINATION,N
17954,N_2,N11JEWISHRIGHTSDEFINE,N
17954,N_2,N11SELFDETERMINATION,N
17954,N_2,N11JEWISHRIGHTS,N
17954,N_2,N12DOUBLESTANDARD,N
16196,N_2,N2CONSPIRACY,N
16196,N_2,N2CONTROLMEDIA,N
16196,N_2,N2CONTROLECONOMY,N
16196,N_2,N2CONTROLGOV,N
16196,N_2,N2CONTROLOTHER,N
16196,N_2,N3COLLECTIVEBLAME,N
16196,N_2,N4HIDDENCONSPIRACY,N
16196,N_2,N4ISRAELHAND,N
16196,N_2,N5LOYALTY,N
16196,N_2,N6IDENTITYDENY,N
16196,N_2,N7COLLECTIVEGUILT,N
16196,N_2,N8VIOLENCE,N
16196,N_2,N9INCITEMENT,N
16196,N_2,N10SELFDETERMINATION,N
16196,N_2,N11JEWISHRIGHTSDEFINE,N
16196,N_2,N11SELFDETERMINATION,N
16196,N_2,N11JEWISHRIGHTS,N
16196,N_2,N12DOUBLESTANDARD,N
6983,N_2,N2CONSPIRACY,N
6983,N_2,N2CONTROLMEDIA,N
6983,N_2,N2CONTROLECONOMY,N
6983,N_2,N2CONTROLGOV,N
6983,N_2,N2CONTROLOTHER,N
6983,N_2,N3COLLECTIVEBLAME,N
6983,N_2,N4HIDDENCONSPIRACY,N
6983,N_2,N4ISRAELHAND,N
6983,N_2,N5LOYALTY,N
6983,N_2,N6IDENTITYDENY,N
6983,N_2,N7COLLECTIVEGUILT,N
6983,N_2,N8VIOLENCE,N
6983,N_2,N9INCITEMENT,N
6983,N_2,N10SELFDETERMINATION,N
6983,N_2,N11JEWISHRIGHTSDEFINE,N
6983,N_2,N11SELFDETERMINATION,N
6983,N_2,N11JEWISHRIGHTS,N
6983,N_2,N12DOUBLESTANDARD,N
25204,N_2,N2CONSPIRACY,N
25204,N_2,N2CONTROLMEDIA,N
25204,N_2,N2CONTROLECONOMY,N
25204,N_2,N2CONTROLGOV,N
25204,N_2,N2CONTROLOTHER,N
25204,N_2,N3COLLECTIVEBLAME,N
25204,N_2,N4HIDDENCONSPIRACY,N
25204,N_2,N4ISRAELHAND,N
25204,N_2,N5LOYALTY,N
25204,N_2,N6IDENTITYDENY,N
25204,N_2,N7COLLECTIVEGUILT,N
25204,N_2,N8VIOLENCE,N
25204,N_2,N9INCITEMENT,N
25204,N_2,N10SELFDETERMINATION,N
25204,N_2,N11JEWISHRIGHTSDEFINE,N
25204,N_2,N11SELFDETERMINATION,N
25204,N_2,N11JEWISHRIGHTS,N
25204,N_2,N12DOUBLESTANDARD,N
33511,N_2,N2CONSPIRACY,N
33511,N_2,N2CONTROLMEDIA,N
33511,N_2,N2CONTROLECONOMY,N
33511,N_2,N2CONTROLGOV,N
33511,N_2,N2CONTROLOTHER,N
33511,N_2,N3COLLECTIVEBLAME,N
33511,N_2,N4HIDDENCONSPIRACY,N
33511,N_2,N4ISRAELHAND,N
33511,N_2,N5LOYALTY,N
33511,N_2,N6IDENTITYDENY,N
33511,N_2,N7COLLECTIVEGUILT,N
33511,N_2,N8VIOLENCE,N
33511,N_2,N9INCITEMENT,N
33511,N_2,N10SELFDETERMINATION,N
33511,N_2,N11JEWISHRIGHTSDEFINE,N
33511,N_2,N11SELFDETERMINATION,N
33511,N_2,N11JEWISHRIGHTS,N
33511,N_2,N12DOUBLESTANDARD,N
7703,N_2,N2CONSPIRACY,N
7703,N_2,N2CONTROLMEDIA,N
7703,N_2,N2CONTROLECONOMY,N
7703,N_2,N2CONTROLGOV,N
7703,N_2,N2CONTROLOTHER,N
7703,N_2,N3COLLECTIVEBLAME,N
7703,N_2,N4HIDDENCONSPIRACY,N
7703,N_2,N4ISRAELHAND,N
7703,N_2,N5LOYALTY,N
7703,N_2,N6IDENTITYDENY,N
7703,N_2,N7COLLECTIVEGUILT,N
7703,N_2,N8VIOLENCE,N
7703,N_2,N9INCITEMENT,N
7703,N_2,N10SELFDETERMINATION,N
7703,N_2,N11JEWISHRIGHTSDEFINE,N
7703,N_2,N11SELFDETERMINATION,N
7703,N_2,N11JEWISHRIGHTS,N
7703,N_2,N12DOUBLESTANDARD,N
5245,N_2,N2CONSPIRACY,N
5245,N_2,N2CONTROLMEDIA,N
5245,N_2,N2CONTROLECONOMY,N
5245,N_2,N2CONTROLGOV,N
5245,N_2,N2CONTROLOTHER,N
5245,N_2,N3COLLECTIVEBLAME,N
5245,N_2,N4HIDDENCONSPIRACY,N
5245,N_2,N4ISRAELHAND,N
5245,N_2,N5LOYALTY,N
5245,N_2,N6IDENTITYDENY,N
5245,N_2,N7COLLECTIVEGUILT,N
5245,N_2,N8VIOLENCE,N
5245,N_2,N9INCITEMENT,N
5245,N_2,N10SELFDETERMINATION,N
5245,N_2,N11JEWISHRIGHTSDEFINE,N
5245,N_2,N11SELFDETERMINATION,N
5245,N_2,N11JEWISHRIGHTS,N
5245,N_2,N12DOUBLESTANDARD,N
48511,N_2,N2CONSPIRACY,A
48511,N_2,N2CONTROLMEDIA,N
48511,N_2,N2CONTROLECONOMY,N
48511,N_2,N2CONTROLGOV,N
48511,N_2,N2CONTROLOTHER,N
48511,N_2,N3COLLECTIVEBLAME,A
48511,N_2,N4HIDDENCONSPIRACY,N
48511,N_2,N4ISRAELHAND,N
48511,N_2,N5LOYALTY,N
48511,N_2,N6IDENTITYDENY,N
48511,N_2,N7COLLECTIVEGUILT,N
48511,N_2,N8VIOLENCE,N
48511,N_2,N9INCITEMENT,N
48511,N_2,N10SELFDETERMINATION,N
48511,N_2,N11JEWISHRIGHTSDEFINE,N
48511,N_2,N11SELFDETERMINATION,N
48511,N_2,N11JEWISHRIGHTS,N
48511,N_2,N12DOUBLESTANDARD,N
43628,N_2,PARSE_ERROR,Expecting value: line 1 column 1 (char 0)
2485,N_2,N2CONSPIRACY,N
2485,N_2,N2CONTROLMEDIA,N
2485,N_2,N2CONTROLECONOMY,N
2485,N_2,N2CONTROLGOV,N
2485,N_2,N2CONTROLOTHER,N
2485,N_2,N3COLLECTIVEBLAME,N
2485,N_2,N4HIDDENCONSPIRACY,N
2485,N_2,N4ISRAELHAND,N
2485,N_2,N5LOYALTY,N
2485,N_2,N6IDENTITYDENY,N
2485,N_2,N7COLLECTIVEGUILT,N
2485,N_2,N8VIOLENCE,N
2485,N_2,N9INCITEMENT,N
2485,N_2,N10SELFDETERMINATION,N
2485,N_2,N11JEWISHRIGHTSDEFINE,N
2485,N_2,N11SELFDETERMINATION,N
2485,N_2,N11JEWISHRIGHTS,N
2485,N_2,N12DOUBLESTANDARD,N
3569,N_2,N2CONSPIRACY,N
3569,N_2,N2CONTROLMEDIA,N
3569,N_2,N2CONTROLECONOMY,N
3569,N_2,N2CONTROLGOV,N
3569,N_2,N2CONTROLOTHER,N
3569,N_2,N3COLLECTIVEBLAME,N
3569,N_2,N4HIDDENCONSPIRACY,N
3569,N_2,N4ISRAELHAND,N
3569,N_2,N5LOYALTY,N
3569,N_2,N6IDENTITYDENY,N
3569,N_2,N7COLLECTIVEGUILT,N
3569,N_2,N8VIOLENCE,N
3569,N_2,N9INCITEMENT,N
3569,N_2,N10SELFDETERMINATION,N
3569,N_2,N11JEWISHRIGHTSDEFINE,N
3569,N_2,N11SELFDETERMINATION,N
3569,N_2,N11JEWISHRIGHTS,N
3569,N_2,N12DOUBLESTANDARD,N
33919,N_2,N2CONSPIRACY,N
33919,N_2,N2CONTROLMEDIA,N
33919,N_2,N2CONTROLECONOMY,N
33919,N_2,N2CONTROLGOV,N
33919,N_2,N2CONTROLOTHER,N
33919,N_2,N3COLLECTIVEBLAME,N
33919,N_2,N4HIDDENCONSPIRACY,N
33919,N_2,N4ISRAELHAND,N
33919,N_2,N5LOYALTY,N
33919,N_2,N6IDENTITYDENY,N
33919,N_2,N7COLLECTIVEGUILT,N
33919,N_2,N8VIOLENCE,N
33919,N_2,N9INCITEMENT,N
33919,N_2,N10SELFDETERMINATION,N
33919,N_2,N11JEWISHRIGHTSDEFINE,N
33919,N_2,N11SELFDETERMINATION,N
33919,N_2,N11JEWISHRIGHTS,N
33919,N_2,N12DOUBLESTANDARD,N
17783,N_2,N2CONSPIRACY,N
17783,N_2,N2CONTROLMEDIA,N
17783,N_2,N2CONTROLECONOMY,N
17783,N_2,N2CONTROLGOV,N
17783,N_2,N2CONTROLOTHER,N
17783,N_2,N3COLLECTIVEBLAME,N
17783,N_2,N4HIDDENCONSPIRACY,N
17783,N_2,N4ISRAELHAND,N
17783,N_2,N5LOYALTY,N
17783,N_2,N6IDENTITYDENY,N
17783,N_2,N7COLLECTIVEGUILT,N
17783,N_2,N8VIOLENCE,N
17783,N_2,N9INCITEMENT,N
17783,N_2,N10SELFDETERMINATION,N
17783,N_2,N11JEWISHRIGHTSDEFINE,N
17783,N_2,N11SELFDETERMINATION,N
17783,N_2,N11JEWISHRIGHTS,N
17783,N_2,N12DOUBLESTANDARD,N
49202,N_2,N2CONSPIRACY,N
49202,N_2,N2CONTROLMEDIA,N
49202,N_2,N2CONTROLECONOMY,N
49202,N_2,N2CONTROLGOV,N
49202,N_2,N2CONTROLOTHER,N
49202,N_2,N3COLLECTIVEBLAME,N
49202,N_2,N4HIDDENCONSPIRACY,N
49202,N_2,N4ISRAELHAND,N
49202,N_2,N5LOYALTY,N
49202,N_2,N6IDENTITYDENY,N
49202,N_2,N7COLLECTIVEGUILT,N
49202,N_2,N8VIOLENCE,N
49202,N_2,N9INCITEMENT,N
49202,N_2,N10SELFDETERMINATION,N
49202,N_2,N11JEWISHRIGHTSDEFINE,N
49202,N_2,N11SELFDETERMINATION,N
49202,N_2,N11JEWISHRIGHTS,N
49202,N_2,N12DOUBLESTANDARD,N
27315,N_2,N2CONSPIRACY,N
27315,N_2,N2CONTROLMEDIA,N
27315,N_2,N2CONTROLECONOMY,N
27315,N_2,N2CONTROLGOV,N
27315,N_2,N2CONTROLOTHER,N
27315,N_2,N3COLLECTIVEBLAME,N
27315,N_2,N4HIDDENCONSPIRACY,N
27315,N_2,N4ISRAELHAND,N
27315,N_2,N5LOYALTY,N
27315,N_2,N6IDENTITYDENY,N
27315,N_2,N7COLLECTIVEGUILT,N
27315,N_2,N8VIOLENCE,N
27315,N_2,N9INCITEMENT,N
27315,N_2,N10SELFDETERMINATION,N
27315,N_2,N11JEWISHRIGHTSDEFINE,N
27315,N_2,N11SELFDETERMINATION,N
27315,N_2,N11JEWISHRIGHTS,N
27315,N_2,N12DOUBLESTANDARD,N
3553,N_2,N2CONSPIRACY,N
3553,N_2,N2CONTROLMEDIA,N
3553,N_2,N2CONTROLECONOMY,N
3553,N_2,N2CONTROLGOV,N
3553,N_2,N2CONTROLOTHER,N
3553,N_2,N3COLLECTIVEBLAME,N
3553,N_2,N4HIDDENCONSPIRACY,N
3553,N_2,N4ISRAELHAND,N
3553,N_2,N5LOYALTY,N
3553,N_2,N6IDENTITYDENY,N
3553,N_2,N7COLLECTIVEGUILT,N
3553,N_2,N8VIOLENCE,N
3553,N_2,N9INCITEMENT,N
3553,N_2,N10SELFDETERMINATION,N
3553,N_2,N11JEWISHRIGHTSDEFINE,N
3553,N_2,N11SELFDETERMINATION,N
3553,N_2,N11JEWISHRIGHTS,N
3553,N_2,N12DOUBLESTANDARD,N
48498,N_2,N2CONSPIRACY,N
48498,N_2,N2CONTROLMEDIA,N
48498,N_2,N2CONTROLECONOMY,N
48498,N_2,N2CONTROLGOV,N
48498,N_2,N2CONTROLOTHER,N
48498,N_2,N3COLLECTIVEBLAME,N
48498,N_2,N4HIDDENCONSPIRACY,N
48498,N_2,N4ISRAELHAND,N
48498,N_2,N5LOYALTY,N
48498,N_2,N6IDENTITYDENY,N
48498,N_2,N7COLLECTIVEGUILT,N
48498,N_2,N8VIOLENCE,N
48498,N_2,N9INCITEMENT,N
48498,N_2,N10SELFDETERMINATION,N
48498,N_2,N11JEWISHRIGHTSDEFINE,N
48498,N_2,N11SELFDETERMINATION,N
48498,N_2,N11JEWISHRIGHTS,N
48498,N_2,N12DOUBLESTANDARD,N
42879,N_2,N2CONSPIRACY,N
42879,N_2,N2CONTROLMEDIA,N
42879,N_2,N2CONTROLECONOMY,N
42879,N_2,N2CONTROLGOV,N
42879,N_2,N2CONTROLOTHER,N
42879,N_2,N3COLLECTIVEBLAME,N
42879,N_2,N4HIDDENCONSPIRACY,N
42879,N_2,N4ISRAELHAND,N
42879,N_2,N5LOYALTY,N
42879,N_2,N6IDENTITYDENY,N
42879,N_2,N7COLLECTIVEGUILT,N
42879,N_2,N8VIOLENCE,N
42879,N_2,N9INCITEMENT,N
42879,N_2,N10SELFDETERMINATION,N
42879,N_2,N11JEWISHRIGHTSDEFINE,N
42879,N_2,N11SELFDETERMINATION,N
42879,N_2,N11JEWISHRIGHTS,N
42879,N_2,N12DOUBLESTANDARD,N
49558,N_2,N2CONSPIRACY,N
49558,N_2,N2CONTROLMEDIA,N
49558,N_2,N2CONTROLECONOMY,N
49558,N_2,N2CONTROLGOV,N
49558,N_2,N2CONTROLOTHER,N
49558,N_2,N3COLLECTIVEBLAME,N
49558,N_2,N4HIDDENCONSPIRACY,N
49558,N_2,N4ISRAELHAND,N
49558,N_2,N5LOYALTY,N
49558,N_2,N6IDENTITYDENY,N
49558,N_2,N7COLLECTIVEGUILT,N
49558,N_2,N8VIOLENCE,N
49558,N_2,N9INCITEMENT,N
49558,N_2,N10SELFDETERMINATION,N
49558,N_2,N11JEWISHRIGHTSDEFINE,N
49558,N_2,N11SELFDETERMINATION,N
49558,N_2,N11JEWISHRIGHTS,N
49558,N_2,N12DOUBLESTANDARD,N
47049,N_2,N2CONSPIRACY,N
47049,N_2,N2CONTROLMEDIA,N
47049,N_2,N2CONTROLECONOMY,N
47049,N_2,N2CONTROLGOV,N
47049,N_2,N2CONTROLOTHER,N
47049,N_2,N3COLLECTIVEBLAME,N
47049,N_2,N4HIDDENCONSPIRACY,N
47049,N_2,N4ISRAELHAND,N
47049,N_2,N5LOYALTY,N
47049,N_2,N6IDENTITYDENY,N
47049,N_2,N7COLLECTIVEGUILT,N
47049,N_2,N8VIOLENCE,N
47049,N_2,N9INCITEMENT,N
47049,N_2,N10SELFDETERMINATION,N
47049,N_2,N11JEWISHRIGHTSDEFINE,N
47049,N_2,N11SELFDETERMINATION,N
47049,N_2,N11JEWISHRIGHTS,N
47049,N_2,N12DOUBLESTANDARD,N
10245,N_2,N2CONSPIRACY,N
10245,N_2,N2CONTROLMEDIA,N
10245,N_2,N2CONTROLECONOMY,N
10245,N_2,N2CONTROLGOV,N
10245,N_2,N2CONTROLOTHER,N
10245,N_2,N3COLLECTIVEBLAME,N
10245,N_2,N4HIDDENCONSPIRACY,N
10245,N_2,N4ISRAELHAND,N
10245,N_2,N5LOYALTY,N
10245,N_2,N6IDENTITYDENY,N
10245,N_2,N7COLLECTIVEGUILT,N
10245,N_2,N8VIOLENCE,N
10245,N_2,N9INCITEMENT,N
10245,N_2,N10SELFDETERMINATION,N
10245,N_2,N11JEWISHRIGHTSDEFINE,N
10245,N_2,N11SELFDETERMINATION,N
10245,N_2,N11JEWISHRIGHTS,N
10245,N_2,N12DOUBLESTANDARD,N
11487,N_2,N2CONSPIRACY,N
11487,N_2,N2CONTROLMEDIA,N
11487,N_2,N2CONTROLECONOMY,N
11487,N_2,N2CONTROLGOV,N
11487,N_2,N2CONTROLOTHER,N
11487,N_2,N3COLLECTIVEBLAME,N
11487,N_2,N4HIDDENCONSPIRACY,N
11487,N_2,N4ISRAELHAND,N
11487,N_2,N5LOYALTY,N
11487,N_2,N6IDENTITYDENY,N
11487,N_2,N7COLLECTIVEGUILT,N
11487,N_2,N8VIOLENCE,N
11487,N_2,N9INCITEMENT,N
11487,N_2,N10SELFDETERMINATION,N
11487,N_2,N11JEWISHRIGHTSDEFINE,N
11487,N_2,N11SELFDETERMINATION,N
11487,N_2,N11JEWISHRIGHTS,N
11487,N_2,N12DOUBLESTANDARD,N
25894,N_2,N2CONSPIRACY,N
25894,N_2,N2CONTROLMEDIA,N
25894,N_2,N2CONTROLECONOMY,N
25894,N_2,N2CONTROLGOV,N
25894,N_2,N2CONTROLOTHER,N
25894,N_2,N3COLLECTIVEBLAME,N
25894,N_2,N4HIDDENCONSPIRACY,N
25894,N_2,N4ISRAELHAND,N
25894,N_2,N5LOYALTY,N
25894,N_2,N6IDENTITYDENY,N
25894,N_2,N7COLLECTIVEGUILT,N
25894,N_2,N8VIOLENCE,N
25894,N_2,N9INCITEMENT,N
25894,N_2,N10SELFDETERMINATION,N
25894,N_2,N11JEWISHRIGHTSDEFINE,N
25894,N_2,N11SELFDETERMINATION,N
25894,N_2,N11JEWISHRIGHTS,N
25894,N_2,N12DOUBLESTANDARD,N
17286,N_2,N2CONSPIRACY,N
17286,N_2,N2CONTROLMEDIA,N
17286,N_2,N2CONTROLECONOMY,N
17286,N_2,N2CONTROLGOV,N
17286,N_2,N2CONTROLOTHER,N
17286,N_2,N3COLLECTIVEBLAME,N
17286,N_2,N4HIDDENCONSPIRACY,N
17286,N_2,N4ISRAELHAND,N
17286,N_2,N5LOYALTY,N
17286,N_2,N6IDENTITYDENY,N
17286,N_2,N7COLLECTIVEGUILT,N
17286,N_2,N8VIOLENCE,N
17286,N_2,N9INCITEMENT,N
17286,N_2,N10SELFDETERMINATION,N
17286,N_2,N11JEWISHRIGHTSDEFINE,N
17286,N_2,N11SELFDETERMINATION,N
17286,N_2,N11JEWISHRIGHTS,N
17286,N_2,N12DOUBLESTANDARD,N
18661,N_2,N2CONSPIRACY,N
18661,N_2,N2CONTROLMEDIA,N
18661,N_2,N2CONTROLECONOMY,N
18661,N_2,N2CONTROLGOV,N
18661,N_2,N2CONTROLOTHER,N
18661,N_2,N3COLLECTIVEBLAME,N
18661,N_2,N4HIDDENCONSPIRACY,N
18661,N_2,N4ISRAELHAND,N
18661,N_2,N5LOYALTY,N
18661,N_2,N6IDENTITYDENY,N
18661,N_2,N7COLLECTIVEGUILT,N
18661,N_2,N8VIOLENCE,N
18661,N_2,N9INCITEMENT,N
18661,N_2,N10SELFDETERMINATION,N
18661,N_2,N11JEWISHRIGHTSDEFINE,N
18661,N_2,N11SELFDETERMINATION,N
18661,N_2,N11JEWISHRIGHTS,N
18661,N_2,N12DOUBLESTANDARD,N
36621,N_2,N2CONSPIRACY,N
36621,N_2,N2CONTROLMEDIA,N
36621,N_2,N2CONTROLECONOMY,N
36621,N_2,N2CONTROLGOV,N
36621,N_2,N2CONTROLOTHER,N
36621,N_2,N3COLLECTIVEBLAME,N
36621,N_2,N4HIDDENCONSPIRACY,N
36621,N_2,N4ISRAELHAND,N
36621,N_2,N5LOYALTY,N
36621,N_2,N6IDENTITYDENY,N
36621,N_2,N7COLLECTIVEGUILT,N
36621,N_2,N8VIOLENCE,N
36621,N_2,N9INCITEMENT,N
36621,N_2,N10SELFDETERMINATION,N
36621,N_2,N11JEWISHRIGHTSDEFINE,N
36621,N_2,N11SELFDETERMINATION,N
36621,N_2,N11JEWISHRIGHTS,N
36621,N_2,N12DOUBLESTANDARD,N
18940,N_2,N2CONSPIRACY,N
18940,N_2,N2CONTROLMEDIA,N
18940,N_2,N2CONTROLECONOMY,N
18940,N_2,N2CONTROLGOV,N
18940,N_2,N2CONTROLOTHER,N
18940,N_2,N3COLLECTIVEBLAME,N
18940,N_2,N4HIDDENCONSPIRACY,N
18940,N_2,N4ISRAELHAND,N
18940,N_2,N5LOYALTY,N
18940,N_2,N6IDENTITYDENY,N
18940,N_2,N7COLLECTIVEGUILT,N
18940,N_2,N8VIOLENCE,N
18940,N_2,N9INCITEMENT,N
18940,N_2,N10SELFDETERMINATION,N
18940,N_2,N11JEWISHRIGHTSDEFINE,N
18940,N_2,N11SELFDETERMINATION,N
18940,N_2,N11JEWISHRIGHTS,N
18940,N_2,N12DOUBLESTANDARD,N
32172,N_2,N2CONSPIRACY,N
32172,N_2,N2CONTROLMEDIA,N
32172,N_2,N2CONTROLECONOMY,N
32172,N_2,N2CONTROLGOV,N
32172,N_2,N2CONTROLOTHER,N
32172,N_2,N3COLLECTIVEBLAME,N
32172,N_2,N4HIDDENCONSPIRACY,N
32172,N_2,N4ISRAELHAND,N
32172,N_2,N5LOYALTY,N
32172,N_2,N6IDENTITYDENY,I
32172,N_2,N7COLLECTIVEGUILT,N
32172,N_2,N8VIOLENCE,N
32172,N_2,N9INCITEMENT,N
32172,N_2,N10SELFDETERMINATION,N
32172,N_2,N11JEWISHRIGHTSDEFINE,N
32172,N_2,N11SELFDETERMINATION,N
32172,N_2,N11JEWISHRIGHTS,N
32172,N_2,N12DOUBLESTANDARD,N
21534,N_2,N2CONSPIRACY,N
21534,N_2,N2CONTROLMEDIA,N
21534,N_2,N2CONTROLECONOMY,N
21534,N_2,N2CONTROLGOV,N
21534,N_2,N2CONTROLOTHER,N
21534,N_2,N3COLLECTIVEBLAME,N
21534,N_2,N4HIDDENCONSPIRACY,N
21534,N_2,N4ISRAELHAND,N
21534,N_2,N5LOYALTY,N
21534,N_2,N6IDENTITYDENY,N
21534,N_2,N7COLLECTIVEGUILT,N
21534,N_2,N8VIOLENCE,N
21534,N_2,N9INCITEMENT,N
21534,N_2,N10SELFDETERMINATION,N
21534,N_2,N11JEWISHRIGHTSDEFINE,N
21534,N_2,N11SELFDETERMINATION,N
21534,N_2,N11JEWISHRIGHTS,N
21534,N_2,N12DOUBLESTANDARD,N
41952,N_2,N2CONSPIRACY,N
41952,N_2,N2CONTROLMEDIA,N
41952,N_2,N2CONTROLECONOMY,N
41952,N_2,N2CONTROLGOV,N
41952,N_2,N2CONTROLOTHER,N
41952,N_2,N3COLLECTIVEBLAME,N
41952,N_2,N4HIDDENCONSPIRACY,N
41952,N_2,N4ISRAELHAND,N
41952,N_2,N5LOYALTY,N
41952,N_2,N6IDENTITYDENY,N
41952,N_2,N7COLLECTIVEGUILT,N
41952,N_2,N8VIOLENCE,N
41952,N_2,N9INCITEMENT,N
41952,N_2,N10SELFDETERMINATION,N
41952,N_2,N11JEWISHRIGHTSDEFINE,N
41952,N_2,N11SELFDETERMINATION,N
41952,N_2,N11JEWISHRIGHTS,N
41952,N_2,N12DOUBLESTANDARD,N
46621,N_2,N2CONSPIRACY,N
46621,N_2,N2CONTROLMEDIA,N
46621,N_2,N2CONTROLECONOMY,N
46621,N_2,N2CONTROLGOV,N
46621,N_2,N2CONTROLOTHER,N
46621,N_2,N3COLLECTIVEBLAME,N
46621,N_2,N4HIDDENCONSPIRACY,N
46621,N_2,N4ISRAELHAND,N
46621,N_2,N5LOYALTY,N
46621,N_2,N6IDENTITYDENY,N
46621,N_2,N7COLLECTIVEGUILT,N
46621,N_2,N8VIOLENCE,N
46621,N_2,N9INCITEMENT,N
46621,N_2,N10SELFDETERMINATION,N
46621,N_2,N11JEWISHRIGHTSDEFINE,N
46621,N_2,N11SELFDETERMINATION,N
46621,N_2,N11JEWISHRIGHTS,N
46621,N_2,N12DOUBLESTANDARD,N
23079,N_2,N2CONSPIRACY,N
23079,N_2,N2CONTROLMEDIA,N
23079,N_2,N2CONTROLECONOMY,N
23079,N_2,N2CONTROLGOV,N
23079,N_2,N2CONTROLOTHER,N
23079,N_2,N3COLLECTIVEBLAME,N
23079,N_2,N4HIDDENCONSPIRACY,N
23079,N_2,N4ISRAELHAND,N
23079,N_2,N5LOYALTY,N
23079,N_2,N6IDENTITYDENY,N
23079,N_2,N7COLLECTIVEGUILT,N
23079,N_2,N8VIOLENCE,N
23079,N_2,N9INCITEMENT,N
23079,N_2,N10SELFDETERMINATION,N
23079,N_2,N11JEWISHRIGHTSDEFINE,N
23079,N_2,N11SELFDETERMINATION,N
23079,N_2,N11JEWISHRIGHTS,N
23079,N_2,N12DOUBLESTANDARD,N
9971,N_2,N2CONSPIRACY,N
9971,N_2,N2CONTROLMEDIA,N
9971,N_2,N2CONTROLECONOMY,N
9971,N_2,N2CONTROLGOV,N
9971,N_2,N2CONTROLOTHER,N
9971,N_2,N3COLLECTIVEBLAME,N
9971,N_2,N4HIDDENCONSPIRACY,N
9971,N_2,N4ISRAELHAND,N
9971,N_2,N5LOYALTY,N
9971,N_2,N6IDENTITYDENY,N
9971,N_2,N7COLLECTIVEGUILT,N
9971,N_2,N8VIOLENCE,N
9971,N_2,N9INCITEMENT,N
9971,N_2,N10SELFDETERMINATION,N
9971,N_2,N11JEWISHRIGHTSDEFINE,N
9971,N_2,N11SELFDETERMINATION,N
9971,N_2,N11JEWISHRIGHTS,N
9971,N_2,N12DOUBLESTANDARD,N
48434,N_2,N2CONSPIRACY,N
48434,N_2,N2CONTROLMEDIA,N
48434,N_2,N2CONTROLECONOMY,N
48434,N_2,N2CONTROLGOV,N
48434,N_2,N2CONTROLOTHER,N
48434,N_2,N3COLLECTIVEBLAME,N
48434,N_2,N4HIDDENCONSPIRACY,N
48434,N_2,N4ISRAELHAND,N
48434,N_2,N5LOYALTY,N
48434,N_2,N6IDENTITYDENY,N
48434,N_2,N7COLLECTIVEGUILT,N
48434,N_2,N8VIOLENCE,N
48434,N_2,N9INCITEMENT,N
48434,N_2,N10SELFDETERMINATION,N
48434,N_2,N11JEWISHRIGHTSDEFINE,N
48434,N_2,N11SELFDETERMINATION,N
48434,N_2,N11JEWISHRIGHTS,N
48434,N_2,N12DOUBLESTANDARD,N
43183,N_2,N2CONSPIRACY,N
43183,N_2,N2CONTROLMEDIA,N
43183,N_2,N2CONTROLECONOMY,N
43183,N_2,N2CONTROLGOV,N
43183,N_2,N2CONTROLOTHER,N
43183,N_2,N3COLLECTIVEBLAME,N
43183,N_2,N4HIDDENCONSPIRACY,N
43183,N_2,N4ISRAELHAND,N
43183,N_2,N5LOYALTY,N
43183,N_2,N6IDENTITYDENY,N
43183,N_2,N7COLLECTIVEGUILT,N
43183,N_2,N8VIOLENCE,N
43183,N_2,N9INCITEMENT,N
43183,N_2,N10SELFDETERMINATION,N
43183,N_2,N11JEWISHRIGHTSDEFINE,N
43183,N_2,N11SELFDETERMINATION,N
43183,N_2,N11JEWISHRIGHTS,N
43183,N_2,N12DOUBLESTANDARD,N
47217,N_2,N2CONSPIRACY,N
47217,N_2,N2CONTROLMEDIA,N
47217,N_2,N2CONTROLECONOMY,N
47217,N_2,N2CONTROLGOV,N
47217,N_2,N2CONTROLOTHER,N
47217,N_2,N3COLLECTIVEBLAME,E
47217,N_2,N4HIDDENCONSPIRACY,N
47217,N_2,N4ISRAELHAND,N
47217,N_2,N5LOYALTY,N
47217,N_2,N6IDENTITYDENY,N
47217,N_2,N7COLLECTIVEGUILT,E
47217,N_2,N8VIOLENCE,N
47217,N_2,N9INCITEMENT,E
47217,N_2,N10SELFDETERMINATION,N
47217,N_2,N11JEWISHRIGHTSDEFINE,N
47217,N_2,N11SELFDETERMINATION,N
47217,N_2,N11JEWISHRIGHTS,N
47217,N_2,N12DOUBLESTANDARD,N
44390,N_2,N2CONSPIRACY,N
44390,N_2,N2CONTROLMEDIA,N
44390,N_2,N2CONTROLECONOMY,N
44390,N_2,N2CONTROLGOV,N
44390,N_2,N2CONTROLOTHER,N
44390,N_2,N3COLLECTIVEBLAME,N
44390,N_2,N4HIDDENCONSPIRACY,N
44390,N_2,N4ISRAELHAND,N
44390,N_2,N5LOYALTY,N
44390,N_2,N6IDENTITYDENY,N
44390,N_2,N7COLLECTIVEGUILT,N
44390,N_2,N8VIOLENCE,N
44390,N_2,N9INCITEMENT,N
44390,N_2,N10SELFDETERMINATION,N
44390,N_2,N11JEWISHRIGHTSDEFINE,N
44390,N_2,N11SELFDETERMINATION,N
44390,N_2,N11JEWISHRIGHTS,N
44390,N_2,N12DOUBLESTANDARD,N
2920,N_2,N2CONSPIRACY,N
2920,N_2,N2CONTROLMEDIA,N
2920,N_2,N2CONTROLECONOMY,N
2920,N_2,N2CONTROLGOV,N
2920,N_2,N2CONTROLOTHER,N
2920,N_2,N3COLLECTIVEBLAME,N
2920,N_2,N4HIDDENCONSPIRACY,N
2920,N_2,N4ISRAELHAND,N
2920,N_2,N5LOYALTY,N
2920,N_2,N6IDENTITYDENY,N
2920,N_2,N7COLLECTIVEGUILT,I
2920,N_2,N8VIOLENCE,I
2920,N_2,N9INCITEMENT,E
2920,N_2,N10SELFDETERMINATION,N
2920,N_2,N11JEWISHRIGHTSDEFINE,N
2920,N_2,N11SELFDETERMINATION,N
2920,N_2,N11JEWISHRIGHTS,I
2920,N_2,N12DOUBLESTANDARD,N
40439,N_2,N2CONSPIRACY,A
40439,N_2,N2CONTROLMEDIA,N
40439,N_2,N2CONTROLECONOMY,N
40439,N_2,N2CONTROLGOV,N
40439,N_2,N2CONTROLOTHER,I
40439,N_2,N3COLLECTIVEBLAME,N
40439,N_2,N4HIDDENCONSPIRACY,N
40439,N_2,N4ISRAELHAND,N
40439,N_2,N5LOYALTY,N
40439,N_2,N6IDENTITYDENY,N
40439,N_2,N7COLLECTIVEGUILT,N
40439,N_2,N8VIOLENCE,N
40439,N_2,N9INCITEMENT,N
40439,N_2,N10SELFDETERMINATION,N
40439,N_2,N11JEWISHRIGHTSDEFINE,N
40439,N_2,N11SELFDETERMINATION,N
40439,N_2,N11JEWISHRIGHTS,N
40439,N_2,N12DOUBLESTANDARD,N
5071,N_2,N2CONSPIRACY,N
5071,N_2,N2CONTROLMEDIA,N
5071,N_2,N2CONTROLECONOMY,N
5071,N_2,N2CONTROLGOV,N
5071,N_2,N2CONTROLOTHER,N
5071,N_2,N3COLLECTIVEBLAME,N
5071,N_2,N4HIDDENCONSPIRACY,N
5071,N_2,N4ISRAELHAND,N
5071,N_2,N5LOYALTY,N
5071,N_2,N6IDENTITYDENY,N
5071,N_2,N7COLLECTIVEGUILT,N
5071,N_2,N8VIOLENCE,N
5071,N_2,N9INCITEMENT,N
5071,N_2,N10SELFDETERMINATION,N
5071,N_2,N11JEWISHRIGHTSDEFINE,N
5071,N_2,N11SELFDETERMINATION,N
5071,N_2,N11JEWISHRIGHTS,N
5071,N_2,N12DOUBLESTANDARD,N
18327,N_2,N2CONSPIRACY,N
18327,N_2,N2CONTROLMEDIA,N
18327,N_2,N2CONTROLECONOMY,N
18327,N_2,N2CONTROLGOV,N
18327,N_2,N2CONTROLOTHER,N
18327,N_2,N3COLLECTIVEBLAME,N
18327,N_2,N4HIDDENCONSPIRACY,N
18327,N_2,N4ISRAELHAND,N
18327,N_2,N5LOYALTY,N
18327,N_2,N6IDENTITYDENY,N
18327,N_2,N7COLLECTIVEGUILT,N
18327,N_2,N8VIOLENCE,N
18327,N_2,N9INCITEMENT,N
18327,N_2,N10SELFDETERMINATION,N
18327,N_2,N11JEWISHRIGHTSDEFINE,N
18327,N_2,N11SELFDETERMINATION,N
18327,N_2,N11JEWISHRIGHTS,N
18327,N_2,N12DOUBLESTANDARD,N
4467,N_2,N2CONSPIRACY,N
4467,N_2,N2CONTROLMEDIA,N
4467,N_2,N2CONTROLECONOMY,N
4467,N_2,N2CONTROLGOV,N
4467,N_2,N2CONTROLOTHER,N
4467,N_2,N3COLLECTIVEBLAME,N
4467,N_2,N4HIDDENCONSPIRACY,N
4467,N_2,N4ISRAELHAND,N
4467,N_2,N5LOYALTY,N
4467,N_2,N6IDENTITYDENY,N
4467,N_2,N7COLLECTIVEGUILT,N
4467,N_2,N8VIOLENCE,N
4467,N_2,N9INCITEMENT,N
4467,N_2,N10SELFDETERMINATION,N
4467,N_2,N11JEWISHRIGHTSDEFINE,N
4467,N_2,N11SELFDETERMINATION,N
4467,N_2,N11JEWISHRIGHTS,N
4467,N_2,N12DOUBLESTANDARD,N
42365,N_2,N2CONSPIRACY,N
42365,N_2,N2CONTROLMEDIA,N
42365,N_2,N2CONTROLECONOMY,N
42365,N_2,N2CONTROLGOV,N
42365,N_2,N2CONTROLOTHER,N
42365,N_2,N3COLLECTIVEBLAME,N
42365,N_2,N4HIDDENCONSPIRACY,N
42365,N_2,N4ISRAELHAND,N
42365,N_2,N5LOYALTY,N
42365,N_2,N6IDENTITYDENY,N
42365,N_2,N7COLLECTIVEGUILT,N
42365,N_2,N8VIOLENCE,N
42365,N_2,N9INCITEMENT,N
42365,N_2,N10SELFDETERMINATION,N
42365,N_2,N11JEWISHRIGHTSDEFINE,N
42365,N_2,N11SELFDETERMINATION,N
42365,N_2,N11JEWISHRIGHTS,N
42365,N_2,N12DOUBLESTANDARD,N
22171,N_2,N2CONSPIRACY,N
22171,N_2,N2CONTROLMEDIA,N
22171,N_2,N2CONTROLECONOMY,N
22171,N_2,N2CONTROLGOV,N
22171,N_2,N2CONTROLOTHER,N
22171,N_2,N3COLLECTIVEBLAME,N
22171,N_2,N4HIDDENCONSPIRACY,N
22171,N_2,N4ISRAELHAND,N
22171,N_2,N5LOYALTY,N
22171,N_2,N6IDENTITYDENY,N
22171,N_2,N7COLLECTIVEGUILT,N
22171,N_2,N8VIOLENCE,N
22171,N_2,N9INCITEMENT,N
22171,N_2,N10SELFDETERMINATION,N
22171,N_2,N11JEWISHRIGHTSDEFINE,N
22171,N_2,N11SELFDETERMINATION,N
22171,N_2,N11JEWISHRIGHTS,N
22171,N_2,N12DOUBLESTANDARD,N
32636,N_2,N2CONSPIRACY,N
32636,N_2,N2CONTROLMEDIA,N
32636,N_2,N2CONTROLECONOMY,N
32636,N_2,N2CONTROLGOV,N
32636,N_2,N2CONTROLOTHER,N
32636,N_2,N3COLLECTIVEBLAME,N
32636,N_2,N4HIDDENCONSPIRACY,N
32636,N_2,N4ISRAELHAND,N
32636,N_2,N5LOYALTY,N
32636,N_2,N6IDENTITYDENY,N
32636,N_2,N7COLLECTIVEGUILT,N
32636,N_2,N8VIOLENCE,N
32636,N_2,N9INCITEMENT,N
32636,N_2,N10SELFDETERMINATION,N
32636,N_2,N11JEWISHRIGHTSDEFINE,N
32636,N_2,N11SELFDETERMINATION,N
32636,N_2,N11JEWISHRIGHTS,N
32636,N_2,N12DOUBLESTANDARD,N
2461,N_2,N2CONSPIRACY,I
2461,N_2,N2CONTROLMEDIA,N
2461,N_2,N2CONTROLECONOMY,N
2461,N_2,N2CONTROLGOV,N
2461,N_2,N2CONTROLOTHER,I
2461,N_2,N3COLLECTIVEBLAME,N
2461,N_2,N4HIDDENCONSPIRACY,I
2461,N_2,N4ISRAELHAND,N
2461,N_2,N5LOYALTY,N
2461,N_2,N6IDENTITYDENY,N
2461,N_2,N7COLLECTIVEGUILT,N
2461,N_2,N8VIOLENCE,N
2461,N_2,N9INCITEMENT,N
2461,N_2,N10SELFDETERMINATION,N
2461,N_2,N11JEWISHRIGHTSDEFINE,N
2461,N_2,N11SELFDETERMINATION,N
2461,N_2,N11JEWISHRIGHTS,N
2461,N_2,N12DOUBLESTANDARD,N
15805,N_2,N2CONSPIRACY,N
15805,N_2,N2CONTROLMEDIA,N
15805,N_2,N2CONTROLECONOMY,N
15805,N_2,N2CONTROLGOV,N
15805,N_2,N2CONTROLOTHER,N
15805,N_2,N3COLLECTIVEBLAME,N
15805,N_2,N4HIDDENCONSPIRACY,N
15805,N_2,N4ISRAELHAND,N
15805,N_2,N5LOYALTY,N
15805,N_2,N6IDENTITYDENY,N
15805,N_2,N7COLLECTIVEGUILT,N
15805,N_2,N8VIOLENCE,N
15805,N_2,N9INCITEMENT,N
15805,N_2,N10SELFDETERMINATION,N
15805,N_2,N11JEWISHRIGHTSDEFINE,N
15805,N_2,N11SELFDETERMINATION,N
15805,N_2,N11JEWISHRIGHTS,N
15805,N_2,N12DOUBLESTANDARD,N
45166,N_2,N2CONSPIRACY,N
45166,N_2,N2CONTROLMEDIA,N
45166,N_2,N2CONTROLECONOMY,N
45166,N_2,N2CONTROLGOV,N
45166,N_2,N2CONTROLOTHER,N
45166,N_2,N3COLLECTIVEBLAME,N
45166,N_2,N4HIDDENCONSPIRACY,N
45166,N_2,N4ISRAELHAND,N
45166,N_2,N5LOYALTY,N
45166,N_2,N6IDENTITYDENY,N
45166,N_2,N7COLLECTIVEGUILT,N
45166,N_2,N8VIOLENCE,E
45166,N_2,N9INCITEMENT,E
45166,N_2,N10SELFDETERMINATION,N
45166,N_2,N11JEWISHRIGHTSDEFINE,N
45166,N_2,N11SELFDETERMINATION,N
45166,N_2,N11JEWISHRIGHTS,N
45166,N_2,N12DOUBLESTANDARD,N
6389,N_2,N2CONSPIRACY,N
6389,N_2,N2CONTROLMEDIA,N
6389,N_2,N2CONTROLECONOMY,N
6389,N_2,N2CONTROLGOV,N
6389,N_2,N2CONTROLOTHER,N
6389,N_2,N3COLLECTIVEBLAME,N
6389,N_2,N4HIDDENCONSPIRACY,N
6389,N_2,N4ISRAELHAND,N
6389,N_2,N5LOYALTY,N
6389,N_2,N6IDENTITYDENY,N
6389,N_2,N7COLLECTIVEGUILT,N
6389,N_2,N8VIOLENCE,N
6389,N_2,N9INCITEMENT,N
6389,N_2,N10SELFDETERMINATION,N
6389,N_2,N11JEWISHRIGHTSDEFINE,N
6389,N_2,N11SELFDETERMINATION,N
6389,N_2,N11JEWISHRIGHTS,N
6389,N_2,N12DOUBLESTANDARD,N
48204,N_2,N2CONSPIRACY,N
48204,N_2,N2CONTROLMEDIA,N
48204,N_2,N2CONTROLECONOMY,N
48204,N_2,N2CONTROLGOV,N
48204,N_2,N2CONTROLOTHER,N
48204,N_2,N3COLLECTIVEBLAME,N
48204,N_2,N4HIDDENCONSPIRACY,N
48204,N_2,N4ISRAELHAND,N
48204,N_2,N5LOYALTY,N
48204,N_2,N6IDENTITYDENY,N
48204,N_2,N7COLLECTIVEGUILT,N
48204,N_2,N8VIOLENCE,A
48204,N_2,N9INCITEMENT,A
48204,N_2,N10SELFDETERMINATION,N
48204,N_2,N11JEWISHRIGHTSDEFINE,N
48204,N_2,N11SELFDETERMINATION,N
48204,N_2,N11JEWISHRIGHTS,N
48204,N_2,N12DOUBLESTANDARD,N
17725,N_2,N2CONSPIRACY,N
17725,N_2,N2CONTROLMEDIA,N
17725,N_2,N2CONTROLECONOMY,N
17725,N_2,N2CONTROLGOV,N
17725,N_2,N2CONTROLOTHER,N
17725,N_2,N3COLLECTIVEBLAME,N
17725,N_2,N4HIDDENCONSPIRACY,N
17725,N_2,N4ISRAELHAND,N
17725,N_2,N5LOYALTY,N
17725,N_2,N6IDENTITYDENY,N
17725,N_2,N7COLLECTIVEGUILT,N
17725,N_2,N8VIOLENCE,N
17725,N_2,N9INCITEMENT,N
17725,N_2,N10SELFDETERMINATION,N
17725,N_2,N11JEWISHRIGHTSDEFINE,N
17725,N_2,N11SELFDETERMINATION,N
17725,N_2,N11JEWISHRIGHTS,N
17725,N_2,N12DOUBLESTANDARD,N
20867,N_2,N2CONSPIRACY,N
20867,N_2,N2CONTROLMEDIA,N
20867,N_2,N2CONTROLECONOMY,N
20867,N_2,N2CONTROLGOV,N
20867,N_2,N2CONTROLOTHER,N
20867,N_2,N3COLLECTIVEBLAME,N
20867,N_2,N4HIDDENCONSPIRACY,N
20867,N_2,N4ISRAELHAND,N
20867,N_2,N5LOYALTY,N
20867,N_2,N6IDENTITYDENY,N
20867,N_2,N7COLLECTIVEGUILT,N
20867,N_2,N8VIOLENCE,N
20867,N_2,N9INCITEMENT,N
20867,N_2,N10SELFDETERMINATION,N
20867,N_2,N11JEWISHRIGHTSDEFINE,N
20867,N_2,N11SELFDETERMINATION,N
20867,N_2,N11JEWISHRIGHTS,N
20867,N_2,N12DOUBLESTANDARD,N
46063,N_2,N2CONSPIRACY,A
46063,N_2,N2CONTROLMEDIA,N
46063,N_2,N2CONTROLECONOMY,N
46063,N_2,N2CONTROLGOV,I
46063,N_2,N2CONTROLOTHER,N
46063,N_2,N3COLLECTIVEBLAME,N
46063,N_2,N4HIDDENCONSPIRACY,A
46063,N_2,N4ISRAELHAND,N
46063,N_2,N5LOYALTY,N
46063,N_2,N6IDENTITYDENY,N
46063,N_2,N7COLLECTIVEGUILT,N
46063,N_2,N8VIOLENCE,I
46063,N_2,N9INCITEMENT,E
46063,N_2,N10SELFDETERMINATION,N
46063,N_2,N11JEWISHRIGHTSDEFINE,N
46063,N_2,N11SELFDETERMINATION,N
46063,N_2,N11JEWISHRIGHTS,E
46063,N_2,N12DOUBLESTANDARD,N
1591,N_2,N2CONSPIRACY,N
1591,N_2,N2CONTROLMEDIA,N
1591,N_2,N2CONTROLECONOMY,N
1591,N_2,N2CONTROLGOV,N
1591,N_2,N2CONTROLOTHER,N
1591,N_2,N3COLLECTIVEBLAME,N
1591,N_2,N4HIDDENCONSPIRACY,N
1591,N_2,N4ISRAELHAND,N
1591,N_2,N5LOYALTY,N
1591,N_2,N6IDENTITYDENY,N
1591,N_2,N7COLLECTIVEGUILT,N
1591,N_2,N8VIOLENCE,N
1591,N_2,N9INCITEMENT,N
1591,N_2,N10SELFDETERMINATION,N
1591,N_2,N11JEWISHRIGHTSDEFINE,N
1591,N_2,N11SELFDETERMINATION,N
1591,N_2,N11JEWISHRIGHTS,N
1591,N_2,N12DOUBLESTANDARD,N
31793,N_2,N2CONSPIRACY,N
31793,N_2,N2CONTROLMEDIA,N
31793,N_2,N2CONTROLECONOMY,N
31793,N_2,N2CONTROLGOV,N
31793,N_2,N2CONTROLOTHER,N
31793,N_2,N3COLLECTIVEBLAME,N
31793,N_2,N4HIDDENCONSPIRACY,N
31793,N_2,N4ISRAELHAND,N
31793,N_2,N5LOYALTY,N
31793,N_2,N6IDENTITYDENY,N
31793,N_2,N7COLLECTIVEGUILT,N
31793,N_2,N8VIOLENCE,N
31793,N_2,N9INCITEMENT,A
31793,N_2,N10SELFDETERMINATION,N
31793,N_2,N11JEWISHRIGHTSDEFINE,N
31793,N_2,N11SELFDETERMINATION,N
31793,N_2,N11JEWISHRIGHTS,N
31793,N_2,N12DOUBLESTANDARD,N
6936,N_2,N2CONSPIRACY,N
6936,N_2,N2CONTROLMEDIA,N
6936,N_2,N2CONTROLECONOMY,N
6936,N_2,N2CONTROLGOV,N
6936,N_2,N2CONTROLOTHER,N
6936,N_2,N3COLLECTIVEBLAME,N
6936,N_2,N4HIDDENCONSPIRACY,N
6936,N_2,N4ISRAELHAND,N
6936,N_2,N5LOYALTY,N
6936,N_2,N6IDENTITYDENY,N
6936,N_2,N7COLLECTIVEGUILT,N
6936,N_2,N8VIOLENCE,N
6936,N_2,N9INCITEMENT,N
6936,N_2,N10SELFDETERMINATION,N
6936,N_2,N11JEWISHRIGHTSDEFINE,N
6936,N_2,N11SELFDETERMINATION,N
6936,N_2,N11JEWISHRIGHTS,N
6936,N_2,N12DOUBLESTANDARD,N
28430,N_2,N2CONSPIRACY,N
28430,N_2,N2CONTROLMEDIA,N
28430,N_2,N2CONTROLECONOMY,N
28430,N_2,N2CONTROLGOV,N
28430,N_2,N2CONTROLOTHER,N
28430,N_2,N3COLLECTIVEBLAME,I
28430,N_2,N4HIDDENCONSPIRACY,N
28430,N_2,N4ISRAELHAND,N
28430,N_2,N5LOYALTY,N
28430,N_2,N6IDENTITYDENY,N
28430,N_2,N7COLLECTIVEGUILT,I
28430,N_2,N8VIOLENCE,N
28430,N_2,N9INCITEMENT,A
28430,N_2,N10SELFDETERMINATION,N
28430,N_2,N11JEWISHRIGHTSDEFINE,N
28430,N_2,N11SELFDETERMINATION,N
28430,N_2,N11JEWISHRIGHTS,N
28430,N_2,N12DOUBLESTANDARD,N
47524,N_2,N2CONSPIRACY,N
47524,N_2,N2CONTROLMEDIA,N
47524,N_2,N2CONTROLECONOMY,N
47524,N_2,N2CONTROLGOV,N
47524,N_2,N2CONTROLOTHER,N
47524,N_2,N3COLLECTIVEBLAME,N
47524,N_2,N4HIDDENCONSPIRACY,N
47524,N_2,N4ISRAELHAND,N
47524,N_2,N5LOYALTY,N
47524,N_2,N6IDENTITYDENY,N
47524,N_2,N7COLLECTIVEGUILT,N
47524,N_2,N8VIOLENCE,E
47524,N_2,N9INCITEMENT,E
47524,N_2,N10SELFDETERMINATION,N
47524,N_2,N11JEWISHRIGHTSDEFINE,N
47524,N_2,N11SELFDETERMINATION,N
47524,N_2,N11JEWISHRIGHTS,E
47524,N_2,N12DOUBLESTANDARD,N
36710,N_2,N2CONSPIRACY,N
36710,N_2,N2CONTROLMEDIA,N
36710,N_2,N2CONTROLECONOMY,N
36710,N_2,N2CONTROLGOV,N
36710,N_2,N2CONTROLOTHER,N
36710,N_2,N3COLLECTIVEBLAME,N
36710,N_2,N4HIDDENCONSPIRACY,N
36710,N_2,N4ISRAELHAND,N
36710,N_2,N5LOYALTY,N
36710,N_2,N6IDENTITYDENY,N
36710,N_2,N7COLLECTIVEGUILT,N
36710,N_2,N8VIOLENCE,N
36710,N_2,N9INCITEMENT,N
36710,N_2,N10SELFDETERMINATION,N
36710,N_2,N11JEWISHRIGHTSDEFINE,N
36710,N_2,N11SELFDETERMINATION,N
36710,N_2,N11JEWISHRIGHTS,N
36710,N_2,N12DOUBLESTANDARD,N
5834,N_2,N2CONSPIRACY,N
5834,N_2,N2CONTROLMEDIA,N
5834,N_2,N2CONTROLECONOMY,N
5834,N_2,N2CONTROLGOV,N
5834,N_2,N2CONTROLOTHER,N
5834,N_2,N3COLLECTIVEBLAME,N
5834,N_2,N4HIDDENCONSPIRACY,N
5834,N_2,N4ISRAELHAND,N
5834,N_2,N5LOYALTY,N
5834,N_2,N6IDENTITYDENY,N
5834,N_2,N7COLLECTIVEGUILT,N
5834,N_2,N8VIOLENCE,N
5834,N_2,N9INCITEMENT,N
5834,N_2,N10SELFDETERMINATION,N
5834,N_2,N11JEWISHRIGHTSDEFINE,N
5834,N_2,N11SELFDETERMINATION,N
5834,N_2,N11JEWISHRIGHTS,N
5834,N_2,N12DOUBLESTANDARD,N
37934,N_2,N2CONSPIRACY,I
37934,N_2,N2CONTROLMEDIA,N
37934,N_2,N2CONTROLECONOMY,N
37934,N_2,N2CONTROLGOV,I
37934,N_2,N2CONTROLOTHER,N
37934,N_2,N3COLLECTIVEBLAME,N
37934,N_2,N4HIDDENCONSPIRACY,N
37934,N_2,N4ISRAELHAND,N
37934,N_2,N5LOYALTY,N
37934,N_2,N6IDENTITYDENY,N
37934,N_2,N7COLLECTIVEGUILT,N
37934,N_2,N8VIOLENCE,N
37934,N_2,N9INCITEMENT,N
37934,N_2,N10SELFDETERMINATION,N
37934,N_2,N11JEWISHRIGHTSDEFINE,N
37934,N_2,N11SELFDETERMINATION,N
37934,N_2,N11JEWISHRIGHTS,N
37934,N_2,N12DOUBLESTANDARD,N
44588,N_2,N2CONSPIRACY,A
44588,N_2,N2CONTROLMEDIA,I
44588,N_2,N2CONTROLECONOMY,N
44588,N_2,N2CONTROLGOV,N
44588,N_2,N2CONTROLOTHER,N
44588,N_2,N3COLLECTIVEBLAME,N
44588,N_2,N4HIDDENCONSPIRACY,N
44588,N_2,N4ISRAELHAND,N
44588,N_2,N5LOYALTY,N
44588,N_2,N6IDENTITYDENY,I
44588,N_2,N7COLLECTIVEGUILT,N
44588,N_2,N8VIOLENCE,N
44588,N_2,N9INCITEMENT,N
44588,N_2,N10SELFDETERMINATION,N
44588,N_2,N11JEWISHRIGHTSDEFINE,N
44588,N_2,N11SELFDETERMINATION,N
44588,N_2,N11JEWISHRIGHTS,N
44588,N_2,N12DOUBLESTANDARD,N
12255,N_2,N2CONSPIRACY,N
12255,N_2,N2CONTROLMEDIA,N
12255,N_2,N2CONTROLECONOMY,N
12255,N_2,N2CONTROLGOV,N
12255,N_2,N2CONTROLOTHER,N
12255,N_2,N3COLLECTIVEBLAME,N
12255,N_2,N4HIDDENCONSPIRACY,N
12255,N_2,N4ISRAELHAND,N
12255,N_2,N5LOYALTY,N
12255,N_2,N6IDENTITYDENY,N
12255,N_2,N7COLLECTIVEGUILT,N
12255,N_2,N8VIOLENCE,N
12255,N_2,N9INCITEMENT,N
12255,N_2,N10SELFDETERMINATION,N
12255,N_2,N11JEWISHRIGHTSDEFINE,N
12255,N_2,N11SELFDETERMINATION,N
12255,N_2,N11JEWISHRIGHTS,N
12255,N_2,N12DOUBLESTANDARD,N
4593,N_2,N2CONSPIRACY,N
4593,N_2,N2CONTROLMEDIA,N
4593,N_2,N2CONTROLECONOMY,N
4593,N_2,N2CONTROLGOV,N
4593,N_2,N2CONTROLOTHER,N
4593,N_2,N3COLLECTIVEBLAME,N
4593,N_2,N4HIDDENCONSPIRACY,N
4593,N_2,N4ISRAELHAND,N
4593,N_2,N5LOYALTY,N
4593,N_2,N6IDENTITYDENY,N
4593,N_2,N7COLLECTIVEGUILT,N
4593,N_2,N8VIOLENCE,N
4593,N_2,N9INCITEMENT,N
4593,N_2,N10SELFDETERMINATION,N
4593,N_2,N11JEWISHRIGHTSDEFINE,N
4593,N_2,N11SELFDETERMINATION,N
4593,N_2,N11JEWISHRIGHTS,N
4593,N_2,N12DOUBLESTANDARD,N
33290,N_2,N2CONSPIRACY,N
33290,N_2,N2CONTROLMEDIA,N
33290,N_2,N2CONTROLECONOMY,N
33290,N_2,N2CONTROLGOV,N
33290,N_2,N2CONTROLOTHER,N
33290,N_2,N3COLLECTIVEBLAME,N
33290,N_2,N4HIDDENCONSPIRACY,N
33290,N_2,N4ISRAELHAND,N
33290,N_2,N5LOYALTY,N
33290,N_2,N6IDENTITYDENY,N
33290,N_2,N7COLLECTIVEGUILT,N
33290,N_2,N8VIOLENCE,N
33290,N_2,N9INCITEMENT,N
33290,N_2,N10SELFDETERMINATION,N
33290,N_2,N11JEWISHRIGHTSDEFINE,N
33290,N_2,N11SELFDETERMINATION,N
33290,N_2,N11JEWISHRIGHTS,N
33290,N_2,N12DOUBLESTANDARD,N
47448,N_2,N2CONSPIRACY,N
47448,N_2,N2CONTROLMEDIA,N
47448,N_2,N2CONTROLECONOMY,N
47448,N_2,N2CONTROLGOV,N
47448,N_2,N2CONTROLOTHER,N
47448,N_2,N3COLLECTIVEBLAME,N
47448,N_2,N4HIDDENCONSPIRACY,N
47448,N_2,N4ISRAELHAND,N
47448,N_2,N5LOYALTY,N
47448,N_2,N6IDENTITYDENY,N
47448,N_2,N7COLLECTIVEGUILT,N
47448,N_2,N8VIOLENCE,N
47448,N_2,N9INCITEMENT,N
47448,N_2,N10SELFDETERMINATION,N
47448,N_2,N11JEWISHRIGHTSDEFINE,N
47448,N_2,N11SELFDETERMINATION,N
47448,N_2,N11JEWISHRIGHTS,N
47448,N_2,N12DOUBLESTANDARD,N
14634,N_2,N2CONSPIRACY,N
14634,N_2,N2CONTROLMEDIA,N
14634,N_2,N2CONTROLECONOMY,N
14634,N_2,N2CONTROLGOV,N
14634,N_2,N2CONTROLOTHER,N
14634,N_2,N3COLLECTIVEBLAME,N
14634,N_2,N4HIDDENCONSPIRACY,N
14634,N_2,N4ISRAELHAND,N
14634,N_2,N5LOYALTY,N
14634,N_2,N6IDENTITYDENY,N
14634,N_2,N7COLLECTIVEGUILT,N
14634,N_2,N8VIOLENCE,N
14634,N_2,N9INCITEMENT,N
14634,N_2,N10SELFDETERMINATION,N
14634,N_2,N11JEWISHRIGHTSDEFINE,N
14634,N_2,N11SELFDETERMINATION,N
14634,N_2,N11JEWISHRIGHTS,N
14634,N_2,N12DOUBLESTANDARD,N
27741,N_2,N2CONSPIRACY,N
27741,N_2,N2CONTROLMEDIA,N
27741,N_2,N2CONTROLECONOMY,N
27741,N_2,N2CONTROLGOV,N
27741,N_2,N2CONTROLOTHER,N
27741,N_2,N3COLLECTIVEBLAME,N
27741,N_2,N4HIDDENCONSPIRACY,N
27741,N_2,N4ISRAELHAND,N
27741,N_2,N5LOYALTY,N
27741,N_2,N6IDENTITYDENY,N
27741,N_2,N7COLLECTIVEGUILT,N
27741,N_2,N8VIOLENCE,E
27741,N_2,N9INCITEMENT,E
27741,N_2,N10SELFDETERMINATION,N
27741,N_2,N11JEWISHRIGHTSDEFINE,N
27741,N_2,N11SELFDETERMINATION,N
27741,N_2,N11JEWISHRIGHTS,E
27741,N_2,N12DOUBLESTANDARD,N
6836,N_2,N2CONSPIRACY,N
6836,N_2,N2CONTROLMEDIA,N
6836,N_2,N2CONTROLECONOMY,N
6836,N_2,N2CONTROLGOV,N
6836,N_2,N2CONTROLOTHER,N
6836,N_2,N3COLLECTIVEBLAME,N
6836,N_2,N4HIDDENCONSPIRACY,N
6836,N_2,N4ISRAELHAND,N
6836,N_2,N5LOYALTY,N
6836,N_2,N6IDENTITYDENY,N
6836,N_2,N7COLLECTIVEGUILT,N
6836,N_2,N8VIOLENCE,N
6836,N_2,N9INCITEMENT,N
6836,N_2,N10SELFDETERMINATION,N
6836,N_2,N11JEWISHRIGHTSDEFINE,N
6836,N_2,N11SELFDETERMINATION,N
6836,N_2,N11JEWISHRIGHTS,N
6836,N_2,N12DOUBLESTANDARD,N
12106,N_2,N2CONSPIRACY,N
12106,N_2,N2CONTROLMEDIA,N
12106,N_2,N2CONTROLECONOMY,N
12106,N_2,N2CONTROLGOV,N
12106,N_2,N2CONTROLOTHER,N
12106,N_2,N3COLLECTIVEBLAME,N
12106,N_2,N4HIDDENCONSPIRACY,N
12106,N_2,N4ISRAELHAND,N
12106,N_2,N5LOYALTY,N
12106,N_2,N6IDENTITYDENY,N
12106,N_2,N7COLLECTIVEGUILT,N
12106,N_2,N8VIOLENCE,N
12106,N_2,N9INCITEMENT,N
12106,N_2,N10SELFDETERMINATION,N
12106,N_2,N11JEWISHRIGHTSDEFINE,N
12106,N_2,N11SELFDETERMINATION,N
12106,N_2,N11JEWISHRIGHTS,N
12106,N_2,N12DOUBLESTANDARD,N
22540,N_2,N2CONSPIRACY,N
22540,N_2,N2CONTROLMEDIA,N
22540,N_2,N2CONTROLECONOMY,N
22540,N_2,N2CONTROLGOV,N
22540,N_2,N2CONTROLOTHER,N
22540,N_2,N3COLLECTIVEBLAME,N
22540,N_2,N4HIDDENCONSPIRACY,N
22540,N_2,N4ISRAELHAND,N
22540,N_2,N5LOYALTY,N
22540,N_2,N6IDENTITYDENY,N
22540,N_2,N7COLLECTIVEGUILT,N
22540,N_2,N8VIOLENCE,N
22540,N_2,N9INCITEMENT,N
22540,N_2,N10SELFDETERMINATION,N
22540,N_2,N11JEWISHRIGHTSDEFINE,N
22540,N_2,N11SELFDETERMINATION,N
22540,N_2,N11JEWISHRIGHTS,N
22540,N_2,N12DOUBLESTANDARD,N
28471,N_2,N2CONSPIRACY,N
28471,N_2,N2CONTROLMEDIA,N
28471,N_2,N2CONTROLECONOMY,N
28471,N_2,N2CONTROLGOV,N
28471,N_2,N2CONTROLOTHER,N
28471,N_2,N3COLLECTIVEBLAME,N
28471,N_2,N4HIDDENCONSPIRACY,N
28471,N_2,N4ISRAELHAND,N
28471,N_2,N5LOYALTY,N
28471,N_2,N6IDENTITYDENY,N
28471,N_2,N7COLLECTIVEGUILT,N
28471,N_2,N8VIOLENCE,N
28471,N_2,N9INCITEMENT,N
28471,N_2,N10SELFDETERMINATION,N
28471,N_2,N11JEWISHRIGHTSDEFINE,N
28471,N_2,N11SELFDETERMINATION,N
28471,N_2,N11JEWISHRIGHTS,N
28471,N_2,N12DOUBLESTANDARD,N
43764,N_2,N2CONSPIRACY,N
43764,N_2,N2CONTROLMEDIA,N
43764,N_2,N2CONTROLECONOMY,N
43764,N_2,N2CONTROLGOV,N
43764,N_2,N2CONTROLOTHER,N
43764,N_2,N3COLLECTIVEBLAME,N
43764,N_2,N4HIDDENCONSPIRACY,N
43764,N_2,N4ISRAELHAND,N
43764,N_2,N5LOYALTY,N
43764,N_2,N6IDENTITYDENY,N
43764,N_2,N7COLLECTIVEGUILT,N
43764,N_2,N8VIOLENCE,N
43764,N_2,N9INCITEMENT,N
43764,N_2,N10SELFDETERMINATION,N
43764,N_2,N11JEWISHRIGHTSDEFINE,N
43764,N_2,N11SELFDETERMINATION,N
43764,N_2,N11JEWISHRIGHTS,N
43764,N_2,N12DOUBLESTANDARD,N
9767,N_2,N2CONSPIRACY,N
9767,N_2,N2CONTROLMEDIA,N
9767,N_2,N2CONTROLECONOMY,N
9767,N_2,N2CONTROLGOV,N
9767,N_2,N2CONTROLOTHER,N
9767,N_2,N3COLLECTIVEBLAME,N
9767,N_2,N4HIDDENCONSPIRACY,N
9767,N_2,N4ISRAELHAND,N
9767,N_2,N5LOYALTY,N
9767,N_2,N6IDENTITYDENY,N
9767,N_2,N7COLLECTIVEGUILT,N
9767,N_2,N8VIOLENCE,N
9767,N_2,N9INCITEMENT,N
9767,N_2,N10SELFDETERMINATION,N
9767,N_2,N11JEWISHRIGHTSDEFINE,N
9767,N_2,N11SELFDETERMINATION,N
9767,N_2,N11JEWISHRIGHTS,N
9767,N_2,N12DOUBLESTANDARD,N
44430,N_2,N2CONSPIRACY,N
44430,N_2,N2CONTROLMEDIA,N
44430,N_2,N2CONTROLECONOMY,N
44430,N_2,N2CONTROLGOV,N
44430,N_2,N2CONTROLOTHER,N
44430,N_2,N3COLLECTIVEBLAME,N
44430,N_2,N4HIDDENCONSPIRACY,N
44430,N_2,N4ISRAELHAND,N
44430,N_2,N5LOYALTY,N
44430,N_2,N6IDENTITYDENY,N
44430,N_2,N7COLLECTIVEGUILT,N
44430,N_2,N8VIOLENCE,N
44430,N_2,N9INCITEMENT,N
44430,N_2,N10SELFDETERMINATION,N
44430,N_2,N11JEWISHRIGHTSDEFINE,N
44430,N_2,N11SELFDETERMINATION,N
44430,N_2,N11JEWISHRIGHTS,N
44430,N_2,N12DOUBLESTANDARD,N
7201,N_2,N2CONSPIRACY,N
7201,N_2,N2CONTROLMEDIA,N
7201,N_2,N2CONTROLECONOMY,N
7201,N_2,N2CONTROLGOV,N
7201,N_2,N2CONTROLOTHER,N
7201,N_2,N3COLLECTIVEBLAME,N
7201,N_2,N4HIDDENCONSPIRACY,N
7201,N_2,N4ISRAELHAND,N
7201,N_2,N5LOYALTY,N
7201,N_2,N6IDENTITYDENY,N
7201,N_2,N7COLLECTIVEGUILT,N
7201,N_2,N8VIOLENCE,N
7201,N_2,N9INCITEMENT,N
7201,N_2,N10SELFDETERMINATION,N
7201,N_2,N11JEWISHRIGHTSDEFINE,N
7201,N_2,N11SELFDETERMINATION,N
7201,N_2,N11JEWISHRIGHTS,N
7201,N_2,N12DOUBLESTANDARD,N
5990,N_2,N2CONSPIRACY,N
5990,N_2,N2CONTROLMEDIA,N
5990,N_2,N2CONTROLECONOMY,N
5990,N_2,N2CONTROLGOV,N
5990,N_2,N2CONTROLOTHER,N
5990,N_2,N3COLLECTIVEBLAME,N
5990,N_2,N4HIDDENCONSPIRACY,N
5990,N_2,N4ISRAELHAND,N
5990,N_2,N5LOYALTY,N
5990,N_2,N6IDENTITYDENY,N
5990,N_2,N7COLLECTIVEGUILT,N
5990,N_2,N8VIOLENCE,N
5990,N_2,N9INCITEMENT,N
5990,N_2,N10SELFDETERMINATION,N
5990,N_2,N11JEWISHRIGHTSDEFINE,N
5990,N_2,N11SELFDETERMINATION,N
5990,N_2,N11JEWISHRIGHTS,N
5990,N_2,N12DOUBLESTANDARD,N
45042,N_2,N2CONSPIRACY,N
45042,N_2,N2CONTROLMEDIA,A
45042,N_2,N2CONTROLECONOMY,N
45042,N_2,N2CONTROLGOV,N
45042,N_2,N2CONTROLOTHER,N
45042,N_2,N3COLLECTIVEBLAME,N
45042,N_2,N4HIDDENCONSPIRACY,N
45042,N_2,N4ISRAELHAND,N
45042,N_2,N5LOYALTY,N
45042,N_2,N6IDENTITYDENY,N
45042,N_2,N7COLLECTIVEGUILT,N
45042,N_2,N8VIOLENCE,N
45042,N_2,N9INCITEMENT,N
45042,N_2,N10SELFDETERMINATION,N
45042,N_2,N11JEWISHRIGHTSDEFINE,N
45042,N_2,N11SELFDETERMINATION,N
45042,N_2,N11JEWISHRIGHTS,N
45042,N_2,N12DOUBLESTANDARD,N
8576,N_2,N2CONSPIRACY,N
8576,N_2,N2CONTROLMEDIA,N
8576,N_2,N2CONTROLECONOMY,N
8576,N_2,N2CONTROLGOV,N
8576,N_2,N2CONTROLOTHER,N
8576,N_2,N3COLLECTIVEBLAME,N
8576,N_2,N4HIDDENCONSPIRACY,N
8576,N_2,N4ISRAELHAND,N
8576,N_2,N5LOYALTY,N
8576,N_2,N6IDENTITYDENY,N
8576,N_2,N7COLLECTIVEGUILT,N
8576,N_2,N8VIOLENCE,N
8576,N_2,N9INCITEMENT,N
8576,N_2,N10SELFDETERMINATION,N
8576,N_2,N11JEWISHRIGHTSDEFINE,N
8576,N_2,N11SELFDETERMINATION,N
8576,N_2,N11JEWISHRIGHTS,N
8576,N_2,N12DOUBLESTANDARD,N
45890,N_2,N2CONSPIRACY,A
45890,N_2,N2CONTROLMEDIA,N
45890,N_2,N2CONTROLECONOMY,N
45890,N_2,N2CONTROLGOV,N
45890,N_2,N2CONTROLOTHER,I
45890,N_2,N3COLLECTIVEBLAME,N
45890,N_2,N4HIDDENCONSPIRACY,N
45890,N_2,N4ISRAELHAND,N
45890,N_2,N5LOYALTY,I
45890,N_2,N6IDENTITYDENY,N
45890,N_2,N7COLLECTIVEGUILT,N
45890,N_2,N8VIOLENCE,N
45890,N_2,N9INCITEMENT,I
45890,N_2,N10SELFDETERMINATION,N
45890,N_2,N11JEWISHRIGHTSDEFINE,N
45890,N_2,N11SELFDETERMINATION,N
45890,N_2,N11JEWISHRIGHTS,N
45890,N_2,N12DOUBLESTANDARD,N
32150,N_2,N2CONSPIRACY,N
32150,N_2,N2CONTROLMEDIA,N
32150,N_2,N2CONTROLECONOMY,N
32150,N_2,N2CONTROLGOV,N
32150,N_2,N2CONTROLOTHER,N
32150,N_2,N3COLLECTIVEBLAME,N
32150,N_2,N4HIDDENCONSPIRACY,N
32150,N_2,N4ISRAELHAND,N
32150,N_2,N5LOYALTY,N
32150,N_2,N6IDENTITYDENY,N
32150,N_2,N7COLLECTIVEGUILT,N
32150,N_2,N8VIOLENCE,N
32150,N_2,N9INCITEMENT,N
32150,N_2,N10SELFDETERMINATION,N
32150,N_2,N11JEWISHRIGHTSDEFINE,N
32150,N_2,N11SELFDETERMINATION,N
32150,N_2,N11JEWISHRIGHTS,N
32150,N_2,N12DOUBLESTANDARD,N
20192,N_2,N2CONSPIRACY,N
20192,N_2,N2CONTROLMEDIA,N
20192,N_2,N2CONTROLECONOMY,N
20192,N_2,N2CONTROLGOV,N
20192,N_2,N2CONTROLOTHER,N
20192,N_2,N3COLLECTIVEBLAME,N
20192,N_2,N4HIDDENCONSPIRACY,N
20192,N_2,N4ISRAELHAND,N
20192,N_2,N5LOYALTY,N
20192,N_2,N6IDENTITYDENY,N
20192,N_2,N7COLLECTIVEGUILT,N
20192,N_2,N8VIOLENCE,N
20192,N_2,N9INCITEMENT,N
20192,N_2,N10SELFDETERMINATION,N
20192,N_2,N11JEWISHRIGHTSDEFINE,N
20192,N_2,N11SELFDETERMINATION,N
20192,N_2,N11JEWISHRIGHTS,N
20192,N_2,N12DOUBLESTANDARD,N
43005,N_2,N2CONSPIRACY,E
43005,N_2,N2CONTROLMEDIA,N
43005,N_2,N2CONTROLECONOMY,I
43005,N_2,N2CONTROLGOV,E
43005,N_2,N2CONTROLOTHER,I
43005,N_2,N3COLLECTIVEBLAME,N
43005,N_2,N4HIDDENCONSPIRACY,E
43005,N_2,N4ISRAELHAND,I
43005,N_2,N5LOYALTY,I
43005,N_2,N6IDENTITYDENY,N
43005,N_2,N7COLLECTIVEGUILT,N
43005,N_2,N8VIOLENCE,N
43005,N_2,N9INCITEMENT,N
43005,N_2,N10SELFDETERMINATION,N
43005,N_2,N11JEWISHRIGHTSDEFINE,N
43005,N_2,N11SELFDETERMINATION,N
43005,N_2,N11JEWISHRIGHTS,N
43005,N_2,N12DOUBLESTANDARD,N
46846,N_2,N2CONSPIRACY,N
46846,N_2,N2CONTROLMEDIA,N
46846,N_2,N2CONTROLECONOMY,N
46846,N_2,N2CONTROLGOV,N
46846,N_2,N2CONTROLOTHER,N
46846,N_2,N3COLLECTIVEBLAME,N
46846,N_2,N4HIDDENCONSPIRACY,N
46846,N_2,N4ISRAELHAND,N
46846,N_2,N5LOYALTY,N
46846,N_2,N6IDENTITYDENY,N
46846,N_2,N7COLLECTIVEGUILT,N
46846,N_2,N8VIOLENCE,N
46846,N_2,N9INCITEMENT,N
46846,N_2,N10SELFDETERMINATION,N
46846,N_2,N11JEWISHRIGHTSDEFINE,N
46846,N_2,N11SELFDETERMINATION,N
46846,N_2,N11JEWISHRIGHTS,N
46846,N_2,N12DOUBLESTANDARD,N
40697,N_2,PARSE_ERROR,Expecting value: line 1 column 1 (char 0)
16205,N_2,N2CONSPIRACY,N
16205,N_2,N2CONTROLMEDIA,N
16205,N_2,N2CONTROLECONOMY,N
16205,N_2,N2CONTROLGOV,N
16205,N_2,N2CONTROLOTHER,N
16205,N_2,N3COLLECTIVEBLAME,N
16205,N_2,N4HIDDENCONSPIRACY,N
16205,N_2,N4ISRAELHAND,N
16205,N_2,N5LOYALTY,N
16205,N_2,N6IDENTITYDENY,N
16205,N_2,N7COLLECTIVEGUILT,N
16205,N_2,N8VIOLENCE,N
16205,N_2,N9INCITEMENT,N
16205,N_2,N10SELFDETERMINATION,N
16205,N_2,N11JEWISHRIGHTSDEFINE,N
16205,N_2,N11SELFDETERMINATION,N
16205,N_2,N11JEWISHRIGHTS,N
16205,N_2,N12DOUBLESTANDARD,N
12691,N_2,N2CONSPIRACY,N
12691,N_2,N2CONTROLMEDIA,N
12691,N_2,N2CONTROLECONOMY,N
12691,N_2,N2CONTROLGOV,N
12691,N_2,N2CONTROLOTHER,N
12691,N_2,N3COLLECTIVEBLAME,N
12691,N_2,N4HIDDENCONSPIRACY,N
12691,N_2,N4ISRAELHAND,N
12691,N_2,N5LOYALTY,N
12691,N_2,N6IDENTITYDENY,A
12691,N_2,N7COLLECTIVEGUILT,N
12691,N_2,N8VIOLENCE,N
12691,N_2,N9INCITEMENT,N
12691,N_2,N10SELFDETERMINATION,N
12691,N_2,N11JEWISHRIGHTSDEFINE,A
12691,N_2,N11SELFDETERMINATION,A
12691,N_2,N11JEWISHRIGHTS,N
12691,N_2,N12DOUBLESTANDARD,N
11456,N_2,N2CONSPIRACY,N
11456,N_2,N2CONTROLMEDIA,N
11456,N_2,N2CONTROLECONOMY,N
11456,N_2,N2CONTROLGOV,N
11456,N_2,N2CONTROLOTHER,N
11456,N_2,N3COLLECTIVEBLAME,N
11456,N_2,N4HIDDENCONSPIRACY,N
11456,N_2,N4ISRAELHAND,N
11456,N_2,N5LOYALTY,N
11456,N_2,N6IDENTITYDENY,N
11456,N_2,N7COLLECTIVEGUILT,N
11456,N_2,N8VIOLENCE,N
11456,N_2,N9INCITEMENT,N
11456,N_2,N10SELFDETERMINATION,N
11456,N_2,N11JEWISHRIGHTSDEFINE,N
11456,N_2,N11SELFDETERMINATION,N
11456,N_2,N11JEWISHRIGHTS,N
11456,N_2,N12DOUBLESTANDARD,N
16772,N_2,N2CONSPIRACY,N
16772,N_2,N2CONTROLMEDIA,N
16772,N_2,N2CONTROLECONOMY,N
16772,N_2,N2CONTROLGOV,N
16772,N_2,N2CONTROLOTHER,N
16772,N_2,N3COLLECTIVEBLAME,N
16772,N_2,N4HIDDENCONSPIRACY,N
16772,N_2,N4ISRAELHAND,N
16772,N_2,N5LOYALTY,N
16772,N_2,N6IDENTITYDENY,N
16772,N_2,N7COLLECTIVEGUILT,N
16772,N_2,N8VIOLENCE,N
16772,N_2,N9INCITEMENT,N
16772,N_2,N10SELFDETERMINATION,N
16772,N_2,N11JEWISHRIGHTSDEFINE,N
16772,N_2,N11SELFDETERMINATION,N
16772,N_2,N11JEWISHRIGHTS,N
16772,N_2,N12DOUBLESTANDARD,N
40152,N_2,N2CONSPIRACY,N
40152,N_2,N2CONTROLMEDIA,N
40152,N_2,N2CONTROLECONOMY,N
40152,N_2,N2CONTROLGOV,N
40152,N_2,N2CONTROLOTHER,N
40152,N_2,N3COLLECTIVEBLAME,N
40152,N_2,N4HIDDENCONSPIRACY,N
40152,N_2,N4ISRAELHAND,N
40152,N_2,N5LOYALTY,I
40152,N_2,N6IDENTITYDENY,N
40152,N_2,N7COLLECTIVEGUILT,N
40152,N_2,N8VIOLENCE,N
40152,N_2,N9INCITEMENT,N
40152,N_2,N10SELFDETERMINATION,N
40152,N_2,N11JEWISHRIGHTSDEFINE,N
40152,N_2,N11SELFDETERMINATION,N
40152,N_2,N11JEWISHRIGHTS,E
40152,N_2,N12DOUBLESTANDARD,N
19623,N_2,N2CONSPIRACY,N
19623,N_2,N2CONTROLMEDIA,N
19623,N_2,N2CONTROLECONOMY,N
19623,N_2,N2CONTROLGOV,N
19623,N_2,N2CONTROLOTHER,N
19623,N_2,N3COLLECTIVEBLAME,N
19623,N_2,N4HIDDENCONSPIRACY,N
19623,N_2,N4ISRAELHAND,N
19623,N_2,N5LOYALTY,N
19623,N_2,N6IDENTITYDENY,N
19623,N_2,N7COLLECTIVEGUILT,N
19623,N_2,N8VIOLENCE,E
19623,N_2,N9INCITEMENT,E
19623,N_2,N10SELFDETERMINATION,N
19623,N_2,N11JEWISHRIGHTSDEFINE,N
19623,N_2,N11SELFDETERMINATION,N
19623,N_2,N11JEWISHRIGHTS,N
19623,N_2,N12DOUBLESTANDARD,N
36190,N_2,N2CONSPIRACY,N
36190,N_2,N2CONTROLMEDIA,N
36190,N_2,N2CONTROLECONOMY,N
36190,N_2,N2CONTROLGOV,N
36190,N_2,N2CONTROLOTHER,N
36190,N_2,N3COLLECTIVEBLAME,N
36190,N_2,N4HIDDENCONSPIRACY,N
36190,N_2,N4ISRAELHAND,N
36190,N_2,N5LOYALTY,N
36190,N_2,N6IDENTITYDENY,N
36190,N_2,N7COLLECTIVEGUILT,N
36190,N_2,N8VIOLENCE,N
36190,N_2,N9INCITEMENT,N
36190,N_2,N10SELFDETERMINATION,N
36190,N_2,N11JEWISHRIGHTSDEFINE,N
36190,N_2,N11SELFDETERMINATION,N
36190,N_2,N11JEWISHRIGHTS,N
36190,N_2,N12DOUBLESTANDARD,N
38527,N_2,N2CONSPIRACY,N
38527,N_2,N2CONTROLMEDIA,N
38527,N_2,N2CONTROLECONOMY,N
38527,N_2,N2CONTROLGOV,N
38527,N_2,N2CONTROLOTHER,N
38527,N_2,N3COLLECTIVEBLAME,N
38527,N_2,N4HIDDENCONSPIRACY,N
38527,N_2,N4ISRAELHAND,N
38527,N_2,N5LOYALTY,N
38527,N_2,N6IDENTITYDENY,N
38527,N_2,N7COLLECTIVEGUILT,N
38527,N_2,N8VIOLENCE,N
38527,N_2,N9INCITEMENT,N
38527,N_2,N10SELFDETERMINATION,N
38527,N_2,N11JEWISHRIGHTSDEFINE,N
38527,N_2,N11SELFDETERMINATION,N
38527,N_2,N11JEWISHRIGHTS,N
38527,N_2,N12DOUBLESTANDARD,N
23944,N_2,N2CONSPIRACY,N
23944,N_2,N2CONTROLMEDIA,N
23944,N_2,N2CONTROLECONOMY,N
23944,N_2,N2CONTROLGOV,N
23944,N_2,N2CONTROLOTHER,N
23944,N_2,N3COLLECTIVEBLAME,N
23944,N_2,N4HIDDENCONSPIRACY,N
23944,N_2,N4ISRAELHAND,N
23944,N_2,N5LOYALTY,N
23944,N_2,N6IDENTITYDENY,N
23944,N_2,N7COLLECTIVEGUILT,N
23944,N_2,N8VIOLENCE,N
23944,N_2,N9INCITEMENT,N
23944,N_2,N10SELFDETERMINATION,I
23944,N_2,N11JEWISHRIGHTSDEFINE,I
23944,N_2,N11SELFDETERMINATION,I
23944,N_2,N11JEWISHRIGHTS,N
23944,N_2,N12DOUBLESTANDARD,N
40521,N_2,N2CONSPIRACY,N
40521,N_2,N2CONTROLMEDIA,N
40521,N_2,N2CONTROLECONOMY,N
40521,N_2,N2CONTROLGOV,N
40521,N_2,N2CONTROLOTHER,N
40521,N_2,N3COLLECTIVEBLAME,N
40521,N_2,N4HIDDENCONSPIRACY,N
40521,N_2,N4ISRAELHAND,N
40521,N_2,N5LOYALTY,N
40521,N_2,N6IDENTITYDENY,N
40521,N_2,N7COLLECTIVEGUILT,N
40521,N_2,N8VIOLENCE,N
40521,N_2,N9INCITEMENT,N
40521,N_2,N10SELFDETERMINATION,N
40521,N_2,N11JEWISHRIGHTSDEFINE,N
40521,N_2,N11SELFDETERMINATION,N
40521,N_2,N11JEWISHRIGHTS,N
40521,N_2,N12DOUBLESTANDARD,N
24443,N_2,N2CONSPIRACY,N
24443,N_2,N2CONTROLMEDIA,N
24443,N_2,N2CONTROLECONOMY,N
24443,N_2,N2CONTROLGOV,N
24443,N_2,N2CONTROLOTHER,N
24443,N_2,N3COLLECTIVEBLAME,N
24443,N_2,N4HIDDENCONSPIRACY,N
24443,N_2,N4ISRAELHAND,N
24443,N_2,N5LOYALTY,N
24443,N_2,N6IDENTITYDENY,N
24443,N_2,N7COLLECTIVEGUILT,N
24443,N_2,N8VIOLENCE,N
24443,N_2,N9INCITEMENT,N
24443,N_2,N10SELFDETERMINATION,N
24443,N_2,N11JEWISHRIGHTSDEFINE,N
24443,N_2,N11SELFDETERMINATION,N
24443,N_2,N11JEWISHRIGHTS,N
24443,N_2,N12DOUBLESTANDARD,N
15283,N_2,N2CONSPIRACY,N
15283,N_2,N2CONTROLMEDIA,N
15283,N_2,N2CONTROLECONOMY,N
15283,N_2,N2CONTROLGOV,N
15283,N_2,N2CONTROLOTHER,N
15283,N_2,N3COLLECTIVEBLAME,N
15283,N_2,N4HIDDENCONSPIRACY,N
15283,N_2,N4ISRAELHAND,N
15283,N_2,N5LOYALTY,N
15283,N_2,N6IDENTITYDENY,N
15283,N_2,N7COLLECTIVEGUILT,N
15283,N_2,N8VIOLENCE,N
15283,N_2,N9INCITEMENT,N
15283,N_2,N10SELFDETERMINATION,N
15283,N_2,N11JEWISHRIGHTSDEFINE,N
15283,N_2,N11SELFDETERMINATION,N
15283,N_2,N11JEWISHRIGHTS,N
15283,N_2,N12DOUBLESTANDARD,N
45923,N_2,N2CONSPIRACY,N
45923,N_2,N2CONTROLMEDIA,N
45923,N_2,N2CONTROLECONOMY,N
45923,N_2,N2CONTROLGOV,N
45923,N_2,N2CONTROLOTHER,N
45923,N_2,N3COLLECTIVEBLAME,N
45923,N_2,N4HIDDENCONSPIRACY,N
45923,N_2,N4ISRAELHAND,N
45923,N_2,N5LOYALTY,N
45923,N_2,N6IDENTITYDENY,N
45923,N_2,N7COLLECTIVEGUILT,N
45923,N_2,N8VIOLENCE,N
45923,N_2,N9INCITEMENT,N
45923,N_2,N10SELFDETERMINATION,N
45923,N_2,N11JEWISHRIGHTSDEFINE,N
45923,N_2,N11SELFDETERMINATION,N
45923,N_2,N11JEWISHRIGHTS,N
45923,N_2,N12DOUBLESTANDARD,N
32086,N_2,N2CONSPIRACY,N
32086,N_2,N2CONTROLMEDIA,N
32086,N_2,N2CONTROLECONOMY,N
32086,N_2,N2CONTROLGOV,N
32086,N_2,N2CONTROLOTHER,N
32086,N_2,N3COLLECTIVEBLAME,N
32086,N_2,N4HIDDENCONSPIRACY,N
32086,N_2,N4ISRAELHAND,N
32086,N_2,N5LOYALTY,N
32086,N_2,N6IDENTITYDENY,N
32086,N_2,N7COLLECTIVEGUILT,N
32086,N_2,N8VIOLENCE,N
32086,N_2,N9INCITEMENT,N
32086,N_2,N10SELFDETERMINATION,N
32086,N_2,N11JEWISHRIGHTSDEFINE,N
32086,N_2,N11SELFDETERMINATION,N
32086,N_2,N11JEWISHRIGHTS,N
32086,N_2,N12DOUBLESTANDARD,N
2787,N_2,N2CONSPIRACY,N
2787,N_2,N2CONTROLMEDIA,N
2787,N_2,N2CONTROLECONOMY,N
2787,N_2,N2CONTROLGOV,N
2787,N_2,N2CONTROLOTHER,N
2787,N_2,N3COLLECTIVEBLAME,N
2787,N_2,N4HIDDENCONSPIRACY,N
2787,N_2,N4ISRAELHAND,N
2787,N_2,N5LOYALTY,N
2787,N_2,N6IDENTITYDENY,N
2787,N_2,N7COLLECTIVEGUILT,N
2787,N_2,N8VIOLENCE,N
2787,N_2,N9INCITEMENT,N
2787,N_2,N10SELFDETERMINATION,N
2787,N_2,N11JEWISHRIGHTSDEFINE,N
2787,N_2,N11SELFDETERMINATION,N
2787,N_2,N11JEWISHRIGHTS,N
2787,N_2,N12DOUBLESTANDARD,N
7080,N_2,N2CONSPIRACY,N
7080,N_2,N2CONTROLMEDIA,N
7080,N_2,N2CONTROLECONOMY,N
7080,N_2,N2CONTROLGOV,N
7080,N_2,N2CONTROLOTHER,N
7080,N_2,N3COLLECTIVEBLAME,N
7080,N_2,N4HIDDENCONSPIRACY,N
7080,N_2,N4ISRAELHAND,N
7080,N_2,N5LOYALTY,N
7080,N_2,N6IDENTITYDENY,N
7080,N_2,N7COLLECTIVEGUILT,N
7080,N_2,N8VIOLENCE,N
7080,N_2,N9INCITEMENT,N
7080,N_2,N10SELFDETERMINATION,N
7080,N_2,N11JEWISHRIGHTSDEFINE,N
7080,N_2,N11SELFDETERMINATION,N
7080,N_2,N11JEWISHRIGHTS,N
7080,N_2,N12DOUBLESTANDARD,N
31447,N_2,N2CONSPIRACY,N
31447,N_2,N2CONTROLMEDIA,N
31447,N_2,N2CONTROLECONOMY,N
31447,N_2,N2CONTROLGOV,N
31447,N_2,N2CONTROLOTHER,N
31447,N_2,N3COLLECTIVEBLAME,N
31447,N_2,N4HIDDENCONSPIRACY,N
31447,N_2,N4ISRAELHAND,N
31447,N_2,N5LOYALTY,N
31447,N_2,N6IDENTITYDENY,N
31447,N_2,N7COLLECTIVEGUILT,N
31447,N_2,N8VIOLENCE,N
31447,N_2,N9INCITEMENT,N
31447,N_2,N10SELFDETERMINATION,N
31447,N_2,N11JEWISHRIGHTSDEFINE,N
31447,N_2,N11SELFDETERMINATION,N
31447,N_2,N11JEWISHRIGHTS,N
31447,N_2,N12DOUBLESTANDARD,N
43804,N_2,N2CONSPIRACY,A
43804,N_2,N2CONTROLMEDIA,N
43804,N_2,N2CONTROLECONOMY,N
43804,N_2,N2CONTROLGOV,I
43804,N_2,N2CONTROLOTHER,N
43804,N_2,N3COLLECTIVEBLAME,N
43804,N_2,N4HIDDENCONSPIRACY,N
43804,N_2,N4ISRAELHAND,N
43804,N_2,N5LOYALTY,N
43804,N_2,N6IDENTITYDENY,N
43804,N_2,N7COLLECTIVEGUILT,I
43804,N_2,N8VIOLENCE,N
43804,N_2,N9INCITEMENT,I
43804,N_2,N10SELFDETERMINATION,N
43804,N_2,N11JEWISHRIGHTSDEFINE,N
43804,N_2,N11SELFDETERMINATION,N
43804,N_2,N11JEWISHRIGHTS,N
43804,N_2,N12DOUBLESTANDARD,N
8783,N_2,N2CONSPIRACY,N
8783,N_2,N2CONTROLMEDIA,N
8783,N_2,N2CONTROLECONOMY,N
8783,N_2,N2CONTROLGOV,N
8783,N_2,N2CONTROLOTHER,N
8783,N_2,N3COLLECTIVEBLAME,N
8783,N_2,N4HIDDENCONSPIRACY,N
8783,N_2,N4ISRAELHAND,N
8783,N_2,N5LOYALTY,N
8783,N_2,N6IDENTITYDENY,N
8783,N_2,N7COLLECTIVEGUILT,N
8783,N_2,N8VIOLENCE,N
8783,N_2,N9INCITEMENT,N
8783,N_2,N10SELFDETERMINATION,N
8783,N_2,N11JEWISHRIGHTSDEFINE,N
8783,N_2,N11SELFDETERMINATION,N
8783,N_2,N11JEWISHRIGHTS,N
8783,N_2,N12DOUBLESTANDARD,N
11120,N_2,N2CONSPIRACY,N
11120,N_2,N2CONTROLMEDIA,N
11120,N_2,N2CONTROLECONOMY,N
11120,N_2,N2CONTROLGOV,N
11120,N_2,N2CONTROLOTHER,N
11120,N_2,N3COLLECTIVEBLAME,N
11120,N_2,N4HIDDENCONSPIRACY,N
11120,N_2,N4ISRAELHAND,N
11120,N_2,N5LOYALTY,N
11120,N_2,N6IDENTITYDENY,N
11120,N_2,N7COLLECTIVEGUILT,N
11120,N_2,N8VIOLENCE,N
11120,N_2,N9INCITEMENT,N
11120,N_2,N10SELFDETERMINATION,N
11120,N_2,N11JEWISHRIGHTSDEFINE,N
11120,N_2,N11SELFDETERMINATION,N
11120,N_2,N11JEWISHRIGHTS,N
11120,N_2,N12DOUBLESTANDARD,N
27144,N_2,N2CONSPIRACY,N
27144,N_2,N2CONTROLMEDIA,N
27144,N_2,N2CONTROLECONOMY,N
27144,N_2,N2CONTROLGOV,N
27144,N_2,N2CONTROLOTHER,N
27144,N_2,N3COLLECTIVEBLAME,N
27144,N_2,N4HIDDENCONSPIRACY,N
27144,N_2,N4ISRAELHAND,N
27144,N_2,N5LOYALTY,N
27144,N_2,N6IDENTITYDENY,N
27144,N_2,N7COLLECTIVEGUILT,N
27144,N_2,N8VIOLENCE,N
27144,N_2,N9INCITEMENT,N
27144,N_2,N10SELFDETERMINATION,N
27144,N_2,N11JEWISHRIGHTSDEFINE,N
27144,N_2,N11SELFDETERMINATION,N
27144,N_2,N11JEWISHRIGHTS,N
27144,N_2,N12DOUBLESTANDARD,N
10950,N_2,N2CONSPIRACY,N
10950,N_2,N2CONTROLMEDIA,N
10950,N_2,N2CONTROLECONOMY,N
10950,N_2,N2CONTROLGOV,N
10950,N_2,N2CONTROLOTHER,N
10950,N_2,N3COLLECTIVEBLAME,N
10950,N_2,N4HIDDENCONSPIRACY,N
10950,N_2,N4ISRAELHAND,N
10950,N_2,N5LOYALTY,N
10950,N_2,N6IDENTITYDENY,N
10950,N_2,N7COLLECTIVEGUILT,N
10950,N_2,N8VIOLENCE,N
10950,N_2,N9INCITEMENT,N
10950,N_2,N10SELFDETERMINATION,N
10950,N_2,N11JEWISHRIGHTSDEFINE,N
10950,N_2,N11SELFDETERMINATION,N
10950,N_2,N11JEWISHRIGHTS,N
10950,N_2,N12DOUBLESTANDARD,N
20043,N_2,N2CONSPIRACY,N
20043,N_2,N2CONTROLMEDIA,N
20043,N_2,N2CONTROLECONOMY,N
20043,N_2,N2CONTROLGOV,N
20043,N_2,N2CONTROLOTHER,N
20043,N_2,N3COLLECTIVEBLAME,N
20043,N_2,N4HIDDENCONSPIRACY,N
20043,N_2,N4ISRAELHAND,N
20043,N_2,N5LOYALTY,N
20043,N_2,N6IDENTITYDENY,N
20043,N_2,N7COLLECTIVEGUILT,N
20043,N_2,N8VIOLENCE,N
20043,N_2,N9INCITEMENT,N
20043,N_2,N10SELFDETERMINATION,N
20043,N_2,N11JEWISHRIGHTSDEFINE,N
20043,N_2,N11SELFDETERMINATION,N
20043,N_2,N11JEWISHRIGHTS,N
20043,N_2,N12DOUBLESTANDARD,N
48530,N_2,N2CONSPIRACY,N
48530,N_2,N2CONTROLMEDIA,N
48530,N_2,N2CONTROLECONOMY,N
48530,N_2,N2CONTROLGOV,N
48530,N_2,N2CONTROLOTHER,N
48530,N_2,N3COLLECTIVEBLAME,N
48530,N_2,N4HIDDENCONSPIRACY,N
48530,N_2,N4ISRAELHAND,N
48530,N_2,N5LOYALTY,N
48530,N_2,N6IDENTITYDENY,N
48530,N_2,N7COLLECTIVEGUILT,N
48530,N_2,N8VIOLENCE,N
48530,N_2,N9INCITEMENT,N
48530,N_2,N10SELFDETERMINATION,N
48530,N_2,N11JEWISHRIGHTSDEFINE,N
48530,N_2,N11SELFDETERMINATION,N
48530,N_2,N11JEWISHRIGHTS,N
48530,N_2,N12DOUBLESTANDARD,N
47657,N_2,N2CONSPIRACY,I
47657,N_2,N2CONTROLMEDIA,N
47657,N_2,N2CONTROLECONOMY,I
47657,N_2,N2CONTROLGOV,N
47657,N_2,N2CONTROLOTHER,I
47657,N_2,N3COLLECTIVEBLAME,I
47657,N_2,N4HIDDENCONSPIRACY,I
47657,N_2,N4ISRAELHAND,N
47657,N_2,N5LOYALTY,N
47657,N_2,N6IDENTITYDENY,N
47657,N_2,N7COLLECTIVEGUILT,N
47657,N_2,N8VIOLENCE,N
47657,N_2,N9INCITEMENT,N
47657,N_2,N10SELFDETERMINATION,N
47657,N_2,N11JEWISHRIGHTSDEFINE,N
47657,N_2,N11SELFDETERMINATION,N
47657,N_2,N11JEWISHRIGHTS,N
47657,N_2,N12DOUBLESTANDARD,N
14586,N_2,N2CONSPIRACY,N
14586,N_2,N2CONTROLMEDIA,N
14586,N_2,N2CONTROLECONOMY,N
14586,N_2,N2CONTROLGOV,N
14586,N_2,N2CONTROLOTHER,N
14586,N_2,N3COLLECTIVEBLAME,N
14586,N_2,N4HIDDENCONSPIRACY,N
14586,N_2,N4ISRAELHAND,N
14586,N_2,N5LOYALTY,N
14586,N_2,N6IDENTITYDENY,N
14586,N_2,N7COLLECTIVEGUILT,N
14586,N_2,N8VIOLENCE,N
14586,N_2,N9INCITEMENT,N
14586,N_2,N10SELFDETERMINATION,N
14586,N_2,N11JEWISHRIGHTSDEFINE,N
14586,N_2,N11SELFDETERMINATION,N
14586,N_2,N11JEWISHRIGHTS,N
14586,N_2,N12DOUBLESTANDARD,N
9223,N_2,N2CONSPIRACY,N
9223,N_2,N2CONTROLMEDIA,N
9223,N_2,N2CONTROLECONOMY,N
9223,N_2,N2CONTROLGOV,N
9223,N_2,N2CONTROLOTHER,N
9223,N_2,N3COLLECTIVEBLAME,N
9223,N_2,N4HIDDENCONSPIRACY,N
9223,N_2,N4ISRAELHAND,N
9223,N_2,N5LOYALTY,N
9223,N_2,N6IDENTITYDENY,N
9223,N_2,N7COLLECTIVEGUILT,N
9223,N_2,N8VIOLENCE,N
9223,N_2,N9INCITEMENT,N
9223,N_2,N10SELFDETERMINATION,N
9223,N_2,N11JEWISHRIGHTSDEFINE,N
9223,N_2,N11SELFDETERMINATION,N
9223,N_2,N11JEWISHRIGHTS,N
9223,N_2,N12DOUBLESTANDARD,N
9309,N_2,N2CONSPIRACY,N
9309,N_2,N2CONTROLMEDIA,N
9309,N_2,N2CONTROLECONOMY,N
9309,N_2,N2CONTROLGOV,N
9309,N_2,N2CONTROLOTHER,N
9309,N_2,N3COLLECTIVEBLAME,N
9309,N_2,N4HIDDENCONSPIRACY,N
9309,N_2,N4ISRAELHAND,N
9309,N_2,N5LOYALTY,N
9309,N_2,N6IDENTITYDENY,N
9309,N_2,N7COLLECTIVEGUILT,N
9309,N_2,N8VIOLENCE,N
9309,N_2,N9INCITEMENT,N
9309,N_2,N10SELFDETERMINATION,N
9309,N_2,N11JEWISHRIGHTSDEFINE,N
9309,N_2,N11SELFDETERMINATION,N
9309,N_2,N11JEWISHRIGHTS,N
9309,N_2,N12DOUBLESTANDARD,N
9340,N_2,N2CONSPIRACY,N
9340,N_2,N2CONTROLMEDIA,N
9340,N_2,N2CONTROLECONOMY,N
9340,N_2,N2CONTROLGOV,N
9340,N_2,N2CONTROLOTHER,N
9340,N_2,N3COLLECTIVEBLAME,N
9340,N_2,N4HIDDENCONSPIRACY,N
9340,N_2,N4ISRAELHAND,N
9340,N_2,N5LOYALTY,N
9340,N_2,N6IDENTITYDENY,N
9340,N_2,N7COLLECTIVEGUILT,N
9340,N_2,N8VIOLENCE,N
9340,N_2,N9INCITEMENT,N
9340,N_2,N10SELFDETERMINATION,N
9340,N_2,N11JEWISHRIGHTSDEFINE,N
9340,N_2,N11SELFDETERMINATION,N
9340,N_2,N11JEWISHRIGHTS,N
9340,N_2,N12DOUBLESTANDARD,N
2624,N_2,N2CONSPIRACY,A
2624,N_2,N2CONTROLMEDIA,N
2624,N_2,N2CONTROLECONOMY,N
2624,N_2,N2CONTROLGOV,N
2624,N_2,N2CONTROLOTHER,I
2624,N_2,N3COLLECTIVEBLAME,N
2624,N_2,N4HIDDENCONSPIRACY,A
2624,N_2,N4ISRAELHAND,N
2624,N_2,N5LOYALTY,N
2624,N_2,N6IDENTITYDENY,N
2624,N_2,N7COLLECTIVEGUILT,N
2624,N_2,N8VIOLENCE,N
2624,N_2,N9INCITEMENT,N
2624,N_2,N10SELFDETERMINATION,N
2624,N_2,N11JEWISHRIGHTSDEFINE,N
2624,N_2,N11SELFDETERMINATION,N
2624,N_2,N11JEWISHRIGHTS,N
2624,N_2,N12DOUBLESTANDARD,N
49568,N_2,N2CONSPIRACY,N
49568,N_2,N2CONTROLMEDIA,N
49568,N_2,N2CONTROLECONOMY,N
49568,N_2,N2CONTROLGOV,N
49568,N_2,N2CONTROLOTHER,N
49568,N_2,N3COLLECTIVEBLAME,N
49568,N_2,N4HIDDENCONSPIRACY,N
49568,N_2,N4ISRAELHAND,N
49568,N_2,N5LOYALTY,N
49568,N_2,N6IDENTITYDENY,N
49568,N_2,N7COLLECTIVEGUILT,N
49568,N_2,N8VIOLENCE,N
49568,N_2,N9INCITEMENT,N
49568,N_2,N10SELFDETERMINATION,N
49568,N_2,N11JEWISHRIGHTSDEFINE,N
49568,N_2,N11SELFDETERMINATION,N
49568,N_2,N11JEWISHRIGHTS,N
49568,N_2,N12DOUBLESTANDARD,N
46254,N_2,N2CONSPIRACY,N
46254,N_2,N2CONTROLMEDIA,N
46254,N_2,N2CONTROLECONOMY,N
46254,N_2,N2CONTROLGOV,N
46254,N_2,N2CONTROLOTHER,N
46254,N_2,N3COLLECTIVEBLAME,N
46254,N_2,N4HIDDENCONSPIRACY,N
46254,N_2,N4ISRAELHAND,N
46254,N_2,N5LOYALTY,N
46254,N_2,N6IDENTITYDENY,N
46254,N_2,N7COLLECTIVEGUILT,N
46254,N_2,N8VIOLENCE,N
46254,N_2,N9INCITEMENT,N
46254,N_2,N10SELFDETERMINATION,N
46254,N_2,N11JEWISHRIGHTSDEFINE,N
46254,N_2,N11SELFDETERMINATION,N
46254,N_2,N11JEWISHRIGHTS,N
46254,N_2,N12DOUBLESTANDARD,N
18734,N_2,N2CONSPIRACY,N
18734,N_2,N2CONTROLMEDIA,N
18734,N_2,N2CONTROLECONOMY,N
18734,N_2,N2CONTROLGOV,N
18734,N_2,N2CONTROLOTHER,N
18734,N_2,N3COLLECTIVEBLAME,N
18734,N_2,N4HIDDENCONSPIRACY,N
18734,N_2,N4ISRAELHAND,N
18734,N_2,N5LOYALTY,N
18734,N_2,N6IDENTITYDENY,N
18734,N_2,N7COLLECTIVEGUILT,N
18734,N_2,N8VIOLENCE,N
18734,N_2,N9INCITEMENT,N
18734,N_2,N10SELFDETERMINATION,N
18734,N_2,N11JEWISHRIGHTSDEFINE,N
18734,N_2,N11SELFDETERMINATION,N
18734,N_2,N11JEWISHRIGHTS,N
18734,N_2,N12DOUBLESTANDARD,N
10057,N_2,N2CONSPIRACY,N
10057,N_2,N2CONTROLMEDIA,N
10057,N_2,N2CONTROLECONOMY,N
10057,N_2,N2CONTROLGOV,N
10057,N_2,N2CONTROLOTHER,N
10057,N_2,N3COLLECTIVEBLAME,N
10057,N_2,N4HIDDENCONSPIRACY,N
10057,N_2,N4ISRAELHAND,N
10057,N_2,N5LOYALTY,N
10057,N_2,N6IDENTITYDENY,N
10057,N_2,N7COLLECTIVEGUILT,N
10057,N_2,N8VIOLENCE,N
10057,N_2,N9INCITEMENT,N
10057,N_2,N10SELFDETERMINATION,N
10057,N_2,N11JEWISHRIGHTSDEFINE,N
10057,N_2,N11SELFDETERMINATION,N
10057,N_2,N11JEWISHRIGHTS,N
10057,N_2,N12DOUBLESTANDARD,N
18752,N_2,N2CONSPIRACY,N
18752,N_2,N2CONTROLMEDIA,N
18752,N_2,N2CONTROLECONOMY,N
18752,N_2,N2CONTROLGOV,N
18752,N_2,N2CONTROLOTHER,N
18752,N_2,N3COLLECTIVEBLAME,N
18752,N_2,N4HIDDENCONSPIRACY,N
18752,N_2,N4ISRAELHAND,N
18752,N_2,N5LOYALTY,N
18752,N_2,N6IDENTITYDENY,N
18752,N_2,N7COLLECTIVEGUILT,N
18752,N_2,N8VIOLENCE,N
18752,N_2,N9INCITEMENT,N
18752,N_2,N10SELFDETERMINATION,N
18752,N_2,N11JEWISHRIGHTSDEFINE,N
18752,N_2,N11SELFDETERMINATION,N
18752,N_2,N11JEWISHRIGHTS,N
18752,N_2,N12DOUBLESTANDARD,N
12616,N_2,N2CONSPIRACY,N
12616,N_2,N2CONTROLMEDIA,N
12616,N_2,N2CONTROLECONOMY,N
12616,N_2,N2CONTROLGOV,N
12616,N_2,N2CONTROLOTHER,N
12616,N_2,N3COLLECTIVEBLAME,N
12616,N_2,N4HIDDENCONSPIRACY,N
12616,N_2,N4ISRAELHAND,N
12616,N_2,N5LOYALTY,N
12616,N_2,N6IDENTITYDENY,N
12616,N_2,N7COLLECTIVEGUILT,N
12616,N_2,N8VIOLENCE,N
12616,N_2,N9INCITEMENT,N
12616,N_2,N10SELFDETERMINATION,N
12616,N_2,N11JEWISHRIGHTSDEFINE,N
12616,N_2,N11SELFDETERMINATION,N
12616,N_2,N11JEWISHRIGHTS,N
12616,N_2,N12DOUBLESTANDARD,N
33645,N_2,N2CONSPIRACY,N
33645,N_2,N2CONTROLMEDIA,N
33645,N_2,N2CONTROLECONOMY,N
33645,N_2,N2CONTROLGOV,N
33645,N_2,N2CONTROLOTHER,N
33645,N_2,N3COLLECTIVEBLAME,N
33645,N_2,N4HIDDENCONSPIRACY,N
33645,N_2,N4ISRAELHAND,N
33645,N_2,N5LOYALTY,N
33645,N_2,N6IDENTITYDENY,N
33645,N_2,N7COLLECTIVEGUILT,N
33645,N_2,N8VIOLENCE,N
33645,N_2,N9INCITEMENT,N
33645,N_2,N10SELFDETERMINATION,N
33645,N_2,N11JEWISHRIGHTSDEFINE,N
33645,N_2,N11SELFDETERMINATION,N
33645,N_2,N11JEWISHRIGHTS,N
33645,N_2,N12DOUBLESTANDARD,N
20045,N_2,N2CONSPIRACY,N
20045,N_2,N2CONTROLMEDIA,N
20045,N_2,N2CONTROLECONOMY,N
20045,N_2,N2CONTROLGOV,N
20045,N_2,N2CONTROLOTHER,N
20045,N_2,N3COLLECTIVEBLAME,N
20045,N_2,N4HIDDENCONSPIRACY,N
20045,N_2,N4ISRAELHAND,N
20045,N_2,N5LOYALTY,N
20045,N_2,N6IDENTITYDENY,N
20045,N_2,N7COLLECTIVEGUILT,N
20045,N_2,N8VIOLENCE,E
20045,N_2,N9INCITEMENT,E
20045,N_2,N10SELFDETERMINATION,N
20045,N_2,N11JEWISHRIGHTSDEFINE,N
20045,N_2,N11SELFDETERMINATION,N
20045,N_2,N11JEWISHRIGHTS,E
20045,N_2,N12DOUBLESTANDARD,N
10082,N_2,N2CONSPIRACY,N
10082,N_2,N2CONTROLMEDIA,N
10082,N_2,N2CONTROLECONOMY,N
10082,N_2,N2CONTROLGOV,N
10082,N_2,N2CONTROLOTHER,N
10082,N_2,N3COLLECTIVEBLAME,N
10082,N_2,N4HIDDENCONSPIRACY,N
10082,N_2,N4ISRAELHAND,N
10082,N_2,N5LOYALTY,N
10082,N_2,N6IDENTITYDENY,N
10082,N_2,N7COLLECTIVEGUILT,N
10082,N_2,N8VIOLENCE,N
10082,N_2,N9INCITEMENT,N
10082,N_2,N10SELFDETERMINATION,N
10082,N_2,N11JEWISHRIGHTSDEFINE,N
10082,N_2,N11SELFDETERMINATION,N
10082,N_2,N11JEWISHRIGHTS,N
10082,N_2,N12DOUBLESTANDARD,N
42646,N_2,PARSE_ERROR,Expecting value: line 1 column 1 (char 0)
36851,N_2,N2CONSPIRACY,N
36851,N_2,N2CONTROLMEDIA,N
36851,N_2,N2CONTROLECONOMY,N
36851,N_2,N2CONTROLGOV,N
36851,N_2,N2CONTROLOTHER,N
36851,N_2,N3COLLECTIVEBLAME,N
36851,N_2,N4HIDDENCONSPIRACY,N
36851,N_2,N4ISRAELHAND,N
36851,N_2,N5LOYALTY,N
36851,N_2,N6IDENTITYDENY,N
36851,N_2,N7COLLECTIVEGUILT,N
36851,N_2,N8VIOLENCE,N
36851,N_2,N9INCITEMENT,N
36851,N_2,N10SELFDETERMINATION,N
36851,N_2,N11JEWISHRIGHTSDEFINE,N
36851,N_2,N11SELFDETERMINATION,N
36851,N_2,N11JEWISHRIGHTS,N
36851,N_2,N12DOUBLESTANDARD,N
28567,N_2,N2CONSPIRACY,N
28567,N_2,N2CONTROLMEDIA,N
28567,N_2,N2CONTROLECONOMY,N
28567,N_2,N2CONTROLGOV,N
28567,N_2,N2CONTROLOTHER,N
28567,N_2,N3COLLECTIVEBLAME,N
28567,N_2,N4HIDDENCONSPIRACY,N
28567,N_2,N4ISRAELHAND,N
28567,N_2,N5LOYALTY,N
28567,N_2,N6IDENTITYDENY,N
28567,N_2,N7COLLECTIVEGUILT,N
28567,N_2,N8VIOLENCE,N
28567,N_2,N9INCITEMENT,N
28567,N_2,N10SELFDETERMINATION,N
28567,N_2,N11JEWISHRIGHTSDEFINE,N
28567,N_2,N11SELFDETERMINATION,N
28567,N_2,N11JEWISHRIGHTS,N
28567,N_2,N12DOUBLESTANDARD,N
12712,N_2,N2CONSPIRACY,N
12712,N_2,N2CONTROLMEDIA,N
12712,N_2,N2CONTROLECONOMY,N
12712,N_2,N2CONTROLGOV,N
12712,N_2,N2CONTROLOTHER,N
12712,N_2,N3COLLECTIVEBLAME,N
12712,N_2,N4HIDDENCONSPIRACY,N
12712,N_2,N4ISRAELHAND,N
12712,N_2,N5LOYALTY,N
12712,N_2,N6IDENTITYDENY,N
12712,N_2,N7COLLECTIVEGUILT,N
12712,N_2,N8VIOLENCE,N
12712,N_2,N9INCITEMENT,N
12712,N_2,N10SELFDETERMINATION,N
12712,N_2,N11JEWISHRIGHTSDEFINE,N
12712,N_2,N11SELFDETERMINATION,N
12712,N_2,N11JEWISHRIGHTS,N
12712,N_2,N12DOUBLESTANDARD,N
40313,N_2,N2CONSPIRACY,N
40313,N_2,N2CONTROLMEDIA,N
40313,N_2,N2CONTROLECONOMY,N
40313,N_2,N2CONTROLGOV,N
40313,N_2,N2CONTROLOTHER,N
40313,N_2,N3COLLECTIVEBLAME,N
40313,N_2,N4HIDDENCONSPIRACY,N
40313,N_2,N4ISRAELHAND,N
40313,N_2,N5LOYALTY,N
40313,N_2,N6IDENTITYDENY,N
40313,N_2,N7COLLECTIVEGUILT,N
40313,N_2,N8VIOLENCE,N
40313,N_2,N9INCITEMENT,N
40313,N_2,N10SELFDETERMINATION,N
40313,N_2,N11JEWISHRIGHTSDEFINE,N
40313,N_2,N11SELFDETERMINATION,N
40313,N_2,N11JEWISHRIGHTS,N
40313,N_2,N12DOUBLESTANDARD,N
1675,N_2,N2CONSPIRACY,N
1675,N_2,N2CONTROLMEDIA,N
1675,N_2,N2CONTROLECONOMY,N
1675,N_2,N2CONTROLGOV,N
1675,N_2,N2CONTROLOTHER,N
1675,N_2,N3COLLECTIVEBLAME,N
1675,N_2,N4HIDDENCONSPIRACY,N
1675,N_2,N4ISRAELHAND,N
1675,N_2,N5LOYALTY,N
1675,N_2,N6IDENTITYDENY,N
1675,N_2,N7COLLECTIVEGUILT,N
1675,N_2,N8VIOLENCE,N
1675,N_2,N9INCITEMENT,E
1675,N_2,N10SELFDETERMINATION,N
1675,N_2,N11JEWISHRIGHTSDEFINE,N
1675,N_2,N11SELFDETERMINATION,N
1675,N_2,N11JEWISHRIGHTS,N
1675,N_2,N12DOUBLESTANDARD,N
40089,N_2,N2CONSPIRACY,N
40089,N_2,N2CONTROLMEDIA,N
40089,N_2,N2CONTROLECONOMY,N
40089,N_2,N2CONTROLGOV,N
40089,N_2,N2CONTROLOTHER,N
40089,N_2,N3COLLECTIVEBLAME,N
40089,N_2,N4HIDDENCONSPIRACY,N
40089,N_2,N4ISRAELHAND,N
40089,N_2,N5LOYALTY,N
40089,N_2,N6IDENTITYDENY,N
40089,N_2,N7COLLECTIVEGUILT,N
40089,N_2,N8VIOLENCE,N
40089,N_2,N9INCITEMENT,N
40089,N_2,N10SELFDETERMINATION,N
40089,N_2,N11JEWISHRIGHTSDEFINE,N
40089,N_2,N11SELFDETERMINATION,N
40089,N_2,N11JEWISHRIGHTS,N
40089,N_2,N12DOUBLESTANDARD,N
40688,N_2,N2CONSPIRACY,I
40688,N_2,N2CONTROLMEDIA,N
40688,N_2,N2CONTROLECONOMY,I
40688,N_2,N2CONTROLGOV,I
40688,N_2,N2CONTROLOTHER,N
40688,N_2,N3COLLECTIVEBLAME,E
40688,N_2,N4HIDDENCONSPIRACY,I
40688,N_2,N4ISRAELHAND,N
40688,N_2,N5LOYALTY,N
40688,N_2,N6IDENTITYDENY,N
40688,N_2,N7COLLECTIVEGUILT,E
40688,N_2,N8VIOLENCE,N
40688,N_2,N9INCITEMENT,I
40688,N_2,N10SELFDETERMINATION,N
40688,N_2,N11JEWISHRIGHTSDEFINE,N
40688,N_2,N11SELFDETERMINATION,N
40688,N_2,N11JEWISHRIGHTS,N
40688,N_2,N12DOUBLESTANDARD,N
7395,N_2,N2CONSPIRACY,N
7395,N_2,N2CONTROLMEDIA,N
7395,N_2,N2CONTROLECONOMY,N
7395,N_2,N2CONTROLGOV,N
7395,N_2,N2CONTROLOTHER,N
7395,N_2,N3COLLECTIVEBLAME,N
7395,N_2,N4HIDDENCONSPIRACY,N
7395,N_2,N4ISRAELHAND,N
7395,N_2,N5LOYALTY,N
7395,N_2,N6IDENTITYDENY,N
7395,N_2,N7COLLECTIVEGUILT,N
7395,N_2,N8VIOLENCE,I
7395,N_2,N9INCITEMENT,E
7395,N_2,N10SELFDETERMINATION,N
7395,N_2,N11JEWISHRIGHTSDEFINE,N
7395,N_2,N11SELFDETERMINATION,N
7395,N_2,N11JEWISHRIGHTS,E
7395,N_2,N12DOUBLESTANDARD,N
11912,N_2,N2CONSPIRACY,I
11912,N_2,N2CONTROLMEDIA,N
11912,N_2,N2CONTROLECONOMY,N
11912,N_2,N2CONTROLGOV,N
11912,N_2,N2CONTROLOTHER,I
11912,N_2,N3COLLECTIVEBLAME,N
11912,N_2,N4HIDDENCONSPIRACY,I
11912,N_2,N4ISRAELHAND,N
11912,N_2,N5LOYALTY,N
11912,N_2,N6IDENTITYDENY,N
11912,N_2,N7COLLECTIVEGUILT,N
11912,N_2,N8VIOLENCE,N
11912,N_2,N9INCITEMENT,N
11912,N_2,N10SELFDETERMINATION,N
11912,N_2,N11JEWISHRIGHTSDEFINE,N
11912,N_2,N11SELFDETERMINATION,N
11912,N_2,N11JEWISHRIGHTS,N
11912,N_2,N12DOUBLESTANDARD,N
2167,N_2,N2CONSPIRACY,N
2167,N_2,N2CONTROLMEDIA,N
2167,N_2,N2CONTROLECONOMY,N
2167,N_2,N2CONTROLGOV,N
2167,N_2,N2CONTROLOTHER,N
2167,N_2,N3COLLECTIVEBLAME,N
2167,N_2,N4HIDDENCONSPIRACY,N
2167,N_2,N4ISRAELHAND,N
2167,N_2,N5LOYALTY,N
2167,N_2,N6IDENTITYDENY,N
2167,N_2,N7COLLECTIVEGUILT,N
2167,N_2,N8VIOLENCE,N
2167,N_2,N9INCITEMENT,N
2167,N_2,N10SELFDETERMINATION,N
2167,N_2,N11JEWISHRIGHTSDEFINE,N
2167,N_2,N11SELFDETERMINATION,N
2167,N_2,N11JEWISHRIGHTS,N
2167,N_2,N12DOUBLESTANDARD,N
18502,N_2,N2CONSPIRACY,N
18502,N_2,N2CONTROLMEDIA,N
18502,N_2,N2CONTROLECONOMY,N
18502,N_2,N2CONTROLGOV,N
18502,N_2,N2CONTROLOTHER,N
18502,N_2,N3COLLECTIVEBLAME,N
18502,N_2,N4HIDDENCONSPIRACY,N
18502,N_2,N4ISRAELHAND,N
18502,N_2,N5LOYALTY,N
18502,N_2,N6IDENTITYDENY,N
18502,N_2,N7COLLECTIVEGUILT,N
18502,N_2,N8VIOLENCE,N
18502,N_2,N9INCITEMENT,N
18502,N_2,N10SELFDETERMINATION,N
18502,N_2,N11JEWISHRIGHTSDEFINE,N
18502,N_2,N11SELFDETERMINATION,N
18502,N_2,N11JEWISHRIGHTS,N
18502,N_2,N12DOUBLESTANDARD,N
9659,N_2,N2CONSPIRACY,A
9659,N_2,N2CONTROLMEDIA,N
9659,N_2,N2CONTROLECONOMY,I
9659,N_2,N2CONTROLGOV,N
9659,N_2,N2CONTROLOTHER,I
9659,N_2,N3COLLECTIVEBLAME,N
9659,N_2,N4HIDDENCONSPIRACY,N
9659,N_2,N4ISRAELHAND,N
9659,N_2,N5LOYALTY,N
9659,N_2,N6IDENTITYDENY,N
9659,N_2,N7COLLECTIVEGUILT,N
9659,N_2,N8VIOLENCE,N
9659,N_2,N9INCITEMENT,N
9659,N_2,N10SELFDETERMINATION,N
9659,N_2,N11JEWISHRIGHTSDEFINE,N
9659,N_2,N11SELFDETERMINATION,N
9659,N_2,N11JEWISHRIGHTS,N
9659,N_2,N12DOUBLESTANDARD,N
49028,N_2,N2CONSPIRACY,I
49028,N_2,N2CONTROLMEDIA,N
49028,N_2,N2CONTROLECONOMY,N
49028,N_2,N2CONTROLGOV,I
49028,N_2,N2CONTROLOTHER,I
49028,N_2,N3COLLECTIVEBLAME,N
49028,N_2,N4HIDDENCONSPIRACY,I
49028,N_2,N4ISRAELHAND,I
49028,N_2,N5LOYALTY,N
49028,N_2,N6IDENTITYDENY,N
49028,N_2,N7COLLECTIVEGUILT,N
49028,N_2,N8VIOLENCE,N
49028,N_2,N9INCITEMENT,N
49028,N_2,N10SELFDETERMINATION,N
49028,N_2,N11JEWISHRIGHTSDEFINE,N
49028,N_2,N11SELFDETERMINATION,N
49028,N_2,N11JEWISHRIGHTS,N
49028,N_2,N12DOUBLESTANDARD,N
41229,N_2,N2CONSPIRACY,N
41229,N_2,N2CONTROLMEDIA,N
41229,N_2,N2CONTROLECONOMY,N
41229,N_2,N2CONTROLGOV,N
41229,N_2,N2CONTROLOTHER,N
41229,N_2,N3COLLECTIVEBLAME,N
41229,N_2,N4HIDDENCONSPIRACY,N
41229,N_2,N4ISRAELHAND,N
41229,N_2,N5LOYALTY,N
41229,N_2,N6IDENTITYDENY,N
41229,N_2,N7COLLECTIVEGUILT,N
41229,N_2,N8VIOLENCE,N
41229,N_2,N9INCITEMENT,N
41229,N_2,N10SELFDETERMINATION,N
41229,N_2,N11JEWISHRIGHTSDEFINE,N
41229,N_2,N11SELFDETERMINATION,N
41229,N_2,N11JEWISHRIGHTS,N
41229,N_2,N12DOUBLESTANDARD,N
44762,N_2,N2CONSPIRACY,N
44762,N_2,N2CONTROLMEDIA,N
44762,N_2,N2CONTROLECONOMY,N
44762,N_2,N2CONTROLGOV,N
44762,N_2,N2CONTROLOTHER,N
44762,N_2,N3COLLECTIVEBLAME,N
44762,N_2,N4HIDDENCONSPIRACY,N
44762,N_2,N4ISRAELHAND,N
44762,N_2,N5LOYALTY,N
44762,N_2,N6IDENTITYDENY,N
44762,N_2,N7COLLECTIVEGUILT,N
44762,N_2,N8VIOLENCE,N
44762,N_2,N9INCITEMENT,E
44762,N_2,N10SELFDETERMINATION,N
44762,N_2,N11JEWISHRIGHTSDEFINE,N
44762,N_2,N11SELFDETERMINATION,N
44762,N_2,N11JEWISHRIGHTS,N
44762,N_2,N12DOUBLESTANDARD,N
22303,N_2,N2CONSPIRACY,N
22303,N_2,N2CONTROLMEDIA,N
22303,N_2,N2CONTROLECONOMY,N
22303,N_2,N2CONTROLGOV,N
22303,N_2,N2CONTROLOTHER,N
22303,N_2,N3COLLECTIVEBLAME,N
22303,N_2,N4HIDDENCONSPIRACY,N
22303,N_2,N4ISRAELHAND,N
22303,N_2,N5LOYALTY,N
22303,N_2,N6IDENTITYDENY,N
22303,N_2,N7COLLECTIVEGUILT,N
22303,N_2,N8VIOLENCE,N
22303,N_2,N9INCITEMENT,N
22303,N_2,N10SELFDETERMINATION,N
22303,N_2,N11JEWISHRIGHTSDEFINE,N
22303,N_2,N11SELFDETERMINATION,N
22303,N_2,N11JEWISHRIGHTS,N
22303,N_2,N12DOUBLESTANDARD,N
3425,N_2,N2CONSPIRACY,N
3425,N_2,N2CONTROLMEDIA,N
3425,N_2,N2CONTROLECONOMY,N
3425,N_2,N2CONTROLGOV,N
3425,N_2,N2CONTROLOTHER,N
3425,N_2,N3COLLECTIVEBLAME,N
3425,N_2,N4HIDDENCONSPIRACY,A
3425,N_2,N4ISRAELHAND,N
3425,N_2,N5LOYALTY,N
3425,N_2,N6IDENTITYDENY,N
3425,N_2,N7COLLECTIVEGUILT,N
3425,N_2,N8VIOLENCE,N
3425,N_2,N9INCITEMENT,N
3425,N_2,N10SELFDETERMINATION,N
3425,N_2,N11JEWISHRIGHTSDEFINE,N
3425,N_2,N11SELFDETERMINATION,N
3425,N_2,N11JEWISHRIGHTS,N
3425,N_2,N12DOUBLESTANDARD,N
49104,N_2,N2CONSPIRACY,I
49104,N_2,N2CONTROLMEDIA,N
49104,N_2,N2CONTROLECONOMY,I
49104,N_2,N2CONTROLGOV,I
49104,N_2,N2CONTROLOTHER,I
49104,N_2,N3COLLECTIVEBLAME,E
49104,N_2,N4HIDDENCONSPIRACY,I
49104,N_2,N4ISRAELHAND,N
49104,N_2,N5LOYALTY,N
49104,N_2,N6IDENTITYDENY,N
49104,N_2,N7COLLECTIVEGUILT,E
49104,N_2,N8VIOLENCE,N
49104,N_2,N9INCITEMENT,I
49104,N_2,N10SELFDETERMINATION,N
49104,N_2,N11JEWISHRIGHTSDEFINE,N
49104,N_2,N11SELFDETERMINATION,N
49104,N_2,N11JEWISHRIGHTS,N
49104,N_2,N12DOUBLESTANDARD,N
34950,N_2,N2CONSPIRACY,N
34950,N_2,N2CONTROLMEDIA,N
34950,N_2,N2CONTROLECONOMY,N
34950,N_2,N2CONTROLGOV,N
34950,N_2,N2CONTROLOTHER,N
34950,N_2,N3COLLECTIVEBLAME,N
34950,N_2,N4HIDDENCONSPIRACY,N
34950,N_2,N4ISRAELHAND,N
34950,N_2,N5LOYALTY,N
34950,N_2,N6IDENTITYDENY,N
34950,N_2,N7COLLECTIVEGUILT,N
34950,N_2,N8VIOLENCE,N
34950,N_2,N9INCITEMENT,N
34950,N_2,N10SELFDETERMINATION,N
34950,N_2,N11JEWISHRIGHTSDEFINE,N
34950,N_2,N11SELFDETERMINATION,N
34950,N_2,N11JEWISHRIGHTS,N
34950,N_2,N12DOUBLESTANDARD,N
29100,N_2,N2CONSPIRACY,N
29100,N_2,N2CONTROLMEDIA,N
29100,N_2,N2CONTROLECONOMY,N
29100,N_2,N2CONTROLGOV,N
29100,N_2,N2CONTROLOTHER,N
29100,N_2,N3COLLECTIVEBLAME,N
29100,N_2,N4HIDDENCONSPIRACY,N
29100,N_2,N4ISRAELHAND,N
29100,N_2,N5LOYALTY,N
29100,N_2,N6IDENTITYDENY,N
29100,N_2,N7COLLECTIVEGUILT,N
29100,N_2,N8VIOLENCE,N
29100,N_2,N9INCITEMENT,N
29100,N_2,N10SELFDETERMINATION,N
29100,N_2,N11JEWISHRIGHTSDEFINE,N
29100,N_2,N11SELFDETERMINATION,N
29100,N_2,N11JEWISHRIGHTS,N
29100,N_2,N12DOUBLESTANDARD,N
17989,N_2,N2CONSPIRACY,N
17989,N_2,N2CONTROLMEDIA,N
17989,N_2,N2CONTROLECONOMY,N
17989,N_2,N2CONTROLGOV,N
17989,N_2,N2CONTROLOTHER,N
17989,N_2,N3COLLECTIVEBLAME,N
17989,N_2,N4HIDDENCONSPIRACY,N
17989,N_2,N4ISRAELHAND,N
17989,N_2,N5LOYALTY,N
17989,N_2,N6IDENTITYDENY,N
17989,N_2,N7COLLECTIVEGUILT,N
17989,N_2,N8VIOLENCE,N
17989,N_2,N9INCITEMENT,N
17989,N_2,N10SELFDETERMINATION,N
17989,N_2,N11JEWISHRIGHTSDEFINE,N
17989,N_2,N11SELFDETERMINATION,N
17989,N_2,N11JEWISHRIGHTS,N
17989,N_2,N12DOUBLESTANDARD,N
24355,N_2,N2CONSPIRACY,N
24355,N_2,N2CONTROLMEDIA,N
24355,N_2,N2CONTROLECONOMY,N
24355,N_2,N2CONTROLGOV,N
24355,N_2,N2CONTROLOTHER,N
24355,N_2,N3COLLECTIVEBLAME,N
24355,N_2,N4HIDDENCONSPIRACY,N
24355,N_2,N4ISRAELHAND,N
24355,N_2,N5LOYALTY,N
24355,N_2,N6IDENTITYDENY,N
24355,N_2,N7COLLECTIVEGUILT,N
24355,N_2,N8VIOLENCE,N
24355,N_2,N9INCITEMENT,N
24355,N_2,N10SELFDETERMINATION,N
24355,N_2,N11JEWISHRIGHTSDEFINE,N
24355,N_2,N11SELFDETERMINATION,N
24355,N_2,N11JEWISHRIGHTS,N
24355,N_2,N12DOUBLESTANDARD,N
13937,N_2,N2CONSPIRACY,I
13937,N_2,N2CONTROLMEDIA,N
13937,N_2,N2CONTROLECONOMY,N
13937,N_2,N2CONTROLGOV,N
13937,N_2,N2CONTROLOTHER,N
13937,N_2,N3COLLECTIVEBLAME,N
13937,N_2,N4HIDDENCONSPIRACY,I
13937,N_2,N4ISRAELHAND,N
13937,N_2,N5LOYALTY,N
13937,N_2,N6IDENTITYDENY,N
13937,N_2,N7COLLECTIVEGUILT,N
13937,N_2,N8VIOLENCE,N
13937,N_2,N9INCITEMENT,N
13937,N_2,N10SELFDETERMINATION,N
13937,N_2,N11JEWISHRIGHTSDEFINE,N
13937,N_2,N11SELFDETERMINATION,N
13937,N_2,N11JEWISHRIGHTS,N
13937,N_2,N12DOUBLESTANDARD,N
45003,N_2,N2CONSPIRACY,N
45003,N_2,N2CONTROLMEDIA,N
45003,N_2,N2CONTROLECONOMY,N
45003,N_2,N2CONTROLGOV,N
45003,N_2,N2CONTROLOTHER,N
45003,N_2,N3COLLECTIVEBLAME,I
45003,N_2,N4HIDDENCONSPIRACY,N
45003,N_2,N4ISRAELHAND,N
45003,N_2,N5LOYALTY,N
45003,N_2,N6IDENTITYDENY,N
45003,N_2,N7COLLECTIVEGUILT,N
45003,N_2,N8VIOLENCE,N
45003,N_2,N9INCITEMENT,N
45003,N_2,N10SELFDETERMINATION,N
45003,N_2,N11JEWISHRIGHTSDEFINE,N
45003,N_2,N11SELFDETERMINATION,N
45003,N_2,N11JEWISHRIGHTS,N
45003,N_2,N12DOUBLESTANDARD,N
30035,N_2,N2CONSPIRACY,N
30035,N_2,N2CONTROLMEDIA,N
30035,N_2,N2CONTROLECONOMY,N
30035,N_2,N2CONTROLGOV,N
30035,N_2,N2CONTROLOTHER,N
30035,N_2,N3COLLECTIVEBLAME,N
30035,N_2,N4HIDDENCONSPIRACY,N
30035,N_2,N4ISRAELHAND,N
30035,N_2,N5LOYALTY,N
30035,N_2,N6IDENTITYDENY,N
30035,N_2,N7COLLECTIVEGUILT,N
30035,N_2,N8VIOLENCE,N
30035,N_2,N9INCITEMENT,N
30035,N_2,N10SELFDETERMINATION,N
30035,N_2,N11JEWISHRIGHTSDEFINE,N
30035,N_2,N11SELFDETERMINATION,N
30035,N_2,N11JEWISHRIGHTS,N
30035,N_2,N12DOUBLESTANDARD,N
14144,N_2,N2CONSPIRACY,N
14144,N_2,N2CONTROLMEDIA,N
14144,N_2,N2CONTROLECONOMY,N
14144,N_2,N2CONTROLGOV,N
14144,N_2,N2CONTROLOTHER,N
14144,N_2,N3COLLECTIVEBLAME,N
14144,N_2,N4HIDDENCONSPIRACY,N
14144,N_2,N4ISRAELHAND,N
14144,N_2,N5LOYALTY,N
14144,N_2,N6IDENTITYDENY,N
14144,N_2,N7COLLECTIVEGUILT,N
14144,N_2,N8VIOLENCE,N
14144,N_2,N9INCITEMENT,N
14144,N_2,N10SELFDETERMINATION,N
14144,N_2,N11JEWISHRIGHTSDEFINE,N
14144,N_2,N11SELFDETERMINATION,N
14144,N_2,N11JEWISHRIGHTS,N
14144,N_2,N12DOUBLESTANDARD,N
26649,N_2,N2CONSPIRACY,N
26649,N_2,N2CONTROLMEDIA,N
26649,N_2,N2CONTROLECONOMY,N
26649,N_2,N2CONTROLGOV,N
26649,N_2,N2CONTROLOTHER,N
26649,N_2,N3COLLECTIVEBLAME,N
26649,N_2,N4HIDDENCONSPIRACY,N
26649,N_2,N4ISRAELHAND,N
26649,N_2,N5LOYALTY,N
26649,N_2,N6IDENTITYDENY,N
26649,N_2,N7COLLECTIVEGUILT,N
26649,N_2,N8VIOLENCE,N
26649,N_2,N9INCITEMENT,N
26649,N_2,N10SELFDETERMINATION,N
26649,N_2,N11JEWISHRIGHTSDEFINE,N
26649,N_2,N11SELFDETERMINATION,N
26649,N_2,N11JEWISHRIGHTS,N
26649,N_2,N12DOUBLESTANDARD,N
20102,N_2,N2CONSPIRACY,N
20102,N_2,N2CONTROLMEDIA,N
20102,N_2,N2CONTROLECONOMY,N
20102,N_2,N2CONTROLGOV,N
20102,N_2,N2CONTROLOTHER,N
20102,N_2,N3COLLECTIVEBLAME,N
20102,N_2,N4HIDDENCONSPIRACY,N
20102,N_2,N4ISRAELHAND,N
20102,N_2,N5LOYALTY,N
20102,N_2,N6IDENTITYDENY,N
20102,N_2,N7COLLECTIVEGUILT,N
20102,N_2,N8VIOLENCE,N
20102,N_2,N9INCITEMENT,N
20102,N_2,N10SELFDETERMINATION,N
20102,N_2,N11JEWISHRIGHTSDEFINE,N
20102,N_2,N11SELFDETERMINATION,N
20102,N_2,N11JEWISHRIGHTS,N
20102,N_2,N12DOUBLESTANDARD,N
11514,N_2,N2CONSPIRACY,N
11514,N_2,N2CONTROLMEDIA,N
11514,N_2,N2CONTROLECONOMY,N
11514,N_2,N2CONTROLGOV,N
11514,N_2,N2CONTROLOTHER,N
11514,N_2,N3COLLECTIVEBLAME,N
11514,N_2,N4HIDDENCONSPIRACY,N
11514,N_2,N4ISRAELHAND,N
11514,N_2,N5LOYALTY,N
11514,N_2,N6IDENTITYDENY,N
11514,N_2,N7COLLECTIVEGUILT,N
11514,N_2,N8VIOLENCE,N
11514,N_2,N9INCITEMENT,N
11514,N_2,N10SELFDETERMINATION,N
11514,N_2,N11JEWISHRIGHTSDEFINE,N
11514,N_2,N11SELFDETERMINATION,N
11514,N_2,N11JEWISHRIGHTS,N
11514,N_2,N12DOUBLESTANDARD,N
43024,N_2,N2CONSPIRACY,N
43024,N_2,N2CONTROLMEDIA,N
43024,N_2,N2CONTROLECONOMY,N
43024,N_2,N2CONTROLGOV,I
43024,N_2,N2CONTROLOTHER,N
43024,N_2,N3COLLECTIVEBLAME,N
43024,N_2,N4HIDDENCONSPIRACY,N
43024,N_2,N4ISRAELHAND,N
43024,N_2,N5LOYALTY,N
43024,N_2,N6IDENTITYDENY,N
43024,N_2,N7COLLECTIVEGUILT,N
43024,N_2,N8VIOLENCE,N
43024,N_2,N9INCITEMENT,N
43024,N_2,N10SELFDETERMINATION,N
43024,N_2,N11JEWISHRIGHTSDEFINE,N
43024,N_2,N11SELFDETERMINATION,N
43024,N_2,N11JEWISHRIGHTS,N
43024,N_2,N12DOUBLESTANDARD,I
44599,N_2,N2CONSPIRACY,N
44599,N_2,N2CONTROLMEDIA,N
44599,N_2,N2CONTROLECONOMY,N
44599,N_2,N2CONTROLGOV,N
44599,N_2,N2CONTROLOTHER,N
44599,N_2,N3COLLECTIVEBLAME,E
44599,N_2,N4HIDDENCONSPIRACY,N
44599,N_2,N4ISRAELHAND,N
44599,N_2,N5LOYALTY,N
44599,N_2,N6IDENTITYDENY,N
44599,N_2,N7COLLECTIVEGUILT,I
44599,N_2,N8VIOLENCE,N
44599,N_2,N9INCITEMENT,I
44599,N_2,N10SELFDETERMINATION,N
44599,N_2,N11JEWISHRIGHTSDEFINE,N
44599,N_2,N11SELFDETERMINATION,N
44599,N_2,N11JEWISHRIGHTS,N
44599,N_2,N12DOUBLESTANDARD,N
30456,N_2,N2CONSPIRACY,N
30456,N_2,N2CONTROLMEDIA,N
30456,N_2,N2CONTROLECONOMY,N
30456,N_2,N2CONTROLGOV,N
30456,N_2,N2CONTROLOTHER,N
30456,N_2,N3COLLECTIVEBLAME,N
30456,N_2,N4HIDDENCONSPIRACY,N
30456,N_2,N4ISRAELHAND,N
30456,N_2,N5LOYALTY,N
30456,N_2,N6IDENTITYDENY,N
30456,N_2,N7COLLECTIVEGUILT,N
30456,N_2,N8VIOLENCE,N
30456,N_2,N9INCITEMENT,N
30456,N_2,N10SELFDETERMINATION,N
30456,N_2,N11JEWISHRIGHTSDEFINE,N
30456,N_2,N11SELFDETERMINATION,N
30456,N_2,N11JEWISHRIGHTS,N
30456,N_2,N12DOUBLESTANDARD,N
48567,N_2,N2CONSPIRACY,N
48567,N_2,N2CONTROLMEDIA,N
48567,N_2,N2CONTROLECONOMY,N
48567,N_2,N2CONTROLGOV,N
48567,N_2,N2CONTROLOTHER,N
48567,N_2,N3COLLECTIVEBLAME,N
48567,N_2,N4HIDDENCONSPIRACY,N
48567,N_2,N4ISRAELHAND,N
48567,N_2,N5LOYALTY,N
48567,N_2,N6IDENTITYDENY,N
48567,N_2,N7COLLECTIVEGUILT,N
48567,N_2,N8VIOLENCE,N
48567,N_2,N9INCITEMENT,N
48567,N_2,N10SELFDETERMINATION,N
48567,N_2,N11JEWISHRIGHTSDEFINE,N
48567,N_2,N11SELFDETERMINATION,N
48567,N_2,N11JEWISHRIGHTS,N
48567,N_2,N12DOUBLESTANDARD,N
24740,N_2,N2CONSPIRACY,A
24740,N_2,N2CONTROLMEDIA,N
24740,N_2,N2CONTROLECONOMY,N
24740,N_2,N2CONTROLGOV,N
24740,N_2,N2CONTROLOTHER,N
24740,N_2,N3COLLECTIVEBLAME,N
24740,N_2,N4HIDDENCONSPIRACY,N
24740,N_2,N4ISRAELHAND,N
24740,N_2,N5LOYALTY,N
24740,N_2,N6IDENTITYDENY,N
24740,N_2,N7COLLECTIVEGUILT,N
24740,N_2,N8VIOLENCE,N
24740,N_2,N9INCITEMENT,N
24740,N_2,N10SELFDETERMINATION,N
24740,N_2,N11JEWISHRIGHTSDEFINE,N
24740,N_2,N11SELFDETERMINATION,N
24740,N_2,N11JEWISHRIGHTS,N
24740,N_2,N12DOUBLESTANDARD,N
42108,N_2,N2CONSPIRACY,N
42108,N_2,N2CONTROLMEDIA,N
42108,N_2,N2CONTROLECONOMY,N
42108,N_2,N2CONTROLGOV,N
42108,N_2,N2CONTROLOTHER,N
42108,N_2,N3COLLECTIVEBLAME,E
42108,N_2,N4HIDDENCONSPIRACY,N
42108,N_2,N4ISRAELHAND,N
42108,N_2,N5LOYALTY,E
42108,N_2,N6IDENTITYDENY,N
42108,N_2,N7COLLECTIVEGUILT,E
42108,N_2,N8VIOLENCE,N
42108,N_2,N9INCITEMENT,E
42108,N_2,N10SELFDETERMINATION,N
42108,N_2,N11JEWISHRIGHTSDEFINE,N
42108,N_2,N11SELFDETERMINATION,N
42108,N_2,N11JEWISHRIGHTS,E
42108,N_2,N12DOUBLESTANDARD,N
2432,N_2,N2CONSPIRACY,N
2432,N_2,N2CONTROLMEDIA,N
2432,N_2,N2CONTROLECONOMY,N
2432,N_2,N2CONTROLGOV,N
2432,N_2,N2CONTROLOTHER,N
2432,N_2,N3COLLECTIVEBLAME,N
2432,N_2,N4HIDDENCONSPIRACY,N
2432,N_2,N4ISRAELHAND,N
2432,N_2,N5LOYALTY,N
2432,N_2,N6IDENTITYDENY,N
2432,N_2,N7COLLECTIVEGUILT,N
2432,N_2,N8VIOLENCE,E
2432,N_2,N9INCITEMENT,E
2432,N_2,N10SELFDETERMINATION,N
2432,N_2,N11JEWISHRIGHTSDEFINE,N
2432,N_2,N11SELFDETERMINATION,N
2432,N_2,N11JEWISHRIGHTS,N
2432,N_2,N12DOUBLESTANDARD,N
16975,N_2,N2CONSPIRACY,N
16975,N_2,N2CONTROLMEDIA,N
16975,N_2,N2CONTROLECONOMY,N
16975,N_2,N2CONTROLGOV,N
16975,N_2,N2CONTROLOTHER,N
16975,N_2,N3COLLECTIVEBLAME,N
16975,N_2,N4HIDDENCONSPIRACY,N
16975,N_2,N4ISRAELHAND,N
16975,N_2,N5LOYALTY,N
16975,N_2,N6IDENTITYDENY,N
16975,N_2,N7COLLECTIVEGUILT,N
16975,N_2,N8VIOLENCE,N
16975,N_2,N9INCITEMENT,N
16975,N_2,N10SELFDETERMINATION,N
16975,N_2,N11JEWISHRIGHTSDEFINE,N
16975,N_2,N11SELFDETERMINATION,N
16975,N_2,N11JEWISHRIGHTS,N
16975,N_2,N12DOUBLESTANDARD,N
4654,N_2,N2CONSPIRACY,N
4654,N_2,N2CONTROLMEDIA,N
4654,N_2,N2CONTROLECONOMY,N
4654,N_2,N2CONTROLGOV,N
4654,N_2,N2CONTROLOTHER,N
4654,N_2,N3COLLECTIVEBLAME,N
4654,N_2,N4HIDDENCONSPIRACY,N
4654,N_2,N4ISRAELHAND,N
4654,N_2,N5LOYALTY,N
4654,N_2,N6IDENTITYDENY,N
4654,N_2,N7COLLECTIVEGUILT,N
4654,N_2,N8VIOLENCE,N
4654,N_2,N9INCITEMENT,N
4654,N_2,N10SELFDETERMINATION,N
4654,N_2,N11JEWISHRIGHTSDEFINE,N
4654,N_2,N11SELFDETERMINATION,N
4654,N_2,N11JEWISHRIGHTS,N
4654,N_2,N12DOUBLESTANDARD,N
4811,N_2,N2CONSPIRACY,N
4811,N_2,N2CONTROLMEDIA,N
4811,N_2,N2CONTROLECONOMY,N
4811,N_2,N2CONTROLGOV,N
4811,N_2,N2CONTROLOTHER,N
4811,N_2,N3COLLECTIVEBLAME,N
4811,N_2,N4HIDDENCONSPIRACY,N
4811,N_2,N4ISRAELHAND,N
4811,N_2,N5LOYALTY,N
4811,N_2,N6IDENTITYDENY,N
4811,N_2,N7COLLECTIVEGUILT,N
4811,N_2,N8VIOLENCE,N
4811,N_2,N9INCITEMENT,N
4811,N_2,N10SELFDETERMINATION,N
4811,N_2,N11JEWISHRIGHTSDEFINE,N
4811,N_2,N11SELFDETERMINATION,N
4811,N_2,N11JEWISHRIGHTS,N
4811,N_2,N12DOUBLESTANDARD,N
31179,N_2,N2CONSPIRACY,N
31179,N_2,N2CONTROLMEDIA,N
31179,N_2,N2CONTROLECONOMY,N
31179,N_2,N2CONTROLGOV,N
31179,N_2,N2CONTROLOTHER,N
31179,N_2,N3COLLECTIVEBLAME,N
31179,N_2,N4HIDDENCONSPIRACY,N
31179,N_2,N4ISRAELHAND,N
31179,N_2,N5LOYALTY,N
31179,N_2,N6IDENTITYDENY,N
31179,N_2,N7COLLECTIVEGUILT,N
31179,N_2,N8VIOLENCE,N
31179,N_2,N9INCITEMENT,N
31179,N_2,N10SELFDETERMINATION,N
31179,N_2,N11JEWISHRIGHTSDEFINE,N
31179,N_2,N11SELFDETERMINATION,N
31179,N_2,N11JEWISHRIGHTS,N
31179,N_2,N12DOUBLESTANDARD,N
40695,N_2,N2CONSPIRACY,N
40695,N_2,N2CONTROLMEDIA,N
40695,N_2,N2CONTROLECONOMY,N
40695,N_2,N2CONTROLGOV,N
40695,N_2,N2CONTROLOTHER,N
40695,N_2,N3COLLECTIVEBLAME,N
40695,N_2,N4HIDDENCONSPIRACY,N
40695,N_2,N4ISRAELHAND,N
40695,N_2,N5LOYALTY,N
40695,N_2,N6IDENTITYDENY,N
40695,N_2,N7COLLECTIVEGUILT,N
40695,N_2,N8VIOLENCE,N
40695,N_2,N9INCITEMENT,N
40695,N_2,N10SELFDETERMINATION,N
40695,N_2,N11JEWISHRIGHTSDEFINE,N
40695,N_2,N11SELFDETERMINATION,N
40695,N_2,N11JEWISHRIGHTS,N
40695,N_2,N12DOUBLESTANDARD,N
24778,N_2,N2CONSPIRACY,N
24778,N_2,N2CONTROLMEDIA,N
24778,N_2,N2CONTROLECONOMY,N
24778,N_2,N2CONTROLGOV,N
24778,N_2,N2CONTROLOTHER,N
24778,N_2,N3COLLECTIVEBLAME,N
24778,N_2,N4HIDDENCONSPIRACY,N
24778,N_2,N4ISRAELHAND,N
24778,N_2,N5LOYALTY,N
24778,N_2,N6IDENTITYDENY,N
24778,N_2,N7COLLECTIVEGUILT,N
24778,N_2,N8VIOLENCE,N
24778,N_2,N9INCITEMENT,N
24778,N_2,N10SELFDETERMINATION,N
24778,N_2,N11JEWISHRIGHTSDEFINE,N
24778,N_2,N11SELFDETERMINATION,N
24778,N_2,N11JEWISHRIGHTS,N
24778,N_2,N12DOUBLESTANDARD,N
2052,N_2,N2CONSPIRACY,N
2052,N_2,N2CONTROLMEDIA,N
2052,N_2,N2CONTROLECONOMY,N
2052,N_2,N2CONTROLGOV,N
2052,N_2,N2CONTROLOTHER,N
2052,N_2,N3COLLECTIVEBLAME,N
2052,N_2,N4HIDDENCONSPIRACY,N
2052,N_2,N4ISRAELHAND,N
2052,N_2,N5LOYALTY,N
2052,N_2,N6IDENTITYDENY,N
2052,N_2,N7COLLECTIVEGUILT,N
2052,N_2,N8VIOLENCE,N
2052,N_2,N9INCITEMENT,N
2052,N_2,N10SELFDETERMINATION,N
2052,N_2,N11JEWISHRIGHTSDEFINE,N
2052,N_2,N11SELFDETERMINATION,N
2052,N_2,N11JEWISHRIGHTS,N
2052,N_2,N12DOUBLESTANDARD,N
43141,N_2,N2CONSPIRACY,N
43141,N_2,N2CONTROLMEDIA,N
43141,N_2,N2CONTROLECONOMY,N
43141,N_2,N2CONTROLGOV,N
43141,N_2,N2CONTROLOTHER,N
43141,N_2,N3COLLECTIVEBLAME,N
43141,N_2,N4HIDDENCONSPIRACY,N
43141,N_2,N4ISRAELHAND,N
43141,N_2,N5LOYALTY,N
43141,N_2,N6IDENTITYDENY,N
43141,N_2,N7COLLECTIVEGUILT,N
43141,N_2,N8VIOLENCE,N
43141,N_2,N9INCITEMENT,N
43141,N_2,N10SELFDETERMINATION,N
43141,N_2,N11JEWISHRIGHTSDEFINE,N
43141,N_2,N11SELFDETERMINATION,N
43141,N_2,N11JEWISHRIGHTS,N
43141,N_2,N12DOUBLESTANDARD,N
40269,N_2,N2CONSPIRACY,I
40269,N_2,N2CONTROLMEDIA,N
40269,N_2,N2CONTROLECONOMY,N
40269,N_2,N2CONTROLGOV,N
40269,N_2,N2CONTROLOTHER,I
40269,N_2,N3COLLECTIVEBLAME,E
40269,N_2,N4HIDDENCONSPIRACY,I
40269,N_2,N4ISRAELHAND,N
40269,N_2,N5LOYALTY,N
40269,N_2,N6IDENTITYDENY,N
40269,N_2,N7COLLECTIVEGUILT,N
40269,N_2,N8VIOLENCE,N
40269,N_2,N9INCITEMENT,I
40269,N_2,N10SELFDETERMINATION,N
40269,N_2,N11JEWISHRIGHTSDEFINE,N
40269,N_2,N11SELFDETERMINATION,N
40269,N_2,N11JEWISHRIGHTS,N
40269,N_2,N12DOUBLESTANDARD,N
48475,N_2,N2CONSPIRACY,N
48475,N_2,N2CONTROLMEDIA,N
48475,N_2,N2CONTROLECONOMY,N
48475,N_2,N2CONTROLGOV,N
48475,N_2,N2CONTROLOTHER,N
48475,N_2,N3COLLECTIVEBLAME,N
48475,N_2,N4HIDDENCONSPIRACY,N
48475,N_2,N4ISRAELHAND,N
48475,N_2,N5LOYALTY,N
48475,N_2,N6IDENTITYDENY,N
48475,N_2,N7COLLECTIVEGUILT,N
48475,N_2,N8VIOLENCE,N
48475,N_2,N9INCITEMENT,N
48475,N_2,N10SELFDETERMINATION,N
48475,N_2,N11JEWISHRIGHTSDEFINE,N
48475,N_2,N11SELFDETERMINATION,N
48475,N_2,N11JEWISHRIGHTS,N
48475,N_2,N12DOUBLESTANDARD,N
4933,N_2,N2CONSPIRACY,N
4933,N_2,N2CONTROLMEDIA,N
4933,N_2,N2CONTROLECONOMY,N
4933,N_2,N2CONTROLGOV,N
4933,N_2,N2CONTROLOTHER,N
4933,N_2,N3COLLECTIVEBLAME,N
4933,N_2,N4HIDDENCONSPIRACY,N
4933,N_2,N4ISRAELHAND,N
4933,N_2,N5LOYALTY,N
4933,N_2,N6IDENTITYDENY,N
4933,N_2,N7COLLECTIVEGUILT,N
4933,N_2,N8VIOLENCE,N
4933,N_2,N9INCITEMENT,N
4933,N_2,N10SELFDETERMINATION,N
4933,N_2,N11JEWISHRIGHTSDEFINE,N
4933,N_2,N11SELFDETERMINATION,N
4933,N_2,N11JEWISHRIGHTS,N
4933,N_2,N12DOUBLESTANDARD,N
15452,N_2,N2CONSPIRACY,I
15452,N_2,N2CONTROLMEDIA,N
15452,N_2,N2CONTROLECONOMY,N
15452,N_2,N2CONTROLGOV,N
15452,N_2,N2CONTROLOTHER,N
15452,N_2,N3COLLECTIVEBLAME,N
15452,N_2,N4HIDDENCONSPIRACY,I
15452,N_2,N4ISRAELHAND,N
15452,N_2,N5LOYALTY,N
15452,N_2,N6IDENTITYDENY,N
15452,N_2,N7COLLECTIVEGUILT,N
15452,N_2,N8VIOLENCE,N
15452,N_2,N9INCITEMENT,N
15452,N_2,N10SELFDETERMINATION,N
15452,N_2,N11JEWISHRIGHTSDEFINE,N
15452,N_2,N11SELFDETERMINATION,N
15452,N_2,N11JEWISHRIGHTS,N
15452,N_2,N12DOUBLESTANDARD,N
17596,N_2,N2CONSPIRACY,N
17596,N_2,N2CONTROLMEDIA,N
17596,N_2,N2CONTROLECONOMY,N
17596,N_2,N2CONTROLGOV,N
17596,N_2,N2CONTROLOTHER,N
17596,N_2,N3COLLECTIVEBLAME,N
17596,N_2,N4HIDDENCONSPIRACY,N
17596,N_2,N4ISRAELHAND,N
17596,N_2,N5LOYALTY,N
17596,N_2,N6IDENTITYDENY,N
17596,N_2,N7COLLECTIVEGUILT,N
17596,N_2,N8VIOLENCE,N
17596,N_2,N9INCITEMENT,N
17596,N_2,N10SELFDETERMINATION,N
17596,N_2,N11JEWISHRIGHTSDEFINE,N
17596,N_2,N11SELFDETERMINATION,N
17596,N_2,N11JEWISHRIGHTS,N
17596,N_2,N12DOUBLESTANDARD,N
25325,N_2,N2CONSPIRACY,N
25325,N_2,N2CONTROLMEDIA,N
25325,N_2,N2CONTROLECONOMY,N
25325,N_2,N2CONTROLGOV,N
25325,N_2,N2CONTROLOTHER,N
25325,N_2,N3COLLECTIVEBLAME,N
25325,N_2,N4HIDDENCONSPIRACY,N
25325,N_2,N4ISRAELHAND,N
25325,N_2,N5LOYALTY,N
25325,N_2,N6IDENTITYDENY,N
25325,N_2,N7COLLECTIVEGUILT,N
25325,N_2,N8VIOLENCE,N
25325,N_2,N9INCITEMENT,N
25325,N_2,N10SELFDETERMINATION,N
25325,N_2,N11JEWISHRIGHTSDEFINE,N
25325,N_2,N11SELFDETERMINATION,N
25325,N_2,N11JEWISHRIGHTS,N
25325,N_2,N12DOUBLESTANDARD,N
3055,N_2,N2CONSPIRACY,N
3055,N_2,N2CONTROLMEDIA,N
3055,N_2,N2CONTROLECONOMY,N
3055,N_2,N2CONTROLGOV,N
3055,N_2,N2CONTROLOTHER,N
3055,N_2,N3COLLECTIVEBLAME,N
3055,N_2,N4HIDDENCONSPIRACY,N
3055,N_2,N4ISRAELHAND,N
3055,N_2,N5LOYALTY,N
3055,N_2,N6IDENTITYDENY,N
3055,N_2,N7COLLECTIVEGUILT,N
3055,N_2,N8VIOLENCE,N
3055,N_2,N9INCITEMENT,N
3055,N_2,N10SELFDETERMINATION,N
3055,N_2,N11JEWISHRIGHTSDEFINE,N
3055,N_2,N11SELFDETERMINATION,N
3055,N_2,N11JEWISHRIGHTS,N
3055,N_2,N12DOUBLESTANDARD,N
23489,N_2,N2CONSPIRACY,N
23489,N_2,N2CONTROLMEDIA,N
23489,N_2,N2CONTROLECONOMY,N
23489,N_2,N2CONTROLGOV,N
23489,N_2,N2CONTROLOTHER,N
23489,N_2,N3COLLECTIVEBLAME,N
23489,N_2,N4HIDDENCONSPIRACY,N
23489,N_2,N4ISRAELHAND,N
23489,N_2,N5LOYALTY,N
23489,N_2,N6IDENTITYDENY,N
23489,N_2,N7COLLECTIVEGUILT,N
23489,N_2,N8VIOLENCE,N
23489,N_2,N9INCITEMENT,N
23489,N_2,N10SELFDETERMINATION,N
23489,N_2,N11JEWISHRIGHTSDEFINE,N
23489,N_2,N11SELFDETERMINATION,N
23489,N_2,N11JEWISHRIGHTS,N
23489,N_2,N12DOUBLESTANDARD,N
30079,N_2,N2CONSPIRACY,N
30079,N_2,N2CONTROLMEDIA,N
30079,N_2,N2CONTROLECONOMY,N
30079,N_2,N2CONTROLGOV,N
30079,N_2,N2CONTROLOTHER,N
30079,N_2,N3COLLECTIVEBLAME,N
30079,N_2,N4HIDDENCONSPIRACY,N
30079,N_2,N4ISRAELHAND,N
30079,N_2,N5LOYALTY,N
30079,N_2,N6IDENTITYDENY,N
30079,N_2,N7COLLECTIVEGUILT,N
30079,N_2,N8VIOLENCE,N
30079,N_2,N9INCITEMENT,N
30079,N_2,N10SELFDETERMINATION,N
30079,N_2,N11JEWISHRIGHTSDEFINE,N
30079,N_2,N11SELFDETERMINATION,N
30079,N_2,N11JEWISHRIGHTS,N
30079,N_2,N12DOUBLESTANDARD,N
29334,N_2,N2CONSPIRACY,N
29334,N_2,N2CONTROLMEDIA,N
29334,N_2,N2CONTROLECONOMY,N
29334,N_2,N2CONTROLGOV,N
29334,N_2,N2CONTROLOTHER,N
29334,N_2,N3COLLECTIVEBLAME,N
29334,N_2,N4HIDDENCONSPIRACY,N
29334,N_2,N4ISRAELHAND,N
29334,N_2,N5LOYALTY,N
29334,N_2,N6IDENTITYDENY,N
29334,N_2,N7COLLECTIVEGUILT,N
29334,N_2,N8VIOLENCE,N
29334,N_2,N9INCITEMENT,N
29334,N_2,N10SELFDETERMINATION,N
29334,N_2,N11JEWISHRIGHTSDEFINE,N
29334,N_2,N11SELFDETERMINATION,N
29334,N_2,N11JEWISHRIGHTS,N
29334,N_2,N12DOUBLESTANDARD,N
10179,N_2,N2CONSPIRACY,N
10179,N_2,N2CONTROLMEDIA,N
10179,N_2,N2CONTROLECONOMY,N
10179,N_2,N2CONTROLGOV,N
10179,N_2,N2CONTROLOTHER,N
10179,N_2,N3COLLECTIVEBLAME,N
10179,N_2,N4HIDDENCONSPIRACY,N
10179,N_2,N4ISRAELHAND,N
10179,N_2,N5LOYALTY,N
10179,N_2,N6IDENTITYDENY,N
10179,N_2,N7COLLECTIVEGUILT,N
10179,N_2,N8VIOLENCE,N
10179,N_2,N9INCITEMENT,N
10179,N_2,N10SELFDETERMINATION,N
10179,N_2,N11JEWISHRIGHTSDEFINE,N
10179,N_2,N11SELFDETERMINATION,N
10179,N_2,N11JEWISHRIGHTS,N
10179,N_2,N12DOUBLESTANDARD,N
269,N_2,N2CONSPIRACY,N
269,N_2,N2CONTROLMEDIA,N
269,N_2,N2CONTROLECONOMY,N
269,N_2,N2CONTROLGOV,N
269,N_2,N2CONTROLOTHER,N
269,N_2,N3COLLECTIVEBLAME,N
269,N_2,N4HIDDENCONSPIRACY,N
269,N_2,N4ISRAELHAND,N
269,N_2,N5LOYALTY,N
269,N_2,N6IDENTITYDENY,N
269,N_2,N7COLLECTIVEGUILT,N
269,N_2,N8VIOLENCE,N
269,N_2,N9INCITEMENT,N
269,N_2,N10SELFDETERMINATION,N
269,N_2,N11JEWISHRIGHTSDEFINE,N
269,N_2,N11SELFDETERMINATION,N
269,N_2,N11JEWISHRIGHTS,N
269,N_2,N12DOUBLESTANDARD,N
10177,N_2,N2CONSPIRACY,N
10177,N_2,N2CONTROLMEDIA,N
10177,N_2,N2CONTROLECONOMY,N
10177,N_2,N2CONTROLGOV,N
10177,N_2,N2CONTROLOTHER,N
10177,N_2,N3COLLECTIVEBLAME,N
10177,N_2,N4HIDDENCONSPIRACY,N
10177,N_2,N4ISRAELHAND,N
10177,N_2,N5LOYALTY,N
10177,N_2,N6IDENTITYDENY,N
10177,N_2,N7COLLECTIVEGUILT,N
10177,N_2,N8VIOLENCE,N
10177,N_2,N9INCITEMENT,N
10177,N_2,N10SELFDETERMINATION,N
10177,N_2,N11JEWISHRIGHTSDEFINE,N
10177,N_2,N11SELFDETERMINATION,N
10177,N_2,N11JEWISHRIGHTS,N
10177,N_2,N12DOUBLESTANDARD,N
16502,N_2,N2CONSPIRACY,N
16502,N_2,N2CONTROLMEDIA,N
16502,N_2,N2CONTROLECONOMY,N
16502,N_2,N2CONTROLGOV,N
16502,N_2,N2CONTROLOTHER,N
16502,N_2,N3COLLECTIVEBLAME,N
16502,N_2,N4HIDDENCONSPIRACY,N
16502,N_2,N4ISRAELHAND,N
16502,N_2,N5LOYALTY,N
16502,N_2,N6IDENTITYDENY,N
16502,N_2,N7COLLECTIVEGUILT,N
16502,N_2,N8VIOLENCE,N
16502,N_2,N9INCITEMENT,E
16502,N_2,N10SELFDETERMINATION,N
16502,N_2,N11JEWISHRIGHTSDEFINE,N
16502,N_2,N11SELFDETERMINATION,N
16502,N_2,N11JEWISHRIGHTS,E
16502,N_2,N12DOUBLESTANDARD,N
41096,N_2,N2CONSPIRACY,N
41096,N_2,N2CONTROLMEDIA,N
41096,N_2,N2CONTROLECONOMY,N
41096,N_2,N2CONTROLGOV,N
41096,N_2,N2CONTROLOTHER,N
41096,N_2,N3COLLECTIVEBLAME,N
41096,N_2,N4HIDDENCONSPIRACY,N
41096,N_2,N4ISRAELHAND,N
41096,N_2,N5LOYALTY,N
41096,N_2,N6IDENTITYDENY,N
41096,N_2,N7COLLECTIVEGUILT,N
41096,N_2,N8VIOLENCE,N
41096,N_2,N9INCITEMENT,N
41096,N_2,N10SELFDETERMINATION,N
41096,N_2,N11JEWISHRIGHTSDEFINE,N
41096,N_2,N11SELFDETERMINATION,N
41096,N_2,N11JEWISHRIGHTS,N
41096,N_2,N12DOUBLESTANDARD,N
48195,N_2,N2CONSPIRACY,N
48195,N_2,N2CONTROLMEDIA,N
48195,N_2,N2CONTROLECONOMY,N
48195,N_2,N2CONTROLGOV,N
48195,N_2,N2CONTROLOTHER,N
48195,N_2,N3COLLECTIVEBLAME,N
48195,N_2,N4HIDDENCONSPIRACY,N
48195,N_2,N4ISRAELHAND,N
48195,N_2,N5LOYALTY,N
48195,N_2,N6IDENTITYDENY,N
48195,N_2,N7COLLECTIVEGUILT,N
48195,N_2,N8VIOLENCE,N
48195,N_2,N9INCITEMENT,N
48195,N_2,N10SELFDETERMINATION,N
48195,N_2,N11JEWISHRIGHTSDEFINE,N
48195,N_2,N11SELFDETERMINATION,N
48195,N_2,N11JEWISHRIGHTS,N
48195,N_2,N12DOUBLESTANDARD,N
41959,N_2,N2CONSPIRACY,N
41959,N_2,N2CONTROLMEDIA,N
41959,N_2,N2CONTROLECONOMY,N
41959,N_2,N2CONTROLGOV,N
41959,N_2,N2CONTROLOTHER,N
41959,N_2,N3COLLECTIVEBLAME,N
41959,N_2,N4HIDDENCONSPIRACY,N
41959,N_2,N4ISRAELHAND,N
41959,N_2,N5LOYALTY,N
41959,N_2,N6IDENTITYDENY,N
41959,N_2,N7COLLECTIVEGUILT,N
41959,N_2,N8VIOLENCE,N
41959,N_2,N9INCITEMENT,N
41959,N_2,N10SELFDETERMINATION,N
41959,N_2,N11JEWISHRIGHTSDEFINE,N
41959,N_2,N11SELFDETERMINATION,N
41959,N_2,N11JEWISHRIGHTS,N
41959,N_2,N12DOUBLESTANDARD,N
48803,N_2,N2CONSPIRACY,A
48803,N_2,N2CONTROLMEDIA,N
48803,N_2,N2CONTROLECONOMY,N
48803,N_2,N2CONTROLGOV,N
48803,N_2,N2CONTROLOTHER,N
48803,N_2,N3COLLECTIVEBLAME,E
48803,N_2,N4HIDDENCONSPIRACY,A
48803,N_2,N4ISRAELHAND,N
48803,N_2,N5LOYALTY,N
48803,N_2,N6IDENTITYDENY,N
48803,N_2,N7COLLECTIVEGUILT,I
48803,N_2,N8VIOLENCE,A
48803,N_2,N9INCITEMENT,A
48803,N_2,N10SELFDETERMINATION,N
48803,N_2,N11JEWISHRIGHTSDEFINE,N
48803,N_2,N11SELFDETERMINATION,N
48803,N_2,N11JEWISHRIGHTS,N
48803,N_2,N12DOUBLESTANDARD,N
28351,N_2,N2CONSPIRACY,N
28351,N_2,N2CONTROLMEDIA,N
28351,N_2,N2CONTROLECONOMY,N
28351,N_2,N2CONTROLGOV,N
28351,N_2,N2CONTROLOTHER,N
28351,N_2,N3COLLECTIVEBLAME,N
28351,N_2,N4HIDDENCONSPIRACY,N
28351,N_2,N4ISRAELHAND,N
28351,N_2,N5LOYALTY,N
28351,N_2,N6IDENTITYDENY,N
28351,N_2,N7COLLECTIVEGUILT,N
28351,N_2,N8VIOLENCE,I
28351,N_2,N9INCITEMENT,I
28351,N_2,N10SELFDETERMINATION,N
28351,N_2,N11JEWISHRIGHTSDEFINE,N
28351,N_2,N11SELFDETERMINATION,N
28351,N_2,N11JEWISHRIGHTS,N
28351,N_2,N12DOUBLESTANDARD,N
20800,N_2,N2CONSPIRACY,N
20800,N_2,N2CONTROLMEDIA,N
20800,N_2,N2CONTROLECONOMY,N
20800,N_2,N2CONTROLGOV,N
20800,N_2,N2CONTROLOTHER,N
20800,N_2,N3COLLECTIVEBLAME,N
20800,N_2,N4HIDDENCONSPIRACY,N
20800,N_2,N4ISRAELHAND,N
20800,N_2,N5LOYALTY,N
20800,N_2,N6IDENTITYDENY,N
20800,N_2,N7COLLECTIVEGUILT,N
20800,N_2,N8VIOLENCE,N
20800,N_2,N9INCITEMENT,N
20800,N_2,N10SELFDETERMINATION,N
20800,N_2,N11JEWISHRIGHTSDEFINE,N
20800,N_2,N11SELFDETERMINATION,N
20800,N_2,N11JEWISHRIGHTS,N
20800,N_2,N12DOUBLESTANDARD,N
16273,N_2,N2CONSPIRACY,N
16273,N_2,N2CONTROLMEDIA,N
16273,N_2,N2CONTROLECONOMY,N
16273,N_2,N2CONTROLGOV,N
16273,N_2,N2CONTROLOTHER,N
16273,N_2,N3COLLECTIVEBLAME,N
16273,N_2,N4HIDDENCONSPIRACY,N
16273,N_2,N4ISRAELHAND,N
16273,N_2,N5LOYALTY,N
16273,N_2,N6IDENTITYDENY,N
16273,N_2,N7COLLECTIVEGUILT,N
16273,N_2,N8VIOLENCE,N
16273,N_2,N9INCITEMENT,N
16273,N_2,N10SELFDETERMINATION,N
16273,N_2,N11JEWISHRIGHTSDEFINE,N
16273,N_2,N11SELFDETERMINATION,N
16273,N_2,N11JEWISHRIGHTS,N
16273,N_2,N12DOUBLESTANDARD,N
13683,N_2,N2CONSPIRACY,N
13683,N_2,N2CONTROLMEDIA,N
13683,N_2,N2CONTROLECONOMY,N
13683,N_2,N2CONTROLGOV,N
13683,N_2,N2CONTROLOTHER,N
13683,N_2,N3COLLECTIVEBLAME,N
13683,N_2,N4HIDDENCONSPIRACY,N
13683,N_2,N4ISRAELHAND,N
13683,N_2,N5LOYALTY,N
13683,N_2,N6IDENTITYDENY,N
13683,N_2,N7COLLECTIVEGUILT,N
13683,N_2,N8VIOLENCE,N
13683,N_2,N9INCITEMENT,N
13683,N_2,N10SELFDETERMINATION,N
13683,N_2,N11JEWISHRIGHTSDEFINE,N
13683,N_2,N11SELFDETERMINATION,N
13683,N_2,N11JEWISHRIGHTS,N
13683,N_2,N12DOUBLESTANDARD,N
16347,N_2,N2CONSPIRACY,N
16347,N_2,N2CONTROLMEDIA,N
16347,N_2,N2CONTROLECONOMY,N
16347,N_2,N2CONTROLGOV,N
16347,N_2,N2CONTROLOTHER,N
16347,N_2,N3COLLECTIVEBLAME,N
16347,N_2,N4HIDDENCONSPIRACY,N
16347,N_2,N4ISRAELHAND,N
16347,N_2,N5LOYALTY,N
16347,N_2,N6IDENTITYDENY,N
16347,N_2,N7COLLECTIVEGUILT,N
16347,N_2,N8VIOLENCE,E
16347,N_2,N9INCITEMENT,E
16347,N_2,N10SELFDETERMINATION,N
16347,N_2,N11JEWISHRIGHTSDEFINE,N
16347,N_2,N11SELFDETERMINATION,N
16347,N_2,N11JEWISHRIGHTS,E
16347,N_2,N12DOUBLESTANDARD,N
17294,N_2,N2CONSPIRACY,N
17294,N_2,N2CONTROLMEDIA,N
17294,N_2,N2CONTROLECONOMY,N
17294,N_2,N2CONTROLGOV,N
17294,N_2,N2CONTROLOTHER,N
17294,N_2,N3COLLECTIVEBLAME,N
17294,N_2,N4HIDDENCONSPIRACY,N
17294,N_2,N4ISRAELHAND,N
17294,N_2,N5LOYALTY,N
17294,N_2,N6IDENTITYDENY,N
17294,N_2,N7COLLECTIVEGUILT,N
17294,N_2,N8VIOLENCE,N
17294,N_2,N9INCITEMENT,N
17294,N_2,N10SELFDETERMINATION,N
17294,N_2,N11JEWISHRIGHTSDEFINE,N
17294,N_2,N11SELFDETERMINATION,N
17294,N_2,N11JEWISHRIGHTS,N
17294,N_2,N12DOUBLESTANDARD,N
12093,N_2,N2CONSPIRACY,N
12093,N_2,N2CONTROLMEDIA,N
12093,N_2,N2CONTROLECONOMY,N
12093,N_2,N2CONTROLGOV,N
12093,N_2,N2CONTROLOTHER,N
12093,N_2,N3COLLECTIVEBLAME,N
12093,N_2,N4HIDDENCONSPIRACY,N
12093,N_2,N4ISRAELHAND,N
12093,N_2,N5LOYALTY,N
12093,N_2,N6IDENTITYDENY,N
12093,N_2,N7COLLECTIVEGUILT,N
12093,N_2,N8VIOLENCE,N
12093,N_2,N9INCITEMENT,N
12093,N_2,N10SELFDETERMINATION,N
12093,N_2,N11JEWISHRIGHTSDEFINE,N
12093,N_2,N11SELFDETERMINATION,N
12093,N_2,N11JEWISHRIGHTS,N
12093,N_2,N12DOUBLESTANDARD,N
38937,N_2,N2CONSPIRACY,N
38937,N_2,N2CONTROLMEDIA,N
38937,N_2,N2CONTROLECONOMY,N
38937,N_2,N2CONTROLGOV,N
38937,N_2,N2CONTROLOTHER,N
38937,N_2,N3COLLECTIVEBLAME,N
38937,N_2,N4HIDDENCONSPIRACY,N
38937,N_2,N4ISRAELHAND,N
38937,N_2,N5LOYALTY,N
38937,N_2,N6IDENTITYDENY,N
38937,N_2,N7COLLECTIVEGUILT,N
38937,N_2,N8VIOLENCE,N
38937,N_2,N9INCITEMENT,N
38937,N_2,N10SELFDETERMINATION,N
38937,N_2,N11JEWISHRIGHTSDEFINE,N
38937,N_2,N11SELFDETERMINATION,N
38937,N_2,N11JEWISHRIGHTS,N
38937,N_2,N12DOUBLESTANDARD,N
46434,N_2,PARSE_ERROR,Expecting value: line 1 column 1 (char 0)
13029,N_2,N2CONSPIRACY,N
13029,N_2,N2CONTROLMEDIA,N
13029,N_2,N2CONTROLECONOMY,N
13029,N_2,N2CONTROLGOV,N
13029,N_2,N2CONTROLOTHER,N
13029,N_2,N3COLLECTIVEBLAME,N
13029,N_2,N4HIDDENCONSPIRACY,N
13029,N_2,N4ISRAELHAND,N
13029,N_2,N5LOYALTY,N
13029,N_2,N6IDENTITYDENY,N
13029,N_2,N7COLLECTIVEGUILT,N
13029,N_2,N8VIOLENCE,I
13029,N_2,N9INCITEMENT,I
13029,N_2,N10SELFDETERMINATION,N
13029,N_2,N11JEWISHRIGHTSDEFINE,N
13029,N_2,N11SELFDETERMINATION,N
13029,N_2,N11JEWISHRIGHTS,I
13029,N_2,N12DOUBLESTANDARD,N
44670,N_2,PARSE_ERROR,Expecting value: line 1 column 1 (char 0)
18772,N_2,N2CONSPIRACY,N
18772,N_2,N2CONTROLMEDIA,N
18772,N_2,N2CONTROLECONOMY,N
18772,N_2,N2CONTROLGOV,N
18772,N_2,N2CONTROLOTHER,N
18772,N_2,N3COLLECTIVEBLAME,N
18772,N_2,N4HIDDENCONSPIRACY,N
18772,N_2,N4ISRAELHAND,N
18772,N_2,N5LOYALTY,N
18772,N_2,N6IDENTITYDENY,N
18772,N_2,N7COLLECTIVEGUILT,N
18772,N_2,N8VIOLENCE,N
18772,N_2,N9INCITEMENT,N
18772,N_2,N10SELFDETERMINATION,N
18772,N_2,N11JEWISHRIGHTSDEFINE,N
18772,N_2,N11SELFDETERMINATION,N
18772,N_2,N11JEWISHRIGHTS,N
18772,N_2,N12DOUBLESTANDARD,N
31557,N_2,N2CONSPIRACY,N
31557,N_2,N2CONTROLMEDIA,N
31557,N_2,N2CONTROLECONOMY,N
31557,N_2,N2CONTROLGOV,N
31557,N_2,N2CONTROLOTHER,N
31557,N_2,N3COLLECTIVEBLAME,N
31557,N_2,N4HIDDENCONSPIRACY,N
31557,N_2,N4ISRAELHAND,N
31557,N_2,N5LOYALTY,N
31557,N_2,N6IDENTITYDENY,N
31557,N_2,N7COLLECTIVEGUILT,N
31557,N_2,N8VIOLENCE,N
31557,N_2,N9INCITEMENT,N
31557,N_2,N10SELFDETERMINATION,N
31557,N_2,N11JEWISHRIGHTSDEFINE,N
31557,N_2,N11SELFDETERMINATION,N
31557,N_2,N11JEWISHRIGHTS,N
31557,N_2,N12DOUBLESTANDARD,N
7643,N_2,N2CONSPIRACY,N
7643,N_2,N2CONTROLMEDIA,N
7643,N_2,N2CONTROLECONOMY,N
7643,N_2,N2CONTROLGOV,N
7643,N_2,N2CONTROLOTHER,N
7643,N_2,N3COLLECTIVEBLAME,N
7643,N_2,N4HIDDENCONSPIRACY,N
7643,N_2,N4ISRAELHAND,N
7643,N_2,N5LOYALTY,N
7643,N_2,N6IDENTITYDENY,N
7643,N_2,N7COLLECTIVEGUILT,N
7643,N_2,N8VIOLENCE,N
7643,N_2,N9INCITEMENT,N
7643,N_2,N10SELFDETERMINATION,N
7643,N_2,N11JEWISHRIGHTSDEFINE,N
7643,N_2,N11SELFDETERMINATION,N
7643,N_2,N11JEWISHRIGHTS,N
7643,N_2,N12DOUBLESTANDARD,N
14471,N_2,N2CONSPIRACY,N
14471,N_2,N2CONTROLMEDIA,N
14471,N_2,N2CONTROLECONOMY,N
14471,N_2,N2CONTROLGOV,N
14471,N_2,N2CONTROLOTHER,N
14471,N_2,N3COLLECTIVEBLAME,N
14471,N_2,N4HIDDENCONSPIRACY,N
14471,N_2,N4ISRAELHAND,N
14471,N_2,N5LOYALTY,N
14471,N_2,N6IDENTITYDENY,N
14471,N_2,N7COLLECTIVEGUILT,N
14471,N_2,N8VIOLENCE,N
14471,N_2,N9INCITEMENT,N
14471,N_2,N10SELFDETERMINATION,N
14471,N_2,N11JEWISHRIGHTSDEFINE,N
14471,N_2,N11SELFDETERMINATION,N
14471,N_2,N11JEWISHRIGHTS,N
14471,N_2,N12DOUBLESTANDARD,N
12071,N_2,N2CONSPIRACY,N
12071,N_2,N2CONTROLMEDIA,N
12071,N_2,N2CONTROLECONOMY,N
12071,N_2,N2CONTROLGOV,N
12071,N_2,N2CONTROLOTHER,N
12071,N_2,N3COLLECTIVEBLAME,N
12071,N_2,N4HIDDENCONSPIRACY,N
12071,N_2,N4ISRAELHAND,N
12071,N_2,N5LOYALTY,N
12071,N_2,N6IDENTITYDENY,N
12071,N_2,N7COLLECTIVEGUILT,N
12071,N_2,N8VIOLENCE,N
12071,N_2,N9INCITEMENT,N
12071,N_2,N10SELFDETERMINATION,N
12071,N_2,N11JEWISHRIGHTSDEFINE,N
12071,N_2,N11SELFDETERMINATION,N
12071,N_2,N11JEWISHRIGHTS,N
12071,N_2,N12DOUBLESTANDARD,N
29564,N_2,N2CONSPIRACY,N
29564,N_2,N2CONTROLMEDIA,N
29564,N_2,N2CONTROLECONOMY,N
29564,N_2,N2CONTROLGOV,N
29564,N_2,N2CONTROLOTHER,N
29564,N_2,N3COLLECTIVEBLAME,N
29564,N_2,N4HIDDENCONSPIRACY,N
29564,N_2,N4ISRAELHAND,N
29564,N_2,N5LOYALTY,N
29564,N_2,N6IDENTITYDENY,N
29564,N_2,N7COLLECTIVEGUILT,N
29564,N_2,N8VIOLENCE,N
29564,N_2,N9INCITEMENT,N
29564,N_2,N10SELFDETERMINATION,N
29564,N_2,N11JEWISHRIGHTSDEFINE,N
29564,N_2,N11SELFDETERMINATION,N
29564,N_2,N11JEWISHRIGHTS,N
29564,N_2,N12DOUBLESTANDARD,N
25203,N_2,PARSE_ERROR,Expecting value: line 1 column 1 (char 0)
13813,N_2,N2CONSPIRACY,N
13813,N_2,N2CONTROLMEDIA,N
13813,N_2,N2CONTROLECONOMY,N
13813,N_2,N2CONTROLGOV,N
13813,N_2,N2CONTROLOTHER,N
13813,N_2,N3COLLECTIVEBLAME,N
13813,N_2,N4HIDDENCONSPIRACY,N
13813,N_2,N4ISRAELHAND,N
13813,N_2,N5LOYALTY,I
13813,N_2,N6IDENTITYDENY,N
13813,N_2,N7COLLECTIVEGUILT,N
13813,N_2,N8VIOLENCE,N
13813,N_2,N9INCITEMENT,N
13813,N_2,N10SELFDETERMINATION,N
13813,N_2,N11JEWISHRIGHTSDEFINE,N
13813,N_2,N11SELFDETERMINATION,N
13813,N_2,N11JEWISHRIGHTS,N
13813,N_2,N12DOUBLESTANDARD,N
14864,N_2,N2CONSPIRACY,N
14864,N_2,N2CONTROLMEDIA,N
14864,N_2,N2CONTROLECONOMY,N
14864,N_2,N2CONTROLGOV,N
14864,N_2,N2CONTROLOTHER,N
14864,N_2,N3COLLECTIVEBLAME,N
14864,N_2,N4HIDDENCONSPIRACY,N
14864,N_2,N4ISRAELHAND,N
14864,N_2,N5LOYALTY,N
14864,N_2,N6IDENTITYDENY,N
14864,N_2,N7COLLECTIVEGUILT,N
14864,N_2,N8VIOLENCE,N
14864,N_2,N9INCITEMENT,N
14864,N_2,N10SELFDETERMINATION,N
14864,N_2,N11JEWISHRIGHTSDEFINE,N
14864,N_2,N11SELFDETERMINATION,N
14864,N_2,N11JEWISHRIGHTS,N
14864,N_2,N12DOUBLESTANDARD,N
596,N_2,N2CONSPIRACY,N
596,N_2,N2CONTROLMEDIA,N
596,N_2,N2CONTROLECONOMY,N
596,N_2,N2CONTROLGOV,N
596,N_2,N2CONTROLOTHER,N
596,N_2,N3COLLECTIVEBLAME,N
596,N_2,N4HIDDENCONSPIRACY,N
596,N_2,N4ISRAELHAND,N
596,N_2,N5LOYALTY,N
596,N_2,N6IDENTITYDENY,N
596,N_2,N7COLLECTIVEGUILT,N
596,N_2,N8VIOLENCE,N
596,N_2,N9INCITEMENT,N
596,N_2,N10SELFDETERMINATION,N
596,N_2,N11JEWISHRIGHTSDEFINE,N
596,N_2,N11SELFDETERMINATION,N
596,N_2,N11JEWISHRIGHTS,N
596,N_2,N12DOUBLESTANDARD,N
1421,N_2,N2CONSPIRACY,N
1421,N_2,N2CONTROLMEDIA,N
1421,N_2,N2CONTROLECONOMY,N
1421,N_2,N2CONTROLGOV,N
1421,N_2,N2CONTROLOTHER,N
1421,N_2,N3COLLECTIVEBLAME,N
1421,N_2,N4HIDDENCONSPIRACY,N
1421,N_2,N4ISRAELHAND,N
1421,N_2,N5LOYALTY,N
1421,N_2,N6IDENTITYDENY,N
1421,N_2,N7COLLECTIVEGUILT,N
1421,N_2,N8VIOLENCE,N
1421,N_2,N9INCITEMENT,N
1421,N_2,N10SELFDETERMINATION,N
1421,N_2,N11JEWISHRIGHTSDEFINE,N
1421,N_2,N11SELFDETERMINATION,N
1421,N_2,N11JEWISHRIGHTS,N
1421,N_2,N12DOUBLESTANDARD,N
12245,N_2,N2CONSPIRACY,N
12245,N_2,N2CONTROLMEDIA,N
12245,N_2,N2CONTROLECONOMY,N
12245,N_2,N2CONTROLGOV,N
12245,N_2,N2CONTROLOTHER,N
12245,N_2,N3COLLECTIVEBLAME,N
12245,N_2,N4HIDDENCONSPIRACY,N
12245,N_2,N4ISRAELHAND,N
12245,N_2,N5LOYALTY,N
12245,N_2,N6IDENTITYDENY,N
12245,N_2,N7COLLECTIVEGUILT,N
12245,N_2,N8VIOLENCE,N
12245,N_2,N9INCITEMENT,N
12245,N_2,N10SELFDETERMINATION,N
12245,N_2,N11JEWISHRIGHTSDEFINE,N
12245,N_2,N11SELFDETERMINATION,N
12245,N_2,N11JEWISHRIGHTS,N
12245,N_2,N12DOUBLESTANDARD,N
24688,N_2,N2CONSPIRACY,N
24688,N_2,N2CONTROLMEDIA,N
24688,N_2,N2CONTROLECONOMY,N
24688,N_2,N2CONTROLGOV,N
24688,N_2,N2CONTROLOTHER,N
24688,N_2,N3COLLECTIVEBLAME,N
24688,N_2,N4HIDDENCONSPIRACY,N
24688,N_2,N4ISRAELHAND,N
24688,N_2,N5LOYALTY,N
24688,N_2,N6IDENTITYDENY,N
24688,N_2,N7COLLECTIVEGUILT,N
24688,N_2,N8VIOLENCE,N
24688,N_2,N9INCITEMENT,N
24688,N_2,N10SELFDETERMINATION,N
24688,N_2,N11JEWISHRIGHTSDEFINE,N
24688,N_2,N11SELFDETERMINATION,N
24688,N_2,N11JEWISHRIGHTS,N
24688,N_2,N12DOUBLESTANDARD,N
7136,N_2,N2CONSPIRACY,N
7136,N_2,N2CONTROLMEDIA,N
7136,N_2,N2CONTROLECONOMY,N
7136,N_2,N2CONTROLGOV,N
7136,N_2,N2CONTROLOTHER,N
7136,N_2,N3COLLECTIVEBLAME,N
7136,N_2,N4HIDDENCONSPIRACY,N
7136,N_2,N4ISRAELHAND,N
7136,N_2,N5LOYALTY,N
7136,N_2,N6IDENTITYDENY,N
7136,N_2,N7COLLECTIVEGUILT,N
7136,N_2,N8VIOLENCE,N
7136,N_2,N9INCITEMENT,N
7136,N_2,N10SELFDETERMINATION,N
7136,N_2,N11JEWISHRIGHTSDEFINE,N
7136,N_2,N11SELFDETERMINATION,N
7136,N_2,N11JEWISHRIGHTS,N
7136,N_2,N12DOUBLESTANDARD,N
30126,N_2,N2CONSPIRACY,N
30126,N_2,N2CONTROLMEDIA,N
30126,N_2,N2CONTROLECONOMY,N
30126,N_2,N2CONTROLGOV,N
30126,N_2,N2CONTROLOTHER,N
30126,N_2,N3COLLECTIVEBLAME,N
30126,N_2,N4HIDDENCONSPIRACY,N
30126,N_2,N4ISRAELHAND,N
30126,N_2,N5LOYALTY,N
30126,N_2,N6IDENTITYDENY,N
30126,N_2,N7COLLECTIVEGUILT,N
30126,N_2,N8VIOLENCE,N
30126,N_2,N9INCITEMENT,N
30126,N_2,N10SELFDETERMINATION,N
30126,N_2,N11JEWISHRIGHTSDEFINE,N
30126,N_2,N11SELFDETERMINATION,N
30126,N_2,N11JEWISHRIGHTS,N
30126,N_2,N12DOUBLESTANDARD,N
11419,N_2,N2CONSPIRACY,N
11419,N_2,N2CONTROLMEDIA,N
11419,N_2,N2CONTROLECONOMY,N
11419,N_2,N2CONTROLGOV,N
11419,N_2,N2CONTROLOTHER,N
11419,N_2,N3COLLECTIVEBLAME,N
11419,N_2,N4HIDDENCONSPIRACY,N
11419,N_2,N4ISRAELHAND,N
11419,N_2,N5LOYALTY,N
11419,N_2,N6IDENTITYDENY,N
11419,N_2,N7COLLECTIVEGUILT,N
11419,N_2,N8VIOLENCE,N
11419,N_2,N9INCITEMENT,N
11419,N_2,N10SELFDETERMINATION,N
11419,N_2,N11JEWISHRIGHTSDEFINE,N
11419,N_2,N11SELFDETERMINATION,N
11419,N_2,N11JEWISHRIGHTS,N
11419,N_2,N12DOUBLESTANDARD,N
49971,N_2,N2CONSPIRACY,N
49971,N_2,N2CONTROLMEDIA,N
49971,N_2,N2CONTROLECONOMY,N
49971,N_2,N2CONTROLGOV,N
49971,N_2,N2CONTROLOTHER,N
49971,N_2,N3COLLECTIVEBLAME,N
49971,N_2,N4HIDDENCONSPIRACY,N
49971,N_2,N4ISRAELHAND,N
49971,N_2,N5LOYALTY,N
49971,N_2,N6IDENTITYDENY,N
49971,N_2,N7COLLECTIVEGUILT,N
49971,N_2,N8VIOLENCE,N
49971,N_2,N9INCITEMENT,N
49971,N_2,N10SELFDETERMINATION,N
49971,N_2,N11JEWISHRIGHTSDEFINE,N
49971,N_2,N11SELFDETERMINATION,N
49971,N_2,N11JEWISHRIGHTS,N
49971,N_2,N12DOUBLESTANDARD,N
38510,N_2,N2CONSPIRACY,N
38510,N_2,N2CONTROLMEDIA,N
38510,N_2,N2CONTROLECONOMY,N
38510,N_2,N2CONTROLGOV,N
38510,N_2,N2CONTROLOTHER,N
38510,N_2,N3COLLECTIVEBLAME,N
38510,N_2,N4HIDDENCONSPIRACY,N
38510,N_2,N4ISRAELHAND,N
38510,N_2,N5LOYALTY,N
38510,N_2,N6IDENTITYDENY,N
38510,N_2,N7COLLECTIVEGUILT,N
38510,N_2,N8VIOLENCE,N
38510,N_2,N9INCITEMENT,N
38510,N_2,N10SELFDETERMINATION,N
38510,N_2,N11JEWISHRIGHTSDEFINE,N
38510,N_2,N11SELFDETERMINATION,N
38510,N_2,N11JEWISHRIGHTS,N
38510,N_2,N12DOUBLESTANDARD,N
42641,N_2,N2CONSPIRACY,N
42641,N_2,N2CONTROLMEDIA,N
42641,N_2,N2CONTROLECONOMY,N
42641,N_2,N2CONTROLGOV,N
42641,N_2,N2CONTROLOTHER,N
42641,N_2,N3COLLECTIVEBLAME,N
42641,N_2,N4HIDDENCONSPIRACY,N
42641,N_2,N4ISRAELHAND,N
42641,N_2,N5LOYALTY,N
42641,N_2,N6IDENTITYDENY,N
42641,N_2,N7COLLECTIVEGUILT,N
42641,N_2,N8VIOLENCE,N
42641,N_2,N9INCITEMENT,N
42641,N_2,N10SELFDETERMINATION,N
42641,N_2,N11JEWISHRIGHTSDEFINE,N
42641,N_2,N11SELFDETERMINATION,N
42641,N_2,N11JEWISHRIGHTS,N
42641,N_2,N12DOUBLESTANDARD,N
46210,N_2,N2CONSPIRACY,I
46210,N_2,N2CONTROLMEDIA,N
46210,N_2,N2CONTROLECONOMY,N
46210,N_2,N2CONTROLGOV,I
46210,N_2,N2CONTROLOTHER,N
46210,N_2,N3COLLECTIVEBLAME,E
46210,N_2,N4HIDDENCONSPIRACY,I
46210,N_2,N4ISRAELHAND,I
46210,N_2,N5LOYALTY,N
46210,N_2,N6IDENTITYDENY,N
46210,N_2,N7COLLECTIVEGUILT,E
46210,N_2,N8VIOLENCE,N
46210,N_2,N9INCITEMENT,E
46210,N_2,N10SELFDETERMINATION,N
46210,N_2,N11JEWISHRIGHTSDEFINE,N
46210,N_2,N11SELFDETERMINATION,N
46210,N_2,N11JEWISHRIGHTS,E
46210,N_2,N12DOUBLESTANDARD,N
738,N_2,N2CONSPIRACY,N
738,N_2,N2CONTROLMEDIA,N
738,N_2,N2CONTROLECONOMY,I
738,N_2,N2CONTROLGOV,N
738,N_2,N2CONTROLOTHER,N
738,N_2,N3COLLECTIVEBLAME,I
738,N_2,N4HIDDENCONSPIRACY,N
738,N_2,N4ISRAELHAND,N
738,N_2,N5LOYALTY,N
738,N_2,N6IDENTITYDENY,N
738,N_2,N7COLLECTIVEGUILT,N
738,N_2,N8VIOLENCE,N
738,N_2,N9INCITEMENT,N
738,N_2,N10SELFDETERMINATION,N
738,N_2,N11JEWISHRIGHTSDEFINE,N
738,N_2,N11SELFDETERMINATION,N
738,N_2,N11JEWISHRIGHTS,N
738,N_2,N12DOUBLESTANDARD,N
18300,N_2,N2CONSPIRACY,N
18300,N_2,N2CONTROLMEDIA,N
18300,N_2,N2CONTROLECONOMY,N
18300,N_2,N2CONTROLGOV,N
18300,N_2,N2CONTROLOTHER,N
18300,N_2,N3COLLECTIVEBLAME,N
18300,N_2,N4HIDDENCONSPIRACY,N
18300,N_2,N4ISRAELHAND,N
18300,N_2,N5LOYALTY,N
18300,N_2,N6IDENTITYDENY,N
18300,N_2,N7COLLECTIVEGUILT,N
18300,N_2,N8VIOLENCE,N
18300,N_2,N9INCITEMENT,N
18300,N_2,N10SELFDETERMINATION,N
18300,N_2,N11JEWISHRIGHTSDEFINE,N
18300,N_2,N11SELFDETERMINATION,N
18300,N_2,N11JEWISHRIGHTS,N
18300,N_2,N12DOUBLESTANDARD,N
2565,N_2,N2CONSPIRACY,N
2565,N_2,N2CONTROLMEDIA,N
2565,N_2,N2CONTROLECONOMY,N
2565,N_2,N2CONTROLGOV,N
2565,N_2,N2CONTROLOTHER,N
2565,N_2,N3COLLECTIVEBLAME,N
2565,N_2,N4HIDDENCONSPIRACY,N
2565,N_2,N4ISRAELHAND,N
2565,N_2,N5LOYALTY,N
2565,N_2,N6IDENTITYDENY,N
2565,N_2,N7COLLECTIVEGUILT,N
2565,N_2,N8VIOLENCE,N
2565,N_2,N9INCITEMENT,N
2565,N_2,N10SELFDETERMINATION,N
2565,N_2,N11JEWISHRIGHTSDEFINE,N
2565,N_2,N11SELFDETERMINATION,N
2565,N_2,N11JEWISHRIGHTS,N
2565,N_2,N12DOUBLESTANDARD,N
28195,N_2,N2CONSPIRACY,N
28195,N_2,N2CONTROLMEDIA,N
28195,N_2,N2CONTROLECONOMY,N
28195,N_2,N2CONTROLGOV,N
28195,N_2,N2CONTROLOTHER,N
28195,N_2,N3COLLECTIVEBLAME,N
28195,N_2,N4HIDDENCONSPIRACY,N
28195,N_2,N4ISRAELHAND,N
28195,N_2,N5LOYALTY,N
28195,N_2,N6IDENTITYDENY,N
28195,N_2,N7COLLECTIVEGUILT,N
28195,N_2,N8VIOLENCE,N
28195,N_2,N9INCITEMENT,N
28195,N_2,N10SELFDETERMINATION,N
28195,N_2,N11JEWISHRIGHTSDEFINE,N
28195,N_2,N11SELFDETERMINATION,N
28195,N_2,N11JEWISHRIGHTS,N
28195,N_2,N12DOUBLESTANDARD,N
27751,N_2,N2CONSPIRACY,N
27751,N_2,N2CONTROLMEDIA,N
27751,N_2,N2CONTROLECONOMY,N
27751,N_2,N2CONTROLGOV,N
27751,N_2,N2CONTROLOTHER,N
27751,N_2,N3COLLECTIVEBLAME,N
27751,N_2,N4HIDDENCONSPIRACY,N
27751,N_2,N4ISRAELHAND,N
27751,N_2,N5LOYALTY,N
27751,N_2,N6IDENTITYDENY,N
27751,N_2,N7COLLECTIVEGUILT,N
27751,N_2,N8VIOLENCE,N
27751,N_2,N9INCITEMENT,N
27751,N_2,N10SELFDETERMINATION,N
27751,N_2,N11JEWISHRIGHTSDEFINE,N
27751,N_2,N11SELFDETERMINATION,N
27751,N_2,N11JEWISHRIGHTS,N
27751,N_2,N12DOUBLESTANDARD,N
45566,N_2,N2CONSPIRACY,N
45566,N_2,N2CONTROLMEDIA,N
45566,N_2,N2CONTROLECONOMY,N
45566,N_2,N2CONTROLGOV,N
45566,N_2,N2CONTROLOTHER,N
45566,N_2,N3COLLECTIVEBLAME,N
45566,N_2,N4HIDDENCONSPIRACY,N
45566,N_2,N4ISRAELHAND,N
45566,N_2,N5LOYALTY,N
45566,N_2,N6IDENTITYDENY,N
45566,N_2,N7COLLECTIVEGUILT,N
45566,N_2,N8VIOLENCE,N
45566,N_2,N9INCITEMENT,N
45566,N_2,N10SELFDETERMINATION,N
45566,N_2,N11JEWISHRIGHTSDEFINE,N
45566,N_2,N11SELFDETERMINATION,N
45566,N_2,N11JEWISHRIGHTS,N
45566,N_2,N12DOUBLESTANDARD,N
17968,N_2,N2CONSPIRACY,N
17968,N_2,N2CONTROLMEDIA,N
17968,N_2,N2CONTROLECONOMY,N
17968,N_2,N2CONTROLGOV,N
17968,N_2,N2CONTROLOTHER,N
17968,N_2,N3COLLECTIVEBLAME,N
17968,N_2,N4HIDDENCONSPIRACY,N
17968,N_2,N4ISRAELHAND,N
17968,N_2,N5LOYALTY,N
17968,N_2,N6IDENTITYDENY,N
17968,N_2,N7COLLECTIVEGUILT,N
17968,N_2,N8VIOLENCE,N
17968,N_2,N9INCITEMENT,N
17968,N_2,N10SELFDETERMINATION,N
17968,N_2,N11JEWISHRIGHTSDEFINE,N
17968,N_2,N11SELFDETERMINATION,N
17968,N_2,N11JEWISHRIGHTS,N
17968,N_2,N12DOUBLESTANDARD,N
39836,N_2,N2CONSPIRACY,N
39836,N_2,N2CONTROLMEDIA,N
39836,N_2,N2CONTROLECONOMY,N
39836,N_2,N2CONTROLGOV,N
39836,N_2,N2CONTROLOTHER,N
39836,N_2,N3COLLECTIVEBLAME,N
39836,N_2,N4HIDDENCONSPIRACY,N
39836,N_2,N4ISRAELHAND,N
39836,N_2,N5LOYALTY,N
39836,N_2,N6IDENTITYDENY,N
39836,N_2,N7COLLECTIVEGUILT,N
39836,N_2,N8VIOLENCE,N
39836,N_2,N9INCITEMENT,N
39836,N_2,N10SELFDETERMINATION,N
39836,N_2,N11JEWISHRIGHTSDEFINE,N
39836,N_2,N11SELFDETERMINATION,N
39836,N_2,N11JEWISHRIGHTS,N
39836,N_2,N12DOUBLESTANDARD,N
27582,N_2,N2CONSPIRACY,N
27582,N_2,N2CONTROLMEDIA,N
27582,N_2,N2CONTROLECONOMY,N
27582,N_2,N2CONTROLGOV,N
27582,N_2,N2CONTROLOTHER,N
27582,N_2,N3COLLECTIVEBLAME,N
27582,N_2,N4HIDDENCONSPIRACY,N
27582,N_2,N4ISRAELHAND,N
27582,N_2,N5LOYALTY,N
27582,N_2,N6IDENTITYDENY,N
27582,N_2,N7COLLECTIVEGUILT,N
27582,N_2,N8VIOLENCE,I
27582,N_2,N9INCITEMENT,E
27582,N_2,N10SELFDETERMINATION,N
27582,N_2,N11JEWISHRIGHTSDEFINE,N
27582,N_2,N11SELFDETERMINATION,N
27582,N_2,N11JEWISHRIGHTS,N
27582,N_2,N12DOUBLESTANDARD,N
20219,N_2,N2CONSPIRACY,N
20219,N_2,N2CONTROLMEDIA,N
20219,N_2,N2CONTROLECONOMY,N
20219,N_2,N2CONTROLGOV,N
20219,N_2,N2CONTROLOTHER,N
20219,N_2,N3COLLECTIVEBLAME,N
20219,N_2,N4HIDDENCONSPIRACY,N
20219,N_2,N4ISRAELHAND,N
20219,N_2,N5LOYALTY,N
20219,N_2,N6IDENTITYDENY,N
20219,N_2,N7COLLECTIVEGUILT,N
20219,N_2,N8VIOLENCE,N
20219,N_2,N9INCITEMENT,N
20219,N_2,N10SELFDETERMINATION,N
20219,N_2,N11JEWISHRIGHTSDEFINE,N
20219,N_2,N11SELFDETERMINATION,N
20219,N_2,N11JEWISHRIGHTS,N
20219,N_2,N12DOUBLESTANDARD,N
46636,N_2,N2CONSPIRACY,I
46636,N_2,N2CONTROLMEDIA,E
46636,N_2,N2CONTROLECONOMY,N
46636,N_2,N2CONTROLGOV,N
46636,N_2,N2CONTROLOTHER,N
46636,N_2,N3COLLECTIVEBLAME,E
46636,N_2,N4HIDDENCONSPIRACY,N
46636,N_2,N4ISRAELHAND,N
46636,N_2,N5LOYALTY,N
46636,N_2,N6IDENTITYDENY,N
46636,N_2,N7COLLECTIVEGUILT,N
46636,N_2,N8VIOLENCE,N
46636,N_2,N9INCITEMENT,I
46636,N_2,N10SELFDETERMINATION,N
46636,N_2,N11JEWISHRIGHTSDEFINE,N
46636,N_2,N11SELFDETERMINATION,N
46636,N_2,N11JEWISHRIGHTS,N
46636,N_2,N12DOUBLESTANDARD,N
42622,N_2,N2CONSPIRACY,I
42622,N_2,N2CONTROLMEDIA,N
42622,N_2,N2CONTROLECONOMY,N
42622,N_2,N2CONTROLGOV,I
42622,N_2,N2CONTROLOTHER,N
42622,N_2,N3COLLECTIVEBLAME,N
42622,N_2,N4HIDDENCONSPIRACY,N
42622,N_2,N4ISRAELHAND,N
42622,N_2,N5LOYALTY,N
42622,N_2,N6IDENTITYDENY,N
42622,N_2,N7COLLECTIVEGUILT,I
42622,N_2,N8VIOLENCE,N
42622,N_2,N9INCITEMENT,E
42622,N_2,N10SELFDETERMINATION,I
42622,N_2,N11JEWISHRIGHTSDEFINE,I
42622,N_2,N11SELFDETERMINATION,I
42622,N_2,N11JEWISHRIGHTS,I
42622,N_2,N12DOUBLESTANDARD,N
27197,N_2,N2CONSPIRACY,N
27197,N_2,N2CONTROLMEDIA,N
27197,N_2,N2CONTROLECONOMY,N
27197,N_2,N2CONTROLGOV,N
27197,N_2,N2CONTROLOTHER,N
27197,N_2,N3COLLECTIVEBLAME,N
27197,N_2,N4HIDDENCONSPIRACY,N
27197,N_2,N4ISRAELHAND,N
27197,N_2,N5LOYALTY,N
27197,N_2,N6IDENTITYDENY,N
27197,N_2,N7COLLECTIVEGUILT,N
27197,N_2,N8VIOLENCE,N
27197,N_2,N9INCITEMENT,N
27197,N_2,N10SELFDETERMINATION,N
27197,N_2,N11JEWISHRIGHTSDEFINE,N
27197,N_2,N11SELFDETERMINATION,N
27197,N_2,N11JEWISHRIGHTS,N
27197,N_2,N12DOUBLESTANDARD,N
40852,N_2,N2CONSPIRACY,E
40852,N_2,N2CONTROLMEDIA,N
40852,N_2,N2CONTROLECONOMY,N
40852,N_2,N2CONTROLGOV,I
40852,N_2,N2CONTROLOTHER,I
40852,N_2,N3COLLECTIVEBLAME,N
40852,N_2,N4HIDDENCONSPIRACY,E
40852,N_2,N4ISRAELHAND,N
40852,N_2,N5LOYALTY,N
40852,N_2,N6IDENTITYDENY,N
40852,N_2,N7COLLECTIVEGUILT,N
40852,N_2,N8VIOLENCE,N
40852,N_2,N9INCITEMENT,N
40852,N_2,N10SELFDETERMINATION,N
40852,N_2,N11JEWISHRIGHTSDEFINE,N
40852,N_2,N11SELFDETERMINATION,N
40852,N_2,N11JEWISHRIGHTS,N
40852,N_2,N12DOUBLESTANDARD,N
29681,N_2,N2CONSPIRACY,N
29681,N_2,N2CONTROLMEDIA,N
29681,N_2,N2CONTROLECONOMY,N
29681,N_2,N2CONTROLGOV,N
29681,N_2,N2CONTROLOTHER,N
29681,N_2,N3COLLECTIVEBLAME,N
29681,N_2,N4HIDDENCONSPIRACY,N
29681,N_2,N4ISRAELHAND,N
29681,N_2,N5LOYALTY,N
29681,N_2,N6IDENTITYDENY,N
29681,N_2,N7COLLECTIVEGUILT,N
29681,N_2,N8VIOLENCE,N
29681,N_2,N9INCITEMENT,N
29681,N_2,N10SELFDETERMINATION,N
29681,N_2,N11JEWISHRIGHTSDEFINE,N
29681,N_2,N11SELFDETERMINATION,N
29681,N_2,N11JEWISHRIGHTS,N
29681,N_2,N12DOUBLESTANDARD,N
37498,N_2,N2CONSPIRACY,N
37498,N_2,N2CONTROLMEDIA,N
37498,N_2,N2CONTROLECONOMY,N
37498,N_2,N2CONTROLGOV,N
37498,N_2,N2CONTROLOTHER,N
37498,N_2,N3COLLECTIVEBLAME,N
37498,N_2,N4HIDDENCONSPIRACY,N
37498,N_2,N4ISRAELHAND,N
37498,N_2,N5LOYALTY,N
37498,N_2,N6IDENTITYDENY,N
37498,N_2,N7COLLECTIVEGUILT,N
37498,N_2,N8VIOLENCE,N
37498,N_2,N9INCITEMENT,N
37498,N_2,N10SELFDETERMINATION,N
37498,N_2,N11JEWISHRIGHTSDEFINE,N
37498,N_2,N11SELFDETERMINATION,N
37498,N_2,N11JEWISHRIGHTS,N
37498,N_2,N12DOUBLESTANDARD,N
40551,N_2,PARSE_ERROR,Expecting value: line 1 column 1 (char 0)
21152,N_2,N2CONSPIRACY,N
21152,N_2,N2CONTROLMEDIA,N
21152,N_2,N2CONTROLECONOMY,N
21152,N_2,N2CONTROLGOV,N
21152,N_2,N2CONTROLOTHER,N
21152,N_2,N3COLLECTIVEBLAME,N
21152,N_2,N4HIDDENCONSPIRACY,N
21152,N_2,N4ISRAELHAND,N
21152,N_2,N5LOYALTY,N
21152,N_2,N6IDENTITYDENY,N
21152,N_2,N7COLLECTIVEGUILT,N
21152,N_2,N8VIOLENCE,N
21152,N_2,N9INCITEMENT,N
21152,N_2,N10SELFDETERMINATION,N
21152,N_2,N11JEWISHRIGHTSDEFINE,N
21152,N_2,N11SELFDETERMINATION,N
21152,N_2,N11JEWISHRIGHTS,N
21152,N_2,N12DOUBLESTANDARD,N
11025,N_2,N2CONSPIRACY,N
11025,N_2,N2CONTROLMEDIA,N
11025,N_2,N2CONTROLECONOMY,N
11025,N_2,N2CONTROLGOV,N
11025,N_2,N2CONTROLOTHER,N
11025,N_2,N3COLLECTIVEBLAME,N
11025,N_2,N4HIDDENCONSPIRACY,N
11025,N_2,N4ISRAELHAND,N
11025,N_2,N5LOYALTY,N
11025,N_2,N6IDENTITYDENY,N
11025,N_2,N7COLLECTIVEGUILT,N
11025,N_2,N8VIOLENCE,N
11025,N_2,N9INCITEMENT,N
11025,N_2,N10SELFDETERMINATION,N
11025,N_2,N11JEWISHRIGHTSDEFINE,N
11025,N_2,N11SELFDETERMINATION,N
11025,N_2,N11JEWISHRIGHTS,N
11025,N_2,N12DOUBLESTANDARD,N
12030,N_2,N2CONSPIRACY,N
12030,N_2,N2CONTROLMEDIA,N
12030,N_2,N2CONTROLECONOMY,N
12030,N_2,N2CONTROLGOV,N
12030,N_2,N2CONTROLOTHER,N
12030,N_2,N3COLLECTIVEBLAME,N
12030,N_2,N4HIDDENCONSPIRACY,N
12030,N_2,N4ISRAELHAND,N
12030,N_2,N5LOYALTY,N
12030,N_2,N6IDENTITYDENY,N
12030,N_2,N7COLLECTIVEGUILT,N
12030,N_2,N8VIOLENCE,N
12030,N_2,N9INCITEMENT,N
12030,N_2,N10SELFDETERMINATION,N
12030,N_2,N11JEWISHRIGHTSDEFINE,N
12030,N_2,N11SELFDETERMINATION,N
12030,N_2,N11JEWISHRIGHTS,N
12030,N_2,N12DOUBLESTANDARD,N
38085,N_2,N2CONSPIRACY,N
38085,N_2,N2CONTROLMEDIA,N
38085,N_2,N2CONTROLECONOMY,N
38085,N_2,N2CONTROLGOV,N
38085,N_2,N2CONTROLOTHER,N
38085,N_2,N3COLLECTIVEBLAME,N
38085,N_2,N4HIDDENCONSPIRACY,N
38085,N_2,N4ISRAELHAND,N
38085,N_2,N5LOYALTY,N
38085,N_2,N6IDENTITYDENY,N
38085,N_2,N7COLLECTIVEGUILT,N
38085,N_2,N8VIOLENCE,N
38085,N_2,N9INCITEMENT,N
38085,N_2,N10SELFDETERMINATION,N
38085,N_2,N11JEWISHRIGHTSDEFINE,N
38085,N_2,N11SELFDETERMINATION,N
38085,N_2,N11JEWISHRIGHTS,N
38085,N_2,N12DOUBLESTANDARD,A
985,N_2,N2CONSPIRACY,N
985,N_2,N2CONTROLMEDIA,N
985,N_2,N2CONTROLECONOMY,N
985,N_2,N2CONTROLGOV,N
985,N_2,N2CONTROLOTHER,N
985,N_2,N3COLLECTIVEBLAME,N
985,N_2,N4HIDDENCONSPIRACY,N
985,N_2,N4ISRAELHAND,N
985,N_2,N5LOYALTY,A
985,N_2,N6IDENTITYDENY,N
985,N_2,N7COLLECTIVEGUILT,N
985,N_2,N8VIOLENCE,N
985,N_2,N9INCITEMENT,N
985,N_2,N10SELFDETERMINATION,N
985,N_2,N11JEWISHRIGHTSDEFINE,N
985,N_2,N11SELFDETERMINATION,N
985,N_2,N11JEWISHRIGHTS,N
985,N_2,N12DOUBLESTANDARD,N
32693,N_2,N2CONSPIRACY,N
32693,N_2,N2CONTROLMEDIA,N
32693,N_2,N2CONTROLECONOMY,N
32693,N_2,N2CONTROLGOV,N
32693,N_2,N2CONTROLOTHER,N
32693,N_2,N3COLLECTIVEBLAME,N
32693,N_2,N4HIDDENCONSPIRACY,N
32693,N_2,N4ISRAELHAND,N
32693,N_2,N5LOYALTY,N
32693,N_2,N6IDENTITYDENY,N
32693,N_2,N7COLLECTIVEGUILT,N
32693,N_2,N8VIOLENCE,N
32693,N_2,N9INCITEMENT,N
32693,N_2,N10SELFDETERMINATION,N
32693,N_2,N11JEWISHRIGHTSDEFINE,N
32693,N_2,N11SELFDETERMINATION,N
32693,N_2,N11JEWISHRIGHTS,N
32693,N_2,N12DOUBLESTANDARD,N
14602,N_2,N2CONSPIRACY,N
14602,N_2,N2CONTROLMEDIA,N
14602,N_2,N2CONTROLECONOMY,N
14602,N_2,N2CONTROLGOV,N
14602,N_2,N2CONTROLOTHER,N
14602,N_2,N3COLLECTIVEBLAME,N
14602,N_2,N4HIDDENCONSPIRACY,N
14602,N_2,N4ISRAELHAND,N
14602,N_2,N5LOYALTY,N
14602,N_2,N6IDENTITYDENY,N
14602,N_2,N7COLLECTIVEGUILT,N
14602,N_2,N8VIOLENCE,N
14602,N_2,N9INCITEMENT,N
14602,N_2,N10SELFDETERMINATION,N
14602,N_2,N11JEWISHRIGHTSDEFINE,N
14602,N_2,N11SELFDETERMINATION,N
14602,N_2,N11JEWISHRIGHTS,N
14602,N_2,N12DOUBLESTANDARD,N
26241,N_2,N2CONSPIRACY,N
26241,N_2,N2CONTROLMEDIA,N
26241,N_2,N2CONTROLECONOMY,N
26241,N_2,N2CONTROLGOV,N
26241,N_2,N2CONTROLOTHER,N
26241,N_2,N3COLLECTIVEBLAME,N
26241,N_2,N4HIDDENCONSPIRACY,N
26241,N_2,N4ISRAELHAND,N
26241,N_2,N5LOYALTY,N
26241,N_2,N6IDENTITYDENY,N
26241,N_2,N7COLLECTIVEGUILT,N
26241,N_2,N8VIOLENCE,N
26241,N_2,N9INCITEMENT,N
26241,N_2,N10SELFDETERMINATION,N
26241,N_2,N11JEWISHRIGHTSDEFINE,N
26241,N_2,N11SELFDETERMINATION,N
26241,N_2,N11JEWISHRIGHTS,N
26241,N_2,N12DOUBLESTANDARD,N
47731,N_2,N2CONSPIRACY,N
47731,N_2,N2CONTROLMEDIA,N
47731,N_2,N2CONTROLECONOMY,N
47731,N_2,N2CONTROLGOV,N
47731,N_2,N2CONTROLOTHER,N
47731,N_2,N3COLLECTIVEBLAME,N
47731,N_2,N4HIDDENCONSPIRACY,N
47731,N_2,N4ISRAELHAND,N
47731,N_2,N5LOYALTY,N
47731,N_2,N6IDENTITYDENY,N
47731,N_2,N7COLLECTIVEGUILT,N
47731,N_2,N8VIOLENCE,N
47731,N_2,N9INCITEMENT,N
47731,N_2,N10SELFDETERMINATION,N
47731,N_2,N11JEWISHRIGHTSDEFINE,N
47731,N_2,N11SELFDETERMINATION,N
47731,N_2,N11JEWISHRIGHTS,N
47731,N_2,N12DOUBLESTANDARD,N
16902,N_2,N2CONSPIRACY,N
16902,N_2,N2CONTROLMEDIA,N
16902,N_2,N2CONTROLECONOMY,N
16902,N_2,N2CONTROLGOV,N
16902,N_2,N2CONTROLOTHER,N
16902,N_2,N3COLLECTIVEBLAME,N
16902,N_2,N4HIDDENCONSPIRACY,N
16902,N_2,N4ISRAELHAND,N
16902,N_2,N5LOYALTY,N
16902,N_2,N6IDENTITYDENY,N
16902,N_2,N7COLLECTIVEGUILT,N
16902,N_2,N8VIOLENCE,N
16902,N_2,N9INCITEMENT,N
16902,N_2,N10SELFDETERMINATION,N
16902,N_2,N11JEWISHRIGHTSDEFINE,N
16902,N_2,N11SELFDETERMINATION,N
16902,N_2,N11JEWISHRIGHTS,N
16902,N_2,N12DOUBLESTANDARD,N
14236,N_2,N2CONSPIRACY,N
14236,N_2,N2CONTROLMEDIA,N
14236,N_2,N2CONTROLECONOMY,N
14236,N_2,N2CONTROLGOV,N
14236,N_2,N2CONTROLOTHER,N
14236,N_2,N3COLLECTIVEBLAME,N
14236,N_2,N4HIDDENCONSPIRACY,N
14236,N_2,N4ISRAELHAND,N
14236,N_2,N5LOYALTY,N
14236,N_2,N6IDENTITYDENY,A
14236,N_2,N7COLLECTIVEGUILT,N
14236,N_2,N8VIOLENCE,N
14236,N_2,N9INCITEMENT,N
14236,N_2,N10SELFDETERMINATION,N
14236,N_2,N11JEWISHRIGHTSDEFINE,N
14236,N_2,N11SELFDETERMINATION,N
14236,N_2,N11JEWISHRIGHTS,N
14236,N_2,N12DOUBLESTANDARD,N
15540,N_2,N2CONSPIRACY,N
15540,N_2,N2CONTROLMEDIA,N
15540,N_2,N2CONTROLECONOMY,N
15540,N_2,N2CONTROLGOV,N
15540,N_2,N2CONTROLOTHER,N
15540,N_2,N3COLLECTIVEBLAME,N
15540,N_2,N4HIDDENCONSPIRACY,N
15540,N_2,N4ISRAELHAND,N
15540,N_2,N5LOYALTY,N
15540,N_2,N6IDENTITYDENY,N
15540,N_2,N7COLLECTIVEGUILT,N
15540,N_2,N8VIOLENCE,N
15540,N_2,N9INCITEMENT,N
15540,N_2,N10SELFDETERMINATION,N
15540,N_2,N11JEWISHRIGHTSDEFINE,N
15540,N_2,N11SELFDETERMINATION,N
15540,N_2,N11JEWISHRIGHTS,N
15540,N_2,N12DOUBLESTANDARD,N
43985,N_2,N2CONSPIRACY,N
43985,N_2,N2CONTROLMEDIA,N
43985,N_2,N2CONTROLECONOMY,N
43985,N_2,N2CONTROLGOV,N
43985,N_2,N2CONTROLOTHER,N
43985,N_2,N3COLLECTIVEBLAME,N
43985,N_2,N4HIDDENCONSPIRACY,N
43985,N_2,N4ISRAELHAND,N
43985,N_2,N5LOYALTY,N
43985,N_2,N6IDENTITYDENY,N
43985,N_2,N7COLLECTIVEGUILT,N
43985,N_2,N8VIOLENCE,N
43985,N_2,N9INCITEMENT,N
43985,N_2,N10SELFDETERMINATION,N
43985,N_2,N11JEWISHRIGHTSDEFINE,N
43985,N_2,N11SELFDETERMINATION,N
43985,N_2,N11JEWISHRIGHTS,N
43985,N_2,N12DOUBLESTANDARD,N
29888,N_2,N2CONSPIRACY,N
29888,N_2,N2CONTROLMEDIA,N
29888,N_2,N2CONTROLECONOMY,N
29888,N_2,N2CONTROLGOV,N
29888,N_2,N2CONTROLOTHER,N
29888,N_2,N3COLLECTIVEBLAME,N
29888,N_2,N4HIDDENCONSPIRACY,N
29888,N_2,N4ISRAELHAND,N
29888,N_2,N5LOYALTY,N
29888,N_2,N6IDENTITYDENY,N
29888,N_2,N7COLLECTIVEGUILT,N
29888,N_2,N8VIOLENCE,N
29888,N_2,N9INCITEMENT,N
29888,N_2,N10SELFDETERMINATION,N
29888,N_2,N11JEWISHRIGHTSDEFINE,N
29888,N_2,N11SELFDETERMINATION,N
29888,N_2,N11JEWISHRIGHTS,N
29888,N_2,N12DOUBLESTANDARD,N
34874,N_2,N2CONSPIRACY,E
34874,N_2,N2CONTROLMEDIA,N
34874,N_2,N2CONTROLECONOMY,N
34874,N_2,N2CONTROLGOV,I
34874,N_2,N2CONTROLOTHER,I
34874,N_2,N3COLLECTIVEBLAME,N
34874,N_2,N4HIDDENCONSPIRACY,E
34874,N_2,N4ISRAELHAND,N
34874,N_2,N5LOYALTY,N
34874,N_2,N6IDENTITYDENY,N
34874,N_2,N7COLLECTIVEGUILT,N
34874,N_2,N8VIOLENCE,N
34874,N_2,N9INCITEMENT,I
34874,N_2,N10SELFDETERMINATION,N
34874,N_2,N11JEWISHRIGHTSDEFINE,N
34874,N_2,N11SELFDETERMINATION,N
34874,N_2,N11JEWISHRIGHTS,N
34874,N_2,N12DOUBLESTANDARD,N
2553,N_2,N2CONSPIRACY,N
2553,N_2,N2CONTROLMEDIA,N
2553,N_2,N2CONTROLECONOMY,N
2553,N_2,N2CONTROLGOV,N
2553,N_2,N2CONTROLOTHER,I
2553,N_2,N3COLLECTIVEBLAME,N
2553,N_2,N4HIDDENCONSPIRACY,I
2553,N_2,N4ISRAELHAND,N
2553,N_2,N5LOYALTY,N
2553,N_2,N6IDENTITYDENY,N
2553,N_2,N7COLLECTIVEGUILT,N
2553,N_2,N8VIOLENCE,N
2553,N_2,N9INCITEMENT,N
2553,N_2,N10SELFDETERMINATION,N
2553,N_2,N11JEWISHRIGHTSDEFINE,N
2553,N_2,N11SELFDETERMINATION,N
2553,N_2,N11JEWISHRIGHTS,N
2553,N_2,N12DOUBLESTANDARD,N
31888,N_2,N2CONSPIRACY,N
31888,N_2,N2CONTROLMEDIA,N
31888,N_2,N2CONTROLECONOMY,N
31888,N_2,N2CONTROLGOV,N
31888,N_2,N2CONTROLOTHER,N
31888,N_2,N3COLLECTIVEBLAME,N
31888,N_2,N4HIDDENCONSPIRACY,N
31888,N_2,N4ISRAELHAND,N
31888,N_2,N5LOYALTY,I
31888,N_2,N6IDENTITYDENY,I
31888,N_2,N7COLLECTIVEGUILT,N
31888,N_2,N8VIOLENCE,N
31888,N_2,N9INCITEMENT,N
31888,N_2,N10SELFDETERMINATION,N
31888,N_2,N11JEWISHRIGHTSDEFINE,N
31888,N_2,N11SELFDETERMINATION,N
31888,N_2,N11JEWISHRIGHTS,N
31888,N_2,N12DOUBLESTANDARD,N
2754,N_2,N2CONSPIRACY,N
2754,N_2,N2CONTROLMEDIA,N
2754,N_2,N2CONTROLECONOMY,N
2754,N_2,N2CONTROLGOV,N
2754,N_2,N2CONTROLOTHER,N
2754,N_2,N3COLLECTIVEBLAME,N
2754,N_2,N4HIDDENCONSPIRACY,N
2754,N_2,N4ISRAELHAND,N
2754,N_2,N5LOYALTY,N
2754,N_2,N6IDENTITYDENY,N
2754,N_2,N7COLLECTIVEGUILT,N
2754,N_2,N8VIOLENCE,N
2754,N_2,N9INCITEMENT,N
2754,N_2,N10SELFDETERMINATION,N
2754,N_2,N11JEWISHRIGHTSDEFINE,N
2754,N_2,N11SELFDETERMINATION,N
2754,N_2,N11JEWISHRIGHTS,N
2754,N_2,N12DOUBLESTANDARD,N
12122,N_2,N2CONSPIRACY,N
12122,N_2,N2CONTROLMEDIA,N
12122,N_2,N2CONTROLECONOMY,N
12122,N_2,N2CONTROLGOV,N
12122,N_2,N2CONTROLOTHER,N
12122,N_2,N3COLLECTIVEBLAME,N
12122,N_2,N4HIDDENCONSPIRACY,N
12122,N_2,N4ISRAELHAND,N
12122,N_2,N5LOYALTY,N
12122,N_2,N6IDENTITYDENY,N
12122,N_2,N7COLLECTIVEGUILT,N
12122,N_2,N8VIOLENCE,N
12122,N_2,N9INCITEMENT,N
12122,N_2,N10SELFDETERMINATION,N
12122,N_2,N11JEWISHRIGHTSDEFINE,N
12122,N_2,N11SELFDETERMINATION,N
12122,N_2,N11JEWISHRIGHTS,N
12122,N_2,N12DOUBLESTANDARD,N
48050,N_2,N2CONSPIRACY,N
48050,N_2,N2CONTROLMEDIA,N
48050,N_2,N2CONTROLECONOMY,N
48050,N_2,N2CONTROLGOV,N
48050,N_2,N2CONTROLOTHER,N
48050,N_2,N3COLLECTIVEBLAME,N
48050,N_2,N4HIDDENCONSPIRACY,N
48050,N_2,N4ISRAELHAND,N
48050,N_2,N5LOYALTY,N
48050,N_2,N6IDENTITYDENY,N
48050,N_2,N7COLLECTIVEGUILT,N
48050,N_2,N8VIOLENCE,N
48050,N_2,N9INCITEMENT,N
48050,N_2,N10SELFDETERMINATION,N
48050,N_2,N11JEWISHRIGHTSDEFINE,N
48050,N_2,N11SELFDETERMINATION,N
48050,N_2,N11JEWISHRIGHTS,N
48050,N_2,N12DOUBLESTANDARD,N
8699,N_2,N2CONSPIRACY,N
8699,N_2,N2CONTROLMEDIA,N
8699,N_2,N2CONTROLECONOMY,N
8699,N_2,N2CONTROLGOV,N
8699,N_2,N2CONTROLOTHER,N
8699,N_2,N3COLLECTIVEBLAME,N
8699,N_2,N4HIDDENCONSPIRACY,N
8699,N_2,N4ISRAELHAND,N
8699,N_2,N5LOYALTY,N
8699,N_2,N6IDENTITYDENY,N
8699,N_2,N7COLLECTIVEGUILT,N
8699,N_2,N8VIOLENCE,N
8699,N_2,N9INCITEMENT,N
8699,N_2,N10SELFDETERMINATION,N
8699,N_2,N11JEWISHRIGHTSDEFINE,N
8699,N_2,N11SELFDETERMINATION,N
8699,N_2,N11JEWISHRIGHTS,N
8699,N_2,N12DOUBLESTANDARD,N
10925,N_2,N2CONSPIRACY,N
10925,N_2,N2CONTROLMEDIA,N
10925,N_2,N2CONTROLECONOMY,N
10925,N_2,N2CONTROLGOV,N
10925,N_2,N2CONTROLOTHER,N
10925,N_2,N3COLLECTIVEBLAME,N
10925,N_2,N4HIDDENCONSPIRACY,N
10925,N_2,N4ISRAELHAND,N
10925,N_2,N5LOYALTY,N
10925,N_2,N6IDENTITYDENY,N
10925,N_2,N7COLLECTIVEGUILT,N
10925,N_2,N8VIOLENCE,N
10925,N_2,N9INCITEMENT,N
10925,N_2,N10SELFDETERMINATION,N
10925,N_2,N11JEWISHRIGHTSDEFINE,N
10925,N_2,N11SELFDETERMINATION,N
10925,N_2,N11JEWISHRIGHTS,N
10925,N_2,N12DOUBLESTANDARD,N
30175,N_2,N2CONSPIRACY,N
30175,N_2,N2CONTROLMEDIA,N
30175,N_2,N2CONTROLECONOMY,N
30175,N_2,N2CONTROLGOV,N
30175,N_2,N2CONTROLOTHER,N
30175,N_2,N3COLLECTIVEBLAME,A
30175,N_2,N4HIDDENCONSPIRACY,N
30175,N_2,N4ISRAELHAND,N
30175,N_2,N5LOYALTY,N
30175,N_2,N6IDENTITYDENY,N
30175,N_2,N7COLLECTIVEGUILT,A
30175,N_2,N8VIOLENCE,N
30175,N_2,N9INCITEMENT,A
30175,N_2,N10SELFDETERMINATION,N
30175,N_2,N11JEWISHRIGHTSDEFINE,N
30175,N_2,N11SELFDETERMINATION,N
30175,N_2,N11JEWISHRIGHTS,N
30175,N_2,N12DOUBLESTANDARD,N
12878,N_2,N2CONSPIRACY,N
12878,N_2,N2CONTROLMEDIA,N
12878,N_2,N2CONTROLECONOMY,N
12878,N_2,N2CONTROLGOV,N
12878,N_2,N2CONTROLOTHER,N
12878,N_2,N3COLLECTIVEBLAME,N
12878,N_2,N4HIDDENCONSPIRACY,N
12878,N_2,N4ISRAELHAND,N
12878,N_2,N5LOYALTY,N
12878,N_2,N6IDENTITYDENY,N
12878,N_2,N7COLLECTIVEGUILT,N
12878,N_2,N8VIOLENCE,N
12878,N_2,N9INCITEMENT,N
12878,N_2,N10SELFDETERMINATION,N
12878,N_2,N11JEWISHRIGHTSDEFINE,N
12878,N_2,N11SELFDETERMINATION,N
12878,N_2,N11JEWISHRIGHTS,N
12878,N_2,N12DOUBLESTANDARD,N
11332,N_2,N2CONSPIRACY,N
11332,N_2,N2CONTROLMEDIA,N
11332,N_2,N2CONTROLECONOMY,N
11332,N_2,N2CONTROLGOV,N
11332,N_2,N2CONTROLOTHER,N
11332,N_2,N3COLLECTIVEBLAME,N
11332,N_2,N4HIDDENCONSPIRACY,N
11332,N_2,N4ISRAELHAND,N
11332,N_2,N5LOYALTY,N
11332,N_2,N6IDENTITYDENY,N
11332,N_2,N7COLLECTIVEGUILT,N
11332,N_2,N8VIOLENCE,N
11332,N_2,N9INCITEMENT,N
11332,N_2,N10SELFDETERMINATION,N
11332,N_2,N11JEWISHRIGHTSDEFINE,N
11332,N_2,N11SELFDETERMINATION,N
11332,N_2,N11JEWISHRIGHTS,N
11332,N_2,N12DOUBLESTANDARD,N
29363,N_2,N2CONSPIRACY,N
29363,N_2,N2CONTROLMEDIA,N
29363,N_2,N2CONTROLECONOMY,N
29363,N_2,N2CONTROLGOV,N
29363,N_2,N2CONTROLOTHER,N
29363,N_2,N3COLLECTIVEBLAME,N
29363,N_2,N4HIDDENCONSPIRACY,N
29363,N_2,N4ISRAELHAND,N
29363,N_2,N5LOYALTY,N
29363,N_2,N6IDENTITYDENY,N
29363,N_2,N7COLLECTIVEGUILT,N
29363,N_2,N8VIOLENCE,N
29363,N_2,N9INCITEMENT,N
29363,N_2,N10SELFDETERMINATION,N
29363,N_2,N11JEWISHRIGHTSDEFINE,N
29363,N_2,N11SELFDETERMINATION,N
29363,N_2,N11JEWISHRIGHTS,N
29363,N_2,N12DOUBLESTANDARD,N
13933,N_2,N2CONSPIRACY,N
13933,N_2,N2CONTROLMEDIA,N
13933,N_2,N2CONTROLECONOMY,N
13933,N_2,N2CONTROLGOV,N
13933,N_2,N2CONTROLOTHER,N
13933,N_2,N3COLLECTIVEBLAME,N
13933,N_2,N4HIDDENCONSPIRACY,N
13933,N_2,N4ISRAELHAND,N
13933,N_2,N5LOYALTY,N
13933,N_2,N6IDENTITYDENY,N
13933,N_2,N7COLLECTIVEGUILT,N
13933,N_2,N8VIOLENCE,N
13933,N_2,N9INCITEMENT,A
13933,N_2,N10SELFDETERMINATION,N
13933,N_2,N11JEWISHRIGHTSDEFINE,N
13933,N_2,N11SELFDETERMINATION,N
13933,N_2,N11JEWISHRIGHTS,N
13933,N_2,N12DOUBLESTANDARD,N
49143,N_2,N2CONSPIRACY,A
49143,N_2,N2CONTROLMEDIA,N
49143,N_2,N2CONTROLECONOMY,N
49143,N_2,N2CONTROLGOV,N
49143,N_2,N2CONTROLOTHER,A
49143,N_2,N3COLLECTIVEBLAME,N
49143,N_2,N4HIDDENCONSPIRACY,A
49143,N_2,N4ISRAELHAND,N
49143,N_2,N5LOYALTY,N
49143,N_2,N6IDENTITYDENY,N
49143,N_2,N7COLLECTIVEGUILT,N
49143,N_2,N8VIOLENCE,N
49143,N_2,N9INCITEMENT,N
49143,N_2,N10SELFDETERMINATION,N
49143,N_2,N11JEWISHRIGHTSDEFINE,N
49143,N_2,N11SELFDETERMINATION,N
49143,N_2,N11JEWISHRIGHTS,N
49143,N_2,N12DOUBLESTANDARD,N
47578,N_2,N2CONSPIRACY,N
47578,N_2,N2CONTROLMEDIA,N
47578,N_2,N2CONTROLECONOMY,N
47578,N_2,N2CONTROLGOV,N
47578,N_2,N2CONTROLOTHER,N
47578,N_2,N3COLLECTIVEBLAME,N
47578,N_2,N4HIDDENCONSPIRACY,N
47578,N_2,N4ISRAELHAND,N
47578,N_2,N5LOYALTY,N
47578,N_2,N6IDENTITYDENY,N
47578,N_2,N7COLLECTIVEGUILT,N
47578,N_2,N8VIOLENCE,N
47578,N_2,N9INCITEMENT,N
47578,N_2,N10SELFDETERMINATION,N
47578,N_2,N11JEWISHRIGHTSDEFINE,N
47578,N_2,N11SELFDETERMINATION,N
47578,N_2,N11JEWISHRIGHTS,N
47578,N_2,N12DOUBLESTANDARD,N
40103,N_2,N2CONSPIRACY,N
40103,N_2,N2CONTROLMEDIA,N
40103,N_2,N2CONTROLECONOMY,N
40103,N_2,N2CONTROLGOV,N
40103,N_2,N2CONTROLOTHER,N
40103,N_2,N3COLLECTIVEBLAME,N
40103,N_2,N4HIDDENCONSPIRACY,N
40103,N_2,N4ISRAELHAND,N
40103,N_2,N5LOYALTY,N
40103,N_2,N6IDENTITYDENY,N
40103,N_2,N7COLLECTIVEGUILT,N
40103,N_2,N8VIOLENCE,N
40103,N_2,N9INCITEMENT,N
40103,N_2,N10SELFDETERMINATION,N
40103,N_2,N11JEWISHRIGHTSDEFINE,N
40103,N_2,N11SELFDETERMINATION,N
40103,N_2,N11JEWISHRIGHTS,N
40103,N_2,N12DOUBLESTANDARD,N
2135,N_2,N2CONSPIRACY,N
2135,N_2,N2CONTROLMEDIA,N
2135,N_2,N2CONTROLECONOMY,N
2135,N_2,N2CONTROLGOV,N
2135,N_2,N2CONTROLOTHER,N
2135,N_2,N3COLLECTIVEBLAME,N
2135,N_2,N4HIDDENCONSPIRACY,N
2135,N_2,N4ISRAELHAND,N
2135,N_2,N5LOYALTY,I
2135,N_2,N6IDENTITYDENY,N
2135,N_2,N7COLLECTIVEGUILT,N
2135,N_2,N8VIOLENCE,N
2135,N_2,N9INCITEMENT,N
2135,N_2,N10SELFDETERMINATION,N
2135,N_2,N11JEWISHRIGHTSDEFINE,N
2135,N_2,N11SELFDETERMINATION,N
2135,N_2,N11JEWISHRIGHTS,N
2135,N_2,N12DOUBLESTANDARD,N
48550,N_2,N2CONSPIRACY,I
48550,N_2,N2CONTROLMEDIA,N
48550,N_2,N2CONTROLECONOMY,N
48550,N_2,N2CONTROLGOV,I
48550,N_2,N2CONTROLOTHER,I
48550,N_2,N3COLLECTIVEBLAME,N
48550,N_2,N4HIDDENCONSPIRACY,I
48550,N_2,N4ISRAELHAND,I
48550,N_2,N5LOYALTY,N
48550,N_2,N6IDENTITYDENY,N
48550,N_2,N7COLLECTIVEGUILT,N
48550,N_2,N8VIOLENCE,N
48550,N_2,N9INCITEMENT,N
48550,N_2,N10SELFDETERMINATION,N
48550,N_2,N11JEWISHRIGHTSDEFINE,N
48550,N_2,N11SELFDETERMINATION,N
48550,N_2,N11JEWISHRIGHTS,N
48550,N_2,N12DOUBLESTANDARD,N
29494,N_2,N2CONSPIRACY,N
29494,N_2,N2CONTROLMEDIA,N
29494,N_2,N2CONTROLECONOMY,N
29494,N_2,N2CONTROLGOV,N
29494,N_2,N2CONTROLOTHER,N
29494,N_2,N3COLLECTIVEBLAME,N
29494,N_2,N4HIDDENCONSPIRACY,N
29494,N_2,N4ISRAELHAND,N
29494,N_2,N5LOYALTY,N
29494,N_2,N6IDENTITYDENY,N
29494,N_2,N7COLLECTIVEGUILT,N
29494,N_2,N8VIOLENCE,N
29494,N_2,N9INCITEMENT,N
29494,N_2,N10SELFDETERMINATION,N
29494,N_2,N11JEWISHRIGHTSDEFINE,N
29494,N_2,N11SELFDETERMINATION,N
29494,N_2,N11JEWISHRIGHTS,N
29494,N_2,N12DOUBLESTANDARD,N
26949,N_2,N2CONSPIRACY,N
26949,N_2,N2CONTROLMEDIA,N
26949,N_2,N2CONTROLECONOMY,N
26949,N_2,N2CONTROLGOV,N
26949,N_2,N2CONTROLOTHER,N
26949,N_2,N3COLLECTIVEBLAME,N
26949,N_2,N4HIDDENCONSPIRACY,N
26949,N_2,N4ISRAELHAND,N
26949,N_2,N5LOYALTY,N
26949,N_2,N6IDENTITYDENY,N
26949,N_2,N7COLLECTIVEGUILT,N
26949,N_2,N8VIOLENCE,N
26949,N_2,N9INCITEMENT,N
26949,N_2,N10SELFDETERMINATION,N
26949,N_2,N11JEWISHRIGHTSDEFINE,N
26949,N_2,N11SELFDETERMINATION,N
26949,N_2,N11JEWISHRIGHTS,N
26949,N_2,N12DOUBLESTANDARD,N
14141,N_2,N2CONSPIRACY,N
14141,N_2,N2CONTROLMEDIA,N
14141,N_2,N2CONTROLECONOMY,N
14141,N_2,N2CONTROLGOV,N
14141,N_2,N2CONTROLOTHER,N
14141,N_2,N3COLLECTIVEBLAME,N
14141,N_2,N4HIDDENCONSPIRACY,N
14141,N_2,N4ISRAELHAND,N
14141,N_2,N5LOYALTY,N
14141,N_2,N6IDENTITYDENY,N
14141,N_2,N7COLLECTIVEGUILT,N
14141,N_2,N8VIOLENCE,N
14141,N_2,N9INCITEMENT,N
14141,N_2,N10SELFDETERMINATION,N
14141,N_2,N11JEWISHRIGHTSDEFINE,N
14141,N_2,N11SELFDETERMINATION,N
14141,N_2,N11JEWISHRIGHTS,N
14141,N_2,N12DOUBLESTANDARD,N
10381,N_2,N2CONSPIRACY,N
10381,N_2,N2CONTROLMEDIA,N
10381,N_2,N2CONTROLECONOMY,N
10381,N_2,N2CONTROLGOV,N
10381,N_2,N2CONTROLOTHER,N
10381,N_2,N3COLLECTIVEBLAME,N
10381,N_2,N4HIDDENCONSPIRACY,N
10381,N_2,N4ISRAELHAND,N
10381,N_2,N5LOYALTY,N
10381,N_2,N6IDENTITYDENY,N
10381,N_2,N7COLLECTIVEGUILT,N
10381,N_2,N8VIOLENCE,N
10381,N_2,N9INCITEMENT,N
10381,N_2,N10SELFDETERMINATION,N
10381,N_2,N11JEWISHRIGHTSDEFINE,N
10381,N_2,N11SELFDETERMINATION,N
10381,N_2,N11JEWISHRIGHTS,N
10381,N_2,N12DOUBLESTANDARD,N
19167,N_2,N2CONSPIRACY,N
19167,N_2,N2CONTROLMEDIA,E
19167,N_2,N2CONTROLECONOMY,N
19167,N_2,N2CONTROLGOV,N
19167,N_2,N2CONTROLOTHER,N
19167,N_2,N3COLLECTIVEBLAME,N
19167,N_2,N4HIDDENCONSPIRACY,N
19167,N_2,N4ISRAELHAND,N
19167,N_2,N5LOYALTY,N
19167,N_2,N6IDENTITYDENY,N
19167,N_2,N7COLLECTIVEGUILT,N
19167,N_2,N8VIOLENCE,I
19167,N_2,N9INCITEMENT,E
19167,N_2,N10SELFDETERMINATION,N
19167,N_2,N11JEWISHRIGHTSDEFINE,N
19167,N_2,N11SELFDETERMINATION,N
19167,N_2,N11JEWISHRIGHTS,N
19167,N_2,N12DOUBLESTANDARD,N
22861,N_2,N2CONSPIRACY,N
22861,N_2,N2CONTROLMEDIA,N
22861,N_2,N2CONTROLECONOMY,N
22861,N_2,N2CONTROLGOV,N
22861,N_2,N2CONTROLOTHER,N
22861,N_2,N3COLLECTIVEBLAME,N
22861,N_2,N4HIDDENCONSPIRACY,N
22861,N_2,N4ISRAELHAND,N
22861,N_2,N5LOYALTY,N
22861,N_2,N6IDENTITYDENY,N
22861,N_2,N7COLLECTIVEGUILT,N
22861,N_2,N8VIOLENCE,N
22861,N_2,N9INCITEMENT,N
22861,N_2,N10SELFDETERMINATION,N
22861,N_2,N11JEWISHRIGHTSDEFINE,N
22861,N_2,N11SELFDETERMINATION,N
22861,N_2,N11JEWISHRIGHTS,N
22861,N_2,N12DOUBLESTANDARD,N
36458,N_2,N2CONSPIRACY,N
36458,N_2,N2CONTROLMEDIA,N
36458,N_2,N2CONTROLECONOMY,N
36458,N_2,N2CONTROLGOV,N
36458,N_2,N2CONTROLOTHER,N
36458,N_2,N3COLLECTIVEBLAME,N
36458,N_2,N4HIDDENCONSPIRACY,N
36458,N_2,N4ISRAELHAND,N
36458,N_2,N5LOYALTY,N
36458,N_2,N6IDENTITYDENY,N
36458,N_2,N7COLLECTIVEGUILT,N
36458,N_2,N8VIOLENCE,N
36458,N_2,N9INCITEMENT,N
36458,N_2,N10SELFDETERMINATION,N
36458,N_2,N11JEWISHRIGHTSDEFINE,N
36458,N_2,N11SELFDETERMINATION,N
36458,N_2,N11JEWISHRIGHTS,N
36458,N_2,N12DOUBLESTANDARD,N
24365,N_2,N2CONSPIRACY,N
24365,N_2,N2CONTROLMEDIA,N
24365,N_2,N2CONTROLECONOMY,N
24365,N_2,N2CONTROLGOV,N
24365,N_2,N2CONTROLOTHER,N
24365,N_2,N3COLLECTIVEBLAME,N
24365,N_2,N4HIDDENCONSPIRACY,N
24365,N_2,N4ISRAELHAND,N
24365,N_2,N5LOYALTY,N
24365,N_2,N6IDENTITYDENY,N
24365,N_2,N7COLLECTIVEGUILT,N
24365,N_2,N8VIOLENCE,N
24365,N_2,N9INCITEMENT,N
24365,N_2,N10SELFDETERMINATION,N
24365,N_2,N11JEWISHRIGHTSDEFINE,N
24365,N_2,N11SELFDETERMINATION,N
24365,N_2,N11JEWISHRIGHTS,N
24365,N_2,N12DOUBLESTANDARD,N
34075,N_2,N2CONSPIRACY,N
34075,N_2,N2CONTROLMEDIA,N
34075,N_2,N2CONTROLECONOMY,N
34075,N_2,N2CONTROLGOV,N
34075,N_2,N2CONTROLOTHER,N
34075,N_2,N3COLLECTIVEBLAME,N
34075,N_2,N4HIDDENCONSPIRACY,N
34075,N_2,N4ISRAELHAND,N
34075,N_2,N5LOYALTY,N
34075,N_2,N6IDENTITYDENY,N
34075,N_2,N7COLLECTIVEGUILT,N
34075,N_2,N8VIOLENCE,N
34075,N_2,N9INCITEMENT,E
34075,N_2,N10SELFDETERMINATION,N
34075,N_2,N11JEWISHRIGHTSDEFINE,N
34075,N_2,N11SELFDETERMINATION,N
34075,N_2,N11JEWISHRIGHTS,N
34075,N_2,N12DOUBLESTANDARD,N
3839,N_2,N2CONSPIRACY,N
3839,N_2,N2CONTROLMEDIA,N
3839,N_2,N2CONTROLECONOMY,N
3839,N_2,N2CONTROLGOV,N
3839,N_2,N2CONTROLOTHER,N
3839,N_2,N3COLLECTIVEBLAME,N
3839,N_2,N4HIDDENCONSPIRACY,N
3839,N_2,N4ISRAELHAND,N
3839,N_2,N5LOYALTY,N
3839,N_2,N6IDENTITYDENY,N
3839,N_2,N7COLLECTIVEGUILT,N
3839,N_2,N8VIOLENCE,A
3839,N_2,N9INCITEMENT,N
3839,N_2,N10SELFDETERMINATION,N
3839,N_2,N11JEWISHRIGHTSDEFINE,N
3839,N_2,N11SELFDETERMINATION,N
3839,N_2,N11JEWISHRIGHTS,N
3839,N_2,N12DOUBLESTANDARD,N
47986,N_2,N2CONSPIRACY,E
47986,N_2,N2CONTROLMEDIA,N
47986,N_2,N2CONTROLECONOMY,N
47986,N_2,N2CONTROLGOV,I
47986,N_2,N2CONTROLOTHER,I
47986,N_2,N3COLLECTIVEBLAME,E
47986,N_2,N4HIDDENCONSPIRACY,E
47986,N_2,N4ISRAELHAND,I
47986,N_2,N5LOYALTY,N
47986,N_2,N6IDENTITYDENY,N
47986,N_2,N7COLLECTIVEGUILT,E
47986,N_2,N8VIOLENCE,N
47986,N_2,N9INCITEMENT,E
47986,N_2,N10SELFDETERMINATION,N
47986,N_2,N11JEWISHRIGHTSDEFINE,N
47986,N_2,N11SELFDETERMINATION,N
47986,N_2,N11JEWISHRIGHTS,N
47986,N_2,N12DOUBLESTANDARD,N
20732,N_2,N2CONSPIRACY,N
20732,N_2,N2CONTROLMEDIA,N
20732,N_2,N2CONTROLECONOMY,N
20732,N_2,N2CONTROLGOV,N
20732,N_2,N2CONTROLOTHER,N
20732,N_2,N3COLLECTIVEBLAME,N
20732,N_2,N4HIDDENCONSPIRACY,N
20732,N_2,N4ISRAELHAND,N
20732,N_2,N5LOYALTY,N
20732,N_2,N6IDENTITYDENY,N
20732,N_2,N7COLLECTIVEGUILT,N
20732,N_2,N8VIOLENCE,N
20732,N_2,N9INCITEMENT,I
20732,N_2,N10SELFDETERMINATION,N
20732,N_2,N11JEWISHRIGHTSDEFINE,N
20732,N_2,N11SELFDETERMINATION,N
20732,N_2,N11JEWISHRIGHTS,N
20732,N_2,N12DOUBLESTANDARD,N
42226,N_2,N2CONSPIRACY,N
42226,N_2,N2CONTROLMEDIA,N
42226,N_2,N2CONTROLECONOMY,N
42226,N_2,N2CONTROLGOV,N
42226,N_2,N2CONTROLOTHER,N
42226,N_2,N3COLLECTIVEBLAME,N
42226,N_2,N4HIDDENCONSPIRACY,N
42226,N_2,N4ISRAELHAND,N
42226,N_2,N5LOYALTY,N
42226,N_2,N6IDENTITYDENY,N
42226,N_2,N7COLLECTIVEGUILT,N
42226,N_2,N8VIOLENCE,N
42226,N_2,N9INCITEMENT,I
42226,N_2,N10SELFDETERMINATION,E
42226,N_2,N11JEWISHRIGHTSDEFINE,E
42226,N_2,N11SELFDETERMINATION,E
42226,N_2,N11JEWISHRIGHTS,I
42226,N_2,N12DOUBLESTANDARD,N
46065,N_2,N2CONSPIRACY,N
46065,N_2,N2CONTROLMEDIA,N
46065,N_2,N2CONTROLECONOMY,N
46065,N_2,N2CONTROLGOV,N
46065,N_2,N2CONTROLOTHER,N
46065,N_2,N3COLLECTIVEBLAME,N
46065,N_2,N4HIDDENCONSPIRACY,N
46065,N_2,N4ISRAELHAND,N
46065,N_2,N5LOYALTY,N
46065,N_2,N6IDENTITYDENY,N
46065,N_2,N7COLLECTIVEGUILT,N
46065,N_2,N8VIOLENCE,N
46065,N_2,N9INCITEMENT,N
46065,N_2,N10SELFDETERMINATION,N
46065,N_2,N11JEWISHRIGHTSDEFINE,N
46065,N_2,N11SELFDETERMINATION,N
46065,N_2,N11JEWISHRIGHTS,N
46065,N_2,N12DOUBLESTANDARD,N
36633,N_2,N2CONSPIRACY,N
36633,N_2,N2CONTROLMEDIA,N
36633,N_2,N2CONTROLECONOMY,N
36633,N_2,N2CONTROLGOV,N
36633,N_2,N2CONTROLOTHER,N
36633,N_2,N3COLLECTIVEBLAME,N
36633,N_2,N4HIDDENCONSPIRACY,N
36633,N_2,N4ISRAELHAND,N
36633,N_2,N5LOYALTY,N
36633,N_2,N6IDENTITYDENY,N
36633,N_2,N7COLLECTIVEGUILT,N
36633,N_2,N8VIOLENCE,N
36633,N_2,N9INCITEMENT,N
36633,N_2,N10SELFDETERMINATION,N
36633,N_2,N11JEWISHRIGHTSDEFINE,N
36633,N_2,N11SELFDETERMINATION,N
36633,N_2,N11JEWISHRIGHTS,N
36633,N_2,N12DOUBLESTANDARD,N
10698,N_2,N2CONSPIRACY,N
10698,N_2,N2CONTROLMEDIA,N
10698,N_2,N2CONTROLECONOMY,N
10698,N_2,N2CONTROLGOV,N
10698,N_2,N2CONTROLOTHER,N
10698,N_2,N3COLLECTIVEBLAME,N
10698,N_2,N4HIDDENCONSPIRACY,N
10698,N_2,N4ISRAELHAND,N
10698,N_2,N5LOYALTY,N
10698,N_2,N6IDENTITYDENY,N
10698,N_2,N7COLLECTIVEGUILT,N
10698,N_2,N8VIOLENCE,N
10698,N_2,N9INCITEMENT,N
10698,N_2,N10SELFDETERMINATION,N
10698,N_2,N11JEWISHRIGHTSDEFINE,N
10698,N_2,N11SELFDETERMINATION,N
10698,N_2,N11JEWISHRIGHTS,N
10698,N_2,N12DOUBLESTANDARD,N
23922,N_2,N2CONSPIRACY,N
23922,N_2,N2CONTROLMEDIA,N
23922,N_2,N2CONTROLECONOMY,N
23922,N_2,N2CONTROLGOV,N
23922,N_2,N2CONTROLOTHER,N
23922,N_2,N3COLLECTIVEBLAME,N
23922,N_2,N4HIDDENCONSPIRACY,N
23922,N_2,N4ISRAELHAND,N
23922,N_2,N5LOYALTY,N
23922,N_2,N6IDENTITYDENY,N
23922,N_2,N7COLLECTIVEGUILT,N
23922,N_2,N8VIOLENCE,N
23922,N_2,N9INCITEMENT,N
23922,N_2,N10SELFDETERMINATION,N
23922,N_2,N11JEWISHRIGHTSDEFINE,N
23922,N_2,N11SELFDETERMINATION,N
23922,N_2,N11JEWISHRIGHTS,N
23922,N_2,N12DOUBLESTANDARD,N
28633,N_2,N2CONSPIRACY,N
28633,N_2,N2CONTROLMEDIA,N
28633,N_2,N2CONTROLECONOMY,N
28633,N_2,N2CONTROLGOV,N
28633,N_2,N2CONTROLOTHER,N
28633,N_2,N3COLLECTIVEBLAME,N
28633,N_2,N4HIDDENCONSPIRACY,N
28633,N_2,N4ISRAELHAND,N
28633,N_2,N5LOYALTY,N
28633,N_2,N6IDENTITYDENY,N
28633,N_2,N7COLLECTIVEGUILT,N
28633,N_2,N8VIOLENCE,N
28633,N_2,N9INCITEMENT,N
28633,N_2,N10SELFDETERMINATION,N
28633,N_2,N11JEWISHRIGHTSDEFINE,N
28633,N_2,N11SELFDETERMINATION,N
28633,N_2,N11JEWISHRIGHTS,N
28633,N_2,N12DOUBLESTANDARD,N
25396,N_2,N2CONSPIRACY,N
25396,N_2,N2CONTROLMEDIA,N
25396,N_2,N2CONTROLECONOMY,N
25396,N_2,N2CONTROLGOV,N
25396,N_2,N2CONTROLOTHER,N
25396,N_2,N3COLLECTIVEBLAME,N
25396,N_2,N4HIDDENCONSPIRACY,N
25396,N_2,N4ISRAELHAND,N
25396,N_2,N5LOYALTY,N
25396,N_2,N6IDENTITYDENY,N
25396,N_2,N7COLLECTIVEGUILT,N
25396,N_2,N8VIOLENCE,N
25396,N_2,N9INCITEMENT,N
25396,N_2,N10SELFDETERMINATION,N
25396,N_2,N11JEWISHRIGHTSDEFINE,N
25396,N_2,N11SELFDETERMINATION,N
25396,N_2,N11JEWISHRIGHTS,N
25396,N_2,N12DOUBLESTANDARD,N
42529,N_2,N2CONSPIRACY,N
42529,N_2,N2CONTROLMEDIA,N
42529,N_2,N2CONTROLECONOMY,N
42529,N_2,N2CONTROLGOV,N
42529,N_2,N2CONTROLOTHER,N
42529,N_2,N3COLLECTIVEBLAME,N
42529,N_2,N4HIDDENCONSPIRACY,N
42529,N_2,N4ISRAELHAND,N
42529,N_2,N5LOYALTY,N
42529,N_2,N6IDENTITYDENY,N
42529,N_2,N7COLLECTIVEGUILT,N
42529,N_2,N8VIOLENCE,N
42529,N_2,N9INCITEMENT,N
42529,N_2,N10SELFDETERMINATION,N
42529,N_2,N11JEWISHRIGHTSDEFINE,N
42529,N_2,N11SELFDETERMINATION,N
42529,N_2,N11JEWISHRIGHTS,N
42529,N_2,N12DOUBLESTANDARD,N
48327,N_2,N2CONSPIRACY,N
48327,N_2,N2CONTROLMEDIA,N
48327,N_2,N2CONTROLECONOMY,N
48327,N_2,N2CONTROLGOV,N
48327,N_2,N2CONTROLOTHER,N
48327,N_2,N3COLLECTIVEBLAME,N
48327,N_2,N4HIDDENCONSPIRACY,N
48327,N_2,N4ISRAELHAND,N
48327,N_2,N5LOYALTY,N
48327,N_2,N6IDENTITYDENY,N
48327,N_2,N7COLLECTIVEGUILT,N
48327,N_2,N8VIOLENCE,N
48327,N_2,N9INCITEMENT,N
48327,N_2,N10SELFDETERMINATION,N
48327,N_2,N11JEWISHRIGHTSDEFINE,N
48327,N_2,N11SELFDETERMINATION,N
48327,N_2,N11JEWISHRIGHTS,N
48327,N_2,N12DOUBLESTANDARD,N
41445,N_2,N2CONSPIRACY,N
41445,N_2,N2CONTROLMEDIA,N
41445,N_2,N2CONTROLECONOMY,N
41445,N_2,N2CONTROLGOV,N
41445,N_2,N2CONTROLOTHER,N
41445,N_2,N3COLLECTIVEBLAME,N
41445,N_2,N4HIDDENCONSPIRACY,N
41445,N_2,N4ISRAELHAND,N
41445,N_2,N5LOYALTY,N
41445,N_2,N6IDENTITYDENY,N
41445,N_2,N7COLLECTIVEGUILT,N
41445,N_2,N8VIOLENCE,N
41445,N_2,N9INCITEMENT,N
41445,N_2,N10SELFDETERMINATION,N
41445,N_2,N11JEWISHRIGHTSDEFINE,N
41445,N_2,N11SELFDETERMINATION,N
41445,N_2,N11JEWISHRIGHTS,N
41445,N_2,N12DOUBLESTANDARD,N
45164,N_2,PARSE_ERROR,Expecting value: line 1 column 1 (char 0)
5841,N_2,N2CONSPIRACY,N
5841,N_2,N2CONTROLMEDIA,N
5841,N_2,N2CONTROLECONOMY,N
5841,N_2,N2CONTROLGOV,N
5841,N_2,N2CONTROLOTHER,N
5841,N_2,N3COLLECTIVEBLAME,N
5841,N_2,N4HIDDENCONSPIRACY,N
5841,N_2,N4ISRAELHAND,N
5841,N_2,N5LOYALTY,N
5841,N_2,N6IDENTITYDENY,N
5841,N_2,N7COLLECTIVEGUILT,N
5841,N_2,N8VIOLENCE,N
5841,N_2,N9INCITEMENT,N
5841,N_2,N10SELFDETERMINATION,N
5841,N_2,N11JEWISHRIGHTSDEFINE,N
5841,N_2,N11SELFDETERMINATION,N
5841,N_2,N11JEWISHRIGHTS,N
5841,N_2,N12DOUBLESTANDARD,N
8261,N_2,N2CONSPIRACY,N
8261,N_2,N2CONTROLMEDIA,N
8261,N_2,N2CONTROLECONOMY,N
8261,N_2,N2CONTROLGOV,N
8261,N_2,N2CONTROLOTHER,N
8261,N_2,N3COLLECTIVEBLAME,N
8261,N_2,N4HIDDENCONSPIRACY,N
8261,N_2,N4ISRAELHAND,N
8261,N_2,N5LOYALTY,N
8261,N_2,N6IDENTITYDENY,N
8261,N_2,N7COLLECTIVEGUILT,N
8261,N_2,N8VIOLENCE,N
8261,N_2,N9INCITEMENT,N
8261,N_2,N10SELFDETERMINATION,N
8261,N_2,N11JEWISHRIGHTSDEFINE,N
8261,N_2,N11SELFDETERMINATION,N
8261,N_2,N11JEWISHRIGHTS,N
8261,N_2,N12DOUBLESTANDARD,N
48310,N_2,N2CONSPIRACY,N
48310,N_2,N2CONTROLMEDIA,N
48310,N_2,N2CONTROLECONOMY,N
48310,N_2,N2CONTROLGOV,N
48310,N_2,N2CONTROLOTHER,N
48310,N_2,N3COLLECTIVEBLAME,N
48310,N_2,N4HIDDENCONSPIRACY,N
48310,N_2,N4ISRAELHAND,N
48310,N_2,N5LOYALTY,N
48310,N_2,N6IDENTITYDENY,N
48310,N_2,N7COLLECTIVEGUILT,N
48310,N_2,N8VIOLENCE,N
48310,N_2,N9INCITEMENT,N
48310,N_2,N10SELFDETERMINATION,N
48310,N_2,N11JEWISHRIGHTSDEFINE,N
48310,N_2,N11SELFDETERMINATION,N
48310,N_2,N11JEWISHRIGHTS,N
48310,N_2,N12DOUBLESTANDARD,N
17969,N_2,N2CONSPIRACY,N
17969,N_2,N2CONTROLMEDIA,N
17969,N_2,N2CONTROLECONOMY,N
17969,N_2,N2CONTROLGOV,N
17969,N_2,N2CONTROLOTHER,N
17969,N_2,N3COLLECTIVEBLAME,N
17969,N_2,N4HIDDENCONSPIRACY,N
17969,N_2,N4ISRAELHAND,N
17969,N_2,N5LOYALTY,N
17969,N_2,N6IDENTITYDENY,N
17969,N_2,N7COLLECTIVEGUILT,N
17969,N_2,N8VIOLENCE,N
17969,N_2,N9INCITEMENT,N
17969,N_2,N10SELFDETERMINATION,N
17969,N_2,N11JEWISHRIGHTSDEFINE,N
17969,N_2,N11SELFDETERMINATION,N
17969,N_2,N11JEWISHRIGHTS,N
17969,N_2,N12DOUBLESTANDARD,N
47823,N_2,N2CONSPIRACY,N
47823,N_2,N2CONTROLMEDIA,N
47823,N_2,N2CONTROLECONOMY,N
47823,N_2,N2CONTROLGOV,N
47823,N_2,N2CONTROLOTHER,N
47823,N_2,N3COLLECTIVEBLAME,N
47823,N_2,N4HIDDENCONSPIRACY,N
47823,N_2,N4ISRAELHAND,N
47823,N_2,N5LOYALTY,N
47823,N_2,N6IDENTITYDENY,N
47823,N_2,N7COLLECTIVEGUILT,N
47823,N_2,N8VIOLENCE,N
47823,N_2,N9INCITEMENT,N
47823,N_2,N10SELFDETERMINATION,N
47823,N_2,N11JEWISHRIGHTSDEFINE,N
47823,N_2,N11SELFDETERMINATION,N
47823,N_2,N11JEWISHRIGHTS,N
47823,N_2,N12DOUBLESTANDARD,N
34706,N_2,N2CONSPIRACY,N
34706,N_2,N2CONTROLMEDIA,N
34706,N_2,N2CONTROLECONOMY,N
34706,N_2,N2CONTROLGOV,N
34706,N_2,N2CONTROLOTHER,N
34706,N_2,N3COLLECTIVEBLAME,N
34706,N_2,N4HIDDENCONSPIRACY,N
34706,N_2,N4ISRAELHAND,N
34706,N_2,N5LOYALTY,N
34706,N_2,N6IDENTITYDENY,N
34706,N_2,N7COLLECTIVEGUILT,N
34706,N_2,N8VIOLENCE,N
34706,N_2,N9INCITEMENT,N
34706,N_2,N10SELFDETERMINATION,N
34706,N_2,N11JEWISHRIGHTSDEFINE,N
34706,N_2,N11SELFDETERMINATION,N
34706,N_2,N11JEWISHRIGHTS,N
34706,N_2,N12DOUBLESTANDARD,N
38784,N_2,N2CONSPIRACY,N
38784,N_2,N2CONTROLMEDIA,N
38784,N_2,N2CONTROLECONOMY,N
38784,N_2,N2CONTROLGOV,N
38784,N_2,N2CONTROLOTHER,N
38784,N_2,N3COLLECTIVEBLAME,N
38784,N_2,N4HIDDENCONSPIRACY,N
38784,N_2,N4ISRAELHAND,N
38784,N_2,N5LOYALTY,N
38784,N_2,N6IDENTITYDENY,N
38784,N_2,N7COLLECTIVEGUILT,N
38784,N_2,N8VIOLENCE,N
38784,N_2,N9INCITEMENT,N
38784,N_2,N10SELFDETERMINATION,N
38784,N_2,N11JEWISHRIGHTSDEFINE,N
38784,N_2,N11SELFDETERMINATION,N
38784,N_2,N11JEWISHRIGHTS,N
38784,N_2,N12DOUBLESTANDARD,N
18509,N_2,N2CONSPIRACY,N
18509,N_2,N2CONTROLMEDIA,N
18509,N_2,N2CONTROLECONOMY,N
18509,N_2,N2CONTROLGOV,N
18509,N_2,N2CONTROLOTHER,N
18509,N_2,N3COLLECTIVEBLAME,N
18509,N_2,N4HIDDENCONSPIRACY,N
18509,N_2,N4ISRAELHAND,N
18509,N_2,N5LOYALTY,N
18509,N_2,N6IDENTITYDENY,N
18509,N_2,N7COLLECTIVEGUILT,N
18509,N_2,N8VIOLENCE,N
18509,N_2,N9INCITEMENT,N
18509,N_2,N10SELFDETERMINATION,N
18509,N_2,N11JEWISHRIGHTSDEFINE,N
18509,N_2,N11SELFDETERMINATION,N
18509,N_2,N11JEWISHRIGHTS,N
18509,N_2,N12DOUBLESTANDARD,N
45811,N_2,PARSE_ERROR,Expecting value: line 1 column 1 (char 0)
45741,N_2,N2CONSPIRACY,N
45741,N_2,N2CONTROLMEDIA,N
45741,N_2,N2CONTROLECONOMY,N
45741,N_2,N2CONTROLGOV,N
45741,N_2,N2CONTROLOTHER,N
45741,N_2,N3COLLECTIVEBLAME,N
45741,N_2,N4HIDDENCONSPIRACY,N
45741,N_2,N4ISRAELHAND,N
45741,N_2,N5LOYALTY,N
45741,N_2,N6IDENTITYDENY,I
45741,N_2,N7COLLECTIVEGUILT,N
45741,N_2,N8VIOLENCE,N
45741,N_2,N9INCITEMENT,N
45741,N_2,N10SELFDETERMINATION,N
45741,N_2,N11JEWISHRIGHTSDEFINE,N
45741,N_2,N11SELFDETERMINATION,N
45741,N_2,N11JEWISHRIGHTS,N
45741,N_2,N12DOUBLESTANDARD,N
18722,N_2,N2CONSPIRACY,N
18722,N_2,N2CONTROLMEDIA,N
18722,N_2,N2CONTROLECONOMY,N
18722,N_2,N2CONTROLGOV,N
18722,N_2,N2CONTROLOTHER,N
18722,N_2,N3COLLECTIVEBLAME,N
18722,N_2,N4HIDDENCONSPIRACY,N
18722,N_2,N4ISRAELHAND,N
18722,N_2,N5LOYALTY,N
18722,N_2,N6IDENTITYDENY,N
18722,N_2,N7COLLECTIVEGUILT,N
18722,N_2,N8VIOLENCE,N
18722,N_2,N9INCITEMENT,N
18722,N_2,N10SELFDETERMINATION,N
18722,N_2,N11JEWISHRIGHTSDEFINE,N
18722,N_2,N11SELFDETERMINATION,N
18722,N_2,N11JEWISHRIGHTS,N
18722,N_2,N12DOUBLESTANDARD,N
28143,N_2,N2CONSPIRACY,N
28143,N_2,N2CONTROLMEDIA,N
28143,N_2,N2CONTROLECONOMY,N
28143,N_2,N2CONTROLGOV,N
28143,N_2,N2CONTROLOTHER,N
28143,N_2,N3COLLECTIVEBLAME,N
28143,N_2,N4HIDDENCONSPIRACY,N
28143,N_2,N4ISRAELHAND,N
28143,N_2,N5LOYALTY,N
28143,N_2,N6IDENTITYDENY,N
28143,N_2,N7COLLECTIVEGUILT,N
28143,N_2,N8VIOLENCE,N
28143,N_2,N9INCITEMENT,N
28143,N_2,N10SELFDETERMINATION,N
28143,N_2,N11JEWISHRIGHTSDEFINE,N
28143,N_2,N11SELFDETERMINATION,N
28143,N_2,N11JEWISHRIGHTS,N
28143,N_2,N12DOUBLESTANDARD,N
29254,N_2,N2CONSPIRACY,N
29254,N_2,N2CONTROLMEDIA,N
29254,N_2,N2CONTROLECONOMY,N
29254,N_2,N2CONTROLGOV,N
29254,N_2,N2CONTROLOTHER,N
29254,N_2,N3COLLECTIVEBLAME,N
29254,N_2,N4HIDDENCONSPIRACY,N
29254,N_2,N4ISRAELHAND,N
29254,N_2,N5LOYALTY,N
29254,N_2,N6IDENTITYDENY,N
29254,N_2,N7COLLECTIVEGUILT,N
29254,N_2,N8VIOLENCE,N
29254,N_2,N9INCITEMENT,N
29254,N_2,N10SELFDETERMINATION,N
29254,N_2,N11JEWISHRIGHTSDEFINE,N
29254,N_2,N11SELFDETERMINATION,N
29254,N_2,N11JEWISHRIGHTS,N
29254,N_2,N12DOUBLESTANDARD,N
40991,N_2,N2CONSPIRACY,N
40991,N_2,N2CONTROLMEDIA,N
40991,N_2,N2CONTROLECONOMY,N
40991,N_2,N2CONTROLGOV,N
40991,N_2,N2CONTROLOTHER,N
40991,N_2,N3COLLECTIVEBLAME,N
40991,N_2,N4HIDDENCONSPIRACY,N
40991,N_2,N4ISRAELHAND,N
40991,N_2,N5LOYALTY,N
40991,N_2,N6IDENTITYDENY,N
40991,N_2,N7COLLECTIVEGUILT,N
40991,N_2,N8VIOLENCE,N
40991,N_2,N9INCITEMENT,N
40991,N_2,N10SELFDETERMINATION,N
40991,N_2,N11JEWISHRIGHTSDEFINE,N
40991,N_2,N11SELFDETERMINATION,N
40991,N_2,N11JEWISHRIGHTS,N
40991,N_2,N12DOUBLESTANDARD,N
48952,N_2,N2CONSPIRACY,N
48952,N_2,N2CONTROLMEDIA,N
48952,N_2,N2CONTROLECONOMY,N
48952,N_2,N2CONTROLGOV,N
48952,N_2,N2CONTROLOTHER,N
48952,N_2,N3COLLECTIVEBLAME,N
48952,N_2,N4HIDDENCONSPIRACY,N
48952,N_2,N4ISRAELHAND,N
48952,N_2,N5LOYALTY,N
48952,N_2,N6IDENTITYDENY,E
48952,N_2,N7COLLECTIVEGUILT,N
48952,N_2,N8VIOLENCE,N
48952,N_2,N9INCITEMENT,I
48952,N_2,N10SELFDETERMINATION,N
48952,N_2,N11JEWISHRIGHTSDEFINE,N
48952,N_2,N11SELFDETERMINATION,N
48952,N_2,N11JEWISHRIGHTS,N
48952,N_2,N12DOUBLESTANDARD,N
45,N_2,N2CONSPIRACY,N
45,N_2,N2CONTROLMEDIA,N
45,N_2,N2CONTROLECONOMY,N
45,N_2,N2CONTROLGOV,N
45,N_2,N2CONTROLOTHER,N
45,N_2,N3COLLECTIVEBLAME,N
45,N_2,N4HIDDENCONSPIRACY,N
45,N_2,N4ISRAELHAND,N
45,N_2,N5LOYALTY,N
45,N_2,N6IDENTITYDENY,N
45,N_2,N7COLLECTIVEGUILT,N
45,N_2,N8VIOLENCE,N
45,N_2,N9INCITEMENT,N
45,N_2,N10SELFDETERMINATION,N
45,N_2,N11JEWISHRIGHTSDEFINE,N
45,N_2,N11SELFDETERMINATION,N
45,N_2,N11JEWISHRIGHTS,N
45,N_2,N12DOUBLESTANDARD,N
24687,N_2,N2CONSPIRACY,N
24687,N_2,N2CONTROLMEDIA,N
24687,N_2,N2CONTROLECONOMY,N
24687,N_2,N2CONTROLGOV,N
24687,N_2,N2CONTROLOTHER,N
24687,N_2,N3COLLECTIVEBLAME,N
24687,N_2,N4HIDDENCONSPIRACY,N
24687,N_2,N4ISRAELHAND,N
24687,N_2,N5LOYALTY,N
24687,N_2,N6IDENTITYDENY,N
24687,N_2,N7COLLECTIVEGUILT,N
24687,N_2,N8VIOLENCE,N
24687,N_2,N9INCITEMENT,N
24687,N_2,N10SELFDETERMINATION,N
24687,N_2,N11JEWISHRIGHTSDEFINE,N
24687,N_2,N11SELFDETERMINATION,N
24687,N_2,N11JEWISHRIGHTS,N
24687,N_2,N12DOUBLESTANDARD,N
15447,N_2,N2CONSPIRACY,N
15447,N_2,N2CONTROLMEDIA,N
15447,N_2,N2CONTROLECONOMY,N
15447,N_2,N2CONTROLGOV,N
15447,N_2,N2CONTROLOTHER,N
15447,N_2,N3COLLECTIVEBLAME,N
15447,N_2,N4HIDDENCONSPIRACY,N
15447,N_2,N4ISRAELHAND,N
15447,N_2,N5LOYALTY,N
15447,N_2,N6IDENTITYDENY,N
15447,N_2,N7COLLECTIVEGUILT,N
15447,N_2,N8VIOLENCE,N
15447,N_2,N9INCITEMENT,N
15447,N_2,N10SELFDETERMINATION,N
15447,N_2,N11JEWISHRIGHTSDEFINE,N
15447,N_2,N11SELFDETERMINATION,N
15447,N_2,N11JEWISHRIGHTS,N
15447,N_2,N12DOUBLESTANDARD,N
5779,N_2,N2CONSPIRACY,N
5779,N_2,N2CONTROLMEDIA,N
5779,N_2,N2CONTROLECONOMY,N
5779,N_2,N2CONTROLGOV,N
5779,N_2,N2CONTROLOTHER,N
5779,N_2,N3COLLECTIVEBLAME,N
5779,N_2,N4HIDDENCONSPIRACY,N
5779,N_2,N4ISRAELHAND,N
5779,N_2,N5LOYALTY,N
5779,N_2,N6IDENTITYDENY,N
5779,N_2,N7COLLECTIVEGUILT,N
5779,N_2,N8VIOLENCE,N
5779,N_2,N9INCITEMENT,N
5779,N_2,N10SELFDETERMINATION,N
5779,N_2,N11JEWISHRIGHTSDEFINE,N
5779,N_2,N11SELFDETERMINATION,N
5779,N_2,N11JEWISHRIGHTS,N
5779,N_2,N12DOUBLESTANDARD,N
43839,N_2,N2CONSPIRACY,N
43839,N_2,N2CONTROLMEDIA,N
43839,N_2,N2CONTROLECONOMY,N
43839,N_2,N2CONTROLGOV,N
43839,N_2,N2CONTROLOTHER,N
43839,N_2,N3COLLECTIVEBLAME,N
43839,N_2,N4HIDDENCONSPIRACY,N
43839,N_2,N4ISRAELHAND,N
43839,N_2,N5LOYALTY,N
43839,N_2,N6IDENTITYDENY,N
43839,N_2,N7COLLECTIVEGUILT,N
43839,N_2,N8VIOLENCE,N
43839,N_2,N9INCITEMENT,N
43839,N_2,N10SELFDETERMINATION,N
43839,N_2,N11JEWISHRIGHTSDEFINE,N
43839,N_2,N11SELFDETERMINATION,N
43839,N_2,N11JEWISHRIGHTS,N
43839,N_2,N12DOUBLESTANDARD,N
47998,N_2,N2CONSPIRACY,N
47998,N_2,N2CONTROLMEDIA,N
47998,N_2,N2CONTROLECONOMY,N
47998,N_2,N2CONTROLGOV,N
47998,N_2,N2CONTROLOTHER,N
47998,N_2,N3COLLECTIVEBLAME,N
47998,N_2,N4HIDDENCONSPIRACY,N
47998,N_2,N4ISRAELHAND,N
47998,N_2,N5LOYALTY,N
47998,N_2,N6IDENTITYDENY,N
47998,N_2,N7COLLECTIVEGUILT,N
47998,N_2,N8VIOLENCE,N
47998,N_2,N9INCITEMENT,N
47998,N_2,N10SELFDETERMINATION,N
47998,N_2,N11JEWISHRIGHTSDEFINE,N
47998,N_2,N11SELFDETERMINATION,N
47998,N_2,N11JEWISHRIGHTS,N
47998,N_2,N12DOUBLESTANDARD,N
37781,N_2,N2CONSPIRACY,N
37781,N_2,N2CONTROLMEDIA,N
37781,N_2,N2CONTROLECONOMY,N
37781,N_2,N2CONTROLGOV,N
37781,N_2,N2CONTROLOTHER,N
37781,N_2,N3COLLECTIVEBLAME,N
37781,N_2,N4HIDDENCONSPIRACY,N
37781,N_2,N4ISRAELHAND,N
37781,N_2,N5LOYALTY,N
37781,N_2,N6IDENTITYDENY,N
37781,N_2,N7COLLECTIVEGUILT,N
37781,N_2,N8VIOLENCE,N
37781,N_2,N9INCITEMENT,N
37781,N_2,N10SELFDETERMINATION,N
37781,N_2,N11JEWISHRIGHTSDEFINE,N
37781,N_2,N11SELFDETERMINATION,N
37781,N_2,N11JEWISHRIGHTS,N
37781,N_2,N12DOUBLESTANDARD,N
19452,N_2,N2CONSPIRACY,N
19452,N_2,N2CONTROLMEDIA,N
19452,N_2,N2CONTROLECONOMY,N
19452,N_2,N2CONTROLGOV,N
19452,N_2,N2CONTROLOTHER,N
19452,N_2,N3COLLECTIVEBLAME,N
19452,N_2,N4HIDDENCONSPIRACY,N
19452,N_2,N4ISRAELHAND,N
19452,N_2,N5LOYALTY,N
19452,N_2,N6IDENTITYDENY,N
19452,N_2,N7COLLECTIVEGUILT,N
19452,N_2,N8VIOLENCE,N
19452,N_2,N9INCITEMENT,N
19452,N_2,N10SELFDETERMINATION,N
19452,N_2,N11JEWISHRIGHTSDEFINE,N
19452,N_2,N11SELFDETERMINATION,N
19452,N_2,N11JEWISHRIGHTS,N
19452,N_2,N12DOUBLESTANDARD,N
692,N_2,N2CONSPIRACY,N
692,N_2,N2CONTROLMEDIA,N
692,N_2,N2CONTROLECONOMY,N
692,N_2,N2CONTROLGOV,N
692,N_2,N2CONTROLOTHER,N
692,N_2,N3COLLECTIVEBLAME,I
692,N_2,N4HIDDENCONSPIRACY,N
692,N_2,N4ISRAELHAND,N
692,N_2,N5LOYALTY,N
692,N_2,N6IDENTITYDENY,N
692,N_2,N7COLLECTIVEGUILT,I
692,N_2,N8VIOLENCE,N
692,N_2,N9INCITEMENT,I
692,N_2,N10SELFDETERMINATION,N
692,N_2,N11JEWISHRIGHTSDEFINE,N
692,N_2,N11SELFDETERMINATION,N
692,N_2,N11JEWISHRIGHTS,N
692,N_2,N12DOUBLESTANDARD,N
638,N_2,N2CONSPIRACY,N
638,N_2,N2CONTROLMEDIA,N
638,N_2,N2CONTROLECONOMY,N
638,N_2,N2CONTROLGOV,N
638,N_2,N2CONTROLOTHER,N
638,N_2,N3COLLECTIVEBLAME,N
638,N_2,N4HIDDENCONSPIRACY,N
638,N_2,N4ISRAELHAND,N
638,N_2,N5LOYALTY,N
638,N_2,N6IDENTITYDENY,N
638,N_2,N7COLLECTIVEGUILT,N
638,N_2,N8VIOLENCE,N
638,N_2,N9INCITEMENT,N
638,N_2,N10SELFDETERMINATION,N
638,N_2,N11JEWISHRIGHTSDEFINE,N
638,N_2,N11SELFDETERMINATION,N
638,N_2,N11JEWISHRIGHTS,N
638,N_2,N12DOUBLESTANDARD,N
10768,N_2,N2CONSPIRACY,N
10768,N_2,N2CONTROLMEDIA,N
10768,N_2,N2CONTROLECONOMY,N
10768,N_2,N2CONTROLGOV,N
10768,N_2,N2CONTROLOTHER,N
10768,N_2,N3COLLECTIVEBLAME,N
10768,N_2,N4HIDDENCONSPIRACY,N
10768,N_2,N4ISRAELHAND,N
10768,N_2,N5LOYALTY,N
10768,N_2,N6IDENTITYDENY,N
10768,N_2,N7COLLECTIVEGUILT,N
10768,N_2,N8VIOLENCE,N
10768,N_2,N9INCITEMENT,N
10768,N_2,N10SELFDETERMINATION,N
10768,N_2,N11JEWISHRIGHTSDEFINE,N
10768,N_2,N11SELFDETERMINATION,N
10768,N_2,N11JEWISHRIGHTS,N
10768,N_2,N12DOUBLESTANDARD,N
25348,N_2,N2CONSPIRACY,N
25348,N_2,N2CONTROLMEDIA,N
25348,N_2,N2CONTROLECONOMY,N
25348,N_2,N2CONTROLGOV,N
25348,N_2,N2CONTROLOTHER,N
25348,N_2,N3COLLECTIVEBLAME,N
25348,N_2,N4HIDDENCONSPIRACY,N
25348,N_2,N4ISRAELHAND,N
25348,N_2,N5LOYALTY,N
25348,N_2,N6IDENTITYDENY,N
25348,N_2,N7COLLECTIVEGUILT,N
25348,N_2,N8VIOLENCE,N
25348,N_2,N9INCITEMENT,N
25348,N_2,N10SELFDETERMINATION,N
25348,N_2,N11JEWISHRIGHTSDEFINE,N
25348,N_2,N11SELFDETERMINATION,N
25348,N_2,N11JEWISHRIGHTS,N
25348,N_2,N12DOUBLESTANDARD,N
42757,N_2,N2CONSPIRACY,N
42757,N_2,N2CONTROLMEDIA,N
42757,N_2,N2CONTROLECONOMY,N
42757,N_2,N2CONTROLGOV,N
42757,N_2,N2CONTROLOTHER,N
42757,N_2,N3COLLECTIVEBLAME,N
42757,N_2,N4HIDDENCONSPIRACY,N
42757,N_2,N4ISRAELHAND,N
42757,N_2,N5LOYALTY,N
42757,N_2,N6IDENTITYDENY,N
42757,N_2,N7COLLECTIVEGUILT,N
42757,N_2,N8VIOLENCE,N
42757,N_2,N9INCITEMENT,N
42757,N_2,N10SELFDETERMINATION,N
42757,N_2,N11JEWISHRIGHTSDEFINE,N
42757,N_2,N11SELFDETERMINATION,N
42757,N_2,N11JEWISHRIGHTS,N
42757,N_2,N12DOUBLESTANDARD,N
47844,N_2,N2CONSPIRACY,N
47844,N_2,N2CONTROLMEDIA,N
47844,N_2,N2CONTROLECONOMY,N
47844,N_2,N2CONTROLGOV,N
47844,N_2,N2CONTROLOTHER,N
47844,N_2,N3COLLECTIVEBLAME,N
47844,N_2,N4HIDDENCONSPIRACY,N
47844,N_2,N4ISRAELHAND,N
47844,N_2,N5LOYALTY,N
47844,N_2,N6IDENTITYDENY,N
47844,N_2,N7COLLECTIVEGUILT,I
47844,N_2,N8VIOLENCE,N
47844,N_2,N9INCITEMENT,I
47844,N_2,N10SELFDETERMINATION,N
47844,N_2,N11JEWISHRIGHTSDEFINE,N
47844,N_2,N11SELFDETERMINATION,N
47844,N_2,N11JEWISHRIGHTS,N
47844,N_2,N12DOUBLESTANDARD,N
43754,N_2,N2CONSPIRACY,N
43754,N_2,N2CONTROLMEDIA,N
43754,N_2,N2CONTROLECONOMY,N
43754,N_2,N2CONTROLGOV,N
43754,N_2,N2CONTROLOTHER,N
43754,N_2,N3COLLECTIVEBLAME,N
43754,N_2,N4HIDDENCONSPIRACY,N
43754,N_2,N4ISRAELHAND,N
43754,N_2,N5LOYALTY,N
43754,N_2,N6IDENTITYDENY,N
43754,N_2,N7COLLECTIVEGUILT,N
43754,N_2,N8VIOLENCE,N
43754,N_2,N9INCITEMENT,N
43754,N_2,N10SELFDETERMINATION,N
43754,N_2,N11JEWISHRIGHTSDEFINE,N
43754,N_2,N11SELFDETERMINATION,N
43754,N_2,N11JEWISHRIGHTS,N
43754,N_2,N12DOUBLESTANDARD,N
45387,N_2,N2CONSPIRACY,N
45387,N_2,N2CONTROLMEDIA,N
45387,N_2,N2CONTROLECONOMY,N
45387,N_2,N2CONTROLGOV,N
45387,N_2,N2CONTROLOTHER,N
45387,N_2,N3COLLECTIVEBLAME,N
45387,N_2,N4HIDDENCONSPIRACY,N
45387,N_2,N4ISRAELHAND,N
45387,N_2,N5LOYALTY,N
45387,N_2,N6IDENTITYDENY,N
45387,N_2,N7COLLECTIVEGUILT,N
45387,N_2,N8VIOLENCE,N
45387,N_2,N9INCITEMENT,N
45387,N_2,N10SELFDETERMINATION,N
45387,N_2,N11JEWISHRIGHTSDEFINE,N
45387,N_2,N11SELFDETERMINATION,N
45387,N_2,N11JEWISHRIGHTS,N
45387,N_2,N12DOUBLESTANDARD,N
35282,N_2,N2CONSPIRACY,N
35282,N_2,N2CONTROLMEDIA,N
35282,N_2,N2CONTROLECONOMY,N
35282,N_2,N2CONTROLGOV,N
35282,N_2,N2CONTROLOTHER,N
35282,N_2,N3COLLECTIVEBLAME,N
35282,N_2,N4HIDDENCONSPIRACY,N
35282,N_2,N4ISRAELHAND,N
35282,N_2,N5LOYALTY,N
35282,N_2,N6IDENTITYDENY,N
35282,N_2,N7COLLECTIVEGUILT,N
35282,N_2,N8VIOLENCE,N
35282,N_2,N9INCITEMENT,N
35282,N_2,N10SELFDETERMINATION,N
35282,N_2,N11JEWISHRIGHTSDEFINE,N
35282,N_2,N11SELFDETERMINATION,N
35282,N_2,N11JEWISHRIGHTS,N
35282,N_2,N12DOUBLESTANDARD,N
4359,N_2,N2CONSPIRACY,A
4359,N_2,N2CONTROLMEDIA,N
4359,N_2,N2CONTROLECONOMY,N
4359,N_2,N2CONTROLGOV,N
4359,N_2,N2CONTROLOTHER,N
4359,N_2,N3COLLECTIVEBLAME,N
4359,N_2,N4HIDDENCONSPIRACY,A
4359,N_2,N4ISRAELHAND,N
4359,N_2,N5LOYALTY,N
4359,N_2,N6IDENTITYDENY,N
4359,N_2,N7COLLECTIVEGUILT,N
4359,N_2,N8VIOLENCE,N
4359,N_2,N9INCITEMENT,N
4359,N_2,N10SELFDETERMINATION,N
4359,N_2,N11JEWISHRIGHTSDEFINE,N
4359,N_2,N11SELFDETERMINATION,N
4359,N_2,N11JEWISHRIGHTS,N
4359,N_2,N12DOUBLESTANDARD,N
28983,N_2,N2CONSPIRACY,N
28983,N_2,N2CONTROLMEDIA,N
28983,N_2,N2CONTROLECONOMY,N
28983,N_2,N2CONTROLGOV,N
28983,N_2,N2CONTROLOTHER,N
28983,N_2,N3COLLECTIVEBLAME,N
28983,N_2,N4HIDDENCONSPIRACY,N
28983,N_2,N4ISRAELHAND,N
28983,N_2,N5LOYALTY,N
28983,N_2,N6IDENTITYDENY,N
28983,N_2,N7COLLECTIVEGUILT,N
28983,N_2,N8VIOLENCE,N
28983,N_2,N9INCITEMENT,N
28983,N_2,N10SELFDETERMINATION,N
28983,N_2,N11JEWISHRIGHTSDEFINE,N
28983,N_2,N11SELFDETERMINATION,N
28983,N_2,N11JEWISHRIGHTS,N
28983,N_2,N12DOUBLESTANDARD,N
47928,N_2,N2CONSPIRACY,N
47928,N_2,N2CONTROLMEDIA,N
47928,N_2,N2CONTROLECONOMY,N
47928,N_2,N2CONTROLGOV,N
47928,N_2,N2CONTROLOTHER,N
47928,N_2,N3COLLECTIVEBLAME,N
47928,N_2,N4HIDDENCONSPIRACY,N
47928,N_2,N4ISRAELHAND,N
47928,N_2,N5LOYALTY,N
47928,N_2,N6IDENTITYDENY,N
47928,N_2,N7COLLECTIVEGUILT,N
47928,N_2,N8VIOLENCE,N
47928,N_2,N9INCITEMENT,N
47928,N_2,N10SELFDETERMINATION,N
47928,N_2,N11JEWISHRIGHTSDEFINE,N
47928,N_2,N11SELFDETERMINATION,N
47928,N_2,N11JEWISHRIGHTS,N
47928,N_2,N12DOUBLESTANDARD,N
44553,N_2,N2CONSPIRACY,N
44553,N_2,N2CONTROLMEDIA,N
44553,N_2,N2CONTROLECONOMY,N
44553,N_2,N2CONTROLGOV,N
44553,N_2,N2CONTROLOTHER,N
44553,N_2,N3COLLECTIVEBLAME,N
44553,N_2,N4HIDDENCONSPIRACY,N
44553,N_2,N4ISRAELHAND,N
44553,N_2,N5LOYALTY,N
44553,N_2,N6IDENTITYDENY,N
44553,N_2,N7COLLECTIVEGUILT,N
44553,N_2,N8VIOLENCE,N
44553,N_2,N9INCITEMENT,N
44553,N_2,N10SELFDETERMINATION,N
44553,N_2,N11JEWISHRIGHTSDEFINE,N
44553,N_2,N11SELFDETERMINATION,N
44553,N_2,N11JEWISHRIGHTS,N
44553,N_2,N12DOUBLESTANDARD,N
34618,N_2,N2CONSPIRACY,N
34618,N_2,N2CONTROLMEDIA,N
34618,N_2,N2CONTROLECONOMY,N
34618,N_2,N2CONTROLGOV,N
34618,N_2,N2CONTROLOTHER,N
34618,N_2,N3COLLECTIVEBLAME,N
34618,N_2,N4HIDDENCONSPIRACY,N
34618,N_2,N4ISRAELHAND,N
34618,N_2,N5LOYALTY,N
34618,N_2,N6IDENTITYDENY,N
34618,N_2,N7COLLECTIVEGUILT,N
34618,N_2,N8VIOLENCE,N
34618,N_2,N9INCITEMENT,N
34618,N_2,N10SELFDETERMINATION,N
34618,N_2,N11JEWISHRIGHTSDEFINE,N
34618,N_2,N11SELFDETERMINATION,N
34618,N_2,N11JEWISHRIGHTS,N
34618,N_2,N12DOUBLESTANDARD,N
20067,N_2,N2CONSPIRACY,N
20067,N_2,N2CONTROLMEDIA,N
20067,N_2,N2CONTROLECONOMY,N
20067,N_2,N2CONTROLGOV,N
20067,N_2,N2CONTROLOTHER,N
20067,N_2,N3COLLECTIVEBLAME,N
20067,N_2,N4HIDDENCONSPIRACY,N
20067,N_2,N4ISRAELHAND,N
20067,N_2,N5LOYALTY,N
20067,N_2,N6IDENTITYDENY,N
20067,N_2,N7COLLECTIVEGUILT,N
20067,N_2,N8VIOLENCE,N
20067,N_2,N9INCITEMENT,N
20067,N_2,N10SELFDETERMINATION,N
20067,N_2,N11JEWISHRIGHTSDEFINE,N
20067,N_2,N11SELFDETERMINATION,N
20067,N_2,N11JEWISHRIGHTS,N
20067,N_2,N12DOUBLESTANDARD,N
29562,N_2,N2CONSPIRACY,A
29562,N_2,N2CONTROLMEDIA,N
29562,N_2,N2CONTROLECONOMY,N
29562,N_2,N2CONTROLGOV,N
29562,N_2,N2CONTROLOTHER,N
29562,N_2,N3COLLECTIVEBLAME,A
29562,N_2,N4HIDDENCONSPIRACY,A
29562,N_2,N4ISRAELHAND,N
29562,N_2,N5LOYALTY,N
29562,N_2,N6IDENTITYDENY,N
29562,N_2,N7COLLECTIVEGUILT,N
29562,N_2,N8VIOLENCE,N
29562,N_2,N9INCITEMENT,A
29562,N_2,N10SELFDETERMINATION,N
29562,N_2,N11JEWISHRIGHTSDEFINE,N
29562,N_2,N11SELFDETERMINATION,N
29562,N_2,N11JEWISHRIGHTS,N
29562,N_2,N12DOUBLESTANDARD,N
48062,N_2,N2CONSPIRACY,N
48062,N_2,N2CONTROLMEDIA,N
48062,N_2,N2CONTROLECONOMY,N
48062,N_2,N2CONTROLGOV,N
48062,N_2,N2CONTROLOTHER,N
48062,N_2,N3COLLECTIVEBLAME,I
48062,N_2,N4HIDDENCONSPIRACY,N
48062,N_2,N4ISRAELHAND,N
48062,N_2,N5LOYALTY,I
48062,N_2,N6IDENTITYDENY,N
48062,N_2,N7COLLECTIVEGUILT,N
48062,N_2,N8VIOLENCE,N
48062,N_2,N9INCITEMENT,N
48062,N_2,N10SELFDETERMINATION,N
48062,N_2,N11JEWISHRIGHTSDEFINE,N
48062,N_2,N11SELFDETERMINATION,N
48062,N_2,N11JEWISHRIGHTS,N
48062,N_2,N12DOUBLESTANDARD,N
9896,N_2,N2CONSPIRACY,N
9896,N_2,N2CONTROLMEDIA,N
9896,N_2,N2CONTROLECONOMY,N
9896,N_2,N2CONTROLGOV,N
9896,N_2,N2CONTROLOTHER,N
9896,N_2,N3COLLECTIVEBLAME,N
9896,N_2,N4HIDDENCONSPIRACY,N
9896,N_2,N4ISRAELHAND,N
9896,N_2,N5LOYALTY,N
9896,N_2,N6IDENTITYDENY,N
9896,N_2,N7COLLECTIVEGUILT,N
9896,N_2,N8VIOLENCE,N
9896,N_2,N9INCITEMENT,N
9896,N_2,N10SELFDETERMINATION,N
9896,N_2,N11JEWISHRIGHTSDEFINE,N
9896,N_2,N11SELFDETERMINATION,N
9896,N_2,N11JEWISHRIGHTS,N
9896,N_2,N12DOUBLESTANDARD,N
49482,N_2,N2CONSPIRACY,N
49482,N_2,N2CONTROLMEDIA,N
49482,N_2,N2CONTROLECONOMY,N
49482,N_2,N2CONTROLGOV,N
49482,N_2,N2CONTROLOTHER,N
49482,N_2,N3COLLECTIVEBLAME,N
49482,N_2,N4HIDDENCONSPIRACY,N
49482,N_2,N4ISRAELHAND,N
49482,N_2,N5LOYALTY,N
49482,N_2,N6IDENTITYDENY,N
49482,N_2,N7COLLECTIVEGUILT,N
49482,N_2,N8VIOLENCE,N
49482,N_2,N9INCITEMENT,N
49482,N_2,N10SELFDETERMINATION,N
49482,N_2,N11JEWISHRIGHTSDEFINE,N
49482,N_2,N11SELFDETERMINATION,N
49482,N_2,N11JEWISHRIGHTS,N
49482,N_2,N12DOUBLESTANDARD,N
20026,N_2,N2CONSPIRACY,N
20026,N_2,N2CONTROLMEDIA,N
20026,N_2,N2CONTROLECONOMY,N
20026,N_2,N2CONTROLGOV,N
20026,N_2,N2CONTROLOTHER,N
20026,N_2,N3COLLECTIVEBLAME,N
20026,N_2,N4HIDDENCONSPIRACY,N
20026,N_2,N4ISRAELHAND,N
20026,N_2,N5LOYALTY,N
20026,N_2,N6IDENTITYDENY,N
20026,N_2,N7COLLECTIVEGUILT,N
20026,N_2,N8VIOLENCE,N
20026,N_2,N9INCITEMENT,N
20026,N_2,N10SELFDETERMINATION,N
20026,N_2,N11JEWISHRIGHTSDEFINE,N
20026,N_2,N11SELFDETERMINATION,N
20026,N_2,N11JEWISHRIGHTS,N
20026,N_2,N12DOUBLESTANDARD,N
1075,N_2,N2CONSPIRACY,A
1075,N_2,N2CONTROLMEDIA,A
1075,N_2,N2CONTROLECONOMY,N
1075,N_2,N2CONTROLGOV,N
1075,N_2,N2CONTROLOTHER,A
1075,N_2,N3COLLECTIVEBLAME,N
1075,N_2,N4HIDDENCONSPIRACY,A
1075,N_2,N4ISRAELHAND,N
1075,N_2,N5LOYALTY,N
1075,N_2,N6IDENTITYDENY,N
1075,N_2,N7COLLECTIVEGUILT,N
1075,N_2,N8VIOLENCE,N
1075,N_2,N9INCITEMENT,N
1075,N_2,N10SELFDETERMINATION,N
1075,N_2,N11JEWISHRIGHTSDEFINE,N
1075,N_2,N11SELFDETERMINATION,N
1075,N_2,N11JEWISHRIGHTS,N
1075,N_2,N12DOUBLESTANDARD,N
17466,N_2,N2CONSPIRACY,N
17466,N_2,N2CONTROLMEDIA,N
17466,N_2,N2CONTROLECONOMY,N
17466,N_2,N2CONTROLGOV,N
17466,N_2,N2CONTROLOTHER,N
17466,N_2,N3COLLECTIVEBLAME,N
17466,N_2,N4HIDDENCONSPIRACY,N
17466,N_2,N4ISRAELHAND,N
17466,N_2,N5LOYALTY,N
17466,N_2,N6IDENTITYDENY,N
17466,N_2,N7COLLECTIVEGUILT,N
17466,N_2,N8VIOLENCE,N
17466,N_2,N9INCITEMENT,N
17466,N_2,N10SELFDETERMINATION,N
17466,N_2,N11JEWISHRIGHTSDEFINE,N
17466,N_2,N11SELFDETERMINATION,N
17466,N_2,N11JEWISHRIGHTS,N
17466,N_2,N12DOUBLESTANDARD,N
22648,N_2,N2CONSPIRACY,N
22648,N_2,N2CONTROLMEDIA,N
22648,N_2,N2CONTROLECONOMY,N
22648,N_2,N2CONTROLGOV,N
22648,N_2,N2CONTROLOTHER,N
22648,N_2,N3COLLECTIVEBLAME,N
22648,N_2,N4HIDDENCONSPIRACY,N
22648,N_2,N4ISRAELHAND,N
22648,N_2,N5LOYALTY,N
22648,N_2,N6IDENTITYDENY,N
22648,N_2,N7COLLECTIVEGUILT,N
22648,N_2,N8VIOLENCE,N
22648,N_2,N9INCITEMENT,N
22648,N_2,N10SELFDETERMINATION,N
22648,N_2,N11JEWISHRIGHTSDEFINE,N
22648,N_2,N11SELFDETERMINATION,N
22648,N_2,N11JEWISHRIGHTS,N
22648,N_2,N12DOUBLESTANDARD,N
42503,N_2,N2CONSPIRACY,N
42503,N_2,N2CONTROLMEDIA,N
42503,N_2,N2CONTROLECONOMY,N
42503,N_2,N2CONTROLGOV,N
42503,N_2,N2CONTROLOTHER,N
42503,N_2,N3COLLECTIVEBLAME,N
42503,N_2,N4HIDDENCONSPIRACY,N
42503,N_2,N4ISRAELHAND,N
42503,N_2,N5LOYALTY,N
42503,N_2,N6IDENTITYDENY,N
42503,N_2,N7COLLECTIVEGUILT,N
42503,N_2,N8VIOLENCE,N
42503,N_2,N9INCITEMENT,N
42503,N_2,N10SELFDETERMINATION,N
42503,N_2,N11JEWISHRIGHTSDEFINE,N
42503,N_2,N11SELFDETERMINATION,N
42503,N_2,N11JEWISHRIGHTS,N
42503,N_2,N12DOUBLESTANDARD,N
23602,N_2,N2CONSPIRACY,N
23602,N_2,N2CONTROLMEDIA,N
23602,N_2,N2CONTROLECONOMY,N
23602,N_2,N2CONTROLGOV,N
23602,N_2,N2CONTROLOTHER,N
23602,N_2,N3COLLECTIVEBLAME,N
23602,N_2,N4HIDDENCONSPIRACY,N
23602,N_2,N4ISRAELHAND,N
23602,N_2,N5LOYALTY,N
23602,N_2,N6IDENTITYDENY,N
23602,N_2,N7COLLECTIVEGUILT,N
23602,N_2,N8VIOLENCE,N
23602,N_2,N9INCITEMENT,N
23602,N_2,N10SELFDETERMINATION,N
23602,N_2,N11JEWISHRIGHTSDEFINE,N
23602,N_2,N11SELFDETERMINATION,N
23602,N_2,N11JEWISHRIGHTS,N
23602,N_2,N12DOUBLESTANDARD,N
30344,N_2,N2CONSPIRACY,N
30344,N_2,N2CONTROLMEDIA,N
30344,N_2,N2CONTROLECONOMY,N
30344,N_2,N2CONTROLGOV,N
30344,N_2,N2CONTROLOTHER,N
30344,N_2,N3COLLECTIVEBLAME,N
30344,N_2,N4HIDDENCONSPIRACY,N
30344,N_2,N4ISRAELHAND,N
30344,N_2,N5LOYALTY,N
30344,N_2,N6IDENTITYDENY,N
30344,N_2,N7COLLECTIVEGUILT,N
30344,N_2,N8VIOLENCE,I
30344,N_2,N9INCITEMENT,I
30344,N_2,N10SELFDETERMINATION,N
30344,N_2,N11JEWISHRIGHTSDEFINE,N
30344,N_2,N11SELFDETERMINATION,N
30344,N_2,N11JEWISHRIGHTS,N
30344,N_2,N12DOUBLESTANDARD,N
48545,N_2,PARSE_ERROR,Expecting value: line 1 column 1 (char 0)
40212,N_2,N2CONSPIRACY,A
40212,N_2,N2CONTROLMEDIA,N
40212,N_2,N2CONTROLECONOMY,N
40212,N_2,N2CONTROLGOV,I
40212,N_2,N2CONTROLOTHER,N
40212,N_2,N3COLLECTIVEBLAME,N
40212,N_2,N4HIDDENCONSPIRACY,N
40212,N_2,N4ISRAELHAND,N
40212,N_2,N5LOYALTY,N
40212,N_2,N6IDENTITYDENY,N
40212,N_2,N7COLLECTIVEGUILT,N
40212,N_2,N8VIOLENCE,N
40212,N_2,N9INCITEMENT,N
40212,N_2,N10SELFDETERMINATION,N
40212,N_2,N11JEWISHRIGHTSDEFINE,N
40212,N_2,N11SELFDETERMINATION,N
40212,N_2,N11JEWISHRIGHTS,N
40212,N_2,N12DOUBLESTANDARD,N
29838,N_2,N2CONSPIRACY,N
29838,N_2,N2CONTROLMEDIA,N
29838,N_2,N2CONTROLECONOMY,N
29838,N_2,N2CONTROLGOV,N
29838,N_2,N2CONTROLOTHER,N
29838,N_2,N3COLLECTIVEBLAME,N
29838,N_2,N4HIDDENCONSPIRACY,N
29838,N_2,N4ISRAELHAND,N
29838,N_2,N5LOYALTY,N
29838,N_2,N6IDENTITYDENY,N
29838,N_2,N7COLLECTIVEGUILT,N
29838,N_2,N8VIOLENCE,N
29838,N_2,N9INCITEMENT,N
29838,N_2,N10SELFDETERMINATION,N
29838,N_2,N11JEWISHRIGHTSDEFINE,N
29838,N_2,N11SELFDETERMINATION,N
29838,N_2,N11JEWISHRIGHTS,N
29838,N_2,N12DOUBLESTANDARD,N
39792,N_2,N2CONSPIRACY,N
39792,N_2,N2CONTROLMEDIA,N
39792,N_2,N2CONTROLECONOMY,N
39792,N_2,N2CONTROLGOV,N
39792,N_2,N2CONTROLOTHER,N
39792,N_2,N3COLLECTIVEBLAME,N
39792,N_2,N4HIDDENCONSPIRACY,N
39792,N_2,N4ISRAELHAND,N
39792,N_2,N5LOYALTY,N
39792,N_2,N6IDENTITYDENY,N
39792,N_2,N7COLLECTIVEGUILT,N
39792,N_2,N8VIOLENCE,N
39792,N_2,N9INCITEMENT,N
39792,N_2,N10SELFDETERMINATION,N
39792,N_2,N11JEWISHRIGHTSDEFINE,N
39792,N_2,N11SELFDETERMINATION,N
39792,N_2,N11JEWISHRIGHTS,N
39792,N_2,N12DOUBLESTANDARD,N
3076,N_2,N2CONSPIRACY,N
3076,N_2,N2CONTROLMEDIA,N
3076,N_2,N2CONTROLECONOMY,N
3076,N_2,N2CONTROLGOV,N
3076,N_2,N2CONTROLOTHER,N
3076,N_2,N3COLLECTIVEBLAME,N
3076,N_2,N4HIDDENCONSPIRACY,N
3076,N_2,N4ISRAELHAND,N
3076,N_2,N5LOYALTY,N
3076,N_2,N6IDENTITYDENY,N
3076,N_2,N7COLLECTIVEGUILT,N
3076,N_2,N8VIOLENCE,N
3076,N_2,N9INCITEMENT,N
3076,N_2,N10SELFDETERMINATION,N
3076,N_2,N11JEWISHRIGHTSDEFINE,N
3076,N_2,N11SELFDETERMINATION,N
3076,N_2,N11JEWISHRIGHTS,N
3076,N_2,N12DOUBLESTANDARD,N
18839,N_2,N2CONSPIRACY,N
18839,N_2,N2CONTROLMEDIA,N
18839,N_2,N2CONTROLECONOMY,N
18839,N_2,N2CONTROLGOV,N
18839,N_2,N2CONTROLOTHER,N
18839,N_2,N3COLLECTIVEBLAME,N
18839,N_2,N4HIDDENCONSPIRACY,N
18839,N_2,N4ISRAELHAND,N
18839,N_2,N5LOYALTY,N
18839,N_2,N6IDENTITYDENY,N
18839,N_2,N7COLLECTIVEGUILT,N
18839,N_2,N8VIOLENCE,N
18839,N_2,N9INCITEMENT,N
18839,N_2,N10SELFDETERMINATION,N
18839,N_2,N11JEWISHRIGHTSDEFINE,N
18839,N_2,N11SELFDETERMINATION,N
18839,N_2,N11JEWISHRIGHTS,N
18839,N_2,N12DOUBLESTANDARD,N
995,N_2,N2CONSPIRACY,N
995,N_2,N2CONTROLMEDIA,N
995,N_2,N2CONTROLECONOMY,N
995,N_2,N2CONTROLGOV,N
995,N_2,N2CONTROLOTHER,N
995,N_2,N3COLLECTIVEBLAME,N
995,N_2,N4HIDDENCONSPIRACY,N
995,N_2,N4ISRAELHAND,N
995,N_2,N5LOYALTY,N
995,N_2,N6IDENTITYDENY,N
995,N_2,N7COLLECTIVEGUILT,N
995,N_2,N8VIOLENCE,N
995,N_2,N9INCITEMENT,N
995,N_2,N10SELFDETERMINATION,N
995,N_2,N11JEWISHRIGHTSDEFINE,N
995,N_2,N11SELFDETERMINATION,N
995,N_2,N11JEWISHRIGHTS,N
995,N_2,N12DOUBLESTANDARD,N
3405,N_2,N2CONSPIRACY,N
3405,N_2,N2CONTROLMEDIA,N
3405,N_2,N2CONTROLECONOMY,N
3405,N_2,N2CONTROLGOV,N
3405,N_2,N2CONTROLOTHER,N
3405,N_2,N3COLLECTIVEBLAME,N
3405,N_2,N4HIDDENCONSPIRACY,N
3405,N_2,N4ISRAELHAND,N
3405,N_2,N5LOYALTY,N
3405,N_2,N6IDENTITYDENY,N
3405,N_2,N7COLLECTIVEGUILT,N
3405,N_2,N8VIOLENCE,N
3405,N_2,N9INCITEMENT,N
3405,N_2,N10SELFDETERMINATION,N
3405,N_2,N11JEWISHRIGHTSDEFINE,N
3405,N_2,N11SELFDETERMINATION,N
3405,N_2,N11JEWISHRIGHTS,N
3405,N_2,N12DOUBLESTANDARD,N
41776,N_2,N2CONSPIRACY,N
41776,N_2,N2CONTROLMEDIA,N
41776,N_2,N2CONTROLECONOMY,N
41776,N_2,N2CONTROLGOV,N
41776,N_2,N2CONTROLOTHER,N
41776,N_2,N3COLLECTIVEBLAME,N
41776,N_2,N4HIDDENCONSPIRACY,N
41776,N_2,N4ISRAELHAND,N
41776,N_2,N5LOYALTY,N
41776,N_2,N6IDENTITYDENY,N
41776,N_2,N7COLLECTIVEGUILT,N
41776,N_2,N8VIOLENCE,N
41776,N_2,N9INCITEMENT,N
41776,N_2,N10SELFDETERMINATION,N
41776,N_2,N11JEWISHRIGHTSDEFINE,N
41776,N_2,N11SELFDETERMINATION,N
41776,N_2,N11JEWISHRIGHTS,N
41776,N_2,N12DOUBLESTANDARD,N
19403,N_2,N2CONSPIRACY,N
19403,N_2,N2CONTROLMEDIA,N
19403,N_2,N2CONTROLECONOMY,N
19403,N_2,N2CONTROLGOV,N
19403,N_2,N2CONTROLOTHER,N
19403,N_2,N3COLLECTIVEBLAME,N
19403,N_2,N4HIDDENCONSPIRACY,N
19403,N_2,N4ISRAELHAND,N
19403,N_2,N5LOYALTY,N
19403,N_2,N6IDENTITYDENY,N
19403,N_2,N7COLLECTIVEGUILT,N
19403,N_2,N8VIOLENCE,N
19403,N_2,N9INCITEMENT,N
19403,N_2,N10SELFDETERMINATION,N
19403,N_2,N11JEWISHRIGHTSDEFINE,N
19403,N_2,N11SELFDETERMINATION,N
19403,N_2,N11JEWISHRIGHTS,N
19403,N_2,N12DOUBLESTANDARD,N
41647,N_2,N2CONSPIRACY,N
41647,N_2,N2CONTROLMEDIA,N
41647,N_2,N2CONTROLECONOMY,N
41647,N_2,N2CONTROLGOV,N
41647,N_2,N2CONTROLOTHER,N
41647,N_2,N3COLLECTIVEBLAME,N
41647,N_2,N4HIDDENCONSPIRACY,N
41647,N_2,N4ISRAELHAND,N
41647,N_2,N5LOYALTY,N
41647,N_2,N6IDENTITYDENY,N
41647,N_2,N7COLLECTIVEGUILT,N
41647,N_2,N8VIOLENCE,N
41647,N_2,N9INCITEMENT,N
41647,N_2,N10SELFDETERMINATION,N
41647,N_2,N11JEWISHRIGHTSDEFINE,N
41647,N_2,N11SELFDETERMINATION,N
41647,N_2,N11JEWISHRIGHTS,N
41647,N_2,N12DOUBLESTANDARD,N
43727,N_2,N2CONSPIRACY,N
43727,N_2,N2CONTROLMEDIA,N
43727,N_2,N2CONTROLECONOMY,N
43727,N_2,N2CONTROLGOV,N
43727,N_2,N2CONTROLOTHER,N
43727,N_2,N3COLLECTIVEBLAME,N
43727,N_2,N4HIDDENCONSPIRACY,N
43727,N_2,N4ISRAELHAND,N
43727,N_2,N5LOYALTY,N
43727,N_2,N6IDENTITYDENY,N
43727,N_2,N7COLLECTIVEGUILT,N
43727,N_2,N8VIOLENCE,N
43727,N_2,N9INCITEMENT,N
43727,N_2,N10SELFDETERMINATION,N
43727,N_2,N11JEWISHRIGHTSDEFINE,N
43727,N_2,N11SELFDETERMINATION,N
43727,N_2,N11JEWISHRIGHTS,N
43727,N_2,N12DOUBLESTANDARD,N
12956,N_2,N2CONSPIRACY,N
12956,N_2,N2CONTROLMEDIA,N
12956,N_2,N2CONTROLECONOMY,N
12956,N_2,N2CONTROLGOV,N
12956,N_2,N2CONTROLOTHER,N
12956,N_2,N3COLLECTIVEBLAME,N
12956,N_2,N4HIDDENCONSPIRACY,N
12956,N_2,N4ISRAELHAND,N
12956,N_2,N5LOYALTY,N
12956,N_2,N6IDENTITYDENY,N
12956,N_2,N7COLLECTIVEGUILT,N
12956,N_2,N8VIOLENCE,N
12956,N_2,N9INCITEMENT,N
12956,N_2,N10SELFDETERMINATION,N
12956,N_2,N11JEWISHRIGHTSDEFINE,N
12956,N_2,N11SELFDETERMINATION,N
12956,N_2,N11JEWISHRIGHTS,N
12956,N_2,N12DOUBLESTANDARD,N
2935,N_2,N2CONSPIRACY,A
2935,N_2,N2CONTROLMEDIA,N
2935,N_2,N2CONTROLECONOMY,A
2935,N_2,N2CONTROLGOV,A
2935,N_2,N2CONTROLOTHER,A
2935,N_2,N3COLLECTIVEBLAME,N
2935,N_2,N4HIDDENCONSPIRACY,A
2935,N_2,N4ISRAELHAND,N
2935,N_2,N5LOYALTY,N
2935,N_2,N6IDENTITYDENY,N
2935,N_2,N7COLLECTIVEGUILT,N
2935,N_2,N8VIOLENCE,N
2935,N_2,N9INCITEMENT,N
2935,N_2,N10SELFDETERMINATION,N
2935,N_2,N11JEWISHRIGHTSDEFINE,N
2935,N_2,N11SELFDETERMINATION,N
2935,N_2,N11JEWISHRIGHTS,N
2935,N_2,N12DOUBLESTANDARD,N
44336,N_2,N2CONSPIRACY,N
44336,N_2,N2CONTROLMEDIA,N
44336,N_2,N2CONTROLECONOMY,N
44336,N_2,N2CONTROLGOV,N
44336,N_2,N2CONTROLOTHER,N
44336,N_2,N3COLLECTIVEBLAME,N
44336,N_2,N4HIDDENCONSPIRACY,N
44336,N_2,N4ISRAELHAND,N
44336,N_2,N5LOYALTY,N
44336,N_2,N6IDENTITYDENY,N
44336,N_2,N7COLLECTIVEGUILT,N
44336,N_2,N8VIOLENCE,N
44336,N_2,N9INCITEMENT,N
44336,N_2,N10SELFDETERMINATION,N
44336,N_2,N11JEWISHRIGHTSDEFINE,N
44336,N_2,N11SELFDETERMINATION,N
44336,N_2,N11JEWISHRIGHTS,N
44336,N_2,N12DOUBLESTANDARD,N
42123,N_2,N2CONSPIRACY,N
42123,N_2,N2CONTROLMEDIA,I
42123,N_2,N2CONTROLECONOMY,N
42123,N_2,N2CONTROLGOV,N
42123,N_2,N2CONTROLOTHER,I
42123,N_2,N3COLLECTIVEBLAME,N
42123,N_2,N4HIDDENCONSPIRACY,N
42123,N_2,N4ISRAELHAND,N
42123,N_2,N5LOYALTY,N
42123,N_2,N6IDENTITYDENY,N
42123,N_2,N7COLLECTIVEGUILT,N
42123,N_2,N8VIOLENCE,N
42123,N_2,N9INCITEMENT,N
42123,N_2,N10SELFDETERMINATION,N
42123,N_2,N11JEWISHRIGHTSDEFINE,N
42123,N_2,N11SELFDETERMINATION,N
42123,N_2,N11JEWISHRIGHTS,N
42123,N_2,N12DOUBLESTANDARD,N
4790,N_2,N2CONSPIRACY,N
4790,N_2,N2CONTROLMEDIA,N
4790,N_2,N2CONTROLECONOMY,N
4790,N_2,N2CONTROLGOV,N
4790,N_2,N2CONTROLOTHER,N
4790,N_2,N3COLLECTIVEBLAME,N
4790,N_2,N4HIDDENCONSPIRACY,N
4790,N_2,N4ISRAELHAND,N
4790,N_2,N5LOYALTY,N
4790,N_2,N6IDENTITYDENY,N
4790,N_2,N7COLLECTIVEGUILT,N
4790,N_2,N8VIOLENCE,N
4790,N_2,N9INCITEMENT,N
4790,N_2,N10SELFDETERMINATION,N
4790,N_2,N11JEWISHRIGHTSDEFINE,N
4790,N_2,N11SELFDETERMINATION,N
4790,N_2,N11JEWISHRIGHTS,N
4790,N_2,N12DOUBLESTANDARD,N
7885,N_2,N2CONSPIRACY,N
7885,N_2,N2CONTROLMEDIA,N
7885,N_2,N2CONTROLECONOMY,N
7885,N_2,N2CONTROLGOV,N
7885,N_2,N2CONTROLOTHER,N
7885,N_2,N3COLLECTIVEBLAME,N
7885,N_2,N4HIDDENCONSPIRACY,N
7885,N_2,N4ISRAELHAND,N
7885,N_2,N5LOYALTY,N
7885,N_2,N6IDENTITYDENY,N
7885,N_2,N7COLLECTIVEGUILT,N
7885,N_2,N8VIOLENCE,N
7885,N_2,N9INCITEMENT,N
7885,N_2,N10SELFDETERMINATION,N
7885,N_2,N11JEWISHRIGHTSDEFINE,N
7885,N_2,N11SELFDETERMINATION,N
7885,N_2,N11JEWISHRIGHTS,N
7885,N_2,N12DOUBLESTANDARD,N
7988,N_2,N2CONSPIRACY,N
7988,N_2,N2CONTROLMEDIA,N
7988,N_2,N2CONTROLECONOMY,N
7988,N_2,N2CONTROLGOV,N
7988,N_2,N2CONTROLOTHER,N
7988,N_2,N3COLLECTIVEBLAME,N
7988,N_2,N4HIDDENCONSPIRACY,N
7988,N_2,N4ISRAELHAND,N
7988,N_2,N5LOYALTY,N
7988,N_2,N6IDENTITYDENY,N
7988,N_2,N7COLLECTIVEGUILT,N
7988,N_2,N8VIOLENCE,I
7988,N_2,N9INCITEMENT,I
7988,N_2,N10SELFDETERMINATION,N
7988,N_2,N11JEWISHRIGHTSDEFINE,N
7988,N_2,N11SELFDETERMINATION,N
7988,N_2,N11JEWISHRIGHTS,N
7988,N_2,N12DOUBLESTANDARD,N
46717,N_2,N2CONSPIRACY,I
46717,N_2,N2CONTROLMEDIA,N
46717,N_2,N2CONTROLECONOMY,N
46717,N_2,N2CONTROLGOV,I
46717,N_2,N2CONTROLOTHER,N
46717,N_2,N3COLLECTIVEBLAME,N
46717,N_2,N4HIDDENCONSPIRACY,I
46717,N_2,N4ISRAELHAND,N
46717,N_2,N5LOYALTY,N
46717,N_2,N6IDENTITYDENY,N
46717,N_2,N7COLLECTIVEGUILT,N
46717,N_2,N8VIOLENCE,N
46717,N_2,N9INCITEMENT,N
46717,N_2,N10SELFDETERMINATION,N
46717,N_2,N11JEWISHRIGHTSDEFINE,N
46717,N_2,N11SELFDETERMINATION,N
46717,N_2,N11JEWISHRIGHTS,N
46717,N_2,N12DOUBLESTANDARD,N
11234,N_2,N2CONSPIRACY,N
11234,N_2,N2CONTROLMEDIA,N
11234,N_2,N2CONTROLECONOMY,N
11234,N_2,N2CONTROLGOV,N
11234,N_2,N2CONTROLOTHER,N
11234,N_2,N3COLLECTIVEBLAME,N
11234,N_2,N4HIDDENCONSPIRACY,N
11234,N_2,N4ISRAELHAND,N
11234,N_2,N5LOYALTY,N
11234,N_2,N6IDENTITYDENY,N
11234,N_2,N7COLLECTIVEGUILT,N
11234,N_2,N8VIOLENCE,N
11234,N_2,N9INCITEMENT,N
11234,N_2,N10SELFDETERMINATION,N
11234,N_2,N11JEWISHRIGHTSDEFINE,N
11234,N_2,N11SELFDETERMINATION,N
11234,N_2,N11JEWISHRIGHTS,N
11234,N_2,N12DOUBLESTANDARD,N
16556,N_2,N2CONSPIRACY,N
16556,N_2,N2CONTROLMEDIA,N
16556,N_2,N2CONTROLECONOMY,N
16556,N_2,N2CONTROLGOV,N
16556,N_2,N2CONTROLOTHER,N
16556,N_2,N3COLLECTIVEBLAME,N
16556,N_2,N4HIDDENCONSPIRACY,N
16556,N_2,N4ISRAELHAND,N
16556,N_2,N5LOYALTY,N
16556,N_2,N6IDENTITYDENY,N
16556,N_2,N7COLLECTIVEGUILT,N
16556,N_2,N8VIOLENCE,N
16556,N_2,N9INCITEMENT,A
16556,N_2,N10SELFDETERMINATION,N
16556,N_2,N11JEWISHRIGHTSDEFINE,N
16556,N_2,N11SELFDETERMINATION,N
16556,N_2,N11JEWISHRIGHTS,N
16556,N_2,N12DOUBLESTANDARD,N
29747,N_2,PARSE_ERROR,Expecting value: line 1 column 1 (char 0)
8025,N_2,N2CONSPIRACY,N
8025,N_2,N2CONTROLMEDIA,N
8025,N_2,N2CONTROLECONOMY,N
8025,N_2,N2CONTROLGOV,N
8025,N_2,N2CONTROLOTHER,N
8025,N_2,N3COLLECTIVEBLAME,N
8025,N_2,N4HIDDENCONSPIRACY,N
8025,N_2,N4ISRAELHAND,N
8025,N_2,N5LOYALTY,N
8025,N_2,N6IDENTITYDENY,N
8025,N_2,N7COLLECTIVEGUILT,N
8025,N_2,N8VIOLENCE,N
8025,N_2,N9INCITEMENT,N
8025,N_2,N10SELFDETERMINATION,N
8025,N_2,N11JEWISHRIGHTSDEFINE,N
8025,N_2,N11SELFDETERMINATION,N
8025,N_2,N11JEWISHRIGHTS,N
8025,N_2,N12DOUBLESTANDARD,N
27587,N_2,N2CONSPIRACY,N
27587,N_2,N2CONTROLMEDIA,N
27587,N_2,N2CONTROLECONOMY,N
27587,N_2,N2CONTROLGOV,N
27587,N_2,N2CONTROLOTHER,N
27587,N_2,N3COLLECTIVEBLAME,N
27587,N_2,N4HIDDENCONSPIRACY,N
27587,N_2,N4ISRAELHAND,N
27587,N_2,N5LOYALTY,N
27587,N_2,N6IDENTITYDENY,N
27587,N_2,N7COLLECTIVEGUILT,N
27587,N_2,N8VIOLENCE,N
27587,N_2,N9INCITEMENT,N
27587,N_2,N10SELFDETERMINATION,N
27587,N_2,N11JEWISHRIGHTSDEFINE,N
27587,N_2,N11SELFDETERMINATION,N
27587,N_2,N11JEWISHRIGHTS,N
27587,N_2,N12DOUBLESTANDARD,N
42145,N_2,N2CONSPIRACY,N
42145,N_2,N2CONTROLMEDIA,N
42145,N_2,N2CONTROLECONOMY,N
42145,N_2,N2CONTROLGOV,N
42145,N_2,N2CONTROLOTHER,N
42145,N_2,N3COLLECTIVEBLAME,N
42145,N_2,N4HIDDENCONSPIRACY,N
42145,N_2,N4ISRAELHAND,N
42145,N_2,N5LOYALTY,N
42145,N_2,N6IDENTITYDENY,N
42145,N_2,N7COLLECTIVEGUILT,N
42145,N_2,N8VIOLENCE,N
42145,N_2,N9INCITEMENT,N
42145,N_2,N10SELFDETERMINATION,N
42145,N_2,N11JEWISHRIGHTSDEFINE,N
42145,N_2,N11SELFDETERMINATION,N
42145,N_2,N11JEWISHRIGHTS,N
42145,N_2,N12DOUBLESTANDARD,N
16970,N_2,N2CONSPIRACY,N
16970,N_2,N2CONTROLMEDIA,N
16970,N_2,N2CONTROLECONOMY,N
16970,N_2,N2CONTROLGOV,N
16970,N_2,N2CONTROLOTHER,N
16970,N_2,N3COLLECTIVEBLAME,N
16970,N_2,N4HIDDENCONSPIRACY,N
16970,N_2,N4ISRAELHAND,N
16970,N_2,N5LOYALTY,N
16970,N_2,N6IDENTITYDENY,N
16970,N_2,N7COLLECTIVEGUILT,N
16970,N_2,N8VIOLENCE,N
16970,N_2,N9INCITEMENT,N
16970,N_2,N10SELFDETERMINATION,N
16970,N_2,N11JEWISHRIGHTSDEFINE,N
16970,N_2,N11SELFDETERMINATION,N
16970,N_2,N11JEWISHRIGHTS,N
16970,N_2,N12DOUBLESTANDARD,N
44653,N_2,N2CONSPIRACY,I
44653,N_2,N2CONTROLMEDIA,N
44653,N_2,N2CONTROLECONOMY,N
44653,N_2,N2CONTROLGOV,I
44653,N_2,N2CONTROLOTHER,N
44653,N_2,N3COLLECTIVEBLAME,N
44653,N_2,N4HIDDENCONSPIRACY,N
44653,N_2,N4ISRAELHAND,N
44653,N_2,N5LOYALTY,I
44653,N_2,N6IDENTITYDENY,N
44653,N_2,N7COLLECTIVEGUILT,N
44653,N_2,N8VIOLENCE,N
44653,N_2,N9INCITEMENT,N
44653,N_2,N10SELFDETERMINATION,N
44653,N_2,N11JEWISHRIGHTSDEFINE,N
44653,N_2,N11SELFDETERMINATION,N
44653,N_2,N11JEWISHRIGHTS,N
44653,N_2,N12DOUBLESTANDARD,N
3224,N_2,N2CONSPIRACY,N
3224,N_2,N2CONTROLMEDIA,N
3224,N_2,N2CONTROLECONOMY,N
3224,N_2,N2CONTROLGOV,N
3224,N_2,N2CONTROLOTHER,N
3224,N_2,N3COLLECTIVEBLAME,E
3224,N_2,N4HIDDENCONSPIRACY,N
3224,N_2,N4ISRAELHAND,N
3224,N_2,N5LOYALTY,N
3224,N_2,N6IDENTITYDENY,N
3224,N_2,N7COLLECTIVEGUILT,N
3224,N_2,N8VIOLENCE,N
3224,N_2,N9INCITEMENT,E
3224,N_2,N10SELFDETERMINATION,N
3224,N_2,N11JEWISHRIGHTSDEFINE,N
3224,N_2,N11SELFDETERMINATION,N
3224,N_2,N11JEWISHRIGHTS,N
3224,N_2,N12DOUBLESTANDARD,N
19796,N_2,N2CONSPIRACY,N
19796,N_2,N2CONTROLMEDIA,N
19796,N_2,N2CONTROLECONOMY,N
19796,N_2,N2CONTROLGOV,N
19796,N_2,N2CONTROLOTHER,N
19796,N_2,N3COLLECTIVEBLAME,N
19796,N_2,N4HIDDENCONSPIRACY,N
19796,N_2,N4ISRAELHAND,N
19796,N_2,N5LOYALTY,N
19796,N_2,N6IDENTITYDENY,N
19796,N_2,N7COLLECTIVEGUILT,N
19796,N_2,N8VIOLENCE,N
19796,N_2,N9INCITEMENT,N
19796,N_2,N10SELFDETERMINATION,N
19796,N_2,N11JEWISHRIGHTSDEFINE,N
19796,N_2,N11SELFDETERMINATION,N
19796,N_2,N11JEWISHRIGHTS,N
19796,N_2,N12DOUBLESTANDARD,N
249,N_2,N2CONSPIRACY,N
249,N_2,N2CONTROLMEDIA,N
249,N_2,N2CONTROLECONOMY,N
249,N_2,N2CONTROLGOV,N
249,N_2,N2CONTROLOTHER,N
249,N_2,N3COLLECTIVEBLAME,N
249,N_2,N4HIDDENCONSPIRACY,N
249,N_2,N4ISRAELHAND,N
249,N_2,N5LOYALTY,N
249,N_2,N6IDENTITYDENY,N
249,N_2,N7COLLECTIVEGUILT,N
249,N_2,N8VIOLENCE,N
249,N_2,N9INCITEMENT,N
249,N_2,N10SELFDETERMINATION,N
249,N_2,N11JEWISHRIGHTSDEFINE,N
249,N_2,N11SELFDETERMINATION,N
249,N_2,N11JEWISHRIGHTS,N
249,N_2,N12DOUBLESTANDARD,N
42926,N_2,N2CONSPIRACY,N
42926,N_2,N2CONTROLMEDIA,N
42926,N_2,N2CONTROLECONOMY,N
42926,N_2,N2CONTROLGOV,N
42926,N_2,N2CONTROLOTHER,N
42926,N_2,N3COLLECTIVEBLAME,N
42926,N_2,N4HIDDENCONSPIRACY,N
42926,N_2,N4ISRAELHAND,N
42926,N_2,N5LOYALTY,N
42926,N_2,N6IDENTITYDENY,N
42926,N_2,N7COLLECTIVEGUILT,N
42926,N_2,N8VIOLENCE,N
42926,N_2,N9INCITEMENT,N
42926,N_2,N10SELFDETERMINATION,N
42926,N_2,N11JEWISHRIGHTSDEFINE,N
42926,N_2,N11SELFDETERMINATION,N
42926,N_2,N11JEWISHRIGHTS,N
42926,N_2,N12DOUBLESTANDARD,N
41753,N_2,N2CONSPIRACY,N
41753,N_2,N2CONTROLMEDIA,N
41753,N_2,N2CONTROLECONOMY,N
41753,N_2,N2CONTROLGOV,N
41753,N_2,N2CONTROLOTHER,N
41753,N_2,N3COLLECTIVEBLAME,N
41753,N_2,N4HIDDENCONSPIRACY,N
41753,N_2,N4ISRAELHAND,N
41753,N_2,N5LOYALTY,N
41753,N_2,N6IDENTITYDENY,I
41753,N_2,N7COLLECTIVEGUILT,N
41753,N_2,N8VIOLENCE,N
41753,N_2,N9INCITEMENT,I
41753,N_2,N10SELFDETERMINATION,I
41753,N_2,N11JEWISHRIGHTSDEFINE,I
41753,N_2,N11SELFDETERMINATION,I
41753,N_2,N11JEWISHRIGHTS,N
41753,N_2,N12DOUBLESTANDARD,N
42422,N_2,N2CONSPIRACY,N
42422,N_2,N2CONTROLMEDIA,N
42422,N_2,N2CONTROLECONOMY,N
42422,N_2,N2CONTROLGOV,N
42422,N_2,N2CONTROLOTHER,N
42422,N_2,N3COLLECTIVEBLAME,N
42422,N_2,N4HIDDENCONSPIRACY,N
42422,N_2,N4ISRAELHAND,N
42422,N_2,N5LOYALTY,N
42422,N_2,N6IDENTITYDENY,N
42422,N_2,N7COLLECTIVEGUILT,N
42422,N_2,N8VIOLENCE,N
42422,N_2,N9INCITEMENT,N
42422,N_2,N10SELFDETERMINATION,N
42422,N_2,N11JEWISHRIGHTSDEFINE,N
42422,N_2,N11SELFDETERMINATION,N
42422,N_2,N11JEWISHRIGHTS,N
42422,N_2,N12DOUBLESTANDARD,N
11093,N_2,N2CONSPIRACY,N
11093,N_2,N2CONTROLMEDIA,N
11093,N_2,N2CONTROLECONOMY,N
11093,N_2,N2CONTROLGOV,N
11093,N_2,N2CONTROLOTHER,N
11093,N_2,N3COLLECTIVEBLAME,N
11093,N_2,N4HIDDENCONSPIRACY,N
11093,N_2,N4ISRAELHAND,N
11093,N_2,N5LOYALTY,N
11093,N_2,N6IDENTITYDENY,N
11093,N_2,N7COLLECTIVEGUILT,N
11093,N_2,N8VIOLENCE,N
11093,N_2,N9INCITEMENT,N
11093,N_2,N10SELFDETERMINATION,N
11093,N_2,N11JEWISHRIGHTSDEFINE,N
11093,N_2,N11SELFDETERMINATION,N
11093,N_2,N11JEWISHRIGHTS,N
11093,N_2,N12DOUBLESTANDARD,N
30754,N_2,N2CONSPIRACY,N
30754,N_2,N2CONTROLMEDIA,N
30754,N_2,N2CONTROLECONOMY,N
30754,N_2,N2CONTROLGOV,N
30754,N_2,N2CONTROLOTHER,N
30754,N_2,N3COLLECTIVEBLAME,N
30754,N_2,N4HIDDENCONSPIRACY,N
30754,N_2,N4ISRAELHAND,N
30754,N_2,N5LOYALTY,N
30754,N_2,N6IDENTITYDENY,N
30754,N_2,N7COLLECTIVEGUILT,N
30754,N_2,N8VIOLENCE,N
30754,N_2,N9INCITEMENT,N
30754,N_2,N10SELFDETERMINATION,N
30754,N_2,N11JEWISHRIGHTSDEFINE,N
30754,N_2,N11SELFDETERMINATION,N
30754,N_2,N11JEWISHRIGHTS,N
30754,N_2,N12DOUBLESTANDARD,N
46721,N_2,N2CONSPIRACY,N
46721,N_2,N2CONTROLMEDIA,N
46721,N_2,N2CONTROLECONOMY,N
46721,N_2,N2CONTROLGOV,N
46721,N_2,N2CONTROLOTHER,N
46721,N_2,N3COLLECTIVEBLAME,N
46721,N_2,N4HIDDENCONSPIRACY,N
46721,N_2,N4ISRAELHAND,N
46721,N_2,N5LOYALTY,N
46721,N_2,N6IDENTITYDENY,N
46721,N_2,N7COLLECTIVEGUILT,N
46721,N_2,N8VIOLENCE,N
46721,N_2,N9INCITEMENT,N
46721,N_2,N10SELFDETERMINATION,N
46721,N_2,N11JEWISHRIGHTSDEFINE,N
46721,N_2,N11SELFDETERMINATION,N
46721,N_2,N11JEWISHRIGHTS,N
46721,N_2,N12DOUBLESTANDARD,N
25027,N_2,N2CONSPIRACY,N
25027,N_2,N2CONTROLMEDIA,N
25027,N_2,N2CONTROLECONOMY,N
25027,N_2,N2CONTROLGOV,N
25027,N_2,N2CONTROLOTHER,N
25027,N_2,N3COLLECTIVEBLAME,N
25027,N_2,N4HIDDENCONSPIRACY,N
25027,N_2,N4ISRAELHAND,N
25027,N_2,N5LOYALTY,N
25027,N_2,N6IDENTITYDENY,N
25027,N_2,N7COLLECTIVEGUILT,N
25027,N_2,N8VIOLENCE,N
25027,N_2,N9INCITEMENT,N
25027,N_2,N10SELFDETERMINATION,N
25027,N_2,N11JEWISHRIGHTSDEFINE,N
25027,N_2,N11SELFDETERMINATION,N
25027,N_2,N11JEWISHRIGHTS,N
25027,N_2,N12DOUBLESTANDARD,N
1689,N_2,N2CONSPIRACY,A
1689,N_2,N2CONTROLMEDIA,A
1689,N_2,N2CONTROLECONOMY,A
1689,N_2,N2CONTROLGOV,A
1689,N_2,N2CONTROLOTHER,A
1689,N_2,N3COLLECTIVEBLAME,I
1689,N_2,N4HIDDENCONSPIRACY,A
1689,N_2,N4ISRAELHAND,N
1689,N_2,N5LOYALTY,N
1689,N_2,N6IDENTITYDENY,N
1689,N_2,N7COLLECTIVEGUILT,N
1689,N_2,N8VIOLENCE,N
1689,N_2,N9INCITEMENT,N
1689,N_2,N10SELFDETERMINATION,N
1689,N_2,N11JEWISHRIGHTSDEFINE,N
1689,N_2,N11SELFDETERMINATION,N
1689,N_2,N11JEWISHRIGHTS,N
1689,N_2,N12DOUBLESTANDARD,N
49992,N_2,N2CONSPIRACY,N
49992,N_2,N2CONTROLMEDIA,N
49992,N_2,N2CONTROLECONOMY,N
49992,N_2,N2CONTROLGOV,N
49992,N_2,N2CONTROLOTHER,N
49992,N_2,N3COLLECTIVEBLAME,N
49992,N_2,N4HIDDENCONSPIRACY,N
49992,N_2,N4ISRAELHAND,N
49992,N_2,N5LOYALTY,N
49992,N_2,N6IDENTITYDENY,N
49992,N_2,N7COLLECTIVEGUILT,N
49992,N_2,N8VIOLENCE,N
49992,N_2,N9INCITEMENT,N
49992,N_2,N10SELFDETERMINATION,N
49992,N_2,N11JEWISHRIGHTSDEFINE,N
49992,N_2,N11SELFDETERMINATION,N
49992,N_2,N11JEWISHRIGHTS,N
49992,N_2,N12DOUBLESTANDARD,N
38239,N_2,N2CONSPIRACY,N
38239,N_2,N2CONTROLMEDIA,N
38239,N_2,N2CONTROLECONOMY,N
38239,N_2,N2CONTROLGOV,N
38239,N_2,N2CONTROLOTHER,N
38239,N_2,N3COLLECTIVEBLAME,N
38239,N_2,N4HIDDENCONSPIRACY,N
38239,N_2,N4ISRAELHAND,N
38239,N_2,N5LOYALTY,N
38239,N_2,N6IDENTITYDENY,N
38239,N_2,N7COLLECTIVEGUILT,N
38239,N_2,N8VIOLENCE,N
38239,N_2,N9INCITEMENT,N
38239,N_2,N10SELFDETERMINATION,N
38239,N_2,N11JEWISHRIGHTSDEFINE,N
38239,N_2,N11SELFDETERMINATION,N
38239,N_2,N11JEWISHRIGHTS,N
38239,N_2,N12DOUBLESTANDARD,N
5554,N_2,N2CONSPIRACY,N
5554,N_2,N2CONTROLMEDIA,N
5554,N_2,N2CONTROLECONOMY,N
5554,N_2,N2CONTROLGOV,N
5554,N_2,N2CONTROLOTHER,N
5554,N_2,N3COLLECTIVEBLAME,N
5554,N_2,N4HIDDENCONSPIRACY,N
5554,N_2,N4ISRAELHAND,N
5554,N_2,N5LOYALTY,N
5554,N_2,N6IDENTITYDENY,N
5554,N_2,N7COLLECTIVEGUILT,N
5554,N_2,N8VIOLENCE,N
5554,N_2,N9INCITEMENT,N
5554,N_2,N10SELFDETERMINATION,N
5554,N_2,N11JEWISHRIGHTSDEFINE,N
5554,N_2,N11SELFDETERMINATION,N
5554,N_2,N11JEWISHRIGHTS,N
5554,N_2,N12DOUBLESTANDARD,N
9095,N_2,N2CONSPIRACY,N
9095,N_2,N2CONTROLMEDIA,N
9095,N_2,N2CONTROLECONOMY,N
9095,N_2,N2CONTROLGOV,N
9095,N_2,N2CONTROLOTHER,N
9095,N_2,N3COLLECTIVEBLAME,N
9095,N_2,N4HIDDENCONSPIRACY,N
9095,N_2,N4ISRAELHAND,N
9095,N_2,N5LOYALTY,N
9095,N_2,N6IDENTITYDENY,N
9095,N_2,N7COLLECTIVEGUILT,N
9095,N_2,N8VIOLENCE,N
9095,N_2,N9INCITEMENT,N
9095,N_2,N10SELFDETERMINATION,N
9095,N_2,N11JEWISHRIGHTSDEFINE,N
9095,N_2,N11SELFDETERMINATION,N
9095,N_2,N11JEWISHRIGHTS,N
9095,N_2,N12DOUBLESTANDARD,N
28047,N_2,N2CONSPIRACY,N
28047,N_2,N2CONTROLMEDIA,N
28047,N_2,N2CONTROLECONOMY,N
28047,N_2,N2CONTROLGOV,N
28047,N_2,N2CONTROLOTHER,N
28047,N_2,N3COLLECTIVEBLAME,N
28047,N_2,N4HIDDENCONSPIRACY,N
28047,N_2,N4ISRAELHAND,N
28047,N_2,N5LOYALTY,N
28047,N_2,N6IDENTITYDENY,N
28047,N_2,N7COLLECTIVEGUILT,N
28047,N_2,N8VIOLENCE,N
28047,N_2,N9INCITEMENT,N
28047,N_2,N10SELFDETERMINATION,N
28047,N_2,N11JEWISHRIGHTSDEFINE,N
28047,N_2,N11SELFDETERMINATION,N
28047,N_2,N11JEWISHRIGHTS,N
28047,N_2,N12DOUBLESTANDARD,N
9029,N_2,N2CONSPIRACY,N
9029,N_2,N2CONTROLMEDIA,N
9029,N_2,N2CONTROLECONOMY,N
9029,N_2,N2CONTROLGOV,N
9029,N_2,N2CONTROLOTHER,N
9029,N_2,N3COLLECTIVEBLAME,N
9029,N_2,N4HIDDENCONSPIRACY,N
9029,N_2,N4ISRAELHAND,N
9029,N_2,N5LOYALTY,N
9029,N_2,N6IDENTITYDENY,N
9029,N_2,N7COLLECTIVEGUILT,N
9029,N_2,N8VIOLENCE,N
9029,N_2,N9INCITEMENT,A
9029,N_2,N10SELFDETERMINATION,N
9029,N_2,N11JEWISHRIGHTSDEFINE,N
9029,N_2,N11SELFDETERMINATION,N
9029,N_2,N11JEWISHRIGHTS,N
9029,N_2,N12DOUBLESTANDARD,N
5331,N_2,N2CONSPIRACY,N
5331,N_2,N2CONTROLMEDIA,N
5331,N_2,N2CONTROLECONOMY,N
5331,N_2,N2CONTROLGOV,N
5331,N_2,N2CONTROLOTHER,N
5331,N_2,N3COLLECTIVEBLAME,N
5331,N_2,N4HIDDENCONSPIRACY,N
5331,N_2,N4ISRAELHAND,N
5331,N_2,N5LOYALTY,N
5331,N_2,N6IDENTITYDENY,N
5331,N_2,N7COLLECTIVEGUILT,N
5331,N_2,N8VIOLENCE,N
5331,N_2,N9INCITEMENT,N
5331,N_2,N10SELFDETERMINATION,N
5331,N_2,N11JEWISHRIGHTSDEFINE,N
5331,N_2,N11SELFDETERMINATION,N
5331,N_2,N11JEWISHRIGHTS,N
5331,N_2,N12DOUBLESTANDARD,N
38507,N_2,N2CONSPIRACY,N
38507,N_2,N2CONTROLMEDIA,I
38507,N_2,N2CONTROLECONOMY,N
38507,N_2,N2CONTROLGOV,N
38507,N_2,N2CONTROLOTHER,N
38507,N_2,N3COLLECTIVEBLAME,N
38507,N_2,N4HIDDENCONSPIRACY,N
38507,N_2,N4ISRAELHAND,N
38507,N_2,N5LOYALTY,N
38507,N_2,N6IDENTITYDENY,N
38507,N_2,N7COLLECTIVEGUILT,N
38507,N_2,N8VIOLENCE,N
38507,N_2,N9INCITEMENT,N
38507,N_2,N10SELFDETERMINATION,N
38507,N_2,N11JEWISHRIGHTSDEFINE,N
38507,N_2,N11SELFDETERMINATION,N
38507,N_2,N11JEWISHRIGHTS,N
38507,N_2,N12DOUBLESTANDARD,N
7343,N_2,N2CONSPIRACY,N
7343,N_2,N2CONTROLMEDIA,N
7343,N_2,N2CONTROLECONOMY,N
7343,N_2,N2CONTROLGOV,N
7343,N_2,N2CONTROLOTHER,N
7343,N_2,N3COLLECTIVEBLAME,N
7343,N_2,N4HIDDENCONSPIRACY,N
7343,N_2,N4ISRAELHAND,N
7343,N_2,N5LOYALTY,N
7343,N_2,N6IDENTITYDENY,N
7343,N_2,N7COLLECTIVEGUILT,N
7343,N_2,N8VIOLENCE,N
7343,N_2,N9INCITEMENT,N
7343,N_2,N10SELFDETERMINATION,N
7343,N_2,N11JEWISHRIGHTSDEFINE,N
7343,N_2,N11SELFDETERMINATION,N
7343,N_2,N11JEWISHRIGHTS,N
7343,N_2,N12DOUBLESTANDARD,N
46952,N_2,N2CONSPIRACY,N
46952,N_2,N2CONTROLMEDIA,N
46952,N_2,N2CONTROLECONOMY,N
46952,N_2,N2CONTROLGOV,N
46952,N_2,N2CONTROLOTHER,N
46952,N_2,N3COLLECTIVEBLAME,N
46952,N_2,N4HIDDENCONSPIRACY,N
46952,N_2,N4ISRAELHAND,N
46952,N_2,N5LOYALTY,N
46952,N_2,N6IDENTITYDENY,N
46952,N_2,N7COLLECTIVEGUILT,N
46952,N_2,N8VIOLENCE,N
46952,N_2,N9INCITEMENT,N
46952,N_2,N10SELFDETERMINATION,N
46952,N_2,N11JEWISHRIGHTSDEFINE,N
46952,N_2,N11SELFDETERMINATION,N
46952,N_2,N11JEWISHRIGHTS,N
46952,N_2,N12DOUBLESTANDARD,N
49271,N_2,N2CONSPIRACY,N
49271,N_2,N2CONTROLMEDIA,N
49271,N_2,N2CONTROLECONOMY,N
49271,N_2,N2CONTROLGOV,N
49271,N_2,N2CONTROLOTHER,N
49271,N_2,N3COLLECTIVEBLAME,N
49271,N_2,N4HIDDENCONSPIRACY,N
49271,N_2,N4ISRAELHAND,N
49271,N_2,N5LOYALTY,N
49271,N_2,N6IDENTITYDENY,N
49271,N_2,N7COLLECTIVEGUILT,N
49271,N_2,N8VIOLENCE,N
49271,N_2,N9INCITEMENT,N
49271,N_2,N10SELFDETERMINATION,N
49271,N_2,N11JEWISHRIGHTSDEFINE,N
49271,N_2,N11SELFDETERMINATION,N
49271,N_2,N11JEWISHRIGHTS,N
49271,N_2,N12DOUBLESTANDARD,N
35420,N_2,N2CONSPIRACY,N
35420,N_2,N2CONTROLMEDIA,N
35420,N_2,N2CONTROLECONOMY,N
35420,N_2,N2CONTROLGOV,N
35420,N_2,N2CONTROLOTHER,N
35420,N_2,N3COLLECTIVEBLAME,N
35420,N_2,N4HIDDENCONSPIRACY,N
35420,N_2,N4ISRAELHAND,N
35420,N_2,N5LOYALTY,N
35420,N_2,N6IDENTITYDENY,N
35420,N_2,N7COLLECTIVEGUILT,N
35420,N_2,N8VIOLENCE,N
35420,N_2,N9INCITEMENT,N
35420,N_2,N10SELFDETERMINATION,N
35420,N_2,N11JEWISHRIGHTSDEFINE,N
35420,N_2,N11SELFDETERMINATION,N
35420,N_2,N11JEWISHRIGHTS,N
35420,N_2,N12DOUBLESTANDARD,N
49472,N_2,PARSE_ERROR,Expecting value: line 1 column 1 (char 0)
5807,N_2,N2CONSPIRACY,N
5807,N_2,N2CONTROLMEDIA,N
5807,N_2,N2CONTROLECONOMY,N
5807,N_2,N2CONTROLGOV,I
5807,N_2,N2CONTROLOTHER,N
5807,N_2,N3COLLECTIVEBLAME,N
5807,N_2,N4HIDDENCONSPIRACY,I
5807,N_2,N4ISRAELHAND,N
5807,N_2,N5LOYALTY,N
5807,N_2,N6IDENTITYDENY,N
5807,N_2,N7COLLECTIVEGUILT,N
5807,N_2,N8VIOLENCE,N
5807,N_2,N9INCITEMENT,N
5807,N_2,N10SELFDETERMINATION,N
5807,N_2,N11JEWISHRIGHTSDEFINE,N
5807,N_2,N11SELFDETERMINATION,N
5807,N_2,N11JEWISHRIGHTS,N
5807,N_2,N12DOUBLESTANDARD,N
20576,N_2,N2CONSPIRACY,N
20576,N_2,N2CONTROLMEDIA,N
20576,N_2,N2CONTROLECONOMY,N
20576,N_2,N2CONTROLGOV,N
20576,N_2,N2CONTROLOTHER,N
20576,N_2,N3COLLECTIVEBLAME,N
20576,N_2,N4HIDDENCONSPIRACY,N
20576,N_2,N4ISRAELHAND,N
20576,N_2,N5LOYALTY,N
20576,N_2,N6IDENTITYDENY,N
20576,N_2,N7COLLECTIVEGUILT,N
20576,N_2,N8VIOLENCE,N
20576,N_2,N9INCITEMENT,N
20576,N_2,N10SELFDETERMINATION,N
20576,N_2,N11JEWISHRIGHTSDEFINE,N
20576,N_2,N11SELFDETERMINATION,N
20576,N_2,N11JEWISHRIGHTS,N
20576,N_2,N12DOUBLESTANDARD,N
23854,N_2,N2CONSPIRACY,N
23854,N_2,N2CONTROLMEDIA,N
23854,N_2,N2CONTROLECONOMY,N
23854,N_2,N2CONTROLGOV,N
23854,N_2,N2CONTROLOTHER,N
23854,N_2,N3COLLECTIVEBLAME,N
23854,N_2,N4HIDDENCONSPIRACY,N
23854,N_2,N4ISRAELHAND,N
23854,N_2,N5LOYALTY,N
23854,N_2,N6IDENTITYDENY,N
23854,N_2,N7COLLECTIVEGUILT,N
23854,N_2,N8VIOLENCE,N
23854,N_2,N9INCITEMENT,N
23854,N_2,N10SELFDETERMINATION,N
23854,N_2,N11JEWISHRIGHTSDEFINE,N
23854,N_2,N11SELFDETERMINATION,N
23854,N_2,N11JEWISHRIGHTS,N
23854,N_2,N12DOUBLESTANDARD,N
48548,N_2,N2CONSPIRACY,N
48548,N_2,N2CONTROLMEDIA,N
48548,N_2,N2CONTROLECONOMY,N
48548,N_2,N2CONTROLGOV,N
48548,N_2,N2CONTROLOTHER,N
48548,N_2,N3COLLECTIVEBLAME,N
48548,N_2,N4HIDDENCONSPIRACY,N
48548,N_2,N4ISRAELHAND,N
48548,N_2,N5LOYALTY,N
48548,N_2,N6IDENTITYDENY,N
48548,N_2,N7COLLECTIVEGUILT,N
48548,N_2,N8VIOLENCE,N
48548,N_2,N9INCITEMENT,N
48548,N_2,N10SELFDETERMINATION,N
48548,N_2,N11JEWISHRIGHTSDEFINE,N
48548,N_2,N11SELFDETERMINATION,N
48548,N_2,N11JEWISHRIGHTS,N
48548,N_2,N12DOUBLESTANDARD,N
16033,N_2,N2CONSPIRACY,N
16033,N_2,N2CONTROLMEDIA,N
16033,N_2,N2CONTROLECONOMY,N
16033,N_2,N2CONTROLGOV,N
16033,N_2,N2CONTROLOTHER,N
16033,N_2,N3COLLECTIVEBLAME,N
16033,N_2,N4HIDDENCONSPIRACY,N
16033,N_2,N4ISRAELHAND,N
16033,N_2,N5LOYALTY,N
16033,N_2,N6IDENTITYDENY,N
16033,N_2,N7COLLECTIVEGUILT,N
16033,N_2,N8VIOLENCE,N
16033,N_2,N9INCITEMENT,N
16033,N_2,N10SELFDETERMINATION,N
16033,N_2,N11JEWISHRIGHTSDEFINE,N
16033,N_2,N11SELFDETERMINATION,N
16033,N_2,N11JEWISHRIGHTS,N
16033,N_2,N12DOUBLESTANDARD,N
4583,N_2,N2CONSPIRACY,N
4583,N_2,N2CONTROLMEDIA,N
4583,N_2,N2CONTROLECONOMY,N
4583,N_2,N2CONTROLGOV,N
4583,N_2,N2CONTROLOTHER,N
4583,N_2,N3COLLECTIVEBLAME,N
4583,N_2,N4HIDDENCONSPIRACY,N
4583,N_2,N4ISRAELHAND,N
4583,N_2,N5LOYALTY,N
4583,N_2,N6IDENTITYDENY,N
4583,N_2,N7COLLECTIVEGUILT,N
4583,N_2,N8VIOLENCE,N
4583,N_2,N9INCITEMENT,N
4583,N_2,N10SELFDETERMINATION,N
4583,N_2,N11JEWISHRIGHTSDEFINE,N
4583,N_2,N11SELFDETERMINATION,N
4583,N_2,N11JEWISHRIGHTS,N
4583,N_2,N12DOUBLESTANDARD,N
33352,N_2,N2CONSPIRACY,N
33352,N_2,N2CONTROLMEDIA,N
33352,N_2,N2CONTROLECONOMY,N
33352,N_2,N2CONTROLGOV,N
33352,N_2,N2CONTROLOTHER,N
33352,N_2,N3COLLECTIVEBLAME,N
33352,N_2,N4HIDDENCONSPIRACY,N
33352,N_2,N4ISRAELHAND,N
33352,N_2,N5LOYALTY,N
33352,N_2,N6IDENTITYDENY,N
33352,N_2,N7COLLECTIVEGUILT,N
33352,N_2,N8VIOLENCE,N
33352,N_2,N9INCITEMENT,N
33352,N_2,N10SELFDETERMINATION,N
33352,N_2,N11JEWISHRIGHTSDEFINE,N
33352,N_2,N11SELFDETERMINATION,N
33352,N_2,N11JEWISHRIGHTS,N
33352,N_2,N12DOUBLESTANDARD,N
44328,N_2,N2CONSPIRACY,N
44328,N_2,N2CONTROLMEDIA,N
44328,N_2,N2CONTROLECONOMY,N
44328,N_2,N2CONTROLGOV,N
44328,N_2,N2CONTROLOTHER,N
44328,N_2,N3COLLECTIVEBLAME,N
44328,N_2,N4HIDDENCONSPIRACY,N
44328,N_2,N4ISRAELHAND,N
44328,N_2,N5LOYALTY,N
44328,N_2,N6IDENTITYDENY,N
44328,N_2,N7COLLECTIVEGUILT,N
44328,N_2,N8VIOLENCE,N
44328,N_2,N9INCITEMENT,N
44328,N_2,N10SELFDETERMINATION,N
44328,N_2,N11JEWISHRIGHTSDEFINE,N
44328,N_2,N11SELFDETERMINATION,N
44328,N_2,N11JEWISHRIGHTS,N
44328,N_2,N12DOUBLESTANDARD,N
41396,N_2,N2CONSPIRACY,N
41396,N_2,N2CONTROLMEDIA,N
41396,N_2,N2CONTROLECONOMY,N
41396,N_2,N2CONTROLGOV,N
41396,N_2,N2CONTROLOTHER,N
41396,N_2,N3COLLECTIVEBLAME,N
41396,N_2,N4HIDDENCONSPIRACY,N
41396,N_2,N4ISRAELHAND,N
41396,N_2,N5LOYALTY,N
41396,N_2,N6IDENTITYDENY,N
41396,N_2,N7COLLECTIVEGUILT,N
41396,N_2,N8VIOLENCE,N
41396,N_2,N9INCITEMENT,N
41396,N_2,N10SELFDETERMINATION,N
41396,N_2,N11JEWISHRIGHTSDEFINE,N
41396,N_2,N11SELFDETERMINATION,N
41396,N_2,N11JEWISHRIGHTS,N
41396,N_2,N12DOUBLESTANDARD,N
10313,N_2,N2CONSPIRACY,N
10313,N_2,N2CONTROLMEDIA,N
10313,N_2,N2CONTROLECONOMY,N
10313,N_2,N2CONTROLGOV,N
10313,N_2,N2CONTROLOTHER,N
10313,N_2,N3COLLECTIVEBLAME,N
10313,N_2,N4HIDDENCONSPIRACY,N
10313,N_2,N4ISRAELHAND,N
10313,N_2,N5LOYALTY,N
10313,N_2,N6IDENTITYDENY,N
10313,N_2,N7COLLECTIVEGUILT,N
10313,N_2,N8VIOLENCE,E
10313,N_2,N9INCITEMENT,E
10313,N_2,N10SELFDETERMINATION,N
10313,N_2,N11JEWISHRIGHTSDEFINE,N
10313,N_2,N11SELFDETERMINATION,N
10313,N_2,N11JEWISHRIGHTS,N
10313,N_2,N12DOUBLESTANDARD,N
41451,N_2,N2CONSPIRACY,A
41451,N_2,N2CONTROLMEDIA,N
41451,N_2,N2CONTROLECONOMY,N
41451,N_2,N2CONTROLGOV,A
41451,N_2,N2CONTROLOTHER,A
41451,N_2,N3COLLECTIVEBLAME,N
41451,N_2,N4HIDDENCONSPIRACY,A
41451,N_2,N4ISRAELHAND,A
41451,N_2,N5LOYALTY,N
41451,N_2,N6IDENTITYDENY,N
41451,N_2,N7COLLECTIVEGUILT,N
41451,N_2,N8VIOLENCE,N
41451,N_2,N9INCITEMENT,N
41451,N_2,N10SELFDETERMINATION,N
41451,N_2,N11JEWISHRIGHTSDEFINE,N
41451,N_2,N11SELFDETERMINATION,N
41451,N_2,N11JEWISHRIGHTS,N
41451,N_2,N12DOUBLESTANDARD,N
22415,N_2,N2CONSPIRACY,N
22415,N_2,N2CONTROLMEDIA,N
22415,N_2,N2CONTROLECONOMY,N
22415,N_2,N2CONTROLGOV,N
22415,N_2,N2CONTROLOTHER,N
22415,N_2,N3COLLECTIVEBLAME,E
22415,N_2,N4HIDDENCONSPIRACY,N
22415,N_2,N4ISRAELHAND,N
22415,N_2,N5LOYALTY,N
22415,N_2,N6IDENTITYDENY,N
22415,N_2,N7COLLECTIVEGUILT,N
22415,N_2,N8VIOLENCE,N
22415,N_2,N9INCITEMENT,N
22415,N_2,N10SELFDETERMINATION,N
22415,N_2,N11JEWISHRIGHTSDEFINE,N
22415,N_2,N11SELFDETERMINATION,N
22415,N_2,N11JEWISHRIGHTS,N
22415,N_2,N12DOUBLESTANDARD,N
9023,N_2,N2CONSPIRACY,N
9023,N_2,N2CONTROLMEDIA,N
9023,N_2,N2CONTROLECONOMY,N
9023,N_2,N2CONTROLGOV,N
9023,N_2,N2CONTROLOTHER,N
9023,N_2,N3COLLECTIVEBLAME,N
9023,N_2,N4HIDDENCONSPIRACY,N
9023,N_2,N4ISRAELHAND,N
9023,N_2,N5LOYALTY,N
9023,N_2,N6IDENTITYDENY,N
9023,N_2,N7COLLECTIVEGUILT,N
9023,N_2,N8VIOLENCE,N
9023,N_2,N9INCITEMENT,N
9023,N_2,N10SELFDETERMINATION,N
9023,N_2,N11JEWISHRIGHTSDEFINE,N
9023,N_2,N11SELFDETERMINATION,N
9023,N_2,N11JEWISHRIGHTS,N
9023,N_2,N12DOUBLESTANDARD,N
47016,N_2,N2CONSPIRACY,N
47016,N_2,N2CONTROLMEDIA,N
47016,N_2,N2CONTROLECONOMY,N
47016,N_2,N2CONTROLGOV,N
47016,N_2,N2CONTROLOTHER,N
47016,N_2,N3COLLECTIVEBLAME,N
47016,N_2,N4HIDDENCONSPIRACY,N
47016,N_2,N4ISRAELHAND,N
47016,N_2,N5LOYALTY,N
47016,N_2,N6IDENTITYDENY,N
47016,N_2,N7COLLECTIVEGUILT,N
47016,N_2,N8VIOLENCE,N
47016,N_2,N9INCITEMENT,N
47016,N_2,N10SELFDETERMINATION,N
47016,N_2,N11JEWISHRIGHTSDEFINE,N
47016,N_2,N11SELFDETERMINATION,N
47016,N_2,N11JEWISHRIGHTS,N
47016,N_2,N12DOUBLESTANDARD,N
40947,N_2,N2CONSPIRACY,I
40947,N_2,N2CONTROLMEDIA,N
40947,N_2,N2CONTROLECONOMY,N
40947,N_2,N2CONTROLGOV,N
40947,N_2,N2CONTROLOTHER,I
40947,N_2,N3COLLECTIVEBLAME,N
40947,N_2,N4HIDDENCONSPIRACY,I
40947,N_2,N4ISRAELHAND,N
40947,N_2,N5LOYALTY,N
40947,N_2,N6IDENTITYDENY,N
40947,N_2,N7COLLECTIVEGUILT,N
40947,N_2,N8VIOLENCE,N
40947,N_2,N9INCITEMENT,N
40947,N_2,N10SELFDETERMINATION,N
40947,N_2,N11JEWISHRIGHTSDEFINE,N
40947,N_2,N11SELFDETERMINATION,N
40947,N_2,N11JEWISHRIGHTS,N
40947,N_2,N12DOUBLESTANDARD,N
39919,N_2,N2CONSPIRACY,N
39919,N_2,N2CONTROLMEDIA,N
39919,N_2,N2CONTROLECONOMY,N
39919,N_2,N2CONTROLGOV,N
39919,N_2,N2CONTROLOTHER,N
39919,N_2,N3COLLECTIVEBLAME,N
39919,N_2,N4HIDDENCONSPIRACY,N
39919,N_2,N4ISRAELHAND,N
39919,N_2,N5LOYALTY,N
39919,N_2,N6IDENTITYDENY,N
39919,N_2,N7COLLECTIVEGUILT,N
39919,N_2,N8VIOLENCE,N
39919,N_2,N9INCITEMENT,N
39919,N_2,N10SELFDETERMINATION,N
39919,N_2,N11JEWISHRIGHTSDEFINE,N
39919,N_2,N11SELFDETERMINATION,N
39919,N_2,N11JEWISHRIGHTS,N
39919,N_2,N12DOUBLESTANDARD,N
13490,N_2,N2CONSPIRACY,N
13490,N_2,N2CONTROLMEDIA,N
13490,N_2,N2CONTROLECONOMY,N
13490,N_2,N2CONTROLGOV,N
13490,N_2,N2CONTROLOTHER,N
13490,N_2,N3COLLECTIVEBLAME,N
13490,N_2,N4HIDDENCONSPIRACY,N
13490,N_2,N4ISRAELHAND,N
13490,N_2,N5LOYALTY,N
13490,N_2,N6IDENTITYDENY,N
13490,N_2,N7COLLECTIVEGUILT,N
13490,N_2,N8VIOLENCE,N
13490,N_2,N9INCITEMENT,N
13490,N_2,N10SELFDETERMINATION,N
13490,N_2,N11JEWISHRIGHTSDEFINE,N
13490,N_2,N11SELFDETERMINATION,N
13490,N_2,N11JEWISHRIGHTS,N
13490,N_2,N12DOUBLESTANDARD,N
47366,N_2,N2CONSPIRACY,I
47366,N_2,N2CONTROLMEDIA,N
47366,N_2,N2CONTROLECONOMY,N
47366,N_2,N2CONTROLGOV,I
47366,N_2,N2CONTROLOTHER,N
47366,N_2,N3COLLECTIVEBLAME,E
47366,N_2,N4HIDDENCONSPIRACY,I
47366,N_2,N4ISRAELHAND,N
47366,N_2,N5LOYALTY,N
47366,N_2,N6IDENTITYDENY,N
47366,N_2,N7COLLECTIVEGUILT,N
47366,N_2,N8VIOLENCE,N
47366,N_2,N9INCITEMENT,N
47366,N_2,N10SELFDETERMINATION,N
47366,N_2,N11JEWISHRIGHTSDEFINE,N
47366,N_2,N11SELFDETERMINATION,N
47366,N_2,N11JEWISHRIGHTS,N
47366,N_2,N12DOUBLESTANDARD,N
31095,N_2,N2CONSPIRACY,N
31095,N_2,N2CONTROLMEDIA,N
31095,N_2,N2CONTROLECONOMY,N
31095,N_2,N2CONTROLGOV,N
31095,N_2,N2CONTROLOTHER,N
31095,N_2,N3COLLECTIVEBLAME,N
31095,N_2,N4HIDDENCONSPIRACY,N
31095,N_2,N4ISRAELHAND,N
31095,N_2,N5LOYALTY,N
31095,N_2,N6IDENTITYDENY,N
31095,N_2,N7COLLECTIVEGUILT,N
31095,N_2,N8VIOLENCE,N
31095,N_2,N9INCITEMENT,N
31095,N_2,N10SELFDETERMINATION,N
31095,N_2,N11JEWISHRIGHTSDEFINE,N
31095,N_2,N11SELFDETERMINATION,N
31095,N_2,N11JEWISHRIGHTS,N
31095,N_2,N12DOUBLESTANDARD,N
11736,N_2,N2CONSPIRACY,N
11736,N_2,N2CONTROLMEDIA,N
11736,N_2,N2CONTROLECONOMY,N
11736,N_2,N2CONTROLGOV,N
11736,N_2,N2CONTROLOTHER,N
11736,N_2,N3COLLECTIVEBLAME,N
11736,N_2,N4HIDDENCONSPIRACY,N
11736,N_2,N4ISRAELHAND,N
11736,N_2,N5LOYALTY,N
11736,N_2,N6IDENTITYDENY,N
11736,N_2,N7COLLECTIVEGUILT,N
11736,N_2,N8VIOLENCE,N
11736,N_2,N9INCITEMENT,N
11736,N_2,N10SELFDETERMINATION,N
11736,N_2,N11JEWISHRIGHTSDEFINE,N
11736,N_2,N11SELFDETERMINATION,N
11736,N_2,N11JEWISHRIGHTS,N
11736,N_2,N12DOUBLESTANDARD,N
15387,N_2,N2CONSPIRACY,N
15387,N_2,N2CONTROLMEDIA,N
15387,N_2,N2CONTROLECONOMY,N
15387,N_2,N2CONTROLGOV,N
15387,N_2,N2CONTROLOTHER,N
15387,N_2,N3COLLECTIVEBLAME,N
15387,N_2,N4HIDDENCONSPIRACY,N
15387,N_2,N4ISRAELHAND,N
15387,N_2,N5LOYALTY,N
15387,N_2,N6IDENTITYDENY,N
15387,N_2,N7COLLECTIVEGUILT,N
15387,N_2,N8VIOLENCE,N
15387,N_2,N9INCITEMENT,N
15387,N_2,N10SELFDETERMINATION,N
15387,N_2,N11JEWISHRIGHTSDEFINE,N
15387,N_2,N11SELFDETERMINATION,N
15387,N_2,N11JEWISHRIGHTS,N
15387,N_2,N12DOUBLESTANDARD,N
12676,N_2,N2CONSPIRACY,N
12676,N_2,N2CONTROLMEDIA,N
12676,N_2,N2CONTROLECONOMY,N
12676,N_2,N2CONTROLGOV,N
12676,N_2,N2CONTROLOTHER,N
12676,N_2,N3COLLECTIVEBLAME,N
12676,N_2,N4HIDDENCONSPIRACY,N
12676,N_2,N4ISRAELHAND,N
12676,N_2,N5LOYALTY,N
12676,N_2,N6IDENTITYDENY,N
12676,N_2,N7COLLECTIVEGUILT,N
12676,N_2,N8VIOLENCE,N
12676,N_2,N9INCITEMENT,N
12676,N_2,N10SELFDETERMINATION,N
12676,N_2,N11JEWISHRIGHTSDEFINE,N
12676,N_2,N11SELFDETERMINATION,N
12676,N_2,N11JEWISHRIGHTS,N
12676,N_2,N12DOUBLESTANDARD,N
45718,N_2,N2CONSPIRACY,N
45718,N_2,N2CONTROLMEDIA,N
45718,N_2,N2CONTROLECONOMY,N
45718,N_2,N2CONTROLGOV,N
45718,N_2,N2CONTROLOTHER,N
45718,N_2,N3COLLECTIVEBLAME,N
45718,N_2,N4HIDDENCONSPIRACY,N
45718,N_2,N4ISRAELHAND,N
45718,N_2,N5LOYALTY,N
45718,N_2,N6IDENTITYDENY,N
45718,N_2,N7COLLECTIVEGUILT,N
45718,N_2,N8VIOLENCE,N
45718,N_2,N9INCITEMENT,N
45718,N_2,N10SELFDETERMINATION,N
45718,N_2,N11JEWISHRIGHTSDEFINE,N
45718,N_2,N11SELFDETERMINATION,N
45718,N_2,N11JEWISHRIGHTS,N
45718,N_2,N12DOUBLESTANDARD,N
12858,N_2,N2CONSPIRACY,N
12858,N_2,N2CONTROLMEDIA,N
12858,N_2,N2CONTROLECONOMY,N
12858,N_2,N2CONTROLGOV,N
12858,N_2,N2CONTROLOTHER,N
12858,N_2,N3COLLECTIVEBLAME,N
12858,N_2,N4HIDDENCONSPIRACY,N
12858,N_2,N4ISRAELHAND,N
12858,N_2,N5LOYALTY,N
12858,N_2,N6IDENTITYDENY,N
12858,N_2,N7COLLECTIVEGUILT,N
12858,N_2,N8VIOLENCE,N
12858,N_2,N9INCITEMENT,N
12858,N_2,N10SELFDETERMINATION,N
12858,N_2,N11JEWISHRIGHTSDEFINE,N
12858,N_2,N11SELFDETERMINATION,N
12858,N_2,N11JEWISHRIGHTS,N
12858,N_2,N12DOUBLESTANDARD,N
6447,N_2,N2CONSPIRACY,N
6447,N_2,N2CONTROLMEDIA,N
6447,N_2,N2CONTROLECONOMY,N
6447,N_2,N2CONTROLGOV,N
6447,N_2,N2CONTROLOTHER,N
6447,N_2,N3COLLECTIVEBLAME,N
6447,N_2,N4HIDDENCONSPIRACY,N
6447,N_2,N4ISRAELHAND,N
6447,N_2,N5LOYALTY,N
6447,N_2,N6IDENTITYDENY,N
6447,N_2,N7COLLECTIVEGUILT,N
6447,N_2,N8VIOLENCE,N
6447,N_2,N9INCITEMENT,N
6447,N_2,N10SELFDETERMINATION,N
6447,N_2,N11JEWISHRIGHTSDEFINE,N
6447,N_2,N11SELFDETERMINATION,N
6447,N_2,N11JEWISHRIGHTS,N
6447,N_2,N12DOUBLESTANDARD,N
25695,N_2,N2CONSPIRACY,N
25695,N_2,N2CONTROLMEDIA,N
25695,N_2,N2CONTROLECONOMY,N
25695,N_2,N2CONTROLGOV,N
25695,N_2,N2CONTROLOTHER,N
25695,N_2,N3COLLECTIVEBLAME,N
25695,N_2,N4HIDDENCONSPIRACY,N
25695,N_2,N4ISRAELHAND,N
25695,N_2,N5LOYALTY,N
25695,N_2,N6IDENTITYDENY,N
25695,N_2,N7COLLECTIVEGUILT,N
25695,N_2,N8VIOLENCE,N
25695,N_2,N9INCITEMENT,N
25695,N_2,N10SELFDETERMINATION,N
25695,N_2,N11JEWISHRIGHTSDEFINE,N
25695,N_2,N11SELFDETERMINATION,N
25695,N_2,N11JEWISHRIGHTS,N
25695,N_2,N12DOUBLESTANDARD,N
32143,N_2,N2CONSPIRACY,N
32143,N_2,N2CONTROLMEDIA,I
32143,N_2,N2CONTROLECONOMY,N
32143,N_2,N2CONTROLGOV,N
32143,N_2,N2CONTROLOTHER,N
32143,N_2,N3COLLECTIVEBLAME,N
32143,N_2,N4HIDDENCONSPIRACY,N
32143,N_2,N4ISRAELHAND,N
32143,N_2,N5LOYALTY,N
32143,N_2,N6IDENTITYDENY,N
32143,N_2,N7COLLECTIVEGUILT,N
32143,N_2,N8VIOLENCE,N
32143,N_2,N9INCITEMENT,N
32143,N_2,N10SELFDETERMINATION,N
32143,N_2,N11JEWISHRIGHTSDEFINE,N
32143,N_2,N11SELFDETERMINATION,N
32143,N_2,N11JEWISHRIGHTS,N
32143,N_2,N12DOUBLESTANDARD,N
18257,N_2,N2CONSPIRACY,N
18257,N_2,N2CONTROLMEDIA,N
18257,N_2,N2CONTROLECONOMY,N
18257,N_2,N2CONTROLGOV,N
18257,N_2,N2CONTROLOTHER,N
18257,N_2,N3COLLECTIVEBLAME,N
18257,N_2,N4HIDDENCONSPIRACY,N
18257,N_2,N4ISRAELHAND,N
18257,N_2,N5LOYALTY,N
18257,N_2,N6IDENTITYDENY,N
18257,N_2,N7COLLECTIVEGUILT,N
18257,N_2,N8VIOLENCE,N
18257,N_2,N9INCITEMENT,N
18257,N_2,N10SELFDETERMINATION,N
18257,N_2,N11JEWISHRIGHTSDEFINE,N
18257,N_2,N11SELFDETERMINATION,N
18257,N_2,N11JEWISHRIGHTS,N
18257,N_2,N12DOUBLESTANDARD,N
9466,N_2,N2CONSPIRACY,N
9466,N_2,N2CONTROLMEDIA,N
9466,N_2,N2CONTROLECONOMY,N
9466,N_2,N2CONTROLGOV,N
9466,N_2,N2CONTROLOTHER,N
9466,N_2,N3COLLECTIVEBLAME,N
9466,N_2,N4HIDDENCONSPIRACY,N
9466,N_2,N4ISRAELHAND,N
9466,N_2,N5LOYALTY,N
9466,N_2,N6IDENTITYDENY,N
9466,N_2,N7COLLECTIVEGUILT,N
9466,N_2,N8VIOLENCE,N
9466,N_2,N9INCITEMENT,E
9466,N_2,N10SELFDETERMINATION,N
9466,N_2,N11JEWISHRIGHTSDEFINE,N
9466,N_2,N11SELFDETERMINATION,N
9466,N_2,N11JEWISHRIGHTS,E
9466,N_2,N12DOUBLESTANDARD,N
25261,N_2,N2CONSPIRACY,N
25261,N_2,N2CONTROLMEDIA,N
25261,N_2,N2CONTROLECONOMY,N
25261,N_2,N2CONTROLGOV,N
25261,N_2,N2CONTROLOTHER,N
25261,N_2,N3COLLECTIVEBLAME,N
25261,N_2,N4HIDDENCONSPIRACY,N
25261,N_2,N4ISRAELHAND,N
25261,N_2,N5LOYALTY,N
25261,N_2,N6IDENTITYDENY,N
25261,N_2,N7COLLECTIVEGUILT,N
25261,N_2,N8VIOLENCE,N
25261,N_2,N9INCITEMENT,N
25261,N_2,N10SELFDETERMINATION,N
25261,N_2,N11JEWISHRIGHTSDEFINE,N
25261,N_2,N11SELFDETERMINATION,N
25261,N_2,N11JEWISHRIGHTS,N
25261,N_2,N12DOUBLESTANDARD,N
43483,N_2,N2CONSPIRACY,E
43483,N_2,N2CONTROLMEDIA,E
43483,N_2,N2CONTROLECONOMY,N
43483,N_2,N2CONTROLGOV,N
43483,N_2,N2CONTROLOTHER,E
43483,N_2,N3COLLECTIVEBLAME,E
43483,N_2,N4HIDDENCONSPIRACY,E
43483,N_2,N4ISRAELHAND,N
43483,N_2,N5LOYALTY,N
43483,N_2,N6IDENTITYDENY,N
43483,N_2,N7COLLECTIVEGUILT,N
43483,N_2,N8VIOLENCE,N
43483,N_2,N9INCITEMENT,I
43483,N_2,N10SELFDETERMINATION,N
43483,N_2,N11JEWISHRIGHTSDEFINE,N
43483,N_2,N11SELFDETERMINATION,N
43483,N_2,N11JEWISHRIGHTS,N
43483,N_2,N12DOUBLESTANDARD,N
26944,N_2,N2CONSPIRACY,A
26944,N_2,N2CONTROLMEDIA,N
26944,N_2,N2CONTROLECONOMY,N
26944,N_2,N2CONTROLGOV,I
26944,N_2,N2CONTROLOTHER,I
26944,N_2,N3COLLECTIVEBLAME,N
26944,N_2,N4HIDDENCONSPIRACY,A
26944,N_2,N4ISRAELHAND,N
26944,N_2,N5LOYALTY,N
26944,N_2,N6IDENTITYDENY,N
26944,N_2,N7COLLECTIVEGUILT,N
26944,N_2,N8VIOLENCE,N
26944,N_2,N9INCITEMENT,I
26944,N_2,N10SELFDETERMINATION,N
26944,N_2,N11JEWISHRIGHTSDEFINE,N
26944,N_2,N11SELFDETERMINATION,N
26944,N_2,N11JEWISHRIGHTS,N
26944,N_2,N12DOUBLESTANDARD,N
12767,N_2,PARSE_ERROR,Expecting value: line 1 column 1 (char 0)
47435,N_2,N2CONSPIRACY,N
47435,N_2,N2CONTROLMEDIA,N
47435,N_2,N2CONTROLECONOMY,N
47435,N_2,N2CONTROLGOV,N
47435,N_2,N2CONTROLOTHER,N
47435,N_2,N3COLLECTIVEBLAME,N
47435,N_2,N4HIDDENCONSPIRACY,N
47435,N_2,N4ISRAELHAND,N
47435,N_2,N5LOYALTY,N
47435,N_2,N6IDENTITYDENY,N
47435,N_2,N7COLLECTIVEGUILT,N
47435,N_2,N8VIOLENCE,N
47435,N_2,N9INCITEMENT,N
47435,N_2,N10SELFDETERMINATION,N
47435,N_2,N11JEWISHRIGHTSDEFINE,N
47435,N_2,N11SELFDETERMINATION,N
47435,N_2,N11JEWISHRIGHTS,N
47435,N_2,N12DOUBLESTANDARD,N
2476,N_2,N2CONSPIRACY,N
2476,N_2,N2CONTROLMEDIA,N
2476,N_2,N2CONTROLECONOMY,N
2476,N_2,N2CONTROLGOV,N
2476,N_2,N2CONTROLOTHER,N
2476,N_2,N3COLLECTIVEBLAME,N
2476,N_2,N4HIDDENCONSPIRACY,N
2476,N_2,N4ISRAELHAND,N
2476,N_2,N5LOYALTY,I
2476,N_2,N6IDENTITYDENY,N
2476,N_2,N7COLLECTIVEGUILT,N
2476,N_2,N8VIOLENCE,N
2476,N_2,N9INCITEMENT,N
2476,N_2,N10SELFDETERMINATION,N
2476,N_2,N11JEWISHRIGHTSDEFINE,N
2476,N_2,N11SELFDETERMINATION,N
2476,N_2,N11JEWISHRIGHTS,N
2476,N_2,N12DOUBLESTANDARD,N
49529,N_2,N2CONSPIRACY,A
49529,N_2,N2CONTROLMEDIA,N
49529,N_2,N2CONTROLECONOMY,N
49529,N_2,N2CONTROLGOV,N
49529,N_2,N2CONTROLOTHER,N
49529,N_2,N3COLLECTIVEBLAME,A
49529,N_2,N4HIDDENCONSPIRACY,I
49529,N_2,N4ISRAELHAND,N
49529,N_2,N5LOYALTY,N
49529,N_2,N6IDENTITYDENY,N
49529,N_2,N7COLLECTIVEGUILT,N
49529,N_2,N8VIOLENCE,N
49529,N_2,N9INCITEMENT,N
49529,N_2,N10SELFDETERMINATION,N
49529,N_2,N11JEWISHRIGHTSDEFINE,N
49529,N_2,N11SELFDETERMINATION,N
49529,N_2,N11JEWISHRIGHTS,N
49529,N_2,N12DOUBLESTANDARD,N
46313,N_2,N2CONSPIRACY,N
46313,N_2,N2CONTROLMEDIA,N
46313,N_2,N2CONTROLECONOMY,N
46313,N_2,N2CONTROLGOV,N
46313,N_2,N2CONTROLOTHER,N
46313,N_2,N3COLLECTIVEBLAME,N
46313,N_2,N4HIDDENCONSPIRACY,N
46313,N_2,N4ISRAELHAND,N
46313,N_2,N5LOYALTY,N
46313,N_2,N6IDENTITYDENY,N
46313,N_2,N7COLLECTIVEGUILT,N
46313,N_2,N8VIOLENCE,N
46313,N_2,N9INCITEMENT,N
46313,N_2,N10SELFDETERMINATION,N
46313,N_2,N11JEWISHRIGHTSDEFINE,N
46313,N_2,N11SELFDETERMINATION,N
46313,N_2,N11JEWISHRIGHTS,N
46313,N_2,N12DOUBLESTANDARD,N
28276,N_2,N2CONSPIRACY,N
28276,N_2,N2CONTROLMEDIA,N
28276,N_2,N2CONTROLECONOMY,N
28276,N_2,N2CONTROLGOV,N
28276,N_2,N2CONTROLOTHER,N
28276,N_2,N3COLLECTIVEBLAME,N
28276,N_2,N4HIDDENCONSPIRACY,N
28276,N_2,N4ISRAELHAND,N
28276,N_2,N5LOYALTY,N
28276,N_2,N6IDENTITYDENY,N
28276,N_2,N7COLLECTIVEGUILT,N
28276,N_2,N8VIOLENCE,N
28276,N_2,N9INCITEMENT,N
28276,N_2,N10SELFDETERMINATION,N
28276,N_2,N11JEWISHRIGHTSDEFINE,N
28276,N_2,N11SELFDETERMINATION,N
28276,N_2,N11JEWISHRIGHTS,N
28276,N_2,N12DOUBLESTANDARD,N
5798,N_2,N2CONSPIRACY,N
5798,N_2,N2CONTROLMEDIA,N
5798,N_2,N2CONTROLECONOMY,N
5798,N_2,N2CONTROLGOV,N
5798,N_2,N2CONTROLOTHER,N
5798,N_2,N3COLLECTIVEBLAME,N
5798,N_2,N4HIDDENCONSPIRACY,N
5798,N_2,N4ISRAELHAND,N
5798,N_2,N5LOYALTY,N
5798,N_2,N6IDENTITYDENY,N
5798,N_2,N7COLLECTIVEGUILT,N
5798,N_2,N8VIOLENCE,N
5798,N_2,N9INCITEMENT,N
5798,N_2,N10SELFDETERMINATION,N
5798,N_2,N11JEWISHRIGHTSDEFINE,N
5798,N_2,N11SELFDETERMINATION,N
5798,N_2,N11JEWISHRIGHTS,N
5798,N_2,N12DOUBLESTANDARD,N
9467,N_2,N2CONSPIRACY,N
9467,N_2,N2CONTROLMEDIA,N
9467,N_2,N2CONTROLECONOMY,N
9467,N_2,N2CONTROLGOV,N
9467,N_2,N2CONTROLOTHER,N
9467,N_2,N3COLLECTIVEBLAME,N
9467,N_2,N4HIDDENCONSPIRACY,N
9467,N_2,N4ISRAELHAND,N
9467,N_2,N5LOYALTY,N
9467,N_2,N6IDENTITYDENY,N
9467,N_2,N7COLLECTIVEGUILT,N
9467,N_2,N8VIOLENCE,N
9467,N_2,N9INCITEMENT,N
9467,N_2,N10SELFDETERMINATION,N
9467,N_2,N11JEWISHRIGHTSDEFINE,N
9467,N_2,N11SELFDETERMINATION,N
9467,N_2,N11JEWISHRIGHTS,N
9467,N_2,N12DOUBLESTANDARD,N
34276,N_2,N2CONSPIRACY,N
34276,N_2,N2CONTROLMEDIA,N
34276,N_2,N2CONTROLECONOMY,N
34276,N_2,N2CONTROLGOV,N
34276,N_2,N2CONTROLOTHER,N
34276,N_2,N3COLLECTIVEBLAME,N
34276,N_2,N4HIDDENCONSPIRACY,N
34276,N_2,N4ISRAELHAND,N
34276,N_2,N5LOYALTY,N
34276,N_2,N6IDENTITYDENY,N
34276,N_2,N7COLLECTIVEGUILT,N
34276,N_2,N8VIOLENCE,N
34276,N_2,N9INCITEMENT,N
34276,N_2,N10SELFDETERMINATION,N
34276,N_2,N11JEWISHRIGHTSDEFINE,N
34276,N_2,N11SELFDETERMINATION,N
34276,N_2,N11JEWISHRIGHTS,N
34276,N_2,N12DOUBLESTANDARD,N
15114,N_2,N2CONSPIRACY,N
15114,N_2,N2CONTROLMEDIA,N
15114,N_2,N2CONTROLECONOMY,N
15114,N_2,N2CONTROLGOV,N
15114,N_2,N2CONTROLOTHER,N
15114,N_2,N3COLLECTIVEBLAME,N
15114,N_2,N4HIDDENCONSPIRACY,N
15114,N_2,N4ISRAELHAND,N
15114,N_2,N5LOYALTY,N
15114,N_2,N6IDENTITYDENY,N
15114,N_2,N7COLLECTIVEGUILT,N
15114,N_2,N8VIOLENCE,N
15114,N_2,N9INCITEMENT,N
15114,N_2,N10SELFDETERMINATION,N
15114,N_2,N11JEWISHRIGHTSDEFINE,N
15114,N_2,N11SELFDETERMINATION,N
15114,N_2,N11JEWISHRIGHTS,N
15114,N_2,N12DOUBLESTANDARD,N
48907,N_2,N2CONSPIRACY,N
48907,N_2,N2CONTROLMEDIA,N
48907,N_2,N2CONTROLECONOMY,N
48907,N_2,N2CONTROLGOV,N
48907,N_2,N2CONTROLOTHER,N
48907,N_2,N3COLLECTIVEBLAME,N
48907,N_2,N4HIDDENCONSPIRACY,N
48907,N_2,N4ISRAELHAND,N
48907,N_2,N5LOYALTY,N
48907,N_2,N6IDENTITYDENY,N
48907,N_2,N7COLLECTIVEGUILT,N
48907,N_2,N8VIOLENCE,N
48907,N_2,N9INCITEMENT,N
48907,N_2,N10SELFDETERMINATION,N
48907,N_2,N11JEWISHRIGHTSDEFINE,N
48907,N_2,N11SELFDETERMINATION,N
48907,N_2,N11JEWISHRIGHTS,N
48907,N_2,N12DOUBLESTANDARD,N
35257,N_2,N2CONSPIRACY,N
35257,N_2,N2CONTROLMEDIA,N
35257,N_2,N2CONTROLECONOMY,N
35257,N_2,N2CONTROLGOV,N
35257,N_2,N2CONTROLOTHER,N
35257,N_2,N3COLLECTIVEBLAME,N
35257,N_2,N4HIDDENCONSPIRACY,N
35257,N_2,N4ISRAELHAND,N
35257,N_2,N5LOYALTY,N
35257,N_2,N6IDENTITYDENY,N
35257,N_2,N7COLLECTIVEGUILT,N
35257,N_2,N8VIOLENCE,N
35257,N_2,N9INCITEMENT,N
35257,N_2,N10SELFDETERMINATION,N
35257,N_2,N11JEWISHRIGHTSDEFINE,N
35257,N_2,N11SELFDETERMINATION,N
35257,N_2,N11JEWISHRIGHTS,N
35257,N_2,N12DOUBLESTANDARD,N
49653,N_2,N2CONSPIRACY,E
49653,N_2,N2CONTROLMEDIA,N
49653,N_2,N2CONTROLECONOMY,N
49653,N_2,N2CONTROLGOV,I
49653,N_2,N2CONTROLOTHER,I
49653,N_2,N3COLLECTIVEBLAME,E
49653,N_2,N4HIDDENCONSPIRACY,E
49653,N_2,N4ISRAELHAND,I
49653,N_2,N5LOYALTY,I
49653,N_2,N6IDENTITYDENY,N
49653,N_2,N7COLLECTIVEGUILT,E
49653,N_2,N8VIOLENCE,N
49653,N_2,N9INCITEMENT,I
49653,N_2,N10SELFDETERMINATION,N
49653,N_2,N11JEWISHRIGHTSDEFINE,N
49653,N_2,N11SELFDETERMINATION,N
49653,N_2,N11JEWISHRIGHTS,N
49653,N_2,N12DOUBLESTANDARD,N
44763,N_2,N2CONSPIRACY,N
44763,N_2,N2CONTROLMEDIA,N
44763,N_2,N2CONTROLECONOMY,N
44763,N_2,N2CONTROLGOV,N
44763,N_2,N2CONTROLOTHER,N
44763,N_2,N3COLLECTIVEBLAME,N
44763,N_2,N4HIDDENCONSPIRACY,N
44763,N_2,N4ISRAELHAND,N
44763,N_2,N5LOYALTY,N
44763,N_2,N6IDENTITYDENY,N
44763,N_2,N7COLLECTIVEGUILT,N
44763,N_2,N8VIOLENCE,N
44763,N_2,N9INCITEMENT,N
44763,N_2,N10SELFDETERMINATION,N
44763,N_2,N11JEWISHRIGHTSDEFINE,N
44763,N_2,N11SELFDETERMINATION,N
44763,N_2,N11JEWISHRIGHTS,N
44763,N_2,N12DOUBLESTANDARD,N
35885,N_2,N2CONSPIRACY,N
35885,N_2,N2CONTROLMEDIA,N
35885,N_2,N2CONTROLECONOMY,N
35885,N_2,N2CONTROLGOV,N
35885,N_2,N2CONTROLOTHER,N
35885,N_2,N3COLLECTIVEBLAME,N
35885,N_2,N4HIDDENCONSPIRACY,N
35885,N_2,N4ISRAELHAND,N
35885,N_2,N5LOYALTY,N
35885,N_2,N6IDENTITYDENY,N
35885,N_2,N7COLLECTIVEGUILT,N
35885,N_2,N8VIOLENCE,N
35885,N_2,N9INCITEMENT,N
35885,N_2,N10SELFDETERMINATION,N
35885,N_2,N11JEWISHRIGHTSDEFINE,N
35885,N_2,N11SELFDETERMINATION,N
35885,N_2,N11JEWISHRIGHTS,N
35885,N_2,N12DOUBLESTANDARD,N
8069,N_2,N2CONSPIRACY,N
8069,N_2,N2CONTROLMEDIA,N
8069,N_2,N2CONTROLECONOMY,N
8069,N_2,N2CONTROLGOV,N
8069,N_2,N2CONTROLOTHER,N
8069,N_2,N3COLLECTIVEBLAME,E
8069,N_2,N4HIDDENCONSPIRACY,N
8069,N_2,N4ISRAELHAND,N
8069,N_2,N5LOYALTY,N
8069,N_2,N6IDENTITYDENY,N
8069,N_2,N7COLLECTIVEGUILT,N
8069,N_2,N8VIOLENCE,N
8069,N_2,N9INCITEMENT,N
8069,N_2,N10SELFDETERMINATION,N
8069,N_2,N11JEWISHRIGHTSDEFINE,N
8069,N_2,N11SELFDETERMINATION,N
8069,N_2,N11JEWISHRIGHTS,N
8069,N_2,N12DOUBLESTANDARD,N
13273,N_2,N2CONSPIRACY,N
13273,N_2,N2CONTROLMEDIA,N
13273,N_2,N2CONTROLECONOMY,N
13273,N_2,N2CONTROLGOV,N
13273,N_2,N2CONTROLOTHER,N
13273,N_2,N3COLLECTIVEBLAME,N
13273,N_2,N4HIDDENCONSPIRACY,N
13273,N_2,N4ISRAELHAND,N
13273,N_2,N5LOYALTY,N
13273,N_2,N6IDENTITYDENY,N
13273,N_2,N7COLLECTIVEGUILT,N
13273,N_2,N8VIOLENCE,N
13273,N_2,N9INCITEMENT,N
13273,N_2,N10SELFDETERMINATION,N
13273,N_2,N11JEWISHRIGHTSDEFINE,N
13273,N_2,N11SELFDETERMINATION,N
13273,N_2,N11JEWISHRIGHTS,N
13273,N_2,N12DOUBLESTANDARD,N
43721,N_2,N2CONSPIRACY,N
43721,N_2,N2CONTROLMEDIA,N
43721,N_2,N2CONTROLECONOMY,N
43721,N_2,N2CONTROLGOV,N
43721,N_2,N2CONTROLOTHER,N
43721,N_2,N3COLLECTIVEBLAME,N
43721,N_2,N4HIDDENCONSPIRACY,N
43721,N_2,N4ISRAELHAND,N
43721,N_2,N5LOYALTY,N
43721,N_2,N6IDENTITYDENY,N
43721,N_2,N7COLLECTIVEGUILT,N
43721,N_2,N8VIOLENCE,N
43721,N_2,N9INCITEMENT,N
43721,N_2,N10SELFDETERMINATION,N
43721,N_2,N11JEWISHRIGHTSDEFINE,N
43721,N_2,N11SELFDETERMINATION,N
43721,N_2,N11JEWISHRIGHTS,N
43721,N_2,N12DOUBLESTANDARD,N
981,N_2,N2CONSPIRACY,N
981,N_2,N2CONTROLMEDIA,N
981,N_2,N2CONTROLECONOMY,N
981,N_2,N2CONTROLGOV,N
981,N_2,N2CONTROLOTHER,N
981,N_2,N3COLLECTIVEBLAME,N
981,N_2,N4HIDDENCONSPIRACY,N
981,N_2,N4ISRAELHAND,N
981,N_2,N5LOYALTY,N
981,N_2,N6IDENTITYDENY,N
981,N_2,N7COLLECTIVEGUILT,N
981,N_2,N8VIOLENCE,N
981,N_2,N9INCITEMENT,N
981,N_2,N10SELFDETERMINATION,N
981,N_2,N11JEWISHRIGHTSDEFINE,N
981,N_2,N11SELFDETERMINATION,N
981,N_2,N11JEWISHRIGHTS,N
981,N_2,N12DOUBLESTANDARD,N
31489,N_2,N2CONSPIRACY,N
31489,N_2,N2CONTROLMEDIA,N
31489,N_2,N2CONTROLECONOMY,N
31489,N_2,N2CONTROLGOV,N
31489,N_2,N2CONTROLOTHER,N
31489,N_2,N3COLLECTIVEBLAME,N
31489,N_2,N4HIDDENCONSPIRACY,N
31489,N_2,N4ISRAELHAND,N
31489,N_2,N5LOYALTY,N
31489,N_2,N6IDENTITYDENY,N
31489,N_2,N7COLLECTIVEGUILT,E
31489,N_2,N8VIOLENCE,N
31489,N_2,N9INCITEMENT,E
31489,N_2,N10SELFDETERMINATION,N
31489,N_2,N11JEWISHRIGHTSDEFINE,N
31489,N_2,N11SELFDETERMINATION,N
31489,N_2,N11JEWISHRIGHTS,N
31489,N_2,N12DOUBLESTANDARD,N
11840,N_2,N2CONSPIRACY,N
11840,N_2,N2CONTROLMEDIA,N
11840,N_2,N2CONTROLECONOMY,N
11840,N_2,N2CONTROLGOV,N
11840,N_2,N2CONTROLOTHER,N
11840,N_2,N3COLLECTIVEBLAME,N
11840,N_2,N4HIDDENCONSPIRACY,N
11840,N_2,N4ISRAELHAND,N
11840,N_2,N5LOYALTY,N
11840,N_2,N6IDENTITYDENY,N
11840,N_2,N7COLLECTIVEGUILT,N
11840,N_2,N8VIOLENCE,E
11840,N_2,N9INCITEMENT,E
11840,N_2,N10SELFDETERMINATION,N
11840,N_2,N11JEWISHRIGHTSDEFINE,N
11840,N_2,N11SELFDETERMINATION,N
11840,N_2,N11JEWISHRIGHTS,N
11840,N_2,N12DOUBLESTANDARD,N
37120,N_2,N2CONSPIRACY,N
37120,N_2,N2CONTROLMEDIA,N
37120,N_2,N2CONTROLECONOMY,N
37120,N_2,N2CONTROLGOV,N
37120,N_2,N2CONTROLOTHER,N
37120,N_2,N3COLLECTIVEBLAME,N
37120,N_2,N4HIDDENCONSPIRACY,N
37120,N_2,N4ISRAELHAND,N
37120,N_2,N5LOYALTY,N
37120,N_2,N6IDENTITYDENY,N
37120,N_2,N7COLLECTIVEGUILT,N
37120,N_2,N8VIOLENCE,N
37120,N_2,N9INCITEMENT,N
37120,N_2,N10SELFDETERMINATION,N
37120,N_2,N11JEWISHRIGHTSDEFINE,N
37120,N_2,N11SELFDETERMINATION,N
37120,N_2,N11JEWISHRIGHTS,N
37120,N_2,N12DOUBLESTANDARD,N
21550,N_2,N2CONSPIRACY,N
21550,N_2,N2CONTROLMEDIA,N
21550,N_2,N2CONTROLECONOMY,N
21550,N_2,N2CONTROLGOV,N
21550,N_2,N2CONTROLOTHER,N
21550,N_2,N3COLLECTIVEBLAME,N
21550,N_2,N4HIDDENCONSPIRACY,N
21550,N_2,N4ISRAELHAND,N
21550,N_2,N5LOYALTY,N
21550,N_2,N6IDENTITYDENY,N
21550,N_2,N7COLLECTIVEGUILT,N
21550,N_2,N8VIOLENCE,N
21550,N_2,N9INCITEMENT,N
21550,N_2,N10SELFDETERMINATION,N
21550,N_2,N11JEWISHRIGHTSDEFINE,N
21550,N_2,N11SELFDETERMINATION,N
21550,N_2,N11JEWISHRIGHTS,N
21550,N_2,N12DOUBLESTANDARD,N
46874,N_2,N2CONSPIRACY,N
46874,N_2,N2CONTROLMEDIA,N
46874,N_2,N2CONTROLECONOMY,N
46874,N_2,N2CONTROLGOV,N
46874,N_2,N2CONTROLOTHER,N
46874,N_2,N3COLLECTIVEBLAME,N
46874,N_2,N4HIDDENCONSPIRACY,N
46874,N_2,N4ISRAELHAND,N
46874,N_2,N5LOYALTY,N
46874,N_2,N6IDENTITYDENY,N
46874,N_2,N7COLLECTIVEGUILT,N
46874,N_2,N8VIOLENCE,N
46874,N_2,N9INCITEMENT,N
46874,N_2,N10SELFDETERMINATION,N
46874,N_2,N11JEWISHRIGHTSDEFINE,N
46874,N_2,N11SELFDETERMINATION,N
46874,N_2,N11JEWISHRIGHTS,N
46874,N_2,N12DOUBLESTANDARD,N
35082,N_2,N2CONSPIRACY,N
35082,N_2,N2CONTROLMEDIA,N
35082,N_2,N2CONTROLECONOMY,N
35082,N_2,N2CONTROLGOV,N
35082,N_2,N2CONTROLOTHER,N
35082,N_2,N3COLLECTIVEBLAME,N
35082,N_2,N4HIDDENCONSPIRACY,N
35082,N_2,N4ISRAELHAND,N
35082,N_2,N5LOYALTY,N
35082,N_2,N6IDENTITYDENY,N
35082,N_2,N7COLLECTIVEGUILT,N
35082,N_2,N8VIOLENCE,N
35082,N_2,N9INCITEMENT,N
35082,N_2,N10SELFDETERMINATION,N
35082,N_2,N11JEWISHRIGHTSDEFINE,N
35082,N_2,N11SELFDETERMINATION,N
35082,N_2,N11JEWISHRIGHTS,N
35082,N_2,N12DOUBLESTANDARD,N
2208,N_2,N2CONSPIRACY,N
2208,N_2,N2CONTROLMEDIA,N
2208,N_2,N2CONTROLECONOMY,N
2208,N_2,N2CONTROLGOV,N
2208,N_2,N2CONTROLOTHER,N
2208,N_2,N3COLLECTIVEBLAME,N
2208,N_2,N4HIDDENCONSPIRACY,N
2208,N_2,N4ISRAELHAND,N
2208,N_2,N5LOYALTY,N
2208,N_2,N6IDENTITYDENY,N
2208,N_2,N7COLLECTIVEGUILT,N
2208,N_2,N8VIOLENCE,N
2208,N_2,N9INCITEMENT,N
2208,N_2,N10SELFDETERMINATION,N
2208,N_2,N11JEWISHRIGHTSDEFINE,N
2208,N_2,N11SELFDETERMINATION,N
2208,N_2,N11JEWISHRIGHTS,N
2208,N_2,N12DOUBLESTANDARD,N
20228,N_2,N2CONSPIRACY,N
20228,N_2,N2CONTROLMEDIA,N
20228,N_2,N2CONTROLECONOMY,N
20228,N_2,N2CONTROLGOV,N
20228,N_2,N2CONTROLOTHER,N
20228,N_2,N3COLLECTIVEBLAME,N
20228,N_2,N4HIDDENCONSPIRACY,N
20228,N_2,N4ISRAELHAND,N
20228,N_2,N5LOYALTY,N
20228,N_2,N6IDENTITYDENY,N
20228,N_2,N7COLLECTIVEGUILT,N
20228,N_2,N8VIOLENCE,N
20228,N_2,N9INCITEMENT,N
20228,N_2,N10SELFDETERMINATION,N
20228,N_2,N11JEWISHRIGHTSDEFINE,N
20228,N_2,N11SELFDETERMINATION,N
20228,N_2,N11JEWISHRIGHTS,N
20228,N_2,N12DOUBLESTANDARD,N
47706,N_2,N2CONSPIRACY,I
47706,N_2,N2CONTROLMEDIA,N
47706,N_2,N2CONTROLECONOMY,N
47706,N_2,N2CONTROLGOV,I
47706,N_2,N2CONTROLOTHER,N
47706,N_2,N3COLLECTIVEBLAME,N
47706,N_2,N4HIDDENCONSPIRACY,N
47706,N_2,N4ISRAELHAND,N
47706,N_2,N5LOYALTY,N
47706,N_2,N6IDENTITYDENY,N
47706,N_2,N7COLLECTIVEGUILT,N
47706,N_2,N8VIOLENCE,N
47706,N_2,N9INCITEMENT,N
47706,N_2,N10SELFDETERMINATION,N
47706,N_2,N11JEWISHRIGHTSDEFINE,N
47706,N_2,N11SELFDETERMINATION,N
47706,N_2,N11JEWISHRIGHTS,N
47706,N_2,N12DOUBLESTANDARD,N
14581,N_2,N2CONSPIRACY,N
14581,N_2,N2CONTROLMEDIA,N
14581,N_2,N2CONTROLECONOMY,N
14581,N_2,N2CONTROLGOV,N
14581,N_2,N2CONTROLOTHER,N
14581,N_2,N3COLLECTIVEBLAME,N
14581,N_2,N4HIDDENCONSPIRACY,N
14581,N_2,N4ISRAELHAND,N
14581,N_2,N5LOYALTY,N
14581,N_2,N6IDENTITYDENY,N
14581,N_2,N7COLLECTIVEGUILT,N
14581,N_2,N8VIOLENCE,N
14581,N_2,N9INCITEMENT,N
14581,N_2,N10SELFDETERMINATION,N
14581,N_2,N11JEWISHRIGHTSDEFINE,N
14581,N_2,N11SELFDETERMINATION,N
14581,N_2,N11JEWISHRIGHTS,N
14581,N_2,N12DOUBLESTANDARD,N
42935,N_2,N2CONSPIRACY,N
42935,N_2,N2CONTROLMEDIA,N
42935,N_2,N2CONTROLECONOMY,N
42935,N_2,N2CONTROLGOV,N
42935,N_2,N2CONTROLOTHER,N
42935,N_2,N3COLLECTIVEBLAME,N
42935,N_2,N4HIDDENCONSPIRACY,N
42935,N_2,N4ISRAELHAND,N
42935,N_2,N5LOYALTY,N
42935,N_2,N6IDENTITYDENY,N
42935,N_2,N7COLLECTIVEGUILT,N
42935,N_2,N8VIOLENCE,N
42935,N_2,N9INCITEMENT,N
42935,N_2,N10SELFDETERMINATION,N
42935,N_2,N11JEWISHRIGHTSDEFINE,N
42935,N_2,N11SELFDETERMINATION,N
42935,N_2,N11JEWISHRIGHTS,N
42935,N_2,N12DOUBLESTANDARD,N
39362,N_2,N2CONSPIRACY,N
39362,N_2,N2CONTROLMEDIA,N
39362,N_2,N2CONTROLECONOMY,N
39362,N_2,N2CONTROLGOV,N
39362,N_2,N2CONTROLOTHER,N
39362,N_2,N3COLLECTIVEBLAME,N
39362,N_2,N4HIDDENCONSPIRACY,N
39362,N_2,N4ISRAELHAND,N
39362,N_2,N5LOYALTY,N
39362,N_2,N6IDENTITYDENY,N
39362,N_2,N7COLLECTIVEGUILT,N
39362,N_2,N8VIOLENCE,N
39362,N_2,N9INCITEMENT,N
39362,N_2,N10SELFDETERMINATION,N
39362,N_2,N11JEWISHRIGHTSDEFINE,N
39362,N_2,N11SELFDETERMINATION,N
39362,N_2,N11JEWISHRIGHTS,N
39362,N_2,N12DOUBLESTANDARD,N
3954,N_2,N2CONSPIRACY,N
3954,N_2,N2CONTROLMEDIA,N
3954,N_2,N2CONTROLECONOMY,N
3954,N_2,N2CONTROLGOV,N
3954,N_2,N2CONTROLOTHER,N
3954,N_2,N3COLLECTIVEBLAME,N
3954,N_2,N4HIDDENCONSPIRACY,N
3954,N_2,N4ISRAELHAND,N
3954,N_2,N5LOYALTY,N
3954,N_2,N6IDENTITYDENY,N
3954,N_2,N7COLLECTIVEGUILT,N
3954,N_2,N8VIOLENCE,N
3954,N_2,N9INCITEMENT,N
3954,N_2,N10SELFDETERMINATION,N
3954,N_2,N11JEWISHRIGHTSDEFINE,N
3954,N_2,N11SELFDETERMINATION,N
3954,N_2,N11JEWISHRIGHTS,N
3954,N_2,N12DOUBLESTANDARD,N
32861,N_2,N2CONSPIRACY,N
32861,N_2,N2CONTROLMEDIA,N
32861,N_2,N2CONTROLECONOMY,N
32861,N_2,N2CONTROLGOV,N
32861,N_2,N2CONTROLOTHER,N
32861,N_2,N3COLLECTIVEBLAME,N
32861,N_2,N4HIDDENCONSPIRACY,N
32861,N_2,N4ISRAELHAND,N
32861,N_2,N5LOYALTY,N
32861,N_2,N6IDENTITYDENY,N
32861,N_2,N7COLLECTIVEGUILT,N
32861,N_2,N8VIOLENCE,N
32861,N_2,N9INCITEMENT,N
32861,N_2,N10SELFDETERMINATION,N
32861,N_2,N11JEWISHRIGHTSDEFINE,N
32861,N_2,N11SELFDETERMINATION,N
32861,N_2,N11JEWISHRIGHTS,N
32861,N_2,N12DOUBLESTANDARD,N
47793,N_2,N2CONSPIRACY,I
47793,N_2,N2CONTROLMEDIA,N
47793,N_2,N2CONTROLECONOMY,N
47793,N_2,N2CONTROLGOV,I
47793,N_2,N2CONTROLOTHER,N
47793,N_2,N3COLLECTIVEBLAME,N
47793,N_2,N4HIDDENCONSPIRACY,N
47793,N_2,N4ISRAELHAND,I
47793,N_2,N5LOYALTY,I
47793,N_2,N6IDENTITYDENY,N
47793,N_2,N7COLLECTIVEGUILT,N
47793,N_2,N8VIOLENCE,N
47793,N_2,N9INCITEMENT,N
47793,N_2,N10SELFDETERMINATION,N
47793,N_2,N11JEWISHRIGHTSDEFINE,N
47793,N_2,N11SELFDETERMINATION,N
47793,N_2,N11JEWISHRIGHTS,N
47793,N_2,N12DOUBLESTANDARD,N
48598,N_2,N2CONSPIRACY,N
48598,N_2,N2CONTROLMEDIA,N
48598,N_2,N2CONTROLECONOMY,N
48598,N_2,N2CONTROLGOV,N
48598,N_2,N2CONTROLOTHER,N
48598,N_2,N3COLLECTIVEBLAME,N
48598,N_2,N4HIDDENCONSPIRACY,N
48598,N_2,N4ISRAELHAND,N
48598,N_2,N5LOYALTY,N
48598,N_2,N6IDENTITYDENY,N
48598,N_2,N7COLLECTIVEGUILT,N
48598,N_2,N8VIOLENCE,N
48598,N_2,N9INCITEMENT,N
48598,N_2,N10SELFDETERMINATION,N
48598,N_2,N11JEWISHRIGHTSDEFINE,N
48598,N_2,N11SELFDETERMINATION,N
48598,N_2,N11JEWISHRIGHTS,N
48598,N_2,N12DOUBLESTANDARD,N
11438,N_2,N2CONSPIRACY,N
11438,N_2,N2CONTROLMEDIA,N
11438,N_2,N2CONTROLECONOMY,N
11438,N_2,N2CONTROLGOV,N
11438,N_2,N2CONTROLOTHER,N
11438,N_2,N3COLLECTIVEBLAME,N
11438,N_2,N4HIDDENCONSPIRACY,N
11438,N_2,N4ISRAELHAND,N
11438,N_2,N5LOYALTY,N
11438,N_2,N6IDENTITYDENY,N
11438,N_2,N7COLLECTIVEGUILT,N
11438,N_2,N8VIOLENCE,N
11438,N_2,N9INCITEMENT,N
11438,N_2,N10SELFDETERMINATION,N
11438,N_2,N11JEWISHRIGHTSDEFINE,N
11438,N_2,N11SELFDETERMINATION,N
11438,N_2,N11JEWISHRIGHTS,N
11438,N_2,N12DOUBLESTANDARD,N
20568,N_2,N2CONSPIRACY,N
20568,N_2,N2CONTROLMEDIA,N
20568,N_2,N2CONTROLECONOMY,N
20568,N_2,N2CONTROLGOV,N
20568,N_2,N2CONTROLOTHER,N
20568,N_2,N3COLLECTIVEBLAME,N
20568,N_2,N4HIDDENCONSPIRACY,N
20568,N_2,N4ISRAELHAND,N
20568,N_2,N5LOYALTY,N
20568,N_2,N6IDENTITYDENY,N
20568,N_2,N7COLLECTIVEGUILT,N
20568,N_2,N8VIOLENCE,N
20568,N_2,N9INCITEMENT,N
20568,N_2,N10SELFDETERMINATION,N
20568,N_2,N11JEWISHRIGHTSDEFINE,N
20568,N_2,N11SELFDETERMINATION,N
20568,N_2,N11JEWISHRIGHTS,N
20568,N_2,N12DOUBLESTANDARD,N
41155,N_2,N2CONSPIRACY,N
41155,N_2,N2CONTROLMEDIA,N
41155,N_2,N2CONTROLECONOMY,N
41155,N_2,N2CONTROLGOV,N
41155,N_2,N2CONTROLOTHER,N
41155,N_2,N3COLLECTIVEBLAME,N
41155,N_2,N4HIDDENCONSPIRACY,N
41155,N_2,N4ISRAELHAND,N
41155,N_2,N5LOYALTY,N
41155,N_2,N6IDENTITYDENY,N
41155,N_2,N7COLLECTIVEGUILT,N
41155,N_2,N8VIOLENCE,I
41155,N_2,N9INCITEMENT,I
41155,N_2,N10SELFDETERMINATION,N
41155,N_2,N11JEWISHRIGHTSDEFINE,N
41155,N_2,N11SELFDETERMINATION,N
41155,N_2,N11JEWISHRIGHTS,N
41155,N_2,N12DOUBLESTANDARD,N
13670,N_2,N2CONSPIRACY,N
13670,N_2,N2CONTROLMEDIA,N
13670,N_2,N2CONTROLECONOMY,N
13670,N_2,N2CONTROLGOV,N
13670,N_2,N2CONTROLOTHER,N
13670,N_2,N3COLLECTIVEBLAME,N
13670,N_2,N4HIDDENCONSPIRACY,I
13670,N_2,N4ISRAELHAND,N
13670,N_2,N5LOYALTY,N
13670,N_2,N6IDENTITYDENY,N
13670,N_2,N7COLLECTIVEGUILT,N
13670,N_2,N8VIOLENCE,N
13670,N_2,N9INCITEMENT,N
13670,N_2,N10SELFDETERMINATION,N
13670,N_2,N11JEWISHRIGHTSDEFINE,N
13670,N_2,N11SELFDETERMINATION,N
13670,N_2,N11JEWISHRIGHTS,N
13670,N_2,N12DOUBLESTANDARD,N
1647,N_2,N2CONSPIRACY,N
1647,N_2,N2CONTROLMEDIA,N
1647,N_2,N2CONTROLECONOMY,N
1647,N_2,N2CONTROLGOV,N
1647,N_2,N2CONTROLOTHER,N
1647,N_2,N3COLLECTIVEBLAME,N
1647,N_2,N4HIDDENCONSPIRACY,N
1647,N_2,N4ISRAELHAND,N
1647,N_2,N5LOYALTY,N
1647,N_2,N6IDENTITYDENY,N
1647,N_2,N7COLLECTIVEGUILT,N
1647,N_2,N8VIOLENCE,N
1647,N_2,N9INCITEMENT,E
1647,N_2,N10SELFDETERMINATION,N
1647,N_2,N11JEWISHRIGHTSDEFINE,N
1647,N_2,N11SELFDETERMINATION,N
1647,N_2,N11JEWISHRIGHTS,N
1647,N_2,N12DOUBLESTANDARD,N
28704,N_2,N2CONSPIRACY,N
28704,N_2,N2CONTROLMEDIA,N
28704,N_2,N2CONTROLECONOMY,N
28704,N_2,N2CONTROLGOV,N
28704,N_2,N2CONTROLOTHER,N
28704,N_2,N3COLLECTIVEBLAME,N
28704,N_2,N4HIDDENCONSPIRACY,N
28704,N_2,N4ISRAELHAND,N
28704,N_2,N5LOYALTY,N
28704,N_2,N6IDENTITYDENY,N
28704,N_2,N7COLLECTIVEGUILT,N
28704,N_2,N8VIOLENCE,N
28704,N_2,N9INCITEMENT,N
28704,N_2,N10SELFDETERMINATION,N
28704,N_2,N11JEWISHRIGHTSDEFINE,N
28704,N_2,N11SELFDETERMINATION,N
28704,N_2,N11JEWISHRIGHTS,N
28704,N_2,N12DOUBLESTANDARD,N
40120,N_2,N2CONSPIRACY,N
40120,N_2,N2CONTROLMEDIA,N
40120,N_2,N2CONTROLECONOMY,N
40120,N_2,N2CONTROLGOV,N
40120,N_2,N2CONTROLOTHER,N
40120,N_2,N3COLLECTIVEBLAME,N
40120,N_2,N4HIDDENCONSPIRACY,N
40120,N_2,N4ISRAELHAND,N
40120,N_2,N5LOYALTY,N
40120,N_2,N6IDENTITYDENY,N
40120,N_2,N7COLLECTIVEGUILT,N
40120,N_2,N8VIOLENCE,N
40120,N_2,N9INCITEMENT,N
40120,N_2,N10SELFDETERMINATION,N
40120,N_2,N11JEWISHRIGHTSDEFINE,N
40120,N_2,N11SELFDETERMINATION,N
40120,N_2,N11JEWISHRIGHTS,N
40120,N_2,N12DOUBLESTANDARD,N
34920,N_2,N2CONSPIRACY,N
34920,N_2,N2CONTROLMEDIA,N
34920,N_2,N2CONTROLECONOMY,N
34920,N_2,N2CONTROLGOV,N
34920,N_2,N2CONTROLOTHER,N
34920,N_2,N3COLLECTIVEBLAME,N
34920,N_2,N4HIDDENCONSPIRACY,N
34920,N_2,N4ISRAELHAND,N
34920,N_2,N5LOYALTY,N
34920,N_2,N6IDENTITYDENY,N
34920,N_2,N7COLLECTIVEGUILT,N
34920,N_2,N8VIOLENCE,N
34920,N_2,N9INCITEMENT,N
34920,N_2,N10SELFDETERMINATION,N
34920,N_2,N11JEWISHRIGHTSDEFINE,N
34920,N_2,N11SELFDETERMINATION,N
34920,N_2,N11JEWISHRIGHTS,N
34920,N_2,N12DOUBLESTANDARD,N
9758,N_2,N2CONSPIRACY,N
9758,N_2,N2CONTROLMEDIA,N
9758,N_2,N2CONTROLECONOMY,N
9758,N_2,N2CONTROLGOV,N
9758,N_2,N2CONTROLOTHER,N
9758,N_2,N3COLLECTIVEBLAME,N
9758,N_2,N4HIDDENCONSPIRACY,N
9758,N_2,N4ISRAELHAND,N
9758,N_2,N5LOYALTY,N
9758,N_2,N6IDENTITYDENY,N
9758,N_2,N7COLLECTIVEGUILT,N
9758,N_2,N8VIOLENCE,N
9758,N_2,N9INCITEMENT,N
9758,N_2,N10SELFDETERMINATION,N
9758,N_2,N11JEWISHRIGHTSDEFINE,N
9758,N_2,N11SELFDETERMINATION,N
9758,N_2,N11JEWISHRIGHTS,N
9758,N_2,N12DOUBLESTANDARD,N
4117,N_2,N2CONSPIRACY,N
4117,N_2,N2CONTROLMEDIA,N
4117,N_2,N2CONTROLECONOMY,N
4117,N_2,N2CONTROLGOV,N
4117,N_2,N2CONTROLOTHER,N
4117,N_2,N3COLLECTIVEBLAME,N
4117,N_2,N4HIDDENCONSPIRACY,N
4117,N_2,N4ISRAELHAND,N
4117,N_2,N5LOYALTY,N
4117,N_2,N6IDENTITYDENY,N
4117,N_2,N7COLLECTIVEGUILT,N
4117,N_2,N8VIOLENCE,N
4117,N_2,N9INCITEMENT,N
4117,N_2,N10SELFDETERMINATION,N
4117,N_2,N11JEWISHRIGHTSDEFINE,N
4117,N_2,N11SELFDETERMINATION,N
4117,N_2,N11JEWISHRIGHTS,N
4117,N_2,N12DOUBLESTANDARD,N
8840,N_2,N2CONSPIRACY,N
8840,N_2,N2CONTROLMEDIA,N
8840,N_2,N2CONTROLECONOMY,N
8840,N_2,N2CONTROLGOV,N
8840,N_2,N2CONTROLOTHER,N
8840,N_2,N3COLLECTIVEBLAME,N
8840,N_2,N4HIDDENCONSPIRACY,N
8840,N_2,N4ISRAELHAND,N
8840,N_2,N5LOYALTY,N
8840,N_2,N6IDENTITYDENY,N
8840,N_2,N7COLLECTIVEGUILT,N
8840,N_2,N8VIOLENCE,N
8840,N_2,N9INCITEMENT,N
8840,N_2,N10SELFDETERMINATION,N
8840,N_2,N11JEWISHRIGHTSDEFINE,N
8840,N_2,N11SELFDETERMINATION,N
8840,N_2,N11JEWISHRIGHTS,N
8840,N_2,N12DOUBLESTANDARD,N
45955,N_2,N2CONSPIRACY,N
45955,N_2,N2CONTROLMEDIA,N
45955,N_2,N2CONTROLECONOMY,N
45955,N_2,N2CONTROLGOV,N
45955,N_2,N2CONTROLOTHER,N
45955,N_2,N3COLLECTIVEBLAME,N
45955,N_2,N4HIDDENCONSPIRACY,N
45955,N_2,N4ISRAELHAND,N
45955,N_2,N5LOYALTY,N
45955,N_2,N6IDENTITYDENY,N
45955,N_2,N7COLLECTIVEGUILT,N
45955,N_2,N8VIOLENCE,N
45955,N_2,N9INCITEMENT,N
45955,N_2,N10SELFDETERMINATION,N
45955,N_2,N11JEWISHRIGHTSDEFINE,N
45955,N_2,N11SELFDETERMINATION,N
45955,N_2,N11JEWISHRIGHTS,N
45955,N_2,N12DOUBLESTANDARD,N
32751,N_2,N2CONSPIRACY,N
32751,N_2,N2CONTROLMEDIA,N
32751,N_2,N2CONTROLECONOMY,N
32751,N_2,N2CONTROLGOV,N
32751,N_2,N2CONTROLOTHER,N
32751,N_2,N3COLLECTIVEBLAME,N
32751,N_2,N4HIDDENCONSPIRACY,N
32751,N_2,N4ISRAELHAND,N
32751,N_2,N5LOYALTY,N
32751,N_2,N6IDENTITYDENY,N
32751,N_2,N7COLLECTIVEGUILT,N
32751,N_2,N8VIOLENCE,N
32751,N_2,N9INCITEMENT,I
32751,N_2,N10SELFDETERMINATION,N
32751,N_2,N11JEWISHRIGHTSDEFINE,N
32751,N_2,N11SELFDETERMINATION,N
32751,N_2,N11JEWISHRIGHTS,N
32751,N_2,N12DOUBLESTANDARD,N
32313,N_2,N2CONSPIRACY,N
32313,N_2,N2CONTROLMEDIA,N
32313,N_2,N2CONTROLECONOMY,N
32313,N_2,N2CONTROLGOV,N
32313,N_2,N2CONTROLOTHER,N
32313,N_2,N3COLLECTIVEBLAME,N
32313,N_2,N4HIDDENCONSPIRACY,N
32313,N_2,N4ISRAELHAND,N
32313,N_2,N5LOYALTY,N
32313,N_2,N6IDENTITYDENY,N
32313,N_2,N7COLLECTIVEGUILT,N
32313,N_2,N8VIOLENCE,N
32313,N_2,N9INCITEMENT,N
32313,N_2,N10SELFDETERMINATION,N
32313,N_2,N11JEWISHRIGHTSDEFINE,N
32313,N_2,N11SELFDETERMINATION,N
32313,N_2,N11JEWISHRIGHTS,N
32313,N_2,N12DOUBLESTANDARD,N
43772,N_2,N2CONSPIRACY,N
43772,N_2,N2CONTROLMEDIA,I
43772,N_2,N2CONTROLECONOMY,N
43772,N_2,N2CONTROLGOV,N
43772,N_2,N2CONTROLOTHER,N
43772,N_2,N3COLLECTIVEBLAME,N
43772,N_2,N4HIDDENCONSPIRACY,N
43772,N_2,N4ISRAELHAND,N
43772,N_2,N5LOYALTY,I
43772,N_2,N6IDENTITYDENY,N
43772,N_2,N7COLLECTIVEGUILT,N
43772,N_2,N8VIOLENCE,N
43772,N_2,N9INCITEMENT,N
43772,N_2,N10SELFDETERMINATION,N
43772,N_2,N11JEWISHRIGHTSDEFINE,N
43772,N_2,N11SELFDETERMINATION,N
43772,N_2,N11JEWISHRIGHTS,N
43772,N_2,N12DOUBLESTANDARD,N
21042,N_2,N2CONSPIRACY,N
21042,N_2,N2CONTROLMEDIA,N
21042,N_2,N2CONTROLECONOMY,N
21042,N_2,N2CONTROLGOV,N
21042,N_2,N2CONTROLOTHER,N
21042,N_2,N3COLLECTIVEBLAME,N
21042,N_2,N4HIDDENCONSPIRACY,N
21042,N_2,N4ISRAELHAND,N
21042,N_2,N5LOYALTY,N
21042,N_2,N6IDENTITYDENY,N
21042,N_2,N7COLLECTIVEGUILT,N
21042,N_2,N8VIOLENCE,N
21042,N_2,N9INCITEMENT,N
21042,N_2,N10SELFDETERMINATION,N
21042,N_2,N11JEWISHRIGHTSDEFINE,N
21042,N_2,N11SELFDETERMINATION,N
21042,N_2,N11JEWISHRIGHTS,N
21042,N_2,N12DOUBLESTANDARD,N
5492,N_2,N2CONSPIRACY,N
5492,N_2,N2CONTROLMEDIA,N
5492,N_2,N2CONTROLECONOMY,N
5492,N_2,N2CONTROLGOV,N
5492,N_2,N2CONTROLOTHER,N
5492,N_2,N3COLLECTIVEBLAME,N
5492,N_2,N4HIDDENCONSPIRACY,N
5492,N_2,N4ISRAELHAND,N
5492,N_2,N5LOYALTY,N
5492,N_2,N6IDENTITYDENY,N
5492,N_2,N7COLLECTIVEGUILT,N
5492,N_2,N8VIOLENCE,N
5492,N_2,N9INCITEMENT,N
5492,N_2,N10SELFDETERMINATION,N
5492,N_2,N11JEWISHRIGHTSDEFINE,N
5492,N_2,N11SELFDETERMINATION,N
5492,N_2,N11JEWISHRIGHTS,N
5492,N_2,N12DOUBLESTANDARD,N
889,N_2,N2CONSPIRACY,N
889,N_2,N2CONTROLMEDIA,N
889,N_2,N2CONTROLECONOMY,N
889,N_2,N2CONTROLGOV,N
889,N_2,N2CONTROLOTHER,N
889,N_2,N3COLLECTIVEBLAME,N
889,N_2,N4HIDDENCONSPIRACY,N
889,N_2,N4ISRAELHAND,N
889,N_2,N5LOYALTY,N
889,N_2,N6IDENTITYDENY,N
889,N_2,N7COLLECTIVEGUILT,N
889,N_2,N8VIOLENCE,N
889,N_2,N9INCITEMENT,N
889,N_2,N10SELFDETERMINATION,N
889,N_2,N11JEWISHRIGHTSDEFINE,N
889,N_2,N11SELFDETERMINATION,N
889,N_2,N11JEWISHRIGHTS,N
889,N_2,N12DOUBLESTANDARD,N
17677,N_2,N2CONSPIRACY,N
17677,N_2,N2CONTROLMEDIA,N
17677,N_2,N2CONTROLECONOMY,N
17677,N_2,N2CONTROLGOV,N
17677,N_2,N2CONTROLOTHER,N
17677,N_2,N3COLLECTIVEBLAME,N
17677,N_2,N4HIDDENCONSPIRACY,N
17677,N_2,N4ISRAELHAND,N
17677,N_2,N5LOYALTY,N
17677,N_2,N6IDENTITYDENY,N
17677,N_2,N7COLLECTIVEGUILT,N
17677,N_2,N8VIOLENCE,N
17677,N_2,N9INCITEMENT,N
17677,N_2,N10SELFDETERMINATION,N
17677,N_2,N11JEWISHRIGHTSDEFINE,N
17677,N_2,N11SELFDETERMINATION,N
17677,N_2,N11JEWISHRIGHTS,N
17677,N_2,N12DOUBLESTANDARD,N
48389,N_2,N2CONSPIRACY,N
48389,N_2,N2CONTROLMEDIA,N
48389,N_2,N2CONTROLECONOMY,N
48389,N_2,N2CONTROLGOV,N
48389,N_2,N2CONTROLOTHER,N
48389,N_2,N3COLLECTIVEBLAME,N
48389,N_2,N4HIDDENCONSPIRACY,N
48389,N_2,N4ISRAELHAND,N
48389,N_2,N5LOYALTY,N
48389,N_2,N6IDENTITYDENY,N
48389,N_2,N7COLLECTIVEGUILT,N
48389,N_2,N8VIOLENCE,N
48389,N_2,N9INCITEMENT,N
48389,N_2,N10SELFDETERMINATION,N
48389,N_2,N11JEWISHRIGHTSDEFINE,N
48389,N_2,N11SELFDETERMINATION,N
48389,N_2,N11JEWISHRIGHTS,N
48389,N_2,N12DOUBLESTANDARD,N
44942,N_2,N2CONSPIRACY,N
44942,N_2,N2CONTROLMEDIA,N
44942,N_2,N2CONTROLECONOMY,N
44942,N_2,N2CONTROLGOV,N
44942,N_2,N2CONTROLOTHER,N
44942,N_2,N3COLLECTIVEBLAME,N
44942,N_2,N4HIDDENCONSPIRACY,N
44942,N_2,N4ISRAELHAND,N
44942,N_2,N5LOYALTY,N
44942,N_2,N6IDENTITYDENY,N
44942,N_2,N7COLLECTIVEGUILT,N
44942,N_2,N8VIOLENCE,N
44942,N_2,N9INCITEMENT,N
44942,N_2,N10SELFDETERMINATION,N
44942,N_2,N11JEWISHRIGHTSDEFINE,N
44942,N_2,N11SELFDETERMINATION,N
44942,N_2,N11JEWISHRIGHTS,N
44942,N_2,N12DOUBLESTANDARD,N
49655,N_2,N2CONSPIRACY,N
49655,N_2,N2CONTROLMEDIA,N
49655,N_2,N2CONTROLECONOMY,N
49655,N_2,N2CONTROLGOV,N
49655,N_2,N2CONTROLOTHER,N
49655,N_2,N3COLLECTIVEBLAME,N
49655,N_2,N4HIDDENCONSPIRACY,N
49655,N_2,N4ISRAELHAND,N
49655,N_2,N5LOYALTY,N
49655,N_2,N6IDENTITYDENY,N
49655,N_2,N7COLLECTIVEGUILT,N
49655,N_2,N8VIOLENCE,N
49655,N_2,N9INCITEMENT,N
49655,N_2,N10SELFDETERMINATION,N
49655,N_2,N11JEWISHRIGHTSDEFINE,N
49655,N_2,N11SELFDETERMINATION,N
49655,N_2,N11JEWISHRIGHTS,N
49655,N_2,N12DOUBLESTANDARD,N
49208,N_2,N2CONSPIRACY,N
49208,N_2,N2CONTROLMEDIA,N
49208,N_2,N2CONTROLECONOMY,N
49208,N_2,N2CONTROLGOV,N
49208,N_2,N2CONTROLOTHER,N
49208,N_2,N3COLLECTIVEBLAME,N
49208,N_2,N4HIDDENCONSPIRACY,N
49208,N_2,N4ISRAELHAND,N
49208,N_2,N5LOYALTY,N
49208,N_2,N6IDENTITYDENY,N
49208,N_2,N7COLLECTIVEGUILT,N
49208,N_2,N8VIOLENCE,N
49208,N_2,N9INCITEMENT,N
49208,N_2,N10SELFDETERMINATION,N
49208,N_2,N11JEWISHRIGHTSDEFINE,N
49208,N_2,N11SELFDETERMINATION,N
49208,N_2,N11JEWISHRIGHTS,N
49208,N_2,N12DOUBLESTANDARD,N
3944,N_2,N2CONSPIRACY,N
3944,N_2,N2CONTROLMEDIA,N
3944,N_2,N2CONTROLECONOMY,N
3944,N_2,N2CONTROLGOV,N
3944,N_2,N2CONTROLOTHER,N
3944,N_2,N3COLLECTIVEBLAME,N
3944,N_2,N4HIDDENCONSPIRACY,N
3944,N_2,N4ISRAELHAND,N
3944,N_2,N5LOYALTY,N
3944,N_2,N6IDENTITYDENY,N
3944,N_2,N7COLLECTIVEGUILT,N
3944,N_2,N8VIOLENCE,N
3944,N_2,N9INCITEMENT,N
3944,N_2,N10SELFDETERMINATION,N
3944,N_2,N11JEWISHRIGHTSDEFINE,N
3944,N_2,N11SELFDETERMINATION,N
3944,N_2,N11JEWISHRIGHTS,N
3944,N_2,N12DOUBLESTANDARD,N
20083,N_2,N2CONSPIRACY,N
20083,N_2,N2CONTROLMEDIA,N
20083,N_2,N2CONTROLECONOMY,N
20083,N_2,N2CONTROLGOV,N
20083,N_2,N2CONTROLOTHER,N
20083,N_2,N3COLLECTIVEBLAME,N
20083,N_2,N4HIDDENCONSPIRACY,N
20083,N_2,N4ISRAELHAND,N
20083,N_2,N5LOYALTY,N
20083,N_2,N6IDENTITYDENY,N
20083,N_2,N7COLLECTIVEGUILT,N
20083,N_2,N8VIOLENCE,N
20083,N_2,N9INCITEMENT,N
20083,N_2,N10SELFDETERMINATION,N
20083,N_2,N11JEWISHRIGHTSDEFINE,N
20083,N_2,N11SELFDETERMINATION,N
20083,N_2,N11JEWISHRIGHTS,N
20083,N_2,N12DOUBLESTANDARD,N
43197,N_2,N2CONSPIRACY,N
43197,N_2,N2CONTROLMEDIA,N
43197,N_2,N2CONTROLECONOMY,N
43197,N_2,N2CONTROLGOV,N
43197,N_2,N2CONTROLOTHER,N
43197,N_2,N3COLLECTIVEBLAME,N
43197,N_2,N4HIDDENCONSPIRACY,N
43197,N_2,N4ISRAELHAND,N
43197,N_2,N5LOYALTY,N
43197,N_2,N6IDENTITYDENY,N
43197,N_2,N7COLLECTIVEGUILT,N
43197,N_2,N8VIOLENCE,N
43197,N_2,N9INCITEMENT,N
43197,N_2,N10SELFDETERMINATION,N
43197,N_2,N11JEWISHRIGHTSDEFINE,N
43197,N_2,N11SELFDETERMINATION,N
43197,N_2,N11JEWISHRIGHTS,N
43197,N_2,N12DOUBLESTANDARD,N
11782,N_2,N2CONSPIRACY,N
11782,N_2,N2CONTROLMEDIA,N
11782,N_2,N2CONTROLECONOMY,N
11782,N_2,N2CONTROLGOV,N
11782,N_2,N2CONTROLOTHER,N
11782,N_2,N3COLLECTIVEBLAME,N
11782,N_2,N4HIDDENCONSPIRACY,N
11782,N_2,N4ISRAELHAND,N
11782,N_2,N5LOYALTY,N
11782,N_2,N6IDENTITYDENY,N
11782,N_2,N7COLLECTIVEGUILT,N
11782,N_2,N8VIOLENCE,N
11782,N_2,N9INCITEMENT,N
11782,N_2,N10SELFDETERMINATION,N
11782,N_2,N11JEWISHRIGHTSDEFINE,N
11782,N_2,N11SELFDETERMINATION,N
11782,N_2,N11JEWISHRIGHTS,N
11782,N_2,N12DOUBLESTANDARD,N
7992,N_2,N2CONSPIRACY,N
7992,N_2,N2CONTROLMEDIA,N
7992,N_2,N2CONTROLECONOMY,N
7992,N_2,N2CONTROLGOV,N
7992,N_2,N2CONTROLOTHER,N
7992,N_2,N3COLLECTIVEBLAME,N
7992,N_2,N4HIDDENCONSPIRACY,N
7992,N_2,N4ISRAELHAND,N
7992,N_2,N5LOYALTY,N
7992,N_2,N6IDENTITYDENY,N
7992,N_2,N7COLLECTIVEGUILT,N
7992,N_2,N8VIOLENCE,N
7992,N_2,N9INCITEMENT,N
7992,N_2,N10SELFDETERMINATION,N
7992,N_2,N11JEWISHRIGHTSDEFINE,N
7992,N_2,N11SELFDETERMINATION,N
7992,N_2,N11JEWISHRIGHTS,N
7992,N_2,N12DOUBLESTANDARD,N
33776,N_2,N2CONSPIRACY,N
33776,N_2,N2CONTROLMEDIA,N
33776,N_2,N2CONTROLECONOMY,N
33776,N_2,N2CONTROLGOV,N
33776,N_2,N2CONTROLOTHER,N
33776,N_2,N3COLLECTIVEBLAME,N
33776,N_2,N4HIDDENCONSPIRACY,N
33776,N_2,N4ISRAELHAND,N
33776,N_2,N5LOYALTY,N
33776,N_2,N6IDENTITYDENY,N
33776,N_2,N7COLLECTIVEGUILT,N
33776,N_2,N8VIOLENCE,N
33776,N_2,N9INCITEMENT,N
33776,N_2,N10SELFDETERMINATION,N
33776,N_2,N11JEWISHRIGHTSDEFINE,N
33776,N_2,N11SELFDETERMINATION,N
33776,N_2,N11JEWISHRIGHTS,N
33776,N_2,N12DOUBLESTANDARD,N
5371,N_2,N2CONSPIRACY,N
5371,N_2,N2CONTROLMEDIA,N
5371,N_2,N2CONTROLECONOMY,N
5371,N_2,N2CONTROLGOV,N
5371,N_2,N2CONTROLOTHER,N
5371,N_2,N3COLLECTIVEBLAME,N
5371,N_2,N4HIDDENCONSPIRACY,N
5371,N_2,N4ISRAELHAND,N
5371,N_2,N5LOYALTY,N
5371,N_2,N6IDENTITYDENY,N
5371,N_2,N7COLLECTIVEGUILT,N
5371,N_2,N8VIOLENCE,N
5371,N_2,N9INCITEMENT,N
5371,N_2,N10SELFDETERMINATION,N
5371,N_2,N11JEWISHRIGHTSDEFINE,N
5371,N_2,N11SELFDETERMINATION,N
5371,N_2,N11JEWISHRIGHTS,N
5371,N_2,N12DOUBLESTANDARD,N
13766,N_2,N2CONSPIRACY,N
13766,N_2,N2CONTROLMEDIA,N
13766,N_2,N2CONTROLECONOMY,N
13766,N_2,N2CONTROLGOV,N
13766,N_2,N2CONTROLOTHER,N
13766,N_2,N3COLLECTIVEBLAME,N
13766,N_2,N4HIDDENCONSPIRACY,N
13766,N_2,N4ISRAELHAND,N
13766,N_2,N5LOYALTY,N
13766,N_2,N6IDENTITYDENY,N
13766,N_2,N7COLLECTIVEGUILT,N
13766,N_2,N8VIOLENCE,N
13766,N_2,N9INCITEMENT,N
13766,N_2,N10SELFDETERMINATION,N
13766,N_2,N11JEWISHRIGHTSDEFINE,N
13766,N_2,N11SELFDETERMINATION,N
13766,N_2,N11JEWISHRIGHTS,N
13766,N_2,N12DOUBLESTANDARD,N
3972,N_2,N2CONSPIRACY,N
3972,N_2,N2CONTROLMEDIA,N
3972,N_2,N2CONTROLECONOMY,N
3972,N_2,N2CONTROLGOV,N
3972,N_2,N2CONTROLOTHER,N
3972,N_2,N3COLLECTIVEBLAME,N
3972,N_2,N4HIDDENCONSPIRACY,N
3972,N_2,N4ISRAELHAND,N
3972,N_2,N5LOYALTY,N
3972,N_2,N6IDENTITYDENY,N
3972,N_2,N7COLLECTIVEGUILT,N
3972,N_2,N8VIOLENCE,N
3972,N_2,N9INCITEMENT,N
3972,N_2,N10SELFDETERMINATION,N
3972,N_2,N11JEWISHRIGHTSDEFINE,N
3972,N_2,N11SELFDETERMINATION,N
3972,N_2,N11JEWISHRIGHTS,N
3972,N_2,N12DOUBLESTANDARD,N
15021,N_2,N2CONSPIRACY,N
15021,N_2,N2CONTROLMEDIA,N
15021,N_2,N2CONTROLECONOMY,N
15021,N_2,N2CONTROLGOV,N
15021,N_2,N2CONTROLOTHER,N
15021,N_2,N3COLLECTIVEBLAME,N
15021,N_2,N4HIDDENCONSPIRACY,N
15021,N_2,N4ISRAELHAND,N
15021,N_2,N5LOYALTY,N
15021,N_2,N6IDENTITYDENY,N
15021,N_2,N7COLLECTIVEGUILT,N
15021,N_2,N8VIOLENCE,N
15021,N_2,N9INCITEMENT,N
15021,N_2,N10SELFDETERMINATION,N
15021,N_2,N11JEWISHRIGHTSDEFINE,N
15021,N_2,N11SELFDETERMINATION,N
15021,N_2,N11JEWISHRIGHTS,N
15021,N_2,N12DOUBLESTANDARD,N
1876,N_2,N2CONSPIRACY,N
1876,N_2,N2CONTROLMEDIA,N
1876,N_2,N2CONTROLECONOMY,N
1876,N_2,N2CONTROLGOV,N
1876,N_2,N2CONTROLOTHER,N
1876,N_2,N3COLLECTIVEBLAME,A
1876,N_2,N4HIDDENCONSPIRACY,N
1876,N_2,N4ISRAELHAND,N
1876,N_2,N5LOYALTY,N
1876,N_2,N6IDENTITYDENY,N
1876,N_2,N7COLLECTIVEGUILT,A
1876,N_2,N8VIOLENCE,N
1876,N_2,N9INCITEMENT,A
1876,N_2,N10SELFDETERMINATION,N
1876,N_2,N11JEWISHRIGHTSDEFINE,N
1876,N_2,N11SELFDETERMINATION,N
1876,N_2,N11JEWISHRIGHTS,N
1876,N_2,N12DOUBLESTANDARD,N
8745,N_2,N2CONSPIRACY,N
8745,N_2,N2CONTROLMEDIA,N
8745,N_2,N2CONTROLECONOMY,N
8745,N_2,N2CONTROLGOV,N
8745,N_2,N2CONTROLOTHER,N
8745,N_2,N3COLLECTIVEBLAME,E
8745,N_2,N4HIDDENCONSPIRACY,N
8745,N_2,N4ISRAELHAND,N
8745,N_2,N5LOYALTY,N
8745,N_2,N6IDENTITYDENY,N
8745,N_2,N7COLLECTIVEGUILT,N
8745,N_2,N8VIOLENCE,N
8745,N_2,N9INCITEMENT,I
8745,N_2,N10SELFDETERMINATION,N
8745,N_2,N11JEWISHRIGHTSDEFINE,N
8745,N_2,N11SELFDETERMINATION,N
8745,N_2,N11JEWISHRIGHTS,N
8745,N_2,N12DOUBLESTANDARD,N
8712,N_2,N2CONSPIRACY,N
8712,N_2,N2CONTROLMEDIA,N
8712,N_2,N2CONTROLECONOMY,N
8712,N_2,N2CONTROLGOV,N
8712,N_2,N2CONTROLOTHER,N
8712,N_2,N3COLLECTIVEBLAME,N
8712,N_2,N4HIDDENCONSPIRACY,N
8712,N_2,N4ISRAELHAND,N
8712,N_2,N5LOYALTY,N
8712,N_2,N6IDENTITYDENY,N
8712,N_2,N7COLLECTIVEGUILT,N
8712,N_2,N8VIOLENCE,E
8712,N_2,N9INCITEMENT,E
8712,N_2,N10SELFDETERMINATION,N
8712,N_2,N11JEWISHRIGHTSDEFINE,N
8712,N_2,N11SELFDETERMINATION,N
8712,N_2,N11JEWISHRIGHTS,E
8712,N_2,N12DOUBLESTANDARD,N
3722,N_2,N2CONSPIRACY,N
3722,N_2,N2CONTROLMEDIA,N
3722,N_2,N2CONTROLECONOMY,N
3722,N_2,N2CONTROLGOV,N
3722,N_2,N2CONTROLOTHER,N
3722,N_2,N3COLLECTIVEBLAME,N
3722,N_2,N4HIDDENCONSPIRACY,N
3722,N_2,N4ISRAELHAND,N
3722,N_2,N5LOYALTY,N
3722,N_2,N6IDENTITYDENY,N
3722,N_2,N7COLLECTIVEGUILT,N
3722,N_2,N8VIOLENCE,N
3722,N_2,N9INCITEMENT,N
3722,N_2,N10SELFDETERMINATION,N
3722,N_2,N11JEWISHRIGHTSDEFINE,N
3722,N_2,N11SELFDETERMINATION,N
3722,N_2,N11JEWISHRIGHTS,N
3722,N_2,N12DOUBLESTANDARD,N
48931,N_2,N2CONSPIRACY,N
48931,N_2,N2CONTROLMEDIA,N
48931,N_2,N2CONTROLECONOMY,N
48931,N_2,N2CONTROLGOV,N
48931,N_2,N2CONTROLOTHER,N
48931,N_2,N3COLLECTIVEBLAME,N
48931,N_2,N4HIDDENCONSPIRACY,N
48931,N_2,N4ISRAELHAND,N
48931,N_2,N5LOYALTY,N
48931,N_2,N6IDENTITYDENY,N
48931,N_2,N7COLLECTIVEGUILT,N
48931,N_2,N8VIOLENCE,N
48931,N_2,N9INCITEMENT,N
48931,N_2,N10SELFDETERMINATION,N
48931,N_2,N11JEWISHRIGHTSDEFINE,N
48931,N_2,N11SELFDETERMINATION,N
48931,N_2,N11JEWISHRIGHTS,N
48931,N_2,N12DOUBLESTANDARD,N
6607,N_2,N2CONSPIRACY,E
6607,N_2,N2CONTROLMEDIA,N
6607,N_2,N2CONTROLECONOMY,N
6607,N_2,N2CONTROLGOV,N
6607,N_2,N2CONTROLOTHER,I
6607,N_2,N3COLLECTIVEBLAME,N
6607,N_2,N4HIDDENCONSPIRACY,E
6607,N_2,N4ISRAELHAND,N
6607,N_2,N5LOYALTY,N
6607,N_2,N6IDENTITYDENY,N
6607,N_2,N7COLLECTIVEGUILT,N
6607,N_2,N8VIOLENCE,N
6607,N_2,N9INCITEMENT,N
6607,N_2,N10SELFDETERMINATION,N
6607,N_2,N11JEWISHRIGHTSDEFINE,N
6607,N_2,N11SELFDETERMINATION,N
6607,N_2,N11JEWISHRIGHTS,N
6607,N_2,N12DOUBLESTANDARD,N
21915,N_2,N2CONSPIRACY,N
21915,N_2,N2CONTROLMEDIA,N
21915,N_2,N2CONTROLECONOMY,N
21915,N_2,N2CONTROLGOV,N
21915,N_2,N2CONTROLOTHER,N
21915,N_2,N3COLLECTIVEBLAME,N
21915,N_2,N4HIDDENCONSPIRACY,N
21915,N_2,N4ISRAELHAND,N
21915,N_2,N5LOYALTY,N
21915,N_2,N6IDENTITYDENY,N
21915,N_2,N7COLLECTIVEGUILT,N
21915,N_2,N8VIOLENCE,N
21915,N_2,N9INCITEMENT,N
21915,N_2,N10SELFDETERMINATION,N
21915,N_2,N11JEWISHRIGHTSDEFINE,N
21915,N_2,N11SELFDETERMINATION,N
21915,N_2,N11JEWISHRIGHTS,N
21915,N_2,N12DOUBLESTANDARD,N
20070,N_2,N2CONSPIRACY,N
20070,N_2,N2CONTROLMEDIA,N
20070,N_2,N2CONTROLECONOMY,N
20070,N_2,N2CONTROLGOV,N
20070,N_2,N2CONTROLOTHER,N
20070,N_2,N3COLLECTIVEBLAME,N
20070,N_2,N4HIDDENCONSPIRACY,N
20070,N_2,N4ISRAELHAND,N
20070,N_2,N5LOYALTY,N
20070,N_2,N6IDENTITYDENY,N
20070,N_2,N7COLLECTIVEGUILT,N
20070,N_2,N8VIOLENCE,N
20070,N_2,N9INCITEMENT,N
20070,N_2,N10SELFDETERMINATION,N
20070,N_2,N11JEWISHRIGHTSDEFINE,N
20070,N_2,N11SELFDETERMINATION,N
20070,N_2,N11JEWISHRIGHTS,N
20070,N_2,N12DOUBLESTANDARD,N
1730,N_2,N2CONSPIRACY,N
1730,N_2,N2CONTROLMEDIA,N
1730,N_2,N2CONTROLECONOMY,N
1730,N_2,N2CONTROLGOV,N
1730,N_2,N2CONTROLOTHER,N
1730,N_2,N3COLLECTIVEBLAME,N
1730,N_2,N4HIDDENCONSPIRACY,N
1730,N_2,N4ISRAELHAND,N
1730,N_2,N5LOYALTY,N
1730,N_2,N6IDENTITYDENY,N
1730,N_2,N7COLLECTIVEGUILT,N
1730,N_2,N8VIOLENCE,N
1730,N_2,N9INCITEMENT,N
1730,N_2,N10SELFDETERMINATION,N
1730,N_2,N11JEWISHRIGHTSDEFINE,N
1730,N_2,N11SELFDETERMINATION,N
1730,N_2,N11JEWISHRIGHTS,N
1730,N_2,N12DOUBLESTANDARD,N
6452,N_2,N2CONSPIRACY,N
6452,N_2,N2CONTROLMEDIA,N
6452,N_2,N2CONTROLECONOMY,N
6452,N_2,N2CONTROLGOV,N
6452,N_2,N2CONTROLOTHER,N
6452,N_2,N3COLLECTIVEBLAME,N
6452,N_2,N4HIDDENCONSPIRACY,N
6452,N_2,N4ISRAELHAND,N
6452,N_2,N5LOYALTY,N
6452,N_2,N6IDENTITYDENY,N
6452,N_2,N7COLLECTIVEGUILT,N
6452,N_2,N8VIOLENCE,N
6452,N_2,N9INCITEMENT,N
6452,N_2,N10SELFDETERMINATION,N
6452,N_2,N11JEWISHRIGHTSDEFINE,N
6452,N_2,N11SELFDETERMINATION,N
6452,N_2,N11JEWISHRIGHTS,N
6452,N_2,N12DOUBLESTANDARD,N
5358,N_2,N2CONSPIRACY,N
5358,N_2,N2CONTROLMEDIA,N
5358,N_2,N2CONTROLECONOMY,N
5358,N_2,N2CONTROLGOV,N
5358,N_2,N2CONTROLOTHER,N
5358,N_2,N3COLLECTIVEBLAME,E
5358,N_2,N4HIDDENCONSPIRACY,N
5358,N_2,N4ISRAELHAND,N
5358,N_2,N5LOYALTY,N
5358,N_2,N6IDENTITYDENY,N
5358,N_2,N7COLLECTIVEGUILT,N
5358,N_2,N8VIOLENCE,N
5358,N_2,N9INCITEMENT,E
5358,N_2,N10SELFDETERMINATION,N
5358,N_2,N11JEWISHRIGHTSDEFINE,N
5358,N_2,N11SELFDETERMINATION,N
5358,N_2,N11JEWISHRIGHTS,E
5358,N_2,N12DOUBLESTANDARD,N
19775,N_2,N2CONSPIRACY,N
19775,N_2,N2CONTROLMEDIA,N
19775,N_2,N2CONTROLECONOMY,N
19775,N_2,N2CONTROLGOV,N
19775,N_2,N2CONTROLOTHER,N
19775,N_2,N3COLLECTIVEBLAME,N
19775,N_2,N4HIDDENCONSPIRACY,N
19775,N_2,N4ISRAELHAND,N
19775,N_2,N5LOYALTY,N
19775,N_2,N6IDENTITYDENY,N
19775,N_2,N7COLLECTIVEGUILT,N
19775,N_2,N8VIOLENCE,N
19775,N_2,N9INCITEMENT,N
19775,N_2,N10SELFDETERMINATION,N
19775,N_2,N11JEWISHRIGHTSDEFINE,N
19775,N_2,N11SELFDETERMINATION,N
19775,N_2,N11JEWISHRIGHTS,N
19775,N_2,N12DOUBLESTANDARD,N
481,N_2,N2CONSPIRACY,N
481,N_2,N2CONTROLMEDIA,N
481,N_2,N2CONTROLECONOMY,N
481,N_2,N2CONTROLGOV,N
481,N_2,N2CONTROLOTHER,N
481,N_2,N3COLLECTIVEBLAME,N
481,N_2,N4HIDDENCONSPIRACY,N
481,N_2,N4ISRAELHAND,N
481,N_2,N5LOYALTY,N
481,N_2,N6IDENTITYDENY,N
481,N_2,N7COLLECTIVEGUILT,N
481,N_2,N8VIOLENCE,N
481,N_2,N9INCITEMENT,N
481,N_2,N10SELFDETERMINATION,N
481,N_2,N11JEWISHRIGHTSDEFINE,N
481,N_2,N11SELFDETERMINATION,N
481,N_2,N11JEWISHRIGHTS,N
481,N_2,N12DOUBLESTANDARD,N
5505,N_2,N2CONSPIRACY,N
5505,N_2,N2CONTROLMEDIA,N
5505,N_2,N2CONTROLECONOMY,N
5505,N_2,N2CONTROLGOV,N
5505,N_2,N2CONTROLOTHER,N
5505,N_2,N3COLLECTIVEBLAME,N
5505,N_2,N4HIDDENCONSPIRACY,N
5505,N_2,N4ISRAELHAND,N
5505,N_2,N5LOYALTY,N
5505,N_2,N6IDENTITYDENY,N
5505,N_2,N7COLLECTIVEGUILT,N
5505,N_2,N8VIOLENCE,N
5505,N_2,N9INCITEMENT,N
5505,N_2,N10SELFDETERMINATION,N
5505,N_2,N11JEWISHRIGHTSDEFINE,N
5505,N_2,N11SELFDETERMINATION,N
5505,N_2,N11JEWISHRIGHTS,N
5505,N_2,N12DOUBLESTANDARD,N
9295,N_2,N2CONSPIRACY,N
9295,N_2,N2CONTROLMEDIA,N
9295,N_2,N2CONTROLECONOMY,N
9295,N_2,N2CONTROLGOV,N
9295,N_2,N2CONTROLOTHER,N
9295,N_2,N3COLLECTIVEBLAME,N
9295,N_2,N4HIDDENCONSPIRACY,N
9295,N_2,N4ISRAELHAND,N
9295,N_2,N5LOYALTY,N
9295,N_2,N6IDENTITYDENY,N
9295,N_2,N7COLLECTIVEGUILT,N
9295,N_2,N8VIOLENCE,N
9295,N_2,N9INCITEMENT,N
9295,N_2,N10SELFDETERMINATION,N
9295,N_2,N11JEWISHRIGHTSDEFINE,N
9295,N_2,N11SELFDETERMINATION,N
9295,N_2,N11JEWISHRIGHTS,N
9295,N_2,N12DOUBLESTANDARD,N
11625,N_2,N2CONSPIRACY,N
11625,N_2,N2CONTROLMEDIA,N
11625,N_2,N2CONTROLECONOMY,N
11625,N_2,N2CONTROLGOV,N
11625,N_2,N2CONTROLOTHER,N
11625,N_2,N3COLLECTIVEBLAME,N
11625,N_2,N4HIDDENCONSPIRACY,N
11625,N_2,N4ISRAELHAND,N
11625,N_2,N5LOYALTY,N
11625,N_2,N6IDENTITYDENY,N
11625,N_2,N7COLLECTIVEGUILT,N
11625,N_2,N8VIOLENCE,N
11625,N_2,N9INCITEMENT,N
11625,N_2,N10SELFDETERMINATION,N
11625,N_2,N11JEWISHRIGHTSDEFINE,N
11625,N_2,N11SELFDETERMINATION,N
11625,N_2,N11JEWISHRIGHTS,N
11625,N_2,N12DOUBLESTANDARD,N
34973,N_2,N2CONSPIRACY,N
34973,N_2,N2CONTROLMEDIA,N
34973,N_2,N2CONTROLECONOMY,N
34973,N_2,N2CONTROLGOV,N
34973,N_2,N2CONTROLOTHER,N
34973,N_2,N3COLLECTIVEBLAME,N
34973,N_2,N4HIDDENCONSPIRACY,N
34973,N_2,N4ISRAELHAND,N
34973,N_2,N5LOYALTY,N
34973,N_2,N6IDENTITYDENY,N
34973,N_2,N7COLLECTIVEGUILT,N
34973,N_2,N8VIOLENCE,N
34973,N_2,N9INCITEMENT,N
34973,N_2,N10SELFDETERMINATION,N
34973,N_2,N11JEWISHRIGHTSDEFINE,N
34973,N_2,N11SELFDETERMINATION,N
34973,N_2,N11JEWISHRIGHTS,N
34973,N_2,N12DOUBLESTANDARD,N
23332,N_2,N2CONSPIRACY,N
23332,N_2,N2CONTROLMEDIA,N
23332,N_2,N2CONTROLECONOMY,N
23332,N_2,N2CONTROLGOV,N
23332,N_2,N2CONTROLOTHER,N
23332,N_2,N3COLLECTIVEBLAME,N
23332,N_2,N4HIDDENCONSPIRACY,N
23332,N_2,N4ISRAELHAND,N
23332,N_2,N5LOYALTY,N
23332,N_2,N6IDENTITYDENY,N
23332,N_2,N7COLLECTIVEGUILT,N
23332,N_2,N8VIOLENCE,N
23332,N_2,N9INCITEMENT,N
23332,N_2,N10SELFDETERMINATION,N
23332,N_2,N11JEWISHRIGHTSDEFINE,N
23332,N_2,N11SELFDETERMINATION,N
23332,N_2,N11JEWISHRIGHTS,N
23332,N_2,N12DOUBLESTANDARD,N
10345,N_2,N2CONSPIRACY,N
10345,N_2,N2CONTROLMEDIA,N
10345,N_2,N2CONTROLECONOMY,N
10345,N_2,N2CONTROLGOV,N
10345,N_2,N2CONTROLOTHER,N
10345,N_2,N3COLLECTIVEBLAME,N
10345,N_2,N4HIDDENCONSPIRACY,N
10345,N_2,N4ISRAELHAND,N
10345,N_2,N5LOYALTY,N
10345,N_2,N6IDENTITYDENY,N
10345,N_2,N7COLLECTIVEGUILT,N
10345,N_2,N8VIOLENCE,N
10345,N_2,N9INCITEMENT,N
10345,N_2,N10SELFDETERMINATION,N
10345,N_2,N11JEWISHRIGHTSDEFINE,N
10345,N_2,N11SELFDETERMINATION,N
10345,N_2,N11JEWISHRIGHTS,N
10345,N_2,N12DOUBLESTANDARD,N
16812,N_2,N2CONSPIRACY,N
16812,N_2,N2CONTROLMEDIA,N
16812,N_2,N2CONTROLECONOMY,N
16812,N_2,N2CONTROLGOV,N
16812,N_2,N2CONTROLOTHER,N
16812,N_2,N3COLLECTIVEBLAME,E
16812,N_2,N4HIDDENCONSPIRACY,N
16812,N_2,N4ISRAELHAND,N
16812,N_2,N5LOYALTY,N
16812,N_2,N6IDENTITYDENY,N
16812,N_2,N7COLLECTIVEGUILT,N
16812,N_2,N8VIOLENCE,N
16812,N_2,N9INCITEMENT,N
16812,N_2,N10SELFDETERMINATION,N
16812,N_2,N11JEWISHRIGHTSDEFINE,N
16812,N_2,N11SELFDETERMINATION,N
16812,N_2,N11JEWISHRIGHTS,N
16812,N_2,N12DOUBLESTANDARD,N
8387,N_2,N2CONSPIRACY,N
8387,N_2,N2CONTROLMEDIA,N
8387,N_2,N2CONTROLECONOMY,N
8387,N_2,N2CONTROLGOV,N
8387,N_2,N2CONTROLOTHER,N
8387,N_2,N3COLLECTIVEBLAME,N
8387,N_2,N4HIDDENCONSPIRACY,N
8387,N_2,N4ISRAELHAND,N
8387,N_2,N5LOYALTY,N
8387,N_2,N6IDENTITYDENY,N
8387,N_2,N7COLLECTIVEGUILT,N
8387,N_2,N8VIOLENCE,N
8387,N_2,N9INCITEMENT,N
8387,N_2,N10SELFDETERMINATION,N
8387,N_2,N11JEWISHRIGHTSDEFINE,N
8387,N_2,N11SELFDETERMINATION,N
8387,N_2,N11JEWISHRIGHTS,N
8387,N_2,N12DOUBLESTANDARD,N
21101,N_2,N2CONSPIRACY,N
21101,N_2,N2CONTROLMEDIA,N
21101,N_2,N2CONTROLECONOMY,N
21101,N_2,N2CONTROLGOV,N
21101,N_2,N2CONTROLOTHER,N
21101,N_2,N3COLLECTIVEBLAME,N
21101,N_2,N4HIDDENCONSPIRACY,N
21101,N_2,N4ISRAELHAND,N
21101,N_2,N5LOYALTY,N
21101,N_2,N6IDENTITYDENY,N
21101,N_2,N7COLLECTIVEGUILT,N
21101,N_2,N8VIOLENCE,N
21101,N_2,N9INCITEMENT,N
21101,N_2,N10SELFDETERMINATION,N
21101,N_2,N11JEWISHRIGHTSDEFINE,N
21101,N_2,N11SELFDETERMINATION,N
21101,N_2,N11JEWISHRIGHTS,N
21101,N_2,N12DOUBLESTANDARD,N
7158,N_2,N2CONSPIRACY,N
7158,N_2,N2CONTROLMEDIA,N
7158,N_2,N2CONTROLECONOMY,N
7158,N_2,N2CONTROLGOV,N
7158,N_2,N2CONTROLOTHER,N
7158,N_2,N3COLLECTIVEBLAME,N
7158,N_2,N4HIDDENCONSPIRACY,N
7158,N_2,N4ISRAELHAND,N
7158,N_2,N5LOYALTY,N
7158,N_2,N6IDENTITYDENY,N
7158,N_2,N7COLLECTIVEGUILT,N
7158,N_2,N8VIOLENCE,N
7158,N_2,N9INCITEMENT,N
7158,N_2,N10SELFDETERMINATION,N
7158,N_2,N11JEWISHRIGHTSDEFINE,N
7158,N_2,N11SELFDETERMINATION,N
7158,N_2,N11JEWISHRIGHTS,N
7158,N_2,N12DOUBLESTANDARD,N
14498,N_2,N2CONSPIRACY,N
14498,N_2,N2CONTROLMEDIA,N
14498,N_2,N2CONTROLECONOMY,N
14498,N_2,N2CONTROLGOV,N
14498,N_2,N2CONTROLOTHER,N
14498,N_2,N3COLLECTIVEBLAME,N
14498,N_2,N4HIDDENCONSPIRACY,N
14498,N_2,N4ISRAELHAND,N
14498,N_2,N5LOYALTY,N
14498,N_2,N6IDENTITYDENY,N
14498,N_2,N7COLLECTIVEGUILT,N
14498,N_2,N8VIOLENCE,N
14498,N_2,N9INCITEMENT,N
14498,N_2,N10SELFDETERMINATION,N
14498,N_2,N11JEWISHRIGHTSDEFINE,N
14498,N_2,N11SELFDETERMINATION,N
14498,N_2,N11JEWISHRIGHTS,N
14498,N_2,N12DOUBLESTANDARD,N
49186,N_2,N2CONSPIRACY,N
49186,N_2,N2CONTROLMEDIA,N
49186,N_2,N2CONTROLECONOMY,N
49186,N_2,N2CONTROLGOV,N
49186,N_2,N2CONTROLOTHER,N
49186,N_2,N3COLLECTIVEBLAME,N
49186,N_2,N4HIDDENCONSPIRACY,N
49186,N_2,N4ISRAELHAND,N
49186,N_2,N5LOYALTY,N
49186,N_2,N6IDENTITYDENY,N
49186,N_2,N7COLLECTIVEGUILT,N
49186,N_2,N8VIOLENCE,N
49186,N_2,N9INCITEMENT,N
49186,N_2,N10SELFDETERMINATION,N
49186,N_2,N11JEWISHRIGHTSDEFINE,N
49186,N_2,N11SELFDETERMINATION,N
49186,N_2,N11JEWISHRIGHTS,N
49186,N_2,N12DOUBLESTANDARD,N
7878,N_2,N2CONSPIRACY,N
7878,N_2,N2CONTROLMEDIA,N
7878,N_2,N2CONTROLECONOMY,N
7878,N_2,N2CONTROLGOV,N
7878,N_2,N2CONTROLOTHER,N
7878,N_2,N3COLLECTIVEBLAME,N
7878,N_2,N4HIDDENCONSPIRACY,N
7878,N_2,N4ISRAELHAND,N
7878,N_2,N5LOYALTY,N
7878,N_2,N6IDENTITYDENY,N
7878,N_2,N7COLLECTIVEGUILT,N
7878,N_2,N8VIOLENCE,N
7878,N_2,N9INCITEMENT,N
7878,N_2,N10SELFDETERMINATION,N
7878,N_2,N11JEWISHRIGHTSDEFINE,N
7878,N_2,N11SELFDETERMINATION,N
7878,N_2,N11JEWISHRIGHTS,N
7878,N_2,N12DOUBLESTANDARD,N
1610,N_2,N2CONSPIRACY,N
1610,N_2,N2CONTROLMEDIA,N
1610,N_2,N2CONTROLECONOMY,N
1610,N_2,N2CONTROLGOV,N
1610,N_2,N2CONTROLOTHER,N
1610,N_2,N3COLLECTIVEBLAME,N
1610,N_2,N4HIDDENCONSPIRACY,N
1610,N_2,N4ISRAELHAND,N
1610,N_2,N5LOYALTY,N
1610,N_2,N6IDENTITYDENY,N
1610,N_2,N7COLLECTIVEGUILT,N
1610,N_2,N8VIOLENCE,N
1610,N_2,N9INCITEMENT,N
1610,N_2,N10SELFDETERMINATION,N
1610,N_2,N11JEWISHRIGHTSDEFINE,N
1610,N_2,N11SELFDETERMINATION,N
1610,N_2,N11JEWISHRIGHTS,N
1610,N_2,N12DOUBLESTANDARD,N
23613,N_2,N2CONSPIRACY,N
23613,N_2,N2CONTROLMEDIA,N
23613,N_2,N2CONTROLECONOMY,N
23613,N_2,N2CONTROLGOV,N
23613,N_2,N2CONTROLOTHER,N
23613,N_2,N3COLLECTIVEBLAME,N
23613,N_2,N4HIDDENCONSPIRACY,N
23613,N_2,N4ISRAELHAND,N
23613,N_2,N5LOYALTY,N
23613,N_2,N6IDENTITYDENY,N
23613,N_2,N7COLLECTIVEGUILT,N
23613,N_2,N8VIOLENCE,N
23613,N_2,N9INCITEMENT,N
23613,N_2,N10SELFDETERMINATION,N
23613,N_2,N11JEWISHRIGHTSDEFINE,N
23613,N_2,N11SELFDETERMINATION,N
23613,N_2,N11JEWISHRIGHTS,N
23613,N_2,N12DOUBLESTANDARD,N
43723,N_2,N2CONSPIRACY,N
43723,N_2,N2CONTROLMEDIA,N
43723,N_2,N2CONTROLECONOMY,N
43723,N_2,N2CONTROLGOV,N
43723,N_2,N2CONTROLOTHER,N
43723,N_2,N3COLLECTIVEBLAME,N
43723,N_2,N4HIDDENCONSPIRACY,N
43723,N_2,N4ISRAELHAND,N
43723,N_2,N5LOYALTY,N
43723,N_2,N6IDENTITYDENY,N
43723,N_2,N7COLLECTIVEGUILT,N
43723,N_2,N8VIOLENCE,N
43723,N_2,N9INCITEMENT,N
43723,N_2,N10SELFDETERMINATION,N
43723,N_2,N11JEWISHRIGHTSDEFINE,N
43723,N_2,N11SELFDETERMINATION,N
43723,N_2,N11JEWISHRIGHTS,N
43723,N_2,N12DOUBLESTANDARD,N
10670,N_2,N2CONSPIRACY,N
10670,N_2,N2CONTROLMEDIA,N
10670,N_2,N2CONTROLECONOMY,N
10670,N_2,N2CONTROLGOV,N
10670,N_2,N2CONTROLOTHER,N
10670,N_2,N3COLLECTIVEBLAME,N
10670,N_2,N4HIDDENCONSPIRACY,N
10670,N_2,N4ISRAELHAND,N
10670,N_2,N5LOYALTY,N
10670,N_2,N6IDENTITYDENY,N
10670,N_2,N7COLLECTIVEGUILT,N
10670,N_2,N8VIOLENCE,N
10670,N_2,N9INCITEMENT,N
10670,N_2,N10SELFDETERMINATION,N
10670,N_2,N11JEWISHRIGHTSDEFINE,N
10670,N_2,N11SELFDETERMINATION,N
10670,N_2,N11JEWISHRIGHTS,N
10670,N_2,N12DOUBLESTANDARD,N
24040,N_2,N2CONSPIRACY,N
24040,N_2,N2CONTROLMEDIA,N
24040,N_2,N2CONTROLECONOMY,N
24040,N_2,N2CONTROLGOV,N
24040,N_2,N2CONTROLOTHER,N
24040,N_2,N3COLLECTIVEBLAME,N
24040,N_2,N4HIDDENCONSPIRACY,N
24040,N_2,N4ISRAELHAND,N
24040,N_2,N5LOYALTY,N
24040,N_2,N6IDENTITYDENY,N
24040,N_2,N7COLLECTIVEGUILT,N
24040,N_2,N8VIOLENCE,N
24040,N_2,N9INCITEMENT,N
24040,N_2,N10SELFDETERMINATION,N
24040,N_2,N11JEWISHRIGHTSDEFINE,N
24040,N_2,N11SELFDETERMINATION,N
24040,N_2,N11JEWISHRIGHTS,N
24040,N_2,N12DOUBLESTANDARD,N
5318,N_2,N2CONSPIRACY,N
5318,N_2,N2CONTROLMEDIA,N
5318,N_2,N2CONTROLECONOMY,N
5318,N_2,N2CONTROLGOV,N
5318,N_2,N2CONTROLOTHER,N
5318,N_2,N3COLLECTIVEBLAME,N
5318,N_2,N4HIDDENCONSPIRACY,N
5318,N_2,N4ISRAELHAND,N
5318,N_2,N5LOYALTY,N
5318,N_2,N6IDENTITYDENY,N
5318,N_2,N7COLLECTIVEGUILT,N
5318,N_2,N8VIOLENCE,N
5318,N_2,N9INCITEMENT,N
5318,N_2,N10SELFDETERMINATION,N
5318,N_2,N11JEWISHRIGHTSDEFINE,N
5318,N_2,N11SELFDETERMINATION,N
5318,N_2,N11JEWISHRIGHTS,N
5318,N_2,N12DOUBLESTANDARD,N
35136,N_2,N2CONSPIRACY,N
35136,N_2,N2CONTROLMEDIA,N
35136,N_2,N2CONTROLECONOMY,N
35136,N_2,N2CONTROLGOV,N
35136,N_2,N2CONTROLOTHER,N
35136,N_2,N3COLLECTIVEBLAME,N
35136,N_2,N4HIDDENCONSPIRACY,N
35136,N_2,N4ISRAELHAND,N
35136,N_2,N5LOYALTY,N
35136,N_2,N6IDENTITYDENY,N
35136,N_2,N7COLLECTIVEGUILT,N
35136,N_2,N8VIOLENCE,N
35136,N_2,N9INCITEMENT,N
35136,N_2,N10SELFDETERMINATION,N
35136,N_2,N11JEWISHRIGHTSDEFINE,N
35136,N_2,N11SELFDETERMINATION,N
35136,N_2,N11JEWISHRIGHTS,N
35136,N_2,N12DOUBLESTANDARD,N
10005,N_2,N2CONSPIRACY,N
10005,N_2,N2CONTROLMEDIA,N
10005,N_2,N2CONTROLECONOMY,N
10005,N_2,N2CONTROLGOV,N
10005,N_2,N2CONTROLOTHER,N
10005,N_2,N3COLLECTIVEBLAME,N
10005,N_2,N4HIDDENCONSPIRACY,N
10005,N_2,N4ISRAELHAND,N
10005,N_2,N5LOYALTY,N
10005,N_2,N6IDENTITYDENY,N
10005,N_2,N7COLLECTIVEGUILT,N
10005,N_2,N8VIOLENCE,N
10005,N_2,N9INCITEMENT,N
10005,N_2,N10SELFDETERMINATION,N
10005,N_2,N11JEWISHRIGHTSDEFINE,N
10005,N_2,N11SELFDETERMINATION,N
10005,N_2,N11JEWISHRIGHTS,N
10005,N_2,N12DOUBLESTANDARD,N
45371,N_2,N2CONSPIRACY,N
45371,N_2,N2CONTROLMEDIA,N
45371,N_2,N2CONTROLECONOMY,N
45371,N_2,N2CONTROLGOV,N
45371,N_2,N2CONTROLOTHER,N
45371,N_2,N3COLLECTIVEBLAME,N
45371,N_2,N4HIDDENCONSPIRACY,N
45371,N_2,N4ISRAELHAND,N
45371,N_2,N5LOYALTY,N
45371,N_2,N6IDENTITYDENY,N
45371,N_2,N7COLLECTIVEGUILT,N
45371,N_2,N8VIOLENCE,N
45371,N_2,N9INCITEMENT,N
45371,N_2,N10SELFDETERMINATION,N
45371,N_2,N11JEWISHRIGHTSDEFINE,N
45371,N_2,N11SELFDETERMINATION,N
45371,N_2,N11JEWISHRIGHTS,N
45371,N_2,N12DOUBLESTANDARD,N
40905,N_2,N2CONSPIRACY,N
40905,N_2,N2CONTROLMEDIA,N
40905,N_2,N2CONTROLECONOMY,N
40905,N_2,N2CONTROLGOV,N
40905,N_2,N2CONTROLOTHER,N
40905,N_2,N3COLLECTIVEBLAME,N
40905,N_2,N4HIDDENCONSPIRACY,N
40905,N_2,N4ISRAELHAND,N
40905,N_2,N5LOYALTY,N
40905,N_2,N6IDENTITYDENY,N
40905,N_2,N7COLLECTIVEGUILT,N
40905,N_2,N8VIOLENCE,N
40905,N_2,N9INCITEMENT,N
40905,N_2,N10SELFDETERMINATION,N
40905,N_2,N11JEWISHRIGHTSDEFINE,N
40905,N_2,N11SELFDETERMINATION,N
40905,N_2,N11JEWISHRIGHTS,N
40905,N_2,N12DOUBLESTANDARD,N
7961,N_2,N2CONSPIRACY,N
7961,N_2,N2CONTROLMEDIA,N
7961,N_2,N2CONTROLECONOMY,N
7961,N_2,N2CONTROLGOV,N
7961,N_2,N2CONTROLOTHER,N
7961,N_2,N3COLLECTIVEBLAME,N
7961,N_2,N4HIDDENCONSPIRACY,N
7961,N_2,N4ISRAELHAND,N
7961,N_2,N5LOYALTY,N
7961,N_2,N6IDENTITYDENY,N
7961,N_2,N7COLLECTIVEGUILT,N
7961,N_2,N8VIOLENCE,N
7961,N_2,N9INCITEMENT,N
7961,N_2,N10SELFDETERMINATION,N
7961,N_2,N11JEWISHRIGHTSDEFINE,N
7961,N_2,N11SELFDETERMINATION,N
7961,N_2,N11JEWISHRIGHTS,N
7961,N_2,N12DOUBLESTANDARD,N
36326,N_2,N2CONSPIRACY,N
36326,N_2,N2CONTROLMEDIA,N
36326,N_2,N2CONTROLECONOMY,N
36326,N_2,N2CONTROLGOV,N
36326,N_2,N2CONTROLOTHER,N
36326,N_2,N3COLLECTIVEBLAME,N
36326,N_2,N4HIDDENCONSPIRACY,N
36326,N_2,N4ISRAELHAND,N
36326,N_2,N5LOYALTY,N
36326,N_2,N6IDENTITYDENY,N
36326,N_2,N7COLLECTIVEGUILT,N
36326,N_2,N8VIOLENCE,N
36326,N_2,N9INCITEMENT,N
36326,N_2,N10SELFDETERMINATION,N
36326,N_2,N11JEWISHRIGHTSDEFINE,N
36326,N_2,N11SELFDETERMINATION,N
36326,N_2,N11JEWISHRIGHTS,N
36326,N_2,N12DOUBLESTANDARD,N
35642,N_2,N2CONSPIRACY,N
35642,N_2,N2CONTROLMEDIA,N
35642,N_2,N2CONTROLECONOMY,N
35642,N_2,N2CONTROLGOV,N
35642,N_2,N2CONTROLOTHER,N
35642,N_2,N3COLLECTIVEBLAME,A
35642,N_2,N4HIDDENCONSPIRACY,N
35642,N_2,N4ISRAELHAND,N
35642,N_2,N5LOYALTY,N
35642,N_2,N6IDENTITYDENY,N
35642,N_2,N7COLLECTIVEGUILT,A
35642,N_2,N8VIOLENCE,N
35642,N_2,N9INCITEMENT,A
35642,N_2,N10SELFDETERMINATION,N
35642,N_2,N11JEWISHRIGHTSDEFINE,N
35642,N_2,N11SELFDETERMINATION,N
35642,N_2,N11JEWISHRIGHTS,N
35642,N_2,N12DOUBLESTANDARD,N
20016,N_2,N2CONSPIRACY,N
20016,N_2,N2CONTROLMEDIA,N
20016,N_2,N2CONTROLECONOMY,N
20016,N_2,N2CONTROLGOV,N
20016,N_2,N2CONTROLOTHER,N
20016,N_2,N3COLLECTIVEBLAME,N
20016,N_2,N4HIDDENCONSPIRACY,N
20016,N_2,N4ISRAELHAND,N
20016,N_2,N5LOYALTY,N
20016,N_2,N6IDENTITYDENY,N
20016,N_2,N7COLLECTIVEGUILT,N
20016,N_2,N8VIOLENCE,N
20016,N_2,N9INCITEMENT,N
20016,N_2,N10SELFDETERMINATION,N
20016,N_2,N11JEWISHRIGHTSDEFINE,N
20016,N_2,N11SELFDETERMINATION,N
20016,N_2,N11JEWISHRIGHTS,N
20016,N_2,N12DOUBLESTANDARD,N
20267,N_2,N2CONSPIRACY,A
20267,N_2,N2CONTROLMEDIA,N
20267,N_2,N2CONTROLECONOMY,N
20267,N_2,N2CONTROLGOV,N
20267,N_2,N2CONTROLOTHER,N
20267,N_2,N3COLLECTIVEBLAME,I
20267,N_2,N4HIDDENCONSPIRACY,N
20267,N_2,N4ISRAELHAND,N
20267,N_2,N5LOYALTY,N
20267,N_2,N6IDENTITYDENY,N
20267,N_2,N7COLLECTIVEGUILT,N
20267,N_2,N8VIOLENCE,N
20267,N_2,N9INCITEMENT,I
20267,N_2,N10SELFDETERMINATION,N
20267,N_2,N11JEWISHRIGHTSDEFINE,N
20267,N_2,N11SELFDETERMINATION,N
20267,N_2,N11JEWISHRIGHTS,N
20267,N_2,N12DOUBLESTANDARD,N
27243,N_2,N2CONSPIRACY,N
27243,N_2,N2CONTROLMEDIA,N
27243,N_2,N2CONTROLECONOMY,N
27243,N_2,N2CONTROLGOV,N
27243,N_2,N2CONTROLOTHER,N
27243,N_2,N3COLLECTIVEBLAME,N
27243,N_2,N4HIDDENCONSPIRACY,N
27243,N_2,N4ISRAELHAND,N
27243,N_2,N5LOYALTY,N
27243,N_2,N6IDENTITYDENY,N
27243,N_2,N7COLLECTIVEGUILT,N
27243,N_2,N8VIOLENCE,N
27243,N_2,N9INCITEMENT,N
27243,N_2,N10SELFDETERMINATION,N
27243,N_2,N11JEWISHRIGHTSDEFINE,N
27243,N_2,N11SELFDETERMINATION,N
27243,N_2,N11JEWISHRIGHTS,N
27243,N_2,N12DOUBLESTANDARD,N
16044,N_2,N2CONSPIRACY,N
16044,N_2,N2CONTROLMEDIA,N
16044,N_2,N2CONTROLECONOMY,N
16044,N_2,N2CONTROLGOV,N
16044,N_2,N2CONTROLOTHER,N
16044,N_2,N3COLLECTIVEBLAME,N
16044,N_2,N4HIDDENCONSPIRACY,N
16044,N_2,N4ISRAELHAND,N
16044,N_2,N5LOYALTY,N
16044,N_2,N6IDENTITYDENY,N
16044,N_2,N7COLLECTIVEGUILT,N
16044,N_2,N8VIOLENCE,N
16044,N_2,N9INCITEMENT,N
16044,N_2,N10SELFDETERMINATION,N
16044,N_2,N11JEWISHRIGHTSDEFINE,N
16044,N_2,N11SELFDETERMINATION,N
16044,N_2,N11JEWISHRIGHTS,N
16044,N_2,N12DOUBLESTANDARD,N
13432,N_2,N2CONSPIRACY,N
13432,N_2,N2CONTROLMEDIA,N
13432,N_2,N2CONTROLECONOMY,N
13432,N_2,N2CONTROLGOV,N
13432,N_2,N2CONTROLOTHER,N
13432,N_2,N3COLLECTIVEBLAME,N
13432,N_2,N4HIDDENCONSPIRACY,N
13432,N_2,N4ISRAELHAND,N
13432,N_2,N5LOYALTY,N
13432,N_2,N6IDENTITYDENY,N
13432,N_2,N7COLLECTIVEGUILT,N
13432,N_2,N8VIOLENCE,N
13432,N_2,N9INCITEMENT,N
13432,N_2,N10SELFDETERMINATION,N
13432,N_2,N11JEWISHRIGHTSDEFINE,N
13432,N_2,N11SELFDETERMINATION,N
13432,N_2,N11JEWISHRIGHTS,N
13432,N_2,N12DOUBLESTANDARD,N
24519,N_2,N2CONSPIRACY,N
24519,N_2,N2CONTROLMEDIA,N
24519,N_2,N2CONTROLECONOMY,N
24519,N_2,N2CONTROLGOV,N
24519,N_2,N2CONTROLOTHER,N
24519,N_2,N3COLLECTIVEBLAME,N
24519,N_2,N4HIDDENCONSPIRACY,N
24519,N_2,N4ISRAELHAND,N
24519,N_2,N5LOYALTY,N
24519,N_2,N6IDENTITYDENY,N
24519,N_2,N7COLLECTIVEGUILT,N
24519,N_2,N8VIOLENCE,N
24519,N_2,N9INCITEMENT,N
24519,N_2,N10SELFDETERMINATION,N
24519,N_2,N11JEWISHRIGHTSDEFINE,N
24519,N_2,N11SELFDETERMINATION,N
24519,N_2,N11JEWISHRIGHTS,N
24519,N_2,N12DOUBLESTANDARD,N
28583,N_2,N2CONSPIRACY,N
28583,N_2,N2CONTROLMEDIA,N
28583,N_2,N2CONTROLECONOMY,N
28583,N_2,N2CONTROLGOV,N
28583,N_2,N2CONTROLOTHER,N
28583,N_2,N3COLLECTIVEBLAME,N
28583,N_2,N4HIDDENCONSPIRACY,N
28583,N_2,N4ISRAELHAND,N
28583,N_2,N5LOYALTY,N
28583,N_2,N6IDENTITYDENY,N
28583,N_2,N7COLLECTIVEGUILT,N
28583,N_2,N8VIOLENCE,N
28583,N_2,N9INCITEMENT,N
28583,N_2,N10SELFDETERMINATION,N
28583,N_2,N11JEWISHRIGHTSDEFINE,N
28583,N_2,N11SELFDETERMINATION,N
28583,N_2,N11JEWISHRIGHTS,N
28583,N_2,N12DOUBLESTANDARD,N
6269,N_2,N2CONSPIRACY,N
6269,N_2,N2CONTROLMEDIA,N
6269,N_2,N2CONTROLECONOMY,N
6269,N_2,N2CONTROLGOV,N
6269,N_2,N2CONTROLOTHER,N
6269,N_2,N3COLLECTIVEBLAME,N
6269,N_2,N4HIDDENCONSPIRACY,N
6269,N_2,N4ISRAELHAND,N
6269,N_2,N5LOYALTY,N
6269,N_2,N6IDENTITYDENY,N
6269,N_2,N7COLLECTIVEGUILT,N
6269,N_2,N8VIOLENCE,N
6269,N_2,N9INCITEMENT,N
6269,N_2,N10SELFDETERMINATION,N
6269,N_2,N11JEWISHRIGHTSDEFINE,N
6269,N_2,N11SELFDETERMINATION,N
6269,N_2,N11JEWISHRIGHTS,N
6269,N_2,N12DOUBLESTANDARD,N
49692,N_2,N2CONSPIRACY,N
49692,N_2,N2CONTROLMEDIA,N
49692,N_2,N2CONTROLECONOMY,N
49692,N_2,N2CONTROLGOV,N
49692,N_2,N2CONTROLOTHER,N
49692,N_2,N3COLLECTIVEBLAME,N
49692,N_2,N4HIDDENCONSPIRACY,N
49692,N_2,N4ISRAELHAND,N
49692,N_2,N5LOYALTY,N
49692,N_2,N6IDENTITYDENY,N
49692,N_2,N7COLLECTIVEGUILT,N
49692,N_2,N8VIOLENCE,N
49692,N_2,N9INCITEMENT,N
49692,N_2,N10SELFDETERMINATION,N
49692,N_2,N11JEWISHRIGHTSDEFINE,N
49692,N_2,N11SELFDETERMINATION,N
49692,N_2,N11JEWISHRIGHTS,N
49692,N_2,N12DOUBLESTANDARD,N
45757,N_2,N2CONSPIRACY,N
45757,N_2,N2CONTROLMEDIA,N
45757,N_2,N2CONTROLECONOMY,I
45757,N_2,N2CONTROLGOV,N
45757,N_2,N2CONTROLOTHER,N
45757,N_2,N3COLLECTIVEBLAME,N
45757,N_2,N4HIDDENCONSPIRACY,N
45757,N_2,N4ISRAELHAND,N
45757,N_2,N5LOYALTY,N
45757,N_2,N6IDENTITYDENY,N
45757,N_2,N7COLLECTIVEGUILT,N
45757,N_2,N8VIOLENCE,N
45757,N_2,N9INCITEMENT,N
45757,N_2,N10SELFDETERMINATION,N
45757,N_2,N11JEWISHRIGHTSDEFINE,N
45757,N_2,N11SELFDETERMINATION,N
45757,N_2,N11JEWISHRIGHTS,N
45757,N_2,N12DOUBLESTANDARD,N
43696,N_2,N2CONSPIRACY,N
43696,N_2,N2CONTROLMEDIA,N
43696,N_2,N2CONTROLECONOMY,N
43696,N_2,N2CONTROLGOV,N
43696,N_2,N2CONTROLOTHER,N
43696,N_2,N3COLLECTIVEBLAME,N
43696,N_2,N4HIDDENCONSPIRACY,N
43696,N_2,N4ISRAELHAND,N
43696,N_2,N5LOYALTY,N
43696,N_2,N6IDENTITYDENY,N
43696,N_2,N7COLLECTIVEGUILT,N
43696,N_2,N8VIOLENCE,N
43696,N_2,N9INCITEMENT,N
43696,N_2,N10SELFDETERMINATION,N
43696,N_2,N11JEWISHRIGHTSDEFINE,N
43696,N_2,N11SELFDETERMINATION,N
43696,N_2,N11JEWISHRIGHTS,N
43696,N_2,N12DOUBLESTANDARD,N
29070,N_2,N2CONSPIRACY,N
29070,N_2,N2CONTROLMEDIA,N
29070,N_2,N2CONTROLECONOMY,N
29070,N_2,N2CONTROLGOV,N
29070,N_2,N2CONTROLOTHER,N
29070,N_2,N3COLLECTIVEBLAME,N
29070,N_2,N4HIDDENCONSPIRACY,N
29070,N_2,N4ISRAELHAND,N
29070,N_2,N5LOYALTY,N
29070,N_2,N6IDENTITYDENY,N
29070,N_2,N7COLLECTIVEGUILT,N
29070,N_2,N8VIOLENCE,N
29070,N_2,N9INCITEMENT,N
29070,N_2,N10SELFDETERMINATION,N
29070,N_2,N11JEWISHRIGHTSDEFINE,N
29070,N_2,N11SELFDETERMINATION,N
29070,N_2,N11JEWISHRIGHTS,N
29070,N_2,N12DOUBLESTANDARD,N
41,N_2,N2CONSPIRACY,N
41,N_2,N2CONTROLMEDIA,N
41,N_2,N2CONTROLECONOMY,N
41,N_2,N2CONTROLGOV,N
41,N_2,N2CONTROLOTHER,N
41,N_2,N3COLLECTIVEBLAME,N
41,N_2,N4HIDDENCONSPIRACY,N
41,N_2,N4ISRAELHAND,N
41,N_2,N5LOYALTY,N
41,N_2,N6IDENTITYDENY,N
41,N_2,N7COLLECTIVEGUILT,N
41,N_2,N8VIOLENCE,N
41,N_2,N9INCITEMENT,N
41,N_2,N10SELFDETERMINATION,N
41,N_2,N11JEWISHRIGHTSDEFINE,N
41,N_2,N11SELFDETERMINATION,N
41,N_2,N11JEWISHRIGHTS,N
41,N_2,N12DOUBLESTANDARD,N
9965,N_2,N2CONSPIRACY,N
9965,N_2,N2CONTROLMEDIA,N
9965,N_2,N2CONTROLECONOMY,N
9965,N_2,N2CONTROLGOV,N
9965,N_2,N2CONTROLOTHER,N
9965,N_2,N3COLLECTIVEBLAME,N
9965,N_2,N4HIDDENCONSPIRACY,N
9965,N_2,N4ISRAELHAND,N
9965,N_2,N5LOYALTY,N
9965,N_2,N6IDENTITYDENY,N
9965,N_2,N7COLLECTIVEGUILT,N
9965,N_2,N8VIOLENCE,N
9965,N_2,N9INCITEMENT,N
9965,N_2,N10SELFDETERMINATION,N
9965,N_2,N11JEWISHRIGHTSDEFINE,N
9965,N_2,N11SELFDETERMINATION,N
9965,N_2,N11JEWISHRIGHTS,N
9965,N_2,N12DOUBLESTANDARD,N
41849,N_2,N2CONSPIRACY,N
41849,N_2,N2CONTROLMEDIA,N
41849,N_2,N2CONTROLECONOMY,N
41849,N_2,N2CONTROLGOV,N
41849,N_2,N2CONTROLOTHER,N
41849,N_2,N3COLLECTIVEBLAME,N
41849,N_2,N4HIDDENCONSPIRACY,N
41849,N_2,N4ISRAELHAND,N
41849,N_2,N5LOYALTY,N
41849,N_2,N6IDENTITYDENY,N
41849,N_2,N7COLLECTIVEGUILT,N
41849,N_2,N8VIOLENCE,N
41849,N_2,N9INCITEMENT,N
41849,N_2,N10SELFDETERMINATION,N
41849,N_2,N11JEWISHRIGHTSDEFINE,N
41849,N_2,N11SELFDETERMINATION,N
41849,N_2,N11JEWISHRIGHTS,N
41849,N_2,N12DOUBLESTANDARD,N
40388,N_2,N2CONSPIRACY,N
40388,N_2,N2CONTROLMEDIA,N
40388,N_2,N2CONTROLECONOMY,N
40388,N_2,N2CONTROLGOV,N
40388,N_2,N2CONTROLOTHER,N
40388,N_2,N3COLLECTIVEBLAME,N
40388,N_2,N4HIDDENCONSPIRACY,N
40388,N_2,N4ISRAELHAND,N
40388,N_2,N5LOYALTY,N
40388,N_2,N6IDENTITYDENY,N
40388,N_2,N7COLLECTIVEGUILT,N
40388,N_2,N8VIOLENCE,N
40388,N_2,N9INCITEMENT,N
40388,N_2,N10SELFDETERMINATION,N
40388,N_2,N11JEWISHRIGHTSDEFINE,N
40388,N_2,N11SELFDETERMINATION,N
40388,N_2,N11JEWISHRIGHTS,N
40388,N_2,N12DOUBLESTANDARD,N
10757,N_2,N2CONSPIRACY,N
10757,N_2,N2CONTROLMEDIA,N
10757,N_2,N2CONTROLECONOMY,N
10757,N_2,N2CONTROLGOV,N
10757,N_2,N2CONTROLOTHER,N
10757,N_2,N3COLLECTIVEBLAME,N
10757,N_2,N4HIDDENCONSPIRACY,N
10757,N_2,N4ISRAELHAND,N
10757,N_2,N5LOYALTY,N
10757,N_2,N6IDENTITYDENY,N
10757,N_2,N7COLLECTIVEGUILT,N
10757,N_2,N8VIOLENCE,N
10757,N_2,N9INCITEMENT,N
10757,N_2,N10SELFDETERMINATION,N
10757,N_2,N11JEWISHRIGHTSDEFINE,N
10757,N_2,N11SELFDETERMINATION,N
10757,N_2,N11JEWISHRIGHTS,N
10757,N_2,N12DOUBLESTANDARD,N
35813,N_2,N2CONSPIRACY,N
35813,N_2,N2CONTROLMEDIA,N
35813,N_2,N2CONTROLECONOMY,N
35813,N_2,N2CONTROLGOV,N
35813,N_2,N2CONTROLOTHER,N
35813,N_2,N3COLLECTIVEBLAME,N
35813,N_2,N4HIDDENCONSPIRACY,N
35813,N_2,N4ISRAELHAND,N
35813,N_2,N5LOYALTY,N
35813,N_2,N6IDENTITYDENY,N
35813,N_2,N7COLLECTIVEGUILT,N
35813,N_2,N8VIOLENCE,N
35813,N_2,N9INCITEMENT,N
35813,N_2,N10SELFDETERMINATION,N
35813,N_2,N11JEWISHRIGHTSDEFINE,N
35813,N_2,N11SELFDETERMINATION,N
35813,N_2,N11JEWISHRIGHTS,N
35813,N_2,N12DOUBLESTANDARD,N
2147,N_2,N2CONSPIRACY,N
2147,N_2,N2CONTROLMEDIA,N
2147,N_2,N2CONTROLECONOMY,N
2147,N_2,N2CONTROLGOV,N
2147,N_2,N2CONTROLOTHER,N
2147,N_2,N3COLLECTIVEBLAME,N
2147,N_2,N4HIDDENCONSPIRACY,N
2147,N_2,N4ISRAELHAND,N
2147,N_2,N5LOYALTY,N
2147,N_2,N6IDENTITYDENY,N
2147,N_2,N7COLLECTIVEGUILT,N
2147,N_2,N8VIOLENCE,N
2147,N_2,N9INCITEMENT,N
2147,N_2,N10SELFDETERMINATION,N
2147,N_2,N11JEWISHRIGHTSDEFINE,N
2147,N_2,N11SELFDETERMINATION,N
2147,N_2,N11JEWISHRIGHTS,N
2147,N_2,N12DOUBLESTANDARD,N
47215,N_2,N2CONSPIRACY,N
47215,N_2,N2CONTROLMEDIA,N
47215,N_2,N2CONTROLECONOMY,N
47215,N_2,N2CONTROLGOV,I
47215,N_2,N2CONTROLOTHER,N
47215,N_2,N3COLLECTIVEBLAME,N
47215,N_2,N4HIDDENCONSPIRACY,N
47215,N_2,N4ISRAELHAND,N
47215,N_2,N5LOYALTY,N
47215,N_2,N6IDENTITYDENY,N
47215,N_2,N7COLLECTIVEGUILT,N
47215,N_2,N8VIOLENCE,N
47215,N_2,N9INCITEMENT,N
47215,N_2,N10SELFDETERMINATION,N
47215,N_2,N11JEWISHRIGHTSDEFINE,N
47215,N_2,N11SELFDETERMINATION,N
47215,N_2,N11JEWISHRIGHTS,N
47215,N_2,N12DOUBLESTANDARD,N
242,N_2,N2CONSPIRACY,N
242,N_2,N2CONTROLMEDIA,N
242,N_2,N2CONTROLECONOMY,N
242,N_2,N2CONTROLGOV,N
242,N_2,N2CONTROLOTHER,N
242,N_2,N3COLLECTIVEBLAME,N
242,N_2,N4HIDDENCONSPIRACY,N
242,N_2,N4ISRAELHAND,N
242,N_2,N5LOYALTY,N
242,N_2,N6IDENTITYDENY,N
242,N_2,N7COLLECTIVEGUILT,N
242,N_2,N8VIOLENCE,N
242,N_2,N9INCITEMENT,N
242,N_2,N10SELFDETERMINATION,N
242,N_2,N11JEWISHRIGHTSDEFINE,N
242,N_2,N11SELFDETERMINATION,N
242,N_2,N11JEWISHRIGHTS,N
242,N_2,N12DOUBLESTANDARD,N
34838,N_2,N2CONSPIRACY,N
34838,N_2,N2CONTROLMEDIA,N
34838,N_2,N2CONTROLECONOMY,N
34838,N_2,N2CONTROLGOV,N
34838,N_2,N2CONTROLOTHER,N
34838,N_2,N3COLLECTIVEBLAME,N
34838,N_2,N4HIDDENCONSPIRACY,N
34838,N_2,N4ISRAELHAND,N
34838,N_2,N5LOYALTY,N
34838,N_2,N6IDENTITYDENY,N
34838,N_2,N7COLLECTIVEGUILT,N
34838,N_2,N8VIOLENCE,N
34838,N_2,N9INCITEMENT,N
34838,N_2,N10SELFDETERMINATION,N
34838,N_2,N11JEWISHRIGHTSDEFINE,N
34838,N_2,N11SELFDETERMINATION,N
34838,N_2,N11JEWISHRIGHTS,N
34838,N_2,N12DOUBLESTANDARD,N
12995,N_2,N2CONSPIRACY,I
12995,N_2,N2CONTROLMEDIA,N
12995,N_2,N2CONTROLECONOMY,N
12995,N_2,N2CONTROLGOV,N
12995,N_2,N2CONTROLOTHER,I
12995,N_2,N3COLLECTIVEBLAME,N
12995,N_2,N4HIDDENCONSPIRACY,I
12995,N_2,N4ISRAELHAND,N
12995,N_2,N5LOYALTY,N
12995,N_2,N6IDENTITYDENY,N
12995,N_2,N7COLLECTIVEGUILT,N
12995,N_2,N8VIOLENCE,N
12995,N_2,N9INCITEMENT,N
12995,N_2,N10SELFDETERMINATION,N
12995,N_2,N11JEWISHRIGHTSDEFINE,N
12995,N_2,N11SELFDETERMINATION,N
12995,N_2,N11JEWISHRIGHTS,N
12995,N_2,N12DOUBLESTANDARD,N
46605,N_2,N2CONSPIRACY,N
46605,N_2,N2CONTROLMEDIA,N
46605,N_2,N2CONTROLECONOMY,N
46605,N_2,N2CONTROLGOV,N
46605,N_2,N2CONTROLOTHER,N
46605,N_2,N3COLLECTIVEBLAME,N
46605,N_2,N4HIDDENCONSPIRACY,N
46605,N_2,N4ISRAELHAND,N
46605,N_2,N5LOYALTY,N
46605,N_2,N6IDENTITYDENY,N
46605,N_2,N7COLLECTIVEGUILT,N
46605,N_2,N8VIOLENCE,N
46605,N_2,N9INCITEMENT,N
46605,N_2,N10SELFDETERMINATION,N
46605,N_2,N11JEWISHRIGHTSDEFINE,N
46605,N_2,N11SELFDETERMINATION,N
46605,N_2,N11JEWISHRIGHTS,N
46605,N_2,N12DOUBLESTANDARD,N
2506,N_2,N2CONSPIRACY,N
2506,N_2,N2CONTROLMEDIA,N
2506,N_2,N2CONTROLECONOMY,N
2506,N_2,N2CONTROLGOV,N
2506,N_2,N2CONTROLOTHER,N
2506,N_2,N3COLLECTIVEBLAME,N
2506,N_2,N4HIDDENCONSPIRACY,N
2506,N_2,N4ISRAELHAND,N
2506,N_2,N5LOYALTY,N
2506,N_2,N6IDENTITYDENY,N
2506,N_2,N7COLLECTIVEGUILT,N
2506,N_2,N8VIOLENCE,N
2506,N_2,N9INCITEMENT,N
2506,N_2,N10SELFDETERMINATION,N
2506,N_2,N11JEWISHRIGHTSDEFINE,N
2506,N_2,N11SELFDETERMINATION,N
2506,N_2,N11JEWISHRIGHTS,N
2506,N_2,N12DOUBLESTANDARD,N
20064,N_2,N2CONSPIRACY,N
20064,N_2,N2CONTROLMEDIA,N
20064,N_2,N2CONTROLECONOMY,N
20064,N_2,N2CONTROLGOV,N
20064,N_2,N2CONTROLOTHER,N
20064,N_2,N3COLLECTIVEBLAME,N
20064,N_2,N4HIDDENCONSPIRACY,N
20064,N_2,N4ISRAELHAND,N
20064,N_2,N5LOYALTY,N
20064,N_2,N6IDENTITYDENY,N
20064,N_2,N7COLLECTIVEGUILT,N
20064,N_2,N8VIOLENCE,N
20064,N_2,N9INCITEMENT,N
20064,N_2,N10SELFDETERMINATION,N
20064,N_2,N11JEWISHRIGHTSDEFINE,N
20064,N_2,N11SELFDETERMINATION,N
20064,N_2,N11JEWISHRIGHTS,N
20064,N_2,N12DOUBLESTANDARD,N
5056,N_2,N2CONSPIRACY,N
5056,N_2,N2CONTROLMEDIA,N
5056,N_2,N2CONTROLECONOMY,N
5056,N_2,N2CONTROLGOV,N
5056,N_2,N2CONTROLOTHER,N
5056,N_2,N3COLLECTIVEBLAME,N
5056,N_2,N4HIDDENCONSPIRACY,N
5056,N_2,N4ISRAELHAND,N
5056,N_2,N5LOYALTY,N
5056,N_2,N6IDENTITYDENY,N
5056,N_2,N7COLLECTIVEGUILT,N
5056,N_2,N8VIOLENCE,N
5056,N_2,N9INCITEMENT,N
5056,N_2,N10SELFDETERMINATION,N
5056,N_2,N11JEWISHRIGHTSDEFINE,N
5056,N_2,N11SELFDETERMINATION,N
5056,N_2,N11JEWISHRIGHTS,N
5056,N_2,N12DOUBLESTANDARD,N
39973,N_2,N2CONSPIRACY,N
39973,N_2,N2CONTROLMEDIA,N
39973,N_2,N2CONTROLECONOMY,N
39973,N_2,N2CONTROLGOV,N
39973,N_2,N2CONTROLOTHER,N
39973,N_2,N3COLLECTIVEBLAME,N
39973,N_2,N4HIDDENCONSPIRACY,N
39973,N_2,N4ISRAELHAND,N
39973,N_2,N5LOYALTY,N
39973,N_2,N6IDENTITYDENY,N
39973,N_2,N7COLLECTIVEGUILT,N
39973,N_2,N8VIOLENCE,N
39973,N_2,N9INCITEMENT,N
39973,N_2,N10SELFDETERMINATION,N
39973,N_2,N11JEWISHRIGHTSDEFINE,N
39973,N_2,N11SELFDETERMINATION,N
39973,N_2,N11JEWISHRIGHTS,N
39973,N_2,N12DOUBLESTANDARD,N
2936,N_2,N2CONSPIRACY,N
2936,N_2,N2CONTROLMEDIA,N
2936,N_2,N2CONTROLECONOMY,N
2936,N_2,N2CONTROLGOV,N
2936,N_2,N2CONTROLOTHER,N
2936,N_2,N3COLLECTIVEBLAME,N
2936,N_2,N4HIDDENCONSPIRACY,N
2936,N_2,N4ISRAELHAND,N
2936,N_2,N5LOYALTY,N
2936,N_2,N6IDENTITYDENY,N
2936,N_2,N7COLLECTIVEGUILT,N
2936,N_2,N8VIOLENCE,N
2936,N_2,N9INCITEMENT,N
2936,N_2,N10SELFDETERMINATION,N
2936,N_2,N11JEWISHRIGHTSDEFINE,N
2936,N_2,N11SELFDETERMINATION,N
2936,N_2,N11JEWISHRIGHTS,N
2936,N_2,N12DOUBLESTANDARD,N
37875,N_2,N2CONSPIRACY,N
37875,N_2,N2CONTROLMEDIA,N
37875,N_2,N2CONTROLECONOMY,N
37875,N_2,N2CONTROLGOV,N
37875,N_2,N2CONTROLOTHER,N
37875,N_2,N3COLLECTIVEBLAME,N
37875,N_2,N4HIDDENCONSPIRACY,N
37875,N_2,N4ISRAELHAND,N
37875,N_2,N5LOYALTY,N
37875,N_2,N6IDENTITYDENY,N
37875,N_2,N7COLLECTIVEGUILT,N
37875,N_2,N8VIOLENCE,N
37875,N_2,N9INCITEMENT,N
37875,N_2,N10SELFDETERMINATION,N
37875,N_2,N11JEWISHRIGHTSDEFINE,N
37875,N_2,N11SELFDETERMINATION,N
37875,N_2,N11JEWISHRIGHTS,N
37875,N_2,N12DOUBLESTANDARD,N
5369,N_2,N2CONSPIRACY,N
5369,N_2,N2CONTROLMEDIA,N
5369,N_2,N2CONTROLECONOMY,N
5369,N_2,N2CONTROLGOV,N
5369,N_2,N2CONTROLOTHER,N
5369,N_2,N3COLLECTIVEBLAME,N
5369,N_2,N4HIDDENCONSPIRACY,N
5369,N_2,N4ISRAELHAND,N
5369,N_2,N5LOYALTY,N
5369,N_2,N6IDENTITYDENY,N
5369,N_2,N7COLLECTIVEGUILT,N
5369,N_2,N8VIOLENCE,N
5369,N_2,N9INCITEMENT,N
5369,N_2,N10SELFDETERMINATION,N
5369,N_2,N11JEWISHRIGHTSDEFINE,N
5369,N_2,N11SELFDETERMINATION,N
5369,N_2,N11JEWISHRIGHTS,N
5369,N_2,N12DOUBLESTANDARD,N
47665,N_2,N2CONSPIRACY,N
47665,N_2,N2CONTROLMEDIA,N
47665,N_2,N2CONTROLECONOMY,N
47665,N_2,N2CONTROLGOV,N
47665,N_2,N2CONTROLOTHER,N
47665,N_2,N3COLLECTIVEBLAME,N
47665,N_2,N4HIDDENCONSPIRACY,N
47665,N_2,N4ISRAELHAND,N
47665,N_2,N5LOYALTY,I
47665,N_2,N6IDENTITYDENY,N
47665,N_2,N7COLLECTIVEGUILT,N
47665,N_2,N8VIOLENCE,N
47665,N_2,N9INCITEMENT,N
47665,N_2,N10SELFDETERMINATION,N
47665,N_2,N11JEWISHRIGHTSDEFINE,N
47665,N_2,N11SELFDETERMINATION,N
47665,N_2,N11JEWISHRIGHTS,N
47665,N_2,N12DOUBLESTANDARD,N
6828,N_2,N2CONSPIRACY,N
6828,N_2,N2CONTROLMEDIA,N
6828,N_2,N2CONTROLECONOMY,N
6828,N_2,N2CONTROLGOV,N
6828,N_2,N2CONTROLOTHER,N
6828,N_2,N3COLLECTIVEBLAME,N
6828,N_2,N4HIDDENCONSPIRACY,N
6828,N_2,N4ISRAELHAND,N
6828,N_2,N5LOYALTY,N
6828,N_2,N6IDENTITYDENY,N
6828,N_2,N7COLLECTIVEGUILT,N
6828,N_2,N8VIOLENCE,N
6828,N_2,N9INCITEMENT,N
6828,N_2,N10SELFDETERMINATION,N
6828,N_2,N11JEWISHRIGHTSDEFINE,N
6828,N_2,N11SELFDETERMINATION,N
6828,N_2,N11JEWISHRIGHTS,N
6828,N_2,N12DOUBLESTANDARD,N
14524,N_2,N2CONSPIRACY,N
14524,N_2,N2CONTROLMEDIA,N
14524,N_2,N2CONTROLECONOMY,N
14524,N_2,N2CONTROLGOV,N
14524,N_2,N2CONTROLOTHER,N
14524,N_2,N3COLLECTIVEBLAME,N
14524,N_2,N4HIDDENCONSPIRACY,N
14524,N_2,N4ISRAELHAND,N
14524,N_2,N5LOYALTY,N
14524,N_2,N6IDENTITYDENY,N
14524,N_2,N7COLLECTIVEGUILT,N
14524,N_2,N8VIOLENCE,N
14524,N_2,N9INCITEMENT,N
14524,N_2,N10SELFDETERMINATION,N
14524,N_2,N11JEWISHRIGHTSDEFINE,N
14524,N_2,N11SELFDETERMINATION,N
14524,N_2,N11JEWISHRIGHTS,N
14524,N_2,N12DOUBLESTANDARD,N
21592,N_2,N2CONSPIRACY,N
21592,N_2,N2CONTROLMEDIA,N
21592,N_2,N2CONTROLECONOMY,N
21592,N_2,N2CONTROLGOV,N
21592,N_2,N2CONTROLOTHER,N
21592,N_2,N3COLLECTIVEBLAME,N
21592,N_2,N4HIDDENCONSPIRACY,N
21592,N_2,N4ISRAELHAND,N
21592,N_2,N5LOYALTY,N
21592,N_2,N6IDENTITYDENY,N
21592,N_2,N7COLLECTIVEGUILT,N
21592,N_2,N8VIOLENCE,N
21592,N_2,N9INCITEMENT,N
21592,N_2,N10SELFDETERMINATION,N
21592,N_2,N11JEWISHRIGHTSDEFINE,N
21592,N_2,N11SELFDETERMINATION,N
21592,N_2,N11JEWISHRIGHTS,N
21592,N_2,N12DOUBLESTANDARD,N
47301,N_2,N2CONSPIRACY,N
47301,N_2,N2CONTROLMEDIA,N
47301,N_2,N2CONTROLECONOMY,N
47301,N_2,N2CONTROLGOV,N
47301,N_2,N2CONTROLOTHER,N
47301,N_2,N3COLLECTIVEBLAME,N
47301,N_2,N4HIDDENCONSPIRACY,N
47301,N_2,N4ISRAELHAND,N
47301,N_2,N5LOYALTY,N
47301,N_2,N6IDENTITYDENY,N
47301,N_2,N7COLLECTIVEGUILT,N
47301,N_2,N8VIOLENCE,N
47301,N_2,N9INCITEMENT,I
47301,N_2,N10SELFDETERMINATION,N
47301,N_2,N11JEWISHRIGHTSDEFINE,N
47301,N_2,N11SELFDETERMINATION,N
47301,N_2,N11JEWISHRIGHTS,N
47301,N_2,N12DOUBLESTANDARD,N
44367,N_2,N2CONSPIRACY,N
44367,N_2,N2CONTROLMEDIA,N
44367,N_2,N2CONTROLECONOMY,N
44367,N_2,N2CONTROLGOV,N
44367,N_2,N2CONTROLOTHER,N
44367,N_2,N3COLLECTIVEBLAME,N
44367,N_2,N4HIDDENCONSPIRACY,N
44367,N_2,N4ISRAELHAND,N
44367,N_2,N5LOYALTY,N
44367,N_2,N6IDENTITYDENY,N
44367,N_2,N7COLLECTIVEGUILT,N
44367,N_2,N8VIOLENCE,N
44367,N_2,N9INCITEMENT,N
44367,N_2,N10SELFDETERMINATION,N
44367,N_2,N11JEWISHRIGHTSDEFINE,N
44367,N_2,N11SELFDETERMINATION,N
44367,N_2,N11JEWISHRIGHTS,N
44367,N_2,N12DOUBLESTANDARD,N
14792,N_2,N2CONSPIRACY,N
14792,N_2,N2CONTROLMEDIA,N
14792,N_2,N2CONTROLECONOMY,N
14792,N_2,N2CONTROLGOV,N
14792,N_2,N2CONTROLOTHER,N
14792,N_2,N3COLLECTIVEBLAME,N
14792,N_2,N4HIDDENCONSPIRACY,N
14792,N_2,N4ISRAELHAND,N
14792,N_2,N5LOYALTY,N
14792,N_2,N6IDENTITYDENY,N
14792,N_2,N7COLLECTIVEGUILT,N
14792,N_2,N8VIOLENCE,N
14792,N_2,N9INCITEMENT,N
14792,N_2,N10SELFDETERMINATION,N
14792,N_2,N11JEWISHRIGHTSDEFINE,N
14792,N_2,N11SELFDETERMINATION,N
14792,N_2,N11JEWISHRIGHTS,N
14792,N_2,N12DOUBLESTANDARD,N
46392,N_2,N2CONSPIRACY,N
46392,N_2,N2CONTROLMEDIA,N
46392,N_2,N2CONTROLECONOMY,N
46392,N_2,N2CONTROLGOV,N
46392,N_2,N2CONTROLOTHER,N
46392,N_2,N3COLLECTIVEBLAME,N
46392,N_2,N4HIDDENCONSPIRACY,N
46392,N_2,N4ISRAELHAND,N
46392,N_2,N5LOYALTY,N
46392,N_2,N6IDENTITYDENY,N
46392,N_2,N7COLLECTIVEGUILT,N
46392,N_2,N8VIOLENCE,N
46392,N_2,N9INCITEMENT,N
46392,N_2,N10SELFDETERMINATION,N
46392,N_2,N11JEWISHRIGHTSDEFINE,N
46392,N_2,N11SELFDETERMINATION,N
46392,N_2,N11JEWISHRIGHTS,N
46392,N_2,N12DOUBLESTANDARD,N
45678,N_2,N2CONSPIRACY,N
45678,N_2,N2CONTROLMEDIA,N
45678,N_2,N2CONTROLECONOMY,N
45678,N_2,N2CONTROLGOV,N
45678,N_2,N2CONTROLOTHER,N
45678,N_2,N3COLLECTIVEBLAME,N
45678,N_2,N4HIDDENCONSPIRACY,N
45678,N_2,N4ISRAELHAND,N
45678,N_2,N5LOYALTY,N
45678,N_2,N6IDENTITYDENY,N
45678,N_2,N7COLLECTIVEGUILT,N
45678,N_2,N8VIOLENCE,N
45678,N_2,N9INCITEMENT,N
45678,N_2,N10SELFDETERMINATION,N
45678,N_2,N11JEWISHRIGHTSDEFINE,N
45678,N_2,N11SELFDETERMINATION,N
45678,N_2,N11JEWISHRIGHTS,N
45678,N_2,N12DOUBLESTANDARD,N
8157,N_2,N2CONSPIRACY,N
8157,N_2,N2CONTROLMEDIA,N
8157,N_2,N2CONTROLECONOMY,N
8157,N_2,N2CONTROLGOV,N
8157,N_2,N2CONTROLOTHER,N
8157,N_2,N3COLLECTIVEBLAME,N
8157,N_2,N4HIDDENCONSPIRACY,N
8157,N_2,N4ISRAELHAND,N
8157,N_2,N5LOYALTY,N
8157,N_2,N6IDENTITYDENY,N
8157,N_2,N7COLLECTIVEGUILT,N
8157,N_2,N8VIOLENCE,N
8157,N_2,N9INCITEMENT,N
8157,N_2,N10SELFDETERMINATION,N
8157,N_2,N11JEWISHRIGHTSDEFINE,N
8157,N_2,N11SELFDETERMINATION,N
8157,N_2,N11JEWISHRIGHTS,N
8157,N_2,N12DOUBLESTANDARD,N
5795,N_2,N2CONSPIRACY,N
5795,N_2,N2CONTROLMEDIA,N
5795,N_2,N2CONTROLECONOMY,N
5795,N_2,N2CONTROLGOV,N
5795,N_2,N2CONTROLOTHER,N
5795,N_2,N3COLLECTIVEBLAME,N
5795,N_2,N4HIDDENCONSPIRACY,N
5795,N_2,N4ISRAELHAND,N
5795,N_2,N5LOYALTY,N
5795,N_2,N6IDENTITYDENY,N
5795,N_2,N7COLLECTIVEGUILT,N
5795,N_2,N8VIOLENCE,N
5795,N_2,N9INCITEMENT,N
5795,N_2,N10SELFDETERMINATION,N
5795,N_2,N11JEWISHRIGHTSDEFINE,N
5795,N_2,N11SELFDETERMINATION,N
5795,N_2,N11JEWISHRIGHTS,N
5795,N_2,N12DOUBLESTANDARD,N
9406,N_2,N2CONSPIRACY,N
9406,N_2,N2CONTROLMEDIA,N
9406,N_2,N2CONTROLECONOMY,N
9406,N_2,N2CONTROLGOV,N
9406,N_2,N2CONTROLOTHER,N
9406,N_2,N3COLLECTIVEBLAME,N
9406,N_2,N4HIDDENCONSPIRACY,N
9406,N_2,N4ISRAELHAND,N
9406,N_2,N5LOYALTY,N
9406,N_2,N6IDENTITYDENY,N
9406,N_2,N7COLLECTIVEGUILT,N
9406,N_2,N8VIOLENCE,N
9406,N_2,N9INCITEMENT,N
9406,N_2,N10SELFDETERMINATION,N
9406,N_2,N11JEWISHRIGHTSDEFINE,N
9406,N_2,N11SELFDETERMINATION,N
9406,N_2,N11JEWISHRIGHTS,N
9406,N_2,N12DOUBLESTANDARD,N
26322,N_2,N2CONSPIRACY,N
26322,N_2,N2CONTROLMEDIA,N
26322,N_2,N2CONTROLECONOMY,N
26322,N_2,N2CONTROLGOV,N
26322,N_2,N2CONTROLOTHER,N
26322,N_2,N3COLLECTIVEBLAME,N
26322,N_2,N4HIDDENCONSPIRACY,N
26322,N_2,N4ISRAELHAND,N
26322,N_2,N5LOYALTY,N
26322,N_2,N6IDENTITYDENY,N
26322,N_2,N7COLLECTIVEGUILT,N
26322,N_2,N8VIOLENCE,N
26322,N_2,N9INCITEMENT,N
26322,N_2,N10SELFDETERMINATION,N
26322,N_2,N11JEWISHRIGHTSDEFINE,N
26322,N_2,N11SELFDETERMINATION,N
26322,N_2,N11JEWISHRIGHTS,N
26322,N_2,N12DOUBLESTANDARD,N
33026,N_2,N2CONSPIRACY,N
33026,N_2,N2CONTROLMEDIA,N
33026,N_2,N2CONTROLECONOMY,N
33026,N_2,N2CONTROLGOV,N
33026,N_2,N2CONTROLOTHER,N
33026,N_2,N3COLLECTIVEBLAME,N
33026,N_2,N4HIDDENCONSPIRACY,N
33026,N_2,N4ISRAELHAND,N
33026,N_2,N5LOYALTY,N
33026,N_2,N6IDENTITYDENY,N
33026,N_2,N7COLLECTIVEGUILT,N
33026,N_2,N8VIOLENCE,N
33026,N_2,N9INCITEMENT,N
33026,N_2,N10SELFDETERMINATION,N
33026,N_2,N11JEWISHRIGHTSDEFINE,N
33026,N_2,N11SELFDETERMINATION,N
33026,N_2,N11JEWISHRIGHTS,N
33026,N_2,N12DOUBLESTANDARD,N
12356,N_2,N2CONSPIRACY,N
12356,N_2,N2CONTROLMEDIA,N
12356,N_2,N2CONTROLECONOMY,N
12356,N_2,N2CONTROLGOV,N
12356,N_2,N2CONTROLOTHER,N
12356,N_2,N3COLLECTIVEBLAME,N
12356,N_2,N4HIDDENCONSPIRACY,N
12356,N_2,N4ISRAELHAND,N
12356,N_2,N5LOYALTY,N
12356,N_2,N6IDENTITYDENY,N
12356,N_2,N7COLLECTIVEGUILT,N
12356,N_2,N8VIOLENCE,N
12356,N_2,N9INCITEMENT,N
12356,N_2,N10SELFDETERMINATION,N
12356,N_2,N11JEWISHRIGHTSDEFINE,N
12356,N_2,N11SELFDETERMINATION,N
12356,N_2,N11JEWISHRIGHTS,N
12356,N_2,N12DOUBLESTANDARD,N
43226,N_2,N2CONSPIRACY,N
43226,N_2,N2CONTROLMEDIA,N
43226,N_2,N2CONTROLECONOMY,N
43226,N_2,N2CONTROLGOV,I
43226,N_2,N2CONTROLOTHER,I
43226,N_2,N3COLLECTIVEBLAME,E
43226,N_2,N4HIDDENCONSPIRACY,N
43226,N_2,N4ISRAELHAND,N
43226,N_2,N5LOYALTY,N
43226,N_2,N6IDENTITYDENY,N
43226,N_2,N7COLLECTIVEGUILT,N
43226,N_2,N8VIOLENCE,N
43226,N_2,N9INCITEMENT,N
43226,N_2,N10SELFDETERMINATION,N
43226,N_2,N11JEWISHRIGHTSDEFINE,N
43226,N_2,N11SELFDETERMINATION,N
43226,N_2,N11JEWISHRIGHTS,N
43226,N_2,N12DOUBLESTANDARD,N
38484,N_2,N2CONSPIRACY,N
38484,N_2,N2CONTROLMEDIA,N
38484,N_2,N2CONTROLECONOMY,N
38484,N_2,N2CONTROLGOV,N
38484,N_2,N2CONTROLOTHER,N
38484,N_2,N3COLLECTIVEBLAME,N
38484,N_2,N4HIDDENCONSPIRACY,N
38484,N_2,N4ISRAELHAND,N
38484,N_2,N5LOYALTY,N
38484,N_2,N6IDENTITYDENY,N
38484,N_2,N7COLLECTIVEGUILT,N
38484,N_2,N8VIOLENCE,N
38484,N_2,N9INCITEMENT,N
38484,N_2,N10SELFDETERMINATION,N
38484,N_2,N11JEWISHRIGHTSDEFINE,N
38484,N_2,N11SELFDETERMINATION,N
38484,N_2,N11JEWISHRIGHTS,N
38484,N_2,N12DOUBLESTANDARD,N
4142,N_2,N2CONSPIRACY,N
4142,N_2,N2CONTROLMEDIA,N
4142,N_2,N2CONTROLECONOMY,N
4142,N_2,N2CONTROLGOV,N
4142,N_2,N2CONTROLOTHER,N
4142,N_2,N3COLLECTIVEBLAME,N
4142,N_2,N4HIDDENCONSPIRACY,N
4142,N_2,N4ISRAELHAND,N
4142,N_2,N5LOYALTY,N
4142,N_2,N6IDENTITYDENY,N
4142,N_2,N7COLLECTIVEGUILT,N
4142,N_2,N8VIOLENCE,N
4142,N_2,N9INCITEMENT,N
4142,N_2,N10SELFDETERMINATION,N
4142,N_2,N11JEWISHRIGHTSDEFINE,N
4142,N_2,N11SELFDETERMINATION,N
4142,N_2,N11JEWISHRIGHTS,N
4142,N_2,N12DOUBLESTANDARD,N
47605,N_2,N2CONSPIRACY,N
47605,N_2,N2CONTROLMEDIA,N
47605,N_2,N2CONTROLECONOMY,N
47605,N_2,N2CONTROLGOV,N
47605,N_2,N2CONTROLOTHER,N
47605,N_2,N3COLLECTIVEBLAME,N
47605,N_2,N4HIDDENCONSPIRACY,N
47605,N_2,N4ISRAELHAND,N
47605,N_2,N5LOYALTY,N
47605,N_2,N6IDENTITYDENY,N
47605,N_2,N7COLLECTIVEGUILT,N
47605,N_2,N8VIOLENCE,N
47605,N_2,N9INCITEMENT,N
47605,N_2,N10SELFDETERMINATION,N
47605,N_2,N11JEWISHRIGHTSDEFINE,N
47605,N_2,N11SELFDETERMINATION,N
47605,N_2,N11JEWISHRIGHTS,N
47605,N_2,N12DOUBLESTANDARD,N
36818,N_2,N2CONSPIRACY,N
36818,N_2,N2CONTROLMEDIA,N
36818,N_2,N2CONTROLECONOMY,N
36818,N_2,N2CONTROLGOV,N
36818,N_2,N2CONTROLOTHER,N
36818,N_2,N3COLLECTIVEBLAME,N
36818,N_2,N4HIDDENCONSPIRACY,N
36818,N_2,N4ISRAELHAND,N
36818,N_2,N5LOYALTY,N
36818,N_2,N6IDENTITYDENY,N
36818,N_2,N7COLLECTIVEGUILT,N
36818,N_2,N8VIOLENCE,N
36818,N_2,N9INCITEMENT,N
36818,N_2,N10SELFDETERMINATION,N
36818,N_2,N11JEWISHRIGHTSDEFINE,N
36818,N_2,N11SELFDETERMINATION,N
36818,N_2,N11JEWISHRIGHTS,N
36818,N_2,N12DOUBLESTANDARD,N
47942,N_2,N2CONSPIRACY,I
47942,N_2,N2CONTROLMEDIA,N
47942,N_2,N2CONTROLECONOMY,N
47942,N_2,N2CONTROLGOV,N
47942,N_2,N2CONTROLOTHER,N
47942,N_2,N3COLLECTIVEBLAME,N
47942,N_2,N4HIDDENCONSPIRACY,N
47942,N_2,N4ISRAELHAND,I
47942,N_2,N5LOYALTY,N
47942,N_2,N6IDENTITYDENY,N
47942,N_2,N7COLLECTIVEGUILT,N
47942,N_2,N8VIOLENCE,N
47942,N_2,N9INCITEMENT,N
47942,N_2,N10SELFDETERMINATION,N
47942,N_2,N11JEWISHRIGHTSDEFINE,N
47942,N_2,N11SELFDETERMINATION,N
47942,N_2,N11JEWISHRIGHTS,N
47942,N_2,N12DOUBLESTANDARD,N
5711,N_2,N2CONSPIRACY,N
5711,N_2,N2CONTROLMEDIA,N
5711,N_2,N2CONTROLECONOMY,N
5711,N_2,N2CONTROLGOV,N
5711,N_2,N2CONTROLOTHER,N
5711,N_2,N3COLLECTIVEBLAME,N
5711,N_2,N4HIDDENCONSPIRACY,N
5711,N_2,N4ISRAELHAND,N
5711,N_2,N5LOYALTY,N
5711,N_2,N6IDENTITYDENY,N
5711,N_2,N7COLLECTIVEGUILT,N
5711,N_2,N8VIOLENCE,N
5711,N_2,N9INCITEMENT,N
5711,N_2,N10SELFDETERMINATION,N
5711,N_2,N11JEWISHRIGHTSDEFINE,N
5711,N_2,N11SELFDETERMINATION,N
5711,N_2,N11JEWISHRIGHTS,N
5711,N_2,N12DOUBLESTANDARD,N
45603,N_2,N2CONSPIRACY,A
45603,N_2,N2CONTROLMEDIA,N
45603,N_2,N2CONTROLECONOMY,N
45603,N_2,N2CONTROLGOV,N
45603,N_2,N2CONTROLOTHER,N
45603,N_2,N3COLLECTIVEBLAME,N
45603,N_2,N4HIDDENCONSPIRACY,N
45603,N_2,N4ISRAELHAND,N
45603,N_2,N5LOYALTY,N
45603,N_2,N6IDENTITYDENY,N
45603,N_2,N7COLLECTIVEGUILT,N
45603,N_2,N8VIOLENCE,N
45603,N_2,N9INCITEMENT,N
45603,N_2,N10SELFDETERMINATION,N
45603,N_2,N11JEWISHRIGHTSDEFINE,N
45603,N_2,N11SELFDETERMINATION,N
45603,N_2,N11JEWISHRIGHTS,N
45603,N_2,N12DOUBLESTANDARD,N
14309,N_2,N2CONSPIRACY,N
14309,N_2,N2CONTROLMEDIA,N
14309,N_2,N2CONTROLECONOMY,N
14309,N_2,N2CONTROLGOV,N
14309,N_2,N2CONTROLOTHER,N
14309,N_2,N3COLLECTIVEBLAME,N
14309,N_2,N4HIDDENCONSPIRACY,N
14309,N_2,N4ISRAELHAND,N
14309,N_2,N5LOYALTY,N
14309,N_2,N6IDENTITYDENY,N
14309,N_2,N7COLLECTIVEGUILT,N
14309,N_2,N8VIOLENCE,N
14309,N_2,N9INCITEMENT,N
14309,N_2,N10SELFDETERMINATION,N
14309,N_2,N11JEWISHRIGHTSDEFINE,N
14309,N_2,N11SELFDETERMINATION,N
14309,N_2,N11JEWISHRIGHTS,N
14309,N_2,N12DOUBLESTANDARD,N
39221,N_2,N2CONSPIRACY,N
39221,N_2,N2CONTROLMEDIA,N
39221,N_2,N2CONTROLECONOMY,N
39221,N_2,N2CONTROLGOV,N
39221,N_2,N2CONTROLOTHER,N
39221,N_2,N3COLLECTIVEBLAME,N
39221,N_2,N4HIDDENCONSPIRACY,N
39221,N_2,N4ISRAELHAND,N
39221,N_2,N5LOYALTY,N
39221,N_2,N6IDENTITYDENY,N
39221,N_2,N7COLLECTIVEGUILT,N
39221,N_2,N8VIOLENCE,N
39221,N_2,N9INCITEMENT,N
39221,N_2,N10SELFDETERMINATION,N
39221,N_2,N11JEWISHRIGHTSDEFINE,N
39221,N_2,N11SELFDETERMINATION,N
39221,N_2,N11JEWISHRIGHTS,N
39221,N_2,N12DOUBLESTANDARD,N
2166,N_2,N2CONSPIRACY,N
2166,N_2,N2CONTROLMEDIA,N
2166,N_2,N2CONTROLECONOMY,N
2166,N_2,N2CONTROLGOV,N
2166,N_2,N2CONTROLOTHER,N
2166,N_2,N3COLLECTIVEBLAME,N
2166,N_2,N4HIDDENCONSPIRACY,N
2166,N_2,N4ISRAELHAND,N
2166,N_2,N5LOYALTY,N
2166,N_2,N6IDENTITYDENY,N
2166,N_2,N7COLLECTIVEGUILT,N
2166,N_2,N8VIOLENCE,N
2166,N_2,N9INCITEMENT,N
2166,N_2,N10SELFDETERMINATION,N
2166,N_2,N11JEWISHRIGHTSDEFINE,N
2166,N_2,N11SELFDETERMINATION,N
2166,N_2,N11JEWISHRIGHTS,N
2166,N_2,N12DOUBLESTANDARD,N
29484,N_2,N2CONSPIRACY,N
29484,N_2,N2CONTROLMEDIA,N
29484,N_2,N2CONTROLECONOMY,N
29484,N_2,N2CONTROLGOV,N
29484,N_2,N2CONTROLOTHER,N
29484,N_2,N3COLLECTIVEBLAME,N
29484,N_2,N4HIDDENCONSPIRACY,N
29484,N_2,N4ISRAELHAND,N
29484,N_2,N5LOYALTY,N
29484,N_2,N6IDENTITYDENY,N
29484,N_2,N7COLLECTIVEGUILT,N
29484,N_2,N8VIOLENCE,N
29484,N_2,N9INCITEMENT,N
29484,N_2,N10SELFDETERMINATION,N
29484,N_2,N11JEWISHRIGHTSDEFINE,N
29484,N_2,N11SELFDETERMINATION,N
29484,N_2,N11JEWISHRIGHTS,N
29484,N_2,N12DOUBLESTANDARD,N
47022,N_2,N2CONSPIRACY,N
47022,N_2,N2CONTROLMEDIA,N
47022,N_2,N2CONTROLECONOMY,N
47022,N_2,N2CONTROLGOV,N
47022,N_2,N2CONTROLOTHER,N
47022,N_2,N3COLLECTIVEBLAME,N
47022,N_2,N4HIDDENCONSPIRACY,N
47022,N_2,N4ISRAELHAND,N
47022,N_2,N5LOYALTY,N
47022,N_2,N6IDENTITYDENY,N
47022,N_2,N7COLLECTIVEGUILT,N
47022,N_2,N8VIOLENCE,N
47022,N_2,N9INCITEMENT,N
47022,N_2,N10SELFDETERMINATION,N
47022,N_2,N11JEWISHRIGHTSDEFINE,N
47022,N_2,N11SELFDETERMINATION,N
47022,N_2,N11JEWISHRIGHTS,N
47022,N_2,N12DOUBLESTANDARD,N
40876,N_2,N2CONSPIRACY,N
40876,N_2,N2CONTROLMEDIA,N
40876,N_2,N2CONTROLECONOMY,N
40876,N_2,N2CONTROLGOV,N
40876,N_2,N2CONTROLOTHER,N
40876,N_2,N3COLLECTIVEBLAME,N
40876,N_2,N4HIDDENCONSPIRACY,N
40876,N_2,N4ISRAELHAND,N
40876,N_2,N5LOYALTY,N
40876,N_2,N6IDENTITYDENY,N
40876,N_2,N7COLLECTIVEGUILT,N
40876,N_2,N8VIOLENCE,N
40876,N_2,N9INCITEMENT,N
40876,N_2,N10SELFDETERMINATION,N
40876,N_2,N11JEWISHRIGHTSDEFINE,N
40876,N_2,N11SELFDETERMINATION,N
40876,N_2,N11JEWISHRIGHTS,N
40876,N_2,N12DOUBLESTANDARD,N
49581,N_2,N2CONSPIRACY,I
49581,N_2,N2CONTROLMEDIA,N
49581,N_2,N2CONTROLECONOMY,N
49581,N_2,N2CONTROLGOV,I
49581,N_2,N2CONTROLOTHER,N
49581,N_2,N3COLLECTIVEBLAME,N
49581,N_2,N4HIDDENCONSPIRACY,N
49581,N_2,N4ISRAELHAND,N
49581,N_2,N5LOYALTY,N
49581,N_2,N6IDENTITYDENY,N
49581,N_2,N7COLLECTIVEGUILT,N
49581,N_2,N8VIOLENCE,N
49581,N_2,N9INCITEMENT,N
49581,N_2,N10SELFDETERMINATION,N
49581,N_2,N11JEWISHRIGHTSDEFINE,N
49581,N_2,N11SELFDETERMINATION,N
49581,N_2,N11JEWISHRIGHTS,N
49581,N_2,N12DOUBLESTANDARD,N
26715,N_2,N2CONSPIRACY,N
26715,N_2,N2CONTROLMEDIA,N
26715,N_2,N2CONTROLECONOMY,N
26715,N_2,N2CONTROLGOV,N
26715,N_2,N2CONTROLOTHER,N
26715,N_2,N3COLLECTIVEBLAME,N
26715,N_2,N4HIDDENCONSPIRACY,N
26715,N_2,N4ISRAELHAND,N
26715,N_2,N5LOYALTY,I
26715,N_2,N6IDENTITYDENY,I
26715,N_2,N7COLLECTIVEGUILT,N
26715,N_2,N8VIOLENCE,N
26715,N_2,N9INCITEMENT,N
26715,N_2,N10SELFDETERMINATION,N
26715,N_2,N11JEWISHRIGHTSDEFINE,N
26715,N_2,N11SELFDETERMINATION,N
26715,N_2,N11JEWISHRIGHTS,N
26715,N_2,N12DOUBLESTANDARD,N
19266,N_2,N2CONSPIRACY,N
19266,N_2,N2CONTROLMEDIA,N
19266,N_2,N2CONTROLECONOMY,N
19266,N_2,N2CONTROLGOV,N
19266,N_2,N2CONTROLOTHER,N
19266,N_2,N3COLLECTIVEBLAME,N
19266,N_2,N4HIDDENCONSPIRACY,N
19266,N_2,N4ISRAELHAND,N
19266,N_2,N5LOYALTY,N
19266,N_2,N6IDENTITYDENY,N
19266,N_2,N7COLLECTIVEGUILT,N
19266,N_2,N8VIOLENCE,N
19266,N_2,N9INCITEMENT,N
19266,N_2,N10SELFDETERMINATION,N
19266,N_2,N11JEWISHRIGHTSDEFINE,N
19266,N_2,N11SELFDETERMINATION,N
19266,N_2,N11JEWISHRIGHTS,N
19266,N_2,N12DOUBLESTANDARD,N
24200,N_2,N2CONSPIRACY,N
24200,N_2,N2CONTROLMEDIA,N
24200,N_2,N2CONTROLECONOMY,N
24200,N_2,N2CONTROLGOV,N
24200,N_2,N2CONTROLOTHER,N
24200,N_2,N3COLLECTIVEBLAME,N
24200,N_2,N4HIDDENCONSPIRACY,N
24200,N_2,N4ISRAELHAND,N
24200,N_2,N5LOYALTY,N
24200,N_2,N6IDENTITYDENY,N
24200,N_2,N7COLLECTIVEGUILT,N
24200,N_2,N8VIOLENCE,N
24200,N_2,N9INCITEMENT,N
24200,N_2,N10SELFDETERMINATION,N
24200,N_2,N11JEWISHRIGHTSDEFINE,N
24200,N_2,N11SELFDETERMINATION,N
24200,N_2,N11JEWISHRIGHTS,N
24200,N_2,N12DOUBLESTANDARD,N
43209,N_2,N2CONSPIRACY,E
43209,N_2,N2CONTROLMEDIA,N
43209,N_2,N2CONTROLECONOMY,N
43209,N_2,N2CONTROLGOV,E
43209,N_2,N2CONTROLOTHER,E
43209,N_2,N3COLLECTIVEBLAME,E
43209,N_2,N4HIDDENCONSPIRACY,E
43209,N_2,N4ISRAELHAND,E
43209,N_2,N5LOYALTY,I
43209,N_2,N6IDENTITYDENY,N
43209,N_2,N7COLLECTIVEGUILT,E
43209,N_2,N8VIOLENCE,N
43209,N_2,N9INCITEMENT,I
43209,N_2,N10SELFDETERMINATION,N
43209,N_2,N11JEWISHRIGHTSDEFINE,N
43209,N_2,N11SELFDETERMINATION,N
43209,N_2,N11JEWISHRIGHTS,N
43209,N_2,N12DOUBLESTANDARD,N
11453,N_2,N2CONSPIRACY,N
11453,N_2,N2CONTROLMEDIA,N
11453,N_2,N2CONTROLECONOMY,N
11453,N_2,N2CONTROLGOV,N
11453,N_2,N2CONTROLOTHER,N
11453,N_2,N3COLLECTIVEBLAME,N
11453,N_2,N4HIDDENCONSPIRACY,N
11453,N_2,N4ISRAELHAND,N
11453,N_2,N5LOYALTY,N
11453,N_2,N6IDENTITYDENY,N
11453,N_2,N7COLLECTIVEGUILT,N
11453,N_2,N8VIOLENCE,N
11453,N_2,N9INCITEMENT,N
11453,N_2,N10SELFDETERMINATION,N
11453,N_2,N11JEWISHRIGHTSDEFINE,N
11453,N_2,N11SELFDETERMINATION,N
11453,N_2,N11JEWISHRIGHTS,N
11453,N_2,N12DOUBLESTANDARD,N
32204,N_2,N2CONSPIRACY,N
32204,N_2,N2CONTROLMEDIA,N
32204,N_2,N2CONTROLECONOMY,N
32204,N_2,N2CONTROLGOV,N
32204,N_2,N2CONTROLOTHER,N
32204,N_2,N3COLLECTIVEBLAME,N
32204,N_2,N4HIDDENCONSPIRACY,N
32204,N_2,N4ISRAELHAND,N
32204,N_2,N5LOYALTY,N
32204,N_2,N6IDENTITYDENY,N
32204,N_2,N7COLLECTIVEGUILT,N
32204,N_2,N8VIOLENCE,N
32204,N_2,N9INCITEMENT,N
32204,N_2,N10SELFDETERMINATION,N
32204,N_2,N11JEWISHRIGHTSDEFINE,N
32204,N_2,N11SELFDETERMINATION,N
32204,N_2,N11JEWISHRIGHTS,N
32204,N_2,N12DOUBLESTANDARD,N
27513,N_2,N2CONSPIRACY,N
27513,N_2,N2CONTROLMEDIA,N
27513,N_2,N2CONTROLECONOMY,N
27513,N_2,N2CONTROLGOV,N
27513,N_2,N2CONTROLOTHER,N
27513,N_2,N3COLLECTIVEBLAME,N
27513,N_2,N4HIDDENCONSPIRACY,N
27513,N_2,N4ISRAELHAND,N
27513,N_2,N5LOYALTY,N
27513,N_2,N6IDENTITYDENY,N
27513,N_2,N7COLLECTIVEGUILT,N
27513,N_2,N8VIOLENCE,N
27513,N_2,N9INCITEMENT,N
27513,N_2,N10SELFDETERMINATION,N
27513,N_2,N11JEWISHRIGHTSDEFINE,N
27513,N_2,N11SELFDETERMINATION,N
27513,N_2,N11JEWISHRIGHTS,N
27513,N_2,N12DOUBLESTANDARD,N
7525,N_2,N2CONSPIRACY,N
7525,N_2,N2CONTROLMEDIA,N
7525,N_2,N2CONTROLECONOMY,N
7525,N_2,N2CONTROLGOV,N
7525,N_2,N2CONTROLOTHER,N
7525,N_2,N3COLLECTIVEBLAME,N
7525,N_2,N4HIDDENCONSPIRACY,N
7525,N_2,N4ISRAELHAND,N
7525,N_2,N5LOYALTY,N
7525,N_2,N6IDENTITYDENY,N
7525,N_2,N7COLLECTIVEGUILT,N
7525,N_2,N8VIOLENCE,N
7525,N_2,N9INCITEMENT,N
7525,N_2,N10SELFDETERMINATION,N
7525,N_2,N11JEWISHRIGHTSDEFINE,N
7525,N_2,N11SELFDETERMINATION,N
7525,N_2,N11JEWISHRIGHTS,N
7525,N_2,N12DOUBLESTANDARD,N
12743,N_2,N2CONSPIRACY,N
12743,N_2,N2CONTROLMEDIA,N
12743,N_2,N2CONTROLECONOMY,N
12743,N_2,N2CONTROLGOV,N
12743,N_2,N2CONTROLOTHER,N
12743,N_2,N3COLLECTIVEBLAME,N
12743,N_2,N4HIDDENCONSPIRACY,N
12743,N_2,N4ISRAELHAND,N
12743,N_2,N5LOYALTY,N
12743,N_2,N6IDENTITYDENY,N
12743,N_2,N7COLLECTIVEGUILT,N
12743,N_2,N8VIOLENCE,N
12743,N_2,N9INCITEMENT,N
12743,N_2,N10SELFDETERMINATION,N
12743,N_2,N11JEWISHRIGHTSDEFINE,N
12743,N_2,N11SELFDETERMINATION,N
12743,N_2,N11JEWISHRIGHTS,N
12743,N_2,N12DOUBLESTANDARD,N
31574,N_2,N2CONSPIRACY,N
31574,N_2,N2CONTROLMEDIA,N
31574,N_2,N2CONTROLECONOMY,N
31574,N_2,N2CONTROLGOV,N
31574,N_2,N2CONTROLOTHER,N
31574,N_2,N3COLLECTIVEBLAME,N
31574,N_2,N4HIDDENCONSPIRACY,N
31574,N_2,N4ISRAELHAND,N
31574,N_2,N5LOYALTY,N
31574,N_2,N6IDENTITYDENY,N
31574,N_2,N7COLLECTIVEGUILT,N
31574,N_2,N8VIOLENCE,N
31574,N_2,N9INCITEMENT,N
31574,N_2,N10SELFDETERMINATION,N
31574,N_2,N11JEWISHRIGHTSDEFINE,N
31574,N_2,N11SELFDETERMINATION,N
31574,N_2,N11JEWISHRIGHTS,N
31574,N_2,N12DOUBLESTANDARD,N
48267,N_2,N2CONSPIRACY,N
48267,N_2,N2CONTROLMEDIA,N
48267,N_2,N2CONTROLECONOMY,N
48267,N_2,N2CONTROLGOV,N
48267,N_2,N2CONTROLOTHER,N
48267,N_2,N3COLLECTIVEBLAME,N
48267,N_2,N4HIDDENCONSPIRACY,N
48267,N_2,N4ISRAELHAND,N
48267,N_2,N5LOYALTY,N
48267,N_2,N6IDENTITYDENY,N
48267,N_2,N7COLLECTIVEGUILT,N
48267,N_2,N8VIOLENCE,N
48267,N_2,N9INCITEMENT,N
48267,N_2,N10SELFDETERMINATION,N
48267,N_2,N11JEWISHRIGHTSDEFINE,N
48267,N_2,N11SELFDETERMINATION,N
48267,N_2,N11JEWISHRIGHTS,N
48267,N_2,N12DOUBLESTANDARD,N
26971,N_2,N2CONSPIRACY,N
26971,N_2,N2CONTROLMEDIA,N
26971,N_2,N2CONTROLECONOMY,N
26971,N_2,N2CONTROLGOV,N
26971,N_2,N2CONTROLOTHER,N
26971,N_2,N3COLLECTIVEBLAME,N
26971,N_2,N4HIDDENCONSPIRACY,N
26971,N_2,N4ISRAELHAND,N
26971,N_2,N5LOYALTY,N
26971,N_2,N6IDENTITYDENY,N
26971,N_2,N7COLLECTIVEGUILT,N
26971,N_2,N8VIOLENCE,N
26971,N_2,N9INCITEMENT,N
26971,N_2,N10SELFDETERMINATION,N
26971,N_2,N11JEWISHRIGHTSDEFINE,N
26971,N_2,N11SELFDETERMINATION,N
26971,N_2,N11JEWISHRIGHTS,N
26971,N_2,N12DOUBLESTANDARD,N
25110,N_2,N2CONSPIRACY,N
25110,N_2,N2CONTROLMEDIA,N
25110,N_2,N2CONTROLECONOMY,N
25110,N_2,N2CONTROLGOV,N
25110,N_2,N2CONTROLOTHER,N
25110,N_2,N3COLLECTIVEBLAME,N
25110,N_2,N4HIDDENCONSPIRACY,N
25110,N_2,N4ISRAELHAND,N
25110,N_2,N5LOYALTY,N
25110,N_2,N6IDENTITYDENY,N
25110,N_2,N7COLLECTIVEGUILT,N
25110,N_2,N8VIOLENCE,N
25110,N_2,N9INCITEMENT,N
25110,N_2,N10SELFDETERMINATION,N
25110,N_2,N11JEWISHRIGHTSDEFINE,N
25110,N_2,N11SELFDETERMINATION,N
25110,N_2,N11JEWISHRIGHTS,N
25110,N_2,N12DOUBLESTANDARD,N
40100,N_2,N2CONSPIRACY,N
40100,N_2,N2CONTROLMEDIA,N
40100,N_2,N2CONTROLECONOMY,N
40100,N_2,N2CONTROLGOV,N
40100,N_2,N2CONTROLOTHER,N
40100,N_2,N3COLLECTIVEBLAME,N
40100,N_2,N4HIDDENCONSPIRACY,N
40100,N_2,N4ISRAELHAND,N
40100,N_2,N5LOYALTY,N
40100,N_2,N6IDENTITYDENY,N
40100,N_2,N7COLLECTIVEGUILT,N
40100,N_2,N8VIOLENCE,N
40100,N_2,N9INCITEMENT,N
40100,N_2,N10SELFDETERMINATION,N
40100,N_2,N11JEWISHRIGHTSDEFINE,N
40100,N_2,N11SELFDETERMINATION,N
40100,N_2,N11JEWISHRIGHTS,N
40100,N_2,N12DOUBLESTANDARD,N
49970,N_2,N2CONSPIRACY,I
49970,N_2,N2CONTROLMEDIA,N
49970,N_2,N2CONTROLECONOMY,N
49970,N_2,N2CONTROLGOV,N
49970,N_2,N2CONTROLOTHER,N
49970,N_2,N3COLLECTIVEBLAME,N
49970,N_2,N4HIDDENCONSPIRACY,N
49970,N_2,N4ISRAELHAND,I
49970,N_2,N5LOYALTY,N
49970,N_2,N6IDENTITYDENY,N
49970,N_2,N7COLLECTIVEGUILT,N
49970,N_2,N8VIOLENCE,N
49970,N_2,N9INCITEMENT,N
49970,N_2,N10SELFDETERMINATION,N
49970,N_2,N11JEWISHRIGHTSDEFINE,N
49970,N_2,N11SELFDETERMINATION,N
49970,N_2,N11JEWISHRIGHTS,N
49970,N_2,N12DOUBLESTANDARD,N
10206,N_2,N2CONSPIRACY,N
10206,N_2,N2CONTROLMEDIA,N
10206,N_2,N2CONTROLECONOMY,N
10206,N_2,N2CONTROLGOV,N
10206,N_2,N2CONTROLOTHER,N
10206,N_2,N3COLLECTIVEBLAME,N
10206,N_2,N4HIDDENCONSPIRACY,N
10206,N_2,N4ISRAELHAND,N
10206,N_2,N5LOYALTY,N
10206,N_2,N6IDENTITYDENY,N
10206,N_2,N7COLLECTIVEGUILT,N
10206,N_2,N8VIOLENCE,N
10206,N_2,N9INCITEMENT,N
10206,N_2,N10SELFDETERMINATION,N
10206,N_2,N11JEWISHRIGHTSDEFINE,N
10206,N_2,N11SELFDETERMINATION,N
10206,N_2,N11JEWISHRIGHTS,N
10206,N_2,N12DOUBLESTANDARD,N
44423,N_2,N2CONSPIRACY,I
44423,N_2,N2CONTROLMEDIA,A
44423,N_2,N2CONTROLECONOMY,A
44423,N_2,N2CONTROLGOV,A
44423,N_2,N2CONTROLOTHER,A
44423,N_2,N3COLLECTIVEBLAME,I
44423,N_2,N4HIDDENCONSPIRACY,I
44423,N_2,N4ISRAELHAND,N
44423,N_2,N5LOYALTY,N
44423,N_2,N6IDENTITYDENY,N
44423,N_2,N7COLLECTIVEGUILT,N
44423,N_2,N8VIOLENCE,N
44423,N_2,N9INCITEMENT,N
44423,N_2,N10SELFDETERMINATION,N
44423,N_2,N11JEWISHRIGHTSDEFINE,N
44423,N_2,N11SELFDETERMINATION,N
44423,N_2,N11JEWISHRIGHTS,N
44423,N_2,N12DOUBLESTANDARD,N
42128,N_2,N2CONSPIRACY,N
42128,N_2,N2CONTROLMEDIA,N
42128,N_2,N2CONTROLECONOMY,N
42128,N_2,N2CONTROLGOV,N
42128,N_2,N2CONTROLOTHER,N
42128,N_2,N3COLLECTIVEBLAME,N
42128,N_2,N4HIDDENCONSPIRACY,N
42128,N_2,N4ISRAELHAND,N
42128,N_2,N5LOYALTY,N
42128,N_2,N6IDENTITYDENY,N
42128,N_2,N7COLLECTIVEGUILT,N
42128,N_2,N8VIOLENCE,N
42128,N_2,N9INCITEMENT,N
42128,N_2,N10SELFDETERMINATION,N
42128,N_2,N11JEWISHRIGHTSDEFINE,N
42128,N_2,N11SELFDETERMINATION,N
42128,N_2,N11JEWISHRIGHTS,N
42128,N_2,N12DOUBLESTANDARD,N
27378,N_2,N2CONSPIRACY,N
27378,N_2,N2CONTROLMEDIA,N
27378,N_2,N2CONTROLECONOMY,N
27378,N_2,N2CONTROLGOV,N
27378,N_2,N2CONTROLOTHER,N
27378,N_2,N3COLLECTIVEBLAME,N
27378,N_2,N4HIDDENCONSPIRACY,N
27378,N_2,N4ISRAELHAND,N
27378,N_2,N5LOYALTY,N
27378,N_2,N6IDENTITYDENY,N
27378,N_2,N7COLLECTIVEGUILT,N
27378,N_2,N8VIOLENCE,N
27378,N_2,N9INCITEMENT,N
27378,N_2,N10SELFDETERMINATION,N
27378,N_2,N11JEWISHRIGHTSDEFINE,N
27378,N_2,N11SELFDETERMINATION,N
27378,N_2,N11JEWISHRIGHTS,N
27378,N_2,N12DOUBLESTANDARD,N
36551,N_2,N2CONSPIRACY,N
36551,N_2,N2CONTROLMEDIA,N
36551,N_2,N2CONTROLECONOMY,N
36551,N_2,N2CONTROLGOV,N
36551,N_2,N2CONTROLOTHER,N
36551,N_2,N3COLLECTIVEBLAME,N
36551,N_2,N4HIDDENCONSPIRACY,N
36551,N_2,N4ISRAELHAND,N
36551,N_2,N5LOYALTY,N
36551,N_2,N6IDENTITYDENY,N
36551,N_2,N7COLLECTIVEGUILT,N
36551,N_2,N8VIOLENCE,N
36551,N_2,N9INCITEMENT,N
36551,N_2,N10SELFDETERMINATION,N
36551,N_2,N11JEWISHRIGHTSDEFINE,N
36551,N_2,N11SELFDETERMINATION,N
36551,N_2,N11JEWISHRIGHTS,N
36551,N_2,N12DOUBLESTANDARD,N
20090,N_2,N2CONSPIRACY,N
20090,N_2,N2CONTROLMEDIA,N
20090,N_2,N2CONTROLECONOMY,N
20090,N_2,N2CONTROLGOV,N
20090,N_2,N2CONTROLOTHER,N
20090,N_2,N3COLLECTIVEBLAME,N
20090,N_2,N4HIDDENCONSPIRACY,N
20090,N_2,N4ISRAELHAND,N
20090,N_2,N5LOYALTY,N
20090,N_2,N6IDENTITYDENY,N
20090,N_2,N7COLLECTIVEGUILT,N
20090,N_2,N8VIOLENCE,N
20090,N_2,N9INCITEMENT,N
20090,N_2,N10SELFDETERMINATION,N
20090,N_2,N11JEWISHRIGHTSDEFINE,N
20090,N_2,N11SELFDETERMINATION,N
20090,N_2,N11JEWISHRIGHTS,N
20090,N_2,N12DOUBLESTANDARD,N
29130,N_2,N2CONSPIRACY,N
29130,N_2,N2CONTROLMEDIA,N
29130,N_2,N2CONTROLECONOMY,N
29130,N_2,N2CONTROLGOV,N
29130,N_2,N2CONTROLOTHER,N
29130,N_2,N3COLLECTIVEBLAME,N
29130,N_2,N4HIDDENCONSPIRACY,N
29130,N_2,N4ISRAELHAND,N
29130,N_2,N5LOYALTY,N
29130,N_2,N6IDENTITYDENY,N
29130,N_2,N7COLLECTIVEGUILT,N
29130,N_2,N8VIOLENCE,N
29130,N_2,N9INCITEMENT,N
29130,N_2,N10SELFDETERMINATION,N
29130,N_2,N11JEWISHRIGHTSDEFINE,N
29130,N_2,N11SELFDETERMINATION,N
29130,N_2,N11JEWISHRIGHTS,N
29130,N_2,N12DOUBLESTANDARD,N
45219,N_2,N2CONSPIRACY,N
45219,N_2,N2CONTROLMEDIA,N
45219,N_2,N2CONTROLECONOMY,N
45219,N_2,N2CONTROLGOV,N
45219,N_2,N2CONTROLOTHER,N
45219,N_2,N3COLLECTIVEBLAME,N
45219,N_2,N4HIDDENCONSPIRACY,N
45219,N_2,N4ISRAELHAND,N
45219,N_2,N5LOYALTY,N
45219,N_2,N6IDENTITYDENY,N
45219,N_2,N7COLLECTIVEGUILT,N
45219,N_2,N8VIOLENCE,N
45219,N_2,N9INCITEMENT,N
45219,N_2,N10SELFDETERMINATION,N
45219,N_2,N11JEWISHRIGHTSDEFINE,N
45219,N_2,N11SELFDETERMINATION,N
45219,N_2,N11JEWISHRIGHTS,N
45219,N_2,N12DOUBLESTANDARD,N
7323,N_2,N2CONSPIRACY,N
7323,N_2,N2CONTROLMEDIA,N
7323,N_2,N2CONTROLECONOMY,N
7323,N_2,N2CONTROLGOV,N
7323,N_2,N2CONTROLOTHER,N
7323,N_2,N3COLLECTIVEBLAME,N
7323,N_2,N4HIDDENCONSPIRACY,N
7323,N_2,N4ISRAELHAND,N
7323,N_2,N5LOYALTY,N
7323,N_2,N6IDENTITYDENY,N
7323,N_2,N7COLLECTIVEGUILT,N
7323,N_2,N8VIOLENCE,N
7323,N_2,N9INCITEMENT,N
7323,N_2,N10SELFDETERMINATION,N
7323,N_2,N11JEWISHRIGHTSDEFINE,N
7323,N_2,N11SELFDETERMINATION,N
7323,N_2,N11JEWISHRIGHTS,N
7323,N_2,N12DOUBLESTANDARD,N
47113,N_2,N2CONSPIRACY,N
47113,N_2,N2CONTROLMEDIA,N
47113,N_2,N2CONTROLECONOMY,N
47113,N_2,N2CONTROLGOV,N
47113,N_2,N2CONTROLOTHER,N
47113,N_2,N3COLLECTIVEBLAME,A
47113,N_2,N4HIDDENCONSPIRACY,N
47113,N_2,N4ISRAELHAND,N
47113,N_2,N5LOYALTY,N
47113,N_2,N6IDENTITYDENY,N
47113,N_2,N7COLLECTIVEGUILT,N
47113,N_2,N8VIOLENCE,N
47113,N_2,N9INCITEMENT,N
47113,N_2,N10SELFDETERMINATION,N
47113,N_2,N11JEWISHRIGHTSDEFINE,N
47113,N_2,N11SELFDETERMINATION,N
47113,N_2,N11JEWISHRIGHTS,N
47113,N_2,N12DOUBLESTANDARD,N
4338,N_2,N2CONSPIRACY,N
4338,N_2,N2CONTROLMEDIA,N
4338,N_2,N2CONTROLECONOMY,N
4338,N_2,N2CONTROLGOV,N
4338,N_2,N2CONTROLOTHER,N
4338,N_2,N3COLLECTIVEBLAME,N
4338,N_2,N4HIDDENCONSPIRACY,N
4338,N_2,N4ISRAELHAND,N
4338,N_2,N5LOYALTY,N
4338,N_2,N6IDENTITYDENY,N
4338,N_2,N7COLLECTIVEGUILT,N
4338,N_2,N8VIOLENCE,N
4338,N_2,N9INCITEMENT,N
4338,N_2,N10SELFDETERMINATION,N
4338,N_2,N11JEWISHRIGHTSDEFINE,N
4338,N_2,N11SELFDETERMINATION,N
4338,N_2,N11JEWISHRIGHTS,N
4338,N_2,N12DOUBLESTANDARD,N
14347,N_2,N2CONSPIRACY,N
14347,N_2,N2CONTROLMEDIA,N
14347,N_2,N2CONTROLECONOMY,N
14347,N_2,N2CONTROLGOV,N
14347,N_2,N2CONTROLOTHER,N
14347,N_2,N3COLLECTIVEBLAME,N
14347,N_2,N4HIDDENCONSPIRACY,N
14347,N_2,N4ISRAELHAND,N
14347,N_2,N5LOYALTY,N
14347,N_2,N6IDENTITYDENY,N
14347,N_2,N7COLLECTIVEGUILT,N
14347,N_2,N8VIOLENCE,N
14347,N_2,N9INCITEMENT,N
14347,N_2,N10SELFDETERMINATION,N
14347,N_2,N11JEWISHRIGHTSDEFINE,N
14347,N_2,N11SELFDETERMINATION,N
14347,N_2,N11JEWISHRIGHTS,N
14347,N_2,N12DOUBLESTANDARD,N
44808,N_2,N2CONSPIRACY,N
44808,N_2,N2CONTROLMEDIA,N
44808,N_2,N2CONTROLECONOMY,N
44808,N_2,N2CONTROLGOV,N
44808,N_2,N2CONTROLOTHER,N
44808,N_2,N3COLLECTIVEBLAME,N
44808,N_2,N4HIDDENCONSPIRACY,N
44808,N_2,N4ISRAELHAND,N
44808,N_2,N5LOYALTY,N
44808,N_2,N6IDENTITYDENY,N
44808,N_2,N7COLLECTIVEGUILT,N
44808,N_2,N8VIOLENCE,N
44808,N_2,N9INCITEMENT,N
44808,N_2,N10SELFDETERMINATION,N
44808,N_2,N11JEWISHRIGHTSDEFINE,N
44808,N_2,N11SELFDETERMINATION,N
44808,N_2,N11JEWISHRIGHTS,N
44808,N_2,N12DOUBLESTANDARD,N
40840,N_2,N2CONSPIRACY,N
40840,N_2,N2CONTROLMEDIA,N
40840,N_2,N2CONTROLECONOMY,N
40840,N_2,N2CONTROLGOV,N
40840,N_2,N2CONTROLOTHER,N
40840,N_2,N3COLLECTIVEBLAME,N
40840,N_2,N4HIDDENCONSPIRACY,N
40840,N_2,N4ISRAELHAND,N
40840,N_2,N5LOYALTY,N
40840,N_2,N6IDENTITYDENY,N
40840,N_2,N7COLLECTIVEGUILT,I
40840,N_2,N8VIOLENCE,N
40840,N_2,N9INCITEMENT,E
40840,N_2,N10SELFDETERMINATION,N
40840,N_2,N11JEWISHRIGHTSDEFINE,N
40840,N_2,N11SELFDETERMINATION,N
40840,N_2,N11JEWISHRIGHTS,E
40840,N_2,N12DOUBLESTANDARD,N
49332,N_2,N2CONSPIRACY,N
49332,N_2,N2CONTROLMEDIA,N
49332,N_2,N2CONTROLECONOMY,N
49332,N_2,N2CONTROLGOV,N
49332,N_2,N2CONTROLOTHER,N
49332,N_2,N3COLLECTIVEBLAME,N
49332,N_2,N4HIDDENCONSPIRACY,N
49332,N_2,N4ISRAELHAND,N
49332,N_2,N5LOYALTY,N
49332,N_2,N6IDENTITYDENY,N
49332,N_2,N7COLLECTIVEGUILT,N
49332,N_2,N8VIOLENCE,N
49332,N_2,N9INCITEMENT,N
49332,N_2,N10SELFDETERMINATION,N
49332,N_2,N11JEWISHRIGHTSDEFINE,N
49332,N_2,N11SELFDETERMINATION,N
49332,N_2,N11JEWISHRIGHTS,N
49332,N_2,N12DOUBLESTANDARD,N
49310,N_2,N2CONSPIRACY,I
49310,N_2,N2CONTROLMEDIA,I
49310,N_2,N2CONTROLECONOMY,N
49310,N_2,N2CONTROLGOV,N
49310,N_2,N2CONTROLOTHER,N
49310,N_2,N3COLLECTIVEBLAME,E
49310,N_2,N4HIDDENCONSPIRACY,I
49310,N_2,N4ISRAELHAND,N
49310,N_2,N5LOYALTY,I
49310,N_2,N6IDENTITYDENY,N
49310,N_2,N7COLLECTIVEGUILT,E
49310,N_2,N8VIOLENCE,N
49310,N_2,N9INCITEMENT,I
49310,N_2,N10SELFDETERMINATION,N
49310,N_2,N11JEWISHRIGHTSDEFINE,N
49310,N_2,N11SELFDETERMINATION,N
49310,N_2,N11JEWISHRIGHTS,N
49310,N_2,N12DOUBLESTANDARD,N
26846,N_2,N2CONSPIRACY,N
26846,N_2,N2CONTROLMEDIA,N
26846,N_2,N2CONTROLECONOMY,N
26846,N_2,N2CONTROLGOV,N
26846,N_2,N2CONTROLOTHER,N
26846,N_2,N3COLLECTIVEBLAME,N
26846,N_2,N4HIDDENCONSPIRACY,N
26846,N_2,N4ISRAELHAND,N
26846,N_2,N5LOYALTY,N
26846,N_2,N6IDENTITYDENY,N
26846,N_2,N7COLLECTIVEGUILT,N
26846,N_2,N8VIOLENCE,N
26846,N_2,N9INCITEMENT,N
26846,N_2,N10SELFDETERMINATION,N
26846,N_2,N11JEWISHRIGHTSDEFINE,N
26846,N_2,N11SELFDETERMINATION,N
26846,N_2,N11JEWISHRIGHTS,N
26846,N_2,N12DOUBLESTANDARD,N
7061,N_2,N2CONSPIRACY,A
7061,N_2,N2CONTROLMEDIA,N
7061,N_2,N2CONTROLECONOMY,N
7061,N_2,N2CONTROLGOV,A
7061,N_2,N2CONTROLOTHER,A
7061,N_2,N3COLLECTIVEBLAME,N
7061,N_2,N4HIDDENCONSPIRACY,A
7061,N_2,N4ISRAELHAND,N
7061,N_2,N5LOYALTY,N
7061,N_2,N6IDENTITYDENY,N
7061,N_2,N7COLLECTIVEGUILT,N
7061,N_2,N8VIOLENCE,N
7061,N_2,N9INCITEMENT,N
7061,N_2,N10SELFDETERMINATION,N
7061,N_2,N11JEWISHRIGHTSDEFINE,N
7061,N_2,N11SELFDETERMINATION,N
7061,N_2,N11JEWISHRIGHTS,N
7061,N_2,N12DOUBLESTANDARD,N
28379,N_2,N2CONSPIRACY,N
28379,N_2,N2CONTROLMEDIA,N
28379,N_2,N2CONTROLECONOMY,N
28379,N_2,N2CONTROLGOV,N
28379,N_2,N2CONTROLOTHER,N
28379,N_2,N3COLLECTIVEBLAME,N
28379,N_2,N4HIDDENCONSPIRACY,N
28379,N_2,N4ISRAELHAND,N
28379,N_2,N5LOYALTY,N
28379,N_2,N6IDENTITYDENY,N
28379,N_2,N7COLLECTIVEGUILT,N
28379,N_2,N8VIOLENCE,N
28379,N_2,N9INCITEMENT,N
28379,N_2,N10SELFDETERMINATION,N
28379,N_2,N11JEWISHRIGHTSDEFINE,N
28379,N_2,N11SELFDETERMINATION,N
28379,N_2,N11JEWISHRIGHTS,N
28379,N_2,N12DOUBLESTANDARD,N
6163,N_2,N2CONSPIRACY,N
6163,N_2,N2CONTROLMEDIA,N
6163,N_2,N2CONTROLECONOMY,N
6163,N_2,N2CONTROLGOV,N
6163,N_2,N2CONTROLOTHER,N
6163,N_2,N3COLLECTIVEBLAME,N
6163,N_2,N4HIDDENCONSPIRACY,N
6163,N_2,N4ISRAELHAND,N
6163,N_2,N5LOYALTY,N
6163,N_2,N6IDENTITYDENY,N
6163,N_2,N7COLLECTIVEGUILT,N
6163,N_2,N8VIOLENCE,I
6163,N_2,N9INCITEMENT,I
6163,N_2,N10SELFDETERMINATION,N
6163,N_2,N11JEWISHRIGHTSDEFINE,N
6163,N_2,N11SELFDETERMINATION,N
6163,N_2,N11JEWISHRIGHTS,N
6163,N_2,N12DOUBLESTANDARD,N
23955,N_2,N2CONSPIRACY,N
23955,N_2,N2CONTROLMEDIA,N
23955,N_2,N2CONTROLECONOMY,N
23955,N_2,N2CONTROLGOV,N
23955,N_2,N2CONTROLOTHER,N
23955,N_2,N3COLLECTIVEBLAME,N
23955,N_2,N4HIDDENCONSPIRACY,N
23955,N_2,N4ISRAELHAND,N
23955,N_2,N5LOYALTY,N
23955,N_2,N6IDENTITYDENY,N
23955,N_2,N7COLLECTIVEGUILT,N
23955,N_2,N8VIOLENCE,N
23955,N_2,N9INCITEMENT,N
23955,N_2,N10SELFDETERMINATION,N
23955,N_2,N11JEWISHRIGHTSDEFINE,N
23955,N_2,N11SELFDETERMINATION,N
23955,N_2,N11JEWISHRIGHTS,N
23955,N_2,N12DOUBLESTANDARD,N
4362,N_2,N2CONSPIRACY,N
4362,N_2,N2CONTROLMEDIA,N
4362,N_2,N2CONTROLECONOMY,N
4362,N_2,N2CONTROLGOV,N
4362,N_2,N2CONTROLOTHER,N
4362,N_2,N3COLLECTIVEBLAME,N
4362,N_2,N4HIDDENCONSPIRACY,N
4362,N_2,N4ISRAELHAND,N
4362,N_2,N5LOYALTY,N
4362,N_2,N6IDENTITYDENY,N
4362,N_2,N7COLLECTIVEGUILT,N
4362,N_2,N8VIOLENCE,N
4362,N_2,N9INCITEMENT,N
4362,N_2,N10SELFDETERMINATION,N
4362,N_2,N11JEWISHRIGHTSDEFINE,N
4362,N_2,N11SELFDETERMINATION,N
4362,N_2,N11JEWISHRIGHTS,N
4362,N_2,N12DOUBLESTANDARD,N
46291,N_2,N2CONSPIRACY,N
46291,N_2,N2CONTROLMEDIA,N
46291,N_2,N2CONTROLECONOMY,N
46291,N_2,N2CONTROLGOV,N
46291,N_2,N2CONTROLOTHER,N
46291,N_2,N3COLLECTIVEBLAME,N
46291,N_2,N4HIDDENCONSPIRACY,N
46291,N_2,N4ISRAELHAND,N
46291,N_2,N5LOYALTY,N
46291,N_2,N6IDENTITYDENY,N
46291,N_2,N7COLLECTIVEGUILT,N
46291,N_2,N8VIOLENCE,N
46291,N_2,N9INCITEMENT,N
46291,N_2,N10SELFDETERMINATION,N
46291,N_2,N11JEWISHRIGHTSDEFINE,N
46291,N_2,N11SELFDETERMINATION,N
46291,N_2,N11JEWISHRIGHTS,N
46291,N_2,N12DOUBLESTANDARD,N
15531,N_2,N2CONSPIRACY,N
15531,N_2,N2CONTROLMEDIA,N
15531,N_2,N2CONTROLECONOMY,N
15531,N_2,N2CONTROLGOV,N
15531,N_2,N2CONTROLOTHER,N
15531,N_2,N3COLLECTIVEBLAME,N
15531,N_2,N4HIDDENCONSPIRACY,N
15531,N_2,N4ISRAELHAND,N
15531,N_2,N5LOYALTY,N
15531,N_2,N6IDENTITYDENY,N
15531,N_2,N7COLLECTIVEGUILT,N
15531,N_2,N8VIOLENCE,N
15531,N_2,N9INCITEMENT,N
15531,N_2,N10SELFDETERMINATION,N
15531,N_2,N11JEWISHRIGHTSDEFINE,N
15531,N_2,N11SELFDETERMINATION,N
15531,N_2,N11JEWISHRIGHTS,N
15531,N_2,N12DOUBLESTANDARD,N
36861,N_2,N2CONSPIRACY,N
36861,N_2,N2CONTROLMEDIA,N
36861,N_2,N2CONTROLECONOMY,N
36861,N_2,N2CONTROLGOV,N
36861,N_2,N2CONTROLOTHER,N
36861,N_2,N3COLLECTIVEBLAME,N
36861,N_2,N4HIDDENCONSPIRACY,N
36861,N_2,N4ISRAELHAND,N
36861,N_2,N5LOYALTY,N
36861,N_2,N6IDENTITYDENY,N
36861,N_2,N7COLLECTIVEGUILT,N
36861,N_2,N8VIOLENCE,N
36861,N_2,N9INCITEMENT,N
36861,N_2,N10SELFDETERMINATION,N
36861,N_2,N11JEWISHRIGHTSDEFINE,N
36861,N_2,N11SELFDETERMINATION,N
36861,N_2,N11JEWISHRIGHTS,N
36861,N_2,N12DOUBLESTANDARD,N
11314,N_2,N2CONSPIRACY,N
11314,N_2,N2CONTROLMEDIA,N
11314,N_2,N2CONTROLECONOMY,N
11314,N_2,N2CONTROLGOV,N
11314,N_2,N2CONTROLOTHER,N
11314,N_2,N3COLLECTIVEBLAME,N
11314,N_2,N4HIDDENCONSPIRACY,N
11314,N_2,N4ISRAELHAND,N
11314,N_2,N5LOYALTY,N
11314,N_2,N6IDENTITYDENY,N
11314,N_2,N7COLLECTIVEGUILT,N
11314,N_2,N8VIOLENCE,N
11314,N_2,N9INCITEMENT,N
11314,N_2,N10SELFDETERMINATION,N
11314,N_2,N11JEWISHRIGHTSDEFINE,N
11314,N_2,N11SELFDETERMINATION,N
11314,N_2,N11JEWISHRIGHTS,N
11314,N_2,N12DOUBLESTANDARD,N
25126,N_2,N2CONSPIRACY,N
25126,N_2,N2CONTROLMEDIA,N
25126,N_2,N2CONTROLECONOMY,N
25126,N_2,N2CONTROLGOV,N
25126,N_2,N2CONTROLOTHER,N
25126,N_2,N3COLLECTIVEBLAME,N
25126,N_2,N4HIDDENCONSPIRACY,N
25126,N_2,N4ISRAELHAND,N
25126,N_2,N5LOYALTY,N
25126,N_2,N6IDENTITYDENY,N
25126,N_2,N7COLLECTIVEGUILT,N
25126,N_2,N8VIOLENCE,N
25126,N_2,N9INCITEMENT,N
25126,N_2,N10SELFDETERMINATION,N
25126,N_2,N11JEWISHRIGHTSDEFINE,N
25126,N_2,N11SELFDETERMINATION,N
25126,N_2,N11JEWISHRIGHTS,N
25126,N_2,N12DOUBLESTANDARD,N
30401,N_2,N2CONSPIRACY,N
30401,N_2,N2CONTROLMEDIA,N
30401,N_2,N2CONTROLECONOMY,N
30401,N_2,N2CONTROLGOV,N
30401,N_2,N2CONTROLOTHER,N
30401,N_2,N3COLLECTIVEBLAME,N
30401,N_2,N4HIDDENCONSPIRACY,N
30401,N_2,N4ISRAELHAND,N
30401,N_2,N5LOYALTY,N
30401,N_2,N6IDENTITYDENY,N
30401,N_2,N7COLLECTIVEGUILT,N
30401,N_2,N8VIOLENCE,N
30401,N_2,N9INCITEMENT,N
30401,N_2,N10SELFDETERMINATION,N
30401,N_2,N11JEWISHRIGHTSDEFINE,N
30401,N_2,N11SELFDETERMINATION,N
30401,N_2,N11JEWISHRIGHTS,N
30401,N_2,N12DOUBLESTANDARD,N
44149,N_2,N2CONSPIRACY,N
44149,N_2,N2CONTROLMEDIA,N
44149,N_2,N2CONTROLECONOMY,N
44149,N_2,N2CONTROLGOV,N
44149,N_2,N2CONTROLOTHER,N
44149,N_2,N3COLLECTIVEBLAME,N
44149,N_2,N4HIDDENCONSPIRACY,N
44149,N_2,N4ISRAELHAND,N
44149,N_2,N5LOYALTY,N
44149,N_2,N6IDENTITYDENY,N
44149,N_2,N7COLLECTIVEGUILT,N
44149,N_2,N8VIOLENCE,N
44149,N_2,N9INCITEMENT,N
44149,N_2,N10SELFDETERMINATION,N
44149,N_2,N11JEWISHRIGHTSDEFINE,N
44149,N_2,N11SELFDETERMINATION,N
44149,N_2,N11JEWISHRIGHTS,N
44149,N_2,N12DOUBLESTANDARD,N
31907,N_2,N2CONSPIRACY,N
31907,N_2,N2CONTROLMEDIA,N
31907,N_2,N2CONTROLECONOMY,N
31907,N_2,N2CONTROLGOV,N
31907,N_2,N2CONTROLOTHER,N
31907,N_2,N3COLLECTIVEBLAME,N
31907,N_2,N4HIDDENCONSPIRACY,N
31907,N_2,N4ISRAELHAND,N
31907,N_2,N5LOYALTY,N
31907,N_2,N6IDENTITYDENY,N
31907,N_2,N7COLLECTIVEGUILT,N
31907,N_2,N8VIOLENCE,N
31907,N_2,N9INCITEMENT,N
31907,N_2,N10SELFDETERMINATION,N
31907,N_2,N11JEWISHRIGHTSDEFINE,N
31907,N_2,N11SELFDETERMINATION,N
31907,N_2,N11JEWISHRIGHTS,N
31907,N_2,N12DOUBLESTANDARD,N
14532,N_2,N2CONSPIRACY,N
14532,N_2,N2CONTROLMEDIA,N
14532,N_2,N2CONTROLECONOMY,N
14532,N_2,N2CONTROLGOV,N
14532,N_2,N2CONTROLOTHER,N
14532,N_2,N3COLLECTIVEBLAME,N
14532,N_2,N4HIDDENCONSPIRACY,N
14532,N_2,N4ISRAELHAND,N
14532,N_2,N5LOYALTY,N
14532,N_2,N6IDENTITYDENY,N
14532,N_2,N7COLLECTIVEGUILT,N
14532,N_2,N8VIOLENCE,N
14532,N_2,N9INCITEMENT,N
14532,N_2,N10SELFDETERMINATION,N
14532,N_2,N11JEWISHRIGHTSDEFINE,N
14532,N_2,N11SELFDETERMINATION,N
14532,N_2,N11JEWISHRIGHTS,N
14532,N_2,N12DOUBLESTANDARD,N
13484,N_2,N2CONSPIRACY,N
13484,N_2,N2CONTROLMEDIA,N
13484,N_2,N2CONTROLECONOMY,N
13484,N_2,N2CONTROLGOV,N
13484,N_2,N2CONTROLOTHER,N
13484,N_2,N3COLLECTIVEBLAME,N
13484,N_2,N4HIDDENCONSPIRACY,N
13484,N_2,N4ISRAELHAND,N
13484,N_2,N5LOYALTY,N
13484,N_2,N6IDENTITYDENY,N
13484,N_2,N7COLLECTIVEGUILT,N
13484,N_2,N8VIOLENCE,N
13484,N_2,N9INCITEMENT,N
13484,N_2,N10SELFDETERMINATION,N
13484,N_2,N11JEWISHRIGHTSDEFINE,N
13484,N_2,N11SELFDETERMINATION,N
13484,N_2,N11JEWISHRIGHTS,N
13484,N_2,N12DOUBLESTANDARD,N
11813,N_2,N2CONSPIRACY,N
11813,N_2,N2CONTROLMEDIA,N
11813,N_2,N2CONTROLECONOMY,N
11813,N_2,N2CONTROLGOV,N
11813,N_2,N2CONTROLOTHER,N
11813,N_2,N3COLLECTIVEBLAME,N
11813,N_2,N4HIDDENCONSPIRACY,N
11813,N_2,N4ISRAELHAND,N
11813,N_2,N5LOYALTY,N
11813,N_2,N6IDENTITYDENY,N
11813,N_2,N7COLLECTIVEGUILT,N
11813,N_2,N8VIOLENCE,N
11813,N_2,N9INCITEMENT,N
11813,N_2,N10SELFDETERMINATION,N
11813,N_2,N11JEWISHRIGHTSDEFINE,N
11813,N_2,N11SELFDETERMINATION,N
11813,N_2,N11JEWISHRIGHTS,N
11813,N_2,N12DOUBLESTANDARD,N
10766,N_2,N2CONSPIRACY,N
10766,N_2,N2CONTROLMEDIA,N
10766,N_2,N2CONTROLECONOMY,N
10766,N_2,N2CONTROLGOV,N
10766,N_2,N2CONTROLOTHER,N
10766,N_2,N3COLLECTIVEBLAME,N
10766,N_2,N4HIDDENCONSPIRACY,N
10766,N_2,N4ISRAELHAND,N
10766,N_2,N5LOYALTY,N
10766,N_2,N6IDENTITYDENY,N
10766,N_2,N7COLLECTIVEGUILT,N
10766,N_2,N8VIOLENCE,N
10766,N_2,N9INCITEMENT,N
10766,N_2,N10SELFDETERMINATION,N
10766,N_2,N11JEWISHRIGHTSDEFINE,N
10766,N_2,N11SELFDETERMINATION,N
10766,N_2,N11JEWISHRIGHTS,N
10766,N_2,N12DOUBLESTANDARD,N
43791,N_2,N2CONSPIRACY,N
43791,N_2,N2CONTROLMEDIA,N
43791,N_2,N2CONTROLECONOMY,N
43791,N_2,N2CONTROLGOV,N
43791,N_2,N2CONTROLOTHER,N
43791,N_2,N3COLLECTIVEBLAME,N
43791,N_2,N4HIDDENCONSPIRACY,N
43791,N_2,N4ISRAELHAND,N
43791,N_2,N5LOYALTY,N
43791,N_2,N6IDENTITYDENY,N
43791,N_2,N7COLLECTIVEGUILT,N
43791,N_2,N8VIOLENCE,N
43791,N_2,N9INCITEMENT,N
43791,N_2,N10SELFDETERMINATION,N
43791,N_2,N11JEWISHRIGHTSDEFINE,N
43791,N_2,N11SELFDETERMINATION,N
43791,N_2,N11JEWISHRIGHTS,N
43791,N_2,N12DOUBLESTANDARD,N
45067,N_2,N2CONSPIRACY,N
45067,N_2,N2CONTROLMEDIA,N
45067,N_2,N2CONTROLECONOMY,N
45067,N_2,N2CONTROLGOV,N
45067,N_2,N2CONTROLOTHER,N
45067,N_2,N3COLLECTIVEBLAME,N
45067,N_2,N4HIDDENCONSPIRACY,N
45067,N_2,N4ISRAELHAND,N
45067,N_2,N5LOYALTY,N
45067,N_2,N6IDENTITYDENY,N
45067,N_2,N7COLLECTIVEGUILT,N
45067,N_2,N8VIOLENCE,N
45067,N_2,N9INCITEMENT,N
45067,N_2,N10SELFDETERMINATION,N
45067,N_2,N11JEWISHRIGHTSDEFINE,N
45067,N_2,N11SELFDETERMINATION,N
45067,N_2,N11JEWISHRIGHTS,N
45067,N_2,N12DOUBLESTANDARD,N
17669,N_2,N2CONSPIRACY,N
17669,N_2,N2CONTROLMEDIA,N
17669,N_2,N2CONTROLECONOMY,N
17669,N_2,N2CONTROLGOV,N
17669,N_2,N2CONTROLOTHER,N
17669,N_2,N3COLLECTIVEBLAME,N
17669,N_2,N4HIDDENCONSPIRACY,N
17669,N_2,N4ISRAELHAND,N
17669,N_2,N5LOYALTY,N
17669,N_2,N6IDENTITYDENY,N
17669,N_2,N7COLLECTIVEGUILT,N
17669,N_2,N8VIOLENCE,N
17669,N_2,N9INCITEMENT,N
17669,N_2,N10SELFDETERMINATION,N
17669,N_2,N11JEWISHRIGHTSDEFINE,N
17669,N_2,N11SELFDETERMINATION,N
17669,N_2,N11JEWISHRIGHTS,N
17669,N_2,N12DOUBLESTANDARD,N
31160,N_2,N2CONSPIRACY,N
31160,N_2,N2CONTROLMEDIA,N
31160,N_2,N2CONTROLECONOMY,N
31160,N_2,N2CONTROLGOV,N
31160,N_2,N2CONTROLOTHER,N
31160,N_2,N3COLLECTIVEBLAME,N
31160,N_2,N4HIDDENCONSPIRACY,N
31160,N_2,N4ISRAELHAND,N
31160,N_2,N5LOYALTY,N
31160,N_2,N6IDENTITYDENY,N
31160,N_2,N7COLLECTIVEGUILT,N
31160,N_2,N8VIOLENCE,N
31160,N_2,N9INCITEMENT,N
31160,N_2,N10SELFDETERMINATION,N
31160,N_2,N11JEWISHRIGHTSDEFINE,N
31160,N_2,N11SELFDETERMINATION,N
31160,N_2,N11JEWISHRIGHTS,N
31160,N_2,N12DOUBLESTANDARD,N
48295,N_2,N2CONSPIRACY,N
48295,N_2,N2CONTROLMEDIA,N
48295,N_2,N2CONTROLECONOMY,N
48295,N_2,N2CONTROLGOV,N
48295,N_2,N2CONTROLOTHER,N
48295,N_2,N3COLLECTIVEBLAME,N
48295,N_2,N4HIDDENCONSPIRACY,N
48295,N_2,N4ISRAELHAND,N
48295,N_2,N5LOYALTY,N
48295,N_2,N6IDENTITYDENY,N
48295,N_2,N7COLLECTIVEGUILT,N
48295,N_2,N8VIOLENCE,N
48295,N_2,N9INCITEMENT,N
48295,N_2,N10SELFDETERMINATION,N
48295,N_2,N11JEWISHRIGHTSDEFINE,N
48295,N_2,N11SELFDETERMINATION,N
48295,N_2,N11JEWISHRIGHTS,N
48295,N_2,N12DOUBLESTANDARD,N
10174,N_2,N2CONSPIRACY,N
10174,N_2,N2CONTROLMEDIA,N
10174,N_2,N2CONTROLECONOMY,N
10174,N_2,N2CONTROLGOV,N
10174,N_2,N2CONTROLOTHER,N
10174,N_2,N3COLLECTIVEBLAME,N
10174,N_2,N4HIDDENCONSPIRACY,N
10174,N_2,N4ISRAELHAND,N
10174,N_2,N5LOYALTY,N
10174,N_2,N6IDENTITYDENY,N
10174,N_2,N7COLLECTIVEGUILT,N
10174,N_2,N8VIOLENCE,I
10174,N_2,N9INCITEMENT,I
10174,N_2,N10SELFDETERMINATION,N
10174,N_2,N11JEWISHRIGHTSDEFINE,N
10174,N_2,N11SELFDETERMINATION,N
10174,N_2,N11JEWISHRIGHTS,N
10174,N_2,N12DOUBLESTANDARD,N
32926,N_2,N2CONSPIRACY,N
32926,N_2,N2CONTROLMEDIA,N
32926,N_2,N2CONTROLECONOMY,N
32926,N_2,N2CONTROLGOV,N
32926,N_2,N2CONTROLOTHER,N
32926,N_2,N3COLLECTIVEBLAME,N
32926,N_2,N4HIDDENCONSPIRACY,N
32926,N_2,N4ISRAELHAND,N
32926,N_2,N5LOYALTY,N
32926,N_2,N6IDENTITYDENY,N
32926,N_2,N7COLLECTIVEGUILT,N
32926,N_2,N8VIOLENCE,I
32926,N_2,N9INCITEMENT,I
32926,N_2,N10SELFDETERMINATION,N
32926,N_2,N11JEWISHRIGHTSDEFINE,N
32926,N_2,N11SELFDETERMINATION,N
32926,N_2,N11JEWISHRIGHTS,N
32926,N_2,N12DOUBLESTANDARD,N
40579,N_2,N2CONSPIRACY,N
40579,N_2,N2CONTROLMEDIA,N
40579,N_2,N2CONTROLECONOMY,N
40579,N_2,N2CONTROLGOV,N
40579,N_2,N2CONTROLOTHER,N
40579,N_2,N3COLLECTIVEBLAME,N
40579,N_2,N4HIDDENCONSPIRACY,N
40579,N_2,N4ISRAELHAND,N
40579,N_2,N5LOYALTY,N
40579,N_2,N6IDENTITYDENY,N
40579,N_2,N7COLLECTIVEGUILT,N
40579,N_2,N8VIOLENCE,N
40579,N_2,N9INCITEMENT,N
40579,N_2,N10SELFDETERMINATION,N
40579,N_2,N11JEWISHRIGHTSDEFINE,N
40579,N_2,N11SELFDETERMINATION,N
40579,N_2,N11JEWISHRIGHTS,N
40579,N_2,N12DOUBLESTANDARD,N
18306,N_2,N2CONSPIRACY,N
18306,N_2,N2CONTROLMEDIA,N
18306,N_2,N2CONTROLECONOMY,N
18306,N_2,N2CONTROLGOV,N
18306,N_2,N2CONTROLOTHER,N
18306,N_2,N3COLLECTIVEBLAME,N
18306,N_2,N4HIDDENCONSPIRACY,N
18306,N_2,N4ISRAELHAND,N
18306,N_2,N5LOYALTY,N
18306,N_2,N6IDENTITYDENY,N
18306,N_2,N7COLLECTIVEGUILT,N
18306,N_2,N8VIOLENCE,N
18306,N_2,N9INCITEMENT,N
18306,N_2,N10SELFDETERMINATION,N
18306,N_2,N11JEWISHRIGHTSDEFINE,N
18306,N_2,N11SELFDETERMINATION,N
18306,N_2,N11JEWISHRIGHTS,N
18306,N_2,N12DOUBLESTANDARD,N
7615,N_2,N2CONSPIRACY,N
7615,N_2,N2CONTROLMEDIA,N
7615,N_2,N2CONTROLECONOMY,N
7615,N_2,N2CONTROLGOV,N
7615,N_2,N2CONTROLOTHER,N
7615,N_2,N3COLLECTIVEBLAME,N
7615,N_2,N4HIDDENCONSPIRACY,N
7615,N_2,N4ISRAELHAND,N
7615,N_2,N5LOYALTY,N
7615,N_2,N6IDENTITYDENY,N
7615,N_2,N7COLLECTIVEGUILT,N
7615,N_2,N8VIOLENCE,N
7615,N_2,N9INCITEMENT,N
7615,N_2,N10SELFDETERMINATION,N
7615,N_2,N11JEWISHRIGHTSDEFINE,N
7615,N_2,N11SELFDETERMINATION,N
7615,N_2,N11JEWISHRIGHTS,N
7615,N_2,N12DOUBLESTANDARD,N
48722,N_2,N2CONSPIRACY,N
48722,N_2,N2CONTROLMEDIA,N
48722,N_2,N2CONTROLECONOMY,N
48722,N_2,N2CONTROLGOV,N
48722,N_2,N2CONTROLOTHER,N
48722,N_2,N3COLLECTIVEBLAME,N
48722,N_2,N4HIDDENCONSPIRACY,N
48722,N_2,N4ISRAELHAND,N
48722,N_2,N5LOYALTY,N
48722,N_2,N6IDENTITYDENY,N
48722,N_2,N7COLLECTIVEGUILT,N
48722,N_2,N8VIOLENCE,E
48722,N_2,N9INCITEMENT,E
48722,N_2,N10SELFDETERMINATION,N
48722,N_2,N11JEWISHRIGHTSDEFINE,N
48722,N_2,N11SELFDETERMINATION,N
48722,N_2,N11JEWISHRIGHTS,E
48722,N_2,N12DOUBLESTANDARD,N
39849,N_2,N2CONSPIRACY,N
39849,N_2,N2CONTROLMEDIA,N
39849,N_2,N2CONTROLECONOMY,N
39849,N_2,N2CONTROLGOV,N
39849,N_2,N2CONTROLOTHER,N
39849,N_2,N3COLLECTIVEBLAME,N
39849,N_2,N4HIDDENCONSPIRACY,N
39849,N_2,N4ISRAELHAND,N
39849,N_2,N5LOYALTY,N
39849,N_2,N6IDENTITYDENY,N
39849,N_2,N7COLLECTIVEGUILT,N
39849,N_2,N8VIOLENCE,N
39849,N_2,N9INCITEMENT,N
39849,N_2,N10SELFDETERMINATION,N
39849,N_2,N11JEWISHRIGHTSDEFINE,N
39849,N_2,N11SELFDETERMINATION,N
39849,N_2,N11JEWISHRIGHTS,N
39849,N_2,N12DOUBLESTANDARD,N
34491,N_2,N2CONSPIRACY,N
34491,N_2,N2CONTROLMEDIA,N
34491,N_2,N2CONTROLECONOMY,N
34491,N_2,N2CONTROLGOV,N
34491,N_2,N2CONTROLOTHER,N
34491,N_2,N3COLLECTIVEBLAME,N
34491,N_2,N4HIDDENCONSPIRACY,N
34491,N_2,N4ISRAELHAND,N
34491,N_2,N5LOYALTY,N
34491,N_2,N6IDENTITYDENY,N
34491,N_2,N7COLLECTIVEGUILT,N
34491,N_2,N8VIOLENCE,N
34491,N_2,N9INCITEMENT,N
34491,N_2,N10SELFDETERMINATION,N
34491,N_2,N11JEWISHRIGHTSDEFINE,N
34491,N_2,N11SELFDETERMINATION,N
34491,N_2,N11JEWISHRIGHTS,N
34491,N_2,N12DOUBLESTANDARD,N
23387,N_2,N2CONSPIRACY,N
23387,N_2,N2CONTROLMEDIA,N
23387,N_2,N2CONTROLECONOMY,N
23387,N_2,N2CONTROLGOV,N
23387,N_2,N2CONTROLOTHER,N
23387,N_2,N3COLLECTIVEBLAME,N
23387,N_2,N4HIDDENCONSPIRACY,N
23387,N_2,N4ISRAELHAND,N
23387,N_2,N5LOYALTY,N
23387,N_2,N6IDENTITYDENY,N
23387,N_2,N7COLLECTIVEGUILT,N
23387,N_2,N8VIOLENCE,N
23387,N_2,N9INCITEMENT,N
23387,N_2,N10SELFDETERMINATION,N
23387,N_2,N11JEWISHRIGHTSDEFINE,N
23387,N_2,N11SELFDETERMINATION,N
23387,N_2,N11JEWISHRIGHTS,N
23387,N_2,N12DOUBLESTANDARD,N
3539,N_2,N2CONSPIRACY,N
3539,N_2,N2CONTROLMEDIA,N
3539,N_2,N2CONTROLECONOMY,N
3539,N_2,N2CONTROLGOV,N
3539,N_2,N2CONTROLOTHER,N
3539,N_2,N3COLLECTIVEBLAME,N
3539,N_2,N4HIDDENCONSPIRACY,N
3539,N_2,N4ISRAELHAND,N
3539,N_2,N5LOYALTY,N
3539,N_2,N6IDENTITYDENY,N
3539,N_2,N7COLLECTIVEGUILT,N
3539,N_2,N8VIOLENCE,N
3539,N_2,N9INCITEMENT,N
3539,N_2,N10SELFDETERMINATION,N
3539,N_2,N11JEWISHRIGHTSDEFINE,N
3539,N_2,N11SELFDETERMINATION,N
3539,N_2,N11JEWISHRIGHTS,N
3539,N_2,N12DOUBLESTANDARD,N
17104,N_2,N2CONSPIRACY,N
17104,N_2,N2CONTROLMEDIA,N
17104,N_2,N2CONTROLECONOMY,N
17104,N_2,N2CONTROLGOV,N
17104,N_2,N2CONTROLOTHER,N
17104,N_2,N3COLLECTIVEBLAME,N
17104,N_2,N4HIDDENCONSPIRACY,N
17104,N_2,N4ISRAELHAND,N
17104,N_2,N5LOYALTY,N
17104,N_2,N6IDENTITYDENY,N
17104,N_2,N7COLLECTIVEGUILT,N
17104,N_2,N8VIOLENCE,I
17104,N_2,N9INCITEMENT,I
17104,N_2,N10SELFDETERMINATION,N
17104,N_2,N11JEWISHRIGHTSDEFINE,N
17104,N_2,N11SELFDETERMINATION,N
17104,N_2,N11JEWISHRIGHTS,E
17104,N_2,N12DOUBLESTANDARD,N
23898,N_2,N2CONSPIRACY,I
23898,N_2,N2CONTROLMEDIA,N
23898,N_2,N2CONTROLECONOMY,N
23898,N_2,N2CONTROLGOV,N
23898,N_2,N2CONTROLOTHER,I
23898,N_2,N3COLLECTIVEBLAME,N
23898,N_2,N4HIDDENCONSPIRACY,I
23898,N_2,N4ISRAELHAND,N
23898,N_2,N5LOYALTY,N
23898,N_2,N6IDENTITYDENY,N
23898,N_2,N7COLLECTIVEGUILT,N
23898,N_2,N8VIOLENCE,N
23898,N_2,N9INCITEMENT,N
23898,N_2,N10SELFDETERMINATION,N
23898,N_2,N11JEWISHRIGHTSDEFINE,N
23898,N_2,N11SELFDETERMINATION,N
23898,N_2,N11JEWISHRIGHTS,N
23898,N_2,N12DOUBLESTANDARD,N
41878,N_2,N2CONSPIRACY,N
41878,N_2,N2CONTROLMEDIA,N
41878,N_2,N2CONTROLECONOMY,N
41878,N_2,N2CONTROLGOV,N
41878,N_2,N2CONTROLOTHER,N
41878,N_2,N3COLLECTIVEBLAME,N
41878,N_2,N4HIDDENCONSPIRACY,N
41878,N_2,N4ISRAELHAND,N
41878,N_2,N5LOYALTY,N
41878,N_2,N6IDENTITYDENY,N
41878,N_2,N7COLLECTIVEGUILT,N
41878,N_2,N8VIOLENCE,N
41878,N_2,N9INCITEMENT,N
41878,N_2,N10SELFDETERMINATION,N
41878,N_2,N11JEWISHRIGHTSDEFINE,N
41878,N_2,N11SELFDETERMINATION,N
41878,N_2,N11JEWISHRIGHTS,N
41878,N_2,N12DOUBLESTANDARD,N
603,N_2,N2CONSPIRACY,N
603,N_2,N2CONTROLMEDIA,N
603,N_2,N2CONTROLECONOMY,N
603,N_2,N2CONTROLGOV,N
603,N_2,N2CONTROLOTHER,N
603,N_2,N3COLLECTIVEBLAME,N
603,N_2,N4HIDDENCONSPIRACY,N
603,N_2,N4ISRAELHAND,N
603,N_2,N5LOYALTY,N
603,N_2,N6IDENTITYDENY,N
603,N_2,N7COLLECTIVEGUILT,N
603,N_2,N8VIOLENCE,N
603,N_2,N9INCITEMENT,N
603,N_2,N10SELFDETERMINATION,N
603,N_2,N11JEWISHRIGHTSDEFINE,N
603,N_2,N11SELFDETERMINATION,N
603,N_2,N11JEWISHRIGHTS,N
603,N_2,N12DOUBLESTANDARD,N
42911,N_2,N2CONSPIRACY,N
42911,N_2,N2CONTROLMEDIA,N
42911,N_2,N2CONTROLECONOMY,N
42911,N_2,N2CONTROLGOV,N
42911,N_2,N2CONTROLOTHER,N
42911,N_2,N3COLLECTIVEBLAME,N
42911,N_2,N4HIDDENCONSPIRACY,N
42911,N_2,N4ISRAELHAND,N
42911,N_2,N5LOYALTY,N
42911,N_2,N6IDENTITYDENY,N
42911,N_2,N7COLLECTIVEGUILT,N
42911,N_2,N8VIOLENCE,N
42911,N_2,N9INCITEMENT,N
42911,N_2,N10SELFDETERMINATION,N
42911,N_2,N11JEWISHRIGHTSDEFINE,N
42911,N_2,N11SELFDETERMINATION,N
42911,N_2,N11JEWISHRIGHTS,N
42911,N_2,N12DOUBLESTANDARD,N
34086,N_2,N2CONSPIRACY,N
34086,N_2,N2CONTROLMEDIA,N
34086,N_2,N2CONTROLECONOMY,N
34086,N_2,N2CONTROLGOV,N
34086,N_2,N2CONTROLOTHER,N
34086,N_2,N3COLLECTIVEBLAME,A
34086,N_2,N4HIDDENCONSPIRACY,N
34086,N_2,N4ISRAELHAND,N
34086,N_2,N5LOYALTY,N
34086,N_2,N6IDENTITYDENY,N
34086,N_2,N7COLLECTIVEGUILT,I
34086,N_2,N8VIOLENCE,N
34086,N_2,N9INCITEMENT,N
34086,N_2,N10SELFDETERMINATION,N
34086,N_2,N11JEWISHRIGHTSDEFINE,N
34086,N_2,N11SELFDETERMINATION,N
34086,N_2,N11JEWISHRIGHTS,N
34086,N_2,N12DOUBLESTANDARD,N
21496,N_2,N2CONSPIRACY,N
21496,N_2,N2CONTROLMEDIA,N
21496,N_2,N2CONTROLECONOMY,N
21496,N_2,N2CONTROLGOV,N
21496,N_2,N2CONTROLOTHER,N
21496,N_2,N3COLLECTIVEBLAME,N
21496,N_2,N4HIDDENCONSPIRACY,N
21496,N_2,N4ISRAELHAND,N
21496,N_2,N5LOYALTY,N
21496,N_2,N6IDENTITYDENY,N
21496,N_2,N7COLLECTIVEGUILT,N
21496,N_2,N8VIOLENCE,N
21496,N_2,N9INCITEMENT,N
21496,N_2,N10SELFDETERMINATION,N
21496,N_2,N11JEWISHRIGHTSDEFINE,N
21496,N_2,N11SELFDETERMINATION,N
21496,N_2,N11JEWISHRIGHTS,N
21496,N_2,N12DOUBLESTANDARD,N
40961,N_2,N2CONSPIRACY,N
40961,N_2,N2CONTROLMEDIA,N
40961,N_2,N2CONTROLECONOMY,N
40961,N_2,N2CONTROLGOV,N
40961,N_2,N2CONTROLOTHER,N
40961,N_2,N3COLLECTIVEBLAME,N
40961,N_2,N4HIDDENCONSPIRACY,N
40961,N_2,N4ISRAELHAND,N
40961,N_2,N5LOYALTY,N
40961,N_2,N6IDENTITYDENY,N
40961,N_2,N7COLLECTIVEGUILT,N
40961,N_2,N8VIOLENCE,N
40961,N_2,N9INCITEMENT,I
40961,N_2,N10SELFDETERMINATION,N
40961,N_2,N11JEWISHRIGHTSDEFINE,N
40961,N_2,N11SELFDETERMINATION,N
40961,N_2,N11JEWISHRIGHTS,N
40961,N_2,N12DOUBLESTANDARD,N
49662,N_2,N2CONSPIRACY,N
49662,N_2,N2CONTROLMEDIA,N
49662,N_2,N2CONTROLECONOMY,N
49662,N_2,N2CONTROLGOV,N
49662,N_2,N2CONTROLOTHER,N
49662,N_2,N3COLLECTIVEBLAME,N
49662,N_2,N4HIDDENCONSPIRACY,N
49662,N_2,N4ISRAELHAND,N
49662,N_2,N5LOYALTY,N
49662,N_2,N6IDENTITYDENY,N
49662,N_2,N7COLLECTIVEGUILT,N
49662,N_2,N8VIOLENCE,I
49662,N_2,N9INCITEMENT,I
49662,N_2,N10SELFDETERMINATION,N
49662,N_2,N11JEWISHRIGHTSDEFINE,N
49662,N_2,N11SELFDETERMINATION,N
49662,N_2,N11JEWISHRIGHTS,N
49662,N_2,N12DOUBLESTANDARD,N
29788,N_2,N2CONSPIRACY,N
29788,N_2,N2CONTROLMEDIA,N
29788,N_2,N2CONTROLECONOMY,N
29788,N_2,N2CONTROLGOV,N
29788,N_2,N2CONTROLOTHER,N
29788,N_2,N3COLLECTIVEBLAME,N
29788,N_2,N4HIDDENCONSPIRACY,N
29788,N_2,N4ISRAELHAND,N
29788,N_2,N5LOYALTY,N
29788,N_2,N6IDENTITYDENY,N
29788,N_2,N7COLLECTIVEGUILT,N
29788,N_2,N8VIOLENCE,N
29788,N_2,N9INCITEMENT,N
29788,N_2,N10SELFDETERMINATION,N
29788,N_2,N11JEWISHRIGHTSDEFINE,N
29788,N_2,N11SELFDETERMINATION,N
29788,N_2,N11JEWISHRIGHTS,N
29788,N_2,N12DOUBLESTANDARD,N
24489,N_2,N2CONSPIRACY,N
24489,N_2,N2CONTROLMEDIA,N
24489,N_2,N2CONTROLECONOMY,N
24489,N_2,N2CONTROLGOV,N
24489,N_2,N2CONTROLOTHER,N
24489,N_2,N3COLLECTIVEBLAME,N
24489,N_2,N4HIDDENCONSPIRACY,N
24489,N_2,N4ISRAELHAND,N
24489,N_2,N5LOYALTY,N
24489,N_2,N6IDENTITYDENY,N
24489,N_2,N7COLLECTIVEGUILT,N
24489,N_2,N8VIOLENCE,N
24489,N_2,N9INCITEMENT,N
24489,N_2,N10SELFDETERMINATION,N
24489,N_2,N11JEWISHRIGHTSDEFINE,N
24489,N_2,N11SELFDETERMINATION,N
24489,N_2,N11JEWISHRIGHTS,N
24489,N_2,N12DOUBLESTANDARD,N
46165,N_2,N2CONSPIRACY,A
46165,N_2,N2CONTROLMEDIA,N
46165,N_2,N2CONTROLECONOMY,N
46165,N_2,N2CONTROLGOV,N
46165,N_2,N2CONTROLOTHER,N
46165,N_2,N3COLLECTIVEBLAME,A
46165,N_2,N4HIDDENCONSPIRACY,A
46165,N_2,N4ISRAELHAND,N
46165,N_2,N5LOYALTY,N
46165,N_2,N6IDENTITYDENY,N
46165,N_2,N7COLLECTIVEGUILT,N
46165,N_2,N8VIOLENCE,N
46165,N_2,N9INCITEMENT,N
46165,N_2,N10SELFDETERMINATION,N
46165,N_2,N11JEWISHRIGHTSDEFINE,N
46165,N_2,N11SELFDETERMINATION,N
46165,N_2,N11JEWISHRIGHTS,N
46165,N_2,N12DOUBLESTANDARD,N
13708,N_2,N2CONSPIRACY,N
13708,N_2,N2CONTROLMEDIA,N
13708,N_2,N2CONTROLECONOMY,N
13708,N_2,N2CONTROLGOV,N
13708,N_2,N2CONTROLOTHER,N
13708,N_2,N3COLLECTIVEBLAME,N
13708,N_2,N4HIDDENCONSPIRACY,N
13708,N_2,N4ISRAELHAND,N
13708,N_2,N5LOYALTY,N
13708,N_2,N6IDENTITYDENY,N
13708,N_2,N7COLLECTIVEGUILT,N
13708,N_2,N8VIOLENCE,N
13708,N_2,N9INCITEMENT,N
13708,N_2,N10SELFDETERMINATION,N
13708,N_2,N11JEWISHRIGHTSDEFINE,N
13708,N_2,N11SELFDETERMINATION,N
13708,N_2,N11JEWISHRIGHTS,N
13708,N_2,N12DOUBLESTANDARD,N
20033,N_2,N2CONSPIRACY,N
20033,N_2,N2CONTROLMEDIA,N
20033,N_2,N2CONTROLECONOMY,N
20033,N_2,N2CONTROLGOV,N
20033,N_2,N2CONTROLOTHER,N
20033,N_2,N3COLLECTIVEBLAME,N
20033,N_2,N4HIDDENCONSPIRACY,N
20033,N_2,N4ISRAELHAND,N
20033,N_2,N5LOYALTY,N
20033,N_2,N6IDENTITYDENY,N
20033,N_2,N7COLLECTIVEGUILT,N
20033,N_2,N8VIOLENCE,N
20033,N_2,N9INCITEMENT,N
20033,N_2,N10SELFDETERMINATION,N
20033,N_2,N11JEWISHRIGHTSDEFINE,N
20033,N_2,N11SELFDETERMINATION,N
20033,N_2,N11JEWISHRIGHTS,N
20033,N_2,N12DOUBLESTANDARD,N
34099,N_2,N2CONSPIRACY,N
34099,N_2,N2CONTROLMEDIA,N
34099,N_2,N2CONTROLECONOMY,N
34099,N_2,N2CONTROLGOV,N
34099,N_2,N2CONTROLOTHER,N
34099,N_2,N3COLLECTIVEBLAME,N
34099,N_2,N4HIDDENCONSPIRACY,N
34099,N_2,N4ISRAELHAND,N
34099,N_2,N5LOYALTY,N
34099,N_2,N6IDENTITYDENY,N
34099,N_2,N7COLLECTIVEGUILT,N
34099,N_2,N8VIOLENCE,N
34099,N_2,N9INCITEMENT,N
34099,N_2,N10SELFDETERMINATION,N
34099,N_2,N11JEWISHRIGHTSDEFINE,N
34099,N_2,N11SELFDETERMINATION,N
34099,N_2,N11JEWISHRIGHTS,N
34099,N_2,N12DOUBLESTANDARD,N
34747,N_2,N2CONSPIRACY,N
34747,N_2,N2CONTROLMEDIA,N
34747,N_2,N2CONTROLECONOMY,N
34747,N_2,N2CONTROLGOV,N
34747,N_2,N2CONTROLOTHER,N
34747,N_2,N3COLLECTIVEBLAME,N
34747,N_2,N4HIDDENCONSPIRACY,N
34747,N_2,N4ISRAELHAND,N
34747,N_2,N5LOYALTY,N
34747,N_2,N6IDENTITYDENY,N
34747,N_2,N7COLLECTIVEGUILT,N
34747,N_2,N8VIOLENCE,N
34747,N_2,N9INCITEMENT,N
34747,N_2,N10SELFDETERMINATION,N
34747,N_2,N11JEWISHRIGHTSDEFINE,N
34747,N_2,N11SELFDETERMINATION,N
34747,N_2,N11JEWISHRIGHTS,N
34747,N_2,N12DOUBLESTANDARD,N
20061,N_2,N2CONSPIRACY,N
20061,N_2,N2CONTROLMEDIA,N
20061,N_2,N2CONTROLECONOMY,N
20061,N_2,N2CONTROLGOV,N
20061,N_2,N2CONTROLOTHER,N
20061,N_2,N3COLLECTIVEBLAME,N
20061,N_2,N4HIDDENCONSPIRACY,N
20061,N_2,N4ISRAELHAND,N
20061,N_2,N5LOYALTY,N
20061,N_2,N6IDENTITYDENY,N
20061,N_2,N7COLLECTIVEGUILT,N
20061,N_2,N8VIOLENCE,N
20061,N_2,N9INCITEMENT,N
20061,N_2,N10SELFDETERMINATION,N
20061,N_2,N11JEWISHRIGHTSDEFINE,N
20061,N_2,N11SELFDETERMINATION,N
20061,N_2,N11JEWISHRIGHTS,N
20061,N_2,N12DOUBLESTANDARD,N
4244,N_2,N2CONSPIRACY,N
4244,N_2,N2CONTROLMEDIA,N
4244,N_2,N2CONTROLECONOMY,N
4244,N_2,N2CONTROLGOV,N
4244,N_2,N2CONTROLOTHER,N
4244,N_2,N3COLLECTIVEBLAME,N
4244,N_2,N4HIDDENCONSPIRACY,N
4244,N_2,N4ISRAELHAND,N
4244,N_2,N5LOYALTY,N
4244,N_2,N6IDENTITYDENY,N
4244,N_2,N7COLLECTIVEGUILT,N
4244,N_2,N8VIOLENCE,N
4244,N_2,N9INCITEMENT,N
4244,N_2,N10SELFDETERMINATION,N
4244,N_2,N11JEWISHRIGHTSDEFINE,N
4244,N_2,N11SELFDETERMINATION,N
4244,N_2,N11JEWISHRIGHTS,N
4244,N_2,N12DOUBLESTANDARD,N
20682,N_2,N2CONSPIRACY,N
20682,N_2,N2CONTROLMEDIA,N
20682,N_2,N2CONTROLECONOMY,N
20682,N_2,N2CONTROLGOV,N
20682,N_2,N2CONTROLOTHER,N
20682,N_2,N3COLLECTIVEBLAME,N
20682,N_2,N4HIDDENCONSPIRACY,N
20682,N_2,N4ISRAELHAND,N
20682,N_2,N5LOYALTY,N
20682,N_2,N6IDENTITYDENY,N
20682,N_2,N7COLLECTIVEGUILT,N
20682,N_2,N8VIOLENCE,N
20682,N_2,N9INCITEMENT,N
20682,N_2,N10SELFDETERMINATION,N
20682,N_2,N11JEWISHRIGHTSDEFINE,N
20682,N_2,N11SELFDETERMINATION,N
20682,N_2,N11JEWISHRIGHTS,N
20682,N_2,N12DOUBLESTANDARD,N
29865,N_2,N2CONSPIRACY,N
29865,N_2,N2CONTROLMEDIA,N
29865,N_2,N2CONTROLECONOMY,N
29865,N_2,N2CONTROLGOV,N
29865,N_2,N2CONTROLOTHER,N
29865,N_2,N3COLLECTIVEBLAME,I
29865,N_2,N4HIDDENCONSPIRACY,N
29865,N_2,N4ISRAELHAND,N
29865,N_2,N5LOYALTY,N
29865,N_2,N6IDENTITYDENY,N
29865,N_2,N7COLLECTIVEGUILT,N
29865,N_2,N8VIOLENCE,N
29865,N_2,N9INCITEMENT,I
29865,N_2,N10SELFDETERMINATION,N
29865,N_2,N11JEWISHRIGHTSDEFINE,N
29865,N_2,N11SELFDETERMINATION,N
29865,N_2,N11JEWISHRIGHTS,N
29865,N_2,N12DOUBLESTANDARD,N
34095,N_2,N2CONSPIRACY,N
34095,N_2,N2CONTROLMEDIA,N
34095,N_2,N2CONTROLECONOMY,N
34095,N_2,N2CONTROLGOV,N
34095,N_2,N2CONTROLOTHER,N
34095,N_2,N3COLLECTIVEBLAME,N
34095,N_2,N4HIDDENCONSPIRACY,N
34095,N_2,N4ISRAELHAND,N
34095,N_2,N5LOYALTY,N
34095,N_2,N6IDENTITYDENY,N
34095,N_2,N7COLLECTIVEGUILT,N
34095,N_2,N8VIOLENCE,N
34095,N_2,N9INCITEMENT,N
34095,N_2,N10SELFDETERMINATION,N
34095,N_2,N11JEWISHRIGHTSDEFINE,N
34095,N_2,N11SELFDETERMINATION,N
34095,N_2,N11JEWISHRIGHTS,N
34095,N_2,N12DOUBLESTANDARD,N
9746,N_2,N2CONSPIRACY,N
9746,N_2,N2CONTROLMEDIA,N
9746,N_2,N2CONTROLECONOMY,N
9746,N_2,N2CONTROLGOV,N
9746,N_2,N2CONTROLOTHER,N
9746,N_2,N3COLLECTIVEBLAME,N
9746,N_2,N4HIDDENCONSPIRACY,N
9746,N_2,N4ISRAELHAND,N
9746,N_2,N5LOYALTY,N
9746,N_2,N6IDENTITYDENY,N
9746,N_2,N7COLLECTIVEGUILT,N
9746,N_2,N8VIOLENCE,N
9746,N_2,N9INCITEMENT,N
9746,N_2,N10SELFDETERMINATION,N
9746,N_2,N11JEWISHRIGHTSDEFINE,N
9746,N_2,N11SELFDETERMINATION,N
9746,N_2,N11JEWISHRIGHTS,N
9746,N_2,N12DOUBLESTANDARD,N
30770,N_2,N2CONSPIRACY,I
30770,N_2,N2CONTROLMEDIA,N
30770,N_2,N2CONTROLECONOMY,N
30770,N_2,N2CONTROLGOV,I
30770,N_2,N2CONTROLOTHER,I
30770,N_2,N3COLLECTIVEBLAME,N
30770,N_2,N4HIDDENCONSPIRACY,I
30770,N_2,N4ISRAELHAND,N
30770,N_2,N5LOYALTY,N
30770,N_2,N6IDENTITYDENY,N
30770,N_2,N7COLLECTIVEGUILT,N
30770,N_2,N8VIOLENCE,N
30770,N_2,N9INCITEMENT,N
30770,N_2,N10SELFDETERMINATION,N
30770,N_2,N11JEWISHRIGHTSDEFINE,N
30770,N_2,N11SELFDETERMINATION,N
30770,N_2,N11JEWISHRIGHTS,N
30770,N_2,N12DOUBLESTANDARD,N
49845,N_2,N2CONSPIRACY,N
49845,N_2,N2CONTROLMEDIA,N
49845,N_2,N2CONTROLECONOMY,N
49845,N_2,N2CONTROLGOV,N
49845,N_2,N2CONTROLOTHER,N
49845,N_2,N3COLLECTIVEBLAME,N
49845,N_2,N4HIDDENCONSPIRACY,N
49845,N_2,N4ISRAELHAND,N
49845,N_2,N5LOYALTY,N
49845,N_2,N6IDENTITYDENY,N
49845,N_2,N7COLLECTIVEGUILT,N
49845,N_2,N8VIOLENCE,N
49845,N_2,N9INCITEMENT,N
49845,N_2,N10SELFDETERMINATION,N
49845,N_2,N11JEWISHRIGHTSDEFINE,N
49845,N_2,N11SELFDETERMINATION,N
49845,N_2,N11JEWISHRIGHTS,N
49845,N_2,N12DOUBLESTANDARD,N
39272,N_2,N2CONSPIRACY,N
39272,N_2,N2CONTROLMEDIA,N
39272,N_2,N2CONTROLECONOMY,N
39272,N_2,N2CONTROLGOV,N
39272,N_2,N2CONTROLOTHER,N
39272,N_2,N3COLLECTIVEBLAME,N
39272,N_2,N4HIDDENCONSPIRACY,N
39272,N_2,N4ISRAELHAND,N
39272,N_2,N5LOYALTY,N
39272,N_2,N6IDENTITYDENY,N
39272,N_2,N7COLLECTIVEGUILT,N
39272,N_2,N8VIOLENCE,N
39272,N_2,N9INCITEMENT,N
39272,N_2,N10SELFDETERMINATION,N
39272,N_2,N11JEWISHRIGHTSDEFINE,N
39272,N_2,N11SELFDETERMINATION,N
39272,N_2,N11JEWISHRIGHTS,N
39272,N_2,N12DOUBLESTANDARD,N
36873,N_2,N2CONSPIRACY,N
36873,N_2,N2CONTROLMEDIA,N
36873,N_2,N2CONTROLECONOMY,N
36873,N_2,N2CONTROLGOV,N
36873,N_2,N2CONTROLOTHER,N
36873,N_2,N3COLLECTIVEBLAME,N
36873,N_2,N4HIDDENCONSPIRACY,N
36873,N_2,N4ISRAELHAND,N
36873,N_2,N5LOYALTY,N
36873,N_2,N6IDENTITYDENY,N
36873,N_2,N7COLLECTIVEGUILT,N
36873,N_2,N8VIOLENCE,N
36873,N_2,N9INCITEMENT,N
36873,N_2,N10SELFDETERMINATION,N
36873,N_2,N11JEWISHRIGHTSDEFINE,N
36873,N_2,N11SELFDETERMINATION,N
36873,N_2,N11JEWISHRIGHTS,N
36873,N_2,N12DOUBLESTANDARD,N
16274,N_2,N2CONSPIRACY,N
16274,N_2,N2CONTROLMEDIA,N
16274,N_2,N2CONTROLECONOMY,N
16274,N_2,N2CONTROLGOV,N
16274,N_2,N2CONTROLOTHER,N
16274,N_2,N3COLLECTIVEBLAME,N
16274,N_2,N4HIDDENCONSPIRACY,N
16274,N_2,N4ISRAELHAND,N
16274,N_2,N5LOYALTY,N
16274,N_2,N6IDENTITYDENY,N
16274,N_2,N7COLLECTIVEGUILT,N
16274,N_2,N8VIOLENCE,N
16274,N_2,N9INCITEMENT,N
16274,N_2,N10SELFDETERMINATION,N
16274,N_2,N11JEWISHRIGHTSDEFINE,N
16274,N_2,N11SELFDETERMINATION,N
16274,N_2,N11JEWISHRIGHTS,N
16274,N_2,N12DOUBLESTANDARD,N
24667,N_2,N2CONSPIRACY,N
24667,N_2,N2CONTROLMEDIA,N
24667,N_2,N2CONTROLECONOMY,N
24667,N_2,N2CONTROLGOV,N
24667,N_2,N2CONTROLOTHER,N
24667,N_2,N3COLLECTIVEBLAME,N
24667,N_2,N4HIDDENCONSPIRACY,N
24667,N_2,N4ISRAELHAND,N
24667,N_2,N5LOYALTY,N
24667,N_2,N6IDENTITYDENY,N
24667,N_2,N7COLLECTIVEGUILT,N
24667,N_2,N8VIOLENCE,N
24667,N_2,N9INCITEMENT,N
24667,N_2,N10SELFDETERMINATION,N
24667,N_2,N11JEWISHRIGHTSDEFINE,N
24667,N_2,N11SELFDETERMINATION,N
24667,N_2,N11JEWISHRIGHTS,N
24667,N_2,N12DOUBLESTANDARD,N
41888,N_2,N2CONSPIRACY,N
41888,N_2,N2CONTROLMEDIA,N
41888,N_2,N2CONTROLECONOMY,N
41888,N_2,N2CONTROLGOV,N
41888,N_2,N2CONTROLOTHER,N
41888,N_2,N3COLLECTIVEBLAME,N
41888,N_2,N4HIDDENCONSPIRACY,N
41888,N_2,N4ISRAELHAND,N
41888,N_2,N5LOYALTY,N
41888,N_2,N6IDENTITYDENY,N
41888,N_2,N7COLLECTIVEGUILT,N
41888,N_2,N8VIOLENCE,N
41888,N_2,N9INCITEMENT,N
41888,N_2,N10SELFDETERMINATION,N
41888,N_2,N11JEWISHRIGHTSDEFINE,N
41888,N_2,N11SELFDETERMINATION,N
41888,N_2,N11JEWISHRIGHTS,N
41888,N_2,N12DOUBLESTANDARD,N
24731,N_2,N2CONSPIRACY,N
24731,N_2,N2CONTROLMEDIA,N
24731,N_2,N2CONTROLECONOMY,N
24731,N_2,N2CONTROLGOV,N
24731,N_2,N2CONTROLOTHER,N
24731,N_2,N3COLLECTIVEBLAME,N
24731,N_2,N4HIDDENCONSPIRACY,N
24731,N_2,N4ISRAELHAND,N
24731,N_2,N5LOYALTY,N
24731,N_2,N6IDENTITYDENY,N
24731,N_2,N7COLLECTIVEGUILT,N
24731,N_2,N8VIOLENCE,N
24731,N_2,N9INCITEMENT,N
24731,N_2,N10SELFDETERMINATION,N
24731,N_2,N11JEWISHRIGHTSDEFINE,N
24731,N_2,N11SELFDETERMINATION,N
24731,N_2,N11JEWISHRIGHTS,N
24731,N_2,N12DOUBLESTANDARD,N
4294,N_2,N2CONSPIRACY,N
4294,N_2,N2CONTROLMEDIA,N
4294,N_2,N2CONTROLECONOMY,N
4294,N_2,N2CONTROLGOV,N
4294,N_2,N2CONTROLOTHER,N
4294,N_2,N3COLLECTIVEBLAME,N
4294,N_2,N4HIDDENCONSPIRACY,N
4294,N_2,N4ISRAELHAND,N
4294,N_2,N5LOYALTY,N
4294,N_2,N6IDENTITYDENY,N
4294,N_2,N7COLLECTIVEGUILT,N
4294,N_2,N8VIOLENCE,N
4294,N_2,N9INCITEMENT,N
4294,N_2,N10SELFDETERMINATION,N
4294,N_2,N11JEWISHRIGHTSDEFINE,N
4294,N_2,N11SELFDETERMINATION,N
4294,N_2,N11JEWISHRIGHTS,N
4294,N_2,N12DOUBLESTANDARD,N
11152,N_2,N2CONSPIRACY,N
11152,N_2,N2CONTROLMEDIA,N
11152,N_2,N2CONTROLECONOMY,N
11152,N_2,N2CONTROLGOV,N
11152,N_2,N2CONTROLOTHER,N
11152,N_2,N3COLLECTIVEBLAME,N
11152,N_2,N4HIDDENCONSPIRACY,N
11152,N_2,N4ISRAELHAND,N
11152,N_2,N5LOYALTY,N
11152,N_2,N6IDENTITYDENY,N
11152,N_2,N7COLLECTIVEGUILT,N
11152,N_2,N8VIOLENCE,N
11152,N_2,N9INCITEMENT,N
11152,N_2,N10SELFDETERMINATION,N
11152,N_2,N11JEWISHRIGHTSDEFINE,N
11152,N_2,N11SELFDETERMINATION,N
11152,N_2,N11JEWISHRIGHTS,N
11152,N_2,N12DOUBLESTANDARD,N
20004,N_2,N2CONSPIRACY,N
20004,N_2,N2CONTROLMEDIA,N
20004,N_2,N2CONTROLECONOMY,N
20004,N_2,N2CONTROLGOV,N
20004,N_2,N2CONTROLOTHER,N
20004,N_2,N3COLLECTIVEBLAME,N
20004,N_2,N4HIDDENCONSPIRACY,N
20004,N_2,N4ISRAELHAND,N
20004,N_2,N5LOYALTY,N
20004,N_2,N6IDENTITYDENY,N
20004,N_2,N7COLLECTIVEGUILT,N
20004,N_2,N8VIOLENCE,N
20004,N_2,N9INCITEMENT,N
20004,N_2,N10SELFDETERMINATION,N
20004,N_2,N11JEWISHRIGHTSDEFINE,N
20004,N_2,N11SELFDETERMINATION,N
20004,N_2,N11JEWISHRIGHTS,N
20004,N_2,N12DOUBLESTANDARD,N
48574,N_2,N2CONSPIRACY,N
48574,N_2,N2CONTROLMEDIA,N
48574,N_2,N2CONTROLECONOMY,N
48574,N_2,N2CONTROLGOV,N
48574,N_2,N2CONTROLOTHER,N
48574,N_2,N3COLLECTIVEBLAME,A
48574,N_2,N4HIDDENCONSPIRACY,N
48574,N_2,N4ISRAELHAND,N
48574,N_2,N5LOYALTY,N
48574,N_2,N6IDENTITYDENY,N
48574,N_2,N7COLLECTIVEGUILT,A
48574,N_2,N8VIOLENCE,N
48574,N_2,N9INCITEMENT,A
48574,N_2,N10SELFDETERMINATION,N
48574,N_2,N11JEWISHRIGHTSDEFINE,N
48574,N_2,N11SELFDETERMINATION,N
48574,N_2,N11JEWISHRIGHTS,N
48574,N_2,N12DOUBLESTANDARD,N
36276,N_2,N2CONSPIRACY,N
36276,N_2,N2CONTROLMEDIA,N
36276,N_2,N2CONTROLECONOMY,N
36276,N_2,N2CONTROLGOV,N
36276,N_2,N2CONTROLOTHER,N
36276,N_2,N3COLLECTIVEBLAME,N
36276,N_2,N4HIDDENCONSPIRACY,N
36276,N_2,N4ISRAELHAND,N
36276,N_2,N5LOYALTY,N
36276,N_2,N6IDENTITYDENY,N
36276,N_2,N7COLLECTIVEGUILT,N
36276,N_2,N8VIOLENCE,N
36276,N_2,N9INCITEMENT,N
36276,N_2,N10SELFDETERMINATION,N
36276,N_2,N11JEWISHRIGHTSDEFINE,N
36276,N_2,N11SELFDETERMINATION,N
36276,N_2,N11JEWISHRIGHTS,N
36276,N_2,N12DOUBLESTANDARD,N
41554,N_2,N2CONSPIRACY,N
41554,N_2,N2CONTROLMEDIA,N
41554,N_2,N2CONTROLECONOMY,N
41554,N_2,N2CONTROLGOV,N
41554,N_2,N2CONTROLOTHER,N
41554,N_2,N3COLLECTIVEBLAME,N
41554,N_2,N4HIDDENCONSPIRACY,N
41554,N_2,N4ISRAELHAND,N
41554,N_2,N5LOYALTY,N
41554,N_2,N6IDENTITYDENY,N
41554,N_2,N7COLLECTIVEGUILT,N
41554,N_2,N8VIOLENCE,N
41554,N_2,N9INCITEMENT,N
41554,N_2,N10SELFDETERMINATION,N
41554,N_2,N11JEWISHRIGHTSDEFINE,N
41554,N_2,N11SELFDETERMINATION,N
41554,N_2,N11JEWISHRIGHTS,N
41554,N_2,N12DOUBLESTANDARD,N
49519,N_2,N2CONSPIRACY,A
49519,N_2,N2CONTROLMEDIA,N
49519,N_2,N2CONTROLECONOMY,N
49519,N_2,N2CONTROLGOV,I
49519,N_2,N2CONTROLOTHER,I
49519,N_2,N3COLLECTIVEBLAME,N
49519,N_2,N4HIDDENCONSPIRACY,N
49519,N_2,N4ISRAELHAND,N
49519,N_2,N5LOYALTY,N
49519,N_2,N6IDENTITYDENY,N
49519,N_2,N7COLLECTIVEGUILT,N
49519,N_2,N8VIOLENCE,N
49519,N_2,N9INCITEMENT,N
49519,N_2,N10SELFDETERMINATION,N
49519,N_2,N11JEWISHRIGHTSDEFINE,N
49519,N_2,N11SELFDETERMINATION,N
49519,N_2,N11JEWISHRIGHTS,N
49519,N_2,N12DOUBLESTANDARD,N
36452,N_2,N2CONSPIRACY,N
36452,N_2,N2CONTROLMEDIA,N
36452,N_2,N2CONTROLECONOMY,N
36452,N_2,N2CONTROLGOV,N
36452,N_2,N2CONTROLOTHER,N
36452,N_2,N3COLLECTIVEBLAME,N
36452,N_2,N4HIDDENCONSPIRACY,N
36452,N_2,N4ISRAELHAND,N
36452,N_2,N5LOYALTY,N
36452,N_2,N6IDENTITYDENY,N
36452,N_2,N7COLLECTIVEGUILT,N
36452,N_2,N8VIOLENCE,N
36452,N_2,N9INCITEMENT,N
36452,N_2,N10SELFDETERMINATION,N
36452,N_2,N11JEWISHRIGHTSDEFINE,N
36452,N_2,N11SELFDETERMINATION,N
36452,N_2,N11JEWISHRIGHTS,N
36452,N_2,N12DOUBLESTANDARD,N
18045,N_2,N2CONSPIRACY,N
18045,N_2,N2CONTROLMEDIA,N
18045,N_2,N2CONTROLECONOMY,N
18045,N_2,N2CONTROLGOV,N
18045,N_2,N2CONTROLOTHER,N
18045,N_2,N3COLLECTIVEBLAME,N
18045,N_2,N4HIDDENCONSPIRACY,N
18045,N_2,N4ISRAELHAND,N
18045,N_2,N5LOYALTY,N
18045,N_2,N6IDENTITYDENY,N
18045,N_2,N7COLLECTIVEGUILT,N
18045,N_2,N8VIOLENCE,N
18045,N_2,N9INCITEMENT,N
18045,N_2,N10SELFDETERMINATION,N
18045,N_2,N11JEWISHRIGHTSDEFINE,N
18045,N_2,N11SELFDETERMINATION,N
18045,N_2,N11JEWISHRIGHTS,N
18045,N_2,N12DOUBLESTANDARD,N
22343,N_2,N2CONSPIRACY,N
22343,N_2,N2CONTROLMEDIA,N
22343,N_2,N2CONTROLECONOMY,N
22343,N_2,N2CONTROLGOV,N
22343,N_2,N2CONTROLOTHER,N
22343,N_2,N3COLLECTIVEBLAME,N
22343,N_2,N4HIDDENCONSPIRACY,N
22343,N_2,N4ISRAELHAND,N
22343,N_2,N5LOYALTY,N
22343,N_2,N6IDENTITYDENY,N
22343,N_2,N7COLLECTIVEGUILT,N
22343,N_2,N8VIOLENCE,N
22343,N_2,N9INCITEMENT,N
22343,N_2,N10SELFDETERMINATION,N
22343,N_2,N11JEWISHRIGHTSDEFINE,N
22343,N_2,N11SELFDETERMINATION,N
22343,N_2,N11JEWISHRIGHTS,N
22343,N_2,N12DOUBLESTANDARD,N
